<?xml version="1.0" encoding="utf-8"?>
<annotation>
	<source>
		<filename>10052.tif</filename>
		<origin>GF2/GF3</origin>
	</source>
	<research>
		<version>1.0</version>
		<provider>FAIR1M</provider>
		<author>Cyber</author>
		<pluginname>FAIR1M</pluginname>
		<pluginclass>object detection</pluginclass>
		<time>2021-07-21</time>
	</research>
	<size>
		<width>1000</width>
		<height>1000</height>
		<depth>3</depth>
	</size>
	<objects>
		<object>
			<coordinate>pixel</coordinate>
			<type>rectangle</type>
			<description>None</description>
			<possibleresult>
				<name>Small Car</name>
			</possibleresult>
			<points>
				<point>204.000000,26.000000</point>
				<point>197.000000,27.000000</point>
				<point>196.000000,11.000000</point>
				<point>203.000000,10.000000</point>
				<point>204.000000,26.000000</point>
			</points>
		</object>
		<object>
			<coordinate>pixel</coordinate>
			<type>rectangle</type>
			<description>None</description>
			<possibleresult>
				<name>Small Car</name>
			</possibleresult>
			<points>
				<point>238.000000,34.000000</point>
				<point>231.000000,34.000000</point>
				<point>229.000000,15.000000</point>
				<point>237.000000,14.000000</point>
				<point>238.000000,34.000000</point>
			</points>
		</object>
		<object>
			<coordinate>pixel</coordinate>
			<type>rectangle</type>
			<description>None</description>
			<possibleresult>
				<name>Van</name>
			</possibleresult>
			<points>
				<point>203.000000,44.000000</point>
				<point>194.000000,43.000000</point>
				<point>195.000000,27.000000</point>
				<point>203.000000,27.000000</point>
				<point>203.000000,44.000000</point>
			</points>
		</object>
		<object>
			<coordinate>pixel</coordinate>
			<type>rectangle</type>
			<description>None</description>
			<possibleresult>
				<name>Small Car</name>
			</possibleresult>
			<points>
				<point>239.000000,51.000000</point>
				<point>231.000000,51.000000</point>
				<point>230.000000,39.000000</point>
				<point>238.000000,39.000000</point>
				<point>239.000000,51.000000</point>
			</points>
		</object>
		<object>
			<coordinate>pixel</coordinate>
			<type>rectangle</type>
			<description>None</description>
			<possibleresult>
				<name>Small Car</name>
			</possibleresult>
			<points>
				<point>202.000000,60.000000</point>
				<point>194.000000,60.000000</point>
				<point>194.000000,44.000000</point>
				<point>202.000000,44.000000</point>
				<point>202.000000,60.000000</point>
			</points>
		</object>
		<object>
			<coordinate>pixel</coordinate>
			<type>rectangle</type>
			<description>None</description>
			<possibleresult>
				<name>Van</name>
			</possibleresult>
			<points>
				<point>238.000000,73.000000</point>
				<point>230.000000,73.000000</point>
				<point>230.000000,55.000000</point>
				<point>238.000000,55.000000</point>
				<point>238.000000,73.000000</point>
			</points>
		</object>
		<object>
			<coordinate>pixel</coordinate>
			<type>rectangle</type>
			<description>None</description>
			<possibleresult>
				<name>Small Car</name>
			</possibleresult>
			<points>
				<point>201.000000,80.000000</point>
				<point>192.000000,80.000000</point>
				<point>192.000000,62.000000</point>
				<point>201.000000,62.000000</point>
				<point>201.000000,80.000000</point>
			</points>
		</object>
		<object>
			<coordinate>pixel</coordinate>
			<type>rectangle</type>
			<description>None</description>
			<possibleresult>
				<name>Van</name>
			</possibleresult>
			<points>
				<point>199.000000,107.000000</point>
				<point>198.000000,121.000000</point>
				<point>191.000000,121.000000</point>
				<point>192.000000,106.000000</point>
				<point>199.000000,107.000000</point>
			</points>
		</object>
		<object>
			<coordinate>pixel</coordinate>
			<type>rectangle</type>
			<description>None</description>
			<possibleresult>
				<name>Small Car</name>
			</possibleresult>
			<points>
				<point>201.000000,87.000000</point>
				<point>200.000000,105.000000</point>
				<point>191.000000,105.000000</point>
				<point>192.000000,87.000000</point>
				<point>201.000000,87.000000</point>
			</points>
		</object>
		<object>
			<coordinate>pixel</coordinate>
			<type>rectangle</type>
			<description>None</description>
			<possibleresult>
				<name>Small Car</name>
			</possibleresult>
			<points>
				<point>238.000000,94.000000</point>
				<point>229.000000,94.000000</point>
				<point>229.000000,76.000000</point>
				<point>238.000000,76.000000</point>
				<point>238.000000,94.000000</point>
			</points>
		</object>
		<object>
			<coordinate>pixel</coordinate>
			<type>rectangle</type>
			<description>None</description>
			<possibleresult>
				<name>Small Car</name>
			</possibleresult>
			<points>
				<point>237.000000,113.000000</point>
				<point>228.000000,113.000000</point>
				<point>228.000000,97.000000</point>
				<point>237.000000,97.000000</point>
				<point>237.000000,113.000000</point>
			</points>
		</object>
		<object>
			<coordinate>pixel</coordinate>
			<type>rectangle</type>
			<description>None</description>
			<possibleresult>
				<name>Small Car</name>
			</possibleresult>
			<points>
				<point>237.000000,113.000000</point>
				<point>236.000000,131.000000</point>
				<point>228.000000,131.000000</point>
				<point>228.000000,113.000000</point>
				<point>237.000000,113.000000</point>
			</points>
		</object>
		<object>
			<coordinate>pixel</coordinate>
			<type>rectangle</type>
			<description>None</description>
			<possibleresult>
				<name>Intersection</name>
			</possibleresult>
			<points>
				<point>239.000000,197.000000</point>
				<point>189.000000,198.000000</point>
				<point>188.000000,150.000000</point>
				<point>238.000000,148.000000</point>
				<point>239.000000,197.000000</point>
			</points>
		</object>
		<object>
			<coordinate>pixel</coordinate>
			<type>rectangle</type>
			<description>None</description>
			<possibleresult>
				<name>Van</name>
			</possibleresult>
			<points>
				<point>220.000000,198.000000</point>
				<point>198.000000,199.000000</point>
				<point>198.000000,190.000000</point>
				<point>220.000000,190.000000</point>
				<point>220.000000,198.000000</point>
			</points>
		</object>
		<object>
			<coordinate>pixel</coordinate>
			<type>rectangle</type>
			<description>None</description>
			<possibleresult>
				<name>Van</name>
			</possibleresult>
			<points>
				<point>385.000000,151.000000</point>
				<point>364.000000,152.000000</point>
				<point>364.000000,144.000000</point>
				<point>384.000000,143.000000</point>
				<point>385.000000,151.000000</point>
			</points>
		</object>
		<object>
			<coordinate>pixel</coordinate>
			<type>rectangle</type>
			<description>None</description>
			<possibleresult>
				<name>Dump Truck</name>
			</possibleresult>
			<points>
				<point>340.000000,152.000000</point>
				<point>312.000000,153.000000</point>
				<point>312.000000,143.000000</point>
				<point>340.000000,142.000000</point>
				<point>340.000000,152.000000</point>
			</points>
		</object>
		<object>
			<coordinate>pixel</coordinate>
			<type>rectangle</type>
			<description>None</description>
			<possibleresult>
				<name>Van</name>
			</possibleresult>
			<points>
				<point>310.000000,152.000000</point>
				<point>289.000000,153.000000</point>
				<point>288.000000,145.000000</point>
				<point>309.000000,144.000000</point>
				<point>310.000000,152.000000</point>
			</points>
		</object>
		<object>
			<coordinate>pixel</coordinate>
			<type>rectangle</type>
			<description>None</description>
			<possibleresult>
				<name>Van</name>
			</possibleresult>
			<points>
				<point>285.000000,154.000000</point>
				<point>261.000000,154.000000</point>
				<point>261.000000,145.000000</point>
				<point>284.000000,145.000000</point>
				<point>285.000000,154.000000</point>
			</points>
		</object>
		<object>
			<coordinate>pixel</coordinate>
			<type>rectangle</type>
			<description>None</description>
			<possibleresult>
				<name>Van</name>
			</possibleresult>
			<points>
				<point>282.000000,170.000000</point>
				<point>260.000000,170.000000</point>
				<point>260.000000,161.000000</point>
				<point>282.000000,161.000000</point>
				<point>282.000000,170.000000</point>
			</points>
		</object>
		<object>
			<coordinate>pixel</coordinate>
			<type>rectangle</type>
			<description>None</description>
			<possibleresult>
				<name>Small Car</name>
			</possibleresult>
			<points>
				<point>342.000000,261.000000</point>
				<point>320.000000,262.000000</point>
				<point>320.000000,254.000000</point>
				<point>341.000000,252.000000</point>
				<point>342.000000,261.000000</point>
			</points>
		</object>
		<object>
			<coordinate>pixel</coordinate>
			<type>rectangle</type>
			<description>None</description>
			<possibleresult>
				<name>Van</name>
			</possibleresult>
			<points>
				<point>368.000000,260.000000</point>
				<point>346.000000,261.000000</point>
				<point>345.000000,252.000000</point>
				<point>368.000000,251.000000</point>
				<point>368.000000,260.000000</point>
			</points>
		</object>
		<object>
			<coordinate>pixel</coordinate>
			<type>rectangle</type>
			<description>None</description>
			<possibleresult>
				<name>Dump Truck</name>
			</possibleresult>
			<points>
				<point>423.000000,196.000000</point>
				<point>404.000000,196.000000</point>
				<point>404.000000,186.000000</point>
				<point>423.000000,186.000000</point>
				<point>423.000000,196.000000</point>
			</points>
		</object>
		<object>
			<coordinate>pixel</coordinate>
			<type>rectangle</type>
			<description>None</description>
			<possibleresult>
				<name>Small Car</name>
			</possibleresult>
			<points>
				<point>557.000000,18.000000</point>
				<point>548.000000,19.000000</point>
				<point>547.000000,5.000000</point>
				<point>556.000000,5.000000</point>
				<point>557.000000,18.000000</point>
			</points>
		</object>
		<object>
			<coordinate>pixel</coordinate>
			<type>rectangle</type>
			<description>None</description>
			<possibleresult>
				<name>Van</name>
			</possibleresult>
			<points>
				<point>614.000000,47.000000</point>
				<point>613.000000,64.000000</point>
				<point>604.000000,64.000000</point>
				<point>605.000000,46.000000</point>
				<point>614.000000,47.000000</point>
			</points>
		</object>
		<object>
			<coordinate>pixel</coordinate>
			<type>rectangle</type>
			<description>None</description>
			<possibleresult>
				<name>Van</name>
			</possibleresult>
			<points>
				<point>613.000000,82.000000</point>
				<point>604.000000,82.000000</point>
				<point>604.000000,66.000000</point>
				<point>613.000000,66.000000</point>
				<point>613.000000,82.000000</point>
			</points>
		</object>
		<object>
			<coordinate>pixel</coordinate>
			<type>rectangle</type>
			<description>None</description>
			<possibleresult>
				<name>Small Car</name>
			</possibleresult>
			<points>
				<point>612.000000,123.000000</point>
				<point>603.000000,123.000000</point>
				<point>603.000000,106.000000</point>
				<point>612.000000,106.000000</point>
				<point>612.000000,123.000000</point>
			</points>
		</object>
		<object>
			<coordinate>pixel</coordinate>
			<type>rectangle</type>
			<description>None</description>
			<possibleresult>
				<name>Small Car</name>
			</possibleresult>
			<points>
				<point>619.000000,192.000000</point>
				<point>604.000000,192.000000</point>
				<point>604.000000,183.000000</point>
				<point>619.000000,183.000000</point>
				<point>619.000000,192.000000</point>
			</points>
		</object>
		<object>
			<coordinate>pixel</coordinate>
			<type>rectangle</type>
			<description>None</description>
			<possibleresult>
				<name>Small Car</name>
			</possibleresult>
			<points>
				<point>643.000000,192.000000</point>
				<point>620.000000,192.000000</point>
				<point>620.000000,185.000000</point>
				<point>642.000000,185.000000</point>
				<point>643.000000,192.000000</point>
			</points>
		</object>
		<object>
			<coordinate>pixel</coordinate>
			<type>rectangle</type>
			<description>None</description>
			<possibleresult>
				<name>Small Car</name>
			</possibleresult>
			<points>
				<point>666.000000,191.000000</point>
				<point>645.000000,192.000000</point>
				<point>645.000000,184.000000</point>
				<point>666.000000,183.000000</point>
				<point>666.000000,191.000000</point>
			</points>
		</object>
		<object>
			<coordinate>pixel</coordinate>
			<type>rectangle</type>
			<description>None</description>
			<possibleresult>
				<name>Small Car</name>
			</possibleresult>
			<points>
				<point>656.000000,147.000000</point>
				<point>633.000000,148.000000</point>
				<point>633.000000,140.000000</point>
				<point>655.000000,140.000000</point>
				<point>656.000000,147.000000</point>
			</points>
		</object>
		<object>
			<coordinate>pixel</coordinate>
			<type>rectangle</type>
			<description>None</description>
			<possibleresult>
				<name>Van</name>
			</possibleresult>
			<points>
				<point>692.000000,147.000000</point>
				<point>669.000000,147.000000</point>
				<point>669.000000,139.000000</point>
				<point>692.000000,139.000000</point>
				<point>692.000000,147.000000</point>
			</points>
		</object>
		<object>
			<coordinate>pixel</coordinate>
			<type>rectangle</type>
			<description>None</description>
			<possibleresult>
				<name>Van</name>
			</possibleresult>
			<points>
				<point>680.000000,182.000000</point>
				<point>679.000000,191.000000</point>
				<point>671.000000,191.000000</point>
				<point>671.000000,182.000000</point>
				<point>680.000000,182.000000</point>
			</points>
		</object>
		<object>
			<coordinate>pixel</coordinate>
			<type>rectangle</type>
			<description>None</description>
			<possibleresult>
				<name>Van</name>
			</possibleresult>
			<points>
				<point>753.000000,182.000000</point>
				<point>752.000000,189.000000</point>
				<point>726.000000,188.000000</point>
				<point>727.000000,182.000000</point>
				<point>753.000000,182.000000</point>
			</points>
		</object>
		<object>
			<coordinate>pixel</coordinate>
			<type>rectangle</type>
			<description>None</description>
			<possibleresult>
				<name>Small Car</name>
			</possibleresult>
			<points>
				<point>782.000000,191.000000</point>
				<point>763.000000,190.000000</point>
				<point>763.000000,181.000000</point>
				<point>782.000000,182.000000</point>
				<point>782.000000,191.000000</point>
			</points>
		</object>
		<object>
			<coordinate>pixel</coordinate>
			<type>rectangle</type>
			<description>None</description>
			<possibleresult>
				<name>Small Car</name>
			</possibleresult>
			<points>
				<point>807.000000,191.000000</point>
				<point>785.000000,190.000000</point>
				<point>786.000000,181.000000</point>
				<point>807.000000,182.000000</point>
				<point>807.000000,191.000000</point>
			</points>
		</object>
		<object>
			<coordinate>pixel</coordinate>
			<type>rectangle</type>
			<description>None</description>
			<possibleresult>
				<name>Van</name>
			</possibleresult>
			<points>
				<point>841.000000,189.000000</point>
				<point>822.000000,189.000000</point>
				<point>822.000000,181.000000</point>
				<point>841.000000,181.000000</point>
				<point>841.000000,189.000000</point>
			</points>
		</object>
		<object>
			<coordinate>pixel</coordinate>
			<type>rectangle</type>
			<description>None</description>
			<possibleresult>
				<name>Small Car</name>
			</possibleresult>
			<points>
				<point>859.000000,188.000000</point>
				<point>847.000000,188.000000</point>
				<point>847.000000,181.000000</point>
				<point>858.000000,180.000000</point>
				<point>859.000000,188.000000</point>
			</points>
		</object>
		<object>
			<coordinate>pixel</coordinate>
			<type>rectangle</type>
			<description>None</description>
			<possibleresult>
				<name>Small Car</name>
			</possibleresult>
			<points>
				<point>914.000000,188.000000</point>
				<point>901.000000,188.000000</point>
				<point>901.000000,180.000000</point>
				<point>914.000000,180.000000</point>
				<point>914.000000,188.000000</point>
			</points>
		</object>
		<object>
			<coordinate>pixel</coordinate>
			<type>rectangle</type>
			<description>None</description>
			<possibleresult>
				<name>Small Car</name>
			</possibleresult>
			<points>
				<point>935.000000,188.000000</point>
				<point>916.000000,188.000000</point>
				<point>916.000000,180.000000</point>
				<point>935.000000,180.000000</point>
				<point>935.000000,188.000000</point>
			</points>
		</object>
		<object>
			<coordinate>pixel</coordinate>
			<type>rectangle</type>
			<description>None</description>
			<possibleresult>
				<name>Van</name>
			</possibleresult>
			<points>
				<point>782.000000,146.000000</point>
				<point>758.000000,146.000000</point>
				<point>758.000000,138.000000</point>
				<point>782.000000,138.000000</point>
				<point>782.000000,146.000000</point>
			</points>
		</object>
		<object>
			<coordinate>pixel</coordinate>
			<type>rectangle</type>
			<description>None</description>
			<possibleresult>
				<name>Small Car</name>
			</possibleresult>
			<points>
				<point>837.000000,146.000000</point>
				<point>814.000000,146.000000</point>
				<point>814.000000,137.000000</point>
				<point>837.000000,137.000000</point>
				<point>837.000000,146.000000</point>
			</points>
		</object>
		<object>
			<coordinate>pixel</coordinate>
			<type>rectangle</type>
			<description>None</description>
			<possibleresult>
				<name>Small Car</name>
			</possibleresult>
			<points>
				<point>864.000000,145.000000</point>
				<point>841.000000,145.000000</point>
				<point>841.000000,137.000000</point>
				<point>864.000000,137.000000</point>
				<point>864.000000,145.000000</point>
			</points>
		</object>
		<object>
			<coordinate>pixel</coordinate>
			<type>rectangle</type>
			<description>None</description>
			<possibleresult>
				<name>Small Car</name>
			</possibleresult>
			<points>
				<point>895.000000,146.000000</point>
				<point>874.000000,145.000000</point>
				<point>874.000000,138.000000</point>
				<point>895.000000,138.000000</point>
				<point>895.000000,146.000000</point>
			</points>
		</object>
		<object>
			<coordinate>pixel</coordinate>
			<type>rectangle</type>
			<description>None</description>
			<possibleresult>
				<name>Van</name>
			</possibleresult>
			<points>
				<point>924.000000,144.000000</point>
				<point>904.000000,144.000000</point>
				<point>904.000000,137.000000</point>
				<point>924.000000,137.000000</point>
				<point>924.000000,144.000000</point>
			</points>
		</object>
		<object>
			<coordinate>pixel</coordinate>
			<type>rectangle</type>
			<description>None</description>
			<possibleresult>
				<name>Van</name>
			</possibleresult>
			<points>
				<point>952.000000,145.000000</point>
				<point>927.000000,145.000000</point>
				<point>927.000000,136.000000</point>
				<point>952.000000,136.000000</point>
				<point>952.000000,145.000000</point>
			</points>
		</object>
		<object>
			<coordinate>pixel</coordinate>
			<type>rectangle</type>
			<description>None</description>
			<possibleresult>
				<name>Van</name>
			</possibleresult>
			<points>
				<point>983.000000,146.000000</point>
				<point>959.000000,147.000000</point>
				<point>959.000000,138.000000</point>
				<point>983.000000,137.000000</point>
				<point>983.000000,146.000000</point>
			</points>
		</object>
		<object>
			<coordinate>pixel</coordinate>
			<type>rectangle</type>
			<description>None</description>
			<possibleresult>
				<name>Van</name>
			</possibleresult>
			<points>
				<point>643.000000,244.000000</point>
				<point>635.000000,244.000000</point>
				<point>635.000000,227.000000</point>
				<point>643.000000,227.000000</point>
				<point>643.000000,244.000000</point>
			</points>
		</object>
		<object>
			<coordinate>pixel</coordinate>
			<type>rectangle</type>
			<description>None</description>
			<possibleresult>
				<name>Van</name>
			</possibleresult>
			<points>
				<point>531.000000,261.000000</point>
				<point>506.000000,261.000000</point>
				<point>506.000000,251.000000</point>
				<point>531.000000,251.000000</point>
				<point>531.000000,261.000000</point>
			</points>
		</object>
		<object>
			<coordinate>pixel</coordinate>
			<type>rectangle</type>
			<description>None</description>
			<possibleresult>
				<name>Cargo Truck</name>
			</possibleresult>
			<points>
				<point>557.000000,275.000000</point>
				<point>545.000000,277.000000</point>
				<point>540.000000,247.000000</point>
				<point>551.000000,245.000000</point>
				<point>557.000000,275.000000</point>
			</points>
		</object>
		<object>
			<coordinate>pixel</coordinate>
			<type>rectangle</type>
			<description>None</description>
			<possibleresult>
				<name>Dump Truck</name>
			</possibleresult>
			<points>
				<point>586.000000,252.000000</point>
				<point>575.000000,252.000000</point>
				<point>573.000000,231.000000</point>
				<point>584.000000,230.000000</point>
				<point>586.000000,252.000000</point>
			</points>
		</object>
		<object>
			<coordinate>pixel</coordinate>
			<type>rectangle</type>
			<description>None</description>
			<possibleresult>
				<name>Small Car</name>
			</possibleresult>
			<points>
				<point>585.000000,269.000000</point>
				<point>575.000000,269.000000</point>
				<point>575.000000,253.000000</point>
				<point>584.000000,252.000000</point>
				<point>585.000000,269.000000</point>
			</points>
		</object>
		<object>
			<coordinate>pixel</coordinate>
			<type>rectangle</type>
			<description>None</description>
			<possibleresult>
				<name>Small Car</name>
			</possibleresult>
			<points>
				<point>587.000000,291.000000</point>
				<point>578.000000,291.000000</point>
				<point>577.000000,273.000000</point>
				<point>587.000000,273.000000</point>
				<point>587.000000,291.000000</point>
			</points>
		</object>
		<object>
			<coordinate>pixel</coordinate>
			<type>rectangle</type>
			<description>None</description>
			<possibleresult>
				<name>Cargo Truck</name>
			</possibleresult>
			<points>
				<point>31.000000,780.000000</point>
				<point>9.000000,781.000000</point>
				<point>8.000000,772.000000</point>
				<point>30.000000,771.000000</point>
				<point>31.000000,780.000000</point>
			</points>
		</object>
		<object>
			<coordinate>pixel</coordinate>
			<type>rectangle</type>
			<description>None</description>
			<possibleresult>
				<name>Cargo Truck</name>
			</possibleresult>
			<points>
				<point>55.000000,783.000000</point>
				<point>29.000000,784.000000</point>
				<point>29.000000,773.000000</point>
				<point>55.000000,772.000000</point>
				<point>55.000000,783.000000</point>
			</points>
		</object>
		<object>
			<coordinate>pixel</coordinate>
			<type>rectangle</type>
			<description>None</description>
			<possibleresult>
				<name>Van</name>
			</possibleresult>
			<points>
				<point>89.000000,806.000000</point>
				<point>69.000000,807.000000</point>
				<point>68.000000,799.000000</point>
				<point>89.000000,798.000000</point>
				<point>89.000000,806.000000</point>
			</points>
		</object>
		<object>
			<coordinate>pixel</coordinate>
			<type>rectangle</type>
			<description>None</description>
			<possibleresult>
				<name>Van</name>
			</possibleresult>
			<points>
				<point>258.000000,801.000000</point>
				<point>237.000000,800.000000</point>
				<point>237.000000,793.000000</point>
				<point>258.000000,793.000000</point>
				<point>258.000000,801.000000</point>
			</points>
		</object>
		<object>
			<coordinate>pixel</coordinate>
			<type>rectangle</type>
			<description>None</description>
			<possibleresult>
				<name>Van</name>
			</possibleresult>
			<points>
				<point>284.000000,801.000000</point>
				<point>264.000000,801.000000</point>
				<point>264.000000,793.000000</point>
				<point>284.000000,793.000000</point>
				<point>284.000000,801.000000</point>
			</points>
		</object>
		<object>
			<coordinate>pixel</coordinate>
			<type>rectangle</type>
			<description>None</description>
			<possibleresult>
				<name>Small Car</name>
			</possibleresult>
			<points>
				<point>493.000000,794.000000</point>
				<point>471.000000,795.000000</point>
				<point>471.000000,788.000000</point>
				<point>493.000000,787.000000</point>
				<point>493.000000,794.000000</point>
			</points>
		</object>
		<object>
			<coordinate>pixel</coordinate>
			<type>rectangle</type>
			<description>None</description>
			<possibleresult>
				<name>Van</name>
			</possibleresult>
			<points>
				<point>522.000000,794.000000</point>
				<point>499.000000,794.000000</point>
				<point>499.000000,787.000000</point>
				<point>522.000000,786.000000</point>
				<point>522.000000,794.000000</point>
			</points>
		</object>
		<object>
			<coordinate>pixel</coordinate>
			<type>rectangle</type>
			<description>None</description>
			<possibleresult>
				<name>Small Car</name>
			</possibleresult>
			<points>
				<point>559.000000,769.000000</point>
				<point>540.000000,769.000000</point>
				<point>540.000000,761.000000</point>
				<point>559.000000,761.000000</point>
				<point>559.000000,769.000000</point>
			</points>
		</object>
		<object>
			<coordinate>pixel</coordinate>
			<type>rectangle</type>
			<description>None</description>
			<possibleresult>
				<name>Van</name>
			</possibleresult>
			<points>
				<point>611.000000,768.000000</point>
				<point>588.000000,769.000000</point>
				<point>587.000000,761.000000</point>
				<point>611.000000,760.000000</point>
				<point>611.000000,768.000000</point>
			</points>
		</object>
		<object>
			<coordinate>pixel</coordinate>
			<type>rectangle</type>
			<description>None</description>
			<possibleresult>
				<name>Van</name>
			</possibleresult>
			<points>
				<point>891.000000,983.000000</point>
				<point>869.000000,984.000000</point>
				<point>869.000000,976.000000</point>
				<point>891.000000,975.000000</point>
				<point>891.000000,983.000000</point>
			</points>
		</object>
		<object>
			<coordinate>pixel</coordinate>
			<type>rectangle</type>
			<description>None</description>
			<possibleresult>
				<name>Van</name>
			</possibleresult>
			<points>
				<point>939.000000,759.000000</point>
				<point>916.000000,760.000000</point>
				<point>916.000000,751.000000</point>
				<point>939.000000,751.000000</point>
				<point>939.000000,759.000000</point>
			</points>
		</object>
		<object>
			<coordinate>pixel</coordinate>
			<type>rectangle</type>
			<description>None</description>
			<possibleresult>
				<name>Van</name>
			</possibleresult>
			<points>
				<point>178.000000,255.000000</point>
				<point>169.000000,256.000000</point>
				<point>168.000000,238.000000</point>
				<point>177.000000,237.000000</point>
				<point>178.000000,255.000000</point>
			</points>
		</object>
		<object>
			<coordinate>pixel</coordinate>
			<type>rectangle</type>
			<description>None</description>
			<possibleresult>
				<name>Van</name>
			</possibleresult>
			<points>
				<point>178.000000,237.000000</point>
				<point>169.000000,237.000000</point>
				<point>168.000000,218.000000</point>
				<point>178.000000,218.000000</point>
				<point>178.000000,237.000000</point>
			</points>
		</object>
		<object>
			<coordinate>pixel</coordinate>
			<type>rectangle</type>
			<description>None</description>
			<possibleresult>
				<name>Van</name>
			</possibleresult>
			<points>
				<point>166.000000,238.000000</point>
				<point>156.000000,239.000000</point>
				<point>155.000000,220.000000</point>
				<point>165.000000,220.000000</point>
				<point>166.000000,238.000000</point>
			</points>
		</object>
		<object>
			<coordinate>pixel</coordinate>
			<type>rectangle</type>
			<description>None</description>
			<possibleresult>
				<name>Van</name>
			</possibleresult>
			<points>
				<point>166.000000,255.000000</point>
				<point>158.000000,255.000000</point>
				<point>157.000000,238.000000</point>
				<point>165.000000,238.000000</point>
				<point>166.000000,255.000000</point>
			</points>
		</object>
		<object>
			<coordinate>pixel</coordinate>
			<type>rectangle</type>
			<description>None</description>
			<possibleresult>
				<name>Van</name>
			</possibleresult>
			<points>
				<point>141.000000,254.000000</point>
				<point>133.000000,254.000000</point>
				<point>132.000000,236.000000</point>
				<point>141.000000,236.000000</point>
				<point>141.000000,254.000000</point>
			</points>
		</object>
		<object>
			<coordinate>pixel</coordinate>
			<type>rectangle</type>
			<description>None</description>
			<possibleresult>
				<name>Van</name>
			</possibleresult>
			<points>
				<point>118.000000,256.000000</point>
				<point>109.000000,257.000000</point>
				<point>109.000000,238.000000</point>
				<point>117.000000,237.000000</point>
				<point>118.000000,256.000000</point>
			</points>
		</object>
		<object>
			<coordinate>pixel</coordinate>
			<type>rectangle</type>
			<description>None</description>
			<possibleresult>
				<name>Small Car</name>
			</possibleresult>
			<points>
				<point>157.000000,200.000000</point>
				<point>136.000000,200.000000</point>
				<point>135.000000,192.000000</point>
				<point>157.000000,192.000000</point>
				<point>157.000000,200.000000</point>
			</points>
		</object>
		<object>
			<coordinate>pixel</coordinate>
			<type>rectangle</type>
			<description>None</description>
			<possibleresult>
				<name>Small Car</name>
			</possibleresult>
			<points>
				<point>103.000000,200.000000</point>
				<point>85.000000,200.000000</point>
				<point>85.000000,192.000000</point>
				<point>102.000000,192.000000</point>
				<point>103.000000,200.000000</point>
			</points>
		</object>
		<object>
			<coordinate>pixel</coordinate>
			<type>rectangle</type>
			<description>None</description>
			<possibleresult>
				<name>other-vehicle</name>
			</possibleresult>
			<points>
				<point>92.000000,231.000000</point>
				<point>91.000000,252.000000</point>
				<point>81.000000,251.000000</point>
				<point>82.000000,230.000000</point>
				<point>92.000000,231.000000</point>
			</points>
		</object>
		<object>
			<coordinate>pixel</coordinate>
			<type>rectangle</type>
			<description>None</description>
			<possibleresult>
				<name>Van</name>
			</possibleresult>
			<points>
				<point>80.000000,231.000000</point>
				<point>79.000000,250.000000</point>
				<point>69.000000,250.000000</point>
				<point>70.000000,231.000000</point>
				<point>80.000000,231.000000</point>
			</points>
		</object>
		<object>
			<coordinate>pixel</coordinate>
			<type>rectangle</type>
			<description>None</description>
			<possibleresult>
				<name>Small Car</name>
			</possibleresult>
			<points>
				<point>66.000000,247.000000</point>
				<point>57.000000,247.000000</point>
				<point>57.000000,231.000000</point>
				<point>66.000000,231.000000</point>
				<point>66.000000,247.000000</point>
			</points>
		</object>
		<object>
			<coordinate>pixel</coordinate>
			<type>rectangle</type>
			<description>None</description>
			<possibleresult>
				<name>Small Car</name>
			</possibleresult>
			<points>
				<point>70.000000,199.000000</point>
				<point>56.000000,200.000000</point>
				<point>56.000000,193.000000</point>
				<point>70.000000,193.000000</point>
				<point>70.000000,199.000000</point>
			</points>
		</object>
		<object>
			<coordinate>pixel</coordinate>
			<type>rectangle</type>
			<description>None</description>
			<possibleresult>
				<name>Van</name>
			</possibleresult>
			<points>
				<point>22.000000,201.000000</point>
				<point>7.000000,201.000000</point>
				<point>7.000000,194.000000</point>
				<point>22.000000,193.000000</point>
				<point>22.000000,201.000000</point>
			</points>
		</object>
		<object>
			<coordinate>pixel</coordinate>
			<type>rectangle</type>
			<description>None</description>
			<possibleresult>
				<name>Small Car</name>
			</possibleresult>
			<points>
				<point>52.000000,200.000000</point>
				<point>40.000000,200.000000</point>
				<point>40.000000,192.000000</point>
				<point>52.000000,192.000000</point>
				<point>52.000000,200.000000</point>
			</points>
		</object>
		<object>
			<coordinate>pixel</coordinate>
			<type>rectangle</type>
			<description>None</description>
			<possibleresult>
				<name>Small Car</name>
			</possibleresult>
			<points>
				<point>55.000000,235.000000</point>
				<point>54.000000,255.000000</point>
				<point>44.000000,254.000000</point>
				<point>44.000000,235.000000</point>
				<point>55.000000,235.000000</point>
			</points>
		</object>
		<object>
			<coordinate>pixel</coordinate>
			<type>rectangle</type>
			<description>None</description>
			<possibleresult>
				<name>Van</name>
			</possibleresult>
			<points>
				<point>42.000000,237.000000</point>
				<point>41.000000,254.000000</point>
				<point>31.000000,253.000000</point>
				<point>32.000000,236.000000</point>
				<point>42.000000,237.000000</point>
			</points>
		</object>
		<object>
			<coordinate>pixel</coordinate>
			<type>rectangle</type>
			<description>None</description>
			<possibleresult>
				<name>Small Car</name>
			</possibleresult>
			<points>
				<point>30.000000,247.000000</point>
				<point>21.000000,247.000000</point>
				<point>21.000000,228.000000</point>
				<point>30.000000,228.000000</point>
				<point>30.000000,247.000000</point>
			</points>
		</object>
		<object>
			<coordinate>pixel</coordinate>
			<type>rectangle</type>
			<description>None</description>
			<possibleresult>
				<name>Small Car</name>
			</possibleresult>
			<points>
				<point>18.000000,250.000000</point>
				<point>9.000000,251.000000</point>
				<point>8.000000,231.000000</point>
				<point>17.000000,231.000000</point>
				<point>18.000000,250.000000</point>
			</points>
		</object>
		<object>
			<coordinate>pixel</coordinate>
			<type>rectangle</type>
			<description>None</description>
			<possibleresult>
				<name>Small Car</name>
			</possibleresult>
			<points>
				<point>165.000000,150.000000</point>
				<point>164.000000,158.000000</point>
				<point>143.000000,158.000000</point>
				<point>143.000000,149.000000</point>
				<point>165.000000,150.000000</point>
			</points>
		</object>
		<object>
			<coordinate>pixel</coordinate>
			<type>rectangle</type>
			<description>None</description>
			<possibleresult>
				<name>Small Car</name>
			</possibleresult>
			<points>
				<point>115.000000,160.000000</point>
				<point>93.000000,160.000000</point>
				<point>93.000000,151.000000</point>
				<point>115.000000,151.000000</point>
				<point>115.000000,160.000000</point>
			</points>
		</object>
		<object>
			<coordinate>pixel</coordinate>
			<type>rectangle</type>
			<description>None</description>
			<possibleresult>
				<name>Small Car</name>
			</possibleresult>
			<points>
				<point>58.000000,160.000000</point>
				<point>36.000000,160.000000</point>
				<point>36.000000,151.000000</point>
				<point>58.000000,151.000000</point>
				<point>58.000000,160.000000</point>
			</points>
		</object>
		<object>
			<coordinate>pixel</coordinate>
			<type>rectangle</type>
			<description>None</description>
			<possibleresult>
				<name>Small Car</name>
			</possibleresult>
			<points>
				<point>32.000000,159.000000</point>
				<point>10.000000,161.000000</point>
				<point>10.000000,153.000000</point>
				<point>32.000000,151.000000</point>
				<point>32.000000,159.000000</point>
			</points>
		</object>
		<object>
			<coordinate>pixel</coordinate>
			<type>rectangle</type>
			<description>None</description>
			<possibleresult>
				<name>Small Car</name>
			</possibleresult>
			<points>
				<point>1000.000000,759.000000</point>
				<point>974.000000,758.000000</point>
				<point>975.000000,751.000000</point>
				<point>1000.000000,751.000000</point>
				<point>1000.000000,759.000000</point>
			</points>
		</object>
	</objects>
</annotation>