<?xml version="1.0" encoding="utf-8"?>
<annotation>
	<source>
		<filename>10141.tif</filename>
		<origin>GF2/GF3</origin>
	</source>
	<research>
		<version>1.0</version>
		<provider>FAIR1M</provider>
		<author>Cyber</author>
		<pluginname>FAIR1M</pluginname>
		<pluginclass>object detection</pluginclass>
		<time>2021-07-21</time>
	</research>
	<size>
		<width>1000</width>
		<height>1000</height>
		<depth>3</depth>
	</size>
	<objects>
		<object>
			<coordinate>pixel</coordinate>
			<type>rectangle</type>
			<description>None</description>
			<possibleresult>
				<name>Liquid Cargo Ship</name>
			</possibleresult>
			<points>
				<point>377.000000,279.000000</point>
				<point>434.000000,155.000000</point>
				<point>404.000000,142.000000</point>
				<point>347.000000,265.000000</point>
				<point>377.000000,279.000000</point>
			</points>
		</object>
	</objects>
</annotation>