<?xml version="1.0" encoding="utf-8"?>
<annotation>
	<source>
		<filename>10199.tif</filename>
		<origin>GF2/GF3</origin>
	</source>
	<research>
		<version>1.0</version>
		<provider>FAIR1M</provider>
		<author>Cyber</author>
		<pluginname>FAIR1M</pluginname>
		<pluginclass>object detection</pluginclass>
		<time>2021-07-21</time>
	</research>
	<size>
		<width>1000</width>
		<height>1000</height>
		<depth>3</depth>
	</size>
	<objects>
		<object>
			<coordinate>pixel</coordinate>
			<type>rectangle</type>
			<description>None</description>
			<possibleresult>
				<name>Cargo Truck</name>
			</possibleresult>
			<points>
				<point>520.000000,911.000000</point>
				<point>504.000000,936.000000</point>
				<point>496.000000,930.000000</point>
				<point>511.000000,905.000000</point>
				<point>520.000000,911.000000</point>
			</points>
		</object>
		<object>
			<coordinate>pixel</coordinate>
			<type>rectangle</type>
			<description>None</description>
			<possibleresult>
				<name>Cargo Truck</name>
			</possibleresult>
			<points>
				<point>503.000000,906.000000</point>
				<point>488.000000,929.000000</point>
				<point>479.000000,923.000000</point>
				<point>495.000000,900.000000</point>
				<point>503.000000,906.000000</point>
			</points>
		</object>
		<object>
			<coordinate>pixel</coordinate>
			<type>rectangle</type>
			<description>None</description>
			<possibleresult>
				<name>Cargo Truck</name>
			</possibleresult>
			<points>
				<point>536.000000,884.000000</point>
				<point>522.000000,906.000000</point>
				<point>513.000000,900.000000</point>
				<point>527.000000,878.000000</point>
				<point>536.000000,884.000000</point>
			</points>
		</object>
		<object>
			<coordinate>pixel</coordinate>
			<type>rectangle</type>
			<description>None</description>
			<possibleresult>
				<name>Cargo Truck</name>
			</possibleresult>
			<points>
				<point>551.000000,860.000000</point>
				<point>538.000000,881.000000</point>
				<point>529.000000,876.000000</point>
				<point>542.000000,854.000000</point>
				<point>551.000000,860.000000</point>
			</points>
		</object>
		<object>
			<coordinate>pixel</coordinate>
			<type>rectangle</type>
			<description>None</description>
			<possibleresult>
				<name>Cargo Truck</name>
			</possibleresult>
			<points>
				<point>504.000000,881.000000</point>
				<point>489.000000,906.000000</point>
				<point>479.000000,901.000000</point>
				<point>494.000000,875.000000</point>
				<point>504.000000,881.000000</point>
			</points>
		</object>
		<object>
			<coordinate>pixel</coordinate>
			<type>rectangle</type>
			<description>None</description>
			<possibleresult>
				<name>Cargo Truck</name>
			</possibleresult>
			<points>
				<point>465.000000,888.000000</point>
				<point>446.000000,919.000000</point>
				<point>437.000000,914.000000</point>
				<point>454.000000,882.000000</point>
				<point>465.000000,888.000000</point>
			</points>
		</object>
		<object>
			<coordinate>pixel</coordinate>
			<type>rectangle</type>
			<description>None</description>
			<possibleresult>
				<name>Bus</name>
			</possibleresult>
			<points>
				<point>448.000000,880.000000</point>
				<point>430.000000,909.000000</point>
				<point>421.000000,904.000000</point>
				<point>439.000000,875.000000</point>
				<point>448.000000,880.000000</point>
			</points>
		</object>
		<object>
			<coordinate>pixel</coordinate>
			<type>rectangle</type>
			<description>None</description>
			<possibleresult>
				<name>Bus</name>
			</possibleresult>
			<points>
				<point>435.000000,873.000000</point>
				<point>419.000000,902.000000</point>
				<point>409.000000,897.000000</point>
				<point>425.000000,868.000000</point>
				<point>435.000000,873.000000</point>
			</points>
		</object>
		<object>
			<coordinate>pixel</coordinate>
			<type>rectangle</type>
			<description>None</description>
			<possibleresult>
				<name>Cargo Truck</name>
			</possibleresult>
			<points>
				<point>521.000000,850.000000</point>
				<point>505.000000,875.000000</point>
				<point>496.000000,869.000000</point>
				<point>512.000000,844.000000</point>
				<point>521.000000,850.000000</point>
			</points>
		</object>
		<object>
			<coordinate>pixel</coordinate>
			<type>rectangle</type>
			<description>None</description>
			<possibleresult>
				<name>Cargo Truck</name>
			</possibleresult>
			<points>
				<point>487.000000,851.000000</point>
				<point>469.000000,883.000000</point>
				<point>459.000000,878.000000</point>
				<point>477.000000,846.000000</point>
				<point>487.000000,851.000000</point>
			</points>
		</object>
		<object>
			<coordinate>pixel</coordinate>
			<type>rectangle</type>
			<description>None</description>
			<possibleresult>
				<name>Bus</name>
			</possibleresult>
			<points>
				<point>468.000000,849.000000</point>
				<point>451.000000,876.000000</point>
				<point>440.000000,870.000000</point>
				<point>458.000000,843.000000</point>
				<point>468.000000,849.000000</point>
			</points>
		</object>
		<object>
			<coordinate>pixel</coordinate>
			<type>rectangle</type>
			<description>None</description>
			<possibleresult>
				<name>Bus</name>
			</possibleresult>
			<points>
				<point>455.000000,839.000000</point>
				<point>439.000000,867.000000</point>
				<point>431.000000,861.000000</point>
				<point>447.000000,834.000000</point>
				<point>455.000000,839.000000</point>
			</points>
		</object>
		<object>
			<coordinate>pixel</coordinate>
			<type>rectangle</type>
			<description>None</description>
			<possibleresult>
				<name>Bus</name>
			</possibleresult>
			<points>
				<point>424.000000,919.000000</point>
				<point>407.000000,946.000000</point>
				<point>398.000000,940.000000</point>
				<point>415.000000,913.000000</point>
				<point>424.000000,919.000000</point>
			</points>
		</object>
		<object>
			<coordinate>pixel</coordinate>
			<type>rectangle</type>
			<description>None</description>
			<possibleresult>
				<name>Bus</name>
			</possibleresult>
			<points>
				<point>413.000000,909.000000</point>
				<point>395.000000,937.000000</point>
				<point>387.000000,932.000000</point>
				<point>404.000000,904.000000</point>
				<point>413.000000,909.000000</point>
			</points>
		</object>
		<object>
			<coordinate>pixel</coordinate>
			<type>rectangle</type>
			<description>None</description>
			<possibleresult>
				<name>Bus</name>
			</possibleresult>
			<points>
				<point>399.000000,907.000000</point>
				<point>382.000000,934.000000</point>
				<point>372.000000,928.000000</point>
				<point>390.000000,901.000000</point>
				<point>399.000000,907.000000</point>
			</points>
		</object>
		<object>
			<coordinate>pixel</coordinate>
			<type>rectangle</type>
			<description>None</description>
			<possibleresult>
				<name>Bus</name>
			</possibleresult>
			<points>
				<point>367.000000,905.000000</point>
				<point>349.000000,933.000000</point>
				<point>340.000000,927.000000</point>
				<point>358.000000,899.000000</point>
				<point>367.000000,905.000000</point>
			</points>
		</object>
		<object>
			<coordinate>pixel</coordinate>
			<type>rectangle</type>
			<description>None</description>
			<possibleresult>
				<name>Bus</name>
			</possibleresult>
			<points>
				<point>361.000000,888.000000</point>
				<point>344.000000,915.000000</point>
				<point>334.000000,910.000000</point>
				<point>352.000000,883.000000</point>
				<point>361.000000,888.000000</point>
			</points>
		</object>
		<object>
			<coordinate>pixel</coordinate>
			<type>rectangle</type>
			<description>None</description>
			<possibleresult>
				<name>Bus</name>
			</possibleresult>
			<points>
				<point>347.000000,884.000000</point>
				<point>330.000000,912.000000</point>
				<point>319.000000,906.000000</point>
				<point>337.000000,878.000000</point>
				<point>347.000000,884.000000</point>
			</points>
		</object>
		<object>
			<coordinate>pixel</coordinate>
			<type>rectangle</type>
			<description>None</description>
			<possibleresult>
				<name>Bus</name>
			</possibleresult>
			<points>
				<point>403.000000,875.000000</point>
				<point>379.000000,910.000000</point>
				<point>371.000000,905.000000</point>
				<point>394.000000,869.000000</point>
				<point>403.000000,875.000000</point>
			</points>
		</object>
		<object>
			<coordinate>pixel</coordinate>
			<type>rectangle</type>
			<description>None</description>
			<possibleresult>
				<name>Bus</name>
			</possibleresult>
			<points>
				<point>394.000000,862.000000</point>
				<point>372.000000,898.000000</point>
				<point>362.000000,891.000000</point>
				<point>386.000000,855.000000</point>
				<point>394.000000,862.000000</point>
			</points>
		</object>
		<object>
			<coordinate>pixel</coordinate>
			<type>rectangle</type>
			<description>None</description>
			<possibleresult>
				<name>Bus</name>
			</possibleresult>
			<points>
				<point>383.000000,853.000000</point>
				<point>365.000000,881.000000</point>
				<point>356.000000,875.000000</point>
				<point>373.000000,848.000000</point>
				<point>383.000000,853.000000</point>
			</points>
		</object>
		<object>
			<coordinate>pixel</coordinate>
			<type>rectangle</type>
			<description>None</description>
			<possibleresult>
				<name>Bus</name>
			</possibleresult>
			<points>
				<point>369.000000,847.000000</point>
				<point>352.000000,874.000000</point>
				<point>344.000000,868.000000</point>
				<point>361.000000,842.000000</point>
				<point>369.000000,847.000000</point>
			</points>
		</object>
		<object>
			<coordinate>pixel</coordinate>
			<type>rectangle</type>
			<description>None</description>
			<possibleresult>
				<name>Bus</name>
			</possibleresult>
			<points>
				<point>430.000000,830.000000</point>
				<point>407.000000,865.000000</point>
				<point>398.000000,859.000000</point>
				<point>420.000000,824.000000</point>
				<point>430.000000,830.000000</point>
			</points>
		</object>
		<object>
			<coordinate>pixel</coordinate>
			<type>rectangle</type>
			<description>None</description>
			<possibleresult>
				<name>Bus</name>
			</possibleresult>
			<points>
				<point>416.000000,825.000000</point>
				<point>399.000000,851.000000</point>
				<point>390.000000,846.000000</point>
				<point>408.000000,819.000000</point>
				<point>416.000000,825.000000</point>
			</points>
		</object>
		<object>
			<coordinate>pixel</coordinate>
			<type>rectangle</type>
			<description>None</description>
			<possibleresult>
				<name>Bus</name>
			</possibleresult>
			<points>
				<point>406.000000,817.000000</point>
				<point>388.000000,844.000000</point>
				<point>379.000000,838.000000</point>
				<point>397.000000,811.000000</point>
				<point>406.000000,817.000000</point>
			</points>
		</object>
		<object>
			<coordinate>pixel</coordinate>
			<type>rectangle</type>
			<description>None</description>
			<possibleresult>
				<name>Bus</name>
			</possibleresult>
			<points>
				<point>394.000000,810.000000</point>
				<point>376.000000,838.000000</point>
				<point>367.000000,832.000000</point>
				<point>384.000000,804.000000</point>
				<point>394.000000,810.000000</point>
			</points>
		</object>
		<object>
			<coordinate>pixel</coordinate>
			<type>rectangle</type>
			<description>None</description>
			<possibleresult>
				<name>Bus</name>
			</possibleresult>
			<points>
				<point>331.000000,870.000000</point>
				<point>312.000000,903.000000</point>
				<point>302.000000,898.000000</point>
				<point>321.000000,864.000000</point>
				<point>331.000000,870.000000</point>
			</points>
		</object>
		<object>
			<coordinate>pixel</coordinate>
			<type>rectangle</type>
			<description>None</description>
			<possibleresult>
				<name>Bus</name>
			</possibleresult>
			<points>
				<point>351.000000,838.000000</point>
				<point>333.000000,866.000000</point>
				<point>324.000000,861.000000</point>
				<point>342.000000,833.000000</point>
				<point>351.000000,838.000000</point>
			</points>
		</object>
		<object>
			<coordinate>pixel</coordinate>
			<type>rectangle</type>
			<description>None</description>
			<possibleresult>
				<name>Bus</name>
			</possibleresult>
			<points>
				<point>374.000000,802.000000</point>
				<point>357.000000,828.000000</point>
				<point>347.000000,822.000000</point>
				<point>364.000000,796.000000</point>
				<point>374.000000,802.000000</point>
			</points>
		</object>
		<object>
			<coordinate>pixel</coordinate>
			<type>rectangle</type>
			<description>None</description>
			<possibleresult>
				<name>Cargo Truck</name>
			</possibleresult>
			<points>
				<point>349.000000,812.000000</point>
				<point>336.000000,835.000000</point>
				<point>328.000000,830.000000</point>
				<point>341.000000,808.000000</point>
				<point>349.000000,812.000000</point>
			</points>
		</object>
		<object>
			<coordinate>pixel</coordinate>
			<type>rectangle</type>
			<description>None</description>
			<possibleresult>
				<name>Bus</name>
			</possibleresult>
			<points>
				<point>311.000000,851.000000</point>
				<point>294.000000,878.000000</point>
				<point>284.000000,871.000000</point>
				<point>301.000000,845.000000</point>
				<point>311.000000,851.000000</point>
			</points>
		</object>
		<object>
			<coordinate>pixel</coordinate>
			<type>rectangle</type>
			<description>None</description>
			<possibleresult>
				<name>Bus</name>
			</possibleresult>
			<points>
				<point>298.000000,844.000000</point>
				<point>281.000000,872.000000</point>
				<point>270.000000,866.000000</point>
				<point>288.000000,838.000000</point>
				<point>298.000000,844.000000</point>
			</points>
		</object>
		<object>
			<coordinate>pixel</coordinate>
			<type>rectangle</type>
			<description>None</description>
			<possibleresult>
				<name>Bus</name>
			</possibleresult>
			<points>
				<point>266.000000,872.000000</point>
				<point>247.000000,901.000000</point>
				<point>237.000000,894.000000</point>
				<point>256.000000,865.000000</point>
				<point>266.000000,872.000000</point>
			</points>
		</object>
		<object>
			<coordinate>pixel</coordinate>
			<type>rectangle</type>
			<description>None</description>
			<possibleresult>
				<name>Bus</name>
			</possibleresult>
			<points>
				<point>285.000000,832.000000</point>
				<point>264.000000,867.000000</point>
				<point>254.000000,861.000000</point>
				<point>274.000000,826.000000</point>
				<point>285.000000,832.000000</point>
			</points>
		</object>
		<object>
			<coordinate>pixel</coordinate>
			<type>rectangle</type>
			<description>None</description>
			<possibleresult>
				<name>Bus</name>
			</possibleresult>
			<points>
				<point>332.000000,816.000000</point>
				<point>315.000000,844.000000</point>
				<point>304.000000,837.000000</point>
				<point>322.000000,810.000000</point>
				<point>332.000000,816.000000</point>
			</points>
		</object>
		<object>
			<coordinate>pixel</coordinate>
			<type>rectangle</type>
			<description>None</description>
			<possibleresult>
				<name>Bus</name>
			</possibleresult>
			<points>
				<point>319.000000,809.000000</point>
				<point>301.000000,837.000000</point>
				<point>291.000000,830.000000</point>
				<point>310.000000,803.000000</point>
				<point>319.000000,809.000000</point>
			</points>
		</object>
		<object>
			<coordinate>pixel</coordinate>
			<type>rectangle</type>
			<description>None</description>
			<possibleresult>
				<name>Bus</name>
			</possibleresult>
			<points>
				<point>307.000000,799.000000</point>
				<point>287.000000,830.000000</point>
				<point>277.000000,824.000000</point>
				<point>297.000000,793.000000</point>
				<point>307.000000,799.000000</point>
			</points>
		</object>
		<object>
			<coordinate>pixel</coordinate>
			<type>rectangle</type>
			<description>None</description>
			<possibleresult>
				<name>Bus</name>
			</possibleresult>
			<points>
				<point>270.000000,812.000000</point>
				<point>253.000000,840.000000</point>
				<point>243.000000,833.000000</point>
				<point>259.000000,805.000000</point>
				<point>270.000000,812.000000</point>
			</points>
		</object>
		<object>
			<coordinate>pixel</coordinate>
			<type>rectangle</type>
			<description>None</description>
			<possibleresult>
				<name>Bus</name>
			</possibleresult>
			<points>
				<point>355.000000,782.000000</point>
				<point>338.000000,809.000000</point>
				<point>327.000000,802.000000</point>
				<point>344.000000,775.000000</point>
				<point>355.000000,782.000000</point>
			</points>
		</object>
		<object>
			<coordinate>pixel</coordinate>
			<type>rectangle</type>
			<description>None</description>
			<possibleresult>
				<name>Bus</name>
			</possibleresult>
			<points>
				<point>343.000000,773.000000</point>
				<point>325.000000,802.000000</point>
				<point>315.000000,795.000000</point>
				<point>333.000000,766.000000</point>
				<point>343.000000,773.000000</point>
			</points>
		</object>
		<object>
			<coordinate>pixel</coordinate>
			<type>rectangle</type>
			<description>None</description>
			<possibleresult>
				<name>Bus</name>
			</possibleresult>
			<points>
				<point>331.000000,766.000000</point>
				<point>310.000000,798.000000</point>
				<point>301.000000,791.000000</point>
				<point>321.000000,760.000000</point>
				<point>331.000000,766.000000</point>
			</points>
		</object>
		<object>
			<coordinate>pixel</coordinate>
			<type>rectangle</type>
			<description>None</description>
			<possibleresult>
				<name>Dump Truck</name>
			</possibleresult>
			<points>
				<point>420.000000,982.000000</point>
				<point>417.000000,989.000000</point>
				<point>399.000000,980.000000</point>
				<point>402.000000,974.000000</point>
				<point>420.000000,982.000000</point>
			</points>
		</object>
		<object>
			<coordinate>pixel</coordinate>
			<type>rectangle</type>
			<description>None</description>
			<possibleresult>
				<name>Dump Truck</name>
			</possibleresult>
			<points>
				<point>415.000000,989.000000</point>
				<point>412.000000,996.000000</point>
				<point>394.000000,988.000000</point>
				<point>397.000000,981.000000</point>
				<point>415.000000,989.000000</point>
			</points>
		</object>
		<object>
			<coordinate>pixel</coordinate>
			<type>rectangle</type>
			<description>None</description>
			<possibleresult>
				<name>Van</name>
			</possibleresult>
			<points>
				<point>169.000000,987.000000</point>
				<point>161.000000,999.000000</point>
				<point>154.000000,996.000000</point>
				<point>162.000000,983.000000</point>
				<point>169.000000,987.000000</point>
			</points>
		</object>
		<object>
			<coordinate>pixel</coordinate>
			<type>rectangle</type>
			<description>None</description>
			<possibleresult>
				<name>Small Car</name>
			</possibleresult>
			<points>
				<point>177.000000,835.000000</point>
				<point>175.000000,840.000000</point>
				<point>162.000000,833.000000</point>
				<point>164.000000,828.000000</point>
				<point>177.000000,835.000000</point>
			</points>
		</object>
		<object>
			<coordinate>pixel</coordinate>
			<type>rectangle</type>
			<description>None</description>
			<possibleresult>
				<name>Small Car</name>
			</possibleresult>
			<points>
				<point>129.000000,958.000000</point>
				<point>126.000000,965.000000</point>
				<point>108.000000,958.000000</point>
				<point>111.000000,951.000000</point>
				<point>129.000000,958.000000</point>
			</points>
		</object>
		<object>
			<coordinate>pixel</coordinate>
			<type>rectangle</type>
			<description>None</description>
			<possibleresult>
				<name>Van</name>
			</possibleresult>
			<points>
				<point>64.000000,976.000000</point>
				<point>46.000000,976.000000</point>
				<point>47.000000,970.000000</point>
				<point>64.000000,970.000000</point>
				<point>64.000000,976.000000</point>
			</points>
		</object>
		<object>
			<coordinate>pixel</coordinate>
			<type>rectangle</type>
			<description>None</description>
			<possibleresult>
				<name>Small Car</name>
			</possibleresult>
			<points>
				<point>66.000000,967.000000</point>
				<point>48.000000,967.000000</point>
				<point>47.000000,960.000000</point>
				<point>66.000000,959.000000</point>
				<point>66.000000,967.000000</point>
			</points>
		</object>
		<object>
			<coordinate>pixel</coordinate>
			<type>rectangle</type>
			<description>None</description>
			<possibleresult>
				<name>Small Car</name>
			</possibleresult>
			<points>
				<point>66.000000,958.000000</point>
				<point>48.000000,959.000000</point>
				<point>47.000000,952.000000</point>
				<point>66.000000,951.000000</point>
				<point>66.000000,958.000000</point>
			</points>
		</object>
		<object>
			<coordinate>pixel</coordinate>
			<type>rectangle</type>
			<description>None</description>
			<possibleresult>
				<name>Small Car</name>
			</possibleresult>
			<points>
				<point>64.000000,949.000000</point>
				<point>47.000000,949.000000</point>
				<point>47.000000,942.000000</point>
				<point>64.000000,942.000000</point>
				<point>64.000000,949.000000</point>
			</points>
		</object>
		<object>
			<coordinate>pixel</coordinate>
			<type>rectangle</type>
			<description>None</description>
			<possibleresult>
				<name>Van</name>
			</possibleresult>
			<points>
				<point>66.000000,940.000000</point>
				<point>48.000000,941.000000</point>
				<point>47.000000,934.000000</point>
				<point>66.000000,933.000000</point>
				<point>66.000000,940.000000</point>
			</points>
		</object>
		<object>
			<coordinate>pixel</coordinate>
			<type>rectangle</type>
			<description>None</description>
			<possibleresult>
				<name>Van</name>
			</possibleresult>
			<points>
				<point>67.000000,932.000000</point>
				<point>47.000000,933.000000</point>
				<point>47.000000,927.000000</point>
				<point>66.000000,926.000000</point>
				<point>67.000000,932.000000</point>
			</points>
		</object>
		<object>
			<coordinate>pixel</coordinate>
			<type>rectangle</type>
			<description>None</description>
			<possibleresult>
				<name>Small Car</name>
			</possibleresult>
			<points>
				<point>136.000000,899.000000</point>
				<point>133.000000,907.000000</point>
				<point>120.000000,902.000000</point>
				<point>123.000000,894.000000</point>
				<point>136.000000,899.000000</point>
			</points>
		</object>
		<object>
			<coordinate>pixel</coordinate>
			<type>rectangle</type>
			<description>None</description>
			<possibleresult>
				<name>Van</name>
			</possibleresult>
			<points>
				<point>153.000000,787.000000</point>
				<point>150.000000,793.000000</point>
				<point>134.000000,784.000000</point>
				<point>137.000000,778.000000</point>
				<point>153.000000,787.000000</point>
			</points>
		</object>
		<object>
			<coordinate>pixel</coordinate>
			<type>rectangle</type>
			<description>None</description>
			<possibleresult>
				<name>Small Car</name>
			</possibleresult>
			<points>
				<point>64.000000,907.000000</point>
				<point>47.000000,907.000000</point>
				<point>47.000000,901.000000</point>
				<point>64.000000,901.000000</point>
				<point>64.000000,907.000000</point>
			</points>
		</object>
		<object>
			<coordinate>pixel</coordinate>
			<type>rectangle</type>
			<description>None</description>
			<possibleresult>
				<name>Dump Truck</name>
			</possibleresult>
			<points>
				<point>66.000000,898.000000</point>
				<point>46.000000,898.000000</point>
				<point>46.000000,890.000000</point>
				<point>66.000000,890.000000</point>
				<point>66.000000,898.000000</point>
			</points>
		</object>
		<object>
			<coordinate>pixel</coordinate>
			<type>rectangle</type>
			<description>None</description>
			<possibleresult>
				<name>Van</name>
			</possibleresult>
			<points>
				<point>151.000000,748.000000</point>
				<point>149.000000,754.000000</point>
				<point>133.000000,747.000000</point>
				<point>136.000000,741.000000</point>
				<point>151.000000,748.000000</point>
			</points>
		</object>
		<object>
			<coordinate>pixel</coordinate>
			<type>rectangle</type>
			<description>None</description>
			<possibleresult>
				<name>Van</name>
			</possibleresult>
			<points>
				<point>168.000000,720.000000</point>
				<point>164.000000,726.000000</point>
				<point>149.000000,718.000000</point>
				<point>152.000000,711.000000</point>
				<point>168.000000,720.000000</point>
			</points>
		</object>
		<object>
			<coordinate>pixel</coordinate>
			<type>rectangle</type>
			<description>None</description>
			<possibleresult>
				<name>Small Car</name>
			</possibleresult>
			<points>
				<point>106.000000,730.000000</point>
				<point>102.000000,736.000000</point>
				<point>87.000000,728.000000</point>
				<point>90.000000,722.000000</point>
				<point>106.000000,730.000000</point>
			</points>
		</object>
		<object>
			<coordinate>pixel</coordinate>
			<type>rectangle</type>
			<description>None</description>
			<possibleresult>
				<name>Small Car</name>
			</possibleresult>
			<points>
				<point>123.000000,699.000000</point>
				<point>119.000000,706.000000</point>
				<point>104.000000,699.000000</point>
				<point>108.000000,692.000000</point>
				<point>123.000000,699.000000</point>
			</points>
		</object>
		<object>
			<coordinate>pixel</coordinate>
			<type>rectangle</type>
			<description>None</description>
			<possibleresult>
				<name>Van</name>
			</possibleresult>
			<points>
				<point>127.000000,690.000000</point>
				<point>124.000000,698.000000</point>
				<point>109.000000,691.000000</point>
				<point>112.000000,684.000000</point>
				<point>127.000000,690.000000</point>
			</points>
		</object>
		<object>
			<coordinate>pixel</coordinate>
			<type>rectangle</type>
			<description>None</description>
			<possibleresult>
				<name>Small Car</name>
			</possibleresult>
			<points>
				<point>124.000000,681.000000</point>
				<point>121.000000,687.000000</point>
				<point>114.000000,684.000000</point>
				<point>117.000000,678.000000</point>
				<point>124.000000,681.000000</point>
			</points>
		</object>
		<object>
			<coordinate>pixel</coordinate>
			<type>rectangle</type>
			<description>None</description>
			<possibleresult>
				<name>Small Car</name>
			</possibleresult>
			<points>
				<point>146.000000,658.000000</point>
				<point>143.000000,665.000000</point>
				<point>128.000000,659.000000</point>
				<point>130.000000,652.000000</point>
				<point>146.000000,658.000000</point>
			</points>
		</object>
		<object>
			<coordinate>pixel</coordinate>
			<type>rectangle</type>
			<description>None</description>
			<possibleresult>
				<name>Van</name>
			</possibleresult>
			<points>
				<point>880.000000,335.000000</point>
				<point>871.000000,345.000000</point>
				<point>866.000000,340.000000</point>
				<point>875.000000,330.000000</point>
				<point>880.000000,335.000000</point>
			</points>
		</object>
		<object>
			<coordinate>pixel</coordinate>
			<type>rectangle</type>
			<description>None</description>
			<possibleresult>
				<name>Van</name>
			</possibleresult>
			<points>
				<point>920.000000,267.000000</point>
				<point>907.000000,281.000000</point>
				<point>902.000000,276.000000</point>
				<point>914.000000,262.000000</point>
				<point>920.000000,267.000000</point>
			</points>
		</object>
		<object>
			<coordinate>pixel</coordinate>
			<type>rectangle</type>
			<description>None</description>
			<possibleresult>
				<name>Small Car</name>
			</possibleresult>
			<points>
				<point>874.000000,259.000000</point>
				<point>862.000000,271.000000</point>
				<point>857.000000,266.000000</point>
				<point>869.000000,254.000000</point>
				<point>874.000000,259.000000</point>
			</points>
		</object>
		<object>
			<coordinate>pixel</coordinate>
			<type>rectangle</type>
			<description>None</description>
			<possibleresult>
				<name>Intersection</name>
			</possibleresult>
			<points>
				<point>518.000000,235.000000</point>
				<point>432.000000,348.000000</point>
				<point>328.000000,268.000000</point>
				<point>415.000000,155.000000</point>
				<point>518.000000,235.000000</point>
			</points>
		</object>
		<object>
			<coordinate>pixel</coordinate>
			<type>rectangle</type>
			<description>None</description>
			<possibleresult>
				<name>Small Car</name>
			</possibleresult>
			<points>
				<point>817.000000,289.000000</point>
				<point>813.000000,307.000000</point>
				<point>806.000000,305.000000</point>
				<point>809.000000,287.000000</point>
				<point>817.000000,289.000000</point>
			</points>
		</object>
		<object>
			<coordinate>pixel</coordinate>
			<type>rectangle</type>
			<description>None</description>
			<possibleresult>
				<name>Small Car</name>
			</possibleresult>
			<points>
				<point>797.000000,285.000000</point>
				<point>794.000000,294.000000</point>
				<point>788.000000,293.000000</point>
				<point>790.000000,283.000000</point>
				<point>797.000000,285.000000</point>
			</points>
		</object>
		<object>
			<coordinate>pixel</coordinate>
			<type>rectangle</type>
			<description>None</description>
			<possibleresult>
				<name>Small Car</name>
			</possibleresult>
			<points>
				<point>789.000000,275.000000</point>
				<point>785.000000,292.000000</point>
				<point>778.000000,291.000000</point>
				<point>781.000000,273.000000</point>
				<point>789.000000,275.000000</point>
			</points>
		</object>
		<object>
			<coordinate>pixel</coordinate>
			<type>rectangle</type>
			<description>None</description>
			<possibleresult>
				<name>Small Car</name>
			</possibleresult>
			<points>
				<point>779.000000,274.000000</point>
				<point>775.000000,287.000000</point>
				<point>770.000000,285.000000</point>
				<point>773.000000,272.000000</point>
				<point>779.000000,274.000000</point>
			</points>
		</object>
		<object>
			<coordinate>pixel</coordinate>
			<type>rectangle</type>
			<description>None</description>
			<possibleresult>
				<name>Van</name>
			</possibleresult>
			<points>
				<point>766.000000,258.000000</point>
				<point>760.000000,273.000000</point>
				<point>754.000000,270.000000</point>
				<point>760.000000,256.000000</point>
				<point>766.000000,258.000000</point>
			</points>
		</object>
		<object>
			<coordinate>pixel</coordinate>
			<type>rectangle</type>
			<description>None</description>
			<possibleresult>
				<name>Van</name>
			</possibleresult>
			<points>
				<point>757.000000,256.000000</point>
				<point>751.000000,270.000000</point>
				<point>745.000000,267.000000</point>
				<point>751.000000,253.000000</point>
				<point>757.000000,256.000000</point>
			</points>
		</object>
		<object>
			<coordinate>pixel</coordinate>
			<type>rectangle</type>
			<description>None</description>
			<possibleresult>
				<name>Small Car</name>
			</possibleresult>
			<points>
				<point>719.000000,231.000000</point>
				<point>715.000000,235.000000</point>
				<point>705.000000,226.000000</point>
				<point>709.000000,222.000000</point>
				<point>719.000000,231.000000</point>
			</points>
		</object>
		<object>
			<coordinate>pixel</coordinate>
			<type>rectangle</type>
			<description>None</description>
			<possibleresult>
				<name>Small Car</name>
			</possibleresult>
			<points>
				<point>680.000000,175.000000</point>
				<point>669.000000,185.000000</point>
				<point>665.000000,181.000000</point>
				<point>676.000000,170.000000</point>
				<point>680.000000,175.000000</point>
			</points>
		</object>
		<object>
			<coordinate>pixel</coordinate>
			<type>rectangle</type>
			<description>None</description>
			<possibleresult>
				<name>Van</name>
			</possibleresult>
			<points>
				<point>702.000000,169.000000</point>
				<point>690.000000,183.000000</point>
				<point>684.000000,177.000000</point>
				<point>695.000000,164.000000</point>
				<point>702.000000,169.000000</point>
			</points>
		</object>
		<object>
			<coordinate>pixel</coordinate>
			<type>rectangle</type>
			<description>None</description>
			<possibleresult>
				<name>Van</name>
			</possibleresult>
			<points>
				<point>753.000000,519.000000</point>
				<point>749.000000,525.000000</point>
				<point>734.000000,517.000000</point>
				<point>737.000000,510.000000</point>
				<point>753.000000,519.000000</point>
			</points>
		</object>
		<object>
			<coordinate>pixel</coordinate>
			<type>rectangle</type>
			<description>None</description>
			<possibleresult>
				<name>Small Car</name>
			</possibleresult>
			<points>
				<point>733.000000,492.000000</point>
				<point>729.000000,498.000000</point>
				<point>714.000000,489.000000</point>
				<point>718.000000,483.000000</point>
				<point>733.000000,492.000000</point>
			</points>
		</object>
		<object>
			<coordinate>pixel</coordinate>
			<type>rectangle</type>
			<description>None</description>
			<possibleresult>
				<name>Small Car</name>
			</possibleresult>
			<points>
				<point>524.000000,313.000000</point>
				<point>520.000000,319.000000</point>
				<point>508.000000,310.000000</point>
				<point>512.000000,304.000000</point>
				<point>524.000000,313.000000</point>
			</points>
		</object>
		<object>
			<coordinate>pixel</coordinate>
			<type>rectangle</type>
			<description>None</description>
			<possibleresult>
				<name>Small Car</name>
			</possibleresult>
			<points>
				<point>506.000000,301.000000</point>
				<point>502.000000,307.000000</point>
				<point>487.000000,296.000000</point>
				<point>491.000000,290.000000</point>
				<point>506.000000,301.000000</point>
			</points>
		</object>
		<object>
			<coordinate>pixel</coordinate>
			<type>rectangle</type>
			<description>None</description>
			<possibleresult>
				<name>Van</name>
			</possibleresult>
			<points>
				<point>457.000000,298.000000</point>
				<point>452.000000,304.000000</point>
				<point>438.000000,293.000000</point>
				<point>443.000000,287.000000</point>
				<point>457.000000,298.000000</point>
			</points>
		</object>
		<object>
			<coordinate>pixel</coordinate>
			<type>rectangle</type>
			<description>None</description>
			<possibleresult>
				<name>Van</name>
			</possibleresult>
			<points>
				<point>423.000000,286.000000</point>
				<point>418.000000,292.000000</point>
				<point>405.000000,282.000000</point>
				<point>409.000000,276.000000</point>
				<point>423.000000,286.000000</point>
			</points>
		</object>
		<object>
			<coordinate>pixel</coordinate>
			<type>rectangle</type>
			<description>None</description>
			<possibleresult>
				<name>Small Car</name>
			</possibleresult>
			<points>
				<point>344.000000,262.000000</point>
				<point>338.000000,265.000000</point>
				<point>330.000000,250.000000</point>
				<point>337.000000,247.000000</point>
				<point>344.000000,262.000000</point>
			</points>
		</object>
		<object>
			<coordinate>pixel</coordinate>
			<type>rectangle</type>
			<description>None</description>
			<possibleresult>
				<name>Small Car</name>
			</possibleresult>
			<points>
				<point>360.000000,220.000000</point>
				<point>355.000000,226.000000</point>
				<point>342.000000,214.000000</point>
				<point>347.000000,209.000000</point>
				<point>360.000000,220.000000</point>
			</points>
		</object>
		<object>
			<coordinate>pixel</coordinate>
			<type>rectangle</type>
			<description>None</description>
			<possibleresult>
				<name>Small Car</name>
			</possibleresult>
			<points>
				<point>567.000000,154.000000</point>
				<point>560.000000,168.000000</point>
				<point>554.000000,165.000000</point>
				<point>562.000000,151.000000</point>
				<point>567.000000,154.000000</point>
			</points>
		</object>
		<object>
			<coordinate>pixel</coordinate>
			<type>rectangle</type>
			<description>None</description>
			<possibleresult>
				<name>Small Car</name>
			</possibleresult>
			<points>
				<point>596.000000,102.000000</point>
				<point>590.000000,116.000000</point>
				<point>584.000000,113.000000</point>
				<point>590.000000,99.000000</point>
				<point>596.000000,102.000000</point>
			</points>
		</object>
		<object>
			<coordinate>pixel</coordinate>
			<type>rectangle</type>
			<description>None</description>
			<possibleresult>
				<name>Small Car</name>
			</possibleresult>
			<points>
				<point>607.000000,74.000000</point>
				<point>600.000000,90.000000</point>
				<point>594.000000,87.000000</point>
				<point>601.000000,71.000000</point>
				<point>607.000000,74.000000</point>
			</points>
		</object>
		<object>
			<coordinate>pixel</coordinate>
			<type>rectangle</type>
			<description>None</description>
			<possibleresult>
				<name>Small Car</name>
			</possibleresult>
			<points>
				<point>619.000000,44.000000</point>
				<point>614.000000,60.000000</point>
				<point>608.000000,58.000000</point>
				<point>612.000000,42.000000</point>
				<point>619.000000,44.000000</point>
			</points>
		</object>
		<object>
			<coordinate>pixel</coordinate>
			<type>rectangle</type>
			<description>None</description>
			<possibleresult>
				<name>Small Car</name>
			</possibleresult>
			<points>
				<point>623.000000,24.000000</point>
				<point>620.000000,39.000000</point>
				<point>614.000000,38.000000</point>
				<point>617.000000,23.000000</point>
				<point>623.000000,24.000000</point>
			</points>
		</object>
		<object>
			<coordinate>pixel</coordinate>
			<type>rectangle</type>
			<description>None</description>
			<possibleresult>
				<name>Small Car</name>
			</possibleresult>
			<points>
				<point>485.000000,24.000000</point>
				<point>483.000000,30.000000</point>
				<point>468.000000,23.000000</point>
				<point>472.000000,16.000000</point>
				<point>485.000000,24.000000</point>
			</points>
		</object>
		<object>
			<coordinate>pixel</coordinate>
			<type>rectangle</type>
			<description>None</description>
			<possibleresult>
				<name>Dump Truck</name>
			</possibleresult>
			<points>
				<point>465.000000,54.000000</point>
				<point>460.000000,60.000000</point>
				<point>446.000000,49.000000</point>
				<point>451.000000,42.000000</point>
				<point>465.000000,54.000000</point>
			</points>
		</object>
		<object>
			<coordinate>pixel</coordinate>
			<type>rectangle</type>
			<description>None</description>
			<possibleresult>
				<name>Small Car</name>
			</possibleresult>
			<points>
				<point>449.000000,72.000000</point>
				<point>443.000000,77.000000</point>
				<point>431.000000,62.000000</point>
				<point>437.000000,57.000000</point>
				<point>449.000000,72.000000</point>
			</points>
		</object>
		<object>
			<coordinate>pixel</coordinate>
			<type>rectangle</type>
			<description>None</description>
			<possibleresult>
				<name>Small Car</name>
			</possibleresult>
			<points>
				<point>341.000000,31.000000</point>
				<point>328.000000,41.000000</point>
				<point>323.000000,35.000000</point>
				<point>336.000000,25.000000</point>
				<point>341.000000,31.000000</point>
			</points>
		</object>
		<object>
			<coordinate>pixel</coordinate>
			<type>rectangle</type>
			<description>None</description>
			<possibleresult>
				<name>Small Car</name>
			</possibleresult>
			<points>
				<point>331.000000,15.000000</point>
				<point>316.000000,25.000000</point>
				<point>312.000000,19.000000</point>
				<point>327.000000,9.000000</point>
				<point>331.000000,15.000000</point>
			</points>
		</object>
		<object>
			<coordinate>pixel</coordinate>
			<type>rectangle</type>
			<description>None</description>
			<possibleresult>
				<name>Small Car</name>
			</possibleresult>
			<points>
				<point>370.000000,17.000000</point>
				<point>360.000000,1.000000</point>
				<point>368.000000,-3.000000</point>
				<point>378.000000,12.000000</point>
				<point>370.000000,17.000000</point>
			</points>
		</object>
		<object>
			<coordinate>pixel</coordinate>
			<type>rectangle</type>
			<description>None</description>
			<possibleresult>
				<name>Van</name>
			</possibleresult>
			<points>
				<point>622.000000,785.000000</point>
				<point>618.000000,790.000000</point>
				<point>605.000000,780.000000</point>
				<point>610.000000,775.000000</point>
				<point>622.000000,785.000000</point>
			</points>
		</object>
		<object>
			<coordinate>pixel</coordinate>
			<type>rectangle</type>
			<description>None</description>
			<possibleresult>
				<name>Van</name>
			</possibleresult>
			<points>
				<point>623.000000,748.000000</point>
				<point>615.000000,761.000000</point>
				<point>609.000000,758.000000</point>
				<point>616.000000,744.000000</point>
				<point>623.000000,748.000000</point>
			</points>
		</object>
		<object>
			<coordinate>pixel</coordinate>
			<type>rectangle</type>
			<description>None</description>
			<possibleresult>
				<name>Dump Truck</name>
			</possibleresult>
			<points>
				<point>774.000000,740.000000</point>
				<point>765.000000,756.000000</point>
				<point>758.000000,752.000000</point>
				<point>768.000000,736.000000</point>
				<point>774.000000,740.000000</point>
			</points>
		</object>
		<object>
			<coordinate>pixel</coordinate>
			<type>rectangle</type>
			<description>None</description>
			<possibleresult>
				<name>Small Car</name>
			</possibleresult>
			<points>
				<point>740.000000,799.000000</point>
				<point>731.000000,813.000000</point>
				<point>725.000000,809.000000</point>
				<point>734.000000,795.000000</point>
				<point>740.000000,799.000000</point>
			</points>
		</object>
		<object>
			<coordinate>pixel</coordinate>
			<type>rectangle</type>
			<description>None</description>
			<possibleresult>
				<name>Small Car</name>
			</possibleresult>
			<points>
				<point>849.000000,801.000000</point>
				<point>840.000000,815.000000</point>
				<point>834.000000,811.000000</point>
				<point>843.000000,797.000000</point>
				<point>849.000000,801.000000</point>
			</points>
		</object>
		<object>
			<coordinate>pixel</coordinate>
			<type>rectangle</type>
			<description>None</description>
			<possibleresult>
				<name>Dump Truck</name>
			</possibleresult>
			<points>
				<point>986.000000,840.000000</point>
				<point>977.000000,857.000000</point>
				<point>970.000000,853.000000</point>
				<point>979.000000,836.000000</point>
				<point>986.000000,840.000000</point>
			</points>
		</object>
		<object>
			<coordinate>pixel</coordinate>
			<type>rectangle</type>
			<description>None</description>
			<possibleresult>
				<name>Small Car</name>
			</possibleresult>
			<points>
				<point>157.000000,733.000000</point>
				<point>153.000000,739.000000</point>
				<point>138.000000,731.000000</point>
				<point>142.000000,725.000000</point>
				<point>157.000000,733.000000</point>
			</points>
		</object>
		<object>
			<coordinate>pixel</coordinate>
			<type>rectangle</type>
			<description>None</description>
			<possibleresult>
				<name>Van</name>
			</possibleresult>
			<points>
				<point>129.000000,786.000000</point>
				<point>126.000000,792.000000</point>
				<point>112.000000,785.000000</point>
				<point>115.000000,779.000000</point>
				<point>129.000000,786.000000</point>
			</points>
		</object>
	</objects>
</annotation>