<?xml version="1.0" encoding="utf-8"?>
<annotation>
	<source>
		<filename>10244.tif</filename>
		<origin>GF2/GF3</origin>
	</source>
	<research>
		<version>1.0</version>
		<provider>FAIR1M</provider>
		<author>Cyber</author>
		<pluginname>FAIR1M</pluginname>
		<pluginclass>object detection</pluginclass>
		<time>2021-07-21</time>
	</research>
	<size>
		<width>600</width>
		<height>800</height>
		<depth>4</depth>
	</size>
	<objects>
		<object>
			<coordinate>pixel</coordinate>
			<type>rectangle</type>
			<description>None</description>
			<possibleresult>
				<name>Small Car</name>
			</possibleresult>
			<points>
				<point>347.000000,379.000000</point>
				<point>341.000000,384.000000</point>
				<point>328.000000,366.000000</point>
				<point>335.000000,362.000000</point>
				<point>347.000000,379.000000</point>
			</points>
		</object>
		<object>
			<coordinate>pixel</coordinate>
			<type>rectangle</type>
			<description>None</description>
			<possibleresult>
				<name>Baseball Field</name>
			</possibleresult>
			<points>
				<point>600.000000,276.000000</point>
				<point>494.000000,274.000000</point>
				<point>496.000000,177.000000</point>
				<point>600.000000,179.000000</point>
				<point>600.000000,276.000000</point>
			</points>
		</object>
		<object>
			<coordinate>pixel</coordinate>
			<type>rectangle</type>
			<description>None</description>
			<possibleresult>
				<name>Baseball Field</name>
			</possibleresult>
			<points>
				<point>600.000000,91.000000</point>
				<point>502.000000,91.000000</point>
				<point>502.000000,0.000000</point>
				<point>600.000000,0.000000</point>
				<point>600.000000,91.000000</point>
			</points>
		</object>
	</objects>
</annotation>