<?xml version="1.0" encoding="utf-8"?>
<annotation>
	<source>
		<filename>10335.tif</filename>
		<origin>GF2/GF3</origin>
	</source>
	<research>
		<version>1.0</version>
		<provider>FAIR1M</provider>
		<author>Cyber</author>
		<pluginname>FAIR1M</pluginname>
		<pluginclass>object detection</pluginclass>
		<time>2021-07-21</time>
	</research>
	<size>
		<width>1000</width>
		<height>1000</height>
		<depth>3</depth>
	</size>
	<objects>
		<object>
			<coordinate>pixel</coordinate>
			<type>rectangle</type>
			<description>None</description>
			<possibleresult>
				<name>Boeing737</name>
			</possibleresult>
			<points>
				<point>446.000000,949.000000</point>
				<point>404.000000,974.000000</point>
				<point>428.000000,1013.000000</point>
				<point>469.000000,987.000000</point>
				<point>446.000000,949.000000</point>
			</points>
		</object>
		<object>
			<coordinate>pixel</coordinate>
			<type>rectangle</type>
			<description>None</description>
			<possibleresult>
				<name>A220</name>
			</possibleresult>
			<points>
				<point>530.000000,845.000000</point>
				<point>569.000000,819.000000</point>
				<point>544.000000,782.000000</point>
				<point>505.000000,807.000000</point>
				<point>530.000000,845.000000</point>
			</points>
		</object>
		<object>
			<coordinate>pixel</coordinate>
			<type>rectangle</type>
			<description>None</description>
			<possibleresult>
				<name>A220</name>
			</possibleresult>
			<points>
				<point>734.000000,848.000000</point>
				<point>693.000000,873.000000</point>
				<point>716.000000,909.000000</point>
				<point>756.000000,884.000000</point>
				<point>734.000000,848.000000</point>
			</points>
		</object>
		<object>
			<coordinate>pixel</coordinate>
			<type>rectangle</type>
			<description>None</description>
			<possibleresult>
				<name>other-airplane</name>
			</possibleresult>
			<points>
				<point>779.000000,739.000000</point>
				<point>810.000000,719.000000</point>
				<point>790.000000,687.000000</point>
				<point>759.000000,707.000000</point>
				<point>779.000000,739.000000</point>
			</points>
		</object>
		<object>
			<coordinate>pixel</coordinate>
			<type>rectangle</type>
			<description>None</description>
			<possibleresult>
				<name>other-airplane</name>
			</possibleresult>
			<points>
				<point>749.000000,696.000000</point>
				<point>781.000000,677.000000</point>
				<point>762.000000,646.000000</point>
				<point>730.000000,665.000000</point>
				<point>749.000000,696.000000</point>
			</points>
		</object>
		<object>
			<coordinate>pixel</coordinate>
			<type>rectangle</type>
			<description>None</description>
			<possibleresult>
				<name>other-airplane</name>
			</possibleresult>
			<points>
				<point>980.000000,758.000000</point>
				<point>969.000000,741.000000</point>
				<point>951.000000,753.000000</point>
				<point>962.000000,770.000000</point>
				<point>980.000000,758.000000</point>
			</points>
		</object>
	</objects>
</annotation>