<?xml version="1.0" encoding="utf-8"?>
<annotation>
	<source>
		<filename>10366.tif</filename>
		<origin>GF2/GF3</origin>
	</source>
	<research>
		<version>1.0</version>
		<provider>FAIR1M</provider>
		<author>Cyber</author>
		<pluginname>FAIR1M</pluginname>
		<pluginclass>object detection</pluginclass>
		<time>2021-07-21</time>
	</research>
	<size>
		<width>800</width>
		<height>800</height>
		<depth>3</depth>
	</size>
	<objects>
		<object>
			<coordinate>pixel</coordinate>
			<type>rectangle</type>
			<description>None</description>
			<possibleresult>
				<name>Boeing737</name>
			</possibleresult>
			<points>
				<point>290.000000,463.000000</point>
				<point>257.000000,501.000000</point>
				<point>225.000000,474.000000</point>
				<point>259.000000,435.000000</point>
				<point>290.000000,463.000000</point>
			</points>
		</object>
		<object>
			<coordinate>pixel</coordinate>
			<type>rectangle</type>
			<description>None</description>
			<possibleresult>
				<name>A220</name>
			</possibleresult>
			<points>
				<point>371.000000,542.000000</point>
				<point>341.000000,578.000000</point>
				<point>306.000000,548.000000</point>
				<point>337.000000,512.000000</point>
				<point>371.000000,542.000000</point>
			</points>
		</object>
		<object>
			<coordinate>pixel</coordinate>
			<type>rectangle</type>
			<description>None</description>
			<possibleresult>
				<name>A321</name>
			</possibleresult>
			<points>
				<point>634.000000,300.000000</point>
				<point>599.000000,340.000000</point>
				<point>566.000000,312.000000</point>
				<point>601.000000,271.000000</point>
				<point>634.000000,300.000000</point>
			</points>
		</object>
		<object>
			<coordinate>pixel</coordinate>
			<type>rectangle</type>
			<description>None</description>
			<possibleresult>
				<name>other-airplane</name>
			</possibleresult>
			<points>
				<point>364.000000,68.000000</point>
				<point>359.000000,99.000000</point>
				<point>312.000000,92.000000</point>
				<point>317.000000,61.000000</point>
				<point>364.000000,68.000000</point>
			</points>
		</object>
		<object>
			<coordinate>pixel</coordinate>
			<type>rectangle</type>
			<description>None</description>
			<possibleresult>
				<name>A220</name>
			</possibleresult>
			<points>
				<point>254.000000,52.000000</point>
				<point>223.000000,88.000000</point>
				<point>190.000000,60.000000</point>
				<point>221.000000,24.000000</point>
				<point>254.000000,52.000000</point>
			</points>
		</object>
	</objects>
</annotation>