<?xml version="1.0" encoding="utf-8"?>
<annotation>
	<source>
		<filename>10367.tif</filename>
		<origin>GF2/GF3</origin>
	</source>
	<research>
		<version>1.0</version>
		<provider>FAIR1M</provider>
		<author>Cyber</author>
		<pluginname>FAIR1M</pluginname>
		<pluginclass>object detection</pluginclass>
		<time>2021-07-21</time>
	</research>
	<size>
		<width>600</width>
		<height>800</height>
		<depth>3</depth>
	</size>
	<objects>
		<object>
			<coordinate>pixel</coordinate>
			<type>rectangle</type>
			<description>None</description>
			<possibleresult>
				<name>other-airplane</name>
			</possibleresult>
			<points>
				<point>585.000000,76.000000</point>
				<point>539.000000,78.000000</point>
				<point>537.000000,39.000000</point>
				<point>583.000000,37.000000</point>
				<point>585.000000,76.000000</point>
			</points>
		</object>
		<object>
			<coordinate>pixel</coordinate>
			<type>rectangle</type>
			<description>None</description>
			<possibleresult>
				<name>other-airplane</name>
			</possibleresult>
			<points>
				<point>590.000000,133.000000</point>
				<point>542.000000,135.000000</point>
				<point>540.000000,98.000000</point>
				<point>588.000000,95.000000</point>
				<point>590.000000,133.000000</point>
			</points>
		</object>
		<object>
			<coordinate>pixel</coordinate>
			<type>rectangle</type>
			<description>None</description>
			<possibleresult>
				<name>other-airplane</name>
			</possibleresult>
			<points>
				<point>505.000000,96.000000</point>
				<point>467.000000,97.000000</point>
				<point>466.000000,63.000000</point>
				<point>504.000000,61.000000</point>
				<point>505.000000,96.000000</point>
			</points>
		</object>
		<object>
			<coordinate>pixel</coordinate>
			<type>rectangle</type>
			<description>None</description>
			<possibleresult>
				<name>Boeing737</name>
			</possibleresult>
			<points>
				<point>62.000000,548.000000</point>
				<point>9.000000,551.000000</point>
				<point>6.000000,505.000000</point>
				<point>59.000000,502.000000</point>
				<point>62.000000,548.000000</point>
			</points>
		</object>
	</objects>
</annotation>