<?xml version="1.0" encoding="utf-8"?>
<annotation>
	<source>
		<filename>10370.tif</filename>
		<origin>GF2/GF3</origin>
	</source>
	<research>
		<version>1.0</version>
		<provider>FAIR1M</provider>
		<author>Cyber</author>
		<pluginname>FAIR1M</pluginname>
		<pluginclass>object detection</pluginclass>
		<time>2021-07-21</time>
	</research>
	<size>
		<width>800</width>
		<height>600</height>
		<depth>3</depth>
	</size>
	<objects>
		<object>
			<coordinate>pixel</coordinate>
			<type>rectangle</type>
			<description>None</description>
			<possibleresult>
				<name>A220</name>
			</possibleresult>
			<points>
				<point>78.000000,166.000000</point>
				<point>75.000000,213.000000</point>
				<point>32.000000,211.000000</point>
				<point>35.000000,163.000000</point>
				<point>78.000000,166.000000</point>
			</points>
		</object>
	</objects>
</annotation>