<?xml version="1.0" encoding="utf-8"?>
<annotation>
	<source>
		<filename>10404.tif</filename>
		<origin>GF2/GF3</origin>
	</source>
	<research>
		<version>1.0</version>
		<provider>FAIR1M</provider>
		<author>Cyber</author>
		<pluginname>FAIR1M</pluginname>
		<pluginclass>object detection</pluginclass>
		<time>2021-07-21</time>
	</research>
	<size>
		<width>1000</width>
		<height>1000</height>
		<depth>3</depth>
	</size>
	<objects>
		<object>
			<coordinate>pixel</coordinate>
			<type>rectangle</type>
			<description>None</description>
			<possibleresult>
				<name>Baseball Field</name>
			</possibleresult>
			<points>
				<point>499.000000,759.000000</point>
				<point>327.000000,759.000000</point>
				<point>327.000000,631.000000</point>
				<point>499.000000,631.000000</point>
				<point>499.000000,759.000000</point>
			</points>
		</object>
		<object>
			<coordinate>pixel</coordinate>
			<type>rectangle</type>
			<description>None</description>
			<possibleresult>
				<name>Baseball Field</name>
			</possibleresult>
			<points>
				<point>499.000000,991.000000</point>
				<point>333.000000,992.000000</point>
				<point>332.000000,865.000000</point>
				<point>498.000000,863.000000</point>
				<point>499.000000,991.000000</point>
			</points>
		</object>
		<object>
			<coordinate>pixel</coordinate>
			<type>rectangle</type>
			<description>None</description>
			<possibleresult>
				<name>Baseball Field</name>
			</possibleresult>
			<points>
				<point>992.000000,341.000000</point>
				<point>826.000000,345.000000</point>
				<point>823.000000,215.000000</point>
				<point>989.000000,211.000000</point>
				<point>992.000000,341.000000</point>
			</points>
		</object>
		<object>
			<coordinate>pixel</coordinate>
			<type>rectangle</type>
			<description>None</description>
			<possibleresult>
				<name>Baseball Field</name>
			</possibleresult>
			<points>
				<point>791.000000,756.000000</point>
				<point>622.000000,756.000000</point>
				<point>622.000000,628.000000</point>
				<point>791.000000,628.000000</point>
				<point>791.000000,756.000000</point>
			</points>
		</object>
		<object>
			<coordinate>pixel</coordinate>
			<type>rectangle</type>
			<description>None</description>
			<possibleresult>
				<name>Baseball Field</name>
			</possibleresult>
			<points>
				<point>757.000000,985.000000</point>
				<point>589.000000,987.000000</point>
				<point>588.000000,862.000000</point>
				<point>756.000000,860.000000</point>
				<point>757.000000,985.000000</point>
			</points>
		</object>
		<object>
			<coordinate>pixel</coordinate>
			<type>rectangle</type>
			<description>None</description>
			<possibleresult>
				<name>Small Car</name>
			</possibleresult>
			<points>
				<point>818.000000,182.000000</point>
				<point>809.000000,183.000000</point>
				<point>807.000000,165.000000</point>
				<point>817.000000,164.000000</point>
				<point>818.000000,182.000000</point>
			</points>
		</object>
		<object>
			<coordinate>pixel</coordinate>
			<type>rectangle</type>
			<description>None</description>
			<possibleresult>
				<name>Baseball Field</name>
			</possibleresult>
			<points>
				<point>496.000000,244.000000</point>
				<point>495.000000,380.000000</point>
				<point>320.000000,378.000000</point>
				<point>320.000000,243.000000</point>
				<point>496.000000,244.000000</point>
			</points>
		</object>
	</objects>
</annotation>