<?xml version="1.0" encoding="utf-8"?>
<annotation>
	<source>
		<filename>10486.tif</filename>
		<origin>GF2/GF3</origin>
	</source>
	<research>
		<version>1.0</version>
		<provider>FAIR1M</provider>
		<author>Cyber</author>
		<pluginname>FAIR1M</pluginname>
		<pluginclass>object detection</pluginclass>
		<time>2021-07-21</time>
	</research>
	<size>
		<width>800</width>
		<height>600</height>
		<depth>3</depth>
	</size>
	<objects>
		<object>
			<coordinate>pixel</coordinate>
			<type>rectangle</type>
			<description>None</description>
			<possibleresult>
				<name>Motorboat</name>
			</possibleresult>
			<points>
				<point>600.000000,36.000000</point>
				<point>589.000000,43.000000</point>
				<point>586.000000,38.000000</point>
				<point>598.000000,31.000000</point>
				<point>600.000000,36.000000</point>
			</points>
		</object>
	</objects>
</annotation>