<?xml version="1.0" encoding="utf-8"?>
<annotation>
	<source>
		<filename>10554.tif</filename>
		<origin>GF2/GF3</origin>
	</source>
	<research>
		<version>1.0</version>
		<provider>FAIR1M</provider>
		<author>Cyber</author>
		<pluginname>FAIR1M</pluginname>
		<pluginclass>object detection</pluginclass>
		<time>2021-07-21</time>
	</research>
	<size>
		<width>600</width>
		<height>800</height>
		<depth>3</depth>
	</size>
	<objects>
		<object>
			<coordinate>pixel</coordinate>
			<type>rectangle</type>
			<description>None</description>
			<possibleresult>
				<name>Boeing777</name>
			</possibleresult>
			<points>
				<point>513.000000,488.000000</point>
				<point>444.000000,525.000000</point>
				<point>405.000000,454.000000</point>
				<point>475.000000,417.000000</point>
				<point>513.000000,488.000000</point>
			</points>
		</object>
		<object>
			<coordinate>pixel</coordinate>
			<type>rectangle</type>
			<description>None</description>
			<possibleresult>
				<name>Boeing787</name>
			</possibleresult>
			<points>
				<point>554.000000,561.000000</point>
				<point>492.000000,593.000000</point>
				<point>458.000000,528.000000</point>
				<point>520.000000,496.000000</point>
				<point>554.000000,561.000000</point>
			</points>
		</object>
	</objects>
</annotation>