<?xml version="1.0" encoding="utf-8"?>
<annotation>
	<source>
		<filename>10573.tif</filename>
		<origin>GF2/GF3</origin>
	</source>
	<research>
		<version>1.0</version>
		<provider>FAIR1M</provider>
		<author>Cyber</author>
		<pluginname>FAIR1M</pluginname>
		<pluginclass>object detection</pluginclass>
		<time>2021-07-21</time>
	</research>
	<size>
		<width>900</width>
		<height>900</height>
		<depth>3</depth>
	</size>
	<objects>
		<object>
			<coordinate>pixel</coordinate>
			<type>rectangle</type>
			<description>None</description>
			<possibleresult>
				<name>other-airplane</name>
			</possibleresult>
			<points>
				<point>415.000000,134.000000</point>
				<point>366.000000,134.000000</point>
				<point>366.000000,86.000000</point>
				<point>415.000000,86.000000</point>
				<point>415.000000,134.000000</point>
			</points>
		</object>
		<object>
			<coordinate>pixel</coordinate>
			<type>rectangle</type>
			<description>None</description>
			<possibleresult>
				<name>Boeing787</name>
			</possibleresult>
			<points>
				<point>873.000000,140.000031</point>
				<point>820.037720,85.000748</point>
				<point>873.000000,34.000031</point>
				<point>925.962280,88.999313</point>
				<point>873.000000,140.000031</point>
			</points>
		</object>
		<object>
			<coordinate>pixel</coordinate>
			<type>rectangle</type>
			<description>None</description>
			<possibleresult>
				<name>A321</name>
			</possibleresult>
			<points>
				<point>155.000000,362.000000</point>
				<point>100.000000,369.000000</point>
				<point>95.000000,322.000000</point>
				<point>151.000000,317.000000</point>
				<point>155.000000,362.000000</point>
			</points>
		</object>
		<object>
			<coordinate>pixel</coordinate>
			<type>rectangle</type>
			<description>None</description>
			<possibleresult>
				<name>other-airplane</name>
			</possibleresult>
			<points>
				<point>408.000000,337.000000</point>
				<point>341.000000,344.000000</point>
				<point>334.000000,293.000000</point>
				<point>403.000000,286.000000</point>
				<point>408.000000,337.000000</point>
			</points>
		</object>
		<object>
			<coordinate>pixel</coordinate>
			<type>rectangle</type>
			<description>None</description>
			<possibleresult>
				<name>other-airplane</name>
			</possibleresult>
			<points>
				<point>509.000000,319.000000</point>
				<point>469.000000,323.000000</point>
				<point>465.000000,289.000000</point>
				<point>505.000000,285.000000</point>
				<point>509.000000,319.000000</point>
			</points>
		</object>
		<object>
			<coordinate>pixel</coordinate>
			<type>rectangle</type>
			<description>None</description>
			<possibleresult>
				<name>C919</name>
			</possibleresult>
			<points>
				<point>585.000000,176.000000</point>
				<point>535.000000,180.000000</point>
				<point>530.000000,135.000000</point>
				<point>581.000000,129.000000</point>
				<point>585.000000,176.000000</point>
			</points>
		</object>
		<object>
			<coordinate>pixel</coordinate>
			<type>rectangle</type>
			<description>None</description>
			<possibleresult>
				<name>Boeing777</name>
			</possibleresult>
			<points>
				<point>729.000000,321.000000</point>
				<point>635.000000,329.000000</point>
				<point>628.000000,247.000000</point>
				<point>723.000000,239.000000</point>
				<point>729.000000,321.000000</point>
			</points>
		</object>
		<object>
			<coordinate>pixel</coordinate>
			<type>rectangle</type>
			<description>None</description>
			<possibleresult>
				<name>C919</name>
			</possibleresult>
			<points>
				<point>875.000000,256.000000</point>
				<point>850.000000,295.000000</point>
				<point>808.000000,267.000000</point>
				<point>834.000000,229.000000</point>
				<point>875.000000,256.000000</point>
			</points>
		</object>
		<object>
			<coordinate>pixel</coordinate>
			<type>rectangle</type>
			<description>None</description>
			<possibleresult>
				<name>C919</name>
			</possibleresult>
			<points>
				<point>851.000000,419.000000</point>
				<point>798.000000,425.000000</point>
				<point>792.000000,378.000000</point>
				<point>846.000000,371.000000</point>
				<point>851.000000,419.000000</point>
			</points>
		</object>
	</objects>
</annotation>