<?xml version="1.0" encoding="utf-8"?>
<annotation>
	<source>
		<filename>10584.tif</filename>
		<origin>GF2/GF3</origin>
	</source>
	<research>
		<version>1.0</version>
		<provider>FAIR1M</provider>
		<author>Cyber</author>
		<pluginname>FAIR1M</pluginname>
		<pluginclass>object detection</pluginclass>
		<time>2021-07-21</time>
	</research>
	<size>
		<width>600</width>
		<height>800</height>
		<depth>3</depth>
	</size>
	<objects>
		<object>
			<coordinate>pixel</coordinate>
			<type>rectangle</type>
			<description>None</description>
			<possibleresult>
				<name>other-airplane</name>
			</possibleresult>
			<points>
				<point>550.000000,529.000000</point>
				<point>481.000000,535.000000</point>
				<point>476.000000,473.000000</point>
				<point>545.000000,467.000000</point>
				<point>550.000000,529.000000</point>
			</points>
		</object>
		<object>
			<coordinate>pixel</coordinate>
			<type>rectangle</type>
			<description>None</description>
			<possibleresult>
				<name>Boeing787</name>
			</possibleresult>
			<points>
				<point>556.000000,625.000000</point>
				<point>475.000000,630.000000</point>
				<point>471.000000,558.000000</point>
				<point>552.000000,553.000000</point>
				<point>556.000000,625.000000</point>
			</points>
		</object>
		<object>
			<coordinate>pixel</coordinate>
			<type>rectangle</type>
			<description>None</description>
			<possibleresult>
				<name>other-airplane</name>
			</possibleresult>
			<points>
				<point>566.000000,701.000000</point>
				<point>503.000000,707.000000</point>
				<point>498.000000,659.000000</point>
				<point>561.000000,653.000000</point>
				<point>566.000000,701.000000</point>
			</points>
		</object>
		<object>
			<coordinate>pixel</coordinate>
			<type>rectangle</type>
			<description>None</description>
			<possibleresult>
				<name>A350</name>
			</possibleresult>
			<points>
				<point>576.923035,800.000000</point>
				<point>484.769196,800.000000</point>
				<point>479.388153,730.047119</point>
				<point>570.999878,723.000000</point>
				<point>576.923035,800.000000</point>
			</points>
		</object>
		<object>
			<coordinate>pixel</coordinate>
			<type>rectangle</type>
			<description>None</description>
			<possibleresult>
				<name>A330</name>
			</possibleresult>
			<points>
				<point>215.000000,550.000000</point>
				<point>136.000000,554.000000</point>
				<point>133.000000,476.000000</point>
				<point>212.000000,472.000000</point>
				<point>215.000000,550.000000</point>
			</points>
		</object>
		<object>
			<coordinate>pixel</coordinate>
			<type>rectangle</type>
			<description>None</description>
			<possibleresult>
				<name>other-airplane</name>
			</possibleresult>
			<points>
				<point>225.000000,641.000000</point>
				<point>146.000000,645.000000</point>
				<point>141.000000,569.000000</point>
				<point>220.000000,564.000000</point>
				<point>225.000000,641.000000</point>
			</points>
		</object>
		<object>
			<coordinate>pixel</coordinate>
			<type>rectangle</type>
			<description>None</description>
			<possibleresult>
				<name>Boeing787</name>
			</possibleresult>
			<points>
				<point>232.000000,731.000000</point>
				<point>159.000000,734.000000</point>
				<point>156.000000,660.000000</point>
				<point>228.000000,656.000000</point>
				<point>232.000000,731.000000</point>
			</points>
		</object>
		<object>
			<coordinate>pixel</coordinate>
			<type>rectangle</type>
			<description>None</description>
			<possibleresult>
				<name>Boeing787</name>
			</possibleresult>
			<points>
				<point>234.210541,800.000000</point>
				<point>162.092117,800.000000</point>
				<point>159.993790,746.842346</point>
				<point>232.000015,743.999939</point>
				<point>234.210541,800.000000</point>
			</points>
		</object>
	</objects>
</annotation>