<?xml version="1.0" encoding="utf-8"?>
<annotation>
	<source>
		<filename>10594.tif</filename>
		<origin>GF2/GF3</origin>
	</source>
	<research>
		<version>1.0</version>
		<provider>FAIR1M</provider>
		<author>Cyber</author>
		<pluginname>FAIR1M</pluginname>
		<pluginclass>object detection</pluginclass>
		<time>2021-07-21</time>
	</research>
	<size>
		<width>800</width>
		<height>600</height>
		<depth>4</depth>
	</size>
	<objects>
		<object>
			<coordinate>pixel</coordinate>
			<type>rectangle</type>
			<description>None</description>
			<possibleresult>
				<name>Small Car</name>
			</possibleresult>
			<points>
				<point>71.000000,299.000000</point>
				<point>69.000000,319.000000</point>
				<point>61.000000,318.000000</point>
				<point>63.000000,298.000000</point>
				<point>71.000000,299.000000</point>
			</points>
		</object>
		<object>
			<coordinate>pixel</coordinate>
			<type>rectangle</type>
			<description>None</description>
			<possibleresult>
				<name>Van</name>
			</possibleresult>
			<points>
				<point>167.000000,351.000000</point>
				<point>166.000000,358.000000</point>
				<point>143.000000,357.000000</point>
				<point>143.000000,350.000000</point>
				<point>167.000000,351.000000</point>
			</points>
		</object>
		<object>
			<coordinate>pixel</coordinate>
			<type>rectangle</type>
			<description>None</description>
			<possibleresult>
				<name>Small Car</name>
			</possibleresult>
			<points>
				<point>170.000000,362.000000</point>
				<point>169.000000,369.000000</point>
				<point>149.000000,367.000000</point>
				<point>150.000000,359.000000</point>
				<point>170.000000,362.000000</point>
			</points>
		</object>
		<object>
			<coordinate>pixel</coordinate>
			<type>rectangle</type>
			<description>None</description>
			<possibleresult>
				<name>Van</name>
			</possibleresult>
			<points>
				<point>600.000000,540.000000</point>
				<point>599.000000,548.000000</point>
				<point>578.000000,546.000000</point>
				<point>579.000000,538.000000</point>
				<point>600.000000,540.000000</point>
			</points>
		</object>
		<object>
			<coordinate>pixel</coordinate>
			<type>rectangle</type>
			<description>None</description>
			<possibleresult>
				<name>Van</name>
			</possibleresult>
			<points>
				<point>504.000000,511.000000</point>
				<point>494.000000,511.000000</point>
				<point>494.000000,494.000000</point>
				<point>504.000000,494.000000</point>
				<point>504.000000,511.000000</point>
			</points>
		</object>
		<object>
			<coordinate>pixel</coordinate>
			<type>rectangle</type>
			<description>None</description>
			<possibleresult>
				<name>Small Car</name>
			</possibleresult>
			<points>
				<point>568.000000,451.000000</point>
				<point>567.000000,459.000000</point>
				<point>543.000000,456.000000</point>
				<point>544.000000,448.000000</point>
				<point>568.000000,451.000000</point>
			</points>
		</object>
		<object>
			<coordinate>pixel</coordinate>
			<type>rectangle</type>
			<description>None</description>
			<possibleresult>
				<name>Van</name>
			</possibleresult>
			<points>
				<point>412.000000,481.000000</point>
				<point>393.000000,481.000000</point>
				<point>393.000000,474.000000</point>
				<point>412.000000,474.000000</point>
				<point>412.000000,481.000000</point>
			</points>
		</object>
		<object>
			<coordinate>pixel</coordinate>
			<type>rectangle</type>
			<description>None</description>
			<possibleresult>
				<name>Van</name>
			</possibleresult>
			<points>
				<point>435.000000,480.000000</point>
				<point>433.000000,487.000000</point>
				<point>418.000000,482.000000</point>
				<point>420.000000,476.000000</point>
				<point>435.000000,480.000000</point>
			</points>
		</object>
		<object>
			<coordinate>pixel</coordinate>
			<type>rectangle</type>
			<description>None</description>
			<possibleresult>
				<name>Van</name>
			</possibleresult>
			<points>
				<point>481.000000,166.000000</point>
				<point>480.000000,175.000000</point>
				<point>453.000000,174.000000</point>
				<point>453.000000,165.000000</point>
				<point>481.000000,166.000000</point>
			</points>
		</object>
		<object>
			<coordinate>pixel</coordinate>
			<type>rectangle</type>
			<description>None</description>
			<possibleresult>
				<name>Small Car</name>
			</possibleresult>
			<points>
				<point>397.000000,89.000000</point>
				<point>394.000000,105.000000</point>
				<point>386.000000,103.000000</point>
				<point>389.000000,87.000000</point>
				<point>397.000000,89.000000</point>
			</points>
		</object>
		<object>
			<coordinate>pixel</coordinate>
			<type>rectangle</type>
			<description>None</description>
			<possibleresult>
				<name>Small Car</name>
			</possibleresult>
			<points>
				<point>395.000000,107.000000</point>
				<point>393.000000,121.000000</point>
				<point>385.000000,120.000000</point>
				<point>386.000000,106.000000</point>
				<point>395.000000,107.000000</point>
			</points>
		</object>
		<object>
			<coordinate>pixel</coordinate>
			<type>rectangle</type>
			<description>None</description>
			<possibleresult>
				<name>Van</name>
			</possibleresult>
			<points>
				<point>625.000000,130.000000</point>
				<point>614.000000,130.000000</point>
				<point>614.000000,112.000000</point>
				<point>625.000000,112.000000</point>
				<point>625.000000,130.000000</point>
			</points>
		</object>
		<object>
			<coordinate>pixel</coordinate>
			<type>rectangle</type>
			<description>None</description>
			<possibleresult>
				<name>Intersection</name>
			</possibleresult>
			<points>
				<point>152.000000,115.000000</point>
				<point>146.000000,182.000000</point>
				<point>83.000000,175.000000</point>
				<point>89.000000,108.000000</point>
				<point>152.000000,115.000000</point>
			</points>
		</object>
		<object>
			<coordinate>pixel</coordinate>
			<type>rectangle</type>
			<description>None</description>
			<possibleresult>
				<name>Small Car</name>
			</possibleresult>
			<points>
				<point>786.000000,528.000000</point>
				<point>770.000000,527.000000</point>
				<point>770.000000,519.000000</point>
				<point>786.000000,520.000000</point>
				<point>786.000000,528.000000</point>
			</points>
		</object>
		<object>
			<coordinate>pixel</coordinate>
			<type>rectangle</type>
			<description>None</description>
			<possibleresult>
				<name>Small Car</name>
			</possibleresult>
			<points>
				<point>794.000000,256.000000</point>
				<point>785.000000,257.000000</point>
				<point>783.000000,239.000000</point>
				<point>791.000000,238.000000</point>
				<point>794.000000,256.000000</point>
			</points>
		</object>
	</objects>
</annotation>