<?xml version="1.0" encoding="utf-8"?>
<annotation>
	<source>
		<filename>10749.tif</filename>
		<origin>GF2/GF3</origin>
	</source>
	<research>
		<version>1.0</version>
		<provider>FAIR1M</provider>
		<author>Cyber</author>
		<pluginname>FAIR1M</pluginname>
		<pluginclass>object detection</pluginclass>
		<time>2021-07-21</time>
	</research>
	<size>
		<width>1000</width>
		<height>1000</height>
		<depth>3</depth>
	</size>
	<objects>
		<object>
			<coordinate>pixel</coordinate>
			<type>rectangle</type>
			<description>None</description>
			<possibleresult>
				<name>Boeing737</name>
			</possibleresult>
			<points>
				<point>557.000000,403.000000</point>
				<point>582.000000,443.000000</point>
				<point>619.000000,421.000000</point>
				<point>594.000000,381.000000</point>
				<point>557.000000,403.000000</point>
			</points>
		</object>
		<object>
			<coordinate>pixel</coordinate>
			<type>rectangle</type>
			<description>None</description>
			<possibleresult>
				<name>Boeing737</name>
			</possibleresult>
			<points>
				<point>466.000000,465.000000</point>
				<point>491.000000,503.000000</point>
				<point>527.000000,480.000000</point>
				<point>503.000000,442.000000</point>
				<point>466.000000,465.000000</point>
			</points>
		</object>
		<object>
			<coordinate>pixel</coordinate>
			<type>rectangle</type>
			<description>None</description>
			<possibleresult>
				<name>A220</name>
			</possibleresult>
			<points>
				<point>367.000000,524.000000</point>
				<point>393.000000,565.000000</point>
				<point>428.000000,543.000000</point>
				<point>402.000000,502.000000</point>
				<point>367.000000,524.000000</point>
			</points>
		</object>
		<object>
			<coordinate>pixel</coordinate>
			<type>rectangle</type>
			<description>None</description>
			<possibleresult>
				<name>A220</name>
			</possibleresult>
			<points>
				<point>281.000000,576.000000</point>
				<point>306.000000,615.000000</point>
				<point>343.000000,592.000000</point>
				<point>318.000000,553.000000</point>
				<point>281.000000,576.000000</point>
			</points>
		</object>
		<object>
			<coordinate>pixel</coordinate>
			<type>rectangle</type>
			<description>None</description>
			<possibleresult>
				<name>Boeing737</name>
			</possibleresult>
			<points>
				<point>66.000000,736.000000</point>
				<point>92.000000,775.000000</point>
				<point>127.000000,752.000000</point>
				<point>101.000000,712.000000</point>
				<point>66.000000,736.000000</point>
			</points>
		</object>
		<object>
			<coordinate>pixel</coordinate>
			<type>rectangle</type>
			<description>None</description>
			<possibleresult>
				<name>A220</name>
			</possibleresult>
			<points>
				<point>6.000000,771.000000</point>
				<point>33.000000,812.000000</point>
				<point>69.000000,788.000000</point>
				<point>42.000000,747.000000</point>
				<point>6.000000,771.000000</point>
			</points>
		</object>
		<object>
			<coordinate>pixel</coordinate>
			<type>rectangle</type>
			<description>None</description>
			<possibleresult>
				<name>A220</name>
			</possibleresult>
			<points>
				<point>46.000000,551.000000</point>
				<point>17.000000,509.000000</point>
				<point>-20.000000,534.000000</point>
				<point>8.000000,576.000000</point>
				<point>46.000000,551.000000</point>
			</points>
		</object>
	</objects>
</annotation>