<?xml version="1.0" encoding="utf-8"?>
<annotation>
	<source>
		<filename>10746.tif</filename>
		<origin>GF2/GF3</origin>
	</source>
	<research>
		<version>1.0</version>
		<provider>FAIR1M</provider>
		<author>Cyber</author>
		<pluginname>FAIR1M</pluginname>
		<pluginclass>object detection</pluginclass>
		<time>2021-07-21</time>
	</research>
	<size>
		<width>600</width>
		<height>800</height>
		<depth>3</depth>
	</size>
	<objects>
		<object>
			<coordinate>pixel</coordinate>
			<type>rectangle</type>
			<description>None</description>
			<possibleresult>
				<name>Engineering Ship</name>
			</possibleresult>
			<points>
				<point>396.000000,407.000000</point>
				<point>377.000000,428.000000</point>
				<point>318.000000,373.000000</point>
				<point>337.000000,352.000000</point>
				<point>396.000000,407.000000</point>
			</points>
		</object>
		<object>
			<coordinate>pixel</coordinate>
			<type>rectangle</type>
			<description>None</description>
			<possibleresult>
				<name>Dry Cargo Ship</name>
			</possibleresult>
			<points>
				<point>500.000000,511.000000</point>
				<point>493.000000,518.000000</point>
				<point>436.000000,461.000000</point>
				<point>443.000000,454.000000</point>
				<point>500.000000,511.000000</point>
			</points>
		</object>
		<object>
			<coordinate>pixel</coordinate>
			<type>rectangle</type>
			<description>None</description>
			<possibleresult>
				<name>Dry Cargo Ship</name>
			</possibleresult>
			<points>
				<point>580.000000,599.000000</point>
				<point>574.000000,605.000000</point>
				<point>523.000000,550.000000</point>
				<point>529.000000,544.000000</point>
				<point>580.000000,599.000000</point>
			</points>
		</object>
		<object>
			<coordinate>pixel</coordinate>
			<type>rectangle</type>
			<description>None</description>
			<possibleresult>
				<name>other-ship</name>
			</possibleresult>
			<points>
				<point>516.000000,531.000000</point>
				<point>511.000000,535.000000</point>
				<point>495.000000,519.000000</point>
				<point>499.000000,515.000000</point>
				<point>516.000000,531.000000</point>
			</points>
		</object>
		<object>
			<coordinate>pixel</coordinate>
			<type>rectangle</type>
			<description>None</description>
			<possibleresult>
				<name>Dry Cargo Ship</name>
			</possibleresult>
			<points>
				<point>332.000000,239.000000</point>
				<point>283.000000,300.000000</point>
				<point>276.000000,295.000000</point>
				<point>326.000000,234.000000</point>
				<point>332.000000,239.000000</point>
			</points>
		</object>
		<object>
			<coordinate>pixel</coordinate>
			<type>rectangle</type>
			<description>None</description>
			<possibleresult>
				<name>Dry Cargo Ship</name>
			</possibleresult>
			<points>
				<point>391.000000,256.000000</point>
				<point>327.000000,343.000000</point>
				<point>318.000000,336.000000</point>
				<point>382.000000,250.000000</point>
				<point>391.000000,256.000000</point>
			</points>
		</object>
		<object>
			<coordinate>pixel</coordinate>
			<type>rectangle</type>
			<description>None</description>
			<possibleresult>
				<name>Liquid Cargo Ship</name>
			</possibleresult>
			<points>
				<point>190.000000,235.000000</point>
				<point>184.000000,244.000000</point>
				<point>102.000000,187.000000</point>
				<point>108.000000,178.000000</point>
				<point>190.000000,235.000000</point>
			</points>
		</object>
		<object>
			<coordinate>pixel</coordinate>
			<type>rectangle</type>
			<description>None</description>
			<possibleresult>
				<name>other-ship</name>
			</possibleresult>
			<points>
				<point>358.000000,229.000000</point>
				<point>353.000000,236.000000</point>
				<point>311.000000,205.000000</point>
				<point>316.000000,197.000000</point>
				<point>358.000000,229.000000</point>
			</points>
		</object>
		<object>
			<coordinate>pixel</coordinate>
			<type>rectangle</type>
			<description>None</description>
			<possibleresult>
				<name>Fishing Boat</name>
			</possibleresult>
			<points>
				<point>351.000000,205.000000</point>
				<point>348.000000,209.000000</point>
				<point>326.000000,198.000000</point>
				<point>329.000000,194.000000</point>
				<point>351.000000,205.000000</point>
			</points>
		</object>
		<object>
			<coordinate>pixel</coordinate>
			<type>rectangle</type>
			<description>None</description>
			<possibleresult>
				<name>Fishing Boat</name>
			</possibleresult>
			<points>
				<point>349.000000,212.000000</point>
				<point>346.000000,217.000000</point>
				<point>323.000000,204.000000</point>
				<point>326.000000,199.000000</point>
				<point>349.000000,212.000000</point>
			</points>
		</object>
		<object>
			<coordinate>pixel</coordinate>
			<type>rectangle</type>
			<description>None</description>
			<possibleresult>
				<name>Engineering Ship</name>
			</possibleresult>
			<points>
				<point>404.000000,242.000000</point>
				<point>396.000000,254.000000</point>
				<point>364.000000,231.000000</point>
				<point>372.000000,220.000000</point>
				<point>404.000000,242.000000</point>
			</points>
		</object>
	</objects>
</annotation>