<?xml version="1.0" encoding="utf-8"?>
<annotation>
	<source>
		<filename>10805.tif</filename>
		<origin>GF2/GF3</origin>
	</source>
	<research>
		<version>1.0</version>
		<provider>FAIR1M</provider>
		<author>Cyber</author>
		<pluginname>FAIR1M</pluginname>
		<pluginclass>object detection</pluginclass>
		<time>2021-07-21</time>
	</research>
	<size>
		<width>1000</width>
		<height>1000</height>
		<depth>3</depth>
	</size>
	<objects>
		<object>
			<coordinate>pixel</coordinate>
			<type>rectangle</type>
			<description>None</description>
			<possibleresult>
				<name>other-airplane</name>
			</possibleresult>
			<points>
				<point>950.000000,39.000000</point>
				<point>983.000000,49.000000</point>
				<point>993.000000,16.000000</point>
				<point>959.000000,6.000000</point>
				<point>950.000000,39.000000</point>
			</points>
		</object>
		<object>
			<coordinate>pixel</coordinate>
			<type>rectangle</type>
			<description>None</description>
			<possibleresult>
				<name>other-airplane</name>
			</possibleresult>
			<points>
				<point>937.000000,79.000000</point>
				<point>971.000000,88.000000</point>
				<point>980.000000,53.000000</point>
				<point>947.000000,44.000000</point>
				<point>937.000000,79.000000</point>
			</points>
		</object>
		<object>
			<coordinate>pixel</coordinate>
			<type>rectangle</type>
			<description>None</description>
			<possibleresult>
				<name>other-airplane</name>
			</possibleresult>
			<points>
				<point>1003.000000,135.000000</point>
				<point>973.000000,125.000000</point>
				<point>964.000000,153.000000</point>
				<point>994.000000,163.000000</point>
				<point>1003.000000,135.000000</point>
			</points>
		</object>
		<object>
			<coordinate>pixel</coordinate>
			<type>rectangle</type>
			<description>None</description>
			<possibleresult>
				<name>other-airplane</name>
			</possibleresult>
			<points>
				<point>841.000000,290.000000</point>
				<point>845.000000,311.000000</point>
				<point>867.000000,306.000000</point>
				<point>863.000000,285.000000</point>
				<point>841.000000,290.000000</point>
			</points>
		</object>
		<object>
			<coordinate>pixel</coordinate>
			<type>rectangle</type>
			<description>None</description>
			<possibleresult>
				<name>other-airplane</name>
			</possibleresult>
			<points>
				<point>872.000000,287.000000</point>
				<point>854.000000,305.000000</point>
				<point>869.000000,321.000000</point>
				<point>888.000000,304.000000</point>
				<point>872.000000,287.000000</point>
			</points>
		</object>
	</objects>
</annotation>