<?xml version="1.0" encoding="utf-8"?>
<annotation>
	<source>
		<filename>10842.tif</filename>
		<origin>GF2/GF3</origin>
	</source>
	<research>
		<version>1.0</version>
		<provider>FAIR1M</provider>
		<author>Cyber</author>
		<pluginname>FAIR1M</pluginname>
		<pluginclass>object detection</pluginclass>
		<time>2021-07-21</time>
	</research>
	<size>
		<width>1000</width>
		<height>1000</height>
		<depth>3</depth>
	</size>
	<objects>
		<object>
			<coordinate>pixel</coordinate>
			<type>rectangle</type>
			<description>None</description>
			<possibleresult>
				<name>A321</name>
			</possibleresult>
			<points>
				<point>493.000000,931.000000</point>
				<point>542.000000,907.000000</point>
				<point>523.000000,868.000000</point>
				<point>473.000000,892.000000</point>
				<point>493.000000,931.000000</point>
			</points>
		</object>
		<object>
			<coordinate>pixel</coordinate>
			<type>rectangle</type>
			<description>None</description>
			<possibleresult>
				<name>A220</name>
			</possibleresult>
			<points>
				<point>461.000000,870.000000</point>
				<point>506.000000,848.000000</point>
				<point>488.000000,810.000000</point>
				<point>442.000000,832.000000</point>
				<point>461.000000,870.000000</point>
			</points>
		</object>
		<object>
			<coordinate>pixel</coordinate>
			<type>rectangle</type>
			<description>None</description>
			<possibleresult>
				<name>A220</name>
			</possibleresult>
			<points>
				<point>408.000000,741.000000</point>
				<point>453.000000,720.000000</point>
				<point>434.000000,681.000000</point>
				<point>389.000000,702.000000</point>
				<point>408.000000,741.000000</point>
			</points>
		</object>
		<object>
			<coordinate>pixel</coordinate>
			<type>rectangle</type>
			<description>None</description>
			<possibleresult>
				<name>A220</name>
			</possibleresult>
			<points>
				<point>381.000000,677.000000</point>
				<point>425.000000,659.000000</point>
				<point>407.000000,617.000000</point>
				<point>363.000000,636.000000</point>
				<point>381.000000,677.000000</point>
			</points>
		</object>
		<object>
			<coordinate>pixel</coordinate>
			<type>rectangle</type>
			<description>None</description>
			<possibleresult>
				<name>A220</name>
			</possibleresult>
			<points>
				<point>374.000000,439.000000</point>
				<point>393.000000,480.000000</point>
				<point>433.000000,462.000000</point>
				<point>413.000000,420.000000</point>
				<point>374.000000,439.000000</point>
			</points>
		</object>
		<object>
			<coordinate>pixel</coordinate>
			<type>rectangle</type>
			<description>None</description>
			<possibleresult>
				<name>A220</name>
			</possibleresult>
			<points>
				<point>473.000000,405.000000</point>
				<point>515.000000,423.000000</point>
				<point>533.000000,382.000000</point>
				<point>491.000000,364.000000</point>
				<point>473.000000,405.000000</point>
			</points>
		</object>
		<object>
			<coordinate>pixel</coordinate>
			<type>rectangle</type>
			<description>None</description>
			<possibleresult>
				<name>other-airplane</name>
			</possibleresult>
			<points>
				<point>335.000000,274.000000</point>
				<point>316.000000,232.000000</point>
				<point>284.000000,247.000000</point>
				<point>304.000000,289.000000</point>
				<point>335.000000,274.000000</point>
			</points>
		</object>
		<object>
			<coordinate>pixel</coordinate>
			<type>rectangle</type>
			<description>None</description>
			<possibleresult>
				<name>Boeing737</name>
			</possibleresult>
			<points>
				<point>263.000000,318.000000</point>
				<point>274.000000,270.000000</point>
				<point>230.000000,261.000000</point>
				<point>220.000000,309.000000</point>
				<point>263.000000,318.000000</point>
			</points>
		</object>
		<object>
			<coordinate>pixel</coordinate>
			<type>rectangle</type>
			<description>None</description>
			<possibleresult>
				<name>Boeing737</name>
			</possibleresult>
			<points>
				<point>127.000000,166.000000</point>
				<point>171.000000,145.000000</point>
				<point>152.000000,104.000000</point>
				<point>108.000000,126.000000</point>
				<point>127.000000,166.000000</point>
			</points>
		</object>
		<object>
			<coordinate>pixel</coordinate>
			<type>rectangle</type>
			<description>None</description>
			<possibleresult>
				<name>other-airplane</name>
			</possibleresult>
			<points>
				<point>882.000000,901.000000</point>
				<point>842.000000,923.000000</point>
				<point>856.000000,949.000000</point>
				<point>896.000000,927.000000</point>
				<point>882.000000,901.000000</point>
			</points>
		</object>
		<object>
			<coordinate>pixel</coordinate>
			<type>rectangle</type>
			<description>None</description>
			<possibleresult>
				<name>A220</name>
			</possibleresult>
			<points>
				<point>382.000000,100.000000</point>
				<point>340.000000,118.000000</point>
				<point>357.000000,157.000000</point>
				<point>398.000000,140.000000</point>
				<point>382.000000,100.000000</point>
			</points>
		</object>
		<object>
			<coordinate>pixel</coordinate>
			<type>rectangle</type>
			<description>None</description>
			<possibleresult>
				<name>other-airplane</name>
			</possibleresult>
			<points>
				<point>628.000000,13.000000</point>
				<point>652.000000,64.000000</point>
				<point>692.000000,45.000000</point>
				<point>667.000000,-6.000000</point>
				<point>628.000000,13.000000</point>
			</points>
		</object>
	</objects>
</annotation>