<?xml version="1.0" encoding="utf-8"?>
<annotation>
	<source>
		<filename>10843.tif</filename>
		<origin>GF2/GF3</origin>
	</source>
	<research>
		<version>1.0</version>
		<provider>FAIR1M</provider>
		<author>Cyber</author>
		<pluginname>FAIR1M</pluginname>
		<pluginclass>object detection</pluginclass>
		<time>2021-07-21</time>
	</research>
	<size>
		<width>800</width>
		<height>600</height>
		<depth>4</depth>
	</size>
	<objects>
		<object>
			<coordinate>pixel</coordinate>
			<type>rectangle</type>
			<description>None</description>
			<possibleresult>
				<name>Van</name>
			</possibleresult>
			<points>
				<point>230.000000,417.000000</point>
				<point>227.000000,425.000000</point>
				<point>203.000000,416.000000</point>
				<point>206.000000,408.000000</point>
				<point>230.000000,417.000000</point>
			</points>
		</object>
		<object>
			<coordinate>pixel</coordinate>
			<type>rectangle</type>
			<description>None</description>
			<possibleresult>
				<name>Van</name>
			</possibleresult>
			<points>
				<point>351.000000,94.000000</point>
				<point>334.000000,100.000000</point>
				<point>331.000000,92.000000</point>
				<point>349.000000,86.000000</point>
				<point>351.000000,94.000000</point>
			</points>
		</object>
		<object>
			<coordinate>pixel</coordinate>
			<type>rectangle</type>
			<description>None</description>
			<possibleresult>
				<name>Small Car</name>
			</possibleresult>
			<points>
				<point>357.000000,105.000000</point>
				<point>342.000000,110.000000</point>
				<point>340.000000,103.000000</point>
				<point>355.000000,98.000000</point>
				<point>357.000000,105.000000</point>
			</points>
		</object>
		<object>
			<coordinate>pixel</coordinate>
			<type>rectangle</type>
			<description>None</description>
			<possibleresult>
				<name>Small Car</name>
			</possibleresult>
			<points>
				<point>364.000000,121.000000</point>
				<point>341.000000,122.000000</point>
				<point>341.000000,115.000000</point>
				<point>364.000000,115.000000</point>
				<point>364.000000,121.000000</point>
			</points>
		</object>
		<object>
			<coordinate>pixel</coordinate>
			<type>rectangle</type>
			<description>None</description>
			<possibleresult>
				<name>Cargo Truck</name>
			</possibleresult>
			<points>
				<point>395.000000,176.000000</point>
				<point>365.000000,178.000000</point>
				<point>365.000000,167.000000</point>
				<point>394.000000,166.000000</point>
				<point>395.000000,176.000000</point>
			</points>
		</object>
		<object>
			<coordinate>pixel</coordinate>
			<type>rectangle</type>
			<description>None</description>
			<possibleresult>
				<name>Cargo Truck</name>
			</possibleresult>
			<points>
				<point>321.000000,163.000000</point>
				<point>293.000000,163.000000</point>
				<point>293.000000,151.000000</point>
				<point>321.000000,152.000000</point>
				<point>321.000000,163.000000</point>
			</points>
		</object>
		<object>
			<coordinate>pixel</coordinate>
			<type>rectangle</type>
			<description>None</description>
			<possibleresult>
				<name>Cargo Truck</name>
			</possibleresult>
			<points>
				<point>315.000000,174.000000</point>
				<point>283.000000,175.000000</point>
				<point>283.000000,165.000000</point>
				<point>315.000000,164.000000</point>
				<point>315.000000,174.000000</point>
			</points>
		</object>
		<object>
			<coordinate>pixel</coordinate>
			<type>rectangle</type>
			<description>None</description>
			<possibleresult>
				<name>Dump Truck</name>
			</possibleresult>
			<points>
				<point>179.000000,226.000000</point>
				<point>175.000000,236.000000</point>
				<point>150.000000,225.000000</point>
				<point>155.000000,215.000000</point>
				<point>179.000000,226.000000</point>
			</points>
		</object>
		<object>
			<coordinate>pixel</coordinate>
			<type>rectangle</type>
			<description>None</description>
			<possibleresult>
				<name>Van</name>
			</possibleresult>
			<points>
				<point>76.000000,221.000000</point>
				<point>63.000000,236.000000</point>
				<point>56.000000,230.000000</point>
				<point>69.000000,215.000000</point>
				<point>76.000000,221.000000</point>
			</points>
		</object>
		<object>
			<coordinate>pixel</coordinate>
			<type>rectangle</type>
			<description>None</description>
			<possibleresult>
				<name>Van</name>
			</possibleresult>
			<points>
				<point>52.000000,189.000000</point>
				<point>45.000000,206.000000</point>
				<point>36.000000,202.000000</point>
				<point>43.000000,185.000000</point>
				<point>52.000000,189.000000</point>
			</points>
		</object>
		<object>
			<coordinate>pixel</coordinate>
			<type>rectangle</type>
			<description>None</description>
			<possibleresult>
				<name>Small Car</name>
			</possibleresult>
			<points>
				<point>39.000000,184.000000</point>
				<point>35.000000,201.000000</point>
				<point>26.000000,199.000000</point>
				<point>30.000000,182.000000</point>
				<point>39.000000,184.000000</point>
			</points>
		</object>
		<object>
			<coordinate>pixel</coordinate>
			<type>rectangle</type>
			<description>None</description>
			<possibleresult>
				<name>Small Car</name>
			</possibleresult>
			<points>
				<point>246.000000,142.000000</point>
				<point>240.000000,148.000000</point>
				<point>227.000000,134.000000</point>
				<point>234.000000,128.000000</point>
				<point>246.000000,142.000000</point>
			</points>
		</object>
		<object>
			<coordinate>pixel</coordinate>
			<type>rectangle</type>
			<description>None</description>
			<possibleresult>
				<name>Small Car</name>
			</possibleresult>
			<points>
				<point>234.000000,148.000000</point>
				<point>226.000000,153.000000</point>
				<point>217.000000,138.000000</point>
				<point>225.000000,133.000000</point>
				<point>234.000000,148.000000</point>
			</points>
		</object>
		<object>
			<coordinate>pixel</coordinate>
			<type>rectangle</type>
			<description>None</description>
			<possibleresult>
				<name>Small Car</name>
			</possibleresult>
			<points>
				<point>227.000000,155.000000</point>
				<point>221.000000,161.000000</point>
				<point>208.000000,147.000000</point>
				<point>215.000000,141.000000</point>
				<point>227.000000,155.000000</point>
			</points>
		</object>
		<object>
			<coordinate>pixel</coordinate>
			<type>rectangle</type>
			<description>None</description>
			<possibleresult>
				<name>Small Car</name>
			</possibleresult>
			<points>
				<point>219.000000,158.000000</point>
				<point>212.000000,165.000000</point>
				<point>199.000000,151.000000</point>
				<point>206.000000,144.000000</point>
				<point>219.000000,158.000000</point>
			</points>
		</object>
		<object>
			<coordinate>pixel</coordinate>
			<type>rectangle</type>
			<description>None</description>
			<possibleresult>
				<name>Van</name>
			</possibleresult>
			<points>
				<point>204.000000,162.000000</point>
				<point>196.000000,166.000000</point>
				<point>188.000000,150.000000</point>
				<point>196.000000,146.000000</point>
				<point>204.000000,162.000000</point>
			</points>
		</object>
		<object>
			<coordinate>pixel</coordinate>
			<type>rectangle</type>
			<description>None</description>
			<possibleresult>
				<name>Small Car</name>
			</possibleresult>
			<points>
				<point>195.000000,164.000000</point>
				<point>186.000000,169.000000</point>
				<point>177.000000,155.000000</point>
				<point>186.000000,149.000000</point>
				<point>195.000000,164.000000</point>
			</points>
		</object>
		<object>
			<coordinate>pixel</coordinate>
			<type>rectangle</type>
			<description>None</description>
			<possibleresult>
				<name>Van</name>
			</possibleresult>
			<points>
				<point>186.000000,171.000000</point>
				<point>178.000000,176.000000</point>
				<point>169.000000,160.000000</point>
				<point>177.000000,156.000000</point>
				<point>186.000000,171.000000</point>
			</points>
		</object>
		<object>
			<coordinate>pixel</coordinate>
			<type>rectangle</type>
			<description>None</description>
			<possibleresult>
				<name>Small Car</name>
			</possibleresult>
			<points>
				<point>175.000000,173.000000</point>
				<point>167.000000,177.000000</point>
				<point>159.000000,161.000000</point>
				<point>167.000000,157.000000</point>
				<point>175.000000,173.000000</point>
			</points>
		</object>
		<object>
			<coordinate>pixel</coordinate>
			<type>rectangle</type>
			<description>None</description>
			<possibleresult>
				<name>Van</name>
			</possibleresult>
			<points>
				<point>163.000000,175.000000</point>
				<point>154.000000,178.000000</point>
				<point>148.000000,163.000000</point>
				<point>156.000000,159.000000</point>
				<point>163.000000,175.000000</point>
			</points>
		</object>
		<object>
			<coordinate>pixel</coordinate>
			<type>rectangle</type>
			<description>None</description>
			<possibleresult>
				<name>Small Car</name>
			</possibleresult>
			<points>
				<point>153.000000,178.000000</point>
				<point>144.000000,182.000000</point>
				<point>138.000000,168.000000</point>
				<point>146.000000,164.000000</point>
				<point>153.000000,178.000000</point>
			</points>
		</object>
		<object>
			<coordinate>pixel</coordinate>
			<type>rectangle</type>
			<description>None</description>
			<possibleresult>
				<name>Small Car</name>
			</possibleresult>
			<points>
				<point>189.000000,146.000000</point>
				<point>181.000000,151.000000</point>
				<point>172.000000,136.000000</point>
				<point>180.000000,131.000000</point>
				<point>189.000000,146.000000</point>
			</points>
		</object>
		<object>
			<coordinate>pixel</coordinate>
			<type>rectangle</type>
			<description>None</description>
			<possibleresult>
				<name>Dump Truck</name>
			</possibleresult>
			<points>
				<point>180.000000,150.000000</point>
				<point>174.000000,155.000000</point>
				<point>162.000000,139.000000</point>
				<point>168.000000,134.000000</point>
				<point>180.000000,150.000000</point>
			</points>
		</object>
		<object>
			<coordinate>pixel</coordinate>
			<type>rectangle</type>
			<description>None</description>
			<possibleresult>
				<name>Small Car</name>
			</possibleresult>
			<points>
				<point>169.000000,155.000000</point>
				<point>162.000000,158.000000</point>
				<point>153.000000,141.000000</point>
				<point>160.000000,138.000000</point>
				<point>169.000000,155.000000</point>
			</points>
		</object>
		<object>
			<coordinate>pixel</coordinate>
			<type>rectangle</type>
			<description>None</description>
			<possibleresult>
				<name>Van</name>
			</possibleresult>
			<points>
				<point>159.000000,158.000000</point>
				<point>150.000000,161.000000</point>
				<point>143.000000,145.000000</point>
				<point>152.000000,142.000000</point>
				<point>159.000000,158.000000</point>
			</points>
		</object>
		<object>
			<coordinate>pixel</coordinate>
			<type>rectangle</type>
			<description>None</description>
			<possibleresult>
				<name>Small Car</name>
			</possibleresult>
			<points>
				<point>148.000000,160.000000</point>
				<point>139.000000,164.000000</point>
				<point>131.000000,146.000000</point>
				<point>140.000000,142.000000</point>
				<point>148.000000,160.000000</point>
			</points>
		</object>
		<object>
			<coordinate>pixel</coordinate>
			<type>rectangle</type>
			<description>None</description>
			<possibleresult>
				<name>Small Car</name>
			</possibleresult>
			<points>
				<point>136.000000,163.000000</point>
				<point>129.000000,166.000000</point>
				<point>121.000000,150.000000</point>
				<point>128.000000,146.000000</point>
				<point>136.000000,163.000000</point>
			</points>
		</object>
		<object>
			<coordinate>pixel</coordinate>
			<type>rectangle</type>
			<description>None</description>
			<possibleresult>
				<name>Small Car</name>
			</possibleresult>
			<points>
				<point>126.000000,166.000000</point>
				<point>118.000000,170.000000</point>
				<point>111.000000,153.000000</point>
				<point>119.000000,149.000000</point>
				<point>126.000000,166.000000</point>
			</points>
		</object>
		<object>
			<coordinate>pixel</coordinate>
			<type>rectangle</type>
			<description>None</description>
			<possibleresult>
				<name>Van</name>
			</possibleresult>
			<points>
				<point>113.000000,170.000000</point>
				<point>103.000000,172.000000</point>
				<point>99.000000,155.000000</point>
				<point>109.000000,153.000000</point>
				<point>113.000000,170.000000</point>
			</points>
		</object>
		<object>
			<coordinate>pixel</coordinate>
			<type>rectangle</type>
			<description>None</description>
			<possibleresult>
				<name>Van</name>
			</possibleresult>
			<points>
				<point>199.000000,141.000000</point>
				<point>191.000000,147.000000</point>
				<point>182.000000,134.000000</point>
				<point>190.000000,128.000000</point>
				<point>199.000000,141.000000</point>
			</points>
		</object>
		<object>
			<coordinate>pixel</coordinate>
			<type>rectangle</type>
			<description>None</description>
			<possibleresult>
				<name>Small Car</name>
			</possibleresult>
			<points>
				<point>214.000000,140.000000</point>
				<point>207.000000,145.000000</point>
				<point>194.000000,129.000000</point>
				<point>200.000000,124.000000</point>
				<point>214.000000,140.000000</point>
			</points>
		</object>
		<object>
			<coordinate>pixel</coordinate>
			<type>rectangle</type>
			<description>None</description>
			<possibleresult>
				<name>Small Car</name>
			</possibleresult>
			<points>
				<point>221.000000,133.000000</point>
				<point>213.000000,139.000000</point>
				<point>202.000000,125.000000</point>
				<point>209.000000,119.000000</point>
				<point>221.000000,133.000000</point>
			</points>
		</object>
		<object>
			<coordinate>pixel</coordinate>
			<type>rectangle</type>
			<description>None</description>
			<possibleresult>
				<name>Van</name>
			</possibleresult>
			<points>
				<point>230.000000,129.000000</point>
				<point>222.000000,134.000000</point>
				<point>213.000000,120.000000</point>
				<point>221.000000,115.000000</point>
				<point>230.000000,129.000000</point>
			</points>
		</object>
		<object>
			<coordinate>pixel</coordinate>
			<type>rectangle</type>
			<description>None</description>
			<possibleresult>
				<name>Small Car</name>
			</possibleresult>
			<points>
				<point>240.000000,124.000000</point>
				<point>232.000000,129.000000</point>
				<point>223.000000,115.000000</point>
				<point>231.000000,110.000000</point>
				<point>240.000000,124.000000</point>
			</points>
		</object>
		<object>
			<coordinate>pixel</coordinate>
			<type>rectangle</type>
			<description>None</description>
			<possibleresult>
				<name>Van</name>
			</possibleresult>
			<points>
				<point>251.000000,123.000000</point>
				<point>243.000000,128.000000</point>
				<point>232.000000,111.000000</point>
				<point>240.000000,105.000000</point>
				<point>251.000000,123.000000</point>
			</points>
		</object>
		<object>
			<coordinate>pixel</coordinate>
			<type>rectangle</type>
			<description>None</description>
			<possibleresult>
				<name>Van</name>
			</possibleresult>
			<points>
				<point>295.000000,76.000000</point>
				<point>270.000000,77.000000</point>
				<point>270.000000,68.000000</point>
				<point>295.000000,68.000000</point>
				<point>295.000000,76.000000</point>
			</points>
		</object>
		<object>
			<coordinate>pixel</coordinate>
			<type>rectangle</type>
			<description>None</description>
			<possibleresult>
				<name>Van</name>
			</possibleresult>
			<points>
				<point>264.000000,78.000000</point>
				<point>238.000000,79.000000</point>
				<point>238.000000,70.000000</point>
				<point>263.000000,69.000000</point>
				<point>264.000000,78.000000</point>
			</points>
		</object>
		<object>
			<coordinate>pixel</coordinate>
			<type>rectangle</type>
			<description>None</description>
			<possibleresult>
				<name>Dump Truck</name>
			</possibleresult>
			<points>
				<point>224.000000,55.000000</point>
				<point>211.000000,55.000000</point>
				<point>209.000000,25.000000</point>
				<point>222.000000,24.000000</point>
				<point>224.000000,55.000000</point>
			</points>
		</object>
		<object>
			<coordinate>pixel</coordinate>
			<type>rectangle</type>
			<description>None</description>
			<possibleresult>
				<name>Van</name>
			</possibleresult>
			<points>
				<point>202.000000,63.000000</point>
				<point>199.000000,70.000000</point>
				<point>181.000000,62.000000</point>
				<point>184.000000,55.000000</point>
				<point>202.000000,63.000000</point>
			</points>
		</object>
		<object>
			<coordinate>pixel</coordinate>
			<type>rectangle</type>
			<description>None</description>
			<possibleresult>
				<name>Van</name>
			</possibleresult>
			<points>
				<point>195.000000,69.000000</point>
				<point>191.000000,77.000000</point>
				<point>171.000000,68.000000</point>
				<point>175.000000,60.000000</point>
				<point>195.000000,69.000000</point>
			</points>
		</object>
		<object>
			<coordinate>pixel</coordinate>
			<type>rectangle</type>
			<description>None</description>
			<possibleresult>
				<name>Small Car</name>
			</possibleresult>
			<points>
				<point>192.000000,79.000000</point>
				<point>189.000000,87.000000</point>
				<point>165.000000,76.000000</point>
				<point>168.000000,69.000000</point>
				<point>192.000000,79.000000</point>
			</points>
		</object>
		<object>
			<coordinate>pixel</coordinate>
			<type>rectangle</type>
			<description>None</description>
			<possibleresult>
				<name>Van</name>
			</possibleresult>
			<points>
				<point>182.000000,87.000000</point>
				<point>178.000000,94.000000</point>
				<point>159.000000,83.000000</point>
				<point>162.000000,76.000000</point>
				<point>182.000000,87.000000</point>
			</points>
		</object>
		<object>
			<coordinate>pixel</coordinate>
			<type>rectangle</type>
			<description>None</description>
			<possibleresult>
				<name>Van</name>
			</possibleresult>
			<points>
				<point>173.000000,95.000000</point>
				<point>169.000000,101.000000</point>
				<point>152.000000,89.000000</point>
				<point>157.000000,83.000000</point>
				<point>173.000000,95.000000</point>
			</points>
		</object>
		<object>
			<coordinate>pixel</coordinate>
			<type>rectangle</type>
			<description>None</description>
			<possibleresult>
				<name>Van</name>
			</possibleresult>
			<points>
				<point>160.000000,101.000000</point>
				<point>155.000000,107.000000</point>
				<point>142.000000,95.000000</point>
				<point>148.000000,89.000000</point>
				<point>160.000000,101.000000</point>
			</points>
		</object>
		<object>
			<coordinate>pixel</coordinate>
			<type>rectangle</type>
			<description>None</description>
			<possibleresult>
				<name>Dump Truck</name>
			</possibleresult>
			<points>
				<point>152.000000,108.000000</point>
				<point>145.000000,114.000000</point>
				<point>134.000000,99.000000</point>
				<point>141.000000,93.000000</point>
				<point>152.000000,108.000000</point>
			</points>
		</object>
		<object>
			<coordinate>pixel</coordinate>
			<type>rectangle</type>
			<description>None</description>
			<possibleresult>
				<name>Van</name>
			</possibleresult>
			<points>
				<point>140.000000,112.000000</point>
				<point>132.000000,117.000000</point>
				<point>122.000000,101.000000</point>
				<point>130.000000,96.000000</point>
				<point>140.000000,112.000000</point>
			</points>
		</object>
		<object>
			<coordinate>pixel</coordinate>
			<type>rectangle</type>
			<description>None</description>
			<possibleresult>
				<name>Dump Truck</name>
			</possibleresult>
			<points>
				<point>666.000000,430.000000</point>
				<point>645.000000,434.000000</point>
				<point>644.000000,427.000000</point>
				<point>664.000000,422.000000</point>
				<point>666.000000,430.000000</point>
			</points>
		</object>
		<object>
			<coordinate>pixel</coordinate>
			<type>rectangle</type>
			<description>None</description>
			<possibleresult>
				<name>Van</name>
			</possibleresult>
			<points>
				<point>643.000000,435.000000</point>
				<point>623.000000,435.000000</point>
				<point>623.000000,428.000000</point>
				<point>643.000000,428.000000</point>
				<point>643.000000,435.000000</point>
			</points>
		</object>
		<object>
			<coordinate>pixel</coordinate>
			<type>rectangle</type>
			<description>None</description>
			<possibleresult>
				<name>Small Car</name>
			</possibleresult>
			<points>
				<point>615.000000,438.000000</point>
				<point>595.000000,439.000000</point>
				<point>594.000000,432.000000</point>
				<point>614.000000,430.000000</point>
				<point>615.000000,438.000000</point>
			</points>
		</object>
		<object>
			<coordinate>pixel</coordinate>
			<type>rectangle</type>
			<description>None</description>
			<possibleresult>
				<name>Van</name>
			</possibleresult>
			<points>
				<point>517.000000,395.000000</point>
				<point>515.000000,404.000000</point>
				<point>488.000000,398.000000</point>
				<point>490.000000,390.000000</point>
				<point>517.000000,395.000000</point>
			</points>
		</object>
		<object>
			<coordinate>pixel</coordinate>
			<type>rectangle</type>
			<description>None</description>
			<possibleresult>
				<name>Dump Truck</name>
			</possibleresult>
			<points>
				<point>329.000000,377.000000</point>
				<point>326.000000,385.000000</point>
				<point>303.000000,376.000000</point>
				<point>306.000000,368.000000</point>
				<point>329.000000,377.000000</point>
			</points>
		</object>
		<object>
			<coordinate>pixel</coordinate>
			<type>rectangle</type>
			<description>None</description>
			<possibleresult>
				<name>Dump Truck</name>
			</possibleresult>
			<points>
				<point>296.000000,360.000000</point>
				<point>292.000000,368.000000</point>
				<point>269.000000,358.000000</point>
				<point>273.000000,350.000000</point>
				<point>296.000000,360.000000</point>
			</points>
		</object>
		<object>
			<coordinate>pixel</coordinate>
			<type>rectangle</type>
			<description>None</description>
			<possibleresult>
				<name>Dump Truck</name>
			</possibleresult>
			<points>
				<point>328.000000,340.000000</point>
				<point>326.000000,348.000000</point>
				<point>302.000000,342.000000</point>
				<point>303.000000,335.000000</point>
				<point>328.000000,340.000000</point>
			</points>
		</object>
		<object>
			<coordinate>pixel</coordinate>
			<type>rectangle</type>
			<description>None</description>
			<possibleresult>
				<name>Dump Truck</name>
			</possibleresult>
			<points>
				<point>128.000000,386.000000</point>
				<point>106.000000,392.000000</point>
				<point>104.000000,384.000000</point>
				<point>126.000000,378.000000</point>
				<point>128.000000,386.000000</point>
			</points>
		</object>
		<object>
			<coordinate>pixel</coordinate>
			<type>rectangle</type>
			<description>None</description>
			<possibleresult>
				<name>Dump Truck</name>
			</possibleresult>
			<points>
				<point>159.000000,377.000000</point>
				<point>137.000000,384.000000</point>
				<point>135.000000,376.000000</point>
				<point>157.000000,369.000000</point>
				<point>159.000000,377.000000</point>
			</points>
		</object>
		<object>
			<coordinate>pixel</coordinate>
			<type>rectangle</type>
			<description>None</description>
			<possibleresult>
				<name>Dump Truck</name>
			</possibleresult>
			<points>
				<point>61.000000,130.000000</point>
				<point>50.000000,131.000000</point>
				<point>48.000000,110.000000</point>
				<point>59.000000,109.000000</point>
				<point>61.000000,130.000000</point>
			</points>
		</object>
		<object>
			<coordinate>pixel</coordinate>
			<type>rectangle</type>
			<description>None</description>
			<possibleresult>
				<name>Dump Truck</name>
			</possibleresult>
			<points>
				<point>72.000000,130.000000</point>
				<point>62.000000,131.000000</point>
				<point>60.000000,112.000000</point>
				<point>69.000000,110.000000</point>
				<point>72.000000,130.000000</point>
			</points>
		</object>
		<object>
			<coordinate>pixel</coordinate>
			<type>rectangle</type>
			<description>None</description>
			<possibleresult>
				<name>Small Car</name>
			</possibleresult>
			<points>
				<point>82.000000,128.000000</point>
				<point>73.000000,128.000000</point>
				<point>72.000000,111.000000</point>
				<point>81.000000,110.000000</point>
				<point>82.000000,128.000000</point>
			</points>
		</object>
		<object>
			<coordinate>pixel</coordinate>
			<type>rectangle</type>
			<description>None</description>
			<possibleresult>
				<name>Small Car</name>
			</possibleresult>
			<points>
				<point>93.000000,127.000000</point>
				<point>83.000000,128.000000</point>
				<point>82.000000,110.000000</point>
				<point>92.000000,109.000000</point>
				<point>93.000000,127.000000</point>
			</points>
		</object>
		<object>
			<coordinate>pixel</coordinate>
			<type>rectangle</type>
			<description>None</description>
			<possibleresult>
				<name>Small Car</name>
			</possibleresult>
			<points>
				<point>106.000000,124.000000</point>
				<point>95.000000,127.000000</point>
				<point>92.000000,110.000000</point>
				<point>102.000000,108.000000</point>
				<point>106.000000,124.000000</point>
			</points>
		</object>
		<object>
			<coordinate>pixel</coordinate>
			<type>rectangle</type>
			<description>None</description>
			<possibleresult>
				<name>Van</name>
			</possibleresult>
			<points>
				<point>119.000000,124.000000</point>
				<point>109.000000,127.000000</point>
				<point>103.000000,110.000000</point>
				<point>113.000000,107.000000</point>
				<point>119.000000,124.000000</point>
			</points>
		</object>
		<object>
			<coordinate>pixel</coordinate>
			<type>rectangle</type>
			<description>None</description>
			<possibleresult>
				<name>Small Car</name>
			</possibleresult>
			<points>
				<point>130.000000,119.000000</point>
				<point>121.000000,123.000000</point>
				<point>113.000000,106.000000</point>
				<point>122.000000,102.000000</point>
				<point>130.000000,119.000000</point>
			</points>
		</object>
	</objects>
</annotation>