<?xml version="1.0" encoding="utf-8"?>
<annotation>
	<source>
		<filename>10844.tif</filename>
		<origin>GF2/GF3</origin>
	</source>
	<research>
		<version>1.0</version>
		<provider>FAIR1M</provider>
		<author>Cyber</author>
		<pluginname>FAIR1M</pluginname>
		<pluginclass>object detection</pluginclass>
		<time>2021-07-21</time>
	</research>
	<size>
		<width>2000</width>
		<height>2000</height>
		<depth>3</depth>
	</size>
	<objects>
		<object>
			<coordinate>pixel</coordinate>
			<type>rectangle</type>
			<description>None</description>
			<possibleresult>
				<name>Liquid Cargo Ship</name>
			</possibleresult>
			<points>
				<point>518.000000,711.000000</point>
				<point>430.000000,676.000000</point>
				<point>422.000000,695.000000</point>
				<point>511.000000,729.000000</point>
				<point>518.000000,711.000000</point>
			</points>
		</object>
		<object>
			<coordinate>pixel</coordinate>
			<type>rectangle</type>
			<description>None</description>
			<possibleresult>
				<name>Liquid Cargo Ship</name>
			</possibleresult>
			<points>
				<point>657.000000,966.000000</point>
				<point>594.000000,936.000000</point>
				<point>583.000000,958.000000</point>
				<point>647.000000,988.000000</point>
				<point>657.000000,966.000000</point>
			</points>
		</object>
		<object>
			<coordinate>pixel</coordinate>
			<type>rectangle</type>
			<description>None</description>
			<possibleresult>
				<name>other-ship</name>
			</possibleresult>
			<points>
				<point>1076.000000,756.000000</point>
				<point>1101.000000,765.000000</point>
				<point>1106.000000,754.000000</point>
				<point>1081.000000,744.000000</point>
				<point>1076.000000,756.000000</point>
			</points>
		</object>
		<object>
			<coordinate>pixel</coordinate>
			<type>rectangle</type>
			<description>None</description>
			<possibleresult>
				<name>other-ship</name>
			</possibleresult>
			<points>
				<point>549.000000,1872.000000</point>
				<point>556.000000,1849.000000</point>
				<point>548.000000,1847.000000</point>
				<point>541.000000,1869.000000</point>
				<point>549.000000,1872.000000</point>
			</points>
		</object>
		<object>
			<coordinate>pixel</coordinate>
			<type>rectangle</type>
			<description>None</description>
			<possibleresult>
				<name>other-ship</name>
			</possibleresult>
			<points>
				<point>487.000000,1986.000000</point>
				<point>496.000000,1966.000000</point>
				<point>486.000000,1961.000000</point>
				<point>476.000000,1981.000000</point>
				<point>487.000000,1986.000000</point>
			</points>
		</object>
		<object>
			<coordinate>pixel</coordinate>
			<type>rectangle</type>
			<description>None</description>
			<possibleresult>
				<name>Engineering Ship</name>
			</possibleresult>
			<points>
				<point>1336.000000,1840.000000</point>
				<point>1329.000000,1872.000000</point>
				<point>1345.000000,1876.000000</point>
				<point>1353.000000,1844.000000</point>
				<point>1336.000000,1840.000000</point>
			</points>
		</object>
	</objects>
</annotation>