<?xml version="1.0" encoding="utf-8"?>
<annotation>
	<source>
		<filename>10866.tif</filename>
		<origin>GF2/GF3</origin>
	</source>
	<research>
		<version>1.0</version>
		<provider>FAIR1M</provider>
		<author>Cyber</author>
		<pluginname>FAIR1M</pluginname>
		<pluginclass>object detection</pluginclass>
		<time>2021-07-21</time>
	</research>
	<size>
		<width>800</width>
		<height>600</height>
		<depth>3</depth>
	</size>
	<objects>
		<object>
			<coordinate>pixel</coordinate>
			<type>rectangle</type>
			<description>None</description>
			<possibleresult>
				<name>Fishing Boat</name>
			</possibleresult>
			<points>
				<point>722.000000,331.000000</point>
				<point>698.000000,367.000000</point>
				<point>691.000000,362.000000</point>
				<point>715.000000,326.000000</point>
				<point>722.000000,331.000000</point>
			</points>
		</object>
		<object>
			<coordinate>pixel</coordinate>
			<type>rectangle</type>
			<description>None</description>
			<possibleresult>
				<name>Dry Cargo Ship</name>
			</possibleresult>
			<points>
				<point>158.000000,316.999969</point>
				<point>0.000000,397.795410</point>
				<point>0.000000,363.147705</point>
				<point>143.955063,289.534332</point>
				<point>158.000000,316.999969</point>
			</points>
		</object>
		<object>
			<coordinate>pixel</coordinate>
			<type>rectangle</type>
			<description>None</description>
			<possibleresult>
				<name>Dry Cargo Ship</name>
			</possibleresult>
			<points>
				<point>185.000000,323.000000</point>
				<point>40.000000,405.000000</point>
				<point>29.000000,386.000000</point>
				<point>174.000000,304.000000</point>
				<point>185.000000,323.000000</point>
			</points>
		</object>
		<object>
			<coordinate>pixel</coordinate>
			<type>rectangle</type>
			<description>None</description>
			<possibleresult>
				<name>Dry Cargo Ship</name>
			</possibleresult>
			<points>
				<point>273.000000,238.000000</point>
				<point>184.000000,289.000000</point>
				<point>173.000000,270.000000</point>
				<point>262.000000,219.000000</point>
				<point>273.000000,238.000000</point>
			</points>
		</object>
		<object>
			<coordinate>pixel</coordinate>
			<type>rectangle</type>
			<description>None</description>
			<possibleresult>
				<name>Dry Cargo Ship</name>
			</possibleresult>
			<points>
				<point>258.000000,263.000000</point>
				<point>196.000000,299.000000</point>
				<point>189.000000,288.000000</point>
				<point>251.000000,252.000000</point>
				<point>258.000000,263.000000</point>
			</points>
		</object>
		<object>
			<coordinate>pixel</coordinate>
			<type>rectangle</type>
			<description>None</description>
			<possibleresult>
				<name>Dry Cargo Ship</name>
			</possibleresult>
			<points>
				<point>241.000000,132.000000</point>
				<point>240.000000,165.000000</point>
				<point>57.000000,158.000000</point>
				<point>59.000000,125.000000</point>
				<point>241.000000,132.000000</point>
			</points>
		</object>
		<object>
			<coordinate>pixel</coordinate>
			<type>rectangle</type>
			<description>None</description>
			<possibleresult>
				<name>Liquid Cargo Ship</name>
			</possibleresult>
			<points>
				<point>277.000000,88.000015</point>
				<point>260.902039,84.443489</point>
				<point>279.902039,-1.556511</point>
				<point>296.000000,2.000015</point>
				<point>277.000000,88.000015</point>
			</points>
		</object>
		<object>
			<coordinate>pixel</coordinate>
			<type>rectangle</type>
			<description>None</description>
			<possibleresult>
				<name>Dry Cargo Ship</name>
			</possibleresult>
			<points>
				<point>319.000000,28.000000</point>
				<point>310.000000,71.000000</point>
				<point>302.000000,69.000000</point>
				<point>311.000000,26.000000</point>
				<point>319.000000,28.000000</point>
			</points>
		</object>
	</objects>
</annotation>