<?xml version="1.0" encoding="utf-8"?>
<annotation>
	<source>
		<filename>11086.tif</filename>
		<origin>GF2/GF3</origin>
	</source>
	<research>
		<version>1.0</version>
		<provider>FAIR1M</provider>
		<author>Cyber</author>
		<pluginname>FAIR1M</pluginname>
		<pluginclass>object detection</pluginclass>
		<time>2021-07-21</time>
	</research>
	<size>
		<width>1000</width>
		<height>1000</height>
		<depth>3</depth>
	</size>
	<objects>
		<object>
			<coordinate>pixel</coordinate>
			<type>rectangle</type>
			<description>None</description>
			<possibleresult>
				<name>Football Field</name>
			</possibleresult>
			<points>
				<point>298.941711,373.443237</point>
				<point>-52.941208,59.301620</point>
				<point>75.117004,-84.141632</point>
				<point>426.999939,229.999985</point>
				<point>298.941711,373.443237</point>
			</points>
		</object>
		<object>
			<coordinate>pixel</coordinate>
			<type>rectangle</type>
			<description>None</description>
			<possibleresult>
				<name>Small Car</name>
			</possibleresult>
			<points>
				<point>905.000000,893.000000</point>
				<point>897.000000,898.000000</point>
				<point>887.000000,881.000000</point>
				<point>894.000000,876.000000</point>
				<point>905.000000,893.000000</point>
			</points>
		</object>
		<object>
			<coordinate>pixel</coordinate>
			<type>rectangle</type>
			<description>None</description>
			<possibleresult>
				<name>Van</name>
			</possibleresult>
			<points>
				<point>723.000000,956.000000</point>
				<point>715.000000,960.000000</point>
				<point>707.000000,945.000000</point>
				<point>714.000000,941.000000</point>
				<point>723.000000,956.000000</point>
			</points>
		</object>
		<object>
			<coordinate>pixel</coordinate>
			<type>rectangle</type>
			<description>None</description>
			<possibleresult>
				<name>Small Car</name>
			</possibleresult>
			<points>
				<point>380.000000,911.000000</point>
				<point>368.000000,922.000000</point>
				<point>363.000000,916.000000</point>
				<point>375.000000,905.000000</point>
				<point>380.000000,911.000000</point>
			</points>
		</object>
		<object>
			<coordinate>pixel</coordinate>
			<type>rectangle</type>
			<description>None</description>
			<possibleresult>
				<name>Van</name>
			</possibleresult>
			<points>
				<point>363.000000,907.000000</point>
				<point>347.000000,919.000000</point>
				<point>343.000000,914.000000</point>
				<point>359.000000,902.000000</point>
				<point>363.000000,907.000000</point>
			</points>
		</object>
		<object>
			<coordinate>pixel</coordinate>
			<type>rectangle</type>
			<description>None</description>
			<possibleresult>
				<name>Small Car</name>
			</possibleresult>
			<points>
				<point>232.000000,813.000000</point>
				<point>212.000000,821.000000</point>
				<point>209.000000,814.000000</point>
				<point>229.000000,806.000000</point>
				<point>232.000000,813.000000</point>
			</points>
		</object>
		<object>
			<coordinate>pixel</coordinate>
			<type>rectangle</type>
			<description>None</description>
			<possibleresult>
				<name>Van</name>
			</possibleresult>
			<points>
				<point>186.000000,689.000000</point>
				<point>171.000000,699.000000</point>
				<point>167.000000,693.000000</point>
				<point>182.000000,683.000000</point>
				<point>186.000000,689.000000</point>
			</points>
		</object>
		<object>
			<coordinate>pixel</coordinate>
			<type>rectangle</type>
			<description>None</description>
			<possibleresult>
				<name>Van</name>
			</possibleresult>
			<points>
				<point>167.000000,701.000000</point>
				<point>150.000000,713.000000</point>
				<point>146.000000,707.000000</point>
				<point>163.000000,695.000000</point>
				<point>167.000000,701.000000</point>
			</points>
		</object>
		<object>
			<coordinate>pixel</coordinate>
			<type>rectangle</type>
			<description>None</description>
			<possibleresult>
				<name>Small Car</name>
			</possibleresult>
			<points>
				<point>44.000000,577.000000</point>
				<point>26.000000,589.000000</point>
				<point>22.000000,583.000000</point>
				<point>40.000000,570.000000</point>
				<point>44.000000,577.000000</point>
			</points>
		</object>
		<object>
			<coordinate>pixel</coordinate>
			<type>rectangle</type>
			<description>None</description>
			<possibleresult>
				<name>Van</name>
			</possibleresult>
			<points>
				<point>93.000000,404.000000</point>
				<point>78.000000,415.000000</point>
				<point>73.000000,409.000000</point>
				<point>89.000000,398.000000</point>
				<point>93.000000,404.000000</point>
			</points>
		</object>
		<object>
			<coordinate>pixel</coordinate>
			<type>rectangle</type>
			<description>None</description>
			<possibleresult>
				<name>Van</name>
			</possibleresult>
			<points>
				<point>41.000000,439.000000</point>
				<point>26.000000,449.000000</point>
				<point>22.000000,443.000000</point>
				<point>36.000000,433.000000</point>
				<point>41.000000,439.000000</point>
			</points>
		</object>
		<object>
			<coordinate>pixel</coordinate>
			<type>rectangle</type>
			<description>None</description>
			<possibleresult>
				<name>Van</name>
			</possibleresult>
			<points>
				<point>20.000000,318.000000</point>
				<point>11.000000,323.000000</point>
				<point>5.000000,314.000000</point>
				<point>15.000000,309.000000</point>
				<point>20.000000,318.000000</point>
			</points>
		</object>
	</objects>
</annotation>