<?xml version="1.0" encoding="utf-8"?>
<annotation>
	<source>
		<filename>11080.tif</filename>
		<origin>GF2/GF3</origin>
	</source>
	<research>
		<version>1.0</version>
		<provider>FAIR1M</provider>
		<author>Cyber</author>
		<pluginname>FAIR1M</pluginname>
		<pluginclass>object detection</pluginclass>
		<time>2021-07-21</time>
	</research>
	<size>
		<width>1000</width>
		<height>1000</height>
		<depth>3</depth>
	</size>
	<objects>
		<object>
			<coordinate>pixel</coordinate>
			<type>rectangle</type>
			<description>None</description>
			<possibleresult>
				<name>Liquid Cargo Ship</name>
			</possibleresult>
			<points>
				<point>222.000000,729.000000</point>
				<point>31.000000,484.000000</point>
				<point>-13.000000,519.000000</point>
				<point>177.000000,763.000000</point>
				<point>222.000000,729.000000</point>
			</points>
		</object>
		<object>
			<coordinate>pixel</coordinate>
			<type>rectangle</type>
			<description>None</description>
			<possibleresult>
				<name>Liquid Cargo Ship</name>
			</possibleresult>
			<points>
				<point>974.000000,669.000000</point>
				<point>964.000000,762.000000</point>
				<point>979.000000,762.000000</point>
				<point>990.000000,670.000000</point>
				<point>974.000000,669.000000</point>
			</points>
		</object>
		<object>
			<coordinate>pixel</coordinate>
			<type>rectangle</type>
			<description>None</description>
			<possibleresult>
				<name>Liquid Cargo Ship</name>
			</possibleresult>
			<points>
				<point>947.000000,662.000000</point>
				<point>934.000000,753.000000</point>
				<point>950.000000,754.000000</point>
				<point>960.000000,664.000000</point>
				<point>947.000000,662.000000</point>
			</points>
		</object>
		<object>
			<coordinate>pixel</coordinate>
			<type>rectangle</type>
			<description>None</description>
			<possibleresult>
				<name>Liquid Cargo Ship</name>
			</possibleresult>
			<points>
				<point>850.000000,585.000000</point>
				<point>840.000000,679.000000</point>
				<point>854.000000,680.000000</point>
				<point>867.000000,587.000000</point>
				<point>850.000000,585.000000</point>
			</points>
		</object>
		<object>
			<coordinate>pixel</coordinate>
			<type>rectangle</type>
			<description>None</description>
			<possibleresult>
				<name>other-ship</name>
			</possibleresult>
			<points>
				<point>477.000000,554.000000</point>
				<point>471.000000,531.000000</point>
				<point>464.000000,535.000000</point>
				<point>472.000000,555.000000</point>
				<point>477.000000,554.000000</point>
			</points>
		</object>
	</objects>
</annotation>