<?xml version="1.0" encoding="utf-8"?>
<annotation>
	<source>
		<filename>11109.tif</filename>
		<origin>GF2/GF3</origin>
	</source>
	<research>
		<version>1.0</version>
		<provider>FAIR1M</provider>
		<author>Cyber</author>
		<pluginname>FAIR1M</pluginname>
		<pluginclass>object detection</pluginclass>
		<time>2021-07-21</time>
	</research>
	<size>
		<width>800</width>
		<height>600</height>
		<depth>3</depth>
	</size>
	<objects>
		<object>
			<coordinate>pixel</coordinate>
			<type>rectangle</type>
			<description>None</description>
			<possibleresult>
				<name>A220</name>
			</possibleresult>
			<points>
				<point>85.000000,174.000000</point>
				<point>39.000000,183.000000</point>
				<point>31.000000,138.000000</point>
				<point>77.000000,130.000000</point>
				<point>85.000000,174.000000</point>
			</points>
		</object>
		<object>
			<coordinate>pixel</coordinate>
			<type>rectangle</type>
			<description>None</description>
			<possibleresult>
				<name>A220</name>
			</possibleresult>
			<points>
				<point>119.000000,390.000000</point>
				<point>82.000000,411.000000</point>
				<point>61.000000,375.000000</point>
				<point>98.000000,354.000000</point>
				<point>119.000000,390.000000</point>
			</points>
		</object>
		<object>
			<coordinate>pixel</coordinate>
			<type>rectangle</type>
			<description>None</description>
			<possibleresult>
				<name>A220</name>
			</possibleresult>
			<points>
				<point>162.000000,430.000000</point>
				<point>142.000000,467.000000</point>
				<point>104.000000,447.000000</point>
				<point>124.000000,410.000000</point>
				<point>162.000000,430.000000</point>
			</points>
		</object>
		<object>
			<coordinate>pixel</coordinate>
			<type>rectangle</type>
			<description>None</description>
			<possibleresult>
				<name>A321</name>
			</possibleresult>
			<points>
				<point>247.000000,415.000000</point>
				<point>209.000000,437.000000</point>
				<point>181.000000,391.000000</point>
				<point>219.000000,368.000000</point>
				<point>247.000000,415.000000</point>
			</points>
		</object>
		<object>
			<coordinate>pixel</coordinate>
			<type>rectangle</type>
			<description>None</description>
			<possibleresult>
				<name>A321</name>
			</possibleresult>
			<points>
				<point>313.000000,368.000000</point>
				<point>280.000000,390.000000</point>
				<point>252.000000,349.000000</point>
				<point>285.000000,326.000000</point>
				<point>313.000000,368.000000</point>
			</points>
		</object>
		<object>
			<coordinate>pixel</coordinate>
			<type>rectangle</type>
			<description>None</description>
			<possibleresult>
				<name>A220</name>
			</possibleresult>
			<points>
				<point>385.000000,305.000000</point>
				<point>348.000000,332.000000</point>
				<point>322.000000,298.000000</point>
				<point>360.000000,271.000000</point>
				<point>385.000000,305.000000</point>
			</points>
		</object>
		<object>
			<coordinate>pixel</coordinate>
			<type>rectangle</type>
			<description>None</description>
			<possibleresult>
				<name>other-airplane</name>
			</possibleresult>
			<points>
				<point>502.000000,256.000000</point>
				<point>436.000000,303.000000</point>
				<point>385.000000,231.000000</point>
				<point>452.000000,184.000000</point>
				<point>502.000000,256.000000</point>
			</points>
		</object>
		<object>
			<coordinate>pixel</coordinate>
			<type>rectangle</type>
			<description>None</description>
			<possibleresult>
				<name>Boeing787</name>
			</possibleresult>
			<points>
				<point>569.000000,204.000000</point>
				<point>509.000000,246.000000</point>
				<point>463.000000,181.000000</point>
				<point>524.000000,139.000000</point>
				<point>569.000000,204.000000</point>
			</points>
		</object>
		<object>
			<coordinate>pixel</coordinate>
			<type>rectangle</type>
			<description>None</description>
			<possibleresult>
				<name>Boeing747</name>
			</possibleresult>
			<points>
				<point>407.000000,91.000000</point>
				<point>342.000000,136.000000</point>
				<point>286.000000,57.000000</point>
				<point>351.000000,11.000000</point>
				<point>407.000000,91.000000</point>
			</points>
		</object>
		<object>
			<coordinate>pixel</coordinate>
			<type>rectangle</type>
			<description>None</description>
			<possibleresult>
				<name>A220</name>
			</possibleresult>
			<points>
				<point>771.000000,56.000000</point>
				<point>732.000000,79.000000</point>
				<point>709.000000,39.000000</point>
				<point>748.000000,16.000000</point>
				<point>771.000000,56.000000</point>
			</points>
		</object>
	</objects>
</annotation>