<?xml version="1.0" encoding="utf-8"?>
<annotation>
	<source>
		<filename>11119.tif</filename>
		<origin>GF2/GF3</origin>
	</source>
	<research>
		<version>1.0</version>
		<provider>FAIR1M</provider>
		<author>Cyber</author>
		<pluginname>FAIR1M</pluginname>
		<pluginclass>object detection</pluginclass>
		<time>2021-07-21</time>
	</research>
	<size>
		<width>600</width>
		<height>800</height>
		<depth>3</depth>
	</size>
	<objects>
		<object>
			<coordinate>pixel</coordinate>
			<type>rectangle</type>
			<description>None</description>
			<possibleresult>
				<name>Dry Cargo Ship</name>
			</possibleresult>
			<points>
				<point>248.000000,603.000000</point>
				<point>187.000000,630.000000</point>
				<point>181.000000,615.000000</point>
				<point>241.000000,588.000000</point>
				<point>248.000000,603.000000</point>
			</points>
		</object>
	</objects>
</annotation>