<?xml version="1.0" encoding="utf-8"?>
<annotation>
	<source>
		<filename>11143.tif</filename>
		<origin>GF2/GF3</origin>
	</source>
	<research>
		<version>1.0</version>
		<provider>FAIR1M</provider>
		<author>Cyber</author>
		<pluginname>FAIR1M</pluginname>
		<pluginclass>object detection</pluginclass>
		<time>2021-07-21</time>
	</research>
	<size>
		<width>900</width>
		<height>900</height>
		<depth>3</depth>
	</size>
	<objects>
		<object>
			<coordinate>pixel</coordinate>
			<type>rectangle</type>
			<description>None</description>
			<possibleresult>
				<name>Boeing747</name>
			</possibleresult>
			<points>
				<point>815.000000,506.000000</point>
				<point>732.000000,516.000000</point>
				<point>721.000000,427.000000</point>
				<point>804.000000,416.000000</point>
				<point>815.000000,506.000000</point>
			</points>
		</object>
		<object>
			<coordinate>pixel</coordinate>
			<type>rectangle</type>
			<description>None</description>
			<possibleresult>
				<name>other-airplane</name>
			</possibleresult>
			<points>
				<point>765.000000,536.000000</point>
				<point>731.000000,552.000000</point>
				<point>720.000000,528.000000</point>
				<point>753.000000,512.000000</point>
				<point>765.000000,536.000000</point>
			</points>
		</object>
		<object>
			<coordinate>pixel</coordinate>
			<type>rectangle</type>
			<description>None</description>
			<possibleresult>
				<name>ARJ21</name>
			</possibleresult>
			<points>
				<point>429.000000,39.000000</point>
				<point>381.000000,42.000000</point>
				<point>378.000000,4.000000</point>
				<point>426.000000,1.000000</point>
				<point>429.000000,39.000000</point>
			</points>
		</object>
	</objects>
</annotation>