<?xml version="1.0" encoding="utf-8"?>
<annotation>
	<source>
		<filename>11154.tif</filename>
		<origin>GF2/GF3</origin>
	</source>
	<research>
		<version>1.0</version>
		<provider>FAIR1M</provider>
		<author>Cyber</author>
		<pluginname>FAIR1M</pluginname>
		<pluginclass>object detection</pluginclass>
		<time>2021-07-21</time>
	</research>
	<size>
		<width>600</width>
		<height>800</height>
		<depth>4</depth>
	</size>
	<objects>
		<object>
			<coordinate>pixel</coordinate>
			<type>rectangle</type>
			<description>None</description>
			<possibleresult>
				<name>Van</name>
			</possibleresult>
			<points>
				<point>364.000000,428.000000</point>
				<point>349.000000,432.000000</point>
				<point>347.000000,422.000000</point>
				<point>361.000000,418.000000</point>
				<point>364.000000,428.000000</point>
			</points>
		</object>
		<object>
			<coordinate>pixel</coordinate>
			<type>rectangle</type>
			<description>None</description>
			<possibleresult>
				<name>Cargo Truck</name>
			</possibleresult>
			<points>
				<point>169.000000,429.000000</point>
				<point>155.000000,434.000000</point>
				<point>147.000000,412.000000</point>
				<point>160.000000,406.000000</point>
				<point>169.000000,429.000000</point>
			</points>
		</object>
		<object>
			<coordinate>pixel</coordinate>
			<type>rectangle</type>
			<description>None</description>
			<possibleresult>
				<name>Van</name>
			</possibleresult>
			<points>
				<point>334.000000,606.000000</point>
				<point>309.000000,615.000000</point>
				<point>305.000000,604.000000</point>
				<point>330.000000,594.000000</point>
				<point>334.000000,606.000000</point>
			</points>
		</object>
		<object>
			<coordinate>pixel</coordinate>
			<type>rectangle</type>
			<description>None</description>
			<possibleresult>
				<name>Van</name>
			</possibleresult>
			<points>
				<point>25.000000,88.000000</point>
				<point>4.000000,95.000000</point>
				<point>0.000000,85.000000</point>
				<point>22.000000,78.000000</point>
				<point>25.000000,88.000000</point>
			</points>
		</object>
		<object>
			<coordinate>pixel</coordinate>
			<type>rectangle</type>
			<description>None</description>
			<possibleresult>
				<name>Van</name>
			</possibleresult>
			<points>
				<point>220.000000,25.000000</point>
				<point>198.000000,33.000000</point>
				<point>194.000000,23.000000</point>
				<point>216.000000,14.000000</point>
				<point>220.000000,25.000000</point>
			</points>
		</object>
		<object>
			<coordinate>pixel</coordinate>
			<type>rectangle</type>
			<description>None</description>
			<possibleresult>
				<name>Small Car</name>
			</possibleresult>
			<points>
				<point>578.000000,74.000000</point>
				<point>569.000000,79.000000</point>
				<point>560.000000,62.000000</point>
				<point>570.000000,57.000000</point>
				<point>578.000000,74.000000</point>
			</points>
		</object>
		<object>
			<coordinate>pixel</coordinate>
			<type>rectangle</type>
			<description>None</description>
			<possibleresult>
				<name>Dump Truck</name>
			</possibleresult>
			<points>
				<point>217.000000,352.000000</point>
				<point>195.000000,360.000000</point>
				<point>192.000000,349.000000</point>
				<point>214.000000,342.000000</point>
				<point>217.000000,352.000000</point>
			</points>
		</object>
		<object>
			<coordinate>pixel</coordinate>
			<type>rectangle</type>
			<description>None</description>
			<possibleresult>
				<name>Intersection</name>
			</possibleresult>
			<points>
				<point>488.000000,132.000000</point>
				<point>459.000000,143.000000</point>
				<point>452.000000,125.000000</point>
				<point>482.000000,115.000000</point>
				<point>488.000000,132.000000</point>
			</points>
		</object>
		<object>
			<coordinate>pixel</coordinate>
			<type>rectangle</type>
			<description>None</description>
			<possibleresult>
				<name>Van</name>
			</possibleresult>
			<points>
				<point>431.000000,283.000000</point>
				<point>409.000000,290.000000</point>
				<point>406.000000,283.000000</point>
				<point>428.000000,276.000000</point>
				<point>431.000000,283.000000</point>
			</points>
		</object>
		<object>
			<coordinate>pixel</coordinate>
			<type>rectangle</type>
			<description>None</description>
			<possibleresult>
				<name>Small Car</name>
			</possibleresult>
			<points>
				<point>471.000000,262.000000</point>
				<point>445.000000,270.000000</point>
				<point>442.000000,260.000000</point>
				<point>468.000000,253.000000</point>
				<point>471.000000,262.000000</point>
			</points>
		</object>
		<object>
			<coordinate>pixel</coordinate>
			<type>rectangle</type>
			<description>None</description>
			<possibleresult>
				<name>Dump Truck</name>
			</possibleresult>
			<points>
				<point>545.000000,272.000000</point>
				<point>536.000000,276.000000</point>
				<point>527.000000,255.000000</point>
				<point>536.000000,251.000000</point>
				<point>545.000000,272.000000</point>
			</points>
		</object>
		<object>
			<coordinate>pixel</coordinate>
			<type>rectangle</type>
			<description>None</description>
			<possibleresult>
				<name>Small Car</name>
			</possibleresult>
			<points>
				<point>553.000000,290.000000</point>
				<point>545.000000,294.000000</point>
				<point>538.000000,278.000000</point>
				<point>546.000000,275.000000</point>
				<point>553.000000,290.000000</point>
			</points>
		</object>
		<object>
			<coordinate>pixel</coordinate>
			<type>rectangle</type>
			<description>None</description>
			<possibleresult>
				<name>Van</name>
			</possibleresult>
			<points>
				<point>267.000000,399.000000</point>
				<point>258.000000,403.000000</point>
				<point>251.000000,386.000000</point>
				<point>260.000000,382.000000</point>
				<point>267.000000,399.000000</point>
			</points>
		</object>
		<object>
			<coordinate>pixel</coordinate>
			<type>rectangle</type>
			<description>None</description>
			<possibleresult>
				<name>Van</name>
			</possibleresult>
			<points>
				<point>353.000000,411.000000</point>
				<point>333.000000,415.000000</point>
				<point>331.000000,406.000000</point>
				<point>351.000000,401.000000</point>
				<point>353.000000,411.000000</point>
			</points>
		</object>
		<object>
			<coordinate>pixel</coordinate>
			<type>rectangle</type>
			<description>None</description>
			<possibleresult>
				<name>Dump Truck</name>
			</possibleresult>
			<points>
				<point>314.000000,519.000000</point>
				<point>303.000000,523.000000</point>
				<point>294.000000,502.000000</point>
				<point>305.000000,497.000000</point>
				<point>314.000000,519.000000</point>
			</points>
		</object>
		<object>
			<coordinate>pixel</coordinate>
			<type>rectangle</type>
			<description>None</description>
			<possibleresult>
				<name>Small Car</name>
			</possibleresult>
			<points>
				<point>330.000000,578.000000</point>
				<point>321.000000,579.000000</point>
				<point>318.000000,560.000000</point>
				<point>327.000000,559.000000</point>
				<point>330.000000,578.000000</point>
			</points>
		</object>
		<object>
			<coordinate>pixel</coordinate>
			<type>rectangle</type>
			<description>None</description>
			<possibleresult>
				<name>Small Car</name>
			</possibleresult>
			<points>
				<point>547.000000,546.000000</point>
				<point>531.000000,552.000000</point>
				<point>528.000000,544.000000</point>
				<point>544.000000,539.000000</point>
				<point>547.000000,546.000000</point>
			</points>
		</object>
		<object>
			<coordinate>pixel</coordinate>
			<type>rectangle</type>
			<description>None</description>
			<possibleresult>
				<name>Dump Truck</name>
			</possibleresult>
			<points>
				<point>573.000000,561.000000</point>
				<point>555.000000,567.000000</point>
				<point>553.000000,559.000000</point>
				<point>571.000000,554.000000</point>
				<point>573.000000,561.000000</point>
			</points>
		</object>
	</objects>
</annotation>