<?xml version="1.0" encoding="utf-8"?>
<annotation>
	<source>
		<filename>11181.tif</filename>
		<origin>GF2/GF3</origin>
	</source>
	<research>
		<version>1.0</version>
		<provider>FAIR1M</provider>
		<author>Cyber</author>
		<pluginname>FAIR1M</pluginname>
		<pluginclass>object detection</pluginclass>
		<time>2021-07-21</time>
	</research>
	<size>
		<width>1000</width>
		<height>1000</height>
		<depth>3</depth>
	</size>
	<objects>
		<object>
			<coordinate>pixel</coordinate>
			<type>rectangle</type>
			<description>None</description>
			<possibleresult>
				<name>Small Car</name>
			</possibleresult>
			<points>
				<point>23.000000,530.000000</point>
				<point>0.000000,534.000000</point>
				<point>0.000000,524.000000</point>
				<point>22.000000,522.000000</point>
				<point>23.000000,530.000000</point>
			</points>
		</object>
		<object>
			<coordinate>pixel</coordinate>
			<type>rectangle</type>
			<description>None</description>
			<possibleresult>
				<name>Van</name>
			</possibleresult>
			<points>
				<point>67.000000,597.000000</point>
				<point>57.000000,598.000000</point>
				<point>54.000000,581.000000</point>
				<point>64.000000,579.000000</point>
				<point>67.000000,597.000000</point>
			</points>
		</object>
		<object>
			<coordinate>pixel</coordinate>
			<type>rectangle</type>
			<description>None</description>
			<possibleresult>
				<name>Van</name>
			</possibleresult>
			<points>
				<point>157.000000,593.000000</point>
				<point>146.000000,594.000000</point>
				<point>143.000000,574.000000</point>
				<point>154.000000,573.000000</point>
				<point>157.000000,593.000000</point>
			</points>
		</object>
		<object>
			<coordinate>pixel</coordinate>
			<type>rectangle</type>
			<description>None</description>
			<possibleresult>
				<name>Small Car</name>
			</possibleresult>
			<points>
				<point>176.000000,592.000000</point>
				<point>166.000000,594.000000</point>
				<point>163.000000,578.000000</point>
				<point>172.000000,576.000000</point>
				<point>176.000000,592.000000</point>
			</points>
		</object>
		<object>
			<coordinate>pixel</coordinate>
			<type>rectangle</type>
			<description>None</description>
			<possibleresult>
				<name>Van</name>
			</possibleresult>
			<points>
				<point>368.000000,634.000000</point>
				<point>359.000000,635.000000</point>
				<point>356.000000,619.000000</point>
				<point>366.000000,617.000000</point>
				<point>368.000000,634.000000</point>
			</points>
		</object>
		<object>
			<coordinate>pixel</coordinate>
			<type>rectangle</type>
			<description>None</description>
			<possibleresult>
				<name>Small Car</name>
			</possibleresult>
			<points>
				<point>351.000000,597.000000</point>
				<point>331.000000,599.000000</point>
				<point>330.000000,591.000000</point>
				<point>350.000000,589.000000</point>
				<point>351.000000,597.000000</point>
			</points>
		</object>
		<object>
			<coordinate>pixel</coordinate>
			<type>rectangle</type>
			<description>None</description>
			<possibleresult>
				<name>Dump Truck</name>
			</possibleresult>
			<points>
				<point>457.000000,591.000000</point>
				<point>436.000000,593.000000</point>
				<point>435.000000,585.000000</point>
				<point>456.000000,583.000000</point>
				<point>457.000000,591.000000</point>
			</points>
		</object>
		<object>
			<coordinate>pixel</coordinate>
			<type>rectangle</type>
			<description>None</description>
			<possibleresult>
				<name>Small Car</name>
			</possibleresult>
			<points>
				<point>493.000000,772.000000</point>
				<point>487.000000,787.000000</point>
				<point>478.000000,784.000000</point>
				<point>484.000000,769.000000</point>
				<point>493.000000,772.000000</point>
			</points>
		</object>
		<object>
			<coordinate>pixel</coordinate>
			<type>rectangle</type>
			<description>None</description>
			<possibleresult>
				<name>Small Car</name>
			</possibleresult>
			<points>
				<point>508.000000,773.000000</point>
				<point>500.000000,788.000000</point>
				<point>492.000000,784.000000</point>
				<point>500.000000,769.000000</point>
				<point>508.000000,773.000000</point>
			</points>
		</object>
		<object>
			<coordinate>pixel</coordinate>
			<type>rectangle</type>
			<description>None</description>
			<possibleresult>
				<name>Van</name>
			</possibleresult>
			<points>
				<point>558.000000,853.000000</point>
				<point>544.000000,854.000000</point>
				<point>543.000000,848.000000</point>
				<point>557.000000,846.000000</point>
				<point>558.000000,853.000000</point>
			</points>
		</object>
		<object>
			<coordinate>pixel</coordinate>
			<type>rectangle</type>
			<description>None</description>
			<possibleresult>
				<name>Small Car</name>
			</possibleresult>
			<points>
				<point>583.000000,697.000000</point>
				<point>574.000000,698.000000</point>
				<point>572.000000,681.000000</point>
				<point>581.000000,680.000000</point>
				<point>583.000000,697.000000</point>
			</points>
		</object>
		<object>
			<coordinate>pixel</coordinate>
			<type>rectangle</type>
			<description>None</description>
			<possibleresult>
				<name>Small Car</name>
			</possibleresult>
			<points>
				<point>570.000000,638.000000</point>
				<point>560.000000,639.000000</point>
				<point>558.000000,621.000000</point>
				<point>568.000000,620.000000</point>
				<point>570.000000,638.000000</point>
			</points>
		</object>
		<object>
			<coordinate>pixel</coordinate>
			<type>rectangle</type>
			<description>None</description>
			<possibleresult>
				<name>Small Car</name>
			</possibleresult>
			<points>
				<point>556.000000,581.000000</point>
				<point>547.000000,583.000000</point>
				<point>544.000000,566.000000</point>
				<point>553.000000,565.000000</point>
				<point>556.000000,581.000000</point>
			</points>
		</object>
		<object>
			<coordinate>pixel</coordinate>
			<type>rectangle</type>
			<description>None</description>
			<possibleresult>
				<name>Dump Truck</name>
			</possibleresult>
			<points>
				<point>598.000000,607.000000</point>
				<point>589.000000,609.000000</point>
				<point>585.000000,591.000000</point>
				<point>594.000000,589.000000</point>
				<point>598.000000,607.000000</point>
			</points>
		</object>
		<object>
			<coordinate>pixel</coordinate>
			<type>rectangle</type>
			<description>None</description>
			<possibleresult>
				<name>Van</name>
			</possibleresult>
			<points>
				<point>547.000000,657.000000</point>
				<point>527.000000,658.000000</point>
				<point>527.000000,651.000000</point>
				<point>546.000000,650.000000</point>
				<point>547.000000,657.000000</point>
			</points>
		</object>
		<object>
			<coordinate>pixel</coordinate>
			<type>rectangle</type>
			<description>None</description>
			<possibleresult>
				<name>Van</name>
			</possibleresult>
			<points>
				<point>521.000000,660.000000</point>
				<point>498.000000,662.000000</point>
				<point>498.000000,656.000000</point>
				<point>520.000000,654.000000</point>
				<point>521.000000,660.000000</point>
			</points>
		</object>
		<object>
			<coordinate>pixel</coordinate>
			<type>rectangle</type>
			<description>None</description>
			<possibleresult>
				<name>Small Car</name>
			</possibleresult>
			<points>
				<point>579.000000,542.000000</point>
				<point>569.000000,543.000000</point>
				<point>567.000000,525.000000</point>
				<point>577.000000,525.000000</point>
				<point>579.000000,542.000000</point>
			</points>
		</object>
		<object>
			<coordinate>pixel</coordinate>
			<type>rectangle</type>
			<description>None</description>
			<possibleresult>
				<name>Van</name>
			</possibleresult>
			<points>
				<point>531.000000,563.000000</point>
				<point>511.000000,565.000000</point>
				<point>510.000000,557.000000</point>
				<point>530.000000,556.000000</point>
				<point>531.000000,563.000000</point>
			</points>
		</object>
		<object>
			<coordinate>pixel</coordinate>
			<type>rectangle</type>
			<description>None</description>
			<possibleresult>
				<name>Cargo Truck</name>
			</possibleresult>
			<points>
				<point>444.000000,443.000000</point>
				<point>430.000000,444.000000</point>
				<point>428.000000,414.000000</point>
				<point>442.000000,413.000000</point>
				<point>444.000000,443.000000</point>
			</points>
		</object>
		<object>
			<coordinate>pixel</coordinate>
			<type>rectangle</type>
			<description>None</description>
			<possibleresult>
				<name>Van</name>
			</possibleresult>
			<points>
				<point>585.000000,403.000000</point>
				<point>576.000000,404.000000</point>
				<point>575.000000,388.000000</point>
				<point>585.000000,388.000000</point>
				<point>585.000000,403.000000</point>
			</points>
		</object>
		<object>
			<coordinate>pixel</coordinate>
			<type>rectangle</type>
			<description>None</description>
			<possibleresult>
				<name>Small Car</name>
			</possibleresult>
			<points>
				<point>1000.000000,994.000000</point>
				<point>992.000000,995.000000</point>
				<point>991.000000,979.000000</point>
				<point>999.000000,978.000000</point>
				<point>1000.000000,994.000000</point>
			</points>
		</object>
		<object>
			<coordinate>pixel</coordinate>
			<type>rectangle</type>
			<description>None</description>
			<possibleresult>
				<name>Van</name>
			</possibleresult>
			<points>
				<point>925.000000,962.000000</point>
				<point>899.000000,964.000000</point>
				<point>898.000000,956.000000</point>
				<point>925.000000,954.000000</point>
				<point>925.000000,962.000000</point>
			</points>
		</object>
		<object>
			<coordinate>pixel</coordinate>
			<type>rectangle</type>
			<description>None</description>
			<possibleresult>
				<name>Van</name>
			</possibleresult>
			<points>
				<point>897.000000,964.000000</point>
				<point>875.000000,965.000000</point>
				<point>874.000000,958.000000</point>
				<point>897.000000,957.000000</point>
				<point>897.000000,964.000000</point>
			</points>
		</object>
		<object>
			<coordinate>pixel</coordinate>
			<type>rectangle</type>
			<description>None</description>
			<possibleresult>
				<name>Van</name>
			</possibleresult>
			<points>
				<point>761.000000,932.000000</point>
				<point>742.000000,932.000000</point>
				<point>742.000000,925.000000</point>
				<point>760.000000,924.000000</point>
				<point>761.000000,932.000000</point>
			</points>
		</object>
		<object>
			<coordinate>pixel</coordinate>
			<type>rectangle</type>
			<description>None</description>
			<possibleresult>
				<name>Small Car</name>
			</possibleresult>
			<points>
				<point>891.000000,811.000000</point>
				<point>867.000000,813.000000</point>
				<point>866.000000,806.000000</point>
				<point>890.000000,804.000000</point>
				<point>891.000000,811.000000</point>
			</points>
		</object>
		<object>
			<coordinate>pixel</coordinate>
			<type>rectangle</type>
			<description>None</description>
			<possibleresult>
				<name>Van</name>
			</possibleresult>
			<points>
				<point>914.000000,808.000000</point>
				<point>893.000000,810.000000</point>
				<point>892.000000,802.000000</point>
				<point>913.000000,800.000000</point>
				<point>914.000000,808.000000</point>
			</points>
		</object>
		<object>
			<coordinate>pixel</coordinate>
			<type>rectangle</type>
			<description>None</description>
			<possibleresult>
				<name>Van</name>
			</possibleresult>
			<points>
				<point>962.000000,823.000000</point>
				<point>953.000000,824.000000</point>
				<point>952.000000,806.000000</point>
				<point>961.000000,805.000000</point>
				<point>962.000000,823.000000</point>
			</points>
		</object>
		<object>
			<coordinate>pixel</coordinate>
			<type>rectangle</type>
			<description>None</description>
			<possibleresult>
				<name>Van</name>
			</possibleresult>
			<points>
				<point>910.000000,755.000000</point>
				<point>887.000000,758.000000</point>
				<point>886.000000,750.000000</point>
				<point>909.000000,747.000000</point>
				<point>910.000000,755.000000</point>
			</points>
		</object>
		<object>
			<coordinate>pixel</coordinate>
			<type>rectangle</type>
			<description>None</description>
			<possibleresult>
				<name>Small Car</name>
			</possibleresult>
			<points>
				<point>953.000000,781.000000</point>
				<point>942.000000,782.000000</point>
				<point>941.000000,768.000000</point>
				<point>952.000000,767.000000</point>
				<point>953.000000,781.000000</point>
			</points>
		</object>
		<object>
			<coordinate>pixel</coordinate>
			<type>rectangle</type>
			<description>None</description>
			<possibleresult>
				<name>Van</name>
			</possibleresult>
			<points>
				<point>976.000000,716.000000</point>
				<point>967.000000,718.000000</point>
				<point>963.000000,703.000000</point>
				<point>972.000000,701.000000</point>
				<point>976.000000,716.000000</point>
			</points>
		</object>
		<object>
			<coordinate>pixel</coordinate>
			<type>rectangle</type>
			<description>None</description>
			<possibleresult>
				<name>Dump Truck</name>
			</possibleresult>
			<points>
				<point>898.000000,703.000000</point>
				<point>871.000000,705.000000</point>
				<point>870.000000,696.000000</point>
				<point>897.000000,694.000000</point>
				<point>898.000000,703.000000</point>
			</points>
		</object>
		<object>
			<coordinate>pixel</coordinate>
			<type>rectangle</type>
			<description>None</description>
			<possibleresult>
				<name>Small Car</name>
			</possibleresult>
			<points>
				<point>925.000000,699.000000</point>
				<point>899.000000,702.000000</point>
				<point>898.000000,694.000000</point>
				<point>924.000000,691.000000</point>
				<point>925.000000,699.000000</point>
			</points>
		</object>
		<object>
			<coordinate>pixel</coordinate>
			<type>rectangle</type>
			<description>None</description>
			<possibleresult>
				<name>Van</name>
			</possibleresult>
			<points>
				<point>905.000000,690.000000</point>
				<point>885.000000,693.000000</point>
				<point>884.000000,686.000000</point>
				<point>904.000000,683.000000</point>
				<point>905.000000,690.000000</point>
			</points>
		</object>
		<object>
			<coordinate>pixel</coordinate>
			<type>rectangle</type>
			<description>None</description>
			<possibleresult>
				<name>Van</name>
			</possibleresult>
			<points>
				<point>875.000000,627.000000</point>
				<point>856.000000,628.000000</point>
				<point>855.000000,621.000000</point>
				<point>874.000000,619.000000</point>
				<point>875.000000,627.000000</point>
			</points>
		</object>
		<object>
			<coordinate>pixel</coordinate>
			<type>rectangle</type>
			<description>None</description>
			<possibleresult>
				<name>Van</name>
			</possibleresult>
			<points>
				<point>876.000000,635.000000</point>
				<point>856.000000,637.000000</point>
				<point>856.000000,630.000000</point>
				<point>875.000000,628.000000</point>
				<point>876.000000,635.000000</point>
			</points>
		</object>
		<object>
			<coordinate>pixel</coordinate>
			<type>rectangle</type>
			<description>None</description>
			<possibleresult>
				<name>Small Car</name>
			</possibleresult>
			<points>
				<point>953.000000,632.000000</point>
				<point>943.000000,632.000000</point>
				<point>941.000000,615.000000</point>
				<point>952.000000,614.000000</point>
				<point>953.000000,632.000000</point>
			</points>
		</object>
		<object>
			<coordinate>pixel</coordinate>
			<type>rectangle</type>
			<description>None</description>
			<possibleresult>
				<name>Van</name>
			</possibleresult>
			<points>
				<point>944.000000,583.000000</point>
				<point>934.000000,585.000000</point>
				<point>930.000000,567.000000</point>
				<point>940.000000,565.000000</point>
				<point>944.000000,583.000000</point>
			</points>
		</object>
		<object>
			<coordinate>pixel</coordinate>
			<type>rectangle</type>
			<description>None</description>
			<possibleresult>
				<name>Van</name>
			</possibleresult>
			<points>
				<point>993.000000,545.000000</point>
				<point>972.000000,547.000000</point>
				<point>971.000000,539.000000</point>
				<point>992.000000,538.000000</point>
				<point>993.000000,545.000000</point>
			</points>
		</object>
		<object>
			<coordinate>pixel</coordinate>
			<type>rectangle</type>
			<description>None</description>
			<possibleresult>
				<name>Van</name>
			</possibleresult>
			<points>
				<point>987.000000,555.000000</point>
				<point>965.000000,557.000000</point>
				<point>964.000000,550.000000</point>
				<point>986.000000,548.000000</point>
				<point>987.000000,555.000000</point>
			</points>
		</object>
		<object>
			<coordinate>pixel</coordinate>
			<type>rectangle</type>
			<description>None</description>
			<possibleresult>
				<name>Van</name>
			</possibleresult>
			<points>
				<point>923.000000,502.000000</point>
				<point>914.000000,503.000000</point>
				<point>912.000000,486.000000</point>
				<point>921.000000,485.000000</point>
				<point>923.000000,502.000000</point>
			</points>
		</object>
		<object>
			<coordinate>pixel</coordinate>
			<type>rectangle</type>
			<description>None</description>
			<possibleresult>
				<name>Van</name>
			</possibleresult>
			<points>
				<point>888.000000,498.000000</point>
				<point>880.000000,499.000000</point>
				<point>879.000000,485.000000</point>
				<point>887.000000,484.000000</point>
				<point>888.000000,498.000000</point>
			</points>
		</object>
		<object>
			<coordinate>pixel</coordinate>
			<type>rectangle</type>
			<description>None</description>
			<possibleresult>
				<name>Dump Truck</name>
			</possibleresult>
			<points>
				<point>325.000000,646.000000</point>
				<point>317.000000,646.000000</point>
				<point>315.000000,632.000000</point>
				<point>323.000000,631.000000</point>
				<point>325.000000,646.000000</point>
			</points>
		</object>
		<object>
			<coordinate>pixel</coordinate>
			<type>rectangle</type>
			<description>None</description>
			<possibleresult>
				<name>Dump Truck</name>
			</possibleresult>
			<points>
				<point>27.000000,189.000000</point>
				<point>0.000000,191.000000</point>
				<point>0.000000,181.000000</point>
				<point>27.000000,179.000000</point>
				<point>27.000000,189.000000</point>
			</points>
		</object>
		<object>
			<coordinate>pixel</coordinate>
			<type>rectangle</type>
			<description>None</description>
			<possibleresult>
				<name>Small Car</name>
			</possibleresult>
			<points>
				<point>45.000000,348.000000</point>
				<point>23.000000,348.000000</point>
				<point>22.000000,340.000000</point>
				<point>44.000000,340.000000</point>
				<point>45.000000,348.000000</point>
			</points>
		</object>
		<object>
			<coordinate>pixel</coordinate>
			<type>rectangle</type>
			<description>None</description>
			<possibleresult>
				<name>Van</name>
			</possibleresult>
			<points>
				<point>40.000000,376.000000</point>
				<point>30.000000,376.000000</point>
				<point>30.000000,360.000000</point>
				<point>40.000000,360.000000</point>
				<point>40.000000,376.000000</point>
			</points>
		</object>
		<object>
			<coordinate>pixel</coordinate>
			<type>rectangle</type>
			<description>None</description>
			<possibleresult>
				<name>Small Car</name>
			</possibleresult>
			<points>
				<point>59.000000,361.000000</point>
				<point>58.000000,377.000000</point>
				<point>48.000000,377.000000</point>
				<point>49.000000,361.000000</point>
				<point>59.000000,361.000000</point>
			</points>
		</object>
		<object>
			<coordinate>pixel</coordinate>
			<type>rectangle</type>
			<description>None</description>
			<possibleresult>
				<name>Small Car</name>
			</possibleresult>
			<points>
				<point>74.000000,360.000000</point>
				<point>73.000000,377.000000</point>
				<point>64.000000,376.000000</point>
				<point>65.000000,360.000000</point>
				<point>74.000000,360.000000</point>
			</points>
		</object>
		<object>
			<coordinate>pixel</coordinate>
			<type>rectangle</type>
			<description>None</description>
			<possibleresult>
				<name>Small Car</name>
			</possibleresult>
			<points>
				<point>66.000000,493.000000</point>
				<point>56.000000,494.000000</point>
				<point>53.000000,477.000000</point>
				<point>63.000000,476.000000</point>
				<point>66.000000,493.000000</point>
			</points>
		</object>
		<object>
			<coordinate>pixel</coordinate>
			<type>rectangle</type>
			<description>None</description>
			<possibleresult>
				<name>Small Car</name>
			</possibleresult>
			<points>
				<point>280.000000,388.000000</point>
				<point>279.000000,406.000000</point>
				<point>269.000000,406.000000</point>
				<point>270.000000,388.000000</point>
				<point>280.000000,388.000000</point>
			</points>
		</object>
		<object>
			<coordinate>pixel</coordinate>
			<type>rectangle</type>
			<description>None</description>
			<possibleresult>
				<name>Van</name>
			</possibleresult>
			<points>
				<point>274.000000,384.000000</point>
				<point>265.000000,385.000000</point>
				<point>265.000000,369.000000</point>
				<point>274.000000,369.000000</point>
				<point>274.000000,384.000000</point>
			</points>
		</object>
		<object>
			<coordinate>pixel</coordinate>
			<type>rectangle</type>
			<description>None</description>
			<possibleresult>
				<name>Small Car</name>
			</possibleresult>
			<points>
				<point>272.000000,312.000000</point>
				<point>271.000000,329.000000</point>
				<point>261.000000,328.000000</point>
				<point>262.000000,312.000000</point>
				<point>272.000000,312.000000</point>
			</points>
		</object>
		<object>
			<coordinate>pixel</coordinate>
			<type>rectangle</type>
			<description>None</description>
			<possibleresult>
				<name>Cargo Truck</name>
			</possibleresult>
			<points>
				<point>136.000000,47.000000</point>
				<point>110.000000,48.000000</point>
				<point>110.000000,38.000000</point>
				<point>136.000000,38.000000</point>
				<point>136.000000,47.000000</point>
			</points>
		</object>
		<object>
			<coordinate>pixel</coordinate>
			<type>rectangle</type>
			<description>None</description>
			<possibleresult>
				<name>Small Car</name>
			</possibleresult>
			<points>
				<point>172.000000,45.000000</point>
				<point>149.000000,46.000000</point>
				<point>149.000000,38.000000</point>
				<point>172.000000,37.000000</point>
				<point>172.000000,45.000000</point>
			</points>
		</object>
		<object>
			<coordinate>pixel</coordinate>
			<type>rectangle</type>
			<description>None</description>
			<possibleresult>
				<name>Small Car</name>
			</possibleresult>
			<points>
				<point>203.000000,45.000000</point>
				<point>181.000000,46.000000</point>
				<point>181.000000,37.000000</point>
				<point>203.000000,36.000000</point>
				<point>203.000000,45.000000</point>
			</points>
		</object>
		<object>
			<coordinate>pixel</coordinate>
			<type>rectangle</type>
			<description>None</description>
			<possibleresult>
				<name>Dump Truck</name>
			</possibleresult>
			<points>
				<point>193.000000,28.000000</point>
				<point>167.000000,29.000000</point>
				<point>167.000000,21.000000</point>
				<point>193.000000,21.000000</point>
				<point>193.000000,28.000000</point>
			</points>
		</object>
		<object>
			<coordinate>pixel</coordinate>
			<type>rectangle</type>
			<description>None</description>
			<possibleresult>
				<name>Small Car</name>
			</possibleresult>
			<points>
				<point>579.000000,113.000000</point>
				<point>578.000000,130.000000</point>
				<point>569.000000,130.000000</point>
				<point>569.000000,113.000000</point>
				<point>579.000000,113.000000</point>
			</points>
		</object>
		<object>
			<coordinate>pixel</coordinate>
			<type>rectangle</type>
			<description>None</description>
			<possibleresult>
				<name>Small Car</name>
			</possibleresult>
			<points>
				<point>663.000000,115.000000</point>
				<point>640.000000,116.000000</point>
				<point>640.000000,109.000000</point>
				<point>663.000000,108.000000</point>
				<point>663.000000,115.000000</point>
			</points>
		</object>
		<object>
			<coordinate>pixel</coordinate>
			<type>rectangle</type>
			<description>None</description>
			<possibleresult>
				<name>Small Car</name>
			</possibleresult>
			<points>
				<point>667.000000,103.000000</point>
				<point>643.000000,103.000000</point>
				<point>643.000000,97.000000</point>
				<point>667.000000,97.000000</point>
				<point>667.000000,103.000000</point>
			</points>
		</object>
		<object>
			<coordinate>pixel</coordinate>
			<type>rectangle</type>
			<description>None</description>
			<possibleresult>
				<name>Van</name>
			</possibleresult>
			<points>
				<point>692.000000,103.000000</point>
				<point>670.000000,103.000000</point>
				<point>669.000000,96.000000</point>
				<point>692.000000,95.000000</point>
				<point>692.000000,103.000000</point>
			</points>
		</object>
		<object>
			<coordinate>pixel</coordinate>
			<type>rectangle</type>
			<description>None</description>
			<possibleresult>
				<name>Small Car</name>
			</possibleresult>
			<points>
				<point>615.000000,203.000000</point>
				<point>607.000000,203.000000</point>
				<point>606.000000,186.000000</point>
				<point>615.000000,186.000000</point>
				<point>615.000000,203.000000</point>
			</points>
		</object>
		<object>
			<coordinate>pixel</coordinate>
			<type>rectangle</type>
			<description>None</description>
			<possibleresult>
				<name>Small Car</name>
			</possibleresult>
			<points>
				<point>617.000000,253.000000</point>
				<point>607.000000,253.000000</point>
				<point>608.000000,235.000000</point>
				<point>617.000000,236.000000</point>
				<point>617.000000,253.000000</point>
			</points>
		</object>
		<object>
			<coordinate>pixel</coordinate>
			<type>rectangle</type>
			<description>None</description>
			<possibleresult>
				<name>Van</name>
			</possibleresult>
			<points>
				<point>727.000000,300.000000</point>
				<point>708.000000,300.000000</point>
				<point>708.000000,293.000000</point>
				<point>727.000000,293.000000</point>
				<point>727.000000,300.000000</point>
			</points>
		</object>
		<object>
			<coordinate>pixel</coordinate>
			<type>rectangle</type>
			<description>None</description>
			<possibleresult>
				<name>Small Car</name>
			</possibleresult>
			<points>
				<point>724.000000,308.000000</point>
				<point>700.000000,309.000000</point>
				<point>700.000000,302.000000</point>
				<point>724.000000,301.000000</point>
				<point>724.000000,308.000000</point>
			</points>
		</object>
		<object>
			<coordinate>pixel</coordinate>
			<type>rectangle</type>
			<description>None</description>
			<possibleresult>
				<name>Van</name>
			</possibleresult>
			<points>
				<point>747.000000,329.000000</point>
				<point>739.000000,329.000000</point>
				<point>739.000000,314.000000</point>
				<point>747.000000,314.000000</point>
				<point>747.000000,329.000000</point>
			</points>
		</object>
		<object>
			<coordinate>pixel</coordinate>
			<type>rectangle</type>
			<description>None</description>
			<possibleresult>
				<name>Small Car</name>
			</possibleresult>
			<points>
				<point>761.000000,339.000000</point>
				<point>747.000000,353.000000</point>
				<point>741.000000,347.000000</point>
				<point>756.000000,334.000000</point>
				<point>761.000000,339.000000</point>
			</points>
		</object>
		<object>
			<coordinate>pixel</coordinate>
			<type>rectangle</type>
			<description>None</description>
			<possibleresult>
				<name>Van</name>
			</possibleresult>
			<points>
				<point>792.000000,352.000000</point>
				<point>769.000000,353.000000</point>
				<point>769.000000,345.000000</point>
				<point>792.000000,344.000000</point>
				<point>792.000000,352.000000</point>
			</points>
		</object>
		<object>
			<coordinate>pixel</coordinate>
			<type>rectangle</type>
			<description>None</description>
			<possibleresult>
				<name>Van</name>
			</possibleresult>
			<points>
				<point>823.000000,365.000000</point>
				<point>814.000000,366.000000</point>
				<point>811.000000,350.000000</point>
				<point>821.000000,349.000000</point>
				<point>823.000000,365.000000</point>
			</points>
		</object>
		<object>
			<coordinate>pixel</coordinate>
			<type>rectangle</type>
			<description>None</description>
			<possibleresult>
				<name>Small Car</name>
			</possibleresult>
			<points>
				<point>837.000000,331.000000</point>
				<point>823.000000,346.000000</point>
				<point>817.000000,340.000000</point>
				<point>831.000000,325.000000</point>
				<point>837.000000,331.000000</point>
			</points>
		</object>
		<object>
			<coordinate>pixel</coordinate>
			<type>rectangle</type>
			<description>None</description>
			<possibleresult>
				<name>Van</name>
			</possibleresult>
			<points>
				<point>943.000000,337.000000</point>
				<point>924.000000,338.000000</point>
				<point>923.000000,331.000000</point>
				<point>942.000000,329.000000</point>
				<point>943.000000,337.000000</point>
			</points>
		</object>
		<object>
			<coordinate>pixel</coordinate>
			<type>rectangle</type>
			<description>None</description>
			<possibleresult>
				<name>Small Car</name>
			</possibleresult>
			<points>
				<point>925.000000,330.000000</point>
				<point>904.000000,330.000000</point>
				<point>904.000000,323.000000</point>
				<point>925.000000,323.000000</point>
				<point>925.000000,330.000000</point>
			</points>
		</object>
		<object>
			<coordinate>pixel</coordinate>
			<type>rectangle</type>
			<description>None</description>
			<possibleresult>
				<name>Small Car</name>
			</possibleresult>
			<points>
				<point>943.000000,345.000000</point>
				<point>926.000000,347.000000</point>
				<point>925.000000,340.000000</point>
				<point>942.000000,338.000000</point>
				<point>943.000000,345.000000</point>
			</points>
		</object>
		<object>
			<coordinate>pixel</coordinate>
			<type>rectangle</type>
			<description>None</description>
			<possibleresult>
				<name>Van</name>
			</possibleresult>
			<points>
				<point>996.000000,341.000000</point>
				<point>986.000000,341.000000</point>
				<point>986.000000,325.000000</point>
				<point>996.000000,325.000000</point>
				<point>996.000000,341.000000</point>
			</points>
		</object>
		<object>
			<coordinate>pixel</coordinate>
			<type>rectangle</type>
			<description>None</description>
			<possibleresult>
				<name>Van</name>
			</possibleresult>
			<points>
				<point>911.000000,265.000000</point>
				<point>890.000000,265.000000</point>
				<point>890.000000,259.000000</point>
				<point>910.000000,258.000000</point>
				<point>911.000000,265.000000</point>
			</points>
		</object>
		<object>
			<coordinate>pixel</coordinate>
			<type>rectangle</type>
			<description>None</description>
			<possibleresult>
				<name>Dump Truck</name>
			</possibleresult>
			<points>
				<point>940.000000,104.000000</point>
				<point>911.000000,105.000000</point>
				<point>911.000000,96.000000</point>
				<point>939.000000,95.000000</point>
				<point>940.000000,104.000000</point>
			</points>
		</object>
		<object>
			<coordinate>pixel</coordinate>
			<type>rectangle</type>
			<description>None</description>
			<possibleresult>
				<name>Van</name>
			</possibleresult>
			<points>
				<point>943.000000,145.000000</point>
				<point>934.000000,145.000000</point>
				<point>934.000000,128.000000</point>
				<point>943.000000,128.000000</point>
				<point>943.000000,145.000000</point>
			</points>
		</object>
		<object>
			<coordinate>pixel</coordinate>
			<type>rectangle</type>
			<description>None</description>
			<possibleresult>
				<name>Van</name>
			</possibleresult>
			<points>
				<point>871.000000,163.000000</point>
				<point>854.000000,163.000000</point>
				<point>854.000000,158.000000</point>
				<point>871.000000,157.000000</point>
				<point>871.000000,163.000000</point>
			</points>
		</object>
		<object>
			<coordinate>pixel</coordinate>
			<type>rectangle</type>
			<description>None</description>
			<possibleresult>
				<name>Van</name>
			</possibleresult>
			<points>
				<point>848.000000,551.000000</point>
				<point>821.000000,554.000000</point>
				<point>820.000000,546.000000</point>
				<point>847.000000,543.000000</point>
				<point>848.000000,551.000000</point>
			</points>
		</object>
		<object>
			<coordinate>pixel</coordinate>
			<type>rectangle</type>
			<description>None</description>
			<possibleresult>
				<name>Intersection</name>
			</possibleresult>
			<points>
				<point>641.000000,469.000000</point>
				<point>509.000000,488.000000</point>
				<point>504.000000,448.000000</point>
				<point>635.000000,430.000000</point>
				<point>641.000000,469.000000</point>
			</points>
		</object>
	</objects>
</annotation>