<?xml version="1.0" encoding="utf-8"?>
<annotation>
	<source>
		<filename>11234.tif</filename>
		<origin>GF2/GF3</origin>
	</source>
	<research>
		<version>1.0</version>
		<provider>FAIR1M</provider>
		<author>Cyber</author>
		<pluginname>FAIR1M</pluginname>
		<pluginclass>object detection</pluginclass>
		<time>2021-07-21</time>
	</research>
	<size>
		<width>600</width>
		<height>800</height>
		<depth>4</depth>
	</size>
	<objects>
		<object>
			<coordinate>pixel</coordinate>
			<type>rectangle</type>
			<description>None</description>
			<possibleresult>
				<name>Van</name>
			</possibleresult>
			<points>
				<point>37.000000,593.000000</point>
				<point>13.000000,591.000000</point>
				<point>13.000000,584.000000</point>
				<point>37.000000,586.000000</point>
				<point>37.000000,593.000000</point>
			</points>
		</object>
		<object>
			<coordinate>pixel</coordinate>
			<type>rectangle</type>
			<description>None</description>
			<possibleresult>
				<name>Small Car</name>
			</possibleresult>
			<points>
				<point>234.000000,724.000000</point>
				<point>229.000000,740.000000</point>
				<point>220.000000,737.000000</point>
				<point>225.000000,722.000000</point>
				<point>234.000000,724.000000</point>
			</points>
		</object>
		<object>
			<coordinate>pixel</coordinate>
			<type>rectangle</type>
			<description>None</description>
			<possibleresult>
				<name>Small Car</name>
			</possibleresult>
			<points>
				<point>257.000000,738.000000</point>
				<point>253.000000,752.000000</point>
				<point>245.000000,749.000000</point>
				<point>250.000000,735.000000</point>
				<point>257.000000,738.000000</point>
			</points>
		</object>
		<object>
			<coordinate>pixel</coordinate>
			<type>rectangle</type>
			<description>None</description>
			<possibleresult>
				<name>Small Car</name>
			</possibleresult>
			<points>
				<point>254.000000,642.000000</point>
				<point>250.000000,660.000000</point>
				<point>242.000000,658.000000</point>
				<point>246.000000,640.000000</point>
				<point>254.000000,642.000000</point>
			</points>
		</object>
		<object>
			<coordinate>pixel</coordinate>
			<type>rectangle</type>
			<description>None</description>
			<possibleresult>
				<name>Small Car</name>
			</possibleresult>
			<points>
				<point>227.000000,698.000000</point>
				<point>226.000000,704.000000</point>
				<point>201.000000,701.000000</point>
				<point>202.000000,694.000000</point>
				<point>227.000000,698.000000</point>
			</points>
		</object>
		<object>
			<coordinate>pixel</coordinate>
			<type>rectangle</type>
			<description>None</description>
			<possibleresult>
				<name>Small Car</name>
			</possibleresult>
			<points>
				<point>231.000000,687.000000</point>
				<point>230.000000,695.000000</point>
				<point>205.000000,690.000000</point>
				<point>206.000000,682.000000</point>
				<point>231.000000,687.000000</point>
			</points>
		</object>
		<object>
			<coordinate>pixel</coordinate>
			<type>rectangle</type>
			<description>None</description>
			<possibleresult>
				<name>Small Car</name>
			</possibleresult>
			<points>
				<point>228.000000,669.000000</point>
				<point>227.000000,677.000000</point>
				<point>205.000000,673.000000</point>
				<point>206.000000,665.000000</point>
				<point>228.000000,669.000000</point>
			</points>
		</object>
		<object>
			<coordinate>pixel</coordinate>
			<type>rectangle</type>
			<description>None</description>
			<possibleresult>
				<name>Van</name>
			</possibleresult>
			<points>
				<point>242.000000,618.000000</point>
				<point>241.000000,626.000000</point>
				<point>218.000000,623.000000</point>
				<point>218.000000,616.000000</point>
				<point>242.000000,618.000000</point>
			</points>
		</object>
		<object>
			<coordinate>pixel</coordinate>
			<type>rectangle</type>
			<description>None</description>
			<possibleresult>
				<name>Small Car</name>
			</possibleresult>
			<points>
				<point>263.000000,602.000000</point>
				<point>261.000000,617.000000</point>
				<point>250.000000,616.000000</point>
				<point>252.000000,600.000000</point>
				<point>263.000000,602.000000</point>
			</points>
		</object>
		<object>
			<coordinate>pixel</coordinate>
			<type>rectangle</type>
			<description>None</description>
			<possibleresult>
				<name>Small Car</name>
			</possibleresult>
			<points>
				<point>271.000000,583.000000</point>
				<point>267.000000,600.000000</point>
				<point>257.000000,598.000000</point>
				<point>261.000000,580.000000</point>
				<point>271.000000,583.000000</point>
			</points>
		</object>
		<object>
			<coordinate>pixel</coordinate>
			<type>rectangle</type>
			<description>None</description>
			<possibleresult>
				<name>Small Car</name>
			</possibleresult>
			<points>
				<point>307.000000,537.000000</point>
				<point>304.000000,554.000000</point>
				<point>296.000000,553.000000</point>
				<point>298.000000,536.000000</point>
				<point>307.000000,537.000000</point>
			</points>
		</object>
		<object>
			<coordinate>pixel</coordinate>
			<type>rectangle</type>
			<description>None</description>
			<possibleresult>
				<name>Dump Truck</name>
			</possibleresult>
			<points>
				<point>261.000000,537.000000</point>
				<point>259.000000,545.000000</point>
				<point>235.000000,542.000000</point>
				<point>236.000000,534.000000</point>
				<point>261.000000,537.000000</point>
			</points>
		</object>
		<object>
			<coordinate>pixel</coordinate>
			<type>rectangle</type>
			<description>None</description>
			<possibleresult>
				<name>Small Car</name>
			</possibleresult>
			<points>
				<point>292.000000,600.000000</point>
				<point>290.000000,615.000000</point>
				<point>280.000000,613.000000</point>
				<point>282.000000,598.000000</point>
				<point>292.000000,600.000000</point>
			</points>
		</object>
		<object>
			<coordinate>pixel</coordinate>
			<type>rectangle</type>
			<description>None</description>
			<possibleresult>
				<name>Van</name>
			</possibleresult>
			<points>
				<point>287.000000,511.000000</point>
				<point>285.000000,527.000000</point>
				<point>275.000000,526.000000</point>
				<point>276.000000,510.000000</point>
				<point>287.000000,511.000000</point>
			</points>
		</object>
		<object>
			<coordinate>pixel</coordinate>
			<type>rectangle</type>
			<description>None</description>
			<possibleresult>
				<name>Cargo Truck</name>
			</possibleresult>
			<points>
				<point>300.000000,475.000000</point>
				<point>297.000000,500.000000</point>
				<point>281.000000,498.000000</point>
				<point>285.000000,473.000000</point>
				<point>300.000000,475.000000</point>
			</points>
		</object>
		<object>
			<coordinate>pixel</coordinate>
			<type>rectangle</type>
			<description>None</description>
			<possibleresult>
				<name>Small Car</name>
			</possibleresult>
			<points>
				<point>326.000000,361.000000</point>
				<point>321.000000,380.000000</point>
				<point>311.000000,377.000000</point>
				<point>316.000000,359.000000</point>
				<point>326.000000,361.000000</point>
			</points>
		</object>
		<object>
			<coordinate>pixel</coordinate>
			<type>rectangle</type>
			<description>None</description>
			<possibleresult>
				<name>Van</name>
			</possibleresult>
			<points>
				<point>365.000000,321.000000</point>
				<point>363.000000,336.000000</point>
				<point>352.000000,334.000000</point>
				<point>355.000000,319.000000</point>
				<point>365.000000,321.000000</point>
			</points>
		</object>
		<object>
			<coordinate>pixel</coordinate>
			<type>rectangle</type>
			<description>None</description>
			<possibleresult>
				<name>Small Car</name>
			</possibleresult>
			<points>
				<point>354.000000,253.000000</point>
				<point>350.000000,267.000000</point>
				<point>341.000000,264.000000</point>
				<point>345.000000,251.000000</point>
				<point>354.000000,253.000000</point>
			</points>
		</object>
		<object>
			<coordinate>pixel</coordinate>
			<type>rectangle</type>
			<description>None</description>
			<possibleresult>
				<name>Small Car</name>
			</possibleresult>
			<points>
				<point>404.000000,156.000000</point>
				<point>399.000000,177.000000</point>
				<point>387.000000,174.000000</point>
				<point>392.000000,153.000000</point>
				<point>404.000000,156.000000</point>
			</points>
		</object>
		<object>
			<coordinate>pixel</coordinate>
			<type>rectangle</type>
			<description>None</description>
			<possibleresult>
				<name>Van</name>
			</possibleresult>
			<points>
				<point>407.000000,137.000000</point>
				<point>404.000000,150.000000</point>
				<point>396.000000,148.000000</point>
				<point>400.000000,135.000000</point>
				<point>407.000000,137.000000</point>
			</points>
		</object>
		<object>
			<coordinate>pixel</coordinate>
			<type>rectangle</type>
			<description>None</description>
			<possibleresult>
				<name>Dump Truck</name>
			</possibleresult>
			<points>
				<point>590.000000,706.000000</point>
				<point>585.000000,727.000000</point>
				<point>574.000000,724.000000</point>
				<point>578.000000,703.000000</point>
				<point>590.000000,706.000000</point>
			</points>
		</object>
		<object>
			<coordinate>pixel</coordinate>
			<type>rectangle</type>
			<description>None</description>
			<possibleresult>
				<name>Small Car</name>
			</possibleresult>
			<points>
				<point>107.000000,777.000000</point>
				<point>106.000000,784.000000</point>
				<point>79.000000,781.000000</point>
				<point>80.000000,773.000000</point>
				<point>107.000000,777.000000</point>
			</points>
		</object>
		<object>
			<coordinate>pixel</coordinate>
			<type>rectangle</type>
			<description>None</description>
			<possibleresult>
				<name>Small Car</name>
			</possibleresult>
			<points>
				<point>135.000000,780.000000</point>
				<point>134.000000,787.000000</point>
				<point>107.000000,785.000000</point>
				<point>108.000000,778.000000</point>
				<point>135.000000,780.000000</point>
			</points>
		</object>
		<object>
			<coordinate>pixel</coordinate>
			<type>rectangle</type>
			<description>None</description>
			<possibleresult>
				<name>Van</name>
			</possibleresult>
			<points>
				<point>41.000000,573.000000</point>
				<point>40.000000,580.000000</point>
				<point>26.000000,579.000000</point>
				<point>27.000000,572.000000</point>
				<point>41.000000,573.000000</point>
			</points>
		</object>
	</objects>
</annotation>