<?xml version="1.0" encoding="utf-8"?>
<annotation>
	<source>
		<filename>11334.tif</filename>
		<origin>GF2/GF3</origin>
	</source>
	<research>
		<version>1.0</version>
		<provider>FAIR1M</provider>
		<author>Cyber</author>
		<pluginname>FAIR1M</pluginname>
		<pluginclass>object detection</pluginclass>
		<time>2021-07-21</time>
	</research>
	<size>
		<width>1000</width>
		<height>1000</height>
		<depth>3</depth>
	</size>
	<objects>
		<object>
			<coordinate>pixel</coordinate>
			<type>rectangle</type>
			<description>None</description>
			<possibleresult>
				<name>Intersection</name>
			</possibleresult>
			<points>
				<point>78.000000,139.000000</point>
				<point>50.000000,151.000000</point>
				<point>37.000000,120.000000</point>
				<point>65.000000,109.000000</point>
				<point>78.000000,139.000000</point>
			</points>
		</object>
		<object>
			<coordinate>pixel</coordinate>
			<type>rectangle</type>
			<description>None</description>
			<possibleresult>
				<name>Intersection</name>
			</possibleresult>
			<points>
				<point>282.000000,79.000000</point>
				<point>245.000000,94.000000</point>
				<point>228.000000,52.000000</point>
				<point>265.000000,37.000000</point>
				<point>282.000000,79.000000</point>
			</points>
		</object>
		<object>
			<coordinate>pixel</coordinate>
			<type>rectangle</type>
			<description>None</description>
			<possibleresult>
				<name>Trailer</name>
			</possibleresult>
			<points>
				<point>315.000000,15.000000</point>
				<point>278.000000,28.000000</point>
				<point>274.000000,17.000000</point>
				<point>311.000000,4.000000</point>
				<point>315.000000,15.000000</point>
			</points>
		</object>
		<object>
			<coordinate>pixel</coordinate>
			<type>rectangle</type>
			<description>None</description>
			<possibleresult>
				<name>other-vehicle</name>
			</possibleresult>
			<points>
				<point>73.000000,380.000000</point>
				<point>57.000000,386.000000</point>
				<point>55.000000,379.000000</point>
				<point>71.000000,373.000000</point>
				<point>73.000000,380.000000</point>
			</points>
		</object>
		<object>
			<coordinate>pixel</coordinate>
			<type>rectangle</type>
			<description>None</description>
			<possibleresult>
				<name>Dump Truck</name>
			</possibleresult>
			<points>
				<point>171.000000,333.000000</point>
				<point>162.000000,337.000000</point>
				<point>153.000000,318.000000</point>
				<point>162.000000,313.000000</point>
				<point>171.000000,333.000000</point>
			</points>
		</object>
		<object>
			<coordinate>pixel</coordinate>
			<type>rectangle</type>
			<description>None</description>
			<possibleresult>
				<name>Dump Truck</name>
			</possibleresult>
			<points>
				<point>39.000000,358.000000</point>
				<point>29.000000,363.000000</point>
				<point>21.000000,345.000000</point>
				<point>30.000000,340.000000</point>
				<point>39.000000,358.000000</point>
			</points>
		</object>
		<object>
			<coordinate>pixel</coordinate>
			<type>rectangle</type>
			<description>None</description>
			<possibleresult>
				<name>Dump Truck</name>
			</possibleresult>
			<points>
				<point>23.000000,360.000000</point>
				<point>13.000000,364.000000</point>
				<point>6.000000,349.000000</point>
				<point>16.000000,345.000000</point>
				<point>23.000000,360.000000</point>
			</points>
		</object>
		<object>
			<coordinate>pixel</coordinate>
			<type>rectangle</type>
			<description>None</description>
			<possibleresult>
				<name>Cargo Truck</name>
			</possibleresult>
			<points>
				<point>354.000000,290.000000</point>
				<point>308.000000,307.000000</point>
				<point>303.000000,294.000000</point>
				<point>349.000000,277.000000</point>
				<point>354.000000,290.000000</point>
			</points>
		</object>
		<object>
			<coordinate>pixel</coordinate>
			<type>rectangle</type>
			<description>None</description>
			<possibleresult>
				<name>Cargo Truck</name>
			</possibleresult>
			<points>
				<point>538.000000,181.000000</point>
				<point>530.000000,186.000000</point>
				<point>512.000000,156.000000</point>
				<point>521.000000,151.000000</point>
				<point>538.000000,181.000000</point>
			</points>
		</object>
		<object>
			<coordinate>pixel</coordinate>
			<type>rectangle</type>
			<description>None</description>
			<possibleresult>
				<name>Dump Truck</name>
			</possibleresult>
			<points>
				<point>985.000000,16.000000</point>
				<point>976.000000,20.000000</point>
				<point>968.000000,4.000000</point>
				<point>978.000000,0.000000</point>
				<point>985.000000,16.000000</point>
			</points>
		</object>
		<object>
			<coordinate>pixel</coordinate>
			<type>rectangle</type>
			<description>None</description>
			<possibleresult>
				<name>Van</name>
			</possibleresult>
			<points>
				<point>663.000000,396.000000</point>
				<point>650.000000,401.000000</point>
				<point>647.000000,395.000000</point>
				<point>661.000000,390.000000</point>
				<point>663.000000,396.000000</point>
			</points>
		</object>
		<object>
			<coordinate>pixel</coordinate>
			<type>rectangle</type>
			<description>None</description>
			<possibleresult>
				<name>Dump Truck</name>
			</possibleresult>
			<points>
				<point>425.000000,319.000000</point>
				<point>416.000000,322.000000</point>
				<point>406.000000,298.000000</point>
				<point>415.000000,294.000000</point>
				<point>425.000000,319.000000</point>
			</points>
		</object>
		<object>
			<coordinate>pixel</coordinate>
			<type>rectangle</type>
			<description>None</description>
			<possibleresult>
				<name>other-vehicle</name>
			</possibleresult>
			<points>
				<point>462.000000,334.000000</point>
				<point>452.000000,339.000000</point>
				<point>437.000000,307.000000</point>
				<point>447.000000,303.000000</point>
				<point>462.000000,334.000000</point>
			</points>
		</object>
		<object>
			<coordinate>pixel</coordinate>
			<type>rectangle</type>
			<description>None</description>
			<possibleresult>
				<name>Trailer</name>
			</possibleresult>
			<points>
				<point>471.000000,318.000000</point>
				<point>461.000000,323.000000</point>
				<point>434.000000,271.000000</point>
				<point>444.000000,266.000000</point>
				<point>471.000000,318.000000</point>
			</points>
		</object>
		<object>
			<coordinate>pixel</coordinate>
			<type>rectangle</type>
			<description>None</description>
			<possibleresult>
				<name>Trailer</name>
			</possibleresult>
			<points>
				<point>524.000000,305.000000</point>
				<point>514.000000,310.000000</point>
				<point>490.000000,263.000000</point>
				<point>501.000000,258.000000</point>
				<point>524.000000,305.000000</point>
			</points>
		</object>
		<object>
			<coordinate>pixel</coordinate>
			<type>rectangle</type>
			<description>None</description>
			<possibleresult>
				<name>Van</name>
			</possibleresult>
			<points>
				<point>518.000000,277.000000</point>
				<point>513.000000,280.000000</point>
				<point>507.000000,266.000000</point>
				<point>512.000000,264.000000</point>
				<point>518.000000,277.000000</point>
			</points>
		</object>
		<object>
			<coordinate>pixel</coordinate>
			<type>rectangle</type>
			<description>None</description>
			<possibleresult>
				<name>Van</name>
			</possibleresult>
			<points>
				<point>531.000000,299.000000</point>
				<point>524.000000,302.000000</point>
				<point>517.000000,287.000000</point>
				<point>524.000000,284.000000</point>
				<point>531.000000,299.000000</point>
			</points>
		</object>
		<object>
			<coordinate>pixel</coordinate>
			<type>rectangle</type>
			<description>None</description>
			<possibleresult>
				<name>other-vehicle</name>
			</possibleresult>
			<points>
				<point>219.000000,722.000000</point>
				<point>194.000000,734.000000</point>
				<point>191.000000,725.000000</point>
				<point>215.000000,714.000000</point>
				<point>219.000000,722.000000</point>
			</points>
		</object>
		<object>
			<coordinate>pixel</coordinate>
			<type>rectangle</type>
			<description>None</description>
			<possibleresult>
				<name>other-vehicle</name>
			</possibleresult>
			<points>
				<point>27.000000,448.000000</point>
				<point>21.000000,452.000000</point>
				<point>13.000000,438.000000</point>
				<point>19.000000,434.000000</point>
				<point>27.000000,448.000000</point>
			</points>
		</object>
		<object>
			<coordinate>pixel</coordinate>
			<type>rectangle</type>
			<description>None</description>
			<possibleresult>
				<name>Dump Truck</name>
			</possibleresult>
			<points>
				<point>98.000000,504.000000</point>
				<point>87.000000,508.000000</point>
				<point>72.000000,474.000000</point>
				<point>82.000000,469.000000</point>
				<point>98.000000,504.000000</point>
			</points>
		</object>
		<object>
			<coordinate>pixel</coordinate>
			<type>rectangle</type>
			<description>None</description>
			<possibleresult>
				<name>Dump Truck</name>
			</possibleresult>
			<points>
				<point>92.000000,463.000000</point>
				<point>81.000000,468.000000</point>
				<point>67.000000,436.000000</point>
				<point>78.000000,431.000000</point>
				<point>92.000000,463.000000</point>
			</points>
		</object>
		<object>
			<coordinate>pixel</coordinate>
			<type>rectangle</type>
			<description>None</description>
			<possibleresult>
				<name>Dump Truck</name>
			</possibleresult>
			<points>
				<point>124.000000,495.000000</point>
				<point>114.000000,500.000000</point>
				<point>99.000000,467.000000</point>
				<point>110.000000,463.000000</point>
				<point>124.000000,495.000000</point>
			</points>
		</object>
		<object>
			<coordinate>pixel</coordinate>
			<type>rectangle</type>
			<description>None</description>
			<possibleresult>
				<name>Dump Truck</name>
			</possibleresult>
			<points>
				<point>143.000000,476.000000</point>
				<point>132.000000,481.000000</point>
				<point>117.000000,448.000000</point>
				<point>128.000000,444.000000</point>
				<point>143.000000,476.000000</point>
			</points>
		</object>
		<object>
			<coordinate>pixel</coordinate>
			<type>rectangle</type>
			<description>None</description>
			<possibleresult>
				<name>Dump Truck</name>
			</possibleresult>
			<points>
				<point>142.000000,442.000000</point>
				<point>132.000000,447.000000</point>
				<point>118.000000,416.000000</point>
				<point>128.000000,411.000000</point>
				<point>142.000000,442.000000</point>
			</points>
		</object>
		<object>
			<coordinate>pixel</coordinate>
			<type>rectangle</type>
			<description>None</description>
			<possibleresult>
				<name>Dump Truck</name>
			</possibleresult>
			<points>
				<point>156.000000,474.000000</point>
				<point>147.000000,478.000000</point>
				<point>133.000000,448.000000</point>
				<point>143.000000,444.000000</point>
				<point>156.000000,474.000000</point>
			</points>
		</object>
		<object>
			<coordinate>pixel</coordinate>
			<type>rectangle</type>
			<description>None</description>
			<possibleresult>
				<name>Truck Tractor</name>
			</possibleresult>
			<points>
				<point>166.000000,462.000000</point>
				<point>156.000000,466.000000</point>
				<point>147.000000,444.000000</point>
				<point>156.000000,440.000000</point>
				<point>166.000000,462.000000</point>
			</points>
		</object>
		<object>
			<coordinate>pixel</coordinate>
			<type>rectangle</type>
			<description>None</description>
			<possibleresult>
				<name>Dump Truck</name>
			</possibleresult>
			<points>
				<point>177.000000,395.000000</point>
				<point>169.000000,400.000000</point>
				<point>157.000000,381.000000</point>
				<point>166.000000,376.000000</point>
				<point>177.000000,395.000000</point>
			</points>
		</object>
		<object>
			<coordinate>pixel</coordinate>
			<type>rectangle</type>
			<description>None</description>
			<possibleresult>
				<name>Cargo Truck</name>
			</possibleresult>
			<points>
				<point>230.000000,388.000000</point>
				<point>220.000000,394.000000</point>
				<point>200.000000,355.000000</point>
				<point>211.000000,350.000000</point>
				<point>230.000000,388.000000</point>
			</points>
		</object>
		<object>
			<coordinate>pixel</coordinate>
			<type>rectangle</type>
			<description>None</description>
			<possibleresult>
				<name>Dump Truck</name>
			</possibleresult>
			<points>
				<point>320.000000,356.000000</point>
				<point>313.000000,360.000000</point>
				<point>305.000000,344.000000</point>
				<point>311.000000,340.000000</point>
				<point>320.000000,356.000000</point>
			</points>
		</object>
		<object>
			<coordinate>pixel</coordinate>
			<type>rectangle</type>
			<description>None</description>
			<possibleresult>
				<name>Dump Truck</name>
			</possibleresult>
			<points>
				<point>182.000000,410.000000</point>
				<point>163.000000,416.000000</point>
				<point>160.000000,408.000000</point>
				<point>180.000000,403.000000</point>
				<point>182.000000,410.000000</point>
			</points>
		</object>
		<object>
			<coordinate>pixel</coordinate>
			<type>rectangle</type>
			<description>None</description>
			<possibleresult>
				<name>Dump Truck</name>
			</possibleresult>
			<points>
				<point>199.000000,407.000000</point>
				<point>188.000000,411.000000</point>
				<point>175.000000,382.000000</point>
				<point>185.000000,377.000000</point>
				<point>199.000000,407.000000</point>
			</points>
		</object>
		<object>
			<coordinate>pixel</coordinate>
			<type>rectangle</type>
			<description>None</description>
			<possibleresult>
				<name>Bus</name>
			</possibleresult>
			<points>
				<point>87.000000,846.000000</point>
				<point>76.000000,851.000000</point>
				<point>60.000000,815.000000</point>
				<point>71.000000,810.000000</point>
				<point>87.000000,846.000000</point>
			</points>
		</object>
		<object>
			<coordinate>pixel</coordinate>
			<type>rectangle</type>
			<description>None</description>
			<possibleresult>
				<name>Van</name>
			</possibleresult>
			<points>
				<point>436.000000,638.000000</point>
				<point>417.000000,645.000000</point>
				<point>414.000000,639.000000</point>
				<point>433.000000,631.000000</point>
				<point>436.000000,638.000000</point>
			</points>
		</object>
		<object>
			<coordinate>pixel</coordinate>
			<type>rectangle</type>
			<description>None</description>
			<possibleresult>
				<name>Van</name>
			</possibleresult>
			<points>
				<point>571.000000,602.000000</point>
				<point>566.000000,606.000000</point>
				<point>555.000000,592.000000</point>
				<point>561.000000,587.000000</point>
				<point>571.000000,602.000000</point>
			</points>
		</object>
		<object>
			<coordinate>pixel</coordinate>
			<type>rectangle</type>
			<description>None</description>
			<possibleresult>
				<name>Van</name>
			</possibleresult>
			<points>
				<point>581.000000,574.000000</point>
				<point>563.000000,582.000000</point>
				<point>560.000000,576.000000</point>
				<point>578.000000,569.000000</point>
				<point>581.000000,574.000000</point>
			</points>
		</object>
		<object>
			<coordinate>pixel</coordinate>
			<type>rectangle</type>
			<description>None</description>
			<possibleresult>
				<name>Small Car</name>
			</possibleresult>
			<points>
				<point>597.000000,567.000000</point>
				<point>581.000000,573.000000</point>
				<point>579.000000,567.000000</point>
				<point>594.000000,561.000000</point>
				<point>597.000000,567.000000</point>
			</points>
		</object>
		<object>
			<coordinate>pixel</coordinate>
			<type>rectangle</type>
			<description>None</description>
			<possibleresult>
				<name>Dump Truck</name>
			</possibleresult>
			<points>
				<point>674.000000,533.000000</point>
				<point>650.000000,543.000000</point>
				<point>647.000000,536.000000</point>
				<point>671.000000,526.000000</point>
				<point>674.000000,533.000000</point>
			</points>
		</object>
		<object>
			<coordinate>pixel</coordinate>
			<type>rectangle</type>
			<description>None</description>
			<possibleresult>
				<name>Small Car</name>
			</possibleresult>
			<points>
				<point>638.000000,549.000000</point>
				<point>621.000000,556.000000</point>
				<point>618.000000,551.000000</point>
				<point>636.000000,543.000000</point>
				<point>638.000000,549.000000</point>
			</points>
		</object>
		<object>
			<coordinate>pixel</coordinate>
			<type>rectangle</type>
			<description>None</description>
			<possibleresult>
				<name>Van</name>
			</possibleresult>
			<points>
				<point>615.000000,559.000000</point>
				<point>602.000000,564.000000</point>
				<point>599.000000,558.000000</point>
				<point>613.000000,553.000000</point>
				<point>615.000000,559.000000</point>
			</points>
		</object>
		<object>
			<coordinate>pixel</coordinate>
			<type>rectangle</type>
			<description>None</description>
			<possibleresult>
				<name>Van</name>
			</possibleresult>
			<points>
				<point>532.000000,596.000000</point>
				<point>519.000000,601.000000</point>
				<point>517.000000,595.000000</point>
				<point>530.000000,590.000000</point>
				<point>532.000000,596.000000</point>
			</points>
		</object>
		<object>
			<coordinate>pixel</coordinate>
			<type>rectangle</type>
			<description>None</description>
			<possibleresult>
				<name>Van</name>
			</possibleresult>
			<points>
				<point>515.000000,603.000000</point>
				<point>498.000000,610.000000</point>
				<point>495.000000,604.000000</point>
				<point>513.000000,597.000000</point>
				<point>515.000000,603.000000</point>
			</points>
		</object>
		<object>
			<coordinate>pixel</coordinate>
			<type>rectangle</type>
			<description>None</description>
			<possibleresult>
				<name>Small Car</name>
			</possibleresult>
			<points>
				<point>457.000000,629.000000</point>
				<point>440.000000,636.000000</point>
				<point>437.000000,629.000000</point>
				<point>454.000000,622.000000</point>
				<point>457.000000,629.000000</point>
			</points>
		</object>
		<object>
			<coordinate>pixel</coordinate>
			<type>rectangle</type>
			<description>None</description>
			<possibleresult>
				<name>Dump Truck</name>
			</possibleresult>
			<points>
				<point>482.000000,617.000000</point>
				<point>464.000000,625.000000</point>
				<point>461.000000,618.000000</point>
				<point>479.000000,610.000000</point>
				<point>482.000000,617.000000</point>
			</points>
		</object>
		<object>
			<coordinate>pixel</coordinate>
			<type>rectangle</type>
			<description>None</description>
			<possibleresult>
				<name>Van</name>
			</possibleresult>
			<points>
				<point>411.000000,649.000000</point>
				<point>392.000000,657.000000</point>
				<point>390.000000,651.000000</point>
				<point>408.000000,643.000000</point>
				<point>411.000000,649.000000</point>
			</points>
		</object>
		<object>
			<coordinate>pixel</coordinate>
			<type>rectangle</type>
			<description>None</description>
			<possibleresult>
				<name>Van</name>
			</possibleresult>
			<points>
				<point>343.000000,642.000000</point>
				<point>318.000000,653.000000</point>
				<point>315.000000,647.000000</point>
				<point>340.000000,635.000000</point>
				<point>343.000000,642.000000</point>
			</points>
		</object>
		<object>
			<coordinate>pixel</coordinate>
			<type>rectangle</type>
			<description>None</description>
			<possibleresult>
				<name>Trailer</name>
			</possibleresult>
			<points>
				<point>768.000000,572.000000</point>
				<point>757.000000,579.000000</point>
				<point>733.000000,538.000000</point>
				<point>745.000000,531.000000</point>
				<point>768.000000,572.000000</point>
			</points>
		</object>
	</objects>
</annotation>