<?xml version="1.0" encoding="utf-8"?>
<annotation>
	<source>
		<filename>11353.tif</filename>
		<origin>GF2/GF3</origin>
	</source>
	<research>
		<version>1.0</version>
		<provider>FAIR1M</provider>
		<author>Cyber</author>
		<pluginname>FAIR1M</pluginname>
		<pluginclass>object detection</pluginclass>
		<time>2021-07-21</time>
	</research>
	<size>
		<width>800</width>
		<height>800</height>
		<depth>3</depth>
	</size>
	<objects>
		<object>
			<coordinate>pixel</coordinate>
			<type>rectangle</type>
			<description>None</description>
			<possibleresult>
				<name>Boeing737</name>
			</possibleresult>
			<points>
				<point>761.000000,131.000000</point>
				<point>726.000000,154.000000</point>
				<point>701.000000,117.000000</point>
				<point>736.000000,94.000000</point>
				<point>761.000000,131.000000</point>
			</points>
		</object>
		<object>
			<coordinate>pixel</coordinate>
			<type>rectangle</type>
			<description>None</description>
			<possibleresult>
				<name>Boeing737</name>
			</possibleresult>
			<points>
				<point>718.000000,157.000000</point>
				<point>681.000000,182.000000</point>
				<point>654.000000,142.000000</point>
				<point>692.000000,117.000000</point>
				<point>718.000000,157.000000</point>
			</points>
		</object>
		<object>
			<coordinate>pixel</coordinate>
			<type>rectangle</type>
			<description>None</description>
			<possibleresult>
				<name>A321</name>
			</possibleresult>
			<points>
				<point>602.000000,119.000000</point>
				<point>556.000000,150.000000</point>
				<point>532.000000,114.000000</point>
				<point>578.000000,84.000000</point>
				<point>602.000000,119.000000</point>
			</points>
		</object>
		<object>
			<coordinate>pixel</coordinate>
			<type>rectangle</type>
			<description>None</description>
			<possibleresult>
				<name>C919</name>
			</possibleresult>
			<points>
				<point>573.000000,76.000000</point>
				<point>532.000000,103.000000</point>
				<point>508.000000,67.000000</point>
				<point>549.000000,40.000000</point>
				<point>573.000000,76.000000</point>
			</points>
		</object>
		<object>
			<coordinate>pixel</coordinate>
			<type>rectangle</type>
			<description>None</description>
			<possibleresult>
				<name>Boeing787</name>
			</possibleresult>
			<points>
				<point>216.000000,345.000000</point>
				<point>155.000000,385.000000</point>
				<point>113.000000,321.000000</point>
				<point>174.000000,281.000000</point>
				<point>216.000000,345.000000</point>
			</points>
		</object>
	</objects>
</annotation>