<?xml version="1.0" encoding="utf-8"?>
<annotation>
	<source>
		<filename>11354.tif</filename>
		<origin>GF2/GF3</origin>
	</source>
	<research>
		<version>1.0</version>
		<provider>FAIR1M</provider>
		<author>Cyber</author>
		<pluginname>FAIR1M</pluginname>
		<pluginclass>object detection</pluginclass>
		<time>2021-07-21</time>
	</research>
	<size>
		<width>600</width>
		<height>800</height>
		<depth>3</depth>
	</size>
	<objects>
		<object>
			<coordinate>pixel</coordinate>
			<type>rectangle</type>
			<description>None</description>
			<possibleresult>
				<name>Dry Cargo Ship</name>
			</possibleresult>
			<points>
				<point>471.000000,439.000000</point>
				<point>459.000000,493.000000</point>
				<point>41.000000,399.000000</point>
				<point>53.000000,346.000000</point>
				<point>471.000000,439.000000</point>
			</points>
		</object>
	</objects>
</annotation>