<?xml version="1.0" encoding="utf-8"?>
<annotation>
	<source>
		<filename>11426.tif</filename>
		<origin>GF2/GF3</origin>
	</source>
	<research>
		<version>1.0</version>
		<provider>FAIR1M</provider>
		<author>Cyber</author>
		<pluginname>FAIR1M</pluginname>
		<pluginclass>object detection</pluginclass>
		<time>2021-07-21</time>
	</research>
	<size>
		<width>1000</width>
		<height>1000</height>
		<depth>3</depth>
	</size>
	<objects>
		<object>
			<coordinate>pixel</coordinate>
			<type>rectangle</type>
			<description>None</description>
			<possibleresult>
				<name>Dry Cargo Ship</name>
			</possibleresult>
			<points>
				<point>910.000000,177.000000</point>
				<point>783.000000,194.000000</point>
				<point>787.000000,221.000000</point>
				<point>914.000000,203.000000</point>
				<point>910.000000,177.000000</point>
			</points>
		</object>
		<object>
			<coordinate>pixel</coordinate>
			<type>rectangle</type>
			<description>None</description>
			<possibleresult>
				<name>Dry Cargo Ship</name>
			</possibleresult>
			<points>
				<point>765.000000,249.000000</point>
				<point>813.000000,347.000000</point>
				<point>836.000000,335.000000</point>
				<point>788.000000,238.000000</point>
				<point>765.000000,249.000000</point>
			</points>
		</object>
		<object>
			<coordinate>pixel</coordinate>
			<type>rectangle</type>
			<description>None</description>
			<possibleresult>
				<name>Dry Cargo Ship</name>
			</possibleresult>
			<points>
				<point>812.000000,348.000000</point>
				<point>767.000000,255.000000</point>
				<point>752.000000,262.000000</point>
				<point>797.000000,355.000000</point>
				<point>812.000000,348.000000</point>
			</points>
		</object>
	</objects>
</annotation>