<?xml version="1.0" encoding="utf-8"?>
<annotation>
	<source>
		<filename>11471.tif</filename>
		<origin>GF2/GF3</origin>
	</source>
	<research>
		<version>1.0</version>
		<provider>FAIR1M</provider>
		<author>Cyber</author>
		<pluginname>FAIR1M</pluginname>
		<pluginclass>object detection</pluginclass>
		<time>2021-07-21</time>
	</research>
	<size>
		<width>1000</width>
		<height>1000</height>
		<depth>3</depth>
	</size>
	<objects>
		<object>
			<coordinate>pixel</coordinate>
			<type>rectangle</type>
			<description>None</description>
			<possibleresult>
				<name>Tennis Court</name>
			</possibleresult>
			<points>
				<point>475.000000,681.000000</point>
				<point>419.000000,748.000000</point>
				<point>377.000000,729.000000</point>
				<point>434.000000,660.000000</point>
				<point>475.000000,681.000000</point>
			</points>
		</object>
		<object>
			<coordinate>pixel</coordinate>
			<type>rectangle</type>
			<description>None</description>
			<possibleresult>
				<name>Tennis Court</name>
			</possibleresult>
			<points>
				<point>417.000000,653.000000</point>
				<point>360.000000,722.000000</point>
				<point>317.000000,703.000000</point>
				<point>375.000000,634.000000</point>
				<point>417.000000,653.000000</point>
			</points>
		</object>
		<object>
			<coordinate>pixel</coordinate>
			<type>rectangle</type>
			<description>None</description>
			<possibleresult>
				<name>Tennis Court</name>
			</possibleresult>
			<points>
				<point>357.000000,628.000000</point>
				<point>300.000000,695.000000</point>
				<point>258.000000,675.000000</point>
				<point>315.000000,606.000000</point>
				<point>357.000000,628.000000</point>
			</points>
		</object>
		<object>
			<coordinate>pixel</coordinate>
			<type>rectangle</type>
			<description>None</description>
			<possibleresult>
				<name>Tennis Court</name>
			</possibleresult>
			<points>
				<point>565.000000,575.000000</point>
				<point>507.000000,644.000000</point>
				<point>465.000000,624.000000</point>
				<point>521.000000,556.000000</point>
				<point>565.000000,575.000000</point>
			</points>
		</object>
		<object>
			<coordinate>pixel</coordinate>
			<type>rectangle</type>
			<description>None</description>
			<possibleresult>
				<name>Tennis Court</name>
			</possibleresult>
			<points>
				<point>504.000000,548.000000</point>
				<point>447.000000,616.000000</point>
				<point>405.000000,596.000000</point>
				<point>461.000000,528.000000</point>
				<point>504.000000,548.000000</point>
			</points>
		</object>
		<object>
			<coordinate>pixel</coordinate>
			<type>rectangle</type>
			<description>None</description>
			<possibleresult>
				<name>Tennis Court</name>
			</possibleresult>
			<points>
				<point>445.000000,521.000000</point>
				<point>389.000000,589.000000</point>
				<point>346.000000,569.000000</point>
				<point>402.000000,501.000000</point>
				<point>445.000000,521.000000</point>
			</points>
		</object>
		<object>
			<coordinate>pixel</coordinate>
			<type>rectangle</type>
			<description>None</description>
			<possibleresult>
				<name>Van</name>
			</possibleresult>
			<points>
				<point>108.000000,911.000000</point>
				<point>101.000000,911.000000</point>
				<point>101.000000,898.000000</point>
				<point>108.000000,898.000000</point>
				<point>108.000000,911.000000</point>
			</points>
		</object>
		<object>
			<coordinate>pixel</coordinate>
			<type>rectangle</type>
			<description>None</description>
			<possibleresult>
				<name>Dump Truck</name>
			</possibleresult>
			<points>
				<point>243.000000,843.000000</point>
				<point>233.000000,843.000000</point>
				<point>233.000000,819.000000</point>
				<point>243.000000,819.000000</point>
				<point>243.000000,843.000000</point>
			</points>
		</object>
		<object>
			<coordinate>pixel</coordinate>
			<type>rectangle</type>
			<description>None</description>
			<possibleresult>
				<name>Small Car</name>
			</possibleresult>
			<points>
				<point>186.000000,822.000000</point>
				<point>184.000000,827.000000</point>
				<point>166.000000,820.000000</point>
				<point>168.000000,815.000000</point>
				<point>186.000000,822.000000</point>
			</points>
		</object>
		<object>
			<coordinate>pixel</coordinate>
			<type>rectangle</type>
			<description>None</description>
			<possibleresult>
				<name>Van</name>
			</possibleresult>
			<points>
				<point>209.000000,789.000000</point>
				<point>208.000000,794.000000</point>
				<point>188.000000,788.000000</point>
				<point>189.000000,783.000000</point>
				<point>209.000000,789.000000</point>
			</points>
		</object>
		<object>
			<coordinate>pixel</coordinate>
			<type>rectangle</type>
			<description>None</description>
			<possibleresult>
				<name>Dump Truck</name>
			</possibleresult>
			<points>
				<point>200.000000,753.000000</point>
				<point>191.000000,756.000000</point>
				<point>185.000000,734.000000</point>
				<point>194.000000,732.000000</point>
				<point>200.000000,753.000000</point>
			</points>
		</object>
		<object>
			<coordinate>pixel</coordinate>
			<type>rectangle</type>
			<description>None</description>
			<possibleresult>
				<name>Small Car</name>
			</possibleresult>
			<points>
				<point>172.000000,761.000000</point>
				<point>166.000000,762.000000</point>
				<point>164.000000,749.000000</point>
				<point>170.000000,748.000000</point>
				<point>172.000000,761.000000</point>
			</points>
		</object>
		<object>
			<coordinate>pixel</coordinate>
			<type>rectangle</type>
			<description>None</description>
			<possibleresult>
				<name>Van</name>
			</possibleresult>
			<points>
				<point>140.000000,780.000000</point>
				<point>131.000000,780.000000</point>
				<point>130.000000,765.000000</point>
				<point>139.000000,765.000000</point>
				<point>140.000000,780.000000</point>
			</points>
		</object>
		<object>
			<coordinate>pixel</coordinate>
			<type>rectangle</type>
			<description>None</description>
			<possibleresult>
				<name>Small Car</name>
			</possibleresult>
			<points>
				<point>167.000000,878.000000</point>
				<point>159.000000,879.000000</point>
				<point>157.000000,863.000000</point>
				<point>166.000000,862.000000</point>
				<point>167.000000,878.000000</point>
			</points>
		</object>
		<object>
			<coordinate>pixel</coordinate>
			<type>rectangle</type>
			<description>None</description>
			<possibleresult>
				<name>Van</name>
			</possibleresult>
			<points>
				<point>84.000000,919.000000</point>
				<point>76.000000,919.000000</point>
				<point>76.000000,902.000000</point>
				<point>84.000000,902.000000</point>
				<point>84.000000,919.000000</point>
			</points>
		</object>
		<object>
			<coordinate>pixel</coordinate>
			<type>rectangle</type>
			<description>None</description>
			<possibleresult>
				<name>Small Car</name>
			</possibleresult>
			<points>
				<point>71.000000,911.000000</point>
				<point>70.000000,927.000000</point>
				<point>63.000000,926.000000</point>
				<point>64.000000,911.000000</point>
				<point>71.000000,911.000000</point>
			</points>
		</object>
		<object>
			<coordinate>pixel</coordinate>
			<type>rectangle</type>
			<description>None</description>
			<possibleresult>
				<name>Van</name>
			</possibleresult>
			<points>
				<point>60.000000,913.000000</point>
				<point>58.000000,931.000000</point>
				<point>49.000000,930.000000</point>
				<point>51.000000,912.000000</point>
				<point>60.000000,913.000000</point>
			</points>
		</object>
		<object>
			<coordinate>pixel</coordinate>
			<type>rectangle</type>
			<description>None</description>
			<possibleresult>
				<name>Dump Truck</name>
			</possibleresult>
			<points>
				<point>45.000000,933.000000</point>
				<point>37.000000,933.000000</point>
				<point>38.000000,918.000000</point>
				<point>45.000000,918.000000</point>
				<point>45.000000,933.000000</point>
			</points>
		</object>
		<object>
			<coordinate>pixel</coordinate>
			<type>rectangle</type>
			<description>None</description>
			<possibleresult>
				<name>Small Car</name>
			</possibleresult>
			<points>
				<point>32.000000,939.000000</point>
				<point>24.000000,939.000000</point>
				<point>24.000000,921.000000</point>
				<point>31.000000,921.000000</point>
				<point>32.000000,939.000000</point>
			</points>
		</object>
		<object>
			<coordinate>pixel</coordinate>
			<type>rectangle</type>
			<description>None</description>
			<possibleresult>
				<name>Van</name>
			</possibleresult>
			<points>
				<point>20.000000,926.000000</point>
				<point>18.000000,943.000000</point>
				<point>10.000000,942.000000</point>
				<point>12.000000,925.000000</point>
				<point>20.000000,926.000000</point>
			</points>
		</object>
		<object>
			<coordinate>pixel</coordinate>
			<type>rectangle</type>
			<description>None</description>
			<possibleresult>
				<name>Van</name>
			</possibleresult>
			<points>
				<point>7.000000,926.000000</point>
				<point>5.000000,943.000000</point>
				<point>0.000000,942.000000</point>
				<point>0.000000,926.000000</point>
				<point>7.000000,926.000000</point>
			</points>
		</object>
		<object>
			<coordinate>pixel</coordinate>
			<type>rectangle</type>
			<description>None</description>
			<possibleresult>
				<name>Small Car</name>
			</possibleresult>
			<points>
				<point>31.000000,873.000000</point>
				<point>28.000000,879.000000</point>
				<point>10.000000,870.000000</point>
				<point>14.000000,864.000000</point>
				<point>31.000000,873.000000</point>
			</points>
		</object>
		<object>
			<coordinate>pixel</coordinate>
			<type>rectangle</type>
			<description>None</description>
			<possibleresult>
				<name>Van</name>
			</possibleresult>
			<points>
				<point>25.000000,829.000000</point>
				<point>24.000000,844.000000</point>
				<point>16.000000,844.000000</point>
				<point>16.000000,829.000000</point>
				<point>25.000000,829.000000</point>
			</points>
		</object>
		<object>
			<coordinate>pixel</coordinate>
			<type>rectangle</type>
			<description>None</description>
			<possibleresult>
				<name>Van</name>
			</possibleresult>
			<points>
				<point>22.000000,879.000000</point>
				<point>18.000000,885.000000</point>
				<point>2.000000,875.000000</point>
				<point>6.000000,869.000000</point>
				<point>22.000000,879.000000</point>
			</points>
		</object>
		<object>
			<coordinate>pixel</coordinate>
			<type>rectangle</type>
			<description>None</description>
			<possibleresult>
				<name>Football Field</name>
			</possibleresult>
			<points>
				<point>721.000000,98.000000</point>
				<point>426.000000,441.000000</point>
				<point>718.000000,576.000000</point>
				<point>999.000000,231.000000</point>
				<point>721.000000,98.000000</point>
			</points>
		</object>
	</objects>
</annotation>