<?xml version="1.0" encoding="utf-8"?>
<annotation>
	<source>
		<filename>11470.tif</filename>
		<origin>GF2/GF3</origin>
	</source>
	<research>
		<version>1.0</version>
		<provider>FAIR1M</provider>
		<author>Cyber</author>
		<pluginname>FAIR1M</pluginname>
		<pluginclass>object detection</pluginclass>
		<time>2021-07-21</time>
	</research>
	<size>
		<width>1000</width>
		<height>1000</height>
		<depth>3</depth>
	</size>
	<objects>
		<object>
			<coordinate>pixel</coordinate>
			<type>rectangle</type>
			<description>None</description>
			<possibleresult>
				<name>other-airplane</name>
			</possibleresult>
			<points>
				<point>242.000000,767.000000</point>
				<point>256.000000,800.000000</point>
				<point>287.000000,786.000000</point>
				<point>272.000000,754.000000</point>
				<point>242.000000,767.000000</point>
			</points>
		</object>
		<object>
			<coordinate>pixel</coordinate>
			<type>rectangle</type>
			<description>None</description>
			<possibleresult>
				<name>Boeing787</name>
			</possibleresult>
			<points>
				<point>642.000000,843.000000</point>
				<point>592.000000,894.000000</point>
				<point>643.000000,944.000000</point>
				<point>693.000000,893.000000</point>
				<point>642.000000,843.000000</point>
			</points>
		</object>
		<object>
			<coordinate>pixel</coordinate>
			<type>rectangle</type>
			<description>None</description>
			<possibleresult>
				<name>A220</name>
			</possibleresult>
			<points>
				<point>768.000000,948.000000</point>
				<point>814.000000,961.000000</point>
				<point>826.000000,919.000000</point>
				<point>780.000000,906.000000</point>
				<point>768.000000,948.000000</point>
			</points>
		</object>
		<object>
			<coordinate>pixel</coordinate>
			<type>rectangle</type>
			<description>None</description>
			<possibleresult>
				<name>other-airplane</name>
			</possibleresult>
			<points>
				<point>406.000000,486.000000</point>
				<point>373.000000,437.000000</point>
				<point>332.000000,465.000000</point>
				<point>365.000000,514.000000</point>
				<point>406.000000,486.000000</point>
			</points>
		</object>
	</objects>
</annotation>