<?xml version="1.0" encoding="utf-8"?>
<annotation>
	<source>
		<filename>11550.tif</filename>
		<origin>GF2/GF3</origin>
	</source>
	<research>
		<version>1.0</version>
		<provider>FAIR1M</provider>
		<author>Cyber</author>
		<pluginname>FAIR1M</pluginname>
		<pluginclass>object detection</pluginclass>
		<time>2021-07-21</time>
	</research>
	<size>
		<width>1000</width>
		<height>1000</height>
		<depth>3</depth>
	</size>
	<objects>
		<object>
			<coordinate>pixel</coordinate>
			<type>rectangle</type>
			<description>None</description>
			<possibleresult>
				<name>Boeing787</name>
			</possibleresult>
			<points>
				<point>942.000000,308.000000</point>
				<point>948.000000,381.000000</point>
				<point>1022.000000,374.000000</point>
				<point>1016.000000,302.000000</point>
				<point>942.000000,308.000000</point>
			</points>
		</object>
		<object>
			<coordinate>pixel</coordinate>
			<type>rectangle</type>
			<description>None</description>
			<possibleresult>
				<name>Boeing777</name>
			</possibleresult>
			<points>
				<point>852.000000,311.000000</point>
				<point>858.000000,391.000000</point>
				<point>934.000000,385.000000</point>
				<point>928.000000,305.000000</point>
				<point>852.000000,311.000000</point>
			</points>
		</object>
		<object>
			<coordinate>pixel</coordinate>
			<type>rectangle</type>
			<description>None</description>
			<possibleresult>
				<name>other-airplane</name>
			</possibleresult>
			<points>
				<point>935.000000,579.000000</point>
				<point>931.000000,520.000000</point>
				<point>882.000000,524.000000</point>
				<point>885.000000,582.000000</point>
				<point>935.000000,579.000000</point>
			</points>
		</object>
		<object>
			<coordinate>pixel</coordinate>
			<type>rectangle</type>
			<description>None</description>
			<possibleresult>
				<name>Roundabout</name>
			</possibleresult>
			<points>
				<point>283.000000,900.000000</point>
				<point>349.000000,900.000000</point>
				<point>349.000000,836.000000</point>
				<point>283.000000,836.000000</point>
				<point>283.000000,900.000000</point>
			</points>
		</object>
	</objects>
</annotation>