<?xml version="1.0" encoding="utf-8"?>
<annotation>
	<source>
		<filename>11555.tif</filename>
		<origin>GF2/GF3</origin>
	</source>
	<research>
		<version>1.0</version>
		<provider>FAIR1M</provider>
		<author>Cyber</author>
		<pluginname>FAIR1M</pluginname>
		<pluginclass>object detection</pluginclass>
		<time>2021-07-21</time>
	</research>
	<size>
		<width>600</width>
		<height>800</height>
		<depth>4</depth>
	</size>
	<objects>
		<object>
			<coordinate>pixel</coordinate>
			<type>rectangle</type>
			<description>None</description>
			<possibleresult>
				<name>Baseball Field</name>
			</possibleresult>
			<points>
				<point>318.000000,380.000000</point>
				<point>212.000000,380.000000</point>
				<point>209.000000,279.000000</point>
				<point>316.000000,277.000000</point>
				<point>318.000000,380.000000</point>
			</points>
		</object>
		<object>
			<coordinate>pixel</coordinate>
			<type>rectangle</type>
			<description>None</description>
			<possibleresult>
				<name>Football Field</name>
			</possibleresult>
			<points>
				<point>600.000000,328.000000</point>
				<point>474.041504,334.771973</point>
				<point>456.043030,0.000000</point>
				<point>600.000000,0.000000</point>
				<point>600.000000,328.000000</point>
			</points>
		</object>
		<object>
			<coordinate>pixel</coordinate>
			<type>rectangle</type>
			<description>None</description>
			<possibleresult>
				<name>Cargo Truck</name>
			</possibleresult>
			<points>
				<point>323.000000,502.000000</point>
				<point>315.000000,509.000000</point>
				<point>293.000000,484.000000</point>
				<point>301.000000,477.000000</point>
				<point>323.000000,502.000000</point>
			</points>
		</object>
		<object>
			<coordinate>pixel</coordinate>
			<type>rectangle</type>
			<description>None</description>
			<possibleresult>
				<name>Cargo Truck</name>
			</possibleresult>
			<points>
				<point>305.000000,499.000000</point>
				<point>296.000000,508.000000</point>
				<point>273.000000,484.000000</point>
				<point>282.000000,475.000000</point>
				<point>305.000000,499.000000</point>
			</points>
		</object>
		<object>
			<coordinate>pixel</coordinate>
			<type>rectangle</type>
			<description>None</description>
			<possibleresult>
				<name>Cargo Truck</name>
			</possibleresult>
			<points>
				<point>286.000000,503.000000</point>
				<point>278.000000,510.000000</point>
				<point>255.000000,485.000000</point>
				<point>262.000000,478.000000</point>
				<point>286.000000,503.000000</point>
			</points>
		</object>
		<object>
			<coordinate>pixel</coordinate>
			<type>rectangle</type>
			<description>None</description>
			<possibleresult>
				<name>Cargo Truck</name>
			</possibleresult>
			<points>
				<point>264.000000,503.000000</point>
				<point>258.000000,509.000000</point>
				<point>236.000000,485.000000</point>
				<point>243.000000,479.000000</point>
				<point>264.000000,503.000000</point>
			</points>
		</object>
		<object>
			<coordinate>pixel</coordinate>
			<type>rectangle</type>
			<description>None</description>
			<possibleresult>
				<name>Cargo Truck</name>
			</possibleresult>
			<points>
				<point>246.000000,502.000000</point>
				<point>237.000000,509.000000</point>
				<point>214.000000,484.000000</point>
				<point>222.000000,476.000000</point>
				<point>246.000000,502.000000</point>
			</points>
		</object>
		<object>
			<coordinate>pixel</coordinate>
			<type>rectangle</type>
			<description>None</description>
			<possibleresult>
				<name>Cargo Truck</name>
			</possibleresult>
			<points>
				<point>343.000000,498.000000</point>
				<point>334.000000,507.000000</point>
				<point>311.000000,481.000000</point>
				<point>320.000000,473.000000</point>
				<point>343.000000,498.000000</point>
			</points>
		</object>
		<object>
			<coordinate>pixel</coordinate>
			<type>rectangle</type>
			<description>None</description>
			<possibleresult>
				<name>Cargo Truck</name>
			</possibleresult>
			<points>
				<point>228.000000,504.000000</point>
				<point>220.000000,512.000000</point>
				<point>194.000000,486.000000</point>
				<point>202.000000,478.000000</point>
				<point>228.000000,504.000000</point>
			</points>
		</object>
		<object>
			<coordinate>pixel</coordinate>
			<type>rectangle</type>
			<description>None</description>
			<possibleresult>
				<name>Cargo Truck</name>
			</possibleresult>
			<points>
				<point>207.000000,506.000000</point>
				<point>199.000000,513.000000</point>
				<point>176.000000,488.000000</point>
				<point>184.000000,480.000000</point>
				<point>207.000000,506.000000</point>
			</points>
		</object>
		<object>
			<coordinate>pixel</coordinate>
			<type>rectangle</type>
			<description>None</description>
			<possibleresult>
				<name>Cargo Truck</name>
			</possibleresult>
			<points>
				<point>190.000000,507.000000</point>
				<point>182.000000,515.000000</point>
				<point>159.000000,490.000000</point>
				<point>168.000000,482.000000</point>
				<point>190.000000,507.000000</point>
			</points>
		</object>
		<object>
			<coordinate>pixel</coordinate>
			<type>rectangle</type>
			<description>None</description>
			<possibleresult>
				<name>Cargo Truck</name>
			</possibleresult>
			<points>
				<point>172.000000,508.000000</point>
				<point>164.000000,516.000000</point>
				<point>139.000000,491.000000</point>
				<point>147.000000,482.000000</point>
				<point>172.000000,508.000000</point>
			</points>
		</object>
		<object>
			<coordinate>pixel</coordinate>
			<type>rectangle</type>
			<description>None</description>
			<possibleresult>
				<name>Cargo Truck</name>
			</possibleresult>
			<points>
				<point>155.000000,512.000000</point>
				<point>147.000000,519.000000</point>
				<point>120.000000,490.000000</point>
				<point>128.000000,482.000000</point>
				<point>155.000000,512.000000</point>
			</points>
		</object>
		<object>
			<coordinate>pixel</coordinate>
			<type>rectangle</type>
			<description>None</description>
			<possibleresult>
				<name>Cargo Truck</name>
			</possibleresult>
			<points>
				<point>133.000000,509.000000</point>
				<point>127.000000,516.000000</point>
				<point>100.000000,493.000000</point>
				<point>106.000000,485.000000</point>
				<point>133.000000,509.000000</point>
			</points>
		</object>
		<object>
			<coordinate>pixel</coordinate>
			<type>rectangle</type>
			<description>None</description>
			<possibleresult>
				<name>Cargo Truck</name>
			</possibleresult>
			<points>
				<point>113.000000,510.000000</point>
				<point>106.000000,518.000000</point>
				<point>80.000000,494.000000</point>
				<point>87.000000,486.000000</point>
				<point>113.000000,510.000000</point>
			</points>
		</object>
		<object>
			<coordinate>pixel</coordinate>
			<type>rectangle</type>
			<description>None</description>
			<possibleresult>
				<name>Cargo Truck</name>
			</possibleresult>
			<points>
				<point>72.000000,512.000000</point>
				<point>65.000000,519.000000</point>
				<point>43.000000,495.000000</point>
				<point>50.000000,488.000000</point>
				<point>72.000000,512.000000</point>
			</points>
		</object>
		<object>
			<coordinate>pixel</coordinate>
			<type>rectangle</type>
			<description>None</description>
			<possibleresult>
				<name>Cargo Truck</name>
			</possibleresult>
			<points>
				<point>345.000000,411.000000</point>
				<point>332.000000,449.000000</point>
				<point>323.000000,446.000000</point>
				<point>336.000000,408.000000</point>
				<point>345.000000,411.000000</point>
			</points>
		</object>
		<object>
			<coordinate>pixel</coordinate>
			<type>rectangle</type>
			<description>None</description>
			<possibleresult>
				<name>Cargo Truck</name>
			</possibleresult>
			<points>
				<point>332.000000,416.000000</point>
				<point>316.000000,444.000000</point>
				<point>306.000000,439.000000</point>
				<point>322.000000,410.000000</point>
				<point>332.000000,416.000000</point>
			</points>
		</object>
		<object>
			<coordinate>pixel</coordinate>
			<type>rectangle</type>
			<description>None</description>
			<possibleresult>
				<name>Cargo Truck</name>
			</possibleresult>
			<points>
				<point>316.000000,419.000000</point>
				<point>291.000000,449.000000</point>
				<point>283.000000,442.000000</point>
				<point>308.000000,412.000000</point>
				<point>316.000000,419.000000</point>
			</points>
		</object>
		<object>
			<coordinate>pixel</coordinate>
			<type>rectangle</type>
			<description>None</description>
			<possibleresult>
				<name>Cargo Truck</name>
			</possibleresult>
			<points>
				<point>293.000000,424.000000</point>
				<point>274.000000,450.000000</point>
				<point>264.000000,443.000000</point>
				<point>283.000000,417.000000</point>
				<point>293.000000,424.000000</point>
			</points>
		</object>
		<object>
			<coordinate>pixel</coordinate>
			<type>rectangle</type>
			<description>None</description>
			<possibleresult>
				<name>Cargo Truck</name>
			</possibleresult>
			<points>
				<point>275.000000,417.000000</point>
				<point>257.000000,449.000000</point>
				<point>248.000000,444.000000</point>
				<point>265.000000,412.000000</point>
				<point>275.000000,417.000000</point>
			</points>
		</object>
		<object>
			<coordinate>pixel</coordinate>
			<type>rectangle</type>
			<description>None</description>
			<possibleresult>
				<name>Cargo Truck</name>
			</possibleresult>
			<points>
				<point>254.000000,423.000000</point>
				<point>239.000000,451.000000</point>
				<point>229.000000,445.000000</point>
				<point>244.000000,417.000000</point>
				<point>254.000000,423.000000</point>
			</points>
		</object>
		<object>
			<coordinate>pixel</coordinate>
			<type>rectangle</type>
			<description>None</description>
			<possibleresult>
				<name>Cargo Truck</name>
			</possibleresult>
			<points>
				<point>235.000000,423.000000</point>
				<point>219.000000,453.000000</point>
				<point>209.000000,448.000000</point>
				<point>224.000000,418.000000</point>
				<point>235.000000,423.000000</point>
			</points>
		</object>
		<object>
			<coordinate>pixel</coordinate>
			<type>rectangle</type>
			<description>None</description>
			<possibleresult>
				<name>Cargo Truck</name>
			</possibleresult>
			<points>
				<point>215.000000,424.000000</point>
				<point>201.000000,453.000000</point>
				<point>190.000000,448.000000</point>
				<point>205.000000,419.000000</point>
				<point>215.000000,424.000000</point>
			</points>
		</object>
		<object>
			<coordinate>pixel</coordinate>
			<type>rectangle</type>
			<description>None</description>
			<possibleresult>
				<name>Cargo Truck</name>
			</possibleresult>
			<points>
				<point>200.000000,425.000000</point>
				<point>179.000000,451.000000</point>
				<point>170.000000,443.000000</point>
				<point>191.000000,418.000000</point>
				<point>200.000000,425.000000</point>
			</points>
		</object>
		<object>
			<coordinate>pixel</coordinate>
			<type>rectangle</type>
			<description>None</description>
			<possibleresult>
				<name>Cargo Truck</name>
			</possibleresult>
			<points>
				<point>176.000000,427.000000</point>
				<point>163.000000,455.000000</point>
				<point>152.000000,450.000000</point>
				<point>165.000000,422.000000</point>
				<point>176.000000,427.000000</point>
			</points>
		</object>
		<object>
			<coordinate>pixel</coordinate>
			<type>rectangle</type>
			<description>None</description>
			<possibleresult>
				<name>Cargo Truck</name>
			</possibleresult>
			<points>
				<point>158.000000,427.000000</point>
				<point>143.000000,455.000000</point>
				<point>133.000000,450.000000</point>
				<point>149.000000,422.000000</point>
				<point>158.000000,427.000000</point>
			</points>
		</object>
		<object>
			<coordinate>pixel</coordinate>
			<type>rectangle</type>
			<description>None</description>
			<possibleresult>
				<name>Cargo Truck</name>
			</possibleresult>
			<points>
				<point>139.000000,429.000000</point>
				<point>122.000000,457.000000</point>
				<point>113.000000,451.000000</point>
				<point>131.000000,424.000000</point>
				<point>139.000000,429.000000</point>
			</points>
		</object>
		<object>
			<coordinate>pixel</coordinate>
			<type>rectangle</type>
			<description>None</description>
			<possibleresult>
				<name>Cargo Truck</name>
			</possibleresult>
			<points>
				<point>127.000000,424.000000</point>
				<point>110.000000,451.000000</point>
				<point>100.000000,445.000000</point>
				<point>117.000000,418.000000</point>
				<point>127.000000,424.000000</point>
			</points>
		</object>
		<object>
			<coordinate>pixel</coordinate>
			<type>rectangle</type>
			<description>None</description>
			<possibleresult>
				<name>Cargo Truck</name>
			</possibleresult>
			<points>
				<point>47.000000,461.000000</point>
				<point>35.000000,461.000000</point>
				<point>33.000000,430.000000</point>
				<point>45.000000,429.000000</point>
				<point>47.000000,461.000000</point>
			</points>
		</object>
		<object>
			<coordinate>pixel</coordinate>
			<type>rectangle</type>
			<description>None</description>
			<possibleresult>
				<name>Cargo Truck</name>
			</possibleresult>
			<points>
				<point>33.000000,463.000000</point>
				<point>21.000000,465.000000</point>
				<point>16.000000,431.000000</point>
				<point>28.000000,429.000000</point>
				<point>33.000000,463.000000</point>
			</points>
		</object>
		<object>
			<coordinate>pixel</coordinate>
			<type>rectangle</type>
			<description>None</description>
			<possibleresult>
				<name>Van</name>
			</possibleresult>
			<points>
				<point>46.000000,412.000000</point>
				<point>26.000000,412.000000</point>
				<point>25.000000,406.000000</point>
				<point>45.000000,405.000000</point>
				<point>46.000000,412.000000</point>
			</points>
		</object>
		<object>
			<coordinate>pixel</coordinate>
			<type>rectangle</type>
			<description>None</description>
			<possibleresult>
				<name>Van</name>
			</possibleresult>
			<points>
				<point>45.000000,402.000000</point>
				<point>25.000000,404.000000</point>
				<point>25.000000,397.000000</point>
				<point>45.000000,396.000000</point>
				<point>45.000000,402.000000</point>
			</points>
		</object>
		<object>
			<coordinate>pixel</coordinate>
			<type>rectangle</type>
			<description>None</description>
			<possibleresult>
				<name>Small Car</name>
			</possibleresult>
			<points>
				<point>37.000000,347.000000</point>
				<point>15.000000,349.000000</point>
				<point>15.000000,341.000000</point>
				<point>37.000000,339.000000</point>
				<point>37.000000,347.000000</point>
			</points>
		</object>
		<object>
			<coordinate>pixel</coordinate>
			<type>rectangle</type>
			<description>None</description>
			<possibleresult>
				<name>Cargo Truck</name>
			</possibleresult>
			<points>
				<point>35.000000,531.000000</point>
				<point>12.000000,566.000000</point>
				<point>3.000000,560.000000</point>
				<point>25.000000,525.000000</point>
				<point>35.000000,531.000000</point>
			</points>
		</object>
		<object>
			<coordinate>pixel</coordinate>
			<type>rectangle</type>
			<description>None</description>
			<possibleresult>
				<name>Cargo Truck</name>
			</possibleresult>
			<points>
				<point>51.000000,529.000000</point>
				<point>31.000000,565.000000</point>
				<point>22.000000,560.000000</point>
				<point>42.000000,524.000000</point>
				<point>51.000000,529.000000</point>
			</points>
		</object>
		<object>
			<coordinate>pixel</coordinate>
			<type>rectangle</type>
			<description>None</description>
			<possibleresult>
				<name>Cargo Truck</name>
			</possibleresult>
			<points>
				<point>72.000000,529.000000</point>
				<point>50.000000,564.000000</point>
				<point>39.000000,557.000000</point>
				<point>61.000000,522.000000</point>
				<point>72.000000,529.000000</point>
			</points>
		</object>
		<object>
			<coordinate>pixel</coordinate>
			<type>rectangle</type>
			<description>None</description>
			<possibleresult>
				<name>Cargo Truck</name>
			</possibleresult>
			<points>
				<point>94.000000,532.000000</point>
				<point>71.000000,562.000000</point>
				<point>60.000000,554.000000</point>
				<point>84.000000,524.000000</point>
				<point>94.000000,532.000000</point>
			</points>
		</object>
		<object>
			<coordinate>pixel</coordinate>
			<type>rectangle</type>
			<description>None</description>
			<possibleresult>
				<name>Cargo Truck</name>
			</possibleresult>
			<points>
				<point>114.000000,531.000000</point>
				<point>87.000000,562.000000</point>
				<point>78.000000,555.000000</point>
				<point>106.000000,523.000000</point>
				<point>114.000000,531.000000</point>
			</points>
		</object>
		<object>
			<coordinate>pixel</coordinate>
			<type>rectangle</type>
			<description>None</description>
			<possibleresult>
				<name>Cargo Truck</name>
			</possibleresult>
			<points>
				<point>186.000000,531.000000</point>
				<point>165.000000,558.000000</point>
				<point>156.000000,550.000000</point>
				<point>176.000000,524.000000</point>
				<point>186.000000,531.000000</point>
			</points>
		</object>
		<object>
			<coordinate>pixel</coordinate>
			<type>rectangle</type>
			<description>None</description>
			<possibleresult>
				<name>Cargo Truck</name>
			</possibleresult>
			<points>
				<point>204.000000,528.000000</point>
				<point>184.000000,558.000000</point>
				<point>173.000000,551.000000</point>
				<point>194.000000,521.000000</point>
				<point>204.000000,528.000000</point>
			</points>
		</object>
		<object>
			<coordinate>pixel</coordinate>
			<type>rectangle</type>
			<description>None</description>
			<possibleresult>
				<name>Cargo Truck</name>
			</possibleresult>
			<points>
				<point>223.000000,528.000000</point>
				<point>205.000000,555.000000</point>
				<point>196.000000,549.000000</point>
				<point>213.000000,521.000000</point>
				<point>223.000000,528.000000</point>
			</points>
		</object>
		<object>
			<coordinate>pixel</coordinate>
			<type>rectangle</type>
			<description>None</description>
			<possibleresult>
				<name>Cargo Truck</name>
			</possibleresult>
			<points>
				<point>240.000000,525.000000</point>
				<point>221.000000,554.000000</point>
				<point>212.000000,548.000000</point>
				<point>231.000000,519.000000</point>
				<point>240.000000,525.000000</point>
			</points>
		</object>
		<object>
			<coordinate>pixel</coordinate>
			<type>rectangle</type>
			<description>None</description>
			<possibleresult>
				<name>Cargo Truck</name>
			</possibleresult>
			<points>
				<point>264.000000,524.000000</point>
				<point>242.000000,554.000000</point>
				<point>231.000000,546.000000</point>
				<point>253.000000,516.000000</point>
				<point>264.000000,524.000000</point>
			</points>
		</object>
		<object>
			<coordinate>pixel</coordinate>
			<type>rectangle</type>
			<description>None</description>
			<possibleresult>
				<name>Cargo Truck</name>
			</possibleresult>
			<points>
				<point>286.000000,520.000000</point>
				<point>258.000000,553.000000</point>
				<point>248.000000,544.000000</point>
				<point>276.000000,511.000000</point>
				<point>286.000000,520.000000</point>
			</points>
		</object>
		<object>
			<coordinate>pixel</coordinate>
			<type>rectangle</type>
			<description>None</description>
			<possibleresult>
				<name>Cargo Truck</name>
			</possibleresult>
			<points>
				<point>322.000000,518.000000</point>
				<point>302.000000,552.000000</point>
				<point>290.000000,545.000000</point>
				<point>311.000000,511.000000</point>
				<point>322.000000,518.000000</point>
			</points>
		</object>
		<object>
			<coordinate>pixel</coordinate>
			<type>rectangle</type>
			<description>None</description>
			<possibleresult>
				<name>Cargo Truck</name>
			</possibleresult>
			<points>
				<point>344.000000,521.000000</point>
				<point>321.000000,551.000000</point>
				<point>311.000000,544.000000</point>
				<point>334.000000,513.000000</point>
				<point>344.000000,521.000000</point>
			</points>
		</object>
		<object>
			<coordinate>pixel</coordinate>
			<type>rectangle</type>
			<description>None</description>
			<possibleresult>
				<name>Cargo Truck</name>
			</possibleresult>
			<points>
				<point>359.000000,522.000000</point>
				<point>340.000000,550.000000</point>
				<point>331.000000,544.000000</point>
				<point>350.000000,516.000000</point>
				<point>359.000000,522.000000</point>
			</points>
		</object>
		<object>
			<coordinate>pixel</coordinate>
			<type>rectangle</type>
			<description>None</description>
			<possibleresult>
				<name>Cargo Truck</name>
			</possibleresult>
			<points>
				<point>60.000000,618.000000</point>
				<point>52.000000,628.000000</point>
				<point>10.000000,595.000000</point>
				<point>18.000000,585.000000</point>
				<point>60.000000,618.000000</point>
			</points>
		</object>
		<object>
			<coordinate>pixel</coordinate>
			<type>rectangle</type>
			<description>None</description>
			<possibleresult>
				<name>Cargo Truck</name>
			</possibleresult>
			<points>
				<point>77.000000,617.000000</point>
				<point>70.000000,626.000000</point>
				<point>31.000000,594.000000</point>
				<point>38.000000,585.000000</point>
				<point>77.000000,617.000000</point>
			</points>
		</object>
		<object>
			<coordinate>pixel</coordinate>
			<type>rectangle</type>
			<description>None</description>
			<possibleresult>
				<name>Cargo Truck</name>
			</possibleresult>
			<points>
				<point>113.000000,616.000000</point>
				<point>107.000000,624.000000</point>
				<point>70.000000,593.000000</point>
				<point>77.000000,585.000000</point>
				<point>113.000000,616.000000</point>
			</points>
		</object>
		<object>
			<coordinate>pixel</coordinate>
			<type>rectangle</type>
			<description>None</description>
			<possibleresult>
				<name>Cargo Truck</name>
			</possibleresult>
			<points>
				<point>151.000000,615.000000</point>
				<point>145.000000,623.000000</point>
				<point>107.000000,592.000000</point>
				<point>114.000000,584.000000</point>
				<point>151.000000,615.000000</point>
			</points>
		</object>
		<object>
			<coordinate>pixel</coordinate>
			<type>rectangle</type>
			<description>None</description>
			<possibleresult>
				<name>Cargo Truck</name>
			</possibleresult>
			<points>
				<point>171.000000,612.000000</point>
				<point>163.000000,621.000000</point>
				<point>127.000000,589.000000</point>
				<point>135.000000,581.000000</point>
				<point>171.000000,612.000000</point>
			</points>
		</object>
		<object>
			<coordinate>pixel</coordinate>
			<type>rectangle</type>
			<description>None</description>
			<possibleresult>
				<name>Cargo Truck</name>
			</possibleresult>
			<points>
				<point>186.000000,613.000000</point>
				<point>179.000000,620.000000</point>
				<point>148.000000,587.000000</point>
				<point>155.000000,580.000000</point>
				<point>186.000000,613.000000</point>
			</points>
		</object>
		<object>
			<coordinate>pixel</coordinate>
			<type>rectangle</type>
			<description>None</description>
			<possibleresult>
				<name>Cargo Truck</name>
			</possibleresult>
			<points>
				<point>212.000000,612.000000</point>
				<point>204.000000,621.000000</point>
				<point>165.000000,586.000000</point>
				<point>173.000000,577.000000</point>
				<point>212.000000,612.000000</point>
			</points>
		</object>
		<object>
			<coordinate>pixel</coordinate>
			<type>rectangle</type>
			<description>None</description>
			<possibleresult>
				<name>Cargo Truck</name>
			</possibleresult>
			<points>
				<point>227.000000,612.000000</point>
				<point>219.000000,619.000000</point>
				<point>188.000000,586.000000</point>
				<point>196.000000,578.000000</point>
				<point>227.000000,612.000000</point>
			</points>
		</object>
		<object>
			<coordinate>pixel</coordinate>
			<type>rectangle</type>
			<description>None</description>
			<possibleresult>
				<name>Cargo Truck</name>
			</possibleresult>
			<points>
				<point>323.000000,605.000000</point>
				<point>316.000000,613.000000</point>
				<point>280.000000,580.000000</point>
				<point>287.000000,572.000000</point>
				<point>323.000000,605.000000</point>
			</points>
		</object>
		<object>
			<coordinate>pixel</coordinate>
			<type>rectangle</type>
			<description>None</description>
			<possibleresult>
				<name>Cargo Truck</name>
			</possibleresult>
			<points>
				<point>345.000000,604.000000</point>
				<point>336.000000,613.000000</point>
				<point>300.000000,579.000000</point>
				<point>309.000000,570.000000</point>
				<point>345.000000,604.000000</point>
			</points>
		</object>
		<object>
			<coordinate>pixel</coordinate>
			<type>rectangle</type>
			<description>None</description>
			<possibleresult>
				<name>Cargo Truck</name>
			</possibleresult>
			<points>
				<point>353.000000,597.000000</point>
				<point>346.000000,603.000000</point>
				<point>320.000000,577.000000</point>
				<point>327.000000,570.000000</point>
				<point>353.000000,597.000000</point>
			</points>
		</object>
		<object>
			<coordinate>pixel</coordinate>
			<type>rectangle</type>
			<description>None</description>
			<possibleresult>
				<name>Cargo Truck</name>
			</possibleresult>
			<points>
				<point>372.000000,595.000000</point>
				<point>362.000000,603.000000</point>
				<point>340.000000,578.000000</point>
				<point>350.000000,570.000000</point>
				<point>372.000000,595.000000</point>
			</points>
		</object>
		<object>
			<coordinate>pixel</coordinate>
			<type>rectangle</type>
			<description>None</description>
			<possibleresult>
				<name>Cargo Truck</name>
			</possibleresult>
			<points>
				<point>393.000000,595.000000</point>
				<point>386.000000,604.000000</point>
				<point>356.000000,577.000000</point>
				<point>363.000000,568.000000</point>
				<point>393.000000,595.000000</point>
			</points>
		</object>
		<object>
			<coordinate>pixel</coordinate>
			<type>rectangle</type>
			<description>None</description>
			<possibleresult>
				<name>Cargo Truck</name>
			</possibleresult>
			<points>
				<point>412.000000,594.000000</point>
				<point>404.000000,602.000000</point>
				<point>376.000000,573.000000</point>
				<point>384.000000,565.000000</point>
				<point>412.000000,594.000000</point>
			</points>
		</object>
		<object>
			<coordinate>pixel</coordinate>
			<type>rectangle</type>
			<description>None</description>
			<possibleresult>
				<name>Cargo Truck</name>
			</possibleresult>
			<points>
				<point>283.000000,608.000000</point>
				<point>275.000000,616.000000</point>
				<point>244.000000,583.000000</point>
				<point>253.000000,575.000000</point>
				<point>283.000000,608.000000</point>
			</points>
		</object>
		<object>
			<coordinate>pixel</coordinate>
			<type>rectangle</type>
			<description>None</description>
			<possibleresult>
				<name>Cargo Truck</name>
			</possibleresult>
			<points>
				<point>267.000000,610.000000</point>
				<point>260.000000,618.000000</point>
				<point>225.000000,587.000000</point>
				<point>232.000000,579.000000</point>
				<point>267.000000,610.000000</point>
			</points>
		</object>
		<object>
			<coordinate>pixel</coordinate>
			<type>rectangle</type>
			<description>None</description>
			<possibleresult>
				<name>Cargo Truck</name>
			</possibleresult>
			<points>
				<point>245.000000,610.000000</point>
				<point>238.000000,618.000000</point>
				<point>206.000000,586.000000</point>
				<point>214.000000,579.000000</point>
				<point>245.000000,610.000000</point>
			</points>
		</object>
		<object>
			<coordinate>pixel</coordinate>
			<type>rectangle</type>
			<description>None</description>
			<possibleresult>
				<name>Cargo Truck</name>
			</possibleresult>
			<points>
				<point>36.000000,640.000000</point>
				<point>9.000000,677.000000</point>
				<point>1.000000,671.000000</point>
				<point>28.000000,634.000000</point>
				<point>36.000000,640.000000</point>
			</points>
		</object>
		<object>
			<coordinate>pixel</coordinate>
			<type>rectangle</type>
			<description>None</description>
			<possibleresult>
				<name>Cargo Truck</name>
			</possibleresult>
			<points>
				<point>54.000000,639.000000</point>
				<point>29.000000,676.000000</point>
				<point>20.000000,669.000000</point>
				<point>45.000000,633.000000</point>
				<point>54.000000,639.000000</point>
			</points>
		</object>
		<object>
			<coordinate>pixel</coordinate>
			<type>rectangle</type>
			<description>None</description>
			<possibleresult>
				<name>Cargo Truck</name>
			</possibleresult>
			<points>
				<point>93.000000,637.000000</point>
				<point>68.000000,674.000000</point>
				<point>58.000000,667.000000</point>
				<point>83.000000,630.000000</point>
				<point>93.000000,637.000000</point>
			</points>
		</object>
		<object>
			<coordinate>pixel</coordinate>
			<type>rectangle</type>
			<description>None</description>
			<possibleresult>
				<name>Cargo Truck</name>
			</possibleresult>
			<points>
				<point>114.000000,636.000000</point>
				<point>88.000000,673.000000</point>
				<point>79.000000,666.000000</point>
				<point>104.000000,629.000000</point>
				<point>114.000000,636.000000</point>
			</points>
		</object>
		<object>
			<coordinate>pixel</coordinate>
			<type>rectangle</type>
			<description>None</description>
			<possibleresult>
				<name>Cargo Truck</name>
			</possibleresult>
			<points>
				<point>134.000000,636.000000</point>
				<point>108.000000,672.000000</point>
				<point>97.000000,665.000000</point>
				<point>123.000000,629.000000</point>
				<point>134.000000,636.000000</point>
			</points>
		</object>
		<object>
			<coordinate>pixel</coordinate>
			<type>rectangle</type>
			<description>None</description>
			<possibleresult>
				<name>Cargo Truck</name>
			</possibleresult>
			<points>
				<point>152.000000,632.000000</point>
				<point>126.000000,670.000000</point>
				<point>116.000000,664.000000</point>
				<point>142.000000,625.000000</point>
				<point>152.000000,632.000000</point>
			</points>
		</object>
		<object>
			<coordinate>pixel</coordinate>
			<type>rectangle</type>
			<description>None</description>
			<possibleresult>
				<name>Cargo Truck</name>
			</possibleresult>
			<points>
				<point>171.000000,631.000000</point>
				<point>146.000000,670.000000</point>
				<point>135.000000,663.000000</point>
				<point>161.000000,624.000000</point>
				<point>171.000000,631.000000</point>
			</points>
		</object>
		<object>
			<coordinate>pixel</coordinate>
			<type>rectangle</type>
			<description>None</description>
			<possibleresult>
				<name>Cargo Truck</name>
			</possibleresult>
			<points>
				<point>190.000000,629.000000</point>
				<point>165.000000,668.000000</point>
				<point>157.000000,663.000000</point>
				<point>182.000000,624.000000</point>
				<point>190.000000,629.000000</point>
			</points>
		</object>
		<object>
			<coordinate>pixel</coordinate>
			<type>rectangle</type>
			<description>None</description>
			<possibleresult>
				<name>Cargo Truck</name>
			</possibleresult>
			<points>
				<point>210.000000,627.000000</point>
				<point>184.000000,666.000000</point>
				<point>176.000000,661.000000</point>
				<point>202.000000,622.000000</point>
				<point>210.000000,627.000000</point>
			</points>
		</object>
		<object>
			<coordinate>pixel</coordinate>
			<type>rectangle</type>
			<description>None</description>
			<possibleresult>
				<name>Cargo Truck</name>
			</possibleresult>
			<points>
				<point>228.000000,628.000000</point>
				<point>203.000000,665.000000</point>
				<point>196.000000,660.000000</point>
				<point>220.000000,623.000000</point>
				<point>228.000000,628.000000</point>
			</points>
		</object>
		<object>
			<coordinate>pixel</coordinate>
			<type>rectangle</type>
			<description>None</description>
			<possibleresult>
				<name>Cargo Truck</name>
			</possibleresult>
			<points>
				<point>245.000000,627.000000</point>
				<point>220.000000,666.000000</point>
				<point>211.000000,661.000000</point>
				<point>237.000000,622.000000</point>
				<point>245.000000,627.000000</point>
			</points>
		</object>
		<object>
			<coordinate>pixel</coordinate>
			<type>rectangle</type>
			<description>None</description>
			<possibleresult>
				<name>Cargo Truck</name>
			</possibleresult>
			<points>
				<point>267.000000,624.000000</point>
				<point>242.000000,664.000000</point>
				<point>234.000000,659.000000</point>
				<point>259.000000,619.000000</point>
				<point>267.000000,624.000000</point>
			</points>
		</object>
		<object>
			<coordinate>pixel</coordinate>
			<type>rectangle</type>
			<description>None</description>
			<possibleresult>
				<name>Cargo Truck</name>
			</possibleresult>
			<points>
				<point>284.000000,626.000000</point>
				<point>261.000000,665.000000</point>
				<point>251.000000,658.000000</point>
				<point>274.000000,619.000000</point>
				<point>284.000000,626.000000</point>
			</points>
		</object>
		<object>
			<coordinate>pixel</coordinate>
			<type>rectangle</type>
			<description>None</description>
			<possibleresult>
				<name>Cargo Truck</name>
			</possibleresult>
			<points>
				<point>307.000000,621.000000</point>
				<point>282.000000,660.000000</point>
				<point>273.000000,654.000000</point>
				<point>298.000000,615.000000</point>
				<point>307.000000,621.000000</point>
			</points>
		</object>
		<object>
			<coordinate>pixel</coordinate>
			<type>rectangle</type>
			<description>None</description>
			<possibleresult>
				<name>Cargo Truck</name>
			</possibleresult>
			<points>
				<point>327.000000,626.000000</point>
				<point>299.000000,663.000000</point>
				<point>289.000000,655.000000</point>
				<point>317.000000,618.000000</point>
				<point>327.000000,626.000000</point>
			</points>
		</object>
		<object>
			<coordinate>pixel</coordinate>
			<type>rectangle</type>
			<description>None</description>
			<possibleresult>
				<name>Cargo Truck</name>
			</possibleresult>
			<points>
				<point>345.000000,623.000000</point>
				<point>321.000000,660.000000</point>
				<point>310.000000,653.000000</point>
				<point>334.000000,616.000000</point>
				<point>345.000000,623.000000</point>
			</points>
		</object>
		<object>
			<coordinate>pixel</coordinate>
			<type>rectangle</type>
			<description>None</description>
			<possibleresult>
				<name>Cargo Truck</name>
			</possibleresult>
			<points>
				<point>366.000000,621.000000</point>
				<point>336.000000,660.000000</point>
				<point>327.000000,652.000000</point>
				<point>356.000000,614.000000</point>
				<point>366.000000,621.000000</point>
			</points>
		</object>
		<object>
			<coordinate>pixel</coordinate>
			<type>rectangle</type>
			<description>None</description>
			<possibleresult>
				<name>Cargo Truck</name>
			</possibleresult>
			<points>
				<point>399.000000,619.000000</point>
				<point>375.000000,659.000000</point>
				<point>365.000000,653.000000</point>
				<point>389.000000,613.000000</point>
				<point>399.000000,619.000000</point>
			</points>
		</object>
		<object>
			<coordinate>pixel</coordinate>
			<type>rectangle</type>
			<description>None</description>
			<possibleresult>
				<name>Cargo Truck</name>
			</possibleresult>
			<points>
				<point>420.000000,614.000000</point>
				<point>398.000000,655.000000</point>
				<point>387.000000,649.000000</point>
				<point>410.000000,609.000000</point>
				<point>420.000000,614.000000</point>
			</points>
		</object>
		<object>
			<coordinate>pixel</coordinate>
			<type>rectangle</type>
			<description>None</description>
			<possibleresult>
				<name>Cargo Truck</name>
			</possibleresult>
			<points>
				<point>416.000000,510.000000</point>
				<point>406.000000,516.000000</point>
				<point>389.000000,489.000000</point>
				<point>400.000000,483.000000</point>
				<point>416.000000,510.000000</point>
			</points>
		</object>
		<object>
			<coordinate>pixel</coordinate>
			<type>rectangle</type>
			<description>None</description>
			<possibleresult>
				<name>Cargo Truck</name>
			</possibleresult>
			<points>
				<point>504.000000,650.000000</point>
				<point>494.000000,658.000000</point>
				<point>476.000000,632.000000</point>
				<point>485.000000,625.000000</point>
				<point>504.000000,650.000000</point>
			</points>
		</object>
		<object>
			<coordinate>pixel</coordinate>
			<type>rectangle</type>
			<description>None</description>
			<possibleresult>
				<name>Cargo Truck</name>
			</possibleresult>
			<points>
				<point>123.000000,779.000000</point>
				<point>118.000000,789.000000</point>
				<point>77.000000,766.000000</point>
				<point>83.000000,756.000000</point>
				<point>123.000000,779.000000</point>
			</points>
		</object>
		<object>
			<coordinate>pixel</coordinate>
			<type>rectangle</type>
			<description>None</description>
			<possibleresult>
				<name>Cargo Truck</name>
			</possibleresult>
			<points>
				<point>124.000000,764.000000</point>
				<point>118.000000,773.000000</point>
				<point>76.000000,746.000000</point>
				<point>81.000000,737.000000</point>
				<point>124.000000,764.000000</point>
			</points>
		</object>
		<object>
			<coordinate>pixel</coordinate>
			<type>rectangle</type>
			<description>None</description>
			<possibleresult>
				<name>Cargo Truck</name>
			</possibleresult>
			<points>
				<point>119.000000,747.000000</point>
				<point>115.000000,754.000000</point>
				<point>72.000000,727.000000</point>
				<point>77.000000,720.000000</point>
				<point>119.000000,747.000000</point>
			</points>
		</object>
		<object>
			<coordinate>pixel</coordinate>
			<type>rectangle</type>
			<description>None</description>
			<possibleresult>
				<name>Cargo Truck</name>
			</possibleresult>
			<points>
				<point>128.000000,737.000000</point>
				<point>123.000000,745.000000</point>
				<point>82.000000,715.000000</point>
				<point>88.000000,707.000000</point>
				<point>128.000000,737.000000</point>
			</points>
		</object>
		<object>
			<coordinate>pixel</coordinate>
			<type>rectangle</type>
			<description>None</description>
			<possibleresult>
				<name>Cargo Truck</name>
			</possibleresult>
			<points>
				<point>141.000000,731.000000</point>
				<point>134.000000,739.000000</point>
				<point>95.000000,707.000000</point>
				<point>102.000000,700.000000</point>
				<point>141.000000,731.000000</point>
			</points>
		</object>
		<object>
			<coordinate>pixel</coordinate>
			<type>rectangle</type>
			<description>None</description>
			<possibleresult>
				<name>Cargo Truck</name>
			</possibleresult>
			<points>
				<point>129.000000,688.000000</point>
				<point>94.000000,702.000000</point>
				<point>90.000000,693.000000</point>
				<point>125.000000,679.000000</point>
				<point>129.000000,688.000000</point>
			</points>
		</object>
		<object>
			<coordinate>pixel</coordinate>
			<type>rectangle</type>
			<description>None</description>
			<possibleresult>
				<name>Cargo Truck</name>
			</possibleresult>
			<points>
				<point>174.000000,728.000000</point>
				<point>167.000000,737.000000</point>
				<point>132.000000,706.000000</point>
				<point>140.000000,697.000000</point>
				<point>174.000000,728.000000</point>
			</points>
		</object>
		<object>
			<coordinate>pixel</coordinate>
			<type>rectangle</type>
			<description>None</description>
			<possibleresult>
				<name>Cargo Truck</name>
			</possibleresult>
			<points>
				<point>192.000000,729.000000</point>
				<point>186.000000,735.000000</point>
				<point>152.000000,701.000000</point>
				<point>158.000000,695.000000</point>
				<point>192.000000,729.000000</point>
			</points>
		</object>
		<object>
			<coordinate>pixel</coordinate>
			<type>rectangle</type>
			<description>None</description>
			<possibleresult>
				<name>Cargo Truck</name>
			</possibleresult>
			<points>
				<point>214.000000,726.000000</point>
				<point>205.000000,735.000000</point>
				<point>170.000000,703.000000</point>
				<point>178.000000,694.000000</point>
				<point>214.000000,726.000000</point>
			</points>
		</object>
		<object>
			<coordinate>pixel</coordinate>
			<type>rectangle</type>
			<description>None</description>
			<possibleresult>
				<name>Cargo Truck</name>
			</possibleresult>
			<points>
				<point>234.000000,728.000000</point>
				<point>227.000000,736.000000</point>
				<point>190.000000,701.000000</point>
				<point>198.000000,693.000000</point>
				<point>234.000000,728.000000</point>
			</points>
		</object>
		<object>
			<coordinate>pixel</coordinate>
			<type>rectangle</type>
			<description>None</description>
			<possibleresult>
				<name>Cargo Truck</name>
			</possibleresult>
			<points>
				<point>249.000000,724.000000</point>
				<point>241.000000,732.000000</point>
				<point>208.000000,700.000000</point>
				<point>216.000000,691.000000</point>
				<point>249.000000,724.000000</point>
			</points>
		</object>
		<object>
			<coordinate>pixel</coordinate>
			<type>rectangle</type>
			<description>None</description>
			<possibleresult>
				<name>Cargo Truck</name>
			</possibleresult>
			<points>
				<point>270.000000,722.000000</point>
				<point>263.000000,730.000000</point>
				<point>231.000000,699.000000</point>
				<point>238.000000,691.000000</point>
				<point>270.000000,722.000000</point>
			</points>
		</object>
		<object>
			<coordinate>pixel</coordinate>
			<type>rectangle</type>
			<description>None</description>
			<possibleresult>
				<name>Cargo Truck</name>
			</possibleresult>
			<points>
				<point>291.000000,722.000000</point>
				<point>285.000000,729.000000</point>
				<point>248.000000,697.000000</point>
				<point>255.000000,689.000000</point>
				<point>291.000000,722.000000</point>
			</points>
		</object>
		<object>
			<coordinate>pixel</coordinate>
			<type>rectangle</type>
			<description>None</description>
			<possibleresult>
				<name>Cargo Truck</name>
			</possibleresult>
			<points>
				<point>308.000000,719.000000</point>
				<point>300.000000,728.000000</point>
				<point>265.000000,695.000000</point>
				<point>273.000000,686.000000</point>
				<point>308.000000,719.000000</point>
			</points>
		</object>
		<object>
			<coordinate>pixel</coordinate>
			<type>rectangle</type>
			<description>None</description>
			<possibleresult>
				<name>Van</name>
			</possibleresult>
			<points>
				<point>156.000000,773.000000</point>
				<point>134.000000,774.000000</point>
				<point>134.000000,768.000000</point>
				<point>156.000000,767.000000</point>
				<point>156.000000,773.000000</point>
			</points>
		</object>
		<object>
			<coordinate>pixel</coordinate>
			<type>rectangle</type>
			<description>None</description>
			<possibleresult>
				<name>Small Car</name>
			</possibleresult>
			<points>
				<point>178.000000,757.000000</point>
				<point>169.000000,757.000000</point>
				<point>169.000000,739.000000</point>
				<point>178.000000,739.000000</point>
				<point>178.000000,757.000000</point>
			</points>
		</object>
		<object>
			<coordinate>pixel</coordinate>
			<type>rectangle</type>
			<description>None</description>
			<possibleresult>
				<name>Small Car</name>
			</possibleresult>
			<points>
				<point>263.000000,749.000000</point>
				<point>255.000000,750.000000</point>
				<point>253.000000,735.000000</point>
				<point>261.000000,734.000000</point>
				<point>263.000000,749.000000</point>
			</points>
		</object>
		<object>
			<coordinate>pixel</coordinate>
			<type>rectangle</type>
			<description>None</description>
			<possibleresult>
				<name>Van</name>
			</possibleresult>
			<points>
				<point>354.000000,780.000000</point>
				<point>345.000000,781.000000</point>
				<point>344.000000,765.000000</point>
				<point>352.000000,764.000000</point>
				<point>354.000000,780.000000</point>
			</points>
		</object>
		<object>
			<coordinate>pixel</coordinate>
			<type>rectangle</type>
			<description>None</description>
			<possibleresult>
				<name>Small Car</name>
			</possibleresult>
			<points>
				<point>445.000000,777.000000</point>
				<point>437.000000,778.000000</point>
				<point>436.000000,763.000000</point>
				<point>445.000000,762.000000</point>
				<point>445.000000,777.000000</point>
			</points>
		</object>
		<object>
			<coordinate>pixel</coordinate>
			<type>rectangle</type>
			<description>None</description>
			<possibleresult>
				<name>Cargo Truck</name>
			</possibleresult>
			<points>
				<point>328.000000,720.000000</point>
				<point>322.000000,728.000000</point>
				<point>287.000000,697.000000</point>
				<point>293.000000,689.000000</point>
				<point>328.000000,720.000000</point>
			</points>
		</object>
		<object>
			<coordinate>pixel</coordinate>
			<type>rectangle</type>
			<description>None</description>
			<possibleresult>
				<name>Cargo Truck</name>
			</possibleresult>
			<points>
				<point>348.000000,721.000000</point>
				<point>340.000000,729.000000</point>
				<point>307.000000,696.000000</point>
				<point>314.000000,688.000000</point>
				<point>348.000000,721.000000</point>
			</points>
		</object>
		<object>
			<coordinate>pixel</coordinate>
			<type>rectangle</type>
			<description>None</description>
			<possibleresult>
				<name>Cargo Truck</name>
			</possibleresult>
			<points>
				<point>368.000000,719.000000</point>
				<point>361.000000,727.000000</point>
				<point>325.000000,695.000000</point>
				<point>332.000000,688.000000</point>
				<point>368.000000,719.000000</point>
			</points>
		</object>
		<object>
			<coordinate>pixel</coordinate>
			<type>rectangle</type>
			<description>None</description>
			<possibleresult>
				<name>Cargo Truck</name>
			</possibleresult>
			<points>
				<point>388.000000,719.000000</point>
				<point>381.000000,727.000000</point>
				<point>343.000000,694.000000</point>
				<point>351.000000,686.000000</point>
				<point>388.000000,719.000000</point>
			</points>
		</object>
		<object>
			<coordinate>pixel</coordinate>
			<type>rectangle</type>
			<description>None</description>
			<possibleresult>
				<name>Cargo Truck</name>
			</possibleresult>
			<points>
				<point>405.000000,716.000000</point>
				<point>398.000000,723.000000</point>
				<point>363.000000,691.000000</point>
				<point>369.000000,683.000000</point>
				<point>405.000000,716.000000</point>
			</points>
		</object>
		<object>
			<coordinate>pixel</coordinate>
			<type>rectangle</type>
			<description>None</description>
			<possibleresult>
				<name>Cargo Truck</name>
			</possibleresult>
			<points>
				<point>427.000000,717.000000</point>
				<point>419.000000,725.000000</point>
				<point>382.000000,689.000000</point>
				<point>390.000000,681.000000</point>
				<point>427.000000,717.000000</point>
			</points>
		</object>
		<object>
			<coordinate>pixel</coordinate>
			<type>rectangle</type>
			<description>None</description>
			<possibleresult>
				<name>Cargo Truck</name>
			</possibleresult>
			<points>
				<point>447.000000,716.000000</point>
				<point>440.000000,724.000000</point>
				<point>402.000000,691.000000</point>
				<point>409.000000,683.000000</point>
				<point>447.000000,716.000000</point>
			</points>
		</object>
		<object>
			<coordinate>pixel</coordinate>
			<type>rectangle</type>
			<description>None</description>
			<possibleresult>
				<name>Cargo Truck</name>
			</possibleresult>
			<points>
				<point>465.000000,715.000000</point>
				<point>458.000000,723.000000</point>
				<point>422.000000,690.000000</point>
				<point>429.000000,682.000000</point>
				<point>465.000000,715.000000</point>
			</points>
		</object>
		<object>
			<coordinate>pixel</coordinate>
			<type>rectangle</type>
			<description>None</description>
			<possibleresult>
				<name>Cargo Truck</name>
			</possibleresult>
			<points>
				<point>480.000000,711.000000</point>
				<point>473.000000,718.000000</point>
				<point>438.000000,686.000000</point>
				<point>445.000000,679.000000</point>
				<point>480.000000,711.000000</point>
			</points>
		</object>
		<object>
			<coordinate>pixel</coordinate>
			<type>rectangle</type>
			<description>None</description>
			<possibleresult>
				<name>Cargo Truck</name>
			</possibleresult>
			<points>
				<point>498.000000,711.000000</point>
				<point>492.000000,717.000000</point>
				<point>460.000000,685.000000</point>
				<point>467.000000,678.000000</point>
				<point>498.000000,711.000000</point>
			</points>
		</object>
		<object>
			<coordinate>pixel</coordinate>
			<type>rectangle</type>
			<description>None</description>
			<possibleresult>
				<name>Cargo Truck</name>
			</possibleresult>
			<points>
				<point>510.000000,703.000000</point>
				<point>503.000000,710.000000</point>
				<point>478.000000,684.000000</point>
				<point>484.000000,677.000000</point>
				<point>510.000000,703.000000</point>
			</points>
		</object>
	</objects>
</annotation>