<?xml version="1.0" encoding="utf-8"?>
<annotation>
	<source>
		<filename>11569.tif</filename>
		<origin>GF2/GF3</origin>
	</source>
	<research>
		<version>1.0</version>
		<provider>FAIR1M</provider>
		<author>Cyber</author>
		<pluginname>FAIR1M</pluginname>
		<pluginclass>object detection</pluginclass>
		<time>2021-07-21</time>
	</research>
	<size>
		<width>1000</width>
		<height>1000</height>
		<depth>3</depth>
	</size>
	<objects>
		<object>
			<coordinate>pixel</coordinate>
			<type>rectangle</type>
			<description>None</description>
			<possibleresult>
				<name>Van</name>
			</possibleresult>
			<points>
				<point>438.000000,777.000000</point>
				<point>431.000000,777.000000</point>
				<point>430.000000,762.000000</point>
				<point>437.000000,762.000000</point>
				<point>438.000000,777.000000</point>
			</points>
		</object>
		<object>
			<coordinate>pixel</coordinate>
			<type>rectangle</type>
			<description>None</description>
			<possibleresult>
				<name>Small Car</name>
			</possibleresult>
			<points>
				<point>531.000000,328.000000</point>
				<point>530.000000,335.000000</point>
				<point>504.000000,333.000000</point>
				<point>505.000000,326.000000</point>
				<point>531.000000,328.000000</point>
			</points>
		</object>
		<object>
			<coordinate>pixel</coordinate>
			<type>rectangle</type>
			<description>None</description>
			<possibleresult>
				<name>Small Car</name>
			</possibleresult>
			<points>
				<point>447.000000,269.000000</point>
				<point>444.000000,284.000000</point>
				<point>436.000000,283.000000</point>
				<point>439.000000,268.000000</point>
				<point>447.000000,269.000000</point>
			</points>
		</object>
		<object>
			<coordinate>pixel</coordinate>
			<type>rectangle</type>
			<description>None</description>
			<possibleresult>
				<name>Dump Truck</name>
			</possibleresult>
			<points>
				<point>461.000000,268.000000</point>
				<point>458.000000,286.000000</point>
				<point>449.000000,285.000000</point>
				<point>451.000000,267.000000</point>
				<point>461.000000,268.000000</point>
			</points>
		</object>
		<object>
			<coordinate>pixel</coordinate>
			<type>rectangle</type>
			<description>None</description>
			<possibleresult>
				<name>Dump Truck</name>
			</possibleresult>
			<points>
				<point>477.000000,265.000000</point>
				<point>476.000000,286.000000</point>
				<point>466.000000,286.000000</point>
				<point>467.000000,265.000000</point>
				<point>477.000000,265.000000</point>
			</points>
		</object>
		<object>
			<coordinate>pixel</coordinate>
			<type>rectangle</type>
			<description>None</description>
			<possibleresult>
				<name>Small Car</name>
			</possibleresult>
			<points>
				<point>379.000000,268.000000</point>
				<point>361.000000,276.000000</point>
				<point>358.000000,269.000000</point>
				<point>376.000000,261.000000</point>
				<point>379.000000,268.000000</point>
			</points>
		</object>
		<object>
			<coordinate>pixel</coordinate>
			<type>rectangle</type>
			<description>None</description>
			<possibleresult>
				<name>Dump Truck</name>
			</possibleresult>
			<points>
				<point>443.000000,245.000000</point>
				<point>442.000000,253.000000</point>
				<point>417.000000,250.000000</point>
				<point>418.000000,242.000000</point>
				<point>443.000000,245.000000</point>
			</points>
		</object>
		<object>
			<coordinate>pixel</coordinate>
			<type>rectangle</type>
			<description>None</description>
			<possibleresult>
				<name>Small Car</name>
			</possibleresult>
			<points>
				<point>442.000000,236.000000</point>
				<point>441.000000,243.000000</point>
				<point>419.000000,240.000000</point>
				<point>420.000000,233.000000</point>
				<point>442.000000,236.000000</point>
			</points>
		</object>
		<object>
			<coordinate>pixel</coordinate>
			<type>rectangle</type>
			<description>None</description>
			<possibleresult>
				<name>Small Car</name>
			</possibleresult>
			<points>
				<point>449.000000,224.000000</point>
				<point>448.000000,232.000000</point>
				<point>422.000000,230.000000</point>
				<point>422.000000,222.000000</point>
				<point>449.000000,224.000000</point>
			</points>
		</object>
		<object>
			<coordinate>pixel</coordinate>
			<type>rectangle</type>
			<description>None</description>
			<possibleresult>
				<name>Dump Truck</name>
			</possibleresult>
			<points>
				<point>449.000000,213.000000</point>
				<point>448.000000,221.000000</point>
				<point>422.000000,218.000000</point>
				<point>423.000000,210.000000</point>
				<point>449.000000,213.000000</point>
			</points>
		</object>
		<object>
			<coordinate>pixel</coordinate>
			<type>rectangle</type>
			<description>None</description>
			<possibleresult>
				<name>Dump Truck</name>
			</possibleresult>
			<points>
				<point>452.000000,203.000000</point>
				<point>451.000000,211.000000</point>
				<point>426.000000,208.000000</point>
				<point>427.000000,200.000000</point>
				<point>452.000000,203.000000</point>
			</points>
		</object>
		<object>
			<coordinate>pixel</coordinate>
			<type>rectangle</type>
			<description>None</description>
			<possibleresult>
				<name>Dump Truck</name>
			</possibleresult>
			<points>
				<point>456.000000,193.000000</point>
				<point>455.000000,200.000000</point>
				<point>429.000000,197.000000</point>
				<point>430.000000,190.000000</point>
				<point>456.000000,193.000000</point>
			</points>
		</object>
		<object>
			<coordinate>pixel</coordinate>
			<type>rectangle</type>
			<description>None</description>
			<possibleresult>
				<name>Dump Truck</name>
			</possibleresult>
			<points>
				<point>455.000000,182.000000</point>
				<point>454.000000,189.000000</point>
				<point>429.000000,185.000000</point>
				<point>430.000000,178.000000</point>
				<point>455.000000,182.000000</point>
			</points>
		</object>
		<object>
			<coordinate>pixel</coordinate>
			<type>rectangle</type>
			<description>None</description>
			<possibleresult>
				<name>Dump Truck</name>
			</possibleresult>
			<points>
				<point>460.000000,170.000000</point>
				<point>459.000000,177.000000</point>
				<point>433.000000,175.000000</point>
				<point>434.000000,168.000000</point>
				<point>460.000000,170.000000</point>
			</points>
		</object>
		<object>
			<coordinate>pixel</coordinate>
			<type>rectangle</type>
			<description>None</description>
			<possibleresult>
				<name>Dump Truck</name>
			</possibleresult>
			<points>
				<point>332.000000,167.000000</point>
				<point>329.000000,187.000000</point>
				<point>317.000000,185.000000</point>
				<point>321.000000,165.000000</point>
				<point>332.000000,167.000000</point>
			</points>
		</object>
		<object>
			<coordinate>pixel</coordinate>
			<type>rectangle</type>
			<description>None</description>
			<possibleresult>
				<name>Dump Truck</name>
			</possibleresult>
			<points>
				<point>320.000000,143.000000</point>
				<point>319.000000,149.000000</point>
				<point>297.000000,147.000000</point>
				<point>297.000000,140.000000</point>
				<point>320.000000,143.000000</point>
			</points>
		</object>
		<object>
			<coordinate>pixel</coordinate>
			<type>rectangle</type>
			<description>None</description>
			<possibleresult>
				<name>Van</name>
			</possibleresult>
			<points>
				<point>357.000000,123.000000</point>
				<point>340.000000,122.000000</point>
				<point>341.000000,116.000000</point>
				<point>357.000000,117.000000</point>
				<point>357.000000,123.000000</point>
			</points>
		</object>
		<object>
			<coordinate>pixel</coordinate>
			<type>rectangle</type>
			<description>None</description>
			<possibleresult>
				<name>Small Car</name>
			</possibleresult>
			<points>
				<point>400.000000,129.000000</point>
				<point>377.000000,128.000000</point>
				<point>377.000000,120.000000</point>
				<point>400.000000,122.000000</point>
				<point>400.000000,129.000000</point>
			</points>
		</object>
		<object>
			<coordinate>pixel</coordinate>
			<type>rectangle</type>
			<description>None</description>
			<possibleresult>
				<name>Dump Truck</name>
			</possibleresult>
			<points>
				<point>431.000000,125.000000</point>
				<point>430.000000,134.000000</point>
				<point>404.000000,131.000000</point>
				<point>405.000000,123.000000</point>
				<point>431.000000,125.000000</point>
			</points>
		</object>
		<object>
			<coordinate>pixel</coordinate>
			<type>rectangle</type>
			<description>None</description>
			<possibleresult>
				<name>Small Car</name>
			</possibleresult>
			<points>
				<point>397.000000,164.000000</point>
				<point>396.000000,169.000000</point>
				<point>382.000000,168.000000</point>
				<point>382.000000,162.000000</point>
				<point>397.000000,164.000000</point>
			</points>
		</object>
		<object>
			<coordinate>pixel</coordinate>
			<type>rectangle</type>
			<description>None</description>
			<possibleresult>
				<name>Dump Truck</name>
			</possibleresult>
			<points>
				<point>459.000000,53.000000</point>
				<point>456.000000,73.000000</point>
				<point>446.000000,72.000000</point>
				<point>448.000000,52.000000</point>
				<point>459.000000,53.000000</point>
			</points>
		</object>
		<object>
			<coordinate>pixel</coordinate>
			<type>rectangle</type>
			<description>None</description>
			<possibleresult>
				<name>Dump Truck</name>
			</possibleresult>
			<points>
				<point>426.000000,42.000000</point>
				<point>422.000000,62.000000</point>
				<point>412.000000,60.000000</point>
				<point>415.000000,40.000000</point>
				<point>426.000000,42.000000</point>
			</points>
		</object>
		<object>
			<coordinate>pixel</coordinate>
			<type>rectangle</type>
			<description>None</description>
			<possibleresult>
				<name>Dump Truck</name>
			</possibleresult>
			<points>
				<point>744.000000,43.000000</point>
				<point>733.000000,60.000000</point>
				<point>725.000000,54.000000</point>
				<point>736.000000,38.000000</point>
				<point>744.000000,43.000000</point>
			</points>
		</object>
		<object>
			<coordinate>pixel</coordinate>
			<type>rectangle</type>
			<description>None</description>
			<possibleresult>
				<name>Van</name>
			</possibleresult>
			<points>
				<point>729.000000,41.000000</point>
				<point>721.000000,53.000000</point>
				<point>715.000000,49.000000</point>
				<point>723.000000,37.000000</point>
				<point>729.000000,41.000000</point>
			</points>
		</object>
		<object>
			<coordinate>pixel</coordinate>
			<type>rectangle</type>
			<description>None</description>
			<possibleresult>
				<name>Dump Truck</name>
			</possibleresult>
			<points>
				<point>745.000000,27.000000</point>
				<point>742.000000,34.000000</point>
				<point>720.000000,23.000000</point>
				<point>723.000000,16.000000</point>
				<point>745.000000,27.000000</point>
			</points>
		</object>
		<object>
			<coordinate>pixel</coordinate>
			<type>rectangle</type>
			<description>None</description>
			<possibleresult>
				<name>Dump Truck</name>
			</possibleresult>
			<points>
				<point>755.000000,17.000000</point>
				<point>752.000000,24.000000</point>
				<point>728.000000,16.000000</point>
				<point>731.000000,8.000000</point>
				<point>755.000000,17.000000</point>
			</points>
		</object>
		<object>
			<coordinate>pixel</coordinate>
			<type>rectangle</type>
			<description>None</description>
			<possibleresult>
				<name>Dump Truck</name>
			</possibleresult>
			<points>
				<point>768.000000,15.000000</point>
				<point>742.000000,3.000000</point>
				<point>745.000000,-4.000000</point>
				<point>771.000000,6.000000</point>
				<point>768.000000,15.000000</point>
			</points>
		</object>
	</objects>
</annotation>