<?xml version="1.0" encoding="utf-8"?>
<annotation>
	<source>
		<filename>11640.tif</filename>
		<origin>GF2/GF3</origin>
	</source>
	<research>
		<version>1.0</version>
		<provider>FAIR1M</provider>
		<author>Cyber</author>
		<pluginname>FAIR1M</pluginname>
		<pluginclass>object detection</pluginclass>
		<time>2021-07-21</time>
	</research>
	<size>
		<width>800</width>
		<height>600</height>
		<depth>4</depth>
	</size>
	<objects>
		<object>
			<coordinate>pixel</coordinate>
			<type>rectangle</type>
			<description>None</description>
			<possibleresult>
				<name>Small Car</name>
			</possibleresult>
			<points>
				<point>433.000000,18.000000</point>
				<point>431.000000,27.000000</point>
				<point>411.000000,22.000000</point>
				<point>413.000000,13.000000</point>
				<point>433.000000,18.000000</point>
			</points>
		</object>
		<object>
			<coordinate>pixel</coordinate>
			<type>rectangle</type>
			<description>None</description>
			<possibleresult>
				<name>Small Car</name>
			</possibleresult>
			<points>
				<point>355.000000,100.000000</point>
				<point>345.000000,101.000000</point>
				<point>340.000000,79.000000</point>
				<point>351.000000,77.000000</point>
				<point>355.000000,100.000000</point>
			</points>
		</object>
		<object>
			<coordinate>pixel</coordinate>
			<type>rectangle</type>
			<description>None</description>
			<possibleresult>
				<name>Van</name>
			</possibleresult>
			<points>
				<point>16.000000,273.000000</point>
				<point>0.000000,280.000000</point>
				<point>0.000000,272.000000</point>
				<point>14.000000,267.000000</point>
				<point>16.000000,273.000000</point>
			</points>
		</object>
		<object>
			<coordinate>pixel</coordinate>
			<type>rectangle</type>
			<description>None</description>
			<possibleresult>
				<name>Small Car</name>
			</possibleresult>
			<points>
				<point>22.000000,284.000000</point>
				<point>4.000000,289.000000</point>
				<point>1.000000,281.000000</point>
				<point>19.000000,276.000000</point>
				<point>22.000000,284.000000</point>
			</points>
		</object>
		<object>
			<coordinate>pixel</coordinate>
			<type>rectangle</type>
			<description>None</description>
			<possibleresult>
				<name>Small Car</name>
			</possibleresult>
			<points>
				<point>24.000000,294.000000</point>
				<point>5.000000,299.000000</point>
				<point>2.000000,291.000000</point>
				<point>21.000000,285.000000</point>
				<point>24.000000,294.000000</point>
			</points>
		</object>
		<object>
			<coordinate>pixel</coordinate>
			<type>rectangle</type>
			<description>None</description>
			<possibleresult>
				<name>Dump Truck</name>
			</possibleresult>
			<points>
				<point>28.000000,301.000000</point>
				<point>8.000000,308.000000</point>
				<point>5.000000,300.000000</point>
				<point>26.000000,293.000000</point>
				<point>28.000000,301.000000</point>
			</points>
		</object>
		<object>
			<coordinate>pixel</coordinate>
			<type>rectangle</type>
			<description>None</description>
			<possibleresult>
				<name>Small Car</name>
			</possibleresult>
			<points>
				<point>32.000000,310.000000</point>
				<point>14.000000,315.000000</point>
				<point>11.000000,307.000000</point>
				<point>29.000000,302.000000</point>
				<point>32.000000,310.000000</point>
			</points>
		</object>
		<object>
			<coordinate>pixel</coordinate>
			<type>rectangle</type>
			<description>None</description>
			<possibleresult>
				<name>Small Car</name>
			</possibleresult>
			<points>
				<point>35.000000,319.000000</point>
				<point>16.000000,324.000000</point>
				<point>14.000000,316.000000</point>
				<point>33.000000,311.000000</point>
				<point>35.000000,319.000000</point>
			</points>
		</object>
		<object>
			<coordinate>pixel</coordinate>
			<type>rectangle</type>
			<description>None</description>
			<possibleresult>
				<name>Van</name>
			</possibleresult>
			<points>
				<point>41.000000,327.000000</point>
				<point>23.000000,332.000000</point>
				<point>21.000000,324.000000</point>
				<point>39.000000,319.000000</point>
				<point>41.000000,327.000000</point>
			</points>
		</object>
		<object>
			<coordinate>pixel</coordinate>
			<type>rectangle</type>
			<description>None</description>
			<possibleresult>
				<name>Van</name>
			</possibleresult>
			<points>
				<point>44.000000,335.000000</point>
				<point>29.000000,340.000000</point>
				<point>26.000000,332.000000</point>
				<point>42.000000,327.000000</point>
				<point>44.000000,335.000000</point>
			</points>
		</object>
		<object>
			<coordinate>pixel</coordinate>
			<type>rectangle</type>
			<description>None</description>
			<possibleresult>
				<name>Small Car</name>
			</possibleresult>
			<points>
				<point>49.000000,344.000000</point>
				<point>31.000000,351.000000</point>
				<point>28.000000,343.000000</point>
				<point>46.000000,336.000000</point>
				<point>49.000000,344.000000</point>
			</points>
		</object>
		<object>
			<coordinate>pixel</coordinate>
			<type>rectangle</type>
			<description>None</description>
			<possibleresult>
				<name>Van</name>
			</possibleresult>
			<points>
				<point>17.000000,437.000000</point>
				<point>9.000000,440.000000</point>
				<point>2.000000,423.000000</point>
				<point>10.000000,420.000000</point>
				<point>17.000000,437.000000</point>
			</points>
		</object>
		<object>
			<coordinate>pixel</coordinate>
			<type>rectangle</type>
			<description>None</description>
			<possibleresult>
				<name>Small Car</name>
			</possibleresult>
			<points>
				<point>28.000000,432.000000</point>
				<point>19.000000,435.000000</point>
				<point>12.000000,418.000000</point>
				<point>21.000000,415.000000</point>
				<point>28.000000,432.000000</point>
			</points>
		</object>
		<object>
			<coordinate>pixel</coordinate>
			<type>rectangle</type>
			<description>None</description>
			<possibleresult>
				<name>Small Car</name>
			</possibleresult>
			<points>
				<point>37.000000,429.000000</point>
				<point>28.000000,432.000000</point>
				<point>21.000000,415.000000</point>
				<point>30.000000,411.000000</point>
				<point>37.000000,429.000000</point>
			</points>
		</object>
		<object>
			<coordinate>pixel</coordinate>
			<type>rectangle</type>
			<description>None</description>
			<possibleresult>
				<name>Van</name>
			</possibleresult>
			<points>
				<point>49.000000,424.000000</point>
				<point>40.000000,428.000000</point>
				<point>32.000000,411.000000</point>
				<point>41.000000,407.000000</point>
				<point>49.000000,424.000000</point>
			</points>
		</object>
		<object>
			<coordinate>pixel</coordinate>
			<type>rectangle</type>
			<description>None</description>
			<possibleresult>
				<name>Small Car</name>
			</possibleresult>
			<points>
				<point>24.000000,473.000000</point>
				<point>7.000000,479.000000</point>
				<point>4.000000,471.000000</point>
				<point>21.000000,465.000000</point>
				<point>24.000000,473.000000</point>
			</points>
		</object>
		<object>
			<coordinate>pixel</coordinate>
			<type>rectangle</type>
			<description>None</description>
			<possibleresult>
				<name>Van</name>
			</possibleresult>
			<points>
				<point>44.000000,466.000000</point>
				<point>29.000000,473.000000</point>
				<point>25.000000,465.000000</point>
				<point>41.000000,458.000000</point>
				<point>44.000000,466.000000</point>
			</points>
		</object>
		<object>
			<coordinate>pixel</coordinate>
			<type>rectangle</type>
			<description>None</description>
			<possibleresult>
				<name>Small Car</name>
			</possibleresult>
			<points>
				<point>66.000000,459.000000</point>
				<point>48.000000,466.000000</point>
				<point>45.000000,458.000000</point>
				<point>64.000000,452.000000</point>
				<point>66.000000,459.000000</point>
			</points>
		</object>
		<object>
			<coordinate>pixel</coordinate>
			<type>rectangle</type>
			<description>None</description>
			<possibleresult>
				<name>Van</name>
			</possibleresult>
			<points>
				<point>89.000000,452.000000</point>
				<point>71.000000,460.000000</point>
				<point>67.000000,451.000000</point>
				<point>85.000000,444.000000</point>
				<point>89.000000,452.000000</point>
			</points>
		</object>
		<object>
			<coordinate>pixel</coordinate>
			<type>rectangle</type>
			<description>None</description>
			<possibleresult>
				<name>Small Car</name>
			</possibleresult>
			<points>
				<point>191.000000,116.000000</point>
				<point>181.000000,120.000000</point>
				<point>174.000000,102.000000</point>
				<point>184.000000,99.000000</point>
				<point>191.000000,116.000000</point>
			</points>
		</object>
		<object>
			<coordinate>pixel</coordinate>
			<type>rectangle</type>
			<description>None</description>
			<possibleresult>
				<name>Small Car</name>
			</possibleresult>
			<points>
				<point>180.000000,121.000000</point>
				<point>172.000000,125.000000</point>
				<point>163.000000,107.000000</point>
				<point>172.000000,103.000000</point>
				<point>180.000000,121.000000</point>
			</points>
		</object>
		<object>
			<coordinate>pixel</coordinate>
			<type>rectangle</type>
			<description>None</description>
			<possibleresult>
				<name>Small Car</name>
			</possibleresult>
			<points>
				<point>169.000000,123.000000</point>
				<point>161.000000,127.000000</point>
				<point>154.000000,109.000000</point>
				<point>162.000000,106.000000</point>
				<point>169.000000,123.000000</point>
			</points>
		</object>
		<object>
			<coordinate>pixel</coordinate>
			<type>rectangle</type>
			<description>None</description>
			<possibleresult>
				<name>Van</name>
			</possibleresult>
			<points>
				<point>137.000000,131.000000</point>
				<point>129.000000,135.000000</point>
				<point>122.000000,120.000000</point>
				<point>130.000000,116.000000</point>
				<point>137.000000,131.000000</point>
			</points>
		</object>
		<object>
			<coordinate>pixel</coordinate>
			<type>rectangle</type>
			<description>None</description>
			<possibleresult>
				<name>Van</name>
			</possibleresult>
			<points>
				<point>148.000000,128.000000</point>
				<point>140.000000,132.000000</point>
				<point>133.000000,116.000000</point>
				<point>141.000000,112.000000</point>
				<point>148.000000,128.000000</point>
			</points>
		</object>
		<object>
			<coordinate>pixel</coordinate>
			<type>rectangle</type>
			<description>None</description>
			<possibleresult>
				<name>Small Car</name>
			</possibleresult>
			<points>
				<point>128.000000,135.000000</point>
				<point>120.000000,139.000000</point>
				<point>113.000000,123.000000</point>
				<point>120.000000,119.000000</point>
				<point>128.000000,135.000000</point>
			</points>
		</object>
		<object>
			<coordinate>pixel</coordinate>
			<type>rectangle</type>
			<description>None</description>
			<possibleresult>
				<name>Van</name>
			</possibleresult>
			<points>
				<point>117.000000,139.000000</point>
				<point>109.000000,142.000000</point>
				<point>102.000000,124.000000</point>
				<point>110.000000,121.000000</point>
				<point>117.000000,139.000000</point>
			</points>
		</object>
		<object>
			<coordinate>pixel</coordinate>
			<type>rectangle</type>
			<description>None</description>
			<possibleresult>
				<name>Small Car</name>
			</possibleresult>
			<points>
				<point>108.000000,143.000000</point>
				<point>101.000000,147.000000</point>
				<point>92.000000,129.000000</point>
				<point>100.000000,125.000000</point>
				<point>108.000000,143.000000</point>
			</points>
		</object>
		<object>
			<coordinate>pixel</coordinate>
			<type>rectangle</type>
			<description>None</description>
			<possibleresult>
				<name>Van</name>
			</possibleresult>
			<points>
				<point>97.000000,146.000000</point>
				<point>89.000000,150.000000</point>
				<point>81.000000,133.000000</point>
				<point>89.000000,130.000000</point>
				<point>97.000000,146.000000</point>
			</points>
		</object>
		<object>
			<coordinate>pixel</coordinate>
			<type>rectangle</type>
			<description>None</description>
			<possibleresult>
				<name>Small Car</name>
			</possibleresult>
			<points>
				<point>75.000000,154.000000</point>
				<point>67.000000,157.000000</point>
				<point>61.000000,140.000000</point>
				<point>68.000000,137.000000</point>
				<point>75.000000,154.000000</point>
			</points>
		</object>
		<object>
			<coordinate>pixel</coordinate>
			<type>rectangle</type>
			<description>None</description>
			<possibleresult>
				<name>Small Car</name>
			</possibleresult>
			<points>
				<point>65.000000,154.000000</point>
				<point>57.000000,158.000000</point>
				<point>51.000000,142.000000</point>
				<point>58.000000,138.000000</point>
				<point>65.000000,154.000000</point>
			</points>
		</object>
		<object>
			<coordinate>pixel</coordinate>
			<type>rectangle</type>
			<description>None</description>
			<possibleresult>
				<name>Van</name>
			</possibleresult>
			<points>
				<point>55.000000,158.000000</point>
				<point>47.000000,161.000000</point>
				<point>40.000000,144.000000</point>
				<point>48.000000,141.000000</point>
				<point>55.000000,158.000000</point>
			</points>
		</object>
		<object>
			<coordinate>pixel</coordinate>
			<type>rectangle</type>
			<description>None</description>
			<possibleresult>
				<name>Small Car</name>
			</possibleresult>
			<points>
				<point>44.000000,161.000000</point>
				<point>36.000000,165.000000</point>
				<point>28.000000,148.000000</point>
				<point>36.000000,144.000000</point>
				<point>44.000000,161.000000</point>
			</points>
		</object>
		<object>
			<coordinate>pixel</coordinate>
			<type>rectangle</type>
			<description>None</description>
			<possibleresult>
				<name>Small Car</name>
			</possibleresult>
			<points>
				<point>66.000000,210.000000</point>
				<point>58.000000,213.000000</point>
				<point>51.000000,198.000000</point>
				<point>59.000000,194.000000</point>
				<point>66.000000,210.000000</point>
			</points>
		</object>
		<object>
			<coordinate>pixel</coordinate>
			<type>rectangle</type>
			<description>None</description>
			<possibleresult>
				<name>Small Car</name>
			</possibleresult>
			<points>
				<point>77.000000,208.000000</point>
				<point>68.000000,212.000000</point>
				<point>61.000000,195.000000</point>
				<point>70.000000,191.000000</point>
				<point>77.000000,208.000000</point>
			</points>
		</object>
		<object>
			<coordinate>pixel</coordinate>
			<type>rectangle</type>
			<description>None</description>
			<possibleresult>
				<name>Small Car</name>
			</possibleresult>
			<points>
				<point>88.000000,206.000000</point>
				<point>79.000000,210.000000</point>
				<point>73.000000,193.000000</point>
				<point>81.000000,190.000000</point>
				<point>88.000000,206.000000</point>
			</points>
		</object>
		<object>
			<coordinate>pixel</coordinate>
			<type>rectangle</type>
			<description>None</description>
			<possibleresult>
				<name>Small Car</name>
			</possibleresult>
			<points>
				<point>99.000000,198.000000</point>
				<point>91.000000,202.000000</point>
				<point>84.000000,186.000000</point>
				<point>92.000000,183.000000</point>
				<point>99.000000,198.000000</point>
			</points>
		</object>
		<object>
			<coordinate>pixel</coordinate>
			<type>rectangle</type>
			<description>None</description>
			<possibleresult>
				<name>Small Car</name>
			</possibleresult>
			<points>
				<point>109.000000,197.000000</point>
				<point>100.000000,201.000000</point>
				<point>94.000000,185.000000</point>
				<point>103.000000,182.000000</point>
				<point>109.000000,197.000000</point>
			</points>
		</object>
		<object>
			<coordinate>pixel</coordinate>
			<type>rectangle</type>
			<description>None</description>
			<possibleresult>
				<name>Small Car</name>
			</possibleresult>
			<points>
				<point>119.000000,198.000000</point>
				<point>110.000000,201.000000</point>
				<point>104.000000,183.000000</point>
				<point>112.000000,180.000000</point>
				<point>119.000000,198.000000</point>
			</points>
		</object>
		<object>
			<coordinate>pixel</coordinate>
			<type>rectangle</type>
			<description>None</description>
			<possibleresult>
				<name>Small Car</name>
			</possibleresult>
			<points>
				<point>129.000000,193.000000</point>
				<point>121.000000,196.000000</point>
				<point>114.000000,179.000000</point>
				<point>122.000000,176.000000</point>
				<point>129.000000,193.000000</point>
			</points>
		</object>
		<object>
			<coordinate>pixel</coordinate>
			<type>rectangle</type>
			<description>None</description>
			<possibleresult>
				<name>Small Car</name>
			</possibleresult>
			<points>
				<point>141.000000,190.000000</point>
				<point>132.000000,193.000000</point>
				<point>125.000000,176.000000</point>
				<point>134.000000,172.000000</point>
				<point>141.000000,190.000000</point>
			</points>
		</object>
		<object>
			<coordinate>pixel</coordinate>
			<type>rectangle</type>
			<description>None</description>
			<possibleresult>
				<name>Small Car</name>
			</possibleresult>
			<points>
				<point>192.000000,172.000000</point>
				<point>182.000000,176.000000</point>
				<point>175.000000,157.000000</point>
				<point>184.000000,153.000000</point>
				<point>192.000000,172.000000</point>
			</points>
		</object>
		<object>
			<coordinate>pixel</coordinate>
			<type>rectangle</type>
			<description>None</description>
			<possibleresult>
				<name>Small Car</name>
			</possibleresult>
			<points>
				<point>301.000000,143.000000</point>
				<point>281.000000,145.000000</point>
				<point>281.000000,137.000000</point>
				<point>300.000000,135.000000</point>
				<point>301.000000,143.000000</point>
			</points>
		</object>
		<object>
			<coordinate>pixel</coordinate>
			<type>rectangle</type>
			<description>None</description>
			<possibleresult>
				<name>Small Car</name>
			</possibleresult>
			<points>
				<point>304.000000,153.000000</point>
				<point>283.000000,154.000000</point>
				<point>282.000000,146.000000</point>
				<point>303.000000,145.000000</point>
				<point>304.000000,153.000000</point>
			</points>
		</object>
		<object>
			<coordinate>pixel</coordinate>
			<type>rectangle</type>
			<description>None</description>
			<possibleresult>
				<name>Small Car</name>
			</possibleresult>
			<points>
				<point>304.000000,170.000000</point>
				<point>284.000000,172.000000</point>
				<point>284.000000,163.000000</point>
				<point>304.000000,162.000000</point>
				<point>304.000000,170.000000</point>
			</points>
		</object>
		<object>
			<coordinate>pixel</coordinate>
			<type>rectangle</type>
			<description>None</description>
			<possibleresult>
				<name>Small Car</name>
			</possibleresult>
			<points>
				<point>306.000000,178.000000</point>
				<point>289.000000,181.000000</point>
				<point>288.000000,173.000000</point>
				<point>305.000000,170.000000</point>
				<point>306.000000,178.000000</point>
			</points>
		</object>
		<object>
			<coordinate>pixel</coordinate>
			<type>rectangle</type>
			<description>None</description>
			<possibleresult>
				<name>Small Car</name>
			</possibleresult>
			<points>
				<point>88.000000,257.000000</point>
				<point>80.000000,262.000000</point>
				<point>70.000000,243.000000</point>
				<point>78.000000,239.000000</point>
				<point>88.000000,257.000000</point>
			</points>
		</object>
		<object>
			<coordinate>pixel</coordinate>
			<type>rectangle</type>
			<description>None</description>
			<possibleresult>
				<name>Small Car</name>
			</possibleresult>
			<points>
				<point>98.000000,253.000000</point>
				<point>90.000000,258.000000</point>
				<point>80.000000,237.000000</point>
				<point>89.000000,233.000000</point>
				<point>98.000000,253.000000</point>
			</points>
		</object>
		<object>
			<coordinate>pixel</coordinate>
			<type>rectangle</type>
			<description>None</description>
			<possibleresult>
				<name>Van</name>
			</possibleresult>
			<points>
				<point>107.000000,249.000000</point>
				<point>98.000000,251.000000</point>
				<point>93.000000,235.000000</point>
				<point>101.000000,233.000000</point>
				<point>107.000000,249.000000</point>
			</points>
		</object>
		<object>
			<coordinate>pixel</coordinate>
			<type>rectangle</type>
			<description>None</description>
			<possibleresult>
				<name>Small Car</name>
			</possibleresult>
			<points>
				<point>118.000000,245.000000</point>
				<point>110.000000,248.000000</point>
				<point>103.000000,231.000000</point>
				<point>111.000000,228.000000</point>
				<point>118.000000,245.000000</point>
			</points>
		</object>
		<object>
			<coordinate>pixel</coordinate>
			<type>rectangle</type>
			<description>None</description>
			<possibleresult>
				<name>Small Car</name>
			</possibleresult>
			<points>
				<point>129.000000,244.000000</point>
				<point>120.000000,247.000000</point>
				<point>113.000000,228.000000</point>
				<point>122.000000,225.000000</point>
				<point>129.000000,244.000000</point>
			</points>
		</object>
		<object>
			<coordinate>pixel</coordinate>
			<type>rectangle</type>
			<description>None</description>
			<possibleresult>
				<name>Small Car</name>
			</possibleresult>
			<points>
				<point>139.000000,237.000000</point>
				<point>131.000000,241.000000</point>
				<point>124.000000,224.000000</point>
				<point>132.000000,221.000000</point>
				<point>139.000000,237.000000</point>
			</points>
		</object>
		<object>
			<coordinate>pixel</coordinate>
			<type>rectangle</type>
			<description>None</description>
			<possibleresult>
				<name>Small Car</name>
			</possibleresult>
			<points>
				<point>161.000000,233.000000</point>
				<point>152.000000,237.000000</point>
				<point>144.000000,218.000000</point>
				<point>152.000000,215.000000</point>
				<point>161.000000,233.000000</point>
			</points>
		</object>
		<object>
			<coordinate>pixel</coordinate>
			<type>rectangle</type>
			<description>None</description>
			<possibleresult>
				<name>Van</name>
			</possibleresult>
			<points>
				<point>182.000000,228.000000</point>
				<point>173.000000,232.000000</point>
				<point>165.000000,215.000000</point>
				<point>174.000000,211.000000</point>
				<point>182.000000,228.000000</point>
			</points>
		</object>
		<object>
			<coordinate>pixel</coordinate>
			<type>rectangle</type>
			<description>None</description>
			<possibleresult>
				<name>Small Car</name>
			</possibleresult>
			<points>
				<point>192.000000,224.000000</point>
				<point>184.000000,227.000000</point>
				<point>177.000000,209.000000</point>
				<point>185.000000,206.000000</point>
				<point>192.000000,224.000000</point>
			</points>
		</object>
		<object>
			<coordinate>pixel</coordinate>
			<type>rectangle</type>
			<description>None</description>
			<possibleresult>
				<name>Small Car</name>
			</possibleresult>
			<points>
				<point>98.000000,282.000000</point>
				<point>90.000000,285.000000</point>
				<point>83.000000,267.000000</point>
				<point>91.000000,264.000000</point>
				<point>98.000000,282.000000</point>
			</points>
		</object>
		<object>
			<coordinate>pixel</coordinate>
			<type>rectangle</type>
			<description>None</description>
			<possibleresult>
				<name>Van</name>
			</possibleresult>
			<points>
				<point>109.000000,276.000000</point>
				<point>98.000000,279.000000</point>
				<point>93.000000,262.000000</point>
				<point>104.000000,258.000000</point>
				<point>109.000000,276.000000</point>
			</points>
		</object>
		<object>
			<coordinate>pixel</coordinate>
			<type>rectangle</type>
			<description>None</description>
			<possibleresult>
				<name>Small Car</name>
			</possibleresult>
			<points>
				<point>150.000000,264.000000</point>
				<point>141.000000,267.000000</point>
				<point>135.000000,250.000000</point>
				<point>144.000000,247.000000</point>
				<point>150.000000,264.000000</point>
			</points>
		</object>
		<object>
			<coordinate>pixel</coordinate>
			<type>rectangle</type>
			<description>None</description>
			<possibleresult>
				<name>Small Car</name>
			</possibleresult>
			<points>
				<point>181.000000,253.000000</point>
				<point>172.000000,256.000000</point>
				<point>165.000000,239.000000</point>
				<point>174.000000,236.000000</point>
				<point>181.000000,253.000000</point>
			</points>
		</object>
		<object>
			<coordinate>pixel</coordinate>
			<type>rectangle</type>
			<description>None</description>
			<possibleresult>
				<name>Small Car</name>
			</possibleresult>
			<points>
				<point>193.000000,252.000000</point>
				<point>183.000000,256.000000</point>
				<point>175.000000,237.000000</point>
				<point>186.000000,233.000000</point>
				<point>193.000000,252.000000</point>
			</points>
		</object>
		<object>
			<coordinate>pixel</coordinate>
			<type>rectangle</type>
			<description>None</description>
			<possibleresult>
				<name>Small Car</name>
			</possibleresult>
			<points>
				<point>202.000000,244.000000</point>
				<point>193.000000,248.000000</point>
				<point>186.000000,231.000000</point>
				<point>194.000000,227.000000</point>
				<point>202.000000,244.000000</point>
			</points>
		</object>
		<object>
			<coordinate>pixel</coordinate>
			<type>rectangle</type>
			<description>None</description>
			<possibleresult>
				<name>Small Car</name>
			</possibleresult>
			<points>
				<point>224.000000,241.000000</point>
				<point>215.000000,245.000000</point>
				<point>207.000000,228.000000</point>
				<point>216.000000,224.000000</point>
				<point>224.000000,241.000000</point>
			</points>
		</object>
		<object>
			<coordinate>pixel</coordinate>
			<type>rectangle</type>
			<description>None</description>
			<possibleresult>
				<name>Van</name>
			</possibleresult>
			<points>
				<point>234.000000,239.000000</point>
				<point>226.000000,242.000000</point>
				<point>220.000000,225.000000</point>
				<point>229.000000,222.000000</point>
				<point>234.000000,239.000000</point>
			</points>
		</object>
		<object>
			<coordinate>pixel</coordinate>
			<type>rectangle</type>
			<description>None</description>
			<possibleresult>
				<name>Van</name>
			</possibleresult>
			<points>
				<point>312.000000,197.000000</point>
				<point>290.000000,200.000000</point>
				<point>289.000000,191.000000</point>
				<point>311.000000,189.000000</point>
				<point>312.000000,197.000000</point>
			</points>
		</object>
		<object>
			<coordinate>pixel</coordinate>
			<type>rectangle</type>
			<description>None</description>
			<possibleresult>
				<name>Small Car</name>
			</possibleresult>
			<points>
				<point>310.000000,208.000000</point>
				<point>290.000000,210.000000</point>
				<point>289.000000,202.000000</point>
				<point>309.000000,200.000000</point>
				<point>310.000000,208.000000</point>
			</points>
		</object>
		<object>
			<coordinate>pixel</coordinate>
			<type>rectangle</type>
			<description>None</description>
			<possibleresult>
				<name>Van</name>
			</possibleresult>
			<points>
				<point>316.000000,245.000000</point>
				<point>296.000000,246.000000</point>
				<point>296.000000,238.000000</point>
				<point>316.000000,237.000000</point>
				<point>316.000000,245.000000</point>
			</points>
		</object>
		<object>
			<coordinate>pixel</coordinate>
			<type>rectangle</type>
			<description>None</description>
			<possibleresult>
				<name>Dump Truck</name>
			</possibleresult>
			<points>
				<point>320.000000,265.000000</point>
				<point>296.000000,267.000000</point>
				<point>295.000000,255.000000</point>
				<point>320.000000,253.000000</point>
				<point>320.000000,265.000000</point>
			</points>
		</object>
		<object>
			<coordinate>pixel</coordinate>
			<type>rectangle</type>
			<description>None</description>
			<possibleresult>
				<name>Small Car</name>
			</possibleresult>
			<points>
				<point>138.000000,316.000000</point>
				<point>128.000000,320.000000</point>
				<point>121.000000,301.000000</point>
				<point>131.000000,298.000000</point>
				<point>138.000000,316.000000</point>
			</points>
		</object>
		<object>
			<coordinate>pixel</coordinate>
			<type>rectangle</type>
			<description>None</description>
			<possibleresult>
				<name>Van</name>
			</possibleresult>
			<points>
				<point>127.000000,349.000000</point>
				<point>118.000000,351.000000</point>
				<point>114.000000,334.000000</point>
				<point>123.000000,332.000000</point>
				<point>127.000000,349.000000</point>
			</points>
		</object>
		<object>
			<coordinate>pixel</coordinate>
			<type>rectangle</type>
			<description>None</description>
			<possibleresult>
				<name>Small Car</name>
			</possibleresult>
			<points>
				<point>161.000000,340.000000</point>
				<point>151.000000,344.000000</point>
				<point>143.000000,326.000000</point>
				<point>153.000000,322.000000</point>
				<point>161.000000,340.000000</point>
			</points>
		</object>
		<object>
			<coordinate>pixel</coordinate>
			<type>rectangle</type>
			<description>None</description>
			<possibleresult>
				<name>Small Car</name>
			</possibleresult>
			<points>
				<point>171.000000,335.000000</point>
				<point>161.000000,339.000000</point>
				<point>154.000000,321.000000</point>
				<point>163.000000,317.000000</point>
				<point>171.000000,335.000000</point>
			</points>
		</object>
		<object>
			<coordinate>pixel</coordinate>
			<type>rectangle</type>
			<description>None</description>
			<possibleresult>
				<name>Small Car</name>
			</possibleresult>
			<points>
				<point>203.000000,326.000000</point>
				<point>193.000000,330.000000</point>
				<point>186.000000,312.000000</point>
				<point>195.000000,308.000000</point>
				<point>203.000000,326.000000</point>
			</points>
		</object>
		<object>
			<coordinate>pixel</coordinate>
			<type>rectangle</type>
			<description>None</description>
			<possibleresult>
				<name>Small Car</name>
			</possibleresult>
			<points>
				<point>233.000000,315.000000</point>
				<point>224.000000,319.000000</point>
				<point>218.000000,301.000000</point>
				<point>227.000000,297.000000</point>
				<point>233.000000,315.000000</point>
			</points>
		</object>
		<object>
			<coordinate>pixel</coordinate>
			<type>rectangle</type>
			<description>None</description>
			<possibleresult>
				<name>Small Car</name>
			</possibleresult>
			<points>
				<point>323.000000,280.000000</point>
				<point>301.000000,281.000000</point>
				<point>301.000000,273.000000</point>
				<point>322.000000,271.000000</point>
				<point>323.000000,280.000000</point>
			</points>
		</object>
		<object>
			<coordinate>pixel</coordinate>
			<type>rectangle</type>
			<description>None</description>
			<possibleresult>
				<name>Van</name>
			</possibleresult>
			<points>
				<point>384.000000,296.000000</point>
				<point>374.000000,298.000000</point>
				<point>369.000000,278.000000</point>
				<point>380.000000,275.000000</point>
				<point>384.000000,296.000000</point>
			</points>
		</object>
		<object>
			<coordinate>pixel</coordinate>
			<type>rectangle</type>
			<description>None</description>
			<possibleresult>
				<name>Small Car</name>
			</possibleresult>
			<points>
				<point>323.000000,288.000000</point>
				<point>302.000000,290.000000</point>
				<point>301.000000,282.000000</point>
				<point>322.000000,280.000000</point>
				<point>323.000000,288.000000</point>
			</points>
		</object>
		<object>
			<coordinate>pixel</coordinate>
			<type>rectangle</type>
			<description>None</description>
			<possibleresult>
				<name>Dump Truck</name>
			</possibleresult>
			<points>
				<point>324.000000,309.000000</point>
				<point>301.000000,309.000000</point>
				<point>301.000000,300.000000</point>
				<point>324.000000,300.000000</point>
				<point>324.000000,309.000000</point>
			</points>
		</object>
		<object>
			<coordinate>pixel</coordinate>
			<type>rectangle</type>
			<description>None</description>
			<possibleresult>
				<name>Van</name>
			</possibleresult>
			<points>
				<point>323.000000,317.000000</point>
				<point>304.000000,318.000000</point>
				<point>304.000000,310.000000</point>
				<point>323.000000,310.000000</point>
				<point>323.000000,317.000000</point>
			</points>
		</object>
		<object>
			<coordinate>pixel</coordinate>
			<type>rectangle</type>
			<description>None</description>
			<possibleresult>
				<name>Small Car</name>
			</possibleresult>
			<points>
				<point>151.000000,393.000000</point>
				<point>143.000000,397.000000</point>
				<point>133.000000,380.000000</point>
				<point>142.000000,375.000000</point>
				<point>151.000000,393.000000</point>
			</points>
		</object>
		<object>
			<coordinate>pixel</coordinate>
			<type>rectangle</type>
			<description>None</description>
			<possibleresult>
				<name>Small Car</name>
			</possibleresult>
			<points>
				<point>189.000000,379.000000</point>
				<point>181.000000,383.000000</point>
				<point>174.000000,367.000000</point>
				<point>181.000000,364.000000</point>
				<point>189.000000,379.000000</point>
			</points>
		</object>
		<object>
			<coordinate>pixel</coordinate>
			<type>rectangle</type>
			<description>None</description>
			<possibleresult>
				<name>Cargo Truck</name>
			</possibleresult>
			<points>
				<point>272.000000,360.000000</point>
				<point>260.000000,366.000000</point>
				<point>247.000000,338.000000</point>
				<point>259.000000,332.000000</point>
				<point>272.000000,360.000000</point>
			</points>
		</object>
		<object>
			<coordinate>pixel</coordinate>
			<type>rectangle</type>
			<description>None</description>
			<possibleresult>
				<name>Van</name>
			</possibleresult>
			<points>
				<point>297.000000,348.000000</point>
				<point>287.000000,351.000000</point>
				<point>282.000000,335.000000</point>
				<point>291.000000,332.000000</point>
				<point>297.000000,348.000000</point>
			</points>
		</object>
		<object>
			<coordinate>pixel</coordinate>
			<type>rectangle</type>
			<description>None</description>
			<possibleresult>
				<name>Small Car</name>
			</possibleresult>
			<points>
				<point>218.000000,414.000000</point>
				<point>198.000000,420.000000</point>
				<point>195.000000,410.000000</point>
				<point>215.000000,404.000000</point>
				<point>218.000000,414.000000</point>
			</points>
		</object>
		<object>
			<coordinate>pixel</coordinate>
			<type>rectangle</type>
			<description>None</description>
			<possibleresult>
				<name>Small Car</name>
			</possibleresult>
			<points>
				<point>293.000000,390.000000</point>
				<point>275.000000,397.000000</point>
				<point>272.000000,388.000000</point>
				<point>289.000000,381.000000</point>
				<point>293.000000,390.000000</point>
			</points>
		</object>
		<object>
			<coordinate>pixel</coordinate>
			<type>rectangle</type>
			<description>None</description>
			<possibleresult>
				<name>Small Car</name>
			</possibleresult>
			<points>
				<point>314.000000,382.000000</point>
				<point>298.000000,388.000000</point>
				<point>295.000000,380.000000</point>
				<point>312.000000,374.000000</point>
				<point>314.000000,382.000000</point>
			</points>
		</object>
		<object>
			<coordinate>pixel</coordinate>
			<type>rectangle</type>
			<description>None</description>
			<possibleresult>
				<name>Cargo Truck</name>
			</possibleresult>
			<points>
				<point>682.000000,56.000000</point>
				<point>660.000000,62.000000</point>
				<point>658.000000,53.000000</point>
				<point>679.000000,47.000000</point>
				<point>682.000000,56.000000</point>
			</points>
		</object>
		<object>
			<coordinate>pixel</coordinate>
			<type>rectangle</type>
			<description>None</description>
			<possibleresult>
				<name>Small Car</name>
			</possibleresult>
			<points>
				<point>607.000000,207.000000</point>
				<point>598.000000,210.000000</point>
				<point>593.000000,193.000000</point>
				<point>602.000000,190.000000</point>
				<point>607.000000,207.000000</point>
			</points>
		</object>
		<object>
			<coordinate>pixel</coordinate>
			<type>rectangle</type>
			<description>None</description>
			<possibleresult>
				<name>Van</name>
			</possibleresult>
			<points>
				<point>602.000000,227.000000</point>
				<point>593.000000,231.000000</point>
				<point>584.000000,212.000000</point>
				<point>594.000000,208.000000</point>
				<point>602.000000,227.000000</point>
			</points>
		</object>
		<object>
			<coordinate>pixel</coordinate>
			<type>rectangle</type>
			<description>None</description>
			<possibleresult>
				<name>Small Car</name>
			</possibleresult>
			<points>
				<point>551.000000,324.000000</point>
				<point>542.000000,326.000000</point>
				<point>537.000000,309.000000</point>
				<point>546.000000,306.000000</point>
				<point>551.000000,324.000000</point>
			</points>
		</object>
		<object>
			<coordinate>pixel</coordinate>
			<type>rectangle</type>
			<description>None</description>
			<possibleresult>
				<name>Van</name>
			</possibleresult>
			<points>
				<point>564.000000,319.000000</point>
				<point>556.000000,323.000000</point>
				<point>548.000000,308.000000</point>
				<point>556.000000,304.000000</point>
				<point>564.000000,319.000000</point>
			</points>
		</object>
		<object>
			<coordinate>pixel</coordinate>
			<type>rectangle</type>
			<description>None</description>
			<possibleresult>
				<name>Small Car</name>
			</possibleresult>
			<points>
				<point>620.000000,327.000000</point>
				<point>609.000000,331.000000</point>
				<point>601.000000,312.000000</point>
				<point>612.000000,307.000000</point>
				<point>620.000000,327.000000</point>
			</points>
		</object>
		<object>
			<coordinate>pixel</coordinate>
			<type>rectangle</type>
			<description>None</description>
			<possibleresult>
				<name>Small Car</name>
			</possibleresult>
			<points>
				<point>643.000000,293.000000</point>
				<point>634.000000,296.000000</point>
				<point>627.000000,278.000000</point>
				<point>636.000000,275.000000</point>
				<point>643.000000,293.000000</point>
			</points>
		</object>
		<object>
			<coordinate>pixel</coordinate>
			<type>rectangle</type>
			<description>None</description>
			<possibleresult>
				<name>Van</name>
			</possibleresult>
			<points>
				<point>659.000000,287.000000</point>
				<point>651.000000,290.000000</point>
				<point>645.000000,270.000000</point>
				<point>653.000000,268.000000</point>
				<point>659.000000,287.000000</point>
			</points>
		</object>
		<object>
			<coordinate>pixel</coordinate>
			<type>rectangle</type>
			<description>None</description>
			<possibleresult>
				<name>Intersection</name>
			</possibleresult>
			<points>
				<point>475.000000,426.000000</point>
				<point>404.000000,453.000000</point>
				<point>360.000000,338.000000</point>
				<point>430.000000,311.000000</point>
				<point>475.000000,426.000000</point>
			</points>
		</object>
		<object>
			<coordinate>pixel</coordinate>
			<type>rectangle</type>
			<description>None</description>
			<possibleresult>
				<name>Van</name>
			</possibleresult>
			<points>
				<point>435.000000,454.000000</point>
				<point>425.000000,459.000000</point>
				<point>416.000000,440.000000</point>
				<point>426.000000,435.000000</point>
				<point>435.000000,454.000000</point>
			</points>
		</object>
		<object>
			<coordinate>pixel</coordinate>
			<type>rectangle</type>
			<description>None</description>
			<possibleresult>
				<name>Small Car</name>
			</possibleresult>
			<points>
				<point>626.000000,463.000000</point>
				<point>607.000000,468.000000</point>
				<point>605.000000,460.000000</point>
				<point>623.000000,454.000000</point>
				<point>626.000000,463.000000</point>
			</points>
		</object>
		<object>
			<coordinate>pixel</coordinate>
			<type>rectangle</type>
			<description>None</description>
			<possibleresult>
				<name>Small Car</name>
			</possibleresult>
			<points>
				<point>600.000000,477.000000</point>
				<point>581.000000,483.000000</point>
				<point>578.000000,474.000000</point>
				<point>597.000000,467.000000</point>
				<point>600.000000,477.000000</point>
			</points>
		</object>
		<object>
			<coordinate>pixel</coordinate>
			<type>rectangle</type>
			<description>None</description>
			<possibleresult>
				<name>Van</name>
			</possibleresult>
			<points>
				<point>441.000000,585.000000</point>
				<point>424.000000,590.000000</point>
				<point>422.000000,584.000000</point>
				<point>439.000000,578.000000</point>
				<point>441.000000,585.000000</point>
			</points>
		</object>
		<object>
			<coordinate>pixel</coordinate>
			<type>rectangle</type>
			<description>None</description>
			<possibleresult>
				<name>Small Car</name>
			</possibleresult>
			<points>
				<point>439.000000,596.000000</point>
				<point>428.000000,600.000000</point>
				<point>426.000000,592.000000</point>
				<point>437.000000,589.000000</point>
				<point>439.000000,596.000000</point>
			</points>
		</object>
		<object>
			<coordinate>pixel</coordinate>
			<type>rectangle</type>
			<description>None</description>
			<possibleresult>
				<name>Cargo Truck</name>
			</possibleresult>
			<points>
				<point>482.000000,566.000000</point>
				<point>471.000000,570.000000</point>
				<point>461.000000,543.000000</point>
				<point>472.000000,539.000000</point>
				<point>482.000000,566.000000</point>
			</points>
		</object>
	</objects>
</annotation>