<?xml version="1.0" encoding="utf-8"?>
<annotation>
	<source>
		<filename>11689.tif</filename>
		<origin>GF2/GF3</origin>
	</source>
	<research>
		<version>1.0</version>
		<provider>FAIR1M</provider>
		<author>Cyber</author>
		<pluginname>FAIR1M</pluginname>
		<pluginclass>object detection</pluginclass>
		<time>2021-07-21</time>
	</research>
	<size>
		<width>1000</width>
		<height>1000</height>
		<depth>3</depth>
	</size>
	<objects>
		<object>
			<coordinate>pixel</coordinate>
			<type>rectangle</type>
			<description>None</description>
			<possibleresult>
				<name>Tugboat</name>
			</possibleresult>
			<points>
				<point>16.000000,572.000000</point>
				<point>74.000000,553.000000</point>
				<point>67.000000,534.000000</point>
				<point>9.000000,553.000000</point>
				<point>16.000000,572.000000</point>
			</points>
		</object>
		<object>
			<coordinate>pixel</coordinate>
			<type>rectangle</type>
			<description>None</description>
			<possibleresult>
				<name>Engineering Ship</name>
			</possibleresult>
			<points>
				<point>154.000000,503.000000</point>
				<point>76.000000,527.000000</point>
				<point>82.000000,548.000000</point>
				<point>161.000000,524.000000</point>
				<point>154.000000,503.000000</point>
			</points>
		</object>
		<object>
			<coordinate>pixel</coordinate>
			<type>rectangle</type>
			<description>None</description>
			<possibleresult>
				<name>Engineering Ship</name>
			</possibleresult>
			<points>
				<point>162.000000,524.000000</point>
				<point>82.000000,549.000000</point>
				<point>90.000000,573.000000</point>
				<point>170.000000,547.000000</point>
				<point>162.000000,524.000000</point>
			</points>
		</object>
		<object>
			<coordinate>pixel</coordinate>
			<type>rectangle</type>
			<description>None</description>
			<possibleresult>
				<name>Warship</name>
			</possibleresult>
			<points>
				<point>468.000000,421.000000</point>
				<point>217.000000,477.000000</point>
				<point>223.000000,504.000000</point>
				<point>473.000000,447.000000</point>
				<point>468.000000,421.000000</point>
			</points>
		</object>
		<object>
			<coordinate>pixel</coordinate>
			<type>rectangle</type>
			<description>None</description>
			<possibleresult>
				<name>Warship</name>
			</possibleresult>
			<points>
				<point>223.000000,506.000000</point>
				<point>232.000000,542.000000</point>
				<point>472.000000,482.000000</point>
				<point>463.000000,445.000000</point>
				<point>223.000000,506.000000</point>
			</points>
		</object>
		<object>
			<coordinate>pixel</coordinate>
			<type>rectangle</type>
			<description>None</description>
			<possibleresult>
				<name>Tugboat</name>
			</possibleresult>
			<points>
				<point>530.000000,481.000000</point>
				<point>602.000000,478.000000</point>
				<point>601.000000,457.000000</point>
				<point>529.000000,460.000000</point>
				<point>530.000000,481.000000</point>
			</points>
		</object>
		<object>
			<coordinate>pixel</coordinate>
			<type>rectangle</type>
			<description>None</description>
			<possibleresult>
				<name>Passenger Ship</name>
			</possibleresult>
			<points>
				<point>605.000000,479.000000</point>
				<point>767.000000,474.000000</point>
				<point>766.000000,441.000000</point>
				<point>604.000000,446.000000</point>
				<point>605.000000,479.000000</point>
			</points>
		</object>
		<object>
			<coordinate>pixel</coordinate>
			<type>rectangle</type>
			<description>None</description>
			<possibleresult>
				<name>Passenger Ship</name>
			</possibleresult>
			<points>
				<point>615.000000,509.000000</point>
				<point>742.000000,504.000000</point>
				<point>740.000000,475.000000</point>
				<point>614.000000,479.000000</point>
				<point>615.000000,509.000000</point>
			</points>
		</object>
		<object>
			<coordinate>pixel</coordinate>
			<type>rectangle</type>
			<description>None</description>
			<possibleresult>
				<name>Motorboat</name>
			</possibleresult>
			<points>
				<point>664.000000,515.000000</point>
				<point>688.000000,514.000000</point>
				<point>688.000000,506.000000</point>
				<point>664.000000,506.000000</point>
				<point>664.000000,515.000000</point>
			</points>
		</object>
		<object>
			<coordinate>pixel</coordinate>
			<type>rectangle</type>
			<description>None</description>
			<possibleresult>
				<name>Dry Cargo Ship</name>
			</possibleresult>
			<points>
				<point>826.000000,397.000000</point>
				<point>753.000000,403.000000</point>
				<point>754.000000,415.000000</point>
				<point>827.000000,409.000000</point>
				<point>826.000000,397.000000</point>
			</points>
		</object>
		<object>
			<coordinate>pixel</coordinate>
			<type>rectangle</type>
			<description>None</description>
			<possibleresult>
				<name>Dry Cargo Ship</name>
			</possibleresult>
			<points>
				<point>824.000000,410.000000</point>
				<point>761.000000,414.000000</point>
				<point>762.000000,424.000000</point>
				<point>824.000000,421.000000</point>
				<point>824.000000,410.000000</point>
			</points>
		</object>
		<object>
			<coordinate>pixel</coordinate>
			<type>rectangle</type>
			<description>None</description>
			<possibleresult>
				<name>Dry Cargo Ship</name>
			</possibleresult>
			<points>
				<point>822.000000,420.000000</point>
				<point>770.000000,424.000000</point>
				<point>771.000000,434.000000</point>
				<point>823.000000,430.000000</point>
				<point>822.000000,420.000000</point>
			</points>
		</object>
		<object>
			<coordinate>pixel</coordinate>
			<type>rectangle</type>
			<description>None</description>
			<possibleresult>
				<name>Dry Cargo Ship</name>
			</possibleresult>
			<points>
				<point>825.000000,400.000000</point>
				<point>871.000000,401.000000</point>
				<point>871.000000,389.000000</point>
				<point>825.000000,388.000000</point>
				<point>825.000000,400.000000</point>
			</points>
		</object>
		<object>
			<coordinate>pixel</coordinate>
			<type>rectangle</type>
			<description>None</description>
			<possibleresult>
				<name>Dry Cargo Ship</name>
			</possibleresult>
			<points>
				<point>958.000000,406.000000</point>
				<point>899.000000,405.000000</point>
				<point>899.000000,416.000000</point>
				<point>958.000000,417.000000</point>
				<point>958.000000,406.000000</point>
			</points>
		</object>
		<object>
			<coordinate>pixel</coordinate>
			<type>rectangle</type>
			<description>None</description>
			<possibleresult>
				<name>Dry Cargo Ship</name>
			</possibleresult>
			<points>
				<point>782.000000,953.000000</point>
				<point>653.000000,984.000000</point>
				<point>660.000000,1013.000000</point>
				<point>789.000000,982.000000</point>
				<point>782.000000,953.000000</point>
			</points>
		</object>
		<object>
			<coordinate>pixel</coordinate>
			<type>rectangle</type>
			<description>None</description>
			<possibleresult>
				<name>Liquid Cargo Ship</name>
			</possibleresult>
			<points>
				<point>1001.000000,758.000000</point>
				<point>945.000000,729.000000</point>
				<point>937.000000,745.000000</point>
				<point>993.000000,774.000000</point>
				<point>1001.000000,758.000000</point>
			</points>
		</object>
		<object>
			<coordinate>pixel</coordinate>
			<type>rectangle</type>
			<description>None</description>
			<possibleresult>
				<name>Liquid Cargo Ship</name>
			</possibleresult>
			<points>
				<point>999.000000,742.000000</point>
				<point>952.000000,721.000000</point>
				<point>948.000000,731.000000</point>
				<point>995.000000,752.000000</point>
				<point>999.000000,742.000000</point>
			</points>
		</object>
	</objects>
</annotation>