<?xml version="1.0" encoding="utf-8"?>
<annotation>
	<source>
		<filename>11698.tif</filename>
		<origin>GF2/GF3</origin>
	</source>
	<research>
		<version>1.0</version>
		<provider>FAIR1M</provider>
		<author>Cyber</author>
		<pluginname>FAIR1M</pluginname>
		<pluginclass>object detection</pluginclass>
		<time>2021-07-21</time>
	</research>
	<size>
		<width>800</width>
		<height>600</height>
		<depth>3</depth>
	</size>
	<objects>
		<object>
			<coordinate>pixel</coordinate>
			<type>rectangle</type>
			<description>None</description>
			<possibleresult>
				<name>other-airplane</name>
			</possibleresult>
			<points>
				<point>192.000000,519.000000</point>
				<point>149.000000,524.000000</point>
				<point>145.000000,483.000000</point>
				<point>187.000000,479.000000</point>
				<point>192.000000,519.000000</point>
			</points>
		</object>
		<object>
			<coordinate>pixel</coordinate>
			<type>rectangle</type>
			<description>None</description>
			<possibleresult>
				<name>other-airplane</name>
			</possibleresult>
			<points>
				<point>780.000000,121.000000</point>
				<point>771.000000,155.000000</point>
				<point>732.000000,146.000000</point>
				<point>740.000000,111.000000</point>
				<point>780.000000,121.000000</point>
			</points>
		</object>
		<object>
			<coordinate>pixel</coordinate>
			<type>rectangle</type>
			<description>None</description>
			<possibleresult>
				<name>other-airplane</name>
			</possibleresult>
			<points>
				<point>780.000000,79.000000</point>
				<point>773.000000,109.000000</point>
				<point>735.000000,100.000000</point>
				<point>742.000000,70.000000</point>
				<point>780.000000,79.000000</point>
			</points>
		</object>
		<object>
			<coordinate>pixel</coordinate>
			<type>rectangle</type>
			<description>None</description>
			<possibleresult>
				<name>other-airplane</name>
			</possibleresult>
			<points>
				<point>779.000000,64.000000</point>
				<point>738.000000,64.000000</point>
				<point>738.000000,35.000000</point>
				<point>779.000000,35.000000</point>
				<point>779.000000,64.000000</point>
			</points>
		</object>
		<object>
			<coordinate>pixel</coordinate>
			<type>rectangle</type>
			<description>None</description>
			<possibleresult>
				<name>other-airplane</name>
			</possibleresult>
			<points>
				<point>547.000000,35.000000</point>
				<point>507.000000,35.000000</point>
				<point>507.000000,3.000000</point>
				<point>547.000000,3.000000</point>
				<point>547.000000,35.000000</point>
			</points>
		</object>
		<object>
			<coordinate>pixel</coordinate>
			<type>rectangle</type>
			<description>None</description>
			<possibleresult>
				<name>other-airplane</name>
			</possibleresult>
			<points>
				<point>318.000000,306.000000</point>
				<point>289.000000,324.000000</point>
				<point>275.000000,302.000000</point>
				<point>305.000000,284.000000</point>
				<point>318.000000,306.000000</point>
			</points>
		</object>
		<object>
			<coordinate>pixel</coordinate>
			<type>rectangle</type>
			<description>None</description>
			<possibleresult>
				<name>other-airplane</name>
			</possibleresult>
			<points>
				<point>318.000000,280.000000</point>
				<point>278.000000,288.000000</point>
				<point>271.000000,256.000000</point>
				<point>311.000000,247.000000</point>
				<point>318.000000,280.000000</point>
			</points>
		</object>
		<object>
			<coordinate>pixel</coordinate>
			<type>rectangle</type>
			<description>None</description>
			<possibleresult>
				<name>other-airplane</name>
			</possibleresult>
			<points>
				<point>282.000000,245.000000</point>
				<point>242.000000,253.000000</point>
				<point>235.000000,217.000000</point>
				<point>275.000000,209.000000</point>
				<point>282.000000,245.000000</point>
			</points>
		</object>
		<object>
			<coordinate>pixel</coordinate>
			<type>rectangle</type>
			<description>None</description>
			<possibleresult>
				<name>other-airplane</name>
			</possibleresult>
			<points>
				<point>233.000000,149.000000</point>
				<point>199.000000,154.000000</point>
				<point>194.000000,112.000000</point>
				<point>227.000000,108.000000</point>
				<point>233.000000,149.000000</point>
			</points>
		</object>
		<object>
			<coordinate>pixel</coordinate>
			<type>rectangle</type>
			<description>None</description>
			<possibleresult>
				<name>Boeing737</name>
			</possibleresult>
			<points>
				<point>308.000000,107.000000</point>
				<point>258.000000,112.000000</point>
				<point>254.000000,70.000000</point>
				<point>303.000000,66.000000</point>
				<point>308.000000,107.000000</point>
			</points>
		</object>
		<object>
			<coordinate>pixel</coordinate>
			<type>rectangle</type>
			<description>None</description>
			<possibleresult>
				<name>A321</name>
			</possibleresult>
			<points>
				<point>160.000000,70.000000</point>
				<point>103.000000,76.000000</point>
				<point>99.000000,25.000000</point>
				<point>156.000000,20.000000</point>
				<point>160.000000,70.000000</point>
			</points>
		</object>
		<object>
			<coordinate>pixel</coordinate>
			<type>rectangle</type>
			<description>None</description>
			<possibleresult>
				<name>A321</name>
			</possibleresult>
			<points>
				<point>166.000000,149.000000</point>
				<point>108.000000,154.000000</point>
				<point>103.000000,103.000000</point>
				<point>161.000000,98.000000</point>
				<point>166.000000,149.000000</point>
			</points>
		</object>
		<object>
			<coordinate>pixel</coordinate>
			<type>rectangle</type>
			<description>None</description>
			<possibleresult>
				<name>A330</name>
			</possibleresult>
			<points>
				<point>192.000000,201.000000</point>
				<point>145.000000,261.000000</point>
				<point>85.000000,214.000000</point>
				<point>132.000000,154.000000</point>
				<point>192.000000,201.000000</point>
			</points>
		</object>
		<object>
			<coordinate>pixel</coordinate>
			<type>rectangle</type>
			<description>None</description>
			<possibleresult>
				<name>A330</name>
			</possibleresult>
			<points>
				<point>172.000000,336.000000</point>
				<point>96.000000,345.000000</point>
				<point>87.000000,269.000000</point>
				<point>163.000000,260.000000</point>
				<point>172.000000,336.000000</point>
			</points>
		</object>
		<object>
			<coordinate>pixel</coordinate>
			<type>rectangle</type>
			<description>None</description>
			<possibleresult>
				<name>A330</name>
			</possibleresult>
			<points>
				<point>50.999969,369.000031</point>
				<point>-12.021179,326.031036</point>
				<point>32.999985,260.000031</point>
				<point>96.021133,302.969025</point>
				<point>50.999969,369.000031</point>
			</points>
		</object>
		<object>
			<coordinate>pixel</coordinate>
			<type>rectangle</type>
			<description>None</description>
			<possibleresult>
				<name>A220</name>
			</possibleresult>
			<points>
				<point>41.000000,274.000000</point>
				<point>0.000000,280.522675</point>
				<point>0.000000,235.409073</point>
				<point>34.000000,230.000000</point>
				<point>41.000000,274.000000</point>
			</points>
		</object>
	</objects>
</annotation>