<?xml version="1.0" encoding="utf-8"?>
<annotation>
	<source>
		<filename>11716.tif</filename>
		<origin>GF2/GF3</origin>
	</source>
	<research>
		<version>1.0</version>
		<provider>FAIR1M</provider>
		<author>Cyber</author>
		<pluginname>FAIR1M</pluginname>
		<pluginclass>object detection</pluginclass>
		<time>2021-07-21</time>
	</research>
	<size>
		<width>600</width>
		<height>800</height>
		<depth>3</depth>
	</size>
	<objects>
		<object>
			<coordinate>pixel</coordinate>
			<type>rectangle</type>
			<description>None</description>
			<possibleresult>
				<name>Intersection</name>
			</possibleresult>
			<points>
				<point>121.000000,225.000000</point>
				<point>78.000000,252.000000</point>
				<point>55.000000,217.000000</point>
				<point>100.000000,188.000000</point>
				<point>121.000000,225.000000</point>
			</points>
		</object>
		<object>
			<coordinate>pixel</coordinate>
			<type>rectangle</type>
			<description>None</description>
			<possibleresult>
				<name>Intersection</name>
			</possibleresult>
			<points>
				<point>301.000000,509.000000</point>
				<point>257.000000,537.000000</point>
				<point>223.000000,484.000000</point>
				<point>265.000000,454.000000</point>
				<point>301.000000,509.000000</point>
			</points>
		</object>
		<object>
			<coordinate>pixel</coordinate>
			<type>rectangle</type>
			<description>None</description>
			<possibleresult>
				<name>Tennis Court</name>
			</possibleresult>
			<points>
				<point>217.000000,281.000000</point>
				<point>205.000000,288.000000</point>
				<point>189.000000,261.000000</point>
				<point>200.000000,255.000000</point>
				<point>217.000000,281.000000</point>
			</points>
		</object>
		<object>
			<coordinate>pixel</coordinate>
			<type>rectangle</type>
			<description>None</description>
			<possibleresult>
				<name>Basketball Court</name>
			</possibleresult>
			<points>
				<point>274.000000,244.000000</point>
				<point>246.000000,262.000000</point>
				<point>238.000000,247.000000</point>
				<point>266.000000,230.000000</point>
				<point>274.000000,244.000000</point>
			</points>
		</object>
	</objects>
</annotation>