<?xml version="1.0" encoding="utf-8"?>
<annotation>
	<source>
		<filename>11710.tif</filename>
		<origin>GF2/GF3</origin>
	</source>
	<research>
		<version>1.0</version>
		<provider>FAIR1M</provider>
		<author>Cyber</author>
		<pluginname>FAIR1M</pluginname>
		<pluginclass>object detection</pluginclass>
		<time>2021-07-21</time>
	</research>
	<size>
		<width>1000</width>
		<height>1000</height>
		<depth>3</depth>
	</size>
	<objects>
		<object>
			<coordinate>pixel</coordinate>
			<type>rectangle</type>
			<description>None</description>
			<possibleresult>
				<name>Small Car</name>
			</possibleresult>
			<points>
				<point>385.000000,365.000000</point>
				<point>362.000000,365.000000</point>
				<point>362.000000,357.000000</point>
				<point>385.000000,357.000000</point>
				<point>385.000000,365.000000</point>
			</points>
		</object>
		<object>
			<coordinate>pixel</coordinate>
			<type>rectangle</type>
			<description>None</description>
			<possibleresult>
				<name>Van</name>
			</possibleresult>
			<points>
				<point>531.000000,361.000000</point>
				<point>511.000000,361.000000</point>
				<point>511.000000,353.000000</point>
				<point>531.000000,353.000000</point>
				<point>531.000000,361.000000</point>
			</points>
		</object>
		<object>
			<coordinate>pixel</coordinate>
			<type>rectangle</type>
			<description>None</description>
			<possibleresult>
				<name>Van</name>
			</possibleresult>
			<points>
				<point>586.000000,359.000000</point>
				<point>564.000000,360.000000</point>
				<point>563.000000,352.000000</point>
				<point>586.000000,352.000000</point>
				<point>586.000000,359.000000</point>
			</points>
		</object>
		<object>
			<coordinate>pixel</coordinate>
			<type>rectangle</type>
			<description>None</description>
			<possibleresult>
				<name>Small Car</name>
			</possibleresult>
			<points>
				<point>609.000000,358.000000</point>
				<point>587.000000,358.000000</point>
				<point>586.000000,351.000000</point>
				<point>609.000000,351.000000</point>
				<point>609.000000,358.000000</point>
			</points>
		</object>
		<object>
			<coordinate>pixel</coordinate>
			<type>rectangle</type>
			<description>None</description>
			<possibleresult>
				<name>Small Car</name>
			</possibleresult>
			<points>
				<point>633.000000,358.000000</point>
				<point>609.000000,357.000000</point>
				<point>609.000000,351.000000</point>
				<point>633.000000,351.000000</point>
				<point>633.000000,358.000000</point>
			</points>
		</object>
		<object>
			<coordinate>pixel</coordinate>
			<type>rectangle</type>
			<description>None</description>
			<possibleresult>
				<name>Van</name>
			</possibleresult>
			<points>
				<point>177.000000,340.000000</point>
				<point>176.000000,347.000000</point>
				<point>153.000000,345.000000</point>
				<point>154.000000,339.000000</point>
				<point>177.000000,340.000000</point>
			</points>
		</object>
		<object>
			<coordinate>pixel</coordinate>
			<type>rectangle</type>
			<description>None</description>
			<possibleresult>
				<name>Dump Truck</name>
			</possibleresult>
			<points>
				<point>75.000000,349.000000</point>
				<point>52.000000,349.000000</point>
				<point>52.000000,342.000000</point>
				<point>75.000000,342.000000</point>
				<point>75.000000,349.000000</point>
			</points>
		</object>
		<object>
			<coordinate>pixel</coordinate>
			<type>rectangle</type>
			<description>None</description>
			<possibleresult>
				<name>Van</name>
			</possibleresult>
			<points>
				<point>445.000000,339.000000</point>
				<point>421.000000,338.000000</point>
				<point>421.000000,332.000000</point>
				<point>445.000000,332.000000</point>
				<point>445.000000,339.000000</point>
			</points>
		</object>
		<object>
			<coordinate>pixel</coordinate>
			<type>rectangle</type>
			<description>None</description>
			<possibleresult>
				<name>Van</name>
			</possibleresult>
			<points>
				<point>559.000000,337.000000</point>
				<point>533.000000,337.000000</point>
				<point>533.000000,329.000000</point>
				<point>559.000000,329.000000</point>
				<point>559.000000,337.000000</point>
			</points>
		</object>
		<object>
			<coordinate>pixel</coordinate>
			<type>rectangle</type>
			<description>None</description>
			<possibleresult>
				<name>Small Car</name>
			</possibleresult>
			<points>
				<point>606.000000,334.000000</point>
				<point>585.000000,334.000000</point>
				<point>585.000000,327.000000</point>
				<point>606.000000,328.000000</point>
				<point>606.000000,334.000000</point>
			</points>
		</object>
		<object>
			<coordinate>pixel</coordinate>
			<type>rectangle</type>
			<description>None</description>
			<possibleresult>
				<name>Van</name>
			</possibleresult>
			<points>
				<point>909.000000,326.000000</point>
				<point>882.000000,325.000000</point>
				<point>882.000000,318.000000</point>
				<point>909.000000,319.000000</point>
				<point>909.000000,326.000000</point>
			</points>
		</object>
		<object>
			<coordinate>pixel</coordinate>
			<type>rectangle</type>
			<description>None</description>
			<possibleresult>
				<name>Small Car</name>
			</possibleresult>
			<points>
				<point>961.000000,324.000000</point>
				<point>939.000000,324.000000</point>
				<point>939.000000,317.000000</point>
				<point>961.000000,317.000000</point>
				<point>961.000000,324.000000</point>
			</points>
		</object>
		<object>
			<coordinate>pixel</coordinate>
			<type>rectangle</type>
			<description>None</description>
			<possibleresult>
				<name>Van</name>
			</possibleresult>
			<points>
				<point>620.000000,294.000000</point>
				<point>611.000000,295.000000</point>
				<point>610.000000,281.000000</point>
				<point>619.000000,280.000000</point>
				<point>620.000000,294.000000</point>
			</points>
		</object>
		<object>
			<coordinate>pixel</coordinate>
			<type>rectangle</type>
			<description>None</description>
			<possibleresult>
				<name>Small Car</name>
			</possibleresult>
			<points>
				<point>679.000000,314.000000</point>
				<point>671.000000,315.000000</point>
				<point>670.000000,297.000000</point>
				<point>678.000000,297.000000</point>
				<point>679.000000,314.000000</point>
			</points>
		</object>
		<object>
			<coordinate>pixel</coordinate>
			<type>rectangle</type>
			<description>None</description>
			<possibleresult>
				<name>Small Car</name>
			</possibleresult>
			<points>
				<point>824.000000,249.000000</point>
				<point>816.000000,251.000000</point>
				<point>813.000000,237.000000</point>
				<point>821.000000,235.000000</point>
				<point>824.000000,249.000000</point>
			</points>
		</object>
		<object>
			<coordinate>pixel</coordinate>
			<type>rectangle</type>
			<description>None</description>
			<possibleresult>
				<name>Small Car</name>
			</possibleresult>
			<points>
				<point>764.000000,15.000000</point>
				<point>756.000000,16.000000</point>
				<point>754.000000,0.000000</point>
				<point>762.000000,0.000000</point>
				<point>764.000000,15.000000</point>
			</points>
		</object>
		<object>
			<coordinate>pixel</coordinate>
			<type>rectangle</type>
			<description>None</description>
			<possibleresult>
				<name>Van</name>
			</possibleresult>
			<points>
				<point>751.000000,16.000000</point>
				<point>743.000000,17.000000</point>
				<point>741.000000,0.000000</point>
				<point>750.000000,0.000000</point>
				<point>751.000000,16.000000</point>
			</points>
		</object>
		<object>
			<coordinate>pixel</coordinate>
			<type>rectangle</type>
			<description>None</description>
			<possibleresult>
				<name>Small Car</name>
			</possibleresult>
			<points>
				<point>729.000000,16.000000</point>
				<point>721.000000,19.000000</point>
				<point>715.000000,0.000000</point>
				<point>724.000000,0.000000</point>
				<point>729.000000,16.000000</point>
			</points>
		</object>
		<object>
			<coordinate>pixel</coordinate>
			<type>rectangle</type>
			<description>None</description>
			<possibleresult>
				<name>Van</name>
			</possibleresult>
			<points>
				<point>716.000000,19.000000</point>
				<point>706.000000,20.000000</point>
				<point>703.000000,6.000000</point>
				<point>713.000000,4.000000</point>
				<point>716.000000,19.000000</point>
			</points>
		</object>
		<object>
			<coordinate>pixel</coordinate>
			<type>rectangle</type>
			<description>None</description>
			<possibleresult>
				<name>Small Car</name>
			</possibleresult>
			<points>
				<point>703.000000,21.000000</point>
				<point>694.000000,23.000000</point>
				<point>691.000000,5.000000</point>
				<point>701.000000,4.000000</point>
				<point>703.000000,21.000000</point>
			</points>
		</object>
		<object>
			<coordinate>pixel</coordinate>
			<type>rectangle</type>
			<description>None</description>
			<possibleresult>
				<name>Van</name>
			</possibleresult>
			<points>
				<point>606.000000,28.000000</point>
				<point>588.000000,28.000000</point>
				<point>588.000000,23.000000</point>
				<point>605.000000,22.000000</point>
				<point>606.000000,28.000000</point>
			</points>
		</object>
		<object>
			<coordinate>pixel</coordinate>
			<type>rectangle</type>
			<description>None</description>
			<possibleresult>
				<name>Van</name>
			</possibleresult>
			<points>
				<point>605.000000,8.000000</point>
				<point>582.000000,10.000000</point>
				<point>581.000000,2.000000</point>
				<point>605.000000,0.000000</point>
				<point>605.000000,8.000000</point>
			</points>
		</object>
		<object>
			<coordinate>pixel</coordinate>
			<type>rectangle</type>
			<description>None</description>
			<possibleresult>
				<name>Van</name>
			</possibleresult>
			<points>
				<point>523.000000,64.000000</point>
				<point>501.000000,66.000000</point>
				<point>500.000000,60.000000</point>
				<point>523.000000,58.000000</point>
				<point>523.000000,64.000000</point>
			</points>
		</object>
		<object>
			<coordinate>pixel</coordinate>
			<type>rectangle</type>
			<description>None</description>
			<possibleresult>
				<name>Small Car</name>
			</possibleresult>
			<points>
				<point>509.000000,214.000000</point>
				<point>488.000000,214.000000</point>
				<point>487.000000,208.000000</point>
				<point>509.000000,208.000000</point>
				<point>509.000000,214.000000</point>
			</points>
		</object>
		<object>
			<coordinate>pixel</coordinate>
			<type>rectangle</type>
			<description>None</description>
			<possibleresult>
				<name>Van</name>
			</possibleresult>
			<points>
				<point>438.000000,218.000000</point>
				<point>417.000000,219.000000</point>
				<point>416.000000,211.000000</point>
				<point>438.000000,210.000000</point>
				<point>438.000000,218.000000</point>
			</points>
		</object>
		<object>
			<coordinate>pixel</coordinate>
			<type>rectangle</type>
			<description>None</description>
			<possibleresult>
				<name>Small Car</name>
			</possibleresult>
			<points>
				<point>447.000000,177.000000</point>
				<point>425.000000,178.000000</point>
				<point>425.000000,172.000000</point>
				<point>447.000000,171.000000</point>
				<point>447.000000,177.000000</point>
			</points>
		</object>
		<object>
			<coordinate>pixel</coordinate>
			<type>rectangle</type>
			<description>None</description>
			<possibleresult>
				<name>Small Car</name>
			</possibleresult>
			<points>
				<point>522.000000,164.000000</point>
				<point>498.000000,165.000000</point>
				<point>497.000000,158.000000</point>
				<point>522.000000,158.000000</point>
				<point>522.000000,164.000000</point>
			</points>
		</object>
		<object>
			<coordinate>pixel</coordinate>
			<type>rectangle</type>
			<description>None</description>
			<possibleresult>
				<name>Small Car</name>
			</possibleresult>
			<points>
				<point>515.000000,144.000000</point>
				<point>494.000000,146.000000</point>
				<point>494.000000,139.000000</point>
				<point>514.000000,138.000000</point>
				<point>515.000000,144.000000</point>
			</points>
		</object>
		<object>
			<coordinate>pixel</coordinate>
			<type>rectangle</type>
			<description>None</description>
			<possibleresult>
				<name>Van</name>
			</possibleresult>
			<points>
				<point>475.000000,132.000000</point>
				<point>464.000000,133.000000</point>
				<point>461.000000,114.000000</point>
				<point>471.000000,112.000000</point>
				<point>475.000000,132.000000</point>
			</points>
		</object>
		<object>
			<coordinate>pixel</coordinate>
			<type>rectangle</type>
			<description>None</description>
			<possibleresult>
				<name>Van</name>
			</possibleresult>
			<points>
				<point>317.000000,65.000000</point>
				<point>296.000000,67.000000</point>
				<point>296.000000,59.000000</point>
				<point>317.000000,57.000000</point>
				<point>317.000000,65.000000</point>
			</points>
		</object>
		<object>
			<coordinate>pixel</coordinate>
			<type>rectangle</type>
			<description>None</description>
			<possibleresult>
				<name>Small Car</name>
			</possibleresult>
			<points>
				<point>213.000000,102.000000</point>
				<point>195.000000,103.000000</point>
				<point>195.000000,96.000000</point>
				<point>213.000000,95.000000</point>
				<point>213.000000,102.000000</point>
			</points>
		</object>
		<object>
			<coordinate>pixel</coordinate>
			<type>rectangle</type>
			<description>None</description>
			<possibleresult>
				<name>Van</name>
			</possibleresult>
			<points>
				<point>49.000000,120.000000</point>
				<point>26.000000,121.000000</point>
				<point>26.000000,114.000000</point>
				<point>49.000000,113.000000</point>
				<point>49.000000,120.000000</point>
			</points>
		</object>
		<object>
			<coordinate>pixel</coordinate>
			<type>rectangle</type>
			<description>None</description>
			<possibleresult>
				<name>Van</name>
			</possibleresult>
			<points>
				<point>48.000000,111.000000</point>
				<point>22.000000,113.000000</point>
				<point>22.000000,106.000000</point>
				<point>47.000000,104.000000</point>
				<point>48.000000,111.000000</point>
			</points>
		</object>
		<object>
			<coordinate>pixel</coordinate>
			<type>rectangle</type>
			<description>None</description>
			<possibleresult>
				<name>Van</name>
			</possibleresult>
			<points>
				<point>44.000000,101.000000</point>
				<point>21.000000,101.000000</point>
				<point>21.000000,94.000000</point>
				<point>43.000000,94.000000</point>
				<point>44.000000,101.000000</point>
			</points>
		</object>
		<object>
			<coordinate>pixel</coordinate>
			<type>rectangle</type>
			<description>None</description>
			<possibleresult>
				<name>Small Car</name>
			</possibleresult>
			<points>
				<point>33.000000,56.000000</point>
				<point>9.000000,58.000000</point>
				<point>8.000000,51.000000</point>
				<point>32.000000,49.000000</point>
				<point>33.000000,56.000000</point>
			</points>
		</object>
		<object>
			<coordinate>pixel</coordinate>
			<type>rectangle</type>
			<description>None</description>
			<possibleresult>
				<name>Small Car</name>
			</possibleresult>
			<points>
				<point>152.000000,414.000000</point>
				<point>143.000000,415.000000</point>
				<point>141.000000,399.000000</point>
				<point>150.000000,398.000000</point>
				<point>152.000000,414.000000</point>
			</points>
		</object>
		<object>
			<coordinate>pixel</coordinate>
			<type>rectangle</type>
			<description>None</description>
			<possibleresult>
				<name>Van</name>
			</possibleresult>
			<points>
				<point>343.000000,415.000000</point>
				<point>342.000000,435.000000</point>
				<point>332.000000,435.000000</point>
				<point>333.000000,414.000000</point>
				<point>343.000000,415.000000</point>
			</points>
		</object>
		<object>
			<coordinate>pixel</coordinate>
			<type>rectangle</type>
			<description>None</description>
			<possibleresult>
				<name>Small Car</name>
			</possibleresult>
			<points>
				<point>498.000000,405.000000</point>
				<point>489.000000,407.000000</point>
				<point>487.000000,389.000000</point>
				<point>495.000000,388.000000</point>
				<point>498.000000,405.000000</point>
			</points>
		</object>
		<object>
			<coordinate>pixel</coordinate>
			<type>rectangle</type>
			<description>None</description>
			<possibleresult>
				<name>Van</name>
			</possibleresult>
			<points>
				<point>511.000000,404.000000</point>
				<point>502.000000,404.000000</point>
				<point>502.000000,388.000000</point>
				<point>511.000000,388.000000</point>
				<point>511.000000,404.000000</point>
			</points>
		</object>
		<object>
			<coordinate>pixel</coordinate>
			<type>rectangle</type>
			<description>None</description>
			<possibleresult>
				<name>Van</name>
			</possibleresult>
			<points>
				<point>644.000000,374.000000</point>
				<point>635.000000,375.000000</point>
				<point>634.000000,358.000000</point>
				<point>643.000000,357.000000</point>
				<point>644.000000,374.000000</point>
			</points>
		</object>
		<object>
			<coordinate>pixel</coordinate>
			<type>rectangle</type>
			<description>None</description>
			<possibleresult>
				<name>Van</name>
			</possibleresult>
			<points>
				<point>687.000000,399.000000</point>
				<point>679.000000,400.000000</point>
				<point>678.000000,382.000000</point>
				<point>686.000000,382.000000</point>
				<point>687.000000,399.000000</point>
			</points>
		</object>
		<object>
			<coordinate>pixel</coordinate>
			<type>rectangle</type>
			<description>None</description>
			<possibleresult>
				<name>Dump Truck</name>
			</possibleresult>
			<points>
				<point>687.000000,418.000000</point>
				<point>678.000000,418.000000</point>
				<point>678.000000,401.000000</point>
				<point>687.000000,401.000000</point>
				<point>687.000000,418.000000</point>
			</points>
		</object>
		<object>
			<coordinate>pixel</coordinate>
			<type>rectangle</type>
			<description>None</description>
			<possibleresult>
				<name>Van</name>
			</possibleresult>
			<points>
				<point>816.000000,356.000000</point>
				<point>792.000000,355.000000</point>
				<point>792.000000,346.000000</point>
				<point>816.000000,347.000000</point>
				<point>816.000000,356.000000</point>
			</points>
		</object>
		<object>
			<coordinate>pixel</coordinate>
			<type>rectangle</type>
			<description>None</description>
			<possibleresult>
				<name>Small Car</name>
			</possibleresult>
			<points>
				<point>802.000000,383.000000</point>
				<point>800.000000,401.000000</point>
				<point>792.000000,400.000000</point>
				<point>793.000000,383.000000</point>
				<point>802.000000,383.000000</point>
			</points>
		</object>
		<object>
			<coordinate>pixel</coordinate>
			<type>rectangle</type>
			<description>None</description>
			<possibleresult>
				<name>Small Car</name>
			</possibleresult>
			<points>
				<point>939.000000,417.000000</point>
				<point>930.000000,418.000000</point>
				<point>930.000000,397.000000</point>
				<point>939.000000,397.000000</point>
				<point>939.000000,417.000000</point>
			</points>
		</object>
		<object>
			<coordinate>pixel</coordinate>
			<type>rectangle</type>
			<description>None</description>
			<possibleresult>
				<name>Van</name>
			</possibleresult>
			<points>
				<point>967.000000,635.000000</point>
				<point>959.000000,636.000000</point>
				<point>958.000000,619.000000</point>
				<point>966.000000,619.000000</point>
				<point>967.000000,635.000000</point>
			</points>
		</object>
		<object>
			<coordinate>pixel</coordinate>
			<type>rectangle</type>
			<description>None</description>
			<possibleresult>
				<name>Van</name>
			</possibleresult>
			<points>
				<point>748.000000,674.000000</point>
				<point>738.000000,674.000000</point>
				<point>737.000000,657.000000</point>
				<point>748.000000,656.000000</point>
				<point>748.000000,674.000000</point>
			</points>
		</object>
		<object>
			<coordinate>pixel</coordinate>
			<type>rectangle</type>
			<description>None</description>
			<possibleresult>
				<name>Small Car</name>
			</possibleresult>
			<points>
				<point>463.000000,690.000000</point>
				<point>454.000000,691.000000</point>
				<point>453.000000,675.000000</point>
				<point>462.000000,675.000000</point>
				<point>463.000000,690.000000</point>
			</points>
		</object>
		<object>
			<coordinate>pixel</coordinate>
			<type>rectangle</type>
			<description>None</description>
			<possibleresult>
				<name>Van</name>
			</possibleresult>
			<points>
				<point>415.000000,663.000000</point>
				<point>414.000000,684.000000</point>
				<point>405.000000,684.000000</point>
				<point>406.000000,663.000000</point>
				<point>415.000000,663.000000</point>
			</points>
		</object>
		<object>
			<coordinate>pixel</coordinate>
			<type>rectangle</type>
			<description>None</description>
			<possibleresult>
				<name>Van</name>
			</possibleresult>
			<points>
				<point>326.000000,677.000000</point>
				<point>315.000000,677.000000</point>
				<point>315.000000,658.000000</point>
				<point>325.000000,658.000000</point>
				<point>326.000000,677.000000</point>
			</points>
		</object>
		<object>
			<coordinate>pixel</coordinate>
			<type>rectangle</type>
			<description>None</description>
			<possibleresult>
				<name>Van</name>
			</possibleresult>
			<points>
				<point>76.000000,642.000000</point>
				<point>55.000000,641.000000</point>
				<point>55.000000,634.000000</point>
				<point>76.000000,635.000000</point>
				<point>76.000000,642.000000</point>
			</points>
		</object>
		<object>
			<coordinate>pixel</coordinate>
			<type>rectangle</type>
			<description>None</description>
			<possibleresult>
				<name>Van</name>
			</possibleresult>
			<points>
				<point>85.000000,652.000000</point>
				<point>84.000000,659.000000</point>
				<point>59.000000,657.000000</point>
				<point>60.000000,651.000000</point>
				<point>85.000000,652.000000</point>
			</points>
		</object>
		<object>
			<coordinate>pixel</coordinate>
			<type>rectangle</type>
			<description>None</description>
			<possibleresult>
				<name>Small Car</name>
			</possibleresult>
			<points>
				<point>84.000000,672.000000</point>
				<point>64.000000,676.000000</point>
				<point>63.000000,669.000000</point>
				<point>82.000000,665.000000</point>
				<point>84.000000,672.000000</point>
			</points>
		</object>
		<object>
			<coordinate>pixel</coordinate>
			<type>rectangle</type>
			<description>None</description>
			<possibleresult>
				<name>Small Car</name>
			</possibleresult>
			<points>
				<point>37.000000,643.000000</point>
				<point>27.000000,643.000000</point>
				<point>28.000000,625.000000</point>
				<point>37.000000,625.000000</point>
				<point>37.000000,643.000000</point>
			</points>
		</object>
		<object>
			<coordinate>pixel</coordinate>
			<type>rectangle</type>
			<description>None</description>
			<possibleresult>
				<name>Van</name>
			</possibleresult>
			<points>
				<point>29.000000,669.000000</point>
				<point>20.000000,669.000000</point>
				<point>20.000000,652.000000</point>
				<point>28.000000,652.000000</point>
				<point>29.000000,669.000000</point>
			</points>
		</object>
		<object>
			<coordinate>pixel</coordinate>
			<type>rectangle</type>
			<description>None</description>
			<possibleresult>
				<name>Small Car</name>
			</possibleresult>
			<points>
				<point>8.000000,616.000000</point>
				<point>0.000000,617.000000</point>
				<point>0.000000,600.000000</point>
				<point>8.000000,599.000000</point>
				<point>8.000000,616.000000</point>
			</points>
		</object>
		<object>
			<coordinate>pixel</coordinate>
			<type>rectangle</type>
			<description>None</description>
			<possibleresult>
				<name>Van</name>
			</possibleresult>
			<points>
				<point>118.000000,544.000000</point>
				<point>98.000000,546.000000</point>
				<point>97.000000,538.000000</point>
				<point>117.000000,536.000000</point>
				<point>118.000000,544.000000</point>
			</points>
		</object>
		<object>
			<coordinate>pixel</coordinate>
			<type>rectangle</type>
			<description>None</description>
			<possibleresult>
				<name>Small Car</name>
			</possibleresult>
			<points>
				<point>9.000000,715.000000</point>
				<point>0.000000,715.000000</point>
				<point>0.000000,708.000000</point>
				<point>9.000000,709.000000</point>
				<point>9.000000,715.000000</point>
			</points>
		</object>
		<object>
			<coordinate>pixel</coordinate>
			<type>rectangle</type>
			<description>None</description>
			<possibleresult>
				<name>Van</name>
			</possibleresult>
			<points>
				<point>74.000000,706.000000</point>
				<point>73.000000,713.000000</point>
				<point>52.000000,713.000000</point>
				<point>52.000000,705.000000</point>
				<point>74.000000,706.000000</point>
			</points>
		</object>
		<object>
			<coordinate>pixel</coordinate>
			<type>rectangle</type>
			<description>None</description>
			<possibleresult>
				<name>Small Car</name>
			</possibleresult>
			<points>
				<point>107.000000,714.000000</point>
				<point>84.000000,714.000000</point>
				<point>85.000000,707.000000</point>
				<point>107.000000,707.000000</point>
				<point>107.000000,714.000000</point>
			</points>
		</object>
		<object>
			<coordinate>pixel</coordinate>
			<type>rectangle</type>
			<description>None</description>
			<possibleresult>
				<name>Van</name>
			</possibleresult>
			<points>
				<point>135.000000,714.000000</point>
				<point>116.000000,713.000000</point>
				<point>116.000000,706.000000</point>
				<point>135.000000,706.000000</point>
				<point>135.000000,714.000000</point>
			</points>
		</object>
		<object>
			<coordinate>pixel</coordinate>
			<type>rectangle</type>
			<description>None</description>
			<possibleresult>
				<name>Van</name>
			</possibleresult>
			<points>
				<point>41.000000,736.000000</point>
				<point>19.000000,736.000000</point>
				<point>19.000000,728.000000</point>
				<point>41.000000,729.000000</point>
				<point>41.000000,736.000000</point>
			</points>
		</object>
		<object>
			<coordinate>pixel</coordinate>
			<type>rectangle</type>
			<description>None</description>
			<possibleresult>
				<name>Small Car</name>
			</possibleresult>
			<points>
				<point>789.000000,771.000000</point>
				<point>781.000000,772.000000</point>
				<point>780.000000,756.000000</point>
				<point>789.000000,756.000000</point>
				<point>789.000000,771.000000</point>
			</points>
		</object>
		<object>
			<coordinate>pixel</coordinate>
			<type>rectangle</type>
			<description>None</description>
			<possibleresult>
				<name>Van</name>
			</possibleresult>
			<points>
				<point>780.000000,829.000000</point>
				<point>771.000000,829.000000</point>
				<point>771.000000,813.000000</point>
				<point>780.000000,813.000000</point>
				<point>780.000000,829.000000</point>
			</points>
		</object>
		<object>
			<coordinate>pixel</coordinate>
			<type>rectangle</type>
			<description>None</description>
			<possibleresult>
				<name>Van</name>
			</possibleresult>
			<points>
				<point>620.000000,794.000000</point>
				<point>607.000000,795.000000</point>
				<point>606.000000,769.000000</point>
				<point>618.000000,769.000000</point>
				<point>620.000000,794.000000</point>
			</points>
		</object>
		<object>
			<coordinate>pixel</coordinate>
			<type>rectangle</type>
			<description>None</description>
			<possibleresult>
				<name>Small Car</name>
			</possibleresult>
			<points>
				<point>552.000000,925.000000</point>
				<point>542.000000,925.000000</point>
				<point>542.000000,907.000000</point>
				<point>552.000000,907.000000</point>
				<point>552.000000,925.000000</point>
			</points>
		</object>
		<object>
			<coordinate>pixel</coordinate>
			<type>rectangle</type>
			<description>None</description>
			<possibleresult>
				<name>Van</name>
			</possibleresult>
			<points>
				<point>16.000000,790.000000</point>
				<point>8.000000,790.000000</point>
				<point>8.000000,775.000000</point>
				<point>16.000000,775.000000</point>
				<point>16.000000,790.000000</point>
			</points>
		</object>
		<object>
			<coordinate>pixel</coordinate>
			<type>rectangle</type>
			<description>None</description>
			<possibleresult>
				<name>Small Car</name>
			</possibleresult>
			<points>
				<point>109.000000,895.000000</point>
				<point>103.000000,901.000000</point>
				<point>88.000000,886.000000</point>
				<point>94.000000,880.000000</point>
				<point>109.000000,895.000000</point>
			</points>
		</object>
		<object>
			<coordinate>pixel</coordinate>
			<type>rectangle</type>
			<description>None</description>
			<possibleresult>
				<name>Van</name>
			</possibleresult>
			<points>
				<point>149.000000,930.000000</point>
				<point>127.000000,934.000000</point>
				<point>126.000000,927.000000</point>
				<point>147.000000,922.000000</point>
				<point>149.000000,930.000000</point>
			</points>
		</object>
		<object>
			<coordinate>pixel</coordinate>
			<type>rectangle</type>
			<description>None</description>
			<possibleresult>
				<name>Van</name>
			</possibleresult>
			<points>
				<point>270.000000,898.000000</point>
				<point>249.000000,899.000000</point>
				<point>249.000000,893.000000</point>
				<point>269.000000,892.000000</point>
				<point>270.000000,898.000000</point>
			</points>
		</object>
		<object>
			<coordinate>pixel</coordinate>
			<type>rectangle</type>
			<description>None</description>
			<possibleresult>
				<name>Van</name>
			</possibleresult>
			<points>
				<point>282.000000,883.000000</point>
				<point>270.000000,884.000000</point>
				<point>269.000000,875.000000</point>
				<point>282.000000,874.000000</point>
				<point>282.000000,883.000000</point>
			</points>
		</object>
		<object>
			<coordinate>pixel</coordinate>
			<type>rectangle</type>
			<description>None</description>
			<possibleresult>
				<name>Excavator</name>
			</possibleresult>
			<points>
				<point>259.000000,879.000000</point>
				<point>258.000000,891.000000</point>
				<point>224.000000,891.000000</point>
				<point>224.000000,879.000000</point>
				<point>259.000000,879.000000</point>
			</points>
		</object>
		<object>
			<coordinate>pixel</coordinate>
			<type>rectangle</type>
			<description>None</description>
			<possibleresult>
				<name>Van</name>
			</possibleresult>
			<points>
				<point>515.000000,995.000000</point>
				<point>506.000000,996.000000</point>
				<point>506.000000,968.000000</point>
				<point>515.000000,968.000000</point>
				<point>515.000000,995.000000</point>
			</points>
		</object>
		<object>
			<coordinate>pixel</coordinate>
			<type>rectangle</type>
			<description>None</description>
			<possibleresult>
				<name>Van</name>
			</possibleresult>
			<points>
				<point>544.000000,931.000000</point>
				<point>543.000000,939.000000</point>
				<point>520.000000,937.000000</point>
				<point>520.000000,930.000000</point>
				<point>544.000000,931.000000</point>
			</points>
		</object>
		<object>
			<coordinate>pixel</coordinate>
			<type>rectangle</type>
			<description>None</description>
			<possibleresult>
				<name>Small Car</name>
			</possibleresult>
			<points>
				<point>617.000000,960.000000</point>
				<point>608.000000,960.000000</point>
				<point>608.000000,939.000000</point>
				<point>617.000000,939.000000</point>
				<point>617.000000,960.000000</point>
			</points>
		</object>
		<object>
			<coordinate>pixel</coordinate>
			<type>rectangle</type>
			<description>None</description>
			<possibleresult>
				<name>Van</name>
			</possibleresult>
			<points>
				<point>671.000000,955.000000</point>
				<point>662.000000,955.000000</point>
				<point>660.000000,939.000000</point>
				<point>669.000000,938.000000</point>
				<point>671.000000,955.000000</point>
			</points>
		</object>
		<object>
			<coordinate>pixel</coordinate>
			<type>rectangle</type>
			<description>None</description>
			<possibleresult>
				<name>Small Car</name>
			</possibleresult>
			<points>
				<point>943.000000,974.000000</point>
				<point>932.000000,974.000000</point>
				<point>932.000000,947.000000</point>
				<point>943.000000,947.000000</point>
				<point>943.000000,974.000000</point>
			</points>
		</object>
		<object>
			<coordinate>pixel</coordinate>
			<type>rectangle</type>
			<description>None</description>
			<possibleresult>
				<name>Van</name>
			</possibleresult>
			<points>
				<point>992.000000,980.000000</point>
				<point>991.000000,997.000000</point>
				<point>982.000000,996.000000</point>
				<point>982.000000,979.000000</point>
				<point>992.000000,980.000000</point>
			</points>
		</object>
		<object>
			<coordinate>pixel</coordinate>
			<type>rectangle</type>
			<description>None</description>
			<possibleresult>
				<name>Truck Tractor</name>
			</possibleresult>
			<points>
				<point>91.000000,43.000000</point>
				<point>77.000000,45.000000</point>
				<point>72.000000,16.000000</point>
				<point>86.000000,14.000000</point>
				<point>91.000000,43.000000</point>
			</points>
		</object>
		<object>
			<coordinate>pixel</coordinate>
			<type>rectangle</type>
			<description>None</description>
			<possibleresult>
				<name>Small Car</name>
			</possibleresult>
			<points>
				<point>423.000000,177.000000</point>
				<point>402.000000,177.000000</point>
				<point>402.000000,172.000000</point>
				<point>423.000000,172.000000</point>
				<point>423.000000,177.000000</point>
			</points>
		</object>
	</objects>
</annotation>