<?xml version="1.0" encoding="utf-8"?>
<annotation>
	<source>
		<filename>11720.tif</filename>
		<origin>GF2/GF3</origin>
	</source>
	<research>
		<version>1.0</version>
		<provider>FAIR1M</provider>
		<author>Cyber</author>
		<pluginname>FAIR1M</pluginname>
		<pluginclass>object detection</pluginclass>
		<time>2021-07-21</time>
	</research>
	<size>
		<width>1000</width>
		<height>1000</height>
		<depth>3</depth>
	</size>
	<objects>
		<object>
			<coordinate>pixel</coordinate>
			<type>rectangle</type>
			<description>None</description>
			<possibleresult>
				<name>A321</name>
			</possibleresult>
			<points>
				<point>46.000000,949.000000</point>
				<point>10.000000,978.000000</point>
				<point>46.000000,1021.000000</point>
				<point>81.000000,992.000000</point>
				<point>46.000000,949.000000</point>
			</points>
		</object>
		<object>
			<coordinate>pixel</coordinate>
			<type>rectangle</type>
			<description>None</description>
			<possibleresult>
				<name>Boeing747</name>
			</possibleresult>
			<points>
				<point>135.000000,937.000000</point>
				<point>131.000000,850.000000</point>
				<point>48.000000,854.000000</point>
				<point>52.000000,941.000000</point>
				<point>135.000000,937.000000</point>
			</points>
		</object>
	</objects>
</annotation>