<?xml version="1.0" encoding="utf-8"?>
<annotation>
	<source>
		<filename>11747.tif</filename>
		<origin>GF2/GF3</origin>
	</source>
	<research>
		<version>1.0</version>
		<provider>FAIR1M</provider>
		<author>Cyber</author>
		<pluginname>FAIR1M</pluginname>
		<pluginclass>object detection</pluginclass>
		<time>2021-07-21</time>
	</research>
	<size>
		<width>1000</width>
		<height>1000</height>
		<depth>3</depth>
	</size>
	<objects>
		<object>
			<coordinate>pixel</coordinate>
			<type>rectangle</type>
			<description>None</description>
			<possibleresult>
				<name>A220</name>
			</possibleresult>
			<points>
				<point>561.000000,504.000000</point>
				<point>605.000000,469.000000</point>
				<point>576.000000,432.000000</point>
				<point>532.000000,467.000000</point>
				<point>561.000000,504.000000</point>
			</points>
		</object>
		<object>
			<coordinate>pixel</coordinate>
			<type>rectangle</type>
			<description>None</description>
			<possibleresult>
				<name>A220</name>
			</possibleresult>
			<points>
				<point>934.000000,201.000000</point>
				<point>975.000000,169.000000</point>
				<point>948.000000,137.000000</point>
				<point>909.000000,169.000000</point>
				<point>934.000000,201.000000</point>
			</points>
		</object>
		<object>
			<coordinate>pixel</coordinate>
			<type>rectangle</type>
			<description>None</description>
			<possibleresult>
				<name>A220</name>
			</possibleresult>
			<points>
				<point>965.000000,245.000000</point>
				<point>1005.000000,213.000000</point>
				<point>978.000000,179.000000</point>
				<point>938.000000,212.000000</point>
				<point>965.000000,245.000000</point>
			</points>
		</object>
		<object>
			<coordinate>pixel</coordinate>
			<type>rectangle</type>
			<description>None</description>
			<possibleresult>
				<name>A321</name>
			</possibleresult>
			<points>
				<point>921.000000,771.000000</point>
				<point>909.000000,828.000000</point>
				<point>959.000000,838.000000</point>
				<point>971.000000,781.000000</point>
				<point>921.000000,771.000000</point>
			</points>
		</object>
		<object>
			<coordinate>pixel</coordinate>
			<type>rectangle</type>
			<description>None</description>
			<possibleresult>
				<name>A350</name>
			</possibleresult>
			<points>
				<point>1026.000000,946.000000</point>
				<point>967.000000,872.000000</point>
				<point>898.000000,929.000000</point>
				<point>957.000000,1002.000000</point>
				<point>1026.000000,946.000000</point>
			</points>
		</object>
		<object>
			<coordinate>pixel</coordinate>
			<type>rectangle</type>
			<description>None</description>
			<possibleresult>
				<name>A330</name>
			</possibleresult>
			<points>
				<point>86.000000,237.000000</point>
				<point>144.000000,179.000000</point>
				<point>90.000000,125.000000</point>
				<point>32.000000,182.000000</point>
				<point>86.000000,237.000000</point>
			</points>
		</object>
		<object>
			<coordinate>pixel</coordinate>
			<type>rectangle</type>
			<description>None</description>
			<possibleresult>
				<name>Basketball Court</name>
			</possibleresult>
			<points>
				<point>735.000000,813.000000</point>
				<point>750.000000,801.000000</point>
				<point>726.000000,770.000000</point>
				<point>711.000000,783.000000</point>
				<point>735.000000,813.000000</point>
			</points>
		</object>
		<object>
			<coordinate>pixel</coordinate>
			<type>rectangle</type>
			<description>None</description>
			<possibleresult>
				<name>Basketball Court</name>
			</possibleresult>
			<points>
				<point>750.000000,799.000000</point>
				<point>765.000000,786.000000</point>
				<point>743.000000,758.000000</point>
				<point>727.000000,770.000000</point>
				<point>750.000000,799.000000</point>
			</points>
		</object>
	</objects>
</annotation>