<?xml version="1.0" encoding="utf-8"?>
<annotation>
	<source>
		<filename>11752.tif</filename>
		<origin>GF2/GF3</origin>
	</source>
	<research>
		<version>1.0</version>
		<provider>FAIR1M</provider>
		<author>Cyber</author>
		<pluginname>FAIR1M</pluginname>
		<pluginclass>object detection</pluginclass>
		<time>2021-07-21</time>
	</research>
	<size>
		<width>800</width>
		<height>600</height>
		<depth>4</depth>
	</size>
	<objects>
		<object>
			<coordinate>pixel</coordinate>
			<type>rectangle</type>
			<description>None</description>
			<possibleresult>
				<name>Van</name>
			</possibleresult>
			<points>
				<point>33.000000,17.000000</point>
				<point>25.000000,18.000000</point>
				<point>24.000000,0.000000</point>
				<point>32.000000,0.000000</point>
				<point>33.000000,17.000000</point>
			</points>
		</object>
		<object>
			<coordinate>pixel</coordinate>
			<type>rectangle</type>
			<description>None</description>
			<possibleresult>
				<name>Small Car</name>
			</possibleresult>
			<points>
				<point>57.000000,33.000000</point>
				<point>50.000000,33.000000</point>
				<point>49.000000,14.000000</point>
				<point>56.000000,14.000000</point>
				<point>57.000000,33.000000</point>
			</points>
		</object>
		<object>
			<coordinate>pixel</coordinate>
			<type>rectangle</type>
			<description>None</description>
			<possibleresult>
				<name>Van</name>
			</possibleresult>
			<points>
				<point>80.000000,45.000000</point>
				<point>73.000000,46.000000</point>
				<point>69.000000,29.000000</point>
				<point>77.000000,28.000000</point>
				<point>80.000000,45.000000</point>
			</points>
		</object>
		<object>
			<coordinate>pixel</coordinate>
			<type>rectangle</type>
			<description>None</description>
			<possibleresult>
				<name>Small Car</name>
			</possibleresult>
			<points>
				<point>156.000000,24.000000</point>
				<point>152.000000,30.000000</point>
				<point>136.000000,19.000000</point>
				<point>140.000000,13.000000</point>
				<point>156.000000,24.000000</point>
			</points>
		</object>
		<object>
			<coordinate>pixel</coordinate>
			<type>rectangle</type>
			<description>None</description>
			<possibleresult>
				<name>Small Car</name>
			</possibleresult>
			<points>
				<point>129.000000,62.000000</point>
				<point>125.000000,69.000000</point>
				<point>109.000000,59.000000</point>
				<point>113.000000,53.000000</point>
				<point>129.000000,62.000000</point>
			</points>
		</object>
		<object>
			<coordinate>pixel</coordinate>
			<type>rectangle</type>
			<description>None</description>
			<possibleresult>
				<name>Cargo Truck</name>
			</possibleresult>
			<points>
				<point>87.000000,146.000000</point>
				<point>70.000000,175.000000</point>
				<point>60.000000,169.000000</point>
				<point>77.000000,140.000000</point>
				<point>87.000000,146.000000</point>
			</points>
		</object>
		<object>
			<coordinate>pixel</coordinate>
			<type>rectangle</type>
			<description>None</description>
			<possibleresult>
				<name>Small Car</name>
			</possibleresult>
			<points>
				<point>161.000000,153.000000</point>
				<point>146.000000,169.000000</point>
				<point>141.000000,164.000000</point>
				<point>156.000000,148.000000</point>
				<point>161.000000,153.000000</point>
			</points>
		</object>
		<object>
			<coordinate>pixel</coordinate>
			<type>rectangle</type>
			<description>None</description>
			<possibleresult>
				<name>Van</name>
			</possibleresult>
			<points>
				<point>170.000000,161.000000</point>
				<point>158.000000,175.000000</point>
				<point>154.000000,171.000000</point>
				<point>165.000000,157.000000</point>
				<point>170.000000,161.000000</point>
			</points>
		</object>
		<object>
			<coordinate>pixel</coordinate>
			<type>rectangle</type>
			<description>None</description>
			<possibleresult>
				<name>Van</name>
			</possibleresult>
			<points>
				<point>164.000000,206.000000</point>
				<point>151.000000,221.000000</point>
				<point>144.000000,215.000000</point>
				<point>157.000000,200.000000</point>
				<point>164.000000,206.000000</point>
			</points>
		</object>
		<object>
			<coordinate>pixel</coordinate>
			<type>rectangle</type>
			<description>None</description>
			<possibleresult>
				<name>Cargo Truck</name>
			</possibleresult>
			<points>
				<point>103.000000,294.000000</point>
				<point>98.000000,304.000000</point>
				<point>66.000000,291.000000</point>
				<point>70.000000,281.000000</point>
				<point>103.000000,294.000000</point>
			</points>
		</object>
		<object>
			<coordinate>pixel</coordinate>
			<type>rectangle</type>
			<description>None</description>
			<possibleresult>
				<name>Cargo Truck</name>
			</possibleresult>
			<points>
				<point>51.000000,297.000000</point>
				<point>42.000000,318.000000</point>
				<point>32.000000,314.000000</point>
				<point>41.000000,293.000000</point>
				<point>51.000000,297.000000</point>
			</points>
		</object>
		<object>
			<coordinate>pixel</coordinate>
			<type>rectangle</type>
			<description>None</description>
			<possibleresult>
				<name>Cargo Truck</name>
			</possibleresult>
			<points>
				<point>38.000000,290.000000</point>
				<point>27.000000,315.000000</point>
				<point>19.000000,311.000000</point>
				<point>30.000000,286.000000</point>
				<point>38.000000,290.000000</point>
			</points>
		</object>
		<object>
			<coordinate>pixel</coordinate>
			<type>rectangle</type>
			<description>None</description>
			<possibleresult>
				<name>Cargo Truck</name>
			</possibleresult>
			<points>
				<point>25.000000,286.000000</point>
				<point>13.000000,311.000000</point>
				<point>2.000000,306.000000</point>
				<point>13.000000,281.000000</point>
				<point>25.000000,286.000000</point>
			</points>
		</object>
		<object>
			<coordinate>pixel</coordinate>
			<type>rectangle</type>
			<description>None</description>
			<possibleresult>
				<name>Small Car</name>
			</possibleresult>
			<points>
				<point>262.000000,33.000000</point>
				<point>250.000000,32.000000</point>
				<point>251.000000,26.000000</point>
				<point>262.000000,27.000000</point>
				<point>262.000000,33.000000</point>
			</points>
		</object>
		<object>
			<coordinate>pixel</coordinate>
			<type>rectangle</type>
			<description>None</description>
			<possibleresult>
				<name>Van</name>
			</possibleresult>
			<points>
				<point>280.000000,3.000000</point>
				<point>275.000000,23.000000</point>
				<point>267.000000,20.000000</point>
				<point>272.000000,0.000000</point>
				<point>280.000000,3.000000</point>
			</points>
		</object>
		<object>
			<coordinate>pixel</coordinate>
			<type>rectangle</type>
			<description>None</description>
			<possibleresult>
				<name>Van</name>
			</possibleresult>
			<points>
				<point>296.000000,0.000000</point>
				<point>291.000000,21.000000</point>
				<point>283.000000,19.000000</point>
				<point>286.000000,0.000000</point>
				<point>296.000000,0.000000</point>
			</points>
		</object>
		<object>
			<coordinate>pixel</coordinate>
			<type>rectangle</type>
			<description>None</description>
			<possibleresult>
				<name>Van</name>
			</possibleresult>
			<points>
				<point>319.000000,9.000000</point>
				<point>312.000000,25.000000</point>
				<point>305.000000,22.000000</point>
				<point>312.000000,6.000000</point>
				<point>319.000000,9.000000</point>
			</points>
		</object>
		<object>
			<coordinate>pixel</coordinate>
			<type>rectangle</type>
			<description>None</description>
			<possibleresult>
				<name>Dump Truck</name>
			</possibleresult>
			<points>
				<point>342.000000,6.000000</point>
				<point>341.000000,27.000000</point>
				<point>332.000000,27.000000</point>
				<point>333.000000,6.000000</point>
				<point>342.000000,6.000000</point>
			</points>
		</object>
		<object>
			<coordinate>pixel</coordinate>
			<type>rectangle</type>
			<description>None</description>
			<possibleresult>
				<name>other-vehicle</name>
			</possibleresult>
			<points>
				<point>390.000000,11.000000</point>
				<point>387.000000,24.000000</point>
				<point>381.000000,22.000000</point>
				<point>385.000000,10.000000</point>
				<point>390.000000,11.000000</point>
			</points>
		</object>
		<object>
			<coordinate>pixel</coordinate>
			<type>rectangle</type>
			<description>None</description>
			<possibleresult>
				<name>Dump Truck</name>
			</possibleresult>
			<points>
				<point>401.000000,10.000000</point>
				<point>398.000000,25.000000</point>
				<point>391.000000,24.000000</point>
				<point>393.000000,9.000000</point>
				<point>401.000000,10.000000</point>
			</points>
		</object>
		<object>
			<coordinate>pixel</coordinate>
			<type>rectangle</type>
			<description>None</description>
			<possibleresult>
				<name>Van</name>
			</possibleresult>
			<points>
				<point>336.000000,47.000000</point>
				<point>335.000000,56.000000</point>
				<point>315.000000,53.000000</point>
				<point>316.000000,44.000000</point>
				<point>336.000000,47.000000</point>
			</points>
		</object>
		<object>
			<coordinate>pixel</coordinate>
			<type>rectangle</type>
			<description>None</description>
			<possibleresult>
				<name>other-vehicle</name>
			</possibleresult>
			<points>
				<point>559.000000,89.000000</point>
				<point>546.000000,99.000000</point>
				<point>542.000000,95.000000</point>
				<point>556.000000,85.000000</point>
				<point>559.000000,89.000000</point>
			</points>
		</object>
		<object>
			<coordinate>pixel</coordinate>
			<type>rectangle</type>
			<description>None</description>
			<possibleresult>
				<name>Van</name>
			</possibleresult>
			<points>
				<point>567.000000,97.000000</point>
				<point>552.000000,109.000000</point>
				<point>547.000000,104.000000</point>
				<point>563.000000,92.000000</point>
				<point>567.000000,97.000000</point>
			</points>
		</object>
		<object>
			<coordinate>pixel</coordinate>
			<type>rectangle</type>
			<description>None</description>
			<possibleresult>
				<name>Van</name>
			</possibleresult>
			<points>
				<point>549.000000,115.000000</point>
				<point>536.000000,129.000000</point>
				<point>530.000000,124.000000</point>
				<point>543.000000,109.000000</point>
				<point>549.000000,115.000000</point>
			</points>
		</object>
		<object>
			<coordinate>pixel</coordinate>
			<type>rectangle</type>
			<description>None</description>
			<possibleresult>
				<name>Dump Truck</name>
			</possibleresult>
			<points>
				<point>544.000000,103.000000</point>
				<point>526.000000,121.000000</point>
				<point>521.000000,117.000000</point>
				<point>539.000000,98.000000</point>
				<point>544.000000,103.000000</point>
			</points>
		</object>
		<object>
			<coordinate>pixel</coordinate>
			<type>rectangle</type>
			<description>None</description>
			<possibleresult>
				<name>Dump Truck</name>
			</possibleresult>
			<points>
				<point>517.000000,112.000000</point>
				<point>505.000000,132.000000</point>
				<point>497.000000,127.000000</point>
				<point>510.000000,107.000000</point>
				<point>517.000000,112.000000</point>
			</points>
		</object>
		<object>
			<coordinate>pixel</coordinate>
			<type>rectangle</type>
			<description>None</description>
			<possibleresult>
				<name>Dump Truck</name>
			</possibleresult>
			<points>
				<point>576.000000,138.000000</point>
				<point>559.000000,154.000000</point>
				<point>553.000000,148.000000</point>
				<point>570.000000,132.000000</point>
				<point>576.000000,138.000000</point>
			</points>
		</object>
		<object>
			<coordinate>pixel</coordinate>
			<type>rectangle</type>
			<description>None</description>
			<possibleresult>
				<name>Small Car</name>
			</possibleresult>
			<points>
				<point>269.000000,97.000000</point>
				<point>264.000000,104.000000</point>
				<point>250.000000,94.000000</point>
				<point>254.000000,87.000000</point>
				<point>269.000000,97.000000</point>
			</points>
		</object>
		<object>
			<coordinate>pixel</coordinate>
			<type>rectangle</type>
			<description>None</description>
			<possibleresult>
				<name>Small Car</name>
			</possibleresult>
			<points>
				<point>323.000000,173.000000</point>
				<point>309.000000,185.000000</point>
				<point>303.000000,178.000000</point>
				<point>318.000000,167.000000</point>
				<point>323.000000,173.000000</point>
			</points>
		</object>
		<object>
			<coordinate>pixel</coordinate>
			<type>rectangle</type>
			<description>None</description>
			<possibleresult>
				<name>Small Car</name>
			</possibleresult>
			<points>
				<point>304.000000,214.000000</point>
				<point>290.000000,223.000000</point>
				<point>286.000000,218.000000</point>
				<point>300.000000,208.000000</point>
				<point>304.000000,214.000000</point>
			</points>
		</object>
		<object>
			<coordinate>pixel</coordinate>
			<type>rectangle</type>
			<description>None</description>
			<possibleresult>
				<name>Dump Truck</name>
			</possibleresult>
			<points>
				<point>392.000000,235.000000</point>
				<point>375.000000,251.000000</point>
				<point>370.000000,245.000000</point>
				<point>387.000000,229.000000</point>
				<point>392.000000,235.000000</point>
			</points>
		</object>
		<object>
			<coordinate>pixel</coordinate>
			<type>rectangle</type>
			<description>None</description>
			<possibleresult>
				<name>Van</name>
			</possibleresult>
			<points>
				<point>552.000000,340.000000</point>
				<point>546.000000,345.000000</point>
				<point>535.000000,332.000000</point>
				<point>540.000000,328.000000</point>
				<point>552.000000,340.000000</point>
			</points>
		</object>
		<object>
			<coordinate>pixel</coordinate>
			<type>rectangle</type>
			<description>None</description>
			<possibleresult>
				<name>Van</name>
			</possibleresult>
			<points>
				<point>541.000000,381.000000</point>
				<point>527.000000,393.000000</point>
				<point>522.000000,387.000000</point>
				<point>536.000000,375.000000</point>
				<point>541.000000,381.000000</point>
			</points>
		</object>
		<object>
			<coordinate>pixel</coordinate>
			<type>rectangle</type>
			<description>None</description>
			<possibleresult>
				<name>Van</name>
			</possibleresult>
			<points>
				<point>548.000000,388.000000</point>
				<point>534.000000,400.000000</point>
				<point>529.000000,394.000000</point>
				<point>543.000000,382.000000</point>
				<point>548.000000,388.000000</point>
			</points>
		</object>
		<object>
			<coordinate>pixel</coordinate>
			<type>rectangle</type>
			<description>None</description>
			<possibleresult>
				<name>Van</name>
			</possibleresult>
			<points>
				<point>554.000000,396.000000</point>
				<point>541.000000,408.000000</point>
				<point>535.000000,403.000000</point>
				<point>548.000000,390.000000</point>
				<point>554.000000,396.000000</point>
			</points>
		</object>
		<object>
			<coordinate>pixel</coordinate>
			<type>rectangle</type>
			<description>None</description>
			<possibleresult>
				<name>Van</name>
			</possibleresult>
			<points>
				<point>565.000000,400.000000</point>
				<point>550.000000,415.000000</point>
				<point>543.000000,408.000000</point>
				<point>558.000000,393.000000</point>
				<point>565.000000,400.000000</point>
			</points>
		</object>
		<object>
			<coordinate>pixel</coordinate>
			<type>rectangle</type>
			<description>None</description>
			<possibleresult>
				<name>Van</name>
			</possibleresult>
			<points>
				<point>572.000000,409.000000</point>
				<point>560.000000,421.000000</point>
				<point>554.000000,415.000000</point>
				<point>566.000000,403.000000</point>
				<point>572.000000,409.000000</point>
			</points>
		</object>
		<object>
			<coordinate>pixel</coordinate>
			<type>rectangle</type>
			<description>None</description>
			<possibleresult>
				<name>Van</name>
			</possibleresult>
			<points>
				<point>668.000000,444.000000</point>
				<point>661.000000,450.000000</point>
				<point>650.000000,437.000000</point>
				<point>656.000000,431.000000</point>
				<point>668.000000,444.000000</point>
			</points>
		</object>
	</objects>
</annotation>