<?xml version="1.0" encoding="utf-8"?>
<annotation>
	<source>
		<filename>11815.tif</filename>
		<origin>GF2/GF3</origin>
	</source>
	<research>
		<version>1.0</version>
		<provider>FAIR1M</provider>
		<author>Cyber</author>
		<pluginname>FAIR1M</pluginname>
		<pluginclass>object detection</pluginclass>
		<time>2021-07-21</time>
	</research>
	<size>
		<width>600</width>
		<height>800</height>
		<depth>3</depth>
	</size>
	<objects>
		<object>
			<coordinate>pixel</coordinate>
			<type>rectangle</type>
			<description>None</description>
			<possibleresult>
				<name>Dry Cargo Ship</name>
			</possibleresult>
			<points>
				<point>159.000000,715.000000</point>
				<point>48.000000,715.000000</point>
				<point>48.000000,701.000000</point>
				<point>159.000000,701.000000</point>
				<point>159.000000,715.000000</point>
			</points>
		</object>
		<object>
			<coordinate>pixel</coordinate>
			<type>rectangle</type>
			<description>None</description>
			<possibleresult>
				<name>Dry Cargo Ship</name>
			</possibleresult>
			<points>
				<point>155.999985,698.999939</point>
				<point>62.000000,698.999939</point>
				<point>62.000000,686.999939</point>
				<point>155.999985,686.999939</point>
				<point>155.999985,698.999939</point>
			</points>
		</object>
		<object>
			<coordinate>pixel</coordinate>
			<type>rectangle</type>
			<description>None</description>
			<possibleresult>
				<name>Dry Cargo Ship</name>
			</possibleresult>
			<points>
				<point>169.000000,686.000000</point>
				<point>52.000000,687.000000</point>
				<point>52.000000,673.000000</point>
				<point>169.000000,671.000000</point>
				<point>169.000000,686.000000</point>
			</points>
		</object>
		<object>
			<coordinate>pixel</coordinate>
			<type>rectangle</type>
			<description>None</description>
			<possibleresult>
				<name>Dry Cargo Ship</name>
			</possibleresult>
			<points>
				<point>166.000000,671.000000</point>
				<point>54.000000,671.000000</point>
				<point>54.000000,657.000000</point>
				<point>166.000000,657.000000</point>
				<point>166.000000,671.000000</point>
			</points>
		</object>
	</objects>
</annotation>