<?xml version="1.0" encoding="utf-8"?>
<annotation>
	<source>
		<filename>11818.tif</filename>
		<origin>GF2/GF3</origin>
	</source>
	<research>
		<version>1.0</version>
		<provider>FAIR1M</provider>
		<author>Cyber</author>
		<pluginname>FAIR1M</pluginname>
		<pluginclass>object detection</pluginclass>
		<time>2021-07-21</time>
	</research>
	<size>
		<width>600</width>
		<height>800</height>
		<depth>4</depth>
	</size>
	<objects>
		<object>
			<coordinate>pixel</coordinate>
			<type>rectangle</type>
			<description>None</description>
			<possibleresult>
				<name>Small Car</name>
			</possibleresult>
			<points>
				<point>53.000000,565.000000</point>
				<point>42.000000,565.000000</point>
				<point>43.000000,549.000000</point>
				<point>53.000000,549.000000</point>
				<point>53.000000,565.000000</point>
			</points>
		</object>
		<object>
			<coordinate>pixel</coordinate>
			<type>rectangle</type>
			<description>None</description>
			<possibleresult>
				<name>Van</name>
			</possibleresult>
			<points>
				<point>54.000000,545.000000</point>
				<point>45.000000,545.000000</point>
				<point>45.000000,527.000000</point>
				<point>54.000000,527.000000</point>
				<point>54.000000,545.000000</point>
			</points>
		</object>
		<object>
			<coordinate>pixel</coordinate>
			<type>rectangle</type>
			<description>None</description>
			<possibleresult>
				<name>Small Car</name>
			</possibleresult>
			<points>
				<point>52.000000,523.000000</point>
				<point>42.000000,523.000000</point>
				<point>42.000000,509.000000</point>
				<point>51.000000,509.000000</point>
				<point>52.000000,523.000000</point>
			</points>
		</object>
		<object>
			<coordinate>pixel</coordinate>
			<type>rectangle</type>
			<description>None</description>
			<possibleresult>
				<name>Van</name>
			</possibleresult>
			<points>
				<point>54.000000,507.000000</point>
				<point>46.000000,508.000000</point>
				<point>45.000000,493.000000</point>
				<point>53.000000,492.000000</point>
				<point>54.000000,507.000000</point>
			</points>
		</object>
		<object>
			<coordinate>pixel</coordinate>
			<type>rectangle</type>
			<description>None</description>
			<possibleresult>
				<name>Small Car</name>
			</possibleresult>
			<points>
				<point>54.000000,480.000000</point>
				<point>44.000000,480.000000</point>
				<point>44.000000,464.000000</point>
				<point>54.000000,464.000000</point>
				<point>54.000000,480.000000</point>
			</points>
		</object>
		<object>
			<coordinate>pixel</coordinate>
			<type>rectangle</type>
			<description>None</description>
			<possibleresult>
				<name>Small Car</name>
			</possibleresult>
			<points>
				<point>41.000000,415.000000</point>
				<point>19.000000,416.000000</point>
				<point>19.000000,411.000000</point>
				<point>40.000000,410.000000</point>
				<point>41.000000,415.000000</point>
			</points>
		</object>
		<object>
			<coordinate>pixel</coordinate>
			<type>rectangle</type>
			<description>None</description>
			<possibleresult>
				<name>Small Car</name>
			</possibleresult>
			<points>
				<point>122.000000,357.000000</point>
				<point>113.000000,357.000000</point>
				<point>113.000000,343.000000</point>
				<point>122.000000,343.000000</point>
				<point>122.000000,357.000000</point>
			</points>
		</object>
		<object>
			<coordinate>pixel</coordinate>
			<type>rectangle</type>
			<description>None</description>
			<possibleresult>
				<name>Van</name>
			</possibleresult>
			<points>
				<point>123.000000,336.000000</point>
				<point>112.000000,336.000000</point>
				<point>112.000000,317.000000</point>
				<point>123.000000,317.000000</point>
				<point>123.000000,336.000000</point>
			</points>
		</object>
		<object>
			<coordinate>pixel</coordinate>
			<type>rectangle</type>
			<description>None</description>
			<possibleresult>
				<name>Small Car</name>
			</possibleresult>
			<points>
				<point>52.000000,398.000000</point>
				<point>44.000000,398.000000</point>
				<point>44.000000,383.000000</point>
				<point>52.000000,384.000000</point>
				<point>52.000000,398.000000</point>
			</points>
		</object>
		<object>
			<coordinate>pixel</coordinate>
			<type>rectangle</type>
			<description>None</description>
			<possibleresult>
				<name>Small Car</name>
			</possibleresult>
			<points>
				<point>52.000000,380.000000</point>
				<point>43.000000,380.000000</point>
				<point>43.000000,366.000000</point>
				<point>52.000000,366.000000</point>
				<point>52.000000,380.000000</point>
			</points>
		</object>
		<object>
			<coordinate>pixel</coordinate>
			<type>rectangle</type>
			<description>None</description>
			<possibleresult>
				<name>Small Car</name>
			</possibleresult>
			<points>
				<point>54.000000,360.000000</point>
				<point>45.000000,360.000000</point>
				<point>45.000000,343.000000</point>
				<point>54.000000,343.000000</point>
				<point>54.000000,360.000000</point>
			</points>
		</object>
		<object>
			<coordinate>pixel</coordinate>
			<type>rectangle</type>
			<description>None</description>
			<possibleresult>
				<name>Van</name>
			</possibleresult>
			<points>
				<point>54.000000,338.000000</point>
				<point>44.000000,338.000000</point>
				<point>44.000000,322.000000</point>
				<point>54.000000,322.000000</point>
				<point>54.000000,338.000000</point>
			</points>
		</object>
		<object>
			<coordinate>pixel</coordinate>
			<type>rectangle</type>
			<description>None</description>
			<possibleresult>
				<name>Van</name>
			</possibleresult>
			<points>
				<point>55.000000,264.000000</point>
				<point>45.000000,264.000000</point>
				<point>44.000000,248.000000</point>
				<point>54.000000,248.000000</point>
				<point>55.000000,264.000000</point>
			</points>
		</object>
		<object>
			<coordinate>pixel</coordinate>
			<type>rectangle</type>
			<description>None</description>
			<possibleresult>
				<name>Small Car</name>
			</possibleresult>
			<points>
				<point>55.000000,230.000000</point>
				<point>54.000000,246.000000</point>
				<point>44.000000,245.000000</point>
				<point>45.000000,230.000000</point>
				<point>55.000000,230.000000</point>
			</points>
		</object>
		<object>
			<coordinate>pixel</coordinate>
			<type>rectangle</type>
			<description>None</description>
			<possibleresult>
				<name>Intersection</name>
			</possibleresult>
			<points>
				<point>168.000000,89.000000</point>
				<point>22.000000,96.000000</point>
				<point>18.000000,18.000000</point>
				<point>165.000000,12.000000</point>
				<point>168.000000,89.000000</point>
			</points>
		</object>
		<object>
			<coordinate>pixel</coordinate>
			<type>rectangle</type>
			<description>None</description>
			<possibleresult>
				<name>Van</name>
			</possibleresult>
			<points>
				<point>536.000000,78.000000</point>
				<point>514.000000,78.000000</point>
				<point>514.000000,71.000000</point>
				<point>536.000000,70.000000</point>
				<point>536.000000,78.000000</point>
			</points>
		</object>
		<object>
			<coordinate>pixel</coordinate>
			<type>rectangle</type>
			<description>None</description>
			<possibleresult>
				<name>Dump Truck</name>
			</possibleresult>
			<points>
				<point>452.000000,45.000000</point>
				<point>430.000000,46.000000</point>
				<point>430.000000,39.000000</point>
				<point>451.000000,39.000000</point>
				<point>452.000000,45.000000</point>
			</points>
		</object>
		<object>
			<coordinate>pixel</coordinate>
			<type>rectangle</type>
			<description>None</description>
			<possibleresult>
				<name>Van</name>
			</possibleresult>
			<points>
				<point>489.000000,76.000000</point>
				<point>467.000000,76.000000</point>
				<point>467.000000,70.000000</point>
				<point>489.000000,69.000000</point>
				<point>489.000000,76.000000</point>
			</points>
		</object>
		<object>
			<coordinate>pixel</coordinate>
			<type>rectangle</type>
			<description>None</description>
			<possibleresult>
				<name>Van</name>
			</possibleresult>
			<points>
				<point>466.000000,76.000000</point>
				<point>441.000000,77.000000</point>
				<point>441.000000,70.000000</point>
				<point>466.000000,70.000000</point>
				<point>466.000000,76.000000</point>
			</points>
		</object>
		<object>
			<coordinate>pixel</coordinate>
			<type>rectangle</type>
			<description>None</description>
			<possibleresult>
				<name>Van</name>
			</possibleresult>
			<points>
				<point>384.000000,44.000000</point>
				<point>366.000000,44.000000</point>
				<point>366.000000,38.000000</point>
				<point>384.000000,38.000000</point>
				<point>384.000000,44.000000</point>
			</points>
		</object>
		<object>
			<coordinate>pixel</coordinate>
			<type>rectangle</type>
			<description>None</description>
			<possibleresult>
				<name>Small Car</name>
			</possibleresult>
			<points>
				<point>359.000000,44.000000</point>
				<point>340.000000,43.000000</point>
				<point>340.000000,37.000000</point>
				<point>359.000000,38.000000</point>
				<point>359.000000,44.000000</point>
			</points>
		</object>
		<object>
			<coordinate>pixel</coordinate>
			<type>rectangle</type>
			<description>None</description>
			<possibleresult>
				<name>Van</name>
			</possibleresult>
			<points>
				<point>336.000000,44.000000</point>
				<point>315.000000,44.000000</point>
				<point>315.000000,38.000000</point>
				<point>335.000000,37.000000</point>
				<point>336.000000,44.000000</point>
			</points>
		</object>
		<object>
			<coordinate>pixel</coordinate>
			<type>rectangle</type>
			<description>None</description>
			<possibleresult>
				<name>Van</name>
			</possibleresult>
			<points>
				<point>304.000000,44.000000</point>
				<point>286.000000,44.000000</point>
				<point>286.000000,38.000000</point>
				<point>304.000000,38.000000</point>
				<point>304.000000,44.000000</point>
			</points>
		</object>
		<object>
			<coordinate>pixel</coordinate>
			<type>rectangle</type>
			<description>None</description>
			<possibleresult>
				<name>Small Car</name>
			</possibleresult>
			<points>
				<point>307.000000,77.000000</point>
				<point>287.000000,78.000000</point>
				<point>287.000000,72.000000</point>
				<point>306.000000,72.000000</point>
				<point>307.000000,77.000000</point>
			</points>
		</object>
		<object>
			<coordinate>pixel</coordinate>
			<type>rectangle</type>
			<description>None</description>
			<possibleresult>
				<name>Small Car</name>
			</possibleresult>
			<points>
				<point>284.000000,78.000000</point>
				<point>263.000000,79.000000</point>
				<point>263.000000,72.000000</point>
				<point>284.000000,72.000000</point>
				<point>284.000000,78.000000</point>
			</points>
		</object>
		<object>
			<coordinate>pixel</coordinate>
			<type>rectangle</type>
			<description>None</description>
			<possibleresult>
				<name>Small Car</name>
			</possibleresult>
			<points>
				<point>252.000000,77.000000</point>
				<point>234.000000,77.000000</point>
				<point>234.000000,72.000000</point>
				<point>252.000000,72.000000</point>
				<point>252.000000,77.000000</point>
			</points>
		</object>
		<object>
			<coordinate>pixel</coordinate>
			<type>rectangle</type>
			<description>None</description>
			<possibleresult>
				<name>Small Car</name>
			</possibleresult>
			<points>
				<point>221.000000,67.000000</point>
				<point>202.000000,67.000000</point>
				<point>202.000000,61.000000</point>
				<point>221.000000,61.000000</point>
				<point>221.000000,67.000000</point>
			</points>
		</object>
		<object>
			<coordinate>pixel</coordinate>
			<type>rectangle</type>
			<description>None</description>
			<possibleresult>
				<name>Van</name>
			</possibleresult>
			<points>
				<point>227.000000,78.000000</point>
				<point>207.000000,78.000000</point>
				<point>207.000000,72.000000</point>
				<point>227.000000,73.000000</point>
				<point>227.000000,78.000000</point>
			</points>
		</object>
		<object>
			<coordinate>pixel</coordinate>
			<type>rectangle</type>
			<description>None</description>
			<possibleresult>
				<name>Van</name>
			</possibleresult>
			<points>
				<point>189.000000,68.000000</point>
				<point>163.000000,68.000000</point>
				<point>162.000000,61.000000</point>
				<point>189.000000,60.000000</point>
				<point>189.000000,68.000000</point>
			</points>
		</object>
		<object>
			<coordinate>pixel</coordinate>
			<type>rectangle</type>
			<description>None</description>
			<possibleresult>
				<name>Dump Truck</name>
			</possibleresult>
			<points>
				<point>80.000000,785.000000</point>
				<point>71.000000,785.000000</point>
				<point>70.000000,767.000000</point>
				<point>79.000000,767.000000</point>
				<point>80.000000,785.000000</point>
			</points>
		</object>
		<object>
			<coordinate>pixel</coordinate>
			<type>rectangle</type>
			<description>None</description>
			<possibleresult>
				<name>Small Car</name>
			</possibleresult>
			<points>
				<point>121.000000,722.000000</point>
				<point>113.000000,722.000000</point>
				<point>113.000000,704.000000</point>
				<point>121.000000,704.000000</point>
				<point>121.000000,722.000000</point>
			</points>
		</object>
		<object>
			<coordinate>pixel</coordinate>
			<type>rectangle</type>
			<description>None</description>
			<possibleresult>
				<name>Dump Truck</name>
			</possibleresult>
			<points>
				<point>51.000000,702.000000</point>
				<point>42.000000,702.000000</point>
				<point>42.000000,687.000000</point>
				<point>51.000000,687.000000</point>
				<point>51.000000,702.000000</point>
			</points>
		</object>
		<object>
			<coordinate>pixel</coordinate>
			<type>rectangle</type>
			<description>None</description>
			<possibleresult>
				<name>Van</name>
			</possibleresult>
			<points>
				<point>53.000000,678.000000</point>
				<point>43.000000,677.000000</point>
				<point>44.000000,659.000000</point>
				<point>53.000000,660.000000</point>
				<point>53.000000,678.000000</point>
			</points>
		</object>
		<object>
			<coordinate>pixel</coordinate>
			<type>rectangle</type>
			<description>None</description>
			<possibleresult>
				<name>Dump Truck</name>
			</possibleresult>
			<points>
				<point>53.000000,651.000000</point>
				<point>44.000000,651.000000</point>
				<point>44.000000,635.000000</point>
				<point>52.000000,635.000000</point>
				<point>53.000000,651.000000</point>
			</points>
		</object>
		<object>
			<coordinate>pixel</coordinate>
			<type>rectangle</type>
			<description>None</description>
			<possibleresult>
				<name>Van</name>
			</possibleresult>
			<points>
				<point>53.000000,630.000000</point>
				<point>45.000000,630.000000</point>
				<point>45.000000,613.000000</point>
				<point>53.000000,613.000000</point>
				<point>53.000000,630.000000</point>
			</points>
		</object>
		<object>
			<coordinate>pixel</coordinate>
			<type>rectangle</type>
			<description>None</description>
			<possibleresult>
				<name>Small Car</name>
			</possibleresult>
			<points>
				<point>52.000000,611.000000</point>
				<point>43.000000,611.000000</point>
				<point>43.000000,596.000000</point>
				<point>52.000000,596.000000</point>
				<point>52.000000,611.000000</point>
			</points>
		</object>
		<object>
			<coordinate>pixel</coordinate>
			<type>rectangle</type>
			<description>None</description>
			<possibleresult>
				<name>Small Car</name>
			</possibleresult>
			<points>
				<point>122.000000,618.000000</point>
				<point>113.000000,618.000000</point>
				<point>113.000000,602.000000</point>
				<point>121.000000,601.000000</point>
				<point>122.000000,618.000000</point>
			</points>
		</object>
		<object>
			<coordinate>pixel</coordinate>
			<type>rectangle</type>
			<description>None</description>
			<possibleresult>
				<name>Van</name>
			</possibleresult>
			<points>
				<point>121.000000,638.000000</point>
				<point>112.000000,638.000000</point>
				<point>113.000000,621.000000</point>
				<point>121.000000,621.000000</point>
				<point>121.000000,638.000000</point>
			</points>
		</object>
		<object>
			<coordinate>pixel</coordinate>
			<type>rectangle</type>
			<description>None</description>
			<possibleresult>
				<name>Dump Truck</name>
			</possibleresult>
			<points>
				<point>123.000000,558.000000</point>
				<point>122.000000,579.000000</point>
				<point>113.000000,579.000000</point>
				<point>113.000000,558.000000</point>
				<point>123.000000,558.000000</point>
			</points>
		</object>
		<object>
			<coordinate>pixel</coordinate>
			<type>rectangle</type>
			<description>None</description>
			<possibleresult>
				<name>Dump Truck</name>
			</possibleresult>
			<points>
				<point>123.000000,551.000000</point>
				<point>114.000000,551.000000</point>
				<point>114.000000,538.000000</point>
				<point>122.000000,538.000000</point>
				<point>123.000000,551.000000</point>
			</points>
		</object>
		<object>
			<coordinate>pixel</coordinate>
			<type>rectangle</type>
			<description>None</description>
			<possibleresult>
				<name>Van</name>
			</possibleresult>
			<points>
				<point>122.000000,530.000000</point>
				<point>114.000000,531.000000</point>
				<point>113.000000,515.000000</point>
				<point>122.000000,515.000000</point>
				<point>122.000000,530.000000</point>
			</points>
		</object>
		<object>
			<coordinate>pixel</coordinate>
			<type>rectangle</type>
			<description>None</description>
			<possibleresult>
				<name>Van</name>
			</possibleresult>
			<points>
				<point>122.000000,497.000000</point>
				<point>121.000000,513.000000</point>
				<point>111.000000,513.000000</point>
				<point>112.000000,497.000000</point>
				<point>122.000000,497.000000</point>
			</points>
		</object>
		<object>
			<coordinate>pixel</coordinate>
			<type>rectangle</type>
			<description>None</description>
			<possibleresult>
				<name>Small Car</name>
			</possibleresult>
			<points>
				<point>79.000000,525.000000</point>
				<point>77.000000,541.000000</point>
				<point>69.000000,540.000000</point>
				<point>70.000000,524.000000</point>
				<point>79.000000,525.000000</point>
			</points>
		</object>
		<object>
			<coordinate>pixel</coordinate>
			<type>rectangle</type>
			<description>None</description>
			<possibleresult>
				<name>Dump Truck</name>
			</possibleresult>
			<points>
				<point>523.000000,763.000000</point>
				<point>494.000000,763.000000</point>
				<point>494.000000,755.000000</point>
				<point>523.000000,755.000000</point>
				<point>523.000000,763.000000</point>
			</points>
		</object>
		<object>
			<coordinate>pixel</coordinate>
			<type>rectangle</type>
			<description>None</description>
			<possibleresult>
				<name>Van</name>
			</possibleresult>
			<points>
				<point>542.000000,794.000000</point>
				<point>514.000000,796.000000</point>
				<point>514.000000,787.000000</point>
				<point>542.000000,786.000000</point>
				<point>542.000000,794.000000</point>
			</points>
		</object>
		<object>
			<coordinate>pixel</coordinate>
			<type>rectangle</type>
			<description>None</description>
			<possibleresult>
				<name>Van</name>
			</possibleresult>
			<points>
				<point>574.000000,781.000000</point>
				<point>549.000000,782.000000</point>
				<point>548.000000,775.000000</point>
				<point>573.000000,774.000000</point>
				<point>574.000000,781.000000</point>
			</points>
		</object>
		<object>
			<coordinate>pixel</coordinate>
			<type>rectangle</type>
			<description>None</description>
			<possibleresult>
				<name>Small Car</name>
			</possibleresult>
			<points>
				<point>595.000000,792.000000</point>
				<point>573.000000,793.000000</point>
				<point>573.000000,785.000000</point>
				<point>595.000000,785.000000</point>
				<point>595.000000,792.000000</point>
			</points>
		</object>
	</objects>
</annotation>