<?xml version="1.0" encoding="utf-8"?>
<annotation>
	<source>
		<filename>11866.tif</filename>
		<origin>GF2/GF3</origin>
	</source>
	<research>
		<version>1.0</version>
		<provider>FAIR1M</provider>
		<author>Cyber</author>
		<pluginname>FAIR1M</pluginname>
		<pluginclass>object detection</pluginclass>
		<time>2021-07-21</time>
	</research>
	<size>
		<width>700</width>
		<height>700</height>
		<depth>3</depth>
	</size>
	<objects>
		<object>
			<coordinate>pixel</coordinate>
			<type>rectangle</type>
			<description>None</description>
			<possibleresult>
				<name>other-airplane</name>
			</possibleresult>
			<points>
				<point>614.000000,473.000000</point>
				<point>581.000000,488.000000</point>
				<point>569.000000,460.000000</point>
				<point>602.000000,445.000000</point>
				<point>614.000000,473.000000</point>
			</points>
		</object>
	</objects>
</annotation>