<?xml version="1.0" encoding="utf-8"?>
<annotation>
	<source>
		<filename>11950.tif</filename>
		<origin>GF2/GF3</origin>
	</source>
	<research>
		<version>1.0</version>
		<provider>FAIR1M</provider>
		<author>Cyber</author>
		<pluginname>FAIR1M</pluginname>
		<pluginclass>object detection</pluginclass>
		<time>2021-07-21</time>
	</research>
	<size>
		<width>4000</width>
		<height>4000</height>
		<depth>3</depth>
	</size>
	<objects>
		<object>
			<coordinate>pixel</coordinate>
			<type>rectangle</type>
			<description>None</description>
			<possibleresult>
				<name>A321</name>
			</possibleresult>
			<points>
				<point>2381.000000,104.000000</point>
				<point>2418.000000,79.000000</point>
				<point>2390.000000,36.000000</point>
				<point>2353.000000,60.000000</point>
				<point>2381.000000,104.000000</point>
			</points>
		</object>
		<object>
			<coordinate>pixel</coordinate>
			<type>rectangle</type>
			<description>None</description>
			<possibleresult>
				<name>A321</name>
			</possibleresult>
			<points>
				<point>2265.000000,202.000000</point>
				<point>2300.000000,177.000000</point>
				<point>2268.000000,132.000000</point>
				<point>2233.000000,157.000000</point>
				<point>2265.000000,202.000000</point>
			</points>
		</object>
		<object>
			<coordinate>pixel</coordinate>
			<type>rectangle</type>
			<description>None</description>
			<possibleresult>
				<name>A321</name>
			</possibleresult>
			<points>
				<point>2182.000000,214.000000</point>
				<point>2216.000000,186.000000</point>
				<point>2182.000000,145.000000</point>
				<point>2148.000000,172.000000</point>
				<point>2182.000000,214.000000</point>
			</points>
		</object>
		<object>
			<coordinate>pixel</coordinate>
			<type>rectangle</type>
			<description>None</description>
			<possibleresult>
				<name>A321</name>
			</possibleresult>
			<points>
				<point>2153.000000,288.000000</point>
				<point>2186.000000,257.000000</point>
				<point>2149.000000,218.000000</point>
				<point>2116.000000,248.000000</point>
				<point>2153.000000,288.000000</point>
			</points>
		</object>
		<object>
			<coordinate>pixel</coordinate>
			<type>rectangle</type>
			<description>None</description>
			<possibleresult>
				<name>A220</name>
			</possibleresult>
			<points>
				<point>2100.000000,331.000000</point>
				<point>2130.000000,300.000000</point>
				<point>2098.000000,269.000000</point>
				<point>2068.000000,300.000000</point>
				<point>2100.000000,331.000000</point>
			</points>
		</object>
		<object>
			<coordinate>pixel</coordinate>
			<type>rectangle</type>
			<description>None</description>
			<possibleresult>
				<name>A321</name>
			</possibleresult>
			<points>
				<point>2058.000000,386.000000</point>
				<point>2088.000000,349.000000</point>
				<point>2047.000000,316.000000</point>
				<point>2017.000000,354.000000</point>
				<point>2058.000000,386.000000</point>
			</points>
		</object>
		<object>
			<coordinate>pixel</coordinate>
			<type>rectangle</type>
			<description>None</description>
			<possibleresult>
				<name>A220</name>
			</possibleresult>
			<points>
				<point>2010.000000,443.000000</point>
				<point>2031.000000,406.000000</point>
				<point>1989.000000,382.000000</point>
				<point>1968.000000,419.000000</point>
				<point>2010.000000,443.000000</point>
			</points>
		</object>
		<object>
			<coordinate>pixel</coordinate>
			<type>rectangle</type>
			<description>None</description>
			<possibleresult>
				<name>Boeing787</name>
			</possibleresult>
			<points>
				<point>1835.000000,581.000000</point>
				<point>1891.000000,532.000000</point>
				<point>1843.000000,478.000000</point>
				<point>1787.000000,527.000000</point>
				<point>1835.000000,581.000000</point>
			</points>
		</object>
		<object>
			<coordinate>pixel</coordinate>
			<type>rectangle</type>
			<description>None</description>
			<possibleresult>
				<name>A220</name>
			</possibleresult>
			<points>
				<point>1622.000000,632.000000</point>
				<point>1646.000000,667.000000</point>
				<point>1686.000000,639.000000</point>
				<point>1662.000000,604.000000</point>
				<point>1622.000000,632.000000</point>
			</points>
		</object>
		<object>
			<coordinate>pixel</coordinate>
			<type>rectangle</type>
			<description>None</description>
			<possibleresult>
				<name>A321</name>
			</possibleresult>
			<points>
				<point>1827.000000,650.000000</point>
				<point>1857.000000,682.000000</point>
				<point>1896.000000,647.000000</point>
				<point>1866.000000,614.000000</point>
				<point>1827.000000,650.000000</point>
			</points>
		</object>
		<object>
			<coordinate>pixel</coordinate>
			<type>rectangle</type>
			<description>None</description>
			<possibleresult>
				<name>A220</name>
			</possibleresult>
			<points>
				<point>1944.000000,691.000000</point>
				<point>1977.000000,664.000000</point>
				<point>1952.000000,633.000000</point>
				<point>1918.000000,660.000000</point>
				<point>1944.000000,691.000000</point>
			</points>
		</object>
		<object>
			<coordinate>pixel</coordinate>
			<type>rectangle</type>
			<description>None</description>
			<possibleresult>
				<name>Boeing787</name>
			</possibleresult>
			<points>
				<point>1752.000000,852.000000</point>
				<point>1811.000000,805.000000</point>
				<point>1767.000000,750.000000</point>
				<point>1708.000000,797.000000</point>
				<point>1752.000000,852.000000</point>
			</points>
		</object>
		<object>
			<coordinate>pixel</coordinate>
			<type>rectangle</type>
			<description>None</description>
			<possibleresult>
				<name>Boeing777</name>
			</possibleresult>
			<points>
				<point>1748.000000,833.000000</point>
				<point>1669.000000,824.000000</point>
				<point>1661.000000,903.000000</point>
				<point>1740.000000,912.000000</point>
				<point>1748.000000,833.000000</point>
			</points>
		</object>
		<object>
			<coordinate>pixel</coordinate>
			<type>rectangle</type>
			<description>None</description>
			<possibleresult>
				<name>Boeing787</name>
			</possibleresult>
			<points>
				<point>1811.000000,955.000000</point>
				<point>1778.000000,889.000000</point>
				<point>1713.000000,922.000000</point>
				<point>1746.000000,988.000000</point>
				<point>1811.000000,955.000000</point>
			</points>
		</object>
		<object>
			<coordinate>pixel</coordinate>
			<type>rectangle</type>
			<description>None</description>
			<possibleresult>
				<name>A321</name>
			</possibleresult>
			<points>
				<point>1579.000000,159.000000</point>
				<point>1610.000000,195.000000</point>
				<point>1648.000000,162.000000</point>
				<point>1617.000000,126.000000</point>
				<point>1579.000000,159.000000</point>
			</points>
		</object>
		<object>
			<coordinate>pixel</coordinate>
			<type>rectangle</type>
			<description>None</description>
			<possibleresult>
				<name>A321</name>
			</possibleresult>
			<points>
				<point>1957.000000,117.000000</point>
				<point>1923.000000,145.000000</point>
				<point>1957.000000,186.000000</point>
				<point>1991.000000,158.000000</point>
				<point>1957.000000,117.000000</point>
			</points>
		</object>
		<object>
			<coordinate>pixel</coordinate>
			<type>rectangle</type>
			<description>None</description>
			<possibleresult>
				<name>A220</name>
			</possibleresult>
			<points>
				<point>2845.000000,941.000000</point>
				<point>2873.000000,974.000000</point>
				<point>2909.000000,944.000000</point>
				<point>2881.000000,911.000000</point>
				<point>2845.000000,941.000000</point>
			</points>
		</object>
		<object>
			<coordinate>pixel</coordinate>
			<type>rectangle</type>
			<description>None</description>
			<possibleresult>
				<name>A321</name>
			</possibleresult>
			<points>
				<point>3086.000000,946.000000</point>
				<point>3113.000000,978.000000</point>
				<point>3156.000000,942.000000</point>
				<point>3129.000000,910.000000</point>
				<point>3086.000000,946.000000</point>
			</points>
		</object>
		<object>
			<coordinate>pixel</coordinate>
			<type>rectangle</type>
			<description>None</description>
			<possibleresult>
				<name>A220</name>
			</possibleresult>
			<points>
				<point>3176.000000,1053.000000</point>
				<point>3204.000000,1085.000000</point>
				<point>3240.000000,1054.000000</point>
				<point>3212.000000,1021.000000</point>
				<point>3176.000000,1053.000000</point>
			</points>
		</object>
		<object>
			<coordinate>pixel</coordinate>
			<type>rectangle</type>
			<description>None</description>
			<possibleresult>
				<name>A321</name>
			</possibleresult>
			<points>
				<point>3416.000000,967.000000</point>
				<point>3449.000000,1002.000000</point>
				<point>3479.000000,973.000000</point>
				<point>3446.000000,938.000000</point>
				<point>3416.000000,967.000000</point>
			</points>
		</object>
		<object>
			<coordinate>pixel</coordinate>
			<type>rectangle</type>
			<description>None</description>
			<possibleresult>
				<name>A220</name>
			</possibleresult>
			<points>
				<point>3044.000000,1169.000000</point>
				<point>3035.000000,1213.000000</point>
				<point>3081.000000,1223.000000</point>
				<point>3090.000000,1179.000000</point>
				<point>3044.000000,1169.000000</point>
			</points>
		</object>
		<object>
			<coordinate>pixel</coordinate>
			<type>rectangle</type>
			<description>None</description>
			<possibleresult>
				<name>A220</name>
			</possibleresult>
			<points>
				<point>2806.000000,1133.000000</point>
				<point>2779.000000,1098.000000</point>
				<point>2743.000000,1126.000000</point>
				<point>2770.000000,1161.000000</point>
				<point>2806.000000,1133.000000</point>
			</points>
		</object>
		<object>
			<coordinate>pixel</coordinate>
			<type>rectangle</type>
			<description>None</description>
			<possibleresult>
				<name>A220</name>
			</possibleresult>
			<points>
				<point>2761.000000,1087.000000</point>
				<point>2733.000000,1051.000000</point>
				<point>2694.000000,1080.000000</point>
				<point>2722.000000,1117.000000</point>
				<point>2761.000000,1087.000000</point>
			</points>
		</object>
		<object>
			<coordinate>pixel</coordinate>
			<type>rectangle</type>
			<description>None</description>
			<possibleresult>
				<name>A220</name>
			</possibleresult>
			<points>
				<point>2550.000000,1198.000000</point>
				<point>2578.000000,1234.000000</point>
				<point>2612.000000,1207.000000</point>
				<point>2584.000000,1172.000000</point>
				<point>2550.000000,1198.000000</point>
			</points>
		</object>
		<object>
			<coordinate>pixel</coordinate>
			<type>rectangle</type>
			<description>None</description>
			<possibleresult>
				<name>A220</name>
			</possibleresult>
			<points>
				<point>2589.000000,1256.000000</point>
				<point>2616.000000,1289.000000</point>
				<point>2648.000000,1262.000000</point>
				<point>2621.000000,1229.000000</point>
				<point>2589.000000,1256.000000</point>
			</points>
		</object>
		<object>
			<coordinate>pixel</coordinate>
			<type>rectangle</type>
			<description>None</description>
			<possibleresult>
				<name>A321</name>
			</possibleresult>
			<points>
				<point>2707.000000,1482.000000</point>
				<point>2670.000000,1506.000000</point>
				<point>2698.000000,1550.000000</point>
				<point>2735.000000,1526.000000</point>
				<point>2707.000000,1482.000000</point>
			</points>
		</object>
		<object>
			<coordinate>pixel</coordinate>
			<type>rectangle</type>
			<description>None</description>
			<possibleresult>
				<name>A220</name>
			</possibleresult>
			<points>
				<point>2652.000000,1537.000000</point>
				<point>2610.000000,1528.000000</point>
				<point>2599.000000,1574.000000</point>
				<point>2641.000000,1584.000000</point>
				<point>2652.000000,1537.000000</point>
			</points>
		</object>
		<object>
			<coordinate>pixel</coordinate>
			<type>rectangle</type>
			<description>None</description>
			<possibleresult>
				<name>A321</name>
			</possibleresult>
			<points>
				<point>2560.000000,1454.000000</point>
				<point>2533.000000,1420.000000</point>
				<point>2486.000000,1455.000000</point>
				<point>2513.000000,1490.000000</point>
				<point>2560.000000,1454.000000</point>
			</points>
		</object>
		<object>
			<coordinate>pixel</coordinate>
			<type>rectangle</type>
			<description>None</description>
			<possibleresult>
				<name>A321</name>
			</possibleresult>
			<points>
				<point>2603.000000,1510.000000</point>
				<point>2576.000000,1476.000000</point>
				<point>2533.000000,1509.000000</point>
				<point>2560.000000,1544.000000</point>
				<point>2603.000000,1510.000000</point>
			</points>
		</object>
		<object>
			<coordinate>pixel</coordinate>
			<type>rectangle</type>
			<description>None</description>
			<possibleresult>
				<name>other-airplane</name>
			</possibleresult>
			<points>
				<point>2516.000000,1672.000000</point>
				<point>2483.000000,1698.000000</point>
				<point>2508.000000,1730.000000</point>
				<point>2541.000000,1704.000000</point>
				<point>2516.000000,1672.000000</point>
			</points>
		</object>
		<object>
			<coordinate>pixel</coordinate>
			<type>rectangle</type>
			<description>None</description>
			<possibleresult>
				<name>other-airplane</name>
			</possibleresult>
			<points>
				<point>792.000000,1201.000000</point>
				<point>812.000000,1181.000000</point>
				<point>792.000000,1160.000000</point>
				<point>771.000000,1179.000000</point>
				<point>792.000000,1201.000000</point>
			</points>
		</object>
		<object>
			<coordinate>pixel</coordinate>
			<type>rectangle</type>
			<description>None</description>
			<possibleresult>
				<name>other-airplane</name>
			</possibleresult>
			<points>
				<point>716.000000,1259.000000</point>
				<point>737.000000,1242.000000</point>
				<point>718.000000,1219.000000</point>
				<point>697.000000,1236.000000</point>
				<point>716.000000,1259.000000</point>
			</points>
		</object>
		<object>
			<coordinate>pixel</coordinate>
			<type>rectangle</type>
			<description>None</description>
			<possibleresult>
				<name>other-airplane</name>
			</possibleresult>
			<points>
				<point>768.000000,1322.000000</point>
				<point>784.000000,1343.000000</point>
				<point>804.000000,1328.000000</point>
				<point>788.000000,1307.000000</point>
				<point>768.000000,1322.000000</point>
			</points>
		</object>
		<object>
			<coordinate>pixel</coordinate>
			<type>rectangle</type>
			<description>None</description>
			<possibleresult>
				<name>A321</name>
			</possibleresult>
			<points>
				<point>3372.000000,1416.000000</point>
				<point>3406.000000,1392.000000</point>
				<point>3374.000000,1345.000000</point>
				<point>3339.000000,1369.000000</point>
				<point>3372.000000,1416.000000</point>
			</points>
		</object>
		<object>
			<coordinate>pixel</coordinate>
			<type>rectangle</type>
			<description>None</description>
			<possibleresult>
				<name>A220</name>
			</possibleresult>
			<points>
				<point>1752.000000,2335.000000</point>
				<point>1723.000000,2358.000000</point>
				<point>1747.000000,2389.000000</point>
				<point>1776.000000,2367.000000</point>
				<point>1752.000000,2335.000000</point>
			</points>
		</object>
		<object>
			<coordinate>pixel</coordinate>
			<type>rectangle</type>
			<description>None</description>
			<possibleresult>
				<name>A220</name>
			</possibleresult>
			<points>
				<point>1707.000000,2360.000000</point>
				<point>1678.000000,2383.000000</point>
				<point>1702.000000,2415.000000</point>
				<point>1732.000000,2392.000000</point>
				<point>1707.000000,2360.000000</point>
			</points>
		</object>
		<object>
			<coordinate>pixel</coordinate>
			<type>rectangle</type>
			<description>None</description>
			<possibleresult>
				<name>A321</name>
			</possibleresult>
			<points>
				<point>1671.000000,2401.000000</point>
				<point>1633.000000,2430.000000</point>
				<point>1667.000000,2476.000000</point>
				<point>1705.000000,2447.000000</point>
				<point>1671.000000,2401.000000</point>
			</points>
		</object>
		<object>
			<coordinate>pixel</coordinate>
			<type>rectangle</type>
			<description>None</description>
			<possibleresult>
				<name>A220</name>
			</possibleresult>
			<points>
				<point>1623.000000,2440.000000</point>
				<point>1595.000000,2463.000000</point>
				<point>1622.000000,2495.000000</point>
				<point>1649.000000,2473.000000</point>
				<point>1623.000000,2440.000000</point>
			</points>
		</object>
		<object>
			<coordinate>pixel</coordinate>
			<type>rectangle</type>
			<description>None</description>
			<possibleresult>
				<name>A220</name>
			</possibleresult>
			<points>
				<point>1580.000000,2474.000000</point>
				<point>1551.000000,2499.000000</point>
				<point>1577.000000,2530.000000</point>
				<point>1606.000000,2505.000000</point>
				<point>1580.000000,2474.000000</point>
			</points>
		</object>
		<object>
			<coordinate>pixel</coordinate>
			<type>rectangle</type>
			<description>None</description>
			<possibleresult>
				<name>Boeing777</name>
			</possibleresult>
			<points>
				<point>1441.000000,2536.000000</point>
				<point>1435.000000,2619.000000</point>
				<point>1515.000000,2625.000000</point>
				<point>1521.000000,2541.000000</point>
				<point>1441.000000,2536.000000</point>
			</points>
		</object>
		<object>
			<coordinate>pixel</coordinate>
			<type>rectangle</type>
			<description>None</description>
			<possibleresult>
				<name>A321</name>
			</possibleresult>
			<points>
				<point>2146.000000,2803.000000</point>
				<point>2119.000000,2769.000000</point>
				<point>2077.000000,2802.000000</point>
				<point>2104.000000,2836.000000</point>
				<point>2146.000000,2803.000000</point>
			</points>
		</object>
		<object>
			<coordinate>pixel</coordinate>
			<type>rectangle</type>
			<description>None</description>
			<possibleresult>
				<name>A321</name>
			</possibleresult>
			<points>
				<point>1629.000000,3011.000000</point>
				<point>1663.000000,2984.000000</point>
				<point>1630.000000,2943.000000</point>
				<point>1596.000000,2970.000000</point>
				<point>1629.000000,3011.000000</point>
			</points>
		</object>
	</objects>
</annotation>