<?xml version="1.0" encoding="utf-8"?>
<annotation>
	<source>
		<filename>11978.tif</filename>
		<origin>GF2/GF3</origin>
	</source>
	<research>
		<version>1.0</version>
		<provider>FAIR1M</provider>
		<author>Cyber</author>
		<pluginname>FAIR1M</pluginname>
		<pluginclass>object detection</pluginclass>
		<time>2021-07-21</time>
	</research>
	<size>
		<width>1000</width>
		<height>1000</height>
		<depth>3</depth>
	</size>
	<objects>
		<object>
			<coordinate>pixel</coordinate>
			<type>rectangle</type>
			<description>None</description>
			<possibleresult>
				<name>Warship</name>
			</possibleresult>
			<points>
				<point>422.000000,912.000000</point>
				<point>573.000000,844.000000</point>
				<point>563.000000,822.000000</point>
				<point>411.000000,893.000000</point>
				<point>422.000000,912.000000</point>
			</points>
		</object>
		<object>
			<coordinate>pixel</coordinate>
			<type>rectangle</type>
			<description>None</description>
			<possibleresult>
				<name>Warship</name>
			</possibleresult>
			<points>
				<point>410.000000,892.000000</point>
				<point>564.000000,822.000000</point>
				<point>555.000000,804.000000</point>
				<point>402.000000,872.000000</point>
				<point>410.000000,892.000000</point>
			</points>
		</object>
		<object>
			<coordinate>pixel</coordinate>
			<type>rectangle</type>
			<description>None</description>
			<possibleresult>
				<name>Warship</name>
			</possibleresult>
			<points>
				<point>761.000000,694.000000</point>
				<point>588.000000,779.000000</point>
				<point>600.000000,804.000000</point>
				<point>774.000000,720.000000</point>
				<point>761.000000,694.000000</point>
			</points>
		</object>
		<object>
			<coordinate>pixel</coordinate>
			<type>rectangle</type>
			<description>None</description>
			<possibleresult>
				<name>Warship</name>
			</possibleresult>
			<points>
				<point>990.000000,587.000000</point>
				<point>792.000000,684.000000</point>
				<point>805.000000,711.000000</point>
				<point>1003.000000,613.000000</point>
				<point>990.000000,587.000000</point>
			</points>
		</object>
		<object>
			<coordinate>pixel</coordinate>
			<type>rectangle</type>
			<description>None</description>
			<possibleresult>
				<name>Warship</name>
			</possibleresult>
			<points>
				<point>1003.000000,617.000000</point>
				<point>805.000000,713.000000</point>
				<point>820.000000,744.000000</point>
				<point>1018.000000,646.000000</point>
				<point>1003.000000,617.000000</point>
			</points>
		</object>
		<object>
			<coordinate>pixel</coordinate>
			<type>rectangle</type>
			<description>None</description>
			<possibleresult>
				<name>Basketball Court</name>
			</possibleresult>
			<points>
				<point>940.000000,370.000000</point>
				<point>930.000000,339.000000</point>
				<point>949.000000,333.000000</point>
				<point>959.000000,364.000000</point>
				<point>940.000000,370.000000</point>
			</points>
		</object>
		<object>
			<coordinate>pixel</coordinate>
			<type>rectangle</type>
			<description>None</description>
			<possibleresult>
				<name>Basketball Court</name>
			</possibleresult>
			<points>
				<point>962.000000,363.000000</point>
				<point>952.000000,331.000000</point>
				<point>971.000000,325.000000</point>
				<point>981.000000,356.000000</point>
				<point>962.000000,363.000000</point>
			</points>
		</object>
		<object>
			<coordinate>pixel</coordinate>
			<type>rectangle</type>
			<description>None</description>
			<possibleresult>
				<name>Intersection</name>
			</possibleresult>
			<points>
				<point>59.000000,756.000000</point>
				<point>53.000000,740.000000</point>
				<point>70.000000,734.000000</point>
				<point>76.000000,750.000000</point>
				<point>59.000000,756.000000</point>
			</points>
		</object>
	</objects>
</annotation>