<?xml version="1.0" encoding="utf-8"?>
<annotation>
	<source>
		<filename>12009.tif</filename>
		<origin>GF2/GF3</origin>
	</source>
	<research>
		<version>1.0</version>
		<provider>FAIR1M</provider>
		<author>Cyber</author>
		<pluginname>FAIR1M</pluginname>
		<pluginclass>object detection</pluginclass>
		<time>2021-07-21</time>
	</research>
	<size>
		<width>600</width>
		<height>800</height>
		<depth>4</depth>
	</size>
	<objects>
		<object>
			<coordinate>pixel</coordinate>
			<type>rectangle</type>
			<description>None</description>
			<possibleresult>
				<name>Van</name>
			</possibleresult>
			<points>
				<point>492.000000,600.000000</point>
				<point>484.000000,600.000000</point>
				<point>484.000000,582.000000</point>
				<point>491.000000,582.000000</point>
				<point>492.000000,600.000000</point>
			</points>
		</object>
		<object>
			<coordinate>pixel</coordinate>
			<type>rectangle</type>
			<description>None</description>
			<possibleresult>
				<name>Small Car</name>
			</possibleresult>
			<points>
				<point>85.000000,430.000000</point>
				<point>84.000000,438.000000</point>
				<point>62.000000,436.000000</point>
				<point>63.000000,428.000000</point>
				<point>85.000000,430.000000</point>
			</points>
		</object>
		<object>
			<coordinate>pixel</coordinate>
			<type>rectangle</type>
			<description>None</description>
			<possibleresult>
				<name>Small Car</name>
			</possibleresult>
			<points>
				<point>444.000000,110.000000</point>
				<point>419.000000,108.000000</point>
				<point>420.000000,98.000000</point>
				<point>444.000000,100.000000</point>
				<point>444.000000,110.000000</point>
			</points>
		</object>
		<object>
			<coordinate>pixel</coordinate>
			<type>rectangle</type>
			<description>None</description>
			<possibleresult>
				<name>Small Car</name>
			</possibleresult>
			<points>
				<point>489.000000,130.000000</point>
				<point>468.000000,130.000000</point>
				<point>468.000000,122.000000</point>
				<point>489.000000,122.000000</point>
				<point>489.000000,130.000000</point>
			</points>
		</object>
		<object>
			<coordinate>pixel</coordinate>
			<type>rectangle</type>
			<description>None</description>
			<possibleresult>
				<name>Dump Truck</name>
			</possibleresult>
			<points>
				<point>465.000000,81.000000</point>
				<point>455.000000,81.000000</point>
				<point>454.000000,61.000000</point>
				<point>464.000000,61.000000</point>
				<point>465.000000,81.000000</point>
			</points>
		</object>
		<object>
			<coordinate>pixel</coordinate>
			<type>rectangle</type>
			<description>None</description>
			<possibleresult>
				<name>Van</name>
			</possibleresult>
			<points>
				<point>596.000000,130.000000</point>
				<point>574.000000,131.000000</point>
				<point>574.000000,124.000000</point>
				<point>595.000000,123.000000</point>
				<point>596.000000,130.000000</point>
			</points>
		</object>
		<object>
			<coordinate>pixel</coordinate>
			<type>rectangle</type>
			<description>None</description>
			<possibleresult>
				<name>Cargo Truck</name>
			</possibleresult>
			<points>
				<point>75.000000,81.000000</point>
				<point>40.000000,83.000000</point>
				<point>40.000000,71.000000</point>
				<point>75.000000,69.000000</point>
				<point>75.000000,81.000000</point>
			</points>
		</object>
		<object>
			<coordinate>pixel</coordinate>
			<type>rectangle</type>
			<description>None</description>
			<possibleresult>
				<name>Van</name>
			</possibleresult>
			<points>
				<point>154.000000,19.000000</point>
				<point>153.000000,34.000000</point>
				<point>143.000000,33.000000</point>
				<point>143.000000,19.000000</point>
				<point>154.000000,19.000000</point>
			</points>
		</object>
		<object>
			<coordinate>pixel</coordinate>
			<type>rectangle</type>
			<description>None</description>
			<possibleresult>
				<name>Small Car</name>
			</possibleresult>
			<points>
				<point>63.000000,658.000000</point>
				<point>62.000000,665.000000</point>
				<point>39.000000,664.000000</point>
				<point>40.000000,656.000000</point>
				<point>63.000000,658.000000</point>
			</points>
		</object>
		<object>
			<coordinate>pixel</coordinate>
			<type>rectangle</type>
			<description>None</description>
			<possibleresult>
				<name>Small Car</name>
			</possibleresult>
			<points>
				<point>75.000000,590.000000</point>
				<point>67.000000,591.000000</point>
				<point>66.000000,573.000000</point>
				<point>74.000000,573.000000</point>
				<point>75.000000,590.000000</point>
			</points>
		</object>
		<object>
			<coordinate>pixel</coordinate>
			<type>rectangle</type>
			<description>None</description>
			<possibleresult>
				<name>Small Car</name>
			</possibleresult>
			<points>
				<point>172.000000,690.000000</point>
				<point>149.000000,693.000000</point>
				<point>148.000000,686.000000</point>
				<point>171.000000,683.000000</point>
				<point>172.000000,690.000000</point>
			</points>
		</object>
		<object>
			<coordinate>pixel</coordinate>
			<type>rectangle</type>
			<description>None</description>
			<possibleresult>
				<name>Van</name>
			</possibleresult>
			<points>
				<point>190.000000,679.000000</point>
				<point>187.000000,691.000000</point>
				<point>179.000000,689.000000</point>
				<point>182.000000,677.000000</point>
				<point>190.000000,679.000000</point>
			</points>
		</object>
		<object>
			<coordinate>pixel</coordinate>
			<type>rectangle</type>
			<description>None</description>
			<possibleresult>
				<name>Small Car</name>
			</possibleresult>
			<points>
				<point>216.000000,621.000000</point>
				<point>209.000000,621.000000</point>
				<point>209.000000,606.000000</point>
				<point>216.000000,606.000000</point>
				<point>216.000000,621.000000</point>
			</points>
		</object>
		<object>
			<coordinate>pixel</coordinate>
			<type>rectangle</type>
			<description>None</description>
			<possibleresult>
				<name>Van</name>
			</possibleresult>
			<points>
				<point>234.000000,619.000000</point>
				<point>225.000000,619.000000</point>
				<point>224.000000,605.000000</point>
				<point>233.000000,605.000000</point>
				<point>234.000000,619.000000</point>
			</points>
		</object>
		<object>
			<coordinate>pixel</coordinate>
			<type>rectangle</type>
			<description>None</description>
			<possibleresult>
				<name>Van</name>
			</possibleresult>
			<points>
				<point>365.000000,669.000000</point>
				<point>344.000000,668.000000</point>
				<point>344.000000,660.000000</point>
				<point>365.000000,661.000000</point>
				<point>365.000000,669.000000</point>
			</points>
		</object>
		<object>
			<coordinate>pixel</coordinate>
			<type>rectangle</type>
			<description>None</description>
			<possibleresult>
				<name>Small Car</name>
			</possibleresult>
			<points>
				<point>310.000000,688.000000</point>
				<point>301.000000,689.000000</point>
				<point>300.000000,677.000000</point>
				<point>309.000000,677.000000</point>
				<point>310.000000,688.000000</point>
			</points>
		</object>
		<object>
			<coordinate>pixel</coordinate>
			<type>rectangle</type>
			<description>None</description>
			<possibleresult>
				<name>Small Car</name>
			</possibleresult>
			<points>
				<point>469.000000,386.000000</point>
				<point>444.000000,386.000000</point>
				<point>444.000000,379.000000</point>
				<point>469.000000,378.000000</point>
				<point>469.000000,386.000000</point>
			</points>
		</object>
		<object>
			<coordinate>pixel</coordinate>
			<type>rectangle</type>
			<description>None</description>
			<possibleresult>
				<name>Small Car</name>
			</possibleresult>
			<points>
				<point>504.000000,363.000000</point>
				<point>483.000000,363.000000</point>
				<point>483.000000,355.000000</point>
				<point>504.000000,356.000000</point>
				<point>504.000000,363.000000</point>
			</points>
		</object>
		<object>
			<coordinate>pixel</coordinate>
			<type>rectangle</type>
			<description>None</description>
			<possibleresult>
				<name>Van</name>
			</possibleresult>
			<points>
				<point>564.000000,365.000000</point>
				<point>541.000000,365.000000</point>
				<point>541.000000,357.000000</point>
				<point>564.000000,357.000000</point>
				<point>564.000000,365.000000</point>
			</points>
		</object>
		<object>
			<coordinate>pixel</coordinate>
			<type>rectangle</type>
			<description>None</description>
			<possibleresult>
				<name>Intersection</name>
			</possibleresult>
			<points>
				<point>418.000000,618.000000</point>
				<point>417.000000,674.000000</point>
				<point>367.000000,673.000000</point>
				<point>368.000000,618.000000</point>
				<point>418.000000,618.000000</point>
			</points>
		</object>
		<object>
			<coordinate>pixel</coordinate>
			<type>rectangle</type>
			<description>None</description>
			<possibleresult>
				<name>Small Car</name>
			</possibleresult>
			<points>
				<point>524.000000,668.000000</point>
				<point>513.000000,668.000000</point>
				<point>514.000000,653.000000</point>
				<point>524.000000,654.000000</point>
				<point>524.000000,668.000000</point>
			</points>
		</object>
		<object>
			<coordinate>pixel</coordinate>
			<type>rectangle</type>
			<description>None</description>
			<possibleresult>
				<name>Small Car</name>
			</possibleresult>
			<points>
				<point>431.000000,161.000000</point>
				<point>423.000000,164.000000</point>
				<point>416.000000,148.000000</point>
				<point>425.000000,144.000000</point>
				<point>431.000000,161.000000</point>
			</points>
		</object>
	</objects>
</annotation>