<?xml version="1.0" encoding="utf-8"?>
<annotation>
	<source>
		<filename>12047.tif</filename>
		<origin>GF2/GF3</origin>
	</source>
	<research>
		<version>1.0</version>
		<provider>FAIR1M</provider>
		<author>Cyber</author>
		<pluginname>FAIR1M</pluginname>
		<pluginclass>object detection</pluginclass>
		<time>2021-07-21</time>
	</research>
	<size>
		<width>600</width>
		<height>800</height>
		<depth>3</depth>
	</size>
	<objects>
		<object>
			<coordinate>pixel</coordinate>
			<type>rectangle</type>
			<description>None</description>
			<possibleresult>
				<name>Boeing737</name>
			</possibleresult>
			<points>
				<point>566.000000,480.000000</point>
				<point>532.000000,504.000000</point>
				<point>506.000000,467.000000</point>
				<point>541.000000,443.000000</point>
				<point>566.000000,480.000000</point>
			</points>
		</object>
		<object>
			<coordinate>pixel</coordinate>
			<type>rectangle</type>
			<description>None</description>
			<possibleresult>
				<name>Boeing737</name>
			</possibleresult>
			<points>
				<point>501.000000,540.000000</point>
				<point>464.000000,564.000000</point>
				<point>439.000000,526.000000</point>
				<point>476.000000,502.000000</point>
				<point>501.000000,540.000000</point>
			</points>
		</object>
		<object>
			<coordinate>pixel</coordinate>
			<type>rectangle</type>
			<description>None</description>
			<possibleresult>
				<name>Boeing737</name>
			</possibleresult>
			<points>
				<point>448.000000,575.000000</point>
				<point>412.000000,598.000000</point>
				<point>388.000000,560.000000</point>
				<point>424.000000,537.000000</point>
				<point>448.000000,575.000000</point>
			</points>
		</object>
		<object>
			<coordinate>pixel</coordinate>
			<type>rectangle</type>
			<description>None</description>
			<possibleresult>
				<name>Boeing737</name>
			</possibleresult>
			<points>
				<point>500.000000,662.000000</point>
				<point>458.000000,684.000000</point>
				<point>438.000000,646.000000</point>
				<point>480.000000,624.000000</point>
				<point>500.000000,662.000000</point>
			</points>
		</object>
		<object>
			<coordinate>pixel</coordinate>
			<type>rectangle</type>
			<description>None</description>
			<possibleresult>
				<name>Boeing737</name>
			</possibleresult>
			<points>
				<point>361.000000,631.000000</point>
				<point>326.000000,654.000000</point>
				<point>301.000000,617.000000</point>
				<point>336.000000,594.000000</point>
				<point>361.000000,631.000000</point>
			</points>
		</object>
		<object>
			<coordinate>pixel</coordinate>
			<type>rectangle</type>
			<description>None</description>
			<possibleresult>
				<name>Boeing737</name>
			</possibleresult>
			<points>
				<point>318.000000,657.000000</point>
				<point>281.000000,682.000000</point>
				<point>254.000000,642.000000</point>
				<point>292.000000,617.000000</point>
				<point>318.000000,657.000000</point>
			</points>
		</object>
		<object>
			<coordinate>pixel</coordinate>
			<type>rectangle</type>
			<description>None</description>
			<possibleresult>
				<name>A321</name>
			</possibleresult>
			<points>
				<point>202.000000,619.000000</point>
				<point>156.000000,650.000000</point>
				<point>132.000000,614.000000</point>
				<point>178.000000,584.000000</point>
				<point>202.000000,619.000000</point>
			</points>
		</object>
		<object>
			<coordinate>pixel</coordinate>
			<type>rectangle</type>
			<description>None</description>
			<possibleresult>
				<name>C919</name>
			</possibleresult>
			<points>
				<point>173.000000,576.000000</point>
				<point>132.000000,603.000000</point>
				<point>108.000000,567.000000</point>
				<point>149.000000,540.000000</point>
				<point>173.000000,576.000000</point>
			</points>
		</object>
		<object>
			<coordinate>pixel</coordinate>
			<type>rectangle</type>
			<description>None</description>
			<possibleresult>
				<name>A321</name>
			</possibleresult>
			<points>
				<point>109.000000,475.000000</point>
				<point>62.000000,505.000000</point>
				<point>38.000000,469.000000</point>
				<point>85.000000,438.000000</point>
				<point>109.000000,475.000000</point>
			</points>
		</object>
		<object>
			<coordinate>pixel</coordinate>
			<type>rectangle</type>
			<description>None</description>
			<possibleresult>
				<name>A220</name>
			</possibleresult>
			<points>
				<point>71.000000,433.000000</point>
				<point>33.000000,459.000000</point>
				<point>9.000000,423.000000</point>
				<point>47.000000,397.000000</point>
				<point>71.000000,433.000000</point>
			</points>
		</object>
		<object>
			<coordinate>pixel</coordinate>
			<type>rectangle</type>
			<description>None</description>
			<possibleresult>
				<name>A220</name>
			</possibleresult>
			<points>
				<point>5.999987,413.000000</point>
				<point>-16.483627,376.680298</point>
				<point>25.516394,350.680298</point>
				<point>48.000008,387.000000</point>
				<point>5.999987,413.000000</point>
			</points>
		</object>
		<object>
			<coordinate>pixel</coordinate>
			<type>rectangle</type>
			<description>None</description>
			<possibleresult>
				<name>Intersection</name>
			</possibleresult>
			<points>
				<point>72.000000,234.000000</point>
				<point>28.000000,263.000000</point>
				<point>6.000000,230.000000</point>
				<point>50.000000,201.000000</point>
				<point>72.000000,234.000000</point>
			</points>
		</object>
	</objects>
</annotation>