<?xml version="1.0" encoding="utf-8"?>
<annotation>
	<source>
		<filename>12049.tif</filename>
		<origin>GF2/GF3</origin>
	</source>
	<research>
		<version>1.0</version>
		<provider>FAIR1M</provider>
		<author>Cyber</author>
		<pluginname>FAIR1M</pluginname>
		<pluginclass>object detection</pluginclass>
		<time>2021-07-21</time>
	</research>
	<size>
		<width>800</width>
		<height>600</height>
		<depth>4</depth>
	</size>
	<objects>
		<object>
			<coordinate>pixel</coordinate>
			<type>rectangle</type>
			<description>None</description>
			<possibleresult>
				<name>Small Car</name>
			</possibleresult>
			<points>
				<point>583.000000,250.000000</point>
				<point>581.000000,262.000000</point>
				<point>562.000000,258.000000</point>
				<point>564.000000,247.000000</point>
				<point>583.000000,250.000000</point>
			</points>
		</object>
		<object>
			<coordinate>pixel</coordinate>
			<type>rectangle</type>
			<description>None</description>
			<possibleresult>
				<name>Small Car</name>
			</possibleresult>
			<points>
				<point>580.000000,101.000000</point>
				<point>575.000000,110.000000</point>
				<point>557.000000,98.000000</point>
				<point>562.000000,90.000000</point>
				<point>580.000000,101.000000</point>
			</points>
		</object>
		<object>
			<coordinate>pixel</coordinate>
			<type>rectangle</type>
			<description>None</description>
			<possibleresult>
				<name>Small Car</name>
			</possibleresult>
			<points>
				<point>574.000000,110.000000</point>
				<point>569.000000,117.000000</point>
				<point>552.000000,107.000000</point>
				<point>557.000000,99.000000</point>
				<point>574.000000,110.000000</point>
			</points>
		</object>
		<object>
			<coordinate>pixel</coordinate>
			<type>rectangle</type>
			<description>None</description>
			<possibleresult>
				<name>Van</name>
			</possibleresult>
			<points>
				<point>687.000000,119.000000</point>
				<point>680.000000,126.000000</point>
				<point>666.000000,114.000000</point>
				<point>673.000000,107.000000</point>
				<point>687.000000,119.000000</point>
			</points>
		</object>
		<object>
			<coordinate>pixel</coordinate>
			<type>rectangle</type>
			<description>None</description>
			<possibleresult>
				<name>Small Car</name>
			</possibleresult>
			<points>
				<point>673.000000,44.000000</point>
				<point>664.000000,48.000000</point>
				<point>657.000000,29.000000</point>
				<point>666.000000,26.000000</point>
				<point>673.000000,44.000000</point>
			</points>
		</object>
		<object>
			<coordinate>pixel</coordinate>
			<type>rectangle</type>
			<description>None</description>
			<possibleresult>
				<name>Small Car</name>
			</possibleresult>
			<points>
				<point>684.000000,41.000000</point>
				<point>674.000000,44.000000</point>
				<point>669.000000,25.000000</point>
				<point>679.000000,23.000000</point>
				<point>684.000000,41.000000</point>
			</points>
		</object>
		<object>
			<coordinate>pixel</coordinate>
			<type>rectangle</type>
			<description>None</description>
			<possibleresult>
				<name>Small Car</name>
			</possibleresult>
			<points>
				<point>696.000000,37.000000</point>
				<point>686.000000,40.000000</point>
				<point>681.000000,23.000000</point>
				<point>691.000000,21.000000</point>
				<point>696.000000,37.000000</point>
			</points>
		</object>
		<object>
			<coordinate>pixel</coordinate>
			<type>rectangle</type>
			<description>None</description>
			<possibleresult>
				<name>Van</name>
			</possibleresult>
			<points>
				<point>287.000000,359.000000</point>
				<point>278.000000,361.000000</point>
				<point>274.000000,344.000000</point>
				<point>284.000000,342.000000</point>
				<point>287.000000,359.000000</point>
			</points>
		</object>
		<object>
			<coordinate>pixel</coordinate>
			<type>rectangle</type>
			<description>None</description>
			<possibleresult>
				<name>Van</name>
			</possibleresult>
			<points>
				<point>137.000000,328.000000</point>
				<point>127.000000,332.000000</point>
				<point>118.000000,312.000000</point>
				<point>129.000000,307.000000</point>
				<point>137.000000,328.000000</point>
			</points>
		</object>
	</objects>
</annotation>