<?xml version="1.0" encoding="utf-8"?>
<annotation>
	<source>
		<filename>12052.tif</filename>
		<origin>GF2/GF3</origin>
	</source>
	<research>
		<version>1.0</version>
		<provider>FAIR1M</provider>
		<author>Cyber</author>
		<pluginname>FAIR1M</pluginname>
		<pluginclass>object detection</pluginclass>
		<time>2021-07-21</time>
	</research>
	<size>
		<width>600</width>
		<height>800</height>
		<depth>3</depth>
	</size>
	<objects>
		<object>
			<coordinate>pixel</coordinate>
			<type>rectangle</type>
			<description>None</description>
			<possibleresult>
				<name>A330</name>
			</possibleresult>
			<points>
				<point>187.000000,722.000000</point>
				<point>119.000000,760.000000</point>
				<point>84.000000,696.000000</point>
				<point>151.000000,659.000000</point>
				<point>187.000000,722.000000</point>
			</points>
		</object>
		<object>
			<coordinate>pixel</coordinate>
			<type>rectangle</type>
			<description>None</description>
			<possibleresult>
				<name>A330</name>
			</possibleresult>
			<points>
				<point>121.000000,629.000000</point>
				<point>77.000000,653.000000</point>
				<point>56.000000,614.000000</point>
				<point>100.000000,591.000000</point>
				<point>121.000000,629.000000</point>
			</points>
		</object>
		<object>
			<coordinate>pixel</coordinate>
			<type>rectangle</type>
			<description>None</description>
			<possibleresult>
				<name>other-airplane</name>
			</possibleresult>
			<points>
				<point>54.145432,536.639282</point>
				<point>28.999985,599.000000</point>
				<point>0.000002,587.306458</point>
				<point>0.000000,514.806458</point>
				<point>54.145432,536.639282</point>
			</points>
		</object>
	</objects>
</annotation>