<?xml version="1.0" encoding="utf-8"?>
<annotation>
	<source>
		<filename>12149.tif</filename>
		<origin>GF2/GF3</origin>
	</source>
	<research>
		<version>1.0</version>
		<provider>FAIR1M</provider>
		<author>Cyber</author>
		<pluginname>FAIR1M</pluginname>
		<pluginclass>object detection</pluginclass>
		<time>2021-07-21</time>
	</research>
	<size>
		<width>1000</width>
		<height>1000</height>
		<depth>3</depth>
	</size>
	<objects>
		<object>
			<coordinate>pixel</coordinate>
			<type>rectangle</type>
			<description>None</description>
			<possibleresult>
				<name>Dump Truck</name>
			</possibleresult>
			<points>
				<point>635.000000,23.000000</point>
				<point>633.000000,46.000000</point>
				<point>622.000000,46.000000</point>
				<point>623.000000,22.000000</point>
				<point>635.000000,23.000000</point>
			</points>
		</object>
		<object>
			<coordinate>pixel</coordinate>
			<type>rectangle</type>
			<description>None</description>
			<possibleresult>
				<name>Van</name>
			</possibleresult>
			<points>
				<point>1000.000000,310.000000</point>
				<point>995.000000,310.000000</point>
				<point>995.000000,293.000000</point>
				<point>1000.000000,293.000000</point>
				<point>1000.000000,310.000000</point>
			</points>
		</object>
		<object>
			<coordinate>pixel</coordinate>
			<type>rectangle</type>
			<description>None</description>
			<possibleresult>
				<name>Dump Truck</name>
			</possibleresult>
			<points>
				<point>427.000000,263.000000</point>
				<point>424.000000,286.000000</point>
				<point>415.000000,285.000000</point>
				<point>417.000000,262.000000</point>
				<point>427.000000,263.000000</point>
			</points>
		</object>
		<object>
			<coordinate>pixel</coordinate>
			<type>rectangle</type>
			<description>None</description>
			<possibleresult>
				<name>Small Car</name>
			</possibleresult>
			<points>
				<point>449.000000,283.000000</point>
				<point>440.000000,284.000000</point>
				<point>439.000000,264.000000</point>
				<point>448.000000,264.000000</point>
				<point>449.000000,283.000000</point>
			</points>
		</object>
		<object>
			<coordinate>pixel</coordinate>
			<type>rectangle</type>
			<description>None</description>
			<possibleresult>
				<name>Van</name>
			</possibleresult>
			<points>
				<point>463.000000,271.000000</point>
				<point>460.000000,288.000000</point>
				<point>451.000000,286.000000</point>
				<point>454.000000,269.000000</point>
				<point>463.000000,271.000000</point>
			</points>
		</object>
		<object>
			<coordinate>pixel</coordinate>
			<type>rectangle</type>
			<description>None</description>
			<possibleresult>
				<name>Van</name>
			</possibleresult>
			<points>
				<point>479.000000,289.000000</point>
				<point>469.000000,289.000000</point>
				<point>467.000000,270.000000</point>
				<point>477.000000,269.000000</point>
				<point>479.000000,289.000000</point>
			</points>
		</object>
	</objects>
</annotation>