<?xml version="1.0" encoding="utf-8"?>
<annotation>
	<source>
		<filename>12142.tif</filename>
		<origin>GF2/GF3</origin>
	</source>
	<research>
		<version>1.0</version>
		<provider>FAIR1M</provider>
		<author>Cyber</author>
		<pluginname>FAIR1M</pluginname>
		<pluginclass>object detection</pluginclass>
		<time>2021-07-21</time>
	</research>
	<size>
		<width>600</width>
		<height>800</height>
		<depth>3</depth>
	</size>
	<objects>
		<object>
			<coordinate>pixel</coordinate>
			<type>rectangle</type>
			<description>None</description>
			<possibleresult>
				<name>other-airplane</name>
			</possibleresult>
			<points>
				<point>273.000000,132.000000</point>
				<point>243.000000,136.000000</point>
				<point>239.000000,103.000000</point>
				<point>269.000000,99.000000</point>
				<point>273.000000,132.000000</point>
			</points>
		</object>
		<object>
			<coordinate>pixel</coordinate>
			<type>rectangle</type>
			<description>None</description>
			<possibleresult>
				<name>other-airplane</name>
			</possibleresult>
			<points>
				<point>495.000000,137.000000</point>
				<point>435.000000,143.000000</point>
				<point>429.000000,74.000000</point>
				<point>488.000000,68.000000</point>
				<point>495.000000,137.000000</point>
			</points>
		</object>
		<object>
			<coordinate>pixel</coordinate>
			<type>rectangle</type>
			<description>None</description>
			<possibleresult>
				<name>other-airplane</name>
			</possibleresult>
			<points>
				<point>444.000000,348.000000</point>
				<point>377.000000,353.000000</point>
				<point>371.000000,278.000000</point>
				<point>438.000000,274.000000</point>
				<point>444.000000,348.000000</point>
			</points>
		</object>
	</objects>
</annotation>