<?xml version="1.0" encoding="utf-8"?>
<annotation>
	<source>
		<filename>12158.tif</filename>
		<origin>GF2/GF3</origin>
	</source>
	<research>
		<version>1.0</version>
		<provider>FAIR1M</provider>
		<author>Cyber</author>
		<pluginname>FAIR1M</pluginname>
		<pluginclass>object detection</pluginclass>
		<time>2021-07-21</time>
	</research>
	<size>
		<width>1000</width>
		<height>1000</height>
		<depth>3</depth>
	</size>
	<objects>
		<object>
			<coordinate>pixel</coordinate>
			<type>rectangle</type>
			<description>None</description>
			<possibleresult>
				<name>Small Car</name>
			</possibleresult>
			<points>
				<point>91.000000,354.000000</point>
				<point>82.000000,354.000000</point>
				<point>81.000000,334.000000</point>
				<point>91.000000,334.000000</point>
				<point>91.000000,354.000000</point>
			</points>
		</object>
		<object>
			<coordinate>pixel</coordinate>
			<type>rectangle</type>
			<description>None</description>
			<possibleresult>
				<name>Small Car</name>
			</possibleresult>
			<points>
				<point>91.000000,325.000000</point>
				<point>83.000000,325.000000</point>
				<point>82.000000,305.000000</point>
				<point>91.000000,305.000000</point>
				<point>91.000000,325.000000</point>
			</points>
		</object>
		<object>
			<coordinate>pixel</coordinate>
			<type>rectangle</type>
			<description>None</description>
			<possibleresult>
				<name>Small Car</name>
			</possibleresult>
			<points>
				<point>183.000000,410.000000</point>
				<point>174.000000,409.000000</point>
				<point>174.000000,394.000000</point>
				<point>183.000000,394.000000</point>
				<point>183.000000,410.000000</point>
			</points>
		</object>
		<object>
			<coordinate>pixel</coordinate>
			<type>rectangle</type>
			<description>None</description>
			<possibleresult>
				<name>Small Car</name>
			</possibleresult>
			<points>
				<point>268.000000,345.000000</point>
				<point>259.000000,345.000000</point>
				<point>258.000000,323.000000</point>
				<point>267.000000,323.000000</point>
				<point>268.000000,345.000000</point>
			</points>
		</object>
		<object>
			<coordinate>pixel</coordinate>
			<type>rectangle</type>
			<description>None</description>
			<possibleresult>
				<name>Small Car</name>
			</possibleresult>
			<points>
				<point>343.000000,384.000000</point>
				<point>337.000000,384.000000</point>
				<point>336.000000,365.000000</point>
				<point>343.000000,365.000000</point>
				<point>343.000000,384.000000</point>
			</points>
		</object>
		<object>
			<coordinate>pixel</coordinate>
			<type>rectangle</type>
			<description>None</description>
			<possibleresult>
				<name>Small Car</name>
			</possibleresult>
			<points>
				<point>334.000000,355.000000</point>
				<point>326.000000,355.000000</point>
				<point>325.000000,340.000000</point>
				<point>334.000000,340.000000</point>
				<point>334.000000,355.000000</point>
			</points>
		</object>
		<object>
			<coordinate>pixel</coordinate>
			<type>rectangle</type>
			<description>None</description>
			<possibleresult>
				<name>Intersection</name>
			</possibleresult>
			<points>
				<point>452.000000,284.000000</point>
				<point>415.000000,285.000000</point>
				<point>414.000000,252.000000</point>
				<point>451.000000,251.000000</point>
				<point>452.000000,284.000000</point>
			</points>
		</object>
		<object>
			<coordinate>pixel</coordinate>
			<type>rectangle</type>
			<description>None</description>
			<possibleresult>
				<name>Small Car</name>
			</possibleresult>
			<points>
				<point>578.000000,387.000000</point>
				<point>556.000000,387.000000</point>
				<point>556.000000,380.000000</point>
				<point>578.000000,380.000000</point>
				<point>578.000000,387.000000</point>
			</points>
		</object>
		<object>
			<coordinate>pixel</coordinate>
			<type>rectangle</type>
			<description>None</description>
			<possibleresult>
				<name>Small Car</name>
			</possibleresult>
			<points>
				<point>515.000000,385.000000</point>
				<point>496.000000,385.000000</point>
				<point>496.000000,378.000000</point>
				<point>515.000000,378.000000</point>
				<point>515.000000,385.000000</point>
			</points>
		</object>
		<object>
			<coordinate>pixel</coordinate>
			<type>rectangle</type>
			<description>None</description>
			<possibleresult>
				<name>Small Car</name>
			</possibleresult>
			<points>
				<point>511.000000,394.000000</point>
				<point>490.000000,393.000000</point>
				<point>491.000000,387.000000</point>
				<point>511.000000,388.000000</point>
				<point>511.000000,394.000000</point>
			</points>
		</object>
		<object>
			<coordinate>pixel</coordinate>
			<type>rectangle</type>
			<description>None</description>
			<possibleresult>
				<name>Small Car</name>
			</possibleresult>
			<points>
				<point>507.000000,396.000000</point>
				<point>506.000000,403.000000</point>
				<point>483.000000,403.000000</point>
				<point>483.000000,396.000000</point>
				<point>507.000000,396.000000</point>
			</points>
		</object>
		<object>
			<coordinate>pixel</coordinate>
			<type>rectangle</type>
			<description>None</description>
			<possibleresult>
				<name>Small Car</name>
			</possibleresult>
			<points>
				<point>459.000000,491.000000</point>
				<point>449.000000,492.000000</point>
				<point>449.000000,474.000000</point>
				<point>459.000000,474.000000</point>
				<point>459.000000,491.000000</point>
			</points>
		</object>
		<object>
			<coordinate>pixel</coordinate>
			<type>rectangle</type>
			<description>None</description>
			<possibleresult>
				<name>Dump Truck</name>
			</possibleresult>
			<points>
				<point>416.000000,535.000000</point>
				<point>406.000000,535.000000</point>
				<point>406.000000,516.000000</point>
				<point>416.000000,516.000000</point>
				<point>416.000000,535.000000</point>
			</points>
		</object>
		<object>
			<coordinate>pixel</coordinate>
			<type>rectangle</type>
			<description>None</description>
			<possibleresult>
				<name>Small Car</name>
			</possibleresult>
			<points>
				<point>461.000000,652.000000</point>
				<point>452.000000,652.000000</point>
				<point>452.000000,636.000000</point>
				<point>461.000000,636.000000</point>
				<point>461.000000,652.000000</point>
			</points>
		</object>
		<object>
			<coordinate>pixel</coordinate>
			<type>rectangle</type>
			<description>None</description>
			<possibleresult>
				<name>Van</name>
			</possibleresult>
			<points>
				<point>462.000000,726.000000</point>
				<point>452.000000,726.000000</point>
				<point>452.000000,709.000000</point>
				<point>461.000000,708.000000</point>
				<point>462.000000,726.000000</point>
			</points>
		</object>
		<object>
			<coordinate>pixel</coordinate>
			<type>rectangle</type>
			<description>None</description>
			<possibleresult>
				<name>Small Car</name>
			</possibleresult>
			<points>
				<point>414.000000,726.000000</point>
				<point>404.000000,726.000000</point>
				<point>404.000000,708.000000</point>
				<point>414.000000,708.000000</point>
				<point>414.000000,726.000000</point>
			</points>
		</object>
		<object>
			<coordinate>pixel</coordinate>
			<type>rectangle</type>
			<description>None</description>
			<possibleresult>
				<name>Dump Truck</name>
			</possibleresult>
			<points>
				<point>416.000000,728.000000</point>
				<point>415.000000,749.000000</point>
				<point>404.000000,749.000000</point>
				<point>405.000000,728.000000</point>
				<point>416.000000,728.000000</point>
			</points>
		</object>
		<object>
			<coordinate>pixel</coordinate>
			<type>rectangle</type>
			<description>None</description>
			<possibleresult>
				<name>Small Car</name>
			</possibleresult>
			<points>
				<point>396.000000,822.000000</point>
				<point>373.000000,825.000000</point>
				<point>372.000000,818.000000</point>
				<point>396.000000,815.000000</point>
				<point>396.000000,822.000000</point>
			</points>
		</object>
		<object>
			<coordinate>pixel</coordinate>
			<type>rectangle</type>
			<description>None</description>
			<possibleresult>
				<name>Small Car</name>
			</possibleresult>
			<points>
				<point>370.000000,827.000000</point>
				<point>350.000000,828.000000</point>
				<point>350.000000,821.000000</point>
				<point>369.000000,820.000000</point>
				<point>370.000000,827.000000</point>
			</points>
		</object>
		<object>
			<coordinate>pixel</coordinate>
			<type>rectangle</type>
			<description>None</description>
			<possibleresult>
				<name>Small Car</name>
			</possibleresult>
			<points>
				<point>341.000000,830.000000</point>
				<point>323.000000,831.000000</point>
				<point>322.000000,823.000000</point>
				<point>340.000000,821.000000</point>
				<point>341.000000,830.000000</point>
			</points>
		</object>
		<object>
			<coordinate>pixel</coordinate>
			<type>rectangle</type>
			<description>None</description>
			<possibleresult>
				<name>Dump Truck</name>
			</possibleresult>
			<points>
				<point>571.000000,990.000000</point>
				<point>559.000000,991.000000</point>
				<point>557.000000,970.000000</point>
				<point>569.000000,969.000000</point>
				<point>571.000000,990.000000</point>
			</points>
		</object>
		<object>
			<coordinate>pixel</coordinate>
			<type>rectangle</type>
			<description>None</description>
			<possibleresult>
				<name>Small Car</name>
			</possibleresult>
			<points>
				<point>535.000000,985.000000</point>
				<point>528.000000,992.000000</point>
				<point>508.000000,975.000000</point>
				<point>515.000000,968.000000</point>
				<point>535.000000,985.000000</point>
			</points>
		</object>
		<object>
			<coordinate>pixel</coordinate>
			<type>rectangle</type>
			<description>None</description>
			<possibleresult>
				<name>other-vehicle</name>
			</possibleresult>
			<points>
				<point>532.000000,961.000000</point>
				<point>505.000000,960.000000</point>
				<point>505.000000,952.000000</point>
				<point>532.000000,953.000000</point>
				<point>532.000000,961.000000</point>
			</points>
		</object>
		<object>
			<coordinate>pixel</coordinate>
			<type>rectangle</type>
			<description>None</description>
			<possibleresult>
				<name>Van</name>
			</possibleresult>
			<points>
				<point>529.000000,947.000000</point>
				<point>504.000000,947.000000</point>
				<point>504.000000,939.000000</point>
				<point>529.000000,939.000000</point>
				<point>529.000000,947.000000</point>
			</points>
		</object>
		<object>
			<coordinate>pixel</coordinate>
			<type>rectangle</type>
			<description>None</description>
			<possibleresult>
				<name>Small Car</name>
			</possibleresult>
			<points>
				<point>532.000000,933.000000</point>
				<point>508.000000,935.000000</point>
				<point>508.000000,928.000000</point>
				<point>531.000000,927.000000</point>
				<point>532.000000,933.000000</point>
			</points>
		</object>
		<object>
			<coordinate>pixel</coordinate>
			<type>rectangle</type>
			<description>None</description>
			<possibleresult>
				<name>Small Car</name>
			</possibleresult>
			<points>
				<point>525.000000,925.000000</point>
				<point>505.000000,926.000000</point>
				<point>505.000000,920.000000</point>
				<point>524.000000,918.000000</point>
				<point>525.000000,925.000000</point>
			</points>
		</object>
		<object>
			<coordinate>pixel</coordinate>
			<type>rectangle</type>
			<description>None</description>
			<possibleresult>
				<name>Small Car</name>
			</possibleresult>
			<points>
				<point>525.000000,917.000000</point>
				<point>504.000000,918.000000</point>
				<point>504.000000,912.000000</point>
				<point>524.000000,911.000000</point>
				<point>525.000000,917.000000</point>
			</points>
		</object>
		<object>
			<coordinate>pixel</coordinate>
			<type>rectangle</type>
			<description>None</description>
			<possibleresult>
				<name>Small Car</name>
			</possibleresult>
			<points>
				<point>564.000000,795.000000</point>
				<point>562.000000,811.000000</point>
				<point>554.000000,810.000000</point>
				<point>556.000000,795.000000</point>
				<point>564.000000,795.000000</point>
			</points>
		</object>
		<object>
			<coordinate>pixel</coordinate>
			<type>rectangle</type>
			<description>None</description>
			<possibleresult>
				<name>Small Car</name>
			</possibleresult>
			<points>
				<point>721.000000,835.000000</point>
				<point>717.000000,846.000000</point>
				<point>711.000000,844.000000</point>
				<point>716.000000,833.000000</point>
				<point>721.000000,835.000000</point>
			</points>
		</object>
		<object>
			<coordinate>pixel</coordinate>
			<type>rectangle</type>
			<description>None</description>
			<possibleresult>
				<name>Small Car</name>
			</possibleresult>
			<points>
				<point>728.000000,836.000000</point>
				<point>723.000000,848.000000</point>
				<point>717.000000,846.000000</point>
				<point>722.000000,833.000000</point>
				<point>728.000000,836.000000</point>
			</points>
		</object>
		<object>
			<coordinate>pixel</coordinate>
			<type>rectangle</type>
			<description>None</description>
			<possibleresult>
				<name>Small Car</name>
			</possibleresult>
			<points>
				<point>659.000000,800.000000</point>
				<point>649.000000,800.000000</point>
				<point>649.000000,785.000000</point>
				<point>658.000000,784.000000</point>
				<point>659.000000,800.000000</point>
			</points>
		</object>
		<object>
			<coordinate>pixel</coordinate>
			<type>rectangle</type>
			<description>None</description>
			<possibleresult>
				<name>Dump Truck</name>
			</possibleresult>
			<points>
				<point>695.000000,802.000000</point>
				<point>672.000000,808.000000</point>
				<point>670.000000,801.000000</point>
				<point>693.000000,794.000000</point>
				<point>695.000000,802.000000</point>
			</points>
		</object>
		<object>
			<coordinate>pixel</coordinate>
			<type>rectangle</type>
			<description>None</description>
			<possibleresult>
				<name>Small Car</name>
			</possibleresult>
			<points>
				<point>823.000000,900.000000</point>
				<point>795.000000,899.000000</point>
				<point>795.000000,892.000000</point>
				<point>823.000000,892.000000</point>
				<point>823.000000,900.000000</point>
			</points>
		</object>
		<object>
			<coordinate>pixel</coordinate>
			<type>rectangle</type>
			<description>None</description>
			<possibleresult>
				<name>Van</name>
			</possibleresult>
			<points>
				<point>835.000000,891.000000</point>
				<point>811.000000,891.000000</point>
				<point>811.000000,882.000000</point>
				<point>835.000000,883.000000</point>
				<point>835.000000,891.000000</point>
			</points>
		</object>
		<object>
			<coordinate>pixel</coordinate>
			<type>rectangle</type>
			<description>None</description>
			<possibleresult>
				<name>Van</name>
			</possibleresult>
			<points>
				<point>829.000000,870.000000</point>
				<point>805.000000,870.000000</point>
				<point>805.000000,862.000000</point>
				<point>829.000000,862.000000</point>
				<point>829.000000,870.000000</point>
			</points>
		</object>
		<object>
			<coordinate>pixel</coordinate>
			<type>rectangle</type>
			<description>None</description>
			<possibleresult>
				<name>Van</name>
			</possibleresult>
			<points>
				<point>961.000000,753.000000</point>
				<point>959.000000,770.000000</point>
				<point>950.000000,769.000000</point>
				<point>953.000000,752.000000</point>
				<point>961.000000,753.000000</point>
			</points>
		</object>
		<object>
			<coordinate>pixel</coordinate>
			<type>rectangle</type>
			<description>None</description>
			<possibleresult>
				<name>Small Car</name>
			</possibleresult>
			<points>
				<point>993.000000,660.000000</point>
				<point>984.000000,660.000000</point>
				<point>984.000000,645.000000</point>
				<point>993.000000,645.000000</point>
				<point>993.000000,660.000000</point>
			</points>
		</object>
		<object>
			<coordinate>pixel</coordinate>
			<type>rectangle</type>
			<description>None</description>
			<possibleresult>
				<name>Dump Truck</name>
			</possibleresult>
			<points>
				<point>34.000000,680.000000</point>
				<point>12.000000,680.000000</point>
				<point>12.000000,672.000000</point>
				<point>34.000000,673.000000</point>
				<point>34.000000,680.000000</point>
			</points>
		</object>
		<object>
			<coordinate>pixel</coordinate>
			<type>rectangle</type>
			<description>None</description>
			<possibleresult>
				<name>Small Car</name>
			</possibleresult>
			<points>
				<point>827.000000,295.000000</point>
				<point>804.000000,295.000000</point>
				<point>804.000000,287.000000</point>
				<point>827.000000,287.000000</point>
				<point>827.000000,295.000000</point>
			</points>
		</object>
		<object>
			<coordinate>pixel</coordinate>
			<type>rectangle</type>
			<description>None</description>
			<possibleresult>
				<name>Dump Truck</name>
			</possibleresult>
			<points>
				<point>796.000000,280.000000</point>
				<point>795.000000,289.000000</point>
				<point>767.000000,288.000000</point>
				<point>768.000000,279.000000</point>
				<point>796.000000,280.000000</point>
			</points>
		</object>
		<object>
			<coordinate>pixel</coordinate>
			<type>rectangle</type>
			<description>None</description>
			<possibleresult>
				<name>Dump Truck</name>
			</possibleresult>
			<points>
				<point>756.000000,288.000000</point>
				<point>730.000000,287.000000</point>
				<point>730.000000,279.000000</point>
				<point>756.000000,280.000000</point>
				<point>756.000000,288.000000</point>
			</points>
		</object>
		<object>
			<coordinate>pixel</coordinate>
			<type>rectangle</type>
			<description>None</description>
			<possibleresult>
				<name>Small Car</name>
			</possibleresult>
			<points>
				<point>632.000000,183.000000</point>
				<point>622.000000,183.000000</point>
				<point>622.000000,168.000000</point>
				<point>632.000000,168.000000</point>
				<point>632.000000,183.000000</point>
			</points>
		</object>
		<object>
			<coordinate>pixel</coordinate>
			<type>rectangle</type>
			<description>None</description>
			<possibleresult>
				<name>Van</name>
			</possibleresult>
			<points>
				<point>511.000000,90.000000</point>
				<point>486.000000,90.000000</point>
				<point>486.000000,82.000000</point>
				<point>511.000000,82.000000</point>
				<point>511.000000,90.000000</point>
			</points>
		</object>
		<object>
			<coordinate>pixel</coordinate>
			<type>rectangle</type>
			<description>None</description>
			<possibleresult>
				<name>Small Car</name>
			</possibleresult>
			<points>
				<point>547.000000,94.000000</point>
				<point>529.000000,94.000000</point>
				<point>529.000000,85.000000</point>
				<point>547.000000,86.000000</point>
				<point>547.000000,94.000000</point>
			</points>
		</object>
		<object>
			<coordinate>pixel</coordinate>
			<type>rectangle</type>
			<description>None</description>
			<possibleresult>
				<name>Small Car</name>
			</possibleresult>
			<points>
				<point>586.000000,39.000000</point>
				<point>557.000000,40.000000</point>
				<point>557.000000,32.000000</point>
				<point>586.000000,31.000000</point>
				<point>586.000000,39.000000</point>
			</points>
		</object>
		<object>
			<coordinate>pixel</coordinate>
			<type>rectangle</type>
			<description>None</description>
			<possibleresult>
				<name>Small Car</name>
			</possibleresult>
			<points>
				<point>448.000000,73.000000</point>
				<point>436.000000,74.000000</point>
				<point>435.000000,57.000000</point>
				<point>446.000000,56.000000</point>
				<point>448.000000,73.000000</point>
			</points>
		</object>
		<object>
			<coordinate>pixel</coordinate>
			<type>rectangle</type>
			<description>None</description>
			<possibleresult>
				<name>Small Car</name>
			</possibleresult>
			<points>
				<point>376.000000,151.000000</point>
				<point>356.000000,150.000000</point>
				<point>356.000000,143.000000</point>
				<point>376.000000,143.000000</point>
				<point>376.000000,151.000000</point>
			</points>
		</object>
		<object>
			<coordinate>pixel</coordinate>
			<type>rectangle</type>
			<description>None</description>
			<possibleresult>
				<name>Small Car</name>
			</possibleresult>
			<points>
				<point>352.000000,150.000000</point>
				<point>332.000000,150.000000</point>
				<point>332.000000,143.000000</point>
				<point>352.000000,144.000000</point>
				<point>352.000000,150.000000</point>
			</points>
		</object>
		<object>
			<coordinate>pixel</coordinate>
			<type>rectangle</type>
			<description>None</description>
			<possibleresult>
				<name>Small Car</name>
			</possibleresult>
			<points>
				<point>138.000000,160.000000</point>
				<point>129.000000,161.000000</point>
				<point>128.000000,144.000000</point>
				<point>137.000000,143.000000</point>
				<point>138.000000,160.000000</point>
			</points>
		</object>
		<object>
			<coordinate>pixel</coordinate>
			<type>rectangle</type>
			<description>None</description>
			<possibleresult>
				<name>Dump Truck</name>
			</possibleresult>
			<points>
				<point>45.000000,158.000000</point>
				<point>38.000000,159.000000</point>
				<point>38.000000,144.000000</point>
				<point>45.000000,144.000000</point>
				<point>45.000000,158.000000</point>
			</points>
		</object>
		<object>
			<coordinate>pixel</coordinate>
			<type>rectangle</type>
			<description>None</description>
			<possibleresult>
				<name>Small Car</name>
			</possibleresult>
			<points>
				<point>323.000000,603.000000</point>
				<point>301.000000,603.000000</point>
				<point>301.000000,597.000000</point>
				<point>323.000000,597.000000</point>
				<point>323.000000,603.000000</point>
			</points>
		</object>
		<object>
			<coordinate>pixel</coordinate>
			<type>rectangle</type>
			<description>None</description>
			<possibleresult>
				<name>Small Car</name>
			</possibleresult>
			<points>
				<point>322.000000,613.000000</point>
				<point>299.000000,613.000000</point>
				<point>299.000000,606.000000</point>
				<point>322.000000,606.000000</point>
				<point>322.000000,613.000000</point>
			</points>
		</object>
		<object>
			<coordinate>pixel</coordinate>
			<type>rectangle</type>
			<description>None</description>
			<possibleresult>
				<name>Small Car</name>
			</possibleresult>
			<points>
				<point>294.000000,673.000000</point>
				<point>276.000000,682.000000</point>
				<point>273.000000,674.000000</point>
				<point>290.000000,665.000000</point>
				<point>294.000000,673.000000</point>
			</points>
		</object>
		<object>
			<coordinate>pixel</coordinate>
			<type>rectangle</type>
			<description>None</description>
			<possibleresult>
				<name>Small Car</name>
			</possibleresult>
			<points>
				<point>23.000000,807.000000</point>
				<point>15.000000,808.000000</point>
				<point>14.000000,791.000000</point>
				<point>22.000000,790.000000</point>
				<point>23.000000,807.000000</point>
			</points>
		</object>
		<object>
			<coordinate>pixel</coordinate>
			<type>rectangle</type>
			<description>None</description>
			<possibleresult>
				<name>Bus</name>
			</possibleresult>
			<points>
				<point>629.000000,962.000000</point>
				<point>614.000000,963.000000</point>
				<point>611.000000,913.000000</point>
				<point>626.000000,912.000000</point>
				<point>629.000000,962.000000</point>
			</points>
		</object>
	</objects>
</annotation>