<?xml version="1.0" encoding="utf-8"?>
<annotation>
	<source>
		<filename>12170.tif</filename>
		<origin>GF2/GF3</origin>
	</source>
	<research>
		<version>1.0</version>
		<provider>FAIR1M</provider>
		<author>Cyber</author>
		<pluginname>FAIR1M</pluginname>
		<pluginclass>object detection</pluginclass>
		<time>2021-07-21</time>
	</research>
	<size>
		<width>1000</width>
		<height>1000</height>
		<depth>3</depth>
	</size>
	<objects>
		<object>
			<coordinate>pixel</coordinate>
			<type>rectangle</type>
			<description>None</description>
			<possibleresult>
				<name>Intersection</name>
			</possibleresult>
			<points>
				<point>407.000000,942.000000</point>
				<point>450.000000,913.000000</point>
				<point>428.000000,879.000000</point>
				<point>384.000000,905.000000</point>
				<point>407.000000,942.000000</point>
			</points>
		</object>
		<object>
			<coordinate>pixel</coordinate>
			<type>rectangle</type>
			<description>None</description>
			<possibleresult>
				<name>Basketball Court</name>
			</possibleresult>
			<points>
				<point>576.000000,956.000000</point>
				<point>607.000000,937.000000</point>
				<point>596.000000,920.000000</point>
				<point>565.000000,938.000000</point>
				<point>576.000000,956.000000</point>
			</points>
		</object>
		<object>
			<coordinate>pixel</coordinate>
			<type>rectangle</type>
			<description>None</description>
			<possibleresult>
				<name>Tennis Court</name>
			</possibleresult>
			<points>
				<point>532.000000,980.000000</point>
				<point>544.000000,972.000000</point>
				<point>528.000000,945.000000</point>
				<point>515.000000,954.000000</point>
				<point>532.000000,980.000000</point>
			</points>
		</object>
		<object>
			<coordinate>pixel</coordinate>
			<type>rectangle</type>
			<description>None</description>
			<possibleresult>
				<name>Tennis Court</name>
			</possibleresult>
			<points>
				<point>842.000000,564.000000</point>
				<point>853.000000,558.000000</point>
				<point>838.000000,534.000000</point>
				<point>828.000000,541.000000</point>
				<point>842.000000,564.000000</point>
			</points>
		</object>
		<object>
			<coordinate>pixel</coordinate>
			<type>rectangle</type>
			<description>None</description>
			<possibleresult>
				<name>Tennis Court</name>
			</possibleresult>
			<points>
				<point>861.000000,552.000000</point>
				<point>871.000000,546.000000</point>
				<point>857.000000,523.000000</point>
				<point>846.000000,528.000000</point>
				<point>861.000000,552.000000</point>
			</points>
		</object>
	</objects>
</annotation>