<?xml version="1.0" encoding="utf-8"?>
<annotation>
	<source>
		<filename>12192.tif</filename>
		<origin>GF2/GF3</origin>
	</source>
	<research>
		<version>1.0</version>
		<provider>FAIR1M</provider>
		<author>Cyber</author>
		<pluginname>FAIR1M</pluginname>
		<pluginclass>object detection</pluginclass>
		<time>2021-07-21</time>
	</research>
	<size>
		<width>1000</width>
		<height>1000</height>
		<depth>3</depth>
	</size>
	<objects>
		<object>
			<coordinate>pixel</coordinate>
			<type>rectangle</type>
			<description>None</description>
			<possibleresult>
				<name>Van</name>
			</possibleresult>
			<points>
				<point>37.000000,593.000000</point>
				<point>16.000000,594.000000</point>
				<point>16.000000,587.000000</point>
				<point>37.000000,585.000000</point>
				<point>37.000000,593.000000</point>
			</points>
		</object>
		<object>
			<coordinate>pixel</coordinate>
			<type>rectangle</type>
			<description>None</description>
			<possibleresult>
				<name>Van</name>
			</possibleresult>
			<points>
				<point>142.000000,682.000000</point>
				<point>131.000000,683.000000</point>
				<point>130.000000,667.000000</point>
				<point>141.000000,666.000000</point>
				<point>142.000000,682.000000</point>
			</points>
		</object>
		<object>
			<coordinate>pixel</coordinate>
			<type>rectangle</type>
			<description>None</description>
			<possibleresult>
				<name>Van</name>
			</possibleresult>
			<points>
				<point>158.000000,682.000000</point>
				<point>144.000000,682.000000</point>
				<point>144.000000,664.000000</point>
				<point>157.000000,664.000000</point>
				<point>158.000000,682.000000</point>
			</points>
		</object>
		<object>
			<coordinate>pixel</coordinate>
			<type>rectangle</type>
			<description>None</description>
			<possibleresult>
				<name>Van</name>
			</possibleresult>
			<points>
				<point>188.000000,677.000000</point>
				<point>177.000000,677.000000</point>
				<point>177.000000,660.000000</point>
				<point>188.000000,660.000000</point>
				<point>188.000000,677.000000</point>
			</points>
		</object>
		<object>
			<coordinate>pixel</coordinate>
			<type>rectangle</type>
			<description>None</description>
			<possibleresult>
				<name>Van</name>
			</possibleresult>
			<points>
				<point>203.000000,676.000000</point>
				<point>192.000000,676.000000</point>
				<point>192.000000,662.000000</point>
				<point>202.000000,661.000000</point>
				<point>203.000000,676.000000</point>
			</points>
		</object>
		<object>
			<coordinate>pixel</coordinate>
			<type>rectangle</type>
			<description>None</description>
			<possibleresult>
				<name>Small Car</name>
			</possibleresult>
			<points>
				<point>245.000000,673.000000</point>
				<point>235.000000,674.000000</point>
				<point>234.000000,658.000000</point>
				<point>244.000000,657.000000</point>
				<point>245.000000,673.000000</point>
			</points>
		</object>
		<object>
			<coordinate>pixel</coordinate>
			<type>rectangle</type>
			<description>None</description>
			<possibleresult>
				<name>Small Car</name>
			</possibleresult>
			<points>
				<point>198.000000,634.000000</point>
				<point>187.000000,636.000000</point>
				<point>185.000000,619.000000</point>
				<point>196.000000,618.000000</point>
				<point>198.000000,634.000000</point>
			</points>
		</object>
		<object>
			<coordinate>pixel</coordinate>
			<type>rectangle</type>
			<description>None</description>
			<possibleresult>
				<name>Small Car</name>
			</possibleresult>
			<points>
				<point>221.000000,631.000000</point>
				<point>211.000000,632.000000</point>
				<point>208.000000,616.000000</point>
				<point>219.000000,614.000000</point>
				<point>221.000000,631.000000</point>
			</points>
		</object>
		<object>
			<coordinate>pixel</coordinate>
			<type>rectangle</type>
			<description>None</description>
			<possibleresult>
				<name>Van</name>
			</possibleresult>
			<points>
				<point>235.000000,629.000000</point>
				<point>224.000000,630.000000</point>
				<point>222.000000,613.000000</point>
				<point>233.000000,612.000000</point>
				<point>235.000000,629.000000</point>
			</points>
		</object>
		<object>
			<coordinate>pixel</coordinate>
			<type>rectangle</type>
			<description>None</description>
			<possibleresult>
				<name>Small Car</name>
			</possibleresult>
			<points>
				<point>342.000000,654.000000</point>
				<point>339.000000,660.000000</point>
				<point>322.000000,651.000000</point>
				<point>325.000000,645.000000</point>
				<point>342.000000,654.000000</point>
			</points>
		</object>
		<object>
			<coordinate>pixel</coordinate>
			<type>rectangle</type>
			<description>None</description>
			<possibleresult>
				<name>Small Car</name>
			</possibleresult>
			<points>
				<point>336.000000,638.000000</point>
				<point>334.000000,644.000000</point>
				<point>316.000000,637.000000</point>
				<point>319.000000,630.000000</point>
				<point>336.000000,638.000000</point>
			</points>
		</object>
		<object>
			<coordinate>pixel</coordinate>
			<type>rectangle</type>
			<description>None</description>
			<possibleresult>
				<name>Small Car</name>
			</possibleresult>
			<points>
				<point>332.000000,625.000000</point>
				<point>329.000000,631.000000</point>
				<point>312.000000,622.000000</point>
				<point>316.000000,616.000000</point>
				<point>332.000000,625.000000</point>
			</points>
		</object>
		<object>
			<coordinate>pixel</coordinate>
			<type>rectangle</type>
			<description>None</description>
			<possibleresult>
				<name>Van</name>
			</possibleresult>
			<points>
				<point>340.000000,617.000000</point>
				<point>336.000000,623.000000</point>
				<point>317.000000,612.000000</point>
				<point>321.000000,606.000000</point>
				<point>340.000000,617.000000</point>
			</points>
		</object>
		<object>
			<coordinate>pixel</coordinate>
			<type>rectangle</type>
			<description>None</description>
			<possibleresult>
				<name>Van</name>
			</possibleresult>
			<points>
				<point>426.000000,620.000000</point>
				<point>418.000000,625.000000</point>
				<point>407.000000,609.000000</point>
				<point>415.000000,604.000000</point>
				<point>426.000000,620.000000</point>
			</points>
		</object>
		<object>
			<coordinate>pixel</coordinate>
			<type>rectangle</type>
			<description>None</description>
			<possibleresult>
				<name>Van</name>
			</possibleresult>
			<points>
				<point>441.000000,640.000000</point>
				<point>432.000000,644.000000</point>
				<point>425.000000,629.000000</point>
				<point>435.000000,625.000000</point>
				<point>441.000000,640.000000</point>
			</points>
		</object>
		<object>
			<coordinate>pixel</coordinate>
			<type>rectangle</type>
			<description>None</description>
			<possibleresult>
				<name>Van</name>
			</possibleresult>
			<points>
				<point>477.000000,667.000000</point>
				<point>471.000000,672.000000</point>
				<point>458.000000,657.000000</point>
				<point>465.000000,652.000000</point>
				<point>477.000000,667.000000</point>
			</points>
		</object>
		<object>
			<coordinate>pixel</coordinate>
			<type>rectangle</type>
			<description>None</description>
			<possibleresult>
				<name>Small Car</name>
			</possibleresult>
			<points>
				<point>526.000000,622.000000</point>
				<point>517.000000,623.000000</point>
				<point>515.000000,606.000000</point>
				<point>525.000000,605.000000</point>
				<point>526.000000,622.000000</point>
			</points>
		</object>
		<object>
			<coordinate>pixel</coordinate>
			<type>rectangle</type>
			<description>None</description>
			<possibleresult>
				<name>Cargo Truck</name>
			</possibleresult>
			<points>
				<point>626.000000,563.000000</point>
				<point>625.000000,574.000000</point>
				<point>589.000000,570.000000</point>
				<point>590.000000,559.000000</point>
				<point>626.000000,563.000000</point>
			</points>
		</object>
		<object>
			<coordinate>pixel</coordinate>
			<type>rectangle</type>
			<description>None</description>
			<possibleresult>
				<name>Van</name>
			</possibleresult>
			<points>
				<point>639.000000,703.000000</point>
				<point>626.000000,704.000000</point>
				<point>625.000000,687.000000</point>
				<point>638.000000,686.000000</point>
				<point>639.000000,703.000000</point>
			</points>
		</object>
		<object>
			<coordinate>pixel</coordinate>
			<type>rectangle</type>
			<description>None</description>
			<possibleresult>
				<name>Van</name>
			</possibleresult>
			<points>
				<point>671.000000,663.000000</point>
				<point>668.000000,670.000000</point>
				<point>649.000000,660.000000</point>
				<point>652.000000,653.000000</point>
				<point>671.000000,663.000000</point>
			</points>
		</object>
		<object>
			<coordinate>pixel</coordinate>
			<type>rectangle</type>
			<description>None</description>
			<possibleresult>
				<name>Small Car</name>
			</possibleresult>
			<points>
				<point>680.000000,607.000000</point>
				<point>665.000000,622.000000</point>
				<point>659.000000,615.000000</point>
				<point>673.000000,600.000000</point>
				<point>680.000000,607.000000</point>
			</points>
		</object>
		<object>
			<coordinate>pixel</coordinate>
			<type>rectangle</type>
			<description>None</description>
			<possibleresult>
				<name>Van</name>
			</possibleresult>
			<points>
				<point>717.000000,551.000000</point>
				<point>715.000000,564.000000</point>
				<point>707.000000,563.000000</point>
				<point>709.000000,549.000000</point>
				<point>717.000000,551.000000</point>
			</points>
		</object>
		<object>
			<coordinate>pixel</coordinate>
			<type>rectangle</type>
			<description>None</description>
			<possibleresult>
				<name>Van</name>
			</possibleresult>
			<points>
				<point>732.000000,554.000000</point>
				<point>724.000000,570.000000</point>
				<point>715.000000,565.000000</point>
				<point>723.000000,550.000000</point>
				<point>732.000000,554.000000</point>
			</points>
		</object>
		<object>
			<coordinate>pixel</coordinate>
			<type>rectangle</type>
			<description>None</description>
			<possibleresult>
				<name>Van</name>
			</possibleresult>
			<points>
				<point>748.000000,560.000000</point>
				<point>738.000000,576.000000</point>
				<point>728.000000,570.000000</point>
				<point>738.000000,553.000000</point>
				<point>748.000000,560.000000</point>
			</points>
		</object>
		<object>
			<coordinate>pixel</coordinate>
			<type>rectangle</type>
			<description>None</description>
			<possibleresult>
				<name>Van</name>
			</possibleresult>
			<points>
				<point>772.000000,569.000000</point>
				<point>763.000000,583.000000</point>
				<point>756.000000,578.000000</point>
				<point>764.000000,564.000000</point>
				<point>772.000000,569.000000</point>
			</points>
		</object>
		<object>
			<coordinate>pixel</coordinate>
			<type>rectangle</type>
			<description>None</description>
			<possibleresult>
				<name>Van</name>
			</possibleresult>
			<points>
				<point>783.000000,580.000000</point>
				<point>770.000000,592.000000</point>
				<point>765.000000,585.000000</point>
				<point>778.000000,574.000000</point>
				<point>783.000000,580.000000</point>
			</points>
		</object>
		<object>
			<coordinate>pixel</coordinate>
			<type>rectangle</type>
			<description>None</description>
			<possibleresult>
				<name>Small Car</name>
			</possibleresult>
			<points>
				<point>791.000000,587.000000</point>
				<point>777.000000,597.000000</point>
				<point>772.000000,591.000000</point>
				<point>787.000000,581.000000</point>
				<point>791.000000,587.000000</point>
			</points>
		</object>
		<object>
			<coordinate>pixel</coordinate>
			<type>rectangle</type>
			<description>None</description>
			<possibleresult>
				<name>Van</name>
			</possibleresult>
			<points>
				<point>800.000000,594.000000</point>
				<point>783.000000,606.000000</point>
				<point>779.000000,599.000000</point>
				<point>796.000000,588.000000</point>
				<point>800.000000,594.000000</point>
			</points>
		</object>
		<object>
			<coordinate>pixel</coordinate>
			<type>rectangle</type>
			<description>None</description>
			<possibleresult>
				<name>Dump Truck</name>
			</possibleresult>
			<points>
				<point>810.000000,605.000000</point>
				<point>785.000000,616.000000</point>
				<point>781.000000,608.000000</point>
				<point>806.000000,596.000000</point>
				<point>810.000000,605.000000</point>
			</points>
		</object>
		<object>
			<coordinate>pixel</coordinate>
			<type>rectangle</type>
			<description>None</description>
			<possibleresult>
				<name>Van</name>
			</possibleresult>
			<points>
				<point>838.000000,685.000000</point>
				<point>817.000000,685.000000</point>
				<point>817.000000,678.000000</point>
				<point>838.000000,678.000000</point>
				<point>838.000000,685.000000</point>
			</points>
		</object>
		<object>
			<coordinate>pixel</coordinate>
			<type>rectangle</type>
			<description>None</description>
			<possibleresult>
				<name>Intersection</name>
			</possibleresult>
			<points>
				<point>989.000000,914.000000</point>
				<point>904.000000,938.000000</point>
				<point>872.000000,819.000000</point>
				<point>956.000000,795.000000</point>
				<point>989.000000,914.000000</point>
			</points>
		</object>
		<object>
			<coordinate>pixel</coordinate>
			<type>rectangle</type>
			<description>None</description>
			<possibleresult>
				<name>Van</name>
			</possibleresult>
			<points>
				<point>911.000000,591.000000</point>
				<point>903.000000,596.000000</point>
				<point>895.000000,582.000000</point>
				<point>903.000000,577.000000</point>
				<point>911.000000,591.000000</point>
			</points>
		</object>
		<object>
			<coordinate>pixel</coordinate>
			<type>rectangle</type>
			<description>None</description>
			<possibleresult>
				<name>Van</name>
			</possibleresult>
			<points>
				<point>734.000000,440.000000</point>
				<point>719.000000,449.000000</point>
				<point>715.000000,442.000000</point>
				<point>730.000000,433.000000</point>
				<point>734.000000,440.000000</point>
			</points>
		</object>
		<object>
			<coordinate>pixel</coordinate>
			<type>rectangle</type>
			<description>None</description>
			<possibleresult>
				<name>Van</name>
			</possibleresult>
			<points>
				<point>727.000000,397.000000</point>
				<point>710.000000,406.000000</point>
				<point>706.000000,398.000000</point>
				<point>722.000000,389.000000</point>
				<point>727.000000,397.000000</point>
			</points>
		</object>
		<object>
			<coordinate>pixel</coordinate>
			<type>rectangle</type>
			<description>None</description>
			<possibleresult>
				<name>Van</name>
			</possibleresult>
			<points>
				<point>725.000000,373.000000</point>
				<point>706.000000,386.000000</point>
				<point>700.000000,378.000000</point>
				<point>720.000000,365.000000</point>
				<point>725.000000,373.000000</point>
			</points>
		</object>
		<object>
			<coordinate>pixel</coordinate>
			<type>rectangle</type>
			<description>None</description>
			<possibleresult>
				<name>Van</name>
			</possibleresult>
			<points>
				<point>675.000000,456.000000</point>
				<point>665.000000,457.000000</point>
				<point>664.000000,441.000000</point>
				<point>673.000000,440.000000</point>
				<point>675.000000,456.000000</point>
			</points>
		</object>
		<object>
			<coordinate>pixel</coordinate>
			<type>rectangle</type>
			<description>None</description>
			<possibleresult>
				<name>Small Car</name>
			</possibleresult>
			<points>
				<point>673.000000,440.000000</point>
				<point>663.000000,441.000000</point>
				<point>662.000000,424.000000</point>
				<point>672.000000,424.000000</point>
				<point>673.000000,440.000000</point>
			</points>
		</object>
		<object>
			<coordinate>pixel</coordinate>
			<type>rectangle</type>
			<description>None</description>
			<possibleresult>
				<name>Small Car</name>
			</possibleresult>
			<points>
				<point>670.000000,415.000000</point>
				<point>659.000000,418.000000</point>
				<point>656.000000,400.000000</point>
				<point>667.000000,398.000000</point>
				<point>670.000000,415.000000</point>
			</points>
		</object>
		<object>
			<coordinate>pixel</coordinate>
			<type>rectangle</type>
			<description>None</description>
			<possibleresult>
				<name>Dump Truck</name>
			</possibleresult>
			<points>
				<point>651.000000,449.000000</point>
				<point>641.000000,450.000000</point>
				<point>638.000000,430.000000</point>
				<point>649.000000,429.000000</point>
				<point>651.000000,449.000000</point>
			</points>
		</object>
		<object>
			<coordinate>pixel</coordinate>
			<type>rectangle</type>
			<description>None</description>
			<possibleresult>
				<name>Small Car</name>
			</possibleresult>
			<points>
				<point>660.000000,354.000000</point>
				<point>649.000000,355.000000</point>
				<point>646.000000,337.000000</point>
				<point>658.000000,336.000000</point>
				<point>660.000000,354.000000</point>
			</points>
		</object>
		<object>
			<coordinate>pixel</coordinate>
			<type>rectangle</type>
			<description>None</description>
			<possibleresult>
				<name>Van</name>
			</possibleresult>
			<points>
				<point>657.000000,334.000000</point>
				<point>647.000000,337.000000</point>
				<point>643.000000,319.000000</point>
				<point>654.000000,317.000000</point>
				<point>657.000000,334.000000</point>
			</points>
		</object>
		<object>
			<coordinate>pixel</coordinate>
			<type>rectangle</type>
			<description>None</description>
			<possibleresult>
				<name>Small Car</name>
			</possibleresult>
			<points>
				<point>648.000000,297.000000</point>
				<point>637.000000,297.000000</point>
				<point>637.000000,281.000000</point>
				<point>648.000000,281.000000</point>
				<point>648.000000,297.000000</point>
			</points>
		</object>
		<object>
			<coordinate>pixel</coordinate>
			<type>rectangle</type>
			<description>None</description>
			<possibleresult>
				<name>Small Car</name>
			</possibleresult>
			<points>
				<point>645.000000,275.000000</point>
				<point>634.000000,276.000000</point>
				<point>632.000000,258.000000</point>
				<point>643.000000,257.000000</point>
				<point>645.000000,275.000000</point>
			</points>
		</object>
		<object>
			<coordinate>pixel</coordinate>
			<type>rectangle</type>
			<description>None</description>
			<possibleresult>
				<name>Van</name>
			</possibleresult>
			<points>
				<point>642.000000,254.000000</point>
				<point>632.000000,255.000000</point>
				<point>630.000000,240.000000</point>
				<point>640.000000,239.000000</point>
				<point>642.000000,254.000000</point>
			</points>
		</object>
		<object>
			<coordinate>pixel</coordinate>
			<type>rectangle</type>
			<description>None</description>
			<possibleresult>
				<name>Van</name>
			</possibleresult>
			<points>
				<point>640.000000,235.000000</point>
				<point>629.000000,237.000000</point>
				<point>628.000000,221.000000</point>
				<point>638.000000,220.000000</point>
				<point>640.000000,235.000000</point>
			</points>
		</object>
		<object>
			<coordinate>pixel</coordinate>
			<type>rectangle</type>
			<description>None</description>
			<possibleresult>
				<name>Small Car</name>
			</possibleresult>
			<points>
				<point>685.000000,42.000000</point>
				<point>669.000000,56.000000</point>
				<point>664.000000,49.000000</point>
				<point>679.000000,36.000000</point>
				<point>685.000000,42.000000</point>
			</points>
		</object>
		<object>
			<coordinate>pixel</coordinate>
			<type>rectangle</type>
			<description>None</description>
			<possibleresult>
				<name>Small Car</name>
			</possibleresult>
			<points>
				<point>686.000000,55.000000</point>
				<point>674.000000,65.000000</point>
				<point>669.000000,59.000000</point>
				<point>681.000000,49.000000</point>
				<point>686.000000,55.000000</point>
			</points>
		</object>
		<object>
			<coordinate>pixel</coordinate>
			<type>rectangle</type>
			<description>None</description>
			<possibleresult>
				<name>Van</name>
			</possibleresult>
			<points>
				<point>691.000000,68.000000</point>
				<point>675.000000,80.000000</point>
				<point>669.000000,73.000000</point>
				<point>685.000000,60.000000</point>
				<point>691.000000,68.000000</point>
			</points>
		</object>
		<object>
			<coordinate>pixel</coordinate>
			<type>rectangle</type>
			<description>None</description>
			<possibleresult>
				<name>Small Car</name>
			</possibleresult>
			<points>
				<point>601.000000,31.000000</point>
				<point>590.000000,32.000000</point>
				<point>588.000000,14.000000</point>
				<point>598.000000,13.000000</point>
				<point>601.000000,31.000000</point>
			</points>
		</object>
		<object>
			<coordinate>pixel</coordinate>
			<type>rectangle</type>
			<description>None</description>
			<possibleresult>
				<name>Van</name>
			</possibleresult>
			<points>
				<point>635.000000,206.000000</point>
				<point>623.000000,207.000000</point>
				<point>621.000000,188.000000</point>
				<point>632.000000,187.000000</point>
				<point>635.000000,206.000000</point>
			</points>
		</object>
		<object>
			<coordinate>pixel</coordinate>
			<type>rectangle</type>
			<description>None</description>
			<possibleresult>
				<name>Van</name>
			</possibleresult>
			<points>
				<point>258.000000,387.000000</point>
				<point>244.000000,389.000000</point>
				<point>236.000000,341.000000</point>
				<point>250.000000,339.000000</point>
				<point>258.000000,387.000000</point>
			</points>
		</object>
		<object>
			<coordinate>pixel</coordinate>
			<type>rectangle</type>
			<description>None</description>
			<possibleresult>
				<name>Van</name>
			</possibleresult>
			<points>
				<point>173.000000,308.000000</point>
				<point>151.000000,310.000000</point>
				<point>151.000000,302.000000</point>
				<point>173.000000,301.000000</point>
				<point>173.000000,308.000000</point>
			</points>
		</object>
		<object>
			<coordinate>pixel</coordinate>
			<type>rectangle</type>
			<description>None</description>
			<possibleresult>
				<name>Small Car</name>
			</possibleresult>
			<points>
				<point>246.000000,17.000000</point>
				<point>225.000000,19.000000</point>
				<point>224.000000,11.000000</point>
				<point>246.000000,9.000000</point>
				<point>246.000000,17.000000</point>
			</points>
		</object>
		<object>
			<coordinate>pixel</coordinate>
			<type>rectangle</type>
			<description>None</description>
			<possibleresult>
				<name>Van</name>
			</possibleresult>
			<points>
				<point>350.000000,253.000000</point>
				<point>328.000000,254.000000</point>
				<point>327.000000,246.000000</point>
				<point>350.000000,245.000000</point>
				<point>350.000000,253.000000</point>
			</points>
		</object>
		<object>
			<coordinate>pixel</coordinate>
			<type>rectangle</type>
			<description>None</description>
			<possibleresult>
				<name>Small Car</name>
			</possibleresult>
			<points>
				<point>360.000000,316.000000</point>
				<point>338.000000,317.000000</point>
				<point>338.000000,310.000000</point>
				<point>360.000000,309.000000</point>
				<point>360.000000,316.000000</point>
			</points>
		</object>
		<object>
			<coordinate>pixel</coordinate>
			<type>rectangle</type>
			<description>None</description>
			<possibleresult>
				<name>Van</name>
			</possibleresult>
			<points>
				<point>379.000000,377.000000</point>
				<point>367.000000,379.000000</point>
				<point>364.000000,361.000000</point>
				<point>377.000000,359.000000</point>
				<point>379.000000,377.000000</point>
			</points>
		</object>
		<object>
			<coordinate>pixel</coordinate>
			<type>rectangle</type>
			<description>None</description>
			<possibleresult>
				<name>Van</name>
			</possibleresult>
			<points>
				<point>387.000000,416.000000</point>
				<point>376.000000,419.000000</point>
				<point>373.000000,402.000000</point>
				<point>383.000000,400.000000</point>
				<point>387.000000,416.000000</point>
			</points>
		</object>
		<object>
			<coordinate>pixel</coordinate>
			<type>rectangle</type>
			<description>None</description>
			<possibleresult>
				<name>Van</name>
			</possibleresult>
			<points>
				<point>347.000000,423.000000</point>
				<point>337.000000,424.000000</point>
				<point>335.000000,408.000000</point>
				<point>345.000000,407.000000</point>
				<point>347.000000,423.000000</point>
			</points>
		</object>
		<object>
			<coordinate>pixel</coordinate>
			<type>rectangle</type>
			<description>None</description>
			<possibleresult>
				<name>Van</name>
			</possibleresult>
			<points>
				<point>309.000000,427.000000</point>
				<point>300.000000,429.000000</point>
				<point>298.000000,411.000000</point>
				<point>306.000000,410.000000</point>
				<point>309.000000,427.000000</point>
			</points>
		</object>
		<object>
			<coordinate>pixel</coordinate>
			<type>rectangle</type>
			<description>None</description>
			<possibleresult>
				<name>Small Car</name>
			</possibleresult>
			<points>
				<point>298.000000,429.000000</point>
				<point>289.000000,431.000000</point>
				<point>285.000000,414.000000</point>
				<point>294.000000,412.000000</point>
				<point>298.000000,429.000000</point>
			</points>
		</object>
		<object>
			<coordinate>pixel</coordinate>
			<type>rectangle</type>
			<description>None</description>
			<possibleresult>
				<name>Small Car</name>
			</possibleresult>
			<points>
				<point>303.000000,473.000000</point>
				<point>293.000000,475.000000</point>
				<point>291.000000,458.000000</point>
				<point>301.000000,457.000000</point>
				<point>303.000000,473.000000</point>
			</points>
		</object>
		<object>
			<coordinate>pixel</coordinate>
			<type>rectangle</type>
			<description>None</description>
			<possibleresult>
				<name>Van</name>
			</possibleresult>
			<points>
				<point>328.000000,471.000000</point>
				<point>318.000000,472.000000</point>
				<point>316.000000,455.000000</point>
				<point>326.000000,454.000000</point>
				<point>328.000000,471.000000</point>
			</points>
		</object>
		<object>
			<coordinate>pixel</coordinate>
			<type>rectangle</type>
			<description>None</description>
			<possibleresult>
				<name>Small Car</name>
			</possibleresult>
			<points>
				<point>340.000000,469.000000</point>
				<point>330.000000,470.000000</point>
				<point>329.000000,454.000000</point>
				<point>339.000000,453.000000</point>
				<point>340.000000,469.000000</point>
			</points>
		</object>
		<object>
			<coordinate>pixel</coordinate>
			<type>rectangle</type>
			<description>None</description>
			<possibleresult>
				<name>Van</name>
			</possibleresult>
			<points>
				<point>544.000000,442.000000</point>
				<point>532.000000,444.000000</point>
				<point>530.000000,426.000000</point>
				<point>542.000000,424.000000</point>
				<point>544.000000,442.000000</point>
			</points>
		</object>
		<object>
			<coordinate>pixel</coordinate>
			<type>rectangle</type>
			<description>None</description>
			<possibleresult>
				<name>Dump Truck</name>
			</possibleresult>
			<points>
				<point>474.000000,404.000000</point>
				<point>453.000000,406.000000</point>
				<point>453.000000,394.000000</point>
				<point>473.000000,393.000000</point>
				<point>474.000000,404.000000</point>
			</points>
		</object>
		<object>
			<coordinate>pixel</coordinate>
			<type>rectangle</type>
			<description>None</description>
			<possibleresult>
				<name>Small Car</name>
			</possibleresult>
			<points>
				<point>554.000000,214.000000</point>
				<point>528.000000,214.000000</point>
				<point>528.000000,207.000000</point>
				<point>553.000000,206.000000</point>
				<point>554.000000,214.000000</point>
			</points>
		</object>
		<object>
			<coordinate>pixel</coordinate>
			<type>rectangle</type>
			<description>None</description>
			<possibleresult>
				<name>Van</name>
			</possibleresult>
			<points>
				<point>574.000000,119.000000</point>
				<point>553.000000,120.000000</point>
				<point>552.000000,113.000000</point>
				<point>573.000000,112.000000</point>
				<point>574.000000,119.000000</point>
			</points>
		</object>
		<object>
			<coordinate>pixel</coordinate>
			<type>rectangle</type>
			<description>None</description>
			<possibleresult>
				<name>Van</name>
			</possibleresult>
			<points>
				<point>552.000000,121.000000</point>
				<point>533.000000,122.000000</point>
				<point>532.000000,116.000000</point>
				<point>551.000000,114.000000</point>
				<point>552.000000,121.000000</point>
			</points>
		</object>
		<object>
			<coordinate>pixel</coordinate>
			<type>rectangle</type>
			<description>None</description>
			<possibleresult>
				<name>Van</name>
			</possibleresult>
			<points>
				<point>532.000000,29.000000</point>
				<point>511.000000,30.000000</point>
				<point>510.000000,23.000000</point>
				<point>531.000000,22.000000</point>
				<point>532.000000,29.000000</point>
			</points>
		</object>
		<object>
			<coordinate>pixel</coordinate>
			<type>rectangle</type>
			<description>None</description>
			<possibleresult>
				<name>Van</name>
			</possibleresult>
			<points>
				<point>505.000000,31.000000</point>
				<point>479.000000,33.000000</point>
				<point>479.000000,24.000000</point>
				<point>504.000000,23.000000</point>
				<point>505.000000,31.000000</point>
			</points>
		</object>
	</objects>
</annotation>