<?xml version="1.0" encoding="utf-8"?>
<annotation>
	<source>
		<filename>12209.tif</filename>
		<origin>GF2/GF3</origin>
	</source>
	<research>
		<version>1.0</version>
		<provider>FAIR1M</provider>
		<author>Cyber</author>
		<pluginname>FAIR1M</pluginname>
		<pluginclass>object detection</pluginclass>
		<time>2021-07-21</time>
	</research>
	<size>
		<width>1000</width>
		<height>1000</height>
		<depth>3</depth>
	</size>
	<objects>
		<object>
			<coordinate>pixel</coordinate>
			<type>rectangle</type>
			<description>None</description>
			<possibleresult>
				<name>Boeing787</name>
			</possibleresult>
			<points>
				<point>584.000000,161.000000</point>
				<point>511.000000,157.000000</point>
				<point>507.000000,234.000000</point>
				<point>581.000000,237.000000</point>
				<point>584.000000,161.000000</point>
			</points>
		</object>
	</objects>
</annotation>