<?xml version="1.0" encoding="utf-8"?>
<annotation>
	<source>
		<filename>12254.tif</filename>
		<origin>GF2/GF3</origin>
	</source>
	<research>
		<version>1.0</version>
		<provider>FAIR1M</provider>
		<author>Cyber</author>
		<pluginname>FAIR1M</pluginname>
		<pluginclass>object detection</pluginclass>
		<time>2021-07-21</time>
	</research>
	<size>
		<width>800</width>
		<height>600</height>
		<depth>4</depth>
	</size>
	<objects>
		<object>
			<coordinate>pixel</coordinate>
			<type>rectangle</type>
			<description>None</description>
			<possibleresult>
				<name>Small Car</name>
			</possibleresult>
			<points>
				<point>768.000000,496.000000</point>
				<point>760.000000,496.000000</point>
				<point>760.000000,488.000000</point>
				<point>767.000000,488.000000</point>
				<point>768.000000,496.000000</point>
			</points>
		</object>
		<object>
			<coordinate>pixel</coordinate>
			<type>rectangle</type>
			<description>None</description>
			<possibleresult>
				<name>Van</name>
			</possibleresult>
			<points>
				<point>688.000000,360.000000</point>
				<point>679.000000,359.000000</point>
				<point>680.000000,344.000000</point>
				<point>688.000000,344.000000</point>
				<point>688.000000,360.000000</point>
			</points>
		</object>
		<object>
			<coordinate>pixel</coordinate>
			<type>rectangle</type>
			<description>None</description>
			<possibleresult>
				<name>Small Car</name>
			</possibleresult>
			<points>
				<point>688.000000,341.000000</point>
				<point>679.000000,341.000000</point>
				<point>679.000000,325.000000</point>
				<point>688.000000,325.000000</point>
				<point>688.000000,341.000000</point>
			</points>
		</object>
		<object>
			<coordinate>pixel</coordinate>
			<type>rectangle</type>
			<description>None</description>
			<possibleresult>
				<name>Small Car</name>
			</possibleresult>
			<points>
				<point>689.000000,320.000000</point>
				<point>680.000000,321.000000</point>
				<point>679.000000,306.000000</point>
				<point>689.000000,305.000000</point>
				<point>689.000000,320.000000</point>
			</points>
		</object>
		<object>
			<coordinate>pixel</coordinate>
			<type>rectangle</type>
			<description>None</description>
			<possibleresult>
				<name>Small Car</name>
			</possibleresult>
			<points>
				<point>76.000000,427.000000</point>
				<point>68.000000,427.000000</point>
				<point>66.000000,408.000000</point>
				<point>75.000000,408.000000</point>
				<point>76.000000,427.000000</point>
			</points>
		</object>
		<object>
			<coordinate>pixel</coordinate>
			<type>rectangle</type>
			<description>None</description>
			<possibleresult>
				<name>Small Car</name>
			</possibleresult>
			<points>
				<point>162.000000,392.000000</point>
				<point>155.000000,395.000000</point>
				<point>147.000000,380.000000</point>
				<point>153.000000,377.000000</point>
				<point>162.000000,392.000000</point>
			</points>
		</object>
		<object>
			<coordinate>pixel</coordinate>
			<type>rectangle</type>
			<description>None</description>
			<possibleresult>
				<name>Small Car</name>
			</possibleresult>
			<points>
				<point>219.000000,380.000000</point>
				<point>214.000000,383.000000</point>
				<point>205.000000,371.000000</point>
				<point>210.000000,367.000000</point>
				<point>219.000000,380.000000</point>
			</points>
		</object>
		<object>
			<coordinate>pixel</coordinate>
			<type>rectangle</type>
			<description>None</description>
			<possibleresult>
				<name>Small Car</name>
			</possibleresult>
			<points>
				<point>137.000000,354.000000</point>
				<point>128.000000,355.000000</point>
				<point>127.000000,340.000000</point>
				<point>136.000000,339.000000</point>
				<point>137.000000,354.000000</point>
			</points>
		</object>
		<object>
			<coordinate>pixel</coordinate>
			<type>rectangle</type>
			<description>None</description>
			<possibleresult>
				<name>Small Car</name>
			</possibleresult>
			<points>
				<point>213.000000,196.000000</point>
				<point>206.000000,200.000000</point>
				<point>197.000000,185.000000</point>
				<point>204.000000,181.000000</point>
				<point>213.000000,196.000000</point>
			</points>
		</object>
		<object>
			<coordinate>pixel</coordinate>
			<type>rectangle</type>
			<description>None</description>
			<possibleresult>
				<name>Small Car</name>
			</possibleresult>
			<points>
				<point>176.000000,78.000000</point>
				<point>174.000000,93.000000</point>
				<point>165.000000,92.000000</point>
				<point>168.000000,76.000000</point>
				<point>176.000000,78.000000</point>
			</points>
		</object>
		<object>
			<coordinate>pixel</coordinate>
			<type>rectangle</type>
			<description>None</description>
			<possibleresult>
				<name>Small Car</name>
			</possibleresult>
			<points>
				<point>197.000000,69.000000</point>
				<point>180.000000,77.000000</point>
				<point>176.000000,70.000000</point>
				<point>193.000000,62.000000</point>
				<point>197.000000,69.000000</point>
			</points>
		</object>
		<object>
			<coordinate>pixel</coordinate>
			<type>rectangle</type>
			<description>None</description>
			<possibleresult>
				<name>Van</name>
			</possibleresult>
			<points>
				<point>209.000000,49.000000</point>
				<point>207.000000,64.000000</point>
				<point>199.000000,63.000000</point>
				<point>201.000000,49.000000</point>
				<point>209.000000,49.000000</point>
			</points>
		</object>
		<object>
			<coordinate>pixel</coordinate>
			<type>rectangle</type>
			<description>None</description>
			<possibleresult>
				<name>Van</name>
			</possibleresult>
			<points>
				<point>219.000000,59.000000</point>
				<point>214.000000,75.000000</point>
				<point>206.000000,73.000000</point>
				<point>211.000000,57.000000</point>
				<point>219.000000,59.000000</point>
			</points>
		</object>
		<object>
			<coordinate>pixel</coordinate>
			<type>rectangle</type>
			<description>None</description>
			<possibleresult>
				<name>Small Car</name>
			</possibleresult>
			<points>
				<point>191.000000,56.000000</point>
				<point>175.000000,67.000000</point>
				<point>170.000000,60.000000</point>
				<point>187.000000,49.000000</point>
				<point>191.000000,56.000000</point>
			</points>
		</object>
		<object>
			<coordinate>pixel</coordinate>
			<type>rectangle</type>
			<description>None</description>
			<possibleresult>
				<name>Small Car</name>
			</possibleresult>
			<points>
				<point>216.000000,28.000000</point>
				<point>206.000000,28.000000</point>
				<point>206.000000,11.000000</point>
				<point>215.000000,11.000000</point>
				<point>216.000000,28.000000</point>
			</points>
		</object>
		<object>
			<coordinate>pixel</coordinate>
			<type>rectangle</type>
			<description>None</description>
			<possibleresult>
				<name>Small Car</name>
			</possibleresult>
			<points>
				<point>269.000000,86.000000</point>
				<point>259.000000,86.000000</point>
				<point>259.000000,69.000000</point>
				<point>269.000000,69.000000</point>
				<point>269.000000,86.000000</point>
			</points>
		</object>
		<object>
			<coordinate>pixel</coordinate>
			<type>rectangle</type>
			<description>None</description>
			<possibleresult>
				<name>Small Car</name>
			</possibleresult>
			<points>
				<point>447.000000,100.000000</point>
				<point>437.000000,100.000000</point>
				<point>438.000000,84.000000</point>
				<point>447.000000,84.000000</point>
				<point>447.000000,100.000000</point>
			</points>
		</object>
		<object>
			<coordinate>pixel</coordinate>
			<type>rectangle</type>
			<description>None</description>
			<possibleresult>
				<name>Van</name>
			</possibleresult>
			<points>
				<point>577.000000,216.000000</point>
				<point>569.000000,216.000000</point>
				<point>569.000000,201.000000</point>
				<point>577.000000,201.000000</point>
				<point>577.000000,216.000000</point>
			</points>
		</object>
		<object>
			<coordinate>pixel</coordinate>
			<type>rectangle</type>
			<description>None</description>
			<possibleresult>
				<name>Small Car</name>
			</possibleresult>
			<points>
				<point>632.000000,236.000000</point>
				<point>624.000000,236.000000</point>
				<point>624.000000,222.000000</point>
				<point>632.000000,222.000000</point>
				<point>632.000000,236.000000</point>
			</points>
		</object>
		<object>
			<coordinate>pixel</coordinate>
			<type>rectangle</type>
			<description>None</description>
			<possibleresult>
				<name>Small Car</name>
			</possibleresult>
			<points>
				<point>708.000000,170.000000</point>
				<point>699.000000,170.000000</point>
				<point>699.000000,154.000000</point>
				<point>708.000000,154.000000</point>
				<point>708.000000,170.000000</point>
			</points>
		</object>
		<object>
			<coordinate>pixel</coordinate>
			<type>rectangle</type>
			<description>None</description>
			<possibleresult>
				<name>Small Car</name>
			</possibleresult>
			<points>
				<point>745.000000,215.000000</point>
				<point>737.000000,215.000000</point>
				<point>736.000000,199.000000</point>
				<point>744.000000,199.000000</point>
				<point>745.000000,215.000000</point>
			</points>
		</object>
		<object>
			<coordinate>pixel</coordinate>
			<type>rectangle</type>
			<description>None</description>
			<possibleresult>
				<name>Van</name>
			</possibleresult>
			<points>
				<point>746.000000,219.000000</point>
				<point>745.000000,234.000000</point>
				<point>736.000000,234.000000</point>
				<point>737.000000,219.000000</point>
				<point>746.000000,219.000000</point>
			</points>
		</object>
		<object>
			<coordinate>pixel</coordinate>
			<type>rectangle</type>
			<description>None</description>
			<possibleresult>
				<name>Van</name>
			</possibleresult>
			<points>
				<point>744.000000,12.000000</point>
				<point>725.000000,12.000000</point>
				<point>726.000000,6.000000</point>
				<point>744.000000,6.000000</point>
				<point>744.000000,12.000000</point>
			</points>
		</object>
	</objects>
</annotation>