<?xml version="1.0" encoding="utf-8"?>
<annotation>
	<source>
		<filename>12294.tif</filename>
		<origin>GF2/GF3</origin>
	</source>
	<research>
		<version>1.0</version>
		<provider>FAIR1M</provider>
		<author>Cyber</author>
		<pluginname>FAIR1M</pluginname>
		<pluginclass>object detection</pluginclass>
		<time>2021-07-21</time>
	</research>
	<size>
		<width>800</width>
		<height>600</height>
		<depth>4</depth>
	</size>
	<objects>
		<object>
			<coordinate>pixel</coordinate>
			<type>rectangle</type>
			<description>None</description>
			<possibleresult>
				<name>Small Car</name>
			</possibleresult>
			<points>
				<point>256.000000,7.000000</point>
				<point>246.000000,24.000000</point>
				<point>238.000000,20.000000</point>
				<point>248.000000,2.000000</point>
				<point>256.000000,7.000000</point>
			</points>
		</object>
		<object>
			<coordinate>pixel</coordinate>
			<type>rectangle</type>
			<description>None</description>
			<possibleresult>
				<name>Small Car</name>
			</possibleresult>
			<points>
				<point>72.000000,87.000000</point>
				<point>70.000000,93.000000</point>
				<point>50.000000,86.000000</point>
				<point>52.000000,80.000000</point>
				<point>72.000000,87.000000</point>
			</points>
		</object>
		<object>
			<coordinate>pixel</coordinate>
			<type>rectangle</type>
			<description>None</description>
			<possibleresult>
				<name>Van</name>
			</possibleresult>
			<points>
				<point>136.000000,86.000000</point>
				<point>133.000000,92.000000</point>
				<point>112.000000,86.000000</point>
				<point>114.000000,79.000000</point>
				<point>136.000000,86.000000</point>
			</points>
		</object>
		<object>
			<coordinate>pixel</coordinate>
			<type>rectangle</type>
			<description>None</description>
			<possibleresult>
				<name>Van</name>
			</possibleresult>
			<points>
				<point>50.000000,79.000000</point>
				<point>49.000000,85.000000</point>
				<point>29.000000,80.000000</point>
				<point>31.000000,74.000000</point>
				<point>50.000000,79.000000</point>
			</points>
		</object>
		<object>
			<coordinate>pixel</coordinate>
			<type>rectangle</type>
			<description>None</description>
			<possibleresult>
				<name>Van</name>
			</possibleresult>
			<points>
				<point>62.000000,60.000000</point>
				<point>60.000000,66.000000</point>
				<point>39.000000,61.000000</point>
				<point>41.000000,54.000000</point>
				<point>62.000000,60.000000</point>
			</points>
		</object>
		<object>
			<coordinate>pixel</coordinate>
			<type>rectangle</type>
			<description>None</description>
			<possibleresult>
				<name>other-vehicle</name>
			</possibleresult>
			<points>
				<point>137.000000,169.000000</point>
				<point>135.000000,174.000000</point>
				<point>117.000000,167.000000</point>
				<point>119.000000,162.000000</point>
				<point>137.000000,169.000000</point>
			</points>
		</object>
		<object>
			<coordinate>pixel</coordinate>
			<type>rectangle</type>
			<description>None</description>
			<possibleresult>
				<name>Van</name>
			</possibleresult>
			<points>
				<point>116.000000,194.000000</point>
				<point>115.000000,200.000000</point>
				<point>103.000000,199.000000</point>
				<point>104.000000,193.000000</point>
				<point>116.000000,194.000000</point>
			</points>
		</object>
		<object>
			<coordinate>pixel</coordinate>
			<type>rectangle</type>
			<description>None</description>
			<possibleresult>
				<name>other-vehicle</name>
			</possibleresult>
			<points>
				<point>48.000000,224.000000</point>
				<point>38.000000,240.000000</point>
				<point>31.000000,235.000000</point>
				<point>40.000000,220.000000</point>
				<point>48.000000,224.000000</point>
			</points>
		</object>
		<object>
			<coordinate>pixel</coordinate>
			<type>rectangle</type>
			<description>None</description>
			<possibleresult>
				<name>Van</name>
			</possibleresult>
			<points>
				<point>82.000000,235.000000</point>
				<point>80.000000,241.000000</point>
				<point>61.000000,235.000000</point>
				<point>63.000000,228.000000</point>
				<point>82.000000,235.000000</point>
			</points>
		</object>
		<object>
			<coordinate>pixel</coordinate>
			<type>rectangle</type>
			<description>None</description>
			<possibleresult>
				<name>Small Car</name>
			</possibleresult>
			<points>
				<point>137.000000,281.000000</point>
				<point>127.000000,296.000000</point>
				<point>120.000000,291.000000</point>
				<point>130.000000,276.000000</point>
				<point>137.000000,281.000000</point>
			</points>
		</object>
		<object>
			<coordinate>pixel</coordinate>
			<type>rectangle</type>
			<description>None</description>
			<possibleresult>
				<name>Excavator</name>
			</possibleresult>
			<points>
				<point>168.000000,368.000000</point>
				<point>165.000000,379.000000</point>
				<point>133.000000,370.000000</point>
				<point>137.000000,358.000000</point>
				<point>168.000000,368.000000</point>
			</points>
		</object>
		<object>
			<coordinate>pixel</coordinate>
			<type>rectangle</type>
			<description>None</description>
			<possibleresult>
				<name>Excavator</name>
			</possibleresult>
			<points>
				<point>244.000000,394.000000</point>
				<point>239.000000,407.000000</point>
				<point>193.000000,390.000000</point>
				<point>198.000000,377.000000</point>
				<point>244.000000,394.000000</point>
			</points>
		</object>
		<object>
			<coordinate>pixel</coordinate>
			<type>rectangle</type>
			<description>None</description>
			<possibleresult>
				<name>Van</name>
			</possibleresult>
			<points>
				<point>363.000000,432.000000</point>
				<point>361.000000,439.000000</point>
				<point>340.000000,432.000000</point>
				<point>342.000000,425.000000</point>
				<point>363.000000,432.000000</point>
			</points>
		</object>
		<object>
			<coordinate>pixel</coordinate>
			<type>rectangle</type>
			<description>None</description>
			<possibleresult>
				<name>Intersection</name>
			</possibleresult>
			<points>
				<point>87.000000,358.000000</point>
				<point>73.000000,385.000000</point>
				<point>30.000000,364.000000</point>
				<point>44.000000,336.000000</point>
				<point>87.000000,358.000000</point>
			</points>
		</object>
	</objects>
</annotation>