<?xml version="1.0" encoding="utf-8"?>
<annotation>
	<source>
		<filename>12320.tif</filename>
		<origin>GF2/GF3</origin>
	</source>
	<research>
		<version>1.0</version>
		<provider>FAIR1M</provider>
		<author>Cyber</author>
		<pluginname>FAIR1M</pluginname>
		<pluginclass>object detection</pluginclass>
		<time>2021-07-21</time>
	</research>
	<size>
		<width>800</width>
		<height>600</height>
		<depth>4</depth>
	</size>
	<objects>
		<object>
			<coordinate>pixel</coordinate>
			<type>rectangle</type>
			<description>None</description>
			<possibleresult>
				<name>Tennis Court</name>
			</possibleresult>
			<points>
				<point>382.000000,91.000000</point>
				<point>337.000000,91.000000</point>
				<point>336.000000,11.000000</point>
				<point>382.000000,10.000000</point>
				<point>382.000000,91.000000</point>
			</points>
		</object>
		<object>
			<coordinate>pixel</coordinate>
			<type>rectangle</type>
			<description>None</description>
			<possibleresult>
				<name>Tennis Court</name>
			</possibleresult>
			<points>
				<point>455.000000,91.000000</point>
				<point>410.000000,91.000000</point>
				<point>409.000000,11.000000</point>
				<point>454.000000,10.000000</point>
				<point>455.000000,91.000000</point>
			</points>
		</object>
		<object>
			<coordinate>pixel</coordinate>
			<type>rectangle</type>
			<description>None</description>
			<possibleresult>
				<name>Tennis Court</name>
			</possibleresult>
			<points>
				<point>529.000000,10.000000</point>
				<point>528.000000,91.000000</point>
				<point>485.000000,91.000000</point>
				<point>485.000000,11.000000</point>
				<point>529.000000,10.000000</point>
			</points>
		</object>
		<object>
			<coordinate>pixel</coordinate>
			<type>rectangle</type>
			<description>None</description>
			<possibleresult>
				<name>Tennis Court</name>
			</possibleresult>
			<points>
				<point>628.000000,90.000000</point>
				<point>583.000000,90.000000</point>
				<point>583.000000,11.000000</point>
				<point>628.000000,11.000000</point>
				<point>628.000000,90.000000</point>
			</points>
		</object>
		<object>
			<coordinate>pixel</coordinate>
			<type>rectangle</type>
			<description>None</description>
			<possibleresult>
				<name>Tennis Court</name>
			</possibleresult>
			<points>
				<point>702.000000,89.000000</point>
				<point>658.000000,90.000000</point>
				<point>658.000000,11.000000</point>
				<point>702.000000,9.000000</point>
				<point>702.000000,89.000000</point>
			</points>
		</object>
		<object>
			<coordinate>pixel</coordinate>
			<type>rectangle</type>
			<description>None</description>
			<possibleresult>
				<name>Tennis Court</name>
			</possibleresult>
			<points>
				<point>776.000000,90.000000</point>
				<point>732.000000,90.000000</point>
				<point>731.000000,10.000000</point>
				<point>774.000000,10.000000</point>
				<point>776.000000,90.000000</point>
			</points>
		</object>
		<object>
			<coordinate>pixel</coordinate>
			<type>rectangle</type>
			<description>None</description>
			<possibleresult>
				<name>Tennis Court</name>
			</possibleresult>
			<points>
				<point>628.000000,242.000000</point>
				<point>585.000000,242.000000</point>
				<point>583.000000,162.000000</point>
				<point>628.000000,162.000000</point>
				<point>628.000000,242.000000</point>
			</points>
		</object>
		<object>
			<coordinate>pixel</coordinate>
			<type>rectangle</type>
			<description>None</description>
			<possibleresult>
				<name>Tennis Court</name>
			</possibleresult>
			<points>
				<point>703.000000,162.000000</point>
				<point>702.000000,242.000000</point>
				<point>658.000000,242.000000</point>
				<point>657.000000,162.000000</point>
				<point>703.000000,162.000000</point>
			</points>
		</object>
		<object>
			<coordinate>pixel</coordinate>
			<type>rectangle</type>
			<description>None</description>
			<possibleresult>
				<name>Tennis Court</name>
			</possibleresult>
			<points>
				<point>776.000000,241.000000</point>
				<point>732.000000,241.000000</point>
				<point>732.000000,162.000000</point>
				<point>775.000000,162.000000</point>
				<point>776.000000,241.000000</point>
			</points>
		</object>
		<object>
			<coordinate>pixel</coordinate>
			<type>rectangle</type>
			<description>None</description>
			<possibleresult>
				<name>Tennis Court</name>
			</possibleresult>
			<points>
				<point>628.000000,393.000000</point>
				<point>584.000000,394.000000</point>
				<point>584.000000,314.000000</point>
				<point>627.000000,314.000000</point>
				<point>628.000000,393.000000</point>
			</points>
		</object>
		<object>
			<coordinate>pixel</coordinate>
			<type>rectangle</type>
			<description>None</description>
			<possibleresult>
				<name>Tennis Court</name>
			</possibleresult>
			<points>
				<point>702.000000,313.000000</point>
				<point>701.000000,393.000000</point>
				<point>659.000000,394.000000</point>
				<point>657.000000,314.000000</point>
				<point>702.000000,313.000000</point>
			</points>
		</object>
		<object>
			<coordinate>pixel</coordinate>
			<type>rectangle</type>
			<description>None</description>
			<possibleresult>
				<name>Tennis Court</name>
			</possibleresult>
			<points>
				<point>776.000000,313.000000</point>
				<point>775.000000,393.000000</point>
				<point>732.000000,393.000000</point>
				<point>733.000000,314.000000</point>
				<point>776.000000,313.000000</point>
			</points>
		</object>
		<object>
			<coordinate>pixel</coordinate>
			<type>rectangle</type>
			<description>None</description>
			<possibleresult>
				<name>Van</name>
			</possibleresult>
			<points>
				<point>109.000000,378.000000</point>
				<point>89.000000,378.000000</point>
				<point>89.000000,371.000000</point>
				<point>109.000000,371.000000</point>
				<point>109.000000,378.000000</point>
			</points>
		</object>
		<object>
			<coordinate>pixel</coordinate>
			<type>rectangle</type>
			<description>None</description>
			<possibleresult>
				<name>Small Car</name>
			</possibleresult>
			<points>
				<point>131.000000,378.000000</point>
				<point>114.000000,378.000000</point>
				<point>114.000000,372.000000</point>
				<point>131.000000,372.000000</point>
				<point>131.000000,378.000000</point>
			</points>
		</object>
		<object>
			<coordinate>pixel</coordinate>
			<type>rectangle</type>
			<description>None</description>
			<possibleresult>
				<name>Small Car</name>
			</possibleresult>
			<points>
				<point>228.000000,84.000000</point>
				<point>219.000000,85.000000</point>
				<point>218.000000,68.000000</point>
				<point>227.000000,67.000000</point>
				<point>228.000000,84.000000</point>
			</points>
		</object>
		<object>
			<coordinate>pixel</coordinate>
			<type>rectangle</type>
			<description>None</description>
			<possibleresult>
				<name>Small Car</name>
			</possibleresult>
			<points>
				<point>229.000000,106.000000</point>
				<point>221.000000,107.000000</point>
				<point>220.000000,91.000000</point>
				<point>227.000000,90.000000</point>
				<point>229.000000,106.000000</point>
			</points>
		</object>
		<object>
			<coordinate>pixel</coordinate>
			<type>rectangle</type>
			<description>None</description>
			<possibleresult>
				<name>Small Car</name>
			</possibleresult>
			<points>
				<point>230.000000,171.000000</point>
				<point>229.000000,185.000000</point>
				<point>220.000000,185.000000</point>
				<point>221.000000,171.000000</point>
				<point>230.000000,171.000000</point>
			</points>
		</object>
		<object>
			<coordinate>pixel</coordinate>
			<type>rectangle</type>
			<description>None</description>
			<possibleresult>
				<name>Van</name>
			</possibleresult>
			<points>
				<point>239.000000,592.000000</point>
				<point>233.000000,593.000000</point>
				<point>231.000000,580.000000</point>
				<point>237.000000,579.000000</point>
				<point>239.000000,592.000000</point>
			</points>
		</object>
		<object>
			<coordinate>pixel</coordinate>
			<type>rectangle</type>
			<description>None</description>
			<possibleresult>
				<name>Van</name>
			</possibleresult>
			<points>
				<point>763.000000,533.000000</point>
				<point>759.000000,548.000000</point>
				<point>751.000000,545.000000</point>
				<point>756.000000,531.000000</point>
				<point>763.000000,533.000000</point>
			</points>
		</object>
		<object>
			<coordinate>pixel</coordinate>
			<type>rectangle</type>
			<description>None</description>
			<possibleresult>
				<name>Van</name>
			</possibleresult>
			<points>
				<point>170.000000,16.000000</point>
				<point>151.000000,16.000000</point>
				<point>150.000000,11.000000</point>
				<point>170.000000,11.000000</point>
				<point>170.000000,16.000000</point>
			</points>
		</object>
		<object>
			<coordinate>pixel</coordinate>
			<type>rectangle</type>
			<description>None</description>
			<possibleresult>
				<name>Small Car</name>
			</possibleresult>
			<points>
				<point>229.000000,64.000000</point>
				<point>218.000000,64.000000</point>
				<point>218.000000,48.000000</point>
				<point>228.000000,47.000000</point>
				<point>229.000000,64.000000</point>
			</points>
		</object>
		<object>
			<coordinate>pixel</coordinate>
			<type>rectangle</type>
			<description>None</description>
			<possibleresult>
				<name>Intersection</name>
			</possibleresult>
			<points>
				<point>249.000000,505.000000</point>
				<point>192.000000,507.000000</point>
				<point>191.000000,448.000000</point>
				<point>247.000000,447.000000</point>
				<point>249.000000,505.000000</point>
			</points>
		</object>
	</objects>
</annotation>