<?xml version="1.0" encoding="utf-8"?>
<annotation>
	<source>
		<filename>12343.tif</filename>
		<origin>GF2/GF3</origin>
	</source>
	<research>
		<version>1.0</version>
		<provider>FAIR1M</provider>
		<author>Cyber</author>
		<pluginname>FAIR1M</pluginname>
		<pluginclass>object detection</pluginclass>
		<time>2021-07-21</time>
	</research>
	<size>
		<width>600</width>
		<height>800</height>
		<depth>4</depth>
	</size>
	<objects>
		<object>
			<coordinate>pixel</coordinate>
			<type>rectangle</type>
			<description>None</description>
			<possibleresult>
				<name>Dump Truck</name>
			</possibleresult>
			<points>
				<point>28.000000,103.000000</point>
				<point>17.000000,117.000000</point>
				<point>12.000000,113.000000</point>
				<point>22.000000,99.000000</point>
				<point>28.000000,103.000000</point>
			</points>
		</object>
		<object>
			<coordinate>pixel</coordinate>
			<type>rectangle</type>
			<description>None</description>
			<possibleresult>
				<name>Small Car</name>
			</possibleresult>
			<points>
				<point>335.000000,638.000000</point>
				<point>326.000000,651.000000</point>
				<point>320.000000,647.000000</point>
				<point>329.000000,634.000000</point>
				<point>335.000000,638.000000</point>
			</points>
		</object>
		<object>
			<coordinate>pixel</coordinate>
			<type>rectangle</type>
			<description>None</description>
			<possibleresult>
				<name>Van</name>
			</possibleresult>
			<points>
				<point>454.000000,695.000000</point>
				<point>443.000000,709.000000</point>
				<point>438.000000,704.000000</point>
				<point>447.000000,691.000000</point>
				<point>454.000000,695.000000</point>
			</points>
		</object>
		<object>
			<coordinate>pixel</coordinate>
			<type>rectangle</type>
			<description>None</description>
			<possibleresult>
				<name>Small Car</name>
			</possibleresult>
			<points>
				<point>441.000000,712.000000</point>
				<point>431.000000,726.000000</point>
				<point>425.000000,722.000000</point>
				<point>435.000000,707.000000</point>
				<point>441.000000,712.000000</point>
			</points>
		</object>
		<object>
			<coordinate>pixel</coordinate>
			<type>rectangle</type>
			<description>None</description>
			<possibleresult>
				<name>Van</name>
			</possibleresult>
			<points>
				<point>428.000000,729.000000</point>
				<point>422.000000,744.000000</point>
				<point>413.000000,740.000000</point>
				<point>421.000000,725.000000</point>
				<point>428.000000,729.000000</point>
			</points>
		</object>
		<object>
			<coordinate>pixel</coordinate>
			<type>rectangle</type>
			<description>None</description>
			<possibleresult>
				<name>Van</name>
			</possibleresult>
			<points>
				<point>418.000000,745.000000</point>
				<point>410.000000,759.000000</point>
				<point>402.000000,755.000000</point>
				<point>410.000000,741.000000</point>
				<point>418.000000,745.000000</point>
			</points>
		</object>
		<object>
			<coordinate>pixel</coordinate>
			<type>rectangle</type>
			<description>None</description>
			<possibleresult>
				<name>Small Car</name>
			</possibleresult>
			<points>
				<point>408.000000,760.000000</point>
				<point>398.000000,773.000000</point>
				<point>393.000000,769.000000</point>
				<point>402.000000,756.000000</point>
				<point>408.000000,760.000000</point>
			</points>
		</object>
		<object>
			<coordinate>pixel</coordinate>
			<type>rectangle</type>
			<description>None</description>
			<possibleresult>
				<name>Van</name>
			</possibleresult>
			<points>
				<point>397.000000,776.000000</point>
				<point>392.000000,789.000000</point>
				<point>386.000000,786.000000</point>
				<point>392.000000,773.000000</point>
				<point>397.000000,776.000000</point>
			</points>
		</object>
		<object>
			<coordinate>pixel</coordinate>
			<type>rectangle</type>
			<description>None</description>
			<possibleresult>
				<name>Small Car</name>
			</possibleresult>
			<points>
				<point>352.000000,781.000000</point>
				<point>345.000000,794.000000</point>
				<point>337.000000,791.000000</point>
				<point>345.000000,777.000000</point>
				<point>352.000000,781.000000</point>
			</points>
		</object>
		<object>
			<coordinate>pixel</coordinate>
			<type>rectangle</type>
			<description>None</description>
			<possibleresult>
				<name>Dump Truck</name>
			</possibleresult>
			<points>
				<point>363.000000,762.000000</point>
				<point>352.000000,779.000000</point>
				<point>346.000000,774.000000</point>
				<point>355.000000,758.000000</point>
				<point>363.000000,762.000000</point>
			</points>
		</object>
		<object>
			<coordinate>pixel</coordinate>
			<type>rectangle</type>
			<description>None</description>
			<possibleresult>
				<name>Van</name>
			</possibleresult>
			<points>
				<point>371.000000,750.000000</point>
				<point>363.000000,761.000000</point>
				<point>357.000000,757.000000</point>
				<point>364.000000,746.000000</point>
				<point>371.000000,750.000000</point>
			</points>
		</object>
		<object>
			<coordinate>pixel</coordinate>
			<type>rectangle</type>
			<description>None</description>
			<possibleresult>
				<name>Van</name>
			</possibleresult>
			<points>
				<point>389.000000,744.000000</point>
				<point>379.000000,759.000000</point>
				<point>372.000000,754.000000</point>
				<point>382.000000,740.000000</point>
				<point>389.000000,744.000000</point>
			</points>
		</object>
		<object>
			<coordinate>pixel</coordinate>
			<type>rectangle</type>
			<description>None</description>
			<possibleresult>
				<name>Small Car</name>
			</possibleresult>
			<points>
				<point>404.000000,173.000000</point>
				<point>396.000000,178.000000</point>
				<point>387.000000,161.000000</point>
				<point>396.000000,156.000000</point>
				<point>404.000000,173.000000</point>
			</points>
		</object>
		<object>
			<coordinate>pixel</coordinate>
			<type>rectangle</type>
			<description>None</description>
			<possibleresult>
				<name>Dump Truck</name>
			</possibleresult>
			<points>
				<point>361.000000,297.000000</point>
				<point>334.000000,301.000000</point>
				<point>333.000000,292.000000</point>
				<point>360.000000,288.000000</point>
				<point>361.000000,297.000000</point>
			</points>
		</object>
		<object>
			<coordinate>pixel</coordinate>
			<type>rectangle</type>
			<description>None</description>
			<possibleresult>
				<name>Small Car</name>
			</possibleresult>
			<points>
				<point>351.000000,350.000000</point>
				<point>345.000000,365.000000</point>
				<point>338.000000,362.000000</point>
				<point>345.000000,347.000000</point>
				<point>351.000000,350.000000</point>
			</points>
		</object>
		<object>
			<coordinate>pixel</coordinate>
			<type>rectangle</type>
			<description>None</description>
			<possibleresult>
				<name>Van</name>
			</possibleresult>
			<points>
				<point>229.000000,377.000000</point>
				<point>225.000000,384.000000</point>
				<point>211.000000,376.000000</point>
				<point>214.000000,369.000000</point>
				<point>229.000000,377.000000</point>
			</points>
		</object>
		<object>
			<coordinate>pixel</coordinate>
			<type>rectangle</type>
			<description>None</description>
			<possibleresult>
				<name>Small Car</name>
			</possibleresult>
			<points>
				<point>310.000000,440.000000</point>
				<point>301.000000,454.000000</point>
				<point>294.000000,450.000000</point>
				<point>302.000000,436.000000</point>
				<point>310.000000,440.000000</point>
			</points>
		</object>
		<object>
			<coordinate>pixel</coordinate>
			<type>rectangle</type>
			<description>None</description>
			<possibleresult>
				<name>Small Car</name>
			</possibleresult>
			<points>
				<point>488.000000,692.000000</point>
				<point>480.000000,709.000000</point>
				<point>472.000000,705.000000</point>
				<point>482.000000,688.000000</point>
				<point>488.000000,692.000000</point>
			</points>
		</object>
		<object>
			<coordinate>pixel</coordinate>
			<type>rectangle</type>
			<description>None</description>
			<possibleresult>
				<name>Small Car</name>
			</possibleresult>
			<points>
				<point>488.000000,762.000000</point>
				<point>480.000000,763.000000</point>
				<point>478.000000,746.000000</point>
				<point>487.000000,746.000000</point>
				<point>488.000000,762.000000</point>
			</points>
		</object>
		<object>
			<coordinate>pixel</coordinate>
			<type>rectangle</type>
			<description>None</description>
			<possibleresult>
				<name>Small Car</name>
			</possibleresult>
			<points>
				<point>533.000000,724.000000</point>
				<point>532.000000,730.000000</point>
				<point>513.000000,729.000000</point>
				<point>514.000000,722.000000</point>
				<point>533.000000,724.000000</point>
			</points>
		</object>
		<object>
			<coordinate>pixel</coordinate>
			<type>rectangle</type>
			<description>None</description>
			<possibleresult>
				<name>Van</name>
			</possibleresult>
			<points>
				<point>535.000000,721.000000</point>
				<point>515.000000,720.000000</point>
				<point>515.000000,713.000000</point>
				<point>535.000000,714.000000</point>
				<point>535.000000,721.000000</point>
			</points>
		</object>
		<object>
			<coordinate>pixel</coordinate>
			<type>rectangle</type>
			<description>None</description>
			<possibleresult>
				<name>Van</name>
			</possibleresult>
			<points>
				<point>536.000000,712.000000</point>
				<point>517.000000,711.000000</point>
				<point>518.000000,704.000000</point>
				<point>536.000000,704.000000</point>
				<point>536.000000,712.000000</point>
			</points>
		</object>
		<object>
			<coordinate>pixel</coordinate>
			<type>rectangle</type>
			<description>None</description>
			<possibleresult>
				<name>Van</name>
			</possibleresult>
			<points>
				<point>536.000000,696.000000</point>
				<point>535.000000,703.000000</point>
				<point>518.000000,702.000000</point>
				<point>518.000000,695.000000</point>
				<point>536.000000,696.000000</point>
			</points>
		</object>
		<object>
			<coordinate>pixel</coordinate>
			<type>rectangle</type>
			<description>None</description>
			<possibleresult>
				<name>Van</name>
			</possibleresult>
			<points>
				<point>536.000000,696.000000</point>
				<point>518.000000,695.000000</point>
				<point>518.000000,689.000000</point>
				<point>536.000000,690.000000</point>
				<point>536.000000,696.000000</point>
			</points>
		</object>
		<object>
			<coordinate>pixel</coordinate>
			<type>rectangle</type>
			<description>None</description>
			<possibleresult>
				<name>Small Car</name>
			</possibleresult>
			<points>
				<point>536.000000,684.000000</point>
				<point>535.000000,690.000000</point>
				<point>520.000000,689.000000</point>
				<point>520.000000,684.000000</point>
				<point>536.000000,684.000000</point>
			</points>
		</object>
		<object>
			<coordinate>pixel</coordinate>
			<type>rectangle</type>
			<description>None</description>
			<possibleresult>
				<name>Small Car</name>
			</possibleresult>
			<points>
				<point>537.000000,684.000000</point>
				<point>521.000000,684.000000</point>
				<point>521.000000,678.000000</point>
				<point>537.000000,678.000000</point>
				<point>537.000000,684.000000</point>
			</points>
		</object>
		<object>
			<coordinate>pixel</coordinate>
			<type>rectangle</type>
			<description>None</description>
			<possibleresult>
				<name>Small Car</name>
			</possibleresult>
			<points>
				<point>590.000000,712.000000</point>
				<point>577.000000,723.000000</point>
				<point>572.000000,718.000000</point>
				<point>584.000000,706.000000</point>
				<point>590.000000,712.000000</point>
			</points>
		</object>
		<object>
			<coordinate>pixel</coordinate>
			<type>rectangle</type>
			<description>None</description>
			<possibleresult>
				<name>Van</name>
			</possibleresult>
			<points>
				<point>587.000000,754.000000</point>
				<point>572.000000,754.000000</point>
				<point>572.000000,747.000000</point>
				<point>587.000000,747.000000</point>
				<point>587.000000,754.000000</point>
			</points>
		</object>
		<object>
			<coordinate>pixel</coordinate>
			<type>rectangle</type>
			<description>None</description>
			<possibleresult>
				<name>Van</name>
			</possibleresult>
			<points>
				<point>571.000000,560.000000</point>
				<point>558.000000,574.000000</point>
				<point>551.000000,567.000000</point>
				<point>563.000000,554.000000</point>
				<point>571.000000,560.000000</point>
			</points>
		</object>
		<object>
			<coordinate>pixel</coordinate>
			<type>rectangle</type>
			<description>None</description>
			<possibleresult>
				<name>Small Car</name>
			</possibleresult>
			<points>
				<point>597.000000,520.000000</point>
				<point>586.000000,533.000000</point>
				<point>578.000000,527.000000</point>
				<point>591.000000,514.000000</point>
				<point>597.000000,520.000000</point>
			</points>
		</object>
		<object>
			<coordinate>pixel</coordinate>
			<type>rectangle</type>
			<description>None</description>
			<possibleresult>
				<name>Van</name>
			</possibleresult>
			<points>
				<point>157.000000,6.000000</point>
				<point>138.000000,7.000000</point>
				<point>138.000000,1.000000</point>
				<point>157.000000,0.000000</point>
				<point>157.000000,6.000000</point>
			</points>
		</object>
		<object>
			<coordinate>pixel</coordinate>
			<type>rectangle</type>
			<description>None</description>
			<possibleresult>
				<name>Small Car</name>
			</possibleresult>
			<points>
				<point>460.000000,362.000000</point>
				<point>452.000000,379.000000</point>
				<point>443.000000,375.000000</point>
				<point>451.000000,358.000000</point>
				<point>460.000000,362.000000</point>
			</points>
		</object>
		<object>
			<coordinate>pixel</coordinate>
			<type>rectangle</type>
			<description>None</description>
			<possibleresult>
				<name>Small Car</name>
			</possibleresult>
			<points>
				<point>478.000000,294.000000</point>
				<point>476.000000,301.000000</point>
				<point>460.000000,296.000000</point>
				<point>462.000000,289.000000</point>
				<point>478.000000,294.000000</point>
			</points>
		</object>
		<object>
			<coordinate>pixel</coordinate>
			<type>rectangle</type>
			<description>None</description>
			<possibleresult>
				<name>Van</name>
			</possibleresult>
			<points>
				<point>484.000000,285.000000</point>
				<point>482.000000,292.000000</point>
				<point>464.000000,286.000000</point>
				<point>466.000000,280.000000</point>
				<point>484.000000,285.000000</point>
			</points>
		</object>
	</objects>
</annotation>