<?xml version="1.0" encoding="utf-8"?>
<annotation>
	<source>
		<filename>12344.tif</filename>
		<origin>GF2/GF3</origin>
	</source>
	<research>
		<version>1.0</version>
		<provider>FAIR1M</provider>
		<author>Cyber</author>
		<pluginname>FAIR1M</pluginname>
		<pluginclass>object detection</pluginclass>
		<time>2021-07-21</time>
	</research>
	<size>
		<width>700</width>
		<height>700</height>
		<depth>3</depth>
	</size>
	<objects>
		<object>
			<coordinate>pixel</coordinate>
			<type>rectangle</type>
			<description>None</description>
			<possibleresult>
				<name>other-airplane</name>
			</possibleresult>
			<points>
				<point>661.000000,104.000000</point>
				<point>660.000000,162.000000</point>
				<point>592.000000,161.000000</point>
				<point>593.000000,103.000000</point>
				<point>661.000000,104.000000</point>
			</points>
		</object>
		<object>
			<coordinate>pixel</coordinate>
			<type>rectangle</type>
			<description>None</description>
			<possibleresult>
				<name>other-airplane</name>
			</possibleresult>
			<points>
				<point>661.000000,178.000000</point>
				<point>660.000000,237.000000</point>
				<point>591.000000,236.000000</point>
				<point>592.000000,177.000000</point>
				<point>661.000000,178.000000</point>
			</points>
		</object>
		<object>
			<coordinate>pixel</coordinate>
			<type>rectangle</type>
			<description>None</description>
			<possibleresult>
				<name>other-airplane</name>
			</possibleresult>
			<points>
				<point>663.000000,313.000000</point>
				<point>594.000000,313.000000</point>
				<point>594.000000,252.000000</point>
				<point>663.000000,252.000000</point>
				<point>663.000000,313.000000</point>
			</points>
		</object>
	</objects>
</annotation>