<?xml version="1.0" encoding="utf-8"?>
<annotation>
	<source>
		<filename>12366.tif</filename>
		<origin>GF2/GF3</origin>
	</source>
	<research>
		<version>1.0</version>
		<provider>FAIR1M</provider>
		<author>Cyber</author>
		<pluginname>FAIR1M</pluginname>
		<pluginclass>object detection</pluginclass>
		<time>2021-07-21</time>
	</research>
	<size>
		<width>1000</width>
		<height>1000</height>
		<depth>3</depth>
	</size>
	<objects>
		<object>
			<coordinate>pixel</coordinate>
			<type>rectangle</type>
			<description>None</description>
			<possibleresult>
				<name>Van</name>
			</possibleresult>
			<points>
				<point>248.000000,391.000000</point>
				<point>244.000000,396.000000</point>
				<point>232.000000,386.000000</point>
				<point>236.000000,381.000000</point>
				<point>248.000000,391.000000</point>
			</points>
		</object>
		<object>
			<coordinate>pixel</coordinate>
			<type>rectangle</type>
			<description>None</description>
			<possibleresult>
				<name>Van</name>
			</possibleresult>
			<points>
				<point>122.000000,890.000000</point>
				<point>108.000000,896.000000</point>
				<point>105.000000,890.000000</point>
				<point>119.000000,883.000000</point>
				<point>122.000000,890.000000</point>
			</points>
		</object>
		<object>
			<coordinate>pixel</coordinate>
			<type>rectangle</type>
			<description>None</description>
			<possibleresult>
				<name>Small Car</name>
			</possibleresult>
			<points>
				<point>304.000000,916.000000</point>
				<point>297.000000,920.000000</point>
				<point>286.000000,901.000000</point>
				<point>293.000000,897.000000</point>
				<point>304.000000,916.000000</point>
			</points>
		</object>
		<object>
			<coordinate>pixel</coordinate>
			<type>rectangle</type>
			<description>None</description>
			<possibleresult>
				<name>Dump Truck</name>
			</possibleresult>
			<points>
				<point>29.000000,727.000000</point>
				<point>12.000000,735.000000</point>
				<point>9.000000,730.000000</point>
				<point>26.000000,722.000000</point>
				<point>29.000000,727.000000</point>
			</points>
		</object>
		<object>
			<coordinate>pixel</coordinate>
			<type>rectangle</type>
			<description>None</description>
			<possibleresult>
				<name>Dump Truck</name>
			</possibleresult>
			<points>
				<point>718.000000,728.000000</point>
				<point>703.000000,744.000000</point>
				<point>697.000000,738.000000</point>
				<point>712.000000,722.000000</point>
				<point>718.000000,728.000000</point>
			</points>
		</object>
		<object>
			<coordinate>pixel</coordinate>
			<type>rectangle</type>
			<description>None</description>
			<possibleresult>
				<name>Van</name>
			</possibleresult>
			<points>
				<point>735.000000,798.000000</point>
				<point>728.000000,803.000000</point>
				<point>718.000000,790.000000</point>
				<point>725.000000,785.000000</point>
				<point>735.000000,798.000000</point>
			</points>
		</object>
		<object>
			<coordinate>pixel</coordinate>
			<type>rectangle</type>
			<description>None</description>
			<possibleresult>
				<name>Van</name>
			</possibleresult>
			<points>
				<point>747.000000,923.000000</point>
				<point>740.000000,923.000000</point>
				<point>740.000000,904.000000</point>
				<point>747.000000,904.000000</point>
				<point>747.000000,923.000000</point>
			</points>
		</object>
		<object>
			<coordinate>pixel</coordinate>
			<type>rectangle</type>
			<description>None</description>
			<possibleresult>
				<name>Dump Truck</name>
			</possibleresult>
			<points>
				<point>918.000000,542.000000</point>
				<point>902.000000,556.000000</point>
				<point>896.000000,550.000000</point>
				<point>913.000000,535.000000</point>
				<point>918.000000,542.000000</point>
			</points>
		</object>
		<object>
			<coordinate>pixel</coordinate>
			<type>rectangle</type>
			<description>None</description>
			<possibleresult>
				<name>Van</name>
			</possibleresult>
			<points>
				<point>766.000000,141.000000</point>
				<point>751.000000,155.000000</point>
				<point>745.000000,149.000000</point>
				<point>761.000000,135.000000</point>
				<point>766.000000,141.000000</point>
			</points>
		</object>
		<object>
			<coordinate>pixel</coordinate>
			<type>rectangle</type>
			<description>None</description>
			<possibleresult>
				<name>Van</name>
			</possibleresult>
			<points>
				<point>820.000000,92.000000</point>
				<point>808.000000,103.000000</point>
				<point>802.000000,97.000000</point>
				<point>815.000000,86.000000</point>
				<point>820.000000,92.000000</point>
			</points>
		</object>
		<object>
			<coordinate>pixel</coordinate>
			<type>rectangle</type>
			<description>None</description>
			<possibleresult>
				<name>Intersection</name>
			</possibleresult>
			<points>
				<point>685.000000,253.000000</point>
				<point>651.000000,289.000000</point>
				<point>615.000000,256.000000</point>
				<point>649.000000,220.000000</point>
				<point>685.000000,253.000000</point>
			</points>
		</object>
	</objects>
</annotation>