<?xml version="1.0" encoding="utf-8"?>
<annotation>
	<source>
		<filename>12399.tif</filename>
		<origin>GF2/GF3</origin>
	</source>
	<research>
		<version>1.0</version>
		<provider>FAIR1M</provider>
		<author>Cyber</author>
		<pluginname>FAIR1M</pluginname>
		<pluginclass>object detection</pluginclass>
		<time>2021-07-21</time>
	</research>
	<size>
		<width>1000</width>
		<height>1000</height>
		<depth>3</depth>
	</size>
	<objects>
		<object>
			<coordinate>pixel</coordinate>
			<type>rectangle</type>
			<description>None</description>
			<possibleresult>
				<name>A220</name>
			</possibleresult>
			<points>
				<point>778.000000,426.000000</point>
				<point>819.000000,392.000000</point>
				<point>789.000000,356.000000</point>
				<point>748.000000,389.000000</point>
				<point>778.000000,426.000000</point>
			</points>
		</object>
		<object>
			<coordinate>pixel</coordinate>
			<type>rectangle</type>
			<description>None</description>
			<possibleresult>
				<name>A220</name>
			</possibleresult>
			<points>
				<point>874.000000,501.000000</point>
				<point>842.000000,463.000000</point>
				<point>807.000000,492.000000</point>
				<point>839.000000,530.000000</point>
				<point>874.000000,501.000000</point>
			</points>
		</object>
		<object>
			<coordinate>pixel</coordinate>
			<type>rectangle</type>
			<description>None</description>
			<possibleresult>
				<name>other-airplane</name>
			</possibleresult>
			<points>
				<point>829.000000,534.000000</point>
				<point>802.000000,503.000000</point>
				<point>774.000000,529.000000</point>
				<point>801.000000,559.000000</point>
				<point>829.000000,534.000000</point>
			</points>
		</object>
		<object>
			<coordinate>pixel</coordinate>
			<type>rectangle</type>
			<description>None</description>
			<possibleresult>
				<name>other-airplane</name>
			</possibleresult>
			<points>
				<point>560.000000,548.000000</point>
				<point>592.000000,506.000000</point>
				<point>550.000000,475.000000</point>
				<point>518.000000,517.000000</point>
				<point>560.000000,548.000000</point>
			</points>
		</object>
		<object>
			<coordinate>pixel</coordinate>
			<type>rectangle</type>
			<description>None</description>
			<possibleresult>
				<name>Boeing787</name>
			</possibleresult>
			<points>
				<point>849.000000,767.000000</point>
				<point>796.000000,703.000000</point>
				<point>736.000000,753.000000</point>
				<point>789.000000,816.000000</point>
				<point>849.000000,767.000000</point>
			</points>
		</object>
		<object>
			<coordinate>pixel</coordinate>
			<type>rectangle</type>
			<description>None</description>
			<possibleresult>
				<name>other-airplane</name>
			</possibleresult>
			<points>
				<point>568.000000,724.000000</point>
				<point>545.000000,695.000000</point>
				<point>514.000000,719.000000</point>
				<point>537.000000,748.000000</point>
				<point>568.000000,724.000000</point>
			</points>
		</object>
		<object>
			<coordinate>pixel</coordinate>
			<type>rectangle</type>
			<description>None</description>
			<possibleresult>
				<name>A220</name>
			</possibleresult>
			<points>
				<point>527.000000,758.000000</point>
				<point>494.000000,720.000000</point>
				<point>459.000000,752.000000</point>
				<point>492.000000,789.000000</point>
				<point>527.000000,758.000000</point>
			</points>
		</object>
		<object>
			<coordinate>pixel</coordinate>
			<type>rectangle</type>
			<description>None</description>
			<possibleresult>
				<name>Boeing787</name>
			</possibleresult>
			<points>
				<point>622.000000,941.000000</point>
				<point>568.000000,880.000000</point>
				<point>510.000000,932.000000</point>
				<point>564.000000,993.000000</point>
				<point>622.000000,941.000000</point>
			</points>
		</object>
		<object>
			<coordinate>pixel</coordinate>
			<type>rectangle</type>
			<description>None</description>
			<possibleresult>
				<name>A220</name>
			</possibleresult>
			<points>
				<point>551.000000,989.000000</point>
				<point>517.000000,951.000000</point>
				<point>481.000000,984.000000</point>
				<point>515.000000,1022.000000</point>
				<point>551.000000,989.000000</point>
			</points>
		</object>
	</objects>
</annotation>