<?xml version="1.0" encoding="utf-8"?>
<annotation>
	<source>
		<filename>12535.tif</filename>
		<origin>GF2/GF3</origin>
	</source>
	<research>
		<version>1.0</version>
		<provider>FAIR1M</provider>
		<author>Cyber</author>
		<pluginname>FAIR1M</pluginname>
		<pluginclass>object detection</pluginclass>
		<time>2021-07-21</time>
	</research>
	<size>
		<width>1000</width>
		<height>1000</height>
		<depth>3</depth>
	</size>
	<objects>
		<object>
			<coordinate>pixel</coordinate>
			<type>rectangle</type>
			<description>None</description>
			<possibleresult>
				<name>Dump Truck</name>
			</possibleresult>
			<points>
				<point>186.000000,835.000000</point>
				<point>177.000000,835.000000</point>
				<point>177.000000,818.000000</point>
				<point>186.000000,819.000000</point>
				<point>186.000000,835.000000</point>
			</points>
		</object>
		<object>
			<coordinate>pixel</coordinate>
			<type>rectangle</type>
			<description>None</description>
			<possibleresult>
				<name>Small Car</name>
			</possibleresult>
			<points>
				<point>127.000000,800.000000</point>
				<point>105.000000,799.000000</point>
				<point>105.000000,792.000000</point>
				<point>127.000000,793.000000</point>
				<point>127.000000,800.000000</point>
			</points>
		</object>
		<object>
			<coordinate>pixel</coordinate>
			<type>rectangle</type>
			<description>None</description>
			<possibleresult>
				<name>Small Car</name>
			</possibleresult>
			<points>
				<point>255.000000,751.000000</point>
				<point>254.000000,757.000000</point>
				<point>239.000000,756.000000</point>
				<point>240.000000,750.000000</point>
				<point>255.000000,751.000000</point>
			</points>
		</object>
		<object>
			<coordinate>pixel</coordinate>
			<type>rectangle</type>
			<description>None</description>
			<possibleresult>
				<name>Van</name>
			</possibleresult>
			<points>
				<point>252.000000,737.000000</point>
				<point>237.000000,737.000000</point>
				<point>237.000000,731.000000</point>
				<point>252.000000,731.000000</point>
				<point>252.000000,737.000000</point>
			</points>
		</object>
		<object>
			<coordinate>pixel</coordinate>
			<type>rectangle</type>
			<description>None</description>
			<possibleresult>
				<name>Small Car</name>
			</possibleresult>
			<points>
				<point>254.000000,716.000000</point>
				<point>234.000000,717.000000</point>
				<point>233.000000,711.000000</point>
				<point>254.000000,710.000000</point>
				<point>254.000000,716.000000</point>
			</points>
		</object>
		<object>
			<coordinate>pixel</coordinate>
			<type>rectangle</type>
			<description>None</description>
			<possibleresult>
				<name>Small Car</name>
			</possibleresult>
			<points>
				<point>88.000000,734.000000</point>
				<point>69.000000,733.000000</point>
				<point>69.000000,728.000000</point>
				<point>88.000000,728.000000</point>
				<point>88.000000,734.000000</point>
			</points>
		</object>
		<object>
			<coordinate>pixel</coordinate>
			<type>rectangle</type>
			<description>None</description>
			<possibleresult>
				<name>Small Car</name>
			</possibleresult>
			<points>
				<point>150.000000,670.000000</point>
				<point>143.000000,670.000000</point>
				<point>144.000000,655.000000</point>
				<point>150.000000,655.000000</point>
				<point>150.000000,670.000000</point>
			</points>
		</object>
		<object>
			<coordinate>pixel</coordinate>
			<type>rectangle</type>
			<description>None</description>
			<possibleresult>
				<name>Van</name>
			</possibleresult>
			<points>
				<point>186.000000,672.000000</point>
				<point>180.000000,672.000000</point>
				<point>180.000000,660.000000</point>
				<point>186.000000,660.000000</point>
				<point>186.000000,672.000000</point>
			</points>
		</object>
		<object>
			<coordinate>pixel</coordinate>
			<type>rectangle</type>
			<description>None</description>
			<possibleresult>
				<name>Small Car</name>
			</possibleresult>
			<points>
				<point>98.000000,631.000000</point>
				<point>79.000000,635.000000</point>
				<point>78.000000,629.000000</point>
				<point>97.000000,625.000000</point>
				<point>98.000000,631.000000</point>
			</points>
		</object>
		<object>
			<coordinate>pixel</coordinate>
			<type>rectangle</type>
			<description>None</description>
			<possibleresult>
				<name>Van</name>
			</possibleresult>
			<points>
				<point>95.000000,620.000000</point>
				<point>78.000000,621.000000</point>
				<point>78.000000,616.000000</point>
				<point>95.000000,615.000000</point>
				<point>95.000000,620.000000</point>
			</points>
		</object>
		<object>
			<coordinate>pixel</coordinate>
			<type>rectangle</type>
			<description>None</description>
			<possibleresult>
				<name>Small Car</name>
			</possibleresult>
			<points>
				<point>99.000000,612.000000</point>
				<point>81.000000,612.000000</point>
				<point>81.000000,606.000000</point>
				<point>99.000000,606.000000</point>
				<point>99.000000,612.000000</point>
			</points>
		</object>
		<object>
			<coordinate>pixel</coordinate>
			<type>rectangle</type>
			<description>None</description>
			<possibleresult>
				<name>Small Car</name>
			</possibleresult>
			<points>
				<point>122.000000,612.000000</point>
				<point>103.000000,611.000000</point>
				<point>103.000000,606.000000</point>
				<point>122.000000,606.000000</point>
				<point>122.000000,612.000000</point>
			</points>
		</object>
		<object>
			<coordinate>pixel</coordinate>
			<type>rectangle</type>
			<description>None</description>
			<possibleresult>
				<name>Small Car</name>
			</possibleresult>
			<points>
				<point>125.000000,598.000000</point>
				<point>110.000000,599.000000</point>
				<point>110.000000,594.000000</point>
				<point>125.000000,593.000000</point>
				<point>125.000000,598.000000</point>
			</points>
		</object>
		<object>
			<coordinate>pixel</coordinate>
			<type>rectangle</type>
			<description>None</description>
			<possibleresult>
				<name>Small Car</name>
			</possibleresult>
			<points>
				<point>102.000000,602.000000</point>
				<point>88.000000,602.000000</point>
				<point>88.000000,596.000000</point>
				<point>102.000000,596.000000</point>
				<point>102.000000,602.000000</point>
			</points>
		</object>
		<object>
			<coordinate>pixel</coordinate>
			<type>rectangle</type>
			<description>None</description>
			<possibleresult>
				<name>Small Car</name>
			</possibleresult>
			<points>
				<point>93.000000,590.000000</point>
				<point>69.000000,590.000000</point>
				<point>69.000000,584.000000</point>
				<point>93.000000,584.000000</point>
				<point>93.000000,590.000000</point>
			</points>
		</object>
		<object>
			<coordinate>pixel</coordinate>
			<type>rectangle</type>
			<description>None</description>
			<possibleresult>
				<name>Van</name>
			</possibleresult>
			<points>
				<point>255.000000,624.000000</point>
				<point>240.000000,623.000000</point>
				<point>241.000000,617.000000</point>
				<point>255.000000,619.000000</point>
				<point>255.000000,624.000000</point>
			</points>
		</object>
		<object>
			<coordinate>pixel</coordinate>
			<type>rectangle</type>
			<description>None</description>
			<possibleresult>
				<name>Small Car</name>
			</possibleresult>
			<points>
				<point>152.000000,541.000000</point>
				<point>144.000000,541.000000</point>
				<point>144.000000,525.000000</point>
				<point>152.000000,525.000000</point>
				<point>152.000000,541.000000</point>
			</points>
		</object>
		<object>
			<coordinate>pixel</coordinate>
			<type>rectangle</type>
			<description>None</description>
			<possibleresult>
				<name>Van</name>
			</possibleresult>
			<points>
				<point>154.000000,503.000000</point>
				<point>153.000000,522.000000</point>
				<point>144.000000,522.000000</point>
				<point>146.000000,503.000000</point>
				<point>154.000000,503.000000</point>
			</points>
		</object>
		<object>
			<coordinate>pixel</coordinate>
			<type>rectangle</type>
			<description>None</description>
			<possibleresult>
				<name>Van</name>
			</possibleresult>
			<points>
				<point>239.000000,498.000000</point>
				<point>238.000000,503.000000</point>
				<point>218.000000,503.000000</point>
				<point>219.000000,497.000000</point>
				<point>239.000000,498.000000</point>
			</points>
		</object>
		<object>
			<coordinate>pixel</coordinate>
			<type>rectangle</type>
			<description>None</description>
			<possibleresult>
				<name>Van</name>
			</possibleresult>
			<points>
				<point>259.000000,504.000000</point>
				<point>246.000000,504.000000</point>
				<point>246.000000,499.000000</point>
				<point>259.000000,499.000000</point>
				<point>259.000000,504.000000</point>
			</points>
		</object>
		<object>
			<coordinate>pixel</coordinate>
			<type>rectangle</type>
			<description>None</description>
			<possibleresult>
				<name>Van</name>
			</possibleresult>
			<points>
				<point>259.000000,492.000000</point>
				<point>236.000000,493.000000</point>
				<point>236.000000,486.000000</point>
				<point>259.000000,486.000000</point>
				<point>259.000000,492.000000</point>
			</points>
		</object>
		<object>
			<coordinate>pixel</coordinate>
			<type>rectangle</type>
			<description>None</description>
			<possibleresult>
				<name>Small Car</name>
			</possibleresult>
			<points>
				<point>103.000000,508.000000</point>
				<point>88.000000,516.000000</point>
				<point>84.000000,510.000000</point>
				<point>99.000000,502.000000</point>
				<point>103.000000,508.000000</point>
			</points>
		</object>
		<object>
			<coordinate>pixel</coordinate>
			<type>rectangle</type>
			<description>None</description>
			<possibleresult>
				<name>Van</name>
			</possibleresult>
			<points>
				<point>92.000000,496.000000</point>
				<point>86.000000,496.000000</point>
				<point>86.000000,485.000000</point>
				<point>92.000000,485.000000</point>
				<point>92.000000,496.000000</point>
			</points>
		</object>
		<object>
			<coordinate>pixel</coordinate>
			<type>rectangle</type>
			<description>None</description>
			<possibleresult>
				<name>Van</name>
			</possibleresult>
			<points>
				<point>96.000000,449.000000</point>
				<point>77.000000,450.000000</point>
				<point>77.000000,443.000000</point>
				<point>96.000000,443.000000</point>
				<point>96.000000,449.000000</point>
			</points>
		</object>
		<object>
			<coordinate>pixel</coordinate>
			<type>rectangle</type>
			<description>None</description>
			<possibleresult>
				<name>Van</name>
			</possibleresult>
			<points>
				<point>128.000000,417.000000</point>
				<point>109.000000,417.000000</point>
				<point>109.000000,412.000000</point>
				<point>128.000000,411.000000</point>
				<point>128.000000,417.000000</point>
			</points>
		</object>
		<object>
			<coordinate>pixel</coordinate>
			<type>rectangle</type>
			<description>None</description>
			<possibleresult>
				<name>Dump Truck</name>
			</possibleresult>
			<points>
				<point>107.000000,418.000000</point>
				<point>84.000000,417.000000</point>
				<point>84.000000,411.000000</point>
				<point>107.000000,412.000000</point>
				<point>107.000000,418.000000</point>
			</points>
		</object>
		<object>
			<coordinate>pixel</coordinate>
			<type>rectangle</type>
			<description>None</description>
			<possibleresult>
				<name>Small Car</name>
			</possibleresult>
			<points>
				<point>108.000000,406.000000</point>
				<point>84.000000,406.000000</point>
				<point>84.000000,399.000000</point>
				<point>108.000000,399.000000</point>
				<point>108.000000,406.000000</point>
			</points>
		</object>
		<object>
			<coordinate>pixel</coordinate>
			<type>rectangle</type>
			<description>None</description>
			<possibleresult>
				<name>Van</name>
			</possibleresult>
			<points>
				<point>230.000000,447.000000</point>
				<point>207.000000,448.000000</point>
				<point>207.000000,439.000000</point>
				<point>229.000000,438.000000</point>
				<point>230.000000,447.000000</point>
			</points>
		</object>
		<object>
			<coordinate>pixel</coordinate>
			<type>rectangle</type>
			<description>None</description>
			<possibleresult>
				<name>Small Car</name>
			</possibleresult>
			<points>
				<point>258.000000,383.000000</point>
				<point>240.000000,383.000000</point>
				<point>240.000000,377.000000</point>
				<point>258.000000,377.000000</point>
				<point>258.000000,383.000000</point>
			</points>
		</object>
		<object>
			<coordinate>pixel</coordinate>
			<type>rectangle</type>
			<description>None</description>
			<possibleresult>
				<name>Small Car</name>
			</possibleresult>
			<points>
				<point>154.000000,352.000000</point>
				<point>153.000000,371.000000</point>
				<point>144.000000,371.000000</point>
				<point>146.000000,352.000000</point>
				<point>154.000000,352.000000</point>
			</points>
		</object>
		<object>
			<coordinate>pixel</coordinate>
			<type>rectangle</type>
			<description>None</description>
			<possibleresult>
				<name>Van</name>
			</possibleresult>
			<points>
				<point>262.000000,348.000000</point>
				<point>247.000000,348.000000</point>
				<point>247.000000,342.000000</point>
				<point>262.000000,342.000000</point>
				<point>262.000000,348.000000</point>
			</points>
		</object>
		<object>
			<coordinate>pixel</coordinate>
			<type>rectangle</type>
			<description>None</description>
			<possibleresult>
				<name>Small Car</name>
			</possibleresult>
			<points>
				<point>259.000000,333.000000</point>
				<point>244.000000,339.000000</point>
				<point>241.000000,334.000000</point>
				<point>257.000000,327.000000</point>
				<point>259.000000,333.000000</point>
			</points>
		</object>
		<object>
			<coordinate>pixel</coordinate>
			<type>rectangle</type>
			<description>None</description>
			<possibleresult>
				<name>Dump Truck</name>
			</possibleresult>
			<points>
				<point>154.000000,350.000000</point>
				<point>144.000000,350.000000</point>
				<point>144.000000,331.000000</point>
				<point>154.000000,331.000000</point>
				<point>154.000000,350.000000</point>
			</points>
		</object>
		<object>
			<coordinate>pixel</coordinate>
			<type>rectangle</type>
			<description>None</description>
			<possibleresult>
				<name>Dump Truck</name>
			</possibleresult>
			<points>
				<point>90.000000,317.000000</point>
				<point>71.000000,317.000000</point>
				<point>71.000000,312.000000</point>
				<point>90.000000,311.000000</point>
				<point>90.000000,317.000000</point>
			</points>
		</object>
		<object>
			<coordinate>pixel</coordinate>
			<type>rectangle</type>
			<description>None</description>
			<possibleresult>
				<name>Small Car</name>
			</possibleresult>
			<points>
				<point>110.000000,317.000000</point>
				<point>95.000000,317.000000</point>
				<point>95.000000,312.000000</point>
				<point>110.000000,312.000000</point>
				<point>110.000000,317.000000</point>
			</points>
		</object>
		<object>
			<coordinate>pixel</coordinate>
			<type>rectangle</type>
			<description>None</description>
			<possibleresult>
				<name>Small Car</name>
			</possibleresult>
			<points>
				<point>96.000000,309.000000</point>
				<point>76.000000,309.000000</point>
				<point>76.000000,303.000000</point>
				<point>96.000000,303.000000</point>
				<point>96.000000,309.000000</point>
			</points>
		</object>
		<object>
			<coordinate>pixel</coordinate>
			<type>rectangle</type>
			<description>None</description>
			<possibleresult>
				<name>Van</name>
			</possibleresult>
			<points>
				<point>248.000000,256.000000</point>
				<point>247.000000,262.000000</point>
				<point>228.000000,258.000000</point>
				<point>229.000000,252.000000</point>
				<point>248.000000,256.000000</point>
			</points>
		</object>
		<object>
			<coordinate>pixel</coordinate>
			<type>rectangle</type>
			<description>None</description>
			<possibleresult>
				<name>Van</name>
			</possibleresult>
			<points>
				<point>226.000000,252.000000</point>
				<point>224.000000,258.000000</point>
				<point>206.000000,253.000000</point>
				<point>209.000000,246.000000</point>
				<point>226.000000,252.000000</point>
			</points>
		</object>
		<object>
			<coordinate>pixel</coordinate>
			<type>rectangle</type>
			<description>None</description>
			<possibleresult>
				<name>Van</name>
			</possibleresult>
			<points>
				<point>249.000000,249.000000</point>
				<point>227.000000,248.000000</point>
				<point>228.000000,242.000000</point>
				<point>249.000000,243.000000</point>
				<point>249.000000,249.000000</point>
			</points>
		</object>
		<object>
			<coordinate>pixel</coordinate>
			<type>rectangle</type>
			<description>None</description>
			<possibleresult>
				<name>Dump Truck</name>
			</possibleresult>
			<points>
				<point>254.000000,223.000000</point>
				<point>231.000000,223.000000</point>
				<point>231.000000,216.000000</point>
				<point>253.000000,216.000000</point>
				<point>254.000000,223.000000</point>
			</points>
		</object>
		<object>
			<coordinate>pixel</coordinate>
			<type>rectangle</type>
			<description>None</description>
			<possibleresult>
				<name>Small Car</name>
			</possibleresult>
			<points>
				<point>254.000000,231.000000</point>
				<point>239.000000,231.000000</point>
				<point>239.000000,225.000000</point>
				<point>254.000000,226.000000</point>
				<point>254.000000,231.000000</point>
			</points>
		</object>
		<object>
			<coordinate>pixel</coordinate>
			<type>rectangle</type>
			<description>None</description>
			<possibleresult>
				<name>Small Car</name>
			</possibleresult>
			<points>
				<point>228.000000,223.000000</point>
				<point>209.000000,224.000000</point>
				<point>209.000000,217.000000</point>
				<point>228.000000,217.000000</point>
				<point>228.000000,223.000000</point>
			</points>
		</object>
		<object>
			<coordinate>pixel</coordinate>
			<type>rectangle</type>
			<description>None</description>
			<possibleresult>
				<name>Small Car</name>
			</possibleresult>
			<points>
				<point>125.000000,204.000000</point>
				<point>108.000000,206.000000</point>
				<point>108.000000,199.000000</point>
				<point>124.000000,198.000000</point>
				<point>125.000000,204.000000</point>
			</points>
		</object>
		<object>
			<coordinate>pixel</coordinate>
			<type>rectangle</type>
			<description>None</description>
			<possibleresult>
				<name>Dump Truck</name>
			</possibleresult>
			<points>
				<point>132.000000,195.000000</point>
				<point>110.000000,196.000000</point>
				<point>110.000000,187.000000</point>
				<point>132.000000,187.000000</point>
				<point>132.000000,195.000000</point>
			</points>
		</object>
		<object>
			<coordinate>pixel</coordinate>
			<type>rectangle</type>
			<description>None</description>
			<possibleresult>
				<name>Van</name>
			</possibleresult>
			<points>
				<point>129.000000,183.000000</point>
				<point>108.000000,184.000000</point>
				<point>108.000000,177.000000</point>
				<point>128.000000,177.000000</point>
				<point>129.000000,183.000000</point>
			</points>
		</object>
		<object>
			<coordinate>pixel</coordinate>
			<type>rectangle</type>
			<description>None</description>
			<possibleresult>
				<name>Van</name>
			</possibleresult>
			<points>
				<point>231.000000,170.000000</point>
				<point>210.000000,170.000000</point>
				<point>210.000000,164.000000</point>
				<point>231.000000,164.000000</point>
				<point>231.000000,170.000000</point>
			</points>
		</object>
		<object>
			<coordinate>pixel</coordinate>
			<type>rectangle</type>
			<description>None</description>
			<possibleresult>
				<name>Dump Truck</name>
			</possibleresult>
			<points>
				<point>227.000000,159.000000</point>
				<point>207.000000,160.000000</point>
				<point>207.000000,153.000000</point>
				<point>227.000000,153.000000</point>
				<point>227.000000,159.000000</point>
			</points>
		</object>
		<object>
			<coordinate>pixel</coordinate>
			<type>rectangle</type>
			<description>None</description>
			<possibleresult>
				<name>Van</name>
			</possibleresult>
			<points>
				<point>109.000000,132.000000</point>
				<point>86.000000,133.000000</point>
				<point>86.000000,126.000000</point>
				<point>109.000000,125.000000</point>
				<point>109.000000,132.000000</point>
			</points>
		</object>
		<object>
			<coordinate>pixel</coordinate>
			<type>rectangle</type>
			<description>None</description>
			<possibleresult>
				<name>Dump Truck</name>
			</possibleresult>
			<points>
				<point>107.000000,115.000000</point>
				<point>106.000000,123.000000</point>
				<point>84.000000,121.000000</point>
				<point>84.000000,113.000000</point>
				<point>107.000000,115.000000</point>
			</points>
		</object>
		<object>
			<coordinate>pixel</coordinate>
			<type>rectangle</type>
			<description>None</description>
			<possibleresult>
				<name>Small Car</name>
			</possibleresult>
			<points>
				<point>114.000000,106.000000</point>
				<point>96.000000,106.000000</point>
				<point>96.000000,100.000000</point>
				<point>114.000000,101.000000</point>
				<point>114.000000,106.000000</point>
			</points>
		</object>
		<object>
			<coordinate>pixel</coordinate>
			<type>rectangle</type>
			<description>None</description>
			<possibleresult>
				<name>Small Car</name>
			</possibleresult>
			<points>
				<point>264.000000,98.000000</point>
				<point>245.000000,99.000000</point>
				<point>245.000000,93.000000</point>
				<point>264.000000,93.000000</point>
				<point>264.000000,98.000000</point>
			</points>
		</object>
		<object>
			<coordinate>pixel</coordinate>
			<type>rectangle</type>
			<description>None</description>
			<possibleresult>
				<name>Dump Truck</name>
			</possibleresult>
			<points>
				<point>129.000000,35.000000</point>
				<point>107.000000,37.000000</point>
				<point>107.000000,31.000000</point>
				<point>128.000000,29.000000</point>
				<point>129.000000,35.000000</point>
			</points>
		</object>
		<object>
			<coordinate>pixel</coordinate>
			<type>rectangle</type>
			<description>None</description>
			<possibleresult>
				<name>Van</name>
			</possibleresult>
			<points>
				<point>888.000000,996.000000</point>
				<point>871.000000,997.000000</point>
				<point>871.000000,991.000000</point>
				<point>888.000000,991.000000</point>
				<point>888.000000,996.000000</point>
			</points>
		</object>
		<object>
			<coordinate>pixel</coordinate>
			<type>rectangle</type>
			<description>None</description>
			<possibleresult>
				<name>Van</name>
			</possibleresult>
			<points>
				<point>233.000000,562.000000</point>
				<point>213.000000,562.000000</point>
				<point>213.000000,556.000000</point>
				<point>233.000000,556.000000</point>
				<point>233.000000,562.000000</point>
			</points>
		</object>
		<object>
			<coordinate>pixel</coordinate>
			<type>rectangle</type>
			<description>None</description>
			<possibleresult>
				<name>Van</name>
			</possibleresult>
			<points>
				<point>97.000000,432.000000</point>
				<point>78.000000,434.000000</point>
				<point>77.000000,428.000000</point>
				<point>97.000000,427.000000</point>
				<point>97.000000,432.000000</point>
			</points>
		</object>
	</objects>
</annotation>