<?xml version="1.0" encoding="utf-8"?>
<annotation>
	<source>
		<filename>12540.tif</filename>
		<origin>GF2/GF3</origin>
	</source>
	<research>
		<version>1.0</version>
		<provider>FAIR1M</provider>
		<author>Cyber</author>
		<pluginname>FAIR1M</pluginname>
		<pluginclass>object detection</pluginclass>
		<time>2021-07-21</time>
	</research>
	<size>
		<width>800</width>
		<height>600</height>
		<depth>4</depth>
	</size>
	<objects>
		<object>
			<coordinate>pixel</coordinate>
			<type>rectangle</type>
			<description>None</description>
			<possibleresult>
				<name>other-airplane</name>
			</possibleresult>
			<points>
				<point>502.000000,223.000000</point>
				<point>445.000000,255.000000</point>
				<point>415.000000,203.000000</point>
				<point>473.000000,171.000000</point>
				<point>502.000000,223.000000</point>
			</points>
		</object>
		<object>
			<coordinate>pixel</coordinate>
			<type>rectangle</type>
			<description>None</description>
			<possibleresult>
				<name>other-airplane</name>
			</possibleresult>
			<points>
				<point>720.000000,178.000000</point>
				<point>691.000000,198.000000</point>
				<point>669.000000,165.000000</point>
				<point>698.000000,146.000000</point>
				<point>720.000000,178.000000</point>
			</points>
		</object>
		<object>
			<coordinate>pixel</coordinate>
			<type>rectangle</type>
			<description>None</description>
			<possibleresult>
				<name>other-airplane</name>
			</possibleresult>
			<points>
				<point>764.000000,235.000000</point>
				<point>734.000000,255.000000</point>
				<point>715.000000,228.000000</point>
				<point>745.000000,208.000000</point>
				<point>764.000000,235.000000</point>
			</points>
		</object>
	</objects>
</annotation>