<?xml version="1.0" encoding="utf-8"?>
<annotation>
	<source>
		<filename>12560.tif</filename>
		<origin>GF2/GF3</origin>
	</source>
	<research>
		<version>1.0</version>
		<provider>FAIR1M</provider>
		<author>Cyber</author>
		<pluginname>FAIR1M</pluginname>
		<pluginclass>object detection</pluginclass>
		<time>2021-07-21</time>
	</research>
	<size>
		<width>1000</width>
		<height>1000</height>
		<depth>3</depth>
	</size>
	<objects>
		<object>
			<coordinate>pixel</coordinate>
			<type>rectangle</type>
			<description>None</description>
			<possibleresult>
				<name>A220</name>
			</possibleresult>
			<points>
				<point>706.000000,863.000000</point>
				<point>676.000000,898.000000</point>
				<point>708.000000,926.000000</point>
				<point>738.000000,890.000000</point>
				<point>706.000000,863.000000</point>
			</points>
		</object>
		<object>
			<coordinate>pixel</coordinate>
			<type>rectangle</type>
			<description>None</description>
			<possibleresult>
				<name>A220</name>
			</possibleresult>
			<points>
				<point>567.000000,63.000000</point>
				<point>538.000000,101.000000</point>
				<point>571.000000,128.000000</point>
				<point>601.000000,90.000000</point>
				<point>567.000000,63.000000</point>
			</points>
		</object>
		<object>
			<coordinate>pixel</coordinate>
			<type>rectangle</type>
			<description>None</description>
			<possibleresult>
				<name>other-airplane</name>
			</possibleresult>
			<points>
				<point>652.000000,148.000000</point>
				<point>617.000000,189.000000</point>
				<point>658.000000,225.000000</point>
				<point>693.000000,184.000000</point>
				<point>652.000000,148.000000</point>
			</points>
		</object>
		<object>
			<coordinate>pixel</coordinate>
			<type>rectangle</type>
			<description>None</description>
			<possibleresult>
				<name>Boeing737</name>
			</possibleresult>
			<points>
				<point>687.000000,184.000000</point>
				<point>689.000000,226.000000</point>
				<point>731.000000,224.000000</point>
				<point>729.000000,182.000000</point>
				<point>687.000000,184.000000</point>
			</points>
		</object>
		<object>
			<coordinate>pixel</coordinate>
			<type>rectangle</type>
			<description>None</description>
			<possibleresult>
				<name>other-airplane</name>
			</possibleresult>
			<points>
				<point>800.000000,116.000000</point>
				<point>845.000000,108.000000</point>
				<point>837.000000,62.000000</point>
				<point>792.000000,70.000000</point>
				<point>800.000000,116.000000</point>
			</points>
		</object>
	</objects>
</annotation>