<?xml version="1.0" encoding="utf-8"?>
<annotation>
	<source>
		<filename>12611.tif</filename>
		<origin>GF2/GF3</origin>
	</source>
	<research>
		<version>1.0</version>
		<provider>FAIR1M</provider>
		<author>Cyber</author>
		<pluginname>FAIR1M</pluginname>
		<pluginclass>object detection</pluginclass>
		<time>2021-07-21</time>
	</research>
	<size>
		<width>1000</width>
		<height>1000</height>
		<depth>3</depth>
	</size>
	<objects>
		<object>
			<coordinate>pixel</coordinate>
			<type>rectangle</type>
			<description>None</description>
			<possibleresult>
				<name>Boeing747</name>
			</possibleresult>
			<points>
				<point>561.000000,944.000000</point>
				<point>611.000000,1023.000000</point>
				<point>679.000000,980.000000</point>
				<point>629.000000,901.000000</point>
				<point>561.000000,944.000000</point>
			</points>
		</object>
		<object>
			<coordinate>pixel</coordinate>
			<type>rectangle</type>
			<description>None</description>
			<possibleresult>
				<name>other-airplane</name>
			</possibleresult>
			<points>
				<point>692.000000,868.000000</point>
				<point>713.000000,903.000000</point>
				<point>747.000000,882.000000</point>
				<point>726.000000,847.000000</point>
				<point>692.000000,868.000000</point>
			</points>
		</object>
	</objects>
</annotation>