<?xml version="1.0" encoding="utf-8"?>
<annotation>
	<source>
		<filename>12641.tif</filename>
		<origin>GF2/GF3</origin>
	</source>
	<research>
		<version>1.0</version>
		<provider>FAIR1M</provider>
		<author>Cyber</author>
		<pluginname>FAIR1M</pluginname>
		<pluginclass>object detection</pluginclass>
		<time>2021-07-21</time>
	</research>
	<size>
		<width>1000</width>
		<height>1000</height>
		<depth>3</depth>
	</size>
	<objects>
		<object>
			<coordinate>pixel</coordinate>
			<type>rectangle</type>
			<description>None</description>
			<possibleresult>
				<name>Engineering Ship</name>
			</possibleresult>
			<points>
				<point>94.000000,209.000000</point>
				<point>142.000000,192.000000</point>
				<point>134.000000,168.000000</point>
				<point>86.000000,185.000000</point>
				<point>94.000000,209.000000</point>
			</points>
		</object>
		<object>
			<coordinate>pixel</coordinate>
			<type>rectangle</type>
			<description>None</description>
			<possibleresult>
				<name>Engineering Ship</name>
			</possibleresult>
			<points>
				<point>702.000000,420.000000</point>
				<point>806.000000,425.000000</point>
				<point>807.000000,393.000000</point>
				<point>704.000000,388.000000</point>
				<point>702.000000,420.000000</point>
			</points>
		</object>
		<object>
			<coordinate>pixel</coordinate>
			<type>rectangle</type>
			<description>None</description>
			<possibleresult>
				<name>Engineering Ship</name>
			</possibleresult>
			<points>
				<point>643.000000,485.000000</point>
				<point>648.000000,437.000000</point>
				<point>625.000000,435.000000</point>
				<point>619.000000,482.000000</point>
				<point>643.000000,485.000000</point>
			</points>
		</object>
		<object>
			<coordinate>pixel</coordinate>
			<type>rectangle</type>
			<description>None</description>
			<possibleresult>
				<name>Motorboat</name>
			</possibleresult>
			<points>
				<point>479.000000,582.000000</point>
				<point>448.000000,599.000000</point>
				<point>454.000000,611.000000</point>
				<point>486.000000,594.000000</point>
				<point>479.000000,582.000000</point>
			</points>
		</object>
		<object>
			<coordinate>pixel</coordinate>
			<type>rectangle</type>
			<description>None</description>
			<possibleresult>
				<name>other-ship</name>
			</possibleresult>
			<points>
				<point>600.000000,632.000000</point>
				<point>599.000000,703.000000</point>
				<point>619.000000,703.000000</point>
				<point>619.000000,632.000000</point>
				<point>600.000000,632.000000</point>
			</points>
		</object>
		<object>
			<coordinate>pixel</coordinate>
			<type>rectangle</type>
			<description>None</description>
			<possibleresult>
				<name>Engineering Ship</name>
			</possibleresult>
			<points>
				<point>560.000000,930.000000</point>
				<point>576.000000,856.000000</point>
				<point>551.000000,851.000000</point>
				<point>536.000000,924.000000</point>
				<point>560.000000,930.000000</point>
			</points>
		</object>
	</objects>
</annotation>