<?xml version="1.0" encoding="utf-8"?>
<annotation>
	<source>
		<filename>12656.tif</filename>
		<origin>GF2/GF3</origin>
	</source>
	<research>
		<version>1.0</version>
		<provider>FAIR1M</provider>
		<author>Cyber</author>
		<pluginname>FAIR1M</pluginname>
		<pluginclass>object detection</pluginclass>
		<time>2021-07-21</time>
	</research>
	<size>
		<width>1000</width>
		<height>1000</height>
		<depth>3</depth>
	</size>
	<objects>
		<object>
			<coordinate>pixel</coordinate>
			<type>rectangle</type>
			<description>None</description>
			<possibleresult>
				<name>other-airplane</name>
			</possibleresult>
			<points>
				<point>42.000000,601.000000</point>
				<point>50.000000,681.000000</point>
				<point>125.000000,674.000000</point>
				<point>117.000000,594.000000</point>
				<point>42.000000,601.000000</point>
			</points>
		</object>
		<object>
			<coordinate>pixel</coordinate>
			<type>rectangle</type>
			<description>None</description>
			<possibleresult>
				<name>other-airplane</name>
			</possibleresult>
			<points>
				<point>128.000000,602.000000</point>
				<point>135.000000,682.000000</point>
				<point>218.000000,675.000000</point>
				<point>211.000000,595.000000</point>
				<point>128.000000,602.000000</point>
			</points>
		</object>
		<object>
			<coordinate>pixel</coordinate>
			<type>rectangle</type>
			<description>None</description>
			<possibleresult>
				<name>Boeing787</name>
			</possibleresult>
			<points>
				<point>220.000000,605.000000</point>
				<point>226.000000,675.000000</point>
				<point>301.000000,669.000000</point>
				<point>295.000000,598.000000</point>
				<point>220.000000,605.000000</point>
			</points>
		</object>
		<object>
			<coordinate>pixel</coordinate>
			<type>rectangle</type>
			<description>None</description>
			<possibleresult>
				<name>Boeing737</name>
			</possibleresult>
			<points>
				<point>333.000000,602.000000</point>
				<point>315.000000,647.000000</point>
				<point>356.000000,663.000000</point>
				<point>373.000000,617.000000</point>
				<point>333.000000,602.000000</point>
			</points>
		</object>
		<object>
			<coordinate>pixel</coordinate>
			<type>rectangle</type>
			<description>None</description>
			<possibleresult>
				<name>Boeing737</name>
			</possibleresult>
			<points>
				<point>448.000000,619.000000</point>
				<point>493.000000,614.000000</point>
				<point>487.000000,565.000000</point>
				<point>443.000000,570.000000</point>
				<point>448.000000,619.000000</point>
			</points>
		</object>
		<object>
			<coordinate>pixel</coordinate>
			<type>rectangle</type>
			<description>None</description>
			<possibleresult>
				<name>Boeing737</name>
			</possibleresult>
			<points>
				<point>161.000000,503.000000</point>
				<point>205.000000,508.000000</point>
				<point>210.000000,457.000000</point>
				<point>166.000000,453.000000</point>
				<point>161.000000,503.000000</point>
			</points>
		</object>
		<object>
			<coordinate>pixel</coordinate>
			<type>rectangle</type>
			<description>None</description>
			<possibleresult>
				<name>Boeing737</name>
			</possibleresult>
			<points>
				<point>327.000000,367.000000</point>
				<point>278.000000,373.000000</point>
				<point>283.000000,417.000000</point>
				<point>333.000000,411.000000</point>
				<point>327.000000,367.000000</point>
			</points>
		</object>
		<object>
			<coordinate>pixel</coordinate>
			<type>rectangle</type>
			<description>None</description>
			<possibleresult>
				<name>other-airplane</name>
			</possibleresult>
			<points>
				<point>264.000000,463.000000</point>
				<point>312.000000,522.000000</point>
				<point>372.000000,474.000000</point>
				<point>324.000000,414.000000</point>
				<point>264.000000,463.000000</point>
			</points>
		</object>
		<object>
			<coordinate>pixel</coordinate>
			<type>rectangle</type>
			<description>None</description>
			<possibleresult>
				<name>other-airplane</name>
			</possibleresult>
			<points>
				<point>430.000000,476.000000</point>
				<point>464.000000,446.000000</point>
				<point>434.000000,412.000000</point>
				<point>400.000000,441.000000</point>
				<point>430.000000,476.000000</point>
			</points>
		</object>
		<object>
			<coordinate>pixel</coordinate>
			<type>rectangle</type>
			<description>None</description>
			<possibleresult>
				<name>A220</name>
			</possibleresult>
			<points>
				<point>532.000000,366.000000</point>
				<point>488.000000,371.000000</point>
				<point>493.000000,415.000000</point>
				<point>537.000000,410.000000</point>
				<point>532.000000,366.000000</point>
			</points>
		</object>
		<object>
			<coordinate>pixel</coordinate>
			<type>rectangle</type>
			<description>None</description>
			<possibleresult>
				<name>Boeing737</name>
			</possibleresult>
			<points>
				<point>543.000000,470.000000</point>
				<point>495.000000,475.000000</point>
				<point>499.000000,519.000000</point>
				<point>548.000000,514.000000</point>
				<point>543.000000,470.000000</point>
			</points>
		</object>
		<object>
			<coordinate>pixel</coordinate>
			<type>rectangle</type>
			<description>None</description>
			<possibleresult>
				<name>other-airplane</name>
			</possibleresult>
			<points>
				<point>548.000000,594.000000</point>
				<point>506.000000,598.000000</point>
				<point>510.000000,634.000000</point>
				<point>551.000000,629.000000</point>
				<point>548.000000,594.000000</point>
			</points>
		</object>
		<object>
			<coordinate>pixel</coordinate>
			<type>rectangle</type>
			<description>None</description>
			<possibleresult>
				<name>A350</name>
			</possibleresult>
			<points>
				<point>689.000000,604.000000</point>
				<point>781.000000,595.000000</point>
				<point>772.000000,513.000000</point>
				<point>681.000000,522.000000</point>
				<point>689.000000,604.000000</point>
			</points>
		</object>
		<object>
			<coordinate>pixel</coordinate>
			<type>rectangle</type>
			<description>None</description>
			<possibleresult>
				<name>A350</name>
			</possibleresult>
			<points>
				<point>684.000000,687.000000</point>
				<point>772.000000,708.000000</point>
				<point>791.000000,629.000000</point>
				<point>703.000000,608.000000</point>
				<point>684.000000,687.000000</point>
			</points>
		</object>
		<object>
			<coordinate>pixel</coordinate>
			<type>rectangle</type>
			<description>None</description>
			<possibleresult>
				<name>A350</name>
			</possibleresult>
			<points>
				<point>671.000000,383.000000</point>
				<point>764.000000,375.000000</point>
				<point>757.000000,294.000000</point>
				<point>664.000000,302.000000</point>
				<point>671.000000,383.000000</point>
			</points>
		</object>
		<object>
			<coordinate>pixel</coordinate>
			<type>rectangle</type>
			<description>None</description>
			<possibleresult>
				<name>A350</name>
			</possibleresult>
			<points>
				<point>681.000000,496.000000</point>
				<point>772.000000,487.000000</point>
				<point>764.000000,404.000000</point>
				<point>673.000000,413.000000</point>
				<point>681.000000,496.000000</point>
			</points>
		</object>
		<object>
			<coordinate>pixel</coordinate>
			<type>rectangle</type>
			<description>None</description>
			<possibleresult>
				<name>other-airplane</name>
			</possibleresult>
			<points>
				<point>153.000000,56.000000</point>
				<point>194.000000,72.000000</point>
				<point>210.000000,31.000000</point>
				<point>169.000000,15.000000</point>
				<point>153.000000,56.000000</point>
			</points>
		</object>
		<object>
			<coordinate>pixel</coordinate>
			<type>rectangle</type>
			<description>None</description>
			<possibleresult>
				<name>Boeing777</name>
			</possibleresult>
			<points>
				<point>520.000000,-15.000000</point>
				<point>442.000000,-6.000000</point>
				<point>450.000000,71.000000</point>
				<point>529.000000,63.000000</point>
				<point>520.000000,-15.000000</point>
			</points>
		</object>
		<object>
			<coordinate>pixel</coordinate>
			<type>rectangle</type>
			<description>None</description>
			<possibleresult>
				<name>Boeing787</name>
			</possibleresult>
			<points>
				<point>658.000000,109.000000</point>
				<point>729.000000,105.000000</point>
				<point>724.000000,29.000000</point>
				<point>653.000000,33.000000</point>
				<point>658.000000,109.000000</point>
			</points>
		</object>
	</objects>
</annotation>