<?xml version="1.0" encoding="utf-8"?>
<annotation>
	<source>
		<filename>12729.tif</filename>
		<origin>GF2/GF3</origin>
	</source>
	<research>
		<version>1.0</version>
		<provider>FAIR1M</provider>
		<author>Cyber</author>
		<pluginname>FAIR1M</pluginname>
		<pluginclass>object detection</pluginclass>
		<time>2021-07-21</time>
	</research>
	<size>
		<width>2000</width>
		<height>2000</height>
		<depth>3</depth>
	</size>
	<objects>
		<object>
			<coordinate>pixel</coordinate>
			<type>rectangle</type>
			<description>None</description>
			<possibleresult>
				<name>Dry Cargo Ship</name>
			</possibleresult>
			<points>
				<point>328.000000,579.000000</point>
				<point>123.000000,488.000000</point>
				<point>107.000000,525.000000</point>
				<point>311.000000,615.000000</point>
				<point>328.000000,579.000000</point>
			</points>
		</object>
		<object>
			<coordinate>pixel</coordinate>
			<type>rectangle</type>
			<description>None</description>
			<possibleresult>
				<name>Dry Cargo Ship</name>
			</possibleresult>
			<points>
				<point>519.000000,711.000000</point>
				<point>730.000000,802.000000</point>
				<point>748.000000,763.000000</point>
				<point>536.000000,672.000000</point>
				<point>519.000000,711.000000</point>
			</points>
		</object>
		<object>
			<coordinate>pixel</coordinate>
			<type>rectangle</type>
			<description>None</description>
			<possibleresult>
				<name>Dry Cargo Ship</name>
			</possibleresult>
			<points>
				<point>386.000000,629.000000</point>
				<point>482.000000,672.000000</point>
				<point>490.000000,652.000000</point>
				<point>394.000000,611.000000</point>
				<point>386.000000,629.000000</point>
			</points>
		</object>
		<object>
			<coordinate>pixel</coordinate>
			<type>rectangle</type>
			<description>None</description>
			<possibleresult>
				<name>Dry Cargo Ship</name>
			</possibleresult>
			<points>
				<point>765.000000,820.000000</point>
				<point>976.000000,911.000000</point>
				<point>992.000000,872.000000</point>
				<point>782.000000,781.000000</point>
				<point>765.000000,820.000000</point>
			</points>
		</object>
		<object>
			<coordinate>pixel</coordinate>
			<type>rectangle</type>
			<description>None</description>
			<possibleresult>
				<name>Dry Cargo Ship</name>
			</possibleresult>
			<points>
				<point>1388.000000,827.000000</point>
				<point>1301.000000,1009.000000</point>
				<point>1334.000000,1025.000000</point>
				<point>1419.000000,840.000000</point>
				<point>1388.000000,827.000000</point>
			</points>
		</object>
		<object>
			<coordinate>pixel</coordinate>
			<type>rectangle</type>
			<description>None</description>
			<possibleresult>
				<name>Dry Cargo Ship</name>
			</possibleresult>
			<points>
				<point>1421.000000,824.000000</point>
				<point>1490.000000,665.000000</point>
				<point>1463.000000,652.000000</point>
				<point>1392.000000,811.000000</point>
				<point>1421.000000,824.000000</point>
			</points>
		</object>
		<object>
			<coordinate>pixel</coordinate>
			<type>rectangle</type>
			<description>None</description>
			<possibleresult>
				<name>Dry Cargo Ship</name>
			</possibleresult>
			<points>
				<point>1853.000000,834.000000</point>
				<point>1808.000000,997.000000</point>
				<point>1832.000000,1005.000000</point>
				<point>1878.000000,843.000000</point>
				<point>1853.000000,834.000000</point>
			</points>
		</object>
		<object>
			<coordinate>pixel</coordinate>
			<type>rectangle</type>
			<description>None</description>
			<possibleresult>
				<name>Dry Cargo Ship</name>
			</possibleresult>
			<points>
				<point>1575.000000,593.000000</point>
				<point>1834.000000,706.000000</point>
				<point>1853.000000,665.000000</point>
				<point>1592.000000,552.000000</point>
				<point>1575.000000,593.000000</point>
			</points>
		</object>
		<object>
			<coordinate>pixel</coordinate>
			<type>rectangle</type>
			<description>None</description>
			<possibleresult>
				<name>Dry Cargo Ship</name>
			</possibleresult>
			<points>
				<point>1781.000000,1037.000000</point>
				<point>1715.000000,1275.000000</point>
				<point>1759.000000,1288.000000</point>
				<point>1825.000000,1050.000000</point>
				<point>1781.000000,1037.000000</point>
			</points>
		</object>
		<object>
			<coordinate>pixel</coordinate>
			<type>rectangle</type>
			<description>None</description>
			<possibleresult>
				<name>Liquid Cargo Ship</name>
			</possibleresult>
			<points>
				<point>84.000000,1500.000000</point>
				<point>80.000000,1511.000000</point>
				<point>144.000000,1540.000000</point>
				<point>148.000000,1531.000000</point>
				<point>84.000000,1500.000000</point>
			</points>
		</object>
		<object>
			<coordinate>pixel</coordinate>
			<type>rectangle</type>
			<description>None</description>
			<possibleresult>
				<name>Liquid Cargo Ship</name>
			</possibleresult>
			<points>
				<point>142.000000,1540.000000</point>
				<point>82.000000,1511.000000</point>
				<point>76.000000,1524.000000</point>
				<point>138.000000,1552.000000</point>
				<point>142.000000,1540.000000</point>
			</points>
		</object>
		<object>
			<coordinate>pixel</coordinate>
			<type>rectangle</type>
			<description>None</description>
			<possibleresult>
				<name>Liquid Cargo Ship</name>
			</possibleresult>
			<points>
				<point>134.000000,1552.000000</point>
				<point>84.000000,1527.000000</point>
				<point>80.000000,1536.000000</point>
				<point>130.000000,1561.000000</point>
				<point>134.000000,1552.000000</point>
			</points>
		</object>
		<object>
			<coordinate>pixel</coordinate>
			<type>rectangle</type>
			<description>None</description>
			<possibleresult>
				<name>other-ship</name>
			</possibleresult>
			<points>
				<point>161.000000,1570.000000</point>
				<point>178.000000,1525.000000</point>
				<point>169.000000,1520.000000</point>
				<point>151.000000,1565.000000</point>
				<point>161.000000,1570.000000</point>
			</points>
		</object>
		<object>
			<coordinate>pixel</coordinate>
			<type>rectangle</type>
			<description>None</description>
			<possibleresult>
				<name>other-ship</name>
			</possibleresult>
			<points>
				<point>169.000000,1570.000000</point>
				<point>184.000000,1531.000000</point>
				<point>178.000000,1527.000000</point>
				<point>161.000000,1568.000000</point>
				<point>169.000000,1570.000000</point>
			</points>
		</object>
		<object>
			<coordinate>pixel</coordinate>
			<type>rectangle</type>
			<description>None</description>
			<possibleresult>
				<name>Liquid Cargo Ship</name>
			</possibleresult>
			<points>
				<point>209.000000,1454.000000</point>
				<point>230.000000,1400.000000</point>
				<point>221.000000,1397.000000</point>
				<point>200.000000,1450.000000</point>
				<point>209.000000,1454.000000</point>
			</points>
		</object>
		<object>
			<coordinate>pixel</coordinate>
			<type>rectangle</type>
			<description>None</description>
			<possibleresult>
				<name>Liquid Cargo Ship</name>
			</possibleresult>
			<points>
				<point>217.000000,1459.000000</point>
				<point>238.000000,1413.000000</point>
				<point>228.000000,1409.000000</point>
				<point>209.000000,1456.000000</point>
				<point>217.000000,1459.000000</point>
			</points>
		</object>
		<object>
			<coordinate>pixel</coordinate>
			<type>rectangle</type>
			<description>None</description>
			<possibleresult>
				<name>Passenger Ship</name>
			</possibleresult>
			<points>
				<point>338.000000,1356.000000</point>
				<point>384.000000,1299.000000</point>
				<point>373.000000,1290.000000</point>
				<point>328.000000,1349.000000</point>
				<point>338.000000,1356.000000</point>
			</points>
		</object>
		<object>
			<coordinate>pixel</coordinate>
			<type>rectangle</type>
			<description>None</description>
			<possibleresult>
				<name>Passenger Ship</name>
			</possibleresult>
			<points>
				<point>344.000000,1375.000000</point>
				<point>403.000000,1302.000000</point>
				<point>390.000000,1293.000000</point>
				<point>332.000000,1365.000000</point>
				<point>344.000000,1375.000000</point>
			</points>
		</object>
		<object>
			<coordinate>pixel</coordinate>
			<type>rectangle</type>
			<description>None</description>
			<possibleresult>
				<name>Passenger Ship</name>
			</possibleresult>
			<points>
				<point>307.000000,1425.000000</point>
				<point>342.000000,1381.000000</point>
				<point>332.000000,1374.000000</point>
				<point>296.000000,1415.000000</point>
				<point>307.000000,1425.000000</point>
			</points>
		</object>
		<object>
			<coordinate>pixel</coordinate>
			<type>rectangle</type>
			<description>None</description>
			<possibleresult>
				<name>Passenger Ship</name>
			</possibleresult>
			<points>
				<point>309.000000,1399.000000</point>
				<point>330.000000,1374.000000</point>
				<point>321.000000,1368.000000</point>
				<point>301.000000,1393.000000</point>
				<point>309.000000,1399.000000</point>
			</points>
		</object>
		<object>
			<coordinate>pixel</coordinate>
			<type>rectangle</type>
			<description>None</description>
			<possibleresult>
				<name>Passenger Ship</name>
			</possibleresult>
			<points>
				<point>373.000000,1418.000000</point>
				<point>434.000000,1347.000000</point>
				<point>419.000000,1334.000000</point>
				<point>359.000000,1406.000000</point>
				<point>373.000000,1418.000000</point>
			</points>
		</object>
		<object>
			<coordinate>pixel</coordinate>
			<type>rectangle</type>
			<description>None</description>
			<possibleresult>
				<name>Passenger Ship</name>
			</possibleresult>
			<points>
				<point>355.000000,1409.000000</point>
				<point>417.000000,1338.000000</point>
				<point>403.000000,1327.000000</point>
				<point>344.000000,1399.000000</point>
				<point>355.000000,1409.000000</point>
			</points>
		</object>
		<object>
			<coordinate>pixel</coordinate>
			<type>rectangle</type>
			<description>None</description>
			<possibleresult>
				<name>Liquid Cargo Ship</name>
			</possibleresult>
			<points>
				<point>488.000000,1468.000000</point>
				<point>426.000000,1440.000000</point>
				<point>421.000000,1452.000000</point>
				<point>484.000000,1479.000000</point>
				<point>488.000000,1468.000000</point>
			</points>
		</object>
		<object>
			<coordinate>pixel</coordinate>
			<type>rectangle</type>
			<description>None</description>
			<possibleresult>
				<name>Liquid Cargo Ship</name>
			</possibleresult>
			<points>
				<point>717.000000,1524.000000</point>
				<point>844.000000,1579.000000</point>
				<point>855.000000,1556.000000</point>
				<point>728.000000,1499.000000</point>
				<point>717.000000,1524.000000</point>
			</points>
		</object>
		<object>
			<coordinate>pixel</coordinate>
			<type>rectangle</type>
			<description>None</description>
			<possibleresult>
				<name>Liquid Cargo Ship</name>
			</possibleresult>
			<points>
				<point>840.000000,1652.000000</point>
				<point>884.000000,1597.000000</point>
				<point>873.000000,1588.000000</point>
				<point>828.000000,1643.000000</point>
				<point>840.000000,1652.000000</point>
			</points>
		</object>
		<object>
			<coordinate>pixel</coordinate>
			<type>rectangle</type>
			<description>None</description>
			<possibleresult>
				<name>other-ship</name>
			</possibleresult>
			<points>
				<point>959.000000,1719.000000</point>
				<point>974.000000,1671.000000</point>
				<point>964.000000,1668.000000</point>
				<point>949.000000,1716.000000</point>
				<point>959.000000,1719.000000</point>
			</points>
		</object>
		<object>
			<coordinate>pixel</coordinate>
			<type>rectangle</type>
			<description>None</description>
			<possibleresult>
				<name>other-ship</name>
			</possibleresult>
			<points>
				<point>979.000000,1687.000000</point>
				<point>983.000000,1653.000000</point>
				<point>976.000000,1653.000000</point>
				<point>972.000000,1687.000000</point>
				<point>979.000000,1687.000000</point>
			</points>
		</object>
		<object>
			<coordinate>pixel</coordinate>
			<type>rectangle</type>
			<description>None</description>
			<possibleresult>
				<name>Fishing Boat</name>
			</possibleresult>
			<points>
				<point>1746.000000,1381.000000</point>
				<point>1788.000000,1395.000000</point>
				<point>1790.000000,1386.000000</point>
				<point>1750.000000,1372.000000</point>
				<point>1746.000000,1381.000000</point>
			</points>
		</object>
		<object>
			<coordinate>pixel</coordinate>
			<type>rectangle</type>
			<description>None</description>
			<possibleresult>
				<name>Dry Cargo Ship</name>
			</possibleresult>
			<points>
				<point>1936.000000,1381.000000</point>
				<point>1848.000000,1343.000000</point>
				<point>1842.000000,1359.000000</point>
				<point>1928.000000,1397.000000</point>
				<point>1936.000000,1381.000000</point>
			</points>
		</object>
		<object>
			<coordinate>pixel</coordinate>
			<type>rectangle</type>
			<description>None</description>
			<possibleresult>
				<name>Dry Cargo Ship</name>
			</possibleresult>
			<points>
				<point>1801.000000,2002.000000</point>
				<point>1834.000000,1959.000000</point>
				<point>1824.000000,1951.000000</point>
				<point>1791.000000,1994.000000</point>
				<point>1801.000000,2002.000000</point>
			</points>
		</object>
		<object>
			<coordinate>pixel</coordinate>
			<type>rectangle</type>
			<description>None</description>
			<possibleresult>
				<name>Intersection</name>
			</possibleresult>
			<points>
				<point>1193.000000,55.000000</point>
				<point>1216.000000,9.000000</point>
				<point>1268.000000,35.000000</point>
				<point>1245.000000,81.000000</point>
				<point>1193.000000,55.000000</point>
			</points>
		</object>
	</objects>
</annotation>