<?xml version="1.0" encoding="utf-8"?>
<annotation>
	<source>
		<filename>12757.tif</filename>
		<origin>GF2/GF3</origin>
	</source>
	<research>
		<version>1.0</version>
		<provider>FAIR1M</provider>
		<author>Cyber</author>
		<pluginname>FAIR1M</pluginname>
		<pluginclass>object detection</pluginclass>
		<time>2021-07-21</time>
	</research>
	<size>
		<width>800</width>
		<height>600</height>
		<depth>3</depth>
	</size>
	<objects>
		<object>
			<coordinate>pixel</coordinate>
			<type>rectangle</type>
			<description>None</description>
			<possibleresult>
				<name>Intersection</name>
			</possibleresult>
			<points>
				<point>539.000000,264.000000</point>
				<point>501.000000,282.000000</point>
				<point>480.000000,239.000000</point>
				<point>517.000000,221.000000</point>
				<point>539.000000,264.000000</point>
			</points>
		</object>
		<object>
			<coordinate>pixel</coordinate>
			<type>rectangle</type>
			<description>None</description>
			<possibleresult>
				<name>other-airplane</name>
			</possibleresult>
			<points>
				<point>289.000000,375.000000</point>
				<point>261.000000,389.000000</point>
				<point>246.000000,359.000000</point>
				<point>273.000000,345.000000</point>
				<point>289.000000,375.000000</point>
			</points>
		</object>
		<object>
			<coordinate>pixel</coordinate>
			<type>rectangle</type>
			<description>None</description>
			<possibleresult>
				<name>Tennis Court</name>
			</possibleresult>
			<points>
				<point>170.000000,368.000000</point>
				<point>157.000000,375.000000</point>
				<point>144.000000,348.000000</point>
				<point>156.000000,341.000000</point>
				<point>170.000000,368.000000</point>
			</points>
		</object>
		<object>
			<coordinate>pixel</coordinate>
			<type>rectangle</type>
			<description>None</description>
			<possibleresult>
				<name>Basketball Court</name>
			</possibleresult>
			<points>
				<point>264.000000,273.000000</point>
				<point>248.000000,281.000000</point>
				<point>232.000000,249.000000</point>
				<point>248.000000,241.000000</point>
				<point>264.000000,273.000000</point>
			</points>
		</object>
	</objects>
</annotation>