<?xml version="1.0" encoding="utf-8"?>
<annotation>
	<source>
		<filename>12765.tif</filename>
		<origin>GF2/GF3</origin>
	</source>
	<research>
		<version>1.0</version>
		<provider>FAIR1M</provider>
		<author>Cyber</author>
		<pluginname>FAIR1M</pluginname>
		<pluginclass>object detection</pluginclass>
		<time>2021-07-21</time>
	</research>
	<size>
		<width>1000</width>
		<height>1000</height>
		<depth>3</depth>
	</size>
	<objects>
		<object>
			<coordinate>pixel</coordinate>
			<type>rectangle</type>
			<description>None</description>
			<possibleresult>
				<name>A220</name>
			</possibleresult>
			<points>
				<point>635.000000,217.000000</point>
				<point>671.000000,188.000000</point>
				<point>641.000000,150.000000</point>
				<point>605.000000,179.000000</point>
				<point>635.000000,217.000000</point>
			</points>
		</object>
		<object>
			<coordinate>pixel</coordinate>
			<type>rectangle</type>
			<description>None</description>
			<possibleresult>
				<name>Boeing737</name>
			</possibleresult>
			<points>
				<point>726.000000,298.000000</point>
				<point>694.000000,257.000000</point>
				<point>655.000000,287.000000</point>
				<point>686.000000,328.000000</point>
				<point>726.000000,298.000000</point>
			</points>
		</object>
		<object>
			<coordinate>pixel</coordinate>
			<type>rectangle</type>
			<description>None</description>
			<possibleresult>
				<name>other-airplane</name>
			</possibleresult>
			<points>
				<point>678.000000,333.000000</point>
				<point>656.000000,300.000000</point>
				<point>623.000000,323.000000</point>
				<point>645.000000,356.000000</point>
				<point>678.000000,333.000000</point>
			</points>
		</object>
		<object>
			<coordinate>pixel</coordinate>
			<type>rectangle</type>
			<description>None</description>
			<possibleresult>
				<name>other-airplane</name>
			</possibleresult>
			<points>
				<point>636.000000,364.000000</point>
				<point>613.000000,334.000000</point>
				<point>582.000000,358.000000</point>
				<point>605.000000,388.000000</point>
				<point>636.000000,364.000000</point>
			</points>
		</object>
		<object>
			<coordinate>pixel</coordinate>
			<type>rectangle</type>
			<description>None</description>
			<possibleresult>
				<name>other-airplane</name>
			</possibleresult>
			<points>
				<point>601.000000,397.000000</point>
				<point>575.000000,360.000000</point>
				<point>536.000000,387.000000</point>
				<point>562.000000,424.000000</point>
				<point>601.000000,397.000000</point>
			</points>
		</object>
		<object>
			<coordinate>pixel</coordinate>
			<type>rectangle</type>
			<description>None</description>
			<possibleresult>
				<name>Boeing737</name>
			</possibleresult>
			<points>
				<point>805.000000,474.000000</point>
				<point>773.000000,433.000000</point>
				<point>736.000000,463.000000</point>
				<point>769.000000,503.000000</point>
				<point>805.000000,474.000000</point>
			</points>
		</object>
		<object>
			<coordinate>pixel</coordinate>
			<type>rectangle</type>
			<description>None</description>
			<possibleresult>
				<name>Boeing737</name>
			</possibleresult>
			<points>
				<point>759.000000,511.000000</point>
				<point>729.000000,471.000000</point>
				<point>691.000000,500.000000</point>
				<point>721.000000,540.000000</point>
				<point>759.000000,511.000000</point>
			</points>
		</object>
		<object>
			<coordinate>pixel</coordinate>
			<type>rectangle</type>
			<description>None</description>
			<possibleresult>
				<name>Boeing737</name>
			</possibleresult>
			<points>
				<point>699.000000,550.000000</point>
				<point>667.000000,511.000000</point>
				<point>629.000000,542.000000</point>
				<point>662.000000,581.000000</point>
				<point>699.000000,550.000000</point>
			</points>
		</object>
		<object>
			<coordinate>pixel</coordinate>
			<type>rectangle</type>
			<description>None</description>
			<possibleresult>
				<name>Boeing787</name>
			</possibleresult>
			<points>
				<point>615.000000,632.000000</point>
				<point>570.000000,565.000000</point>
				<point>503.000000,610.000000</point>
				<point>549.000000,677.000000</point>
				<point>615.000000,632.000000</point>
			</points>
		</object>
		<object>
			<coordinate>pixel</coordinate>
			<type>rectangle</type>
			<description>None</description>
			<possibleresult>
				<name>Boeing737</name>
			</possibleresult>
			<points>
				<point>33.000000,626.000000</point>
				<point>64.000000,665.000000</point>
				<point>106.000000,631.000000</point>
				<point>75.000000,592.000000</point>
				<point>33.000000,626.000000</point>
			</points>
		</object>
		<object>
			<coordinate>pixel</coordinate>
			<type>rectangle</type>
			<description>None</description>
			<possibleresult>
				<name>Boeing787</name>
			</possibleresult>
			<points>
				<point>387.000000,808.000000</point>
				<point>340.000000,743.000000</point>
				<point>276.000000,789.000000</point>
				<point>323.000000,854.000000</point>
				<point>387.000000,808.000000</point>
			</points>
		</object>
		<object>
			<coordinate>pixel</coordinate>
			<type>rectangle</type>
			<description>None</description>
			<possibleresult>
				<name>Boeing737</name>
			</possibleresult>
			<points>
				<point>316.000000,854.000000</point>
				<point>285.000000,813.000000</point>
				<point>246.000000,842.000000</point>
				<point>278.000000,883.000000</point>
				<point>316.000000,854.000000</point>
			</points>
		</object>
		<object>
			<coordinate>pixel</coordinate>
			<type>rectangle</type>
			<description>None</description>
			<possibleresult>
				<name>Boeing737</name>
			</possibleresult>
			<points>
				<point>252.000000,904.000000</point>
				<point>220.000000,864.000000</point>
				<point>182.000000,894.000000</point>
				<point>214.000000,934.000000</point>
				<point>252.000000,904.000000</point>
			</points>
		</object>
		<object>
			<coordinate>pixel</coordinate>
			<type>rectangle</type>
			<description>None</description>
			<possibleresult>
				<name>Boeing737</name>
			</possibleresult>
			<points>
				<point>179.000000,962.000000</point>
				<point>147.000000,922.000000</point>
				<point>110.000000,952.000000</point>
				<point>142.000000,991.000000</point>
				<point>179.000000,962.000000</point>
			</points>
		</object>
	</objects>
</annotation>