<?xml version="1.0" encoding="utf-8"?>
<annotation>
	<source>
		<filename>12788.tif</filename>
		<origin>GF2/GF3</origin>
	</source>
	<research>
		<version>1.0</version>
		<provider>FAIR1M</provider>
		<author>Cyber</author>
		<pluginname>FAIR1M</pluginname>
		<pluginclass>object detection</pluginclass>
		<time>2021-07-21</time>
	</research>
	<size>
		<width>1000</width>
		<height>1000</height>
		<depth>3</depth>
	</size>
	<objects>
		<object>
			<coordinate>pixel</coordinate>
			<type>rectangle</type>
			<description>None</description>
			<possibleresult>
				<name>Small Car</name>
			</possibleresult>
			<points>
				<point>726.000000,965.000000</point>
				<point>721.000000,984.000000</point>
				<point>711.000000,981.000000</point>
				<point>716.000000,963.000000</point>
				<point>726.000000,965.000000</point>
			</points>
		</object>
		<object>
			<coordinate>pixel</coordinate>
			<type>rectangle</type>
			<description>None</description>
			<possibleresult>
				<name>Van</name>
			</possibleresult>
			<points>
				<point>765.000000,925.000000</point>
				<point>763.000000,940.000000</point>
				<point>752.000000,938.000000</point>
				<point>755.000000,923.000000</point>
				<point>765.000000,925.000000</point>
			</points>
		</object>
		<object>
			<coordinate>pixel</coordinate>
			<type>rectangle</type>
			<description>None</description>
			<possibleresult>
				<name>Small Car</name>
			</possibleresult>
			<points>
				<point>754.000000,857.000000</point>
				<point>750.000000,871.000000</point>
				<point>741.000000,868.000000</point>
				<point>745.000000,855.000000</point>
				<point>754.000000,857.000000</point>
			</points>
		</object>
		<object>
			<coordinate>pixel</coordinate>
			<type>rectangle</type>
			<description>None</description>
			<possibleresult>
				<name>Small Car</name>
			</possibleresult>
			<points>
				<point>804.000000,760.000000</point>
				<point>799.000000,781.000000</point>
				<point>787.000000,778.000000</point>
				<point>792.000000,757.000000</point>
				<point>804.000000,760.000000</point>
			</points>
		</object>
		<object>
			<coordinate>pixel</coordinate>
			<type>rectangle</type>
			<description>None</description>
			<possibleresult>
				<name>Van</name>
			</possibleresult>
			<points>
				<point>807.000000,741.000000</point>
				<point>804.000000,754.000000</point>
				<point>796.000000,752.000000</point>
				<point>800.000000,739.000000</point>
				<point>807.000000,741.000000</point>
			</points>
		</object>
		<object>
			<coordinate>pixel</coordinate>
			<type>rectangle</type>
			<description>None</description>
			<possibleresult>
				<name>Tennis Court</name>
			</possibleresult>
			<points>
				<point>112.000000,485.000000</point>
				<point>64.000000,495.000000</point>
				<point>34.000000,419.000000</point>
				<point>80.000000,408.000000</point>
				<point>112.000000,485.000000</point>
			</points>
		</object>
		<object>
			<coordinate>pixel</coordinate>
			<type>rectangle</type>
			<description>None</description>
			<possibleresult>
				<name>Tennis Court</name>
			</possibleresult>
			<points>
				<point>174.000000,471.000000</point>
				<point>126.000000,482.000000</point>
				<point>94.000000,405.000000</point>
				<point>144.000000,394.000000</point>
				<point>174.000000,471.000000</point>
			</points>
		</object>
		<object>
			<coordinate>pixel</coordinate>
			<type>rectangle</type>
			<description>None</description>
			<possibleresult>
				<name>Tennis Court</name>
			</possibleresult>
			<points>
				<point>127.000000,355.000000</point>
				<point>79.000000,365.000000</point>
				<point>48.000000,289.000000</point>
				<point>95.000000,277.000000</point>
				<point>127.000000,355.000000</point>
			</points>
		</object>
		<object>
			<coordinate>pixel</coordinate>
			<type>rectangle</type>
			<description>None</description>
			<possibleresult>
				<name>Tennis Court</name>
			</possibleresult>
			<points>
				<point>188.000000,341.000000</point>
				<point>140.000000,352.000000</point>
				<point>109.000000,276.000000</point>
				<point>157.000000,265.000000</point>
				<point>188.000000,341.000000</point>
			</points>
		</object>
		<object>
			<coordinate>pixel</coordinate>
			<type>rectangle</type>
			<description>None</description>
			<possibleresult>
				<name>Tennis Court</name>
			</possibleresult>
			<points>
				<point>252.000000,328.000000</point>
				<point>202.000000,339.000000</point>
				<point>171.000000,261.000000</point>
				<point>219.000000,251.000000</point>
				<point>252.000000,328.000000</point>
			</points>
		</object>
		<object>
			<coordinate>pixel</coordinate>
			<type>rectangle</type>
			<description>None</description>
			<possibleresult>
				<name>Tennis Court</name>
			</possibleresult>
			<points>
				<point>236.000000,458.000000</point>
				<point>188.000000,469.000000</point>
				<point>156.000000,391.000000</point>
				<point>204.000000,380.000000</point>
				<point>236.000000,458.000000</point>
			</points>
		</object>
		<object>
			<coordinate>pixel</coordinate>
			<type>rectangle</type>
			<description>None</description>
			<possibleresult>
				<name>Dump Truck</name>
			</possibleresult>
			<points>
				<point>145.000000,642.000000</point>
				<point>123.000000,651.000000</point>
				<point>120.000000,643.000000</point>
				<point>142.000000,634.000000</point>
				<point>145.000000,642.000000</point>
			</points>
		</object>
		<object>
			<coordinate>pixel</coordinate>
			<type>rectangle</type>
			<description>None</description>
			<possibleresult>
				<name>Tennis Court</name>
			</possibleresult>
			<points>
				<point>65.000000,370.000000</point>
				<point>17.000000,380.000000</point>
				<point>-13.000000,304.000000</point>
				<point>33.000000,292.000000</point>
				<point>65.000000,370.000000</point>
			</points>
		</object>
		<object>
			<coordinate>pixel</coordinate>
			<type>rectangle</type>
			<description>None</description>
			<possibleresult>
				<name>Tennis Court</name>
			</possibleresult>
			<points>
				<point>253.000000,405.000000</point>
				<point>228.000000,411.000000</point>
				<point>210.000000,368.000000</point>
				<point>236.000000,363.000000</point>
				<point>253.000000,405.000000</point>
			</points>
		</object>
		<object>
			<coordinate>pixel</coordinate>
			<type>rectangle</type>
			<description>None</description>
			<possibleresult>
				<name>Tennis Court</name>
			</possibleresult>
			<points>
				<point>286.000000,398.000000</point>
				<point>261.000000,404.000000</point>
				<point>244.000000,362.000000</point>
				<point>269.000000,356.000000</point>
				<point>286.000000,398.000000</point>
			</points>
		</object>
		<object>
			<coordinate>pixel</coordinate>
			<type>rectangle</type>
			<description>None</description>
			<possibleresult>
				<name>Tennis Court</name>
			</possibleresult>
			<points>
				<point>275.000000,462.000000</point>
				<point>250.000000,468.000000</point>
				<point>233.000000,426.000000</point>
				<point>258.000000,420.000000</point>
				<point>275.000000,462.000000</point>
			</points>
		</object>
		<object>
			<coordinate>pixel</coordinate>
			<type>rectangle</type>
			<description>None</description>
			<possibleresult>
				<name>Tennis Court</name>
			</possibleresult>
			<points>
				<point>309.000000,455.000000</point>
				<point>283.000000,461.000000</point>
				<point>266.000000,418.000000</point>
				<point>291.000000,412.000000</point>
				<point>309.000000,455.000000</point>
			</points>
		</object>
	</objects>
</annotation>