<?xml version="1.0" encoding="utf-8"?>
<annotation>
	<source>
		<filename>12916.tif</filename>
		<origin>GF2/GF3</origin>
	</source>
	<research>
		<version>1.0</version>
		<provider>FAIR1M</provider>
		<author>Cyber</author>
		<pluginname>FAIR1M</pluginname>
		<pluginclass>object detection</pluginclass>
		<time>2021-07-21</time>
	</research>
	<size>
		<width>1000</width>
		<height>1000</height>
		<depth>3</depth>
	</size>
	<objects>
		<object>
			<coordinate>pixel</coordinate>
			<type>rectangle</type>
			<description>None</description>
			<possibleresult>
				<name>Small Car</name>
			</possibleresult>
			<points>
				<point>918.000000,918.000000</point>
				<point>910.000000,922.000000</point>
				<point>902.000000,905.000000</point>
				<point>911.000000,901.000000</point>
				<point>918.000000,918.000000</point>
			</points>
		</object>
		<object>
			<coordinate>pixel</coordinate>
			<type>rectangle</type>
			<description>None</description>
			<possibleresult>
				<name>Excavator</name>
			</possibleresult>
			<points>
				<point>828.000000,802.000000</point>
				<point>816.000000,802.000000</point>
				<point>815.000000,784.000000</point>
				<point>828.000000,783.000000</point>
				<point>828.000000,802.000000</point>
			</points>
		</object>
		<object>
			<coordinate>pixel</coordinate>
			<type>rectangle</type>
			<description>None</description>
			<possibleresult>
				<name>Dump Truck</name>
			</possibleresult>
			<points>
				<point>663.000000,388.000000</point>
				<point>653.000000,388.000000</point>
				<point>652.000000,368.000000</point>
				<point>663.000000,368.000000</point>
				<point>663.000000,388.000000</point>
			</points>
		</object>
		<object>
			<coordinate>pixel</coordinate>
			<type>rectangle</type>
			<description>None</description>
			<possibleresult>
				<name>Small Car</name>
			</possibleresult>
			<points>
				<point>774.000000,294.000000</point>
				<point>753.000000,299.000000</point>
				<point>751.000000,292.000000</point>
				<point>772.000000,287.000000</point>
				<point>774.000000,294.000000</point>
			</points>
		</object>
		<object>
			<coordinate>pixel</coordinate>
			<type>rectangle</type>
			<description>None</description>
			<possibleresult>
				<name>Dump Truck</name>
			</possibleresult>
			<points>
				<point>934.000000,276.000000</point>
				<point>912.000000,276.000000</point>
				<point>912.000000,268.000000</point>
				<point>934.000000,269.000000</point>
				<point>934.000000,276.000000</point>
			</points>
		</object>
		<object>
			<coordinate>pixel</coordinate>
			<type>rectangle</type>
			<description>None</description>
			<possibleresult>
				<name>Small Car</name>
			</possibleresult>
			<points>
				<point>819.000000,231.000000</point>
				<point>810.000000,231.000000</point>
				<point>809.000000,214.000000</point>
				<point>819.000000,214.000000</point>
				<point>819.000000,231.000000</point>
			</points>
		</object>
		<object>
			<coordinate>pixel</coordinate>
			<type>rectangle</type>
			<description>None</description>
			<possibleresult>
				<name>Van</name>
			</possibleresult>
			<points>
				<point>895.000000,76.000000</point>
				<point>894.000000,83.000000</point>
				<point>872.000000,82.000000</point>
				<point>873.000000,75.000000</point>
				<point>895.000000,76.000000</point>
			</points>
		</object>
		<object>
			<coordinate>pixel</coordinate>
			<type>rectangle</type>
			<description>None</description>
			<possibleresult>
				<name>Dump Truck</name>
			</possibleresult>
			<points>
				<point>782.000000,166.000000</point>
				<point>770.000000,166.000000</point>
				<point>770.000000,145.000000</point>
				<point>782.000000,145.000000</point>
				<point>782.000000,166.000000</point>
			</points>
		</object>
		<object>
			<coordinate>pixel</coordinate>
			<type>rectangle</type>
			<description>None</description>
			<possibleresult>
				<name>Van</name>
			</possibleresult>
			<points>
				<point>811.000000,122.000000</point>
				<point>800.000000,122.000000</point>
				<point>800.000000,106.000000</point>
				<point>810.000000,106.000000</point>
				<point>811.000000,122.000000</point>
			</points>
		</object>
		<object>
			<coordinate>pixel</coordinate>
			<type>rectangle</type>
			<description>None</description>
			<possibleresult>
				<name>Small Car</name>
			</possibleresult>
			<points>
				<point>759.000000,55.000000</point>
				<point>737.000000,55.000000</point>
				<point>737.000000,48.000000</point>
				<point>759.000000,48.000000</point>
				<point>759.000000,55.000000</point>
			</points>
		</object>
		<object>
			<coordinate>pixel</coordinate>
			<type>rectangle</type>
			<description>None</description>
			<possibleresult>
				<name>Small Car</name>
			</possibleresult>
			<points>
				<point>752.000000,95.000000</point>
				<point>732.000000,94.000000</point>
				<point>732.000000,86.000000</point>
				<point>752.000000,87.000000</point>
				<point>752.000000,95.000000</point>
			</points>
		</object>
		<object>
			<coordinate>pixel</coordinate>
			<type>rectangle</type>
			<description>None</description>
			<possibleresult>
				<name>Small Car</name>
			</possibleresult>
			<points>
				<point>694.000000,96.000000</point>
				<point>670.000000,97.000000</point>
				<point>669.000000,88.000000</point>
				<point>694.000000,87.000000</point>
				<point>694.000000,96.000000</point>
			</points>
		</object>
		<object>
			<coordinate>pixel</coordinate>
			<type>rectangle</type>
			<description>None</description>
			<possibleresult>
				<name>Small Car</name>
			</possibleresult>
			<points>
				<point>520.000000,113.000000</point>
				<point>512.000000,112.000000</point>
				<point>513.000000,91.000000</point>
				<point>520.000000,91.000000</point>
				<point>520.000000,113.000000</point>
			</points>
		</object>
		<object>
			<coordinate>pixel</coordinate>
			<type>rectangle</type>
			<description>None</description>
			<possibleresult>
				<name>other-vehicle</name>
			</possibleresult>
			<points>
				<point>511.000000,112.000000</point>
				<point>497.000000,112.000000</point>
				<point>497.000000,88.000000</point>
				<point>510.000000,88.000000</point>
				<point>511.000000,112.000000</point>
			</points>
		</object>
		<object>
			<coordinate>pixel</coordinate>
			<type>rectangle</type>
			<description>None</description>
			<possibleresult>
				<name>other-vehicle</name>
			</possibleresult>
			<points>
				<point>496.000000,109.000000</point>
				<point>484.000000,109.000000</point>
				<point>484.000000,85.000000</point>
				<point>495.000000,85.000000</point>
				<point>496.000000,109.000000</point>
			</points>
		</object>
		<object>
			<coordinate>pixel</coordinate>
			<type>rectangle</type>
			<description>None</description>
			<possibleresult>
				<name>Dump Truck</name>
			</possibleresult>
			<points>
				<point>485.000000,141.000000</point>
				<point>471.000000,141.000000</point>
				<point>471.000000,121.000000</point>
				<point>485.000000,121.000000</point>
				<point>485.000000,141.000000</point>
			</points>
		</object>
		<object>
			<coordinate>pixel</coordinate>
			<type>rectangle</type>
			<description>None</description>
			<possibleresult>
				<name>Dump Truck</name>
			</possibleresult>
			<points>
				<point>480.000000,115.000000</point>
				<point>466.000000,115.000000</point>
				<point>466.000000,92.000000</point>
				<point>480.000000,92.000000</point>
				<point>480.000000,115.000000</point>
			</points>
		</object>
		<object>
			<coordinate>pixel</coordinate>
			<type>rectangle</type>
			<description>None</description>
			<possibleresult>
				<name>Small Car</name>
			</possibleresult>
			<points>
				<point>506.000000,28.000000</point>
				<point>493.000000,28.000000</point>
				<point>494.000000,20.000000</point>
				<point>506.000000,20.000000</point>
				<point>506.000000,28.000000</point>
			</points>
		</object>
		<object>
			<coordinate>pixel</coordinate>
			<type>rectangle</type>
			<description>None</description>
			<possibleresult>
				<name>Small Car</name>
			</possibleresult>
			<points>
				<point>493.000000,27.000000</point>
				<point>476.000000,27.000000</point>
				<point>476.000000,19.000000</point>
				<point>493.000000,19.000000</point>
				<point>493.000000,27.000000</point>
			</points>
		</object>
		<object>
			<coordinate>pixel</coordinate>
			<type>rectangle</type>
			<description>None</description>
			<possibleresult>
				<name>Small Car</name>
			</possibleresult>
			<points>
				<point>256.000000,917.000000</point>
				<point>251.000000,921.000000</point>
				<point>240.000000,908.000000</point>
				<point>245.000000,903.000000</point>
				<point>256.000000,917.000000</point>
			</points>
		</object>
		<object>
			<coordinate>pixel</coordinate>
			<type>rectangle</type>
			<description>None</description>
			<possibleresult>
				<name>Dump Truck</name>
			</possibleresult>
			<points>
				<point>273.000000,914.000000</point>
				<point>267.000000,920.000000</point>
				<point>251.000000,905.000000</point>
				<point>256.000000,899.000000</point>
				<point>273.000000,914.000000</point>
			</points>
		</object>
		<object>
			<coordinate>pixel</coordinate>
			<type>rectangle</type>
			<description>None</description>
			<possibleresult>
				<name>Small Car</name>
			</possibleresult>
			<points>
				<point>303.000000,906.000000</point>
				<point>297.000000,912.000000</point>
				<point>281.000000,894.000000</point>
				<point>288.000000,888.000000</point>
				<point>303.000000,906.000000</point>
			</points>
		</object>
		<object>
			<coordinate>pixel</coordinate>
			<type>rectangle</type>
			<description>None</description>
			<possibleresult>
				<name>Small Car</name>
			</possibleresult>
			<points>
				<point>317.000000,902.000000</point>
				<point>310.000000,907.000000</point>
				<point>295.000000,889.000000</point>
				<point>302.000000,883.000000</point>
				<point>317.000000,902.000000</point>
			</points>
		</object>
		<object>
			<coordinate>pixel</coordinate>
			<type>rectangle</type>
			<description>None</description>
			<possibleresult>
				<name>Small Car</name>
			</possibleresult>
			<points>
				<point>299.000000,880.000000</point>
				<point>293.000000,884.000000</point>
				<point>281.000000,869.000000</point>
				<point>287.000000,864.000000</point>
				<point>299.000000,880.000000</point>
			</points>
		</object>
		<object>
			<coordinate>pixel</coordinate>
			<type>rectangle</type>
			<description>None</description>
			<possibleresult>
				<name>Dump Truck</name>
			</possibleresult>
			<points>
				<point>314.000000,877.000000</point>
				<point>307.000000,883.000000</point>
				<point>293.000000,866.000000</point>
				<point>301.000000,860.000000</point>
				<point>314.000000,877.000000</point>
			</points>
		</object>
		<object>
			<coordinate>pixel</coordinate>
			<type>rectangle</type>
			<description>None</description>
			<possibleresult>
				<name>Small Car</name>
			</possibleresult>
			<points>
				<point>329.000000,865.000000</point>
				<point>322.000000,871.000000</point>
				<point>309.000000,854.000000</point>
				<point>317.000000,848.000000</point>
				<point>329.000000,865.000000</point>
			</points>
		</object>
		<object>
			<coordinate>pixel</coordinate>
			<type>rectangle</type>
			<description>None</description>
			<possibleresult>
				<name>Small Car</name>
			</possibleresult>
			<points>
				<point>349.000000,886.000000</point>
				<point>342.000000,891.000000</point>
				<point>329.000000,873.000000</point>
				<point>336.000000,868.000000</point>
				<point>349.000000,886.000000</point>
			</points>
		</object>
		<object>
			<coordinate>pixel</coordinate>
			<type>rectangle</type>
			<description>None</description>
			<possibleresult>
				<name>Small Car</name>
			</possibleresult>
			<points>
				<point>344.000000,859.000000</point>
				<point>335.000000,865.000000</point>
				<point>322.000000,847.000000</point>
				<point>331.000000,841.000000</point>
				<point>344.000000,859.000000</point>
			</points>
		</object>
		<object>
			<coordinate>pixel</coordinate>
			<type>rectangle</type>
			<description>None</description>
			<possibleresult>
				<name>Cargo Truck</name>
			</possibleresult>
			<points>
				<point>324.000000,987.000000</point>
				<point>323.000000,998.000000</point>
				<point>242.000000,993.000000</point>
				<point>242.000000,982.000000</point>
				<point>324.000000,987.000000</point>
			</points>
		</object>
		<object>
			<coordinate>pixel</coordinate>
			<type>rectangle</type>
			<description>None</description>
			<possibleresult>
				<name>Dump Truck</name>
			</possibleresult>
			<points>
				<point>712.000000,926.000000</point>
				<point>686.000000,927.000000</point>
				<point>686.000000,918.000000</point>
				<point>712.000000,918.000000</point>
				<point>712.000000,926.000000</point>
			</points>
		</object>
		<object>
			<coordinate>pixel</coordinate>
			<type>rectangle</type>
			<description>None</description>
			<possibleresult>
				<name>Cargo Truck</name>
			</possibleresult>
			<points>
				<point>734.000000,949.000000</point>
				<point>701.000000,961.000000</point>
				<point>698.000000,951.000000</point>
				<point>731.000000,940.000000</point>
				<point>734.000000,949.000000</point>
			</points>
		</object>
		<object>
			<coordinate>pixel</coordinate>
			<type>rectangle</type>
			<description>None</description>
			<possibleresult>
				<name>Dump Truck</name>
			</possibleresult>
			<points>
				<point>821.000000,961.000000</point>
				<point>795.000000,971.000000</point>
				<point>792.000000,962.000000</point>
				<point>818.000000,953.000000</point>
				<point>821.000000,961.000000</point>
			</points>
		</object>
		<object>
			<coordinate>pixel</coordinate>
			<type>rectangle</type>
			<description>None</description>
			<possibleresult>
				<name>Small Car</name>
			</possibleresult>
			<points>
				<point>831.000000,986.000000</point>
				<point>812.000000,994.000000</point>
				<point>808.000000,986.000000</point>
				<point>828.000000,978.000000</point>
				<point>831.000000,986.000000</point>
			</points>
		</object>
		<object>
			<coordinate>pixel</coordinate>
			<type>rectangle</type>
			<description>None</description>
			<possibleresult>
				<name>Small Car</name>
			</possibleresult>
			<points>
				<point>838.000000,994.000000</point>
				<point>821.000000,1000.000000</point>
				<point>819.000000,994.000000</point>
				<point>836.000000,988.000000</point>
				<point>838.000000,994.000000</point>
			</points>
		</object>
		<object>
			<coordinate>pixel</coordinate>
			<type>rectangle</type>
			<description>None</description>
			<possibleresult>
				<name>Small Car</name>
			</possibleresult>
			<points>
				<point>806.000000,943.000000</point>
				<point>788.000000,949.000000</point>
				<point>785.000000,941.000000</point>
				<point>803.000000,935.000000</point>
				<point>806.000000,943.000000</point>
			</points>
		</object>
		<object>
			<coordinate>pixel</coordinate>
			<type>rectangle</type>
			<description>None</description>
			<possibleresult>
				<name>Small Car</name>
			</possibleresult>
			<points>
				<point>795.000000,921.000000</point>
				<point>771.000000,929.000000</point>
				<point>768.000000,920.000000</point>
				<point>791.000000,911.000000</point>
				<point>795.000000,921.000000</point>
			</points>
		</object>
		<object>
			<coordinate>pixel</coordinate>
			<type>rectangle</type>
			<description>None</description>
			<possibleresult>
				<name>Small Car</name>
			</possibleresult>
			<points>
				<point>923.000000,403.000000</point>
				<point>915.000000,404.000000</point>
				<point>914.000000,387.000000</point>
				<point>922.000000,386.000000</point>
				<point>923.000000,403.000000</point>
			</points>
		</object>
		<object>
			<coordinate>pixel</coordinate>
			<type>rectangle</type>
			<description>None</description>
			<possibleresult>
				<name>Dump Truck</name>
			</possibleresult>
			<points>
				<point>845.000000,543.000000</point>
				<point>821.000000,545.000000</point>
				<point>821.000000,535.000000</point>
				<point>844.000000,534.000000</point>
				<point>845.000000,543.000000</point>
			</points>
		</object>
		<object>
			<coordinate>pixel</coordinate>
			<type>rectangle</type>
			<description>None</description>
			<possibleresult>
				<name>other-vehicle</name>
			</possibleresult>
			<points>
				<point>449.000000,129.000000</point>
				<point>431.000000,129.000000</point>
				<point>430.000000,71.000000</point>
				<point>447.000000,71.000000</point>
				<point>449.000000,129.000000</point>
			</points>
		</object>
	</objects>
</annotation>