<?xml version="1.0" encoding="utf-8"?>
<annotation>
	<source>
		<filename>12941.tif</filename>
		<origin>GF2/GF3</origin>
	</source>
	<research>
		<version>1.0</version>
		<provider>FAIR1M</provider>
		<author>Cyber</author>
		<pluginname>FAIR1M</pluginname>
		<pluginclass>object detection</pluginclass>
		<time>2021-07-21</time>
	</research>
	<size>
		<width>1000</width>
		<height>1000</height>
		<depth>3</depth>
	</size>
	<objects>
		<object>
			<coordinate>pixel</coordinate>
			<type>rectangle</type>
			<description>None</description>
			<possibleresult>
				<name>Intersection</name>
			</possibleresult>
			<points>
				<point>799.000000,383.000000</point>
				<point>836.000000,417.000000</point>
				<point>859.000000,390.000000</point>
				<point>823.000000,357.000000</point>
				<point>799.000000,383.000000</point>
			</points>
		</object>
		<object>
			<coordinate>pixel</coordinate>
			<type>rectangle</type>
			<description>None</description>
			<possibleresult>
				<name>Intersection</name>
			</possibleresult>
			<points>
				<point>860.000000,913.000000</point>
				<point>875.000000,926.000000</point>
				<point>885.000000,916.000000</point>
				<point>869.000000,902.000000</point>
				<point>860.000000,913.000000</point>
			</points>
		</object>
	</objects>
</annotation>