<?xml version="1.0" encoding="utf-8"?>
<annotation>
	<source>
		<filename>12963.tif</filename>
		<origin>GF2/GF3</origin>
	</source>
	<research>
		<version>1.0</version>
		<provider>FAIR1M</provider>
		<author>Cyber</author>
		<pluginname>FAIR1M</pluginname>
		<pluginclass>object detection</pluginclass>
		<time>2021-07-21</time>
	</research>
	<size>
		<width>800</width>
		<height>600</height>
		<depth>4</depth>
	</size>
	<objects>
		<object>
			<coordinate>pixel</coordinate>
			<type>rectangle</type>
			<description>None</description>
			<possibleresult>
				<name>Small Car</name>
			</possibleresult>
			<points>
				<point>12.000000,214.000000</point>
				<point>10.000000,221.000000</point>
				<point>0.000000,218.000000</point>
				<point>0.000000,211.000000</point>
				<point>12.000000,214.000000</point>
			</points>
		</object>
		<object>
			<coordinate>pixel</coordinate>
			<type>rectangle</type>
			<description>None</description>
			<possibleresult>
				<name>Small Car</name>
			</possibleresult>
			<points>
				<point>17.000000,206.000000</point>
				<point>15.000000,214.000000</point>
				<point>0.000000,210.000000</point>
				<point>2.000000,202.000000</point>
				<point>17.000000,206.000000</point>
			</points>
		</object>
		<object>
			<coordinate>pixel</coordinate>
			<type>rectangle</type>
			<description>None</description>
			<possibleresult>
				<name>Small Car</name>
			</possibleresult>
			<points>
				<point>22.000000,197.000000</point>
				<point>20.000000,204.000000</point>
				<point>5.000000,200.000000</point>
				<point>7.000000,193.000000</point>
				<point>22.000000,197.000000</point>
			</points>
		</object>
		<object>
			<coordinate>pixel</coordinate>
			<type>rectangle</type>
			<description>None</description>
			<possibleresult>
				<name>Small Car</name>
			</possibleresult>
			<points>
				<point>50.000000,5.000000</point>
				<point>49.000000,12.000000</point>
				<point>29.000000,10.000000</point>
				<point>29.000000,3.000000</point>
				<point>50.000000,5.000000</point>
			</points>
		</object>
		<object>
			<coordinate>pixel</coordinate>
			<type>rectangle</type>
			<description>None</description>
			<possibleresult>
				<name>Small Car</name>
			</possibleresult>
			<points>
				<point>47.000000,20.000000</point>
				<point>27.000000,20.000000</point>
				<point>27.000000,13.000000</point>
				<point>47.000000,13.000000</point>
				<point>47.000000,20.000000</point>
			</points>
		</object>
		<object>
			<coordinate>pixel</coordinate>
			<type>rectangle</type>
			<description>None</description>
			<possibleresult>
				<name>Van</name>
			</possibleresult>
			<points>
				<point>42.000000,29.000000</point>
				<point>26.000000,29.000000</point>
				<point>26.000000,23.000000</point>
				<point>42.000000,23.000000</point>
				<point>42.000000,29.000000</point>
			</points>
		</object>
		<object>
			<coordinate>pixel</coordinate>
			<type>rectangle</type>
			<description>None</description>
			<possibleresult>
				<name>Small Car</name>
			</possibleresult>
			<points>
				<point>42.000000,41.000000</point>
				<point>23.000000,40.000000</point>
				<point>24.000000,33.000000</point>
				<point>42.000000,33.000000</point>
				<point>42.000000,41.000000</point>
			</points>
		</object>
		<object>
			<coordinate>pixel</coordinate>
			<type>rectangle</type>
			<description>None</description>
			<possibleresult>
				<name>Small Car</name>
			</possibleresult>
			<points>
				<point>41.000000,44.000000</point>
				<point>40.000000,50.000000</point>
				<point>24.000000,49.000000</point>
				<point>25.000000,42.000000</point>
				<point>41.000000,44.000000</point>
			</points>
		</object>
		<object>
			<coordinate>pixel</coordinate>
			<type>rectangle</type>
			<description>None</description>
			<possibleresult>
				<name>Dump Truck</name>
			</possibleresult>
			<points>
				<point>85.000000,8.000000</point>
				<point>82.000000,23.000000</point>
				<point>75.000000,21.000000</point>
				<point>77.000000,6.000000</point>
				<point>85.000000,8.000000</point>
			</points>
		</object>
		<object>
			<coordinate>pixel</coordinate>
			<type>rectangle</type>
			<description>None</description>
			<possibleresult>
				<name>Small Car</name>
			</possibleresult>
			<points>
				<point>79.000000,27.000000</point>
				<point>76.000000,44.000000</point>
				<point>68.000000,43.000000</point>
				<point>71.000000,26.000000</point>
				<point>79.000000,27.000000</point>
			</points>
		</object>
		<object>
			<coordinate>pixel</coordinate>
			<type>rectangle</type>
			<description>None</description>
			<possibleresult>
				<name>Small Car</name>
			</possibleresult>
			<points>
				<point>74.000000,45.000000</point>
				<point>72.000000,62.000000</point>
				<point>64.000000,61.000000</point>
				<point>66.000000,44.000000</point>
				<point>74.000000,45.000000</point>
			</points>
		</object>
		<object>
			<coordinate>pixel</coordinate>
			<type>rectangle</type>
			<description>None</description>
			<possibleresult>
				<name>Van</name>
			</possibleresult>
			<points>
				<point>70.000000,68.000000</point>
				<point>68.000000,83.000000</point>
				<point>61.000000,82.000000</point>
				<point>63.000000,67.000000</point>
				<point>70.000000,68.000000</point>
			</points>
		</object>
		<object>
			<coordinate>pixel</coordinate>
			<type>rectangle</type>
			<description>None</description>
			<possibleresult>
				<name>Small Car</name>
			</possibleresult>
			<points>
				<point>470.000000,29.000000</point>
				<point>464.000000,31.000000</point>
				<point>461.000000,24.000000</point>
				<point>467.000000,21.000000</point>
				<point>470.000000,29.000000</point>
			</points>
		</object>
		<object>
			<coordinate>pixel</coordinate>
			<type>rectangle</type>
			<description>None</description>
			<possibleresult>
				<name>Small Car</name>
			</possibleresult>
			<points>
				<point>498.000000,33.000000</point>
				<point>492.000000,35.000000</point>
				<point>488.000000,24.000000</point>
				<point>494.000000,22.000000</point>
				<point>498.000000,33.000000</point>
			</points>
		</object>
		<object>
			<coordinate>pixel</coordinate>
			<type>rectangle</type>
			<description>None</description>
			<possibleresult>
				<name>Small Car</name>
			</possibleresult>
			<points>
				<point>485.000000,29.000000</point>
				<point>477.000000,32.000000</point>
				<point>474.000000,24.000000</point>
				<point>481.000000,20.000000</point>
				<point>485.000000,29.000000</point>
			</points>
		</object>
		<object>
			<coordinate>pixel</coordinate>
			<type>rectangle</type>
			<description>None</description>
			<possibleresult>
				<name>Small Car</name>
			</possibleresult>
			<points>
				<point>443.000000,25.000000</point>
				<point>436.000000,28.000000</point>
				<point>429.000000,14.000000</point>
				<point>436.000000,11.000000</point>
				<point>443.000000,25.000000</point>
			</points>
		</object>
		<object>
			<coordinate>pixel</coordinate>
			<type>rectangle</type>
			<description>None</description>
			<possibleresult>
				<name>Small Car</name>
			</possibleresult>
			<points>
				<point>430.000000,23.000000</point>
				<point>423.000000,26.000000</point>
				<point>416.000000,12.000000</point>
				<point>424.000000,9.000000</point>
				<point>430.000000,23.000000</point>
			</points>
		</object>
		<object>
			<coordinate>pixel</coordinate>
			<type>rectangle</type>
			<description>None</description>
			<possibleresult>
				<name>Small Car</name>
			</possibleresult>
			<points>
				<point>401.000000,30.000000</point>
				<point>400.000000,44.000000</point>
				<point>391.000000,43.000000</point>
				<point>393.000000,28.000000</point>
				<point>401.000000,30.000000</point>
			</points>
		</object>
		<object>
			<coordinate>pixel</coordinate>
			<type>rectangle</type>
			<description>None</description>
			<possibleresult>
				<name>Small Car</name>
			</possibleresult>
			<points>
				<point>398.000000,44.000000</point>
				<point>397.000000,60.000000</point>
				<point>387.000000,59.000000</point>
				<point>389.000000,43.000000</point>
				<point>398.000000,44.000000</point>
			</points>
		</object>
		<object>
			<coordinate>pixel</coordinate>
			<type>rectangle</type>
			<description>None</description>
			<possibleresult>
				<name>Small Car</name>
			</possibleresult>
			<points>
				<point>394.000000,62.000000</point>
				<point>391.000000,79.000000</point>
				<point>384.000000,78.000000</point>
				<point>386.000000,61.000000</point>
				<point>394.000000,62.000000</point>
			</points>
		</object>
		<object>
			<coordinate>pixel</coordinate>
			<type>rectangle</type>
			<description>None</description>
			<possibleresult>
				<name>Van</name>
			</possibleresult>
			<points>
				<point>434.000000,48.000000</point>
				<point>420.000000,65.000000</point>
				<point>413.000000,60.000000</point>
				<point>427.000000,42.000000</point>
				<point>434.000000,48.000000</point>
			</points>
		</object>
		<object>
			<coordinate>pixel</coordinate>
			<type>rectangle</type>
			<description>None</description>
			<possibleresult>
				<name>Van</name>
			</possibleresult>
			<points>
				<point>446.000000,52.000000</point>
				<point>435.000000,64.000000</point>
				<point>429.000000,59.000000</point>
				<point>441.000000,47.000000</point>
				<point>446.000000,52.000000</point>
			</points>
		</object>
		<object>
			<coordinate>pixel</coordinate>
			<type>rectangle</type>
			<description>None</description>
			<possibleresult>
				<name>Small Car</name>
			</possibleresult>
			<points>
				<point>460.000000,55.000000</point>
				<point>449.000000,66.000000</point>
				<point>444.000000,61.000000</point>
				<point>455.000000,49.000000</point>
				<point>460.000000,55.000000</point>
			</points>
		</object>
		<object>
			<coordinate>pixel</coordinate>
			<type>rectangle</type>
			<description>None</description>
			<possibleresult>
				<name>Small Car</name>
			</possibleresult>
			<points>
				<point>472.000000,57.000000</point>
				<point>461.000000,70.000000</point>
				<point>455.000000,65.000000</point>
				<point>467.000000,52.000000</point>
				<point>472.000000,57.000000</point>
			</points>
		</object>
		<object>
			<coordinate>pixel</coordinate>
			<type>rectangle</type>
			<description>None</description>
			<possibleresult>
				<name>Van</name>
			</possibleresult>
			<points>
				<point>492.000000,57.000000</point>
				<point>473.000000,72.000000</point>
				<point>467.000000,65.000000</point>
				<point>486.000000,50.000000</point>
				<point>492.000000,57.000000</point>
			</points>
		</object>
		<object>
			<coordinate>pixel</coordinate>
			<type>rectangle</type>
			<description>None</description>
			<possibleresult>
				<name>Small Car</name>
			</possibleresult>
			<points>
				<point>499.000000,61.000000</point>
				<point>488.000000,73.000000</point>
				<point>482.000000,68.000000</point>
				<point>494.000000,56.000000</point>
				<point>499.000000,61.000000</point>
			</points>
		</object>
		<object>
			<coordinate>pixel</coordinate>
			<type>rectangle</type>
			<description>None</description>
			<possibleresult>
				<name>Small Car</name>
			</possibleresult>
			<points>
				<point>468.000000,74.000000</point>
				<point>455.000000,84.000000</point>
				<point>452.000000,80.000000</point>
				<point>464.000000,70.000000</point>
				<point>468.000000,74.000000</point>
			</points>
		</object>
		<object>
			<coordinate>pixel</coordinate>
			<type>rectangle</type>
			<description>None</description>
			<possibleresult>
				<name>Small Car</name>
			</possibleresult>
			<points>
				<point>412.000000,95.000000</point>
				<point>404.000000,96.000000</point>
				<point>402.000000,80.000000</point>
				<point>410.000000,79.000000</point>
				<point>412.000000,95.000000</point>
			</points>
		</object>
		<object>
			<coordinate>pixel</coordinate>
			<type>rectangle</type>
			<description>None</description>
			<possibleresult>
				<name>Tennis Court</name>
			</possibleresult>
			<points>
				<point>277.000000,504.000000</point>
				<point>214.000000,566.000000</point>
				<point>176.000000,542.000000</point>
				<point>240.000000,480.000000</point>
				<point>277.000000,504.000000</point>
			</points>
		</object>
		<object>
			<coordinate>pixel</coordinate>
			<type>rectangle</type>
			<description>None</description>
			<possibleresult>
				<name>Tennis Court</name>
			</possibleresult>
			<points>
				<point>255.406967,603.355591</point>
				<point>225.999924,572.999878</point>
				<point>297.592957,503.644287</point>
				<point>327.000000,534.000000</point>
				<point>255.406967,603.355591</point>
			</points>
		</object>
		<object>
			<coordinate>pixel</coordinate>
			<type>rectangle</type>
			<description>None</description>
			<possibleresult>
				<name>Tennis Court</name>
			</possibleresult>
			<points>
				<point>377.000031,565.000000</point>
				<point>340.871033,600.000000</point>
				<point>279.096802,600.000000</point>
				<point>347.093231,534.128418</point>
				<point>377.000031,565.000000</point>
			</points>
		</object>
		<object>
			<coordinate>pixel</coordinate>
			<type>rectangle</type>
			<description>None</description>
			<possibleresult>
				<name>Van</name>
			</possibleresult>
			<points>
				<point>483.000000,75.000000</point>
				<point>469.000000,91.000000</point>
				<point>462.000000,85.000000</point>
				<point>476.000000,69.000000</point>
				<point>483.000000,75.000000</point>
			</points>
		</object>
		<object>
			<coordinate>pixel</coordinate>
			<type>rectangle</type>
			<description>None</description>
			<possibleresult>
				<name>Baseball Field</name>
			</possibleresult>
			<points>
				<point>749.999939,634.000061</point>
				<point>672.508118,526.316589</point>
				<point>772.999939,454.000061</point>
				<point>850.491760,561.683533</point>
				<point>749.999939,634.000061</point>
			</points>
		</object>
	</objects>
</annotation>