<?xml version="1.0" encoding="utf-8"?>
<annotation>
	<source>
		<filename>12972.tif</filename>
		<origin>GF2/GF3</origin>
	</source>
	<research>
		<version>1.0</version>
		<provider>FAIR1M</provider>
		<author>Cyber</author>
		<pluginname>FAIR1M</pluginname>
		<pluginclass>object detection</pluginclass>
		<time>2021-07-21</time>
	</research>
	<size>
		<width>1000</width>
		<height>1000</height>
		<depth>3</depth>
	</size>
	<objects>
		<object>
			<coordinate>pixel</coordinate>
			<type>rectangle</type>
			<description>None</description>
			<possibleresult>
				<name>A220</name>
			</possibleresult>
			<points>
				<point>670.000000,233.000000</point>
				<point>623.000000,257.000000</point>
				<point>644.000000,296.000000</point>
				<point>690.000000,272.000000</point>
				<point>670.000000,233.000000</point>
			</points>
		</object>
		<object>
			<coordinate>pixel</coordinate>
			<type>rectangle</type>
			<description>None</description>
			<possibleresult>
				<name>other-airplane</name>
			</possibleresult>
			<points>
				<point>370.000000,714.000000</point>
				<point>305.000000,746.000000</point>
				<point>333.000000,803.000000</point>
				<point>398.000000,771.000000</point>
				<point>370.000000,714.000000</point>
			</points>
		</object>
	</objects>
</annotation>