<?xml version="1.0" encoding="utf-8"?>
<annotation>
	<source>
		<filename>13025.tif</filename>
		<origin>GF2/GF3</origin>
	</source>
	<research>
		<version>1.0</version>
		<provider>FAIR1M</provider>
		<author>Cyber</author>
		<pluginname>FAIR1M</pluginname>
		<pluginclass>object detection</pluginclass>
		<time>2021-07-21</time>
	</research>
	<size>
		<width>2000</width>
		<height>2000</height>
		<depth>3</depth>
	</size>
	<objects>
		<object>
			<coordinate>pixel</coordinate>
			<type>rectangle</type>
			<description>None</description>
			<possibleresult>
				<name>Liquid Cargo Ship</name>
			</possibleresult>
			<points>
				<point>271.000000,29.000000</point>
				<point>178.000000,-13.000000</point>
				<point>169.000000,7.000000</point>
				<point>263.000000,50.000000</point>
				<point>271.000000,29.000000</point>
			</points>
		</object>
		<object>
			<coordinate>pixel</coordinate>
			<type>rectangle</type>
			<description>None</description>
			<possibleresult>
				<name>Liquid Cargo Ship</name>
			</possibleresult>
			<points>
				<point>301.000000,70.000000</point>
				<point>436.000000,125.000000</point>
				<point>446.000000,104.000000</point>
				<point>309.000000,47.000000</point>
				<point>301.000000,70.000000</point>
			</points>
		</object>
		<object>
			<coordinate>pixel</coordinate>
			<type>rectangle</type>
			<description>None</description>
			<possibleresult>
				<name>Tugboat</name>
			</possibleresult>
			<points>
				<point>336.000000,56.000000</point>
				<point>348.000000,18.000000</point>
				<point>336.000000,15.000000</point>
				<point>325.000000,54.000000</point>
				<point>336.000000,56.000000</point>
			</points>
		</object>
		<object>
			<coordinate>pixel</coordinate>
			<type>rectangle</type>
			<description>None</description>
			<possibleresult>
				<name>Tugboat</name>
			</possibleresult>
			<points>
				<point>421.000000,93.000000</point>
				<point>434.000000,58.000000</point>
				<point>419.000000,52.000000</point>
				<point>405.000000,86.000000</point>
				<point>421.000000,93.000000</point>
			</points>
		</object>
		<object>
			<coordinate>pixel</coordinate>
			<type>rectangle</type>
			<description>None</description>
			<possibleresult>
				<name>Fishing Boat</name>
			</possibleresult>
			<points>
				<point>534.000000,254.000000</point>
				<point>559.000000,204.000000</point>
				<point>550.000000,200.000000</point>
				<point>525.000000,250.000000</point>
				<point>534.000000,254.000000</point>
			</points>
		</object>
		<object>
			<coordinate>pixel</coordinate>
			<type>rectangle</type>
			<description>None</description>
			<possibleresult>
				<name>Fishing Boat</name>
			</possibleresult>
			<points>
				<point>542.000000,265.000000</point>
				<point>567.000000,211.000000</point>
				<point>557.000000,206.000000</point>
				<point>532.000000,259.000000</point>
				<point>542.000000,265.000000</point>
			</points>
		</object>
		<object>
			<coordinate>pixel</coordinate>
			<type>rectangle</type>
			<description>None</description>
			<possibleresult>
				<name>Fishing Boat</name>
			</possibleresult>
			<points>
				<point>551.000000,270.000000</point>
				<point>576.000000,220.000000</point>
				<point>567.000000,215.000000</point>
				<point>542.000000,263.000000</point>
				<point>551.000000,270.000000</point>
			</points>
		</object>
		<object>
			<coordinate>pixel</coordinate>
			<type>rectangle</type>
			<description>None</description>
			<possibleresult>
				<name>Fishing Boat</name>
			</possibleresult>
			<points>
				<point>928.000000,390.000000</point>
				<point>863.000000,358.000000</point>
				<point>857.000000,370.000000</point>
				<point>921.000000,404.000000</point>
				<point>928.000000,390.000000</point>
			</points>
		</object>
		<object>
			<coordinate>pixel</coordinate>
			<type>rectangle</type>
			<description>None</description>
			<possibleresult>
				<name>Fishing Boat</name>
			</possibleresult>
			<points>
				<point>1196.000000,475.000000</point>
				<point>1253.000000,508.000000</point>
				<point>1259.000000,495.000000</point>
				<point>1203.000000,463.000000</point>
				<point>1196.000000,475.000000</point>
			</points>
		</object>
		<object>
			<coordinate>pixel</coordinate>
			<type>rectangle</type>
			<description>None</description>
			<possibleresult>
				<name>Fishing Boat</name>
			</possibleresult>
			<points>
				<point>1334.000000,611.000000</point>
				<point>1361.000000,568.000000</point>
				<point>1351.000000,563.000000</point>
				<point>1325.000000,604.000000</point>
				<point>1334.000000,611.000000</point>
			</points>
		</object>
		<object>
			<coordinate>pixel</coordinate>
			<type>rectangle</type>
			<description>None</description>
			<possibleresult>
				<name>Fishing Boat</name>
			</possibleresult>
			<points>
				<point>1336.000000,620.000000</point>
				<point>1353.000000,597.000000</point>
				<point>1346.000000,591.000000</point>
				<point>1330.000000,615.000000</point>
				<point>1336.000000,620.000000</point>
			</points>
		</object>
		<object>
			<coordinate>pixel</coordinate>
			<type>rectangle</type>
			<description>None</description>
			<possibleresult>
				<name>Fishing Boat</name>
			</possibleresult>
			<points>
				<point>1348.000000,615.000000</point>
				<point>1363.000000,591.000000</point>
				<point>1357.000000,588.000000</point>
				<point>1342.000000,611.000000</point>
				<point>1348.000000,615.000000</point>
			</points>
		</object>
		<object>
			<coordinate>pixel</coordinate>
			<type>rectangle</type>
			<description>None</description>
			<possibleresult>
				<name>Fishing Boat</name>
			</possibleresult>
			<points>
				<point>1365.000000,554.000000</point>
				<point>1394.000000,522.000000</point>
				<point>1388.000000,515.000000</point>
				<point>1359.000000,549.000000</point>
				<point>1365.000000,554.000000</point>
			</points>
		</object>
		<object>
			<coordinate>pixel</coordinate>
			<type>rectangle</type>
			<description>None</description>
			<possibleresult>
				<name>Engineering Ship</name>
			</possibleresult>
			<points>
				<point>1374.000000,579.000000</point>
				<point>1431.000000,514.000000</point>
				<point>1413.000000,500.000000</point>
				<point>1357.000000,565.000000</point>
				<point>1374.000000,579.000000</point>
			</points>
		</object>
		<object>
			<coordinate>pixel</coordinate>
			<type>rectangle</type>
			<description>None</description>
			<possibleresult>
				<name>Engineering Ship</name>
			</possibleresult>
			<points>
				<point>1440.000000,527.000000</point>
				<point>1403.000000,572.000000</point>
				<point>1423.000000,590.000000</point>
				<point>1461.000000,543.000000</point>
				<point>1440.000000,527.000000</point>
			</points>
		</object>
		<object>
			<coordinate>pixel</coordinate>
			<type>rectangle</type>
			<description>None</description>
			<possibleresult>
				<name>Fishing Boat</name>
			</possibleresult>
			<points>
				<point>1442.000000,593.000000</point>
				<point>1480.000000,545.000000</point>
				<point>1467.000000,536.000000</point>
				<point>1430.000000,584.000000</point>
				<point>1442.000000,593.000000</point>
			</points>
		</object>
		<object>
			<coordinate>pixel</coordinate>
			<type>rectangle</type>
			<description>None</description>
			<possibleresult>
				<name>Fishing Boat</name>
			</possibleresult>
			<points>
				<point>1475.000000,593.000000</point>
				<point>1496.000000,565.000000</point>
				<point>1488.000000,558.000000</point>
				<point>1465.000000,584.000000</point>
				<point>1475.000000,593.000000</point>
			</points>
		</object>
		<object>
			<coordinate>pixel</coordinate>
			<type>rectangle</type>
			<description>None</description>
			<possibleresult>
				<name>Fishing Boat</name>
			</possibleresult>
			<points>
				<point>1490.000000,552.000000</point>
				<point>1480.000000,545.000000</point>
				<point>1453.000000,579.000000</point>
				<point>1463.000000,588.000000</point>
				<point>1490.000000,552.000000</point>
			</points>
		</object>
		<object>
			<coordinate>pixel</coordinate>
			<type>rectangle</type>
			<description>None</description>
			<possibleresult>
				<name>Fishing Boat</name>
			</possibleresult>
			<points>
				<point>1353.000000,595.000000</point>
				<point>1367.000000,574.000000</point>
				<point>1361.000000,568.000000</point>
				<point>1346.000000,591.000000</point>
				<point>1353.000000,595.000000</point>
			</points>
		</object>
		<object>
			<coordinate>pixel</coordinate>
			<type>rectangle</type>
			<description>None</description>
			<possibleresult>
				<name>Roundabout</name>
			</possibleresult>
			<points>
				<point>127.000000,595.000000</point>
				<point>127.000000,504.000000</point>
				<point>213.000000,504.000000</point>
				<point>213.000000,595.000000</point>
				<point>127.000000,595.000000</point>
			</points>
		</object>
	</objects>
</annotation>