<?xml version="1.0" encoding="utf-8"?>
<annotation>
	<source>
		<filename>13024.tif</filename>
		<origin>GF2/GF3</origin>
	</source>
	<research>
		<version>1.0</version>
		<provider>FAIR1M</provider>
		<author>Cyber</author>
		<pluginname>FAIR1M</pluginname>
		<pluginclass>object detection</pluginclass>
		<time>2021-07-21</time>
	</research>
	<size>
		<width>600</width>
		<height>800</height>
		<depth>3</depth>
	</size>
	<objects>
		<object>
			<coordinate>pixel</coordinate>
			<type>rectangle</type>
			<description>None</description>
			<possibleresult>
				<name>Liquid Cargo Ship</name>
			</possibleresult>
			<points>
				<point>348.000000,258.000000</point>
				<point>336.000000,288.000000</point>
				<point>203.000000,229.000000</point>
				<point>217.000000,200.000000</point>
				<point>348.000000,258.000000</point>
			</points>
		</object>
		<object>
			<coordinate>pixel</coordinate>
			<type>rectangle</type>
			<description>None</description>
			<possibleresult>
				<name>Liquid Cargo Ship</name>
			</possibleresult>
			<points>
				<point>382.000000,302.000000</point>
				<point>330.000000,359.000000</point>
				<point>315.000000,347.000000</point>
				<point>367.000000,290.000000</point>
				<point>382.000000,302.000000</point>
			</points>
		</object>
		<object>
			<coordinate>pixel</coordinate>
			<type>rectangle</type>
			<description>None</description>
			<possibleresult>
				<name>Dry Cargo Ship</name>
			</possibleresult>
			<points>
				<point>465.000000,368.000000</point>
				<point>446.000000,431.000000</point>
				<point>432.000000,427.000000</point>
				<point>451.000000,365.000000</point>
				<point>465.000000,368.000000</point>
			</points>
		</object>
	</objects>
</annotation>