<?xml version="1.0" encoding="utf-8"?>
<annotation>
	<source>
		<filename>13104.tif</filename>
		<origin>GF2/GF3</origin>
	</source>
	<research>
		<version>1.0</version>
		<provider>FAIR1M</provider>
		<author>Cyber</author>
		<pluginname>FAIR1M</pluginname>
		<pluginclass>object detection</pluginclass>
		<time>2021-07-21</time>
	</research>
	<size>
		<width>1000</width>
		<height>1000</height>
		<depth>3</depth>
	</size>
	<objects>
		<object>
			<coordinate>pixel</coordinate>
			<type>rectangle</type>
			<description>None</description>
			<possibleresult>
				<name>Van</name>
			</possibleresult>
			<points>
				<point>867.000000,974.000000</point>
				<point>860.000000,975.000000</point>
				<point>860.000000,965.000000</point>
				<point>866.000000,964.000000</point>
				<point>867.000000,974.000000</point>
			</points>
		</object>
		<object>
			<coordinate>pixel</coordinate>
			<type>rectangle</type>
			<description>None</description>
			<possibleresult>
				<name>Van</name>
			</possibleresult>
			<points>
				<point>899.000000,950.000000</point>
				<point>881.000000,950.000000</point>
				<point>880.000000,944.000000</point>
				<point>899.000000,943.000000</point>
				<point>899.000000,950.000000</point>
			</points>
		</object>
		<object>
			<coordinate>pixel</coordinate>
			<type>rectangle</type>
			<description>None</description>
			<possibleresult>
				<name>Van</name>
			</possibleresult>
			<points>
				<point>997.000000,659.000000</point>
				<point>973.000000,660.000000</point>
				<point>973.000000,651.000000</point>
				<point>996.000000,650.000000</point>
				<point>997.000000,659.000000</point>
			</points>
		</object>
		<object>
			<coordinate>pixel</coordinate>
			<type>rectangle</type>
			<description>None</description>
			<possibleresult>
				<name>Van</name>
			</possibleresult>
			<points>
				<point>471.000000,95.000000</point>
				<point>460.000000,97.000000</point>
				<point>457.000000,79.000000</point>
				<point>467.000000,77.000000</point>
				<point>471.000000,95.000000</point>
			</points>
		</object>
		<object>
			<coordinate>pixel</coordinate>
			<type>rectangle</type>
			<description>None</description>
			<possibleresult>
				<name>Small Car</name>
			</possibleresult>
			<points>
				<point>571.000000,313.000000</point>
				<point>551.000000,314.000000</point>
				<point>550.000000,309.000000</point>
				<point>571.000000,308.000000</point>
				<point>571.000000,313.000000</point>
			</points>
		</object>
		<object>
			<coordinate>pixel</coordinate>
			<type>rectangle</type>
			<description>None</description>
			<possibleresult>
				<name>Van</name>
			</possibleresult>
			<points>
				<point>200.000000,143.000000</point>
				<point>180.000000,146.000000</point>
				<point>179.000000,141.000000</point>
				<point>199.000000,138.000000</point>
				<point>200.000000,143.000000</point>
			</points>
		</object>
		<object>
			<coordinate>pixel</coordinate>
			<type>rectangle</type>
			<description>None</description>
			<possibleresult>
				<name>Dump Truck</name>
			</possibleresult>
			<points>
				<point>148.000000,41.000000</point>
				<point>125.000000,44.000000</point>
				<point>124.000000,38.000000</point>
				<point>147.000000,35.000000</point>
				<point>148.000000,41.000000</point>
			</points>
		</object>
		<object>
			<coordinate>pixel</coordinate>
			<type>rectangle</type>
			<description>None</description>
			<possibleresult>
				<name>Small Car</name>
			</possibleresult>
			<points>
				<point>637.000000,470.000000</point>
				<point>629.000000,473.000000</point>
				<point>623.000000,455.000000</point>
				<point>631.000000,453.000000</point>
				<point>637.000000,470.000000</point>
			</points>
		</object>
		<object>
			<coordinate>pixel</coordinate>
			<type>rectangle</type>
			<description>None</description>
			<possibleresult>
				<name>Small Car</name>
			</possibleresult>
			<points>
				<point>773.000000,711.000000</point>
				<point>764.000000,713.000000</point>
				<point>760.000000,696.000000</point>
				<point>769.000000,694.000000</point>
				<point>773.000000,711.000000</point>
			</points>
		</object>
		<object>
			<coordinate>pixel</coordinate>
			<type>rectangle</type>
			<description>None</description>
			<possibleresult>
				<name>Van</name>
			</possibleresult>
			<points>
				<point>189.000000,88.000000</point>
				<point>170.000000,91.000000</point>
				<point>169.000000,84.000000</point>
				<point>188.000000,82.000000</point>
				<point>189.000000,88.000000</point>
			</points>
		</object>
		<object>
			<coordinate>pixel</coordinate>
			<type>rectangle</type>
			<description>None</description>
			<possibleresult>
				<name>Small Car</name>
			</possibleresult>
			<points>
				<point>581.000000,578.000000</point>
				<point>559.000000,582.000000</point>
				<point>558.000000,574.000000</point>
				<point>580.000000,571.000000</point>
				<point>581.000000,578.000000</point>
			</points>
		</object>
		<object>
			<coordinate>pixel</coordinate>
			<type>rectangle</type>
			<description>None</description>
			<possibleresult>
				<name>Small Car</name>
			</possibleresult>
			<points>
				<point>677.000000,567.000000</point>
				<point>655.000000,570.000000</point>
				<point>654.000000,563.000000</point>
				<point>676.000000,560.000000</point>
				<point>677.000000,567.000000</point>
			</points>
		</object>
		<object>
			<coordinate>pixel</coordinate>
			<type>rectangle</type>
			<description>None</description>
			<possibleresult>
				<name>Small Car</name>
			</possibleresult>
			<points>
				<point>747.000000,558.000000</point>
				<point>724.000000,561.000000</point>
				<point>723.000000,553.000000</point>
				<point>746.000000,550.000000</point>
				<point>747.000000,558.000000</point>
			</points>
		</object>
		<object>
			<coordinate>pixel</coordinate>
			<type>rectangle</type>
			<description>None</description>
			<possibleresult>
				<name>Small Car</name>
			</possibleresult>
			<points>
				<point>776.000000,566.000000</point>
				<point>755.000000,568.000000</point>
				<point>754.000000,561.000000</point>
				<point>776.000000,559.000000</point>
				<point>776.000000,566.000000</point>
			</points>
		</object>
		<object>
			<coordinate>pixel</coordinate>
			<type>rectangle</type>
			<description>None</description>
			<possibleresult>
				<name>Van</name>
			</possibleresult>
			<points>
				<point>948.000000,777.000000</point>
				<point>939.000000,780.000000</point>
				<point>936.000000,767.000000</point>
				<point>944.000000,765.000000</point>
				<point>948.000000,777.000000</point>
			</points>
		</object>
		<object>
			<coordinate>pixel</coordinate>
			<type>rectangle</type>
			<description>None</description>
			<possibleresult>
				<name>Small Car</name>
			</possibleresult>
			<points>
				<point>859.000000,792.000000</point>
				<point>834.000000,796.000000</point>
				<point>833.000000,787.000000</point>
				<point>858.000000,783.000000</point>
				<point>859.000000,792.000000</point>
			</points>
		</object>
		<object>
			<coordinate>pixel</coordinate>
			<type>rectangle</type>
			<description>None</description>
			<possibleresult>
				<name>Cargo Truck</name>
			</possibleresult>
			<points>
				<point>807.000000,800.000000</point>
				<point>777.000000,802.000000</point>
				<point>776.000000,793.000000</point>
				<point>806.000000,790.000000</point>
				<point>807.000000,800.000000</point>
			</points>
		</object>
		<object>
			<coordinate>pixel</coordinate>
			<type>rectangle</type>
			<description>None</description>
			<possibleresult>
				<name>Van</name>
			</possibleresult>
			<points>
				<point>772.000000,829.000000</point>
				<point>762.000000,830.000000</point>
				<point>761.000000,815.000000</point>
				<point>771.000000,814.000000</point>
				<point>772.000000,829.000000</point>
			</points>
		</object>
		<object>
			<coordinate>pixel</coordinate>
			<type>rectangle</type>
			<description>None</description>
			<possibleresult>
				<name>Small Car</name>
			</possibleresult>
			<points>
				<point>843.000000,864.000000</point>
				<point>839.000000,872.000000</point>
				<point>820.000000,864.000000</point>
				<point>823.000000,855.000000</point>
				<point>843.000000,864.000000</point>
			</points>
		</object>
		<object>
			<coordinate>pixel</coordinate>
			<type>rectangle</type>
			<description>None</description>
			<possibleresult>
				<name>Van</name>
			</possibleresult>
			<points>
				<point>867.000000,923.000000</point>
				<point>857.000000,926.000000</point>
				<point>852.000000,908.000000</point>
				<point>862.000000,906.000000</point>
				<point>867.000000,923.000000</point>
			</points>
		</object>
		<object>
			<coordinate>pixel</coordinate>
			<type>rectangle</type>
			<description>None</description>
			<possibleresult>
				<name>Small Car</name>
			</possibleresult>
			<points>
				<point>732.000000,1000.000000</point>
				<point>721.000000,1000.000000</point>
				<point>718.000000,995.000000</point>
				<point>725.000000,989.000000</point>
				<point>732.000000,1000.000000</point>
			</points>
		</object>
		<object>
			<coordinate>pixel</coordinate>
			<type>rectangle</type>
			<description>None</description>
			<possibleresult>
				<name>Van</name>
			</possibleresult>
			<points>
				<point>698.000000,956.000000</point>
				<point>690.000000,960.000000</point>
				<point>682.000000,946.000000</point>
				<point>691.000000,941.000000</point>
				<point>698.000000,956.000000</point>
			</points>
		</object>
		<object>
			<coordinate>pixel</coordinate>
			<type>rectangle</type>
			<description>None</description>
			<possibleresult>
				<name>Small Car</name>
			</possibleresult>
			<points>
				<point>390.000000,900.000000</point>
				<point>366.000000,907.000000</point>
				<point>364.000000,898.000000</point>
				<point>387.000000,891.000000</point>
				<point>390.000000,900.000000</point>
			</points>
		</object>
		<object>
			<coordinate>pixel</coordinate>
			<type>rectangle</type>
			<description>None</description>
			<possibleresult>
				<name>Small Car</name>
			</possibleresult>
			<points>
				<point>510.000000,925.000000</point>
				<point>501.000000,929.000000</point>
				<point>494.000000,913.000000</point>
				<point>503.000000,909.000000</point>
				<point>510.000000,925.000000</point>
			</points>
		</object>
		<object>
			<coordinate>pixel</coordinate>
			<type>rectangle</type>
			<description>None</description>
			<possibleresult>
				<name>Small Car</name>
			</possibleresult>
			<points>
				<point>497.000000,926.000000</point>
				<point>489.000000,930.000000</point>
				<point>482.000000,918.000000</point>
				<point>490.000000,913.000000</point>
				<point>497.000000,926.000000</point>
			</points>
		</object>
		<object>
			<coordinate>pixel</coordinate>
			<type>rectangle</type>
			<description>None</description>
			<possibleresult>
				<name>Van</name>
			</possibleresult>
			<points>
				<point>414.000000,940.000000</point>
				<point>393.000000,946.000000</point>
				<point>390.000000,939.000000</point>
				<point>412.000000,932.000000</point>
				<point>414.000000,940.000000</point>
			</points>
		</object>
		<object>
			<coordinate>pixel</coordinate>
			<type>rectangle</type>
			<description>None</description>
			<possibleresult>
				<name>Van</name>
			</possibleresult>
			<points>
				<point>419.000000,949.000000</point>
				<point>399.000000,956.000000</point>
				<point>396.000000,948.000000</point>
				<point>416.000000,941.000000</point>
				<point>419.000000,949.000000</point>
			</points>
		</object>
		<object>
			<coordinate>pixel</coordinate>
			<type>rectangle</type>
			<description>None</description>
			<possibleresult>
				<name>Van</name>
			</possibleresult>
			<points>
				<point>426.000000,957.000000</point>
				<point>408.000000,964.000000</point>
				<point>405.000000,957.000000</point>
				<point>423.000000,950.000000</point>
				<point>426.000000,957.000000</point>
			</points>
		</object>
		<object>
			<coordinate>pixel</coordinate>
			<type>rectangle</type>
			<description>None</description>
			<possibleresult>
				<name>Van</name>
			</possibleresult>
			<points>
				<point>462.000000,992.000000</point>
				<point>454.000000,997.000000</point>
				<point>444.000000,982.000000</point>
				<point>453.000000,976.000000</point>
				<point>462.000000,992.000000</point>
			</points>
		</object>
		<object>
			<coordinate>pixel</coordinate>
			<type>rectangle</type>
			<description>None</description>
			<possibleresult>
				<name>Van</name>
			</possibleresult>
			<points>
				<point>471.000000,988.000000</point>
				<point>464.000000,992.000000</point>
				<point>456.000000,977.000000</point>
				<point>463.000000,973.000000</point>
				<point>471.000000,988.000000</point>
			</points>
		</object>
		<object>
			<coordinate>pixel</coordinate>
			<type>rectangle</type>
			<description>None</description>
			<possibleresult>
				<name>Van</name>
			</possibleresult>
			<points>
				<point>507.000000,975.000000</point>
				<point>499.000000,980.000000</point>
				<point>490.000000,965.000000</point>
				<point>498.000000,960.000000</point>
				<point>507.000000,975.000000</point>
			</points>
		</object>
		<object>
			<coordinate>pixel</coordinate>
			<type>rectangle</type>
			<description>None</description>
			<possibleresult>
				<name>Dump Truck</name>
			</possibleresult>
			<points>
				<point>521.000000,967.000000</point>
				<point>513.000000,974.000000</point>
				<point>498.000000,958.000000</point>
				<point>506.000000,951.000000</point>
				<point>521.000000,967.000000</point>
			</points>
		</object>
		<object>
			<coordinate>pixel</coordinate>
			<type>rectangle</type>
			<description>None</description>
			<possibleresult>
				<name>Small Car</name>
			</possibleresult>
			<points>
				<point>589.000000,951.000000</point>
				<point>581.000000,957.000000</point>
				<point>568.000000,940.000000</point>
				<point>576.000000,934.000000</point>
				<point>589.000000,951.000000</point>
			</points>
		</object>
		<object>
			<coordinate>pixel</coordinate>
			<type>rectangle</type>
			<description>None</description>
			<possibleresult>
				<name>Small Car</name>
			</possibleresult>
			<points>
				<point>532.000000,917.000000</point>
				<point>523.000000,922.000000</point>
				<point>515.000000,906.000000</point>
				<point>524.000000,901.000000</point>
				<point>532.000000,917.000000</point>
			</points>
		</object>
		<object>
			<coordinate>pixel</coordinate>
			<type>rectangle</type>
			<description>None</description>
			<possibleresult>
				<name>Van</name>
			</possibleresult>
			<points>
				<point>656.000000,893.000000</point>
				<point>650.000000,898.000000</point>
				<point>639.000000,885.000000</point>
				<point>645.000000,880.000000</point>
				<point>656.000000,893.000000</point>
			</points>
		</object>
		<object>
			<coordinate>pixel</coordinate>
			<type>rectangle</type>
			<description>None</description>
			<possibleresult>
				<name>Small Car</name>
			</possibleresult>
			<points>
				<point>604.000000,882.000000</point>
				<point>596.000000,886.000000</point>
				<point>588.000000,872.000000</point>
				<point>595.000000,867.000000</point>
				<point>604.000000,882.000000</point>
			</points>
		</object>
		<object>
			<coordinate>pixel</coordinate>
			<type>rectangle</type>
			<description>None</description>
			<possibleresult>
				<name>Van</name>
			</possibleresult>
			<points>
				<point>569.000000,798.000000</point>
				<point>560.000000,804.000000</point>
				<point>550.000000,789.000000</point>
				<point>559.000000,783.000000</point>
				<point>569.000000,798.000000</point>
			</points>
		</object>
		<object>
			<coordinate>pixel</coordinate>
			<type>rectangle</type>
			<description>None</description>
			<possibleresult>
				<name>Small Car</name>
			</possibleresult>
			<points>
				<point>486.000000,709.000000</point>
				<point>478.000000,715.000000</point>
				<point>469.000000,703.000000</point>
				<point>477.000000,697.000000</point>
				<point>486.000000,709.000000</point>
			</points>
		</object>
		<object>
			<coordinate>pixel</coordinate>
			<type>rectangle</type>
			<description>None</description>
			<possibleresult>
				<name>Van</name>
			</possibleresult>
			<points>
				<point>475.000000,696.000000</point>
				<point>466.000000,701.000000</point>
				<point>456.000000,683.000000</point>
				<point>465.000000,678.000000</point>
				<point>475.000000,696.000000</point>
			</points>
		</object>
		<object>
			<coordinate>pixel</coordinate>
			<type>rectangle</type>
			<description>None</description>
			<possibleresult>
				<name>Small Car</name>
			</possibleresult>
			<points>
				<point>518.000000,695.000000</point>
				<point>511.000000,701.000000</point>
				<point>498.000000,684.000000</point>
				<point>505.000000,678.000000</point>
				<point>518.000000,695.000000</point>
			</points>
		</object>
		<object>
			<coordinate>pixel</coordinate>
			<type>rectangle</type>
			<description>None</description>
			<possibleresult>
				<name>Van</name>
			</possibleresult>
			<points>
				<point>590.000000,738.000000</point>
				<point>568.000000,742.000000</point>
				<point>566.000000,735.000000</point>
				<point>588.000000,731.000000</point>
				<point>590.000000,738.000000</point>
			</points>
		</object>
		<object>
			<coordinate>pixel</coordinate>
			<type>rectangle</type>
			<description>None</description>
			<possibleresult>
				<name>Small Car</name>
			</possibleresult>
			<points>
				<point>613.000000,672.000000</point>
				<point>605.000000,673.000000</point>
				<point>602.000000,655.000000</point>
				<point>611.000000,654.000000</point>
				<point>613.000000,672.000000</point>
			</points>
		</object>
		<object>
			<coordinate>pixel</coordinate>
			<type>rectangle</type>
			<description>None</description>
			<possibleresult>
				<name>Small Car</name>
			</possibleresult>
			<points>
				<point>632.000000,713.000000</point>
				<point>623.000000,716.000000</point>
				<point>617.000000,698.000000</point>
				<point>627.000000,695.000000</point>
				<point>632.000000,713.000000</point>
			</points>
		</object>
		<object>
			<coordinate>pixel</coordinate>
			<type>rectangle</type>
			<description>None</description>
			<possibleresult>
				<name>Small Car</name>
			</possibleresult>
			<points>
				<point>635.000000,730.000000</point>
				<point>627.000000,733.000000</point>
				<point>622.000000,717.000000</point>
				<point>631.000000,715.000000</point>
				<point>635.000000,730.000000</point>
			</points>
		</object>
		<object>
			<coordinate>pixel</coordinate>
			<type>rectangle</type>
			<description>None</description>
			<possibleresult>
				<name>Van</name>
			</possibleresult>
			<points>
				<point>704.000000,722.000000</point>
				<point>696.000000,725.000000</point>
				<point>692.000000,708.000000</point>
				<point>701.000000,706.000000</point>
				<point>704.000000,722.000000</point>
			</points>
		</object>
		<object>
			<coordinate>pixel</coordinate>
			<type>rectangle</type>
			<description>None</description>
			<possibleresult>
				<name>Small Car</name>
			</possibleresult>
			<points>
				<point>787.000000,712.000000</point>
				<point>779.000000,714.000000</point>
				<point>774.000000,697.000000</point>
				<point>783.000000,695.000000</point>
				<point>787.000000,712.000000</point>
			</points>
		</object>
		<object>
			<coordinate>pixel</coordinate>
			<type>rectangle</type>
			<description>None</description>
			<possibleresult>
				<name>Small Car</name>
			</possibleresult>
			<points>
				<point>764.000000,648.000000</point>
				<point>755.000000,651.000000</point>
				<point>751.000000,633.000000</point>
				<point>760.000000,631.000000</point>
				<point>764.000000,648.000000</point>
			</points>
		</object>
		<object>
			<coordinate>pixel</coordinate>
			<type>rectangle</type>
			<description>None</description>
			<possibleresult>
				<name>Small Car</name>
			</possibleresult>
			<points>
				<point>871.000000,668.000000</point>
				<point>847.000000,669.000000</point>
				<point>847.000000,661.000000</point>
				<point>871.000000,661.000000</point>
				<point>871.000000,668.000000</point>
			</points>
		</object>
		<object>
			<coordinate>pixel</coordinate>
			<type>rectangle</type>
			<description>None</description>
			<possibleresult>
				<name>Van</name>
			</possibleresult>
			<points>
				<point>997.000000,679.000000</point>
				<point>977.000000,680.000000</point>
				<point>977.000000,671.000000</point>
				<point>997.000000,671.000000</point>
				<point>997.000000,679.000000</point>
			</points>
		</object>
		<object>
			<coordinate>pixel</coordinate>
			<type>rectangle</type>
			<description>None</description>
			<possibleresult>
				<name>Small Car</name>
			</possibleresult>
			<points>
				<point>385.000000,830.000000</point>
				<point>378.000000,834.000000</point>
				<point>371.000000,820.000000</point>
				<point>378.000000,816.000000</point>
				<point>385.000000,830.000000</point>
			</points>
		</object>
		<object>
			<coordinate>pixel</coordinate>
			<type>rectangle</type>
			<description>None</description>
			<possibleresult>
				<name>Small Car</name>
			</possibleresult>
			<points>
				<point>376.000000,834.000000</point>
				<point>368.000000,838.000000</point>
				<point>362.000000,823.000000</point>
				<point>370.000000,819.000000</point>
				<point>376.000000,834.000000</point>
			</points>
		</object>
		<object>
			<coordinate>pixel</coordinate>
			<type>rectangle</type>
			<description>None</description>
			<possibleresult>
				<name>Small Car</name>
			</possibleresult>
			<points>
				<point>352.000000,835.000000</point>
				<point>343.000000,837.000000</point>
				<point>340.000000,823.000000</point>
				<point>349.000000,821.000000</point>
				<point>352.000000,835.000000</point>
			</points>
		</object>
		<object>
			<coordinate>pixel</coordinate>
			<type>rectangle</type>
			<description>None</description>
			<possibleresult>
				<name>Small Car</name>
			</possibleresult>
			<points>
				<point>361.000000,812.000000</point>
				<point>338.000000,817.000000</point>
				<point>336.000000,809.000000</point>
				<point>359.000000,804.000000</point>
				<point>361.000000,812.000000</point>
			</points>
		</object>
		<object>
			<coordinate>pixel</coordinate>
			<type>rectangle</type>
			<description>None</description>
			<possibleresult>
				<name>Small Car</name>
			</possibleresult>
			<points>
				<point>202.000000,882.000000</point>
				<point>194.000000,886.000000</point>
				<point>187.000000,871.000000</point>
				<point>196.000000,867.000000</point>
				<point>202.000000,882.000000</point>
			</points>
		</object>
		<object>
			<coordinate>pixel</coordinate>
			<type>rectangle</type>
			<description>None</description>
			<possibleresult>
				<name>Small Car</name>
			</possibleresult>
			<points>
				<point>215.000000,879.000000</point>
				<point>208.000000,883.000000</point>
				<point>200.000000,868.000000</point>
				<point>207.000000,864.000000</point>
				<point>215.000000,879.000000</point>
			</points>
		</object>
		<object>
			<coordinate>pixel</coordinate>
			<type>rectangle</type>
			<description>None</description>
			<possibleresult>
				<name>Van</name>
			</possibleresult>
			<points>
				<point>238.000000,874.000000</point>
				<point>229.000000,878.000000</point>
				<point>222.000000,863.000000</point>
				<point>231.000000,858.000000</point>
				<point>238.000000,874.000000</point>
			</points>
		</object>
		<object>
			<coordinate>pixel</coordinate>
			<type>rectangle</type>
			<description>None</description>
			<possibleresult>
				<name>Small Car</name>
			</possibleresult>
			<points>
				<point>269.000000,858.000000</point>
				<point>265.000000,865.000000</point>
				<point>247.000000,854.000000</point>
				<point>251.000000,847.000000</point>
				<point>269.000000,858.000000</point>
			</points>
		</object>
		<object>
			<coordinate>pixel</coordinate>
			<type>rectangle</type>
			<description>None</description>
			<possibleresult>
				<name>Dump Truck</name>
			</possibleresult>
			<points>
				<point>290.000000,822.000000</point>
				<point>258.000000,830.000000</point>
				<point>255.000000,818.000000</point>
				<point>287.000000,810.000000</point>
				<point>290.000000,822.000000</point>
			</points>
		</object>
		<object>
			<coordinate>pixel</coordinate>
			<type>rectangle</type>
			<description>None</description>
			<possibleresult>
				<name>Van</name>
			</possibleresult>
			<points>
				<point>168.000000,995.000000</point>
				<point>160.000000,999.000000</point>
				<point>154.000000,986.000000</point>
				<point>162.000000,982.000000</point>
				<point>168.000000,995.000000</point>
			</points>
		</object>
		<object>
			<coordinate>pixel</coordinate>
			<type>rectangle</type>
			<description>None</description>
			<possibleresult>
				<name>Small Car</name>
			</possibleresult>
			<points>
				<point>126.000000,992.000000</point>
				<point>118.000000,997.000000</point>
				<point>109.000000,981.000000</point>
				<point>116.000000,977.000000</point>
				<point>126.000000,992.000000</point>
			</points>
		</object>
		<object>
			<coordinate>pixel</coordinate>
			<type>rectangle</type>
			<description>None</description>
			<possibleresult>
				<name>Small Car</name>
			</possibleresult>
			<points>
				<point>116.000000,976.000000</point>
				<point>108.000000,981.000000</point>
				<point>97.000000,966.000000</point>
				<point>105.000000,961.000000</point>
				<point>116.000000,976.000000</point>
			</points>
		</object>
		<object>
			<coordinate>pixel</coordinate>
			<type>rectangle</type>
			<description>None</description>
			<possibleresult>
				<name>Van</name>
			</possibleresult>
			<points>
				<point>54.000000,805.000000</point>
				<point>49.000000,808.000000</point>
				<point>44.000000,796.000000</point>
				<point>49.000000,794.000000</point>
				<point>54.000000,805.000000</point>
			</points>
		</object>
		<object>
			<coordinate>pixel</coordinate>
			<type>rectangle</type>
			<description>None</description>
			<possibleresult>
				<name>Cargo Truck</name>
			</possibleresult>
			<points>
				<point>22.000000,740.000000</point>
				<point>11.000000,746.000000</point>
				<point>0.000000,724.000000</point>
				<point>11.000000,718.000000</point>
				<point>22.000000,740.000000</point>
			</points>
		</object>
		<object>
			<coordinate>pixel</coordinate>
			<type>rectangle</type>
			<description>None</description>
			<possibleresult>
				<name>Dump Truck</name>
			</possibleresult>
			<points>
				<point>39.000000,770.000000</point>
				<point>28.000000,776.000000</point>
				<point>15.000000,751.000000</point>
				<point>26.000000,745.000000</point>
				<point>39.000000,770.000000</point>
			</points>
		</object>
		<object>
			<coordinate>pixel</coordinate>
			<type>rectangle</type>
			<description>None</description>
			<possibleresult>
				<name>Van</name>
			</possibleresult>
			<points>
				<point>125.000000,784.000000</point>
				<point>109.000000,800.000000</point>
				<point>102.000000,793.000000</point>
				<point>118.000000,777.000000</point>
				<point>125.000000,784.000000</point>
			</points>
		</object>
		<object>
			<coordinate>pixel</coordinate>
			<type>rectangle</type>
			<description>None</description>
			<possibleresult>
				<name>Small Car</name>
			</possibleresult>
			<points>
				<point>240.000000,777.000000</point>
				<point>229.000000,779.000000</point>
				<point>224.000000,762.000000</point>
				<point>235.000000,759.000000</point>
				<point>240.000000,777.000000</point>
			</points>
		</object>
		<object>
			<coordinate>pixel</coordinate>
			<type>rectangle</type>
			<description>None</description>
			<possibleresult>
				<name>Van</name>
			</possibleresult>
			<points>
				<point>252.000000,774.000000</point>
				<point>241.000000,775.000000</point>
				<point>240.000000,761.000000</point>
				<point>250.000000,759.000000</point>
				<point>252.000000,774.000000</point>
			</points>
		</object>
		<object>
			<coordinate>pixel</coordinate>
			<type>rectangle</type>
			<description>None</description>
			<possibleresult>
				<name>Small Car</name>
			</possibleresult>
			<points>
				<point>454.000000,769.000000</point>
				<point>430.000000,773.000000</point>
				<point>429.000000,766.000000</point>
				<point>452.000000,762.000000</point>
				<point>454.000000,769.000000</point>
			</points>
		</object>
		<object>
			<coordinate>pixel</coordinate>
			<type>rectangle</type>
			<description>None</description>
			<possibleresult>
				<name>Small Car</name>
			</possibleresult>
			<points>
				<point>429.000000,777.000000</point>
				<point>403.000000,779.000000</point>
				<point>403.000000,772.000000</point>
				<point>429.000000,770.000000</point>
				<point>429.000000,777.000000</point>
			</points>
		</object>
		<object>
			<coordinate>pixel</coordinate>
			<type>rectangle</type>
			<description>None</description>
			<possibleresult>
				<name>Motorboat</name>
			</possibleresult>
			<points>
				<point>398.000000,762.000000</point>
				<point>372.000000,764.000000</point>
				<point>371.000000,753.000000</point>
				<point>397.000000,752.000000</point>
				<point>398.000000,762.000000</point>
			</points>
		</object>
		<object>
			<coordinate>pixel</coordinate>
			<type>rectangle</type>
			<description>None</description>
			<possibleresult>
				<name>Small Car</name>
			</possibleresult>
			<points>
				<point>428.000000,764.000000</point>
				<point>402.000000,766.000000</point>
				<point>401.000000,759.000000</point>
				<point>427.000000,757.000000</point>
				<point>428.000000,764.000000</point>
			</points>
		</object>
		<object>
			<coordinate>pixel</coordinate>
			<type>rectangle</type>
			<description>None</description>
			<possibleresult>
				<name>Small Car</name>
			</possibleresult>
			<points>
				<point>425.000000,752.000000</point>
				<point>398.000000,757.000000</point>
				<point>397.000000,749.000000</point>
				<point>423.000000,745.000000</point>
				<point>425.000000,752.000000</point>
			</points>
		</object>
		<object>
			<coordinate>pixel</coordinate>
			<type>rectangle</type>
			<description>None</description>
			<possibleresult>
				<name>Van</name>
			</possibleresult>
			<points>
				<point>387.000000,750.000000</point>
				<point>368.000000,751.000000</point>
				<point>367.000000,744.000000</point>
				<point>387.000000,744.000000</point>
				<point>387.000000,750.000000</point>
			</points>
		</object>
		<object>
			<coordinate>pixel</coordinate>
			<type>rectangle</type>
			<description>None</description>
			<possibleresult>
				<name>Van</name>
			</possibleresult>
			<points>
				<point>337.000000,735.000000</point>
				<point>313.000000,738.000000</point>
				<point>312.000000,730.000000</point>
				<point>336.000000,727.000000</point>
				<point>337.000000,735.000000</point>
			</points>
		</object>
		<object>
			<coordinate>pixel</coordinate>
			<type>rectangle</type>
			<description>None</description>
			<possibleresult>
				<name>Van</name>
			</possibleresult>
			<points>
				<point>311.000000,715.000000</point>
				<point>303.000000,716.000000</point>
				<point>299.000000,700.000000</point>
				<point>307.000000,698.000000</point>
				<point>311.000000,715.000000</point>
			</points>
		</object>
		<object>
			<coordinate>pixel</coordinate>
			<type>rectangle</type>
			<description>None</description>
			<possibleresult>
				<name>Van</name>
			</possibleresult>
			<points>
				<point>237.000000,713.000000</point>
				<point>226.000000,715.000000</point>
				<point>222.000000,699.000000</point>
				<point>233.000000,696.000000</point>
				<point>237.000000,713.000000</point>
			</points>
		</object>
		<object>
			<coordinate>pixel</coordinate>
			<type>rectangle</type>
			<description>None</description>
			<possibleresult>
				<name>Van</name>
			</possibleresult>
			<points>
				<point>140.000000,706.000000</point>
				<point>131.000000,708.000000</point>
				<point>127.000000,690.000000</point>
				<point>136.000000,688.000000</point>
				<point>140.000000,706.000000</point>
			</points>
		</object>
		<object>
			<coordinate>pixel</coordinate>
			<type>rectangle</type>
			<description>None</description>
			<possibleresult>
				<name>Van</name>
			</possibleresult>
			<points>
				<point>112.000000,647.000000</point>
				<point>85.000000,651.000000</point>
				<point>85.000000,643.000000</point>
				<point>111.000000,640.000000</point>
				<point>112.000000,647.000000</point>
			</points>
		</object>
		<object>
			<coordinate>pixel</coordinate>
			<type>rectangle</type>
			<description>None</description>
			<possibleresult>
				<name>Small Car</name>
			</possibleresult>
			<points>
				<point>267.000000,618.000000</point>
				<point>248.000000,621.000000</point>
				<point>247.000000,613.000000</point>
				<point>266.000000,610.000000</point>
				<point>267.000000,618.000000</point>
			</points>
		</object>
		<object>
			<coordinate>pixel</coordinate>
			<type>rectangle</type>
			<description>None</description>
			<possibleresult>
				<name>Intersection</name>
			</possibleresult>
			<points>
				<point>480.000000,630.000000</point>
				<point>419.000000,647.000000</point>
				<point>402.000000,590.000000</point>
				<point>464.000000,572.000000</point>
				<point>480.000000,630.000000</point>
			</points>
		</object>
		<object>
			<coordinate>pixel</coordinate>
			<type>rectangle</type>
			<description>None</description>
			<possibleresult>
				<name>Small Car</name>
			</possibleresult>
			<points>
				<point>720.000000,445.000000</point>
				<point>699.000000,451.000000</point>
				<point>697.000000,444.000000</point>
				<point>718.000000,438.000000</point>
				<point>720.000000,445.000000</point>
			</points>
		</object>
		<object>
			<coordinate>pixel</coordinate>
			<type>rectangle</type>
			<description>None</description>
			<possibleresult>
				<name>Small Car</name>
			</possibleresult>
			<points>
				<point>723.000000,460.000000</point>
				<point>702.000000,464.000000</point>
				<point>700.000000,455.000000</point>
				<point>722.000000,451.000000</point>
				<point>723.000000,460.000000</point>
			</points>
		</object>
		<object>
			<coordinate>pixel</coordinate>
			<type>rectangle</type>
			<description>None</description>
			<possibleresult>
				<name>Small Car</name>
			</possibleresult>
			<points>
				<point>818.000000,479.000000</point>
				<point>811.000000,482.000000</point>
				<point>805.000000,465.000000</point>
				<point>812.000000,463.000000</point>
				<point>818.000000,479.000000</point>
			</points>
		</object>
		<object>
			<coordinate>pixel</coordinate>
			<type>rectangle</type>
			<description>None</description>
			<possibleresult>
				<name>Dump Truck</name>
			</possibleresult>
			<points>
				<point>755.000000,445.000000</point>
				<point>746.000000,445.000000</point>
				<point>745.000000,422.000000</point>
				<point>755.000000,422.000000</point>
				<point>755.000000,445.000000</point>
			</points>
		</object>
		<object>
			<coordinate>pixel</coordinate>
			<type>rectangle</type>
			<description>None</description>
			<possibleresult>
				<name>Small Car</name>
			</possibleresult>
			<points>
				<point>804.000000,434.000000</point>
				<point>781.000000,436.000000</point>
				<point>780.000000,428.000000</point>
				<point>803.000000,426.000000</point>
				<point>804.000000,434.000000</point>
			</points>
		</object>
		<object>
			<coordinate>pixel</coordinate>
			<type>rectangle</type>
			<description>None</description>
			<possibleresult>
				<name>Small Car</name>
			</possibleresult>
			<points>
				<point>890.000000,395.000000</point>
				<point>879.000000,398.000000</point>
				<point>875.000000,381.000000</point>
				<point>886.000000,379.000000</point>
				<point>890.000000,395.000000</point>
			</points>
		</object>
		<object>
			<coordinate>pixel</coordinate>
			<type>rectangle</type>
			<description>None</description>
			<possibleresult>
				<name>Small Car</name>
			</possibleresult>
			<points>
				<point>880.000000,356.000000</point>
				<point>870.000000,359.000000</point>
				<point>865.000000,342.000000</point>
				<point>876.000000,339.000000</point>
				<point>880.000000,356.000000</point>
			</points>
		</object>
		<object>
			<coordinate>pixel</coordinate>
			<type>rectangle</type>
			<description>None</description>
			<possibleresult>
				<name>Small Car</name>
			</possibleresult>
			<points>
				<point>947.000000,285.000000</point>
				<point>922.000000,288.000000</point>
				<point>921.000000,280.000000</point>
				<point>946.000000,277.000000</point>
				<point>947.000000,285.000000</point>
			</points>
		</object>
		<object>
			<coordinate>pixel</coordinate>
			<type>rectangle</type>
			<description>None</description>
			<possibleresult>
				<name>Small Car</name>
			</possibleresult>
			<points>
				<point>874.000000,320.000000</point>
				<point>865.000000,322.000000</point>
				<point>861.000000,305.000000</point>
				<point>870.000000,303.000000</point>
				<point>874.000000,320.000000</point>
			</points>
		</object>
		<object>
			<coordinate>pixel</coordinate>
			<type>rectangle</type>
			<description>None</description>
			<possibleresult>
				<name>Small Car</name>
			</possibleresult>
			<points>
				<point>843.000000,319.000000</point>
				<point>832.000000,321.000000</point>
				<point>828.000000,303.000000</point>
				<point>838.000000,300.000000</point>
				<point>843.000000,319.000000</point>
			</points>
		</object>
		<object>
			<coordinate>pixel</coordinate>
			<type>rectangle</type>
			<description>None</description>
			<possibleresult>
				<name>Van</name>
			</possibleresult>
			<points>
				<point>896.000000,181.000000</point>
				<point>876.000000,182.000000</point>
				<point>876.000000,176.000000</point>
				<point>896.000000,175.000000</point>
				<point>896.000000,181.000000</point>
			</points>
		</object>
		<object>
			<coordinate>pixel</coordinate>
			<type>rectangle</type>
			<description>None</description>
			<possibleresult>
				<name>Van</name>
			</possibleresult>
			<points>
				<point>868.000000,7.000000</point>
				<point>851.000000,7.000000</point>
				<point>851.000000,0.000000</point>
				<point>868.000000,0.000000</point>
				<point>868.000000,7.000000</point>
			</points>
		</object>
		<object>
			<coordinate>pixel</coordinate>
			<type>rectangle</type>
			<description>None</description>
			<possibleresult>
				<name>Van</name>
			</possibleresult>
			<points>
				<point>901.000000,141.000000</point>
				<point>885.000000,146.000000</point>
				<point>883.000000,138.000000</point>
				<point>899.000000,134.000000</point>
				<point>901.000000,141.000000</point>
			</points>
		</object>
		<object>
			<coordinate>pixel</coordinate>
			<type>rectangle</type>
			<description>None</description>
			<possibleresult>
				<name>Small Car</name>
			</possibleresult>
			<points>
				<point>875.000000,15.000000</point>
				<point>858.000000,17.000000</point>
				<point>857.000000,9.000000</point>
				<point>874.000000,7.000000</point>
				<point>875.000000,15.000000</point>
			</points>
		</object>
		<object>
			<coordinate>pixel</coordinate>
			<type>rectangle</type>
			<description>None</description>
			<possibleresult>
				<name>Van</name>
			</possibleresult>
			<points>
				<point>882.000000,60.000000</point>
				<point>863.000000,61.000000</point>
				<point>863.000000,54.000000</point>
				<point>882.000000,53.000000</point>
				<point>882.000000,60.000000</point>
			</points>
		</object>
		<object>
			<coordinate>pixel</coordinate>
			<type>rectangle</type>
			<description>None</description>
			<possibleresult>
				<name>Small Car</name>
			</possibleresult>
			<points>
				<point>878.000000,34.000000</point>
				<point>855.000000,37.000000</point>
				<point>854.000000,29.000000</point>
				<point>877.000000,26.000000</point>
				<point>878.000000,34.000000</point>
			</points>
		</object>
		<object>
			<coordinate>pixel</coordinate>
			<type>rectangle</type>
			<description>None</description>
			<possibleresult>
				<name>Small Car</name>
			</possibleresult>
			<points>
				<point>879.000000,44.000000</point>
				<point>859.000000,46.000000</point>
				<point>858.000000,37.000000</point>
				<point>878.000000,35.000000</point>
				<point>879.000000,44.000000</point>
			</points>
		</object>
		<object>
			<coordinate>pixel</coordinate>
			<type>rectangle</type>
			<description>None</description>
			<possibleresult>
				<name>Van</name>
			</possibleresult>
			<points>
				<point>876.000000,24.000000</point>
				<point>854.000000,27.000000</point>
				<point>853.000000,19.000000</point>
				<point>875.000000,16.000000</point>
				<point>876.000000,24.000000</point>
			</points>
		</object>
		<object>
			<coordinate>pixel</coordinate>
			<type>rectangle</type>
			<description>None</description>
			<possibleresult>
				<name>Small Car</name>
			</possibleresult>
			<points>
				<point>671.000000,9.000000</point>
				<point>649.000000,12.000000</point>
				<point>647.000000,4.000000</point>
				<point>670.000000,0.000000</point>
				<point>671.000000,9.000000</point>
			</points>
		</object>
		<object>
			<coordinate>pixel</coordinate>
			<type>rectangle</type>
			<description>None</description>
			<possibleresult>
				<name>Van</name>
			</possibleresult>
			<points>
				<point>782.000000,185.000000</point>
				<point>762.000000,188.000000</point>
				<point>761.000000,181.000000</point>
				<point>781.000000,179.000000</point>
				<point>782.000000,185.000000</point>
			</points>
		</object>
		<object>
			<coordinate>pixel</coordinate>
			<type>rectangle</type>
			<description>None</description>
			<possibleresult>
				<name>Small Car</name>
			</possibleresult>
			<points>
				<point>738.000000,106.000000</point>
				<point>714.000000,108.000000</point>
				<point>713.000000,101.000000</point>
				<point>737.000000,99.000000</point>
				<point>738.000000,106.000000</point>
			</points>
		</object>
		<object>
			<coordinate>pixel</coordinate>
			<type>rectangle</type>
			<description>None</description>
			<possibleresult>
				<name>Small Car</name>
			</possibleresult>
			<points>
				<point>735.000000,179.000000</point>
				<point>707.000000,184.000000</point>
				<point>706.000000,176.000000</point>
				<point>734.000000,171.000000</point>
				<point>735.000000,179.000000</point>
			</points>
		</object>
		<object>
			<coordinate>pixel</coordinate>
			<type>rectangle</type>
			<description>None</description>
			<possibleresult>
				<name>Dump Truck</name>
			</possibleresult>
			<points>
				<point>677.000000,289.000000</point>
				<point>666.000000,291.000000</point>
				<point>662.000000,272.000000</point>
				<point>673.000000,270.000000</point>
				<point>677.000000,289.000000</point>
			</points>
		</object>
		<object>
			<coordinate>pixel</coordinate>
			<type>rectangle</type>
			<description>None</description>
			<possibleresult>
				<name>Small Car</name>
			</possibleresult>
			<points>
				<point>662.000000,291.000000</point>
				<point>652.000000,293.000000</point>
				<point>648.000000,275.000000</point>
				<point>658.000000,273.000000</point>
				<point>662.000000,291.000000</point>
			</points>
		</object>
		<object>
			<coordinate>pixel</coordinate>
			<type>rectangle</type>
			<description>None</description>
			<possibleresult>
				<name>Small Car</name>
			</possibleresult>
			<points>
				<point>202.000000,358.000000</point>
				<point>173.000000,363.000000</point>
				<point>171.000000,354.000000</point>
				<point>200.000000,348.000000</point>
				<point>202.000000,358.000000</point>
			</points>
		</object>
		<object>
			<coordinate>pixel</coordinate>
			<type>rectangle</type>
			<description>None</description>
			<possibleresult>
				<name>Van</name>
			</possibleresult>
			<points>
				<point>412.000000,525.000000</point>
				<point>402.000000,527.000000</point>
				<point>399.000000,512.000000</point>
				<point>409.000000,510.000000</point>
				<point>412.000000,525.000000</point>
			</points>
		</object>
		<object>
			<coordinate>pixel</coordinate>
			<type>rectangle</type>
			<description>None</description>
			<possibleresult>
				<name>Van</name>
			</possibleresult>
			<points>
				<point>419.000000,442.000000</point>
				<point>411.000000,446.000000</point>
				<point>403.000000,430.000000</point>
				<point>412.000000,426.000000</point>
				<point>419.000000,442.000000</point>
			</points>
		</object>
		<object>
			<coordinate>pixel</coordinate>
			<type>rectangle</type>
			<description>None</description>
			<possibleresult>
				<name>Van</name>
			</possibleresult>
			<points>
				<point>393.000000,437.000000</point>
				<point>385.000000,438.000000</point>
				<point>382.000000,422.000000</point>
				<point>390.000000,421.000000</point>
				<point>393.000000,437.000000</point>
			</points>
		</object>
		<object>
			<coordinate>pixel</coordinate>
			<type>rectangle</type>
			<description>None</description>
			<possibleresult>
				<name>Small Car</name>
			</possibleresult>
			<points>
				<point>366.000000,378.000000</point>
				<point>357.000000,380.000000</point>
				<point>353.000000,363.000000</point>
				<point>362.000000,361.000000</point>
				<point>366.000000,378.000000</point>
			</points>
		</object>
		<object>
			<coordinate>pixel</coordinate>
			<type>rectangle</type>
			<description>None</description>
			<possibleresult>
				<name>Small Car</name>
			</possibleresult>
			<points>
				<point>394.000000,344.000000</point>
				<point>384.000000,345.000000</point>
				<point>382.000000,328.000000</point>
				<point>392.000000,326.000000</point>
				<point>394.000000,344.000000</point>
			</points>
		</object>
		<object>
			<coordinate>pixel</coordinate>
			<type>rectangle</type>
			<description>None</description>
			<possibleresult>
				<name>Van</name>
			</possibleresult>
			<points>
				<point>371.000000,330.000000</point>
				<point>361.000000,332.000000</point>
				<point>358.000000,316.000000</point>
				<point>368.000000,315.000000</point>
				<point>371.000000,330.000000</point>
			</points>
		</object>
		<object>
			<coordinate>pixel</coordinate>
			<type>rectangle</type>
			<description>None</description>
			<possibleresult>
				<name>Small Car</name>
			</possibleresult>
			<points>
				<point>278.000000,404.000000</point>
				<point>256.000000,406.000000</point>
				<point>255.000000,399.000000</point>
				<point>277.000000,396.000000</point>
				<point>278.000000,404.000000</point>
			</points>
		</object>
		<object>
			<coordinate>pixel</coordinate>
			<type>rectangle</type>
			<description>None</description>
			<possibleresult>
				<name>Van</name>
			</possibleresult>
			<points>
				<point>288.000000,346.000000</point>
				<point>265.000000,352.000000</point>
				<point>263.000000,342.000000</point>
				<point>286.000000,337.000000</point>
				<point>288.000000,346.000000</point>
			</points>
		</object>
		<object>
			<coordinate>pixel</coordinate>
			<type>rectangle</type>
			<description>None</description>
			<possibleresult>
				<name>Small Car</name>
			</possibleresult>
			<points>
				<point>319.000000,342.000000</point>
				<point>297.000000,344.000000</point>
				<point>296.000000,338.000000</point>
				<point>318.000000,335.000000</point>
				<point>319.000000,342.000000</point>
			</points>
		</object>
		<object>
			<coordinate>pixel</coordinate>
			<type>rectangle</type>
			<description>None</description>
			<possibleresult>
				<name>Small Car</name>
			</possibleresult>
			<points>
				<point>280.000000,294.000000</point>
				<point>256.000000,298.000000</point>
				<point>255.000000,291.000000</point>
				<point>279.000000,287.000000</point>
				<point>280.000000,294.000000</point>
			</points>
		</object>
		<object>
			<coordinate>pixel</coordinate>
			<type>rectangle</type>
			<description>None</description>
			<possibleresult>
				<name>Small Car</name>
			</possibleresult>
			<points>
				<point>243.000000,245.000000</point>
				<point>220.000000,247.000000</point>
				<point>219.000000,239.000000</point>
				<point>243.000000,237.000000</point>
				<point>243.000000,245.000000</point>
			</points>
		</object>
		<object>
			<coordinate>pixel</coordinate>
			<type>rectangle</type>
			<description>None</description>
			<possibleresult>
				<name>Van</name>
			</possibleresult>
			<points>
				<point>298.000000,243.000000</point>
				<point>296.000000,260.000000</point>
				<point>286.000000,258.000000</point>
				<point>289.000000,242.000000</point>
				<point>298.000000,243.000000</point>
			</points>
		</object>
		<object>
			<coordinate>pixel</coordinate>
			<type>rectangle</type>
			<description>None</description>
			<possibleresult>
				<name>Small Car</name>
			</possibleresult>
			<points>
				<point>367.000000,217.000000</point>
				<point>358.000000,218.000000</point>
				<point>355.000000,201.000000</point>
				<point>365.000000,200.000000</point>
				<point>367.000000,217.000000</point>
			</points>
		</object>
		<object>
			<coordinate>pixel</coordinate>
			<type>rectangle</type>
			<description>None</description>
			<possibleresult>
				<name>Small Car</name>
			</possibleresult>
			<points>
				<point>364.000000,200.000000</point>
				<point>354.000000,201.000000</point>
				<point>350.000000,181.000000</point>
				<point>361.000000,179.000000</point>
				<point>364.000000,200.000000</point>
			</points>
		</object>
		<object>
			<coordinate>pixel</coordinate>
			<type>rectangle</type>
			<description>None</description>
			<possibleresult>
				<name>Van</name>
			</possibleresult>
			<points>
				<point>439.000000,166.000000</point>
				<point>418.000000,169.000000</point>
				<point>417.000000,162.000000</point>
				<point>438.000000,160.000000</point>
				<point>439.000000,166.000000</point>
			</points>
		</object>
		<object>
			<coordinate>pixel</coordinate>
			<type>rectangle</type>
			<description>None</description>
			<possibleresult>
				<name>Van</name>
			</possibleresult>
			<points>
				<point>405.000000,171.000000</point>
				<point>382.000000,175.000000</point>
				<point>380.000000,167.000000</point>
				<point>403.000000,162.000000</point>
				<point>405.000000,171.000000</point>
			</points>
		</object>
		<object>
			<coordinate>pixel</coordinate>
			<type>rectangle</type>
			<description>None</description>
			<possibleresult>
				<name>Van</name>
			</possibleresult>
			<points>
				<point>539.000000,36.000000</point>
				<point>530.000000,37.000000</point>
				<point>528.000000,20.000000</point>
				<point>537.000000,19.000000</point>
				<point>539.000000,36.000000</point>
			</points>
		</object>
		<object>
			<coordinate>pixel</coordinate>
			<type>rectangle</type>
			<description>None</description>
			<possibleresult>
				<name>Small Car</name>
			</possibleresult>
			<points>
				<point>516.000000,38.000000</point>
				<point>506.000000,40.000000</point>
				<point>503.000000,19.000000</point>
				<point>513.000000,18.000000</point>
				<point>516.000000,38.000000</point>
			</points>
		</object>
		<object>
			<coordinate>pixel</coordinate>
			<type>rectangle</type>
			<description>None</description>
			<possibleresult>
				<name>Small Car</name>
			</possibleresult>
			<points>
				<point>506.000000,39.000000</point>
				<point>495.000000,41.000000</point>
				<point>491.000000,24.000000</point>
				<point>502.000000,22.000000</point>
				<point>506.000000,39.000000</point>
			</points>
		</object>
		<object>
			<coordinate>pixel</coordinate>
			<type>rectangle</type>
			<description>None</description>
			<possibleresult>
				<name>Van</name>
			</possibleresult>
			<points>
				<point>423.000000,60.000000</point>
				<point>404.000000,62.000000</point>
				<point>403.000000,55.000000</point>
				<point>423.000000,53.000000</point>
				<point>423.000000,60.000000</point>
			</points>
		</object>
		<object>
			<coordinate>pixel</coordinate>
			<type>rectangle</type>
			<description>None</description>
			<possibleresult>
				<name>Motorboat</name>
			</possibleresult>
			<points>
				<point>460.000000,57.000000</point>
				<point>436.000000,57.000000</point>
				<point>436.000000,47.000000</point>
				<point>460.000000,48.000000</point>
				<point>460.000000,57.000000</point>
			</points>
		</object>
		<object>
			<coordinate>pixel</coordinate>
			<type>rectangle</type>
			<description>None</description>
			<possibleresult>
				<name>Van</name>
			</possibleresult>
			<points>
				<point>255.000000,135.000000</point>
				<point>233.000000,138.000000</point>
				<point>232.000000,130.000000</point>
				<point>254.000000,127.000000</point>
				<point>255.000000,135.000000</point>
			</points>
		</object>
		<object>
			<coordinate>pixel</coordinate>
			<type>rectangle</type>
			<description>None</description>
			<possibleresult>
				<name>Van</name>
			</possibleresult>
			<points>
				<point>344.000000,114.000000</point>
				<point>335.000000,115.000000</point>
				<point>332.000000,100.000000</point>
				<point>341.000000,98.000000</point>
				<point>344.000000,114.000000</point>
			</points>
		</object>
	</objects>
</annotation>