<?xml version="1.0" encoding="utf-8"?>
<annotation>
	<source>
		<filename>13115.tif</filename>
		<origin>GF2/GF3</origin>
	</source>
	<research>
		<version>1.0</version>
		<provider>FAIR1M</provider>
		<author>Cyber</author>
		<pluginname>FAIR1M</pluginname>
		<pluginclass>object detection</pluginclass>
		<time>2021-07-21</time>
	</research>
	<size>
		<width>800</width>
		<height>600</height>
		<depth>4</depth>
	</size>
	<objects>
		<object>
			<coordinate>pixel</coordinate>
			<type>rectangle</type>
			<description>None</description>
			<possibleresult>
				<name>Football Field</name>
			</possibleresult>
			<points>
				<point>521.000000,129.000000</point>
				<point>485.000000,509.000000</point>
				<point>282.000000,492.000000</point>
				<point>319.000000,114.000000</point>
				<point>521.000000,129.000000</point>
			</points>
		</object>
	</objects>
</annotation>