<?xml version="1.0" encoding="utf-8"?>
<annotation>
	<source>
		<filename>13113.tif</filename>
		<origin>GF2/GF3</origin>
	</source>
	<research>
		<version>1.0</version>
		<provider>FAIR1M</provider>
		<author>Cyber</author>
		<pluginname>FAIR1M</pluginname>
		<pluginclass>object detection</pluginclass>
		<time>2021-07-21</time>
	</research>
	<size>
		<width>800</width>
		<height>600</height>
		<depth>4</depth>
	</size>
	<objects>
		<object>
			<coordinate>pixel</coordinate>
			<type>rectangle</type>
			<description>None</description>
			<possibleresult>
				<name>Van</name>
			</possibleresult>
			<points>
				<point>703.000000,495.000000</point>
				<point>702.000000,516.000000</point>
				<point>694.000000,516.000000</point>
				<point>695.000000,495.000000</point>
				<point>703.000000,495.000000</point>
			</points>
		</object>
		<object>
			<coordinate>pixel</coordinate>
			<type>rectangle</type>
			<description>None</description>
			<possibleresult>
				<name>Cargo Truck</name>
			</possibleresult>
			<points>
				<point>681.000000,492.000000</point>
				<point>679.000000,514.000000</point>
				<point>671.000000,513.000000</point>
				<point>673.000000,491.000000</point>
				<point>681.000000,492.000000</point>
			</points>
		</object>
		<object>
			<coordinate>pixel</coordinate>
			<type>rectangle</type>
			<description>None</description>
			<possibleresult>
				<name>Van</name>
			</possibleresult>
			<points>
				<point>695.000000,547.000000</point>
				<point>687.000000,547.000000</point>
				<point>687.000000,530.000000</point>
				<point>694.000000,530.000000</point>
				<point>695.000000,547.000000</point>
			</points>
		</object>
	</objects>
</annotation>