<?xml version="1.0" encoding="utf-8"?>
<annotation>
	<source>
		<filename>13175.tif</filename>
		<origin>GF2/GF3</origin>
	</source>
	<research>
		<version>1.0</version>
		<provider>FAIR1M</provider>
		<author>Cyber</author>
		<pluginname>FAIR1M</pluginname>
		<pluginclass>object detection</pluginclass>
		<time>2021-07-21</time>
	</research>
	<size>
		<width>800</width>
		<height>600</height>
		<depth>3</depth>
	</size>
	<objects>
		<object>
			<coordinate>pixel</coordinate>
			<type>rectangle</type>
			<description>None</description>
			<possibleresult>
				<name>A220</name>
			</possibleresult>
			<points>
				<point>133.000000,294.000000</point>
				<point>122.000000,338.000000</point>
				<point>76.000000,325.000000</point>
				<point>87.000000,282.000000</point>
				<point>133.000000,294.000000</point>
			</points>
		</object>
		<object>
			<coordinate>pixel</coordinate>
			<type>rectangle</type>
			<description>None</description>
			<possibleresult>
				<name>A220</name>
			</possibleresult>
			<points>
				<point>302.000000,269.000000</point>
				<point>263.000000,299.000000</point>
				<point>235.000000,261.000000</point>
				<point>273.000000,232.000000</point>
				<point>302.000000,269.000000</point>
			</points>
		</object>
		<object>
			<coordinate>pixel</coordinate>
			<type>rectangle</type>
			<description>None</description>
			<possibleresult>
				<name>other-airplane</name>
			</possibleresult>
			<points>
				<point>616.000000,288.000000</point>
				<point>576.000000,289.000000</point>
				<point>576.000000,243.000000</point>
				<point>616.000000,243.000000</point>
				<point>616.000000,288.000000</point>
			</points>
		</object>
	</objects>
</annotation>