<?xml version="1.0" encoding="utf-8"?>
<annotation>
	<source>
		<filename>13238.tif</filename>
		<origin>GF2/GF3</origin>
	</source>
	<research>
		<version>1.0</version>
		<provider>FAIR1M</provider>
		<author>Cyber</author>
		<pluginname>FAIR1M</pluginname>
		<pluginclass>object detection</pluginclass>
		<time>2021-07-21</time>
	</research>
	<size>
		<width>800</width>
		<height>600</height>
		<depth>4</depth>
	</size>
	<objects>
		<object>
			<coordinate>pixel</coordinate>
			<type>rectangle</type>
			<description>None</description>
			<possibleresult>
				<name>Small Car</name>
			</possibleresult>
			<points>
				<point>440.000000,583.000000</point>
				<point>437.000000,591.000000</point>
				<point>417.000000,583.000000</point>
				<point>420.000000,575.000000</point>
				<point>440.000000,583.000000</point>
			</points>
		</object>
		<object>
			<coordinate>pixel</coordinate>
			<type>rectangle</type>
			<description>None</description>
			<possibleresult>
				<name>Small Car</name>
			</possibleresult>
			<points>
				<point>444.000000,573.000000</point>
				<point>442.000000,581.000000</point>
				<point>421.000000,574.000000</point>
				<point>423.000000,566.000000</point>
				<point>444.000000,573.000000</point>
			</points>
		</object>
		<object>
			<coordinate>pixel</coordinate>
			<type>rectangle</type>
			<description>None</description>
			<possibleresult>
				<name>Van</name>
			</possibleresult>
			<points>
				<point>460.000000,550.000000</point>
				<point>457.000000,557.000000</point>
				<point>437.000000,549.000000</point>
				<point>440.000000,541.000000</point>
				<point>460.000000,550.000000</point>
			</points>
		</object>
		<object>
			<coordinate>pixel</coordinate>
			<type>rectangle</type>
			<description>None</description>
			<possibleresult>
				<name>Van</name>
			</possibleresult>
			<points>
				<point>482.000000,497.000000</point>
				<point>481.000000,504.000000</point>
				<point>459.000000,501.000000</point>
				<point>460.000000,493.000000</point>
				<point>482.000000,497.000000</point>
			</points>
		</object>
		<object>
			<coordinate>pixel</coordinate>
			<type>rectangle</type>
			<description>None</description>
			<possibleresult>
				<name>Van</name>
			</possibleresult>
			<points>
				<point>484.000000,464.000000</point>
				<point>461.000000,463.000000</point>
				<point>461.000000,454.000000</point>
				<point>484.000000,455.000000</point>
				<point>484.000000,464.000000</point>
			</points>
		</object>
		<object>
			<coordinate>pixel</coordinate>
			<type>rectangle</type>
			<description>None</description>
			<possibleresult>
				<name>Van</name>
			</possibleresult>
			<points>
				<point>490.000000,423.000000</point>
				<point>470.000000,424.000000</point>
				<point>469.000000,418.000000</point>
				<point>490.000000,417.000000</point>
				<point>490.000000,423.000000</point>
			</points>
		</object>
		<object>
			<coordinate>pixel</coordinate>
			<type>rectangle</type>
			<description>None</description>
			<possibleresult>
				<name>Van</name>
			</possibleresult>
			<points>
				<point>486.000000,406.000000</point>
				<point>468.000000,406.000000</point>
				<point>467.000000,400.000000</point>
				<point>486.000000,399.000000</point>
				<point>486.000000,406.000000</point>
			</points>
		</object>
		<object>
			<coordinate>pixel</coordinate>
			<type>rectangle</type>
			<description>None</description>
			<possibleresult>
				<name>Van</name>
			</possibleresult>
			<points>
				<point>488.000000,386.000000</point>
				<point>471.000000,388.000000</point>
				<point>470.000000,381.000000</point>
				<point>488.000000,379.000000</point>
				<point>488.000000,386.000000</point>
			</points>
		</object>
		<object>
			<coordinate>pixel</coordinate>
			<type>rectangle</type>
			<description>None</description>
			<possibleresult>
				<name>Small Car</name>
			</possibleresult>
			<points>
				<point>499.000000,199.000000</point>
				<point>475.000000,201.000000</point>
				<point>475.000000,195.000000</point>
				<point>498.000000,193.000000</point>
				<point>499.000000,199.000000</point>
			</points>
		</object>
		<object>
			<coordinate>pixel</coordinate>
			<type>rectangle</type>
			<description>None</description>
			<possibleresult>
				<name>Van</name>
			</possibleresult>
			<points>
				<point>608.000000,245.000000</point>
				<point>583.000000,247.000000</point>
				<point>582.000000,240.000000</point>
				<point>607.000000,238.000000</point>
				<point>608.000000,245.000000</point>
			</points>
		</object>
		<object>
			<coordinate>pixel</coordinate>
			<type>rectangle</type>
			<description>None</description>
			<possibleresult>
				<name>Intersection</name>
			</possibleresult>
			<points>
				<point>795.000000,218.000000</point>
				<point>724.000000,238.000000</point>
				<point>702.000000,161.000000</point>
				<point>772.000000,141.000000</point>
				<point>795.000000,218.000000</point>
			</points>
		</object>
		<object>
			<coordinate>pixel</coordinate>
			<type>rectangle</type>
			<description>None</description>
			<possibleresult>
				<name>Basketball Court</name>
			</possibleresult>
			<points>
				<point>636.000000,386.000000</point>
				<point>569.000000,402.000000</point>
				<point>536.000000,310.000000</point>
				<point>602.000000,296.000000</point>
				<point>636.000000,386.000000</point>
			</points>
		</object>
		<object>
			<coordinate>pixel</coordinate>
			<type>rectangle</type>
			<description>None</description>
			<possibleresult>
				<name>Basketball Court</name>
			</possibleresult>
			<points>
				<point>717.000000,362.000000</point>
				<point>647.000000,377.000000</point>
				<point>613.000000,292.000000</point>
				<point>681.000000,275.000000</point>
				<point>717.000000,362.000000</point>
			</points>
		</object>
	</objects>
</annotation>