<?xml version="1.0" encoding="utf-8"?>
<annotation>
	<source>
		<filename>13318.tif</filename>
		<origin>GF2/GF3</origin>
	</source>
	<research>
		<version>1.0</version>
		<provider>FAIR1M</provider>
		<author>Cyber</author>
		<pluginname>FAIR1M</pluginname>
		<pluginclass>object detection</pluginclass>
		<time>2021-07-21</time>
	</research>
	<size>
		<width>1000</width>
		<height>1000</height>
		<depth>3</depth>
	</size>
	<objects>
		<object>
			<coordinate>pixel</coordinate>
			<type>rectangle</type>
			<description>None</description>
			<possibleresult>
				<name>Small Car</name>
			</possibleresult>
			<points>
				<point>763.000000,175.000000</point>
				<point>742.000000,176.000000</point>
				<point>741.000000,169.000000</point>
				<point>763.000000,169.000000</point>
				<point>763.000000,175.000000</point>
			</points>
		</object>
		<object>
			<coordinate>pixel</coordinate>
			<type>rectangle</type>
			<description>None</description>
			<possibleresult>
				<name>Dump Truck</name>
			</possibleresult>
			<points>
				<point>247.000000,232.000000</point>
				<point>222.000000,233.000000</point>
				<point>221.000000,225.000000</point>
				<point>246.000000,223.000000</point>
				<point>247.000000,232.000000</point>
			</points>
		</object>
	</objects>
</annotation>