<?xml version="1.0" encoding="utf-8"?>
<annotation>
	<source>
		<filename>13321.tif</filename>
		<origin>GF2/GF3</origin>
	</source>
	<research>
		<version>1.0</version>
		<provider>FAIR1M</provider>
		<author>Cyber</author>
		<pluginname>FAIR1M</pluginname>
		<pluginclass>object detection</pluginclass>
		<time>2021-07-21</time>
	</research>
	<size>
		<width>800</width>
		<height>600</height>
		<depth>3</depth>
	</size>
	<objects>
		<object>
			<coordinate>pixel</coordinate>
			<type>rectangle</type>
			<description>None</description>
			<possibleresult>
				<name>A220</name>
			</possibleresult>
			<points>
				<point>455.000000,212.000000</point>
				<point>415.000000,239.000000</point>
				<point>390.000000,203.000000</point>
				<point>432.000000,176.000000</point>
				<point>455.000000,212.000000</point>
			</points>
		</object>
	</objects>
</annotation>