<?xml version="1.0" encoding="utf-8"?>
<annotation>
	<source>
		<filename>13504.tif</filename>
		<origin>GF2/GF3</origin>
	</source>
	<research>
		<version>1.0</version>
		<provider>FAIR1M</provider>
		<author>Cyber</author>
		<pluginname>FAIR1M</pluginname>
		<pluginclass>object detection</pluginclass>
		<time>2021-07-21</time>
	</research>
	<size>
		<width>600</width>
		<height>800</height>
		<depth>3</depth>
	</size>
	<objects>
		<object>
			<coordinate>pixel</coordinate>
			<type>rectangle</type>
			<description>None</description>
			<possibleresult>
				<name>Boeing737</name>
			</possibleresult>
			<points>
				<point>294.000000,504.000000</point>
				<point>253.000000,526.000000</point>
				<point>234.000000,485.000000</point>
				<point>274.000000,464.000000</point>
				<point>294.000000,504.000000</point>
			</points>
		</object>
		<object>
			<coordinate>pixel</coordinate>
			<type>rectangle</type>
			<description>None</description>
			<possibleresult>
				<name>Intersection</name>
			</possibleresult>
			<points>
				<point>103.000000,115.000000</point>
				<point>75.000000,128.000000</point>
				<point>64.000000,104.000000</point>
				<point>92.000000,92.000000</point>
				<point>103.000000,115.000000</point>
			</points>
		</object>
	</objects>
</annotation>