<?xml version="1.0" encoding="utf-8"?>
<annotation>
	<source>
		<filename>13567.tif</filename>
		<origin>GF2/GF3</origin>
	</source>
	<research>
		<version>1.0</version>
		<provider>FAIR1M</provider>
		<author>Cyber</author>
		<pluginname>FAIR1M</pluginname>
		<pluginclass>object detection</pluginclass>
		<time>2021-07-21</time>
	</research>
	<size>
		<width>1000</width>
		<height>1000</height>
		<depth>3</depth>
	</size>
	<objects>
		<object>
			<coordinate>pixel</coordinate>
			<type>rectangle</type>
			<description>None</description>
			<possibleresult>
				<name>other-airplane</name>
			</possibleresult>
			<points>
				<point>801.000000,128.000000</point>
				<point>771.000000,106.000000</point>
				<point>755.000000,128.000000</point>
				<point>786.000000,150.000000</point>
				<point>801.000000,128.000000</point>
			</points>
		</object>
		<object>
			<coordinate>pixel</coordinate>
			<type>rectangle</type>
			<description>None</description>
			<possibleresult>
				<name>Intersection</name>
			</possibleresult>
			<points>
				<point>143.000000,829.000000</point>
				<point>125.000000,804.000000</point>
				<point>103.000000,818.000000</point>
				<point>122.000000,843.000000</point>
				<point>143.000000,829.000000</point>
			</points>
		</object>
	</objects>
</annotation>