<?xml version="1.0" encoding="utf-8"?>
<annotation>
	<source>
		<filename>13581.tif</filename>
		<origin>GF2/GF3</origin>
	</source>
	<research>
		<version>1.0</version>
		<provider>FAIR1M</provider>
		<author>Cyber</author>
		<pluginname>FAIR1M</pluginname>
		<pluginclass>object detection</pluginclass>
		<time>2021-07-21</time>
	</research>
	<size>
		<width>600</width>
		<height>800</height>
		<depth>3</depth>
	</size>
	<objects>
		<object>
			<coordinate>pixel</coordinate>
			<type>rectangle</type>
			<description>None</description>
			<possibleresult>
				<name>Fishing Boat</name>
			</possibleresult>
			<points>
				<point>77.000000,755.000000</point>
				<point>70.000000,769.000000</point>
				<point>27.000000,745.000000</point>
				<point>35.000000,731.000000</point>
				<point>77.000000,755.000000</point>
			</points>
		</object>
		<object>
			<coordinate>pixel</coordinate>
			<type>rectangle</type>
			<description>None</description>
			<possibleresult>
				<name>Dry Cargo Ship</name>
			</possibleresult>
			<points>
				<point>301.000000,303.000000</point>
				<point>280.000000,337.000000</point>
				<point>85.000000,225.000000</point>
				<point>106.000000,188.000000</point>
				<point>301.000000,303.000000</point>
			</points>
		</object>
	</objects>
</annotation>