<?xml version="1.0" encoding="utf-8"?>
<annotation>
	<source>
		<filename>13615.tif</filename>
		<origin>GF2/GF3</origin>
	</source>
	<research>
		<version>1.0</version>
		<provider>FAIR1M</provider>
		<author>Cyber</author>
		<pluginname>FAIR1M</pluginname>
		<pluginclass>object detection</pluginclass>
		<time>2021-07-21</time>
	</research>
	<size>
		<width>1000</width>
		<height>1000</height>
		<depth>3</depth>
	</size>
	<objects>
		<object>
			<coordinate>pixel</coordinate>
			<type>rectangle</type>
			<description>None</description>
			<possibleresult>
				<name>Van</name>
			</possibleresult>
			<points>
				<point>763.000000,276.000000</point>
				<point>759.000000,283.000000</point>
				<point>741.000000,270.000000</point>
				<point>745.000000,264.000000</point>
				<point>763.000000,276.000000</point>
			</points>
		</object>
		<object>
			<coordinate>pixel</coordinate>
			<type>rectangle</type>
			<description>None</description>
			<possibleresult>
				<name>Small Car</name>
			</possibleresult>
			<points>
				<point>704.000000,243.000000</point>
				<point>701.000000,249.000000</point>
				<point>686.000000,239.000000</point>
				<point>689.000000,233.000000</point>
				<point>704.000000,243.000000</point>
			</points>
		</object>
		<object>
			<coordinate>pixel</coordinate>
			<type>rectangle</type>
			<description>None</description>
			<possibleresult>
				<name>Small Car</name>
			</possibleresult>
			<points>
				<point>598.000000,244.000000</point>
				<point>594.000000,251.000000</point>
				<point>578.000000,243.000000</point>
				<point>582.000000,236.000000</point>
				<point>598.000000,244.000000</point>
			</points>
		</object>
		<object>
			<coordinate>pixel</coordinate>
			<type>rectangle</type>
			<description>None</description>
			<possibleresult>
				<name>Van</name>
			</possibleresult>
			<points>
				<point>551.000000,224.000000</point>
				<point>541.000000,235.000000</point>
				<point>535.000000,230.000000</point>
				<point>545.000000,218.000000</point>
				<point>551.000000,224.000000</point>
			</points>
		</object>
		<object>
			<coordinate>pixel</coordinate>
			<type>rectangle</type>
			<description>None</description>
			<possibleresult>
				<name>Small Car</name>
			</possibleresult>
			<points>
				<point>126.000000,19.000000</point>
				<point>109.000000,20.000000</point>
				<point>108.000000,13.000000</point>
				<point>125.000000,12.000000</point>
				<point>126.000000,19.000000</point>
			</points>
		</object>
		<object>
			<coordinate>pixel</coordinate>
			<type>rectangle</type>
			<description>None</description>
			<possibleresult>
				<name>Small Car</name>
			</possibleresult>
			<points>
				<point>125.000000,37.000000</point>
				<point>107.000000,37.000000</point>
				<point>106.000000,30.000000</point>
				<point>125.000000,29.000000</point>
				<point>125.000000,37.000000</point>
			</points>
		</object>
		<object>
			<coordinate>pixel</coordinate>
			<type>rectangle</type>
			<description>None</description>
			<possibleresult>
				<name>Small Car</name>
			</possibleresult>
			<points>
				<point>84.000000,66.000000</point>
				<point>64.000000,68.000000</point>
				<point>64.000000,61.000000</point>
				<point>83.000000,59.000000</point>
				<point>84.000000,66.000000</point>
			</points>
		</object>
		<object>
			<coordinate>pixel</coordinate>
			<type>rectangle</type>
			<description>None</description>
			<possibleresult>
				<name>Small Car</name>
			</possibleresult>
			<points>
				<point>59.000000,68.000000</point>
				<point>37.000000,69.000000</point>
				<point>36.000000,62.000000</point>
				<point>59.000000,60.000000</point>
				<point>59.000000,68.000000</point>
			</points>
		</object>
		<object>
			<coordinate>pixel</coordinate>
			<type>rectangle</type>
			<description>None</description>
			<possibleresult>
				<name>Van</name>
			</possibleresult>
			<points>
				<point>85.000000,342.000000</point>
				<point>82.000000,357.000000</point>
				<point>75.000000,356.000000</point>
				<point>78.000000,341.000000</point>
				<point>85.000000,342.000000</point>
			</points>
		</object>
		<object>
			<coordinate>pixel</coordinate>
			<type>rectangle</type>
			<description>None</description>
			<possibleresult>
				<name>Small Car</name>
			</possibleresult>
			<points>
				<point>77.000000,366.000000</point>
				<point>69.000000,376.000000</point>
				<point>63.000000,371.000000</point>
				<point>71.000000,361.000000</point>
				<point>77.000000,366.000000</point>
			</points>
		</object>
		<object>
			<coordinate>pixel</coordinate>
			<type>rectangle</type>
			<description>None</description>
			<possibleresult>
				<name>Small Car</name>
			</possibleresult>
			<points>
				<point>526.000000,214.000000</point>
				<point>522.000000,220.000000</point>
				<point>508.000000,210.000000</point>
				<point>512.000000,205.000000</point>
				<point>526.000000,214.000000</point>
			</points>
		</object>
		<object>
			<coordinate>pixel</coordinate>
			<type>rectangle</type>
			<description>None</description>
			<possibleresult>
				<name>Small Car</name>
			</possibleresult>
			<points>
				<point>517.000000,220.000000</point>
				<point>513.000000,226.000000</point>
				<point>497.000000,215.000000</point>
				<point>501.000000,209.000000</point>
				<point>517.000000,220.000000</point>
			</points>
		</object>
		<object>
			<coordinate>pixel</coordinate>
			<type>rectangle</type>
			<description>None</description>
			<possibleresult>
				<name>Small Car</name>
			</possibleresult>
			<points>
				<point>513.000000,228.000000</point>
				<point>508.000000,233.000000</point>
				<point>492.000000,221.000000</point>
				<point>497.000000,215.000000</point>
				<point>513.000000,228.000000</point>
			</points>
		</object>
		<object>
			<coordinate>pixel</coordinate>
			<type>rectangle</type>
			<description>None</description>
			<possibleresult>
				<name>Small Car</name>
			</possibleresult>
			<points>
				<point>381.000000,314.000000</point>
				<point>363.000000,319.000000</point>
				<point>361.000000,312.000000</point>
				<point>379.000000,308.000000</point>
				<point>381.000000,314.000000</point>
			</points>
		</object>
		<object>
			<coordinate>pixel</coordinate>
			<type>rectangle</type>
			<description>None</description>
			<possibleresult>
				<name>Small Car</name>
			</possibleresult>
			<points>
				<point>356.000000,322.000000</point>
				<point>349.000000,338.000000</point>
				<point>342.000000,335.000000</point>
				<point>349.000000,319.000000</point>
				<point>356.000000,322.000000</point>
			</points>
		</object>
		<object>
			<coordinate>pixel</coordinate>
			<type>rectangle</type>
			<description>None</description>
			<possibleresult>
				<name>Van</name>
			</possibleresult>
			<points>
				<point>600.000000,381.000000</point>
				<point>596.000000,388.000000</point>
				<point>580.000000,380.000000</point>
				<point>584.000000,373.000000</point>
				<point>600.000000,381.000000</point>
			</points>
		</object>
		<object>
			<coordinate>pixel</coordinate>
			<type>rectangle</type>
			<description>None</description>
			<possibleresult>
				<name>Small Car</name>
			</possibleresult>
			<points>
				<point>577.000000,407.000000</point>
				<point>573.000000,413.000000</point>
				<point>558.000000,403.000000</point>
				<point>563.000000,397.000000</point>
				<point>577.000000,407.000000</point>
			</points>
		</object>
		<object>
			<coordinate>pixel</coordinate>
			<type>rectangle</type>
			<description>None</description>
			<possibleresult>
				<name>Small Car</name>
			</possibleresult>
			<points>
				<point>652.000000,484.000000</point>
				<point>650.000000,490.000000</point>
				<point>635.000000,482.000000</point>
				<point>638.000000,477.000000</point>
				<point>652.000000,484.000000</point>
			</points>
		</object>
		<object>
			<coordinate>pixel</coordinate>
			<type>rectangle</type>
			<description>None</description>
			<possibleresult>
				<name>Small Car</name>
			</possibleresult>
			<points>
				<point>647.000000,493.000000</point>
				<point>643.000000,499.000000</point>
				<point>626.000000,490.000000</point>
				<point>629.000000,483.000000</point>
				<point>647.000000,493.000000</point>
			</points>
		</object>
		<object>
			<coordinate>pixel</coordinate>
			<type>rectangle</type>
			<description>None</description>
			<possibleresult>
				<name>Van</name>
			</possibleresult>
			<points>
				<point>600.000000,540.000000</point>
				<point>597.000000,545.000000</point>
				<point>584.000000,537.000000</point>
				<point>587.000000,532.000000</point>
				<point>600.000000,540.000000</point>
			</points>
		</object>
		<object>
			<coordinate>pixel</coordinate>
			<type>rectangle</type>
			<description>None</description>
			<possibleresult>
				<name>Small Car</name>
			</possibleresult>
			<points>
				<point>594.000000,546.000000</point>
				<point>590.000000,552.000000</point>
				<point>576.000000,543.000000</point>
				<point>579.000000,537.000000</point>
				<point>594.000000,546.000000</point>
			</points>
		</object>
		<object>
			<coordinate>pixel</coordinate>
			<type>rectangle</type>
			<description>None</description>
			<possibleresult>
				<name>Van</name>
			</possibleresult>
			<points>
				<point>697.000000,501.000000</point>
				<point>686.000000,516.000000</point>
				<point>679.000000,512.000000</point>
				<point>691.000000,496.000000</point>
				<point>697.000000,501.000000</point>
			</points>
		</object>
		<object>
			<coordinate>pixel</coordinate>
			<type>rectangle</type>
			<description>None</description>
			<possibleresult>
				<name>Small Car</name>
			</possibleresult>
			<points>
				<point>471.000000,952.000000</point>
				<point>469.000000,960.000000</point>
				<point>448.000000,954.000000</point>
				<point>450.000000,947.000000</point>
				<point>471.000000,952.000000</point>
			</points>
		</object>
		<object>
			<coordinate>pixel</coordinate>
			<type>rectangle</type>
			<description>None</description>
			<possibleresult>
				<name>Small Car</name>
			</possibleresult>
			<points>
				<point>680.000000,962.000000</point>
				<point>674.000000,974.000000</point>
				<point>668.000000,970.000000</point>
				<point>675.000000,959.000000</point>
				<point>680.000000,962.000000</point>
			</points>
		</object>
		<object>
			<coordinate>pixel</coordinate>
			<type>rectangle</type>
			<description>None</description>
			<possibleresult>
				<name>Small Car</name>
			</possibleresult>
			<points>
				<point>732.113159,1000.603760</point>
				<point>716.000000,996.000000</point>
				<point>718.000000,989.000000</point>
				<point>734.113159,993.603760</point>
				<point>732.113159,1000.603760</point>
			</points>
		</object>
		<object>
			<coordinate>pixel</coordinate>
			<type>rectangle</type>
			<description>None</description>
			<possibleresult>
				<name>Small Car</name>
			</possibleresult>
			<points>
				<point>666.000000,803.000000</point>
				<point>650.000000,811.000000</point>
				<point>647.000000,805.000000</point>
				<point>663.000000,797.000000</point>
				<point>666.000000,803.000000</point>
			</points>
		</object>
		<object>
			<coordinate>pixel</coordinate>
			<type>rectangle</type>
			<description>None</description>
			<possibleresult>
				<name>Dump Truck</name>
			</possibleresult>
			<points>
				<point>259.000000,877.000000</point>
				<point>242.000000,886.000000</point>
				<point>238.000000,878.000000</point>
				<point>255.000000,870.000000</point>
				<point>259.000000,877.000000</point>
			</points>
		</object>
		<object>
			<coordinate>pixel</coordinate>
			<type>rectangle</type>
			<description>None</description>
			<possibleresult>
				<name>Van</name>
			</possibleresult>
			<points>
				<point>330.000000,31.000000</point>
				<point>325.000000,39.000000</point>
				<point>310.000000,28.000000</point>
				<point>315.000000,21.000000</point>
				<point>330.000000,31.000000</point>
			</points>
		</object>
	</objects>
</annotation>