<?xml version="1.0" encoding="utf-8"?>
<annotation>
	<source>
		<filename>13626.tif</filename>
		<origin>GF2/GF3</origin>
	</source>
	<research>
		<version>1.0</version>
		<provider>FAIR1M</provider>
		<author>Cyber</author>
		<pluginname>FAIR1M</pluginname>
		<pluginclass>object detection</pluginclass>
		<time>2021-07-21</time>
	</research>
	<size>
		<width>800</width>
		<height>600</height>
		<depth>4</depth>
	</size>
	<objects>
		<object>
			<coordinate>pixel</coordinate>
			<type>rectangle</type>
			<description>None</description>
			<possibleresult>
				<name>Van</name>
			</possibleresult>
			<points>
				<point>61.000000,349.000000</point>
				<point>59.000000,366.000000</point>
				<point>50.000000,365.000000</point>
				<point>53.000000,348.000000</point>
				<point>61.000000,349.000000</point>
			</points>
		</object>
		<object>
			<coordinate>pixel</coordinate>
			<type>rectangle</type>
			<description>None</description>
			<possibleresult>
				<name>Van</name>
			</possibleresult>
			<points>
				<point>119.000000,253.000000</point>
				<point>111.000000,254.000000</point>
				<point>110.000000,238.000000</point>
				<point>118.000000,237.000000</point>
				<point>119.000000,253.000000</point>
			</points>
		</object>
		<object>
			<coordinate>pixel</coordinate>
			<type>rectangle</type>
			<description>None</description>
			<possibleresult>
				<name>Small Car</name>
			</possibleresult>
			<points>
				<point>93.000000,256.000000</point>
				<point>84.000000,256.000000</point>
				<point>84.000000,241.000000</point>
				<point>93.000000,241.000000</point>
				<point>93.000000,256.000000</point>
			</points>
		</object>
		<object>
			<coordinate>pixel</coordinate>
			<type>rectangle</type>
			<description>None</description>
			<possibleresult>
				<name>Small Car</name>
			</possibleresult>
			<points>
				<point>545.000000,160.000000</point>
				<point>532.000000,167.000000</point>
				<point>528.000000,161.000000</point>
				<point>541.000000,153.000000</point>
				<point>545.000000,160.000000</point>
			</points>
		</object>
		<object>
			<coordinate>pixel</coordinate>
			<type>rectangle</type>
			<description>None</description>
			<possibleresult>
				<name>Small Car</name>
			</possibleresult>
			<points>
				<point>585.000000,143.000000</point>
				<point>564.000000,143.000000</point>
				<point>564.000000,135.000000</point>
				<point>585.000000,135.000000</point>
				<point>585.000000,143.000000</point>
			</points>
		</object>
		<object>
			<coordinate>pixel</coordinate>
			<type>rectangle</type>
			<description>None</description>
			<possibleresult>
				<name>Van</name>
			</possibleresult>
			<points>
				<point>560.000000,247.000000</point>
				<point>559.000000,257.000000</point>
				<point>535.000000,255.000000</point>
				<point>536.000000,245.000000</point>
				<point>560.000000,247.000000</point>
			</points>
		</object>
		<object>
			<coordinate>pixel</coordinate>
			<type>rectangle</type>
			<description>None</description>
			<possibleresult>
				<name>Small Car</name>
			</possibleresult>
			<points>
				<point>454.000000,406.000000</point>
				<point>449.000000,413.000000</point>
				<point>434.000000,402.000000</point>
				<point>439.000000,395.000000</point>
				<point>454.000000,406.000000</point>
			</points>
		</object>
		<object>
			<coordinate>pixel</coordinate>
			<type>rectangle</type>
			<description>None</description>
			<possibleresult>
				<name>Van</name>
			</possibleresult>
			<points>
				<point>397.000000,504.000000</point>
				<point>388.000000,504.000000</point>
				<point>387.000000,487.000000</point>
				<point>396.000000,487.000000</point>
				<point>397.000000,504.000000</point>
			</points>
		</object>
		<object>
			<coordinate>pixel</coordinate>
			<type>rectangle</type>
			<description>None</description>
			<possibleresult>
				<name>Small Car</name>
			</possibleresult>
			<points>
				<point>336.000000,581.000000</point>
				<point>333.000000,588.000000</point>
				<point>313.000000,579.000000</point>
				<point>316.000000,572.000000</point>
				<point>336.000000,581.000000</point>
			</points>
		</object>
		<object>
			<coordinate>pixel</coordinate>
			<type>rectangle</type>
			<description>None</description>
			<possibleresult>
				<name>Van</name>
			</possibleresult>
			<points>
				<point>339.000000,571.000000</point>
				<point>335.000000,578.000000</point>
				<point>317.000000,569.000000</point>
				<point>320.000000,562.000000</point>
				<point>339.000000,571.000000</point>
			</points>
		</object>
		<object>
			<coordinate>pixel</coordinate>
			<type>rectangle</type>
			<description>None</description>
			<possibleresult>
				<name>Small Car</name>
			</possibleresult>
			<points>
				<point>336.000000,558.000000</point>
				<point>333.000000,565.000000</point>
				<point>314.000000,557.000000</point>
				<point>316.000000,550.000000</point>
				<point>336.000000,558.000000</point>
			</points>
		</object>
		<object>
			<coordinate>pixel</coordinate>
			<type>rectangle</type>
			<description>None</description>
			<possibleresult>
				<name>Van</name>
			</possibleresult>
			<points>
				<point>331.000000,548.000000</point>
				<point>327.000000,555.000000</point>
				<point>311.000000,545.000000</point>
				<point>315.000000,539.000000</point>
				<point>331.000000,548.000000</point>
			</points>
		</object>
		<object>
			<coordinate>pixel</coordinate>
			<type>rectangle</type>
			<description>None</description>
			<possibleresult>
				<name>Small Car</name>
			</possibleresult>
			<points>
				<point>333.000000,538.000000</point>
				<point>329.000000,545.000000</point>
				<point>310.000000,533.000000</point>
				<point>314.000000,526.000000</point>
				<point>333.000000,538.000000</point>
			</points>
		</object>
		<object>
			<coordinate>pixel</coordinate>
			<type>rectangle</type>
			<description>None</description>
			<possibleresult>
				<name>Dump Truck</name>
			</possibleresult>
			<points>
				<point>288.000000,561.000000</point>
				<point>277.000000,562.000000</point>
				<point>277.000000,541.000000</point>
				<point>287.000000,540.000000</point>
				<point>288.000000,561.000000</point>
			</points>
		</object>
		<object>
			<coordinate>pixel</coordinate>
			<type>rectangle</type>
			<description>None</description>
			<possibleresult>
				<name>Small Car</name>
			</possibleresult>
			<points>
				<point>287.000000,585.000000</point>
				<point>277.000000,586.000000</point>
				<point>277.000000,568.000000</point>
				<point>287.000000,568.000000</point>
				<point>287.000000,585.000000</point>
			</points>
		</object>
		<object>
			<coordinate>pixel</coordinate>
			<type>rectangle</type>
			<description>None</description>
			<possibleresult>
				<name>Small Car</name>
			</possibleresult>
			<points>
				<point>291.000000,521.000000</point>
				<point>288.000000,540.000000</point>
				<point>277.000000,538.000000</point>
				<point>280.000000,519.000000</point>
				<point>291.000000,521.000000</point>
			</points>
		</object>
		<object>
			<coordinate>pixel</coordinate>
			<type>rectangle</type>
			<description>None</description>
			<possibleresult>
				<name>Small Car</name>
			</possibleresult>
			<points>
				<point>300.000000,497.000000</point>
				<point>294.000000,514.000000</point>
				<point>285.000000,511.000000</point>
				<point>291.000000,493.000000</point>
				<point>300.000000,497.000000</point>
			</points>
		</object>
	</objects>
</annotation>