<?xml version="1.0" encoding="utf-8"?>
<annotation>
	<source>
		<filename>13636.tif</filename>
		<origin>GF2/GF3</origin>
	</source>
	<research>
		<version>1.0</version>
		<provider>FAIR1M</provider>
		<author>Cyber</author>
		<pluginname>FAIR1M</pluginname>
		<pluginclass>object detection</pluginclass>
		<time>2021-07-21</time>
	</research>
	<size>
		<width>800</width>
		<height>600</height>
		<depth>3</depth>
	</size>
	<objects>
		<object>
			<coordinate>pixel</coordinate>
			<type>rectangle</type>
			<description>None</description>
			<possibleresult>
				<name>A330</name>
			</possibleresult>
			<points>
				<point>29.999985,235.999969</point>
				<point>-8.232729,166.577423</point>
				<point>60.767273,128.577423</point>
				<point>98.999985,197.999969</point>
				<point>29.999985,235.999969</point>
			</points>
		</object>
		<object>
			<coordinate>pixel</coordinate>
			<type>rectangle</type>
			<description>None</description>
			<possibleresult>
				<name>other-airplane</name>
			</possibleresult>
			<points>
				<point>226.000000,183.000000</point>
				<point>184.000000,204.000000</point>
				<point>164.000000,164.000000</point>
				<point>206.000000,143.000000</point>
				<point>226.000000,183.000000</point>
			</points>
		</object>
		<object>
			<coordinate>pixel</coordinate>
			<type>rectangle</type>
			<description>None</description>
			<possibleresult>
				<name>A330</name>
			</possibleresult>
			<points>
				<point>489.000000,351.000000</point>
				<point>421.000000,389.000000</point>
				<point>383.000000,323.000000</point>
				<point>451.000000,284.000000</point>
				<point>489.000000,351.000000</point>
			</points>
		</object>
		<object>
			<coordinate>pixel</coordinate>
			<type>rectangle</type>
			<description>None</description>
			<possibleresult>
				<name>Boeing787</name>
			</possibleresult>
			<points>
				<point>793.000000,424.000000</point>
				<point>726.000000,460.000000</point>
				<point>685.000000,384.000000</point>
				<point>753.000000,348.000000</point>
				<point>793.000000,424.000000</point>
			</points>
		</object>
	</objects>
</annotation>