<?xml version="1.0" encoding="utf-8"?>
<annotation>
	<source>
		<filename>13643.tif</filename>
		<origin>GF2/GF3</origin>
	</source>
	<research>
		<version>1.0</version>
		<provider>FAIR1M</provider>
		<author>Cyber</author>
		<pluginname>FAIR1M</pluginname>
		<pluginclass>object detection</pluginclass>
		<time>2021-07-21</time>
	</research>
	<size>
		<width>600</width>
		<height>800</height>
		<depth>3</depth>
	</size>
	<objects>
		<object>
			<coordinate>pixel</coordinate>
			<type>rectangle</type>
			<description>None</description>
			<possibleresult>
				<name>Boeing737</name>
			</possibleresult>
			<points>
				<point>75.000000,525.000000</point>
				<point>41.000000,563.000000</point>
				<point>9.000000,534.000000</point>
				<point>42.000000,496.000000</point>
				<point>75.000000,525.000000</point>
			</points>
		</object>
		<object>
			<coordinate>pixel</coordinate>
			<type>rectangle</type>
			<description>None</description>
			<possibleresult>
				<name>A220</name>
			</possibleresult>
			<points>
				<point>186.000000,239.000000</point>
				<point>156.000000,275.000000</point>
				<point>121.000000,246.000000</point>
				<point>151.000000,210.000000</point>
				<point>186.000000,239.000000</point>
			</points>
		</object>
		<object>
			<coordinate>pixel</coordinate>
			<type>rectangle</type>
			<description>None</description>
			<possibleresult>
				<name>A220</name>
			</possibleresult>
			<points>
				<point>191.000000,71.000000</point>
				<point>161.000000,106.000000</point>
				<point>121.000000,73.000000</point>
				<point>151.000000,38.000000</point>
				<point>191.000000,71.000000</point>
			</points>
		</object>
	</objects>
</annotation>