<?xml version="1.0" encoding="utf-8"?>
<annotation>
	<source>
		<filename>13680.tif</filename>
		<origin>GF2/GF3</origin>
	</source>
	<research>
		<version>1.0</version>
		<provider>FAIR1M</provider>
		<author>Cyber</author>
		<pluginname>FAIR1M</pluginname>
		<pluginclass>object detection</pluginclass>
		<time>2021-07-21</time>
	</research>
	<size>
		<width>1000</width>
		<height>1000</height>
		<depth>3</depth>
	</size>
	<objects>
		<object>
			<coordinate>pixel</coordinate>
			<type>rectangle</type>
			<description>None</description>
			<possibleresult>
				<name>Trailer</name>
			</possibleresult>
			<points>
				<point>1000.000000,82.000000</point>
				<point>979.000000,74.000000</point>
				<point>982.000000,67.000000</point>
				<point>1000.000000,75.000000</point>
				<point>1000.000000,82.000000</point>
			</points>
		</object>
		<object>
			<coordinate>pixel</coordinate>
			<type>rectangle</type>
			<description>None</description>
			<possibleresult>
				<name>Trailer</name>
			</possibleresult>
			<points>
				<point>981.000000,90.000000</point>
				<point>978.000000,97.000000</point>
				<point>929.000000,77.000000</point>
				<point>932.000000,70.000000</point>
				<point>981.000000,90.000000</point>
			</points>
		</object>
		<object>
			<coordinate>pixel</coordinate>
			<type>rectangle</type>
			<description>None</description>
			<possibleresult>
				<name>Trailer</name>
			</possibleresult>
			<points>
				<point>974.000000,178.000000</point>
				<point>971.000000,188.000000</point>
				<point>943.000000,176.000000</point>
				<point>947.000000,166.000000</point>
				<point>974.000000,178.000000</point>
			</points>
		</object>
		<object>
			<coordinate>pixel</coordinate>
			<type>rectangle</type>
			<description>None</description>
			<possibleresult>
				<name>Trailer</name>
			</possibleresult>
			<points>
				<point>1000.000000,197.000000</point>
				<point>973.000000,187.000000</point>
				<point>976.000000,177.000000</point>
				<point>1000.000000,187.000000</point>
				<point>1000.000000,197.000000</point>
			</points>
		</object>
		<object>
			<coordinate>pixel</coordinate>
			<type>rectangle</type>
			<description>None</description>
			<possibleresult>
				<name>Trailer</name>
			</possibleresult>
			<points>
				<point>996.000000,253.000000</point>
				<point>952.000000,234.000000</point>
				<point>957.000000,225.000000</point>
				<point>1001.000000,244.000000</point>
				<point>996.000000,253.000000</point>
			</points>
		</object>
		<object>
			<coordinate>pixel</coordinate>
			<type>rectangle</type>
			<description>None</description>
			<possibleresult>
				<name>Trailer</name>
			</possibleresult>
			<points>
				<point>981.000000,280.000000</point>
				<point>977.000000,290.000000</point>
				<point>929.000000,271.000000</point>
				<point>934.000000,261.000000</point>
				<point>981.000000,280.000000</point>
			</points>
		</object>
		<object>
			<coordinate>pixel</coordinate>
			<type>rectangle</type>
			<description>None</description>
			<possibleresult>
				<name>Trailer</name>
			</possibleresult>
			<points>
				<point>1000.000000,311.000000</point>
				<point>973.000000,301.000000</point>
				<point>977.000000,292.000000</point>
				<point>1000.000000,301.000000</point>
				<point>1000.000000,311.000000</point>
			</points>
		</object>
		<object>
			<coordinate>pixel</coordinate>
			<type>rectangle</type>
			<description>None</description>
			<possibleresult>
				<name>Trailer</name>
			</possibleresult>
			<points>
				<point>1000.000000,321.000000</point>
				<point>966.000000,307.000000</point>
				<point>969.000000,299.000000</point>
				<point>1000.000000,312.000000</point>
				<point>1000.000000,321.000000</point>
			</points>
		</object>
		<object>
			<coordinate>pixel</coordinate>
			<type>rectangle</type>
			<description>None</description>
			<possibleresult>
				<name>Trailer</name>
			</possibleresult>
			<points>
				<point>1000.000000,332.000000</point>
				<point>961.000000,315.000000</point>
				<point>965.000000,308.000000</point>
				<point>1000.000000,322.000000</point>
				<point>1000.000000,332.000000</point>
			</points>
		</object>
		<object>
			<coordinate>pixel</coordinate>
			<type>rectangle</type>
			<description>None</description>
			<possibleresult>
				<name>Trailer</name>
			</possibleresult>
			<points>
				<point>1000.000000,343.000000</point>
				<point>956.000000,326.000000</point>
				<point>960.000000,317.000000</point>
				<point>1000.000000,333.000000</point>
				<point>1000.000000,343.000000</point>
			</points>
		</object>
		<object>
			<coordinate>pixel</coordinate>
			<type>rectangle</type>
			<description>None</description>
			<possibleresult>
				<name>Trailer</name>
			</possibleresult>
			<points>
				<point>999.000000,354.000000</point>
				<point>954.000000,334.000000</point>
				<point>957.000000,326.000000</point>
				<point>1003.000000,346.000000</point>
				<point>999.000000,354.000000</point>
			</points>
		</object>
		<object>
			<coordinate>pixel</coordinate>
			<type>rectangle</type>
			<description>None</description>
			<possibleresult>
				<name>Trailer</name>
			</possibleresult>
			<points>
				<point>965.000000,308.000000</point>
				<point>961.000000,317.000000</point>
				<point>914.000000,297.000000</point>
				<point>918.000000,288.000000</point>
				<point>965.000000,308.000000</point>
			</points>
		</object>
		<object>
			<coordinate>pixel</coordinate>
			<type>rectangle</type>
			<description>None</description>
			<possibleresult>
				<name>Trailer</name>
			</possibleresult>
			<points>
				<point>974.000000,291.000000</point>
				<point>971.000000,299.000000</point>
				<point>926.000000,280.000000</point>
				<point>929.000000,272.000000</point>
				<point>974.000000,291.000000</point>
			</points>
		</object>
		<object>
			<coordinate>pixel</coordinate>
			<type>rectangle</type>
			<description>None</description>
			<possibleresult>
				<name>Trailer</name>
			</possibleresult>
			<points>
				<point>958.000000,317.000000</point>
				<point>954.000000,327.000000</point>
				<point>910.000000,308.000000</point>
				<point>914.000000,299.000000</point>
				<point>958.000000,317.000000</point>
			</points>
		</object>
		<object>
			<coordinate>pixel</coordinate>
			<type>rectangle</type>
			<description>None</description>
			<possibleresult>
				<name>Trailer</name>
			</possibleresult>
			<points>
				<point>912.000000,299.000000</point>
				<point>908.000000,307.000000</point>
				<point>862.000000,288.000000</point>
				<point>866.000000,280.000000</point>
				<point>912.000000,299.000000</point>
			</points>
		</object>
		<object>
			<coordinate>pixel</coordinate>
			<type>rectangle</type>
			<description>None</description>
			<possibleresult>
				<name>Trailer</name>
			</possibleresult>
			<points>
				<point>1000.000000,392.000000</point>
				<point>985.000000,417.000000</point>
				<point>977.000000,412.000000</point>
				<point>992.000000,387.000000</point>
				<point>1000.000000,392.000000</point>
			</points>
		</object>
		<object>
			<coordinate>pixel</coordinate>
			<type>rectangle</type>
			<description>None</description>
			<possibleresult>
				<name>Trailer</name>
			</possibleresult>
			<points>
				<point>997.000000,421.000000</point>
				<point>975.000000,455.000000</point>
				<point>967.000000,449.000000</point>
				<point>988.000000,415.000000</point>
				<point>997.000000,421.000000</point>
			</points>
		</object>
		<object>
			<coordinate>pixel</coordinate>
			<type>rectangle</type>
			<description>None</description>
			<possibleresult>
				<name>Trailer</name>
			</possibleresult>
			<points>
				<point>982.000000,468.000000</point>
				<point>974.000000,463.000000</point>
				<point>994.000000,430.000000</point>
				<point>1003.000000,434.000000</point>
				<point>982.000000,468.000000</point>
			</points>
		</object>
		<object>
			<coordinate>pixel</coordinate>
			<type>rectangle</type>
			<description>None</description>
			<possibleresult>
				<name>Trailer</name>
			</possibleresult>
			<points>
				<point>1000.000000,463.000000</point>
				<point>982.000000,490.000000</point>
				<point>973.000000,484.000000</point>
				<point>1000.000000,441.000000</point>
				<point>1000.000000,463.000000</point>
			</points>
		</object>
		<object>
			<coordinate>pixel</coordinate>
			<type>rectangle</type>
			<description>None</description>
			<possibleresult>
				<name>Trailer</name>
			</possibleresult>
			<points>
				<point>959.000000,368.000000</point>
				<point>935.000000,409.000000</point>
				<point>927.000000,403.000000</point>
				<point>952.000000,363.000000</point>
				<point>959.000000,368.000000</point>
			</points>
		</object>
		<object>
			<coordinate>pixel</coordinate>
			<type>rectangle</type>
			<description>None</description>
			<possibleresult>
				<name>Trailer</name>
			</possibleresult>
			<points>
				<point>971.000000,374.000000</point>
				<point>948.000000,412.000000</point>
				<point>939.000000,407.000000</point>
				<point>963.000000,369.000000</point>
				<point>971.000000,374.000000</point>
			</points>
		</object>
		<object>
			<coordinate>pixel</coordinate>
			<type>rectangle</type>
			<description>None</description>
			<possibleresult>
				<name>Trailer</name>
			</possibleresult>
			<points>
				<point>982.000000,379.000000</point>
				<point>959.000000,414.000000</point>
				<point>952.000000,409.000000</point>
				<point>974.000000,374.000000</point>
				<point>982.000000,379.000000</point>
			</points>
		</object>
		<object>
			<coordinate>pixel</coordinate>
			<type>rectangle</type>
			<description>None</description>
			<possibleresult>
				<name>Trailer</name>
			</possibleresult>
			<points>
				<point>913.000000,356.000000</point>
				<point>897.000000,382.000000</point>
				<point>888.000000,376.000000</point>
				<point>904.000000,350.000000</point>
				<point>913.000000,356.000000</point>
			</points>
		</object>
		<object>
			<coordinate>pixel</coordinate>
			<type>rectangle</type>
			<description>None</description>
			<possibleresult>
				<name>Trailer</name>
			</possibleresult>
			<points>
				<point>895.000000,765.000000</point>
				<point>878.000000,794.000000</point>
				<point>869.000000,789.000000</point>
				<point>886.000000,759.000000</point>
				<point>895.000000,765.000000</point>
			</points>
		</object>
		<object>
			<coordinate>pixel</coordinate>
			<type>rectangle</type>
			<description>None</description>
			<possibleresult>
				<name>Trailer</name>
			</possibleresult>
			<points>
				<point>918.000000,728.000000</point>
				<point>901.000000,756.000000</point>
				<point>892.000000,751.000000</point>
				<point>908.000000,722.000000</point>
				<point>918.000000,728.000000</point>
			</points>
		</object>
		<object>
			<coordinate>pixel</coordinate>
			<type>rectangle</type>
			<description>None</description>
			<possibleresult>
				<name>Trailer</name>
			</possibleresult>
			<points>
				<point>907.000000,769.000000</point>
				<point>889.000000,799.000000</point>
				<point>880.000000,793.000000</point>
				<point>898.000000,763.000000</point>
				<point>907.000000,769.000000</point>
			</points>
		</object>
		<object>
			<coordinate>pixel</coordinate>
			<type>rectangle</type>
			<description>None</description>
			<possibleresult>
				<name>Trailer</name>
			</possibleresult>
			<points>
				<point>932.000000,729.000000</point>
				<point>914.000000,760.000000</point>
				<point>903.000000,754.000000</point>
				<point>922.000000,723.000000</point>
				<point>932.000000,729.000000</point>
			</points>
		</object>
		<object>
			<coordinate>pixel</coordinate>
			<type>rectangle</type>
			<description>None</description>
			<possibleresult>
				<name>Trailer</name>
			</possibleresult>
			<points>
				<point>956.000000,689.000000</point>
				<point>936.000000,724.000000</point>
				<point>926.000000,718.000000</point>
				<point>946.000000,683.000000</point>
				<point>956.000000,689.000000</point>
			</points>
		</object>
		<object>
			<coordinate>pixel</coordinate>
			<type>rectangle</type>
			<description>None</description>
			<possibleresult>
				<name>Trailer</name>
			</possibleresult>
			<points>
				<point>933.000000,774.000000</point>
				<point>910.000000,813.000000</point>
				<point>901.000000,808.000000</point>
				<point>924.000000,769.000000</point>
				<point>933.000000,774.000000</point>
			</points>
		</object>
		<object>
			<coordinate>pixel</coordinate>
			<type>rectangle</type>
			<description>None</description>
			<possibleresult>
				<name>Trailer</name>
			</possibleresult>
			<points>
				<point>956.000000,736.000000</point>
				<point>934.000000,773.000000</point>
				<point>925.000000,768.000000</point>
				<point>947.000000,730.000000</point>
				<point>956.000000,736.000000</point>
			</points>
		</object>
		<object>
			<coordinate>pixel</coordinate>
			<type>rectangle</type>
			<description>None</description>
			<possibleresult>
				<name>Trailer</name>
			</possibleresult>
			<points>
				<point>978.000000,698.000000</point>
				<point>957.000000,734.000000</point>
				<point>948.000000,729.000000</point>
				<point>969.000000,693.000000</point>
				<point>978.000000,698.000000</point>
			</points>
		</object>
		<object>
			<coordinate>pixel</coordinate>
			<type>rectangle</type>
			<description>None</description>
			<possibleresult>
				<name>Trailer</name>
			</possibleresult>
			<points>
				<point>944.000000,780.000000</point>
				<point>922.000000,817.000000</point>
				<point>913.000000,812.000000</point>
				<point>935.000000,774.000000</point>
				<point>944.000000,780.000000</point>
			</points>
		</object>
		<object>
			<coordinate>pixel</coordinate>
			<type>rectangle</type>
			<description>None</description>
			<possibleresult>
				<name>Trailer</name>
			</possibleresult>
			<points>
				<point>970.000000,739.000000</point>
				<point>947.000000,779.000000</point>
				<point>937.000000,773.000000</point>
				<point>959.000000,733.000000</point>
				<point>970.000000,739.000000</point>
			</points>
		</object>
		<object>
			<coordinate>pixel</coordinate>
			<type>rectangle</type>
			<description>None</description>
			<possibleresult>
				<name>Trailer</name>
			</possibleresult>
			<points>
				<point>994.000000,698.000000</point>
				<point>970.000000,738.000000</point>
				<point>961.000000,733.000000</point>
				<point>985.000000,692.000000</point>
				<point>994.000000,698.000000</point>
			</points>
		</object>
		<object>
			<coordinate>pixel</coordinate>
			<type>rectangle</type>
			<description>None</description>
			<possibleresult>
				<name>Trailer</name>
			</possibleresult>
			<points>
				<point>964.000000,794.000000</point>
				<point>944.000000,828.000000</point>
				<point>934.000000,822.000000</point>
				<point>955.000000,788.000000</point>
				<point>964.000000,794.000000</point>
			</points>
		</object>
		<object>
			<coordinate>pixel</coordinate>
			<type>rectangle</type>
			<description>None</description>
			<possibleresult>
				<name>Trailer</name>
			</possibleresult>
			<points>
				<point>986.000000,757.000000</point>
				<point>967.000000,789.000000</point>
				<point>958.000000,784.000000</point>
				<point>975.000000,752.000000</point>
				<point>986.000000,757.000000</point>
			</points>
		</object>
		<object>
			<coordinate>pixel</coordinate>
			<type>rectangle</type>
			<description>None</description>
			<possibleresult>
				<name>Trailer</name>
			</possibleresult>
			<points>
				<point>1000.000000,736.000000</point>
				<point>989.000000,752.000000</point>
				<point>979.000000,747.000000</point>
				<point>1000.000000,713.000000</point>
				<point>1000.000000,736.000000</point>
			</points>
		</object>
		<object>
			<coordinate>pixel</coordinate>
			<type>rectangle</type>
			<description>None</description>
			<possibleresult>
				<name>Trailer</name>
			</possibleresult>
			<points>
				<point>974.000000,801.000000</point>
				<point>956.000000,833.000000</point>
				<point>946.000000,827.000000</point>
				<point>965.000000,795.000000</point>
				<point>974.000000,801.000000</point>
			</points>
		</object>
		<object>
			<coordinate>pixel</coordinate>
			<type>rectangle</type>
			<description>None</description>
			<possibleresult>
				<name>Trailer</name>
			</possibleresult>
			<points>
				<point>979.000000,793.000000</point>
				<point>969.000000,787.000000</point>
				<point>993.000000,747.000000</point>
				<point>1003.000000,753.000000</point>
				<point>979.000000,793.000000</point>
			</points>
		</object>
		<object>
			<coordinate>pixel</coordinate>
			<type>rectangle</type>
			<description>None</description>
			<possibleresult>
				<name>Trailer</name>
			</possibleresult>
			<points>
				<point>990.000000,797.000000</point>
				<point>969.000000,836.000000</point>
				<point>959.000000,830.000000</point>
				<point>982.000000,791.000000</point>
				<point>990.000000,797.000000</point>
			</points>
		</object>
		<object>
			<coordinate>pixel</coordinate>
			<type>rectangle</type>
			<description>None</description>
			<possibleresult>
				<name>Trailer</name>
			</possibleresult>
			<points>
				<point>1000.000000,782.000000</point>
				<point>993.000000,794.000000</point>
				<point>984.000000,788.000000</point>
				<point>1000.000000,763.000000</point>
				<point>1000.000000,782.000000</point>
			</points>
		</object>
		<object>
			<coordinate>pixel</coordinate>
			<type>rectangle</type>
			<description>None</description>
			<possibleresult>
				<name>Trailer</name>
			</possibleresult>
			<points>
				<point>826.000000,636.000000</point>
				<point>804.000000,672.000000</point>
				<point>796.000000,668.000000</point>
				<point>818.000000,631.000000</point>
				<point>826.000000,636.000000</point>
			</points>
		</object>
		<object>
			<coordinate>pixel</coordinate>
			<type>rectangle</type>
			<description>None</description>
			<possibleresult>
				<name>Trailer</name>
			</possibleresult>
			<points>
				<point>838.000000,640.000000</point>
				<point>815.000000,677.000000</point>
				<point>806.000000,672.000000</point>
				<point>829.000000,635.000000</point>
				<point>838.000000,640.000000</point>
			</points>
		</object>
		<object>
			<coordinate>pixel</coordinate>
			<type>rectangle</type>
			<description>None</description>
			<possibleresult>
				<name>Trailer</name>
			</possibleresult>
			<points>
				<point>814.000000,678.000000</point>
				<point>802.000000,698.000000</point>
				<point>794.000000,693.000000</point>
				<point>806.000000,674.000000</point>
				<point>814.000000,678.000000</point>
			</points>
		</object>
		<object>
			<coordinate>pixel</coordinate>
			<type>rectangle</type>
			<description>None</description>
			<possibleresult>
				<name>Trailer</name>
			</possibleresult>
			<points>
				<point>826.000000,682.000000</point>
				<point>805.000000,717.000000</point>
				<point>797.000000,712.000000</point>
				<point>818.000000,677.000000</point>
				<point>826.000000,682.000000</point>
			</points>
		</object>
		<object>
			<coordinate>pixel</coordinate>
			<type>rectangle</type>
			<description>None</description>
			<possibleresult>
				<name>Trailer</name>
			</possibleresult>
			<points>
				<point>830.000000,699.000000</point>
				<point>814.000000,727.000000</point>
				<point>804.000000,722.000000</point>
				<point>821.000000,693.000000</point>
				<point>830.000000,699.000000</point>
			</points>
		</object>
		<object>
			<coordinate>pixel</coordinate>
			<type>rectangle</type>
			<description>None</description>
			<possibleresult>
				<name>Trailer</name>
			</possibleresult>
			<points>
				<point>843.000000,679.000000</point>
				<point>831.000000,699.000000</point>
				<point>821.000000,693.000000</point>
				<point>833.000000,673.000000</point>
				<point>843.000000,679.000000</point>
			</points>
		</object>
		<object>
			<coordinate>pixel</coordinate>
			<type>rectangle</type>
			<description>None</description>
			<possibleresult>
				<name>Trailer</name>
			</possibleresult>
			<points>
				<point>867.000000,639.000000</point>
				<point>850.000000,668.000000</point>
				<point>839.000000,663.000000</point>
				<point>857.000000,634.000000</point>
				<point>867.000000,639.000000</point>
			</points>
		</object>
		<object>
			<coordinate>pixel</coordinate>
			<type>rectangle</type>
			<description>None</description>
			<possibleresult>
				<name>Trailer</name>
			</possibleresult>
			<points>
				<point>832.000000,585.000000</point>
				<point>809.000000,624.000000</point>
				<point>798.000000,618.000000</point>
				<point>821.000000,579.000000</point>
				<point>832.000000,585.000000</point>
			</points>
		</object>
		<object>
			<coordinate>pixel</coordinate>
			<type>rectangle</type>
			<description>None</description>
			<possibleresult>
				<name>Van</name>
			</possibleresult>
			<points>
				<point>81.000000,528.000000</point>
				<point>67.000000,540.000000</point>
				<point>62.000000,534.000000</point>
				<point>76.000000,522.000000</point>
				<point>81.000000,528.000000</point>
			</points>
		</object>
		<object>
			<coordinate>pixel</coordinate>
			<type>rectangle</type>
			<description>None</description>
			<possibleresult>
				<name>Small Car</name>
			</possibleresult>
			<points>
				<point>143.000000,496.000000</point>
				<point>131.000000,506.000000</point>
				<point>127.000000,501.000000</point>
				<point>139.000000,491.000000</point>
				<point>143.000000,496.000000</point>
			</points>
		</object>
		<object>
			<coordinate>pixel</coordinate>
			<type>rectangle</type>
			<description>None</description>
			<possibleresult>
				<name>Small Car</name>
			</possibleresult>
			<points>
				<point>158.000000,484.000000</point>
				<point>144.000000,495.000000</point>
				<point>140.000000,490.000000</point>
				<point>154.000000,479.000000</point>
				<point>158.000000,484.000000</point>
			</points>
		</object>
		<object>
			<coordinate>pixel</coordinate>
			<type>rectangle</type>
			<description>None</description>
			<possibleresult>
				<name>Small Car</name>
			</possibleresult>
			<points>
				<point>140.000000,486.000000</point>
				<point>126.000000,497.000000</point>
				<point>122.000000,492.000000</point>
				<point>135.000000,481.000000</point>
				<point>140.000000,486.000000</point>
			</points>
		</object>
		<object>
			<coordinate>pixel</coordinate>
			<type>rectangle</type>
			<description>None</description>
			<possibleresult>
				<name>Small Car</name>
			</possibleresult>
			<points>
				<point>150.000000,477.000000</point>
				<point>141.000000,484.000000</point>
				<point>138.000000,479.000000</point>
				<point>146.000000,473.000000</point>
				<point>150.000000,477.000000</point>
			</points>
		</object>
		<object>
			<coordinate>pixel</coordinate>
			<type>rectangle</type>
			<description>None</description>
			<possibleresult>
				<name>Small Car</name>
			</possibleresult>
			<points>
				<point>140.000000,470.000000</point>
				<point>128.000000,480.000000</point>
				<point>124.000000,475.000000</point>
				<point>136.000000,465.000000</point>
				<point>140.000000,470.000000</point>
			</points>
		</object>
		<object>
			<coordinate>pixel</coordinate>
			<type>rectangle</type>
			<description>None</description>
			<possibleresult>
				<name>Small Car</name>
			</possibleresult>
			<points>
				<point>127.000000,481.000000</point>
				<point>114.000000,492.000000</point>
				<point>109.000000,486.000000</point>
				<point>122.000000,475.000000</point>
				<point>127.000000,481.000000</point>
			</points>
		</object>
		<object>
			<coordinate>pixel</coordinate>
			<type>rectangle</type>
			<description>None</description>
			<possibleresult>
				<name>Van</name>
			</possibleresult>
			<points>
				<point>96.000000,510.000000</point>
				<point>84.000000,520.000000</point>
				<point>80.000000,516.000000</point>
				<point>92.000000,506.000000</point>
				<point>96.000000,510.000000</point>
			</points>
		</object>
		<object>
			<coordinate>pixel</coordinate>
			<type>rectangle</type>
			<description>None</description>
			<possibleresult>
				<name>Van</name>
			</possibleresult>
			<points>
				<point>73.000000,521.000000</point>
				<point>61.000000,531.000000</point>
				<point>57.000000,526.000000</point>
				<point>69.000000,516.000000</point>
				<point>73.000000,521.000000</point>
			</points>
		</object>
		<object>
			<coordinate>pixel</coordinate>
			<type>rectangle</type>
			<description>None</description>
			<possibleresult>
				<name>Van</name>
			</possibleresult>
			<points>
				<point>105.000000,519.000000</point>
				<point>92.000000,529.000000</point>
				<point>88.000000,525.000000</point>
				<point>101.000000,514.000000</point>
				<point>105.000000,519.000000</point>
			</points>
		</object>
		<object>
			<coordinate>pixel</coordinate>
			<type>rectangle</type>
			<description>None</description>
			<possibleresult>
				<name>Van</name>
			</possibleresult>
			<points>
				<point>124.000000,536.000000</point>
				<point>111.000000,547.000000</point>
				<point>107.000000,542.000000</point>
				<point>120.000000,531.000000</point>
				<point>124.000000,536.000000</point>
			</points>
		</object>
		<object>
			<coordinate>pixel</coordinate>
			<type>rectangle</type>
			<description>None</description>
			<possibleresult>
				<name>Van</name>
			</possibleresult>
			<points>
				<point>160.000000,512.000000</point>
				<point>148.000000,521.000000</point>
				<point>144.000000,516.000000</point>
				<point>156.000000,506.000000</point>
				<point>160.000000,512.000000</point>
			</points>
		</object>
		<object>
			<coordinate>pixel</coordinate>
			<type>rectangle</type>
			<description>None</description>
			<possibleresult>
				<name>Van</name>
			</possibleresult>
			<points>
				<point>175.000000,499.000000</point>
				<point>162.000000,510.000000</point>
				<point>158.000000,505.000000</point>
				<point>171.000000,494.000000</point>
				<point>175.000000,499.000000</point>
			</points>
		</object>
		<object>
			<coordinate>pixel</coordinate>
			<type>rectangle</type>
			<description>None</description>
			<possibleresult>
				<name>Van</name>
			</possibleresult>
			<points>
				<point>176.000000,526.000000</point>
				<point>165.000000,535.000000</point>
				<point>160.000000,530.000000</point>
				<point>172.000000,521.000000</point>
				<point>176.000000,526.000000</point>
			</points>
		</object>
		<object>
			<coordinate>pixel</coordinate>
			<type>rectangle</type>
			<description>None</description>
			<possibleresult>
				<name>Van</name>
			</possibleresult>
			<points>
				<point>193.000000,514.000000</point>
				<point>178.000000,526.000000</point>
				<point>173.000000,520.000000</point>
				<point>188.000000,508.000000</point>
				<point>193.000000,514.000000</point>
			</points>
		</object>
		<object>
			<coordinate>pixel</coordinate>
			<type>rectangle</type>
			<description>None</description>
			<possibleresult>
				<name>Van</name>
			</possibleresult>
			<points>
				<point>208.000000,530.000000</point>
				<point>198.000000,539.000000</point>
				<point>193.000000,533.000000</point>
				<point>204.000000,524.000000</point>
				<point>208.000000,530.000000</point>
			</points>
		</object>
		<object>
			<coordinate>pixel</coordinate>
			<type>rectangle</type>
			<description>None</description>
			<possibleresult>
				<name>Van</name>
			</possibleresult>
			<points>
				<point>124.000000,562.000000</point>
				<point>109.000000,574.000000</point>
				<point>105.000000,570.000000</point>
				<point>120.000000,557.000000</point>
				<point>124.000000,562.000000</point>
			</points>
		</object>
		<object>
			<coordinate>pixel</coordinate>
			<type>rectangle</type>
			<description>None</description>
			<possibleresult>
				<name>Van</name>
			</possibleresult>
			<points>
				<point>143.000000,549.000000</point>
				<point>130.000000,559.000000</point>
				<point>126.000000,554.000000</point>
				<point>139.000000,543.000000</point>
				<point>143.000000,549.000000</point>
			</points>
		</object>
		<object>
			<coordinate>pixel</coordinate>
			<type>rectangle</type>
			<description>None</description>
			<possibleresult>
				<name>Van</name>
			</possibleresult>
			<points>
				<point>133.000000,544.000000</point>
				<point>123.000000,553.000000</point>
				<point>118.000000,548.000000</point>
				<point>129.000000,539.000000</point>
				<point>133.000000,544.000000</point>
			</points>
		</object>
		<object>
			<coordinate>pixel</coordinate>
			<type>rectangle</type>
			<description>None</description>
			<possibleresult>
				<name>Van</name>
			</possibleresult>
			<points>
				<point>159.000000,570.000000</point>
				<point>146.000000,580.000000</point>
				<point>142.000000,575.000000</point>
				<point>154.000000,565.000000</point>
				<point>159.000000,570.000000</point>
			</points>
		</object>
		<object>
			<coordinate>pixel</coordinate>
			<type>rectangle</type>
			<description>None</description>
			<possibleresult>
				<name>Van</name>
			</possibleresult>
			<points>
				<point>141.000000,583.000000</point>
				<point>130.000000,592.000000</point>
				<point>126.000000,588.000000</point>
				<point>138.000000,578.000000</point>
				<point>141.000000,583.000000</point>
			</points>
		</object>
		<object>
			<coordinate>pixel</coordinate>
			<type>rectangle</type>
			<description>None</description>
			<possibleresult>
				<name>Van</name>
			</possibleresult>
			<points>
				<point>203.000000,548.000000</point>
				<point>193.000000,556.000000</point>
				<point>190.000000,552.000000</point>
				<point>199.000000,544.000000</point>
				<point>203.000000,548.000000</point>
			</points>
		</object>
		<object>
			<coordinate>pixel</coordinate>
			<type>rectangle</type>
			<description>None</description>
			<possibleresult>
				<name>Van</name>
			</possibleresult>
			<points>
				<point>218.000000,536.000000</point>
				<point>203.000000,548.000000</point>
				<point>200.000000,543.000000</point>
				<point>214.000000,532.000000</point>
				<point>218.000000,536.000000</point>
			</points>
		</object>
		<object>
			<coordinate>pixel</coordinate>
			<type>rectangle</type>
			<description>None</description>
			<possibleresult>
				<name>Van</name>
			</possibleresult>
			<points>
				<point>226.000000,545.000000</point>
				<point>215.000000,553.000000</point>
				<point>211.000000,547.000000</point>
				<point>221.000000,539.000000</point>
				<point>226.000000,545.000000</point>
			</points>
		</object>
		<object>
			<coordinate>pixel</coordinate>
			<type>rectangle</type>
			<description>None</description>
			<possibleresult>
				<name>Van</name>
			</possibleresult>
			<points>
				<point>212.000000,556.000000</point>
				<point>199.000000,567.000000</point>
				<point>193.000000,561.000000</point>
				<point>207.000000,551.000000</point>
				<point>212.000000,556.000000</point>
			</points>
		</object>
		<object>
			<coordinate>pixel</coordinate>
			<type>rectangle</type>
			<description>None</description>
			<possibleresult>
				<name>Van</name>
			</possibleresult>
			<points>
				<point>233.000000,552.000000</point>
				<point>223.000000,560.000000</point>
				<point>220.000000,555.000000</point>
				<point>229.000000,547.000000</point>
				<point>233.000000,552.000000</point>
			</points>
		</object>
		<object>
			<coordinate>pixel</coordinate>
			<type>rectangle</type>
			<description>None</description>
			<possibleresult>
				<name>Van</name>
			</possibleresult>
			<points>
				<point>242.000000,559.000000</point>
				<point>233.000000,566.000000</point>
				<point>229.000000,562.000000</point>
				<point>238.000000,554.000000</point>
				<point>242.000000,559.000000</point>
			</points>
		</object>
		<object>
			<coordinate>pixel</coordinate>
			<type>rectangle</type>
			<description>None</description>
			<possibleresult>
				<name>Van</name>
			</possibleresult>
			<points>
				<point>233.000000,568.000000</point>
				<point>218.000000,580.000000</point>
				<point>213.000000,574.000000</point>
				<point>228.000000,561.000000</point>
				<point>233.000000,568.000000</point>
			</points>
		</object>
		<object>
			<coordinate>pixel</coordinate>
			<type>rectangle</type>
			<description>None</description>
			<possibleresult>
				<name>Van</name>
			</possibleresult>
			<points>
				<point>238.000000,576.000000</point>
				<point>224.000000,587.000000</point>
				<point>221.000000,582.000000</point>
				<point>234.000000,571.000000</point>
				<point>238.000000,576.000000</point>
			</points>
		</object>
		<object>
			<coordinate>pixel</coordinate>
			<type>rectangle</type>
			<description>None</description>
			<possibleresult>
				<name>Van</name>
			</possibleresult>
			<points>
				<point>251.000000,567.000000</point>
				<point>238.000000,576.000000</point>
				<point>235.000000,571.000000</point>
				<point>247.000000,561.000000</point>
				<point>251.000000,567.000000</point>
			</points>
		</object>
		<object>
			<coordinate>pixel</coordinate>
			<type>rectangle</type>
			<description>None</description>
			<possibleresult>
				<name>Van</name>
			</possibleresult>
			<points>
				<point>260.000000,573.000000</point>
				<point>247.000000,583.000000</point>
				<point>243.000000,578.000000</point>
				<point>256.000000,568.000000</point>
				<point>260.000000,573.000000</point>
			</points>
		</object>
		<object>
			<coordinate>pixel</coordinate>
			<type>rectangle</type>
			<description>None</description>
			<possibleresult>
				<name>Van</name>
			</possibleresult>
			<points>
				<point>247.000000,584.000000</point>
				<point>236.000000,593.000000</point>
				<point>231.000000,588.000000</point>
				<point>242.000000,579.000000</point>
				<point>247.000000,584.000000</point>
			</points>
		</object>
		<object>
			<coordinate>pixel</coordinate>
			<type>rectangle</type>
			<description>None</description>
			<possibleresult>
				<name>Van</name>
			</possibleresult>
			<points>
				<point>259.000000,589.000000</point>
				<point>247.000000,599.000000</point>
				<point>243.000000,593.000000</point>
				<point>253.000000,584.000000</point>
				<point>259.000000,589.000000</point>
			</points>
		</object>
		<object>
			<coordinate>pixel</coordinate>
			<type>rectangle</type>
			<description>None</description>
			<possibleresult>
				<name>Van</name>
			</possibleresult>
			<points>
				<point>268.000000,580.000000</point>
				<point>259.000000,588.000000</point>
				<point>256.000000,583.000000</point>
				<point>266.000000,575.000000</point>
				<point>268.000000,580.000000</point>
			</points>
		</object>
		<object>
			<coordinate>pixel</coordinate>
			<type>rectangle</type>
			<description>None</description>
			<possibleresult>
				<name>Van</name>
			</possibleresult>
			<points>
				<point>148.000000,592.000000</point>
				<point>133.000000,605.000000</point>
				<point>128.000000,599.000000</point>
				<point>143.000000,586.000000</point>
				<point>148.000000,592.000000</point>
			</points>
		</object>
		<object>
			<coordinate>pixel</coordinate>
			<type>rectangle</type>
			<description>None</description>
			<possibleresult>
				<name>Cargo Truck</name>
			</possibleresult>
			<points>
				<point>176.000000,584.000000</point>
				<point>151.000000,605.000000</point>
				<point>145.000000,598.000000</point>
				<point>170.000000,577.000000</point>
				<point>176.000000,584.000000</point>
			</points>
		</object>
		<object>
			<coordinate>pixel</coordinate>
			<type>rectangle</type>
			<description>None</description>
			<possibleresult>
				<name>Cargo Truck</name>
			</possibleresult>
			<points>
				<point>148.000000,608.000000</point>
				<point>122.000000,629.000000</point>
				<point>115.000000,621.000000</point>
				<point>141.000000,600.000000</point>
				<point>148.000000,608.000000</point>
			</points>
		</object>
		<object>
			<coordinate>pixel</coordinate>
			<type>rectangle</type>
			<description>None</description>
			<possibleresult>
				<name>Cargo Truck</name>
			</possibleresult>
			<points>
				<point>159.000000,614.000000</point>
				<point>131.000000,637.000000</point>
				<point>124.000000,628.000000</point>
				<point>152.000000,606.000000</point>
				<point>159.000000,614.000000</point>
			</points>
		</object>
		<object>
			<coordinate>pixel</coordinate>
			<type>rectangle</type>
			<description>None</description>
			<possibleresult>
				<name>Cargo Truck</name>
			</possibleresult>
			<points>
				<point>185.000000,592.000000</point>
				<point>160.000000,612.000000</point>
				<point>154.000000,604.000000</point>
				<point>178.000000,584.000000</point>
				<point>185.000000,592.000000</point>
			</points>
		</object>
		<object>
			<coordinate>pixel</coordinate>
			<type>rectangle</type>
			<description>None</description>
			<possibleresult>
				<name>Cargo Truck</name>
			</possibleresult>
			<points>
				<point>196.000000,597.000000</point>
				<point>169.000000,619.000000</point>
				<point>163.000000,611.000000</point>
				<point>190.000000,589.000000</point>
				<point>196.000000,597.000000</point>
			</points>
		</object>
		<object>
			<coordinate>pixel</coordinate>
			<type>rectangle</type>
			<description>None</description>
			<possibleresult>
				<name>Cargo Truck</name>
			</possibleresult>
			<points>
				<point>161.000000,627.000000</point>
				<point>142.000000,643.000000</point>
				<point>136.000000,636.000000</point>
				<point>155.000000,619.000000</point>
				<point>161.000000,627.000000</point>
			</points>
		</object>
		<object>
			<coordinate>pixel</coordinate>
			<type>rectangle</type>
			<description>None</description>
			<possibleresult>
				<name>Cargo Truck</name>
			</possibleresult>
			<points>
				<point>169.000000,634.000000</point>
				<point>150.000000,649.000000</point>
				<point>144.000000,642.000000</point>
				<point>163.000000,627.000000</point>
				<point>169.000000,634.000000</point>
			</points>
		</object>
		<object>
			<coordinate>pixel</coordinate>
			<type>rectangle</type>
			<description>None</description>
			<possibleresult>
				<name>Cargo Truck</name>
			</possibleresult>
			<points>
				<point>204.000000,604.000000</point>
				<point>177.000000,627.000000</point>
				<point>171.000000,619.000000</point>
				<point>198.000000,597.000000</point>
				<point>204.000000,604.000000</point>
			</points>
		</object>
		<object>
			<coordinate>pixel</coordinate>
			<type>rectangle</type>
			<description>None</description>
			<possibleresult>
				<name>Cargo Truck</name>
			</possibleresult>
			<points>
				<point>211.000000,612.000000</point>
				<point>181.000000,636.000000</point>
				<point>174.000000,628.000000</point>
				<point>205.000000,604.000000</point>
				<point>211.000000,612.000000</point>
			</points>
		</object>
		<object>
			<coordinate>pixel</coordinate>
			<type>rectangle</type>
			<description>None</description>
			<possibleresult>
				<name>Bus</name>
			</possibleresult>
			<points>
				<point>130.000000,606.000000</point>
				<point>121.000000,613.000000</point>
				<point>118.000000,608.000000</point>
				<point>126.000000,602.000000</point>
				<point>130.000000,606.000000</point>
			</points>
		</object>
		<object>
			<coordinate>pixel</coordinate>
			<type>rectangle</type>
			<description>None</description>
			<possibleresult>
				<name>Cargo Truck</name>
			</possibleresult>
			<points>
				<point>222.000000,619.000000</point>
				<point>195.000000,641.000000</point>
				<point>188.000000,632.000000</point>
				<point>215.000000,610.000000</point>
				<point>222.000000,619.000000</point>
			</points>
		</object>
		<object>
			<coordinate>pixel</coordinate>
			<type>rectangle</type>
			<description>None</description>
			<possibleresult>
				<name>Van</name>
			</possibleresult>
			<points>
				<point>274.000000,604.000000</point>
				<point>263.000000,613.000000</point>
				<point>259.000000,608.000000</point>
				<point>269.000000,599.000000</point>
				<point>274.000000,604.000000</point>
			</points>
		</object>
		<object>
			<coordinate>pixel</coordinate>
			<type>rectangle</type>
			<description>None</description>
			<possibleresult>
				<name>Van</name>
			</possibleresult>
			<points>
				<point>287.000000,593.000000</point>
				<point>277.000000,602.000000</point>
				<point>273.000000,597.000000</point>
				<point>283.000000,589.000000</point>
				<point>287.000000,593.000000</point>
			</points>
		</object>
		<object>
			<coordinate>pixel</coordinate>
			<type>rectangle</type>
			<description>None</description>
			<possibleresult>
				<name>Van</name>
			</possibleresult>
			<points>
				<point>281.000000,612.000000</point>
				<point>269.000000,621.000000</point>
				<point>266.000000,616.000000</point>
				<point>277.000000,607.000000</point>
				<point>281.000000,612.000000</point>
			</points>
		</object>
		<object>
			<coordinate>pixel</coordinate>
			<type>rectangle</type>
			<description>None</description>
			<possibleresult>
				<name>Van</name>
			</possibleresult>
			<points>
				<point>295.000000,601.000000</point>
				<point>282.000000,612.000000</point>
				<point>278.000000,606.000000</point>
				<point>291.000000,596.000000</point>
				<point>295.000000,601.000000</point>
			</points>
		</object>
		<object>
			<coordinate>pixel</coordinate>
			<type>rectangle</type>
			<description>None</description>
			<possibleresult>
				<name>Van</name>
			</possibleresult>
			<points>
				<point>301.000000,609.000000</point>
				<point>283.000000,623.000000</point>
				<point>280.000000,618.000000</point>
				<point>297.000000,604.000000</point>
				<point>301.000000,609.000000</point>
			</points>
		</object>
		<object>
			<coordinate>pixel</coordinate>
			<type>rectangle</type>
			<description>None</description>
			<possibleresult>
				<name>Van</name>
			</possibleresult>
			<points>
				<point>311.000000,615.000000</point>
				<point>297.000000,627.000000</point>
				<point>293.000000,621.000000</point>
				<point>307.000000,609.000000</point>
				<point>311.000000,615.000000</point>
			</points>
		</object>
		<object>
			<coordinate>pixel</coordinate>
			<type>rectangle</type>
			<description>None</description>
			<possibleresult>
				<name>Van</name>
			</possibleresult>
			<points>
				<point>302.000000,635.000000</point>
				<point>291.000000,644.000000</point>
				<point>288.000000,640.000000</point>
				<point>298.000000,631.000000</point>
				<point>302.000000,635.000000</point>
			</points>
		</object>
		<object>
			<coordinate>pixel</coordinate>
			<type>rectangle</type>
			<description>None</description>
			<possibleresult>
				<name>Van</name>
			</possibleresult>
			<points>
				<point>319.000000,622.000000</point>
				<point>304.000000,634.000000</point>
				<point>299.000000,629.000000</point>
				<point>313.000000,617.000000</point>
				<point>319.000000,622.000000</point>
			</points>
		</object>
		<object>
			<coordinate>pixel</coordinate>
			<type>rectangle</type>
			<description>None</description>
			<possibleresult>
				<name>Cargo Truck</name>
			</possibleresult>
			<points>
				<point>328.000000,630.000000</point>
				<point>299.000000,652.000000</point>
				<point>294.000000,645.000000</point>
				<point>322.000000,623.000000</point>
				<point>328.000000,630.000000</point>
			</points>
		</object>
		<object>
			<coordinate>pixel</coordinate>
			<type>rectangle</type>
			<description>None</description>
			<possibleresult>
				<name>Cargo Truck</name>
			</possibleresult>
			<points>
				<point>338.000000,639.000000</point>
				<point>310.000000,662.000000</point>
				<point>303.000000,653.000000</point>
				<point>331.000000,631.000000</point>
				<point>338.000000,639.000000</point>
			</points>
		</object>
		<object>
			<coordinate>pixel</coordinate>
			<type>rectangle</type>
			<description>None</description>
			<possibleresult>
				<name>Van</name>
			</possibleresult>
			<points>
				<point>347.000000,646.000000</point>
				<point>336.000000,655.000000</point>
				<point>332.000000,650.000000</point>
				<point>343.000000,641.000000</point>
				<point>347.000000,646.000000</point>
			</points>
		</object>
		<object>
			<coordinate>pixel</coordinate>
			<type>rectangle</type>
			<description>None</description>
			<possibleresult>
				<name>Van</name>
			</possibleresult>
			<points>
				<point>355.000000,652.000000</point>
				<point>343.000000,662.000000</point>
				<point>338.000000,657.000000</point>
				<point>351.000000,647.000000</point>
				<point>355.000000,652.000000</point>
			</points>
		</object>
		<object>
			<coordinate>pixel</coordinate>
			<type>rectangle</type>
			<description>None</description>
			<possibleresult>
				<name>Van</name>
			</possibleresult>
			<points>
				<point>383.000000,1005.000000</point>
				<point>365.000000,998.000000</point>
				<point>367.000000,992.000000</point>
				<point>385.000000,999.000000</point>
				<point>383.000000,1005.000000</point>
			</points>
		</object>
		<object>
			<coordinate>pixel</coordinate>
			<type>rectangle</type>
			<description>None</description>
			<possibleresult>
				<name>Van</name>
			</possibleresult>
			<points>
				<point>387.000000,991.000000</point>
				<point>385.000000,996.000000</point>
				<point>373.000000,991.000000</point>
				<point>374.000000,987.000000</point>
				<point>387.000000,991.000000</point>
			</points>
		</object>
		<object>
			<coordinate>pixel</coordinate>
			<type>rectangle</type>
			<description>None</description>
			<possibleresult>
				<name>Van</name>
			</possibleresult>
			<points>
				<point>392.000000,984.000000</point>
				<point>389.000000,989.000000</point>
				<point>377.000000,984.000000</point>
				<point>379.000000,979.000000</point>
				<point>392.000000,984.000000</point>
			</points>
		</object>
		<object>
			<coordinate>pixel</coordinate>
			<type>rectangle</type>
			<description>None</description>
			<possibleresult>
				<name>Van</name>
			</possibleresult>
			<points>
				<point>398.000000,977.000000</point>
				<point>396.000000,982.000000</point>
				<point>381.000000,977.000000</point>
				<point>383.000000,971.000000</point>
				<point>398.000000,977.000000</point>
			</points>
		</object>
		<object>
			<coordinate>pixel</coordinate>
			<type>rectangle</type>
			<description>None</description>
			<possibleresult>
				<name>Van</name>
			</possibleresult>
			<points>
				<point>344.000000,994.000000</point>
				<point>336.000000,1000.000000</point>
				<point>326.000000,1000.000000</point>
				<point>340.000000,989.000000</point>
				<point>344.000000,994.000000</point>
			</points>
		</object>
		<object>
			<coordinate>pixel</coordinate>
			<type>rectangle</type>
			<description>None</description>
			<possibleresult>
				<name>Van</name>
			</possibleresult>
			<points>
				<point>484.000000,775.000000</point>
				<point>476.000000,776.000000</point>
				<point>472.000000,759.000000</point>
				<point>479.000000,757.000000</point>
				<point>484.000000,775.000000</point>
			</points>
		</object>
		<object>
			<coordinate>pixel</coordinate>
			<type>rectangle</type>
			<description>None</description>
			<possibleresult>
				<name>Cargo Truck</name>
			</possibleresult>
			<points>
				<point>174.000000,688.000000</point>
				<point>168.000000,695.000000</point>
				<point>131.000000,665.000000</point>
				<point>137.000000,658.000000</point>
				<point>174.000000,688.000000</point>
			</points>
		</object>
		<object>
			<coordinate>pixel</coordinate>
			<type>rectangle</type>
			<description>None</description>
			<possibleresult>
				<name>Van</name>
			</possibleresult>
			<points>
				<point>108.000000,626.000000</point>
				<point>103.000000,630.000000</point>
				<point>93.000000,620.000000</point>
				<point>97.000000,616.000000</point>
				<point>108.000000,626.000000</point>
			</points>
		</object>
		<object>
			<coordinate>pixel</coordinate>
			<type>rectangle</type>
			<description>None</description>
			<possibleresult>
				<name>Small Car</name>
			</possibleresult>
			<points>
				<point>131.000000,645.000000</point>
				<point>127.000000,649.000000</point>
				<point>114.000000,638.000000</point>
				<point>117.000000,634.000000</point>
				<point>131.000000,645.000000</point>
			</points>
		</object>
		<object>
			<coordinate>pixel</coordinate>
			<type>rectangle</type>
			<description>None</description>
			<possibleresult>
				<name>Small Car</name>
			</possibleresult>
			<points>
				<point>92.000000,612.000000</point>
				<point>88.000000,616.000000</point>
				<point>80.000000,608.000000</point>
				<point>83.000000,604.000000</point>
				<point>92.000000,612.000000</point>
			</points>
		</object>
		<object>
			<coordinate>pixel</coordinate>
			<type>rectangle</type>
			<description>None</description>
			<possibleresult>
				<name>Small Car</name>
			</possibleresult>
			<points>
				<point>79.000000,601.000000</point>
				<point>75.000000,605.000000</point>
				<point>63.000000,595.000000</point>
				<point>68.000000,590.000000</point>
				<point>79.000000,601.000000</point>
			</points>
		</object>
		<object>
			<coordinate>pixel</coordinate>
			<type>rectangle</type>
			<description>None</description>
			<possibleresult>
				<name>Small Car</name>
			</possibleresult>
			<points>
				<point>85.000000,564.000000</point>
				<point>81.000000,568.000000</point>
				<point>73.000000,560.000000</point>
				<point>77.000000,556.000000</point>
				<point>85.000000,564.000000</point>
			</points>
		</object>
		<object>
			<coordinate>pixel</coordinate>
			<type>rectangle</type>
			<description>None</description>
			<possibleresult>
				<name>Small Car</name>
			</possibleresult>
			<points>
				<point>50.000000,825.000000</point>
				<point>46.000000,830.000000</point>
				<point>33.000000,818.000000</point>
				<point>37.000000,813.000000</point>
				<point>50.000000,825.000000</point>
			</points>
		</object>
		<object>
			<coordinate>pixel</coordinate>
			<type>rectangle</type>
			<description>None</description>
			<possibleresult>
				<name>Van</name>
			</possibleresult>
			<points>
				<point>69.000000,841.000000</point>
				<point>65.000000,845.000000</point>
				<point>55.000000,836.000000</point>
				<point>58.000000,831.000000</point>
				<point>69.000000,841.000000</point>
			</points>
		</object>
		<object>
			<coordinate>pixel</coordinate>
			<type>rectangle</type>
			<description>None</description>
			<possibleresult>
				<name>Van</name>
			</possibleresult>
			<points>
				<point>88.000000,859.000000</point>
				<point>85.000000,863.000000</point>
				<point>71.000000,850.000000</point>
				<point>75.000000,846.000000</point>
				<point>88.000000,859.000000</point>
			</points>
		</object>
		<object>
			<coordinate>pixel</coordinate>
			<type>rectangle</type>
			<description>None</description>
			<possibleresult>
				<name>Van</name>
			</possibleresult>
			<points>
				<point>107.000000,875.000000</point>
				<point>103.000000,879.000000</point>
				<point>94.000000,870.000000</point>
				<point>97.000000,866.000000</point>
				<point>107.000000,875.000000</point>
			</points>
		</object>
		<object>
			<coordinate>pixel</coordinate>
			<type>rectangle</type>
			<description>None</description>
			<possibleresult>
				<name>Van</name>
			</possibleresult>
			<points>
				<point>131.000000,895.000000</point>
				<point>127.000000,900.000000</point>
				<point>113.000000,888.000000</point>
				<point>118.000000,883.000000</point>
				<point>131.000000,895.000000</point>
			</points>
		</object>
		<object>
			<coordinate>pixel</coordinate>
			<type>rectangle</type>
			<description>None</description>
			<possibleresult>
				<name>Van</name>
			</possibleresult>
			<points>
				<point>148.000000,909.000000</point>
				<point>143.000000,914.000000</point>
				<point>131.000000,903.000000</point>
				<point>136.000000,898.000000</point>
				<point>148.000000,909.000000</point>
			</points>
		</object>
		<object>
			<coordinate>pixel</coordinate>
			<type>rectangle</type>
			<description>None</description>
			<possibleresult>
				<name>Van</name>
			</possibleresult>
			<points>
				<point>166.000000,926.000000</point>
				<point>162.000000,931.000000</point>
				<point>150.000000,919.000000</point>
				<point>154.000000,915.000000</point>
				<point>166.000000,926.000000</point>
			</points>
		</object>
		<object>
			<coordinate>pixel</coordinate>
			<type>rectangle</type>
			<description>None</description>
			<possibleresult>
				<name>Van</name>
			</possibleresult>
			<points>
				<point>206.000000,766.000000</point>
				<point>202.000000,770.000000</point>
				<point>188.000000,757.000000</point>
				<point>192.000000,753.000000</point>
				<point>206.000000,766.000000</point>
			</points>
		</object>
		<object>
			<coordinate>pixel</coordinate>
			<type>rectangle</type>
			<description>None</description>
			<possibleresult>
				<name>Van</name>
			</possibleresult>
			<points>
				<point>198.000000,771.000000</point>
				<point>193.000000,776.000000</point>
				<point>185.000000,767.000000</point>
				<point>189.000000,763.000000</point>
				<point>198.000000,771.000000</point>
			</points>
		</object>
		<object>
			<coordinate>pixel</coordinate>
			<type>rectangle</type>
			<description>None</description>
			<possibleresult>
				<name>Van</name>
			</possibleresult>
			<points>
				<point>276.000000,752.000000</point>
				<point>271.000000,758.000000</point>
				<point>256.000000,744.000000</point>
				<point>262.000000,738.000000</point>
				<point>276.000000,752.000000</point>
			</points>
		</object>
		<object>
			<coordinate>pixel</coordinate>
			<type>rectangle</type>
			<description>None</description>
			<possibleresult>
				<name>Van</name>
			</possibleresult>
			<points>
				<point>287.000000,764.000000</point>
				<point>283.000000,768.000000</point>
				<point>274.000000,759.000000</point>
				<point>278.000000,755.000000</point>
				<point>287.000000,764.000000</point>
			</points>
		</object>
		<object>
			<coordinate>pixel</coordinate>
			<type>rectangle</type>
			<description>None</description>
			<possibleresult>
				<name>Bus</name>
			</possibleresult>
			<points>
				<point>334.000000,820.000000</point>
				<point>329.000000,824.000000</point>
				<point>317.000000,812.000000</point>
				<point>322.000000,808.000000</point>
				<point>334.000000,820.000000</point>
			</points>
		</object>
		<object>
			<coordinate>pixel</coordinate>
			<type>rectangle</type>
			<description>None</description>
			<possibleresult>
				<name>Bus</name>
			</possibleresult>
			<points>
				<point>327.000000,747.000000</point>
				<point>321.000000,753.000000</point>
				<point>298.000000,732.000000</point>
				<point>304.000000,725.000000</point>
				<point>327.000000,747.000000</point>
			</points>
		</object>
		<object>
			<coordinate>pixel</coordinate>
			<type>rectangle</type>
			<description>None</description>
			<possibleresult>
				<name>Bus</name>
			</possibleresult>
			<points>
				<point>336.000000,738.000000</point>
				<point>328.000000,746.000000</point>
				<point>306.000000,724.000000</point>
				<point>313.000000,717.000000</point>
				<point>336.000000,738.000000</point>
			</points>
		</object>
		<object>
			<coordinate>pixel</coordinate>
			<type>rectangle</type>
			<description>None</description>
			<possibleresult>
				<name>Bus</name>
			</possibleresult>
			<points>
				<point>387.000000,699.000000</point>
				<point>383.000000,704.000000</point>
				<point>363.000000,685.000000</point>
				<point>367.000000,680.000000</point>
				<point>387.000000,699.000000</point>
			</points>
		</object>
		<object>
			<coordinate>pixel</coordinate>
			<type>rectangle</type>
			<description>None</description>
			<possibleresult>
				<name>Bus</name>
			</possibleresult>
			<points>
				<point>394.000000,690.000000</point>
				<point>389.000000,695.000000</point>
				<point>370.000000,679.000000</point>
				<point>374.000000,673.000000</point>
				<point>394.000000,690.000000</point>
			</points>
		</object>
		<object>
			<coordinate>pixel</coordinate>
			<type>rectangle</type>
			<description>None</description>
			<possibleresult>
				<name>Cargo Truck</name>
			</possibleresult>
			<points>
				<point>672.000000,350.000000</point>
				<point>658.000000,351.000000</point>
				<point>655.000000,293.000000</point>
				<point>669.000000,292.000000</point>
				<point>672.000000,350.000000</point>
			</points>
		</object>
		<object>
			<coordinate>pixel</coordinate>
			<type>rectangle</type>
			<description>None</description>
			<possibleresult>
				<name>Cargo Truck</name>
			</possibleresult>
			<points>
				<point>595.000000,245.000000</point>
				<point>594.000000,301.000000</point>
				<point>583.000000,301.000000</point>
				<point>583.000000,245.000000</point>
				<point>595.000000,245.000000</point>
			</points>
		</object>
		<object>
			<coordinate>pixel</coordinate>
			<type>rectangle</type>
			<description>None</description>
			<possibleresult>
				<name>Van</name>
			</possibleresult>
			<points>
				<point>576.000000,183.000000</point>
				<point>568.000000,183.000000</point>
				<point>568.000000,166.000000</point>
				<point>576.000000,166.000000</point>
				<point>576.000000,183.000000</point>
			</points>
		</object>
		<object>
			<coordinate>pixel</coordinate>
			<type>rectangle</type>
			<description>None</description>
			<possibleresult>
				<name>Cargo Truck</name>
			</possibleresult>
			<points>
				<point>596.000000,421.000000</point>
				<point>583.000000,420.000000</point>
				<point>584.000000,368.000000</point>
				<point>596.000000,368.000000</point>
				<point>596.000000,421.000000</point>
			</points>
		</object>
		<object>
			<coordinate>pixel</coordinate>
			<type>rectangle</type>
			<description>None</description>
			<possibleresult>
				<name>Van</name>
			</possibleresult>
			<points>
				<point>640.000000,386.000000</point>
				<point>632.000000,386.000000</point>
				<point>632.000000,371.000000</point>
				<point>640.000000,371.000000</point>
				<point>640.000000,386.000000</point>
			</points>
		</object>
		<object>
			<coordinate>pixel</coordinate>
			<type>rectangle</type>
			<description>None</description>
			<possibleresult>
				<name>Small Car</name>
			</possibleresult>
			<points>
				<point>633.000000,546.000000</point>
				<point>625.000000,547.000000</point>
				<point>623.000000,531.000000</point>
				<point>631.000000,530.000000</point>
				<point>633.000000,546.000000</point>
			</points>
		</object>
		<object>
			<coordinate>pixel</coordinate>
			<type>rectangle</type>
			<description>None</description>
			<possibleresult>
				<name>Small Car</name>
			</possibleresult>
			<points>
				<point>651.000000,488.000000</point>
				<point>643.000000,489.000000</point>
				<point>641.000000,474.000000</point>
				<point>649.000000,473.000000</point>
				<point>651.000000,488.000000</point>
			</points>
		</object>
		<object>
			<coordinate>pixel</coordinate>
			<type>rectangle</type>
			<description>None</description>
			<possibleresult>
				<name>Trailer</name>
			</possibleresult>
			<points>
				<point>656.000000,764.000000</point>
				<point>643.000000,767.000000</point>
				<point>632.000000,710.000000</point>
				<point>643.000000,707.000000</point>
				<point>656.000000,764.000000</point>
			</points>
		</object>
		<object>
			<coordinate>pixel</coordinate>
			<type>rectangle</type>
			<description>None</description>
			<possibleresult>
				<name>Cargo Truck</name>
			</possibleresult>
			<points>
				<point>661.000000,714.000000</point>
				<point>653.000000,715.000000</point>
				<point>651.000000,698.000000</point>
				<point>658.000000,697.000000</point>
				<point>661.000000,714.000000</point>
			</points>
		</object>
		<object>
			<coordinate>pixel</coordinate>
			<type>rectangle</type>
			<description>None</description>
			<possibleresult>
				<name>Van</name>
			</possibleresult>
			<points>
				<point>674.000000,858.000000</point>
				<point>667.000000,859.000000</point>
				<point>665.000000,842.000000</point>
				<point>673.000000,841.000000</point>
				<point>674.000000,858.000000</point>
			</points>
		</object>
		<object>
			<coordinate>pixel</coordinate>
			<type>rectangle</type>
			<description>None</description>
			<possibleresult>
				<name>Van</name>
			</possibleresult>
			<points>
				<point>436.000000,851.000000</point>
				<point>430.000000,851.000000</point>
				<point>428.000000,838.000000</point>
				<point>434.000000,837.000000</point>
				<point>436.000000,851.000000</point>
			</points>
		</object>
		<object>
			<coordinate>pixel</coordinate>
			<type>rectangle</type>
			<description>None</description>
			<possibleresult>
				<name>Van</name>
			</possibleresult>
			<points>
				<point>448.000000,845.000000</point>
				<point>441.000000,846.000000</point>
				<point>439.000000,832.000000</point>
				<point>447.000000,831.000000</point>
				<point>448.000000,845.000000</point>
			</points>
		</object>
		<object>
			<coordinate>pixel</coordinate>
			<type>rectangle</type>
			<description>None</description>
			<possibleresult>
				<name>Cargo Truck</name>
			</possibleresult>
			<points>
				<point>441.000000,871.000000</point>
				<point>419.000000,886.000000</point>
				<point>415.000000,879.000000</point>
				<point>436.000000,864.000000</point>
				<point>441.000000,871.000000</point>
			</points>
		</object>
		<object>
			<coordinate>pixel</coordinate>
			<type>rectangle</type>
			<description>None</description>
			<possibleresult>
				<name>Van</name>
			</possibleresult>
			<points>
				<point>824.000000,966.000000</point>
				<point>816.000000,967.000000</point>
				<point>815.000000,949.000000</point>
				<point>823.000000,949.000000</point>
				<point>824.000000,966.000000</point>
			</points>
		</object>
		<object>
			<coordinate>pixel</coordinate>
			<type>rectangle</type>
			<description>None</description>
			<possibleresult>
				<name>Trailer</name>
			</possibleresult>
			<points>
				<point>93.000000,794.000000</point>
				<point>55.000000,824.000000</point>
				<point>49.000000,817.000000</point>
				<point>87.000000,787.000000</point>
				<point>93.000000,794.000000</point>
			</points>
		</object>
		<object>
			<coordinate>pixel</coordinate>
			<type>rectangle</type>
			<description>None</description>
			<possibleresult>
				<name>Trailer</name>
			</possibleresult>
			<points>
				<point>64.000000,788.000000</point>
				<point>36.000000,810.000000</point>
				<point>28.000000,802.000000</point>
				<point>58.000000,779.000000</point>
				<point>64.000000,788.000000</point>
			</points>
		</object>
		<object>
			<coordinate>pixel</coordinate>
			<type>rectangle</type>
			<description>None</description>
			<possibleresult>
				<name>Cargo Truck</name>
			</possibleresult>
			<points>
				<point>84.000000,746.000000</point>
				<point>38.000000,782.000000</point>
				<point>31.000000,773.000000</point>
				<point>77.000000,737.000000</point>
				<point>84.000000,746.000000</point>
			</points>
		</object>
		<object>
			<coordinate>pixel</coordinate>
			<type>rectangle</type>
			<description>None</description>
			<possibleresult>
				<name>Cargo Truck</name>
			</possibleresult>
			<points>
				<point>65.000000,745.000000</point>
				<point>10.000000,789.000000</point>
				<point>4.000000,782.000000</point>
				<point>58.000000,738.000000</point>
				<point>65.000000,745.000000</point>
			</points>
		</object>
		<object>
			<coordinate>pixel</coordinate>
			<type>rectangle</type>
			<description>None</description>
			<possibleresult>
				<name>Trailer</name>
			</possibleresult>
			<points>
				<point>3.000000,781.000000</point>
				<point>-3.000000,772.000000</point>
				<point>63.000000,720.000000</point>
				<point>70.000000,729.000000</point>
				<point>3.000000,781.000000</point>
			</points>
		</object>
		<object>
			<coordinate>pixel</coordinate>
			<type>rectangle</type>
			<description>None</description>
			<possibleresult>
				<name>Trailer</name>
			</possibleresult>
			<points>
				<point>23.000000,751.000000</point>
				<point>0.000000,769.000000</point>
				<point>0.000000,757.000000</point>
				<point>18.000000,743.000000</point>
				<point>23.000000,751.000000</point>
			</points>
		</object>
		<object>
			<coordinate>pixel</coordinate>
			<type>rectangle</type>
			<description>None</description>
			<possibleresult>
				<name>Trailer</name>
			</possibleresult>
			<points>
				<point>24.000000,693.000000</point>
				<point>0.000000,713.000000</point>
				<point>0.000000,701.000000</point>
				<point>19.000000,685.000000</point>
				<point>24.000000,693.000000</point>
			</points>
		</object>
		<object>
			<coordinate>pixel</coordinate>
			<type>rectangle</type>
			<description>None</description>
			<possibleresult>
				<name>Trailer</name>
			</possibleresult>
			<points>
				<point>2.000000,724.000000</point>
				<point>-3.000000,717.000000</point>
				<point>36.000000,686.000000</point>
				<point>42.000000,693.000000</point>
				<point>2.000000,724.000000</point>
			</points>
		</object>
		<object>
			<coordinate>pixel</coordinate>
			<type>rectangle</type>
			<description>None</description>
			<possibleresult>
				<name>Van</name>
			</possibleresult>
			<points>
				<point>116.000000,446.000000</point>
				<point>102.000000,457.000000</point>
				<point>98.000000,452.000000</point>
				<point>112.000000,441.000000</point>
				<point>116.000000,446.000000</point>
			</points>
		</object>
		<object>
			<coordinate>pixel</coordinate>
			<type>rectangle</type>
			<description>None</description>
			<possibleresult>
				<name>Van</name>
			</possibleresult>
			<points>
				<point>121.000000,456.000000</point>
				<point>108.000000,467.000000</point>
				<point>103.000000,462.000000</point>
				<point>117.000000,451.000000</point>
				<point>121.000000,456.000000</point>
			</points>
		</object>
		<object>
			<coordinate>pixel</coordinate>
			<type>rectangle</type>
			<description>None</description>
			<possibleresult>
				<name>Van</name>
			</possibleresult>
			<points>
				<point>116.000000,474.000000</point>
				<point>103.000000,484.000000</point>
				<point>99.000000,479.000000</point>
				<point>112.000000,469.000000</point>
				<point>116.000000,474.000000</point>
			</points>
		</object>
		<object>
			<coordinate>pixel</coordinate>
			<type>rectangle</type>
			<description>None</description>
			<possibleresult>
				<name>Van</name>
			</possibleresult>
			<points>
				<point>131.000000,462.000000</point>
				<point>117.000000,473.000000</point>
				<point>113.000000,468.000000</point>
				<point>127.000000,456.000000</point>
				<point>131.000000,462.000000</point>
			</points>
		</object>
		<object>
			<coordinate>pixel</coordinate>
			<type>rectangle</type>
			<description>None</description>
			<possibleresult>
				<name>Van</name>
			</possibleresult>
			<points>
				<point>88.000000,507.000000</point>
				<point>72.000000,519.000000</point>
				<point>68.000000,513.000000</point>
				<point>84.000000,501.000000</point>
				<point>88.000000,507.000000</point>
			</points>
		</object>
		<object>
			<coordinate>pixel</coordinate>
			<type>rectangle</type>
			<description>None</description>
			<possibleresult>
				<name>Van</name>
			</possibleresult>
			<points>
				<point>105.000000,546.000000</point>
				<point>92.000000,557.000000</point>
				<point>87.000000,551.000000</point>
				<point>100.000000,541.000000</point>
				<point>105.000000,546.000000</point>
			</points>
		</object>
		<object>
			<coordinate>pixel</coordinate>
			<type>rectangle</type>
			<description>None</description>
			<possibleresult>
				<name>Van</name>
			</possibleresult>
			<points>
				<point>15.000000,362.000000</point>
				<point>11.000000,367.000000</point>
				<point>0.000000,356.000000</point>
				<point>4.000000,351.000000</point>
				<point>15.000000,362.000000</point>
			</points>
		</object>
		<object>
			<coordinate>pixel</coordinate>
			<type>rectangle</type>
			<description>None</description>
			<possibleresult>
				<name>Van</name>
			</possibleresult>
			<points>
				<point>28.000000,346.000000</point>
				<point>25.000000,351.000000</point>
				<point>15.000000,342.000000</point>
				<point>19.000000,338.000000</point>
				<point>28.000000,346.000000</point>
			</points>
		</object>
		<object>
			<coordinate>pixel</coordinate>
			<type>rectangle</type>
			<description>None</description>
			<possibleresult>
				<name>Van</name>
			</possibleresult>
			<points>
				<point>38.000000,342.000000</point>
				<point>34.000000,346.000000</point>
				<point>21.000000,334.000000</point>
				<point>25.000000,329.000000</point>
				<point>38.000000,342.000000</point>
			</points>
		</object>
		<object>
			<coordinate>pixel</coordinate>
			<type>rectangle</type>
			<description>None</description>
			<possibleresult>
				<name>Van</name>
			</possibleresult>
			<points>
				<point>54.000000,354.000000</point>
				<point>50.000000,359.000000</point>
				<point>41.000000,351.000000</point>
				<point>45.000000,346.000000</point>
				<point>54.000000,354.000000</point>
			</points>
		</object>
		<object>
			<coordinate>pixel</coordinate>
			<type>rectangle</type>
			<description>None</description>
			<possibleresult>
				<name>Van</name>
			</possibleresult>
			<points>
				<point>47.000000,370.000000</point>
				<point>42.000000,376.000000</point>
				<point>30.000000,364.000000</point>
				<point>35.000000,359.000000</point>
				<point>47.000000,370.000000</point>
			</points>
		</object>
		<object>
			<coordinate>pixel</coordinate>
			<type>rectangle</type>
			<description>None</description>
			<possibleresult>
				<name>Van</name>
			</possibleresult>
			<points>
				<point>63.000000,384.000000</point>
				<point>58.000000,388.000000</point>
				<point>49.000000,379.000000</point>
				<point>53.000000,375.000000</point>
				<point>63.000000,384.000000</point>
			</points>
		</object>
		<object>
			<coordinate>pixel</coordinate>
			<type>rectangle</type>
			<description>None</description>
			<possibleresult>
				<name>Dump Truck</name>
			</possibleresult>
			<points>
				<point>169.000000,468.000000</point>
				<point>162.000000,476.000000</point>
				<point>146.000000,461.000000</point>
				<point>153.000000,453.000000</point>
				<point>169.000000,468.000000</point>
			</points>
		</object>
		<object>
			<coordinate>pixel</coordinate>
			<type>rectangle</type>
			<description>None</description>
			<possibleresult>
				<name>Cargo Truck</name>
			</possibleresult>
			<points>
				<point>201.000000,90.000000</point>
				<point>182.000000,132.000000</point>
				<point>172.000000,128.000000</point>
				<point>191.000000,85.000000</point>
				<point>201.000000,90.000000</point>
			</points>
		</object>
		<object>
			<coordinate>pixel</coordinate>
			<type>rectangle</type>
			<description>None</description>
			<possibleresult>
				<name>Cargo Truck</name>
			</possibleresult>
			<points>
				<point>168.000000,168.000000</point>
				<point>141.000000,220.000000</point>
				<point>130.000000,214.000000</point>
				<point>157.000000,163.000000</point>
				<point>168.000000,168.000000</point>
			</points>
		</object>
		<object>
			<coordinate>pixel</coordinate>
			<type>rectangle</type>
			<description>None</description>
			<possibleresult>
				<name>Van</name>
			</possibleresult>
			<points>
				<point>215.000000,23.000000</point>
				<point>206.000000,66.000000</point>
				<point>195.000000,64.000000</point>
				<point>204.000000,21.000000</point>
				<point>215.000000,23.000000</point>
			</points>
		</object>
		<object>
			<coordinate>pixel</coordinate>
			<type>rectangle</type>
			<description>None</description>
			<possibleresult>
				<name>Cargo Truck</name>
			</possibleresult>
			<points>
				<point>543.000000,866.000000</point>
				<point>542.000000,888.000000</point>
				<point>532.000000,888.000000</point>
				<point>532.000000,866.000000</point>
				<point>543.000000,866.000000</point>
			</points>
		</object>
		<object>
			<coordinate>pixel</coordinate>
			<type>rectangle</type>
			<description>None</description>
			<possibleresult>
				<name>Van</name>
			</possibleresult>
			<points>
				<point>999.000000,987.000000</point>
				<point>994.000000,990.000000</point>
				<point>988.000000,977.000000</point>
				<point>994.000000,974.000000</point>
				<point>999.000000,987.000000</point>
			</points>
		</object>
		<object>
			<coordinate>pixel</coordinate>
			<type>rectangle</type>
			<description>None</description>
			<possibleresult>
				<name>Trailer</name>
			</possibleresult>
			<points>
				<point>958.000000,953.000000</point>
				<point>906.000000,952.000000</point>
				<point>906.000000,942.000000</point>
				<point>958.000000,943.000000</point>
				<point>958.000000,953.000000</point>
			</points>
		</object>
		<object>
			<coordinate>pixel</coordinate>
			<type>rectangle</type>
			<description>None</description>
			<possibleresult>
				<name>Trailer</name>
			</possibleresult>
			<points>
				<point>817.000000,478.000000</point>
				<point>805.000000,532.000000</point>
				<point>793.000000,529.000000</point>
				<point>805.000000,476.000000</point>
				<point>817.000000,478.000000</point>
			</points>
		</object>
		<object>
			<coordinate>pixel</coordinate>
			<type>rectangle</type>
			<description>None</description>
			<possibleresult>
				<name>Van</name>
			</possibleresult>
			<points>
				<point>774.000000,615.000000</point>
				<point>766.000000,616.000000</point>
				<point>764.000000,598.000000</point>
				<point>772.000000,597.000000</point>
				<point>774.000000,615.000000</point>
			</points>
		</object>
		<object>
			<coordinate>pixel</coordinate>
			<type>rectangle</type>
			<description>None</description>
			<possibleresult>
				<name>Van</name>
			</possibleresult>
			<points>
				<point>598.000000,83.000000</point>
				<point>593.000000,83.000000</point>
				<point>593.000000,69.000000</point>
				<point>598.000000,69.000000</point>
				<point>598.000000,83.000000</point>
			</points>
		</object>
		<object>
			<coordinate>pixel</coordinate>
			<type>rectangle</type>
			<description>None</description>
			<possibleresult>
				<name>Van</name>
			</possibleresult>
			<points>
				<point>657.000000,122.000000</point>
				<point>649.000000,122.000000</point>
				<point>649.000000,102.000000</point>
				<point>657.000000,102.000000</point>
				<point>657.000000,122.000000</point>
			</points>
		</object>
		<object>
			<coordinate>pixel</coordinate>
			<type>rectangle</type>
			<description>None</description>
			<possibleresult>
				<name>Van</name>
			</possibleresult>
			<points>
				<point>635.000000,56.000000</point>
				<point>627.000000,56.000000</point>
				<point>627.000000,41.000000</point>
				<point>635.000000,41.000000</point>
				<point>635.000000,56.000000</point>
			</points>
		</object>
		<object>
			<coordinate>pixel</coordinate>
			<type>rectangle</type>
			<description>None</description>
			<possibleresult>
				<name>Van</name>
			</possibleresult>
			<points>
				<point>653.000000,29.000000</point>
				<point>646.000000,29.000000</point>
				<point>646.000000,14.000000</point>
				<point>653.000000,14.000000</point>
				<point>653.000000,29.000000</point>
			</points>
		</object>
		<object>
			<coordinate>pixel</coordinate>
			<type>rectangle</type>
			<description>None</description>
			<possibleresult>
				<name>Van</name>
			</possibleresult>
			<points>
				<point>654.000000,12.000000</point>
				<point>646.000000,12.000000</point>
				<point>646.000000,0.000000</point>
				<point>654.000000,0.000000</point>
				<point>654.000000,12.000000</point>
			</points>
		</object>
		<object>
			<coordinate>pixel</coordinate>
			<type>rectangle</type>
			<description>None</description>
			<possibleresult>
				<name>Bus</name>
			</possibleresult>
			<points>
				<point>588.000000,-1.000000</point>
				<point>586.000000,35.000000</point>
				<point>575.000000,34.000000</point>
				<point>578.000000,-2.000000</point>
				<point>588.000000,-1.000000</point>
			</points>
		</object>
		<object>
			<coordinate>pixel</coordinate>
			<type>rectangle</type>
			<description>None</description>
			<possibleresult>
				<name>Cargo Truck</name>
			</possibleresult>
			<points>
				<point>497.000000,226.000000</point>
				<point>486.000000,226.000000</point>
				<point>484.000000,186.000000</point>
				<point>494.000000,186.000000</point>
				<point>497.000000,226.000000</point>
			</points>
		</object>
		<object>
			<coordinate>pixel</coordinate>
			<type>rectangle</type>
			<description>None</description>
			<possibleresult>
				<name>Cargo Truck</name>
			</possibleresult>
			<points>
				<point>396.000000,351.000000</point>
				<point>385.000000,352.000000</point>
				<point>383.000000,313.000000</point>
				<point>394.000000,312.000000</point>
				<point>396.000000,351.000000</point>
			</points>
		</object>
		<object>
			<coordinate>pixel</coordinate>
			<type>rectangle</type>
			<description>None</description>
			<possibleresult>
				<name>Cargo Truck</name>
			</possibleresult>
			<points>
				<point>402.000000,432.000000</point>
				<point>391.000000,433.000000</point>
				<point>388.000000,392.000000</point>
				<point>400.000000,392.000000</point>
				<point>402.000000,432.000000</point>
			</points>
		</object>
		<object>
			<coordinate>pixel</coordinate>
			<type>rectangle</type>
			<description>None</description>
			<possibleresult>
				<name>Van</name>
			</possibleresult>
			<points>
				<point>509.000000,431.000000</point>
				<point>504.000000,431.000000</point>
				<point>502.000000,413.000000</point>
				<point>508.000000,412.000000</point>
				<point>509.000000,431.000000</point>
			</points>
		</object>
	</objects>
</annotation>