<?xml version="1.0" encoding="utf-8"?>
<annotation>
	<source>
		<filename>13694.tif</filename>
		<origin>GF2/GF3</origin>
	</source>
	<research>
		<version>1.0</version>
		<provider>FAIR1M</provider>
		<author>Cyber</author>
		<pluginname>FAIR1M</pluginname>
		<pluginclass>object detection</pluginclass>
		<time>2021-07-21</time>
	</research>
	<size>
		<width>1000</width>
		<height>1000</height>
		<depth>3</depth>
	</size>
	<objects>
		<object>
			<coordinate>pixel</coordinate>
			<type>rectangle</type>
			<description>None</description>
			<possibleresult>
				<name>other-airplane</name>
			</possibleresult>
			<points>
				<point>154.000000,590.000000</point>
				<point>178.000000,636.000000</point>
				<point>220.000000,614.000000</point>
				<point>196.000000,568.000000</point>
				<point>154.000000,590.000000</point>
			</points>
		</object>
		<object>
			<coordinate>pixel</coordinate>
			<type>rectangle</type>
			<description>None</description>
			<possibleresult>
				<name>other-airplane</name>
			</possibleresult>
			<points>
				<point>715.000000,112.000000</point>
				<point>725.000000,41.000000</point>
				<point>659.000000,32.000000</point>
				<point>649.000000,103.000000</point>
				<point>715.000000,112.000000</point>
			</points>
		</object>
		<object>
			<coordinate>pixel</coordinate>
			<type>rectangle</type>
			<description>None</description>
			<possibleresult>
				<name>other-airplane</name>
			</possibleresult>
			<points>
				<point>649.000000,307.000000</point>
				<point>673.000000,352.000000</point>
				<point>714.000000,331.000000</point>
				<point>690.000000,286.000000</point>
				<point>649.000000,307.000000</point>
			</points>
		</object>
		<object>
			<coordinate>pixel</coordinate>
			<type>rectangle</type>
			<description>None</description>
			<possibleresult>
				<name>A350</name>
			</possibleresult>
			<points>
				<point>696.000000,245.000000</point>
				<point>745.000000,331.000000</point>
				<point>816.000000,292.000000</point>
				<point>767.000000,205.000000</point>
				<point>696.000000,245.000000</point>
			</points>
		</object>
		<object>
			<coordinate>pixel</coordinate>
			<type>rectangle</type>
			<description>None</description>
			<possibleresult>
				<name>Boeing737</name>
			</possibleresult>
			<points>
				<point>805.000000,226.000000</point>
				<point>831.000000,274.000000</point>
				<point>874.000000,251.000000</point>
				<point>848.000000,203.000000</point>
				<point>805.000000,226.000000</point>
			</points>
		</object>
		<object>
			<coordinate>pixel</coordinate>
			<type>rectangle</type>
			<description>None</description>
			<possibleresult>
				<name>Boeing737</name>
			</possibleresult>
			<points>
				<point>859.000000,192.000000</point>
				<point>884.000000,235.000000</point>
				<point>929.000000,208.000000</point>
				<point>904.000000,166.000000</point>
				<point>859.000000,192.000000</point>
			</points>
		</object>
		<object>
			<coordinate>pixel</coordinate>
			<type>rectangle</type>
			<description>None</description>
			<possibleresult>
				<name>Boeing737</name>
			</possibleresult>
			<points>
				<point>800.000000,54.000000</point>
				<point>770.000000,11.000000</point>
				<point>728.000000,40.000000</point>
				<point>758.000000,83.000000</point>
				<point>800.000000,54.000000</point>
			</points>
		</object>
	</objects>
</annotation>