<?xml version="1.0" encoding="utf-8"?>
<annotation>
	<source>
		<filename>13729.tif</filename>
		<origin>GF2/GF3</origin>
	</source>
	<research>
		<version>1.0</version>
		<provider>FAIR1M</provider>
		<author>Cyber</author>
		<pluginname>FAIR1M</pluginname>
		<pluginclass>object detection</pluginclass>
		<time>2021-07-21</time>
	</research>
	<size>
		<width>600</width>
		<height>800</height>
		<depth>3</depth>
	</size>
	<objects>
		<object>
			<coordinate>pixel</coordinate>
			<type>rectangle</type>
			<description>None</description>
			<possibleresult>
				<name>other-ship</name>
			</possibleresult>
			<points>
				<point>183.000000,277.000000</point>
				<point>149.000000,371.000000</point>
				<point>125.000000,362.000000</point>
				<point>159.000000,268.000000</point>
				<point>183.000000,277.000000</point>
			</points>
		</object>
	</objects>
</annotation>