<?xml version="1.0" encoding="utf-8"?>
<annotation>
	<source>
		<filename>13734.tif</filename>
		<origin>GF2/GF3</origin>
	</source>
	<research>
		<version>1.0</version>
		<provider>FAIR1M</provider>
		<author>Cyber</author>
		<pluginname>FAIR1M</pluginname>
		<pluginclass>object detection</pluginclass>
		<time>2021-07-21</time>
	</research>
	<size>
		<width>1000</width>
		<height>1000</height>
		<depth>3</depth>
	</size>
	<objects>
		<object>
			<coordinate>pixel</coordinate>
			<type>rectangle</type>
			<description>None</description>
			<possibleresult>
				<name>Roundabout</name>
			</possibleresult>
			<points>
				<point>745.000000,54.000000</point>
				<point>800.000000,54.000000</point>
				<point>800.000000,0.000000</point>
				<point>745.000000,0.000000</point>
				<point>745.000000,54.000000</point>
			</points>
		</object>
		<object>
			<coordinate>pixel</coordinate>
			<type>rectangle</type>
			<description>None</description>
			<possibleresult>
				<name>Roundabout</name>
			</possibleresult>
			<points>
				<point>704.000000,840.000000</point>
				<point>768.000000,840.000000</point>
				<point>768.000000,781.000000</point>
				<point>704.000000,781.000000</point>
				<point>704.000000,840.000000</point>
			</points>
		</object>
		<object>
			<coordinate>pixel</coordinate>
			<type>rectangle</type>
			<description>None</description>
			<possibleresult>
				<name>Roundabout</name>
			</possibleresult>
			<points>
				<point>45.000000,116.000000</point>
				<point>109.000000,116.000000</point>
				<point>109.000000,50.000000</point>
				<point>45.000000,50.000000</point>
				<point>45.000000,116.000000</point>
			</points>
		</object>
		<object>
			<coordinate>pixel</coordinate>
			<type>rectangle</type>
			<description>None</description>
			<possibleresult>
				<name>Roundabout</name>
			</possibleresult>
			<points>
				<point>358.000000,139.000000</point>
				<point>415.000000,139.000000</point>
				<point>415.000000,79.000000</point>
				<point>358.000000,79.000000</point>
				<point>358.000000,139.000000</point>
			</points>
		</object>
		<object>
			<coordinate>pixel</coordinate>
			<type>rectangle</type>
			<description>None</description>
			<possibleresult>
				<name>Roundabout</name>
			</possibleresult>
			<points>
				<point>210.000000,262.000000</point>
				<point>264.000000,262.000000</point>
				<point>264.000000,206.000000</point>
				<point>210.000000,206.000000</point>
				<point>210.000000,262.000000</point>
			</points>
		</object>
		<object>
			<coordinate>pixel</coordinate>
			<type>rectangle</type>
			<description>None</description>
			<possibleresult>
				<name>Roundabout</name>
			</possibleresult>
			<points>
				<point>407.000000,358.000000</point>
				<point>461.000000,358.000000</point>
				<point>461.000000,302.000000</point>
				<point>407.000000,302.000000</point>
				<point>407.000000,358.000000</point>
			</points>
		</object>
	</objects>
</annotation>