<?xml version="1.0" encoding="utf-8"?>
<annotation>
	<source>
		<filename>13859.tif</filename>
		<origin>GF2/GF3</origin>
	</source>
	<research>
		<version>1.0</version>
		<provider>FAIR1M</provider>
		<author>Cyber</author>
		<pluginname>FAIR1M</pluginname>
		<pluginclass>object detection</pluginclass>
		<time>2021-07-21</time>
	</research>
	<size>
		<width>1000</width>
		<height>1000</height>
		<depth>3</depth>
	</size>
	<objects>
		<object>
			<coordinate>pixel</coordinate>
			<type>rectangle</type>
			<description>None</description>
			<possibleresult>
				<name>Boeing787</name>
			</possibleresult>
			<points>
				<point>452.000000,970.000000</point>
				<point>414.000000,892.000000</point>
				<point>345.000000,926.000000</point>
				<point>383.000000,1004.000000</point>
				<point>452.000000,970.000000</point>
			</points>
		</object>
		<object>
			<coordinate>pixel</coordinate>
			<type>rectangle</type>
			<description>None</description>
			<possibleresult>
				<name>other-airplane</name>
			</possibleresult>
			<points>
				<point>872.000000,-11.000000</point>
				<point>823.000000,16.000000</point>
				<point>847.000000,59.000000</point>
				<point>896.000000,32.000000</point>
				<point>872.000000,-11.000000</point>
			</points>
		</object>
		<object>
			<coordinate>pixel</coordinate>
			<type>rectangle</type>
			<description>None</description>
			<possibleresult>
				<name>other-airplane</name>
			</possibleresult>
			<points>
				<point>960.000000,144.000000</point>
				<point>921.000000,166.000000</point>
				<point>940.000000,200.000000</point>
				<point>979.000000,177.000000</point>
				<point>960.000000,144.000000</point>
			</points>
		</object>
		<object>
			<coordinate>pixel</coordinate>
			<type>rectangle</type>
			<description>None</description>
			<possibleresult>
				<name>A350</name>
			</possibleresult>
			<points>
				<point>992.000000,667.000000</point>
				<point>949.000000,594.000000</point>
				<point>881.000000,633.000000</point>
				<point>923.000000,707.000000</point>
				<point>992.000000,667.000000</point>
			</points>
		</object>
	</objects>
</annotation>