<?xml version="1.0" encoding="utf-8"?>
<annotation>
	<source>
		<filename>13916.tif</filename>
		<origin>GF2/GF3</origin>
	</source>
	<research>
		<version>1.0</version>
		<provider>FAIR1M</provider>
		<author>Cyber</author>
		<pluginname>FAIR1M</pluginname>
		<pluginclass>object detection</pluginclass>
		<time>2021-07-21</time>
	</research>
	<size>
		<width>1000</width>
		<height>1000</height>
		<depth>3</depth>
	</size>
	<objects>
		<object>
			<coordinate>pixel</coordinate>
			<type>rectangle</type>
			<description>None</description>
			<possibleresult>
				<name>Dry Cargo Ship</name>
			</possibleresult>
			<points>
				<point>776.000000,993.000000</point>
				<point>725.000000,949.000000</point>
				<point>715.000000,960.000000</point>
				<point>766.000000,1005.000000</point>
				<point>776.000000,993.000000</point>
			</points>
		</object>
		<object>
			<coordinate>pixel</coordinate>
			<type>rectangle</type>
			<description>None</description>
			<possibleresult>
				<name>Dry Cargo Ship</name>
			</possibleresult>
			<points>
				<point>717.000000,945.000000</point>
				<point>672.000000,906.000000</point>
				<point>663.000000,918.000000</point>
				<point>707.000000,956.000000</point>
				<point>717.000000,945.000000</point>
			</points>
		</object>
		<object>
			<coordinate>pixel</coordinate>
			<type>rectangle</type>
			<description>None</description>
			<possibleresult>
				<name>Dry Cargo Ship</name>
			</possibleresult>
			<points>
				<point>789.000000,984.000000</point>
				<point>738.000000,940.000000</point>
				<point>729.000000,950.000000</point>
				<point>779.000000,994.000000</point>
				<point>789.000000,984.000000</point>
			</points>
		</object>
		<object>
			<coordinate>pixel</coordinate>
			<type>rectangle</type>
			<description>None</description>
			<possibleresult>
				<name>Dry Cargo Ship</name>
			</possibleresult>
			<points>
				<point>804.000000,974.000000</point>
				<point>751.000000,927.000000</point>
				<point>740.000000,939.000000</point>
				<point>794.000000,985.000000</point>
				<point>804.000000,974.000000</point>
			</points>
		</object>
		<object>
			<coordinate>pixel</coordinate>
			<type>rectangle</type>
			<description>None</description>
			<possibleresult>
				<name>Dry Cargo Ship</name>
			</possibleresult>
			<points>
				<point>815.000000,961.000000</point>
				<point>764.000000,917.000000</point>
				<point>754.000000,929.000000</point>
				<point>805.000000,973.000000</point>
				<point>815.000000,961.000000</point>
			</points>
		</object>
		<object>
			<coordinate>pixel</coordinate>
			<type>rectangle</type>
			<description>None</description>
			<possibleresult>
				<name>Dry Cargo Ship</name>
			</possibleresult>
			<points>
				<point>566.000000,766.000000</point>
				<point>630.000000,738.000000</point>
				<point>625.000000,725.000000</point>
				<point>561.000000,752.000000</point>
				<point>566.000000,766.000000</point>
			</points>
		</object>
		<object>
			<coordinate>pixel</coordinate>
			<type>rectangle</type>
			<description>None</description>
			<possibleresult>
				<name>Dry Cargo Ship</name>
			</possibleresult>
			<points>
				<point>574.000000,778.000000</point>
				<point>639.000000,750.000000</point>
				<point>634.000000,738.000000</point>
				<point>569.000000,766.000000</point>
				<point>574.000000,778.000000</point>
			</points>
		</object>
		<object>
			<coordinate>pixel</coordinate>
			<type>rectangle</type>
			<description>None</description>
			<possibleresult>
				<name>Dry Cargo Ship</name>
			</possibleresult>
			<points>
				<point>578.000000,792.000000</point>
				<point>644.000000,764.000000</point>
				<point>639.000000,752.000000</point>
				<point>573.000000,780.000000</point>
				<point>578.000000,792.000000</point>
			</points>
		</object>
		<object>
			<coordinate>pixel</coordinate>
			<type>rectangle</type>
			<description>None</description>
			<possibleresult>
				<name>Dry Cargo Ship</name>
			</possibleresult>
			<points>
				<point>585.000000,804.000000</point>
				<point>647.000000,778.000000</point>
				<point>641.000000,766.000000</point>
				<point>580.000000,792.000000</point>
				<point>585.000000,804.000000</point>
			</points>
		</object>
		<object>
			<coordinate>pixel</coordinate>
			<type>rectangle</type>
			<description>None</description>
			<possibleresult>
				<name>Dry Cargo Ship</name>
			</possibleresult>
			<points>
				<point>650.000000,777.000000</point>
				<point>589.000000,804.000000</point>
				<point>595.000000,818.000000</point>
				<point>657.000000,791.000000</point>
				<point>650.000000,777.000000</point>
			</points>
		</object>
		<object>
			<coordinate>pixel</coordinate>
			<type>rectangle</type>
			<description>None</description>
			<possibleresult>
				<name>Dry Cargo Ship</name>
			</possibleresult>
			<points>
				<point>653.000000,732.000000</point>
				<point>716.000000,705.000000</point>
				<point>710.000000,692.000000</point>
				<point>648.000000,719.000000</point>
				<point>653.000000,732.000000</point>
			</points>
		</object>
		<object>
			<coordinate>pixel</coordinate>
			<type>rectangle</type>
			<description>None</description>
			<possibleresult>
				<name>Dry Cargo Ship</name>
			</possibleresult>
			<points>
				<point>662.000000,743.000000</point>
				<point>717.000000,719.000000</point>
				<point>713.000000,708.000000</point>
				<point>657.000000,732.000000</point>
				<point>662.000000,743.000000</point>
			</points>
		</object>
		<object>
			<coordinate>pixel</coordinate>
			<type>rectangle</type>
			<description>None</description>
			<possibleresult>
				<name>Dry Cargo Ship</name>
			</possibleresult>
			<points>
				<point>672.000000,757.000000</point>
				<point>729.000000,732.000000</point>
				<point>723.000000,718.000000</point>
				<point>665.000000,743.000000</point>
				<point>672.000000,757.000000</point>
			</points>
		</object>
		<object>
			<coordinate>pixel</coordinate>
			<type>rectangle</type>
			<description>None</description>
			<possibleresult>
				<name>Dry Cargo Ship</name>
			</possibleresult>
			<points>
				<point>732.000000,700.000000</point>
				<point>792.000000,674.000000</point>
				<point>785.000000,661.000000</point>
				<point>727.000000,687.000000</point>
				<point>732.000000,700.000000</point>
			</points>
		</object>
		<object>
			<coordinate>pixel</coordinate>
			<type>rectangle</type>
			<description>None</description>
			<possibleresult>
				<name>Dry Cargo Ship</name>
			</possibleresult>
			<points>
				<point>796.000000,674.000000</point>
				<point>740.000000,697.000000</point>
				<point>745.000000,709.000000</point>
				<point>800.000000,685.000000</point>
				<point>796.000000,674.000000</point>
			</points>
		</object>
		<object>
			<coordinate>pixel</coordinate>
			<type>rectangle</type>
			<description>None</description>
			<possibleresult>
				<name>Dry Cargo Ship</name>
			</possibleresult>
			<points>
				<point>802.000000,688.000000</point>
				<point>747.000000,711.000000</point>
				<point>752.000000,721.000000</point>
				<point>807.000000,698.000000</point>
				<point>802.000000,688.000000</point>
			</points>
		</object>
		<object>
			<coordinate>pixel</coordinate>
			<type>rectangle</type>
			<description>None</description>
			<possibleresult>
				<name>Dry Cargo Ship</name>
			</possibleresult>
			<points>
				<point>758.000000,737.000000</point>
				<point>817.000000,712.000000</point>
				<point>811.000000,699.000000</point>
				<point>753.000000,724.000000</point>
				<point>758.000000,737.000000</point>
			</points>
		</object>
		<object>
			<coordinate>pixel</coordinate>
			<type>rectangle</type>
			<description>None</description>
			<possibleresult>
				<name>Dry Cargo Ship</name>
			</possibleresult>
			<points>
				<point>800.000000,674.000000</point>
				<point>866.000000,646.000000</point>
				<point>860.000000,630.000000</point>
				<point>794.000000,658.000000</point>
				<point>800.000000,674.000000</point>
			</points>
		</object>
		<object>
			<coordinate>pixel</coordinate>
			<type>rectangle</type>
			<description>None</description>
			<possibleresult>
				<name>Dry Cargo Ship</name>
			</possibleresult>
			<points>
				<point>818.000000,685.000000</point>
				<point>884.000000,657.000000</point>
				<point>878.000000,643.000000</point>
				<point>812.000000,671.000000</point>
				<point>818.000000,685.000000</point>
			</points>
		</object>
		<object>
			<coordinate>pixel</coordinate>
			<type>rectangle</type>
			<description>None</description>
			<possibleresult>
				<name>Dry Cargo Ship</name>
			</possibleresult>
			<points>
				<point>894.000000,634.000000</point>
				<point>935.000000,616.000000</point>
				<point>930.000000,604.000000</point>
				<point>888.000000,622.000000</point>
				<point>894.000000,634.000000</point>
			</points>
		</object>
		<object>
			<coordinate>pixel</coordinate>
			<type>rectangle</type>
			<description>None</description>
			<possibleresult>
				<name>Dry Cargo Ship</name>
			</possibleresult>
			<points>
				<point>890.000000,650.000000</point>
				<point>946.000000,626.000000</point>
				<point>941.000000,613.000000</point>
				<point>885.000000,637.000000</point>
				<point>890.000000,650.000000</point>
			</points>
		</object>
		<object>
			<coordinate>pixel</coordinate>
			<type>rectangle</type>
			<description>None</description>
			<possibleresult>
				<name>Dry Cargo Ship</name>
			</possibleresult>
			<points>
				<point>897.000000,661.000000</point>
				<point>961.000000,634.000000</point>
				<point>956.000000,623.000000</point>
				<point>893.000000,650.000000</point>
				<point>897.000000,661.000000</point>
			</points>
		</object>
		<object>
			<coordinate>pixel</coordinate>
			<type>rectangle</type>
			<description>None</description>
			<possibleresult>
				<name>Dry Cargo Ship</name>
			</possibleresult>
			<points>
				<point>907.000000,673.000000</point>
				<point>970.000000,646.000000</point>
				<point>964.000000,634.000000</point>
				<point>902.000000,661.000000</point>
				<point>907.000000,673.000000</point>
			</points>
		</object>
		<object>
			<coordinate>pixel</coordinate>
			<type>rectangle</type>
			<description>None</description>
			<possibleresult>
				<name>Motorboat</name>
			</possibleresult>
			<points>
				<point>933.000000,675.000000</point>
				<point>961.000000,663.000000</point>
				<point>957.000000,653.000000</point>
				<point>929.000000,665.000000</point>
				<point>933.000000,675.000000</point>
			</points>
		</object>
		<object>
			<coordinate>pixel</coordinate>
			<type>rectangle</type>
			<description>None</description>
			<possibleresult>
				<name>Dry Cargo Ship</name>
			</possibleresult>
			<points>
				<point>327.000000,862.000000</point>
				<point>381.000000,839.000000</point>
				<point>375.000000,825.000000</point>
				<point>322.000000,848.000000</point>
				<point>327.000000,862.000000</point>
			</points>
		</object>
		<object>
			<coordinate>pixel</coordinate>
			<type>rectangle</type>
			<description>None</description>
			<possibleresult>
				<name>Dry Cargo Ship</name>
			</possibleresult>
			<points>
				<point>456.000000,793.000000</point>
				<point>393.000000,819.000000</point>
				<point>398.000000,832.000000</point>
				<point>461.000000,806.000000</point>
				<point>456.000000,793.000000</point>
			</points>
		</object>
		<object>
			<coordinate>pixel</coordinate>
			<type>rectangle</type>
			<description>None</description>
			<possibleresult>
				<name>Dry Cargo Ship</name>
			</possibleresult>
			<points>
				<point>482.000000,798.000000</point>
				<point>545.000000,771.000000</point>
				<point>540.000000,760.000000</point>
				<point>477.000000,787.000000</point>
				<point>482.000000,798.000000</point>
			</points>
		</object>
		<object>
			<coordinate>pixel</coordinate>
			<type>rectangle</type>
			<description>None</description>
			<possibleresult>
				<name>Dry Cargo Ship</name>
			</possibleresult>
			<points>
				<point>490.000000,810.000000</point>
				<point>554.000000,783.000000</point>
				<point>549.000000,771.000000</point>
				<point>485.000000,798.000000</point>
				<point>490.000000,810.000000</point>
			</points>
		</object>
		<object>
			<coordinate>pixel</coordinate>
			<type>rectangle</type>
			<description>None</description>
			<possibleresult>
				<name>Dry Cargo Ship</name>
			</possibleresult>
			<points>
				<point>503.000000,822.000000</point>
				<point>564.000000,796.000000</point>
				<point>558.000000,783.000000</point>
				<point>498.000000,809.000000</point>
				<point>503.000000,822.000000</point>
			</points>
		</object>
		<object>
			<coordinate>pixel</coordinate>
			<type>rectangle</type>
			<description>None</description>
			<possibleresult>
				<name>Dry Cargo Ship</name>
			</possibleresult>
			<points>
				<point>510.000000,836.000000</point>
				<point>575.000000,808.000000</point>
				<point>570.000000,795.000000</point>
				<point>505.000000,823.000000</point>
				<point>510.000000,836.000000</point>
			</points>
		</object>
		<object>
			<coordinate>pixel</coordinate>
			<type>rectangle</type>
			<description>None</description>
			<possibleresult>
				<name>Dry Cargo Ship</name>
			</possibleresult>
			<points>
				<point>456.000000,809.000000</point>
				<point>387.000000,837.000000</point>
				<point>394.000000,852.000000</point>
				<point>462.000000,825.000000</point>
				<point>456.000000,809.000000</point>
			</points>
		</object>
		<object>
			<coordinate>pixel</coordinate>
			<type>rectangle</type>
			<description>None</description>
			<possibleresult>
				<name>Dry Cargo Ship</name>
			</possibleresult>
			<points>
				<point>462.000000,826.000000</point>
				<point>400.000000,851.000000</point>
				<point>406.000000,866.000000</point>
				<point>468.000000,841.000000</point>
				<point>462.000000,826.000000</point>
			</points>
		</object>
		<object>
			<coordinate>pixel</coordinate>
			<type>rectangle</type>
			<description>None</description>
			<possibleresult>
				<name>Dry Cargo Ship</name>
			</possibleresult>
			<points>
				<point>571.000000,915.000000</point>
				<point>635.000000,887.000000</point>
				<point>629.000000,873.000000</point>
				<point>565.000000,901.000000</point>
				<point>571.000000,915.000000</point>
			</points>
		</object>
		<object>
			<coordinate>pixel</coordinate>
			<type>rectangle</type>
			<description>None</description>
			<possibleresult>
				<name>Motorboat</name>
			</possibleresult>
			<points>
				<point>272.000000,885.000000</point>
				<point>299.000000,873.000000</point>
				<point>296.000000,866.000000</point>
				<point>269.000000,878.000000</point>
				<point>272.000000,885.000000</point>
			</points>
		</object>
		<object>
			<coordinate>pixel</coordinate>
			<type>rectangle</type>
			<description>None</description>
			<possibleresult>
				<name>Motorboat</name>
			</possibleresult>
			<points>
				<point>428.000000,979.000000</point>
				<point>422.000000,996.000000</point>
				<point>430.000000,999.000000</point>
				<point>436.000000,982.000000</point>
				<point>428.000000,979.000000</point>
			</points>
		</object>
		<object>
			<coordinate>pixel</coordinate>
			<type>rectangle</type>
			<description>None</description>
			<possibleresult>
				<name>Motorboat</name>
			</possibleresult>
			<points>
				<point>-12.000000,907.000000</point>
				<point>26.000000,913.000000</point>
				<point>26.000000,904.000000</point>
				<point>-10.000000,898.000000</point>
				<point>-12.000000,907.000000</point>
			</points>
		</object>
		<object>
			<coordinate>pixel</coordinate>
			<type>rectangle</type>
			<description>None</description>
			<possibleresult>
				<name>Motorboat</name>
			</possibleresult>
			<points>
				<point>34.000000,906.000000</point>
				<point>70.000000,907.000000</point>
				<point>70.000000,901.000000</point>
				<point>34.000000,900.000000</point>
				<point>34.000000,906.000000</point>
			</points>
		</object>
		<object>
			<coordinate>pixel</coordinate>
			<type>rectangle</type>
			<description>None</description>
			<possibleresult>
				<name>Motorboat</name>
			</possibleresult>
			<points>
				<point>36.000000,912.000000</point>
				<point>69.000000,912.000000</point>
				<point>69.000000,908.000000</point>
				<point>36.000000,907.000000</point>
				<point>36.000000,912.000000</point>
			</points>
		</object>
		<object>
			<coordinate>pixel</coordinate>
			<type>rectangle</type>
			<description>None</description>
			<possibleresult>
				<name>Motorboat</name>
			</possibleresult>
			<points>
				<point>124.000000,922.000000</point>
				<point>94.000000,912.000000</point>
				<point>92.000000,919.000000</point>
				<point>123.000000,929.000000</point>
				<point>124.000000,922.000000</point>
			</points>
		</object>
		<object>
			<coordinate>pixel</coordinate>
			<type>rectangle</type>
			<description>None</description>
			<possibleresult>
				<name>Motorboat</name>
			</possibleresult>
			<points>
				<point>159.000000,910.000000</point>
				<point>133.000000,922.000000</point>
				<point>136.000000,928.000000</point>
				<point>162.000000,915.000000</point>
				<point>159.000000,910.000000</point>
			</points>
		</object>
		<object>
			<coordinate>pixel</coordinate>
			<type>rectangle</type>
			<description>None</description>
			<possibleresult>
				<name>Motorboat</name>
			</possibleresult>
			<points>
				<point>144.000000,930.000000</point>
				<point>164.000000,921.000000</point>
				<point>162.000000,917.000000</point>
				<point>142.000000,926.000000</point>
				<point>144.000000,930.000000</point>
			</points>
		</object>
		<object>
			<coordinate>pixel</coordinate>
			<type>rectangle</type>
			<description>None</description>
			<possibleresult>
				<name>Dry Cargo Ship</name>
			</possibleresult>
			<points>
				<point>384.000000,838.000000</point>
				<point>349.000000,852.000000</point>
				<point>355.000000,865.000000</point>
				<point>389.000000,851.000000</point>
				<point>384.000000,838.000000</point>
			</points>
		</object>
		<object>
			<coordinate>pixel</coordinate>
			<type>rectangle</type>
			<description>None</description>
			<possibleresult>
				<name>Intersection</name>
			</possibleresult>
			<points>
				<point>216.000000,144.000000</point>
				<point>245.000000,96.000000</point>
				<point>287.000000,122.000000</point>
				<point>257.000000,170.000000</point>
				<point>216.000000,144.000000</point>
			</points>
		</object>
		<object>
			<coordinate>pixel</coordinate>
			<type>rectangle</type>
			<description>None</description>
			<possibleresult>
				<name>Intersection</name>
			</possibleresult>
			<points>
				<point>339.000000,216.000000</point>
				<point>368.000000,169.000000</point>
				<point>410.000000,194.000000</point>
				<point>380.000000,242.000000</point>
				<point>339.000000,216.000000</point>
			</points>
		</object>
		<object>
			<coordinate>pixel</coordinate>
			<type>rectangle</type>
			<description>None</description>
			<possibleresult>
				<name>Intersection</name>
			</possibleresult>
			<points>
				<point>475.000000,286.000000</point>
				<point>504.000000,238.000000</point>
				<point>546.000000,264.000000</point>
				<point>516.000000,311.000000</point>
				<point>475.000000,286.000000</point>
			</points>
		</object>
		<object>
			<coordinate>pixel</coordinate>
			<type>rectangle</type>
			<description>None</description>
			<possibleresult>
				<name>Intersection</name>
			</possibleresult>
			<points>
				<point>592.000000,349.000000</point>
				<point>621.000000,302.000000</point>
				<point>663.000000,327.000000</point>
				<point>633.000000,375.000000</point>
				<point>592.000000,349.000000</point>
			</points>
		</object>
		<object>
			<coordinate>pixel</coordinate>
			<type>rectangle</type>
			<description>None</description>
			<possibleresult>
				<name>Intersection</name>
			</possibleresult>
			<points>
				<point>20.000000,390.000000</point>
				<point>40.000000,359.000000</point>
				<point>70.000000,377.000000</point>
				<point>51.000000,408.000000</point>
				<point>20.000000,390.000000</point>
			</points>
		</object>
		<object>
			<coordinate>pixel</coordinate>
			<type>rectangle</type>
			<description>None</description>
			<possibleresult>
				<name>Intersection</name>
			</possibleresult>
			<points>
				<point>152.000000,459.000000</point>
				<point>171.000000,429.000000</point>
				<point>201.000000,447.000000</point>
				<point>182.000000,477.000000</point>
				<point>152.000000,459.000000</point>
			</points>
		</object>
		<object>
			<coordinate>pixel</coordinate>
			<type>rectangle</type>
			<description>None</description>
			<possibleresult>
				<name>Intersection</name>
			</possibleresult>
			<points>
				<point>291.000000,527.000000</point>
				<point>307.000000,499.000000</point>
				<point>337.000000,517.000000</point>
				<point>320.000000,545.000000</point>
				<point>291.000000,527.000000</point>
			</points>
		</object>
		<object>
			<coordinate>pixel</coordinate>
			<type>rectangle</type>
			<description>None</description>
			<possibleresult>
				<name>Intersection</name>
			</possibleresult>
			<points>
				<point>30.000000,613.000000</point>
				<point>44.000000,589.000000</point>
				<point>72.000000,605.000000</point>
				<point>57.000000,629.000000</point>
				<point>30.000000,613.000000</point>
			</points>
		</object>
	</objects>
</annotation>