<?xml version="1.0" encoding="utf-8"?>
<annotation>
	<source>
		<filename>13924.tif</filename>
		<origin>GF2/GF3</origin>
	</source>
	<research>
		<version>1.0</version>
		<provider>FAIR1M</provider>
		<author>Cyber</author>
		<pluginname>FAIR1M</pluginname>
		<pluginclass>object detection</pluginclass>
		<time>2021-07-21</time>
	</research>
	<size>
		<width>600</width>
		<height>600</height>
		<depth>3</depth>
	</size>
	<objects>
		<object>
			<coordinate>pixel</coordinate>
			<type>rectangle</type>
			<description>None</description>
			<possibleresult>
				<name>other-airplane</name>
			</possibleresult>
			<points>
				<point>597.000000,68.000000</point>
				<point>570.000000,68.000000</point>
				<point>570.000000,42.000000</point>
				<point>597.000000,42.000000</point>
				<point>597.000000,68.000000</point>
			</points>
		</object>
		<object>
			<coordinate>pixel</coordinate>
			<type>rectangle</type>
			<description>None</description>
			<possibleresult>
				<name>other-airplane</name>
			</possibleresult>
			<points>
				<point>526.000000,28.000000</point>
				<point>525.000000,49.000000</point>
				<point>503.000000,49.000000</point>
				<point>504.000000,28.000000</point>
				<point>526.000000,28.000000</point>
			</points>
		</object>
		<object>
			<coordinate>pixel</coordinate>
			<type>rectangle</type>
			<description>None</description>
			<possibleresult>
				<name>A321</name>
			</possibleresult>
			<points>
				<point>524.000000,35.000000</point>
				<point>522.000000,90.000000</point>
				<point>476.000000,89.000000</point>
				<point>478.000000,34.000000</point>
				<point>524.000000,35.000000</point>
			</points>
		</object>
		<object>
			<coordinate>pixel</coordinate>
			<type>rectangle</type>
			<description>None</description>
			<possibleresult>
				<name>other-airplane</name>
			</possibleresult>
			<points>
				<point>477.000000,22.000000</point>
				<point>476.000000,50.000000</point>
				<point>449.000000,50.000000</point>
				<point>449.000000,21.000000</point>
				<point>477.000000,22.000000</point>
			</points>
		</object>
		<object>
			<coordinate>pixel</coordinate>
			<type>rectangle</type>
			<description>None</description>
			<possibleresult>
				<name>other-airplane</name>
			</possibleresult>
			<points>
				<point>427.000000,54.000000</point>
				<point>400.000000,53.000000</point>
				<point>401.000000,26.000000</point>
				<point>427.000000,26.000000</point>
				<point>427.000000,54.000000</point>
			</points>
		</object>
		<object>
			<coordinate>pixel</coordinate>
			<type>rectangle</type>
			<description>None</description>
			<possibleresult>
				<name>other-airplane</name>
			</possibleresult>
			<points>
				<point>410.000000,39.000000</point>
				<point>397.000000,57.000000</point>
				<point>380.000000,45.000000</point>
				<point>393.000000,27.000000</point>
				<point>410.000000,39.000000</point>
			</points>
		</object>
		<object>
			<coordinate>pixel</coordinate>
			<type>rectangle</type>
			<description>None</description>
			<possibleresult>
				<name>other-airplane</name>
			</possibleresult>
			<points>
				<point>317.000000,25.000000</point>
				<point>299.000000,32.000000</point>
				<point>291.000000,13.000000</point>
				<point>309.000000,6.000000</point>
				<point>317.000000,25.000000</point>
			</points>
		</object>
		<object>
			<coordinate>pixel</coordinate>
			<type>rectangle</type>
			<description>None</description>
			<possibleresult>
				<name>other-airplane</name>
			</possibleresult>
			<points>
				<point>473.000000,212.000000</point>
				<point>472.000000,248.000000</point>
				<point>434.000000,246.000000</point>
				<point>435.000000,210.000000</point>
				<point>473.000000,212.000000</point>
			</points>
		</object>
		<object>
			<coordinate>pixel</coordinate>
			<type>rectangle</type>
			<description>None</description>
			<possibleresult>
				<name>other-airplane</name>
			</possibleresult>
			<points>
				<point>425.000000,215.000000</point>
				<point>424.000000,238.000000</point>
				<point>401.000000,237.000000</point>
				<point>402.000000,214.000000</point>
				<point>425.000000,215.000000</point>
			</points>
		</object>
		<object>
			<coordinate>pixel</coordinate>
			<type>rectangle</type>
			<description>None</description>
			<possibleresult>
				<name>other-airplane</name>
			</possibleresult>
			<points>
				<point>404.000000,211.000000</point>
				<point>403.000000,234.000000</point>
				<point>385.000000,233.000000</point>
				<point>386.000000,210.000000</point>
				<point>404.000000,211.000000</point>
			</points>
		</object>
		<object>
			<coordinate>pixel</coordinate>
			<type>rectangle</type>
			<description>None</description>
			<possibleresult>
				<name>other-airplane</name>
			</possibleresult>
			<points>
				<point>126.000000,82.000000</point>
				<point>107.000000,122.000000</point>
				<point>68.000000,103.000000</point>
				<point>86.000000,64.000000</point>
				<point>126.000000,82.000000</point>
			</points>
		</object>
		<object>
			<coordinate>pixel</coordinate>
			<type>rectangle</type>
			<description>None</description>
			<possibleresult>
				<name>A330</name>
			</possibleresult>
			<points>
				<point>161.000000,112.000000</point>
				<point>128.000000,185.000000</point>
				<point>56.000000,153.000000</point>
				<point>88.000000,80.000000</point>
				<point>161.000000,112.000000</point>
			</points>
		</object>
		<object>
			<coordinate>pixel</coordinate>
			<type>rectangle</type>
			<description>None</description>
			<possibleresult>
				<name>other-airplane</name>
			</possibleresult>
			<points>
				<point>87.000000,135.000000</point>
				<point>66.000008,165.000000</point>
				<point>36.000004,144.000000</point>
				<point>57.000000,114.000000</point>
				<point>87.000000,135.000000</point>
			</points>
		</object>
		<object>
			<coordinate>pixel</coordinate>
			<type>rectangle</type>
			<description>None</description>
			<possibleresult>
				<name>other-airplane</name>
			</possibleresult>
			<points>
				<point>105.000000,167.000000</point>
				<point>88.000000,191.000000</point>
				<point>61.000000,171.000000</point>
				<point>78.000000,148.000000</point>
				<point>105.000000,167.000000</point>
			</points>
		</object>
		<object>
			<coordinate>pixel</coordinate>
			<type>rectangle</type>
			<description>None</description>
			<possibleresult>
				<name>other-airplane</name>
			</possibleresult>
			<points>
				<point>51.000000,112.000000</point>
				<point>6.000000,115.000000</point>
				<point>3.000000,71.000000</point>
				<point>49.000000,68.000000</point>
				<point>51.000000,112.000000</point>
			</points>
		</object>
	</objects>
</annotation>