<?xml version="1.0" encoding="utf-8"?>
<annotation>
	<source>
		<filename>14016.tif</filename>
		<origin>GF2/GF3</origin>
	</source>
	<research>
		<version>1.0</version>
		<provider>FAIR1M</provider>
		<author>Cyber</author>
		<pluginname>FAIR1M</pluginname>
		<pluginclass>object detection</pluginclass>
		<time>2021-07-21</time>
	</research>
	<size>
		<width>800</width>
		<height>600</height>
		<depth>4</depth>
	</size>
	<objects>
		<object>
			<coordinate>pixel</coordinate>
			<type>rectangle</type>
			<description>None</description>
			<possibleresult>
				<name>Van</name>
			</possibleresult>
			<points>
				<point>59.000000,141.000000</point>
				<point>51.000000,144.000000</point>
				<point>47.000000,128.000000</point>
				<point>55.000000,126.000000</point>
				<point>59.000000,141.000000</point>
			</points>
		</object>
		<object>
			<coordinate>pixel</coordinate>
			<type>rectangle</type>
			<description>None</description>
			<possibleresult>
				<name>Van</name>
			</possibleresult>
			<points>
				<point>276.000000,192.000000</point>
				<point>275.000000,199.000000</point>
				<point>252.000000,196.000000</point>
				<point>253.000000,189.000000</point>
				<point>276.000000,192.000000</point>
			</points>
		</object>
		<object>
			<coordinate>pixel</coordinate>
			<type>rectangle</type>
			<description>None</description>
			<possibleresult>
				<name>Van</name>
			</possibleresult>
			<points>
				<point>335.000000,191.000000</point>
				<point>334.000000,201.000000</point>
				<point>310.000000,199.000000</point>
				<point>311.000000,189.000000</point>
				<point>335.000000,191.000000</point>
			</points>
		</object>
		<object>
			<coordinate>pixel</coordinate>
			<type>rectangle</type>
			<description>None</description>
			<possibleresult>
				<name>Van</name>
			</possibleresult>
			<points>
				<point>385.000000,195.000000</point>
				<point>384.000000,206.000000</point>
				<point>362.000000,204.000000</point>
				<point>362.000000,194.000000</point>
				<point>385.000000,195.000000</point>
			</points>
		</object>
		<object>
			<coordinate>pixel</coordinate>
			<type>rectangle</type>
			<description>None</description>
			<possibleresult>
				<name>Van</name>
			</possibleresult>
			<points>
				<point>33.000000,275.000000</point>
				<point>10.000000,274.000000</point>
				<point>11.000000,265.000000</point>
				<point>33.000000,266.000000</point>
				<point>33.000000,275.000000</point>
			</points>
		</object>
		<object>
			<coordinate>pixel</coordinate>
			<type>rectangle</type>
			<description>None</description>
			<possibleresult>
				<name>Van</name>
			</possibleresult>
			<points>
				<point>29.000000,258.000000</point>
				<point>28.000000,265.000000</point>
				<point>14.000000,265.000000</point>
				<point>14.000000,257.000000</point>
				<point>29.000000,258.000000</point>
			</points>
		</object>
		<object>
			<coordinate>pixel</coordinate>
			<type>rectangle</type>
			<description>None</description>
			<possibleresult>
				<name>Small Car</name>
			</possibleresult>
			<points>
				<point>36.000000,300.000000</point>
				<point>14.000000,301.000000</point>
				<point>14.000000,294.000000</point>
				<point>36.000000,294.000000</point>
				<point>36.000000,300.000000</point>
			</points>
		</object>
		<object>
			<coordinate>pixel</coordinate>
			<type>rectangle</type>
			<description>None</description>
			<possibleresult>
				<name>Van</name>
			</possibleresult>
			<points>
				<point>33.000000,321.000000</point>
				<point>32.000000,328.000000</point>
				<point>11.000000,327.000000</point>
				<point>11.000000,320.000000</point>
				<point>33.000000,321.000000</point>
			</points>
		</object>
		<object>
			<coordinate>pixel</coordinate>
			<type>rectangle</type>
			<description>None</description>
			<possibleresult>
				<name>Van</name>
			</possibleresult>
			<points>
				<point>41.000000,353.000000</point>
				<point>18.000000,353.000000</point>
				<point>18.000000,345.000000</point>
				<point>41.000000,345.000000</point>
				<point>41.000000,353.000000</point>
			</points>
		</object>
		<object>
			<coordinate>pixel</coordinate>
			<type>rectangle</type>
			<description>None</description>
			<possibleresult>
				<name>Van</name>
			</possibleresult>
			<points>
				<point>39.000000,363.000000</point>
				<point>18.000000,363.000000</point>
				<point>18.000000,355.000000</point>
				<point>39.000000,355.000000</point>
				<point>39.000000,363.000000</point>
			</points>
		</object>
		<object>
			<coordinate>pixel</coordinate>
			<type>rectangle</type>
			<description>None</description>
			<possibleresult>
				<name>Small Car</name>
			</possibleresult>
			<points>
				<point>39.000000,374.000000</point>
				<point>13.000000,373.000000</point>
				<point>14.000000,364.000000</point>
				<point>39.000000,364.000000</point>
				<point>39.000000,374.000000</point>
			</points>
		</object>
		<object>
			<coordinate>pixel</coordinate>
			<type>rectangle</type>
			<description>None</description>
			<possibleresult>
				<name>Small Car</name>
			</possibleresult>
			<points>
				<point>30.000000,390.000000</point>
				<point>15.000000,389.000000</point>
				<point>15.000000,379.000000</point>
				<point>30.000000,379.000000</point>
				<point>30.000000,390.000000</point>
			</points>
		</object>
		<object>
			<coordinate>pixel</coordinate>
			<type>rectangle</type>
			<description>None</description>
			<possibleresult>
				<name>Small Car</name>
			</possibleresult>
			<points>
				<point>38.000000,414.000000</point>
				<point>17.000000,414.000000</point>
				<point>17.000000,407.000000</point>
				<point>38.000000,407.000000</point>
				<point>38.000000,414.000000</point>
			</points>
		</object>
		<object>
			<coordinate>pixel</coordinate>
			<type>rectangle</type>
			<description>None</description>
			<possibleresult>
				<name>other-vehicle</name>
			</possibleresult>
			<points>
				<point>35.000000,426.000000</point>
				<point>17.000000,425.000000</point>
				<point>17.000000,416.000000</point>
				<point>35.000000,416.000000</point>
				<point>35.000000,426.000000</point>
			</points>
		</object>
		<object>
			<coordinate>pixel</coordinate>
			<type>rectangle</type>
			<description>None</description>
			<possibleresult>
				<name>Dump Truck</name>
			</possibleresult>
			<points>
				<point>178.000000,309.000000</point>
				<point>170.000000,327.000000</point>
				<point>159.000000,322.000000</point>
				<point>168.000000,304.000000</point>
				<point>178.000000,309.000000</point>
			</points>
		</object>
		<object>
			<coordinate>pixel</coordinate>
			<type>rectangle</type>
			<description>None</description>
			<possibleresult>
				<name>Van</name>
			</possibleresult>
			<points>
				<point>198.000000,316.000000</point>
				<point>192.000000,333.000000</point>
				<point>182.000000,330.000000</point>
				<point>188.000000,313.000000</point>
				<point>198.000000,316.000000</point>
			</points>
		</object>
		<object>
			<coordinate>pixel</coordinate>
			<type>rectangle</type>
			<description>None</description>
			<possibleresult>
				<name>Van</name>
			</possibleresult>
			<points>
				<point>187.000000,312.000000</point>
				<point>181.000000,329.000000</point>
				<point>172.000000,326.000000</point>
				<point>178.000000,309.000000</point>
				<point>187.000000,312.000000</point>
			</points>
		</object>
		<object>
			<coordinate>pixel</coordinate>
			<type>rectangle</type>
			<description>None</description>
			<possibleresult>
				<name>Van</name>
			</possibleresult>
			<points>
				<point>207.000000,321.000000</point>
				<point>203.000000,336.000000</point>
				<point>194.000000,333.000000</point>
				<point>198.000000,318.000000</point>
				<point>207.000000,321.000000</point>
			</points>
		</object>
		<object>
			<coordinate>pixel</coordinate>
			<type>rectangle</type>
			<description>None</description>
			<possibleresult>
				<name>Van</name>
			</possibleresult>
			<points>
				<point>220.000000,323.000000</point>
				<point>213.000000,339.000000</point>
				<point>205.000000,335.000000</point>
				<point>212.000000,319.000000</point>
				<point>220.000000,323.000000</point>
			</points>
		</object>
		<object>
			<coordinate>pixel</coordinate>
			<type>rectangle</type>
			<description>None</description>
			<possibleresult>
				<name>Small Car</name>
			</possibleresult>
			<points>
				<point>241.000000,331.000000</point>
				<point>233.000000,346.000000</point>
				<point>226.000000,342.000000</point>
				<point>234.000000,328.000000</point>
				<point>241.000000,331.000000</point>
			</points>
		</object>
		<object>
			<coordinate>pixel</coordinate>
			<type>rectangle</type>
			<description>None</description>
			<possibleresult>
				<name>Small Car</name>
			</possibleresult>
			<points>
				<point>252.000000,334.000000</point>
				<point>248.000000,342.000000</point>
				<point>240.000000,337.000000</point>
				<point>244.000000,330.000000</point>
				<point>252.000000,334.000000</point>
			</points>
		</object>
		<object>
			<coordinate>pixel</coordinate>
			<type>rectangle</type>
			<description>None</description>
			<possibleresult>
				<name>Small Car</name>
			</possibleresult>
			<points>
				<point>265.000000,338.000000</point>
				<point>260.000000,345.000000</point>
				<point>254.000000,341.000000</point>
				<point>258.000000,334.000000</point>
				<point>265.000000,338.000000</point>
			</points>
		</object>
		<object>
			<coordinate>pixel</coordinate>
			<type>rectangle</type>
			<description>None</description>
			<possibleresult>
				<name>Van</name>
			</possibleresult>
			<points>
				<point>303.000000,350.000000</point>
				<point>297.000000,361.000000</point>
				<point>291.000000,358.000000</point>
				<point>297.000000,346.000000</point>
				<point>303.000000,350.000000</point>
			</points>
		</object>
		<object>
			<coordinate>pixel</coordinate>
			<type>rectangle</type>
			<description>None</description>
			<possibleresult>
				<name>Van</name>
			</possibleresult>
			<points>
				<point>317.000000,354.000000</point>
				<point>309.000000,368.000000</point>
				<point>302.000000,364.000000</point>
				<point>310.000000,350.000000</point>
				<point>317.000000,354.000000</point>
			</points>
		</object>
		<object>
			<coordinate>pixel</coordinate>
			<type>rectangle</type>
			<description>None</description>
			<possibleresult>
				<name>Van</name>
			</possibleresult>
			<points>
				<point>326.000000,357.000000</point>
				<point>319.000000,372.000000</point>
				<point>311.000000,368.000000</point>
				<point>318.000000,353.000000</point>
				<point>326.000000,357.000000</point>
			</points>
		</object>
		<object>
			<coordinate>pixel</coordinate>
			<type>rectangle</type>
			<description>None</description>
			<possibleresult>
				<name>Van</name>
			</possibleresult>
			<points>
				<point>336.000000,358.000000</point>
				<point>331.000000,375.000000</point>
				<point>322.000000,372.000000</point>
				<point>327.000000,356.000000</point>
				<point>336.000000,358.000000</point>
			</points>
		</object>
		<object>
			<coordinate>pixel</coordinate>
			<type>rectangle</type>
			<description>None</description>
			<possibleresult>
				<name>Van</name>
			</possibleresult>
			<points>
				<point>355.000000,322.000000</point>
				<point>347.000000,335.000000</point>
				<point>340.000000,330.000000</point>
				<point>347.000000,317.000000</point>
				<point>355.000000,322.000000</point>
			</points>
		</object>
		<object>
			<coordinate>pixel</coordinate>
			<type>rectangle</type>
			<description>None</description>
			<possibleresult>
				<name>Small Car</name>
			</possibleresult>
			<points>
				<point>332.000000,313.000000</point>
				<point>329.000000,328.000000</point>
				<point>319.000000,327.000000</point>
				<point>322.000000,311.000000</point>
				<point>332.000000,313.000000</point>
			</points>
		</object>
		<object>
			<coordinate>pixel</coordinate>
			<type>rectangle</type>
			<description>None</description>
			<possibleresult>
				<name>Van</name>
			</possibleresult>
			<points>
				<point>321.000000,310.000000</point>
				<point>316.000000,325.000000</point>
				<point>307.000000,322.000000</point>
				<point>311.000000,307.000000</point>
				<point>321.000000,310.000000</point>
			</points>
		</object>
		<object>
			<coordinate>pixel</coordinate>
			<type>rectangle</type>
			<description>None</description>
			<possibleresult>
				<name>Small Car</name>
			</possibleresult>
			<points>
				<point>310.000000,308.000000</point>
				<point>302.000000,323.000000</point>
				<point>294.000000,319.000000</point>
				<point>302.000000,304.000000</point>
				<point>310.000000,308.000000</point>
			</points>
		</object>
		<object>
			<coordinate>pixel</coordinate>
			<type>rectangle</type>
			<description>None</description>
			<possibleresult>
				<name>Van</name>
			</possibleresult>
			<points>
				<point>301.000000,303.000000</point>
				<point>291.000000,319.000000</point>
				<point>283.000000,314.000000</point>
				<point>294.000000,298.000000</point>
				<point>301.000000,303.000000</point>
			</points>
		</object>
		<object>
			<coordinate>pixel</coordinate>
			<type>rectangle</type>
			<description>None</description>
			<possibleresult>
				<name>Small Car</name>
			</possibleresult>
			<points>
				<point>283.000000,297.000000</point>
				<point>276.000000,312.000000</point>
				<point>268.000000,308.000000</point>
				<point>274.000000,293.000000</point>
				<point>283.000000,297.000000</point>
			</points>
		</object>
		<object>
			<coordinate>pixel</coordinate>
			<type>rectangle</type>
			<description>None</description>
			<possibleresult>
				<name>Van</name>
			</possibleresult>
			<points>
				<point>271.000000,295.000000</point>
				<point>264.000000,309.000000</point>
				<point>256.000000,305.000000</point>
				<point>262.000000,291.000000</point>
				<point>271.000000,295.000000</point>
			</points>
		</object>
		<object>
			<coordinate>pixel</coordinate>
			<type>rectangle</type>
			<description>None</description>
			<possibleresult>
				<name>Van</name>
			</possibleresult>
			<points>
				<point>262.000000,290.000000</point>
				<point>251.000000,307.000000</point>
				<point>243.000000,302.000000</point>
				<point>253.000000,285.000000</point>
				<point>262.000000,290.000000</point>
			</points>
		</object>
		<object>
			<coordinate>pixel</coordinate>
			<type>rectangle</type>
			<description>None</description>
			<possibleresult>
				<name>Small Car</name>
			</possibleresult>
			<points>
				<point>249.000000,288.000000</point>
				<point>241.000000,305.000000</point>
				<point>233.000000,301.000000</point>
				<point>241.000000,284.000000</point>
				<point>249.000000,288.000000</point>
			</points>
		</object>
		<object>
			<coordinate>pixel</coordinate>
			<type>rectangle</type>
			<description>None</description>
			<possibleresult>
				<name>Van</name>
			</possibleresult>
			<points>
				<point>237.000000,286.000000</point>
				<point>230.000000,301.000000</point>
				<point>221.000000,297.000000</point>
				<point>229.000000,281.000000</point>
				<point>237.000000,286.000000</point>
			</points>
		</object>
		<object>
			<coordinate>pixel</coordinate>
			<type>rectangle</type>
			<description>None</description>
			<possibleresult>
				<name>Van</name>
			</possibleresult>
			<points>
				<point>228.000000,279.000000</point>
				<point>222.000000,293.000000</point>
				<point>213.000000,290.000000</point>
				<point>219.000000,275.000000</point>
				<point>228.000000,279.000000</point>
			</points>
		</object>
		<object>
			<coordinate>pixel</coordinate>
			<type>rectangle</type>
			<description>None</description>
			<possibleresult>
				<name>Van</name>
			</possibleresult>
			<points>
				<point>217.000000,279.000000</point>
				<point>208.000000,293.000000</point>
				<point>200.000000,288.000000</point>
				<point>209.000000,273.000000</point>
				<point>217.000000,279.000000</point>
			</points>
		</object>
		<object>
			<coordinate>pixel</coordinate>
			<type>rectangle</type>
			<description>None</description>
			<possibleresult>
				<name>Small Car</name>
			</possibleresult>
			<points>
				<point>204.000000,277.000000</point>
				<point>196.000000,293.000000</point>
				<point>187.000000,288.000000</point>
				<point>195.000000,272.000000</point>
				<point>204.000000,277.000000</point>
			</points>
		</object>
		<object>
			<coordinate>pixel</coordinate>
			<type>rectangle</type>
			<description>None</description>
			<possibleresult>
				<name>Small Car</name>
			</possibleresult>
			<points>
				<point>193.000000,271.000000</point>
				<point>185.000000,287.000000</point>
				<point>177.000000,283.000000</point>
				<point>185.000000,266.000000</point>
				<point>193.000000,271.000000</point>
			</points>
		</object>
		<object>
			<coordinate>pixel</coordinate>
			<type>rectangle</type>
			<description>None</description>
			<possibleresult>
				<name>Small Car</name>
			</possibleresult>
			<points>
				<point>421.000000,334.000000</point>
				<point>408.000000,351.000000</point>
				<point>400.000000,346.000000</point>
				<point>413.000000,328.000000</point>
				<point>421.000000,334.000000</point>
			</points>
		</object>
		<object>
			<coordinate>pixel</coordinate>
			<type>rectangle</type>
			<description>None</description>
			<possibleresult>
				<name>Van</name>
			</possibleresult>
			<points>
				<point>486.000000,348.000000</point>
				<point>478.000000,353.000000</point>
				<point>468.000000,336.000000</point>
				<point>476.000000,331.000000</point>
				<point>486.000000,348.000000</point>
			</points>
		</object>
		<object>
			<coordinate>pixel</coordinate>
			<type>rectangle</type>
			<description>None</description>
			<possibleresult>
				<name>Small Car</name>
			</possibleresult>
			<points>
				<point>501.000000,385.000000</point>
				<point>483.000000,394.000000</point>
				<point>479.000000,387.000000</point>
				<point>497.000000,378.000000</point>
				<point>501.000000,385.000000</point>
			</points>
		</object>
		<object>
			<coordinate>pixel</coordinate>
			<type>rectangle</type>
			<description>None</description>
			<possibleresult>
				<name>Van</name>
			</possibleresult>
			<points>
				<point>506.000000,152.000000</point>
				<point>493.000000,164.000000</point>
				<point>487.000000,158.000000</point>
				<point>500.000000,146.000000</point>
				<point>506.000000,152.000000</point>
			</points>
		</object>
		<object>
			<coordinate>pixel</coordinate>
			<type>rectangle</type>
			<description>None</description>
			<possibleresult>
				<name>Cargo Truck</name>
			</possibleresult>
			<points>
				<point>613.000000,574.000000</point>
				<point>611.000000,585.000000</point>
				<point>587.000000,580.000000</point>
				<point>589.000000,569.000000</point>
				<point>613.000000,574.000000</point>
			</points>
		</object>
		<object>
			<coordinate>pixel</coordinate>
			<type>rectangle</type>
			<description>None</description>
			<possibleresult>
				<name>Cargo Truck</name>
			</possibleresult>
			<points>
				<point>617.000000,565.000000</point>
				<point>615.000000,575.000000</point>
				<point>591.000000,568.000000</point>
				<point>594.000000,558.000000</point>
				<point>617.000000,565.000000</point>
			</points>
		</object>
		<object>
			<coordinate>pixel</coordinate>
			<type>rectangle</type>
			<description>None</description>
			<possibleresult>
				<name>Cargo Truck</name>
			</possibleresult>
			<points>
				<point>627.000000,552.000000</point>
				<point>595.000000,557.000000</point>
				<point>594.000000,546.000000</point>
				<point>625.000000,542.000000</point>
				<point>627.000000,552.000000</point>
			</points>
		</object>
		<object>
			<coordinate>pixel</coordinate>
			<type>rectangle</type>
			<description>None</description>
			<possibleresult>
				<name>Cargo Truck</name>
			</possibleresult>
			<points>
				<point>581.000000,539.000000</point>
				<point>579.000000,549.000000</point>
				<point>547.000000,541.000000</point>
				<point>549.000000,532.000000</point>
				<point>581.000000,539.000000</point>
			</points>
		</object>
		<object>
			<coordinate>pixel</coordinate>
			<type>rectangle</type>
			<description>None</description>
			<possibleresult>
				<name>Intersection</name>
			</possibleresult>
			<points>
				<point>125.000000,174.000000</point>
				<point>124.000000,217.000000</point>
				<point>47.000000,215.000000</point>
				<point>48.000000,172.000000</point>
				<point>125.000000,174.000000</point>
			</points>
		</object>
	</objects>
</annotation>