<?xml version="1.0" encoding="utf-8"?>
<annotation>
	<source>
		<filename>14083.tif</filename>
		<origin>GF2/GF3</origin>
	</source>
	<research>
		<version>1.0</version>
		<provider>FAIR1M</provider>
		<author>Cyber</author>
		<pluginname>FAIR1M</pluginname>
		<pluginclass>object detection</pluginclass>
		<time>2021-07-21</time>
	</research>
	<size>
		<width>600</width>
		<height>800</height>
		<depth>3</depth>
	</size>
	<objects>
		<object>
			<coordinate>pixel</coordinate>
			<type>rectangle</type>
			<description>None</description>
			<possibleresult>
				<name>Liquid Cargo Ship</name>
			</possibleresult>
			<points>
				<point>367.000000,730.000000</point>
				<point>349.000000,767.000000</point>
				<point>153.000000,671.000000</point>
				<point>171.000000,634.000000</point>
				<point>367.000000,730.000000</point>
			</points>
		</object>
	</objects>
</annotation>