<?xml version="1.0" encoding="utf-8"?>
<annotation>
	<source>
		<filename>14176.tif</filename>
		<origin>GF2/GF3</origin>
	</source>
	<research>
		<version>1.0</version>
		<provider>FAIR1M</provider>
		<author>Cyber</author>
		<pluginname>FAIR1M</pluginname>
		<pluginclass>object detection</pluginclass>
		<time>2021-07-21</time>
	</research>
	<size>
		<width>800</width>
		<height>600</height>
		<depth>4</depth>
	</size>
	<objects>
		<object>
			<coordinate>pixel</coordinate>
			<type>rectangle</type>
			<description>None</description>
			<possibleresult>
				<name>Van</name>
			</possibleresult>
			<points>
				<point>120.000000,449.000000</point>
				<point>97.000000,449.000000</point>
				<point>98.000000,441.000000</point>
				<point>120.000000,442.000000</point>
				<point>120.000000,449.000000</point>
			</points>
		</object>
		<object>
			<coordinate>pixel</coordinate>
			<type>rectangle</type>
			<description>None</description>
			<possibleresult>
				<name>Small Car</name>
			</possibleresult>
			<points>
				<point>125.000000,336.000000</point>
				<point>103.000000,337.000000</point>
				<point>103.000000,330.000000</point>
				<point>125.000000,329.000000</point>
				<point>125.000000,336.000000</point>
			</points>
		</object>
		<object>
			<coordinate>pixel</coordinate>
			<type>rectangle</type>
			<description>None</description>
			<possibleresult>
				<name>Van</name>
			</possibleresult>
			<points>
				<point>135.000000,286.000000</point>
				<point>112.000000,287.000000</point>
				<point>112.000000,279.000000</point>
				<point>135.000000,278.000000</point>
				<point>135.000000,286.000000</point>
			</points>
		</object>
		<object>
			<coordinate>pixel</coordinate>
			<type>rectangle</type>
			<description>None</description>
			<possibleresult>
				<name>Small Car</name>
			</possibleresult>
			<points>
				<point>72.000000,256.000000</point>
				<point>61.000000,256.000000</point>
				<point>61.000000,241.000000</point>
				<point>72.000000,241.000000</point>
				<point>72.000000,256.000000</point>
			</points>
		</object>
		<object>
			<coordinate>pixel</coordinate>
			<type>rectangle</type>
			<description>None</description>
			<possibleresult>
				<name>Small Car</name>
			</possibleresult>
			<points>
				<point>22.000000,95.000000</point>
				<point>12.000000,96.000000</point>
				<point>12.000000,78.000000</point>
				<point>22.000000,78.000000</point>
				<point>22.000000,95.000000</point>
			</points>
		</object>
		<object>
			<coordinate>pixel</coordinate>
			<type>rectangle</type>
			<description>None</description>
			<possibleresult>
				<name>Van</name>
			</possibleresult>
			<points>
				<point>71.000000,88.000000</point>
				<point>60.000000,88.000000</point>
				<point>60.000000,72.000000</point>
				<point>71.000000,72.000000</point>
				<point>71.000000,88.000000</point>
			</points>
		</object>
		<object>
			<coordinate>pixel</coordinate>
			<type>rectangle</type>
			<description>None</description>
			<possibleresult>
				<name>Van</name>
			</possibleresult>
			<points>
				<point>73.000000,36.000000</point>
				<point>72.000000,52.000000</point>
				<point>62.000000,52.000000</point>
				<point>63.000000,35.000000</point>
				<point>73.000000,36.000000</point>
			</points>
		</object>
		<object>
			<coordinate>pixel</coordinate>
			<type>rectangle</type>
			<description>None</description>
			<possibleresult>
				<name>Van</name>
			</possibleresult>
			<points>
				<point>21.000000,9.000000</point>
				<point>12.000000,9.000000</point>
				<point>11.000000,0.000000</point>
				<point>20.000000,0.000000</point>
				<point>21.000000,9.000000</point>
			</points>
		</object>
		<object>
			<coordinate>pixel</coordinate>
			<type>rectangle</type>
			<description>None</description>
			<possibleresult>
				<name>Van</name>
			</possibleresult>
			<points>
				<point>115.000000,22.000000</point>
				<point>114.000000,31.000000</point>
				<point>93.000000,30.000000</point>
				<point>93.000000,22.000000</point>
				<point>115.000000,22.000000</point>
			</points>
		</object>
		<object>
			<coordinate>pixel</coordinate>
			<type>rectangle</type>
			<description>None</description>
			<possibleresult>
				<name>Baseball Field</name>
			</possibleresult>
			<points>
				<point>602.000000,386.000000</point>
				<point>441.000000,386.000000</point>
				<point>441.000000,277.000000</point>
				<point>602.000000,277.000000</point>
				<point>602.000000,386.000000</point>
			</points>
		</object>
		<object>
			<coordinate>pixel</coordinate>
			<type>rectangle</type>
			<description>None</description>
			<possibleresult>
				<name>Small Car</name>
			</possibleresult>
			<points>
				<point>280.000000,474.000000</point>
				<point>257.000000,474.000000</point>
				<point>257.000000,465.000000</point>
				<point>280.000000,465.000000</point>
				<point>280.000000,474.000000</point>
			</points>
		</object>
		<object>
			<coordinate>pixel</coordinate>
			<type>rectangle</type>
			<description>None</description>
			<possibleresult>
				<name>Small Car</name>
			</possibleresult>
			<points>
				<point>344.000000,504.000000</point>
				<point>335.000000,505.000000</point>
				<point>334.000000,490.000000</point>
				<point>344.000000,490.000000</point>
				<point>344.000000,504.000000</point>
			</points>
		</object>
		<object>
			<coordinate>pixel</coordinate>
			<type>rectangle</type>
			<description>None</description>
			<possibleresult>
				<name>Small Car</name>
			</possibleresult>
			<points>
				<point>403.000000,587.000000</point>
				<point>394.000000,587.000000</point>
				<point>394.000000,571.000000</point>
				<point>403.000000,571.000000</point>
				<point>403.000000,587.000000</point>
			</points>
		</object>
		<object>
			<coordinate>pixel</coordinate>
			<type>rectangle</type>
			<description>None</description>
			<possibleresult>
				<name>Van</name>
			</possibleresult>
			<points>
				<point>686.000000,474.000000</point>
				<point>664.000000,474.000000</point>
				<point>664.000000,466.000000</point>
				<point>686.000000,466.000000</point>
				<point>686.000000,474.000000</point>
			</points>
		</object>
		<object>
			<coordinate>pixel</coordinate>
			<type>rectangle</type>
			<description>None</description>
			<possibleresult>
				<name>Van</name>
			</possibleresult>
			<points>
				<point>777.000000,455.000000</point>
				<point>750.000000,456.000000</point>
				<point>750.000000,448.000000</point>
				<point>776.000000,448.000000</point>
				<point>777.000000,455.000000</point>
			</points>
		</object>
		<object>
			<coordinate>pixel</coordinate>
			<type>rectangle</type>
			<description>None</description>
			<possibleresult>
				<name>Dump Truck</name>
			</possibleresult>
			<points>
				<point>733.000000,596.000000</point>
				<point>709.000000,595.000000</point>
				<point>710.000000,586.000000</point>
				<point>733.000000,587.000000</point>
				<point>733.000000,596.000000</point>
			</points>
		</object>
		<object>
			<coordinate>pixel</coordinate>
			<type>rectangle</type>
			<description>None</description>
			<possibleresult>
				<name>Intersection</name>
			</possibleresult>
			<points>
				<point>70.000000,477.000000</point>
				<point>7.000000,478.000000</point>
				<point>7.000000,439.000000</point>
				<point>69.000000,438.000000</point>
				<point>70.000000,477.000000</point>
			</points>
		</object>
	</objects>
</annotation>