<?xml version="1.0" encoding="utf-8"?>
<annotation>
	<source>
		<filename>14182.tif</filename>
		<origin>GF2/GF3</origin>
	</source>
	<research>
		<version>1.0</version>
		<provider>FAIR1M</provider>
		<author>Cyber</author>
		<pluginname>FAIR1M</pluginname>
		<pluginclass>object detection</pluginclass>
		<time>2021-07-21</time>
	</research>
	<size>
		<width>600</width>
		<height>800</height>
		<depth>4</depth>
	</size>
	<objects>
		<object>
			<coordinate>pixel</coordinate>
			<type>rectangle</type>
			<description>None</description>
			<possibleresult>
				<name>Baseball Field</name>
			</possibleresult>
			<points>
				<point>511.000000,211.000000</point>
				<point>453.000000,312.000000</point>
				<point>342.000000,249.000000</point>
				<point>401.000000,148.000000</point>
				<point>511.000000,211.000000</point>
			</points>
		</object>
		<object>
			<coordinate>pixel</coordinate>
			<type>rectangle</type>
			<description>None</description>
			<possibleresult>
				<name>Van</name>
			</possibleresult>
			<points>
				<point>600.000000,434.000000</point>
				<point>584.000000,427.000000</point>
				<point>588.000000,420.000000</point>
				<point>600.000000,425.000000</point>
				<point>600.000000,434.000000</point>
			</points>
		</object>
		<object>
			<coordinate>pixel</coordinate>
			<type>rectangle</type>
			<description>None</description>
			<possibleresult>
				<name>Van</name>
			</possibleresult>
			<points>
				<point>357.000000,457.000000</point>
				<point>355.000000,463.000000</point>
				<point>334.000000,454.000000</point>
				<point>337.000000,447.000000</point>
				<point>357.000000,457.000000</point>
			</points>
		</object>
		<object>
			<coordinate>pixel</coordinate>
			<type>rectangle</type>
			<description>None</description>
			<possibleresult>
				<name>Van</name>
			</possibleresult>
			<points>
				<point>383.000000,465.000000</point>
				<point>379.000000,474.000000</point>
				<point>359.000000,465.000000</point>
				<point>363.000000,456.000000</point>
				<point>383.000000,465.000000</point>
			</points>
		</object>
		<object>
			<coordinate>pixel</coordinate>
			<type>rectangle</type>
			<description>None</description>
			<possibleresult>
				<name>Van</name>
			</possibleresult>
			<points>
				<point>355.000000,507.000000</point>
				<point>353.000000,515.000000</point>
				<point>333.000000,508.000000</point>
				<point>335.000000,501.000000</point>
				<point>355.000000,507.000000</point>
			</points>
		</object>
		<object>
			<coordinate>pixel</coordinate>
			<type>rectangle</type>
			<description>None</description>
			<possibleresult>
				<name>Van</name>
			</possibleresult>
			<points>
				<point>363.000000,565.000000</point>
				<point>355.000000,581.000000</point>
				<point>342.000000,574.000000</point>
				<point>350.000000,558.000000</point>
				<point>363.000000,565.000000</point>
			</points>
		</object>
		<object>
			<coordinate>pixel</coordinate>
			<type>rectangle</type>
			<description>None</description>
			<possibleresult>
				<name>Small Car</name>
			</possibleresult>
			<points>
				<point>78.000000,599.000000</point>
				<point>75.000000,608.000000</point>
				<point>51.000000,600.000000</point>
				<point>54.000000,591.000000</point>
				<point>78.000000,599.000000</point>
			</points>
		</object>
		<object>
			<coordinate>pixel</coordinate>
			<type>rectangle</type>
			<description>None</description>
			<possibleresult>
				<name>Intersection</name>
			</possibleresult>
			<points>
				<point>539.000000,407.000000</point>
				<point>502.000000,454.000000</point>
				<point>457.000000,419.000000</point>
				<point>495.000000,372.000000</point>
				<point>539.000000,407.000000</point>
			</points>
		</object>
		<object>
			<coordinate>pixel</coordinate>
			<type>rectangle</type>
			<description>None</description>
			<possibleresult>
				<name>Intersection</name>
			</possibleresult>
			<points>
				<point>334.000000,664.000000</point>
				<point>297.000000,711.000000</point>
				<point>260.000000,682.000000</point>
				<point>296.000000,635.000000</point>
				<point>334.000000,664.000000</point>
			</points>
		</object>
		<object>
			<coordinate>pixel</coordinate>
			<type>rectangle</type>
			<description>None</description>
			<possibleresult>
				<name>Dump Truck</name>
			</possibleresult>
			<points>
				<point>445.000000,604.000000</point>
				<point>443.000000,611.000000</point>
				<point>419.000000,602.000000</point>
				<point>422.000000,595.000000</point>
				<point>445.000000,604.000000</point>
			</points>
		</object>
		<object>
			<coordinate>pixel</coordinate>
			<type>rectangle</type>
			<description>None</description>
			<possibleresult>
				<name>Small Car</name>
			</possibleresult>
			<points>
				<point>584.000000,623.000000</point>
				<point>580.000000,639.000000</point>
				<point>571.000000,636.000000</point>
				<point>575.000000,620.000000</point>
				<point>584.000000,623.000000</point>
			</points>
		</object>
		<object>
			<coordinate>pixel</coordinate>
			<type>rectangle</type>
			<description>None</description>
			<possibleresult>
				<name>Small Car</name>
			</possibleresult>
			<points>
				<point>544.000000,774.000000</point>
				<point>542.000000,780.000000</point>
				<point>522.000000,773.000000</point>
				<point>525.000000,767.000000</point>
				<point>544.000000,774.000000</point>
			</points>
		</object>
		<object>
			<coordinate>pixel</coordinate>
			<type>rectangle</type>
			<description>None</description>
			<possibleresult>
				<name>Van</name>
			</possibleresult>
			<points>
				<point>588.000000,579.000000</point>
				<point>580.000000,593.000000</point>
				<point>574.000000,589.000000</point>
				<point>581.000000,575.000000</point>
				<point>588.000000,579.000000</point>
			</points>
		</object>
		<object>
			<coordinate>pixel</coordinate>
			<type>rectangle</type>
			<description>None</description>
			<possibleresult>
				<name>Football Field</name>
			</possibleresult>
			<points>
				<point>292.948303,248.173981</point>
				<point>221.999954,97.999985</point>
				<point>525.051575,-45.174026</point>
				<point>595.999939,104.999969</point>
				<point>292.948303,248.173981</point>
			</points>
		</object>
		<object>
			<coordinate>pixel</coordinate>
			<type>rectangle</type>
			<description>None</description>
			<possibleresult>
				<name>Small Car</name>
			</possibleresult>
			<points>
				<point>411.000000,499.000000</point>
				<point>402.000000,517.000000</point>
				<point>391.000000,511.000000</point>
				<point>399.000000,493.000000</point>
				<point>411.000000,499.000000</point>
			</points>
		</object>
	</objects>
</annotation>