<?xml version="1.0" encoding="utf-8"?>
<annotation>
	<source>
		<filename>14203.tif</filename>
		<origin>GF2/GF3</origin>
	</source>
	<research>
		<version>1.0</version>
		<provider>FAIR1M</provider>
		<author>Cyber</author>
		<pluginname>FAIR1M</pluginname>
		<pluginclass>object detection</pluginclass>
		<time>2021-07-21</time>
	</research>
	<size>
		<width>600</width>
		<height>800</height>
		<depth>4</depth>
	</size>
	<objects>
		<object>
			<coordinate>pixel</coordinate>
			<type>rectangle</type>
			<description>None</description>
			<possibleresult>
				<name>Excavator</name>
			</possibleresult>
			<points>
				<point>434.000000,281.000000</point>
				<point>431.000000,315.000000</point>
				<point>414.000000,314.000000</point>
				<point>417.000000,280.000000</point>
				<point>434.000000,281.000000</point>
			</points>
		</object>
		<object>
			<coordinate>pixel</coordinate>
			<type>rectangle</type>
			<description>None</description>
			<possibleresult>
				<name>Dump Truck</name>
			</possibleresult>
			<points>
				<point>272.000000,482.000000</point>
				<point>262.000000,483.000000</point>
				<point>261.000000,462.000000</point>
				<point>271.000000,461.000000</point>
				<point>272.000000,482.000000</point>
			</points>
		</object>
		<object>
			<coordinate>pixel</coordinate>
			<type>rectangle</type>
			<description>None</description>
			<possibleresult>
				<name>Small Car</name>
			</possibleresult>
			<points>
				<point>179.000000,185.000000</point>
				<point>155.000000,185.000000</point>
				<point>155.000000,178.000000</point>
				<point>179.000000,178.000000</point>
				<point>179.000000,185.000000</point>
			</points>
		</object>
		<object>
			<coordinate>pixel</coordinate>
			<type>rectangle</type>
			<description>None</description>
			<possibleresult>
				<name>Dump Truck</name>
			</possibleresult>
			<points>
				<point>572.000000,10.000000</point>
				<point>571.000000,18.000000</point>
				<point>548.000000,17.000000</point>
				<point>549.000000,9.000000</point>
				<point>572.000000,10.000000</point>
			</points>
		</object>
		<object>
			<coordinate>pixel</coordinate>
			<type>rectangle</type>
			<description>None</description>
			<possibleresult>
				<name>Excavator</name>
			</possibleresult>
			<points>
				<point>476.000000,52.000000</point>
				<point>467.000000,57.000000</point>
				<point>455.000000,38.000000</point>
				<point>464.000000,33.000000</point>
				<point>476.000000,52.000000</point>
			</points>
		</object>
		<object>
			<coordinate>pixel</coordinate>
			<type>rectangle</type>
			<description>None</description>
			<possibleresult>
				<name>Excavator</name>
			</possibleresult>
			<points>
				<point>370.000000,254.000000</point>
				<point>356.000000,258.000000</point>
				<point>353.000000,247.000000</point>
				<point>368.000000,243.000000</point>
				<point>370.000000,254.000000</point>
			</points>
		</object>
	</objects>
</annotation>