<?xml version="1.0" encoding="utf-8"?>
<annotation>
	<source>
		<filename>14286.tif</filename>
		<origin>GF2/GF3</origin>
	</source>
	<research>
		<version>1.0</version>
		<provider>FAIR1M</provider>
		<author>Cyber</author>
		<pluginname>FAIR1M</pluginname>
		<pluginclass>object detection</pluginclass>
		<time>2021-07-21</time>
	</research>
	<size>
		<width>600</width>
		<height>800</height>
		<depth>4</depth>
	</size>
	<objects>
		<object>
			<coordinate>pixel</coordinate>
			<type>rectangle</type>
			<description>None</description>
			<possibleresult>
				<name>Football Field</name>
			</possibleresult>
			<points>
				<point>392.000000,97.000000</point>
				<point>376.000000,555.000000</point>
				<point>74.000000,551.000000</point>
				<point>87.000000,92.000000</point>
				<point>392.000000,97.000000</point>
			</points>
		</object>
	</objects>
</annotation>