<?xml version="1.0" encoding="utf-8"?>
<annotation>
	<source>
		<filename>14287.tif</filename>
		<origin>GF2/GF3</origin>
	</source>
	<research>
		<version>1.0</version>
		<provider>FAIR1M</provider>
		<author>Cyber</author>
		<pluginname>FAIR1M</pluginname>
		<pluginclass>object detection</pluginclass>
		<time>2021-07-21</time>
	</research>
	<size>
		<width>1000</width>
		<height>1000</height>
		<depth>3</depth>
	</size>
	<objects>
		<object>
			<coordinate>pixel</coordinate>
			<type>rectangle</type>
			<description>None</description>
			<possibleresult>
				<name>Bridge</name>
			</possibleresult>
			<points>
				<point>67.000000,73.000000</point>
				<point>134.000000,88.000000</point>
				<point>138.000000,74.000000</point>
				<point>71.000000,58.000000</point>
				<point>67.000000,73.000000</point>
			</points>
		</object>
		<object>
			<coordinate>pixel</coordinate>
			<type>rectangle</type>
			<description>None</description>
			<possibleresult>
				<name>Bridge</name>
			</possibleresult>
			<points>
				<point>18.000000,185.000000</point>
				<point>93.000000,213.000000</point>
				<point>96.000000,206.000000</point>
				<point>21.000000,177.000000</point>
				<point>18.000000,185.000000</point>
			</points>
		</object>
	</objects>
</annotation>