<?xml version="1.0" encoding="utf-8"?>
<annotation>
	<source>
		<filename>14327.tif</filename>
		<origin>GF2/GF3</origin>
	</source>
	<research>
		<version>1.0</version>
		<provider>FAIR1M</provider>
		<author>Cyber</author>
		<pluginname>FAIR1M</pluginname>
		<pluginclass>object detection</pluginclass>
		<time>2021-07-21</time>
	</research>
	<size>
		<width>600</width>
		<height>800</height>
		<depth>3</depth>
	</size>
	<objects>
		<object>
			<coordinate>pixel</coordinate>
			<type>rectangle</type>
			<description>None</description>
			<possibleresult>
				<name>Engineering Ship</name>
			</possibleresult>
			<points>
				<point>245.000000,63.000000</point>
				<point>229.000000,145.000000</point>
				<point>200.000000,138.000000</point>
				<point>214.000000,60.000000</point>
				<point>245.000000,63.000000</point>
			</points>
		</object>
		<object>
			<coordinate>pixel</coordinate>
			<type>rectangle</type>
			<description>None</description>
			<possibleresult>
				<name>Dry Cargo Ship</name>
			</possibleresult>
			<points>
				<point>50.000000,156.000000</point>
				<point>44.000000,229.000000</point>
				<point>23.000000,228.000000</point>
				<point>29.000000,154.000000</point>
				<point>50.000000,156.000000</point>
			</points>
		</object>
		<object>
			<coordinate>pixel</coordinate>
			<type>rectangle</type>
			<description>None</description>
			<possibleresult>
				<name>Engineering Ship</name>
			</possibleresult>
			<points>
				<point>75.000000,175.000000</point>
				<point>69.000000,226.000000</point>
				<point>43.000000,220.000000</point>
				<point>49.000000,170.000000</point>
				<point>75.000000,175.000000</point>
			</points>
		</object>
		<object>
			<coordinate>pixel</coordinate>
			<type>rectangle</type>
			<description>None</description>
			<possibleresult>
				<name>Engineering Ship</name>
			</possibleresult>
			<points>
				<point>50.416031,588.099915</point>
				<point>42.999992,619.000061</point>
				<point>0.000004,608.680054</point>
				<point>0.000000,576.000061</point>
				<point>50.416031,588.099915</point>
			</points>
		</object>
		<object>
			<coordinate>pixel</coordinate>
			<type>rectangle</type>
			<description>None</description>
			<possibleresult>
				<name>Dry Cargo Ship</name>
			</possibleresult>
			<points>
				<point>45.000000,372.000000</point>
				<point>44.000000,445.000000</point>
				<point>22.000000,445.000000</point>
				<point>23.000000,372.000000</point>
				<point>45.000000,372.000000</point>
			</points>
		</object>
	</objects>
</annotation>