<?xml version="1.0" encoding="utf-8"?>
<annotation>
	<source>
		<filename>14384.tif</filename>
		<origin>GF2/GF3</origin>
	</source>
	<research>
		<version>1.0</version>
		<provider>FAIR1M</provider>
		<author>Cyber</author>
		<pluginname>FAIR1M</pluginname>
		<pluginclass>object detection</pluginclass>
		<time>2021-07-21</time>
	</research>
	<size>
		<width>1000</width>
		<height>1000</height>
		<depth>3</depth>
	</size>
	<objects>
		<object>
			<coordinate>pixel</coordinate>
			<type>rectangle</type>
			<description>None</description>
			<possibleresult>
				<name>Boeing787</name>
			</possibleresult>
			<points>
				<point>744.000000,323.000000</point>
				<point>665.000000,326.000000</point>
				<point>667.000000,401.000000</point>
				<point>747.000000,399.000000</point>
				<point>744.000000,323.000000</point>
			</points>
		</object>
		<object>
			<coordinate>pixel</coordinate>
			<type>rectangle</type>
			<description>None</description>
			<possibleresult>
				<name>A220</name>
			</possibleresult>
			<points>
				<point>592.000000,219.000000</point>
				<point>605.000000,175.000000</point>
				<point>561.000000,163.000000</point>
				<point>549.000000,207.000000</point>
				<point>592.000000,219.000000</point>
			</points>
		</object>
		<object>
			<coordinate>pixel</coordinate>
			<type>rectangle</type>
			<description>None</description>
			<possibleresult>
				<name>other-airplane</name>
			</possibleresult>
			<points>
				<point>635.000000,158.000000</point>
				<point>701.000000,153.000000</point>
				<point>697.000000,93.000000</point>
				<point>631.000000,98.000000</point>
				<point>635.000000,158.000000</point>
			</points>
		</object>
		<object>
			<coordinate>pixel</coordinate>
			<type>rectangle</type>
			<description>None</description>
			<possibleresult>
				<name>Roundabout</name>
			</possibleresult>
			<points>
				<point>406.000000,764.000000</point>
				<point>499.000000,764.000000</point>
				<point>499.000000,672.000000</point>
				<point>406.000000,672.000000</point>
				<point>406.000000,764.000000</point>
			</points>
		</object>
		<object>
			<coordinate>pixel</coordinate>
			<type>rectangle</type>
			<description>None</description>
			<possibleresult>
				<name>Roundabout</name>
			</possibleresult>
			<points>
				<point>34.000000,619.000000</point>
				<point>162.000000,619.000000</point>
				<point>162.000000,494.000000</point>
				<point>34.000000,494.000000</point>
				<point>34.000000,619.000000</point>
			</points>
		</object>
	</objects>
</annotation>