<?xml version="1.0" encoding="utf-8"?>
<annotation>
	<source>
		<filename>14581.tif</filename>
		<origin>GF2/GF3</origin>
	</source>
	<research>
		<version>1.0</version>
		<provider>FAIR1M</provider>
		<author>Cyber</author>
		<pluginname>FAIR1M</pluginname>
		<pluginclass>object detection</pluginclass>
		<time>2021-07-21</time>
	</research>
	<size>
		<width>600</width>
		<height>800</height>
		<depth>4</depth>
	</size>
	<objects>
		<object>
			<coordinate>pixel</coordinate>
			<type>rectangle</type>
			<description>None</description>
			<possibleresult>
				<name>Van</name>
			</possibleresult>
			<points>
				<point>256.000000,513.000000</point>
				<point>238.000000,519.000000</point>
				<point>235.000000,511.000000</point>
				<point>253.000000,505.000000</point>
				<point>256.000000,513.000000</point>
			</points>
		</object>
		<object>
			<coordinate>pixel</coordinate>
			<type>rectangle</type>
			<description>None</description>
			<possibleresult>
				<name>Small Car</name>
			</possibleresult>
			<points>
				<point>322.000000,642.000000</point>
				<point>317.000000,651.000000</point>
				<point>298.000000,641.000000</point>
				<point>303.000000,633.000000</point>
				<point>322.000000,642.000000</point>
			</points>
		</object>
		<object>
			<coordinate>pixel</coordinate>
			<type>rectangle</type>
			<description>None</description>
			<possibleresult>
				<name>Dump Truck</name>
			</possibleresult>
			<points>
				<point>338.000000,631.000000</point>
				<point>334.000000,638.000000</point>
				<point>310.000000,627.000000</point>
				<point>314.000000,619.000000</point>
				<point>338.000000,631.000000</point>
			</points>
		</object>
		<object>
			<coordinate>pixel</coordinate>
			<type>rectangle</type>
			<description>None</description>
			<possibleresult>
				<name>Dump Truck</name>
			</possibleresult>
			<points>
				<point>275.000000,591.000000</point>
				<point>274.000000,600.000000</point>
				<point>251.000000,599.000000</point>
				<point>251.000000,590.000000</point>
				<point>275.000000,591.000000</point>
			</points>
		</object>
		<object>
			<coordinate>pixel</coordinate>
			<type>rectangle</type>
			<description>None</description>
			<possibleresult>
				<name>Small Car</name>
			</possibleresult>
			<points>
				<point>400.000000,498.000000</point>
				<point>381.000000,505.000000</point>
				<point>378.000000,497.000000</point>
				<point>397.000000,490.000000</point>
				<point>400.000000,498.000000</point>
			</points>
		</object>
		<object>
			<coordinate>pixel</coordinate>
			<type>rectangle</type>
			<description>None</description>
			<possibleresult>
				<name>Van</name>
			</possibleresult>
			<points>
				<point>406.000000,507.000000</point>
				<point>387.000000,514.000000</point>
				<point>384.000000,505.000000</point>
				<point>403.000000,498.000000</point>
				<point>406.000000,507.000000</point>
			</points>
		</object>
		<object>
			<coordinate>pixel</coordinate>
			<type>rectangle</type>
			<description>None</description>
			<possibleresult>
				<name>Van</name>
			</possibleresult>
			<points>
				<point>411.000000,517.000000</point>
				<point>394.000000,522.000000</point>
				<point>392.000000,515.000000</point>
				<point>409.000000,510.000000</point>
				<point>411.000000,517.000000</point>
			</points>
		</object>
		<object>
			<coordinate>pixel</coordinate>
			<type>rectangle</type>
			<description>None</description>
			<possibleresult>
				<name>Small Car</name>
			</possibleresult>
			<points>
				<point>448.000000,510.000000</point>
				<point>438.000000,514.000000</point>
				<point>431.000000,496.000000</point>
				<point>441.000000,492.000000</point>
				<point>448.000000,510.000000</point>
			</points>
		</object>
		<object>
			<coordinate>pixel</coordinate>
			<type>rectangle</type>
			<description>None</description>
			<possibleresult>
				<name>Van</name>
			</possibleresult>
			<points>
				<point>458.000000,504.000000</point>
				<point>450.000000,507.000000</point>
				<point>444.000000,492.000000</point>
				<point>452.000000,489.000000</point>
				<point>458.000000,504.000000</point>
			</points>
		</object>
		<object>
			<coordinate>pixel</coordinate>
			<type>rectangle</type>
			<description>None</description>
			<possibleresult>
				<name>Small Car</name>
			</possibleresult>
			<points>
				<point>405.000000,543.000000</point>
				<point>386.000000,551.000000</point>
				<point>383.000000,543.000000</point>
				<point>402.000000,536.000000</point>
				<point>405.000000,543.000000</point>
			</points>
		</object>
		<object>
			<coordinate>pixel</coordinate>
			<type>rectangle</type>
			<description>None</description>
			<possibleresult>
				<name>Van</name>
			</possibleresult>
			<points>
				<point>469.000000,559.000000</point>
				<point>459.000000,563.000000</point>
				<point>451.000000,546.000000</point>
				<point>461.000000,542.000000</point>
				<point>469.000000,559.000000</point>
			</points>
		</object>
		<object>
			<coordinate>pixel</coordinate>
			<type>rectangle</type>
			<description>None</description>
			<possibleresult>
				<name>Small Car</name>
			</possibleresult>
			<points>
				<point>457.000000,579.000000</point>
				<point>449.000000,583.000000</point>
				<point>439.000000,568.000000</point>
				<point>447.000000,564.000000</point>
				<point>457.000000,579.000000</point>
			</points>
		</object>
		<object>
			<coordinate>pixel</coordinate>
			<type>rectangle</type>
			<description>None</description>
			<possibleresult>
				<name>Van</name>
			</possibleresult>
			<points>
				<point>460.000000,604.000000</point>
				<point>444.000000,612.000000</point>
				<point>440.000000,605.000000</point>
				<point>456.000000,596.000000</point>
				<point>460.000000,604.000000</point>
			</points>
		</object>
		<object>
			<coordinate>pixel</coordinate>
			<type>rectangle</type>
			<description>None</description>
			<possibleresult>
				<name>Van</name>
			</possibleresult>
			<points>
				<point>516.000000,581.000000</point>
				<point>494.000000,588.000000</point>
				<point>492.000000,580.000000</point>
				<point>513.000000,573.000000</point>
				<point>516.000000,581.000000</point>
			</points>
		</object>
		<object>
			<coordinate>pixel</coordinate>
			<type>rectangle</type>
			<description>None</description>
			<possibleresult>
				<name>Small Car</name>
			</possibleresult>
			<points>
				<point>520.000000,590.000000</point>
				<point>499.000000,595.000000</point>
				<point>497.000000,588.000000</point>
				<point>518.000000,583.000000</point>
				<point>520.000000,590.000000</point>
			</points>
		</object>
		<object>
			<coordinate>pixel</coordinate>
			<type>rectangle</type>
			<description>None</description>
			<possibleresult>
				<name>Small Car</name>
			</possibleresult>
			<points>
				<point>525.000000,596.000000</point>
				<point>508.000000,604.000000</point>
				<point>504.000000,597.000000</point>
				<point>522.000000,589.000000</point>
				<point>525.000000,596.000000</point>
			</points>
		</object>
		<object>
			<coordinate>pixel</coordinate>
			<type>rectangle</type>
			<description>None</description>
			<possibleresult>
				<name>Van</name>
			</possibleresult>
			<points>
				<point>528.000000,604.000000</point>
				<point>510.000000,611.000000</point>
				<point>507.000000,605.000000</point>
				<point>525.000000,598.000000</point>
				<point>528.000000,604.000000</point>
			</points>
		</object>
		<object>
			<coordinate>pixel</coordinate>
			<type>rectangle</type>
			<description>None</description>
			<possibleresult>
				<name>Small Car</name>
			</possibleresult>
			<points>
				<point>532.000000,614.000000</point>
				<point>512.000000,617.000000</point>
				<point>511.000000,610.000000</point>
				<point>531.000000,607.000000</point>
				<point>532.000000,614.000000</point>
			</points>
		</object>
		<object>
			<coordinate>pixel</coordinate>
			<type>rectangle</type>
			<description>None</description>
			<possibleresult>
				<name>Dump Truck</name>
			</possibleresult>
			<points>
				<point>484.000000,616.000000</point>
				<point>477.000000,621.000000</point>
				<point>466.000000,604.000000</point>
				<point>474.000000,600.000000</point>
				<point>484.000000,616.000000</point>
			</points>
		</object>
		<object>
			<coordinate>pixel</coordinate>
			<type>rectangle</type>
			<description>None</description>
			<possibleresult>
				<name>Van</name>
			</possibleresult>
			<points>
				<point>503.000000,629.000000</point>
				<point>499.000000,635.000000</point>
				<point>484.000000,624.000000</point>
				<point>488.000000,619.000000</point>
				<point>503.000000,629.000000</point>
			</points>
		</object>
		<object>
			<coordinate>pixel</coordinate>
			<type>rectangle</type>
			<description>None</description>
			<possibleresult>
				<name>Small Car</name>
			</possibleresult>
			<points>
				<point>502.000000,651.000000</point>
				<point>491.000000,665.000000</point>
				<point>485.000000,660.000000</point>
				<point>496.000000,647.000000</point>
				<point>502.000000,651.000000</point>
			</points>
		</object>
		<object>
			<coordinate>pixel</coordinate>
			<type>rectangle</type>
			<description>None</description>
			<possibleresult>
				<name>Van</name>
			</possibleresult>
			<points>
				<point>505.000000,664.000000</point>
				<point>490.000000,680.000000</point>
				<point>484.000000,675.000000</point>
				<point>498.000000,658.000000</point>
				<point>505.000000,664.000000</point>
			</points>
		</object>
		<object>
			<coordinate>pixel</coordinate>
			<type>rectangle</type>
			<description>None</description>
			<possibleresult>
				<name>Dump Truck</name>
			</possibleresult>
			<points>
				<point>518.000000,651.000000</point>
				<point>505.000000,664.000000</point>
				<point>499.000000,658.000000</point>
				<point>512.000000,645.000000</point>
				<point>518.000000,651.000000</point>
			</points>
		</object>
		<object>
			<coordinate>pixel</coordinate>
			<type>rectangle</type>
			<description>None</description>
			<possibleresult>
				<name>Small Car</name>
			</possibleresult>
			<points>
				<point>528.000000,656.000000</point>
				<point>515.000000,668.000000</point>
				<point>509.000000,662.000000</point>
				<point>522.000000,650.000000</point>
				<point>528.000000,656.000000</point>
			</points>
		</object>
		<object>
			<coordinate>pixel</coordinate>
			<type>rectangle</type>
			<description>None</description>
			<possibleresult>
				<name>Dump Truck</name>
			</possibleresult>
			<points>
				<point>535.000000,671.000000</point>
				<point>522.000000,689.000000</point>
				<point>514.000000,683.000000</point>
				<point>527.000000,665.000000</point>
				<point>535.000000,671.000000</point>
			</points>
		</object>
		<object>
			<coordinate>pixel</coordinate>
			<type>rectangle</type>
			<description>None</description>
			<possibleresult>
				<name>Van</name>
			</possibleresult>
			<points>
				<point>544.000000,666.000000</point>
				<point>539.000000,685.000000</point>
				<point>531.000000,682.000000</point>
				<point>535.000000,664.000000</point>
				<point>544.000000,666.000000</point>
			</points>
		</object>
		<object>
			<coordinate>pixel</coordinate>
			<type>rectangle</type>
			<description>None</description>
			<possibleresult>
				<name>Van</name>
			</possibleresult>
			<points>
				<point>560.000000,653.000000</point>
				<point>558.000000,670.000000</point>
				<point>549.000000,669.000000</point>
				<point>550.000000,652.000000</point>
				<point>560.000000,653.000000</point>
			</points>
		</object>
		<object>
			<coordinate>pixel</coordinate>
			<type>rectangle</type>
			<description>None</description>
			<possibleresult>
				<name>Van</name>
			</possibleresult>
			<points>
				<point>574.000000,652.000000</point>
				<point>567.000000,677.000000</point>
				<point>558.000000,674.000000</point>
				<point>564.000000,649.000000</point>
				<point>574.000000,652.000000</point>
			</points>
		</object>
		<object>
			<coordinate>pixel</coordinate>
			<type>rectangle</type>
			<description>None</description>
			<possibleresult>
				<name>Van</name>
			</possibleresult>
			<points>
				<point>581.000000,661.000000</point>
				<point>575.000000,682.000000</point>
				<point>566.000000,679.000000</point>
				<point>572.000000,659.000000</point>
				<point>581.000000,661.000000</point>
			</points>
		</object>
		<object>
			<coordinate>pixel</coordinate>
			<type>rectangle</type>
			<description>None</description>
			<possibleresult>
				<name>Small Car</name>
			</possibleresult>
			<points>
				<point>536.000000,688.000000</point>
				<point>525.000000,702.000000</point>
				<point>519.000000,697.000000</point>
				<point>530.000000,683.000000</point>
				<point>536.000000,688.000000</point>
			</points>
		</object>
		<object>
			<coordinate>pixel</coordinate>
			<type>rectangle</type>
			<description>None</description>
			<possibleresult>
				<name>Small Car</name>
			</possibleresult>
			<points>
				<point>544.000000,694.000000</point>
				<point>534.000000,710.000000</point>
				<point>526.000000,705.000000</point>
				<point>536.000000,689.000000</point>
				<point>544.000000,694.000000</point>
			</points>
		</object>
		<object>
			<coordinate>pixel</coordinate>
			<type>rectangle</type>
			<description>None</description>
			<possibleresult>
				<name>Cargo Truck</name>
			</possibleresult>
			<points>
				<point>535.000000,712.000000</point>
				<point>523.000000,727.000000</point>
				<point>515.000000,721.000000</point>
				<point>527.000000,706.000000</point>
				<point>535.000000,712.000000</point>
			</points>
		</object>
		<object>
			<coordinate>pixel</coordinate>
			<type>rectangle</type>
			<description>None</description>
			<possibleresult>
				<name>Dump Truck</name>
			</possibleresult>
			<points>
				<point>524.000000,731.000000</point>
				<point>512.000000,747.000000</point>
				<point>505.000000,742.000000</point>
				<point>517.000000,726.000000</point>
				<point>524.000000,731.000000</point>
			</points>
		</object>
		<object>
			<coordinate>pixel</coordinate>
			<type>rectangle</type>
			<description>None</description>
			<possibleresult>
				<name>Small Car</name>
			</possibleresult>
			<points>
				<point>530.000000,740.000000</point>
				<point>518.000000,753.000000</point>
				<point>512.000000,748.000000</point>
				<point>524.000000,735.000000</point>
				<point>530.000000,740.000000</point>
			</points>
		</object>
		<object>
			<coordinate>pixel</coordinate>
			<type>rectangle</type>
			<description>None</description>
			<possibleresult>
				<name>Small Car</name>
			</possibleresult>
			<points>
				<point>545.000000,722.000000</point>
				<point>533.000000,738.000000</point>
				<point>526.000000,733.000000</point>
				<point>538.000000,717.000000</point>
				<point>545.000000,722.000000</point>
			</points>
		</object>
		<object>
			<coordinate>pixel</coordinate>
			<type>rectangle</type>
			<description>None</description>
			<possibleresult>
				<name>Dump Truck</name>
			</possibleresult>
			<points>
				<point>553.000000,729.000000</point>
				<point>540.000000,744.000000</point>
				<point>533.000000,739.000000</point>
				<point>546.000000,724.000000</point>
				<point>553.000000,729.000000</point>
			</points>
		</object>
		<object>
			<coordinate>pixel</coordinate>
			<type>rectangle</type>
			<description>None</description>
			<possibleresult>
				<name>Small Car</name>
			</possibleresult>
			<points>
				<point>538.000000,744.000000</point>
				<point>528.000000,759.000000</point>
				<point>520.000000,754.000000</point>
				<point>531.000000,739.000000</point>
				<point>538.000000,744.000000</point>
			</points>
		</object>
		<object>
			<coordinate>pixel</coordinate>
			<type>rectangle</type>
			<description>None</description>
			<possibleresult>
				<name>Small Car</name>
			</possibleresult>
			<points>
				<point>548.000000,751.000000</point>
				<point>536.000000,764.000000</point>
				<point>529.000000,758.000000</point>
				<point>542.000000,745.000000</point>
				<point>548.000000,751.000000</point>
			</points>
		</object>
		<object>
			<coordinate>pixel</coordinate>
			<type>rectangle</type>
			<description>None</description>
			<possibleresult>
				<name>Small Car</name>
			</possibleresult>
			<points>
				<point>561.000000,736.000000</point>
				<point>550.000000,750.000000</point>
				<point>543.000000,744.000000</point>
				<point>554.000000,731.000000</point>
				<point>561.000000,736.000000</point>
			</points>
		</object>
		<object>
			<coordinate>pixel</coordinate>
			<type>rectangle</type>
			<description>None</description>
			<possibleresult>
				<name>Small Car</name>
			</possibleresult>
			<points>
				<point>567.000000,744.000000</point>
				<point>557.000000,757.000000</point>
				<point>551.000000,752.000000</point>
				<point>560.000000,739.000000</point>
				<point>567.000000,744.000000</point>
			</points>
		</object>
		<object>
			<coordinate>pixel</coordinate>
			<type>rectangle</type>
			<description>None</description>
			<possibleresult>
				<name>Small Car</name>
			</possibleresult>
			<points>
				<point>557.000000,758.000000</point>
				<point>545.000000,773.000000</point>
				<point>538.000000,767.000000</point>
				<point>550.000000,752.000000</point>
				<point>557.000000,758.000000</point>
			</points>
		</object>
		<object>
			<coordinate>pixel</coordinate>
			<type>rectangle</type>
			<description>None</description>
			<possibleresult>
				<name>Van</name>
			</possibleresult>
			<points>
				<point>567.000000,724.000000</point>
				<point>561.000000,730.000000</point>
				<point>547.000000,714.000000</point>
				<point>552.000000,709.000000</point>
				<point>567.000000,724.000000</point>
			</points>
		</object>
		<object>
			<coordinate>pixel</coordinate>
			<type>rectangle</type>
			<description>None</description>
			<possibleresult>
				<name>Van</name>
			</possibleresult>
			<points>
				<point>590.000000,771.000000</point>
				<point>586.000000,777.000000</point>
				<point>570.000000,767.000000</point>
				<point>574.000000,760.000000</point>
				<point>590.000000,771.000000</point>
			</points>
		</object>
		<object>
			<coordinate>pixel</coordinate>
			<type>rectangle</type>
			<description>None</description>
			<possibleresult>
				<name>Dump Truck</name>
			</possibleresult>
			<points>
				<point>595.000000,762.000000</point>
				<point>591.000000,769.000000</point>
				<point>574.000000,759.000000</point>
				<point>578.000000,752.000000</point>
				<point>595.000000,762.000000</point>
			</points>
		</object>
		<object>
			<coordinate>pixel</coordinate>
			<type>rectangle</type>
			<description>None</description>
			<possibleresult>
				<name>Van</name>
			</possibleresult>
			<points>
				<point>596.000000,754.000000</point>
				<point>592.000000,759.000000</point>
				<point>576.000000,750.000000</point>
				<point>579.000000,744.000000</point>
				<point>596.000000,754.000000</point>
			</points>
		</object>
		<object>
			<coordinate>pixel</coordinate>
			<type>rectangle</type>
			<description>None</description>
			<possibleresult>
				<name>Dump Truck</name>
			</possibleresult>
			<points>
				<point>593.000000,726.000000</point>
				<point>588.000000,735.000000</point>
				<point>569.000000,724.000000</point>
				<point>574.000000,716.000000</point>
				<point>593.000000,726.000000</point>
			</points>
		</object>
		<object>
			<coordinate>pixel</coordinate>
			<type>rectangle</type>
			<description>None</description>
			<possibleresult>
				<name>Small Car</name>
			</possibleresult>
			<points>
				<point>598.000000,743.000000</point>
				<point>594.000000,750.000000</point>
				<point>575.000000,739.000000</point>
				<point>579.000000,732.000000</point>
				<point>598.000000,743.000000</point>
			</points>
		</object>
		<object>
			<coordinate>pixel</coordinate>
			<type>rectangle</type>
			<description>None</description>
			<possibleresult>
				<name>Small Car</name>
			</possibleresult>
			<points>
				<point>589.000000,699.000000</point>
				<point>567.000000,700.000000</point>
				<point>567.000000,691.000000</point>
				<point>588.000000,690.000000</point>
				<point>589.000000,699.000000</point>
			</points>
		</object>
		<object>
			<coordinate>pixel</coordinate>
			<type>rectangle</type>
			<description>None</description>
			<possibleresult>
				<name>Small Car</name>
			</possibleresult>
			<points>
				<point>592.000000,668.000000</point>
				<point>587.000000,689.000000</point>
				<point>577.000000,687.000000</point>
				<point>581.000000,666.000000</point>
				<point>592.000000,668.000000</point>
			</points>
		</object>
		<object>
			<coordinate>pixel</coordinate>
			<type>rectangle</type>
			<description>None</description>
			<possibleresult>
				<name>Van</name>
			</possibleresult>
			<points>
				<point>600.000000,673.000000</point>
				<point>595.000000,692.000000</point>
				<point>586.000000,689.000000</point>
				<point>591.000000,670.000000</point>
				<point>600.000000,673.000000</point>
			</points>
		</object>
		<object>
			<coordinate>pixel</coordinate>
			<type>rectangle</type>
			<description>None</description>
			<possibleresult>
				<name>Van</name>
			</possibleresult>
			<points>
				<point>597.000000,792.000000</point>
				<point>596.000000,799.000000</point>
				<point>576.000000,797.000000</point>
				<point>576.000000,790.000000</point>
				<point>597.000000,792.000000</point>
			</points>
		</object>
		<object>
			<coordinate>pixel</coordinate>
			<type>rectangle</type>
			<description>None</description>
			<possibleresult>
				<name>Van</name>
			</possibleresult>
			<points>
				<point>549.000000,403.000000</point>
				<point>532.000000,409.000000</point>
				<point>529.000000,400.000000</point>
				<point>547.000000,395.000000</point>
				<point>549.000000,403.000000</point>
			</points>
		</object>
		<object>
			<coordinate>pixel</coordinate>
			<type>rectangle</type>
			<description>None</description>
			<possibleresult>
				<name>Van</name>
			</possibleresult>
			<points>
				<point>598.000000,537.000000</point>
				<point>587.000000,546.000000</point>
				<point>582.000000,539.000000</point>
				<point>594.000000,531.000000</point>
				<point>598.000000,537.000000</point>
			</points>
		</object>
		<object>
			<coordinate>pixel</coordinate>
			<type>rectangle</type>
			<description>None</description>
			<possibleresult>
				<name>Small Car</name>
			</possibleresult>
			<points>
				<point>595.000000,525.000000</point>
				<point>581.000000,539.000000</point>
				<point>575.000000,533.000000</point>
				<point>589.000000,519.000000</point>
				<point>595.000000,525.000000</point>
			</points>
		</object>
		<object>
			<coordinate>pixel</coordinate>
			<type>rectangle</type>
			<description>None</description>
			<possibleresult>
				<name>Small Car</name>
			</possibleresult>
			<points>
				<point>587.000000,505.000000</point>
				<point>573.000000,520.000000</point>
				<point>567.000000,515.000000</point>
				<point>581.000000,499.000000</point>
				<point>587.000000,505.000000</point>
			</points>
		</object>
		<object>
			<coordinate>pixel</coordinate>
			<type>rectangle</type>
			<description>None</description>
			<possibleresult>
				<name>Small Car</name>
			</possibleresult>
			<points>
				<point>582.000000,495.000000</point>
				<point>568.000000,511.000000</point>
				<point>561.000000,504.000000</point>
				<point>575.000000,489.000000</point>
				<point>582.000000,495.000000</point>
			</points>
		</object>
		<object>
			<coordinate>pixel</coordinate>
			<type>rectangle</type>
			<description>None</description>
			<possibleresult>
				<name>Van</name>
			</possibleresult>
			<points>
				<point>576.000000,487.000000</point>
				<point>563.000000,500.000000</point>
				<point>558.000000,494.000000</point>
				<point>571.000000,481.000000</point>
				<point>576.000000,487.000000</point>
			</points>
		</object>
		<object>
			<coordinate>pixel</coordinate>
			<type>rectangle</type>
			<description>None</description>
			<possibleresult>
				<name>Small Car</name>
			</possibleresult>
			<points>
				<point>571.000000,477.000000</point>
				<point>558.000000,491.000000</point>
				<point>552.000000,486.000000</point>
				<point>565.000000,471.000000</point>
				<point>571.000000,477.000000</point>
			</points>
		</object>
		<object>
			<coordinate>pixel</coordinate>
			<type>rectangle</type>
			<description>None</description>
			<possibleresult>
				<name>Van</name>
			</possibleresult>
			<points>
				<point>565.000000,467.000000</point>
				<point>553.000000,480.000000</point>
				<point>547.000000,475.000000</point>
				<point>559.000000,462.000000</point>
				<point>565.000000,467.000000</point>
			</points>
		</object>
		<object>
			<coordinate>pixel</coordinate>
			<type>rectangle</type>
			<description>None</description>
			<possibleresult>
				<name>Van</name>
			</possibleresult>
			<points>
				<point>560.000000,459.000000</point>
				<point>548.000000,472.000000</point>
				<point>541.000000,466.000000</point>
				<point>553.000000,452.000000</point>
				<point>560.000000,459.000000</point>
			</points>
		</object>
		<object>
			<coordinate>pixel</coordinate>
			<type>rectangle</type>
			<description>None</description>
			<possibleresult>
				<name>Van</name>
			</possibleresult>
			<points>
				<point>553.000000,451.000000</point>
				<point>542.000000,464.000000</point>
				<point>535.000000,458.000000</point>
				<point>546.000000,445.000000</point>
				<point>553.000000,451.000000</point>
			</points>
		</object>
		<object>
			<coordinate>pixel</coordinate>
			<type>rectangle</type>
			<description>None</description>
			<possibleresult>
				<name>Dump Truck</name>
			</possibleresult>
			<points>
				<point>528.000000,477.000000</point>
				<point>519.000000,482.000000</point>
				<point>508.000000,464.000000</point>
				<point>516.000000,459.000000</point>
				<point>528.000000,477.000000</point>
			</points>
		</object>
		<object>
			<coordinate>pixel</coordinate>
			<type>rectangle</type>
			<description>None</description>
			<possibleresult>
				<name>Van</name>
			</possibleresult>
			<points>
				<point>501.000000,486.000000</point>
				<point>492.000000,489.000000</point>
				<point>486.000000,473.000000</point>
				<point>495.000000,470.000000</point>
				<point>501.000000,486.000000</point>
			</points>
		</object>
	</objects>
</annotation>