<?xml version="1.0" encoding="utf-8"?>
<annotation>
	<source>
		<filename>14580.tif</filename>
		<origin>GF2/GF3</origin>
	</source>
	<research>
		<version>1.0</version>
		<provider>FAIR1M</provider>
		<author>Cyber</author>
		<pluginname>FAIR1M</pluginname>
		<pluginclass>object detection</pluginclass>
		<time>2021-07-21</time>
	</research>
	<size>
		<width>1000</width>
		<height>1000</height>
		<depth>3</depth>
	</size>
	<objects>
		<object>
			<coordinate>pixel</coordinate>
			<type>rectangle</type>
			<description>None</description>
			<possibleresult>
				<name>Passenger Ship</name>
			</possibleresult>
			<points>
				<point>725.000000,539.000000</point>
				<point>760.000000,553.000000</point>
				<point>764.000000,544.000000</point>
				<point>729.000000,530.000000</point>
				<point>725.000000,539.000000</point>
			</points>
		</object>
		<object>
			<coordinate>pixel</coordinate>
			<type>rectangle</type>
			<description>None</description>
			<possibleresult>
				<name>Passenger Ship</name>
			</possibleresult>
			<points>
				<point>777.000000,548.000000</point>
				<point>795.000000,512.000000</point>
				<point>780.000000,505.000000</point>
				<point>764.000000,543.000000</point>
				<point>777.000000,548.000000</point>
			</points>
		</object>
		<object>
			<coordinate>pixel</coordinate>
			<type>rectangle</type>
			<description>None</description>
			<possibleresult>
				<name>other-ship</name>
			</possibleresult>
			<points>
				<point>824.000000,426.000000</point>
				<point>793.000000,386.000000</point>
				<point>779.000000,395.000000</point>
				<point>811.000000,436.000000</point>
				<point>824.000000,426.000000</point>
			</points>
		</object>
		<object>
			<coordinate>pixel</coordinate>
			<type>rectangle</type>
			<description>None</description>
			<possibleresult>
				<name>other-ship</name>
			</possibleresult>
			<points>
				<point>825.000000,356.000000</point>
				<point>853.000000,362.000000</point>
				<point>855.000000,354.000000</point>
				<point>826.000000,347.000000</point>
				<point>825.000000,356.000000</point>
			</points>
		</object>
		<object>
			<coordinate>pixel</coordinate>
			<type>rectangle</type>
			<description>None</description>
			<possibleresult>
				<name>Bridge</name>
			</possibleresult>
			<points>
				<point>994.000000,374.000000</point>
				<point>799.000000,337.000000</point>
				<point>804.000000,313.000000</point>
				<point>999.000000,350.000000</point>
				<point>994.000000,374.000000</point>
			</points>
		</object>
		<object>
			<coordinate>pixel</coordinate>
			<type>rectangle</type>
			<description>None</description>
			<possibleresult>
				<name>Intersection</name>
			</possibleresult>
			<points>
				<point>28.000000,505.000000</point>
				<point>15.000000,471.000000</point>
				<point>55.000000,456.000000</point>
				<point>68.000000,491.000000</point>
				<point>28.000000,505.000000</point>
			</points>
		</object>
		<object>
			<coordinate>pixel</coordinate>
			<type>rectangle</type>
			<description>None</description>
			<possibleresult>
				<name>Bridge</name>
			</possibleresult>
			<points>
				<point>160.000000,563.000000</point>
				<point>117.000000,515.000000</point>
				<point>123.000000,510.000000</point>
				<point>166.000000,559.000000</point>
				<point>160.000000,563.000000</point>
			</points>
		</object>
	</objects>
</annotation>