<?xml version="1.0" encoding="utf-8"?>
<annotation>
	<source>
		<filename>14596.tif</filename>
		<origin>GF2/GF3</origin>
	</source>
	<research>
		<version>1.0</version>
		<provider>FAIR1M</provider>
		<author>Cyber</author>
		<pluginname>FAIR1M</pluginname>
		<pluginclass>object detection</pluginclass>
		<time>2021-07-21</time>
	</research>
	<size>
		<width>600</width>
		<height>800</height>
		<depth>3</depth>
	</size>
	<objects>
		<object>
			<coordinate>pixel</coordinate>
			<type>rectangle</type>
			<description>None</description>
			<possibleresult>
				<name>A220</name>
			</possibleresult>
			<points>
				<point>547.000000,278.000000</point>
				<point>499.000000,280.000000</point>
				<point>497.000000,237.000000</point>
				<point>546.000000,235.000000</point>
				<point>547.000000,278.000000</point>
			</points>
		</object>
		<object>
			<coordinate>pixel</coordinate>
			<type>rectangle</type>
			<description>None</description>
			<possibleresult>
				<name>A220</name>
			</possibleresult>
			<points>
				<point>562.000000,354.000000</point>
				<point>523.000000,384.000000</point>
				<point>496.000000,349.000000</point>
				<point>534.000000,318.000000</point>
				<point>562.000000,354.000000</point>
			</points>
		</object>
	</objects>
</annotation>