<?xml version="1.0" encoding="utf-8"?>
<annotation>
	<source>
		<filename>14595.tif</filename>
		<origin>GF2/GF3</origin>
	</source>
	<research>
		<version>1.0</version>
		<provider>FAIR1M</provider>
		<author>Cyber</author>
		<pluginname>FAIR1M</pluginname>
		<pluginclass>object detection</pluginclass>
		<time>2021-07-21</time>
	</research>
	<size>
		<width>600</width>
		<height>800</height>
		<depth>4</depth>
	</size>
	<objects>
		<object>
			<coordinate>pixel</coordinate>
			<type>rectangle</type>
			<description>None</description>
			<possibleresult>
				<name>Football Field</name>
			</possibleresult>
			<points>
				<point>528.000000,203.000000</point>
				<point>426.000000,347.000000</point>
				<point>7.000000,166.000000</point>
				<point>111.000000,24.000000</point>
				<point>528.000000,203.000000</point>
			</points>
		</object>
		<object>
			<coordinate>pixel</coordinate>
			<type>rectangle</type>
			<description>None</description>
			<possibleresult>
				<name>Small Car</name>
			</possibleresult>
			<points>
				<point>14.000000,442.000000</point>
				<point>4.000000,444.000000</point>
				<point>2.000000,429.000000</point>
				<point>12.000000,427.000000</point>
				<point>14.000000,442.000000</point>
			</points>
		</object>
		<object>
			<coordinate>pixel</coordinate>
			<type>rectangle</type>
			<description>None</description>
			<possibleresult>
				<name>Small Car</name>
			</possibleresult>
			<points>
				<point>105.000000,544.000000</point>
				<point>96.000000,545.000000</point>
				<point>93.000000,528.000000</point>
				<point>103.000000,526.000000</point>
				<point>105.000000,544.000000</point>
			</points>
		</object>
		<object>
			<coordinate>pixel</coordinate>
			<type>rectangle</type>
			<description>None</description>
			<possibleresult>
				<name>Small Car</name>
			</possibleresult>
			<points>
				<point>80.000000,544.000000</point>
				<point>70.000000,544.000000</point>
				<point>70.000000,524.000000</point>
				<point>80.000000,524.000000</point>
				<point>80.000000,544.000000</point>
			</points>
		</object>
		<object>
			<coordinate>pixel</coordinate>
			<type>rectangle</type>
			<description>None</description>
			<possibleresult>
				<name>Small Car</name>
			</possibleresult>
			<points>
				<point>70.000000,529.000000</point>
				<point>69.000000,545.000000</point>
				<point>60.000000,545.000000</point>
				<point>61.000000,528.000000</point>
				<point>70.000000,529.000000</point>
			</points>
		</object>
		<object>
			<coordinate>pixel</coordinate>
			<type>rectangle</type>
			<description>None</description>
			<possibleresult>
				<name>Small Car</name>
			</possibleresult>
			<points>
				<point>42.000000,545.000000</point>
				<point>35.000000,545.000000</point>
				<point>35.000000,530.000000</point>
				<point>42.000000,530.000000</point>
				<point>42.000000,545.000000</point>
			</points>
		</object>
		<object>
			<coordinate>pixel</coordinate>
			<type>rectangle</type>
			<description>None</description>
			<possibleresult>
				<name>Van</name>
			</possibleresult>
			<points>
				<point>32.000000,545.000000</point>
				<point>24.000000,545.000000</point>
				<point>25.000000,530.000000</point>
				<point>32.000000,530.000000</point>
				<point>32.000000,545.000000</point>
			</points>
		</object>
		<object>
			<coordinate>pixel</coordinate>
			<type>rectangle</type>
			<description>None</description>
			<possibleresult>
				<name>Van</name>
			</possibleresult>
			<points>
				<point>365.000000,544.000000</point>
				<point>356.000000,544.000000</point>
				<point>355.000000,524.000000</point>
				<point>364.000000,524.000000</point>
				<point>365.000000,544.000000</point>
			</points>
		</object>
		<object>
			<coordinate>pixel</coordinate>
			<type>rectangle</type>
			<description>None</description>
			<possibleresult>
				<name>Small Car</name>
			</possibleresult>
			<points>
				<point>390.000000,545.000000</point>
				<point>382.000000,545.000000</point>
				<point>381.000000,530.000000</point>
				<point>389.000000,529.000000</point>
				<point>390.000000,545.000000</point>
			</points>
		</object>
		<object>
			<coordinate>pixel</coordinate>
			<type>rectangle</type>
			<description>None</description>
			<possibleresult>
				<name>Van</name>
			</possibleresult>
			<points>
				<point>401.000000,542.000000</point>
				<point>393.000000,542.000000</point>
				<point>392.000000,526.000000</point>
				<point>400.000000,526.000000</point>
				<point>401.000000,542.000000</point>
			</points>
		</object>
		<object>
			<coordinate>pixel</coordinate>
			<type>rectangle</type>
			<description>None</description>
			<possibleresult>
				<name>Van</name>
			</possibleresult>
			<points>
				<point>408.000000,519.000000</point>
				<point>383.000000,519.000000</point>
				<point>383.000000,511.000000</point>
				<point>408.000000,511.000000</point>
				<point>408.000000,519.000000</point>
			</points>
		</object>
		<object>
			<coordinate>pixel</coordinate>
			<type>rectangle</type>
			<description>None</description>
			<possibleresult>
				<name>Van</name>
			</possibleresult>
			<points>
				<point>413.000000,544.000000</point>
				<point>406.000000,544.000000</point>
				<point>405.000000,528.000000</point>
				<point>413.000000,528.000000</point>
				<point>413.000000,544.000000</point>
			</points>
		</object>
		<object>
			<coordinate>pixel</coordinate>
			<type>rectangle</type>
			<description>None</description>
			<possibleresult>
				<name>Small Car</name>
			</possibleresult>
			<points>
				<point>435.000000,542.000000</point>
				<point>427.000000,542.000000</point>
				<point>427.000000,527.000000</point>
				<point>435.000000,527.000000</point>
				<point>435.000000,542.000000</point>
			</points>
		</object>
		<object>
			<coordinate>pixel</coordinate>
			<type>rectangle</type>
			<description>None</description>
			<possibleresult>
				<name>Small Car</name>
			</possibleresult>
			<points>
				<point>449.000000,541.000000</point>
				<point>442.000000,542.000000</point>
				<point>441.000000,528.000000</point>
				<point>448.000000,528.000000</point>
				<point>449.000000,541.000000</point>
			</points>
		</object>
		<object>
			<coordinate>pixel</coordinate>
			<type>rectangle</type>
			<description>None</description>
			<possibleresult>
				<name>Dump Truck</name>
			</possibleresult>
			<points>
				<point>472.000000,544.000000</point>
				<point>462.000000,545.000000</point>
				<point>461.000000,525.000000</point>
				<point>471.000000,525.000000</point>
				<point>472.000000,544.000000</point>
			</points>
		</object>
		<object>
			<coordinate>pixel</coordinate>
			<type>rectangle</type>
			<description>None</description>
			<possibleresult>
				<name>Small Car</name>
			</possibleresult>
			<points>
				<point>484.000000,543.000000</point>
				<point>476.000000,543.000000</point>
				<point>476.000000,528.000000</point>
				<point>484.000000,528.000000</point>
				<point>484.000000,543.000000</point>
			</points>
		</object>
		<object>
			<coordinate>pixel</coordinate>
			<type>rectangle</type>
			<description>None</description>
			<possibleresult>
				<name>Van</name>
			</possibleresult>
			<points>
				<point>508.000000,543.000000</point>
				<point>500.000000,543.000000</point>
				<point>499.000000,528.000000</point>
				<point>508.000000,528.000000</point>
				<point>508.000000,543.000000</point>
			</points>
		</object>
		<object>
			<coordinate>pixel</coordinate>
			<type>rectangle</type>
			<description>None</description>
			<possibleresult>
				<name>Van</name>
			</possibleresult>
			<points>
				<point>581.000000,467.000000</point>
				<point>572.000000,468.000000</point>
				<point>569.000000,453.000000</point>
				<point>578.000000,451.000000</point>
				<point>581.000000,467.000000</point>
			</points>
		</object>
		<object>
			<coordinate>pixel</coordinate>
			<type>rectangle</type>
			<description>None</description>
			<possibleresult>
				<name>Small Car</name>
			</possibleresult>
			<points>
				<point>556.000000,470.000000</point>
				<point>547.000000,472.000000</point>
				<point>542.000000,455.000000</point>
				<point>552.000000,452.000000</point>
				<point>556.000000,470.000000</point>
			</points>
		</object>
		<object>
			<coordinate>pixel</coordinate>
			<type>rectangle</type>
			<description>None</description>
			<possibleresult>
				<name>Van</name>
			</possibleresult>
			<points>
				<point>539.000000,473.000000</point>
				<point>530.000000,474.000000</point>
				<point>528.000000,457.000000</point>
				<point>537.000000,456.000000</point>
				<point>539.000000,473.000000</point>
			</points>
		</object>
		<object>
			<coordinate>pixel</coordinate>
			<type>rectangle</type>
			<description>None</description>
			<possibleresult>
				<name>Dump Truck</name>
			</possibleresult>
			<points>
				<point>527.000000,473.000000</point>
				<point>517.000000,475.000000</point>
				<point>514.000000,456.000000</point>
				<point>524.000000,454.000000</point>
				<point>527.000000,473.000000</point>
			</points>
		</object>
		<object>
			<coordinate>pixel</coordinate>
			<type>rectangle</type>
			<description>None</description>
			<possibleresult>
				<name>Van</name>
			</possibleresult>
			<points>
				<point>515.000000,474.000000</point>
				<point>506.000000,477.000000</point>
				<point>502.000000,460.000000</point>
				<point>512.000000,457.000000</point>
				<point>515.000000,474.000000</point>
			</points>
		</object>
		<object>
			<coordinate>pixel</coordinate>
			<type>rectangle</type>
			<description>None</description>
			<possibleresult>
				<name>Van</name>
			</possibleresult>
			<points>
				<point>465.000000,476.000000</point>
				<point>457.000000,477.000000</point>
				<point>455.000000,464.000000</point>
				<point>464.000000,463.000000</point>
				<point>465.000000,476.000000</point>
			</points>
		</object>
		<object>
			<coordinate>pixel</coordinate>
			<type>rectangle</type>
			<description>None</description>
			<possibleresult>
				<name>Van</name>
			</possibleresult>
			<points>
				<point>454.000000,480.000000</point>
				<point>446.000000,481.000000</point>
				<point>445.000000,466.000000</point>
				<point>453.000000,465.000000</point>
				<point>454.000000,480.000000</point>
			</points>
		</object>
		<object>
			<coordinate>pixel</coordinate>
			<type>rectangle</type>
			<description>None</description>
			<possibleresult>
				<name>Van</name>
			</possibleresult>
			<points>
				<point>443.000000,483.000000</point>
				<point>433.000000,484.000000</point>
				<point>432.000000,467.000000</point>
				<point>442.000000,467.000000</point>
				<point>443.000000,483.000000</point>
			</points>
		</object>
		<object>
			<coordinate>pixel</coordinate>
			<type>rectangle</type>
			<description>None</description>
			<possibleresult>
				<name>Van</name>
			</possibleresult>
			<points>
				<point>430.000000,481.000000</point>
				<point>422.000000,483.000000</point>
				<point>419.000000,468.000000</point>
				<point>427.000000,466.000000</point>
				<point>430.000000,481.000000</point>
			</points>
		</object>
		<object>
			<coordinate>pixel</coordinate>
			<type>rectangle</type>
			<description>None</description>
			<possibleresult>
				<name>Small Car</name>
			</possibleresult>
			<points>
				<point>417.000000,481.000000</point>
				<point>408.000000,481.000000</point>
				<point>407.000000,466.000000</point>
				<point>416.000000,466.000000</point>
				<point>417.000000,481.000000</point>
			</points>
		</object>
		<object>
			<coordinate>pixel</coordinate>
			<type>rectangle</type>
			<description>None</description>
			<possibleresult>
				<name>Small Car</name>
			</possibleresult>
			<points>
				<point>396.000000,482.000000</point>
				<point>387.000000,484.000000</point>
				<point>383.000000,468.000000</point>
				<point>392.000000,466.000000</point>
				<point>396.000000,482.000000</point>
			</points>
		</object>
		<object>
			<coordinate>pixel</coordinate>
			<type>rectangle</type>
			<description>None</description>
			<possibleresult>
				<name>Small Car</name>
			</possibleresult>
			<points>
				<point>359.000000,488.000000</point>
				<point>350.000000,489.000000</point>
				<point>348.000000,472.000000</point>
				<point>357.000000,471.000000</point>
				<point>359.000000,488.000000</point>
			</points>
		</object>
		<object>
			<coordinate>pixel</coordinate>
			<type>rectangle</type>
			<description>None</description>
			<possibleresult>
				<name>Van</name>
			</possibleresult>
			<points>
				<point>276.000000,497.000000</point>
				<point>267.000000,500.000000</point>
				<point>263.000000,484.000000</point>
				<point>272.000000,482.000000</point>
				<point>276.000000,497.000000</point>
			</points>
		</object>
	</objects>
</annotation>