<?xml version="1.0" encoding="utf-8"?>
<annotation>
	<source>
		<filename>14606.tif</filename>
		<origin>GF2/GF3</origin>
	</source>
	<research>
		<version>1.0</version>
		<provider>FAIR1M</provider>
		<author>Cyber</author>
		<pluginname>FAIR1M</pluginname>
		<pluginclass>object detection</pluginclass>
		<time>2021-07-21</time>
	</research>
	<size>
		<width>600</width>
		<height>800</height>
		<depth>4</depth>
	</size>
	<objects>
		<object>
			<coordinate>pixel</coordinate>
			<type>rectangle</type>
			<description>None</description>
			<possibleresult>
				<name>Van</name>
			</possibleresult>
			<points>
				<point>48.000000,460.000000</point>
				<point>40.000000,460.000000</point>
				<point>39.000000,445.000000</point>
				<point>48.000000,445.000000</point>
				<point>48.000000,460.000000</point>
			</points>
		</object>
		<object>
			<coordinate>pixel</coordinate>
			<type>rectangle</type>
			<description>None</description>
			<possibleresult>
				<name>Van</name>
			</possibleresult>
			<points>
				<point>101.000000,443.000000</point>
				<point>100.000000,461.000000</point>
				<point>92.000000,461.000000</point>
				<point>93.000000,443.000000</point>
				<point>101.000000,443.000000</point>
			</points>
		</object>
		<object>
			<coordinate>pixel</coordinate>
			<type>rectangle</type>
			<description>None</description>
			<possibleresult>
				<name>Small Car</name>
			</possibleresult>
			<points>
				<point>125.000000,462.000000</point>
				<point>117.000000,464.000000</point>
				<point>114.000000,446.000000</point>
				<point>122.000000,445.000000</point>
				<point>125.000000,462.000000</point>
			</points>
		</object>
		<object>
			<coordinate>pixel</coordinate>
			<type>rectangle</type>
			<description>None</description>
			<possibleresult>
				<name>Small Car</name>
			</possibleresult>
			<points>
				<point>106.000000,417.000000</point>
				<point>97.000000,418.000000</point>
				<point>96.000000,401.000000</point>
				<point>105.000000,400.000000</point>
				<point>106.000000,417.000000</point>
			</points>
		</object>
		<object>
			<coordinate>pixel</coordinate>
			<type>rectangle</type>
			<description>None</description>
			<possibleresult>
				<name>Small Car</name>
			</possibleresult>
			<points>
				<point>93.000000,397.000000</point>
				<point>85.000000,397.000000</point>
				<point>85.000000,384.000000</point>
				<point>93.000000,384.000000</point>
				<point>93.000000,397.000000</point>
			</points>
		</object>
		<object>
			<coordinate>pixel</coordinate>
			<type>rectangle</type>
			<description>None</description>
			<possibleresult>
				<name>Van</name>
			</possibleresult>
			<points>
				<point>29.000000,353.000000</point>
				<point>22.000000,353.000000</point>
				<point>22.000000,338.000000</point>
				<point>29.000000,338.000000</point>
				<point>29.000000,353.000000</point>
			</points>
		</object>
		<object>
			<coordinate>pixel</coordinate>
			<type>rectangle</type>
			<description>None</description>
			<possibleresult>
				<name>Van</name>
			</possibleresult>
			<points>
				<point>102.000000,374.000000</point>
				<point>87.000000,374.000000</point>
				<point>87.000000,368.000000</point>
				<point>102.000000,368.000000</point>
				<point>102.000000,374.000000</point>
			</points>
		</object>
		<object>
			<coordinate>pixel</coordinate>
			<type>rectangle</type>
			<description>None</description>
			<possibleresult>
				<name>Small Car</name>
			</possibleresult>
			<points>
				<point>130.000000,415.000000</point>
				<point>122.000000,416.000000</point>
				<point>121.000000,400.000000</point>
				<point>130.000000,400.000000</point>
				<point>130.000000,415.000000</point>
			</points>
		</object>
		<object>
			<coordinate>pixel</coordinate>
			<type>rectangle</type>
			<description>None</description>
			<possibleresult>
				<name>Van</name>
			</possibleresult>
			<points>
				<point>144.000000,400.000000</point>
				<point>143.000000,415.000000</point>
				<point>135.000000,415.000000</point>
				<point>136.000000,399.000000</point>
				<point>144.000000,400.000000</point>
			</points>
		</object>
		<object>
			<coordinate>pixel</coordinate>
			<type>rectangle</type>
			<description>None</description>
			<possibleresult>
				<name>Van</name>
			</possibleresult>
			<points>
				<point>166.000000,415.000000</point>
				<point>158.000000,415.000000</point>
				<point>158.000000,399.000000</point>
				<point>166.000000,399.000000</point>
				<point>166.000000,415.000000</point>
			</points>
		</object>
		<object>
			<coordinate>pixel</coordinate>
			<type>rectangle</type>
			<description>None</description>
			<possibleresult>
				<name>Van</name>
			</possibleresult>
			<points>
				<point>81.000000,353.000000</point>
				<point>73.000000,353.000000</point>
				<point>72.000000,336.000000</point>
				<point>81.000000,335.000000</point>
				<point>81.000000,353.000000</point>
			</points>
		</object>
		<object>
			<coordinate>pixel</coordinate>
			<type>rectangle</type>
			<description>None</description>
			<possibleresult>
				<name>Small Car</name>
			</possibleresult>
			<points>
				<point>153.000000,396.000000</point>
				<point>147.000000,397.000000</point>
				<point>146.000000,382.000000</point>
				<point>152.000000,382.000000</point>
				<point>153.000000,396.000000</point>
			</points>
		</object>
		<object>
			<coordinate>pixel</coordinate>
			<type>rectangle</type>
			<description>None</description>
			<possibleresult>
				<name>Small Car</name>
			</possibleresult>
			<points>
				<point>166.000000,396.000000</point>
				<point>159.000000,396.000000</point>
				<point>158.000000,382.000000</point>
				<point>165.000000,382.000000</point>
				<point>166.000000,396.000000</point>
			</points>
		</object>
		<object>
			<coordinate>pixel</coordinate>
			<type>rectangle</type>
			<description>None</description>
			<possibleresult>
				<name>Van</name>
			</possibleresult>
			<points>
				<point>144.000000,339.000000</point>
				<point>139.000000,354.000000</point>
				<point>132.000000,351.000000</point>
				<point>137.000000,337.000000</point>
				<point>144.000000,339.000000</point>
			</points>
		</object>
		<object>
			<coordinate>pixel</coordinate>
			<type>rectangle</type>
			<description>None</description>
			<possibleresult>
				<name>Van</name>
			</possibleresult>
			<points>
				<point>300.000000,452.000000</point>
				<point>279.000000,453.000000</point>
				<point>279.000000,446.000000</point>
				<point>300.000000,446.000000</point>
				<point>300.000000,452.000000</point>
			</points>
		</object>
		<object>
			<coordinate>pixel</coordinate>
			<type>rectangle</type>
			<description>None</description>
			<possibleresult>
				<name>Small Car</name>
			</possibleresult>
			<points>
				<point>253.000000,414.000000</point>
				<point>246.000000,414.000000</point>
				<point>246.000000,399.000000</point>
				<point>253.000000,399.000000</point>
				<point>253.000000,414.000000</point>
			</points>
		</object>
		<object>
			<coordinate>pixel</coordinate>
			<type>rectangle</type>
			<description>None</description>
			<possibleresult>
				<name>Van</name>
			</possibleresult>
			<points>
				<point>316.000000,414.000000</point>
				<point>308.000000,414.000000</point>
				<point>308.000000,397.000000</point>
				<point>316.000000,397.000000</point>
				<point>316.000000,414.000000</point>
			</points>
		</object>
		<object>
			<coordinate>pixel</coordinate>
			<type>rectangle</type>
			<description>None</description>
			<possibleresult>
				<name>Small Car</name>
			</possibleresult>
			<points>
				<point>372.000000,455.000000</point>
				<point>364.000000,455.000000</point>
				<point>364.000000,440.000000</point>
				<point>372.000000,440.000000</point>
				<point>372.000000,455.000000</point>
			</points>
		</object>
		<object>
			<coordinate>pixel</coordinate>
			<type>rectangle</type>
			<description>None</description>
			<possibleresult>
				<name>Small Car</name>
			</possibleresult>
			<points>
				<point>353.000000,409.000000</point>
				<point>346.000000,409.000000</point>
				<point>346.000000,396.000000</point>
				<point>353.000000,396.000000</point>
				<point>353.000000,409.000000</point>
			</points>
		</object>
		<object>
			<coordinate>pixel</coordinate>
			<type>rectangle</type>
			<description>None</description>
			<possibleresult>
				<name>Van</name>
			</possibleresult>
			<points>
				<point>390.000000,409.000000</point>
				<point>382.000000,409.000000</point>
				<point>382.000000,393.000000</point>
				<point>390.000000,393.000000</point>
				<point>390.000000,409.000000</point>
			</points>
		</object>
		<object>
			<coordinate>pixel</coordinate>
			<type>rectangle</type>
			<description>None</description>
			<possibleresult>
				<name>Van</name>
			</possibleresult>
			<points>
				<point>403.000000,410.000000</point>
				<point>395.000000,410.000000</point>
				<point>395.000000,395.000000</point>
				<point>402.000000,394.000000</point>
				<point>403.000000,410.000000</point>
			</points>
		</object>
		<object>
			<coordinate>pixel</coordinate>
			<type>rectangle</type>
			<description>None</description>
			<possibleresult>
				<name>Small Car</name>
			</possibleresult>
			<points>
				<point>388.000000,376.000000</point>
				<point>387.000000,391.000000</point>
				<point>380.000000,390.000000</point>
				<point>381.000000,375.000000</point>
				<point>388.000000,376.000000</point>
			</points>
		</object>
		<object>
			<coordinate>pixel</coordinate>
			<type>rectangle</type>
			<description>None</description>
			<possibleresult>
				<name>Small Car</name>
			</possibleresult>
			<points>
				<point>378.000000,376.000000</point>
				<point>377.000000,392.000000</point>
				<point>370.000000,391.000000</point>
				<point>371.000000,376.000000</point>
				<point>378.000000,376.000000</point>
			</points>
		</object>
		<object>
			<coordinate>pixel</coordinate>
			<type>rectangle</type>
			<description>None</description>
			<possibleresult>
				<name>Small Car</name>
			</possibleresult>
			<points>
				<point>266.000000,311.000000</point>
				<point>261.000000,317.000000</point>
				<point>250.000000,306.000000</point>
				<point>255.000000,300.000000</point>
				<point>266.000000,311.000000</point>
			</points>
		</object>
		<object>
			<coordinate>pixel</coordinate>
			<type>rectangle</type>
			<description>None</description>
			<possibleresult>
				<name>Small Car</name>
			</possibleresult>
			<points>
				<point>279.000000,308.000000</point>
				<point>275.000000,313.000000</point>
				<point>263.000000,303.000000</point>
				<point>267.000000,297.000000</point>
				<point>279.000000,308.000000</point>
			</points>
		</object>
		<object>
			<coordinate>pixel</coordinate>
			<type>rectangle</type>
			<description>None</description>
			<possibleresult>
				<name>Small Car</name>
			</possibleresult>
			<points>
				<point>296.000000,309.000000</point>
				<point>291.000000,315.000000</point>
				<point>275.000000,302.000000</point>
				<point>280.000000,296.000000</point>
				<point>296.000000,309.000000</point>
			</points>
		</object>
		<object>
			<coordinate>pixel</coordinate>
			<type>rectangle</type>
			<description>None</description>
			<possibleresult>
				<name>Small Car</name>
			</possibleresult>
			<points>
				<point>307.000000,306.000000</point>
				<point>301.000000,312.000000</point>
				<point>289.000000,300.000000</point>
				<point>294.000000,294.000000</point>
				<point>307.000000,306.000000</point>
			</points>
		</object>
		<object>
			<coordinate>pixel</coordinate>
			<type>rectangle</type>
			<description>None</description>
			<possibleresult>
				<name>Small Car</name>
			</possibleresult>
			<points>
				<point>320.000000,305.000000</point>
				<point>315.000000,310.000000</point>
				<point>302.000000,299.000000</point>
				<point>307.000000,294.000000</point>
				<point>320.000000,305.000000</point>
			</points>
		</object>
		<object>
			<coordinate>pixel</coordinate>
			<type>rectangle</type>
			<description>None</description>
			<possibleresult>
				<name>Van</name>
			</possibleresult>
			<points>
				<point>365.000000,308.000000</point>
				<point>360.000000,313.000000</point>
				<point>349.000000,300.000000</point>
				<point>354.000000,296.000000</point>
				<point>365.000000,308.000000</point>
			</points>
		</object>
		<object>
			<coordinate>pixel</coordinate>
			<type>rectangle</type>
			<description>None</description>
			<possibleresult>
				<name>Van</name>
			</possibleresult>
			<points>
				<point>378.000000,307.000000</point>
				<point>373.000000,312.000000</point>
				<point>360.000000,300.000000</point>
				<point>365.000000,294.000000</point>
				<point>378.000000,307.000000</point>
			</points>
		</object>
		<object>
			<coordinate>pixel</coordinate>
			<type>rectangle</type>
			<description>None</description>
			<possibleresult>
				<name>Van</name>
			</possibleresult>
			<points>
				<point>393.000000,306.000000</point>
				<point>385.000000,312.000000</point>
				<point>374.000000,298.000000</point>
				<point>381.000000,292.000000</point>
				<point>393.000000,306.000000</point>
			</points>
		</object>
		<object>
			<coordinate>pixel</coordinate>
			<type>rectangle</type>
			<description>None</description>
			<possibleresult>
				<name>Small Car</name>
			</possibleresult>
			<points>
				<point>421.000000,306.000000</point>
				<point>416.000000,311.000000</point>
				<point>405.000000,298.000000</point>
				<point>410.000000,293.000000</point>
				<point>421.000000,306.000000</point>
			</points>
		</object>
		<object>
			<coordinate>pixel</coordinate>
			<type>rectangle</type>
			<description>None</description>
			<possibleresult>
				<name>Small Car</name>
			</possibleresult>
			<points>
				<point>431.000000,346.000000</point>
				<point>421.000000,348.000000</point>
				<point>418.000000,332.000000</point>
				<point>428.000000,330.000000</point>
				<point>431.000000,346.000000</point>
			</points>
		</object>
		<object>
			<coordinate>pixel</coordinate>
			<type>rectangle</type>
			<description>None</description>
			<possibleresult>
				<name>Van</name>
			</possibleresult>
			<points>
				<point>465.000000,304.000000</point>
				<point>460.000000,309.000000</point>
				<point>449.000000,299.000000</point>
				<point>453.000000,294.000000</point>
				<point>465.000000,304.000000</point>
			</points>
		</object>
		<object>
			<coordinate>pixel</coordinate>
			<type>rectangle</type>
			<description>None</description>
			<possibleresult>
				<name>Small Car</name>
			</possibleresult>
			<points>
				<point>477.000000,303.000000</point>
				<point>473.000000,307.000000</point>
				<point>462.000000,295.000000</point>
				<point>466.000000,291.000000</point>
				<point>477.000000,303.000000</point>
			</points>
		</object>
		<object>
			<coordinate>pixel</coordinate>
			<type>rectangle</type>
			<description>None</description>
			<possibleresult>
				<name>Small Car</name>
			</possibleresult>
			<points>
				<point>452.000000,347.000000</point>
				<point>444.000000,347.000000</point>
				<point>444.000000,332.000000</point>
				<point>452.000000,332.000000</point>
				<point>452.000000,347.000000</point>
			</points>
		</object>
		<object>
			<coordinate>pixel</coordinate>
			<type>rectangle</type>
			<description>None</description>
			<possibleresult>
				<name>other-vehicle</name>
			</possibleresult>
			<points>
				<point>527.000000,339.000000</point>
				<point>520.000000,339.000000</point>
				<point>519.000000,328.000000</point>
				<point>526.000000,327.000000</point>
				<point>527.000000,339.000000</point>
			</points>
		</object>
		<object>
			<coordinate>pixel</coordinate>
			<type>rectangle</type>
			<description>None</description>
			<possibleresult>
				<name>Small Car</name>
			</possibleresult>
			<points>
				<point>539.000000,341.000000</point>
				<point>532.000000,341.000000</point>
				<point>531.000000,326.000000</point>
				<point>538.000000,326.000000</point>
				<point>539.000000,341.000000</point>
			</points>
		</object>
		<object>
			<coordinate>pixel</coordinate>
			<type>rectangle</type>
			<description>None</description>
			<possibleresult>
				<name>Small Car</name>
			</possibleresult>
			<points>
				<point>565.000000,343.000000</point>
				<point>557.000000,344.000000</point>
				<point>556.000000,328.000000</point>
				<point>563.000000,327.000000</point>
				<point>565.000000,343.000000</point>
			</points>
		</object>
		<object>
			<coordinate>pixel</coordinate>
			<type>rectangle</type>
			<description>None</description>
			<possibleresult>
				<name>Van</name>
			</possibleresult>
			<points>
				<point>576.000000,341.000000</point>
				<point>567.000000,341.000000</point>
				<point>567.000000,326.000000</point>
				<point>576.000000,326.000000</point>
				<point>576.000000,341.000000</point>
			</points>
		</object>
		<object>
			<coordinate>pixel</coordinate>
			<type>rectangle</type>
			<description>None</description>
			<possibleresult>
				<name>Van</name>
			</possibleresult>
			<points>
				<point>590.000000,340.000000</point>
				<point>581.000000,340.000000</point>
				<point>580.000000,326.000000</point>
				<point>589.000000,325.000000</point>
				<point>590.000000,340.000000</point>
			</points>
		</object>
		<object>
			<coordinate>pixel</coordinate>
			<type>rectangle</type>
			<description>None</description>
			<possibleresult>
				<name>Van</name>
			</possibleresult>
			<points>
				<point>600.000000,341.000000</point>
				<point>595.000000,342.000000</point>
				<point>593.000000,326.000000</point>
				<point>600.000000,326.000000</point>
				<point>600.000000,341.000000</point>
			</points>
		</object>
		<object>
			<coordinate>pixel</coordinate>
			<type>rectangle</type>
			<description>None</description>
			<possibleresult>
				<name>Small Car</name>
			</possibleresult>
			<points>
				<point>548.000000,303.000000</point>
				<point>543.000000,307.000000</point>
				<point>532.000000,295.000000</point>
				<point>537.000000,290.000000</point>
				<point>548.000000,303.000000</point>
			</points>
		</object>
		<object>
			<coordinate>pixel</coordinate>
			<type>rectangle</type>
			<description>None</description>
			<possibleresult>
				<name>Baseball Field</name>
			</possibleresult>
			<points>
				<point>563.000000,675.000000</point>
				<point>371.000000,684.000000</point>
				<point>364.000000,536.000000</point>
				<point>555.000000,527.000000</point>
				<point>563.000000,675.000000</point>
			</points>
		</object>
	</objects>
</annotation>