<?xml version="1.0" encoding="utf-8"?>
<annotation>
	<source>
		<filename>14691.tif</filename>
		<origin>GF2/GF3</origin>
	</source>
	<research>
		<version>1.0</version>
		<provider>FAIR1M</provider>
		<author>Cyber</author>
		<pluginname>FAIR1M</pluginname>
		<pluginclass>object detection</pluginclass>
		<time>2021-07-21</time>
	</research>
	<size>
		<width>800</width>
		<height>600</height>
		<depth>4</depth>
	</size>
	<objects>
		<object>
			<coordinate>pixel</coordinate>
			<type>rectangle</type>
			<description>None</description>
			<possibleresult>
				<name>Small Car</name>
			</possibleresult>
			<points>
				<point>253.000000,204.000000</point>
				<point>233.000000,204.000000</point>
				<point>234.000000,196.000000</point>
				<point>253.000000,196.000000</point>
				<point>253.000000,204.000000</point>
			</points>
		</object>
		<object>
			<coordinate>pixel</coordinate>
			<type>rectangle</type>
			<description>None</description>
			<possibleresult>
				<name>Dump Truck</name>
			</possibleresult>
			<points>
				<point>421.000000,255.000000</point>
				<point>390.000000,255.000000</point>
				<point>390.000000,246.000000</point>
				<point>421.000000,245.000000</point>
				<point>421.000000,255.000000</point>
			</points>
		</object>
		<object>
			<coordinate>pixel</coordinate>
			<type>rectangle</type>
			<description>None</description>
			<possibleresult>
				<name>Small Car</name>
			</possibleresult>
			<points>
				<point>541.000000,255.000000</point>
				<point>540.000000,265.000000</point>
				<point>518.000000,265.000000</point>
				<point>518.000000,255.000000</point>
				<point>541.000000,255.000000</point>
			</points>
		</object>
		<object>
			<coordinate>pixel</coordinate>
			<type>rectangle</type>
			<description>None</description>
			<possibleresult>
				<name>Small Car</name>
			</possibleresult>
			<points>
				<point>570.000000,303.000000</point>
				<point>561.000000,303.000000</point>
				<point>560.000000,286.000000</point>
				<point>569.000000,285.000000</point>
				<point>570.000000,303.000000</point>
			</points>
		</object>
		<object>
			<coordinate>pixel</coordinate>
			<type>rectangle</type>
			<description>None</description>
			<possibleresult>
				<name>Van</name>
			</possibleresult>
			<points>
				<point>490.000000,511.000000</point>
				<point>471.000000,510.000000</point>
				<point>472.000000,504.000000</point>
				<point>490.000000,505.000000</point>
				<point>490.000000,511.000000</point>
			</points>
		</object>
		<object>
			<coordinate>pixel</coordinate>
			<type>rectangle</type>
			<description>None</description>
			<possibleresult>
				<name>Dump Truck</name>
			</possibleresult>
			<points>
				<point>526.000000,512.000000</point>
				<point>502.000000,513.000000</point>
				<point>502.000000,504.000000</point>
				<point>526.000000,503.000000</point>
				<point>526.000000,512.000000</point>
			</points>
		</object>
		<object>
			<coordinate>pixel</coordinate>
			<type>rectangle</type>
			<description>None</description>
			<possibleresult>
				<name>Dump Truck</name>
			</possibleresult>
			<points>
				<point>122.000000,34.000000</point>
				<point>111.000000,36.000000</point>
				<point>109.000000,15.000000</point>
				<point>120.000000,14.000000</point>
				<point>122.000000,34.000000</point>
			</points>
		</object>
		<object>
			<coordinate>pixel</coordinate>
			<type>rectangle</type>
			<description>None</description>
			<possibleresult>
				<name>Dump Truck</name>
			</possibleresult>
			<points>
				<point>145.000000,152.000000</point>
				<point>132.000000,152.000000</point>
				<point>131.000000,122.000000</point>
				<point>144.000000,122.000000</point>
				<point>145.000000,152.000000</point>
			</points>
		</object>
		<object>
			<coordinate>pixel</coordinate>
			<type>rectangle</type>
			<description>None</description>
			<possibleresult>
				<name>Van</name>
			</possibleresult>
			<points>
				<point>578.000000,422.000000</point>
				<point>577.000000,443.000000</point>
				<point>566.000000,442.000000</point>
				<point>567.000000,422.000000</point>
				<point>578.000000,422.000000</point>
			</points>
		</object>
		<object>
			<coordinate>pixel</coordinate>
			<type>rectangle</type>
			<description>None</description>
			<possibleresult>
				<name>Van</name>
			</possibleresult>
			<points>
				<point>520.000000,367.000000</point>
				<point>500.000000,367.000000</point>
				<point>500.000000,359.000000</point>
				<point>520.000000,360.000000</point>
				<point>520.000000,367.000000</point>
			</points>
		</object>
		<object>
			<coordinate>pixel</coordinate>
			<type>rectangle</type>
			<description>None</description>
			<possibleresult>
				<name>Small Car</name>
			</possibleresult>
			<points>
				<point>717.000000,459.000000</point>
				<point>695.000000,459.000000</point>
				<point>695.000000,451.000000</point>
				<point>717.000000,451.000000</point>
				<point>717.000000,459.000000</point>
			</points>
		</object>
		<object>
			<coordinate>pixel</coordinate>
			<type>rectangle</type>
			<description>None</description>
			<possibleresult>
				<name>Van</name>
			</possibleresult>
			<points>
				<point>729.000000,154.000000</point>
				<point>707.000000,154.000000</point>
				<point>707.000000,144.000000</point>
				<point>729.000000,145.000000</point>
				<point>729.000000,154.000000</point>
			</points>
		</object>
		<object>
			<coordinate>pixel</coordinate>
			<type>rectangle</type>
			<description>None</description>
			<possibleresult>
				<name>Van</name>
			</possibleresult>
			<points>
				<point>461.000000,459.000000</point>
				<point>439.000000,459.000000</point>
				<point>439.000000,453.000000</point>
				<point>461.000000,452.000000</point>
				<point>461.000000,459.000000</point>
			</points>
		</object>
		<object>
			<coordinate>pixel</coordinate>
			<type>rectangle</type>
			<description>None</description>
			<possibleresult>
				<name>Small Car</name>
			</possibleresult>
			<points>
				<point>214.000000,462.000000</point>
				<point>213.000000,471.000000</point>
				<point>191.000000,470.000000</point>
				<point>191.000000,461.000000</point>
				<point>214.000000,462.000000</point>
			</points>
		</object>
		<object>
			<coordinate>pixel</coordinate>
			<type>rectangle</type>
			<description>None</description>
			<possibleresult>
				<name>Small Car</name>
			</possibleresult>
			<points>
				<point>187.000000,468.000000</point>
				<point>162.000000,468.000000</point>
				<point>162.000000,461.000000</point>
				<point>187.000000,461.000000</point>
				<point>187.000000,468.000000</point>
			</points>
		</object>
		<object>
			<coordinate>pixel</coordinate>
			<type>rectangle</type>
			<description>None</description>
			<possibleresult>
				<name>Small Car</name>
			</possibleresult>
			<points>
				<point>197.000000,421.000000</point>
				<point>174.000000,420.000000</point>
				<point>175.000000,411.000000</point>
				<point>197.000000,412.000000</point>
				<point>197.000000,421.000000</point>
			</points>
		</object>
		<object>
			<coordinate>pixel</coordinate>
			<type>rectangle</type>
			<description>None</description>
			<possibleresult>
				<name>Dump Truck</name>
			</possibleresult>
			<points>
				<point>489.000000,113.000000</point>
				<point>467.000000,113.000000</point>
				<point>467.000000,105.000000</point>
				<point>489.000000,105.000000</point>
				<point>489.000000,113.000000</point>
			</points>
		</object>
		<object>
			<coordinate>pixel</coordinate>
			<type>rectangle</type>
			<description>None</description>
			<possibleresult>
				<name>Small Car</name>
			</possibleresult>
			<points>
				<point>238.000000,53.000000</point>
				<point>213.000000,52.000000</point>
				<point>213.000000,42.000000</point>
				<point>238.000000,42.000000</point>
				<point>238.000000,53.000000</point>
			</points>
		</object>
	</objects>
</annotation>