<?xml version="1.0" encoding="utf-8"?>
<annotation>
	<source>
		<filename>14726.tif</filename>
		<origin>GF2/GF3</origin>
	</source>
	<research>
		<version>1.0</version>
		<provider>FAIR1M</provider>
		<author>Cyber</author>
		<pluginname>FAIR1M</pluginname>
		<pluginclass>object detection</pluginclass>
		<time>2021-07-21</time>
	</research>
	<size>
		<width>800</width>
		<height>600</height>
		<depth>4</depth>
	</size>
	<objects>
		<object>
			<coordinate>pixel</coordinate>
			<type>rectangle</type>
			<description>None</description>
			<possibleresult>
				<name>Van</name>
			</possibleresult>
			<points>
				<point>45.000000,56.000000</point>
				<point>16.000000,57.000000</point>
				<point>15.000000,50.000000</point>
				<point>44.000000,48.000000</point>
				<point>45.000000,56.000000</point>
			</points>
		</object>
		<object>
			<coordinate>pixel</coordinate>
			<type>rectangle</type>
			<description>None</description>
			<possibleresult>
				<name>Van</name>
			</possibleresult>
			<points>
				<point>43.000000,76.000000</point>
				<point>16.000000,75.000000</point>
				<point>17.000000,67.000000</point>
				<point>43.000000,69.000000</point>
				<point>43.000000,76.000000</point>
			</points>
		</object>
		<object>
			<coordinate>pixel</coordinate>
			<type>rectangle</type>
			<description>None</description>
			<possibleresult>
				<name>Small Car</name>
			</possibleresult>
			<points>
				<point>176.000000,475.000000</point>
				<point>152.000000,475.000000</point>
				<point>152.000000,469.000000</point>
				<point>176.000000,468.000000</point>
				<point>176.000000,475.000000</point>
			</points>
		</object>
		<object>
			<coordinate>pixel</coordinate>
			<type>rectangle</type>
			<description>None</description>
			<possibleresult>
				<name>Van</name>
			</possibleresult>
			<points>
				<point>221.000000,493.000000</point>
				<point>212.000000,493.000000</point>
				<point>212.000000,474.000000</point>
				<point>221.000000,474.000000</point>
				<point>221.000000,493.000000</point>
			</points>
		</object>
		<object>
			<coordinate>pixel</coordinate>
			<type>rectangle</type>
			<description>None</description>
			<possibleresult>
				<name>Dump Truck</name>
			</possibleresult>
			<points>
				<point>173.000000,571.000000</point>
				<point>151.000000,571.000000</point>
				<point>151.000000,564.000000</point>
				<point>173.000000,564.000000</point>
				<point>173.000000,571.000000</point>
			</points>
		</object>
		<object>
			<coordinate>pixel</coordinate>
			<type>rectangle</type>
			<description>None</description>
			<possibleresult>
				<name>Van</name>
			</possibleresult>
			<points>
				<point>176.000000,588.000000</point>
				<point>154.000000,588.000000</point>
				<point>154.000000,581.000000</point>
				<point>176.000000,581.000000</point>
				<point>176.000000,588.000000</point>
			</points>
		</object>
		<object>
			<coordinate>pixel</coordinate>
			<type>rectangle</type>
			<description>None</description>
			<possibleresult>
				<name>Small Car</name>
			</possibleresult>
			<points>
				<point>230.000000,185.000000</point>
				<point>229.000000,192.000000</point>
				<point>208.000000,190.000000</point>
				<point>209.000000,182.000000</point>
				<point>230.000000,185.000000</point>
			</points>
		</object>
		<object>
			<coordinate>pixel</coordinate>
			<type>rectangle</type>
			<description>None</description>
			<possibleresult>
				<name>Small Car</name>
			</possibleresult>
			<points>
				<point>236.000000,164.000000</point>
				<point>233.000000,185.000000</point>
				<point>222.000000,183.000000</point>
				<point>226.000000,162.000000</point>
				<point>236.000000,164.000000</point>
			</points>
		</object>
		<object>
			<coordinate>pixel</coordinate>
			<type>rectangle</type>
			<description>None</description>
			<possibleresult>
				<name>Small Car</name>
			</possibleresult>
			<points>
				<point>265.000000,104.000000</point>
				<point>264.000000,111.000000</point>
				<point>244.000000,107.000000</point>
				<point>245.000000,100.000000</point>
				<point>265.000000,104.000000</point>
			</points>
		</object>
		<object>
			<coordinate>pixel</coordinate>
			<type>rectangle</type>
			<description>None</description>
			<possibleresult>
				<name>Van</name>
			</possibleresult>
			<points>
				<point>271.000000,94.000000</point>
				<point>269.000000,101.000000</point>
				<point>247.000000,98.000000</point>
				<point>248.000000,90.000000</point>
				<point>271.000000,94.000000</point>
			</points>
		</object>
		<object>
			<coordinate>pixel</coordinate>
			<type>rectangle</type>
			<description>None</description>
			<possibleresult>
				<name>Small Car</name>
			</possibleresult>
			<points>
				<point>274.000000,73.000000</point>
				<point>273.000000,81.000000</point>
				<point>252.000000,78.000000</point>
				<point>253.000000,71.000000</point>
				<point>274.000000,73.000000</point>
			</points>
		</object>
		<object>
			<coordinate>pixel</coordinate>
			<type>rectangle</type>
			<description>None</description>
			<possibleresult>
				<name>Van</name>
			</possibleresult>
			<points>
				<point>305.000000,24.000000</point>
				<point>304.000000,40.000000</point>
				<point>294.000000,40.000000</point>
				<point>295.000000,24.000000</point>
				<point>305.000000,24.000000</point>
			</points>
		</object>
		<object>
			<coordinate>pixel</coordinate>
			<type>rectangle</type>
			<description>None</description>
			<possibleresult>
				<name>Van</name>
			</possibleresult>
			<points>
				<point>332.000000,23.000000</point>
				<point>331.000000,39.000000</point>
				<point>322.000000,38.000000</point>
				<point>322.000000,22.000000</point>
				<point>332.000000,23.000000</point>
			</points>
		</object>
		<object>
			<coordinate>pixel</coordinate>
			<type>rectangle</type>
			<description>None</description>
			<possibleresult>
				<name>Small Car</name>
			</possibleresult>
			<points>
				<point>357.000000,89.000000</point>
				<point>338.000000,89.000000</point>
				<point>338.000000,84.000000</point>
				<point>357.000000,84.000000</point>
				<point>357.000000,89.000000</point>
			</points>
		</object>
		<object>
			<coordinate>pixel</coordinate>
			<type>rectangle</type>
			<description>None</description>
			<possibleresult>
				<name>Small Car</name>
			</possibleresult>
			<points>
				<point>400.000000,63.000000</point>
				<point>382.000000,63.000000</point>
				<point>382.000000,56.000000</point>
				<point>400.000000,56.000000</point>
				<point>400.000000,63.000000</point>
			</points>
		</object>
		<object>
			<coordinate>pixel</coordinate>
			<type>rectangle</type>
			<description>None</description>
			<possibleresult>
				<name>Small Car</name>
			</possibleresult>
			<points>
				<point>401.000000,84.000000</point>
				<point>382.000000,84.000000</point>
				<point>382.000000,77.000000</point>
				<point>401.000000,78.000000</point>
				<point>401.000000,84.000000</point>
			</points>
		</object>
		<object>
			<coordinate>pixel</coordinate>
			<type>rectangle</type>
			<description>None</description>
			<possibleresult>
				<name>Dump Truck</name>
			</possibleresult>
			<points>
				<point>404.000000,115.000000</point>
				<point>395.000000,128.000000</point>
				<point>389.000000,124.000000</point>
				<point>398.000000,111.000000</point>
				<point>404.000000,115.000000</point>
			</points>
		</object>
		<object>
			<coordinate>pixel</coordinate>
			<type>rectangle</type>
			<description>None</description>
			<possibleresult>
				<name>Van</name>
			</possibleresult>
			<points>
				<point>383.000000,113.000000</point>
				<point>375.000000,127.000000</point>
				<point>368.000000,124.000000</point>
				<point>376.000000,109.000000</point>
				<point>383.000000,113.000000</point>
			</points>
		</object>
		<object>
			<coordinate>pixel</coordinate>
			<type>rectangle</type>
			<description>None</description>
			<possibleresult>
				<name>Van</name>
			</possibleresult>
			<points>
				<point>369.000000,115.000000</point>
				<point>361.000000,130.000000</point>
				<point>354.000000,126.000000</point>
				<point>362.000000,111.000000</point>
				<point>369.000000,115.000000</point>
			</points>
		</object>
		<object>
			<coordinate>pixel</coordinate>
			<type>rectangle</type>
			<description>None</description>
			<possibleresult>
				<name>Small Car</name>
			</possibleresult>
			<points>
				<point>359.000000,113.000000</point>
				<point>351.000000,129.000000</point>
				<point>344.000000,125.000000</point>
				<point>352.000000,109.000000</point>
				<point>359.000000,113.000000</point>
			</points>
		</object>
		<object>
			<coordinate>pixel</coordinate>
			<type>rectangle</type>
			<description>None</description>
			<possibleresult>
				<name>Van</name>
			</possibleresult>
			<points>
				<point>347.000000,114.000000</point>
				<point>341.000000,127.000000</point>
				<point>334.000000,123.000000</point>
				<point>341.000000,111.000000</point>
				<point>347.000000,114.000000</point>
			</points>
		</object>
		<object>
			<coordinate>pixel</coordinate>
			<type>rectangle</type>
			<description>None</description>
			<possibleresult>
				<name>Small Car</name>
			</possibleresult>
			<points>
				<point>322.000000,114.000000</point>
				<point>313.000000,128.000000</point>
				<point>306.000000,124.000000</point>
				<point>314.000000,109.000000</point>
				<point>322.000000,114.000000</point>
			</points>
		</object>
		<object>
			<coordinate>pixel</coordinate>
			<type>rectangle</type>
			<description>None</description>
			<possibleresult>
				<name>Small Car</name>
			</possibleresult>
			<points>
				<point>298.000000,115.000000</point>
				<point>293.000000,131.000000</point>
				<point>284.000000,128.000000</point>
				<point>289.000000,112.000000</point>
				<point>298.000000,115.000000</point>
			</points>
		</object>
		<object>
			<coordinate>pixel</coordinate>
			<type>rectangle</type>
			<description>None</description>
			<possibleresult>
				<name>Van</name>
			</possibleresult>
			<points>
				<point>277.000000,115.000000</point>
				<point>271.000000,128.000000</point>
				<point>263.000000,125.000000</point>
				<point>269.000000,112.000000</point>
				<point>277.000000,115.000000</point>
			</points>
		</object>
		<object>
			<coordinate>pixel</coordinate>
			<type>rectangle</type>
			<description>None</description>
			<possibleresult>
				<name>Van</name>
			</possibleresult>
			<points>
				<point>489.000000,113.000000</point>
				<point>475.000000,130.000000</point>
				<point>467.000000,124.000000</point>
				<point>481.000000,107.000000</point>
				<point>489.000000,113.000000</point>
			</points>
		</object>
		<object>
			<coordinate>pixel</coordinate>
			<type>rectangle</type>
			<description>None</description>
			<possibleresult>
				<name>Small Car</name>
			</possibleresult>
			<points>
				<point>548.000000,112.000000</point>
				<point>541.000000,127.000000</point>
				<point>534.000000,124.000000</point>
				<point>540.000000,109.000000</point>
				<point>548.000000,112.000000</point>
			</points>
		</object>
		<object>
			<coordinate>pixel</coordinate>
			<type>rectangle</type>
			<description>None</description>
			<possibleresult>
				<name>Small Car</name>
			</possibleresult>
			<points>
				<point>561.000000,113.000000</point>
				<point>552.000000,129.000000</point>
				<point>544.000000,124.000000</point>
				<point>553.000000,108.000000</point>
				<point>561.000000,113.000000</point>
			</points>
		</object>
		<object>
			<coordinate>pixel</coordinate>
			<type>rectangle</type>
			<description>None</description>
			<possibleresult>
				<name>Small Car</name>
			</possibleresult>
			<points>
				<point>584.000000,114.000000</point>
				<point>578.000000,129.000000</point>
				<point>571.000000,126.000000</point>
				<point>577.000000,111.000000</point>
				<point>584.000000,114.000000</point>
			</points>
		</object>
		<object>
			<coordinate>pixel</coordinate>
			<type>rectangle</type>
			<description>None</description>
			<possibleresult>
				<name>Van</name>
			</possibleresult>
			<points>
				<point>601.000000,113.000000</point>
				<point>594.000000,127.000000</point>
				<point>586.000000,122.000000</point>
				<point>594.000000,108.000000</point>
				<point>601.000000,113.000000</point>
			</points>
		</object>
		<object>
			<coordinate>pixel</coordinate>
			<type>rectangle</type>
			<description>None</description>
			<possibleresult>
				<name>Van</name>
			</possibleresult>
			<points>
				<point>448.000000,97.000000</point>
				<point>439.000000,100.000000</point>
				<point>434.000000,84.000000</point>
				<point>444.000000,81.000000</point>
				<point>448.000000,97.000000</point>
			</points>
		</object>
		<object>
			<coordinate>pixel</coordinate>
			<type>rectangle</type>
			<description>None</description>
			<possibleresult>
				<name>Van</name>
			</possibleresult>
			<points>
				<point>486.000000,93.000000</point>
				<point>478.000000,97.000000</point>
				<point>471.000000,82.000000</point>
				<point>479.000000,78.000000</point>
				<point>486.000000,93.000000</point>
			</points>
		</object>
		<object>
			<coordinate>pixel</coordinate>
			<type>rectangle</type>
			<description>None</description>
			<possibleresult>
				<name>Van</name>
			</possibleresult>
			<points>
				<point>501.000000,91.000000</point>
				<point>492.000000,96.000000</point>
				<point>483.000000,80.000000</point>
				<point>491.000000,75.000000</point>
				<point>501.000000,91.000000</point>
			</points>
		</object>
		<object>
			<coordinate>pixel</coordinate>
			<type>rectangle</type>
			<description>None</description>
			<possibleresult>
				<name>Van</name>
			</possibleresult>
			<points>
				<point>523.000000,93.000000</point>
				<point>514.000000,97.000000</point>
				<point>508.000000,82.000000</point>
				<point>516.000000,78.000000</point>
				<point>523.000000,93.000000</point>
			</points>
		</object>
		<object>
			<coordinate>pixel</coordinate>
			<type>rectangle</type>
			<description>None</description>
			<possibleresult>
				<name>Dump Truck</name>
			</possibleresult>
			<points>
				<point>648.000000,55.000000</point>
				<point>639.000000,59.000000</point>
				<point>630.000000,40.000000</point>
				<point>639.000000,36.000000</point>
				<point>648.000000,55.000000</point>
			</points>
		</object>
		<object>
			<coordinate>pixel</coordinate>
			<type>rectangle</type>
			<description>None</description>
			<possibleresult>
				<name>Van</name>
			</possibleresult>
			<points>
				<point>667.000000,29.000000</point>
				<point>659.000000,33.000000</point>
				<point>650.000000,17.000000</point>
				<point>658.000000,13.000000</point>
				<point>667.000000,29.000000</point>
			</points>
		</object>
		<object>
			<coordinate>pixel</coordinate>
			<type>rectangle</type>
			<description>None</description>
			<possibleresult>
				<name>Van</name>
			</possibleresult>
			<points>
				<point>732.000000,128.000000</point>
				<point>724.000000,132.000000</point>
				<point>717.000000,117.000000</point>
				<point>725.000000,113.000000</point>
				<point>732.000000,128.000000</point>
			</points>
		</object>
		<object>
			<coordinate>pixel</coordinate>
			<type>rectangle</type>
			<description>None</description>
			<possibleresult>
				<name>Small Car</name>
			</possibleresult>
			<points>
				<point>766.000000,155.000000</point>
				<point>757.000000,159.000000</point>
				<point>751.000000,145.000000</point>
				<point>760.000000,141.000000</point>
				<point>766.000000,155.000000</point>
			</points>
		</object>
		<object>
			<coordinate>pixel</coordinate>
			<type>rectangle</type>
			<description>None</description>
			<possibleresult>
				<name>Bus</name>
			</possibleresult>
			<points>
				<point>784.000000,292.000000</point>
				<point>775.000000,296.000000</point>
				<point>755.000000,258.000000</point>
				<point>764.000000,253.000000</point>
				<point>784.000000,292.000000</point>
			</points>
		</object>
		<object>
			<coordinate>pixel</coordinate>
			<type>rectangle</type>
			<description>None</description>
			<possibleresult>
				<name>Van</name>
			</possibleresult>
			<points>
				<point>791.000000,281.000000</point>
				<point>784.000000,285.000000</point>
				<point>776.000000,271.000000</point>
				<point>783.000000,266.000000</point>
				<point>791.000000,281.000000</point>
			</points>
		</object>
		<object>
			<coordinate>pixel</coordinate>
			<type>rectangle</type>
			<description>None</description>
			<possibleresult>
				<name>Van</name>
			</possibleresult>
			<points>
				<point>588.000000,321.000000</point>
				<point>567.000000,321.000000</point>
				<point>567.000000,314.000000</point>
				<point>588.000000,314.000000</point>
				<point>588.000000,321.000000</point>
			</points>
		</object>
		<object>
			<coordinate>pixel</coordinate>
			<type>rectangle</type>
			<description>None</description>
			<possibleresult>
				<name>Van</name>
			</possibleresult>
			<points>
				<point>426.000000,347.000000</point>
				<point>409.000000,346.000000</point>
				<point>410.000000,340.000000</point>
				<point>426.000000,340.000000</point>
				<point>426.000000,347.000000</point>
			</points>
		</object>
		<object>
			<coordinate>pixel</coordinate>
			<type>rectangle</type>
			<description>None</description>
			<possibleresult>
				<name>Small Car</name>
			</possibleresult>
			<points>
				<point>173.000000,486.000000</point>
				<point>152.000000,487.000000</point>
				<point>152.000000,480.000000</point>
				<point>173.000000,479.000000</point>
				<point>173.000000,486.000000</point>
			</points>
		</object>
	</objects>
</annotation>