<?xml version="1.0" encoding="utf-8"?>
<annotation>
	<source>
		<filename>14770.tif</filename>
		<origin>GF2/GF3</origin>
	</source>
	<research>
		<version>1.0</version>
		<provider>FAIR1M</provider>
		<author>Cyber</author>
		<pluginname>FAIR1M</pluginname>
		<pluginclass>object detection</pluginclass>
		<time>2021-07-21</time>
	</research>
	<size>
		<width>1000</width>
		<height>1000</height>
		<depth>3</depth>
	</size>
	<objects>
		<object>
			<coordinate>pixel</coordinate>
			<type>rectangle</type>
			<description>None</description>
			<possibleresult>
				<name>Small Car</name>
			</possibleresult>
			<points>
				<point>982.000000,309.000000</point>
				<point>971.000000,309.000000</point>
				<point>970.000000,291.000000</point>
				<point>982.000000,291.000000</point>
				<point>982.000000,309.000000</point>
			</points>
		</object>
		<object>
			<coordinate>pixel</coordinate>
			<type>rectangle</type>
			<description>None</description>
			<possibleresult>
				<name>Small Car</name>
			</possibleresult>
			<points>
				<point>847.000000,410.000000</point>
				<point>845.000000,425.000000</point>
				<point>832.000000,424.000000</point>
				<point>834.000000,408.000000</point>
				<point>847.000000,410.000000</point>
			</points>
		</object>
		<object>
			<coordinate>pixel</coordinate>
			<type>rectangle</type>
			<description>None</description>
			<possibleresult>
				<name>Dump Truck</name>
			</possibleresult>
			<points>
				<point>938.000000,613.000000</point>
				<point>927.000000,632.000000</point>
				<point>917.000000,626.000000</point>
				<point>929.000000,607.000000</point>
				<point>938.000000,613.000000</point>
			</points>
		</object>
		<object>
			<coordinate>pixel</coordinate>
			<type>rectangle</type>
			<description>None</description>
			<possibleresult>
				<name>Dump Truck</name>
			</possibleresult>
			<points>
				<point>671.000000,412.000000</point>
				<point>669.000000,431.000000</point>
				<point>657.000000,430.000000</point>
				<point>659.000000,411.000000</point>
				<point>671.000000,412.000000</point>
			</points>
		</object>
		<object>
			<coordinate>pixel</coordinate>
			<type>rectangle</type>
			<description>None</description>
			<possibleresult>
				<name>Van</name>
			</possibleresult>
			<points>
				<point>637.000000,446.000000</point>
				<point>636.000000,454.000000</point>
				<point>620.000000,454.000000</point>
				<point>620.000000,445.000000</point>
				<point>637.000000,446.000000</point>
			</points>
		</object>
		<object>
			<coordinate>pixel</coordinate>
			<type>rectangle</type>
			<description>None</description>
			<possibleresult>
				<name>Dump Truck</name>
			</possibleresult>
			<points>
				<point>367.000000,721.000000</point>
				<point>341.000000,721.000000</point>
				<point>340.000000,714.000000</point>
				<point>366.000000,714.000000</point>
				<point>367.000000,721.000000</point>
			</points>
		</object>
	</objects>
</annotation>