<?xml version="1.0" encoding="utf-8"?>
<annotation>
	<source>
		<filename>14803.tif</filename>
		<origin>GF2/GF3</origin>
	</source>
	<research>
		<version>1.0</version>
		<provider>FAIR1M</provider>
		<author>Cyber</author>
		<pluginname>FAIR1M</pluginname>
		<pluginclass>object detection</pluginclass>
		<time>2021-07-21</time>
	</research>
	<size>
		<width>600</width>
		<height>800</height>
		<depth>4</depth>
	</size>
	<objects>
		<object>
			<coordinate>pixel</coordinate>
			<type>rectangle</type>
			<description>None</description>
			<possibleresult>
				<name>Baseball Field</name>
			</possibleresult>
			<points>
				<point>294.000000,358.000000</point>
				<point>123.000000,430.000000</point>
				<point>58.000000,276.000000</point>
				<point>229.000000,204.000000</point>
				<point>294.000000,358.000000</point>
			</points>
		</object>
		<object>
			<coordinate>pixel</coordinate>
			<type>rectangle</type>
			<description>None</description>
			<possibleresult>
				<name>Small Car</name>
			</possibleresult>
			<points>
				<point>592.000000,705.000000</point>
				<point>583.000000,724.000000</point>
				<point>573.000000,719.000000</point>
				<point>581.000000,700.000000</point>
				<point>592.000000,705.000000</point>
			</points>
		</object>
		<object>
			<coordinate>pixel</coordinate>
			<type>rectangle</type>
			<description>None</description>
			<possibleresult>
				<name>Small Car</name>
			</possibleresult>
			<points>
				<point>577.000000,710.000000</point>
				<point>568.000000,725.000000</point>
				<point>559.000000,720.000000</point>
				<point>567.000000,705.000000</point>
				<point>577.000000,710.000000</point>
			</points>
		</object>
		<object>
			<coordinate>pixel</coordinate>
			<type>rectangle</type>
			<description>None</description>
			<possibleresult>
				<name>Small Car</name>
			</possibleresult>
			<points>
				<point>531.000000,673.000000</point>
				<point>508.000000,680.000000</point>
				<point>505.000000,672.000000</point>
				<point>528.000000,664.000000</point>
				<point>531.000000,673.000000</point>
			</points>
		</object>
		<object>
			<coordinate>pixel</coordinate>
			<type>rectangle</type>
			<description>None</description>
			<possibleresult>
				<name>Small Car</name>
			</possibleresult>
			<points>
				<point>500.000000,680.000000</point>
				<point>480.000000,688.000000</point>
				<point>477.000000,680.000000</point>
				<point>497.000000,672.000000</point>
				<point>500.000000,680.000000</point>
			</points>
		</object>
		<object>
			<coordinate>pixel</coordinate>
			<type>rectangle</type>
			<description>None</description>
			<possibleresult>
				<name>Small Car</name>
			</possibleresult>
			<points>
				<point>472.000000,689.000000</point>
				<point>451.000000,696.000000</point>
				<point>448.000000,688.000000</point>
				<point>470.000000,682.000000</point>
				<point>472.000000,689.000000</point>
			</points>
		</object>
		<object>
			<coordinate>pixel</coordinate>
			<type>rectangle</type>
			<description>None</description>
			<possibleresult>
				<name>Van</name>
			</possibleresult>
			<points>
				<point>441.000000,699.000000</point>
				<point>424.000000,703.000000</point>
				<point>423.000000,695.000000</point>
				<point>439.000000,691.000000</point>
				<point>441.000000,699.000000</point>
			</points>
		</object>
		<object>
			<coordinate>pixel</coordinate>
			<type>rectangle</type>
			<description>None</description>
			<possibleresult>
				<name>Small Car</name>
			</possibleresult>
			<points>
				<point>304.000000,752.000000</point>
				<point>283.000000,761.000000</point>
				<point>280.000000,753.000000</point>
				<point>300.000000,744.000000</point>
				<point>304.000000,752.000000</point>
			</points>
		</object>
		<object>
			<coordinate>pixel</coordinate>
			<type>rectangle</type>
			<description>None</description>
			<possibleresult>
				<name>Small Car</name>
			</possibleresult>
			<points>
				<point>389.000000,762.000000</point>
				<point>382.000000,780.000000</point>
				<point>371.000000,776.000000</point>
				<point>379.000000,758.000000</point>
				<point>389.000000,762.000000</point>
			</points>
		</object>
		<object>
			<coordinate>pixel</coordinate>
			<type>rectangle</type>
			<description>None</description>
			<possibleresult>
				<name>Van</name>
			</possibleresult>
			<points>
				<point>375.000000,765.000000</point>
				<point>365.000000,783.000000</point>
				<point>356.000000,778.000000</point>
				<point>367.000000,760.000000</point>
				<point>375.000000,765.000000</point>
			</points>
		</object>
		<object>
			<coordinate>pixel</coordinate>
			<type>rectangle</type>
			<description>None</description>
			<possibleresult>
				<name>Small Car</name>
			</possibleresult>
			<points>
				<point>342.000000,774.000000</point>
				<point>335.000000,791.000000</point>
				<point>325.000000,787.000000</point>
				<point>332.000000,769.000000</point>
				<point>342.000000,774.000000</point>
			</points>
		</object>
		<object>
			<coordinate>pixel</coordinate>
			<type>rectangle</type>
			<description>None</description>
			<possibleresult>
				<name>Tennis Court</name>
			</possibleresult>
			<points>
				<point>261.000000,545.000000</point>
				<point>213.000000,558.000000</point>
				<point>177.000000,482.000000</point>
				<point>223.000000,470.000000</point>
				<point>261.000000,545.000000</point>
			</points>
		</object>
		<object>
			<coordinate>pixel</coordinate>
			<type>rectangle</type>
			<description>None</description>
			<possibleresult>
				<name>Tennis Court</name>
			</possibleresult>
			<points>
				<point>317.000000,529.000000</point>
				<point>269.000000,543.000000</point>
				<point>234.000000,467.000000</point>
				<point>280.000000,453.000000</point>
				<point>317.000000,529.000000</point>
			</points>
		</object>
		<object>
			<coordinate>pixel</coordinate>
			<type>rectangle</type>
			<description>None</description>
			<possibleresult>
				<name>Tennis Court</name>
			</possibleresult>
			<points>
				<point>373.000000,515.000000</point>
				<point>326.000000,528.000000</point>
				<point>289.000000,453.000000</point>
				<point>336.000000,439.000000</point>
				<point>373.000000,515.000000</point>
			</points>
		</object>
		<object>
			<coordinate>pixel</coordinate>
			<type>rectangle</type>
			<description>None</description>
			<possibleresult>
				<name>Tennis Court</name>
			</possibleresult>
			<points>
				<point>429.000000,499.000000</point>
				<point>382.000000,512.000000</point>
				<point>346.000000,437.000000</point>
				<point>394.000000,424.000000</point>
				<point>429.000000,499.000000</point>
			</points>
		</object>
		<object>
			<coordinate>pixel</coordinate>
			<type>rectangle</type>
			<description>None</description>
			<possibleresult>
				<name>Tennis Court</name>
			</possibleresult>
			<points>
				<point>486.000000,485.000000</point>
				<point>440.000000,496.000000</point>
				<point>401.000000,421.000000</point>
				<point>449.000000,408.000000</point>
				<point>486.000000,485.000000</point>
			</points>
		</object>
		<object>
			<coordinate>pixel</coordinate>
			<type>rectangle</type>
			<description>None</description>
			<possibleresult>
				<name>Tennis Court</name>
			</possibleresult>
			<points>
				<point>541.000000,469.000000</point>
				<point>494.000000,482.000000</point>
				<point>458.000000,407.000000</point>
				<point>505.000000,395.000000</point>
				<point>541.000000,469.000000</point>
			</points>
		</object>
	</objects>
</annotation>