<?xml version="1.0" encoding="utf-8"?>
<annotation>
	<source>
		<filename>14815.tif</filename>
		<origin>GF2/GF3</origin>
	</source>
	<research>
		<version>1.0</version>
		<provider>FAIR1M</provider>
		<author>Cyber</author>
		<pluginname>FAIR1M</pluginname>
		<pluginclass>object detection</pluginclass>
		<time>2021-07-21</time>
	</research>
	<size>
		<width>800</width>
		<height>600</height>
		<depth>4</depth>
	</size>
	<objects>
		<object>
			<coordinate>pixel</coordinate>
			<type>rectangle</type>
			<description>None</description>
			<possibleresult>
				<name>Van</name>
			</possibleresult>
			<points>
				<point>85.000000,323.000000</point>
				<point>69.000000,329.000000</point>
				<point>66.000000,322.000000</point>
				<point>83.000000,316.000000</point>
				<point>85.000000,323.000000</point>
			</points>
		</object>
		<object>
			<coordinate>pixel</coordinate>
			<type>rectangle</type>
			<description>None</description>
			<possibleresult>
				<name>Small Car</name>
			</possibleresult>
			<points>
				<point>126.000000,320.000000</point>
				<point>107.000000,328.000000</point>
				<point>104.000000,321.000000</point>
				<point>123.000000,313.000000</point>
				<point>126.000000,320.000000</point>
			</points>
		</object>
		<object>
			<coordinate>pixel</coordinate>
			<type>rectangle</type>
			<description>None</description>
			<possibleresult>
				<name>Van</name>
			</possibleresult>
			<points>
				<point>82.000000,337.000000</point>
				<point>65.000000,344.000000</point>
				<point>62.000000,337.000000</point>
				<point>79.000000,330.000000</point>
				<point>82.000000,337.000000</point>
			</points>
		</object>
		<object>
			<coordinate>pixel</coordinate>
			<type>rectangle</type>
			<description>None</description>
			<possibleresult>
				<name>Small Car</name>
			</possibleresult>
			<points>
				<point>169.000000,302.000000</point>
				<point>149.000000,310.000000</point>
				<point>146.000000,303.000000</point>
				<point>166.000000,295.000000</point>
				<point>169.000000,302.000000</point>
			</points>
		</object>
		<object>
			<coordinate>pixel</coordinate>
			<type>rectangle</type>
			<description>None</description>
			<possibleresult>
				<name>Van</name>
			</possibleresult>
			<points>
				<point>223.000000,278.000000</point>
				<point>207.000000,286.000000</point>
				<point>203.000000,277.000000</point>
				<point>219.000000,270.000000</point>
				<point>223.000000,278.000000</point>
			</points>
		</object>
		<object>
			<coordinate>pixel</coordinate>
			<type>rectangle</type>
			<description>None</description>
			<possibleresult>
				<name>Small Car</name>
			</possibleresult>
			<points>
				<point>246.000000,267.000000</point>
				<point>230.000000,274.000000</point>
				<point>227.000000,268.000000</point>
				<point>243.000000,260.000000</point>
				<point>246.000000,267.000000</point>
			</points>
		</object>
		<object>
			<coordinate>pixel</coordinate>
			<type>rectangle</type>
			<description>None</description>
			<possibleresult>
				<name>Small Car</name>
			</possibleresult>
			<points>
				<point>242.000000,307.000000</point>
				<point>235.000000,312.000000</point>
				<point>223.000000,296.000000</point>
				<point>230.000000,291.000000</point>
				<point>242.000000,307.000000</point>
			</points>
		</object>
		<object>
			<coordinate>pixel</coordinate>
			<type>rectangle</type>
			<description>None</description>
			<possibleresult>
				<name>Small Car</name>
			</possibleresult>
			<points>
				<point>230.000000,309.000000</point>
				<point>227.000000,317.000000</point>
				<point>207.000000,309.000000</point>
				<point>210.000000,302.000000</point>
				<point>230.000000,309.000000</point>
			</points>
		</object>
		<object>
			<coordinate>pixel</coordinate>
			<type>rectangle</type>
			<description>None</description>
			<possibleresult>
				<name>Van</name>
			</possibleresult>
			<points>
				<point>329.000000,324.000000</point>
				<point>320.000000,331.000000</point>
				<point>305.000000,314.000000</point>
				<point>313.000000,306.000000</point>
				<point>329.000000,324.000000</point>
			</points>
		</object>
		<object>
			<coordinate>pixel</coordinate>
			<type>rectangle</type>
			<description>None</description>
			<possibleresult>
				<name>Van</name>
			</possibleresult>
			<points>
				<point>538.000000,571.000000</point>
				<point>520.000000,579.000000</point>
				<point>517.000000,572.000000</point>
				<point>535.000000,564.000000</point>
				<point>538.000000,571.000000</point>
			</points>
		</object>
		<object>
			<coordinate>pixel</coordinate>
			<type>rectangle</type>
			<description>None</description>
			<possibleresult>
				<name>Dump Truck</name>
			</possibleresult>
			<points>
				<point>593.000000,551.000000</point>
				<point>573.000000,563.000000</point>
				<point>569.000000,556.000000</point>
				<point>589.000000,544.000000</point>
				<point>593.000000,551.000000</point>
			</points>
		</object>
		<object>
			<coordinate>pixel</coordinate>
			<type>rectangle</type>
			<description>None</description>
			<possibleresult>
				<name>Small Car</name>
			</possibleresult>
			<points>
				<point>704.000000,250.000000</point>
				<point>701.000000,256.000000</point>
				<point>685.000000,247.000000</point>
				<point>688.000000,241.000000</point>
				<point>704.000000,250.000000</point>
			</points>
		</object>
		<object>
			<coordinate>pixel</coordinate>
			<type>rectangle</type>
			<description>None</description>
			<possibleresult>
				<name>Van</name>
			</possibleresult>
			<points>
				<point>696.000000,260.000000</point>
				<point>693.000000,266.000000</point>
				<point>674.000000,257.000000</point>
				<point>678.000000,250.000000</point>
				<point>696.000000,260.000000</point>
			</points>
		</object>
		<object>
			<coordinate>pixel</coordinate>
			<type>rectangle</type>
			<description>None</description>
			<possibleresult>
				<name>Small Car</name>
			</possibleresult>
			<points>
				<point>674.000000,234.000000</point>
				<point>671.000000,239.000000</point>
				<point>654.000000,229.000000</point>
				<point>657.000000,224.000000</point>
				<point>674.000000,234.000000</point>
			</points>
		</object>
		<object>
			<coordinate>pixel</coordinate>
			<type>rectangle</type>
			<description>None</description>
			<possibleresult>
				<name>Van</name>
			</possibleresult>
			<points>
				<point>647.000000,217.000000</point>
				<point>644.000000,224.000000</point>
				<point>627.000000,214.000000</point>
				<point>631.000000,208.000000</point>
				<point>647.000000,217.000000</point>
			</points>
		</object>
		<object>
			<coordinate>pixel</coordinate>
			<type>rectangle</type>
			<description>None</description>
			<possibleresult>
				<name>Van</name>
			</possibleresult>
			<points>
				<point>617.000000,200.000000</point>
				<point>613.000000,207.000000</point>
				<point>596.000000,196.000000</point>
				<point>601.000000,190.000000</point>
				<point>617.000000,200.000000</point>
			</points>
		</object>
		<object>
			<coordinate>pixel</coordinate>
			<type>rectangle</type>
			<description>None</description>
			<possibleresult>
				<name>Van</name>
			</possibleresult>
			<points>
				<point>596.000000,186.000000</point>
				<point>592.000000,193.000000</point>
				<point>572.000000,182.000000</point>
				<point>577.000000,174.000000</point>
				<point>596.000000,186.000000</point>
			</points>
		</object>
		<object>
			<coordinate>pixel</coordinate>
			<type>rectangle</type>
			<description>None</description>
			<possibleresult>
				<name>Van</name>
			</possibleresult>
			<points>
				<point>575.000000,210.000000</point>
				<point>570.000000,216.000000</point>
				<point>558.000000,206.000000</point>
				<point>562.000000,200.000000</point>
				<point>575.000000,210.000000</point>
			</points>
		</object>
		<object>
			<coordinate>pixel</coordinate>
			<type>rectangle</type>
			<description>None</description>
			<possibleresult>
				<name>Van</name>
			</possibleresult>
			<points>
				<point>536.000000,176.000000</point>
				<point>527.000000,178.000000</point>
				<point>523.000000,163.000000</point>
				<point>532.000000,161.000000</point>
				<point>536.000000,176.000000</point>
			</points>
		</object>
		<object>
			<coordinate>pixel</coordinate>
			<type>rectangle</type>
			<description>None</description>
			<possibleresult>
				<name>Small Car</name>
			</possibleresult>
			<points>
				<point>545.000000,128.000000</point>
				<point>535.000000,144.000000</point>
				<point>528.000000,140.000000</point>
				<point>537.000000,124.000000</point>
				<point>545.000000,128.000000</point>
			</points>
		</object>
		<object>
			<coordinate>pixel</coordinate>
			<type>rectangle</type>
			<description>None</description>
			<possibleresult>
				<name>Van</name>
			</possibleresult>
			<points>
				<point>578.000000,104.000000</point>
				<point>560.000000,111.000000</point>
				<point>557.000000,105.000000</point>
				<point>576.000000,97.000000</point>
				<point>578.000000,104.000000</point>
			</points>
		</object>
		<object>
			<coordinate>pixel</coordinate>
			<type>rectangle</type>
			<description>None</description>
			<possibleresult>
				<name>Van</name>
			</possibleresult>
			<points>
				<point>625.000000,85.000000</point>
				<point>608.000000,92.000000</point>
				<point>605.000000,85.000000</point>
				<point>623.000000,78.000000</point>
				<point>625.000000,85.000000</point>
			</points>
		</object>
		<object>
			<coordinate>pixel</coordinate>
			<type>rectangle</type>
			<description>None</description>
			<possibleresult>
				<name>Van</name>
			</possibleresult>
			<points>
				<point>673.000000,61.000000</point>
				<point>653.000000,72.000000</point>
				<point>650.000000,65.000000</point>
				<point>670.000000,55.000000</point>
				<point>673.000000,61.000000</point>
			</points>
		</object>
		<object>
			<coordinate>pixel</coordinate>
			<type>rectangle</type>
			<description>None</description>
			<possibleresult>
				<name>Small Car</name>
			</possibleresult>
			<points>
				<point>750.000000,18.000000</point>
				<point>732.000000,28.000000</point>
				<point>729.000000,22.000000</point>
				<point>747.000000,12.000000</point>
				<point>750.000000,18.000000</point>
			</points>
		</object>
		<object>
			<coordinate>pixel</coordinate>
			<type>rectangle</type>
			<description>None</description>
			<possibleresult>
				<name>Van</name>
			</possibleresult>
			<points>
				<point>601.000000,286.000000</point>
				<point>590.000000,297.000000</point>
				<point>584.000000,291.000000</point>
				<point>594.000000,280.000000</point>
				<point>601.000000,286.000000</point>
			</points>
		</object>
		<object>
			<coordinate>pixel</coordinate>
			<type>rectangle</type>
			<description>None</description>
			<possibleresult>
				<name>Van</name>
			</possibleresult>
			<points>
				<point>468.000000,255.000000</point>
				<point>457.000000,266.000000</point>
				<point>452.000000,260.000000</point>
				<point>462.000000,249.000000</point>
				<point>468.000000,255.000000</point>
			</points>
		</object>
		<object>
			<coordinate>pixel</coordinate>
			<type>rectangle</type>
			<description>None</description>
			<possibleresult>
				<name>Van</name>
			</possibleresult>
			<points>
				<point>386.000000,204.000000</point>
				<point>367.000000,210.000000</point>
				<point>364.000000,202.000000</point>
				<point>384.000000,196.000000</point>
				<point>386.000000,204.000000</point>
			</points>
		</object>
		<object>
			<coordinate>pixel</coordinate>
			<type>rectangle</type>
			<description>None</description>
			<possibleresult>
				<name>Van</name>
			</possibleresult>
			<points>
				<point>364.000000,191.000000</point>
				<point>346.000000,199.000000</point>
				<point>342.000000,192.000000</point>
				<point>360.000000,183.000000</point>
				<point>364.000000,191.000000</point>
			</points>
		</object>
		<object>
			<coordinate>pixel</coordinate>
			<type>rectangle</type>
			<description>None</description>
			<possibleresult>
				<name>Van</name>
			</possibleresult>
			<points>
				<point>445.000000,153.000000</point>
				<point>427.000000,162.000000</point>
				<point>423.000000,155.000000</point>
				<point>442.000000,146.000000</point>
				<point>445.000000,153.000000</point>
			</points>
		</object>
		<object>
			<coordinate>pixel</coordinate>
			<type>rectangle</type>
			<description>None</description>
			<possibleresult>
				<name>Van</name>
			</possibleresult>
			<points>
				<point>468.000000,155.000000</point>
				<point>452.000000,165.000000</point>
				<point>447.000000,158.000000</point>
				<point>464.000000,147.000000</point>
				<point>468.000000,155.000000</point>
			</points>
		</object>
		<object>
			<coordinate>pixel</coordinate>
			<type>rectangle</type>
			<description>None</description>
			<possibleresult>
				<name>Small Car</name>
			</possibleresult>
			<points>
				<point>407.000000,67.000000</point>
				<point>403.000000,73.000000</point>
				<point>385.000000,61.000000</point>
				<point>389.000000,55.000000</point>
				<point>407.000000,67.000000</point>
			</points>
		</object>
		<object>
			<coordinate>pixel</coordinate>
			<type>rectangle</type>
			<description>None</description>
			<possibleresult>
				<name>Small Car</name>
			</possibleresult>
			<points>
				<point>385.000000,53.000000</point>
				<point>381.000000,59.000000</point>
				<point>365.000000,49.000000</point>
				<point>369.000000,43.000000</point>
				<point>385.000000,53.000000</point>
			</points>
		</object>
		<object>
			<coordinate>pixel</coordinate>
			<type>rectangle</type>
			<description>None</description>
			<possibleresult>
				<name>Small Car</name>
			</possibleresult>
			<points>
				<point>361.000000,41.000000</point>
				<point>357.000000,47.000000</point>
				<point>341.000000,35.000000</point>
				<point>345.000000,29.000000</point>
				<point>361.000000,41.000000</point>
			</points>
		</object>
		<object>
			<coordinate>pixel</coordinate>
			<type>rectangle</type>
			<description>None</description>
			<possibleresult>
				<name>Small Car</name>
			</possibleresult>
			<points>
				<point>344.000000,28.000000</point>
				<point>340.000000,34.000000</point>
				<point>324.000000,25.000000</point>
				<point>328.000000,18.000000</point>
				<point>344.000000,28.000000</point>
			</points>
		</object>
		<object>
			<coordinate>pixel</coordinate>
			<type>rectangle</type>
			<description>None</description>
			<possibleresult>
				<name>Van</name>
			</possibleresult>
			<points>
				<point>299.000000,4.000000</point>
				<point>295.000000,11.000000</point>
				<point>278.000000,0.000000</point>
				<point>294.000000,0.000000</point>
				<point>299.000000,4.000000</point>
			</points>
		</object>
		<object>
			<coordinate>pixel</coordinate>
			<type>rectangle</type>
			<description>None</description>
			<possibleresult>
				<name>Van</name>
			</possibleresult>
			<points>
				<point>216.000000,7.000000</point>
				<point>211.000000,13.000000</point>
				<point>193.000000,0.000000</point>
				<point>207.000000,0.000000</point>
				<point>216.000000,7.000000</point>
			</points>
		</object>
		<object>
			<coordinate>pixel</coordinate>
			<type>rectangle</type>
			<description>None</description>
			<possibleresult>
				<name>Intersection</name>
			</possibleresult>
			<points>
				<point>548.000000,152.000000</point>
				<point>512.000000,206.000000</point>
				<point>432.000000,153.000000</point>
				<point>468.000000,99.000000</point>
				<point>548.000000,152.000000</point>
			</points>
		</object>
		<object>
			<coordinate>pixel</coordinate>
			<type>rectangle</type>
			<description>None</description>
			<possibleresult>
				<name>Small Car</name>
			</possibleresult>
			<points>
				<point>399.000000,114.000000</point>
				<point>393.000000,122.000000</point>
				<point>379.000000,111.000000</point>
				<point>385.000000,104.000000</point>
				<point>399.000000,114.000000</point>
			</points>
		</object>
		<object>
			<coordinate>pixel</coordinate>
			<type>rectangle</type>
			<description>None</description>
			<possibleresult>
				<name>Cargo Truck</name>
			</possibleresult>
			<points>
				<point>111.000000,562.000000</point>
				<point>81.000000,578.000000</point>
				<point>77.000000,569.000000</point>
				<point>106.000000,553.000000</point>
				<point>111.000000,562.000000</point>
			</points>
		</object>
		<object>
			<coordinate>pixel</coordinate>
			<type>rectangle</type>
			<description>None</description>
			<possibleresult>
				<name>Van</name>
			</possibleresult>
			<points>
				<point>165.000000,538.000000</point>
				<point>144.000000,548.000000</point>
				<point>139.000000,537.000000</point>
				<point>160.000000,527.000000</point>
				<point>165.000000,538.000000</point>
			</points>
		</object>
	</objects>
</annotation>