<?xml version="1.0" encoding="utf-8"?>
<annotation>
	<source>
		<filename>14830.tif</filename>
		<origin>GF2/GF3</origin>
	</source>
	<research>
		<version>1.0</version>
		<provider>FAIR1M</provider>
		<author>Cyber</author>
		<pluginname>FAIR1M</pluginname>
		<pluginclass>object detection</pluginclass>
		<time>2021-07-21</time>
	</research>
	<size>
		<width>800</width>
		<height>600</height>
		<depth>4</depth>
	</size>
	<objects>
		<object>
			<coordinate>pixel</coordinate>
			<type>rectangle</type>
			<description>None</description>
			<possibleresult>
				<name>Small Car</name>
			</possibleresult>
			<points>
				<point>86.000000,403.000000</point>
				<point>79.000000,403.000000</point>
				<point>79.000000,390.000000</point>
				<point>86.000000,390.000000</point>
				<point>86.000000,403.000000</point>
			</points>
		</object>
		<object>
			<coordinate>pixel</coordinate>
			<type>rectangle</type>
			<description>None</description>
			<possibleresult>
				<name>Van</name>
			</possibleresult>
			<points>
				<point>170.000000,395.000000</point>
				<point>169.000000,407.000000</point>
				<point>140.000000,407.000000</point>
				<point>140.000000,395.000000</point>
				<point>170.000000,395.000000</point>
			</points>
		</object>
		<object>
			<coordinate>pixel</coordinate>
			<type>rectangle</type>
			<description>None</description>
			<possibleresult>
				<name>Baseball Field</name>
			</possibleresult>
			<points>
				<point>705.000000,209.000000</point>
				<point>704.000000,317.000000</point>
				<point>575.000000,316.000000</point>
				<point>577.000000,207.000000</point>
				<point>705.000000,209.000000</point>
			</points>
		</object>
		<object>
			<coordinate>pixel</coordinate>
			<type>rectangle</type>
			<description>None</description>
			<possibleresult>
				<name>Basketball Court</name>
			</possibleresult>
			<points>
				<point>393.000000,157.000000</point>
				<point>287.000000,157.000000</point>
				<point>288.000000,115.000000</point>
				<point>392.000000,114.000000</point>
				<point>393.000000,157.000000</point>
			</points>
		</object>
		<object>
			<coordinate>pixel</coordinate>
			<type>rectangle</type>
			<description>None</description>
			<possibleresult>
				<name>Basketball Court</name>
			</possibleresult>
			<points>
				<point>337.000000,208.000000</point>
				<point>249.000000,207.000000</point>
				<point>251.000000,165.000000</point>
				<point>336.000000,165.000000</point>
				<point>337.000000,208.000000</point>
			</points>
		</object>
		<object>
			<coordinate>pixel</coordinate>
			<type>rectangle</type>
			<description>None</description>
			<possibleresult>
				<name>Tennis Court</name>
			</possibleresult>
			<points>
				<point>238.000000,517.000000</point>
				<point>191.000000,517.000000</point>
				<point>189.000000,436.000000</point>
				<point>237.000000,436.000000</point>
				<point>238.000000,517.000000</point>
			</points>
		</object>
	</objects>
</annotation>