<?xml version="1.0" encoding="utf-8"?>
<annotation>
	<source>
		<filename>14862.tif</filename>
		<origin>GF2/GF3</origin>
	</source>
	<research>
		<version>1.0</version>
		<provider>FAIR1M</provider>
		<author>Cyber</author>
		<pluginname>FAIR1M</pluginname>
		<pluginclass>object detection</pluginclass>
		<time>2021-07-21</time>
	</research>
	<size>
		<width>800</width>
		<height>600</height>
		<depth>3</depth>
	</size>
	<objects>
		<object>
			<coordinate>pixel</coordinate>
			<type>rectangle</type>
			<description>None</description>
			<possibleresult>
				<name>other-airplane</name>
			</possibleresult>
			<points>
				<point>35.000000,554.000000</point>
				<point>21.000000,560.000000</point>
				<point>13.000000,545.000000</point>
				<point>27.000000,538.000000</point>
				<point>35.000000,554.000000</point>
			</points>
		</object>
	</objects>
</annotation>