<?xml version="1.0" encoding="utf-8"?>
<annotation>
	<source>
		<filename>14917.tif</filename>
		<origin>GF2/GF3</origin>
	</source>
	<research>
		<version>1.0</version>
		<provider>FAIR1M</provider>
		<author>Cyber</author>
		<pluginname>FAIR1M</pluginname>
		<pluginclass>object detection</pluginclass>
		<time>2021-07-21</time>
	</research>
	<size>
		<width>600</width>
		<height>800</height>
		<depth>3</depth>
	</size>
	<objects>
		<object>
			<coordinate>pixel</coordinate>
			<type>rectangle</type>
			<description>None</description>
			<possibleresult>
				<name>Boeing777</name>
			</possibleresult>
			<points>
				<point>493.000000,661.000000</point>
				<point>442.000000,691.000000</point>
				<point>408.000000,634.000000</point>
				<point>459.000000,604.000000</point>
				<point>493.000000,661.000000</point>
			</points>
		</object>
		<object>
			<coordinate>pixel</coordinate>
			<type>rectangle</type>
			<description>None</description>
			<possibleresult>
				<name>A220</name>
			</possibleresult>
			<points>
				<point>557.000000,608.000000</point>
				<point>522.000000,629.000000</point>
				<point>498.000000,590.000000</point>
				<point>534.000000,569.000000</point>
				<point>557.000000,608.000000</point>
			</points>
		</object>
	</objects>
</annotation>