<?xml version="1.0" encoding="utf-8"?>
<annotation>
	<source>
		<filename>14962.tif</filename>
		<origin>GF2/GF3</origin>
	</source>
	<research>
		<version>1.0</version>
		<provider>FAIR1M</provider>
		<author>Cyber</author>
		<pluginname>FAIR1M</pluginname>
		<pluginclass>object detection</pluginclass>
		<time>2021-07-21</time>
	</research>
	<size>
		<width>1000</width>
		<height>1000</height>
		<depth>3</depth>
	</size>
	<objects>
		<object>
			<coordinate>pixel</coordinate>
			<type>rectangle</type>
			<description>None</description>
			<possibleresult>
				<name>Intersection</name>
			</possibleresult>
			<points>
				<point>203.000000,831.000000</point>
				<point>133.000000,833.000000</point>
				<point>132.000000,790.000000</point>
				<point>201.000000,788.000000</point>
				<point>203.000000,831.000000</point>
			</points>
		</object>
		<object>
			<coordinate>pixel</coordinate>
			<type>rectangle</type>
			<description>None</description>
			<possibleresult>
				<name>Intersection</name>
			</possibleresult>
			<points>
				<point>860.000000,790.000000</point>
				<point>859.000000,836.000000</point>
				<point>794.000000,834.000000</point>
				<point>795.000000,788.000000</point>
				<point>860.000000,790.000000</point>
			</points>
		</object>
		<object>
			<coordinate>pixel</coordinate>
			<type>rectangle</type>
			<description>None</description>
			<possibleresult>
				<name>Baseball Field</name>
			</possibleresult>
			<points>
				<point>499.000000,404.000000</point>
				<point>344.000000,400.000000</point>
				<point>346.000000,288.000000</point>
				<point>497.000000,285.000000</point>
				<point>499.000000,404.000000</point>
			</points>
		</object>
		<object>
			<coordinate>pixel</coordinate>
			<type>rectangle</type>
			<description>None</description>
			<possibleresult>
				<name>Van</name>
			</possibleresult>
			<points>
				<point>235.000000,987.000000</point>
				<point>215.000000,986.000000</point>
				<point>215.000000,979.000000</point>
				<point>235.000000,979.000000</point>
				<point>235.000000,987.000000</point>
			</points>
		</object>
		<object>
			<coordinate>pixel</coordinate>
			<type>rectangle</type>
			<description>None</description>
			<possibleresult>
				<name>Van</name>
			</possibleresult>
			<points>
				<point>150.000000,964.000000</point>
				<point>142.000000,964.000000</point>
				<point>142.000000,947.000000</point>
				<point>150.000000,947.000000</point>
				<point>150.000000,964.000000</point>
			</points>
		</object>
		<object>
			<coordinate>pixel</coordinate>
			<type>rectangle</type>
			<description>None</description>
			<possibleresult>
				<name>Cargo Truck</name>
			</possibleresult>
			<points>
				<point>114.000000,878.000000</point>
				<point>87.000000,878.000000</point>
				<point>87.000000,869.000000</point>
				<point>114.000000,870.000000</point>
				<point>114.000000,878.000000</point>
			</points>
		</object>
		<object>
			<coordinate>pixel</coordinate>
			<type>rectangle</type>
			<description>None</description>
			<possibleresult>
				<name>Small Car</name>
			</possibleresult>
			<points>
				<point>110.000000,904.000000</point>
				<point>89.000000,904.000000</point>
				<point>89.000000,896.000000</point>
				<point>110.000000,896.000000</point>
				<point>110.000000,904.000000</point>
			</points>
		</object>
		<object>
			<coordinate>pixel</coordinate>
			<type>rectangle</type>
			<description>None</description>
			<possibleresult>
				<name>Van</name>
			</possibleresult>
			<points>
				<point>151.000000,890.000000</point>
				<point>140.000000,891.000000</point>
				<point>139.000000,870.000000</point>
				<point>150.000000,869.000000</point>
				<point>151.000000,890.000000</point>
			</points>
		</object>
		<object>
			<coordinate>pixel</coordinate>
			<type>rectangle</type>
			<description>None</description>
			<possibleresult>
				<name>Van</name>
			</possibleresult>
			<points>
				<point>32.000000,731.000000</point>
				<point>23.000000,731.000000</point>
				<point>23.000000,715.000000</point>
				<point>32.000000,715.000000</point>
				<point>32.000000,731.000000</point>
			</points>
		</object>
		<object>
			<coordinate>pixel</coordinate>
			<type>rectangle</type>
			<description>None</description>
			<possibleresult>
				<name>Small Car</name>
			</possibleresult>
			<points>
				<point>194.000000,740.000000</point>
				<point>185.000000,740.000000</point>
				<point>185.000000,722.000000</point>
				<point>194.000000,722.000000</point>
				<point>194.000000,740.000000</point>
			</points>
		</object>
		<object>
			<coordinate>pixel</coordinate>
			<type>rectangle</type>
			<description>None</description>
			<possibleresult>
				<name>Van</name>
			</possibleresult>
			<points>
				<point>195.000000,713.000000</point>
				<point>186.000000,713.000000</point>
				<point>186.000000,695.000000</point>
				<point>195.000000,695.000000</point>
				<point>195.000000,713.000000</point>
			</points>
		</object>
		<object>
			<coordinate>pixel</coordinate>
			<type>rectangle</type>
			<description>None</description>
			<possibleresult>
				<name>Van</name>
			</possibleresult>
			<points>
				<point>119.000000,579.000000</point>
				<point>118.000000,588.000000</point>
				<point>94.000000,587.000000</point>
				<point>95.000000,577.000000</point>
				<point>119.000000,579.000000</point>
			</points>
		</object>
		<object>
			<coordinate>pixel</coordinate>
			<type>rectangle</type>
			<description>None</description>
			<possibleresult>
				<name>Small Car</name>
			</possibleresult>
			<points>
				<point>106.000000,561.000000</point>
				<point>85.000000,561.000000</point>
				<point>85.000000,554.000000</point>
				<point>105.000000,554.000000</point>
				<point>106.000000,561.000000</point>
			</points>
		</object>
		<object>
			<coordinate>pixel</coordinate>
			<type>rectangle</type>
			<description>None</description>
			<possibleresult>
				<name>Van</name>
			</possibleresult>
			<points>
				<point>101.000000,570.000000</point>
				<point>80.000000,570.000000</point>
				<point>80.000000,563.000000</point>
				<point>101.000000,563.000000</point>
				<point>101.000000,570.000000</point>
			</points>
		</object>
		<object>
			<coordinate>pixel</coordinate>
			<type>rectangle</type>
			<description>None</description>
			<possibleresult>
				<name>Van</name>
			</possibleresult>
			<points>
				<point>59.000000,469.000000</point>
				<point>34.000000,469.000000</point>
				<point>34.000000,460.000000</point>
				<point>59.000000,460.000000</point>
				<point>59.000000,469.000000</point>
			</points>
		</object>
		<object>
			<coordinate>pixel</coordinate>
			<type>rectangle</type>
			<description>None</description>
			<possibleresult>
				<name>Small Car</name>
			</possibleresult>
			<points>
				<point>194.000000,666.000000</point>
				<point>187.000000,666.000000</point>
				<point>186.000000,649.000000</point>
				<point>193.000000,649.000000</point>
				<point>194.000000,666.000000</point>
			</points>
		</object>
		<object>
			<coordinate>pixel</coordinate>
			<type>rectangle</type>
			<description>None</description>
			<possibleresult>
				<name>Van</name>
			</possibleresult>
			<points>
				<point>195.000000,642.000000</point>
				<point>186.000000,642.000000</point>
				<point>185.000000,625.000000</point>
				<point>194.000000,624.000000</point>
				<point>195.000000,642.000000</point>
			</points>
		</object>
		<object>
			<coordinate>pixel</coordinate>
			<type>rectangle</type>
			<description>None</description>
			<possibleresult>
				<name>Van</name>
			</possibleresult>
			<points>
				<point>194.000000,564.000000</point>
				<point>193.000000,585.000000</point>
				<point>184.000000,585.000000</point>
				<point>184.000000,564.000000</point>
				<point>194.000000,564.000000</point>
			</points>
		</object>
		<object>
			<coordinate>pixel</coordinate>
			<type>rectangle</type>
			<description>None</description>
			<possibleresult>
				<name>Small Car</name>
			</possibleresult>
			<points>
				<point>196.000000,510.000000</point>
				<point>195.000000,529.000000</point>
				<point>184.000000,528.000000</point>
				<point>185.000000,509.000000</point>
				<point>196.000000,510.000000</point>
			</points>
		</object>
		<object>
			<coordinate>pixel</coordinate>
			<type>rectangle</type>
			<description>None</description>
			<possibleresult>
				<name>Small Car</name>
			</possibleresult>
			<points>
				<point>192.000000,431.000000</point>
				<point>182.000000,431.000000</point>
				<point>182.000000,410.000000</point>
				<point>192.000000,410.000000</point>
				<point>192.000000,431.000000</point>
			</points>
		</object>
		<object>
			<coordinate>pixel</coordinate>
			<type>rectangle</type>
			<description>None</description>
			<possibleresult>
				<name>Van</name>
			</possibleresult>
			<points>
				<point>193.000000,404.000000</point>
				<point>184.000000,405.000000</point>
				<point>184.000000,388.000000</point>
				<point>193.000000,388.000000</point>
				<point>193.000000,404.000000</point>
			</points>
		</object>
		<object>
			<coordinate>pixel</coordinate>
			<type>rectangle</type>
			<description>None</description>
			<possibleresult>
				<name>Small Car</name>
			</possibleresult>
			<points>
				<point>194.000000,350.000000</point>
				<point>186.000000,350.000000</point>
				<point>185.000000,334.000000</point>
				<point>193.000000,334.000000</point>
				<point>194.000000,350.000000</point>
			</points>
		</object>
		<object>
			<coordinate>pixel</coordinate>
			<type>rectangle</type>
			<description>None</description>
			<possibleresult>
				<name>Dump Truck</name>
			</possibleresult>
			<points>
				<point>217.000000,453.000000</point>
				<point>207.000000,453.000000</point>
				<point>206.000000,431.000000</point>
				<point>216.000000,431.000000</point>
				<point>217.000000,453.000000</point>
			</points>
		</object>
		<object>
			<coordinate>pixel</coordinate>
			<type>rectangle</type>
			<description>None</description>
			<possibleresult>
				<name>Van</name>
			</possibleresult>
			<points>
				<point>220.000000,410.000000</point>
				<point>219.000000,430.000000</point>
				<point>209.000000,430.000000</point>
				<point>210.000000,410.000000</point>
				<point>220.000000,410.000000</point>
			</points>
		</object>
		<object>
			<coordinate>pixel</coordinate>
			<type>rectangle</type>
			<description>None</description>
			<possibleresult>
				<name>Van</name>
			</possibleresult>
			<points>
				<point>217.000000,408.000000</point>
				<point>209.000000,408.000000</point>
				<point>209.000000,392.000000</point>
				<point>217.000000,392.000000</point>
				<point>217.000000,408.000000</point>
			</points>
		</object>
		<object>
			<coordinate>pixel</coordinate>
			<type>rectangle</type>
			<description>None</description>
			<possibleresult>
				<name>Small Car</name>
			</possibleresult>
			<points>
				<point>192.000000,284.000000</point>
				<point>184.000000,285.000000</point>
				<point>183.000000,268.000000</point>
				<point>192.000000,267.000000</point>
				<point>192.000000,284.000000</point>
			</points>
		</object>
		<object>
			<coordinate>pixel</coordinate>
			<type>rectangle</type>
			<description>None</description>
			<possibleresult>
				<name>Small Car</name>
			</possibleresult>
			<points>
				<point>193.000000,267.000000</point>
				<point>184.000000,267.000000</point>
				<point>184.000000,250.000000</point>
				<point>192.000000,250.000000</point>
				<point>193.000000,267.000000</point>
			</points>
		</object>
		<object>
			<coordinate>pixel</coordinate>
			<type>rectangle</type>
			<description>None</description>
			<possibleresult>
				<name>Small Car</name>
			</possibleresult>
			<points>
				<point>193.000000,243.000000</point>
				<point>184.000000,243.000000</point>
				<point>184.000000,225.000000</point>
				<point>193.000000,225.000000</point>
				<point>193.000000,243.000000</point>
			</points>
		</object>
		<object>
			<coordinate>pixel</coordinate>
			<type>rectangle</type>
			<description>None</description>
			<possibleresult>
				<name>Van</name>
			</possibleresult>
			<points>
				<point>216.000000,391.000000</point>
				<point>207.000000,392.000000</point>
				<point>207.000000,374.000000</point>
				<point>216.000000,374.000000</point>
				<point>216.000000,391.000000</point>
			</points>
		</object>
		<object>
			<coordinate>pixel</coordinate>
			<type>rectangle</type>
			<description>None</description>
			<possibleresult>
				<name>Small Car</name>
			</possibleresult>
			<points>
				<point>216.000000,373.000000</point>
				<point>206.000000,374.000000</point>
				<point>205.000000,356.000000</point>
				<point>215.000000,356.000000</point>
				<point>216.000000,373.000000</point>
			</points>
		</object>
		<object>
			<coordinate>pixel</coordinate>
			<type>rectangle</type>
			<description>None</description>
			<possibleresult>
				<name>Van</name>
			</possibleresult>
			<points>
				<point>215.000000,352.000000</point>
				<point>207.000000,353.000000</point>
				<point>206.000000,333.000000</point>
				<point>215.000000,332.000000</point>
				<point>215.000000,352.000000</point>
			</points>
		</object>
		<object>
			<coordinate>pixel</coordinate>
			<type>rectangle</type>
			<description>None</description>
			<possibleresult>
				<name>Van</name>
			</possibleresult>
			<points>
				<point>216.000000,330.000000</point>
				<point>207.000000,330.000000</point>
				<point>207.000000,313.000000</point>
				<point>216.000000,313.000000</point>
				<point>216.000000,330.000000</point>
			</points>
		</object>
		<object>
			<coordinate>pixel</coordinate>
			<type>rectangle</type>
			<description>None</description>
			<possibleresult>
				<name>Van</name>
			</possibleresult>
			<points>
				<point>327.000000,305.000000</point>
				<point>311.000000,316.000000</point>
				<point>307.000000,309.000000</point>
				<point>323.000000,298.000000</point>
				<point>327.000000,305.000000</point>
			</points>
		</object>
		<object>
			<coordinate>pixel</coordinate>
			<type>rectangle</type>
			<description>None</description>
			<possibleresult>
				<name>Van</name>
			</possibleresult>
			<points>
				<point>328.000000,321.000000</point>
				<point>309.000000,331.000000</point>
				<point>305.000000,323.000000</point>
				<point>324.000000,314.000000</point>
				<point>328.000000,321.000000</point>
			</points>
		</object>
		<object>
			<coordinate>pixel</coordinate>
			<type>rectangle</type>
			<description>None</description>
			<possibleresult>
				<name>Van</name>
			</possibleresult>
			<points>
				<point>326.000000,333.000000</point>
				<point>310.000000,341.000000</point>
				<point>307.000000,334.000000</point>
				<point>323.000000,326.000000</point>
				<point>326.000000,333.000000</point>
			</points>
		</object>
		<object>
			<coordinate>pixel</coordinate>
			<type>rectangle</type>
			<description>None</description>
			<possibleresult>
				<name>Van</name>
			</possibleresult>
			<points>
				<point>327.000000,347.000000</point>
				<point>308.000000,357.000000</point>
				<point>304.000000,348.000000</point>
				<point>323.000000,339.000000</point>
				<point>327.000000,347.000000</point>
			</points>
		</object>
		<object>
			<coordinate>pixel</coordinate>
			<type>rectangle</type>
			<description>None</description>
			<possibleresult>
				<name>Van</name>
			</possibleresult>
			<points>
				<point>324.000000,360.000000</point>
				<point>309.000000,367.000000</point>
				<point>306.000000,361.000000</point>
				<point>321.000000,353.000000</point>
				<point>324.000000,360.000000</point>
			</points>
		</object>
		<object>
			<coordinate>pixel</coordinate>
			<type>rectangle</type>
			<description>None</description>
			<possibleresult>
				<name>Small Car</name>
			</possibleresult>
			<points>
				<point>325.000000,373.000000</point>
				<point>306.000000,383.000000</point>
				<point>302.000000,376.000000</point>
				<point>321.000000,366.000000</point>
				<point>325.000000,373.000000</point>
			</points>
		</object>
		<object>
			<coordinate>pixel</coordinate>
			<type>rectangle</type>
			<description>None</description>
			<possibleresult>
				<name>Small Car</name>
			</possibleresult>
			<points>
				<point>326.000000,385.000000</point>
				<point>308.000000,393.000000</point>
				<point>305.000000,385.000000</point>
				<point>323.000000,377.000000</point>
				<point>326.000000,385.000000</point>
			</points>
		</object>
		<object>
			<coordinate>pixel</coordinate>
			<type>rectangle</type>
			<description>None</description>
			<possibleresult>
				<name>Van</name>
			</possibleresult>
			<points>
				<point>327.000000,396.000000</point>
				<point>309.000000,405.000000</point>
				<point>305.000000,397.000000</point>
				<point>323.000000,388.000000</point>
				<point>327.000000,396.000000</point>
			</points>
		</object>
		<object>
			<coordinate>pixel</coordinate>
			<type>rectangle</type>
			<description>None</description>
			<possibleresult>
				<name>Van</name>
			</possibleresult>
			<points>
				<point>281.000000,333.000000</point>
				<point>277.000000,340.000000</point>
				<point>261.000000,330.000000</point>
				<point>266.000000,324.000000</point>
				<point>281.000000,333.000000</point>
			</points>
		</object>
		<object>
			<coordinate>pixel</coordinate>
			<type>rectangle</type>
			<description>None</description>
			<possibleresult>
				<name>Small Car</name>
			</possibleresult>
			<points>
				<point>279.000000,345.000000</point>
				<point>275.000000,351.000000</point>
				<point>259.000000,342.000000</point>
				<point>262.000000,336.000000</point>
				<point>279.000000,345.000000</point>
			</points>
		</object>
		<object>
			<coordinate>pixel</coordinate>
			<type>rectangle</type>
			<description>None</description>
			<possibleresult>
				<name>Van</name>
			</possibleresult>
			<points>
				<point>277.000000,357.000000</point>
				<point>273.000000,363.000000</point>
				<point>258.000000,354.000000</point>
				<point>262.000000,347.000000</point>
				<point>277.000000,357.000000</point>
			</points>
		</object>
		<object>
			<coordinate>pixel</coordinate>
			<type>rectangle</type>
			<description>None</description>
			<possibleresult>
				<name>Small Car</name>
			</possibleresult>
			<points>
				<point>282.000000,371.000000</point>
				<point>278.000000,377.000000</point>
				<point>258.000000,365.000000</point>
				<point>262.000000,359.000000</point>
				<point>282.000000,371.000000</point>
			</points>
		</object>
		<object>
			<coordinate>pixel</coordinate>
			<type>rectangle</type>
			<description>None</description>
			<possibleresult>
				<name>Small Car</name>
			</possibleresult>
			<points>
				<point>280.000000,383.000000</point>
				<point>276.000000,390.000000</point>
				<point>258.000000,379.000000</point>
				<point>262.000000,373.000000</point>
				<point>280.000000,383.000000</point>
			</points>
		</object>
		<object>
			<coordinate>pixel</coordinate>
			<type>rectangle</type>
			<description>None</description>
			<possibleresult>
				<name>Van</name>
			</possibleresult>
			<points>
				<point>281.000000,398.000000</point>
				<point>274.000000,405.000000</point>
				<point>257.000000,390.000000</point>
				<point>263.000000,383.000000</point>
				<point>281.000000,398.000000</point>
			</points>
		</object>
		<object>
			<coordinate>pixel</coordinate>
			<type>rectangle</type>
			<description>None</description>
			<possibleresult>
				<name>Small Car</name>
			</possibleresult>
			<points>
				<point>282.000000,410.000000</point>
				<point>276.000000,417.000000</point>
				<point>260.000000,404.000000</point>
				<point>266.000000,397.000000</point>
				<point>282.000000,410.000000</point>
			</points>
		</object>
		<object>
			<coordinate>pixel</coordinate>
			<type>rectangle</type>
			<description>None</description>
			<possibleresult>
				<name>Van</name>
			</possibleresult>
			<points>
				<point>281.000000,422.000000</point>
				<point>275.000000,430.000000</point>
				<point>259.000000,418.000000</point>
				<point>265.000000,410.000000</point>
				<point>281.000000,422.000000</point>
			</points>
		</object>
		<object>
			<coordinate>pixel</coordinate>
			<type>rectangle</type>
			<description>None</description>
			<possibleresult>
				<name>Van</name>
			</possibleresult>
			<points>
				<point>281.000000,434.000000</point>
				<point>275.000000,442.000000</point>
				<point>258.000000,428.000000</point>
				<point>264.000000,421.000000</point>
				<point>281.000000,434.000000</point>
			</points>
		</object>
		<object>
			<coordinate>pixel</coordinate>
			<type>rectangle</type>
			<description>None</description>
			<possibleresult>
				<name>Small Car</name>
			</possibleresult>
			<points>
				<point>279.000000,446.000000</point>
				<point>275.000000,452.000000</point>
				<point>258.000000,440.000000</point>
				<point>262.000000,434.000000</point>
				<point>279.000000,446.000000</point>
			</points>
		</object>
		<object>
			<coordinate>pixel</coordinate>
			<type>rectangle</type>
			<description>None</description>
			<possibleresult>
				<name>Van</name>
			</possibleresult>
			<points>
				<point>278.000000,459.000000</point>
				<point>272.000000,465.000000</point>
				<point>258.000000,452.000000</point>
				<point>263.000000,446.000000</point>
				<point>278.000000,459.000000</point>
			</points>
		</object>
		<object>
			<coordinate>pixel</coordinate>
			<type>rectangle</type>
			<description>None</description>
			<possibleresult>
				<name>Van</name>
			</possibleresult>
			<points>
				<point>260.000000,347.000000</point>
				<point>257.000000,353.000000</point>
				<point>240.000000,343.000000</point>
				<point>244.000000,337.000000</point>
				<point>260.000000,347.000000</point>
			</points>
		</object>
		<object>
			<coordinate>pixel</coordinate>
			<type>rectangle</type>
			<description>None</description>
			<possibleresult>
				<name>Small Car</name>
			</possibleresult>
			<points>
				<point>257.000000,356.000000</point>
				<point>255.000000,362.000000</point>
				<point>238.000000,353.000000</point>
				<point>240.000000,348.000000</point>
				<point>257.000000,356.000000</point>
			</points>
		</object>
		<object>
			<coordinate>pixel</coordinate>
			<type>rectangle</type>
			<description>None</description>
			<possibleresult>
				<name>Small Car</name>
			</possibleresult>
			<points>
				<point>255.000000,370.000000</point>
				<point>251.000000,375.000000</point>
				<point>235.000000,364.000000</point>
				<point>239.000000,358.000000</point>
				<point>255.000000,370.000000</point>
			</points>
		</object>
		<object>
			<coordinate>pixel</coordinate>
			<type>rectangle</type>
			<description>None</description>
			<possibleresult>
				<name>Small Car</name>
			</possibleresult>
			<points>
				<point>260.000000,382.000000</point>
				<point>256.000000,388.000000</point>
				<point>237.000000,377.000000</point>
				<point>241.000000,371.000000</point>
				<point>260.000000,382.000000</point>
			</points>
		</object>
		<object>
			<coordinate>pixel</coordinate>
			<type>rectangle</type>
			<description>None</description>
			<possibleresult>
				<name>Van</name>
			</possibleresult>
			<points>
				<point>261.000000,397.000000</point>
				<point>258.000000,403.000000</point>
				<point>239.000000,393.000000</point>
				<point>243.000000,387.000000</point>
				<point>261.000000,397.000000</point>
			</points>
		</object>
		<object>
			<coordinate>pixel</coordinate>
			<type>rectangle</type>
			<description>None</description>
			<possibleresult>
				<name>Van</name>
			</possibleresult>
			<points>
				<point>261.000000,408.000000</point>
				<point>257.000000,416.000000</point>
				<point>237.000000,404.000000</point>
				<point>241.000000,397.000000</point>
				<point>261.000000,408.000000</point>
			</points>
		</object>
		<object>
			<coordinate>pixel</coordinate>
			<type>rectangle</type>
			<description>None</description>
			<possibleresult>
				<name>Small Car</name>
			</possibleresult>
			<points>
				<point>258.000000,421.000000</point>
				<point>254.000000,427.000000</point>
				<point>240.000000,415.000000</point>
				<point>244.000000,410.000000</point>
				<point>258.000000,421.000000</point>
			</points>
		</object>
		<object>
			<coordinate>pixel</coordinate>
			<type>rectangle</type>
			<description>None</description>
			<possibleresult>
				<name>Small Car</name>
			</possibleresult>
			<points>
				<point>258.000000,432.000000</point>
				<point>254.000000,437.000000</point>
				<point>240.000000,426.000000</point>
				<point>244.000000,421.000000</point>
				<point>258.000000,432.000000</point>
			</points>
		</object>
		<object>
			<coordinate>pixel</coordinate>
			<type>rectangle</type>
			<description>None</description>
			<possibleresult>
				<name>Van</name>
			</possibleresult>
			<points>
				<point>257.000000,444.000000</point>
				<point>252.000000,450.000000</point>
				<point>236.000000,438.000000</point>
				<point>241.000000,432.000000</point>
				<point>257.000000,444.000000</point>
			</points>
		</object>
		<object>
			<coordinate>pixel</coordinate>
			<type>rectangle</type>
			<description>None</description>
			<possibleresult>
				<name>Van</name>
			</possibleresult>
			<points>
				<point>257.000000,456.000000</point>
				<point>253.000000,462.000000</point>
				<point>237.000000,450.000000</point>
				<point>241.000000,444.000000</point>
				<point>257.000000,456.000000</point>
			</points>
		</object>
		<object>
			<coordinate>pixel</coordinate>
			<type>rectangle</type>
			<description>None</description>
			<possibleresult>
				<name>Small Car</name>
			</possibleresult>
			<points>
				<point>335.000000,431.000000</point>
				<point>313.000000,431.000000</point>
				<point>313.000000,425.000000</point>
				<point>335.000000,424.000000</point>
				<point>335.000000,431.000000</point>
			</points>
		</object>
		<object>
			<coordinate>pixel</coordinate>
			<type>rectangle</type>
			<description>None</description>
			<possibleresult>
				<name>Small Car</name>
			</possibleresult>
			<points>
				<point>334.000000,440.000000</point>
				<point>313.000000,439.000000</point>
				<point>313.000000,432.000000</point>
				<point>334.000000,432.000000</point>
				<point>334.000000,440.000000</point>
			</points>
		</object>
		<object>
			<coordinate>pixel</coordinate>
			<type>rectangle</type>
			<description>None</description>
			<possibleresult>
				<name>Van</name>
			</possibleresult>
			<points>
				<point>335.000000,450.000000</point>
				<point>313.000000,451.000000</point>
				<point>313.000000,443.000000</point>
				<point>334.000000,443.000000</point>
				<point>335.000000,450.000000</point>
			</points>
		</object>
		<object>
			<coordinate>pixel</coordinate>
			<type>rectangle</type>
			<description>None</description>
			<possibleresult>
				<name>Van</name>
			</possibleresult>
			<points>
				<point>335.000000,459.000000</point>
				<point>311.000000,460.000000</point>
				<point>311.000000,452.000000</point>
				<point>334.000000,451.000000</point>
				<point>335.000000,459.000000</point>
			</points>
		</object>
		<object>
			<coordinate>pixel</coordinate>
			<type>rectangle</type>
			<description>None</description>
			<possibleresult>
				<name>Van</name>
			</possibleresult>
			<points>
				<point>336.000000,467.000000</point>
				<point>316.000000,468.000000</point>
				<point>316.000000,460.000000</point>
				<point>336.000000,460.000000</point>
				<point>336.000000,467.000000</point>
			</points>
		</object>
		<object>
			<coordinate>pixel</coordinate>
			<type>rectangle</type>
			<description>None</description>
			<possibleresult>
				<name>Van</name>
			</possibleresult>
			<points>
				<point>336.000000,486.000000</point>
				<point>312.000000,486.000000</point>
				<point>312.000000,479.000000</point>
				<point>336.000000,479.000000</point>
				<point>336.000000,486.000000</point>
			</points>
		</object>
		<object>
			<coordinate>pixel</coordinate>
			<type>rectangle</type>
			<description>None</description>
			<possibleresult>
				<name>Small Car</name>
			</possibleresult>
			<points>
				<point>277.000000,500.000000</point>
				<point>272.000000,506.000000</point>
				<point>257.000000,492.000000</point>
				<point>262.000000,487.000000</point>
				<point>277.000000,500.000000</point>
			</points>
		</object>
		<object>
			<coordinate>pixel</coordinate>
			<type>rectangle</type>
			<description>None</description>
			<possibleresult>
				<name>Small Car</name>
			</possibleresult>
			<points>
				<point>237.000000,500.000000</point>
				<point>232.000000,504.000000</point>
				<point>222.000000,492.000000</point>
				<point>227.000000,488.000000</point>
				<point>237.000000,500.000000</point>
			</points>
		</object>
		<object>
			<coordinate>pixel</coordinate>
			<type>rectangle</type>
			<description>None</description>
			<possibleresult>
				<name>Van</name>
			</possibleresult>
			<points>
				<point>276.000000,859.000000</point>
				<point>268.000000,859.000000</point>
				<point>268.000000,845.000000</point>
				<point>276.000000,845.000000</point>
				<point>276.000000,859.000000</point>
			</points>
		</object>
		<object>
			<coordinate>pixel</coordinate>
			<type>rectangle</type>
			<description>None</description>
			<possibleresult>
				<name>Van</name>
			</possibleresult>
			<points>
				<point>478.000000,792.000000</point>
				<point>477.000000,798.000000</point>
				<point>456.000000,798.000000</point>
				<point>456.000000,792.000000</point>
				<point>478.000000,792.000000</point>
			</points>
		</object>
		<object>
			<coordinate>pixel</coordinate>
			<type>rectangle</type>
			<description>None</description>
			<possibleresult>
				<name>Dump Truck</name>
			</possibleresult>
			<points>
				<point>509.000000,800.000000</point>
				<point>482.000000,800.000000</point>
				<point>482.000000,792.000000</point>
				<point>509.000000,792.000000</point>
				<point>509.000000,800.000000</point>
			</points>
		</object>
		<object>
			<coordinate>pixel</coordinate>
			<type>rectangle</type>
			<description>None</description>
			<possibleresult>
				<name>Small Car</name>
			</possibleresult>
			<points>
				<point>543.000000,798.000000</point>
				<point>524.000000,797.000000</point>
				<point>524.000000,792.000000</point>
				<point>543.000000,792.000000</point>
				<point>543.000000,798.000000</point>
			</points>
		</object>
		<object>
			<coordinate>pixel</coordinate>
			<type>rectangle</type>
			<description>None</description>
			<possibleresult>
				<name>Dump Truck</name>
			</possibleresult>
			<points>
				<point>611.000000,799.000000</point>
				<point>584.000000,799.000000</point>
				<point>584.000000,792.000000</point>
				<point>611.000000,791.000000</point>
				<point>611.000000,799.000000</point>
			</points>
		</object>
		<object>
			<coordinate>pixel</coordinate>
			<type>rectangle</type>
			<description>None</description>
			<possibleresult>
				<name>Van</name>
			</possibleresult>
			<points>
				<point>643.000000,798.000000</point>
				<point>621.000000,799.000000</point>
				<point>621.000000,792.000000</point>
				<point>643.000000,791.000000</point>
				<point>643.000000,798.000000</point>
			</points>
		</object>
		<object>
			<coordinate>pixel</coordinate>
			<type>rectangle</type>
			<description>None</description>
			<possibleresult>
				<name>Van</name>
			</possibleresult>
			<points>
				<point>969.000000,886.000000</point>
				<point>959.000000,886.000000</point>
				<point>959.000000,867.000000</point>
				<point>968.000000,866.000000</point>
				<point>969.000000,886.000000</point>
			</points>
		</object>
		<object>
			<coordinate>pixel</coordinate>
			<type>rectangle</type>
			<description>None</description>
			<possibleresult>
				<name>Van</name>
			</possibleresult>
			<points>
				<point>969.000000,863.000000</point>
				<point>960.000000,863.000000</point>
				<point>959.000000,846.000000</point>
				<point>968.000000,846.000000</point>
				<point>969.000000,863.000000</point>
			</points>
		</object>
		<object>
			<coordinate>pixel</coordinate>
			<type>rectangle</type>
			<description>None</description>
			<possibleresult>
				<name>Small Car</name>
			</possibleresult>
			<points>
				<point>822.000000,616.000000</point>
				<point>812.000000,616.000000</point>
				<point>813.000000,597.000000</point>
				<point>822.000000,597.000000</point>
				<point>822.000000,616.000000</point>
			</points>
		</object>
		<object>
			<coordinate>pixel</coordinate>
			<type>rectangle</type>
			<description>None</description>
			<possibleresult>
				<name>Van</name>
			</possibleresult>
			<points>
				<point>973.000000,626.000000</point>
				<point>946.000000,626.000000</point>
				<point>946.000000,618.000000</point>
				<point>973.000000,618.000000</point>
				<point>973.000000,626.000000</point>
			</points>
		</object>
		<object>
			<coordinate>pixel</coordinate>
			<type>rectangle</type>
			<description>None</description>
			<possibleresult>
				<name>Van</name>
			</possibleresult>
			<points>
				<point>935.000000,625.000000</point>
				<point>914.000000,625.000000</point>
				<point>914.000000,618.000000</point>
				<point>935.000000,619.000000</point>
				<point>935.000000,625.000000</point>
			</points>
		</object>
		<object>
			<coordinate>pixel</coordinate>
			<type>rectangle</type>
			<description>None</description>
			<possibleresult>
				<name>Small Car</name>
			</possibleresult>
			<points>
				<point>985.000000,401.000000</point>
				<point>976.000000,404.000000</point>
				<point>970.000000,383.000000</point>
				<point>980.000000,381.000000</point>
				<point>985.000000,401.000000</point>
			</points>
		</object>
		<object>
			<coordinate>pixel</coordinate>
			<type>rectangle</type>
			<description>None</description>
			<possibleresult>
				<name>Van</name>
			</possibleresult>
			<points>
				<point>922.000000,23.000000</point>
				<point>914.000000,38.000000</point>
				<point>908.000000,35.000000</point>
				<point>916.000000,20.000000</point>
				<point>922.000000,23.000000</point>
			</points>
		</object>
		<object>
			<coordinate>pixel</coordinate>
			<type>rectangle</type>
			<description>None</description>
			<possibleresult>
				<name>Van</name>
			</possibleresult>
			<points>
				<point>937.000000,38.000000</point>
				<point>926.000000,55.000000</point>
				<point>918.000000,50.000000</point>
				<point>929.000000,32.000000</point>
				<point>937.000000,38.000000</point>
			</points>
		</object>
		<object>
			<coordinate>pixel</coordinate>
			<type>rectangle</type>
			<description>None</description>
			<possibleresult>
				<name>Motorboat</name>
			</possibleresult>
			<points>
				<point>56.000000,229.000000</point>
				<point>24.000000,228.000000</point>
				<point>24.000000,218.000000</point>
				<point>56.000000,219.000000</point>
				<point>56.000000,229.000000</point>
			</points>
		</object>
		<object>
			<coordinate>pixel</coordinate>
			<type>rectangle</type>
			<description>None</description>
			<possibleresult>
				<name>Van</name>
			</possibleresult>
			<points>
				<point>675.000000,845.000000</point>
				<point>673.000000,865.000000</point>
				<point>662.000000,864.000000</point>
				<point>664.000000,845.000000</point>
				<point>675.000000,845.000000</point>
			</points>
		</object>
	</objects>
</annotation>