<?xml version="1.0" encoding="utf-8"?>
<annotation>
	<source>
		<filename>14974.tif</filename>
		<origin>GF2/GF3</origin>
	</source>
	<research>
		<version>1.0</version>
		<provider>FAIR1M</provider>
		<author>Cyber</author>
		<pluginname>FAIR1M</pluginname>
		<pluginclass>object detection</pluginclass>
		<time>2021-07-21</time>
	</research>
	<size>
		<width>800</width>
		<height>600</height>
		<depth>4</depth>
	</size>
	<objects>
		<object>
			<coordinate>pixel</coordinate>
			<type>rectangle</type>
			<description>None</description>
			<possibleresult>
				<name>Van</name>
			</possibleresult>
			<points>
				<point>791.000000,3.000000</point>
				<point>785.000000,20.000000</point>
				<point>776.000000,17.000000</point>
				<point>781.000000,0.000000</point>
				<point>791.000000,3.000000</point>
			</points>
		</object>
		<object>
			<coordinate>pixel</coordinate>
			<type>rectangle</type>
			<description>None</description>
			<possibleresult>
				<name>Small Car</name>
			</possibleresult>
			<points>
				<point>660.000000,186.000000</point>
				<point>654.000000,202.000000</point>
				<point>646.000000,199.000000</point>
				<point>652.000000,183.000000</point>
				<point>660.000000,186.000000</point>
			</points>
		</object>
		<object>
			<coordinate>pixel</coordinate>
			<type>rectangle</type>
			<description>None</description>
			<possibleresult>
				<name>Small Car</name>
			</possibleresult>
			<points>
				<point>676.000000,177.000000</point>
				<point>671.000000,190.000000</point>
				<point>664.000000,187.000000</point>
				<point>669.000000,174.000000</point>
				<point>676.000000,177.000000</point>
			</points>
		</object>
		<object>
			<coordinate>pixel</coordinate>
			<type>rectangle</type>
			<description>None</description>
			<possibleresult>
				<name>Small Car</name>
			</possibleresult>
			<points>
				<point>670.000000,168.000000</point>
				<point>663.000000,186.000000</point>
				<point>655.000000,182.000000</point>
				<point>662.000000,165.000000</point>
				<point>670.000000,168.000000</point>
			</points>
		</object>
		<object>
			<coordinate>pixel</coordinate>
			<type>rectangle</type>
			<description>None</description>
			<possibleresult>
				<name>Van</name>
			</possibleresult>
			<points>
				<point>659.000000,166.000000</point>
				<point>653.000000,183.000000</point>
				<point>644.000000,180.000000</point>
				<point>651.000000,162.000000</point>
				<point>659.000000,166.000000</point>
			</points>
		</object>
		<object>
			<coordinate>pixel</coordinate>
			<type>rectangle</type>
			<description>None</description>
			<possibleresult>
				<name>Small Car</name>
			</possibleresult>
			<points>
				<point>618.000000,155.000000</point>
				<point>612.000000,171.000000</point>
				<point>602.000000,167.000000</point>
				<point>609.000000,151.000000</point>
				<point>618.000000,155.000000</point>
			</points>
		</object>
		<object>
			<coordinate>pixel</coordinate>
			<type>rectangle</type>
			<description>None</description>
			<possibleresult>
				<name>Van</name>
			</possibleresult>
			<points>
				<point>619.000000,175.000000</point>
				<point>613.000000,192.000000</point>
				<point>604.000000,188.000000</point>
				<point>611.000000,171.000000</point>
				<point>619.000000,175.000000</point>
			</points>
		</object>
		<object>
			<coordinate>pixel</coordinate>
			<type>rectangle</type>
			<description>None</description>
			<possibleresult>
				<name>Small Car</name>
			</possibleresult>
			<points>
				<point>590.000000,164.000000</point>
				<point>582.000000,183.000000</point>
				<point>573.000000,179.000000</point>
				<point>582.000000,160.000000</point>
				<point>590.000000,164.000000</point>
			</points>
		</object>
		<object>
			<coordinate>pixel</coordinate>
			<type>rectangle</type>
			<description>None</description>
			<possibleresult>
				<name>Small Car</name>
			</possibleresult>
			<points>
				<point>569.000000,158.000000</point>
				<point>560.000000,173.000000</point>
				<point>554.000000,170.000000</point>
				<point>563.000000,155.000000</point>
				<point>569.000000,158.000000</point>
			</points>
		</object>
		<object>
			<coordinate>pixel</coordinate>
			<type>rectangle</type>
			<description>None</description>
			<possibleresult>
				<name>Small Car</name>
			</possibleresult>
			<points>
				<point>588.000000,142.000000</point>
				<point>580.000000,160.000000</point>
				<point>572.000000,157.000000</point>
				<point>581.000000,138.000000</point>
				<point>588.000000,142.000000</point>
			</points>
		</object>
		<object>
			<coordinate>pixel</coordinate>
			<type>rectangle</type>
			<description>None</description>
			<possibleresult>
				<name>Small Car</name>
			</possibleresult>
			<points>
				<point>545.000000,151.000000</point>
				<point>536.000000,168.000000</point>
				<point>527.000000,163.000000</point>
				<point>536.000000,147.000000</point>
				<point>545.000000,151.000000</point>
			</points>
		</object>
		<object>
			<coordinate>pixel</coordinate>
			<type>rectangle</type>
			<description>None</description>
			<possibleresult>
				<name>Small Car</name>
			</possibleresult>
			<points>
				<point>535.000000,147.000000</point>
				<point>528.000000,163.000000</point>
				<point>519.000000,159.000000</point>
				<point>526.000000,143.000000</point>
				<point>535.000000,147.000000</point>
			</points>
		</object>
		<object>
			<coordinate>pixel</coordinate>
			<type>rectangle</type>
			<description>None</description>
			<possibleresult>
				<name>Van</name>
			</possibleresult>
			<points>
				<point>493.000000,134.000000</point>
				<point>486.000000,148.000000</point>
				<point>478.000000,144.000000</point>
				<point>485.000000,130.000000</point>
				<point>493.000000,134.000000</point>
			</points>
		</object>
		<object>
			<coordinate>pixel</coordinate>
			<type>rectangle</type>
			<description>None</description>
			<possibleresult>
				<name>Van</name>
			</possibleresult>
			<points>
				<point>512.000000,176.000000</point>
				<point>510.000000,183.000000</point>
				<point>486.000000,176.000000</point>
				<point>488.000000,169.000000</point>
				<point>512.000000,176.000000</point>
			</points>
		</object>
		<object>
			<coordinate>pixel</coordinate>
			<type>rectangle</type>
			<description>None</description>
			<possibleresult>
				<name>Small Car</name>
			</possibleresult>
			<points>
				<point>639.000000,181.000000</point>
				<point>632.000000,198.000000</point>
				<point>624.000000,194.000000</point>
				<point>631.000000,178.000000</point>
				<point>639.000000,181.000000</point>
			</points>
		</object>
		<object>
			<coordinate>pixel</coordinate>
			<type>rectangle</type>
			<description>None</description>
			<possibleresult>
				<name>Van</name>
			</possibleresult>
			<points>
				<point>585.000000,210.000000</point>
				<point>579.000000,225.000000</point>
				<point>571.000000,222.000000</point>
				<point>577.000000,207.000000</point>
				<point>585.000000,210.000000</point>
			</points>
		</object>
		<object>
			<coordinate>pixel</coordinate>
			<type>rectangle</type>
			<description>None</description>
			<possibleresult>
				<name>Small Car</name>
			</possibleresult>
			<points>
				<point>596.000000,212.000000</point>
				<point>592.000000,227.000000</point>
				<point>585.000000,225.000000</point>
				<point>589.000000,210.000000</point>
				<point>596.000000,212.000000</point>
			</points>
		</object>
		<object>
			<coordinate>pixel</coordinate>
			<type>rectangle</type>
			<description>None</description>
			<possibleresult>
				<name>Van</name>
			</possibleresult>
			<points>
				<point>637.000000,227.000000</point>
				<point>633.000000,243.000000</point>
				<point>625.000000,240.000000</point>
				<point>630.000000,225.000000</point>
				<point>637.000000,227.000000</point>
			</points>
		</object>
		<object>
			<coordinate>pixel</coordinate>
			<type>rectangle</type>
			<description>None</description>
			<possibleresult>
				<name>Small Car</name>
			</possibleresult>
			<points>
				<point>629.000000,222.000000</point>
				<point>621.000000,239.000000</point>
				<point>614.000000,236.000000</point>
				<point>622.000000,219.000000</point>
				<point>629.000000,222.000000</point>
			</points>
		</object>
		<object>
			<coordinate>pixel</coordinate>
			<type>rectangle</type>
			<description>None</description>
			<possibleresult>
				<name>Small Car</name>
			</possibleresult>
			<points>
				<point>585.000000,234.000000</point>
				<point>580.000000,250.000000</point>
				<point>571.000000,247.000000</point>
				<point>576.000000,231.000000</point>
				<point>585.000000,234.000000</point>
			</points>
		</object>
		<object>
			<coordinate>pixel</coordinate>
			<type>rectangle</type>
			<description>None</description>
			<possibleresult>
				<name>Van</name>
			</possibleresult>
			<points>
				<point>501.000000,253.000000</point>
				<point>490.000000,259.000000</point>
				<point>487.000000,253.000000</point>
				<point>498.000000,248.000000</point>
				<point>501.000000,253.000000</point>
			</points>
		</object>
		<object>
			<coordinate>pixel</coordinate>
			<type>rectangle</type>
			<description>None</description>
			<possibleresult>
				<name>Small Car</name>
			</possibleresult>
			<points>
				<point>539.000000,215.000000</point>
				<point>533.000000,229.000000</point>
				<point>523.000000,225.000000</point>
				<point>529.000000,211.000000</point>
				<point>539.000000,215.000000</point>
			</points>
		</object>
		<object>
			<coordinate>pixel</coordinate>
			<type>rectangle</type>
			<description>None</description>
			<possibleresult>
				<name>Small Car</name>
			</possibleresult>
			<points>
				<point>351.000000,203.000000</point>
				<point>333.000000,210.000000</point>
				<point>331.000000,204.000000</point>
				<point>349.000000,197.000000</point>
				<point>351.000000,203.000000</point>
			</points>
		</object>
		<object>
			<coordinate>pixel</coordinate>
			<type>rectangle</type>
			<description>None</description>
			<possibleresult>
				<name>Small Car</name>
			</possibleresult>
			<points>
				<point>657.000000,365.000000</point>
				<point>651.000000,367.000000</point>
				<point>646.000000,349.000000</point>
				<point>653.000000,347.000000</point>
				<point>657.000000,365.000000</point>
			</points>
		</object>
		<object>
			<coordinate>pixel</coordinate>
			<type>rectangle</type>
			<description>None</description>
			<possibleresult>
				<name>Van</name>
			</possibleresult>
			<points>
				<point>649.000000,366.000000</point>
				<point>643.000000,373.000000</point>
				<point>628.000000,361.000000</point>
				<point>634.000000,354.000000</point>
				<point>649.000000,366.000000</point>
			</points>
		</object>
		<object>
			<coordinate>pixel</coordinate>
			<type>rectangle</type>
			<description>None</description>
			<possibleresult>
				<name>Van</name>
			</possibleresult>
			<points>
				<point>484.000000,593.000000</point>
				<point>479.000000,599.000000</point>
				<point>466.000000,589.000000</point>
				<point>471.000000,582.000000</point>
				<point>484.000000,593.000000</point>
			</points>
		</object>
		<object>
			<coordinate>pixel</coordinate>
			<type>rectangle</type>
			<description>None</description>
			<possibleresult>
				<name>Small Car</name>
			</possibleresult>
			<points>
				<point>228.000000,345.000000</point>
				<point>223.000000,350.000000</point>
				<point>211.000000,335.000000</point>
				<point>216.000000,331.000000</point>
				<point>228.000000,345.000000</point>
			</points>
		</object>
		<object>
			<coordinate>pixel</coordinate>
			<type>rectangle</type>
			<description>None</description>
			<possibleresult>
				<name>Small Car</name>
			</possibleresult>
			<points>
				<point>205.000000,366.000000</point>
				<point>198.000000,372.000000</point>
				<point>185.000000,357.000000</point>
				<point>191.000000,351.000000</point>
				<point>205.000000,366.000000</point>
			</points>
		</object>
		<object>
			<coordinate>pixel</coordinate>
			<type>rectangle</type>
			<description>None</description>
			<possibleresult>
				<name>Small Car</name>
			</possibleresult>
			<points>
				<point>43.000000,90.000000</point>
				<point>35.000000,95.000000</point>
				<point>25.000000,79.000000</point>
				<point>32.000000,74.000000</point>
				<point>43.000000,90.000000</point>
			</points>
		</object>
		<object>
			<coordinate>pixel</coordinate>
			<type>rectangle</type>
			<description>None</description>
			<possibleresult>
				<name>Small Car</name>
			</possibleresult>
			<points>
				<point>352.000000,9.000000</point>
				<point>346.000000,26.000000</point>
				<point>337.000000,22.000000</point>
				<point>343.000000,6.000000</point>
				<point>352.000000,9.000000</point>
			</points>
		</object>
		<object>
			<coordinate>pixel</coordinate>
			<type>rectangle</type>
			<description>None</description>
			<possibleresult>
				<name>Van</name>
			</possibleresult>
			<points>
				<point>341.000000,6.000000</point>
				<point>335.000000,22.000000</point>
				<point>326.000000,18.000000</point>
				<point>332.000000,3.000000</point>
				<point>341.000000,6.000000</point>
			</points>
		</object>
		<object>
			<coordinate>pixel</coordinate>
			<type>rectangle</type>
			<description>None</description>
			<possibleresult>
				<name>Small Car</name>
			</possibleresult>
			<points>
				<point>310.000000,0.000000</point>
				<point>304.000000,13.000000</point>
				<point>296.000000,9.000000</point>
				<point>300.000000,0.000000</point>
				<point>310.000000,0.000000</point>
			</points>
		</object>
		<object>
			<coordinate>pixel</coordinate>
			<type>rectangle</type>
			<description>None</description>
			<possibleresult>
				<name>Dump Truck</name>
			</possibleresult>
			<points>
				<point>337.000000,66.000000</point>
				<point>320.000000,72.000000</point>
				<point>317.000000,64.000000</point>
				<point>335.000000,58.000000</point>
				<point>337.000000,66.000000</point>
			</points>
		</object>
		<object>
			<coordinate>pixel</coordinate>
			<type>rectangle</type>
			<description>None</description>
			<possibleresult>
				<name>Van</name>
			</possibleresult>
			<points>
				<point>315.000000,443.000000</point>
				<point>307.000000,448.000000</point>
				<point>301.000000,437.000000</point>
				<point>309.000000,432.000000</point>
				<point>315.000000,443.000000</point>
			</points>
		</object>
	</objects>
</annotation>