<?xml version="1.0" encoding="utf-8"?>
<annotation>
	<source>
		<filename>14980.tif</filename>
		<origin>GF2/GF3</origin>
	</source>
	<research>
		<version>1.0</version>
		<provider>FAIR1M</provider>
		<author>Cyber</author>
		<pluginname>FAIR1M</pluginname>
		<pluginclass>object detection</pluginclass>
		<time>2021-07-21</time>
	</research>
	<size>
		<width>1000</width>
		<height>1000</height>
		<depth>3</depth>
	</size>
	<objects>
		<object>
			<coordinate>pixel</coordinate>
			<type>rectangle</type>
			<description>None</description>
			<possibleresult>
				<name>Van</name>
			</possibleresult>
			<points>
				<point>107.000000,247.000000</point>
				<point>98.000000,258.000000</point>
				<point>92.000000,254.000000</point>
				<point>101.000000,242.000000</point>
				<point>107.000000,247.000000</point>
			</points>
		</object>
		<object>
			<coordinate>pixel</coordinate>
			<type>rectangle</type>
			<description>None</description>
			<possibleresult>
				<name>Van</name>
			</possibleresult>
			<points>
				<point>161.000000,330.000000</point>
				<point>152.000000,331.000000</point>
				<point>151.000000,315.000000</point>
				<point>160.000000,314.000000</point>
				<point>161.000000,330.000000</point>
			</points>
		</object>
		<object>
			<coordinate>pixel</coordinate>
			<type>rectangle</type>
			<description>None</description>
			<possibleresult>
				<name>Small Car</name>
			</possibleresult>
			<points>
				<point>394.000000,245.000000</point>
				<point>385.000000,246.000000</point>
				<point>384.000000,229.000000</point>
				<point>393.000000,229.000000</point>
				<point>394.000000,245.000000</point>
			</points>
		</object>
		<object>
			<coordinate>pixel</coordinate>
			<type>rectangle</type>
			<description>None</description>
			<possibleresult>
				<name>Dump Truck</name>
			</possibleresult>
			<points>
				<point>516.000000,261.000000</point>
				<point>510.000000,267.000000</point>
				<point>496.000031,253.000000</point>
				<point>502.000061,247.000000</point>
				<point>516.000000,261.000000</point>
			</points>
		</object>
		<object>
			<coordinate>pixel</coordinate>
			<type>rectangle</type>
			<description>None</description>
			<possibleresult>
				<name>Van</name>
			</possibleresult>
			<points>
				<point>511.000000,306.000000</point>
				<point>500.000000,307.000000</point>
				<point>500.000000,288.000000</point>
				<point>511.000000,288.000000</point>
				<point>511.000000,306.000000</point>
			</points>
		</object>
		<object>
			<coordinate>pixel</coordinate>
			<type>rectangle</type>
			<description>None</description>
			<possibleresult>
				<name>Small Car</name>
			</possibleresult>
			<points>
				<point>513.000000,268.000000</point>
				<point>510.000000,283.000000</point>
				<point>500.000000,282.000000</point>
				<point>502.000000,266.000000</point>
				<point>513.000000,268.000000</point>
			</points>
		</object>
		<object>
			<coordinate>pixel</coordinate>
			<type>rectangle</type>
			<description>None</description>
			<possibleresult>
				<name>Van</name>
			</possibleresult>
			<points>
				<point>757.000000,266.000000</point>
				<point>747.000000,266.000000</point>
				<point>747.000000,250.000000</point>
				<point>757.000000,249.000000</point>
				<point>757.000000,266.000000</point>
			</points>
		</object>
		<object>
			<coordinate>pixel</coordinate>
			<type>rectangle</type>
			<description>None</description>
			<possibleresult>
				<name>Van</name>
			</possibleresult>
			<points>
				<point>640.000000,288.000000</point>
				<point>630.000000,288.000000</point>
				<point>629.000000,272.000000</point>
				<point>639.000000,271.000000</point>
				<point>640.000000,288.000000</point>
			</points>
		</object>
		<object>
			<coordinate>pixel</coordinate>
			<type>rectangle</type>
			<description>None</description>
			<possibleresult>
				<name>Van</name>
			</possibleresult>
			<points>
				<point>641.000000,310.000000</point>
				<point>629.000000,310.000000</point>
				<point>629.000000,292.000000</point>
				<point>641.000000,292.000000</point>
				<point>641.000000,310.000000</point>
			</points>
		</object>
		<object>
			<coordinate>pixel</coordinate>
			<type>rectangle</type>
			<description>None</description>
			<possibleresult>
				<name>Small Car</name>
			</possibleresult>
			<points>
				<point>855.000000,163.000000</point>
				<point>846.000000,163.000000</point>
				<point>846.000000,145.000000</point>
				<point>855.000000,145.000000</point>
				<point>855.000000,163.000000</point>
			</points>
		</object>
		<object>
			<coordinate>pixel</coordinate>
			<type>rectangle</type>
			<description>None</description>
			<possibleresult>
				<name>Small Car</name>
			</possibleresult>
			<points>
				<point>893.000000,228.000000</point>
				<point>892.000000,235.000000</point>
				<point>870.000000,235.000000</point>
				<point>870.000000,228.000000</point>
				<point>893.000000,228.000000</point>
			</points>
		</object>
		<object>
			<coordinate>pixel</coordinate>
			<type>rectangle</type>
			<description>None</description>
			<possibleresult>
				<name>Small Car</name>
			</possibleresult>
			<points>
				<point>891.000000,245.000000</point>
				<point>870.000000,244.000000</point>
				<point>870.000000,237.000000</point>
				<point>891.000000,237.000000</point>
				<point>891.000000,245.000000</point>
			</points>
		</object>
		<object>
			<coordinate>pixel</coordinate>
			<type>rectangle</type>
			<description>None</description>
			<possibleresult>
				<name>Van</name>
			</possibleresult>
			<points>
				<point>970.000000,242.000000</point>
				<point>961.000000,242.000000</point>
				<point>961.000000,224.000000</point>
				<point>970.000000,224.000000</point>
				<point>970.000000,242.000000</point>
			</points>
		</object>
		<object>
			<coordinate>pixel</coordinate>
			<type>rectangle</type>
			<description>None</description>
			<possibleresult>
				<name>Van</name>
			</possibleresult>
			<points>
				<point>708.000000,977.000000</point>
				<point>696.000000,977.000000</point>
				<point>696.000000,956.000000</point>
				<point>707.000000,956.000000</point>
				<point>708.000000,977.000000</point>
			</points>
		</object>
		<object>
			<coordinate>pixel</coordinate>
			<type>rectangle</type>
			<description>None</description>
			<possibleresult>
				<name>Dump Truck</name>
			</possibleresult>
			<points>
				<point>907.000000,484.000000</point>
				<point>897.000000,484.000000</point>
				<point>897.000000,465.000000</point>
				<point>907.000000,464.000000</point>
				<point>907.000000,484.000000</point>
			</points>
		</object>
		<object>
			<coordinate>pixel</coordinate>
			<type>rectangle</type>
			<description>None</description>
			<possibleresult>
				<name>Dump Truck</name>
			</possibleresult>
			<points>
				<point>893.000000,452.000000</point>
				<point>882.000000,452.000000</point>
				<point>881.000000,432.000000</point>
				<point>893.000000,431.000000</point>
				<point>893.000000,452.000000</point>
			</points>
		</object>
		<object>
			<coordinate>pixel</coordinate>
			<type>rectangle</type>
			<description>None</description>
			<possibleresult>
				<name>Van</name>
			</possibleresult>
			<points>
				<point>698.000000,424.000000</point>
				<point>688.000000,425.000000</point>
				<point>688.000000,408.000000</point>
				<point>697.000000,408.000000</point>
				<point>698.000000,424.000000</point>
			</points>
		</object>
		<object>
			<coordinate>pixel</coordinate>
			<type>rectangle</type>
			<description>None</description>
			<possibleresult>
				<name>Small Car</name>
			</possibleresult>
			<points>
				<point>713.000000,455.000000</point>
				<point>705.000000,456.000000</point>
				<point>704.000000,440.000000</point>
				<point>712.000000,440.000000</point>
				<point>713.000000,455.000000</point>
			</points>
		</object>
		<object>
			<coordinate>pixel</coordinate>
			<type>rectangle</type>
			<description>None</description>
			<possibleresult>
				<name>Small Car</name>
			</possibleresult>
			<points>
				<point>640.000000,496.000000</point>
				<point>630.000000,496.000000</point>
				<point>630.000000,480.000000</point>
				<point>639.000000,480.000000</point>
				<point>640.000000,496.000000</point>
			</points>
		</object>
		<object>
			<coordinate>pixel</coordinate>
			<type>rectangle</type>
			<description>None</description>
			<possibleresult>
				<name>Small Car</name>
			</possibleresult>
			<points>
				<point>562.000000,489.000000</point>
				<point>557.000000,493.000000</point>
				<point>545.000000,479.000000</point>
				<point>551.000000,475.000000</point>
				<point>562.000000,489.000000</point>
			</points>
		</object>
		<object>
			<coordinate>pixel</coordinate>
			<type>rectangle</type>
			<description>None</description>
			<possibleresult>
				<name>Small Car</name>
			</possibleresult>
			<points>
				<point>524.000000,445.000000</point>
				<point>523.000000,460.000000</point>
				<point>514.000000,460.000000</point>
				<point>515.000000,444.000000</point>
				<point>524.000000,445.000000</point>
			</points>
		</object>
		<object>
			<coordinate>pixel</coordinate>
			<type>rectangle</type>
			<description>None</description>
			<possibleresult>
				<name>Dump Truck</name>
			</possibleresult>
			<points>
				<point>370.000000,466.000000</point>
				<point>359.000000,466.000000</point>
				<point>359.000000,447.000000</point>
				<point>370.000000,447.000000</point>
				<point>370.000000,466.000000</point>
			</points>
		</object>
		<object>
			<coordinate>pixel</coordinate>
			<type>rectangle</type>
			<description>None</description>
			<possibleresult>
				<name>Small Car</name>
			</possibleresult>
			<points>
				<point>835.000000,707.000000</point>
				<point>830.000000,724.000000</point>
				<point>821.000000,722.000000</point>
				<point>825.000000,705.000000</point>
				<point>835.000000,707.000000</point>
			</points>
		</object>
		<object>
			<coordinate>pixel</coordinate>
			<type>rectangle</type>
			<description>None</description>
			<possibleresult>
				<name>Van</name>
			</possibleresult>
			<points>
				<point>274.000000,504.000000</point>
				<point>257.000000,504.000000</point>
				<point>257.000000,498.000000</point>
				<point>273.000000,497.000000</point>
				<point>274.000000,504.000000</point>
			</points>
		</object>
		<object>
			<coordinate>pixel</coordinate>
			<type>rectangle</type>
			<description>None</description>
			<possibleresult>
				<name>Van</name>
			</possibleresult>
			<points>
				<point>279.000000,514.000000</point>
				<point>260.000000,514.000000</point>
				<point>260.000000,507.000000</point>
				<point>279.000000,507.000000</point>
				<point>279.000000,514.000000</point>
			</points>
		</object>
		<object>
			<coordinate>pixel</coordinate>
			<type>rectangle</type>
			<description>None</description>
			<possibleresult>
				<name>Van</name>
			</possibleresult>
			<points>
				<point>252.000000,561.000000</point>
				<point>245.000000,565.000000</point>
				<point>236.000000,549.000000</point>
				<point>243.000000,545.000000</point>
				<point>252.000000,561.000000</point>
			</points>
		</object>
		<object>
			<coordinate>pixel</coordinate>
			<type>rectangle</type>
			<description>None</description>
			<possibleresult>
				<name>Van</name>
			</possibleresult>
			<points>
				<point>304.000000,562.000000</point>
				<point>298.000000,568.000000</point>
				<point>283.000000,552.000000</point>
				<point>290.000000,546.000000</point>
				<point>304.000000,562.000000</point>
			</points>
		</object>
		<object>
			<coordinate>pixel</coordinate>
			<type>rectangle</type>
			<description>None</description>
			<possibleresult>
				<name>Dump Truck</name>
			</possibleresult>
			<points>
				<point>291.000000,562.000000</point>
				<point>284.000000,568.000000</point>
				<point>266.000000,548.000000</point>
				<point>273.000000,542.000000</point>
				<point>291.000000,562.000000</point>
			</points>
		</object>
		<object>
			<coordinate>pixel</coordinate>
			<type>rectangle</type>
			<description>None</description>
			<possibleresult>
				<name>Small Car</name>
			</possibleresult>
			<points>
				<point>193.000000,573.000000</point>
				<point>183.000000,573.000000</point>
				<point>182.000000,554.000000</point>
				<point>193.000000,554.000000</point>
				<point>193.000000,573.000000</point>
			</points>
		</object>
		<object>
			<coordinate>pixel</coordinate>
			<type>rectangle</type>
			<description>None</description>
			<possibleresult>
				<name>Van</name>
			</possibleresult>
			<points>
				<point>193.000000,582.000000</point>
				<point>192.000000,605.000000</point>
				<point>182.000000,605.000000</point>
				<point>182.000000,582.000000</point>
				<point>193.000000,582.000000</point>
			</points>
		</object>
		<object>
			<coordinate>pixel</coordinate>
			<type>rectangle</type>
			<description>None</description>
			<possibleresult>
				<name>Van</name>
			</possibleresult>
			<points>
				<point>343.000000,589.000000</point>
				<point>332.000000,588.000000</point>
				<point>332.000000,568.000000</point>
				<point>343.000000,568.000000</point>
				<point>343.000000,589.000000</point>
			</points>
		</object>
		<object>
			<coordinate>pixel</coordinate>
			<type>rectangle</type>
			<description>None</description>
			<possibleresult>
				<name>Small Car</name>
			</possibleresult>
			<points>
				<point>389.000000,579.000000</point>
				<point>360.000000,577.000000</point>
				<point>361.000000,569.000000</point>
				<point>389.000000,570.000000</point>
				<point>389.000000,579.000000</point>
			</points>
		</object>
		<object>
			<coordinate>pixel</coordinate>
			<type>rectangle</type>
			<description>None</description>
			<possibleresult>
				<name>Van</name>
			</possibleresult>
			<points>
				<point>340.000000,662.000000</point>
				<point>330.000000,662.000000</point>
				<point>330.000000,637.000000</point>
				<point>340.000000,638.000000</point>
				<point>340.000000,662.000000</point>
			</points>
		</object>
		<object>
			<coordinate>pixel</coordinate>
			<type>rectangle</type>
			<description>None</description>
			<possibleresult>
				<name>Van</name>
			</possibleresult>
			<points>
				<point>350.000000,623.000000</point>
				<point>322.000000,626.000000</point>
				<point>321.000000,618.000000</point>
				<point>349.000000,615.000000</point>
				<point>350.000000,623.000000</point>
			</points>
		</object>
		<object>
			<coordinate>pixel</coordinate>
			<type>rectangle</type>
			<description>None</description>
			<possibleresult>
				<name>Van</name>
			</possibleresult>
			<points>
				<point>355.000000,626.000000</point>
				<point>350.000000,646.000000</point>
				<point>340.000000,644.000000</point>
				<point>345.000000,624.000000</point>
				<point>355.000000,626.000000</point>
			</points>
		</object>
		<object>
			<coordinate>pixel</coordinate>
			<type>rectangle</type>
			<description>None</description>
			<possibleresult>
				<name>Van</name>
			</possibleresult>
			<points>
				<point>294.000000,682.000000</point>
				<point>275.000000,683.000000</point>
				<point>275.000000,676.000000</point>
				<point>294.000000,676.000000</point>
				<point>294.000000,682.000000</point>
			</points>
		</object>
		<object>
			<coordinate>pixel</coordinate>
			<type>rectangle</type>
			<description>None</description>
			<possibleresult>
				<name>Small Car</name>
			</possibleresult>
			<points>
				<point>195.000000,454.000000</point>
				<point>194.000000,473.000000</point>
				<point>183.000000,473.000000</point>
				<point>183.000000,454.000000</point>
				<point>195.000000,454.000000</point>
			</points>
		</object>
		<object>
			<coordinate>pixel</coordinate>
			<type>rectangle</type>
			<description>None</description>
			<possibleresult>
				<name>Small Car</name>
			</possibleresult>
			<points>
				<point>52.000000,503.000000</point>
				<point>28.000000,503.000000</point>
				<point>28.000000,496.000000</point>
				<point>52.000000,496.000000</point>
				<point>52.000000,503.000000</point>
			</points>
		</object>
		<object>
			<coordinate>pixel</coordinate>
			<type>rectangle</type>
			<description>None</description>
			<possibleresult>
				<name>Dump Truck</name>
			</possibleresult>
			<points>
				<point>162.000000,544.000000</point>
				<point>131.000000,543.000000</point>
				<point>131.000000,534.000000</point>
				<point>162.000000,534.000000</point>
				<point>162.000000,544.000000</point>
			</points>
		</object>
		<object>
			<coordinate>pixel</coordinate>
			<type>rectangle</type>
			<description>None</description>
			<possibleresult>
				<name>Cargo Truck</name>
			</possibleresult>
			<points>
				<point>158.000000,568.000000</point>
				<point>146.000000,570.000000</point>
				<point>142.000000,546.000000</point>
				<point>153.000000,544.000000</point>
				<point>158.000000,568.000000</point>
			</points>
		</object>
		<object>
			<coordinate>pixel</coordinate>
			<type>rectangle</type>
			<description>None</description>
			<possibleresult>
				<name>Cargo Truck</name>
			</possibleresult>
			<points>
				<point>168.000000,565.000000</point>
				<point>159.000000,567.000000</point>
				<point>155.000000,551.000000</point>
				<point>165.000000,549.000000</point>
				<point>168.000000,565.000000</point>
			</points>
		</object>
		<object>
			<coordinate>pixel</coordinate>
			<type>rectangle</type>
			<description>None</description>
			<possibleresult>
				<name>Dump Truck</name>
			</possibleresult>
			<points>
				<point>284.000000,732.000000</point>
				<point>283.000000,741.000000</point>
				<point>255.000000,739.000000</point>
				<point>255.000000,731.000000</point>
				<point>284.000000,732.000000</point>
			</points>
		</object>
		<object>
			<coordinate>pixel</coordinate>
			<type>rectangle</type>
			<description>None</description>
			<possibleresult>
				<name>Small Car</name>
			</possibleresult>
			<points>
				<point>192.000000,669.000000</point>
				<point>182.000000,669.000000</point>
				<point>182.000000,652.000000</point>
				<point>192.000000,652.000000</point>
				<point>192.000000,669.000000</point>
			</points>
		</object>
		<object>
			<coordinate>pixel</coordinate>
			<type>rectangle</type>
			<description>None</description>
			<possibleresult>
				<name>Dump Truck</name>
			</possibleresult>
			<points>
				<point>138.000000,874.000000</point>
				<point>111.000000,875.000000</point>
				<point>110.000000,866.000000</point>
				<point>137.000000,865.000000</point>
				<point>138.000000,874.000000</point>
			</points>
		</object>
		<object>
			<coordinate>pixel</coordinate>
			<type>rectangle</type>
			<description>None</description>
			<possibleresult>
				<name>Van</name>
			</possibleresult>
			<points>
				<point>107.000000,863.000000</point>
				<point>85.000000,862.000000</point>
				<point>86.000000,854.000000</point>
				<point>107.000000,855.000000</point>
				<point>107.000000,863.000000</point>
			</points>
		</object>
		<object>
			<coordinate>pixel</coordinate>
			<type>rectangle</type>
			<description>None</description>
			<possibleresult>
				<name>Small Car</name>
			</possibleresult>
			<points>
				<point>92.000000,610.000000</point>
				<point>91.000000,619.000000</point>
				<point>65.000000,616.000000</point>
				<point>66.000000,607.000000</point>
				<point>92.000000,610.000000</point>
			</points>
		</object>
		<object>
			<coordinate>pixel</coordinate>
			<type>rectangle</type>
			<description>None</description>
			<possibleresult>
				<name>Intersection</name>
			</possibleresult>
			<points>
				<point>235.000000,397.000000</point>
				<point>131.000000,399.000000</point>
				<point>130.000000,344.000000</point>
				<point>234.000000,341.000000</point>
				<point>235.000000,397.000000</point>
			</points>
		</object>
		<object>
			<coordinate>pixel</coordinate>
			<type>rectangle</type>
			<description>None</description>
			<possibleresult>
				<name>Motorboat</name>
			</possibleresult>
			<points>
				<point>115.000000,881.000000</point>
				<point>86.000000,882.000000</point>
				<point>86.000000,872.000000</point>
				<point>115.000000,871.000000</point>
				<point>115.000000,881.000000</point>
			</points>
		</object>
		<object>
			<coordinate>pixel</coordinate>
			<type>rectangle</type>
			<description>None</description>
			<possibleresult>
				<name>Motorboat</name>
			</possibleresult>
			<points>
				<point>635.000000,249.000000</point>
				<point>634.000000,269.000000</point>
				<point>622.000000,268.000000</point>
				<point>623.000000,248.000000</point>
				<point>635.000000,249.000000</point>
			</points>
		</object>
		<object>
			<coordinate>pixel</coordinate>
			<type>rectangle</type>
			<description>None</description>
			<possibleresult>
				<name>Motorboat</name>
			</possibleresult>
			<points>
				<point>878.000000,442.000000</point>
				<point>877.000000,464.000000</point>
				<point>865.000000,463.000000</point>
				<point>866.000000,442.000000</point>
				<point>878.000000,442.000000</point>
			</points>
		</object>
		<object>
			<coordinate>pixel</coordinate>
			<type>rectangle</type>
			<description>None</description>
			<possibleresult>
				<name>Small Car</name>
			</possibleresult>
			<points>
				<point>924.000000,432.000000</point>
				<point>914.000000,432.000000</point>
				<point>914.000000,416.000000</point>
				<point>924.000000,416.000000</point>
				<point>924.000000,432.000000</point>
			</points>
		</object>
		<object>
			<coordinate>pixel</coordinate>
			<type>rectangle</type>
			<description>None</description>
			<possibleresult>
				<name>Dump Truck</name>
			</possibleresult>
			<points>
				<point>339.000000,919.000000</point>
				<point>325.000000,920.000000</point>
				<point>325.000000,914.000000</point>
				<point>339.000000,913.000000</point>
				<point>339.000000,919.000000</point>
			</points>
		</object>
		<object>
			<coordinate>pixel</coordinate>
			<type>rectangle</type>
			<description>None</description>
			<possibleresult>
				<name>Van</name>
			</possibleresult>
			<points>
				<point>755.000000,823.000000</point>
				<point>736.000000,823.000000</point>
				<point>736.000000,813.000000</point>
				<point>754.000000,813.000000</point>
				<point>755.000000,823.000000</point>
			</points>
		</object>
		<object>
			<coordinate>pixel</coordinate>
			<type>rectangle</type>
			<description>None</description>
			<possibleresult>
				<name>Intersection</name>
			</possibleresult>
			<points>
				<point>187.000000,67.000000</point>
				<point>145.000000,67.000000</point>
				<point>145.000000,48.000000</point>
				<point>187.000000,48.000000</point>
				<point>187.000000,67.000000</point>
			</points>
		</object>
	</objects>
</annotation>