<?xml version="1.0" encoding="utf-8"?>
<annotation>
	<source>
		<filename>15029.tif</filename>
		<origin>GF2/GF3</origin>
	</source>
	<research>
		<version>1.0</version>
		<provider>FAIR1M</provider>
		<author>Cyber</author>
		<pluginname>FAIR1M</pluginname>
		<pluginclass>object detection</pluginclass>
		<time>2021-07-21</time>
	</research>
	<size>
		<width>1000</width>
		<height>1000</height>
		<depth>3</depth>
	</size>
	<objects>
		<object>
			<coordinate>pixel</coordinate>
			<type>rectangle</type>
			<description>None</description>
			<possibleresult>
				<name>other-airplane</name>
			</possibleresult>
			<points>
				<point>106.000000,59.000000</point>
				<point>161.000000,30.000000</point>
				<point>136.000000,-17.000000</point>
				<point>81.000000,12.000000</point>
				<point>106.000000,59.000000</point>
			</points>
		</object>
		<object>
			<coordinate>pixel</coordinate>
			<type>rectangle</type>
			<description>None</description>
			<possibleresult>
				<name>other-airplane</name>
			</possibleresult>
			<points>
				<point>199.000000,174.000000</point>
				<point>243.000000,153.000000</point>
				<point>221.000000,107.000000</point>
				<point>177.000000,128.000000</point>
				<point>199.000000,174.000000</point>
			</points>
		</object>
		<object>
			<coordinate>pixel</coordinate>
			<type>rectangle</type>
			<description>None</description>
			<possibleresult>
				<name>other-airplane</name>
			</possibleresult>
			<points>
				<point>45.000000,208.000000</point>
				<point>15.000000,228.000000</point>
				<point>34.000000,255.000000</point>
				<point>64.000000,235.000000</point>
				<point>45.000000,208.000000</point>
			</points>
		</object>
	</objects>
</annotation>