<?xml version="1.0" encoding="utf-8"?>
<annotation>
	<source>
		<filename>15060.tif</filename>
		<origin>GF2/GF3</origin>
	</source>
	<research>
		<version>1.0</version>
		<provider>FAIR1M</provider>
		<author>Cyber</author>
		<pluginname>FAIR1M</pluginname>
		<pluginclass>object detection</pluginclass>
		<time>2021-07-21</time>
	</research>
	<size>
		<width>800</width>
		<height>600</height>
		<depth>3</depth>
	</size>
	<objects>
		<object>
			<coordinate>pixel</coordinate>
			<type>rectangle</type>
			<description>None</description>
			<possibleresult>
				<name>Liquid Cargo Ship</name>
			</possibleresult>
			<points>
				<point>346.000000,479.000000</point>
				<point>305.000000,486.000000</point>
				<point>257.000000,249.000000</point>
				<point>298.000000,240.000000</point>
				<point>346.000000,479.000000</point>
			</points>
		</object>
		<object>
			<coordinate>pixel</coordinate>
			<type>rectangle</type>
			<description>None</description>
			<possibleresult>
				<name>Liquid Cargo Ship</name>
			</possibleresult>
			<points>
				<point>294.000000,440.000000</point>
				<point>278.000000,443.000000</point>
				<point>253.000000,313.000000</point>
				<point>267.000000,309.000000</point>
				<point>294.000000,440.000000</point>
			</points>
		</object>
	</objects>
</annotation>