<?xml version="1.0" encoding="utf-8"?>
<annotation>
	<source>
		<filename>15081.tif</filename>
		<origin>GF2/GF3</origin>
	</source>
	<research>
		<version>1.0</version>
		<provider>FAIR1M</provider>
		<author>Cyber</author>
		<pluginname>FAIR1M</pluginname>
		<pluginclass>object detection</pluginclass>
		<time>2021-07-21</time>
	</research>
	<size>
		<width>600</width>
		<height>800</height>
		<depth>4</depth>
	</size>
	<objects>
		<object>
			<coordinate>pixel</coordinate>
			<type>rectangle</type>
			<description>None</description>
			<possibleresult>
				<name>Small Car</name>
			</possibleresult>
			<points>
				<point>435.000000,662.000000</point>
				<point>427.000000,667.000000</point>
				<point>418.000000,654.000000</point>
				<point>426.000000,648.000000</point>
				<point>435.000000,662.000000</point>
			</points>
		</object>
		<object>
			<coordinate>pixel</coordinate>
			<type>rectangle</type>
			<description>None</description>
			<possibleresult>
				<name>Small Car</name>
			</possibleresult>
			<points>
				<point>36.000000,572.000000</point>
				<point>17.000000,579.000000</point>
				<point>14.000000,572.000000</point>
				<point>33.000000,565.000000</point>
				<point>36.000000,572.000000</point>
			</points>
		</object>
		<object>
			<coordinate>pixel</coordinate>
			<type>rectangle</type>
			<description>None</description>
			<possibleresult>
				<name>Small Car</name>
			</possibleresult>
			<points>
				<point>105.000000,551.000000</point>
				<point>85.000000,557.000000</point>
				<point>83.000000,551.000000</point>
				<point>103.000000,544.000000</point>
				<point>105.000000,551.000000</point>
			</points>
		</object>
		<object>
			<coordinate>pixel</coordinate>
			<type>rectangle</type>
			<description>None</description>
			<possibleresult>
				<name>Cargo Truck</name>
			</possibleresult>
			<points>
				<point>151.000000,549.000000</point>
				<point>120.000000,560.000000</point>
				<point>117.000000,552.000000</point>
				<point>148.000000,541.000000</point>
				<point>151.000000,549.000000</point>
			</points>
		</object>
		<object>
			<coordinate>pixel</coordinate>
			<type>rectangle</type>
			<description>None</description>
			<possibleresult>
				<name>Small Car</name>
			</possibleresult>
			<points>
				<point>185.000000,550.000000</point>
				<point>167.000000,555.000000</point>
				<point>165.000000,548.000000</point>
				<point>183.000000,542.000000</point>
				<point>185.000000,550.000000</point>
			</points>
		</object>
		<object>
			<coordinate>pixel</coordinate>
			<type>rectangle</type>
			<description>None</description>
			<possibleresult>
				<name>Van</name>
			</possibleresult>
			<points>
				<point>165.000000,534.000000</point>
				<point>147.000000,540.000000</point>
				<point>145.000000,532.000000</point>
				<point>163.000000,527.000000</point>
				<point>165.000000,534.000000</point>
			</points>
		</object>
		<object>
			<coordinate>pixel</coordinate>
			<type>rectangle</type>
			<description>None</description>
			<possibleresult>
				<name>Small Car</name>
			</possibleresult>
			<points>
				<point>192.000000,526.000000</point>
				<point>171.000000,531.000000</point>
				<point>170.000000,525.000000</point>
				<point>190.000000,519.000000</point>
				<point>192.000000,526.000000</point>
			</points>
		</object>
		<object>
			<coordinate>pixel</coordinate>
			<type>rectangle</type>
			<description>None</description>
			<possibleresult>
				<name>Dump Truck</name>
			</possibleresult>
			<points>
				<point>220.000000,517.000000</point>
				<point>197.000000,526.000000</point>
				<point>194.000000,518.000000</point>
				<point>217.000000,509.000000</point>
				<point>220.000000,517.000000</point>
			</points>
		</object>
		<object>
			<coordinate>pixel</coordinate>
			<type>rectangle</type>
			<description>None</description>
			<possibleresult>
				<name>Van</name>
			</possibleresult>
			<points>
				<point>279.000000,498.000000</point>
				<point>261.000000,505.000000</point>
				<point>259.000000,499.000000</point>
				<point>277.000000,492.000000</point>
				<point>279.000000,498.000000</point>
			</points>
		</object>
		<object>
			<coordinate>pixel</coordinate>
			<type>rectangle</type>
			<description>None</description>
			<possibleresult>
				<name>Small Car</name>
			</possibleresult>
			<points>
				<point>345.000000,511.000000</point>
				<point>329.000000,516.000000</point>
				<point>328.000000,509.000000</point>
				<point>344.000000,505.000000</point>
				<point>345.000000,511.000000</point>
			</points>
		</object>
		<object>
			<coordinate>pixel</coordinate>
			<type>rectangle</type>
			<description>None</description>
			<possibleresult>
				<name>Small Car</name>
			</possibleresult>
			<points>
				<point>375.000000,502.000000</point>
				<point>349.000000,510.000000</point>
				<point>347.000000,503.000000</point>
				<point>373.000000,495.000000</point>
				<point>375.000000,502.000000</point>
			</points>
		</object>
		<object>
			<coordinate>pixel</coordinate>
			<type>rectangle</type>
			<description>None</description>
			<possibleresult>
				<name>Van</name>
			</possibleresult>
			<points>
				<point>301.000000,494.000000</point>
				<point>282.000000,499.000000</point>
				<point>280.000000,492.000000</point>
				<point>299.000000,486.000000</point>
				<point>301.000000,494.000000</point>
			</points>
		</object>
		<object>
			<coordinate>pixel</coordinate>
			<type>rectangle</type>
			<description>None</description>
			<possibleresult>
				<name>Van</name>
			</possibleresult>
			<points>
				<point>23.000000,743.000000</point>
				<point>3.000000,747.000000</point>
				<point>2.000000,740.000000</point>
				<point>21.000000,737.000000</point>
				<point>23.000000,743.000000</point>
			</points>
		</object>
		<object>
			<coordinate>pixel</coordinate>
			<type>rectangle</type>
			<description>None</description>
			<possibleresult>
				<name>Dry Cargo Ship</name>
			</possibleresult>
			<points>
				<point>176.000000,763.000000</point>
				<point>175.000000,769.000000</point>
				<point>158.000000,765.000000</point>
				<point>159.000000,759.000000</point>
				<point>176.000000,763.000000</point>
			</points>
		</object>
		<object>
			<coordinate>pixel</coordinate>
			<type>rectangle</type>
			<description>None</description>
			<possibleresult>
				<name>Small Car</name>
			</possibleresult>
			<points>
				<point>419.000000,76.000000</point>
				<point>411.000000,80.000000</point>
				<point>401.000000,63.000000</point>
				<point>410.000000,59.000000</point>
				<point>419.000000,76.000000</point>
			</points>
		</object>
		<object>
			<coordinate>pixel</coordinate>
			<type>rectangle</type>
			<description>None</description>
			<possibleresult>
				<name>Small Car</name>
			</possibleresult>
			<points>
				<point>537.000000,166.000000</point>
				<point>529.000000,169.000000</point>
				<point>524.000000,157.000000</point>
				<point>533.000000,154.000000</point>
				<point>537.000000,166.000000</point>
			</points>
		</object>
		<object>
			<coordinate>pixel</coordinate>
			<type>rectangle</type>
			<description>None</description>
			<possibleresult>
				<name>Small Car</name>
			</possibleresult>
			<points>
				<point>494.000000,491.000000</point>
				<point>475.000000,501.000000</point>
				<point>472.000000,495.000000</point>
				<point>491.000000,484.000000</point>
				<point>494.000000,491.000000</point>
			</points>
		</object>
		<object>
			<coordinate>pixel</coordinate>
			<type>rectangle</type>
			<description>None</description>
			<possibleresult>
				<name>Van</name>
			</possibleresult>
			<points>
				<point>239.000000,54.000000</point>
				<point>219.000000,60.000000</point>
				<point>216.000000,54.000000</point>
				<point>236.000000,47.000000</point>
				<point>239.000000,54.000000</point>
			</points>
		</object>
		<object>
			<coordinate>pixel</coordinate>
			<type>rectangle</type>
			<description>None</description>
			<possibleresult>
				<name>Van</name>
			</possibleresult>
			<points>
				<point>91.000000,462.000000</point>
				<point>82.000000,465.000000</point>
				<point>76.000000,450.000000</point>
				<point>85.000000,446.000000</point>
				<point>91.000000,462.000000</point>
			</points>
		</object>
		<object>
			<coordinate>pixel</coordinate>
			<type>rectangle</type>
			<description>None</description>
			<possibleresult>
				<name>Small Car</name>
			</possibleresult>
			<points>
				<point>208.000000,421.000000</point>
				<point>199.000000,425.000000</point>
				<point>193.000000,409.000000</point>
				<point>202.000000,406.000000</point>
				<point>208.000000,421.000000</point>
			</points>
		</object>
	</objects>
</annotation>