<?xml version="1.0" encoding="utf-8"?>
<annotation>
	<source>
		<filename>15117.tif</filename>
		<origin>GF2/GF3</origin>
	</source>
	<research>
		<version>1.0</version>
		<provider>FAIR1M</provider>
		<author>Cyber</author>
		<pluginname>FAIR1M</pluginname>
		<pluginclass>object detection</pluginclass>
		<time>2021-07-21</time>
	</research>
	<size>
		<width>1000</width>
		<height>1000</height>
		<depth>3</depth>
	</size>
	<objects>
		<object>
			<coordinate>pixel</coordinate>
			<type>rectangle</type>
			<description>None</description>
			<possibleresult>
				<name>Small Car</name>
			</possibleresult>
			<points>
				<point>200.000000,816.000000</point>
				<point>194.000000,821.000000</point>
				<point>181.000000,805.000000</point>
				<point>187.000000,800.000000</point>
				<point>200.000000,816.000000</point>
			</points>
		</object>
		<object>
			<coordinate>pixel</coordinate>
			<type>rectangle</type>
			<description>None</description>
			<possibleresult>
				<name>Small Car</name>
			</possibleresult>
			<points>
				<point>304.000000,1000.000000</point>
				<point>294.000000,1000.000000</point>
				<point>286.000000,990.000000</point>
				<point>294.000000,984.000000</point>
				<point>304.000000,1000.000000</point>
			</points>
		</object>
		<object>
			<coordinate>pixel</coordinate>
			<type>rectangle</type>
			<description>None</description>
			<possibleresult>
				<name>Small Car</name>
			</possibleresult>
			<points>
				<point>302.000000,973.000000</point>
				<point>296.000000,977.000000</point>
				<point>286.000000,963.000000</point>
				<point>292.000000,959.000000</point>
				<point>302.000000,973.000000</point>
			</points>
		</object>
		<object>
			<coordinate>pixel</coordinate>
			<type>rectangle</type>
			<description>None</description>
			<possibleresult>
				<name>Van</name>
			</possibleresult>
			<points>
				<point>216.000000,892.000000</point>
				<point>212.000000,895.000000</point>
				<point>203.000000,884.000000</point>
				<point>207.000000,881.000000</point>
				<point>216.000000,892.000000</point>
			</points>
		</object>
		<object>
			<coordinate>pixel</coordinate>
			<type>rectangle</type>
			<description>None</description>
			<possibleresult>
				<name>Small Car</name>
			</possibleresult>
			<points>
				<point>146.000000,986.000000</point>
				<point>140.000000,990.000000</point>
				<point>130.000000,976.000000</point>
				<point>137.000000,972.000000</point>
				<point>146.000000,986.000000</point>
			</points>
		</object>
		<object>
			<coordinate>pixel</coordinate>
			<type>rectangle</type>
			<description>None</description>
			<possibleresult>
				<name>Van</name>
			</possibleresult>
			<points>
				<point>164.000000,975.000000</point>
				<point>158.000000,979.000000</point>
				<point>148.000000,965.000000</point>
				<point>154.000000,960.000000</point>
				<point>164.000000,975.000000</point>
			</points>
		</object>
		<object>
			<coordinate>pixel</coordinate>
			<type>rectangle</type>
			<description>None</description>
			<possibleresult>
				<name>Van</name>
			</possibleresult>
			<points>
				<point>111.000000,1002.000000</point>
				<point>101.000000,988.000000</point>
				<point>108.000000,984.000000</point>
				<point>117.000000,999.000000</point>
				<point>111.000000,1002.000000</point>
			</points>
		</object>
		<object>
			<coordinate>pixel</coordinate>
			<type>rectangle</type>
			<description>None</description>
			<possibleresult>
				<name>Small Car</name>
			</possibleresult>
			<points>
				<point>21.000000,652.000000</point>
				<point>14.000000,654.000000</point>
				<point>10.000000,639.000000</point>
				<point>17.000000,637.000000</point>
				<point>21.000000,652.000000</point>
			</points>
		</object>
		<object>
			<coordinate>pixel</coordinate>
			<type>rectangle</type>
			<description>None</description>
			<possibleresult>
				<name>Dump Truck</name>
			</possibleresult>
			<points>
				<point>23.000000,555.000000</point>
				<point>5.000000,569.000000</point>
				<point>0.000000,561.000000</point>
				<point>16.000000,548.000000</point>
				<point>23.000000,555.000000</point>
			</points>
		</object>
		<object>
			<coordinate>pixel</coordinate>
			<type>rectangle</type>
			<description>None</description>
			<possibleresult>
				<name>Van</name>
			</possibleresult>
			<points>
				<point>68.000000,78.000000</point>
				<point>48.000000,91.000000</point>
				<point>44.000000,84.000000</point>
				<point>64.000000,71.000000</point>
				<point>68.000000,78.000000</point>
			</points>
		</object>
		<object>
			<coordinate>pixel</coordinate>
			<type>rectangle</type>
			<description>None</description>
			<possibleresult>
				<name>Dump Truck</name>
			</possibleresult>
			<points>
				<point>78.000000,90.000000</point>
				<point>56.000000,102.000000</point>
				<point>52.000000,93.000000</point>
				<point>74.000000,82.000000</point>
				<point>78.000000,90.000000</point>
			</points>
		</object>
		<object>
			<coordinate>pixel</coordinate>
			<type>rectangle</type>
			<description>None</description>
			<possibleresult>
				<name>Small Car</name>
			</possibleresult>
			<points>
				<point>124.000000,56.000000</point>
				<point>116.000000,57.000000</point>
				<point>114.000000,43.000000</point>
				<point>122.000000,42.000000</point>
				<point>124.000000,56.000000</point>
			</points>
		</object>
		<object>
			<coordinate>pixel</coordinate>
			<type>rectangle</type>
			<description>None</description>
			<possibleresult>
				<name>Van</name>
			</possibleresult>
			<points>
				<point>164.000000,90.000000</point>
				<point>157.000000,91.000000</point>
				<point>155.000000,76.000000</point>
				<point>162.000000,75.000000</point>
				<point>164.000000,90.000000</point>
			</points>
		</object>
		<object>
			<coordinate>pixel</coordinate>
			<type>rectangle</type>
			<description>None</description>
			<possibleresult>
				<name>Small Car</name>
			</possibleresult>
			<points>
				<point>178.000000,105.000000</point>
				<point>171.000000,106.000000</point>
				<point>169.000000,91.000000</point>
				<point>176.000000,90.000000</point>
				<point>178.000000,105.000000</point>
			</points>
		</object>
		<object>
			<coordinate>pixel</coordinate>
			<type>rectangle</type>
			<description>None</description>
			<possibleresult>
				<name>Small Car</name>
			</possibleresult>
			<points>
				<point>310.000000,26.000000</point>
				<point>303.000000,26.000000</point>
				<point>302.000000,11.000000</point>
				<point>310.000000,11.000000</point>
				<point>310.000000,26.000000</point>
			</points>
		</object>
		<object>
			<coordinate>pixel</coordinate>
			<type>rectangle</type>
			<description>None</description>
			<possibleresult>
				<name>Dump Truck</name>
			</possibleresult>
			<points>
				<point>322.000000,26.000000</point>
				<point>315.000000,27.000000</point>
				<point>313.000000,9.000000</point>
				<point>320.000000,8.000000</point>
				<point>322.000000,26.000000</point>
			</points>
		</object>
		<object>
			<coordinate>pixel</coordinate>
			<type>rectangle</type>
			<description>None</description>
			<possibleresult>
				<name>Small Car</name>
			</possibleresult>
			<points>
				<point>355.000000,22.000000</point>
				<point>347.000000,23.000000</point>
				<point>346.000000,6.000000</point>
				<point>354.000000,5.000000</point>
				<point>355.000000,22.000000</point>
			</points>
		</object>
		<object>
			<coordinate>pixel</coordinate>
			<type>rectangle</type>
			<description>None</description>
			<possibleresult>
				<name>Small Car</name>
			</possibleresult>
			<points>
				<point>367.000000,22.000000</point>
				<point>359.000000,23.000000</point>
				<point>357.000000,5.000000</point>
				<point>365.000000,4.000000</point>
				<point>367.000000,22.000000</point>
			</points>
		</object>
		<object>
			<coordinate>pixel</coordinate>
			<type>rectangle</type>
			<description>None</description>
			<possibleresult>
				<name>Small Car</name>
			</possibleresult>
			<points>
				<point>377.000000,20.000000</point>
				<point>370.000000,20.000000</point>
				<point>368.000000,4.000000</point>
				<point>375.000000,3.000000</point>
				<point>377.000000,20.000000</point>
			</points>
		</object>
		<object>
			<coordinate>pixel</coordinate>
			<type>rectangle</type>
			<description>None</description>
			<possibleresult>
				<name>Van</name>
			</possibleresult>
			<points>
				<point>474.000000,49.000000</point>
				<point>466.000000,50.000000</point>
				<point>463.000000,31.000000</point>
				<point>471.000000,30.000000</point>
				<point>474.000000,49.000000</point>
			</points>
		</object>
		<object>
			<coordinate>pixel</coordinate>
			<type>rectangle</type>
			<description>None</description>
			<possibleresult>
				<name>Small Car</name>
			</possibleresult>
			<points>
				<point>386.000000,61.000000</point>
				<point>378.000000,62.000000</point>
				<point>375.000000,46.000000</point>
				<point>384.000000,44.000000</point>
				<point>386.000000,61.000000</point>
			</points>
		</object>
		<object>
			<coordinate>pixel</coordinate>
			<type>rectangle</type>
			<description>None</description>
			<possibleresult>
				<name>Small Car</name>
			</possibleresult>
			<points>
				<point>365.000000,63.000000</point>
				<point>357.000000,64.000000</point>
				<point>354.000000,49.000000</point>
				<point>362.000000,48.000000</point>
				<point>365.000000,63.000000</point>
			</points>
		</object>
		<object>
			<coordinate>pixel</coordinate>
			<type>rectangle</type>
			<description>None</description>
			<possibleresult>
				<name>Van</name>
			</possibleresult>
			<points>
				<point>320.000000,69.000000</point>
				<point>312.000000,71.000000</point>
				<point>309.000000,55.000000</point>
				<point>317.000000,53.000000</point>
				<point>320.000000,69.000000</point>
			</points>
		</object>
		<object>
			<coordinate>pixel</coordinate>
			<type>rectangle</type>
			<description>None</description>
			<possibleresult>
				<name>Small Car</name>
			</possibleresult>
			<points>
				<point>547.000000,184.000000</point>
				<point>538.000000,185.000000</point>
				<point>536.000000,170.000000</point>
				<point>545.000000,169.000000</point>
				<point>547.000000,184.000000</point>
			</points>
		</object>
		<object>
			<coordinate>pixel</coordinate>
			<type>rectangle</type>
			<description>None</description>
			<possibleresult>
				<name>Van</name>
			</possibleresult>
			<points>
				<point>670.000000,238.000000</point>
				<point>654.000000,247.000000</point>
				<point>651.000000,241.000000</point>
				<point>666.000000,232.000000</point>
				<point>670.000000,238.000000</point>
			</points>
		</object>
		<object>
			<coordinate>pixel</coordinate>
			<type>rectangle</type>
			<description>None</description>
			<possibleresult>
				<name>Van</name>
			</possibleresult>
			<points>
				<point>833.000000,27.000000</point>
				<point>828.000000,31.000000</point>
				<point>818.000000,17.000000</point>
				<point>823.000000,13.000000</point>
				<point>833.000000,27.000000</point>
			</points>
		</object>
		<object>
			<coordinate>pixel</coordinate>
			<type>rectangle</type>
			<description>None</description>
			<possibleresult>
				<name>Van</name>
			</possibleresult>
			<points>
				<point>819.000000,9.000000</point>
				<point>813.000000,13.000000</point>
				<point>804.000000,0.000000</point>
				<point>813.000000,0.000000</point>
				<point>819.000000,9.000000</point>
			</points>
		</object>
		<object>
			<coordinate>pixel</coordinate>
			<type>rectangle</type>
			<description>None</description>
			<possibleresult>
				<name>Van</name>
			</possibleresult>
			<points>
				<point>154.000000,153.000000</point>
				<point>147.000000,154.000000</point>
				<point>145.000000,137.000000</point>
				<point>151.000000,136.000000</point>
				<point>154.000000,153.000000</point>
			</points>
		</object>
		<object>
			<coordinate>pixel</coordinate>
			<type>rectangle</type>
			<description>None</description>
			<possibleresult>
				<name>Van</name>
			</possibleresult>
			<points>
				<point>165.000000,150.000000</point>
				<point>158.000000,151.000000</point>
				<point>155.000000,136.000000</point>
				<point>162.000000,135.000000</point>
				<point>165.000000,150.000000</point>
			</points>
		</object>
		<object>
			<coordinate>pixel</coordinate>
			<type>rectangle</type>
			<description>None</description>
			<possibleresult>
				<name>Van</name>
			</possibleresult>
			<points>
				<point>177.000000,148.000000</point>
				<point>169.000000,149.000000</point>
				<point>167.000000,132.000000</point>
				<point>174.000000,131.000000</point>
				<point>177.000000,148.000000</point>
			</points>
		</object>
		<object>
			<coordinate>pixel</coordinate>
			<type>rectangle</type>
			<description>None</description>
			<possibleresult>
				<name>Van</name>
			</possibleresult>
			<points>
				<point>755.000000,881.000000</point>
				<point>735.000000,893.000000</point>
				<point>731.000000,886.000000</point>
				<point>751.000000,874.000000</point>
				<point>755.000000,881.000000</point>
			</points>
		</object>
		<object>
			<coordinate>pixel</coordinate>
			<type>rectangle</type>
			<description>None</description>
			<possibleresult>
				<name>Small Car</name>
			</possibleresult>
			<points>
				<point>716.000000,919.000000</point>
				<point>700.000000,926.000000</point>
				<point>697.000000,919.000000</point>
				<point>713.000000,912.000000</point>
				<point>716.000000,919.000000</point>
			</points>
		</object>
		<object>
			<coordinate>pixel</coordinate>
			<type>rectangle</type>
			<description>None</description>
			<possibleresult>
				<name>Small Car</name>
			</possibleresult>
			<points>
				<point>645.000000,985.000000</point>
				<point>629.000000,994.000000</point>
				<point>626.000000,988.000000</point>
				<point>642.000000,979.000000</point>
				<point>645.000000,985.000000</point>
			</points>
		</object>
		<object>
			<coordinate>pixel</coordinate>
			<type>rectangle</type>
			<description>None</description>
			<possibleresult>
				<name>Van</name>
			</possibleresult>
			<points>
				<point>647.000000,774.000000</point>
				<point>627.000000,787.000000</point>
				<point>622.000000,779.000000</point>
				<point>642.000000,766.000000</point>
				<point>647.000000,774.000000</point>
			</points>
		</object>
		<object>
			<coordinate>pixel</coordinate>
			<type>rectangle</type>
			<description>None</description>
			<possibleresult>
				<name>Van</name>
			</possibleresult>
			<points>
				<point>653.000000,781.000000</point>
				<point>638.000000,792.000000</point>
				<point>634.000000,786.000000</point>
				<point>650.000000,775.000000</point>
				<point>653.000000,781.000000</point>
			</points>
		</object>
	</objects>
</annotation>