<?xml version="1.0" encoding="utf-8"?>
<annotation>
	<source>
		<filename>15125.tif</filename>
		<origin>GF2/GF3</origin>
	</source>
	<research>
		<version>1.0</version>
		<provider>FAIR1M</provider>
		<author>Cyber</author>
		<pluginname>FAIR1M</pluginname>
		<pluginclass>object detection</pluginclass>
		<time>2021-07-21</time>
	</research>
	<size>
		<width>1000</width>
		<height>1000</height>
		<depth>3</depth>
	</size>
	<objects>
		<object>
			<coordinate>pixel</coordinate>
			<type>rectangle</type>
			<description>None</description>
			<possibleresult>
				<name>other-airplane</name>
			</possibleresult>
			<points>
				<point>125.000000,254.000000</point>
				<point>91.000000,296.000000</point>
				<point>131.000000,329.000000</point>
				<point>166.000000,287.000000</point>
				<point>125.000000,254.000000</point>
			</points>
		</object>
		<object>
			<coordinate>pixel</coordinate>
			<type>rectangle</type>
			<description>None</description>
			<possibleresult>
				<name>A321</name>
			</possibleresult>
			<points>
				<point>321.000000,492.000000</point>
				<point>320.000000,548.000000</point>
				<point>365.000000,549.000000</point>
				<point>365.000000,493.000000</point>
				<point>321.000000,492.000000</point>
			</points>
		</object>
		<object>
			<coordinate>pixel</coordinate>
			<type>rectangle</type>
			<description>None</description>
			<possibleresult>
				<name>A321</name>
			</possibleresult>
			<points>
				<point>363.000000,483.000000</point>
				<point>402.000000,524.000000</point>
				<point>438.000000,490.000000</point>
				<point>399.000000,449.000000</point>
				<point>363.000000,483.000000</point>
			</points>
		</object>
		<object>
			<coordinate>pixel</coordinate>
			<type>rectangle</type>
			<description>None</description>
			<possibleresult>
				<name>A220</name>
			</possibleresult>
			<points>
				<point>409.000000,450.000000</point>
				<point>442.000000,481.000000</point>
				<point>474.000000,445.000000</point>
				<point>441.000000,415.000000</point>
				<point>409.000000,450.000000</point>
			</points>
		</object>
		<object>
			<coordinate>pixel</coordinate>
			<type>rectangle</type>
			<description>None</description>
			<possibleresult>
				<name>Boeing737</name>
			</possibleresult>
			<points>
				<point>425.000000,337.000000</point>
				<point>472.000000,321.000000</point>
				<point>455.000000,274.000000</point>
				<point>409.000000,290.000000</point>
				<point>425.000000,337.000000</point>
			</points>
		</object>
		<object>
			<coordinate>pixel</coordinate>
			<type>rectangle</type>
			<description>None</description>
			<possibleresult>
				<name>other-airplane</name>
			</possibleresult>
			<points>
				<point>393.000000,261.000000</point>
				<point>441.000000,265.000000</point>
				<point>445.000000,215.000000</point>
				<point>397.000000,211.000000</point>
				<point>393.000000,261.000000</point>
			</points>
		</object>
		<object>
			<coordinate>pixel</coordinate>
			<type>rectangle</type>
			<description>None</description>
			<possibleresult>
				<name>Boeing737</name>
			</possibleresult>
			<points>
				<point>458.000000,136.000000</point>
				<point>498.000000,168.000000</point>
				<point>527.000000,133.000000</point>
				<point>487.000000,100.000000</point>
				<point>458.000000,136.000000</point>
			</points>
		</object>
	</objects>
</annotation>