<?xml version="1.0" encoding="utf-8"?>
<annotation>
	<source>
		<filename>15167.tif</filename>
		<origin>GF2/GF3</origin>
	</source>
	<research>
		<version>1.0</version>
		<provider>FAIR1M</provider>
		<author>Cyber</author>
		<pluginname>FAIR1M</pluginname>
		<pluginclass>object detection</pluginclass>
		<time>2021-07-21</time>
	</research>
	<size>
		<width>800</width>
		<height>600</height>
		<depth>3</depth>
	</size>
	<objects>
		<object>
			<coordinate>pixel</coordinate>
			<type>rectangle</type>
			<description>None</description>
			<possibleresult>
				<name>A220</name>
			</possibleresult>
			<points>
				<point>480.000000,76.000000</point>
				<point>449.000000,112.000000</point>
				<point>414.000000,83.000000</point>
				<point>445.000000,46.000000</point>
				<point>480.000000,76.000000</point>
			</points>
		</object>
		<object>
			<coordinate>pixel</coordinate>
			<type>rectangle</type>
			<description>None</description>
			<possibleresult>
				<name>Boeing737</name>
			</possibleresult>
			<points>
				<point>659.000000,479.000000</point>
				<point>621.000000,523.000000</point>
				<point>584.000000,490.000000</point>
				<point>622.000000,446.000000</point>
				<point>659.000000,479.000000</point>
			</points>
		</object>
		<object>
			<coordinate>pixel</coordinate>
			<type>rectangle</type>
			<description>None</description>
			<possibleresult>
				<name>Boeing737</name>
			</possibleresult>
			<points>
				<point>604.000000,419.000000</point>
				<point>568.000000,460.000000</point>
				<point>530.000000,427.000000</point>
				<point>566.000000,386.000000</point>
				<point>604.000000,419.000000</point>
			</points>
		</object>
		<object>
			<coordinate>pixel</coordinate>
			<type>rectangle</type>
			<description>None</description>
			<possibleresult>
				<name>Boeing737</name>
			</possibleresult>
			<points>
				<point>445.000000,291.000000</point>
				<point>410.000000,331.000000</point>
				<point>373.000000,299.000000</point>
				<point>408.000000,259.000000</point>
				<point>445.000000,291.000000</point>
			</points>
		</object>
	</objects>
</annotation>