<?xml version="1.0" encoding="utf-8"?>
<annotation>
	<source>
		<filename>15193.tif</filename>
		<origin>GF2/GF3</origin>
	</source>
	<research>
		<version>1.0</version>
		<provider>FAIR1M</provider>
		<author>Cyber</author>
		<pluginname>FAIR1M</pluginname>
		<pluginclass>object detection</pluginclass>
		<time>2021-07-21</time>
	</research>
	<size>
		<width>1000</width>
		<height>1000</height>
		<depth>3</depth>
	</size>
	<objects>
		<object>
			<coordinate>pixel</coordinate>
			<type>rectangle</type>
			<description>None</description>
			<possibleresult>
				<name>A220</name>
			</possibleresult>
			<points>
				<point>9.000000,739.000000</point>
				<point>32.000000,779.000000</point>
				<point>71.000000,756.000000</point>
				<point>48.000000,716.000000</point>
				<point>9.000000,739.000000</point>
			</points>
		</object>
		<object>
			<coordinate>pixel</coordinate>
			<type>rectangle</type>
			<description>None</description>
			<possibleresult>
				<name>A321</name>
			</possibleresult>
			<points>
				<point>80.000000,687.000000</point>
				<point>110.000000,728.000000</point>
				<point>143.000000,704.000000</point>
				<point>113.000000,663.000000</point>
				<point>80.000000,687.000000</point>
			</points>
		</object>
		<object>
			<coordinate>pixel</coordinate>
			<type>rectangle</type>
			<description>None</description>
			<possibleresult>
				<name>A220</name>
			</possibleresult>
			<points>
				<point>246.000000,579.000000</point>
				<point>270.000000,617.000000</point>
				<point>307.000000,593.000000</point>
				<point>283.000000,555.000000</point>
				<point>246.000000,579.000000</point>
			</points>
		</object>
		<object>
			<coordinate>pixel</coordinate>
			<type>rectangle</type>
			<description>None</description>
			<possibleresult>
				<name>other-airplane</name>
			</possibleresult>
			<points>
				<point>304.000000,523.000000</point>
				<point>342.000000,587.000000</point>
				<point>404.000000,550.000000</point>
				<point>367.000000,487.000000</point>
				<point>304.000000,523.000000</point>
			</points>
		</object>
		<object>
			<coordinate>pixel</coordinate>
			<type>rectangle</type>
			<description>None</description>
			<possibleresult>
				<name>other-airplane</name>
			</possibleresult>
			<points>
				<point>388.000000,477.000000</point>
				<point>423.000000,535.000000</point>
				<point>474.000000,504.000000</point>
				<point>439.000000,446.000000</point>
				<point>388.000000,477.000000</point>
			</points>
		</object>
		<object>
			<coordinate>pixel</coordinate>
			<type>rectangle</type>
			<description>None</description>
			<possibleresult>
				<name>A220</name>
			</possibleresult>
			<points>
				<point>411.000000,380.000000</point>
				<point>447.000000,350.000000</point>
				<point>421.000000,319.000000</point>
				<point>385.000000,349.000000</point>
				<point>411.000000,380.000000</point>
			</points>
		</object>
		<object>
			<coordinate>pixel</coordinate>
			<type>rectangle</type>
			<description>None</description>
			<possibleresult>
				<name>A220</name>
			</possibleresult>
			<points>
				<point>383.000000,328.000000</point>
				<point>407.000000,287.000000</point>
				<point>367.000000,263.000000</point>
				<point>343.000000,303.000000</point>
				<point>383.000000,328.000000</point>
			</points>
		</object>
		<object>
			<coordinate>pixel</coordinate>
			<type>rectangle</type>
			<description>None</description>
			<possibleresult>
				<name>A220</name>
			</possibleresult>
			<points>
				<point>212.000000,410.000000</point>
				<point>182.000000,370.000000</point>
				<point>146.000000,397.000000</point>
				<point>175.000000,437.000000</point>
				<point>212.000000,410.000000</point>
			</points>
		</object>
		<object>
			<coordinate>pixel</coordinate>
			<type>rectangle</type>
			<description>None</description>
			<possibleresult>
				<name>Boeing747</name>
			</possibleresult>
			<points>
				<point>169.000000,473.000000</point>
				<point>122.000000,398.000000</point>
				<point>35.000000,451.000000</point>
				<point>82.000000,527.000000</point>
				<point>169.000000,473.000000</point>
			</points>
		</object>
		<object>
			<coordinate>pixel</coordinate>
			<type>rectangle</type>
			<description>None</description>
			<possibleresult>
				<name>A220</name>
			</possibleresult>
			<points>
				<point>44.000000,535.000000</point>
				<point>17.000000,495.000000</point>
				<point>-18.000000,518.000000</point>
				<point>9.000000,558.000000</point>
				<point>44.000000,535.000000</point>
			</points>
		</object>
		<object>
			<coordinate>pixel</coordinate>
			<type>rectangle</type>
			<description>None</description>
			<possibleresult>
				<name>Boeing747</name>
			</possibleresult>
			<points>
				<point>793.000000,839.000000</point>
				<point>773.000000,748.000000</point>
				<point>675.000000,770.000000</point>
				<point>695.000000,861.000000</point>
				<point>793.000000,839.000000</point>
			</points>
		</object>
		<object>
			<coordinate>pixel</coordinate>
			<type>rectangle</type>
			<description>None</description>
			<possibleresult>
				<name>A321</name>
			</possibleresult>
			<points>
				<point>1022.000000,740.000000</point>
				<point>992.000000,692.000000</point>
				<point>953.000000,716.000000</point>
				<point>983.000000,764.000000</point>
				<point>1022.000000,740.000000</point>
			</points>
		</object>
	</objects>
</annotation>