<?xml version="1.0" encoding="utf-8"?>
<annotation>
	<source>
		<filename>15248.tif</filename>
		<origin>GF2/GF3</origin>
	</source>
	<research>
		<version>1.0</version>
		<provider>FAIR1M</provider>
		<author>Cyber</author>
		<pluginname>FAIR1M</pluginname>
		<pluginclass>object detection</pluginclass>
		<time>2021-07-21</time>
	</research>
	<size>
		<width>800</width>
		<height>600</height>
		<depth>3</depth>
	</size>
	<objects>
		<object>
			<coordinate>pixel</coordinate>
			<type>rectangle</type>
			<description>None</description>
			<possibleresult>
				<name>Boeing777</name>
			</possibleresult>
			<points>
				<point>262.000000,372.000000</point>
				<point>181.000000,379.000000</point>
				<point>174.000000,300.000000</point>
				<point>256.000000,293.000000</point>
				<point>262.000000,372.000000</point>
			</points>
		</object>
		<object>
			<coordinate>pixel</coordinate>
			<type>rectangle</type>
			<description>None</description>
			<possibleresult>
				<name>Boeing777</name>
			</possibleresult>
			<points>
				<point>349.000000,367.000000</point>
				<point>273.000000,372.000000</point>
				<point>268.000000,293.000000</point>
				<point>343.000000,288.000000</point>
				<point>349.000000,367.000000</point>
			</points>
		</object>
	</objects>
</annotation>