<?xml version="1.0" encoding="utf-8"?>
<annotation>
	<source>
		<filename>15256.tif</filename>
		<origin>GF2/GF3</origin>
	</source>
	<research>
		<version>1.0</version>
		<provider>FAIR1M</provider>
		<author>Cyber</author>
		<pluginname>FAIR1M</pluginname>
		<pluginclass>object detection</pluginclass>
		<time>2021-07-21</time>
	</research>
	<size>
		<width>1000</width>
		<height>1000</height>
		<depth>3</depth>
	</size>
	<objects>
		<object>
			<coordinate>pixel</coordinate>
			<type>rectangle</type>
			<description>None</description>
			<possibleresult>
				<name>Van</name>
			</possibleresult>
			<points>
				<point>54.000000,198.000000</point>
				<point>45.000000,198.000000</point>
				<point>46.000000,180.000000</point>
				<point>54.000000,180.000000</point>
				<point>54.000000,198.000000</point>
			</points>
		</object>
		<object>
			<coordinate>pixel</coordinate>
			<type>rectangle</type>
			<description>None</description>
			<possibleresult>
				<name>Van</name>
			</possibleresult>
			<points>
				<point>56.000000,215.000000</point>
				<point>46.000000,216.000000</point>
				<point>45.000000,200.000000</point>
				<point>55.000000,199.000000</point>
				<point>56.000000,215.000000</point>
			</points>
		</object>
		<object>
			<coordinate>pixel</coordinate>
			<type>rectangle</type>
			<description>None</description>
			<possibleresult>
				<name>Van</name>
			</possibleresult>
			<points>
				<point>56.000000,240.000000</point>
				<point>46.000000,241.000000</point>
				<point>45.000000,224.000000</point>
				<point>55.000000,224.000000</point>
				<point>56.000000,240.000000</point>
			</points>
		</object>
		<object>
			<coordinate>pixel</coordinate>
			<type>rectangle</type>
			<description>None</description>
			<possibleresult>
				<name>Van</name>
			</possibleresult>
			<points>
				<point>54.000000,264.000000</point>
				<point>46.000000,264.000000</point>
				<point>45.000000,247.000000</point>
				<point>54.000000,247.000000</point>
				<point>54.000000,264.000000</point>
			</points>
		</object>
		<object>
			<coordinate>pixel</coordinate>
			<type>rectangle</type>
			<description>None</description>
			<possibleresult>
				<name>Van</name>
			</possibleresult>
			<points>
				<point>57.000000,337.000000</point>
				<point>45.000000,337.000000</point>
				<point>45.000000,315.000000</point>
				<point>57.000000,315.000000</point>
				<point>57.000000,337.000000</point>
			</points>
		</object>
		<object>
			<coordinate>pixel</coordinate>
			<type>rectangle</type>
			<description>None</description>
			<possibleresult>
				<name>Van</name>
			</possibleresult>
			<points>
				<point>55.000000,367.000000</point>
				<point>54.000000,384.000000</point>
				<point>44.000000,384.000000</point>
				<point>45.000000,366.000000</point>
				<point>55.000000,367.000000</point>
			</points>
		</object>
		<object>
			<coordinate>pixel</coordinate>
			<type>rectangle</type>
			<description>None</description>
			<possibleresult>
				<name>Van</name>
			</possibleresult>
			<points>
				<point>57.000000,410.000000</point>
				<point>45.000000,410.000000</point>
				<point>45.000000,387.000000</point>
				<point>57.000000,387.000000</point>
				<point>57.000000,410.000000</point>
			</points>
		</object>
		<object>
			<coordinate>pixel</coordinate>
			<type>rectangle</type>
			<description>None</description>
			<possibleresult>
				<name>Small Car</name>
			</possibleresult>
			<points>
				<point>60.000000,553.000000</point>
				<point>59.000000,570.000000</point>
				<point>50.000000,570.000000</point>
				<point>50.000000,553.000000</point>
				<point>60.000000,553.000000</point>
			</points>
		</object>
		<object>
			<coordinate>pixel</coordinate>
			<type>rectangle</type>
			<description>None</description>
			<possibleresult>
				<name>Small Car</name>
			</possibleresult>
			<points>
				<point>61.000000,595.000000</point>
				<point>50.000000,595.000000</point>
				<point>50.000000,578.000000</point>
				<point>61.000000,578.000000</point>
				<point>61.000000,595.000000</point>
			</points>
		</object>
		<object>
			<coordinate>pixel</coordinate>
			<type>rectangle</type>
			<description>None</description>
			<possibleresult>
				<name>Van</name>
			</possibleresult>
			<points>
				<point>56.000000,617.000000</point>
				<point>48.000000,617.000000</point>
				<point>47.000000,601.000000</point>
				<point>55.000000,601.000000</point>
				<point>56.000000,617.000000</point>
			</points>
		</object>
		<object>
			<coordinate>pixel</coordinate>
			<type>rectangle</type>
			<description>None</description>
			<possibleresult>
				<name>Van</name>
			</possibleresult>
			<points>
				<point>59.000000,724.000000</point>
				<point>49.000000,724.000000</point>
				<point>49.000000,705.000000</point>
				<point>59.000000,705.000000</point>
				<point>59.000000,724.000000</point>
			</points>
		</object>
		<object>
			<coordinate>pixel</coordinate>
			<type>rectangle</type>
			<description>None</description>
			<possibleresult>
				<name>Van</name>
			</possibleresult>
			<points>
				<point>57.000000,849.000000</point>
				<point>47.000000,849.000000</point>
				<point>46.000000,833.000000</point>
				<point>56.000000,833.000000</point>
				<point>57.000000,849.000000</point>
			</points>
		</object>
		<object>
			<coordinate>pixel</coordinate>
			<type>rectangle</type>
			<description>None</description>
			<possibleresult>
				<name>Van</name>
			</possibleresult>
			<points>
				<point>58.000000,941.000000</point>
				<point>48.000000,941.000000</point>
				<point>48.000000,922.000000</point>
				<point>58.000000,922.000000</point>
				<point>58.000000,941.000000</point>
			</points>
		</object>
		<object>
			<coordinate>pixel</coordinate>
			<type>rectangle</type>
			<description>None</description>
			<possibleresult>
				<name>Small Car</name>
			</possibleresult>
			<points>
				<point>80.000000,956.000000</point>
				<point>72.000000,957.000000</point>
				<point>72.000000,939.000000</point>
				<point>80.000000,939.000000</point>
				<point>80.000000,956.000000</point>
			</points>
		</object>
		<object>
			<coordinate>pixel</coordinate>
			<type>rectangle</type>
			<description>None</description>
			<possibleresult>
				<name>Van</name>
			</possibleresult>
			<points>
				<point>61.000000,975.000000</point>
				<point>52.000000,975.000000</point>
				<point>51.000000,959.000000</point>
				<point>60.000000,959.000000</point>
				<point>61.000000,975.000000</point>
			</points>
		</object>
		<object>
			<coordinate>pixel</coordinate>
			<type>rectangle</type>
			<description>None</description>
			<possibleresult>
				<name>Small Car</name>
			</possibleresult>
			<points>
				<point>714.000000,997.000000</point>
				<point>693.000000,998.000000</point>
				<point>693.000000,992.000000</point>
				<point>713.000000,991.000000</point>
				<point>714.000000,997.000000</point>
			</points>
		</object>
		<object>
			<coordinate>pixel</coordinate>
			<type>rectangle</type>
			<description>None</description>
			<possibleresult>
				<name>Van</name>
			</possibleresult>
			<points>
				<point>711.000000,988.000000</point>
				<point>692.000000,988.000000</point>
				<point>692.000000,981.000000</point>
				<point>711.000000,981.000000</point>
				<point>711.000000,988.000000</point>
			</points>
		</object>
		<object>
			<coordinate>pixel</coordinate>
			<type>rectangle</type>
			<description>None</description>
			<possibleresult>
				<name>Small Car</name>
			</possibleresult>
			<points>
				<point>713.000000,976.000000</point>
				<point>693.000000,977.000000</point>
				<point>693.000000,971.000000</point>
				<point>713.000000,970.000000</point>
				<point>713.000000,976.000000</point>
			</points>
		</object>
		<object>
			<coordinate>pixel</coordinate>
			<type>rectangle</type>
			<description>None</description>
			<possibleresult>
				<name>Small Car</name>
			</possibleresult>
			<points>
				<point>713.000000,959.000000</point>
				<point>692.000000,958.000000</point>
				<point>692.000000,951.000000</point>
				<point>713.000000,953.000000</point>
				<point>713.000000,959.000000</point>
			</points>
		</object>
		<object>
			<coordinate>pixel</coordinate>
			<type>rectangle</type>
			<description>None</description>
			<possibleresult>
				<name>Van</name>
			</possibleresult>
			<points>
				<point>712.000000,921.000000</point>
				<point>711.000000,928.000000</point>
				<point>689.000000,928.000000</point>
				<point>689.000000,921.000000</point>
				<point>712.000000,921.000000</point>
			</points>
		</object>
		<object>
			<coordinate>pixel</coordinate>
			<type>rectangle</type>
			<description>None</description>
			<possibleresult>
				<name>Van</name>
			</possibleresult>
			<points>
				<point>712.000000,910.000000</point>
				<point>689.000000,910.000000</point>
				<point>690.000000,903.000000</point>
				<point>712.000000,904.000000</point>
				<point>712.000000,910.000000</point>
			</points>
		</object>
		<object>
			<coordinate>pixel</coordinate>
			<type>rectangle</type>
			<description>None</description>
			<possibleresult>
				<name>Small Car</name>
			</possibleresult>
			<points>
				<point>712.000000,891.000000</point>
				<point>688.000000,891.000000</point>
				<point>689.000000,885.000000</point>
				<point>712.000000,885.000000</point>
				<point>712.000000,891.000000</point>
			</points>
		</object>
		<object>
			<coordinate>pixel</coordinate>
			<type>rectangle</type>
			<description>None</description>
			<possibleresult>
				<name>Van</name>
			</possibleresult>
			<points>
				<point>712.000000,861.000000</point>
				<point>686.000000,862.000000</point>
				<point>686.000000,855.000000</point>
				<point>711.000000,854.000000</point>
				<point>712.000000,861.000000</point>
			</points>
		</object>
		<object>
			<coordinate>pixel</coordinate>
			<type>rectangle</type>
			<description>None</description>
			<possibleresult>
				<name>Van</name>
			</possibleresult>
			<points>
				<point>710.000000,881.000000</point>
				<point>686.000000,881.000000</point>
				<point>686.000000,873.000000</point>
				<point>710.000000,874.000000</point>
				<point>710.000000,881.000000</point>
			</points>
		</object>
		<object>
			<coordinate>pixel</coordinate>
			<type>rectangle</type>
			<description>None</description>
			<possibleresult>
				<name>Van</name>
			</possibleresult>
			<points>
				<point>647.000000,884.000000</point>
				<point>635.000000,885.000000</point>
				<point>635.000000,880.000000</point>
				<point>647.000000,879.000000</point>
				<point>647.000000,884.000000</point>
			</points>
		</object>
		<object>
			<coordinate>pixel</coordinate>
			<type>rectangle</type>
			<description>None</description>
			<possibleresult>
				<name>Van</name>
			</possibleresult>
			<points>
				<point>653.000000,930.000000</point>
				<point>630.000000,930.000000</point>
				<point>630.000000,924.000000</point>
				<point>653.000000,924.000000</point>
				<point>653.000000,930.000000</point>
			</points>
		</object>
		<object>
			<coordinate>pixel</coordinate>
			<type>rectangle</type>
			<description>None</description>
			<possibleresult>
				<name>Van</name>
			</possibleresult>
			<points>
				<point>649.000000,957.000000</point>
				<point>631.000000,958.000000</point>
				<point>630.000000,951.000000</point>
				<point>649.000000,950.000000</point>
				<point>649.000000,957.000000</point>
			</points>
		</object>
		<object>
			<coordinate>pixel</coordinate>
			<type>rectangle</type>
			<description>None</description>
			<possibleresult>
				<name>Van</name>
			</possibleresult>
			<points>
				<point>651.000000,950.000000</point>
				<point>631.000000,948.000000</point>
				<point>631.000000,942.000000</point>
				<point>651.000000,943.000000</point>
				<point>651.000000,950.000000</point>
			</points>
		</object>
		<object>
			<coordinate>pixel</coordinate>
			<type>rectangle</type>
			<description>None</description>
			<possibleresult>
				<name>Van</name>
			</possibleresult>
			<points>
				<point>420.000000,750.000000</point>
				<point>417.000000,757.000000</point>
				<point>393.000000,745.000000</point>
				<point>396.000000,738.000000</point>
				<point>420.000000,750.000000</point>
			</points>
		</object>
		<object>
			<coordinate>pixel</coordinate>
			<type>rectangle</type>
			<description>None</description>
			<possibleresult>
				<name>Van</name>
			</possibleresult>
			<points>
				<point>997.000000,276.000000</point>
				<point>993.000000,282.000000</point>
				<point>978.000000,272.000000</point>
				<point>981.000000,266.000000</point>
				<point>997.000000,276.000000</point>
			</points>
		</object>
		<object>
			<coordinate>pixel</coordinate>
			<type>rectangle</type>
			<description>None</description>
			<possibleresult>
				<name>Small Car</name>
			</possibleresult>
			<points>
				<point>997.999939,275.000031</point>
				<point>980.842957,262.889069</point>
				<point>985.000061,256.999908</point>
				<point>1002.157043,269.110870</point>
				<point>997.999939,275.000031</point>
			</points>
		</object>
		<object>
			<coordinate>pixel</coordinate>
			<type>rectangle</type>
			<description>None</description>
			<possibleresult>
				<name>Small Car</name>
			</possibleresult>
			<points>
				<point>998.000000,254.000000</point>
				<point>994.000000,260.000000</point>
				<point>978.000000,251.000000</point>
				<point>982.000000,245.000000</point>
				<point>998.000000,254.000000</point>
			</points>
		</object>
		<object>
			<coordinate>pixel</coordinate>
			<type>rectangle</type>
			<description>None</description>
			<possibleresult>
				<name>Small Car</name>
			</possibleresult>
			<points>
				<point>1000.000000,236.000000</point>
				<point>996.000000,243.000000</point>
				<point>978.000000,232.000000</point>
				<point>982.000000,225.000000</point>
				<point>1000.000000,236.000000</point>
			</points>
		</object>
		<object>
			<coordinate>pixel</coordinate>
			<type>rectangle</type>
			<description>None</description>
			<possibleresult>
				<name>Van</name>
			</possibleresult>
			<points>
				<point>751.000000,247.000000</point>
				<point>741.000000,247.000000</point>
				<point>741.000000,230.000000</point>
				<point>751.000000,230.000000</point>
				<point>751.000000,247.000000</point>
			</points>
		</object>
		<object>
			<coordinate>pixel</coordinate>
			<type>rectangle</type>
			<description>None</description>
			<possibleresult>
				<name>Small Car</name>
			</possibleresult>
			<points>
				<point>732.000000,104.000000</point>
				<point>714.000000,110.000000</point>
				<point>712.000000,103.000000</point>
				<point>729.000000,97.000000</point>
				<point>732.000000,104.000000</point>
			</points>
		</object>
		<object>
			<coordinate>pixel</coordinate>
			<type>rectangle</type>
			<description>None</description>
			<possibleresult>
				<name>Van</name>
			</possibleresult>
			<points>
				<point>986.000000,962.000000</point>
				<point>977.000000,962.000000</point>
				<point>977.000000,944.000000</point>
				<point>986.000000,945.000000</point>
				<point>986.000000,962.000000</point>
			</points>
		</object>
		<object>
			<coordinate>pixel</coordinate>
			<type>rectangle</type>
			<description>None</description>
			<possibleresult>
				<name>Small Car</name>
			</possibleresult>
			<points>
				<point>975.000000,945.000000</point>
				<point>974.000000,961.000000</point>
				<point>965.000000,961.000000</point>
				<point>966.000000,945.000000</point>
				<point>975.000000,945.000000</point>
			</points>
		</object>
		<object>
			<coordinate>pixel</coordinate>
			<type>rectangle</type>
			<description>None</description>
			<possibleresult>
				<name>Van</name>
			</possibleresult>
			<points>
				<point>959.000000,955.000000</point>
				<point>948.000000,955.000000</point>
				<point>948.000000,941.000000</point>
				<point>959.000000,942.000000</point>
				<point>959.000000,955.000000</point>
			</points>
		</object>
		<object>
			<coordinate>pixel</coordinate>
			<type>rectangle</type>
			<description>None</description>
			<possibleresult>
				<name>Small Car</name>
			</possibleresult>
			<points>
				<point>968.000000,905.000000</point>
				<point>943.000000,905.000000</point>
				<point>943.000000,898.000000</point>
				<point>968.000000,898.000000</point>
				<point>968.000000,905.000000</point>
			</points>
		</object>
		<object>
			<coordinate>pixel</coordinate>
			<type>rectangle</type>
			<description>None</description>
			<possibleresult>
				<name>Intersection</name>
			</possibleresult>
			<points>
				<point>88.000000,754.000000</point>
				<point>86.000000,808.000000</point>
				<point>50.000000,808.000000</point>
				<point>51.000000,754.000000</point>
				<point>88.000000,754.000000</point>
			</points>
		</object>
		<object>
			<coordinate>pixel</coordinate>
			<type>rectangle</type>
			<description>None</description>
			<possibleresult>
				<name>Intersection</name>
			</possibleresult>
			<points>
				<point>783.000000,143.000000</point>
				<point>742.000000,146.000000</point>
				<point>737.000000,80.000000</point>
				<point>778.000000,76.000000</point>
				<point>783.000000,143.000000</point>
			</points>
		</object>
	</objects>
</annotation>