<?xml version="1.0" encoding="utf-8"?>
<annotation>
	<source>
		<filename>15269.tif</filename>
		<origin>GF2/GF3</origin>
	</source>
	<research>
		<version>1.0</version>
		<provider>FAIR1M</provider>
		<author>Cyber</author>
		<pluginname>FAIR1M</pluginname>
		<pluginclass>object detection</pluginclass>
		<time>2021-07-21</time>
	</research>
	<size>
		<width>1000</width>
		<height>1000</height>
		<depth>3</depth>
	</size>
	<objects>
		<object>
			<coordinate>pixel</coordinate>
			<type>rectangle</type>
			<description>None</description>
			<possibleresult>
				<name>Intersection</name>
			</possibleresult>
			<points>
				<point>307.000000,91.000000</point>
				<point>305.000000,158.000000</point>
				<point>237.000000,156.000000</point>
				<point>240.000000,88.000000</point>
				<point>307.000000,91.000000</point>
			</points>
		</object>
		<object>
			<coordinate>pixel</coordinate>
			<type>rectangle</type>
			<description>None</description>
			<possibleresult>
				<name>Small Car</name>
			</possibleresult>
			<points>
				<point>640.000000,877.000000</point>
				<point>624.000000,887.000000</point>
				<point>620.000000,881.000000</point>
				<point>636.000000,871.000000</point>
				<point>640.000000,877.000000</point>
			</points>
		</object>
		<object>
			<coordinate>pixel</coordinate>
			<type>rectangle</type>
			<description>None</description>
			<possibleresult>
				<name>Van</name>
			</possibleresult>
			<points>
				<point>658.000000,893.000000</point>
				<point>646.000000,901.000000</point>
				<point>642.000000,895.000000</point>
				<point>654.000000,887.000000</point>
				<point>658.000000,893.000000</point>
			</points>
		</object>
		<object>
			<coordinate>pixel</coordinate>
			<type>rectangle</type>
			<description>None</description>
			<possibleresult>
				<name>Van</name>
			</possibleresult>
			<points>
				<point>676.000000,916.000000</point>
				<point>661.000000,925.000000</point>
				<point>658.000000,918.000000</point>
				<point>672.000000,910.000000</point>
				<point>676.000000,916.000000</point>
			</points>
		</object>
		<object>
			<coordinate>pixel</coordinate>
			<type>rectangle</type>
			<description>None</description>
			<possibleresult>
				<name>Dump Truck</name>
			</possibleresult>
			<points>
				<point>701.000000,941.000000</point>
				<point>683.000000,953.000000</point>
				<point>679.000000,946.000000</point>
				<point>697.000000,935.000000</point>
				<point>701.000000,941.000000</point>
			</points>
		</object>
		<object>
			<coordinate>pixel</coordinate>
			<type>rectangle</type>
			<description>None</description>
			<possibleresult>
				<name>Van</name>
			</possibleresult>
			<points>
				<point>15.000000,737.000000</point>
				<point>0.000000,737.000000</point>
				<point>0.000000,731.000000</point>
				<point>15.000000,731.000000</point>
				<point>15.000000,737.000000</point>
			</points>
		</object>
		<object>
			<coordinate>pixel</coordinate>
			<type>rectangle</type>
			<description>None</description>
			<possibleresult>
				<name>Van</name>
			</possibleresult>
			<points>
				<point>10.000000,791.000000</point>
				<point>0.000000,791.000000</point>
				<point>0.000000,784.000000</point>
				<point>10.000000,784.000000</point>
				<point>10.000000,791.000000</point>
			</points>
		</object>
		<object>
			<coordinate>pixel</coordinate>
			<type>rectangle</type>
			<description>None</description>
			<possibleresult>
				<name>Dump Truck</name>
			</possibleresult>
			<points>
				<point>74.000000,816.000000</point>
				<point>54.000000,829.000000</point>
				<point>49.000000,822.000000</point>
				<point>69.000000,808.000000</point>
				<point>74.000000,816.000000</point>
			</points>
		</object>
		<object>
			<coordinate>pixel</coordinate>
			<type>rectangle</type>
			<description>None</description>
			<possibleresult>
				<name>Dump Truck</name>
			</possibleresult>
			<points>
				<point>52.000000,831.000000</point>
				<point>29.000000,845.000000</point>
				<point>24.000000,837.000000</point>
				<point>47.000000,823.000000</point>
				<point>52.000000,831.000000</point>
			</points>
		</object>
		<object>
			<coordinate>pixel</coordinate>
			<type>rectangle</type>
			<description>None</description>
			<possibleresult>
				<name>Van</name>
			</possibleresult>
			<points>
				<point>260.000000,832.000000</point>
				<point>256.000000,836.000000</point>
				<point>244.000000,826.000000</point>
				<point>248.000000,822.000000</point>
				<point>260.000000,832.000000</point>
			</points>
		</object>
		<object>
			<coordinate>pixel</coordinate>
			<type>rectangle</type>
			<description>None</description>
			<possibleresult>
				<name>Van</name>
			</possibleresult>
			<points>
				<point>270.000000,640.000000</point>
				<point>253.000000,641.000000</point>
				<point>253.000000,633.000000</point>
				<point>270.000000,632.000000</point>
				<point>270.000000,640.000000</point>
			</points>
		</object>
		<object>
			<coordinate>pixel</coordinate>
			<type>rectangle</type>
			<description>None</description>
			<possibleresult>
				<name>Van</name>
			</possibleresult>
			<points>
				<point>251.000000,636.000000</point>
				<point>234.000000,636.000000</point>
				<point>234.000000,629.000000</point>
				<point>251.000000,628.000000</point>
				<point>251.000000,636.000000</point>
			</points>
		</object>
		<object>
			<coordinate>pixel</coordinate>
			<type>rectangle</type>
			<description>None</description>
			<possibleresult>
				<name>Small Car</name>
			</possibleresult>
			<points>
				<point>242.000000,371.000000</point>
				<point>223.000000,371.000000</point>
				<point>223.000000,365.000000</point>
				<point>242.000000,364.000000</point>
				<point>242.000000,371.000000</point>
			</points>
		</object>
		<object>
			<coordinate>pixel</coordinate>
			<type>rectangle</type>
			<description>None</description>
			<possibleresult>
				<name>Van</name>
			</possibleresult>
			<points>
				<point>265.000000,360.000000</point>
				<point>258.000000,360.000000</point>
				<point>258.000000,343.000000</point>
				<point>265.000000,343.000000</point>
				<point>265.000000,360.000000</point>
			</points>
		</object>
		<object>
			<coordinate>pixel</coordinate>
			<type>rectangle</type>
			<description>None</description>
			<possibleresult>
				<name>Small Car</name>
			</possibleresult>
			<points>
				<point>261.000000,244.000000</point>
				<point>253.000000,245.000000</point>
				<point>251.000000,228.000000</point>
				<point>260.000000,228.000000</point>
				<point>261.000000,244.000000</point>
			</points>
		</object>
		<object>
			<coordinate>pixel</coordinate>
			<type>rectangle</type>
			<description>None</description>
			<possibleresult>
				<name>Van</name>
			</possibleresult>
			<points>
				<point>330.000000,268.000000</point>
				<point>316.000000,273.000000</point>
				<point>314.000000,266.000000</point>
				<point>327.000000,261.000000</point>
				<point>330.000000,268.000000</point>
			</points>
		</object>
		<object>
			<coordinate>pixel</coordinate>
			<type>rectangle</type>
			<description>None</description>
			<possibleresult>
				<name>Van</name>
			</possibleresult>
			<points>
				<point>315.000000,625.000000</point>
				<point>307.000000,625.000000</point>
				<point>307.000000,611.000000</point>
				<point>315.000000,612.000000</point>
				<point>315.000000,625.000000</point>
			</points>
		</object>
		<object>
			<coordinate>pixel</coordinate>
			<type>rectangle</type>
			<description>None</description>
			<possibleresult>
				<name>Small Car</name>
			</possibleresult>
			<points>
				<point>313.000000,528.000000</point>
				<point>305.000000,528.000000</point>
				<point>304.000000,511.000000</point>
				<point>312.000000,511.000000</point>
				<point>313.000000,528.000000</point>
			</points>
		</object>
		<object>
			<coordinate>pixel</coordinate>
			<type>rectangle</type>
			<description>None</description>
			<possibleresult>
				<name>Small Car</name>
			</possibleresult>
			<points>
				<point>312.000000,575.000000</point>
				<point>303.000000,576.000000</point>
				<point>303.000000,557.000000</point>
				<point>311.000000,557.000000</point>
				<point>312.000000,575.000000</point>
			</points>
		</object>
		<object>
			<coordinate>pixel</coordinate>
			<type>rectangle</type>
			<description>None</description>
			<possibleresult>
				<name>Small Car</name>
			</possibleresult>
			<points>
				<point>341.000000,590.000000</point>
				<point>326.000000,590.000000</point>
				<point>326.000000,584.000000</point>
				<point>341.000000,584.000000</point>
				<point>341.000000,590.000000</point>
			</points>
		</object>
		<object>
			<coordinate>pixel</coordinate>
			<type>rectangle</type>
			<description>None</description>
			<possibleresult>
				<name>Small Car</name>
			</possibleresult>
			<points>
				<point>556.000000,526.000000</point>
				<point>536.000000,528.000000</point>
				<point>535.000000,521.000000</point>
				<point>555.000000,518.000000</point>
				<point>556.000000,526.000000</point>
			</points>
		</object>
		<object>
			<coordinate>pixel</coordinate>
			<type>rectangle</type>
			<description>None</description>
			<possibleresult>
				<name>Van</name>
			</possibleresult>
			<points>
				<point>536.000000,283.000000</point>
				<point>526.000000,283.000000</point>
				<point>526.000000,277.000000</point>
				<point>536.000000,278.000000</point>
				<point>536.000000,283.000000</point>
			</points>
		</object>
		<object>
			<coordinate>pixel</coordinate>
			<type>rectangle</type>
			<description>None</description>
			<possibleresult>
				<name>Van</name>
			</possibleresult>
			<points>
				<point>544.000000,250.000000</point>
				<point>543.000000,256.000000</point>
				<point>524.000000,253.000000</point>
				<point>525.000000,247.000000</point>
				<point>544.000000,250.000000</point>
			</points>
		</object>
		<object>
			<coordinate>pixel</coordinate>
			<type>rectangle</type>
			<description>None</description>
			<possibleresult>
				<name>Van</name>
			</possibleresult>
			<points>
				<point>549.000000,239.000000</point>
				<point>548.000000,246.000000</point>
				<point>530.000000,244.000000</point>
				<point>531.000000,237.000000</point>
				<point>549.000000,239.000000</point>
			</points>
		</object>
		<object>
			<coordinate>pixel</coordinate>
			<type>rectangle</type>
			<description>None</description>
			<possibleresult>
				<name>Van</name>
			</possibleresult>
			<points>
				<point>651.000000,192.000000</point>
				<point>645.000000,195.000000</point>
				<point>637.000000,181.000000</point>
				<point>644.000000,177.000000</point>
				<point>651.000000,192.000000</point>
			</points>
		</object>
		<object>
			<coordinate>pixel</coordinate>
			<type>rectangle</type>
			<description>None</description>
			<possibleresult>
				<name>Van</name>
			</possibleresult>
			<points>
				<point>649.000000,254.000000</point>
				<point>635.000000,267.000000</point>
				<point>629.000000,261.000000</point>
				<point>643.000000,248.000000</point>
				<point>649.000000,254.000000</point>
			</points>
		</object>
		<object>
			<coordinate>pixel</coordinate>
			<type>rectangle</type>
			<description>None</description>
			<possibleresult>
				<name>Van</name>
			</possibleresult>
			<points>
				<point>639.000000,291.000000</point>
				<point>635.000000,298.000000</point>
				<point>627.000000,293.000000</point>
				<point>630.000000,287.000000</point>
				<point>639.000000,291.000000</point>
			</points>
		</object>
		<object>
			<coordinate>pixel</coordinate>
			<type>rectangle</type>
			<description>None</description>
			<possibleresult>
				<name>Van</name>
			</possibleresult>
			<points>
				<point>643.000000,286.000000</point>
				<point>629.000000,286.000000</point>
				<point>629.000000,280.000000</point>
				<point>643.000000,280.000000</point>
				<point>643.000000,286.000000</point>
			</points>
		</object>
		<object>
			<coordinate>pixel</coordinate>
			<type>rectangle</type>
			<description>None</description>
			<possibleresult>
				<name>Van</name>
			</possibleresult>
			<points>
				<point>644.000000,385.000000</point>
				<point>626.000000,384.000000</point>
				<point>626.000000,378.000000</point>
				<point>644.000000,378.000000</point>
				<point>644.000000,385.000000</point>
			</points>
		</object>
		<object>
			<coordinate>pixel</coordinate>
			<type>rectangle</type>
			<description>None</description>
			<possibleresult>
				<name>Van</name>
			</possibleresult>
			<points>
				<point>848.000000,464.000000</point>
				<point>831.000000,473.000000</point>
				<point>828.000000,466.000000</point>
				<point>844.000000,457.000000</point>
				<point>848.000000,464.000000</point>
			</points>
		</object>
		<object>
			<coordinate>pixel</coordinate>
			<type>rectangle</type>
			<description>None</description>
			<possibleresult>
				<name>Van</name>
			</possibleresult>
			<points>
				<point>861.000000,458.000000</point>
				<point>856.000000,462.000000</point>
				<point>846.000000,450.000000</point>
				<point>851.000000,445.000000</point>
				<point>861.000000,458.000000</point>
			</points>
		</object>
		<object>
			<coordinate>pixel</coordinate>
			<type>rectangle</type>
			<description>None</description>
			<possibleresult>
				<name>Van</name>
			</possibleresult>
			<points>
				<point>875.000000,341.000000</point>
				<point>865.000000,354.000000</point>
				<point>858.000000,349.000000</point>
				<point>868.000000,336.000000</point>
				<point>875.000000,341.000000</point>
			</points>
		</object>
		<object>
			<coordinate>pixel</coordinate>
			<type>rectangle</type>
			<description>None</description>
			<possibleresult>
				<name>Van</name>
			</possibleresult>
			<points>
				<point>871.000000,330.000000</point>
				<point>852.000000,333.000000</point>
				<point>851.000000,326.000000</point>
				<point>870.000000,323.000000</point>
				<point>871.000000,330.000000</point>
			</points>
		</object>
		<object>
			<coordinate>pixel</coordinate>
			<type>rectangle</type>
			<description>None</description>
			<possibleresult>
				<name>Van</name>
			</possibleresult>
			<points>
				<point>831.000000,336.000000</point>
				<point>811.000000,342.000000</point>
				<point>809.000000,334.000000</point>
				<point>829.000000,329.000000</point>
				<point>831.000000,336.000000</point>
			</points>
		</object>
		<object>
			<coordinate>pixel</coordinate>
			<type>rectangle</type>
			<description>None</description>
			<possibleresult>
				<name>Van</name>
			</possibleresult>
			<points>
				<point>849.000000,316.000000</point>
				<point>831.000000,316.000000</point>
				<point>831.000000,310.000000</point>
				<point>849.000000,310.000000</point>
				<point>849.000000,316.000000</point>
			</points>
		</object>
		<object>
			<coordinate>pixel</coordinate>
			<type>rectangle</type>
			<description>None</description>
			<possibleresult>
				<name>Van</name>
			</possibleresult>
			<points>
				<point>855.000000,305.000000</point>
				<point>837.000000,305.000000</point>
				<point>837.000000,298.000000</point>
				<point>855.000000,299.000000</point>
				<point>855.000000,305.000000</point>
			</points>
		</object>
		<object>
			<coordinate>pixel</coordinate>
			<type>rectangle</type>
			<description>None</description>
			<possibleresult>
				<name>Van</name>
			</possibleresult>
			<points>
				<point>635.000000,38.000000</point>
				<point>627.000000,45.000000</point>
				<point>623.000000,39.000000</point>
				<point>631.000000,33.000000</point>
				<point>635.000000,38.000000</point>
			</points>
		</object>
		<object>
			<coordinate>pixel</coordinate>
			<type>rectangle</type>
			<description>None</description>
			<possibleresult>
				<name>Van</name>
			</possibleresult>
			<points>
				<point>642.000000,50.000000</point>
				<point>626.000000,57.000000</point>
				<point>623.000000,50.000000</point>
				<point>639.000000,43.000000</point>
				<point>642.000000,50.000000</point>
			</points>
		</object>
		<object>
			<coordinate>pixel</coordinate>
			<type>rectangle</type>
			<description>None</description>
			<possibleresult>
				<name>Van</name>
			</possibleresult>
			<points>
				<point>651.000000,58.000000</point>
				<point>650.000000,65.000000</point>
				<point>630.000000,65.000000</point>
				<point>630.000000,57.000000</point>
				<point>651.000000,58.000000</point>
			</points>
		</object>
		<object>
			<coordinate>pixel</coordinate>
			<type>rectangle</type>
			<description>None</description>
			<possibleresult>
				<name>Van</name>
			</possibleresult>
			<points>
				<point>843.000000,71.000000</point>
				<point>826.000000,72.000000</point>
				<point>826.000000,65.000000</point>
				<point>843.000000,65.000000</point>
				<point>843.000000,71.000000</point>
			</points>
		</object>
		<object>
			<coordinate>pixel</coordinate>
			<type>rectangle</type>
			<description>None</description>
			<possibleresult>
				<name>Van</name>
			</possibleresult>
			<points>
				<point>852.000000,161.000000</point>
				<point>832.000000,161.000000</point>
				<point>832.000000,153.000000</point>
				<point>852.000000,154.000000</point>
				<point>852.000000,161.000000</point>
			</points>
		</object>
		<object>
			<coordinate>pixel</coordinate>
			<type>rectangle</type>
			<description>None</description>
			<possibleresult>
				<name>Van</name>
			</possibleresult>
			<points>
				<point>919.000000,259.000000</point>
				<point>910.000000,260.000000</point>
				<point>909.000000,249.000000</point>
				<point>918.000000,248.000000</point>
				<point>919.000000,259.000000</point>
			</points>
		</object>
		<object>
			<coordinate>pixel</coordinate>
			<type>rectangle</type>
			<description>None</description>
			<possibleresult>
				<name>Van</name>
			</possibleresult>
			<points>
				<point>884.000000,286.000000</point>
				<point>875.000000,286.000000</point>
				<point>874.000000,270.000000</point>
				<point>883.000000,270.000000</point>
				<point>884.000000,286.000000</point>
			</points>
		</object>
		<object>
			<coordinate>pixel</coordinate>
			<type>rectangle</type>
			<description>None</description>
			<possibleresult>
				<name>Van</name>
			</possibleresult>
			<points>
				<point>971.000000,227.000000</point>
				<point>954.000000,227.000000</point>
				<point>954.000000,220.000000</point>
				<point>971.000000,220.000000</point>
				<point>971.000000,227.000000</point>
			</points>
		</object>
		<object>
			<coordinate>pixel</coordinate>
			<type>rectangle</type>
			<description>None</description>
			<possibleresult>
				<name>Van</name>
			</possibleresult>
			<points>
				<point>945.000000,46.000000</point>
				<point>929.000000,47.000000</point>
				<point>928.000000,41.000000</point>
				<point>945.000000,40.000000</point>
				<point>945.000000,46.000000</point>
			</points>
		</object>
		<object>
			<coordinate>pixel</coordinate>
			<type>rectangle</type>
			<description>None</description>
			<possibleresult>
				<name>Van</name>
			</possibleresult>
			<points>
				<point>879.000000,139.000000</point>
				<point>870.000000,140.000000</point>
				<point>869.000000,122.000000</point>
				<point>877.000000,121.000000</point>
				<point>879.000000,139.000000</point>
			</points>
		</object>
		<object>
			<coordinate>pixel</coordinate>
			<type>rectangle</type>
			<description>None</description>
			<possibleresult>
				<name>Dump Truck</name>
			</possibleresult>
			<points>
				<point>877.000000,80.000000</point>
				<point>868.000000,81.000000</point>
				<point>866.000000,62.000000</point>
				<point>876.000000,62.000000</point>
				<point>877.000000,80.000000</point>
			</points>
		</object>
		<object>
			<coordinate>pixel</coordinate>
			<type>rectangle</type>
			<description>None</description>
			<possibleresult>
				<name>Van</name>
			</possibleresult>
			<points>
				<point>616.000000,415.000000</point>
				<point>615.000000,425.000000</point>
				<point>607.000000,424.000000</point>
				<point>608.000000,415.000000</point>
				<point>616.000000,415.000000</point>
			</points>
		</object>
		<object>
			<coordinate>pixel</coordinate>
			<type>rectangle</type>
			<description>None</description>
			<possibleresult>
				<name>Small Car</name>
			</possibleresult>
			<points>
				<point>553.000000,408.000000</point>
				<point>551.000000,415.000000</point>
				<point>534.000000,409.000000</point>
				<point>536.000000,402.000000</point>
				<point>553.000000,408.000000</point>
			</points>
		</object>
		<object>
			<coordinate>pixel</coordinate>
			<type>rectangle</type>
			<description>None</description>
			<possibleresult>
				<name>Van</name>
			</possibleresult>
			<points>
				<point>577.000000,368.000000</point>
				<point>569.000000,368.000000</point>
				<point>569.000000,359.000000</point>
				<point>577.000000,359.000000</point>
				<point>577.000000,368.000000</point>
			</points>
		</object>
		<object>
			<coordinate>pixel</coordinate>
			<type>rectangle</type>
			<description>None</description>
			<possibleresult>
				<name>Van</name>
			</possibleresult>
			<points>
				<point>614.000000,345.000000</point>
				<point>605.000000,345.000000</point>
				<point>604.000000,326.000000</point>
				<point>613.000000,326.000000</point>
				<point>614.000000,345.000000</point>
			</points>
		</object>
		<object>
			<coordinate>pixel</coordinate>
			<type>rectangle</type>
			<description>None</description>
			<possibleresult>
				<name>Van</name>
			</possibleresult>
			<points>
				<point>578.000000,307.000000</point>
				<point>568.000000,307.000000</point>
				<point>568.000000,287.000000</point>
				<point>577.000000,287.000000</point>
				<point>578.000000,307.000000</point>
			</points>
		</object>
		<object>
			<coordinate>pixel</coordinate>
			<type>rectangle</type>
			<description>None</description>
			<possibleresult>
				<name>Dump Truck</name>
			</possibleresult>
			<points>
				<point>604.000000,96.000000</point>
				<point>594.000000,97.000000</point>
				<point>593.000000,73.000000</point>
				<point>603.000000,73.000000</point>
				<point>604.000000,96.000000</point>
			</points>
		</object>
		<object>
			<coordinate>pixel</coordinate>
			<type>rectangle</type>
			<description>None</description>
			<possibleresult>
				<name>Van</name>
			</possibleresult>
			<points>
				<point>566.000000,33.000000</point>
				<point>557.000000,33.000000</point>
				<point>556.000000,16.000000</point>
				<point>565.000000,16.000000</point>
				<point>566.000000,33.000000</point>
			</points>
		</object>
		<object>
			<coordinate>pixel</coordinate>
			<type>rectangle</type>
			<description>None</description>
			<possibleresult>
				<name>Van</name>
			</possibleresult>
			<points>
				<point>104.000015,1003.000122</point>
				<point>99.730362,996.168701</point>
				<point>116.000046,986.000122</point>
				<point>120.269699,992.831543</point>
				<point>104.000015,1003.000122</point>
			</points>
		</object>
		<object>
			<coordinate>pixel</coordinate>
			<type>rectangle</type>
			<description>None</description>
			<possibleresult>
				<name>Van</name>
			</possibleresult>
			<points>
				<point>161.000000,979.000000</point>
				<point>147.000000,987.000000</point>
				<point>144.000000,981.000000</point>
				<point>158.000000,973.000000</point>
				<point>161.000000,979.000000</point>
			</points>
		</object>
		<object>
			<coordinate>pixel</coordinate>
			<type>rectangle</type>
			<description>None</description>
			<possibleresult>
				<name>Van</name>
			</possibleresult>
			<points>
				<point>141.000000,953.000000</point>
				<point>127.000000,963.000000</point>
				<point>122.000000,955.000000</point>
				<point>136.000000,945.000000</point>
				<point>141.000000,953.000000</point>
			</points>
		</object>
		<object>
			<coordinate>pixel</coordinate>
			<type>rectangle</type>
			<description>None</description>
			<possibleresult>
				<name>Van</name>
			</possibleresult>
			<points>
				<point>130.000000,945.000000</point>
				<point>115.000000,954.000000</point>
				<point>112.000000,949.000000</point>
				<point>127.000000,940.000000</point>
				<point>130.000000,945.000000</point>
			</points>
		</object>
		<object>
			<coordinate>pixel</coordinate>
			<type>rectangle</type>
			<description>None</description>
			<possibleresult>
				<name>Van</name>
			</possibleresult>
			<points>
				<point>108.000000,960.000000</point>
				<point>95.000000,969.000000</point>
				<point>91.000000,963.000000</point>
				<point>103.000000,954.000000</point>
				<point>108.000000,960.000000</point>
			</points>
		</object>
		<object>
			<coordinate>pixel</coordinate>
			<type>rectangle</type>
			<description>None</description>
			<possibleresult>
				<name>Small Car</name>
			</possibleresult>
			<points>
				<point>192.000000,932.000000</point>
				<point>176.000000,942.000000</point>
				<point>172.000000,936.000000</point>
				<point>188.000000,926.000000</point>
				<point>192.000000,932.000000</point>
			</points>
		</object>
		<object>
			<coordinate>pixel</coordinate>
			<type>rectangle</type>
			<description>None</description>
			<possibleresult>
				<name>Dump Truck</name>
			</possibleresult>
			<points>
				<point>325.000000,858.000000</point>
				<point>308.000000,872.000000</point>
				<point>302.000000,866.000000</point>
				<point>320.000000,852.000000</point>
				<point>325.000000,858.000000</point>
			</points>
		</object>
		<object>
			<coordinate>pixel</coordinate>
			<type>rectangle</type>
			<description>None</description>
			<possibleresult>
				<name>Small Car</name>
			</possibleresult>
			<points>
				<point>430.000000,834.000000</point>
				<point>416.000000,843.000000</point>
				<point>412.000000,837.000000</point>
				<point>426.000000,828.000000</point>
				<point>430.000000,834.000000</point>
			</points>
		</object>
		<object>
			<coordinate>pixel</coordinate>
			<type>rectangle</type>
			<description>None</description>
			<possibleresult>
				<name>Van</name>
			</possibleresult>
			<points>
				<point>424.000000,820.000000</point>
				<point>413.000000,828.000000</point>
				<point>410.000000,822.000000</point>
				<point>421.000000,815.000000</point>
				<point>424.000000,820.000000</point>
			</points>
		</object>
		<object>
			<coordinate>pixel</coordinate>
			<type>rectangle</type>
			<description>None</description>
			<possibleresult>
				<name>Van</name>
			</possibleresult>
			<points>
				<point>446.000000,747.000000</point>
				<point>431.000000,757.000000</point>
				<point>427.000000,750.000000</point>
				<point>442.000000,741.000000</point>
				<point>446.000000,747.000000</point>
			</points>
		</object>
		<object>
			<coordinate>pixel</coordinate>
			<type>rectangle</type>
			<description>None</description>
			<possibleresult>
				<name>Van</name>
			</possibleresult>
			<points>
				<point>464.000000,736.000000</point>
				<point>450.000000,745.000000</point>
				<point>446.000000,738.000000</point>
				<point>461.000000,730.000000</point>
				<point>464.000000,736.000000</point>
			</points>
		</object>
		<object>
			<coordinate>pixel</coordinate>
			<type>rectangle</type>
			<description>None</description>
			<possibleresult>
				<name>Small Car</name>
			</possibleresult>
			<points>
				<point>513.000000,704.000000</point>
				<point>499.000000,713.000000</point>
				<point>495.000000,707.000000</point>
				<point>509.000000,698.000000</point>
				<point>513.000000,704.000000</point>
			</points>
		</object>
		<object>
			<coordinate>pixel</coordinate>
			<type>rectangle</type>
			<description>None</description>
			<possibleresult>
				<name>Van</name>
			</possibleresult>
			<points>
				<point>587.000000,685.000000</point>
				<point>571.000000,695.000000</point>
				<point>567.000000,689.000000</point>
				<point>583.000000,679.000000</point>
				<point>587.000000,685.000000</point>
			</points>
		</object>
		<object>
			<coordinate>pixel</coordinate>
			<type>rectangle</type>
			<description>None</description>
			<possibleresult>
				<name>Small Car</name>
			</possibleresult>
			<points>
				<point>576.000000,665.000000</point>
				<point>561.000000,674.000000</point>
				<point>558.000000,668.000000</point>
				<point>573.000000,659.000000</point>
				<point>576.000000,665.000000</point>
			</points>
		</object>
		<object>
			<coordinate>pixel</coordinate>
			<type>rectangle</type>
			<description>None</description>
			<possibleresult>
				<name>Van</name>
			</possibleresult>
			<points>
				<point>616.000000,638.000000</point>
				<point>602.000000,648.000000</point>
				<point>598.000000,642.000000</point>
				<point>613.000000,632.000000</point>
				<point>616.000000,638.000000</point>
			</points>
		</object>
		<object>
			<coordinate>pixel</coordinate>
			<type>rectangle</type>
			<description>None</description>
			<possibleresult>
				<name>Van</name>
			</possibleresult>
			<points>
				<point>609.000000,704.000000</point>
				<point>596.000000,712.000000</point>
				<point>592.000000,705.000000</point>
				<point>605.000000,698.000000</point>
				<point>609.000000,704.000000</point>
			</points>
		</object>
		<object>
			<coordinate>pixel</coordinate>
			<type>rectangle</type>
			<description>None</description>
			<possibleresult>
				<name>Van</name>
			</possibleresult>
			<points>
				<point>671.000000,680.000000</point>
				<point>659.000000,688.000000</point>
				<point>654.000000,681.000000</point>
				<point>666.000000,673.000000</point>
				<point>671.000000,680.000000</point>
			</points>
		</object>
		<object>
			<coordinate>pixel</coordinate>
			<type>rectangle</type>
			<description>None</description>
			<possibleresult>
				<name>Van</name>
			</possibleresult>
			<points>
				<point>685.000000,683.000000</point>
				<point>676.000000,688.000000</point>
				<point>673.000000,682.000000</point>
				<point>682.000000,678.000000</point>
				<point>685.000000,683.000000</point>
			</points>
		</object>
		<object>
			<coordinate>pixel</coordinate>
			<type>rectangle</type>
			<description>None</description>
			<possibleresult>
				<name>Van</name>
			</possibleresult>
			<points>
				<point>701.000000,673.000000</point>
				<point>689.000000,681.000000</point>
				<point>685.000000,676.000000</point>
				<point>698.000000,668.000000</point>
				<point>701.000000,673.000000</point>
			</points>
		</object>
		<object>
			<coordinate>pixel</coordinate>
			<type>rectangle</type>
			<description>None</description>
			<possibleresult>
				<name>Van</name>
			</possibleresult>
			<points>
				<point>720.000000,660.000000</point>
				<point>706.000000,670.000000</point>
				<point>702.000000,665.000000</point>
				<point>716.000000,654.000000</point>
				<point>720.000000,660.000000</point>
			</points>
		</object>
		<object>
			<coordinate>pixel</coordinate>
			<type>rectangle</type>
			<description>None</description>
			<possibleresult>
				<name>Dump Truck</name>
			</possibleresult>
			<points>
				<point>711.000000,581.000000</point>
				<point>694.000000,591.000000</point>
				<point>690.000000,584.000000</point>
				<point>707.000000,574.000000</point>
				<point>711.000000,581.000000</point>
			</points>
		</object>
		<object>
			<coordinate>pixel</coordinate>
			<type>rectangle</type>
			<description>None</description>
			<possibleresult>
				<name>Van</name>
			</possibleresult>
			<points>
				<point>729.000000,567.000000</point>
				<point>716.000000,576.000000</point>
				<point>712.000000,570.000000</point>
				<point>725.000000,560.000000</point>
				<point>729.000000,567.000000</point>
			</points>
		</object>
		<object>
			<coordinate>pixel</coordinate>
			<type>rectangle</type>
			<description>None</description>
			<possibleresult>
				<name>Van</name>
			</possibleresult>
			<points>
				<point>797.000000,538.000000</point>
				<point>764.000000,557.000000</point>
				<point>759.000000,548.000000</point>
				<point>791.000000,529.000000</point>
				<point>797.000000,538.000000</point>
			</points>
		</object>
		<object>
			<coordinate>pixel</coordinate>
			<type>rectangle</type>
			<description>None</description>
			<possibleresult>
				<name>Van</name>
			</possibleresult>
			<points>
				<point>849.000000,493.000000</point>
				<point>834.000000,502.000000</point>
				<point>830.000000,496.000000</point>
				<point>845.000000,486.000000</point>
				<point>849.000000,493.000000</point>
			</points>
		</object>
		<object>
			<coordinate>pixel</coordinate>
			<type>rectangle</type>
			<description>None</description>
			<possibleresult>
				<name>Van</name>
			</possibleresult>
			<points>
				<point>884.000000,499.000000</point>
				<point>871.000000,509.000000</point>
				<point>866.000000,502.000000</point>
				<point>880.000000,492.000000</point>
				<point>884.000000,499.000000</point>
			</points>
		</object>
		<object>
			<coordinate>pixel</coordinate>
			<type>rectangle</type>
			<description>None</description>
			<possibleresult>
				<name>Van</name>
			</possibleresult>
			<points>
				<point>19.000000,120.000000</point>
				<point>2.000000,120.000000</point>
				<point>2.000000,114.000000</point>
				<point>19.000000,114.000000</point>
				<point>19.000000,120.000000</point>
			</points>
		</object>
		<object>
			<coordinate>pixel</coordinate>
			<type>rectangle</type>
			<description>None</description>
			<possibleresult>
				<name>Van</name>
			</possibleresult>
			<points>
				<point>36.000000,147.000000</point>
				<point>35.000000,153.000000</point>
				<point>23.000000,153.000000</point>
				<point>23.000000,146.000000</point>
				<point>36.000000,147.000000</point>
			</points>
		</object>
		<object>
			<coordinate>pixel</coordinate>
			<type>rectangle</type>
			<description>None</description>
			<possibleresult>
				<name>Van</name>
			</possibleresult>
			<points>
				<point>53.000000,153.000000</point>
				<point>37.000000,153.000000</point>
				<point>37.000000,147.000000</point>
				<point>53.000000,146.000000</point>
				<point>53.000000,153.000000</point>
			</points>
		</object>
		<object>
			<coordinate>pixel</coordinate>
			<type>rectangle</type>
			<description>None</description>
			<possibleresult>
				<name>Small Car</name>
			</possibleresult>
			<points>
				<point>80.000000,152.000000</point>
				<point>59.000000,153.000000</point>
				<point>59.000000,146.000000</point>
				<point>80.000000,145.000000</point>
				<point>80.000000,152.000000</point>
			</points>
		</object>
		<object>
			<coordinate>pixel</coordinate>
			<type>rectangle</type>
			<description>None</description>
			<possibleresult>
				<name>Van</name>
			</possibleresult>
			<points>
				<point>169.000000,116.000000</point>
				<point>153.000000,115.000000</point>
				<point>153.000000,109.000000</point>
				<point>169.000000,109.000000</point>
				<point>169.000000,116.000000</point>
			</points>
		</object>
		<object>
			<coordinate>pixel</coordinate>
			<type>rectangle</type>
			<description>None</description>
			<possibleresult>
				<name>Small Car</name>
			</possibleresult>
			<points>
				<point>196.000000,116.000000</point>
				<point>175.000000,117.000000</point>
				<point>175.000000,109.000000</point>
				<point>196.000000,109.000000</point>
				<point>196.000000,116.000000</point>
			</points>
		</object>
		<object>
			<coordinate>pixel</coordinate>
			<type>rectangle</type>
			<description>None</description>
			<possibleresult>
				<name>Van</name>
			</possibleresult>
			<points>
				<point>221.000000,115.000000</point>
				<point>201.000000,115.000000</point>
				<point>201.000000,107.000000</point>
				<point>220.000000,107.000000</point>
				<point>221.000000,115.000000</point>
			</points>
		</object>
		<object>
			<coordinate>pixel</coordinate>
			<type>rectangle</type>
			<description>None</description>
			<possibleresult>
				<name>Small Car</name>
			</possibleresult>
			<points>
				<point>218.000000,149.000000</point>
				<point>199.000000,149.000000</point>
				<point>199.000000,142.000000</point>
				<point>218.000000,142.000000</point>
				<point>218.000000,149.000000</point>
			</points>
		</object>
		<object>
			<coordinate>pixel</coordinate>
			<type>rectangle</type>
			<description>None</description>
			<possibleresult>
				<name>Van</name>
			</possibleresult>
			<points>
				<point>357.000000,111.000000</point>
				<point>341.000000,112.000000</point>
				<point>341.000000,105.000000</point>
				<point>357.000000,105.000000</point>
				<point>357.000000,111.000000</point>
			</points>
		</object>
		<object>
			<coordinate>pixel</coordinate>
			<type>rectangle</type>
			<description>None</description>
			<possibleresult>
				<name>Van</name>
			</possibleresult>
			<points>
				<point>331.000000,144.000000</point>
				<point>318.000000,144.000000</point>
				<point>317.000000,138.000000</point>
				<point>331.000000,138.000000</point>
				<point>331.000000,144.000000</point>
			</points>
		</object>
		<object>
			<coordinate>pixel</coordinate>
			<type>rectangle</type>
			<description>None</description>
			<possibleresult>
				<name>Van</name>
			</possibleresult>
			<points>
				<point>387.000000,143.000000</point>
				<point>370.000000,144.000000</point>
				<point>369.000000,138.000000</point>
				<point>387.000000,137.000000</point>
				<point>387.000000,143.000000</point>
			</points>
		</object>
		<object>
			<coordinate>pixel</coordinate>
			<type>rectangle</type>
			<description>None</description>
			<possibleresult>
				<name>Van</name>
			</possibleresult>
			<points>
				<point>408.000000,170.000000</point>
				<point>400.000000,170.000000</point>
				<point>400.000000,156.000000</point>
				<point>408.000000,156.000000</point>
				<point>408.000000,170.000000</point>
			</points>
		</object>
		<object>
			<coordinate>pixel</coordinate>
			<type>rectangle</type>
			<description>None</description>
			<possibleresult>
				<name>Van</name>
			</possibleresult>
			<points>
				<point>444.000000,143.000000</point>
				<point>424.000000,142.000000</point>
				<point>424.000000,135.000000</point>
				<point>444.000000,136.000000</point>
				<point>444.000000,143.000000</point>
			</points>
		</object>
		<object>
			<coordinate>pixel</coordinate>
			<type>rectangle</type>
			<description>None</description>
			<possibleresult>
				<name>Dump Truck</name>
			</possibleresult>
			<points>
				<point>111.000000,42.000000</point>
				<point>102.000000,42.000000</point>
				<point>101.000000,23.000000</point>
				<point>110.000000,23.000000</point>
				<point>111.000000,42.000000</point>
			</points>
		</object>
		<object>
			<coordinate>pixel</coordinate>
			<type>rectangle</type>
			<description>None</description>
			<possibleresult>
				<name>Van</name>
			</possibleresult>
			<points>
				<point>24.000000,417.000000</point>
				<point>6.000000,417.000000</point>
				<point>6.000000,409.000000</point>
				<point>24.000000,410.000000</point>
				<point>24.000000,417.000000</point>
			</points>
		</object>
		<object>
			<coordinate>pixel</coordinate>
			<type>rectangle</type>
			<description>None</description>
			<possibleresult>
				<name>Van</name>
			</possibleresult>
			<points>
				<point>17.000000,684.000000</point>
				<point>5.000000,685.000000</point>
				<point>5.000000,679.000000</point>
				<point>17.000000,679.000000</point>
				<point>17.000000,684.000000</point>
			</points>
		</object>
		<object>
			<coordinate>pixel</coordinate>
			<type>rectangle</type>
			<description>None</description>
			<possibleresult>
				<name>Van</name>
			</possibleresult>
			<points>
				<point>13.000000,968.000000</point>
				<point>8.000000,971.000000</point>
				<point>2.000000,962.000000</point>
				<point>7.000000,959.000000</point>
				<point>13.000000,968.000000</point>
			</points>
		</object>
		<object>
			<coordinate>pixel</coordinate>
			<type>rectangle</type>
			<description>None</description>
			<possibleresult>
				<name>Van</name>
			</possibleresult>
			<points>
				<point>959.000000,554.000000</point>
				<point>953.000000,560.000000</point>
				<point>940.000000,546.000000</point>
				<point>946.000000,540.000000</point>
				<point>959.000000,554.000000</point>
			</points>
		</object>
		<object>
			<coordinate>pixel</coordinate>
			<type>rectangle</type>
			<description>None</description>
			<possibleresult>
				<name>Van</name>
			</possibleresult>
			<points>
				<point>991.000000,597.000000</point>
				<point>974.000000,610.000000</point>
				<point>969.000000,604.000000</point>
				<point>986.000000,591.000000</point>
				<point>991.000000,597.000000</point>
			</points>
		</object>
		<object>
			<coordinate>pixel</coordinate>
			<type>rectangle</type>
			<description>None</description>
			<possibleresult>
				<name>Van</name>
			</possibleresult>
			<points>
				<point>930.000000,626.000000</point>
				<point>926.000000,629.000000</point>
				<point>920.000000,621.000000</point>
				<point>924.000000,617.000000</point>
				<point>930.000000,626.000000</point>
			</points>
		</object>
		<object>
			<coordinate>pixel</coordinate>
			<type>rectangle</type>
			<description>None</description>
			<possibleresult>
				<name>Van</name>
			</possibleresult>
			<points>
				<point>940.000000,573.000000</point>
				<point>932.000000,581.000000</point>
				<point>910.000000,561.000000</point>
				<point>918.000000,553.000000</point>
				<point>940.000000,573.000000</point>
			</points>
		</object>
		<object>
			<coordinate>pixel</coordinate>
			<type>rectangle</type>
			<description>None</description>
			<possibleresult>
				<name>Van</name>
			</possibleresult>
			<points>
				<point>841.000000,666.000000</point>
				<point>833.000000,667.000000</point>
				<point>831.000000,652.000000</point>
				<point>839.000000,651.000000</point>
				<point>841.000000,666.000000</point>
			</points>
		</object>
		<object>
			<coordinate>pixel</coordinate>
			<type>rectangle</type>
			<description>None</description>
			<possibleresult>
				<name>Van</name>
			</possibleresult>
			<points>
				<point>832.000000,675.000000</point>
				<point>824.000000,676.000000</point>
				<point>822.000000,659.000000</point>
				<point>831.000000,658.000000</point>
				<point>832.000000,675.000000</point>
			</points>
		</object>
		<object>
			<coordinate>pixel</coordinate>
			<type>rectangle</type>
			<description>None</description>
			<possibleresult>
				<name>Van</name>
			</possibleresult>
			<points>
				<point>866.000000,669.000000</point>
				<point>864.000000,675.000000</point>
				<point>849.000000,671.000000</point>
				<point>850.000000,665.000000</point>
				<point>866.000000,669.000000</point>
			</points>
		</object>
		<object>
			<coordinate>pixel</coordinate>
			<type>rectangle</type>
			<description>None</description>
			<possibleresult>
				<name>Van</name>
			</possibleresult>
			<points>
				<point>842.000000,685.000000</point>
				<point>840.000000,692.000000</point>
				<point>820.000000,686.000000</point>
				<point>822.000000,678.000000</point>
				<point>842.000000,685.000000</point>
			</points>
		</object>
		<object>
			<coordinate>pixel</coordinate>
			<type>rectangle</type>
			<description>None</description>
			<possibleresult>
				<name>Van</name>
			</possibleresult>
			<points>
				<point>834.000000,692.000000</point>
				<point>831.000000,700.000000</point>
				<point>810.000000,691.000000</point>
				<point>813.000000,684.000000</point>
				<point>834.000000,692.000000</point>
			</points>
		</object>
		<object>
			<coordinate>pixel</coordinate>
			<type>rectangle</type>
			<description>None</description>
			<possibleresult>
				<name>Van</name>
			</possibleresult>
			<points>
				<point>822.000000,698.000000</point>
				<point>820.000000,704.000000</point>
				<point>801.000000,697.000000</point>
				<point>803.000000,691.000000</point>
				<point>822.000000,698.000000</point>
			</points>
		</object>
		<object>
			<coordinate>pixel</coordinate>
			<type>rectangle</type>
			<description>None</description>
			<possibleresult>
				<name>Van</name>
			</possibleresult>
			<points>
				<point>812.000000,703.000000</point>
				<point>809.000000,710.000000</point>
				<point>790.000000,703.000000</point>
				<point>793.000000,696.000000</point>
				<point>812.000000,703.000000</point>
			</points>
		</object>
		<object>
			<coordinate>pixel</coordinate>
			<type>rectangle</type>
			<description>None</description>
			<possibleresult>
				<name>Small Car</name>
			</possibleresult>
			<points>
				<point>795.000000,715.000000</point>
				<point>793.000000,722.000000</point>
				<point>774.000000,716.000000</point>
				<point>776.000000,710.000000</point>
				<point>795.000000,715.000000</point>
			</points>
		</object>
		<object>
			<coordinate>pixel</coordinate>
			<type>rectangle</type>
			<description>None</description>
			<possibleresult>
				<name>Dump Truck</name>
			</possibleresult>
			<points>
				<point>830.000000,720.000000</point>
				<point>814.000000,731.000000</point>
				<point>810.000000,725.000000</point>
				<point>826.000000,714.000000</point>
				<point>830.000000,720.000000</point>
			</points>
		</object>
		<object>
			<coordinate>pixel</coordinate>
			<type>rectangle</type>
			<description>None</description>
			<possibleresult>
				<name>Van</name>
			</possibleresult>
			<points>
				<point>744.000000,711.000000</point>
				<point>738.000000,716.000000</point>
				<point>729.000000,705.000000</point>
				<point>735.000000,700.000000</point>
				<point>744.000000,711.000000</point>
			</points>
		</object>
		<object>
			<coordinate>pixel</coordinate>
			<type>rectangle</type>
			<description>None</description>
			<possibleresult>
				<name>Small Car</name>
			</possibleresult>
			<points>
				<point>773.000000,710.000000</point>
				<point>766.000000,710.000000</point>
				<point>766.000000,695.000000</point>
				<point>773.000000,695.000000</point>
				<point>773.000000,710.000000</point>
			</points>
		</object>
		<object>
			<coordinate>pixel</coordinate>
			<type>rectangle</type>
			<description>None</description>
			<possibleresult>
				<name>Small Car</name>
			</possibleresult>
			<points>
				<point>784.000000,705.000000</point>
				<point>775.000000,705.000000</point>
				<point>774.000000,688.000000</point>
				<point>782.000000,687.000000</point>
				<point>784.000000,705.000000</point>
			</points>
		</object>
		<object>
			<coordinate>pixel</coordinate>
			<type>rectangle</type>
			<description>None</description>
			<possibleresult>
				<name>Small Car</name>
			</possibleresult>
			<points>
				<point>813.000000,685.000000</point>
				<point>805.000000,686.000000</point>
				<point>804.000000,671.000000</point>
				<point>812.000000,670.000000</point>
				<point>813.000000,685.000000</point>
			</points>
		</object>
		<object>
			<coordinate>pixel</coordinate>
			<type>rectangle</type>
			<description>None</description>
			<possibleresult>
				<name>Small Car</name>
			</possibleresult>
			<points>
				<point>770.000000,670.000000</point>
				<point>756.000000,680.000000</point>
				<point>751.000000,673.000000</point>
				<point>766.000000,663.000000</point>
				<point>770.000000,670.000000</point>
			</points>
		</object>
		<object>
			<coordinate>pixel</coordinate>
			<type>rectangle</type>
			<description>None</description>
			<possibleresult>
				<name>Van</name>
			</possibleresult>
			<points>
				<point>980.000000,755.000000</point>
				<point>976.000000,759.000000</point>
				<point>963.000000,746.000000</point>
				<point>968.000000,741.000000</point>
				<point>980.000000,755.000000</point>
			</points>
		</object>
		<object>
			<coordinate>pixel</coordinate>
			<type>rectangle</type>
			<description>None</description>
			<possibleresult>
				<name>Van</name>
			</possibleresult>
			<points>
				<point>999.000000,776.000000</point>
				<point>995.000000,780.000000</point>
				<point>984.000000,769.000000</point>
				<point>989.000000,765.000000</point>
				<point>999.000000,776.000000</point>
			</points>
		</object>
		<object>
			<coordinate>pixel</coordinate>
			<type>rectangle</type>
			<description>None</description>
			<possibleresult>
				<name>Van</name>
			</possibleresult>
			<points>
				<point>993.000000,859.000000</point>
				<point>980.000000,868.000000</point>
				<point>975.000000,861.000000</point>
				<point>989.000000,853.000000</point>
				<point>993.000000,859.000000</point>
			</points>
		</object>
		<object>
			<coordinate>pixel</coordinate>
			<type>rectangle</type>
			<description>None</description>
			<possibleresult>
				<name>Van</name>
			</possibleresult>
			<points>
				<point>942.000000,889.000000</point>
				<point>930.000000,897.000000</point>
				<point>926.000000,892.000000</point>
				<point>939.000000,883.000000</point>
				<point>942.000000,889.000000</point>
			</points>
		</object>
		<object>
			<coordinate>pixel</coordinate>
			<type>rectangle</type>
			<description>None</description>
			<possibleresult>
				<name>Van</name>
			</possibleresult>
			<points>
				<point>973.000000,902.000000</point>
				<point>962.000000,909.000000</point>
				<point>958.000000,903.000000</point>
				<point>969.000000,896.000000</point>
				<point>973.000000,902.000000</point>
			</points>
		</object>
		<object>
			<coordinate>pixel</coordinate>
			<type>rectangle</type>
			<description>None</description>
			<possibleresult>
				<name>Dump Truck</name>
			</possibleresult>
			<points>
				<point>924.000000,903.000000</point>
				<point>907.000000,913.000000</point>
				<point>903.000000,906.000000</point>
				<point>919.000000,896.000000</point>
				<point>924.000000,903.000000</point>
			</points>
		</object>
		<object>
			<coordinate>pixel</coordinate>
			<type>rectangle</type>
			<description>None</description>
			<possibleresult>
				<name>Small Car</name>
			</possibleresult>
			<points>
				<point>897.000000,917.000000</point>
				<point>881.000000,928.000000</point>
				<point>876.000000,920.000000</point>
				<point>893.000000,909.000000</point>
				<point>897.000000,917.000000</point>
			</points>
		</object>
		<object>
			<coordinate>pixel</coordinate>
			<type>rectangle</type>
			<description>None</description>
			<possibleresult>
				<name>Van</name>
			</possibleresult>
			<points>
				<point>875.000000,933.000000</point>
				<point>862.000000,940.000000</point>
				<point>859.000000,933.000000</point>
				<point>871.000000,927.000000</point>
				<point>875.000000,933.000000</point>
			</points>
		</object>
		<object>
			<coordinate>pixel</coordinate>
			<type>rectangle</type>
			<description>None</description>
			<possibleresult>
				<name>Small Car</name>
			</possibleresult>
			<points>
				<point>851.000000,946.000000</point>
				<point>834.000000,956.000000</point>
				<point>830.000000,949.000000</point>
				<point>847.000000,939.000000</point>
				<point>851.000000,946.000000</point>
			</points>
		</object>
		<object>
			<coordinate>pixel</coordinate>
			<type>rectangle</type>
			<description>None</description>
			<possibleresult>
				<name>Small Car</name>
			</possibleresult>
			<points>
				<point>809.740601,1001.138489</point>
				<point>807.000122,996.000061</point>
				<point>822.000122,988.000061</point>
				<point>824.740601,993.138489</point>
				<point>809.740601,1001.138489</point>
			</points>
		</object>
		<object>
			<coordinate>pixel</coordinate>
			<type>rectangle</type>
			<description>None</description>
			<possibleresult>
				<name>Van</name>
			</possibleresult>
			<points>
				<point>883.000000,786.000000</point>
				<point>862.000000,798.000000</point>
				<point>857.000000,790.000000</point>
				<point>877.000000,777.000000</point>
				<point>883.000000,786.000000</point>
			</points>
		</object>
		<object>
			<coordinate>pixel</coordinate>
			<type>rectangle</type>
			<description>None</description>
			<possibleresult>
				<name>Van</name>
			</possibleresult>
			<points>
				<point>862.000000,799.000000</point>
				<point>848.000000,807.000000</point>
				<point>844.000000,801.000000</point>
				<point>858.000000,792.000000</point>
				<point>862.000000,799.000000</point>
			</points>
		</object>
		<object>
			<coordinate>pixel</coordinate>
			<type>rectangle</type>
			<description>None</description>
			<possibleresult>
				<name>Small Car</name>
			</possibleresult>
			<points>
				<point>840.000000,811.000000</point>
				<point>826.000000,823.000000</point>
				<point>820.000000,817.000000</point>
				<point>835.000000,805.000000</point>
				<point>840.000000,811.000000</point>
			</points>
		</object>
		<object>
			<coordinate>pixel</coordinate>
			<type>rectangle</type>
			<description>None</description>
			<possibleresult>
				<name>Dump Truck</name>
			</possibleresult>
			<points>
				<point>814.000000,827.000000</point>
				<point>797.000000,839.000000</point>
				<point>792.000000,832.000000</point>
				<point>809.000000,820.000000</point>
				<point>814.000000,827.000000</point>
			</points>
		</object>
		<object>
			<coordinate>pixel</coordinate>
			<type>rectangle</type>
			<description>None</description>
			<possibleresult>
				<name>Small Car</name>
			</possibleresult>
			<points>
				<point>769.000000,858.000000</point>
				<point>751.000000,868.000000</point>
				<point>747.000000,860.000000</point>
				<point>765.000000,850.000000</point>
				<point>769.000000,858.000000</point>
			</points>
		</object>
		<object>
			<coordinate>pixel</coordinate>
			<type>rectangle</type>
			<description>None</description>
			<possibleresult>
				<name>Van</name>
			</possibleresult>
			<points>
				<point>719.000000,888.000000</point>
				<point>706.000000,897.000000</point>
				<point>701.000000,890.000000</point>
				<point>715.000000,881.000000</point>
				<point>719.000000,888.000000</point>
			</points>
		</object>
		<object>
			<coordinate>pixel</coordinate>
			<type>rectangle</type>
			<description>None</description>
			<possibleresult>
				<name>Small Car</name>
			</possibleresult>
			<points>
				<point>711.000000,799.000000</point>
				<point>694.000000,808.000000</point>
				<point>691.000000,801.000000</point>
				<point>708.000000,792.000000</point>
				<point>711.000000,799.000000</point>
			</points>
		</object>
		<object>
			<coordinate>pixel</coordinate>
			<type>rectangle</type>
			<description>None</description>
			<possibleresult>
				<name>Van</name>
			</possibleresult>
			<points>
				<point>676.000000,823.000000</point>
				<point>655.000000,837.000000</point>
				<point>649.000000,828.000000</point>
				<point>671.000000,814.000000</point>
				<point>676.000000,823.000000</point>
			</points>
		</object>
		<object>
			<coordinate>pixel</coordinate>
			<type>rectangle</type>
			<description>None</description>
			<possibleresult>
				<name>Van</name>
			</possibleresult>
			<points>
				<point>634.000000,792.000000</point>
				<point>631.000000,805.000000</point>
				<point>623.000000,803.000000</point>
				<point>626.000000,790.000000</point>
				<point>634.000000,792.000000</point>
			</points>
		</object>
		<object>
			<coordinate>pixel</coordinate>
			<type>rectangle</type>
			<description>None</description>
			<possibleresult>
				<name>Dump Truck</name>
			</possibleresult>
			<points>
				<point>618.000000,769.000000</point>
				<point>614.000000,787.000000</point>
				<point>604.000000,785.000000</point>
				<point>608.000000,767.000000</point>
				<point>618.000000,769.000000</point>
			</points>
		</object>
		<object>
			<coordinate>pixel</coordinate>
			<type>rectangle</type>
			<description>None</description>
			<possibleresult>
				<name>Dump Truck</name>
			</possibleresult>
			<points>
				<point>143.000000,908.000000</point>
				<point>137.000000,914.000000</point>
				<point>123.000000,899.000000</point>
				<point>130.000000,893.000000</point>
				<point>143.000000,908.000000</point>
			</points>
		</object>
	</objects>
</annotation>