<?xml version="1.0" encoding="utf-8"?>
<annotation>
	<source>
		<filename>15264.tif</filename>
		<origin>GF2/GF3</origin>
	</source>
	<research>
		<version>1.0</version>
		<provider>FAIR1M</provider>
		<author>Cyber</author>
		<pluginname>FAIR1M</pluginname>
		<pluginclass>object detection</pluginclass>
		<time>2021-07-21</time>
	</research>
	<size>
		<width>1000</width>
		<height>1000</height>
		<depth>3</depth>
	</size>
	<objects>
		<object>
			<coordinate>pixel</coordinate>
			<type>rectangle</type>
			<description>None</description>
			<possibleresult>
				<name>Fishing Boat</name>
			</possibleresult>
			<points>
				<point>70.000000,667.000000</point>
				<point>33.000000,571.000000</point>
				<point>9.000000,580.000000</point>
				<point>47.000000,676.000000</point>
				<point>70.000000,667.000000</point>
			</points>
		</object>
		<object>
			<coordinate>pixel</coordinate>
			<type>rectangle</type>
			<description>None</description>
			<possibleresult>
				<name>other-ship</name>
			</possibleresult>
			<points>
				<point>327.000000,613.000000</point>
				<point>303.000000,550.000000</point>
				<point>286.000000,557.000000</point>
				<point>310.000000,619.000000</point>
				<point>327.000000,613.000000</point>
			</points>
		</object>
		<object>
			<coordinate>pixel</coordinate>
			<type>rectangle</type>
			<description>None</description>
			<possibleresult>
				<name>Dry Cargo Ship</name>
			</possibleresult>
			<points>
				<point>511.000000,885.000000</point>
				<point>494.000000,822.000000</point>
				<point>482.000000,827.000000</point>
				<point>500.000000,887.000000</point>
				<point>511.000000,885.000000</point>
			</points>
		</object>
		<object>
			<coordinate>pixel</coordinate>
			<type>rectangle</type>
			<description>None</description>
			<possibleresult>
				<name>Dry Cargo Ship</name>
			</possibleresult>
			<points>
				<point>524.000000,879.000000</point>
				<point>505.000000,820.000000</point>
				<point>494.000000,823.000000</point>
				<point>511.000000,882.000000</point>
				<point>524.000000,879.000000</point>
			</points>
		</object>
		<object>
			<coordinate>pixel</coordinate>
			<type>rectangle</type>
			<description>None</description>
			<possibleresult>
				<name>other-ship</name>
			</possibleresult>
			<points>
				<point>541.000000,757.000000</point>
				<point>536.000000,796.000000</point>
				<point>548.000000,798.000000</point>
				<point>551.000000,759.000000</point>
				<point>541.000000,757.000000</point>
			</points>
		</object>
		<object>
			<coordinate>pixel</coordinate>
			<type>rectangle</type>
			<description>None</description>
			<possibleresult>
				<name>Dry Cargo Ship</name>
			</possibleresult>
			<points>
				<point>552.000000,747.000000</point>
				<point>549.000000,804.000000</point>
				<point>560.000000,805.000000</point>
				<point>565.000000,748.000000</point>
				<point>552.000000,747.000000</point>
			</points>
		</object>
		<object>
			<coordinate>pixel</coordinate>
			<type>rectangle</type>
			<description>None</description>
			<possibleresult>
				<name>Dry Cargo Ship</name>
			</possibleresult>
			<points>
				<point>731.000000,387.000000</point>
				<point>560.000000,518.000000</point>
				<point>584.000000,550.000000</point>
				<point>756.000000,419.000000</point>
				<point>731.000000,387.000000</point>
			</points>
		</object>
	</objects>
</annotation>