<?xml version="1.0" encoding="utf-8"?>
<annotation>
	<source>
		<filename>15316.tif</filename>
		<origin>GF2/GF3</origin>
	</source>
	<research>
		<version>1.0</version>
		<provider>FAIR1M</provider>
		<author>Cyber</author>
		<pluginname>FAIR1M</pluginname>
		<pluginclass>object detection</pluginclass>
		<time>2021-07-21</time>
	</research>
	<size>
		<width>1000</width>
		<height>1000</height>
		<depth>3</depth>
	</size>
	<objects>
		<object>
			<coordinate>pixel</coordinate>
			<type>rectangle</type>
			<description>None</description>
			<possibleresult>
				<name>Van</name>
			</possibleresult>
			<points>
				<point>949.000000,607.000000</point>
				<point>942.000000,612.000000</point>
				<point>932.000000,598.000000</point>
				<point>939.000000,593.000000</point>
				<point>949.000000,607.000000</point>
			</points>
		</object>
		<object>
			<coordinate>pixel</coordinate>
			<type>rectangle</type>
			<description>None</description>
			<possibleresult>
				<name>Van</name>
			</possibleresult>
			<points>
				<point>957.000000,636.000000</point>
				<point>945.000000,645.000000</point>
				<point>939.000000,638.000000</point>
				<point>952.000000,628.000000</point>
				<point>957.000000,636.000000</point>
			</points>
		</object>
		<object>
			<coordinate>pixel</coordinate>
			<type>rectangle</type>
			<description>None</description>
			<possibleresult>
				<name>Van</name>
			</possibleresult>
			<points>
				<point>983.000000,570.000000</point>
				<point>977.000000,576.000000</point>
				<point>964.000000,562.000000</point>
				<point>969.000000,556.000000</point>
				<point>983.000000,570.000000</point>
			</points>
		</object>
		<object>
			<coordinate>pixel</coordinate>
			<type>rectangle</type>
			<description>None</description>
			<possibleresult>
				<name>Dump Truck</name>
			</possibleresult>
			<points>
				<point>787.000000,348.000000</point>
				<point>762.000000,348.000000</point>
				<point>762.000000,340.000000</point>
				<point>787.000000,339.000000</point>
				<point>787.000000,348.000000</point>
			</points>
		</object>
		<object>
			<coordinate>pixel</coordinate>
			<type>rectangle</type>
			<description>None</description>
			<possibleresult>
				<name>Dump Truck</name>
			</possibleresult>
			<points>
				<point>787.000000,338.000000</point>
				<point>762.000000,338.000000</point>
				<point>762.000000,329.000000</point>
				<point>786.000000,328.000000</point>
				<point>787.000000,338.000000</point>
			</points>
		</object>
		<object>
			<coordinate>pixel</coordinate>
			<type>rectangle</type>
			<description>None</description>
			<possibleresult>
				<name>Small Car</name>
			</possibleresult>
			<points>
				<point>359.000000,28.000000</point>
				<point>342.000000,41.000000</point>
				<point>336.000000,34.000000</point>
				<point>353.000000,21.000000</point>
				<point>359.000000,28.000000</point>
			</points>
		</object>
		<object>
			<coordinate>pixel</coordinate>
			<type>rectangle</type>
			<description>None</description>
			<possibleresult>
				<name>Van</name>
			</possibleresult>
			<points>
				<point>92.000000,932.000000</point>
				<point>89.000000,950.000000</point>
				<point>80.000000,949.000000</point>
				<point>83.000000,931.000000</point>
				<point>92.000000,932.000000</point>
			</points>
		</object>
		<object>
			<coordinate>pixel</coordinate>
			<type>rectangle</type>
			<description>None</description>
			<possibleresult>
				<name>Cargo Truck</name>
			</possibleresult>
			<points>
				<point>72.000000,133.000000</point>
				<point>41.000000,137.000000</point>
				<point>40.000000,126.000000</point>
				<point>71.000000,122.000000</point>
				<point>72.000000,133.000000</point>
			</points>
		</object>
		<object>
			<coordinate>pixel</coordinate>
			<type>rectangle</type>
			<description>None</description>
			<possibleresult>
				<name>Dump Truck</name>
			</possibleresult>
			<points>
				<point>114.000000,128.000000</point>
				<point>87.000000,132.000000</point>
				<point>86.000000,123.000000</point>
				<point>112.000000,119.000000</point>
				<point>114.000000,128.000000</point>
			</points>
		</object>
		<object>
			<coordinate>pixel</coordinate>
			<type>rectangle</type>
			<description>None</description>
			<possibleresult>
				<name>Van</name>
			</possibleresult>
			<points>
				<point>152.000000,133.000000</point>
				<point>129.000000,138.000000</point>
				<point>127.000000,130.000000</point>
				<point>150.000000,126.000000</point>
				<point>152.000000,133.000000</point>
			</points>
		</object>
		<object>
			<coordinate>pixel</coordinate>
			<type>rectangle</type>
			<description>None</description>
			<possibleresult>
				<name>Dump Truck</name>
			</possibleresult>
			<points>
				<point>122.000000,142.000000</point>
				<point>94.000000,148.000000</point>
				<point>92.000000,139.000000</point>
				<point>120.000000,134.000000</point>
				<point>122.000000,142.000000</point>
			</points>
		</object>
		<object>
			<coordinate>pixel</coordinate>
			<type>rectangle</type>
			<description>None</description>
			<possibleresult>
				<name>Small Car</name>
			</possibleresult>
			<points>
				<point>19.000000,216.000000</point>
				<point>8.000000,219.000000</point>
				<point>3.000000,201.000000</point>
				<point>15.000000,198.000000</point>
				<point>19.000000,216.000000</point>
			</points>
		</object>
		<object>
			<coordinate>pixel</coordinate>
			<type>rectangle</type>
			<description>None</description>
			<possibleresult>
				<name>Van</name>
			</possibleresult>
			<points>
				<point>80.000000,149.000000</point>
				<point>57.000000,153.000000</point>
				<point>56.000000,144.000000</point>
				<point>79.000000,140.000000</point>
				<point>80.000000,149.000000</point>
			</points>
		</object>
		<object>
			<coordinate>pixel</coordinate>
			<type>rectangle</type>
			<description>None</description>
			<possibleresult>
				<name>Van</name>
			</possibleresult>
			<points>
				<point>224.000000,294.000000</point>
				<point>216.000000,308.000000</point>
				<point>209.000000,303.000000</point>
				<point>217.000000,290.000000</point>
				<point>224.000000,294.000000</point>
			</points>
		</object>
		<object>
			<coordinate>pixel</coordinate>
			<type>rectangle</type>
			<description>None</description>
			<possibleresult>
				<name>Dump Truck</name>
			</possibleresult>
			<points>
				<point>210.000000,378.000000</point>
				<point>200.000000,378.000000</point>
				<point>199.000000,358.000000</point>
				<point>208.000000,357.000000</point>
				<point>210.000000,378.000000</point>
			</points>
		</object>
		<object>
			<coordinate>pixel</coordinate>
			<type>rectangle</type>
			<description>None</description>
			<possibleresult>
				<name>Dump Truck</name>
			</possibleresult>
			<points>
				<point>34.000000,413.000000</point>
				<point>21.000000,415.000000</point>
				<point>12.000000,370.000000</point>
				<point>25.000000,368.000000</point>
				<point>34.000000,413.000000</point>
			</points>
		</object>
		<object>
			<coordinate>pixel</coordinate>
			<type>rectangle</type>
			<description>None</description>
			<possibleresult>
				<name>Truck Tractor</name>
			</possibleresult>
			<points>
				<point>64.000000,593.000000</point>
				<point>51.000000,595.000000</point>
				<point>40.000000,520.000000</point>
				<point>53.000000,518.000000</point>
				<point>64.000000,593.000000</point>
			</points>
		</object>
		<object>
			<coordinate>pixel</coordinate>
			<type>rectangle</type>
			<description>None</description>
			<possibleresult>
				<name>Dump Truck</name>
			</possibleresult>
			<points>
				<point>94.000000,585.000000</point>
				<point>82.000000,587.000000</point>
				<point>77.000000,544.000000</point>
				<point>89.000000,543.000000</point>
				<point>94.000000,585.000000</point>
			</points>
		</object>
		<object>
			<coordinate>pixel</coordinate>
			<type>rectangle</type>
			<description>None</description>
			<possibleresult>
				<name>Small Car</name>
			</possibleresult>
			<points>
				<point>97.000000,670.000000</point>
				<point>88.000000,670.000000</point>
				<point>88.000000,651.000000</point>
				<point>96.000000,651.000000</point>
				<point>97.000000,670.000000</point>
			</points>
		</object>
		<object>
			<coordinate>pixel</coordinate>
			<type>rectangle</type>
			<description>None</description>
			<possibleresult>
				<name>Dump Truck</name>
			</possibleresult>
			<points>
				<point>244.000000,606.000000</point>
				<point>235.000000,606.000000</point>
				<point>234.000000,582.000000</point>
				<point>243.000000,582.000000</point>
				<point>244.000000,606.000000</point>
			</points>
		</object>
		<object>
			<coordinate>pixel</coordinate>
			<type>rectangle</type>
			<description>None</description>
			<possibleresult>
				<name>Small Car</name>
			</possibleresult>
			<points>
				<point>102.000000,764.000000</point>
				<point>101.000000,782.000000</point>
				<point>92.000000,782.000000</point>
				<point>93.000000,763.000000</point>
				<point>102.000000,764.000000</point>
			</points>
		</object>
		<object>
			<coordinate>pixel</coordinate>
			<type>rectangle</type>
			<description>None</description>
			<possibleresult>
				<name>Van</name>
			</possibleresult>
			<points>
				<point>70.000000,862.000000</point>
				<point>61.000000,862.000000</point>
				<point>60.000000,844.000000</point>
				<point>68.000000,844.000000</point>
				<point>70.000000,862.000000</point>
			</points>
		</object>
		<object>
			<coordinate>pixel</coordinate>
			<type>rectangle</type>
			<description>None</description>
			<possibleresult>
				<name>Small Car</name>
			</possibleresult>
			<points>
				<point>353.000000,631.000000</point>
				<point>345.000000,637.000000</point>
				<point>333.000000,620.000000</point>
				<point>341.000000,614.000000</point>
				<point>353.000000,631.000000</point>
			</points>
		</object>
		<object>
			<coordinate>pixel</coordinate>
			<type>rectangle</type>
			<description>None</description>
			<possibleresult>
				<name>Small Car</name>
			</possibleresult>
			<points>
				<point>331.000000,639.000000</point>
				<point>325.000000,644.000000</point>
				<point>315.000000,629.000000</point>
				<point>321.000000,625.000000</point>
				<point>331.000000,639.000000</point>
			</points>
		</object>
		<object>
			<coordinate>pixel</coordinate>
			<type>rectangle</type>
			<description>None</description>
			<possibleresult>
				<name>Small Car</name>
			</possibleresult>
			<points>
				<point>398.000000,659.000000</point>
				<point>393.000000,665.000000</point>
				<point>379.000000,652.000000</point>
				<point>384.000000,646.000000</point>
				<point>398.000000,659.000000</point>
			</points>
		</object>
		<object>
			<coordinate>pixel</coordinate>
			<type>rectangle</type>
			<description>None</description>
			<possibleresult>
				<name>Van</name>
			</possibleresult>
			<points>
				<point>417.000000,647.000000</point>
				<point>409.000000,653.000000</point>
				<point>397.000000,639.000000</point>
				<point>404.000000,633.000000</point>
				<point>417.000000,647.000000</point>
			</points>
		</object>
		<object>
			<coordinate>pixel</coordinate>
			<type>rectangle</type>
			<description>None</description>
			<possibleresult>
				<name>Van</name>
			</possibleresult>
			<points>
				<point>403.000000,653.000000</point>
				<point>397.000000,658.000000</point>
				<point>387.000000,645.000000</point>
				<point>394.000000,640.000000</point>
				<point>403.000000,653.000000</point>
			</points>
		</object>
		<object>
			<coordinate>pixel</coordinate>
			<type>rectangle</type>
			<description>None</description>
			<possibleresult>
				<name>Van</name>
			</possibleresult>
			<points>
				<point>332.000000,691.000000</point>
				<point>323.000000,696.000000</point>
				<point>314.000000,679.000000</point>
				<point>323.000000,675.000000</point>
				<point>332.000000,691.000000</point>
			</points>
		</object>
		<object>
			<coordinate>pixel</coordinate>
			<type>rectangle</type>
			<description>None</description>
			<possibleresult>
				<name>Small Car</name>
			</possibleresult>
			<points>
				<point>340.000000,685.000000</point>
				<point>333.000000,689.000000</point>
				<point>325.000000,673.000000</point>
				<point>333.000000,670.000000</point>
				<point>340.000000,685.000000</point>
			</points>
		</object>
		<object>
			<coordinate>pixel</coordinate>
			<type>rectangle</type>
			<description>None</description>
			<possibleresult>
				<name>Small Car</name>
			</possibleresult>
			<points>
				<point>503.000000,546.000000</point>
				<point>495.000000,551.000000</point>
				<point>485.000000,535.000000</point>
				<point>493.000000,530.000000</point>
				<point>503.000000,546.000000</point>
			</points>
		</object>
		<object>
			<coordinate>pixel</coordinate>
			<type>rectangle</type>
			<description>None</description>
			<possibleresult>
				<name>Small Car</name>
			</possibleresult>
			<points>
				<point>464.000000,620.000000</point>
				<point>459.000000,624.000000</point>
				<point>448.000000,613.000000</point>
				<point>453.000000,609.000000</point>
				<point>464.000000,620.000000</point>
			</points>
		</object>
		<object>
			<coordinate>pixel</coordinate>
			<type>rectangle</type>
			<description>None</description>
			<possibleresult>
				<name>Small Car</name>
			</possibleresult>
			<points>
				<point>502.000000,600.000000</point>
				<point>496.000000,605.000000</point>
				<point>483.000000,589.000000</point>
				<point>489.000000,584.000000</point>
				<point>502.000000,600.000000</point>
			</points>
		</object>
		<object>
			<coordinate>pixel</coordinate>
			<type>rectangle</type>
			<description>None</description>
			<possibleresult>
				<name>Small Car</name>
			</possibleresult>
			<points>
				<point>519.000000,586.000000</point>
				<point>513.000000,592.000000</point>
				<point>502.000000,580.000000</point>
				<point>508.000000,574.000000</point>
				<point>519.000000,586.000000</point>
			</points>
		</object>
		<object>
			<coordinate>pixel</coordinate>
			<type>rectangle</type>
			<description>None</description>
			<possibleresult>
				<name>Dump Truck</name>
			</possibleresult>
			<points>
				<point>597.000000,545.000000</point>
				<point>591.000000,550.000000</point>
				<point>579.000000,535.000000</point>
				<point>585.000000,530.000000</point>
				<point>597.000000,545.000000</point>
			</points>
		</object>
		<object>
			<coordinate>pixel</coordinate>
			<type>rectangle</type>
			<description>None</description>
			<possibleresult>
				<name>Dump Truck</name>
			</possibleresult>
			<points>
				<point>609.000000,542.000000</point>
				<point>603.000000,547.000000</point>
				<point>590.000000,530.000000</point>
				<point>596.000000,525.000000</point>
				<point>609.000000,542.000000</point>
			</points>
		</object>
		<object>
			<coordinate>pixel</coordinate>
			<type>rectangle</type>
			<description>None</description>
			<possibleresult>
				<name>Van</name>
			</possibleresult>
			<points>
				<point>619.000000,535.000000</point>
				<point>612.000000,542.000000</point>
				<point>597.000000,526.000000</point>
				<point>604.000000,519.000000</point>
				<point>619.000000,535.000000</point>
			</points>
		</object>
		<object>
			<coordinate>pixel</coordinate>
			<type>rectangle</type>
			<description>None</description>
			<possibleresult>
				<name>Van</name>
			</possibleresult>
			<points>
				<point>585.000000,501.000000</point>
				<point>578.000000,506.000000</point>
				<point>566.000000,490.000000</point>
				<point>573.000000,485.000000</point>
				<point>585.000000,501.000000</point>
			</points>
		</object>
		<object>
			<coordinate>pixel</coordinate>
			<type>rectangle</type>
			<description>None</description>
			<possibleresult>
				<name>Small Car</name>
			</possibleresult>
			<points>
				<point>611.000000,481.000000</point>
				<point>606.000000,486.000000</point>
				<point>594.000000,475.000000</point>
				<point>600.000000,470.000000</point>
				<point>611.000000,481.000000</point>
			</points>
		</object>
		<object>
			<coordinate>pixel</coordinate>
			<type>rectangle</type>
			<description>None</description>
			<possibleresult>
				<name>Small Car</name>
			</possibleresult>
			<points>
				<point>592.000000,490.000000</point>
				<point>586.000000,496.000000</point>
				<point>575.000000,485.000000</point>
				<point>580.000000,479.000000</point>
				<point>592.000000,490.000000</point>
			</points>
		</object>
		<object>
			<coordinate>pixel</coordinate>
			<type>rectangle</type>
			<description>None</description>
			<possibleresult>
				<name>Van</name>
			</possibleresult>
			<points>
				<point>621.000000,477.000000</point>
				<point>615.000000,483.000000</point>
				<point>603.000000,469.000000</point>
				<point>609.000000,463.000000</point>
				<point>621.000000,477.000000</point>
			</points>
		</object>
		<object>
			<coordinate>pixel</coordinate>
			<type>rectangle</type>
			<description>None</description>
			<possibleresult>
				<name>Small Car</name>
			</possibleresult>
			<points>
				<point>521.000000,535.000000</point>
				<point>516.000000,540.000000</point>
				<point>503.000000,526.000000</point>
				<point>509.000000,521.000000</point>
				<point>521.000000,535.000000</point>
			</points>
		</object>
		<object>
			<coordinate>pixel</coordinate>
			<type>rectangle</type>
			<description>None</description>
			<possibleresult>
				<name>Van</name>
			</possibleresult>
			<points>
				<point>315.000000,415.000000</point>
				<point>308.000000,420.000000</point>
				<point>297.000000,403.000000</point>
				<point>304.000000,398.000000</point>
				<point>315.000000,415.000000</point>
			</points>
		</object>
		<object>
			<coordinate>pixel</coordinate>
			<type>rectangle</type>
			<description>None</description>
			<possibleresult>
				<name>Van</name>
			</possibleresult>
			<points>
				<point>397.000000,340.000000</point>
				<point>379.000000,350.000000</point>
				<point>375.000000,342.000000</point>
				<point>393.000000,332.000000</point>
				<point>397.000000,340.000000</point>
			</points>
		</object>
		<object>
			<coordinate>pixel</coordinate>
			<type>rectangle</type>
			<description>None</description>
			<possibleresult>
				<name>Small Car</name>
			</possibleresult>
			<points>
				<point>350.000000,402.000000</point>
				<point>343.000000,408.000000</point>
				<point>331.000000,393.000000</point>
				<point>338.000000,387.000000</point>
				<point>350.000000,402.000000</point>
			</points>
		</object>
		<object>
			<coordinate>pixel</coordinate>
			<type>rectangle</type>
			<description>None</description>
			<possibleresult>
				<name>Small Car</name>
			</possibleresult>
			<points>
				<point>278.000000,381.000000</point>
				<point>272.000000,385.000000</point>
				<point>261.000000,370.000000</point>
				<point>267.000000,366.000000</point>
				<point>278.000000,381.000000</point>
			</points>
		</object>
		<object>
			<coordinate>pixel</coordinate>
			<type>rectangle</type>
			<description>None</description>
			<possibleresult>
				<name>Small Car</name>
			</possibleresult>
			<points>
				<point>285.000000,427.000000</point>
				<point>277.000000,434.000000</point>
				<point>266.000000,419.000000</point>
				<point>274.000000,412.000000</point>
				<point>285.000000,427.000000</point>
			</points>
		</object>
		<object>
			<coordinate>pixel</coordinate>
			<type>rectangle</type>
			<description>None</description>
			<possibleresult>
				<name>Van</name>
			</possibleresult>
			<points>
				<point>244.000000,400.000000</point>
				<point>237.000000,402.000000</point>
				<point>232.000000,385.000000</point>
				<point>239.000000,383.000000</point>
				<point>244.000000,400.000000</point>
			</points>
		</object>
		<object>
			<coordinate>pixel</coordinate>
			<type>rectangle</type>
			<description>None</description>
			<possibleresult>
				<name>Van</name>
			</possibleresult>
			<points>
				<point>74.000000,463.000000</point>
				<point>66.000000,465.000000</point>
				<point>62.000000,445.000000</point>
				<point>70.000000,443.000000</point>
				<point>74.000000,463.000000</point>
			</points>
		</object>
		<object>
			<coordinate>pixel</coordinate>
			<type>rectangle</type>
			<description>None</description>
			<possibleresult>
				<name>Van</name>
			</possibleresult>
			<points>
				<point>63.000000,983.000000</point>
				<point>52.000000,983.000000</point>
				<point>53.000000,958.000000</point>
				<point>63.000000,959.000000</point>
				<point>63.000000,983.000000</point>
			</points>
		</object>
		<object>
			<coordinate>pixel</coordinate>
			<type>rectangle</type>
			<description>None</description>
			<possibleresult>
				<name>Van</name>
			</possibleresult>
			<points>
				<point>448.000000,779.000000</point>
				<point>438.000000,784.000000</point>
				<point>428.000000,766.000000</point>
				<point>437.000000,761.000000</point>
				<point>448.000000,779.000000</point>
			</points>
		</object>
		<object>
			<coordinate>pixel</coordinate>
			<type>rectangle</type>
			<description>None</description>
			<possibleresult>
				<name>Small Car</name>
			</possibleresult>
			<points>
				<point>405.000000,979.000000</point>
				<point>390.000000,989.000000</point>
				<point>385.000000,983.000000</point>
				<point>401.000000,972.000000</point>
				<point>405.000000,979.000000</point>
			</points>
		</object>
		<object>
			<coordinate>pixel</coordinate>
			<type>rectangle</type>
			<description>None</description>
			<possibleresult>
				<name>Van</name>
			</possibleresult>
			<points>
				<point>392.000000,963.000000</point>
				<point>376.000000,973.000000</point>
				<point>372.000000,966.000000</point>
				<point>388.000000,956.000000</point>
				<point>392.000000,963.000000</point>
			</points>
		</object>
		<object>
			<coordinate>pixel</coordinate>
			<type>rectangle</type>
			<description>None</description>
			<possibleresult>
				<name>Small Car</name>
			</possibleresult>
			<points>
				<point>400.000000,969.000000</point>
				<point>384.000000,980.000000</point>
				<point>379.000000,973.000000</point>
				<point>395.000000,962.000000</point>
				<point>400.000000,969.000000</point>
			</points>
		</object>
		<object>
			<coordinate>pixel</coordinate>
			<type>rectangle</type>
			<description>None</description>
			<possibleresult>
				<name>Small Car</name>
			</possibleresult>
			<points>
				<point>426.000000,967.000000</point>
				<point>409.000000,977.000000</point>
				<point>405.000000,969.000000</point>
				<point>421.000000,960.000000</point>
				<point>426.000000,967.000000</point>
			</points>
		</object>
		<object>
			<coordinate>pixel</coordinate>
			<type>rectangle</type>
			<description>None</description>
			<possibleresult>
				<name>Van</name>
			</possibleresult>
			<points>
				<point>393.000000,929.000000</point>
				<point>375.000000,940.000000</point>
				<point>371.000000,933.000000</point>
				<point>389.000000,923.000000</point>
				<point>393.000000,929.000000</point>
			</points>
		</object>
		<object>
			<coordinate>pixel</coordinate>
			<type>rectangle</type>
			<description>None</description>
			<possibleresult>
				<name>Small Car</name>
			</possibleresult>
			<points>
				<point>384.000000,921.000000</point>
				<point>369.000000,930.000000</point>
				<point>364.000000,923.000000</point>
				<point>380.000000,913.000000</point>
				<point>384.000000,921.000000</point>
			</points>
		</object>
		<object>
			<coordinate>pixel</coordinate>
			<type>rectangle</type>
			<description>None</description>
			<possibleresult>
				<name>Van</name>
			</possibleresult>
			<points>
				<point>386.000000,955.000000</point>
				<point>368.000000,966.000000</point>
				<point>363.000000,958.000000</point>
				<point>381.000000,947.000000</point>
				<point>386.000000,955.000000</point>
			</points>
		</object>
		<object>
			<coordinate>pixel</coordinate>
			<type>rectangle</type>
			<description>None</description>
			<possibleresult>
				<name>Small Car</name>
			</possibleresult>
			<points>
				<point>365.000000,931.000000</point>
				<point>349.000000,940.000000</point>
				<point>345.000000,933.000000</point>
				<point>362.000000,924.000000</point>
				<point>365.000000,931.000000</point>
			</points>
		</object>
		<object>
			<coordinate>pixel</coordinate>
			<type>rectangle</type>
			<description>None</description>
			<possibleresult>
				<name>Van</name>
			</possibleresult>
			<points>
				<point>378.000000,913.000000</point>
				<point>361.000000,924.000000</point>
				<point>357.000000,917.000000</point>
				<point>374.000000,906.000000</point>
				<point>378.000000,913.000000</point>
			</points>
		</object>
		<object>
			<coordinate>pixel</coordinate>
			<type>rectangle</type>
			<description>None</description>
			<possibleresult>
				<name>Van</name>
			</possibleresult>
			<points>
				<point>364.000000,898.000000</point>
				<point>347.000000,908.000000</point>
				<point>343.000000,902.000000</point>
				<point>359.000000,891.000000</point>
				<point>364.000000,898.000000</point>
			</points>
		</object>
		<object>
			<coordinate>pixel</coordinate>
			<type>rectangle</type>
			<description>None</description>
			<possibleresult>
				<name>Van</name>
			</possibleresult>
			<points>
				<point>350.000000,919.000000</point>
				<point>336.000000,928.000000</point>
				<point>331.000000,920.000000</point>
				<point>346.000000,912.000000</point>
				<point>350.000000,919.000000</point>
			</points>
		</object>
		<object>
			<coordinate>pixel</coordinate>
			<type>rectangle</type>
			<description>None</description>
			<possibleresult>
				<name>Van</name>
			</possibleresult>
			<points>
				<point>358.000000,926.000000</point>
				<point>342.000000,935.000000</point>
				<point>338.000000,928.000000</point>
				<point>355.000000,919.000000</point>
				<point>358.000000,926.000000</point>
			</points>
		</object>
		<object>
			<coordinate>pixel</coordinate>
			<type>rectangle</type>
			<description>None</description>
			<possibleresult>
				<name>Van</name>
			</possibleresult>
			<points>
				<point>338.000000,902.000000</point>
				<point>319.000000,912.000000</point>
				<point>314.000000,903.000000</point>
				<point>333.000000,893.000000</point>
				<point>338.000000,902.000000</point>
			</points>
		</object>
		<object>
			<coordinate>pixel</coordinate>
			<type>rectangle</type>
			<description>None</description>
			<possibleresult>
				<name>Dump Truck</name>
			</possibleresult>
			<points>
				<point>326.000000,1000.000000</point>
				<point>321.000000,992.000000</point>
				<point>344.000000,978.000000</point>
				<point>349.000000,986.000000</point>
				<point>326.000000,1000.000000</point>
			</points>
		</object>
		<object>
			<coordinate>pixel</coordinate>
			<type>rectangle</type>
			<description>None</description>
			<possibleresult>
				<name>Van</name>
			</possibleresult>
			<points>
				<point>341.000000,981.000000</point>
				<point>323.000000,991.000000</point>
				<point>320.000000,983.000000</point>
				<point>337.000000,974.000000</point>
				<point>341.000000,981.000000</point>
			</points>
		</object>
		<object>
			<coordinate>pixel</coordinate>
			<type>rectangle</type>
			<description>None</description>
			<possibleresult>
				<name>Van</name>
			</possibleresult>
			<points>
				<point>326.000000,966.000000</point>
				<point>307.000000,977.000000</point>
				<point>303.000000,970.000000</point>
				<point>322.000000,960.000000</point>
				<point>326.000000,966.000000</point>
			</points>
		</object>
		<object>
			<coordinate>pixel</coordinate>
			<type>rectangle</type>
			<description>None</description>
			<possibleresult>
				<name>Small Car</name>
			</possibleresult>
			<points>
				<point>333.000000,973.000000</point>
				<point>315.000000,985.000000</point>
				<point>310.000000,977.000000</point>
				<point>329.000000,966.000000</point>
				<point>333.000000,973.000000</point>
			</points>
		</object>
		<object>
			<coordinate>pixel</coordinate>
			<type>rectangle</type>
			<description>None</description>
			<possibleresult>
				<name>Van</name>
			</possibleresult>
			<points>
				<point>305.000000,945.000000</point>
				<point>288.000000,956.000000</point>
				<point>283.000000,949.000000</point>
				<point>301.000000,938.000000</point>
				<point>305.000000,945.000000</point>
			</points>
		</object>
		<object>
			<coordinate>pixel</coordinate>
			<type>rectangle</type>
			<description>None</description>
			<possibleresult>
				<name>Small Car</name>
			</possibleresult>
			<points>
				<point>298.000000,939.000000</point>
				<point>280.000000,948.000000</point>
				<point>276.000000,941.000000</point>
				<point>294.000000,932.000000</point>
				<point>298.000000,939.000000</point>
			</points>
		</object>
		<object>
			<coordinate>pixel</coordinate>
			<type>rectangle</type>
			<description>None</description>
			<possibleresult>
				<name>Small Car</name>
			</possibleresult>
			<points>
				<point>240.000000,938.000000</point>
				<point>232.000000,938.000000</point>
				<point>232.000000,921.000000</point>
				<point>240.000000,921.000000</point>
				<point>240.000000,938.000000</point>
			</points>
		</object>
		<object>
			<coordinate>pixel</coordinate>
			<type>rectangle</type>
			<description>None</description>
			<possibleresult>
				<name>Small Car</name>
			</possibleresult>
			<points>
				<point>352.000000,881.000000</point>
				<point>335.000000,890.000000</point>
				<point>331.000000,882.000000</point>
				<point>348.000000,873.000000</point>
				<point>352.000000,881.000000</point>
			</points>
		</object>
		<object>
			<coordinate>pixel</coordinate>
			<type>rectangle</type>
			<description>None</description>
			<possibleresult>
				<name>Van</name>
			</possibleresult>
			<points>
				<point>690.000000,495.000000</point>
				<point>685.000000,500.000000</point>
				<point>672.000000,488.000000</point>
				<point>677.000000,483.000000</point>
				<point>690.000000,495.000000</point>
			</points>
		</object>
		<object>
			<coordinate>pixel</coordinate>
			<type>rectangle</type>
			<description>None</description>
			<possibleresult>
				<name>Van</name>
			</possibleresult>
			<points>
				<point>755.000000,460.000000</point>
				<point>750.000000,466.000000</point>
				<point>736.000000,455.000000</point>
				<point>741.000000,449.000000</point>
				<point>755.000000,460.000000</point>
			</points>
		</object>
		<object>
			<coordinate>pixel</coordinate>
			<type>rectangle</type>
			<description>None</description>
			<possibleresult>
				<name>Van</name>
			</possibleresult>
			<points>
				<point>681.000000,502.000000</point>
				<point>675.000000,507.000000</point>
				<point>662.000000,493.000000</point>
				<point>669.000000,487.000000</point>
				<point>681.000000,502.000000</point>
			</points>
		</object>
		<object>
			<coordinate>pixel</coordinate>
			<type>rectangle</type>
			<description>None</description>
			<possibleresult>
				<name>Van</name>
			</possibleresult>
			<points>
				<point>459.000000,344.000000</point>
				<point>452.000000,350.000000</point>
				<point>439.000000,337.000000</point>
				<point>445.000000,331.000000</point>
				<point>459.000000,344.000000</point>
			</points>
		</object>
		<object>
			<coordinate>pixel</coordinate>
			<type>rectangle</type>
			<description>None</description>
			<possibleresult>
				<name>Small Car</name>
			</possibleresult>
			<points>
				<point>447.000000,350.000000</point>
				<point>441.000000,355.000000</point>
				<point>430.000000,341.000000</point>
				<point>436.000000,337.000000</point>
				<point>447.000000,350.000000</point>
			</points>
		</object>
		<object>
			<coordinate>pixel</coordinate>
			<type>rectangle</type>
			<description>None</description>
			<possibleresult>
				<name>Van</name>
			</possibleresult>
			<points>
				<point>437.000000,354.000000</point>
				<point>430.000000,359.000000</point>
				<point>420.000000,345.000000</point>
				<point>427.000000,340.000000</point>
				<point>437.000000,354.000000</point>
			</points>
		</object>
		<object>
			<coordinate>pixel</coordinate>
			<type>rectangle</type>
			<description>None</description>
			<possibleresult>
				<name>Small Car</name>
			</possibleresult>
			<points>
				<point>503.000000,293.000000</point>
				<point>496.000000,296.000000</point>
				<point>489.000000,282.000000</point>
				<point>497.000000,278.000000</point>
				<point>503.000000,293.000000</point>
			</points>
		</object>
		<object>
			<coordinate>pixel</coordinate>
			<type>rectangle</type>
			<description>None</description>
			<possibleresult>
				<name>Van</name>
			</possibleresult>
			<points>
				<point>591.000000,269.000000</point>
				<point>583.000000,273.000000</point>
				<point>576.000000,255.000000</point>
				<point>584.000000,252.000000</point>
				<point>591.000000,269.000000</point>
			</points>
		</object>
		<object>
			<coordinate>pixel</coordinate>
			<type>rectangle</type>
			<description>None</description>
			<possibleresult>
				<name>Small Car</name>
			</possibleresult>
			<points>
				<point>685.000000,268.000000</point>
				<point>681.000000,274.000000</point>
				<point>661.000000,261.000000</point>
				<point>665.000000,255.000000</point>
				<point>685.000000,268.000000</point>
			</points>
		</object>
		<object>
			<coordinate>pixel</coordinate>
			<type>rectangle</type>
			<description>None</description>
			<possibleresult>
				<name>Dump Truck</name>
			</possibleresult>
			<points>
				<point>609.000000,257.000000</point>
				<point>603.000000,263.000000</point>
				<point>590.000000,247.000000</point>
				<point>596.000000,242.000000</point>
				<point>609.000000,257.000000</point>
			</points>
		</object>
		<object>
			<coordinate>pixel</coordinate>
			<type>rectangle</type>
			<description>None</description>
			<possibleresult>
				<name>Small Car</name>
			</possibleresult>
			<points>
				<point>691.000000,189.000000</point>
				<point>688.000000,195.000000</point>
				<point>669.000000,185.000000</point>
				<point>672.000000,179.000000</point>
				<point>691.000000,189.000000</point>
			</points>
		</object>
		<object>
			<coordinate>pixel</coordinate>
			<type>rectangle</type>
			<description>None</description>
			<possibleresult>
				<name>Van</name>
			</possibleresult>
			<points>
				<point>769.000000,237.000000</point>
				<point>754.000000,247.000000</point>
				<point>749.000000,240.000000</point>
				<point>764.000000,230.000000</point>
				<point>769.000000,237.000000</point>
			</points>
		</object>
		<object>
			<coordinate>pixel</coordinate>
			<type>rectangle</type>
			<description>None</description>
			<possibleresult>
				<name>Van</name>
			</possibleresult>
			<points>
				<point>815.000000,75.000000</point>
				<point>813.000000,83.000000</point>
				<point>793.000000,78.000000</point>
				<point>794.000000,71.000000</point>
				<point>815.000000,75.000000</point>
			</points>
		</object>
		<object>
			<coordinate>pixel</coordinate>
			<type>rectangle</type>
			<description>None</description>
			<possibleresult>
				<name>Van</name>
			</possibleresult>
			<points>
				<point>766.000000,52.000000</point>
				<point>764.000000,60.000000</point>
				<point>746.000000,55.000000</point>
				<point>748.000000,47.000000</point>
				<point>766.000000,52.000000</point>
			</points>
		</object>
		<object>
			<coordinate>pixel</coordinate>
			<type>rectangle</type>
			<description>None</description>
			<possibleresult>
				<name>Small Car</name>
			</possibleresult>
			<points>
				<point>744.000000,96.000000</point>
				<point>742.000000,103.000000</point>
				<point>722.000000,98.000000</point>
				<point>724.000000,90.000000</point>
				<point>744.000000,96.000000</point>
			</points>
		</object>
		<object>
			<coordinate>pixel</coordinate>
			<type>rectangle</type>
			<description>None</description>
			<possibleresult>
				<name>Van</name>
			</possibleresult>
			<points>
				<point>770.000000,43.000000</point>
				<point>768.000000,50.000000</point>
				<point>749.000000,46.000000</point>
				<point>751.000000,39.000000</point>
				<point>770.000000,43.000000</point>
			</points>
		</object>
		<object>
			<coordinate>pixel</coordinate>
			<type>rectangle</type>
			<description>None</description>
			<possibleresult>
				<name>Van</name>
			</possibleresult>
			<points>
				<point>757.000000,69.000000</point>
				<point>756.000000,77.000000</point>
				<point>740.000000,74.000000</point>
				<point>742.000000,67.000000</point>
				<point>757.000000,69.000000</point>
			</points>
		</object>
		<object>
			<coordinate>pixel</coordinate>
			<type>rectangle</type>
			<description>None</description>
			<possibleresult>
				<name>Small Car</name>
			</possibleresult>
			<points>
				<point>738.000000,102.000000</point>
				<point>737.000000,110.000000</point>
				<point>718.000000,106.000000</point>
				<point>719.000000,98.000000</point>
				<point>738.000000,102.000000</point>
			</points>
		</object>
		<object>
			<coordinate>pixel</coordinate>
			<type>rectangle</type>
			<description>None</description>
			<possibleresult>
				<name>Van</name>
			</possibleresult>
			<points>
				<point>841.000000,336.000000</point>
				<point>819.000000,337.000000</point>
				<point>818.000000,328.000000</point>
				<point>841.000000,327.000000</point>
				<point>841.000000,336.000000</point>
			</points>
		</object>
		<object>
			<coordinate>pixel</coordinate>
			<type>rectangle</type>
			<description>None</description>
			<possibleresult>
				<name>Small Car</name>
			</possibleresult>
			<points>
				<point>843.000000,326.000000</point>
				<point>821.000000,325.000000</point>
				<point>822.000000,319.000000</point>
				<point>843.000000,319.000000</point>
				<point>843.000000,326.000000</point>
			</points>
		</object>
		<object>
			<coordinate>pixel</coordinate>
			<type>rectangle</type>
			<description>None</description>
			<possibleresult>
				<name>Small Car</name>
			</possibleresult>
			<points>
				<point>844.000000,310.000000</point>
				<point>843.000000,317.000000</point>
				<point>822.000000,316.000000</point>
				<point>822.000000,309.000000</point>
				<point>844.000000,310.000000</point>
			</points>
		</object>
		<object>
			<coordinate>pixel</coordinate>
			<type>rectangle</type>
			<description>None</description>
			<possibleresult>
				<name>Dump Truck</name>
			</possibleresult>
			<points>
				<point>838.000000,354.000000</point>
				<point>821.000000,353.000000</point>
				<point>821.000000,346.000000</point>
				<point>838.000000,346.000000</point>
				<point>838.000000,354.000000</point>
			</points>
		</object>
		<object>
			<coordinate>pixel</coordinate>
			<type>rectangle</type>
			<description>None</description>
			<possibleresult>
				<name>Bus</name>
			</possibleresult>
			<points>
				<point>883.000000,453.000000</point>
				<point>848.000000,472.000000</point>
				<point>841.000000,461.000000</point>
				<point>877.000000,442.000000</point>
				<point>883.000000,453.000000</point>
			</points>
		</object>
		<object>
			<coordinate>pixel</coordinate>
			<type>rectangle</type>
			<description>None</description>
			<possibleresult>
				<name>Van</name>
			</possibleresult>
			<points>
				<point>883.000000,482.000000</point>
				<point>869.000000,491.000000</point>
				<point>865.000000,485.000000</point>
				<point>879.000000,476.000000</point>
				<point>883.000000,482.000000</point>
			</points>
		</object>
		<object>
			<coordinate>pixel</coordinate>
			<type>rectangle</type>
			<description>None</description>
			<possibleresult>
				<name>Dump Truck</name>
			</possibleresult>
			<points>
				<point>845.000000,504.000000</point>
				<point>822.000000,515.000000</point>
				<point>819.000000,507.000000</point>
				<point>842.000000,496.000000</point>
				<point>845.000000,504.000000</point>
			</points>
		</object>
		<object>
			<coordinate>pixel</coordinate>
			<type>rectangle</type>
			<description>None</description>
			<possibleresult>
				<name>Small Car</name>
			</possibleresult>
			<points>
				<point>821.000000,518.000000</point>
				<point>804.000000,526.000000</point>
				<point>800.000000,519.000000</point>
				<point>817.000000,511.000000</point>
				<point>821.000000,518.000000</point>
			</points>
		</object>
		<object>
			<coordinate>pixel</coordinate>
			<type>rectangle</type>
			<description>None</description>
			<possibleresult>
				<name>Van</name>
			</possibleresult>
			<points>
				<point>794.000000,570.000000</point>
				<point>788.000000,575.000000</point>
				<point>776.000000,562.000000</point>
				<point>782.000000,556.000000</point>
				<point>794.000000,570.000000</point>
			</points>
		</object>
		<object>
			<coordinate>pixel</coordinate>
			<type>rectangle</type>
			<description>None</description>
			<possibleresult>
				<name>Van</name>
			</possibleresult>
			<points>
				<point>782.000000,625.000000</point>
				<point>768.000000,637.000000</point>
				<point>763.000000,631.000000</point>
				<point>777.000000,619.000000</point>
				<point>782.000000,625.000000</point>
			</points>
		</object>
		<object>
			<coordinate>pixel</coordinate>
			<type>rectangle</type>
			<description>None</description>
			<possibleresult>
				<name>Van</name>
			</possibleresult>
			<points>
				<point>790.000000,633.000000</point>
				<point>775.000000,643.000000</point>
				<point>771.000000,637.000000</point>
				<point>786.000000,627.000000</point>
				<point>790.000000,633.000000</point>
			</points>
		</object>
		<object>
			<coordinate>pixel</coordinate>
			<type>rectangle</type>
			<description>None</description>
			<possibleresult>
				<name>Van</name>
			</possibleresult>
			<points>
				<point>805.000000,650.000000</point>
				<point>789.000000,660.000000</point>
				<point>784.000000,652.000000</point>
				<point>800.000000,642.000000</point>
				<point>805.000000,650.000000</point>
			</points>
		</object>
		<object>
			<coordinate>pixel</coordinate>
			<type>rectangle</type>
			<description>None</description>
			<possibleresult>
				<name>Small Car</name>
			</possibleresult>
			<points>
				<point>813.000000,654.000000</point>
				<point>797.000000,665.000000</point>
				<point>793.000000,659.000000</point>
				<point>810.000000,649.000000</point>
				<point>813.000000,654.000000</point>
			</points>
		</object>
		<object>
			<coordinate>pixel</coordinate>
			<type>rectangle</type>
			<description>None</description>
			<possibleresult>
				<name>Van</name>
			</possibleresult>
			<points>
				<point>822.000000,661.000000</point>
				<point>803.000000,673.000000</point>
				<point>798.000000,665.000000</point>
				<point>816.000000,653.000000</point>
				<point>822.000000,661.000000</point>
			</points>
		</object>
		<object>
			<coordinate>pixel</coordinate>
			<type>rectangle</type>
			<description>None</description>
			<possibleresult>
				<name>Van</name>
			</possibleresult>
			<points>
				<point>827.000000,671.000000</point>
				<point>811.000000,680.000000</point>
				<point>808.000000,674.000000</point>
				<point>824.000000,665.000000</point>
				<point>827.000000,671.000000</point>
			</points>
		</object>
		<object>
			<coordinate>pixel</coordinate>
			<type>rectangle</type>
			<description>None</description>
			<possibleresult>
				<name>Small Car</name>
			</possibleresult>
			<points>
				<point>834.000000,677.000000</point>
				<point>819.000000,686.000000</point>
				<point>815.000000,679.000000</point>
				<point>830.000000,670.000000</point>
				<point>834.000000,677.000000</point>
			</points>
		</object>
		<object>
			<coordinate>pixel</coordinate>
			<type>rectangle</type>
			<description>None</description>
			<possibleresult>
				<name>Small Car</name>
			</possibleresult>
			<points>
				<point>841.000000,685.000000</point>
				<point>825.000000,695.000000</point>
				<point>821.000000,689.000000</point>
				<point>837.000000,679.000000</point>
				<point>841.000000,685.000000</point>
			</points>
		</object>
		<object>
			<coordinate>pixel</coordinate>
			<type>rectangle</type>
			<description>None</description>
			<possibleresult>
				<name>Van</name>
			</possibleresult>
			<points>
				<point>848.000000,692.000000</point>
				<point>832.000000,703.000000</point>
				<point>827.000000,696.000000</point>
				<point>842.000000,685.000000</point>
				<point>848.000000,692.000000</point>
			</points>
		</object>
		<object>
			<coordinate>pixel</coordinate>
			<type>rectangle</type>
			<description>None</description>
			<possibleresult>
				<name>Small Car</name>
			</possibleresult>
			<points>
				<point>863.000000,708.000000</point>
				<point>848.000000,716.000000</point>
				<point>844.000000,708.000000</point>
				<point>859.000000,700.000000</point>
				<point>863.000000,708.000000</point>
			</points>
		</object>
		<object>
			<coordinate>pixel</coordinate>
			<type>rectangle</type>
			<description>None</description>
			<possibleresult>
				<name>Small Car</name>
			</possibleresult>
			<points>
				<point>870.000000,714.000000</point>
				<point>856.000000,724.000000</point>
				<point>852.000000,717.000000</point>
				<point>866.000000,708.000000</point>
				<point>870.000000,714.000000</point>
			</points>
		</object>
		<object>
			<coordinate>pixel</coordinate>
			<type>rectangle</type>
			<description>None</description>
			<possibleresult>
				<name>Van</name>
			</possibleresult>
			<points>
				<point>940.000000,717.000000</point>
				<point>934.000000,723.000000</point>
				<point>920.000000,710.000000</point>
				<point>926.000000,704.000000</point>
				<point>940.000000,717.000000</point>
			</points>
		</object>
		<object>
			<coordinate>pixel</coordinate>
			<type>rectangle</type>
			<description>None</description>
			<possibleresult>
				<name>Van</name>
			</possibleresult>
			<points>
				<point>878.000000,654.000000</point>
				<point>873.000000,659.000000</point>
				<point>861.000000,647.000000</point>
				<point>867.000000,642.000000</point>
				<point>878.000000,654.000000</point>
			</points>
		</object>
		<object>
			<coordinate>pixel</coordinate>
			<type>rectangle</type>
			<description>None</description>
			<possibleresult>
				<name>Van</name>
			</possibleresult>
			<points>
				<point>912.000000,740.000000</point>
				<point>905.000000,745.000000</point>
				<point>894.000000,731.000000</point>
				<point>900.000000,726.000000</point>
				<point>912.000000,740.000000</point>
			</points>
		</object>
		<object>
			<coordinate>pixel</coordinate>
			<type>rectangle</type>
			<description>None</description>
			<possibleresult>
				<name>Van</name>
			</possibleresult>
			<points>
				<point>991.000000,774.000000</point>
				<point>985.000000,779.000000</point>
				<point>972.000000,764.000000</point>
				<point>979.000000,759.000000</point>
				<point>991.000000,774.000000</point>
			</points>
		</object>
		<object>
			<coordinate>pixel</coordinate>
			<type>rectangle</type>
			<description>None</description>
			<possibleresult>
				<name>Dump Truck</name>
			</possibleresult>
			<points>
				<point>932.000000,762.000000</point>
				<point>925.000000,767.000000</point>
				<point>909.000000,747.000000</point>
				<point>916.000000,742.000000</point>
				<point>932.000000,762.000000</point>
			</points>
		</object>
		<object>
			<coordinate>pixel</coordinate>
			<type>rectangle</type>
			<description>None</description>
			<possibleresult>
				<name>Dump Truck</name>
			</possibleresult>
			<points>
				<point>986.000000,816.000000</point>
				<point>980.000000,823.000000</point>
				<point>964.000000,807.000000</point>
				<point>970.000000,801.000000</point>
				<point>986.000000,816.000000</point>
			</points>
		</object>
		<object>
			<coordinate>pixel</coordinate>
			<type>rectangle</type>
			<description>None</description>
			<possibleresult>
				<name>Van</name>
			</possibleresult>
			<points>
				<point>255.000000,269.000000</point>
				<point>240.000000,279.000000</point>
				<point>236.000000,271.000000</point>
				<point>250.000000,262.000000</point>
				<point>255.000000,269.000000</point>
			</points>
		</object>
		<object>
			<coordinate>pixel</coordinate>
			<type>rectangle</type>
			<description>None</description>
			<possibleresult>
				<name>Small Car</name>
			</possibleresult>
			<points>
				<point>438.000000,578.000000</point>
				<point>432.000000,582.000000</point>
				<point>422.000000,569.000000</point>
				<point>428.000000,564.000000</point>
				<point>438.000000,578.000000</point>
			</points>
		</object>
		<object>
			<coordinate>pixel</coordinate>
			<type>rectangle</type>
			<description>None</description>
			<possibleresult>
				<name>Small Car</name>
			</possibleresult>
			<points>
				<point>493.000000,295.000000</point>
				<point>486.000000,299.000000</point>
				<point>477.000000,283.000000</point>
				<point>484.000000,278.000000</point>
				<point>493.000000,295.000000</point>
			</points>
		</object>
		<object>
			<coordinate>pixel</coordinate>
			<type>rectangle</type>
			<description>None</description>
			<possibleresult>
				<name>Small Car</name>
			</possibleresult>
			<points>
				<point>417.000000,363.000000</point>
				<point>410.000000,368.000000</point>
				<point>398.000000,353.000000</point>
				<point>405.000000,348.000000</point>
				<point>417.000000,363.000000</point>
			</points>
		</object>
		<object>
			<coordinate>pixel</coordinate>
			<type>rectangle</type>
			<description>None</description>
			<possibleresult>
				<name>Small Car</name>
			</possibleresult>
			<points>
				<point>408.000000,368.000000</point>
				<point>399.000000,374.000000</point>
				<point>390.000000,361.000000</point>
				<point>398.000000,355.000000</point>
				<point>408.000000,368.000000</point>
			</points>
		</object>
		<object>
			<coordinate>pixel</coordinate>
			<type>rectangle</type>
			<description>None</description>
			<possibleresult>
				<name>Dump Truck</name>
			</possibleresult>
			<points>
				<point>513.000000,593.000000</point>
				<point>505.000000,600.000000</point>
				<point>489.000000,584.000000</point>
				<point>498.000000,576.000000</point>
				<point>513.000000,593.000000</point>
			</points>
		</object>
		<object>
			<coordinate>pixel</coordinate>
			<type>rectangle</type>
			<description>None</description>
			<possibleresult>
				<name>Dump Truck</name>
			</possibleresult>
			<points>
				<point>450.000000,575.000000</point>
				<point>442.000000,581.000000</point>
				<point>430.000000,565.000000</point>
				<point>438.000000,559.000000</point>
				<point>450.000000,575.000000</point>
			</points>
		</object>
	</objects>
</annotation>