<?xml version="1.0" encoding="utf-8"?>
<annotation>
	<source>
		<filename>15345.tif</filename>
		<origin>GF2/GF3</origin>
	</source>
	<research>
		<version>1.0</version>
		<provider>FAIR1M</provider>
		<author>Cyber</author>
		<pluginname>FAIR1M</pluginname>
		<pluginclass>object detection</pluginclass>
		<time>2021-07-21</time>
	</research>
	<size>
		<width>1000</width>
		<height>1000</height>
		<depth>3</depth>
	</size>
	<objects>
		<object>
			<coordinate>pixel</coordinate>
			<type>rectangle</type>
			<description>None</description>
			<possibleresult>
				<name>Small Car</name>
			</possibleresult>
			<points>
				<point>458.000000,340.000000</point>
				<point>450.000000,342.000000</point>
				<point>447.000000,326.000000</point>
				<point>455.000000,325.000000</point>
				<point>458.000000,340.000000</point>
			</points>
		</object>
		<object>
			<coordinate>pixel</coordinate>
			<type>rectangle</type>
			<description>None</description>
			<possibleresult>
				<name>Small Car</name>
			</possibleresult>
			<points>
				<point>470.000000,397.000000</point>
				<point>461.000000,399.000000</point>
				<point>458.000000,382.000000</point>
				<point>467.000000,380.000000</point>
				<point>470.000000,397.000000</point>
			</points>
		</object>
		<object>
			<coordinate>pixel</coordinate>
			<type>rectangle</type>
			<description>None</description>
			<possibleresult>
				<name>Van</name>
			</possibleresult>
			<points>
				<point>835.000000,637.000000</point>
				<point>834.000000,643.000000</point>
				<point>813.000000,640.000000</point>
				<point>814.000000,634.000000</point>
				<point>835.000000,637.000000</point>
			</points>
		</object>
	</objects>
</annotation>