<?xml version="1.0" encoding="utf-8"?>
<annotation>
	<source>
		<filename>15368.tif</filename>
		<origin>GF2/GF3</origin>
	</source>
	<research>
		<version>1.0</version>
		<provider>FAIR1M</provider>
		<author>Cyber</author>
		<pluginname>FAIR1M</pluginname>
		<pluginclass>object detection</pluginclass>
		<time>2021-07-21</time>
	</research>
	<size>
		<width>800</width>
		<height>600</height>
		<depth>4</depth>
	</size>
	<objects>
		<object>
			<coordinate>pixel</coordinate>
			<type>rectangle</type>
			<description>None</description>
			<possibleresult>
				<name>Van</name>
			</possibleresult>
			<points>
				<point>175.000000,341.000000</point>
				<point>152.000000,342.000000</point>
				<point>151.000000,334.000000</point>
				<point>175.000000,333.000000</point>
				<point>175.000000,341.000000</point>
			</points>
		</object>
		<object>
			<coordinate>pixel</coordinate>
			<type>rectangle</type>
			<description>None</description>
			<possibleresult>
				<name>Cargo Truck</name>
			</possibleresult>
			<points>
				<point>184.000000,388.000000</point>
				<point>158.000000,389.000000</point>
				<point>158.000000,381.000000</point>
				<point>183.000000,379.000000</point>
				<point>184.000000,388.000000</point>
			</points>
		</object>
		<object>
			<coordinate>pixel</coordinate>
			<type>rectangle</type>
			<description>None</description>
			<possibleresult>
				<name>Small Car</name>
			</possibleresult>
			<points>
				<point>117.000000,467.000000</point>
				<point>106.000000,469.000000</point>
				<point>102.000000,449.000000</point>
				<point>113.000000,447.000000</point>
				<point>117.000000,467.000000</point>
			</points>
		</object>
		<object>
			<coordinate>pixel</coordinate>
			<type>rectangle</type>
			<description>None</description>
			<possibleresult>
				<name>Van</name>
			</possibleresult>
			<points>
				<point>31.000000,474.000000</point>
				<point>20.000000,476.000000</point>
				<point>17.000000,457.000000</point>
				<point>28.000000,455.000000</point>
				<point>31.000000,474.000000</point>
			</points>
		</object>
		<object>
			<coordinate>pixel</coordinate>
			<type>rectangle</type>
			<description>None</description>
			<possibleresult>
				<name>Baseball Field</name>
			</possibleresult>
			<points>
				<point>517.000000,196.000000</point>
				<point>375.000000,207.000000</point>
				<point>367.000000,98.000000</point>
				<point>509.000000,88.000000</point>
				<point>517.000000,196.000000</point>
			</points>
		</object>
		<object>
			<coordinate>pixel</coordinate>
			<type>rectangle</type>
			<description>None</description>
			<possibleresult>
				<name>Football Field</name>
			</possibleresult>
			<points>
				<point>800.000000,454.015411</point>
				<point>497.846924,482.014160</point>
				<point>482.000000,311.000000</point>
				<point>800.000000,281.532806</point>
				<point>800.000000,454.015411</point>
			</points>
		</object>
	</objects>
</annotation>