<?xml version="1.0" encoding="utf-8"?>
<annotation>
	<source>
		<filename>15367.tif</filename>
		<origin>GF2/GF3</origin>
	</source>
	<research>
		<version>1.0</version>
		<provider>FAIR1M</provider>
		<author>Cyber</author>
		<pluginname>FAIR1M</pluginname>
		<pluginclass>object detection</pluginclass>
		<time>2021-07-21</time>
	</research>
	<size>
		<width>1000</width>
		<height>1000</height>
		<depth>3</depth>
	</size>
	<objects>
		<object>
			<coordinate>pixel</coordinate>
			<type>rectangle</type>
			<description>None</description>
			<possibleresult>
				<name>Motorboat</name>
			</possibleresult>
			<points>
				<point>12.000000,153.000000</point>
				<point>18.000000,149.000000</point>
				<point>16.000000,145.000000</point>
				<point>9.000000,150.000000</point>
				<point>12.000000,153.000000</point>
			</points>
		</object>
		<object>
			<coordinate>pixel</coordinate>
			<type>rectangle</type>
			<description>None</description>
			<possibleresult>
				<name>Motorboat</name>
			</possibleresult>
			<points>
				<point>14.000000,158.000000</point>
				<point>22.000000,152.000000</point>
				<point>20.000000,150.000000</point>
				<point>13.000000,156.000000</point>
				<point>14.000000,158.000000</point>
			</points>
		</object>
		<object>
			<coordinate>pixel</coordinate>
			<type>rectangle</type>
			<description>None</description>
			<possibleresult>
				<name>Motorboat</name>
			</possibleresult>
			<points>
				<point>5.000000,141.000000</point>
				<point>12.000000,136.000000</point>
				<point>10.000000,133.000000</point>
				<point>3.000000,138.000000</point>
				<point>5.000000,141.000000</point>
			</points>
		</object>
		<object>
			<coordinate>pixel</coordinate>
			<type>rectangle</type>
			<description>None</description>
			<possibleresult>
				<name>Motorboat</name>
			</possibleresult>
			<points>
				<point>34.000000,125.000000</point>
				<point>26.000000,131.000000</point>
				<point>29.000000,134.000000</point>
				<point>37.000000,128.000000</point>
				<point>34.000000,125.000000</point>
			</points>
		</object>
		<object>
			<coordinate>pixel</coordinate>
			<type>rectangle</type>
			<description>None</description>
			<possibleresult>
				<name>Motorboat</name>
			</possibleresult>
			<points>
				<point>21.000000,167.000000</point>
				<point>29.000000,161.000000</point>
				<point>27.000000,158.000000</point>
				<point>19.000000,164.000000</point>
				<point>21.000000,167.000000</point>
			</points>
		</object>
		<object>
			<coordinate>pixel</coordinate>
			<type>rectangle</type>
			<description>None</description>
			<possibleresult>
				<name>Motorboat</name>
			</possibleresult>
			<points>
				<point>24.000000,170.000000</point>
				<point>32.000000,165.000000</point>
				<point>30.000000,162.000000</point>
				<point>22.000000,167.000000</point>
				<point>24.000000,170.000000</point>
			</points>
		</object>
		<object>
			<coordinate>pixel</coordinate>
			<type>rectangle</type>
			<description>None</description>
			<possibleresult>
				<name>Motorboat</name>
			</possibleresult>
			<points>
				<point>27.000000,175.000000</point>
				<point>35.000000,168.000000</point>
				<point>33.000000,166.000000</point>
				<point>25.000000,172.000000</point>
				<point>27.000000,175.000000</point>
			</points>
		</object>
		<object>
			<coordinate>pixel</coordinate>
			<type>rectangle</type>
			<description>None</description>
			<possibleresult>
				<name>Motorboat</name>
			</possibleresult>
			<points>
				<point>29.000000,180.000000</point>
				<point>37.000000,174.000000</point>
				<point>35.000000,170.000000</point>
				<point>26.000000,177.000000</point>
				<point>29.000000,180.000000</point>
			</points>
		</object>
		<object>
			<coordinate>pixel</coordinate>
			<type>rectangle</type>
			<description>None</description>
			<possibleresult>
				<name>Motorboat</name>
			</possibleresult>
			<points>
				<point>32.000000,184.000000</point>
				<point>40.000000,178.000000</point>
				<point>38.000000,175.000000</point>
				<point>30.000000,180.000000</point>
				<point>32.000000,184.000000</point>
			</points>
		</object>
		<object>
			<coordinate>pixel</coordinate>
			<type>rectangle</type>
			<description>None</description>
			<possibleresult>
				<name>Motorboat</name>
			</possibleresult>
			<points>
				<point>35.000000,188.000000</point>
				<point>44.000000,181.000000</point>
				<point>41.000000,178.000000</point>
				<point>33.000000,184.000000</point>
				<point>35.000000,188.000000</point>
			</points>
		</object>
		<object>
			<coordinate>pixel</coordinate>
			<type>rectangle</type>
			<description>None</description>
			<possibleresult>
				<name>Motorboat</name>
			</possibleresult>
			<points>
				<point>44.000000,183.000000</point>
				<point>36.000000,189.000000</point>
				<point>38.000000,191.000000</point>
				<point>46.000000,186.000000</point>
				<point>44.000000,183.000000</point>
			</points>
		</object>
		<object>
			<coordinate>pixel</coordinate>
			<type>rectangle</type>
			<description>None</description>
			<possibleresult>
				<name>Motorboat</name>
			</possibleresult>
			<points>
				<point>47.000000,186.000000</point>
				<point>38.000000,192.000000</point>
				<point>41.000000,196.000000</point>
				<point>50.000000,189.000000</point>
				<point>47.000000,186.000000</point>
			</points>
		</object>
		<object>
			<coordinate>pixel</coordinate>
			<type>rectangle</type>
			<description>None</description>
			<possibleresult>
				<name>Motorboat</name>
			</possibleresult>
			<points>
				<point>32.000000,139.000000</point>
				<point>39.000000,134.000000</point>
				<point>37.000000,131.000000</point>
				<point>30.000000,136.000000</point>
				<point>32.000000,139.000000</point>
			</points>
		</object>
		<object>
			<coordinate>pixel</coordinate>
			<type>rectangle</type>
			<description>None</description>
			<possibleresult>
				<name>Motorboat</name>
			</possibleresult>
			<points>
				<point>39.000000,149.000000</point>
				<point>46.000000,143.000000</point>
				<point>44.000000,139.000000</point>
				<point>36.000000,145.000000</point>
				<point>39.000000,149.000000</point>
			</points>
		</object>
		<object>
			<coordinate>pixel</coordinate>
			<type>rectangle</type>
			<description>None</description>
			<possibleresult>
				<name>Motorboat</name>
			</possibleresult>
			<points>
				<point>42.000000,154.000000</point>
				<point>50.000000,148.000000</point>
				<point>48.000000,144.000000</point>
				<point>39.000000,150.000000</point>
				<point>42.000000,154.000000</point>
			</points>
		</object>
		<object>
			<coordinate>pixel</coordinate>
			<type>rectangle</type>
			<description>None</description>
			<possibleresult>
				<name>Motorboat</name>
			</possibleresult>
			<points>
				<point>46.000000,158.000000</point>
				<point>54.000000,152.000000</point>
				<point>51.000000,148.000000</point>
				<point>43.000000,154.000000</point>
				<point>46.000000,158.000000</point>
			</points>
		</object>
		<object>
			<coordinate>pixel</coordinate>
			<type>rectangle</type>
			<description>None</description>
			<possibleresult>
				<name>Motorboat</name>
			</possibleresult>
			<points>
				<point>52.000000,167.000000</point>
				<point>59.000000,161.000000</point>
				<point>56.000000,157.000000</point>
				<point>49.000000,163.000000</point>
				<point>52.000000,167.000000</point>
			</points>
		</object>
		<object>
			<coordinate>pixel</coordinate>
			<type>rectangle</type>
			<description>None</description>
			<possibleresult>
				<name>Motorboat</name>
			</possibleresult>
			<points>
				<point>57.000000,177.000000</point>
				<point>67.000000,170.000000</point>
				<point>65.000000,167.000000</point>
				<point>55.000000,174.000000</point>
				<point>57.000000,177.000000</point>
			</points>
		</object>
		<object>
			<coordinate>pixel</coordinate>
			<type>rectangle</type>
			<description>None</description>
			<possibleresult>
				<name>Motorboat</name>
			</possibleresult>
			<points>
				<point>61.000000,182.000000</point>
				<point>71.000000,175.000000</point>
				<point>68.000000,171.000000</point>
				<point>58.000000,178.000000</point>
				<point>61.000000,182.000000</point>
			</points>
		</object>
		<object>
			<coordinate>pixel</coordinate>
			<type>rectangle</type>
			<description>None</description>
			<possibleresult>
				<name>Motorboat</name>
			</possibleresult>
			<points>
				<point>52.000000,146.000000</point>
				<point>61.000000,140.000000</point>
				<point>59.000000,137.000000</point>
				<point>51.000000,143.000000</point>
				<point>52.000000,146.000000</point>
			</points>
		</object>
		<object>
			<coordinate>pixel</coordinate>
			<type>rectangle</type>
			<description>None</description>
			<possibleresult>
				<name>Motorboat</name>
			</possibleresult>
			<points>
				<point>51.000000,141.000000</point>
				<point>59.000000,135.000000</point>
				<point>56.000000,131.000000</point>
				<point>48.000000,137.000000</point>
				<point>51.000000,141.000000</point>
			</points>
		</object>
		<object>
			<coordinate>pixel</coordinate>
			<type>rectangle</type>
			<description>None</description>
			<possibleresult>
				<name>Motorboat</name>
			</possibleresult>
			<points>
				<point>61.000000,158.000000</point>
				<point>71.000000,150.000000</point>
				<point>68.000000,145.000000</point>
				<point>57.000000,153.000000</point>
				<point>61.000000,158.000000</point>
			</points>
		</object>
		<object>
			<coordinate>pixel</coordinate>
			<type>rectangle</type>
			<description>None</description>
			<possibleresult>
				<name>Motorboat</name>
			</possibleresult>
			<points>
				<point>75.000000,179.000000</point>
				<point>87.000000,170.000000</point>
				<point>83.000000,165.000000</point>
				<point>71.000000,173.000000</point>
				<point>75.000000,179.000000</point>
			</points>
		</object>
		<object>
			<coordinate>pixel</coordinate>
			<type>rectangle</type>
			<description>None</description>
			<possibleresult>
				<name>Motorboat</name>
			</possibleresult>
			<points>
				<point>74.000000,111.000000</point>
				<point>86.000000,103.000000</point>
				<point>83.000000,98.000000</point>
				<point>71.000000,107.000000</point>
				<point>74.000000,111.000000</point>
			</points>
		</object>
		<object>
			<coordinate>pixel</coordinate>
			<type>rectangle</type>
			<description>None</description>
			<possibleresult>
				<name>Motorboat</name>
			</possibleresult>
			<points>
				<point>77.000000,125.000000</point>
				<point>94.000000,112.000000</point>
				<point>90.000000,107.000000</point>
				<point>73.000000,120.000000</point>
				<point>77.000000,125.000000</point>
			</points>
		</object>
		<object>
			<coordinate>pixel</coordinate>
			<type>rectangle</type>
			<description>None</description>
			<possibleresult>
				<name>Motorboat</name>
			</possibleresult>
			<points>
				<point>89.000000,131.000000</point>
				<point>101.000000,122.000000</point>
				<point>97.000000,116.000000</point>
				<point>85.000000,125.000000</point>
				<point>89.000000,131.000000</point>
			</points>
		</object>
		<object>
			<coordinate>pixel</coordinate>
			<type>rectangle</type>
			<description>None</description>
			<possibleresult>
				<name>Motorboat</name>
			</possibleresult>
			<points>
				<point>91.000000,138.000000</point>
				<point>105.000000,127.000000</point>
				<point>101.000000,122.000000</point>
				<point>87.000000,132.000000</point>
				<point>91.000000,138.000000</point>
			</points>
		</object>
		<object>
			<coordinate>pixel</coordinate>
			<type>rectangle</type>
			<description>None</description>
			<possibleresult>
				<name>Motorboat</name>
			</possibleresult>
			<points>
				<point>98.000000,149.000000</point>
				<point>112.000000,139.000000</point>
				<point>107.000000,131.000000</point>
				<point>92.000000,142.000000</point>
				<point>98.000000,149.000000</point>
			</points>
		</object>
		<object>
			<coordinate>pixel</coordinate>
			<type>rectangle</type>
			<description>None</description>
			<possibleresult>
				<name>Motorboat</name>
			</possibleresult>
			<points>
				<point>87.000000,95.000000</point>
				<point>96.000000,89.000000</point>
				<point>92.000000,84.000000</point>
				<point>84.000000,90.000000</point>
				<point>87.000000,95.000000</point>
			</points>
		</object>
		<object>
			<coordinate>pixel</coordinate>
			<type>rectangle</type>
			<description>None</description>
			<possibleresult>
				<name>Motorboat</name>
			</possibleresult>
			<points>
				<point>101.000000,116.000000</point>
				<point>111.000000,108.000000</point>
				<point>107.000000,103.000000</point>
				<point>97.000000,110.000000</point>
				<point>101.000000,116.000000</point>
			</points>
		</object>
		<object>
			<coordinate>pixel</coordinate>
			<type>rectangle</type>
			<description>None</description>
			<possibleresult>
				<name>Motorboat</name>
			</possibleresult>
			<points>
				<point>104.000000,122.000000</point>
				<point>115.000000,114.000000</point>
				<point>111.000000,109.000000</point>
				<point>100.000000,117.000000</point>
				<point>104.000000,122.000000</point>
			</points>
		</object>
		<object>
			<coordinate>pixel</coordinate>
			<type>rectangle</type>
			<description>None</description>
			<possibleresult>
				<name>Motorboat</name>
			</possibleresult>
			<points>
				<point>108.000000,126.000000</point>
				<point>119.000000,118.000000</point>
				<point>116.000000,113.000000</point>
				<point>104.000000,121.000000</point>
				<point>108.000000,126.000000</point>
			</points>
		</object>
		<object>
			<coordinate>pixel</coordinate>
			<type>rectangle</type>
			<description>None</description>
			<possibleresult>
				<name>Motorboat</name>
			</possibleresult>
			<points>
				<point>125.000000,128.000000</point>
				<point>114.000000,136.000000</point>
				<point>118.000000,141.000000</point>
				<point>129.000000,133.000000</point>
				<point>125.000000,128.000000</point>
			</points>
		</object>
		<object>
			<coordinate>pixel</coordinate>
			<type>rectangle</type>
			<description>None</description>
			<possibleresult>
				<name>Motorboat</name>
			</possibleresult>
			<points>
				<point>128.000000,134.000000</point>
				<point>117.000000,143.000000</point>
				<point>121.000000,147.000000</point>
				<point>132.000000,138.000000</point>
				<point>128.000000,134.000000</point>
			</points>
		</object>
		<object>
			<coordinate>pixel</coordinate>
			<type>rectangle</type>
			<description>None</description>
			<possibleresult>
				<name>Motorboat</name>
			</possibleresult>
			<points>
				<point>116.000000,70.000000</point>
				<point>127.000000,61.000000</point>
				<point>124.000000,57.000000</point>
				<point>112.000000,65.000000</point>
				<point>116.000000,70.000000</point>
			</points>
		</object>
		<object>
			<coordinate>pixel</coordinate>
			<type>rectangle</type>
			<description>None</description>
			<possibleresult>
				<name>Motorboat</name>
			</possibleresult>
			<points>
				<point>122.000000,83.000000</point>
				<point>135.000000,74.000000</point>
				<point>130.000000,68.000000</point>
				<point>118.000000,77.000000</point>
				<point>122.000000,83.000000</point>
			</points>
		</object>
		<object>
			<coordinate>pixel</coordinate>
			<type>rectangle</type>
			<description>None</description>
			<possibleresult>
				<name>Motorboat</name>
			</possibleresult>
			<points>
				<point>130.000000,92.000000</point>
				<point>142.000000,84.000000</point>
				<point>139.000000,78.000000</point>
				<point>127.000000,87.000000</point>
				<point>130.000000,92.000000</point>
			</points>
		</object>
		<object>
			<coordinate>pixel</coordinate>
			<type>rectangle</type>
			<description>None</description>
			<possibleresult>
				<name>Motorboat</name>
			</possibleresult>
			<points>
				<point>136.000000,105.000000</point>
				<point>149.000000,96.000000</point>
				<point>145.000000,90.000000</point>
				<point>131.000000,100.000000</point>
				<point>136.000000,105.000000</point>
			</points>
		</object>
		<object>
			<coordinate>pixel</coordinate>
			<type>rectangle</type>
			<description>None</description>
			<possibleresult>
				<name>Motorboat</name>
			</possibleresult>
			<points>
				<point>154.000000,125.000000</point>
				<point>163.000000,118.000000</point>
				<point>160.000000,113.000000</point>
				<point>150.000000,120.000000</point>
				<point>154.000000,125.000000</point>
			</points>
		</object>
		<object>
			<coordinate>pixel</coordinate>
			<type>rectangle</type>
			<description>None</description>
			<possibleresult>
				<name>Motorboat</name>
			</possibleresult>
			<points>
				<point>168.000000,115.000000</point>
				<point>178.000000,107.000000</point>
				<point>175.000000,103.000000</point>
				<point>165.000000,110.000000</point>
				<point>168.000000,115.000000</point>
			</points>
		</object>
		<object>
			<coordinate>pixel</coordinate>
			<type>rectangle</type>
			<description>None</description>
			<possibleresult>
				<name>Motorboat</name>
			</possibleresult>
			<points>
				<point>165.000000,109.000000</point>
				<point>175.000000,102.000000</point>
				<point>171.000000,96.000000</point>
				<point>161.000000,104.000000</point>
				<point>165.000000,109.000000</point>
			</points>
		</object>
		<object>
			<coordinate>pixel</coordinate>
			<type>rectangle</type>
			<description>None</description>
			<possibleresult>
				<name>Motorboat</name>
			</possibleresult>
			<points>
				<point>156.000000,99.000000</point>
				<point>167.000000,90.000000</point>
				<point>163.000000,84.000000</point>
				<point>151.000000,92.000000</point>
				<point>156.000000,99.000000</point>
			</points>
		</object>
		<object>
			<coordinate>pixel</coordinate>
			<type>rectangle</type>
			<description>None</description>
			<possibleresult>
				<name>Motorboat</name>
			</possibleresult>
			<points>
				<point>151.000000,88.000000</point>
				<point>160.000000,81.000000</point>
				<point>156.000000,76.000000</point>
				<point>147.000000,83.000000</point>
				<point>151.000000,88.000000</point>
			</points>
		</object>
		<object>
			<coordinate>pixel</coordinate>
			<type>rectangle</type>
			<description>None</description>
			<possibleresult>
				<name>Motorboat</name>
			</possibleresult>
			<points>
				<point>144.000000,79.000000</point>
				<point>154.000000,72.000000</point>
				<point>151.000000,68.000000</point>
				<point>141.000000,75.000000</point>
				<point>144.000000,79.000000</point>
			</points>
		</object>
		<object>
			<coordinate>pixel</coordinate>
			<type>rectangle</type>
			<description>None</description>
			<possibleresult>
				<name>Motorboat</name>
			</possibleresult>
			<points>
				<point>134.000000,67.000000</point>
				<point>144.000000,60.000000</point>
				<point>141.000000,55.000000</point>
				<point>131.000000,62.000000</point>
				<point>134.000000,67.000000</point>
			</points>
		</object>
		<object>
			<coordinate>pixel</coordinate>
			<type>rectangle</type>
			<description>None</description>
			<possibleresult>
				<name>Motorboat</name>
			</possibleresult>
			<points>
				<point>162.000000,48.000000</point>
				<point>174.000000,39.000000</point>
				<point>171.000000,35.000000</point>
				<point>159.000000,44.000000</point>
				<point>162.000000,48.000000</point>
			</points>
		</object>
		<object>
			<coordinate>pixel</coordinate>
			<type>rectangle</type>
			<description>None</description>
			<possibleresult>
				<name>Motorboat</name>
			</possibleresult>
			<points>
				<point>175.000000,57.000000</point>
				<point>183.000000,52.000000</point>
				<point>180.000000,48.000000</point>
				<point>172.000000,53.000000</point>
				<point>175.000000,57.000000</point>
			</points>
		</object>
		<object>
			<coordinate>pixel</coordinate>
			<type>rectangle</type>
			<description>None</description>
			<possibleresult>
				<name>Motorboat</name>
			</possibleresult>
			<points>
				<point>175.000000,64.000000</point>
				<point>184.000000,57.000000</point>
				<point>182.000000,54.000000</point>
				<point>173.000000,60.000000</point>
				<point>175.000000,64.000000</point>
			</points>
		</object>
		<object>
			<coordinate>pixel</coordinate>
			<type>rectangle</type>
			<description>None</description>
			<possibleresult>
				<name>Motorboat</name>
			</possibleresult>
			<points>
				<point>179.000000,67.000000</point>
				<point>187.000000,61.000000</point>
				<point>185.000000,57.000000</point>
				<point>177.000000,63.000000</point>
				<point>179.000000,67.000000</point>
			</points>
		</object>
		<object>
			<coordinate>pixel</coordinate>
			<type>rectangle</type>
			<description>None</description>
			<possibleresult>
				<name>Motorboat</name>
			</possibleresult>
			<points>
				<point>183.000000,72.000000</point>
				<point>192.000000,66.000000</point>
				<point>189.000000,62.000000</point>
				<point>180.000000,68.000000</point>
				<point>183.000000,72.000000</point>
			</points>
		</object>
		<object>
			<coordinate>pixel</coordinate>
			<type>rectangle</type>
			<description>None</description>
			<possibleresult>
				<name>Motorboat</name>
			</possibleresult>
			<points>
				<point>185.000000,77.000000</point>
				<point>195.000000,70.000000</point>
				<point>192.000000,66.000000</point>
				<point>182.000000,73.000000</point>
				<point>185.000000,77.000000</point>
			</points>
		</object>
		<object>
			<coordinate>pixel</coordinate>
			<type>rectangle</type>
			<description>None</description>
			<possibleresult>
				<name>Motorboat</name>
			</possibleresult>
			<points>
				<point>196.000000,93.000000</point>
				<point>204.000000,86.000000</point>
				<point>202.000000,83.000000</point>
				<point>193.000000,89.000000</point>
				<point>196.000000,93.000000</point>
			</points>
		</object>
		<object>
			<coordinate>pixel</coordinate>
			<type>rectangle</type>
			<description>None</description>
			<possibleresult>
				<name>Motorboat</name>
			</possibleresult>
			<points>
				<point>190.000000,85.000000</point>
				<point>201.000000,77.000000</point>
				<point>198.000000,73.000000</point>
				<point>187.000000,81.000000</point>
				<point>190.000000,85.000000</point>
			</points>
		</object>
		<object>
			<coordinate>pixel</coordinate>
			<type>rectangle</type>
			<description>None</description>
			<possibleresult>
				<name>Motorboat</name>
			</possibleresult>
			<points>
				<point>173.000000,31.000000</point>
				<point>181.000000,25.000000</point>
				<point>179.000000,22.000000</point>
				<point>171.000000,28.000000</point>
				<point>173.000000,31.000000</point>
			</points>
		</object>
		<object>
			<coordinate>pixel</coordinate>
			<type>rectangle</type>
			<description>None</description>
			<possibleresult>
				<name>Motorboat</name>
			</possibleresult>
			<points>
				<point>176.000000,36.000000</point>
				<point>183.000000,31.000000</point>
				<point>180.000000,28.000000</point>
				<point>174.000000,33.000000</point>
				<point>176.000000,36.000000</point>
			</points>
		</object>
		<object>
			<coordinate>pixel</coordinate>
			<type>rectangle</type>
			<description>None</description>
			<possibleresult>
				<name>Motorboat</name>
			</possibleresult>
			<points>
				<point>182.000000,45.000000</point>
				<point>191.000000,38.000000</point>
				<point>189.000000,34.000000</point>
				<point>179.000000,41.000000</point>
				<point>182.000000,45.000000</point>
			</points>
		</object>
		<object>
			<coordinate>pixel</coordinate>
			<type>rectangle</type>
			<description>None</description>
			<possibleresult>
				<name>Motorboat</name>
			</possibleresult>
			<points>
				<point>185.000000,49.000000</point>
				<point>194.000000,42.000000</point>
				<point>191.000000,39.000000</point>
				<point>182.000000,45.000000</point>
				<point>185.000000,49.000000</point>
			</points>
		</object>
		<object>
			<coordinate>pixel</coordinate>
			<type>rectangle</type>
			<description>None</description>
			<possibleresult>
				<name>Motorboat</name>
			</possibleresult>
			<points>
				<point>187.000000,53.000000</point>
				<point>197.000000,47.000000</point>
				<point>194.000000,44.000000</point>
				<point>185.000000,51.000000</point>
				<point>187.000000,53.000000</point>
			</points>
		</object>
		<object>
			<coordinate>pixel</coordinate>
			<type>rectangle</type>
			<description>None</description>
			<possibleresult>
				<name>Motorboat</name>
			</possibleresult>
			<points>
				<point>192.000000,58.000000</point>
				<point>200.000000,52.000000</point>
				<point>197.000000,48.000000</point>
				<point>189.000000,54.000000</point>
				<point>192.000000,58.000000</point>
			</points>
		</object>
		<object>
			<coordinate>pixel</coordinate>
			<type>rectangle</type>
			<description>None</description>
			<possibleresult>
				<name>Motorboat</name>
			</possibleresult>
			<points>
				<point>197.000000,66.000000</point>
				<point>205.000000,60.000000</point>
				<point>202.000000,57.000000</point>
				<point>195.000000,62.000000</point>
				<point>197.000000,66.000000</point>
			</points>
		</object>
		<object>
			<coordinate>pixel</coordinate>
			<type>rectangle</type>
			<description>None</description>
			<possibleresult>
				<name>Motorboat</name>
			</possibleresult>
			<points>
				<point>199.000000,72.000000</point>
				<point>210.000000,65.000000</point>
				<point>207.000000,61.000000</point>
				<point>197.000000,68.000000</point>
				<point>199.000000,72.000000</point>
			</points>
		</object>
		<object>
			<coordinate>pixel</coordinate>
			<type>rectangle</type>
			<description>None</description>
			<possibleresult>
				<name>Motorboat</name>
			</possibleresult>
			<points>
				<point>202.000000,76.000000</point>
				<point>212.000000,70.000000</point>
				<point>209.000000,66.000000</point>
				<point>200.000000,72.000000</point>
				<point>202.000000,76.000000</point>
			</points>
		</object>
		<object>
			<coordinate>pixel</coordinate>
			<type>rectangle</type>
			<description>None</description>
			<possibleresult>
				<name>Motorboat</name>
			</possibleresult>
			<points>
				<point>205.000000,80.000000</point>
				<point>214.000000,75.000000</point>
				<point>212.000000,71.000000</point>
				<point>203.000000,77.000000</point>
				<point>205.000000,80.000000</point>
			</points>
		</object>
		<object>
			<coordinate>pixel</coordinate>
			<type>rectangle</type>
			<description>None</description>
			<possibleresult>
				<name>Motorboat</name>
			</possibleresult>
			<points>
				<point>213.000000,82.000000</point>
				<point>223.000000,74.000000</point>
				<point>220.000000,71.000000</point>
				<point>211.000000,79.000000</point>
				<point>213.000000,82.000000</point>
			</points>
		</object>
		<object>
			<coordinate>pixel</coordinate>
			<type>rectangle</type>
			<description>None</description>
			<possibleresult>
				<name>Motorboat</name>
			</possibleresult>
			<points>
				<point>214.000000,-2.000000</point>
				<point>200.000000,9.000000</point>
				<point>203.000000,12.000000</point>
				<point>217.000000,2.000000</point>
				<point>214.000000,-2.000000</point>
			</points>
		</object>
		<object>
			<coordinate>pixel</coordinate>
			<type>rectangle</type>
			<description>None</description>
			<possibleresult>
				<name>Motorboat</name>
			</possibleresult>
			<points>
				<point>206.000000,17.000000</point>
				<point>224.000000,5.000000</point>
				<point>221.000000,0.000000</point>
				<point>203.000000,13.000000</point>
				<point>206.000000,17.000000</point>
			</points>
		</object>
		<object>
			<coordinate>pixel</coordinate>
			<type>rectangle</type>
			<description>None</description>
			<possibleresult>
				<name>Motorboat</name>
			</possibleresult>
			<points>
				<point>188.000000,8.000000</point>
				<point>199.000000,23.000000</point>
				<point>203.000000,19.000000</point>
				<point>193.000000,5.000000</point>
				<point>188.000000,8.000000</point>
			</points>
		</object>
		<object>
			<coordinate>pixel</coordinate>
			<type>rectangle</type>
			<description>None</description>
			<possibleresult>
				<name>Motorboat</name>
			</possibleresult>
			<points>
				<point>175.000000,-1.000000</point>
				<point>183.000000,10.000000</point>
				<point>188.000000,6.000000</point>
				<point>180.000000,-5.000000</point>
				<point>175.000000,-1.000000</point>
			</points>
		</object>
		<object>
			<coordinate>pixel</coordinate>
			<type>rectangle</type>
			<description>None</description>
			<possibleresult>
				<name>Liquid Cargo Ship</name>
			</possibleresult>
			<points>
				<point>150.000000,768.000000</point>
				<point>105.000000,898.000000</point>
				<point>120.000000,903.000000</point>
				<point>165.000000,773.000000</point>
				<point>150.000000,768.000000</point>
			</points>
		</object>
		<object>
			<coordinate>pixel</coordinate>
			<type>rectangle</type>
			<description>None</description>
			<possibleresult>
				<name>Liquid Cargo Ship</name>
			</possibleresult>
			<points>
				<point>116.000000,922.000000</point>
				<point>85.000000,997.000000</point>
				<point>94.000000,1001.000000</point>
				<point>125.000000,926.000000</point>
				<point>116.000000,922.000000</point>
			</points>
		</object>
		<object>
			<coordinate>pixel</coordinate>
			<type>rectangle</type>
			<description>None</description>
			<possibleresult>
				<name>Fishing Boat</name>
			</possibleresult>
			<points>
				<point>108.000000,901.000000</point>
				<point>95.000000,933.000000</point>
				<point>100.000000,935.000000</point>
				<point>114.000000,904.000000</point>
				<point>108.000000,901.000000</point>
			</points>
		</object>
		<object>
			<coordinate>pixel</coordinate>
			<type>rectangle</type>
			<description>None</description>
			<possibleresult>
				<name>Fishing Boat</name>
			</possibleresult>
			<points>
				<point>184.000000,741.000000</point>
				<point>196.000000,710.000000</point>
				<point>190.000000,707.000000</point>
				<point>178.000000,739.000000</point>
				<point>184.000000,741.000000</point>
			</points>
		</object>
		<object>
			<coordinate>pixel</coordinate>
			<type>rectangle</type>
			<description>None</description>
			<possibleresult>
				<name>Fishing Boat</name>
			</possibleresult>
			<points>
				<point>197.000000,714.000000</point>
				<point>184.000000,743.000000</point>
				<point>189.000000,745.000000</point>
				<point>201.000000,716.000000</point>
				<point>197.000000,714.000000</point>
			</points>
		</object>
		<object>
			<coordinate>pixel</coordinate>
			<type>rectangle</type>
			<description>None</description>
			<possibleresult>
				<name>Fishing Boat</name>
			</possibleresult>
			<points>
				<point>445.000000,931.000000</point>
				<point>454.000000,904.000000</point>
				<point>447.000000,901.000000</point>
				<point>437.000000,928.000000</point>
				<point>445.000000,931.000000</point>
			</points>
		</object>
		<object>
			<coordinate>pixel</coordinate>
			<type>rectangle</type>
			<description>None</description>
			<possibleresult>
				<name>Liquid Cargo Ship</name>
			</possibleresult>
			<points>
				<point>206.000000,444.000000</point>
				<point>369.000000,492.000000</point>
				<point>377.000000,466.000000</point>
				<point>214.000000,417.000000</point>
				<point>206.000000,444.000000</point>
			</points>
		</object>
		<object>
			<coordinate>pixel</coordinate>
			<type>rectangle</type>
			<description>None</description>
			<possibleresult>
				<name>Liquid Cargo Ship</name>
			</possibleresult>
			<points>
				<point>575.000000,1016.000000</point>
				<point>616.000000,923.000000</point>
				<point>603.000000,918.000000</point>
				<point>562.000000,1011.000000</point>
				<point>575.000000,1016.000000</point>
			</points>
		</object>
	</objects>
</annotation>