<?xml version="1.0" encoding="utf-8"?>
<annotation>
	<source>
		<filename>15386.tif</filename>
		<origin>GF2/GF3</origin>
	</source>
	<research>
		<version>1.0</version>
		<provider>FAIR1M</provider>
		<author>Cyber</author>
		<pluginname>FAIR1M</pluginname>
		<pluginclass>object detection</pluginclass>
		<time>2021-07-21</time>
	</research>
	<size>
		<width>1000</width>
		<height>1000</height>
		<depth>3</depth>
	</size>
	<objects>
		<object>
			<coordinate>pixel</coordinate>
			<type>rectangle</type>
			<description>None</description>
			<possibleresult>
				<name>Boeing737</name>
			</possibleresult>
			<points>
				<point>533.000000,326.000000</point>
				<point>490.000000,351.000000</point>
				<point>512.000000,389.000000</point>
				<point>555.000000,364.000000</point>
				<point>533.000000,326.000000</point>
			</points>
		</object>
		<object>
			<coordinate>pixel</coordinate>
			<type>rectangle</type>
			<description>None</description>
			<possibleresult>
				<name>Boeing737</name>
			</possibleresult>
			<points>
				<point>333.000000,562.000000</point>
				<point>289.000000,584.000000</point>
				<point>309.000000,624.000000</point>
				<point>353.000000,602.000000</point>
				<point>333.000000,562.000000</point>
			</points>
		</object>
	</objects>
</annotation>