<?xml version="1.0" encoding="utf-8"?>
<annotation>
	<source>
		<filename>15407.tif</filename>
		<origin>GF2/GF3</origin>
	</source>
	<research>
		<version>1.0</version>
		<provider>FAIR1M</provider>
		<author>Cyber</author>
		<pluginname>FAIR1M</pluginname>
		<pluginclass>object detection</pluginclass>
		<time>2021-07-21</time>
	</research>
	<size>
		<width>600</width>
		<height>800</height>
		<depth>4</depth>
	</size>
	<objects>
		<object>
			<coordinate>pixel</coordinate>
			<type>rectangle</type>
			<description>None</description>
			<possibleresult>
				<name>Dry Cargo Ship</name>
			</possibleresult>
			<points>
				<point>63.000000,435.000000</point>
				<point>48.000000,441.000000</point>
				<point>25.000000,386.000000</point>
				<point>40.000000,380.000000</point>
				<point>63.000000,435.000000</point>
			</points>
		</object>
		<object>
			<coordinate>pixel</coordinate>
			<type>rectangle</type>
			<description>None</description>
			<possibleresult>
				<name>Dry Cargo Ship</name>
			</possibleresult>
			<points>
				<point>97.000000,412.000000</point>
				<point>84.000000,418.000000</point>
				<point>64.000000,372.000000</point>
				<point>77.000000,366.000000</point>
				<point>97.000000,412.000000</point>
			</points>
		</object>
		<object>
			<coordinate>pixel</coordinate>
			<type>rectangle</type>
			<description>None</description>
			<possibleresult>
				<name>Dry Cargo Ship</name>
			</possibleresult>
			<points>
				<point>88.000000,429.000000</point>
				<point>69.000000,438.000000</point>
				<point>41.000000,380.000000</point>
				<point>60.000000,371.000000</point>
				<point>88.000000,429.000000</point>
			</points>
		</object>
		<object>
			<coordinate>pixel</coordinate>
			<type>rectangle</type>
			<description>None</description>
			<possibleresult>
				<name>Dry Cargo Ship</name>
			</possibleresult>
			<points>
				<point>66.000000,504.000000</point>
				<point>41.000000,550.000000</point>
				<point>27.000000,543.000000</point>
				<point>52.000000,496.000000</point>
				<point>66.000000,504.000000</point>
			</points>
		</object>
		<object>
			<coordinate>pixel</coordinate>
			<type>rectangle</type>
			<description>None</description>
			<possibleresult>
				<name>Dry Cargo Ship</name>
			</possibleresult>
			<points>
				<point>40.000000,516.000000</point>
				<point>28.000000,538.000000</point>
				<point>21.000000,535.000000</point>
				<point>33.000000,512.000000</point>
				<point>40.000000,516.000000</point>
			</points>
		</object>
		<object>
			<coordinate>pixel</coordinate>
			<type>rectangle</type>
			<description>None</description>
			<possibleresult>
				<name>Dry Cargo Ship</name>
			</possibleresult>
			<points>
				<point>42.000000,430.000000</point>
				<point>33.000000,434.000000</point>
				<point>21.000000,405.000000</point>
				<point>30.000000,401.000000</point>
				<point>42.000000,430.000000</point>
			</points>
		</object>
	</objects>
</annotation>