<?xml version="1.0" encoding="utf-8"?>
<annotation>
	<source>
		<filename>15437.tif</filename>
		<origin>GF2/GF3</origin>
	</source>
	<research>
		<version>1.0</version>
		<provider>FAIR1M</provider>
		<author>Cyber</author>
		<pluginname>FAIR1M</pluginname>
		<pluginclass>object detection</pluginclass>
		<time>2021-07-21</time>
	</research>
	<size>
		<width>600</width>
		<height>800</height>
		<depth>3</depth>
	</size>
	<objects>
		<object>
			<coordinate>pixel</coordinate>
			<type>rectangle</type>
			<description>None</description>
			<possibleresult>
				<name>Intersection</name>
			</possibleresult>
			<points>
				<point>141.000000,53.000000</point>
				<point>97.000000,80.000000</point>
				<point>84.000000,59.000000</point>
				<point>127.000000,32.000000</point>
				<point>141.000000,53.000000</point>
			</points>
		</object>
	</objects>
</annotation>