<?xml version="1.0" encoding="utf-8"?>
<annotation>
	<source>
		<filename>15436.tif</filename>
		<origin>GF2/GF3</origin>
	</source>
	<research>
		<version>1.0</version>
		<provider>FAIR1M</provider>
		<author>Cyber</author>
		<pluginname>FAIR1M</pluginname>
		<pluginclass>object detection</pluginclass>
		<time>2021-07-21</time>
	</research>
	<size>
		<width>1000</width>
		<height>1000</height>
		<depth>3</depth>
	</size>
	<objects>
		<object>
			<coordinate>pixel</coordinate>
			<type>rectangle</type>
			<description>None</description>
			<possibleresult>
				<name>other-airplane</name>
			</possibleresult>
			<points>
				<point>283.000000,105.000000</point>
				<point>299.000000,138.000000</point>
				<point>331.000000,123.000000</point>
				<point>315.000000,90.000000</point>
				<point>283.000000,105.000000</point>
			</points>
		</object>
		<object>
			<coordinate>pixel</coordinate>
			<type>rectangle</type>
			<description>None</description>
			<possibleresult>
				<name>other-airplane</name>
			</possibleresult>
			<points>
				<point>333.000000,80.000000</point>
				<point>346.000000,105.000000</point>
				<point>376.000000,89.000000</point>
				<point>364.000000,64.000000</point>
				<point>333.000000,80.000000</point>
			</points>
		</object>
		<object>
			<coordinate>pixel</coordinate>
			<type>rectangle</type>
			<description>None</description>
			<possibleresult>
				<name>other-airplane</name>
			</possibleresult>
			<points>
				<point>387.000000,55.000000</point>
				<point>399.000000,77.000000</point>
				<point>420.000000,66.000000</point>
				<point>408.000000,44.000000</point>
				<point>387.000000,55.000000</point>
			</points>
		</object>
	</objects>
</annotation>