<?xml version="1.0" encoding="utf-8"?>
<annotation>
	<source>
		<filename>15496.tif</filename>
		<origin>GF2/GF3</origin>
	</source>
	<research>
		<version>1.0</version>
		<provider>FAIR1M</provider>
		<author>Cyber</author>
		<pluginname>FAIR1M</pluginname>
		<pluginclass>object detection</pluginclass>
		<time>2021-07-21</time>
	</research>
	<size>
		<width>600</width>
		<height>800</height>
		<depth>3</depth>
	</size>
	<objects>
		<object>
			<coordinate>pixel</coordinate>
			<type>rectangle</type>
			<description>None</description>
			<possibleresult>
				<name>Dry Cargo Ship</name>
			</possibleresult>
			<points>
				<point>435.000000,214.000000</point>
				<point>230.000000,467.000000</point>
				<point>197.000000,438.000000</point>
				<point>400.000000,187.000000</point>
				<point>435.000000,214.000000</point>
			</points>
		</object>
		<object>
			<coordinate>pixel</coordinate>
			<type>rectangle</type>
			<description>None</description>
			<possibleresult>
				<name>Dry Cargo Ship</name>
			</possibleresult>
			<points>
				<point>485.000000,262.000000</point>
				<point>350.000000,437.000000</point>
				<point>319.000000,412.000000</point>
				<point>453.000000,237.000000</point>
				<point>485.000000,262.000000</point>
			</points>
		</object>
		<object>
			<coordinate>pixel</coordinate>
			<type>rectangle</type>
			<description>None</description>
			<possibleresult>
				<name>Dry Cargo Ship</name>
			</possibleresult>
			<points>
				<point>375.000000,159.000000</point>
				<point>217.000000,356.000000</point>
				<point>182.000000,329.000000</point>
				<point>341.000000,131.000000</point>
				<point>375.000000,159.000000</point>
			</points>
		</object>
		<object>
			<coordinate>pixel</coordinate>
			<type>rectangle</type>
			<description>None</description>
			<possibleresult>
				<name>Tugboat</name>
			</possibleresult>
			<points>
				<point>429.000031,92.999992</point>
				<point>402.000031,128.999985</point>
				<point>390.000031,119.999992</point>
				<point>417.000031,84.000000</point>
				<point>429.000031,92.999992</point>
			</points>
		</object>
		<object>
			<coordinate>pixel</coordinate>
			<type>rectangle</type>
			<description>None</description>
			<possibleresult>
				<name>Tugboat</name>
			</possibleresult>
			<points>
				<point>402.000000,75.000000</point>
				<point>375.000000,112.000000</point>
				<point>364.000000,103.000000</point>
				<point>392.000000,65.000000</point>
				<point>402.000000,75.000000</point>
			</points>
		</object>
		<object>
			<coordinate>pixel</coordinate>
			<type>rectangle</type>
			<description>None</description>
			<possibleresult>
				<name>Tugboat</name>
			</possibleresult>
			<points>
				<point>417.000000,84.000000</point>
				<point>386.000000,123.000000</point>
				<point>374.000000,113.000000</point>
				<point>403.000000,73.000000</point>
				<point>417.000000,84.000000</point>
			</points>
		</object>
	</objects>
</annotation>