<?xml version="1.0" encoding="utf-8"?>
<annotation>
	<source>
		<filename>15492.tif</filename>
		<origin>GF2/GF3</origin>
	</source>
	<research>
		<version>1.0</version>
		<provider>FAIR1M</provider>
		<author>Cyber</author>
		<pluginname>FAIR1M</pluginname>
		<pluginclass>object detection</pluginclass>
		<time>2021-07-21</time>
	</research>
	<size>
		<width>1000</width>
		<height>1000</height>
		<depth>3</depth>
	</size>
	<objects>
		<object>
			<coordinate>pixel</coordinate>
			<type>rectangle</type>
			<description>None</description>
			<possibleresult>
				<name>Van</name>
			</possibleresult>
			<points>
				<point>246.000000,123.000000</point>
				<point>241.000000,128.000000</point>
				<point>233.000000,119.000000</point>
				<point>237.000000,114.000000</point>
				<point>246.000000,123.000000</point>
			</points>
		</object>
		<object>
			<coordinate>pixel</coordinate>
			<type>rectangle</type>
			<description>None</description>
			<possibleresult>
				<name>Van</name>
			</possibleresult>
			<points>
				<point>187.000000,250.000000</point>
				<point>175.000000,262.000000</point>
				<point>169.000000,256.000000</point>
				<point>181.000000,244.000000</point>
				<point>187.000000,250.000000</point>
			</points>
		</object>
		<object>
			<coordinate>pixel</coordinate>
			<type>rectangle</type>
			<description>None</description>
			<possibleresult>
				<name>other-vehicle</name>
			</possibleresult>
			<points>
				<point>8.499998,250.500031</point>
				<point>0.000000,259.000031</point>
				<point>0.000000,248.000031</point>
				<point>2.999999,245.000031</point>
				<point>8.499998,250.500031</point>
			</points>
		</object>
		<object>
			<coordinate>pixel</coordinate>
			<type>rectangle</type>
			<description>None</description>
			<possibleresult>
				<name>Van</name>
			</possibleresult>
			<points>
				<point>69.000000,945.000000</point>
				<point>65.000000,951.000000</point>
				<point>53.000000,941.000000</point>
				<point>57.000000,936.000000</point>
				<point>69.000000,945.000000</point>
			</points>
		</object>
		<object>
			<coordinate>pixel</coordinate>
			<type>rectangle</type>
			<description>None</description>
			<possibleresult>
				<name>Small Car</name>
			</possibleresult>
			<points>
				<point>127.000000,893.000000</point>
				<point>121.000000,899.000000</point>
				<point>109.000000,886.000000</point>
				<point>115.000000,880.000000</point>
				<point>127.000000,893.000000</point>
			</points>
		</object>
		<object>
			<coordinate>pixel</coordinate>
			<type>rectangle</type>
			<description>None</description>
			<possibleresult>
				<name>Small Car</name>
			</possibleresult>
			<points>
				<point>239.000000,875.000000</point>
				<point>226.000000,890.000000</point>
				<point>220.000000,885.000000</point>
				<point>233.000000,870.000000</point>
				<point>239.000000,875.000000</point>
			</points>
		</object>
		<object>
			<coordinate>pixel</coordinate>
			<type>rectangle</type>
			<description>None</description>
			<possibleresult>
				<name>Van</name>
			</possibleresult>
			<points>
				<point>285.000000,912.000000</point>
				<point>273.000000,924.000000</point>
				<point>268.000000,919.000000</point>
				<point>280.000000,908.000000</point>
				<point>285.000000,912.000000</point>
			</points>
		</object>
		<object>
			<coordinate>pixel</coordinate>
			<type>rectangle</type>
			<description>None</description>
			<possibleresult>
				<name>Small Car</name>
			</possibleresult>
			<points>
				<point>294.000000,916.000000</point>
				<point>281.000000,930.000000</point>
				<point>276.000000,925.000000</point>
				<point>289.000000,911.000000</point>
				<point>294.000000,916.000000</point>
			</points>
		</object>
		<object>
			<coordinate>pixel</coordinate>
			<type>rectangle</type>
			<description>None</description>
			<possibleresult>
				<name>Van</name>
			</possibleresult>
			<points>
				<point>211.000000,910.000000</point>
				<point>199.000000,923.000000</point>
				<point>194.000000,918.000000</point>
				<point>206.000000,905.000000</point>
				<point>211.000000,910.000000</point>
			</points>
		</object>
		<object>
			<coordinate>pixel</coordinate>
			<type>rectangle</type>
			<description>None</description>
			<possibleresult>
				<name>Small Car</name>
			</possibleresult>
			<points>
				<point>220.000000,916.000000</point>
				<point>208.000000,928.000000</point>
				<point>203.000000,922.000000</point>
				<point>215.000000,911.000000</point>
				<point>220.000000,916.000000</point>
			</points>
		</object>
		<object>
			<coordinate>pixel</coordinate>
			<type>rectangle</type>
			<description>None</description>
			<possibleresult>
				<name>Van</name>
			</possibleresult>
			<points>
				<point>229.000000,924.000000</point>
				<point>217.000000,935.000000</point>
				<point>212.000000,929.000000</point>
				<point>224.000000,918.000000</point>
				<point>229.000000,924.000000</point>
			</points>
		</object>
		<object>
			<coordinate>pixel</coordinate>
			<type>rectangle</type>
			<description>None</description>
			<possibleresult>
				<name>Van</name>
			</possibleresult>
			<points>
				<point>242.000000,938.000000</point>
				<point>229.000000,951.000000</point>
				<point>224.000000,945.000000</point>
				<point>237.000000,933.000000</point>
				<point>242.000000,938.000000</point>
			</points>
		</object>
		<object>
			<coordinate>pixel</coordinate>
			<type>rectangle</type>
			<description>None</description>
			<possibleresult>
				<name>Van</name>
			</possibleresult>
			<points>
				<point>251.000000,944.000000</point>
				<point>237.000000,955.000000</point>
				<point>232.000000,950.000000</point>
				<point>247.000000,938.000000</point>
				<point>251.000000,944.000000</point>
			</points>
		</object>
		<object>
			<coordinate>pixel</coordinate>
			<type>rectangle</type>
			<description>None</description>
			<possibleresult>
				<name>Van</name>
			</possibleresult>
			<points>
				<point>259.000000,949.000000</point>
				<point>245.000000,962.000000</point>
				<point>239.000000,957.000000</point>
				<point>254.000000,943.000000</point>
				<point>259.000000,949.000000</point>
			</points>
		</object>
		<object>
			<coordinate>pixel</coordinate>
			<type>rectangle</type>
			<description>None</description>
			<possibleresult>
				<name>Small Car</name>
			</possibleresult>
			<points>
				<point>274.000000,960.000000</point>
				<point>261.000000,973.000000</point>
				<point>256.000000,968.000000</point>
				<point>269.000000,955.000000</point>
				<point>274.000000,960.000000</point>
			</points>
		</object>
		<object>
			<coordinate>pixel</coordinate>
			<type>rectangle</type>
			<description>None</description>
			<possibleresult>
				<name>Small Car</name>
			</possibleresult>
			<points>
				<point>279.000000,969.000000</point>
				<point>267.000000,981.000000</point>
				<point>262.000000,976.000000</point>
				<point>274.000000,964.000000</point>
				<point>279.000000,969.000000</point>
			</points>
		</object>
		<object>
			<coordinate>pixel</coordinate>
			<type>rectangle</type>
			<description>None</description>
			<possibleresult>
				<name>Van</name>
			</possibleresult>
			<points>
				<point>656.000000,994.000000</point>
				<point>650.000000,999.000000</point>
				<point>640.000000,988.000000</point>
				<point>645.000000,983.000000</point>
				<point>656.000000,994.000000</point>
			</points>
		</object>
		<object>
			<coordinate>pixel</coordinate>
			<type>rectangle</type>
			<description>None</description>
			<possibleresult>
				<name>Small Car</name>
			</possibleresult>
			<points>
				<point>900.000000,248.000000</point>
				<point>888.000000,260.000000</point>
				<point>882.000000,254.000000</point>
				<point>894.000000,242.000000</point>
				<point>900.000000,248.000000</point>
			</points>
		</object>
		<object>
			<coordinate>pixel</coordinate>
			<type>rectangle</type>
			<description>None</description>
			<possibleresult>
				<name>Van</name>
			</possibleresult>
			<points>
				<point>670.000000,143.000000</point>
				<point>660.000000,155.000000</point>
				<point>655.000000,151.000000</point>
				<point>666.000000,139.000000</point>
				<point>670.000000,143.000000</point>
			</points>
		</object>
		<object>
			<coordinate>pixel</coordinate>
			<type>rectangle</type>
			<description>None</description>
			<possibleresult>
				<name>Intersection</name>
			</possibleresult>
			<points>
				<point>424.000092,59.000011</point>
				<point>388.909576,27.099548</point>
				<point>418.909576,-5.900459</point>
				<point>454.000092,26.000004</point>
				<point>424.000092,59.000011</point>
			</points>
		</object>
		<object>
			<coordinate>pixel</coordinate>
			<type>rectangle</type>
			<description>None</description>
			<possibleresult>
				<name>Van</name>
			</possibleresult>
			<points>
				<point>966.000000,147.000000</point>
				<point>960.000000,153.000000</point>
				<point>947.000000,139.000000</point>
				<point>953.000000,133.000000</point>
				<point>966.000000,147.000000</point>
			</points>
		</object>
		<object>
			<coordinate>pixel</coordinate>
			<type>rectangle</type>
			<description>None</description>
			<possibleresult>
				<name>Van</name>
			</possibleresult>
			<points>
				<point>737.000000,451.000000</point>
				<point>728.000000,463.000000</point>
				<point>722.000000,459.000000</point>
				<point>731.000000,447.000000</point>
				<point>737.000000,451.000000</point>
			</points>
		</object>
		<object>
			<coordinate>pixel</coordinate>
			<type>rectangle</type>
			<description>None</description>
			<possibleresult>
				<name>Small Car</name>
			</possibleresult>
			<points>
				<point>998.207642,834.191650</point>
				<point>985.000000,822.000000</point>
				<point>989.792358,816.808350</point>
				<point>1003.000000,829.000000</point>
				<point>998.207642,834.191650</point>
			</points>
		</object>
		<object>
			<coordinate>pixel</coordinate>
			<type>rectangle</type>
			<description>None</description>
			<possibleresult>
				<name>Van</name>
			</possibleresult>
			<points>
				<point>33.000000,721.000000</point>
				<point>27.000000,727.000000</point>
				<point>15.000000,715.000000</point>
				<point>21.000000,709.000000</point>
				<point>33.000000,721.000000</point>
			</points>
		</object>
		<object>
			<coordinate>pixel</coordinate>
			<type>rectangle</type>
			<description>None</description>
			<possibleresult>
				<name>Van</name>
			</possibleresult>
			<points>
				<point>18.000000,735.000000</point>
				<point>12.000000,741.000000</point>
				<point>1.000000,730.000000</point>
				<point>7.000000,725.000000</point>
				<point>18.000000,735.000000</point>
			</points>
		</object>
		<object>
			<coordinate>pixel</coordinate>
			<type>rectangle</type>
			<description>None</description>
			<possibleresult>
				<name>Small Car</name>
			</possibleresult>
			<points>
				<point>154.000000,793.000000</point>
				<point>149.000000,798.000000</point>
				<point>136.000000,785.000000</point>
				<point>142.000000,780.000000</point>
				<point>154.000000,793.000000</point>
			</points>
		</object>
		<object>
			<coordinate>pixel</coordinate>
			<type>rectangle</type>
			<description>None</description>
			<possibleresult>
				<name>Small Car</name>
			</possibleresult>
			<points>
				<point>169.000000,780.000000</point>
				<point>165.000000,785.000000</point>
				<point>152.000000,774.000000</point>
				<point>156.000000,769.000000</point>
				<point>169.000000,780.000000</point>
			</points>
		</object>
		<object>
			<coordinate>pixel</coordinate>
			<type>rectangle</type>
			<description>None</description>
			<possibleresult>
				<name>Van</name>
			</possibleresult>
			<points>
				<point>184.000000,766.000000</point>
				<point>178.000000,773.000000</point>
				<point>164.000000,761.000000</point>
				<point>171.000000,754.000000</point>
				<point>184.000000,766.000000</point>
			</points>
		</object>
		<object>
			<coordinate>pixel</coordinate>
			<type>rectangle</type>
			<description>None</description>
			<possibleresult>
				<name>Small Car</name>
			</possibleresult>
			<points>
				<point>201.000000,753.000000</point>
				<point>196.000000,759.000000</point>
				<point>183.000000,746.000000</point>
				<point>188.000000,740.000000</point>
				<point>201.000000,753.000000</point>
			</points>
		</object>
		<object>
			<coordinate>pixel</coordinate>
			<type>rectangle</type>
			<description>None</description>
			<possibleresult>
				<name>Small Car</name>
			</possibleresult>
			<points>
				<point>207.000000,746.000000</point>
				<point>200.000000,752.000000</point>
				<point>189.000000,740.000000</point>
				<point>196.000000,734.000000</point>
				<point>207.000000,746.000000</point>
			</points>
		</object>
		<object>
			<coordinate>pixel</coordinate>
			<type>rectangle</type>
			<description>None</description>
			<possibleresult>
				<name>Van</name>
			</possibleresult>
			<points>
				<point>214.000000,737.000000</point>
				<point>208.000000,743.000000</point>
				<point>195.000000,730.000000</point>
				<point>202.000000,724.000000</point>
				<point>214.000000,737.000000</point>
			</points>
		</object>
		<object>
			<coordinate>pixel</coordinate>
			<type>rectangle</type>
			<description>None</description>
			<possibleresult>
				<name>Van</name>
			</possibleresult>
			<points>
				<point>234.000000,720.000000</point>
				<point>229.000000,725.000000</point>
				<point>218.000000,713.000000</point>
				<point>223.000000,708.000000</point>
				<point>234.000000,720.000000</point>
			</points>
		</object>
		<object>
			<coordinate>pixel</coordinate>
			<type>rectangle</type>
			<description>None</description>
			<possibleresult>
				<name>Van</name>
			</possibleresult>
			<points>
				<point>247.000000,716.000000</point>
				<point>240.000000,723.000000</point>
				<point>224.000000,708.000000</point>
				<point>231.000000,701.000000</point>
				<point>247.000000,716.000000</point>
			</points>
		</object>
		<object>
			<coordinate>pixel</coordinate>
			<type>rectangle</type>
			<description>None</description>
			<possibleresult>
				<name>Van</name>
			</possibleresult>
			<points>
				<point>258.000000,699.000000</point>
				<point>253.000000,706.000000</point>
				<point>239.000000,694.000000</point>
				<point>244.000000,687.000000</point>
				<point>258.000000,699.000000</point>
			</points>
		</object>
		<object>
			<coordinate>pixel</coordinate>
			<type>rectangle</type>
			<description>None</description>
			<possibleresult>
				<name>Van</name>
			</possibleresult>
			<points>
				<point>273.000000,687.000000</point>
				<point>268.000000,693.000000</point>
				<point>255.000000,681.000000</point>
				<point>261.000000,675.000000</point>
				<point>273.000000,687.000000</point>
			</points>
		</object>
		<object>
			<coordinate>pixel</coordinate>
			<type>rectangle</type>
			<description>None</description>
			<possibleresult>
				<name>Van</name>
			</possibleresult>
			<points>
				<point>287.000000,674.000000</point>
				<point>281.000000,679.000000</point>
				<point>269.000000,666.000000</point>
				<point>275.000000,661.000000</point>
				<point>287.000000,674.000000</point>
			</points>
		</object>
		<object>
			<coordinate>pixel</coordinate>
			<type>rectangle</type>
			<description>None</description>
			<possibleresult>
				<name>Van</name>
			</possibleresult>
			<points>
				<point>298.000000,660.000000</point>
				<point>293.000000,665.000000</point>
				<point>283.000000,654.000000</point>
				<point>289.000000,649.000000</point>
				<point>298.000000,660.000000</point>
			</points>
		</object>
		<object>
			<coordinate>pixel</coordinate>
			<type>rectangle</type>
			<description>None</description>
			<possibleresult>
				<name>Small Car</name>
			</possibleresult>
			<points>
				<point>320.000000,714.000000</point>
				<point>314.000000,719.000000</point>
				<point>303.000000,707.000000</point>
				<point>308.000000,702.000000</point>
				<point>320.000000,714.000000</point>
			</points>
		</object>
		<object>
			<coordinate>pixel</coordinate>
			<type>rectangle</type>
			<description>None</description>
			<possibleresult>
				<name>Van</name>
			</possibleresult>
			<points>
				<point>305.000000,722.000000</point>
				<point>300.000000,729.000000</point>
				<point>283.000000,716.000000</point>
				<point>288.000000,709.000000</point>
				<point>305.000000,722.000000</point>
			</points>
		</object>
		<object>
			<coordinate>pixel</coordinate>
			<type>rectangle</type>
			<description>None</description>
			<possibleresult>
				<name>Van</name>
			</possibleresult>
			<points>
				<point>282.000000,746.000000</point>
				<point>277.000000,751.000000</point>
				<point>264.000000,739.000000</point>
				<point>269.000000,734.000000</point>
				<point>282.000000,746.000000</point>
			</points>
		</object>
		<object>
			<coordinate>pixel</coordinate>
			<type>rectangle</type>
			<description>None</description>
			<possibleresult>
				<name>Van</name>
			</possibleresult>
			<points>
				<point>275.000000,752.000000</point>
				<point>270.000000,758.000000</point>
				<point>256.000000,745.000000</point>
				<point>261.000000,740.000000</point>
				<point>275.000000,752.000000</point>
			</points>
		</object>
		<object>
			<coordinate>pixel</coordinate>
			<type>rectangle</type>
			<description>None</description>
			<possibleresult>
				<name>Small Car</name>
			</possibleresult>
			<points>
				<point>268.000000,760.000000</point>
				<point>263.000000,765.000000</point>
				<point>250.000000,753.000000</point>
				<point>255.000000,747.000000</point>
				<point>268.000000,760.000000</point>
			</points>
		</object>
		<object>
			<coordinate>pixel</coordinate>
			<type>rectangle</type>
			<description>None</description>
			<possibleresult>
				<name>Basketball Court</name>
			</possibleresult>
			<points>
				<point>410.000000,380.000000</point>
				<point>347.000000,381.000000</point>
				<point>345.000000,299.000000</point>
				<point>407.000000,298.000000</point>
				<point>410.000000,380.000000</point>
			</points>
		</object>
	</objects>
</annotation>