<?xml version="1.0" encoding="utf-8"?>
<annotation>
	<source>
		<filename>15491.tif</filename>
		<origin>GF2/GF3</origin>
	</source>
	<research>
		<version>1.0</version>
		<provider>FAIR1M</provider>
		<author>Cyber</author>
		<pluginname>FAIR1M</pluginname>
		<pluginclass>object detection</pluginclass>
		<time>2021-07-21</time>
	</research>
	<size>
		<width>800</width>
		<height>600</height>
		<depth>4</depth>
	</size>
	<objects>
		<object>
			<coordinate>pixel</coordinate>
			<type>rectangle</type>
			<description>None</description>
			<possibleresult>
				<name>Small Car</name>
			</possibleresult>
			<points>
				<point>198.000000,97.000000</point>
				<point>190.000000,98.000000</point>
				<point>189.000000,82.000000</point>
				<point>198.000000,81.000000</point>
				<point>198.000000,97.000000</point>
			</points>
		</object>
		<object>
			<coordinate>pixel</coordinate>
			<type>rectangle</type>
			<description>None</description>
			<possibleresult>
				<name>Small Car</name>
			</possibleresult>
			<points>
				<point>297.000000,93.000000</point>
				<point>271.000000,93.000000</point>
				<point>271.000000,85.000000</point>
				<point>297.000000,85.000000</point>
				<point>297.000000,93.000000</point>
			</points>
		</object>
		<object>
			<coordinate>pixel</coordinate>
			<type>rectangle</type>
			<description>None</description>
			<possibleresult>
				<name>Small Car</name>
			</possibleresult>
			<points>
				<point>406.000000,46.000000</point>
				<point>397.000000,46.000000</point>
				<point>397.000000,29.000000</point>
				<point>406.000000,29.000000</point>
				<point>406.000000,46.000000</point>
			</points>
		</object>
		<object>
			<coordinate>pixel</coordinate>
			<type>rectangle</type>
			<description>None</description>
			<possibleresult>
				<name>Cargo Truck</name>
			</possibleresult>
			<points>
				<point>521.000000,63.000000</point>
				<point>520.000000,74.000000</point>
				<point>485.000000,72.000000</point>
				<point>486.000000,61.000000</point>
				<point>521.000000,63.000000</point>
			</points>
		</object>
		<object>
			<coordinate>pixel</coordinate>
			<type>rectangle</type>
			<description>None</description>
			<possibleresult>
				<name>Small Car</name>
			</possibleresult>
			<points>
				<point>653.000000,93.000000</point>
				<point>638.000000,92.000000</point>
				<point>638.000000,87.000000</point>
				<point>653.000000,87.000000</point>
				<point>653.000000,93.000000</point>
			</points>
		</object>
		<object>
			<coordinate>pixel</coordinate>
			<type>rectangle</type>
			<description>None</description>
			<possibleresult>
				<name>Van</name>
			</possibleresult>
			<points>
				<point>134.000000,341.000000</point>
				<point>116.000000,342.000000</point>
				<point>115.000000,336.000000</point>
				<point>134.000000,335.000000</point>
				<point>134.000000,341.000000</point>
			</points>
		</object>
		<object>
			<coordinate>pixel</coordinate>
			<type>rectangle</type>
			<description>None</description>
			<possibleresult>
				<name>Small Car</name>
			</possibleresult>
			<points>
				<point>167.000000,366.000000</point>
				<point>158.000000,366.000000</point>
				<point>157.000000,350.000000</point>
				<point>166.000000,349.000000</point>
				<point>167.000000,366.000000</point>
			</points>
		</object>
		<object>
			<coordinate>pixel</coordinate>
			<type>rectangle</type>
			<description>None</description>
			<possibleresult>
				<name>Van</name>
			</possibleresult>
			<points>
				<point>507.000000,166.000000</point>
				<point>487.000000,165.000000</point>
				<point>487.000000,158.000000</point>
				<point>507.000000,159.000000</point>
				<point>507.000000,166.000000</point>
			</points>
		</object>
		<object>
			<coordinate>pixel</coordinate>
			<type>rectangle</type>
			<description>None</description>
			<possibleresult>
				<name>Small Car</name>
			</possibleresult>
			<points>
				<point>554.000000,260.000000</point>
				<point>553.000000,277.000000</point>
				<point>545.000000,277.000000</point>
				<point>545.000000,260.000000</point>
				<point>554.000000,260.000000</point>
			</points>
		</object>
		<object>
			<coordinate>pixel</coordinate>
			<type>rectangle</type>
			<description>None</description>
			<possibleresult>
				<name>Van</name>
			</possibleresult>
			<points>
				<point>696.000000,358.000000</point>
				<point>674.000000,357.000000</point>
				<point>674.000000,349.000000</point>
				<point>696.000000,349.000000</point>
				<point>696.000000,358.000000</point>
			</points>
		</object>
		<object>
			<coordinate>pixel</coordinate>
			<type>rectangle</type>
			<description>None</description>
			<possibleresult>
				<name>Small Car</name>
			</possibleresult>
			<points>
				<point>627.000000,367.000000</point>
				<point>626.000000,374.000000</point>
				<point>603.000000,372.000000</point>
				<point>603.000000,365.000000</point>
				<point>627.000000,367.000000</point>
			</points>
		</object>
		<object>
			<coordinate>pixel</coordinate>
			<type>rectangle</type>
			<description>None</description>
			<possibleresult>
				<name>Van</name>
			</possibleresult>
			<points>
				<point>682.000000,565.000000</point>
				<point>661.000000,565.000000</point>
				<point>661.000000,559.000000</point>
				<point>682.000000,559.000000</point>
				<point>682.000000,565.000000</point>
			</points>
		</object>
		<object>
			<coordinate>pixel</coordinate>
			<type>rectangle</type>
			<description>None</description>
			<possibleresult>
				<name>Van</name>
			</possibleresult>
			<points>
				<point>217.000000,517.000000</point>
				<point>216.000000,538.000000</point>
				<point>205.000000,537.000000</point>
				<point>206.000000,516.000000</point>
				<point>217.000000,517.000000</point>
			</points>
		</object>
		<object>
			<coordinate>pixel</coordinate>
			<type>rectangle</type>
			<description>None</description>
			<possibleresult>
				<name>Small Car</name>
			</possibleresult>
			<points>
				<point>166.000000,528.000000</point>
				<point>157.000000,528.000000</point>
				<point>157.000000,513.000000</point>
				<point>166.000000,513.000000</point>
				<point>166.000000,528.000000</point>
			</points>
		</object>
		<object>
			<coordinate>pixel</coordinate>
			<type>rectangle</type>
			<description>None</description>
			<possibleresult>
				<name>Small Car</name>
			</possibleresult>
			<points>
				<point>489.000000,483.000000</point>
				<point>465.000000,484.000000</point>
				<point>465.000000,476.000000</point>
				<point>489.000000,475.000000</point>
				<point>489.000000,483.000000</point>
			</points>
		</object>
		<object>
			<coordinate>pixel</coordinate>
			<type>rectangle</type>
			<description>None</description>
			<possibleresult>
				<name>Intersection</name>
			</possibleresult>
			<points>
				<point>594.000000,96.000000</point>
				<point>544.000000,96.000000</point>
				<point>544.000000,64.000000</point>
				<point>594.000000,64.000000</point>
				<point>594.000000,96.000000</point>
			</points>
		</object>
		<object>
			<coordinate>pixel</coordinate>
			<type>rectangle</type>
			<description>None</description>
			<possibleresult>
				<name>Intersection</name>
			</possibleresult>
			<points>
				<point>232.000000,96.000000</point>
				<point>148.000000,97.000000</point>
				<point>147.000000,62.000000</point>
				<point>232.000000,61.000000</point>
				<point>232.000000,96.000000</point>
			</points>
		</object>
		<object>
			<coordinate>pixel</coordinate>
			<type>rectangle</type>
			<description>None</description>
			<possibleresult>
				<name>Small Car</name>
			</possibleresult>
			<points>
				<point>558.000000,44.000000</point>
				<point>544.000000,45.000000</point>
				<point>542.000000,24.000000</point>
				<point>556.000000,22.000000</point>
				<point>558.000000,44.000000</point>
			</points>
		</object>
	</objects>
</annotation>