<?xml version="1.0" encoding="utf-8"?>
<annotation>
	<source>
		<filename>15516.tif</filename>
		<origin>GF2/GF3</origin>
	</source>
	<research>
		<version>1.0</version>
		<provider>FAIR1M</provider>
		<author>Cyber</author>
		<pluginname>FAIR1M</pluginname>
		<pluginclass>object detection</pluginclass>
		<time>2021-07-21</time>
	</research>
	<size>
		<width>800</width>
		<height>600</height>
		<depth>3</depth>
	</size>
	<objects>
		<object>
			<coordinate>pixel</coordinate>
			<type>rectangle</type>
			<description>None</description>
			<possibleresult>
				<name>other-airplane</name>
			</possibleresult>
			<points>
				<point>257.000000,336.000000</point>
				<point>217.000000,364.000000</point>
				<point>182.000000,315.000000</point>
				<point>223.000000,287.000000</point>
				<point>257.000000,336.000000</point>
			</points>
		</object>
		<object>
			<coordinate>pixel</coordinate>
			<type>rectangle</type>
			<description>None</description>
			<possibleresult>
				<name>A330</name>
			</possibleresult>
			<points>
				<point>342.000000,280.000000</point>
				<point>282.000000,329.000000</point>
				<point>236.000000,271.000000</point>
				<point>296.000000,222.000000</point>
				<point>342.000000,280.000000</point>
			</points>
		</object>
		<object>
			<coordinate>pixel</coordinate>
			<type>rectangle</type>
			<description>None</description>
			<possibleresult>
				<name>other-airplane</name>
			</possibleresult>
			<points>
				<point>459.000000,171.000000</point>
				<point>430.000000,194.000000</point>
				<point>403.000000,157.000000</point>
				<point>432.000000,136.000000</point>
				<point>459.000000,171.000000</point>
			</points>
		</object>
		<object>
			<coordinate>pixel</coordinate>
			<type>rectangle</type>
			<description>None</description>
			<possibleresult>
				<name>A220</name>
			</possibleresult>
			<points>
				<point>101.000000,463.000000</point>
				<point>63.000000,492.000000</point>
				<point>32.000000,452.000000</point>
				<point>69.000000,423.000000</point>
				<point>101.000000,463.000000</point>
			</points>
		</object>
		<object>
			<coordinate>pixel</coordinate>
			<type>rectangle</type>
			<description>None</description>
			<possibleresult>
				<name>Boeing787</name>
			</possibleresult>
			<points>
				<point>559.118225,606.156738</point>
				<point>513.000061,545.000000</point>
				<point>572.881897,499.843262</point>
				<point>619.000061,561.000000</point>
				<point>559.118225,606.156738</point>
			</points>
		</object>
	</objects>
</annotation>