<?xml version="1.0" encoding="utf-8"?>
<annotation>
	<source>
		<filename>15553.tif</filename>
		<origin>GF2/GF3</origin>
	</source>
	<research>
		<version>1.0</version>
		<provider>FAIR1M</provider>
		<author>Cyber</author>
		<pluginname>FAIR1M</pluginname>
		<pluginclass>object detection</pluginclass>
		<time>2021-07-21</time>
	</research>
	<size>
		<width>800</width>
		<height>600</height>
		<depth>4</depth>
	</size>
	<objects>
		<object>
			<coordinate>pixel</coordinate>
			<type>rectangle</type>
			<description>None</description>
			<possibleresult>
				<name>Van</name>
			</possibleresult>
			<points>
				<point>654.000000,17.000000</point>
				<point>633.000000,17.000000</point>
				<point>633.000000,8.000000</point>
				<point>654.000000,8.000000</point>
				<point>654.000000,17.000000</point>
			</points>
		</object>
		<object>
			<coordinate>pixel</coordinate>
			<type>rectangle</type>
			<description>None</description>
			<possibleresult>
				<name>Dump Truck</name>
			</possibleresult>
			<points>
				<point>125.000000,182.000000</point>
				<point>108.000000,182.000000</point>
				<point>108.000000,176.000000</point>
				<point>125.000000,176.000000</point>
				<point>125.000000,182.000000</point>
			</points>
		</object>
		<object>
			<coordinate>pixel</coordinate>
			<type>rectangle</type>
			<description>None</description>
			<possibleresult>
				<name>Van</name>
			</possibleresult>
			<points>
				<point>398.000000,191.000000</point>
				<point>389.000000,192.000000</point>
				<point>388.000000,175.000000</point>
				<point>397.000000,174.000000</point>
				<point>398.000000,191.000000</point>
			</points>
		</object>
	</objects>
</annotation>