<?xml version="1.0" encoding="utf-8"?>
<annotation>
	<source>
		<filename>15577.tif</filename>
		<origin>GF2/GF3</origin>
	</source>
	<research>
		<version>1.0</version>
		<provider>FAIR1M</provider>
		<author>Cyber</author>
		<pluginname>FAIR1M</pluginname>
		<pluginclass>object detection</pluginclass>
		<time>2021-07-21</time>
	</research>
	<size>
		<width>1000</width>
		<height>1000</height>
		<depth>3</depth>
	</size>
	<objects>
		<object>
			<coordinate>pixel</coordinate>
			<type>rectangle</type>
			<description>None</description>
			<possibleresult>
				<name>Intersection</name>
			</possibleresult>
			<points>
				<point>281.999969,1015.000183</point>
				<point>230.999969,952.000183</point>
				<point>270.209564,920.259094</point>
				<point>321.209564,983.259094</point>
				<point>281.999969,1015.000183</point>
			</points>
		</object>
		<object>
			<coordinate>pixel</coordinate>
			<type>rectangle</type>
			<description>None</description>
			<possibleresult>
				<name>Intersection</name>
			</possibleresult>
			<points>
				<point>566.000000,374.000000</point>
				<point>529.000000,403.000000</point>
				<point>492.000000,355.000000</point>
				<point>529.000000,326.000000</point>
				<point>566.000000,374.000000</point>
			</points>
		</object>
		<object>
			<coordinate>pixel</coordinate>
			<type>rectangle</type>
			<description>None</description>
			<possibleresult>
				<name>Small Car</name>
			</possibleresult>
			<points>
				<point>994.252197,931.364258</point>
				<point>985.000244,918.000244</point>
				<point>992.748291,912.636230</point>
				<point>1002.000244,926.000244</point>
				<point>994.252197,931.364258</point>
			</points>
		</object>
		<object>
			<coordinate>pixel</coordinate>
			<type>rectangle</type>
			<description>None</description>
			<possibleresult>
				<name>Small Car</name>
			</possibleresult>
			<points>
				<point>968.000000,888.000000</point>
				<point>962.000000,893.000000</point>
				<point>950.000000,880.000000</point>
				<point>957.000000,875.000000</point>
				<point>968.000000,888.000000</point>
			</points>
		</object>
		<object>
			<coordinate>pixel</coordinate>
			<type>rectangle</type>
			<description>None</description>
			<possibleresult>
				<name>Small Car</name>
			</possibleresult>
			<points>
				<point>1000.000000,879.714478</point>
				<point>988.000061,866.000061</point>
				<point>994.757141,860.690857</point>
				<point>1000.000000,867.363586</point>
				<point>1000.000000,879.714478</point>
			</points>
		</object>
		<object>
			<coordinate>pixel</coordinate>
			<type>rectangle</type>
			<description>None</description>
			<possibleresult>
				<name>Small Car</name>
			</possibleresult>
			<points>
				<point>967.000000,829.000000</point>
				<point>960.000000,834.000000</point>
				<point>948.000000,819.000000</point>
				<point>955.000000,814.000000</point>
				<point>967.000000,829.000000</point>
			</points>
		</object>
		<object>
			<coordinate>pixel</coordinate>
			<type>rectangle</type>
			<description>None</description>
			<possibleresult>
				<name>Van</name>
			</possibleresult>
			<points>
				<point>946.000000,803.000000</point>
				<point>938.000000,809.000000</point>
				<point>925.000000,793.000000</point>
				<point>933.000000,787.000000</point>
				<point>946.000000,803.000000</point>
			</points>
		</object>
		<object>
			<coordinate>pixel</coordinate>
			<type>rectangle</type>
			<description>None</description>
			<possibleresult>
				<name>Small Car</name>
			</possibleresult>
			<points>
				<point>880.000000,729.000000</point>
				<point>873.000000,735.000000</point>
				<point>861.000000,721.000000</point>
				<point>869.000000,715.000000</point>
				<point>880.000000,729.000000</point>
			</points>
		</object>
		<object>
			<coordinate>pixel</coordinate>
			<type>rectangle</type>
			<description>None</description>
			<possibleresult>
				<name>Small Car</name>
			</possibleresult>
			<points>
				<point>900.000000,841.000000</point>
				<point>894.000000,846.000000</point>
				<point>882.000000,832.000000</point>
				<point>888.000000,827.000000</point>
				<point>900.000000,841.000000</point>
			</points>
		</object>
		<object>
			<coordinate>pixel</coordinate>
			<type>rectangle</type>
			<description>None</description>
			<possibleresult>
				<name>Small Car</name>
			</possibleresult>
			<points>
				<point>875.000000,862.000000</point>
				<point>869.000000,867.000000</point>
				<point>856.000000,852.000000</point>
				<point>863.000000,847.000000</point>
				<point>875.000000,862.000000</point>
			</points>
		</object>
		<object>
			<coordinate>pixel</coordinate>
			<type>rectangle</type>
			<description>None</description>
			<possibleresult>
				<name>Small Car</name>
			</possibleresult>
			<points>
				<point>766.000000,919.000000</point>
				<point>759.000000,924.000000</point>
				<point>750.000000,911.000000</point>
				<point>756.000000,906.000000</point>
				<point>766.000000,919.000000</point>
			</points>
		</object>
		<object>
			<coordinate>pixel</coordinate>
			<type>rectangle</type>
			<description>None</description>
			<possibleresult>
				<name>Van</name>
			</possibleresult>
			<points>
				<point>812.000000,844.000000</point>
				<point>806.000000,849.000000</point>
				<point>796.000000,834.000000</point>
				<point>803.000000,830.000000</point>
				<point>812.000000,844.000000</point>
			</points>
		</object>
		<object>
			<coordinate>pixel</coordinate>
			<type>rectangle</type>
			<description>None</description>
			<possibleresult>
				<name>Small Car</name>
			</possibleresult>
			<points>
				<point>785.000000,855.000000</point>
				<point>778.000000,860.000000</point>
				<point>770.000000,849.000000</point>
				<point>778.000000,844.000000</point>
				<point>785.000000,855.000000</point>
			</points>
		</object>
		<object>
			<coordinate>pixel</coordinate>
			<type>rectangle</type>
			<description>None</description>
			<possibleresult>
				<name>Small Car</name>
			</possibleresult>
			<points>
				<point>656.000000,920.000000</point>
				<point>639.000000,930.000000</point>
				<point>635.000000,924.000000</point>
				<point>652.000000,913.000000</point>
				<point>656.000000,920.000000</point>
			</points>
		</object>
		<object>
			<coordinate>pixel</coordinate>
			<type>rectangle</type>
			<description>None</description>
			<possibleresult>
				<name>Small Car</name>
			</possibleresult>
			<points>
				<point>637.000000,921.000000</point>
				<point>620.000000,931.000000</point>
				<point>616.000000,923.000000</point>
				<point>633.000000,913.000000</point>
				<point>637.000000,921.000000</point>
			</points>
		</object>
		<object>
			<coordinate>pixel</coordinate>
			<type>rectangle</type>
			<description>None</description>
			<possibleresult>
				<name>Small Car</name>
			</possibleresult>
			<points>
				<point>619.000000,963.000000</point>
				<point>612.000000,968.000000</point>
				<point>602.000000,954.000000</point>
				<point>608.000000,949.000000</point>
				<point>619.000000,963.000000</point>
			</points>
		</object>
		<object>
			<coordinate>pixel</coordinate>
			<type>rectangle</type>
			<description>None</description>
			<possibleresult>
				<name>Small Car</name>
			</possibleresult>
			<points>
				<point>609.000000,969.000000</point>
				<point>601.000000,974.000000</point>
				<point>593.000000,960.000000</point>
				<point>601.000000,956.000000</point>
				<point>609.000000,969.000000</point>
			</points>
		</object>
		<object>
			<coordinate>pixel</coordinate>
			<type>rectangle</type>
			<description>None</description>
			<possibleresult>
				<name>Small Car</name>
			</possibleresult>
			<points>
				<point>597.000000,972.000000</point>
				<point>590.000000,977.000000</point>
				<point>580.000000,964.000000</point>
				<point>587.000000,958.000000</point>
				<point>597.000000,972.000000</point>
			</points>
		</object>
		<object>
			<coordinate>pixel</coordinate>
			<type>rectangle</type>
			<description>None</description>
			<possibleresult>
				<name>Van</name>
			</possibleresult>
			<points>
				<point>539.000000,969.000000</point>
				<point>531.000000,974.000000</point>
				<point>523.000000,962.000000</point>
				<point>531.000000,957.000000</point>
				<point>539.000000,969.000000</point>
			</points>
		</object>
		<object>
			<coordinate>pixel</coordinate>
			<type>rectangle</type>
			<description>None</description>
			<possibleresult>
				<name>Van</name>
			</possibleresult>
			<points>
				<point>527.000000,977.000000</point>
				<point>521.000000,982.000000</point>
				<point>512.000000,970.000000</point>
				<point>518.000000,965.000000</point>
				<point>527.000000,977.000000</point>
			</points>
		</object>
		<object>
			<coordinate>pixel</coordinate>
			<type>rectangle</type>
			<description>None</description>
			<possibleresult>
				<name>Small Car</name>
			</possibleresult>
			<points>
				<point>517.000000,981.000000</point>
				<point>510.000000,987.000000</point>
				<point>501.000000,976.000000</point>
				<point>508.000000,970.000000</point>
				<point>517.000000,981.000000</point>
			</points>
		</object>
		<object>
			<coordinate>pixel</coordinate>
			<type>rectangle</type>
			<description>None</description>
			<possibleresult>
				<name>Van</name>
			</possibleresult>
			<points>
				<point>505.000000,990.000000</point>
				<point>498.000000,995.000000</point>
				<point>490.000000,982.000000</point>
				<point>497.000000,977.000000</point>
				<point>505.000000,990.000000</point>
			</points>
		</object>
		<object>
			<coordinate>pixel</coordinate>
			<type>rectangle</type>
			<description>None</description>
			<possibleresult>
				<name>Dump Truck</name>
			</possibleresult>
			<points>
				<point>469.000092,1001.000122</point>
				<point>463.285004,995.693237</point>
				<point>476.285004,981.693237</point>
				<point>482.000092,987.000122</point>
				<point>469.000092,1001.000122</point>
			</points>
		</object>
		<object>
			<coordinate>pixel</coordinate>
			<type>rectangle</type>
			<description>None</description>
			<possibleresult>
				<name>Small Car</name>
			</possibleresult>
			<points>
				<point>998.000000,522.000000</point>
				<point>983.000000,532.000000</point>
				<point>979.000000,527.000000</point>
				<point>995.000000,517.000000</point>
				<point>998.000000,522.000000</point>
			</points>
		</object>
		<object>
			<coordinate>pixel</coordinate>
			<type>rectangle</type>
			<description>None</description>
			<possibleresult>
				<name>Small Car</name>
			</possibleresult>
			<points>
				<point>981.000000,533.000000</point>
				<point>968.000000,541.000000</point>
				<point>965.000000,536.000000</point>
				<point>978.000000,528.000000</point>
				<point>981.000000,533.000000</point>
			</points>
		</object>
		<object>
			<coordinate>pixel</coordinate>
			<type>rectangle</type>
			<description>None</description>
			<possibleresult>
				<name>Small Car</name>
			</possibleresult>
			<points>
				<point>734.000000,592.000000</point>
				<point>726.000000,598.000000</point>
				<point>716.000000,583.000000</point>
				<point>725.000000,577.000000</point>
				<point>734.000000,592.000000</point>
			</points>
		</object>
		<object>
			<coordinate>pixel</coordinate>
			<type>rectangle</type>
			<description>None</description>
			<possibleresult>
				<name>Small Car</name>
			</possibleresult>
			<points>
				<point>726.000000,607.000000</point>
				<point>718.000000,613.000000</point>
				<point>705.000000,593.000000</point>
				<point>712.000000,588.000000</point>
				<point>726.000000,607.000000</point>
			</points>
		</object>
		<object>
			<coordinate>pixel</coordinate>
			<type>rectangle</type>
			<description>None</description>
			<possibleresult>
				<name>Van</name>
			</possibleresult>
			<points>
				<point>554.000000,636.000000</point>
				<point>546.000000,643.000000</point>
				<point>535.000000,629.000000</point>
				<point>543.000000,623.000000</point>
				<point>554.000000,636.000000</point>
			</points>
		</object>
		<object>
			<coordinate>pixel</coordinate>
			<type>rectangle</type>
			<description>None</description>
			<possibleresult>
				<name>Small Car</name>
			</possibleresult>
			<points>
				<point>540.000000,642.000000</point>
				<point>533.000000,647.000000</point>
				<point>522.000000,632.000000</point>
				<point>530.000000,627.000000</point>
				<point>540.000000,642.000000</point>
			</points>
		</object>
		<object>
			<coordinate>pixel</coordinate>
			<type>rectangle</type>
			<description>None</description>
			<possibleresult>
				<name>Van</name>
			</possibleresult>
			<points>
				<point>744.000000,713.000000</point>
				<point>728.000000,722.000000</point>
				<point>724.000000,717.000000</point>
				<point>740.000000,707.000000</point>
				<point>744.000000,713.000000</point>
			</points>
		</object>
		<object>
			<coordinate>pixel</coordinate>
			<type>rectangle</type>
			<description>None</description>
			<possibleresult>
				<name>Van</name>
			</possibleresult>
			<points>
				<point>708.000000,736.000000</point>
				<point>691.000000,746.000000</point>
				<point>687.000000,740.000000</point>
				<point>703.000000,729.000000</point>
				<point>708.000000,736.000000</point>
			</points>
		</object>
		<object>
			<coordinate>pixel</coordinate>
			<type>rectangle</type>
			<description>None</description>
			<possibleresult>
				<name>Dump Truck</name>
			</possibleresult>
			<points>
				<point>696.000000,701.000000</point>
				<point>678.000000,713.000000</point>
				<point>673.000000,706.000000</point>
				<point>691.000000,694.000000</point>
				<point>696.000000,701.000000</point>
			</points>
		</object>
		<object>
			<coordinate>pixel</coordinate>
			<type>rectangle</type>
			<description>None</description>
			<possibleresult>
				<name>Small Car</name>
			</possibleresult>
			<points>
				<point>675.000000,714.000000</point>
				<point>661.000000,724.000000</point>
				<point>656.000000,718.000000</point>
				<point>671.000000,707.000000</point>
				<point>675.000000,714.000000</point>
			</points>
		</object>
		<object>
			<coordinate>pixel</coordinate>
			<type>rectangle</type>
			<description>None</description>
			<possibleresult>
				<name>Van</name>
			</possibleresult>
			<points>
				<point>630.000000,743.000000</point>
				<point>615.000000,751.000000</point>
				<point>612.000000,745.000000</point>
				<point>626.000000,736.000000</point>
				<point>630.000000,743.000000</point>
			</points>
		</object>
		<object>
			<coordinate>pixel</coordinate>
			<type>rectangle</type>
			<description>None</description>
			<possibleresult>
				<name>Dump Truck</name>
			</possibleresult>
			<points>
				<point>573.000000,815.000000</point>
				<point>557.000000,826.000000</point>
				<point>553.000000,820.000000</point>
				<point>570.000000,809.000000</point>
				<point>573.000000,815.000000</point>
			</points>
		</object>
		<object>
			<coordinate>pixel</coordinate>
			<type>rectangle</type>
			<description>None</description>
			<possibleresult>
				<name>Small Car</name>
			</possibleresult>
			<points>
				<point>554.000000,827.000000</point>
				<point>539.000000,836.000000</point>
				<point>535.000000,830.000000</point>
				<point>550.000000,821.000000</point>
				<point>554.000000,827.000000</point>
			</points>
		</object>
		<object>
			<coordinate>pixel</coordinate>
			<type>rectangle</type>
			<description>None</description>
			<possibleresult>
				<name>Dump Truck</name>
			</possibleresult>
			<points>
				<point>536.000000,798.000000</point>
				<point>516.000000,810.000000</point>
				<point>511.000000,804.000000</point>
				<point>532.000000,791.000000</point>
				<point>536.000000,798.000000</point>
			</points>
		</object>
		<object>
			<coordinate>pixel</coordinate>
			<type>rectangle</type>
			<description>None</description>
			<possibleresult>
				<name>Small Car</name>
			</possibleresult>
			<points>
				<point>510.000000,853.000000</point>
				<point>493.000000,864.000000</point>
				<point>489.000000,857.000000</point>
				<point>505.000000,846.000000</point>
				<point>510.000000,853.000000</point>
			</points>
		</object>
		<object>
			<coordinate>pixel</coordinate>
			<type>rectangle</type>
			<description>None</description>
			<possibleresult>
				<name>Small Car</name>
			</possibleresult>
			<points>
				<point>492.000000,864.000000</point>
				<point>475.000000,874.000000</point>
				<point>471.000000,867.000000</point>
				<point>488.000000,857.000000</point>
				<point>492.000000,864.000000</point>
			</points>
		</object>
		<object>
			<coordinate>pixel</coordinate>
			<type>rectangle</type>
			<description>None</description>
			<possibleresult>
				<name>Dump Truck</name>
			</possibleresult>
			<points>
				<point>445.000000,850.000000</point>
				<point>425.000000,862.000000</point>
				<point>422.000000,856.000000</point>
				<point>442.000000,844.000000</point>
				<point>445.000000,850.000000</point>
			</points>
		</object>
		<object>
			<coordinate>pixel</coordinate>
			<type>rectangle</type>
			<description>None</description>
			<possibleresult>
				<name>Dump Truck</name>
			</possibleresult>
			<points>
				<point>437.000000,895.000000</point>
				<point>421.000000,907.000000</point>
				<point>417.000000,901.000000</point>
				<point>434.000000,890.000000</point>
				<point>437.000000,895.000000</point>
			</points>
		</object>
		<object>
			<coordinate>pixel</coordinate>
			<type>rectangle</type>
			<description>None</description>
			<possibleresult>
				<name>Van</name>
			</possibleresult>
			<points>
				<point>400.000000,918.000000</point>
				<point>385.000000,928.000000</point>
				<point>381.000000,922.000000</point>
				<point>396.000000,912.000000</point>
				<point>400.000000,918.000000</point>
			</points>
		</object>
		<object>
			<coordinate>pixel</coordinate>
			<type>rectangle</type>
			<description>None</description>
			<possibleresult>
				<name>Small Car</name>
			</possibleresult>
			<points>
				<point>381.000000,929.000000</point>
				<point>363.000000,939.000000</point>
				<point>358.000000,932.000000</point>
				<point>376.000000,922.000000</point>
				<point>381.000000,929.000000</point>
			</points>
		</object>
		<object>
			<coordinate>pixel</coordinate>
			<type>rectangle</type>
			<description>None</description>
			<possibleresult>
				<name>Small Car</name>
			</possibleresult>
			<points>
				<point>349.000000,948.000000</point>
				<point>334.000000,958.000000</point>
				<point>329.000000,951.000000</point>
				<point>345.000000,942.000000</point>
				<point>349.000000,948.000000</point>
			</points>
		</object>
		<object>
			<coordinate>pixel</coordinate>
			<type>rectangle</type>
			<description>None</description>
			<possibleresult>
				<name>Small Car</name>
			</possibleresult>
			<points>
				<point>405.000000,875.000000</point>
				<point>388.000000,885.000000</point>
				<point>385.000000,879.000000</point>
				<point>401.000000,869.000000</point>
				<point>405.000000,875.000000</point>
			</points>
		</object>
		<object>
			<coordinate>pixel</coordinate>
			<type>rectangle</type>
			<description>None</description>
			<possibleresult>
				<name>Van</name>
			</possibleresult>
			<points>
				<point>384.000000,886.000000</point>
				<point>370.000000,894.000000</point>
				<point>367.000000,889.000000</point>
				<point>381.000000,882.000000</point>
				<point>384.000000,886.000000</point>
			</points>
		</object>
		<object>
			<coordinate>pixel</coordinate>
			<type>rectangle</type>
			<description>None</description>
			<possibleresult>
				<name>Van</name>
			</possibleresult>
			<points>
				<point>368.000000,895.000000</point>
				<point>353.000000,905.000000</point>
				<point>349.000000,900.000000</point>
				<point>365.000000,890.000000</point>
				<point>368.000000,895.000000</point>
			</points>
		</object>
		<object>
			<coordinate>pixel</coordinate>
			<type>rectangle</type>
			<description>None</description>
			<possibleresult>
				<name>Small Car</name>
			</possibleresult>
			<points>
				<point>323.000000,921.000000</point>
				<point>312.000000,928.000000</point>
				<point>309.000000,923.000000</point>
				<point>320.000000,916.000000</point>
				<point>323.000000,921.000000</point>
			</points>
		</object>
		<object>
			<coordinate>pixel</coordinate>
			<type>rectangle</type>
			<description>None</description>
			<possibleresult>
				<name>Van</name>
			</possibleresult>
			<points>
				<point>468.000000,648.000000</point>
				<point>461.000000,653.000000</point>
				<point>451.000000,640.000000</point>
				<point>457.000000,634.000000</point>
				<point>468.000000,648.000000</point>
			</points>
		</object>
		<object>
			<coordinate>pixel</coordinate>
			<type>rectangle</type>
			<description>None</description>
			<possibleresult>
				<name>Small Car</name>
			</possibleresult>
			<points>
				<point>460.000000,654.000000</point>
				<point>454.000000,659.000000</point>
				<point>443.000000,645.000000</point>
				<point>449.000000,640.000000</point>
				<point>460.000000,654.000000</point>
			</points>
		</object>
		<object>
			<coordinate>pixel</coordinate>
			<type>rectangle</type>
			<description>None</description>
			<possibleresult>
				<name>Small Car</name>
			</possibleresult>
			<points>
				<point>320.000000,733.000000</point>
				<point>304.000000,743.000000</point>
				<point>300.000000,737.000000</point>
				<point>317.000000,726.000000</point>
				<point>320.000000,733.000000</point>
			</points>
		</object>
		<object>
			<coordinate>pixel</coordinate>
			<type>rectangle</type>
			<description>None</description>
			<possibleresult>
				<name>Van</name>
			</possibleresult>
			<points>
				<point>354.000000,726.000000</point>
				<point>349.000000,730.000000</point>
				<point>339.000000,719.000000</point>
				<point>344.000000,715.000000</point>
				<point>354.000000,726.000000</point>
			</points>
		</object>
		<object>
			<coordinate>pixel</coordinate>
			<type>rectangle</type>
			<description>None</description>
			<possibleresult>
				<name>Van</name>
			</possibleresult>
			<points>
				<point>173.000000,506.000000</point>
				<point>168.000000,510.000000</point>
				<point>161.000000,500.000000</point>
				<point>166.000000,496.000000</point>
				<point>173.000000,506.000000</point>
			</points>
		</object>
		<object>
			<coordinate>pixel</coordinate>
			<type>rectangle</type>
			<description>None</description>
			<possibleresult>
				<name>Small Car</name>
			</possibleresult>
			<points>
				<point>143.000000,442.000000</point>
				<point>136.000000,447.000000</point>
				<point>126.000000,434.000000</point>
				<point>133.000000,429.000000</point>
				<point>143.000000,442.000000</point>
			</points>
		</object>
		<object>
			<coordinate>pixel</coordinate>
			<type>rectangle</type>
			<description>None</description>
			<possibleresult>
				<name>Van</name>
			</possibleresult>
			<points>
				<point>555.000000,414.000000</point>
				<point>548.000000,420.000000</point>
				<point>537.000000,406.000000</point>
				<point>544.000000,401.000000</point>
				<point>555.000000,414.000000</point>
			</points>
		</object>
		<object>
			<coordinate>pixel</coordinate>
			<type>rectangle</type>
			<description>None</description>
			<possibleresult>
				<name>Small Car</name>
			</possibleresult>
			<points>
				<point>507.000000,401.000000</point>
				<point>494.000000,409.000000</point>
				<point>491.000000,404.000000</point>
				<point>504.000000,396.000000</point>
				<point>507.000000,401.000000</point>
			</points>
		</object>
		<object>
			<coordinate>pixel</coordinate>
			<type>rectangle</type>
			<description>None</description>
			<possibleresult>
				<name>Small Car</name>
			</possibleresult>
			<points>
				<point>490.000000,410.000000</point>
				<point>474.000000,419.000000</point>
				<point>471.000000,413.000000</point>
				<point>486.000000,404.000000</point>
				<point>490.000000,410.000000</point>
			</points>
		</object>
		<object>
			<coordinate>pixel</coordinate>
			<type>rectangle</type>
			<description>None</description>
			<possibleresult>
				<name>Small Car</name>
			</possibleresult>
			<points>
				<point>381.000000,433.000000</point>
				<point>362.000000,445.000000</point>
				<point>358.000000,438.000000</point>
				<point>377.000000,426.000000</point>
				<point>381.000000,433.000000</point>
			</points>
		</object>
		<object>
			<coordinate>pixel</coordinate>
			<type>rectangle</type>
			<description>None</description>
			<possibleresult>
				<name>Small Car</name>
			</possibleresult>
			<points>
				<point>279.000000,495.000000</point>
				<point>263.000000,505.000000</point>
				<point>258.000000,498.000000</point>
				<point>274.000000,488.000000</point>
				<point>279.000000,495.000000</point>
			</points>
		</object>
		<object>
			<coordinate>pixel</coordinate>
			<type>rectangle</type>
			<description>None</description>
			<possibleresult>
				<name>Small Car</name>
			</possibleresult>
			<points>
				<point>259.000000,506.000000</point>
				<point>245.000000,516.000000</point>
				<point>241.000000,509.000000</point>
				<point>254.000000,500.000000</point>
				<point>259.000000,506.000000</point>
			</points>
		</object>
		<object>
			<coordinate>pixel</coordinate>
			<type>rectangle</type>
			<description>None</description>
			<possibleresult>
				<name>Small Car</name>
			</possibleresult>
			<points>
				<point>242.000000,517.000000</point>
				<point>226.000000,527.000000</point>
				<point>223.000000,521.000000</point>
				<point>238.000000,511.000000</point>
				<point>242.000000,517.000000</point>
			</points>
		</object>
		<object>
			<coordinate>pixel</coordinate>
			<type>rectangle</type>
			<description>None</description>
			<possibleresult>
				<name>Small Car</name>
			</possibleresult>
			<points>
				<point>262.000000,855.000000</point>
				<point>256.000000,860.000000</point>
				<point>247.000000,849.000000</point>
				<point>253.000000,844.000000</point>
				<point>262.000000,855.000000</point>
			</points>
		</object>
		<object>
			<coordinate>pixel</coordinate>
			<type>rectangle</type>
			<description>None</description>
			<possibleresult>
				<name>Van</name>
			</possibleresult>
			<points>
				<point>254.000000,863.000000</point>
				<point>248.000000,868.000000</point>
				<point>236.000000,855.000000</point>
				<point>242.000000,850.000000</point>
				<point>254.000000,863.000000</point>
			</points>
		</object>
		<object>
			<coordinate>pixel</coordinate>
			<type>rectangle</type>
			<description>None</description>
			<possibleresult>
				<name>Small Car</name>
			</possibleresult>
			<points>
				<point>251.000000,904.000000</point>
				<point>242.000000,911.000000</point>
				<point>232.000000,898.000000</point>
				<point>240.000000,891.000000</point>
				<point>251.000000,904.000000</point>
			</points>
		</object>
		<object>
			<coordinate>pixel</coordinate>
			<type>rectangle</type>
			<description>None</description>
			<possibleresult>
				<name>Van</name>
			</possibleresult>
			<points>
				<point>235.000000,886.000000</point>
				<point>227.000000,893.000000</point>
				<point>217.000000,880.000000</point>
				<point>225.000000,873.000000</point>
				<point>235.000000,886.000000</point>
			</points>
		</object>
		<object>
			<coordinate>pixel</coordinate>
			<type>rectangle</type>
			<description>None</description>
			<possibleresult>
				<name>Small Car</name>
			</possibleresult>
			<points>
				<point>220.000000,868.000000</point>
				<point>213.000000,875.000000</point>
				<point>200.000000,862.000000</point>
				<point>208.000000,855.000000</point>
				<point>220.000000,868.000000</point>
			</points>
		</object>
		<object>
			<coordinate>pixel</coordinate>
			<type>rectangle</type>
			<description>None</description>
			<possibleresult>
				<name>Small Car</name>
			</possibleresult>
			<points>
				<point>86.000000,985.000000</point>
				<point>80.000000,991.000000</point>
				<point>67.000000,977.000000</point>
				<point>74.000000,971.000000</point>
				<point>86.000000,985.000000</point>
			</points>
		</object>
		<object>
			<coordinate>pixel</coordinate>
			<type>rectangle</type>
			<description>None</description>
			<possibleresult>
				<name>Van</name>
			</possibleresult>
			<points>
				<point>93.000000,936.000000</point>
				<point>78.000000,948.000000</point>
				<point>73.000000,943.000000</point>
				<point>88.000000,930.000000</point>
				<point>93.000000,936.000000</point>
			</points>
		</object>
		<object>
			<coordinate>pixel</coordinate>
			<type>rectangle</type>
			<description>None</description>
			<possibleresult>
				<name>Dump Truck</name>
			</possibleresult>
			<points>
				<point>55.000000,954.000000</point>
				<point>48.000000,960.000000</point>
				<point>36.000000,943.000000</point>
				<point>43.000000,938.000000</point>
				<point>55.000000,954.000000</point>
			</points>
		</object>
		<object>
			<coordinate>pixel</coordinate>
			<type>rectangle</type>
			<description>None</description>
			<possibleresult>
				<name>Small Car</name>
			</possibleresult>
			<points>
				<point>73.000000,925.000000</point>
				<point>63.000000,926.000000</point>
				<point>63.000000,909.000000</point>
				<point>73.000000,909.000000</point>
				<point>73.000000,925.000000</point>
			</points>
		</object>
		<object>
			<coordinate>pixel</coordinate>
			<type>rectangle</type>
			<description>None</description>
			<possibleresult>
				<name>Small Car</name>
			</possibleresult>
			<points>
				<point>184.000000,889.000000</point>
				<point>176.000000,894.000000</point>
				<point>167.000000,880.000000</point>
				<point>175.000000,875.000000</point>
				<point>184.000000,889.000000</point>
			</points>
		</object>
		<object>
			<coordinate>pixel</coordinate>
			<type>rectangle</type>
			<description>None</description>
			<possibleresult>
				<name>Small Car</name>
			</possibleresult>
			<points>
				<point>146.000000,886.000000</point>
				<point>133.000000,895.000000</point>
				<point>129.000000,890.000000</point>
				<point>143.000000,881.000000</point>
				<point>146.000000,886.000000</point>
			</points>
		</object>
		<object>
			<coordinate>pixel</coordinate>
			<type>rectangle</type>
			<description>None</description>
			<possibleresult>
				<name>Dump Truck</name>
			</possibleresult>
			<points>
				<point>141.000000,876.000000</point>
				<point>126.000000,887.000000</point>
				<point>123.000000,882.000000</point>
				<point>138.000000,871.000000</point>
				<point>141.000000,876.000000</point>
			</points>
		</object>
		<object>
			<coordinate>pixel</coordinate>
			<type>rectangle</type>
			<description>None</description>
			<possibleresult>
				<name>Small Car</name>
			</possibleresult>
			<points>
				<point>153.000000,851.000000</point>
				<point>146.000000,856.000000</point>
				<point>135.000000,842.000000</point>
				<point>142.000000,837.000000</point>
				<point>153.000000,851.000000</point>
			</points>
		</object>
		<object>
			<coordinate>pixel</coordinate>
			<type>rectangle</type>
			<description>None</description>
			<possibleresult>
				<name>Small Car</name>
			</possibleresult>
			<points>
				<point>136.000000,833.000000</point>
				<point>132.000000,838.000000</point>
				<point>119.000000,827.000000</point>
				<point>124.000000,822.000000</point>
				<point>136.000000,833.000000</point>
			</points>
		</object>
		<object>
			<coordinate>pixel</coordinate>
			<type>rectangle</type>
			<description>None</description>
			<possibleresult>
				<name>Van</name>
			</possibleresult>
			<points>
				<point>162.000000,805.000000</point>
				<point>155.000000,811.000000</point>
				<point>145.000000,798.000000</point>
				<point>153.000000,793.000000</point>
				<point>162.000000,805.000000</point>
			</points>
		</object>
		<object>
			<coordinate>pixel</coordinate>
			<type>rectangle</type>
			<description>None</description>
			<possibleresult>
				<name>Small Car</name>
			</possibleresult>
			<points>
				<point>107.000000,803.000000</point>
				<point>100.000000,807.000000</point>
				<point>91.000000,792.000000</point>
				<point>98.000000,788.000000</point>
				<point>107.000000,803.000000</point>
			</points>
		</object>
		<object>
			<coordinate>pixel</coordinate>
			<type>rectangle</type>
			<description>None</description>
			<possibleresult>
				<name>Small Car</name>
			</possibleresult>
			<points>
				<point>52.000000,738.000000</point>
				<point>44.000000,743.000000</point>
				<point>33.000000,728.000000</point>
				<point>41.000000,722.000000</point>
				<point>52.000000,738.000000</point>
			</points>
		</object>
		<object>
			<coordinate>pixel</coordinate>
			<type>rectangle</type>
			<description>None</description>
			<possibleresult>
				<name>Small Car</name>
			</possibleresult>
			<points>
				<point>882.000000,136.000000</point>
				<point>866.000000,147.000000</point>
				<point>862.000000,141.000000</point>
				<point>878.000000,130.000000</point>
				<point>882.000000,136.000000</point>
			</points>
		</object>
		<object>
			<coordinate>pixel</coordinate>
			<type>rectangle</type>
			<description>None</description>
			<possibleresult>
				<name>Van</name>
			</possibleresult>
			<points>
				<point>564.000061,0.000000</point>
				<point>551.680115,9.240000</point>
				<point>547.000061,3.000000</point>
				<point>551.000061,0.000000</point>
				<point>564.000061,0.000000</point>
			</points>
		</object>
		<object>
			<coordinate>pixel</coordinate>
			<type>rectangle</type>
			<description>None</description>
			<possibleresult>
				<name>Small Car</name>
			</possibleresult>
			<points>
				<point>532.000000,8.000000</point>
				<point>520.000000,16.000000</point>
				<point>517.000000,10.000000</point>
				<point>529.000000,2.000000</point>
				<point>532.000000,8.000000</point>
			</points>
		</object>
		<object>
			<coordinate>pixel</coordinate>
			<type>rectangle</type>
			<description>None</description>
			<possibleresult>
				<name>Van</name>
			</possibleresult>
			<points>
				<point>277.000000,99.000000</point>
				<point>271.000000,104.000000</point>
				<point>260.000000,91.000000</point>
				<point>266.000000,86.000000</point>
				<point>277.000000,99.000000</point>
			</points>
		</object>
		<object>
			<coordinate>pixel</coordinate>
			<type>rectangle</type>
			<description>None</description>
			<possibleresult>
				<name>Dump Truck</name>
			</possibleresult>
			<points>
				<point>280.000000,48.000000</point>
				<point>273.000000,53.000000</point>
				<point>262.000000,38.000000</point>
				<point>268.000000,33.000000</point>
				<point>280.000000,48.000000</point>
			</points>
		</object>
		<object>
			<coordinate>pixel</coordinate>
			<type>rectangle</type>
			<description>None</description>
			<possibleresult>
				<name>Small Car</name>
			</possibleresult>
			<points>
				<point>300.000000,68.000000</point>
				<point>293.000000,74.000000</point>
				<point>282.000000,60.000000</point>
				<point>289.000000,55.000000</point>
				<point>300.000000,68.000000</point>
			</points>
		</object>
		<object>
			<coordinate>pixel</coordinate>
			<type>rectangle</type>
			<description>None</description>
			<possibleresult>
				<name>Dump Truck</name>
			</possibleresult>
			<points>
				<point>317.000000,89.000000</point>
				<point>311.000000,94.000000</point>
				<point>300.000000,81.000000</point>
				<point>305.000000,76.000000</point>
				<point>317.000000,89.000000</point>
			</points>
		</object>
		<object>
			<coordinate>pixel</coordinate>
			<type>rectangle</type>
			<description>None</description>
			<possibleresult>
				<name>Van</name>
			</possibleresult>
			<points>
				<point>333.000000,110.000000</point>
				<point>328.000000,115.000000</point>
				<point>317.000000,102.000000</point>
				<point>323.000000,97.000000</point>
				<point>333.000000,110.000000</point>
			</points>
		</object>
		<object>
			<coordinate>pixel</coordinate>
			<type>rectangle</type>
			<description>None</description>
			<possibleresult>
				<name>Small Car</name>
			</possibleresult>
			<points>
				<point>369.000000,150.000000</point>
				<point>362.000000,155.000000</point>
				<point>349.000000,138.000000</point>
				<point>356.000000,133.000000</point>
				<point>369.000000,150.000000</point>
			</points>
		</object>
		<object>
			<coordinate>pixel</coordinate>
			<type>rectangle</type>
			<description>None</description>
			<possibleresult>
				<name>Small Car</name>
			</possibleresult>
			<points>
				<point>384.000000,165.000000</point>
				<point>378.000000,171.000000</point>
				<point>367.000000,158.000000</point>
				<point>373.000000,153.000000</point>
				<point>384.000000,165.000000</point>
			</points>
		</object>
		<object>
			<coordinate>pixel</coordinate>
			<type>rectangle</type>
			<description>None</description>
			<possibleresult>
				<name>Small Car</name>
			</possibleresult>
			<points>
				<point>404.000000,190.000000</point>
				<point>398.000000,196.000000</point>
				<point>385.000000,181.000000</point>
				<point>391.000000,176.000000</point>
				<point>404.000000,190.000000</point>
			</points>
		</object>
		<object>
			<coordinate>pixel</coordinate>
			<type>rectangle</type>
			<description>None</description>
			<possibleresult>
				<name>other-vehicle</name>
			</possibleresult>
			<points>
				<point>474.000000,270.000000</point>
				<point>465.000000,278.000000</point>
				<point>454.000000,264.000000</point>
				<point>462.000000,257.000000</point>
				<point>474.000000,270.000000</point>
			</points>
		</object>
		<object>
			<coordinate>pixel</coordinate>
			<type>rectangle</type>
			<description>None</description>
			<possibleresult>
				<name>Van</name>
			</possibleresult>
			<points>
				<point>487.000000,287.000000</point>
				<point>481.000000,292.000000</point>
				<point>471.000000,281.000000</point>
				<point>476.000000,276.000000</point>
				<point>487.000000,287.000000</point>
			</points>
		</object>
		<object>
			<coordinate>pixel</coordinate>
			<type>rectangle</type>
			<description>None</description>
			<possibleresult>
				<name>Van</name>
			</possibleresult>
			<points>
				<point>432.000000,277.000000</point>
				<point>426.000000,283.000000</point>
				<point>415.000000,271.000000</point>
				<point>420.000000,265.000000</point>
				<point>432.000000,277.000000</point>
			</points>
		</object>
		<object>
			<coordinate>pixel</coordinate>
			<type>rectangle</type>
			<description>None</description>
			<possibleresult>
				<name>Van</name>
			</possibleresult>
			<points>
				<point>391.000000,271.000000</point>
				<point>377.000000,280.000000</point>
				<point>373.000000,273.000000</point>
				<point>387.000000,264.000000</point>
				<point>391.000000,271.000000</point>
			</points>
		</object>
		<object>
			<coordinate>pixel</coordinate>
			<type>rectangle</type>
			<description>None</description>
			<possibleresult>
				<name>Van</name>
			</possibleresult>
			<points>
				<point>373.000000,281.000000</point>
				<point>357.000000,292.000000</point>
				<point>353.000000,286.000000</point>
				<point>369.000000,275.000000</point>
				<point>373.000000,281.000000</point>
			</points>
		</object>
		<object>
			<coordinate>pixel</coordinate>
			<type>rectangle</type>
			<description>None</description>
			<possibleresult>
				<name>Small Car</name>
			</possibleresult>
			<points>
				<point>441.000000,337.000000</point>
				<point>420.000000,337.000000</point>
				<point>420.000000,330.000000</point>
				<point>441.000000,330.000000</point>
				<point>441.000000,337.000000</point>
			</points>
		</object>
		<object>
			<coordinate>pixel</coordinate>
			<type>rectangle</type>
			<description>None</description>
			<possibleresult>
				<name>Trailer</name>
			</possibleresult>
			<points>
				<point>323.000000,336.000000</point>
				<point>290.000000,337.000000</point>
				<point>289.000000,330.000000</point>
				<point>323.000000,329.000000</point>
				<point>323.000000,336.000000</point>
			</points>
		</object>
		<object>
			<coordinate>pixel</coordinate>
			<type>rectangle</type>
			<description>None</description>
			<possibleresult>
				<name>Van</name>
			</possibleresult>
			<points>
				<point>275.000000,325.000000</point>
				<point>266.000000,325.000000</point>
				<point>266.000000,310.000000</point>
				<point>275.000000,310.000000</point>
				<point>275.000000,325.000000</point>
			</points>
		</object>
		<object>
			<coordinate>pixel</coordinate>
			<type>rectangle</type>
			<description>None</description>
			<possibleresult>
				<name>Van</name>
			</possibleresult>
			<points>
				<point>264.000000,337.000000</point>
				<point>244.000000,337.000000</point>
				<point>244.000000,330.000000</point>
				<point>264.000000,330.000000</point>
				<point>264.000000,337.000000</point>
			</points>
		</object>
		<object>
			<coordinate>pixel</coordinate>
			<type>rectangle</type>
			<description>None</description>
			<possibleresult>
				<name>other-vehicle</name>
			</possibleresult>
			<points>
				<point>234.000000,338.000000</point>
				<point>210.000000,338.000000</point>
				<point>210.000000,330.000000</point>
				<point>234.000000,330.000000</point>
				<point>234.000000,338.000000</point>
			</points>
		</object>
		<object>
			<coordinate>pixel</coordinate>
			<type>rectangle</type>
			<description>None</description>
			<possibleresult>
				<name>Van</name>
			</possibleresult>
			<points>
				<point>195.000000,338.000000</point>
				<point>174.000000,339.000000</point>
				<point>173.000000,331.000000</point>
				<point>194.000000,330.000000</point>
				<point>195.000000,338.000000</point>
			</points>
		</object>
		<object>
			<coordinate>pixel</coordinate>
			<type>rectangle</type>
			<description>None</description>
			<possibleresult>
				<name>Dump Truck</name>
			</possibleresult>
			<points>
				<point>141.000000,377.000000</point>
				<point>132.000000,384.000000</point>
				<point>120.000000,369.000000</point>
				<point>129.000000,362.000000</point>
				<point>141.000000,377.000000</point>
			</points>
		</object>
		<object>
			<coordinate>pixel</coordinate>
			<type>rectangle</type>
			<description>None</description>
			<possibleresult>
				<name>Small Car</name>
			</possibleresult>
			<points>
				<point>114.000000,373.000000</point>
				<point>95.000000,373.000000</point>
				<point>95.000000,366.000000</point>
				<point>114.000000,366.000000</point>
				<point>114.000000,373.000000</point>
			</points>
		</object>
		<object>
			<coordinate>pixel</coordinate>
			<type>rectangle</type>
			<description>None</description>
			<possibleresult>
				<name>Small Car</name>
			</possibleresult>
			<points>
				<point>104.000000,360.000000</point>
				<point>82.000000,359.000000</point>
				<point>82.000000,352.000000</point>
				<point>104.000000,352.000000</point>
				<point>104.000000,360.000000</point>
			</points>
		</object>
		<object>
			<coordinate>pixel</coordinate>
			<type>rectangle</type>
			<description>None</description>
			<possibleresult>
				<name>Van</name>
			</possibleresult>
			<points>
				<point>120.000000,338.000000</point>
				<point>101.000000,339.000000</point>
				<point>100.000000,332.000000</point>
				<point>120.000000,331.000000</point>
				<point>120.000000,338.000000</point>
			</points>
		</object>
		<object>
			<coordinate>pixel</coordinate>
			<type>rectangle</type>
			<description>None</description>
			<possibleresult>
				<name>Van</name>
			</possibleresult>
			<points>
				<point>63.000000,338.000000</point>
				<point>44.000000,339.000000</point>
				<point>43.000000,331.000000</point>
				<point>62.000000,330.000000</point>
				<point>63.000000,338.000000</point>
			</points>
		</object>
		<object>
			<coordinate>pixel</coordinate>
			<type>rectangle</type>
			<description>None</description>
			<possibleresult>
				<name>Small Car</name>
			</possibleresult>
			<points>
				<point>21.000000,306.000000</point>
				<point>20.000000,324.000000</point>
				<point>11.000000,323.000000</point>
				<point>12.000000,306.000000</point>
				<point>21.000000,306.000000</point>
			</points>
		</object>
		<object>
			<coordinate>pixel</coordinate>
			<type>rectangle</type>
			<description>None</description>
			<possibleresult>
				<name>Van</name>
			</possibleresult>
			<points>
				<point>20.000000,306.000000</point>
				<point>11.000000,306.000000</point>
				<point>11.000000,289.000000</point>
				<point>20.000000,290.000000</point>
				<point>20.000000,306.000000</point>
			</points>
		</object>
		<object>
			<coordinate>pixel</coordinate>
			<type>rectangle</type>
			<description>None</description>
			<possibleresult>
				<name>Small Car</name>
			</possibleresult>
			<points>
				<point>337.000000,190.000000</point>
				<point>322.000000,200.000000</point>
				<point>318.000000,193.000000</point>
				<point>333.000000,183.000000</point>
				<point>337.000000,190.000000</point>
			</points>
		</object>
		<object>
			<coordinate>pixel</coordinate>
			<type>rectangle</type>
			<description>None</description>
			<possibleresult>
				<name>Small Car</name>
			</possibleresult>
			<points>
				<point>144.000000,164.000000</point>
				<point>125.000000,164.000000</point>
				<point>125.000000,158.000000</point>
				<point>144.000000,157.000000</point>
				<point>144.000000,164.000000</point>
			</points>
		</object>
		<object>
			<coordinate>pixel</coordinate>
			<type>rectangle</type>
			<description>None</description>
			<possibleresult>
				<name>Small Car</name>
			</possibleresult>
			<points>
				<point>145.000000,154.000000</point>
				<point>127.000000,154.000000</point>
				<point>127.000000,147.000000</point>
				<point>145.000000,147.000000</point>
				<point>145.000000,154.000000</point>
			</points>
		</object>
		<object>
			<coordinate>pixel</coordinate>
			<type>rectangle</type>
			<description>None</description>
			<possibleresult>
				<name>Van</name>
			</possibleresult>
			<points>
				<point>147.000000,135.000000</point>
				<point>128.000000,136.000000</point>
				<point>128.000000,130.000000</point>
				<point>147.000000,129.000000</point>
				<point>147.000000,135.000000</point>
			</points>
		</object>
		<object>
			<coordinate>pixel</coordinate>
			<type>rectangle</type>
			<description>None</description>
			<possibleresult>
				<name>Small Car</name>
			</possibleresult>
			<points>
				<point>150.000000,116.000000</point>
				<point>126.000000,116.000000</point>
				<point>126.000000,109.000000</point>
				<point>150.000000,109.000000</point>
				<point>150.000000,116.000000</point>
			</points>
		</object>
		<object>
			<coordinate>pixel</coordinate>
			<type>rectangle</type>
			<description>None</description>
			<possibleresult>
				<name>Van</name>
			</possibleresult>
			<points>
				<point>32.000000,144.000000</point>
				<point>21.000000,159.000000</point>
				<point>15.000000,155.000000</point>
				<point>25.000000,140.000000</point>
				<point>32.000000,144.000000</point>
			</points>
		</object>
		<object>
			<coordinate>pixel</coordinate>
			<type>rectangle</type>
			<description>None</description>
			<possibleresult>
				<name>Small Car</name>
			</possibleresult>
			<points>
				<point>20.000000,143.000000</point>
				<point>11.000000,157.000000</point>
				<point>5.000000,153.000000</point>
				<point>13.000000,139.000000</point>
				<point>20.000000,143.000000</point>
			</points>
		</object>
		<object>
			<coordinate>pixel</coordinate>
			<type>rectangle</type>
			<description>None</description>
			<possibleresult>
				<name>Van</name>
			</possibleresult>
			<points>
				<point>111.000000,72.000000</point>
				<point>109.000000,79.000000</point>
				<point>91.000000,73.000000</point>
				<point>93.000000,67.000000</point>
				<point>111.000000,72.000000</point>
			</points>
		</object>
		<object>
			<coordinate>pixel</coordinate>
			<type>rectangle</type>
			<description>None</description>
			<possibleresult>
				<name>Van</name>
			</possibleresult>
			<points>
				<point>82.000000,92.000000</point>
				<point>73.000000,92.000000</point>
				<point>73.000000,76.000000</point>
				<point>82.000000,76.000000</point>
				<point>82.000000,92.000000</point>
			</points>
		</object>
		<object>
			<coordinate>pixel</coordinate>
			<type>rectangle</type>
			<description>None</description>
			<possibleresult>
				<name>Small Car</name>
			</possibleresult>
			<points>
				<point>57.000000,89.000000</point>
				<point>47.000000,89.000000</point>
				<point>48.000000,68.000000</point>
				<point>57.000000,69.000000</point>
				<point>57.000000,89.000000</point>
			</points>
		</object>
		<object>
			<coordinate>pixel</coordinate>
			<type>rectangle</type>
			<description>None</description>
			<possibleresult>
				<name>Small Car</name>
			</possibleresult>
			<points>
				<point>98.000000,10.000000</point>
				<point>77.000000,10.000000</point>
				<point>77.000000,3.000000</point>
				<point>98.000000,3.000000</point>
				<point>98.000000,10.000000</point>
			</points>
		</object>
	</objects>
</annotation>