<?xml version="1.0" encoding="utf-8"?>
<annotation>
	<source>
		<filename>15572.tif</filename>
		<origin>GF2/GF3</origin>
	</source>
	<research>
		<version>1.0</version>
		<provider>FAIR1M</provider>
		<author>Cyber</author>
		<pluginname>FAIR1M</pluginname>
		<pluginclass>object detection</pluginclass>
		<time>2021-07-21</time>
	</research>
	<size>
		<width>1000</width>
		<height>1000</height>
		<depth>3</depth>
	</size>
	<objects>
		<object>
			<coordinate>pixel</coordinate>
			<type>rectangle</type>
			<description>None</description>
			<possibleresult>
				<name>Tennis Court</name>
			</possibleresult>
			<points>
				<point>159.000000,945.000000</point>
				<point>110.000000,945.000000</point>
				<point>110.000000,864.000000</point>
				<point>159.000000,863.000000</point>
				<point>159.000000,945.000000</point>
			</points>
		</object>
		<object>
			<coordinate>pixel</coordinate>
			<type>rectangle</type>
			<description>None</description>
			<possibleresult>
				<name>Tennis Court</name>
			</possibleresult>
			<points>
				<point>100.000000,945.000000</point>
				<point>48.000000,945.000000</point>
				<point>48.000000,865.000000</point>
				<point>99.000000,864.000000</point>
				<point>100.000000,945.000000</point>
			</points>
		</object>
		<object>
			<coordinate>pixel</coordinate>
			<type>rectangle</type>
			<description>None</description>
			<possibleresult>
				<name>Tennis Court</name>
			</possibleresult>
			<points>
				<point>38.999992,946.000122</point>
				<point>0.000000,946.780151</point>
				<point>0.000000,863.760132</point>
				<point>37.340256,863.013306</point>
				<point>38.999992,946.000122</point>
			</points>
		</object>
		<object>
			<coordinate>pixel</coordinate>
			<type>rectangle</type>
			<description>None</description>
			<possibleresult>
				<name>Van</name>
			</possibleresult>
			<points>
				<point>671.000000,589.000000</point>
				<point>666.000000,604.000000</point>
				<point>657.000000,600.000000</point>
				<point>661.000000,586.000000</point>
				<point>671.000000,589.000000</point>
			</points>
		</object>
		<object>
			<coordinate>pixel</coordinate>
			<type>rectangle</type>
			<description>None</description>
			<possibleresult>
				<name>Van</name>
			</possibleresult>
			<points>
				<point>582.000000,537.000000</point>
				<point>579.000000,550.000000</point>
				<point>570.000000,548.000000</point>
				<point>573.000000,535.000000</point>
				<point>582.000000,537.000000</point>
			</points>
		</object>
		<object>
			<coordinate>pixel</coordinate>
			<type>rectangle</type>
			<description>None</description>
			<possibleresult>
				<name>Small Car</name>
			</possibleresult>
			<points>
				<point>522.000000,558.000000</point>
				<point>518.000000,582.000000</point>
				<point>508.000000,580.000000</point>
				<point>512.000000,556.000000</point>
				<point>522.000000,558.000000</point>
			</points>
		</object>
		<object>
			<coordinate>pixel</coordinate>
			<type>rectangle</type>
			<description>None</description>
			<possibleresult>
				<name>Small Car</name>
			</possibleresult>
			<points>
				<point>516.000000,584.000000</point>
				<point>513.000000,602.000000</point>
				<point>504.000000,601.000000</point>
				<point>507.000000,583.000000</point>
				<point>516.000000,584.000000</point>
			</points>
		</object>
		<object>
			<coordinate>pixel</coordinate>
			<type>rectangle</type>
			<description>None</description>
			<possibleresult>
				<name>Van</name>
			</possibleresult>
			<points>
				<point>511.000000,539.000000</point>
				<point>509.000000,558.000000</point>
				<point>498.000000,557.000000</point>
				<point>500.000000,538.000000</point>
				<point>511.000000,539.000000</point>
			</points>
		</object>
		<object>
			<coordinate>pixel</coordinate>
			<type>rectangle</type>
			<description>None</description>
			<possibleresult>
				<name>Small Car</name>
			</possibleresult>
			<points>
				<point>515.000000,531.000000</point>
				<point>496.000000,539.000000</point>
				<point>493.000000,531.000000</point>
				<point>512.000000,523.000000</point>
				<point>515.000000,531.000000</point>
			</points>
		</object>
		<object>
			<coordinate>pixel</coordinate>
			<type>rectangle</type>
			<description>None</description>
			<possibleresult>
				<name>Van</name>
			</possibleresult>
			<points>
				<point>438.000000,609.000000</point>
				<point>427.000000,609.000000</point>
				<point>426.000000,583.000000</point>
				<point>437.000000,582.000000</point>
				<point>438.000000,609.000000</point>
			</points>
		</object>
		<object>
			<coordinate>pixel</coordinate>
			<type>rectangle</type>
			<description>None</description>
			<possibleresult>
				<name>Van</name>
			</possibleresult>
			<points>
				<point>977.000000,416.000000</point>
				<point>972.000000,432.000000</point>
				<point>963.000000,429.000000</point>
				<point>969.000000,413.000000</point>
				<point>977.000000,416.000000</point>
			</points>
		</object>
		<object>
			<coordinate>pixel</coordinate>
			<type>rectangle</type>
			<description>None</description>
			<possibleresult>
				<name>Small Car</name>
			</possibleresult>
			<points>
				<point>968.000000,410.000000</point>
				<point>962.000000,424.000000</point>
				<point>954.000000,421.000000</point>
				<point>960.000000,406.000000</point>
				<point>968.000000,410.000000</point>
			</points>
		</object>
		<object>
			<coordinate>pixel</coordinate>
			<type>rectangle</type>
			<description>None</description>
			<possibleresult>
				<name>Van</name>
			</possibleresult>
			<points>
				<point>946.000000,248.000000</point>
				<point>931.000000,261.000000</point>
				<point>925.000000,254.000000</point>
				<point>940.000000,241.000000</point>
				<point>946.000000,248.000000</point>
			</points>
		</object>
		<object>
			<coordinate>pixel</coordinate>
			<type>rectangle</type>
			<description>None</description>
			<possibleresult>
				<name>Small Car</name>
			</possibleresult>
			<points>
				<point>767.000000,272.000000</point>
				<point>766.000000,292.000000</point>
				<point>756.000000,291.000000</point>
				<point>757.000000,272.000000</point>
				<point>767.000000,272.000000</point>
			</points>
		</object>
		<object>
			<coordinate>pixel</coordinate>
			<type>rectangle</type>
			<description>None</description>
			<possibleresult>
				<name>Van</name>
			</possibleresult>
			<points>
				<point>759.000000,342.000000</point>
				<point>751.000000,342.000000</point>
				<point>750.000000,324.000000</point>
				<point>759.000000,324.000000</point>
				<point>759.000000,342.000000</point>
			</points>
		</object>
		<object>
			<coordinate>pixel</coordinate>
			<type>rectangle</type>
			<description>None</description>
			<possibleresult>
				<name>Van</name>
			</possibleresult>
			<points>
				<point>730.000000,327.000000</point>
				<point>729.000000,345.000000</point>
				<point>719.000000,345.000000</point>
				<point>720.000000,327.000000</point>
				<point>730.000000,327.000000</point>
			</points>
		</object>
		<object>
			<coordinate>pixel</coordinate>
			<type>rectangle</type>
			<description>None</description>
			<possibleresult>
				<name>Small Car</name>
			</possibleresult>
			<points>
				<point>715.000000,325.000000</point>
				<point>712.000000,335.000000</point>
				<point>702.000000,332.000000</point>
				<point>705.000000,321.000000</point>
				<point>715.000000,325.000000</point>
			</points>
		</object>
		<object>
			<coordinate>pixel</coordinate>
			<type>rectangle</type>
			<description>None</description>
			<possibleresult>
				<name>Van</name>
			</possibleresult>
			<points>
				<point>972.000000,206.000000</point>
				<point>968.000000,212.000000</point>
				<point>947.000000,201.000000</point>
				<point>951.000000,195.000000</point>
				<point>972.000000,206.000000</point>
			</points>
		</object>
		<object>
			<coordinate>pixel</coordinate>
			<type>rectangle</type>
			<description>None</description>
			<possibleresult>
				<name>Van</name>
			</possibleresult>
			<points>
				<point>800.000000,390.000000</point>
				<point>792.000000,415.000000</point>
				<point>781.000000,412.000000</point>
				<point>789.000000,387.000000</point>
				<point>800.000000,390.000000</point>
			</points>
		</object>
		<object>
			<coordinate>pixel</coordinate>
			<type>rectangle</type>
			<description>None</description>
			<possibleresult>
				<name>Van</name>
			</possibleresult>
			<points>
				<point>753.000000,402.000000</point>
				<point>750.000000,417.000000</point>
				<point>741.000000,416.000000</point>
				<point>744.000000,401.000000</point>
				<point>753.000000,402.000000</point>
			</points>
		</object>
		<object>
			<coordinate>pixel</coordinate>
			<type>rectangle</type>
			<description>None</description>
			<possibleresult>
				<name>Small Car</name>
			</possibleresult>
			<points>
				<point>719.000000,388.000000</point>
				<point>716.000000,403.000000</point>
				<point>707.000000,400.000000</point>
				<point>710.000000,386.000000</point>
				<point>719.000000,388.000000</point>
			</points>
		</object>
		<object>
			<coordinate>pixel</coordinate>
			<type>rectangle</type>
			<description>None</description>
			<possibleresult>
				<name>Van</name>
			</possibleresult>
			<points>
				<point>534.000000,416.000000</point>
				<point>528.000000,434.000000</point>
				<point>519.000000,431.000000</point>
				<point>525.000000,413.000000</point>
				<point>534.000000,416.000000</point>
			</points>
		</object>
		<object>
			<coordinate>pixel</coordinate>
			<type>rectangle</type>
			<description>None</description>
			<possibleresult>
				<name>Van</name>
			</possibleresult>
			<points>
				<point>506.000000,452.000000</point>
				<point>484.000000,452.000000</point>
				<point>485.000000,445.000000</point>
				<point>506.000000,446.000000</point>
				<point>506.000000,452.000000</point>
			</points>
		</object>
		<object>
			<coordinate>pixel</coordinate>
			<type>rectangle</type>
			<description>None</description>
			<possibleresult>
				<name>Van</name>
			</possibleresult>
			<points>
				<point>391.000000,441.000000</point>
				<point>381.000000,441.000000</point>
				<point>381.000000,423.000000</point>
				<point>390.000000,423.000000</point>
				<point>391.000000,441.000000</point>
			</points>
		</object>
		<object>
			<coordinate>pixel</coordinate>
			<type>rectangle</type>
			<description>None</description>
			<possibleresult>
				<name>Small Car</name>
			</possibleresult>
			<points>
				<point>350.000000,424.000000</point>
				<point>342.000000,424.000000</point>
				<point>341.000000,407.000000</point>
				<point>350.000000,407.000000</point>
				<point>350.000000,424.000000</point>
			</points>
		</object>
		<object>
			<coordinate>pixel</coordinate>
			<type>rectangle</type>
			<description>None</description>
			<possibleresult>
				<name>Small Car</name>
			</possibleresult>
			<points>
				<point>406.000000,179.000000</point>
				<point>404.000000,201.000000</point>
				<point>391.000000,200.000000</point>
				<point>393.000000,178.000000</point>
				<point>406.000000,179.000000</point>
			</points>
		</object>
		<object>
			<coordinate>pixel</coordinate>
			<type>rectangle</type>
			<description>None</description>
			<possibleresult>
				<name>Van</name>
			</possibleresult>
			<points>
				<point>207.000000,330.000000</point>
				<point>199.000000,330.000000</point>
				<point>198.000000,314.000000</point>
				<point>207.000000,314.000000</point>
				<point>207.000000,330.000000</point>
			</points>
		</object>
		<object>
			<coordinate>pixel</coordinate>
			<type>rectangle</type>
			<description>None</description>
			<possibleresult>
				<name>Van</name>
			</possibleresult>
			<points>
				<point>207.000000,280.000000</point>
				<point>198.000000,280.000000</point>
				<point>198.000000,265.000000</point>
				<point>206.000000,264.000000</point>
				<point>207.000000,280.000000</point>
			</points>
		</object>
		<object>
			<coordinate>pixel</coordinate>
			<type>rectangle</type>
			<description>None</description>
			<possibleresult>
				<name>Van</name>
			</possibleresult>
			<points>
				<point>71.000000,234.000000</point>
				<point>47.000000,234.000000</point>
				<point>47.000000,227.000000</point>
				<point>71.000000,227.000000</point>
				<point>71.000000,234.000000</point>
			</points>
		</object>
		<object>
			<coordinate>pixel</coordinate>
			<type>rectangle</type>
			<description>None</description>
			<possibleresult>
				<name>Van</name>
			</possibleresult>
			<points>
				<point>49.000000,212.000000</point>
				<point>40.000000,213.000000</point>
				<point>40.000000,195.000000</point>
				<point>49.000000,195.000000</point>
				<point>49.000000,212.000000</point>
			</points>
		</object>
		<object>
			<coordinate>pixel</coordinate>
			<type>rectangle</type>
			<description>None</description>
			<possibleresult>
				<name>Small Car</name>
			</possibleresult>
			<points>
				<point>60.000000,213.000000</point>
				<point>52.000000,213.000000</point>
				<point>52.000000,196.000000</point>
				<point>60.000000,196.000000</point>
				<point>60.000000,213.000000</point>
			</points>
		</object>
		<object>
			<coordinate>pixel</coordinate>
			<type>rectangle</type>
			<description>None</description>
			<possibleresult>
				<name>Van</name>
			</possibleresult>
			<points>
				<point>76.000000,211.000000</point>
				<point>67.000000,212.000000</point>
				<point>67.000000,198.000000</point>
				<point>75.000000,197.000000</point>
				<point>76.000000,211.000000</point>
			</points>
		</object>
		<object>
			<coordinate>pixel</coordinate>
			<type>rectangle</type>
			<description>None</description>
			<possibleresult>
				<name>Van</name>
			</possibleresult>
			<points>
				<point>91.000000,190.000000</point>
				<point>89.000000,209.000000</point>
				<point>78.000000,208.000000</point>
				<point>80.000000,189.000000</point>
				<point>91.000000,190.000000</point>
			</points>
		</object>
		<object>
			<coordinate>pixel</coordinate>
			<type>rectangle</type>
			<description>None</description>
			<possibleresult>
				<name>Van</name>
			</possibleresult>
			<points>
				<point>25.000000,293.000000</point>
				<point>0.000000,293.000000</point>
				<point>0.000000,286.000000</point>
				<point>25.000000,286.000000</point>
				<point>25.000000,293.000000</point>
			</points>
		</object>
	</objects>
</annotation>