<?xml version="1.0" encoding="utf-8"?>
<annotation>
	<source>
		<filename>15613.tif</filename>
		<origin>GF2/GF3</origin>
	</source>
	<research>
		<version>1.0</version>
		<provider>FAIR1M</provider>
		<author>Cyber</author>
		<pluginname>FAIR1M</pluginname>
		<pluginclass>object detection</pluginclass>
		<time>2021-07-21</time>
	</research>
	<size>
		<width>600</width>
		<height>800</height>
		<depth>3</depth>
	</size>
	<objects>
		<object>
			<coordinate>pixel</coordinate>
			<type>rectangle</type>
			<description>None</description>
			<possibleresult>
				<name>other-ship</name>
			</possibleresult>
			<points>
				<point>342.000000,407.000000</point>
				<point>273.000000,426.000000</point>
				<point>268.000000,407.000000</point>
				<point>336.000000,388.000000</point>
				<point>342.000000,407.000000</point>
			</points>
		</object>
		<object>
			<coordinate>pixel</coordinate>
			<type>rectangle</type>
			<description>None</description>
			<possibleresult>
				<name>Engineering Ship</name>
			</possibleresult>
			<points>
				<point>356.000000,377.000000</point>
				<point>306.000000,398.000000</point>
				<point>294.000000,369.000000</point>
				<point>344.000000,348.000000</point>
				<point>356.000000,377.000000</point>
			</points>
		</object>
		<object>
			<coordinate>pixel</coordinate>
			<type>rectangle</type>
			<description>None</description>
			<possibleresult>
				<name>other-ship</name>
			</possibleresult>
			<points>
				<point>395.000000,362.000000</point>
				<point>355.000000,376.000000</point>
				<point>351.000000,364.000000</point>
				<point>391.000000,350.000000</point>
				<point>395.000000,362.000000</point>
			</points>
		</object>
	</objects>
</annotation>