<?xml version="1.0" encoding="utf-8"?>
<annotation>
	<source>
		<filename>15657.tif</filename>
		<origin>GF2/GF3</origin>
	</source>
	<research>
		<version>1.0</version>
		<provider>FAIR1M</provider>
		<author>Cyber</author>
		<pluginname>FAIR1M</pluginname>
		<pluginclass>object detection</pluginclass>
		<time>2021-07-21</time>
	</research>
	<size>
		<width>800</width>
		<height>600</height>
		<depth>3</depth>
	</size>
	<objects>
		<object>
			<coordinate>pixel</coordinate>
			<type>rectangle</type>
			<description>None</description>
			<possibleresult>
				<name>Boeing737</name>
			</possibleresult>
			<points>
				<point>446.000000,194.000000</point>
				<point>399.000000,221.000000</point>
				<point>374.000000,178.000000</point>
				<point>421.000000,151.000000</point>
				<point>446.000000,194.000000</point>
			</points>
		</object>
		<object>
			<coordinate>pixel</coordinate>
			<type>rectangle</type>
			<description>None</description>
			<possibleresult>
				<name>Boeing777</name>
			</possibleresult>
			<points>
				<point>506.000000,277.000000</point>
				<point>429.000000,320.000000</point>
				<point>390.000000,251.000000</point>
				<point>467.000000,208.000000</point>
				<point>506.000000,277.000000</point>
			</points>
		</object>
	</objects>
</annotation>