<?xml version="1.0" encoding="utf-8"?>
<annotation>
	<source>
		<filename>15670.tif</filename>
		<origin>GF2/GF3</origin>
	</source>
	<research>
		<version>1.0</version>
		<provider>FAIR1M</provider>
		<author>Cyber</author>
		<pluginname>FAIR1M</pluginname>
		<pluginclass>object detection</pluginclass>
		<time>2021-07-21</time>
	</research>
	<size>
		<width>800</width>
		<height>600</height>
		<depth>3</depth>
	</size>
	<objects>
		<object>
			<coordinate>pixel</coordinate>
			<type>rectangle</type>
			<description>None</description>
			<possibleresult>
				<name>Liquid Cargo Ship</name>
			</possibleresult>
			<points>
				<point>159.000000,457.000000</point>
				<point>145.000000,466.000000</point>
				<point>103.000000,406.000000</point>
				<point>117.000000,396.000000</point>
				<point>159.000000,457.000000</point>
			</points>
		</object>
		<object>
			<coordinate>pixel</coordinate>
			<type>rectangle</type>
			<description>None</description>
			<possibleresult>
				<name>Liquid Cargo Ship</name>
			</possibleresult>
			<points>
				<point>311.000000,436.000000</point>
				<point>300.000000,448.000000</point>
				<point>247.000000,398.000000</point>
				<point>258.000000,386.000000</point>
				<point>311.000000,436.000000</point>
			</points>
		</object>
		<object>
			<coordinate>pixel</coordinate>
			<type>rectangle</type>
			<description>None</description>
			<possibleresult>
				<name>Liquid Cargo Ship</name>
			</possibleresult>
			<points>
				<point>244.000000,293.000000</point>
				<point>232.000000,304.000000</point>
				<point>170.000000,237.000000</point>
				<point>182.000000,226.000000</point>
				<point>244.000000,293.000000</point>
			</points>
		</object>
		<object>
			<coordinate>pixel</coordinate>
			<type>rectangle</type>
			<description>None</description>
			<possibleresult>
				<name>Liquid Cargo Ship</name>
			</possibleresult>
			<points>
				<point>128.000000,121.000000</point>
				<point>114.000000,131.000000</point>
				<point>73.000000,72.000000</point>
				<point>87.000000,62.000000</point>
				<point>128.000000,121.000000</point>
			</points>
		</object>
		<object>
			<coordinate>pixel</coordinate>
			<type>rectangle</type>
			<description>None</description>
			<possibleresult>
				<name>Liquid Cargo Ship</name>
			</possibleresult>
			<points>
				<point>462.000000,125.000000</point>
				<point>449.000000,133.000000</point>
				<point>419.000000,83.000000</point>
				<point>431.000000,75.000000</point>
				<point>462.000000,125.000000</point>
			</points>
		</object>
		<object>
			<coordinate>pixel</coordinate>
			<type>rectangle</type>
			<description>None</description>
			<possibleresult>
				<name>Liquid Cargo Ship</name>
			</possibleresult>
			<points>
				<point>401.000000,23.999987</point>
				<point>394.108093,27.230572</point>
				<point>381.343750,0.000000</point>
				<point>389.750000,0.000000</point>
				<point>401.000000,23.999987</point>
			</points>
		</object>
	</objects>
</annotation>