<?xml version="1.0" encoding="utf-8"?>
<annotation>
	<source>
		<filename>15703.tif</filename>
		<origin>GF2/GF3</origin>
	</source>
	<research>
		<version>1.0</version>
		<provider>FAIR1M</provider>
		<author>Cyber</author>
		<pluginname>FAIR1M</pluginname>
		<pluginclass>object detection</pluginclass>
		<time>2021-07-21</time>
	</research>
	<size>
		<width>600</width>
		<height>800</height>
		<depth>4</depth>
	</size>
	<objects>
		<object>
			<coordinate>pixel</coordinate>
			<type>rectangle</type>
			<description>None</description>
			<possibleresult>
				<name>Van</name>
			</possibleresult>
			<points>
				<point>142.000000,779.000000</point>
				<point>137.000000,786.000000</point>
				<point>122.000000,776.000000</point>
				<point>127.000000,769.000000</point>
				<point>142.000000,779.000000</point>
			</points>
		</object>
		<object>
			<coordinate>pixel</coordinate>
			<type>rectangle</type>
			<description>None</description>
			<possibleresult>
				<name>Small Car</name>
			</possibleresult>
			<points>
				<point>213.000000,649.000000</point>
				<point>204.000000,650.000000</point>
				<point>201.000000,631.000000</point>
				<point>210.000000,629.000000</point>
				<point>213.000000,649.000000</point>
			</points>
		</object>
		<object>
			<coordinate>pixel</coordinate>
			<type>rectangle</type>
			<description>None</description>
			<possibleresult>
				<name>Small Car</name>
			</possibleresult>
			<points>
				<point>92.000000,682.000000</point>
				<point>84.000000,685.000000</point>
				<point>78.000000,666.000000</point>
				<point>85.000000,664.000000</point>
				<point>92.000000,682.000000</point>
			</points>
		</object>
		<object>
			<coordinate>pixel</coordinate>
			<type>rectangle</type>
			<description>None</description>
			<possibleresult>
				<name>Small Car</name>
			</possibleresult>
			<points>
				<point>84.000000,599.000000</point>
				<point>70.000000,608.000000</point>
				<point>65.000000,602.000000</point>
				<point>79.000000,592.000000</point>
				<point>84.000000,599.000000</point>
			</points>
		</object>
		<object>
			<coordinate>pixel</coordinate>
			<type>rectangle</type>
			<description>None</description>
			<possibleresult>
				<name>Dump Truck</name>
			</possibleresult>
			<points>
				<point>92.000000,552.000000</point>
				<point>72.000000,566.000000</point>
				<point>66.000000,557.000000</point>
				<point>86.000000,543.000000</point>
				<point>92.000000,552.000000</point>
			</points>
		</object>
		<object>
			<coordinate>pixel</coordinate>
			<type>rectangle</type>
			<description>None</description>
			<possibleresult>
				<name>Van</name>
			</possibleresult>
			<points>
				<point>337.000000,659.000000</point>
				<point>331.000000,660.000000</point>
				<point>328.000000,647.000000</point>
				<point>335.000000,646.000000</point>
				<point>337.000000,659.000000</point>
			</points>
		</object>
		<object>
			<coordinate>pixel</coordinate>
			<type>rectangle</type>
			<description>None</description>
			<possibleresult>
				<name>Small Car</name>
			</possibleresult>
			<points>
				<point>362.000000,600.000000</point>
				<point>353.000000,601.000000</point>
				<point>352.000000,582.000000</point>
				<point>361.000000,581.000000</point>
				<point>362.000000,600.000000</point>
			</points>
		</object>
		<object>
			<coordinate>pixel</coordinate>
			<type>rectangle</type>
			<description>None</description>
			<possibleresult>
				<name>Small Car</name>
			</possibleresult>
			<points>
				<point>64.000000,488.000000</point>
				<point>43.000000,490.000000</point>
				<point>42.000000,484.000000</point>
				<point>63.000000,481.000000</point>
				<point>64.000000,488.000000</point>
			</points>
		</object>
		<object>
			<coordinate>pixel</coordinate>
			<type>rectangle</type>
			<description>None</description>
			<possibleresult>
				<name>Small Car</name>
			</possibleresult>
			<points>
				<point>60.000000,464.000000</point>
				<point>39.000000,467.000000</point>
				<point>38.000000,459.000000</point>
				<point>59.000000,456.000000</point>
				<point>60.000000,464.000000</point>
			</points>
		</object>
		<object>
			<coordinate>pixel</coordinate>
			<type>rectangle</type>
			<description>None</description>
			<possibleresult>
				<name>Van</name>
			</possibleresult>
			<points>
				<point>140.000000,513.000000</point>
				<point>118.000000,515.000000</point>
				<point>118.000000,506.000000</point>
				<point>140.000000,504.000000</point>
				<point>140.000000,513.000000</point>
			</points>
		</object>
		<object>
			<coordinate>pixel</coordinate>
			<type>rectangle</type>
			<description>None</description>
			<possibleresult>
				<name>Small Car</name>
			</possibleresult>
			<points>
				<point>132.000000,494.000000</point>
				<point>113.000000,496.000000</point>
				<point>112.000000,489.000000</point>
				<point>132.000000,487.000000</point>
				<point>132.000000,494.000000</point>
			</points>
		</object>
		<object>
			<coordinate>pixel</coordinate>
			<type>rectangle</type>
			<description>None</description>
			<possibleresult>
				<name>Small Car</name>
			</possibleresult>
			<points>
				<point>130.000000,486.000000</point>
				<point>107.000000,489.000000</point>
				<point>106.000000,481.000000</point>
				<point>129.000000,478.000000</point>
				<point>130.000000,486.000000</point>
			</points>
		</object>
		<object>
			<coordinate>pixel</coordinate>
			<type>rectangle</type>
			<description>None</description>
			<possibleresult>
				<name>Van</name>
			</possibleresult>
			<points>
				<point>122.000000,460.000000</point>
				<point>102.000000,462.000000</point>
				<point>101.000000,456.000000</point>
				<point>121.000000,454.000000</point>
				<point>122.000000,460.000000</point>
			</points>
		</object>
		<object>
			<coordinate>pixel</coordinate>
			<type>rectangle</type>
			<description>None</description>
			<possibleresult>
				<name>Van</name>
			</possibleresult>
			<points>
				<point>119.000000,441.000000</point>
				<point>100.000000,445.000000</point>
				<point>98.000000,438.000000</point>
				<point>118.000000,434.000000</point>
				<point>119.000000,441.000000</point>
			</points>
		</object>
		<object>
			<coordinate>pixel</coordinate>
			<type>rectangle</type>
			<description>None</description>
			<possibleresult>
				<name>Small Car</name>
			</possibleresult>
			<points>
				<point>267.000000,494.000000</point>
				<point>245.000000,497.000000</point>
				<point>244.000000,489.000000</point>
				<point>266.000000,487.000000</point>
				<point>267.000000,494.000000</point>
			</points>
		</object>
		<object>
			<coordinate>pixel</coordinate>
			<type>rectangle</type>
			<description>None</description>
			<possibleresult>
				<name>Dump Truck</name>
			</possibleresult>
			<points>
				<point>210.000000,475.000000</point>
				<point>185.000000,478.000000</point>
				<point>184.000000,469.000000</point>
				<point>209.000000,467.000000</point>
				<point>210.000000,475.000000</point>
			</points>
		</object>
		<object>
			<coordinate>pixel</coordinate>
			<type>rectangle</type>
			<description>None</description>
			<possibleresult>
				<name>Small Car</name>
			</possibleresult>
			<points>
				<point>182.000000,471.000000</point>
				<point>161.000000,473.000000</point>
				<point>160.000000,464.000000</point>
				<point>181.000000,462.000000</point>
				<point>182.000000,471.000000</point>
			</points>
		</object>
		<object>
			<coordinate>pixel</coordinate>
			<type>rectangle</type>
			<description>None</description>
			<possibleresult>
				<name>Small Car</name>
			</possibleresult>
			<points>
				<point>174.000000,452.000000</point>
				<point>153.000000,453.000000</point>
				<point>153.000000,445.000000</point>
				<point>173.000000,444.000000</point>
				<point>174.000000,452.000000</point>
			</points>
		</object>
		<object>
			<coordinate>pixel</coordinate>
			<type>rectangle</type>
			<description>None</description>
			<possibleresult>
				<name>Small Car</name>
			</possibleresult>
			<points>
				<point>195.000000,441.000000</point>
				<point>173.000000,442.000000</point>
				<point>173.000000,433.000000</point>
				<point>194.000000,432.000000</point>
				<point>195.000000,441.000000</point>
			</points>
		</object>
		<object>
			<coordinate>pixel</coordinate>
			<type>rectangle</type>
			<description>None</description>
			<possibleresult>
				<name>Small Car</name>
			</possibleresult>
			<points>
				<point>196.000000,448.000000</point>
				<point>176.000000,451.000000</point>
				<point>176.000000,444.000000</point>
				<point>195.000000,441.000000</point>
				<point>196.000000,448.000000</point>
			</points>
		</object>
		<object>
			<coordinate>pixel</coordinate>
			<type>rectangle</type>
			<description>None</description>
			<possibleresult>
				<name>Small Car</name>
			</possibleresult>
			<points>
				<point>204.000000,458.000000</point>
				<point>182.000000,462.000000</point>
				<point>181.000000,454.000000</point>
				<point>203.000000,451.000000</point>
				<point>204.000000,458.000000</point>
			</points>
		</object>
		<object>
			<coordinate>pixel</coordinate>
			<type>rectangle</type>
			<description>None</description>
			<possibleresult>
				<name>Small Car</name>
			</possibleresult>
			<points>
				<point>207.000000,467.000000</point>
				<point>186.000000,469.000000</point>
				<point>185.000000,462.000000</point>
				<point>207.000000,460.000000</point>
				<point>207.000000,467.000000</point>
			</points>
		</object>
		<object>
			<coordinate>pixel</coordinate>
			<type>rectangle</type>
			<description>None</description>
			<possibleresult>
				<name>Van</name>
			</possibleresult>
			<points>
				<point>250.000000,440.000000</point>
				<point>232.000000,441.000000</point>
				<point>232.000000,434.000000</point>
				<point>250.000000,433.000000</point>
				<point>250.000000,440.000000</point>
			</points>
		</object>
		<object>
			<coordinate>pixel</coordinate>
			<type>rectangle</type>
			<description>None</description>
			<possibleresult>
				<name>Small Car</name>
			</possibleresult>
			<points>
				<point>263.000000,398.000000</point>
				<point>254.000000,399.000000</point>
				<point>252.000000,383.000000</point>
				<point>260.000000,382.000000</point>
				<point>263.000000,398.000000</point>
			</points>
		</object>
		<object>
			<coordinate>pixel</coordinate>
			<type>rectangle</type>
			<description>None</description>
			<possibleresult>
				<name>Small Car</name>
			</possibleresult>
			<points>
				<point>212.000000,393.000000</point>
				<point>191.000000,394.000000</point>
				<point>191.000000,386.000000</point>
				<point>212.000000,386.000000</point>
				<point>212.000000,393.000000</point>
			</points>
		</object>
		<object>
			<coordinate>pixel</coordinate>
			<type>rectangle</type>
			<description>None</description>
			<possibleresult>
				<name>Van</name>
			</possibleresult>
			<points>
				<point>110.000000,388.000000</point>
				<point>87.000000,391.000000</point>
				<point>86.000000,383.000000</point>
				<point>109.000000,380.000000</point>
				<point>110.000000,388.000000</point>
			</points>
		</object>
		<object>
			<coordinate>pixel</coordinate>
			<type>rectangle</type>
			<description>None</description>
			<possibleresult>
				<name>Small Car</name>
			</possibleresult>
			<points>
				<point>109.000000,379.000000</point>
				<point>86.000000,382.000000</point>
				<point>85.000000,374.000000</point>
				<point>108.000000,371.000000</point>
				<point>109.000000,379.000000</point>
			</points>
		</object>
		<object>
			<coordinate>pixel</coordinate>
			<type>rectangle</type>
			<description>None</description>
			<possibleresult>
				<name>Small Car</name>
			</possibleresult>
			<points>
				<point>105.000000,368.000000</point>
				<point>82.000000,372.000000</point>
				<point>80.000000,365.000000</point>
				<point>103.000000,361.000000</point>
				<point>105.000000,368.000000</point>
			</points>
		</object>
		<object>
			<coordinate>pixel</coordinate>
			<type>rectangle</type>
			<description>None</description>
			<possibleresult>
				<name>Small Car</name>
			</possibleresult>
			<points>
				<point>96.000000,355.000000</point>
				<point>78.000000,356.000000</point>
				<point>77.000000,348.000000</point>
				<point>95.000000,347.000000</point>
				<point>96.000000,355.000000</point>
			</points>
		</object>
		<object>
			<coordinate>pixel</coordinate>
			<type>rectangle</type>
			<description>None</description>
			<possibleresult>
				<name>Van</name>
			</possibleresult>
			<points>
				<point>205.000000,339.000000</point>
				<point>184.000000,341.000000</point>
				<point>183.000000,333.000000</point>
				<point>204.000000,331.000000</point>
				<point>205.000000,339.000000</point>
			</points>
		</object>
		<object>
			<coordinate>pixel</coordinate>
			<type>rectangle</type>
			<description>None</description>
			<possibleresult>
				<name>Small Car</name>
			</possibleresult>
			<points>
				<point>205.000000,373.000000</point>
				<point>191.000000,374.000000</point>
				<point>191.000000,367.000000</point>
				<point>205.000000,366.000000</point>
				<point>205.000000,373.000000</point>
			</points>
		</object>
		<object>
			<coordinate>pixel</coordinate>
			<type>rectangle</type>
			<description>None</description>
			<possibleresult>
				<name>Van</name>
			</possibleresult>
			<points>
				<point>205.000000,353.000000</point>
				<point>186.000000,357.000000</point>
				<point>185.000000,350.000000</point>
				<point>204.000000,346.000000</point>
				<point>205.000000,353.000000</point>
			</points>
		</object>
		<object>
			<coordinate>pixel</coordinate>
			<type>rectangle</type>
			<description>None</description>
			<possibleresult>
				<name>Small Car</name>
			</possibleresult>
			<points>
				<point>211.000000,362.000000</point>
				<point>190.000000,365.000000</point>
				<point>189.000000,358.000000</point>
				<point>210.000000,355.000000</point>
				<point>211.000000,362.000000</point>
			</points>
		</object>
		<object>
			<coordinate>pixel</coordinate>
			<type>rectangle</type>
			<description>None</description>
			<possibleresult>
				<name>Dump Truck</name>
			</possibleresult>
			<points>
				<point>40.000000,207.000000</point>
				<point>30.000000,210.000000</point>
				<point>25.000000,190.000000</point>
				<point>35.000000,187.000000</point>
				<point>40.000000,207.000000</point>
			</points>
		</object>
		<object>
			<coordinate>pixel</coordinate>
			<type>rectangle</type>
			<description>None</description>
			<possibleresult>
				<name>Van</name>
			</possibleresult>
			<points>
				<point>51.000000,202.000000</point>
				<point>43.000000,204.000000</point>
				<point>38.000000,187.000000</point>
				<point>46.000000,184.000000</point>
				<point>51.000000,202.000000</point>
			</points>
		</object>
		<object>
			<coordinate>pixel</coordinate>
			<type>rectangle</type>
			<description>None</description>
			<possibleresult>
				<name>Van</name>
			</possibleresult>
			<points>
				<point>62.000000,199.000000</point>
				<point>56.000000,202.000000</point>
				<point>49.000000,187.000000</point>
				<point>55.000000,184.000000</point>
				<point>62.000000,199.000000</point>
			</points>
		</object>
		<object>
			<coordinate>pixel</coordinate>
			<type>rectangle</type>
			<description>None</description>
			<possibleresult>
				<name>Small Car</name>
			</possibleresult>
			<points>
				<point>74.000000,199.000000</point>
				<point>67.000000,201.000000</point>
				<point>63.000000,184.000000</point>
				<point>70.000000,183.000000</point>
				<point>74.000000,199.000000</point>
			</points>
		</object>
	</objects>
</annotation>