<?xml version="1.0" encoding="utf-8"?>
<annotation>
	<source>
		<filename>15768.tif</filename>
		<origin>GF2/GF3</origin>
	</source>
	<research>
		<version>1.0</version>
		<provider>FAIR1M</provider>
		<author>Cyber</author>
		<pluginname>FAIR1M</pluginname>
		<pluginclass>object detection</pluginclass>
		<time>2021-07-21</time>
	</research>
	<size>
		<width>1000</width>
		<height>1000</height>
		<depth>3</depth>
	</size>
	<objects>
		<object>
			<coordinate>pixel</coordinate>
			<type>rectangle</type>
			<description>None</description>
			<possibleresult>
				<name>Van</name>
			</possibleresult>
			<points>
				<point>44.000000,166.000000</point>
				<point>31.000000,178.000000</point>
				<point>26.000000,172.000000</point>
				<point>38.000000,160.000000</point>
				<point>44.000000,166.000000</point>
			</points>
		</object>
		<object>
			<coordinate>pixel</coordinate>
			<type>rectangle</type>
			<description>None</description>
			<possibleresult>
				<name>Small Car</name>
			</possibleresult>
			<points>
				<point>38.000000,207.000000</point>
				<point>34.000000,213.000000</point>
				<point>22.000000,204.000000</point>
				<point>26.000000,199.000000</point>
				<point>38.000000,207.000000</point>
			</points>
		</object>
		<object>
			<coordinate>pixel</coordinate>
			<type>rectangle</type>
			<description>None</description>
			<possibleresult>
				<name>Small Car</name>
			</possibleresult>
			<points>
				<point>60.000000,222.000000</point>
				<point>57.000000,228.000000</point>
				<point>42.000000,218.000000</point>
				<point>46.000000,212.000000</point>
				<point>60.000000,222.000000</point>
			</points>
		</object>
		<object>
			<coordinate>pixel</coordinate>
			<type>rectangle</type>
			<description>None</description>
			<possibleresult>
				<name>Van</name>
			</possibleresult>
			<points>
				<point>185.000000,159.000000</point>
				<point>171.000000,172.000000</point>
				<point>165.000000,167.000000</point>
				<point>179.000000,153.000000</point>
				<point>185.000000,159.000000</point>
			</points>
		</object>
		<object>
			<coordinate>pixel</coordinate>
			<type>rectangle</type>
			<description>None</description>
			<possibleresult>
				<name>Van</name>
			</possibleresult>
			<points>
				<point>194.000000,167.000000</point>
				<point>182.000000,180.000000</point>
				<point>175.000000,174.000000</point>
				<point>188.000000,161.000000</point>
				<point>194.000000,167.000000</point>
			</points>
		</object>
		<object>
			<coordinate>pixel</coordinate>
			<type>rectangle</type>
			<description>None</description>
			<possibleresult>
				<name>Van</name>
			</possibleresult>
			<points>
				<point>236.000000,40.000000</point>
				<point>225.000000,52.000000</point>
				<point>219.000000,47.000000</point>
				<point>230.000000,35.000000</point>
				<point>236.000000,40.000000</point>
			</points>
		</object>
		<object>
			<coordinate>pixel</coordinate>
			<type>rectangle</type>
			<description>None</description>
			<possibleresult>
				<name>Van</name>
			</possibleresult>
			<points>
				<point>307.000000,88.000000</point>
				<point>295.000000,98.000000</point>
				<point>291.000000,94.000000</point>
				<point>302.000000,83.000000</point>
				<point>307.000000,88.000000</point>
			</points>
		</object>
		<object>
			<coordinate>pixel</coordinate>
			<type>rectangle</type>
			<description>None</description>
			<possibleresult>
				<name>Van</name>
			</possibleresult>
			<points>
				<point>370.000000,86.000000</point>
				<point>364.000000,93.000000</point>
				<point>345.000000,77.000000</point>
				<point>350.000000,70.000000</point>
				<point>370.000000,86.000000</point>
			</points>
		</object>
		<object>
			<coordinate>pixel</coordinate>
			<type>rectangle</type>
			<description>None</description>
			<possibleresult>
				<name>Small Car</name>
			</possibleresult>
			<points>
				<point>383.000000,96.000000</point>
				<point>378.000000,103.000000</point>
				<point>366.000000,93.000000</point>
				<point>371.000000,87.000000</point>
				<point>383.000000,96.000000</point>
			</points>
		</object>
		<object>
			<coordinate>pixel</coordinate>
			<type>rectangle</type>
			<description>None</description>
			<possibleresult>
				<name>Van</name>
			</possibleresult>
			<points>
				<point>567.000000,21.000000</point>
				<point>553.000000,32.000000</point>
				<point>549.000000,27.000000</point>
				<point>563.000000,16.000000</point>
				<point>567.000000,21.000000</point>
			</points>
		</object>
		<object>
			<coordinate>pixel</coordinate>
			<type>rectangle</type>
			<description>None</description>
			<possibleresult>
				<name>Dump Truck</name>
			</possibleresult>
			<points>
				<point>131.000000,268.000000</point>
				<point>126.000000,275.000000</point>
				<point>110.000000,263.000000</point>
				<point>115.000000,256.000000</point>
				<point>131.000000,268.000000</point>
			</points>
		</object>
		<object>
			<coordinate>pixel</coordinate>
			<type>rectangle</type>
			<description>None</description>
			<possibleresult>
				<name>Van</name>
			</possibleresult>
			<points>
				<point>942.000000,894.000000</point>
				<point>936.000000,901.000000</point>
				<point>917.000000,884.000000</point>
				<point>924.000000,877.000000</point>
				<point>942.000000,894.000000</point>
			</points>
		</object>
		<object>
			<coordinate>pixel</coordinate>
			<type>rectangle</type>
			<description>None</description>
			<possibleresult>
				<name>Small Car</name>
			</possibleresult>
			<points>
				<point>998.000000,710.000000</point>
				<point>982.000000,698.000000</point>
				<point>986.000000,691.000000</point>
				<point>1002.000000,703.000000</point>
				<point>998.000000,710.000000</point>
			</points>
		</object>
		<object>
			<coordinate>pixel</coordinate>
			<type>rectangle</type>
			<description>None</description>
			<possibleresult>
				<name>Van</name>
			</possibleresult>
			<points>
				<point>888.000000,721.000000</point>
				<point>883.000000,727.000000</point>
				<point>867.000000,716.000000</point>
				<point>871.000000,709.000000</point>
				<point>888.000000,721.000000</point>
			</points>
		</object>
		<object>
			<coordinate>pixel</coordinate>
			<type>rectangle</type>
			<description>None</description>
			<possibleresult>
				<name>Small Car</name>
			</possibleresult>
			<points>
				<point>948.000000,657.000000</point>
				<point>944.000000,664.000000</point>
				<point>929.000000,653.000000</point>
				<point>933.000000,646.000000</point>
				<point>948.000000,657.000000</point>
			</points>
		</object>
		<object>
			<coordinate>pixel</coordinate>
			<type>rectangle</type>
			<description>None</description>
			<possibleresult>
				<name>Van</name>
			</possibleresult>
			<points>
				<point>956.000000,651.000000</point>
				<point>951.000000,659.000000</point>
				<point>935.000000,647.000000</point>
				<point>941.000000,639.000000</point>
				<point>956.000000,651.000000</point>
			</points>
		</object>
		<object>
			<coordinate>pixel</coordinate>
			<type>rectangle</type>
			<description>None</description>
			<possibleresult>
				<name>Van</name>
			</possibleresult>
			<points>
				<point>953.000000,628.000000</point>
				<point>949.000000,635.000000</point>
				<point>932.000000,625.000000</point>
				<point>936.000000,617.000000</point>
				<point>953.000000,628.000000</point>
			</points>
		</object>
		<object>
			<coordinate>pixel</coordinate>
			<type>rectangle</type>
			<description>None</description>
			<possibleresult>
				<name>Van</name>
			</possibleresult>
			<points>
				<point>982.000000,601.000000</point>
				<point>978.000000,607.000000</point>
				<point>962.000000,597.000000</point>
				<point>966.000000,591.000000</point>
				<point>982.000000,601.000000</point>
			</points>
		</object>
		<object>
			<coordinate>pixel</coordinate>
			<type>rectangle</type>
			<description>None</description>
			<possibleresult>
				<name>Van</name>
			</possibleresult>
			<points>
				<point>989.000000,595.000000</point>
				<point>985.000000,601.000000</point>
				<point>970.000000,591.000000</point>
				<point>974.000000,585.000000</point>
				<point>989.000000,595.000000</point>
			</points>
		</object>
		<object>
			<coordinate>pixel</coordinate>
			<type>rectangle</type>
			<description>None</description>
			<possibleresult>
				<name>Van</name>
			</possibleresult>
			<points>
				<point>833.000000,675.000000</point>
				<point>828.000000,681.000000</point>
				<point>814.000000,671.000000</point>
				<point>818.000000,665.000000</point>
				<point>833.000000,675.000000</point>
			</points>
		</object>
		<object>
			<coordinate>pixel</coordinate>
			<type>rectangle</type>
			<description>None</description>
			<possibleresult>
				<name>Van</name>
			</possibleresult>
			<points>
				<point>843.000000,670.000000</point>
				<point>838.000000,677.000000</point>
				<point>820.000000,664.000000</point>
				<point>825.000000,657.000000</point>
				<point>843.000000,670.000000</point>
			</points>
		</object>
		<object>
			<coordinate>pixel</coordinate>
			<type>rectangle</type>
			<description>None</description>
			<possibleresult>
				<name>Small Car</name>
			</possibleresult>
			<points>
				<point>954.000000,560.000000</point>
				<point>950.000000,567.000000</point>
				<point>933.000000,556.000000</point>
				<point>937.000000,549.000000</point>
				<point>954.000000,560.000000</point>
			</points>
		</object>
		<object>
			<coordinate>pixel</coordinate>
			<type>rectangle</type>
			<description>None</description>
			<possibleresult>
				<name>Van</name>
			</possibleresult>
			<points>
				<point>880.000000,536.000000</point>
				<point>876.000000,543.000000</point>
				<point>860.000000,533.000000</point>
				<point>864.000000,526.000000</point>
				<point>880.000000,536.000000</point>
			</points>
		</object>
		<object>
			<coordinate>pixel</coordinate>
			<type>rectangle</type>
			<description>None</description>
			<possibleresult>
				<name>Small Car</name>
			</possibleresult>
			<points>
				<point>860.000000,557.000000</point>
				<point>855.000000,564.000000</point>
				<point>839.000000,552.000000</point>
				<point>844.000000,546.000000</point>
				<point>860.000000,557.000000</point>
			</points>
		</object>
		<object>
			<coordinate>pixel</coordinate>
			<type>rectangle</type>
			<description>None</description>
			<possibleresult>
				<name>Van</name>
			</possibleresult>
			<points>
				<point>818.000000,597.000000</point>
				<point>814.000000,604.000000</point>
				<point>798.000000,594.000000</point>
				<point>802.000000,588.000000</point>
				<point>818.000000,597.000000</point>
			</points>
		</object>
		<object>
			<coordinate>pixel</coordinate>
			<type>rectangle</type>
			<description>None</description>
			<possibleresult>
				<name>Small Car</name>
			</possibleresult>
			<points>
				<point>737.000000,646.000000</point>
				<point>733.000000,653.000000</point>
				<point>717.000000,643.000000</point>
				<point>722.000000,636.000000</point>
				<point>737.000000,646.000000</point>
			</points>
		</object>
		<object>
			<coordinate>pixel</coordinate>
			<type>rectangle</type>
			<description>None</description>
			<possibleresult>
				<name>Van</name>
			</possibleresult>
			<points>
				<point>802.000000,430.000000</point>
				<point>797.000000,438.000000</point>
				<point>777.000000,425.000000</point>
				<point>782.000000,418.000000</point>
				<point>802.000000,430.000000</point>
			</points>
		</object>
		<object>
			<coordinate>pixel</coordinate>
			<type>rectangle</type>
			<description>None</description>
			<possibleresult>
				<name>Van</name>
			</possibleresult>
			<points>
				<point>845.000000,379.000000</point>
				<point>841.000000,387.000000</point>
				<point>823.000000,375.000000</point>
				<point>827.000000,368.000000</point>
				<point>845.000000,379.000000</point>
			</points>
		</object>
		<object>
			<coordinate>pixel</coordinate>
			<type>rectangle</type>
			<description>None</description>
			<possibleresult>
				<name>Van</name>
			</possibleresult>
			<points>
				<point>541.000000,399.000000</point>
				<point>536.000000,406.000000</point>
				<point>518.000000,395.000000</point>
				<point>522.000000,388.000000</point>
				<point>541.000000,399.000000</point>
			</points>
		</object>
		<object>
			<coordinate>pixel</coordinate>
			<type>rectangle</type>
			<description>None</description>
			<possibleresult>
				<name>Van</name>
			</possibleresult>
			<points>
				<point>558.000000,377.000000</point>
				<point>553.000000,383.000000</point>
				<point>538.000000,373.000000</point>
				<point>543.000000,367.000000</point>
				<point>558.000000,377.000000</point>
			</points>
		</object>
		<object>
			<coordinate>pixel</coordinate>
			<type>rectangle</type>
			<description>None</description>
			<possibleresult>
				<name>Van</name>
			</possibleresult>
			<points>
				<point>573.000000,363.000000</point>
				<point>569.000000,370.000000</point>
				<point>549.000000,358.000000</point>
				<point>553.000000,351.000000</point>
				<point>573.000000,363.000000</point>
			</points>
		</object>
		<object>
			<coordinate>pixel</coordinate>
			<type>rectangle</type>
			<description>None</description>
			<possibleresult>
				<name>Van</name>
			</possibleresult>
			<points>
				<point>561.000000,346.000000</point>
				<point>557.000000,352.000000</point>
				<point>543.000000,343.000000</point>
				<point>548.000000,337.000000</point>
				<point>561.000000,346.000000</point>
			</points>
		</object>
		<object>
			<coordinate>pixel</coordinate>
			<type>rectangle</type>
			<description>None</description>
			<possibleresult>
				<name>Van</name>
			</possibleresult>
			<points>
				<point>607.000000,308.000000</point>
				<point>584.000000,309.000000</point>
				<point>583.000000,301.000000</point>
				<point>607.000000,300.000000</point>
				<point>607.000000,308.000000</point>
			</points>
		</object>
		<object>
			<coordinate>pixel</coordinate>
			<type>rectangle</type>
			<description>None</description>
			<possibleresult>
				<name>Van</name>
			</possibleresult>
			<points>
				<point>608.000000,298.000000</point>
				<point>586.000000,298.000000</point>
				<point>586.000000,290.000000</point>
				<point>608.000000,290.000000</point>
				<point>608.000000,298.000000</point>
			</points>
		</object>
		<object>
			<coordinate>pixel</coordinate>
			<type>rectangle</type>
			<description>None</description>
			<possibleresult>
				<name>Van</name>
			</possibleresult>
			<points>
				<point>622.000000,286.000000</point>
				<point>596.000000,287.000000</point>
				<point>596.000000,278.000000</point>
				<point>622.000000,277.000000</point>
				<point>622.000000,286.000000</point>
			</points>
		</object>
		<object>
			<coordinate>pixel</coordinate>
			<type>rectangle</type>
			<description>None</description>
			<possibleresult>
				<name>Van</name>
			</possibleresult>
			<points>
				<point>641.000000,270.000000</point>
				<point>614.000000,270.000000</point>
				<point>614.000000,262.000000</point>
				<point>641.000000,262.000000</point>
				<point>641.000000,270.000000</point>
			</points>
		</object>
		<object>
			<coordinate>pixel</coordinate>
			<type>rectangle</type>
			<description>None</description>
			<possibleresult>
				<name>Van</name>
			</possibleresult>
			<points>
				<point>658.000000,240.000000</point>
				<point>634.000000,240.000000</point>
				<point>634.000000,233.000000</point>
				<point>658.000000,233.000000</point>
				<point>658.000000,240.000000</point>
			</points>
		</object>
		<object>
			<coordinate>pixel</coordinate>
			<type>rectangle</type>
			<description>None</description>
			<possibleresult>
				<name>other-ship</name>
			</possibleresult>
			<points>
				<point>647.000000,298.000000</point>
				<point>618.000000,297.000000</point>
				<point>619.000000,287.000000</point>
				<point>647.000000,288.000000</point>
				<point>647.000000,298.000000</point>
			</points>
		</object>
		<object>
			<coordinate>pixel</coordinate>
			<type>rectangle</type>
			<description>None</description>
			<possibleresult>
				<name>other-ship</name>
			</possibleresult>
			<points>
				<point>662.000000,277.000000</point>
				<point>661.000000,287.000000</point>
				<point>632.000000,286.000000</point>
				<point>632.000000,276.000000</point>
				<point>662.000000,277.000000</point>
			</points>
		</object>
		<object>
			<coordinate>pixel</coordinate>
			<type>rectangle</type>
			<description>None</description>
			<possibleresult>
				<name>other-ship</name>
			</possibleresult>
			<points>
				<point>682.000000,272.000000</point>
				<point>648.000000,271.000000</point>
				<point>648.000000,261.000000</point>
				<point>682.000000,262.000000</point>
				<point>682.000000,272.000000</point>
			</points>
		</object>
		<object>
			<coordinate>pixel</coordinate>
			<type>rectangle</type>
			<description>None</description>
			<possibleresult>
				<name>other-ship</name>
			</possibleresult>
			<points>
				<point>695.000000,236.000000</point>
				<point>694.000000,246.000000</point>
				<point>664.000000,243.000000</point>
				<point>665.000000,233.000000</point>
				<point>695.000000,236.000000</point>
			</points>
		</object>
		<object>
			<coordinate>pixel</coordinate>
			<type>rectangle</type>
			<description>None</description>
			<possibleresult>
				<name>other-ship</name>
			</possibleresult>
			<points>
				<point>682.000000,258.000000</point>
				<point>656.000000,258.000000</point>
				<point>656.000000,248.000000</point>
				<point>682.000000,248.000000</point>
				<point>682.000000,258.000000</point>
			</points>
		</object>
		<object>
			<coordinate>pixel</coordinate>
			<type>rectangle</type>
			<description>None</description>
			<possibleresult>
				<name>Dump Truck</name>
			</possibleresult>
			<points>
				<point>987.000000,131.000000</point>
				<point>981.000000,125.000000</point>
				<point>996.000000,108.000000</point>
				<point>1003.000000,113.000000</point>
				<point>987.000000,131.000000</point>
			</points>
		</object>
		<object>
			<coordinate>pixel</coordinate>
			<type>rectangle</type>
			<description>None</description>
			<possibleresult>
				<name>Dump Truck</name>
			</possibleresult>
			<points>
				<point>986.000000,105.000000</point>
				<point>970.000000,123.000000</point>
				<point>964.000000,117.000000</point>
				<point>980.000000,99.000000</point>
				<point>986.000000,105.000000</point>
			</points>
		</object>
		<object>
			<coordinate>pixel</coordinate>
			<type>rectangle</type>
			<description>None</description>
			<possibleresult>
				<name>Small Car</name>
			</possibleresult>
			<points>
				<point>960.000000,90.000000</point>
				<point>947.000000,103.000000</point>
				<point>942.000000,98.000000</point>
				<point>954.000000,85.000000</point>
				<point>960.000000,90.000000</point>
			</points>
		</object>
		<object>
			<coordinate>pixel</coordinate>
			<type>rectangle</type>
			<description>None</description>
			<possibleresult>
				<name>Van</name>
			</possibleresult>
			<points>
				<point>950.000000,84.000000</point>
				<point>940.000000,97.000000</point>
				<point>934.000000,92.000000</point>
				<point>944.000000,79.000000</point>
				<point>950.000000,84.000000</point>
			</points>
		</object>
		<object>
			<coordinate>pixel</coordinate>
			<type>rectangle</type>
			<description>None</description>
			<possibleresult>
				<name>Van</name>
			</possibleresult>
			<points>
				<point>933.000000,77.000000</point>
				<point>921.000000,89.000000</point>
				<point>915.000000,83.000000</point>
				<point>927.000000,71.000000</point>
				<point>933.000000,77.000000</point>
			</points>
		</object>
		<object>
			<coordinate>pixel</coordinate>
			<type>rectangle</type>
			<description>None</description>
			<possibleresult>
				<name>other-vehicle</name>
			</possibleresult>
			<points>
				<point>911.000000,59.000000</point>
				<point>900.000000,72.000000</point>
				<point>893.000000,67.000000</point>
				<point>904.000000,53.000000</point>
				<point>911.000000,59.000000</point>
			</points>
		</object>
		<object>
			<coordinate>pixel</coordinate>
			<type>rectangle</type>
			<description>None</description>
			<possibleresult>
				<name>Small Car</name>
			</possibleresult>
			<points>
				<point>893.000000,50.000000</point>
				<point>883.000000,61.000000</point>
				<point>877.000000,56.000000</point>
				<point>887.000000,45.000000</point>
				<point>893.000000,50.000000</point>
			</points>
		</object>
		<object>
			<coordinate>pixel</coordinate>
			<type>rectangle</type>
			<description>None</description>
			<possibleresult>
				<name>Small Car</name>
			</possibleresult>
			<points>
				<point>865.000000,37.000000</point>
				<point>854.000000,50.000000</point>
				<point>848.000000,45.000000</point>
				<point>859.000000,32.000000</point>
				<point>865.000000,37.000000</point>
			</points>
		</object>
		<object>
			<coordinate>pixel</coordinate>
			<type>rectangle</type>
			<description>None</description>
			<possibleresult>
				<name>Van</name>
			</possibleresult>
			<points>
				<point>844.000000,77.000000</point>
				<point>834.000000,90.000000</point>
				<point>829.000000,86.000000</point>
				<point>839.000000,73.000000</point>
				<point>844.000000,77.000000</point>
			</points>
		</object>
		<object>
			<coordinate>pixel</coordinate>
			<type>rectangle</type>
			<description>None</description>
			<possibleresult>
				<name>Van</name>
			</possibleresult>
			<points>
				<point>857.000000,80.000000</point>
				<point>843.000000,95.000000</point>
				<point>837.000000,89.000000</point>
				<point>851.000000,74.000000</point>
				<point>857.000000,80.000000</point>
			</points>
		</object>
		<object>
			<coordinate>pixel</coordinate>
			<type>rectangle</type>
			<description>None</description>
			<possibleresult>
				<name>Van</name>
			</possibleresult>
			<points>
				<point>879.000000,96.000000</point>
				<point>868.000000,109.000000</point>
				<point>862.000000,104.000000</point>
				<point>873.000000,91.000000</point>
				<point>879.000000,96.000000</point>
			</points>
		</object>
		<object>
			<coordinate>pixel</coordinate>
			<type>rectangle</type>
			<description>None</description>
			<possibleresult>
				<name>Van</name>
			</possibleresult>
			<points>
				<point>898.000000,105.000000</point>
				<point>884.000000,120.000000</point>
				<point>878.000000,114.000000</point>
				<point>891.000000,100.000000</point>
				<point>898.000000,105.000000</point>
			</points>
		</object>
		<object>
			<coordinate>pixel</coordinate>
			<type>rectangle</type>
			<description>None</description>
			<possibleresult>
				<name>Dump Truck</name>
			</possibleresult>
			<points>
				<point>916.000000,142.000000</point>
				<point>899.000000,159.000000</point>
				<point>892.000000,153.000000</point>
				<point>909.000000,135.000000</point>
				<point>916.000000,142.000000</point>
			</points>
		</object>
		<object>
			<coordinate>pixel</coordinate>
			<type>rectangle</type>
			<description>None</description>
			<possibleresult>
				<name>Van</name>
			</possibleresult>
			<points>
				<point>936.000000,157.000000</point>
				<point>927.000000,169.000000</point>
				<point>921.000000,164.000000</point>
				<point>930.000000,152.000000</point>
				<point>936.000000,157.000000</point>
			</points>
		</object>
		<object>
			<coordinate>pixel</coordinate>
			<type>rectangle</type>
			<description>None</description>
			<possibleresult>
				<name>Small Car</name>
			</possibleresult>
			<points>
				<point>968.000000,153.000000</point>
				<point>959.000000,164.000000</point>
				<point>953.000000,158.000000</point>
				<point>962.000000,147.000000</point>
				<point>968.000000,153.000000</point>
			</points>
		</object>
		<object>
			<coordinate>pixel</coordinate>
			<type>rectangle</type>
			<description>None</description>
			<possibleresult>
				<name>Small Car</name>
			</possibleresult>
			<points>
				<point>996.000000,168.000000</point>
				<point>984.000000,179.000000</point>
				<point>979.000000,175.000000</point>
				<point>991.000000,163.000000</point>
				<point>996.000000,168.000000</point>
			</points>
		</object>
		<object>
			<coordinate>pixel</coordinate>
			<type>rectangle</type>
			<description>None</description>
			<possibleresult>
				<name>Small Car</name>
			</possibleresult>
			<points>
				<point>989.000000,187.000000</point>
				<point>976.000000,200.000000</point>
				<point>970.000000,195.000000</point>
				<point>983.000000,182.000000</point>
				<point>989.000000,187.000000</point>
			</points>
		</object>
		<object>
			<coordinate>pixel</coordinate>
			<type>rectangle</type>
			<description>None</description>
			<possibleresult>
				<name>Van</name>
			</possibleresult>
			<points>
				<point>865.000000,112.000000</point>
				<point>855.000000,124.000000</point>
				<point>849.000000,119.000000</point>
				<point>859.000000,107.000000</point>
				<point>865.000000,112.000000</point>
			</points>
		</object>
		<object>
			<coordinate>pixel</coordinate>
			<type>rectangle</type>
			<description>None</description>
			<possibleresult>
				<name>Small Car</name>
			</possibleresult>
			<points>
				<point>856.000000,106.000000</point>
				<point>846.000000,117.000000</point>
				<point>841.000000,112.000000</point>
				<point>851.000000,102.000000</point>
				<point>856.000000,106.000000</point>
			</points>
		</object>
		<object>
			<coordinate>pixel</coordinate>
			<type>rectangle</type>
			<description>None</description>
			<possibleresult>
				<name>Small Car</name>
			</possibleresult>
			<points>
				<point>840.000000,97.000000</point>
				<point>828.000000,108.000000</point>
				<point>823.000000,103.000000</point>
				<point>835.000000,91.000000</point>
				<point>840.000000,97.000000</point>
			</points>
		</object>
		<object>
			<coordinate>pixel</coordinate>
			<type>rectangle</type>
			<description>None</description>
			<possibleresult>
				<name>Small Car</name>
			</possibleresult>
			<points>
				<point>831.000000,93.000000</point>
				<point>821.000000,103.000000</point>
				<point>816.000000,98.000000</point>
				<point>826.000000,87.000000</point>
				<point>831.000000,93.000000</point>
			</points>
		</object>
		<object>
			<coordinate>pixel</coordinate>
			<type>rectangle</type>
			<description>None</description>
			<possibleresult>
				<name>Small Car</name>
			</possibleresult>
			<points>
				<point>822.000000,87.000000</point>
				<point>811.000000,98.000000</point>
				<point>806.000000,93.000000</point>
				<point>817.000000,82.000000</point>
				<point>822.000000,87.000000</point>
			</points>
		</object>
		<object>
			<coordinate>pixel</coordinate>
			<type>rectangle</type>
			<description>None</description>
			<possibleresult>
				<name>Small Car</name>
			</possibleresult>
			<points>
				<point>788.000000,119.000000</point>
				<point>777.000000,131.000000</point>
				<point>771.000000,126.000000</point>
				<point>782.000000,114.000000</point>
				<point>788.000000,119.000000</point>
			</points>
		</object>
		<object>
			<coordinate>pixel</coordinate>
			<type>rectangle</type>
			<description>None</description>
			<possibleresult>
				<name>Small Car</name>
			</possibleresult>
			<points>
				<point>804.000000,127.000000</point>
				<point>796.000000,138.000000</point>
				<point>791.000000,133.000000</point>
				<point>799.000000,123.000000</point>
				<point>804.000000,127.000000</point>
			</points>
		</object>
		<object>
			<coordinate>pixel</coordinate>
			<type>rectangle</type>
			<description>None</description>
			<possibleresult>
				<name>Small Car</name>
			</possibleresult>
			<points>
				<point>815.000000,133.000000</point>
				<point>804.000000,143.000000</point>
				<point>799.000000,138.000000</point>
				<point>810.000000,128.000000</point>
				<point>815.000000,133.000000</point>
			</points>
		</object>
		<object>
			<coordinate>pixel</coordinate>
			<type>rectangle</type>
			<description>None</description>
			<possibleresult>
				<name>Small Car</name>
			</possibleresult>
			<points>
				<point>839.000000,149.000000</point>
				<point>827.000000,161.000000</point>
				<point>822.000000,156.000000</point>
				<point>834.000000,144.000000</point>
				<point>839.000000,149.000000</point>
			</points>
		</object>
		<object>
			<coordinate>pixel</coordinate>
			<type>rectangle</type>
			<description>None</description>
			<possibleresult>
				<name>Van</name>
			</possibleresult>
			<points>
				<point>855.000000,159.000000</point>
				<point>841.000000,172.000000</point>
				<point>836.000000,166.000000</point>
				<point>850.000000,153.000000</point>
				<point>855.000000,159.000000</point>
			</points>
		</object>
		<object>
			<coordinate>pixel</coordinate>
			<type>rectangle</type>
			<description>None</description>
			<possibleresult>
				<name>Small Car</name>
			</possibleresult>
			<points>
				<point>862.000000,166.000000</point>
				<point>850.000000,178.000000</point>
				<point>845.000000,173.000000</point>
				<point>857.000000,160.000000</point>
				<point>862.000000,166.000000</point>
			</points>
		</object>
		<object>
			<coordinate>pixel</coordinate>
			<type>rectangle</type>
			<description>None</description>
			<possibleresult>
				<name>Dump Truck</name>
			</possibleresult>
			<points>
				<point>885.000000,181.000000</point>
				<point>875.000000,193.000000</point>
				<point>869.000000,188.000000</point>
				<point>880.000000,176.000000</point>
				<point>885.000000,181.000000</point>
			</points>
		</object>
		<object>
			<coordinate>pixel</coordinate>
			<type>rectangle</type>
			<description>None</description>
			<possibleresult>
				<name>Small Car</name>
			</possibleresult>
			<points>
				<point>921.000000,199.000000</point>
				<point>909.000000,214.000000</point>
				<point>902.000000,208.000000</point>
				<point>914.000000,194.000000</point>
				<point>921.000000,199.000000</point>
			</points>
		</object>
		<object>
			<coordinate>pixel</coordinate>
			<type>rectangle</type>
			<description>None</description>
			<possibleresult>
				<name>Small Car</name>
			</possibleresult>
			<points>
				<point>945.000000,215.000000</point>
				<point>933.000000,229.000000</point>
				<point>926.000000,223.000000</point>
				<point>939.000000,209.000000</point>
				<point>945.000000,215.000000</point>
			</points>
		</object>
		<object>
			<coordinate>pixel</coordinate>
			<type>rectangle</type>
			<description>None</description>
			<possibleresult>
				<name>Van</name>
			</possibleresult>
			<points>
				<point>952.000000,221.000000</point>
				<point>941.000000,232.000000</point>
				<point>936.000000,227.000000</point>
				<point>947.000000,216.000000</point>
				<point>952.000000,221.000000</point>
			</points>
		</object>
		<object>
			<coordinate>pixel</coordinate>
			<type>rectangle</type>
			<description>None</description>
			<possibleresult>
				<name>Van</name>
			</possibleresult>
			<points>
				<point>972.000000,231.000000</point>
				<point>958.000000,245.000000</point>
				<point>952.000000,239.000000</point>
				<point>965.000000,225.000000</point>
				<point>972.000000,231.000000</point>
			</points>
		</object>
		<object>
			<coordinate>pixel</coordinate>
			<type>rectangle</type>
			<description>None</description>
			<possibleresult>
				<name>Van</name>
			</possibleresult>
			<points>
				<point>994.000000,245.000000</point>
				<point>982.000000,258.000000</point>
				<point>977.000000,253.000000</point>
				<point>989.000000,240.000000</point>
				<point>994.000000,245.000000</point>
			</points>
		</object>
		<object>
			<coordinate>pixel</coordinate>
			<type>rectangle</type>
			<description>None</description>
			<possibleresult>
				<name>Small Car</name>
			</possibleresult>
			<points>
				<point>990.000000,264.000000</point>
				<point>984.000000,258.000000</point>
				<point>996.000000,246.000000</point>
				<point>1002.000000,252.000000</point>
				<point>990.000000,264.000000</point>
			</points>
		</object>
		<object>
			<coordinate>pixel</coordinate>
			<type>rectangle</type>
			<description>None</description>
			<possibleresult>
				<name>Van</name>
			</possibleresult>
			<points>
				<point>970.000000,256.000000</point>
				<point>959.000000,269.000000</point>
				<point>953.000000,264.000000</point>
				<point>964.000000,251.000000</point>
				<point>970.000000,256.000000</point>
			</points>
		</object>
		<object>
			<coordinate>pixel</coordinate>
			<type>rectangle</type>
			<description>None</description>
			<possibleresult>
				<name>Van</name>
			</possibleresult>
			<points>
				<point>947.000000,240.000000</point>
				<point>935.000000,254.000000</point>
				<point>929.000000,248.000000</point>
				<point>941.000000,235.000000</point>
				<point>947.000000,240.000000</point>
			</points>
		</object>
		<object>
			<coordinate>pixel</coordinate>
			<type>rectangle</type>
			<description>None</description>
			<possibleresult>
				<name>Van</name>
			</possibleresult>
			<points>
				<point>920.000000,226.000000</point>
				<point>909.000000,237.000000</point>
				<point>904.000000,232.000000</point>
				<point>915.000000,221.000000</point>
				<point>920.000000,226.000000</point>
			</points>
		</object>
		<object>
			<coordinate>pixel</coordinate>
			<type>rectangle</type>
			<description>None</description>
			<possibleresult>
				<name>Small Car</name>
			</possibleresult>
			<points>
				<point>913.000000,220.000000</point>
				<point>902.000000,232.000000</point>
				<point>897.000000,227.000000</point>
				<point>908.000000,215.000000</point>
				<point>913.000000,220.000000</point>
			</points>
		</object>
		<object>
			<coordinate>pixel</coordinate>
			<type>rectangle</type>
			<description>None</description>
			<possibleresult>
				<name>Van</name>
			</possibleresult>
			<points>
				<point>896.000000,210.000000</point>
				<point>887.000000,221.000000</point>
				<point>882.000000,216.000000</point>
				<point>891.000000,206.000000</point>
				<point>896.000000,210.000000</point>
			</points>
		</object>
		<object>
			<coordinate>pixel</coordinate>
			<type>rectangle</type>
			<description>None</description>
			<possibleresult>
				<name>Small Car</name>
			</possibleresult>
			<points>
				<point>887.000000,205.000000</point>
				<point>876.000000,218.000000</point>
				<point>870.000000,213.000000</point>
				<point>882.000000,200.000000</point>
				<point>887.000000,205.000000</point>
			</points>
		</object>
		<object>
			<coordinate>pixel</coordinate>
			<type>rectangle</type>
			<description>None</description>
			<possibleresult>
				<name>Small Car</name>
			</possibleresult>
			<points>
				<point>881.000000,201.000000</point>
				<point>867.000000,215.000000</point>
				<point>861.000000,209.000000</point>
				<point>875.000000,195.000000</point>
				<point>881.000000,201.000000</point>
			</points>
		</object>
		<object>
			<coordinate>pixel</coordinate>
			<type>rectangle</type>
			<description>None</description>
			<possibleresult>
				<name>Van</name>
			</possibleresult>
			<points>
				<point>864.000000,187.000000</point>
				<point>853.000000,199.000000</point>
				<point>848.000000,194.000000</point>
				<point>859.000000,183.000000</point>
				<point>864.000000,187.000000</point>
			</points>
		</object>
		<object>
			<coordinate>pixel</coordinate>
			<type>rectangle</type>
			<description>None</description>
			<possibleresult>
				<name>Small Car</name>
			</possibleresult>
			<points>
				<point>856.000000,184.000000</point>
				<point>844.000000,197.000000</point>
				<point>838.000000,191.000000</point>
				<point>849.000000,178.000000</point>
				<point>856.000000,184.000000</point>
			</points>
		</object>
		<object>
			<coordinate>pixel</coordinate>
			<type>rectangle</type>
			<description>None</description>
			<possibleresult>
				<name>Van</name>
			</possibleresult>
			<points>
				<point>833.000000,167.000000</point>
				<point>819.000000,181.000000</point>
				<point>813.000000,175.000000</point>
				<point>828.000000,162.000000</point>
				<point>833.000000,167.000000</point>
			</points>
		</object>
		<object>
			<coordinate>pixel</coordinate>
			<type>rectangle</type>
			<description>None</description>
			<possibleresult>
				<name>Small Car</name>
			</possibleresult>
			<points>
				<point>825.000000,162.000000</point>
				<point>813.000000,175.000000</point>
				<point>807.000000,169.000000</point>
				<point>819.000000,156.000000</point>
				<point>825.000000,162.000000</point>
			</points>
		</object>
		<object>
			<coordinate>pixel</coordinate>
			<type>rectangle</type>
			<description>None</description>
			<possibleresult>
				<name>Small Car</name>
			</possibleresult>
			<points>
				<point>816.000000,158.000000</point>
				<point>805.000000,169.000000</point>
				<point>799.000000,164.000000</point>
				<point>811.000000,153.000000</point>
				<point>816.000000,158.000000</point>
			</points>
		</object>
		<object>
			<coordinate>pixel</coordinate>
			<type>rectangle</type>
			<description>None</description>
			<possibleresult>
				<name>Small Car</name>
			</possibleresult>
			<points>
				<point>800.000000,148.000000</point>
				<point>788.000000,160.000000</point>
				<point>782.000000,155.000000</point>
				<point>794.000000,143.000000</point>
				<point>800.000000,148.000000</point>
			</points>
		</object>
		<object>
			<coordinate>pixel</coordinate>
			<type>rectangle</type>
			<description>None</description>
			<possibleresult>
				<name>Van</name>
			</possibleresult>
			<points>
				<point>783.000000,137.000000</point>
				<point>771.000000,150.000000</point>
				<point>765.000000,145.000000</point>
				<point>777.000000,132.000000</point>
				<point>783.000000,137.000000</point>
			</points>
		</object>
		<object>
			<coordinate>pixel</coordinate>
			<type>rectangle</type>
			<description>None</description>
			<possibleresult>
				<name>Van</name>
			</possibleresult>
			<points>
				<point>774.000000,132.000000</point>
				<point>762.000000,145.000000</point>
				<point>756.000000,140.000000</point>
				<point>769.000000,127.000000</point>
				<point>774.000000,132.000000</point>
			</points>
		</object>
		<object>
			<coordinate>pixel</coordinate>
			<type>rectangle</type>
			<description>None</description>
			<possibleresult>
				<name>Small Car</name>
			</possibleresult>
			<points>
				<point>781.000000,190.000000</point>
				<point>769.000000,201.000000</point>
				<point>764.000000,196.000000</point>
				<point>776.000000,185.000000</point>
				<point>781.000000,190.000000</point>
			</points>
		</object>
		<object>
			<coordinate>pixel</coordinate>
			<type>rectangle</type>
			<description>None</description>
			<possibleresult>
				<name>Small Car</name>
			</possibleresult>
			<points>
				<point>792.000000,194.000000</point>
				<point>779.000000,206.000000</point>
				<point>774.000000,200.000000</point>
				<point>787.000000,189.000000</point>
				<point>792.000000,194.000000</point>
			</points>
		</object>
		<object>
			<coordinate>pixel</coordinate>
			<type>rectangle</type>
			<description>None</description>
			<possibleresult>
				<name>Van</name>
			</possibleresult>
			<points>
				<point>801.000000,198.000000</point>
				<point>790.000000,211.000000</point>
				<point>785.000000,207.000000</point>
				<point>796.000000,193.000000</point>
				<point>801.000000,198.000000</point>
			</points>
		</object>
		<object>
			<coordinate>pixel</coordinate>
			<type>rectangle</type>
			<description>None</description>
			<possibleresult>
				<name>Small Car</name>
			</possibleresult>
			<points>
				<point>812.000000,205.000000</point>
				<point>802.000000,215.000000</point>
				<point>797.000000,210.000000</point>
				<point>808.000000,200.000000</point>
				<point>812.000000,205.000000</point>
			</points>
		</object>
		<object>
			<coordinate>pixel</coordinate>
			<type>rectangle</type>
			<description>None</description>
			<possibleresult>
				<name>Van</name>
			</possibleresult>
			<points>
				<point>856.000000,263.000000</point>
				<point>844.000000,275.000000</point>
				<point>838.000000,270.000000</point>
				<point>851.000000,257.000000</point>
				<point>856.000000,263.000000</point>
			</points>
		</object>
		<object>
			<coordinate>pixel</coordinate>
			<type>rectangle</type>
			<description>None</description>
			<possibleresult>
				<name>Small Car</name>
			</possibleresult>
			<points>
				<point>747.000000,195.000000</point>
				<point>735.000000,208.000000</point>
				<point>729.000000,202.000000</point>
				<point>742.000000,190.000000</point>
				<point>747.000000,195.000000</point>
			</points>
		</object>
		<object>
			<coordinate>pixel</coordinate>
			<type>rectangle</type>
			<description>None</description>
			<possibleresult>
				<name>Small Car</name>
			</possibleresult>
			<points>
				<point>738.000000,189.000000</point>
				<point>725.000000,201.000000</point>
				<point>720.000000,196.000000</point>
				<point>734.000000,184.000000</point>
				<point>738.000000,189.000000</point>
			</points>
		</object>
		<object>
			<coordinate>pixel</coordinate>
			<type>rectangle</type>
			<description>None</description>
			<possibleresult>
				<name>Van</name>
			</possibleresult>
			<points>
				<point>730.000000,182.000000</point>
				<point>719.000000,193.000000</point>
				<point>714.000000,188.000000</point>
				<point>725.000000,177.000000</point>
				<point>730.000000,182.000000</point>
			</points>
		</object>
		<object>
			<coordinate>pixel</coordinate>
			<type>rectangle</type>
			<description>None</description>
			<possibleresult>
				<name>Dump Truck</name>
			</possibleresult>
			<points>
				<point>936.000000,287.000000</point>
				<point>921.000000,302.000000</point>
				<point>916.000000,297.000000</point>
				<point>931.000000,282.000000</point>
				<point>936.000000,287.000000</point>
			</points>
		</object>
		<object>
			<coordinate>pixel</coordinate>
			<type>rectangle</type>
			<description>None</description>
			<possibleresult>
				<name>Small Car</name>
			</possibleresult>
			<points>
				<point>923.000000,497.000000</point>
				<point>919.000000,502.000000</point>
				<point>905.000000,493.000000</point>
				<point>909.000000,487.000000</point>
				<point>923.000000,497.000000</point>
			</points>
		</object>
		<object>
			<coordinate>pixel</coordinate>
			<type>rectangle</type>
			<description>None</description>
			<possibleresult>
				<name>Small Car</name>
			</possibleresult>
			<points>
				<point>163.000000,290.000000</point>
				<point>159.000000,296.000000</point>
				<point>143.000000,287.000000</point>
				<point>147.000000,281.000000</point>
				<point>163.000000,290.000000</point>
			</points>
		</object>
	</objects>
</annotation>