<?xml version="1.0" encoding="utf-8"?>
<annotation>
	<source>
		<filename>15773.tif</filename>
		<origin>GF2/GF3</origin>
	</source>
	<research>
		<version>1.0</version>
		<provider>FAIR1M</provider>
		<author>Cyber</author>
		<pluginname>FAIR1M</pluginname>
		<pluginclass>object detection</pluginclass>
		<time>2021-07-21</time>
	</research>
	<size>
		<width>800</width>
		<height>600</height>
		<depth>3</depth>
	</size>
	<objects>
		<object>
			<coordinate>pixel</coordinate>
			<type>rectangle</type>
			<description>None</description>
			<possibleresult>
				<name>other-airplane</name>
			</possibleresult>
			<points>
				<point>797.799988,180.399979</point>
				<point>780.999939,171.999985</point>
				<point>791.199890,151.599991</point>
				<point>807.999939,159.999985</point>
				<point>797.799988,180.399979</point>
			</points>
		</object>
		<object>
			<coordinate>pixel</coordinate>
			<type>rectangle</type>
			<description>None</description>
			<possibleresult>
				<name>other-airplane</name>
			</possibleresult>
			<points>
				<point>765.000000,250.000000</point>
				<point>755.000000,270.000000</point>
				<point>731.000000,257.000000</point>
				<point>741.000000,238.000000</point>
				<point>765.000000,250.000000</point>
			</points>
		</object>
		<object>
			<coordinate>pixel</coordinate>
			<type>rectangle</type>
			<description>None</description>
			<possibleresult>
				<name>other-airplane</name>
			</possibleresult>
			<points>
				<point>689.000000,219.000000</point>
				<point>679.000000,238.000000</point>
				<point>658.000000,228.000000</point>
				<point>667.000000,208.000000</point>
				<point>689.000000,219.000000</point>
			</points>
		</object>
		<object>
			<coordinate>pixel</coordinate>
			<type>rectangle</type>
			<description>None</description>
			<possibleresult>
				<name>other-airplane</name>
			</possibleresult>
			<points>
				<point>674.000000,242.000000</point>
				<point>665.000000,261.000000</point>
				<point>647.000000,252.000000</point>
				<point>656.000000,233.000000</point>
				<point>674.000000,242.000000</point>
			</points>
		</object>
		<object>
			<coordinate>pixel</coordinate>
			<type>rectangle</type>
			<description>None</description>
			<possibleresult>
				<name>other-airplane</name>
			</possibleresult>
			<points>
				<point>663.000000,266.000000</point>
				<point>652.000000,286.000000</point>
				<point>635.000000,276.000000</point>
				<point>646.000000,257.000000</point>
				<point>663.000000,266.000000</point>
			</points>
		</object>
	</objects>
</annotation>