<?xml version="1.0" encoding="utf-8"?>
<annotation>
	<source>
		<filename>15834.tif</filename>
		<origin>GF2/GF3</origin>
	</source>
	<research>
		<version>1.0</version>
		<provider>FAIR1M</provider>
		<author>Cyber</author>
		<pluginname>FAIR1M</pluginname>
		<pluginclass>object detection</pluginclass>
		<time>2021-07-21</time>
	</research>
	<size>
		<width>1000</width>
		<height>1000</height>
		<depth>3</depth>
	</size>
	<objects>
		<object>
			<coordinate>pixel</coordinate>
			<type>rectangle</type>
			<description>None</description>
			<possibleresult>
				<name>Intersection</name>
			</possibleresult>
			<points>
				<point>553.000000,335.000000</point>
				<point>552.000000,393.000000</point>
				<point>491.000000,392.000000</point>
				<point>491.000000,334.000000</point>
				<point>553.000000,335.000000</point>
			</points>
		</object>
		<object>
			<coordinate>pixel</coordinate>
			<type>rectangle</type>
			<description>None</description>
			<possibleresult>
				<name>Small Car</name>
			</possibleresult>
			<points>
				<point>853.000000,49.000000</point>
				<point>852.000000,64.000000</point>
				<point>843.000000,63.000000</point>
				<point>844.000000,48.000000</point>
				<point>853.000000,49.000000</point>
			</points>
		</object>
		<object>
			<coordinate>pixel</coordinate>
			<type>rectangle</type>
			<description>None</description>
			<possibleresult>
				<name>Bus</name>
			</possibleresult>
			<points>
				<point>796.000000,462.000000</point>
				<point>782.000000,464.000000</point>
				<point>778.000000,428.000000</point>
				<point>793.000000,427.000000</point>
				<point>796.000000,462.000000</point>
			</points>
		</object>
		<object>
			<coordinate>pixel</coordinate>
			<type>rectangle</type>
			<description>None</description>
			<possibleresult>
				<name>Bus</name>
			</possibleresult>
			<points>
				<point>815.000000,463.000000</point>
				<point>799.000000,463.000000</point>
				<point>798.000000,424.000000</point>
				<point>814.000000,424.000000</point>
				<point>815.000000,463.000000</point>
			</points>
		</object>
		<object>
			<coordinate>pixel</coordinate>
			<type>rectangle</type>
			<description>None</description>
			<possibleresult>
				<name>Small Car</name>
			</possibleresult>
			<points>
				<point>930.000000,661.000000</point>
				<point>929.000000,668.000000</point>
				<point>907.000000,667.000000</point>
				<point>908.000000,660.000000</point>
				<point>930.000000,661.000000</point>
			</points>
		</object>
		<object>
			<coordinate>pixel</coordinate>
			<type>rectangle</type>
			<description>None</description>
			<possibleresult>
				<name>Small Car</name>
			</possibleresult>
			<points>
				<point>934.000000,651.000000</point>
				<point>933.000000,658.000000</point>
				<point>911.000000,657.000000</point>
				<point>911.000000,650.000000</point>
				<point>934.000000,651.000000</point>
			</points>
		</object>
		<object>
			<coordinate>pixel</coordinate>
			<type>rectangle</type>
			<description>None</description>
			<possibleresult>
				<name>Van</name>
			</possibleresult>
			<points>
				<point>997.000000,653.000000</point>
				<point>987.000000,654.000000</point>
				<point>985.000000,634.000000</point>
				<point>996.000000,633.000000</point>
				<point>997.000000,653.000000</point>
			</points>
		</object>
		<object>
			<coordinate>pixel</coordinate>
			<type>rectangle</type>
			<description>None</description>
			<possibleresult>
				<name>Small Car</name>
			</possibleresult>
			<points>
				<point>938.000000,730.000000</point>
				<point>919.000000,730.000000</point>
				<point>919.000000,722.000000</point>
				<point>938.000000,722.000000</point>
				<point>938.000000,730.000000</point>
			</points>
		</object>
		<object>
			<coordinate>pixel</coordinate>
			<type>rectangle</type>
			<description>None</description>
			<possibleresult>
				<name>Van</name>
			</possibleresult>
			<points>
				<point>932.000000,741.000000</point>
				<point>910.000000,741.000000</point>
				<point>910.000000,735.000000</point>
				<point>932.000000,735.000000</point>
				<point>932.000000,741.000000</point>
			</points>
		</object>
		<object>
			<coordinate>pixel</coordinate>
			<type>rectangle</type>
			<description>None</description>
			<possibleresult>
				<name>Van</name>
			</possibleresult>
			<points>
				<point>996.000000,877.000000</point>
				<point>984.000000,877.000000</point>
				<point>983.000000,858.000000</point>
				<point>995.000000,858.000000</point>
				<point>996.000000,877.000000</point>
			</points>
		</object>
		<object>
			<coordinate>pixel</coordinate>
			<type>rectangle</type>
			<description>None</description>
			<possibleresult>
				<name>Small Car</name>
			</possibleresult>
			<points>
				<point>993.000000,955.000000</point>
				<point>983.000000,956.000000</point>
				<point>983.000000,938.000000</point>
				<point>993.000000,938.000000</point>
				<point>993.000000,955.000000</point>
			</points>
		</object>
		<object>
			<coordinate>pixel</coordinate>
			<type>rectangle</type>
			<description>None</description>
			<possibleresult>
				<name>Small Car</name>
			</possibleresult>
			<points>
				<point>600.000000,728.000000</point>
				<point>578.000000,728.000000</point>
				<point>577.000000,719.000000</point>
				<point>600.000000,719.000000</point>
				<point>600.000000,728.000000</point>
			</points>
		</object>
		<object>
			<coordinate>pixel</coordinate>
			<type>rectangle</type>
			<description>None</description>
			<possibleresult>
				<name>Dump Truck</name>
			</possibleresult>
			<points>
				<point>545.000000,610.000000</point>
				<point>529.000000,610.000000</point>
				<point>529.000000,583.000000</point>
				<point>545.000000,582.000000</point>
				<point>545.000000,610.000000</point>
			</points>
		</object>
		<object>
			<coordinate>pixel</coordinate>
			<type>rectangle</type>
			<description>None</description>
			<possibleresult>
				<name>Dump Truck</name>
			</possibleresult>
			<points>
				<point>587.000000,636.000000</point>
				<point>586.000000,647.000000</point>
				<point>558.000000,644.000000</point>
				<point>559.000000,634.000000</point>
				<point>587.000000,636.000000</point>
			</points>
		</object>
		<object>
			<coordinate>pixel</coordinate>
			<type>rectangle</type>
			<description>None</description>
			<possibleresult>
				<name>Van</name>
			</possibleresult>
			<points>
				<point>464.000000,589.000000</point>
				<point>442.000000,588.000000</point>
				<point>442.000000,581.000000</point>
				<point>464.000000,581.000000</point>
				<point>464.000000,589.000000</point>
			</points>
		</object>
		<object>
			<coordinate>pixel</coordinate>
			<type>rectangle</type>
			<description>None</description>
			<possibleresult>
				<name>Dump Truck</name>
			</possibleresult>
			<points>
				<point>486.000000,546.000000</point>
				<point>454.000000,546.000000</point>
				<point>453.000000,538.000000</point>
				<point>486.000000,538.000000</point>
				<point>486.000000,546.000000</point>
			</points>
		</object>
		<object>
			<coordinate>pixel</coordinate>
			<type>rectangle</type>
			<description>None</description>
			<possibleresult>
				<name>Van</name>
			</possibleresult>
			<points>
				<point>482.000000,535.000000</point>
				<point>454.000000,535.000000</point>
				<point>454.000000,527.000000</point>
				<point>482.000000,527.000000</point>
				<point>482.000000,535.000000</point>
			</points>
		</object>
		<object>
			<coordinate>pixel</coordinate>
			<type>rectangle</type>
			<description>None</description>
			<possibleresult>
				<name>Small Car</name>
			</possibleresult>
			<points>
				<point>476.000000,429.000000</point>
				<point>457.000000,430.000000</point>
				<point>457.000000,422.000000</point>
				<point>476.000000,422.000000</point>
				<point>476.000000,429.000000</point>
			</points>
		</object>
		<object>
			<coordinate>pixel</coordinate>
			<type>rectangle</type>
			<description>None</description>
			<possibleresult>
				<name>Small Car</name>
			</possibleresult>
			<points>
				<point>143.000000,338.000000</point>
				<point>134.000000,342.000000</point>
				<point>126.000000,322.000000</point>
				<point>135.000000,318.000000</point>
				<point>143.000000,338.000000</point>
			</points>
		</object>
		<object>
			<coordinate>pixel</coordinate>
			<type>rectangle</type>
			<description>None</description>
			<possibleresult>
				<name>Van</name>
			</possibleresult>
			<points>
				<point>258.000000,323.000000</point>
				<point>257.000000,339.000000</point>
				<point>248.000000,338.000000</point>
				<point>249.000000,322.000000</point>
				<point>258.000000,323.000000</point>
			</points>
		</object>
		<object>
			<coordinate>pixel</coordinate>
			<type>rectangle</type>
			<description>None</description>
			<possibleresult>
				<name>Van</name>
			</possibleresult>
			<points>
				<point>755.000000,332.000000</point>
				<point>745.000000,332.000000</point>
				<point>745.000000,318.000000</point>
				<point>755.000000,318.000000</point>
				<point>755.000000,332.000000</point>
			</points>
		</object>
		<object>
			<coordinate>pixel</coordinate>
			<type>rectangle</type>
			<description>None</description>
			<possibleresult>
				<name>Van</name>
			</possibleresult>
			<points>
				<point>743.000000,332.000000</point>
				<point>733.000000,332.000000</point>
				<point>733.000000,317.000000</point>
				<point>743.000000,317.000000</point>
				<point>743.000000,332.000000</point>
			</points>
		</object>
		<object>
			<coordinate>pixel</coordinate>
			<type>rectangle</type>
			<description>None</description>
			<possibleresult>
				<name>Small Car</name>
			</possibleresult>
			<points>
				<point>725.000000,384.000000</point>
				<point>702.000000,384.000000</point>
				<point>702.000000,376.000000</point>
				<point>725.000000,375.000000</point>
				<point>725.000000,384.000000</point>
			</points>
		</object>
		<object>
			<coordinate>pixel</coordinate>
			<type>rectangle</type>
			<description>None</description>
			<possibleresult>
				<name>Small Car</name>
			</possibleresult>
			<points>
				<point>720.000000,348.000000</point>
				<point>719.000000,356.000000</point>
				<point>698.000000,354.000000</point>
				<point>698.000000,347.000000</point>
				<point>720.000000,348.000000</point>
			</points>
		</object>
		<object>
			<coordinate>pixel</coordinate>
			<type>rectangle</type>
			<description>None</description>
			<possibleresult>
				<name>Small Car</name>
			</possibleresult>
			<points>
				<point>664.000000,356.000000</point>
				<point>636.000000,357.000000</point>
				<point>635.000000,348.000000</point>
				<point>664.000000,347.000000</point>
				<point>664.000000,356.000000</point>
			</points>
		</object>
		<object>
			<coordinate>pixel</coordinate>
			<type>rectangle</type>
			<description>None</description>
			<possibleresult>
				<name>Van</name>
			</possibleresult>
			<points>
				<point>630.000000,327.000000</point>
				<point>620.000000,327.000000</point>
				<point>620.000000,309.000000</point>
				<point>630.000000,309.000000</point>
				<point>630.000000,327.000000</point>
			</points>
		</object>
		<object>
			<coordinate>pixel</coordinate>
			<type>rectangle</type>
			<description>None</description>
			<possibleresult>
				<name>Van</name>
			</possibleresult>
			<points>
				<point>615.000000,306.000000</point>
				<point>614.000000,335.000000</point>
				<point>599.000000,334.000000</point>
				<point>600.000000,305.000000</point>
				<point>615.000000,306.000000</point>
			</points>
		</object>
		<object>
			<coordinate>pixel</coordinate>
			<type>rectangle</type>
			<description>None</description>
			<possibleresult>
				<name>Small Car</name>
			</possibleresult>
			<points>
				<point>469.000000,244.000000</point>
				<point>446.000000,245.000000</point>
				<point>446.000000,237.000000</point>
				<point>469.000000,237.000000</point>
				<point>469.000000,244.000000</point>
			</points>
		</object>
		<object>
			<coordinate>pixel</coordinate>
			<type>rectangle</type>
			<description>None</description>
			<possibleresult>
				<name>Dump Truck</name>
			</possibleresult>
			<points>
				<point>468.000000,234.000000</point>
				<point>443.000000,235.000000</point>
				<point>442.000000,227.000000</point>
				<point>468.000000,226.000000</point>
				<point>468.000000,234.000000</point>
			</points>
		</object>
		<object>
			<coordinate>pixel</coordinate>
			<type>rectangle</type>
			<description>None</description>
			<possibleresult>
				<name>Cargo Truck</name>
			</possibleresult>
			<points>
				<point>574.000000,182.000000</point>
				<point>538.000000,181.000000</point>
				<point>538.000000,172.000000</point>
				<point>574.000000,172.000000</point>
				<point>574.000000,182.000000</point>
			</points>
		</object>
		<object>
			<coordinate>pixel</coordinate>
			<type>rectangle</type>
			<description>None</description>
			<possibleresult>
				<name>Small Car</name>
			</possibleresult>
			<points>
				<point>484.000000,116.000000</point>
				<point>474.000000,117.000000</point>
				<point>472.000000,100.000000</point>
				<point>483.000000,99.000000</point>
				<point>484.000000,116.000000</point>
			</points>
		</object>
		<object>
			<coordinate>pixel</coordinate>
			<type>rectangle</type>
			<description>None</description>
			<possibleresult>
				<name>Small Car</name>
			</possibleresult>
			<points>
				<point>476.000000,24.000000</point>
				<point>467.000000,25.000000</point>
				<point>465.000000,8.000000</point>
				<point>474.000000,7.000000</point>
				<point>476.000000,24.000000</point>
			</points>
		</object>
		<object>
			<coordinate>pixel</coordinate>
			<type>rectangle</type>
			<description>None</description>
			<possibleresult>
				<name>Van</name>
			</possibleresult>
			<points>
				<point>226.000000,681.000000</point>
				<point>225.000000,695.000000</point>
				<point>216.000000,694.000000</point>
				<point>217.000000,680.000000</point>
				<point>226.000000,681.000000</point>
			</points>
		</object>
		<object>
			<coordinate>pixel</coordinate>
			<type>rectangle</type>
			<description>None</description>
			<possibleresult>
				<name>Van</name>
			</possibleresult>
			<points>
				<point>473.000000,674.000000</point>
				<point>452.000000,675.000000</point>
				<point>452.000000,667.000000</point>
				<point>472.000000,666.000000</point>
				<point>473.000000,674.000000</point>
			</points>
		</object>
		<object>
			<coordinate>pixel</coordinate>
			<type>rectangle</type>
			<description>None</description>
			<possibleresult>
				<name>Small Car</name>
			</possibleresult>
			<points>
				<point>504.000000,859.000000</point>
				<point>495.000000,860.000000</point>
				<point>495.000000,841.000000</point>
				<point>503.000000,841.000000</point>
				<point>504.000000,859.000000</point>
			</points>
		</object>
		<object>
			<coordinate>pixel</coordinate>
			<type>rectangle</type>
			<description>None</description>
			<possibleresult>
				<name>Dump Truck</name>
			</possibleresult>
			<points>
				<point>483.000000,879.000000</point>
				<point>453.000000,879.000000</point>
				<point>453.000000,870.000000</point>
				<point>483.000000,870.000000</point>
				<point>483.000000,879.000000</point>
			</points>
		</object>
		<object>
			<coordinate>pixel</coordinate>
			<type>rectangle</type>
			<description>None</description>
			<possibleresult>
				<name>Small Car</name>
			</possibleresult>
			<points>
				<point>465.000000,904.000000</point>
				<point>444.000000,904.000000</point>
				<point>444.000000,897.000000</point>
				<point>465.000000,897.000000</point>
				<point>465.000000,904.000000</point>
			</points>
		</object>
		<object>
			<coordinate>pixel</coordinate>
			<type>rectangle</type>
			<description>None</description>
			<possibleresult>
				<name>Small Car</name>
			</possibleresult>
			<points>
				<point>503.000000,965.000000</point>
				<point>494.000000,965.000000</point>
				<point>494.000000,948.000000</point>
				<point>503.000000,948.000000</point>
				<point>503.000000,965.000000</point>
			</points>
		</object>
		<object>
			<coordinate>pixel</coordinate>
			<type>rectangle</type>
			<description>None</description>
			<possibleresult>
				<name>Van</name>
			</possibleresult>
			<points>
				<point>469.000000,995.000000</point>
				<point>449.000000,995.000000</point>
				<point>449.000000,987.000000</point>
				<point>469.000000,987.000000</point>
				<point>469.000000,995.000000</point>
			</points>
		</object>
		<object>
			<coordinate>pixel</coordinate>
			<type>rectangle</type>
			<description>None</description>
			<possibleresult>
				<name>Small Car</name>
			</possibleresult>
			<points>
				<point>337.000000,415.000000</point>
				<point>329.000000,417.000000</point>
				<point>325.000000,400.000000</point>
				<point>334.000000,398.000000</point>
				<point>337.000000,415.000000</point>
			</points>
		</object>
	</objects>
</annotation>