<?xml version="1.0" encoding="utf-8"?>
<annotation>
	<source>
		<filename>15835.tif</filename>
		<origin>GF2/GF3</origin>
	</source>
	<research>
		<version>1.0</version>
		<provider>FAIR1M</provider>
		<author>Cyber</author>
		<pluginname>FAIR1M</pluginname>
		<pluginclass>object detection</pluginclass>
		<time>2021-07-21</time>
	</research>
	<size>
		<width>1000</width>
		<height>1000</height>
		<depth>3</depth>
	</size>
	<objects>
		<object>
			<coordinate>pixel</coordinate>
			<type>rectangle</type>
			<description>None</description>
			<possibleresult>
				<name>Boeing777</name>
			</possibleresult>
			<points>
				<point>307.000000,476.000000</point>
				<point>227.000000,461.000000</point>
				<point>213.000000,538.000000</point>
				<point>292.000000,553.000000</point>
				<point>307.000000,476.000000</point>
			</points>
		</object>
		<object>
			<coordinate>pixel</coordinate>
			<type>rectangle</type>
			<description>None</description>
			<possibleresult>
				<name>Boeing787</name>
			</possibleresult>
			<points>
				<point>298.000000,539.000000</point>
				<point>239.000000,579.000000</point>
				<point>281.000000,642.000000</point>
				<point>340.000000,601.000000</point>
				<point>298.000000,539.000000</point>
			</points>
		</object>
		<object>
			<coordinate>pixel</coordinate>
			<type>rectangle</type>
			<description>None</description>
			<possibleresult>
				<name>A350</name>
			</possibleresult>
			<points>
				<point>331.000000,571.000000</point>
				<point>306.000000,660.000000</point>
				<point>385.000000,682.000000</point>
				<point>409.000000,593.000000</point>
				<point>331.000000,571.000000</point>
			</points>
		</object>
		<object>
			<coordinate>pixel</coordinate>
			<type>rectangle</type>
			<description>None</description>
			<possibleresult>
				<name>A350</name>
			</possibleresult>
			<points>
				<point>458.000000,528.000000</point>
				<point>414.000000,610.000000</point>
				<point>485.000000,648.000000</point>
				<point>529.000000,566.000000</point>
				<point>458.000000,528.000000</point>
			</points>
		</object>
		<object>
			<coordinate>pixel</coordinate>
			<type>rectangle</type>
			<description>None</description>
			<possibleresult>
				<name>other-airplane</name>
			</possibleresult>
			<points>
				<point>663.000000,571.000000</point>
				<point>672.000000,639.000000</point>
				<point>732.000000,631.000000</point>
				<point>722.000000,563.000000</point>
				<point>663.000000,571.000000</point>
			</points>
		</object>
		<object>
			<coordinate>pixel</coordinate>
			<type>rectangle</type>
			<description>None</description>
			<possibleresult>
				<name>other-airplane</name>
			</possibleresult>
			<points>
				<point>871.000000,832.000000</point>
				<point>866.000000,753.000000</point>
				<point>791.000000,757.000000</point>
				<point>796.000000,837.000000</point>
				<point>871.000000,832.000000</point>
			</points>
		</object>
		<object>
			<coordinate>pixel</coordinate>
			<type>rectangle</type>
			<description>None</description>
			<possibleresult>
				<name>other-airplane</name>
			</possibleresult>
			<points>
				<point>694.000000,844.000000</point>
				<point>689.000000,785.000000</point>
				<point>637.000000,789.000000</point>
				<point>642.000000,848.000000</point>
				<point>694.000000,844.000000</point>
			</points>
		</object>
		<object>
			<coordinate>pixel</coordinate>
			<type>rectangle</type>
			<description>None</description>
			<possibleresult>
				<name>Boeing737</name>
			</possibleresult>
			<points>
				<point>808.000000,131.000000</point>
				<point>847.000000,101.000000</point>
				<point>820.000000,65.000000</point>
				<point>781.000000,95.000000</point>
				<point>808.000000,131.000000</point>
			</points>
		</object>
		<object>
			<coordinate>pixel</coordinate>
			<type>rectangle</type>
			<description>None</description>
			<possibleresult>
				<name>A220</name>
			</possibleresult>
			<points>
				<point>953.000000,88.000000</point>
				<point>953.000000,44.000000</point>
				<point>906.000000,44.000000</point>
				<point>906.000000,89.000000</point>
				<point>953.000000,88.000000</point>
			</points>
		</object>
	</objects>
</annotation>