<?xml version="1.0" encoding="utf-8"?>
<annotation>
	<source>
		<filename>15875.tif</filename>
		<origin>GF2/GF3</origin>
	</source>
	<research>
		<version>1.0</version>
		<provider>FAIR1M</provider>
		<author>Cyber</author>
		<pluginname>FAIR1M</pluginname>
		<pluginclass>object detection</pluginclass>
		<time>2021-07-21</time>
	</research>
	<size>
		<width>1000</width>
		<height>1000</height>
		<depth>3</depth>
	</size>
	<objects>
		<object>
			<coordinate>pixel</coordinate>
			<type>rectangle</type>
			<description>None</description>
			<possibleresult>
				<name>A220</name>
			</possibleresult>
			<points>
				<point>25.000000,30.000000</point>
				<point>68.000000,47.000000</point>
				<point>83.000000,8.000000</point>
				<point>40.000000,-9.000000</point>
				<point>25.000000,30.000000</point>
			</points>
		</object>
		<object>
			<coordinate>pixel</coordinate>
			<type>rectangle</type>
			<description>None</description>
			<possibleresult>
				<name>A220</name>
			</possibleresult>
			<points>
				<point>-6.000000,81.000000</point>
				<point>38.000000,102.000000</point>
				<point>57.000000,63.000000</point>
				<point>13.000000,42.000000</point>
				<point>-6.000000,81.000000</point>
			</points>
		</object>
		<object>
			<coordinate>pixel</coordinate>
			<type>rectangle</type>
			<description>None</description>
			<possibleresult>
				<name>A330</name>
			</possibleresult>
			<points>
				<point>229.000000,129.000000</point>
				<point>289.000000,119.000000</point>
				<point>278.000000,52.000000</point>
				<point>217.000000,62.000000</point>
				<point>229.000000,129.000000</point>
			</points>
		</object>
		<object>
			<coordinate>pixel</coordinate>
			<type>rectangle</type>
			<description>None</description>
			<possibleresult>
				<name>A220</name>
			</possibleresult>
			<points>
				<point>346.000000,183.000000</point>
				<point>356.000000,228.000000</point>
				<point>399.000000,219.000000</point>
				<point>390.000000,174.000000</point>
				<point>346.000000,183.000000</point>
			</points>
		</object>
		<object>
			<coordinate>pixel</coordinate>
			<type>rectangle</type>
			<description>None</description>
			<possibleresult>
				<name>A220</name>
			</possibleresult>
			<points>
				<point>379.000000,265.000000</point>
				<point>423.000000,273.000000</point>
				<point>431.000000,232.000000</point>
				<point>387.000000,224.000000</point>
				<point>379.000000,265.000000</point>
			</points>
		</object>
		<object>
			<coordinate>pixel</coordinate>
			<type>rectangle</type>
			<description>None</description>
			<possibleresult>
				<name>A321</name>
			</possibleresult>
			<points>
				<point>215.000000,168.000000</point>
				<point>248.000000,137.000000</point>
				<point>212.000000,98.000000</point>
				<point>179.000000,129.000000</point>
				<point>215.000000,168.000000</point>
			</points>
		</object>
		<object>
			<coordinate>pixel</coordinate>
			<type>rectangle</type>
			<description>None</description>
			<possibleresult>
				<name>A220</name>
			</possibleresult>
			<points>
				<point>179.000000,360.000000</point>
				<point>136.000000,362.000000</point>
				<point>138.000000,400.000000</point>
				<point>181.000000,398.000000</point>
				<point>179.000000,360.000000</point>
			</points>
		</object>
		<object>
			<coordinate>pixel</coordinate>
			<type>rectangle</type>
			<description>None</description>
			<possibleresult>
				<name>A220</name>
			</possibleresult>
			<points>
				<point>380.000000,325.000000</point>
				<point>425.000000,329.000000</point>
				<point>429.000000,287.000000</point>
				<point>383.000000,283.000000</point>
				<point>380.000000,325.000000</point>
			</points>
		</object>
		<object>
			<coordinate>pixel</coordinate>
			<type>rectangle</type>
			<description>None</description>
			<possibleresult>
				<name>A220</name>
			</possibleresult>
			<points>
				<point>353.000000,364.000000</point>
				<point>395.000000,385.000000</point>
				<point>414.000000,347.000000</point>
				<point>372.000000,327.000000</point>
				<point>353.000000,364.000000</point>
			</points>
		</object>
		<object>
			<coordinate>pixel</coordinate>
			<type>rectangle</type>
			<description>None</description>
			<possibleresult>
				<name>A220</name>
			</possibleresult>
			<points>
				<point>372.000000,379.000000</point>
				<point>327.000000,388.000000</point>
				<point>337.000000,433.000000</point>
				<point>381.000000,424.000000</point>
				<point>372.000000,379.000000</point>
			</points>
		</object>
		<object>
			<coordinate>pixel</coordinate>
			<type>rectangle</type>
			<description>None</description>
			<possibleresult>
				<name>A220</name>
			</possibleresult>
			<points>
				<point>325.000000,368.000000</point>
				<point>280.000000,368.000000</point>
				<point>280.000000,412.000000</point>
				<point>325.000000,412.000000</point>
				<point>325.000000,368.000000</point>
			</points>
		</object>
		<object>
			<coordinate>pixel</coordinate>
			<type>rectangle</type>
			<description>None</description>
			<possibleresult>
				<name>other-airplane</name>
			</possibleresult>
			<points>
				<point>66.000000,495.000000</point>
				<point>89.000000,516.000000</point>
				<point>114.000000,488.000000</point>
				<point>91.000000,468.000000</point>
				<point>66.000000,495.000000</point>
			</points>
		</object>
		<object>
			<coordinate>pixel</coordinate>
			<type>rectangle</type>
			<description>None</description>
			<possibleresult>
				<name>A321</name>
			</possibleresult>
			<points>
				<point>113.000000,523.000000</point>
				<point>143.000000,553.000000</point>
				<point>181.000000,515.000000</point>
				<point>150.000000,485.000000</point>
				<point>113.000000,523.000000</point>
			</points>
		</object>
		<object>
			<coordinate>pixel</coordinate>
			<type>rectangle</type>
			<description>None</description>
			<possibleresult>
				<name>A321</name>
			</possibleresult>
			<points>
				<point>217.000000,602.000000</point>
				<point>272.000000,592.000000</point>
				<point>263.000000,548.000000</point>
				<point>208.000000,558.000000</point>
				<point>217.000000,602.000000</point>
			</points>
		</object>
		<object>
			<coordinate>pixel</coordinate>
			<type>rectangle</type>
			<description>None</description>
			<possibleresult>
				<name>Boeing787</name>
			</possibleresult>
			<points>
				<point>221.000000,666.000000</point>
				<point>150.000000,676.000000</point>
				<point>159.000000,747.000000</point>
				<point>230.000000,738.000000</point>
				<point>221.000000,666.000000</point>
			</points>
		</object>
	</objects>
</annotation>