<?xml version="1.0" encoding="utf-8"?>
<annotation>
	<source>
		<filename>15894.tif</filename>
		<origin>GF2/GF3</origin>
	</source>
	<research>
		<version>1.0</version>
		<provider>FAIR1M</provider>
		<author>Cyber</author>
		<pluginname>FAIR1M</pluginname>
		<pluginclass>object detection</pluginclass>
		<time>2021-07-21</time>
	</research>
	<size>
		<width>1000</width>
		<height>1000</height>
		<depth>3</depth>
	</size>
	<objects>
		<object>
			<coordinate>pixel</coordinate>
			<type>rectangle</type>
			<description>None</description>
			<possibleresult>
				<name>other-airplane</name>
			</possibleresult>
			<points>
				<point>27.000000,262.000000</point>
				<point>27.000000,299.000000</point>
				<point>73.000000,299.000000</point>
				<point>73.000000,261.000000</point>
				<point>27.000000,262.000000</point>
			</points>
		</object>
		<object>
			<coordinate>pixel</coordinate>
			<type>rectangle</type>
			<description>None</description>
			<possibleresult>
				<name>A220</name>
			</possibleresult>
			<points>
				<point>397.000000,12.000000</point>
				<point>432.000000,44.000000</point>
				<point>464.000000,9.000000</point>
				<point>429.000000,-23.000000</point>
				<point>397.000000,12.000000</point>
			</points>
		</object>
	</objects>
</annotation>