<?xml version="1.0" encoding="utf-8"?>
<annotation>
	<source>
		<filename>15915.tif</filename>
		<origin>GF2/GF3</origin>
	</source>
	<research>
		<version>1.0</version>
		<provider>FAIR1M</provider>
		<author>Cyber</author>
		<pluginname>FAIR1M</pluginname>
		<pluginclass>object detection</pluginclass>
		<time>2021-07-21</time>
	</research>
	<size>
		<width>800</width>
		<height>600</height>
		<depth>4</depth>
	</size>
	<objects>
		<object>
			<coordinate>pixel</coordinate>
			<type>rectangle</type>
			<description>None</description>
			<possibleresult>
				<name>Small Car</name>
			</possibleresult>
			<points>
				<point>331.000000,568.000000</point>
				<point>329.000000,574.000000</point>
				<point>309.000000,571.000000</point>
				<point>310.000000,565.000000</point>
				<point>331.000000,568.000000</point>
			</points>
		</object>
		<object>
			<coordinate>pixel</coordinate>
			<type>rectangle</type>
			<description>None</description>
			<possibleresult>
				<name>Van</name>
			</possibleresult>
			<points>
				<point>330.000000,552.000000</point>
				<point>328.000000,559.000000</point>
				<point>309.000000,554.000000</point>
				<point>310.000000,548.000000</point>
				<point>330.000000,552.000000</point>
			</points>
		</object>
		<object>
			<coordinate>pixel</coordinate>
			<type>rectangle</type>
			<description>None</description>
			<possibleresult>
				<name>Small Car</name>
			</possibleresult>
			<points>
				<point>331.000000,542.000000</point>
				<point>330.000000,548.000000</point>
				<point>311.000000,545.000000</point>
				<point>312.000000,538.000000</point>
				<point>331.000000,542.000000</point>
			</points>
		</object>
		<object>
			<coordinate>pixel</coordinate>
			<type>rectangle</type>
			<description>None</description>
			<possibleresult>
				<name>Van</name>
			</possibleresult>
			<points>
				<point>503.000000,564.000000</point>
				<point>500.000000,579.000000</point>
				<point>490.000000,576.000000</point>
				<point>494.000000,562.000000</point>
				<point>503.000000,564.000000</point>
			</points>
		</object>
		<object>
			<coordinate>pixel</coordinate>
			<type>rectangle</type>
			<description>None</description>
			<possibleresult>
				<name>Small Car</name>
			</possibleresult>
			<points>
				<point>500.000000,525.000000</point>
				<point>498.000000,532.000000</point>
				<point>484.000000,528.000000</point>
				<point>486.000000,521.000000</point>
				<point>500.000000,525.000000</point>
			</points>
		</object>
		<object>
			<coordinate>pixel</coordinate>
			<type>rectangle</type>
			<description>None</description>
			<possibleresult>
				<name>Small Car</name>
			</possibleresult>
			<points>
				<point>716.000000,568.000000</point>
				<point>714.000000,574.000000</point>
				<point>694.000000,569.000000</point>
				<point>696.000000,563.000000</point>
				<point>716.000000,568.000000</point>
			</points>
		</object>
		<object>
			<coordinate>pixel</coordinate>
			<type>rectangle</type>
			<description>None</description>
			<possibleresult>
				<name>Van</name>
			</possibleresult>
			<points>
				<point>678.000000,379.000000</point>
				<point>674.000000,396.000000</point>
				<point>665.000000,394.000000</point>
				<point>670.000000,377.000000</point>
				<point>678.000000,379.000000</point>
			</points>
		</object>
		<object>
			<coordinate>pixel</coordinate>
			<type>rectangle</type>
			<description>None</description>
			<possibleresult>
				<name>Small Car</name>
			</possibleresult>
			<points>
				<point>660.000000,366.000000</point>
				<point>656.000000,376.000000</point>
				<point>646.000000,373.000000</point>
				<point>650.000000,363.000000</point>
				<point>660.000000,366.000000</point>
			</points>
		</object>
		<object>
			<coordinate>pixel</coordinate>
			<type>rectangle</type>
			<description>None</description>
			<possibleresult>
				<name>Van</name>
			</possibleresult>
			<points>
				<point>729.000000,348.000000</point>
				<point>727.000000,355.000000</point>
				<point>707.000000,349.000000</point>
				<point>709.000000,342.000000</point>
				<point>729.000000,348.000000</point>
			</points>
		</object>
		<object>
			<coordinate>pixel</coordinate>
			<type>rectangle</type>
			<description>None</description>
			<possibleresult>
				<name>Small Car</name>
			</possibleresult>
			<points>
				<point>646.000000,366.000000</point>
				<point>642.000000,375.000000</point>
				<point>635.000000,372.000000</point>
				<point>638.000000,363.000000</point>
				<point>646.000000,366.000000</point>
			</points>
		</object>
		<object>
			<coordinate>pixel</coordinate>
			<type>rectangle</type>
			<description>None</description>
			<possibleresult>
				<name>Small Car</name>
			</possibleresult>
			<points>
				<point>448.000000,303.000000</point>
				<point>445.000000,312.000000</point>
				<point>423.000000,305.000000</point>
				<point>426.000000,296.000000</point>
				<point>448.000000,303.000000</point>
			</points>
		</object>
		<object>
			<coordinate>pixel</coordinate>
			<type>rectangle</type>
			<description>None</description>
			<possibleresult>
				<name>Small Car</name>
			</possibleresult>
			<points>
				<point>481.000000,296.000000</point>
				<point>477.000000,304.000000</point>
				<point>457.000000,294.000000</point>
				<point>462.000000,286.000000</point>
				<point>481.000000,296.000000</point>
			</points>
		</object>
		<object>
			<coordinate>pixel</coordinate>
			<type>rectangle</type>
			<description>None</description>
			<possibleresult>
				<name>Small Car</name>
			</possibleresult>
			<points>
				<point>397.000000,285.000000</point>
				<point>395.000000,291.000000</point>
				<point>380.000000,287.000000</point>
				<point>382.000000,280.000000</point>
				<point>397.000000,285.000000</point>
			</points>
		</object>
		<object>
			<coordinate>pixel</coordinate>
			<type>rectangle</type>
			<description>None</description>
			<possibleresult>
				<name>Small Car</name>
			</possibleresult>
			<points>
				<point>386.000000,311.000000</point>
				<point>384.000000,319.000000</point>
				<point>367.000000,315.000000</point>
				<point>369.000000,307.000000</point>
				<point>386.000000,311.000000</point>
			</points>
		</object>
		<object>
			<coordinate>pixel</coordinate>
			<type>rectangle</type>
			<description>None</description>
			<possibleresult>
				<name>Van</name>
			</possibleresult>
			<points>
				<point>451.000000,206.000000</point>
				<point>435.000000,220.000000</point>
				<point>429.000000,214.000000</point>
				<point>445.000000,200.000000</point>
				<point>451.000000,206.000000</point>
			</points>
		</object>
		<object>
			<coordinate>pixel</coordinate>
			<type>rectangle</type>
			<description>None</description>
			<possibleresult>
				<name>Small Car</name>
			</possibleresult>
			<points>
				<point>422.000000,216.000000</point>
				<point>421.000000,224.000000</point>
				<point>402.000000,219.000000</point>
				<point>403.000000,211.000000</point>
				<point>422.000000,216.000000</point>
			</points>
		</object>
		<object>
			<coordinate>pixel</coordinate>
			<type>rectangle</type>
			<description>None</description>
			<possibleresult>
				<name>Small Car</name>
			</possibleresult>
			<points>
				<point>487.000000,227.000000</point>
				<point>483.000000,233.000000</point>
				<point>465.000000,223.000000</point>
				<point>469.000000,217.000000</point>
				<point>487.000000,227.000000</point>
			</points>
		</object>
		<object>
			<coordinate>pixel</coordinate>
			<type>rectangle</type>
			<description>None</description>
			<possibleresult>
				<name>Small Car</name>
			</possibleresult>
			<points>
				<point>490.000000,217.000000</point>
				<point>486.000000,223.000000</point>
				<point>469.000000,211.000000</point>
				<point>473.000000,205.000000</point>
				<point>490.000000,217.000000</point>
			</points>
		</object>
		<object>
			<coordinate>pixel</coordinate>
			<type>rectangle</type>
			<description>None</description>
			<possibleresult>
				<name>Small Car</name>
			</possibleresult>
			<points>
				<point>499.000000,209.000000</point>
				<point>495.000000,215.000000</point>
				<point>477.000000,204.000000</point>
				<point>481.000000,198.000000</point>
				<point>499.000000,209.000000</point>
			</points>
		</object>
		<object>
			<coordinate>pixel</coordinate>
			<type>rectangle</type>
			<description>None</description>
			<possibleresult>
				<name>Small Car</name>
			</possibleresult>
			<points>
				<point>521.000000,211.000000</point>
				<point>517.000000,218.000000</point>
				<point>499.000000,206.000000</point>
				<point>504.000000,200.000000</point>
				<point>521.000000,211.000000</point>
			</points>
		</object>
		<object>
			<coordinate>pixel</coordinate>
			<type>rectangle</type>
			<description>None</description>
			<possibleresult>
				<name>Small Car</name>
			</possibleresult>
			<points>
				<point>529.000000,205.000000</point>
				<point>525.000000,211.000000</point>
				<point>508.000000,199.000000</point>
				<point>512.000000,193.000000</point>
				<point>529.000000,205.000000</point>
			</points>
		</object>
		<object>
			<coordinate>pixel</coordinate>
			<type>rectangle</type>
			<description>None</description>
			<possibleresult>
				<name>Van</name>
			</possibleresult>
			<points>
				<point>457.000000,178.000000</point>
				<point>453.000000,184.000000</point>
				<point>442.000000,177.000000</point>
				<point>446.000000,171.000000</point>
				<point>457.000000,178.000000</point>
			</points>
		</object>
		<object>
			<coordinate>pixel</coordinate>
			<type>rectangle</type>
			<description>None</description>
			<possibleresult>
				<name>Small Car</name>
			</possibleresult>
			<points>
				<point>567.000000,141.000000</point>
				<point>564.000000,148.000000</point>
				<point>542.000000,137.000000</point>
				<point>545.000000,130.000000</point>
				<point>567.000000,141.000000</point>
			</points>
		</object>
		<object>
			<coordinate>pixel</coordinate>
			<type>rectangle</type>
			<description>None</description>
			<possibleresult>
				<name>Small Car</name>
			</possibleresult>
			<points>
				<point>577.000000,127.000000</point>
				<point>574.000000,134.000000</point>
				<point>554.000000,123.000000</point>
				<point>557.000000,116.000000</point>
				<point>577.000000,127.000000</point>
			</points>
		</object>
	</objects>
</annotation>