<?xml version="1.0" encoding="utf-8"?>
<annotation>
	<source>
		<filename>15960.tif</filename>
		<origin>GF2/GF3</origin>
	</source>
	<research>
		<version>1.0</version>
		<provider>FAIR1M</provider>
		<author>Cyber</author>
		<pluginname>FAIR1M</pluginname>
		<pluginclass>object detection</pluginclass>
		<time>2021-07-21</time>
	</research>
	<size>
		<width>1000</width>
		<height>1000</height>
		<depth>3</depth>
	</size>
	<objects>
		<object>
			<coordinate>pixel</coordinate>
			<type>rectangle</type>
			<description>None</description>
			<possibleresult>
				<name>Fishing Boat</name>
			</possibleresult>
			<points>
				<point>162.000000,996.000000</point>
				<point>168.000000,970.000000</point>
				<point>156.000000,968.000000</point>
				<point>151.000000,994.000000</point>
				<point>162.000000,996.000000</point>
			</points>
		</object>
		<object>
			<coordinate>pixel</coordinate>
			<type>rectangle</type>
			<description>None</description>
			<possibleresult>
				<name>Dry Cargo Ship</name>
			</possibleresult>
			<points>
				<point>169.000000,954.000000</point>
				<point>165.000000,990.000000</point>
				<point>180.000000,992.000000</point>
				<point>184.000000,956.000000</point>
				<point>169.000000,954.000000</point>
			</points>
		</object>
		<object>
			<coordinate>pixel</coordinate>
			<type>rectangle</type>
			<description>None</description>
			<possibleresult>
				<name>Dry Cargo Ship</name>
			</possibleresult>
			<points>
				<point>206.000000,982.000000</point>
				<point>210.000000,941.000000</point>
				<point>195.000000,940.000000</point>
				<point>191.000000,980.000000</point>
				<point>206.000000,982.000000</point>
			</points>
		</object>
		<object>
			<coordinate>pixel</coordinate>
			<type>rectangle</type>
			<description>None</description>
			<possibleresult>
				<name>Dry Cargo Ship</name>
			</possibleresult>
			<points>
				<point>185.000000,839.000000</point>
				<point>177.000000,901.000000</point>
				<point>194.000000,904.000000</point>
				<point>203.000000,842.000000</point>
				<point>185.000000,839.000000</point>
			</points>
		</object>
		<object>
			<coordinate>pixel</coordinate>
			<type>rectangle</type>
			<description>None</description>
			<possibleresult>
				<name>Dry Cargo Ship</name>
			</possibleresult>
			<points>
				<point>176.000000,903.000000</point>
				<point>172.000000,945.000000</point>
				<point>185.000000,946.000000</point>
				<point>189.000000,905.000000</point>
				<point>176.000000,903.000000</point>
			</points>
		</object>
		<object>
			<coordinate>pixel</coordinate>
			<type>rectangle</type>
			<description>None</description>
			<possibleresult>
				<name>Dry Cargo Ship</name>
			</possibleresult>
			<points>
				<point>202.000000,889.000000</point>
				<point>197.000000,933.000000</point>
				<point>211.000000,935.000000</point>
				<point>216.000000,890.000000</point>
				<point>202.000000,889.000000</point>
			</points>
		</object>
		<object>
			<coordinate>pixel</coordinate>
			<type>rectangle</type>
			<description>None</description>
			<possibleresult>
				<name>Dry Cargo Ship</name>
			</possibleresult>
			<points>
				<point>210.000000,842.000000</point>
				<point>204.000000,884.000000</point>
				<point>220.000000,886.000000</point>
				<point>225.000000,843.000000</point>
				<point>210.000000,842.000000</point>
			</points>
		</object>
		<object>
			<coordinate>pixel</coordinate>
			<type>rectangle</type>
			<description>None</description>
			<possibleresult>
				<name>Motorboat</name>
			</possibleresult>
			<points>
				<point>213.000000,922.000000</point>
				<point>214.000000,903.000000</point>
				<point>222.000000,903.000000</point>
				<point>221.000000,922.000000</point>
				<point>213.000000,922.000000</point>
			</points>
		</object>
		<object>
			<coordinate>pixel</coordinate>
			<type>rectangle</type>
			<description>None</description>
			<possibleresult>
				<name>Motorboat</name>
			</possibleresult>
			<points>
				<point>204.000000,976.000000</point>
				<point>209.000000,958.000000</point>
				<point>217.000000,960.000000</point>
				<point>212.000000,978.000000</point>
				<point>204.000000,976.000000</point>
			</points>
		</object>
		<object>
			<coordinate>pixel</coordinate>
			<type>rectangle</type>
			<description>None</description>
			<possibleresult>
				<name>Motorboat</name>
			</possibleresult>
			<points>
				<point>487.000000,552.000000</point>
				<point>500.000000,566.000000</point>
				<point>491.000000,574.000000</point>
				<point>478.000000,560.000000</point>
				<point>487.000000,552.000000</point>
			</points>
		</object>
	</objects>
</annotation>