<?xml version="1.0" encoding="utf-8"?>
<annotation>
	<source>
		<filename>15964.tif</filename>
		<origin>GF2/GF3</origin>
	</source>
	<research>
		<version>1.0</version>
		<provider>FAIR1M</provider>
		<author>Cyber</author>
		<pluginname>FAIR1M</pluginname>
		<pluginclass>object detection</pluginclass>
		<time>2021-07-21</time>
	</research>
	<size>
		<width>600</width>
		<height>800</height>
		<depth>4</depth>
	</size>
	<objects>
		<object>
			<coordinate>pixel</coordinate>
			<type>rectangle</type>
			<description>None</description>
			<possibleresult>
				<name>Small Car</name>
			</possibleresult>
			<points>
				<point>226.000000,385.000000</point>
				<point>214.000000,400.000000</point>
				<point>208.000000,396.000000</point>
				<point>220.000000,380.000000</point>
				<point>226.000000,385.000000</point>
			</points>
		</object>
		<object>
			<coordinate>pixel</coordinate>
			<type>rectangle</type>
			<description>None</description>
			<possibleresult>
				<name>Small Car</name>
			</possibleresult>
			<points>
				<point>239.000000,394.000000</point>
				<point>227.000000,407.000000</point>
				<point>222.000000,402.000000</point>
				<point>234.000000,390.000000</point>
				<point>239.000000,394.000000</point>
			</points>
		</object>
		<object>
			<coordinate>pixel</coordinate>
			<type>rectangle</type>
			<description>None</description>
			<possibleresult>
				<name>Van</name>
			</possibleresult>
			<points>
				<point>247.000000,401.000000</point>
				<point>236.000000,413.000000</point>
				<point>231.000000,409.000000</point>
				<point>242.000000,397.000000</point>
				<point>247.000000,401.000000</point>
			</points>
		</object>
		<object>
			<coordinate>pixel</coordinate>
			<type>rectangle</type>
			<description>None</description>
			<possibleresult>
				<name>Van</name>
			</possibleresult>
			<points>
				<point>315.000000,463.000000</point>
				<point>300.000000,473.000000</point>
				<point>296.000000,467.000000</point>
				<point>311.000000,457.000000</point>
				<point>315.000000,463.000000</point>
			</points>
		</object>
		<object>
			<coordinate>pixel</coordinate>
			<type>rectangle</type>
			<description>None</description>
			<possibleresult>
				<name>Small Car</name>
			</possibleresult>
			<points>
				<point>368.000000,551.000000</point>
				<point>349.000000,556.000000</point>
				<point>348.000000,550.000000</point>
				<point>366.000000,545.000000</point>
				<point>368.000000,551.000000</point>
			</points>
		</object>
		<object>
			<coordinate>pixel</coordinate>
			<type>rectangle</type>
			<description>None</description>
			<possibleresult>
				<name>Small Car</name>
			</possibleresult>
			<points>
				<point>372.000000,562.000000</point>
				<point>352.000000,565.000000</point>
				<point>351.000000,558.000000</point>
				<point>370.000000,555.000000</point>
				<point>372.000000,562.000000</point>
			</points>
		</object>
	</objects>
</annotation>