<?xml version="1.0" encoding="utf-8"?>
<annotation>
	<source>
		<filename>16051.tif</filename>
		<origin>GF2/GF3</origin>
	</source>
	<research>
		<version>1.0</version>
		<provider>FAIR1M</provider>
		<author>Cyber</author>
		<pluginname>FAIR1M</pluginname>
		<pluginclass>object detection</pluginclass>
		<time>2021-07-21</time>
	</research>
	<size>
		<width>1000</width>
		<height>1000</height>
		<depth>3</depth>
	</size>
	<objects>
		<object>
			<coordinate>pixel</coordinate>
			<type>rectangle</type>
			<description>None</description>
			<possibleresult>
				<name>Small Car</name>
			</possibleresult>
			<points>
				<point>488.000031,0.000000</point>
				<point>487.330383,7.031465</point>
				<point>466.000061,5.000004</point>
				<point>466.476257,0.000000</point>
				<point>488.000031,0.000000</point>
			</points>
		</object>
		<object>
			<coordinate>pixel</coordinate>
			<type>rectangle</type>
			<description>None</description>
			<possibleresult>
				<name>Small Car</name>
			</possibleresult>
			<points>
				<point>555.000000,19.000000</point>
				<point>553.000000,27.000000</point>
				<point>530.000000,21.000000</point>
				<point>532.000000,13.000000</point>
				<point>555.000000,19.000000</point>
			</points>
		</object>
		<object>
			<coordinate>pixel</coordinate>
			<type>rectangle</type>
			<description>None</description>
			<possibleresult>
				<name>Van</name>
			</possibleresult>
			<points>
				<point>942.000000,19.000000</point>
				<point>941.000000,26.000000</point>
				<point>921.000000,23.000000</point>
				<point>922.000000,16.000000</point>
				<point>942.000000,19.000000</point>
			</points>
		</object>
		<object>
			<coordinate>pixel</coordinate>
			<type>rectangle</type>
			<description>None</description>
			<possibleresult>
				<name>Van</name>
			</possibleresult>
			<points>
				<point>971.000000,23.000000</point>
				<point>970.000000,31.000000</point>
				<point>951.000000,28.000000</point>
				<point>952.000000,21.000000</point>
				<point>971.000000,23.000000</point>
			</points>
		</object>
		<object>
			<coordinate>pixel</coordinate>
			<type>rectangle</type>
			<description>None</description>
			<possibleresult>
				<name>Van</name>
			</possibleresult>
			<points>
				<point>26.000000,813.000000</point>
				<point>25.000000,821.000000</point>
				<point>6.000000,820.000000</point>
				<point>6.000000,813.000000</point>
				<point>26.000000,813.000000</point>
			</points>
		</object>
		<object>
			<coordinate>pixel</coordinate>
			<type>rectangle</type>
			<description>None</description>
			<possibleresult>
				<name>Small Car</name>
			</possibleresult>
			<points>
				<point>118.000000,991.000000</point>
				<point>96.000000,989.000000</point>
				<point>96.000000,982.000000</point>
				<point>118.000000,984.000000</point>
				<point>118.000000,991.000000</point>
			</points>
		</object>
		<object>
			<coordinate>pixel</coordinate>
			<type>rectangle</type>
			<description>None</description>
			<possibleresult>
				<name>Van</name>
			</possibleresult>
			<points>
				<point>115.000000,992.000000</point>
				<point>114.000000,1000.000000</point>
				<point>95.000000,998.000000</point>
				<point>96.000000,990.000000</point>
				<point>115.000000,992.000000</point>
			</points>
		</object>
		<object>
			<coordinate>pixel</coordinate>
			<type>rectangle</type>
			<description>None</description>
			<possibleresult>
				<name>Van</name>
			</possibleresult>
			<points>
				<point>168.000000,879.000000</point>
				<point>167.000000,886.000000</point>
				<point>149.000000,884.000000</point>
				<point>150.000000,877.000000</point>
				<point>168.000000,879.000000</point>
			</points>
		</object>
		<object>
			<coordinate>pixel</coordinate>
			<type>rectangle</type>
			<description>None</description>
			<possibleresult>
				<name>Van</name>
			</possibleresult>
			<points>
				<point>171.000000,875.000000</point>
				<point>152.000000,875.000000</point>
				<point>152.000000,868.000000</point>
				<point>171.000000,869.000000</point>
				<point>171.000000,875.000000</point>
			</points>
		</object>
		<object>
			<coordinate>pixel</coordinate>
			<type>rectangle</type>
			<description>None</description>
			<possibleresult>
				<name>Small Car</name>
			</possibleresult>
			<points>
				<point>161.000000,853.000000</point>
				<point>149.000000,854.000000</point>
				<point>148.000000,847.000000</point>
				<point>161.000000,846.000000</point>
				<point>161.000000,853.000000</point>
			</points>
		</object>
		<object>
			<coordinate>pixel</coordinate>
			<type>rectangle</type>
			<description>None</description>
			<possibleresult>
				<name>Van</name>
			</possibleresult>
			<points>
				<point>207.000000,809.000000</point>
				<point>201.000000,809.000000</point>
				<point>200.000000,797.000000</point>
				<point>206.000000,796.000000</point>
				<point>207.000000,809.000000</point>
			</points>
		</object>
		<object>
			<coordinate>pixel</coordinate>
			<type>rectangle</type>
			<description>None</description>
			<possibleresult>
				<name>Van</name>
			</possibleresult>
			<points>
				<point>327.000000,904.000000</point>
				<point>303.000000,901.000000</point>
				<point>304.000000,893.000000</point>
				<point>327.000000,895.000000</point>
				<point>327.000000,904.000000</point>
			</points>
		</object>
		<object>
			<coordinate>pixel</coordinate>
			<type>rectangle</type>
			<description>None</description>
			<possibleresult>
				<name>Dump Truck</name>
			</possibleresult>
			<points>
				<point>321.000000,919.000000</point>
				<point>300.000000,919.000000</point>
				<point>300.000000,912.000000</point>
				<point>321.000000,912.000000</point>
				<point>321.000000,919.000000</point>
			</points>
		</object>
		<object>
			<coordinate>pixel</coordinate>
			<type>rectangle</type>
			<description>None</description>
			<possibleresult>
				<name>Van</name>
			</possibleresult>
			<points>
				<point>417.000000,883.000000</point>
				<point>403.000000,889.000000</point>
				<point>400.000000,883.000000</point>
				<point>414.000000,877.000000</point>
				<point>417.000000,883.000000</point>
			</points>
		</object>
		<object>
			<coordinate>pixel</coordinate>
			<type>rectangle</type>
			<description>None</description>
			<possibleresult>
				<name>Van</name>
			</possibleresult>
			<points>
				<point>316.000000,726.000000</point>
				<point>299.000000,736.000000</point>
				<point>295.000000,729.000000</point>
				<point>311.000000,719.000000</point>
				<point>316.000000,726.000000</point>
			</points>
		</object>
		<object>
			<coordinate>pixel</coordinate>
			<type>rectangle</type>
			<description>None</description>
			<possibleresult>
				<name>Van</name>
			</possibleresult>
			<points>
				<point>304.000000,647.000000</point>
				<point>303.000000,654.000000</point>
				<point>284.000000,653.000000</point>
				<point>285.000000,646.000000</point>
				<point>304.000000,647.000000</point>
			</points>
		</object>
		<object>
			<coordinate>pixel</coordinate>
			<type>rectangle</type>
			<description>None</description>
			<possibleresult>
				<name>Small Car</name>
			</possibleresult>
			<points>
				<point>308.000000,634.000000</point>
				<point>286.000000,632.000000</point>
				<point>286.000000,624.000000</point>
				<point>308.000000,626.000000</point>
				<point>308.000000,634.000000</point>
			</points>
		</object>
		<object>
			<coordinate>pixel</coordinate>
			<type>rectangle</type>
			<description>None</description>
			<possibleresult>
				<name>Small Car</name>
			</possibleresult>
			<points>
				<point>275.000000,643.000000</point>
				<point>254.000000,642.000000</point>
				<point>255.000000,636.000000</point>
				<point>275.000000,636.000000</point>
				<point>275.000000,643.000000</point>
			</points>
		</object>
		<object>
			<coordinate>pixel</coordinate>
			<type>rectangle</type>
			<description>None</description>
			<possibleresult>
				<name>Van</name>
			</possibleresult>
			<points>
				<point>98.000000,635.000000</point>
				<point>82.000000,637.000000</point>
				<point>81.000000,631.000000</point>
				<point>97.000000,628.000000</point>
				<point>98.000000,635.000000</point>
			</points>
		</object>
		<object>
			<coordinate>pixel</coordinate>
			<type>rectangle</type>
			<description>None</description>
			<possibleresult>
				<name>Van</name>
			</possibleresult>
			<points>
				<point>93.000000,645.000000</point>
				<point>76.000000,647.000000</point>
				<point>75.000000,640.000000</point>
				<point>93.000000,639.000000</point>
				<point>93.000000,645.000000</point>
			</points>
		</object>
		<object>
			<coordinate>pixel</coordinate>
			<type>rectangle</type>
			<description>None</description>
			<possibleresult>
				<name>Van</name>
			</possibleresult>
			<points>
				<point>135.000000,538.000000</point>
				<point>134.000000,545.000000</point>
				<point>118.000000,544.000000</point>
				<point>119.000000,536.000000</point>
				<point>135.000000,538.000000</point>
			</points>
		</object>
		<object>
			<coordinate>pixel</coordinate>
			<type>rectangle</type>
			<description>None</description>
			<possibleresult>
				<name>Van</name>
			</possibleresult>
			<points>
				<point>169.000000,455.000000</point>
				<point>166.000000,463.000000</point>
				<point>146.000000,458.000000</point>
				<point>148.000000,450.000000</point>
				<point>169.000000,455.000000</point>
			</points>
		</object>
		<object>
			<coordinate>pixel</coordinate>
			<type>rectangle</type>
			<description>None</description>
			<possibleresult>
				<name>Small Car</name>
			</possibleresult>
			<points>
				<point>312.000000,367.000000</point>
				<point>305.000000,384.000000</point>
				<point>298.000000,381.000000</point>
				<point>304.000000,365.000000</point>
				<point>312.000000,367.000000</point>
			</points>
		</object>
		<object>
			<coordinate>pixel</coordinate>
			<type>rectangle</type>
			<description>None</description>
			<possibleresult>
				<name>Van</name>
			</possibleresult>
			<points>
				<point>588.000000,427.000000</point>
				<point>584.000000,440.000000</point>
				<point>577.000000,438.000000</point>
				<point>581.000000,425.000000</point>
				<point>588.000000,427.000000</point>
			</points>
		</object>
		<object>
			<coordinate>pixel</coordinate>
			<type>rectangle</type>
			<description>None</description>
			<possibleresult>
				<name>Dump Truck</name>
			</possibleresult>
			<points>
				<point>708.000000,482.000000</point>
				<point>701.000000,503.000000</point>
				<point>691.000000,500.000000</point>
				<point>698.000000,479.000000</point>
				<point>708.000000,482.000000</point>
			</points>
		</object>
		<object>
			<coordinate>pixel</coordinate>
			<type>rectangle</type>
			<description>None</description>
			<possibleresult>
				<name>Van</name>
			</possibleresult>
			<points>
				<point>733.000000,463.000000</point>
				<point>725.000000,480.000000</point>
				<point>716.000000,475.000000</point>
				<point>724.000000,459.000000</point>
				<point>733.000000,463.000000</point>
			</points>
		</object>
		<object>
			<coordinate>pixel</coordinate>
			<type>rectangle</type>
			<description>None</description>
			<possibleresult>
				<name>Van</name>
			</possibleresult>
			<points>
				<point>799.000000,550.000000</point>
				<point>798.000000,557.000000</point>
				<point>777.000000,553.000000</point>
				<point>778.000000,546.000000</point>
				<point>799.000000,550.000000</point>
			</points>
		</object>
		<object>
			<coordinate>pixel</coordinate>
			<type>rectangle</type>
			<description>None</description>
			<possibleresult>
				<name>Van</name>
			</possibleresult>
			<points>
				<point>697.000000,741.000000</point>
				<point>692.000000,758.000000</point>
				<point>683.000000,756.000000</point>
				<point>687.000000,739.000000</point>
				<point>697.000000,741.000000</point>
			</points>
		</object>
		<object>
			<coordinate>pixel</coordinate>
			<type>rectangle</type>
			<description>None</description>
			<possibleresult>
				<name>Van</name>
			</possibleresult>
			<points>
				<point>596.000000,729.000000</point>
				<point>592.000000,747.000000</point>
				<point>583.000000,745.000000</point>
				<point>587.000000,726.000000</point>
				<point>596.000000,729.000000</point>
			</points>
		</object>
		<object>
			<coordinate>pixel</coordinate>
			<type>rectangle</type>
			<description>None</description>
			<possibleresult>
				<name>Van</name>
			</possibleresult>
			<points>
				<point>536.000000,736.000000</point>
				<point>533.000000,750.000000</point>
				<point>525.000000,749.000000</point>
				<point>528.000000,734.000000</point>
				<point>536.000000,736.000000</point>
			</points>
		</object>
		<object>
			<coordinate>pixel</coordinate>
			<type>rectangle</type>
			<description>None</description>
			<possibleresult>
				<name>Small Car</name>
			</possibleresult>
			<points>
				<point>524.000000,735.000000</point>
				<point>521.000000,747.000000</point>
				<point>514.000000,746.000000</point>
				<point>517.000000,733.000000</point>
				<point>524.000000,735.000000</point>
			</points>
		</object>
		<object>
			<coordinate>pixel</coordinate>
			<type>rectangle</type>
			<description>None</description>
			<possibleresult>
				<name>Dump Truck</name>
			</possibleresult>
			<points>
				<point>696.000000,831.000000</point>
				<point>691.000000,852.000000</point>
				<point>679.000000,849.000000</point>
				<point>685.000000,828.000000</point>
				<point>696.000000,831.000000</point>
			</points>
		</object>
		<object>
			<coordinate>pixel</coordinate>
			<type>rectangle</type>
			<description>None</description>
			<possibleresult>
				<name>Van</name>
			</possibleresult>
			<points>
				<point>732.000000,845.000000</point>
				<point>729.000000,862.000000</point>
				<point>720.000000,861.000000</point>
				<point>723.000000,844.000000</point>
				<point>732.000000,845.000000</point>
			</points>
		</object>
		<object>
			<coordinate>pixel</coordinate>
			<type>rectangle</type>
			<description>None</description>
			<possibleresult>
				<name>Van</name>
			</possibleresult>
			<points>
				<point>736.000000,828.000000</point>
				<point>732.000000,845.000000</point>
				<point>723.000000,843.000000</point>
				<point>726.000000,826.000000</point>
				<point>736.000000,828.000000</point>
			</points>
		</object>
		<object>
			<coordinate>pixel</coordinate>
			<type>rectangle</type>
			<description>None</description>
			<possibleresult>
				<name>Van</name>
			</possibleresult>
			<points>
				<point>707.000000,562.000000</point>
				<point>701.000000,578.000000</point>
				<point>691.000000,574.000000</point>
				<point>697.000000,558.000000</point>
				<point>707.000000,562.000000</point>
			</points>
		</object>
		<object>
			<coordinate>pixel</coordinate>
			<type>rectangle</type>
			<description>None</description>
			<possibleresult>
				<name>Small Car</name>
			</possibleresult>
			<points>
				<point>589.000000,533.000000</point>
				<point>582.000000,547.000000</point>
				<point>574.000000,543.000000</point>
				<point>581.000000,529.000000</point>
				<point>589.000000,533.000000</point>
			</points>
		</object>
	</objects>
</annotation>