<?xml version="1.0" encoding="utf-8"?>
<annotation>
	<source>
		<filename>16099.tif</filename>
		<origin>GF2/GF3</origin>
	</source>
	<research>
		<version>1.0</version>
		<provider>FAIR1M</provider>
		<author>Cyber</author>
		<pluginname>FAIR1M</pluginname>
		<pluginclass>object detection</pluginclass>
		<time>2021-07-21</time>
	</research>
	<size>
		<width>600</width>
		<height>800</height>
		<depth>4</depth>
	</size>
	<objects>
		<object>
			<coordinate>pixel</coordinate>
			<type>rectangle</type>
			<description>None</description>
			<possibleresult>
				<name>Small Car</name>
			</possibleresult>
			<points>
				<point>137.000000,535.000000</point>
				<point>129.000000,535.000000</point>
				<point>128.000000,520.000000</point>
				<point>137.000000,520.000000</point>
				<point>137.000000,535.000000</point>
			</points>
		</object>
		<object>
			<coordinate>pixel</coordinate>
			<type>rectangle</type>
			<description>None</description>
			<possibleresult>
				<name>Small Car</name>
			</possibleresult>
			<points>
				<point>15.000000,572.000000</point>
				<point>6.000000,572.000000</point>
				<point>6.000000,554.000000</point>
				<point>15.000000,554.000000</point>
				<point>15.000000,572.000000</point>
			</points>
		</object>
		<object>
			<coordinate>pixel</coordinate>
			<type>rectangle</type>
			<description>None</description>
			<possibleresult>
				<name>Small Car</name>
			</possibleresult>
			<points>
				<point>248.000000,441.000000</point>
				<point>223.000000,442.000000</point>
				<point>222.000000,434.000000</point>
				<point>248.000000,434.000000</point>
				<point>248.000000,441.000000</point>
			</points>
		</object>
		<object>
			<coordinate>pixel</coordinate>
			<type>rectangle</type>
			<description>None</description>
			<possibleresult>
				<name>Small Car</name>
			</possibleresult>
			<points>
				<point>350.000000,412.000000</point>
				<point>340.000000,412.000000</point>
				<point>340.000000,395.000000</point>
				<point>349.000000,395.000000</point>
				<point>350.000000,412.000000</point>
			</points>
		</object>
		<object>
			<coordinate>pixel</coordinate>
			<type>rectangle</type>
			<description>None</description>
			<possibleresult>
				<name>Van</name>
			</possibleresult>
			<points>
				<point>271.000000,521.000000</point>
				<point>270.000000,536.000000</point>
				<point>262.000000,535.000000</point>
				<point>262.000000,521.000000</point>
				<point>271.000000,521.000000</point>
			</points>
		</object>
		<object>
			<coordinate>pixel</coordinate>
			<type>rectangle</type>
			<description>None</description>
			<possibleresult>
				<name>Van</name>
			</possibleresult>
			<points>
				<point>260.000000,535.000000</point>
				<point>252.000000,535.000000</point>
				<point>253.000000,522.000000</point>
				<point>260.000000,522.000000</point>
				<point>260.000000,535.000000</point>
			</points>
		</object>
		<object>
			<coordinate>pixel</coordinate>
			<type>rectangle</type>
			<description>None</description>
			<possibleresult>
				<name>Van</name>
			</possibleresult>
			<points>
				<point>194.000000,536.000000</point>
				<point>185.000000,536.000000</point>
				<point>185.000000,521.000000</point>
				<point>193.000000,521.000000</point>
				<point>194.000000,536.000000</point>
			</points>
		</object>
		<object>
			<coordinate>pixel</coordinate>
			<type>rectangle</type>
			<description>None</description>
			<possibleresult>
				<name>Small Car</name>
			</possibleresult>
			<points>
				<point>108.000000,615.000000</point>
				<point>85.000000,615.000000</point>
				<point>85.000000,608.000000</point>
				<point>108.000000,608.000000</point>
				<point>108.000000,615.000000</point>
			</points>
		</object>
		<object>
			<coordinate>pixel</coordinate>
			<type>rectangle</type>
			<description>None</description>
			<possibleresult>
				<name>Small Car</name>
			</possibleresult>
			<points>
				<point>18.000000,707.000000</point>
				<point>9.000000,708.000000</point>
				<point>7.000000,689.000000</point>
				<point>17.000000,689.000000</point>
				<point>18.000000,707.000000</point>
			</points>
		</object>
		<object>
			<coordinate>pixel</coordinate>
			<type>rectangle</type>
			<description>None</description>
			<possibleresult>
				<name>Van</name>
			</possibleresult>
			<points>
				<point>155.000000,774.000000</point>
				<point>146.000000,797.000000</point>
				<point>136.000000,793.000000</point>
				<point>144.000000,770.000000</point>
				<point>155.000000,774.000000</point>
			</points>
		</object>
		<object>
			<coordinate>pixel</coordinate>
			<type>rectangle</type>
			<description>None</description>
			<possibleresult>
				<name>Van</name>
			</possibleresult>
			<points>
				<point>257.000000,721.000000</point>
				<point>246.000000,720.000000</point>
				<point>247.000000,703.000000</point>
				<point>257.000000,703.000000</point>
				<point>257.000000,721.000000</point>
			</points>
		</object>
		<object>
			<coordinate>pixel</coordinate>
			<type>rectangle</type>
			<description>None</description>
			<possibleresult>
				<name>Dump Truck</name>
			</possibleresult>
			<points>
				<point>416.000000,668.000000</point>
				<point>407.000000,668.000000</point>
				<point>407.000000,652.000000</point>
				<point>416.000000,652.000000</point>
				<point>416.000000,668.000000</point>
			</points>
		</object>
		<object>
			<coordinate>pixel</coordinate>
			<type>rectangle</type>
			<description>None</description>
			<possibleresult>
				<name>Van</name>
			</possibleresult>
			<points>
				<point>514.000000,675.000000</point>
				<point>503.000000,674.000000</point>
				<point>504.000000,658.000000</point>
				<point>514.000000,659.000000</point>
				<point>514.000000,675.000000</point>
			</points>
		</object>
		<object>
			<coordinate>pixel</coordinate>
			<type>rectangle</type>
			<description>None</description>
			<possibleresult>
				<name>Van</name>
			</possibleresult>
			<points>
				<point>476.000000,723.000000</point>
				<point>467.000000,723.000000</point>
				<point>466.000000,706.000000</point>
				<point>475.000000,706.000000</point>
				<point>476.000000,723.000000</point>
			</points>
		</object>
		<object>
			<coordinate>pixel</coordinate>
			<type>rectangle</type>
			<description>None</description>
			<possibleresult>
				<name>Dump Truck</name>
			</possibleresult>
			<points>
				<point>472.000000,775.000000</point>
				<point>451.000000,775.000000</point>
				<point>451.000000,766.000000</point>
				<point>472.000000,766.000000</point>
				<point>472.000000,775.000000</point>
			</points>
		</object>
		<object>
			<coordinate>pixel</coordinate>
			<type>rectangle</type>
			<description>None</description>
			<possibleresult>
				<name>Small Car</name>
			</possibleresult>
			<points>
				<point>474.000000,793.000000</point>
				<point>453.000000,794.000000</point>
				<point>453.000000,787.000000</point>
				<point>474.000000,787.000000</point>
				<point>474.000000,793.000000</point>
			</points>
		</object>
		<object>
			<coordinate>pixel</coordinate>
			<type>rectangle</type>
			<description>None</description>
			<possibleresult>
				<name>Small Car</name>
			</possibleresult>
			<points>
				<point>373.000000,769.000000</point>
				<point>353.000000,783.000000</point>
				<point>348.000000,776.000000</point>
				<point>368.000000,762.000000</point>
				<point>373.000000,769.000000</point>
			</points>
		</object>
		<object>
			<coordinate>pixel</coordinate>
			<type>rectangle</type>
			<description>None</description>
			<possibleresult>
				<name>Van</name>
			</possibleresult>
			<points>
				<point>18.000000,115.000000</point>
				<point>8.000000,115.000000</point>
				<point>9.000000,99.000000</point>
				<point>18.000000,99.000000</point>
				<point>18.000000,115.000000</point>
			</points>
		</object>
		<object>
			<coordinate>pixel</coordinate>
			<type>rectangle</type>
			<description>None</description>
			<possibleresult>
				<name>Intersection</name>
			</possibleresult>
			<points>
				<point>466.000000,106.000000</point>
				<point>407.000000,105.000000</point>
				<point>407.000000,41.000000</point>
				<point>466.000000,42.000000</point>
				<point>466.000000,106.000000</point>
			</points>
		</object>
		<object>
			<coordinate>pixel</coordinate>
			<type>rectangle</type>
			<description>None</description>
			<possibleresult>
				<name>Small Car</name>
			</possibleresult>
			<points>
				<point>268.000000,17.000000</point>
				<point>248.000000,18.000000</point>
				<point>248.000000,11.000000</point>
				<point>268.000000,10.000000</point>
				<point>268.000000,17.000000</point>
			</points>
		</object>
		<object>
			<coordinate>pixel</coordinate>
			<type>rectangle</type>
			<description>None</description>
			<possibleresult>
				<name>Van</name>
			</possibleresult>
			<points>
				<point>270.000000,9.000000</point>
				<point>248.000000,9.000000</point>
				<point>248.000000,0.000000</point>
				<point>270.000000,0.000000</point>
				<point>270.000000,9.000000</point>
			</points>
		</object>
		<object>
			<coordinate>pixel</coordinate>
			<type>rectangle</type>
			<description>None</description>
			<possibleresult>
				<name>Small Car</name>
			</possibleresult>
			<points>
				<point>376.000000,12.000000</point>
				<point>359.000000,13.000000</point>
				<point>359.000000,7.000000</point>
				<point>376.000000,6.000000</point>
				<point>376.000000,12.000000</point>
			</points>
		</object>
		<object>
			<coordinate>pixel</coordinate>
			<type>rectangle</type>
			<description>None</description>
			<possibleresult>
				<name>Small Car</name>
			</possibleresult>
			<points>
				<point>417.000000,17.000000</point>
				<point>409.000000,17.000000</point>
				<point>410.000000,0.000000</point>
				<point>417.000000,0.000000</point>
				<point>417.000000,17.000000</point>
			</points>
		</object>
		<object>
			<coordinate>pixel</coordinate>
			<type>rectangle</type>
			<description>None</description>
			<possibleresult>
				<name>Van</name>
			</possibleresult>
			<points>
				<point>353.000000,215.000000</point>
				<point>342.000000,216.000000</point>
				<point>340.000000,193.000000</point>
				<point>350.000000,192.000000</point>
				<point>353.000000,215.000000</point>
			</points>
		</object>
		<object>
			<coordinate>pixel</coordinate>
			<type>rectangle</type>
			<description>None</description>
			<possibleresult>
				<name>Van</name>
			</possibleresult>
			<points>
				<point>580.000000,187.000000</point>
				<point>576.000000,204.000000</point>
				<point>567.000000,202.000000</point>
				<point>571.000000,185.000000</point>
				<point>580.000000,187.000000</point>
			</points>
		</object>
		<object>
			<coordinate>pixel</coordinate>
			<type>rectangle</type>
			<description>None</description>
			<possibleresult>
				<name>Van</name>
			</possibleresult>
			<points>
				<point>576.000000,226.000000</point>
				<point>568.000000,226.000000</point>
				<point>568.000000,209.000000</point>
				<point>576.000000,209.000000</point>
				<point>576.000000,226.000000</point>
			</points>
		</object>
		<object>
			<coordinate>pixel</coordinate>
			<type>rectangle</type>
			<description>None</description>
			<possibleresult>
				<name>Van</name>
			</possibleresult>
			<points>
				<point>567.000000,227.000000</point>
				<point>559.000000,228.000000</point>
				<point>557.000000,210.000000</point>
				<point>564.000000,209.000000</point>
				<point>567.000000,227.000000</point>
			</points>
		</object>
		<object>
			<coordinate>pixel</coordinate>
			<type>rectangle</type>
			<description>None</description>
			<possibleresult>
				<name>Dump Truck</name>
			</possibleresult>
			<points>
				<point>555.000000,184.000000</point>
				<point>554.000000,198.000000</point>
				<point>545.000000,197.000000</point>
				<point>546.000000,183.000000</point>
				<point>555.000000,184.000000</point>
			</points>
		</object>
	</objects>
</annotation>