<?xml version="1.0" encoding="utf-8"?>
<annotation>
	<source>
		<filename>16154.tif</filename>
		<origin>GF2/GF3</origin>
	</source>
	<research>
		<version>1.0</version>
		<provider>FAIR1M</provider>
		<author>Cyber</author>
		<pluginname>FAIR1M</pluginname>
		<pluginclass>object detection</pluginclass>
		<time>2021-07-21</time>
	</research>
	<size>
		<width>1000</width>
		<height>1000</height>
		<depth>3</depth>
	</size>
	<objects>
		<object>
			<coordinate>pixel</coordinate>
			<type>rectangle</type>
			<description>None</description>
			<possibleresult>
				<name>Boeing737</name>
			</possibleresult>
			<points>
				<point>-13.000000,884.000000</point>
				<point>-11.000000,926.000000</point>
				<point>31.000000,924.000000</point>
				<point>29.000000,882.000000</point>
				<point>-13.000000,884.000000</point>
			</points>
		</object>
		<object>
			<coordinate>pixel</coordinate>
			<type>rectangle</type>
			<description>None</description>
			<possibleresult>
				<name>other-airplane</name>
			</possibleresult>
			<points>
				<point>60.000000,733.000000</point>
				<point>86.000000,702.000000</point>
				<point>51.000000,672.000000</point>
				<point>24.000000,703.000000</point>
				<point>60.000000,733.000000</point>
			</points>
		</object>
		<object>
			<coordinate>pixel</coordinate>
			<type>rectangle</type>
			<description>None</description>
			<possibleresult>
				<name>other-airplane</name>
			</possibleresult>
			<points>
				<point>100.000000,816.000000</point>
				<point>145.000000,808.000000</point>
				<point>137.000000,762.000000</point>
				<point>92.000000,770.000000</point>
				<point>100.000000,816.000000</point>
			</points>
		</object>
		<object>
			<coordinate>pixel</coordinate>
			<type>rectangle</type>
			<description>None</description>
			<possibleresult>
				<name>A220</name>
			</possibleresult>
			<points>
				<point>192.000000,523.000000</point>
				<point>226.000000,555.000000</point>
				<point>253.000000,526.000000</point>
				<point>219.000000,494.000000</point>
				<point>192.000000,523.000000</point>
			</points>
		</object>
		<object>
			<coordinate>pixel</coordinate>
			<type>rectangle</type>
			<description>None</description>
			<possibleresult>
				<name>A220</name>
			</possibleresult>
			<points>
				<point>491.000000,344.000000</point>
				<point>526.000000,378.000000</point>
				<point>553.000000,349.000000</point>
				<point>518.000000,316.000000</point>
				<point>491.000000,344.000000</point>
			</points>
		</object>
		<object>
			<coordinate>pixel</coordinate>
			<type>rectangle</type>
			<description>None</description>
			<possibleresult>
				<name>A220</name>
			</possibleresult>
			<points>
				<point>732.000000,50.000000</point>
				<point>765.000000,81.000000</point>
				<point>794.000000,51.000000</point>
				<point>761.000000,19.000000</point>
				<point>732.000000,50.000000</point>
			</points>
		</object>
	</objects>
</annotation>