<?xml version="1.0" encoding="utf-8"?>
<annotation>
	<source>
		<filename>16158.tif</filename>
		<origin>GF2/GF3</origin>
	</source>
	<research>
		<version>1.0</version>
		<provider>FAIR1M</provider>
		<author>Cyber</author>
		<pluginname>FAIR1M</pluginname>
		<pluginclass>object detection</pluginclass>
		<time>2021-07-21</time>
	</research>
	<size>
		<width>800</width>
		<height>600</height>
		<depth>3</depth>
	</size>
	<objects>
		<object>
			<coordinate>pixel</coordinate>
			<type>rectangle</type>
			<description>None</description>
			<possibleresult>
				<name>Boeing777</name>
			</possibleresult>
			<points>
				<point>634.848633,88.085800</point>
				<point>594.000000,16.000015</point>
				<point>684.151367,-35.085804</point>
				<point>725.000000,36.999981</point>
				<point>634.848633,88.085800</point>
			</points>
		</object>
		<object>
			<coordinate>pixel</coordinate>
			<type>rectangle</type>
			<description>None</description>
			<possibleresult>
				<name>Boeing777</name>
			</possibleresult>
			<points>
				<point>767.000000,118.000000</point>
				<point>679.000000,165.000000</point>
				<point>639.000000,92.000000</point>
				<point>727.000000,44.000000</point>
				<point>767.000000,118.000000</point>
			</points>
		</object>
		<object>
			<coordinate>pixel</coordinate>
			<type>rectangle</type>
			<description>None</description>
			<possibleresult>
				<name>A330</name>
			</possibleresult>
			<points>
				<point>799.000000,198.000000</point>
				<point>730.000000,236.000000</point>
				<point>692.000000,167.000000</point>
				<point>760.000000,129.000000</point>
				<point>799.000000,198.000000</point>
			</points>
		</object>
	</objects>
</annotation>