<?xml version="1.0" encoding="utf-8"?>
<annotation>
	<source>
		<filename>16204.tif</filename>
		<origin>GF2/GF3</origin>
	</source>
	<research>
		<version>1.0</version>
		<provider>FAIR1M</provider>
		<author>Cyber</author>
		<pluginname>FAIR1M</pluginname>
		<pluginclass>object detection</pluginclass>
		<time>2021-07-21</time>
	</research>
	<size>
		<width>600</width>
		<height>800</height>
		<depth>3</depth>
	</size>
	<objects>
		<object>
			<coordinate>pixel</coordinate>
			<type>rectangle</type>
			<description>None</description>
			<possibleresult>
				<name>other-airplane</name>
			</possibleresult>
			<points>
				<point>116.000000,447.000000</point>
				<point>89.000000,477.000000</point>
				<point>61.000000,451.000000</point>
				<point>87.000000,422.000000</point>
				<point>116.000000,447.000000</point>
			</points>
		</object>
		<object>
			<coordinate>pixel</coordinate>
			<type>rectangle</type>
			<description>None</description>
			<possibleresult>
				<name>A321</name>
			</possibleresult>
			<points>
				<point>533.000000,130.000000</point>
				<point>503.000000,163.000000</point>
				<point>462.000000,125.000000</point>
				<point>492.000000,92.000000</point>
				<point>533.000000,130.000000</point>
			</points>
		</object>
	</objects>
</annotation>