<?xml version="1.0" encoding="utf-8"?>
<annotation>
	<source>
		<filename>16247.tif</filename>
		<origin>GF2/GF3</origin>
	</source>
	<research>
		<version>1.0</version>
		<provider>FAIR1M</provider>
		<author>Cyber</author>
		<pluginname>FAIR1M</pluginname>
		<pluginclass>object detection</pluginclass>
		<time>2021-07-21</time>
	</research>
	<size>
		<width>1000</width>
		<height>1000</height>
		<depth>3</depth>
	</size>
	<objects>
		<object>
			<coordinate>pixel</coordinate>
			<type>rectangle</type>
			<description>None</description>
			<possibleresult>
				<name>Small Car</name>
			</possibleresult>
			<points>
				<point>234.000000,488.000000</point>
				<point>225.000000,488.000000</point>
				<point>225.000000,473.000000</point>
				<point>233.000000,473.000000</point>
				<point>234.000000,488.000000</point>
			</points>
		</object>
		<object>
			<coordinate>pixel</coordinate>
			<type>rectangle</type>
			<description>None</description>
			<possibleresult>
				<name>Small Car</name>
			</possibleresult>
			<points>
				<point>265.000000,238.000000</point>
				<point>255.000000,238.000000</point>
				<point>255.000000,222.000000</point>
				<point>265.000000,221.000000</point>
				<point>265.000000,238.000000</point>
			</points>
		</object>
		<object>
			<coordinate>pixel</coordinate>
			<type>rectangle</type>
			<description>None</description>
			<possibleresult>
				<name>Small Car</name>
			</possibleresult>
			<points>
				<point>88.000000,74.000000</point>
				<point>67.000000,72.000000</point>
				<point>67.000000,64.000000</point>
				<point>88.000000,66.000000</point>
				<point>88.000000,74.000000</point>
			</points>
		</object>
		<object>
			<coordinate>pixel</coordinate>
			<type>rectangle</type>
			<description>None</description>
			<possibleresult>
				<name>Small Car</name>
			</possibleresult>
			<points>
				<point>366.000000,73.000000</point>
				<point>343.000000,74.000000</point>
				<point>343.000000,66.000000</point>
				<point>365.000000,65.000000</point>
				<point>366.000000,73.000000</point>
			</points>
		</object>
		<object>
			<coordinate>pixel</coordinate>
			<type>rectangle</type>
			<description>None</description>
			<possibleresult>
				<name>Small Car</name>
			</possibleresult>
			<points>
				<point>446.000000,74.000000</point>
				<point>424.000000,74.000000</point>
				<point>424.000000,66.000000</point>
				<point>446.000000,66.000000</point>
				<point>446.000000,74.000000</point>
			</points>
		</object>
		<object>
			<coordinate>pixel</coordinate>
			<type>rectangle</type>
			<description>None</description>
			<possibleresult>
				<name>Van</name>
			</possibleresult>
			<points>
				<point>468.000000,74.000000</point>
				<point>447.000000,74.000000</point>
				<point>447.000000,65.000000</point>
				<point>468.000000,65.000000</point>
				<point>468.000000,74.000000</point>
			</points>
		</object>
		<object>
			<coordinate>pixel</coordinate>
			<type>rectangle</type>
			<description>None</description>
			<possibleresult>
				<name>Van</name>
			</possibleresult>
			<points>
				<point>625.000000,75.000000</point>
				<point>607.000000,75.000000</point>
				<point>607.000000,68.000000</point>
				<point>625.000000,68.000000</point>
				<point>625.000000,75.000000</point>
			</points>
		</object>
		<object>
			<coordinate>pixel</coordinate>
			<type>rectangle</type>
			<description>None</description>
			<possibleresult>
				<name>Van</name>
			</possibleresult>
			<points>
				<point>694.000000,74.000000</point>
				<point>672.000000,75.000000</point>
				<point>672.000000,68.000000</point>
				<point>693.000000,67.000000</point>
				<point>694.000000,74.000000</point>
			</points>
		</object>
		<object>
			<coordinate>pixel</coordinate>
			<type>rectangle</type>
			<description>None</description>
			<possibleresult>
				<name>Small Car</name>
			</possibleresult>
			<points>
				<point>764.000000,950.000000</point>
				<point>763.000000,963.000000</point>
				<point>754.000000,963.000000</point>
				<point>754.000000,950.000000</point>
				<point>764.000000,950.000000</point>
			</points>
		</object>
		<object>
			<coordinate>pixel</coordinate>
			<type>rectangle</type>
			<description>None</description>
			<possibleresult>
				<name>Small Car</name>
			</possibleresult>
			<points>
				<point>763.000000,920.000000</point>
				<point>753.000000,920.000000</point>
				<point>754.000000,907.000000</point>
				<point>763.000000,907.000000</point>
				<point>763.000000,920.000000</point>
			</points>
		</object>
		<object>
			<coordinate>pixel</coordinate>
			<type>rectangle</type>
			<description>None</description>
			<possibleresult>
				<name>Van</name>
			</possibleresult>
			<points>
				<point>936.000000,74.000000</point>
				<point>916.000000,74.000000</point>
				<point>916.000000,67.000000</point>
				<point>936.000000,68.000000</point>
				<point>936.000000,74.000000</point>
			</points>
		</object>
		<object>
			<coordinate>pixel</coordinate>
			<type>rectangle</type>
			<description>None</description>
			<possibleresult>
				<name>Van</name>
			</possibleresult>
			<points>
				<point>978.000000,74.000000</point>
				<point>961.000000,74.000000</point>
				<point>961.000000,67.000000</point>
				<point>978.000000,67.000000</point>
				<point>978.000000,74.000000</point>
			</points>
		</object>
		<object>
			<coordinate>pixel</coordinate>
			<type>rectangle</type>
			<description>None</description>
			<possibleresult>
				<name>Small Car</name>
			</possibleresult>
			<points>
				<point>1000.000000,752.000000</point>
				<point>983.000000,752.000000</point>
				<point>983.000000,744.000000</point>
				<point>1000.000000,744.000000</point>
				<point>1000.000000,752.000000</point>
			</points>
		</object>
		<object>
			<coordinate>pixel</coordinate>
			<type>rectangle</type>
			<description>None</description>
			<possibleresult>
				<name>Van</name>
			</possibleresult>
			<points>
				<point>943.000000,744.000000</point>
				<point>942.000000,752.000000</point>
				<point>921.000000,750.000000</point>
				<point>922.000000,742.000000</point>
				<point>943.000000,744.000000</point>
			</points>
		</object>
		<object>
			<coordinate>pixel</coordinate>
			<type>rectangle</type>
			<description>None</description>
			<possibleresult>
				<name>Small Car</name>
			</possibleresult>
			<points>
				<point>764.000000,672.000000</point>
				<point>755.000000,672.000000</point>
				<point>755.000000,655.000000</point>
				<point>764.000000,655.000000</point>
				<point>764.000000,672.000000</point>
			</points>
		</object>
		<object>
			<coordinate>pixel</coordinate>
			<type>rectangle</type>
			<description>None</description>
			<possibleresult>
				<name>Small Car</name>
			</possibleresult>
			<points>
				<point>794.000000,549.000000</point>
				<point>785.000000,549.000000</point>
				<point>784.000000,535.000000</point>
				<point>793.000000,535.000000</point>
				<point>794.000000,549.000000</point>
			</points>
		</object>
		<object>
			<coordinate>pixel</coordinate>
			<type>rectangle</type>
			<description>None</description>
			<possibleresult>
				<name>Van</name>
			</possibleresult>
			<points>
				<point>1000.000000,522.238159</point>
				<point>983.382385,523.029480</point>
				<point>983.000061,515.000061</point>
				<point>1000.000000,514.190552</point>
				<point>1000.000000,522.238159</point>
			</points>
		</object>
		<object>
			<coordinate>pixel</coordinate>
			<type>rectangle</type>
			<description>None</description>
			<possibleresult>
				<name>Intersection</name>
			</possibleresult>
			<points>
				<point>274.000000,757.000000</point>
				<point>215.000000,757.000000</point>
				<point>215.000000,715.000000</point>
				<point>274.000000,716.000000</point>
				<point>274.000000,757.000000</point>
			</points>
		</object>
		<object>
			<coordinate>pixel</coordinate>
			<type>rectangle</type>
			<description>None</description>
			<possibleresult>
				<name>Intersection</name>
			</possibleresult>
			<points>
				<point>800.000000,762.000000</point>
				<point>742.000000,762.000000</point>
				<point>742.000000,717.000000</point>
				<point>800.000000,717.000000</point>
				<point>800.000000,762.000000</point>
			</points>
		</object>
		<object>
			<coordinate>pixel</coordinate>
			<type>rectangle</type>
			<description>None</description>
			<possibleresult>
				<name>Van</name>
			</possibleresult>
			<points>
				<point>868.000000,753.000000</point>
				<point>846.000000,752.000000</point>
				<point>846.000000,742.000000</point>
				<point>868.000000,743.000000</point>
				<point>868.000000,753.000000</point>
			</points>
		</object>
	</objects>
</annotation>