<?xml version="1.0" encoding="utf-8"?>
<annotation>
	<source>
		<filename>16288.tif</filename>
		<origin>GF2/GF3</origin>
	</source>
	<research>
		<version>1.0</version>
		<provider>FAIR1M</provider>
		<author>Cyber</author>
		<pluginname>FAIR1M</pluginname>
		<pluginclass>object detection</pluginclass>
		<time>2021-07-21</time>
	</research>
	<size>
		<width>1000</width>
		<height>1000</height>
		<depth>3</depth>
	</size>
	<objects>
		<object>
			<coordinate>pixel</coordinate>
			<type>rectangle</type>
			<description>None</description>
			<possibleresult>
				<name>Small Car</name>
			</possibleresult>
			<points>
				<point>485.000000,872.000000</point>
				<point>478.000000,875.000000</point>
				<point>470.000000,857.000000</point>
				<point>477.000000,854.000000</point>
				<point>485.000000,872.000000</point>
			</points>
		</object>
		<object>
			<coordinate>pixel</coordinate>
			<type>rectangle</type>
			<description>None</description>
			<possibleresult>
				<name>Small Car</name>
			</possibleresult>
			<points>
				<point>475.000000,876.000000</point>
				<point>467.000000,879.000000</point>
				<point>461.000000,862.000000</point>
				<point>468.000000,859.000000</point>
				<point>475.000000,876.000000</point>
			</points>
		</object>
		<object>
			<coordinate>pixel</coordinate>
			<type>rectangle</type>
			<description>None</description>
			<possibleresult>
				<name>Small Car</name>
			</possibleresult>
			<points>
				<point>464.000000,878.000000</point>
				<point>457.000000,881.000000</point>
				<point>452.000000,866.000000</point>
				<point>459.000000,863.000000</point>
				<point>464.000000,878.000000</point>
			</points>
		</object>
		<object>
			<coordinate>pixel</coordinate>
			<type>rectangle</type>
			<description>None</description>
			<possibleresult>
				<name>Small Car</name>
			</possibleresult>
			<points>
				<point>452.000000,881.000000</point>
				<point>445.000000,884.000000</point>
				<point>438.000000,868.000000</point>
				<point>446.000000,865.000000</point>
				<point>452.000000,881.000000</point>
			</points>
		</object>
		<object>
			<coordinate>pixel</coordinate>
			<type>rectangle</type>
			<description>None</description>
			<possibleresult>
				<name>Small Car</name>
			</possibleresult>
			<points>
				<point>440.000000,883.000000</point>
				<point>431.000000,886.000000</point>
				<point>425.000000,870.000000</point>
				<point>433.000000,867.000000</point>
				<point>440.000000,883.000000</point>
			</points>
		</object>
		<object>
			<coordinate>pixel</coordinate>
			<type>rectangle</type>
			<description>None</description>
			<possibleresult>
				<name>Van</name>
			</possibleresult>
			<points>
				<point>647.000000,869.000000</point>
				<point>638.000000,873.000000</point>
				<point>631.000000,858.000000</point>
				<point>640.000000,854.000000</point>
				<point>647.000000,869.000000</point>
			</points>
		</object>
		<object>
			<coordinate>pixel</coordinate>
			<type>rectangle</type>
			<description>None</description>
			<possibleresult>
				<name>Van</name>
			</possibleresult>
			<points>
				<point>637.000000,873.000000</point>
				<point>628.000000,877.000000</point>
				<point>621.000000,862.000000</point>
				<point>629.000000,858.000000</point>
				<point>637.000000,873.000000</point>
			</points>
		</object>
		<object>
			<coordinate>pixel</coordinate>
			<type>rectangle</type>
			<description>None</description>
			<possibleresult>
				<name>Small Car</name>
			</possibleresult>
			<points>
				<point>591.000000,886.000000</point>
				<point>582.000000,890.000000</point>
				<point>574.000000,874.000000</point>
				<point>582.000000,869.000000</point>
				<point>591.000000,886.000000</point>
			</points>
		</object>
		<object>
			<coordinate>pixel</coordinate>
			<type>rectangle</type>
			<description>None</description>
			<possibleresult>
				<name>Small Car</name>
			</possibleresult>
			<points>
				<point>577.000000,889.000000</point>
				<point>569.000000,892.000000</point>
				<point>562.000000,876.000000</point>
				<point>571.000000,872.000000</point>
				<point>577.000000,889.000000</point>
			</points>
		</object>
		<object>
			<coordinate>pixel</coordinate>
			<type>rectangle</type>
			<description>None</description>
			<possibleresult>
				<name>Van</name>
			</possibleresult>
			<points>
				<point>570.000000,896.000000</point>
				<point>562.000000,900.000000</point>
				<point>553.000000,883.000000</point>
				<point>561.000000,879.000000</point>
				<point>570.000000,896.000000</point>
			</points>
		</object>
		<object>
			<coordinate>pixel</coordinate>
			<type>rectangle</type>
			<description>None</description>
			<possibleresult>
				<name>Van</name>
			</possibleresult>
			<points>
				<point>558.000000,899.000000</point>
				<point>549.000000,903.000000</point>
				<point>543.000000,888.000000</point>
				<point>551.000000,884.000000</point>
				<point>558.000000,899.000000</point>
			</points>
		</object>
		<object>
			<coordinate>pixel</coordinate>
			<type>rectangle</type>
			<description>None</description>
			<possibleresult>
				<name>Small Car</name>
			</possibleresult>
			<points>
				<point>544.000000,900.000000</point>
				<point>536.000000,904.000000</point>
				<point>529.000000,887.000000</point>
				<point>538.000000,884.000000</point>
				<point>544.000000,900.000000</point>
			</points>
		</object>
		<object>
			<coordinate>pixel</coordinate>
			<type>rectangle</type>
			<description>None</description>
			<possibleresult>
				<name>Small Car</name>
			</possibleresult>
			<points>
				<point>533.000000,904.000000</point>
				<point>525.000000,908.000000</point>
				<point>517.000000,891.000000</point>
				<point>525.000000,888.000000</point>
				<point>533.000000,904.000000</point>
			</points>
		</object>
		<object>
			<coordinate>pixel</coordinate>
			<type>rectangle</type>
			<description>None</description>
			<possibleresult>
				<name>Small Car</name>
			</possibleresult>
			<points>
				<point>522.000000,906.000000</point>
				<point>513.000000,910.000000</point>
				<point>507.000000,895.000000</point>
				<point>516.000000,891.000000</point>
				<point>522.000000,906.000000</point>
			</points>
		</object>
		<object>
			<coordinate>pixel</coordinate>
			<type>rectangle</type>
			<description>None</description>
			<possibleresult>
				<name>Small Car</name>
			</possibleresult>
			<points>
				<point>511.000000,913.000000</point>
				<point>503.000000,916.000000</point>
				<point>496.000000,900.000000</point>
				<point>504.000000,896.000000</point>
				<point>511.000000,913.000000</point>
			</points>
		</object>
		<object>
			<coordinate>pixel</coordinate>
			<type>rectangle</type>
			<description>None</description>
			<possibleresult>
				<name>Van</name>
			</possibleresult>
			<points>
				<point>500.000000,916.000000</point>
				<point>491.000000,919.000000</point>
				<point>485.000000,902.000000</point>
				<point>494.000000,898.000000</point>
				<point>500.000000,916.000000</point>
			</points>
		</object>
		<object>
			<coordinate>pixel</coordinate>
			<type>rectangle</type>
			<description>None</description>
			<possibleresult>
				<name>Small Car</name>
			</possibleresult>
			<points>
				<point>489.000000,919.000000</point>
				<point>480.000000,923.000000</point>
				<point>472.000000,904.000000</point>
				<point>481.000000,900.000000</point>
				<point>489.000000,919.000000</point>
			</points>
		</object>
		<object>
			<coordinate>pixel</coordinate>
			<type>rectangle</type>
			<description>None</description>
			<possibleresult>
				<name>Van</name>
			</possibleresult>
			<points>
				<point>465.000000,925.000000</point>
				<point>457.000000,928.000000</point>
				<point>451.000000,912.000000</point>
				<point>459.000000,909.000000</point>
				<point>465.000000,925.000000</point>
			</points>
		</object>
		<object>
			<coordinate>pixel</coordinate>
			<type>rectangle</type>
			<description>None</description>
			<possibleresult>
				<name>Small Car</name>
			</possibleresult>
			<points>
				<point>430.000000,931.000000</point>
				<point>421.000000,933.000000</point>
				<point>417.000000,917.000000</point>
				<point>425.000000,915.000000</point>
				<point>430.000000,931.000000</point>
			</points>
		</object>
		<object>
			<coordinate>pixel</coordinate>
			<type>rectangle</type>
			<description>None</description>
			<possibleresult>
				<name>Van</name>
			</possibleresult>
			<points>
				<point>407.000000,938.000000</point>
				<point>397.000000,941.000000</point>
				<point>391.000000,923.000000</point>
				<point>401.000000,920.000000</point>
				<point>407.000000,938.000000</point>
			</points>
		</object>
		<object>
			<coordinate>pixel</coordinate>
			<type>rectangle</type>
			<description>None</description>
			<possibleresult>
				<name>Van</name>
			</possibleresult>
			<points>
				<point>308.000000,905.000000</point>
				<point>300.000000,906.000000</point>
				<point>299.000000,888.000000</point>
				<point>308.000000,888.000000</point>
				<point>308.000000,905.000000</point>
			</points>
		</object>
		<object>
			<coordinate>pixel</coordinate>
			<type>rectangle</type>
			<description>None</description>
			<possibleresult>
				<name>Small Car</name>
			</possibleresult>
			<points>
				<point>319.000000,948.000000</point>
				<point>310.000000,949.000000</point>
				<point>308.000000,933.000000</point>
				<point>316.000000,932.000000</point>
				<point>319.000000,948.000000</point>
			</points>
		</object>
		<object>
			<coordinate>pixel</coordinate>
			<type>rectangle</type>
			<description>None</description>
			<possibleresult>
				<name>Small Car</name>
			</possibleresult>
			<points>
				<point>294.000000,954.000000</point>
				<point>286.000000,955.000000</point>
				<point>285.000000,939.000000</point>
				<point>292.000000,938.000000</point>
				<point>294.000000,954.000000</point>
			</points>
		</object>
		<object>
			<coordinate>pixel</coordinate>
			<type>rectangle</type>
			<description>None</description>
			<possibleresult>
				<name>Van</name>
			</possibleresult>
			<points>
				<point>322.000000,987.000000</point>
				<point>313.000000,990.000000</point>
				<point>309.000000,972.000000</point>
				<point>318.000000,970.000000</point>
				<point>322.000000,987.000000</point>
			</points>
		</object>
		<object>
			<coordinate>pixel</coordinate>
			<type>rectangle</type>
			<description>None</description>
			<possibleresult>
				<name>Small Car</name>
			</possibleresult>
			<points>
				<point>381.000000,974.000000</point>
				<point>372.000000,977.000000</point>
				<point>368.000000,961.000000</point>
				<point>376.000000,958.000000</point>
				<point>381.000000,974.000000</point>
			</points>
		</object>
		<object>
			<coordinate>pixel</coordinate>
			<type>rectangle</type>
			<description>None</description>
			<possibleresult>
				<name>Van</name>
			</possibleresult>
			<points>
				<point>405.000000,973.000000</point>
				<point>395.000000,976.000000</point>
				<point>389.000000,957.000000</point>
				<point>399.000000,954.000000</point>
				<point>405.000000,973.000000</point>
			</points>
		</object>
		<object>
			<coordinate>pixel</coordinate>
			<type>rectangle</type>
			<description>None</description>
			<possibleresult>
				<name>Small Car</name>
			</possibleresult>
			<points>
				<point>437.000000,960.000000</point>
				<point>430.000000,962.000000</point>
				<point>427.000000,945.000000</point>
				<point>434.000000,944.000000</point>
				<point>437.000000,960.000000</point>
			</points>
		</object>
		<object>
			<coordinate>pixel</coordinate>
			<type>rectangle</type>
			<description>None</description>
			<possibleresult>
				<name>Small Car</name>
			</possibleresult>
			<points>
				<point>452.000000,958.000000</point>
				<point>444.000000,960.000000</point>
				<point>438.000000,944.000000</point>
				<point>446.000000,942.000000</point>
				<point>452.000000,958.000000</point>
			</points>
		</object>
		<object>
			<coordinate>pixel</coordinate>
			<type>rectangle</type>
			<description>None</description>
			<possibleresult>
				<name>Van</name>
			</possibleresult>
			<points>
				<point>471.000000,951.000000</point>
				<point>463.000000,954.000000</point>
				<point>458.000000,939.000000</point>
				<point>466.000000,937.000000</point>
				<point>471.000000,951.000000</point>
			</points>
		</object>
		<object>
			<coordinate>pixel</coordinate>
			<type>rectangle</type>
			<description>None</description>
			<possibleresult>
				<name>Small Car</name>
			</possibleresult>
			<points>
				<point>498.000000,948.000000</point>
				<point>489.000000,951.000000</point>
				<point>484.000000,936.000000</point>
				<point>492.000000,933.000000</point>
				<point>498.000000,948.000000</point>
			</points>
		</object>
		<object>
			<coordinate>pixel</coordinate>
			<type>rectangle</type>
			<description>None</description>
			<possibleresult>
				<name>Small Car</name>
			</possibleresult>
			<points>
				<point>520.000000,940.000000</point>
				<point>512.000000,944.000000</point>
				<point>506.000000,930.000000</point>
				<point>514.000000,926.000000</point>
				<point>520.000000,940.000000</point>
			</points>
		</object>
		<object>
			<coordinate>pixel</coordinate>
			<type>rectangle</type>
			<description>None</description>
			<possibleresult>
				<name>Small Car</name>
			</possibleresult>
			<points>
				<point>545.000000,938.000000</point>
				<point>536.000000,941.000000</point>
				<point>528.000000,922.000000</point>
				<point>537.000000,918.000000</point>
				<point>545.000000,938.000000</point>
			</points>
		</object>
		<object>
			<coordinate>pixel</coordinate>
			<type>rectangle</type>
			<description>None</description>
			<possibleresult>
				<name>Van</name>
			</possibleresult>
			<points>
				<point>554.000000,930.000000</point>
				<point>546.000000,934.000000</point>
				<point>540.000000,918.000000</point>
				<point>547.000000,915.000000</point>
				<point>554.000000,930.000000</point>
			</points>
		</object>
		<object>
			<coordinate>pixel</coordinate>
			<type>rectangle</type>
			<description>None</description>
			<possibleresult>
				<name>Van</name>
			</possibleresult>
			<points>
				<point>566.000000,926.000000</point>
				<point>558.000000,930.000000</point>
				<point>551.000000,915.000000</point>
				<point>559.000000,912.000000</point>
				<point>566.000000,926.000000</point>
			</points>
		</object>
		<object>
			<coordinate>pixel</coordinate>
			<type>rectangle</type>
			<description>None</description>
			<possibleresult>
				<name>Van</name>
			</possibleresult>
			<points>
				<point>588.000000,920.000000</point>
				<point>580.000000,924.000000</point>
				<point>572.000000,910.000000</point>
				<point>580.000000,905.000000</point>
				<point>588.000000,920.000000</point>
			</points>
		</object>
		<object>
			<coordinate>pixel</coordinate>
			<type>rectangle</type>
			<description>None</description>
			<possibleresult>
				<name>Van</name>
			</possibleresult>
			<points>
				<point>598.000000,916.000000</point>
				<point>589.000000,919.000000</point>
				<point>583.000000,905.000000</point>
				<point>591.000000,901.000000</point>
				<point>598.000000,916.000000</point>
			</points>
		</object>
		<object>
			<coordinate>pixel</coordinate>
			<type>rectangle</type>
			<description>None</description>
			<possibleresult>
				<name>Small Car</name>
			</possibleresult>
			<points>
				<point>608.000000,912.000000</point>
				<point>600.000000,915.000000</point>
				<point>593.000000,900.000000</point>
				<point>602.000000,897.000000</point>
				<point>608.000000,912.000000</point>
			</points>
		</object>
		<object>
			<coordinate>pixel</coordinate>
			<type>rectangle</type>
			<description>None</description>
			<possibleresult>
				<name>Van</name>
			</possibleresult>
			<points>
				<point>620.000000,910.000000</point>
				<point>612.000000,914.000000</point>
				<point>604.000000,899.000000</point>
				<point>612.000000,894.000000</point>
				<point>620.000000,910.000000</point>
			</points>
		</object>
		<object>
			<coordinate>pixel</coordinate>
			<type>rectangle</type>
			<description>None</description>
			<possibleresult>
				<name>Van</name>
			</possibleresult>
			<points>
				<point>648.000000,894.000000</point>
				<point>641.000000,898.000000</point>
				<point>635.000000,887.000000</point>
				<point>642.000000,883.000000</point>
				<point>648.000000,894.000000</point>
			</points>
		</object>
		<object>
			<coordinate>pixel</coordinate>
			<type>rectangle</type>
			<description>None</description>
			<possibleresult>
				<name>Small Car</name>
			</possibleresult>
			<points>
				<point>661.000000,896.000000</point>
				<point>652.000000,899.000000</point>
				<point>646.000000,883.000000</point>
				<point>654.000000,880.000000</point>
				<point>661.000000,896.000000</point>
			</points>
		</object>
		<object>
			<coordinate>pixel</coordinate>
			<type>rectangle</type>
			<description>None</description>
			<possibleresult>
				<name>Small Car</name>
			</possibleresult>
			<points>
				<point>693.000000,933.000000</point>
				<point>685.000000,938.000000</point>
				<point>676.000000,922.000000</point>
				<point>684.000000,917.000000</point>
				<point>693.000000,933.000000</point>
			</points>
		</object>
		<object>
			<coordinate>pixel</coordinate>
			<type>rectangle</type>
			<description>None</description>
			<possibleresult>
				<name>Van</name>
			</possibleresult>
			<points>
				<point>681.000000,937.000000</point>
				<point>674.000000,941.000000</point>
				<point>665.000000,927.000000</point>
				<point>673.000000,922.000000</point>
				<point>681.000000,937.000000</point>
			</points>
		</object>
		<object>
			<coordinate>pixel</coordinate>
			<type>rectangle</type>
			<description>None</description>
			<possibleresult>
				<name>Small Car</name>
			</possibleresult>
			<points>
				<point>670.000000,941.000000</point>
				<point>661.000000,945.000000</point>
				<point>653.000000,929.000000</point>
				<point>662.000000,925.000000</point>
				<point>670.000000,941.000000</point>
			</points>
		</object>
		<object>
			<coordinate>pixel</coordinate>
			<type>rectangle</type>
			<description>None</description>
			<possibleresult>
				<name>Small Car</name>
			</possibleresult>
			<points>
				<point>660.000000,945.000000</point>
				<point>652.000000,950.000000</point>
				<point>644.000000,935.000000</point>
				<point>652.000000,931.000000</point>
				<point>660.000000,945.000000</point>
			</points>
		</object>
		<object>
			<coordinate>pixel</coordinate>
			<type>rectangle</type>
			<description>None</description>
			<possibleresult>
				<name>Dump Truck</name>
			</possibleresult>
			<points>
				<point>649.000000,952.000000</point>
				<point>640.000000,956.000000</point>
				<point>631.000000,936.000000</point>
				<point>639.000000,932.000000</point>
				<point>649.000000,952.000000</point>
			</points>
		</object>
		<object>
			<coordinate>pixel</coordinate>
			<type>rectangle</type>
			<description>None</description>
			<possibleresult>
				<name>Small Car</name>
			</possibleresult>
			<points>
				<point>638.000000,953.000000</point>
				<point>630.000000,957.000000</point>
				<point>623.000000,941.000000</point>
				<point>630.000000,938.000000</point>
				<point>638.000000,953.000000</point>
			</points>
		</object>
		<object>
			<coordinate>pixel</coordinate>
			<type>rectangle</type>
			<description>None</description>
			<possibleresult>
				<name>Small Car</name>
			</possibleresult>
			<points>
				<point>625.000000,955.000000</point>
				<point>618.000000,959.000000</point>
				<point>608.000000,943.000000</point>
				<point>616.000000,938.000000</point>
				<point>625.000000,955.000000</point>
			</points>
		</object>
		<object>
			<coordinate>pixel</coordinate>
			<type>rectangle</type>
			<description>None</description>
			<possibleresult>
				<name>Small Car</name>
			</possibleresult>
			<points>
				<point>615.000000,960.000000</point>
				<point>608.000000,964.000000</point>
				<point>599.000000,947.000000</point>
				<point>607.000000,943.000000</point>
				<point>615.000000,960.000000</point>
			</points>
		</object>
		<object>
			<coordinate>pixel</coordinate>
			<type>rectangle</type>
			<description>None</description>
			<possibleresult>
				<name>Small Car</name>
			</possibleresult>
			<points>
				<point>603.000000,965.000000</point>
				<point>594.000000,969.000000</point>
				<point>586.000000,951.000000</point>
				<point>595.000000,947.000000</point>
				<point>603.000000,965.000000</point>
			</points>
		</object>
		<object>
			<coordinate>pixel</coordinate>
			<type>rectangle</type>
			<description>None</description>
			<possibleresult>
				<name>Small Car</name>
			</possibleresult>
			<points>
				<point>592.000000,966.000000</point>
				<point>584.000000,971.000000</point>
				<point>575.000000,954.000000</point>
				<point>583.000000,950.000000</point>
				<point>592.000000,966.000000</point>
			</points>
		</object>
		<object>
			<coordinate>pixel</coordinate>
			<type>rectangle</type>
			<description>None</description>
			<possibleresult>
				<name>Van</name>
			</possibleresult>
			<points>
				<point>579.000000,971.000000</point>
				<point>571.000000,975.000000</point>
				<point>565.000000,959.000000</point>
				<point>573.000000,956.000000</point>
				<point>579.000000,971.000000</point>
			</points>
		</object>
		<object>
			<coordinate>pixel</coordinate>
			<type>rectangle</type>
			<description>None</description>
			<possibleresult>
				<name>Van</name>
			</possibleresult>
			<points>
				<point>556.000000,977.000000</point>
				<point>547.000000,981.000000</point>
				<point>539.000000,962.000000</point>
				<point>548.000000,958.000000</point>
				<point>556.000000,977.000000</point>
			</points>
		</object>
		<object>
			<coordinate>pixel</coordinate>
			<type>rectangle</type>
			<description>None</description>
			<possibleresult>
				<name>Van</name>
			</possibleresult>
			<points>
				<point>535.000000,984.000000</point>
				<point>525.000000,988.000000</point>
				<point>518.000000,969.000000</point>
				<point>528.000000,965.000000</point>
				<point>535.000000,984.000000</point>
			</points>
		</object>
		<object>
			<coordinate>pixel</coordinate>
			<type>rectangle</type>
			<description>None</description>
			<possibleresult>
				<name>Small Car</name>
			</possibleresult>
			<points>
				<point>512.000000,990.000000</point>
				<point>503.000000,994.000000</point>
				<point>496.000000,975.000000</point>
				<point>505.000000,972.000000</point>
				<point>512.000000,990.000000</point>
			</points>
		</object>
		<object>
			<coordinate>pixel</coordinate>
			<type>rectangle</type>
			<description>None</description>
			<possibleresult>
				<name>Dump Truck</name>
			</possibleresult>
			<points>
				<point>499.000000,995.000000</point>
				<point>491.000000,999.000000</point>
				<point>481.000000,979.000000</point>
				<point>489.000000,975.000000</point>
				<point>499.000000,995.000000</point>
			</points>
		</object>
		<object>
			<coordinate>pixel</coordinate>
			<type>rectangle</type>
			<description>None</description>
			<possibleresult>
				<name>Small Car</name>
			</possibleresult>
			<points>
				<point>476.000000,996.000000</point>
				<point>468.000000,1000.000000</point>
				<point>463.000000,987.000000</point>
				<point>471.000000,984.000000</point>
				<point>476.000000,996.000000</point>
			</points>
		</object>
		<object>
			<coordinate>pixel</coordinate>
			<type>rectangle</type>
			<description>None</description>
			<possibleresult>
				<name>Van</name>
			</possibleresult>
			<points>
				<point>402.000000,27.000000</point>
				<point>379.000000,26.000000</point>
				<point>380.000000,19.000000</point>
				<point>402.000000,20.000000</point>
				<point>402.000000,27.000000</point>
			</points>
		</object>
		<object>
			<coordinate>pixel</coordinate>
			<type>rectangle</type>
			<description>None</description>
			<possibleresult>
				<name>Van</name>
			</possibleresult>
			<points>
				<point>825.000000,387.000000</point>
				<point>816.000000,395.000000</point>
				<point>811.000000,390.000000</point>
				<point>821.000000,382.000000</point>
				<point>825.000000,387.000000</point>
			</points>
		</object>
	</objects>
</annotation>