<?xml version="1.0" encoding="utf-8"?>
<annotation>
	<source>
		<filename>16325.tif</filename>
		<origin>GF2/GF3</origin>
	</source>
	<research>
		<version>1.0</version>
		<provider>FAIR1M</provider>
		<author>Cyber</author>
		<pluginname>FAIR1M</pluginname>
		<pluginclass>object detection</pluginclass>
		<time>2021-07-21</time>
	</research>
	<size>
		<width>1000</width>
		<height>1000</height>
		<depth>3</depth>
	</size>
	<objects>
		<object>
			<coordinate>pixel</coordinate>
			<type>rectangle</type>
			<description>None</description>
			<possibleresult>
				<name>Dry Cargo Ship</name>
			</possibleresult>
			<points>
				<point>586.000000,472.000000</point>
				<point>526.000000,508.000000</point>
				<point>538.000000,526.000000</point>
				<point>597.000000,491.000000</point>
				<point>586.000000,472.000000</point>
			</points>
		</object>
	</objects>
</annotation>