<?xml version="1.0" encoding="utf-8"?>
<annotation>
	<source>
		<filename>16363.tif</filename>
		<origin>GF2/GF3</origin>
	</source>
	<research>
		<version>1.0</version>
		<provider>FAIR1M</provider>
		<author>Cyber</author>
		<pluginname>FAIR1M</pluginname>
		<pluginclass>object detection</pluginclass>
		<time>2021-07-21</time>
	</research>
	<size>
		<width>1000</width>
		<height>1000</height>
		<depth>3</depth>
	</size>
	<objects>
		<object>
			<coordinate>pixel</coordinate>
			<type>rectangle</type>
			<description>None</description>
			<possibleresult>
				<name>Van</name>
			</possibleresult>
			<points>
				<point>630.000000,174.000000</point>
				<point>629.000000,188.000000</point>
				<point>621.000000,187.000000</point>
				<point>622.000000,173.000000</point>
				<point>630.000000,174.000000</point>
			</points>
		</object>
		<object>
			<coordinate>pixel</coordinate>
			<type>rectangle</type>
			<description>None</description>
			<possibleresult>
				<name>Van</name>
			</possibleresult>
			<points>
				<point>920.000000,725.000000</point>
				<point>918.000000,739.000000</point>
				<point>910.000000,738.000000</point>
				<point>913.000000,724.000000</point>
				<point>920.000000,725.000000</point>
			</points>
		</object>
		<object>
			<coordinate>pixel</coordinate>
			<type>rectangle</type>
			<description>None</description>
			<possibleresult>
				<name>Small Car</name>
			</possibleresult>
			<points>
				<point>917.000000,677.000000</point>
				<point>915.000000,684.000000</point>
				<point>892.000000,679.000000</point>
				<point>894.000000,672.000000</point>
				<point>917.000000,677.000000</point>
			</points>
		</object>
		<object>
			<coordinate>pixel</coordinate>
			<type>rectangle</type>
			<description>None</description>
			<possibleresult>
				<name>Small Car</name>
			</possibleresult>
			<points>
				<point>957.000000,572.000000</point>
				<point>956.000000,579.000000</point>
				<point>936.000000,575.000000</point>
				<point>937.000000,569.000000</point>
				<point>957.000000,572.000000</point>
			</points>
		</object>
		<object>
			<coordinate>pixel</coordinate>
			<type>rectangle</type>
			<description>None</description>
			<possibleresult>
				<name>Van</name>
			</possibleresult>
			<points>
				<point>844.000000,495.000000</point>
				<point>838.000000,508.000000</point>
				<point>830.000000,505.000000</point>
				<point>835.000000,492.000000</point>
				<point>844.000000,495.000000</point>
			</points>
		</object>
		<object>
			<coordinate>pixel</coordinate>
			<type>rectangle</type>
			<description>None</description>
			<possibleresult>
				<name>Small Car</name>
			</possibleresult>
			<points>
				<point>927.000000,463.000000</point>
				<point>922.000000,476.000000</point>
				<point>914.000000,474.000000</point>
				<point>919.000000,460.000000</point>
				<point>927.000000,463.000000</point>
			</points>
		</object>
		<object>
			<coordinate>pixel</coordinate>
			<type>rectangle</type>
			<description>None</description>
			<possibleresult>
				<name>Van</name>
			</possibleresult>
			<points>
				<point>889.000000,416.000000</point>
				<point>887.000000,422.000000</point>
				<point>869.000000,418.000000</point>
				<point>870.000000,412.000000</point>
				<point>889.000000,416.000000</point>
			</points>
		</object>
		<object>
			<coordinate>pixel</coordinate>
			<type>rectangle</type>
			<description>None</description>
			<possibleresult>
				<name>Van</name>
			</possibleresult>
			<points>
				<point>504.000000,336.000000</point>
				<point>503.000000,343.000000</point>
				<point>481.000000,339.000000</point>
				<point>482.000000,333.000000</point>
				<point>504.000000,336.000000</point>
			</points>
		</object>
		<object>
			<coordinate>pixel</coordinate>
			<type>rectangle</type>
			<description>None</description>
			<possibleresult>
				<name>Van</name>
			</possibleresult>
			<points>
				<point>377.000000,541.000000</point>
				<point>374.000000,557.000000</point>
				<point>365.000000,556.000000</point>
				<point>367.000000,539.000000</point>
				<point>377.000000,541.000000</point>
			</points>
		</object>
		<object>
			<coordinate>pixel</coordinate>
			<type>rectangle</type>
			<description>None</description>
			<possibleresult>
				<name>Van</name>
			</possibleresult>
			<points>
				<point>608.000000,839.000000</point>
				<point>602.000000,840.000000</point>
				<point>598.000000,825.000000</point>
				<point>604.000000,824.000000</point>
				<point>608.000000,839.000000</point>
			</points>
		</object>
		<object>
			<coordinate>pixel</coordinate>
			<type>rectangle</type>
			<description>None</description>
			<possibleresult>
				<name>Van</name>
			</possibleresult>
			<points>
				<point>922.000000,829.000000</point>
				<point>917.000000,847.000000</point>
				<point>910.000000,845.000000</point>
				<point>915.000000,827.000000</point>
				<point>922.000000,829.000000</point>
			</points>
		</object>
		<object>
			<coordinate>pixel</coordinate>
			<type>rectangle</type>
			<description>None</description>
			<possibleresult>
				<name>Van</name>
			</possibleresult>
			<points>
				<point>619.000000,957.000000</point>
				<point>618.000000,973.000000</point>
				<point>610.000000,973.000000</point>
				<point>612.000000,956.000000</point>
				<point>619.000000,957.000000</point>
			</points>
		</object>
		<object>
			<coordinate>pixel</coordinate>
			<type>rectangle</type>
			<description>None</description>
			<possibleresult>
				<name>Van</name>
			</possibleresult>
			<points>
				<point>606.000000,973.000000</point>
				<point>603.000000,992.000000</point>
				<point>594.000000,991.000000</point>
				<point>597.000000,972.000000</point>
				<point>606.000000,973.000000</point>
			</points>
		</object>
		<object>
			<coordinate>pixel</coordinate>
			<type>rectangle</type>
			<description>None</description>
			<possibleresult>
				<name>Van</name>
			</possibleresult>
			<points>
				<point>254.000000,940.000000</point>
				<point>244.000000,940.000000</point>
				<point>243.000000,921.000000</point>
				<point>253.000000,921.000000</point>
				<point>254.000000,940.000000</point>
			</points>
		</object>
		<object>
			<coordinate>pixel</coordinate>
			<type>rectangle</type>
			<description>None</description>
			<possibleresult>
				<name>Van</name>
			</possibleresult>
			<points>
				<point>314.000000,792.000000</point>
				<point>312.000000,811.000000</point>
				<point>305.000000,810.000000</point>
				<point>307.000000,792.000000</point>
				<point>314.000000,792.000000</point>
			</points>
		</object>
		<object>
			<coordinate>pixel</coordinate>
			<type>rectangle</type>
			<description>None</description>
			<possibleresult>
				<name>Van</name>
			</possibleresult>
			<points>
				<point>312.000000,814.000000</point>
				<point>306.000000,830.000000</point>
				<point>299.000000,828.000000</point>
				<point>304.000000,812.000000</point>
				<point>312.000000,814.000000</point>
			</points>
		</object>
		<object>
			<coordinate>pixel</coordinate>
			<type>rectangle</type>
			<description>None</description>
			<possibleresult>
				<name>Van</name>
			</possibleresult>
			<points>
				<point>294.000000,844.000000</point>
				<point>285.000000,847.000000</point>
				<point>279.000000,830.000000</point>
				<point>288.000000,828.000000</point>
				<point>294.000000,844.000000</point>
			</points>
		</object>
		<object>
			<coordinate>pixel</coordinate>
			<type>rectangle</type>
			<description>None</description>
			<possibleresult>
				<name>Van</name>
			</possibleresult>
			<points>
				<point>282.000000,464.000000</point>
				<point>274.000000,481.000000</point>
				<point>268.000000,478.000000</point>
				<point>275.000000,461.000000</point>
				<point>282.000000,464.000000</point>
			</points>
		</object>
		<object>
			<coordinate>pixel</coordinate>
			<type>rectangle</type>
			<description>None</description>
			<possibleresult>
				<name>Van</name>
			</possibleresult>
			<points>
				<point>759.000000,42.000000</point>
				<point>753.000000,58.000000</point>
				<point>746.000000,55.000000</point>
				<point>753.000000,39.000000</point>
				<point>759.000000,42.000000</point>
			</points>
		</object>
		<object>
			<coordinate>pixel</coordinate>
			<type>rectangle</type>
			<description>None</description>
			<possibleresult>
				<name>Cargo Truck</name>
			</possibleresult>
			<points>
				<point>650.000000,63.000000</point>
				<point>646.000000,69.000000</point>
				<point>626.000000,56.000000</point>
				<point>630.000000,50.000000</point>
				<point>650.000000,63.000000</point>
			</points>
		</object>
		<object>
			<coordinate>pixel</coordinate>
			<type>rectangle</type>
			<description>None</description>
			<possibleresult>
				<name>Small Car</name>
			</possibleresult>
			<points>
				<point>340.000000,117.000000</point>
				<point>335.000000,128.000000</point>
				<point>327.000000,125.000000</point>
				<point>331.000000,114.000000</point>
				<point>340.000000,117.000000</point>
			</points>
		</object>
		<object>
			<coordinate>pixel</coordinate>
			<type>rectangle</type>
			<description>None</description>
			<possibleresult>
				<name>Van</name>
			</possibleresult>
			<points>
				<point>369.000000,94.000000</point>
				<point>367.000000,101.000000</point>
				<point>347.000000,94.000000</point>
				<point>349.000000,87.000000</point>
				<point>369.000000,94.000000</point>
			</points>
		</object>
		<object>
			<coordinate>pixel</coordinate>
			<type>rectangle</type>
			<description>None</description>
			<possibleresult>
				<name>Dump Truck</name>
			</possibleresult>
			<points>
				<point>349.000000,27.000000</point>
				<point>341.000000,49.000000</point>
				<point>334.000000,46.000000</point>
				<point>341.000000,25.000000</point>
				<point>349.000000,27.000000</point>
			</points>
		</object>
		<object>
			<coordinate>pixel</coordinate>
			<type>rectangle</type>
			<description>None</description>
			<possibleresult>
				<name>Tennis Court</name>
			</possibleresult>
			<points>
				<point>490.000000,653.000000</point>
				<point>512.000000,574.000000</point>
				<point>558.000000,587.000000</point>
				<point>536.000000,666.000000</point>
				<point>490.000000,653.000000</point>
			</points>
		</object>
	</objects>
</annotation>