<?xml version="1.0" encoding="utf-8"?>
<annotation>
	<source>
		<filename>16473.tif</filename>
		<origin>GF2/GF3</origin>
	</source>
	<research>
		<version>1.0</version>
		<provider>FAIR1M</provider>
		<author>Cyber</author>
		<pluginname>FAIR1M</pluginname>
		<pluginclass>object detection</pluginclass>
		<time>2021-07-21</time>
	</research>
	<size>
		<width>800</width>
		<height>800</height>
		<depth>3</depth>
	</size>
	<objects>
		<object>
			<coordinate>pixel</coordinate>
			<type>rectangle</type>
			<description>None</description>
			<possibleresult>
				<name>A350</name>
			</possibleresult>
			<points>
				<point>189.000000,219.000000</point>
				<point>132.000000,291.000000</point>
				<point>65.000000,238.000000</point>
				<point>122.000000,166.000000</point>
				<point>189.000000,219.000000</point>
			</points>
		</object>
		<object>
			<coordinate>pixel</coordinate>
			<type>rectangle</type>
			<description>None</description>
			<possibleresult>
				<name>other-airplane</name>
			</possibleresult>
			<points>
				<point>705.000000,421.000000</point>
				<point>628.000000,427.000000</point>
				<point>624.000000,363.000000</point>
				<point>700.000000,358.000000</point>
				<point>705.000000,421.000000</point>
			</points>
		</object>
	</objects>
</annotation>