<?xml version="1.0" encoding="utf-8"?>
<annotation>
	<source>
		<filename>16480.tif</filename>
		<origin>GF2/GF3</origin>
	</source>
	<research>
		<version>1.0</version>
		<provider>FAIR1M</provider>
		<author>Cyber</author>
		<pluginname>FAIR1M</pluginname>
		<pluginclass>object detection</pluginclass>
		<time>2021-07-21</time>
	</research>
	<size>
		<width>1000</width>
		<height>1000</height>
		<depth>3</depth>
	</size>
	<objects>
		<object>
			<coordinate>pixel</coordinate>
			<type>rectangle</type>
			<description>None</description>
			<possibleresult>
				<name>A220</name>
			</possibleresult>
			<points>
				<point>428.000000,904.000000</point>
				<point>374.000000,895.000000</point>
				<point>366.000000,944.000000</point>
				<point>420.000000,953.000000</point>
				<point>428.000000,904.000000</point>
			</points>
		</object>
		<object>
			<coordinate>pixel</coordinate>
			<type>rectangle</type>
			<description>None</description>
			<possibleresult>
				<name>A321</name>
			</possibleresult>
			<points>
				<point>455.000000,865.000000</point>
				<point>416.000000,834.000000</point>
				<point>388.000000,869.000000</point>
				<point>427.000000,900.000000</point>
				<point>455.000000,865.000000</point>
			</points>
		</object>
		<object>
			<coordinate>pixel</coordinate>
			<type>rectangle</type>
			<description>None</description>
			<possibleresult>
				<name>A321</name>
			</possibleresult>
			<points>
				<point>863.000000,940.000000</point>
				<point>906.000000,976.000000</point>
				<point>934.000000,942.000000</point>
				<point>891.000000,907.000000</point>
				<point>863.000000,940.000000</point>
			</points>
		</object>
		<object>
			<coordinate>pixel</coordinate>
			<type>rectangle</type>
			<description>None</description>
			<possibleresult>
				<name>Boeing737</name>
			</possibleresult>
			<points>
				<point>904.000000,902.000000</point>
				<point>941.000000,932.000000</point>
				<point>969.000000,897.000000</point>
				<point>932.000000,867.000000</point>
				<point>904.000000,902.000000</point>
			</points>
		</object>
		<object>
			<coordinate>pixel</coordinate>
			<type>rectangle</type>
			<description>None</description>
			<possibleresult>
				<name>Boeing737</name>
			</possibleresult>
			<points>
				<point>942.000000,843.000000</point>
				<point>967.000000,884.000000</point>
				<point>1006.000000,860.000000</point>
				<point>981.000000,819.000000</point>
				<point>942.000000,843.000000</point>
			</points>
		</object>
	</objects>
</annotation>