<?xml version="1.0" encoding="utf-8"?>
<annotation>
	<source>
		<filename>1743.tif</filename>
		<origin>GF2/GF3</origin>
	</source>
	<research>
		<version>1.0</version>
		<provider>FAIR1M</provider>
		<author>Cyber</author>
		<pluginname>FAIR1M</pluginname>
		<pluginclass>object detection</pluginclass>
		<time>2021-07-21</time>
	</research>
	<size>
		<width>700</width>
		<height>700</height>
		<depth>3</depth>
	</size>
	<objects>
		<object>
			<coordinate>pixel</coordinate>
			<type>rectangle</type>
			<description>None</description>
			<possibleresult>
				<name>A350</name>
			</possibleresult>
			<points>
				<point>214.000000,493.000000</point>
				<point>130.000000,502.000000</point>
				<point>119.000000,409.000000</point>
				<point>203.000000,399.000000</point>
				<point>214.000000,493.000000</point>
			</points>
		</object>
		<object>
			<coordinate>pixel</coordinate>
			<type>rectangle</type>
			<description>None</description>
			<possibleresult>
				<name>A350</name>
			</possibleresult>
			<points>
				<point>389.000000,419.000000</point>
				<point>332.000000,491.000000</point>
				<point>265.000000,438.000000</point>
				<point>322.000000,366.000000</point>
				<point>389.000000,419.000000</point>
			</points>
		</object>
	</objects>
</annotation>