<?xml version="1.0" encoding="utf-8"?>
<annotation>
	<source>
		<filename>1745.tif</filename>
		<origin>GF2/GF3</origin>
	</source>
	<research>
		<version>1.0</version>
		<provider>FAIR1M</provider>
		<author>Cyber</author>
		<pluginname>FAIR1M</pluginname>
		<pluginclass>object detection</pluginclass>
		<time>2021-07-21</time>
	</research>
	<size>
		<width>800</width>
		<height>600</height>
		<depth>3</depth>
	</size>
	<objects>
		<object>
			<coordinate>pixel</coordinate>
			<type>rectangle</type>
			<description>None</description>
			<possibleresult>
				<name>Liquid Cargo Ship</name>
			</possibleresult>
			<points>
				<point>346.999969,68.999992</point>
				<point>233.714020,9.322553</point>
				<point>246.000031,-14.000008</point>
				<point>359.285980,45.677433</point>
				<point>346.999969,68.999992</point>
			</points>
		</object>
		<object>
			<coordinate>pixel</coordinate>
			<type>rectangle</type>
			<description>None</description>
			<possibleresult>
				<name>Liquid Cargo Ship</name>
			</possibleresult>
			<points>
				<point>409.000000,212.000000</point>
				<point>346.000000,337.000000</point>
				<point>323.000000,327.000000</point>
				<point>389.000000,201.000000</point>
				<point>409.000000,212.000000</point>
			</points>
		</object>
		<object>
			<coordinate>pixel</coordinate>
			<type>rectangle</type>
			<description>None</description>
			<possibleresult>
				<name>Liquid Cargo Ship</name>
			</possibleresult>
			<points>
				<point>307.000000,405.000000</point>
				<point>235.000000,545.000000</point>
				<point>214.000000,534.000000</point>
				<point>284.000000,395.000000</point>
				<point>307.000000,405.000000</point>
			</points>
		</object>
	</objects>
</annotation>