<?xml version="1.0" encoding="utf-8"?>
<annotation>
	<source>
		<filename>1769.tif</filename>
		<origin>GF2/GF3</origin>
	</source>
	<research>
		<version>1.0</version>
		<provider>FAIR1M</provider>
		<author>Cyber</author>
		<pluginname>FAIR1M</pluginname>
		<pluginclass>object detection</pluginclass>
		<time>2021-07-21</time>
	</research>
	<size>
		<width>800</width>
		<height>600</height>
		<depth>3</depth>
	</size>
	<objects>
		<object>
			<coordinate>pixel</coordinate>
			<type>rectangle</type>
			<description>None</description>
			<possibleresult>
				<name>other-ship</name>
			</possibleresult>
			<points>
				<point>81.000000,29.000000</point>
				<point>29.000000,87.000000</point>
				<point>13.000000,70.000000</point>
				<point>65.000000,13.000000</point>
				<point>81.000000,29.000000</point>
			</points>
		</object>
	</objects>
</annotation>