<?xml version="1.0" encoding="utf-8"?>
<annotation>
	<source>
		<filename>1773.tif</filename>
		<origin>GF2/GF3</origin>
	</source>
	<research>
		<version>1.0</version>
		<provider>FAIR1M</provider>
		<author>Cyber</author>
		<pluginname>FAIR1M</pluginname>
		<pluginclass>object detection</pluginclass>
		<time>2021-07-21</time>
	</research>
	<size>
		<width>800</width>
		<height>600</height>
		<depth>4</depth>
	</size>
	<objects>
		<object>
			<coordinate>pixel</coordinate>
			<type>rectangle</type>
			<description>None</description>
			<possibleresult>
				<name>Tennis Court</name>
			</possibleresult>
			<points>
				<point>792.000000,301.000000</point>
				<point>743.000000,301.000000</point>
				<point>743.000000,221.000000</point>
				<point>792.000000,221.000000</point>
				<point>792.000000,301.000000</point>
			</points>
		</object>
		<object>
			<coordinate>pixel</coordinate>
			<type>rectangle</type>
			<description>None</description>
			<possibleresult>
				<name>Tennis Court</name>
			</possibleresult>
			<points>
				<point>727.000000,302.000000</point>
				<point>678.000000,302.000000</point>
				<point>679.000000,222.000000</point>
				<point>727.000000,222.000000</point>
				<point>727.000000,302.000000</point>
			</points>
		</object>
		<object>
			<coordinate>pixel</coordinate>
			<type>rectangle</type>
			<description>None</description>
			<possibleresult>
				<name>Tennis Court</name>
			</possibleresult>
			<points>
				<point>612.000000,302.000000</point>
				<point>563.000000,302.000000</point>
				<point>564.000000,221.000000</point>
				<point>612.000000,221.000000</point>
				<point>612.000000,302.000000</point>
			</points>
		</object>
		<object>
			<coordinate>pixel</coordinate>
			<type>rectangle</type>
			<description>None</description>
			<possibleresult>
				<name>Tennis Court</name>
			</possibleresult>
			<points>
				<point>548.000000,221.000000</point>
				<point>547.000000,302.000000</point>
				<point>499.000000,302.000000</point>
				<point>499.000000,221.000000</point>
				<point>548.000000,221.000000</point>
			</points>
		</object>
		<object>
			<coordinate>pixel</coordinate>
			<type>rectangle</type>
			<description>None</description>
			<possibleresult>
				<name>Tennis Court</name>
			</possibleresult>
			<points>
				<point>791.000000,171.000000</point>
				<point>742.000000,171.000000</point>
				<point>742.000000,90.000000</point>
				<point>791.000000,90.000000</point>
				<point>791.000000,171.000000</point>
			</points>
		</object>
		<object>
			<coordinate>pixel</coordinate>
			<type>rectangle</type>
			<description>None</description>
			<possibleresult>
				<name>Tennis Court</name>
			</possibleresult>
			<points>
				<point>728.000000,171.000000</point>
				<point>678.000000,171.000000</point>
				<point>678.000000,90.000000</point>
				<point>728.000000,90.000000</point>
				<point>728.000000,171.000000</point>
			</points>
		</object>
		<object>
			<coordinate>pixel</coordinate>
			<type>rectangle</type>
			<description>None</description>
			<possibleresult>
				<name>Tennis Court</name>
			</possibleresult>
			<points>
				<point>612.000000,90.000000</point>
				<point>611.000000,170.000000</point>
				<point>563.000000,170.000000</point>
				<point>564.000000,90.000000</point>
				<point>612.000000,90.000000</point>
			</points>
		</object>
		<object>
			<coordinate>pixel</coordinate>
			<type>rectangle</type>
			<description>None</description>
			<possibleresult>
				<name>Tennis Court</name>
			</possibleresult>
			<points>
				<point>548.000000,171.000000</point>
				<point>499.000000,171.000000</point>
				<point>499.000000,90.000000</point>
				<point>548.000000,90.000000</point>
				<point>548.000000,171.000000</point>
			</points>
		</object>
		<object>
			<coordinate>pixel</coordinate>
			<type>rectangle</type>
			<description>None</description>
			<possibleresult>
				<name>Baseball Field</name>
			</possibleresult>
			<points>
				<point>96.000000,66.000000</point>
				<point>95.000000,172.000000</point>
				<point>0.000000,171.000000</point>
				<point>0.000000,65.000000</point>
				<point>96.000000,66.000000</point>
			</points>
		</object>
		<object>
			<coordinate>pixel</coordinate>
			<type>rectangle</type>
			<description>None</description>
			<possibleresult>
				<name>Van</name>
			</possibleresult>
			<points>
				<point>522.000000,540.000000</point>
				<point>513.000000,539.000000</point>
				<point>513.000000,525.000000</point>
				<point>522.000000,526.000000</point>
				<point>522.000000,540.000000</point>
			</points>
		</object>
		<object>
			<coordinate>pixel</coordinate>
			<type>rectangle</type>
			<description>None</description>
			<possibleresult>
				<name>Van</name>
			</possibleresult>
			<points>
				<point>523.000000,563.000000</point>
				<point>514.000000,564.000000</point>
				<point>513.000000,549.000000</point>
				<point>522.000000,548.000000</point>
				<point>523.000000,563.000000</point>
			</points>
		</object>
		<object>
			<coordinate>pixel</coordinate>
			<type>rectangle</type>
			<description>None</description>
			<possibleresult>
				<name>Van</name>
			</possibleresult>
			<points>
				<point>792.000000,555.000000</point>
				<point>770.000000,554.000000</point>
				<point>770.000000,547.000000</point>
				<point>792.000000,547.000000</point>
				<point>792.000000,555.000000</point>
			</points>
		</object>
	</objects>
</annotation>