<?xml version="1.0" encoding="utf-8"?>
<annotation>
	<source>
		<filename>1850.tif</filename>
		<origin>GF2/GF3</origin>
	</source>
	<research>
		<version>1.0</version>
		<provider>FAIR1M</provider>
		<author>Cyber</author>
		<pluginname>FAIR1M</pluginname>
		<pluginclass>object detection</pluginclass>
		<time>2021-07-21</time>
	</research>
	<size>
		<width>800</width>
		<height>600</height>
		<depth>3</depth>
	</size>
	<objects>
		<object>
			<coordinate>pixel</coordinate>
			<type>rectangle</type>
			<description>None</description>
			<possibleresult>
				<name>Dry Cargo Ship</name>
			</possibleresult>
			<points>
				<point>428.000000,43.000000</point>
				<point>327.000000,98.000000</point>
				<point>320.000000,85.000000</point>
				<point>421.000000,30.000000</point>
				<point>428.000000,43.000000</point>
			</points>
		</object>
		<object>
			<coordinate>pixel</coordinate>
			<type>rectangle</type>
			<description>None</description>
			<possibleresult>
				<name>Dry Cargo Ship</name>
			</possibleresult>
			<points>
				<point>428.000000,59.000000</point>
				<point>325.000000,116.000000</point>
				<point>318.000000,104.000000</point>
				<point>421.000000,47.000000</point>
				<point>428.000000,59.000000</point>
			</points>
		</object>
		<object>
			<coordinate>pixel</coordinate>
			<type>rectangle</type>
			<description>None</description>
			<possibleresult>
				<name>Dry Cargo Ship</name>
			</possibleresult>
			<points>
				<point>448.000000,67.000000</point>
				<point>327.000000,129.000000</point>
				<point>320.000000,116.000000</point>
				<point>441.000000,53.000000</point>
				<point>448.000000,67.000000</point>
			</points>
		</object>
		<object>
			<coordinate>pixel</coordinate>
			<type>rectangle</type>
			<description>None</description>
			<possibleresult>
				<name>Dry Cargo Ship</name>
			</possibleresult>
			<points>
				<point>416.000000,99.000000</point>
				<point>327.000000,145.000000</point>
				<point>321.000000,132.000000</point>
				<point>410.000000,87.000000</point>
				<point>416.000000,99.000000</point>
			</points>
		</object>
		<object>
			<coordinate>pixel</coordinate>
			<type>rectangle</type>
			<description>None</description>
			<possibleresult>
				<name>Dry Cargo Ship</name>
			</possibleresult>
			<points>
				<point>427.000000,112.000000</point>
				<point>325.000000,162.000000</point>
				<point>318.000000,149.000000</point>
				<point>420.000000,99.000000</point>
				<point>427.000000,112.000000</point>
			</points>
		</object>
		<object>
			<coordinate>pixel</coordinate>
			<type>rectangle</type>
			<description>None</description>
			<possibleresult>
				<name>Dry Cargo Ship</name>
			</possibleresult>
			<points>
				<point>424.000000,131.000000</point>
				<point>333.000000,175.000000</point>
				<point>326.000000,161.000000</point>
				<point>417.000000,117.000000</point>
				<point>424.000000,131.000000</point>
			</points>
		</object>
		<object>
			<coordinate>pixel</coordinate>
			<type>rectangle</type>
			<description>None</description>
			<possibleresult>
				<name>Dry Cargo Ship</name>
			</possibleresult>
			<points>
				<point>438.000000,141.000000</point>
				<point>340.000000,189.000000</point>
				<point>333.000000,174.000000</point>
				<point>431.000000,127.000000</point>
				<point>438.000000,141.000000</point>
			</points>
		</object>
		<object>
			<coordinate>pixel</coordinate>
			<type>rectangle</type>
			<description>None</description>
			<possibleresult>
				<name>Dry Cargo Ship</name>
			</possibleresult>
			<points>
				<point>444.000000,152.000000</point>
				<point>355.000000,195.000000</point>
				<point>349.000000,184.000000</point>
				<point>438.000000,141.000000</point>
				<point>444.000000,152.000000</point>
			</points>
		</object>
		<object>
			<coordinate>pixel</coordinate>
			<type>rectangle</type>
			<description>None</description>
			<possibleresult>
				<name>Dry Cargo Ship</name>
			</possibleresult>
			<points>
				<point>447.000000,165.000000</point>
				<point>361.000000,208.000000</point>
				<point>355.000000,196.000000</point>
				<point>441.000000,153.000000</point>
				<point>447.000000,165.000000</point>
			</points>
		</object>
		<object>
			<coordinate>pixel</coordinate>
			<type>rectangle</type>
			<description>None</description>
			<possibleresult>
				<name>Dry Cargo Ship</name>
			</possibleresult>
			<points>
				<point>456.000000,186.000000</point>
				<point>366.000000,221.000000</point>
				<point>360.000000,205.000000</point>
				<point>449.000000,169.000000</point>
				<point>456.000000,186.000000</point>
			</points>
		</object>
		<object>
			<coordinate>pixel</coordinate>
			<type>rectangle</type>
			<description>None</description>
			<possibleresult>
				<name>Dry Cargo Ship</name>
			</possibleresult>
			<points>
				<point>632.000000,165.000000</point>
				<point>534.000000,175.000000</point>
				<point>532.000000,159.000000</point>
				<point>631.000000,150.000000</point>
				<point>632.000000,165.000000</point>
			</points>
		</object>
		<object>
			<coordinate>pixel</coordinate>
			<type>rectangle</type>
			<description>None</description>
			<possibleresult>
				<name>Dry Cargo Ship</name>
			</possibleresult>
			<points>
				<point>644.000000,179.000000</point>
				<point>531.000000,188.000000</point>
				<point>530.000000,174.000000</point>
				<point>643.000000,165.000000</point>
				<point>644.000000,179.000000</point>
			</points>
		</object>
		<object>
			<coordinate>pixel</coordinate>
			<type>rectangle</type>
			<description>None</description>
			<possibleresult>
				<name>Dry Cargo Ship</name>
			</possibleresult>
			<points>
				<point>637.000000,193.000000</point>
				<point>523.000000,201.000000</point>
				<point>522.000000,188.000000</point>
				<point>636.000000,179.000000</point>
				<point>637.000000,193.000000</point>
			</points>
		</object>
		<object>
			<coordinate>pixel</coordinate>
			<type>rectangle</type>
			<description>None</description>
			<possibleresult>
				<name>Dry Cargo Ship</name>
			</possibleresult>
			<points>
				<point>632.000000,208.000000</point>
				<point>536.000000,215.000000</point>
				<point>535.000000,201.000000</point>
				<point>631.000000,194.000000</point>
				<point>632.000000,208.000000</point>
			</points>
		</object>
		<object>
			<coordinate>pixel</coordinate>
			<type>rectangle</type>
			<description>None</description>
			<possibleresult>
				<name>Dry Cargo Ship</name>
			</possibleresult>
			<points>
				<point>643.000000,223.000000</point>
				<point>538.000000,230.000000</point>
				<point>536.000000,215.000000</point>
				<point>642.000000,207.000000</point>
				<point>643.000000,223.000000</point>
			</points>
		</object>
		<object>
			<coordinate>pixel</coordinate>
			<type>rectangle</type>
			<description>None</description>
			<possibleresult>
				<name>Dry Cargo Ship</name>
			</possibleresult>
			<points>
				<point>778.000000,226.000000</point>
				<point>666.000000,229.000000</point>
				<point>666.000000,214.000000</point>
				<point>778.000000,211.000000</point>
				<point>778.000000,226.000000</point>
			</points>
		</object>
	</objects>
</annotation>