<?xml version="1.0" encoding="utf-8"?>
<annotation>
	<source>
		<filename>1860.tif</filename>
		<origin>GF2/GF3</origin>
	</source>
	<research>
		<version>1.0</version>
		<provider>FAIR1M</provider>
		<author>Cyber</author>
		<pluginname>FAIR1M</pluginname>
		<pluginclass>object detection</pluginclass>
		<time>2021-07-21</time>
	</research>
	<size>
		<width>1000</width>
		<height>1000</height>
		<depth>3</depth>
	</size>
	<objects>
		<object>
			<coordinate>pixel</coordinate>
			<type>rectangle</type>
			<description>None</description>
			<possibleresult>
				<name>Van</name>
			</possibleresult>
			<points>
				<point>592.000000,733.000000</point>
				<point>569.000000,733.000000</point>
				<point>568.000000,726.000000</point>
				<point>592.000000,725.000000</point>
				<point>592.000000,733.000000</point>
			</points>
		</object>
		<object>
			<coordinate>pixel</coordinate>
			<type>rectangle</type>
			<description>None</description>
			<possibleresult>
				<name>Van</name>
			</possibleresult>
			<points>
				<point>590.000000,715.000000</point>
				<point>569.000000,715.000000</point>
				<point>569.000000,708.000000</point>
				<point>590.000000,707.000000</point>
				<point>590.000000,715.000000</point>
			</points>
		</object>
		<object>
			<coordinate>pixel</coordinate>
			<type>rectangle</type>
			<description>None</description>
			<possibleresult>
				<name>Small Car</name>
			</possibleresult>
			<points>
				<point>588.000000,695.000000</point>
				<point>568.000000,695.000000</point>
				<point>568.000000,688.000000</point>
				<point>588.000000,687.000000</point>
				<point>588.000000,695.000000</point>
			</points>
		</object>
		<object>
			<coordinate>pixel</coordinate>
			<type>rectangle</type>
			<description>None</description>
			<possibleresult>
				<name>Van</name>
			</possibleresult>
			<points>
				<point>289.000000,621.000000</point>
				<point>268.000000,620.000000</point>
				<point>268.000000,612.000000</point>
				<point>289.000000,613.000000</point>
				<point>289.000000,621.000000</point>
			</points>
		</object>
		<object>
			<coordinate>pixel</coordinate>
			<type>rectangle</type>
			<description>None</description>
			<possibleresult>
				<name>Van</name>
			</possibleresult>
			<points>
				<point>266.000000,620.000000</point>
				<point>245.000000,620.000000</point>
				<point>245.000000,613.000000</point>
				<point>266.000000,613.000000</point>
				<point>266.000000,620.000000</point>
			</points>
		</object>
		<object>
			<coordinate>pixel</coordinate>
			<type>rectangle</type>
			<description>None</description>
			<possibleresult>
				<name>Small Car</name>
			</possibleresult>
			<points>
				<point>230.000000,641.000000</point>
				<point>221.000000,642.000000</point>
				<point>220.000000,625.000000</point>
				<point>229.000000,625.000000</point>
				<point>230.000000,641.000000</point>
			</points>
		</object>
		<object>
			<coordinate>pixel</coordinate>
			<type>rectangle</type>
			<description>None</description>
			<possibleresult>
				<name>Van</name>
			</possibleresult>
			<points>
				<point>165.000000,630.000000</point>
				<point>163.000000,647.000000</point>
				<point>154.000000,645.000000</point>
				<point>157.000000,629.000000</point>
				<point>165.000000,630.000000</point>
			</points>
		</object>
		<object>
			<coordinate>pixel</coordinate>
			<type>rectangle</type>
			<description>None</description>
			<possibleresult>
				<name>Dump Truck</name>
			</possibleresult>
			<points>
				<point>74.000000,620.000000</point>
				<point>64.000000,636.000000</point>
				<point>56.000000,631.000000</point>
				<point>66.000000,615.000000</point>
				<point>74.000000,620.000000</point>
			</points>
		</object>
		<object>
			<coordinate>pixel</coordinate>
			<type>rectangle</type>
			<description>None</description>
			<possibleresult>
				<name>Small Car</name>
			</possibleresult>
			<points>
				<point>176.000000,555.000000</point>
				<point>172.000000,571.000000</point>
				<point>164.000000,569.000000</point>
				<point>168.000000,553.000000</point>
				<point>176.000000,555.000000</point>
			</points>
		</object>
		<object>
			<coordinate>pixel</coordinate>
			<type>rectangle</type>
			<description>None</description>
			<possibleresult>
				<name>Small Car</name>
			</possibleresult>
			<points>
				<point>182.000000,536.000000</point>
				<point>178.000000,551.000000</point>
				<point>170.000000,549.000000</point>
				<point>173.000000,534.000000</point>
				<point>182.000000,536.000000</point>
			</points>
		</object>
		<object>
			<coordinate>pixel</coordinate>
			<type>rectangle</type>
			<description>None</description>
			<possibleresult>
				<name>Van</name>
			</possibleresult>
			<points>
				<point>153.000000,611.000000</point>
				<point>151.000000,620.000000</point>
				<point>130.000000,616.000000</point>
				<point>131.000000,607.000000</point>
				<point>153.000000,611.000000</point>
			</points>
		</object>
		<object>
			<coordinate>pixel</coordinate>
			<type>rectangle</type>
			<description>None</description>
			<possibleresult>
				<name>Van</name>
			</possibleresult>
			<points>
				<point>71.000000,587.000000</point>
				<point>66.000000,597.000000</point>
				<point>41.000000,584.000000</point>
				<point>46.000000,575.000000</point>
				<point>71.000000,587.000000</point>
			</points>
		</object>
		<object>
			<coordinate>pixel</coordinate>
			<type>rectangle</type>
			<description>None</description>
			<possibleresult>
				<name>Van</name>
			</possibleresult>
			<points>
				<point>95.000000,569.000000</point>
				<point>93.000000,577.000000</point>
				<point>70.000000,568.000000</point>
				<point>73.000000,561.000000</point>
				<point>95.000000,569.000000</point>
			</points>
		</object>
		<object>
			<coordinate>pixel</coordinate>
			<type>rectangle</type>
			<description>None</description>
			<possibleresult>
				<name>Dump Truck</name>
			</possibleresult>
			<points>
				<point>84.000000,529.000000</point>
				<point>73.000000,544.000000</point>
				<point>66.000000,539.000000</point>
				<point>76.000000,524.000000</point>
				<point>84.000000,529.000000</point>
			</points>
		</object>
		<object>
			<coordinate>pixel</coordinate>
			<type>rectangle</type>
			<description>None</description>
			<possibleresult>
				<name>Van</name>
			</possibleresult>
			<points>
				<point>338.000000,469.000000</point>
				<point>327.000000,469.000000</point>
				<point>327.000000,451.000000</point>
				<point>338.000000,451.000000</point>
				<point>338.000000,469.000000</point>
			</points>
		</object>
		<object>
			<coordinate>pixel</coordinate>
			<type>rectangle</type>
			<description>None</description>
			<possibleresult>
				<name>Small Car</name>
			</possibleresult>
			<points>
				<point>339.000000,447.000000</point>
				<point>329.000000,447.000000</point>
				<point>328.000000,430.000000</point>
				<point>339.000000,430.000000</point>
				<point>339.000000,447.000000</point>
			</points>
		</object>
		<object>
			<coordinate>pixel</coordinate>
			<type>rectangle</type>
			<description>None</description>
			<possibleresult>
				<name>Small Car</name>
			</possibleresult>
			<points>
				<point>337.000000,401.000000</point>
				<point>328.000000,402.000000</point>
				<point>327.000000,381.000000</point>
				<point>336.000000,380.000000</point>
				<point>337.000000,401.000000</point>
			</points>
		</object>
		<object>
			<coordinate>pixel</coordinate>
			<type>rectangle</type>
			<description>None</description>
			<possibleresult>
				<name>Dump Truck</name>
			</possibleresult>
			<points>
				<point>372.000000,447.000000</point>
				<point>358.000000,447.000000</point>
				<point>358.000000,421.000000</point>
				<point>372.000000,422.000000</point>
				<point>372.000000,447.000000</point>
			</points>
		</object>
		<object>
			<coordinate>pixel</coordinate>
			<type>rectangle</type>
			<description>None</description>
			<possibleresult>
				<name>Dump Truck</name>
			</possibleresult>
			<points>
				<point>371.000000,395.000000</point>
				<point>370.000000,419.000000</point>
				<point>357.000000,419.000000</point>
				<point>358.000000,395.000000</point>
				<point>371.000000,395.000000</point>
			</points>
		</object>
		<object>
			<coordinate>pixel</coordinate>
			<type>rectangle</type>
			<description>None</description>
			<possibleresult>
				<name>Dump Truck</name>
			</possibleresult>
			<points>
				<point>356.000000,269.000000</point>
				<point>342.000000,288.000000</point>
				<point>334.000000,282.000000</point>
				<point>348.000000,263.000000</point>
				<point>356.000000,269.000000</point>
			</points>
		</object>
		<object>
			<coordinate>pixel</coordinate>
			<type>rectangle</type>
			<description>None</description>
			<possibleresult>
				<name>Van</name>
			</possibleresult>
			<points>
				<point>212.000000,258.000000</point>
				<point>201.000000,258.000000</point>
				<point>201.000000,240.000000</point>
				<point>211.000000,239.000000</point>
				<point>212.000000,258.000000</point>
			</points>
		</object>
		<object>
			<coordinate>pixel</coordinate>
			<type>rectangle</type>
			<description>None</description>
			<possibleresult>
				<name>Van</name>
			</possibleresult>
			<points>
				<point>241.000000,280.000000</point>
				<point>217.000000,280.000000</point>
				<point>217.000000,271.000000</point>
				<point>241.000000,271.000000</point>
				<point>241.000000,280.000000</point>
			</points>
		</object>
		<object>
			<coordinate>pixel</coordinate>
			<type>rectangle</type>
			<description>None</description>
			<possibleresult>
				<name>Van</name>
			</possibleresult>
			<points>
				<point>178.000000,278.000000</point>
				<point>156.000000,277.000000</point>
				<point>156.000000,269.000000</point>
				<point>178.000000,269.000000</point>
				<point>178.000000,278.000000</point>
			</points>
		</object>
		<object>
			<coordinate>pixel</coordinate>
			<type>rectangle</type>
			<description>None</description>
			<possibleresult>
				<name>Small Car</name>
			</possibleresult>
			<points>
				<point>181.000000,304.000000</point>
				<point>159.000000,305.000000</point>
				<point>159.000000,295.000000</point>
				<point>181.000000,295.000000</point>
				<point>181.000000,304.000000</point>
			</points>
		</object>
		<object>
			<coordinate>pixel</coordinate>
			<type>rectangle</type>
			<description>None</description>
			<possibleresult>
				<name>Van</name>
			</possibleresult>
			<points>
				<point>102.000000,303.000000</point>
				<point>81.000000,304.000000</point>
				<point>80.000000,296.000000</point>
				<point>102.000000,295.000000</point>
				<point>102.000000,303.000000</point>
			</points>
		</object>
		<object>
			<coordinate>pixel</coordinate>
			<type>rectangle</type>
			<description>None</description>
			<possibleresult>
				<name>Van</name>
			</possibleresult>
			<points>
				<point>445.000000,15.000000</point>
				<point>423.000000,15.000000</point>
				<point>422.000000,8.000000</point>
				<point>445.000000,8.000000</point>
				<point>445.000000,15.000000</point>
			</points>
		</object>
		<object>
			<coordinate>pixel</coordinate>
			<type>rectangle</type>
			<description>None</description>
			<possibleresult>
				<name>Van</name>
			</possibleresult>
			<points>
				<point>395.000000,43.000000</point>
				<point>374.000000,43.000000</point>
				<point>374.000000,35.000000</point>
				<point>395.000000,35.000000</point>
				<point>395.000000,43.000000</point>
			</points>
		</object>
		<object>
			<coordinate>pixel</coordinate>
			<type>rectangle</type>
			<description>None</description>
			<possibleresult>
				<name>Van</name>
			</possibleresult>
			<points>
				<point>374.000000,42.000000</point>
				<point>353.000000,42.000000</point>
				<point>352.000000,35.000000</point>
				<point>374.000000,34.000000</point>
				<point>374.000000,42.000000</point>
			</points>
		</object>
		<object>
			<coordinate>pixel</coordinate>
			<type>rectangle</type>
			<description>None</description>
			<possibleresult>
				<name>Van</name>
			</possibleresult>
			<points>
				<point>348.000000,43.000000</point>
				<point>328.000000,43.000000</point>
				<point>328.000000,35.000000</point>
				<point>348.000000,35.000000</point>
				<point>348.000000,43.000000</point>
			</points>
		</object>
		<object>
			<coordinate>pixel</coordinate>
			<type>rectangle</type>
			<description>None</description>
			<possibleresult>
				<name>Van</name>
			</possibleresult>
			<points>
				<point>266.000000,42.000000</point>
				<point>249.000000,42.000000</point>
				<point>249.000000,35.000000</point>
				<point>266.000000,35.000000</point>
				<point>266.000000,42.000000</point>
			</points>
		</object>
		<object>
			<coordinate>pixel</coordinate>
			<type>rectangle</type>
			<description>None</description>
			<possibleresult>
				<name>Van</name>
			</possibleresult>
			<points>
				<point>259.000000,18.000000</point>
				<point>239.000000,18.000000</point>
				<point>239.000000,10.000000</point>
				<point>259.000000,10.000000</point>
				<point>259.000000,18.000000</point>
			</points>
		</object>
		<object>
			<coordinate>pixel</coordinate>
			<type>rectangle</type>
			<description>None</description>
			<possibleresult>
				<name>Van</name>
			</possibleresult>
			<points>
				<point>58.000000,43.000000</point>
				<point>39.000000,44.000000</point>
				<point>38.000000,35.000000</point>
				<point>58.000000,34.000000</point>
				<point>58.000000,43.000000</point>
			</points>
		</object>
		<object>
			<coordinate>pixel</coordinate>
			<type>rectangle</type>
			<description>None</description>
			<possibleresult>
				<name>Van</name>
			</possibleresult>
			<points>
				<point>339.000000,509.000000</point>
				<point>329.000000,510.000000</point>
				<point>329.000000,491.000000</point>
				<point>339.000000,490.000000</point>
				<point>339.000000,509.000000</point>
			</points>
		</object>
		<object>
			<coordinate>pixel</coordinate>
			<type>rectangle</type>
			<description>None</description>
			<possibleresult>
				<name>Small Car</name>
			</possibleresult>
			<points>
				<point>338.000000,528.000000</point>
				<point>329.000000,528.000000</point>
				<point>328.000000,511.000000</point>
				<point>337.000000,511.000000</point>
				<point>338.000000,528.000000</point>
			</points>
		</object>
		<object>
			<coordinate>pixel</coordinate>
			<type>rectangle</type>
			<description>None</description>
			<possibleresult>
				<name>Van</name>
			</possibleresult>
			<points>
				<point>374.000000,656.000000</point>
				<point>361.000000,656.000000</point>
				<point>360.000000,625.000000</point>
				<point>373.000000,625.000000</point>
				<point>374.000000,656.000000</point>
			</points>
		</object>
		<object>
			<coordinate>pixel</coordinate>
			<type>rectangle</type>
			<description>None</description>
			<possibleresult>
				<name>Small Car</name>
			</possibleresult>
			<points>
				<point>409.000000,713.000000</point>
				<point>386.000000,713.000000</point>
				<point>386.000000,703.000000</point>
				<point>409.000000,702.000000</point>
				<point>409.000000,713.000000</point>
			</points>
		</object>
		<object>
			<coordinate>pixel</coordinate>
			<type>rectangle</type>
			<description>None</description>
			<possibleresult>
				<name>Small Car</name>
			</possibleresult>
			<points>
				<point>339.000000,724.000000</point>
				<point>329.000000,723.000000</point>
				<point>330.000000,703.000000</point>
				<point>339.000000,703.000000</point>
				<point>339.000000,724.000000</point>
			</points>
		</object>
		<object>
			<coordinate>pixel</coordinate>
			<type>rectangle</type>
			<description>None</description>
			<possibleresult>
				<name>Small Car</name>
			</possibleresult>
			<points>
				<point>410.000000,824.000000</point>
				<point>388.000000,824.000000</point>
				<point>388.000000,816.000000</point>
				<point>410.000000,815.000000</point>
				<point>410.000000,824.000000</point>
			</points>
		</object>
		<object>
			<coordinate>pixel</coordinate>
			<type>rectangle</type>
			<description>None</description>
			<possibleresult>
				<name>Small Car</name>
			</possibleresult>
			<points>
				<point>374.000000,862.000000</point>
				<point>362.000000,862.000000</point>
				<point>361.000000,844.000000</point>
				<point>373.000000,843.000000</point>
				<point>374.000000,862.000000</point>
			</points>
		</object>
		<object>
			<coordinate>pixel</coordinate>
			<type>rectangle</type>
			<description>None</description>
			<possibleresult>
				<name>Small Car</name>
			</possibleresult>
			<points>
				<point>341.000000,855.000000</point>
				<point>329.000000,855.000000</point>
				<point>329.000000,837.000000</point>
				<point>341.000000,837.000000</point>
				<point>341.000000,855.000000</point>
			</points>
		</object>
		<object>
			<coordinate>pixel</coordinate>
			<type>rectangle</type>
			<description>None</description>
			<possibleresult>
				<name>Van</name>
			</possibleresult>
			<points>
				<point>339.000000,877.000000</point>
				<point>337.000000,897.000000</point>
				<point>328.000000,896.000000</point>
				<point>330.000000,876.000000</point>
				<point>339.000000,877.000000</point>
			</points>
		</object>
		<object>
			<coordinate>pixel</coordinate>
			<type>rectangle</type>
			<description>None</description>
			<possibleresult>
				<name>Van</name>
			</possibleresult>
			<points>
				<point>372.000000,912.000000</point>
				<point>369.000000,928.000000</point>
				<point>358.000000,926.000000</point>
				<point>362.000000,910.000000</point>
				<point>372.000000,912.000000</point>
			</points>
		</object>
		<object>
			<coordinate>pixel</coordinate>
			<type>rectangle</type>
			<description>None</description>
			<possibleresult>
				<name>Small Car</name>
			</possibleresult>
			<points>
				<point>334.000000,919.000000</point>
				<point>328.000000,934.000000</point>
				<point>320.000000,931.000000</point>
				<point>326.000000,916.000000</point>
				<point>334.000000,919.000000</point>
			</points>
		</object>
		<object>
			<coordinate>pixel</coordinate>
			<type>rectangle</type>
			<description>None</description>
			<possibleresult>
				<name>Van</name>
			</possibleresult>
			<points>
				<point>322.000000,947.000000</point>
				<point>312.000000,961.000000</point>
				<point>304.000000,956.000000</point>
				<point>314.000000,941.000000</point>
				<point>322.000000,947.000000</point>
			</points>
		</object>
		<object>
			<coordinate>pixel</coordinate>
			<type>rectangle</type>
			<description>None</description>
			<possibleresult>
				<name>Dump Truck</name>
			</possibleresult>
			<points>
				<point>332.000000,985.000000</point>
				<point>321.000000,997.000000</point>
				<point>315.000000,991.000000</point>
				<point>326.000000,980.000000</point>
				<point>332.000000,985.000000</point>
			</points>
		</object>
		<object>
			<coordinate>pixel</coordinate>
			<type>rectangle</type>
			<description>None</description>
			<possibleresult>
				<name>Van</name>
			</possibleresult>
			<points>
				<point>254.000000,954.000000</point>
				<point>250.000000,962.000000</point>
				<point>231.000000,953.000000</point>
				<point>235.000000,945.000000</point>
				<point>254.000000,954.000000</point>
			</points>
		</object>
		<object>
			<coordinate>pixel</coordinate>
			<type>rectangle</type>
			<description>None</description>
			<possibleresult>
				<name>Small Car</name>
			</possibleresult>
			<points>
				<point>233.000000,944.000000</point>
				<point>229.000000,951.000000</point>
				<point>210.000000,940.000000</point>
				<point>215.000000,933.000000</point>
				<point>233.000000,944.000000</point>
			</points>
		</object>
		<object>
			<coordinate>pixel</coordinate>
			<type>rectangle</type>
			<description>None</description>
			<possibleresult>
				<name>Van</name>
			</possibleresult>
			<points>
				<point>118.000000,909.000000</point>
				<point>115.000000,916.000000</point>
				<point>95.000000,906.000000</point>
				<point>98.000000,899.000000</point>
				<point>118.000000,909.000000</point>
			</points>
		</object>
		<object>
			<coordinate>pixel</coordinate>
			<type>rectangle</type>
			<description>None</description>
			<possibleresult>
				<name>Van</name>
			</possibleresult>
			<points>
				<point>88.000000,894.000000</point>
				<point>85.000000,901.000000</point>
				<point>66.000000,892.000000</point>
				<point>70.000000,885.000000</point>
				<point>88.000000,894.000000</point>
			</points>
		</object>
		<object>
			<coordinate>pixel</coordinate>
			<type>rectangle</type>
			<description>None</description>
			<possibleresult>
				<name>Van</name>
			</possibleresult>
			<points>
				<point>66.000000,883.000000</point>
				<point>62.000000,889.000000</point>
				<point>45.000000,880.000000</point>
				<point>48.000000,873.000000</point>
				<point>66.000000,883.000000</point>
			</points>
		</object>
		<object>
			<coordinate>pixel</coordinate>
			<type>rectangle</type>
			<description>None</description>
			<possibleresult>
				<name>Small Car</name>
			</possibleresult>
			<points>
				<point>42.000000,872.000000</point>
				<point>38.000000,878.000000</point>
				<point>23.000000,870.000000</point>
				<point>26.000000,864.000000</point>
				<point>42.000000,872.000000</point>
			</points>
		</object>
		<object>
			<coordinate>pixel</coordinate>
			<type>rectangle</type>
			<description>None</description>
			<possibleresult>
				<name>Van</name>
			</possibleresult>
			<points>
				<point>50.000000,803.000000</point>
				<point>42.000000,815.000000</point>
				<point>35.000000,810.000000</point>
				<point>43.000000,798.000000</point>
				<point>50.000000,803.000000</point>
			</points>
		</object>
		<object>
			<coordinate>pixel</coordinate>
			<type>rectangle</type>
			<description>None</description>
			<possibleresult>
				<name>Small Car</name>
			</possibleresult>
			<points>
				<point>40.000000,816.000000</point>
				<point>30.000000,831.000000</point>
				<point>23.000000,827.000000</point>
				<point>33.000000,812.000000</point>
				<point>40.000000,816.000000</point>
			</points>
		</object>
		<object>
			<coordinate>pixel</coordinate>
			<type>rectangle</type>
			<description>None</description>
			<possibleresult>
				<name>Tennis Court</name>
			</possibleresult>
			<points>
				<point>634.000000,636.000000</point>
				<point>586.000000,635.000000</point>
				<point>585.000000,555.000000</point>
				<point>632.000000,555.000000</point>
				<point>634.000000,636.000000</point>
			</points>
		</object>
		<object>
			<coordinate>pixel</coordinate>
			<type>rectangle</type>
			<description>None</description>
			<possibleresult>
				<name>Tennis Court</name>
			</possibleresult>
			<points>
				<point>698.000000,635.000000</point>
				<point>650.000000,635.000000</point>
				<point>649.000000,556.000000</point>
				<point>697.000000,555.000000</point>
				<point>698.000000,635.000000</point>
			</points>
		</object>
		<object>
			<coordinate>pixel</coordinate>
			<type>rectangle</type>
			<description>None</description>
			<possibleresult>
				<name>Baseball Field</name>
			</possibleresult>
			<points>
				<point>658.000000,489.000000</point>
				<point>514.000000,492.000000</point>
				<point>512.000000,382.000000</point>
				<point>656.000000,380.000000</point>
				<point>658.000000,489.000000</point>
			</points>
		</object>
		<object>
			<coordinate>pixel</coordinate>
			<type>rectangle</type>
			<description>None</description>
			<possibleresult>
				<name>Small Car</name>
			</possibleresult>
			<points>
				<point>132.000000,74.000000</point>
				<point>124.000000,74.000000</point>
				<point>124.000000,59.000000</point>
				<point>132.000000,59.000000</point>
				<point>132.000000,74.000000</point>
			</points>
		</object>
		<object>
			<coordinate>pixel</coordinate>
			<type>rectangle</type>
			<description>None</description>
			<possibleresult>
				<name>Van</name>
			</possibleresult>
			<points>
				<point>299.000000,833.000000</point>
				<point>281.000000,833.000000</point>
				<point>281.000000,826.000000</point>
				<point>299.000000,826.000000</point>
				<point>299.000000,833.000000</point>
			</points>
		</object>
		<object>
			<coordinate>pixel</coordinate>
			<type>rectangle</type>
			<description>None</description>
			<possibleresult>
				<name>Van</name>
			</possibleresult>
			<points>
				<point>302.000000,865.000000</point>
				<point>284.000000,865.000000</point>
				<point>284.000000,859.000000</point>
				<point>302.000000,859.000000</point>
				<point>302.000000,865.000000</point>
			</points>
		</object>
	</objects>
</annotation>