<?xml version="1.0" encoding="utf-8"?>
<annotation>
	<source>
		<filename>1875.tif</filename>
		<origin>GF2/GF3</origin>
	</source>
	<research>
		<version>1.0</version>
		<provider>FAIR1M</provider>
		<author>Cyber</author>
		<pluginname>FAIR1M</pluginname>
		<pluginclass>object detection</pluginclass>
		<time>2021-07-21</time>
	</research>
	<size>
		<width>800</width>
		<height>800</height>
		<depth>3</depth>
	</size>
	<objects>
		<object>
			<coordinate>pixel</coordinate>
			<type>rectangle</type>
			<description>None</description>
			<possibleresult>
				<name>other-airplane</name>
			</possibleresult>
			<points>
				<point>734.000000,454.000000</point>
				<point>681.000000,488.000000</point>
				<point>646.000000,433.000000</point>
				<point>699.000000,399.000000</point>
				<point>734.000000,454.000000</point>
			</points>
		</object>
		<object>
			<coordinate>pixel</coordinate>
			<type>rectangle</type>
			<description>None</description>
			<possibleresult>
				<name>A220</name>
			</possibleresult>
			<points>
				<point>535.000000,576.000000</point>
				<point>499.000000,599.000000</point>
				<point>474.000000,559.000000</point>
				<point>510.000000,536.000000</point>
				<point>535.000000,576.000000</point>
			</points>
		</object>
		<object>
			<coordinate>pixel</coordinate>
			<type>rectangle</type>
			<description>None</description>
			<possibleresult>
				<name>Boeing737</name>
			</possibleresult>
			<points>
				<point>351.000000,686.000000</point>
				<point>315.000000,709.000000</point>
				<point>291.000000,672.000000</point>
				<point>327.000000,649.000000</point>
				<point>351.000000,686.000000</point>
			</points>
		</object>
		<object>
			<coordinate>pixel</coordinate>
			<type>rectangle</type>
			<description>None</description>
			<possibleresult>
				<name>A321</name>
			</possibleresult>
			<points>
				<point>275.000000,740.000000</point>
				<point>238.000000,762.000000</point>
				<point>211.000000,717.000000</point>
				<point>248.000000,695.000000</point>
				<point>275.000000,740.000000</point>
			</points>
		</object>
		<object>
			<coordinate>pixel</coordinate>
			<type>rectangle</type>
			<description>None</description>
			<possibleresult>
				<name>Boeing737</name>
			</possibleresult>
			<points>
				<point>161.000015,808.000000</point>
				<point>138.000015,770.000000</point>
				<point>175.268143,747.442993</point>
				<point>198.268143,785.442993</point>
				<point>161.000015,808.000000</point>
			</points>
		</object>
		<object>
			<coordinate>pixel</coordinate>
			<type>rectangle</type>
			<description>None</description>
			<possibleresult>
				<name>A220</name>
			</possibleresult>
			<points>
				<point>14.999992,667.000000</point>
				<point>-11.999998,627.000000</point>
				<point>24.324631,602.480835</point>
				<point>51.324623,642.480835</point>
				<point>14.999992,667.000000</point>
			</points>
		</object>
	</objects>
</annotation>