<?xml version="1.0" encoding="utf-8"?>
<annotation>
	<source>
		<filename>1890.tif</filename>
		<origin>GF2/GF3</origin>
	</source>
	<research>
		<version>1.0</version>
		<provider>FAIR1M</provider>
		<author>Cyber</author>
		<pluginname>FAIR1M</pluginname>
		<pluginclass>object detection</pluginclass>
		<time>2021-07-21</time>
	</research>
	<size>
		<width>1000</width>
		<height>1000</height>
		<depth>3</depth>
	</size>
	<objects>
		<object>
			<coordinate>pixel</coordinate>
			<type>rectangle</type>
			<description>None</description>
			<possibleresult>
				<name>Dry Cargo Ship</name>
			</possibleresult>
			<points>
				<point>57.000000,304.000000</point>
				<point>92.000000,224.000000</point>
				<point>71.000000,215.000000</point>
				<point>36.000000,295.000000</point>
				<point>57.000000,304.000000</point>
			</points>
		</object>
		<object>
			<coordinate>pixel</coordinate>
			<type>rectangle</type>
			<description>None</description>
			<possibleresult>
				<name>Liquid Cargo Ship</name>
			</possibleresult>
			<points>
				<point>65.000000,342.000000</point>
				<point>121.000000,241.000000</point>
				<point>104.000000,232.000000</point>
				<point>48.000000,333.000000</point>
				<point>65.000000,342.000000</point>
			</points>
		</object>
		<object>
			<coordinate>pixel</coordinate>
			<type>rectangle</type>
			<description>None</description>
			<possibleresult>
				<name>Dry Cargo Ship</name>
			</possibleresult>
			<points>
				<point>326.000000,365.000000</point>
				<point>266.000000,336.000000</point>
				<point>261.000000,347.000000</point>
				<point>321.000000,376.000000</point>
				<point>326.000000,365.000000</point>
			</points>
		</object>
		<object>
			<coordinate>pixel</coordinate>
			<type>rectangle</type>
			<description>None</description>
			<possibleresult>
				<name>Dry Cargo Ship</name>
			</possibleresult>
			<points>
				<point>312.000000,373.000000</point>
				<point>257.000000,345.000000</point>
				<point>252.000000,355.000000</point>
				<point>307.000000,383.000000</point>
				<point>312.000000,373.000000</point>
			</points>
		</object>
		<object>
			<coordinate>pixel</coordinate>
			<type>rectangle</type>
			<description>None</description>
			<possibleresult>
				<name>Dry Cargo Ship</name>
			</possibleresult>
			<points>
				<point>506.000000,481.000000</point>
				<point>458.000000,445.000000</point>
				<point>452.000000,453.000000</point>
				<point>500.000000,489.000000</point>
				<point>506.000000,481.000000</point>
			</points>
		</object>
		<object>
			<coordinate>pixel</coordinate>
			<type>rectangle</type>
			<description>None</description>
			<possibleresult>
				<name>Dry Cargo Ship</name>
			</possibleresult>
			<points>
				<point>505.000000,492.000000</point>
				<point>452.000000,453.000000</point>
				<point>446.000000,462.000000</point>
				<point>498.000000,501.000000</point>
				<point>505.000000,492.000000</point>
			</points>
		</object>
		<object>
			<coordinate>pixel</coordinate>
			<type>rectangle</type>
			<description>None</description>
			<possibleresult>
				<name>Dry Cargo Ship</name>
			</possibleresult>
			<points>
				<point>507.000000,503.000000</point>
				<point>544.000000,561.000000</point>
				<point>554.000000,554.000000</point>
				<point>518.000000,497.000000</point>
				<point>507.000000,503.000000</point>
			</points>
		</object>
		<object>
			<coordinate>pixel</coordinate>
			<type>rectangle</type>
			<description>None</description>
			<possibleresult>
				<name>Dry Cargo Ship</name>
			</possibleresult>
			<points>
				<point>730.000000,585.000000</point>
				<point>762.000000,611.000000</point>
				<point>768.000000,603.000000</point>
				<point>737.000000,577.000000</point>
				<point>730.000000,585.000000</point>
			</points>
		</object>
		<object>
			<coordinate>pixel</coordinate>
			<type>rectangle</type>
			<description>None</description>
			<possibleresult>
				<name>Dry Cargo Ship</name>
			</possibleresult>
			<points>
				<point>659.000000,560.000000</point>
				<point>779.000000,661.000000</point>
				<point>796.000000,641.000000</point>
				<point>675.000000,540.000000</point>
				<point>659.000000,560.000000</point>
			</points>
		</object>
		<object>
			<coordinate>pixel</coordinate>
			<type>rectangle</type>
			<description>None</description>
			<possibleresult>
				<name>Dry Cargo Ship</name>
			</possibleresult>
			<points>
				<point>671.000000,593.000000</point>
				<point>754.000000,663.000000</point>
				<point>764.000000,652.000000</point>
				<point>681.000000,581.000000</point>
				<point>671.000000,593.000000</point>
			</points>
		</object>
		<object>
			<coordinate>pixel</coordinate>
			<type>rectangle</type>
			<description>None</description>
			<possibleresult>
				<name>Dry Cargo Ship</name>
			</possibleresult>
			<points>
				<point>675.000000,652.000000</point>
				<point>762.000000,732.000000</point>
				<point>776.000000,716.000000</point>
				<point>689.000000,637.000000</point>
				<point>675.000000,652.000000</point>
			</points>
		</object>
	</objects>
</annotation>