<?xml version="1.0" encoding="utf-8"?>
<annotation>
	<source>
		<filename>1908.tif</filename>
		<origin>GF2/GF3</origin>
	</source>
	<research>
		<version>1.0</version>
		<provider>FAIR1M</provider>
		<author>Cyber</author>
		<pluginname>FAIR1M</pluginname>
		<pluginclass>object detection</pluginclass>
		<time>2021-07-21</time>
	</research>
	<size>
		<width>800</width>
		<height>600</height>
		<depth>3</depth>
	</size>
	<objects>
		<object>
			<coordinate>pixel</coordinate>
			<type>rectangle</type>
			<description>None</description>
			<possibleresult>
				<name>Dry Cargo Ship</name>
			</possibleresult>
			<points>
				<point>446.000000,409.000000</point>
				<point>440.000000,432.000000</point>
				<point>330.000000,402.000000</point>
				<point>336.000000,379.000000</point>
				<point>446.000000,409.000000</point>
			</points>
		</object>
		<object>
			<coordinate>pixel</coordinate>
			<type>rectangle</type>
			<description>None</description>
			<possibleresult>
				<name>Tugboat</name>
			</possibleresult>
			<points>
				<point>81.000000,159.000000</point>
				<point>52.000000,173.000000</point>
				<point>45.000000,159.000000</point>
				<point>74.000000,144.000000</point>
				<point>81.000000,159.000000</point>
			</points>
		</object>
	</objects>
</annotation>