<?xml version="1.0" encoding="utf-8"?>
<annotation>
	<source>
		<filename>1911.tif</filename>
		<origin>GF2/GF3</origin>
	</source>
	<research>
		<version>1.0</version>
		<provider>FAIR1M</provider>
		<author>Cyber</author>
		<pluginname>FAIR1M</pluginname>
		<pluginclass>object detection</pluginclass>
		<time>2021-07-21</time>
	</research>
	<size>
		<width>800</width>
		<height>600</height>
		<depth>4</depth>
	</size>
	<objects>
		<object>
			<coordinate>pixel</coordinate>
			<type>rectangle</type>
			<description>None</description>
			<possibleresult>
				<name>Small Car</name>
			</possibleresult>
			<points>
				<point>350.000000,349.000000</point>
				<point>347.000000,357.000000</point>
				<point>333.000000,351.000000</point>
				<point>335.000000,344.000000</point>
				<point>350.000000,349.000000</point>
			</points>
		</object>
		<object>
			<coordinate>pixel</coordinate>
			<type>rectangle</type>
			<description>None</description>
			<possibleresult>
				<name>Cargo Truck</name>
			</possibleresult>
			<points>
				<point>44.000000,530.000000</point>
				<point>40.000000,540.000000</point>
				<point>16.000000,528.000000</point>
				<point>20.000000,519.000000</point>
				<point>44.000000,530.000000</point>
			</points>
		</object>
		<object>
			<coordinate>pixel</coordinate>
			<type>rectangle</type>
			<description>None</description>
			<possibleresult>
				<name>Small Car</name>
			</possibleresult>
			<points>
				<point>70.000000,527.000000</point>
				<point>67.000000,533.000000</point>
				<point>50.000000,524.000000</point>
				<point>53.000000,519.000000</point>
				<point>70.000000,527.000000</point>
			</points>
		</object>
		<object>
			<coordinate>pixel</coordinate>
			<type>rectangle</type>
			<description>None</description>
			<possibleresult>
				<name>Small Car</name>
			</possibleresult>
			<points>
				<point>96.000000,537.000000</point>
				<point>93.000000,544.000000</point>
				<point>74.000000,536.000000</point>
				<point>76.000000,529.000000</point>
				<point>96.000000,537.000000</point>
			</points>
		</object>
		<object>
			<coordinate>pixel</coordinate>
			<type>rectangle</type>
			<description>None</description>
			<possibleresult>
				<name>Van</name>
			</possibleresult>
			<points>
				<point>128.000000,550.000000</point>
				<point>125.000000,557.000000</point>
				<point>102.000000,547.000000</point>
				<point>105.000000,540.000000</point>
				<point>128.000000,550.000000</point>
			</points>
		</object>
		<object>
			<coordinate>pixel</coordinate>
			<type>rectangle</type>
			<description>None</description>
			<possibleresult>
				<name>Small Car</name>
			</possibleresult>
			<points>
				<point>180.000000,572.000000</point>
				<point>177.000000,579.000000</point>
				<point>158.000000,571.000000</point>
				<point>160.000000,564.000000</point>
				<point>180.000000,572.000000</point>
			</points>
		</object>
		<object>
			<coordinate>pixel</coordinate>
			<type>rectangle</type>
			<description>None</description>
			<possibleresult>
				<name>Van</name>
			</possibleresult>
			<points>
				<point>774.000000,528.000000</point>
				<point>770.000000,536.000000</point>
				<point>746.000000,526.000000</point>
				<point>749.000000,518.000000</point>
				<point>774.000000,528.000000</point>
			</points>
		</object>
		<object>
			<coordinate>pixel</coordinate>
			<type>rectangle</type>
			<description>None</description>
			<possibleresult>
				<name>Van</name>
			</possibleresult>
			<points>
				<point>777.000000,510.000000</point>
				<point>774.000000,517.000000</point>
				<point>756.000000,509.000000</point>
				<point>759.000000,502.000000</point>
				<point>777.000000,510.000000</point>
			</points>
		</object>
		<object>
			<coordinate>pixel</coordinate>
			<type>rectangle</type>
			<description>None</description>
			<possibleresult>
				<name>Small Car</name>
			</possibleresult>
			<points>
				<point>742.000000,516.000000</point>
				<point>739.000000,523.000000</point>
				<point>719.000000,515.000000</point>
				<point>722.000000,509.000000</point>
				<point>742.000000,516.000000</point>
			</points>
		</object>
		<object>
			<coordinate>pixel</coordinate>
			<type>rectangle</type>
			<description>None</description>
			<possibleresult>
				<name>Van</name>
			</possibleresult>
			<points>
				<point>713.000000,505.000000</point>
				<point>710.000000,510.000000</point>
				<point>690.000000,501.000000</point>
				<point>692.000000,495.000000</point>
				<point>713.000000,505.000000</point>
			</points>
		</object>
		<object>
			<coordinate>pixel</coordinate>
			<type>rectangle</type>
			<description>None</description>
			<possibleresult>
				<name>Small Car</name>
			</possibleresult>
			<points>
				<point>743.000000,462.000000</point>
				<point>739.000000,469.000000</point>
				<point>728.000000,465.000000</point>
				<point>731.000000,457.000000</point>
				<point>743.000000,462.000000</point>
			</points>
		</object>
		<object>
			<coordinate>pixel</coordinate>
			<type>rectangle</type>
			<description>None</description>
			<possibleresult>
				<name>Small Car</name>
			</possibleresult>
			<points>
				<point>701.000000,446.000000</point>
				<point>698.000000,452.000000</point>
				<point>690.000000,448.000000</point>
				<point>693.000000,442.000000</point>
				<point>701.000000,446.000000</point>
			</points>
		</object>
		<object>
			<coordinate>pixel</coordinate>
			<type>rectangle</type>
			<description>None</description>
			<possibleresult>
				<name>Small Car</name>
			</possibleresult>
			<points>
				<point>726.000000,456.000000</point>
				<point>724.000000,463.000000</point>
				<point>707.000000,455.000000</point>
				<point>710.000000,449.000000</point>
				<point>726.000000,456.000000</point>
			</points>
		</object>
		<object>
			<coordinate>pixel</coordinate>
			<type>rectangle</type>
			<description>None</description>
			<possibleresult>
				<name>Small Car</name>
			</possibleresult>
			<points>
				<point>679.000000,485.000000</point>
				<point>675.000000,491.000000</point>
				<point>657.000000,482.000000</point>
				<point>660.000000,475.000000</point>
				<point>679.000000,485.000000</point>
			</points>
		</object>
		<object>
			<coordinate>pixel</coordinate>
			<type>rectangle</type>
			<description>None</description>
			<possibleresult>
				<name>Van</name>
			</possibleresult>
			<points>
				<point>651.000000,477.000000</point>
				<point>648.000000,484.000000</point>
				<point>626.000000,476.000000</point>
				<point>629.000000,468.000000</point>
				<point>651.000000,477.000000</point>
			</points>
		</object>
		<object>
			<coordinate>pixel</coordinate>
			<type>rectangle</type>
			<description>None</description>
			<possibleresult>
				<name>Small Car</name>
			</possibleresult>
			<points>
				<point>625.000000,467.000000</point>
				<point>623.000000,473.000000</point>
				<point>607.000000,466.000000</point>
				<point>609.000000,460.000000</point>
				<point>625.000000,467.000000</point>
			</points>
		</object>
		<object>
			<coordinate>pixel</coordinate>
			<type>rectangle</type>
			<description>None</description>
			<possibleresult>
				<name>Cargo Truck</name>
			</possibleresult>
			<points>
				<point>608.000000,456.000000</point>
				<point>604.000000,465.000000</point>
				<point>589.000000,458.000000</point>
				<point>593.000000,449.000000</point>
				<point>608.000000,456.000000</point>
			</points>
		</object>
		<object>
			<coordinate>pixel</coordinate>
			<type>rectangle</type>
			<description>None</description>
			<possibleresult>
				<name>Van</name>
			</possibleresult>
			<points>
				<point>607.000000,443.000000</point>
				<point>605.000000,449.000000</point>
				<point>589.000000,443.000000</point>
				<point>591.000000,437.000000</point>
				<point>607.000000,443.000000</point>
			</points>
		</object>
		<object>
			<coordinate>pixel</coordinate>
			<type>rectangle</type>
			<description>None</description>
			<possibleresult>
				<name>Van</name>
			</possibleresult>
			<points>
				<point>650.000000,433.000000</point>
				<point>647.000000,441.000000</point>
				<point>626.000000,432.000000</point>
				<point>628.000000,425.000000</point>
				<point>650.000000,433.000000</point>
			</points>
		</object>
		<object>
			<coordinate>pixel</coordinate>
			<type>rectangle</type>
			<description>None</description>
			<possibleresult>
				<name>Small Car</name>
			</possibleresult>
			<points>
				<point>650.000000,424.000000</point>
				<point>646.000000,431.000000</point>
				<point>632.000000,424.000000</point>
				<point>636.000000,417.000000</point>
				<point>650.000000,424.000000</point>
			</points>
		</object>
		<object>
			<coordinate>pixel</coordinate>
			<type>rectangle</type>
			<description>None</description>
			<possibleresult>
				<name>Small Car</name>
			</possibleresult>
			<points>
				<point>632.000000,418.000000</point>
				<point>629.000000,425.000000</point>
				<point>613.000000,417.000000</point>
				<point>616.000000,410.000000</point>
				<point>632.000000,418.000000</point>
			</points>
		</object>
		<object>
			<coordinate>pixel</coordinate>
			<type>rectangle</type>
			<description>None</description>
			<possibleresult>
				<name>Dump Truck</name>
			</possibleresult>
			<points>
				<point>614.000000,406.000000</point>
				<point>610.000000,416.000000</point>
				<point>578.000000,403.000000</point>
				<point>583.000000,393.000000</point>
				<point>614.000000,406.000000</point>
			</points>
		</object>
		<object>
			<coordinate>pixel</coordinate>
			<type>rectangle</type>
			<description>None</description>
			<possibleresult>
				<name>Small Car</name>
			</possibleresult>
			<points>
				<point>569.000000,401.000000</point>
				<point>566.000000,406.000000</point>
				<point>553.000000,399.000000</point>
				<point>556.000000,393.000000</point>
				<point>569.000000,401.000000</point>
			</points>
		</object>
		<object>
			<coordinate>pixel</coordinate>
			<type>rectangle</type>
			<description>None</description>
			<possibleresult>
				<name>Small Car</name>
			</possibleresult>
			<points>
				<point>569.000000,390.000000</point>
				<point>566.000000,396.000000</point>
				<point>550.000000,389.000000</point>
				<point>553.000000,383.000000</point>
				<point>569.000000,390.000000</point>
			</points>
		</object>
		<object>
			<coordinate>pixel</coordinate>
			<type>rectangle</type>
			<description>None</description>
			<possibleresult>
				<name>Van</name>
			</possibleresult>
			<points>
				<point>549.000000,382.000000</point>
				<point>546.000000,389.000000</point>
				<point>526.000000,380.000000</point>
				<point>529.000000,373.000000</point>
				<point>549.000000,382.000000</point>
			</points>
		</object>
		<object>
			<coordinate>pixel</coordinate>
			<type>rectangle</type>
			<description>None</description>
			<possibleresult>
				<name>Small Car</name>
			</possibleresult>
			<points>
				<point>544.000000,432.000000</point>
				<point>542.000000,439.000000</point>
				<point>523.000000,432.000000</point>
				<point>525.000000,425.000000</point>
				<point>544.000000,432.000000</point>
			</points>
		</object>
		<object>
			<coordinate>pixel</coordinate>
			<type>rectangle</type>
			<description>None</description>
			<possibleresult>
				<name>Van</name>
			</possibleresult>
			<points>
				<point>521.000000,423.000000</point>
				<point>518.000000,430.000000</point>
				<point>501.000000,422.000000</point>
				<point>504.000000,416.000000</point>
				<point>521.000000,423.000000</point>
			</points>
		</object>
		<object>
			<coordinate>pixel</coordinate>
			<type>rectangle</type>
			<description>None</description>
			<possibleresult>
				<name>Van</name>
			</possibleresult>
			<points>
				<point>552.000000,417.000000</point>
				<point>549.000000,424.000000</point>
				<point>530.000000,417.000000</point>
				<point>533.000000,410.000000</point>
				<point>552.000000,417.000000</point>
			</points>
		</object>
		<object>
			<coordinate>pixel</coordinate>
			<type>rectangle</type>
			<description>None</description>
			<possibleresult>
				<name>Small Car</name>
			</possibleresult>
			<points>
				<point>527.000000,407.000000</point>
				<point>524.000000,413.000000</point>
				<point>504.000000,404.000000</point>
				<point>507.000000,397.000000</point>
				<point>527.000000,407.000000</point>
			</points>
		</object>
		<object>
			<coordinate>pixel</coordinate>
			<type>rectangle</type>
			<description>None</description>
			<possibleresult>
				<name>Small Car</name>
			</possibleresult>
			<points>
				<point>499.000000,414.000000</point>
				<point>496.000000,421.000000</point>
				<point>477.000000,412.000000</point>
				<point>480.000000,406.000000</point>
				<point>499.000000,414.000000</point>
			</points>
		</object>
		<object>
			<coordinate>pixel</coordinate>
			<type>rectangle</type>
			<description>None</description>
			<possibleresult>
				<name>Small Car</name>
			</possibleresult>
			<points>
				<point>478.000000,405.000000</point>
				<point>474.000000,411.000000</point>
				<point>456.000000,402.000000</point>
				<point>459.000000,396.000000</point>
				<point>478.000000,405.000000</point>
			</points>
		</object>
		<object>
			<coordinate>pixel</coordinate>
			<type>rectangle</type>
			<description>None</description>
			<possibleresult>
				<name>Small Car</name>
			</possibleresult>
			<points>
				<point>493.000000,392.000000</point>
				<point>491.000000,398.000000</point>
				<point>473.000000,390.000000</point>
				<point>476.000000,384.000000</point>
				<point>493.000000,392.000000</point>
			</points>
		</object>
		<object>
			<coordinate>pixel</coordinate>
			<type>rectangle</type>
			<description>None</description>
			<possibleresult>
				<name>Small Car</name>
			</possibleresult>
			<points>
				<point>495.000000,381.000000</point>
				<point>492.000000,387.000000</point>
				<point>474.000000,380.000000</point>
				<point>477.000000,373.000000</point>
				<point>495.000000,381.000000</point>
			</points>
		</object>
		<object>
			<coordinate>pixel</coordinate>
			<type>rectangle</type>
			<description>None</description>
			<possibleresult>
				<name>Van</name>
			</possibleresult>
			<points>
				<point>454.000000,395.000000</point>
				<point>451.000000,402.000000</point>
				<point>432.000000,394.000000</point>
				<point>435.000000,387.000000</point>
				<point>454.000000,395.000000</point>
			</points>
		</object>
		<object>
			<coordinate>pixel</coordinate>
			<type>rectangle</type>
			<description>None</description>
			<possibleresult>
				<name>Small Car</name>
			</possibleresult>
			<points>
				<point>465.000000,379.000000</point>
				<point>461.000000,387.000000</point>
				<point>443.000000,379.000000</point>
				<point>446.000000,371.000000</point>
				<point>465.000000,379.000000</point>
			</points>
		</object>
		<object>
			<coordinate>pixel</coordinate>
			<type>rectangle</type>
			<description>None</description>
			<possibleresult>
				<name>Dump Truck</name>
			</possibleresult>
			<points>
				<point>434.000000,383.000000</point>
				<point>429.000000,392.000000</point>
				<point>401.000000,379.000000</point>
				<point>405.000000,370.000000</point>
				<point>434.000000,383.000000</point>
			</points>
		</object>
		<object>
			<coordinate>pixel</coordinate>
			<type>rectangle</type>
			<description>None</description>
			<possibleresult>
				<name>Cargo Truck</name>
			</possibleresult>
			<points>
				<point>401.000000,369.000000</point>
				<point>396.000000,379.000000</point>
				<point>370.000000,366.000000</point>
				<point>375.000000,356.000000</point>
				<point>401.000000,369.000000</point>
			</points>
		</object>
		<object>
			<coordinate>pixel</coordinate>
			<type>rectangle</type>
			<description>None</description>
			<possibleresult>
				<name>Small Car</name>
			</possibleresult>
			<points>
				<point>436.000000,367.000000</point>
				<point>433.000000,375.000000</point>
				<point>414.000000,367.000000</point>
				<point>417.000000,359.000000</point>
				<point>436.000000,367.000000</point>
			</points>
		</object>
		<object>
			<coordinate>pixel</coordinate>
			<type>rectangle</type>
			<description>None</description>
			<possibleresult>
				<name>Small Car</name>
			</possibleresult>
			<points>
				<point>412.000000,358.000000</point>
				<point>409.000000,366.000000</point>
				<point>389.000000,358.000000</point>
				<point>392.000000,350.000000</point>
				<point>412.000000,358.000000</point>
			</points>
		</object>
		<object>
			<coordinate>pixel</coordinate>
			<type>rectangle</type>
			<description>None</description>
			<possibleresult>
				<name>Van</name>
			</possibleresult>
			<points>
				<point>433.000000,340.000000</point>
				<point>430.000000,348.000000</point>
				<point>411.000000,341.000000</point>
				<point>414.000000,334.000000</point>
				<point>433.000000,340.000000</point>
			</points>
		</object>
		<object>
			<coordinate>pixel</coordinate>
			<type>rectangle</type>
			<description>None</description>
			<possibleresult>
				<name>Van</name>
			</possibleresult>
			<points>
				<point>420.000000,326.000000</point>
				<point>417.000000,334.000000</point>
				<point>395.000000,325.000000</point>
				<point>398.000000,317.000000</point>
				<point>420.000000,326.000000</point>
			</points>
		</object>
		<object>
			<coordinate>pixel</coordinate>
			<type>rectangle</type>
			<description>None</description>
			<possibleresult>
				<name>Small Car</name>
			</possibleresult>
			<points>
				<point>378.000000,343.000000</point>
				<point>375.000000,351.000000</point>
				<point>358.000000,345.000000</point>
				<point>360.000000,337.000000</point>
				<point>378.000000,343.000000</point>
			</points>
		</object>
		<object>
			<coordinate>pixel</coordinate>
			<type>rectangle</type>
			<description>None</description>
			<possibleresult>
				<name>Small Car</name>
			</possibleresult>
			<points>
				<point>353.000000,334.000000</point>
				<point>350.000000,341.000000</point>
				<point>331.000000,332.000000</point>
				<point>334.000000,326.000000</point>
				<point>353.000000,334.000000</point>
			</points>
		</object>
		<object>
			<coordinate>pixel</coordinate>
			<type>rectangle</type>
			<description>None</description>
			<possibleresult>
				<name>Cargo Truck</name>
			</possibleresult>
			<points>
				<point>391.000000,313.000000</point>
				<point>387.000000,323.000000</point>
				<point>345.000000,306.000000</point>
				<point>349.000000,296.000000</point>
				<point>391.000000,313.000000</point>
			</points>
		</object>
		<object>
			<coordinate>pixel</coordinate>
			<type>rectangle</type>
			<description>None</description>
			<possibleresult>
				<name>Van</name>
			</possibleresult>
			<points>
				<point>338.000000,291.000000</point>
				<point>335.000000,299.000000</point>
				<point>314.000000,291.000000</point>
				<point>317.000000,283.000000</point>
				<point>338.000000,291.000000</point>
			</points>
		</object>
		<object>
			<coordinate>pixel</coordinate>
			<type>rectangle</type>
			<description>None</description>
			<possibleresult>
				<name>Van</name>
			</possibleresult>
			<points>
				<point>315.000000,281.000000</point>
				<point>312.000000,290.000000</point>
				<point>284.000000,279.000000</point>
				<point>287.000000,271.000000</point>
				<point>315.000000,281.000000</point>
			</points>
		</object>
		<object>
			<coordinate>pixel</coordinate>
			<type>rectangle</type>
			<description>None</description>
			<possibleresult>
				<name>Van</name>
			</possibleresult>
			<points>
				<point>321.000000,318.000000</point>
				<point>318.000000,326.000000</point>
				<point>296.000000,318.000000</point>
				<point>299.000000,309.000000</point>
				<point>321.000000,318.000000</point>
			</points>
		</object>
		<object>
			<coordinate>pixel</coordinate>
			<type>rectangle</type>
			<description>None</description>
			<possibleresult>
				<name>Van</name>
			</possibleresult>
			<points>
				<point>276.000000,320.000000</point>
				<point>274.000000,326.000000</point>
				<point>258.000000,319.000000</point>
				<point>261.000000,313.000000</point>
				<point>276.000000,320.000000</point>
			</points>
		</object>
		<object>
			<coordinate>pixel</coordinate>
			<type>rectangle</type>
			<description>None</description>
			<possibleresult>
				<name>Small Car</name>
			</possibleresult>
			<points>
				<point>283.000000,301.000000</point>
				<point>280.000000,309.000000</point>
				<point>261.000000,301.000000</point>
				<point>263.000000,294.000000</point>
				<point>283.000000,301.000000</point>
			</points>
		</object>
		<object>
			<coordinate>pixel</coordinate>
			<type>rectangle</type>
			<description>None</description>
			<possibleresult>
				<name>Small Car</name>
			</possibleresult>
			<points>
				<point>258.000000,312.000000</point>
				<point>255.000000,319.000000</point>
				<point>236.000000,312.000000</point>
				<point>238.000000,305.000000</point>
				<point>258.000000,312.000000</point>
			</points>
		</object>
		<object>
			<coordinate>pixel</coordinate>
			<type>rectangle</type>
			<description>None</description>
			<possibleresult>
				<name>Dump Truck</name>
			</possibleresult>
			<points>
				<point>238.000000,301.000000</point>
				<point>236.000000,307.000000</point>
				<point>215.000000,298.000000</point>
				<point>217.000000,292.000000</point>
				<point>238.000000,301.000000</point>
			</points>
		</object>
		<object>
			<coordinate>pixel</coordinate>
			<type>rectangle</type>
			<description>None</description>
			<possibleresult>
				<name>Small Car</name>
			</possibleresult>
			<points>
				<point>213.000000,292.000000</point>
				<point>210.000000,299.000000</point>
				<point>192.000000,292.000000</point>
				<point>195.000000,285.000000</point>
				<point>213.000000,292.000000</point>
			</points>
		</object>
		<object>
			<coordinate>pixel</coordinate>
			<type>rectangle</type>
			<description>None</description>
			<possibleresult>
				<name>Small Car</name>
			</possibleresult>
			<points>
				<point>245.000000,286.000000</point>
				<point>243.000000,292.000000</point>
				<point>224.000000,284.000000</point>
				<point>227.000000,278.000000</point>
				<point>245.000000,286.000000</point>
			</points>
		</object>
		<object>
			<coordinate>pixel</coordinate>
			<type>rectangle</type>
			<description>None</description>
			<possibleresult>
				<name>Van</name>
			</possibleresult>
			<points>
				<point>204.000000,278.000000</point>
				<point>200.000000,286.000000</point>
				<point>185.000000,280.000000</point>
				<point>189.000000,272.000000</point>
				<point>204.000000,278.000000</point>
			</points>
		</object>
		<object>
			<coordinate>pixel</coordinate>
			<type>rectangle</type>
			<description>None</description>
			<possibleresult>
				<name>Van</name>
			</possibleresult>
			<points>
				<point>236.000000,262.000000</point>
				<point>233.000000,268.000000</point>
				<point>215.000000,260.000000</point>
				<point>218.000000,254.000000</point>
				<point>236.000000,262.000000</point>
			</points>
		</object>
		<object>
			<coordinate>pixel</coordinate>
			<type>rectangle</type>
			<description>None</description>
			<possibleresult>
				<name>Van</name>
			</possibleresult>
			<points>
				<point>246.000000,254.000000</point>
				<point>242.000000,263.000000</point>
				<point>225.000000,254.000000</point>
				<point>229.000000,245.000000</point>
				<point>246.000000,254.000000</point>
			</points>
		</object>
		<object>
			<coordinate>pixel</coordinate>
			<type>rectangle</type>
			<description>None</description>
			<possibleresult>
				<name>Van</name>
			</possibleresult>
			<points>
				<point>213.000000,240.000000</point>
				<point>210.000000,247.000000</point>
				<point>189.000000,238.000000</point>
				<point>192.000000,231.000000</point>
				<point>213.000000,240.000000</point>
			</points>
		</object>
		<object>
			<coordinate>pixel</coordinate>
			<type>rectangle</type>
			<description>None</description>
			<possibleresult>
				<name>Van</name>
			</possibleresult>
			<points>
				<point>185.000000,228.000000</point>
				<point>182.000000,235.000000</point>
				<point>163.000000,227.000000</point>
				<point>166.000000,220.000000</point>
				<point>185.000000,228.000000</point>
			</points>
		</object>
		<object>
			<coordinate>pixel</coordinate>
			<type>rectangle</type>
			<description>None</description>
			<possibleresult>
				<name>Van</name>
			</possibleresult>
			<points>
				<point>167.000000,253.000000</point>
				<point>164.000000,259.000000</point>
				<point>146.000000,250.000000</point>
				<point>149.000000,244.000000</point>
				<point>167.000000,253.000000</point>
			</points>
		</object>
		<object>
			<coordinate>pixel</coordinate>
			<type>rectangle</type>
			<description>None</description>
			<possibleresult>
				<name>Van</name>
			</possibleresult>
			<points>
				<point>123.000000,244.000000</point>
				<point>120.000000,250.000000</point>
				<point>108.000000,244.000000</point>
				<point>111.000000,238.000000</point>
				<point>123.000000,244.000000</point>
			</points>
		</object>
		<object>
			<coordinate>pixel</coordinate>
			<type>rectangle</type>
			<description>None</description>
			<possibleresult>
				<name>Cargo Truck</name>
			</possibleresult>
			<points>
				<point>118.000000,251.000000</point>
				<point>114.000000,260.000000</point>
				<point>79.000000,244.000000</point>
				<point>83.000000,236.000000</point>
				<point>118.000000,251.000000</point>
			</points>
		</object>
		<object>
			<coordinate>pixel</coordinate>
			<type>rectangle</type>
			<description>None</description>
			<possibleresult>
				<name>Dump Truck</name>
			</possibleresult>
			<points>
				<point>65.000000,229.000000</point>
				<point>62.000000,237.000000</point>
				<point>36.000000,226.000000</point>
				<point>40.000000,218.000000</point>
				<point>65.000000,229.000000</point>
			</points>
		</object>
		<object>
			<coordinate>pixel</coordinate>
			<type>rectangle</type>
			<description>None</description>
			<possibleresult>
				<name>Small Car</name>
			</possibleresult>
			<points>
				<point>158.000000,218.000000</point>
				<point>156.000000,224.000000</point>
				<point>138.000000,216.000000</point>
				<point>141.000000,210.000000</point>
				<point>158.000000,218.000000</point>
			</points>
		</object>
		<object>
			<coordinate>pixel</coordinate>
			<type>rectangle</type>
			<description>None</description>
			<possibleresult>
				<name>Van</name>
			</possibleresult>
			<points>
				<point>137.000000,208.000000</point>
				<point>134.000000,216.000000</point>
				<point>110.000000,206.000000</point>
				<point>113.000000,198.000000</point>
				<point>137.000000,208.000000</point>
			</points>
		</object>
		<object>
			<coordinate>pixel</coordinate>
			<type>rectangle</type>
			<description>None</description>
			<possibleresult>
				<name>Van</name>
			</possibleresult>
			<points>
				<point>102.000000,225.000000</point>
				<point>99.000000,231.000000</point>
				<point>82.000000,223.000000</point>
				<point>85.000000,216.000000</point>
				<point>102.000000,225.000000</point>
			</points>
		</object>
		<object>
			<coordinate>pixel</coordinate>
			<type>rectangle</type>
			<description>None</description>
			<possibleresult>
				<name>Dump Truck</name>
			</possibleresult>
			<points>
				<point>75.000000,211.000000</point>
				<point>71.000000,218.000000</point>
				<point>53.000000,209.000000</point>
				<point>57.000000,202.000000</point>
				<point>75.000000,211.000000</point>
			</points>
		</object>
		<object>
			<coordinate>pixel</coordinate>
			<type>rectangle</type>
			<description>None</description>
			<possibleresult>
				<name>Cargo Truck</name>
			</possibleresult>
			<points>
				<point>61.000000,216.000000</point>
				<point>57.000000,225.000000</point>
				<point>26.000000,211.000000</point>
				<point>30.000000,202.000000</point>
				<point>61.000000,216.000000</point>
			</points>
		</object>
		<object>
			<coordinate>pixel</coordinate>
			<type>rectangle</type>
			<description>None</description>
			<possibleresult>
				<name>Van</name>
			</possibleresult>
			<points>
				<point>16.000000,209.000000</point>
				<point>14.000000,215.000000</point>
				<point>0.000000,208.000000</point>
				<point>0.000000,201.000000</point>
				<point>16.000000,209.000000</point>
			</points>
		</object>
		<object>
			<coordinate>pixel</coordinate>
			<type>rectangle</type>
			<description>None</description>
			<possibleresult>
				<name>Van</name>
			</possibleresult>
			<points>
				<point>49.000000,200.000000</point>
				<point>46.000000,205.000000</point>
				<point>32.000000,199.000000</point>
				<point>34.000000,194.000000</point>
				<point>49.000000,200.000000</point>
			</points>
		</object>
		<object>
			<coordinate>pixel</coordinate>
			<type>rectangle</type>
			<description>None</description>
			<possibleresult>
				<name>Small Car</name>
			</possibleresult>
			<points>
				<point>91.000000,189.000000</point>
				<point>88.000000,196.000000</point>
				<point>67.000000,186.000000</point>
				<point>70.000000,179.000000</point>
				<point>91.000000,189.000000</point>
			</points>
		</object>
		<object>
			<coordinate>pixel</coordinate>
			<type>rectangle</type>
			<description>None</description>
			<possibleresult>
				<name>Small Car</name>
			</possibleresult>
			<points>
				<point>67.000000,178.000000</point>
				<point>64.000000,185.000000</point>
				<point>44.000000,177.000000</point>
				<point>47.000000,170.000000</point>
				<point>67.000000,178.000000</point>
			</points>
		</object>
		<object>
			<coordinate>pixel</coordinate>
			<type>rectangle</type>
			<description>None</description>
			<possibleresult>
				<name>Small Car</name>
			</possibleresult>
			<points>
				<point>45.000000,170.000000</point>
				<point>43.000000,176.000000</point>
				<point>26.000000,168.000000</point>
				<point>28.000000,162.000000</point>
				<point>45.000000,170.000000</point>
			</points>
		</object>
		<object>
			<coordinate>pixel</coordinate>
			<type>rectangle</type>
			<description>None</description>
			<possibleresult>
				<name>Dump Truck</name>
			</possibleresult>
			<points>
				<point>18.000000,158.000000</point>
				<point>16.000000,165.000000</point>
				<point>0.000000,158.000000</point>
				<point>0.000000,150.000000</point>
				<point>18.000000,158.000000</point>
			</points>
		</object>
		<object>
			<coordinate>pixel</coordinate>
			<type>rectangle</type>
			<description>None</description>
			<possibleresult>
				<name>Small Car</name>
			</possibleresult>
			<points>
				<point>735.000000,140.000000</point>
				<point>732.000000,146.000000</point>
				<point>716.000000,138.000000</point>
				<point>720.000000,131.000000</point>
				<point>735.000000,140.000000</point>
			</points>
		</object>
		<object>
			<coordinate>pixel</coordinate>
			<type>rectangle</type>
			<description>None</description>
			<possibleresult>
				<name>Small Car</name>
			</possibleresult>
			<points>
				<point>693.000000,122.000000</point>
				<point>691.000000,128.000000</point>
				<point>674.000000,120.000000</point>
				<point>677.000000,114.000000</point>
				<point>693.000000,122.000000</point>
			</points>
		</object>
		<object>
			<coordinate>pixel</coordinate>
			<type>rectangle</type>
			<description>None</description>
			<possibleresult>
				<name>Small Car</name>
			</possibleresult>
			<points>
				<point>553.000000,87.000000</point>
				<point>550.000000,95.000000</point>
				<point>537.000000,89.000000</point>
				<point>540.000000,82.000000</point>
				<point>553.000000,87.000000</point>
			</points>
		</object>
		<object>
			<coordinate>pixel</coordinate>
			<type>rectangle</type>
			<description>None</description>
			<possibleresult>
				<name>Cargo Truck</name>
			</possibleresult>
			<points>
				<point>589.000000,76.000000</point>
				<point>586.000000,85.000000</point>
				<point>540.000000,67.000000</point>
				<point>544.000000,57.000000</point>
				<point>589.000000,76.000000</point>
			</points>
		</object>
		<object>
			<coordinate>pixel</coordinate>
			<type>rectangle</type>
			<description>None</description>
			<possibleresult>
				<name>Small Car</name>
			</possibleresult>
			<points>
				<point>543.000000,58.000000</point>
				<point>540.000000,65.000000</point>
				<point>521.000000,57.000000</point>
				<point>524.000000,50.000000</point>
				<point>543.000000,58.000000</point>
			</points>
		</object>
		<object>
			<coordinate>pixel</coordinate>
			<type>rectangle</type>
			<description>None</description>
			<possibleresult>
				<name>Van</name>
			</possibleresult>
			<points>
				<point>504.000000,42.000000</point>
				<point>501.000000,49.000000</point>
				<point>483.000000,40.000000</point>
				<point>486.000000,34.000000</point>
				<point>504.000000,42.000000</point>
			</points>
		</object>
		<object>
			<coordinate>pixel</coordinate>
			<type>rectangle</type>
			<description>None</description>
			<possibleresult>
				<name>Van</name>
			</possibleresult>
			<points>
				<point>413.000000,30.000000</point>
				<point>411.000000,37.000000</point>
				<point>393.000000,30.000000</point>
				<point>395.000000,23.000000</point>
				<point>413.000000,30.000000</point>
			</points>
		</object>
		<object>
			<coordinate>pixel</coordinate>
			<type>rectangle</type>
			<description>None</description>
			<possibleresult>
				<name>Van</name>
			</possibleresult>
			<points>
				<point>271.000000,264.000000</point>
				<point>267.000000,272.000000</point>
				<point>244.000000,262.000000</point>
				<point>248.000000,254.000000</point>
				<point>271.000000,264.000000</point>
			</points>
		</object>
	</objects>
</annotation>