<?xml version="1.0" encoding="utf-8"?>
<annotation>
	<source>
		<filename>2013.tif</filename>
		<origin>GF2/GF3</origin>
	</source>
	<research>
		<version>1.0</version>
		<provider>FAIR1M</provider>
		<author>Cyber</author>
		<pluginname>FAIR1M</pluginname>
		<pluginclass>object detection</pluginclass>
		<time>2021-07-21</time>
	</research>
	<size>
		<width>1000</width>
		<height>1000</height>
		<depth>3</depth>
	</size>
	<objects>
		<object>
			<coordinate>pixel</coordinate>
			<type>rectangle</type>
			<description>None</description>
			<possibleresult>
				<name>Van</name>
			</possibleresult>
			<points>
				<point>361.000000,183.000000</point>
				<point>353.000000,187.000000</point>
				<point>345.000000,170.000000</point>
				<point>352.000000,166.000000</point>
				<point>361.000000,183.000000</point>
			</points>
		</object>
		<object>
			<coordinate>pixel</coordinate>
			<type>rectangle</type>
			<description>None</description>
			<possibleresult>
				<name>Dump Truck</name>
			</possibleresult>
			<points>
				<point>290.000000,393.000000</point>
				<point>283.000000,399.000000</point>
				<point>266.000000,380.000000</point>
				<point>273.000000,374.000000</point>
				<point>290.000000,393.000000</point>
			</points>
		</object>
		<object>
			<coordinate>pixel</coordinate>
			<type>rectangle</type>
			<description>None</description>
			<possibleresult>
				<name>Dump Truck</name>
			</possibleresult>
			<points>
				<point>410.000000,359.000000</point>
				<point>392.000000,373.000000</point>
				<point>386.000000,365.000000</point>
				<point>403.000000,351.000000</point>
				<point>410.000000,359.000000</point>
			</points>
		</object>
		<object>
			<coordinate>pixel</coordinate>
			<type>rectangle</type>
			<description>None</description>
			<possibleresult>
				<name>Van</name>
			</possibleresult>
			<points>
				<point>304.000000,730.000000</point>
				<point>289.000000,741.000000</point>
				<point>283.000000,733.000000</point>
				<point>299.000000,721.000000</point>
				<point>304.000000,730.000000</point>
			</points>
		</object>
		<object>
			<coordinate>pixel</coordinate>
			<type>rectangle</type>
			<description>None</description>
			<possibleresult>
				<name>Small Car</name>
			</possibleresult>
			<points>
				<point>328.000000,717.000000</point>
				<point>309.000000,729.000000</point>
				<point>304.000000,719.000000</point>
				<point>322.000000,708.000000</point>
				<point>328.000000,717.000000</point>
			</points>
		</object>
		<object>
			<coordinate>pixel</coordinate>
			<type>rectangle</type>
			<description>None</description>
			<possibleresult>
				<name>Small Car</name>
			</possibleresult>
			<points>
				<point>190.000000,680.000000</point>
				<point>184.000000,686.000000</point>
				<point>171.000000,673.000000</point>
				<point>177.000000,667.000000</point>
				<point>190.000000,680.000000</point>
			</points>
		</object>
		<object>
			<coordinate>pixel</coordinate>
			<type>rectangle</type>
			<description>None</description>
			<possibleresult>
				<name>Van</name>
			</possibleresult>
			<points>
				<point>49.000000,607.000000</point>
				<point>42.000000,612.000000</point>
				<point>32.000000,598.000000</point>
				<point>39.000000,593.000000</point>
				<point>49.000000,607.000000</point>
			</points>
		</object>
		<object>
			<coordinate>pixel</coordinate>
			<type>rectangle</type>
			<description>None</description>
			<possibleresult>
				<name>Van</name>
			</possibleresult>
			<points>
				<point>57.000000,636.000000</point>
				<point>45.000000,645.000000</point>
				<point>39.000000,638.000000</point>
				<point>52.000000,628.000000</point>
				<point>57.000000,636.000000</point>
			</points>
		</object>
		<object>
			<coordinate>pixel</coordinate>
			<type>rectangle</type>
			<description>None</description>
			<possibleresult>
				<name>Van</name>
			</possibleresult>
			<points>
				<point>83.000000,570.000000</point>
				<point>77.000000,576.000000</point>
				<point>64.000000,562.000000</point>
				<point>69.000000,556.000000</point>
				<point>83.000000,570.000000</point>
			</points>
		</object>
		<object>
			<coordinate>pixel</coordinate>
			<type>rectangle</type>
			<description>None</description>
			<possibleresult>
				<name>Small Car</name>
			</possibleresult>
			<points>
				<point>760.000000,745.000000</point>
				<point>745.000000,755.000000</point>
				<point>740.000000,747.000000</point>
				<point>755.000000,737.000000</point>
				<point>760.000000,745.000000</point>
			</points>
		</object>
		<object>
			<coordinate>pixel</coordinate>
			<type>rectangle</type>
			<description>None</description>
			<possibleresult>
				<name>Small Car</name>
			</possibleresult>
			<points>
				<point>711.000000,736.000000</point>
				<point>700.000000,745.000000</point>
				<point>694.000000,738.000000</point>
				<point>706.000000,729.000000</point>
				<point>711.000000,736.000000</point>
			</points>
		</object>
		<object>
			<coordinate>pixel</coordinate>
			<type>rectangle</type>
			<description>None</description>
			<possibleresult>
				<name>Motorboat</name>
			</possibleresult>
			<points>
				<point>756.000000,428.000000</point>
				<point>749.000000,435.000000</point>
				<point>733.000000,421.000000</point>
				<point>740.000000,414.000000</point>
				<point>756.000000,428.000000</point>
			</points>
		</object>
		<object>
			<coordinate>pixel</coordinate>
			<type>rectangle</type>
			<description>None</description>
			<possibleresult>
				<name>Small Car</name>
			</possibleresult>
			<points>
				<point>209.000000,816.000000</point>
				<point>190.000000,827.000000</point>
				<point>187.000000,821.000000</point>
				<point>206.000000,810.000000</point>
				<point>209.000000,816.000000</point>
			</points>
		</object>
		<object>
			<coordinate>pixel</coordinate>
			<type>rectangle</type>
			<description>None</description>
			<possibleresult>
				<name>Cargo Truck</name>
			</possibleresult>
			<points>
				<point>272.000000,774.000000</point>
				<point>243.000000,794.000000</point>
				<point>236.000000,784.000000</point>
				<point>265.000000,764.000000</point>
				<point>272.000000,774.000000</point>
			</points>
		</object>
		<object>
			<coordinate>pixel</coordinate>
			<type>rectangle</type>
			<description>None</description>
			<possibleresult>
				<name>Van</name>
			</possibleresult>
			<points>
				<point>828.000000,11.000000</point>
				<point>813.000000,19.000000</point>
				<point>810.000000,13.000000</point>
				<point>824.000000,5.000000</point>
				<point>828.000000,11.000000</point>
			</points>
		</object>
		<object>
			<coordinate>pixel</coordinate>
			<type>rectangle</type>
			<description>None</description>
			<possibleresult>
				<name>Small Car</name>
			</possibleresult>
			<points>
				<point>960.000000,606.000000</point>
				<point>953.000000,613.000000</point>
				<point>942.000000,602.000000</point>
				<point>949.000000,595.000000</point>
				<point>960.000000,606.000000</point>
			</points>
		</object>
		<object>
			<coordinate>pixel</coordinate>
			<type>rectangle</type>
			<description>None</description>
			<possibleresult>
				<name>Van</name>
			</possibleresult>
			<points>
				<point>997.000000,658.000061</point>
				<point>982.000000,646.000061</point>
				<point>987.365845,639.292786</point>
				<point>1002.365845,651.292786</point>
				<point>997.000000,658.000061</point>
			</points>
		</object>
		<object>
			<coordinate>pixel</coordinate>
			<type>rectangle</type>
			<description>None</description>
			<possibleresult>
				<name>Van</name>
			</possibleresult>
			<points>
				<point>983.000000,636.000000</point>
				<point>977.000000,643.000000</point>
				<point>963.000000,630.000000</point>
				<point>969.000000,624.000000</point>
				<point>983.000000,636.000000</point>
			</points>
		</object>
		<object>
			<coordinate>pixel</coordinate>
			<type>rectangle</type>
			<description>None</description>
			<possibleresult>
				<name>Small Car</name>
			</possibleresult>
			<points>
				<point>987.000000,491.000000</point>
				<point>985.000000,499.000000</point>
				<point>966.000000,496.000000</point>
				<point>967.000000,488.000000</point>
				<point>987.000000,491.000000</point>
			</points>
		</object>
		<object>
			<coordinate>pixel</coordinate>
			<type>rectangle</type>
			<description>None</description>
			<possibleresult>
				<name>Van</name>
			</possibleresult>
			<points>
				<point>961.000000,469.000000</point>
				<point>960.000000,477.000000</point>
				<point>941.000000,474.000000</point>
				<point>942.000000,466.000000</point>
				<point>961.000000,469.000000</point>
			</points>
		</object>
		<object>
			<coordinate>pixel</coordinate>
			<type>rectangle</type>
			<description>None</description>
			<possibleresult>
				<name>Small Car</name>
			</possibleresult>
			<points>
				<point>943.000000,412.000000</point>
				<point>936.000000,417.000000</point>
				<point>925.000000,402.000000</point>
				<point>932.000000,397.000000</point>
				<point>943.000000,412.000000</point>
			</points>
		</object>
		<object>
			<coordinate>pixel</coordinate>
			<type>rectangle</type>
			<description>None</description>
			<possibleresult>
				<name>Van</name>
			</possibleresult>
			<points>
				<point>956.000000,109.000000</point>
				<point>950.000000,115.000000</point>
				<point>938.000000,101.000000</point>
				<point>944.000000,96.000000</point>
				<point>956.000000,109.000000</point>
			</points>
		</object>
		<object>
			<coordinate>pixel</coordinate>
			<type>rectangle</type>
			<description>None</description>
			<possibleresult>
				<name>Small Car</name>
			</possibleresult>
			<points>
				<point>712.000000,180.000000</point>
				<point>711.000000,187.000000</point>
				<point>692.000000,185.000000</point>
				<point>692.000000,178.000000</point>
				<point>712.000000,180.000000</point>
			</points>
		</object>
		<object>
			<coordinate>pixel</coordinate>
			<type>rectangle</type>
			<description>None</description>
			<possibleresult>
				<name>Van</name>
			</possibleresult>
			<points>
				<point>758.000000,230.000000</point>
				<point>733.000000,228.000000</point>
				<point>734.000000,219.000000</point>
				<point>758.000000,220.000000</point>
				<point>758.000000,230.000000</point>
			</points>
		</object>
		<object>
			<coordinate>pixel</coordinate>
			<type>rectangle</type>
			<description>None</description>
			<possibleresult>
				<name>Small Car</name>
			</possibleresult>
			<points>
				<point>785.000000,255.000000</point>
				<point>783.000000,262.000000</point>
				<point>763.000000,257.000000</point>
				<point>765.000000,250.000000</point>
				<point>785.000000,255.000000</point>
			</points>
		</object>
		<object>
			<coordinate>pixel</coordinate>
			<type>rectangle</type>
			<description>None</description>
			<possibleresult>
				<name>Small Car</name>
			</possibleresult>
			<points>
				<point>853.000000,330.000000</point>
				<point>852.000000,337.000000</point>
				<point>828.000000,334.000000</point>
				<point>829.000000,327.000000</point>
				<point>853.000000,330.000000</point>
			</points>
		</object>
		<object>
			<coordinate>pixel</coordinate>
			<type>rectangle</type>
			<description>None</description>
			<possibleresult>
				<name>Van</name>
			</possibleresult>
			<points>
				<point>732.000000,66.000000</point>
				<point>715.000000,75.000000</point>
				<point>711.000000,68.000000</point>
				<point>728.000000,59.000000</point>
				<point>732.000000,66.000000</point>
			</points>
		</object>
		<object>
			<coordinate>pixel</coordinate>
			<type>rectangle</type>
			<description>None</description>
			<possibleresult>
				<name>Van</name>
			</possibleresult>
			<points>
				<point>621.000000,31.000000</point>
				<point>615.000000,37.000000</point>
				<point>602.000000,24.000000</point>
				<point>608.000000,18.000000</point>
				<point>621.000000,31.000000</point>
			</points>
		</object>
		<object>
			<coordinate>pixel</coordinate>
			<type>rectangle</type>
			<description>None</description>
			<possibleresult>
				<name>Intersection</name>
			</possibleresult>
			<points>
				<point>689.000000,102.000000</point>
				<point>659.000000,125.000000</point>
				<point>623.000000,78.000000</point>
				<point>653.000000,55.000000</point>
				<point>689.000000,102.000000</point>
			</points>
		</object>
		<object>
			<coordinate>pixel</coordinate>
			<type>rectangle</type>
			<description>None</description>
			<possibleresult>
				<name>other-vehicle</name>
			</possibleresult>
			<points>
				<point>630.000000,106.000000</point>
				<point>583.000000,131.000000</point>
				<point>576.000000,117.000000</point>
				<point>623.000000,93.000000</point>
				<point>630.000000,106.000000</point>
			</points>
		</object>
		<object>
			<coordinate>pixel</coordinate>
			<type>rectangle</type>
			<description>None</description>
			<possibleresult>
				<name>Van</name>
			</possibleresult>
			<points>
				<point>580.000000,95.000000</point>
				<point>574.000000,100.000000</point>
				<point>565.000000,90.000000</point>
				<point>571.000000,85.000000</point>
				<point>580.000000,95.000000</point>
			</points>
		</object>
		<object>
			<coordinate>pixel</coordinate>
			<type>rectangle</type>
			<description>None</description>
			<possibleresult>
				<name>Small Car</name>
			</possibleresult>
			<points>
				<point>560.000000,113.000000</point>
				<point>553.000000,118.000000</point>
				<point>541.000000,104.000000</point>
				<point>547.000000,99.000000</point>
				<point>560.000000,113.000000</point>
			</points>
		</object>
		<object>
			<coordinate>pixel</coordinate>
			<type>rectangle</type>
			<description>None</description>
			<possibleresult>
				<name>Small Car</name>
			</possibleresult>
			<points>
				<point>585.000000,152.000000</point>
				<point>569.000000,160.000000</point>
				<point>566.000000,154.000000</point>
				<point>582.000000,146.000000</point>
				<point>585.000000,152.000000</point>
			</points>
		</object>
		<object>
			<coordinate>pixel</coordinate>
			<type>rectangle</type>
			<description>None</description>
			<possibleresult>
				<name>Van</name>
			</possibleresult>
			<points>
				<point>540.000000,123.000000</point>
				<point>534.000000,130.000000</point>
				<point>518.000000,114.000000</point>
				<point>524.000000,107.000000</point>
				<point>540.000000,123.000000</point>
			</points>
		</object>
		<object>
			<coordinate>pixel</coordinate>
			<type>rectangle</type>
			<description>None</description>
			<possibleresult>
				<name>Van</name>
			</possibleresult>
			<points>
				<point>486.000000,148.000000</point>
				<point>480.000000,154.000000</point>
				<point>469.000000,142.000000</point>
				<point>475.000000,136.000000</point>
				<point>486.000000,148.000000</point>
			</points>
		</object>
		<object>
			<coordinate>pixel</coordinate>
			<type>rectangle</type>
			<description>None</description>
			<possibleresult>
				<name>Van</name>
			</possibleresult>
			<points>
				<point>453.000000,165.000000</point>
				<point>445.000000,172.000000</point>
				<point>434.000000,158.000000</point>
				<point>442.000000,152.000000</point>
				<point>453.000000,165.000000</point>
			</points>
		</object>
		<object>
			<coordinate>pixel</coordinate>
			<type>rectangle</type>
			<description>None</description>
			<possibleresult>
				<name>Small Car</name>
			</possibleresult>
			<points>
				<point>439.000000,174.000000</point>
				<point>432.000000,181.000000</point>
				<point>420.000000,168.000000</point>
				<point>427.000000,161.000000</point>
				<point>439.000000,174.000000</point>
			</points>
		</object>
		<object>
			<coordinate>pixel</coordinate>
			<type>rectangle</type>
			<description>None</description>
			<possibleresult>
				<name>Small Car</name>
			</possibleresult>
			<points>
				<point>207.000000,362.000000</point>
				<point>189.000000,370.000000</point>
				<point>185.000000,361.000000</point>
				<point>203.000000,353.000000</point>
				<point>207.000000,362.000000</point>
			</points>
		</object>
		<object>
			<coordinate>pixel</coordinate>
			<type>rectangle</type>
			<description>None</description>
			<possibleresult>
				<name>Intersection</name>
			</possibleresult>
			<points>
				<point>276.000000,328.000000</point>
				<point>215.000000,353.000000</point>
				<point>201.000000,318.000000</point>
				<point>262.000000,293.000000</point>
				<point>276.000000,328.000000</point>
			</points>
		</object>
		<object>
			<coordinate>pixel</coordinate>
			<type>rectangle</type>
			<description>None</description>
			<possibleresult>
				<name>Van</name>
			</possibleresult>
			<points>
				<point>352.000000,279.000000</point>
				<point>338.000000,286.000000</point>
				<point>335.000000,280.000000</point>
				<point>349.000000,272.000000</point>
				<point>352.000000,279.000000</point>
			</points>
		</object>
		<object>
			<coordinate>pixel</coordinate>
			<type>rectangle</type>
			<description>None</description>
			<possibleresult>
				<name>Small Car</name>
			</possibleresult>
			<points>
				<point>311.000000,368.000000</point>
				<point>305.000000,373.000000</point>
				<point>295.000000,361.000000</point>
				<point>301.000000,356.000000</point>
				<point>311.000000,368.000000</point>
			</points>
		</object>
		<object>
			<coordinate>pixel</coordinate>
			<type>rectangle</type>
			<description>None</description>
			<possibleresult>
				<name>Van</name>
			</possibleresult>
			<points>
				<point>381.000000,441.000000</point>
				<point>374.000000,446.000000</point>
				<point>364.000000,433.000000</point>
				<point>370.000000,428.000000</point>
				<point>381.000000,441.000000</point>
			</points>
		</object>
		<object>
			<coordinate>pixel</coordinate>
			<type>rectangle</type>
			<description>None</description>
			<possibleresult>
				<name>Dump Truck</name>
			</possibleresult>
			<points>
				<point>130.056763,21.074240</point>
				<point>117.000000,4.000000</point>
				<point>124.943237,-2.074238</point>
				<point>138.000000,15.000002</point>
				<point>130.056763,21.074240</point>
			</points>
		</object>
		<object>
			<coordinate>pixel</coordinate>
			<type>rectangle</type>
			<description>None</description>
			<possibleresult>
				<name>Small Car</name>
			</possibleresult>
			<points>
				<point>171.000000,47.000000</point>
				<point>152.000000,59.000000</point>
				<point>148.000000,52.000000</point>
				<point>167.000000,40.000000</point>
				<point>171.000000,47.000000</point>
			</points>
		</object>
		<object>
			<coordinate>pixel</coordinate>
			<type>rectangle</type>
			<description>None</description>
			<possibleresult>
				<name>Van</name>
			</possibleresult>
			<points>
				<point>184.000000,266.000000</point>
				<point>175.000000,269.000000</point>
				<point>170.000000,252.000000</point>
				<point>178.000000,249.000000</point>
				<point>184.000000,266.000000</point>
			</points>
		</object>
		<object>
			<coordinate>pixel</coordinate>
			<type>rectangle</type>
			<description>None</description>
			<possibleresult>
				<name>Small Car</name>
			</possibleresult>
			<points>
				<point>131.000000,367.000000</point>
				<point>114.000000,379.000000</point>
				<point>110.000000,373.000000</point>
				<point>127.000000,361.000000</point>
				<point>131.000000,367.000000</point>
			</points>
		</object>
		<object>
			<coordinate>pixel</coordinate>
			<type>rectangle</type>
			<description>None</description>
			<possibleresult>
				<name>Van</name>
			</possibleresult>
			<points>
				<point>169.000000,378.000000</point>
				<point>149.000000,390.000000</point>
				<point>145.000000,382.000000</point>
				<point>165.000000,371.000000</point>
				<point>169.000000,378.000000</point>
			</points>
		</object>
		<object>
			<coordinate>pixel</coordinate>
			<type>rectangle</type>
			<description>None</description>
			<possibleresult>
				<name>Van</name>
			</possibleresult>
			<points>
				<point>146.000000,393.000000</point>
				<point>126.000000,404.000000</point>
				<point>122.000000,398.000000</point>
				<point>142.000000,386.000000</point>
				<point>146.000000,393.000000</point>
			</points>
		</object>
		<object>
			<coordinate>pixel</coordinate>
			<type>rectangle</type>
			<description>None</description>
			<possibleresult>
				<name>Van</name>
			</possibleresult>
			<points>
				<point>40.000000,717.000000</point>
				<point>34.000000,723.000000</point>
				<point>20.000000,710.000000</point>
				<point>26.000000,704.000000</point>
				<point>40.000000,717.000000</point>
			</points>
		</object>
		<object>
			<coordinate>pixel</coordinate>
			<type>rectangle</type>
			<description>None</description>
			<possibleresult>
				<name>Van</name>
			</possibleresult>
			<points>
				<point>5.000140,745.000000</point>
				<point>-5.675721,730.054199</point>
				<point>1.324130,725.054199</point>
				<point>11.999990,740.000000</point>
				<point>5.000140,745.000000</point>
			</points>
		</object>
		<object>
			<coordinate>pixel</coordinate>
			<type>rectangle</type>
			<description>None</description>
			<possibleresult>
				<name>Van</name>
			</possibleresult>
			<points>
				<point>91.000000,774.000000</point>
				<point>85.000000,779.000000</point>
				<point>72.000000,764.000000</point>
				<point>79.000000,759.000000</point>
				<point>91.000000,774.000000</point>
			</points>
		</object>
		<object>
			<coordinate>pixel</coordinate>
			<type>rectangle</type>
			<description>None</description>
			<possibleresult>
				<name>Dump Truck</name>
			</possibleresult>
			<points>
				<point>32.000000,762.000000</point>
				<point>25.000000,767.000000</point>
				<point>9.000000,747.000000</point>
				<point>16.000000,742.000000</point>
				<point>32.000000,762.000000</point>
			</points>
		</object>
		<object>
			<coordinate>pixel</coordinate>
			<type>rectangle</type>
			<description>None</description>
			<possibleresult>
				<name>Van</name>
			</possibleresult>
			<points>
				<point>120.000000,853.000000</point>
				<point>114.000000,858.000000</point>
				<point>101.000000,842.000000</point>
				<point>108.000000,837.000000</point>
				<point>120.000000,853.000000</point>
			</points>
		</object>
		<object>
			<coordinate>pixel</coordinate>
			<type>rectangle</type>
			<description>None</description>
			<possibleresult>
				<name>Van</name>
			</possibleresult>
			<points>
				<point>180.000000,797.000000</point>
				<point>162.000000,807.000000</point>
				<point>159.000000,801.000000</point>
				<point>177.000000,791.000000</point>
				<point>180.000000,797.000000</point>
			</points>
		</object>
		<object>
			<coordinate>pixel</coordinate>
			<type>rectangle</type>
			<description>None</description>
			<possibleresult>
				<name>Dump Truck</name>
			</possibleresult>
			<points>
				<point>86.000000,816.000000</point>
				<point>80.000000,823.000000</point>
				<point>64.000000,807.000000</point>
				<point>70.000000,801.000000</point>
				<point>86.000000,816.000000</point>
			</points>
		</object>
		<object>
			<coordinate>pixel</coordinate>
			<type>rectangle</type>
			<description>None</description>
			<possibleresult>
				<name>Van</name>
			</possibleresult>
			<points>
				<point>157.000000,893.000000</point>
				<point>150.000000,899.000000</point>
				<point>137.000000,886.000000</point>
				<point>144.000000,880.000000</point>
				<point>157.000000,893.000000</point>
			</points>
		</object>
		<object>
			<coordinate>pixel</coordinate>
			<type>rectangle</type>
			<description>None</description>
			<possibleresult>
				<name>Van</name>
			</possibleresult>
			<points>
				<point>117.000000,881.000000</point>
				<point>101.000000,891.000000</point>
				<point>96.000000,884.000000</point>
				<point>113.000000,874.000000</point>
				<point>117.000000,881.000000</point>
			</points>
		</object>
		<object>
			<coordinate>pixel</coordinate>
			<type>rectangle</type>
			<description>None</description>
			<possibleresult>
				<name>Dump Truck</name>
			</possibleresult>
			<points>
				<point>225.000000,913.000000</point>
				<point>217.000000,920.000000</point>
				<point>203.000000,905.000000</point>
				<point>210.000000,898.000000</point>
				<point>225.000000,913.000000</point>
			</points>
		</object>
		<object>
			<coordinate>pixel</coordinate>
			<type>rectangle</type>
			<description>None</description>
			<possibleresult>
				<name>Small Car</name>
			</possibleresult>
			<points>
				<point>189.000000,929.000000</point>
				<point>183.000000,934.000000</point>
				<point>171.000000,919.000000</point>
				<point>177.000000,914.000000</point>
				<point>189.000000,929.000000</point>
			</points>
		</object>
		<object>
			<coordinate>pixel</coordinate>
			<type>rectangle</type>
			<description>None</description>
			<possibleresult>
				<name>Van</name>
			</possibleresult>
			<points>
				<point>421.000000,983.000000</point>
				<point>414.000000,989.000000</point>
				<point>402.000000,974.000000</point>
				<point>408.000000,968.000000</point>
				<point>421.000000,983.000000</point>
			</points>
		</object>
		<object>
			<coordinate>pixel</coordinate>
			<type>rectangle</type>
			<description>None</description>
			<possibleresult>
				<name>Small Car</name>
			</possibleresult>
			<points>
				<point>346.000000,984.000000</point>
				<point>340.000000,990.000000</point>
				<point>328.000000,976.000000</point>
				<point>334.000000,971.000000</point>
				<point>346.000000,984.000000</point>
			</points>
		</object>
		<object>
			<coordinate>pixel</coordinate>
			<type>rectangle</type>
			<description>None</description>
			<possibleresult>
				<name>Dump Truck</name>
			</possibleresult>
			<points>
				<point>352.000000,974.000000</point>
				<point>346.000000,979.000000</point>
				<point>335.000000,967.000000</point>
				<point>341.000000,961.000000</point>
				<point>352.000000,974.000000</point>
			</points>
		</object>
		<object>
			<coordinate>pixel</coordinate>
			<type>rectangle</type>
			<description>None</description>
			<possibleresult>
				<name>Dump Truck</name>
			</possibleresult>
			<points>
				<point>495.000000,942.000000</point>
				<point>490.000000,950.000000</point>
				<point>465.000000,936.000000</point>
				<point>470.000000,928.000000</point>
				<point>495.000000,942.000000</point>
			</points>
		</object>
		<object>
			<coordinate>pixel</coordinate>
			<type>rectangle</type>
			<description>None</description>
			<possibleresult>
				<name>Small Car</name>
			</possibleresult>
			<points>
				<point>663.000000,990.000000</point>
				<point>643.000000,999.000000</point>
				<point>640.000000,992.000000</point>
				<point>660.000000,983.000000</point>
				<point>663.000000,990.000000</point>
			</points>
		</object>
		<object>
			<coordinate>pixel</coordinate>
			<type>rectangle</type>
			<description>None</description>
			<possibleresult>
				<name>Small Car</name>
			</possibleresult>
			<points>
				<point>722.000000,958.000000</point>
				<point>702.000000,968.000000</point>
				<point>699.000000,962.000000</point>
				<point>718.000000,952.000000</point>
				<point>722.000000,958.000000</point>
			</points>
		</object>
		<object>
			<coordinate>pixel</coordinate>
			<type>rectangle</type>
			<description>None</description>
			<possibleresult>
				<name>Van</name>
			</possibleresult>
			<points>
				<point>886.000000,983.000000</point>
				<point>881.000000,988.000000</point>
				<point>870.000000,976.000000</point>
				<point>876.000000,971.000000</point>
				<point>886.000000,983.000000</point>
			</points>
		</object>
		<object>
			<coordinate>pixel</coordinate>
			<type>rectangle</type>
			<description>None</description>
			<possibleresult>
				<name>Van</name>
			</possibleresult>
			<points>
				<point>853.000000,949.000000</point>
				<point>847.000000,954.000000</point>
				<point>835.000000,939.000000</point>
				<point>841.000000,934.000000</point>
				<point>853.000000,949.000000</point>
			</points>
		</object>
		<object>
			<coordinate>pixel</coordinate>
			<type>rectangle</type>
			<description>None</description>
			<possibleresult>
				<name>Van</name>
			</possibleresult>
			<points>
				<point>914.000000,843.000000</point>
				<point>909.000000,847.000000</point>
				<point>898.000000,834.000000</point>
				<point>903.000000,830.000000</point>
				<point>914.000000,843.000000</point>
			</points>
		</object>
		<object>
			<coordinate>pixel</coordinate>
			<type>rectangle</type>
			<description>None</description>
			<possibleresult>
				<name>Dump Truck</name>
			</possibleresult>
			<points>
				<point>972.000000,829.000000</point>
				<point>955.000000,838.000000</point>
				<point>951.000000,831.000000</point>
				<point>968.000000,821.000000</point>
				<point>972.000000,829.000000</point>
			</points>
		</object>
		<object>
			<coordinate>pixel</coordinate>
			<type>rectangle</type>
			<description>None</description>
			<possibleresult>
				<name>Van</name>
			</possibleresult>
			<points>
				<point>600.000000,696.000000</point>
				<point>593.000000,702.000000</point>
				<point>578.000000,684.000000</point>
				<point>585.000000,678.000000</point>
				<point>600.000000,696.000000</point>
			</points>
		</object>
		<object>
			<coordinate>pixel</coordinate>
			<type>rectangle</type>
			<description>None</description>
			<possibleresult>
				<name>Van</name>
			</possibleresult>
			<points>
				<point>603.000000,681.000000</point>
				<point>597.000000,686.000000</point>
				<point>584.000000,671.000000</point>
				<point>591.000000,666.000000</point>
				<point>603.000000,681.000000</point>
			</points>
		</object>
		<object>
			<coordinate>pixel</coordinate>
			<type>rectangle</type>
			<description>None</description>
			<possibleresult>
				<name>Small Car</name>
			</possibleresult>
			<points>
				<point>570.000000,694.000000</point>
				<point>564.000000,699.000000</point>
				<point>551.000000,684.000000</point>
				<point>557.000000,679.000000</point>
				<point>570.000000,694.000000</point>
			</points>
		</object>
		<object>
			<coordinate>pixel</coordinate>
			<type>rectangle</type>
			<description>None</description>
			<possibleresult>
				<name>Van</name>
			</possibleresult>
			<points>
				<point>541.000000,663.000000</point>
				<point>536.000000,668.000000</point>
				<point>525.000000,656.000000</point>
				<point>531.000000,651.000000</point>
				<point>541.000000,663.000000</point>
			</points>
		</object>
		<object>
			<coordinate>pixel</coordinate>
			<type>rectangle</type>
			<description>None</description>
			<possibleresult>
				<name>Small Car</name>
			</possibleresult>
			<points>
				<point>444.000000,597.000000</point>
				<point>426.000000,606.000000</point>
				<point>423.000000,599.000000</point>
				<point>441.000000,590.000000</point>
				<point>444.000000,597.000000</point>
			</points>
		</object>
		<object>
			<coordinate>pixel</coordinate>
			<type>rectangle</type>
			<description>None</description>
			<possibleresult>
				<name>Van</name>
			</possibleresult>
			<points>
				<point>361.000000,667.000000</point>
				<point>357.000000,673.000000</point>
				<point>344.000000,661.000000</point>
				<point>348.000000,656.000000</point>
				<point>361.000000,667.000000</point>
			</points>
		</object>
		<object>
			<coordinate>pixel</coordinate>
			<type>rectangle</type>
			<description>None</description>
			<possibleresult>
				<name>Van</name>
			</possibleresult>
			<points>
				<point>351.000000,672.000000</point>
				<point>345.000000,679.000000</point>
				<point>328.000000,663.000000</point>
				<point>334.000000,656.000000</point>
				<point>351.000000,672.000000</point>
			</points>
		</object>
		<object>
			<coordinate>pixel</coordinate>
			<type>rectangle</type>
			<description>None</description>
			<possibleresult>
				<name>Van</name>
			</possibleresult>
			<points>
				<point>257.000000,649.000000</point>
				<point>253.000000,655.000000</point>
				<point>238.000000,644.000000</point>
				<point>242.000000,638.000000</point>
				<point>257.000000,649.000000</point>
			</points>
		</object>
		<object>
			<coordinate>pixel</coordinate>
			<type>rectangle</type>
			<description>None</description>
			<possibleresult>
				<name>Van</name>
			</possibleresult>
			<points>
				<point>145.000000,647.000000</point>
				<point>139.000000,652.000000</point>
				<point>129.000000,639.000000</point>
				<point>135.000000,634.000000</point>
				<point>145.000000,647.000000</point>
			</points>
		</object>
		<object>
			<coordinate>pixel</coordinate>
			<type>rectangle</type>
			<description>None</description>
			<possibleresult>
				<name>Van</name>
			</possibleresult>
			<points>
				<point>343.000000,906.000000</point>
				<point>337.000000,912.000000</point>
				<point>325.000000,897.000000</point>
				<point>331.000000,892.000000</point>
				<point>343.000000,906.000000</point>
			</points>
		</object>
		<object>
			<coordinate>pixel</coordinate>
			<type>rectangle</type>
			<description>None</description>
			<possibleresult>
				<name>Small Car</name>
			</possibleresult>
			<points>
				<point>431.000000,851.000000</point>
				<point>425.000000,857.000000</point>
				<point>411.000000,843.000000</point>
				<point>417.000000,837.000000</point>
				<point>431.000000,851.000000</point>
			</points>
		</object>
		<object>
			<coordinate>pixel</coordinate>
			<type>rectangle</type>
			<description>None</description>
			<possibleresult>
				<name>Small Car</name>
			</possibleresult>
			<points>
				<point>404.000000,514.000000</point>
				<point>397.000000,519.000000</point>
				<point>383.000000,501.000000</point>
				<point>390.000000,496.000000</point>
				<point>404.000000,514.000000</point>
			</points>
		</object>
		<object>
			<coordinate>pixel</coordinate>
			<type>rectangle</type>
			<description>None</description>
			<possibleresult>
				<name>Small Car</name>
			</possibleresult>
			<points>
				<point>735.000000,822.000000</point>
				<point>729.000000,827.000000</point>
				<point>716.000000,813.000000</point>
				<point>722.000000,808.000000</point>
				<point>735.000000,822.000000</point>
			</points>
		</object>
		<object>
			<coordinate>pixel</coordinate>
			<type>rectangle</type>
			<description>None</description>
			<possibleresult>
				<name>Van</name>
			</possibleresult>
			<points>
				<point>575.000000,204.000000</point>
				<point>561.000000,213.000000</point>
				<point>557.000000,206.000000</point>
				<point>571.000000,197.000000</point>
				<point>575.000000,204.000000</point>
			</points>
		</object>
		<object>
			<coordinate>pixel</coordinate>
			<type>rectangle</type>
			<description>None</description>
			<possibleresult>
				<name>Fishing Boat</name>
			</possibleresult>
			<points>
				<point>582.000000,209.000000</point>
				<point>566.000000,216.000000</point>
				<point>563.000000,210.000000</point>
				<point>580.000000,202.000000</point>
				<point>582.000000,209.000000</point>
			</points>
		</object>
		<object>
			<coordinate>pixel</coordinate>
			<type>rectangle</type>
			<description>None</description>
			<possibleresult>
				<name>other-vehicle</name>
			</possibleresult>
			<points>
				<point>587.000000,215.000000</point>
				<point>568.000000,224.000000</point>
				<point>565.000000,217.000000</point>
				<point>583.000000,207.000000</point>
				<point>587.000000,215.000000</point>
			</points>
		</object>
		<object>
			<coordinate>pixel</coordinate>
			<type>rectangle</type>
			<description>None</description>
			<possibleresult>
				<name>other-vehicle</name>
			</possibleresult>
			<points>
				<point>591.000000,219.000000</point>
				<point>570.000000,233.000000</point>
				<point>567.000000,228.000000</point>
				<point>588.000000,214.000000</point>
				<point>591.000000,219.000000</point>
			</points>
		</object>
		<object>
			<coordinate>pixel</coordinate>
			<type>rectangle</type>
			<description>None</description>
			<possibleresult>
				<name>Van</name>
			</possibleresult>
			<points>
				<point>591.000000,227.000000</point>
				<point>580.000000,237.000000</point>
				<point>575.000000,232.000000</point>
				<point>587.000000,222.000000</point>
				<point>591.000000,227.000000</point>
			</points>
		</object>
		<object>
			<coordinate>pixel</coordinate>
			<type>rectangle</type>
			<description>None</description>
			<possibleresult>
				<name>Dump Truck</name>
			</possibleresult>
			<points>
				<point>563.000000,238.000000</point>
				<point>555.000000,246.000000</point>
				<point>537.000000,227.000000</point>
				<point>545.000000,219.000000</point>
				<point>563.000000,238.000000</point>
			</points>
		</object>
		<object>
			<coordinate>pixel</coordinate>
			<type>rectangle</type>
			<description>None</description>
			<possibleresult>
				<name>Dump Truck</name>
			</possibleresult>
			<points>
				<point>624.000000,262.000000</point>
				<point>605.000000,273.000000</point>
				<point>600.000000,265.000000</point>
				<point>619.000000,254.000000</point>
				<point>624.000000,262.000000</point>
			</points>
		</object>
		<object>
			<coordinate>pixel</coordinate>
			<type>rectangle</type>
			<description>None</description>
			<possibleresult>
				<name>Small Car</name>
			</possibleresult>
			<points>
				<point>664.000000,296.000000</point>
				<point>649.000000,305.000000</point>
				<point>645.000000,300.000000</point>
				<point>660.000000,290.000000</point>
				<point>664.000000,296.000000</point>
			</points>
		</object>
		<object>
			<coordinate>pixel</coordinate>
			<type>rectangle</type>
			<description>None</description>
			<possibleresult>
				<name>Bus</name>
			</possibleresult>
			<points>
				<point>641.000000,337.000000</point>
				<point>632.000000,347.000000</point>
				<point>605.000000,326.000000</point>
				<point>614.000000,315.000000</point>
				<point>641.000000,337.000000</point>
			</points>
		</object>
		<object>
			<coordinate>pixel</coordinate>
			<type>rectangle</type>
			<description>None</description>
			<possibleresult>
				<name>Dump Truck</name>
			</possibleresult>
			<points>
				<point>601.000000,322.000000</point>
				<point>595.000000,329.000000</point>
				<point>578.000000,314.000000</point>
				<point>584.000000,307.000000</point>
				<point>601.000000,322.000000</point>
			</points>
		</object>
		<object>
			<coordinate>pixel</coordinate>
			<type>rectangle</type>
			<description>None</description>
			<possibleresult>
				<name>Dump Truck</name>
			</possibleresult>
			<points>
				<point>642.000000,278.000000</point>
				<point>617.000000,289.000000</point>
				<point>612.000000,279.000000</point>
				<point>637.000000,268.000000</point>
				<point>642.000000,278.000000</point>
			</points>
		</object>
		<object>
			<coordinate>pixel</coordinate>
			<type>rectangle</type>
			<description>None</description>
			<possibleresult>
				<name>Van</name>
			</possibleresult>
			<points>
				<point>635.000000,267.000000</point>
				<point>613.000000,278.000000</point>
				<point>610.000000,271.000000</point>
				<point>631.000000,261.000000</point>
				<point>635.000000,267.000000</point>
			</points>
		</object>
		<object>
			<coordinate>pixel</coordinate>
			<type>rectangle</type>
			<description>None</description>
			<possibleresult>
				<name>Dump Truck</name>
			</possibleresult>
			<points>
				<point>570.000000,104.000000</point>
				<point>564.000000,109.000000</point>
				<point>553.000000,96.000000</point>
				<point>559.000000,91.000000</point>
				<point>570.000000,104.000000</point>
			</points>
		</object>
		<object>
			<coordinate>pixel</coordinate>
			<type>rectangle</type>
			<description>None</description>
			<possibleresult>
				<name>Small Car</name>
			</possibleresult>
			<points>
				<point>770.000000,44.000000</point>
				<point>754.000000,56.000000</point>
				<point>748.000000,49.000000</point>
				<point>764.000000,36.000000</point>
				<point>770.000000,44.000000</point>
			</points>
		</object>
		<object>
			<coordinate>pixel</coordinate>
			<type>rectangle</type>
			<description>None</description>
			<possibleresult>
				<name>other-vehicle</name>
			</possibleresult>
			<points>
				<point>611.000000,137.000000</point>
				<point>589.000000,152.000000</point>
				<point>584.000000,144.000000</point>
				<point>605.000000,129.000000</point>
				<point>611.000000,137.000000</point>
			</points>
		</object>
		<object>
			<coordinate>pixel</coordinate>
			<type>rectangle</type>
			<description>None</description>
			<possibleresult>
				<name>Van</name>
			</possibleresult>
			<points>
				<point>735.000000,209.000000</point>
				<point>715.000000,208.000000</point>
				<point>715.000000,199.000000</point>
				<point>735.000000,200.000000</point>
				<point>735.000000,209.000000</point>
			</points>
		</object>
		<object>
			<coordinate>pixel</coordinate>
			<type>rectangle</type>
			<description>None</description>
			<possibleresult>
				<name>Van</name>
			</possibleresult>
			<points>
				<point>462.000000,468.000000</point>
				<point>456.000000,474.000000</point>
				<point>443.000000,462.000000</point>
				<point>449.000000,456.000000</point>
				<point>462.000000,468.000000</point>
			</points>
		</object>
		<object>
			<coordinate>pixel</coordinate>
			<type>rectangle</type>
			<description>None</description>
			<possibleresult>
				<name>Small Car</name>
			</possibleresult>
			<points>
				<point>355.000000,597.000000</point>
				<point>348.000000,605.000000</point>
				<point>332.000000,590.000000</point>
				<point>338.000000,583.000000</point>
				<point>355.000000,597.000000</point>
			</points>
		</object>
		<object>
			<coordinate>pixel</coordinate>
			<type>rectangle</type>
			<description>None</description>
			<possibleresult>
				<name>Van</name>
			</possibleresult>
			<points>
				<point>418.000000,734.000000</point>
				<point>410.000000,743.000000</point>
				<point>394.000000,726.000000</point>
				<point>403.000000,717.000000</point>
				<point>418.000000,734.000000</point>
			</points>
		</object>
		<object>
			<coordinate>pixel</coordinate>
			<type>rectangle</type>
			<description>None</description>
			<possibleresult>
				<name>Van</name>
			</possibleresult>
			<points>
				<point>376.000000,725.000000</point>
				<point>358.000000,736.000000</point>
				<point>353.000000,728.000000</point>
				<point>371.000000,717.000000</point>
				<point>376.000000,725.000000</point>
			</points>
		</object>
		<object>
			<coordinate>pixel</coordinate>
			<type>rectangle</type>
			<description>None</description>
			<possibleresult>
				<name>Small Car</name>
			</possibleresult>
			<points>
				<point>355.000000,737.000000</point>
				<point>337.000000,749.000000</point>
				<point>331.000000,740.000000</point>
				<point>349.000000,728.000000</point>
				<point>355.000000,737.000000</point>
			</points>
		</object>
		<object>
			<coordinate>pixel</coordinate>
			<type>rectangle</type>
			<description>None</description>
			<possibleresult>
				<name>Cargo Truck</name>
			</possibleresult>
			<points>
				<point>154.000000,532.000000</point>
				<point>146.000000,539.000000</point>
				<point>131.000000,522.000000</point>
				<point>139.000000,515.000000</point>
				<point>154.000000,532.000000</point>
			</points>
		</object>
		<object>
			<coordinate>pixel</coordinate>
			<type>rectangle</type>
			<description>None</description>
			<possibleresult>
				<name>Cargo Truck</name>
			</possibleresult>
			<points>
				<point>284.000000,912.000000</point>
				<point>274.000000,921.000000</point>
				<point>260.000000,904.000000</point>
				<point>270.000000,895.000000</point>
				<point>284.000000,912.000000</point>
			</points>
		</object>
		<object>
			<coordinate>pixel</coordinate>
			<type>rectangle</type>
			<description>None</description>
			<possibleresult>
				<name>Dump Truck</name>
			</possibleresult>
			<points>
				<point>432.000000,870.000000</point>
				<point>427.000000,875.000000</point>
				<point>415.000000,862.000000</point>
				<point>420.000000,857.000000</point>
				<point>432.000000,870.000000</point>
			</points>
		</object>
	</objects>
</annotation>