<?xml version="1.0" encoding="utf-8"?>
<annotation>
	<source>
		<filename>2057.tif</filename>
		<origin>GF2/GF3</origin>
	</source>
	<research>
		<version>1.0</version>
		<provider>FAIR1M</provider>
		<author>Cyber</author>
		<pluginname>FAIR1M</pluginname>
		<pluginclass>object detection</pluginclass>
		<time>2021-07-21</time>
	</research>
	<size>
		<width>600</width>
		<height>800</height>
		<depth>3</depth>
	</size>
	<objects>
		<object>
			<coordinate>pixel</coordinate>
			<type>rectangle</type>
			<description>None</description>
			<possibleresult>
				<name>Dry Cargo Ship</name>
			</possibleresult>
			<points>
				<point>80.000000,415.000000</point>
				<point>75.000000,533.000000</point>
				<point>48.000000,531.000000</point>
				<point>55.000000,415.000000</point>
				<point>80.000000,415.000000</point>
			</points>
		</object>
		<object>
			<coordinate>pixel</coordinate>
			<type>rectangle</type>
			<description>None</description>
			<possibleresult>
				<name>Dry Cargo Ship</name>
			</possibleresult>
			<points>
				<point>86.000000,590.000000</point>
				<point>73.000000,795.000000</point>
				<point>30.000000,793.000000</point>
				<point>42.000000,588.000000</point>
				<point>86.000000,590.000000</point>
			</points>
		</object>
		<object>
			<coordinate>pixel</coordinate>
			<type>rectangle</type>
			<description>None</description>
			<possibleresult>
				<name>Dry Cargo Ship</name>
			</possibleresult>
			<points>
				<point>507.000000,752.000000</point>
				<point>488.000000,754.000000</point>
				<point>482.000000,650.000000</point>
				<point>501.000000,650.000000</point>
				<point>507.000000,752.000000</point>
			</points>
		</object>
	</objects>
</annotation>