<?xml version="1.0" encoding="utf-8"?>
<annotation>
	<source>
		<filename>2084.tif</filename>
		<origin>GF2/GF3</origin>
	</source>
	<research>
		<version>1.0</version>
		<provider>FAIR1M</provider>
		<author>Cyber</author>
		<pluginname>FAIR1M</pluginname>
		<pluginclass>object detection</pluginclass>
		<time>2021-07-21</time>
	</research>
	<size>
		<width>800</width>
		<height>600</height>
		<depth>3</depth>
	</size>
	<objects>
		<object>
			<coordinate>pixel</coordinate>
			<type>rectangle</type>
			<description>None</description>
			<possibleresult>
				<name>Liquid Cargo Ship</name>
			</possibleresult>
			<points>
				<point>325.000000,193.000000</point>
				<point>307.000000,201.000000</point>
				<point>265.000000,116.000000</point>
				<point>283.000000,107.000000</point>
				<point>325.000000,193.000000</point>
			</points>
		</object>
		<object>
			<coordinate>pixel</coordinate>
			<type>rectangle</type>
			<description>None</description>
			<possibleresult>
				<name>Liquid Cargo Ship</name>
			</possibleresult>
			<points>
				<point>679.000000,517.000000</point>
				<point>660.000000,537.000000</point>
				<point>536.000000,415.000000</point>
				<point>555.000000,396.000000</point>
				<point>679.000000,517.000000</point>
			</points>
		</object>
	</objects>
</annotation>