<?xml version="1.0" encoding="utf-8"?>
<annotation>
	<source>
		<filename>2086.tif</filename>
		<origin>GF2/GF3</origin>
	</source>
	<research>
		<version>1.0</version>
		<provider>FAIR1M</provider>
		<author>Cyber</author>
		<pluginname>FAIR1M</pluginname>
		<pluginclass>object detection</pluginclass>
		<time>2021-07-21</time>
	</research>
	<size>
		<width>1000</width>
		<height>1000</height>
		<depth>3</depth>
	</size>
	<objects>
		<object>
			<coordinate>pixel</coordinate>
			<type>rectangle</type>
			<description>None</description>
			<possibleresult>
				<name>Small Car</name>
			</possibleresult>
			<points>
				<point>956.000000,760.000000</point>
				<point>940.000000,767.000000</point>
				<point>938.000000,761.000000</point>
				<point>953.000000,754.000000</point>
				<point>956.000000,760.000000</point>
			</points>
		</object>
		<object>
			<coordinate>pixel</coordinate>
			<type>rectangle</type>
			<description>None</description>
			<possibleresult>
				<name>Dump Truck</name>
			</possibleresult>
			<points>
				<point>827.000000,756.000000</point>
				<point>818.000000,772.000000</point>
				<point>811.000000,768.000000</point>
				<point>820.000000,752.000000</point>
				<point>827.000000,756.000000</point>
			</points>
		</object>
		<object>
			<coordinate>pixel</coordinate>
			<type>rectangle</type>
			<description>None</description>
			<possibleresult>
				<name>Dump Truck</name>
			</possibleresult>
			<points>
				<point>815.000000,591.000000</point>
				<point>804.000000,598.000000</point>
				<point>800.000000,593.000000</point>
				<point>813.000000,586.000000</point>
				<point>815.000000,591.000000</point>
			</points>
		</object>
		<object>
			<coordinate>pixel</coordinate>
			<type>rectangle</type>
			<description>None</description>
			<possibleresult>
				<name>Small Car</name>
			</possibleresult>
			<points>
				<point>804.000000,589.000000</point>
				<point>790.000000,596.000000</point>
				<point>788.000000,590.000000</point>
				<point>800.000000,583.000000</point>
				<point>804.000000,589.000000</point>
			</points>
		</object>
		<object>
			<coordinate>pixel</coordinate>
			<type>rectangle</type>
			<description>None</description>
			<possibleresult>
				<name>Dump Truck</name>
			</possibleresult>
			<points>
				<point>842.000000,603.000000</point>
				<point>823.000000,614.000000</point>
				<point>819.000000,608.000000</point>
				<point>838.000000,596.000000</point>
				<point>842.000000,603.000000</point>
			</points>
		</object>
		<object>
			<coordinate>pixel</coordinate>
			<type>rectangle</type>
			<description>None</description>
			<possibleresult>
				<name>Small Car</name>
			</possibleresult>
			<points>
				<point>747.000000,616.000000</point>
				<point>742.000000,621.000000</point>
				<point>731.000000,606.000000</point>
				<point>736.000000,602.000000</point>
				<point>747.000000,616.000000</point>
			</points>
		</object>
		<object>
			<coordinate>pixel</coordinate>
			<type>rectangle</type>
			<description>None</description>
			<possibleresult>
				<name>Small Car</name>
			</possibleresult>
			<points>
				<point>769.000000,645.000000</point>
				<point>764.000000,649.000000</point>
				<point>754.000000,636.000000</point>
				<point>760.000000,632.000000</point>
				<point>769.000000,645.000000</point>
			</points>
		</object>
		<object>
			<coordinate>pixel</coordinate>
			<type>rectangle</type>
			<description>None</description>
			<possibleresult>
				<name>Van</name>
			</possibleresult>
			<points>
				<point>767.000000,674.000000</point>
				<point>754.000000,681.000000</point>
				<point>751.000000,675.000000</point>
				<point>764.000000,668.000000</point>
				<point>767.000000,674.000000</point>
			</points>
		</object>
		<object>
			<coordinate>pixel</coordinate>
			<type>rectangle</type>
			<description>None</description>
			<possibleresult>
				<name>Dump Truck</name>
			</possibleresult>
			<points>
				<point>956.000000,836.000000</point>
				<point>950.000000,840.000000</point>
				<point>939.000000,823.000000</point>
				<point>945.000000,819.000000</point>
				<point>956.000000,836.000000</point>
			</points>
		</object>
		<object>
			<coordinate>pixel</coordinate>
			<type>rectangle</type>
			<description>None</description>
			<possibleresult>
				<name>Small Car</name>
			</possibleresult>
			<points>
				<point>881.000000,813.000000</point>
				<point>866.000000,822.000000</point>
				<point>862.000000,816.000000</point>
				<point>877.000000,806.000000</point>
				<point>881.000000,813.000000</point>
			</points>
		</object>
		<object>
			<coordinate>pixel</coordinate>
			<type>rectangle</type>
			<description>None</description>
			<possibleresult>
				<name>Van</name>
			</possibleresult>
			<points>
				<point>884.000000,788.000000</point>
				<point>878.000000,794.000000</point>
				<point>864.000000,779.000000</point>
				<point>870.000000,773.000000</point>
				<point>884.000000,788.000000</point>
			</points>
		</object>
		<object>
			<coordinate>pixel</coordinate>
			<type>rectangle</type>
			<description>None</description>
			<possibleresult>
				<name>Cargo Truck</name>
			</possibleresult>
			<points>
				<point>490.000000,765.000000</point>
				<point>479.000000,772.000000</point>
				<point>475.000000,766.000000</point>
				<point>486.000000,759.000000</point>
				<point>490.000000,765.000000</point>
			</points>
		</object>
		<object>
			<coordinate>pixel</coordinate>
			<type>rectangle</type>
			<description>None</description>
			<possibleresult>
				<name>Cargo Truck</name>
			</possibleresult>
			<points>
				<point>513.000000,748.000000</point>
				<point>494.000000,762.000000</point>
				<point>489.000000,756.000000</point>
				<point>509.000000,742.000000</point>
				<point>513.000000,748.000000</point>
			</points>
		</object>
		<object>
			<coordinate>pixel</coordinate>
			<type>rectangle</type>
			<description>None</description>
			<possibleresult>
				<name>Small Car</name>
			</possibleresult>
			<points>
				<point>570.000000,762.000000</point>
				<point>563.000000,766.000000</point>
				<point>555.000000,752.000000</point>
				<point>562.000000,748.000000</point>
				<point>570.000000,762.000000</point>
			</points>
		</object>
		<object>
			<coordinate>pixel</coordinate>
			<type>rectangle</type>
			<description>None</description>
			<possibleresult>
				<name>Van</name>
			</possibleresult>
			<points>
				<point>606.000000,882.000000</point>
				<point>588.000000,894.000000</point>
				<point>584.000000,887.000000</point>
				<point>602.000000,875.000000</point>
				<point>606.000000,882.000000</point>
			</points>
		</object>
		<object>
			<coordinate>pixel</coordinate>
			<type>rectangle</type>
			<description>None</description>
			<possibleresult>
				<name>Small Car</name>
			</possibleresult>
			<points>
				<point>720.000000,895.000000</point>
				<point>705.000000,904.000000</point>
				<point>701.000000,898.000000</point>
				<point>716.000000,889.000000</point>
				<point>720.000000,895.000000</point>
			</points>
		</object>
		<object>
			<coordinate>pixel</coordinate>
			<type>rectangle</type>
			<description>None</description>
			<possibleresult>
				<name>Van</name>
			</possibleresult>
			<points>
				<point>654.000000,944.000000</point>
				<point>637.000000,952.000000</point>
				<point>634.000000,946.000000</point>
				<point>649.000000,938.000000</point>
				<point>654.000000,944.000000</point>
			</points>
		</object>
		<object>
			<coordinate>pixel</coordinate>
			<type>rectangle</type>
			<description>None</description>
			<possibleresult>
				<name>Small Car</name>
			</possibleresult>
			<points>
				<point>733.000000,965.000000</point>
				<point>727.000000,969.000000</point>
				<point>716.000000,955.000000</point>
				<point>723.000000,950.000000</point>
				<point>733.000000,965.000000</point>
			</points>
		</object>
		<object>
			<coordinate>pixel</coordinate>
			<type>rectangle</type>
			<description>None</description>
			<possibleresult>
				<name>Baseball Field</name>
			</possibleresult>
			<points>
				<point>396.000000,649.000000</point>
				<point>239.000000,745.000000</point>
				<point>153.000000,606.000000</point>
				<point>310.000000,509.000000</point>
				<point>396.000000,649.000000</point>
			</points>
		</object>
		<object>
			<coordinate>pixel</coordinate>
			<type>rectangle</type>
			<description>None</description>
			<possibleresult>
				<name>Van</name>
			</possibleresult>
			<points>
				<point>164.000000,838.000000</point>
				<point>156.000000,841.000000</point>
				<point>149.000000,824.000000</point>
				<point>156.000000,821.000000</point>
				<point>164.000000,838.000000</point>
			</points>
		</object>
		<object>
			<coordinate>pixel</coordinate>
			<type>rectangle</type>
			<description>None</description>
			<possibleresult>
				<name>Small Car</name>
			</possibleresult>
			<points>
				<point>240.000000,845.000000</point>
				<point>226.000000,856.000000</point>
				<point>222.000000,851.000000</point>
				<point>236.000000,840.000000</point>
				<point>240.000000,845.000000</point>
			</points>
		</object>
		<object>
			<coordinate>pixel</coordinate>
			<type>rectangle</type>
			<description>None</description>
			<possibleresult>
				<name>Van</name>
			</possibleresult>
			<points>
				<point>299.000000,938.000000</point>
				<point>283.000000,945.000000</point>
				<point>279.000000,938.000000</point>
				<point>295.000000,930.000000</point>
				<point>299.000000,938.000000</point>
			</points>
		</object>
		<object>
			<coordinate>pixel</coordinate>
			<type>rectangle</type>
			<description>None</description>
			<possibleresult>
				<name>Van</name>
			</possibleresult>
			<points>
				<point>315.000000,926.000000</point>
				<point>300.000000,934.000000</point>
				<point>297.000000,927.000000</point>
				<point>312.000000,920.000000</point>
				<point>315.000000,926.000000</point>
			</points>
		</object>
		<object>
			<coordinate>pixel</coordinate>
			<type>rectangle</type>
			<description>None</description>
			<possibleresult>
				<name>Dump Truck</name>
			</possibleresult>
			<points>
				<point>229.000000,894.000000</point>
				<point>225.000000,899.000000</point>
				<point>212.000000,884.000000</point>
				<point>218.000000,879.000000</point>
				<point>229.000000,894.000000</point>
			</points>
		</object>
		<object>
			<coordinate>pixel</coordinate>
			<type>rectangle</type>
			<description>None</description>
			<possibleresult>
				<name>Dump Truck</name>
			</possibleresult>
			<points>
				<point>214.000000,927.000000</point>
				<point>207.000000,931.000000</point>
				<point>199.000000,920.000000</point>
				<point>205.000000,915.000000</point>
				<point>214.000000,927.000000</point>
			</points>
		</object>
		<object>
			<coordinate>pixel</coordinate>
			<type>rectangle</type>
			<description>None</description>
			<possibleresult>
				<name>Small Car</name>
			</possibleresult>
			<points>
				<point>247.000000,966.000000</point>
				<point>240.000000,970.000000</point>
				<point>232.000000,956.000000</point>
				<point>239.000000,952.000000</point>
				<point>247.000000,966.000000</point>
			</points>
		</object>
		<object>
			<coordinate>pixel</coordinate>
			<type>rectangle</type>
			<description>None</description>
			<possibleresult>
				<name>Small Car</name>
			</possibleresult>
			<points>
				<point>461.000000,37.000000</point>
				<point>454.000000,51.000000</point>
				<point>447.000000,48.000000</point>
				<point>454.000000,33.000000</point>
				<point>461.000000,37.000000</point>
			</points>
		</object>
		<object>
			<coordinate>pixel</coordinate>
			<type>rectangle</type>
			<description>None</description>
			<possibleresult>
				<name>Tennis Court</name>
			</possibleresult>
			<points>
				<point>623.000000,147.000000</point>
				<point>577.000000,147.000000</point>
				<point>577.000000,67.000000</point>
				<point>621.000000,67.000000</point>
				<point>623.000000,147.000000</point>
			</points>
		</object>
		<object>
			<coordinate>pixel</coordinate>
			<type>rectangle</type>
			<description>None</description>
			<possibleresult>
				<name>Tennis Court</name>
			</possibleresult>
			<points>
				<point>679.000000,147.000000</point>
				<point>634.000000,148.000000</point>
				<point>633.000000,67.000000</point>
				<point>678.000000,66.000000</point>
				<point>679.000000,147.000000</point>
			</points>
		</object>
		<object>
			<coordinate>pixel</coordinate>
			<type>rectangle</type>
			<description>None</description>
			<possibleresult>
				<name>Tennis Court</name>
			</possibleresult>
			<points>
				<point>734.000000,146.000000</point>
				<point>689.000000,148.000000</point>
				<point>689.000000,67.000000</point>
				<point>733.000000,66.000000</point>
				<point>734.000000,146.000000</point>
			</points>
		</object>
		<object>
			<coordinate>pixel</coordinate>
			<type>rectangle</type>
			<description>None</description>
			<possibleresult>
				<name>Baseball Field</name>
			</possibleresult>
			<points>
				<point>999.000000,132.000000</point>
				<point>917.000000,189.000000</point>
				<point>863.000000,112.000000</point>
				<point>945.000000,55.000000</point>
				<point>999.000000,132.000000</point>
			</points>
		</object>
		<object>
			<coordinate>pixel</coordinate>
			<type>rectangle</type>
			<description>None</description>
			<possibleresult>
				<name>Baseball Field</name>
			</possibleresult>
			<points>
				<point>917.000000,350.000000</point>
				<point>777.000000,439.000000</point>
				<point>697.000000,313.000000</point>
				<point>837.000000,223.000000</point>
				<point>917.000000,350.000000</point>
			</points>
		</object>
		<object>
			<coordinate>pixel</coordinate>
			<type>rectangle</type>
			<description>None</description>
			<possibleresult>
				<name>Van</name>
			</possibleresult>
			<points>
				<point>431.000000,212.000000</point>
				<point>417.000000,220.000000</point>
				<point>413.000000,214.000000</point>
				<point>427.000000,206.000000</point>
				<point>431.000000,212.000000</point>
			</points>
		</object>
		<object>
			<coordinate>pixel</coordinate>
			<type>rectangle</type>
			<description>None</description>
			<possibleresult>
				<name>Dump Truck</name>
			</possibleresult>
			<points>
				<point>518.000000,165.000000</point>
				<point>499.000000,172.000000</point>
				<point>496.000000,165.000000</point>
				<point>514.000000,158.000000</point>
				<point>518.000000,165.000000</point>
			</points>
		</object>
		<object>
			<coordinate>pixel</coordinate>
			<type>rectangle</type>
			<description>None</description>
			<possibleresult>
				<name>Van</name>
			</possibleresult>
			<points>
				<point>557.000000,159.000000</point>
				<point>535.000000,159.000000</point>
				<point>535.000000,153.000000</point>
				<point>557.000000,153.000000</point>
				<point>557.000000,159.000000</point>
			</points>
		</object>
		<object>
			<coordinate>pixel</coordinate>
			<type>rectangle</type>
			<description>None</description>
			<possibleresult>
				<name>Dump Truck</name>
			</possibleresult>
			<points>
				<point>507.000000,143.000000</point>
				<point>491.000000,153.000000</point>
				<point>487.000000,146.000000</point>
				<point>502.000000,137.000000</point>
				<point>507.000000,143.000000</point>
			</points>
		</object>
		<object>
			<coordinate>pixel</coordinate>
			<type>rectangle</type>
			<description>None</description>
			<possibleresult>
				<name>Dump Truck</name>
			</possibleresult>
			<points>
				<point>562.000000,117.000000</point>
				<point>540.000000,121.000000</point>
				<point>539.000000,112.000000</point>
				<point>561.000000,109.000000</point>
				<point>562.000000,117.000000</point>
			</points>
		</object>
		<object>
			<coordinate>pixel</coordinate>
			<type>rectangle</type>
			<description>None</description>
			<possibleresult>
				<name>Small Car</name>
			</possibleresult>
			<points>
				<point>325.000000,19.000000</point>
				<point>312.000000,25.000000</point>
				<point>308.000000,18.000000</point>
				<point>321.000000,12.000000</point>
				<point>325.000000,19.000000</point>
			</points>
		</object>
		<object>
			<coordinate>pixel</coordinate>
			<type>rectangle</type>
			<description>None</description>
			<possibleresult>
				<name>Van</name>
			</possibleresult>
			<points>
				<point>56.000000,93.000000</point>
				<point>49.000000,99.000000</point>
				<point>39.000000,84.000000</point>
				<point>45.000000,79.000000</point>
				<point>56.000000,93.000000</point>
			</points>
		</object>
	</objects>
</annotation>