<?xml version="1.0" encoding="utf-8"?>
<annotation>
	<source>
		<filename>2116.tif</filename>
		<origin>GF2/GF3</origin>
	</source>
	<research>
		<version>1.0</version>
		<provider>FAIR1M</provider>
		<author>Cyber</author>
		<pluginname>FAIR1M</pluginname>
		<pluginclass>object detection</pluginclass>
		<time>2021-07-21</time>
	</research>
	<size>
		<width>1000</width>
		<height>1000</height>
		<depth>3</depth>
	</size>
	<objects>
		<object>
			<coordinate>pixel</coordinate>
			<type>rectangle</type>
			<description>None</description>
			<possibleresult>
				<name>Cargo Truck</name>
			</possibleresult>
			<points>
				<point>765.000000,41.000000</point>
				<point>753.000000,44.000000</point>
				<point>745.000000,8.000000</point>
				<point>757.000000,5.000000</point>
				<point>765.000000,41.000000</point>
			</points>
		</object>
		<object>
			<coordinate>pixel</coordinate>
			<type>rectangle</type>
			<description>None</description>
			<possibleresult>
				<name>Dump Truck</name>
			</possibleresult>
			<points>
				<point>636.000000,11.000000</point>
				<point>611.000000,11.000000</point>
				<point>611.000000,4.000000</point>
				<point>636.000000,4.000000</point>
				<point>636.000000,11.000000</point>
			</points>
		</object>
		<object>
			<coordinate>pixel</coordinate>
			<type>rectangle</type>
			<description>None</description>
			<possibleresult>
				<name>Dump Truck</name>
			</possibleresult>
			<points>
				<point>11.000000,874.000000</point>
				<point>10.000000,891.000000</point>
				<point>3.000000,890.000000</point>
				<point>3.000000,874.000000</point>
				<point>11.000000,874.000000</point>
			</points>
		</object>
		<object>
			<coordinate>pixel</coordinate>
			<type>rectangle</type>
			<description>None</description>
			<possibleresult>
				<name>Small Car</name>
			</possibleresult>
			<points>
				<point>51.000000,850.000000</point>
				<point>49.000000,857.000000</point>
				<point>29.000000,849.000000</point>
				<point>32.000000,842.000000</point>
				<point>51.000000,850.000000</point>
			</points>
		</object>
		<object>
			<coordinate>pixel</coordinate>
			<type>rectangle</type>
			<description>None</description>
			<possibleresult>
				<name>Small Car</name>
			</possibleresult>
			<points>
				<point>52.000000,840.000000</point>
				<point>49.000000,847.000000</point>
				<point>30.000000,839.000000</point>
				<point>33.000000,833.000000</point>
				<point>52.000000,840.000000</point>
			</points>
		</object>
		<object>
			<coordinate>pixel</coordinate>
			<type>rectangle</type>
			<description>None</description>
			<possibleresult>
				<name>Small Car</name>
			</possibleresult>
			<points>
				<point>52.000000,831.000000</point>
				<point>49.000000,838.000000</point>
				<point>29.000000,829.000000</point>
				<point>32.000000,822.000000</point>
				<point>52.000000,831.000000</point>
			</points>
		</object>
		<object>
			<coordinate>pixel</coordinate>
			<type>rectangle</type>
			<description>None</description>
			<possibleresult>
				<name>Small Car</name>
			</possibleresult>
			<points>
				<point>49.000000,818.000000</point>
				<point>46.000000,824.000000</point>
				<point>30.000000,818.000000</point>
				<point>32.000000,811.000000</point>
				<point>49.000000,818.000000</point>
			</points>
		</object>
		<object>
			<coordinate>pixel</coordinate>
			<type>rectangle</type>
			<description>None</description>
			<possibleresult>
				<name>Small Car</name>
			</possibleresult>
			<points>
				<point>49.000000,808.000000</point>
				<point>47.000000,814.000000</point>
				<point>29.000000,807.000000</point>
				<point>32.000000,801.000000</point>
				<point>49.000000,808.000000</point>
			</points>
		</object>
		<object>
			<coordinate>pixel</coordinate>
			<type>rectangle</type>
			<description>None</description>
			<possibleresult>
				<name>Van</name>
			</possibleresult>
			<points>
				<point>50.000000,767.000000</point>
				<point>46.000000,775.000000</point>
				<point>26.000000,765.000000</point>
				<point>30.000000,757.000000</point>
				<point>50.000000,767.000000</point>
			</points>
		</object>
		<object>
			<coordinate>pixel</coordinate>
			<type>rectangle</type>
			<description>None</description>
			<possibleresult>
				<name>Small Car</name>
			</possibleresult>
			<points>
				<point>49.000000,778.000000</point>
				<point>47.000000,783.000000</point>
				<point>28.000000,775.000000</point>
				<point>31.000000,769.000000</point>
				<point>49.000000,778.000000</point>
			</points>
		</object>
		<object>
			<coordinate>pixel</coordinate>
			<type>rectangle</type>
			<description>None</description>
			<possibleresult>
				<name>Van</name>
			</possibleresult>
			<points>
				<point>23.000000,227.000000</point>
				<point>3.000000,226.000000</point>
				<point>3.000000,219.000000</point>
				<point>23.000000,220.000000</point>
				<point>23.000000,227.000000</point>
			</points>
		</object>
		<object>
			<coordinate>pixel</coordinate>
			<type>rectangle</type>
			<description>None</description>
			<possibleresult>
				<name>Dump Truck</name>
			</possibleresult>
			<points>
				<point>27.000000,260.000000</point>
				<point>7.000000,259.000000</point>
				<point>7.000000,251.000000</point>
				<point>27.000000,252.000000</point>
				<point>27.000000,260.000000</point>
			</points>
		</object>
		<object>
			<coordinate>pixel</coordinate>
			<type>rectangle</type>
			<description>None</description>
			<possibleresult>
				<name>Dump Truck</name>
			</possibleresult>
			<points>
				<point>168.000000,225.000000</point>
				<point>145.000000,225.000000</point>
				<point>145.000000,218.000000</point>
				<point>168.000000,218.000000</point>
				<point>168.000000,225.000000</point>
			</points>
		</object>
		<object>
			<coordinate>pixel</coordinate>
			<type>rectangle</type>
			<description>None</description>
			<possibleresult>
				<name>Intersection</name>
			</possibleresult>
			<points>
				<point>269.000000,268.000000</point>
				<point>186.000000,269.000000</point>
				<point>185.000000,215.000000</point>
				<point>269.000000,213.000000</point>
				<point>269.000000,268.000000</point>
			</points>
		</object>
		<object>
			<coordinate>pixel</coordinate>
			<type>rectangle</type>
			<description>None</description>
			<possibleresult>
				<name>Small Car</name>
			</possibleresult>
			<points>
				<point>43.000000,564.000000</point>
				<point>42.000000,582.000000</point>
				<point>33.000000,582.000000</point>
				<point>34.000000,564.000000</point>
				<point>43.000000,564.000000</point>
			</points>
		</object>
		<object>
			<coordinate>pixel</coordinate>
			<type>rectangle</type>
			<description>None</description>
			<possibleresult>
				<name>Small Car</name>
			</possibleresult>
			<points>
				<point>93.000000,684.000000</point>
				<point>74.000000,684.000000</point>
				<point>74.000000,677.000000</point>
				<point>93.000000,677.000000</point>
				<point>93.000000,684.000000</point>
			</points>
		</object>
		<object>
			<coordinate>pixel</coordinate>
			<type>rectangle</type>
			<description>None</description>
			<possibleresult>
				<name>Small Car</name>
			</possibleresult>
			<points>
				<point>156.000000,683.000000</point>
				<point>135.000000,683.000000</point>
				<point>135.000000,677.000000</point>
				<point>156.000000,677.000000</point>
				<point>156.000000,683.000000</point>
			</points>
		</object>
		<object>
			<coordinate>pixel</coordinate>
			<type>rectangle</type>
			<description>None</description>
			<possibleresult>
				<name>Dump Truck</name>
			</possibleresult>
			<points>
				<point>171.000000,580.000000</point>
				<point>163.000000,580.000000</point>
				<point>162.000000,564.000000</point>
				<point>170.000000,563.000000</point>
				<point>171.000000,580.000000</point>
			</points>
		</object>
		<object>
			<coordinate>pixel</coordinate>
			<type>rectangle</type>
			<description>None</description>
			<possibleresult>
				<name>Dump Truck</name>
			</possibleresult>
			<points>
				<point>175.000000,649.000000</point>
				<point>149.000000,649.000000</point>
				<point>149.000000,641.000000</point>
				<point>175.000000,641.000000</point>
				<point>175.000000,649.000000</point>
			</points>
		</object>
		<object>
			<coordinate>pixel</coordinate>
			<type>rectangle</type>
			<description>None</description>
			<possibleresult>
				<name>Intersection</name>
			</possibleresult>
			<points>
				<point>255.000000,686.000000</point>
				<point>177.000000,686.000000</point>
				<point>177.000000,629.000000</point>
				<point>255.000000,629.000000</point>
				<point>255.000000,686.000000</point>
			</points>
		</object>
		<object>
			<coordinate>pixel</coordinate>
			<type>rectangle</type>
			<description>None</description>
			<possibleresult>
				<name>Van</name>
			</possibleresult>
			<points>
				<point>229.000000,649.000000</point>
				<point>207.000000,648.000000</point>
				<point>208.000000,640.000000</point>
				<point>229.000000,641.000000</point>
				<point>229.000000,649.000000</point>
			</points>
		</object>
		<object>
			<coordinate>pixel</coordinate>
			<type>rectangle</type>
			<description>None</description>
			<possibleresult>
				<name>Excavator</name>
			</possibleresult>
			<points>
				<point>223.000000,744.000000</point>
				<point>210.000000,744.000000</point>
				<point>209.000000,710.000000</point>
				<point>223.000000,710.000000</point>
				<point>223.000000,744.000000</point>
			</points>
		</object>
		<object>
			<coordinate>pixel</coordinate>
			<type>rectangle</type>
			<description>None</description>
			<possibleresult>
				<name>Van</name>
			</possibleresult>
			<points>
				<point>239.000000,797.000000</point>
				<point>231.000000,797.000000</point>
				<point>230.000000,781.000000</point>
				<point>239.000000,781.000000</point>
				<point>239.000000,797.000000</point>
			</points>
		</object>
		<object>
			<coordinate>pixel</coordinate>
			<type>rectangle</type>
			<description>None</description>
			<possibleresult>
				<name>Van</name>
			</possibleresult>
			<points>
				<point>238.000000,804.000000</point>
				<point>237.000000,821.000000</point>
				<point>228.000000,820.000000</point>
				<point>229.000000,804.000000</point>
				<point>238.000000,804.000000</point>
			</points>
		</object>
		<object>
			<coordinate>pixel</coordinate>
			<type>rectangle</type>
			<description>None</description>
			<possibleresult>
				<name>Van</name>
			</possibleresult>
			<points>
				<point>197.000000,856.000000</point>
				<point>187.000000,856.000000</point>
				<point>187.000000,840.000000</point>
				<point>197.000000,840.000000</point>
				<point>197.000000,856.000000</point>
			</points>
		</object>
		<object>
			<coordinate>pixel</coordinate>
			<type>rectangle</type>
			<description>None</description>
			<possibleresult>
				<name>Van</name>
			</possibleresult>
			<points>
				<point>236.000000,897.000000</point>
				<point>227.000000,897.000000</point>
				<point>227.000000,881.000000</point>
				<point>236.000000,881.000000</point>
				<point>236.000000,897.000000</point>
			</points>
		</object>
		<object>
			<coordinate>pixel</coordinate>
			<type>rectangle</type>
			<description>None</description>
			<possibleresult>
				<name>Small Car</name>
			</possibleresult>
			<points>
				<point>200.000000,908.000000</point>
				<point>191.000000,908.000000</point>
				<point>191.000000,891.000000</point>
				<point>200.000000,891.000000</point>
				<point>200.000000,908.000000</point>
			</points>
		</object>
		<object>
			<coordinate>pixel</coordinate>
			<type>rectangle</type>
			<description>None</description>
			<possibleresult>
				<name>Dump Truck</name>
			</possibleresult>
			<points>
				<point>199.000000,926.000000</point>
				<point>191.000000,926.000000</point>
				<point>191.000000,909.000000</point>
				<point>199.000000,909.000000</point>
				<point>199.000000,926.000000</point>
			</points>
		</object>
		<object>
			<coordinate>pixel</coordinate>
			<type>rectangle</type>
			<description>None</description>
			<possibleresult>
				<name>Small Car</name>
			</possibleresult>
			<points>
				<point>201.000000,958.000000</point>
				<point>200.000000,974.000000</point>
				<point>191.000000,974.000000</point>
				<point>191.000000,957.000000</point>
				<point>201.000000,958.000000</point>
			</points>
		</object>
		<object>
			<coordinate>pixel</coordinate>
			<type>rectangle</type>
			<description>None</description>
			<possibleresult>
				<name>Small Car</name>
			</possibleresult>
			<points>
				<point>201.000000,954.000000</point>
				<point>192.000000,954.000000</point>
				<point>191.000000,936.000000</point>
				<point>201.000000,936.000000</point>
				<point>201.000000,954.000000</point>
			</points>
		</object>
		<object>
			<coordinate>pixel</coordinate>
			<type>rectangle</type>
			<description>None</description>
			<possibleresult>
				<name>Small Car</name>
			</possibleresult>
			<points>
				<point>238.000000,969.000000</point>
				<point>229.000000,969.000000</point>
				<point>229.000000,951.000000</point>
				<point>238.000000,951.000000</point>
				<point>238.000000,969.000000</point>
			</points>
		</object>
		<object>
			<coordinate>pixel</coordinate>
			<type>rectangle</type>
			<description>None</description>
			<possibleresult>
				<name>Small Car</name>
			</possibleresult>
			<points>
				<point>464.000000,964.000000</point>
				<point>456.000000,964.000000</point>
				<point>456.000000,948.000000</point>
				<point>464.000000,948.000000</point>
				<point>464.000000,964.000000</point>
			</points>
		</object>
		<object>
			<coordinate>pixel</coordinate>
			<type>rectangle</type>
			<description>None</description>
			<possibleresult>
				<name>Small Car</name>
			</possibleresult>
			<points>
				<point>449.000000,964.000000</point>
				<point>440.000000,965.000000</point>
				<point>439.000000,947.000000</point>
				<point>447.000000,946.000000</point>
				<point>449.000000,964.000000</point>
			</points>
		</object>
		<object>
			<coordinate>pixel</coordinate>
			<type>rectangle</type>
			<description>None</description>
			<possibleresult>
				<name>Van</name>
			</possibleresult>
			<points>
				<point>422.000000,962.000000</point>
				<point>412.000000,962.000000</point>
				<point>412.000000,946.000000</point>
				<point>421.000000,946.000000</point>
				<point>422.000000,962.000000</point>
			</points>
		</object>
		<object>
			<coordinate>pixel</coordinate>
			<type>rectangle</type>
			<description>None</description>
			<possibleresult>
				<name>Small Car</name>
			</possibleresult>
			<points>
				<point>396.000000,964.000000</point>
				<point>387.000000,964.000000</point>
				<point>387.000000,947.000000</point>
				<point>396.000000,947.000000</point>
				<point>396.000000,964.000000</point>
			</points>
		</object>
		<object>
			<coordinate>pixel</coordinate>
			<type>rectangle</type>
			<description>None</description>
			<possibleresult>
				<name>Small Car</name>
			</possibleresult>
			<points>
				<point>384.000000,963.000000</point>
				<point>375.000000,963.000000</point>
				<point>375.000000,947.000000</point>
				<point>384.000000,947.000000</point>
				<point>384.000000,963.000000</point>
			</points>
		</object>
		<object>
			<coordinate>pixel</coordinate>
			<type>rectangle</type>
			<description>None</description>
			<possibleresult>
				<name>Dump Truck</name>
			</possibleresult>
			<points>
				<point>372.000000,967.000000</point>
				<point>362.000000,967.000000</point>
				<point>362.000000,949.000000</point>
				<point>372.000000,949.000000</point>
				<point>372.000000,967.000000</point>
			</points>
		</object>
		<object>
			<coordinate>pixel</coordinate>
			<type>rectangle</type>
			<description>None</description>
			<possibleresult>
				<name>Van</name>
			</possibleresult>
			<points>
				<point>359.000000,965.000000</point>
				<point>349.000000,965.000000</point>
				<point>348.000000,948.000000</point>
				<point>358.000000,948.000000</point>
				<point>359.000000,965.000000</point>
			</points>
		</object>
		<object>
			<coordinate>pixel</coordinate>
			<type>rectangle</type>
			<description>None</description>
			<possibleresult>
				<name>Van</name>
			</possibleresult>
			<points>
				<point>289.000000,963.000000</point>
				<point>280.000000,963.000000</point>
				<point>280.000000,948.000000</point>
				<point>289.000000,948.000000</point>
				<point>289.000000,963.000000</point>
			</points>
		</object>
		<object>
			<coordinate>pixel</coordinate>
			<type>rectangle</type>
			<description>None</description>
			<possibleresult>
				<name>Van</name>
			</possibleresult>
			<points>
				<point>277.000000,945.000000</point>
				<point>268.000000,945.000000</point>
				<point>268.000000,929.000000</point>
				<point>277.000000,928.000000</point>
				<point>277.000000,945.000000</point>
			</points>
		</object>
		<object>
			<coordinate>pixel</coordinate>
			<type>rectangle</type>
			<description>None</description>
			<possibleresult>
				<name>Van</name>
			</possibleresult>
			<points>
				<point>290.000000,944.000000</point>
				<point>280.000000,945.000000</point>
				<point>279.000000,928.000000</point>
				<point>288.000000,927.000000</point>
				<point>290.000000,944.000000</point>
			</points>
		</object>
		<object>
			<coordinate>pixel</coordinate>
			<type>rectangle</type>
			<description>None</description>
			<possibleresult>
				<name>Dump Truck</name>
			</possibleresult>
			<points>
				<point>304.000000,944.000000</point>
				<point>296.000000,945.000000</point>
				<point>294.000000,927.000000</point>
				<point>302.000000,927.000000</point>
				<point>304.000000,944.000000</point>
			</points>
		</object>
		<object>
			<coordinate>pixel</coordinate>
			<type>rectangle</type>
			<description>None</description>
			<possibleresult>
				<name>Van</name>
			</possibleresult>
			<points>
				<point>318.000000,946.000000</point>
				<point>307.000000,946.000000</point>
				<point>307.000000,929.000000</point>
				<point>317.000000,929.000000</point>
				<point>318.000000,946.000000</point>
			</points>
		</object>
		<object>
			<coordinate>pixel</coordinate>
			<type>rectangle</type>
			<description>None</description>
			<possibleresult>
				<name>Van</name>
			</possibleresult>
			<points>
				<point>330.000000,944.000000</point>
				<point>320.000000,944.000000</point>
				<point>320.000000,928.000000</point>
				<point>330.000000,928.000000</point>
				<point>330.000000,944.000000</point>
			</points>
		</object>
		<object>
			<coordinate>pixel</coordinate>
			<type>rectangle</type>
			<description>None</description>
			<possibleresult>
				<name>Van</name>
			</possibleresult>
			<points>
				<point>344.000000,945.000000</point>
				<point>336.000000,945.000000</point>
				<point>335.000000,928.000000</point>
				<point>343.000000,928.000000</point>
				<point>344.000000,945.000000</point>
			</points>
		</object>
		<object>
			<coordinate>pixel</coordinate>
			<type>rectangle</type>
			<description>None</description>
			<possibleresult>
				<name>Van</name>
			</possibleresult>
			<points>
				<point>371.000000,945.000000</point>
				<point>363.000000,944.000000</point>
				<point>363.000000,927.000000</point>
				<point>371.000000,927.000000</point>
				<point>371.000000,945.000000</point>
			</points>
		</object>
		<object>
			<coordinate>pixel</coordinate>
			<type>rectangle</type>
			<description>None</description>
			<possibleresult>
				<name>Van</name>
			</possibleresult>
			<points>
				<point>384.000000,946.000000</point>
				<point>376.000000,946.000000</point>
				<point>376.000000,931.000000</point>
				<point>384.000000,931.000000</point>
				<point>384.000000,946.000000</point>
			</points>
		</object>
		<object>
			<coordinate>pixel</coordinate>
			<type>rectangle</type>
			<description>None</description>
			<possibleresult>
				<name>Small Car</name>
			</possibleresult>
			<points>
				<point>397.000000,944.000000</point>
				<point>389.000000,944.000000</point>
				<point>389.000000,931.000000</point>
				<point>396.000000,931.000000</point>
				<point>397.000000,944.000000</point>
			</points>
		</object>
		<object>
			<coordinate>pixel</coordinate>
			<type>rectangle</type>
			<description>None</description>
			<possibleresult>
				<name>Van</name>
			</possibleresult>
			<points>
				<point>412.000000,924.000000</point>
				<point>411.000000,943.000000</point>
				<point>401.000000,943.000000</point>
				<point>402.000000,924.000000</point>
				<point>412.000000,924.000000</point>
			</points>
		</object>
		<object>
			<coordinate>pixel</coordinate>
			<type>rectangle</type>
			<description>None</description>
			<possibleresult>
				<name>Small Car</name>
			</possibleresult>
			<points>
				<point>424.000000,945.000000</point>
				<point>414.000000,945.000000</point>
				<point>415.000000,928.000000</point>
				<point>424.000000,928.000000</point>
				<point>424.000000,945.000000</point>
			</points>
		</object>
		<object>
			<coordinate>pixel</coordinate>
			<type>rectangle</type>
			<description>None</description>
			<possibleresult>
				<name>Van</name>
			</possibleresult>
			<points>
				<point>438.000000,942.000000</point>
				<point>429.000000,943.000000</point>
				<point>429.000000,927.000000</point>
				<point>437.000000,927.000000</point>
				<point>438.000000,942.000000</point>
			</points>
		</object>
		<object>
			<coordinate>pixel</coordinate>
			<type>rectangle</type>
			<description>None</description>
			<possibleresult>
				<name>Van</name>
			</possibleresult>
			<points>
				<point>449.000000,944.000000</point>
				<point>441.000000,944.000000</point>
				<point>441.000000,930.000000</point>
				<point>449.000000,930.000000</point>
				<point>449.000000,944.000000</point>
			</points>
		</object>
		<object>
			<coordinate>pixel</coordinate>
			<type>rectangle</type>
			<description>None</description>
			<possibleresult>
				<name>Van</name>
			</possibleresult>
			<points>
				<point>464.000000,945.000000</point>
				<point>455.000000,945.000000</point>
				<point>455.000000,929.000000</point>
				<point>463.000000,929.000000</point>
				<point>464.000000,945.000000</point>
			</points>
		</object>
		<object>
			<coordinate>pixel</coordinate>
			<type>rectangle</type>
			<description>None</description>
			<possibleresult>
				<name>Van</name>
			</possibleresult>
			<points>
				<point>290.000000,883.000000</point>
				<point>289.000000,898.000000</point>
				<point>281.000000,898.000000</point>
				<point>281.000000,883.000000</point>
				<point>290.000000,883.000000</point>
			</points>
		</object>
		<object>
			<coordinate>pixel</coordinate>
			<type>rectangle</type>
			<description>None</description>
			<possibleresult>
				<name>Van</name>
			</possibleresult>
			<points>
				<point>303.000000,901.000000</point>
				<point>293.000000,901.000000</point>
				<point>293.000000,884.000000</point>
				<point>303.000000,884.000000</point>
				<point>303.000000,901.000000</point>
			</points>
		</object>
		<object>
			<coordinate>pixel</coordinate>
			<type>rectangle</type>
			<description>None</description>
			<possibleresult>
				<name>Van</name>
			</possibleresult>
			<points>
				<point>316.000000,902.000000</point>
				<point>308.000000,903.000000</point>
				<point>307.000000,884.000000</point>
				<point>315.000000,883.000000</point>
				<point>316.000000,902.000000</point>
			</points>
		</object>
		<object>
			<coordinate>pixel</coordinate>
			<type>rectangle</type>
			<description>None</description>
			<possibleresult>
				<name>Small Car</name>
			</possibleresult>
			<points>
				<point>330.000000,899.000000</point>
				<point>322.000000,900.000000</point>
				<point>321.000000,883.000000</point>
				<point>329.000000,882.000000</point>
				<point>330.000000,899.000000</point>
			</points>
		</object>
		<object>
			<coordinate>pixel</coordinate>
			<type>rectangle</type>
			<description>None</description>
			<possibleresult>
				<name>Dump Truck</name>
			</possibleresult>
			<points>
				<point>343.000000,902.000000</point>
				<point>335.000000,902.000000</point>
				<point>335.000000,886.000000</point>
				<point>343.000000,886.000000</point>
				<point>343.000000,902.000000</point>
			</points>
		</object>
		<object>
			<coordinate>pixel</coordinate>
			<type>rectangle</type>
			<description>None</description>
			<possibleresult>
				<name>Van</name>
			</possibleresult>
			<points>
				<point>356.000000,899.000000</point>
				<point>348.000000,899.000000</point>
				<point>348.000000,884.000000</point>
				<point>356.000000,884.000000</point>
				<point>356.000000,899.000000</point>
			</points>
		</object>
		<object>
			<coordinate>pixel</coordinate>
			<type>rectangle</type>
			<description>None</description>
			<possibleresult>
				<name>Van</name>
			</possibleresult>
			<points>
				<point>370.000000,900.000000</point>
				<point>362.000000,900.000000</point>
				<point>362.000000,884.000000</point>
				<point>370.000000,884.000000</point>
				<point>370.000000,900.000000</point>
			</points>
		</object>
		<object>
			<coordinate>pixel</coordinate>
			<type>rectangle</type>
			<description>None</description>
			<possibleresult>
				<name>Van</name>
			</possibleresult>
			<points>
				<point>383.000000,900.000000</point>
				<point>376.000000,900.000000</point>
				<point>376.000000,885.000000</point>
				<point>383.000000,885.000000</point>
				<point>383.000000,900.000000</point>
			</points>
		</object>
		<object>
			<coordinate>pixel</coordinate>
			<type>rectangle</type>
			<description>None</description>
			<possibleresult>
				<name>Van</name>
			</possibleresult>
			<points>
				<point>396.000000,901.000000</point>
				<point>388.000000,901.000000</point>
				<point>387.000000,885.000000</point>
				<point>396.000000,885.000000</point>
				<point>396.000000,901.000000</point>
			</points>
		</object>
		<object>
			<coordinate>pixel</coordinate>
			<type>rectangle</type>
			<description>None</description>
			<possibleresult>
				<name>Small Car</name>
			</possibleresult>
			<points>
				<point>410.000000,901.000000</point>
				<point>402.000000,902.000000</point>
				<point>400.000000,886.000000</point>
				<point>409.000000,885.000000</point>
				<point>410.000000,901.000000</point>
			</points>
		</object>
		<object>
			<coordinate>pixel</coordinate>
			<type>rectangle</type>
			<description>None</description>
			<possibleresult>
				<name>Dump Truck</name>
			</possibleresult>
			<points>
				<point>425.000000,904.000000</point>
				<point>415.000000,904.000000</point>
				<point>415.000000,884.000000</point>
				<point>425.000000,884.000000</point>
				<point>425.000000,904.000000</point>
			</points>
		</object>
		<object>
			<coordinate>pixel</coordinate>
			<type>rectangle</type>
			<description>None</description>
			<possibleresult>
				<name>Small Car</name>
			</possibleresult>
			<points>
				<point>304.000000,880.000000</point>
				<point>283.000000,881.000000</point>
				<point>283.000000,874.000000</point>
				<point>304.000000,873.000000</point>
				<point>304.000000,880.000000</point>
			</points>
		</object>
		<object>
			<coordinate>pixel</coordinate>
			<type>rectangle</type>
			<description>None</description>
			<possibleresult>
				<name>Van</name>
			</possibleresult>
			<points>
				<point>353.000000,880.000000</point>
				<point>333.000000,880.000000</point>
				<point>333.000000,872.000000</point>
				<point>353.000000,872.000000</point>
				<point>353.000000,880.000000</point>
			</points>
		</object>
		<object>
			<coordinate>pixel</coordinate>
			<type>rectangle</type>
			<description>None</description>
			<possibleresult>
				<name>Van</name>
			</possibleresult>
			<points>
				<point>384.000000,880.000000</point>
				<point>363.000000,880.000000</point>
				<point>363.000000,872.000000</point>
				<point>384.000000,872.000000</point>
				<point>384.000000,880.000000</point>
			</points>
		</object>
		<object>
			<coordinate>pixel</coordinate>
			<type>rectangle</type>
			<description>None</description>
			<possibleresult>
				<name>Small Car</name>
			</possibleresult>
			<points>
				<point>434.000000,880.000000</point>
				<point>415.000000,879.000000</point>
				<point>415.000000,872.000000</point>
				<point>434.000000,873.000000</point>
				<point>434.000000,880.000000</point>
			</points>
		</object>
		<object>
			<coordinate>pixel</coordinate>
			<type>rectangle</type>
			<description>None</description>
			<possibleresult>
				<name>Van</name>
			</possibleresult>
			<points>
				<point>436.000000,902.000000</point>
				<point>427.000000,902.000000</point>
				<point>427.000000,885.000000</point>
				<point>435.000000,885.000000</point>
				<point>436.000000,902.000000</point>
			</points>
		</object>
		<object>
			<coordinate>pixel</coordinate>
			<type>rectangle</type>
			<description>None</description>
			<possibleresult>
				<name>Dump Truck</name>
			</possibleresult>
			<points>
				<point>449.000000,903.000000</point>
				<point>440.000000,903.000000</point>
				<point>440.000000,883.000000</point>
				<point>449.000000,883.000000</point>
				<point>449.000000,903.000000</point>
			</points>
		</object>
		<object>
			<coordinate>pixel</coordinate>
			<type>rectangle</type>
			<description>None</description>
			<possibleresult>
				<name>Small Car</name>
			</possibleresult>
			<points>
				<point>335.000000,621.000000</point>
				<point>326.000000,621.000000</point>
				<point>325.000000,603.000000</point>
				<point>334.000000,603.000000</point>
				<point>335.000000,621.000000</point>
			</points>
		</object>
		<object>
			<coordinate>pixel</coordinate>
			<type>rectangle</type>
			<description>None</description>
			<possibleresult>
				<name>Small Car</name>
			</possibleresult>
			<points>
				<point>308.000000,568.000000</point>
				<point>298.000000,568.000000</point>
				<point>298.000000,551.000000</point>
				<point>307.000000,551.000000</point>
				<point>308.000000,568.000000</point>
			</points>
		</object>
		<object>
			<coordinate>pixel</coordinate>
			<type>rectangle</type>
			<description>None</description>
			<possibleresult>
				<name>Van</name>
			</possibleresult>
			<points>
				<point>471.000000,406.000000</point>
				<point>450.000000,406.000000</point>
				<point>450.000000,398.000000</point>
				<point>471.000000,398.000000</point>
				<point>471.000000,406.000000</point>
			</points>
		</object>
		<object>
			<coordinate>pixel</coordinate>
			<type>rectangle</type>
			<description>None</description>
			<possibleresult>
				<name>Van</name>
			</possibleresult>
			<points>
				<point>325.000000,488.000000</point>
				<point>312.000000,504.000000</point>
				<point>305.000000,499.000000</point>
				<point>318.000000,482.000000</point>
				<point>325.000000,488.000000</point>
			</points>
		</object>
		<object>
			<coordinate>pixel</coordinate>
			<type>rectangle</type>
			<description>None</description>
			<possibleresult>
				<name>Small Car</name>
			</possibleresult>
			<points>
				<point>349.000000,487.000000</point>
				<point>339.000000,501.000000</point>
				<point>333.000000,496.000000</point>
				<point>343.000000,482.000000</point>
				<point>349.000000,487.000000</point>
			</points>
		</object>
		<object>
			<coordinate>pixel</coordinate>
			<type>rectangle</type>
			<description>None</description>
			<possibleresult>
				<name>Van</name>
			</possibleresult>
			<points>
				<point>452.000000,466.000000</point>
				<point>439.000000,481.000000</point>
				<point>432.000000,475.000000</point>
				<point>445.000000,460.000000</point>
				<point>452.000000,466.000000</point>
			</points>
		</object>
		<object>
			<coordinate>pixel</coordinate>
			<type>rectangle</type>
			<description>None</description>
			<possibleresult>
				<name>Van</name>
			</possibleresult>
			<points>
				<point>463.000000,466.000000</point>
				<point>452.000000,479.000000</point>
				<point>446.000000,474.000000</point>
				<point>457.000000,461.000000</point>
				<point>463.000000,466.000000</point>
			</points>
		</object>
		<object>
			<coordinate>pixel</coordinate>
			<type>rectangle</type>
			<description>None</description>
			<possibleresult>
				<name>Small Car</name>
			</possibleresult>
			<points>
				<point>462.000000,484.000000</point>
				<point>449.000000,500.000000</point>
				<point>442.000000,494.000000</point>
				<point>456.000000,478.000000</point>
				<point>462.000000,484.000000</point>
			</points>
		</object>
		<object>
			<coordinate>pixel</coordinate>
			<type>rectangle</type>
			<description>None</description>
			<possibleresult>
				<name>Van</name>
			</possibleresult>
			<points>
				<point>404.000000,804.000000</point>
				<point>394.000000,804.000000</point>
				<point>394.000000,787.000000</point>
				<point>403.000000,787.000000</point>
				<point>404.000000,804.000000</point>
			</points>
		</object>
		<object>
			<coordinate>pixel</coordinate>
			<type>rectangle</type>
			<description>None</description>
			<possibleresult>
				<name>Small Car</name>
			</possibleresult>
			<points>
				<point>431.000000,807.000000</point>
				<point>422.000000,808.000000</point>
				<point>420.000000,792.000000</point>
				<point>429.000000,791.000000</point>
				<point>431.000000,807.000000</point>
			</points>
		</object>
		<object>
			<coordinate>pixel</coordinate>
			<type>rectangle</type>
			<description>None</description>
			<possibleresult>
				<name>Van</name>
			</possibleresult>
			<points>
				<point>436.000000,755.000000</point>
				<point>433.000000,761.000000</point>
				<point>416.000000,754.000000</point>
				<point>418.000000,748.000000</point>
				<point>436.000000,755.000000</point>
			</points>
		</object>
		<object>
			<coordinate>pixel</coordinate>
			<type>rectangle</type>
			<description>None</description>
			<possibleresult>
				<name>Small Car</name>
			</possibleresult>
			<points>
				<point>403.000000,718.000000</point>
				<point>395.000000,719.000000</point>
				<point>394.000000,700.000000</point>
				<point>403.000000,700.000000</point>
				<point>403.000000,718.000000</point>
			</points>
		</object>
		<object>
			<coordinate>pixel</coordinate>
			<type>rectangle</type>
			<description>None</description>
			<possibleresult>
				<name>Van</name>
			</possibleresult>
			<points>
				<point>434.000000,745.000000</point>
				<point>430.000000,752.000000</point>
				<point>414.000000,743.000000</point>
				<point>417.000000,736.000000</point>
				<point>434.000000,745.000000</point>
			</points>
		</object>
		<object>
			<coordinate>pixel</coordinate>
			<type>rectangle</type>
			<description>None</description>
			<possibleresult>
				<name>Intersection</name>
			</possibleresult>
			<points>
				<point>510.000000,674.000000</point>
				<point>480.000000,674.000000</point>
				<point>481.000000,627.000000</point>
				<point>510.000000,627.000000</point>
				<point>510.000000,674.000000</point>
			</points>
		</object>
		<object>
			<coordinate>pixel</coordinate>
			<type>rectangle</type>
			<description>None</description>
			<possibleresult>
				<name>Van</name>
			</possibleresult>
			<points>
				<point>750.000000,946.000000</point>
				<point>743.000000,947.000000</point>
				<point>742.000000,931.000000</point>
				<point>750.000000,931.000000</point>
				<point>750.000000,946.000000</point>
			</points>
		</object>
		<object>
			<coordinate>pixel</coordinate>
			<type>rectangle</type>
			<description>None</description>
			<possibleresult>
				<name>Van</name>
			</possibleresult>
			<points>
				<point>526.000000,567.000000</point>
				<point>521.000000,574.000000</point>
				<point>505.000000,564.000000</point>
				<point>510.000000,557.000000</point>
				<point>526.000000,567.000000</point>
			</points>
		</object>
		<object>
			<coordinate>pixel</coordinate>
			<type>rectangle</type>
			<description>None</description>
			<possibleresult>
				<name>Small Car</name>
			</possibleresult>
			<points>
				<point>524.000000,579.000000</point>
				<point>520.000000,586.000000</point>
				<point>503.000000,576.000000</point>
				<point>507.000000,569.000000</point>
				<point>524.000000,579.000000</point>
			</points>
		</object>
		<object>
			<coordinate>pixel</coordinate>
			<type>rectangle</type>
			<description>None</description>
			<possibleresult>
				<name>Cargo Truck</name>
			</possibleresult>
			<points>
				<point>616.000000,709.000000</point>
				<point>615.000000,734.000000</point>
				<point>604.000000,734.000000</point>
				<point>604.000000,709.000000</point>
				<point>616.000000,709.000000</point>
			</points>
		</object>
		<object>
			<coordinate>pixel</coordinate>
			<type>rectangle</type>
			<description>None</description>
			<possibleresult>
				<name>Small Car</name>
			</possibleresult>
			<points>
				<point>548.000000,674.000000</point>
				<point>527.000000,674.000000</point>
				<point>527.000000,666.000000</point>
				<point>548.000000,666.000000</point>
				<point>548.000000,674.000000</point>
			</points>
		</object>
		<object>
			<coordinate>pixel</coordinate>
			<type>rectangle</type>
			<description>None</description>
			<possibleresult>
				<name>Small Car</name>
			</possibleresult>
			<points>
				<point>573.000000,674.000000</point>
				<point>551.000000,674.000000</point>
				<point>551.000000,667.000000</point>
				<point>573.000000,667.000000</point>
				<point>573.000000,674.000000</point>
			</points>
		</object>
		<object>
			<coordinate>pixel</coordinate>
			<type>rectangle</type>
			<description>None</description>
			<possibleresult>
				<name>Van</name>
			</possibleresult>
			<points>
				<point>750.000000,905.000000</point>
				<point>742.000000,905.000000</point>
				<point>741.000000,888.000000</point>
				<point>749.000000,888.000000</point>
				<point>750.000000,905.000000</point>
			</points>
		</object>
		<object>
			<coordinate>pixel</coordinate>
			<type>rectangle</type>
			<description>None</description>
			<possibleresult>
				<name>Dump Truck</name>
			</possibleresult>
			<points>
				<point>752.000000,927.000000</point>
				<point>741.000000,927.000000</point>
				<point>741.000000,906.000000</point>
				<point>751.000000,906.000000</point>
				<point>752.000000,927.000000</point>
			</points>
		</object>
		<object>
			<coordinate>pixel</coordinate>
			<type>rectangle</type>
			<description>None</description>
			<possibleresult>
				<name>Van</name>
			</possibleresult>
			<points>
				<point>987.000000,66.000000</point>
				<point>978.000000,66.000000</point>
				<point>977.000000,48.000000</point>
				<point>986.000000,48.000000</point>
				<point>987.000000,66.000000</point>
			</points>
		</object>
		<object>
			<coordinate>pixel</coordinate>
			<type>rectangle</type>
			<description>None</description>
			<possibleresult>
				<name>Cargo Truck</name>
			</possibleresult>
			<points>
				<point>958.000000,50.000000</point>
				<point>947.000000,64.000000</point>
				<point>940.000000,58.000000</point>
				<point>951.000000,44.000000</point>
				<point>958.000000,50.000000</point>
			</points>
		</object>
		<object>
			<coordinate>pixel</coordinate>
			<type>rectangle</type>
			<description>None</description>
			<possibleresult>
				<name>Cargo Truck</name>
			</possibleresult>
			<points>
				<point>930.000000,50.000000</point>
				<point>919.000000,63.000000</point>
				<point>913.000000,58.000000</point>
				<point>924.000000,45.000000</point>
				<point>930.000000,50.000000</point>
			</points>
		</object>
		<object>
			<coordinate>pixel</coordinate>
			<type>rectangle</type>
			<description>None</description>
			<possibleresult>
				<name>Cargo Truck</name>
			</possibleresult>
			<points>
				<point>984.000000,104.000000</point>
				<point>962.000000,104.000000</point>
				<point>962.000000,96.000000</point>
				<point>984.000000,96.000000</point>
				<point>984.000000,104.000000</point>
			</points>
		</object>
		<object>
			<coordinate>pixel</coordinate>
			<type>rectangle</type>
			<description>None</description>
			<possibleresult>
				<name>Cargo Truck</name>
			</possibleresult>
			<points>
				<point>987.000000,112.000000</point>
				<point>969.000000,112.000000</point>
				<point>968.000000,105.000000</point>
				<point>987.000000,105.000000</point>
				<point>987.000000,112.000000</point>
			</points>
		</object>
		<object>
			<coordinate>pixel</coordinate>
			<type>rectangle</type>
			<description>None</description>
			<possibleresult>
				<name>Cargo Truck</name>
			</possibleresult>
			<points>
				<point>988.000000,121.000000</point>
				<point>969.000000,121.000000</point>
				<point>969.000000,114.000000</point>
				<point>988.000000,114.000000</point>
				<point>988.000000,121.000000</point>
			</points>
		</object>
		<object>
			<coordinate>pixel</coordinate>
			<type>rectangle</type>
			<description>None</description>
			<possibleresult>
				<name>Cargo Truck</name>
			</possibleresult>
			<points>
				<point>989.000000,130.000000</point>
				<point>970.000000,130.000000</point>
				<point>970.000000,123.000000</point>
				<point>989.000000,123.000000</point>
				<point>989.000000,130.000000</point>
			</points>
		</object>
		<object>
			<coordinate>pixel</coordinate>
			<type>rectangle</type>
			<description>None</description>
			<possibleresult>
				<name>Cargo Truck</name>
			</possibleresult>
			<points>
				<point>990.000000,140.000000</point>
				<point>970.000000,140.000000</point>
				<point>970.000000,132.000000</point>
				<point>990.000000,132.000000</point>
				<point>990.000000,140.000000</point>
			</points>
		</object>
		<object>
			<coordinate>pixel</coordinate>
			<type>rectangle</type>
			<description>None</description>
			<possibleresult>
				<name>Cargo Truck</name>
			</possibleresult>
			<points>
				<point>989.000000,149.000000</point>
				<point>970.000000,150.000000</point>
				<point>969.000000,142.000000</point>
				<point>989.000000,142.000000</point>
				<point>989.000000,149.000000</point>
			</points>
		</object>
		<object>
			<coordinate>pixel</coordinate>
			<type>rectangle</type>
			<description>None</description>
			<possibleresult>
				<name>Cargo Truck</name>
			</possibleresult>
			<points>
				<point>989.000000,159.000000</point>
				<point>969.000000,159.000000</point>
				<point>969.000000,151.000000</point>
				<point>989.000000,151.000000</point>
				<point>989.000000,159.000000</point>
			</points>
		</object>
		<object>
			<coordinate>pixel</coordinate>
			<type>rectangle</type>
			<description>None</description>
			<possibleresult>
				<name>Cargo Truck</name>
			</possibleresult>
			<points>
				<point>989.000000,167.000000</point>
				<point>970.000000,167.000000</point>
				<point>970.000000,160.000000</point>
				<point>989.000000,160.000000</point>
				<point>989.000000,167.000000</point>
			</points>
		</object>
		<object>
			<coordinate>pixel</coordinate>
			<type>rectangle</type>
			<description>None</description>
			<possibleresult>
				<name>Cargo Truck</name>
			</possibleresult>
			<points>
				<point>989.000000,177.000000</point>
				<point>972.000000,176.000000</point>
				<point>972.000000,169.000000</point>
				<point>989.000000,169.000000</point>
				<point>989.000000,177.000000</point>
			</points>
		</object>
		<object>
			<coordinate>pixel</coordinate>
			<type>rectangle</type>
			<description>None</description>
			<possibleresult>
				<name>Cargo Truck</name>
			</possibleresult>
			<points>
				<point>990.000000,186.000000</point>
				<point>972.000000,186.000000</point>
				<point>972.000000,178.000000</point>
				<point>990.000000,178.000000</point>
				<point>990.000000,186.000000</point>
			</points>
		</object>
		<object>
			<coordinate>pixel</coordinate>
			<type>rectangle</type>
			<description>None</description>
			<possibleresult>
				<name>Van</name>
			</possibleresult>
			<points>
				<point>1000.000000,353.000000</point>
				<point>983.000000,353.000000</point>
				<point>983.000000,346.000000</point>
				<point>1000.000000,346.000000</point>
				<point>1000.000000,353.000000</point>
			</points>
		</object>
		<object>
			<coordinate>pixel</coordinate>
			<type>rectangle</type>
			<description>None</description>
			<possibleresult>
				<name>Van</name>
			</possibleresult>
			<points>
				<point>1000.000000,362.000000</point>
				<point>986.000000,361.000000</point>
				<point>987.000000,355.000000</point>
				<point>1000.000000,355.000000</point>
				<point>1000.000000,362.000000</point>
			</points>
		</object>
		<object>
			<coordinate>pixel</coordinate>
			<type>rectangle</type>
			<description>None</description>
			<possibleresult>
				<name>Dump Truck</name>
			</possibleresult>
			<points>
				<point>1000.000000,391.000000</point>
				<point>981.000000,391.000000</point>
				<point>981.000000,381.000000</point>
				<point>1000.000000,382.000000</point>
				<point>1000.000000,391.000000</point>
			</points>
		</object>
		<object>
			<coordinate>pixel</coordinate>
			<type>rectangle</type>
			<description>None</description>
			<possibleresult>
				<name>Small Car</name>
			</possibleresult>
			<points>
				<point>1000.000000,413.000000</point>
				<point>986.000000,413.000000</point>
				<point>986.000000,406.000000</point>
				<point>1000.000000,406.000000</point>
				<point>1000.000000,413.000000</point>
			</points>
		</object>
		<object>
			<coordinate>pixel</coordinate>
			<type>rectangle</type>
			<description>None</description>
			<possibleresult>
				<name>Van</name>
			</possibleresult>
			<points>
				<point>1000.000000,423.000000</point>
				<point>981.000000,423.000000</point>
				<point>981.000000,416.000000</point>
				<point>1000.000000,416.000000</point>
				<point>1000.000000,423.000000</point>
			</points>
		</object>
		<object>
			<coordinate>pixel</coordinate>
			<type>rectangle</type>
			<description>None</description>
			<possibleresult>
				<name>Small Car</name>
			</possibleresult>
			<points>
				<point>846.000000,244.000000</point>
				<point>824.000000,244.000000</point>
				<point>824.000000,236.000000</point>
				<point>846.000000,237.000000</point>
				<point>846.000000,244.000000</point>
			</points>
		</object>
		<object>
			<coordinate>pixel</coordinate>
			<type>rectangle</type>
			<description>None</description>
			<possibleresult>
				<name>Intersection</name>
			</possibleresult>
			<points>
				<point>797.000000,255.000000</point>
				<point>724.000000,255.000000</point>
				<point>724.000000,206.000000</point>
				<point>797.000000,206.000000</point>
				<point>797.000000,255.000000</point>
			</points>
		</object>
		<object>
			<coordinate>pixel</coordinate>
			<type>rectangle</type>
			<description>None</description>
			<possibleresult>
				<name>Small Car</name>
			</possibleresult>
			<points>
				<point>827.000000,378.000000</point>
				<point>814.000000,390.000000</point>
				<point>809.000000,385.000000</point>
				<point>822.000000,372.000000</point>
				<point>827.000000,378.000000</point>
			</points>
		</object>
		<object>
			<coordinate>pixel</coordinate>
			<type>rectangle</type>
			<description>None</description>
			<possibleresult>
				<name>Small Car</name>
			</possibleresult>
			<points>
				<point>850.000000,381.000000</point>
				<point>837.000000,394.000000</point>
				<point>832.000000,389.000000</point>
				<point>845.000000,376.000000</point>
				<point>850.000000,381.000000</point>
			</points>
		</object>
		<object>
			<coordinate>pixel</coordinate>
			<type>rectangle</type>
			<description>None</description>
			<possibleresult>
				<name>Dump Truck</name>
			</possibleresult>
			<points>
				<point>888.000000,380.000000</point>
				<point>873.000000,397.000000</point>
				<point>866.000000,391.000000</point>
				<point>880.000000,374.000000</point>
				<point>888.000000,380.000000</point>
			</points>
		</object>
		<object>
			<coordinate>pixel</coordinate>
			<type>rectangle</type>
			<description>None</description>
			<possibleresult>
				<name>Dump Truck</name>
			</possibleresult>
			<points>
				<point>774.000000,592.000000</point>
				<point>764.000000,592.000000</point>
				<point>763.000000,572.000000</point>
				<point>773.000000,572.000000</point>
				<point>774.000000,592.000000</point>
			</points>
		</object>
		<object>
			<coordinate>pixel</coordinate>
			<type>rectangle</type>
			<description>None</description>
			<possibleresult>
				<name>Intersection</name>
			</possibleresult>
			<points>
				<point>803.000000,680.000000</point>
				<point>730.000000,681.000000</point>
				<point>729.000000,632.000000</point>
				<point>803.000000,631.000000</point>
				<point>803.000000,680.000000</point>
			</points>
		</object>
		<object>
			<coordinate>pixel</coordinate>
			<type>rectangle</type>
			<description>None</description>
			<possibleresult>
				<name>Van</name>
			</possibleresult>
			<points>
				<point>790.000000,834.000000</point>
				<point>781.000000,835.000000</point>
				<point>781.000000,819.000000</point>
				<point>789.000000,819.000000</point>
				<point>790.000000,834.000000</point>
			</points>
		</object>
		<object>
			<coordinate>pixel</coordinate>
			<type>rectangle</type>
			<description>None</description>
			<possibleresult>
				<name>Dump Truck</name>
			</possibleresult>
			<points>
				<point>751.000000,778.000000</point>
				<point>741.000000,779.000000</point>
				<point>741.000000,759.000000</point>
				<point>750.000000,759.000000</point>
				<point>751.000000,778.000000</point>
			</points>
		</object>
		<object>
			<coordinate>pixel</coordinate>
			<type>rectangle</type>
			<description>None</description>
			<possibleresult>
				<name>Intersection</name>
			</possibleresult>
			<points>
				<point>31.000000,685.000000</point>
				<point>2.000000,685.000000</point>
				<point>2.000000,632.000000</point>
				<point>31.000000,632.000000</point>
				<point>31.000000,685.000000</point>
			</points>
		</object>
	</objects>
</annotation>