<?xml version="1.0" encoding="utf-8"?>
<annotation>
	<source>
		<filename>2120.tif</filename>
		<origin>GF2/GF3</origin>
	</source>
	<research>
		<version>1.0</version>
		<provider>FAIR1M</provider>
		<author>Cyber</author>
		<pluginname>FAIR1M</pluginname>
		<pluginclass>object detection</pluginclass>
		<time>2021-07-21</time>
	</research>
	<size>
		<width>800</width>
		<height>600</height>
		<depth>3</depth>
	</size>
	<objects>
		<object>
			<coordinate>pixel</coordinate>
			<type>rectangle</type>
			<description>None</description>
			<possibleresult>
				<name>other-airplane</name>
			</possibleresult>
			<points>
				<point>196.000000,227.000000</point>
				<point>156.000000,249.000000</point>
				<point>142.000000,223.000000</point>
				<point>182.000000,201.000000</point>
				<point>196.000000,227.000000</point>
			</points>
		</object>
		<object>
			<coordinate>pixel</coordinate>
			<type>rectangle</type>
			<description>None</description>
			<possibleresult>
				<name>other-airplane</name>
			</possibleresult>
			<points>
				<point>660.000000,90.000000</point>
				<point>637.000000,100.000000</point>
				<point>626.000000,76.000000</point>
				<point>649.000000,66.000000</point>
				<point>660.000000,90.000000</point>
			</points>
		</object>
		<object>
			<coordinate>pixel</coordinate>
			<type>rectangle</type>
			<description>None</description>
			<possibleresult>
				<name>A220</name>
			</possibleresult>
			<points>
				<point>767.000000,42.000000</point>
				<point>728.000000,61.000000</point>
				<point>708.000000,19.000000</point>
				<point>746.000000,0.000000</point>
				<point>767.000000,42.000000</point>
			</points>
		</object>
		<object>
			<coordinate>pixel</coordinate>
			<type>rectangle</type>
			<description>None</description>
			<possibleresult>
				<name>other-airplane</name>
			</possibleresult>
			<points>
				<point>346.000000,506.000000</point>
				<point>308.000000,525.000000</point>
				<point>288.000000,486.000000</point>
				<point>326.000000,467.000000</point>
				<point>346.000000,506.000000</point>
			</points>
		</object>
	</objects>
</annotation>