<?xml version="1.0" encoding="utf-8"?>
<annotation>
	<source>
		<filename>2134.tif</filename>
		<origin>GF2/GF3</origin>
	</source>
	<research>
		<version>1.0</version>
		<provider>FAIR1M</provider>
		<author>Cyber</author>
		<pluginname>FAIR1M</pluginname>
		<pluginclass>object detection</pluginclass>
		<time>2021-07-21</time>
	</research>
	<size>
		<width>800</width>
		<height>600</height>
		<depth>3</depth>
	</size>
	<objects>
		<object>
			<coordinate>pixel</coordinate>
			<type>rectangle</type>
			<description>None</description>
			<possibleresult>
				<name>Boeing747</name>
			</possibleresult>
			<points>
				<point>755.000000,435.000000</point>
				<point>675.000000,488.000000</point>
				<point>627.000000,417.000000</point>
				<point>707.000000,364.000000</point>
				<point>755.000000,435.000000</point>
			</points>
		</object>
		<object>
			<coordinate>pixel</coordinate>
			<type>rectangle</type>
			<description>None</description>
			<possibleresult>
				<name>Boeing747</name>
			</possibleresult>
			<points>
				<point>728.000000,207.000000</point>
				<point>660.000000,253.000000</point>
				<point>612.000000,181.000000</point>
				<point>680.000000,136.000000</point>
				<point>728.000000,207.000000</point>
			</points>
		</object>
		<object>
			<coordinate>pixel</coordinate>
			<type>rectangle</type>
			<description>None</description>
			<possibleresult>
				<name>Boeing747</name>
			</possibleresult>
			<points>
				<point>651.000000,260.000000</point>
				<point>583.000000,303.000000</point>
				<point>537.000000,230.000000</point>
				<point>605.000000,187.000000</point>
				<point>651.000000,260.000000</point>
			</points>
		</object>
		<object>
			<coordinate>pixel</coordinate>
			<type>rectangle</type>
			<description>None</description>
			<possibleresult>
				<name>Boeing747</name>
			</possibleresult>
			<points>
				<point>483.000000,374.000000</point>
				<point>414.000000,415.000000</point>
				<point>369.000000,340.000000</point>
				<point>438.000000,299.000000</point>
				<point>483.000000,374.000000</point>
			</points>
		</object>
		<object>
			<coordinate>pixel</coordinate>
			<type>rectangle</type>
			<description>None</description>
			<possibleresult>
				<name>Boeing747</name>
			</possibleresult>
			<points>
				<point>407.000000,419.000000</point>
				<point>341.000000,465.000000</point>
				<point>292.000000,393.000000</point>
				<point>358.000000,347.000000</point>
				<point>407.000000,419.000000</point>
			</points>
		</object>
	</objects>
</annotation>