<?xml version="1.0" encoding="utf-8"?>
<annotation>
	<source>
		<filename>2150.tif</filename>
		<origin>GF2/GF3</origin>
	</source>
	<research>
		<version>1.0</version>
		<provider>FAIR1M</provider>
		<author>Cyber</author>
		<pluginname>FAIR1M</pluginname>
		<pluginclass>object detection</pluginclass>
		<time>2021-07-21</time>
	</research>
	<size>
		<width>1000</width>
		<height>1000</height>
		<depth>3</depth>
	</size>
	<objects>
		<object>
			<coordinate>pixel</coordinate>
			<type>rectangle</type>
			<description>None</description>
			<possibleresult>
				<name>other-airplane</name>
			</possibleresult>
			<points>
				<point>979.000000,88.000000</point>
				<point>999.000000,53.000000</point>
				<point>961.000000,33.000000</point>
				<point>942.000000,68.000000</point>
				<point>979.000000,88.000000</point>
			</points>
		</object>
		<object>
			<coordinate>pixel</coordinate>
			<type>rectangle</type>
			<description>None</description>
			<possibleresult>
				<name>A220</name>
			</possibleresult>
			<points>
				<point>912.000000,93.000000</point>
				<point>896.000000,52.000000</point>
				<point>855.000000,69.000000</point>
				<point>872.000000,109.000000</point>
				<point>912.000000,93.000000</point>
			</points>
		</object>
		<object>
			<coordinate>pixel</coordinate>
			<type>rectangle</type>
			<description>None</description>
			<possibleresult>
				<name>A321</name>
			</possibleresult>
			<points>
				<point>870.000000,138.000000</point>
				<point>815.000000,130.000000</point>
				<point>809.000000,171.000000</point>
				<point>863.000000,179.000000</point>
				<point>870.000000,138.000000</point>
			</points>
		</object>
		<object>
			<coordinate>pixel</coordinate>
			<type>rectangle</type>
			<description>None</description>
			<possibleresult>
				<name>A220</name>
			</possibleresult>
			<points>
				<point>888.000000,229.000000</point>
				<point>841.000000,232.000000</point>
				<point>844.000000,275.000000</point>
				<point>891.000000,272.000000</point>
				<point>888.000000,229.000000</point>
			</points>
		</object>
		<object>
			<coordinate>pixel</coordinate>
			<type>rectangle</type>
			<description>None</description>
			<possibleresult>
				<name>A220</name>
			</possibleresult>
			<points>
				<point>895.000000,276.000000</point>
				<point>847.000000,282.000000</point>
				<point>852.000000,324.000000</point>
				<point>900.000000,318.000000</point>
				<point>895.000000,276.000000</point>
			</points>
		</object>
		<object>
			<coordinate>pixel</coordinate>
			<type>rectangle</type>
			<description>None</description>
			<possibleresult>
				<name>Boeing787</name>
			</possibleresult>
			<points>
				<point>359.000000,744.000000</point>
				<point>368.000000,817.000000</point>
				<point>442.000000,808.000000</point>
				<point>433.000000,735.000000</point>
				<point>359.000000,744.000000</point>
			</points>
		</object>
		<object>
			<coordinate>pixel</coordinate>
			<type>rectangle</type>
			<description>None</description>
			<possibleresult>
				<name>A220</name>
			</possibleresult>
			<points>
				<point>237.000000,766.000000</point>
				<point>237.000000,810.000000</point>
				<point>282.000000,809.000000</point>
				<point>282.000000,766.000000</point>
				<point>237.000000,766.000000</point>
			</points>
		</object>
		<object>
			<coordinate>pixel</coordinate>
			<type>rectangle</type>
			<description>None</description>
			<possibleresult>
				<name>A220</name>
			</possibleresult>
			<points>
				<point>13.000000,342.000000</point>
				<point>53.000000,316.000000</point>
				<point>27.000000,278.000000</point>
				<point>-12.000000,304.000000</point>
				<point>13.000000,342.000000</point>
			</points>
		</object>
		<object>
			<coordinate>pixel</coordinate>
			<type>rectangle</type>
			<description>None</description>
			<possibleresult>
				<name>A220</name>
			</possibleresult>
			<points>
				<point>159.000000,302.000000</point>
				<point>158.000000,258.000000</point>
				<point>114.000000,259.000000</point>
				<point>115.000000,303.000000</point>
				<point>159.000000,302.000000</point>
			</points>
		</object>
		<object>
			<coordinate>pixel</coordinate>
			<type>rectangle</type>
			<description>None</description>
			<possibleresult>
				<name>A220</name>
			</possibleresult>
			<points>
				<point>282.000000,286.000000</point>
				<point>279.000000,243.000000</point>
				<point>235.000000,247.000000</point>
				<point>239.000000,290.000000</point>
				<point>282.000000,286.000000</point>
			</points>
		</object>
		<object>
			<coordinate>pixel</coordinate>
			<type>rectangle</type>
			<description>None</description>
			<possibleresult>
				<name>other-airplane</name>
			</possibleresult>
			<points>
				<point>348.000000,287.000000</point>
				<point>346.000000,244.000000</point>
				<point>302.000000,246.000000</point>
				<point>304.000000,290.000000</point>
				<point>348.000000,287.000000</point>
			</points>
		</object>
		<object>
			<coordinate>pixel</coordinate>
			<type>rectangle</type>
			<description>None</description>
			<possibleresult>
				<name>other-airplane</name>
			</possibleresult>
			<points>
				<point>145.000000,63.000000</point>
				<point>148.000000,102.000000</point>
				<point>191.000000,99.000000</point>
				<point>188.000000,59.000000</point>
				<point>145.000000,63.000000</point>
			</points>
		</object>
		<object>
			<coordinate>pixel</coordinate>
			<type>rectangle</type>
			<description>None</description>
			<possibleresult>
				<name>A220</name>
			</possibleresult>
			<points>
				<point>195.000000,58.000000</point>
				<point>198.000000,105.000000</point>
				<point>242.000000,102.000000</point>
				<point>238.000000,55.000000</point>
				<point>195.000000,58.000000</point>
			</points>
		</object>
		<object>
			<coordinate>pixel</coordinate>
			<type>rectangle</type>
			<description>None</description>
			<possibleresult>
				<name>other-airplane</name>
			</possibleresult>
			<points>
				<point>248.000000,55.000000</point>
				<point>250.000000,95.000000</point>
				<point>293.000000,92.000000</point>
				<point>290.000000,53.000000</point>
				<point>248.000000,55.000000</point>
			</points>
		</object>
		<object>
			<coordinate>pixel</coordinate>
			<type>rectangle</type>
			<description>None</description>
			<possibleresult>
				<name>other-airplane</name>
			</possibleresult>
			<points>
				<point>298.000000,52.000000</point>
				<point>300.000000,92.000000</point>
				<point>344.000000,89.000000</point>
				<point>341.000000,49.000000</point>
				<point>298.000000,52.000000</point>
			</points>
		</object>
		<object>
			<coordinate>pixel</coordinate>
			<type>rectangle</type>
			<description>None</description>
			<possibleresult>
				<name>other-airplane</name>
			</possibleresult>
			<points>
				<point>350.000000,50.000000</point>
				<point>353.000000,90.000000</point>
				<point>396.000000,86.000000</point>
				<point>393.000000,47.000000</point>
				<point>350.000000,50.000000</point>
			</points>
		</object>
		<object>
			<coordinate>pixel</coordinate>
			<type>rectangle</type>
			<description>None</description>
			<possibleresult>
				<name>other-airplane</name>
			</possibleresult>
			<points>
				<point>433.000000,111.000000</point>
				<point>392.000000,113.000000</point>
				<point>394.000000,155.000000</point>
				<point>434.000000,154.000000</point>
				<point>433.000000,111.000000</point>
			</points>
		</object>
	</objects>
</annotation>