<?xml version="1.0" encoding="utf-8"?>
<annotation>
	<source>
		<filename>2182.tif</filename>
		<origin>GF2/GF3</origin>
	</source>
	<research>
		<version>1.0</version>
		<provider>FAIR1M</provider>
		<author>Cyber</author>
		<pluginname>FAIR1M</pluginname>
		<pluginclass>object detection</pluginclass>
		<time>2021-07-21</time>
	</research>
	<size>
		<width>600</width>
		<height>800</height>
		<depth>4</depth>
	</size>
	<objects>
		<object>
			<coordinate>pixel</coordinate>
			<type>rectangle</type>
			<description>None</description>
			<possibleresult>
				<name>Small Car</name>
			</possibleresult>
			<points>
				<point>596.000000,363.000000</point>
				<point>595.000000,369.000000</point>
				<point>575.000000,364.000000</point>
				<point>576.000000,359.000000</point>
				<point>596.000000,363.000000</point>
			</points>
		</object>
		<object>
			<coordinate>pixel</coordinate>
			<type>rectangle</type>
			<description>None</description>
			<possibleresult>
				<name>Small Car</name>
			</possibleresult>
			<points>
				<point>593.000000,304.000000</point>
				<point>586.000000,307.000000</point>
				<point>578.000000,291.000000</point>
				<point>586.000000,287.000000</point>
				<point>593.000000,304.000000</point>
			</points>
		</object>
		<object>
			<coordinate>pixel</coordinate>
			<type>rectangle</type>
			<description>None</description>
			<possibleresult>
				<name>Van</name>
			</possibleresult>
			<points>
				<point>583.000000,312.000000</point>
				<point>575.000000,315.000000</point>
				<point>569.000000,301.000000</point>
				<point>577.000000,297.000000</point>
				<point>583.000000,312.000000</point>
			</points>
		</object>
		<object>
			<coordinate>pixel</coordinate>
			<type>rectangle</type>
			<description>None</description>
			<possibleresult>
				<name>Van</name>
			</possibleresult>
			<points>
				<point>566.000000,325.000000</point>
				<point>555.000000,326.000000</point>
				<point>554.000000,305.000000</point>
				<point>565.000000,305.000000</point>
				<point>566.000000,325.000000</point>
			</points>
		</object>
		<object>
			<coordinate>pixel</coordinate>
			<type>rectangle</type>
			<description>None</description>
			<possibleresult>
				<name>Small Car</name>
			</possibleresult>
			<points>
				<point>112.000000,346.000000</point>
				<point>94.000000,356.000000</point>
				<point>89.000000,349.000000</point>
				<point>107.000000,338.000000</point>
				<point>112.000000,346.000000</point>
			</points>
		</object>
		<object>
			<coordinate>pixel</coordinate>
			<type>rectangle</type>
			<description>None</description>
			<possibleresult>
				<name>Small Car</name>
			</possibleresult>
			<points>
				<point>104.000000,339.000000</point>
				<point>87.000000,348.000000</point>
				<point>83.000000,341.000000</point>
				<point>100.000000,331.000000</point>
				<point>104.000000,339.000000</point>
			</points>
		</object>
		<object>
			<coordinate>pixel</coordinate>
			<type>rectangle</type>
			<description>None</description>
			<possibleresult>
				<name>Small Car</name>
			</possibleresult>
			<points>
				<point>87.000000,315.000000</point>
				<point>70.000000,323.000000</point>
				<point>67.000000,316.000000</point>
				<point>84.000000,308.000000</point>
				<point>87.000000,315.000000</point>
			</points>
		</object>
		<object>
			<coordinate>pixel</coordinate>
			<type>rectangle</type>
			<description>None</description>
			<possibleresult>
				<name>Dump Truck</name>
			</possibleresult>
			<points>
				<point>79.000000,299.000000</point>
				<point>60.000000,310.000000</point>
				<point>55.000000,303.000000</point>
				<point>74.000000,291.000000</point>
				<point>79.000000,299.000000</point>
			</points>
		</object>
		<object>
			<coordinate>pixel</coordinate>
			<type>rectangle</type>
			<description>None</description>
			<possibleresult>
				<name>Van</name>
			</possibleresult>
			<points>
				<point>69.000000,291.000000</point>
				<point>56.000000,300.000000</point>
				<point>52.000000,295.000000</point>
				<point>65.000000,286.000000</point>
				<point>69.000000,291.000000</point>
			</points>
		</object>
		<object>
			<coordinate>pixel</coordinate>
			<type>rectangle</type>
			<description>None</description>
			<possibleresult>
				<name>Van</name>
			</possibleresult>
			<points>
				<point>51.000000,268.000000</point>
				<point>36.000000,275.000000</point>
				<point>33.000000,269.000000</point>
				<point>48.000000,262.000000</point>
				<point>51.000000,268.000000</point>
			</points>
		</object>
		<object>
			<coordinate>pixel</coordinate>
			<type>rectangle</type>
			<description>None</description>
			<possibleresult>
				<name>Van</name>
			</possibleresult>
			<points>
				<point>33.000000,236.000000</point>
				<point>14.000000,245.000000</point>
				<point>11.000000,238.000000</point>
				<point>30.000000,229.000000</point>
				<point>33.000000,236.000000</point>
			</points>
		</object>
		<object>
			<coordinate>pixel</coordinate>
			<type>rectangle</type>
			<description>None</description>
			<possibleresult>
				<name>Van</name>
			</possibleresult>
			<points>
				<point>161.000000,323.000000</point>
				<point>144.000000,331.000000</point>
				<point>140.000000,323.000000</point>
				<point>157.000000,315.000000</point>
				<point>161.000000,323.000000</point>
			</points>
		</object>
		<object>
			<coordinate>pixel</coordinate>
			<type>rectangle</type>
			<description>None</description>
			<possibleresult>
				<name>Van</name>
			</possibleresult>
			<points>
				<point>145.000000,304.000000</point>
				<point>127.000000,314.000000</point>
				<point>123.000000,307.000000</point>
				<point>141.000000,297.000000</point>
				<point>145.000000,304.000000</point>
			</points>
		</object>
		<object>
			<coordinate>pixel</coordinate>
			<type>rectangle</type>
			<description>None</description>
			<possibleresult>
				<name>Van</name>
			</possibleresult>
			<points>
				<point>115.000000,260.000000</point>
				<point>97.000000,270.000000</point>
				<point>93.000000,262.000000</point>
				<point>112.000000,253.000000</point>
				<point>115.000000,260.000000</point>
			</points>
		</object>
		<object>
			<coordinate>pixel</coordinate>
			<type>rectangle</type>
			<description>None</description>
			<possibleresult>
				<name>Small Car</name>
			</possibleresult>
			<points>
				<point>110.000000,254.000000</point>
				<point>91.000000,262.000000</point>
				<point>87.000000,253.000000</point>
				<point>105.000000,245.000000</point>
				<point>110.000000,254.000000</point>
			</points>
		</object>
		<object>
			<coordinate>pixel</coordinate>
			<type>rectangle</type>
			<description>None</description>
			<possibleresult>
				<name>Small Car</name>
			</possibleresult>
			<points>
				<point>105.000000,242.000000</point>
				<point>85.000000,253.000000</point>
				<point>81.000000,245.000000</point>
				<point>100.000000,235.000000</point>
				<point>105.000000,242.000000</point>
			</points>
		</object>
		<object>
			<coordinate>pixel</coordinate>
			<type>rectangle</type>
			<description>None</description>
			<possibleresult>
				<name>Small Car</name>
			</possibleresult>
			<points>
				<point>97.000000,234.000000</point>
				<point>81.000000,244.000000</point>
				<point>77.000000,238.000000</point>
				<point>93.000000,227.000000</point>
				<point>97.000000,234.000000</point>
			</points>
		</object>
		<object>
			<coordinate>pixel</coordinate>
			<type>rectangle</type>
			<description>None</description>
			<possibleresult>
				<name>Small Car</name>
			</possibleresult>
			<points>
				<point>87.000000,220.000000</point>
				<point>69.000000,229.000000</point>
				<point>66.000000,223.000000</point>
				<point>84.000000,214.000000</point>
				<point>87.000000,220.000000</point>
			</points>
		</object>
		<object>
			<coordinate>pixel</coordinate>
			<type>rectangle</type>
			<description>None</description>
			<possibleresult>
				<name>Small Car</name>
			</possibleresult>
			<points>
				<point>70.000000,197.000000</point>
				<point>50.000000,207.000000</point>
				<point>46.000000,200.000000</point>
				<point>66.000000,190.000000</point>
				<point>70.000000,197.000000</point>
			</points>
		</object>
		<object>
			<coordinate>pixel</coordinate>
			<type>rectangle</type>
			<description>None</description>
			<possibleresult>
				<name>Small Car</name>
			</possibleresult>
			<points>
				<point>60.000000,179.000000</point>
				<point>39.000000,191.000000</point>
				<point>35.000000,183.000000</point>
				<point>55.000000,172.000000</point>
				<point>60.000000,179.000000</point>
			</points>
		</object>
		<object>
			<coordinate>pixel</coordinate>
			<type>rectangle</type>
			<description>None</description>
			<possibleresult>
				<name>Van</name>
			</possibleresult>
			<points>
				<point>47.000000,167.000000</point>
				<point>31.000000,175.000000</point>
				<point>27.000000,168.000000</point>
				<point>44.000000,160.000000</point>
				<point>47.000000,167.000000</point>
			</points>
		</object>
	</objects>
</annotation>