<?xml version="1.0" encoding="utf-8"?>
<annotation>
	<source>
		<filename>2211.tif</filename>
		<origin>GF2/GF3</origin>
	</source>
	<research>
		<version>1.0</version>
		<provider>FAIR1M</provider>
		<author>Cyber</author>
		<pluginname>FAIR1M</pluginname>
		<pluginclass>object detection</pluginclass>
		<time>2021-07-21</time>
	</research>
	<size>
		<width>1000</width>
		<height>1000</height>
		<depth>3</depth>
	</size>
	<objects>
		<object>
			<coordinate>pixel</coordinate>
			<type>rectangle</type>
			<description>None</description>
			<possibleresult>
				<name>Van</name>
			</possibleresult>
			<points>
				<point>667.000000,51.000000</point>
				<point>646.000000,51.000000</point>
				<point>646.000000,42.000000</point>
				<point>667.000000,42.000000</point>
				<point>667.000000,51.000000</point>
			</points>
		</object>
		<object>
			<coordinate>pixel</coordinate>
			<type>rectangle</type>
			<description>None</description>
			<possibleresult>
				<name>Small Car</name>
			</possibleresult>
			<points>
				<point>667.000000,41.000000</point>
				<point>646.000000,41.000000</point>
				<point>646.000000,32.000000</point>
				<point>667.000000,31.000000</point>
				<point>667.000000,41.000000</point>
			</points>
		</object>
		<object>
			<coordinate>pixel</coordinate>
			<type>rectangle</type>
			<description>None</description>
			<possibleresult>
				<name>Dump Truck</name>
			</possibleresult>
			<points>
				<point>537.000000,195.000000</point>
				<point>535.000000,216.000000</point>
				<point>523.000000,215.000000</point>
				<point>525.000000,194.000000</point>
				<point>537.000000,195.000000</point>
			</points>
		</object>
		<object>
			<coordinate>pixel</coordinate>
			<type>rectangle</type>
			<description>None</description>
			<possibleresult>
				<name>Small Car</name>
			</possibleresult>
			<points>
				<point>482.000000,315.000000</point>
				<point>479.000000,332.000000</point>
				<point>471.000000,331.000000</point>
				<point>473.000000,313.000000</point>
				<point>482.000000,315.000000</point>
			</points>
		</object>
		<object>
			<coordinate>pixel</coordinate>
			<type>rectangle</type>
			<description>None</description>
			<possibleresult>
				<name>Small Car</name>
			</possibleresult>
			<points>
				<point>552.000000,293.000000</point>
				<point>551.000000,301.000000</point>
				<point>528.000000,298.000000</point>
				<point>529.000000,290.000000</point>
				<point>552.000000,293.000000</point>
			</points>
		</object>
		<object>
			<coordinate>pixel</coordinate>
			<type>rectangle</type>
			<description>None</description>
			<possibleresult>
				<name>Small Car</name>
			</possibleresult>
			<points>
				<point>709.000000,278.000000</point>
				<point>686.000000,277.000000</point>
				<point>686.000000,268.000000</point>
				<point>709.000000,268.000000</point>
				<point>709.000000,278.000000</point>
			</points>
		</object>
		<object>
			<coordinate>pixel</coordinate>
			<type>rectangle</type>
			<description>None</description>
			<possibleresult>
				<name>Dump Truck</name>
			</possibleresult>
			<points>
				<point>634.000000,737.000000</point>
				<point>628.000000,746.000000</point>
				<point>608.000000,733.000000</point>
				<point>614.000000,724.000000</point>
				<point>634.000000,737.000000</point>
			</points>
		</object>
		<object>
			<coordinate>pixel</coordinate>
			<type>rectangle</type>
			<description>None</description>
			<possibleresult>
				<name>Van</name>
			</possibleresult>
			<points>
				<point>432.000000,949.000000</point>
				<point>422.000000,953.000000</point>
				<point>416.000000,936.000000</point>
				<point>426.000000,932.000000</point>
				<point>432.000000,949.000000</point>
			</points>
		</object>
		<object>
			<coordinate>pixel</coordinate>
			<type>rectangle</type>
			<description>None</description>
			<possibleresult>
				<name>Dump Truck</name>
			</possibleresult>
			<points>
				<point>282.000000,683.000000</point>
				<point>256.000000,689.000000</point>
				<point>254.000000,679.000000</point>
				<point>280.000000,673.000000</point>
				<point>282.000000,683.000000</point>
			</points>
		</object>
		<object>
			<coordinate>pixel</coordinate>
			<type>rectangle</type>
			<description>None</description>
			<possibleresult>
				<name>Small Car</name>
			</possibleresult>
			<points>
				<point>255.000000,719.000000</point>
				<point>230.000000,724.000000</point>
				<point>228.000000,715.000000</point>
				<point>253.000000,710.000000</point>
				<point>255.000000,719.000000</point>
			</points>
		</object>
		<object>
			<coordinate>pixel</coordinate>
			<type>rectangle</type>
			<description>None</description>
			<possibleresult>
				<name>Small Car</name>
			</possibleresult>
			<points>
				<point>283.000000,939.000000</point>
				<point>261.000000,946.000000</point>
				<point>258.000000,938.000000</point>
				<point>280.000000,931.000000</point>
				<point>283.000000,939.000000</point>
			</points>
		</object>
	</objects>
</annotation>