<?xml version="1.0" encoding="utf-8"?>
<annotation>
	<source>
		<filename>2281.tif</filename>
		<origin>GF2/GF3</origin>
	</source>
	<research>
		<version>1.0</version>
		<provider>FAIR1M</provider>
		<author>Cyber</author>
		<pluginname>FAIR1M</pluginname>
		<pluginclass>object detection</pluginclass>
		<time>2021-07-21</time>
	</research>
	<size>
		<width>900</width>
		<height>900</height>
		<depth>3</depth>
	</size>
	<objects>
		<object>
			<coordinate>pixel</coordinate>
			<type>rectangle</type>
			<description>None</description>
			<possibleresult>
				<name>Boeing737</name>
			</possibleresult>
			<points>
				<point>638.000000,450.000000</point>
				<point>602.000000,472.000000</point>
				<point>580.000000,436.000000</point>
				<point>616.000000,414.000000</point>
				<point>638.000000,450.000000</point>
			</points>
		</object>
		<object>
			<coordinate>pixel</coordinate>
			<type>rectangle</type>
			<description>None</description>
			<possibleresult>
				<name>Boeing737</name>
			</possibleresult>
			<points>
				<point>605.000000,592.000000</point>
				<point>567.000000,621.000000</point>
				<point>540.000000,586.000000</point>
				<point>578.000000,557.000000</point>
				<point>605.000000,592.000000</point>
			</points>
		</object>
		<object>
			<coordinate>pixel</coordinate>
			<type>rectangle</type>
			<description>None</description>
			<possibleresult>
				<name>Boeing737</name>
			</possibleresult>
			<points>
				<point>266.000000,680.000000</point>
				<point>232.000000,704.000000</point>
				<point>206.000000,667.000000</point>
				<point>241.000000,643.000000</point>
				<point>266.000000,680.000000</point>
			</points>
		</object>
		<object>
			<coordinate>pixel</coordinate>
			<type>rectangle</type>
			<description>None</description>
			<possibleresult>
				<name>Boeing737</name>
			</possibleresult>
			<points>
				<point>201.000000,740.000000</point>
				<point>164.000000,764.000000</point>
				<point>139.000000,726.000000</point>
				<point>176.000000,702.000000</point>
				<point>201.000000,740.000000</point>
			</points>
		</object>
		<object>
			<coordinate>pixel</coordinate>
			<type>rectangle</type>
			<description>None</description>
			<possibleresult>
				<name>Boeing737</name>
			</possibleresult>
			<points>
				<point>148.000000,775.000000</point>
				<point>112.000000,798.000000</point>
				<point>88.000000,760.000000</point>
				<point>124.000000,737.000000</point>
				<point>148.000000,775.000000</point>
			</points>
		</object>
		<object>
			<coordinate>pixel</coordinate>
			<type>rectangle</type>
			<description>None</description>
			<possibleresult>
				<name>Boeing737</name>
			</possibleresult>
			<points>
				<point>200.000000,862.000000</point>
				<point>158.000000,884.000000</point>
				<point>138.000000,846.000000</point>
				<point>180.000000,824.000000</point>
				<point>200.000000,862.000000</point>
			</points>
		</object>
		<object>
			<coordinate>pixel</coordinate>
			<type>rectangle</type>
			<description>None</description>
			<possibleresult>
				<name>Boeing737</name>
			</possibleresult>
			<points>
				<point>61.000000,831.000000</point>
				<point>26.000000,854.000000</point>
				<point>1.000000,817.000000</point>
				<point>36.000000,794.000000</point>
				<point>61.000000,831.000000</point>
			</points>
		</object>
		<object>
			<coordinate>pixel</coordinate>
			<type>rectangle</type>
			<description>None</description>
			<possibleresult>
				<name>Intersection</name>
			</possibleresult>
			<points>
				<point>808.000000,253.000000</point>
				<point>764.000000,280.000000</point>
				<point>751.000000,259.000000</point>
				<point>794.000000,232.000000</point>
				<point>808.000000,253.000000</point>
			</points>
		</object>
	</objects>
</annotation>