<?xml version="1.0" encoding="utf-8"?>
<annotation>
	<source>
		<filename>2320.tif</filename>
		<origin>GF2/GF3</origin>
	</source>
	<research>
		<version>1.0</version>
		<provider>FAIR1M</provider>
		<author>Cyber</author>
		<pluginname>FAIR1M</pluginname>
		<pluginclass>object detection</pluginclass>
		<time>2021-07-21</time>
	</research>
	<size>
		<width>1000</width>
		<height>1000</height>
		<depth>3</depth>
	</size>
	<objects>
		<object>
			<coordinate>pixel</coordinate>
			<type>rectangle</type>
			<description>None</description>
			<possibleresult>
				<name>Dump Truck</name>
			</possibleresult>
			<points>
				<point>931.000000,720.000000</point>
				<point>914.000000,721.000000</point>
				<point>912.000000,680.000000</point>
				<point>930.000000,680.000000</point>
				<point>931.000000,720.000000</point>
			</points>
		</object>
		<object>
			<coordinate>pixel</coordinate>
			<type>rectangle</type>
			<description>None</description>
			<possibleresult>
				<name>Van</name>
			</possibleresult>
			<points>
				<point>972.000000,846.000000</point>
				<point>957.000000,846.000000</point>
				<point>957.000000,840.000000</point>
				<point>972.000000,839.000000</point>
				<point>972.000000,846.000000</point>
			</points>
		</object>
		<object>
			<coordinate>pixel</coordinate>
			<type>rectangle</type>
			<description>None</description>
			<possibleresult>
				<name>Van</name>
			</possibleresult>
			<points>
				<point>786.000000,581.000000</point>
				<point>776.000000,585.000000</point>
				<point>767.000000,563.000000</point>
				<point>777.000000,559.000000</point>
				<point>786.000000,581.000000</point>
			</points>
		</object>
		<object>
			<coordinate>pixel</coordinate>
			<type>rectangle</type>
			<description>None</description>
			<possibleresult>
				<name>Cargo Truck</name>
			</possibleresult>
			<points>
				<point>756.000000,595.000000</point>
				<point>742.000000,598.000000</point>
				<point>734.000000,558.000000</point>
				<point>748.000000,555.000000</point>
				<point>756.000000,595.000000</point>
			</points>
		</object>
		<object>
			<coordinate>pixel</coordinate>
			<type>rectangle</type>
			<description>None</description>
			<possibleresult>
				<name>Van</name>
			</possibleresult>
			<points>
				<point>830.000000,760.000000</point>
				<point>821.000000,760.000000</point>
				<point>820.000000,746.000000</point>
				<point>830.000000,746.000000</point>
				<point>830.000000,760.000000</point>
			</points>
		</object>
		<object>
			<coordinate>pixel</coordinate>
			<type>rectangle</type>
			<description>None</description>
			<possibleresult>
				<name>Van</name>
			</possibleresult>
			<points>
				<point>715.000000,744.000000</point>
				<point>714.000000,760.000000</point>
				<point>704.000000,759.000000</point>
				<point>705.000000,744.000000</point>
				<point>715.000000,744.000000</point>
			</points>
		</object>
		<object>
			<coordinate>pixel</coordinate>
			<type>rectangle</type>
			<description>None</description>
			<possibleresult>
				<name>Small Car</name>
			</possibleresult>
			<points>
				<point>786.000000,698.000000</point>
				<point>776.000000,698.000000</point>
				<point>776.000000,684.000000</point>
				<point>786.000000,683.000000</point>
				<point>786.000000,698.000000</point>
			</points>
		</object>
		<object>
			<coordinate>pixel</coordinate>
			<type>rectangle</type>
			<description>None</description>
			<possibleresult>
				<name>Van</name>
			</possibleresult>
			<points>
				<point>930.000000,635.000000</point>
				<point>929.000000,653.000000</point>
				<point>920.000000,653.000000</point>
				<point>921.000000,635.000000</point>
				<point>930.000000,635.000000</point>
			</points>
		</object>
		<object>
			<coordinate>pixel</coordinate>
			<type>rectangle</type>
			<description>None</description>
			<possibleresult>
				<name>Small Car</name>
			</possibleresult>
			<points>
				<point>916.000000,656.000000</point>
				<point>907.000000,656.000000</point>
				<point>907.000000,639.000000</point>
				<point>916.000000,639.000000</point>
				<point>916.000000,656.000000</point>
			</points>
		</object>
		<object>
			<coordinate>pixel</coordinate>
			<type>rectangle</type>
			<description>None</description>
			<possibleresult>
				<name>Small Car</name>
			</possibleresult>
			<points>
				<point>904.000000,640.000000</point>
				<point>903.000000,656.000000</point>
				<point>894.000000,656.000000</point>
				<point>895.000000,640.000000</point>
				<point>904.000000,640.000000</point>
			</points>
		</object>
		<object>
			<coordinate>pixel</coordinate>
			<type>rectangle</type>
			<description>None</description>
			<possibleresult>
				<name>Small Car</name>
			</possibleresult>
			<points>
				<point>879.000000,657.000000</point>
				<point>869.000000,657.000000</point>
				<point>869.000000,640.000000</point>
				<point>879.000000,640.000000</point>
				<point>879.000000,657.000000</point>
			</points>
		</object>
		<object>
			<coordinate>pixel</coordinate>
			<type>rectangle</type>
			<description>None</description>
			<possibleresult>
				<name>Van</name>
			</possibleresult>
			<points>
				<point>853.000000,656.000000</point>
				<point>842.000000,655.000000</point>
				<point>843.000000,640.000000</point>
				<point>853.000000,641.000000</point>
				<point>853.000000,656.000000</point>
			</points>
		</object>
		<object>
			<coordinate>pixel</coordinate>
			<type>rectangle</type>
			<description>None</description>
			<possibleresult>
				<name>Small Car</name>
			</possibleresult>
			<points>
				<point>828.000000,637.000000</point>
				<point>827.000000,657.000000</point>
				<point>817.000000,657.000000</point>
				<point>819.000000,637.000000</point>
				<point>828.000000,637.000000</point>
			</points>
		</object>
		<object>
			<coordinate>pixel</coordinate>
			<type>rectangle</type>
			<description>None</description>
			<possibleresult>
				<name>Small Car</name>
			</possibleresult>
			<points>
				<point>815.000000,641.000000</point>
				<point>814.000000,654.000000</point>
				<point>804.000000,654.000000</point>
				<point>805.000000,640.000000</point>
				<point>815.000000,641.000000</point>
			</points>
		</object>
		<object>
			<coordinate>pixel</coordinate>
			<type>rectangle</type>
			<description>None</description>
			<possibleresult>
				<name>Van</name>
			</possibleresult>
			<points>
				<point>801.000000,640.000000</point>
				<point>800.000000,654.000000</point>
				<point>791.000000,654.000000</point>
				<point>792.000000,640.000000</point>
				<point>801.000000,640.000000</point>
			</points>
		</object>
		<object>
			<coordinate>pixel</coordinate>
			<type>rectangle</type>
			<description>None</description>
			<possibleresult>
				<name>Van</name>
			</possibleresult>
			<points>
				<point>787.000000,653.000000</point>
				<point>778.000000,653.000000</point>
				<point>778.000000,640.000000</point>
				<point>787.000000,640.000000</point>
				<point>787.000000,653.000000</point>
			</points>
		</object>
		<object>
			<coordinate>pixel</coordinate>
			<type>rectangle</type>
			<description>None</description>
			<possibleresult>
				<name>Van</name>
			</possibleresult>
			<points>
				<point>775.000000,654.000000</point>
				<point>765.000000,654.000000</point>
				<point>766.000000,637.000000</point>
				<point>775.000000,637.000000</point>
				<point>775.000000,654.000000</point>
			</points>
		</object>
		<object>
			<coordinate>pixel</coordinate>
			<type>rectangle</type>
			<description>None</description>
			<possibleresult>
				<name>Small Car</name>
			</possibleresult>
			<points>
				<point>749.000000,653.000000</point>
				<point>739.000000,653.000000</point>
				<point>739.000000,637.000000</point>
				<point>749.000000,637.000000</point>
				<point>749.000000,653.000000</point>
			</points>
		</object>
		<object>
			<coordinate>pixel</coordinate>
			<type>rectangle</type>
			<description>None</description>
			<possibleresult>
				<name>Small Car</name>
			</possibleresult>
			<points>
				<point>722.000000,642.000000</point>
				<point>721.000000,655.000000</point>
				<point>712.000000,655.000000</point>
				<point>713.000000,641.000000</point>
				<point>722.000000,642.000000</point>
			</points>
		</object>
		<object>
			<coordinate>pixel</coordinate>
			<type>rectangle</type>
			<description>None</description>
			<possibleresult>
				<name>Van</name>
			</possibleresult>
			<points>
				<point>930.000000,635.000000</point>
				<point>920.000000,634.000000</point>
				<point>920.000000,620.000000</point>
				<point>930.000000,620.000000</point>
				<point>930.000000,635.000000</point>
			</points>
		</object>
		<object>
			<coordinate>pixel</coordinate>
			<type>rectangle</type>
			<description>None</description>
			<possibleresult>
				<name>Van</name>
			</possibleresult>
			<points>
				<point>891.000000,637.000000</point>
				<point>882.000000,637.000000</point>
				<point>882.000000,622.000000</point>
				<point>890.000000,622.000000</point>
				<point>891.000000,637.000000</point>
			</points>
		</object>
		<object>
			<coordinate>pixel</coordinate>
			<type>rectangle</type>
			<description>None</description>
			<possibleresult>
				<name>Van</name>
			</possibleresult>
			<points>
				<point>867.000000,637.000000</point>
				<point>856.000000,637.000000</point>
				<point>856.000000,620.000000</point>
				<point>867.000000,620.000000</point>
				<point>867.000000,637.000000</point>
			</points>
		</object>
		<object>
			<coordinate>pixel</coordinate>
			<type>rectangle</type>
			<description>None</description>
			<possibleresult>
				<name>Small Car</name>
			</possibleresult>
			<points>
				<point>852.000000,638.000000</point>
				<point>843.000000,638.000000</point>
				<point>843.000000,621.000000</point>
				<point>852.000000,621.000000</point>
				<point>852.000000,638.000000</point>
			</points>
		</object>
		<object>
			<coordinate>pixel</coordinate>
			<type>rectangle</type>
			<description>None</description>
			<possibleresult>
				<name>Van</name>
			</possibleresult>
			<points>
				<point>840.000000,636.000000</point>
				<point>829.000000,636.000000</point>
				<point>829.000000,621.000000</point>
				<point>839.000000,620.000000</point>
				<point>840.000000,636.000000</point>
			</points>
		</object>
		<object>
			<coordinate>pixel</coordinate>
			<type>rectangle</type>
			<description>None</description>
			<possibleresult>
				<name>Small Car</name>
			</possibleresult>
			<points>
				<point>826.000000,637.000000</point>
				<point>818.000000,637.000000</point>
				<point>817.000000,620.000000</point>
				<point>825.000000,620.000000</point>
				<point>826.000000,637.000000</point>
			</points>
		</object>
		<object>
			<coordinate>pixel</coordinate>
			<type>rectangle</type>
			<description>None</description>
			<possibleresult>
				<name>Small Car</name>
			</possibleresult>
			<points>
				<point>812.000000,636.000000</point>
				<point>803.000000,636.000000</point>
				<point>803.000000,621.000000</point>
				<point>812.000000,622.000000</point>
				<point>812.000000,636.000000</point>
			</points>
		</object>
		<object>
			<coordinate>pixel</coordinate>
			<type>rectangle</type>
			<description>None</description>
			<possibleresult>
				<name>Van</name>
			</possibleresult>
			<points>
				<point>801.000000,637.000000</point>
				<point>792.000000,637.000000</point>
				<point>792.000000,620.000000</point>
				<point>801.000000,620.000000</point>
				<point>801.000000,637.000000</point>
			</points>
		</object>
		<object>
			<coordinate>pixel</coordinate>
			<type>rectangle</type>
			<description>None</description>
			<possibleresult>
				<name>Small Car</name>
			</possibleresult>
			<points>
				<point>788.000000,635.000000</point>
				<point>778.000000,635.000000</point>
				<point>778.000000,619.000000</point>
				<point>788.000000,619.000000</point>
				<point>788.000000,635.000000</point>
			</points>
		</object>
		<object>
			<coordinate>pixel</coordinate>
			<type>rectangle</type>
			<description>None</description>
			<possibleresult>
				<name>Small Car</name>
			</possibleresult>
			<points>
				<point>774.000000,634.000000</point>
				<point>765.000000,634.000000</point>
				<point>765.000000,619.000000</point>
				<point>774.000000,619.000000</point>
				<point>774.000000,634.000000</point>
			</points>
		</object>
		<object>
			<coordinate>pixel</coordinate>
			<type>rectangle</type>
			<description>None</description>
			<possibleresult>
				<name>Small Car</name>
			</possibleresult>
			<points>
				<point>760.000000,633.000000</point>
				<point>751.000000,633.000000</point>
				<point>751.000000,619.000000</point>
				<point>760.000000,619.000000</point>
				<point>760.000000,633.000000</point>
			</points>
		</object>
		<object>
			<coordinate>pixel</coordinate>
			<type>rectangle</type>
			<description>None</description>
			<possibleresult>
				<name>Small Car</name>
			</possibleresult>
			<points>
				<point>749.000000,634.000000</point>
				<point>739.000000,634.000000</point>
				<point>739.000000,619.000000</point>
				<point>749.000000,619.000000</point>
				<point>749.000000,634.000000</point>
			</points>
		</object>
		<object>
			<coordinate>pixel</coordinate>
			<type>rectangle</type>
			<description>None</description>
			<possibleresult>
				<name>Van</name>
			</possibleresult>
			<points>
				<point>736.000000,633.000000</point>
				<point>727.000000,633.000000</point>
				<point>727.000000,618.000000</point>
				<point>736.000000,618.000000</point>
				<point>736.000000,633.000000</point>
			</points>
		</object>
		<object>
			<coordinate>pixel</coordinate>
			<type>rectangle</type>
			<description>None</description>
			<possibleresult>
				<name>Small Car</name>
			</possibleresult>
			<points>
				<point>721.000000,636.000000</point>
				<point>712.000000,636.000000</point>
				<point>712.000000,623.000000</point>
				<point>721.000000,623.000000</point>
				<point>721.000000,636.000000</point>
			</points>
		</object>
		<object>
			<coordinate>pixel</coordinate>
			<type>rectangle</type>
			<description>None</description>
			<possibleresult>
				<name>Van</name>
			</possibleresult>
			<points>
				<point>717.000000,594.000000</point>
				<point>707.000000,594.000000</point>
				<point>706.000000,577.000000</point>
				<point>717.000000,577.000000</point>
				<point>717.000000,594.000000</point>
			</points>
		</object>
		<object>
			<coordinate>pixel</coordinate>
			<type>rectangle</type>
			<description>None</description>
			<possibleresult>
				<name>Van</name>
			</possibleresult>
			<points>
				<point>241.000000,732.000000</point>
				<point>232.000000,732.000000</point>
				<point>232.000000,716.000000</point>
				<point>241.000000,717.000000</point>
				<point>241.000000,732.000000</point>
			</points>
		</object>
		<object>
			<coordinate>pixel</coordinate>
			<type>rectangle</type>
			<description>None</description>
			<possibleresult>
				<name>Van</name>
			</possibleresult>
			<points>
				<point>230.000000,732.000000</point>
				<point>220.000000,732.000000</point>
				<point>220.000000,718.000000</point>
				<point>230.000000,718.000000</point>
				<point>230.000000,732.000000</point>
			</points>
		</object>
		<object>
			<coordinate>pixel</coordinate>
			<type>rectangle</type>
			<description>None</description>
			<possibleresult>
				<name>Small Car</name>
			</possibleresult>
			<points>
				<point>217.000000,733.000000</point>
				<point>208.000000,734.000000</point>
				<point>208.000000,716.000000</point>
				<point>217.000000,716.000000</point>
				<point>217.000000,733.000000</point>
			</points>
		</object>
		<object>
			<coordinate>pixel</coordinate>
			<type>rectangle</type>
			<description>None</description>
			<possibleresult>
				<name>Van</name>
			</possibleresult>
			<points>
				<point>192.000000,735.000000</point>
				<point>181.000000,735.000000</point>
				<point>181.000000,719.000000</point>
				<point>191.000000,719.000000</point>
				<point>192.000000,735.000000</point>
			</points>
		</object>
		<object>
			<coordinate>pixel</coordinate>
			<type>rectangle</type>
			<description>None</description>
			<possibleresult>
				<name>Van</name>
			</possibleresult>
			<points>
				<point>65.000000,733.000000</point>
				<point>57.000000,734.000000</point>
				<point>57.000000,718.000000</point>
				<point>65.000000,718.000000</point>
				<point>65.000000,733.000000</point>
			</points>
		</object>
		<object>
			<coordinate>pixel</coordinate>
			<type>rectangle</type>
			<description>None</description>
			<possibleresult>
				<name>Small Car</name>
			</possibleresult>
			<points>
				<point>31.000000,622.000000</point>
				<point>8.000000,621.000000</point>
				<point>8.000000,613.000000</point>
				<point>31.000000,613.000000</point>
				<point>31.000000,622.000000</point>
			</points>
		</object>
		<object>
			<coordinate>pixel</coordinate>
			<type>rectangle</type>
			<description>None</description>
			<possibleresult>
				<name>Small Car</name>
			</possibleresult>
			<points>
				<point>31.000000,595.000000</point>
				<point>10.000000,596.000000</point>
				<point>10.000000,589.000000</point>
				<point>31.000000,589.000000</point>
				<point>31.000000,595.000000</point>
			</points>
		</object>
		<object>
			<coordinate>pixel</coordinate>
			<type>rectangle</type>
			<description>None</description>
			<possibleresult>
				<name>Small Car</name>
			</possibleresult>
			<points>
				<point>30.000000,587.000000</point>
				<point>10.000000,587.000000</point>
				<point>10.000000,581.000000</point>
				<point>30.000000,581.000000</point>
				<point>30.000000,587.000000</point>
			</points>
		</object>
		<object>
			<coordinate>pixel</coordinate>
			<type>rectangle</type>
			<description>None</description>
			<possibleresult>
				<name>Small Car</name>
			</possibleresult>
			<points>
				<point>28.000000,564.000000</point>
				<point>5.000000,565.000000</point>
				<point>5.000000,557.000000</point>
				<point>28.000000,557.000000</point>
				<point>28.000000,564.000000</point>
			</points>
		</object>
		<object>
			<coordinate>pixel</coordinate>
			<type>rectangle</type>
			<description>None</description>
			<possibleresult>
				<name>Small Car</name>
			</possibleresult>
			<points>
				<point>31.000000,547.000000</point>
				<point>7.000000,548.000000</point>
				<point>7.000000,539.000000</point>
				<point>31.000000,539.000000</point>
				<point>31.000000,547.000000</point>
			</points>
		</object>
		<object>
			<coordinate>pixel</coordinate>
			<type>rectangle</type>
			<description>None</description>
			<possibleresult>
				<name>Small Car</name>
			</possibleresult>
			<points>
				<point>29.000000,539.000000</point>
				<point>7.000000,539.000000</point>
				<point>7.000000,532.000000</point>
				<point>29.000000,532.000000</point>
				<point>29.000000,539.000000</point>
			</points>
		</object>
		<object>
			<coordinate>pixel</coordinate>
			<type>rectangle</type>
			<description>None</description>
			<possibleresult>
				<name>Small Car</name>
			</possibleresult>
			<points>
				<point>30.000000,522.000000</point>
				<point>9.000000,522.000000</point>
				<point>8.000000,516.000000</point>
				<point>29.000000,516.000000</point>
				<point>30.000000,522.000000</point>
			</points>
		</object>
		<object>
			<coordinate>pixel</coordinate>
			<type>rectangle</type>
			<description>None</description>
			<possibleresult>
				<name>Small Car</name>
			</possibleresult>
			<points>
				<point>31.000000,514.000000</point>
				<point>9.000000,514.000000</point>
				<point>8.000000,507.000000</point>
				<point>31.000000,507.000000</point>
				<point>31.000000,514.000000</point>
			</points>
		</object>
		<object>
			<coordinate>pixel</coordinate>
			<type>rectangle</type>
			<description>None</description>
			<possibleresult>
				<name>Van</name>
			</possibleresult>
			<points>
				<point>31.000000,505.000000</point>
				<point>8.000000,505.000000</point>
				<point>8.000000,497.000000</point>
				<point>31.000000,498.000000</point>
				<point>31.000000,505.000000</point>
			</points>
		</object>
		<object>
			<coordinate>pixel</coordinate>
			<type>rectangle</type>
			<description>None</description>
			<possibleresult>
				<name>Tennis Court</name>
			</possibleresult>
			<points>
				<point>303.000000,844.000000</point>
				<point>249.000000,844.000000</point>
				<point>249.000000,764.000000</point>
				<point>302.000000,763.000000</point>
				<point>303.000000,844.000000</point>
			</points>
		</object>
		<object>
			<coordinate>pixel</coordinate>
			<type>rectangle</type>
			<description>None</description>
			<possibleresult>
				<name>Tennis Court</name>
			</possibleresult>
			<points>
				<point>235.000000,845.000000</point>
				<point>182.000000,845.000000</point>
				<point>181.000000,765.000000</point>
				<point>235.000000,764.000000</point>
				<point>235.000000,845.000000</point>
			</points>
		</object>
		<object>
			<coordinate>pixel</coordinate>
			<type>rectangle</type>
			<description>None</description>
			<possibleresult>
				<name>Tennis Court</name>
			</possibleresult>
			<points>
				<point>166.000000,765.000000</point>
				<point>165.000000,846.000000</point>
				<point>113.000000,844.000000</point>
				<point>113.000000,765.000000</point>
				<point>166.000000,765.000000</point>
			</points>
		</object>
		<object>
			<coordinate>pixel</coordinate>
			<type>rectangle</type>
			<description>None</description>
			<possibleresult>
				<name>Tennis Court</name>
			</possibleresult>
			<points>
				<point>98.000000,845.000000</point>
				<point>43.000000,845.000000</point>
				<point>44.000000,764.000000</point>
				<point>98.000000,765.000000</point>
				<point>98.000000,845.000000</point>
			</points>
		</object>
		<object>
			<coordinate>pixel</coordinate>
			<type>rectangle</type>
			<description>None</description>
			<possibleresult>
				<name>Tennis Court</name>
			</possibleresult>
			<points>
				<point>27.999996,764.000000</point>
				<point>26.471893,844.989990</point>
				<point>0.000000,844.490540</point>
				<point>0.000000,763.471680</point>
				<point>27.999996,764.000000</point>
			</points>
		</object>
	</objects>
</annotation>