<?xml version="1.0" encoding="utf-8"?>
<annotation>
	<source>
		<filename>2337.tif</filename>
		<origin>GF2/GF3</origin>
	</source>
	<research>
		<version>1.0</version>
		<provider>FAIR1M</provider>
		<author>Cyber</author>
		<pluginname>FAIR1M</pluginname>
		<pluginclass>object detection</pluginclass>
		<time>2021-07-21</time>
	</research>
	<size>
		<width>800</width>
		<height>600</height>
		<depth>3</depth>
	</size>
	<objects>
		<object>
			<coordinate>pixel</coordinate>
			<type>rectangle</type>
			<description>None</description>
			<possibleresult>
				<name>Intersection</name>
			</possibleresult>
			<points>
				<point>168.000000,483.000000</point>
				<point>146.000000,519.000000</point>
				<point>104.000000,494.000000</point>
				<point>125.000000,458.000000</point>
				<point>168.000000,483.000000</point>
			</points>
		</object>
		<object>
			<coordinate>pixel</coordinate>
			<type>rectangle</type>
			<description>None</description>
			<possibleresult>
				<name>Intersection</name>
			</possibleresult>
			<points>
				<point>233.000000,390.000000</point>
				<point>211.000000,426.000000</point>
				<point>168.000000,401.000000</point>
				<point>190.000000,365.000000</point>
				<point>233.000000,390.000000</point>
			</points>
		</object>
		<object>
			<coordinate>pixel</coordinate>
			<type>rectangle</type>
			<description>None</description>
			<possibleresult>
				<name>Intersection</name>
			</possibleresult>
			<points>
				<point>300.000000,298.000000</point>
				<point>278.000000,334.000000</point>
				<point>235.000000,309.000000</point>
				<point>257.000000,273.000000</point>
				<point>300.000000,298.000000</point>
			</points>
		</object>
		<object>
			<coordinate>pixel</coordinate>
			<type>rectangle</type>
			<description>None</description>
			<possibleresult>
				<name>Intersection</name>
			</possibleresult>
			<points>
				<point>369.000000,176.000000</point>
				<point>347.000000,212.000000</point>
				<point>304.000000,187.000000</point>
				<point>326.000000,151.000000</point>
				<point>369.000000,176.000000</point>
			</points>
		</object>
	</objects>
</annotation>