<?xml version="1.0" encoding="utf-8"?>
<annotation>
	<source>
		<filename>2371.tif</filename>
		<origin>GF2/GF3</origin>
	</source>
	<research>
		<version>1.0</version>
		<provider>FAIR1M</provider>
		<author>Cyber</author>
		<pluginname>FAIR1M</pluginname>
		<pluginclass>object detection</pluginclass>
		<time>2021-07-21</time>
	</research>
	<size>
		<width>800</width>
		<height>600</height>
		<depth>3</depth>
	</size>
	<objects>
		<object>
			<coordinate>pixel</coordinate>
			<type>rectangle</type>
			<description>None</description>
			<possibleresult>
				<name>Boeing747</name>
			</possibleresult>
			<points>
				<point>494.250946,610.360046</point>
				<point>459.000092,537.000061</point>
				<point>536.000122,500.000061</point>
				<point>571.250977,573.360046</point>
				<point>494.250946,610.360046</point>
			</points>
		</object>
		<object>
			<coordinate>pixel</coordinate>
			<type>rectangle</type>
			<description>None</description>
			<possibleresult>
				<name>Boeing747</name>
			</possibleresult>
			<points>
				<point>273.000000,527.000000</point>
				<point>196.000000,567.000000</point>
				<point>156.000000,490.000031</point>
				<point>233.000000,450.000061</point>
				<point>273.000000,527.000000</point>
			</points>
		</object>
		<object>
			<coordinate>pixel</coordinate>
			<type>rectangle</type>
			<description>None</description>
			<possibleresult>
				<name>Boeing777</name>
			</possibleresult>
			<points>
				<point>180.000000,373.000000</point>
				<point>110.000000,409.000000</point>
				<point>74.000000,337.000000</point>
				<point>144.000000,302.000000</point>
				<point>180.000000,373.000000</point>
			</points>
		</object>
		<object>
			<coordinate>pixel</coordinate>
			<type>rectangle</type>
			<description>None</description>
			<possibleresult>
				<name>A321</name>
			</possibleresult>
			<points>
				<point>378.000000,244.000000</point>
				<point>331.000000,273.000000</point>
				<point>304.000000,229.000000</point>
				<point>351.000000,200.000000</point>
				<point>378.000000,244.000000</point>
			</points>
		</object>
	</objects>
</annotation>