<?xml version="1.0" encoding="utf-8"?>
<annotation>
	<source>
		<filename>2383.tif</filename>
		<origin>GF2/GF3</origin>
	</source>
	<research>
		<version>1.0</version>
		<provider>FAIR1M</provider>
		<author>Cyber</author>
		<pluginname>FAIR1M</pluginname>
		<pluginclass>object detection</pluginclass>
		<time>2021-07-21</time>
	</research>
	<size>
		<width>1000</width>
		<height>1000</height>
		<depth>3</depth>
	</size>
	<objects>
		<object>
			<coordinate>pixel</coordinate>
			<type>rectangle</type>
			<description>None</description>
			<possibleresult>
				<name>Dry Cargo Ship</name>
			</possibleresult>
			<points>
				<point>293.000000,497.000000</point>
				<point>401.000000,150.000000</point>
				<point>345.000000,133.000000</point>
				<point>237.000000,480.000000</point>
				<point>293.000000,497.000000</point>
			</points>
		</object>
		<object>
			<coordinate>pixel</coordinate>
			<type>rectangle</type>
			<description>None</description>
			<possibleresult>
				<name>Liquid Cargo Ship</name>
			</possibleresult>
			<points>
				<point>961.000000,569.000000</point>
				<point>823.000000,741.000000</point>
				<point>854.000000,766.000000</point>
				<point>992.000000,594.000000</point>
				<point>961.000000,569.000000</point>
			</points>
		</object>
	</objects>
</annotation>