<?xml version="1.0" encoding="utf-8"?>
<annotation>
	<source>
		<filename>2428.tif</filename>
		<origin>GF2/GF3</origin>
	</source>
	<research>
		<version>1.0</version>
		<provider>FAIR1M</provider>
		<author>Cyber</author>
		<pluginname>FAIR1M</pluginname>
		<pluginclass>object detection</pluginclass>
		<time>2021-07-21</time>
	</research>
	<size>
		<width>800</width>
		<height>600</height>
		<depth>4</depth>
	</size>
	<objects>
		<object>
			<coordinate>pixel</coordinate>
			<type>rectangle</type>
			<description>None</description>
			<possibleresult>
				<name>Van</name>
			</possibleresult>
			<points>
				<point>476.000000,10.000000</point>
				<point>468.000000,24.000000</point>
				<point>460.000000,20.000000</point>
				<point>468.000000,5.000000</point>
				<point>476.000000,10.000000</point>
			</points>
		</object>
		<object>
			<coordinate>pixel</coordinate>
			<type>rectangle</type>
			<description>None</description>
			<possibleresult>
				<name>Small Car</name>
			</possibleresult>
			<points>
				<point>489.000000,14.000000</point>
				<point>479.000000,27.000000</point>
				<point>474.000000,23.000000</point>
				<point>484.000000,11.000000</point>
				<point>489.000000,14.000000</point>
			</points>
		</object>
		<object>
			<coordinate>pixel</coordinate>
			<type>rectangle</type>
			<description>None</description>
			<possibleresult>
				<name>Small Car</name>
			</possibleresult>
			<points>
				<point>498.000000,19.000000</point>
				<point>492.000000,32.000000</point>
				<point>486.000000,29.000000</point>
				<point>492.000000,16.000000</point>
				<point>498.000000,19.000000</point>
			</points>
		</object>
		<object>
			<coordinate>pixel</coordinate>
			<type>rectangle</type>
			<description>None</description>
			<possibleresult>
				<name>Van</name>
			</possibleresult>
			<points>
				<point>509.000000,23.000000</point>
				<point>501.000000,36.000000</point>
				<point>496.000000,33.000000</point>
				<point>504.000000,20.000000</point>
				<point>509.000000,23.000000</point>
			</points>
		</object>
		<object>
			<coordinate>pixel</coordinate>
			<type>rectangle</type>
			<description>None</description>
			<possibleresult>
				<name>Van</name>
			</possibleresult>
			<points>
				<point>522.000000,32.000000</point>
				<point>515.000000,45.000000</point>
				<point>509.000000,42.000000</point>
				<point>516.000000,29.000000</point>
				<point>522.000000,32.000000</point>
			</points>
		</object>
		<object>
			<coordinate>pixel</coordinate>
			<type>rectangle</type>
			<description>None</description>
			<possibleresult>
				<name>Van</name>
			</possibleresult>
			<points>
				<point>534.000000,40.000000</point>
				<point>528.000000,50.000000</point>
				<point>523.000000,47.000000</point>
				<point>528.000000,37.000000</point>
				<point>534.000000,40.000000</point>
			</points>
		</object>
		<object>
			<coordinate>pixel</coordinate>
			<type>rectangle</type>
			<description>None</description>
			<possibleresult>
				<name>Van</name>
			</possibleresult>
			<points>
				<point>180.000000,144.000000</point>
				<point>177.000000,149.000000</point>
				<point>162.000000,141.000000</point>
				<point>165.000000,136.000000</point>
				<point>180.000000,144.000000</point>
			</points>
		</object>
		<object>
			<coordinate>pixel</coordinate>
			<type>rectangle</type>
			<description>None</description>
			<possibleresult>
				<name>Small Car</name>
			</possibleresult>
			<points>
				<point>449.000000,183.000000</point>
				<point>441.000000,196.000000</point>
				<point>435.000000,193.000000</point>
				<point>442.000000,179.000000</point>
				<point>449.000000,183.000000</point>
			</points>
		</object>
		<object>
			<coordinate>pixel</coordinate>
			<type>rectangle</type>
			<description>None</description>
			<possibleresult>
				<name>Small Car</name>
			</possibleresult>
			<points>
				<point>639.000000,177.000000</point>
				<point>637.000000,182.000000</point>
				<point>621.000000,175.000000</point>
				<point>623.000000,170.000000</point>
				<point>639.000000,177.000000</point>
			</points>
		</object>
		<object>
			<coordinate>pixel</coordinate>
			<type>rectangle</type>
			<description>None</description>
			<possibleresult>
				<name>Small Car</name>
			</possibleresult>
			<points>
				<point>276.000000,406.000000</point>
				<point>257.000000,408.000000</point>
				<point>256.000000,402.000000</point>
				<point>276.000000,399.000000</point>
				<point>276.000000,406.000000</point>
			</points>
		</object>
		<object>
			<coordinate>pixel</coordinate>
			<type>rectangle</type>
			<description>None</description>
			<possibleresult>
				<name>Small Car</name>
			</possibleresult>
			<points>
				<point>399.000000,496.000000</point>
				<point>395.000000,508.000000</point>
				<point>389.000000,506.000000</point>
				<point>393.000000,494.000000</point>
				<point>399.000000,496.000000</point>
			</points>
		</object>
		<object>
			<coordinate>pixel</coordinate>
			<type>rectangle</type>
			<description>None</description>
			<possibleresult>
				<name>Small Car</name>
			</possibleresult>
			<points>
				<point>32.000000,509.000000</point>
				<point>23.000000,524.000000</point>
				<point>16.000000,520.000000</point>
				<point>25.000000,504.000000</point>
				<point>32.000000,509.000000</point>
			</points>
		</object>
		<object>
			<coordinate>pixel</coordinate>
			<type>rectangle</type>
			<description>None</description>
			<possibleresult>
				<name>Dump Truck</name>
			</possibleresult>
			<points>
				<point>681.000000,519.000000</point>
				<point>669.000000,534.000000</point>
				<point>664.000000,529.000000</point>
				<point>675.000000,514.000000</point>
				<point>681.000000,519.000000</point>
			</points>
		</object>
		<object>
			<coordinate>pixel</coordinate>
			<type>rectangle</type>
			<description>None</description>
			<possibleresult>
				<name>Small Car</name>
			</possibleresult>
			<points>
				<point>765.000000,477.000000</point>
				<point>754.000000,492.000000</point>
				<point>748.000000,488.000000</point>
				<point>759.000000,473.000000</point>
				<point>765.000000,477.000000</point>
			</points>
		</object>
		<object>
			<coordinate>pixel</coordinate>
			<type>rectangle</type>
			<description>None</description>
			<possibleresult>
				<name>Small Car</name>
			</possibleresult>
			<points>
				<point>282.000000,564.000000</point>
				<point>266.000000,570.000000</point>
				<point>264.000000,564.000000</point>
				<point>279.000000,558.000000</point>
				<point>282.000000,564.000000</point>
			</points>
		</object>
	</objects>
</annotation>