<?xml version="1.0" encoding="utf-8"?>
<annotation>
	<source>
		<filename>2520.tif</filename>
		<origin>GF2/GF3</origin>
	</source>
	<research>
		<version>1.0</version>
		<provider>FAIR1M</provider>
		<author>Cyber</author>
		<pluginname>FAIR1M</pluginname>
		<pluginclass>object detection</pluginclass>
		<time>2021-07-21</time>
	</research>
	<size>
		<width>600</width>
		<height>800</height>
		<depth>4</depth>
	</size>
	<objects>
		<object>
			<coordinate>pixel</coordinate>
			<type>rectangle</type>
			<description>None</description>
			<possibleresult>
				<name>Van</name>
			</possibleresult>
			<points>
				<point>199.000000,231.000000</point>
				<point>174.000000,233.000000</point>
				<point>174.000000,225.000000</point>
				<point>198.000000,224.000000</point>
				<point>199.000000,231.000000</point>
			</points>
		</object>
		<object>
			<coordinate>pixel</coordinate>
			<type>rectangle</type>
			<description>None</description>
			<possibleresult>
				<name>Cargo Truck</name>
			</possibleresult>
			<points>
				<point>452.000000,389.000000</point>
				<point>451.000000,399.000000</point>
				<point>410.000000,398.000000</point>
				<point>410.000000,388.000000</point>
				<point>452.000000,389.000000</point>
			</points>
		</object>
		<object>
			<coordinate>pixel</coordinate>
			<type>rectangle</type>
			<description>None</description>
			<possibleresult>
				<name>Cargo Truck</name>
			</possibleresult>
			<points>
				<point>361.000000,268.000000</point>
				<point>360.000000,277.000000</point>
				<point>326.000000,273.000000</point>
				<point>328.000000,263.000000</point>
				<point>361.000000,268.000000</point>
			</points>
		</object>
		<object>
			<coordinate>pixel</coordinate>
			<type>rectangle</type>
			<description>None</description>
			<possibleresult>
				<name>Small Car</name>
			</possibleresult>
			<points>
				<point>349.000000,291.000000</point>
				<point>329.000000,291.000000</point>
				<point>330.000000,284.000000</point>
				<point>349.000000,284.000000</point>
				<point>349.000000,291.000000</point>
			</points>
		</object>
		<object>
			<coordinate>pixel</coordinate>
			<type>rectangle</type>
			<description>None</description>
			<possibleresult>
				<name>Small Car</name>
			</possibleresult>
			<points>
				<point>347.000000,303.000000</point>
				<point>328.000000,301.000000</point>
				<point>329.000000,295.000000</point>
				<point>347.000000,297.000000</point>
				<point>347.000000,303.000000</point>
			</points>
		</object>
		<object>
			<coordinate>pixel</coordinate>
			<type>rectangle</type>
			<description>None</description>
			<possibleresult>
				<name>Van</name>
			</possibleresult>
			<points>
				<point>348.000000,314.000000</point>
				<point>327.000000,312.000000</point>
				<point>328.000000,304.000000</point>
				<point>348.000000,306.000000</point>
				<point>348.000000,314.000000</point>
			</points>
		</object>
		<object>
			<coordinate>pixel</coordinate>
			<type>rectangle</type>
			<description>None</description>
			<possibleresult>
				<name>Small Car</name>
			</possibleresult>
			<points>
				<point>348.000000,316.000000</point>
				<point>347.000000,324.000000</point>
				<point>324.000000,323.000000</point>
				<point>324.000000,315.000000</point>
				<point>348.000000,316.000000</point>
			</points>
		</object>
		<object>
			<coordinate>pixel</coordinate>
			<type>rectangle</type>
			<description>None</description>
			<possibleresult>
				<name>Van</name>
			</possibleresult>
			<points>
				<point>347.000000,336.000000</point>
				<point>328.000000,335.000000</point>
				<point>328.000000,328.000000</point>
				<point>347.000000,329.000000</point>
				<point>347.000000,336.000000</point>
			</points>
		</object>
		<object>
			<coordinate>pixel</coordinate>
			<type>rectangle</type>
			<description>None</description>
			<possibleresult>
				<name>Small Car</name>
			</possibleresult>
			<points>
				<point>415.000000,316.000000</point>
				<point>406.000000,317.000000</point>
				<point>405.000000,297.000000</point>
				<point>414.000000,296.000000</point>
				<point>415.000000,316.000000</point>
			</points>
		</object>
		<object>
			<coordinate>pixel</coordinate>
			<type>rectangle</type>
			<description>None</description>
			<possibleresult>
				<name>Cargo Truck</name>
			</possibleresult>
			<points>
				<point>382.000000,482.000000</point>
				<point>371.000000,482.000000</point>
				<point>371.000000,461.000000</point>
				<point>382.000000,461.000000</point>
				<point>382.000000,482.000000</point>
			</points>
		</object>
		<object>
			<coordinate>pixel</coordinate>
			<type>rectangle</type>
			<description>None</description>
			<possibleresult>
				<name>Small Car</name>
			</possibleresult>
			<points>
				<point>381.000000,527.000000</point>
				<point>359.000000,526.000000</point>
				<point>359.000000,519.000000</point>
				<point>381.000000,520.000000</point>
				<point>381.000000,527.000000</point>
			</points>
		</object>
		<object>
			<coordinate>pixel</coordinate>
			<type>rectangle</type>
			<description>None</description>
			<possibleresult>
				<name>Small Car</name>
			</possibleresult>
			<points>
				<point>385.000000,538.000000</point>
				<point>367.000000,538.000000</point>
				<point>367.000000,531.000000</point>
				<point>385.000000,532.000000</point>
				<point>385.000000,538.000000</point>
			</points>
		</object>
		<object>
			<coordinate>pixel</coordinate>
			<type>rectangle</type>
			<description>None</description>
			<possibleresult>
				<name>Van</name>
			</possibleresult>
			<points>
				<point>489.000000,760.000000</point>
				<point>470.000000,761.000000</point>
				<point>469.000000,752.000000</point>
				<point>489.000000,752.000000</point>
				<point>489.000000,760.000000</point>
			</points>
		</object>
		<object>
			<coordinate>pixel</coordinate>
			<type>rectangle</type>
			<description>None</description>
			<possibleresult>
				<name>Van</name>
			</possibleresult>
			<points>
				<point>120.000000,776.000000</point>
				<point>101.000000,778.000000</point>
				<point>100.000000,771.000000</point>
				<point>120.000000,769.000000</point>
				<point>120.000000,776.000000</point>
			</points>
		</object>
		<object>
			<coordinate>pixel</coordinate>
			<type>rectangle</type>
			<description>None</description>
			<possibleresult>
				<name>Van</name>
			</possibleresult>
			<points>
				<point>32.000000,771.000000</point>
				<point>12.000000,771.000000</point>
				<point>11.000000,763.000000</point>
				<point>32.000000,763.000000</point>
				<point>32.000000,771.000000</point>
			</points>
		</object>
	</objects>
</annotation>