<?xml version="1.0" encoding="utf-8"?>
<annotation>
	<source>
		<filename>2568.tif</filename>
		<origin>GF2/GF3</origin>
	</source>
	<research>
		<version>1.0</version>
		<provider>FAIR1M</provider>
		<author>Cyber</author>
		<pluginname>FAIR1M</pluginname>
		<pluginclass>object detection</pluginclass>
		<time>2021-07-21</time>
	</research>
	<size>
		<width>1000</width>
		<height>1000</height>
		<depth>3</depth>
	</size>
	<objects>
		<object>
			<coordinate>pixel</coordinate>
			<type>rectangle</type>
			<description>None</description>
			<possibleresult>
				<name>Liquid Cargo Ship</name>
			</possibleresult>
			<points>
				<point>436.000000,724.000000</point>
				<point>352.000000,845.000000</point>
				<point>373.000000,860.000000</point>
				<point>458.000000,739.000000</point>
				<point>436.000000,724.000000</point>
			</points>
		</object>
		<object>
			<coordinate>pixel</coordinate>
			<type>rectangle</type>
			<description>None</description>
			<possibleresult>
				<name>Dry Cargo Ship</name>
			</possibleresult>
			<points>
				<point>808.000000,23.000000</point>
				<point>750.000000,103.000000</point>
				<point>765.000000,113.000000</point>
				<point>822.000000,33.000000</point>
				<point>808.000000,23.000000</point>
			</points>
		</object>
		<object>
			<coordinate>pixel</coordinate>
			<type>rectangle</type>
			<description>None</description>
			<possibleresult>
				<name>other-ship</name>
			</possibleresult>
			<points>
				<point>201.000000,132.000000</point>
				<point>171.000000,172.000000</point>
				<point>180.000000,178.000000</point>
				<point>210.000000,138.000000</point>
				<point>201.000000,132.000000</point>
			</points>
		</object>
	</objects>
</annotation>