<?xml version="1.0" encoding="utf-8"?>
<annotation>
	<source>
		<filename>2599.tif</filename>
		<origin>GF2/GF3</origin>
	</source>
	<research>
		<version>1.0</version>
		<provider>FAIR1M</provider>
		<author>Cyber</author>
		<pluginname>FAIR1M</pluginname>
		<pluginclass>object detection</pluginclass>
		<time>2021-07-21</time>
	</research>
	<size>
		<width>1000</width>
		<height>1000</height>
		<depth>3</depth>
	</size>
	<objects>
		<object>
			<coordinate>pixel</coordinate>
			<type>rectangle</type>
			<description>None</description>
			<possibleresult>
				<name>Boeing777</name>
			</possibleresult>
			<points>
				<point>317.000000,58.000000</point>
				<point>226.000000,60.000000</point>
				<point>228.000000,141.000000</point>
				<point>319.000000,138.000000</point>
				<point>317.000000,58.000000</point>
			</points>
		</object>
		<object>
			<coordinate>pixel</coordinate>
			<type>rectangle</type>
			<description>None</description>
			<possibleresult>
				<name>Boeing777</name>
			</possibleresult>
			<points>
				<point>426.000000,256.000000</point>
				<point>449.000000,180.000000</point>
				<point>376.000000,157.000000</point>
				<point>352.000000,234.000000</point>
				<point>426.000000,256.000000</point>
			</points>
		</object>
		<object>
			<coordinate>pixel</coordinate>
			<type>rectangle</type>
			<description>None</description>
			<possibleresult>
				<name>Boeing777</name>
			</possibleresult>
			<points>
				<point>277.000000,237.000000</point>
				<point>254.000000,161.000000</point>
				<point>183.000000,183.000000</point>
				<point>206.000000,258.000000</point>
				<point>277.000000,237.000000</point>
			</points>
		</object>
		<object>
			<coordinate>pixel</coordinate>
			<type>rectangle</type>
			<description>None</description>
			<possibleresult>
				<name>Boeing747</name>
			</possibleresult>
			<points>
				<point>223.000000,245.000000</point>
				<point>143.000000,204.000000</point>
				<point>96.000000,295.000000</point>
				<point>176.000000,337.000000</point>
				<point>223.000000,245.000000</point>
			</points>
		</object>
		<object>
			<coordinate>pixel</coordinate>
			<type>rectangle</type>
			<description>None</description>
			<possibleresult>
				<name>Boeing747</name>
			</possibleresult>
			<points>
				<point>214.000000,332.000000</point>
				<point>131.000000,334.000000</point>
				<point>133.000000,417.000000</point>
				<point>215.000000,416.000000</point>
				<point>214.000000,332.000000</point>
			</points>
		</object>
		<object>
			<coordinate>pixel</coordinate>
			<type>rectangle</type>
			<description>None</description>
			<possibleresult>
				<name>other-airplane</name>
			</possibleresult>
			<points>
				<point>299.000000,320.000000</point>
				<point>267.000000,401.000000</point>
				<point>346.000000,432.000000</point>
				<point>377.000000,351.000000</point>
				<point>299.000000,320.000000</point>
			</points>
		</object>
		<object>
			<coordinate>pixel</coordinate>
			<type>rectangle</type>
			<description>None</description>
			<possibleresult>
				<name>other-airplane</name>
			</possibleresult>
			<points>
				<point>522.000000,234.000000</point>
				<point>568.000000,234.000000</point>
				<point>568.000000,195.000000</point>
				<point>522.000000,195.000000</point>
				<point>522.000000,234.000000</point>
			</points>
		</object>
		<object>
			<coordinate>pixel</coordinate>
			<type>rectangle</type>
			<description>None</description>
			<possibleresult>
				<name>other-airplane</name>
			</possibleresult>
			<points>
				<point>560.000000,439.000000</point>
				<point>611.000000,405.000000</point>
				<point>577.000000,355.000000</point>
				<point>526.000000,389.000000</point>
				<point>560.000000,439.000000</point>
			</points>
		</object>
		<object>
			<coordinate>pixel</coordinate>
			<type>rectangle</type>
			<description>None</description>
			<possibleresult>
				<name>A220</name>
			</possibleresult>
			<points>
				<point>473.000000,471.000000</point>
				<point>438.000000,502.000000</point>
				<point>468.000000,537.000000</point>
				<point>504.000000,506.000000</point>
				<point>473.000000,471.000000</point>
			</points>
		</object>
		<object>
			<coordinate>pixel</coordinate>
			<type>rectangle</type>
			<description>None</description>
			<possibleresult>
				<name>Boeing777</name>
			</possibleresult>
			<points>
				<point>524.000000,518.000000</point>
				<point>451.000000,574.000000</point>
				<point>500.000000,638.000000</point>
				<point>573.000000,582.000000</point>
				<point>524.000000,518.000000</point>
			</points>
		</object>
		<object>
			<coordinate>pixel</coordinate>
			<type>rectangle</type>
			<description>None</description>
			<possibleresult>
				<name>Boeing777</name>
			</possibleresult>
			<points>
				<point>575.000000,595.000000</point>
				<point>513.000000,640.000000</point>
				<point>557.000000,701.000000</point>
				<point>620.000000,656.000000</point>
				<point>575.000000,595.000000</point>
			</points>
		</object>
		<object>
			<coordinate>pixel</coordinate>
			<type>rectangle</type>
			<description>None</description>
			<possibleresult>
				<name>Boeing787</name>
			</possibleresult>
			<points>
				<point>260.000000,655.000000</point>
				<point>323.000000,611.000000</point>
				<point>277.000000,546.000000</point>
				<point>215.000000,590.000000</point>
				<point>260.000000,655.000000</point>
			</points>
		</object>
		<object>
			<coordinate>pixel</coordinate>
			<type>rectangle</type>
			<description>None</description>
			<possibleresult>
				<name>Boeing787</name>
			</possibleresult>
			<points>
				<point>315.000000,732.000000</point>
				<point>379.000000,687.000000</point>
				<point>333.000000,623.000000</point>
				<point>270.000000,668.000000</point>
				<point>315.000000,732.000000</point>
			</points>
		</object>
		<object>
			<coordinate>pixel</coordinate>
			<type>rectangle</type>
			<description>None</description>
			<possibleresult>
				<name>Boeing787</name>
			</possibleresult>
			<points>
				<point>368.000000,808.000000</point>
				<point>432.000000,766.000000</point>
				<point>389.000000,701.000000</point>
				<point>325.000000,744.000000</point>
				<point>368.000000,808.000000</point>
			</points>
		</object>
		<object>
			<coordinate>pixel</coordinate>
			<type>rectangle</type>
			<description>None</description>
			<possibleresult>
				<name>Boeing747</name>
			</possibleresult>
			<points>
				<point>233.000000,727.000000</point>
				<point>161.000000,787.000000</point>
				<point>213.000000,849.000000</point>
				<point>284.000000,789.000000</point>
				<point>233.000000,727.000000</point>
			</points>
		</object>
		<object>
			<coordinate>pixel</coordinate>
			<type>rectangle</type>
			<description>None</description>
			<possibleresult>
				<name>Boeing777</name>
			</possibleresult>
			<points>
				<point>235.000000,859.000000</point>
				<point>274.000000,908.000000</point>
				<point>334.000000,862.000000</point>
				<point>296.000000,812.000000</point>
				<point>235.000000,859.000000</point>
			</points>
		</object>
		<object>
			<coordinate>pixel</coordinate>
			<type>rectangle</type>
			<description>None</description>
			<possibleresult>
				<name>Boeing777</name>
			</possibleresult>
			<points>
				<point>423.000000,882.000000</point>
				<point>488.000000,839.000000</point>
				<point>446.000000,775.000000</point>
				<point>381.000000,818.000000</point>
				<point>423.000000,882.000000</point>
			</points>
		</object>
		<object>
			<coordinate>pixel</coordinate>
			<type>rectangle</type>
			<description>None</description>
			<possibleresult>
				<name>Boeing777</name>
			</possibleresult>
			<points>
				<point>348.000000,881.000000</point>
				<point>275.000000,934.000000</point>
				<point>322.000000,1000.000000</point>
				<point>396.000000,948.000000</point>
				<point>348.000000,881.000000</point>
			</points>
		</object>
		<object>
			<coordinate>pixel</coordinate>
			<type>rectangle</type>
			<description>None</description>
			<possibleresult>
				<name>A321</name>
			</possibleresult>
			<points>
				<point>746.000000,249.000000</point>
				<point>710.000000,278.000000</point>
				<point>746.000000,321.000000</point>
				<point>781.000000,292.000000</point>
				<point>746.000000,249.000000</point>
			</points>
		</object>
		<object>
			<coordinate>pixel</coordinate>
			<type>rectangle</type>
			<description>None</description>
			<possibleresult>
				<name>Boeing747</name>
			</possibleresult>
			<points>
				<point>835.000000,237.000000</point>
				<point>831.000000,150.000000</point>
				<point>748.000000,154.000000</point>
				<point>752.000000,241.000000</point>
				<point>835.000000,237.000000</point>
			</points>
		</object>
	</objects>
</annotation>