<?xml version="1.0" encoding="utf-8"?>
<annotation>
	<source>
		<filename>2688.tif</filename>
		<origin>GF2/GF3</origin>
	</source>
	<research>
		<version>1.0</version>
		<provider>FAIR1M</provider>
		<author>Cyber</author>
		<pluginname>FAIR1M</pluginname>
		<pluginclass>object detection</pluginclass>
		<time>2021-07-21</time>
	</research>
	<size>
		<width>800</width>
		<height>800</height>
		<depth>3</depth>
	</size>
	<objects>
		<object>
			<coordinate>pixel</coordinate>
			<type>rectangle</type>
			<description>None</description>
			<possibleresult>
				<name>other-airplane</name>
			</possibleresult>
			<points>
				<point>636.000000,467.000000</point>
				<point>602.000000,488.000000</point>
				<point>584.000000,458.000000</point>
				<point>618.000000,438.000000</point>
				<point>636.000000,467.000000</point>
			</points>
		</object>
	</objects>
</annotation>