<?xml version="1.0" encoding="utf-8"?>
<annotation>
	<source>
		<filename>2982.tif</filename>
		<origin>GF2/GF3</origin>
	</source>
	<research>
		<version>1.0</version>
		<provider>FAIR1M</provider>
		<author>Cyber</author>
		<pluginname>FAIR1M</pluginname>
		<pluginclass>object detection</pluginclass>
		<time>2021-07-21</time>
	</research>
	<size>
		<width>1000</width>
		<height>1000</height>
		<depth>3</depth>
	</size>
	<objects>
		<object>
			<coordinate>pixel</coordinate>
			<type>rectangle</type>
			<description>None</description>
			<possibleresult>
				<name>Warship</name>
			</possibleresult>
			<points>
				<point>401.000000,980.000000</point>
				<point>506.000000,826.000000</point>
				<point>486.000000,812.000000</point>
				<point>381.000000,966.000000</point>
				<point>401.000000,980.000000</point>
			</points>
		</object>
		<object>
			<coordinate>pixel</coordinate>
			<type>rectangle</type>
			<description>None</description>
			<possibleresult>
				<name>Warship</name>
			</possibleresult>
			<points>
				<point>510.000000,548.000000</point>
				<point>623.000000,594.000000</point>
				<point>630.000000,577.000000</point>
				<point>516.000000,531.000000</point>
				<point>510.000000,548.000000</point>
			</points>
		</object>
		<object>
			<coordinate>pixel</coordinate>
			<type>rectangle</type>
			<description>None</description>
			<possibleresult>
				<name>Warship</name>
			</possibleresult>
			<points>
				<point>415.000000,594.000000</point>
				<point>484.000000,495.000000</point>
				<point>471.000000,486.000000</point>
				<point>403.000000,585.000000</point>
				<point>415.000000,594.000000</point>
			</points>
		</object>
		<object>
			<coordinate>pixel</coordinate>
			<type>rectangle</type>
			<description>None</description>
			<possibleresult>
				<name>Warship</name>
			</possibleresult>
			<points>
				<point>510.000000,678.000000</point>
				<point>506.000000,723.000000</point>
				<point>516.000000,724.000000</point>
				<point>520.000000,679.000000</point>
				<point>510.000000,678.000000</point>
			</points>
		</object>
		<object>
			<coordinate>pixel</coordinate>
			<type>rectangle</type>
			<description>None</description>
			<possibleresult>
				<name>Tugboat</name>
			</possibleresult>
			<points>
				<point>369.000000,633.000000</point>
				<point>345.000000,672.000000</point>
				<point>360.000000,681.000000</point>
				<point>384.000000,643.000000</point>
				<point>369.000000,633.000000</point>
			</points>
		</object>
		<object>
			<coordinate>pixel</coordinate>
			<type>rectangle</type>
			<description>None</description>
			<possibleresult>
				<name>Motorboat</name>
			</possibleresult>
			<points>
				<point>388.000000,677.000000</point>
				<point>418.000000,698.000000</point>
				<point>422.000000,693.000000</point>
				<point>392.000000,672.000000</point>
				<point>388.000000,677.000000</point>
			</points>
		</object>
		<object>
			<coordinate>pixel</coordinate>
			<type>rectangle</type>
			<description>None</description>
			<possibleresult>
				<name>Motorboat</name>
			</possibleresult>
			<points>
				<point>475.000000,663.000000</point>
				<point>469.000000,688.000000</point>
				<point>474.000000,689.000000</point>
				<point>481.000000,665.000000</point>
				<point>475.000000,663.000000</point>
			</points>
		</object>
		<object>
			<coordinate>pixel</coordinate>
			<type>rectangle</type>
			<description>None</description>
			<possibleresult>
				<name>Motorboat</name>
			</possibleresult>
			<points>
				<point>470.000000,662.000000</point>
				<point>463.000000,686.000000</point>
				<point>468.000000,687.000000</point>
				<point>475.000000,663.000000</point>
				<point>470.000000,662.000000</point>
			</points>
		</object>
		<object>
			<coordinate>pixel</coordinate>
			<type>rectangle</type>
			<description>None</description>
			<possibleresult>
				<name>other-ship</name>
			</possibleresult>
			<points>
				<point>570.000000,698.000000</point>
				<point>546.000000,733.000000</point>
				<point>552.000000,737.000000</point>
				<point>576.000000,702.000000</point>
				<point>570.000000,698.000000</point>
			</points>
		</object>
	</objects>
</annotation>