<?xml version="1.0" encoding="utf-8"?>
<annotation>
	<source>
		<filename>3029.tif</filename>
		<origin>GF2/GF3</origin>
	</source>
	<research>
		<version>1.0</version>
		<provider>FAIR1M</provider>
		<author>Cyber</author>
		<pluginname>FAIR1M</pluginname>
		<pluginclass>object detection</pluginclass>
		<time>2021-07-21</time>
	</research>
	<size>
		<width>800</width>
		<height>600</height>
		<depth>3</depth>
	</size>
	<objects>
		<object>
			<coordinate>pixel</coordinate>
			<type>rectangle</type>
			<description>None</description>
			<possibleresult>
				<name>other-airplane</name>
			</possibleresult>
			<points>
				<point>408.000000,431.000000</point>
				<point>374.000000,449.000000</point>
				<point>354.000000,412.000000</point>
				<point>387.000000,393.000000</point>
				<point>408.000000,431.000000</point>
			</points>
		</object>
		<object>
			<coordinate>pixel</coordinate>
			<type>rectangle</type>
			<description>None</description>
			<possibleresult>
				<name>other-airplane</name>
			</possibleresult>
			<points>
				<point>793.000000,182.000000</point>
				<point>762.000000,202.000000</point>
				<point>738.000000,167.000000</point>
				<point>769.000000,146.000000</point>
				<point>793.000000,182.000000</point>
			</points>
		</object>
		<object>
			<coordinate>pixel</coordinate>
			<type>rectangle</type>
			<description>None</description>
			<possibleresult>
				<name>other-airplane</name>
			</possibleresult>
			<points>
				<point>745.000000,212.000000</point>
				<point>713.000000,232.000000</point>
				<point>687.000000,189.000000</point>
				<point>720.000000,170.000000</point>
				<point>745.000000,212.000000</point>
			</points>
		</object>
		<object>
			<coordinate>pixel</coordinate>
			<type>rectangle</type>
			<description>None</description>
			<possibleresult>
				<name>other-airplane</name>
			</possibleresult>
			<points>
				<point>703.000000,240.000000</point>
				<point>669.000000,259.000000</point>
				<point>648.000000,222.000000</point>
				<point>682.000000,203.000000</point>
				<point>703.000000,240.000000</point>
			</points>
		</object>
		<object>
			<coordinate>pixel</coordinate>
			<type>rectangle</type>
			<description>None</description>
			<possibleresult>
				<name>other-airplane</name>
			</possibleresult>
			<points>
				<point>662.000000,265.000000</point>
				<point>629.000000,286.000000</point>
				<point>605.000000,247.000000</point>
				<point>638.000000,226.000000</point>
				<point>662.000000,265.000000</point>
			</points>
		</object>
		<object>
			<coordinate>pixel</coordinate>
			<type>rectangle</type>
			<description>None</description>
			<possibleresult>
				<name>other-airplane</name>
			</possibleresult>
			<points>
				<point>620.000000,295.000000</point>
				<point>586.000000,313.000000</point>
				<point>565.000000,274.000000</point>
				<point>599.000000,256.000000</point>
				<point>620.000000,295.000000</point>
			</points>
		</object>
		<object>
			<coordinate>pixel</coordinate>
			<type>rectangle</type>
			<description>None</description>
			<possibleresult>
				<name>other-airplane</name>
			</possibleresult>
			<points>
				<point>577.000000,321.000000</point>
				<point>544.000000,341.000000</point>
				<point>520.000000,300.000000</point>
				<point>553.000000,280.000000</point>
				<point>577.000000,321.000000</point>
			</points>
		</object>
		<object>
			<coordinate>pixel</coordinate>
			<type>rectangle</type>
			<description>None</description>
			<possibleresult>
				<name>other-airplane</name>
			</possibleresult>
			<points>
				<point>534.000000,348.000000</point>
				<point>500.000000,371.000000</point>
				<point>476.000000,334.000000</point>
				<point>509.000000,311.000000</point>
				<point>534.000000,348.000000</point>
			</points>
		</object>
		<object>
			<coordinate>pixel</coordinate>
			<type>rectangle</type>
			<description>None</description>
			<possibleresult>
				<name>other-airplane</name>
			</possibleresult>
			<points>
				<point>492.000000,375.000000</point>
				<point>456.000000,396.000000</point>
				<point>432.000000,356.000000</point>
				<point>468.000000,335.000000</point>
				<point>492.000000,375.000000</point>
			</points>
		</object>
		<object>
			<coordinate>pixel</coordinate>
			<type>rectangle</type>
			<description>None</description>
			<possibleresult>
				<name>other-airplane</name>
			</possibleresult>
			<points>
				<point>451.000000,404.000000</point>
				<point>416.000000,425.000000</point>
				<point>394.000000,388.000000</point>
				<point>428.000000,367.000000</point>
				<point>451.000000,404.000000</point>
			</points>
		</object>
	</objects>
</annotation>