<?xml version="1.0" encoding="utf-8"?>
<annotation>
	<source>
		<filename>3044.tif</filename>
		<origin>GF2/GF3</origin>
	</source>
	<research>
		<version>1.0</version>
		<provider>FAIR1M</provider>
		<author>Cyber</author>
		<pluginname>FAIR1M</pluginname>
		<pluginclass>object detection</pluginclass>
		<time>2021-07-21</time>
	</research>
	<size>
		<width>1000</width>
		<height>1000</height>
		<depth>3</depth>
	</size>
	<objects>
		<object>
			<coordinate>pixel</coordinate>
			<type>rectangle</type>
			<description>None</description>
			<possibleresult>
				<name>Boeing777</name>
			</possibleresult>
			<points>
				<point>922.000000,256.000000</point>
				<point>941.000000,334.000000</point>
				<point>1013.000000,316.000000</point>
				<point>993.000000,238.000000</point>
				<point>922.000000,256.000000</point>
			</points>
		</object>
		<object>
			<coordinate>pixel</coordinate>
			<type>rectangle</type>
			<description>None</description>
			<possibleresult>
				<name>A330</name>
			</possibleresult>
			<points>
				<point>868.000000,694.000000</point>
				<point>851.000000,616.000000</point>
				<point>777.000000,633.000000</point>
				<point>794.000000,711.000000</point>
				<point>868.000000,694.000000</point>
			</points>
		</object>
	</objects>
</annotation>