<?xml version="1.0" encoding="utf-8"?>
<annotation>
	<source>
		<filename>3061.tif</filename>
		<origin>GF2/GF3</origin>
	</source>
	<research>
		<version>1.0</version>
		<provider>FAIR1M</provider>
		<author>Cyber</author>
		<pluginname>FAIR1M</pluginname>
		<pluginclass>object detection</pluginclass>
		<time>2021-07-21</time>
	</research>
	<size>
		<width>800</width>
		<height>600</height>
		<depth>4</depth>
	</size>
	<objects>
		<object>
			<coordinate>pixel</coordinate>
			<type>rectangle</type>
			<description>None</description>
			<possibleresult>
				<name>Van</name>
			</possibleresult>
			<points>
				<point>161.000000,289.000000</point>
				<point>149.000000,289.000000</point>
				<point>149.000000,281.000000</point>
				<point>161.000000,281.000000</point>
				<point>161.000000,289.000000</point>
			</points>
		</object>
		<object>
			<coordinate>pixel</coordinate>
			<type>rectangle</type>
			<description>None</description>
			<possibleresult>
				<name>Dump Truck</name>
			</possibleresult>
			<points>
				<point>192.000000,280.000000</point>
				<point>163.000000,287.000000</point>
				<point>161.000000,279.000000</point>
				<point>190.000000,271.000000</point>
				<point>192.000000,280.000000</point>
			</points>
		</object>
		<object>
			<coordinate>pixel</coordinate>
			<type>rectangle</type>
			<description>None</description>
			<possibleresult>
				<name>Van</name>
			</possibleresult>
			<points>
				<point>222.000000,272.000000</point>
				<point>210.000000,275.000000</point>
				<point>209.000000,270.000000</point>
				<point>221.000000,267.000000</point>
				<point>222.000000,272.000000</point>
			</points>
		</object>
		<object>
			<coordinate>pixel</coordinate>
			<type>rectangle</type>
			<description>None</description>
			<possibleresult>
				<name>Van</name>
			</possibleresult>
			<points>
				<point>251.000000,260.000000</point>
				<point>231.000000,268.000000</point>
				<point>228.000000,260.000000</point>
				<point>248.000000,253.000000</point>
				<point>251.000000,260.000000</point>
			</points>
		</object>
		<object>
			<coordinate>pixel</coordinate>
			<type>rectangle</type>
			<description>None</description>
			<possibleresult>
				<name>Dump Truck</name>
			</possibleresult>
			<points>
				<point>285.000000,244.000000</point>
				<point>266.000000,254.000000</point>
				<point>262.000000,247.000000</point>
				<point>282.000000,237.000000</point>
				<point>285.000000,244.000000</point>
			</points>
		</object>
		<object>
			<coordinate>pixel</coordinate>
			<type>rectangle</type>
			<description>None</description>
			<possibleresult>
				<name>Small Car</name>
			</possibleresult>
			<points>
				<point>320.000000,236.000000</point>
				<point>301.000000,243.000000</point>
				<point>298.000000,233.000000</point>
				<point>317.000000,227.000000</point>
				<point>320.000000,236.000000</point>
			</points>
		</object>
		<object>
			<coordinate>pixel</coordinate>
			<type>rectangle</type>
			<description>None</description>
			<possibleresult>
				<name>Dump Truck</name>
			</possibleresult>
			<points>
				<point>390.000000,230.000000</point>
				<point>361.000000,229.000000</point>
				<point>361.000000,222.000000</point>
				<point>390.000000,223.000000</point>
				<point>390.000000,230.000000</point>
			</points>
		</object>
		<object>
			<coordinate>pixel</coordinate>
			<type>rectangle</type>
			<description>None</description>
			<possibleresult>
				<name>Cargo Truck</name>
			</possibleresult>
			<points>
				<point>430.000000,472.000000</point>
				<point>416.000000,472.000000</point>
				<point>416.000000,449.000000</point>
				<point>430.000000,449.000000</point>
				<point>430.000000,472.000000</point>
			</points>
		</object>
		<object>
			<coordinate>pixel</coordinate>
			<type>rectangle</type>
			<description>None</description>
			<possibleresult>
				<name>Dump Truck</name>
			</possibleresult>
			<points>
				<point>457.000000,340.000000</point>
				<point>456.000000,376.000000</point>
				<point>442.000000,376.000000</point>
				<point>442.000000,340.000000</point>
				<point>457.000000,340.000000</point>
			</points>
		</object>
		<object>
			<coordinate>pixel</coordinate>
			<type>rectangle</type>
			<description>None</description>
			<possibleresult>
				<name>Dump Truck</name>
			</possibleresult>
			<points>
				<point>456.000000,337.000000</point>
				<point>441.000000,337.000000</point>
				<point>441.000000,303.000000</point>
				<point>456.000000,303.000000</point>
				<point>456.000000,337.000000</point>
			</points>
		</object>
		<object>
			<coordinate>pixel</coordinate>
			<type>rectangle</type>
			<description>None</description>
			<possibleresult>
				<name>Dump Truck</name>
			</possibleresult>
			<points>
				<point>455.000000,299.000000</point>
				<point>442.000000,299.000000</point>
				<point>442.000000,267.000000</point>
				<point>455.000000,267.000000</point>
				<point>455.000000,299.000000</point>
			</points>
		</object>
		<object>
			<coordinate>pixel</coordinate>
			<type>rectangle</type>
			<description>None</description>
			<possibleresult>
				<name>Van</name>
			</possibleresult>
			<points>
				<point>321.000000,535.000000</point>
				<point>300.000000,535.000000</point>
				<point>300.000000,529.000000</point>
				<point>321.000000,529.000000</point>
				<point>321.000000,535.000000</point>
			</points>
		</object>
		<object>
			<coordinate>pixel</coordinate>
			<type>rectangle</type>
			<description>None</description>
			<possibleresult>
				<name>Van</name>
			</possibleresult>
			<points>
				<point>553.000000,560.000000</point>
				<point>531.000000,560.000000</point>
				<point>531.000000,554.000000</point>
				<point>553.000000,554.000000</point>
				<point>553.000000,560.000000</point>
			</points>
		</object>
		<object>
			<coordinate>pixel</coordinate>
			<type>rectangle</type>
			<description>None</description>
			<possibleresult>
				<name>Trailer</name>
			</possibleresult>
			<points>
				<point>635.000000,549.000000</point>
				<point>580.000000,550.000000</point>
				<point>580.000000,540.000000</point>
				<point>635.000000,539.000000</point>
				<point>635.000000,549.000000</point>
			</points>
		</object>
		<object>
			<coordinate>pixel</coordinate>
			<type>rectangle</type>
			<description>None</description>
			<possibleresult>
				<name>other-vehicle</name>
			</possibleresult>
			<points>
				<point>731.000000,576.000000</point>
				<point>709.000000,577.000000</point>
				<point>709.000000,571.000000</point>
				<point>730.000000,570.000000</point>
				<point>731.000000,576.000000</point>
			</points>
		</object>
		<object>
			<coordinate>pixel</coordinate>
			<type>rectangle</type>
			<description>None</description>
			<possibleresult>
				<name>Small Car</name>
			</possibleresult>
			<points>
				<point>756.000000,576.000000</point>
				<point>733.000000,576.000000</point>
				<point>733.000000,570.000000</point>
				<point>756.000000,571.000000</point>
				<point>756.000000,576.000000</point>
			</points>
		</object>
		<object>
			<coordinate>pixel</coordinate>
			<type>rectangle</type>
			<description>None</description>
			<possibleresult>
				<name>Dump Truck</name>
			</possibleresult>
			<points>
				<point>784.000000,576.000000</point>
				<point>762.000000,576.000000</point>
				<point>762.000000,570.000000</point>
				<point>784.000000,570.000000</point>
				<point>784.000000,576.000000</point>
			</points>
		</object>
		<object>
			<coordinate>pixel</coordinate>
			<type>rectangle</type>
			<description>None</description>
			<possibleresult>
				<name>Small Car</name>
			</possibleresult>
			<points>
				<point>687.000000,576.000000</point>
				<point>669.000000,576.000000</point>
				<point>669.000000,569.000000</point>
				<point>687.000000,569.000000</point>
				<point>687.000000,576.000000</point>
			</points>
		</object>
	</objects>
</annotation>