<?xml version="1.0" encoding="utf-8"?>
<annotation>
	<source>
		<filename>3117.tif</filename>
		<origin>GF2/GF3</origin>
	</source>
	<research>
		<version>1.0</version>
		<provider>FAIR1M</provider>
		<author>Cyber</author>
		<pluginname>FAIR1M</pluginname>
		<pluginclass>object detection</pluginclass>
		<time>2021-07-21</time>
	</research>
	<size>
		<width>800</width>
		<height>600</height>
		<depth>4</depth>
	</size>
	<objects>
		<object>
			<coordinate>pixel</coordinate>
			<type>rectangle</type>
			<description>None</description>
			<possibleresult>
				<name>A220</name>
			</possibleresult>
			<points>
				<point>23.312737,182.492874</point>
				<point>-31.000000,149.000015</point>
				<point>6.000000,89.000015</point>
				<point>60.312737,122.492874</point>
				<point>23.312737,182.492874</point>
			</points>
		</object>
		<object>
			<coordinate>pixel</coordinate>
			<type>rectangle</type>
			<description>None</description>
			<possibleresult>
				<name>A220</name>
			</possibleresult>
			<points>
				<point>353.000000,81.000000</point>
				<point>314.000000,132.000000</point>
				<point>262.000000,93.000000</point>
				<point>302.000000,42.000000</point>
				<point>353.000000,81.000000</point>
			</points>
		</object>
	</objects>
</annotation>