<?xml version="1.0" encoding="utf-8"?>
<annotation>
	<source>
		<filename>3201.tif</filename>
		<origin>GF2/GF3</origin>
	</source>
	<research>
		<version>1.0</version>
		<provider>FAIR1M</provider>
		<author>Cyber</author>
		<pluginname>FAIR1M</pluginname>
		<pluginclass>object detection</pluginclass>
		<time>2021-07-21</time>
	</research>
	<size>
		<width>800</width>
		<height>600</height>
		<depth>4</depth>
	</size>
	<objects>
		<object>
			<coordinate>pixel</coordinate>
			<type>rectangle</type>
			<description>None</description>
			<possibleresult>
				<name>Small Car</name>
			</possibleresult>
			<points>
				<point>395.000000,347.000000</point>
				<point>373.000000,354.000000</point>
				<point>371.000000,348.000000</point>
				<point>394.000000,341.000000</point>
				<point>395.000000,347.000000</point>
			</points>
		</object>
		<object>
			<coordinate>pixel</coordinate>
			<type>rectangle</type>
			<description>None</description>
			<possibleresult>
				<name>Intersection</name>
			</possibleresult>
			<points>
				<point>95.000000,315.000000</point>
				<point>33.000000,329.000000</point>
				<point>24.000000,288.000000</point>
				<point>86.000000,274.000000</point>
				<point>95.000000,315.000000</point>
			</points>
		</object>
		<object>
			<coordinate>pixel</coordinate>
			<type>rectangle</type>
			<description>None</description>
			<possibleresult>
				<name>Van</name>
			</possibleresult>
			<points>
				<point>29.000000,191.000000</point>
				<point>19.000000,195.000000</point>
				<point>12.000000,179.000000</point>
				<point>21.000000,175.000000</point>
				<point>29.000000,191.000000</point>
			</points>
		</object>
		<object>
			<coordinate>pixel</coordinate>
			<type>rectangle</type>
			<description>None</description>
			<possibleresult>
				<name>Van</name>
			</possibleresult>
			<points>
				<point>41.000000,229.000000</point>
				<point>32.000000,231.000000</point>
				<point>29.000000,214.000000</point>
				<point>38.000000,212.000000</point>
				<point>41.000000,229.000000</point>
			</points>
		</object>
		<object>
			<coordinate>pixel</coordinate>
			<type>rectangle</type>
			<description>None</description>
			<possibleresult>
				<name>Small Car</name>
			</possibleresult>
			<points>
				<point>54.000000,250.000000</point>
				<point>45.000000,253.000000</point>
				<point>39.000000,234.000000</point>
				<point>49.000000,231.000000</point>
				<point>54.000000,250.000000</point>
			</points>
		</object>
		<object>
			<coordinate>pixel</coordinate>
			<type>rectangle</type>
			<description>None</description>
			<possibleresult>
				<name>Van</name>
			</possibleresult>
			<points>
				<point>485.000000,193.000000</point>
				<point>456.000000,200.000000</point>
				<point>454.000000,191.000000</point>
				<point>483.000000,185.000000</point>
				<point>485.000000,193.000000</point>
			</points>
		</object>
		<object>
			<coordinate>pixel</coordinate>
			<type>rectangle</type>
			<description>None</description>
			<possibleresult>
				<name>Intersection</name>
			</possibleresult>
			<points>
				<point>414.000000,240.000000</point>
				<point>353.000000,255.000000</point>
				<point>342.000000,212.000000</point>
				<point>404.000000,197.000000</point>
				<point>414.000000,240.000000</point>
			</points>
		</object>
		<object>
			<coordinate>pixel</coordinate>
			<type>rectangle</type>
			<description>None</description>
			<possibleresult>
				<name>Small Car</name>
			</possibleresult>
			<points>
				<point>61.000000,559.000000</point>
				<point>35.000000,564.000000</point>
				<point>34.000000,557.000000</point>
				<point>60.000000,552.000000</point>
				<point>61.000000,559.000000</point>
			</points>
		</object>
		<object>
			<coordinate>pixel</coordinate>
			<type>rectangle</type>
			<description>None</description>
			<possibleresult>
				<name>Small Car</name>
			</possibleresult>
			<points>
				<point>166.000000,544.000000</point>
				<point>156.000000,547.000000</point>
				<point>152.000000,535.000000</point>
				<point>162.000000,532.000000</point>
				<point>166.000000,544.000000</point>
			</points>
		</object>
		<object>
			<coordinate>pixel</coordinate>
			<type>rectangle</type>
			<description>None</description>
			<possibleresult>
				<name>Van</name>
			</possibleresult>
			<points>
				<point>484.000000,412.000000</point>
				<point>473.000000,417.000000</point>
				<point>465.000000,398.000000</point>
				<point>476.000000,394.000000</point>
				<point>484.000000,412.000000</point>
			</points>
		</object>
		<object>
			<coordinate>pixel</coordinate>
			<type>rectangle</type>
			<description>None</description>
			<possibleresult>
				<name>Small Car</name>
			</possibleresult>
			<points>
				<point>409.000000,300.000000</point>
				<point>400.000000,303.000000</point>
				<point>392.000000,282.000000</point>
				<point>401.000000,279.000000</point>
				<point>409.000000,300.000000</point>
			</points>
		</object>
		<object>
			<coordinate>pixel</coordinate>
			<type>rectangle</type>
			<description>None</description>
			<possibleresult>
				<name>Small Car</name>
			</possibleresult>
			<points>
				<point>416.000000,318.000000</point>
				<point>406.000000,324.000000</point>
				<point>399.000000,310.000000</point>
				<point>409.000000,305.000000</point>
				<point>416.000000,318.000000</point>
			</points>
		</object>
	</objects>
</annotation>