<?xml version="1.0" encoding="utf-8"?>
<annotation>
	<source>
		<filename>3258.tif</filename>
		<origin>GF2/GF3</origin>
	</source>
	<research>
		<version>1.0</version>
		<provider>FAIR1M</provider>
		<author>Cyber</author>
		<pluginname>FAIR1M</pluginname>
		<pluginclass>object detection</pluginclass>
		<time>2021-07-21</time>
	</research>
	<size>
		<width>800</width>
		<height>600</height>
		<depth>4</depth>
	</size>
	<objects>
		<object>
			<coordinate>pixel</coordinate>
			<type>rectangle</type>
			<description>None</description>
			<possibleresult>
				<name>Baseball Field</name>
			</possibleresult>
			<points>
				<point>450.000000,164.000000</point>
				<point>318.000000,211.000000</point>
				<point>280.000000,106.000000</point>
				<point>412.000000,58.000000</point>
				<point>450.000000,164.000000</point>
			</points>
		</object>
		<object>
			<coordinate>pixel</coordinate>
			<type>rectangle</type>
			<description>None</description>
			<possibleresult>
				<name>Tennis Court</name>
			</possibleresult>
			<points>
				<point>759.000000,109.000000</point>
				<point>713.000000,118.000000</point>
				<point>684.000000,43.000000</point>
				<point>731.000000,33.000000</point>
				<point>759.000000,109.000000</point>
			</points>
		</object>
		<object>
			<coordinate>pixel</coordinate>
			<type>rectangle</type>
			<description>None</description>
			<possibleresult>
				<name>Tennis Court</name>
			</possibleresult>
			<points>
				<point>781.981384,113.519463</point>
				<point>752.000061,29.999954</point>
				<point>798.018738,13.480453</point>
				<point>828.000061,96.999962</point>
				<point>781.981384,113.519463</point>
			</points>
		</object>
		<object>
			<coordinate>pixel</coordinate>
			<type>rectangle</type>
			<description>None</description>
			<possibleresult>
				<name>Tennis Court</name>
			</possibleresult>
			<points>
				<point>695.000000,123.000000</point>
				<point>648.000000,132.000000</point>
				<point>619.000000,56.000000</point>
				<point>667.000000,45.000000</point>
				<point>695.000000,123.000000</point>
			</points>
		</object>
		<object>
			<coordinate>pixel</coordinate>
			<type>rectangle</type>
			<description>None</description>
			<possibleresult>
				<name>Intersection</name>
			</possibleresult>
			<points>
				<point>648.000000,264.000000</point>
				<point>586.000000,294.000000</point>
				<point>579.000000,280.000000</point>
				<point>641.000000,250.000000</point>
				<point>648.000000,264.000000</point>
			</points>
		</object>
	</objects>
</annotation>