<?xml version="1.0" encoding="utf-8"?>
<annotation>
	<source>
		<filename>3260.tif</filename>
		<origin>GF2/GF3</origin>
	</source>
	<research>
		<version>1.0</version>
		<provider>FAIR1M</provider>
		<author>Cyber</author>
		<pluginname>FAIR1M</pluginname>
		<pluginclass>object detection</pluginclass>
		<time>2021-07-21</time>
	</research>
	<size>
		<width>600</width>
		<height>800</height>
		<depth>3</depth>
	</size>
	<objects>
		<object>
			<coordinate>pixel</coordinate>
			<type>rectangle</type>
			<description>None</description>
			<possibleresult>
				<name>other-airplane</name>
			</possibleresult>
			<points>
				<point>521.000000,97.000000</point>
				<point>461.000000,102.000000</point>
				<point>457.000000,52.000000</point>
				<point>517.000000,47.000000</point>
				<point>521.000000,97.000000</point>
			</points>
		</object>
		<object>
			<coordinate>pixel</coordinate>
			<type>rectangle</type>
			<description>None</description>
			<possibleresult>
				<name>other-airplane</name>
			</possibleresult>
			<points>
				<point>525.000000,170.000000</point>
				<point>467.000000,175.000000</point>
				<point>463.000000,125.000000</point>
				<point>523.000000,120.000000</point>
				<point>525.000000,170.000000</point>
			</points>
		</object>
		<object>
			<coordinate>pixel</coordinate>
			<type>rectangle</type>
			<description>None</description>
			<possibleresult>
				<name>other-airplane</name>
			</possibleresult>
			<points>
				<point>550.000000,322.000000</point>
				<point>476.000000,329.000000</point>
				<point>472.000000,265.000000</point>
				<point>544.000000,259.000000</point>
				<point>550.000000,322.000000</point>
			</points>
		</object>
		<object>
			<coordinate>pixel</coordinate>
			<type>rectangle</type>
			<description>None</description>
			<possibleresult>
				<name>other-airplane</name>
			</possibleresult>
			<points>
				<point>525.000000,390.000000</point>
				<point>465.000000,395.000000</point>
				<point>461.000000,347.000000</point>
				<point>522.000000,343.000000</point>
				<point>525.000000,390.000000</point>
			</points>
		</object>
	</objects>
</annotation>