<?xml version="1.0" encoding="utf-8"?>
<annotation>
	<source>
		<filename>3285.tif</filename>
		<origin>GF2/GF3</origin>
	</source>
	<research>
		<version>1.0</version>
		<provider>FAIR1M</provider>
		<author>Cyber</author>
		<pluginname>FAIR1M</pluginname>
		<pluginclass>object detection</pluginclass>
		<time>2021-07-21</time>
	</research>
	<size>
		<width>800</width>
		<height>600</height>
		<depth>4</depth>
	</size>
	<objects>
		<object>
			<coordinate>pixel</coordinate>
			<type>rectangle</type>
			<description>None</description>
			<possibleresult>
				<name>Van</name>
			</possibleresult>
			<points>
				<point>21.000000,283.000000</point>
				<point>12.000000,283.000000</point>
				<point>12.000000,269.000000</point>
				<point>20.000000,269.000000</point>
				<point>21.000000,283.000000</point>
			</points>
		</object>
		<object>
			<coordinate>pixel</coordinate>
			<type>rectangle</type>
			<description>None</description>
			<possibleresult>
				<name>Van</name>
			</possibleresult>
			<points>
				<point>45.000000,236.000000</point>
				<point>34.000000,237.000000</point>
				<point>34.000000,219.000000</point>
				<point>44.000000,219.000000</point>
				<point>45.000000,236.000000</point>
			</points>
		</object>
		<object>
			<coordinate>pixel</coordinate>
			<type>rectangle</type>
			<description>None</description>
			<possibleresult>
				<name>Van</name>
			</possibleresult>
			<points>
				<point>45.000000,198.000000</point>
				<point>44.000000,212.000000</point>
				<point>36.000000,212.000000</point>
				<point>36.000000,197.000000</point>
				<point>45.000000,198.000000</point>
			</points>
		</object>
		<object>
			<coordinate>pixel</coordinate>
			<type>rectangle</type>
			<description>None</description>
			<possibleresult>
				<name>Van</name>
			</possibleresult>
			<points>
				<point>45.000000,190.000000</point>
				<point>35.000000,191.000000</point>
				<point>33.000000,176.000000</point>
				<point>43.000000,175.000000</point>
				<point>45.000000,190.000000</point>
			</points>
		</object>
		<object>
			<coordinate>pixel</coordinate>
			<type>rectangle</type>
			<description>None</description>
			<possibleresult>
				<name>Small Car</name>
			</possibleresult>
			<points>
				<point>324.000000,191.000000</point>
				<point>323.000000,207.000000</point>
				<point>313.000000,207.000000</point>
				<point>314.000000,190.000000</point>
				<point>324.000000,191.000000</point>
			</points>
		</object>
		<object>
			<coordinate>pixel</coordinate>
			<type>rectangle</type>
			<description>None</description>
			<possibleresult>
				<name>Van</name>
			</possibleresult>
			<points>
				<point>85.000000,107.000000</point>
				<point>77.000000,114.000000</point>
				<point>61.000000,96.000000</point>
				<point>69.000000,89.000000</point>
				<point>85.000000,107.000000</point>
			</points>
		</object>
		<object>
			<coordinate>pixel</coordinate>
			<type>rectangle</type>
			<description>None</description>
			<possibleresult>
				<name>Van</name>
			</possibleresult>
			<points>
				<point>100.000000,108.000000</point>
				<point>93.000000,114.000000</point>
				<point>79.000000,98.000000</point>
				<point>86.000000,92.000000</point>
				<point>100.000000,108.000000</point>
			</points>
		</object>
		<object>
			<coordinate>pixel</coordinate>
			<type>rectangle</type>
			<description>None</description>
			<possibleresult>
				<name>Dump Truck</name>
			</possibleresult>
			<points>
				<point>125.000000,103.000000</point>
				<point>117.000000,110.000000</point>
				<point>102.000000,92.000000</point>
				<point>111.000000,85.000000</point>
				<point>125.000000,103.000000</point>
			</points>
		</object>
		<object>
			<coordinate>pixel</coordinate>
			<type>rectangle</type>
			<description>None</description>
			<possibleresult>
				<name>Van</name>
			</possibleresult>
			<points>
				<point>181.000000,103.000000</point>
				<point>173.000000,111.000000</point>
				<point>157.000000,94.000000</point>
				<point>164.000000,86.000000</point>
				<point>181.000000,103.000000</point>
			</points>
		</object>
		<object>
			<coordinate>pixel</coordinate>
			<type>rectangle</type>
			<description>None</description>
			<possibleresult>
				<name>Small Car</name>
			</possibleresult>
			<points>
				<point>196.000000,105.000000</point>
				<point>190.000000,111.000000</point>
				<point>178.000000,96.000000</point>
				<point>184.000000,91.000000</point>
				<point>196.000000,105.000000</point>
			</points>
		</object>
		<object>
			<coordinate>pixel</coordinate>
			<type>rectangle</type>
			<description>None</description>
			<possibleresult>
				<name>Van</name>
			</possibleresult>
			<points>
				<point>210.000000,105.000000</point>
				<point>204.000000,110.000000</point>
				<point>192.000000,95.000000</point>
				<point>198.000000,90.000000</point>
				<point>210.000000,105.000000</point>
			</points>
		</object>
		<object>
			<coordinate>pixel</coordinate>
			<type>rectangle</type>
			<description>None</description>
			<possibleresult>
				<name>Small Car</name>
			</possibleresult>
			<points>
				<point>223.000000,104.000000</point>
				<point>216.000000,110.000000</point>
				<point>204.000000,95.000000</point>
				<point>212.000000,90.000000</point>
				<point>223.000000,104.000000</point>
			</points>
		</object>
		<object>
			<coordinate>pixel</coordinate>
			<type>rectangle</type>
			<description>None</description>
			<possibleresult>
				<name>Van</name>
			</possibleresult>
			<points>
				<point>236.000000,103.000000</point>
				<point>229.000000,108.000000</point>
				<point>217.000000,93.000000</point>
				<point>224.000000,88.000000</point>
				<point>236.000000,103.000000</point>
			</points>
		</object>
		<object>
			<coordinate>pixel</coordinate>
			<type>rectangle</type>
			<description>None</description>
			<possibleresult>
				<name>Small Car</name>
			</possibleresult>
			<points>
				<point>248.000000,101.000000</point>
				<point>241.000000,106.000000</point>
				<point>230.000000,92.000000</point>
				<point>237.000000,87.000000</point>
				<point>248.000000,101.000000</point>
			</points>
		</object>
		<object>
			<coordinate>pixel</coordinate>
			<type>rectangle</type>
			<description>None</description>
			<possibleresult>
				<name>Van</name>
			</possibleresult>
			<points>
				<point>264.000000,102.000000</point>
				<point>257.000000,107.000000</point>
				<point>247.000000,95.000000</point>
				<point>254.000000,89.000000</point>
				<point>264.000000,102.000000</point>
			</points>
		</object>
		<object>
			<coordinate>pixel</coordinate>
			<type>rectangle</type>
			<description>None</description>
			<possibleresult>
				<name>Small Car</name>
			</possibleresult>
			<points>
				<point>301.000000,103.000000</point>
				<point>292.000000,110.000000</point>
				<point>282.000000,96.000000</point>
				<point>292.000000,89.000000</point>
				<point>301.000000,103.000000</point>
			</points>
		</object>
		<object>
			<coordinate>pixel</coordinate>
			<type>rectangle</type>
			<description>None</description>
			<possibleresult>
				<name>Small Car</name>
			</possibleresult>
			<points>
				<point>292.000000,39.000000</point>
				<point>281.000000,51.000000</point>
				<point>275.000000,45.000000</point>
				<point>286.000000,33.000000</point>
				<point>292.000000,39.000000</point>
			</points>
		</object>
		<object>
			<coordinate>pixel</coordinate>
			<type>rectangle</type>
			<description>None</description>
			<possibleresult>
				<name>Dump Truck</name>
			</possibleresult>
			<points>
				<point>294.000000,52.000000</point>
				<point>279.000000,70.000000</point>
				<point>272.000000,63.000000</point>
				<point>287.000000,46.000000</point>
				<point>294.000000,52.000000</point>
			</points>
		</object>
		<object>
			<coordinate>pixel</coordinate>
			<type>rectangle</type>
			<description>None</description>
			<possibleresult>
				<name>Dump Truck</name>
			</possibleresult>
			<points>
				<point>278.000000,53.000000</point>
				<point>266.000000,68.000000</point>
				<point>260.000000,64.000000</point>
				<point>272.000000,48.000000</point>
				<point>278.000000,53.000000</point>
			</points>
		</object>
		<object>
			<coordinate>pixel</coordinate>
			<type>rectangle</type>
			<description>None</description>
			<possibleresult>
				<name>Small Car</name>
			</possibleresult>
			<points>
				<point>264.000000,54.000000</point>
				<point>253.000000,67.000000</point>
				<point>246.000000,62.000000</point>
				<point>257.000000,49.000000</point>
				<point>264.000000,54.000000</point>
			</points>
		</object>
		<object>
			<coordinate>pixel</coordinate>
			<type>rectangle</type>
			<description>None</description>
			<possibleresult>
				<name>Small Car</name>
			</possibleresult>
			<points>
				<point>279.000000,35.000000</point>
				<point>265.000000,52.000000</point>
				<point>259.000000,46.000000</point>
				<point>272.000000,30.000000</point>
				<point>279.000000,35.000000</point>
			</points>
		</object>
		<object>
			<coordinate>pixel</coordinate>
			<type>rectangle</type>
			<description>None</description>
			<possibleresult>
				<name>Small Car</name>
			</possibleresult>
			<points>
				<point>263.000000,39.000000</point>
				<point>252.000000,52.000000</point>
				<point>245.000000,47.000000</point>
				<point>256.000000,33.000000</point>
				<point>263.000000,39.000000</point>
			</points>
		</object>
		<object>
			<coordinate>pixel</coordinate>
			<type>rectangle</type>
			<description>None</description>
			<possibleresult>
				<name>Van</name>
			</possibleresult>
			<points>
				<point>250.000000,56.000000</point>
				<point>237.000000,70.000000</point>
				<point>231.000000,65.000000</point>
				<point>244.000000,50.000000</point>
				<point>250.000000,56.000000</point>
			</points>
		</object>
		<object>
			<coordinate>pixel</coordinate>
			<type>rectangle</type>
			<description>None</description>
			<possibleresult>
				<name>Small Car</name>
			</possibleresult>
			<points>
				<point>236.000000,57.000000</point>
				<point>223.000000,70.000000</point>
				<point>217.000000,64.000000</point>
				<point>230.000000,51.000000</point>
				<point>236.000000,57.000000</point>
			</points>
		</object>
		<object>
			<coordinate>pixel</coordinate>
			<type>rectangle</type>
			<description>None</description>
			<possibleresult>
				<name>Small Car</name>
			</possibleresult>
			<points>
				<point>221.000000,55.000000</point>
				<point>212.000000,70.000000</point>
				<point>204.000000,65.000000</point>
				<point>213.000000,50.000000</point>
				<point>221.000000,55.000000</point>
			</points>
		</object>
		<object>
			<coordinate>pixel</coordinate>
			<type>rectangle</type>
			<description>None</description>
			<possibleresult>
				<name>Small Car</name>
			</possibleresult>
			<points>
				<point>208.000000,54.000000</point>
				<point>196.000000,67.000000</point>
				<point>191.000000,61.000000</point>
				<point>202.000000,49.000000</point>
				<point>208.000000,54.000000</point>
			</points>
		</object>
		<object>
			<coordinate>pixel</coordinate>
			<type>rectangle</type>
			<description>None</description>
			<possibleresult>
				<name>Small Car</name>
			</possibleresult>
			<points>
				<point>196.000000,52.000000</point>
				<point>182.000000,68.000000</point>
				<point>176.000000,62.000000</point>
				<point>189.000000,47.000000</point>
				<point>196.000000,52.000000</point>
			</points>
		</object>
		<object>
			<coordinate>pixel</coordinate>
			<type>rectangle</type>
			<description>None</description>
			<possibleresult>
				<name>Small Car</name>
			</possibleresult>
			<points>
				<point>180.000000,55.000000</point>
				<point>168.000000,68.000000</point>
				<point>162.000000,62.000000</point>
				<point>173.000000,49.000000</point>
				<point>180.000000,55.000000</point>
			</points>
		</object>
		<object>
			<coordinate>pixel</coordinate>
			<type>rectangle</type>
			<description>None</description>
			<possibleresult>
				<name>Van</name>
			</possibleresult>
			<points>
				<point>247.000000,41.000000</point>
				<point>237.000000,55.000000</point>
				<point>230.000000,49.000000</point>
				<point>240.000000,36.000000</point>
				<point>247.000000,41.000000</point>
			</points>
		</object>
		<object>
			<coordinate>pixel</coordinate>
			<type>rectangle</type>
			<description>None</description>
			<possibleresult>
				<name>Van</name>
			</possibleresult>
			<points>
				<point>235.000000,39.000000</point>
				<point>226.000000,52.000000</point>
				<point>219.000000,47.000000</point>
				<point>229.000000,34.000000</point>
				<point>235.000000,39.000000</point>
			</points>
		</object>
		<object>
			<coordinate>pixel</coordinate>
			<type>rectangle</type>
			<description>None</description>
			<possibleresult>
				<name>Van</name>
			</possibleresult>
			<points>
				<point>223.000000,39.000000</point>
				<point>211.000000,51.000000</point>
				<point>205.000000,45.000000</point>
				<point>216.000000,33.000000</point>
				<point>223.000000,39.000000</point>
			</points>
		</object>
		<object>
			<coordinate>pixel</coordinate>
			<type>rectangle</type>
			<description>None</description>
			<possibleresult>
				<name>Van</name>
			</possibleresult>
			<points>
				<point>206.000000,40.000000</point>
				<point>196.000000,50.000000</point>
				<point>190.000000,45.000000</point>
				<point>200.000000,34.000000</point>
				<point>206.000000,40.000000</point>
			</points>
		</object>
		<object>
			<coordinate>pixel</coordinate>
			<type>rectangle</type>
			<description>None</description>
			<possibleresult>
				<name>Small Car</name>
			</possibleresult>
			<points>
				<point>192.000000,39.000000</point>
				<point>182.000000,51.000000</point>
				<point>175.000000,46.000000</point>
				<point>186.000000,33.000000</point>
				<point>192.000000,39.000000</point>
			</points>
		</object>
		<object>
			<coordinate>pixel</coordinate>
			<type>rectangle</type>
			<description>None</description>
			<possibleresult>
				<name>Small Car</name>
			</possibleresult>
			<points>
				<point>178.000000,40.000000</point>
				<point>166.000000,53.000000</point>
				<point>160.000000,47.000000</point>
				<point>172.000000,34.000000</point>
				<point>178.000000,40.000000</point>
			</points>
		</object>
		<object>
			<coordinate>pixel</coordinate>
			<type>rectangle</type>
			<description>None</description>
			<possibleresult>
				<name>Small Car</name>
			</possibleresult>
			<points>
				<point>151.000000,55.000000</point>
				<point>139.000000,68.000000</point>
				<point>132.000000,62.000000</point>
				<point>145.000000,49.000000</point>
				<point>151.000000,55.000000</point>
			</points>
		</object>
		<object>
			<coordinate>pixel</coordinate>
			<type>rectangle</type>
			<description>None</description>
			<possibleresult>
				<name>Small Car</name>
			</possibleresult>
			<points>
				<point>137.000000,55.000000</point>
				<point>126.000000,69.000000</point>
				<point>119.000000,63.000000</point>
				<point>130.000000,49.000000</point>
				<point>137.000000,55.000000</point>
			</points>
		</object>
		<object>
			<coordinate>pixel</coordinate>
			<type>rectangle</type>
			<description>None</description>
			<possibleresult>
				<name>Small Car</name>
			</possibleresult>
			<points>
				<point>164.000000,40.000000</point>
				<point>151.000000,53.000000</point>
				<point>145.000000,47.000000</point>
				<point>157.000000,34.000000</point>
				<point>164.000000,40.000000</point>
			</points>
		</object>
		<object>
			<coordinate>pixel</coordinate>
			<type>rectangle</type>
			<description>None</description>
			<possibleresult>
				<name>Van</name>
			</possibleresult>
			<points>
				<point>151.000000,38.000000</point>
				<point>141.000000,52.000000</point>
				<point>134.000000,46.000000</point>
				<point>143.000000,33.000000</point>
				<point>151.000000,38.000000</point>
			</points>
		</object>
		<object>
			<coordinate>pixel</coordinate>
			<type>rectangle</type>
			<description>None</description>
			<possibleresult>
				<name>Small Car</name>
			</possibleresult>
			<points>
				<point>124.000000,55.000000</point>
				<point>110.000000,70.000000</point>
				<point>104.000000,64.000000</point>
				<point>118.000000,49.000000</point>
				<point>124.000000,55.000000</point>
			</points>
		</object>
		<object>
			<coordinate>pixel</coordinate>
			<type>rectangle</type>
			<description>None</description>
			<possibleresult>
				<name>Van</name>
			</possibleresult>
			<points>
				<point>135.000000,39.000000</point>
				<point>127.000000,51.000000</point>
				<point>120.000000,46.000000</point>
				<point>128.000000,34.000000</point>
				<point>135.000000,39.000000</point>
			</points>
		</object>
		<object>
			<coordinate>pixel</coordinate>
			<type>rectangle</type>
			<description>None</description>
			<possibleresult>
				<name>Van</name>
			</possibleresult>
			<points>
				<point>109.000000,56.000000</point>
				<point>98.000000,71.000000</point>
				<point>89.000000,64.000000</point>
				<point>100.000000,50.000000</point>
				<point>109.000000,56.000000</point>
			</points>
		</object>
		<object>
			<coordinate>pixel</coordinate>
			<type>rectangle</type>
			<description>None</description>
			<possibleresult>
				<name>Small Car</name>
			</possibleresult>
			<points>
				<point>121.000000,39.000000</point>
				<point>110.000000,54.000000</point>
				<point>103.000000,50.000000</point>
				<point>115.000000,34.000000</point>
				<point>121.000000,39.000000</point>
			</points>
		</object>
		<object>
			<coordinate>pixel</coordinate>
			<type>rectangle</type>
			<description>None</description>
			<possibleresult>
				<name>Small Car</name>
			</possibleresult>
			<points>
				<point>108.000000,40.000000</point>
				<point>96.000000,53.000000</point>
				<point>90.000000,47.000000</point>
				<point>102.000000,34.000000</point>
				<point>108.000000,40.000000</point>
			</points>
		</object>
		<object>
			<coordinate>pixel</coordinate>
			<type>rectangle</type>
			<description>None</description>
			<possibleresult>
				<name>Van</name>
			</possibleresult>
			<points>
				<point>95.000000,54.000000</point>
				<point>84.000000,66.000000</point>
				<point>78.000000,61.000000</point>
				<point>89.000000,49.000000</point>
				<point>95.000000,54.000000</point>
			</points>
		</object>
		<object>
			<coordinate>pixel</coordinate>
			<type>rectangle</type>
			<description>None</description>
			<possibleresult>
				<name>Small Car</name>
			</possibleresult>
			<points>
				<point>78.000000,55.000000</point>
				<point>67.000000,68.000000</point>
				<point>61.000000,63.000000</point>
				<point>72.000000,50.000000</point>
				<point>78.000000,55.000000</point>
			</points>
		</object>
		<object>
			<coordinate>pixel</coordinate>
			<type>rectangle</type>
			<description>None</description>
			<possibleresult>
				<name>Small Car</name>
			</possibleresult>
			<points>
				<point>95.000000,39.000000</point>
				<point>84.000000,53.000000</point>
				<point>77.000000,47.000000</point>
				<point>88.000000,34.000000</point>
				<point>95.000000,39.000000</point>
			</points>
		</object>
		<object>
			<coordinate>pixel</coordinate>
			<type>rectangle</type>
			<description>None</description>
			<possibleresult>
				<name>Van</name>
			</possibleresult>
			<points>
				<point>80.000000,41.000000</point>
				<point>69.000000,53.000000</point>
				<point>62.000000,46.000000</point>
				<point>73.000000,34.000000</point>
				<point>80.000000,41.000000</point>
			</points>
		</object>
		<object>
			<coordinate>pixel</coordinate>
			<type>rectangle</type>
			<description>None</description>
			<possibleresult>
				<name>Van</name>
			</possibleresult>
			<points>
				<point>122.000000,9.000000</point>
				<point>116.000000,15.000000</point>
				<point>103.000000,0.000000</point>
				<point>114.000000,0.000000</point>
				<point>122.000000,9.000000</point>
			</points>
		</object>
		<object>
			<coordinate>pixel</coordinate>
			<type>rectangle</type>
			<description>None</description>
			<possibleresult>
				<name>Van</name>
			</possibleresult>
			<points>
				<point>540.000000,574.000000</point>
				<point>521.000000,575.000000</point>
				<point>521.000000,567.000000</point>
				<point>540.000000,566.000000</point>
				<point>540.000000,574.000000</point>
			</points>
		</object>
		<object>
			<coordinate>pixel</coordinate>
			<type>rectangle</type>
			<description>None</description>
			<possibleresult>
				<name>Van</name>
			</possibleresult>
			<points>
				<point>575.000000,557.000000</point>
				<point>556.000000,557.000000</point>
				<point>556.000000,549.000000</point>
				<point>575.000000,549.000000</point>
				<point>575.000000,557.000000</point>
			</points>
		</object>
		<object>
			<coordinate>pixel</coordinate>
			<type>rectangle</type>
			<description>None</description>
			<possibleresult>
				<name>Small Car</name>
			</possibleresult>
			<points>
				<point>630.000000,420.000000</point>
				<point>619.000000,420.000000</point>
				<point>619.000000,399.000000</point>
				<point>630.000000,399.000000</point>
				<point>630.000000,420.000000</point>
			</points>
		</object>
		<object>
			<coordinate>pixel</coordinate>
			<type>rectangle</type>
			<description>None</description>
			<possibleresult>
				<name>Small Car</name>
			</possibleresult>
			<points>
				<point>485.000000,413.000000</point>
				<point>466.000000,413.000000</point>
				<point>466.000000,406.000000</point>
				<point>485.000000,405.000000</point>
				<point>485.000000,413.000000</point>
			</points>
		</object>
		<object>
			<coordinate>pixel</coordinate>
			<type>rectangle</type>
			<description>None</description>
			<possibleresult>
				<name>Small Car</name>
			</possibleresult>
			<points>
				<point>487.000000,404.000000</point>
				<point>466.000000,405.000000</point>
				<point>465.000000,398.000000</point>
				<point>487.000000,396.000000</point>
				<point>487.000000,404.000000</point>
			</points>
		</object>
		<object>
			<coordinate>pixel</coordinate>
			<type>rectangle</type>
			<description>None</description>
			<possibleresult>
				<name>Dump Truck</name>
			</possibleresult>
			<points>
				<point>488.000000,384.000000</point>
				<point>460.000000,387.000000</point>
				<point>459.000000,378.000000</point>
				<point>487.000000,375.000000</point>
				<point>488.000000,384.000000</point>
			</points>
		</object>
		<object>
			<coordinate>pixel</coordinate>
			<type>rectangle</type>
			<description>None</description>
			<possibleresult>
				<name>Van</name>
			</possibleresult>
			<points>
				<point>504.000000,253.000000</point>
				<point>485.000000,253.000000</point>
				<point>485.000000,246.000000</point>
				<point>504.000000,246.000000</point>
				<point>504.000000,253.000000</point>
			</points>
		</object>
		<object>
			<coordinate>pixel</coordinate>
			<type>rectangle</type>
			<description>None</description>
			<possibleresult>
				<name>Van</name>
			</possibleresult>
			<points>
				<point>735.000000,181.000000</point>
				<point>712.000000,181.000000</point>
				<point>712.000000,173.000000</point>
				<point>734.000000,172.000000</point>
				<point>735.000000,181.000000</point>
			</points>
		</object>
		<object>
			<coordinate>pixel</coordinate>
			<type>rectangle</type>
			<description>None</description>
			<possibleresult>
				<name>Small Car</name>
			</possibleresult>
			<points>
				<point>513.000000,64.000000</point>
				<point>492.000000,65.000000</point>
				<point>492.000000,56.000000</point>
				<point>512.000000,56.000000</point>
				<point>513.000000,64.000000</point>
			</points>
		</object>
		<object>
			<coordinate>pixel</coordinate>
			<type>rectangle</type>
			<description>None</description>
			<possibleresult>
				<name>Van</name>
			</possibleresult>
			<points>
				<point>488.000000,65.000000</point>
				<point>466.000000,66.000000</point>
				<point>466.000000,57.000000</point>
				<point>488.000000,57.000000</point>
				<point>488.000000,65.000000</point>
			</points>
		</object>
	</objects>
</annotation>