<?xml version="1.0" encoding="utf-8"?>
<annotation>
	<source>
		<filename>3382.tif</filename>
		<origin>GF2/GF3</origin>
	</source>
	<research>
		<version>1.0</version>
		<provider>FAIR1M</provider>
		<author>Cyber</author>
		<pluginname>FAIR1M</pluginname>
		<pluginclass>object detection</pluginclass>
		<time>2021-07-21</time>
	</research>
	<size>
		<width>800</width>
		<height>600</height>
		<depth>4</depth>
	</size>
	<objects>
		<object>
			<coordinate>pixel</coordinate>
			<type>rectangle</type>
			<description>None</description>
			<possibleresult>
				<name>Dump Truck</name>
			</possibleresult>
			<points>
				<point>246.000000,506.000000</point>
				<point>237.000000,506.000000</point>
				<point>237.000000,488.000000</point>
				<point>246.000000,488.000000</point>
				<point>246.000000,506.000000</point>
			</points>
		</object>
		<object>
			<coordinate>pixel</coordinate>
			<type>rectangle</type>
			<description>None</description>
			<possibleresult>
				<name>Dump Truck</name>
			</possibleresult>
			<points>
				<point>308.000000,173.000000</point>
				<point>296.000000,173.000000</point>
				<point>296.000000,144.000000</point>
				<point>308.000000,144.000000</point>
				<point>308.000000,173.000000</point>
			</points>
		</object>
	</objects>
</annotation>