<?xml version="1.0" encoding="utf-8"?>
<annotation>
	<source>
		<filename>3410.tif</filename>
		<origin>GF2/GF3</origin>
	</source>
	<research>
		<version>1.0</version>
		<provider>FAIR1M</provider>
		<author>Cyber</author>
		<pluginname>FAIR1M</pluginname>
		<pluginclass>object detection</pluginclass>
		<time>2021-07-21</time>
	</research>
	<size>
		<width>800</width>
		<height>600</height>
		<depth>3</depth>
	</size>
	<objects>
		<object>
			<coordinate>pixel</coordinate>
			<type>rectangle</type>
			<description>None</description>
			<possibleresult>
				<name>Liquid Cargo Ship</name>
			</possibleresult>
			<points>
				<point>338.000000,359.000000</point>
				<point>328.000000,375.000000</point>
				<point>239.000000,319.000000</point>
				<point>248.000000,303.000000</point>
				<point>338.000000,359.000000</point>
			</points>
		</object>
		<object>
			<coordinate>pixel</coordinate>
			<type>rectangle</type>
			<description>None</description>
			<possibleresult>
				<name>Liquid Cargo Ship</name>
			</possibleresult>
			<points>
				<point>85.999969,603.000061</point>
				<point>-10.778002,551.154724</point>
				<point>-0.000015,531.035828</point>
				<point>96.777954,582.881165</point>
				<point>85.999969,603.000061</point>
			</points>
		</object>
	</objects>
</annotation>