<?xml version="1.0" encoding="utf-8"?>
<annotation>
	<source>
		<filename>3473.tif</filename>
		<origin>GF2/GF3</origin>
	</source>
	<research>
		<version>1.0</version>
		<provider>FAIR1M</provider>
		<author>Cyber</author>
		<pluginname>FAIR1M</pluginname>
		<pluginclass>object detection</pluginclass>
		<time>2021-07-21</time>
	</research>
	<size>
		<width>1000</width>
		<height>1000</height>
		<depth>3</depth>
	</size>
	<objects>
		<object>
			<coordinate>pixel</coordinate>
			<type>rectangle</type>
			<description>None</description>
			<possibleresult>
				<name>Boeing747</name>
			</possibleresult>
			<points>
				<point>449.000000,988.000000</point>
				<point>394.000000,913.000000</point>
				<point>324.000000,965.000000</point>
				<point>379.000000,1039.000000</point>
				<point>449.000000,988.000000</point>
			</points>
		</object>
		<object>
			<coordinate>pixel</coordinate>
			<type>rectangle</type>
			<description>None</description>
			<possibleresult>
				<name>A220</name>
			</possibleresult>
			<points>
				<point>509.000000,961.000000</point>
				<point>484.000000,922.000000</point>
				<point>452.000000,943.000000</point>
				<point>478.000000,982.000000</point>
				<point>509.000000,961.000000</point>
			</points>
		</object>
		<object>
			<coordinate>pixel</coordinate>
			<type>rectangle</type>
			<description>None</description>
			<possibleresult>
				<name>Boeing747</name>
			</possibleresult>
			<points>
				<point>710.000000,845.000000</point>
				<point>655.000000,769.000000</point>
				<point>584.000000,820.000000</point>
				<point>639.000000,896.000000</point>
				<point>710.000000,845.000000</point>
			</points>
		</object>
		<object>
			<coordinate>pixel</coordinate>
			<type>rectangle</type>
			<description>None</description>
			<possibleresult>
				<name>Boeing747</name>
			</possibleresult>
			<points>
				<point>531.000000,834.000000</point>
				<point>608.000000,782.000000</point>
				<point>560.000000,711.000000</point>
				<point>483.000000,763.000000</point>
				<point>531.000000,834.000000</point>
			</points>
		</object>
		<object>
			<coordinate>pixel</coordinate>
			<type>rectangle</type>
			<description>None</description>
			<possibleresult>
				<name>Boeing787</name>
			</possibleresult>
			<points>
				<point>852.000000,747.000000</point>
				<point>810.000000,681.000000</point>
				<point>741.000000,725.000000</point>
				<point>783.000000,791.000000</point>
				<point>852.000000,747.000000</point>
			</points>
		</object>
		<object>
			<coordinate>pixel</coordinate>
			<type>rectangle</type>
			<description>None</description>
			<possibleresult>
				<name>Boeing787</name>
			</possibleresult>
			<points>
				<point>1020.000000,634.000000</point>
				<point>979.000000,569.000000</point>
				<point>911.000000,612.000000</point>
				<point>952.000000,677.000000</point>
				<point>1020.000000,634.000000</point>
			</points>
		</object>
		<object>
			<coordinate>pixel</coordinate>
			<type>rectangle</type>
			<description>None</description>
			<possibleresult>
				<name>Boeing747</name>
			</possibleresult>
			<points>
				<point>882.000000,247.000000</point>
				<point>928.000000,317.000000</point>
				<point>995.000000,273.000000</point>
				<point>949.000000,203.000000</point>
				<point>882.000000,247.000000</point>
			</points>
		</object>
		<object>
			<coordinate>pixel</coordinate>
			<type>rectangle</type>
			<description>None</description>
			<possibleresult>
				<name>Boeing787</name>
			</possibleresult>
			<points>
				<point>743.000000,346.000000</point>
				<point>779.000000,401.000000</point>
				<point>832.000000,367.000000</point>
				<point>795.000000,311.000000</point>
				<point>743.000000,346.000000</point>
			</points>
		</object>
		<object>
			<coordinate>pixel</coordinate>
			<type>rectangle</type>
			<description>None</description>
			<possibleresult>
				<name>Boeing787</name>
			</possibleresult>
			<points>
				<point>664.000000,393.000000</point>
				<point>706.000000,453.000000</point>
				<point>759.000000,417.000000</point>
				<point>717.000000,356.000000</point>
				<point>664.000000,393.000000</point>
			</points>
		</object>
		<object>
			<coordinate>pixel</coordinate>
			<type>rectangle</type>
			<description>None</description>
			<possibleresult>
				<name>Boeing747</name>
			</possibleresult>
			<points>
				<point>561.000000,459.000000</point>
				<point>609.000000,531.000000</point>
				<point>677.000000,486.000000</point>
				<point>629.000000,414.000000</point>
				<point>561.000000,459.000000</point>
			</points>
		</object>
		<object>
			<coordinate>pixel</coordinate>
			<type>rectangle</type>
			<description>None</description>
			<possibleresult>
				<name>Boeing787</name>
			</possibleresult>
			<points>
				<point>491.000000,513.000000</point>
				<point>531.000000,578.000000</point>
				<point>600.000000,535.000000</point>
				<point>559.000000,470.000000</point>
				<point>491.000000,513.000000</point>
			</points>
		</object>
		<object>
			<coordinate>pixel</coordinate>
			<type>rectangle</type>
			<description>None</description>
			<possibleresult>
				<name>Boeing787</name>
			</possibleresult>
			<points>
				<point>425.000000,560.000000</point>
				<point>465.000000,615.000000</point>
				<point>513.000000,581.000000</point>
				<point>473.000000,526.000000</point>
				<point>425.000000,560.000000</point>
			</points>
		</object>
		<object>
			<coordinate>pixel</coordinate>
			<type>rectangle</type>
			<description>None</description>
			<possibleresult>
				<name>Boeing787</name>
			</possibleresult>
			<points>
				<point>322.000000,626.000000</point>
				<point>366.000000,691.000000</point>
				<point>431.000000,646.000000</point>
				<point>387.000000,581.000000</point>
				<point>322.000000,626.000000</point>
			</points>
		</object>
		<object>
			<coordinate>pixel</coordinate>
			<type>rectangle</type>
			<description>None</description>
			<possibleresult>
				<name>Boeing747</name>
			</possibleresult>
			<points>
				<point>169.000000,725.000000</point>
				<point>219.000000,795.000000</point>
				<point>285.000000,749.000000</point>
				<point>236.000000,678.000000</point>
				<point>169.000000,725.000000</point>
			</points>
		</object>
		<object>
			<coordinate>pixel</coordinate>
			<type>rectangle</type>
			<description>None</description>
			<possibleresult>
				<name>Boeing787</name>
			</possibleresult>
			<points>
				<point>87.000000,785.000000</point>
				<point>124.000000,842.000000</point>
				<point>174.000000,808.000000</point>
				<point>136.000000,752.000000</point>
				<point>87.000000,785.000000</point>
			</points>
		</object>
	</objects>
</annotation>