<?xml version="1.0" encoding="utf-8"?>
<annotation>
	<source>
		<filename>3508.tif</filename>
		<origin>GF2/GF3</origin>
	</source>
	<research>
		<version>1.0</version>
		<provider>FAIR1M</provider>
		<author>Cyber</author>
		<pluginname>FAIR1M</pluginname>
		<pluginclass>object detection</pluginclass>
		<time>2021-07-21</time>
	</research>
	<size>
		<width>800</width>
		<height>600</height>
		<depth>3</depth>
	</size>
	<objects>
		<object>
			<coordinate>pixel</coordinate>
			<type>rectangle</type>
			<description>None</description>
			<possibleresult>
				<name>Dry Cargo Ship</name>
			</possibleresult>
			<points>
				<point>76.000000,151.000000</point>
				<point>61.000000,154.000000</point>
				<point>46.000000,92.000000</point>
				<point>60.000000,87.000000</point>
				<point>76.000000,151.000000</point>
			</points>
		</object>
		<object>
			<coordinate>pixel</coordinate>
			<type>rectangle</type>
			<description>None</description>
			<possibleresult>
				<name>Dry Cargo Ship</name>
			</possibleresult>
			<points>
				<point>94.000000,144.000000</point>
				<point>76.000000,147.000000</point>
				<point>59.000000,77.000000</point>
				<point>75.000000,72.000000</point>
				<point>94.000000,144.000000</point>
			</points>
		</object>
		<object>
			<coordinate>pixel</coordinate>
			<type>rectangle</type>
			<description>None</description>
			<possibleresult>
				<name>Dry Cargo Ship</name>
			</possibleresult>
			<points>
				<point>107.000000,129.000000</point>
				<point>91.000000,132.000000</point>
				<point>73.000000,55.000000</point>
				<point>90.000000,52.000000</point>
				<point>107.000000,129.000000</point>
			</points>
		</object>
		<object>
			<coordinate>pixel</coordinate>
			<type>rectangle</type>
			<description>None</description>
			<possibleresult>
				<name>Dry Cargo Ship</name>
			</possibleresult>
			<points>
				<point>125.000000,127.000000</point>
				<point>113.000000,130.000000</point>
				<point>99.000000,87.000000</point>
				<point>110.000000,82.000000</point>
				<point>125.000000,127.000000</point>
			</points>
		</object>
		<object>
			<coordinate>pixel</coordinate>
			<type>rectangle</type>
			<description>None</description>
			<possibleresult>
				<name>Dry Cargo Ship</name>
			</possibleresult>
			<points>
				<point>143.000000,119.000000</point>
				<point>126.000000,123.000000</point>
				<point>113.000000,80.000000</point>
				<point>127.000000,76.000000</point>
				<point>143.000000,119.000000</point>
			</points>
		</object>
		<object>
			<coordinate>pixel</coordinate>
			<type>rectangle</type>
			<description>None</description>
			<possibleresult>
				<name>Dry Cargo Ship</name>
			</possibleresult>
			<points>
				<point>157.000000,112.000000</point>
				<point>142.000000,118.000000</point>
				<point>121.000000,56.000000</point>
				<point>135.000000,51.000000</point>
				<point>157.000000,112.000000</point>
			</points>
		</object>
		<object>
			<coordinate>pixel</coordinate>
			<type>rectangle</type>
			<description>None</description>
			<possibleresult>
				<name>Dry Cargo Ship</name>
			</possibleresult>
			<points>
				<point>173.000000,105.000000</point>
				<point>159.000000,111.000000</point>
				<point>138.000000,51.000000</point>
				<point>151.000000,45.000000</point>
				<point>173.000000,105.000000</point>
			</points>
		</object>
		<object>
			<coordinate>pixel</coordinate>
			<type>rectangle</type>
			<description>None</description>
			<possibleresult>
				<name>Tugboat</name>
			</possibleresult>
			<points>
				<point>58.000000,150.000000</point>
				<point>51.000000,152.000000</point>
				<point>48.000000,137.000000</point>
				<point>53.000000,135.000000</point>
				<point>58.000000,150.000000</point>
			</points>
		</object>
		<object>
			<coordinate>pixel</coordinate>
			<type>rectangle</type>
			<description>None</description>
			<possibleresult>
				<name>Tugboat</name>
			</possibleresult>
			<points>
				<point>350.000000,29.000000</point>
				<point>342.000000,32.000000</point>
				<point>336.000000,15.000000</point>
				<point>344.000000,12.000000</point>
				<point>350.000000,29.000000</point>
			</points>
		</object>
		<object>
			<coordinate>pixel</coordinate>
			<type>rectangle</type>
			<description>None</description>
			<possibleresult>
				<name>Engineering Ship</name>
			</possibleresult>
			<points>
				<point>373.000000,72.999992</point>
				<point>343.699341,12.144760</point>
				<point>370.699341,-0.855240</point>
				<point>400.000000,59.999992</point>
				<point>373.000000,72.999992</point>
			</points>
		</object>
		<object>
			<coordinate>pixel</coordinate>
			<type>rectangle</type>
			<description>None</description>
			<possibleresult>
				<name>Engineering Ship</name>
			</possibleresult>
			<points>
				<point>317.999969,61.999996</point>
				<point>292.999969,8.000008</point>
				<point>320.190582,-4.588238</point>
				<point>345.190582,49.411751</point>
				<point>317.999969,61.999996</point>
			</points>
		</object>
	</objects>
</annotation>