<?xml version="1.0" encoding="utf-8"?>
<annotation>
	<source>
		<filename>3594.tif</filename>
		<origin>GF2/GF3</origin>
	</source>
	<research>
		<version>1.0</version>
		<provider>FAIR1M</provider>
		<author>Cyber</author>
		<pluginname>FAIR1M</pluginname>
		<pluginclass>object detection</pluginclass>
		<time>2021-07-21</time>
	</research>
	<size>
		<width>1000</width>
		<height>1000</height>
		<depth>3</depth>
	</size>
	<objects>
		<object>
			<coordinate>pixel</coordinate>
			<type>rectangle</type>
			<description>None</description>
			<possibleresult>
				<name>Small Car</name>
			</possibleresult>
			<points>
				<point>678.000000,734.000000</point>
				<point>670.000000,748.000000</point>
				<point>664.000000,744.000000</point>
				<point>672.000000,730.000000</point>
				<point>678.000000,734.000000</point>
			</points>
		</object>
		<object>
			<coordinate>pixel</coordinate>
			<type>rectangle</type>
			<description>None</description>
			<possibleresult>
				<name>Intersection</name>
			</possibleresult>
			<points>
				<point>296.000000,840.000000</point>
				<point>229.000000,874.000000</point>
				<point>197.000000,813.000000</point>
				<point>264.000000,778.000000</point>
				<point>296.000000,840.000000</point>
			</points>
		</object>
		<object>
			<coordinate>pixel</coordinate>
			<type>rectangle</type>
			<description>None</description>
			<possibleresult>
				<name>Intersection</name>
			</possibleresult>
			<points>
				<point>567.000000,219.000000</point>
				<point>505.000000,271.000000</point>
				<point>458.000000,215.000000</point>
				<point>521.000000,162.000000</point>
				<point>567.000000,219.000000</point>
			</points>
		</object>
		<object>
			<coordinate>pixel</coordinate>
			<type>rectangle</type>
			<description>None</description>
			<possibleresult>
				<name>Intersection</name>
			</possibleresult>
			<points>
				<point>846.000000,517.000000</point>
				<point>740.000000,577.000000</point>
				<point>698.000000,503.000000</point>
				<point>804.000000,443.000000</point>
				<point>846.000000,517.000000</point>
			</points>
		</object>
		<object>
			<coordinate>pixel</coordinate>
			<type>rectangle</type>
			<description>None</description>
			<possibleresult>
				<name>Van</name>
			</possibleresult>
			<points>
				<point>309.000000,663.000000</point>
				<point>295.000000,671.000000</point>
				<point>292.000000,665.000000</point>
				<point>305.000000,657.000000</point>
				<point>309.000000,663.000000</point>
			</points>
		</object>
		<object>
			<coordinate>pixel</coordinate>
			<type>rectangle</type>
			<description>None</description>
			<possibleresult>
				<name>Small Car</name>
			</possibleresult>
			<points>
				<point>930.000000,401.000000</point>
				<point>913.000000,410.000000</point>
				<point>909.000000,403.000000</point>
				<point>925.000000,394.000000</point>
				<point>930.000000,401.000000</point>
			</points>
		</object>
		<object>
			<coordinate>pixel</coordinate>
			<type>rectangle</type>
			<description>None</description>
			<possibleresult>
				<name>Van</name>
			</possibleresult>
			<points>
				<point>784.000000,114.000000</point>
				<point>778.000000,120.000000</point>
				<point>766.000000,107.000000</point>
				<point>772.000000,101.000000</point>
				<point>784.000000,114.000000</point>
			</points>
		</object>
		<object>
			<coordinate>pixel</coordinate>
			<type>rectangle</type>
			<description>None</description>
			<possibleresult>
				<name>Van</name>
			</possibleresult>
			<points>
				<point>739.000000,98.000000</point>
				<point>720.000000,110.000000</point>
				<point>716.000000,104.000000</point>
				<point>735.000000,92.000000</point>
				<point>739.000000,98.000000</point>
			</points>
		</object>
		<object>
			<coordinate>pixel</coordinate>
			<type>rectangle</type>
			<description>None</description>
			<possibleresult>
				<name>Van</name>
			</possibleresult>
			<points>
				<point>836.000000,40.000000</point>
				<point>819.000000,51.000000</point>
				<point>816.000000,46.000000</point>
				<point>832.000000,35.000000</point>
				<point>836.000000,40.000000</point>
			</points>
		</object>
		<object>
			<coordinate>pixel</coordinate>
			<type>rectangle</type>
			<description>None</description>
			<possibleresult>
				<name>Small Car</name>
			</possibleresult>
			<points>
				<point>786.000000,71.000000</point>
				<point>769.000000,80.000000</point>
				<point>766.000000,73.000000</point>
				<point>782.000000,65.000000</point>
				<point>786.000000,71.000000</point>
			</points>
		</object>
		<object>
			<coordinate>pixel</coordinate>
			<type>rectangle</type>
			<description>None</description>
			<possibleresult>
				<name>Small Car</name>
			</possibleresult>
			<points>
				<point>813.000000,14.000000</point>
				<point>797.000000,24.000000</point>
				<point>793.000000,17.000000</point>
				<point>808.000000,7.000000</point>
				<point>813.000000,14.000000</point>
			</points>
		</object>
		<object>
			<coordinate>pixel</coordinate>
			<type>rectangle</type>
			<description>None</description>
			<possibleresult>
				<name>Small Car</name>
			</possibleresult>
			<points>
				<point>778.000000,34.000000</point>
				<point>762.000000,45.000000</point>
				<point>757.000000,38.000000</point>
				<point>774.000000,27.000000</point>
				<point>778.000000,34.000000</point>
			</points>
		</object>
		<object>
			<coordinate>pixel</coordinate>
			<type>rectangle</type>
			<description>None</description>
			<possibleresult>
				<name>Small Car</name>
			</possibleresult>
			<points>
				<point>759.000000,45.000000</point>
				<point>744.000000,54.000000</point>
				<point>740.000000,48.000000</point>
				<point>755.000000,39.000000</point>
				<point>759.000000,45.000000</point>
			</points>
		</object>
		<object>
			<coordinate>pixel</coordinate>
			<type>rectangle</type>
			<description>None</description>
			<possibleresult>
				<name>Van</name>
			</possibleresult>
			<points>
				<point>992.000000,778.000000</point>
				<point>985.000000,783.000000</point>
				<point>973.000000,768.000000</point>
				<point>979.000000,763.000000</point>
				<point>992.000000,778.000000</point>
			</points>
		</object>
		<object>
			<coordinate>pixel</coordinate>
			<type>rectangle</type>
			<description>None</description>
			<possibleresult>
				<name>Small Car</name>
			</possibleresult>
			<points>
				<point>985.000000,790.000000</point>
				<point>978.000000,795.000000</point>
				<point>967.000000,781.000000</point>
				<point>974.000000,776.000000</point>
				<point>985.000000,790.000000</point>
			</points>
		</object>
		<object>
			<coordinate>pixel</coordinate>
			<type>rectangle</type>
			<description>None</description>
			<possibleresult>
				<name>Dump Truck</name>
			</possibleresult>
			<points>
				<point>832.000000,942.000000</point>
				<point>812.000000,954.000000</point>
				<point>808.000000,946.000000</point>
				<point>828.000000,935.000000</point>
				<point>832.000000,942.000000</point>
			</points>
		</object>
		<object>
			<coordinate>pixel</coordinate>
			<type>rectangle</type>
			<description>None</description>
			<possibleresult>
				<name>Van</name>
			</possibleresult>
			<points>
				<point>757.000000,956.000000</point>
				<point>742.000000,966.000000</point>
				<point>738.000000,959.000000</point>
				<point>753.000000,949.000000</point>
				<point>757.000000,956.000000</point>
			</points>
		</object>
		<object>
			<coordinate>pixel</coordinate>
			<type>rectangle</type>
			<description>None</description>
			<possibleresult>
				<name>Van</name>
			</possibleresult>
			<points>
				<point>718.000000,979.000000</point>
				<point>704.000000,988.000000</point>
				<point>700.000000,982.000000</point>
				<point>715.000000,973.000000</point>
				<point>718.000000,979.000000</point>
			</points>
		</object>
		<object>
			<coordinate>pixel</coordinate>
			<type>rectangle</type>
			<description>None</description>
			<possibleresult>
				<name>Small Car</name>
			</possibleresult>
			<points>
				<point>683.000000,1002.000061</point>
				<point>678.538452,995.307800</point>
				<point>694.000000,985.000061</point>
				<point>698.461548,991.692322</point>
				<point>683.000000,1002.000061</point>
			</points>
		</object>
		<object>
			<coordinate>pixel</coordinate>
			<type>rectangle</type>
			<description>None</description>
			<possibleresult>
				<name>Van</name>
			</possibleresult>
			<points>
				<point>452.000000,852.000000</point>
				<point>445.000000,858.000000</point>
				<point>434.000000,845.000000</point>
				<point>441.000000,840.000000</point>
				<point>452.000000,852.000000</point>
			</points>
		</object>
		<object>
			<coordinate>pixel</coordinate>
			<type>rectangle</type>
			<description>None</description>
			<possibleresult>
				<name>Van</name>
			</possibleresult>
			<points>
				<point>411.000000,800.000000</point>
				<point>397.000000,810.000000</point>
				<point>392.000000,803.000000</point>
				<point>407.000000,793.000000</point>
				<point>411.000000,800.000000</point>
			</points>
		</object>
		<object>
			<coordinate>pixel</coordinate>
			<type>rectangle</type>
			<description>None</description>
			<possibleresult>
				<name>Small Car</name>
			</possibleresult>
			<points>
				<point>419.000000,807.000000</point>
				<point>402.000000,819.000000</point>
				<point>397.000000,812.000000</point>
				<point>414.000000,801.000000</point>
				<point>419.000000,807.000000</point>
			</points>
		</object>
		<object>
			<coordinate>pixel</coordinate>
			<type>rectangle</type>
			<description>None</description>
			<possibleresult>
				<name>Van</name>
			</possibleresult>
			<points>
				<point>475.000000,709.000000</point>
				<point>461.000000,718.000000</point>
				<point>456.000000,711.000000</point>
				<point>470.000000,701.000000</point>
				<point>475.000000,709.000000</point>
			</points>
		</object>
		<object>
			<coordinate>pixel</coordinate>
			<type>rectangle</type>
			<description>None</description>
			<possibleresult>
				<name>Van</name>
			</possibleresult>
			<points>
				<point>446.000000,712.000000</point>
				<point>432.000000,722.000000</point>
				<point>428.000000,715.000000</point>
				<point>441.000000,706.000000</point>
				<point>446.000000,712.000000</point>
			</points>
		</object>
		<object>
			<coordinate>pixel</coordinate>
			<type>rectangle</type>
			<description>None</description>
			<possibleresult>
				<name>Small Car</name>
			</possibleresult>
			<points>
				<point>720.000000,549.000000</point>
				<point>704.000000,561.000000</point>
				<point>699.000000,554.000000</point>
				<point>714.000000,542.000000</point>
				<point>720.000000,549.000000</point>
			</points>
		</object>
		<object>
			<coordinate>pixel</coordinate>
			<type>rectangle</type>
			<description>None</description>
			<possibleresult>
				<name>Van</name>
			</possibleresult>
			<points>
				<point>898.000000,670.000000</point>
				<point>890.000000,677.000000</point>
				<point>878.000000,664.000000</point>
				<point>886.000000,657.000000</point>
				<point>898.000000,670.000000</point>
			</points>
		</object>
		<object>
			<coordinate>pixel</coordinate>
			<type>rectangle</type>
			<description>None</description>
			<possibleresult>
				<name>Van</name>
			</possibleresult>
			<points>
				<point>759.000000,453.000000</point>
				<point>751.000000,459.000000</point>
				<point>738.000000,445.000000</point>
				<point>746.000000,438.000000</point>
				<point>759.000000,453.000000</point>
			</points>
		</object>
		<object>
			<coordinate>pixel</coordinate>
			<type>rectangle</type>
			<description>None</description>
			<possibleresult>
				<name>Van</name>
			</possibleresult>
			<points>
				<point>651.000000,410.000000</point>
				<point>644.000000,415.000000</point>
				<point>633.000000,402.000000</point>
				<point>639.000000,396.000000</point>
				<point>651.000000,410.000000</point>
			</points>
		</object>
		<object>
			<coordinate>pixel</coordinate>
			<type>rectangle</type>
			<description>None</description>
			<possibleresult>
				<name>Van</name>
			</possibleresult>
			<points>
				<point>384.000000,107.000000</point>
				<point>378.000000,113.000000</point>
				<point>364.000000,96.000000</point>
				<point>371.000000,91.000000</point>
				<point>384.000000,107.000000</point>
			</points>
		</object>
		<object>
			<coordinate>pixel</coordinate>
			<type>rectangle</type>
			<description>None</description>
			<possibleresult>
				<name>Dump Truck</name>
			</possibleresult>
			<points>
				<point>81.000008,19.000004</point>
				<point>76.138466,10.492311</point>
				<point>97.138466,-1.507690</point>
				<point>102.000008,7.000002</point>
				<point>81.000008,19.000004</point>
			</points>
		</object>
		<object>
			<coordinate>pixel</coordinate>
			<type>rectangle</type>
			<description>None</description>
			<possibleresult>
				<name>Van</name>
			</possibleresult>
			<points>
				<point>72.000000,22.000000</point>
				<point>55.000000,32.000000</point>
				<point>51.000000,25.000000</point>
				<point>68.000000,15.000000</point>
				<point>72.000000,22.000000</point>
			</points>
		</object>
		<object>
			<coordinate>pixel</coordinate>
			<type>rectangle</type>
			<description>None</description>
			<possibleresult>
				<name>Van</name>
			</possibleresult>
			<points>
				<point>38.000000,43.000000</point>
				<point>21.000000,52.000000</point>
				<point>16.000000,45.000000</point>
				<point>33.000000,35.000000</point>
				<point>38.000000,43.000000</point>
			</points>
		</object>
		<object>
			<coordinate>pixel</coordinate>
			<type>rectangle</type>
			<description>None</description>
			<possibleresult>
				<name>Dump Truck</name>
			</possibleresult>
			<points>
				<point>300.000000,158.000000</point>
				<point>284.000000,169.000000</point>
				<point>280.000000,163.000000</point>
				<point>296.000000,152.000000</point>
				<point>300.000000,158.000000</point>
			</points>
		</object>
		<object>
			<coordinate>pixel</coordinate>
			<type>rectangle</type>
			<description>None</description>
			<possibleresult>
				<name>Van</name>
			</possibleresult>
			<points>
				<point>229.000000,127.000000</point>
				<point>222.000000,133.000000</point>
				<point>210.000000,118.000000</point>
				<point>217.000000,112.000000</point>
				<point>229.000000,127.000000</point>
			</points>
		</object>
		<object>
			<coordinate>pixel</coordinate>
			<type>rectangle</type>
			<description>None</description>
			<possibleresult>
				<name>Small Car</name>
			</possibleresult>
			<points>
				<point>248.000000,134.000000</point>
				<point>241.000000,140.000000</point>
				<point>229.000000,126.000000</point>
				<point>236.000000,120.000000</point>
				<point>248.000000,134.000000</point>
			</points>
		</object>
		<object>
			<coordinate>pixel</coordinate>
			<type>rectangle</type>
			<description>None</description>
			<possibleresult>
				<name>Van</name>
			</possibleresult>
			<points>
				<point>180.000000,273.000000</point>
				<point>164.000000,280.000000</point>
				<point>161.000000,274.000000</point>
				<point>178.000000,267.000000</point>
				<point>180.000000,273.000000</point>
			</points>
		</object>
		<object>
			<coordinate>pixel</coordinate>
			<type>rectangle</type>
			<description>None</description>
			<possibleresult>
				<name>Van</name>
			</possibleresult>
			<points>
				<point>508.000000,246.000000</point>
				<point>501.000000,253.000000</point>
				<point>486.000000,237.000000</point>
				<point>493.000000,230.000000</point>
				<point>508.000000,246.000000</point>
			</points>
		</object>
		<object>
			<coordinate>pixel</coordinate>
			<type>rectangle</type>
			<description>None</description>
			<possibleresult>
				<name>Dump Truck</name>
			</possibleresult>
			<points>
				<point>450.000000,268.000000</point>
				<point>432.000000,279.000000</point>
				<point>428.000000,272.000000</point>
				<point>447.000000,262.000000</point>
				<point>450.000000,268.000000</point>
			</points>
		</object>
		<object>
			<coordinate>pixel</coordinate>
			<type>rectangle</type>
			<description>None</description>
			<possibleresult>
				<name>Small Car</name>
			</possibleresult>
			<points>
				<point>377.000000,311.000000</point>
				<point>360.000000,321.000000</point>
				<point>356.000000,314.000000</point>
				<point>373.000000,304.000000</point>
				<point>377.000000,311.000000</point>
			</points>
		</object>
		<object>
			<coordinate>pixel</coordinate>
			<type>rectangle</type>
			<description>None</description>
			<possibleresult>
				<name>Van</name>
			</possibleresult>
			<points>
				<point>323.000000,342.000000</point>
				<point>302.000000,355.000000</point>
				<point>298.000000,349.000000</point>
				<point>320.000000,336.000000</point>
				<point>323.000000,342.000000</point>
			</points>
		</object>
		<object>
			<coordinate>pixel</coordinate>
			<type>rectangle</type>
			<description>None</description>
			<possibleresult>
				<name>Van</name>
			</possibleresult>
			<points>
				<point>295.000000,359.000000</point>
				<point>279.000000,369.000000</point>
				<point>276.000000,363.000000</point>
				<point>291.000000,353.000000</point>
				<point>295.000000,359.000000</point>
			</points>
		</object>
		<object>
			<coordinate>pixel</coordinate>
			<type>rectangle</type>
			<description>None</description>
			<possibleresult>
				<name>Van</name>
			</possibleresult>
			<points>
				<point>370.000000,274.000000</point>
				<point>353.000000,284.000000</point>
				<point>349.000000,278.000000</point>
				<point>366.000000,267.000000</point>
				<point>370.000000,274.000000</point>
			</points>
		</object>
		<object>
			<coordinate>pixel</coordinate>
			<type>rectangle</type>
			<description>None</description>
			<possibleresult>
				<name>Van</name>
			</possibleresult>
			<points>
				<point>348.000000,288.000000</point>
				<point>331.000000,297.000000</point>
				<point>327.000000,290.000000</point>
				<point>344.000000,281.000000</point>
				<point>348.000000,288.000000</point>
			</points>
		</object>
		<object>
			<coordinate>pixel</coordinate>
			<type>rectangle</type>
			<description>None</description>
			<possibleresult>
				<name>Small Car</name>
			</possibleresult>
			<points>
				<point>283.000000,259.000000</point>
				<point>277.000000,263.000000</point>
				<point>268.000000,251.000000</point>
				<point>274.000000,246.000000</point>
				<point>283.000000,259.000000</point>
			</points>
		</object>
		<object>
			<coordinate>pixel</coordinate>
			<type>rectangle</type>
			<description>None</description>
			<possibleresult>
				<name>Van</name>
			</possibleresult>
			<points>
				<point>290.000000,291.000000</point>
				<point>284.000000,297.000000</point>
				<point>274.000000,288.000000</point>
				<point>280.000000,282.000000</point>
				<point>290.000000,291.000000</point>
			</points>
		</object>
		<object>
			<coordinate>pixel</coordinate>
			<type>rectangle</type>
			<description>None</description>
			<possibleresult>
				<name>Van</name>
			</possibleresult>
			<points>
				<point>227.000000,358.000000</point>
				<point>212.000000,371.000000</point>
				<point>207.000000,365.000000</point>
				<point>223.000000,352.000000</point>
				<point>227.000000,358.000000</point>
			</points>
		</object>
		<object>
			<coordinate>pixel</coordinate>
			<type>rectangle</type>
			<description>None</description>
			<possibleresult>
				<name>Van</name>
			</possibleresult>
			<points>
				<point>245.000000,346.000000</point>
				<point>229.000000,358.000000</point>
				<point>225.000000,353.000000</point>
				<point>241.000000,341.000000</point>
				<point>245.000000,346.000000</point>
			</points>
		</object>
		<object>
			<coordinate>pixel</coordinate>
			<type>rectangle</type>
			<description>None</description>
			<possibleresult>
				<name>Small Car</name>
			</possibleresult>
			<points>
				<point>21.000000,208.000000</point>
				<point>15.000000,214.000000</point>
				<point>4.000000,202.000000</point>
				<point>10.000000,196.000000</point>
				<point>21.000000,208.000000</point>
			</points>
		</object>
		<object>
			<coordinate>pixel</coordinate>
			<type>rectangle</type>
			<description>None</description>
			<possibleresult>
				<name>Van</name>
			</possibleresult>
			<points>
				<point>49.000000,191.000000</point>
				<point>43.000000,196.000000</point>
				<point>32.000000,184.000000</point>
				<point>38.000000,179.000000</point>
				<point>49.000000,191.000000</point>
			</points>
		</object>
		<object>
			<coordinate>pixel</coordinate>
			<type>rectangle</type>
			<description>None</description>
			<possibleresult>
				<name>Van</name>
			</possibleresult>
			<points>
				<point>30.000000,202.000000</point>
				<point>24.000000,207.000000</point>
				<point>15.000000,196.000000</point>
				<point>21.000000,191.000000</point>
				<point>30.000000,202.000000</point>
			</points>
		</object>
		<object>
			<coordinate>pixel</coordinate>
			<type>rectangle</type>
			<description>None</description>
			<possibleresult>
				<name>Van</name>
			</possibleresult>
			<points>
				<point>161.000000,438.000000</point>
				<point>149.000000,445.000000</point>
				<point>146.000000,440.000000</point>
				<point>158.000000,433.000000</point>
				<point>161.000000,438.000000</point>
			</points>
		</object>
		<object>
			<coordinate>pixel</coordinate>
			<type>rectangle</type>
			<description>None</description>
			<possibleresult>
				<name>Van</name>
			</possibleresult>
			<points>
				<point>149.000000,447.000000</point>
				<point>133.000000,457.000000</point>
				<point>128.000000,449.000000</point>
				<point>144.000000,439.000000</point>
				<point>149.000000,447.000000</point>
			</points>
		</object>
		<object>
			<coordinate>pixel</coordinate>
			<type>rectangle</type>
			<description>None</description>
			<possibleresult>
				<name>Van</name>
			</possibleresult>
			<points>
				<point>72.000000,493.000000</point>
				<point>57.000000,501.000000</point>
				<point>54.000000,495.000000</point>
				<point>69.000000,487.000000</point>
				<point>72.000000,493.000000</point>
			</points>
		</object>
		<object>
			<coordinate>pixel</coordinate>
			<type>rectangle</type>
			<description>None</description>
			<possibleresult>
				<name>Small Car</name>
			</possibleresult>
			<points>
				<point>113.000000,425.000000</point>
				<point>98.000000,433.000000</point>
				<point>94.000000,426.000000</point>
				<point>109.000000,418.000000</point>
				<point>113.000000,425.000000</point>
			</points>
		</object>
		<object>
			<coordinate>pixel</coordinate>
			<type>rectangle</type>
			<description>None</description>
			<possibleresult>
				<name>Van</name>
			</possibleresult>
			<points>
				<point>92.000000,436.000000</point>
				<point>80.000000,445.000000</point>
				<point>75.000000,439.000000</point>
				<point>87.000000,430.000000</point>
				<point>92.000000,436.000000</point>
			</points>
		</object>
		<object>
			<coordinate>pixel</coordinate>
			<type>rectangle</type>
			<description>None</description>
			<possibleresult>
				<name>Small Car</name>
			</possibleresult>
			<points>
				<point>77.000000,447.000000</point>
				<point>62.000000,456.000000</point>
				<point>58.000000,450.000000</point>
				<point>73.000000,441.000000</point>
				<point>77.000000,447.000000</point>
			</points>
		</object>
		<object>
			<coordinate>pixel</coordinate>
			<type>rectangle</type>
			<description>None</description>
			<possibleresult>
				<name>Van</name>
			</possibleresult>
			<points>
				<point>59.000000,459.000000</point>
				<point>41.000000,470.000000</point>
				<point>37.000000,464.000000</point>
				<point>54.000000,452.000000</point>
				<point>59.000000,459.000000</point>
			</points>
		</object>
		<object>
			<coordinate>pixel</coordinate>
			<type>rectangle</type>
			<description>None</description>
			<possibleresult>
				<name>Van</name>
			</possibleresult>
			<points>
				<point>70.000000,604.000000</point>
				<point>61.000000,610.000000</point>
				<point>52.000000,596.000000</point>
				<point>61.000000,590.000000</point>
				<point>70.000000,604.000000</point>
			</points>
		</object>
		<object>
			<coordinate>pixel</coordinate>
			<type>rectangle</type>
			<description>None</description>
			<possibleresult>
				<name>Small Car</name>
			</possibleresult>
			<points>
				<point>38.000000,681.000000</point>
				<point>34.000000,687.000000</point>
				<point>19.000000,676.000000</point>
				<point>23.000000,670.000000</point>
				<point>38.000000,681.000000</point>
			</points>
		</object>
		<object>
			<coordinate>pixel</coordinate>
			<type>rectangle</type>
			<description>None</description>
			<possibleresult>
				<name>Van</name>
			</possibleresult>
			<points>
				<point>81.000000,708.000000</point>
				<point>72.000000,711.000000</point>
				<point>67.000000,694.000000</point>
				<point>76.000000,691.000000</point>
				<point>81.000000,708.000000</point>
			</points>
		</object>
		<object>
			<coordinate>pixel</coordinate>
			<type>rectangle</type>
			<description>None</description>
			<possibleresult>
				<name>Van</name>
			</possibleresult>
			<points>
				<point>71.000000,711.000000</point>
				<point>63.000000,714.000000</point>
				<point>58.000000,699.000000</point>
				<point>66.000000,696.000000</point>
				<point>71.000000,711.000000</point>
			</points>
		</object>
		<object>
			<coordinate>pixel</coordinate>
			<type>rectangle</type>
			<description>None</description>
			<possibleresult>
				<name>Van</name>
			</possibleresult>
			<points>
				<point>64.000000,717.000000</point>
				<point>54.000000,721.000000</point>
				<point>48.000000,704.000000</point>
				<point>58.000000,700.000000</point>
				<point>64.000000,717.000000</point>
			</points>
		</object>
		<object>
			<coordinate>pixel</coordinate>
			<type>rectangle</type>
			<description>None</description>
			<possibleresult>
				<name>Small Car</name>
			</possibleresult>
			<points>
				<point>47.000000,728.000000</point>
				<point>40.000000,732.000000</point>
				<point>32.000000,718.000000</point>
				<point>39.000000,714.000000</point>
				<point>47.000000,728.000000</point>
			</points>
		</object>
		<object>
			<coordinate>pixel</coordinate>
			<type>rectangle</type>
			<description>None</description>
			<possibleresult>
				<name>Van</name>
			</possibleresult>
			<points>
				<point>38.000000,732.000000</point>
				<point>30.000000,736.000000</point>
				<point>22.000000,722.000000</point>
				<point>30.000000,717.000000</point>
				<point>38.000000,732.000000</point>
			</points>
		</object>
		<object>
			<coordinate>pixel</coordinate>
			<type>rectangle</type>
			<description>None</description>
			<possibleresult>
				<name>Van</name>
			</possibleresult>
			<points>
				<point>23.000000,741.000000</point>
				<point>13.000000,746.000000</point>
				<point>4.000000,728.000000</point>
				<point>14.000000,723.000000</point>
				<point>23.000000,741.000000</point>
			</points>
		</object>
		<object>
			<coordinate>pixel</coordinate>
			<type>rectangle</type>
			<description>None</description>
			<possibleresult>
				<name>Van</name>
			</possibleresult>
			<points>
				<point>14.000004,834.000183</point>
				<point>0.000000,841.000183</point>
				<point>0.000000,832.500122</point>
				<point>10.600004,827.200134</point>
				<point>14.000004,834.000183</point>
			</points>
		</object>
		<object>
			<coordinate>pixel</coordinate>
			<type>rectangle</type>
			<description>None</description>
			<possibleresult>
				<name>Van</name>
			</possibleresult>
			<points>
				<point>50.000000,872.000000</point>
				<point>32.000000,883.000000</point>
				<point>29.000000,877.000000</point>
				<point>47.000000,866.000000</point>
				<point>50.000000,872.000000</point>
			</points>
		</object>
		<object>
			<coordinate>pixel</coordinate>
			<type>rectangle</type>
			<description>None</description>
			<possibleresult>
				<name>Van</name>
			</possibleresult>
			<points>
				<point>40.000000,863.000000</point>
				<point>23.000000,872.000000</point>
				<point>20.000000,866.000000</point>
				<point>36.000000,857.000000</point>
				<point>40.000000,863.000000</point>
			</points>
		</object>
		<object>
			<coordinate>pixel</coordinate>
			<type>rectangle</type>
			<description>None</description>
			<possibleresult>
				<name>Van</name>
			</possibleresult>
			<points>
				<point>213.000000,851.000000</point>
				<point>196.000000,861.000000</point>
				<point>193.000000,854.000000</point>
				<point>210.000000,844.000000</point>
				<point>213.000000,851.000000</point>
			</points>
		</object>
		<object>
			<coordinate>pixel</coordinate>
			<type>rectangle</type>
			<description>None</description>
			<possibleresult>
				<name>Van</name>
			</possibleresult>
			<points>
				<point>122.000000,875.000000</point>
				<point>111.000000,884.000000</point>
				<point>107.000000,879.000000</point>
				<point>119.000000,870.000000</point>
				<point>122.000000,875.000000</point>
			</points>
		</object>
		<object>
			<coordinate>pixel</coordinate>
			<type>rectangle</type>
			<description>None</description>
			<possibleresult>
				<name>Dump Truck</name>
			</possibleresult>
			<points>
				<point>62.000000,956.000000</point>
				<point>38.000000,968.000000</point>
				<point>34.000000,961.000000</point>
				<point>58.000000,948.000000</point>
				<point>62.000000,956.000000</point>
			</points>
		</object>
		<object>
			<coordinate>pixel</coordinate>
			<type>rectangle</type>
			<description>None</description>
			<possibleresult>
				<name>Van</name>
			</possibleresult>
			<points>
				<point>15.999983,981.000000</point>
				<point>0.000000,990.000000</point>
				<point>0.000000,981.749939</point>
				<point>12.474760,974.732910</point>
				<point>15.999983,981.000000</point>
			</points>
		</object>
		<object>
			<coordinate>pixel</coordinate>
			<type>rectangle</type>
			<description>None</description>
			<possibleresult>
				<name>Van</name>
			</possibleresult>
			<points>
				<point>290.000000,943.000000</point>
				<point>278.000000,958.000000</point>
				<point>270.000000,952.000000</point>
				<point>282.000000,937.000000</point>
				<point>290.000000,943.000000</point>
			</points>
		</object>
		<object>
			<coordinate>pixel</coordinate>
			<type>rectangle</type>
			<description>None</description>
			<possibleresult>
				<name>Van</name>
			</possibleresult>
			<points>
				<point>282.000000,936.000000</point>
				<point>269.000000,952.000000</point>
				<point>263.000000,947.000000</point>
				<point>275.000000,931.000000</point>
				<point>282.000000,936.000000</point>
			</points>
		</object>
		<object>
			<coordinate>pixel</coordinate>
			<type>rectangle</type>
			<description>None</description>
			<possibleresult>
				<name>Van</name>
			</possibleresult>
			<points>
				<point>262.000000,914.000000</point>
				<point>249.000000,930.000000</point>
				<point>243.000000,924.000000</point>
				<point>256.000000,909.000000</point>
				<point>262.000000,914.000000</point>
			</points>
		</object>
		<object>
			<coordinate>pixel</coordinate>
			<type>rectangle</type>
			<description>None</description>
			<possibleresult>
				<name>Small Car</name>
			</possibleresult>
			<points>
				<point>231.000000,986.000000</point>
				<point>213.000000,989.000000</point>
				<point>212.000000,982.000000</point>
				<point>230.000000,978.000000</point>
				<point>231.000000,986.000000</point>
			</points>
		</object>
		<object>
			<coordinate>pixel</coordinate>
			<type>rectangle</type>
			<description>None</description>
			<possibleresult>
				<name>Van</name>
			</possibleresult>
			<points>
				<point>228.000000,976.000000</point>
				<point>208.000000,980.000000</point>
				<point>207.000000,973.000000</point>
				<point>227.000000,970.000000</point>
				<point>228.000000,976.000000</point>
			</points>
		</object>
		<object>
			<coordinate>pixel</coordinate>
			<type>rectangle</type>
			<description>None</description>
			<possibleresult>
				<name>Small Car</name>
			</possibleresult>
			<points>
				<point>172.000000,979.000000</point>
				<point>161.000000,993.000000</point>
				<point>154.000000,987.000000</point>
				<point>165.000000,974.000000</point>
				<point>172.000000,979.000000</point>
			</points>
		</object>
		<object>
			<coordinate>pixel</coordinate>
			<type>rectangle</type>
			<description>None</description>
			<possibleresult>
				<name>Van</name>
			</possibleresult>
			<points>
				<point>145.000000,947.000000</point>
				<point>133.000000,963.000000</point>
				<point>125.000000,957.000000</point>
				<point>137.000000,941.000000</point>
				<point>145.000000,947.000000</point>
			</points>
		</object>
		<object>
			<coordinate>pixel</coordinate>
			<type>rectangle</type>
			<description>None</description>
			<possibleresult>
				<name>Dump Truck</name>
			</possibleresult>
			<points>
				<point>206.000000,453.000000</point>
				<point>199.000000,459.000000</point>
				<point>186.000000,444.000000</point>
				<point>193.000000,438.000000</point>
				<point>206.000000,453.000000</point>
			</points>
		</object>
		<object>
			<coordinate>pixel</coordinate>
			<type>rectangle</type>
			<description>None</description>
			<possibleresult>
				<name>Van</name>
			</possibleresult>
			<points>
				<point>311.000000,608.000000</point>
				<point>296.000000,618.000000</point>
				<point>292.000000,612.000000</point>
				<point>307.000000,602.000000</point>
				<point>311.000000,608.000000</point>
			</points>
		</object>
		<object>
			<coordinate>pixel</coordinate>
			<type>rectangle</type>
			<description>None</description>
			<possibleresult>
				<name>Van</name>
			</possibleresult>
			<points>
				<point>219.000000,573.000000</point>
				<point>212.000000,577.000000</point>
				<point>204.000000,565.000000</point>
				<point>211.000000,560.000000</point>
				<point>219.000000,573.000000</point>
			</points>
		</object>
		<object>
			<coordinate>pixel</coordinate>
			<type>rectangle</type>
			<description>None</description>
			<possibleresult>
				<name>Van</name>
			</possibleresult>
			<points>
				<point>137.000000,866.000000</point>
				<point>124.000000,875.000000</point>
				<point>121.000000,870.000000</point>
				<point>133.000000,862.000000</point>
				<point>137.000000,866.000000</point>
			</points>
		</object>
		<object>
			<coordinate>pixel</coordinate>
			<type>rectangle</type>
			<description>None</description>
			<possibleresult>
				<name>Van</name>
			</possibleresult>
			<points>
				<point>184.000000,994.999878</point>
				<point>179.416550,1000.000000</point>
				<point>167.916580,1000.000000</point>
				<point>177.750946,989.271606</point>
				<point>184.000000,994.999878</point>
			</points>
		</object>
		<object>
			<coordinate>pixel</coordinate>
			<type>rectangle</type>
			<description>None</description>
			<possibleresult>
				<name>Dump Truck</name>
			</possibleresult>
			<points>
				<point>881.000000,65.000000</point>
				<point>874.000000,70.000000</point>
				<point>863.000000,56.000000</point>
				<point>870.000000,50.000000</point>
				<point>881.000000,65.000000</point>
			</points>
		</object>
		<object>
			<coordinate>pixel</coordinate>
			<type>rectangle</type>
			<description>None</description>
			<possibleresult>
				<name>Van</name>
			</possibleresult>
			<points>
				<point>864.000000,24.000000</point>
				<point>856.000000,29.000000</point>
				<point>852.000000,24.000000</point>
				<point>860.000000,18.000000</point>
				<point>864.000000,24.000000</point>
			</points>
		</object>
		<object>
			<coordinate>pixel</coordinate>
			<type>rectangle</type>
			<description>None</description>
			<possibleresult>
				<name>Van</name>
			</possibleresult>
			<points>
				<point>629.000000,163.000000</point>
				<point>614.000000,174.000000</point>
				<point>610.000000,168.000000</point>
				<point>625.000000,158.000000</point>
				<point>629.000000,163.000000</point>
			</points>
		</object>
		<object>
			<coordinate>pixel</coordinate>
			<type>rectangle</type>
			<description>None</description>
			<possibleresult>
				<name>Van</name>
			</possibleresult>
			<points>
				<point>678.000000,94.000000</point>
				<point>661.000000,105.000000</point>
				<point>657.000000,98.000000</point>
				<point>674.000000,87.000000</point>
				<point>678.000000,94.000000</point>
			</points>
		</object>
		<object>
			<coordinate>pixel</coordinate>
			<type>rectangle</type>
			<description>None</description>
			<possibleresult>
				<name>Van</name>
			</possibleresult>
			<points>
				<point>25.000000,784.000000</point>
				<point>15.000000,791.000000</point>
				<point>12.000000,786.000000</point>
				<point>22.000000,779.000000</point>
				<point>25.000000,784.000000</point>
			</points>
		</object>
		<object>
			<coordinate>pixel</coordinate>
			<type>rectangle</type>
			<description>None</description>
			<possibleresult>
				<name>Van</name>
			</possibleresult>
			<points>
				<point>17.000000,777.000000</point>
				<point>7.000000,783.000000</point>
				<point>4.000000,779.000000</point>
				<point>14.000000,772.000000</point>
				<point>17.000000,777.000000</point>
			</points>
		</object>
	</objects>
</annotation>