<?xml version="1.0" encoding="utf-8"?>
<annotation>
	<source>
		<filename>3611.tif</filename>
		<origin>GF2/GF3</origin>
	</source>
	<research>
		<version>1.0</version>
		<provider>FAIR1M</provider>
		<author>Cyber</author>
		<pluginname>FAIR1M</pluginname>
		<pluginclass>object detection</pluginclass>
		<time>2021-07-21</time>
	</research>
	<size>
		<width>1000</width>
		<height>1000</height>
		<depth>3</depth>
	</size>
	<objects>
		<object>
			<coordinate>pixel</coordinate>
			<type>rectangle</type>
			<description>None</description>
			<possibleresult>
				<name>Boeing777</name>
			</possibleresult>
			<points>
				<point>544.000000,1035.000000</point>
				<point>613.000000,990.000000</point>
				<point>573.000000,929.000000</point>
				<point>504.000000,974.000000</point>
				<point>544.000000,1035.000000</point>
			</points>
		</object>
		<object>
			<coordinate>pixel</coordinate>
			<type>rectangle</type>
			<description>None</description>
			<possibleresult>
				<name>Boeing777</name>
			</possibleresult>
			<points>
				<point>214.000000,726.000000</point>
				<point>282.000000,690.000000</point>
				<point>245.000000,620.000000</point>
				<point>177.000000,656.000000</point>
				<point>214.000000,726.000000</point>
			</points>
		</object>
		<object>
			<coordinate>pixel</coordinate>
			<type>rectangle</type>
			<description>None</description>
			<possibleresult>
				<name>Boeing787</name>
			</possibleresult>
			<points>
				<point>169.000000,443.000000</point>
				<point>221.000000,411.000000</point>
				<point>190.000000,361.000000</point>
				<point>138.000000,393.000000</point>
				<point>169.000000,443.000000</point>
			</points>
		</object>
		<object>
			<coordinate>pixel</coordinate>
			<type>rectangle</type>
			<description>None</description>
			<possibleresult>
				<name>Boeing787</name>
			</possibleresult>
			<points>
				<point>116.000000,348.000000</point>
				<point>166.000000,316.000000</point>
				<point>132.000000,263.000000</point>
				<point>82.000000,296.000000</point>
				<point>116.000000,348.000000</point>
			</points>
		</object>
	</objects>
</annotation>