<?xml version="1.0" encoding="utf-8"?>
<annotation>
	<source>
		<filename>3629.tif</filename>
		<origin>GF2/GF3</origin>
	</source>
	<research>
		<version>1.0</version>
		<provider>FAIR1M</provider>
		<author>Cyber</author>
		<pluginname>FAIR1M</pluginname>
		<pluginclass>object detection</pluginclass>
		<time>2021-07-21</time>
	</research>
	<size>
		<width>1000</width>
		<height>1000</height>
		<depth>3</depth>
	</size>
	<objects>
		<object>
			<coordinate>pixel</coordinate>
			<type>rectangle</type>
			<description>None</description>
			<possibleresult>
				<name>Boeing737</name>
			</possibleresult>
			<points>
				<point>139.000000,26.000000</point>
				<point>164.000000,64.000000</point>
				<point>201.000000,40.000000</point>
				<point>176.000000,2.000000</point>
				<point>139.000000,26.000000</point>
			</points>
		</object>
		<object>
			<coordinate>pixel</coordinate>
			<type>rectangle</type>
			<description>None</description>
			<possibleresult>
				<name>Boeing737</name>
			</possibleresult>
			<points>
				<point>88.000000,60.000000</point>
				<point>112.000000,98.000000</point>
				<point>148.000000,75.000000</point>
				<point>124.000000,37.000000</point>
				<point>88.000000,60.000000</point>
			</points>
		</object>
		<object>
			<coordinate>pixel</coordinate>
			<type>rectangle</type>
			<description>None</description>
			<possibleresult>
				<name>Boeing737</name>
			</possibleresult>
			<points>
				<point>158.000000,184.000000</point>
				<point>200.000000,162.000000</point>
				<point>180.000000,124.000000</point>
				<point>138.000000,146.000000</point>
				<point>158.000000,184.000000</point>
			</points>
		</object>
		<object>
			<coordinate>pixel</coordinate>
			<type>rectangle</type>
			<description>None</description>
			<possibleresult>
				<name>Boeing737</name>
			</possibleresult>
			<points>
				<point>1.000000,117.000000</point>
				<point>26.000000,154.000000</point>
				<point>61.000000,131.000000</point>
				<point>36.000000,94.000000</point>
				<point>1.000000,117.000000</point>
			</points>
		</object>
	</objects>
</annotation>