<?xml version="1.0" encoding="utf-8"?>
<annotation>
	<source>
		<filename>3660.tif</filename>
		<origin>GF2/GF3</origin>
	</source>
	<research>
		<version>1.0</version>
		<provider>FAIR1M</provider>
		<author>Cyber</author>
		<pluginname>FAIR1M</pluginname>
		<pluginclass>object detection</pluginclass>
		<time>2021-07-21</time>
	</research>
	<size>
		<width>600</width>
		<height>600</height>
		<depth>3</depth>
	</size>
	<objects>
		<object>
			<coordinate>pixel</coordinate>
			<type>rectangle</type>
			<description>None</description>
			<possibleresult>
				<name>Boeing737</name>
			</possibleresult>
			<points>
				<point>150.000000,232.000000</point>
				<point>115.000000,264.000000</point>
				<point>85.000000,230.000000</point>
				<point>119.000000,199.000000</point>
				<point>150.000000,232.000000</point>
			</points>
		</object>
	</objects>
</annotation>