<?xml version="1.0" encoding="utf-8"?>
<annotation>
	<source>
		<filename>3661.tif</filename>
		<origin>GF2/GF3</origin>
	</source>
	<research>
		<version>1.0</version>
		<provider>FAIR1M</provider>
		<author>Cyber</author>
		<pluginname>FAIR1M</pluginname>
		<pluginclass>object detection</pluginclass>
		<time>2021-07-21</time>
	</research>
	<size>
		<width>600</width>
		<height>800</height>
		<depth>4</depth>
	</size>
	<objects>
		<object>
			<coordinate>pixel</coordinate>
			<type>rectangle</type>
			<description>None</description>
			<possibleresult>
				<name>Dry Cargo Ship</name>
			</possibleresult>
			<points>
				<point>456.000000,532.000000</point>
				<point>449.000000,536.000000</point>
				<point>434.000000,502.000000</point>
				<point>441.000000,499.000000</point>
				<point>456.000000,532.000000</point>
			</points>
		</object>
		<object>
			<coordinate>pixel</coordinate>
			<type>rectangle</type>
			<description>None</description>
			<possibleresult>
				<name>Dry Cargo Ship</name>
			</possibleresult>
			<points>
				<point>478.000000,729.000000</point>
				<point>473.000000,731.000000</point>
				<point>464.000000,708.000000</point>
				<point>470.000000,706.000000</point>
				<point>478.000000,729.000000</point>
			</points>
		</object>
	</objects>
</annotation>