<?xml version="1.0" encoding="utf-8"?>
<annotation>
	<source>
		<filename>3708.tif</filename>
		<origin>GF2/GF3</origin>
	</source>
	<research>
		<version>1.0</version>
		<provider>FAIR1M</provider>
		<author>Cyber</author>
		<pluginname>FAIR1M</pluginname>
		<pluginclass>object detection</pluginclass>
		<time>2021-07-21</time>
	</research>
	<size>
		<width>600</width>
		<height>800</height>
		<depth>4</depth>
	</size>
	<objects>
		<object>
			<coordinate>pixel</coordinate>
			<type>rectangle</type>
			<description>None</description>
			<possibleresult>
				<name>Van</name>
			</possibleresult>
			<points>
				<point>124.000000,226.000000</point>
				<point>110.000000,239.000000</point>
				<point>103.000000,232.000000</point>
				<point>118.000000,219.000000</point>
				<point>124.000000,226.000000</point>
			</points>
		</object>
		<object>
			<coordinate>pixel</coordinate>
			<type>rectangle</type>
			<description>None</description>
			<possibleresult>
				<name>Dump Truck</name>
			</possibleresult>
			<points>
				<point>597.000000,768.000000</point>
				<point>596.000000,778.000000</point>
				<point>569.000000,775.000000</point>
				<point>571.000000,766.000000</point>
				<point>597.000000,768.000000</point>
			</points>
		</object>
		<object>
			<coordinate>pixel</coordinate>
			<type>rectangle</type>
			<description>None</description>
			<possibleresult>
				<name>Small Car</name>
			</possibleresult>
			<points>
				<point>112.000000,783.000000</point>
				<point>108.000000,792.000000</point>
				<point>87.000000,784.000000</point>
				<point>91.000000,775.000000</point>
				<point>112.000000,783.000000</point>
			</points>
		</object>
		<object>
			<coordinate>pixel</coordinate>
			<type>rectangle</type>
			<description>None</description>
			<possibleresult>
				<name>Small Car</name>
			</possibleresult>
			<points>
				<point>71.000000,739.000000</point>
				<point>61.000000,756.000000</point>
				<point>54.000000,751.000000</point>
				<point>64.000000,735.000000</point>
				<point>71.000000,739.000000</point>
			</points>
		</object>
		<object>
			<coordinate>pixel</coordinate>
			<type>rectangle</type>
			<description>None</description>
			<possibleresult>
				<name>Van</name>
			</possibleresult>
			<points>
				<point>115.000000,654.000000</point>
				<point>103.000000,674.000000</point>
				<point>93.000000,669.000000</point>
				<point>103.000000,648.000000</point>
				<point>115.000000,654.000000</point>
			</points>
		</object>
		<object>
			<coordinate>pixel</coordinate>
			<type>rectangle</type>
			<description>None</description>
			<possibleresult>
				<name>Small Car</name>
			</possibleresult>
			<points>
				<point>122.000000,630.000000</point>
				<point>116.000000,644.000000</point>
				<point>109.000000,641.000000</point>
				<point>114.000000,627.000000</point>
				<point>122.000000,630.000000</point>
			</points>
		</object>
		<object>
			<coordinate>pixel</coordinate>
			<type>rectangle</type>
			<description>None</description>
			<possibleresult>
				<name>Van</name>
			</possibleresult>
			<points>
				<point>125.000000,570.000000</point>
				<point>115.000000,587.000000</point>
				<point>106.000000,582.000000</point>
				<point>116.000000,565.000000</point>
				<point>125.000000,570.000000</point>
			</points>
		</object>
		<object>
			<coordinate>pixel</coordinate>
			<type>rectangle</type>
			<description>None</description>
			<possibleresult>
				<name>Small Car</name>
			</possibleresult>
			<points>
				<point>178.000000,535.000000</point>
				<point>171.000000,551.000000</point>
				<point>163.000000,546.000000</point>
				<point>171.000000,531.000000</point>
				<point>178.000000,535.000000</point>
			</points>
		</object>
		<object>
			<coordinate>pixel</coordinate>
			<type>rectangle</type>
			<description>None</description>
			<possibleresult>
				<name>Small Car</name>
			</possibleresult>
			<points>
				<point>212.000000,477.000000</point>
				<point>201.000000,493.000000</point>
				<point>195.000000,488.000000</point>
				<point>205.000000,472.000000</point>
				<point>212.000000,477.000000</point>
			</points>
		</object>
		<object>
			<coordinate>pixel</coordinate>
			<type>rectangle</type>
			<description>None</description>
			<possibleresult>
				<name>Small Car</name>
			</possibleresult>
			<points>
				<point>238.000000,459.000000</point>
				<point>237.000000,465.000000</point>
				<point>227.000000,462.000000</point>
				<point>229.000000,456.000000</point>
				<point>238.000000,459.000000</point>
			</points>
		</object>
		<object>
			<coordinate>pixel</coordinate>
			<type>rectangle</type>
			<description>None</description>
			<possibleresult>
				<name>Van</name>
			</possibleresult>
			<points>
				<point>151.000000,243.000000</point>
				<point>146.000000,248.000000</point>
				<point>138.000000,241.000000</point>
				<point>143.000000,236.000000</point>
				<point>151.000000,243.000000</point>
			</points>
		</object>
		<object>
			<coordinate>pixel</coordinate>
			<type>rectangle</type>
			<description>None</description>
			<possibleresult>
				<name>Van</name>
			</possibleresult>
			<points>
				<point>160.000000,216.000000</point>
				<point>154.000000,223.000000</point>
				<point>141.000000,210.000000</point>
				<point>147.000000,204.000000</point>
				<point>160.000000,216.000000</point>
			</points>
		</object>
		<object>
			<coordinate>pixel</coordinate>
			<type>rectangle</type>
			<description>None</description>
			<possibleresult>
				<name>Van</name>
			</possibleresult>
			<points>
				<point>81.000000,173.000000</point>
				<point>60.000000,173.000000</point>
				<point>60.000000,165.000000</point>
				<point>81.000000,166.000000</point>
				<point>81.000000,173.000000</point>
			</points>
		</object>
		<object>
			<coordinate>pixel</coordinate>
			<type>rectangle</type>
			<description>None</description>
			<possibleresult>
				<name>Small Car</name>
			</possibleresult>
			<points>
				<point>262.000000,529.000000</point>
				<point>260.000000,535.000000</point>
				<point>241.000000,528.000000</point>
				<point>244.000000,522.000000</point>
				<point>262.000000,529.000000</point>
			</points>
		</object>
		<object>
			<coordinate>pixel</coordinate>
			<type>rectangle</type>
			<description>None</description>
			<possibleresult>
				<name>Dump Truck</name>
			</possibleresult>
			<points>
				<point>198.000000,582.000000</point>
				<point>195.000000,590.000000</point>
				<point>176.000000,581.000000</point>
				<point>180.000000,573.000000</point>
				<point>198.000000,582.000000</point>
			</points>
		</object>
		<object>
			<coordinate>pixel</coordinate>
			<type>rectangle</type>
			<description>None</description>
			<possibleresult>
				<name>Small Car</name>
			</possibleresult>
			<points>
				<point>133.000000,487.000000</point>
				<point>127.000000,504.000000</point>
				<point>118.000000,500.000000</point>
				<point>125.000000,483.000000</point>
				<point>133.000000,487.000000</point>
			</points>
		</object>
		<object>
			<coordinate>pixel</coordinate>
			<type>rectangle</type>
			<description>None</description>
			<possibleresult>
				<name>Small Car</name>
			</possibleresult>
			<points>
				<point>153.000000,524.000000</point>
				<point>145.000000,541.000000</point>
				<point>138.000000,537.000000</point>
				<point>146.000000,521.000000</point>
				<point>153.000000,524.000000</point>
			</points>
		</object>
	</objects>
</annotation>