<?xml version="1.0" encoding="utf-8"?>
<annotation>
	<source>
		<filename>3725.tif</filename>
		<origin>GF2/GF3</origin>
	</source>
	<research>
		<version>1.0</version>
		<provider>FAIR1M</provider>
		<author>Cyber</author>
		<pluginname>FAIR1M</pluginname>
		<pluginclass>object detection</pluginclass>
		<time>2021-07-21</time>
	</research>
	<size>
		<width>600</width>
		<height>800</height>
		<depth>3</depth>
	</size>
	<objects>
		<object>
			<coordinate>pixel</coordinate>
			<type>rectangle</type>
			<description>None</description>
			<possibleresult>
				<name>Boeing747</name>
			</possibleresult>
			<points>
				<point>400.000000,356.000000</point>
				<point>323.000000,401.000000</point>
				<point>283.000000,333.000000</point>
				<point>360.000000,288.000000</point>
				<point>400.000000,356.000000</point>
			</points>
		</object>
		<object>
			<coordinate>pixel</coordinate>
			<type>rectangle</type>
			<description>None</description>
			<possibleresult>
				<name>Boeing747</name>
			</possibleresult>
			<points>
				<point>289.000000,181.000000</point>
				<point>217.000000,227.000000</point>
				<point>171.000000,157.000000</point>
				<point>243.000000,111.000000</point>
				<point>289.000000,181.000000</point>
			</points>
		</object>
		<object>
			<coordinate>pixel</coordinate>
			<type>rectangle</type>
			<description>None</description>
			<possibleresult>
				<name>Boeing777</name>
			</possibleresult>
			<points>
				<point>213.000000,90.000000</point>
				<point>144.000000,135.000000</point>
				<point>104.000000,74.000000</point>
				<point>173.000000,29.000000</point>
				<point>213.000000,90.000000</point>
			</points>
		</object>
		<object>
			<coordinate>pixel</coordinate>
			<type>rectangle</type>
			<description>None</description>
			<possibleresult>
				<name>Boeing747</name>
			</possibleresult>
			<points>
				<point>599.000000,646.000000</point>
				<point>527.000000,690.000000</point>
				<point>477.000000,609.000000</point>
				<point>549.000000,565.000000</point>
				<point>599.000000,646.000000</point>
			</points>
		</object>
		<object>
			<coordinate>pixel</coordinate>
			<type>rectangle</type>
			<description>None</description>
			<possibleresult>
				<name>Boeing747</name>
			</possibleresult>
			<points>
				<point>499.000000,702.000000</point>
				<point>434.000000,743.000000</point>
				<point>388.000000,670.000000</point>
				<point>454.000000,629.000000</point>
				<point>499.000000,702.000000</point>
			</points>
		</object>
		<object>
			<coordinate>pixel</coordinate>
			<type>rectangle</type>
			<description>None</description>
			<possibleresult>
				<name>Boeing787</name>
			</possibleresult>
			<points>
				<point>405.000000,759.000000</point>
				<point>344.000000,799.000000</point>
				<point>300.000000,731.000000</point>
				<point>361.000000,692.000000</point>
				<point>405.000000,759.000000</point>
			</points>
		</object>
	</objects>
</annotation>