<?xml version="1.0" encoding="utf-8"?>
<annotation>
	<source>
		<filename>3770.tif</filename>
		<origin>GF2/GF3</origin>
	</source>
	<research>
		<version>1.0</version>
		<provider>FAIR1M</provider>
		<author>Cyber</author>
		<pluginname>FAIR1M</pluginname>
		<pluginclass>object detection</pluginclass>
		<time>2021-07-21</time>
	</research>
	<size>
		<width>600</width>
		<height>800</height>
		<depth>3</depth>
	</size>
	<objects>
		<object>
			<coordinate>pixel</coordinate>
			<type>rectangle</type>
			<description>None</description>
			<possibleresult>
				<name>A220</name>
			</possibleresult>
			<points>
				<point>544.000000,229.000000</point>
				<point>508.000000,253.000000</point>
				<point>483.000000,216.000000</point>
				<point>520.000000,192.000000</point>
				<point>544.000000,229.000000</point>
			</points>
		</object>
		<object>
			<coordinate>pixel</coordinate>
			<type>rectangle</type>
			<description>None</description>
			<possibleresult>
				<name>other-airplane</name>
			</possibleresult>
			<points>
				<point>492.000000,273.000000</point>
				<point>456.000000,298.000000</point>
				<point>431.000000,263.000000</point>
				<point>468.000000,238.000000</point>
				<point>492.000000,273.000000</point>
			</points>
		</object>
	</objects>
</annotation>