<?xml version="1.0" encoding="utf-8"?>
<annotation>
	<source>
		<filename>3834.tif</filename>
		<origin>GF2/GF3</origin>
	</source>
	<research>
		<version>1.0</version>
		<provider>FAIR1M</provider>
		<author>Cyber</author>
		<pluginname>FAIR1M</pluginname>
		<pluginclass>object detection</pluginclass>
		<time>2021-07-21</time>
	</research>
	<size>
		<width>800</width>
		<height>600</height>
		<depth>3</depth>
	</size>
	<objects>
		<object>
			<coordinate>pixel</coordinate>
			<type>rectangle</type>
			<description>None</description>
			<possibleresult>
				<name>Dry Cargo Ship</name>
			</possibleresult>
			<points>
				<point>378.000000,79.000000</point>
				<point>366.000000,95.000000</point>
				<point>290.000000,40.000000</point>
				<point>301.000000,24.000000</point>
				<point>378.000000,79.000000</point>
			</points>
		</object>
		<object>
			<coordinate>pixel</coordinate>
			<type>rectangle</type>
			<description>None</description>
			<possibleresult>
				<name>Dry Cargo Ship</name>
			</possibleresult>
			<points>
				<point>373.000000,175.000000</point>
				<point>365.000000,190.000000</point>
				<point>297.000000,151.000000</point>
				<point>305.000000,137.000000</point>
				<point>373.000000,175.000000</point>
			</points>
		</object>
		<object>
			<coordinate>pixel</coordinate>
			<type>rectangle</type>
			<description>None</description>
			<possibleresult>
				<name>Dry Cargo Ship</name>
			</possibleresult>
			<points>
				<point>502.000000,85.000000</point>
				<point>489.000000,94.000000</point>
				<point>450.000000,38.000000</point>
				<point>463.000000,30.000000</point>
				<point>502.000000,85.000000</point>
			</points>
		</object>
		<object>
			<coordinate>pixel</coordinate>
			<type>rectangle</type>
			<description>None</description>
			<possibleresult>
				<name>other-ship</name>
			</possibleresult>
			<points>
				<point>502.000000,69.000000</point>
				<point>493.000000,74.000000</point>
				<point>476.000000,50.000000</point>
				<point>484.000000,44.000000</point>
				<point>502.000000,69.000000</point>
			</points>
		</object>
		<object>
			<coordinate>pixel</coordinate>
			<type>rectangle</type>
			<description>None</description>
			<possibleresult>
				<name>other-ship</name>
			</possibleresult>
			<points>
				<point>482.000000,86.000000</point>
				<point>475.000000,91.000000</point>
				<point>450.000000,56.000000</point>
				<point>457.000000,51.000000</point>
				<point>482.000000,86.000000</point>
			</points>
		</object>
		<object>
			<coordinate>pixel</coordinate>
			<type>rectangle</type>
			<description>None</description>
			<possibleresult>
				<name>Dry Cargo Ship</name>
			</possibleresult>
			<points>
				<point>519.000000,265.000000</point>
				<point>510.000000,278.000000</point>
				<point>447.000000,230.000000</point>
				<point>457.000000,218.000000</point>
				<point>519.000000,265.000000</point>
			</points>
		</object>
		<object>
			<coordinate>pixel</coordinate>
			<type>rectangle</type>
			<description>None</description>
			<possibleresult>
				<name>other-ship</name>
			</possibleresult>
			<points>
				<point>462.000000,242.000000</point>
				<point>459.000000,247.000000</point>
				<point>444.000000,235.000000</point>
				<point>448.000000,230.000000</point>
				<point>462.000000,242.000000</point>
			</points>
		</object>
		<object>
			<coordinate>pixel</coordinate>
			<type>rectangle</type>
			<description>None</description>
			<possibleresult>
				<name>Dry Cargo Ship</name>
			</possibleresult>
			<points>
				<point>415.000000,343.000000</point>
				<point>403.000000,354.000000</point>
				<point>353.000000,301.000000</point>
				<point>365.000000,290.000000</point>
				<point>415.000000,343.000000</point>
			</points>
		</object>
		<object>
			<coordinate>pixel</coordinate>
			<type>rectangle</type>
			<description>None</description>
			<possibleresult>
				<name>Dry Cargo Ship</name>
			</possibleresult>
			<points>
				<point>402.000000,357.000000</point>
				<point>390.000000,368.000000</point>
				<point>340.000000,313.000000</point>
				<point>352.000000,303.000000</point>
				<point>402.000000,357.000000</point>
			</points>
		</object>
		<object>
			<coordinate>pixel</coordinate>
			<type>rectangle</type>
			<description>None</description>
			<possibleresult>
				<name>Dry Cargo Ship</name>
			</possibleresult>
			<points>
				<point>383.000000,363.000000</point>
				<point>367.000000,377.000000</point>
				<point>323.000000,329.000000</point>
				<point>339.000000,314.000000</point>
				<point>383.000000,363.000000</point>
			</points>
		</object>
		<object>
			<coordinate>pixel</coordinate>
			<type>rectangle</type>
			<description>None</description>
			<possibleresult>
				<name>Dry Cargo Ship</name>
			</possibleresult>
			<points>
				<point>593.000000,373.000000</point>
				<point>587.000000,389.000000</point>
				<point>514.000000,362.000000</point>
				<point>520.000000,346.000000</point>
				<point>593.000000,373.000000</point>
			</points>
		</object>
		<object>
			<coordinate>pixel</coordinate>
			<type>rectangle</type>
			<description>None</description>
			<possibleresult>
				<name>Dry Cargo Ship</name>
			</possibleresult>
			<points>
				<point>680.000000,479.000000</point>
				<point>672.000000,492.000000</point>
				<point>615.000000,455.000000</point>
				<point>624.000000,442.000000</point>
				<point>680.000000,479.000000</point>
			</points>
		</object>
		<object>
			<coordinate>pixel</coordinate>
			<type>rectangle</type>
			<description>None</description>
			<possibleresult>
				<name>Dry Cargo Ship</name>
			</possibleresult>
			<points>
				<point>795.000000,354.000000</point>
				<point>787.000000,367.000000</point>
				<point>730.000000,334.000000</point>
				<point>738.000000,320.000000</point>
				<point>795.000000,354.000000</point>
			</points>
		</object>
		<object>
			<coordinate>pixel</coordinate>
			<type>rectangle</type>
			<description>None</description>
			<possibleresult>
				<name>Dry Cargo Ship</name>
			</possibleresult>
			<points>
				<point>774.000000,361.000000</point>
				<point>770.000000,367.000000</point>
				<point>738.000000,348.000000</point>
				<point>742.000000,341.000000</point>
				<point>774.000000,361.000000</point>
			</points>
		</object>
		<object>
			<coordinate>pixel</coordinate>
			<type>rectangle</type>
			<description>None</description>
			<possibleresult>
				<name>other-ship</name>
			</possibleresult>
			<points>
				<point>366.000000,376.000000</point>
				<point>361.000000,381.000000</point>
				<point>341.000000,361.000000</point>
				<point>346.000000,356.000000</point>
				<point>366.000000,376.000000</point>
			</points>
		</object>
	</objects>
</annotation>