<?xml version="1.0" encoding="utf-8"?>
<annotation>
	<source>
		<filename>3856.tif</filename>
		<origin>GF2/GF3</origin>
	</source>
	<research>
		<version>1.0</version>
		<provider>FAIR1M</provider>
		<author>Cyber</author>
		<pluginname>FAIR1M</pluginname>
		<pluginclass>object detection</pluginclass>
		<time>2021-07-21</time>
	</research>
	<size>
		<width>1000</width>
		<height>1000</height>
		<depth>3</depth>
	</size>
	<objects>
		<object>
			<coordinate>pixel</coordinate>
			<type>rectangle</type>
			<description>None</description>
			<possibleresult>
				<name>other-airplane</name>
			</possibleresult>
			<points>
				<point>831.000000,100.000000</point>
				<point>874.000000,60.000000</point>
				<point>842.000000,25.000000</point>
				<point>798.000000,64.000000</point>
				<point>831.000000,100.000000</point>
			</points>
		</object>
		<object>
			<coordinate>pixel</coordinate>
			<type>rectangle</type>
			<description>None</description>
			<possibleresult>
				<name>Boeing737</name>
			</possibleresult>
			<points>
				<point>542.000000,370.000000</point>
				<point>592.000000,374.000000</point>
				<point>595.000000,330.000000</point>
				<point>546.000000,326.000000</point>
				<point>542.000000,370.000000</point>
			</points>
		</object>
		<object>
			<coordinate>pixel</coordinate>
			<type>rectangle</type>
			<description>None</description>
			<possibleresult>
				<name>other-airplane</name>
			</possibleresult>
			<points>
				<point>488.000000,446.000000</point>
				<point>397.000000,455.000000</point>
				<point>407.000000,554.000000</point>
				<point>498.000000,545.000000</point>
				<point>488.000000,446.000000</point>
			</points>
		</object>
		<object>
			<coordinate>pixel</coordinate>
			<type>rectangle</type>
			<description>None</description>
			<possibleresult>
				<name>other-airplane</name>
			</possibleresult>
			<points>
				<point>554.000000,575.000000</point>
				<point>603.000000,543.000000</point>
				<point>576.000000,502.000000</point>
				<point>527.000000,534.000000</point>
				<point>554.000000,575.000000</point>
			</points>
		</object>
		<object>
			<coordinate>pixel</coordinate>
			<type>rectangle</type>
			<description>None</description>
			<possibleresult>
				<name>other-airplane</name>
			</possibleresult>
			<points>
				<point>525.000000,632.000000</point>
				<point>467.000000,609.000000</point>
				<point>448.000000,657.000000</point>
				<point>506.000000,680.000000</point>
				<point>525.000000,632.000000</point>
			</points>
		</object>
		<object>
			<coordinate>pixel</coordinate>
			<type>rectangle</type>
			<description>None</description>
			<possibleresult>
				<name>A220</name>
			</possibleresult>
			<points>
				<point>941.000000,233.000000</point>
				<point>952.000000,187.000000</point>
				<point>909.000000,176.000000</point>
				<point>898.000000,222.000000</point>
				<point>941.000000,233.000000</point>
			</points>
		</object>
		<object>
			<coordinate>pixel</coordinate>
			<type>rectangle</type>
			<description>None</description>
			<possibleresult>
				<name>other-airplane</name>
			</possibleresult>
			<points>
				<point>796.000000,944.000000</point>
				<point>791.000000,870.000000</point>
				<point>715.000000,874.000000</point>
				<point>719.000000,948.000000</point>
				<point>796.000000,944.000000</point>
			</points>
		</object>
		<object>
			<coordinate>pixel</coordinate>
			<type>rectangle</type>
			<description>None</description>
			<possibleresult>
				<name>other-airplane</name>
			</possibleresult>
			<points>
				<point>692.000000,946.000000</point>
				<point>688.000000,888.000000</point>
				<point>632.000000,892.000000</point>
				<point>636.000000,950.000000</point>
				<point>692.000000,946.000000</point>
			</points>
		</object>
	</objects>
</annotation>