<?xml version="1.0" encoding="utf-8"?>
<annotation>
	<source>
		<filename>3866.tif</filename>
		<origin>GF2/GF3</origin>
	</source>
	<research>
		<version>1.0</version>
		<provider>FAIR1M</provider>
		<author>Cyber</author>
		<pluginname>FAIR1M</pluginname>
		<pluginclass>object detection</pluginclass>
		<time>2021-07-21</time>
	</research>
	<size>
		<width>1000</width>
		<height>1000</height>
		<depth>3</depth>
	</size>
	<objects>
		<object>
			<coordinate>pixel</coordinate>
			<type>rectangle</type>
			<description>None</description>
			<possibleresult>
				<name>Van</name>
			</possibleresult>
			<points>
				<point>157.000000,701.000000</point>
				<point>132.000000,700.000000</point>
				<point>132.000000,693.000000</point>
				<point>157.000000,693.000000</point>
				<point>157.000000,701.000000</point>
			</points>
		</object>
		<object>
			<coordinate>pixel</coordinate>
			<type>rectangle</type>
			<description>None</description>
			<possibleresult>
				<name>Small Car</name>
			</possibleresult>
			<points>
				<point>90.000000,533.000000</point>
				<point>88.000000,551.000000</point>
				<point>77.000000,549.000000</point>
				<point>79.000000,532.000000</point>
				<point>90.000000,533.000000</point>
			</points>
		</object>
		<object>
			<coordinate>pixel</coordinate>
			<type>rectangle</type>
			<description>None</description>
			<possibleresult>
				<name>Van</name>
			</possibleresult>
			<points>
				<point>78.000000,532.000000</point>
				<point>77.000000,551.000000</point>
				<point>66.000000,550.000000</point>
				<point>67.000000,531.000000</point>
				<point>78.000000,532.000000</point>
			</points>
		</object>
		<object>
			<coordinate>pixel</coordinate>
			<type>rectangle</type>
			<description>None</description>
			<possibleresult>
				<name>Van</name>
			</possibleresult>
			<points>
				<point>64.000000,549.000000</point>
				<point>52.000000,551.000000</point>
				<point>48.000000,531.000000</point>
				<point>60.000000,529.000000</point>
				<point>64.000000,549.000000</point>
			</points>
		</object>
		<object>
			<coordinate>pixel</coordinate>
			<type>rectangle</type>
			<description>None</description>
			<possibleresult>
				<name>Van</name>
			</possibleresult>
			<points>
				<point>39.000000,548.000000</point>
				<point>26.000000,548.000000</point>
				<point>25.000000,530.000000</point>
				<point>39.000000,529.000000</point>
				<point>39.000000,548.000000</point>
			</points>
		</object>
		<object>
			<coordinate>pixel</coordinate>
			<type>rectangle</type>
			<description>None</description>
			<possibleresult>
				<name>Small Car</name>
			</possibleresult>
			<points>
				<point>12.000000,548.000000</point>
				<point>3.000000,549.000000</point>
				<point>1.000000,532.000000</point>
				<point>11.000000,531.000000</point>
				<point>12.000000,548.000000</point>
			</points>
		</object>
		<object>
			<coordinate>pixel</coordinate>
			<type>rectangle</type>
			<description>None</description>
			<possibleresult>
				<name>Small Car</name>
			</possibleresult>
			<points>
				<point>90.000000,716.000000</point>
				<point>89.000000,724.000000</point>
				<point>65.000000,723.000000</point>
				<point>65.000000,715.000000</point>
				<point>90.000000,716.000000</point>
			</points>
		</object>
		<object>
			<coordinate>pixel</coordinate>
			<type>rectangle</type>
			<description>None</description>
			<possibleresult>
				<name>Small Car</name>
			</possibleresult>
			<points>
				<point>90.000000,704.000000</point>
				<point>67.000000,705.000000</point>
				<point>67.000000,696.000000</point>
				<point>90.000000,696.000000</point>
				<point>90.000000,704.000000</point>
			</points>
		</object>
		<object>
			<coordinate>pixel</coordinate>
			<type>rectangle</type>
			<description>None</description>
			<possibleresult>
				<name>Small Car</name>
			</possibleresult>
			<points>
				<point>88.000000,681.000000</point>
				<point>87.000000,689.000000</point>
				<point>65.000000,687.000000</point>
				<point>66.000000,680.000000</point>
				<point>88.000000,681.000000</point>
			</points>
		</object>
		<object>
			<coordinate>pixel</coordinate>
			<type>rectangle</type>
			<description>None</description>
			<possibleresult>
				<name>Small Car</name>
			</possibleresult>
			<points>
				<point>93.000000,661.000000</point>
				<point>92.000000,670.000000</point>
				<point>66.000000,668.000000</point>
				<point>67.000000,659.000000</point>
				<point>93.000000,661.000000</point>
			</points>
		</object>
		<object>
			<coordinate>pixel</coordinate>
			<type>rectangle</type>
			<description>None</description>
			<possibleresult>
				<name>Small Car</name>
			</possibleresult>
			<points>
				<point>88.000000,659.000000</point>
				<point>67.000000,658.000000</point>
				<point>67.000000,649.000000</point>
				<point>88.000000,651.000000</point>
				<point>88.000000,659.000000</point>
			</points>
		</object>
		<object>
			<coordinate>pixel</coordinate>
			<type>rectangle</type>
			<description>None</description>
			<possibleresult>
				<name>Small Car</name>
			</possibleresult>
			<points>
				<point>85.000000,623.000000</point>
				<point>84.000000,632.000000</point>
				<point>65.000000,631.000000</point>
				<point>66.000000,622.000000</point>
				<point>85.000000,623.000000</point>
			</points>
		</object>
		<object>
			<coordinate>pixel</coordinate>
			<type>rectangle</type>
			<description>None</description>
			<possibleresult>
				<name>Van</name>
			</possibleresult>
			<points>
				<point>86.000000,623.000000</point>
				<point>64.000000,622.000000</point>
				<point>65.000000,613.000000</point>
				<point>86.000000,614.000000</point>
				<point>86.000000,623.000000</point>
			</points>
		</object>
		<object>
			<coordinate>pixel</coordinate>
			<type>rectangle</type>
			<description>None</description>
			<possibleresult>
				<name>Small Car</name>
			</possibleresult>
			<points>
				<point>90.000000,606.000000</point>
				<point>67.000000,605.000000</point>
				<point>67.000000,596.000000</point>
				<point>90.000000,597.000000</point>
				<point>90.000000,606.000000</point>
			</points>
		</object>
		<object>
			<coordinate>pixel</coordinate>
			<type>rectangle</type>
			<description>None</description>
			<possibleresult>
				<name>Small Car</name>
			</possibleresult>
			<points>
				<point>151.000000,618.000000</point>
				<point>130.000000,617.000000</point>
				<point>131.000000,610.000000</point>
				<point>151.000000,610.000000</point>
				<point>151.000000,618.000000</point>
			</points>
		</object>
		<object>
			<coordinate>pixel</coordinate>
			<type>rectangle</type>
			<description>None</description>
			<possibleresult>
				<name>Van</name>
			</possibleresult>
			<points>
				<point>151.000000,626.000000</point>
				<point>128.000000,625.000000</point>
				<point>128.000000,618.000000</point>
				<point>151.000000,619.000000</point>
				<point>151.000000,626.000000</point>
			</points>
		</object>
		<object>
			<coordinate>pixel</coordinate>
			<type>rectangle</type>
			<description>None</description>
			<possibleresult>
				<name>Van</name>
			</possibleresult>
			<points>
				<point>150.000000,636.000000</point>
				<point>130.000000,636.000000</point>
				<point>130.000000,628.000000</point>
				<point>150.000000,629.000000</point>
				<point>150.000000,636.000000</point>
			</points>
		</object>
		<object>
			<coordinate>pixel</coordinate>
			<type>rectangle</type>
			<description>None</description>
			<possibleresult>
				<name>Dump Truck</name>
			</possibleresult>
			<points>
				<point>151.000000,655.000000</point>
				<point>130.000000,655.000000</point>
				<point>130.000000,646.000000</point>
				<point>151.000000,646.000000</point>
				<point>151.000000,655.000000</point>
			</points>
		</object>
		<object>
			<coordinate>pixel</coordinate>
			<type>rectangle</type>
			<description>None</description>
			<possibleresult>
				<name>Small Car</name>
			</possibleresult>
			<points>
				<point>50.000000,742.000000</point>
				<point>30.000000,742.000000</point>
				<point>30.000000,732.000000</point>
				<point>50.000000,733.000000</point>
				<point>50.000000,742.000000</point>
			</points>
		</object>
		<object>
			<coordinate>pixel</coordinate>
			<type>rectangle</type>
			<description>None</description>
			<possibleresult>
				<name>Small Car</name>
			</possibleresult>
			<points>
				<point>49.000000,724.000000</point>
				<point>29.000000,723.000000</point>
				<point>29.000000,715.000000</point>
				<point>49.000000,716.000000</point>
				<point>49.000000,724.000000</point>
			</points>
		</object>
		<object>
			<coordinate>pixel</coordinate>
			<type>rectangle</type>
			<description>None</description>
			<possibleresult>
				<name>Van</name>
			</possibleresult>
			<points>
				<point>54.000000,706.000000</point>
				<point>29.000000,705.000000</point>
				<point>30.000000,698.000000</point>
				<point>54.000000,699.000000</point>
				<point>54.000000,706.000000</point>
			</points>
		</object>
		<object>
			<coordinate>pixel</coordinate>
			<type>rectangle</type>
			<description>None</description>
			<possibleresult>
				<name>Small Car</name>
			</possibleresult>
			<points>
				<point>52.000000,698.000000</point>
				<point>28.000000,697.000000</point>
				<point>28.000000,688.000000</point>
				<point>52.000000,689.000000</point>
				<point>52.000000,698.000000</point>
			</points>
		</object>
		<object>
			<coordinate>pixel</coordinate>
			<type>rectangle</type>
			<description>None</description>
			<possibleresult>
				<name>Dump Truck</name>
			</possibleresult>
			<points>
				<point>154.000000,692.000000</point>
				<point>129.000000,692.000000</point>
				<point>129.000000,685.000000</point>
				<point>153.000000,684.000000</point>
				<point>154.000000,692.000000</point>
			</points>
		</object>
		<object>
			<coordinate>pixel</coordinate>
			<type>rectangle</type>
			<description>None</description>
			<possibleresult>
				<name>Van</name>
			</possibleresult>
			<points>
				<point>155.000000,750.000000</point>
				<point>133.000000,749.000000</point>
				<point>134.000000,741.000000</point>
				<point>155.000000,742.000000</point>
				<point>155.000000,750.000000</point>
			</points>
		</object>
		<object>
			<coordinate>pixel</coordinate>
			<type>rectangle</type>
			<description>None</description>
			<possibleresult>
				<name>Van</name>
			</possibleresult>
			<points>
				<point>8.027695,789.501587</point>
				<point>7.000002,808.000000</point>
				<point>-0.000000,807.611084</point>
				<point>0.000000,789.055542</point>
				<point>8.027695,789.501587</point>
			</points>
		</object>
		<object>
			<coordinate>pixel</coordinate>
			<type>rectangle</type>
			<description>None</description>
			<possibleresult>
				<name>Van</name>
			</possibleresult>
			<points>
				<point>21.000000,808.000000</point>
				<point>9.000000,808.000000</point>
				<point>9.000000,790.000000</point>
				<point>21.000000,790.000000</point>
				<point>21.000000,808.000000</point>
			</points>
		</object>
		<object>
			<coordinate>pixel</coordinate>
			<type>rectangle</type>
			<description>None</description>
			<possibleresult>
				<name>Small Car</name>
			</possibleresult>
			<points>
				<point>70.000000,999.000000</point>
				<point>60.000000,999.000000</point>
				<point>59.000000,979.000000</point>
				<point>69.000000,978.000000</point>
				<point>70.000000,999.000000</point>
			</points>
		</object>
		<object>
			<coordinate>pixel</coordinate>
			<type>rectangle</type>
			<description>None</description>
			<possibleresult>
				<name>Small Car</name>
			</possibleresult>
			<points>
				<point>59.000000,978.000000</point>
				<point>46.000000,980.000000</point>
				<point>44.000000,960.000000</point>
				<point>57.000000,959.000000</point>
				<point>59.000000,978.000000</point>
			</points>
		</object>
		<object>
			<coordinate>pixel</coordinate>
			<type>rectangle</type>
			<description>None</description>
			<possibleresult>
				<name>Small Car</name>
			</possibleresult>
			<points>
				<point>34.000000,979.000000</point>
				<point>20.000000,980.000000</point>
				<point>19.000000,954.000000</point>
				<point>33.000000,953.000000</point>
				<point>34.000000,979.000000</point>
			</points>
		</object>
		<object>
			<coordinate>pixel</coordinate>
			<type>rectangle</type>
			<description>None</description>
			<possibleresult>
				<name>Football Field</name>
			</possibleresult>
			<points>
				<point>839.703491,1000.000000</point>
				<point>601.728882,1000.000000</point>
				<point>598.822144,657.001526</point>
				<point>836.779663,654.984863</point>
				<point>839.703491,1000.000000</point>
			</points>
		</object>
		<object>
			<coordinate>pixel</coordinate>
			<type>rectangle</type>
			<description>None</description>
			<possibleresult>
				<name>Baseball Field</name>
			</possibleresult>
			<points>
				<point>518.000000,441.000000</point>
				<point>322.000000,442.000000</point>
				<point>321.000000,299.000000</point>
				<point>517.000000,297.000000</point>
				<point>518.000000,441.000000</point>
			</points>
		</object>
	</objects>
</annotation>