<?xml version="1.0" encoding="utf-8"?>
<annotation>
	<source>
		<filename>3871.tif</filename>
		<origin>GF2/GF3</origin>
	</source>
	<research>
		<version>1.0</version>
		<provider>FAIR1M</provider>
		<author>Cyber</author>
		<pluginname>FAIR1M</pluginname>
		<pluginclass>object detection</pluginclass>
		<time>2021-07-21</time>
	</research>
	<size>
		<width>600</width>
		<height>800</height>
		<depth>3</depth>
	</size>
	<objects>
		<object>
			<coordinate>pixel</coordinate>
			<type>rectangle</type>
			<description>None</description>
			<possibleresult>
				<name>Dry Cargo Ship</name>
			</possibleresult>
			<points>
				<point>374.000000,254.000000</point>
				<point>340.000000,256.000000</point>
				<point>325.000000,102.000000</point>
				<point>359.000000,97.000000</point>
				<point>374.000000,254.000000</point>
			</points>
		</object>
	</objects>
</annotation>