<?xml version="1.0" encoding="utf-8"?>
<annotation>
	<source>
		<filename>3897.tif</filename>
		<origin>GF2/GF3</origin>
	</source>
	<research>
		<version>1.0</version>
		<provider>FAIR1M</provider>
		<author>Cyber</author>
		<pluginname>FAIR1M</pluginname>
		<pluginclass>object detection</pluginclass>
		<time>2021-07-21</time>
	</research>
	<size>
		<width>1000</width>
		<height>1000</height>
		<depth>3</depth>
	</size>
	<objects>
		<object>
			<coordinate>pixel</coordinate>
			<type>rectangle</type>
			<description>None</description>
			<possibleresult>
				<name>Small Car</name>
			</possibleresult>
			<points>
				<point>86.000000,403.000000</point>
				<point>79.000000,403.000000</point>
				<point>79.000000,390.000000</point>
				<point>86.000000,390.000000</point>
				<point>86.000000,403.000000</point>
			</points>
		</object>
		<object>
			<coordinate>pixel</coordinate>
			<type>rectangle</type>
			<description>None</description>
			<possibleresult>
				<name>Van</name>
			</possibleresult>
			<points>
				<point>170.000000,395.000000</point>
				<point>169.000000,407.000000</point>
				<point>140.000000,407.000000</point>
				<point>140.000000,395.000000</point>
				<point>170.000000,395.000000</point>
			</points>
		</object>
		<object>
			<coordinate>pixel</coordinate>
			<type>rectangle</type>
			<description>None</description>
			<possibleresult>
				<name>Small Car</name>
			</possibleresult>
			<points>
				<point>982.000000,962.000000</point>
				<point>966.000000,962.000000</point>
				<point>966.000000,957.000000</point>
				<point>982.000000,956.000000</point>
				<point>982.000000,962.000000</point>
			</points>
		</object>
		<object>
			<coordinate>pixel</coordinate>
			<type>rectangle</type>
			<description>None</description>
			<possibleresult>
				<name>Dump Truck</name>
			</possibleresult>
			<points>
				<point>981.000000,952.000000</point>
				<point>960.000000,951.000000</point>
				<point>960.000000,945.000000</point>
				<point>981.000000,945.000000</point>
				<point>981.000000,952.000000</point>
			</points>
		</object>
		<object>
			<coordinate>pixel</coordinate>
			<type>rectangle</type>
			<description>None</description>
			<possibleresult>
				<name>Van</name>
			</possibleresult>
			<points>
				<point>979.000000,874.000000</point>
				<point>959.000000,873.000000</point>
				<point>959.000000,867.000000</point>
				<point>979.000000,867.000000</point>
				<point>979.000000,874.000000</point>
			</points>
		</object>
		<object>
			<coordinate>pixel</coordinate>
			<type>rectangle</type>
			<description>None</description>
			<possibleresult>
				<name>Van</name>
			</possibleresult>
			<points>
				<point>869.000000,915.000000</point>
				<point>858.000000,915.000000</point>
				<point>858.000000,908.000000</point>
				<point>869.000000,908.000000</point>
				<point>869.000000,915.000000</point>
			</points>
		</object>
		<object>
			<coordinate>pixel</coordinate>
			<type>rectangle</type>
			<description>None</description>
			<possibleresult>
				<name>Small Car</name>
			</possibleresult>
			<points>
				<point>638.000000,889.000000</point>
				<point>616.000000,887.000000</point>
				<point>616.000000,880.000000</point>
				<point>638.000000,882.000000</point>
				<point>638.000000,889.000000</point>
			</points>
		</object>
		<object>
			<coordinate>pixel</coordinate>
			<type>rectangle</type>
			<description>None</description>
			<possibleresult>
				<name>Small Car</name>
			</possibleresult>
			<points>
				<point>638.000000,878.000000</point>
				<point>620.000000,878.000000</point>
				<point>620.000000,871.000000</point>
				<point>638.000000,871.000000</point>
				<point>638.000000,878.000000</point>
			</points>
		</object>
		<object>
			<coordinate>pixel</coordinate>
			<type>rectangle</type>
			<description>None</description>
			<possibleresult>
				<name>Van</name>
			</possibleresult>
			<points>
				<point>243.000000,821.000000</point>
				<point>234.000000,821.000000</point>
				<point>234.000000,805.000000</point>
				<point>242.000000,805.000000</point>
				<point>243.000000,821.000000</point>
			</points>
		</object>
		<object>
			<coordinate>pixel</coordinate>
			<type>rectangle</type>
			<description>None</description>
			<possibleresult>
				<name>Dump Truck</name>
			</possibleresult>
			<points>
				<point>279.000000,879.000000</point>
				<point>268.000000,879.000000</point>
				<point>268.000000,857.000000</point>
				<point>279.000000,857.000000</point>
				<point>279.000000,879.000000</point>
			</points>
		</object>
		<object>
			<coordinate>pixel</coordinate>
			<type>rectangle</type>
			<description>None</description>
			<possibleresult>
				<name>Small Car</name>
			</possibleresult>
			<points>
				<point>312.000000,902.000000</point>
				<point>293.000000,902.000000</point>
				<point>293.000000,895.000000</point>
				<point>312.000000,895.000000</point>
				<point>312.000000,902.000000</point>
			</points>
		</object>
		<object>
			<coordinate>pixel</coordinate>
			<type>rectangle</type>
			<description>None</description>
			<possibleresult>
				<name>Small Car</name>
			</possibleresult>
			<points>
				<point>277.000000,926.000000</point>
				<point>268.000000,927.000000</point>
				<point>268.000000,908.000000</point>
				<point>277.000000,908.000000</point>
				<point>277.000000,926.000000</point>
			</points>
		</object>
		<object>
			<coordinate>pixel</coordinate>
			<type>rectangle</type>
			<description>None</description>
			<possibleresult>
				<name>Small Car</name>
			</possibleresult>
			<points>
				<point>318.000000,979.000000</point>
				<point>300.000000,981.000000</point>
				<point>299.000000,973.000000</point>
				<point>317.000000,971.000000</point>
				<point>318.000000,979.000000</point>
			</points>
		</object>
		<object>
			<coordinate>pixel</coordinate>
			<type>rectangle</type>
			<description>None</description>
			<possibleresult>
				<name>Small Car</name>
			</possibleresult>
			<points>
				<point>396.000000,813.000000</point>
				<point>387.000000,813.000000</point>
				<point>387.000000,796.000000</point>
				<point>396.000000,796.000000</point>
				<point>396.000000,813.000000</point>
			</points>
		</object>
		<object>
			<coordinate>pixel</coordinate>
			<type>rectangle</type>
			<description>None</description>
			<possibleresult>
				<name>Van</name>
			</possibleresult>
			<points>
				<point>636.000000,868.000000</point>
				<point>612.000000,870.000000</point>
				<point>611.000000,862.000000</point>
				<point>635.000000,861.000000</point>
				<point>636.000000,868.000000</point>
			</points>
		</object>
		<object>
			<coordinate>pixel</coordinate>
			<type>rectangle</type>
			<description>None</description>
			<possibleresult>
				<name>Dump Truck</name>
			</possibleresult>
			<points>
				<point>744.000000,811.000000</point>
				<point>735.000000,811.000000</point>
				<point>735.000000,790.000000</point>
				<point>744.000000,790.000000</point>
				<point>744.000000,811.000000</point>
			</points>
		</object>
		<object>
			<coordinate>pixel</coordinate>
			<type>rectangle</type>
			<description>None</description>
			<possibleresult>
				<name>Van</name>
			</possibleresult>
			<points>
				<point>724.000000,798.000000</point>
				<point>718.000000,812.000000</point>
				<point>711.000000,809.000000</point>
				<point>715.000000,795.000000</point>
				<point>724.000000,798.000000</point>
			</points>
		</object>
		<object>
			<coordinate>pixel</coordinate>
			<type>rectangle</type>
			<description>None</description>
			<possibleresult>
				<name>Small Car</name>
			</possibleresult>
			<points>
				<point>805.000000,787.000000</point>
				<point>805.000000,794.000000</point>
				<point>786.000000,792.000000</point>
				<point>787.000000,785.000000</point>
				<point>805.000000,787.000000</point>
			</points>
		</object>
		<object>
			<coordinate>pixel</coordinate>
			<type>rectangle</type>
			<description>None</description>
			<possibleresult>
				<name>Van</name>
			</possibleresult>
			<points>
				<point>807.000000,777.000000</point>
				<point>805.000000,784.000000</point>
				<point>788.000000,782.000000</point>
				<point>789.000000,775.000000</point>
				<point>807.000000,777.000000</point>
			</points>
		</object>
		<object>
			<coordinate>pixel</coordinate>
			<type>rectangle</type>
			<description>None</description>
			<possibleresult>
				<name>Intersection</name>
			</possibleresult>
			<points>
				<point>949.000000,778.000000</point>
				<point>877.000000,779.000000</point>
				<point>877.000000,716.000000</point>
				<point>948.000000,715.000000</point>
				<point>949.000000,778.000000</point>
			</points>
		</object>
		<object>
			<coordinate>pixel</coordinate>
			<type>rectangle</type>
			<description>None</description>
			<possibleresult>
				<name>Small Car</name>
			</possibleresult>
			<points>
				<point>940.000000,657.000000</point>
				<point>929.000000,656.000000</point>
				<point>929.000000,638.000000</point>
				<point>940.000000,639.000000</point>
				<point>940.000000,657.000000</point>
			</points>
		</object>
		<object>
			<coordinate>pixel</coordinate>
			<type>rectangle</type>
			<description>None</description>
			<possibleresult>
				<name>Van</name>
			</possibleresult>
			<points>
				<point>878.000000,614.000000</point>
				<point>857.000000,614.000000</point>
				<point>857.000000,605.000000</point>
				<point>878.000000,605.000000</point>
				<point>878.000000,614.000000</point>
			</points>
		</object>
		<object>
			<coordinate>pixel</coordinate>
			<type>rectangle</type>
			<description>None</description>
			<possibleresult>
				<name>Small Car</name>
			</possibleresult>
			<points>
				<point>947.000000,174.000000</point>
				<point>938.000000,190.000000</point>
				<point>930.000000,186.000000</point>
				<point>940.000000,169.000000</point>
				<point>947.000000,174.000000</point>
			</points>
		</object>
		<object>
			<coordinate>pixel</coordinate>
			<type>rectangle</type>
			<description>None</description>
			<possibleresult>
				<name>Van</name>
			</possibleresult>
			<points>
				<point>874.000000,200.000000</point>
				<point>871.000000,207.000000</point>
				<point>854.000000,198.000000</point>
				<point>858.000000,192.000000</point>
				<point>874.000000,200.000000</point>
			</points>
		</object>
		<object>
			<coordinate>pixel</coordinate>
			<type>rectangle</type>
			<description>None</description>
			<possibleresult>
				<name>other-vehicle</name>
			</possibleresult>
			<points>
				<point>889.000000,269.000000</point>
				<point>886.000000,278.000000</point>
				<point>857.000000,268.000000</point>
				<point>860.000000,259.000000</point>
				<point>889.000000,269.000000</point>
			</points>
		</object>
		<object>
			<coordinate>pixel</coordinate>
			<type>rectangle</type>
			<description>None</description>
			<possibleresult>
				<name>Van</name>
			</possibleresult>
			<points>
				<point>882.000000,347.000000</point>
				<point>861.000000,348.000000</point>
				<point>861.000000,341.000000</point>
				<point>882.000000,341.000000</point>
				<point>882.000000,347.000000</point>
			</points>
		</object>
		<object>
			<coordinate>pixel</coordinate>
			<type>rectangle</type>
			<description>None</description>
			<possibleresult>
				<name>Baseball Field</name>
			</possibleresult>
			<points>
				<point>705.000000,209.000000</point>
				<point>704.000000,317.000000</point>
				<point>575.000000,316.000000</point>
				<point>577.000000,207.000000</point>
				<point>705.000000,209.000000</point>
			</points>
		</object>
		<object>
			<coordinate>pixel</coordinate>
			<type>rectangle</type>
			<description>None</description>
			<possibleresult>
				<name>Basketball Court</name>
			</possibleresult>
			<points>
				<point>393.000000,157.000000</point>
				<point>287.000000,157.000000</point>
				<point>288.000000,115.000000</point>
				<point>392.000000,114.000000</point>
				<point>393.000000,157.000000</point>
			</points>
		</object>
		<object>
			<coordinate>pixel</coordinate>
			<type>rectangle</type>
			<description>None</description>
			<possibleresult>
				<name>Basketball Court</name>
			</possibleresult>
			<points>
				<point>337.000000,208.000000</point>
				<point>249.000000,207.000000</point>
				<point>251.000000,165.000000</point>
				<point>336.000000,165.000000</point>
				<point>337.000000,208.000000</point>
			</points>
		</object>
		<object>
			<coordinate>pixel</coordinate>
			<type>rectangle</type>
			<description>None</description>
			<possibleresult>
				<name>Tennis Court</name>
			</possibleresult>
			<points>
				<point>238.000000,517.000000</point>
				<point>191.000000,517.000000</point>
				<point>189.000000,436.000000</point>
				<point>237.000000,436.000000</point>
				<point>238.000000,517.000000</point>
			</points>
		</object>
	</objects>
</annotation>