<?xml version="1.0" encoding="utf-8"?>
<annotation>
	<source>
		<filename>3910.tif</filename>
		<origin>GF2/GF3</origin>
	</source>
	<research>
		<version>1.0</version>
		<provider>FAIR1M</provider>
		<author>Cyber</author>
		<pluginname>FAIR1M</pluginname>
		<pluginclass>object detection</pluginclass>
		<time>2021-07-21</time>
	</research>
	<size>
		<width>800</width>
		<height>600</height>
		<depth>3</depth>
	</size>
	<objects>
		<object>
			<coordinate>pixel</coordinate>
			<type>rectangle</type>
			<description>None</description>
			<possibleresult>
				<name>A321</name>
			</possibleresult>
			<points>
				<point>332.000000,81.000000</point>
				<point>323.000000,137.000000</point>
				<point>276.000000,129.000000</point>
				<point>286.000000,73.000000</point>
				<point>332.000000,81.000000</point>
			</points>
		</object>
		<object>
			<coordinate>pixel</coordinate>
			<type>rectangle</type>
			<description>None</description>
			<possibleresult>
				<name>Boeing747</name>
			</possibleresult>
			<points>
				<point>421.000000,89.000000</point>
				<point>357.000000,151.000000</point>
				<point>301.000000,90.000000</point>
				<point>365.000000,30.000000</point>
				<point>421.000000,89.000000</point>
			</points>
		</object>
		<object>
			<coordinate>pixel</coordinate>
			<type>rectangle</type>
			<description>None</description>
			<possibleresult>
				<name>A220</name>
			</possibleresult>
			<points>
				<point>430.000000,100.000000</point>
				<point>423.000000,145.000000</point>
				<point>378.000000,138.000000</point>
				<point>384.000000,94.000000</point>
				<point>430.000000,100.000000</point>
			</points>
		</object>
		<object>
			<coordinate>pixel</coordinate>
			<type>rectangle</type>
			<description>None</description>
			<possibleresult>
				<name>other-airplane</name>
			</possibleresult>
			<points>
				<point>430.000000,240.000000</point>
				<point>390.000000,270.000000</point>
				<point>361.000000,230.000000</point>
				<point>401.000000,202.000000</point>
				<point>430.000000,240.000000</point>
			</points>
		</object>
		<object>
			<coordinate>pixel</coordinate>
			<type>rectangle</type>
			<description>None</description>
			<possibleresult>
				<name>Basketball Court</name>
			</possibleresult>
			<points>
				<point>126.000000,99.000000</point>
				<point>110.000000,113.000000</point>
				<point>86.000000,86.000000</point>
				<point>103.000000,72.000000</point>
				<point>126.000000,99.000000</point>
			</points>
		</object>
		<object>
			<coordinate>pixel</coordinate>
			<type>rectangle</type>
			<description>None</description>
			<possibleresult>
				<name>Basketball Court</name>
			</possibleresult>
			<points>
				<point>143.000000,85.000000</point>
				<point>127.000000,99.000000</point>
				<point>104.000000,72.000000</point>
				<point>120.000000,58.000000</point>
				<point>143.000000,85.000000</point>
			</points>
		</object>
	</objects>
</annotation>