<?xml version="1.0" encoding="utf-8"?>
<annotation>
	<source>
		<filename>3961.tif</filename>
		<origin>GF2/GF3</origin>
	</source>
	<research>
		<version>1.0</version>
		<provider>FAIR1M</provider>
		<author>Cyber</author>
		<pluginname>FAIR1M</pluginname>
		<pluginclass>object detection</pluginclass>
		<time>2021-07-21</time>
	</research>
	<size>
		<width>800</width>
		<height>600</height>
		<depth>3</depth>
	</size>
	<objects>
		<object>
			<coordinate>pixel</coordinate>
			<type>rectangle</type>
			<description>None</description>
			<possibleresult>
				<name>Boeing777</name>
			</possibleresult>
			<points>
				<point>577.000000,442.000000</point>
				<point>508.000000,483.000000</point>
				<point>469.000000,419.000000</point>
				<point>538.000000,378.000000</point>
				<point>577.000000,442.000000</point>
			</points>
		</object>
		<object>
			<coordinate>pixel</coordinate>
			<type>rectangle</type>
			<description>None</description>
			<possibleresult>
				<name>A321</name>
			</possibleresult>
			<points>
				<point>770.000000,273.000000</point>
				<point>716.000000,286.000000</point>
				<point>705.000000,240.000000</point>
				<point>759.000000,227.000000</point>
				<point>770.000000,273.000000</point>
			</points>
		</object>
		<object>
			<coordinate>pixel</coordinate>
			<type>rectangle</type>
			<description>None</description>
			<possibleresult>
				<name>Boeing777</name>
			</possibleresult>
			<points>
				<point>782.000000,133.000000</point>
				<point>776.000000,213.000000</point>
				<point>694.000000,207.000000</point>
				<point>700.000000,127.000000</point>
				<point>782.000000,133.000000</point>
			</points>
		</object>
	</objects>
</annotation>