<?xml version="1.0" encoding="utf-8"?>
<annotation>
	<source>
		<filename>3966.tif</filename>
		<origin>GF2/GF3</origin>
	</source>
	<research>
		<version>1.0</version>
		<provider>FAIR1M</provider>
		<author>Cyber</author>
		<pluginname>FAIR1M</pluginname>
		<pluginclass>object detection</pluginclass>
		<time>2021-07-21</time>
	</research>
	<size>
		<width>1000</width>
		<height>1000</height>
		<depth>3</depth>
	</size>
	<objects>
		<object>
			<coordinate>pixel</coordinate>
			<type>rectangle</type>
			<description>None</description>
			<possibleresult>
				<name>Excavator</name>
			</possibleresult>
			<points>
				<point>691.000000,339.000000</point>
				<point>681.000000,339.000000</point>
				<point>681.000000,308.000000</point>
				<point>691.000000,308.000000</point>
				<point>691.000000,339.000000</point>
			</points>
		</object>
		<object>
			<coordinate>pixel</coordinate>
			<type>rectangle</type>
			<description>None</description>
			<possibleresult>
				<name>Excavator</name>
			</possibleresult>
			<points>
				<point>430.000000,250.000000</point>
				<point>418.000000,251.000000</point>
				<point>414.000000,220.000000</point>
				<point>427.000000,218.000000</point>
				<point>430.000000,250.000000</point>
			</points>
		</object>
		<object>
			<coordinate>pixel</coordinate>
			<type>rectangle</type>
			<description>None</description>
			<possibleresult>
				<name>Excavator</name>
			</possibleresult>
			<points>
				<point>482.000000,186.000000</point>
				<point>460.000000,220.000000</point>
				<point>448.000000,213.000000</point>
				<point>470.000000,179.000000</point>
				<point>482.000000,186.000000</point>
			</points>
		</object>
		<object>
			<coordinate>pixel</coordinate>
			<type>rectangle</type>
			<description>None</description>
			<possibleresult>
				<name>Excavator</name>
			</possibleresult>
			<points>
				<point>331.000000,146.000000</point>
				<point>318.000000,146.000000</point>
				<point>316.000000,115.000000</point>
				<point>329.000000,115.000000</point>
				<point>331.000000,146.000000</point>
			</points>
		</object>
		<object>
			<coordinate>pixel</coordinate>
			<type>rectangle</type>
			<description>None</description>
			<possibleresult>
				<name>Van</name>
			</possibleresult>
			<points>
				<point>67.000000,443.000000</point>
				<point>51.000000,445.000000</point>
				<point>50.000000,439.000000</point>
				<point>66.000000,437.000000</point>
				<point>67.000000,443.000000</point>
			</points>
		</object>
		<object>
			<coordinate>pixel</coordinate>
			<type>rectangle</type>
			<description>None</description>
			<possibleresult>
				<name>Van</name>
			</possibleresult>
			<points>
				<point>49.000000,437.000000</point>
				<point>34.000000,438.000000</point>
				<point>34.000000,431.000000</point>
				<point>49.000000,431.000000</point>
				<point>49.000000,437.000000</point>
			</points>
		</object>
		<object>
			<coordinate>pixel</coordinate>
			<type>rectangle</type>
			<description>None</description>
			<possibleresult>
				<name>Van</name>
			</possibleresult>
			<points>
				<point>637.000000,760.000000</point>
				<point>616.000000,762.000000</point>
				<point>616.000000,756.000000</point>
				<point>637.000000,753.000000</point>
				<point>637.000000,760.000000</point>
			</points>
		</object>
		<object>
			<coordinate>pixel</coordinate>
			<type>rectangle</type>
			<description>None</description>
			<possibleresult>
				<name>Cargo Truck</name>
			</possibleresult>
			<points>
				<point>772.000000,350.000000</point>
				<point>725.000000,360.000000</point>
				<point>723.000000,349.000000</point>
				<point>769.000000,339.000000</point>
				<point>772.000000,350.000000</point>
			</points>
		</object>
		<object>
			<coordinate>pixel</coordinate>
			<type>rectangle</type>
			<description>None</description>
			<possibleresult>
				<name>Excavator</name>
			</possibleresult>
			<points>
				<point>663.000000,312.000000</point>
				<point>656.000000,322.000000</point>
				<point>623.000000,300.000000</point>
				<point>629.000000,290.000000</point>
				<point>663.000000,312.000000</point>
			</points>
		</object>
		<object>
			<coordinate>pixel</coordinate>
			<type>rectangle</type>
			<description>None</description>
			<possibleresult>
				<name>Excavator</name>
			</possibleresult>
			<points>
				<point>707.000000,312.000000</point>
				<point>706.000000,338.000000</point>
				<point>693.000000,337.000000</point>
				<point>693.000000,312.000000</point>
				<point>707.000000,312.000000</point>
			</points>
		</object>
		<object>
			<coordinate>pixel</coordinate>
			<type>rectangle</type>
			<description>None</description>
			<possibleresult>
				<name>Excavator</name>
			</possibleresult>
			<points>
				<point>412.000000,253.000000</point>
				<point>378.000000,256.000000</point>
				<point>377.000000,248.000000</point>
				<point>411.000000,245.000000</point>
				<point>412.000000,253.000000</point>
			</points>
		</object>
		<object>
			<coordinate>pixel</coordinate>
			<type>rectangle</type>
			<description>None</description>
			<possibleresult>
				<name>Excavator</name>
			</possibleresult>
			<points>
				<point>290.000000,178.000000</point>
				<point>275.000000,196.000000</point>
				<point>268.000000,190.000000</point>
				<point>283.000000,172.000000</point>
				<point>290.000000,178.000000</point>
			</points>
		</object>
		<object>
			<coordinate>pixel</coordinate>
			<type>rectangle</type>
			<description>None</description>
			<possibleresult>
				<name>Van</name>
			</possibleresult>
			<points>
				<point>565.000000,380.000000</point>
				<point>542.000000,381.000000</point>
				<point>542.000000,372.000000</point>
				<point>564.000000,371.000000</point>
				<point>565.000000,380.000000</point>
			</points>
		</object>
		<object>
			<coordinate>pixel</coordinate>
			<type>rectangle</type>
			<description>None</description>
			<possibleresult>
				<name>Excavator</name>
			</possibleresult>
			<points>
				<point>779.000000,360.000000</point>
				<point>756.000000,400.000000</point>
				<point>745.000000,393.000000</point>
				<point>767.000000,354.000000</point>
				<point>779.000000,360.000000</point>
			</points>
		</object>
	</objects>
</annotation>