<?xml version="1.0" encoding="utf-8"?>
<annotation>
	<source>
		<filename>4001.tif</filename>
		<origin>GF2/GF3</origin>
	</source>
	<research>
		<version>1.0</version>
		<provider>FAIR1M</provider>
		<author>Cyber</author>
		<pluginname>FAIR1M</pluginname>
		<pluginclass>object detection</pluginclass>
		<time>2021-07-21</time>
	</research>
	<size>
		<width>900</width>
		<height>900</height>
		<depth>3</depth>
	</size>
	<objects>
		<object>
			<coordinate>pixel</coordinate>
			<type>rectangle</type>
			<description>None</description>
			<possibleresult>
				<name>other-airplane</name>
			</possibleresult>
			<points>
				<point>259.000000,506.000000</point>
				<point>199.000000,507.000000</point>
				<point>197.000000,435.000000</point>
				<point>258.000000,434.000000</point>
				<point>259.000000,506.000000</point>
			</points>
		</object>
		<object>
			<coordinate>pixel</coordinate>
			<type>rectangle</type>
			<description>None</description>
			<possibleresult>
				<name>other-airplane</name>
			</possibleresult>
			<points>
				<point>775.000000,457.000000</point>
				<point>713.000000,463.000000</point>
				<point>705.000000,395.000000</point>
				<point>768.000000,388.000000</point>
				<point>775.000000,457.000000</point>
			</points>
		</object>
		<object>
			<coordinate>pixel</coordinate>
			<type>rectangle</type>
			<description>None</description>
			<possibleresult>
				<name>A321</name>
			</possibleresult>
			<points>
				<point>824.000000,354.000000</point>
				<point>765.000000,359.000000</point>
				<point>760.000000,307.000000</point>
				<point>820.000000,303.000000</point>
				<point>824.000000,354.000000</point>
			</points>
		</object>
		<object>
			<coordinate>pixel</coordinate>
			<type>rectangle</type>
			<description>None</description>
			<possibleresult>
				<name>other-airplane</name>
			</possibleresult>
			<points>
				<point>898.000000,497.000000</point>
				<point>848.000000,497.000000</point>
				<point>847.000000,437.000000</point>
				<point>897.000000,436.000000</point>
				<point>898.000000,497.000000</point>
			</points>
		</object>
		<object>
			<coordinate>pixel</coordinate>
			<type>rectangle</type>
			<description>None</description>
			<possibleresult>
				<name>other-airplane</name>
			</possibleresult>
			<points>
				<point>899.000000,649.000000</point>
				<point>839.000000,649.000000</point>
				<point>839.000000,584.000000</point>
				<point>899.000000,583.000000</point>
				<point>899.000000,649.000000</point>
			</points>
		</object>
		<object>
			<coordinate>pixel</coordinate>
			<type>rectangle</type>
			<description>None</description>
			<possibleresult>
				<name>other-airplane</name>
			</possibleresult>
			<points>
				<point>900.000000,723.000000</point>
				<point>844.998718,722.083252</point>
				<point>846.000061,662.000000</point>
				<point>900.000000,662.900085</point>
				<point>900.000000,723.000000</point>
			</points>
		</object>
	</objects>
</annotation>