<?xml version="1.0" encoding="utf-8"?>
<annotation>
	<source>
		<filename>4022.tif</filename>
		<origin>GF2/GF3</origin>
	</source>
	<research>
		<version>1.0</version>
		<provider>FAIR1M</provider>
		<author>Cyber</author>
		<pluginname>FAIR1M</pluginname>
		<pluginclass>object detection</pluginclass>
		<time>2021-07-21</time>
	</research>
	<size>
		<width>600</width>
		<height>800</height>
		<depth>4</depth>
	</size>
	<objects>
		<object>
			<coordinate>pixel</coordinate>
			<type>rectangle</type>
			<description>None</description>
			<possibleresult>
				<name>Intersection</name>
			</possibleresult>
			<points>
				<point>533.000000,556.000000</point>
				<point>463.000000,590.000000</point>
				<point>417.000000,493.000000</point>
				<point>488.000000,460.000000</point>
				<point>533.000000,556.000000</point>
			</points>
		</object>
		<object>
			<coordinate>pixel</coordinate>
			<type>rectangle</type>
			<description>None</description>
			<possibleresult>
				<name>Small Car</name>
			</possibleresult>
			<points>
				<point>546.000000,617.000000</point>
				<point>539.000000,621.000000</point>
				<point>531.000000,608.000000</point>
				<point>537.000000,604.000000</point>
				<point>546.000000,617.000000</point>
			</points>
		</object>
		<object>
			<coordinate>pixel</coordinate>
			<type>rectangle</type>
			<description>None</description>
			<possibleresult>
				<name>Small Car</name>
			</possibleresult>
			<points>
				<point>532.000000,496.000000</point>
				<point>522.000000,511.000000</point>
				<point>515.000000,506.000000</point>
				<point>525.000000,491.000000</point>
				<point>532.000000,496.000000</point>
			</points>
		</object>
		<object>
			<coordinate>pixel</coordinate>
			<type>rectangle</type>
			<description>None</description>
			<possibleresult>
				<name>Small Car</name>
			</possibleresult>
			<points>
				<point>470.000000,512.000000</point>
				<point>462.000000,517.000000</point>
				<point>453.000000,503.000000</point>
				<point>461.000000,498.000000</point>
				<point>470.000000,512.000000</point>
			</points>
		</object>
		<object>
			<coordinate>pixel</coordinate>
			<type>rectangle</type>
			<description>None</description>
			<possibleresult>
				<name>Van</name>
			</possibleresult>
			<points>
				<point>426.000000,451.000000</point>
				<point>417.000000,457.000000</point>
				<point>407.000000,442.000000</point>
				<point>415.000000,436.000000</point>
				<point>426.000000,451.000000</point>
			</points>
		</object>
		<object>
			<coordinate>pixel</coordinate>
			<type>rectangle</type>
			<description>None</description>
			<possibleresult>
				<name>Small Car</name>
			</possibleresult>
			<points>
				<point>144.000000,682.000000</point>
				<point>132.000000,695.000000</point>
				<point>126.000000,690.000000</point>
				<point>138.000000,676.000000</point>
				<point>144.000000,682.000000</point>
			</points>
		</object>
		<object>
			<coordinate>pixel</coordinate>
			<type>rectangle</type>
			<description>None</description>
			<possibleresult>
				<name>Small Car</name>
			</possibleresult>
			<points>
				<point>494.000000,269.000000</point>
				<point>480.000000,281.000000</point>
				<point>475.000000,275.000000</point>
				<point>489.000000,263.000000</point>
				<point>494.000000,269.000000</point>
			</points>
		</object>
		<object>
			<coordinate>pixel</coordinate>
			<type>rectangle</type>
			<description>None</description>
			<possibleresult>
				<name>Small Car</name>
			</possibleresult>
			<points>
				<point>580.000000,58.000000</point>
				<point>568.000000,70.000000</point>
				<point>564.000000,66.000000</point>
				<point>575.000000,54.000000</point>
				<point>580.000000,58.000000</point>
			</points>
		</object>
		<object>
			<coordinate>pixel</coordinate>
			<type>rectangle</type>
			<description>None</description>
			<possibleresult>
				<name>Small Car</name>
			</possibleresult>
			<points>
				<point>524.000000,89.000000</point>
				<point>511.000000,102.000000</point>
				<point>505.000000,96.000000</point>
				<point>518.000000,83.000000</point>
				<point>524.000000,89.000000</point>
			</points>
		</object>
		<object>
			<coordinate>pixel</coordinate>
			<type>rectangle</type>
			<description>None</description>
			<possibleresult>
				<name>Small Car</name>
			</possibleresult>
			<points>
				<point>430.000000,210.000000</point>
				<point>419.000000,222.000000</point>
				<point>413.000000,217.000000</point>
				<point>425.000000,205.000000</point>
				<point>430.000000,210.000000</point>
			</points>
		</object>
		<object>
			<coordinate>pixel</coordinate>
			<type>rectangle</type>
			<description>None</description>
			<possibleresult>
				<name>Small Car</name>
			</possibleresult>
			<points>
				<point>85.000000,580.000000</point>
				<point>64.000000,580.000000</point>
				<point>64.000000,573.000000</point>
				<point>85.000000,573.000000</point>
				<point>85.000000,580.000000</point>
			</points>
		</object>
		<object>
			<coordinate>pixel</coordinate>
			<type>rectangle</type>
			<description>None</description>
			<possibleresult>
				<name>Small Car</name>
			</possibleresult>
			<points>
				<point>289.000000,371.000000</point>
				<point>276.000000,384.000000</point>
				<point>270.000000,378.000000</point>
				<point>283.000000,365.000000</point>
				<point>289.000000,371.000000</point>
			</points>
		</object>
	</objects>
</annotation>