<?xml version="1.0" encoding="utf-8"?>
<annotation>
	<source>
		<filename>4078.tif</filename>
		<origin>GF2/GF3</origin>
	</source>
	<research>
		<version>1.0</version>
		<provider>FAIR1M</provider>
		<author>Cyber</author>
		<pluginname>FAIR1M</pluginname>
		<pluginclass>object detection</pluginclass>
		<time>2021-07-21</time>
	</research>
	<size>
		<width>600</width>
		<height>800</height>
		<depth>4</depth>
	</size>
	<objects>
		<object>
			<coordinate>pixel</coordinate>
			<type>rectangle</type>
			<description>None</description>
			<possibleresult>
				<name>Van</name>
			</possibleresult>
			<points>
				<point>384.000000,227.000000</point>
				<point>383.000000,236.000000</point>
				<point>360.000000,236.000000</point>
				<point>360.000000,226.000000</point>
				<point>384.000000,227.000000</point>
			</points>
		</object>
		<object>
			<coordinate>pixel</coordinate>
			<type>rectangle</type>
			<description>None</description>
			<possibleresult>
				<name>Small Car</name>
			</possibleresult>
			<points>
				<point>448.000000,231.000000</point>
				<point>447.000000,240.000000</point>
				<point>423.000000,239.000000</point>
				<point>424.000000,231.000000</point>
				<point>448.000000,231.000000</point>
			</points>
		</object>
		<object>
			<coordinate>pixel</coordinate>
			<type>rectangle</type>
			<description>None</description>
			<possibleresult>
				<name>Van</name>
			</possibleresult>
			<points>
				<point>484.000000,201.000000</point>
				<point>463.000000,200.000000</point>
				<point>464.000000,192.000000</point>
				<point>484.000000,192.000000</point>
				<point>484.000000,201.000000</point>
			</points>
		</object>
		<object>
			<coordinate>pixel</coordinate>
			<type>rectangle</type>
			<description>None</description>
			<possibleresult>
				<name>Small Car</name>
			</possibleresult>
			<points>
				<point>485.000000,211.000000</point>
				<point>463.000000,210.000000</point>
				<point>463.000000,201.000000</point>
				<point>485.000000,202.000000</point>
				<point>485.000000,211.000000</point>
			</points>
		</object>
		<object>
			<coordinate>pixel</coordinate>
			<type>rectangle</type>
			<description>None</description>
			<possibleresult>
				<name>Small Car</name>
			</possibleresult>
			<points>
				<point>485.000000,221.000000</point>
				<point>462.000000,222.000000</point>
				<point>461.000000,213.000000</point>
				<point>485.000000,213.000000</point>
				<point>485.000000,221.000000</point>
			</points>
		</object>
		<object>
			<coordinate>pixel</coordinate>
			<type>rectangle</type>
			<description>None</description>
			<possibleresult>
				<name>Van</name>
			</possibleresult>
			<points>
				<point>548.000000,175.000000</point>
				<point>525.000000,175.000000</point>
				<point>525.000000,165.000000</point>
				<point>548.000000,165.000000</point>
				<point>548.000000,175.000000</point>
			</points>
		</object>
		<object>
			<coordinate>pixel</coordinate>
			<type>rectangle</type>
			<description>None</description>
			<possibleresult>
				<name>Small Car</name>
			</possibleresult>
			<points>
				<point>546.000000,186.000000</point>
				<point>524.000000,187.000000</point>
				<point>524.000000,177.000000</point>
				<point>546.000000,177.000000</point>
				<point>546.000000,186.000000</point>
			</points>
		</object>
		<object>
			<coordinate>pixel</coordinate>
			<type>rectangle</type>
			<description>None</description>
			<possibleresult>
				<name>Van</name>
			</possibleresult>
			<points>
				<point>546.000000,203.000000</point>
				<point>527.000000,203.000000</point>
				<point>527.000000,193.000000</point>
				<point>546.000000,194.000000</point>
				<point>546.000000,203.000000</point>
			</points>
		</object>
		<object>
			<coordinate>pixel</coordinate>
			<type>rectangle</type>
			<description>None</description>
			<possibleresult>
				<name>Small Car</name>
			</possibleresult>
			<points>
				<point>546.000000,268.000000</point>
				<point>527.000000,267.000000</point>
				<point>527.000000,258.000000</point>
				<point>546.000000,258.000000</point>
				<point>546.000000,268.000000</point>
			</points>
		</object>
		<object>
			<coordinate>pixel</coordinate>
			<type>rectangle</type>
			<description>None</description>
			<possibleresult>
				<name>Van</name>
			</possibleresult>
			<points>
				<point>380.000000,383.000000</point>
				<point>379.000000,392.000000</point>
				<point>360.000000,392.000000</point>
				<point>360.000000,383.000000</point>
				<point>380.000000,383.000000</point>
			</points>
		</object>
		<object>
			<coordinate>pixel</coordinate>
			<type>rectangle</type>
			<description>None</description>
			<possibleresult>
				<name>Small Car</name>
			</possibleresult>
			<points>
				<point>451.000000,386.000000</point>
				<point>428.000000,386.000000</point>
				<point>428.000000,375.000000</point>
				<point>451.000000,375.000000</point>
				<point>451.000000,386.000000</point>
			</points>
		</object>
		<object>
			<coordinate>pixel</coordinate>
			<type>rectangle</type>
			<description>None</description>
			<possibleresult>
				<name>Small Car</name>
			</possibleresult>
			<points>
				<point>386.000000,481.000000</point>
				<point>363.000000,481.000000</point>
				<point>363.000000,472.000000</point>
				<point>386.000000,472.000000</point>
				<point>386.000000,481.000000</point>
			</points>
		</object>
		<object>
			<coordinate>pixel</coordinate>
			<type>rectangle</type>
			<description>None</description>
			<possibleresult>
				<name>Van</name>
			</possibleresult>
			<points>
				<point>447.000000,451.000000</point>
				<point>424.000000,452.000000</point>
				<point>424.000000,441.000000</point>
				<point>447.000000,441.000000</point>
				<point>447.000000,451.000000</point>
			</points>
		</object>
		<object>
			<coordinate>pixel</coordinate>
			<type>rectangle</type>
			<description>None</description>
			<possibleresult>
				<name>Van</name>
			</possibleresult>
			<points>
				<point>484.000000,442.000000</point>
				<point>462.000000,442.000000</point>
				<point>461.000000,432.000000</point>
				<point>484.000000,431.000000</point>
				<point>484.000000,442.000000</point>
			</points>
		</object>
		<object>
			<coordinate>pixel</coordinate>
			<type>rectangle</type>
			<description>None</description>
			<possibleresult>
				<name>Dump Truck</name>
			</possibleresult>
			<points>
				<point>555.000000,477.000000</point>
				<point>526.000000,478.000000</point>
				<point>526.000000,468.000000</point>
				<point>554.000000,467.000000</point>
				<point>555.000000,477.000000</point>
			</points>
		</object>
		<object>
			<coordinate>pixel</coordinate>
			<type>rectangle</type>
			<description>None</description>
			<possibleresult>
				<name>Small Car</name>
			</possibleresult>
			<points>
				<point>548.000000,489.000000</point>
				<point>525.000000,488.000000</point>
				<point>525.000000,478.000000</point>
				<point>548.000000,479.000000</point>
				<point>548.000000,489.000000</point>
			</points>
		</object>
		<object>
			<coordinate>pixel</coordinate>
			<type>rectangle</type>
			<description>None</description>
			<possibleresult>
				<name>Small Car</name>
			</possibleresult>
			<points>
				<point>94.000000,321.000000</point>
				<point>81.000000,334.000000</point>
				<point>74.000000,326.000000</point>
				<point>87.000000,313.000000</point>
				<point>94.000000,321.000000</point>
			</points>
		</object>
	</objects>
</annotation>