<?xml version="1.0" encoding="utf-8"?>
<annotation>
	<source>
		<filename>4081.tif</filename>
		<origin>GF2/GF3</origin>
	</source>
	<research>
		<version>1.0</version>
		<provider>FAIR1M</provider>
		<author>Cyber</author>
		<pluginname>FAIR1M</pluginname>
		<pluginclass>object detection</pluginclass>
		<time>2021-07-21</time>
	</research>
	<size>
		<width>1000</width>
		<height>1000</height>
		<depth>3</depth>
	</size>
	<objects>
		<object>
			<coordinate>pixel</coordinate>
			<type>rectangle</type>
			<description>None</description>
			<possibleresult>
				<name>A330</name>
			</possibleresult>
			<points>
				<point>381.000000,-3.000000</point>
				<point>301.000000,-1.000000</point>
				<point>304.000000,74.000000</point>
				<point>383.000000,72.000000</point>
				<point>381.000000,-3.000000</point>
			</points>
		</object>
		<object>
			<coordinate>pixel</coordinate>
			<type>rectangle</type>
			<description>None</description>
			<possibleresult>
				<name>Roundabout</name>
			</possibleresult>
			<points>
				<point>247.000000,336.000000</point>
				<point>341.000000,336.000000</point>
				<point>341.000000,244.000000</point>
				<point>247.000000,244.000000</point>
				<point>247.000000,336.000000</point>
			</points>
		</object>
	</objects>
</annotation>