<?xml version="1.0" encoding="utf-8"?>
<annotation>
	<source>
		<filename>4105.tif</filename>
		<origin>GF2/GF3</origin>
	</source>
	<research>
		<version>1.0</version>
		<provider>FAIR1M</provider>
		<author>Cyber</author>
		<pluginname>FAIR1M</pluginname>
		<pluginclass>object detection</pluginclass>
		<time>2021-07-21</time>
	</research>
	<size>
		<width>600</width>
		<height>800</height>
		<depth>3</depth>
	</size>
	<objects>
		<object>
			<coordinate>pixel</coordinate>
			<type>rectangle</type>
			<description>None</description>
			<possibleresult>
				<name>A220</name>
			</possibleresult>
			<points>
				<point>285.000000,613.000000</point>
				<point>247.000000,642.000000</point>
				<point>220.000000,606.000000</point>
				<point>258.000000,577.000000</point>
				<point>285.000000,613.000000</point>
			</points>
		</object>
		<object>
			<coordinate>pixel</coordinate>
			<type>rectangle</type>
			<description>None</description>
			<possibleresult>
				<name>A220</name>
			</possibleresult>
			<points>
				<point>450.000000,669.000000</point>
				<point>412.000000,699.000000</point>
				<point>384.000000,663.000000</point>
				<point>421.000000,633.000000</point>
				<point>450.000000,669.000000</point>
			</points>
		</object>
		<object>
			<coordinate>pixel</coordinate>
			<type>rectangle</type>
			<description>None</description>
			<possibleresult>
				<name>A321</name>
			</possibleresult>
			<points>
				<point>480.000000,706.000000</point>
				<point>438.000000,743.000000</point>
				<point>410.000000,711.000000</point>
				<point>453.000000,674.000000</point>
				<point>480.000000,706.000000</point>
			</points>
		</object>
		<object>
			<coordinate>pixel</coordinate>
			<type>rectangle</type>
			<description>None</description>
			<possibleresult>
				<name>A220</name>
			</possibleresult>
			<points>
				<point>514.000000,750.000000</point>
				<point>476.000000,780.000000</point>
				<point>448.000000,745.000000</point>
				<point>487.000000,715.000000</point>
				<point>514.000000,750.000000</point>
			</points>
		</object>
		<object>
			<coordinate>pixel</coordinate>
			<type>rectangle</type>
			<description>None</description>
			<possibleresult>
				<name>A220</name>
			</possibleresult>
			<points>
				<point>506.999939,821.999939</point>
				<point>478.999939,784.999939</point>
				<point>515.518738,757.364075</point>
				<point>543.518738,794.364075</point>
				<point>506.999939,821.999939</point>
			</points>
		</object>
	</objects>
</annotation>