<?xml version="1.0" encoding="utf-8"?>
<annotation>
	<source>
		<filename>4122.tif</filename>
		<origin>GF2/GF3</origin>
	</source>
	<research>
		<version>1.0</version>
		<provider>FAIR1M</provider>
		<author>Cyber</author>
		<pluginname>FAIR1M</pluginname>
		<pluginclass>object detection</pluginclass>
		<time>2021-07-21</time>
	</research>
	<size>
		<width>1000</width>
		<height>1000</height>
		<depth>3</depth>
	</size>
	<objects>
		<object>
			<coordinate>pixel</coordinate>
			<type>rectangle</type>
			<description>None</description>
			<possibleresult>
				<name>Intersection</name>
			</possibleresult>
			<points>
				<point>375.000000,830.000000</point>
				<point>322.000000,859.000000</point>
				<point>294.000000,807.000000</point>
				<point>347.000000,778.000000</point>
				<point>375.000000,830.000000</point>
			</points>
		</object>
		<object>
			<coordinate>pixel</coordinate>
			<type>rectangle</type>
			<description>None</description>
			<possibleresult>
				<name>Intersection</name>
			</possibleresult>
			<points>
				<point>828.000000,740.000000</point>
				<point>821.000000,875.000000</point>
				<point>711.000000,869.000000</point>
				<point>718.000000,734.000000</point>
				<point>828.000000,740.000000</point>
			</points>
		</object>
		<object>
			<coordinate>pixel</coordinate>
			<type>rectangle</type>
			<description>None</description>
			<possibleresult>
				<name>Van</name>
			</possibleresult>
			<points>
				<point>91.000000,363.000000</point>
				<point>90.000000,375.000000</point>
				<point>83.000000,375.000000</point>
				<point>84.000000,363.000000</point>
				<point>91.000000,363.000000</point>
			</points>
		</object>
		<object>
			<coordinate>pixel</coordinate>
			<type>rectangle</type>
			<description>None</description>
			<possibleresult>
				<name>Van</name>
			</possibleresult>
			<points>
				<point>680.000000,578.000000</point>
				<point>676.000000,593.000000</point>
				<point>665.000000,590.000000</point>
				<point>669.000000,575.000000</point>
				<point>680.000000,578.000000</point>
			</points>
		</object>
		<object>
			<coordinate>pixel</coordinate>
			<type>rectangle</type>
			<description>None</description>
			<possibleresult>
				<name>Small Car</name>
			</possibleresult>
			<points>
				<point>321.000000,741.000000</point>
				<point>315.000000,744.000000</point>
				<point>308.000000,733.000000</point>
				<point>314.000000,729.000000</point>
				<point>321.000000,741.000000</point>
			</points>
		</object>
		<object>
			<coordinate>pixel</coordinate>
			<type>rectangle</type>
			<description>None</description>
			<possibleresult>
				<name>Van</name>
			</possibleresult>
			<points>
				<point>12.000000,959.000000</point>
				<point>8.000000,965.000000</point>
				<point>0.000000,960.000000</point>
				<point>4.000000,954.000000</point>
				<point>12.000000,959.000000</point>
			</points>
		</object>
		<object>
			<coordinate>pixel</coordinate>
			<type>rectangle</type>
			<description>None</description>
			<possibleresult>
				<name>Van</name>
			</possibleresult>
			<points>
				<point>30.000000,939.000000</point>
				<point>27.000000,945.000000</point>
				<point>17.000000,939.000000</point>
				<point>20.000000,933.000000</point>
				<point>30.000000,939.000000</point>
			</points>
		</object>
		<object>
			<coordinate>pixel</coordinate>
			<type>rectangle</type>
			<description>None</description>
			<possibleresult>
				<name>Van</name>
			</possibleresult>
			<points>
				<point>11.000016,881.000061</point>
				<point>7.237854,886.173035</point>
				<point>0.000000,880.909119</point>
				<point>0.000000,873.000061</point>
				<point>11.000016,881.000061</point>
			</points>
		</object>
		<object>
			<coordinate>pixel</coordinate>
			<type>rectangle</type>
			<description>None</description>
			<possibleresult>
				<name>Van</name>
			</possibleresult>
			<points>
				<point>6.999971,857.000000</point>
				<point>-2.230804,850.846191</point>
				<point>0.999969,846.000000</point>
				<point>10.230745,852.153809</point>
				<point>6.999971,857.000000</point>
			</points>
		</object>
		<object>
			<coordinate>pixel</coordinate>
			<type>rectangle</type>
			<description>None</description>
			<possibleresult>
				<name>Small Car</name>
			</possibleresult>
			<points>
				<point>68.000000,694.000000</point>
				<point>63.000000,700.000000</point>
				<point>47.000000,689.000000</point>
				<point>52.000000,683.000000</point>
				<point>68.000000,694.000000</point>
			</points>
		</object>
		<object>
			<coordinate>pixel</coordinate>
			<type>rectangle</type>
			<description>None</description>
			<possibleresult>
				<name>Van</name>
			</possibleresult>
			<points>
				<point>14.000000,679.000000</point>
				<point>9.000000,685.000000</point>
				<point>0.000000,678.000000</point>
				<point>5.000000,672.000000</point>
				<point>14.000000,679.000000</point>
			</points>
		</object>
		<object>
			<coordinate>pixel</coordinate>
			<type>rectangle</type>
			<description>None</description>
			<possibleresult>
				<name>Van</name>
			</possibleresult>
			<points>
				<point>11.000000,515.000000</point>
				<point>0.000000,515.000000</point>
				<point>0.000000,507.000000</point>
				<point>11.000000,508.000000</point>
				<point>11.000000,515.000000</point>
			</points>
		</object>
		<object>
			<coordinate>pixel</coordinate>
			<type>rectangle</type>
			<description>None</description>
			<possibleresult>
				<name>Van</name>
			</possibleresult>
			<points>
				<point>9.000000,507.000000</point>
				<point>0.000000,506.000000</point>
				<point>0.000000,500.000000</point>
				<point>9.000000,500.000000</point>
				<point>9.000000,507.000000</point>
			</points>
		</object>
		<object>
			<coordinate>pixel</coordinate>
			<type>rectangle</type>
			<description>None</description>
			<possibleresult>
				<name>Van</name>
			</possibleresult>
			<points>
				<point>8.000000,498.000000</point>
				<point>0.000000,498.000000</point>
				<point>0.000000,493.000000</point>
				<point>8.000000,492.000000</point>
				<point>8.000000,498.000000</point>
			</points>
		</object>
		<object>
			<coordinate>pixel</coordinate>
			<type>rectangle</type>
			<description>None</description>
			<possibleresult>
				<name>Van</name>
			</possibleresult>
			<points>
				<point>8.000000,490.000000</point>
				<point>0.000000,490.000000</point>
				<point>0.000000,484.000000</point>
				<point>8.000000,484.000000</point>
				<point>8.000000,490.000000</point>
			</points>
		</object>
		<object>
			<coordinate>pixel</coordinate>
			<type>rectangle</type>
			<description>None</description>
			<possibleresult>
				<name>Van</name>
			</possibleresult>
			<points>
				<point>9.000000,480.000000</point>
				<point>0.000000,481.000000</point>
				<point>0.000000,476.000000</point>
				<point>9.000000,475.000000</point>
				<point>9.000000,480.000000</point>
			</points>
		</object>
		<object>
			<coordinate>pixel</coordinate>
			<type>rectangle</type>
			<description>None</description>
			<possibleresult>
				<name>Van</name>
			</possibleresult>
			<points>
				<point>6.000000,474.000000</point>
				<point>0.000000,474.000000</point>
				<point>0.000000,467.000000</point>
				<point>6.000000,467.000000</point>
				<point>6.000000,474.000000</point>
			</points>
		</object>
		<object>
			<coordinate>pixel</coordinate>
			<type>rectangle</type>
			<description>None</description>
			<possibleresult>
				<name>Van</name>
			</possibleresult>
			<points>
				<point>8.000000,465.000000</point>
				<point>0.000000,466.000000</point>
				<point>0.000000,459.000000</point>
				<point>7.000000,459.000000</point>
				<point>8.000000,465.000000</point>
			</points>
		</object>
		<object>
			<coordinate>pixel</coordinate>
			<type>rectangle</type>
			<description>None</description>
			<possibleresult>
				<name>Small Car</name>
			</possibleresult>
			<points>
				<point>64.000000,488.000000</point>
				<point>45.000000,487.000000</point>
				<point>45.000000,481.000000</point>
				<point>64.000000,481.000000</point>
				<point>64.000000,488.000000</point>
			</points>
		</object>
		<object>
			<coordinate>pixel</coordinate>
			<type>rectangle</type>
			<description>None</description>
			<possibleresult>
				<name>Van</name>
			</possibleresult>
			<points>
				<point>347.000000,522.000000</point>
				<point>345.000000,529.000000</point>
				<point>335.000000,526.000000</point>
				<point>338.000000,519.000000</point>
				<point>347.000000,522.000000</point>
			</points>
		</object>
		<object>
			<coordinate>pixel</coordinate>
			<type>rectangle</type>
			<description>None</description>
			<possibleresult>
				<name>Dump Truck</name>
			</possibleresult>
			<points>
				<point>376.000000,96.000000</point>
				<point>352.000000,98.000000</point>
				<point>351.000000,91.000000</point>
				<point>375.000000,88.000000</point>
				<point>376.000000,96.000000</point>
			</points>
		</object>
		<object>
			<coordinate>pixel</coordinate>
			<type>rectangle</type>
			<description>None</description>
			<possibleresult>
				<name>Van</name>
			</possibleresult>
			<points>
				<point>766.000000,772.000000</point>
				<point>753.000000,785.000000</point>
				<point>747.000000,778.000000</point>
				<point>760.000000,766.000000</point>
				<point>766.000000,772.000000</point>
			</points>
		</object>
		<object>
			<coordinate>pixel</coordinate>
			<type>rectangle</type>
			<description>None</description>
			<possibleresult>
				<name>Small Car</name>
			</possibleresult>
			<points>
				<point>800.000000,839.000000</point>
				<point>782.000000,840.000000</point>
				<point>781.000000,832.000000</point>
				<point>800.000000,831.000000</point>
				<point>800.000000,839.000000</point>
			</points>
		</object>
		<object>
			<coordinate>pixel</coordinate>
			<type>rectangle</type>
			<description>None</description>
			<possibleresult>
				<name>Small Car</name>
			</possibleresult>
			<points>
				<point>742.000000,957.000000</point>
				<point>735.000000,958.000000</point>
				<point>734.000000,942.000000</point>
				<point>742.000000,941.000000</point>
				<point>742.000000,957.000000</point>
			</points>
		</object>
		<object>
			<coordinate>pixel</coordinate>
			<type>rectangle</type>
			<description>None</description>
			<possibleresult>
				<name>Small Car</name>
			</possibleresult>
			<points>
				<point>608.000000,856.000000</point>
				<point>590.000000,859.000000</point>
				<point>588.000000,849.000000</point>
				<point>607.000000,846.000000</point>
				<point>608.000000,856.000000</point>
			</points>
		</object>
		<object>
			<coordinate>pixel</coordinate>
			<type>rectangle</type>
			<description>None</description>
			<possibleresult>
				<name>Small Car</name>
			</possibleresult>
			<points>
				<point>520.000000,554.000000</point>
				<point>517.000000,566.000000</point>
				<point>509.000000,565.000000</point>
				<point>511.000000,552.000000</point>
				<point>520.000000,554.000000</point>
			</points>
		</object>
		<object>
			<coordinate>pixel</coordinate>
			<type>rectangle</type>
			<description>None</description>
			<possibleresult>
				<name>Van</name>
			</possibleresult>
			<points>
				<point>593.000000,669.000000</point>
				<point>592.000000,678.000000</point>
				<point>570.000000,675.000000</point>
				<point>571.000000,667.000000</point>
				<point>593.000000,669.000000</point>
			</points>
		</object>
		<object>
			<coordinate>pixel</coordinate>
			<type>rectangle</type>
			<description>None</description>
			<possibleresult>
				<name>Van</name>
			</possibleresult>
			<points>
				<point>508.000000,786.000000</point>
				<point>490.000000,790.000000</point>
				<point>487.000000,781.000000</point>
				<point>505.000000,776.000000</point>
				<point>508.000000,786.000000</point>
			</points>
		</object>
		<object>
			<coordinate>pixel</coordinate>
			<type>rectangle</type>
			<description>None</description>
			<possibleresult>
				<name>Van</name>
			</possibleresult>
			<points>
				<point>148.000000,280.000000</point>
				<point>140.000000,280.000000</point>
				<point>140.000000,264.000000</point>
				<point>147.000000,264.000000</point>
				<point>148.000000,280.000000</point>
			</points>
		</object>
		<object>
			<coordinate>pixel</coordinate>
			<type>rectangle</type>
			<description>None</description>
			<possibleresult>
				<name>Small Car</name>
			</possibleresult>
			<points>
				<point>128.000000,285.000000</point>
				<point>119.000000,285.000000</point>
				<point>120.000000,269.000000</point>
				<point>128.000000,269.000000</point>
				<point>128.000000,285.000000</point>
			</points>
		</object>
		<object>
			<coordinate>pixel</coordinate>
			<type>rectangle</type>
			<description>None</description>
			<possibleresult>
				<name>Small Car</name>
			</possibleresult>
			<points>
				<point>148.000000,287.000000</point>
				<point>147.000000,301.000000</point>
				<point>141.000000,301.000000</point>
				<point>141.000000,287.000000</point>
				<point>148.000000,287.000000</point>
			</points>
		</object>
		<object>
			<coordinate>pixel</coordinate>
			<type>rectangle</type>
			<description>None</description>
			<possibleresult>
				<name>Small Car</name>
			</possibleresult>
			<points>
				<point>146.000000,321.000000</point>
				<point>138.000000,321.000000</point>
				<point>138.000000,306.000000</point>
				<point>146.000000,306.000000</point>
				<point>146.000000,321.000000</point>
			</points>
		</object>
		<object>
			<coordinate>pixel</coordinate>
			<type>rectangle</type>
			<description>None</description>
			<possibleresult>
				<name>Van</name>
			</possibleresult>
			<points>
				<point>146.000000,342.000000</point>
				<point>138.000000,343.000000</point>
				<point>137.000000,326.000000</point>
				<point>145.000000,326.000000</point>
				<point>146.000000,342.000000</point>
			</points>
		</object>
		<object>
			<coordinate>pixel</coordinate>
			<type>rectangle</type>
			<description>None</description>
			<possibleresult>
				<name>Small Car</name>
			</possibleresult>
			<points>
				<point>147.000000,369.000000</point>
				<point>139.000000,370.000000</point>
				<point>138.000000,353.000000</point>
				<point>146.000000,352.000000</point>
				<point>147.000000,369.000000</point>
			</points>
		</object>
		<object>
			<coordinate>pixel</coordinate>
			<type>rectangle</type>
			<description>None</description>
			<possibleresult>
				<name>Small Car</name>
			</possibleresult>
			<points>
				<point>149.000000,396.000000</point>
				<point>142.000000,396.000000</point>
				<point>141.000000,380.000000</point>
				<point>149.000000,379.000000</point>
				<point>149.000000,396.000000</point>
			</points>
		</object>
		<object>
			<coordinate>pixel</coordinate>
			<type>rectangle</type>
			<description>None</description>
			<possibleresult>
				<name>Van</name>
			</possibleresult>
			<points>
				<point>153.000000,419.000000</point>
				<point>144.000000,421.000000</point>
				<point>142.000000,405.000000</point>
				<point>151.000000,404.000000</point>
				<point>153.000000,419.000000</point>
			</points>
		</object>
		<object>
			<coordinate>pixel</coordinate>
			<type>rectangle</type>
			<description>None</description>
			<possibleresult>
				<name>Van</name>
			</possibleresult>
			<points>
				<point>167.000000,478.000000</point>
				<point>160.000000,480.000000</point>
				<point>155.000000,463.000000</point>
				<point>162.000000,461.000000</point>
				<point>167.000000,478.000000</point>
			</points>
		</object>
		<object>
			<coordinate>pixel</coordinate>
			<type>rectangle</type>
			<description>None</description>
			<possibleresult>
				<name>Van</name>
			</possibleresult>
			<points>
				<point>177.000000,508.000000</point>
				<point>170.000000,510.000000</point>
				<point>165.000000,495.000000</point>
				<point>172.000000,492.000000</point>
				<point>177.000000,508.000000</point>
			</points>
		</object>
		<object>
			<coordinate>pixel</coordinate>
			<type>rectangle</type>
			<description>None</description>
			<possibleresult>
				<name>Van</name>
			</possibleresult>
			<points>
				<point>239.000000,513.000000</point>
				<point>231.000000,515.000000</point>
				<point>227.000000,501.000000</point>
				<point>235.000000,499.000000</point>
				<point>239.000000,513.000000</point>
			</points>
		</object>
		<object>
			<coordinate>pixel</coordinate>
			<type>rectangle</type>
			<description>None</description>
			<possibleresult>
				<name>Van</name>
			</possibleresult>
			<points>
				<point>251.000000,513.000000</point>
				<point>243.000000,514.000000</point>
				<point>241.000000,499.000000</point>
				<point>249.000000,498.000000</point>
				<point>251.000000,513.000000</point>
			</points>
		</object>
		<object>
			<coordinate>pixel</coordinate>
			<type>rectangle</type>
			<description>None</description>
			<possibleresult>
				<name>Small Car</name>
			</possibleresult>
			<points>
				<point>264.000000,513.000000</point>
				<point>255.000000,513.000000</point>
				<point>255.000000,498.000000</point>
				<point>264.000000,497.000000</point>
				<point>264.000000,513.000000</point>
			</points>
		</object>
		<object>
			<coordinate>pixel</coordinate>
			<type>rectangle</type>
			<description>None</description>
			<possibleresult>
				<name>Small Car</name>
			</possibleresult>
			<points>
				<point>275.000000,499.000000</point>
				<point>274.000000,516.000000</point>
				<point>266.000000,515.000000</point>
				<point>267.000000,498.000000</point>
				<point>275.000000,499.000000</point>
			</points>
		</object>
		<object>
			<coordinate>pixel</coordinate>
			<type>rectangle</type>
			<description>None</description>
			<possibleresult>
				<name>Small Car</name>
			</possibleresult>
			<points>
				<point>296.000000,502.000000</point>
				<point>294.000000,516.000000</point>
				<point>287.000000,515.000000</point>
				<point>290.000000,501.000000</point>
				<point>296.000000,502.000000</point>
			</points>
		</object>
		<object>
			<coordinate>pixel</coordinate>
			<type>rectangle</type>
			<description>None</description>
			<possibleresult>
				<name>Van</name>
			</possibleresult>
			<points>
				<point>307.000000,505.000000</point>
				<point>301.000000,522.000000</point>
				<point>294.000000,519.000000</point>
				<point>300.000000,503.000000</point>
				<point>307.000000,505.000000</point>
			</points>
		</object>
		<object>
			<coordinate>pixel</coordinate>
			<type>rectangle</type>
			<description>None</description>
			<possibleresult>
				<name>Small Car</name>
			</possibleresult>
			<points>
				<point>318.000000,508.000000</point>
				<point>313.000000,523.000000</point>
				<point>305.000000,521.000000</point>
				<point>310.000000,505.000000</point>
				<point>318.000000,508.000000</point>
			</points>
		</object>
		<object>
			<coordinate>pixel</coordinate>
			<type>rectangle</type>
			<description>None</description>
			<possibleresult>
				<name>Van</name>
			</possibleresult>
			<points>
				<point>327.000000,509.000000</point>
				<point>325.000000,523.000000</point>
				<point>317.000000,522.000000</point>
				<point>319.000000,508.000000</point>
				<point>327.000000,509.000000</point>
			</points>
		</object>
		<object>
			<coordinate>pixel</coordinate>
			<type>rectangle</type>
			<description>None</description>
			<possibleresult>
				<name>Van</name>
			</possibleresult>
			<points>
				<point>337.000000,514.000000</point>
				<point>332.000000,526.000000</point>
				<point>326.000000,524.000000</point>
				<point>330.000000,512.000000</point>
				<point>337.000000,514.000000</point>
			</points>
		</object>
		<object>
			<coordinate>pixel</coordinate>
			<type>rectangle</type>
			<description>None</description>
			<possibleresult>
				<name>Van</name>
			</possibleresult>
			<points>
				<point>414.000000,525.000000</point>
				<point>409.000000,543.000000</point>
				<point>400.000000,541.000000</point>
				<point>405.000000,523.000000</point>
				<point>414.000000,525.000000</point>
			</points>
		</object>
		<object>
			<coordinate>pixel</coordinate>
			<type>rectangle</type>
			<description>None</description>
			<possibleresult>
				<name>Small Car</name>
			</possibleresult>
			<points>
				<point>430.000000,529.000000</point>
				<point>426.000000,544.000000</point>
				<point>417.000000,542.000000</point>
				<point>420.000000,527.000000</point>
				<point>430.000000,529.000000</point>
			</points>
		</object>
		<object>
			<coordinate>pixel</coordinate>
			<type>rectangle</type>
			<description>None</description>
			<possibleresult>
				<name>Small Car</name>
			</possibleresult>
			<points>
				<point>441.000000,532.000000</point>
				<point>435.000000,550.000000</point>
				<point>427.000000,547.000000</point>
				<point>433.000000,530.000000</point>
				<point>441.000000,532.000000</point>
			</points>
		</object>
		<object>
			<coordinate>pixel</coordinate>
			<type>rectangle</type>
			<description>None</description>
			<possibleresult>
				<name>Van</name>
			</possibleresult>
			<points>
				<point>450.000000,533.000000</point>
				<point>446.000000,550.000000</point>
				<point>437.000000,548.000000</point>
				<point>442.000000,531.000000</point>
				<point>450.000000,533.000000</point>
			</points>
		</object>
		<object>
			<coordinate>pixel</coordinate>
			<type>rectangle</type>
			<description>None</description>
			<possibleresult>
				<name>Small Car</name>
			</possibleresult>
			<points>
				<point>471.000000,541.000000</point>
				<point>465.000000,557.000000</point>
				<point>456.000000,553.000000</point>
				<point>462.000000,537.000000</point>
				<point>471.000000,541.000000</point>
			</points>
		</object>
		<object>
			<coordinate>pixel</coordinate>
			<type>rectangle</type>
			<description>None</description>
			<possibleresult>
				<name>Van</name>
			</possibleresult>
			<points>
				<point>481.000000,544.000000</point>
				<point>476.000000,559.000000</point>
				<point>468.000000,556.000000</point>
				<point>473.000000,541.000000</point>
				<point>481.000000,544.000000</point>
			</points>
		</object>
		<object>
			<coordinate>pixel</coordinate>
			<type>rectangle</type>
			<description>None</description>
			<possibleresult>
				<name>Small Car</name>
			</possibleresult>
			<points>
				<point>500.000000,547.000000</point>
				<point>495.000000,563.000000</point>
				<point>486.000000,560.000000</point>
				<point>491.000000,544.000000</point>
				<point>500.000000,547.000000</point>
			</points>
		</object>
		<object>
			<coordinate>pixel</coordinate>
			<type>rectangle</type>
			<description>None</description>
			<possibleresult>
				<name>Dump Truck</name>
			</possibleresult>
			<points>
				<point>501.000000,590.000000</point>
				<point>497.000000,607.000000</point>
				<point>488.000000,605.000000</point>
				<point>493.000000,587.000000</point>
				<point>501.000000,590.000000</point>
			</points>
		</object>
		<object>
			<coordinate>pixel</coordinate>
			<type>rectangle</type>
			<description>None</description>
			<possibleresult>
				<name>Van</name>
			</possibleresult>
			<points>
				<point>486.000000,584.000000</point>
				<point>479.000000,604.000000</point>
				<point>469.000000,600.000000</point>
				<point>476.000000,581.000000</point>
				<point>486.000000,584.000000</point>
			</points>
		</object>
		<object>
			<coordinate>pixel</coordinate>
			<type>rectangle</type>
			<description>None</description>
			<possibleresult>
				<name>Small Car</name>
			</possibleresult>
			<points>
				<point>471.000000,582.000000</point>
				<point>466.000000,598.000000</point>
				<point>457.000000,595.000000</point>
				<point>463.000000,579.000000</point>
				<point>471.000000,582.000000</point>
			</points>
		</object>
		<object>
			<coordinate>pixel</coordinate>
			<type>rectangle</type>
			<description>None</description>
			<possibleresult>
				<name>Van</name>
			</possibleresult>
			<points>
				<point>457.000000,580.000000</point>
				<point>454.000000,596.000000</point>
				<point>445.000000,594.000000</point>
				<point>448.000000,578.000000</point>
				<point>457.000000,580.000000</point>
			</points>
		</object>
		<object>
			<coordinate>pixel</coordinate>
			<type>rectangle</type>
			<description>None</description>
			<possibleresult>
				<name>Van</name>
			</possibleresult>
			<points>
				<point>445.000000,578.000000</point>
				<point>441.000000,595.000000</point>
				<point>431.000000,592.000000</point>
				<point>436.000000,576.000000</point>
				<point>445.000000,578.000000</point>
			</points>
		</object>
		<object>
			<coordinate>pixel</coordinate>
			<type>rectangle</type>
			<description>None</description>
			<possibleresult>
				<name>Dump Truck</name>
			</possibleresult>
			<points>
				<point>433.000000,577.000000</point>
				<point>429.000000,591.000000</point>
				<point>421.000000,589.000000</point>
				<point>425.000000,575.000000</point>
				<point>433.000000,577.000000</point>
			</points>
		</object>
		<object>
			<coordinate>pixel</coordinate>
			<type>rectangle</type>
			<description>None</description>
			<possibleresult>
				<name>Van</name>
			</possibleresult>
			<points>
				<point>419.000000,573.000000</point>
				<point>418.000000,589.000000</point>
				<point>409.000000,588.000000</point>
				<point>410.000000,573.000000</point>
				<point>419.000000,573.000000</point>
			</points>
		</object>
		<object>
			<coordinate>pixel</coordinate>
			<type>rectangle</type>
			<description>None</description>
			<possibleresult>
				<name>Van</name>
			</possibleresult>
			<points>
				<point>402.000000,566.000000</point>
				<point>396.000000,585.000000</point>
				<point>388.000000,583.000000</point>
				<point>394.000000,563.000000</point>
				<point>402.000000,566.000000</point>
			</points>
		</object>
		<object>
			<coordinate>pixel</coordinate>
			<type>rectangle</type>
			<description>None</description>
			<possibleresult>
				<name>Small Car</name>
			</possibleresult>
			<points>
				<point>446.000000,653.000000</point>
				<point>441.000000,668.000000</point>
				<point>433.000000,665.000000</point>
				<point>438.000000,650.000000</point>
				<point>446.000000,653.000000</point>
			</points>
		</object>
		<object>
			<coordinate>pixel</coordinate>
			<type>rectangle</type>
			<description>None</description>
			<possibleresult>
				<name>Dump Truck</name>
			</possibleresult>
			<points>
				<point>434.000000,648.000000</point>
				<point>429.000000,669.000000</point>
				<point>419.000000,667.000000</point>
				<point>424.000000,646.000000</point>
				<point>434.000000,648.000000</point>
			</points>
		</object>
		<object>
			<coordinate>pixel</coordinate>
			<type>rectangle</type>
			<description>None</description>
			<possibleresult>
				<name>Small Car</name>
			</possibleresult>
			<points>
				<point>422.000000,647.000000</point>
				<point>418.000000,665.000000</point>
				<point>409.000000,663.000000</point>
				<point>413.000000,645.000000</point>
				<point>422.000000,647.000000</point>
			</points>
		</object>
		<object>
			<coordinate>pixel</coordinate>
			<type>rectangle</type>
			<description>None</description>
			<possibleresult>
				<name>Small Car</name>
			</possibleresult>
			<points>
				<point>411.000000,644.000000</point>
				<point>408.000000,663.000000</point>
				<point>398.000000,661.000000</point>
				<point>401.000000,643.000000</point>
				<point>411.000000,644.000000</point>
			</points>
		</object>
		<object>
			<coordinate>pixel</coordinate>
			<type>rectangle</type>
			<description>None</description>
			<possibleresult>
				<name>Dump Truck</name>
			</possibleresult>
			<points>
				<point>398.000000,645.000000</point>
				<point>395.000000,661.000000</point>
				<point>387.000000,659.000000</point>
				<point>390.000000,643.000000</point>
				<point>398.000000,645.000000</point>
			</points>
		</object>
		<object>
			<coordinate>pixel</coordinate>
			<type>rectangle</type>
			<description>None</description>
			<possibleresult>
				<name>Dump Truck</name>
			</possibleresult>
			<points>
				<point>389.000000,641.000000</point>
				<point>382.000000,661.000000</point>
				<point>373.000000,659.000000</point>
				<point>379.000000,638.000000</point>
				<point>389.000000,641.000000</point>
			</points>
		</object>
		<object>
			<coordinate>pixel</coordinate>
			<type>rectangle</type>
			<description>None</description>
			<possibleresult>
				<name>Dump Truck</name>
			</possibleresult>
			<points>
				<point>375.000000,636.000000</point>
				<point>370.000000,657.000000</point>
				<point>362.000000,656.000000</point>
				<point>366.000000,634.000000</point>
				<point>375.000000,636.000000</point>
			</points>
		</object>
		<object>
			<coordinate>pixel</coordinate>
			<type>rectangle</type>
			<description>None</description>
			<possibleresult>
				<name>Dump Truck</name>
			</possibleresult>
			<points>
				<point>363.000000,633.000000</point>
				<point>359.000000,654.000000</point>
				<point>349.000000,652.000000</point>
				<point>353.000000,632.000000</point>
				<point>363.000000,633.000000</point>
			</points>
		</object>
		<object>
			<coordinate>pixel</coordinate>
			<type>rectangle</type>
			<description>None</description>
			<possibleresult>
				<name>Dump Truck</name>
			</possibleresult>
			<points>
				<point>371.000000,681.000000</point>
				<point>363.000000,687.000000</point>
				<point>350.000000,667.000000</point>
				<point>359.000000,662.000000</point>
				<point>371.000000,681.000000</point>
			</points>
		</object>
		<object>
			<coordinate>pixel</coordinate>
			<type>rectangle</type>
			<description>None</description>
			<possibleresult>
				<name>Small Car</name>
			</possibleresult>
			<points>
				<point>339.000000,682.000000</point>
				<point>331.000000,684.000000</point>
				<point>325.000000,666.000000</point>
				<point>334.000000,663.000000</point>
				<point>339.000000,682.000000</point>
			</points>
		</object>
		<object>
			<coordinate>pixel</coordinate>
			<type>rectangle</type>
			<description>None</description>
			<possibleresult>
				<name>Van</name>
			</possibleresult>
			<points>
				<point>356.000000,685.000000</point>
				<point>348.000000,688.000000</point>
				<point>340.000000,668.000000</point>
				<point>349.000000,665.000000</point>
				<point>356.000000,685.000000</point>
			</points>
		</object>
		<object>
			<coordinate>pixel</coordinate>
			<type>rectangle</type>
			<description>None</description>
			<possibleresult>
				<name>Van</name>
			</possibleresult>
			<points>
				<point>351.000000,631.000000</point>
				<point>346.000000,647.000000</point>
				<point>338.000000,645.000000</point>
				<point>343.000000,629.000000</point>
				<point>351.000000,631.000000</point>
			</points>
		</object>
		<object>
			<coordinate>pixel</coordinate>
			<type>rectangle</type>
			<description>None</description>
			<possibleresult>
				<name>Dump Truck</name>
			</possibleresult>
			<points>
				<point>339.000000,627.000000</point>
				<point>336.000000,648.000000</point>
				<point>327.000000,647.000000</point>
				<point>330.000000,626.000000</point>
				<point>339.000000,627.000000</point>
			</points>
		</object>
		<object>
			<coordinate>pixel</coordinate>
			<type>rectangle</type>
			<description>None</description>
			<possibleresult>
				<name>Dump Truck</name>
			</possibleresult>
			<points>
				<point>294.000000,644.000000</point>
				<point>288.000000,647.000000</point>
				<point>279.000000,626.000000</point>
				<point>286.000000,623.000000</point>
				<point>294.000000,644.000000</point>
			</points>
		</object>
		<object>
			<coordinate>pixel</coordinate>
			<type>rectangle</type>
			<description>None</description>
			<possibleresult>
				<name>Small Car</name>
			</possibleresult>
			<points>
				<point>280.000000,687.000000</point>
				<point>275.000000,691.000000</point>
				<point>265.000000,677.000000</point>
				<point>271.000000,673.000000</point>
				<point>280.000000,687.000000</point>
			</points>
		</object>
		<object>
			<coordinate>pixel</coordinate>
			<type>rectangle</type>
			<description>None</description>
			<possibleresult>
				<name>Small Car</name>
			</possibleresult>
			<points>
				<point>335.000000,758.000000</point>
				<point>329.000000,763.000000</point>
				<point>318.000000,750.000000</point>
				<point>324.000000,745.000000</point>
				<point>335.000000,758.000000</point>
			</points>
		</object>
		<object>
			<coordinate>pixel</coordinate>
			<type>rectangle</type>
			<description>None</description>
			<possibleresult>
				<name>Small Car</name>
			</possibleresult>
			<points>
				<point>309.000000,756.000000</point>
				<point>303.000000,760.000000</point>
				<point>290.000000,742.000000</point>
				<point>295.000000,738.000000</point>
				<point>309.000000,756.000000</point>
			</points>
		</object>
		<object>
			<coordinate>pixel</coordinate>
			<type>rectangle</type>
			<description>None</description>
			<possibleresult>
				<name>Small Car</name>
			</possibleresult>
			<points>
				<point>310.000000,792.000000</point>
				<point>304.000000,797.000000</point>
				<point>293.000000,781.000000</point>
				<point>299.000000,777.000000</point>
				<point>310.000000,792.000000</point>
			</points>
		</object>
		<object>
			<coordinate>pixel</coordinate>
			<type>rectangle</type>
			<description>None</description>
			<possibleresult>
				<name>Van</name>
			</possibleresult>
			<points>
				<point>395.000000,886.000000</point>
				<point>389.000000,901.000000</point>
				<point>383.000000,898.000000</point>
				<point>389.000000,883.000000</point>
				<point>395.000000,886.000000</point>
			</points>
		</object>
		<object>
			<coordinate>pixel</coordinate>
			<type>rectangle</type>
			<description>None</description>
			<possibleresult>
				<name>Small Car</name>
			</possibleresult>
			<points>
				<point>264.000000,976.000000</point>
				<point>250.000000,990.000000</point>
				<point>244.000000,983.000000</point>
				<point>258.000000,970.000000</point>
				<point>264.000000,976.000000</point>
			</points>
		</object>
		<object>
			<coordinate>pixel</coordinate>
			<type>rectangle</type>
			<description>None</description>
			<possibleresult>
				<name>Van</name>
			</possibleresult>
			<points>
				<point>23.000000,626.000000</point>
				<point>16.000000,627.000000</point>
				<point>13.000000,609.000000</point>
				<point>20.000000,608.000000</point>
				<point>23.000000,626.000000</point>
			</points>
		</object>
		<object>
			<coordinate>pixel</coordinate>
			<type>rectangle</type>
			<description>None</description>
			<possibleresult>
				<name>Van</name>
			</possibleresult>
			<points>
				<point>14.000000,627.000000</point>
				<point>5.000000,629.000000</point>
				<point>2.000000,612.000000</point>
				<point>11.000000,610.000000</point>
				<point>14.000000,627.000000</point>
			</points>
		</object>
		<object>
			<coordinate>pixel</coordinate>
			<type>rectangle</type>
			<description>None</description>
			<possibleresult>
				<name>Small Car</name>
			</possibleresult>
			<points>
				<point>34.000000,934.000000</point>
				<point>31.000000,939.000000</point>
				<point>17.000000,930.000000</point>
				<point>21.000000,925.000000</point>
				<point>34.000000,934.000000</point>
			</points>
		</object>
		<object>
			<coordinate>pixel</coordinate>
			<type>rectangle</type>
			<description>None</description>
			<possibleresult>
				<name>Small Car</name>
			</possibleresult>
			<points>
				<point>43.000000,929.000000</point>
				<point>38.000000,935.000000</point>
				<point>22.000000,923.000000</point>
				<point>28.000000,916.000000</point>
				<point>43.000000,929.000000</point>
			</points>
		</object>
		<object>
			<coordinate>pixel</coordinate>
			<type>rectangle</type>
			<description>None</description>
			<possibleresult>
				<name>Van</name>
			</possibleresult>
			<points>
				<point>49.000000,921.000000</point>
				<point>44.000000,927.000000</point>
				<point>30.000000,917.000000</point>
				<point>34.000000,910.000000</point>
				<point>49.000000,921.000000</point>
			</points>
		</object>
		<object>
			<coordinate>pixel</coordinate>
			<type>rectangle</type>
			<description>None</description>
			<possibleresult>
				<name>Van</name>
			</possibleresult>
			<points>
				<point>52.000000,912.000000</point>
				<point>48.000000,918.000000</point>
				<point>34.000000,909.000000</point>
				<point>38.000000,903.000000</point>
				<point>52.000000,912.000000</point>
			</points>
		</object>
		<object>
			<coordinate>pixel</coordinate>
			<type>rectangle</type>
			<description>None</description>
			<possibleresult>
				<name>Van</name>
			</possibleresult>
			<points>
				<point>61.000000,907.000000</point>
				<point>56.000000,913.000000</point>
				<point>42.000000,903.000000</point>
				<point>46.000000,897.000000</point>
				<point>61.000000,907.000000</point>
			</points>
		</object>
		<object>
			<coordinate>pixel</coordinate>
			<type>rectangle</type>
			<description>None</description>
			<possibleresult>
				<name>Small Car</name>
			</possibleresult>
			<points>
				<point>68.000000,901.000000</point>
				<point>64.000000,907.000000</point>
				<point>47.000000,894.000000</point>
				<point>52.000000,888.000000</point>
				<point>68.000000,901.000000</point>
			</points>
		</object>
		<object>
			<coordinate>pixel</coordinate>
			<type>rectangle</type>
			<description>None</description>
			<possibleresult>
				<name>Dump Truck</name>
			</possibleresult>
			<points>
				<point>76.000000,894.000000</point>
				<point>72.000000,900.000000</point>
				<point>54.000000,889.000000</point>
				<point>57.000000,883.000000</point>
				<point>76.000000,894.000000</point>
			</points>
		</object>
		<object>
			<coordinate>pixel</coordinate>
			<type>rectangle</type>
			<description>None</description>
			<possibleresult>
				<name>Small Car</name>
			</possibleresult>
			<points>
				<point>79.000000,887.000000</point>
				<point>75.000000,893.000000</point>
				<point>61.000000,882.000000</point>
				<point>65.000000,877.000000</point>
				<point>79.000000,887.000000</point>
			</points>
		</object>
		<object>
			<coordinate>pixel</coordinate>
			<type>rectangle</type>
			<description>None</description>
			<possibleresult>
				<name>Small Car</name>
			</possibleresult>
			<points>
				<point>86.000000,879.000000</point>
				<point>81.000000,886.000000</point>
				<point>67.000000,877.000000</point>
				<point>72.000000,869.000000</point>
				<point>86.000000,879.000000</point>
			</points>
		</object>
		<object>
			<coordinate>pixel</coordinate>
			<type>rectangle</type>
			<description>None</description>
			<possibleresult>
				<name>Small Car</name>
			</possibleresult>
			<points>
				<point>93.000000,871.000000</point>
				<point>88.000000,878.000000</point>
				<point>73.000000,868.000000</point>
				<point>77.000000,861.000000</point>
				<point>93.000000,871.000000</point>
			</points>
		</object>
		<object>
			<coordinate>pixel</coordinate>
			<type>rectangle</type>
			<description>None</description>
			<possibleresult>
				<name>Small Car</name>
			</possibleresult>
			<points>
				<point>101.000000,866.000000</point>
				<point>95.000000,873.000000</point>
				<point>78.000000,861.000000</point>
				<point>84.000000,854.000000</point>
				<point>101.000000,866.000000</point>
			</points>
		</object>
		<object>
			<coordinate>pixel</coordinate>
			<type>rectangle</type>
			<description>None</description>
			<possibleresult>
				<name>Van</name>
			</possibleresult>
			<points>
				<point>108.000000,859.000000</point>
				<point>104.000000,864.000000</point>
				<point>88.000000,854.000000</point>
				<point>91.000000,849.000000</point>
				<point>108.000000,859.000000</point>
			</points>
		</object>
		<object>
			<coordinate>pixel</coordinate>
			<type>rectangle</type>
			<description>None</description>
			<possibleresult>
				<name>Small Car</name>
			</possibleresult>
			<points>
				<point>113.000000,850.000000</point>
				<point>109.000000,857.000000</point>
				<point>92.000000,847.000000</point>
				<point>96.000000,840.000000</point>
				<point>113.000000,850.000000</point>
			</points>
		</object>
		<object>
			<coordinate>pixel</coordinate>
			<type>rectangle</type>
			<description>None</description>
			<possibleresult>
				<name>Small Car</name>
			</possibleresult>
			<points>
				<point>119.000000,844.000000</point>
				<point>116.000000,850.000000</point>
				<point>100.000000,841.000000</point>
				<point>104.000000,834.000000</point>
				<point>119.000000,844.000000</point>
			</points>
		</object>
		<object>
			<coordinate>pixel</coordinate>
			<type>rectangle</type>
			<description>None</description>
			<possibleresult>
				<name>Small Car</name>
			</possibleresult>
			<points>
				<point>123.000000,838.000000</point>
				<point>119.000000,843.000000</point>
				<point>108.000000,835.000000</point>
				<point>112.000000,830.000000</point>
				<point>123.000000,838.000000</point>
			</points>
		</object>
		<object>
			<coordinate>pixel</coordinate>
			<type>rectangle</type>
			<description>None</description>
			<possibleresult>
				<name>Van</name>
			</possibleresult>
			<points>
				<point>131.000000,834.000000</point>
				<point>127.000000,840.000000</point>
				<point>112.000000,829.000000</point>
				<point>116.000000,822.000000</point>
				<point>131.000000,834.000000</point>
			</points>
		</object>
		<object>
			<coordinate>pixel</coordinate>
			<type>rectangle</type>
			<description>None</description>
			<possibleresult>
				<name>Van</name>
			</possibleresult>
			<points>
				<point>139.000000,826.000000</point>
				<point>134.000000,833.000000</point>
				<point>119.000000,822.000000</point>
				<point>125.000000,815.000000</point>
				<point>139.000000,826.000000</point>
			</points>
		</object>
		<object>
			<coordinate>pixel</coordinate>
			<type>rectangle</type>
			<description>None</description>
			<possibleresult>
				<name>Small Car</name>
			</possibleresult>
			<points>
				<point>145.000000,817.000000</point>
				<point>140.000000,824.000000</point>
				<point>125.000000,815.000000</point>
				<point>130.000000,807.000000</point>
				<point>145.000000,817.000000</point>
			</points>
		</object>
		<object>
			<coordinate>pixel</coordinate>
			<type>rectangle</type>
			<description>None</description>
			<possibleresult>
				<name>Van</name>
			</possibleresult>
			<points>
				<point>147.000000,804.000000</point>
				<point>144.000000,812.000000</point>
				<point>125.000000,804.000000</point>
				<point>129.000000,796.000000</point>
				<point>147.000000,804.000000</point>
			</points>
		</object>
		<object>
			<coordinate>pixel</coordinate>
			<type>rectangle</type>
			<description>None</description>
			<possibleresult>
				<name>Van</name>
			</possibleresult>
			<points>
				<point>107.000000,787.000000</point>
				<point>104.000000,792.000000</point>
				<point>87.000000,782.000000</point>
				<point>91.000000,776.000000</point>
				<point>107.000000,787.000000</point>
			</points>
		</object>
		<object>
			<coordinate>pixel</coordinate>
			<type>rectangle</type>
			<description>None</description>
			<possibleresult>
				<name>Van</name>
			</possibleresult>
			<points>
				<point>102.000000,793.000000</point>
				<point>97.000000,800.000000</point>
				<point>82.000000,789.000000</point>
				<point>87.000000,783.000000</point>
				<point>102.000000,793.000000</point>
			</points>
		</object>
		<object>
			<coordinate>pixel</coordinate>
			<type>rectangle</type>
			<description>None</description>
			<possibleresult>
				<name>Small Car</name>
			</possibleresult>
			<points>
				<point>93.000000,798.000000</point>
				<point>89.000000,803.000000</point>
				<point>75.000000,794.000000</point>
				<point>79.000000,789.000000</point>
				<point>93.000000,798.000000</point>
			</points>
		</object>
		<object>
			<coordinate>pixel</coordinate>
			<type>rectangle</type>
			<description>None</description>
			<possibleresult>
				<name>Small Car</name>
			</possibleresult>
			<points>
				<point>83.000000,810.000000</point>
				<point>79.000000,817.000000</point>
				<point>63.000000,808.000000</point>
				<point>67.000000,801.000000</point>
				<point>83.000000,810.000000</point>
			</points>
		</object>
		<object>
			<coordinate>pixel</coordinate>
			<type>rectangle</type>
			<description>None</description>
			<possibleresult>
				<name>Van</name>
			</possibleresult>
			<points>
				<point>75.000000,818.000000</point>
				<point>70.000000,824.000000</point>
				<point>56.000000,814.000000</point>
				<point>61.000000,808.000000</point>
				<point>75.000000,818.000000</point>
			</points>
		</object>
		<object>
			<coordinate>pixel</coordinate>
			<type>rectangle</type>
			<description>None</description>
			<possibleresult>
				<name>Small Car</name>
			</possibleresult>
			<points>
				<point>71.000000,826.000000</point>
				<point>67.000000,832.000000</point>
				<point>51.000000,822.000000</point>
				<point>55.000000,815.000000</point>
				<point>71.000000,826.000000</point>
			</points>
		</object>
		<object>
			<coordinate>pixel</coordinate>
			<type>rectangle</type>
			<description>None</description>
			<possibleresult>
				<name>Van</name>
			</possibleresult>
			<points>
				<point>64.000000,831.000000</point>
				<point>60.000000,838.000000</point>
				<point>43.000000,829.000000</point>
				<point>46.000000,822.000000</point>
				<point>64.000000,831.000000</point>
			</points>
		</object>
		<object>
			<coordinate>pixel</coordinate>
			<type>rectangle</type>
			<description>None</description>
			<possibleresult>
				<name>Van</name>
			</possibleresult>
			<points>
				<point>52.000000,842.000000</point>
				<point>48.000000,848.000000</point>
				<point>34.000000,839.000000</point>
				<point>38.000000,833.000000</point>
				<point>52.000000,842.000000</point>
			</points>
		</object>
		<object>
			<coordinate>pixel</coordinate>
			<type>rectangle</type>
			<description>None</description>
			<possibleresult>
				<name>Van</name>
			</possibleresult>
			<points>
				<point>44.000000,850.000000</point>
				<point>41.000000,855.000000</point>
				<point>27.000000,846.000000</point>
				<point>30.000000,841.000000</point>
				<point>44.000000,850.000000</point>
			</points>
		</object>
		<object>
			<coordinate>pixel</coordinate>
			<type>rectangle</type>
			<description>None</description>
			<possibleresult>
				<name>Small Car</name>
			</possibleresult>
			<points>
				<point>16.000000,875.000000</point>
				<point>12.000000,880.000000</point>
				<point>0.000000,872.000000</point>
				<point>4.000000,867.000000</point>
				<point>16.000000,875.000000</point>
			</points>
		</object>
		<object>
			<coordinate>pixel</coordinate>
			<type>rectangle</type>
			<description>None</description>
			<possibleresult>
				<name>Van</name>
			</possibleresult>
			<points>
				<point>31.000000,863.000000</point>
				<point>26.000000,870.000000</point>
				<point>10.000000,859.000000</point>
				<point>15.000000,852.000000</point>
				<point>31.000000,863.000000</point>
			</points>
		</object>
		<object>
			<coordinate>pixel</coordinate>
			<type>rectangle</type>
			<description>None</description>
			<possibleresult>
				<name>Van</name>
			</possibleresult>
			<points>
				<point>24.000000,870.000000</point>
				<point>20.000000,876.000000</point>
				<point>5.000000,865.000000</point>
				<point>9.000000,860.000000</point>
				<point>24.000000,870.000000</point>
			</points>
		</object>
		<object>
			<coordinate>pixel</coordinate>
			<type>rectangle</type>
			<description>None</description>
			<possibleresult>
				<name>Van</name>
			</possibleresult>
			<points>
				<point>38.000000,857.000000</point>
				<point>34.000000,863.000000</point>
				<point>18.000000,852.000000</point>
				<point>22.000000,846.000000</point>
				<point>38.000000,857.000000</point>
			</points>
		</object>
		<object>
			<coordinate>pixel</coordinate>
			<type>rectangle</type>
			<description>None</description>
			<possibleresult>
				<name>Small Car</name>
			</possibleresult>
			<points>
				<point>19.000000,847.000000</point>
				<point>14.000000,853.000000</point>
				<point>0.000000,845.000000</point>
				<point>4.000000,838.000000</point>
				<point>19.000000,847.000000</point>
			</points>
		</object>
		<object>
			<coordinate>pixel</coordinate>
			<type>rectangle</type>
			<description>None</description>
			<possibleresult>
				<name>Small Car</name>
			</possibleresult>
			<points>
				<point>25.000000,840.000000</point>
				<point>21.000000,846.000000</point>
				<point>5.000000,835.000000</point>
				<point>10.000000,829.000000</point>
				<point>25.000000,840.000000</point>
			</points>
		</object>
		<object>
			<coordinate>pixel</coordinate>
			<type>rectangle</type>
			<description>None</description>
			<possibleresult>
				<name>Small Car</name>
			</possibleresult>
			<points>
				<point>34.000000,833.000000</point>
				<point>30.000000,840.000000</point>
				<point>13.000000,830.000000</point>
				<point>17.000000,823.000000</point>
				<point>34.000000,833.000000</point>
			</points>
		</object>
		<object>
			<coordinate>pixel</coordinate>
			<type>rectangle</type>
			<description>None</description>
			<possibleresult>
				<name>Small Car</name>
			</possibleresult>
			<points>
				<point>40.000000,827.000000</point>
				<point>36.000000,834.000000</point>
				<point>19.000000,824.000000</point>
				<point>23.000000,817.000000</point>
				<point>40.000000,827.000000</point>
			</points>
		</object>
		<object>
			<coordinate>pixel</coordinate>
			<type>rectangle</type>
			<description>None</description>
			<possibleresult>
				<name>Van</name>
			</possibleresult>
			<points>
				<point>46.000000,822.000000</point>
				<point>42.000000,827.000000</point>
				<point>25.000000,816.000000</point>
				<point>29.000000,811.000000</point>
				<point>46.000000,822.000000</point>
			</points>
		</object>
		<object>
			<coordinate>pixel</coordinate>
			<type>rectangle</type>
			<description>None</description>
			<possibleresult>
				<name>Small Car</name>
			</possibleresult>
			<points>
				<point>53.000000,814.000000</point>
				<point>48.000000,822.000000</point>
				<point>33.000000,812.000000</point>
				<point>38.000000,804.000000</point>
				<point>53.000000,814.000000</point>
			</points>
		</object>
		<object>
			<coordinate>pixel</coordinate>
			<type>rectangle</type>
			<description>None</description>
			<possibleresult>
				<name>Small Car</name>
			</possibleresult>
			<points>
				<point>59.000000,808.000000</point>
				<point>54.000000,814.000000</point>
				<point>39.000000,805.000000</point>
				<point>43.000000,798.000000</point>
				<point>59.000000,808.000000</point>
			</points>
		</object>
		<object>
			<coordinate>pixel</coordinate>
			<type>rectangle</type>
			<description>None</description>
			<possibleresult>
				<name>Van</name>
			</possibleresult>
			<points>
				<point>65.000000,801.000000</point>
				<point>61.000000,807.000000</point>
				<point>44.000000,797.000000</point>
				<point>48.000000,791.000000</point>
				<point>65.000000,801.000000</point>
			</points>
		</object>
		<object>
			<coordinate>pixel</coordinate>
			<type>rectangle</type>
			<description>None</description>
			<possibleresult>
				<name>Small Car</name>
			</possibleresult>
			<points>
				<point>70.000000,795.000000</point>
				<point>66.000000,802.000000</point>
				<point>50.000000,791.000000</point>
				<point>54.000000,785.000000</point>
				<point>70.000000,795.000000</point>
			</points>
		</object>
		<object>
			<coordinate>pixel</coordinate>
			<type>rectangle</type>
			<description>None</description>
			<possibleresult>
				<name>Van</name>
			</possibleresult>
			<points>
				<point>77.000000,788.000000</point>
				<point>73.000000,795.000000</point>
				<point>56.000000,785.000000</point>
				<point>60.000000,778.000000</point>
				<point>77.000000,788.000000</point>
			</points>
		</object>
		<object>
			<coordinate>pixel</coordinate>
			<type>rectangle</type>
			<description>None</description>
			<possibleresult>
				<name>Small Car</name>
			</possibleresult>
			<points>
				<point>84.000000,782.000000</point>
				<point>80.000000,788.000000</point>
				<point>64.000000,778.000000</point>
				<point>68.000000,772.000000</point>
				<point>84.000000,782.000000</point>
			</points>
		</object>
		<object>
			<coordinate>pixel</coordinate>
			<type>rectangle</type>
			<description>None</description>
			<possibleresult>
				<name>Van</name>
			</possibleresult>
			<points>
				<point>90.000000,777.000000</point>
				<point>86.000000,783.000000</point>
				<point>71.000000,771.000000</point>
				<point>75.000000,766.000000</point>
				<point>90.000000,777.000000</point>
			</points>
		</object>
		<object>
			<coordinate>pixel</coordinate>
			<type>rectangle</type>
			<description>None</description>
			<possibleresult>
				<name>Small Car</name>
			</possibleresult>
			<points>
				<point>16.000000,778.000000</point>
				<point>12.000000,784.000000</point>
				<point>0.000000,776.000000</point>
				<point>5.000000,770.000000</point>
				<point>16.000000,778.000000</point>
			</points>
		</object>
		<object>
			<coordinate>pixel</coordinate>
			<type>rectangle</type>
			<description>None</description>
			<possibleresult>
				<name>Van</name>
			</possibleresult>
			<points>
				<point>22.000000,772.000000</point>
				<point>18.000000,778.000000</point>
				<point>3.000000,767.000000</point>
				<point>7.000000,761.000000</point>
				<point>22.000000,772.000000</point>
			</points>
		</object>
		<object>
			<coordinate>pixel</coordinate>
			<type>rectangle</type>
			<description>None</description>
			<possibleresult>
				<name>Van</name>
			</possibleresult>
			<points>
				<point>28.000000,766.000000</point>
				<point>23.000000,772.000000</point>
				<point>8.000000,761.000000</point>
				<point>13.000000,755.000000</point>
				<point>28.000000,766.000000</point>
			</points>
		</object>
		<object>
			<coordinate>pixel</coordinate>
			<type>rectangle</type>
			<description>None</description>
			<possibleresult>
				<name>Van</name>
			</possibleresult>
			<points>
				<point>34.000000,757.000000</point>
				<point>30.000000,764.000000</point>
				<point>16.000000,756.000000</point>
				<point>20.000000,749.000000</point>
				<point>34.000000,757.000000</point>
			</points>
		</object>
		<object>
			<coordinate>pixel</coordinate>
			<type>rectangle</type>
			<description>None</description>
			<possibleresult>
				<name>Small Car</name>
			</possibleresult>
			<points>
				<point>42.000000,753.000000</point>
				<point>37.000000,759.000000</point>
				<point>21.000000,748.000000</point>
				<point>26.000000,741.000000</point>
				<point>42.000000,753.000000</point>
			</points>
		</object>
		<object>
			<coordinate>pixel</coordinate>
			<type>rectangle</type>
			<description>None</description>
			<possibleresult>
				<name>Small Car</name>
			</possibleresult>
			<points>
				<point>49.000000,747.000000</point>
				<point>45.000000,753.000000</point>
				<point>30.000000,742.000000</point>
				<point>34.000000,736.000000</point>
				<point>49.000000,747.000000</point>
			</points>
		</object>
		<object>
			<coordinate>pixel</coordinate>
			<type>rectangle</type>
			<description>None</description>
			<possibleresult>
				<name>Van</name>
			</possibleresult>
			<points>
				<point>56.000000,740.000000</point>
				<point>53.000000,746.000000</point>
				<point>35.000000,736.000000</point>
				<point>39.000000,730.000000</point>
				<point>56.000000,740.000000</point>
			</points>
		</object>
		<object>
			<coordinate>pixel</coordinate>
			<type>rectangle</type>
			<description>None</description>
			<possibleresult>
				<name>Small Car</name>
			</possibleresult>
			<points>
				<point>63.000000,732.000000</point>
				<point>59.000000,740.000000</point>
				<point>41.000000,730.000000</point>
				<point>45.000000,722.000000</point>
				<point>63.000000,732.000000</point>
			</points>
		</object>
		<object>
			<coordinate>pixel</coordinate>
			<type>rectangle</type>
			<description>None</description>
			<possibleresult>
				<name>Small Car</name>
			</possibleresult>
			<points>
				<point>66.000000,724.000000</point>
				<point>62.000000,730.000000</point>
				<point>46.000000,722.000000</point>
				<point>50.000000,715.000000</point>
				<point>66.000000,724.000000</point>
			</points>
		</object>
		<object>
			<coordinate>pixel</coordinate>
			<type>rectangle</type>
			<description>None</description>
			<possibleresult>
				<name>Van</name>
			</possibleresult>
			<points>
				<point>70.000000,717.000000</point>
				<point>67.000000,723.000000</point>
				<point>52.000000,715.000000</point>
				<point>55.000000,709.000000</point>
				<point>70.000000,717.000000</point>
			</points>
		</object>
		<object>
			<coordinate>pixel</coordinate>
			<type>rectangle</type>
			<description>None</description>
			<possibleresult>
				<name>Van</name>
			</possibleresult>
			<points>
				<point>79.000000,713.000000</point>
				<point>76.000000,719.000000</point>
				<point>60.000000,711.000000</point>
				<point>64.000000,704.000000</point>
				<point>79.000000,713.000000</point>
			</points>
		</object>
		<object>
			<coordinate>pixel</coordinate>
			<type>rectangle</type>
			<description>None</description>
			<possibleresult>
				<name>Van</name>
			</possibleresult>
			<points>
				<point>14.000002,754.999939</point>
				<point>-1.461548,744.692200</point>
				<point>2.999979,737.999939</point>
				<point>18.461529,748.307678</point>
				<point>14.000002,754.999939</point>
			</points>
		</object>
		<object>
			<coordinate>pixel</coordinate>
			<type>rectangle</type>
			<description>None</description>
			<possibleresult>
				<name>Small Car</name>
			</possibleresult>
			<points>
				<point>23.000000,741.000000</point>
				<point>19.000000,747.000000</point>
				<point>4.000000,737.000000</point>
				<point>8.000000,730.000000</point>
				<point>23.000000,741.000000</point>
			</points>
		</object>
		<object>
			<coordinate>pixel</coordinate>
			<type>rectangle</type>
			<description>None</description>
			<possibleresult>
				<name>Van</name>
			</possibleresult>
			<points>
				<point>32.000000,736.000000</point>
				<point>27.000000,743.000000</point>
				<point>11.000000,731.000000</point>
				<point>16.000000,724.000000</point>
				<point>32.000000,736.000000</point>
			</points>
		</object>
		<object>
			<coordinate>pixel</coordinate>
			<type>rectangle</type>
			<description>None</description>
			<possibleresult>
				<name>Van</name>
			</possibleresult>
			<points>
				<point>36.000000,728.000000</point>
				<point>33.000000,734.000000</point>
				<point>15.000000,723.000000</point>
				<point>19.000000,717.000000</point>
				<point>36.000000,728.000000</point>
			</points>
		</object>
		<object>
			<coordinate>pixel</coordinate>
			<type>rectangle</type>
			<description>None</description>
			<possibleresult>
				<name>Van</name>
			</possibleresult>
			<points>
				<point>42.000000,722.000000</point>
				<point>39.000000,727.000000</point>
				<point>23.000000,717.000000</point>
				<point>26.000000,712.000000</point>
				<point>42.000000,722.000000</point>
			</points>
		</object>
		<object>
			<coordinate>pixel</coordinate>
			<type>rectangle</type>
			<description>None</description>
			<possibleresult>
				<name>Small Car</name>
			</possibleresult>
			<points>
				<point>49.000000,713.000000</point>
				<point>45.000000,720.000000</point>
				<point>28.000000,710.000000</point>
				<point>31.000000,704.000000</point>
				<point>49.000000,713.000000</point>
			</points>
		</object>
		<object>
			<coordinate>pixel</coordinate>
			<type>rectangle</type>
			<description>None</description>
			<possibleresult>
				<name>Van</name>
			</possibleresult>
			<points>
				<point>53.000000,708.000000</point>
				<point>50.000000,713.000000</point>
				<point>34.000000,703.000000</point>
				<point>38.000000,698.000000</point>
				<point>53.000000,708.000000</point>
			</points>
		</object>
		<object>
			<coordinate>pixel</coordinate>
			<type>rectangle</type>
			<description>None</description>
			<possibleresult>
				<name>Small Car</name>
			</possibleresult>
			<points>
				<point>63.000000,704.000000</point>
				<point>59.000000,710.000000</point>
				<point>42.000000,699.000000</point>
				<point>46.000000,692.000000</point>
				<point>63.000000,704.000000</point>
			</points>
		</object>
		<object>
			<coordinate>pixel</coordinate>
			<type>rectangle</type>
			<description>None</description>
			<possibleresult>
				<name>Van</name>
			</possibleresult>
			<points>
				<point>22.000000,674.000000</point>
				<point>18.000000,680.000000</point>
				<point>0.000000,667.000000</point>
				<point>4.000000,662.000000</point>
				<point>22.000000,674.000000</point>
			</points>
		</object>
		<object>
			<coordinate>pixel</coordinate>
			<type>rectangle</type>
			<description>None</description>
			<possibleresult>
				<name>Small Car</name>
			</possibleresult>
			<points>
				<point>28.000000,667.000000</point>
				<point>23.000000,674.000000</point>
				<point>6.000000,662.000000</point>
				<point>11.000000,655.000000</point>
				<point>28.000000,667.000000</point>
			</points>
		</object>
		<object>
			<coordinate>pixel</coordinate>
			<type>rectangle</type>
			<description>None</description>
			<possibleresult>
				<name>Small Car</name>
			</possibleresult>
			<points>
				<point>158.000000,747.000000</point>
				<point>145.000000,752.000000</point>
				<point>143.000000,747.000000</point>
				<point>156.000000,741.000000</point>
				<point>158.000000,747.000000</point>
			</points>
		</object>
		<object>
			<coordinate>pixel</coordinate>
			<type>rectangle</type>
			<description>None</description>
			<possibleresult>
				<name>Van</name>
			</possibleresult>
			<points>
				<point>157.000000,739.000000</point>
				<point>139.000000,746.000000</point>
				<point>136.000000,739.000000</point>
				<point>155.000000,733.000000</point>
				<point>157.000000,739.000000</point>
			</points>
		</object>
		<object>
			<coordinate>pixel</coordinate>
			<type>rectangle</type>
			<description>None</description>
			<possibleresult>
				<name>Van</name>
			</possibleresult>
			<points>
				<point>152.000000,733.000000</point>
				<point>134.000000,739.000000</point>
				<point>132.000000,733.000000</point>
				<point>150.000000,727.000000</point>
				<point>152.000000,733.000000</point>
			</points>
		</object>
		<object>
			<coordinate>pixel</coordinate>
			<type>rectangle</type>
			<description>None</description>
			<possibleresult>
				<name>Small Car</name>
			</possibleresult>
			<points>
				<point>150.000000,726.000000</point>
				<point>131.000000,731.000000</point>
				<point>129.000000,723.000000</point>
				<point>148.000000,718.000000</point>
				<point>150.000000,726.000000</point>
			</points>
		</object>
		<object>
			<coordinate>pixel</coordinate>
			<type>rectangle</type>
			<description>None</description>
			<possibleresult>
				<name>Small Car</name>
			</possibleresult>
			<points>
				<point>143.000000,710.000000</point>
				<point>124.000000,716.000000</point>
				<point>122.000000,708.000000</point>
				<point>141.000000,702.000000</point>
				<point>143.000000,710.000000</point>
			</points>
		</object>
		<object>
			<coordinate>pixel</coordinate>
			<type>rectangle</type>
			<description>None</description>
			<possibleresult>
				<name>Small Car</name>
			</possibleresult>
			<points>
				<point>140.000000,702.000000</point>
				<point>119.000000,708.000000</point>
				<point>117.000000,701.000000</point>
				<point>138.000000,695.000000</point>
				<point>140.000000,702.000000</point>
			</points>
		</object>
		<object>
			<coordinate>pixel</coordinate>
			<type>rectangle</type>
			<description>None</description>
			<possibleresult>
				<name>Van</name>
			</possibleresult>
			<points>
				<point>135.000000,694.000000</point>
				<point>115.000000,701.000000</point>
				<point>113.000000,694.000000</point>
				<point>132.000000,687.000000</point>
				<point>135.000000,694.000000</point>
			</points>
		</object>
		<object>
			<coordinate>pixel</coordinate>
			<type>rectangle</type>
			<description>None</description>
			<possibleresult>
				<name>Small Car</name>
			</possibleresult>
			<points>
				<point>129.000000,687.000000</point>
				<point>111.000000,693.000000</point>
				<point>109.000000,686.000000</point>
				<point>126.000000,680.000000</point>
				<point>129.000000,687.000000</point>
			</points>
		</object>
		<object>
			<coordinate>pixel</coordinate>
			<type>rectangle</type>
			<description>None</description>
			<possibleresult>
				<name>Van</name>
			</possibleresult>
			<points>
				<point>124.000000,680.000000</point>
				<point>106.000000,686.000000</point>
				<point>104.000000,679.000000</point>
				<point>122.000000,673.000000</point>
				<point>124.000000,680.000000</point>
			</points>
		</object>
		<object>
			<coordinate>pixel</coordinate>
			<type>rectangle</type>
			<description>None</description>
			<possibleresult>
				<name>Small Car</name>
			</possibleresult>
			<points>
				<point>109.000000,648.000000</point>
				<point>91.000000,656.000000</point>
				<point>89.000000,649.000000</point>
				<point>107.000000,642.000000</point>
				<point>109.000000,648.000000</point>
			</points>
		</object>
		<object>
			<coordinate>pixel</coordinate>
			<type>rectangle</type>
			<description>None</description>
			<possibleresult>
				<name>Small Car</name>
			</possibleresult>
			<points>
				<point>106.000000,641.000000</point>
				<point>88.000000,649.000000</point>
				<point>85.000000,641.000000</point>
				<point>102.000000,634.000000</point>
				<point>106.000000,641.000000</point>
			</points>
		</object>
		<object>
			<coordinate>pixel</coordinate>
			<type>rectangle</type>
			<description>None</description>
			<possibleresult>
				<name>Small Car</name>
			</possibleresult>
			<points>
				<point>101.000000,634.000000</point>
				<point>82.000000,641.000000</point>
				<point>79.000000,635.000000</point>
				<point>98.000000,627.000000</point>
				<point>101.000000,634.000000</point>
			</points>
		</object>
		<object>
			<coordinate>pixel</coordinate>
			<type>rectangle</type>
			<description>None</description>
			<possibleresult>
				<name>Small Car</name>
			</possibleresult>
			<points>
				<point>96.000000,627.000000</point>
				<point>79.000000,634.000000</point>
				<point>77.000000,627.000000</point>
				<point>94.000000,620.000000</point>
				<point>96.000000,627.000000</point>
			</points>
		</object>
		<object>
			<coordinate>pixel</coordinate>
			<type>rectangle</type>
			<description>None</description>
			<possibleresult>
				<name>Small Car</name>
			</possibleresult>
			<points>
				<point>94.000000,619.000000</point>
				<point>76.000000,626.000000</point>
				<point>73.000000,619.000000</point>
				<point>92.000000,612.000000</point>
				<point>94.000000,619.000000</point>
			</points>
		</object>
		<object>
			<coordinate>pixel</coordinate>
			<type>rectangle</type>
			<description>None</description>
			<possibleresult>
				<name>Small Car</name>
			</possibleresult>
			<points>
				<point>92.000000,611.000000</point>
				<point>73.000000,619.000000</point>
				<point>70.000000,612.000000</point>
				<point>89.000000,603.000000</point>
				<point>92.000000,611.000000</point>
			</points>
		</object>
		<object>
			<coordinate>pixel</coordinate>
			<type>rectangle</type>
			<description>None</description>
			<possibleresult>
				<name>Small Car</name>
			</possibleresult>
			<points>
				<point>86.000000,603.000000</point>
				<point>71.000000,611.000000</point>
				<point>67.000000,604.000000</point>
				<point>83.000000,596.000000</point>
				<point>86.000000,603.000000</point>
			</points>
		</object>
		<object>
			<coordinate>pixel</coordinate>
			<type>rectangle</type>
			<description>None</description>
			<possibleresult>
				<name>Van</name>
			</possibleresult>
			<points>
				<point>80.000000,597.000000</point>
				<point>66.000000,604.000000</point>
				<point>62.000000,597.000000</point>
				<point>76.000000,590.000000</point>
				<point>80.000000,597.000000</point>
			</points>
		</object>
		<object>
			<coordinate>pixel</coordinate>
			<type>rectangle</type>
			<description>None</description>
			<possibleresult>
				<name>Small Car</name>
			</possibleresult>
			<points>
				<point>120.000000,672.000000</point>
				<point>103.000000,679.000000</point>
				<point>100.000000,671.000000</point>
				<point>116.000000,664.000000</point>
				<point>120.000000,672.000000</point>
			</points>
		</object>
		<object>
			<coordinate>pixel</coordinate>
			<type>rectangle</type>
			<description>None</description>
			<possibleresult>
				<name>Small Car</name>
			</possibleresult>
			<points>
				<point>188.000000,646.000000</point>
				<point>181.000000,650.000000</point>
				<point>170.000000,633.000000</point>
				<point>177.000000,628.000000</point>
				<point>188.000000,646.000000</point>
			</points>
		</object>
		<object>
			<coordinate>pixel</coordinate>
			<type>rectangle</type>
			<description>None</description>
			<possibleresult>
				<name>Small Car</name>
			</possibleresult>
			<points>
				<point>195.000000,625.000000</point>
				<point>188.000000,629.000000</point>
				<point>178.000000,612.000000</point>
				<point>185.000000,608.000000</point>
				<point>195.000000,625.000000</point>
			</points>
		</object>
		<object>
			<coordinate>pixel</coordinate>
			<type>rectangle</type>
			<description>None</description>
			<possibleresult>
				<name>Small Car</name>
			</possibleresult>
			<points>
				<point>178.000000,627.000000</point>
				<point>171.000000,632.000000</point>
				<point>160.000000,614.000000</point>
				<point>167.000000,610.000000</point>
				<point>178.000000,627.000000</point>
			</points>
		</object>
		<object>
			<coordinate>pixel</coordinate>
			<type>rectangle</type>
			<description>None</description>
			<possibleresult>
				<name>Van</name>
			</possibleresult>
			<points>
				<point>190.000000,573.000000</point>
				<point>179.000000,579.000000</point>
				<point>166.000000,556.000000</point>
				<point>176.000000,550.000000</point>
				<point>190.000000,573.000000</point>
			</points>
		</object>
		<object>
			<coordinate>pixel</coordinate>
			<type>rectangle</type>
			<description>None</description>
			<possibleresult>
				<name>Small Car</name>
			</possibleresult>
			<points>
				<point>139.000000,554.000000</point>
				<point>132.000000,558.000000</point>
				<point>123.000000,542.000000</point>
				<point>129.000000,538.000000</point>
				<point>139.000000,554.000000</point>
			</points>
		</object>
		<object>
			<coordinate>pixel</coordinate>
			<type>rectangle</type>
			<description>None</description>
			<possibleresult>
				<name>Small Car</name>
			</possibleresult>
			<points>
				<point>131.000000,536.000000</point>
				<point>123.000000,539.000000</point>
				<point>115.000000,523.000000</point>
				<point>123.000000,519.000000</point>
				<point>131.000000,536.000000</point>
			</points>
		</object>
		<object>
			<coordinate>pixel</coordinate>
			<type>rectangle</type>
			<description>None</description>
			<possibleresult>
				<name>Small Car</name>
			</possibleresult>
			<points>
				<point>122.000000,516.000000</point>
				<point>114.000000,519.000000</point>
				<point>108.000000,501.000000</point>
				<point>116.000000,499.000000</point>
				<point>122.000000,516.000000</point>
			</points>
		</object>
		<object>
			<coordinate>pixel</coordinate>
			<type>rectangle</type>
			<description>None</description>
			<possibleresult>
				<name>Van</name>
			</possibleresult>
			<points>
				<point>117.000000,496.000000</point>
				<point>110.000000,500.000000</point>
				<point>101.000000,484.000000</point>
				<point>108.000000,481.000000</point>
				<point>117.000000,496.000000</point>
			</points>
		</object>
		<object>
			<coordinate>pixel</coordinate>
			<type>rectangle</type>
			<description>None</description>
			<possibleresult>
				<name>Small Car</name>
			</possibleresult>
			<points>
				<point>111.000000,479.000000</point>
				<point>100.000000,481.000000</point>
				<point>97.000000,460.000000</point>
				<point>107.000000,458.000000</point>
				<point>111.000000,479.000000</point>
			</points>
		</object>
		<object>
			<coordinate>pixel</coordinate>
			<type>rectangle</type>
			<description>None</description>
			<possibleresult>
				<name>Van</name>
			</possibleresult>
			<points>
				<point>99.000000,417.000000</point>
				<point>89.000000,419.000000</point>
				<point>86.000000,403.000000</point>
				<point>96.000000,401.000000</point>
				<point>99.000000,417.000000</point>
			</points>
		</object>
		<object>
			<coordinate>pixel</coordinate>
			<type>rectangle</type>
			<description>None</description>
			<possibleresult>
				<name>Small Car</name>
			</possibleresult>
			<points>
				<point>95.000000,397.000000</point>
				<point>87.000000,398.000000</point>
				<point>84.000000,379.000000</point>
				<point>92.000000,378.000000</point>
				<point>95.000000,397.000000</point>
			</points>
		</object>
		<object>
			<coordinate>pixel</coordinate>
			<type>rectangle</type>
			<description>None</description>
			<possibleresult>
				<name>Small Car</name>
			</possibleresult>
			<points>
				<point>15.000000,523.000000</point>
				<point>1.000000,524.000000</point>
				<point>0.000000,517.000000</point>
				<point>14.000000,516.000000</point>
				<point>15.000000,523.000000</point>
			</points>
		</object>
		<object>
			<coordinate>pixel</coordinate>
			<type>rectangle</type>
			<description>None</description>
			<possibleresult>
				<name>Van</name>
			</possibleresult>
			<points>
				<point>16.000000,530.000000</point>
				<point>1.000000,532.000000</point>
				<point>0.000000,525.000000</point>
				<point>15.000000,524.000000</point>
				<point>16.000000,530.000000</point>
			</points>
		</object>
		<object>
			<coordinate>pixel</coordinate>
			<type>rectangle</type>
			<description>None</description>
			<possibleresult>
				<name>Van</name>
			</possibleresult>
			<points>
				<point>19.000000,539.000000</point>
				<point>0.000000,540.000000</point>
				<point>0.000000,533.000000</point>
				<point>19.000000,532.000000</point>
				<point>19.000000,539.000000</point>
			</points>
		</object>
		<object>
			<coordinate>pixel</coordinate>
			<type>rectangle</type>
			<description>None</description>
			<possibleresult>
				<name>Small Car</name>
			</possibleresult>
			<points>
				<point>15.000000,549.000000</point>
				<point>0.000000,549.000000</point>
				<point>0.000000,541.000000</point>
				<point>15.000000,542.000000</point>
				<point>15.000000,549.000000</point>
			</points>
		</object>
		<object>
			<coordinate>pixel</coordinate>
			<type>rectangle</type>
			<description>None</description>
			<possibleresult>
				<name>Van</name>
			</possibleresult>
			<points>
				<point>21.000000,556.000000</point>
				<point>0.000000,558.000000</point>
				<point>0.000000,550.000000</point>
				<point>21.000000,549.000000</point>
				<point>21.000000,556.000000</point>
			</points>
		</object>
		<object>
			<coordinate>pixel</coordinate>
			<type>rectangle</type>
			<description>None</description>
			<possibleresult>
				<name>Van</name>
			</possibleresult>
			<points>
				<point>16.000000,565.000000</point>
				<point>0.000000,566.000000</point>
				<point>0.000000,559.000000</point>
				<point>16.000000,558.000000</point>
				<point>16.000000,565.000000</point>
			</points>
		</object>
		<object>
			<coordinate>pixel</coordinate>
			<type>rectangle</type>
			<description>None</description>
			<possibleresult>
				<name>Van</name>
			</possibleresult>
			<points>
				<point>72.000000,550.000000</point>
				<point>55.000000,551.000000</point>
				<point>55.000000,545.000000</point>
				<point>72.000000,544.000000</point>
				<point>72.000000,550.000000</point>
			</points>
		</object>
		<object>
			<coordinate>pixel</coordinate>
			<type>rectangle</type>
			<description>None</description>
			<possibleresult>
				<name>Van</name>
			</possibleresult>
			<points>
				<point>69.000000,543.000000</point>
				<point>54.000000,543.000000</point>
				<point>54.000000,537.000000</point>
				<point>68.000000,536.000000</point>
				<point>69.000000,543.000000</point>
			</points>
		</object>
		<object>
			<coordinate>pixel</coordinate>
			<type>rectangle</type>
			<description>None</description>
			<possibleresult>
				<name>Van</name>
			</possibleresult>
			<points>
				<point>68.000000,535.000000</point>
				<point>52.000000,536.000000</point>
				<point>51.000000,530.000000</point>
				<point>68.000000,529.000000</point>
				<point>68.000000,535.000000</point>
			</points>
		</object>
		<object>
			<coordinate>pixel</coordinate>
			<type>rectangle</type>
			<description>None</description>
			<possibleresult>
				<name>Van</name>
			</possibleresult>
			<points>
				<point>68.000000,527.000000</point>
				<point>50.000000,528.000000</point>
				<point>49.000000,522.000000</point>
				<point>68.000000,520.000000</point>
				<point>68.000000,527.000000</point>
			</points>
		</object>
		<object>
			<coordinate>pixel</coordinate>
			<type>rectangle</type>
			<description>None</description>
			<possibleresult>
				<name>Van</name>
			</possibleresult>
			<points>
				<point>70.000000,519.000000</point>
				<point>49.000000,520.000000</point>
				<point>48.000000,514.000000</point>
				<point>70.000000,512.000000</point>
				<point>70.000000,519.000000</point>
			</points>
		</object>
		<object>
			<coordinate>pixel</coordinate>
			<type>rectangle</type>
			<description>None</description>
			<possibleresult>
				<name>Van</name>
			</possibleresult>
			<points>
				<point>67.000000,512.000000</point>
				<point>47.000000,512.000000</point>
				<point>47.000000,504.000000</point>
				<point>67.000000,504.000000</point>
				<point>67.000000,512.000000</point>
			</points>
		</object>
		<object>
			<coordinate>pixel</coordinate>
			<type>rectangle</type>
			<description>None</description>
			<possibleresult>
				<name>Small Car</name>
			</possibleresult>
			<points>
				<point>65.000000,503.000000</point>
				<point>45.000000,503.000000</point>
				<point>44.000000,496.000000</point>
				<point>65.000000,495.000000</point>
				<point>65.000000,503.000000</point>
			</points>
		</object>
		<object>
			<coordinate>pixel</coordinate>
			<type>rectangle</type>
			<description>None</description>
			<possibleresult>
				<name>Small Car</name>
			</possibleresult>
			<points>
				<point>58.000000,446.000000</point>
				<point>38.000000,446.000000</point>
				<point>38.000000,440.000000</point>
				<point>58.000000,440.000000</point>
				<point>58.000000,446.000000</point>
			</points>
		</object>
		<object>
			<coordinate>pixel</coordinate>
			<type>rectangle</type>
			<description>None</description>
			<possibleresult>
				<name>Small Car</name>
			</possibleresult>
			<points>
				<point>57.000000,439.000000</point>
				<point>35.000000,439.000000</point>
				<point>35.000000,431.000000</point>
				<point>57.000000,431.000000</point>
				<point>57.000000,439.000000</point>
			</points>
		</object>
		<object>
			<coordinate>pixel</coordinate>
			<type>rectangle</type>
			<description>None</description>
			<possibleresult>
				<name>Van</name>
			</possibleresult>
			<points>
				<point>57.000000,430.000000</point>
				<point>36.000000,429.000000</point>
				<point>36.000000,422.000000</point>
				<point>57.000000,423.000000</point>
				<point>57.000000,430.000000</point>
			</points>
		</object>
		<object>
			<coordinate>pixel</coordinate>
			<type>rectangle</type>
			<description>None</description>
			<possibleresult>
				<name>Van</name>
			</possibleresult>
			<points>
				<point>53.000000,403.000000</point>
				<point>34.000000,404.000000</point>
				<point>34.000000,396.000000</point>
				<point>53.000000,396.000000</point>
				<point>53.000000,403.000000</point>
			</points>
		</object>
		<object>
			<coordinate>pixel</coordinate>
			<type>rectangle</type>
			<description>None</description>
			<possibleresult>
				<name>Van</name>
			</possibleresult>
			<points>
				<point>50.000000,379.000000</point>
				<point>28.000000,380.000000</point>
				<point>27.000000,373.000000</point>
				<point>50.000000,371.000000</point>
				<point>50.000000,379.000000</point>
			</points>
		</object>
		<object>
			<coordinate>pixel</coordinate>
			<type>rectangle</type>
			<description>None</description>
			<possibleresult>
				<name>Small Car</name>
			</possibleresult>
			<points>
				<point>91.000000,355.000000</point>
				<point>83.000000,355.000000</point>
				<point>82.000000,337.000000</point>
				<point>90.000000,337.000000</point>
				<point>91.000000,355.000000</point>
			</points>
		</object>
		<object>
			<coordinate>pixel</coordinate>
			<type>rectangle</type>
			<description>None</description>
			<possibleresult>
				<name>Small Car</name>
			</possibleresult>
			<points>
				<point>90.000000,335.000000</point>
				<point>82.000000,335.000000</point>
				<point>82.000000,317.000000</point>
				<point>90.000000,317.000000</point>
				<point>90.000000,335.000000</point>
			</points>
		</object>
		<object>
			<coordinate>pixel</coordinate>
			<type>rectangle</type>
			<description>None</description>
			<possibleresult>
				<name>Van</name>
			</possibleresult>
			<points>
				<point>91.000000,314.000000</point>
				<point>81.000000,314.000000</point>
				<point>82.000000,299.000000</point>
				<point>91.000000,299.000000</point>
				<point>91.000000,314.000000</point>
			</points>
		</object>
		<object>
			<coordinate>pixel</coordinate>
			<type>rectangle</type>
			<description>None</description>
			<possibleresult>
				<name>Van</name>
			</possibleresult>
			<points>
				<point>93.000000,294.000000</point>
				<point>84.000000,294.000000</point>
				<point>84.000000,277.000000</point>
				<point>93.000000,277.000000</point>
				<point>93.000000,294.000000</point>
			</points>
		</object>
		<object>
			<coordinate>pixel</coordinate>
			<type>rectangle</type>
			<description>None</description>
			<possibleresult>
				<name>Van</name>
			</possibleresult>
			<points>
				<point>95.000000,275.000000</point>
				<point>88.000000,274.000000</point>
				<point>88.000000,260.000000</point>
				<point>95.000000,261.000000</point>
				<point>95.000000,275.000000</point>
			</points>
		</object>
		<object>
			<coordinate>pixel</coordinate>
			<type>rectangle</type>
			<description>None</description>
			<possibleresult>
				<name>Small Car</name>
			</possibleresult>
			<points>
				<point>38.000000,310.000000</point>
				<point>17.000000,310.000000</point>
				<point>17.000000,302.000000</point>
				<point>38.000000,302.000000</point>
				<point>38.000000,310.000000</point>
			</points>
		</object>
		<object>
			<coordinate>pixel</coordinate>
			<type>rectangle</type>
			<description>None</description>
			<possibleresult>
				<name>Van</name>
			</possibleresult>
			<points>
				<point>52.000000,261.000000</point>
				<point>51.000000,269.000000</point>
				<point>31.000000,267.000000</point>
				<point>31.000000,260.000000</point>
				<point>52.000000,261.000000</point>
			</points>
		</object>
		<object>
			<coordinate>pixel</coordinate>
			<type>rectangle</type>
			<description>None</description>
			<possibleresult>
				<name>Small Car</name>
			</possibleresult>
			<points>
				<point>53.000000,257.000000</point>
				<point>34.000000,256.000000</point>
				<point>35.000000,250.000000</point>
				<point>53.000000,251.000000</point>
				<point>53.000000,257.000000</point>
			</points>
		</object>
		<object>
			<coordinate>pixel</coordinate>
			<type>rectangle</type>
			<description>None</description>
			<possibleresult>
				<name>Small Car</name>
			</possibleresult>
			<points>
				<point>137.000000,111.000000</point>
				<point>131.000000,130.000000</point>
				<point>122.000000,127.000000</point>
				<point>128.000000,109.000000</point>
				<point>137.000000,111.000000</point>
			</points>
		</object>
		<object>
			<coordinate>pixel</coordinate>
			<type>rectangle</type>
			<description>None</description>
			<possibleresult>
				<name>Small Car</name>
			</possibleresult>
			<points>
				<point>168.000000,120.000000</point>
				<point>162.000000,137.000000</point>
				<point>154.000000,134.000000</point>
				<point>160.000000,118.000000</point>
				<point>168.000000,120.000000</point>
			</points>
		</object>
		<object>
			<coordinate>pixel</coordinate>
			<type>rectangle</type>
			<description>None</description>
			<possibleresult>
				<name>Van</name>
			</possibleresult>
			<points>
				<point>184.000000,141.000000</point>
				<point>179.000000,157.000000</point>
				<point>171.000000,155.000000</point>
				<point>175.000000,139.000000</point>
				<point>184.000000,141.000000</point>
			</points>
		</object>
		<object>
			<coordinate>pixel</coordinate>
			<type>rectangle</type>
			<description>None</description>
			<possibleresult>
				<name>Small Car</name>
			</possibleresult>
			<points>
				<point>194.000000,103.000000</point>
				<point>188.000000,120.000000</point>
				<point>179.000000,117.000000</point>
				<point>185.000000,100.000000</point>
				<point>194.000000,103.000000</point>
			</points>
		</object>
		<object>
			<coordinate>pixel</coordinate>
			<type>rectangle</type>
			<description>None</description>
			<possibleresult>
				<name>Van</name>
			</possibleresult>
			<points>
				<point>205.000000,73.000000</point>
				<point>201.000000,89.000000</point>
				<point>193.000000,87.000000</point>
				<point>196.000000,71.000000</point>
				<point>205.000000,73.000000</point>
			</points>
		</object>
		<object>
			<coordinate>pixel</coordinate>
			<type>rectangle</type>
			<description>None</description>
			<possibleresult>
				<name>Small Car</name>
			</possibleresult>
			<points>
				<point>211.000000,50.000000</point>
				<point>208.000000,69.000000</point>
				<point>199.000000,67.000000</point>
				<point>203.000000,49.000000</point>
				<point>211.000000,50.000000</point>
			</points>
		</object>
		<object>
			<coordinate>pixel</coordinate>
			<type>rectangle</type>
			<description>None</description>
			<possibleresult>
				<name>Small Car</name>
			</possibleresult>
			<points>
				<point>402.000000,54.000000</point>
				<point>393.000000,54.000000</point>
				<point>392.000000,37.000000</point>
				<point>401.000000,36.000000</point>
				<point>402.000000,54.000000</point>
			</points>
		</object>
		<object>
			<coordinate>pixel</coordinate>
			<type>rectangle</type>
			<description>None</description>
			<possibleresult>
				<name>Van</name>
			</possibleresult>
			<points>
				<point>332.000000,57.000000</point>
				<point>327.000000,73.000000</point>
				<point>318.000000,71.000000</point>
				<point>323.000000,54.000000</point>
				<point>332.000000,57.000000</point>
			</points>
		</object>
		<object>
			<coordinate>pixel</coordinate>
			<type>rectangle</type>
			<description>None</description>
			<possibleresult>
				<name>Small Car</name>
			</possibleresult>
			<points>
				<point>320.000000,55.000000</point>
				<point>315.000000,71.000000</point>
				<point>307.000000,68.000000</point>
				<point>312.000000,52.000000</point>
				<point>320.000000,55.000000</point>
			</points>
		</object>
		<object>
			<coordinate>pixel</coordinate>
			<type>rectangle</type>
			<description>None</description>
			<possibleresult>
				<name>Cargo Truck</name>
			</possibleresult>
			<points>
				<point>358.000000,27.000000</point>
				<point>357.000000,36.000000</point>
				<point>330.000000,31.000000</point>
				<point>332.000000,22.000000</point>
				<point>358.000000,27.000000</point>
			</points>
		</object>
		<object>
			<coordinate>pixel</coordinate>
			<type>rectangle</type>
			<description>None</description>
			<possibleresult>
				<name>Dump Truck</name>
			</possibleresult>
			<points>
				<point>305.000000,11.000000</point>
				<point>303.000000,23.000000</point>
				<point>254.000000,15.000000</point>
				<point>256.000000,3.000000</point>
				<point>305.000000,11.000000</point>
			</points>
		</object>
		<object>
			<coordinate>pixel</coordinate>
			<type>rectangle</type>
			<description>None</description>
			<possibleresult>
				<name>Basketball Court</name>
			</possibleresult>
			<points>
				<point>718.000000,476.000000</point>
				<point>703.000000,525.000000</point>
				<point>598.000000,503.000000</point>
				<point>615.000000,454.000000</point>
				<point>718.000000,476.000000</point>
			</points>
		</object>
		<object>
			<coordinate>pixel</coordinate>
			<type>rectangle</type>
			<description>None</description>
			<possibleresult>
				<name>Van</name>
			</possibleresult>
			<points>
				<point>8.000059,761.999939</point>
				<point>-4.391846,753.148621</point>
				<point>0.608118,746.148621</point>
				<point>13.000023,754.999939</point>
				<point>8.000059,761.999939</point>
			</points>
		</object>
	</objects>
</annotation>