<?xml version="1.0" encoding="utf-8"?>
<annotation>
	<source>
		<filename>4133.tif</filename>
		<origin>GF2/GF3</origin>
	</source>
	<research>
		<version>1.0</version>
		<provider>FAIR1M</provider>
		<author>Cyber</author>
		<pluginname>FAIR1M</pluginname>
		<pluginclass>object detection</pluginclass>
		<time>2021-07-21</time>
	</research>
	<size>
		<width>1000</width>
		<height>1000</height>
		<depth>3</depth>
	</size>
	<objects>
		<object>
			<coordinate>pixel</coordinate>
			<type>rectangle</type>
			<description>None</description>
			<possibleresult>
				<name>other-airplane</name>
			</possibleresult>
			<points>
				<point>89.000000,163.000000</point>
				<point>129.000000,164.000000</point>
				<point>131.000000,125.000000</point>
				<point>90.000000,124.000000</point>
				<point>89.000000,163.000000</point>
			</points>
		</object>
		<object>
			<coordinate>pixel</coordinate>
			<type>rectangle</type>
			<description>None</description>
			<possibleresult>
				<name>other-airplane</name>
			</possibleresult>
			<points>
				<point>25.000000,283.000000</point>
				<point>24.000000,318.000000</point>
				<point>57.000000,319.000000</point>
				<point>58.000000,283.000000</point>
				<point>25.000000,283.000000</point>
			</points>
		</object>
		<object>
			<coordinate>pixel</coordinate>
			<type>rectangle</type>
			<description>None</description>
			<possibleresult>
				<name>other-airplane</name>
			</possibleresult>
			<points>
				<point>85.000000,268.000000</point>
				<point>112.000000,293.000000</point>
				<point>135.000000,268.000000</point>
				<point>108.000000,243.000000</point>
				<point>85.000000,268.000000</point>
			</points>
		</object>
		<object>
			<coordinate>pixel</coordinate>
			<type>rectangle</type>
			<description>None</description>
			<possibleresult>
				<name>other-airplane</name>
			</possibleresult>
			<points>
				<point>181.000000,296.000000</point>
				<point>180.000000,329.000000</point>
				<point>210.000000,329.000000</point>
				<point>210.000000,296.000000</point>
				<point>181.000000,296.000000</point>
			</points>
		</object>
		<object>
			<coordinate>pixel</coordinate>
			<type>rectangle</type>
			<description>None</description>
			<possibleresult>
				<name>A330</name>
			</possibleresult>
			<points>
				<point>310.000000,297.000000</point>
				<point>368.000000,346.000000</point>
				<point>417.000000,289.000000</point>
				<point>360.000000,239.000000</point>
				<point>310.000000,297.000000</point>
			</points>
		</object>
		<object>
			<coordinate>pixel</coordinate>
			<type>rectangle</type>
			<description>None</description>
			<possibleresult>
				<name>A321</name>
			</possibleresult>
			<points>
				<point>451.000000,475.000000</point>
				<point>396.000000,479.000000</point>
				<point>399.000000,524.000000</point>
				<point>455.000000,520.000000</point>
				<point>451.000000,475.000000</point>
			</points>
		</object>
		<object>
			<coordinate>pixel</coordinate>
			<type>rectangle</type>
			<description>None</description>
			<possibleresult>
				<name>A321</name>
			</possibleresult>
			<points>
				<point>952.000000,417.000000</point>
				<point>895.000000,423.000000</point>
				<point>900.000000,469.000000</point>
				<point>956.000000,463.000000</point>
				<point>952.000000,417.000000</point>
			</points>
		</object>
	</objects>
</annotation>