<?xml version="1.0" encoding="utf-8"?>
<annotation>
	<source>
		<filename>4193.tif</filename>
		<origin>GF2/GF3</origin>
	</source>
	<research>
		<version>1.0</version>
		<provider>FAIR1M</provider>
		<author>Cyber</author>
		<pluginname>FAIR1M</pluginname>
		<pluginclass>object detection</pluginclass>
		<time>2021-07-21</time>
	</research>
	<size>
		<width>600</width>
		<height>800</height>
		<depth>4</depth>
	</size>
	<objects>
		<object>
			<coordinate>pixel</coordinate>
			<type>rectangle</type>
			<description>None</description>
			<possibleresult>
				<name>Van</name>
			</possibleresult>
			<points>
				<point>485.000000,28.000000</point>
				<point>464.000000,28.000000</point>
				<point>464.000000,19.000000</point>
				<point>485.000000,19.000000</point>
				<point>485.000000,28.000000</point>
			</points>
		</object>
		<object>
			<coordinate>pixel</coordinate>
			<type>rectangle</type>
			<description>None</description>
			<possibleresult>
				<name>Van</name>
			</possibleresult>
			<points>
				<point>36.000000,761.000000</point>
				<point>18.000000,772.000000</point>
				<point>14.000000,765.000000</point>
				<point>31.000000,754.000000</point>
				<point>36.000000,761.000000</point>
			</points>
		</object>
		<object>
			<coordinate>pixel</coordinate>
			<type>rectangle</type>
			<description>None</description>
			<possibleresult>
				<name>Van</name>
			</possibleresult>
			<points>
				<point>87.000000,742.000000</point>
				<point>72.000000,754.000000</point>
				<point>68.000000,748.000000</point>
				<point>83.000000,736.000000</point>
				<point>87.000000,742.000000</point>
			</points>
		</object>
		<object>
			<coordinate>pixel</coordinate>
			<type>rectangle</type>
			<description>None</description>
			<possibleresult>
				<name>Van</name>
			</possibleresult>
			<points>
				<point>65.000000,723.000000</point>
				<point>53.000000,733.000000</point>
				<point>48.000000,727.000000</point>
				<point>60.000000,717.000000</point>
				<point>65.000000,723.000000</point>
			</points>
		</object>
		<object>
			<coordinate>pixel</coordinate>
			<type>rectangle</type>
			<description>None</description>
			<possibleresult>
				<name>Van</name>
			</possibleresult>
			<points>
				<point>164.000000,8.000000</point>
				<point>140.000000,9.000000</point>
				<point>140.000000,1.000000</point>
				<point>164.000000,0.000000</point>
				<point>164.000000,8.000000</point>
			</points>
		</object>
		<object>
			<coordinate>pixel</coordinate>
			<type>rectangle</type>
			<description>None</description>
			<possibleresult>
				<name>Van</name>
			</possibleresult>
			<points>
				<point>233.000000,200.000000</point>
				<point>232.000000,216.000000</point>
				<point>222.000000,216.000000</point>
				<point>223.000000,199.000000</point>
				<point>233.000000,200.000000</point>
			</points>
		</object>
		<object>
			<coordinate>pixel</coordinate>
			<type>rectangle</type>
			<description>None</description>
			<possibleresult>
				<name>Van</name>
			</possibleresult>
			<points>
				<point>232.000000,125.000000</point>
				<point>222.000000,125.000000</point>
				<point>222.000000,110.000000</point>
				<point>232.000000,110.000000</point>
				<point>232.000000,125.000000</point>
			</points>
		</object>
		<object>
			<coordinate>pixel</coordinate>
			<type>rectangle</type>
			<description>None</description>
			<possibleresult>
				<name>Small Car</name>
			</possibleresult>
			<points>
				<point>232.000000,86.000000</point>
				<point>231.000000,104.000000</point>
				<point>222.000000,103.000000</point>
				<point>223.000000,85.000000</point>
				<point>232.000000,86.000000</point>
			</points>
		</object>
		<object>
			<coordinate>pixel</coordinate>
			<type>rectangle</type>
			<description>None</description>
			<possibleresult>
				<name>Small Car</name>
			</possibleresult>
			<points>
				<point>232.000000,51.000000</point>
				<point>222.000000,51.000000</point>
				<point>222.000000,38.000000</point>
				<point>232.000000,38.000000</point>
				<point>232.000000,51.000000</point>
			</points>
		</object>
		<object>
			<coordinate>pixel</coordinate>
			<type>rectangle</type>
			<description>None</description>
			<possibleresult>
				<name>Dump Truck</name>
			</possibleresult>
			<points>
				<point>232.000000,31.000000</point>
				<point>220.000000,32.000000</point>
				<point>220.000000,12.000000</point>
				<point>231.000000,12.000000</point>
				<point>232.000000,31.000000</point>
			</points>
		</object>
		<object>
			<coordinate>pixel</coordinate>
			<type>rectangle</type>
			<description>None</description>
			<possibleresult>
				<name>Van</name>
			</possibleresult>
			<points>
				<point>306.000000,414.000000</point>
				<point>301.000000,423.000000</point>
				<point>279.000000,408.000000</point>
				<point>284.000000,400.000000</point>
				<point>306.000000,414.000000</point>
			</points>
		</object>
		<object>
			<coordinate>pixel</coordinate>
			<type>rectangle</type>
			<description>None</description>
			<possibleresult>
				<name>Small Car</name>
			</possibleresult>
			<points>
				<point>282.000000,372.000000</point>
				<point>273.000000,381.000000</point>
				<point>255.000000,362.000000</point>
				<point>263.000000,354.000000</point>
				<point>282.000000,372.000000</point>
			</points>
		</object>
		<object>
			<coordinate>pixel</coordinate>
			<type>rectangle</type>
			<description>None</description>
			<possibleresult>
				<name>Small Car</name>
			</possibleresult>
			<points>
				<point>137.000000,319.000000</point>
				<point>133.000000,326.000000</point>
				<point>115.000000,315.000000</point>
				<point>119.000000,308.000000</point>
				<point>137.000000,319.000000</point>
			</points>
		</object>
		<object>
			<coordinate>pixel</coordinate>
			<type>rectangle</type>
			<description>None</description>
			<possibleresult>
				<name>Van</name>
			</possibleresult>
			<points>
				<point>586.000000,619.000000</point>
				<point>585.000000,626.000000</point>
				<point>562.000000,622.000000</point>
				<point>563.000000,615.000000</point>
				<point>586.000000,619.000000</point>
			</points>
		</object>
		<object>
			<coordinate>pixel</coordinate>
			<type>rectangle</type>
			<description>None</description>
			<possibleresult>
				<name>Van</name>
			</possibleresult>
			<points>
				<point>584.000000,639.000000</point>
				<point>581.000000,647.000000</point>
				<point>557.000000,640.000000</point>
				<point>560.000000,632.000000</point>
				<point>584.000000,639.000000</point>
			</points>
		</object>
		<object>
			<coordinate>pixel</coordinate>
			<type>rectangle</type>
			<description>None</description>
			<possibleresult>
				<name>Small Car</name>
			</possibleresult>
			<points>
				<point>596.000000,541.000000</point>
				<point>590.000000,541.000000</point>
				<point>590.000000,534.000000</point>
				<point>596.000000,534.000000</point>
				<point>596.000000,541.000000</point>
			</points>
		</object>
		<object>
			<coordinate>pixel</coordinate>
			<type>rectangle</type>
			<description>None</description>
			<possibleresult>
				<name>Van</name>
			</possibleresult>
			<points>
				<point>419.000000,675.000000</point>
				<point>412.000000,689.000000</point>
				<point>405.000000,685.000000</point>
				<point>411.000000,672.000000</point>
				<point>419.000000,675.000000</point>
			</points>
		</object>
		<object>
			<coordinate>pixel</coordinate>
			<type>rectangle</type>
			<description>None</description>
			<possibleresult>
				<name>Van</name>
			</possibleresult>
			<points>
				<point>475.000000,725.000000</point>
				<point>473.000000,733.000000</point>
				<point>454.000000,728.000000</point>
				<point>456.000000,720.000000</point>
				<point>475.000000,725.000000</point>
			</points>
		</object>
		<object>
			<coordinate>pixel</coordinate>
			<type>rectangle</type>
			<description>None</description>
			<possibleresult>
				<name>Small Car</name>
			</possibleresult>
			<points>
				<point>263.000000,664.000000</point>
				<point>260.000000,673.000000</point>
				<point>232.000000,663.000000</point>
				<point>235.000000,654.000000</point>
				<point>263.000000,664.000000</point>
			</points>
		</object>
		<object>
			<coordinate>pixel</coordinate>
			<type>rectangle</type>
			<description>None</description>
			<possibleresult>
				<name>Van</name>
			</possibleresult>
			<points>
				<point>317.000000,648.000000</point>
				<point>310.000000,666.000000</point>
				<point>300.000000,662.000000</point>
				<point>308.000000,644.000000</point>
				<point>317.000000,648.000000</point>
			</points>
		</object>
		<object>
			<coordinate>pixel</coordinate>
			<type>rectangle</type>
			<description>None</description>
			<possibleresult>
				<name>Intersection</name>
			</possibleresult>
			<points>
				<point>179.000000,636.000000</point>
				<point>134.000000,696.000000</point>
				<point>40.000000,625.000000</point>
				<point>85.000000,565.000000</point>
				<point>179.000000,636.000000</point>
			</points>
		</object>
		<object>
			<coordinate>pixel</coordinate>
			<type>rectangle</type>
			<description>None</description>
			<possibleresult>
				<name>Intersection</name>
			</possibleresult>
			<points>
				<point>260.000000,301.000000</point>
				<point>186.000000,311.000000</point>
				<point>180.000000,264.000000</point>
				<point>254.000000,254.000000</point>
				<point>260.000000,301.000000</point>
			</points>
		</object>
		<object>
			<coordinate>pixel</coordinate>
			<type>rectangle</type>
			<description>None</description>
			<possibleresult>
				<name>Small Car</name>
			</possibleresult>
			<points>
				<point>546.000000,372.000000</point>
				<point>542.000000,378.000000</point>
				<point>525.000000,367.000000</point>
				<point>530.000000,360.000000</point>
				<point>546.000000,372.000000</point>
			</points>
		</object>
		<object>
			<coordinate>pixel</coordinate>
			<type>rectangle</type>
			<description>None</description>
			<possibleresult>
				<name>Small Car</name>
			</possibleresult>
			<points>
				<point>504.000000,261.000000</point>
				<point>480.000000,261.000000</point>
				<point>480.000000,255.000000</point>
				<point>504.000000,255.000000</point>
				<point>504.000000,261.000000</point>
			</points>
		</object>
		<object>
			<coordinate>pixel</coordinate>
			<type>rectangle</type>
			<description>None</description>
			<possibleresult>
				<name>Small Car</name>
			</possibleresult>
			<points>
				<point>437.000000,199.000000</point>
				<point>428.000000,199.000000</point>
				<point>428.000000,182.000000</point>
				<point>437.000000,182.000000</point>
				<point>437.000000,199.000000</point>
			</points>
		</object>
		<object>
			<coordinate>pixel</coordinate>
			<type>rectangle</type>
			<description>None</description>
			<possibleresult>
				<name>Van</name>
			</possibleresult>
			<points>
				<point>478.000000,121.000000</point>
				<point>476.000000,127.000000</point>
				<point>463.000000,126.000000</point>
				<point>464.000000,119.000000</point>
				<point>478.000000,121.000000</point>
			</points>
		</object>
	</objects>
</annotation>