<?xml version="1.0" encoding="utf-8"?>
<annotation>
	<source>
		<filename>4205.tif</filename>
		<origin>GF2/GF3</origin>
	</source>
	<research>
		<version>1.0</version>
		<provider>FAIR1M</provider>
		<author>Cyber</author>
		<pluginname>FAIR1M</pluginname>
		<pluginclass>object detection</pluginclass>
		<time>2021-07-21</time>
	</research>
	<size>
		<width>800</width>
		<height>600</height>
		<depth>3</depth>
	</size>
	<objects>
		<object>
			<coordinate>pixel</coordinate>
			<type>rectangle</type>
			<description>None</description>
			<possibleresult>
				<name>Boeing787</name>
			</possibleresult>
			<points>
				<point>69.042732,466.411133</point>
				<point>-0.000008,473.584412</point>
				<point>0.000001,395.337677</point>
				<point>61.000011,389.000000</point>
				<point>69.042732,466.411133</point>
			</points>
		</object>
		<object>
			<coordinate>pixel</coordinate>
			<type>rectangle</type>
			<description>None</description>
			<possibleresult>
				<name>A321</name>
			</possibleresult>
			<points>
				<point>695.000000,476.000000</point>
				<point>637.000000,481.000000</point>
				<point>634.000000,437.000000</point>
				<point>691.000000,432.000000</point>
				<point>695.000000,476.000000</point>
			</points>
		</object>
	</objects>
</annotation>