<?xml version="1.0" encoding="utf-8"?>
<annotation>
	<source>
		<filename>4257.tif</filename>
		<origin>GF2/GF3</origin>
	</source>
	<research>
		<version>1.0</version>
		<provider>FAIR1M</provider>
		<author>Cyber</author>
		<pluginname>FAIR1M</pluginname>
		<pluginclass>object detection</pluginclass>
		<time>2021-07-21</time>
	</research>
	<size>
		<width>800</width>
		<height>600</height>
		<depth>3</depth>
	</size>
	<objects>
		<object>
			<coordinate>pixel</coordinate>
			<type>rectangle</type>
			<description>None</description>
			<possibleresult>
				<name>Boeing737</name>
			</possibleresult>
			<points>
				<point>315.000000,488.000000</point>
				<point>270.000000,504.000000</point>
				<point>255.000000,462.000000</point>
				<point>300.000000,446.000000</point>
				<point>315.000000,488.000000</point>
			</points>
		</object>
		<object>
			<coordinate>pixel</coordinate>
			<type>rectangle</type>
			<description>None</description>
			<possibleresult>
				<name>other-airplane</name>
			</possibleresult>
			<points>
				<point>406.000000,451.000000</point>
				<point>389.000000,525.000000</point>
				<point>316.000000,508.000000</point>
				<point>334.000000,434.000000</point>
				<point>406.000000,451.000000</point>
			</points>
		</object>
		<object>
			<coordinate>pixel</coordinate>
			<type>rectangle</type>
			<description>None</description>
			<possibleresult>
				<name>other-airplane</name>
			</possibleresult>
			<points>
				<point>487.000000,507.000000</point>
				<point>412.000000,512.000000</point>
				<point>406.000000,438.000000</point>
				<point>481.000000,433.000000</point>
				<point>487.000000,507.000000</point>
			</points>
		</object>
		<object>
			<coordinate>pixel</coordinate>
			<type>rectangle</type>
			<description>None</description>
			<possibleresult>
				<name>Boeing787</name>
			</possibleresult>
			<points>
				<point>575.000000,493.000000</point>
				<point>501.000000,498.000000</point>
				<point>495.000000,424.000000</point>
				<point>569.000000,419.000000</point>
				<point>575.000000,493.000000</point>
			</points>
		</object>
		<object>
			<coordinate>pixel</coordinate>
			<type>rectangle</type>
			<description>None</description>
			<possibleresult>
				<name>Boeing777</name>
			</possibleresult>
			<points>
				<point>665.000000,482.000000</point>
				<point>588.000000,488.000000</point>
				<point>582.000000,410.000000</point>
				<point>659.000000,404.000000</point>
				<point>665.000000,482.000000</point>
			</points>
		</object>
		<object>
			<coordinate>pixel</coordinate>
			<type>rectangle</type>
			<description>None</description>
			<possibleresult>
				<name>A350</name>
			</possibleresult>
			<points>
				<point>757.000000,486.000000</point>
				<point>675.000000,492.000000</point>
				<point>669.000000,403.000000</point>
				<point>751.000000,397.000000</point>
				<point>757.000000,486.000000</point>
			</points>
		</object>
	</objects>
</annotation>