<?xml version="1.0" encoding="utf-8"?>
<annotation>
	<source>
		<filename>4307.tif</filename>
		<origin>GF2/GF3</origin>
	</source>
	<research>
		<version>1.0</version>
		<provider>FAIR1M</provider>
		<author>Cyber</author>
		<pluginname>FAIR1M</pluginname>
		<pluginclass>object detection</pluginclass>
		<time>2021-07-21</time>
	</research>
	<size>
		<width>1000</width>
		<height>1000</height>
		<depth>3</depth>
	</size>
	<objects>
		<object>
			<coordinate>pixel</coordinate>
			<type>rectangle</type>
			<description>None</description>
			<possibleresult>
				<name>Boeing737</name>
			</possibleresult>
			<points>
				<point>80.000000,604.000000</point>
				<point>37.000000,656.000000</point>
				<point>84.000000,696.000000</point>
				<point>128.000000,644.000000</point>
				<point>80.000000,604.000000</point>
			</points>
		</object>
	</objects>
</annotation>