<?xml version="1.0" encoding="utf-8"?>
<annotation>
	<source>
		<filename>4315.tif</filename>
		<origin>GF2/GF3</origin>
	</source>
	<research>
		<version>1.0</version>
		<provider>FAIR1M</provider>
		<author>Cyber</author>
		<pluginname>FAIR1M</pluginname>
		<pluginclass>object detection</pluginclass>
		<time>2021-07-21</time>
	</research>
	<size>
		<width>1000</width>
		<height>1000</height>
		<depth>3</depth>
	</size>
	<objects>
		<object>
			<coordinate>pixel</coordinate>
			<type>rectangle</type>
			<description>None</description>
			<possibleresult>
				<name>other-ship</name>
			</possibleresult>
			<points>
				<point>464.000000,432.000000</point>
				<point>488.000000,478.000000</point>
				<point>499.000000,472.000000</point>
				<point>475.000000,426.000000</point>
				<point>464.000000,432.000000</point>
			</points>
		</object>
		<object>
			<coordinate>pixel</coordinate>
			<type>rectangle</type>
			<description>None</description>
			<possibleresult>
				<name>other-ship</name>
			</possibleresult>
			<points>
				<point>164.000000,540.000000</point>
				<point>173.000000,559.000000</point>
				<point>182.000000,555.000000</point>
				<point>173.000000,536.000000</point>
				<point>164.000000,540.000000</point>
			</points>
		</object>
		<object>
			<coordinate>pixel</coordinate>
			<type>rectangle</type>
			<description>None</description>
			<possibleresult>
				<name>Motorboat</name>
			</possibleresult>
			<points>
				<point>101.000000,927.000000</point>
				<point>108.000000,906.000000</point>
				<point>102.000000,904.000000</point>
				<point>94.000000,924.000000</point>
				<point>101.000000,927.000000</point>
			</points>
		</object>
		<object>
			<coordinate>pixel</coordinate>
			<type>rectangle</type>
			<description>None</description>
			<possibleresult>
				<name>Fishing Boat</name>
			</possibleresult>
			<points>
				<point>222.000000,838.000000</point>
				<point>211.000000,885.000000</point>
				<point>227.000000,889.000000</point>
				<point>238.000000,842.000000</point>
				<point>222.000000,838.000000</point>
			</points>
		</object>
		<object>
			<coordinate>pixel</coordinate>
			<type>rectangle</type>
			<description>None</description>
			<possibleresult>
				<name>other-ship</name>
			</possibleresult>
			<points>
				<point>235.000000,854.000000</point>
				<point>232.000000,875.000000</point>
				<point>239.000000,876.000000</point>
				<point>242.000000,856.000000</point>
				<point>235.000000,854.000000</point>
			</points>
		</object>
		<object>
			<coordinate>pixel</coordinate>
			<type>rectangle</type>
			<description>None</description>
			<possibleresult>
				<name>Dry Cargo Ship</name>
			</possibleresult>
			<points>
				<point>265.000000,846.000000</point>
				<point>256.000000,914.000000</point>
				<point>274.000000,916.000000</point>
				<point>282.000000,848.000000</point>
				<point>265.000000,846.000000</point>
			</points>
		</object>
		<object>
			<coordinate>pixel</coordinate>
			<type>rectangle</type>
			<description>None</description>
			<possibleresult>
				<name>Tugboat</name>
			</possibleresult>
			<points>
				<point>260.000000,915.000000</point>
				<point>258.000000,930.000000</point>
				<point>267.000000,931.000000</point>
				<point>268.000000,916.000000</point>
				<point>260.000000,915.000000</point>
			</points>
		</object>
		<object>
			<coordinate>pixel</coordinate>
			<type>rectangle</type>
			<description>None</description>
			<possibleresult>
				<name>Dry Cargo Ship</name>
			</possibleresult>
			<points>
				<point>319.000000,856.000000</point>
				<point>314.000000,923.000000</point>
				<point>331.000000,924.000000</point>
				<point>337.000000,857.000000</point>
				<point>319.000000,856.000000</point>
			</points>
		</object>
		<object>
			<coordinate>pixel</coordinate>
			<type>rectangle</type>
			<description>None</description>
			<possibleresult>
				<name>Dry Cargo Ship</name>
			</possibleresult>
			<points>
				<point>368.000000,874.000000</point>
				<point>347.000000,939.000000</point>
				<point>363.000000,944.000000</point>
				<point>384.000000,879.000000</point>
				<point>368.000000,874.000000</point>
			</points>
		</object>
		<object>
			<coordinate>pixel</coordinate>
			<type>rectangle</type>
			<description>None</description>
			<possibleresult>
				<name>Engineering Ship</name>
			</possibleresult>
			<points>
				<point>407.000000,876.000000</point>
				<point>386.000000,953.000000</point>
				<point>412.000000,960.000000</point>
				<point>434.000000,884.000000</point>
				<point>407.000000,876.000000</point>
			</points>
		</object>
		<object>
			<coordinate>pixel</coordinate>
			<type>rectangle</type>
			<description>None</description>
			<possibleresult>
				<name>Tugboat</name>
			</possibleresult>
			<points>
				<point>320.000000,925.000000</point>
				<point>319.000000,944.000000</point>
				<point>327.000000,944.000000</point>
				<point>328.000000,925.000000</point>
				<point>320.000000,925.000000</point>
			</points>
		</object>
		<object>
			<coordinate>pixel</coordinate>
			<type>rectangle</type>
			<description>None</description>
			<possibleresult>
				<name>Dry Cargo Ship</name>
			</possibleresult>
			<points>
				<point>636.000000,933.000000</point>
				<point>648.000000,999.000000</point>
				<point>665.000000,996.000000</point>
				<point>653.000000,930.000000</point>
				<point>636.000000,933.000000</point>
			</points>
		</object>
		<object>
			<coordinate>pixel</coordinate>
			<type>rectangle</type>
			<description>None</description>
			<possibleresult>
				<name>Dry Cargo Ship</name>
			</possibleresult>
			<points>
				<point>653.000000,928.000000</point>
				<point>667.000000,1002.000000</point>
				<point>684.000000,999.000000</point>
				<point>670.000000,925.000000</point>
				<point>653.000000,928.000000</point>
			</points>
		</object>
		<object>
			<coordinate>pixel</coordinate>
			<type>rectangle</type>
			<description>None</description>
			<possibleresult>
				<name>Dry Cargo Ship</name>
			</possibleresult>
			<points>
				<point>670.000000,925.000000</point>
				<point>684.000000,999.000000</point>
				<point>702.000000,996.000000</point>
				<point>688.000000,922.000000</point>
				<point>670.000000,925.000000</point>
			</points>
		</object>
		<object>
			<coordinate>pixel</coordinate>
			<type>rectangle</type>
			<description>None</description>
			<possibleresult>
				<name>Dry Cargo Ship</name>
			</possibleresult>
			<points>
				<point>689.000000,922.000000</point>
				<point>703.000000,1000.000000</point>
				<point>722.000000,996.000000</point>
				<point>708.000000,918.000000</point>
				<point>689.000000,922.000000</point>
			</points>
		</object>
		<object>
			<coordinate>pixel</coordinate>
			<type>rectangle</type>
			<description>None</description>
			<possibleresult>
				<name>Warship</name>
			</possibleresult>
			<points>
				<point>909.000000,933.000000</point>
				<point>873.000000,855.000000</point>
				<point>856.000000,863.000000</point>
				<point>893.000000,941.000000</point>
				<point>909.000000,933.000000</point>
			</points>
		</object>
		<object>
			<coordinate>pixel</coordinate>
			<type>rectangle</type>
			<description>None</description>
			<possibleresult>
				<name>Engineering Ship</name>
			</possibleresult>
			<points>
				<point>938.000000,925.000000</point>
				<point>909.000000,861.000000</point>
				<point>883.000000,873.000000</point>
				<point>913.000000,937.000000</point>
				<point>938.000000,925.000000</point>
			</points>
		</object>
		<object>
			<coordinate>pixel</coordinate>
			<type>rectangle</type>
			<description>None</description>
			<possibleresult>
				<name>Tugboat</name>
			</possibleresult>
			<points>
				<point>931.000000,889.000000</point>
				<point>922.000000,869.000000</point>
				<point>914.000000,872.000000</point>
				<point>924.000000,892.000000</point>
				<point>931.000000,889.000000</point>
			</points>
		</object>
		<object>
			<coordinate>pixel</coordinate>
			<type>rectangle</type>
			<description>None</description>
			<possibleresult>
				<name>Engineering Ship</name>
			</possibleresult>
			<points>
				<point>937.000000,883.000000</point>
				<point>969.000000,947.000000</point>
				<point>996.000000,933.000000</point>
				<point>965.000000,869.000000</point>
				<point>937.000000,883.000000</point>
			</points>
		</object>
		<object>
			<coordinate>pixel</coordinate>
			<type>rectangle</type>
			<description>None</description>
			<possibleresult>
				<name>Engineering Ship</name>
			</possibleresult>
			<points>
				<point>949.000000,841.000000</point>
				<point>981.000000,904.000000</point>
				<point>1009.000000,889.000000</point>
				<point>977.000000,827.000000</point>
				<point>949.000000,841.000000</point>
			</points>
		</object>
		<object>
			<coordinate>pixel</coordinate>
			<type>rectangle</type>
			<description>None</description>
			<possibleresult>
				<name>other-ship</name>
			</possibleresult>
			<points>
				<point>937.000000,915.000000</point>
				<point>956.000000,954.000000</point>
				<point>968.000000,948.000000</point>
				<point>949.000000,910.000000</point>
				<point>937.000000,915.000000</point>
			</points>
		</object>
		<object>
			<coordinate>pixel</coordinate>
			<type>rectangle</type>
			<description>None</description>
			<possibleresult>
				<name>Tugboat</name>
			</possibleresult>
			<points>
				<point>938.000000,859.000000</point>
				<point>947.000000,877.000000</point>
				<point>954.000000,874.000000</point>
				<point>945.000000,856.000000</point>
				<point>938.000000,859.000000</point>
			</points>
		</object>
		<object>
			<coordinate>pixel</coordinate>
			<type>rectangle</type>
			<description>None</description>
			<possibleresult>
				<name>Tugboat</name>
			</possibleresult>
			<points>
				<point>947.000000,816.000000</point>
				<point>957.000000,836.000000</point>
				<point>966.000000,831.000000</point>
				<point>957.000000,811.000000</point>
				<point>947.000000,816.000000</point>
			</points>
		</object>
		<object>
			<coordinate>pixel</coordinate>
			<type>rectangle</type>
			<description>None</description>
			<possibleresult>
				<name>other-ship</name>
			</possibleresult>
			<points>
				<point>670.000000,286.000000</point>
				<point>721.000000,259.000000</point>
				<point>715.000000,248.000000</point>
				<point>664.000000,275.000000</point>
				<point>670.000000,286.000000</point>
			</points>
		</object>
	</objects>
</annotation>