<?xml version="1.0" encoding="utf-8"?>
<annotation>
	<source>
		<filename>4322.tif</filename>
		<origin>GF2/GF3</origin>
	</source>
	<research>
		<version>1.0</version>
		<provider>FAIR1M</provider>
		<author>Cyber</author>
		<pluginname>FAIR1M</pluginname>
		<pluginclass>object detection</pluginclass>
		<time>2021-07-21</time>
	</research>
	<size>
		<width>800</width>
		<height>600</height>
		<depth>4</depth>
	</size>
	<objects>
		<object>
			<coordinate>pixel</coordinate>
			<type>rectangle</type>
			<description>None</description>
			<possibleresult>
				<name>Van</name>
			</possibleresult>
			<points>
				<point>239.000000,69.000000</point>
				<point>228.000000,79.000000</point>
				<point>223.000000,73.000000</point>
				<point>235.000000,64.000000</point>
				<point>239.000000,69.000000</point>
			</points>
		</object>
		<object>
			<coordinate>pixel</coordinate>
			<type>rectangle</type>
			<description>None</description>
			<possibleresult>
				<name>Small Car</name>
			</possibleresult>
			<points>
				<point>242.000000,599.000000</point>
				<point>222.000000,599.000000</point>
				<point>222.000000,591.000000</point>
				<point>242.000000,591.000000</point>
				<point>242.000000,599.000000</point>
			</points>
		</object>
		<object>
			<coordinate>pixel</coordinate>
			<type>rectangle</type>
			<description>None</description>
			<possibleresult>
				<name>Van</name>
			</possibleresult>
			<points>
				<point>681.000000,557.000000</point>
				<point>674.000000,557.000000</point>
				<point>673.000000,540.000000</point>
				<point>681.000000,540.000000</point>
				<point>681.000000,557.000000</point>
			</points>
		</object>
		<object>
			<coordinate>pixel</coordinate>
			<type>rectangle</type>
			<description>None</description>
			<possibleresult>
				<name>Van</name>
			</possibleresult>
			<points>
				<point>772.000000,363.000000</point>
				<point>765.000000,367.000000</point>
				<point>757.000000,353.000000</point>
				<point>764.000000,349.000000</point>
				<point>772.000000,363.000000</point>
			</points>
		</object>
		<object>
			<coordinate>pixel</coordinate>
			<type>rectangle</type>
			<description>None</description>
			<possibleresult>
				<name>Van</name>
			</possibleresult>
			<points>
				<point>760.000000,365.000000</point>
				<point>752.000000,368.000000</point>
				<point>746.000000,353.000000</point>
				<point>754.000000,350.000000</point>
				<point>760.000000,365.000000</point>
			</points>
		</object>
		<object>
			<coordinate>pixel</coordinate>
			<type>rectangle</type>
			<description>None</description>
			<possibleresult>
				<name>Van</name>
			</possibleresult>
			<points>
				<point>243.000000,21.000000</point>
				<point>241.000000,38.000000</point>
				<point>233.000000,37.000000</point>
				<point>235.000000,20.000000</point>
				<point>243.000000,21.000000</point>
			</points>
		</object>
		<object>
			<coordinate>pixel</coordinate>
			<type>rectangle</type>
			<description>None</description>
			<possibleresult>
				<name>Small Car</name>
			</possibleresult>
			<points>
				<point>257.000000,20.000000</point>
				<point>254.000000,26.000000</point>
				<point>238.000000,18.000000</point>
				<point>241.000000,12.000000</point>
				<point>257.000000,20.000000</point>
			</points>
		</object>
		<object>
			<coordinate>pixel</coordinate>
			<type>rectangle</type>
			<description>None</description>
			<possibleresult>
				<name>Van</name>
			</possibleresult>
			<points>
				<point>153.000000,244.000000</point>
				<point>137.000000,252.000000</point>
				<point>133.000000,246.000000</point>
				<point>150.000000,237.000000</point>
				<point>153.000000,244.000000</point>
			</points>
		</object>
		<object>
			<coordinate>pixel</coordinate>
			<type>rectangle</type>
			<description>None</description>
			<possibleresult>
				<name>Small Car</name>
			</possibleresult>
			<points>
				<point>313.000000,286.000000</point>
				<point>293.000000,287.000000</point>
				<point>293.000000,279.000000</point>
				<point>313.000000,278.000000</point>
				<point>313.000000,286.000000</point>
			</points>
		</object>
		<object>
			<coordinate>pixel</coordinate>
			<type>rectangle</type>
			<description>None</description>
			<possibleresult>
				<name>Dump Truck</name>
			</possibleresult>
			<points>
				<point>540.000000,322.000000</point>
				<point>519.000000,323.000000</point>
				<point>518.000000,315.000000</point>
				<point>540.000000,315.000000</point>
				<point>540.000000,322.000000</point>
			</points>
		</object>
		<object>
			<coordinate>pixel</coordinate>
			<type>rectangle</type>
			<description>None</description>
			<possibleresult>
				<name>Van</name>
			</possibleresult>
			<points>
				<point>556.000000,360.000000</point>
				<point>555.000000,378.000000</point>
				<point>546.000000,377.000000</point>
				<point>547.000000,360.000000</point>
				<point>556.000000,360.000000</point>
			</points>
		</object>
		<object>
			<coordinate>pixel</coordinate>
			<type>rectangle</type>
			<description>None</description>
			<possibleresult>
				<name>Van</name>
			</possibleresult>
			<points>
				<point>547.000000,340.000000</point>
				<point>545.000000,358.000000</point>
				<point>538.000000,357.000000</point>
				<point>539.000000,340.000000</point>
				<point>547.000000,340.000000</point>
			</points>
		</object>
		<object>
			<coordinate>pixel</coordinate>
			<type>rectangle</type>
			<description>None</description>
			<possibleresult>
				<name>Van</name>
			</possibleresult>
			<points>
				<point>405.000000,335.000000</point>
				<point>404.000000,350.000000</point>
				<point>397.000000,350.000000</point>
				<point>397.000000,334.000000</point>
				<point>405.000000,335.000000</point>
			</points>
		</object>
		<object>
			<coordinate>pixel</coordinate>
			<type>rectangle</type>
			<description>None</description>
			<possibleresult>
				<name>Small Car</name>
			</possibleresult>
			<points>
				<point>447.000000,352.000000</point>
				<point>438.000000,352.000000</point>
				<point>439.000000,335.000000</point>
				<point>447.000000,335.000000</point>
				<point>447.000000,352.000000</point>
			</points>
		</object>
		<object>
			<coordinate>pixel</coordinate>
			<type>rectangle</type>
			<description>None</description>
			<possibleresult>
				<name>Dump Truck</name>
			</possibleresult>
			<points>
				<point>595.000000,332.000000</point>
				<point>594.000000,352.000000</point>
				<point>586.000000,352.000000</point>
				<point>587.000000,331.000000</point>
				<point>595.000000,332.000000</point>
			</points>
		</object>
		<object>
			<coordinate>pixel</coordinate>
			<type>rectangle</type>
			<description>None</description>
			<possibleresult>
				<name>Dump Truck</name>
			</possibleresult>
			<points>
				<point>582.000000,353.000000</point>
				<point>573.000000,353.000000</point>
				<point>573.000000,334.000000</point>
				<point>582.000000,334.000000</point>
				<point>582.000000,353.000000</point>
			</points>
		</object>
		<object>
			<coordinate>pixel</coordinate>
			<type>rectangle</type>
			<description>None</description>
			<possibleresult>
				<name>Van</name>
			</possibleresult>
			<points>
				<point>602.000000,303.000000</point>
				<point>579.000000,302.000000</point>
				<point>579.000000,294.000000</point>
				<point>602.000000,294.000000</point>
				<point>602.000000,303.000000</point>
			</points>
		</object>
		<object>
			<coordinate>pixel</coordinate>
			<type>rectangle</type>
			<description>None</description>
			<possibleresult>
				<name>Dump Truck</name>
			</possibleresult>
			<points>
				<point>622.000000,276.000000</point>
				<point>613.000000,276.000000</point>
				<point>612.000000,256.000000</point>
				<point>621.000000,256.000000</point>
				<point>622.000000,276.000000</point>
			</points>
		</object>
		<object>
			<coordinate>pixel</coordinate>
			<type>rectangle</type>
			<description>None</description>
			<possibleresult>
				<name>Van</name>
			</possibleresult>
			<points>
				<point>458.000000,257.000000</point>
				<point>457.000000,273.000000</point>
				<point>450.000000,273.000000</point>
				<point>450.000000,257.000000</point>
				<point>458.000000,257.000000</point>
			</points>
		</object>
		<object>
			<coordinate>pixel</coordinate>
			<type>rectangle</type>
			<description>None</description>
			<possibleresult>
				<name>Small Car</name>
			</possibleresult>
			<points>
				<point>449.000000,167.000000</point>
				<point>448.000000,183.000000</point>
				<point>440.000000,183.000000</point>
				<point>441.000000,167.000000</point>
				<point>449.000000,167.000000</point>
			</points>
		</object>
		<object>
			<coordinate>pixel</coordinate>
			<type>rectangle</type>
			<description>None</description>
			<possibleresult>
				<name>Small Car</name>
			</possibleresult>
			<points>
				<point>506.000000,98.000000</point>
				<point>488.000000,107.000000</point>
				<point>485.000000,100.000000</point>
				<point>503.000000,92.000000</point>
				<point>506.000000,98.000000</point>
			</points>
		</object>
		<object>
			<coordinate>pixel</coordinate>
			<type>rectangle</type>
			<description>None</description>
			<possibleresult>
				<name>Dump Truck</name>
			</possibleresult>
			<points>
				<point>483.000000,139.000000</point>
				<point>473.000000,142.000000</point>
				<point>466.000000,121.000000</point>
				<point>475.000000,118.000000</point>
				<point>483.000000,139.000000</point>
			</points>
		</object>
		<object>
			<coordinate>pixel</coordinate>
			<type>rectangle</type>
			<description>None</description>
			<possibleresult>
				<name>Cargo Truck</name>
			</possibleresult>
			<points>
				<point>337.000000,270.000000</point>
				<point>326.000000,270.000000</point>
				<point>326.000000,252.000000</point>
				<point>337.000000,252.000000</point>
				<point>337.000000,270.000000</point>
			</points>
		</object>
		<object>
			<coordinate>pixel</coordinate>
			<type>rectangle</type>
			<description>None</description>
			<possibleresult>
				<name>Van</name>
			</possibleresult>
			<points>
				<point>324.000000,265.000000</point>
				<point>318.000000,266.000000</point>
				<point>317.000000,251.000000</point>
				<point>324.000000,251.000000</point>
				<point>324.000000,265.000000</point>
			</points>
		</object>
		<object>
			<coordinate>pixel</coordinate>
			<type>rectangle</type>
			<description>None</description>
			<possibleresult>
				<name>Small Car</name>
			</possibleresult>
			<points>
				<point>178.000000,345.000000</point>
				<point>170.000000,345.000000</point>
				<point>170.000000,331.000000</point>
				<point>177.000000,331.000000</point>
				<point>178.000000,345.000000</point>
			</points>
		</object>
		<object>
			<coordinate>pixel</coordinate>
			<type>rectangle</type>
			<description>None</description>
			<possibleresult>
				<name>Van</name>
			</possibleresult>
			<points>
				<point>670.000000,580.000000</point>
				<point>650.000000,581.000000</point>
				<point>650.000000,574.000000</point>
				<point>670.000000,573.000000</point>
				<point>670.000000,580.000000</point>
			</points>
		</object>
		<object>
			<coordinate>pixel</coordinate>
			<type>rectangle</type>
			<description>None</description>
			<possibleresult>
				<name>Van</name>
			</possibleresult>
			<points>
				<point>643.000000,581.000000</point>
				<point>624.000000,581.000000</point>
				<point>624.000000,572.000000</point>
				<point>643.000000,572.000000</point>
				<point>643.000000,581.000000</point>
			</points>
		</object>
		<object>
			<coordinate>pixel</coordinate>
			<type>rectangle</type>
			<description>None</description>
			<possibleresult>
				<name>Van</name>
			</possibleresult>
			<points>
				<point>556.000000,580.000000</point>
				<point>534.000000,580.000000</point>
				<point>534.000000,573.000000</point>
				<point>556.000000,572.000000</point>
				<point>556.000000,580.000000</point>
			</points>
		</object>
		<object>
			<coordinate>pixel</coordinate>
			<type>rectangle</type>
			<description>None</description>
			<possibleresult>
				<name>Small Car</name>
			</possibleresult>
			<points>
				<point>473.000000,581.000000</point>
				<point>453.000000,581.000000</point>
				<point>452.000000,573.000000</point>
				<point>473.000000,573.000000</point>
				<point>473.000000,581.000000</point>
			</points>
		</object>
		<object>
			<coordinate>pixel</coordinate>
			<type>rectangle</type>
			<description>None</description>
			<possibleresult>
				<name>Small Car</name>
			</possibleresult>
			<points>
				<point>271.000000,571.000000</point>
				<point>260.000000,589.000000</point>
				<point>253.000000,584.000000</point>
				<point>264.000000,567.000000</point>
				<point>271.000000,571.000000</point>
			</points>
		</object>
		<object>
			<coordinate>pixel</coordinate>
			<type>rectangle</type>
			<description>None</description>
			<possibleresult>
				<name>Van</name>
			</possibleresult>
			<points>
				<point>692.000000,337.000000</point>
				<point>691.000000,351.000000</point>
				<point>685.000000,351.000000</point>
				<point>685.000000,337.000000</point>
				<point>692.000000,337.000000</point>
			</points>
		</object>
	</objects>
</annotation>