<?xml version="1.0" encoding="utf-8"?>
<annotation>
	<source>
		<filename>4437.tif</filename>
		<origin>GF2/GF3</origin>
	</source>
	<research>
		<version>1.0</version>
		<provider>FAIR1M</provider>
		<author>Cyber</author>
		<pluginname>FAIR1M</pluginname>
		<pluginclass>object detection</pluginclass>
		<time>2021-07-21</time>
	</research>
	<size>
		<width>700</width>
		<height>700</height>
		<depth>3</depth>
	</size>
	<objects>
		<object>
			<coordinate>pixel</coordinate>
			<type>rectangle</type>
			<description>None</description>
			<possibleresult>
				<name>A321</name>
			</possibleresult>
			<points>
				<point>700.000000,570.872803</point>
				<point>676.000000,570.000061</point>
				<point>678.024414,514.328186</point>
				<point>700.000000,515.127319</point>
				<point>700.000000,570.872803</point>
			</points>
		</object>
		<object>
			<coordinate>pixel</coordinate>
			<type>rectangle</type>
			<description>None</description>
			<possibleresult>
				<name>other-airplane</name>
			</possibleresult>
			<points>
				<point>677.000000,503.000000</point>
				<point>676.000000,531.000000</point>
				<point>649.000000,531.000000</point>
				<point>649.000000,502.000000</point>
				<point>677.000000,503.000000</point>
			</points>
		</object>
		<object>
			<coordinate>pixel</coordinate>
			<type>rectangle</type>
			<description>None</description>
			<possibleresult>
				<name>other-airplane</name>
			</possibleresult>
			<points>
				<point>627.000000,535.000000</point>
				<point>600.000000,534.000000</point>
				<point>601.000000,507.000000</point>
				<point>627.000000,507.000000</point>
				<point>627.000000,535.000000</point>
			</points>
		</object>
		<object>
			<coordinate>pixel</coordinate>
			<type>rectangle</type>
			<description>None</description>
			<possibleresult>
				<name>other-airplane</name>
			</possibleresult>
			<points>
				<point>610.000000,520.000000</point>
				<point>597.000000,538.000000</point>
				<point>580.000000,526.000000</point>
				<point>593.000000,508.000000</point>
				<point>610.000000,520.000000</point>
			</points>
		</object>
		<object>
			<coordinate>pixel</coordinate>
			<type>rectangle</type>
			<description>None</description>
			<possibleresult>
				<name>other-airplane</name>
			</possibleresult>
			<points>
				<point>517.000000,506.000000</point>
				<point>499.000000,513.000000</point>
				<point>491.000000,494.000000</point>
				<point>509.000000,487.000000</point>
				<point>517.000000,506.000000</point>
			</points>
		</object>
		<object>
			<coordinate>pixel</coordinate>
			<type>rectangle</type>
			<description>None</description>
			<possibleresult>
				<name>other-airplane</name>
			</possibleresult>
			<points>
				<point>539.000000,467.000000</point>
				<point>512.000000,466.000000</point>
				<point>513.000000,440.000000</point>
				<point>539.000000,441.000000</point>
				<point>539.000000,467.000000</point>
			</points>
		</object>
		<object>
			<coordinate>pixel</coordinate>
			<type>rectangle</type>
			<description>None</description>
			<possibleresult>
				<name>other-airplane</name>
			</possibleresult>
			<points>
				<point>567.000000,432.000000</point>
				<point>566.000000,460.000000</point>
				<point>541.000000,460.000000</point>
				<point>541.000000,432.000000</point>
				<point>567.000000,432.000000</point>
			</points>
		</object>
		<object>
			<coordinate>pixel</coordinate>
			<type>rectangle</type>
			<description>None</description>
			<possibleresult>
				<name>other-airplane</name>
			</possibleresult>
			<points>
				<point>606.000000,427.000000</point>
				<point>604.000000,465.000000</point>
				<point>567.000000,464.000000</point>
				<point>569.000000,426.000000</point>
				<point>606.000000,427.000000</point>
			</points>
		</object>
		<object>
			<coordinate>pixel</coordinate>
			<type>rectangle</type>
			<description>None</description>
			<possibleresult>
				<name>other-airplane</name>
			</possibleresult>
			<points>
				<point>642.000000,462.000000</point>
				<point>606.000000,462.000000</point>
				<point>606.000000,422.000000</point>
				<point>642.000000,423.000000</point>
				<point>642.000000,462.000000</point>
			</points>
		</object>
		<object>
			<coordinate>pixel</coordinate>
			<type>rectangle</type>
			<description>None</description>
			<possibleresult>
				<name>other-airplane</name>
			</possibleresult>
			<points>
				<point>326.000000,563.000000</point>
				<point>307.000000,603.000000</point>
				<point>268.000000,584.000000</point>
				<point>286.000000,545.000000</point>
				<point>326.000000,563.000000</point>
			</points>
		</object>
		<object>
			<coordinate>pixel</coordinate>
			<type>rectangle</type>
			<description>None</description>
			<possibleresult>
				<name>A330</name>
			</possibleresult>
			<points>
				<point>361.000000,593.000000</point>
				<point>328.000000,666.000000</point>
				<point>256.000000,634.000000</point>
				<point>288.000000,561.000000</point>
				<point>361.000000,593.000000</point>
			</points>
		</object>
		<object>
			<coordinate>pixel</coordinate>
			<type>rectangle</type>
			<description>None</description>
			<possibleresult>
				<name>other-airplane</name>
			</possibleresult>
			<points>
				<point>287.000000,616.000000</point>
				<point>266.000000,646.000000</point>
				<point>236.000000,625.000000</point>
				<point>257.000000,595.000000</point>
				<point>287.000000,616.000000</point>
			</points>
		</object>
		<object>
			<coordinate>pixel</coordinate>
			<type>rectangle</type>
			<description>None</description>
			<possibleresult>
				<name>other-airplane</name>
			</possibleresult>
			<points>
				<point>305.000000,648.000000</point>
				<point>288.000000,672.000000</point>
				<point>261.000000,652.000000</point>
				<point>278.000000,629.000000</point>
				<point>305.000000,648.000000</point>
			</points>
		</object>
		<object>
			<coordinate>pixel</coordinate>
			<type>rectangle</type>
			<description>None</description>
			<possibleresult>
				<name>Boeing747</name>
			</possibleresult>
			<points>
				<point>235.000000,666.000000</point>
				<point>162.000000,672.000000</point>
				<point>155.000000,597.000000</point>
				<point>229.000000,591.000000</point>
				<point>235.000000,666.000000</point>
			</points>
		</object>
		<object>
			<coordinate>pixel</coordinate>
			<type>rectangle</type>
			<description>None</description>
			<possibleresult>
				<name>other-airplane</name>
			</possibleresult>
			<points>
				<point>251.000000,593.000000</point>
				<point>206.000000,596.000000</point>
				<point>203.000000,552.000000</point>
				<point>249.000000,549.000000</point>
				<point>251.000000,593.000000</point>
			</points>
		</object>
		<object>
			<coordinate>pixel</coordinate>
			<type>rectangle</type>
			<description>None</description>
			<possibleresult>
				<name>other-airplane</name>
			</possibleresult>
			<points>
				<point>123.000000,641.000000</point>
				<point>106.000000,652.000000</point>
				<point>94.000000,634.000000</point>
				<point>112.000000,623.000000</point>
				<point>123.000000,641.000000</point>
			</points>
		</object>
		<object>
			<coordinate>pixel</coordinate>
			<type>rectangle</type>
			<description>None</description>
			<possibleresult>
				<name>other-airplane</name>
			</possibleresult>
			<points>
				<point>189.000000,655.000000</point>
				<point>176.000000,677.000000</point>
				<point>154.000000,663.000000</point>
				<point>167.000000,642.000000</point>
				<point>189.000000,655.000000</point>
			</points>
		</object>
		<object>
			<coordinate>pixel</coordinate>
			<type>rectangle</type>
			<description>None</description>
			<possibleresult>
				<name>Boeing737</name>
			</possibleresult>
			<points>
				<point>136.000000,663.000000</point>
				<point>100.000000,693.000000</point>
				<point>71.000000,658.000000</point>
				<point>108.000000,628.000000</point>
				<point>136.000000,663.000000</point>
			</points>
		</object>
		<object>
			<coordinate>pixel</coordinate>
			<type>rectangle</type>
			<description>None</description>
			<possibleresult>
				<name>other-airplane</name>
			</possibleresult>
			<points>
				<point>136.000000,668.000000</point>
				<point>119.000000,677.000000</point>
				<point>109.000000,658.000000</point>
				<point>126.000000,649.000000</point>
				<point>136.000000,668.000000</point>
			</points>
		</object>
		<object>
			<coordinate>pixel</coordinate>
			<type>rectangle</type>
			<description>None</description>
			<possibleresult>
				<name>other-airplane</name>
			</possibleresult>
			<points>
				<point>17.646912,574.766724</point>
				<point>-9.353088,542.766724</point>
				<point>20.000038,518.000000</point>
				<point>47.000038,550.000000</point>
				<point>17.646912,574.766724</point>
			</points>
		</object>
		<object>
			<coordinate>pixel</coordinate>
			<type>rectangle</type>
			<description>None</description>
			<possibleresult>
				<name>other-airplane</name>
			</possibleresult>
			<points>
				<point>49.000000,536.000000</point>
				<point>5.000000,540.000000</point>
				<point>0.000000,496.000000</point>
				<point>45.000000,492.000000</point>
				<point>49.000000,536.000000</point>
			</points>
		</object>
		<object>
			<coordinate>pixel</coordinate>
			<type>rectangle</type>
			<description>None</description>
			<possibleresult>
				<name>other-airplane</name>
			</possibleresult>
			<points>
				<point>104.000000,543.000000</point>
				<point>53.000000,547.000000</point>
				<point>48.000000,488.000000</point>
				<point>100.000000,484.000000</point>
				<point>104.000000,543.000000</point>
			</points>
		</object>
		<object>
			<coordinate>pixel</coordinate>
			<type>rectangle</type>
			<description>None</description>
			<possibleresult>
				<name>other-airplane</name>
			</possibleresult>
			<points>
				<point>125.000000,536.000000</point>
				<point>95.000000,541.000000</point>
				<point>89.000000,508.000000</point>
				<point>119.000000,503.000000</point>
				<point>125.000000,536.000000</point>
			</points>
		</object>
		<object>
			<coordinate>pixel</coordinate>
			<type>rectangle</type>
			<description>None</description>
			<possibleresult>
				<name>other-airplane</name>
			</possibleresult>
			<points>
				<point>160.000000,538.000000</point>
				<point>145.000000,547.000000</point>
				<point>136.000000,531.000000</point>
				<point>150.000000,522.000000</point>
				<point>160.000000,538.000000</point>
			</points>
		</object>
		<object>
			<coordinate>pixel</coordinate>
			<type>rectangle</type>
			<description>None</description>
			<possibleresult>
				<name>other-airplane</name>
			</possibleresult>
			<points>
				<point>167.000000,538.000000</point>
				<point>105.000000,541.000000</point>
				<point>103.000000,481.000000</point>
				<point>164.000000,478.000000</point>
				<point>167.000000,538.000000</point>
			</points>
		</object>
	</objects>
</annotation>