<?xml version="1.0" encoding="utf-8"?>
<annotation>
	<source>
		<filename>4477.tif</filename>
		<origin>GF2/GF3</origin>
	</source>
	<research>
		<version>1.0</version>
		<provider>FAIR1M</provider>
		<author>Cyber</author>
		<pluginname>FAIR1M</pluginname>
		<pluginclass>object detection</pluginclass>
		<time>2021-07-21</time>
	</research>
	<size>
		<width>1000</width>
		<height>1000</height>
		<depth>3</depth>
	</size>
	<objects>
		<object>
			<coordinate>pixel</coordinate>
			<type>rectangle</type>
			<description>None</description>
			<possibleresult>
				<name>Small Car</name>
			</possibleresult>
			<points>
				<point>85.000000,927.000000</point>
				<point>83.000000,935.000000</point>
				<point>60.000000,928.000000</point>
				<point>63.000000,919.000000</point>
				<point>85.000000,927.000000</point>
			</points>
		</object>
		<object>
			<coordinate>pixel</coordinate>
			<type>rectangle</type>
			<description>None</description>
			<possibleresult>
				<name>Small Car</name>
			</possibleresult>
			<points>
				<point>27.000000,863.000000</point>
				<point>3.000000,864.000000</point>
				<point>3.000000,854.000000</point>
				<point>27.000000,853.000000</point>
				<point>27.000000,863.000000</point>
			</points>
		</object>
		<object>
			<coordinate>pixel</coordinate>
			<type>rectangle</type>
			<description>None</description>
			<possibleresult>
				<name>Van</name>
			</possibleresult>
			<points>
				<point>94.000000,879.000000</point>
				<point>71.000000,880.000000</point>
				<point>71.000000,872.000000</point>
				<point>94.000000,871.000000</point>
				<point>94.000000,879.000000</point>
			</points>
		</object>
		<object>
			<coordinate>pixel</coordinate>
			<type>rectangle</type>
			<description>None</description>
			<possibleresult>
				<name>Small Car</name>
			</possibleresult>
			<points>
				<point>343.000000,824.000000</point>
				<point>332.000000,824.000000</point>
				<point>331.000000,807.000000</point>
				<point>342.000000,807.000000</point>
				<point>343.000000,824.000000</point>
			</points>
		</object>
		<object>
			<coordinate>pixel</coordinate>
			<type>rectangle</type>
			<description>None</description>
			<possibleresult>
				<name>Small Car</name>
			</possibleresult>
			<points>
				<point>344.000000,802.000000</point>
				<point>333.000000,802.000000</point>
				<point>332.000000,784.000000</point>
				<point>344.000000,784.000000</point>
				<point>344.000000,802.000000</point>
			</points>
		</object>
		<object>
			<coordinate>pixel</coordinate>
			<type>rectangle</type>
			<description>None</description>
			<possibleresult>
				<name>Small Car</name>
			</possibleresult>
			<points>
				<point>347.000000,750.000000</point>
				<point>335.000000,749.000000</point>
				<point>335.000000,731.000000</point>
				<point>347.000000,731.000000</point>
				<point>347.000000,750.000000</point>
			</points>
		</object>
		<object>
			<coordinate>pixel</coordinate>
			<type>rectangle</type>
			<description>None</description>
			<possibleresult>
				<name>Van</name>
			</possibleresult>
			<points>
				<point>352.000000,688.000000</point>
				<point>341.000000,689.000000</point>
				<point>340.000000,672.000000</point>
				<point>350.000000,671.000000</point>
				<point>352.000000,688.000000</point>
			</points>
		</object>
		<object>
			<coordinate>pixel</coordinate>
			<type>rectangle</type>
			<description>None</description>
			<possibleresult>
				<name>Small Car</name>
			</possibleresult>
			<points>
				<point>61.000000,666.000000</point>
				<point>51.000000,666.000000</point>
				<point>51.000000,649.000000</point>
				<point>61.000000,649.000000</point>
				<point>61.000000,666.000000</point>
			</points>
		</object>
		<object>
			<coordinate>pixel</coordinate>
			<type>rectangle</type>
			<description>None</description>
			<possibleresult>
				<name>Small Car</name>
			</possibleresult>
			<points>
				<point>165.000000,654.000000</point>
				<point>156.000000,654.000000</point>
				<point>156.000000,637.000000</point>
				<point>165.000000,637.000000</point>
				<point>165.000000,654.000000</point>
			</points>
		</object>
		<object>
			<coordinate>pixel</coordinate>
			<type>rectangle</type>
			<description>None</description>
			<possibleresult>
				<name>Van</name>
			</possibleresult>
			<points>
				<point>163.000000,631.000000</point>
				<point>152.000000,631.000000</point>
				<point>152.000000,614.000000</point>
				<point>163.000000,614.000000</point>
				<point>163.000000,631.000000</point>
			</points>
		</object>
		<object>
			<coordinate>pixel</coordinate>
			<type>rectangle</type>
			<description>None</description>
			<possibleresult>
				<name>Small Car</name>
			</possibleresult>
			<points>
				<point>76.000000,568.000000</point>
				<point>55.000000,568.000000</point>
				<point>55.000000,561.000000</point>
				<point>76.000000,560.000000</point>
				<point>76.000000,568.000000</point>
			</points>
		</object>
		<object>
			<coordinate>pixel</coordinate>
			<type>rectangle</type>
			<description>None</description>
			<possibleresult>
				<name>Van</name>
			</possibleresult>
			<points>
				<point>127.000000,568.000000</point>
				<point>109.000000,569.000000</point>
				<point>109.000000,562.000000</point>
				<point>127.000000,561.000000</point>
				<point>127.000000,568.000000</point>
			</points>
		</object>
		<object>
			<coordinate>pixel</coordinate>
			<type>rectangle</type>
			<description>None</description>
			<possibleresult>
				<name>Small Car</name>
			</possibleresult>
			<points>
				<point>150.000000,569.000000</point>
				<point>133.000000,569.000000</point>
				<point>133.000000,561.000000</point>
				<point>150.000000,562.000000</point>
				<point>150.000000,569.000000</point>
			</points>
		</object>
		<object>
			<coordinate>pixel</coordinate>
			<type>rectangle</type>
			<description>None</description>
			<possibleresult>
				<name>Van</name>
			</possibleresult>
			<points>
				<point>192.000000,545.000000</point>
				<point>183.000000,545.000000</point>
				<point>183.000000,529.000000</point>
				<point>192.000000,529.000000</point>
				<point>192.000000,545.000000</point>
			</points>
		</object>
		<object>
			<coordinate>pixel</coordinate>
			<type>rectangle</type>
			<description>None</description>
			<possibleresult>
				<name>Small Car</name>
			</possibleresult>
			<points>
				<point>209.000000,532.000000</point>
				<point>203.000000,548.000000</point>
				<point>193.000000,544.000000</point>
				<point>199.000000,528.000000</point>
				<point>209.000000,532.000000</point>
			</points>
		</object>
		<object>
			<coordinate>pixel</coordinate>
			<type>rectangle</type>
			<description>None</description>
			<possibleresult>
				<name>Small Car</name>
			</possibleresult>
			<points>
				<point>234.000000,573.000000</point>
				<point>211.000000,573.000000</point>
				<point>211.000000,565.000000</point>
				<point>234.000000,565.000000</point>
				<point>234.000000,573.000000</point>
			</points>
		</object>
		<object>
			<coordinate>pixel</coordinate>
			<type>rectangle</type>
			<description>None</description>
			<possibleresult>
				<name>Intersection</name>
			</possibleresult>
			<points>
				<point>395.000000,560.000000</point>
				<point>395.000000,605.000000</point>
				<point>341.000000,604.000000</point>
				<point>342.000000,559.000000</point>
				<point>395.000000,560.000000</point>
			</points>
		</object>
		<object>
			<coordinate>pixel</coordinate>
			<type>rectangle</type>
			<description>None</description>
			<possibleresult>
				<name>Small Car</name>
			</possibleresult>
			<points>
				<point>363.000000,526.000000</point>
				<point>350.000000,526.000000</point>
				<point>352.000000,510.000000</point>
				<point>363.000000,511.000000</point>
				<point>363.000000,526.000000</point>
			</points>
		</object>
		<object>
			<coordinate>pixel</coordinate>
			<type>rectangle</type>
			<description>None</description>
			<possibleresult>
				<name>Small Car</name>
			</possibleresult>
			<points>
				<point>389.000000,397.000000</point>
				<point>379.000000,397.000000</point>
				<point>379.000000,379.000000</point>
				<point>388.000000,379.000000</point>
				<point>389.000000,397.000000</point>
			</points>
		</object>
		<object>
			<coordinate>pixel</coordinate>
			<type>rectangle</type>
			<description>None</description>
			<possibleresult>
				<name>Van</name>
			</possibleresult>
			<points>
				<point>378.000000,344.000000</point>
				<point>377.000000,361.000000</point>
				<point>367.000000,361.000000</point>
				<point>368.000000,344.000000</point>
				<point>378.000000,344.000000</point>
			</points>
		</object>
		<object>
			<coordinate>pixel</coordinate>
			<type>rectangle</type>
			<description>None</description>
			<possibleresult>
				<name>Van</name>
			</possibleresult>
			<points>
				<point>380.000000,324.000000</point>
				<point>379.000000,340.000000</point>
				<point>368.000000,339.000000</point>
				<point>370.000000,324.000000</point>
				<point>380.000000,324.000000</point>
			</points>
		</object>
		<object>
			<coordinate>pixel</coordinate>
			<type>rectangle</type>
			<description>None</description>
			<possibleresult>
				<name>Van</name>
			</possibleresult>
			<points>
				<point>382.000000,305.000000</point>
				<point>372.000000,305.000000</point>
				<point>372.000000,289.000000</point>
				<point>382.000000,289.000000</point>
				<point>382.000000,305.000000</point>
			</points>
		</object>
		<object>
			<coordinate>pixel</coordinate>
			<type>rectangle</type>
			<description>None</description>
			<possibleresult>
				<name>Small Car</name>
			</possibleresult>
			<points>
				<point>412.000000,291.000000</point>
				<point>402.000000,291.000000</point>
				<point>403.000000,275.000000</point>
				<point>412.000000,275.000000</point>
				<point>412.000000,291.000000</point>
			</points>
		</object>
		<object>
			<coordinate>pixel</coordinate>
			<type>rectangle</type>
			<description>None</description>
			<possibleresult>
				<name>Small Car</name>
			</possibleresult>
			<points>
				<point>384.000000,276.000000</point>
				<point>375.000000,276.000000</point>
				<point>375.000000,260.000000</point>
				<point>383.000000,260.000000</point>
				<point>384.000000,276.000000</point>
			</points>
		</object>
		<object>
			<coordinate>pixel</coordinate>
			<type>rectangle</type>
			<description>None</description>
			<possibleresult>
				<name>Small Car</name>
			</possibleresult>
			<points>
				<point>387.000000,257.000000</point>
				<point>375.000000,257.000000</point>
				<point>375.000000,240.000000</point>
				<point>387.000000,240.000000</point>
				<point>387.000000,257.000000</point>
			</points>
		</object>
		<object>
			<coordinate>pixel</coordinate>
			<type>rectangle</type>
			<description>None</description>
			<possibleresult>
				<name>Small Car</name>
			</possibleresult>
			<points>
				<point>400.000000,252.000000</point>
				<point>399.000000,269.000000</point>
				<point>389.000000,269.000000</point>
				<point>389.000000,252.000000</point>
				<point>400.000000,252.000000</point>
			</points>
		</object>
		<object>
			<coordinate>pixel</coordinate>
			<type>rectangle</type>
			<description>None</description>
			<possibleresult>
				<name>Van</name>
			</possibleresult>
			<points>
				<point>172.000000,339.000000</point>
				<point>154.000000,347.000000</point>
				<point>150.000000,339.000000</point>
				<point>168.000000,331.000000</point>
				<point>172.000000,339.000000</point>
			</points>
		</object>
		<object>
			<coordinate>pixel</coordinate>
			<type>rectangle</type>
			<description>None</description>
			<possibleresult>
				<name>Dump Truck</name>
			</possibleresult>
			<points>
				<point>118.000000,342.000000</point>
				<point>115.000000,351.000000</point>
				<point>87.000000,341.000000</point>
				<point>90.000000,332.000000</point>
				<point>118.000000,342.000000</point>
			</points>
		</object>
		<object>
			<coordinate>pixel</coordinate>
			<type>rectangle</type>
			<description>None</description>
			<possibleresult>
				<name>Small Car</name>
			</possibleresult>
			<points>
				<point>124.000000,328.000000</point>
				<point>106.000000,329.000000</point>
				<point>105.000000,323.000000</point>
				<point>123.000000,322.000000</point>
				<point>124.000000,328.000000</point>
			</points>
		</object>
		<object>
			<coordinate>pixel</coordinate>
			<type>rectangle</type>
			<description>None</description>
			<possibleresult>
				<name>Cargo Truck</name>
			</possibleresult>
			<points>
				<point>32.000000,350.000000</point>
				<point>31.000000,359.000000</point>
				<point>2.000000,356.000000</point>
				<point>3.000000,347.000000</point>
				<point>32.000000,350.000000</point>
			</points>
		</object>
		<object>
			<coordinate>pixel</coordinate>
			<type>rectangle</type>
			<description>None</description>
			<possibleresult>
				<name>Van</name>
			</possibleresult>
			<points>
				<point>21.000000,317.000000</point>
				<point>19.000000,334.000000</point>
				<point>10.000000,334.000000</point>
				<point>11.000000,317.000000</point>
				<point>21.000000,317.000000</point>
			</points>
		</object>
		<object>
			<coordinate>pixel</coordinate>
			<type>rectangle</type>
			<description>None</description>
			<possibleresult>
				<name>Van</name>
			</possibleresult>
			<points>
				<point>33.000000,316.000000</point>
				<point>25.000000,317.000000</point>
				<point>25.000000,300.000000</point>
				<point>33.000000,300.000000</point>
				<point>33.000000,316.000000</point>
			</points>
		</object>
		<object>
			<coordinate>pixel</coordinate>
			<type>rectangle</type>
			<description>None</description>
			<possibleresult>
				<name>Van</name>
			</possibleresult>
			<points>
				<point>12.000000,256.000000</point>
				<point>10.000000,270.000000</point>
				<point>0.000000,269.000000</point>
				<point>2.000000,255.000000</point>
				<point>12.000000,256.000000</point>
			</points>
		</object>
		<object>
			<coordinate>pixel</coordinate>
			<type>rectangle</type>
			<description>None</description>
			<possibleresult>
				<name>Van</name>
			</possibleresult>
			<points>
				<point>38.000000,270.000000</point>
				<point>28.000000,270.000000</point>
				<point>27.000000,255.000000</point>
				<point>38.000000,255.000000</point>
				<point>38.000000,270.000000</point>
			</points>
		</object>
		<object>
			<coordinate>pixel</coordinate>
			<type>rectangle</type>
			<description>None</description>
			<possibleresult>
				<name>Small Car</name>
			</possibleresult>
			<points>
				<point>51.000000,272.000000</point>
				<point>41.000000,272.000000</point>
				<point>41.000000,257.000000</point>
				<point>51.000000,257.000000</point>
				<point>51.000000,272.000000</point>
			</points>
		</object>
		<object>
			<coordinate>pixel</coordinate>
			<type>rectangle</type>
			<description>None</description>
			<possibleresult>
				<name>Van</name>
			</possibleresult>
			<points>
				<point>67.000000,275.000000</point>
				<point>55.000000,275.000000</point>
				<point>56.000000,256.000000</point>
				<point>67.000000,256.000000</point>
				<point>67.000000,275.000000</point>
			</points>
		</object>
		<object>
			<coordinate>pixel</coordinate>
			<type>rectangle</type>
			<description>None</description>
			<possibleresult>
				<name>Small Car</name>
			</possibleresult>
			<points>
				<point>103.000000,245.000000</point>
				<point>97.000000,261.000000</point>
				<point>87.000000,257.000000</point>
				<point>94.000000,241.000000</point>
				<point>103.000000,245.000000</point>
			</points>
		</object>
		<object>
			<coordinate>pixel</coordinate>
			<type>rectangle</type>
			<description>None</description>
			<possibleresult>
				<name>Van</name>
			</possibleresult>
			<points>
				<point>131.000000,265.000000</point>
				<point>104.000000,265.000000</point>
				<point>104.000000,256.000000</point>
				<point>131.000000,256.000000</point>
				<point>131.000000,265.000000</point>
			</points>
		</object>
		<object>
			<coordinate>pixel</coordinate>
			<type>rectangle</type>
			<description>None</description>
			<possibleresult>
				<name>Small Car</name>
			</possibleresult>
			<points>
				<point>123.000000,195.000000</point>
				<point>100.000000,195.000000</point>
				<point>100.000000,187.000000</point>
				<point>123.000000,186.000000</point>
				<point>123.000000,195.000000</point>
			</points>
		</object>
		<object>
			<coordinate>pixel</coordinate>
			<type>rectangle</type>
			<description>None</description>
			<possibleresult>
				<name>Van</name>
			</possibleresult>
			<points>
				<point>130.000000,219.000000</point>
				<point>109.000000,218.000000</point>
				<point>111.000000,210.000000</point>
				<point>130.000000,211.000000</point>
				<point>130.000000,219.000000</point>
			</points>
		</object>
		<object>
			<coordinate>pixel</coordinate>
			<type>rectangle</type>
			<description>None</description>
			<possibleresult>
				<name>Small Car</name>
			</possibleresult>
			<points>
				<point>151.000000,220.000000</point>
				<point>131.000000,219.000000</point>
				<point>131.000000,211.000000</point>
				<point>151.000000,212.000000</point>
				<point>151.000000,220.000000</point>
			</points>
		</object>
		<object>
			<coordinate>pixel</coordinate>
			<type>rectangle</type>
			<description>None</description>
			<possibleresult>
				<name>Van</name>
			</possibleresult>
			<points>
				<point>22.000000,73.000000</point>
				<point>11.000000,74.000000</point>
				<point>10.000000,57.000000</point>
				<point>21.000000,57.000000</point>
				<point>22.000000,73.000000</point>
			</points>
		</object>
		<object>
			<coordinate>pixel</coordinate>
			<type>rectangle</type>
			<description>None</description>
			<possibleresult>
				<name>Van</name>
			</possibleresult>
			<points>
				<point>54.000000,71.000000</point>
				<point>43.000000,71.000000</point>
				<point>43.000000,55.000000</point>
				<point>53.000000,55.000000</point>
				<point>54.000000,71.000000</point>
			</points>
		</object>
		<object>
			<coordinate>pixel</coordinate>
			<type>rectangle</type>
			<description>None</description>
			<possibleresult>
				<name>Small Car</name>
			</possibleresult>
			<points>
				<point>77.000000,32.000000</point>
				<point>69.000000,32.000000</point>
				<point>69.000000,17.000000</point>
				<point>77.000000,17.000000</point>
				<point>77.000000,32.000000</point>
			</points>
		</object>
		<object>
			<coordinate>pixel</coordinate>
			<type>rectangle</type>
			<description>None</description>
			<possibleresult>
				<name>Small Car</name>
			</possibleresult>
			<points>
				<point>100.000000,70.000000</point>
				<point>92.000000,71.000000</point>
				<point>91.000000,59.000000</point>
				<point>100.000000,58.000000</point>
				<point>100.000000,70.000000</point>
			</points>
		</object>
		<object>
			<coordinate>pixel</coordinate>
			<type>rectangle</type>
			<description>None</description>
			<possibleresult>
				<name>Small Car</name>
			</possibleresult>
			<points>
				<point>368.000000,91.000000</point>
				<point>344.000000,93.000000</point>
				<point>343.000000,85.000000</point>
				<point>367.000000,82.000000</point>
				<point>368.000000,91.000000</point>
			</points>
		</object>
		<object>
			<coordinate>pixel</coordinate>
			<type>rectangle</type>
			<description>None</description>
			<possibleresult>
				<name>Van</name>
			</possibleresult>
			<points>
				<point>430.000000,57.000000</point>
				<point>425.000000,76.000000</point>
				<point>414.000000,73.000000</point>
				<point>419.000000,54.000000</point>
				<point>430.000000,57.000000</point>
			</points>
		</object>
		<object>
			<coordinate>pixel</coordinate>
			<type>rectangle</type>
			<description>None</description>
			<possibleresult>
				<name>Small Car</name>
			</possibleresult>
			<points>
				<point>455.000000,34.000000</point>
				<point>446.000000,39.000000</point>
				<point>436.000000,19.000000</point>
				<point>446.000000,15.000000</point>
				<point>455.000000,34.000000</point>
			</points>
		</object>
		<object>
			<coordinate>pixel</coordinate>
			<type>rectangle</type>
			<description>None</description>
			<possibleresult>
				<name>Small Car</name>
			</possibleresult>
			<points>
				<point>410.000000,120.000000</point>
				<point>409.000000,136.000000</point>
				<point>401.000000,135.000000</point>
				<point>403.000000,119.000000</point>
				<point>410.000000,120.000000</point>
			</points>
		</object>
		<object>
			<coordinate>pixel</coordinate>
			<type>rectangle</type>
			<description>None</description>
			<possibleresult>
				<name>Small Car</name>
			</possibleresult>
			<points>
				<point>433.000000,119.000000</point>
				<point>429.000000,136.000000</point>
				<point>419.000000,134.000000</point>
				<point>423.000000,117.000000</point>
				<point>433.000000,119.000000</point>
			</points>
		</object>
		<object>
			<coordinate>pixel</coordinate>
			<type>rectangle</type>
			<description>None</description>
			<possibleresult>
				<name>Small Car</name>
			</possibleresult>
			<points>
				<point>406.000000,137.000000</point>
				<point>404.000000,153.000000</point>
				<point>394.000000,152.000000</point>
				<point>395.000000,136.000000</point>
				<point>406.000000,137.000000</point>
			</points>
		</object>
		<object>
			<coordinate>pixel</coordinate>
			<type>rectangle</type>
			<description>None</description>
			<possibleresult>
				<name>Small Car</name>
			</possibleresult>
			<points>
				<point>402.000000,157.000000</point>
				<point>400.000000,171.000000</point>
				<point>390.000000,170.000000</point>
				<point>393.000000,155.000000</point>
				<point>402.000000,157.000000</point>
			</points>
		</object>
		<object>
			<coordinate>pixel</coordinate>
			<type>rectangle</type>
			<description>None</description>
			<possibleresult>
				<name>Dump Truck</name>
			</possibleresult>
			<points>
				<point>544.000000,16.000000</point>
				<point>516.000000,8.000000</point>
				<point>519.000000,-2.000000</point>
				<point>546.000000,6.000000</point>
				<point>544.000000,16.000000</point>
			</points>
		</object>
		<object>
			<coordinate>pixel</coordinate>
			<type>rectangle</type>
			<description>None</description>
			<possibleresult>
				<name>Small Car</name>
			</possibleresult>
			<points>
				<point>650.000000,34.000000</point>
				<point>649.000000,42.000000</point>
				<point>626.000000,36.000000</point>
				<point>628.000000,28.000000</point>
				<point>650.000000,34.000000</point>
			</points>
		</object>
		<object>
			<coordinate>pixel</coordinate>
			<type>rectangle</type>
			<description>None</description>
			<possibleresult>
				<name>Small Car</name>
			</possibleresult>
			<points>
				<point>637.000000,55.000000</point>
				<point>635.000000,62.000000</point>
				<point>612.000000,55.000000</point>
				<point>614.000000,47.000000</point>
				<point>637.000000,55.000000</point>
			</points>
		</object>
		<object>
			<coordinate>pixel</coordinate>
			<type>rectangle</type>
			<description>None</description>
			<possibleresult>
				<name>Van</name>
			</possibleresult>
			<points>
				<point>885.000000,116.000000</point>
				<point>883.000000,126.000000</point>
				<point>860.000000,121.000000</point>
				<point>862.000000,111.000000</point>
				<point>885.000000,116.000000</point>
			</points>
		</object>
		<object>
			<coordinate>pixel</coordinate>
			<type>rectangle</type>
			<description>None</description>
			<possibleresult>
				<name>Van</name>
			</possibleresult>
			<points>
				<point>540.000000,589.000000</point>
				<point>518.000000,588.000000</point>
				<point>518.000000,580.000000</point>
				<point>540.000000,581.000000</point>
				<point>540.000000,589.000000</point>
			</points>
		</object>
		<object>
			<coordinate>pixel</coordinate>
			<type>rectangle</type>
			<description>None</description>
			<possibleresult>
				<name>Small Car</name>
			</possibleresult>
			<points>
				<point>577.000000,584.000000</point>
				<point>575.000000,592.000000</point>
				<point>552.000000,590.000000</point>
				<point>553.000000,583.000000</point>
				<point>577.000000,584.000000</point>
			</points>
		</object>
		<object>
			<coordinate>pixel</coordinate>
			<type>rectangle</type>
			<description>None</description>
			<possibleresult>
				<name>Van</name>
			</possibleresult>
			<points>
				<point>677.000000,591.000000</point>
				<point>676.000000,600.000000</point>
				<point>650.000000,600.000000</point>
				<point>650.000000,591.000000</point>
				<point>677.000000,591.000000</point>
			</points>
		</object>
		<object>
			<coordinate>pixel</coordinate>
			<type>rectangle</type>
			<description>None</description>
			<possibleresult>
				<name>Small Car</name>
			</possibleresult>
			<points>
				<point>710.000000,596.000000</point>
				<point>709.000000,604.000000</point>
				<point>688.000000,601.000000</point>
				<point>690.000000,593.000000</point>
				<point>710.000000,596.000000</point>
			</points>
		</object>
		<object>
			<coordinate>pixel</coordinate>
			<type>rectangle</type>
			<description>None</description>
			<possibleresult>
				<name>Van</name>
			</possibleresult>
			<points>
				<point>775.000000,607.000000</point>
				<point>774.000000,615.000000</point>
				<point>755.000000,612.000000</point>
				<point>757.000000,604.000000</point>
				<point>775.000000,607.000000</point>
			</points>
		</object>
		<object>
			<coordinate>pixel</coordinate>
			<type>rectangle</type>
			<description>None</description>
			<possibleresult>
				<name>Van</name>
			</possibleresult>
			<points>
				<point>806.000000,615.000000</point>
				<point>804.000000,622.000000</point>
				<point>780.000000,615.000000</point>
				<point>782.000000,608.000000</point>
				<point>806.000000,615.000000</point>
			</points>
		</object>
		<object>
			<coordinate>pixel</coordinate>
			<type>rectangle</type>
			<description>None</description>
			<possibleresult>
				<name>Van</name>
			</possibleresult>
			<points>
				<point>844.000000,623.000000</point>
				<point>842.000000,629.000000</point>
				<point>821.000000,625.000000</point>
				<point>823.000000,618.000000</point>
				<point>844.000000,623.000000</point>
			</points>
		</object>
		<object>
			<coordinate>pixel</coordinate>
			<type>rectangle</type>
			<description>None</description>
			<possibleresult>
				<name>Van</name>
			</possibleresult>
			<points>
				<point>874.000000,632.000000</point>
				<point>872.000000,639.000000</point>
				<point>852.000000,632.000000</point>
				<point>854.000000,626.000000</point>
				<point>874.000000,632.000000</point>
			</points>
		</object>
		<object>
			<coordinate>pixel</coordinate>
			<type>rectangle</type>
			<description>None</description>
			<possibleresult>
				<name>Small Car</name>
			</possibleresult>
			<points>
				<point>912.000000,640.000000</point>
				<point>910.000000,647.000000</point>
				<point>887.000000,640.000000</point>
				<point>889.000000,633.000000</point>
				<point>912.000000,640.000000</point>
			</points>
		</object>
		<object>
			<coordinate>pixel</coordinate>
			<type>rectangle</type>
			<description>None</description>
			<possibleresult>
				<name>Small Car</name>
			</possibleresult>
			<points>
				<point>941.000000,649.000000</point>
				<point>939.000000,656.000000</point>
				<point>917.000000,648.000000</point>
				<point>920.000000,641.000000</point>
				<point>941.000000,649.000000</point>
			</points>
		</object>
		<object>
			<coordinate>pixel</coordinate>
			<type>rectangle</type>
			<description>None</description>
			<possibleresult>
				<name>Small Car</name>
			</possibleresult>
			<points>
				<point>933.000000,662.000000</point>
				<point>931.000000,671.000000</point>
				<point>909.000000,664.000000</point>
				<point>912.000000,656.000000</point>
				<point>933.000000,662.000000</point>
			</points>
		</object>
		<object>
			<coordinate>pixel</coordinate>
			<type>rectangle</type>
			<description>None</description>
			<possibleresult>
				<name>Small Car</name>
			</possibleresult>
			<points>
				<point>987.000000,693.000000</point>
				<point>982.000000,704.000000</point>
				<point>974.000000,700.000000</point>
				<point>979.000000,689.000000</point>
				<point>987.000000,693.000000</point>
			</points>
		</object>
		<object>
			<coordinate>pixel</coordinate>
			<type>rectangle</type>
			<description>None</description>
			<possibleresult>
				<name>Small Car</name>
			</possibleresult>
			<points>
				<point>88.000000,71.000000</point>
				<point>79.000000,71.000000</point>
				<point>79.000000,59.000000</point>
				<point>88.000000,59.000000</point>
				<point>88.000000,71.000000</point>
			</points>
		</object>
		<object>
			<coordinate>pixel</coordinate>
			<type>rectangle</type>
			<description>None</description>
			<possibleresult>
				<name>Dump Truck</name>
			</possibleresult>
			<points>
				<point>365.000000,498.000000</point>
				<point>355.000000,498.000000</point>
				<point>355.000000,477.000000</point>
				<point>365.000000,477.000000</point>
				<point>365.000000,498.000000</point>
			</points>
		</object>
	</objects>
</annotation>