<?xml version="1.0" encoding="utf-8"?>
<annotation>
	<source>
		<filename>4499.tif</filename>
		<origin>GF2/GF3</origin>
	</source>
	<research>
		<version>1.0</version>
		<provider>FAIR1M</provider>
		<author>Cyber</author>
		<pluginname>FAIR1M</pluginname>
		<pluginclass>object detection</pluginclass>
		<time>2021-07-21</time>
	</research>
	<size>
		<width>600</width>
		<height>800</height>
		<depth>3</depth>
	</size>
	<objects>
		<object>
			<coordinate>pixel</coordinate>
			<type>rectangle</type>
			<description>None</description>
			<possibleresult>
				<name>other-airplane</name>
			</possibleresult>
			<points>
				<point>100.000000,682.000000</point>
				<point>43.000000,715.000000</point>
				<point>7.000000,653.000000</point>
				<point>64.000000,620.000000</point>
				<point>100.000000,682.000000</point>
			</points>
		</object>
		<object>
			<coordinate>pixel</coordinate>
			<type>rectangle</type>
			<description>None</description>
			<possibleresult>
				<name>A350</name>
			</possibleresult>
			<points>
				<point>361.000000,626.000000</point>
				<point>320.000000,713.000000</point>
				<point>240.000000,675.000000</point>
				<point>280.000000,589.000000</point>
				<point>361.000000,626.000000</point>
			</points>
		</object>
	</objects>
</annotation>