<?xml version="1.0" encoding="utf-8"?>
<annotation>
	<source>
		<filename>4500.tif</filename>
		<origin>GF2/GF3</origin>
	</source>
	<research>
		<version>1.0</version>
		<provider>FAIR1M</provider>
		<author>Cyber</author>
		<pluginname>FAIR1M</pluginname>
		<pluginclass>object detection</pluginclass>
		<time>2021-07-21</time>
	</research>
	<size>
		<width>600</width>
		<height>800</height>
		<depth>3</depth>
	</size>
	<objects>
		<object>
			<coordinate>pixel</coordinate>
			<type>rectangle</type>
			<description>None</description>
			<possibleresult>
				<name>A330</name>
			</possibleresult>
			<points>
				<point>538.000000,233.000000</point>
				<point>474.000000,276.000000</point>
				<point>432.000000,212.000000</point>
				<point>496.000000,169.000000</point>
				<point>538.000000,233.000000</point>
			</points>
		</object>
		<object>
			<coordinate>pixel</coordinate>
			<type>rectangle</type>
			<description>None</description>
			<possibleresult>
				<name>Boeing737</name>
			</possibleresult>
			<points>
				<point>434.000000,268.000000</point>
				<point>397.000000,292.000000</point>
				<point>371.000000,251.000000</point>
				<point>408.000000,227.000000</point>
				<point>434.000000,268.000000</point>
			</points>
		</object>
		<object>
			<coordinate>pixel</coordinate>
			<type>rectangle</type>
			<description>None</description>
			<possibleresult>
				<name>other-airplane</name>
			</possibleresult>
			<points>
				<point>330.000000,723.000000</point>
				<point>293.000000,746.000000</point>
				<point>268.000000,706.000000</point>
				<point>305.000000,683.000000</point>
				<point>330.000000,723.000000</point>
			</points>
		</object>
	</objects>
</annotation>