<?xml version="1.0" encoding="utf-8"?>
<annotation>
	<source>
		<filename>4563.tif</filename>
		<origin>GF2/GF3</origin>
	</source>
	<research>
		<version>1.0</version>
		<provider>FAIR1M</provider>
		<author>Cyber</author>
		<pluginname>FAIR1M</pluginname>
		<pluginclass>object detection</pluginclass>
		<time>2021-07-21</time>
	</research>
	<size>
		<width>1000</width>
		<height>1000</height>
		<depth>3</depth>
	</size>
	<objects>
		<object>
			<coordinate>pixel</coordinate>
			<type>rectangle</type>
			<description>None</description>
			<possibleresult>
				<name>Boeing777</name>
			</possibleresult>
			<points>
				<point>107.000000,134.000000</point>
				<point>142.000000,190.000000</point>
				<point>193.000000,161.000000</point>
				<point>158.000000,104.000000</point>
				<point>107.000000,134.000000</point>
			</points>
		</object>
		<object>
			<coordinate>pixel</coordinate>
			<type>rectangle</type>
			<description>None</description>
			<possibleresult>
				<name>A220</name>
			</possibleresult>
			<points>
				<point>198.000000,89.000000</point>
				<point>222.000000,129.000000</point>
				<point>256.000000,107.000000</point>
				<point>233.000000,69.000000</point>
				<point>198.000000,89.000000</point>
			</points>
		</object>
		<object>
			<coordinate>pixel</coordinate>
			<type>rectangle</type>
			<description>None</description>
			<possibleresult>
				<name>Boeing747</name>
			</possibleresult>
			<points>
				<point>614.000000,284.000000</point>
				<point>566.000000,212.000000</point>
				<point>498.000000,256.000000</point>
				<point>546.000000,329.000000</point>
				<point>614.000000,284.000000</point>
			</points>
		</object>
		<object>
			<coordinate>pixel</coordinate>
			<type>rectangle</type>
			<description>None</description>
			<possibleresult>
				<name>Boeing747</name>
			</possibleresult>
			<points>
				<point>955.000000,56.000000</point>
				<point>909.000000,-18.000000</point>
				<point>840.000000,25.000000</point>
				<point>886.000000,100.000000</point>
				<point>955.000000,56.000000</point>
			</points>
		</object>
		<object>
			<coordinate>pixel</coordinate>
			<type>rectangle</type>
			<description>None</description>
			<possibleresult>
				<name>Boeing747</name>
			</possibleresult>
			<points>
				<point>566.000000,679.000000</point>
				<point>609.000000,752.000000</point>
				<point>693.000000,702.000000</point>
				<point>649.000000,629.000000</point>
				<point>566.000000,679.000000</point>
			</points>
		</object>
		<object>
			<coordinate>pixel</coordinate>
			<type>rectangle</type>
			<description>None</description>
			<possibleresult>
				<name>Boeing787</name>
			</possibleresult>
			<points>
				<point>757.000000,552.000000</point>
				<point>796.000000,617.000000</point>
				<point>856.000000,580.000000</point>
				<point>820.000000,517.000000</point>
				<point>757.000000,552.000000</point>
			</points>
		</object>
		<object>
			<coordinate>pixel</coordinate>
			<type>rectangle</type>
			<description>None</description>
			<possibleresult>
				<name>other-airplane</name>
			</possibleresult>
			<points>
				<point>474.000000,104.000000</point>
				<point>428.000000,36.000000</point>
				<point>339.000000,95.000000</point>
				<point>384.000000,163.000000</point>
				<point>474.000000,104.000000</point>
			</points>
		</object>
	</objects>
</annotation>