<?xml version="1.0" encoding="utf-8"?>
<annotation>
	<source>
		<filename>4568.tif</filename>
		<origin>GF2/GF3</origin>
	</source>
	<research>
		<version>1.0</version>
		<provider>FAIR1M</provider>
		<author>Cyber</author>
		<pluginname>FAIR1M</pluginname>
		<pluginclass>object detection</pluginclass>
		<time>2021-07-21</time>
	</research>
	<size>
		<width>800</width>
		<height>600</height>
		<depth>4</depth>
	</size>
	<objects>
		<object>
			<coordinate>pixel</coordinate>
			<type>rectangle</type>
			<description>None</description>
			<possibleresult>
				<name>Dump Truck</name>
			</possibleresult>
			<points>
				<point>126.000000,225.000000</point>
				<point>100.000000,225.000000</point>
				<point>100.000000,218.000000</point>
				<point>126.000000,218.000000</point>
				<point>126.000000,225.000000</point>
			</points>
		</object>
		<object>
			<coordinate>pixel</coordinate>
			<type>rectangle</type>
			<description>None</description>
			<possibleresult>
				<name>Small Car</name>
			</possibleresult>
			<points>
				<point>393.000000,158.000000</point>
				<point>371.000000,159.000000</point>
				<point>371.000000,151.000000</point>
				<point>393.000000,150.000000</point>
				<point>393.000000,158.000000</point>
			</points>
		</object>
		<object>
			<coordinate>pixel</coordinate>
			<type>rectangle</type>
			<description>None</description>
			<possibleresult>
				<name>Small Car</name>
			</possibleresult>
			<points>
				<point>537.000000,14.000000</point>
				<point>518.000000,16.000000</point>
				<point>517.000000,9.000000</point>
				<point>536.000000,7.000000</point>
				<point>537.000000,14.000000</point>
			</points>
		</object>
		<object>
			<coordinate>pixel</coordinate>
			<type>rectangle</type>
			<description>None</description>
			<possibleresult>
				<name>Small Car</name>
			</possibleresult>
			<points>
				<point>539.000000,26.000000</point>
				<point>514.000000,27.000000</point>
				<point>514.000000,17.000000</point>
				<point>538.000000,16.000000</point>
				<point>539.000000,26.000000</point>
			</points>
		</object>
		<object>
			<coordinate>pixel</coordinate>
			<type>rectangle</type>
			<description>None</description>
			<possibleresult>
				<name>Dump Truck</name>
			</possibleresult>
			<points>
				<point>574.000000,25.000000</point>
				<point>549.000000,25.000000</point>
				<point>548.000000,18.000000</point>
				<point>574.000000,18.000000</point>
				<point>574.000000,25.000000</point>
			</points>
		</object>
		<object>
			<coordinate>pixel</coordinate>
			<type>rectangle</type>
			<description>None</description>
			<possibleresult>
				<name>other-vehicle</name>
			</possibleresult>
			<points>
				<point>494.000000,130.000000</point>
				<point>463.000000,131.000000</point>
				<point>463.000000,121.000000</point>
				<point>493.000000,120.000000</point>
				<point>494.000000,130.000000</point>
			</points>
		</object>
		<object>
			<coordinate>pixel</coordinate>
			<type>rectangle</type>
			<description>None</description>
			<possibleresult>
				<name>Small Car</name>
			</possibleresult>
			<points>
				<point>477.000000,194.000000</point>
				<point>456.000000,194.000000</point>
				<point>456.000000,186.000000</point>
				<point>477.000000,185.000000</point>
				<point>477.000000,194.000000</point>
			</points>
		</object>
		<object>
			<coordinate>pixel</coordinate>
			<type>rectangle</type>
			<description>None</description>
			<possibleresult>
				<name>Van</name>
			</possibleresult>
			<points>
				<point>449.000000,108.000000</point>
				<point>436.000000,108.000000</point>
				<point>436.000000,87.000000</point>
				<point>449.000000,87.000000</point>
				<point>449.000000,108.000000</point>
			</points>
		</object>
		<object>
			<coordinate>pixel</coordinate>
			<type>rectangle</type>
			<description>None</description>
			<possibleresult>
				<name>Van</name>
			</possibleresult>
			<points>
				<point>447.000000,161.000000</point>
				<point>446.000000,179.000000</point>
				<point>435.000000,178.000000</point>
				<point>436.000000,160.000000</point>
				<point>447.000000,161.000000</point>
			</points>
		</object>
		<object>
			<coordinate>pixel</coordinate>
			<type>rectangle</type>
			<description>None</description>
			<possibleresult>
				<name>Small Car</name>
			</possibleresult>
			<points>
				<point>24.000000,467.000000</point>
				<point>23.000000,475.000000</point>
				<point>0.000000,471.000000</point>
				<point>0.000000,463.000000</point>
				<point>24.000000,467.000000</point>
			</points>
		</object>
		<object>
			<coordinate>pixel</coordinate>
			<type>rectangle</type>
			<description>None</description>
			<possibleresult>
				<name>Small Car</name>
			</possibleresult>
			<points>
				<point>52.000000,476.000000</point>
				<point>28.000000,477.000000</point>
				<point>28.000000,469.000000</point>
				<point>51.000000,467.000000</point>
				<point>52.000000,476.000000</point>
			</points>
		</object>
		<object>
			<coordinate>pixel</coordinate>
			<type>rectangle</type>
			<description>None</description>
			<possibleresult>
				<name>Small Car</name>
			</possibleresult>
			<points>
				<point>22.000000,520.000000</point>
				<point>10.000000,521.000000</point>
				<point>9.000000,499.000000</point>
				<point>21.000000,498.000000</point>
				<point>22.000000,520.000000</point>
			</points>
		</object>
		<object>
			<coordinate>pixel</coordinate>
			<type>rectangle</type>
			<description>None</description>
			<possibleresult>
				<name>Small Car</name>
			</possibleresult>
			<points>
				<point>34.000000,519.000000</point>
				<point>24.000000,520.000000</point>
				<point>24.000000,500.000000</point>
				<point>33.000000,499.000000</point>
				<point>34.000000,519.000000</point>
			</points>
		</object>
		<object>
			<coordinate>pixel</coordinate>
			<type>rectangle</type>
			<description>None</description>
			<possibleresult>
				<name>Van</name>
			</possibleresult>
			<points>
				<point>49.000000,519.000000</point>
				<point>38.000000,520.000000</point>
				<point>36.000000,502.000000</point>
				<point>47.000000,501.000000</point>
				<point>49.000000,519.000000</point>
			</points>
		</object>
		<object>
			<coordinate>pixel</coordinate>
			<type>rectangle</type>
			<description>None</description>
			<possibleresult>
				<name>Van</name>
			</possibleresult>
			<points>
				<point>59.000000,518.000000</point>
				<point>50.000000,519.000000</point>
				<point>49.000000,499.000000</point>
				<point>58.000000,499.000000</point>
				<point>59.000000,518.000000</point>
			</points>
		</object>
		<object>
			<coordinate>pixel</coordinate>
			<type>rectangle</type>
			<description>None</description>
			<possibleresult>
				<name>Small Car</name>
			</possibleresult>
			<points>
				<point>363.000000,515.000000</point>
				<point>340.000000,515.000000</point>
				<point>340.000000,508.000000</point>
				<point>363.000000,507.000000</point>
				<point>363.000000,515.000000</point>
			</points>
		</object>
		<object>
			<coordinate>pixel</coordinate>
			<type>rectangle</type>
			<description>None</description>
			<possibleresult>
				<name>Small Car</name>
			</possibleresult>
			<points>
				<point>447.000000,529.000000</point>
				<point>436.000000,528.000000</point>
				<point>437.000000,510.000000</point>
				<point>447.000000,510.000000</point>
				<point>447.000000,529.000000</point>
			</points>
		</object>
		<object>
			<coordinate>pixel</coordinate>
			<type>rectangle</type>
			<description>None</description>
			<possibleresult>
				<name>Van</name>
			</possibleresult>
			<points>
				<point>446.000000,495.000000</point>
				<point>437.000000,495.000000</point>
				<point>436.000000,478.000000</point>
				<point>445.000000,477.000000</point>
				<point>446.000000,495.000000</point>
			</points>
		</object>
		<object>
			<coordinate>pixel</coordinate>
			<type>rectangle</type>
			<description>None</description>
			<possibleresult>
				<name>Small Car</name>
			</possibleresult>
			<points>
				<point>499.000000,451.000000</point>
				<point>473.000000,451.000000</point>
				<point>473.000000,444.000000</point>
				<point>499.000000,444.000000</point>
				<point>499.000000,451.000000</point>
			</points>
		</object>
		<object>
			<coordinate>pixel</coordinate>
			<type>rectangle</type>
			<description>None</description>
			<possibleresult>
				<name>Van</name>
			</possibleresult>
			<points>
				<point>501.000000,467.000000</point>
				<point>484.000000,467.000000</point>
				<point>484.000000,461.000000</point>
				<point>500.000000,460.000000</point>
				<point>501.000000,467.000000</point>
			</points>
		</object>
		<object>
			<coordinate>pixel</coordinate>
			<type>rectangle</type>
			<description>None</description>
			<possibleresult>
				<name>Small Car</name>
			</possibleresult>
			<points>
				<point>190.000000,294.000000</point>
				<point>179.000000,295.000000</point>
				<point>178.000000,276.000000</point>
				<point>189.000000,275.000000</point>
				<point>190.000000,294.000000</point>
			</points>
		</object>
		<object>
			<coordinate>pixel</coordinate>
			<type>rectangle</type>
			<description>None</description>
			<possibleresult>
				<name>Van</name>
			</possibleresult>
			<points>
				<point>393.000000,321.000000</point>
				<point>368.000000,322.000000</point>
				<point>368.000000,314.000000</point>
				<point>392.000000,313.000000</point>
				<point>393.000000,321.000000</point>
			</points>
		</object>
		<object>
			<coordinate>pixel</coordinate>
			<type>rectangle</type>
			<description>None</description>
			<possibleresult>
				<name>Van</name>
			</possibleresult>
			<points>
				<point>46.000000,357.000000</point>
				<point>25.000000,359.000000</point>
				<point>24.000000,352.000000</point>
				<point>45.000000,350.000000</point>
				<point>46.000000,357.000000</point>
			</points>
		</object>
		<object>
			<coordinate>pixel</coordinate>
			<type>rectangle</type>
			<description>None</description>
			<possibleresult>
				<name>Van</name>
			</possibleresult>
			<points>
				<point>496.000000,548.000000</point>
				<point>477.000000,549.000000</point>
				<point>477.000000,542.000000</point>
				<point>496.000000,542.000000</point>
				<point>496.000000,548.000000</point>
			</points>
		</object>
		<object>
			<coordinate>pixel</coordinate>
			<type>rectangle</type>
			<description>None</description>
			<possibleresult>
				<name>Small Car</name>
			</possibleresult>
			<points>
				<point>753.000000,335.000000</point>
				<point>750.000000,342.000000</point>
				<point>729.000000,333.000000</point>
				<point>732.000000,326.000000</point>
				<point>753.000000,335.000000</point>
			</points>
		</object>
		<object>
			<coordinate>pixel</coordinate>
			<type>rectangle</type>
			<description>None</description>
			<possibleresult>
				<name>Van</name>
			</possibleresult>
			<points>
				<point>582.000000,579.000000</point>
				<point>580.000000,594.000000</point>
				<point>572.000000,593.000000</point>
				<point>574.000000,578.000000</point>
				<point>582.000000,579.000000</point>
			</points>
		</object>
	</objects>
</annotation>