<?xml version="1.0" encoding="utf-8"?>
<annotation>
	<source>
		<filename>4570.tif</filename>
		<origin>GF2/GF3</origin>
	</source>
	<research>
		<version>1.0</version>
		<provider>FAIR1M</provider>
		<author>Cyber</author>
		<pluginname>FAIR1M</pluginname>
		<pluginclass>object detection</pluginclass>
		<time>2021-07-21</time>
	</research>
	<size>
		<width>1000</width>
		<height>1000</height>
		<depth>3</depth>
	</size>
	<objects>
		<object>
			<coordinate>pixel</coordinate>
			<type>rectangle</type>
			<description>None</description>
			<possibleresult>
				<name>A220</name>
			</possibleresult>
			<points>
				<point>43.000000,589.000000</point>
				<point>33.000000,539.000000</point>
				<point>-10.000000,548.000000</point>
				<point>0.000000,598.000000</point>
				<point>43.000000,589.000000</point>
			</points>
		</object>
		<object>
			<coordinate>pixel</coordinate>
			<type>rectangle</type>
			<description>None</description>
			<possibleresult>
				<name>other-airplane</name>
			</possibleresult>
			<points>
				<point>140.000000,978.000000</point>
				<point>121.000000,938.000000</point>
				<point>86.000000,954.000000</point>
				<point>106.000000,994.000000</point>
				<point>140.000000,978.000000</point>
			</points>
		</object>
		<object>
			<coordinate>pixel</coordinate>
			<type>rectangle</type>
			<description>None</description>
			<possibleresult>
				<name>A220</name>
			</possibleresult>
			<points>
				<point>926.000000,816.000000</point>
				<point>877.000000,825.000000</point>
				<point>886.000000,871.000000</point>
				<point>935.000000,861.000000</point>
				<point>926.000000,816.000000</point>
			</points>
		</object>
	</objects>
</annotation>