<?xml version="1.0" encoding="utf-8"?>
<annotation>
	<source>
		<filename>4576.tif</filename>
		<origin>GF2/GF3</origin>
	</source>
	<research>
		<version>1.0</version>
		<provider>FAIR1M</provider>
		<author>Cyber</author>
		<pluginname>FAIR1M</pluginname>
		<pluginclass>object detection</pluginclass>
		<time>2021-07-21</time>
	</research>
	<size>
		<width>1000</width>
		<height>1000</height>
		<depth>3</depth>
	</size>
	<objects>
		<object>
			<coordinate>pixel</coordinate>
			<type>rectangle</type>
			<description>None</description>
			<possibleresult>
				<name>Boeing737</name>
			</possibleresult>
			<points>
				<point>56.000000,55.000000</point>
				<point>7.000000,80.000000</point>
				<point>33.000000,132.000000</point>
				<point>83.000000,107.000000</point>
				<point>56.000000,55.000000</point>
			</points>
		</object>
		<object>
			<coordinate>pixel</coordinate>
			<type>rectangle</type>
			<description>None</description>
			<possibleresult>
				<name>Boeing737</name>
			</possibleresult>
			<points>
				<point>105.000000,134.000000</point>
				<point>54.000000,160.000000</point>
				<point>76.000000,204.000000</point>
				<point>127.000000,178.000000</point>
				<point>105.000000,134.000000</point>
			</points>
		</object>
		<object>
			<coordinate>pixel</coordinate>
			<type>rectangle</type>
			<description>None</description>
			<possibleresult>
				<name>Boeing737</name>
			</possibleresult>
			<points>
				<point>345.000000,469.000000</point>
				<point>319.000000,417.000000</point>
				<point>273.000000,439.000000</point>
				<point>299.000000,492.000000</point>
				<point>345.000000,469.000000</point>
			</points>
		</object>
		<object>
			<coordinate>pixel</coordinate>
			<type>rectangle</type>
			<description>None</description>
			<possibleresult>
				<name>Boeing737</name>
			</possibleresult>
			<points>
				<point>287.000000,499.000000</point>
				<point>256.000000,442.000000</point>
				<point>211.000000,466.000000</point>
				<point>242.000000,523.000000</point>
				<point>287.000000,499.000000</point>
			</points>
		</object>
		<object>
			<coordinate>pixel</coordinate>
			<type>rectangle</type>
			<description>None</description>
			<possibleresult>
				<name>Boeing737</name>
			</possibleresult>
			<points>
				<point>224.000000,520.000000</point>
				<point>198.000000,469.000000</point>
				<point>151.000000,494.000000</point>
				<point>178.000000,545.000000</point>
				<point>224.000000,520.000000</point>
			</points>
		</object>
		<object>
			<coordinate>pixel</coordinate>
			<type>rectangle</type>
			<description>None</description>
			<possibleresult>
				<name>Boeing737</name>
			</possibleresult>
			<points>
				<point>193.000000,539.000000</point>
				<point>134.000000,520.000000</point>
				<point>119.000000,568.000000</point>
				<point>178.000000,587.000000</point>
				<point>193.000000,539.000000</point>
			</points>
		</object>
		<object>
			<coordinate>pixel</coordinate>
			<type>rectangle</type>
			<description>None</description>
			<possibleresult>
				<name>A220</name>
			</possibleresult>
			<points>
				<point>202.000000,574.000000</point>
				<point>143.000000,590.000000</point>
				<point>157.000000,641.000000</point>
				<point>216.000000,625.000000</point>
				<point>202.000000,574.000000</point>
			</points>
		</object>
		<object>
			<coordinate>pixel</coordinate>
			<type>rectangle</type>
			<description>None</description>
			<possibleresult>
				<name>Boeing787</name>
			</possibleresult>
			<points>
				<point>247.000000,623.000000</point>
				<point>169.000000,660.000000</point>
				<point>200.000000,725.000000</point>
				<point>278.000000,688.000000</point>
				<point>247.000000,623.000000</point>
			</points>
		</object>
		<object>
			<coordinate>pixel</coordinate>
			<type>rectangle</type>
			<description>None</description>
			<possibleresult>
				<name>Boeing737</name>
			</possibleresult>
			<points>
				<point>211.000000,833.000000</point>
				<point>186.000000,782.000000</point>
				<point>142.000000,804.000000</point>
				<point>168.000000,855.000000</point>
				<point>211.000000,833.000000</point>
			</points>
		</object>
		<object>
			<coordinate>pixel</coordinate>
			<type>rectangle</type>
			<description>None</description>
			<possibleresult>
				<name>other-airplane</name>
			</possibleresult>
			<points>
				<point>479.000000,923.000000</point>
				<point>407.000000,904.000000</point>
				<point>391.000000,962.000000</point>
				<point>463.000000,982.000000</point>
				<point>479.000000,923.000000</point>
			</points>
		</object>
	</objects>
</annotation>