<?xml version="1.0" encoding="utf-8"?>
<annotation>
	<source>
		<filename>4583.tif</filename>
		<origin>GF2/GF3</origin>
	</source>
	<research>
		<version>1.0</version>
		<provider>FAIR1M</provider>
		<author>Cyber</author>
		<pluginname>FAIR1M</pluginname>
		<pluginclass>object detection</pluginclass>
		<time>2021-07-21</time>
	</research>
	<size>
		<width>1000</width>
		<height>1000</height>
		<depth>3</depth>
	</size>
	<objects>
		<object>
			<coordinate>pixel</coordinate>
			<type>rectangle</type>
			<description>None</description>
			<possibleresult>
				<name>Passenger Ship</name>
			</possibleresult>
			<points>
				<point>42.000000,472.000000</point>
				<point>0.000000,467.000000</point>
				<point>0.000000,477.000000</point>
				<point>41.000000,482.000000</point>
				<point>42.000000,472.000000</point>
			</points>
		</object>
		<object>
			<coordinate>pixel</coordinate>
			<type>rectangle</type>
			<description>None</description>
			<possibleresult>
				<name>Passenger Ship</name>
			</possibleresult>
			<points>
				<point>244.000000,538.000000</point>
				<point>191.000000,570.000000</point>
				<point>196.000000,578.000000</point>
				<point>249.000000,546.000000</point>
				<point>244.000000,538.000000</point>
			</points>
		</object>
		<object>
			<coordinate>pixel</coordinate>
			<type>rectangle</type>
			<description>None</description>
			<possibleresult>
				<name>Passenger Ship</name>
			</possibleresult>
			<points>
				<point>479.000000,568.000000</point>
				<point>410.000000,552.000000</point>
				<point>405.000000,576.000000</point>
				<point>474.000000,591.000000</point>
				<point>479.000000,568.000000</point>
			</points>
		</object>
		<object>
			<coordinate>pixel</coordinate>
			<type>rectangle</type>
			<description>None</description>
			<possibleresult>
				<name>Fishing Boat</name>
			</possibleresult>
			<points>
				<point>601.000000,595.000000</point>
				<point>570.000000,588.000000</point>
				<point>569.000000,595.000000</point>
				<point>600.000000,603.000000</point>
				<point>601.000000,595.000000</point>
			</points>
		</object>
		<object>
			<coordinate>pixel</coordinate>
			<type>rectangle</type>
			<description>None</description>
			<possibleresult>
				<name>Fishing Boat</name>
			</possibleresult>
			<points>
				<point>639.000000,605.000000</point>
				<point>608.000000,597.000000</point>
				<point>607.000000,603.000000</point>
				<point>638.000000,611.000000</point>
				<point>639.000000,605.000000</point>
			</points>
		</object>
		<object>
			<coordinate>pixel</coordinate>
			<type>rectangle</type>
			<description>None</description>
			<possibleresult>
				<name>Fishing Boat</name>
			</possibleresult>
			<points>
				<point>638.000000,611.000000</point>
				<point>605.000000,604.000000</point>
				<point>604.000000,610.000000</point>
				<point>637.000000,617.000000</point>
				<point>638.000000,611.000000</point>
			</points>
		</object>
		<object>
			<coordinate>pixel</coordinate>
			<type>rectangle</type>
			<description>None</description>
			<possibleresult>
				<name>Fishing Boat</name>
			</possibleresult>
			<points>
				<point>636.000000,617.000000</point>
				<point>604.000000,612.000000</point>
				<point>602.000000,617.000000</point>
				<point>635.000000,623.000000</point>
				<point>636.000000,617.000000</point>
			</points>
		</object>
		<object>
			<coordinate>pixel</coordinate>
			<type>rectangle</type>
			<description>None</description>
			<possibleresult>
				<name>Fishing Boat</name>
			</possibleresult>
			<points>
				<point>636.000000,623.000000</point>
				<point>600.000000,618.000000</point>
				<point>599.000000,623.000000</point>
				<point>635.000000,629.000000</point>
				<point>636.000000,623.000000</point>
			</points>
		</object>
		<object>
			<coordinate>pixel</coordinate>
			<type>rectangle</type>
			<description>None</description>
			<possibleresult>
				<name>Fishing Boat</name>
			</possibleresult>
			<points>
				<point>634.000000,630.000000</point>
				<point>601.000000,623.000000</point>
				<point>600.000000,629.000000</point>
				<point>632.000000,636.000000</point>
				<point>634.000000,630.000000</point>
			</points>
		</object>
		<object>
			<coordinate>pixel</coordinate>
			<type>rectangle</type>
			<description>None</description>
			<possibleresult>
				<name>Fishing Boat</name>
			</possibleresult>
			<points>
				<point>634.000000,638.000000</point>
				<point>601.000000,630.000000</point>
				<point>600.000000,636.000000</point>
				<point>632.000000,644.000000</point>
				<point>634.000000,638.000000</point>
			</points>
		</object>
		<object>
			<coordinate>pixel</coordinate>
			<type>rectangle</type>
			<description>None</description>
			<possibleresult>
				<name>Fishing Boat</name>
			</possibleresult>
			<points>
				<point>632.000000,644.000000</point>
				<point>600.000000,636.000000</point>
				<point>599.000000,642.000000</point>
				<point>631.000000,649.000000</point>
				<point>632.000000,644.000000</point>
			</points>
		</object>
		<object>
			<coordinate>pixel</coordinate>
			<type>rectangle</type>
			<description>None</description>
			<possibleresult>
				<name>Fishing Boat</name>
			</possibleresult>
			<points>
				<point>629.000000,661.000000</point>
				<point>593.000000,654.000000</point>
				<point>593.000000,662.000000</point>
				<point>628.000000,669.000000</point>
				<point>629.000000,661.000000</point>
			</points>
		</object>
		<object>
			<coordinate>pixel</coordinate>
			<type>rectangle</type>
			<description>None</description>
			<possibleresult>
				<name>Fishing Boat</name>
			</possibleresult>
			<points>
				<point>632.000000,649.000000</point>
				<point>599.000000,641.000000</point>
				<point>598.000000,649.000000</point>
				<point>630.000000,657.000000</point>
				<point>632.000000,649.000000</point>
			</points>
		</object>
		<object>
			<coordinate>pixel</coordinate>
			<type>rectangle</type>
			<description>None</description>
			<possibleresult>
				<name>Fishing Boat</name>
			</possibleresult>
			<points>
				<point>629.000000,655.000000</point>
				<point>598.000000,649.000000</point>
				<point>595.000000,655.000000</point>
				<point>627.000000,662.000000</point>
				<point>629.000000,655.000000</point>
			</points>
		</object>
		<object>
			<coordinate>pixel</coordinate>
			<type>rectangle</type>
			<description>None</description>
			<possibleresult>
				<name>Fishing Boat</name>
			</possibleresult>
			<points>
				<point>685.000000,614.000000</point>
				<point>652.000000,604.000000</point>
				<point>650.000000,610.000000</point>
				<point>683.000000,620.000000</point>
				<point>685.000000,614.000000</point>
			</points>
		</object>
		<object>
			<coordinate>pixel</coordinate>
			<type>rectangle</type>
			<description>None</description>
			<possibleresult>
				<name>Fishing Boat</name>
			</possibleresult>
			<points>
				<point>681.000000,620.000000</point>
				<point>647.000000,608.000000</point>
				<point>645.000000,616.000000</point>
				<point>677.000000,627.000000</point>
				<point>681.000000,620.000000</point>
			</points>
		</object>
		<object>
			<coordinate>pixel</coordinate>
			<type>rectangle</type>
			<description>None</description>
			<possibleresult>
				<name>Fishing Boat</name>
			</possibleresult>
			<points>
				<point>679.000000,624.000000</point>
				<point>661.000000,650.000000</point>
				<point>669.000000,655.000000</point>
				<point>685.000000,627.000000</point>
				<point>679.000000,624.000000</point>
			</points>
		</object>
		<object>
			<coordinate>pixel</coordinate>
			<type>rectangle</type>
			<description>None</description>
			<possibleresult>
				<name>Fishing Boat</name>
			</possibleresult>
			<points>
				<point>704.000000,657.000000</point>
				<point>681.000000,642.000000</point>
				<point>676.000000,649.000000</point>
				<point>699.000000,664.000000</point>
				<point>704.000000,657.000000</point>
			</points>
		</object>
		<object>
			<coordinate>pixel</coordinate>
			<type>rectangle</type>
			<description>None</description>
			<possibleresult>
				<name>Fishing Boat</name>
			</possibleresult>
			<points>
				<point>706.000000,645.000000</point>
				<point>683.000000,633.000000</point>
				<point>682.000000,637.000000</point>
				<point>705.000000,649.000000</point>
				<point>706.000000,645.000000</point>
			</points>
		</object>
		<object>
			<coordinate>pixel</coordinate>
			<type>rectangle</type>
			<description>None</description>
			<possibleresult>
				<name>Fishing Boat</name>
			</possibleresult>
			<points>
				<point>704.000000,651.000000</point>
				<point>681.000000,636.000000</point>
				<point>677.000000,640.000000</point>
				<point>700.000000,655.000000</point>
				<point>704.000000,651.000000</point>
			</points>
		</object>
		<object>
			<coordinate>pixel</coordinate>
			<type>rectangle</type>
			<description>None</description>
			<possibleresult>
				<name>Fishing Boat</name>
			</possibleresult>
			<points>
				<point>710.000000,641.000000</point>
				<point>685.000000,630.000000</point>
				<point>684.000000,633.000000</point>
				<point>707.000000,645.000000</point>
				<point>710.000000,641.000000</point>
			</points>
		</object>
		<object>
			<coordinate>pixel</coordinate>
			<type>rectangle</type>
			<description>None</description>
			<possibleresult>
				<name>Fishing Boat</name>
			</possibleresult>
			<points>
				<point>715.000000,634.000000</point>
				<point>689.000000,625.000000</point>
				<point>687.000000,631.000000</point>
				<point>713.000000,640.000000</point>
				<point>715.000000,634.000000</point>
			</points>
		</object>
		<object>
			<coordinate>pixel</coordinate>
			<type>rectangle</type>
			<description>None</description>
			<possibleresult>
				<name>Fishing Boat</name>
			</possibleresult>
			<points>
				<point>718.000000,630.000000</point>
				<point>691.000000,621.000000</point>
				<point>690.000000,626.000000</point>
				<point>715.000000,634.000000</point>
				<point>718.000000,630.000000</point>
			</points>
		</object>
		<object>
			<coordinate>pixel</coordinate>
			<type>rectangle</type>
			<description>None</description>
			<possibleresult>
				<name>Fishing Boat</name>
			</possibleresult>
			<points>
				<point>719.000000,624.000000</point>
				<point>692.000000,616.000000</point>
				<point>690.000000,621.000000</point>
				<point>718.000000,629.000000</point>
				<point>719.000000,624.000000</point>
			</points>
		</object>
		<object>
			<coordinate>pixel</coordinate>
			<type>rectangle</type>
			<description>None</description>
			<possibleresult>
				<name>Fishing Boat</name>
			</possibleresult>
			<points>
				<point>720.000000,637.000000</point>
				<point>721.000000,649.000000</point>
				<point>728.000000,648.000000</point>
				<point>726.000000,635.000000</point>
				<point>720.000000,637.000000</point>
			</points>
		</object>
		<object>
			<coordinate>pixel</coordinate>
			<type>rectangle</type>
			<description>None</description>
			<possibleresult>
				<name>Fishing Boat</name>
			</possibleresult>
			<points>
				<point>728.000000,634.000000</point>
				<point>736.000000,641.000000</point>
				<point>739.000000,639.000000</point>
				<point>732.000000,631.000000</point>
				<point>728.000000,634.000000</point>
			</points>
		</object>
		<object>
			<coordinate>pixel</coordinate>
			<type>rectangle</type>
			<description>None</description>
			<possibleresult>
				<name>Fishing Boat</name>
			</possibleresult>
			<points>
				<point>745.000000,639.000000</point>
				<point>736.000000,624.000000</point>
				<point>730.000000,627.000000</point>
				<point>741.000000,642.000000</point>
				<point>745.000000,639.000000</point>
			</points>
		</object>
		<object>
			<coordinate>pixel</coordinate>
			<type>rectangle</type>
			<description>None</description>
			<possibleresult>
				<name>Fishing Boat</name>
			</possibleresult>
			<points>
				<point>733.000000,623.000000</point>
				<point>757.000000,632.000000</point>
				<point>758.000000,627.000000</point>
				<point>735.000000,618.000000</point>
				<point>733.000000,623.000000</point>
			</points>
		</object>
		<object>
			<coordinate>pixel</coordinate>
			<type>rectangle</type>
			<description>None</description>
			<possibleresult>
				<name>Fishing Boat</name>
			</possibleresult>
			<points>
				<point>724.000000,621.000000</point>
				<point>754.000000,614.000000</point>
				<point>752.000000,609.000000</point>
				<point>722.000000,615.000000</point>
				<point>724.000000,621.000000</point>
			</points>
		</object>
		<object>
			<coordinate>pixel</coordinate>
			<type>rectangle</type>
			<description>None</description>
			<possibleresult>
				<name>Fishing Boat</name>
			</possibleresult>
			<points>
				<point>661.000000,593.000000</point>
				<point>666.000000,576.000000</point>
				<point>657.000000,574.000000</point>
				<point>653.000000,591.000000</point>
				<point>661.000000,593.000000</point>
			</points>
		</object>
		<object>
			<coordinate>pixel</coordinate>
			<type>rectangle</type>
			<description>None</description>
			<possibleresult>
				<name>Fishing Boat</name>
			</possibleresult>
			<points>
				<point>653.000000,577.000000</point>
				<point>636.000000,574.000000</point>
				<point>635.000000,582.000000</point>
				<point>653.000000,585.000000</point>
				<point>653.000000,577.000000</point>
			</points>
		</object>
		<object>
			<coordinate>pixel</coordinate>
			<type>rectangle</type>
			<description>None</description>
			<possibleresult>
				<name>Fishing Boat</name>
			</possibleresult>
			<points>
				<point>673.000000,598.000000</point>
				<point>699.000000,599.000000</point>
				<point>699.000000,595.000000</point>
				<point>673.000000,593.000000</point>
				<point>673.000000,598.000000</point>
			</points>
		</object>
		<object>
			<coordinate>pixel</coordinate>
			<type>rectangle</type>
			<description>None</description>
			<possibleresult>
				<name>Fishing Boat</name>
			</possibleresult>
			<points>
				<point>705.000000,591.000000</point>
				<point>727.000000,595.000000</point>
				<point>728.000000,592.000000</point>
				<point>705.000000,587.000000</point>
				<point>705.000000,591.000000</point>
			</points>
		</object>
		<object>
			<coordinate>pixel</coordinate>
			<type>rectangle</type>
			<description>None</description>
			<possibleresult>
				<name>Fishing Boat</name>
			</possibleresult>
			<points>
				<point>702.000000,597.000000</point>
				<point>726.000000,602.000000</point>
				<point>727.000000,597.000000</point>
				<point>703.000000,591.000000</point>
				<point>702.000000,597.000000</point>
			</points>
		</object>
		<object>
			<coordinate>pixel</coordinate>
			<type>rectangle</type>
			<description>None</description>
			<possibleresult>
				<name>Fishing Boat</name>
			</possibleresult>
			<points>
				<point>698.000000,604.000000</point>
				<point>724.000000,610.000000</point>
				<point>726.000000,602.000000</point>
				<point>700.000000,595.000000</point>
				<point>698.000000,604.000000</point>
			</points>
		</object>
		<object>
			<coordinate>pixel</coordinate>
			<type>rectangle</type>
			<description>None</description>
			<possibleresult>
				<name>Fishing Boat</name>
			</possibleresult>
			<points>
				<point>759.000000,656.000000</point>
				<point>796.000000,659.000000</point>
				<point>796.000000,653.000000</point>
				<point>760.000000,651.000000</point>
				<point>759.000000,656.000000</point>
			</points>
		</object>
		<object>
			<coordinate>pixel</coordinate>
			<type>rectangle</type>
			<description>None</description>
			<possibleresult>
				<name>Fishing Boat</name>
			</possibleresult>
			<points>
				<point>796.000000,659.000000</point>
				<point>759.000000,656.000000</point>
				<point>758.000000,664.000000</point>
				<point>795.000000,666.000000</point>
				<point>796.000000,659.000000</point>
			</points>
		</object>
		<object>
			<coordinate>pixel</coordinate>
			<type>rectangle</type>
			<description>None</description>
			<possibleresult>
				<name>Motorboat</name>
			</possibleresult>
			<points>
				<point>843.000000,643.000000</point>
				<point>841.000000,657.000000</point>
				<point>847.000000,657.000000</point>
				<point>848.000000,644.000000</point>
				<point>843.000000,643.000000</point>
			</points>
		</object>
		<object>
			<coordinate>pixel</coordinate>
			<type>rectangle</type>
			<description>None</description>
			<possibleresult>
				<name>Fishing Boat</name>
			</possibleresult>
			<points>
				<point>837.000000,653.000000</point>
				<point>805.000000,653.000000</point>
				<point>805.000000,658.000000</point>
				<point>836.000000,658.000000</point>
				<point>837.000000,653.000000</point>
			</points>
		</object>
		<object>
			<coordinate>pixel</coordinate>
			<type>rectangle</type>
			<description>None</description>
			<possibleresult>
				<name>Dry Cargo Ship</name>
			</possibleresult>
			<points>
				<point>907.000000,693.000000</point>
				<point>823.000000,667.000000</point>
				<point>818.000000,683.000000</point>
				<point>901.000000,709.000000</point>
				<point>907.000000,693.000000</point>
			</points>
		</object>
		<object>
			<coordinate>pixel</coordinate>
			<type>rectangle</type>
			<description>None</description>
			<possibleresult>
				<name>Dry Cargo Ship</name>
			</possibleresult>
			<points>
				<point>923.000000,716.000000</point>
				<point>816.000000,683.000000</point>
				<point>810.000000,702.000000</point>
				<point>917.000000,736.000000</point>
				<point>923.000000,716.000000</point>
			</points>
		</object>
		<object>
			<coordinate>pixel</coordinate>
			<type>rectangle</type>
			<description>None</description>
			<possibleresult>
				<name>Fishing Boat</name>
			</possibleresult>
			<points>
				<point>951.000000,669.000000</point>
				<point>938.000000,712.000000</point>
				<point>947.000000,715.000000</point>
				<point>960.000000,672.000000</point>
				<point>951.000000,669.000000</point>
			</points>
		</object>
		<object>
			<coordinate>pixel</coordinate>
			<type>rectangle</type>
			<description>None</description>
			<possibleresult>
				<name>Fishing Boat</name>
			</possibleresult>
			<points>
				<point>961.000000,666.000000</point>
				<point>948.000000,721.000000</point>
				<point>958.000000,724.000000</point>
				<point>972.000000,669.000000</point>
				<point>961.000000,666.000000</point>
			</points>
		</object>
		<object>
			<coordinate>pixel</coordinate>
			<type>rectangle</type>
			<description>None</description>
			<possibleresult>
				<name>Fishing Boat</name>
			</possibleresult>
			<points>
				<point>970.000000,676.000000</point>
				<point>961.000000,719.000000</point>
				<point>969.000000,722.000000</point>
				<point>980.000000,678.000000</point>
				<point>970.000000,676.000000</point>
			</points>
		</object>
		<object>
			<coordinate>pixel</coordinate>
			<type>rectangle</type>
			<description>None</description>
			<possibleresult>
				<name>Fishing Boat</name>
			</possibleresult>
			<points>
				<point>976.000000,694.000000</point>
				<point>968.000000,727.000000</point>
				<point>977.000000,729.000000</point>
				<point>985.000000,697.000000</point>
				<point>976.000000,694.000000</point>
			</points>
		</object>
		<object>
			<coordinate>pixel</coordinate>
			<type>rectangle</type>
			<description>None</description>
			<possibleresult>
				<name>Fishing Boat</name>
			</possibleresult>
			<points>
				<point>673.000000,592.000000</point>
				<point>702.000000,594.000000</point>
				<point>702.000000,586.000000</point>
				<point>674.000000,584.000000</point>
				<point>673.000000,592.000000</point>
			</points>
		</object>
		<object>
			<coordinate>pixel</coordinate>
			<type>rectangle</type>
			<description>None</description>
			<possibleresult>
				<name>Intersection</name>
			</possibleresult>
			<points>
				<point>20.000000,231.000000</point>
				<point>20.000000,158.000000</point>
				<point>90.000000,158.000000</point>
				<point>90.000000,231.000000</point>
				<point>20.000000,231.000000</point>
			</points>
		</object>
		<object>
			<coordinate>pixel</coordinate>
			<type>rectangle</type>
			<description>None</description>
			<possibleresult>
				<name>Intersection</name>
			</possibleresult>
			<points>
				<point>570.000000,261.000000</point>
				<point>581.000000,232.000000</point>
				<point>626.000000,250.000000</point>
				<point>614.000000,279.000000</point>
				<point>570.000000,261.000000</point>
			</points>
		</object>
	</objects>
</annotation>