<?xml version="1.0" encoding="utf-8"?>
<annotation>
	<source>
		<filename>4595.tif</filename>
		<origin>GF2/GF3</origin>
	</source>
	<research>
		<version>1.0</version>
		<provider>FAIR1M</provider>
		<author>Cyber</author>
		<pluginname>FAIR1M</pluginname>
		<pluginclass>object detection</pluginclass>
		<time>2021-07-21</time>
	</research>
	<size>
		<width>800</width>
		<height>600</height>
		<depth>4</depth>
	</size>
	<objects>
		<object>
			<coordinate>pixel</coordinate>
			<type>rectangle</type>
			<description>None</description>
			<possibleresult>
				<name>Van</name>
			</possibleresult>
			<points>
				<point>54.000000,461.000000</point>
				<point>35.000000,460.000000</point>
				<point>35.000000,455.000000</point>
				<point>54.000000,455.000000</point>
				<point>54.000000,461.000000</point>
			</points>
		</object>
		<object>
			<coordinate>pixel</coordinate>
			<type>rectangle</type>
			<description>None</description>
			<possibleresult>
				<name>Van</name>
			</possibleresult>
			<points>
				<point>73.000000,440.000000</point>
				<point>53.000000,440.000000</point>
				<point>53.000000,433.000000</point>
				<point>73.000000,433.000000</point>
				<point>73.000000,440.000000</point>
			</points>
		</object>
		<object>
			<coordinate>pixel</coordinate>
			<type>rectangle</type>
			<description>None</description>
			<possibleresult>
				<name>Small Car</name>
			</possibleresult>
			<points>
				<point>111.000000,474.000000</point>
				<point>110.000000,489.000000</point>
				<point>102.000000,489.000000</point>
				<point>103.000000,473.000000</point>
				<point>111.000000,474.000000</point>
			</points>
		</object>
		<object>
			<coordinate>pixel</coordinate>
			<type>rectangle</type>
			<description>None</description>
			<possibleresult>
				<name>Small Car</name>
			</possibleresult>
			<points>
				<point>186.000000,489.000000</point>
				<point>177.000000,490.000000</point>
				<point>176.000000,473.000000</point>
				<point>185.000000,473.000000</point>
				<point>186.000000,489.000000</point>
			</points>
		</object>
		<object>
			<coordinate>pixel</coordinate>
			<type>rectangle</type>
			<description>None</description>
			<possibleresult>
				<name>Small Car</name>
			</possibleresult>
			<points>
				<point>217.000000,488.000000</point>
				<point>206.000000,489.000000</point>
				<point>205.000000,472.000000</point>
				<point>215.000000,471.000000</point>
				<point>217.000000,488.000000</point>
			</points>
		</object>
		<object>
			<coordinate>pixel</coordinate>
			<type>rectangle</type>
			<description>None</description>
			<possibleresult>
				<name>Van</name>
			</possibleresult>
			<points>
				<point>716.000000,442.000000</point>
				<point>689.000000,442.000000</point>
				<point>689.000000,433.000000</point>
				<point>716.000000,434.000000</point>
				<point>716.000000,442.000000</point>
			</points>
		</object>
		<object>
			<coordinate>pixel</coordinate>
			<type>rectangle</type>
			<description>None</description>
			<possibleresult>
				<name>Van</name>
			</possibleresult>
			<points>
				<point>693.000000,492.000000</point>
				<point>684.000000,492.000000</point>
				<point>683.000000,476.000000</point>
				<point>692.000000,476.000000</point>
				<point>693.000000,492.000000</point>
			</points>
		</object>
		<object>
			<coordinate>pixel</coordinate>
			<type>rectangle</type>
			<description>None</description>
			<possibleresult>
				<name>Van</name>
			</possibleresult>
			<points>
				<point>521.000000,524.000000</point>
				<point>513.000000,524.000000</point>
				<point>511.000000,507.000000</point>
				<point>519.000000,506.000000</point>
				<point>521.000000,524.000000</point>
			</points>
		</object>
		<object>
			<coordinate>pixel</coordinate>
			<type>rectangle</type>
			<description>None</description>
			<possibleresult>
				<name>Small Car</name>
			</possibleresult>
			<points>
				<point>182.000000,213.000000</point>
				<point>159.000000,216.000000</point>
				<point>158.000000,208.000000</point>
				<point>181.000000,206.000000</point>
				<point>182.000000,213.000000</point>
			</points>
		</object>
		<object>
			<coordinate>pixel</coordinate>
			<type>rectangle</type>
			<description>None</description>
			<possibleresult>
				<name>Van</name>
			</possibleresult>
			<points>
				<point>201.000000,367.000000</point>
				<point>200.000000,383.000000</point>
				<point>193.000000,382.000000</point>
				<point>194.000000,366.000000</point>
				<point>201.000000,367.000000</point>
			</points>
		</object>
		<object>
			<coordinate>pixel</coordinate>
			<type>rectangle</type>
			<description>None</description>
			<possibleresult>
				<name>Van</name>
			</possibleresult>
			<points>
				<point>35.000000,261.000000</point>
				<point>25.000000,260.000000</point>
				<point>25.000000,246.000000</point>
				<point>35.000000,246.000000</point>
				<point>35.000000,261.000000</point>
			</points>
		</object>
		<object>
			<coordinate>pixel</coordinate>
			<type>rectangle</type>
			<description>None</description>
			<possibleresult>
				<name>Van</name>
			</possibleresult>
			<points>
				<point>8.000000,401.000000</point>
				<point>0.000000,401.000000</point>
				<point>0.000000,386.000000</point>
				<point>8.000000,386.000000</point>
				<point>8.000000,401.000000</point>
			</points>
		</object>
		<object>
			<coordinate>pixel</coordinate>
			<type>rectangle</type>
			<description>None</description>
			<possibleresult>
				<name>Van</name>
			</possibleresult>
			<points>
				<point>800.000000,214.000000</point>
				<point>779.000000,214.000000</point>
				<point>779.000000,208.000000</point>
				<point>800.000000,207.000000</point>
				<point>800.000000,214.000000</point>
			</points>
		</object>
	</objects>
</annotation>