<?xml version="1.0" encoding="utf-8"?>
<annotation>
	<source>
		<filename>4599.tif</filename>
		<origin>GF2/GF3</origin>
	</source>
	<research>
		<version>1.0</version>
		<provider>FAIR1M</provider>
		<author>Cyber</author>
		<pluginname>FAIR1M</pluginname>
		<pluginclass>object detection</pluginclass>
		<time>2021-07-21</time>
	</research>
	<size>
		<width>1000</width>
		<height>1000</height>
		<depth>3</depth>
	</size>
	<objects>
		<object>
			<coordinate>pixel</coordinate>
			<type>rectangle</type>
			<description>None</description>
			<possibleresult>
				<name>Dump Truck</name>
			</possibleresult>
			<points>
				<point>240.000000,923.000000</point>
				<point>222.000000,922.000000</point>
				<point>222.000000,915.000000</point>
				<point>240.000000,917.000000</point>
				<point>240.000000,923.000000</point>
			</points>
		</object>
		<object>
			<coordinate>pixel</coordinate>
			<type>rectangle</type>
			<description>None</description>
			<possibleresult>
				<name>Van</name>
			</possibleresult>
			<points>
				<point>976.000000,885.000000</point>
				<point>967.000000,885.000000</point>
				<point>967.000000,866.000000</point>
				<point>976.000000,866.000000</point>
				<point>976.000000,885.000000</point>
			</points>
		</object>
		<object>
			<coordinate>pixel</coordinate>
			<type>rectangle</type>
			<description>None</description>
			<possibleresult>
				<name>Dump Truck</name>
			</possibleresult>
			<points>
				<point>978.000000,840.000000</point>
				<point>977.000000,862.000000</point>
				<point>968.000000,862.000000</point>
				<point>969.000000,840.000000</point>
				<point>978.000000,840.000000</point>
			</points>
		</object>
		<object>
			<coordinate>pixel</coordinate>
			<type>rectangle</type>
			<description>None</description>
			<possibleresult>
				<name>Small Car</name>
			</possibleresult>
			<points>
				<point>899.000000,860.000000</point>
				<point>875.000000,860.000000</point>
				<point>875.000000,853.000000</point>
				<point>899.000000,853.000000</point>
				<point>899.000000,860.000000</point>
			</points>
		</object>
		<object>
			<coordinate>pixel</coordinate>
			<type>rectangle</type>
			<description>None</description>
			<possibleresult>
				<name>Small Car</name>
			</possibleresult>
			<points>
				<point>894.000000,851.000000</point>
				<point>875.000000,850.000000</point>
				<point>876.000000,843.000000</point>
				<point>894.000000,844.000000</point>
				<point>894.000000,851.000000</point>
			</points>
		</object>
		<object>
			<coordinate>pixel</coordinate>
			<type>rectangle</type>
			<description>None</description>
			<possibleresult>
				<name>Small Car</name>
			</possibleresult>
			<points>
				<point>916.000000,904.000000</point>
				<point>915.000000,924.000000</point>
				<point>907.000000,924.000000</point>
				<point>907.000000,904.000000</point>
				<point>916.000000,904.000000</point>
			</points>
		</object>
		<object>
			<coordinate>pixel</coordinate>
			<type>rectangle</type>
			<description>None</description>
			<possibleresult>
				<name>Van</name>
			</possibleresult>
			<points>
				<point>831.000000,770.000000</point>
				<point>813.000000,770.000000</point>
				<point>813.000000,764.000000</point>
				<point>831.000000,765.000000</point>
				<point>831.000000,770.000000</point>
			</points>
		</object>
		<object>
			<coordinate>pixel</coordinate>
			<type>rectangle</type>
			<description>None</description>
			<possibleresult>
				<name>Small Car</name>
			</possibleresult>
			<points>
				<point>699.000000,804.000000</point>
				<point>678.000000,803.000000</point>
				<point>678.000000,796.000000</point>
				<point>699.000000,797.000000</point>
				<point>699.000000,804.000000</point>
			</points>
		</object>
		<object>
			<coordinate>pixel</coordinate>
			<type>rectangle</type>
			<description>None</description>
			<possibleresult>
				<name>Small Car</name>
			</possibleresult>
			<points>
				<point>755.000000,920.000000</point>
				<point>747.000000,920.000000</point>
				<point>747.000000,905.000000</point>
				<point>755.000000,905.000000</point>
				<point>755.000000,920.000000</point>
			</points>
		</object>
		<object>
			<coordinate>pixel</coordinate>
			<type>rectangle</type>
			<description>None</description>
			<possibleresult>
				<name>Small Car</name>
			</possibleresult>
			<points>
				<point>689.000000,928.000000</point>
				<point>684.000000,943.000000</point>
				<point>676.000000,940.000000</point>
				<point>681.000000,925.000000</point>
				<point>689.000000,928.000000</point>
			</points>
		</object>
		<object>
			<coordinate>pixel</coordinate>
			<type>rectangle</type>
			<description>None</description>
			<possibleresult>
				<name>Small Car</name>
			</possibleresult>
			<points>
				<point>708.000000,756.000000</point>
				<point>707.000000,763.000000</point>
				<point>687.000000,762.000000</point>
				<point>687.000000,755.000000</point>
				<point>708.000000,756.000000</point>
			</points>
		</object>
		<object>
			<coordinate>pixel</coordinate>
			<type>rectangle</type>
			<description>None</description>
			<possibleresult>
				<name>Small Car</name>
			</possibleresult>
			<points>
				<point>583.000000,807.000000</point>
				<point>582.000000,822.000000</point>
				<point>575.000000,822.000000</point>
				<point>575.000000,807.000000</point>
				<point>583.000000,807.000000</point>
			</points>
		</object>
		<object>
			<coordinate>pixel</coordinate>
			<type>rectangle</type>
			<description>None</description>
			<possibleresult>
				<name>Van</name>
			</possibleresult>
			<points>
				<point>411.000000,744.000000</point>
				<point>386.000000,744.000000</point>
				<point>386.000000,736.000000</point>
				<point>411.000000,736.000000</point>
				<point>411.000000,744.000000</point>
			</points>
		</object>
		<object>
			<coordinate>pixel</coordinate>
			<type>rectangle</type>
			<description>None</description>
			<possibleresult>
				<name>Van</name>
			</possibleresult>
			<points>
				<point>88.000000,724.000000</point>
				<point>69.000000,723.000000</point>
				<point>69.000000,717.000000</point>
				<point>88.000000,718.000000</point>
				<point>88.000000,724.000000</point>
			</points>
		</object>
		<object>
			<coordinate>pixel</coordinate>
			<type>rectangle</type>
			<description>None</description>
			<possibleresult>
				<name>Van</name>
			</possibleresult>
			<points>
				<point>113.000000,726.000000</point>
				<point>96.000000,726.000000</point>
				<point>96.000000,719.000000</point>
				<point>113.000000,720.000000</point>
				<point>113.000000,726.000000</point>
			</points>
		</object>
		<object>
			<coordinate>pixel</coordinate>
			<type>rectangle</type>
			<description>None</description>
			<possibleresult>
				<name>Dump Truck</name>
			</possibleresult>
			<points>
				<point>252.000000,736.000000</point>
				<point>227.000000,736.000000</point>
				<point>227.000000,727.000000</point>
				<point>252.000000,727.000000</point>
				<point>252.000000,736.000000</point>
			</points>
		</object>
		<object>
			<coordinate>pixel</coordinate>
			<type>rectangle</type>
			<description>None</description>
			<possibleresult>
				<name>Van</name>
			</possibleresult>
			<points>
				<point>204.000000,775.000000</point>
				<point>183.000000,775.000000</point>
				<point>183.000000,768.000000</point>
				<point>204.000000,769.000000</point>
				<point>204.000000,775.000000</point>
			</points>
		</object>
		<object>
			<coordinate>pixel</coordinate>
			<type>rectangle</type>
			<description>None</description>
			<possibleresult>
				<name>Van</name>
			</possibleresult>
			<points>
				<point>143.000000,769.000000</point>
				<point>122.000000,768.000000</point>
				<point>122.000000,763.000000</point>
				<point>143.000000,763.000000</point>
				<point>143.000000,769.000000</point>
			</points>
		</object>
		<object>
			<coordinate>pixel</coordinate>
			<type>rectangle</type>
			<description>None</description>
			<possibleresult>
				<name>Dump Truck</name>
			</possibleresult>
			<points>
				<point>404.000000,865.000000</point>
				<point>381.000000,864.000000</point>
				<point>381.000000,856.000000</point>
				<point>404.000000,857.000000</point>
				<point>404.000000,865.000000</point>
			</points>
		</object>
		<object>
			<coordinate>pixel</coordinate>
			<type>rectangle</type>
			<description>None</description>
			<possibleresult>
				<name>Dump Truck</name>
			</possibleresult>
			<points>
				<point>531.000000,964.000000</point>
				<point>501.000000,961.000000</point>
				<point>502.000000,954.000000</point>
				<point>531.000000,957.000000</point>
				<point>531.000000,964.000000</point>
			</points>
		</object>
		<object>
			<coordinate>pixel</coordinate>
			<type>rectangle</type>
			<description>None</description>
			<possibleresult>
				<name>Small Car</name>
			</possibleresult>
			<points>
				<point>375.000000,932.000000</point>
				<point>358.000000,930.000000</point>
				<point>359.000000,924.000000</point>
				<point>375.000000,925.000000</point>
				<point>375.000000,932.000000</point>
			</points>
		</object>
		<object>
			<coordinate>pixel</coordinate>
			<type>rectangle</type>
			<description>None</description>
			<possibleresult>
				<name>Van</name>
			</possibleresult>
			<points>
				<point>475.000000,984.000000</point>
				<point>467.000000,984.000000</point>
				<point>467.000000,968.000000</point>
				<point>475.000000,968.000000</point>
				<point>475.000000,984.000000</point>
			</points>
		</object>
		<object>
			<coordinate>pixel</coordinate>
			<type>rectangle</type>
			<description>None</description>
			<possibleresult>
				<name>Small Car</name>
			</possibleresult>
			<points>
				<point>81.000000,963.000000</point>
				<point>80.000000,969.000000</point>
				<point>61.000000,968.000000</point>
				<point>61.000000,962.000000</point>
				<point>81.000000,963.000000</point>
			</points>
		</object>
		<object>
			<coordinate>pixel</coordinate>
			<type>rectangle</type>
			<description>None</description>
			<possibleresult>
				<name>Van</name>
			</possibleresult>
			<points>
				<point>26.000000,581.000000</point>
				<point>24.000000,597.000000</point>
				<point>16.000000,597.000000</point>
				<point>17.000000,580.000000</point>
				<point>26.000000,581.000000</point>
			</points>
		</object>
		<object>
			<coordinate>pixel</coordinate>
			<type>rectangle</type>
			<description>None</description>
			<possibleresult>
				<name>Small Car</name>
			</possibleresult>
			<points>
				<point>30.000000,540.000000</point>
				<point>29.000000,559.000000</point>
				<point>19.000000,558.000000</point>
				<point>21.000000,539.000000</point>
				<point>30.000000,540.000000</point>
			</points>
		</object>
		<object>
			<coordinate>pixel</coordinate>
			<type>rectangle</type>
			<description>None</description>
			<possibleresult>
				<name>Small Car</name>
			</possibleresult>
			<points>
				<point>35.000000,500.000000</point>
				<point>34.000000,517.000000</point>
				<point>26.000000,516.000000</point>
				<point>27.000000,500.000000</point>
				<point>35.000000,500.000000</point>
			</points>
		</object>
		<object>
			<coordinate>pixel</coordinate>
			<type>rectangle</type>
			<description>None</description>
			<possibleresult>
				<name>Small Car</name>
			</possibleresult>
			<points>
				<point>47.000000,451.000000</point>
				<point>42.000000,469.000000</point>
				<point>34.000000,467.000000</point>
				<point>38.000000,449.000000</point>
				<point>47.000000,451.000000</point>
			</points>
		</object>
		<object>
			<coordinate>pixel</coordinate>
			<type>rectangle</type>
			<description>None</description>
			<possibleresult>
				<name>Dump Truck</name>
			</possibleresult>
			<points>
				<point>20.000000,186.000000</point>
				<point>0.000000,193.000000</point>
				<point>0.000000,185.000000</point>
				<point>18.000000,179.000000</point>
				<point>20.000000,186.000000</point>
			</points>
		</object>
		<object>
			<coordinate>pixel</coordinate>
			<type>rectangle</type>
			<description>None</description>
			<possibleresult>
				<name>Small Car</name>
			</possibleresult>
			<points>
				<point>53.000000,180.000000</point>
				<point>34.000000,183.000000</point>
				<point>33.000000,177.000000</point>
				<point>52.000000,174.000000</point>
				<point>53.000000,180.000000</point>
			</points>
		</object>
		<object>
			<coordinate>pixel</coordinate>
			<type>rectangle</type>
			<description>None</description>
			<possibleresult>
				<name>Van</name>
			</possibleresult>
			<points>
				<point>491.000000,433.000000</point>
				<point>486.000000,439.000000</point>
				<point>469.000000,423.000000</point>
				<point>474.000000,418.000000</point>
				<point>491.000000,433.000000</point>
			</points>
		</object>
		<object>
			<coordinate>pixel</coordinate>
			<type>rectangle</type>
			<description>None</description>
			<possibleresult>
				<name>Baseball Field</name>
			</possibleresult>
			<points>
				<point>400.000000,350.000000</point>
				<point>393.000000,438.000000</point>
				<point>283.000000,429.000000</point>
				<point>291.000000,340.000000</point>
				<point>400.000000,350.000000</point>
			</points>
		</object>
	</objects>
</annotation>