<?xml version="1.0" encoding="utf-8"?>
<annotation>
	<source>
		<filename>4734.tif</filename>
		<origin>GF2/GF3</origin>
	</source>
	<research>
		<version>1.0</version>
		<provider>FAIR1M</provider>
		<author>Cyber</author>
		<pluginname>FAIR1M</pluginname>
		<pluginclass>object detection</pluginclass>
		<time>2021-07-21</time>
	</research>
	<size>
		<width>800</width>
		<height>600</height>
		<depth>4</depth>
	</size>
	<objects>
		<object>
			<coordinate>pixel</coordinate>
			<type>rectangle</type>
			<description>None</description>
			<possibleresult>
				<name>Cargo Truck</name>
			</possibleresult>
			<points>
				<point>701.000000,174.000000</point>
				<point>700.000000,194.000000</point>
				<point>690.000000,193.000000</point>
				<point>691.000000,174.000000</point>
				<point>701.000000,174.000000</point>
			</points>
		</object>
		<object>
			<coordinate>pixel</coordinate>
			<type>rectangle</type>
			<description>None</description>
			<possibleresult>
				<name>Cargo Truck</name>
			</possibleresult>
			<points>
				<point>690.000000,174.000000</point>
				<point>689.000000,193.000000</point>
				<point>682.000000,192.000000</point>
				<point>684.000000,173.000000</point>
				<point>690.000000,174.000000</point>
			</points>
		</object>
		<object>
			<coordinate>pixel</coordinate>
			<type>rectangle</type>
			<description>None</description>
			<possibleresult>
				<name>Baseball Field</name>
			</possibleresult>
			<points>
				<point>108.343826,410.184631</point>
				<point>-40.656158,330.184631</point>
				<point>33.000031,193.000000</point>
				<point>182.000015,273.000000</point>
				<point>108.343826,410.184631</point>
			</points>
		</object>
	</objects>
</annotation>