<?xml version="1.0" encoding="utf-8"?>
<annotation>
	<source>
		<filename>4771.tif</filename>
		<origin>GF2/GF3</origin>
	</source>
	<research>
		<version>1.0</version>
		<provider>FAIR1M</provider>
		<author>Cyber</author>
		<pluginname>FAIR1M</pluginname>
		<pluginclass>object detection</pluginclass>
		<time>2021-07-21</time>
	</research>
	<size>
		<width>1000</width>
		<height>1000</height>
		<depth>3</depth>
	</size>
	<objects>
		<object>
			<coordinate>pixel</coordinate>
			<type>rectangle</type>
			<description>None</description>
			<possibleresult>
				<name>other-airplane</name>
			</possibleresult>
			<points>
				<point>483.000000,732.000000</point>
				<point>486.000000,766.000000</point>
				<point>519.000000,763.000000</point>
				<point>516.000000,729.000000</point>
				<point>483.000000,732.000000</point>
			</points>
		</object>
		<object>
			<coordinate>pixel</coordinate>
			<type>rectangle</type>
			<description>None</description>
			<possibleresult>
				<name>other-airplane</name>
			</possibleresult>
			<points>
				<point>36.000000,858.000000</point>
				<point>43.000000,938.000000</point>
				<point>118.000000,931.000000</point>
				<point>111.000000,852.000000</point>
				<point>36.000000,858.000000</point>
			</points>
		</object>
		<object>
			<coordinate>pixel</coordinate>
			<type>rectangle</type>
			<description>None</description>
			<possibleresult>
				<name>Boeing747</name>
			</possibleresult>
			<points>
				<point>188.000000,847.000000</point>
				<point>199.000000,939.000000</point>
				<point>297.000000,928.000000</point>
				<point>286.000000,835.000000</point>
				<point>188.000000,847.000000</point>
			</points>
		</object>
	</objects>
</annotation>