<?xml version="1.0" encoding="utf-8"?>
<annotation>
	<source>
		<filename>4774.tif</filename>
		<origin>GF2/GF3</origin>
	</source>
	<research>
		<version>1.0</version>
		<provider>FAIR1M</provider>
		<author>Cyber</author>
		<pluginname>FAIR1M</pluginname>
		<pluginclass>object detection</pluginclass>
		<time>2021-07-21</time>
	</research>
	<size>
		<width>1000</width>
		<height>1000</height>
		<depth>3</depth>
	</size>
	<objects>
		<object>
			<coordinate>pixel</coordinate>
			<type>rectangle</type>
			<description>None</description>
			<possibleresult>
				<name>Dry Cargo Ship</name>
			</possibleresult>
			<points>
				<point>355.000000,283.000000</point>
				<point>417.000000,391.000000</point>
				<point>447.000000,373.000000</point>
				<point>385.000000,265.000000</point>
				<point>355.000000,283.000000</point>
			</points>
		</object>
		<object>
			<coordinate>pixel</coordinate>
			<type>rectangle</type>
			<description>None</description>
			<possibleresult>
				<name>Engineering Ship</name>
			</possibleresult>
			<points>
				<point>304.000000,317.000000</point>
				<point>345.000000,413.000000</point>
				<point>379.000000,399.000000</point>
				<point>338.000000,303.000000</point>
				<point>304.000000,317.000000</point>
			</points>
		</object>
		<object>
			<coordinate>pixel</coordinate>
			<type>rectangle</type>
			<description>None</description>
			<possibleresult>
				<name>Engineering Ship</name>
			</possibleresult>
			<points>
				<point>295.000000,374.000000</point>
				<point>326.000000,445.000000</point>
				<point>352.000000,433.000000</point>
				<point>322.000000,363.000000</point>
				<point>295.000000,374.000000</point>
			</points>
		</object>
		<object>
			<coordinate>pixel</coordinate>
			<type>rectangle</type>
			<description>None</description>
			<possibleresult>
				<name>Engineering Ship</name>
			</possibleresult>
			<points>
				<point>241.000000,295.000000</point>
				<point>279.000000,370.000000</point>
				<point>306.000000,356.000000</point>
				<point>268.000000,281.000000</point>
				<point>241.000000,295.000000</point>
			</points>
		</object>
		<object>
			<coordinate>pixel</coordinate>
			<type>rectangle</type>
			<description>None</description>
			<possibleresult>
				<name>Engineering Ship</name>
			</possibleresult>
			<points>
				<point>234.000000,369.000000</point>
				<point>269.000000,438.000000</point>
				<point>303.000000,421.000000</point>
				<point>269.000000,352.000000</point>
				<point>234.000000,369.000000</point>
			</points>
		</object>
		<object>
			<coordinate>pixel</coordinate>
			<type>rectangle</type>
			<description>None</description>
			<possibleresult>
				<name>Engineering Ship</name>
			</possibleresult>
			<points>
				<point>191.000000,285.000000</point>
				<point>224.000000,351.000000</point>
				<point>258.000000,335.000000</point>
				<point>224.000000,268.000000</point>
				<point>191.000000,285.000000</point>
			</points>
		</object>
		<object>
			<coordinate>pixel</coordinate>
			<type>rectangle</type>
			<description>None</description>
			<possibleresult>
				<name>Dry Cargo Ship</name>
			</possibleresult>
			<points>
				<point>37.000000,449.000000</point>
				<point>107.000000,489.000000</point>
				<point>118.000000,470.000000</point>
				<point>48.000000,429.000000</point>
				<point>37.000000,449.000000</point>
			</points>
		</object>
		<object>
			<coordinate>pixel</coordinate>
			<type>rectangle</type>
			<description>None</description>
			<possibleresult>
				<name>Dry Cargo Ship</name>
			</possibleresult>
			<points>
				<point>27.000000,464.000000</point>
				<point>97.000000,504.000000</point>
				<point>105.000000,489.000000</point>
				<point>35.000000,449.000000</point>
				<point>27.000000,464.000000</point>
			</points>
		</object>
		<object>
			<coordinate>pixel</coordinate>
			<type>rectangle</type>
			<description>None</description>
			<possibleresult>
				<name>Dry Cargo Ship</name>
			</possibleresult>
			<points>
				<point>39.000000,489.000000</point>
				<point>74.000000,509.000000</point>
				<point>81.000000,496.000000</point>
				<point>46.000000,476.000000</point>
				<point>39.000000,489.000000</point>
			</points>
		</object>
	</objects>
</annotation>