<?xml version="1.0" encoding="utf-8"?>
<annotation>
	<source>
		<filename>4919.tif</filename>
		<origin>GF2/GF3</origin>
	</source>
	<research>
		<version>1.0</version>
		<provider>FAIR1M</provider>
		<author>Cyber</author>
		<pluginname>FAIR1M</pluginname>
		<pluginclass>object detection</pluginclass>
		<time>2021-07-21</time>
	</research>
	<size>
		<width>800</width>
		<height>600</height>
		<depth>3</depth>
	</size>
	<objects>
		<object>
			<coordinate>pixel</coordinate>
			<type>rectangle</type>
			<description>None</description>
			<possibleresult>
				<name>Dry Cargo Ship</name>
			</possibleresult>
			<points>
				<point>585.000000,367.000000</point>
				<point>559.000000,396.000000</point>
				<point>392.000000,251.000000</point>
				<point>418.000000,220.000000</point>
				<point>585.000000,367.000000</point>
			</points>
		</object>
	</objects>
</annotation>