<?xml version="1.0" encoding="utf-8"?>
<annotation>
	<source>
		<filename>4966.tif</filename>
		<origin>GF2/GF3</origin>
	</source>
	<research>
		<version>1.0</version>
		<provider>FAIR1M</provider>
		<author>Cyber</author>
		<pluginname>FAIR1M</pluginname>
		<pluginclass>object detection</pluginclass>
		<time>2021-07-21</time>
	</research>
	<size>
		<width>600</width>
		<height>800</height>
		<depth>4</depth>
	</size>
	<objects>
		<object>
			<coordinate>pixel</coordinate>
			<type>rectangle</type>
			<description>None</description>
			<possibleresult>
				<name>other-vehicle</name>
			</possibleresult>
			<points>
				<point>448.000000,31.000000</point>
				<point>447.000000,42.000000</point>
				<point>421.000000,39.000000</point>
				<point>422.000000,28.000000</point>
				<point>448.000000,31.000000</point>
			</points>
		</object>
		<object>
			<coordinate>pixel</coordinate>
			<type>rectangle</type>
			<description>None</description>
			<possibleresult>
				<name>Van</name>
			</possibleresult>
			<points>
				<point>377.000000,67.000000</point>
				<point>354.000000,67.000000</point>
				<point>354.000000,58.000000</point>
				<point>377.000000,58.000000</point>
				<point>377.000000,67.000000</point>
			</points>
		</object>
		<object>
			<coordinate>pixel</coordinate>
			<type>rectangle</type>
			<description>None</description>
			<possibleresult>
				<name>Small Car</name>
			</possibleresult>
			<points>
				<point>502.000000,579.000000</point>
				<point>501.000000,596.000000</point>
				<point>492.000000,595.000000</point>
				<point>493.000000,578.000000</point>
				<point>502.000000,579.000000</point>
			</points>
		</object>
		<object>
			<coordinate>pixel</coordinate>
			<type>rectangle</type>
			<description>None</description>
			<possibleresult>
				<name>Small Car</name>
			</possibleresult>
			<points>
				<point>596.000000,592.000000</point>
				<point>595.000000,604.000000</point>
				<point>585.000000,604.000000</point>
				<point>585.000000,591.000000</point>
				<point>596.000000,592.000000</point>
			</points>
		</object>
		<object>
			<coordinate>pixel</coordinate>
			<type>rectangle</type>
			<description>None</description>
			<possibleresult>
				<name>Van</name>
			</possibleresult>
			<points>
				<point>257.000000,780.000000</point>
				<point>256.000000,796.000000</point>
				<point>249.000000,796.000000</point>
				<point>250.000000,779.000000</point>
				<point>257.000000,780.000000</point>
			</points>
		</object>
		<object>
			<coordinate>pixel</coordinate>
			<type>rectangle</type>
			<description>None</description>
			<possibleresult>
				<name>Van</name>
			</possibleresult>
			<points>
				<point>241.000000,696.000000</point>
				<point>220.000000,698.000000</point>
				<point>220.000000,691.000000</point>
				<point>241.000000,689.000000</point>
				<point>241.000000,696.000000</point>
			</points>
		</object>
		<object>
			<coordinate>pixel</coordinate>
			<type>rectangle</type>
			<description>None</description>
			<possibleresult>
				<name>Small Car</name>
			</possibleresult>
			<points>
				<point>218.000000,698.000000</point>
				<point>196.000000,700.000000</point>
				<point>195.000000,694.000000</point>
				<point>218.000000,692.000000</point>
				<point>218.000000,698.000000</point>
			</points>
		</object>
		<object>
			<coordinate>pixel</coordinate>
			<type>rectangle</type>
			<description>None</description>
			<possibleresult>
				<name>Van</name>
			</possibleresult>
			<points>
				<point>437.000000,108.000000</point>
				<point>429.000000,108.000000</point>
				<point>429.000000,91.000000</point>
				<point>436.000000,90.000000</point>
				<point>437.000000,108.000000</point>
			</points>
		</object>
		<object>
			<coordinate>pixel</coordinate>
			<type>rectangle</type>
			<description>None</description>
			<possibleresult>
				<name>Van</name>
			</possibleresult>
			<points>
				<point>236.000000,164.000000</point>
				<point>216.000000,166.000000</point>
				<point>216.000000,159.000000</point>
				<point>235.000000,158.000000</point>
				<point>236.000000,164.000000</point>
			</points>
		</object>
		<object>
			<coordinate>pixel</coordinate>
			<type>rectangle</type>
			<description>None</description>
			<possibleresult>
				<name>Van</name>
			</possibleresult>
			<points>
				<point>202.000000,385.000000</point>
				<point>200.000000,393.000000</point>
				<point>181.000000,388.000000</point>
				<point>182.000000,380.000000</point>
				<point>202.000000,385.000000</point>
			</points>
		</object>
		<object>
			<coordinate>pixel</coordinate>
			<type>rectangle</type>
			<description>None</description>
			<possibleresult>
				<name>Van</name>
			</possibleresult>
			<points>
				<point>113.000000,546.000000</point>
				<point>95.000000,547.000000</point>
				<point>95.000000,539.000000</point>
				<point>113.000000,539.000000</point>
				<point>113.000000,546.000000</point>
			</points>
		</object>
		<object>
			<coordinate>pixel</coordinate>
			<type>rectangle</type>
			<description>None</description>
			<possibleresult>
				<name>Small Car</name>
			</possibleresult>
			<points>
				<point>47.000000,536.000000</point>
				<point>23.000000,536.000000</point>
				<point>23.000000,529.000000</point>
				<point>47.000000,529.000000</point>
				<point>47.000000,536.000000</point>
			</points>
		</object>
		<object>
			<coordinate>pixel</coordinate>
			<type>rectangle</type>
			<description>None</description>
			<possibleresult>
				<name>Cargo Truck</name>
			</possibleresult>
			<points>
				<point>400.000000,690.000000</point>
				<point>370.000000,691.000000</point>
				<point>370.000000,678.000000</point>
				<point>400.000000,678.000000</point>
				<point>400.000000,690.000000</point>
			</points>
		</object>
		<object>
			<coordinate>pixel</coordinate>
			<type>rectangle</type>
			<description>None</description>
			<possibleresult>
				<name>Intersection</name>
			</possibleresult>
			<points>
				<point>302.000000,31.000000</point>
				<point>299.000000,86.000000</point>
				<point>250.000000,84.000000</point>
				<point>253.000000,29.000000</point>
				<point>302.000000,31.000000</point>
			</points>
		</object>
		<object>
			<coordinate>pixel</coordinate>
			<type>rectangle</type>
			<description>None</description>
			<possibleresult>
				<name>Intersection</name>
			</possibleresult>
			<points>
				<point>270.000000,569.000000</point>
				<point>222.000000,574.000000</point>
				<point>215.000000,507.000000</point>
				<point>263.000000,501.000000</point>
				<point>270.000000,569.000000</point>
			</points>
		</object>
	</objects>
</annotation>