<?xml version="1.0" encoding="utf-8"?>
<annotation>
	<source>
		<filename>4976.tif</filename>
		<origin>GF2/GF3</origin>
	</source>
	<research>
		<version>1.0</version>
		<provider>FAIR1M</provider>
		<author>Cyber</author>
		<pluginname>FAIR1M</pluginname>
		<pluginclass>object detection</pluginclass>
		<time>2021-07-21</time>
	</research>
	<size>
		<width>600</width>
		<height>800</height>
		<depth>3</depth>
	</size>
	<objects>
		<object>
			<coordinate>pixel</coordinate>
			<type>rectangle</type>
			<description>None</description>
			<possibleresult>
				<name>A220</name>
			</possibleresult>
			<points>
				<point>81.000000,451.000000</point>
				<point>35.000000,454.000000</point>
				<point>31.000000,410.000000</point>
				<point>78.000000,406.000000</point>
				<point>81.000000,451.000000</point>
			</points>
		</object>
	</objects>
</annotation>