<?xml version="1.0" encoding="utf-8"?>
<annotation>
	<source>
		<filename>5032.tif</filename>
		<origin>GF2/GF3</origin>
	</source>
	<research>
		<version>1.0</version>
		<provider>FAIR1M</provider>
		<author>Cyber</author>
		<pluginname>FAIR1M</pluginname>
		<pluginclass>object detection</pluginclass>
		<time>2021-07-21</time>
	</research>
	<size>
		<width>1000</width>
		<height>1000</height>
		<depth>3</depth>
	</size>
	<objects>
		<object>
			<coordinate>pixel</coordinate>
			<type>rectangle</type>
			<description>None</description>
			<possibleresult>
				<name>Small Car</name>
			</possibleresult>
			<points>
				<point>27.000000,231.000000</point>
				<point>14.000000,239.000000</point>
				<point>10.000000,233.000000</point>
				<point>22.000000,224.000000</point>
				<point>27.000000,231.000000</point>
			</points>
		</object>
		<object>
			<coordinate>pixel</coordinate>
			<type>rectangle</type>
			<description>None</description>
			<possibleresult>
				<name>Small Car</name>
			</possibleresult>
			<points>
				<point>886.000000,16.000000</point>
				<point>881.000000,21.000000</point>
				<point>869.000000,10.000000</point>
				<point>874.000000,5.000000</point>
				<point>886.000000,16.000000</point>
			</points>
		</object>
		<object>
			<coordinate>pixel</coordinate>
			<type>rectangle</type>
			<description>None</description>
			<possibleresult>
				<name>Small Car</name>
			</possibleresult>
			<points>
				<point>943.000000,63.000000</point>
				<point>939.000000,69.000000</point>
				<point>923.000000,57.000000</point>
				<point>927.000000,51.000000</point>
				<point>943.000000,63.000000</point>
			</points>
		</object>
		<object>
			<coordinate>pixel</coordinate>
			<type>rectangle</type>
			<description>None</description>
			<possibleresult>
				<name>Van</name>
			</possibleresult>
			<points>
				<point>266.000031,995.000000</point>
				<point>259.636383,1000.000000</point>
				<point>247.000031,1000.000000</point>
				<point>261.176697,988.861206</point>
				<point>266.000031,995.000000</point>
			</points>
		</object>
		<object>
			<coordinate>pixel</coordinate>
			<type>rectangle</type>
			<description>None</description>
			<possibleresult>
				<name>Van</name>
			</possibleresult>
			<points>
				<point>426.999939,1003.000000</point>
				<point>422.472900,996.662109</point>
				<point>436.472900,986.662109</point>
				<point>440.999939,993.000000</point>
				<point>426.999939,1003.000000</point>
			</points>
		</object>
		<object>
			<coordinate>pixel</coordinate>
			<type>rectangle</type>
			<description>None</description>
			<possibleresult>
				<name>Van</name>
			</possibleresult>
			<points>
				<point>402.000000,957.000000</point>
				<point>390.000000,967.000000</point>
				<point>385.000000,962.000000</point>
				<point>398.000000,952.000000</point>
				<point>402.000000,957.000000</point>
			</points>
		</object>
		<object>
			<coordinate>pixel</coordinate>
			<type>rectangle</type>
			<description>None</description>
			<possibleresult>
				<name>Small Car</name>
			</possibleresult>
			<points>
				<point>429.000000,985.000000</point>
				<point>415.000000,995.000000</point>
				<point>411.000000,989.000000</point>
				<point>425.000000,979.000000</point>
				<point>429.000000,985.000000</point>
			</points>
		</object>
		<object>
			<coordinate>pixel</coordinate>
			<type>rectangle</type>
			<description>None</description>
			<possibleresult>
				<name>Small Car</name>
			</possibleresult>
			<points>
				<point>464.000000,978.000000</point>
				<point>449.000000,989.000000</point>
				<point>444.000000,983.000000</point>
				<point>459.000000,971.000000</point>
				<point>464.000000,978.000000</point>
			</points>
		</object>
		<object>
			<coordinate>pixel</coordinate>
			<type>rectangle</type>
			<description>None</description>
			<possibleresult>
				<name>Van</name>
			</possibleresult>
			<points>
				<point>460.000000,963.000000</point>
				<point>448.000000,971.000000</point>
				<point>444.000000,966.000000</point>
				<point>456.000000,957.000000</point>
				<point>460.000000,963.000000</point>
			</points>
		</object>
		<object>
			<coordinate>pixel</coordinate>
			<type>rectangle</type>
			<description>None</description>
			<possibleresult>
				<name>Small Car</name>
			</possibleresult>
			<points>
				<point>483.000000,964.000000</point>
				<point>471.000000,974.000000</point>
				<point>467.000000,969.000000</point>
				<point>478.000000,959.000000</point>
				<point>483.000000,964.000000</point>
			</points>
		</object>
		<object>
			<coordinate>pixel</coordinate>
			<type>rectangle</type>
			<description>None</description>
			<possibleresult>
				<name>Van</name>
			</possibleresult>
			<points>
				<point>493.000000,941.000000</point>
				<point>478.000000,952.000000</point>
				<point>474.000000,946.000000</point>
				<point>488.000000,936.000000</point>
				<point>493.000000,941.000000</point>
			</points>
		</object>
		<object>
			<coordinate>pixel</coordinate>
			<type>rectangle</type>
			<description>None</description>
			<possibleresult>
				<name>Small Car</name>
			</possibleresult>
			<points>
				<point>509.000000,947.000000</point>
				<point>497.000000,955.000000</point>
				<point>493.000000,949.000000</point>
				<point>505.000000,941.000000</point>
				<point>509.000000,947.000000</point>
			</points>
		</object>
		<object>
			<coordinate>pixel</coordinate>
			<type>rectangle</type>
			<description>None</description>
			<possibleresult>
				<name>Van</name>
			</possibleresult>
			<points>
				<point>512.000000,928.000000</point>
				<point>502.000000,934.000000</point>
				<point>498.000000,928.000000</point>
				<point>509.000000,922.000000</point>
				<point>512.000000,928.000000</point>
			</points>
		</object>
		<object>
			<coordinate>pixel</coordinate>
			<type>rectangle</type>
			<description>None</description>
			<possibleresult>
				<name>Van</name>
			</possibleresult>
			<points>
				<point>541.000000,926.000000</point>
				<point>525.000000,937.000000</point>
				<point>520.000000,931.000000</point>
				<point>537.000000,920.000000</point>
				<point>541.000000,926.000000</point>
			</points>
		</object>
		<object>
			<coordinate>pixel</coordinate>
			<type>rectangle</type>
			<description>None</description>
			<possibleresult>
				<name>Van</name>
			</possibleresult>
			<points>
				<point>553.000000,899.000000</point>
				<point>541.000000,908.000000</point>
				<point>537.000000,903.000000</point>
				<point>548.000000,894.000000</point>
				<point>553.000000,899.000000</point>
			</points>
		</object>
		<object>
			<coordinate>pixel</coordinate>
			<type>rectangle</type>
			<description>None</description>
			<possibleresult>
				<name>Small Car</name>
			</possibleresult>
			<points>
				<point>504.000000,861.000000</point>
				<point>492.000000,872.000000</point>
				<point>487.000000,866.000000</point>
				<point>499.000000,855.000000</point>
				<point>504.000000,861.000000</point>
			</points>
		</object>
		<object>
			<coordinate>pixel</coordinate>
			<type>rectangle</type>
			<description>None</description>
			<possibleresult>
				<name>Van</name>
			</possibleresult>
			<points>
				<point>537.000000,856.000000</point>
				<point>526.000000,866.000000</point>
				<point>521.000000,861.000000</point>
				<point>532.000000,850.000000</point>
				<point>537.000000,856.000000</point>
			</points>
		</object>
		<object>
			<coordinate>pixel</coordinate>
			<type>rectangle</type>
			<description>None</description>
			<possibleresult>
				<name>Small Car</name>
			</possibleresult>
			<points>
				<point>624.000000,855.000000</point>
				<point>608.000000,867.000000</point>
				<point>604.000000,860.000000</point>
				<point>619.000000,849.000000</point>
				<point>624.000000,855.000000</point>
			</points>
		</object>
		<object>
			<coordinate>pixel</coordinate>
			<type>rectangle</type>
			<description>None</description>
			<possibleresult>
				<name>Van</name>
			</possibleresult>
			<points>
				<point>660.000000,844.000000</point>
				<point>644.000000,855.000000</point>
				<point>639.000000,848.000000</point>
				<point>655.000000,836.000000</point>
				<point>660.000000,844.000000</point>
			</points>
		</object>
		<object>
			<coordinate>pixel</coordinate>
			<type>rectangle</type>
			<description>None</description>
			<possibleresult>
				<name>Small Car</name>
			</possibleresult>
			<points>
				<point>648.000000,826.000000</point>
				<point>636.000000,836.000000</point>
				<point>631.000000,830.000000</point>
				<point>643.000000,820.000000</point>
				<point>648.000000,826.000000</point>
			</points>
		</object>
		<object>
			<coordinate>pixel</coordinate>
			<type>rectangle</type>
			<description>None</description>
			<possibleresult>
				<name>Small Car</name>
			</possibleresult>
			<points>
				<point>804.000000,747.000000</point>
				<point>792.000000,757.000000</point>
				<point>787.000000,752.000000</point>
				<point>799.000000,741.000000</point>
				<point>804.000000,747.000000</point>
			</points>
		</object>
		<object>
			<coordinate>pixel</coordinate>
			<type>rectangle</type>
			<description>None</description>
			<possibleresult>
				<name>Van</name>
			</possibleresult>
			<points>
				<point>842.000000,704.000000</point>
				<point>826.000000,716.000000</point>
				<point>821.000000,710.000000</point>
				<point>836.000000,697.000000</point>
				<point>842.000000,704.000000</point>
			</points>
		</object>
		<object>
			<coordinate>pixel</coordinate>
			<type>rectangle</type>
			<description>None</description>
			<possibleresult>
				<name>Van</name>
			</possibleresult>
			<points>
				<point>833.000000,686.000000</point>
				<point>819.000000,697.000000</point>
				<point>814.000000,691.000000</point>
				<point>828.000000,680.000000</point>
				<point>833.000000,686.000000</point>
			</points>
		</object>
		<object>
			<coordinate>pixel</coordinate>
			<type>rectangle</type>
			<description>None</description>
			<possibleresult>
				<name>Van</name>
			</possibleresult>
			<points>
				<point>765.000000,655.000000</point>
				<point>754.000000,665.000000</point>
				<point>749.000000,659.000000</point>
				<point>760.000000,649.000000</point>
				<point>765.000000,655.000000</point>
			</points>
		</object>
		<object>
			<coordinate>pixel</coordinate>
			<type>rectangle</type>
			<description>None</description>
			<possibleresult>
				<name>Small Car</name>
			</possibleresult>
			<points>
				<point>827.000000,624.000000</point>
				<point>816.000000,635.000000</point>
				<point>810.000000,629.000000</point>
				<point>821.000000,618.000000</point>
				<point>827.000000,624.000000</point>
			</points>
		</object>
		<object>
			<coordinate>pixel</coordinate>
			<type>rectangle</type>
			<description>None</description>
			<possibleresult>
				<name>Van</name>
			</possibleresult>
			<points>
				<point>841.000000,598.000000</point>
				<point>827.000000,609.000000</point>
				<point>822.000000,603.000000</point>
				<point>836.000000,592.000000</point>
				<point>841.000000,598.000000</point>
			</points>
		</object>
		<object>
			<coordinate>pixel</coordinate>
			<type>rectangle</type>
			<description>None</description>
			<possibleresult>
				<name>Van</name>
			</possibleresult>
			<points>
				<point>907.000000,662.000000</point>
				<point>891.000000,673.000000</point>
				<point>886.000000,667.000000</point>
				<point>902.000000,656.000000</point>
				<point>907.000000,662.000000</point>
			</points>
		</object>
		<object>
			<coordinate>pixel</coordinate>
			<type>rectangle</type>
			<description>None</description>
			<possibleresult>
				<name>Van</name>
			</possibleresult>
			<points>
				<point>877.000000,700.000000</point>
				<point>864.000000,710.000000</point>
				<point>859.000000,705.000000</point>
				<point>872.000000,694.000000</point>
				<point>877.000000,700.000000</point>
			</points>
		</object>
		<object>
			<coordinate>pixel</coordinate>
			<type>rectangle</type>
			<description>None</description>
			<possibleresult>
				<name>Small Car</name>
			</possibleresult>
			<points>
				<point>924.000000,667.000000</point>
				<point>911.000000,678.000000</point>
				<point>906.000000,671.000000</point>
				<point>920.000000,661.000000</point>
				<point>924.000000,667.000000</point>
			</points>
		</object>
		<object>
			<coordinate>pixel</coordinate>
			<type>rectangle</type>
			<description>None</description>
			<possibleresult>
				<name>Small Car</name>
			</possibleresult>
			<points>
				<point>945.000000,637.000000</point>
				<point>930.000000,648.000000</point>
				<point>925.000000,642.000000</point>
				<point>940.000000,631.000000</point>
				<point>945.000000,637.000000</point>
			</points>
		</object>
		<object>
			<coordinate>pixel</coordinate>
			<type>rectangle</type>
			<description>None</description>
			<possibleresult>
				<name>Small Car</name>
			</possibleresult>
			<points>
				<point>975.000000,632.000000</point>
				<point>962.000000,642.000000</point>
				<point>957.000000,636.000000</point>
				<point>970.000000,626.000000</point>
				<point>975.000000,632.000000</point>
			</points>
		</object>
		<object>
			<coordinate>pixel</coordinate>
			<type>rectangle</type>
			<description>None</description>
			<possibleresult>
				<name>Small Car</name>
			</possibleresult>
			<points>
				<point>972.000000,618.000000</point>
				<point>957.000000,628.000000</point>
				<point>953.000000,622.000000</point>
				<point>968.000000,612.000000</point>
				<point>972.000000,618.000000</point>
			</points>
		</object>
		<object>
			<coordinate>pixel</coordinate>
			<type>rectangle</type>
			<description>None</description>
			<possibleresult>
				<name>Small Car</name>
			</possibleresult>
			<points>
				<point>1000.000000,599.000000</point>
				<point>987.000000,609.000000</point>
				<point>983.000000,603.000000</point>
				<point>996.000000,594.000000</point>
				<point>1000.000000,599.000000</point>
			</points>
		</object>
		<object>
			<coordinate>pixel</coordinate>
			<type>rectangle</type>
			<description>None</description>
			<possibleresult>
				<name>Van</name>
			</possibleresult>
			<points>
				<point>990.000000,560.000000</point>
				<point>985.000000,554.000000</point>
				<point>997.000000,544.000000</point>
				<point>1002.000000,550.000000</point>
				<point>990.000000,560.000000</point>
			</points>
		</object>
		<object>
			<coordinate>pixel</coordinate>
			<type>rectangle</type>
			<description>None</description>
			<possibleresult>
				<name>Van</name>
			</possibleresult>
			<points>
				<point>916.000000,540.000000</point>
				<point>904.000000,551.000000</point>
				<point>899.000000,545.000000</point>
				<point>912.000000,535.000000</point>
				<point>916.000000,540.000000</point>
			</points>
		</object>
		<object>
			<coordinate>pixel</coordinate>
			<type>rectangle</type>
			<description>None</description>
			<possibleresult>
				<name>other-vehicle</name>
			</possibleresult>
			<points>
				<point>962.000000,504.000000</point>
				<point>949.000000,516.000000</point>
				<point>944.000000,510.000000</point>
				<point>957.000000,498.000000</point>
				<point>962.000000,504.000000</point>
			</points>
		</object>
		<object>
			<coordinate>pixel</coordinate>
			<type>rectangle</type>
			<description>None</description>
			<possibleresult>
				<name>Football Field</name>
			</possibleresult>
			<points>
				<point>657.000000,607.000000</point>
				<point>333.000000,883.000000</point>
				<point>122.000000,731.000000</point>
				<point>446.000000,457.000000</point>
				<point>657.000000,607.000000</point>
			</points>
		</object>
	</objects>
</annotation>