<?xml version="1.0" encoding="utf-8"?>
<annotation>
	<source>
		<filename>5047.tif</filename>
		<origin>GF2/GF3</origin>
	</source>
	<research>
		<version>1.0</version>
		<provider>FAIR1M</provider>
		<author>Cyber</author>
		<pluginname>FAIR1M</pluginname>
		<pluginclass>object detection</pluginclass>
		<time>2021-07-21</time>
	</research>
	<size>
		<width>1000</width>
		<height>1000</height>
		<depth>3</depth>
	</size>
	<objects>
		<object>
			<coordinate>pixel</coordinate>
			<type>rectangle</type>
			<description>None</description>
			<possibleresult>
				<name>A220</name>
			</possibleresult>
			<points>
				<point>41.000000,95.000000</point>
				<point>-6.000000,95.000000</point>
				<point>-6.000000,140.000000</point>
				<point>41.000000,140.000000</point>
				<point>41.000000,95.000000</point>
			</points>
		</object>
		<object>
			<coordinate>pixel</coordinate>
			<type>rectangle</type>
			<description>None</description>
			<possibleresult>
				<name>A321</name>
			</possibleresult>
			<points>
				<point>113.000000,350.000000</point>
				<point>119.000000,294.000000</point>
				<point>76.000000,289.000000</point>
				<point>70.000000,345.000000</point>
				<point>113.000000,350.000000</point>
			</points>
		</object>
	</objects>
</annotation>