<?xml version="1.0" encoding="utf-8"?>
<annotation>
	<source>
		<filename>5084.tif</filename>
		<origin>GF2/GF3</origin>
	</source>
	<research>
		<version>1.0</version>
		<provider>FAIR1M</provider>
		<author>Cyber</author>
		<pluginname>FAIR1M</pluginname>
		<pluginclass>object detection</pluginclass>
		<time>2021-07-21</time>
	</research>
	<size>
		<width>1000</width>
		<height>1000</height>
		<depth>3</depth>
	</size>
	<objects>
		<object>
			<coordinate>pixel</coordinate>
			<type>rectangle</type>
			<description>None</description>
			<possibleresult>
				<name>Van</name>
			</possibleresult>
			<points>
				<point>914.498413,992.027710</point>
				<point>914.055542,1000.000000</point>
				<point>896.000366,1000.000000</point>
				<point>896.000000,991.000000</point>
				<point>914.498413,992.027710</point>
			</points>
		</object>
		<object>
			<coordinate>pixel</coordinate>
			<type>rectangle</type>
			<description>None</description>
			<possibleresult>
				<name>Van</name>
			</possibleresult>
			<points>
				<point>222.000000,567.000000</point>
				<point>221.000000,575.000000</point>
				<point>198.000000,571.000000</point>
				<point>199.000000,563.000000</point>
				<point>222.000000,567.000000</point>
			</points>
		</object>
		<object>
			<coordinate>pixel</coordinate>
			<type>rectangle</type>
			<description>None</description>
			<possibleresult>
				<name>Van</name>
			</possibleresult>
			<points>
				<point>218.000000,587.000000</point>
				<point>201.000000,588.000000</point>
				<point>201.000000,579.000000</point>
				<point>218.000000,578.000000</point>
				<point>218.000000,587.000000</point>
			</points>
		</object>
		<object>
			<coordinate>pixel</coordinate>
			<type>rectangle</type>
			<description>None</description>
			<possibleresult>
				<name>Intersection</name>
			</possibleresult>
			<points>
				<point>445.000000,346.000000</point>
				<point>364.000000,348.000000</point>
				<point>362.000000,291.000000</point>
				<point>443.000000,288.000000</point>
				<point>445.000000,346.000000</point>
			</points>
		</object>
		<object>
			<coordinate>pixel</coordinate>
			<type>rectangle</type>
			<description>None</description>
			<possibleresult>
				<name>Intersection</name>
			</possibleresult>
			<points>
				<point>875.000000,349.000000</point>
				<point>806.000000,349.000000</point>
				<point>806.000000,305.000000</point>
				<point>875.000000,305.000000</point>
				<point>875.000000,349.000000</point>
			</points>
		</object>
		<object>
			<coordinate>pixel</coordinate>
			<type>rectangle</type>
			<description>None</description>
			<possibleresult>
				<name>Van</name>
			</possibleresult>
			<points>
				<point>55.000000,971.000000</point>
				<point>36.000000,971.000000</point>
				<point>36.000000,964.000000</point>
				<point>55.000000,963.000000</point>
				<point>55.000000,971.000000</point>
			</points>
		</object>
		<object>
			<coordinate>pixel</coordinate>
			<type>rectangle</type>
			<description>None</description>
			<possibleresult>
				<name>Van</name>
			</possibleresult>
			<points>
				<point>80.000000,970.000000</point>
				<point>62.000000,970.000000</point>
				<point>62.000000,962.000000</point>
				<point>80.000000,963.000000</point>
				<point>80.000000,970.000000</point>
			</points>
		</object>
		<object>
			<coordinate>pixel</coordinate>
			<type>rectangle</type>
			<description>None</description>
			<possibleresult>
				<name>Van</name>
			</possibleresult>
			<points>
				<point>111.000000,971.000000</point>
				<point>87.000000,971.000000</point>
				<point>86.000000,963.000000</point>
				<point>111.000000,963.000000</point>
				<point>111.000000,971.000000</point>
			</points>
		</object>
		<object>
			<coordinate>pixel</coordinate>
			<type>rectangle</type>
			<description>None</description>
			<possibleresult>
				<name>Small Car</name>
			</possibleresult>
			<points>
				<point>157.000000,964.000000</point>
				<point>156.000000,972.000000</point>
				<point>137.000000,971.000000</point>
				<point>137.000000,963.000000</point>
				<point>157.000000,964.000000</point>
			</points>
		</object>
		<object>
			<coordinate>pixel</coordinate>
			<type>rectangle</type>
			<description>None</description>
			<possibleresult>
				<name>Dump Truck</name>
			</possibleresult>
			<points>
				<point>130.000000,986.000000</point>
				<point>95.000000,986.000000</point>
				<point>95.000000,978.000000</point>
				<point>130.000000,978.000000</point>
				<point>130.000000,986.000000</point>
			</points>
		</object>
		<object>
			<coordinate>pixel</coordinate>
			<type>rectangle</type>
			<description>None</description>
			<possibleresult>
				<name>Small Car</name>
			</possibleresult>
			<points>
				<point>241.000000,972.000000</point>
				<point>217.000000,972.000000</point>
				<point>216.000000,964.000000</point>
				<point>241.000000,963.000000</point>
				<point>241.000000,972.000000</point>
			</points>
		</object>
		<object>
			<coordinate>pixel</coordinate>
			<type>rectangle</type>
			<description>None</description>
			<possibleresult>
				<name>Small Car</name>
			</possibleresult>
			<points>
				<point>270.000000,972.000000</point>
				<point>245.000000,972.000000</point>
				<point>245.000000,964.000000</point>
				<point>270.000000,964.000000</point>
				<point>270.000000,972.000000</point>
			</points>
		</object>
		<object>
			<coordinate>pixel</coordinate>
			<type>rectangle</type>
			<description>None</description>
			<possibleresult>
				<name>Small Car</name>
			</possibleresult>
			<points>
				<point>297.000000,972.000000</point>
				<point>276.000000,973.000000</point>
				<point>276.000000,966.000000</point>
				<point>297.000000,966.000000</point>
				<point>297.000000,972.000000</point>
			</points>
		</object>
		<object>
			<coordinate>pixel</coordinate>
			<type>rectangle</type>
			<description>None</description>
			<possibleresult>
				<name>Van</name>
			</possibleresult>
			<points>
				<point>104.000000,913.000000</point>
				<point>93.000000,913.000000</point>
				<point>94.000000,896.000000</point>
				<point>104.000000,896.000000</point>
				<point>104.000000,913.000000</point>
			</points>
		</object>
		<object>
			<coordinate>pixel</coordinate>
			<type>rectangle</type>
			<description>None</description>
			<possibleresult>
				<name>Van</name>
			</possibleresult>
			<points>
				<point>57.000000,881.000000</point>
				<point>56.000000,895.000000</point>
				<point>47.000000,894.000000</point>
				<point>47.000000,880.000000</point>
				<point>57.000000,881.000000</point>
			</points>
		</object>
		<object>
			<coordinate>pixel</coordinate>
			<type>rectangle</type>
			<description>None</description>
			<possibleresult>
				<name>Van</name>
			</possibleresult>
			<points>
				<point>16.000000,920.000000</point>
				<point>8.000000,920.000000</point>
				<point>8.000000,904.000000</point>
				<point>15.000000,904.000000</point>
				<point>16.000000,920.000000</point>
			</points>
		</object>
		<object>
			<coordinate>pixel</coordinate>
			<type>rectangle</type>
			<description>None</description>
			<possibleresult>
				<name>Van</name>
			</possibleresult>
			<points>
				<point>393.000000,923.000000</point>
				<point>383.000000,923.000000</point>
				<point>383.000000,907.000000</point>
				<point>393.000000,907.000000</point>
				<point>393.000000,923.000000</point>
			</points>
		</object>
		<object>
			<coordinate>pixel</coordinate>
			<type>rectangle</type>
			<description>None</description>
			<possibleresult>
				<name>Van</name>
			</possibleresult>
			<points>
				<point>394.000000,797.000000</point>
				<point>382.000000,798.000000</point>
				<point>381.000000,780.000000</point>
				<point>393.000000,779.000000</point>
				<point>394.000000,797.000000</point>
			</points>
		</object>
		<object>
			<coordinate>pixel</coordinate>
			<type>rectangle</type>
			<description>None</description>
			<possibleresult>
				<name>Van</name>
			</possibleresult>
			<points>
				<point>394.000000,773.000000</point>
				<point>385.000000,773.000000</point>
				<point>385.000000,757.000000</point>
				<point>394.000000,757.000000</point>
				<point>394.000000,773.000000</point>
			</points>
		</object>
		<object>
			<coordinate>pixel</coordinate>
			<type>rectangle</type>
			<description>None</description>
			<possibleresult>
				<name>Van</name>
			</possibleresult>
			<points>
				<point>424.000000,836.000000</point>
				<point>415.000000,836.000000</point>
				<point>414.000000,817.000000</point>
				<point>423.000000,816.000000</point>
				<point>424.000000,836.000000</point>
			</points>
		</object>
		<object>
			<coordinate>pixel</coordinate>
			<type>rectangle</type>
			<description>None</description>
			<possibleresult>
				<name>Small Car</name>
			</possibleresult>
			<points>
				<point>466.000000,852.000000</point>
				<point>464.000000,860.000000</point>
				<point>443.000000,856.000000</point>
				<point>445.000000,847.000000</point>
				<point>466.000000,852.000000</point>
			</points>
		</object>
		<object>
			<coordinate>pixel</coordinate>
			<type>rectangle</type>
			<description>None</description>
			<possibleresult>
				<name>Small Car</name>
			</possibleresult>
			<points>
				<point>423.000000,757.000000</point>
				<point>422.000000,775.000000</point>
				<point>413.000000,775.000000</point>
				<point>413.000000,757.000000</point>
				<point>423.000000,757.000000</point>
			</points>
		</object>
		<object>
			<coordinate>pixel</coordinate>
			<type>rectangle</type>
			<description>None</description>
			<possibleresult>
				<name>Small Car</name>
			</possibleresult>
			<points>
				<point>424.000000,723.000000</point>
				<point>423.000000,742.000000</point>
				<point>413.000000,742.000000</point>
				<point>413.000000,723.000000</point>
				<point>424.000000,723.000000</point>
			</points>
		</object>
		<object>
			<coordinate>pixel</coordinate>
			<type>rectangle</type>
			<description>None</description>
			<possibleresult>
				<name>Small Car</name>
			</possibleresult>
			<points>
				<point>424.000000,715.000000</point>
				<point>414.000000,715.000000</point>
				<point>414.000000,698.000000</point>
				<point>423.000000,697.000000</point>
				<point>424.000000,715.000000</point>
			</points>
		</object>
		<object>
			<coordinate>pixel</coordinate>
			<type>rectangle</type>
			<description>None</description>
			<possibleresult>
				<name>Van</name>
			</possibleresult>
			<points>
				<point>395.000000,659.000000</point>
				<point>394.000000,678.000000</point>
				<point>383.000000,677.000000</point>
				<point>383.000000,659.000000</point>
				<point>395.000000,659.000000</point>
			</points>
		</object>
		<object>
			<coordinate>pixel</coordinate>
			<type>rectangle</type>
			<description>None</description>
			<possibleresult>
				<name>Small Car</name>
			</possibleresult>
			<points>
				<point>396.000000,620.000000</point>
				<point>386.000000,620.000000</point>
				<point>386.000000,601.000000</point>
				<point>396.000000,601.000000</point>
				<point>396.000000,620.000000</point>
			</points>
		</object>
		<object>
			<coordinate>pixel</coordinate>
			<type>rectangle</type>
			<description>None</description>
			<possibleresult>
				<name>Van</name>
			</possibleresult>
			<points>
				<point>424.000000,582.000000</point>
				<point>415.000000,582.000000</point>
				<point>416.000000,566.000000</point>
				<point>424.000000,566.000000</point>
				<point>424.000000,582.000000</point>
			</points>
		</object>
		<object>
			<coordinate>pixel</coordinate>
			<type>rectangle</type>
			<description>None</description>
			<possibleresult>
				<name>Small Car</name>
			</possibleresult>
			<points>
				<point>397.000000,505.000000</point>
				<point>396.000000,523.000000</point>
				<point>385.000000,522.000000</point>
				<point>386.000000,504.000000</point>
				<point>397.000000,505.000000</point>
			</points>
		</object>
		<object>
			<coordinate>pixel</coordinate>
			<type>rectangle</type>
			<description>None</description>
			<possibleresult>
				<name>Van</name>
			</possibleresult>
			<points>
				<point>424.000000,519.000000</point>
				<point>413.000000,519.000000</point>
				<point>413.000000,502.000000</point>
				<point>424.000000,502.000000</point>
				<point>424.000000,519.000000</point>
			</points>
		</object>
		<object>
			<coordinate>pixel</coordinate>
			<type>rectangle</type>
			<description>None</description>
			<possibleresult>
				<name>Van</name>
			</possibleresult>
			<points>
				<point>426.000000,495.000000</point>
				<point>411.000000,494.000000</point>
				<point>412.000000,474.000000</point>
				<point>426.000000,474.000000</point>
				<point>426.000000,495.000000</point>
			</points>
		</object>
		<object>
			<coordinate>pixel</coordinate>
			<type>rectangle</type>
			<description>None</description>
			<possibleresult>
				<name>Small Car</name>
			</possibleresult>
			<points>
				<point>425.000000,471.000000</point>
				<point>415.000000,471.000000</point>
				<point>415.000000,454.000000</point>
				<point>425.000000,453.000000</point>
				<point>425.000000,471.000000</point>
			</points>
		</object>
		<object>
			<coordinate>pixel</coordinate>
			<type>rectangle</type>
			<description>None</description>
			<possibleresult>
				<name>Small Car</name>
			</possibleresult>
			<points>
				<point>396.000000,445.000000</point>
				<point>395.000000,461.000000</point>
				<point>386.000000,461.000000</point>
				<point>386.000000,444.000000</point>
				<point>396.000000,445.000000</point>
			</points>
		</object>
		<object>
			<coordinate>pixel</coordinate>
			<type>rectangle</type>
			<description>None</description>
			<possibleresult>
				<name>Small Car</name>
			</possibleresult>
			<points>
				<point>395.000000,428.000000</point>
				<point>383.000000,428.000000</point>
				<point>383.000000,410.000000</point>
				<point>395.000000,410.000000</point>
				<point>395.000000,428.000000</point>
			</points>
		</object>
		<object>
			<coordinate>pixel</coordinate>
			<type>rectangle</type>
			<description>None</description>
			<possibleresult>
				<name>Small Car</name>
			</possibleresult>
			<points>
				<point>446.000000,325.000000</point>
				<point>422.000000,333.000000</point>
				<point>420.000000,325.000000</point>
				<point>444.000000,318.000000</point>
				<point>446.000000,325.000000</point>
			</points>
		</object>
		<object>
			<coordinate>pixel</coordinate>
			<type>rectangle</type>
			<description>None</description>
			<possibleresult>
				<name>Small Car</name>
			</possibleresult>
			<points>
				<point>429.000000,227.000000</point>
				<point>418.000000,227.000000</point>
				<point>417.000000,206.000000</point>
				<point>429.000000,205.000000</point>
				<point>429.000000,227.000000</point>
			</points>
		</object>
		<object>
			<coordinate>pixel</coordinate>
			<type>rectangle</type>
			<description>None</description>
			<possibleresult>
				<name>Van</name>
			</possibleresult>
			<points>
				<point>397.000000,232.000000</point>
				<point>388.000000,232.000000</point>
				<point>388.000000,215.000000</point>
				<point>397.000000,215.000000</point>
				<point>397.000000,232.000000</point>
			</points>
		</object>
		<object>
			<coordinate>pixel</coordinate>
			<type>rectangle</type>
			<description>None</description>
			<possibleresult>
				<name>Van</name>
			</possibleresult>
			<points>
				<point>398.000000,174.000000</point>
				<point>397.000000,189.000000</point>
				<point>387.000000,188.000000</point>
				<point>388.000000,173.000000</point>
				<point>398.000000,174.000000</point>
			</points>
		</object>
		<object>
			<coordinate>pixel</coordinate>
			<type>rectangle</type>
			<description>None</description>
			<possibleresult>
				<name>Van</name>
			</possibleresult>
			<points>
				<point>428.000000,186.000000</point>
				<point>417.000000,186.000000</point>
				<point>417.000000,167.000000</point>
				<point>427.000000,167.000000</point>
				<point>428.000000,186.000000</point>
			</points>
		</object>
		<object>
			<coordinate>pixel</coordinate>
			<type>rectangle</type>
			<description>None</description>
			<possibleresult>
				<name>Van</name>
			</possibleresult>
			<points>
				<point>398.000000,147.000000</point>
				<point>387.000000,146.000000</point>
				<point>388.000000,127.000000</point>
				<point>398.000000,128.000000</point>
				<point>398.000000,147.000000</point>
			</points>
		</object>
		<object>
			<coordinate>pixel</coordinate>
			<type>rectangle</type>
			<description>None</description>
			<possibleresult>
				<name>Van</name>
			</possibleresult>
			<points>
				<point>397.000000,94.000000</point>
				<point>387.000000,94.000000</point>
				<point>388.000000,79.000000</point>
				<point>397.000000,79.000000</point>
				<point>397.000000,94.000000</point>
			</points>
		</object>
		<object>
			<coordinate>pixel</coordinate>
			<type>rectangle</type>
			<description>None</description>
			<possibleresult>
				<name>Van</name>
			</possibleresult>
			<points>
				<point>429.000000,105.000000</point>
				<point>427.000000,125.000000</point>
				<point>416.000000,124.000000</point>
				<point>417.000000,104.000000</point>
				<point>429.000000,105.000000</point>
			</points>
		</object>
		<object>
			<coordinate>pixel</coordinate>
			<type>rectangle</type>
			<description>None</description>
			<possibleresult>
				<name>Small Car</name>
			</possibleresult>
			<points>
				<point>429.000000,47.000000</point>
				<point>428.000000,65.000000</point>
				<point>419.000000,65.000000</point>
				<point>419.000000,47.000000</point>
				<point>429.000000,47.000000</point>
			</points>
		</object>
		<object>
			<coordinate>pixel</coordinate>
			<type>rectangle</type>
			<description>None</description>
			<possibleresult>
				<name>Small Car</name>
			</possibleresult>
			<points>
				<point>396.000000,57.000000</point>
				<point>387.000000,57.000000</point>
				<point>388.000000,38.000000</point>
				<point>396.000000,38.000000</point>
				<point>396.000000,57.000000</point>
			</points>
		</object>
		<object>
			<coordinate>pixel</coordinate>
			<type>rectangle</type>
			<description>None</description>
			<possibleresult>
				<name>Small Car</name>
			</possibleresult>
			<points>
				<point>220.000000,31.000000</point>
				<point>205.000000,44.000000</point>
				<point>200.000000,38.000000</point>
				<point>214.000000,25.000000</point>
				<point>220.000000,31.000000</point>
			</points>
		</object>
		<object>
			<coordinate>pixel</coordinate>
			<type>rectangle</type>
			<description>None</description>
			<possibleresult>
				<name>Van</name>
			</possibleresult>
			<points>
				<point>227.000000,22.000000</point>
				<point>205.000000,21.000000</point>
				<point>206.000000,13.000000</point>
				<point>227.000000,13.000000</point>
				<point>227.000000,22.000000</point>
			</points>
		</object>
		<object>
			<coordinate>pixel</coordinate>
			<type>rectangle</type>
			<description>None</description>
			<possibleresult>
				<name>Van</name>
			</possibleresult>
			<points>
				<point>231.000000,69.000000</point>
				<point>230.000000,76.000000</point>
				<point>210.000000,75.000000</point>
				<point>210.000000,68.000000</point>
				<point>231.000000,69.000000</point>
			</points>
		</object>
		<object>
			<coordinate>pixel</coordinate>
			<type>rectangle</type>
			<description>None</description>
			<possibleresult>
				<name>Van</name>
			</possibleresult>
			<points>
				<point>348.000000,117.000000</point>
				<point>327.000000,117.000000</point>
				<point>327.000000,109.000000</point>
				<point>348.000000,109.000000</point>
				<point>348.000000,117.000000</point>
			</points>
		</object>
		<object>
			<coordinate>pixel</coordinate>
			<type>rectangle</type>
			<description>None</description>
			<possibleresult>
				<name>Small Car</name>
			</possibleresult>
			<points>
				<point>835.000000,57.000000</point>
				<point>834.000000,74.000000</point>
				<point>824.000000,73.000000</point>
				<point>825.000000,57.000000</point>
				<point>835.000000,57.000000</point>
			</points>
		</object>
		<object>
			<coordinate>pixel</coordinate>
			<type>rectangle</type>
			<description>None</description>
			<possibleresult>
				<name>Van</name>
			</possibleresult>
			<points>
				<point>836.000000,130.000000</point>
				<point>825.000000,131.000000</point>
				<point>825.000000,111.000000</point>
				<point>835.000000,110.000000</point>
				<point>836.000000,130.000000</point>
			</points>
		</object>
		<object>
			<coordinate>pixel</coordinate>
			<type>rectangle</type>
			<description>None</description>
			<possibleresult>
				<name>Dump Truck</name>
			</possibleresult>
			<points>
				<point>836.000000,157.000000</point>
				<point>825.000000,156.000000</point>
				<point>825.000000,135.000000</point>
				<point>836.000000,136.000000</point>
				<point>836.000000,157.000000</point>
			</points>
		</object>
		<object>
			<coordinate>pixel</coordinate>
			<type>rectangle</type>
			<description>None</description>
			<possibleresult>
				<name>Small Car</name>
			</possibleresult>
			<points>
				<point>833.000000,215.000000</point>
				<point>825.000000,215.000000</point>
				<point>825.000000,201.000000</point>
				<point>833.000000,201.000000</point>
				<point>833.000000,215.000000</point>
			</points>
		</object>
		<object>
			<coordinate>pixel</coordinate>
			<type>rectangle</type>
			<description>None</description>
			<possibleresult>
				<name>Small Car</name>
			</possibleresult>
			<points>
				<point>835.000000,236.000000</point>
				<point>825.000000,237.000000</point>
				<point>824.000000,216.000000</point>
				<point>834.000000,216.000000</point>
				<point>835.000000,236.000000</point>
			</points>
		</object>
		<object>
			<coordinate>pixel</coordinate>
			<type>rectangle</type>
			<description>None</description>
			<possibleresult>
				<name>Small Car</name>
			</possibleresult>
			<points>
				<point>833.000000,256.000000</point>
				<point>823.000000,256.000000</point>
				<point>823.000000,237.000000</point>
				<point>833.000000,237.000000</point>
				<point>833.000000,256.000000</point>
			</points>
		</object>
		<object>
			<coordinate>pixel</coordinate>
			<type>rectangle</type>
			<description>None</description>
			<possibleresult>
				<name>Van</name>
			</possibleresult>
			<points>
				<point>847.000000,294.000000</point>
				<point>838.000000,294.000000</point>
				<point>837.000000,277.000000</point>
				<point>846.000000,277.000000</point>
				<point>847.000000,294.000000</point>
			</points>
		</object>
		<object>
			<coordinate>pixel</coordinate>
			<type>rectangle</type>
			<description>None</description>
			<possibleresult>
				<name>Van</name>
			</possibleresult>
			<points>
				<point>970.000000,316.000000</point>
				<point>944.000000,316.000000</point>
				<point>944.000000,307.000000</point>
				<point>970.000000,307.000000</point>
				<point>970.000000,316.000000</point>
			</points>
		</object>
		<object>
			<coordinate>pixel</coordinate>
			<type>rectangle</type>
			<description>None</description>
			<possibleresult>
				<name>Van</name>
			</possibleresult>
			<points>
				<point>1000.000000,315.000000</point>
				<point>985.000000,315.000000</point>
				<point>985.000000,308.000000</point>
				<point>1000.000000,308.000000</point>
				<point>1000.000000,315.000000</point>
			</points>
		</object>
		<object>
			<coordinate>pixel</coordinate>
			<type>rectangle</type>
			<description>None</description>
			<possibleresult>
				<name>Small Car</name>
			</possibleresult>
			<points>
				<point>868.000000,328.000000</point>
				<point>847.000000,328.000000</point>
				<point>847.000000,320.000000</point>
				<point>868.000000,321.000000</point>
				<point>868.000000,328.000000</point>
			</points>
		</object>
		<object>
			<coordinate>pixel</coordinate>
			<type>rectangle</type>
			<description>None</description>
			<possibleresult>
				<name>Small Car</name>
			</possibleresult>
			<points>
				<point>568.000000,346.000000</point>
				<point>542.000000,346.000000</point>
				<point>542.000000,337.000000</point>
				<point>568.000000,337.000000</point>
				<point>568.000000,346.000000</point>
			</points>
		</object>
		<object>
			<coordinate>pixel</coordinate>
			<type>rectangle</type>
			<description>None</description>
			<possibleresult>
				<name>Van</name>
			</possibleresult>
			<points>
				<point>541.000000,346.000000</point>
				<point>519.000000,346.000000</point>
				<point>519.000000,338.000000</point>
				<point>540.000000,337.000000</point>
				<point>541.000000,346.000000</point>
			</points>
		</object>
		<object>
			<coordinate>pixel</coordinate>
			<type>rectangle</type>
			<description>None</description>
			<possibleresult>
				<name>Dump Truck</name>
			</possibleresult>
			<points>
				<point>718.000000,348.000000</point>
				<point>686.000000,348.000000</point>
				<point>686.000000,337.000000</point>
				<point>718.000000,337.000000</point>
				<point>718.000000,348.000000</point>
			</points>
		</object>
		<object>
			<coordinate>pixel</coordinate>
			<type>rectangle</type>
			<description>None</description>
			<possibleresult>
				<name>Van</name>
			</possibleresult>
			<points>
				<point>761.000000,348.000000</point>
				<point>729.000000,347.000000</point>
				<point>729.000000,336.000000</point>
				<point>761.000000,337.000000</point>
				<point>761.000000,348.000000</point>
			</points>
		</object>
		<object>
			<coordinate>pixel</coordinate>
			<type>rectangle</type>
			<description>None</description>
			<possibleresult>
				<name>Van</name>
			</possibleresult>
			<points>
				<point>612.000000,522.000000</point>
				<point>611.000000,537.000000</point>
				<point>604.000000,536.000000</point>
				<point>604.000000,522.000000</point>
				<point>612.000000,522.000000</point>
			</points>
		</object>
		<object>
			<coordinate>pixel</coordinate>
			<type>rectangle</type>
			<description>None</description>
			<possibleresult>
				<name>Van</name>
			</possibleresult>
			<points>
				<point>613.000000,506.000000</point>
				<point>595.000000,505.000000</point>
				<point>595.000000,499.000000</point>
				<point>613.000000,499.000000</point>
				<point>613.000000,506.000000</point>
			</points>
		</object>
		<object>
			<coordinate>pixel</coordinate>
			<type>rectangle</type>
			<description>None</description>
			<possibleresult>
				<name>Van</name>
			</possibleresult>
			<points>
				<point>612.000000,551.000000</point>
				<point>611.000000,567.000000</point>
				<point>602.000000,567.000000</point>
				<point>603.000000,550.000000</point>
				<point>612.000000,551.000000</point>
			</points>
		</object>
		<object>
			<coordinate>pixel</coordinate>
			<type>rectangle</type>
			<description>None</description>
			<possibleresult>
				<name>Van</name>
			</possibleresult>
			<points>
				<point>655.000000,586.000000</point>
				<point>636.000000,586.000000</point>
				<point>636.000000,579.000000</point>
				<point>654.000000,579.000000</point>
				<point>655.000000,586.000000</point>
			</points>
		</object>
		<object>
			<coordinate>pixel</coordinate>
			<type>rectangle</type>
			<description>None</description>
			<possibleresult>
				<name>Van</name>
			</possibleresult>
			<points>
				<point>651.000000,577.000000</point>
				<point>635.000000,576.000000</point>
				<point>635.000000,568.000000</point>
				<point>651.000000,568.000000</point>
				<point>651.000000,577.000000</point>
			</points>
		</object>
		<object>
			<coordinate>pixel</coordinate>
			<type>rectangle</type>
			<description>None</description>
			<possibleresult>
				<name>Small Car</name>
			</possibleresult>
			<points>
				<point>615.000000,759.000000</point>
				<point>614.000000,776.000000</point>
				<point>607.000000,776.000000</point>
				<point>608.000000,759.000000</point>
				<point>615.000000,759.000000</point>
			</points>
		</object>
		<object>
			<coordinate>pixel</coordinate>
			<type>rectangle</type>
			<description>None</description>
			<possibleresult>
				<name>Van</name>
			</possibleresult>
			<points>
				<point>615.000000,790.000000</point>
				<point>609.000000,790.000000</point>
				<point>609.000000,777.000000</point>
				<point>615.000000,777.000000</point>
				<point>615.000000,790.000000</point>
			</points>
		</object>
		<object>
			<coordinate>pixel</coordinate>
			<type>rectangle</type>
			<description>None</description>
			<possibleresult>
				<name>Van</name>
			</possibleresult>
			<points>
				<point>511.000000,834.000000</point>
				<point>502.000000,834.000000</point>
				<point>502.000000,819.000000</point>
				<point>511.000000,819.000000</point>
				<point>511.000000,834.000000</point>
			</points>
		</object>
		<object>
			<coordinate>pixel</coordinate>
			<type>rectangle</type>
			<description>None</description>
			<possibleresult>
				<name>Small Car</name>
			</possibleresult>
			<points>
				<point>535.000000,835.000000</point>
				<point>525.000000,835.000000</point>
				<point>525.000000,817.000000</point>
				<point>534.000000,817.000000</point>
				<point>535.000000,835.000000</point>
			</points>
		</object>
		<object>
			<coordinate>pixel</coordinate>
			<type>rectangle</type>
			<description>None</description>
			<possibleresult>
				<name>Small Car</name>
			</possibleresult>
			<points>
				<point>545.000000,833.000000</point>
				<point>535.000000,833.000000</point>
				<point>536.000000,818.000000</point>
				<point>545.000000,818.000000</point>
				<point>545.000000,833.000000</point>
			</points>
		</object>
		<object>
			<coordinate>pixel</coordinate>
			<type>rectangle</type>
			<description>None</description>
			<possibleresult>
				<name>Van</name>
			</possibleresult>
			<points>
				<point>558.000000,833.000000</point>
				<point>551.000000,833.000000</point>
				<point>550.000000,819.000000</point>
				<point>558.000000,818.000000</point>
				<point>558.000000,833.000000</point>
			</points>
		</object>
		<object>
			<coordinate>pixel</coordinate>
			<type>rectangle</type>
			<description>None</description>
			<possibleresult>
				<name>Small Car</name>
			</possibleresult>
			<points>
				<point>517.000000,876.000000</point>
				<point>506.000000,876.000000</point>
				<point>505.000000,861.000000</point>
				<point>516.000000,860.000000</point>
				<point>517.000000,876.000000</point>
			</points>
		</object>
		<object>
			<coordinate>pixel</coordinate>
			<type>rectangle</type>
			<description>None</description>
			<possibleresult>
				<name>Van</name>
			</possibleresult>
			<points>
				<point>529.000000,878.000000</point>
				<point>519.000000,878.000000</point>
				<point>519.000000,860.000000</point>
				<point>529.000000,860.000000</point>
				<point>529.000000,878.000000</point>
			</points>
		</object>
		<object>
			<coordinate>pixel</coordinate>
			<type>rectangle</type>
			<description>None</description>
			<possibleresult>
				<name>Small Car</name>
			</possibleresult>
			<points>
				<point>539.000000,877.000000</point>
				<point>529.000000,877.000000</point>
				<point>529.000000,859.000000</point>
				<point>539.000000,859.000000</point>
				<point>539.000000,877.000000</point>
			</points>
		</object>
		<object>
			<coordinate>pixel</coordinate>
			<type>rectangle</type>
			<description>None</description>
			<possibleresult>
				<name>Van</name>
			</possibleresult>
			<points>
				<point>551.000000,876.000000</point>
				<point>541.000000,876.000000</point>
				<point>541.000000,859.000000</point>
				<point>551.000000,859.000000</point>
				<point>551.000000,876.000000</point>
			</points>
		</object>
		<object>
			<coordinate>pixel</coordinate>
			<type>rectangle</type>
			<description>None</description>
			<possibleresult>
				<name>Van</name>
			</possibleresult>
			<points>
				<point>575.000000,876.000000</point>
				<point>566.000000,876.000000</point>
				<point>566.000000,860.000000</point>
				<point>575.000000,860.000000</point>
				<point>575.000000,876.000000</point>
			</points>
		</object>
		<object>
			<coordinate>pixel</coordinate>
			<type>rectangle</type>
			<description>None</description>
			<possibleresult>
				<name>Van</name>
			</possibleresult>
			<points>
				<point>588.000000,861.000000</point>
				<point>587.000000,877.000000</point>
				<point>577.000000,877.000000</point>
				<point>578.000000,860.000000</point>
				<point>588.000000,861.000000</point>
			</points>
		</object>
		<object>
			<coordinate>pixel</coordinate>
			<type>rectangle</type>
			<description>None</description>
			<possibleresult>
				<name>Small Car</name>
			</possibleresult>
			<points>
				<point>516.000000,893.000000</point>
				<point>508.000000,894.000000</point>
				<point>507.000000,878.000000</point>
				<point>516.000000,878.000000</point>
				<point>516.000000,893.000000</point>
			</points>
		</object>
		<object>
			<coordinate>pixel</coordinate>
			<type>rectangle</type>
			<description>None</description>
			<possibleresult>
				<name>Small Car</name>
			</possibleresult>
			<points>
				<point>528.000000,894.000000</point>
				<point>519.000000,894.000000</point>
				<point>518.000000,878.000000</point>
				<point>527.000000,878.000000</point>
				<point>528.000000,894.000000</point>
			</points>
		</object>
		<object>
			<coordinate>pixel</coordinate>
			<type>rectangle</type>
			<description>None</description>
			<possibleresult>
				<name>Small Car</name>
			</possibleresult>
			<points>
				<point>539.000000,896.000000</point>
				<point>530.000000,896.000000</point>
				<point>530.000000,880.000000</point>
				<point>539.000000,880.000000</point>
				<point>539.000000,896.000000</point>
			</points>
		</object>
		<object>
			<coordinate>pixel</coordinate>
			<type>rectangle</type>
			<description>None</description>
			<possibleresult>
				<name>Van</name>
			</possibleresult>
			<points>
				<point>551.000000,895.000000</point>
				<point>542.000000,895.000000</point>
				<point>541.000000,878.000000</point>
				<point>551.000000,878.000000</point>
				<point>551.000000,895.000000</point>
			</points>
		</object>
		<object>
			<coordinate>pixel</coordinate>
			<type>rectangle</type>
			<description>None</description>
			<possibleresult>
				<name>Van</name>
			</possibleresult>
			<points>
				<point>564.000000,894.000000</point>
				<point>553.000000,894.000000</point>
				<point>553.000000,879.000000</point>
				<point>564.000000,879.000000</point>
				<point>564.000000,894.000000</point>
			</points>
		</object>
		<object>
			<coordinate>pixel</coordinate>
			<type>rectangle</type>
			<description>None</description>
			<possibleresult>
				<name>Van</name>
			</possibleresult>
			<points>
				<point>576.000000,894.000000</point>
				<point>566.000000,895.000000</point>
				<point>566.000000,878.000000</point>
				<point>576.000000,878.000000</point>
				<point>576.000000,894.000000</point>
			</points>
		</object>
		<object>
			<coordinate>pixel</coordinate>
			<type>rectangle</type>
			<description>None</description>
			<possibleresult>
				<name>Van</name>
			</possibleresult>
			<points>
				<point>587.000000,894.000000</point>
				<point>578.000000,894.000000</point>
				<point>579.000000,879.000000</point>
				<point>587.000000,879.000000</point>
				<point>587.000000,894.000000</point>
			</points>
		</object>
		<object>
			<coordinate>pixel</coordinate>
			<type>rectangle</type>
			<description>None</description>
			<possibleresult>
				<name>Van</name>
			</possibleresult>
			<points>
				<point>600.000000,895.000000</point>
				<point>590.000000,896.000000</point>
				<point>590.000000,881.000000</point>
				<point>600.000000,881.000000</point>
				<point>600.000000,895.000000</point>
			</points>
		</object>
		<object>
			<coordinate>pixel</coordinate>
			<type>rectangle</type>
			<description>None</description>
			<possibleresult>
				<name>Small Car</name>
			</possibleresult>
			<points>
				<point>519.000000,937.000000</point>
				<point>510.000000,937.000000</point>
				<point>510.000000,922.000000</point>
				<point>519.000000,922.000000</point>
				<point>519.000000,937.000000</point>
			</points>
		</object>
		<object>
			<coordinate>pixel</coordinate>
			<type>rectangle</type>
			<description>None</description>
			<possibleresult>
				<name>Van</name>
			</possibleresult>
			<points>
				<point>533.000000,937.000000</point>
				<point>524.000000,937.000000</point>
				<point>523.000000,920.000000</point>
				<point>532.000000,920.000000</point>
				<point>533.000000,937.000000</point>
			</points>
		</object>
		<object>
			<coordinate>pixel</coordinate>
			<type>rectangle</type>
			<description>None</description>
			<possibleresult>
				<name>Van</name>
			</possibleresult>
			<points>
				<point>546.000000,974.000000</point>
				<point>521.000000,973.000000</point>
				<point>522.000000,965.000000</point>
				<point>546.000000,965.000000</point>
				<point>546.000000,974.000000</point>
			</points>
		</object>
		<object>
			<coordinate>pixel</coordinate>
			<type>rectangle</type>
			<description>None</description>
			<possibleresult>
				<name>Dump Truck</name>
			</possibleresult>
			<points>
				<point>619.000000,974.000000</point>
				<point>594.000000,975.000000</point>
				<point>594.000000,968.000000</point>
				<point>619.000000,967.000000</point>
				<point>619.000000,974.000000</point>
			</points>
		</object>
		<object>
			<coordinate>pixel</coordinate>
			<type>rectangle</type>
			<description>None</description>
			<possibleresult>
				<name>Small Car</name>
			</possibleresult>
			<points>
				<point>646.000000,975.000000</point>
				<point>622.000000,975.000000</point>
				<point>622.000000,966.000000</point>
				<point>645.000000,966.000000</point>
				<point>646.000000,975.000000</point>
			</points>
		</object>
		<object>
			<coordinate>pixel</coordinate>
			<type>rectangle</type>
			<description>None</description>
			<possibleresult>
				<name>Dump Truck</name>
			</possibleresult>
			<points>
				<point>691.000000,969.000000</point>
				<point>690.000000,976.000000</point>
				<point>665.000000,975.000000</point>
				<point>665.000000,968.000000</point>
				<point>691.000000,969.000000</point>
			</points>
		</object>
		<object>
			<coordinate>pixel</coordinate>
			<type>rectangle</type>
			<description>None</description>
			<possibleresult>
				<name>Small Car</name>
			</possibleresult>
			<points>
				<point>829.000000,942.000000</point>
				<point>827.000000,958.000000</point>
				<point>818.000000,958.000000</point>
				<point>819.000000,941.000000</point>
				<point>829.000000,942.000000</point>
			</points>
		</object>
		<object>
			<coordinate>pixel</coordinate>
			<type>rectangle</type>
			<description>None</description>
			<possibleresult>
				<name>Small Car</name>
			</possibleresult>
			<points>
				<point>832.000000,663.000000</point>
				<point>823.000000,663.000000</point>
				<point>822.000000,646.000000</point>
				<point>832.000000,646.000000</point>
				<point>832.000000,663.000000</point>
			</points>
		</object>
		<object>
			<coordinate>pixel</coordinate>
			<type>rectangle</type>
			<description>None</description>
			<possibleresult>
				<name>Small Car</name>
			</possibleresult>
			<points>
				<point>831.000000,679.000000</point>
				<point>823.000000,678.000000</point>
				<point>823.000000,663.000000</point>
				<point>831.000000,664.000000</point>
				<point>831.000000,679.000000</point>
			</points>
		</object>
		<object>
			<coordinate>pixel</coordinate>
			<type>rectangle</type>
			<description>None</description>
			<possibleresult>
				<name>Small Car</name>
			</possibleresult>
			<points>
				<point>831.000000,610.000000</point>
				<point>821.000000,609.000000</point>
				<point>822.000000,594.000000</point>
				<point>831.000000,594.000000</point>
				<point>831.000000,610.000000</point>
			</points>
		</object>
		<object>
			<coordinate>pixel</coordinate>
			<type>rectangle</type>
			<description>None</description>
			<possibleresult>
				<name>Van</name>
			</possibleresult>
			<points>
				<point>832.000000,555.000000</point>
				<point>823.000000,555.000000</point>
				<point>823.000000,538.000000</point>
				<point>832.000000,538.000000</point>
				<point>832.000000,555.000000</point>
			</points>
		</object>
		<object>
			<coordinate>pixel</coordinate>
			<type>rectangle</type>
			<description>None</description>
			<possibleresult>
				<name>Van</name>
			</possibleresult>
			<points>
				<point>832.000000,533.000000</point>
				<point>822.000000,533.000000</point>
				<point>822.000000,516.000000</point>
				<point>831.000000,515.000000</point>
				<point>832.000000,533.000000</point>
			</points>
		</object>
		<object>
			<coordinate>pixel</coordinate>
			<type>rectangle</type>
			<description>None</description>
			<possibleresult>
				<name>Small Car</name>
			</possibleresult>
			<points>
				<point>833.000000,493.000000</point>
				<point>832.000000,510.000000</point>
				<point>823.000000,510.000000</point>
				<point>823.000000,493.000000</point>
				<point>833.000000,493.000000</point>
			</points>
		</object>
		<object>
			<coordinate>pixel</coordinate>
			<type>rectangle</type>
			<description>None</description>
			<possibleresult>
				<name>Van</name>
			</possibleresult>
			<points>
				<point>833.000000,444.000000</point>
				<point>832.000000,463.000000</point>
				<point>820.000000,462.000000</point>
				<point>820.000000,444.000000</point>
				<point>833.000000,444.000000</point>
			</points>
		</object>
		<object>
			<coordinate>pixel</coordinate>
			<type>rectangle</type>
			<description>None</description>
			<possibleresult>
				<name>Van</name>
			</possibleresult>
			<points>
				<point>835.000000,424.000000</point>
				<point>834.000000,444.000000</point>
				<point>822.000000,444.000000</point>
				<point>823.000000,423.000000</point>
				<point>835.000000,424.000000</point>
			</points>
		</object>
		<object>
			<coordinate>pixel</coordinate>
			<type>rectangle</type>
			<description>None</description>
			<possibleresult>
				<name>Cargo Truck</name>
			</possibleresult>
			<points>
				<point>836.000000,385.000000</point>
				<point>824.000000,385.000000</point>
				<point>823.000000,363.000000</point>
				<point>835.000000,362.000000</point>
				<point>836.000000,385.000000</point>
			</points>
		</object>
		<object>
			<coordinate>pixel</coordinate>
			<type>rectangle</type>
			<description>None</description>
			<possibleresult>
				<name>Van</name>
			</possibleresult>
			<points>
				<point>895.000000,998.000000</point>
				<point>870.000000,999.000000</point>
				<point>870.000000,989.000000</point>
				<point>895.000000,989.000000</point>
				<point>895.000000,998.000000</point>
			</points>
		</object>
	</objects>
</annotation>