<?xml version="1.0" encoding="utf-8"?>
<annotation>
	<source>
		<filename>5137.tif</filename>
		<origin>GF2/GF3</origin>
	</source>
	<research>
		<version>1.0</version>
		<provider>FAIR1M</provider>
		<author>Cyber</author>
		<pluginname>FAIR1M</pluginname>
		<pluginclass>object detection</pluginclass>
		<time>2021-07-21</time>
	</research>
	<size>
		<width>800</width>
		<height>600</height>
		<depth>4</depth>
	</size>
	<objects>
		<object>
			<coordinate>pixel</coordinate>
			<type>rectangle</type>
			<description>None</description>
			<possibleresult>
				<name>Small Car</name>
			</possibleresult>
			<points>
				<point>495.000000,587.000000</point>
				<point>492.000000,594.000000</point>
				<point>473.000000,586.000000</point>
				<point>477.000000,579.000000</point>
				<point>495.000000,587.000000</point>
			</points>
		</object>
		<object>
			<coordinate>pixel</coordinate>
			<type>rectangle</type>
			<description>None</description>
			<possibleresult>
				<name>Small Car</name>
			</possibleresult>
			<points>
				<point>572.000000,589.000000</point>
				<point>569.000000,595.000000</point>
				<point>550.000000,586.000000</point>
				<point>553.000000,579.000000</point>
				<point>572.000000,589.000000</point>
			</points>
		</object>
		<object>
			<coordinate>pixel</coordinate>
			<type>rectangle</type>
			<description>None</description>
			<possibleresult>
				<name>Van</name>
			</possibleresult>
			<points>
				<point>408.000000,552.000000</point>
				<point>404.000000,559.000000</point>
				<point>383.000000,550.000000</point>
				<point>387.000000,542.000000</point>
				<point>408.000000,552.000000</point>
			</points>
		</object>
		<object>
			<coordinate>pixel</coordinate>
			<type>rectangle</type>
			<description>None</description>
			<possibleresult>
				<name>Small Car</name>
			</possibleresult>
			<points>
				<point>385.000000,542.000000</point>
				<point>381.000000,549.000000</point>
				<point>361.000000,538.000000</point>
				<point>365.000000,531.000000</point>
				<point>385.000000,542.000000</point>
			</points>
		</object>
		<object>
			<coordinate>pixel</coordinate>
			<type>rectangle</type>
			<description>None</description>
			<possibleresult>
				<name>Small Car</name>
			</possibleresult>
			<points>
				<point>358.000000,529.000000</point>
				<point>356.000000,535.000000</point>
				<point>338.000000,529.000000</point>
				<point>341.000000,522.000000</point>
				<point>358.000000,529.000000</point>
			</points>
		</object>
		<object>
			<coordinate>pixel</coordinate>
			<type>rectangle</type>
			<description>None</description>
			<possibleresult>
				<name>Van</name>
			</possibleresult>
			<points>
				<point>335.000000,520.000000</point>
				<point>332.000000,528.000000</point>
				<point>313.000000,519.000000</point>
				<point>316.000000,512.000000</point>
				<point>335.000000,520.000000</point>
			</points>
		</object>
		<object>
			<coordinate>pixel</coordinate>
			<type>rectangle</type>
			<description>None</description>
			<possibleresult>
				<name>Small Car</name>
			</possibleresult>
			<points>
				<point>309.000000,509.000000</point>
				<point>306.000000,516.000000</point>
				<point>288.000000,508.000000</point>
				<point>291.000000,501.000000</point>
				<point>309.000000,509.000000</point>
			</points>
		</object>
		<object>
			<coordinate>pixel</coordinate>
			<type>rectangle</type>
			<description>None</description>
			<possibleresult>
				<name>Van</name>
			</possibleresult>
			<points>
				<point>289.000000,500.000000</point>
				<point>285.000000,507.000000</point>
				<point>269.000000,500.000000</point>
				<point>273.000000,493.000000</point>
				<point>289.000000,500.000000</point>
			</points>
		</object>
		<object>
			<coordinate>pixel</coordinate>
			<type>rectangle</type>
			<description>None</description>
			<possibleresult>
				<name>Small Car</name>
			</possibleresult>
			<points>
				<point>263.000000,490.000000</point>
				<point>260.000000,496.000000</point>
				<point>242.000000,488.000000</point>
				<point>245.000000,482.000000</point>
				<point>263.000000,490.000000</point>
			</points>
		</object>
		<object>
			<coordinate>pixel</coordinate>
			<type>rectangle</type>
			<description>None</description>
			<possibleresult>
				<name>Van</name>
			</possibleresult>
			<points>
				<point>234.000000,477.000000</point>
				<point>231.000000,484.000000</point>
				<point>211.000000,475.000000</point>
				<point>214.000000,468.000000</point>
				<point>234.000000,477.000000</point>
			</points>
		</object>
		<object>
			<coordinate>pixel</coordinate>
			<type>rectangle</type>
			<description>None</description>
			<possibleresult>
				<name>Small Car</name>
			</possibleresult>
			<points>
				<point>207.000000,466.000000</point>
				<point>204.000000,473.000000</point>
				<point>187.000000,466.000000</point>
				<point>190.000000,459.000000</point>
				<point>207.000000,466.000000</point>
			</points>
		</object>
		<object>
			<coordinate>pixel</coordinate>
			<type>rectangle</type>
			<description>None</description>
			<possibleresult>
				<name>Small Car</name>
			</possibleresult>
			<points>
				<point>187.000000,458.000000</point>
				<point>184.000000,464.000000</point>
				<point>167.000000,456.000000</point>
				<point>169.000000,450.000000</point>
				<point>187.000000,458.000000</point>
			</points>
		</object>
		<object>
			<coordinate>pixel</coordinate>
			<type>rectangle</type>
			<description>None</description>
			<possibleresult>
				<name>Van</name>
			</possibleresult>
			<points>
				<point>265.000000,457.000000</point>
				<point>261.000000,466.000000</point>
				<point>237.000000,457.000000</point>
				<point>241.000000,447.000000</point>
				<point>265.000000,457.000000</point>
			</points>
		</object>
		<object>
			<coordinate>pixel</coordinate>
			<type>rectangle</type>
			<description>None</description>
			<possibleresult>
				<name>Dump Truck</name>
			</possibleresult>
			<points>
				<point>238.000000,448.000000</point>
				<point>235.000000,456.000000</point>
				<point>212.000000,447.000000</point>
				<point>215.000000,439.000000</point>
				<point>238.000000,448.000000</point>
			</points>
		</object>
		<object>
			<coordinate>pixel</coordinate>
			<type>rectangle</type>
			<description>None</description>
			<possibleresult>
				<name>Van</name>
			</possibleresult>
			<points>
				<point>214.000000,449.000000</point>
				<point>211.000000,455.000000</point>
				<point>191.000000,447.000000</point>
				<point>194.000000,441.000000</point>
				<point>214.000000,449.000000</point>
			</points>
		</object>
		<object>
			<coordinate>pixel</coordinate>
			<type>rectangle</type>
			<description>None</description>
			<possibleresult>
				<name>Small Car</name>
			</possibleresult>
			<points>
				<point>165.000000,450.000000</point>
				<point>162.000000,456.000000</point>
				<point>143.000000,447.000000</point>
				<point>146.000000,441.000000</point>
				<point>165.000000,450.000000</point>
			</points>
		</object>
		<object>
			<coordinate>pixel</coordinate>
			<type>rectangle</type>
			<description>None</description>
			<possibleresult>
				<name>Van</name>
			</possibleresult>
			<points>
				<point>140.000000,438.000000</point>
				<point>137.000000,444.000000</point>
				<point>118.000000,436.000000</point>
				<point>121.000000,430.000000</point>
				<point>140.000000,438.000000</point>
			</points>
		</object>
		<object>
			<coordinate>pixel</coordinate>
			<type>rectangle</type>
			<description>None</description>
			<possibleresult>
				<name>Van</name>
			</possibleresult>
			<points>
				<point>116.000000,425.000000</point>
				<point>112.000000,434.000000</point>
				<point>92.000000,424.000000</point>
				<point>96.000000,416.000000</point>
				<point>116.000000,425.000000</point>
			</points>
		</object>
		<object>
			<coordinate>pixel</coordinate>
			<type>rectangle</type>
			<description>None</description>
			<possibleresult>
				<name>Small Car</name>
			</possibleresult>
			<points>
				<point>87.000000,417.000000</point>
				<point>84.000000,422.000000</point>
				<point>70.000000,415.000000</point>
				<point>73.000000,410.000000</point>
				<point>87.000000,417.000000</point>
			</points>
		</object>
		<object>
			<coordinate>pixel</coordinate>
			<type>rectangle</type>
			<description>None</description>
			<possibleresult>
				<name>Small Car</name>
			</possibleresult>
			<points>
				<point>66.000000,406.000000</point>
				<point>64.000000,412.000000</point>
				<point>47.000000,407.000000</point>
				<point>49.000000,401.000000</point>
				<point>66.000000,406.000000</point>
			</points>
		</object>
		<object>
			<coordinate>pixel</coordinate>
			<type>rectangle</type>
			<description>None</description>
			<possibleresult>
				<name>Small Car</name>
			</possibleresult>
			<points>
				<point>47.000000,398.000000</point>
				<point>44.000000,405.000000</point>
				<point>26.000000,398.000000</point>
				<point>28.000000,391.000000</point>
				<point>47.000000,398.000000</point>
			</points>
		</object>
		<object>
			<coordinate>pixel</coordinate>
			<type>rectangle</type>
			<description>None</description>
			<possibleresult>
				<name>Small Car</name>
			</possibleresult>
			<points>
				<point>25.000000,390.000000</point>
				<point>23.000000,397.000000</point>
				<point>4.000000,389.000000</point>
				<point>6.000000,382.000000</point>
				<point>25.000000,390.000000</point>
			</points>
		</object>
		<object>
			<coordinate>pixel</coordinate>
			<type>rectangle</type>
			<description>None</description>
			<possibleresult>
				<name>Cargo Truck</name>
			</possibleresult>
			<points>
				<point>75.000000,379.000000</point>
				<point>70.000000,389.000000</point>
				<point>33.000000,373.000000</point>
				<point>37.000000,363.000000</point>
				<point>75.000000,379.000000</point>
			</points>
		</object>
		<object>
			<coordinate>pixel</coordinate>
			<type>rectangle</type>
			<description>None</description>
			<possibleresult>
				<name>Van</name>
			</possibleresult>
			<points>
				<point>21.000000,355.000000</point>
				<point>18.000000,364.000000</point>
				<point>0.000000,356.000000</point>
				<point>0.000000,346.000000</point>
				<point>21.000000,355.000000</point>
			</points>
		</object>
		<object>
			<coordinate>pixel</coordinate>
			<type>rectangle</type>
			<description>None</description>
			<possibleresult>
				<name>Small Car</name>
			</possibleresult>
			<points>
				<point>776.000000,366.000000</point>
				<point>773.000000,372.000000</point>
				<point>761.000000,368.000000</point>
				<point>764.000000,361.000000</point>
				<point>776.000000,366.000000</point>
			</points>
		</object>
		<object>
			<coordinate>pixel</coordinate>
			<type>rectangle</type>
			<description>None</description>
			<possibleresult>
				<name>Van</name>
			</possibleresult>
			<points>
				<point>732.000000,373.000000</point>
				<point>729.000000,380.000000</point>
				<point>713.000000,374.000000</point>
				<point>716.000000,367.000000</point>
				<point>732.000000,373.000000</point>
			</points>
		</object>
		<object>
			<coordinate>pixel</coordinate>
			<type>rectangle</type>
			<description>None</description>
			<possibleresult>
				<name>Small Car</name>
			</possibleresult>
			<points>
				<point>761.000000,359.000000</point>
				<point>757.000000,367.000000</point>
				<point>740.000000,359.000000</point>
				<point>744.000000,352.000000</point>
				<point>761.000000,359.000000</point>
			</points>
		</object>
		<object>
			<coordinate>pixel</coordinate>
			<type>rectangle</type>
			<description>None</description>
			<possibleresult>
				<name>Dump Truck</name>
			</possibleresult>
			<points>
				<point>685.000000,352.000000</point>
				<point>682.000000,360.000000</point>
				<point>659.000000,350.000000</point>
				<point>662.000000,343.000000</point>
				<point>685.000000,352.000000</point>
			</points>
		</object>
		<object>
			<coordinate>pixel</coordinate>
			<type>rectangle</type>
			<description>None</description>
			<possibleresult>
				<name>Small Car</name>
			</possibleresult>
			<points>
				<point>741.000000,351.000000</point>
				<point>738.000000,357.000000</point>
				<point>719.000000,349.000000</point>
				<point>722.000000,343.000000</point>
				<point>741.000000,351.000000</point>
			</points>
		</object>
		<object>
			<coordinate>pixel</coordinate>
			<type>rectangle</type>
			<description>None</description>
			<possibleresult>
				<name>Small Car</name>
			</possibleresult>
			<points>
				<point>719.000000,342.000000</point>
				<point>717.000000,348.000000</point>
				<point>699.000000,340.000000</point>
				<point>702.000000,334.000000</point>
				<point>719.000000,342.000000</point>
			</points>
		</object>
		<object>
			<coordinate>pixel</coordinate>
			<type>rectangle</type>
			<description>None</description>
			<possibleresult>
				<name>Small Car</name>
			</possibleresult>
			<points>
				<point>563.000000,276.000000</point>
				<point>560.000000,282.000000</point>
				<point>544.000000,275.000000</point>
				<point>548.000000,268.000000</point>
				<point>563.000000,276.000000</point>
			</points>
		</object>
		<object>
			<coordinate>pixel</coordinate>
			<type>rectangle</type>
			<description>None</description>
			<possibleresult>
				<name>Small Car</name>
			</possibleresult>
			<points>
				<point>543.000000,267.000000</point>
				<point>540.000000,273.000000</point>
				<point>525.000000,266.000000</point>
				<point>528.000000,260.000000</point>
				<point>543.000000,267.000000</point>
			</points>
		</object>
		<object>
			<coordinate>pixel</coordinate>
			<type>rectangle</type>
			<description>None</description>
			<possibleresult>
				<name>Small Car</name>
			</possibleresult>
			<points>
				<point>527.000000,285.000000</point>
				<point>524.000000,294.000000</point>
				<point>507.000000,288.000000</point>
				<point>511.000000,279.000000</point>
				<point>527.000000,285.000000</point>
			</points>
		</object>
		<object>
			<coordinate>pixel</coordinate>
			<type>rectangle</type>
			<description>None</description>
			<possibleresult>
				<name>Small Car</name>
			</possibleresult>
			<points>
				<point>488.000000,262.000000</point>
				<point>484.000000,268.000000</point>
				<point>467.000000,257.000000</point>
				<point>472.000000,251.000000</point>
				<point>488.000000,262.000000</point>
			</points>
		</object>
		<object>
			<coordinate>pixel</coordinate>
			<type>rectangle</type>
			<description>None</description>
			<possibleresult>
				<name>Small Car</name>
			</possibleresult>
			<points>
				<point>457.000000,248.000000</point>
				<point>455.000000,255.000000</point>
				<point>439.000000,252.000000</point>
				<point>441.000000,245.000000</point>
				<point>457.000000,248.000000</point>
			</points>
		</object>
		<object>
			<coordinate>pixel</coordinate>
			<type>rectangle</type>
			<description>None</description>
			<possibleresult>
				<name>Small Car</name>
			</possibleresult>
			<points>
				<point>438.000000,249.000000</point>
				<point>435.000000,256.000000</point>
				<point>415.000000,248.000000</point>
				<point>419.000000,241.000000</point>
				<point>438.000000,249.000000</point>
			</points>
		</object>
		<object>
			<coordinate>pixel</coordinate>
			<type>rectangle</type>
			<description>None</description>
			<possibleresult>
				<name>Van</name>
			</possibleresult>
			<points>
				<point>414.000000,241.000000</point>
				<point>411.000000,247.000000</point>
				<point>395.000000,239.000000</point>
				<point>397.000000,233.000000</point>
				<point>414.000000,241.000000</point>
			</points>
		</object>
		<object>
			<coordinate>pixel</coordinate>
			<type>rectangle</type>
			<description>None</description>
			<possibleresult>
				<name>Small Car</name>
			</possibleresult>
			<points>
				<point>425.000000,218.000000</point>
				<point>422.000000,224.000000</point>
				<point>407.000000,216.000000</point>
				<point>411.000000,210.000000</point>
				<point>425.000000,218.000000</point>
			</points>
		</object>
		<object>
			<coordinate>pixel</coordinate>
			<type>rectangle</type>
			<description>None</description>
			<possibleresult>
				<name>Small Car</name>
			</possibleresult>
			<points>
				<point>346.000000,184.000000</point>
				<point>344.000000,190.000000</point>
				<point>330.000000,183.000000</point>
				<point>333.000000,178.000000</point>
				<point>346.000000,184.000000</point>
			</points>
		</object>
		<object>
			<coordinate>pixel</coordinate>
			<type>rectangle</type>
			<description>None</description>
			<possibleresult>
				<name>Small Car</name>
			</possibleresult>
			<points>
				<point>354.000000,214.000000</point>
				<point>351.000000,221.000000</point>
				<point>342.000000,217.000000</point>
				<point>346.000000,210.000000</point>
				<point>354.000000,214.000000</point>
			</points>
		</object>
		<object>
			<coordinate>pixel</coordinate>
			<type>rectangle</type>
			<description>None</description>
			<possibleresult>
				<name>Small Car</name>
			</possibleresult>
			<points>
				<point>343.000000,210.000000</point>
				<point>339.000000,216.000000</point>
				<point>323.000000,208.000000</point>
				<point>327.000000,202.000000</point>
				<point>343.000000,210.000000</point>
			</points>
		</object>
		<object>
			<coordinate>pixel</coordinate>
			<type>rectangle</type>
			<description>None</description>
			<possibleresult>
				<name>Small Car</name>
			</possibleresult>
			<points>
				<point>324.000000,202.000000</point>
				<point>321.000000,208.000000</point>
				<point>304.000000,200.000000</point>
				<point>307.000000,194.000000</point>
				<point>324.000000,202.000000</point>
			</points>
		</object>
		<object>
			<coordinate>pixel</coordinate>
			<type>rectangle</type>
			<description>None</description>
			<possibleresult>
				<name>Small Car</name>
			</possibleresult>
			<points>
				<point>303.000000,193.000000</point>
				<point>301.000000,199.000000</point>
				<point>282.000000,191.000000</point>
				<point>285.000000,185.000000</point>
				<point>303.000000,193.000000</point>
			</points>
		</object>
		<object>
			<coordinate>pixel</coordinate>
			<type>rectangle</type>
			<description>None</description>
			<possibleresult>
				<name>Van</name>
			</possibleresult>
			<points>
				<point>258.000000,173.000000</point>
				<point>256.000000,180.000000</point>
				<point>236.000000,173.000000</point>
				<point>238.000000,166.000000</point>
				<point>258.000000,173.000000</point>
			</points>
		</object>
		<object>
			<coordinate>pixel</coordinate>
			<type>rectangle</type>
			<description>None</description>
			<possibleresult>
				<name>Small Car</name>
			</possibleresult>
			<points>
				<point>235.000000,165.000000</point>
				<point>232.000000,172.000000</point>
				<point>214.000000,164.000000</point>
				<point>217.000000,157.000000</point>
				<point>235.000000,165.000000</point>
			</points>
		</object>
		<object>
			<coordinate>pixel</coordinate>
			<type>rectangle</type>
			<description>None</description>
			<possibleresult>
				<name>Small Car</name>
			</possibleresult>
			<points>
				<point>209.000000,153.000000</point>
				<point>206.000000,160.000000</point>
				<point>193.000000,154.000000</point>
				<point>196.000000,148.000000</point>
				<point>209.000000,153.000000</point>
			</points>
		</object>
		<object>
			<coordinate>pixel</coordinate>
			<type>rectangle</type>
			<description>None</description>
			<possibleresult>
				<name>Small Car</name>
			</possibleresult>
			<points>
				<point>207.000000,125.000000</point>
				<point>203.000000,132.000000</point>
				<point>187.000000,125.000000</point>
				<point>190.000000,118.000000</point>
				<point>207.000000,125.000000</point>
			</points>
		</object>
		<object>
			<coordinate>pixel</coordinate>
			<type>rectangle</type>
			<description>None</description>
			<possibleresult>
				<name>Small Car</name>
			</possibleresult>
			<points>
				<point>162.000000,106.000000</point>
				<point>158.000000,113.000000</point>
				<point>142.000000,104.000000</point>
				<point>145.000000,98.000000</point>
				<point>162.000000,106.000000</point>
			</points>
		</object>
		<object>
			<coordinate>pixel</coordinate>
			<type>rectangle</type>
			<description>None</description>
			<possibleresult>
				<name>Small Car</name>
			</possibleresult>
			<points>
				<point>141.000000,97.000000</point>
				<point>138.000000,104.000000</point>
				<point>120.000000,97.000000</point>
				<point>123.000000,90.000000</point>
				<point>141.000000,97.000000</point>
			</points>
		</object>
		<object>
			<coordinate>pixel</coordinate>
			<type>rectangle</type>
			<description>None</description>
			<possibleresult>
				<name>Van</name>
			</possibleresult>
			<points>
				<point>99.000000,107.000000</point>
				<point>96.000000,114.000000</point>
				<point>71.000000,103.000000</point>
				<point>75.000000,96.000000</point>
				<point>99.000000,107.000000</point>
			</points>
		</object>
		<object>
			<coordinate>pixel</coordinate>
			<type>rectangle</type>
			<description>None</description>
			<possibleresult>
				<name>Small Car</name>
			</possibleresult>
			<points>
				<point>88.000000,76.000000</point>
				<point>85.000000,82.000000</point>
				<point>70.000000,74.000000</point>
				<point>73.000000,68.000000</point>
				<point>88.000000,76.000000</point>
			</points>
		</object>
		<object>
			<coordinate>pixel</coordinate>
			<type>rectangle</type>
			<description>None</description>
			<possibleresult>
				<name>Small Car</name>
			</possibleresult>
			<points>
				<point>716.000000,84.000000</point>
				<point>712.000000,90.000000</point>
				<point>696.000000,81.000000</point>
				<point>700.000000,75.000000</point>
				<point>716.000000,84.000000</point>
			</points>
		</object>
		<object>
			<coordinate>pixel</coordinate>
			<type>rectangle</type>
			<description>None</description>
			<possibleresult>
				<name>Van</name>
			</possibleresult>
			<points>
				<point>697.000000,46.000000</point>
				<point>693.000000,53.000000</point>
				<point>674.000000,43.000000</point>
				<point>677.000000,36.000000</point>
				<point>697.000000,46.000000</point>
			</points>
		</object>
		<object>
			<coordinate>pixel</coordinate>
			<type>rectangle</type>
			<description>None</description>
			<possibleresult>
				<name>Van</name>
			</possibleresult>
			<points>
				<point>656.000000,27.000000</point>
				<point>652.000000,35.000000</point>
				<point>630.000000,25.000000</point>
				<point>634.000000,16.000000</point>
				<point>656.000000,27.000000</point>
			</points>
		</object>
		<object>
			<coordinate>pixel</coordinate>
			<type>rectangle</type>
			<description>None</description>
			<possibleresult>
				<name>Van</name>
			</possibleresult>
			<points>
				<point>28.000000,28.000000</point>
				<point>18.000000,42.000000</point>
				<point>11.000000,36.000000</point>
				<point>21.000000,22.000000</point>
				<point>28.000000,28.000000</point>
			</points>
		</object>
		<object>
			<coordinate>pixel</coordinate>
			<type>rectangle</type>
			<description>None</description>
			<possibleresult>
				<name>Small Car</name>
			</possibleresult>
			<points>
				<point>34.000000,0.000000</point>
				<point>25.000000,12.000000</point>
				<point>17.000000,7.000000</point>
				<point>21.000000,0.000000</point>
				<point>34.000000,0.000000</point>
			</points>
		</object>
	</objects>
</annotation>