<?xml version="1.0" encoding="utf-8"?>
<annotation>
	<source>
		<filename>5141.tif</filename>
		<origin>GF2/GF3</origin>
	</source>
	<research>
		<version>1.0</version>
		<provider>FAIR1M</provider>
		<author>Cyber</author>
		<pluginname>FAIR1M</pluginname>
		<pluginclass>object detection</pluginclass>
		<time>2021-07-21</time>
	</research>
	<size>
		<width>800</width>
		<height>600</height>
		<depth>3</depth>
	</size>
	<objects>
		<object>
			<coordinate>pixel</coordinate>
			<type>rectangle</type>
			<description>None</description>
			<possibleresult>
				<name>Warship</name>
			</possibleresult>
			<points>
				<point>206.000000,492.000000</point>
				<point>203.000000,513.000000</point>
				<point>10.000000,491.000000</point>
				<point>12.000000,470.000000</point>
				<point>206.000000,492.000000</point>
			</points>
		</object>
		<object>
			<coordinate>pixel</coordinate>
			<type>rectangle</type>
			<description>None</description>
			<possibleresult>
				<name>Warship</name>
			</possibleresult>
			<points>
				<point>208.000000,469.000000</point>
				<point>205.000000,491.000000</point>
				<point>11.000000,467.000000</point>
				<point>14.000000,445.000000</point>
				<point>208.000000,469.000000</point>
			</points>
		</object>
		<object>
			<coordinate>pixel</coordinate>
			<type>rectangle</type>
			<description>None</description>
			<possibleresult>
				<name>Liquid Cargo Ship</name>
			</possibleresult>
			<points>
				<point>209.000000,422.000000</point>
				<point>206.000000,444.000000</point>
				<point>85.000000,430.000000</point>
				<point>87.000000,409.000000</point>
				<point>209.000000,422.000000</point>
			</points>
		</object>
		<object>
			<coordinate>pixel</coordinate>
			<type>rectangle</type>
			<description>None</description>
			<possibleresult>
				<name>Fishing Boat</name>
			</possibleresult>
			<points>
				<point>262.000000,256.000000</point>
				<point>187.000000,255.000000</point>
				<point>188.000000,239.000000</point>
				<point>262.000000,240.000000</point>
				<point>262.000000,256.000000</point>
			</points>
		</object>
		<object>
			<coordinate>pixel</coordinate>
			<type>rectangle</type>
			<description>None</description>
			<possibleresult>
				<name>Warship</name>
			</possibleresult>
			<points>
				<point>584.000000,329.000000</point>
				<point>446.000000,423.000000</point>
				<point>433.000000,403.000000</point>
				<point>571.000000,309.000000</point>
				<point>584.000000,329.000000</point>
			</points>
		</object>
		<object>
			<coordinate>pixel</coordinate>
			<type>rectangle</type>
			<description>None</description>
			<possibleresult>
				<name>Warship</name>
			</possibleresult>
			<points>
				<point>489.000000,327.000000</point>
				<point>395.000000,387.000000</point>
				<point>382.000000,368.000000</point>
				<point>477.000000,307.000000</point>
				<point>489.000000,327.000000</point>
			</points>
		</object>
	</objects>
</annotation>