<?xml version="1.0" encoding="utf-8"?>
<annotation>
	<source>
		<filename>5160.tif</filename>
		<origin>GF2/GF3</origin>
	</source>
	<research>
		<version>1.0</version>
		<provider>FAIR1M</provider>
		<author>Cyber</author>
		<pluginname>FAIR1M</pluginname>
		<pluginclass>object detection</pluginclass>
		<time>2021-07-21</time>
	</research>
	<size>
		<width>700</width>
		<height>700</height>
		<depth>3</depth>
	</size>
	<objects>
		<object>
			<coordinate>pixel</coordinate>
			<type>rectangle</type>
			<description>None</description>
			<possibleresult>
				<name>A330</name>
			</possibleresult>
			<points>
				<point>252.000000,108.000000</point>
				<point>173.000000,115.000000</point>
				<point>166.000000,40.000000</point>
				<point>246.000000,33.000000</point>
				<point>252.000000,108.000000</point>
			</points>
		</object>
		<object>
			<coordinate>pixel</coordinate>
			<type>rectangle</type>
			<description>None</description>
			<possibleresult>
				<name>Boeing777</name>
			</possibleresult>
			<points>
				<point>271.000000,224.000000</point>
				<point>176.000000,234.000000</point>
				<point>168.000000,153.000000</point>
				<point>262.000000,143.000000</point>
				<point>271.000000,224.000000</point>
			</points>
		</object>
		<object>
			<coordinate>pixel</coordinate>
			<type>rectangle</type>
			<description>None</description>
			<possibleresult>
				<name>A330</name>
			</possibleresult>
			<points>
				<point>658.000000,244.000000</point>
				<point>578.000000,253.000000</point>
				<point>569.000000,178.000000</point>
				<point>649.000000,169.000000</point>
				<point>658.000000,244.000000</point>
			</points>
		</object>
		<object>
			<coordinate>pixel</coordinate>
			<type>rectangle</type>
			<description>None</description>
			<possibleresult>
				<name>Boeing747</name>
			</possibleresult>
			<points>
				<point>286.000000,340.000000</point>
				<point>192.000000,350.000000</point>
				<point>181.000000,250.000000</point>
				<point>276.000000,240.000000</point>
				<point>286.000000,340.000000</point>
			</points>
		</object>
		<object>
			<coordinate>pixel</coordinate>
			<type>rectangle</type>
			<description>None</description>
			<possibleresult>
				<name>Boeing747</name>
			</possibleresult>
			<points>
				<point>294.000000,448.000000</point>
				<point>202.000000,458.000000</point>
				<point>191.000000,358.000000</point>
				<point>283.000000,348.000000</point>
				<point>294.000000,448.000000</point>
			</points>
		</object>
		<object>
			<coordinate>pixel</coordinate>
			<type>rectangle</type>
			<description>None</description>
			<possibleresult>
				<name>A350</name>
			</possibleresult>
			<points>
				<point>306.000000,545.000000</point>
				<point>214.000000,555.000000</point>
				<point>204.000000,475.000000</point>
				<point>296.000000,464.000000</point>
				<point>306.000000,545.000000</point>
			</points>
		</object>
		<object>
			<coordinate>pixel</coordinate>
			<type>rectangle</type>
			<description>None</description>
			<possibleresult>
				<name>A350</name>
			</possibleresult>
			<points>
				<point>473.000000,436.000000</point>
				<point>383.000000,445.000000</point>
				<point>375.000000,363.000000</point>
				<point>465.000000,354.000000</point>
				<point>473.000000,436.000000</point>
			</points>
		</object>
		<object>
			<coordinate>pixel</coordinate>
			<type>rectangle</type>
			<description>None</description>
			<possibleresult>
				<name>A350</name>
			</possibleresult>
			<points>
				<point>484.000000,466.000000</point>
				<point>455.000000,543.000000</point>
				<point>370.000000,510.000000</point>
				<point>400.000000,434.000000</point>
				<point>484.000000,466.000000</point>
			</points>
		</object>
		<object>
			<coordinate>pixel</coordinate>
			<type>rectangle</type>
			<description>None</description>
			<possibleresult>
				<name>A321</name>
			</possibleresult>
			<points>
				<point>655.000000,353.000000</point>
				<point>648.000000,398.000000</point>
				<point>593.000000,388.000000</point>
				<point>601.000000,344.000000</point>
				<point>655.000000,353.000000</point>
			</points>
		</object>
		<object>
			<coordinate>pixel</coordinate>
			<type>rectangle</type>
			<description>None</description>
			<possibleresult>
				<name>A220</name>
			</possibleresult>
			<points>
				<point>653.000000,430.000000</point>
				<point>604.000000,445.000000</point>
				<point>592.000000,404.000000</point>
				<point>640.000000,389.000000</point>
				<point>653.000000,430.000000</point>
			</points>
		</object>
		<object>
			<coordinate>pixel</coordinate>
			<type>rectangle</type>
			<description>None</description>
			<possibleresult>
				<name>A220</name>
			</possibleresult>
			<points>
				<point>670.000000,479.000000</point>
				<point>622.000000,493.000000</point>
				<point>610.000000,451.000000</point>
				<point>658.000000,438.000000</point>
				<point>670.000000,479.000000</point>
			</points>
		</object>
		<object>
			<coordinate>pixel</coordinate>
			<type>rectangle</type>
			<description>None</description>
			<possibleresult>
				<name>A321</name>
			</possibleresult>
			<points>
				<point>679.000000,511.000000</point>
				<point>641.000000,551.000000</point>
				<point>610.000000,521.000000</point>
				<point>648.000000,481.000000</point>
				<point>679.000000,511.000000</point>
			</points>
		</object>
	</objects>
</annotation>