<?xml version="1.0" encoding="utf-8"?>
<annotation>
	<source>
		<filename>5172.tif</filename>
		<origin>GF2/GF3</origin>
	</source>
	<research>
		<version>1.0</version>
		<provider>FAIR1M</provider>
		<author>Cyber</author>
		<pluginname>FAIR1M</pluginname>
		<pluginclass>object detection</pluginclass>
		<time>2021-07-21</time>
	</research>
	<size>
		<width>600</width>
		<height>800</height>
		<depth>4</depth>
	</size>
	<objects>
		<object>
			<coordinate>pixel</coordinate>
			<type>rectangle</type>
			<description>None</description>
			<possibleresult>
				<name>Dump Truck</name>
			</possibleresult>
			<points>
				<point>358.000000,772.000000</point>
				<point>349.000000,776.000000</point>
				<point>342.000000,755.000000</point>
				<point>351.000000,752.000000</point>
				<point>358.000000,772.000000</point>
			</points>
		</object>
		<object>
			<coordinate>pixel</coordinate>
			<type>rectangle</type>
			<description>None</description>
			<possibleresult>
				<name>Cargo Truck</name>
			</possibleresult>
			<points>
				<point>355.000000,749.000000</point>
				<point>341.000000,750.000000</point>
				<point>338.000000,709.000000</point>
				<point>352.000000,708.000000</point>
				<point>355.000000,749.000000</point>
			</points>
		</object>
		<object>
			<coordinate>pixel</coordinate>
			<type>rectangle</type>
			<description>None</description>
			<possibleresult>
				<name>Dump Truck</name>
			</possibleresult>
			<points>
				<point>497.000000,658.000000</point>
				<point>491.000000,667.000000</point>
				<point>471.000000,653.000000</point>
				<point>477.000000,645.000000</point>
				<point>497.000000,658.000000</point>
			</points>
		</object>
		<object>
			<coordinate>pixel</coordinate>
			<type>rectangle</type>
			<description>None</description>
			<possibleresult>
				<name>Dump Truck</name>
			</possibleresult>
			<points>
				<point>483.000000,663.000000</point>
				<point>479.000000,671.000000</point>
				<point>461.000000,663.000000</point>
				<point>466.000000,654.000000</point>
				<point>483.000000,663.000000</point>
			</points>
		</object>
		<object>
			<coordinate>pixel</coordinate>
			<type>rectangle</type>
			<description>None</description>
			<possibleresult>
				<name>Dump Truck</name>
			</possibleresult>
			<points>
				<point>495.000000,545.000000</point>
				<point>459.000000,546.000000</point>
				<point>459.000000,534.000000</point>
				<point>494.000000,532.000000</point>
				<point>495.000000,545.000000</point>
			</points>
		</object>
		<object>
			<coordinate>pixel</coordinate>
			<type>rectangle</type>
			<description>None</description>
			<possibleresult>
				<name>Small Car</name>
			</possibleresult>
			<points>
				<point>600.000000,426.000000</point>
				<point>587.000000,432.000000</point>
				<point>583.000000,424.000000</point>
				<point>600.000000,415.000000</point>
				<point>600.000000,426.000000</point>
			</points>
		</object>
		<object>
			<coordinate>pixel</coordinate>
			<type>rectangle</type>
			<description>None</description>
			<possibleresult>
				<name>Dump Truck</name>
			</possibleresult>
			<points>
				<point>595.000000,417.000000</point>
				<point>577.000000,426.000000</point>
				<point>573.000000,418.000000</point>
				<point>591.000000,409.000000</point>
				<point>595.000000,417.000000</point>
			</points>
		</object>
		<object>
			<coordinate>pixel</coordinate>
			<type>rectangle</type>
			<description>None</description>
			<possibleresult>
				<name>Small Car</name>
			</possibleresult>
			<points>
				<point>592.000000,408.000000</point>
				<point>574.000000,415.000000</point>
				<point>571.000000,407.000000</point>
				<point>589.000000,400.000000</point>
				<point>592.000000,408.000000</point>
			</points>
		</object>
		<object>
			<coordinate>pixel</coordinate>
			<type>rectangle</type>
			<description>None</description>
			<possibleresult>
				<name>Van</name>
			</possibleresult>
			<points>
				<point>584.000000,401.000000</point>
				<point>564.000000,408.000000</point>
				<point>561.000000,400.000000</point>
				<point>581.000000,393.000000</point>
				<point>584.000000,401.000000</point>
			</points>
		</object>
		<object>
			<coordinate>pixel</coordinate>
			<type>rectangle</type>
			<description>None</description>
			<possibleresult>
				<name>Small Car</name>
			</possibleresult>
			<points>
				<point>579.000000,391.000000</point>
				<point>561.000000,397.000000</point>
				<point>559.000000,389.000000</point>
				<point>577.000000,384.000000</point>
				<point>579.000000,391.000000</point>
			</points>
		</object>
		<object>
			<coordinate>pixel</coordinate>
			<type>rectangle</type>
			<description>None</description>
			<possibleresult>
				<name>Dump Truck</name>
			</possibleresult>
			<points>
				<point>574.000000,376.000000</point>
				<point>550.000000,383.000000</point>
				<point>547.000000,374.000000</point>
				<point>571.000000,367.000000</point>
				<point>574.000000,376.000000</point>
			</points>
		</object>
		<object>
			<coordinate>pixel</coordinate>
			<type>rectangle</type>
			<description>None</description>
			<possibleresult>
				<name>Dump Truck</name>
			</possibleresult>
			<points>
				<point>568.000000,365.000000</point>
				<point>546.000000,372.000000</point>
				<point>543.000000,363.000000</point>
				<point>565.000000,356.000000</point>
				<point>568.000000,365.000000</point>
			</points>
		</object>
		<object>
			<coordinate>pixel</coordinate>
			<type>rectangle</type>
			<description>None</description>
			<possibleresult>
				<name>Van</name>
			</possibleresult>
			<points>
				<point>559.000000,357.000000</point>
				<point>538.000000,365.000000</point>
				<point>535.000000,356.000000</point>
				<point>556.000000,348.000000</point>
				<point>559.000000,357.000000</point>
			</points>
		</object>
		<object>
			<coordinate>pixel</coordinate>
			<type>rectangle</type>
			<description>None</description>
			<possibleresult>
				<name>Small Car</name>
			</possibleresult>
			<points>
				<point>547.000000,349.000000</point>
				<point>528.000000,356.000000</point>
				<point>525.000000,348.000000</point>
				<point>544.000000,341.000000</point>
				<point>547.000000,349.000000</point>
			</points>
		</object>
		<object>
			<coordinate>pixel</coordinate>
			<type>rectangle</type>
			<description>None</description>
			<possibleresult>
				<name>Van</name>
			</possibleresult>
			<points>
				<point>546.000000,335.000000</point>
				<point>527.000000,343.000000</point>
				<point>523.000000,334.000000</point>
				<point>543.000000,326.000000</point>
				<point>546.000000,335.000000</point>
			</points>
		</object>
		<object>
			<coordinate>pixel</coordinate>
			<type>rectangle</type>
			<description>None</description>
			<possibleresult>
				<name>Tractor</name>
			</possibleresult>
			<points>
				<point>235.000000,347.000000</point>
				<point>222.000000,351.000000</point>
				<point>213.000000,319.000000</point>
				<point>225.000000,316.000000</point>
				<point>235.000000,347.000000</point>
			</points>
		</object>
		<object>
			<coordinate>pixel</coordinate>
			<type>rectangle</type>
			<description>None</description>
			<possibleresult>
				<name>Dump Truck</name>
			</possibleresult>
			<points>
				<point>160.000000,316.000000</point>
				<point>125.000000,333.000000</point>
				<point>116.000000,316.000000</point>
				<point>152.000000,298.000000</point>
				<point>160.000000,316.000000</point>
			</points>
		</object>
		<object>
			<coordinate>pixel</coordinate>
			<type>rectangle</type>
			<description>None</description>
			<possibleresult>
				<name>Tractor</name>
			</possibleresult>
			<points>
				<point>428.000000,127.000000</point>
				<point>403.000000,137.000000</point>
				<point>399.000000,127.000000</point>
				<point>425.000000,117.000000</point>
				<point>428.000000,127.000000</point>
			</points>
		</object>
		<object>
			<coordinate>pixel</coordinate>
			<type>rectangle</type>
			<description>None</description>
			<possibleresult>
				<name>Dump Truck</name>
			</possibleresult>
			<points>
				<point>385.000000,159.000000</point>
				<point>375.000000,165.000000</point>
				<point>360.000000,141.000000</point>
				<point>370.000000,135.000000</point>
				<point>385.000000,159.000000</point>
			</points>
		</object>
		<object>
			<coordinate>pixel</coordinate>
			<type>rectangle</type>
			<description>None</description>
			<possibleresult>
				<name>Dump Truck</name>
			</possibleresult>
			<points>
				<point>370.000000,166.000000</point>
				<point>361.000000,171.000000</point>
				<point>351.000000,153.000000</point>
				<point>360.000000,148.000000</point>
				<point>370.000000,166.000000</point>
			</points>
		</object>
		<object>
			<coordinate>pixel</coordinate>
			<type>rectangle</type>
			<description>None</description>
			<possibleresult>
				<name>Dump Truck</name>
			</possibleresult>
			<points>
				<point>358.000000,175.000000</point>
				<point>349.000000,181.000000</point>
				<point>336.000000,160.000000</point>
				<point>345.000000,154.000000</point>
				<point>358.000000,175.000000</point>
			</points>
		</object>
		<object>
			<coordinate>pixel</coordinate>
			<type>rectangle</type>
			<description>None</description>
			<possibleresult>
				<name>Dump Truck</name>
			</possibleresult>
			<points>
				<point>161.000000,154.000000</point>
				<point>138.000000,166.000000</point>
				<point>134.000000,156.000000</point>
				<point>156.000000,145.000000</point>
				<point>161.000000,154.000000</point>
			</points>
		</object>
		<object>
			<coordinate>pixel</coordinate>
			<type>rectangle</type>
			<description>None</description>
			<possibleresult>
				<name>Cargo Truck</name>
			</possibleresult>
			<points>
				<point>72.000000,193.000000</point>
				<point>40.000000,209.000000</point>
				<point>34.000000,197.000000</point>
				<point>66.000000,182.000000</point>
				<point>72.000000,193.000000</point>
			</points>
		</object>
		<object>
			<coordinate>pixel</coordinate>
			<type>rectangle</type>
			<description>None</description>
			<possibleresult>
				<name>Van</name>
			</possibleresult>
			<points>
				<point>142.000000,137.000000</point>
				<point>121.000000,146.000000</point>
				<point>117.000000,137.000000</point>
				<point>138.000000,128.000000</point>
				<point>142.000000,137.000000</point>
			</points>
		</object>
		<object>
			<coordinate>pixel</coordinate>
			<type>rectangle</type>
			<description>None</description>
			<possibleresult>
				<name>Dump Truck</name>
			</possibleresult>
			<points>
				<point>18.000000,192.000000</point>
				<point>8.000000,195.000000</point>
				<point>2.000000,177.000000</point>
				<point>11.000000,174.000000</point>
				<point>18.000000,192.000000</point>
			</points>
		</object>
		<object>
			<coordinate>pixel</coordinate>
			<type>rectangle</type>
			<description>None</description>
			<possibleresult>
				<name>Tractor</name>
			</possibleresult>
			<points>
				<point>144.000000,93.000000</point>
				<point>94.000000,117.000000</point>
				<point>84.000000,96.000000</point>
				<point>135.000000,73.000000</point>
				<point>144.000000,93.000000</point>
			</points>
		</object>
		<object>
			<coordinate>pixel</coordinate>
			<type>rectangle</type>
			<description>None</description>
			<possibleresult>
				<name>Excavator</name>
			</possibleresult>
			<points>
				<point>209.000000,59.000000</point>
				<point>199.000000,65.000000</point>
				<point>186.000000,46.000000</point>
				<point>196.000000,39.000000</point>
				<point>209.000000,59.000000</point>
			</points>
		</object>
		<object>
			<coordinate>pixel</coordinate>
			<type>rectangle</type>
			<description>None</description>
			<possibleresult>
				<name>Dump Truck</name>
			</possibleresult>
			<points>
				<point>107.000000,86.000000</point>
				<point>85.000000,96.000000</point>
				<point>81.000000,87.000000</point>
				<point>103.000000,77.000000</point>
				<point>107.000000,86.000000</point>
			</points>
		</object>
		<object>
			<coordinate>pixel</coordinate>
			<type>rectangle</type>
			<description>None</description>
			<possibleresult>
				<name>Dump Truck</name>
			</possibleresult>
			<points>
				<point>289.000000,29.000000</point>
				<point>280.000000,35.000000</point>
				<point>267.000000,15.000000</point>
				<point>276.000000,9.000000</point>
				<point>289.000000,29.000000</point>
			</points>
		</object>
		<object>
			<coordinate>pixel</coordinate>
			<type>rectangle</type>
			<description>None</description>
			<possibleresult>
				<name>Cargo Truck</name>
			</possibleresult>
			<points>
				<point>97.000000,32.000000</point>
				<point>86.000000,38.000000</point>
				<point>75.000000,15.000000</point>
				<point>85.000000,10.000000</point>
				<point>97.000000,32.000000</point>
			</points>
		</object>
	</objects>
</annotation>