<?xml version="1.0" encoding="utf-8"?>
<annotation>
	<source>
		<filename>5198.tif</filename>
		<origin>GF2/GF3</origin>
	</source>
	<research>
		<version>1.0</version>
		<provider>FAIR1M</provider>
		<author>Cyber</author>
		<pluginname>FAIR1M</pluginname>
		<pluginclass>object detection</pluginclass>
		<time>2021-07-21</time>
	</research>
	<size>
		<width>1000</width>
		<height>1000</height>
		<depth>3</depth>
	</size>
	<objects>
		<object>
			<coordinate>pixel</coordinate>
			<type>rectangle</type>
			<description>None</description>
			<possibleresult>
				<name>Dry Cargo Ship</name>
			</possibleresult>
			<points>
				<point>645.000000,137.000000</point>
				<point>660.000000,135.000000</point>
				<point>652.000000,45.000000</point>
				<point>635.000000,46.000000</point>
				<point>645.000000,137.000000</point>
			</points>
		</object>
		<object>
			<coordinate>pixel</coordinate>
			<type>rectangle</type>
			<description>None</description>
			<possibleresult>
				<name>Dry Cargo Ship</name>
			</possibleresult>
			<points>
				<point>650.000000,303.000000</point>
				<point>670.000000,301.000000</point>
				<point>663.000000,204.000000</point>
				<point>643.000000,204.000000</point>
				<point>650.000000,303.000000</point>
			</points>
		</object>
		<object>
			<coordinate>pixel</coordinate>
			<type>rectangle</type>
			<description>None</description>
			<possibleresult>
				<name>Dry Cargo Ship</name>
			</possibleresult>
			<points>
				<point>625.000000,356.000000</point>
				<point>617.000000,343.000000</point>
				<point>545.000000,384.000000</point>
				<point>552.000000,398.000000</point>
				<point>625.000000,356.000000</point>
			</points>
		</object>
		<object>
			<coordinate>pixel</coordinate>
			<type>rectangle</type>
			<description>None</description>
			<possibleresult>
				<name>Dry Cargo Ship</name>
			</possibleresult>
			<points>
				<point>396.000000,469.000000</point>
				<point>404.000000,485.000000</point>
				<point>490.000000,436.000000</point>
				<point>480.000000,420.000000</point>
				<point>396.000000,469.000000</point>
			</points>
		</object>
		<object>
			<coordinate>pixel</coordinate>
			<type>rectangle</type>
			<description>None</description>
			<possibleresult>
				<name>Dry Cargo Ship</name>
			</possibleresult>
			<points>
				<point>247.000000,554.000000</point>
				<point>257.000000,575.000000</point>
				<point>365.000000,512.000000</point>
				<point>353.000000,493.000000</point>
				<point>247.000000,554.000000</point>
			</points>
		</object>
		<object>
			<coordinate>pixel</coordinate>
			<type>rectangle</type>
			<description>None</description>
			<possibleresult>
				<name>Dry Cargo Ship</name>
			</possibleresult>
			<points>
				<point>301.000000,972.000000</point>
				<point>321.000000,1005.000000</point>
				<point>559.000000,872.000000</point>
				<point>541.000000,838.000000</point>
				<point>301.000000,972.000000</point>
			</points>
		</object>
		<object>
			<coordinate>pixel</coordinate>
			<type>rectangle</type>
			<description>None</description>
			<possibleresult>
				<name>Intersection</name>
			</possibleresult>
			<points>
				<point>155.000000,112.000000</point>
				<point>138.000000,79.000000</point>
				<point>169.000000,61.000000</point>
				<point>186.000000,95.000000</point>
				<point>155.000000,112.000000</point>
			</points>
		</object>
	</objects>
</annotation>