<?xml version="1.0" encoding="utf-8"?>
<annotation>
	<source>
		<filename>5276.tif</filename>
		<origin>GF2/GF3</origin>
	</source>
	<research>
		<version>1.0</version>
		<provider>FAIR1M</provider>
		<author>Cyber</author>
		<pluginname>FAIR1M</pluginname>
		<pluginclass>object detection</pluginclass>
		<time>2021-07-21</time>
	</research>
	<size>
		<width>600</width>
		<height>800</height>
		<depth>3</depth>
	</size>
	<objects>
		<object>
			<coordinate>pixel</coordinate>
			<type>rectangle</type>
			<description>None</description>
			<possibleresult>
				<name>A220</name>
			</possibleresult>
			<points>
				<point>4.723980,509.033203</point>
				<point>-2.000008,453.000061</point>
				<point>47.999977,447.000061</point>
				<point>54.723965,503.033203</point>
				<point>4.723980,509.033203</point>
			</points>
		</object>
		<object>
			<coordinate>pixel</coordinate>
			<type>rectangle</type>
			<description>None</description>
			<possibleresult>
				<name>A220</name>
			</possibleresult>
			<points>
				<point>157.000000,485.000000</point>
				<point>107.000000,490.000000</point>
				<point>102.000000,442.000000</point>
				<point>152.000000,436.000000</point>
				<point>157.000000,485.000000</point>
			</points>
		</object>
		<object>
			<coordinate>pixel</coordinate>
			<type>rectangle</type>
			<description>None</description>
			<possibleresult>
				<name>A220</name>
			</possibleresult>
			<points>
				<point>272.000000,443.000031</point>
				<point>258.000000,492.000031</point>
				<point>209.000015,478.000031</point>
				<point>223.000031,429.000031</point>
				<point>272.000000,443.000031</point>
			</points>
		</object>
		<object>
			<coordinate>pixel</coordinate>
			<type>rectangle</type>
			<description>None</description>
			<possibleresult>
				<name>A330</name>
			</possibleresult>
			<points>
				<point>129.000000,111.000000</point>
				<point>51.000000,149.000000</point>
				<point>16.000000,76.000000</point>
				<point>94.000000,38.000000</point>
				<point>129.000000,111.000000</point>
			</points>
		</object>
		<object>
			<coordinate>pixel</coordinate>
			<type>rectangle</type>
			<description>None</description>
			<possibleresult>
				<name>Boeing737</name>
			</possibleresult>
			<points>
				<point>477.000000,159.000000</point>
				<point>432.000000,184.000000</point>
				<point>404.000000,132.000000</point>
				<point>449.000000,107.000000</point>
				<point>477.000000,159.000000</point>
			</points>
		</object>
		<object>
			<coordinate>pixel</coordinate>
			<type>rectangle</type>
			<description>None</description>
			<possibleresult>
				<name>A220</name>
			</possibleresult>
			<points>
				<point>208.000000,476.000000</point>
				<point>162.000000,483.000000</point>
				<point>154.000000,430.000000</point>
				<point>200.000000,423.000000</point>
				<point>208.000000,476.000000</point>
			</points>
		</object>
	</objects>
</annotation>