<?xml version="1.0" encoding="utf-8"?>
<annotation>
	<source>
		<filename>5337.tif</filename>
		<origin>GF2/GF3</origin>
	</source>
	<research>
		<version>1.0</version>
		<provider>FAIR1M</provider>
		<author>Cyber</author>
		<pluginname>FAIR1M</pluginname>
		<pluginclass>object detection</pluginclass>
		<time>2021-07-21</time>
	</research>
	<size>
		<width>800</width>
		<height>800</height>
		<depth>3</depth>
	</size>
	<objects>
		<object>
			<coordinate>pixel</coordinate>
			<type>rectangle</type>
			<description>None</description>
			<possibleresult>
				<name>ARJ21</name>
			</possibleresult>
			<points>
				<point>77.000000,648.000000</point>
				<point>28.000000,652.000000</point>
				<point>25.000000,615.000000</point>
				<point>74.000000,610.000000</point>
				<point>77.000000,648.000000</point>
			</points>
		</object>
		<object>
			<coordinate>pixel</coordinate>
			<type>rectangle</type>
			<description>None</description>
			<possibleresult>
				<name>other-airplane</name>
			</possibleresult>
			<points>
				<point>210.000000,628.000000</point>
				<point>178.000000,631.000000</point>
				<point>174.000000,591.000000</point>
				<point>206.000000,588.000000</point>
				<point>210.000000,628.000000</point>
			</points>
		</object>
		<object>
			<coordinate>pixel</coordinate>
			<type>rectangle</type>
			<description>None</description>
			<possibleresult>
				<name>A330</name>
			</possibleresult>
			<points>
				<point>371.000000,541.000000</point>
				<point>293.000000,548.000000</point>
				<point>287.000000,477.000000</point>
				<point>364.000000,470.000000</point>
				<point>371.000000,541.000000</point>
			</points>
		</object>
		<object>
			<coordinate>pixel</coordinate>
			<type>rectangle</type>
			<description>None</description>
			<possibleresult>
				<name>A321</name>
			</possibleresult>
			<points>
				<point>472.000000,500.000000</point>
				<point>426.000000,504.000000</point>
				<point>421.000000,446.000000</point>
				<point>467.000000,442.000000</point>
				<point>472.000000,500.000000</point>
			</points>
		</object>
		<object>
			<coordinate>pixel</coordinate>
			<type>rectangle</type>
			<description>None</description>
			<possibleresult>
				<name>other-airplane</name>
			</possibleresult>
			<points>
				<point>178.000000,363.000000</point>
				<point>149.000000,365.000000</point>
				<point>146.000000,326.000000</point>
				<point>175.000000,324.000000</point>
				<point>178.000000,363.000000</point>
			</points>
		</object>
		<object>
			<coordinate>pixel</coordinate>
			<type>rectangle</type>
			<description>None</description>
			<possibleresult>
				<name>A321</name>
			</possibleresult>
			<points>
				<point>450.000000,263.000000</point>
				<point>424.000000,299.000000</point>
				<point>381.000000,267.000000</point>
				<point>408.000000,231.000000</point>
				<point>450.000000,263.000000</point>
			</points>
		</object>
		<object>
			<coordinate>pixel</coordinate>
			<type>rectangle</type>
			<description>None</description>
			<possibleresult>
				<name>A350</name>
			</possibleresult>
			<points>
				<point>174.000015,79.000000</point>
				<point>90.004044,87.042168</point>
				<point>81.670212,0.000000</point>
				<point>166.436188,0.000001</point>
				<point>174.000015,79.000000</point>
			</points>
		</object>
	</objects>
</annotation>