<?xml version="1.0" encoding="utf-8"?>
<annotation>
	<source>
		<filename>5377.tif</filename>
		<origin>GF2/GF3</origin>
	</source>
	<research>
		<version>1.0</version>
		<provider>FAIR1M</provider>
		<author>Cyber</author>
		<pluginname>FAIR1M</pluginname>
		<pluginclass>object detection</pluginclass>
		<time>2021-07-21</time>
	</research>
	<size>
		<width>1000</width>
		<height>1000</height>
		<depth>3</depth>
	</size>
	<objects>
		<object>
			<coordinate>pixel</coordinate>
			<type>rectangle</type>
			<description>None</description>
			<possibleresult>
				<name>Van</name>
			</possibleresult>
			<points>
				<point>79.000000,721.000000</point>
				<point>64.000000,735.000000</point>
				<point>57.000000,727.000000</point>
				<point>72.000000,713.000000</point>
				<point>79.000000,721.000000</point>
			</points>
		</object>
		<object>
			<coordinate>pixel</coordinate>
			<type>rectangle</type>
			<description>None</description>
			<possibleresult>
				<name>Intersection</name>
			</possibleresult>
			<points>
				<point>342.000000,764.000000</point>
				<point>296.000000,818.000000</point>
				<point>235.000000,767.000000</point>
				<point>281.000000,712.000000</point>
				<point>342.000000,764.000000</point>
			</points>
		</object>
		<object>
			<coordinate>pixel</coordinate>
			<type>rectangle</type>
			<description>None</description>
			<possibleresult>
				<name>Van</name>
			</possibleresult>
			<points>
				<point>416.000000,645.000000</point>
				<point>409.000000,650.000000</point>
				<point>401.000000,639.000000</point>
				<point>409.000000,634.000000</point>
				<point>416.000000,645.000000</point>
			</points>
		</object>
		<object>
			<coordinate>pixel</coordinate>
			<type>rectangle</type>
			<description>None</description>
			<possibleresult>
				<name>Van</name>
			</possibleresult>
			<points>
				<point>406.000000,648.000000</point>
				<point>400.000000,654.000000</point>
				<point>393.000000,647.000000</point>
				<point>399.000000,641.000000</point>
				<point>406.000000,648.000000</point>
			</points>
		</object>
		<object>
			<coordinate>pixel</coordinate>
			<type>rectangle</type>
			<description>None</description>
			<possibleresult>
				<name>Small Car</name>
			</possibleresult>
			<points>
				<point>315.000000,686.000000</point>
				<point>309.000000,692.000000</point>
				<point>294.000000,679.000000</point>
				<point>300.000000,673.000000</point>
				<point>315.000000,686.000000</point>
			</points>
		</object>
		<object>
			<coordinate>pixel</coordinate>
			<type>rectangle</type>
			<description>None</description>
			<possibleresult>
				<name>Small Car</name>
			</possibleresult>
			<points>
				<point>240.000000,737.000000</point>
				<point>234.000000,743.000000</point>
				<point>220.000000,731.000000</point>
				<point>226.000000,724.000000</point>
				<point>240.000000,737.000000</point>
			</points>
		</object>
		<object>
			<coordinate>pixel</coordinate>
			<type>rectangle</type>
			<description>None</description>
			<possibleresult>
				<name>Bus</name>
			</possibleresult>
			<points>
				<point>283.000000,730.000000</point>
				<point>277.000000,737.000000</point>
				<point>259.000000,721.000000</point>
				<point>264.000000,714.000000</point>
				<point>283.000000,730.000000</point>
			</points>
		</object>
		<object>
			<coordinate>pixel</coordinate>
			<type>rectangle</type>
			<description>None</description>
			<possibleresult>
				<name>Trailer</name>
			</possibleresult>
			<points>
				<point>315.000000,737.000000</point>
				<point>313.000000,747.000000</point>
				<point>283.000000,740.000000</point>
				<point>285.000000,730.000000</point>
				<point>315.000000,737.000000</point>
			</points>
		</object>
		<object>
			<coordinate>pixel</coordinate>
			<type>rectangle</type>
			<description>None</description>
			<possibleresult>
				<name>Small Car</name>
			</possibleresult>
			<points>
				<point>924.000000,797.000000</point>
				<point>920.000000,803.000000</point>
				<point>906.000000,793.000000</point>
				<point>910.000000,787.000000</point>
				<point>924.000000,797.000000</point>
			</points>
		</object>
		<object>
			<coordinate>pixel</coordinate>
			<type>rectangle</type>
			<description>None</description>
			<possibleresult>
				<name>Dump Truck</name>
			</possibleresult>
			<points>
				<point>195.000000,283.000000</point>
				<point>179.000000,299.000000</point>
				<point>172.000000,292.000000</point>
				<point>188.000000,276.000000</point>
				<point>195.000000,283.000000</point>
			</points>
		</object>
		<object>
			<coordinate>pixel</coordinate>
			<type>rectangle</type>
			<description>None</description>
			<possibleresult>
				<name>Dump Truck</name>
			</possibleresult>
			<points>
				<point>467.000000,227.000000</point>
				<point>461.000000,246.000000</point>
				<point>452.000000,243.000000</point>
				<point>459.000000,224.000000</point>
				<point>467.000000,227.000000</point>
			</points>
		</object>
		<object>
			<coordinate>pixel</coordinate>
			<type>rectangle</type>
			<description>None</description>
			<possibleresult>
				<name>Van</name>
			</possibleresult>
			<points>
				<point>656.000000,325.000000</point>
				<point>648.000000,327.000000</point>
				<point>644.000000,309.000000</point>
				<point>653.000000,307.000000</point>
				<point>656.000000,325.000000</point>
			</points>
		</object>
		<object>
			<coordinate>pixel</coordinate>
			<type>rectangle</type>
			<description>None</description>
			<possibleresult>
				<name>Dump Truck</name>
			</possibleresult>
			<points>
				<point>675.000000,359.000000</point>
				<point>667.000000,365.000000</point>
				<point>653.000000,344.000000</point>
				<point>661.000000,339.000000</point>
				<point>675.000000,359.000000</point>
			</points>
		</object>
		<object>
			<coordinate>pixel</coordinate>
			<type>rectangle</type>
			<description>None</description>
			<possibleresult>
				<name>Intersection</name>
			</possibleresult>
			<points>
				<point>658.000000,287.000000</point>
				<point>608.000000,291.000000</point>
				<point>605.000000,252.000000</point>
				<point>654.000000,248.000000</point>
				<point>658.000000,287.000000</point>
			</points>
		</object>
		<object>
			<coordinate>pixel</coordinate>
			<type>rectangle</type>
			<description>None</description>
			<possibleresult>
				<name>Small Car</name>
			</possibleresult>
			<points>
				<point>692.000000,30.000000</point>
				<point>687.000000,36.000000</point>
				<point>676.000000,25.000000</point>
				<point>681.000000,20.000000</point>
				<point>692.000000,30.000000</point>
			</points>
		</object>
	</objects>
</annotation>