<?xml version="1.0" encoding="utf-8"?>
<annotation>
	<source>
		<filename>5456.tif</filename>
		<origin>GF2/GF3</origin>
	</source>
	<research>
		<version>1.0</version>
		<provider>FAIR1M</provider>
		<author>Cyber</author>
		<pluginname>FAIR1M</pluginname>
		<pluginclass>object detection</pluginclass>
		<time>2021-07-21</time>
	</research>
	<size>
		<width>800</width>
		<height>600</height>
		<depth>3</depth>
	</size>
	<objects>
		<object>
			<coordinate>pixel</coordinate>
			<type>rectangle</type>
			<description>None</description>
			<possibleresult>
				<name>Liquid Cargo Ship</name>
			</possibleresult>
			<points>
				<point>112.000000,321.000000</point>
				<point>44.000000,334.000000</point>
				<point>40.000000,313.000000</point>
				<point>108.000000,300.000000</point>
				<point>112.000000,321.000000</point>
			</points>
		</object>
	</objects>
</annotation>