<?xml version="1.0" encoding="utf-8"?>
<annotation>
	<source>
		<filename>5473.tif</filename>
		<origin>GF2/GF3</origin>
	</source>
	<research>
		<version>1.0</version>
		<provider>FAIR1M</provider>
		<author>Cyber</author>
		<pluginname>FAIR1M</pluginname>
		<pluginclass>object detection</pluginclass>
		<time>2021-07-21</time>
	</research>
	<size>
		<width>1000</width>
		<height>1000</height>
		<depth>3</depth>
	</size>
	<objects>
		<object>
			<coordinate>pixel</coordinate>
			<type>rectangle</type>
			<description>None</description>
			<possibleresult>
				<name>A220</name>
			</possibleresult>
			<points>
				<point>706.000000,789.000000</point>
				<point>669.000000,849.000000</point>
				<point>723.000000,882.000000</point>
				<point>760.000000,823.000000</point>
				<point>706.000000,789.000000</point>
			</points>
		</object>
	</objects>
</annotation>