<?xml version="1.0" encoding="utf-8"?>
<annotation>
	<source>
		<filename>5487.tif</filename>
		<origin>GF2/GF3</origin>
	</source>
	<research>
		<version>1.0</version>
		<provider>FAIR1M</provider>
		<author>Cyber</author>
		<pluginname>FAIR1M</pluginname>
		<pluginclass>object detection</pluginclass>
		<time>2021-07-21</time>
	</research>
	<size>
		<width>600</width>
		<height>800</height>
		<depth>4</depth>
	</size>
	<objects>
		<object>
			<coordinate>pixel</coordinate>
			<type>rectangle</type>
			<description>None</description>
			<possibleresult>
				<name>Tennis Court</name>
			</possibleresult>
			<points>
				<point>157.000000,188.000000</point>
				<point>156.000000,268.000000</point>
				<point>111.000000,268.000000</point>
				<point>111.000000,187.000000</point>
				<point>157.000000,188.000000</point>
			</points>
		</object>
		<object>
			<coordinate>pixel</coordinate>
			<type>rectangle</type>
			<description>None</description>
			<possibleresult>
				<name>Tennis Court</name>
			</possibleresult>
			<points>
				<point>96.000000,268.000000</point>
				<point>50.000000,268.000000</point>
				<point>49.000000,187.000000</point>
				<point>96.000000,186.000000</point>
				<point>96.000000,268.000000</point>
			</points>
		</object>
		<object>
			<coordinate>pixel</coordinate>
			<type>rectangle</type>
			<description>None</description>
			<possibleresult>
				<name>Tennis Court</name>
			</possibleresult>
			<points>
				<point>480.000000,579.000000</point>
				<point>436.000000,579.000000</point>
				<point>436.000000,498.000000</point>
				<point>480.000000,498.000000</point>
				<point>480.000000,579.000000</point>
			</points>
		</object>
		<object>
			<coordinate>pixel</coordinate>
			<type>rectangle</type>
			<description>None</description>
			<possibleresult>
				<name>Tennis Court</name>
			</possibleresult>
			<points>
				<point>421.000000,579.000000</point>
				<point>376.000000,579.000000</point>
				<point>376.000000,498.000000</point>
				<point>421.000000,497.000000</point>
				<point>421.000000,579.000000</point>
			</points>
		</object>
		<object>
			<coordinate>pixel</coordinate>
			<type>rectangle</type>
			<description>None</description>
			<possibleresult>
				<name>Tennis Court</name>
			</possibleresult>
			<points>
				<point>363.000000,579.000000</point>
				<point>317.000000,580.000000</point>
				<point>317.000000,498.000000</point>
				<point>362.000000,498.000000</point>
				<point>363.000000,579.000000</point>
			</points>
		</object>
		<object>
			<coordinate>pixel</coordinate>
			<type>rectangle</type>
			<description>None</description>
			<possibleresult>
				<name>Tennis Court</name>
			</possibleresult>
			<points>
				<point>35.000000,268.000000</point>
				<point>0.000000,268.000000</point>
				<point>0.000000,187.000000</point>
				<point>35.000000,187.000000</point>
				<point>35.000000,268.000000</point>
			</points>
		</object>
		<object>
			<coordinate>pixel</coordinate>
			<type>rectangle</type>
			<description>None</description>
			<possibleresult>
				<name>Tennis Court</name>
			</possibleresult>
			<points>
				<point>282.000000,350.000000</point>
				<point>281.000000,430.000000</point>
				<point>235.000000,431.000000</point>
				<point>235.000000,349.000000</point>
				<point>282.000000,350.000000</point>
			</points>
		</object>
		<object>
			<coordinate>pixel</coordinate>
			<type>rectangle</type>
			<description>None</description>
			<possibleresult>
				<name>Tennis Court</name>
			</possibleresult>
			<points>
				<point>243.000000,579.000000</point>
				<point>198.000000,580.000000</point>
				<point>198.000000,499.000000</point>
				<point>241.000000,500.000000</point>
				<point>243.000000,579.000000</point>
			</points>
		</object>
		<object>
			<coordinate>pixel</coordinate>
			<type>rectangle</type>
			<description>None</description>
			<possibleresult>
				<name>Tennis Court</name>
			</possibleresult>
			<points>
				<point>184.000000,579.000000</point>
				<point>137.000000,582.000000</point>
				<point>138.000000,498.000000</point>
				<point>182.000000,499.000000</point>
				<point>184.000000,579.000000</point>
			</points>
		</object>
		<object>
			<coordinate>pixel</coordinate>
			<type>rectangle</type>
			<description>None</description>
			<possibleresult>
				<name>Tennis Court</name>
			</possibleresult>
			<points>
				<point>302.000000,581.000000</point>
				<point>258.000000,579.000000</point>
				<point>257.000000,500.000000</point>
				<point>302.000000,499.000000</point>
				<point>302.000000,581.000000</point>
			</points>
		</object>
		<object>
			<coordinate>pixel</coordinate>
			<type>rectangle</type>
			<description>None</description>
			<possibleresult>
				<name>Dump Truck</name>
			</possibleresult>
			<points>
				<point>211.000000,257.000000</point>
				<point>189.000000,257.000000</point>
				<point>189.000000,249.000000</point>
				<point>211.000000,249.000000</point>
				<point>211.000000,257.000000</point>
			</points>
		</object>
		<object>
			<coordinate>pixel</coordinate>
			<type>rectangle</type>
			<description>None</description>
			<possibleresult>
				<name>Small Car</name>
			</possibleresult>
			<points>
				<point>210.000000,265.000000</point>
				<point>189.000000,266.000000</point>
				<point>189.000000,258.000000</point>
				<point>210.000000,258.000000</point>
				<point>210.000000,265.000000</point>
			</points>
		</object>
		<object>
			<coordinate>pixel</coordinate>
			<type>rectangle</type>
			<description>None</description>
			<possibleresult>
				<name>Dump Truck</name>
			</possibleresult>
			<points>
				<point>483.000000,440.000000</point>
				<point>477.000000,445.000000</point>
				<point>465.000000,434.000000</point>
				<point>471.000000,428.000000</point>
				<point>483.000000,440.000000</point>
			</points>
		</object>
	</objects>
</annotation>