<?xml version="1.0" encoding="utf-8"?>
<annotation>
	<source>
		<filename>5564.tif</filename>
		<origin>GF2/GF3</origin>
	</source>
	<research>
		<version>1.0</version>
		<provider>FAIR1M</provider>
		<author>Cyber</author>
		<pluginname>FAIR1M</pluginname>
		<pluginclass>object detection</pluginclass>
		<time>2021-07-21</time>
	</research>
	<size>
		<width>700</width>
		<height>700</height>
		<depth>3</depth>
	</size>
	<objects>
		<object>
			<coordinate>pixel</coordinate>
			<type>rectangle</type>
			<description>None</description>
			<possibleresult>
				<name>other-airplane</name>
			</possibleresult>
			<points>
				<point>203.000000,321.000000</point>
				<point>178.000000,352.000000</point>
				<point>153.000000,331.000000</point>
				<point>178.000000,301.000000</point>
				<point>203.000000,321.000000</point>
			</points>
		</object>
		<object>
			<coordinate>pixel</coordinate>
			<type>rectangle</type>
			<description>None</description>
			<possibleresult>
				<name>A220</name>
			</possibleresult>
			<points>
				<point>391.000000,470.000000</point>
				<point>361.000000,504.000000</point>
				<point>326.000000,473.000000</point>
				<point>356.000000,439.000000</point>
				<point>391.000000,470.000000</point>
			</points>
		</object>
		<object>
			<coordinate>pixel</coordinate>
			<type>rectangle</type>
			<description>None</description>
			<possibleresult>
				<name>Boeing737</name>
			</possibleresult>
			<points>
				<point>549.000000,296.000000</point>
				<point>522.000000,329.000000</point>
				<point>484.000000,297.000000</point>
				<point>511.000000,264.000000</point>
				<point>549.000000,296.000000</point>
			</points>
		</object>
		<object>
			<coordinate>pixel</coordinate>
			<type>rectangle</type>
			<description>None</description>
			<possibleresult>
				<name>A220</name>
			</possibleresult>
			<points>
				<point>696.045349,157.950165</point>
				<point>662.000061,126.999954</point>
				<point>692.000061,93.999954</point>
				<point>726.045349,124.950165</point>
				<point>696.045349,157.950165</point>
			</points>
		</object>
	</objects>
</annotation>