<?xml version="1.0" encoding="utf-8"?>
<annotation>
	<source>
		<filename>5581.tif</filename>
		<origin>GF2/GF3</origin>
	</source>
	<research>
		<version>1.0</version>
		<provider>FAIR1M</provider>
		<author>Cyber</author>
		<pluginname>FAIR1M</pluginname>
		<pluginclass>object detection</pluginclass>
		<time>2021-07-21</time>
	</research>
	<size>
		<width>1000</width>
		<height>1000</height>
		<depth>3</depth>
	</size>
	<objects>
		<object>
			<coordinate>pixel</coordinate>
			<type>rectangle</type>
			<description>None</description>
			<possibleresult>
				<name>other-airplane</name>
			</possibleresult>
			<points>
				<point>138.000000,236.000000</point>
				<point>180.000000,231.000000</point>
				<point>175.000000,196.000000</point>
				<point>134.000000,201.000000</point>
				<point>138.000000,236.000000</point>
			</points>
		</object>
		<object>
			<coordinate>pixel</coordinate>
			<type>rectangle</type>
			<description>None</description>
			<possibleresult>
				<name>A321</name>
			</possibleresult>
			<points>
				<point>257.000000,349.000000</point>
				<point>260.000000,402.000000</point>
				<point>303.000000,400.000000</point>
				<point>300.000000,347.000000</point>
				<point>257.000000,349.000000</point>
			</points>
		</object>
		<object>
			<coordinate>pixel</coordinate>
			<type>rectangle</type>
			<description>None</description>
			<possibleresult>
				<name>A220</name>
			</possibleresult>
			<points>
				<point>269.000000,590.000000</point>
				<point>271.000000,546.000000</point>
				<point>227.000000,544.000000</point>
				<point>224.000000,587.000000</point>
				<point>269.000000,590.000000</point>
			</points>
		</object>
		<object>
			<coordinate>pixel</coordinate>
			<type>rectangle</type>
			<description>None</description>
			<possibleresult>
				<name>A220</name>
			</possibleresult>
			<points>
				<point>410.000000,334.000000</point>
				<point>412.000000,377.000000</point>
				<point>456.000000,375.000000</point>
				<point>453.000000,332.000000</point>
				<point>410.000000,334.000000</point>
			</points>
		</object>
		<object>
			<coordinate>pixel</coordinate>
			<type>rectangle</type>
			<description>None</description>
			<possibleresult>
				<name>A220</name>
			</possibleresult>
			<points>
				<point>460.000000,573.000000</point>
				<point>458.000000,529.000000</point>
				<point>414.000000,531.000000</point>
				<point>416.000000,575.000000</point>
				<point>460.000000,573.000000</point>
			</points>
		</object>
		<object>
			<coordinate>pixel</coordinate>
			<type>rectangle</type>
			<description>None</description>
			<possibleresult>
				<name>Boeing737</name>
			</possibleresult>
			<points>
				<point>519.000000,577.000000</point>
				<point>509.000000,528.000000</point>
				<point>465.000000,536.000000</point>
				<point>474.000000,585.000000</point>
				<point>519.000000,577.000000</point>
			</points>
		</object>
		<object>
			<coordinate>pixel</coordinate>
			<type>rectangle</type>
			<description>None</description>
			<possibleresult>
				<name>A220</name>
			</possibleresult>
			<points>
				<point>843.000000,413.000000</point>
				<point>874.000000,386.000000</point>
				<point>846.000000,354.000000</point>
				<point>815.000000,382.000000</point>
				<point>843.000000,413.000000</point>
			</points>
		</object>
		<object>
			<coordinate>pixel</coordinate>
			<type>rectangle</type>
			<description>None</description>
			<possibleresult>
				<name>A321</name>
			</possibleresult>
			<points>
				<point>945.000000,465.000000</point>
				<point>891.000000,474.000000</point>
				<point>898.000000,518.000000</point>
				<point>952.000000,509.000000</point>
				<point>945.000000,465.000000</point>
			</points>
		</object>
		<object>
			<coordinate>pixel</coordinate>
			<type>rectangle</type>
			<description>None</description>
			<possibleresult>
				<name>A321</name>
			</possibleresult>
			<points>
				<point>983.000000,424.000000</point>
				<point>926.000000,413.000000</point>
				<point>918.000000,456.000000</point>
				<point>974.000000,467.000000</point>
				<point>983.000000,424.000000</point>
			</points>
		</object>
	</objects>
</annotation>