<?xml version="1.0" encoding="utf-8"?>
<annotation>
	<source>
		<filename>5599.tif</filename>
		<origin>GF2/GF3</origin>
	</source>
	<research>
		<version>1.0</version>
		<provider>FAIR1M</provider>
		<author>Cyber</author>
		<pluginname>FAIR1M</pluginname>
		<pluginclass>object detection</pluginclass>
		<time>2021-07-21</time>
	</research>
	<size>
		<width>600</width>
		<height>800</height>
		<depth>4</depth>
	</size>
	<objects>
		<object>
			<coordinate>pixel</coordinate>
			<type>rectangle</type>
			<description>None</description>
			<possibleresult>
				<name>Small Car</name>
			</possibleresult>
			<points>
				<point>599.000000,558.000000</point>
				<point>579.000000,560.000000</point>
				<point>578.000000,553.000000</point>
				<point>599.000000,551.000000</point>
				<point>599.000000,558.000000</point>
			</points>
		</object>
		<object>
			<coordinate>pixel</coordinate>
			<type>rectangle</type>
			<description>None</description>
			<possibleresult>
				<name>Small Car</name>
			</possibleresult>
			<points>
				<point>135.000000,170.000000</point>
				<point>127.000000,174.000000</point>
				<point>121.000000,160.000000</point>
				<point>129.000000,157.000000</point>
				<point>135.000000,170.000000</point>
			</points>
		</object>
		<object>
			<coordinate>pixel</coordinate>
			<type>rectangle</type>
			<description>None</description>
			<possibleresult>
				<name>Small Car</name>
			</possibleresult>
			<points>
				<point>119.000000,169.000000</point>
				<point>111.000000,172.000000</point>
				<point>105.000000,156.000000</point>
				<point>114.000000,153.000000</point>
				<point>119.000000,169.000000</point>
			</points>
		</object>
		<object>
			<coordinate>pixel</coordinate>
			<type>rectangle</type>
			<description>None</description>
			<possibleresult>
				<name>Small Car</name>
			</possibleresult>
			<points>
				<point>148.000000,202.000000</point>
				<point>140.000000,206.000000</point>
				<point>132.000000,190.000000</point>
				<point>139.000000,186.000000</point>
				<point>148.000000,202.000000</point>
			</points>
		</object>
		<object>
			<coordinate>pixel</coordinate>
			<type>rectangle</type>
			<description>None</description>
			<possibleresult>
				<name>Van</name>
			</possibleresult>
			<points>
				<point>129.000000,198.000000</point>
				<point>122.000000,200.000000</point>
				<point>116.000000,183.000000</point>
				<point>123.000000,181.000000</point>
				<point>129.000000,198.000000</point>
			</points>
		</object>
		<object>
			<coordinate>pixel</coordinate>
			<type>rectangle</type>
			<description>None</description>
			<possibleresult>
				<name>Van</name>
			</possibleresult>
			<points>
				<point>162.000000,229.000000</point>
				<point>153.000000,233.000000</point>
				<point>145.000000,217.000000</point>
				<point>154.000000,213.000000</point>
				<point>162.000000,229.000000</point>
			</points>
		</object>
		<object>
			<coordinate>pixel</coordinate>
			<type>rectangle</type>
			<description>None</description>
			<possibleresult>
				<name>Dump Truck</name>
			</possibleresult>
			<points>
				<point>140.000000,222.000000</point>
				<point>133.000000,225.000000</point>
				<point>125.000000,209.000000</point>
				<point>131.000000,206.000000</point>
				<point>140.000000,222.000000</point>
			</points>
		</object>
		<object>
			<coordinate>pixel</coordinate>
			<type>rectangle</type>
			<description>None</description>
			<possibleresult>
				<name>Small Car</name>
			</possibleresult>
			<points>
				<point>148.000000,246.000000</point>
				<point>139.000000,249.000000</point>
				<point>133.000000,234.000000</point>
				<point>143.000000,230.000000</point>
				<point>148.000000,246.000000</point>
			</points>
		</object>
		<object>
			<coordinate>pixel</coordinate>
			<type>rectangle</type>
			<description>None</description>
			<possibleresult>
				<name>Van</name>
			</possibleresult>
			<points>
				<point>170.000000,256.000000</point>
				<point>162.000000,259.000000</point>
				<point>155.000000,243.000000</point>
				<point>163.000000,239.000000</point>
				<point>170.000000,256.000000</point>
			</points>
		</object>
		<object>
			<coordinate>pixel</coordinate>
			<type>rectangle</type>
			<description>None</description>
			<possibleresult>
				<name>Dump Truck</name>
			</possibleresult>
			<points>
				<point>159.000000,273.000000</point>
				<point>151.000000,276.000000</point>
				<point>145.000000,259.000000</point>
				<point>153.000000,256.000000</point>
				<point>159.000000,273.000000</point>
			</points>
		</object>
		<object>
			<coordinate>pixel</coordinate>
			<type>rectangle</type>
			<description>None</description>
			<possibleresult>
				<name>Small Car</name>
			</possibleresult>
			<points>
				<point>167.000000,297.000000</point>
				<point>159.000000,300.000000</point>
				<point>154.000000,284.000000</point>
				<point>163.000000,282.000000</point>
				<point>167.000000,297.000000</point>
			</points>
		</object>
		<object>
			<coordinate>pixel</coordinate>
			<type>rectangle</type>
			<description>None</description>
			<possibleresult>
				<name>Van</name>
			</possibleresult>
			<points>
				<point>180.000000,283.000000</point>
				<point>172.000000,286.000000</point>
				<point>165.000000,268.000000</point>
				<point>173.000000,265.000000</point>
				<point>180.000000,283.000000</point>
			</points>
		</object>
		<object>
			<coordinate>pixel</coordinate>
			<type>rectangle</type>
			<description>None</description>
			<possibleresult>
				<name>Van</name>
			</possibleresult>
			<points>
				<point>189.000000,308.000000</point>
				<point>181.000000,310.000000</point>
				<point>176.000000,295.000000</point>
				<point>184.000000,292.000000</point>
				<point>189.000000,308.000000</point>
			</points>
		</object>
		<object>
			<coordinate>pixel</coordinate>
			<type>rectangle</type>
			<description>None</description>
			<possibleresult>
				<name>Van</name>
			</possibleresult>
			<points>
				<point>177.000000,324.000000</point>
				<point>168.000000,327.000000</point>
				<point>161.000000,308.000000</point>
				<point>171.000000,305.000000</point>
				<point>177.000000,324.000000</point>
			</points>
		</object>
		<object>
			<coordinate>pixel</coordinate>
			<type>rectangle</type>
			<description>None</description>
			<possibleresult>
				<name>Van</name>
			</possibleresult>
			<points>
				<point>187.000000,347.000000</point>
				<point>180.000000,349.000000</point>
				<point>174.000000,334.000000</point>
				<point>181.000000,331.000000</point>
				<point>187.000000,347.000000</point>
			</points>
		</object>
		<object>
			<coordinate>pixel</coordinate>
			<type>rectangle</type>
			<description>None</description>
			<possibleresult>
				<name>Dump Truck</name>
			</possibleresult>
			<points>
				<point>197.000000,376.000000</point>
				<point>188.000000,379.000000</point>
				<point>181.000000,358.000000</point>
				<point>190.000000,355.000000</point>
				<point>197.000000,376.000000</point>
			</points>
		</object>
		<object>
			<coordinate>pixel</coordinate>
			<type>rectangle</type>
			<description>None</description>
			<possibleresult>
				<name>Van</name>
			</possibleresult>
			<points>
				<point>208.000000,401.000000</point>
				<point>198.000000,404.000000</point>
				<point>193.000000,389.000000</point>
				<point>203.000000,386.000000</point>
				<point>208.000000,401.000000</point>
			</points>
		</object>
		<object>
			<coordinate>pixel</coordinate>
			<type>rectangle</type>
			<description>None</description>
			<possibleresult>
				<name>Van</name>
			</possibleresult>
			<points>
				<point>213.000000,425.000000</point>
				<point>206.000000,428.000000</point>
				<point>201.000000,411.000000</point>
				<point>208.000000,409.000000</point>
				<point>213.000000,425.000000</point>
			</points>
		</object>
		<object>
			<coordinate>pixel</coordinate>
			<type>rectangle</type>
			<description>None</description>
			<possibleresult>
				<name>Dump Truck</name>
			</possibleresult>
			<points>
				<point>221.000000,448.000000</point>
				<point>213.000000,451.000000</point>
				<point>208.000000,435.000000</point>
				<point>216.000000,433.000000</point>
				<point>221.000000,448.000000</point>
			</points>
		</object>
		<object>
			<coordinate>pixel</coordinate>
			<type>rectangle</type>
			<description>None</description>
			<possibleresult>
				<name>other-vehicle</name>
			</possibleresult>
			<points>
				<point>241.000000,502.000000</point>
				<point>228.000000,506.000000</point>
				<point>221.000000,485.000000</point>
				<point>234.000000,481.000000</point>
				<point>241.000000,502.000000</point>
			</points>
		</object>
		<object>
			<coordinate>pixel</coordinate>
			<type>rectangle</type>
			<description>None</description>
			<possibleresult>
				<name>Small Car</name>
			</possibleresult>
			<points>
				<point>231.000000,478.000000</point>
				<point>219.000000,482.000000</point>
				<point>211.000000,462.000000</point>
				<point>223.000000,457.000000</point>
				<point>231.000000,478.000000</point>
			</points>
		</object>
		<object>
			<coordinate>pixel</coordinate>
			<type>rectangle</type>
			<description>None</description>
			<possibleresult>
				<name>Van</name>
			</possibleresult>
			<points>
				<point>265.000000,579.000000</point>
				<point>257.000000,582.000000</point>
				<point>251.000000,566.000000</point>
				<point>259.000000,563.000000</point>
				<point>265.000000,579.000000</point>
			</points>
		</object>
		<object>
			<coordinate>pixel</coordinate>
			<type>rectangle</type>
			<description>None</description>
			<possibleresult>
				<name>Small Car</name>
			</possibleresult>
			<points>
				<point>246.000000,525.000000</point>
				<point>238.000000,528.000000</point>
				<point>233.000000,513.000000</point>
				<point>241.000000,510.000000</point>
				<point>246.000000,525.000000</point>
			</points>
		</object>
		<object>
			<coordinate>pixel</coordinate>
			<type>rectangle</type>
			<description>None</description>
			<possibleresult>
				<name>Van</name>
			</possibleresult>
			<points>
				<point>257.000000,560.000000</point>
				<point>249.000000,563.000000</point>
				<point>243.000000,547.000000</point>
				<point>252.000000,544.000000</point>
				<point>257.000000,560.000000</point>
			</points>
		</object>
		<object>
			<coordinate>pixel</coordinate>
			<type>rectangle</type>
			<description>None</description>
			<possibleresult>
				<name>Small Car</name>
			</possibleresult>
			<points>
				<point>32.000000,503.000000</point>
				<point>23.000000,504.000000</point>
				<point>21.000000,486.000000</point>
				<point>30.000000,485.000000</point>
				<point>32.000000,503.000000</point>
			</points>
		</object>
		<object>
			<coordinate>pixel</coordinate>
			<type>rectangle</type>
			<description>None</description>
			<possibleresult>
				<name>Van</name>
			</possibleresult>
			<points>
				<point>41.000000,604.000000</point>
				<point>32.000000,606.000000</point>
				<point>27.000000,589.000000</point>
				<point>36.000000,586.000000</point>
				<point>41.000000,604.000000</point>
			</points>
		</object>
		<object>
			<coordinate>pixel</coordinate>
			<type>rectangle</type>
			<description>None</description>
			<possibleresult>
				<name>Van</name>
			</possibleresult>
			<points>
				<point>192.000000,687.000000</point>
				<point>171.000000,691.000000</point>
				<point>170.000000,683.000000</point>
				<point>190.000000,679.000000</point>
				<point>192.000000,687.000000</point>
			</points>
		</object>
		<object>
			<coordinate>pixel</coordinate>
			<type>rectangle</type>
			<description>None</description>
			<possibleresult>
				<name>Van</name>
			</possibleresult>
			<points>
				<point>145.000000,699.000000</point>
				<point>121.000000,702.000000</point>
				<point>120.000000,695.000000</point>
				<point>144.000000,691.000000</point>
				<point>145.000000,699.000000</point>
			</points>
		</object>
		<object>
			<coordinate>pixel</coordinate>
			<type>rectangle</type>
			<description>None</description>
			<possibleresult>
				<name>Van</name>
			</possibleresult>
			<points>
				<point>22.000000,760.000000</point>
				<point>13.000000,761.000000</point>
				<point>10.000000,747.000000</point>
				<point>19.000000,745.000000</point>
				<point>22.000000,760.000000</point>
			</points>
		</object>
		<object>
			<coordinate>pixel</coordinate>
			<type>rectangle</type>
			<description>None</description>
			<possibleresult>
				<name>Van</name>
			</possibleresult>
			<points>
				<point>44.000000,758.000000</point>
				<point>36.000000,759.000000</point>
				<point>33.000000,742.000000</point>
				<point>41.000000,741.000000</point>
				<point>44.000000,758.000000</point>
			</points>
		</object>
		<object>
			<coordinate>pixel</coordinate>
			<type>rectangle</type>
			<description>None</description>
			<possibleresult>
				<name>Van</name>
			</possibleresult>
			<points>
				<point>31.000000,659.000000</point>
				<point>23.000000,660.000000</point>
				<point>22.000000,652.000000</point>
				<point>29.000000,651.000000</point>
				<point>31.000000,659.000000</point>
			</points>
		</object>
		<object>
			<coordinate>pixel</coordinate>
			<type>rectangle</type>
			<description>None</description>
			<possibleresult>
				<name>Van</name>
			</possibleresult>
			<points>
				<point>56.000000,663.000000</point>
				<point>47.000000,665.000000</point>
				<point>44.000000,649.000000</point>
				<point>52.000000,647.000000</point>
				<point>56.000000,663.000000</point>
			</points>
		</object>
		<object>
			<coordinate>pixel</coordinate>
			<type>rectangle</type>
			<description>None</description>
			<possibleresult>
				<name>Van</name>
			</possibleresult>
			<points>
				<point>185.000000,120.000000</point>
				<point>172.000000,133.000000</point>
				<point>166.000000,127.000000</point>
				<point>179.000000,114.000000</point>
				<point>185.000000,120.000000</point>
			</points>
		</object>
		<object>
			<coordinate>pixel</coordinate>
			<type>rectangle</type>
			<description>None</description>
			<possibleresult>
				<name>Cargo Truck</name>
			</possibleresult>
			<points>
				<point>135.000000,88.000000</point>
				<point>133.000000,100.000000</point>
				<point>74.000000,88.000000</point>
				<point>77.000000,76.000000</point>
				<point>135.000000,88.000000</point>
			</points>
		</object>
		<object>
			<coordinate>pixel</coordinate>
			<type>rectangle</type>
			<description>None</description>
			<possibleresult>
				<name>Cargo Truck</name>
			</possibleresult>
			<points>
				<point>55.000000,124.000000</point>
				<point>48.000000,132.000000</point>
				<point>5.000000,94.000000</point>
				<point>12.000000,86.000000</point>
				<point>55.000000,124.000000</point>
			</points>
		</object>
		<object>
			<coordinate>pixel</coordinate>
			<type>rectangle</type>
			<description>None</description>
			<possibleresult>
				<name>Small Car</name>
			</possibleresult>
			<points>
				<point>147.000000,42.000000</point>
				<point>126.000000,43.000000</point>
				<point>125.000000,36.000000</point>
				<point>147.000000,34.000000</point>
				<point>147.000000,42.000000</point>
			</points>
		</object>
		<object>
			<coordinate>pixel</coordinate>
			<type>rectangle</type>
			<description>None</description>
			<possibleresult>
				<name>Small Car</name>
			</possibleresult>
			<points>
				<point>157.000000,52.000000</point>
				<point>136.000000,54.000000</point>
				<point>136.000000,47.000000</point>
				<point>157.000000,45.000000</point>
				<point>157.000000,52.000000</point>
			</points>
		</object>
		<object>
			<coordinate>pixel</coordinate>
			<type>rectangle</type>
			<description>None</description>
			<possibleresult>
				<name>Cargo Truck</name>
			</possibleresult>
			<points>
				<point>179.000000,41.000000</point>
				<point>151.000000,41.000000</point>
				<point>151.000000,32.000000</point>
				<point>178.000000,31.000000</point>
				<point>179.000000,41.000000</point>
			</points>
		</object>
		<object>
			<coordinate>pixel</coordinate>
			<type>rectangle</type>
			<description>None</description>
			<possibleresult>
				<name>Small Car</name>
			</possibleresult>
			<points>
				<point>223.000000,36.000000</point>
				<point>202.000000,38.000000</point>
				<point>202.000000,31.000000</point>
				<point>222.000000,29.000000</point>
				<point>223.000000,36.000000</point>
			</points>
		</object>
		<object>
			<coordinate>pixel</coordinate>
			<type>rectangle</type>
			<description>None</description>
			<possibleresult>
				<name>Van</name>
			</possibleresult>
			<points>
				<point>268.000000,74.000000</point>
				<point>247.000000,74.000000</point>
				<point>247.000000,67.000000</point>
				<point>268.000000,66.000000</point>
				<point>268.000000,74.000000</point>
			</points>
		</object>
		<object>
			<coordinate>pixel</coordinate>
			<type>rectangle</type>
			<description>None</description>
			<possibleresult>
				<name>Small Car</name>
			</possibleresult>
			<points>
				<point>251.000000,35.000000</point>
				<point>230.000000,35.000000</point>
				<point>230.000000,27.000000</point>
				<point>251.000000,27.000000</point>
				<point>251.000000,35.000000</point>
			</points>
		</object>
		<object>
			<coordinate>pixel</coordinate>
			<type>rectangle</type>
			<description>None</description>
			<possibleresult>
				<name>Van</name>
			</possibleresult>
			<points>
				<point>279.000000,33.000000</point>
				<point>261.000000,33.000000</point>
				<point>261.000000,26.000000</point>
				<point>279.000000,26.000000</point>
				<point>279.000000,33.000000</point>
			</points>
		</object>
		<object>
			<coordinate>pixel</coordinate>
			<type>rectangle</type>
			<description>None</description>
			<possibleresult>
				<name>Van</name>
			</possibleresult>
			<points>
				<point>347.000000,26.000000</point>
				<point>329.000000,36.000000</point>
				<point>325.000000,29.000000</point>
				<point>343.000000,18.000000</point>
				<point>347.000000,26.000000</point>
			</points>
		</object>
		<object>
			<coordinate>pixel</coordinate>
			<type>rectangle</type>
			<description>None</description>
			<possibleresult>
				<name>Van</name>
			</possibleresult>
			<points>
				<point>332.000000,85.000000</point>
				<point>311.000000,86.000000</point>
				<point>311.000000,79.000000</point>
				<point>331.000000,78.000000</point>
				<point>332.000000,85.000000</point>
			</points>
		</object>
		<object>
			<coordinate>pixel</coordinate>
			<type>rectangle</type>
			<description>None</description>
			<possibleresult>
				<name>Small Car</name>
			</possibleresult>
			<points>
				<point>548.000000,52.000000</point>
				<point>531.000000,53.000000</point>
				<point>530.000000,47.000000</point>
				<point>548.000000,46.000000</point>
				<point>548.000000,52.000000</point>
			</points>
		</object>
		<object>
			<coordinate>pixel</coordinate>
			<type>rectangle</type>
			<description>None</description>
			<possibleresult>
				<name>Motorboat</name>
			</possibleresult>
			<points>
				<point>586.000000,202.000000</point>
				<point>576.000000,205.000000</point>
				<point>569.000000,182.000000</point>
				<point>578.000000,179.000000</point>
				<point>586.000000,202.000000</point>
			</points>
		</object>
		<object>
			<coordinate>pixel</coordinate>
			<type>rectangle</type>
			<description>None</description>
			<possibleresult>
				<name>Intersection</name>
			</possibleresult>
			<points>
				<point>343.000000,722.000000</point>
				<point>227.000000,753.000000</point>
				<point>189.000000,606.000000</point>
				<point>305.000000,575.000000</point>
				<point>343.000000,722.000000</point>
			</points>
		</object>
		<object>
			<coordinate>pixel</coordinate>
			<type>rectangle</type>
			<description>None</description>
			<possibleresult>
				<name>Van</name>
			</possibleresult>
			<points>
				<point>190.000000,701.000000</point>
				<point>166.000000,707.000000</point>
				<point>164.000000,698.000000</point>
				<point>188.000000,693.000000</point>
				<point>190.000000,701.000000</point>
			</points>
		</object>
		<object>
			<coordinate>pixel</coordinate>
			<type>rectangle</type>
			<description>None</description>
			<possibleresult>
				<name>Van</name>
			</possibleresult>
			<points>
				<point>105.000000,747.000000</point>
				<point>95.000000,749.000000</point>
				<point>92.000000,736.000000</point>
				<point>102.000000,734.000000</point>
				<point>105.000000,747.000000</point>
			</points>
		</object>
	</objects>
</annotation>