<?xml version="1.0" encoding="utf-8"?>
<annotation>
	<source>
		<filename>5617.tif</filename>
		<origin>GF2/GF3</origin>
	</source>
	<research>
		<version>1.0</version>
		<provider>FAIR1M</provider>
		<author>Cyber</author>
		<pluginname>FAIR1M</pluginname>
		<pluginclass>object detection</pluginclass>
		<time>2021-07-21</time>
	</research>
	<size>
		<width>800</width>
		<height>600</height>
		<depth>3</depth>
	</size>
	<objects>
		<object>
			<coordinate>pixel</coordinate>
			<type>rectangle</type>
			<description>None</description>
			<possibleresult>
				<name>other-airplane</name>
			</possibleresult>
			<points>
				<point>124.000000,244.000000</point>
				<point>94.000000,246.000000</point>
				<point>92.000000,221.000000</point>
				<point>122.000000,218.000000</point>
				<point>124.000000,244.000000</point>
			</points>
		</object>
		<object>
			<coordinate>pixel</coordinate>
			<type>rectangle</type>
			<description>None</description>
			<possibleresult>
				<name>other-airplane</name>
			</possibleresult>
			<points>
				<point>283.000000,212.000000</point>
				<point>260.000000,221.000000</point>
				<point>250.000000,195.000000</point>
				<point>272.000000,186.000000</point>
				<point>283.000000,212.000000</point>
			</points>
		</object>
		<object>
			<coordinate>pixel</coordinate>
			<type>rectangle</type>
			<description>None</description>
			<possibleresult>
				<name>other-airplane</name>
			</possibleresult>
			<points>
				<point>302.000000,158.000000</point>
				<point>282.000000,179.000000</point>
				<point>265.000000,162.000000</point>
				<point>284.000000,142.000000</point>
				<point>302.000000,158.000000</point>
			</points>
		</object>
		<object>
			<coordinate>pixel</coordinate>
			<type>rectangle</type>
			<description>None</description>
			<possibleresult>
				<name>other-airplane</name>
			</possibleresult>
			<points>
				<point>205.699448,25.046238</point>
				<point>202.000015,0.999996</point>
				<point>228.300583,-3.046246</point>
				<point>232.000015,20.999996</point>
				<point>205.699448,25.046238</point>
			</points>
		</object>
		<object>
			<coordinate>pixel</coordinate>
			<type>rectangle</type>
			<description>None</description>
			<possibleresult>
				<name>other-airplane</name>
			</possibleresult>
			<points>
				<point>420.000000,92.000000</point>
				<point>392.000000,95.000000</point>
				<point>389.000000,69.000000</point>
				<point>417.000000,67.000000</point>
				<point>420.000000,92.000000</point>
			</points>
		</object>
		<object>
			<coordinate>pixel</coordinate>
			<type>rectangle</type>
			<description>None</description>
			<possibleresult>
				<name>other-airplane</name>
			</possibleresult>
			<points>
				<point>411.000000,102.000000</point>
				<point>406.000000,129.000000</point>
				<point>374.000000,123.000000</point>
				<point>379.000000,95.000000</point>
				<point>411.000000,102.000000</point>
			</points>
		</object>
		<object>
			<coordinate>pixel</coordinate>
			<type>rectangle</type>
			<description>None</description>
			<possibleresult>
				<name>other-airplane</name>
			</possibleresult>
			<points>
				<point>456.000000,104.000000</point>
				<point>432.000000,133.000000</point>
				<point>403.000000,109.000000</point>
				<point>428.000000,80.000000</point>
				<point>456.000000,104.000000</point>
			</points>
		</object>
		<object>
			<coordinate>pixel</coordinate>
			<type>rectangle</type>
			<description>None</description>
			<possibleresult>
				<name>other-airplane</name>
			</possibleresult>
			<points>
				<point>469.000000,109.000000</point>
				<point>442.000000,109.000000</point>
				<point>443.000000,81.000000</point>
				<point>469.000000,81.000000</point>
				<point>469.000000,109.000000</point>
			</points>
		</object>
		<object>
			<coordinate>pixel</coordinate>
			<type>rectangle</type>
			<description>None</description>
			<possibleresult>
				<name>other-airplane</name>
			</possibleresult>
			<points>
				<point>498.000000,102.000000</point>
				<point>472.000000,105.000000</point>
				<point>468.000000,77.000000</point>
				<point>494.000000,73.000000</point>
				<point>498.000000,102.000000</point>
			</points>
		</object>
		<object>
			<coordinate>pixel</coordinate>
			<type>rectangle</type>
			<description>None</description>
			<possibleresult>
				<name>other-airplane</name>
			</possibleresult>
			<points>
				<point>536.000000,80.000000</point>
				<point>513.000000,100.000000</point>
				<point>491.000000,76.000000</point>
				<point>514.000000,55.000000</point>
				<point>536.000000,80.000000</point>
			</points>
		</object>
		<object>
			<coordinate>pixel</coordinate>
			<type>rectangle</type>
			<description>None</description>
			<possibleresult>
				<name>other-airplane</name>
			</possibleresult>
			<points>
				<point>578.000000,60.000000</point>
				<point>547.000000,81.000000</point>
				<point>526.000000,50.000000</point>
				<point>557.000000,29.000000</point>
				<point>578.000000,60.000000</point>
			</points>
		</object>
		<object>
			<coordinate>pixel</coordinate>
			<type>rectangle</type>
			<description>None</description>
			<possibleresult>
				<name>other-airplane</name>
			</possibleresult>
			<points>
				<point>541.000000,46.000000</point>
				<point>507.000000,63.000000</point>
				<point>490.000000,31.000000</point>
				<point>524.000000,13.000000</point>
				<point>541.000000,46.000000</point>
			</points>
		</object>
	</objects>
</annotation>