<?xml version="1.0" encoding="utf-8"?>
<annotation>
	<source>
		<filename>5650.tif</filename>
		<origin>GF2/GF3</origin>
	</source>
	<research>
		<version>1.0</version>
		<provider>FAIR1M</provider>
		<author>Cyber</author>
		<pluginname>FAIR1M</pluginname>
		<pluginclass>object detection</pluginclass>
		<time>2021-07-21</time>
	</research>
	<size>
		<width>800</width>
		<height>600</height>
		<depth>3</depth>
	</size>
	<objects>
		<object>
			<coordinate>pixel</coordinate>
			<type>rectangle</type>
			<description>None</description>
			<possibleresult>
				<name>Bridge</name>
			</possibleresult>
			<points>
				<point>366.000000,566.000000</point>
				<point>342.000000,596.000000</point>
				<point>242.000000,516.000000</point>
				<point>265.000000,486.000000</point>
				<point>366.000000,566.000000</point>
			</points>
		</object>
		<object>
			<coordinate>pixel</coordinate>
			<type>rectangle</type>
			<description>None</description>
			<possibleresult>
				<name>Bridge</name>
			</possibleresult>
			<points>
				<point>800.000000,430.482758</point>
				<point>495.999969,115.999992</point>
				<point>524.983337,87.982788</point>
				<point>800.000000,372.482788</point>
				<point>800.000000,430.482758</point>
			</points>
		</object>
	</objects>
</annotation>