<?xml version="1.0" encoding="utf-8"?>
<annotation>
	<source>
		<filename>5667.tif</filename>
		<origin>GF2/GF3</origin>
	</source>
	<research>
		<version>1.0</version>
		<provider>FAIR1M</provider>
		<author>Cyber</author>
		<pluginname>FAIR1M</pluginname>
		<pluginclass>object detection</pluginclass>
		<time>2021-07-21</time>
	</research>
	<size>
		<width>800</width>
		<height>600</height>
		<depth>4</depth>
	</size>
	<objects>
		<object>
			<coordinate>pixel</coordinate>
			<type>rectangle</type>
			<description>None</description>
			<possibleresult>
				<name>Small Car</name>
			</possibleresult>
			<points>
				<point>213.000000,280.000000</point>
				<point>195.000000,280.000000</point>
				<point>195.000000,273.000000</point>
				<point>212.000000,273.000000</point>
				<point>213.000000,280.000000</point>
			</points>
		</object>
		<object>
			<coordinate>pixel</coordinate>
			<type>rectangle</type>
			<description>None</description>
			<possibleresult>
				<name>Small Car</name>
			</possibleresult>
			<points>
				<point>364.000000,310.000000</point>
				<point>357.000000,314.000000</point>
				<point>347.000000,299.000000</point>
				<point>353.000000,294.000000</point>
				<point>364.000000,310.000000</point>
			</points>
		</object>
		<object>
			<coordinate>pixel</coordinate>
			<type>rectangle</type>
			<description>None</description>
			<possibleresult>
				<name>Van</name>
			</possibleresult>
			<points>
				<point>351.000000,308.000000</point>
				<point>343.000000,313.000000</point>
				<point>335.000000,300.000000</point>
				<point>342.000000,296.000000</point>
				<point>351.000000,308.000000</point>
			</points>
		</object>
		<object>
			<coordinate>pixel</coordinate>
			<type>rectangle</type>
			<description>None</description>
			<possibleresult>
				<name>Van</name>
			</possibleresult>
			<points>
				<point>337.000000,307.000000</point>
				<point>330.000000,312.000000</point>
				<point>322.000000,301.000000</point>
				<point>328.000000,295.000000</point>
				<point>337.000000,307.000000</point>
			</points>
		</object>
		<object>
			<coordinate>pixel</coordinate>
			<type>rectangle</type>
			<description>None</description>
			<possibleresult>
				<name>Van</name>
			</possibleresult>
			<points>
				<point>325.000000,309.000000</point>
				<point>317.000000,314.000000</point>
				<point>307.000000,299.000000</point>
				<point>313.000000,294.000000</point>
				<point>325.000000,309.000000</point>
			</points>
		</object>
		<object>
			<coordinate>pixel</coordinate>
			<type>rectangle</type>
			<description>None</description>
			<possibleresult>
				<name>Van</name>
			</possibleresult>
			<points>
				<point>312.000000,308.000000</point>
				<point>304.000000,312.000000</point>
				<point>296.000000,299.000000</point>
				<point>303.000000,294.000000</point>
				<point>312.000000,308.000000</point>
			</points>
		</object>
		<object>
			<coordinate>pixel</coordinate>
			<type>rectangle</type>
			<description>None</description>
			<possibleresult>
				<name>Small Car</name>
			</possibleresult>
			<points>
				<point>300.000000,309.000000</point>
				<point>292.000000,313.000000</point>
				<point>285.000000,300.000000</point>
				<point>293.000000,296.000000</point>
				<point>300.000000,309.000000</point>
			</points>
		</object>
		<object>
			<coordinate>pixel</coordinate>
			<type>rectangle</type>
			<description>None</description>
			<possibleresult>
				<name>Van</name>
			</possibleresult>
			<points>
				<point>289.000000,310.000000</point>
				<point>282.000000,314.000000</point>
				<point>273.000000,301.000000</point>
				<point>280.000000,296.000000</point>
				<point>289.000000,310.000000</point>
			</points>
		</object>
		<object>
			<coordinate>pixel</coordinate>
			<type>rectangle</type>
			<description>None</description>
			<possibleresult>
				<name>Small Car</name>
			</possibleresult>
			<points>
				<point>275.000000,309.000000</point>
				<point>268.000000,313.000000</point>
				<point>261.000000,298.000000</point>
				<point>267.000000,295.000000</point>
				<point>275.000000,309.000000</point>
			</points>
		</object>
		<object>
			<coordinate>pixel</coordinate>
			<type>rectangle</type>
			<description>None</description>
			<possibleresult>
				<name>Van</name>
			</possibleresult>
			<points>
				<point>264.000000,306.000000</point>
				<point>257.000000,312.000000</point>
				<point>250.000000,303.000000</point>
				<point>257.000000,297.000000</point>
				<point>264.000000,306.000000</point>
			</points>
		</object>
		<object>
			<coordinate>pixel</coordinate>
			<type>rectangle</type>
			<description>None</description>
			<possibleresult>
				<name>Small Car</name>
			</possibleresult>
			<points>
				<point>251.000000,307.000000</point>
				<point>245.000000,312.000000</point>
				<point>235.000000,300.000000</point>
				<point>241.000000,295.000000</point>
				<point>251.000000,307.000000</point>
			</points>
		</object>
		<object>
			<coordinate>pixel</coordinate>
			<type>rectangle</type>
			<description>None</description>
			<possibleresult>
				<name>Van</name>
			</possibleresult>
			<points>
				<point>227.000000,309.000000</point>
				<point>220.000000,315.000000</point>
				<point>210.000000,302.000000</point>
				<point>217.000000,296.000000</point>
				<point>227.000000,309.000000</point>
			</points>
		</object>
		<object>
			<coordinate>pixel</coordinate>
			<type>rectangle</type>
			<description>None</description>
			<possibleresult>
				<name>Van</name>
			</possibleresult>
			<points>
				<point>214.000000,307.000000</point>
				<point>206.000000,312.000000</point>
				<point>199.000000,302.000000</point>
				<point>207.000000,297.000000</point>
				<point>214.000000,307.000000</point>
			</points>
		</object>
		<object>
			<coordinate>pixel</coordinate>
			<type>rectangle</type>
			<description>None</description>
			<possibleresult>
				<name>Small Car</name>
			</possibleresult>
			<points>
				<point>202.000000,309.000000</point>
				<point>195.000000,314.000000</point>
				<point>184.000000,297.000000</point>
				<point>190.000000,293.000000</point>
				<point>202.000000,309.000000</point>
			</points>
		</object>
		<object>
			<coordinate>pixel</coordinate>
			<type>rectangle</type>
			<description>None</description>
			<possibleresult>
				<name>Van</name>
			</possibleresult>
			<points>
				<point>175.000000,307.000000</point>
				<point>169.000000,311.000000</point>
				<point>160.000000,301.000000</point>
				<point>166.000000,297.000000</point>
				<point>175.000000,307.000000</point>
			</points>
		</object>
		<object>
			<coordinate>pixel</coordinate>
			<type>rectangle</type>
			<description>None</description>
			<possibleresult>
				<name>Van</name>
			</possibleresult>
			<points>
				<point>163.000000,307.000000</point>
				<point>157.000000,312.000000</point>
				<point>145.000000,297.000000</point>
				<point>150.000000,293.000000</point>
				<point>163.000000,307.000000</point>
			</points>
		</object>
		<object>
			<coordinate>pixel</coordinate>
			<type>rectangle</type>
			<description>None</description>
			<possibleresult>
				<name>Dump Truck</name>
			</possibleresult>
			<points>
				<point>152.000000,308.000000</point>
				<point>145.000000,314.000000</point>
				<point>132.000000,298.000000</point>
				<point>139.000000,292.000000</point>
				<point>152.000000,308.000000</point>
			</points>
		</object>
		<object>
			<coordinate>pixel</coordinate>
			<type>rectangle</type>
			<description>None</description>
			<possibleresult>
				<name>Small Car</name>
			</possibleresult>
			<points>
				<point>137.000000,307.000000</point>
				<point>130.000000,312.000000</point>
				<point>121.000000,299.000000</point>
				<point>127.000000,294.000000</point>
				<point>137.000000,307.000000</point>
			</points>
		</object>
		<object>
			<coordinate>pixel</coordinate>
			<type>rectangle</type>
			<description>None</description>
			<possibleresult>
				<name>Small Car</name>
			</possibleresult>
			<points>
				<point>127.000000,308.000000</point>
				<point>120.000000,313.000000</point>
				<point>108.000000,298.000000</point>
				<point>114.000000,293.000000</point>
				<point>127.000000,308.000000</point>
			</points>
		</object>
		<object>
			<coordinate>pixel</coordinate>
			<type>rectangle</type>
			<description>None</description>
			<possibleresult>
				<name>Dump Truck</name>
			</possibleresult>
			<points>
				<point>116.000000,309.000000</point>
				<point>109.000000,316.000000</point>
				<point>93.000000,300.000000</point>
				<point>100.000000,293.000000</point>
				<point>116.000000,309.000000</point>
			</points>
		</object>
		<object>
			<coordinate>pixel</coordinate>
			<type>rectangle</type>
			<description>None</description>
			<possibleresult>
				<name>Van</name>
			</possibleresult>
			<points>
				<point>88.000000,308.000000</point>
				<point>81.000000,313.000000</point>
				<point>71.000000,300.000000</point>
				<point>78.000000,295.000000</point>
				<point>88.000000,308.000000</point>
			</points>
		</object>
		<object>
			<coordinate>pixel</coordinate>
			<type>rectangle</type>
			<description>None</description>
			<possibleresult>
				<name>Van</name>
			</possibleresult>
			<points>
				<point>46.000000,308.000000</point>
				<point>41.000000,315.000000</point>
				<point>27.000000,303.000000</point>
				<point>33.000000,296.000000</point>
				<point>46.000000,308.000000</point>
			</points>
		</object>
		<object>
			<coordinate>pixel</coordinate>
			<type>rectangle</type>
			<description>None</description>
			<possibleresult>
				<name>Van</name>
			</possibleresult>
			<points>
				<point>46.000000,319.000000</point>
				<point>40.000000,326.000000</point>
				<point>28.000000,315.000000</point>
				<point>34.000000,308.000000</point>
				<point>46.000000,319.000000</point>
			</points>
		</object>
		<object>
			<coordinate>pixel</coordinate>
			<type>rectangle</type>
			<description>None</description>
			<possibleresult>
				<name>Small Car</name>
			</possibleresult>
			<points>
				<point>43.000000,333.000000</point>
				<point>39.000000,338.000000</point>
				<point>27.000000,326.000000</point>
				<point>32.000000,322.000000</point>
				<point>43.000000,333.000000</point>
			</points>
		</object>
		<object>
			<coordinate>pixel</coordinate>
			<type>rectangle</type>
			<description>None</description>
			<possibleresult>
				<name>Van</name>
			</possibleresult>
			<points>
				<point>43.000000,344.000000</point>
				<point>36.000000,350.000000</point>
				<point>26.000000,338.000000</point>
				<point>32.000000,332.000000</point>
				<point>43.000000,344.000000</point>
			</points>
		</object>
		<object>
			<coordinate>pixel</coordinate>
			<type>rectangle</type>
			<description>None</description>
			<possibleresult>
				<name>Van</name>
			</possibleresult>
			<points>
				<point>76.000000,343.000000</point>
				<point>75.000000,357.000000</point>
				<point>67.000000,356.000000</point>
				<point>68.000000,342.000000</point>
				<point>76.000000,343.000000</point>
			</points>
		</object>
		<object>
			<coordinate>pixel</coordinate>
			<type>rectangle</type>
			<description>None</description>
			<possibleresult>
				<name>Van</name>
			</possibleresult>
			<points>
				<point>128.000000,336.000000</point>
				<point>118.000000,351.000000</point>
				<point>111.000000,346.000000</point>
				<point>122.000000,331.000000</point>
				<point>128.000000,336.000000</point>
			</points>
		</object>
		<object>
			<coordinate>pixel</coordinate>
			<type>rectangle</type>
			<description>None</description>
			<possibleresult>
				<name>Small Car</name>
			</possibleresult>
			<points>
				<point>140.000000,337.000000</point>
				<point>130.000000,351.000000</point>
				<point>123.000000,346.000000</point>
				<point>133.000000,332.000000</point>
				<point>140.000000,337.000000</point>
			</points>
		</object>
		<object>
			<coordinate>pixel</coordinate>
			<type>rectangle</type>
			<description>None</description>
			<possibleresult>
				<name>Small Car</name>
			</possibleresult>
			<points>
				<point>152.000000,339.000000</point>
				<point>141.000000,353.000000</point>
				<point>135.000000,348.000000</point>
				<point>146.000000,334.000000</point>
				<point>152.000000,339.000000</point>
			</points>
		</object>
		<object>
			<coordinate>pixel</coordinate>
			<type>rectangle</type>
			<description>None</description>
			<possibleresult>
				<name>Van</name>
			</possibleresult>
			<points>
				<point>165.000000,338.000000</point>
				<point>158.000000,348.000000</point>
				<point>151.000000,344.000000</point>
				<point>158.000000,333.000000</point>
				<point>165.000000,338.000000</point>
			</points>
		</object>
		<object>
			<coordinate>pixel</coordinate>
			<type>rectangle</type>
			<description>None</description>
			<possibleresult>
				<name>Van</name>
			</possibleresult>
			<points>
				<point>177.000000,339.000000</point>
				<point>168.000000,352.000000</point>
				<point>161.000000,348.000000</point>
				<point>170.000000,334.000000</point>
				<point>177.000000,339.000000</point>
			</points>
		</object>
		<object>
			<coordinate>pixel</coordinate>
			<type>rectangle</type>
			<description>None</description>
			<possibleresult>
				<name>Van</name>
			</possibleresult>
			<points>
				<point>191.000000,337.000000</point>
				<point>178.000000,354.000000</point>
				<point>172.000000,349.000000</point>
				<point>184.000000,333.000000</point>
				<point>191.000000,337.000000</point>
			</points>
		</object>
		<object>
			<coordinate>pixel</coordinate>
			<type>rectangle</type>
			<description>None</description>
			<possibleresult>
				<name>Van</name>
			</possibleresult>
			<points>
				<point>202.000000,336.000000</point>
				<point>192.000000,351.000000</point>
				<point>186.000000,347.000000</point>
				<point>196.000000,332.000000</point>
				<point>202.000000,336.000000</point>
			</points>
		</object>
		<object>
			<coordinate>pixel</coordinate>
			<type>rectangle</type>
			<description>None</description>
			<possibleresult>
				<name>Van</name>
			</possibleresult>
			<points>
				<point>227.000000,340.000000</point>
				<point>221.000000,348.000000</point>
				<point>215.000000,343.000000</point>
				<point>220.000000,336.000000</point>
				<point>227.000000,340.000000</point>
			</points>
		</object>
		<object>
			<coordinate>pixel</coordinate>
			<type>rectangle</type>
			<description>None</description>
			<possibleresult>
				<name>Van</name>
			</possibleresult>
			<points>
				<point>241.000000,339.000000</point>
				<point>230.000000,353.000000</point>
				<point>223.000000,348.000000</point>
				<point>234.000000,334.000000</point>
				<point>241.000000,339.000000</point>
			</points>
		</object>
		<object>
			<coordinate>pixel</coordinate>
			<type>rectangle</type>
			<description>None</description>
			<possibleresult>
				<name>Small Car</name>
			</possibleresult>
			<points>
				<point>252.000000,338.000000</point>
				<point>241.000000,353.000000</point>
				<point>235.000000,348.000000</point>
				<point>246.000000,333.000000</point>
				<point>252.000000,338.000000</point>
			</points>
		</object>
		<object>
			<coordinate>pixel</coordinate>
			<type>rectangle</type>
			<description>None</description>
			<possibleresult>
				<name>Van</name>
			</possibleresult>
			<points>
				<point>275.000000,339.000000</point>
				<point>267.000000,354.000000</point>
				<point>259.000000,350.000000</point>
				<point>267.000000,335.000000</point>
				<point>275.000000,339.000000</point>
			</points>
		</object>
		<object>
			<coordinate>pixel</coordinate>
			<type>rectangle</type>
			<description>None</description>
			<possibleresult>
				<name>Small Car</name>
			</possibleresult>
			<points>
				<point>289.000000,336.000000</point>
				<point>282.000000,347.000000</point>
				<point>275.000000,342.000000</point>
				<point>282.000000,332.000000</point>
				<point>289.000000,336.000000</point>
			</points>
		</object>
		<object>
			<coordinate>pixel</coordinate>
			<type>rectangle</type>
			<description>None</description>
			<possibleresult>
				<name>Small Car</name>
			</possibleresult>
			<points>
				<point>313.000000,339.000000</point>
				<point>301.000000,353.000000</point>
				<point>295.000000,347.000000</point>
				<point>307.000000,333.000000</point>
				<point>313.000000,339.000000</point>
			</points>
		</object>
		<object>
			<coordinate>pixel</coordinate>
			<type>rectangle</type>
			<description>None</description>
			<possibleresult>
				<name>Small Car</name>
			</possibleresult>
			<points>
				<point>325.000000,338.000000</point>
				<point>313.000000,352.000000</point>
				<point>308.000000,347.000000</point>
				<point>318.000000,333.000000</point>
				<point>325.000000,338.000000</point>
			</points>
		</object>
		<object>
			<coordinate>pixel</coordinate>
			<type>rectangle</type>
			<description>None</description>
			<possibleresult>
				<name>Van</name>
			</possibleresult>
			<points>
				<point>337.000000,339.000000</point>
				<point>326.000000,354.000000</point>
				<point>318.000000,349.000000</point>
				<point>330.000000,333.000000</point>
				<point>337.000000,339.000000</point>
			</points>
		</object>
		<object>
			<coordinate>pixel</coordinate>
			<type>rectangle</type>
			<description>None</description>
			<possibleresult>
				<name>Small Car</name>
			</possibleresult>
			<points>
				<point>124.000000,359.000000</point>
				<point>113.000000,373.000000</point>
				<point>107.000000,368.000000</point>
				<point>118.000000,354.000000</point>
				<point>124.000000,359.000000</point>
			</points>
		</object>
		<object>
			<coordinate>pixel</coordinate>
			<type>rectangle</type>
			<description>None</description>
			<possibleresult>
				<name>Small Car</name>
			</possibleresult>
			<points>
				<point>138.000000,357.000000</point>
				<point>126.000000,370.000000</point>
				<point>121.000000,365.000000</point>
				<point>133.000000,352.000000</point>
				<point>138.000000,357.000000</point>
			</points>
		</object>
		<object>
			<coordinate>pixel</coordinate>
			<type>rectangle</type>
			<description>None</description>
			<possibleresult>
				<name>Small Car</name>
			</possibleresult>
			<points>
				<point>150.000000,360.000000</point>
				<point>139.000000,374.000000</point>
				<point>133.000000,369.000000</point>
				<point>144.000000,355.000000</point>
				<point>150.000000,360.000000</point>
			</points>
		</object>
		<object>
			<coordinate>pixel</coordinate>
			<type>rectangle</type>
			<description>None</description>
			<possibleresult>
				<name>Van</name>
			</possibleresult>
			<points>
				<point>163.000000,358.000000</point>
				<point>153.000000,373.000000</point>
				<point>145.000000,368.000000</point>
				<point>155.000000,353.000000</point>
				<point>163.000000,358.000000</point>
			</points>
		</object>
		<object>
			<coordinate>pixel</coordinate>
			<type>rectangle</type>
			<description>None</description>
			<possibleresult>
				<name>Van</name>
			</possibleresult>
			<points>
				<point>175.000000,359.000000</point>
				<point>163.000000,371.000000</point>
				<point>159.000000,367.000000</point>
				<point>169.000000,354.000000</point>
				<point>175.000000,359.000000</point>
			</points>
		</object>
		<object>
			<coordinate>pixel</coordinate>
			<type>rectangle</type>
			<description>None</description>
			<possibleresult>
				<name>Van</name>
			</possibleresult>
			<points>
				<point>187.000000,358.000000</point>
				<point>176.000000,373.000000</point>
				<point>170.000000,369.000000</point>
				<point>181.000000,354.000000</point>
				<point>187.000000,358.000000</point>
			</points>
		</object>
		<object>
			<coordinate>pixel</coordinate>
			<type>rectangle</type>
			<description>None</description>
			<possibleresult>
				<name>Small Car</name>
			</possibleresult>
			<points>
				<point>199.000000,361.000000</point>
				<point>188.000000,374.000000</point>
				<point>181.000000,368.000000</point>
				<point>192.000000,355.000000</point>
				<point>199.000000,361.000000</point>
			</points>
		</object>
		<object>
			<coordinate>pixel</coordinate>
			<type>rectangle</type>
			<description>None</description>
			<possibleresult>
				<name>Van</name>
			</possibleresult>
			<points>
				<point>212.000000,361.000000</point>
				<point>201.000000,375.000000</point>
				<point>195.000000,370.000000</point>
				<point>206.000000,356.000000</point>
				<point>212.000000,361.000000</point>
			</points>
		</object>
		<object>
			<coordinate>pixel</coordinate>
			<type>rectangle</type>
			<description>None</description>
			<possibleresult>
				<name>Van</name>
			</possibleresult>
			<points>
				<point>223.000000,363.000000</point>
				<point>216.000000,372.000000</point>
				<point>208.000000,367.000000</point>
				<point>216.000000,358.000000</point>
				<point>223.000000,363.000000</point>
			</points>
		</object>
		<object>
			<coordinate>pixel</coordinate>
			<type>rectangle</type>
			<description>None</description>
			<possibleresult>
				<name>Van</name>
			</possibleresult>
			<points>
				<point>236.000000,362.000000</point>
				<point>226.000000,374.000000</point>
				<point>220.000000,369.000000</point>
				<point>231.000000,357.000000</point>
				<point>236.000000,362.000000</point>
			</points>
		</object>
		<object>
			<coordinate>pixel</coordinate>
			<type>rectangle</type>
			<description>None</description>
			<possibleresult>
				<name>Small Car</name>
			</possibleresult>
			<points>
				<point>250.000000,360.000000</point>
				<point>240.000000,374.000000</point>
				<point>233.000000,369.000000</point>
				<point>244.000000,355.000000</point>
				<point>250.000000,360.000000</point>
			</points>
		</object>
		<object>
			<coordinate>pixel</coordinate>
			<type>rectangle</type>
			<description>None</description>
			<possibleresult>
				<name>Small Car</name>
			</possibleresult>
			<points>
				<point>262.000000,360.000000</point>
				<point>251.000000,375.000000</point>
				<point>244.000000,370.000000</point>
				<point>256.000000,355.000000</point>
				<point>262.000000,360.000000</point>
			</points>
		</object>
		<object>
			<coordinate>pixel</coordinate>
			<type>rectangle</type>
			<description>None</description>
			<possibleresult>
				<name>Small Car</name>
			</possibleresult>
			<points>
				<point>272.000000,362.000000</point>
				<point>262.000000,376.000000</point>
				<point>256.000000,371.000000</point>
				<point>265.000000,357.000000</point>
				<point>272.000000,362.000000</point>
			</points>
		</object>
		<object>
			<coordinate>pixel</coordinate>
			<type>rectangle</type>
			<description>None</description>
			<possibleresult>
				<name>Small Car</name>
			</possibleresult>
			<points>
				<point>286.000000,359.000000</point>
				<point>277.000000,372.000000</point>
				<point>271.000000,368.000000</point>
				<point>281.000000,355.000000</point>
				<point>286.000000,359.000000</point>
			</points>
		</object>
		<object>
			<coordinate>pixel</coordinate>
			<type>rectangle</type>
			<description>None</description>
			<possibleresult>
				<name>Van</name>
			</possibleresult>
			<points>
				<point>298.000000,358.000000</point>
				<point>289.000000,373.000000</point>
				<point>282.000000,369.000000</point>
				<point>292.000000,354.000000</point>
				<point>298.000000,358.000000</point>
			</points>
		</object>
		<object>
			<coordinate>pixel</coordinate>
			<type>rectangle</type>
			<description>None</description>
			<possibleresult>
				<name>Small Car</name>
			</possibleresult>
			<points>
				<point>311.000000,357.000000</point>
				<point>300.000000,373.000000</point>
				<point>294.000000,369.000000</point>
				<point>304.000000,353.000000</point>
				<point>311.000000,357.000000</point>
			</points>
		</object>
		<object>
			<coordinate>pixel</coordinate>
			<type>rectangle</type>
			<description>None</description>
			<possibleresult>
				<name>Van</name>
			</possibleresult>
			<points>
				<point>324.000000,357.000000</point>
				<point>313.000000,371.000000</point>
				<point>307.000000,366.000000</point>
				<point>317.000000,352.000000</point>
				<point>324.000000,357.000000</point>
			</points>
		</object>
		<object>
			<coordinate>pixel</coordinate>
			<type>rectangle</type>
			<description>None</description>
			<possibleresult>
				<name>Small Car</name>
			</possibleresult>
			<points>
				<point>336.000000,357.000000</point>
				<point>326.000000,374.000000</point>
				<point>318.000000,369.000000</point>
				<point>328.000000,352.000000</point>
				<point>336.000000,357.000000</point>
			</points>
		</object>
		<object>
			<coordinate>pixel</coordinate>
			<type>rectangle</type>
			<description>None</description>
			<possibleresult>
				<name>Small Car</name>
			</possibleresult>
			<points>
				<point>257.000000,41.000000</point>
				<point>253.000000,58.000000</point>
				<point>246.000000,57.000000</point>
				<point>250.000000,39.000000</point>
				<point>257.000000,41.000000</point>
			</points>
		</object>
		<object>
			<coordinate>pixel</coordinate>
			<type>rectangle</type>
			<description>None</description>
			<possibleresult>
				<name>Van</name>
			</possibleresult>
			<points>
				<point>247.000000,95.000000</point>
				<point>244.000000,113.000000</point>
				<point>236.000000,111.000000</point>
				<point>238.000000,93.000000</point>
				<point>247.000000,95.000000</point>
			</points>
		</object>
		<object>
			<coordinate>pixel</coordinate>
			<type>rectangle</type>
			<description>None</description>
			<possibleresult>
				<name>Truck Tractor</name>
			</possibleresult>
			<points>
				<point>252.000000,129.000000</point>
				<point>246.000000,135.000000</point>
				<point>234.000000,124.000000</point>
				<point>240.000000,118.000000</point>
				<point>252.000000,129.000000</point>
			</points>
		</object>
		<object>
			<coordinate>pixel</coordinate>
			<type>rectangle</type>
			<description>None</description>
			<possibleresult>
				<name>Small Car</name>
			</possibleresult>
			<points>
				<point>285.000000,158.000000</point>
				<point>272.000000,158.000000</point>
				<point>272.000000,152.000000</point>
				<point>285.000000,152.000000</point>
				<point>285.000000,158.000000</point>
			</points>
		</object>
		<object>
			<coordinate>pixel</coordinate>
			<type>rectangle</type>
			<description>None</description>
			<possibleresult>
				<name>Small Car</name>
			</possibleresult>
			<points>
				<point>283.000000,171.000000</point>
				<point>272.000000,171.000000</point>
				<point>272.000000,165.000000</point>
				<point>283.000000,164.000000</point>
				<point>283.000000,171.000000</point>
			</points>
		</object>
		<object>
			<coordinate>pixel</coordinate>
			<type>rectangle</type>
			<description>None</description>
			<possibleresult>
				<name>Van</name>
			</possibleresult>
			<points>
				<point>371.000000,83.000000</point>
				<point>361.000000,84.000000</point>
				<point>360.000000,67.000000</point>
				<point>370.000000,67.000000</point>
				<point>371.000000,83.000000</point>
			</points>
		</object>
		<object>
			<coordinate>pixel</coordinate>
			<type>rectangle</type>
			<description>None</description>
			<possibleresult>
				<name>Small Car</name>
			</possibleresult>
			<points>
				<point>375.000000,105.000000</point>
				<point>358.000000,105.000000</point>
				<point>358.000000,98.000000</point>
				<point>375.000000,99.000000</point>
				<point>375.000000,105.000000</point>
			</points>
		</object>
		<object>
			<coordinate>pixel</coordinate>
			<type>rectangle</type>
			<description>None</description>
			<possibleresult>
				<name>Small Car</name>
			</possibleresult>
			<points>
				<point>377.000000,125.000000</point>
				<point>358.000000,124.000000</point>
				<point>358.000000,117.000000</point>
				<point>377.000000,117.000000</point>
				<point>377.000000,125.000000</point>
			</points>
		</object>
		<object>
			<coordinate>pixel</coordinate>
			<type>rectangle</type>
			<description>None</description>
			<possibleresult>
				<name>Small Car</name>
			</possibleresult>
			<points>
				<point>348.000000,180.000000</point>
				<point>325.000000,184.000000</point>
				<point>324.000000,177.000000</point>
				<point>347.000000,173.000000</point>
				<point>348.000000,180.000000</point>
			</points>
		</object>
		<object>
			<coordinate>pixel</coordinate>
			<type>rectangle</type>
			<description>None</description>
			<possibleresult>
				<name>Van</name>
			</possibleresult>
			<points>
				<point>421.000000,179.000000</point>
				<point>413.000000,179.000000</point>
				<point>413.000000,163.000000</point>
				<point>421.000000,163.000000</point>
				<point>421.000000,179.000000</point>
			</points>
		</object>
		<object>
			<coordinate>pixel</coordinate>
			<type>rectangle</type>
			<description>None</description>
			<possibleresult>
				<name>Van</name>
			</possibleresult>
			<points>
				<point>555.000000,74.000000</point>
				<point>546.000000,97.000000</point>
				<point>536.000000,93.000000</point>
				<point>544.000000,70.000000</point>
				<point>555.000000,74.000000</point>
			</points>
		</object>
		<object>
			<coordinate>pixel</coordinate>
			<type>rectangle</type>
			<description>None</description>
			<possibleresult>
				<name>Van</name>
			</possibleresult>
			<points>
				<point>657.000000,21.000000</point>
				<point>646.000000,20.000000</point>
				<point>647.000000,3.000000</point>
				<point>657.000000,3.000000</point>
				<point>657.000000,21.000000</point>
			</points>
		</object>
		<object>
			<coordinate>pixel</coordinate>
			<type>rectangle</type>
			<description>None</description>
			<possibleresult>
				<name>Small Car</name>
			</possibleresult>
			<points>
				<point>773.000000,69.000000</point>
				<point>753.000000,83.000000</point>
				<point>748.000000,76.000000</point>
				<point>768.000000,62.000000</point>
				<point>773.000000,69.000000</point>
			</points>
		</object>
		<object>
			<coordinate>pixel</coordinate>
			<type>rectangle</type>
			<description>None</description>
			<possibleresult>
				<name>Small Car</name>
			</possibleresult>
			<points>
				<point>773.000000,156.000000</point>
				<point>756.000000,171.000000</point>
				<point>751.000000,164.000000</point>
				<point>768.000000,150.000000</point>
				<point>773.000000,156.000000</point>
			</points>
		</object>
		<object>
			<coordinate>pixel</coordinate>
			<type>rectangle</type>
			<description>None</description>
			<possibleresult>
				<name>Van</name>
			</possibleresult>
			<points>
				<point>769.000000,188.000000</point>
				<point>768.000000,199.000000</point>
				<point>761.000000,198.000000</point>
				<point>762.000000,187.000000</point>
				<point>769.000000,188.000000</point>
			</points>
		</object>
		<object>
			<coordinate>pixel</coordinate>
			<type>rectangle</type>
			<description>None</description>
			<possibleresult>
				<name>Van</name>
			</possibleresult>
			<points>
				<point>779.000000,198.000000</point>
				<point>771.000000,197.000000</point>
				<point>773.000000,187.000000</point>
				<point>779.000000,188.000000</point>
				<point>779.000000,198.000000</point>
			</points>
		</object>
		<object>
			<coordinate>pixel</coordinate>
			<type>rectangle</type>
			<description>None</description>
			<possibleresult>
				<name>Van</name>
			</possibleresult>
			<points>
				<point>779.000000,180.000000</point>
				<point>769.000000,187.000000</point>
				<point>766.000000,182.000000</point>
				<point>777.000000,175.000000</point>
				<point>779.000000,180.000000</point>
			</points>
		</object>
		<object>
			<coordinate>pixel</coordinate>
			<type>rectangle</type>
			<description>None</description>
			<possibleresult>
				<name>Van</name>
			</possibleresult>
			<points>
				<point>790.000000,181.000000</point>
				<point>782.000000,181.000000</point>
				<point>782.000000,170.000000</point>
				<point>790.000000,170.000000</point>
				<point>790.000000,181.000000</point>
			</points>
		</object>
		<object>
			<coordinate>pixel</coordinate>
			<type>rectangle</type>
			<description>None</description>
			<possibleresult>
				<name>Van</name>
			</possibleresult>
			<points>
				<point>791.000000,192.000000</point>
				<point>787.000000,196.000000</point>
				<point>779.000000,187.000000</point>
				<point>785.000000,184.000000</point>
				<point>791.000000,192.000000</point>
			</points>
		</object>
		<object>
			<coordinate>pixel</coordinate>
			<type>rectangle</type>
			<description>None</description>
			<possibleresult>
				<name>Van</name>
			</possibleresult>
			<points>
				<point>407.000000,337.000000</point>
				<point>398.000000,338.000000</point>
				<point>398.000000,321.000000</point>
				<point>407.000000,321.000000</point>
				<point>407.000000,337.000000</point>
			</points>
		</object>
		<object>
			<coordinate>pixel</coordinate>
			<type>rectangle</type>
			<description>None</description>
			<possibleresult>
				<name>Van</name>
			</possibleresult>
			<points>
				<point>408.000000,341.000000</point>
				<point>407.000000,358.000000</point>
				<point>398.000000,357.000000</point>
				<point>398.000000,341.000000</point>
				<point>408.000000,341.000000</point>
			</points>
		</object>
		<object>
			<coordinate>pixel</coordinate>
			<type>rectangle</type>
			<description>None</description>
			<possibleresult>
				<name>Van</name>
			</possibleresult>
			<points>
				<point>446.000000,412.000000</point>
				<point>436.000000,412.000000</point>
				<point>436.000000,395.000000</point>
				<point>446.000000,395.000000</point>
				<point>446.000000,412.000000</point>
			</points>
		</object>
		<object>
			<coordinate>pixel</coordinate>
			<type>rectangle</type>
			<description>None</description>
			<possibleresult>
				<name>Van</name>
			</possibleresult>
			<points>
				<point>418.000000,448.000000</point>
				<point>409.000000,448.000000</point>
				<point>409.000000,430.000000</point>
				<point>418.000000,431.000000</point>
				<point>418.000000,448.000000</point>
			</points>
		</object>
		<object>
			<coordinate>pixel</coordinate>
			<type>rectangle</type>
			<description>None</description>
			<possibleresult>
				<name>Van</name>
			</possibleresult>
			<points>
				<point>661.000000,284.000000</point>
				<point>641.000000,284.000000</point>
				<point>641.000000,274.000000</point>
				<point>661.000000,275.000000</point>
				<point>661.000000,284.000000</point>
			</points>
		</object>
		<object>
			<coordinate>pixel</coordinate>
			<type>rectangle</type>
			<description>None</description>
			<possibleresult>
				<name>Small Car</name>
			</possibleresult>
			<points>
				<point>684.000000,323.000000</point>
				<point>665.000000,323.000000</point>
				<point>665.000000,317.000000</point>
				<point>684.000000,316.000000</point>
				<point>684.000000,323.000000</point>
			</points>
		</object>
		<object>
			<coordinate>pixel</coordinate>
			<type>rectangle</type>
			<description>None</description>
			<possibleresult>
				<name>Van</name>
			</possibleresult>
			<points>
				<point>745.000000,305.000000</point>
				<point>725.000000,305.000000</point>
				<point>725.000000,297.000000</point>
				<point>745.000000,298.000000</point>
				<point>745.000000,305.000000</point>
			</points>
		</object>
		<object>
			<coordinate>pixel</coordinate>
			<type>rectangle</type>
			<description>None</description>
			<possibleresult>
				<name>Small Car</name>
			</possibleresult>
			<points>
				<point>744.000000,325.000000</point>
				<point>722.000000,325.000000</point>
				<point>722.000000,318.000000</point>
				<point>744.000000,318.000000</point>
				<point>744.000000,325.000000</point>
			</points>
		</object>
		<object>
			<coordinate>pixel</coordinate>
			<type>rectangle</type>
			<description>None</description>
			<possibleresult>
				<name>Small Car</name>
			</possibleresult>
			<points>
				<point>746.000000,380.000000</point>
				<point>726.000000,380.000000</point>
				<point>726.000000,373.000000</point>
				<point>746.000000,372.000000</point>
				<point>746.000000,380.000000</point>
			</points>
		</object>
		<object>
			<coordinate>pixel</coordinate>
			<type>rectangle</type>
			<description>None</description>
			<possibleresult>
				<name>Dump Truck</name>
			</possibleresult>
			<points>
				<point>764.000000,383.000000</point>
				<point>755.000000,383.000000</point>
				<point>754.000000,363.000000</point>
				<point>764.000000,362.000000</point>
				<point>764.000000,383.000000</point>
			</points>
		</object>
		<object>
			<coordinate>pixel</coordinate>
			<type>rectangle</type>
			<description>None</description>
			<possibleresult>
				<name>Small Car</name>
			</possibleresult>
			<points>
				<point>706.000000,587.000000</point>
				<point>701.000000,593.000000</point>
				<point>689.000000,582.000000</point>
				<point>695.000000,576.000000</point>
				<point>706.000000,587.000000</point>
			</points>
		</object>
		<object>
			<coordinate>pixel</coordinate>
			<type>rectangle</type>
			<description>None</description>
			<possibleresult>
				<name>Small Car</name>
			</possibleresult>
			<points>
				<point>721.000000,586.000000</point>
				<point>716.000000,592.000000</point>
				<point>702.000000,580.000000</point>
				<point>707.000000,574.000000</point>
				<point>721.000000,586.000000</point>
			</points>
		</object>
		<object>
			<coordinate>pixel</coordinate>
			<type>rectangle</type>
			<description>None</description>
			<possibleresult>
				<name>Small Car</name>
			</possibleresult>
			<points>
				<point>738.000000,588.000000</point>
				<point>733.000000,594.000000</point>
				<point>718.000000,582.000000</point>
				<point>724.000000,576.000000</point>
				<point>738.000000,588.000000</point>
			</points>
		</object>
		<object>
			<coordinate>pixel</coordinate>
			<type>rectangle</type>
			<description>None</description>
			<possibleresult>
				<name>Van</name>
			</possibleresult>
			<points>
				<point>751.000000,585.000000</point>
				<point>745.000000,591.000000</point>
				<point>732.000000,578.000000</point>
				<point>738.000000,572.000000</point>
				<point>751.000000,585.000000</point>
			</points>
		</object>
		<object>
			<coordinate>pixel</coordinate>
			<type>rectangle</type>
			<description>None</description>
			<possibleresult>
				<name>Van</name>
			</possibleresult>
			<points>
				<point>751.000000,546.000000</point>
				<point>743.000000,553.000000</point>
				<point>739.000000,547.000000</point>
				<point>746.000000,540.000000</point>
				<point>751.000000,546.000000</point>
			</points>
		</object>
		<object>
			<coordinate>pixel</coordinate>
			<type>rectangle</type>
			<description>None</description>
			<possibleresult>
				<name>Dump Truck</name>
			</possibleresult>
			<points>
				<point>745.000000,539.000000</point>
				<point>726.000000,557.000000</point>
				<point>718.000000,549.000000</point>
				<point>738.000000,531.000000</point>
				<point>745.000000,539.000000</point>
			</points>
		</object>
		<object>
			<coordinate>pixel</coordinate>
			<type>rectangle</type>
			<description>None</description>
			<possibleresult>
				<name>Small Car</name>
			</possibleresult>
			<points>
				<point>713.000000,540.000000</point>
				<point>695.000000,555.000000</point>
				<point>688.000000,549.000000</point>
				<point>707.000000,533.000000</point>
				<point>713.000000,540.000000</point>
			</points>
		</object>
		<object>
			<coordinate>pixel</coordinate>
			<type>rectangle</type>
			<description>None</description>
			<possibleresult>
				<name>Van</name>
			</possibleresult>
			<points>
				<point>729.000000,537.000000</point>
				<point>716.000000,550.000000</point>
				<point>711.000000,545.000000</point>
				<point>724.000000,532.000000</point>
				<point>729.000000,537.000000</point>
			</points>
		</object>
		<object>
			<coordinate>pixel</coordinate>
			<type>rectangle</type>
			<description>None</description>
			<possibleresult>
				<name>Small Car</name>
			</possibleresult>
			<points>
				<point>553.000000,536.000000</point>
				<point>538.000000,548.000000</point>
				<point>535.000000,543.000000</point>
				<point>548.000000,531.000000</point>
				<point>553.000000,536.000000</point>
			</points>
		</object>
		<object>
			<coordinate>pixel</coordinate>
			<type>rectangle</type>
			<description>None</description>
			<possibleresult>
				<name>Small Car</name>
			</possibleresult>
			<points>
				<point>567.000000,540.000000</point>
				<point>552.000000,551.000000</point>
				<point>547.000000,545.000000</point>
				<point>562.000000,533.000000</point>
				<point>567.000000,540.000000</point>
			</points>
		</object>
		<object>
			<coordinate>pixel</coordinate>
			<type>rectangle</type>
			<description>None</description>
			<possibleresult>
				<name>Small Car</name>
			</possibleresult>
			<points>
				<point>583.000000,538.000000</point>
				<point>568.000000,550.000000</point>
				<point>565.000000,545.000000</point>
				<point>578.000000,533.000000</point>
				<point>583.000000,538.000000</point>
			</points>
		</object>
		<object>
			<coordinate>pixel</coordinate>
			<type>rectangle</type>
			<description>None</description>
			<possibleresult>
				<name>Small Car</name>
			</possibleresult>
			<points>
				<point>598.000000,537.000000</point>
				<point>585.000000,550.000000</point>
				<point>581.000000,545.000000</point>
				<point>595.000000,533.000000</point>
				<point>598.000000,537.000000</point>
			</points>
		</object>
		<object>
			<coordinate>pixel</coordinate>
			<type>rectangle</type>
			<description>None</description>
			<possibleresult>
				<name>Van</name>
			</possibleresult>
			<points>
				<point>609.000000,542.000000</point>
				<point>602.000000,548.000000</point>
				<point>598.000000,544.000000</point>
				<point>604.000000,537.000000</point>
				<point>609.000000,542.000000</point>
			</points>
		</object>
		<object>
			<coordinate>pixel</coordinate>
			<type>rectangle</type>
			<description>None</description>
			<possibleresult>
				<name>Small Car</name>
			</possibleresult>
			<points>
				<point>608.000000,584.000000</point>
				<point>602.000000,591.000000</point>
				<point>590.000000,581.000000</point>
				<point>596.000000,574.000000</point>
				<point>608.000000,584.000000</point>
			</points>
		</object>
		<object>
			<coordinate>pixel</coordinate>
			<type>rectangle</type>
			<description>None</description>
			<possibleresult>
				<name>Van</name>
			</possibleresult>
			<points>
				<point>595.000000,586.000000</point>
				<point>589.000000,592.000000</point>
				<point>575.000000,579.000000</point>
				<point>581.000000,572.000000</point>
				<point>595.000000,586.000000</point>
			</points>
		</object>
		<object>
			<coordinate>pixel</coordinate>
			<type>rectangle</type>
			<description>None</description>
			<possibleresult>
				<name>Small Car</name>
			</possibleresult>
			<points>
				<point>579.000000,587.000000</point>
				<point>573.000000,593.000000</point>
				<point>557.000000,578.000000</point>
				<point>563.000000,572.000000</point>
				<point>579.000000,587.000000</point>
			</points>
		</object>
		<object>
			<coordinate>pixel</coordinate>
			<type>rectangle</type>
			<description>None</description>
			<possibleresult>
				<name>Van</name>
			</possibleresult>
			<points>
				<point>563.000000,586.000000</point>
				<point>556.000000,593.000000</point>
				<point>542.000000,580.000000</point>
				<point>548.000000,573.000000</point>
				<point>563.000000,586.000000</point>
			</points>
		</object>
		<object>
			<coordinate>pixel</coordinate>
			<type>rectangle</type>
			<description>None</description>
			<possibleresult>
				<name>Intersection</name>
			</possibleresult>
			<points>
				<point>451.000000,589.000000</point>
				<point>397.000000,589.000000</point>
				<point>398.000000,533.000000</point>
				<point>451.000000,534.000000</point>
				<point>451.000000,589.000000</point>
			</points>
		</object>
		<object>
			<coordinate>pixel</coordinate>
			<type>rectangle</type>
			<description>None</description>
			<possibleresult>
				<name>Van</name>
			</possibleresult>
			<points>
				<point>21.000000,437.000000</point>
				<point>7.000000,450.000000</point>
				<point>1.000000,443.000000</point>
				<point>13.000000,430.000000</point>
				<point>21.000000,437.000000</point>
			</points>
		</object>
		<object>
			<coordinate>pixel</coordinate>
			<type>rectangle</type>
			<description>None</description>
			<possibleresult>
				<name>Small Car</name>
			</possibleresult>
			<points>
				<point>22.000000,450.000000</point>
				<point>6.000000,464.000000</point>
				<point>1.000000,458.000000</point>
				<point>16.000000,444.000000</point>
				<point>22.000000,450.000000</point>
			</points>
		</object>
		<object>
			<coordinate>pixel</coordinate>
			<type>rectangle</type>
			<description>None</description>
			<possibleresult>
				<name>Van</name>
			</possibleresult>
			<points>
				<point>20.000000,476.000000</point>
				<point>5.000000,488.000000</point>
				<point>1.000000,483.000000</point>
				<point>15.000000,471.000000</point>
				<point>20.000000,476.000000</point>
			</points>
		</object>
		<object>
			<coordinate>pixel</coordinate>
			<type>rectangle</type>
			<description>None</description>
			<possibleresult>
				<name>Van</name>
			</possibleresult>
			<points>
				<point>292.000000,585.000000</point>
				<point>287.000000,590.000000</point>
				<point>274.000000,579.000000</point>
				<point>279.000000,573.000000</point>
				<point>292.000000,585.000000</point>
			</points>
		</object>
		<object>
			<coordinate>pixel</coordinate>
			<type>rectangle</type>
			<description>None</description>
			<possibleresult>
				<name>Van</name>
			</possibleresult>
			<points>
				<point>310.000000,585.000000</point>
				<point>303.000000,593.000000</point>
				<point>286.000000,580.000000</point>
				<point>293.000000,571.000000</point>
				<point>310.000000,585.000000</point>
			</points>
		</object>
		<object>
			<coordinate>pixel</coordinate>
			<type>rectangle</type>
			<description>None</description>
			<possibleresult>
				<name>Small Car</name>
			</possibleresult>
			<points>
				<point>324.000000,586.000000</point>
				<point>318.000000,591.000000</point>
				<point>308.000000,577.000000</point>
				<point>313.000000,573.000000</point>
				<point>324.000000,586.000000</point>
			</points>
		</object>
		<object>
			<coordinate>pixel</coordinate>
			<type>rectangle</type>
			<description>None</description>
			<possibleresult>
				<name>Van</name>
			</possibleresult>
			<points>
				<point>341.000000,586.000000</point>
				<point>334.000000,592.000000</point>
				<point>321.000000,580.000000</point>
				<point>328.000000,573.000000</point>
				<point>341.000000,586.000000</point>
			</points>
		</object>
		<object>
			<coordinate>pixel</coordinate>
			<type>rectangle</type>
			<description>None</description>
			<possibleresult>
				<name>Small Car</name>
			</possibleresult>
			<points>
				<point>356.000000,587.000000</point>
				<point>350.000000,592.000000</point>
				<point>338.000000,579.000000</point>
				<point>345.000000,573.000000</point>
				<point>356.000000,587.000000</point>
			</points>
		</object>
		<object>
			<coordinate>pixel</coordinate>
			<type>rectangle</type>
			<description>None</description>
			<possibleresult>
				<name>Van</name>
			</possibleresult>
			<points>
				<point>372.000000,584.000000</point>
				<point>367.000000,590.000000</point>
				<point>353.000000,579.000000</point>
				<point>358.000000,572.000000</point>
				<point>372.000000,584.000000</point>
			</points>
		</object>
		<object>
			<coordinate>pixel</coordinate>
			<type>rectangle</type>
			<description>None</description>
			<possibleresult>
				<name>Dump Truck</name>
			</possibleresult>
			<points>
				<point>388.000000,571.000000</point>
				<point>369.000000,570.000000</point>
				<point>369.000000,563.000000</point>
				<point>388.000000,563.000000</point>
				<point>388.000000,571.000000</point>
			</points>
		</object>
		<object>
			<coordinate>pixel</coordinate>
			<type>rectangle</type>
			<description>None</description>
			<possibleresult>
				<name>Small Car</name>
			</possibleresult>
			<points>
				<point>304.000000,560.000000</point>
				<point>303.000000,569.000000</point>
				<point>282.000000,568.000000</point>
				<point>283.000000,559.000000</point>
				<point>304.000000,560.000000</point>
			</points>
		</object>
		<object>
			<coordinate>pixel</coordinate>
			<type>rectangle</type>
			<description>None</description>
			<possibleresult>
				<name>Small Car</name>
			</possibleresult>
			<points>
				<point>333.000000,536.000000</point>
				<point>320.000000,549.000000</point>
				<point>315.000000,545.000000</point>
				<point>328.000000,531.000000</point>
				<point>333.000000,536.000000</point>
			</points>
		</object>
		<object>
			<coordinate>pixel</coordinate>
			<type>rectangle</type>
			<description>None</description>
			<possibleresult>
				<name>Van</name>
			</possibleresult>
			<points>
				<point>317.000000,535.000000</point>
				<point>307.000000,546.000000</point>
				<point>302.000000,541.000000</point>
				<point>312.000000,530.000000</point>
				<point>317.000000,535.000000</point>
			</points>
		</object>
		<object>
			<coordinate>pixel</coordinate>
			<type>rectangle</type>
			<description>None</description>
			<possibleresult>
				<name>Small Car</name>
			</possibleresult>
			<points>
				<point>302.000000,535.000000</point>
				<point>289.000000,548.000000</point>
				<point>283.000000,543.000000</point>
				<point>297.000000,530.000000</point>
				<point>302.000000,535.000000</point>
			</points>
		</object>
		<object>
			<coordinate>pixel</coordinate>
			<type>rectangle</type>
			<description>None</description>
			<possibleresult>
				<name>Small Car</name>
			</possibleresult>
			<points>
				<point>286.000000,535.000000</point>
				<point>273.000000,548.000000</point>
				<point>267.000000,542.000000</point>
				<point>280.000000,529.000000</point>
				<point>286.000000,535.000000</point>
			</points>
		</object>
		<object>
			<coordinate>pixel</coordinate>
			<type>rectangle</type>
			<description>None</description>
			<possibleresult>
				<name>Small Car</name>
			</possibleresult>
			<points>
				<point>117.000000,537.000000</point>
				<point>103.000000,548.000000</point>
				<point>99.000000,542.000000</point>
				<point>112.000000,531.000000</point>
				<point>117.000000,537.000000</point>
			</points>
		</object>
		<object>
			<coordinate>pixel</coordinate>
			<type>rectangle</type>
			<description>None</description>
			<possibleresult>
				<name>Small Car</name>
			</possibleresult>
			<points>
				<point>132.000000,536.000000</point>
				<point>118.000000,549.000000</point>
				<point>113.000000,543.000000</point>
				<point>127.000000,531.000000</point>
				<point>132.000000,536.000000</point>
			</points>
		</object>
		<object>
			<coordinate>pixel</coordinate>
			<type>rectangle</type>
			<description>None</description>
			<possibleresult>
				<name>Van</name>
			</possibleresult>
			<points>
				<point>147.000000,536.000000</point>
				<point>135.000000,547.000000</point>
				<point>130.000000,542.000000</point>
				<point>143.000000,531.000000</point>
				<point>147.000000,536.000000</point>
			</points>
		</object>
		<object>
			<coordinate>pixel</coordinate>
			<type>rectangle</type>
			<description>None</description>
			<possibleresult>
				<name>Dump Truck</name>
			</possibleresult>
			<points>
				<point>163.000000,535.000000</point>
				<point>147.000000,550.000000</point>
				<point>141.000000,543.000000</point>
				<point>158.000000,529.000000</point>
				<point>163.000000,535.000000</point>
			</points>
		</object>
		<object>
			<coordinate>pixel</coordinate>
			<type>rectangle</type>
			<description>None</description>
			<possibleresult>
				<name>Van</name>
			</possibleresult>
			<points>
				<point>178.000000,534.000000</point>
				<point>166.000000,546.000000</point>
				<point>161.000000,541.000000</point>
				<point>173.000000,529.000000</point>
				<point>178.000000,534.000000</point>
			</points>
		</object>
		<object>
			<coordinate>pixel</coordinate>
			<type>rectangle</type>
			<description>None</description>
			<possibleresult>
				<name>Small Car</name>
			</possibleresult>
			<points>
				<point>136.000000,583.000000</point>
				<point>130.000000,590.000000</point>
				<point>118.000000,578.000000</point>
				<point>124.000000,571.000000</point>
				<point>136.000000,583.000000</point>
			</points>
		</object>
		<object>
			<coordinate>pixel</coordinate>
			<type>rectangle</type>
			<description>None</description>
			<possibleresult>
				<name>Small Car</name>
			</possibleresult>
			<points>
				<point>151.000000,584.000000</point>
				<point>146.000000,589.000000</point>
				<point>133.000000,577.000000</point>
				<point>139.000000,571.000000</point>
				<point>151.000000,584.000000</point>
			</points>
		</object>
		<object>
			<coordinate>pixel</coordinate>
			<type>rectangle</type>
			<description>None</description>
			<possibleresult>
				<name>Van</name>
			</possibleresult>
			<points>
				<point>169.000000,585.000000</point>
				<point>163.000000,591.000000</point>
				<point>151.000000,579.000000</point>
				<point>157.000000,573.000000</point>
				<point>169.000000,585.000000</point>
			</points>
		</object>
		<object>
			<coordinate>pixel</coordinate>
			<type>rectangle</type>
			<description>None</description>
			<possibleresult>
				<name>Van</name>
			</possibleresult>
			<points>
				<point>183.000000,585.000000</point>
				<point>178.000000,591.000000</point>
				<point>167.000000,581.000000</point>
				<point>173.000000,575.000000</point>
				<point>183.000000,585.000000</point>
			</points>
		</object>
		<object>
			<coordinate>pixel</coordinate>
			<type>rectangle</type>
			<description>None</description>
			<possibleresult>
				<name>Van</name>
			</possibleresult>
			<points>
				<point>193.000000,536.000000</point>
				<point>180.000000,549.000000</point>
				<point>175.000000,543.000000</point>
				<point>189.000000,530.000000</point>
				<point>193.000000,536.000000</point>
			</points>
		</object>
		<object>
			<coordinate>pixel</coordinate>
			<type>rectangle</type>
			<description>None</description>
			<possibleresult>
				<name>Small Car</name>
			</possibleresult>
			<points>
				<point>199.000000,583.000000</point>
				<point>193.000000,589.000000</point>
				<point>180.000000,575.000000</point>
				<point>186.000000,570.000000</point>
				<point>199.000000,583.000000</point>
			</points>
		</object>
		<object>
			<coordinate>pixel</coordinate>
			<type>rectangle</type>
			<description>None</description>
			<possibleresult>
				<name>Dump Truck</name>
			</possibleresult>
			<points>
				<point>203.000000,540.000000</point>
				<point>196.000000,549.000000</point>
				<point>189.000000,543.000000</point>
				<point>197.000000,535.000000</point>
				<point>203.000000,540.000000</point>
			</points>
		</object>
		<object>
			<coordinate>pixel</coordinate>
			<type>rectangle</type>
			<description>None</description>
			<possibleresult>
				<name>Dump Truck</name>
			</possibleresult>
			<points>
				<point>216.000000,583.000000</point>
				<point>210.000000,590.000000</point>
				<point>192.000000,574.000000</point>
				<point>198.000000,567.000000</point>
				<point>216.000000,583.000000</point>
			</points>
		</object>
		<object>
			<coordinate>pixel</coordinate>
			<type>rectangle</type>
			<description>None</description>
			<possibleresult>
				<name>Intersection</name>
			</possibleresult>
			<points>
				<point>470.000000,281.000000</point>
				<point>373.000000,281.000000</point>
				<point>373.000000,204.000000</point>
				<point>469.000000,203.000000</point>
				<point>470.000000,281.000000</point>
			</points>
		</object>
		<object>
			<coordinate>pixel</coordinate>
			<type>rectangle</type>
			<description>None</description>
			<possibleresult>
				<name>Small Car</name>
			</possibleresult>
			<points>
				<point>128.000000,220.000000</point>
				<point>108.000000,221.000000</point>
				<point>108.000000,214.000000</point>
				<point>128.000000,213.000000</point>
				<point>128.000000,220.000000</point>
			</points>
		</object>
		<object>
			<coordinate>pixel</coordinate>
			<type>rectangle</type>
			<description>None</description>
			<possibleresult>
				<name>Small Car</name>
			</possibleresult>
			<points>
				<point>136.000000,210.000000</point>
				<point>116.000000,210.000000</point>
				<point>116.000000,202.000000</point>
				<point>136.000000,202.000000</point>
				<point>136.000000,210.000000</point>
			</points>
		</object>
		<object>
			<coordinate>pixel</coordinate>
			<type>rectangle</type>
			<description>None</description>
			<possibleresult>
				<name>Van</name>
			</possibleresult>
			<points>
				<point>110.000000,208.000000</point>
				<point>92.000000,208.000000</point>
				<point>92.000000,202.000000</point>
				<point>110.000000,202.000000</point>
				<point>110.000000,208.000000</point>
			</points>
		</object>
		<object>
			<coordinate>pixel</coordinate>
			<type>rectangle</type>
			<description>None</description>
			<possibleresult>
				<name>Small Car</name>
			</possibleresult>
			<points>
				<point>12.000000,141.000000</point>
				<point>3.000000,141.000000</point>
				<point>3.000000,123.000000</point>
				<point>12.000000,123.000000</point>
				<point>12.000000,141.000000</point>
			</points>
		</object>
		<object>
			<coordinate>pixel</coordinate>
			<type>rectangle</type>
			<description>None</description>
			<possibleresult>
				<name>Small Car</name>
			</possibleresult>
			<points>
				<point>26.000000,106.000000</point>
				<point>25.000000,123.000000</point>
				<point>16.000000,123.000000</point>
				<point>16.000000,106.000000</point>
				<point>26.000000,106.000000</point>
			</points>
		</object>
		<object>
			<coordinate>pixel</coordinate>
			<type>rectangle</type>
			<description>None</description>
			<possibleresult>
				<name>Small Car</name>
			</possibleresult>
			<points>
				<point>12.000000,95.000000</point>
				<point>2.000000,95.000000</point>
				<point>2.000000,76.000000</point>
				<point>12.000000,77.000000</point>
				<point>12.000000,95.000000</point>
			</points>
		</object>
		<object>
			<coordinate>pixel</coordinate>
			<type>rectangle</type>
			<description>None</description>
			<possibleresult>
				<name>Van</name>
			</possibleresult>
			<points>
				<point>55.000000,57.000000</point>
				<point>40.000000,69.000000</point>
				<point>35.000000,64.000000</point>
				<point>50.000000,51.000000</point>
				<point>55.000000,57.000000</point>
			</points>
		</object>
		<object>
			<coordinate>pixel</coordinate>
			<type>rectangle</type>
			<description>None</description>
			<possibleresult>
				<name>Small Car</name>
			</possibleresult>
			<points>
				<point>56.000000,30.000000</point>
				<point>41.000000,42.000000</point>
				<point>37.000000,36.000000</point>
				<point>51.000000,24.000000</point>
				<point>56.000000,30.000000</point>
			</points>
		</object>
		<object>
			<coordinate>pixel</coordinate>
			<type>rectangle</type>
			<description>None</description>
			<possibleresult>
				<name>Van</name>
			</possibleresult>
			<points>
				<point>11.000000,45.000000</point>
				<point>2.000000,45.000000</point>
				<point>1.000000,27.000000</point>
				<point>11.000000,27.000000</point>
				<point>11.000000,45.000000</point>
			</points>
		</object>
	</objects>
</annotation>