<?xml version="1.0" encoding="utf-8"?>
<annotation>
	<source>
		<filename>5674.tif</filename>
		<origin>GF2/GF3</origin>
	</source>
	<research>
		<version>1.0</version>
		<provider>FAIR1M</provider>
		<author>Cyber</author>
		<pluginname>FAIR1M</pluginname>
		<pluginclass>object detection</pluginclass>
		<time>2021-07-21</time>
	</research>
	<size>
		<width>800</width>
		<height>600</height>
		<depth>4</depth>
	</size>
	<objects>
		<object>
			<coordinate>pixel</coordinate>
			<type>rectangle</type>
			<description>None</description>
			<possibleresult>
				<name>Small Car</name>
			</possibleresult>
			<points>
				<point>165.000000,55.000000</point>
				<point>139.000000,56.000000</point>
				<point>139.000000,48.000000</point>
				<point>165.000000,47.000000</point>
				<point>165.000000,55.000000</point>
			</points>
		</object>
		<object>
			<coordinate>pixel</coordinate>
			<type>rectangle</type>
			<description>None</description>
			<possibleresult>
				<name>Small Car</name>
			</possibleresult>
			<points>
				<point>73.000000,110.000000</point>
				<point>62.000000,110.000000</point>
				<point>62.000000,90.000000</point>
				<point>73.000000,90.000000</point>
				<point>73.000000,110.000000</point>
			</points>
		</object>
		<object>
			<coordinate>pixel</coordinate>
			<type>rectangle</type>
			<description>None</description>
			<possibleresult>
				<name>Van</name>
			</possibleresult>
			<points>
				<point>77.000000,219.000000</point>
				<point>66.000000,221.000000</point>
				<point>62.000000,200.000000</point>
				<point>73.000000,198.000000</point>
				<point>77.000000,219.000000</point>
			</points>
		</object>
		<object>
			<coordinate>pixel</coordinate>
			<type>rectangle</type>
			<description>None</description>
			<possibleresult>
				<name>Van</name>
			</possibleresult>
			<points>
				<point>73.000000,253.000000</point>
				<point>64.000000,254.000000</point>
				<point>64.000000,234.000000</point>
				<point>72.000000,233.000000</point>
				<point>73.000000,253.000000</point>
			</points>
		</object>
		<object>
			<coordinate>pixel</coordinate>
			<type>rectangle</type>
			<description>None</description>
			<possibleresult>
				<name>Small Car</name>
			</possibleresult>
			<points>
				<point>64.000000,218.000000</point>
				<point>53.000000,222.000000</point>
				<point>45.000000,202.000000</point>
				<point>57.000000,198.000000</point>
				<point>64.000000,218.000000</point>
			</points>
		</object>
		<object>
			<coordinate>pixel</coordinate>
			<type>rectangle</type>
			<description>None</description>
			<possibleresult>
				<name>Dump Truck</name>
			</possibleresult>
			<points>
				<point>14.000000,248.000000</point>
				<point>2.000000,247.000000</point>
				<point>2.000000,226.000000</point>
				<point>14.000000,226.000000</point>
				<point>14.000000,248.000000</point>
			</points>
		</object>
		<object>
			<coordinate>pixel</coordinate>
			<type>rectangle</type>
			<description>None</description>
			<possibleresult>
				<name>Van</name>
			</possibleresult>
			<points>
				<point>12.000000,268.000000</point>
				<point>2.000000,268.000000</point>
				<point>2.000000,250.000000</point>
				<point>12.000000,250.000000</point>
				<point>12.000000,268.000000</point>
			</points>
		</object>
		<object>
			<coordinate>pixel</coordinate>
			<type>rectangle</type>
			<description>None</description>
			<possibleresult>
				<name>Van</name>
			</possibleresult>
			<points>
				<point>12.000000,268.000000</point>
				<point>11.000000,287.000000</point>
				<point>0.000000,286.000000</point>
				<point>2.000000,268.000000</point>
				<point>12.000000,268.000000</point>
			</points>
		</object>
		<object>
			<coordinate>pixel</coordinate>
			<type>rectangle</type>
			<description>None</description>
			<possibleresult>
				<name>Van</name>
			</possibleresult>
			<points>
				<point>75.000000,277.000000</point>
				<point>65.000000,277.000000</point>
				<point>64.000000,259.000000</point>
				<point>75.000000,259.000000</point>
				<point>75.000000,277.000000</point>
			</points>
		</object>
		<object>
			<coordinate>pixel</coordinate>
			<type>rectangle</type>
			<description>None</description>
			<possibleresult>
				<name>Small Car</name>
			</possibleresult>
			<points>
				<point>252.000000,281.000000</point>
				<point>240.000000,283.000000</point>
				<point>239.000000,269.000000</point>
				<point>250.000000,268.000000</point>
				<point>252.000000,281.000000</point>
			</points>
		</object>
		<object>
			<coordinate>pixel</coordinate>
			<type>rectangle</type>
			<description>None</description>
			<possibleresult>
				<name>Small Car</name>
			</possibleresult>
			<points>
				<point>201.000000,454.000000</point>
				<point>188.000000,455.000000</point>
				<point>187.000000,445.000000</point>
				<point>201.000000,445.000000</point>
				<point>201.000000,454.000000</point>
			</points>
		</object>
		<object>
			<coordinate>pixel</coordinate>
			<type>rectangle</type>
			<description>None</description>
			<possibleresult>
				<name>Van</name>
			</possibleresult>
			<points>
				<point>348.000000,488.000000</point>
				<point>324.000000,488.000000</point>
				<point>324.000000,481.000000</point>
				<point>348.000000,481.000000</point>
				<point>348.000000,488.000000</point>
			</points>
		</object>
		<object>
			<coordinate>pixel</coordinate>
			<type>rectangle</type>
			<description>None</description>
			<possibleresult>
				<name>Small Car</name>
			</possibleresult>
			<points>
				<point>417.000000,520.000000</point>
				<point>394.000000,523.000000</point>
				<point>393.000000,515.000000</point>
				<point>416.000000,513.000000</point>
				<point>417.000000,520.000000</point>
			</points>
		</object>
		<object>
			<coordinate>pixel</coordinate>
			<type>rectangle</type>
			<description>None</description>
			<possibleresult>
				<name>Van</name>
			</possibleresult>
			<points>
				<point>389.000000,573.000000</point>
				<point>365.000000,573.000000</point>
				<point>365.000000,565.000000</point>
				<point>389.000000,565.000000</point>
				<point>389.000000,573.000000</point>
			</points>
		</object>
		<object>
			<coordinate>pixel</coordinate>
			<type>rectangle</type>
			<description>None</description>
			<possibleresult>
				<name>Small Car</name>
			</possibleresult>
			<points>
				<point>437.000000,572.000000</point>
				<point>416.000000,572.000000</point>
				<point>416.000000,564.000000</point>
				<point>437.000000,563.000000</point>
				<point>437.000000,572.000000</point>
			</points>
		</object>
		<object>
			<coordinate>pixel</coordinate>
			<type>rectangle</type>
			<description>None</description>
			<possibleresult>
				<name>Van</name>
			</possibleresult>
			<points>
				<point>621.000000,560.000000</point>
				<point>599.000000,562.000000</point>
				<point>598.000000,554.000000</point>
				<point>620.000000,552.000000</point>
				<point>621.000000,560.000000</point>
			</points>
		</object>
		<object>
			<coordinate>pixel</coordinate>
			<type>rectangle</type>
			<description>None</description>
			<possibleresult>
				<name>Small Car</name>
			</possibleresult>
			<points>
				<point>530.000000,434.000000</point>
				<point>520.000000,436.000000</point>
				<point>516.000000,418.000000</point>
				<point>526.000000,416.000000</point>
				<point>530.000000,434.000000</point>
			</points>
		</object>
		<object>
			<coordinate>pixel</coordinate>
			<type>rectangle</type>
			<description>None</description>
			<possibleresult>
				<name>Small Car</name>
			</possibleresult>
			<points>
				<point>567.000000,420.000000</point>
				<point>565.000000,435.000000</point>
				<point>555.000000,434.000000</point>
				<point>556.000000,419.000000</point>
				<point>567.000000,420.000000</point>
			</points>
		</object>
		<object>
			<coordinate>pixel</coordinate>
			<type>rectangle</type>
			<description>None</description>
			<possibleresult>
				<name>Van</name>
			</possibleresult>
			<points>
				<point>495.000000,286.000000</point>
				<point>485.000000,287.000000</point>
				<point>483.000000,269.000000</point>
				<point>493.000000,268.000000</point>
				<point>495.000000,286.000000</point>
			</points>
		</object>
		<object>
			<coordinate>pixel</coordinate>
			<type>rectangle</type>
			<description>None</description>
			<possibleresult>
				<name>Small Car</name>
			</possibleresult>
			<points>
				<point>537.000000,292.000000</point>
				<point>535.000000,300.000000</point>
				<point>515.000000,294.000000</point>
				<point>517.000000,287.000000</point>
				<point>537.000000,292.000000</point>
			</points>
		</object>
		<object>
			<coordinate>pixel</coordinate>
			<type>rectangle</type>
			<description>None</description>
			<possibleresult>
				<name>Van</name>
			</possibleresult>
			<points>
				<point>530.000000,290.000000</point>
				<point>522.000000,291.000000</point>
				<point>521.000000,271.000000</point>
				<point>530.000000,270.000000</point>
				<point>530.000000,290.000000</point>
			</points>
		</object>
		<object>
			<coordinate>pixel</coordinate>
			<type>rectangle</type>
			<description>None</description>
			<possibleresult>
				<name>Small Car</name>
			</possibleresult>
			<points>
				<point>552.000000,263.000000</point>
				<point>542.000000,263.000000</point>
				<point>541.000000,244.000000</point>
				<point>551.000000,243.000000</point>
				<point>552.000000,263.000000</point>
			</points>
		</object>
		<object>
			<coordinate>pixel</coordinate>
			<type>rectangle</type>
			<description>None</description>
			<possibleresult>
				<name>Small Car</name>
			</possibleresult>
			<points>
				<point>503.000000,225.000000</point>
				<point>493.000000,229.000000</point>
				<point>487.000000,215.000000</point>
				<point>497.000000,211.000000</point>
				<point>503.000000,225.000000</point>
			</points>
		</object>
		<object>
			<coordinate>pixel</coordinate>
			<type>rectangle</type>
			<description>None</description>
			<possibleresult>
				<name>Van</name>
			</possibleresult>
			<points>
				<point>399.000000,96.000000</point>
				<point>389.000000,100.000000</point>
				<point>382.000000,80.000000</point>
				<point>393.000000,76.000000</point>
				<point>399.000000,96.000000</point>
			</points>
		</object>
		<object>
			<coordinate>pixel</coordinate>
			<type>rectangle</type>
			<description>None</description>
			<possibleresult>
				<name>Small Car</name>
			</possibleresult>
			<points>
				<point>415.000000,98.000000</point>
				<point>405.000000,98.000000</point>
				<point>404.000000,78.000000</point>
				<point>415.000000,78.000000</point>
				<point>415.000000,98.000000</point>
			</points>
		</object>
		<object>
			<coordinate>pixel</coordinate>
			<type>rectangle</type>
			<description>None</description>
			<possibleresult>
				<name>Small Car</name>
			</possibleresult>
			<points>
				<point>770.000000,113.000000</point>
				<point>760.000000,113.000000</point>
				<point>760.000000,93.000000</point>
				<point>770.000000,93.000000</point>
				<point>770.000000,113.000000</point>
			</points>
		</object>
		<object>
			<coordinate>pixel</coordinate>
			<type>rectangle</type>
			<description>None</description>
			<possibleresult>
				<name>Van</name>
			</possibleresult>
			<points>
				<point>716.000000,150.000000</point>
				<point>707.000000,151.000000</point>
				<point>706.000000,136.000000</point>
				<point>715.000000,135.000000</point>
				<point>716.000000,150.000000</point>
			</points>
		</object>
		<object>
			<coordinate>pixel</coordinate>
			<type>rectangle</type>
			<description>None</description>
			<possibleresult>
				<name>Small Car</name>
			</possibleresult>
			<points>
				<point>717.000000,260.000000</point>
				<point>707.000000,260.000000</point>
				<point>707.000000,243.000000</point>
				<point>717.000000,243.000000</point>
				<point>717.000000,260.000000</point>
			</points>
		</object>
		<object>
			<coordinate>pixel</coordinate>
			<type>rectangle</type>
			<description>None</description>
			<possibleresult>
				<name>Van</name>
			</possibleresult>
			<points>
				<point>723.000000,294.000000</point>
				<point>713.000000,296.000000</point>
				<point>710.000000,279.000000</point>
				<point>719.000000,276.000000</point>
				<point>723.000000,294.000000</point>
			</points>
		</object>
		<object>
			<coordinate>pixel</coordinate>
			<type>rectangle</type>
			<description>None</description>
			<possibleresult>
				<name>Van</name>
			</possibleresult>
			<points>
				<point>760.000000,365.000000</point>
				<point>738.000000,364.000000</point>
				<point>738.000000,355.000000</point>
				<point>760.000000,356.000000</point>
				<point>760.000000,365.000000</point>
			</points>
		</object>
		<object>
			<coordinate>pixel</coordinate>
			<type>rectangle</type>
			<description>None</description>
			<possibleresult>
				<name>Van</name>
			</possibleresult>
			<points>
				<point>786.000000,363.000000</point>
				<point>763.000000,363.000000</point>
				<point>763.000000,356.000000</point>
				<point>786.000000,356.000000</point>
				<point>786.000000,363.000000</point>
			</points>
		</object>
		<object>
			<coordinate>pixel</coordinate>
			<type>rectangle</type>
			<description>None</description>
			<possibleresult>
				<name>Dump Truck</name>
			</possibleresult>
			<points>
				<point>771.000000,510.000000</point>
				<point>748.000000,509.000000</point>
				<point>748.000000,500.000000</point>
				<point>771.000000,501.000000</point>
				<point>771.000000,510.000000</point>
			</points>
		</object>
		<object>
			<coordinate>pixel</coordinate>
			<type>rectangle</type>
			<description>None</description>
			<possibleresult>
				<name>Small Car</name>
			</possibleresult>
			<points>
				<point>695.000000,588.000000</point>
				<point>684.000000,589.000000</point>
				<point>682.000000,572.000000</point>
				<point>693.000000,571.000000</point>
				<point>695.000000,588.000000</point>
			</points>
		</object>
	</objects>
</annotation>