<?xml version="1.0" encoding="utf-8"?>
<annotation>
	<source>
		<filename>5769.tif</filename>
		<origin>GF2/GF3</origin>
	</source>
	<research>
		<version>1.0</version>
		<provider>FAIR1M</provider>
		<author>Cyber</author>
		<pluginname>FAIR1M</pluginname>
		<pluginclass>object detection</pluginclass>
		<time>2021-07-21</time>
	</research>
	<size>
		<width>1000</width>
		<height>1000</height>
		<depth>3</depth>
	</size>
	<objects>
		<object>
			<coordinate>pixel</coordinate>
			<type>rectangle</type>
			<description>None</description>
			<possibleresult>
				<name>Van</name>
			</possibleresult>
			<points>
				<point>557.000000,399.000000</point>
				<point>548.000000,399.000000</point>
				<point>549.000000,384.000000</point>
				<point>557.000000,384.000000</point>
				<point>557.000000,399.000000</point>
			</points>
		</object>
		<object>
			<coordinate>pixel</coordinate>
			<type>rectangle</type>
			<description>None</description>
			<possibleresult>
				<name>Van</name>
			</possibleresult>
			<points>
				<point>572.000000,264.000000</point>
				<point>561.000000,264.000000</point>
				<point>560.000000,244.000000</point>
				<point>571.000000,244.000000</point>
				<point>572.000000,264.000000</point>
			</points>
		</object>
		<object>
			<coordinate>pixel</coordinate>
			<type>rectangle</type>
			<description>None</description>
			<possibleresult>
				<name>Van</name>
			</possibleresult>
			<points>
				<point>560.000000,162.000000</point>
				<point>548.000000,162.000000</point>
				<point>549.000000,141.000000</point>
				<point>560.000000,141.000000</point>
				<point>560.000000,162.000000</point>
			</points>
		</object>
		<object>
			<coordinate>pixel</coordinate>
			<type>rectangle</type>
			<description>None</description>
			<possibleresult>
				<name>Small Car</name>
			</possibleresult>
			<points>
				<point>351.000000,119.000000</point>
				<point>329.000000,119.000000</point>
				<point>329.000000,112.000000</point>
				<point>351.000000,111.000000</point>
				<point>351.000000,119.000000</point>
			</points>
		</object>
		<object>
			<coordinate>pixel</coordinate>
			<type>rectangle</type>
			<description>None</description>
			<possibleresult>
				<name>Van</name>
			</possibleresult>
			<points>
				<point>351.000000,110.000000</point>
				<point>329.000000,110.000000</point>
				<point>329.000000,103.000000</point>
				<point>351.000000,103.000000</point>
				<point>351.000000,110.000000</point>
			</points>
		</object>
		<object>
			<coordinate>pixel</coordinate>
			<type>rectangle</type>
			<description>None</description>
			<possibleresult>
				<name>Small Car</name>
			</possibleresult>
			<points>
				<point>27.000000,157.000000</point>
				<point>19.000000,157.000000</point>
				<point>19.000000,141.000000</point>
				<point>27.000000,140.000000</point>
				<point>27.000000,157.000000</point>
			</points>
		</object>
		<object>
			<coordinate>pixel</coordinate>
			<type>rectangle</type>
			<description>None</description>
			<possibleresult>
				<name>Van</name>
			</possibleresult>
			<points>
				<point>57.000000,189.000000</point>
				<point>50.000000,189.000000</point>
				<point>49.000000,173.000000</point>
				<point>56.000000,172.000000</point>
				<point>57.000000,189.000000</point>
			</points>
		</object>
		<object>
			<coordinate>pixel</coordinate>
			<type>rectangle</type>
			<description>None</description>
			<possibleresult>
				<name>Small Car</name>
			</possibleresult>
			<points>
				<point>60.000000,209.000000</point>
				<point>52.000000,210.000000</point>
				<point>52.000000,198.000000</point>
				<point>60.000000,197.000000</point>
				<point>60.000000,209.000000</point>
			</points>
		</object>
		<object>
			<coordinate>pixel</coordinate>
			<type>rectangle</type>
			<description>None</description>
			<possibleresult>
				<name>Van</name>
			</possibleresult>
			<points>
				<point>27.000000,181.000000</point>
				<point>18.000000,181.000000</point>
				<point>18.000000,165.000000</point>
				<point>26.000000,165.000000</point>
				<point>27.000000,181.000000</point>
			</points>
		</object>
		<object>
			<coordinate>pixel</coordinate>
			<type>rectangle</type>
			<description>None</description>
			<possibleresult>
				<name>Small Car</name>
			</possibleresult>
			<points>
				<point>28.000000,641.000000</point>
				<point>19.000000,641.000000</point>
				<point>18.000000,624.000000</point>
				<point>27.000000,624.000000</point>
				<point>28.000000,641.000000</point>
			</points>
		</object>
		<object>
			<coordinate>pixel</coordinate>
			<type>rectangle</type>
			<description>None</description>
			<possibleresult>
				<name>Van</name>
			</possibleresult>
			<points>
				<point>28.000000,573.000000</point>
				<point>17.000000,573.000000</point>
				<point>18.000000,555.000000</point>
				<point>28.000000,556.000000</point>
				<point>28.000000,573.000000</point>
			</points>
		</object>
		<object>
			<coordinate>pixel</coordinate>
			<type>rectangle</type>
			<description>None</description>
			<possibleresult>
				<name>Small Car</name>
			</possibleresult>
			<points>
				<point>57.000000,593.000000</point>
				<point>49.000000,593.000000</point>
				<point>49.000000,575.000000</point>
				<point>57.000000,575.000000</point>
				<point>57.000000,593.000000</point>
			</points>
		</object>
		<object>
			<coordinate>pixel</coordinate>
			<type>rectangle</type>
			<description>None</description>
			<possibleresult>
				<name>Small Car</name>
			</possibleresult>
			<points>
				<point>57.000000,567.000000</point>
				<point>49.000000,567.000000</point>
				<point>48.000000,552.000000</point>
				<point>56.000000,552.000000</point>
				<point>57.000000,567.000000</point>
			</points>
		</object>
		<object>
			<coordinate>pixel</coordinate>
			<type>rectangle</type>
			<description>None</description>
			<possibleresult>
				<name>Small Car</name>
			</possibleresult>
			<points>
				<point>29.000000,544.000000</point>
				<point>19.000000,545.000000</point>
				<point>18.000000,526.000000</point>
				<point>28.000000,525.000000</point>
				<point>29.000000,544.000000</point>
			</points>
		</object>
		<object>
			<coordinate>pixel</coordinate>
			<type>rectangle</type>
			<description>None</description>
			<possibleresult>
				<name>Van</name>
			</possibleresult>
			<points>
				<point>28.000000,510.000000</point>
				<point>18.000000,511.000000</point>
				<point>18.000000,494.000000</point>
				<point>27.000000,493.000000</point>
				<point>28.000000,510.000000</point>
			</points>
		</object>
		<object>
			<coordinate>pixel</coordinate>
			<type>rectangle</type>
			<description>None</description>
			<possibleresult>
				<name>Van</name>
			</possibleresult>
			<points>
				<point>357.000000,376.000000</point>
				<point>326.000000,376.000000</point>
				<point>326.000000,365.000000</point>
				<point>357.000000,366.000000</point>
				<point>357.000000,376.000000</point>
			</points>
		</object>
		<object>
			<coordinate>pixel</coordinate>
			<type>rectangle</type>
			<description>None</description>
			<possibleresult>
				<name>Van</name>
			</possibleresult>
			<points>
				<point>341.000000,322.000000</point>
				<point>321.000000,322.000000</point>
				<point>321.000000,316.000000</point>
				<point>341.000000,316.000000</point>
				<point>341.000000,322.000000</point>
			</points>
		</object>
		<object>
			<coordinate>pixel</coordinate>
			<type>rectangle</type>
			<description>None</description>
			<possibleresult>
				<name>Small Car</name>
			</possibleresult>
			<points>
				<point>558.000000,529.000000</point>
				<point>545.000000,529.000000</point>
				<point>544.000000,493.000000</point>
				<point>557.000000,493.000000</point>
				<point>558.000000,529.000000</point>
			</points>
		</object>
		<object>
			<coordinate>pixel</coordinate>
			<type>rectangle</type>
			<description>None</description>
			<possibleresult>
				<name>Van</name>
			</possibleresult>
			<points>
				<point>887.000000,37.000000</point>
				<point>864.000000,38.000000</point>
				<point>864.000000,31.000000</point>
				<point>886.000000,30.000000</point>
				<point>887.000000,37.000000</point>
			</points>
		</object>
		<object>
			<coordinate>pixel</coordinate>
			<type>rectangle</type>
			<description>None</description>
			<possibleresult>
				<name>Van</name>
			</possibleresult>
			<points>
				<point>991.000000,16.000000</point>
				<point>968.000000,16.000000</point>
				<point>968.000000,7.000000</point>
				<point>991.000000,7.000000</point>
				<point>991.000000,16.000000</point>
			</points>
		</object>
		<object>
			<coordinate>pixel</coordinate>
			<type>rectangle</type>
			<description>None</description>
			<possibleresult>
				<name>Small Car</name>
			</possibleresult>
			<points>
				<point>831.000000,901.000000</point>
				<point>821.000000,902.000000</point>
				<point>821.000000,883.000000</point>
				<point>830.000000,883.000000</point>
				<point>831.000000,901.000000</point>
			</points>
		</object>
		<object>
			<coordinate>pixel</coordinate>
			<type>rectangle</type>
			<description>None</description>
			<possibleresult>
				<name>Van</name>
			</possibleresult>
			<points>
				<point>172.000000,690.000000</point>
				<point>151.000000,690.000000</point>
				<point>150.000000,681.000000</point>
				<point>172.000000,680.000000</point>
				<point>172.000000,690.000000</point>
			</points>
		</object>
		<object>
			<coordinate>pixel</coordinate>
			<type>rectangle</type>
			<description>None</description>
			<possibleresult>
				<name>Van</name>
			</possibleresult>
			<points>
				<point>410.000000,978.000000</point>
				<point>387.000000,977.000000</point>
				<point>388.000000,964.000000</point>
				<point>410.000000,965.000000</point>
				<point>410.000000,978.000000</point>
			</points>
		</object>
		<object>
			<coordinate>pixel</coordinate>
			<type>rectangle</type>
			<description>None</description>
			<possibleresult>
				<name>Intersection</name>
			</possibleresult>
			<points>
				<point>628.000000,663.000000</point>
				<point>623.000000,731.000000</point>
				<point>542.000000,725.000000</point>
				<point>547.000000,657.000000</point>
				<point>628.000000,663.000000</point>
			</points>
		</object>
		<object>
			<coordinate>pixel</coordinate>
			<type>rectangle</type>
			<description>None</description>
			<possibleresult>
				<name>Van</name>
			</possibleresult>
			<points>
				<point>208.000000,5.000000</point>
				<point>186.000000,5.000000</point>
				<point>186.000000,0.000000</point>
				<point>208.000000,0.000000</point>
				<point>208.000000,5.000000</point>
			</points>
		</object>
		<object>
			<coordinate>pixel</coordinate>
			<type>rectangle</type>
			<description>None</description>
			<possibleresult>
				<name>Tennis Court</name>
			</possibleresult>
			<points>
				<point>55.000000,784.000000</point>
				<point>54.000000,865.000000</point>
				<point>6.000000,865.000000</point>
				<point>7.000000,784.000000</point>
				<point>55.000000,784.000000</point>
			</points>
		</object>
		<object>
			<coordinate>pixel</coordinate>
			<type>rectangle</type>
			<description>None</description>
			<possibleresult>
				<name>Tennis Court</name>
			</possibleresult>
			<points>
				<point>54.000000,907.000000</point>
				<point>53.000000,988.000000</point>
				<point>6.000000,987.000000</point>
				<point>7.000000,906.000000</point>
				<point>54.000000,907.000000</point>
			</points>
		</object>
		<object>
			<coordinate>pixel</coordinate>
			<type>rectangle</type>
			<description>None</description>
			<possibleresult>
				<name>Bus</name>
			</possibleresult>
			<points>
				<point>387.000000,904.000000</point>
				<point>376.000000,904.000000</point>
				<point>375.000000,873.000000</point>
				<point>387.000000,873.000000</point>
				<point>387.000000,904.000000</point>
			</points>
		</object>
	</objects>
</annotation>