<?xml version="1.0" encoding="utf-8"?>
<annotation>
	<source>
		<filename>5847.tif</filename>
		<origin>GF2/GF3</origin>
	</source>
	<research>
		<version>1.0</version>
		<provider>FAIR1M</provider>
		<author>Cyber</author>
		<pluginname>FAIR1M</pluginname>
		<pluginclass>object detection</pluginclass>
		<time>2021-07-21</time>
	</research>
	<size>
		<width>600</width>
		<height>800</height>
		<depth>3</depth>
	</size>
	<objects>
		<object>
			<coordinate>pixel</coordinate>
			<type>rectangle</type>
			<description>None</description>
			<possibleresult>
				<name>Liquid Cargo Ship</name>
			</possibleresult>
			<points>
				<point>504.000000,559.000000</point>
				<point>307.000000,574.000000</point>
				<point>304.000000,540.000000</point>
				<point>501.000000,525.000000</point>
				<point>504.000000,559.000000</point>
			</points>
		</object>
	</objects>
</annotation>