<?xml version="1.0" encoding="utf-8"?>
<annotation>
	<source>
		<filename>5855.tif</filename>
		<origin>GF2/GF3</origin>
	</source>
	<research>
		<version>1.0</version>
		<provider>FAIR1M</provider>
		<author>Cyber</author>
		<pluginname>FAIR1M</pluginname>
		<pluginclass>object detection</pluginclass>
		<time>2021-07-21</time>
	</research>
	<size>
		<width>1000</width>
		<height>1000</height>
		<depth>3</depth>
	</size>
	<objects>
		<object>
			<coordinate>pixel</coordinate>
			<type>rectangle</type>
			<description>None</description>
			<possibleresult>
				<name>Small Car</name>
			</possibleresult>
			<points>
				<point>791.000000,89.000000</point>
				<point>789.000000,98.000000</point>
				<point>784.000000,97.000000</point>
				<point>786.000000,88.000000</point>
				<point>791.000000,89.000000</point>
			</points>
		</object>
		<object>
			<coordinate>pixel</coordinate>
			<type>rectangle</type>
			<description>None</description>
			<possibleresult>
				<name>Van</name>
			</possibleresult>
			<points>
				<point>638.000000,11.000000</point>
				<point>619.000000,11.000000</point>
				<point>619.000000,5.000000</point>
				<point>638.000000,5.000000</point>
				<point>638.000000,11.000000</point>
			</points>
		</object>
		<object>
			<coordinate>pixel</coordinate>
			<type>rectangle</type>
			<description>None</description>
			<possibleresult>
				<name>Dump Truck</name>
			</possibleresult>
			<points>
				<point>664.000000,12.000000</point>
				<point>640.000000,11.000000</point>
				<point>640.000000,4.000000</point>
				<point>664.000000,5.000000</point>
				<point>664.000000,12.000000</point>
			</points>
		</object>
		<object>
			<coordinate>pixel</coordinate>
			<type>rectangle</type>
			<description>None</description>
			<possibleresult>
				<name>Small Car</name>
			</possibleresult>
			<points>
				<point>842.000000,76.000000</point>
				<point>839.000000,95.000000</point>
				<point>831.000000,94.000000</point>
				<point>834.000000,75.000000</point>
				<point>842.000000,76.000000</point>
			</points>
		</object>
		<object>
			<coordinate>pixel</coordinate>
			<type>rectangle</type>
			<description>None</description>
			<possibleresult>
				<name>Small Car</name>
			</possibleresult>
			<points>
				<point>831.000000,76.000000</point>
				<point>826.000000,94.000000</point>
				<point>818.000000,91.000000</point>
				<point>824.000000,74.000000</point>
				<point>831.000000,76.000000</point>
			</points>
		</object>
		<object>
			<coordinate>pixel</coordinate>
			<type>rectangle</type>
			<description>None</description>
			<possibleresult>
				<name>Small Car</name>
			</possibleresult>
			<points>
				<point>829.000000,58.000000</point>
				<point>828.000000,65.000000</point>
				<point>805.000000,62.000000</point>
				<point>806.000000,55.000000</point>
				<point>829.000000,58.000000</point>
			</points>
		</object>
		<object>
			<coordinate>pixel</coordinate>
			<type>rectangle</type>
			<description>None</description>
			<possibleresult>
				<name>Small Car</name>
			</possibleresult>
			<points>
				<point>749.000000,8.000000</point>
				<point>748.000000,15.000000</point>
				<point>728.000000,13.000000</point>
				<point>729.000000,6.000000</point>
				<point>749.000000,8.000000</point>
			</points>
		</object>
		<object>
			<coordinate>pixel</coordinate>
			<type>rectangle</type>
			<description>None</description>
			<possibleresult>
				<name>Van</name>
			</possibleresult>
			<points>
				<point>746.000000,24.000000</point>
				<point>725.000000,22.000000</point>
				<point>725.000000,15.000000</point>
				<point>746.000000,17.000000</point>
				<point>746.000000,24.000000</point>
			</points>
		</object>
		<object>
			<coordinate>pixel</coordinate>
			<type>rectangle</type>
			<description>None</description>
			<possibleresult>
				<name>Van</name>
			</possibleresult>
			<points>
				<point>746.000000,27.000000</point>
				<point>745.000000,34.000000</point>
				<point>723.000000,32.000000</point>
				<point>723.000000,25.000000</point>
				<point>746.000000,27.000000</point>
			</points>
		</object>
		<object>
			<coordinate>pixel</coordinate>
			<type>rectangle</type>
			<description>None</description>
			<possibleresult>
				<name>Van</name>
			</possibleresult>
			<points>
				<point>740.000000,52.000000</point>
				<point>719.000000,51.000000</point>
				<point>720.000000,45.000000</point>
				<point>740.000000,45.000000</point>
				<point>740.000000,52.000000</point>
			</points>
		</object>
		<object>
			<coordinate>pixel</coordinate>
			<type>rectangle</type>
			<description>None</description>
			<possibleresult>
				<name>Small Car</name>
			</possibleresult>
			<points>
				<point>738.000000,73.000000</point>
				<point>737.000000,81.000000</point>
				<point>714.000000,79.000000</point>
				<point>715.000000,71.000000</point>
				<point>738.000000,73.000000</point>
			</points>
		</object>
		<object>
			<coordinate>pixel</coordinate>
			<type>rectangle</type>
			<description>None</description>
			<possibleresult>
				<name>Van</name>
			</possibleresult>
			<points>
				<point>736.000000,86.000000</point>
				<point>735.000000,92.000000</point>
				<point>712.000000,89.000000</point>
				<point>713.000000,83.000000</point>
				<point>736.000000,86.000000</point>
			</points>
		</object>
		<object>
			<coordinate>pixel</coordinate>
			<type>rectangle</type>
			<description>None</description>
			<possibleresult>
				<name>Van</name>
			</possibleresult>
			<points>
				<point>760.000000,88.000000</point>
				<point>759.000000,94.000000</point>
				<point>738.000000,93.000000</point>
				<point>738.000000,87.000000</point>
				<point>760.000000,88.000000</point>
			</points>
		</object>
		<object>
			<coordinate>pixel</coordinate>
			<type>rectangle</type>
			<description>None</description>
			<possibleresult>
				<name>Small Car</name>
			</possibleresult>
			<points>
				<point>680.000000,22.000000</point>
				<point>678.000000,38.000000</point>
				<point>671.000000,37.000000</point>
				<point>673.000000,21.000000</point>
				<point>680.000000,22.000000</point>
			</points>
		</object>
		<object>
			<coordinate>pixel</coordinate>
			<type>rectangle</type>
			<description>None</description>
			<possibleresult>
				<name>Van</name>
			</possibleresult>
			<points>
				<point>529.000000,9.000000</point>
				<point>528.000000,21.000000</point>
				<point>522.000000,20.000000</point>
				<point>522.000000,8.000000</point>
				<point>529.000000,9.000000</point>
			</points>
		</object>
		<object>
			<coordinate>pixel</coordinate>
			<type>rectangle</type>
			<description>None</description>
			<possibleresult>
				<name>Van</name>
			</possibleresult>
			<points>
				<point>528.000000,52.000000</point>
				<point>519.000000,52.000000</point>
				<point>519.000000,35.000000</point>
				<point>528.000000,35.000000</point>
				<point>528.000000,52.000000</point>
			</points>
		</object>
		<object>
			<coordinate>pixel</coordinate>
			<type>rectangle</type>
			<description>None</description>
			<possibleresult>
				<name>Dump Truck</name>
			</possibleresult>
			<points>
				<point>702.000000,102.000000</point>
				<point>700.000000,121.000000</point>
				<point>690.000000,120.000000</point>
				<point>692.000000,101.000000</point>
				<point>702.000000,102.000000</point>
			</points>
		</object>
		<object>
			<coordinate>pixel</coordinate>
			<type>rectangle</type>
			<description>None</description>
			<possibleresult>
				<name>Van</name>
			</possibleresult>
			<points>
				<point>571.000000,84.000000</point>
				<point>550.000000,83.000000</point>
				<point>550.000000,76.000000</point>
				<point>571.000000,76.000000</point>
				<point>571.000000,84.000000</point>
			</points>
		</object>
		<object>
			<coordinate>pixel</coordinate>
			<type>rectangle</type>
			<description>None</description>
			<possibleresult>
				<name>Van</name>
			</possibleresult>
			<points>
				<point>596.000000,83.000000</point>
				<point>576.000000,83.000000</point>
				<point>576.000000,76.000000</point>
				<point>596.000000,76.000000</point>
				<point>596.000000,83.000000</point>
			</points>
		</object>
		<object>
			<coordinate>pixel</coordinate>
			<type>rectangle</type>
			<description>None</description>
			<possibleresult>
				<name>Van</name>
			</possibleresult>
			<points>
				<point>533.000000,110.000000</point>
				<point>531.000000,126.000000</point>
				<point>524.000000,126.000000</point>
				<point>525.000000,110.000000</point>
				<point>533.000000,110.000000</point>
			</points>
		</object>
		<object>
			<coordinate>pixel</coordinate>
			<type>rectangle</type>
			<description>None</description>
			<possibleresult>
				<name>Van</name>
			</possibleresult>
			<points>
				<point>546.000000,127.000000</point>
				<point>544.000000,143.000000</point>
				<point>537.000000,142.000000</point>
				<point>539.000000,126.000000</point>
				<point>546.000000,127.000000</point>
			</points>
		</object>
		<object>
			<coordinate>pixel</coordinate>
			<type>rectangle</type>
			<description>None</description>
			<possibleresult>
				<name>Dump Truck</name>
			</possibleresult>
			<points>
				<point>525.000000,686.000000</point>
				<point>501.000000,685.000000</point>
				<point>502.000000,677.000000</point>
				<point>525.000000,678.000000</point>
				<point>525.000000,686.000000</point>
			</points>
		</object>
		<object>
			<coordinate>pixel</coordinate>
			<type>rectangle</type>
			<description>None</description>
			<possibleresult>
				<name>Small Car</name>
			</possibleresult>
			<points>
				<point>804.000000,653.000000</point>
				<point>803.000000,660.000000</point>
				<point>786.000000,656.000000</point>
				<point>787.000000,649.000000</point>
				<point>804.000000,653.000000</point>
			</points>
		</object>
		<object>
			<coordinate>pixel</coordinate>
			<type>rectangle</type>
			<description>None</description>
			<possibleresult>
				<name>Van</name>
			</possibleresult>
			<points>
				<point>852.000000,690.000000</point>
				<point>849.000000,705.000000</point>
				<point>840.000000,704.000000</point>
				<point>843.000000,688.000000</point>
				<point>852.000000,690.000000</point>
			</points>
		</object>
		<object>
			<coordinate>pixel</coordinate>
			<type>rectangle</type>
			<description>None</description>
			<possibleresult>
				<name>Dump Truck</name>
			</possibleresult>
			<points>
				<point>242.000000,36.000000</point>
				<point>241.000000,53.000000</point>
				<point>232.000000,53.000000</point>
				<point>233.000000,35.000000</point>
				<point>242.000000,36.000000</point>
			</points>
		</object>
		<object>
			<coordinate>pixel</coordinate>
			<type>rectangle</type>
			<description>None</description>
			<possibleresult>
				<name>Van</name>
			</possibleresult>
			<points>
				<point>931.000000,201.000000</point>
				<point>930.000000,207.000000</point>
				<point>911.000000,206.000000</point>
				<point>911.000000,200.000000</point>
				<point>931.000000,201.000000</point>
			</points>
		</object>
		<object>
			<coordinate>pixel</coordinate>
			<type>rectangle</type>
			<description>None</description>
			<possibleresult>
				<name>Van</name>
			</possibleresult>
			<points>
				<point>892.000000,252.000000</point>
				<point>891.000000,259.000000</point>
				<point>870.000000,255.000000</point>
				<point>871.000000,248.000000</point>
				<point>892.000000,252.000000</point>
			</points>
		</object>
		<object>
			<coordinate>pixel</coordinate>
			<type>rectangle</type>
			<description>None</description>
			<possibleresult>
				<name>Van</name>
			</possibleresult>
			<points>
				<point>887.000000,268.000000</point>
				<point>868.000000,265.000000</point>
				<point>868.000000,259.000000</point>
				<point>887.000000,261.000000</point>
				<point>887.000000,268.000000</point>
			</points>
		</object>
		<object>
			<coordinate>pixel</coordinate>
			<type>rectangle</type>
			<description>None</description>
			<possibleresult>
				<name>Small Car</name>
			</possibleresult>
			<points>
				<point>806.000000,294.000000</point>
				<point>805.000000,306.000000</point>
				<point>797.000000,305.000000</point>
				<point>798.000000,293.000000</point>
				<point>806.000000,294.000000</point>
			</points>
		</object>
		<object>
			<coordinate>pixel</coordinate>
			<type>rectangle</type>
			<description>None</description>
			<possibleresult>
				<name>Van</name>
			</possibleresult>
			<points>
				<point>990.000000,605.000000</point>
				<point>986.000000,599.000000</point>
				<point>998.000000,589.000000</point>
				<point>1003.000000,596.000000</point>
				<point>990.000000,605.000000</point>
			</points>
		</object>
		<object>
			<coordinate>pixel</coordinate>
			<type>rectangle</type>
			<description>None</description>
			<possibleresult>
				<name>Dump Truck</name>
			</possibleresult>
			<points>
				<point>893.000000,432.000000</point>
				<point>892.000000,437.000000</point>
				<point>880.000000,436.000000</point>
				<point>880.000000,431.000000</point>
				<point>893.000000,432.000000</point>
			</points>
		</object>
		<object>
			<coordinate>pixel</coordinate>
			<type>rectangle</type>
			<description>None</description>
			<possibleresult>
				<name>Small Car</name>
			</possibleresult>
			<points>
				<point>914.000000,416.000000</point>
				<point>913.000000,423.000000</point>
				<point>890.000000,421.000000</point>
				<point>891.000000,414.000000</point>
				<point>914.000000,416.000000</point>
			</points>
		</object>
		<object>
			<coordinate>pixel</coordinate>
			<type>rectangle</type>
			<description>None</description>
			<possibleresult>
				<name>Van</name>
			</possibleresult>
			<points>
				<point>922.000000,435.000000</point>
				<point>921.000000,442.000000</point>
				<point>900.000000,441.000000</point>
				<point>900.000000,434.000000</point>
				<point>922.000000,435.000000</point>
			</points>
		</object>
		<object>
			<coordinate>pixel</coordinate>
			<type>rectangle</type>
			<description>None</description>
			<possibleresult>
				<name>Van</name>
			</possibleresult>
			<points>
				<point>940.000000,463.000000</point>
				<point>938.000000,479.000000</point>
				<point>930.000000,478.000000</point>
				<point>932.000000,462.000000</point>
				<point>940.000000,463.000000</point>
			</points>
		</object>
		<object>
			<coordinate>pixel</coordinate>
			<type>rectangle</type>
			<description>None</description>
			<possibleresult>
				<name>Small Car</name>
			</possibleresult>
			<points>
				<point>733.000000,260.000000</point>
				<point>732.000000,265.000000</point>
				<point>709.000000,263.000000</point>
				<point>709.000000,257.000000</point>
				<point>733.000000,260.000000</point>
			</points>
		</object>
		<object>
			<coordinate>pixel</coordinate>
			<type>rectangle</type>
			<description>None</description>
			<possibleresult>
				<name>Small Car</name>
			</possibleresult>
			<points>
				<point>773.000000,309.000000</point>
				<point>772.000000,316.000000</point>
				<point>750.000000,313.000000</point>
				<point>751.000000,306.000000</point>
				<point>773.000000,309.000000</point>
			</points>
		</object>
		<object>
			<coordinate>pixel</coordinate>
			<type>rectangle</type>
			<description>None</description>
			<possibleresult>
				<name>Dump Truck</name>
			</possibleresult>
			<points>
				<point>633.000000,311.000000</point>
				<point>630.000000,326.000000</point>
				<point>621.000000,324.000000</point>
				<point>624.000000,309.000000</point>
				<point>633.000000,311.000000</point>
			</points>
		</object>
		<object>
			<coordinate>pixel</coordinate>
			<type>rectangle</type>
			<description>None</description>
			<possibleresult>
				<name>Van</name>
			</possibleresult>
			<points>
				<point>722.000000,351.000000</point>
				<point>721.000000,357.000000</point>
				<point>699.000000,354.000000</point>
				<point>700.000000,347.000000</point>
				<point>722.000000,351.000000</point>
			</points>
		</object>
		<object>
			<coordinate>pixel</coordinate>
			<type>rectangle</type>
			<description>None</description>
			<possibleresult>
				<name>Small Car</name>
			</possibleresult>
			<points>
				<point>679.000000,362.000000</point>
				<point>678.000000,369.000000</point>
				<point>655.000000,366.000000</point>
				<point>656.000000,359.000000</point>
				<point>679.000000,362.000000</point>
			</points>
		</object>
		<object>
			<coordinate>pixel</coordinate>
			<type>rectangle</type>
			<description>None</description>
			<possibleresult>
				<name>Cargo Truck</name>
			</possibleresult>
			<points>
				<point>936.000000,999.000000</point>
				<point>909.000000,997.000000</point>
				<point>909.000000,989.000000</point>
				<point>936.000000,990.000000</point>
				<point>936.000000,999.000000</point>
			</points>
		</object>
		<object>
			<coordinate>pixel</coordinate>
			<type>rectangle</type>
			<description>None</description>
			<possibleresult>
				<name>Van</name>
			</possibleresult>
			<points>
				<point>793.000000,914.000000</point>
				<point>789.000000,931.000000</point>
				<point>780.000000,929.000000</point>
				<point>785.000000,912.000000</point>
				<point>793.000000,914.000000</point>
			</points>
		</object>
		<object>
			<coordinate>pixel</coordinate>
			<type>rectangle</type>
			<description>None</description>
			<possibleresult>
				<name>Small Car</name>
			</possibleresult>
			<points>
				<point>773.000000,654.000000</point>
				<point>769.000000,671.000000</point>
				<point>760.000000,669.000000</point>
				<point>764.000000,652.000000</point>
				<point>773.000000,654.000000</point>
			</points>
		</object>
		<object>
			<coordinate>pixel</coordinate>
			<type>rectangle</type>
			<description>None</description>
			<possibleresult>
				<name>Dump Truck</name>
			</possibleresult>
			<points>
				<point>765.000000,673.000000</point>
				<point>763.000000,687.000000</point>
				<point>755.000000,686.000000</point>
				<point>757.000000,672.000000</point>
				<point>765.000000,673.000000</point>
			</points>
		</object>
		<object>
			<coordinate>pixel</coordinate>
			<type>rectangle</type>
			<description>None</description>
			<possibleresult>
				<name>Small Car</name>
			</possibleresult>
			<points>
				<point>754.000000,668.000000</point>
				<point>750.000000,684.000000</point>
				<point>742.000000,682.000000</point>
				<point>745.000000,666.000000</point>
				<point>754.000000,668.000000</point>
			</points>
		</object>
		<object>
			<coordinate>pixel</coordinate>
			<type>rectangle</type>
			<description>None</description>
			<possibleresult>
				<name>Small Car</name>
			</possibleresult>
			<points>
				<point>658.000000,898.000000</point>
				<point>657.000000,905.000000</point>
				<point>634.000000,904.000000</point>
				<point>634.000000,896.000000</point>
				<point>658.000000,898.000000</point>
			</points>
		</object>
		<object>
			<coordinate>pixel</coordinate>
			<type>rectangle</type>
			<description>None</description>
			<possibleresult>
				<name>Small Car</name>
			</possibleresult>
			<points>
				<point>241.000000,997.000000</point>
				<point>216.000000,996.000000</point>
				<point>217.000000,987.000000</point>
				<point>241.000000,988.000000</point>
				<point>241.000000,997.000000</point>
			</points>
		</object>
		<object>
			<coordinate>pixel</coordinate>
			<type>rectangle</type>
			<description>None</description>
			<possibleresult>
				<name>Van</name>
			</possibleresult>
			<points>
				<point>458.000000,903.000000</point>
				<point>440.000000,904.000000</point>
				<point>440.000000,898.000000</point>
				<point>458.000000,898.000000</point>
				<point>458.000000,903.000000</point>
			</points>
		</object>
		<object>
			<coordinate>pixel</coordinate>
			<type>rectangle</type>
			<description>None</description>
			<possibleresult>
				<name>Van</name>
			</possibleresult>
			<points>
				<point>507.000000,301.000000</point>
				<point>503.000000,317.000000</point>
				<point>496.000000,315.000000</point>
				<point>500.000000,299.000000</point>
				<point>507.000000,301.000000</point>
			</points>
		</object>
		<object>
			<coordinate>pixel</coordinate>
			<type>rectangle</type>
			<description>None</description>
			<possibleresult>
				<name>Van</name>
			</possibleresult>
			<points>
				<point>418.000000,294.000000</point>
				<point>416.000000,309.000000</point>
				<point>409.000000,308.000000</point>
				<point>411.000000,293.000000</point>
				<point>418.000000,294.000000</point>
			</points>
		</object>
		<object>
			<coordinate>pixel</coordinate>
			<type>rectangle</type>
			<description>None</description>
			<possibleresult>
				<name>Small Car</name>
			</possibleresult>
			<points>
				<point>422.000000,279.000000</point>
				<point>421.000000,294.000000</point>
				<point>412.000000,293.000000</point>
				<point>414.000000,278.000000</point>
				<point>422.000000,279.000000</point>
			</points>
		</object>
		<object>
			<coordinate>pixel</coordinate>
			<type>rectangle</type>
			<description>None</description>
			<possibleresult>
				<name>Van</name>
			</possibleresult>
			<points>
				<point>426.000000,262.000000</point>
				<point>424.000000,278.000000</point>
				<point>417.000000,277.000000</point>
				<point>419.000000,262.000000</point>
				<point>426.000000,262.000000</point>
			</points>
		</object>
		<object>
			<coordinate>pixel</coordinate>
			<type>rectangle</type>
			<description>None</description>
			<possibleresult>
				<name>Van</name>
			</possibleresult>
			<points>
				<point>445.000000,258.000000</point>
				<point>439.000000,276.000000</point>
				<point>431.000000,274.000000</point>
				<point>437.000000,256.000000</point>
				<point>445.000000,258.000000</point>
			</points>
		</object>
		<object>
			<coordinate>pixel</coordinate>
			<type>rectangle</type>
			<description>None</description>
			<possibleresult>
				<name>Van</name>
			</possibleresult>
			<points>
				<point>87.000000,7.000000</point>
				<point>86.000000,23.000000</point>
				<point>79.000000,23.000000</point>
				<point>80.000000,6.000000</point>
				<point>87.000000,7.000000</point>
			</points>
		</object>
		<object>
			<coordinate>pixel</coordinate>
			<type>rectangle</type>
			<description>None</description>
			<possibleresult>
				<name>Van</name>
			</possibleresult>
			<points>
				<point>123.000000,66.000000</point>
				<point>116.000000,66.000000</point>
				<point>116.000000,49.000000</point>
				<point>123.000000,49.000000</point>
				<point>123.000000,66.000000</point>
			</points>
		</object>
		<object>
			<coordinate>pixel</coordinate>
			<type>rectangle</type>
			<description>None</description>
			<possibleresult>
				<name>Van</name>
			</possibleresult>
			<points>
				<point>226.000000,144.000000</point>
				<point>219.000000,144.000000</point>
				<point>219.000000,128.000000</point>
				<point>226.000000,128.000000</point>
				<point>226.000000,144.000000</point>
			</points>
		</object>
		<object>
			<coordinate>pixel</coordinate>
			<type>rectangle</type>
			<description>None</description>
			<possibleresult>
				<name>Van</name>
			</possibleresult>
			<points>
				<point>108.000000,150.000000</point>
				<point>99.000000,150.000000</point>
				<point>99.000000,136.000000</point>
				<point>107.000000,136.000000</point>
				<point>108.000000,150.000000</point>
			</points>
		</object>
		<object>
			<coordinate>pixel</coordinate>
			<type>rectangle</type>
			<description>None</description>
			<possibleresult>
				<name>Small Car</name>
			</possibleresult>
			<points>
				<point>109.000000,133.000000</point>
				<point>98.000000,133.000000</point>
				<point>98.000000,115.000000</point>
				<point>108.000000,115.000000</point>
				<point>109.000000,133.000000</point>
			</points>
		</object>
		<object>
			<coordinate>pixel</coordinate>
			<type>rectangle</type>
			<description>None</description>
			<possibleresult>
				<name>Van</name>
			</possibleresult>
			<points>
				<point>299.000000,118.000000</point>
				<point>289.000000,119.000000</point>
				<point>287.000000,101.000000</point>
				<point>297.000000,100.000000</point>
				<point>299.000000,118.000000</point>
			</points>
		</object>
		<object>
			<coordinate>pixel</coordinate>
			<type>rectangle</type>
			<description>None</description>
			<possibleresult>
				<name>Dump Truck</name>
			</possibleresult>
			<points>
				<point>286.000000,107.000000</point>
				<point>284.000000,129.000000</point>
				<point>274.000000,128.000000</point>
				<point>275.000000,107.000000</point>
				<point>286.000000,107.000000</point>
			</points>
		</object>
		<object>
			<coordinate>pixel</coordinate>
			<type>rectangle</type>
			<description>None</description>
			<possibleresult>
				<name>Cargo Truck</name>
			</possibleresult>
			<points>
				<point>131.000000,250.000000</point>
				<point>118.000000,251.000000</point>
				<point>117.000000,226.000000</point>
				<point>130.000000,225.000000</point>
				<point>131.000000,250.000000</point>
			</points>
		</object>
		<object>
			<coordinate>pixel</coordinate>
			<type>rectangle</type>
			<description>None</description>
			<possibleresult>
				<name>Van</name>
			</possibleresult>
			<points>
				<point>202.000000,266.000000</point>
				<point>201.000000,279.000000</point>
				<point>193.000000,278.000000</point>
				<point>194.000000,266.000000</point>
				<point>202.000000,266.000000</point>
			</points>
		</object>
		<object>
			<coordinate>pixel</coordinate>
			<type>rectangle</type>
			<description>None</description>
			<possibleresult>
				<name>other-vehicle</name>
			</possibleresult>
			<points>
				<point>102.000000,383.000000</point>
				<point>96.000000,399.000000</point>
				<point>89.000000,396.000000</point>
				<point>95.000000,380.000000</point>
				<point>102.000000,383.000000</point>
			</points>
		</object>
		<object>
			<coordinate>pixel</coordinate>
			<type>rectangle</type>
			<description>None</description>
			<possibleresult>
				<name>Small Car</name>
			</possibleresult>
			<points>
				<point>98.000000,403.000000</point>
				<point>92.000000,419.000000</point>
				<point>84.000000,415.000000</point>
				<point>90.000000,400.000000</point>
				<point>98.000000,403.000000</point>
			</points>
		</object>
		<object>
			<coordinate>pixel</coordinate>
			<type>rectangle</type>
			<description>None</description>
			<possibleresult>
				<name>Small Car</name>
			</possibleresult>
			<points>
				<point>169.000000,347.000000</point>
				<point>160.000000,347.000000</point>
				<point>161.000000,332.000000</point>
				<point>169.000000,332.000000</point>
				<point>169.000000,347.000000</point>
			</points>
		</object>
		<object>
			<coordinate>pixel</coordinate>
			<type>rectangle</type>
			<description>None</description>
			<possibleresult>
				<name>Cargo Truck</name>
			</possibleresult>
			<points>
				<point>153.000000,348.000000</point>
				<point>151.000000,369.000000</point>
				<point>141.000000,368.000000</point>
				<point>143.000000,347.000000</point>
				<point>153.000000,348.000000</point>
			</points>
		</object>
		<object>
			<coordinate>pixel</coordinate>
			<type>rectangle</type>
			<description>None</description>
			<possibleresult>
				<name>Dump Truck</name>
			</possibleresult>
			<points>
				<point>179.000000,359.000000</point>
				<point>178.000000,374.000000</point>
				<point>170.000000,374.000000</point>
				<point>171.000000,358.000000</point>
				<point>179.000000,359.000000</point>
			</points>
		</object>
		<object>
			<coordinate>pixel</coordinate>
			<type>rectangle</type>
			<description>None</description>
			<possibleresult>
				<name>Van</name>
			</possibleresult>
			<points>
				<point>318.000000,346.000000</point>
				<point>314.000000,360.000000</point>
				<point>306.000000,358.000000</point>
				<point>311.000000,344.000000</point>
				<point>318.000000,346.000000</point>
			</points>
		</object>
		<object>
			<coordinate>pixel</coordinate>
			<type>rectangle</type>
			<description>None</description>
			<possibleresult>
				<name>Small Car</name>
			</possibleresult>
			<points>
				<point>457.000000,348.000000</point>
				<point>456.000000,363.000000</point>
				<point>448.000000,362.000000</point>
				<point>449.000000,347.000000</point>
				<point>457.000000,348.000000</point>
			</points>
		</object>
		<object>
			<coordinate>pixel</coordinate>
			<type>rectangle</type>
			<description>None</description>
			<possibleresult>
				<name>Small Car</name>
			</possibleresult>
			<points>
				<point>477.000000,349.000000</point>
				<point>476.000000,364.000000</point>
				<point>469.000000,364.000000</point>
				<point>470.000000,349.000000</point>
				<point>477.000000,349.000000</point>
			</points>
		</object>
		<object>
			<coordinate>pixel</coordinate>
			<type>rectangle</type>
			<description>None</description>
			<possibleresult>
				<name>Van</name>
			</possibleresult>
			<points>
				<point>454.000000,366.000000</point>
				<point>451.000000,384.000000</point>
				<point>442.000000,382.000000</point>
				<point>445.000000,364.000000</point>
				<point>454.000000,366.000000</point>
			</points>
		</object>
		<object>
			<coordinate>pixel</coordinate>
			<type>rectangle</type>
			<description>None</description>
			<possibleresult>
				<name>Small Car</name>
			</possibleresult>
			<points>
				<point>486.000000,392.000000</point>
				<point>483.000000,410.000000</point>
				<point>472.000000,408.000000</point>
				<point>475.000000,390.000000</point>
				<point>486.000000,392.000000</point>
			</points>
		</object>
		<object>
			<coordinate>pixel</coordinate>
			<type>rectangle</type>
			<description>None</description>
			<possibleresult>
				<name>Small Car</name>
			</possibleresult>
			<points>
				<point>626.000000,807.000000</point>
				<point>625.000000,814.000000</point>
				<point>604.000000,813.000000</point>
				<point>604.000000,806.000000</point>
				<point>626.000000,807.000000</point>
			</points>
		</object>
		<object>
			<coordinate>pixel</coordinate>
			<type>rectangle</type>
			<description>None</description>
			<possibleresult>
				<name>Small Car</name>
			</possibleresult>
			<points>
				<point>618.000000,759.000000</point>
				<point>615.000000,776.000000</point>
				<point>606.000000,774.000000</point>
				<point>609.000000,757.000000</point>
				<point>618.000000,759.000000</point>
			</points>
		</object>
		<object>
			<coordinate>pixel</coordinate>
			<type>rectangle</type>
			<description>None</description>
			<possibleresult>
				<name>Small Car</name>
			</possibleresult>
			<points>
				<point>548.000000,753.000000</point>
				<point>539.000000,753.000000</point>
				<point>539.000000,738.000000</point>
				<point>548.000000,738.000000</point>
				<point>548.000000,753.000000</point>
			</points>
		</object>
		<object>
			<coordinate>pixel</coordinate>
			<type>rectangle</type>
			<description>None</description>
			<possibleresult>
				<name>Small Car</name>
			</possibleresult>
			<points>
				<point>546.000000,788.000000</point>
				<point>536.000000,788.000000</point>
				<point>536.000000,773.000000</point>
				<point>546.000000,774.000000</point>
				<point>546.000000,788.000000</point>
			</points>
		</object>
		<object>
			<coordinate>pixel</coordinate>
			<type>rectangle</type>
			<description>None</description>
			<possibleresult>
				<name>Small Car</name>
			</possibleresult>
			<points>
				<point>539.000000,825.000000</point>
				<point>534.000000,843.000000</point>
				<point>526.000000,841.000000</point>
				<point>531.000000,823.000000</point>
				<point>539.000000,825.000000</point>
			</points>
		</object>
		<object>
			<coordinate>pixel</coordinate>
			<type>rectangle</type>
			<description>None</description>
			<possibleresult>
				<name>Van</name>
			</possibleresult>
			<points>
				<point>504.000000,846.000000</point>
				<point>503.000000,853.000000</point>
				<point>480.000000,851.000000</point>
				<point>481.000000,844.000000</point>
				<point>504.000000,846.000000</point>
			</points>
		</object>
		<object>
			<coordinate>pixel</coordinate>
			<type>rectangle</type>
			<description>None</description>
			<possibleresult>
				<name>Van</name>
			</possibleresult>
			<points>
				<point>454.000000,873.000000</point>
				<point>451.000000,879.000000</point>
				<point>434.000000,871.000000</point>
				<point>437.000000,865.000000</point>
				<point>454.000000,873.000000</point>
			</points>
		</object>
		<object>
			<coordinate>pixel</coordinate>
			<type>rectangle</type>
			<description>None</description>
			<possibleresult>
				<name>Small Car</name>
			</possibleresult>
			<points>
				<point>117.000000,496.000000</point>
				<point>116.000000,515.000000</point>
				<point>106.000000,514.000000</point>
				<point>107.000000,495.000000</point>
				<point>117.000000,496.000000</point>
			</points>
		</object>
		<object>
			<coordinate>pixel</coordinate>
			<type>rectangle</type>
			<description>None</description>
			<possibleresult>
				<name>Van</name>
			</possibleresult>
			<points>
				<point>118.000000,553.000000</point>
				<point>117.000000,569.000000</point>
				<point>110.000000,568.000000</point>
				<point>111.000000,553.000000</point>
				<point>118.000000,553.000000</point>
			</points>
		</object>
		<object>
			<coordinate>pixel</coordinate>
			<type>rectangle</type>
			<description>None</description>
			<possibleresult>
				<name>Van</name>
			</possibleresult>
			<points>
				<point>208.000000,646.000000</point>
				<point>189.000000,644.000000</point>
				<point>189.000000,639.000000</point>
				<point>208.000000,641.000000</point>
				<point>208.000000,646.000000</point>
			</points>
		</object>
		<object>
			<coordinate>pixel</coordinate>
			<type>rectangle</type>
			<description>None</description>
			<possibleresult>
				<name>Small Car</name>
			</possibleresult>
			<points>
				<point>272.000000,653.000000</point>
				<point>271.000000,659.000000</point>
				<point>260.000000,657.000000</point>
				<point>260.000000,651.000000</point>
				<point>272.000000,653.000000</point>
			</points>
		</object>
		<object>
			<coordinate>pixel</coordinate>
			<type>rectangle</type>
			<description>None</description>
			<possibleresult>
				<name>Small Car</name>
			</possibleresult>
			<points>
				<point>254.000000,666.000000</point>
				<point>252.000000,683.000000</point>
				<point>242.000000,682.000000</point>
				<point>244.000000,664.000000</point>
				<point>254.000000,666.000000</point>
			</points>
		</object>
		<object>
			<coordinate>pixel</coordinate>
			<type>rectangle</type>
			<description>None</description>
			<possibleresult>
				<name>Van</name>
			</possibleresult>
			<points>
				<point>256.000000,790.000000</point>
				<point>254.000000,798.000000</point>
				<point>232.000000,793.000000</point>
				<point>233.000000,786.000000</point>
				<point>256.000000,790.000000</point>
			</points>
		</object>
		<object>
			<coordinate>pixel</coordinate>
			<type>rectangle</type>
			<description>None</description>
			<possibleresult>
				<name>Small Car</name>
			</possibleresult>
			<points>
				<point>224.000000,803.000000</point>
				<point>223.000000,819.000000</point>
				<point>215.000000,819.000000</point>
				<point>216.000000,803.000000</point>
				<point>224.000000,803.000000</point>
			</points>
		</object>
		<object>
			<coordinate>pixel</coordinate>
			<type>rectangle</type>
			<description>None</description>
			<possibleresult>
				<name>Van</name>
			</possibleresult>
			<points>
				<point>226.000000,838.000000</point>
				<point>224.000000,846.000000</point>
				<point>203.000000,841.000000</point>
				<point>206.000000,833.000000</point>
				<point>226.000000,838.000000</point>
			</points>
		</object>
		<object>
			<coordinate>pixel</coordinate>
			<type>rectangle</type>
			<description>None</description>
			<possibleresult>
				<name>Dump Truck</name>
			</possibleresult>
			<points>
				<point>126.000000,868.000000</point>
				<point>125.000000,875.000000</point>
				<point>102.000000,872.000000</point>
				<point>103.000000,865.000000</point>
				<point>126.000000,868.000000</point>
			</points>
		</object>
		<object>
			<coordinate>pixel</coordinate>
			<type>rectangle</type>
			<description>None</description>
			<possibleresult>
				<name>Van</name>
			</possibleresult>
			<points>
				<point>153.000000,872.000000</point>
				<point>152.000000,879.000000</point>
				<point>127.000000,876.000000</point>
				<point>128.000000,869.000000</point>
				<point>153.000000,872.000000</point>
			</points>
		</object>
		<object>
			<coordinate>pixel</coordinate>
			<type>rectangle</type>
			<description>None</description>
			<possibleresult>
				<name>Small Car</name>
			</possibleresult>
			<points>
				<point>210.000000,878.000000</point>
				<point>206.000000,894.000000</point>
				<point>197.000000,892.000000</point>
				<point>201.000000,876.000000</point>
				<point>210.000000,878.000000</point>
			</points>
		</object>
		<object>
			<coordinate>pixel</coordinate>
			<type>rectangle</type>
			<description>None</description>
			<possibleresult>
				<name>Van</name>
			</possibleresult>
			<points>
				<point>207.000000,246.000000</point>
				<point>198.000000,246.000000</point>
				<point>197.000000,222.000000</point>
				<point>207.000000,222.000000</point>
				<point>207.000000,246.000000</point>
			</points>
		</object>
		<object>
			<coordinate>pixel</coordinate>
			<type>rectangle</type>
			<description>None</description>
			<possibleresult>
				<name>Motorboat</name>
			</possibleresult>
			<points>
				<point>195.000000,44.000000</point>
				<point>192.000000,69.000000</point>
				<point>178.000000,67.000000</point>
				<point>181.000000,42.000000</point>
				<point>195.000000,44.000000</point>
			</points>
		</object>
		<object>
			<coordinate>pixel</coordinate>
			<type>rectangle</type>
			<description>None</description>
			<possibleresult>
				<name>Van</name>
			</possibleresult>
			<points>
				<point>676.000000,505.000000</point>
				<point>655.000000,505.000000</point>
				<point>655.000000,499.000000</point>
				<point>676.000000,499.000000</point>
				<point>676.000000,505.000000</point>
			</points>
		</object>
		<object>
			<coordinate>pixel</coordinate>
			<type>rectangle</type>
			<description>None</description>
			<possibleresult>
				<name>Small Car</name>
			</possibleresult>
			<points>
				<point>674.000000,496.000000</point>
				<point>652.000000,495.000000</point>
				<point>653.000000,488.000000</point>
				<point>674.000000,488.000000</point>
				<point>674.000000,496.000000</point>
			</points>
		</object>
		<object>
			<coordinate>pixel</coordinate>
			<type>rectangle</type>
			<description>None</description>
			<possibleresult>
				<name>Small Car</name>
			</possibleresult>
			<points>
				<point>652.000000,494.000000</point>
				<point>630.000000,492.000000</point>
				<point>630.000000,484.000000</point>
				<point>652.000000,486.000000</point>
				<point>652.000000,494.000000</point>
			</points>
		</object>
		<object>
			<coordinate>pixel</coordinate>
			<type>rectangle</type>
			<description>None</description>
			<possibleresult>
				<name>Van</name>
			</possibleresult>
			<points>
				<point>991.000000,494.000000</point>
				<point>990.000000,501.000000</point>
				<point>968.000000,500.000000</point>
				<point>968.000000,493.000000</point>
				<point>991.000000,494.000000</point>
			</points>
		</object>
		<object>
			<coordinate>pixel</coordinate>
			<type>rectangle</type>
			<description>None</description>
			<possibleresult>
				<name>Van</name>
			</possibleresult>
			<points>
				<point>163.000000,903.000000</point>
				<point>161.000000,919.000000</point>
				<point>152.000000,917.000000</point>
				<point>154.000000,902.000000</point>
				<point>163.000000,903.000000</point>
			</points>
		</object>
		<object>
			<coordinate>pixel</coordinate>
			<type>rectangle</type>
			<description>None</description>
			<possibleresult>
				<name>Van</name>
			</possibleresult>
			<points>
				<point>519.000000,797.000000</point>
				<point>518.000000,803.000000</point>
				<point>498.000000,802.000000</point>
				<point>498.000000,796.000000</point>
				<point>519.000000,797.000000</point>
			</points>
		</object>
		<object>
			<coordinate>pixel</coordinate>
			<type>rectangle</type>
			<description>None</description>
			<possibleresult>
				<name>Dump Truck</name>
			</possibleresult>
			<points>
				<point>411.000000,126.000000</point>
				<point>407.000000,147.000000</point>
				<point>398.000000,145.000000</point>
				<point>402.000000,124.000000</point>
				<point>411.000000,126.000000</point>
			</points>
		</object>
		<object>
			<coordinate>pixel</coordinate>
			<type>rectangle</type>
			<description>None</description>
			<possibleresult>
				<name>Small Car</name>
			</possibleresult>
			<points>
				<point>739.000000,212.000000</point>
				<point>738.000000,219.000000</point>
				<point>715.000000,215.000000</point>
				<point>716.000000,208.000000</point>
				<point>739.000000,212.000000</point>
			</points>
		</object>
	</objects>
</annotation>