<?xml version="1.0" encoding="utf-8"?>
<annotation>
	<source>
		<filename>6006.tif</filename>
		<origin>GF2/GF3</origin>
	</source>
	<research>
		<version>1.0</version>
		<provider>FAIR1M</provider>
		<author>Cyber</author>
		<pluginname>FAIR1M</pluginname>
		<pluginclass>object detection</pluginclass>
		<time>2021-07-21</time>
	</research>
	<size>
		<width>800</width>
		<height>600</height>
		<depth>4</depth>
	</size>
	<objects>
		<object>
			<coordinate>pixel</coordinate>
			<type>rectangle</type>
			<description>None</description>
			<possibleresult>
				<name>Van</name>
			</possibleresult>
			<points>
				<point>46.000000,236.000000</point>
				<point>42.000000,241.000000</point>
				<point>27.000000,230.000000</point>
				<point>30.000000,225.000000</point>
				<point>46.000000,236.000000</point>
			</points>
		</object>
		<object>
			<coordinate>pixel</coordinate>
			<type>rectangle</type>
			<description>None</description>
			<possibleresult>
				<name>Van</name>
			</possibleresult>
			<points>
				<point>65.000000,248.000000</point>
				<point>60.000000,254.000000</point>
				<point>45.000000,242.000000</point>
				<point>49.000000,236.000000</point>
				<point>65.000000,248.000000</point>
			</points>
		</object>
		<object>
			<coordinate>pixel</coordinate>
			<type>rectangle</type>
			<description>None</description>
			<possibleresult>
				<name>Van</name>
			</possibleresult>
			<points>
				<point>161.000000,306.000000</point>
				<point>158.000000,312.000000</point>
				<point>139.000000,304.000000</point>
				<point>142.000000,298.000000</point>
				<point>161.000000,306.000000</point>
			</points>
		</object>
		<object>
			<coordinate>pixel</coordinate>
			<type>rectangle</type>
			<description>None</description>
			<possibleresult>
				<name>Small Car</name>
			</possibleresult>
			<points>
				<point>171.000000,341.000000</point>
				<point>168.000000,357.000000</point>
				<point>159.000000,355.000000</point>
				<point>162.000000,339.000000</point>
				<point>171.000000,341.000000</point>
			</points>
		</object>
		<object>
			<coordinate>pixel</coordinate>
			<type>rectangle</type>
			<description>None</description>
			<possibleresult>
				<name>Van</name>
			</possibleresult>
			<points>
				<point>315.000000,344.000000</point>
				<point>307.000000,346.000000</point>
				<point>303.000000,333.000000</point>
				<point>311.000000,331.000000</point>
				<point>315.000000,344.000000</point>
			</points>
		</object>
		<object>
			<coordinate>pixel</coordinate>
			<type>rectangle</type>
			<description>None</description>
			<possibleresult>
				<name>Van</name>
			</possibleresult>
			<points>
				<point>267.000000,321.000000</point>
				<point>266.000000,328.000000</point>
				<point>243.000000,328.000000</point>
				<point>244.000000,321.000000</point>
				<point>267.000000,321.000000</point>
			</points>
		</object>
		<object>
			<coordinate>pixel</coordinate>
			<type>rectangle</type>
			<description>None</description>
			<possibleresult>
				<name>Van</name>
			</possibleresult>
			<points>
				<point>297.000000,305.000000</point>
				<point>276.000000,306.000000</point>
				<point>275.000000,299.000000</point>
				<point>297.000000,298.000000</point>
				<point>297.000000,305.000000</point>
			</points>
		</object>
		<object>
			<coordinate>pixel</coordinate>
			<type>rectangle</type>
			<description>None</description>
			<possibleresult>
				<name>Van</name>
			</possibleresult>
			<points>
				<point>374.000000,282.000000</point>
				<point>356.000000,289.000000</point>
				<point>353.000000,282.000000</point>
				<point>371.000000,275.000000</point>
				<point>374.000000,282.000000</point>
			</points>
		</object>
		<object>
			<coordinate>pixel</coordinate>
			<type>rectangle</type>
			<description>None</description>
			<possibleresult>
				<name>Van</name>
			</possibleresult>
			<points>
				<point>394.000000,270.000000</point>
				<point>376.000000,280.000000</point>
				<point>373.000000,273.000000</point>
				<point>391.000000,264.000000</point>
				<point>394.000000,270.000000</point>
			</points>
		</object>
		<object>
			<coordinate>pixel</coordinate>
			<type>rectangle</type>
			<description>None</description>
			<possibleresult>
				<name>Van</name>
			</possibleresult>
			<points>
				<point>414.000000,260.000000</point>
				<point>400.000000,269.000000</point>
				<point>396.000000,263.000000</point>
				<point>410.000000,253.000000</point>
				<point>414.000000,260.000000</point>
			</points>
		</object>
		<object>
			<coordinate>pixel</coordinate>
			<type>rectangle</type>
			<description>None</description>
			<possibleresult>
				<name>Van</name>
			</possibleresult>
			<points>
				<point>438.000000,272.000000</point>
				<point>422.000000,283.000000</point>
				<point>418.000000,275.000000</point>
				<point>433.000000,265.000000</point>
				<point>438.000000,272.000000</point>
			</points>
		</object>
		<object>
			<coordinate>pixel</coordinate>
			<type>rectangle</type>
			<description>None</description>
			<possibleresult>
				<name>Van</name>
			</possibleresult>
			<points>
				<point>627.000000,260.000000</point>
				<point>621.000000,261.000000</point>
				<point>621.000000,245.000000</point>
				<point>627.000000,245.000000</point>
				<point>627.000000,260.000000</point>
			</points>
		</object>
		<object>
			<coordinate>pixel</coordinate>
			<type>rectangle</type>
			<description>None</description>
			<possibleresult>
				<name>Van</name>
			</possibleresult>
			<points>
				<point>628.000000,240.000000</point>
				<point>621.000000,240.000000</point>
				<point>621.000000,228.000000</point>
				<point>628.000000,228.000000</point>
				<point>628.000000,240.000000</point>
			</points>
		</object>
		<object>
			<coordinate>pixel</coordinate>
			<type>rectangle</type>
			<description>None</description>
			<possibleresult>
				<name>Van</name>
			</possibleresult>
			<points>
				<point>556.000000,183.000000</point>
				<point>537.000000,185.000000</point>
				<point>537.000000,177.000000</point>
				<point>555.000000,176.000000</point>
				<point>556.000000,183.000000</point>
			</points>
		</object>
		<object>
			<coordinate>pixel</coordinate>
			<type>rectangle</type>
			<description>None</description>
			<possibleresult>
				<name>Small Car</name>
			</possibleresult>
			<points>
				<point>793.000000,232.000000</point>
				<point>791.000000,240.000000</point>
				<point>773.000000,235.000000</point>
				<point>774.000000,228.000000</point>
				<point>793.000000,232.000000</point>
			</points>
		</object>
		<object>
			<coordinate>pixel</coordinate>
			<type>rectangle</type>
			<description>None</description>
			<possibleresult>
				<name>Small Car</name>
			</possibleresult>
			<points>
				<point>644.000000,51.000000</point>
				<point>642.000000,64.000000</point>
				<point>633.000000,62.000000</point>
				<point>636.000000,49.000000</point>
				<point>644.000000,51.000000</point>
			</points>
		</object>
		<object>
			<coordinate>pixel</coordinate>
			<type>rectangle</type>
			<description>None</description>
			<possibleresult>
				<name>Van</name>
			</possibleresult>
			<points>
				<point>171.000000,61.000000</point>
				<point>149.000000,61.000000</point>
				<point>149.000000,54.000000</point>
				<point>171.000000,54.000000</point>
				<point>171.000000,61.000000</point>
			</points>
		</object>
		<object>
			<coordinate>pixel</coordinate>
			<type>rectangle</type>
			<description>None</description>
			<possibleresult>
				<name>Van</name>
			</possibleresult>
			<points>
				<point>238.000000,126.000000</point>
				<point>218.000000,126.000000</point>
				<point>218.000000,121.000000</point>
				<point>238.000000,121.000000</point>
				<point>238.000000,126.000000</point>
			</points>
		</object>
		<object>
			<coordinate>pixel</coordinate>
			<type>rectangle</type>
			<description>None</description>
			<possibleresult>
				<name>Van</name>
			</possibleresult>
			<points>
				<point>247.000000,153.000000</point>
				<point>238.000000,153.000000</point>
				<point>237.000000,136.000000</point>
				<point>247.000000,136.000000</point>
				<point>247.000000,153.000000</point>
			</points>
		</object>
		<object>
			<coordinate>pixel</coordinate>
			<type>rectangle</type>
			<description>None</description>
			<possibleresult>
				<name>Van</name>
			</possibleresult>
			<points>
				<point>269.000000,131.000000</point>
				<point>261.000000,131.000000</point>
				<point>261.000000,116.000000</point>
				<point>269.000000,115.000000</point>
				<point>269.000000,131.000000</point>
			</points>
		</object>
		<object>
			<coordinate>pixel</coordinate>
			<type>rectangle</type>
			<description>None</description>
			<possibleresult>
				<name>Small Car</name>
			</possibleresult>
			<points>
				<point>284.000000,112.000000</point>
				<point>276.000000,112.000000</point>
				<point>276.000000,100.000000</point>
				<point>284.000000,100.000000</point>
				<point>284.000000,112.000000</point>
			</points>
		</object>
	</objects>
</annotation>