<?xml version="1.0" encoding="utf-8"?>
<annotation>
	<source>
		<filename>6081.tif</filename>
		<origin>GF2/GF3</origin>
	</source>
	<research>
		<version>1.0</version>
		<provider>FAIR1M</provider>
		<author>Cyber</author>
		<pluginname>FAIR1M</pluginname>
		<pluginclass>object detection</pluginclass>
		<time>2021-07-21</time>
	</research>
	<size>
		<width>800</width>
		<height>600</height>
		<depth>4</depth>
	</size>
	<objects>
		<object>
			<coordinate>pixel</coordinate>
			<type>rectangle</type>
			<description>None</description>
			<possibleresult>
				<name>Small Car</name>
			</possibleresult>
			<points>
				<point>50.000000,200.000000</point>
				<point>27.000000,199.000000</point>
				<point>27.000000,192.000000</point>
				<point>50.000000,192.000000</point>
				<point>50.000000,200.000000</point>
			</points>
		</object>
		<object>
			<coordinate>pixel</coordinate>
			<type>rectangle</type>
			<description>None</description>
			<possibleresult>
				<name>Small Car</name>
			</possibleresult>
			<points>
				<point>222.000000,201.000000</point>
				<point>200.000000,201.000000</point>
				<point>200.000000,193.000000</point>
				<point>222.000000,193.000000</point>
				<point>222.000000,201.000000</point>
			</points>
		</object>
		<object>
			<coordinate>pixel</coordinate>
			<type>rectangle</type>
			<description>None</description>
			<possibleresult>
				<name>Small Car</name>
			</possibleresult>
			<points>
				<point>248.000000,200.000000</point>
				<point>229.000000,200.000000</point>
				<point>229.000000,193.000000</point>
				<point>247.000000,193.000000</point>
				<point>248.000000,200.000000</point>
			</points>
		</object>
		<object>
			<coordinate>pixel</coordinate>
			<type>rectangle</type>
			<description>None</description>
			<possibleresult>
				<name>Van</name>
			</possibleresult>
			<points>
				<point>301.000000,199.000000</point>
				<point>283.000000,198.000000</point>
				<point>283.000000,192.000000</point>
				<point>301.000000,193.000000</point>
				<point>301.000000,199.000000</point>
			</points>
		</object>
		<object>
			<coordinate>pixel</coordinate>
			<type>rectangle</type>
			<description>None</description>
			<possibleresult>
				<name>Van</name>
			</possibleresult>
			<points>
				<point>323.000000,200.000000</point>
				<point>305.000000,199.000000</point>
				<point>305.000000,192.000000</point>
				<point>323.000000,193.000000</point>
				<point>323.000000,200.000000</point>
			</points>
		</object>
		<object>
			<coordinate>pixel</coordinate>
			<type>rectangle</type>
			<description>None</description>
			<possibleresult>
				<name>Small Car</name>
			</possibleresult>
			<points>
				<point>200.000000,239.000000</point>
				<point>179.000000,239.000000</point>
				<point>179.000000,231.000000</point>
				<point>200.000000,231.000000</point>
				<point>200.000000,239.000000</point>
			</points>
		</object>
		<object>
			<coordinate>pixel</coordinate>
			<type>rectangle</type>
			<description>None</description>
			<possibleresult>
				<name>Small Car</name>
			</possibleresult>
			<points>
				<point>224.000000,233.000000</point>
				<point>223.000000,240.000000</point>
				<point>204.000000,239.000000</point>
				<point>204.000000,232.000000</point>
				<point>224.000000,233.000000</point>
			</points>
		</object>
		<object>
			<coordinate>pixel</coordinate>
			<type>rectangle</type>
			<description>None</description>
			<possibleresult>
				<name>Van</name>
			</possibleresult>
			<points>
				<point>555.000000,201.000000</point>
				<point>530.000000,201.000000</point>
				<point>530.000000,192.000000</point>
				<point>555.000000,193.000000</point>
				<point>555.000000,201.000000</point>
			</points>
		</object>
		<object>
			<coordinate>pixel</coordinate>
			<type>rectangle</type>
			<description>None</description>
			<possibleresult>
				<name>Small Car</name>
			</possibleresult>
			<points>
				<point>591.000000,199.000000</point>
				<point>572.000000,200.000000</point>
				<point>572.000000,194.000000</point>
				<point>591.000000,194.000000</point>
				<point>591.000000,199.000000</point>
			</points>
		</object>
		<object>
			<coordinate>pixel</coordinate>
			<type>rectangle</type>
			<description>None</description>
			<possibleresult>
				<name>Van</name>
			</possibleresult>
			<points>
				<point>643.000000,199.000000</point>
				<point>625.000000,200.000000</point>
				<point>625.000000,194.000000</point>
				<point>643.000000,193.000000</point>
				<point>643.000000,199.000000</point>
			</points>
		</object>
		<object>
			<coordinate>pixel</coordinate>
			<type>rectangle</type>
			<description>None</description>
			<possibleresult>
				<name>Van</name>
			</possibleresult>
			<points>
				<point>663.000000,200.000000</point>
				<point>645.000000,200.000000</point>
				<point>646.000000,193.000000</point>
				<point>663.000000,194.000000</point>
				<point>663.000000,200.000000</point>
			</points>
		</object>
		<object>
			<coordinate>pixel</coordinate>
			<type>rectangle</type>
			<description>None</description>
			<possibleresult>
				<name>Small Car</name>
			</possibleresult>
			<points>
				<point>676.000000,240.000000</point>
				<point>657.000000,239.000000</point>
				<point>658.000000,232.000000</point>
				<point>676.000000,233.000000</point>
				<point>676.000000,240.000000</point>
			</points>
		</object>
		<object>
			<coordinate>pixel</coordinate>
			<type>rectangle</type>
			<description>None</description>
			<possibleresult>
				<name>Small Car</name>
			</possibleresult>
			<points>
				<point>762.000000,201.000000</point>
				<point>740.000000,202.000000</point>
				<point>740.000000,194.000000</point>
				<point>761.000000,193.000000</point>
				<point>762.000000,201.000000</point>
			</points>
		</object>
		<object>
			<coordinate>pixel</coordinate>
			<type>rectangle</type>
			<description>None</description>
			<possibleresult>
				<name>Van</name>
			</possibleresult>
			<points>
				<point>784.000000,200.000000</point>
				<point>767.000000,200.000000</point>
				<point>766.000000,193.000000</point>
				<point>784.000000,193.000000</point>
				<point>784.000000,200.000000</point>
			</points>
		</object>
		<object>
			<coordinate>pixel</coordinate>
			<type>rectangle</type>
			<description>None</description>
			<possibleresult>
				<name>Small Car</name>
			</possibleresult>
			<points>
				<point>47.000000,575.000000</point>
				<point>24.000000,576.000000</point>
				<point>24.000000,568.000000</point>
				<point>46.000000,568.000000</point>
				<point>47.000000,575.000000</point>
			</points>
		</object>
		<object>
			<coordinate>pixel</coordinate>
			<type>rectangle</type>
			<description>None</description>
			<possibleresult>
				<name>Small Car</name>
			</possibleresult>
			<points>
				<point>275.000000,577.000000</point>
				<point>257.000000,577.000000</point>
				<point>257.000000,570.000000</point>
				<point>275.000000,570.000000</point>
				<point>275.000000,577.000000</point>
			</points>
		</object>
		<object>
			<coordinate>pixel</coordinate>
			<type>rectangle</type>
			<description>None</description>
			<possibleresult>
				<name>Van</name>
			</possibleresult>
			<points>
				<point>301.000000,577.000000</point>
				<point>279.000000,578.000000</point>
				<point>279.000000,570.000000</point>
				<point>301.000000,570.000000</point>
				<point>301.000000,577.000000</point>
			</points>
		</object>
		<object>
			<coordinate>pixel</coordinate>
			<type>rectangle</type>
			<description>None</description>
			<possibleresult>
				<name>Van</name>
			</possibleresult>
			<points>
				<point>350.000000,577.000000</point>
				<point>332.000000,575.000000</point>
				<point>333.000000,569.000000</point>
				<point>350.000000,570.000000</point>
				<point>350.000000,577.000000</point>
			</points>
		</object>
		<object>
			<coordinate>pixel</coordinate>
			<type>rectangle</type>
			<description>None</description>
			<possibleresult>
				<name>Small Car</name>
			</possibleresult>
			<points>
				<point>432.000000,577.000000</point>
				<point>412.000000,577.000000</point>
				<point>412.000000,570.000000</point>
				<point>432.000000,570.000000</point>
				<point>432.000000,577.000000</point>
			</points>
		</object>
		<object>
			<coordinate>pixel</coordinate>
			<type>rectangle</type>
			<description>None</description>
			<possibleresult>
				<name>Small Car</name>
			</possibleresult>
			<points>
				<point>535.000000,576.000000</point>
				<point>515.000000,577.000000</point>
				<point>515.000000,569.000000</point>
				<point>535.000000,568.000000</point>
				<point>535.000000,576.000000</point>
			</points>
		</object>
		<object>
			<coordinate>pixel</coordinate>
			<type>rectangle</type>
			<description>None</description>
			<possibleresult>
				<name>Van</name>
			</possibleresult>
			<points>
				<point>558.000000,577.000000</point>
				<point>537.000000,577.000000</point>
				<point>537.000000,569.000000</point>
				<point>558.000000,569.000000</point>
				<point>558.000000,577.000000</point>
			</points>
		</object>
		<object>
			<coordinate>pixel</coordinate>
			<type>rectangle</type>
			<description>None</description>
			<possibleresult>
				<name>Van</name>
			</possibleresult>
			<points>
				<point>681.000000,577.000000</point>
				<point>665.000000,576.000000</point>
				<point>665.000000,569.000000</point>
				<point>681.000000,570.000000</point>
				<point>681.000000,577.000000</point>
			</points>
		</object>
		<object>
			<coordinate>pixel</coordinate>
			<type>rectangle</type>
			<description>None</description>
			<possibleresult>
				<name>Small Car</name>
			</possibleresult>
			<points>
				<point>701.000000,576.000000</point>
				<point>685.000000,577.000000</point>
				<point>684.000000,570.000000</point>
				<point>701.000000,570.000000</point>
				<point>701.000000,576.000000</point>
			</points>
		</object>
		<object>
			<coordinate>pixel</coordinate>
			<type>rectangle</type>
			<description>None</description>
			<possibleresult>
				<name>Small Car</name>
			</possibleresult>
			<points>
				<point>741.000000,578.000000</point>
				<point>721.000000,578.000000</point>
				<point>721.000000,571.000000</point>
				<point>741.000000,570.000000</point>
				<point>741.000000,578.000000</point>
			</points>
		</object>
		<object>
			<coordinate>pixel</coordinate>
			<type>rectangle</type>
			<description>None</description>
			<possibleresult>
				<name>Van</name>
			</possibleresult>
			<points>
				<point>17.000000,74.000000</point>
				<point>0.000000,74.000000</point>
				<point>0.000000,67.000000</point>
				<point>17.000000,68.000000</point>
				<point>17.000000,74.000000</point>
			</points>
		</object>
		<object>
			<coordinate>pixel</coordinate>
			<type>rectangle</type>
			<description>None</description>
			<possibleresult>
				<name>Van</name>
			</possibleresult>
			<points>
				<point>17.000000,83.000000</point>
				<point>0.000000,83.000000</point>
				<point>0.000000,77.000000</point>
				<point>16.000000,77.000000</point>
				<point>17.000000,83.000000</point>
			</points>
		</object>
		<object>
			<coordinate>pixel</coordinate>
			<type>rectangle</type>
			<description>None</description>
			<possibleresult>
				<name>Van</name>
			</possibleresult>
			<points>
				<point>18.000000,102.000000</point>
				<point>0.000000,102.000000</point>
				<point>0.000000,95.000000</point>
				<point>18.000000,95.000000</point>
				<point>18.000000,102.000000</point>
			</points>
		</object>
		<object>
			<coordinate>pixel</coordinate>
			<type>rectangle</type>
			<description>None</description>
			<possibleresult>
				<name>Van</name>
			</possibleresult>
			<points>
				<point>19.000000,110.000000</point>
				<point>1.000000,111.000000</point>
				<point>1.000000,104.000000</point>
				<point>19.000000,104.000000</point>
				<point>19.000000,110.000000</point>
			</points>
		</object>
		<object>
			<coordinate>pixel</coordinate>
			<type>rectangle</type>
			<description>None</description>
			<possibleresult>
				<name>Small Car</name>
			</possibleresult>
			<points>
				<point>20.000000,119.000000</point>
				<point>1.000000,120.000000</point>
				<point>1.000000,113.000000</point>
				<point>20.000000,113.000000</point>
				<point>20.000000,119.000000</point>
			</points>
		</object>
		<object>
			<coordinate>pixel</coordinate>
			<type>rectangle</type>
			<description>None</description>
			<possibleresult>
				<name>Van</name>
			</possibleresult>
			<points>
				<point>19.000000,128.000000</point>
				<point>2.000000,128.000000</point>
				<point>2.000000,122.000000</point>
				<point>19.000000,121.000000</point>
				<point>19.000000,128.000000</point>
			</points>
		</object>
		<object>
			<coordinate>pixel</coordinate>
			<type>rectangle</type>
			<description>None</description>
			<possibleresult>
				<name>Van</name>
			</possibleresult>
			<points>
				<point>18.000000,137.000000</point>
				<point>1.000000,137.000000</point>
				<point>1.000000,131.000000</point>
				<point>18.000000,131.000000</point>
				<point>18.000000,137.000000</point>
			</points>
		</object>
		<object>
			<coordinate>pixel</coordinate>
			<type>rectangle</type>
			<description>None</description>
			<possibleresult>
				<name>Small Car</name>
			</possibleresult>
			<points>
				<point>61.000000,56.000000</point>
				<point>43.000000,56.000000</point>
				<point>43.000000,49.000000</point>
				<point>61.000000,49.000000</point>
				<point>61.000000,56.000000</point>
			</points>
		</object>
		<object>
			<coordinate>pixel</coordinate>
			<type>rectangle</type>
			<description>None</description>
			<possibleresult>
				<name>Van</name>
			</possibleresult>
			<points>
				<point>62.000000,74.000000</point>
				<point>44.000000,73.000000</point>
				<point>44.000000,67.000000</point>
				<point>62.000000,67.000000</point>
				<point>62.000000,74.000000</point>
			</points>
		</object>
		<object>
			<coordinate>pixel</coordinate>
			<type>rectangle</type>
			<description>None</description>
			<possibleresult>
				<name>Van</name>
			</possibleresult>
			<points>
				<point>61.000000,83.000000</point>
				<point>44.000000,83.000000</point>
				<point>44.000000,76.000000</point>
				<point>61.000000,76.000000</point>
				<point>61.000000,83.000000</point>
			</points>
		</object>
		<object>
			<coordinate>pixel</coordinate>
			<type>rectangle</type>
			<description>None</description>
			<possibleresult>
				<name>Van</name>
			</possibleresult>
			<points>
				<point>63.000000,91.000000</point>
				<point>45.000000,92.000000</point>
				<point>45.000000,85.000000</point>
				<point>63.000000,85.000000</point>
				<point>63.000000,91.000000</point>
			</points>
		</object>
		<object>
			<coordinate>pixel</coordinate>
			<type>rectangle</type>
			<description>None</description>
			<possibleresult>
				<name>Van</name>
			</possibleresult>
			<points>
				<point>63.000000,100.000000</point>
				<point>46.000000,100.000000</point>
				<point>46.000000,93.000000</point>
				<point>63.000000,93.000000</point>
				<point>63.000000,100.000000</point>
			</points>
		</object>
		<object>
			<coordinate>pixel</coordinate>
			<type>rectangle</type>
			<description>None</description>
			<possibleresult>
				<name>Small Car</name>
			</possibleresult>
			<points>
				<point>63.000000,110.000000</point>
				<point>46.000000,109.000000</point>
				<point>46.000000,103.000000</point>
				<point>63.000000,103.000000</point>
				<point>63.000000,110.000000</point>
			</points>
		</object>
		<object>
			<coordinate>pixel</coordinate>
			<type>rectangle</type>
			<description>None</description>
			<possibleresult>
				<name>Van</name>
			</possibleresult>
			<points>
				<point>62.000000,119.000000</point>
				<point>45.000000,119.000000</point>
				<point>45.000000,113.000000</point>
				<point>62.000000,113.000000</point>
				<point>62.000000,119.000000</point>
			</points>
		</object>
		<object>
			<coordinate>pixel</coordinate>
			<type>rectangle</type>
			<description>None</description>
			<possibleresult>
				<name>Van</name>
			</possibleresult>
			<points>
				<point>63.000000,136.000000</point>
				<point>46.000000,136.000000</point>
				<point>46.000000,130.000000</point>
				<point>63.000000,130.000000</point>
				<point>63.000000,136.000000</point>
			</points>
		</object>
		<object>
			<coordinate>pixel</coordinate>
			<type>rectangle</type>
			<description>None</description>
			<possibleresult>
				<name>Small Car</name>
			</possibleresult>
			<points>
				<point>61.000000,146.000000</point>
				<point>41.000000,146.000000</point>
				<point>41.000000,139.000000</point>
				<point>61.000000,139.000000</point>
				<point>61.000000,146.000000</point>
			</points>
		</object>
		<object>
			<coordinate>pixel</coordinate>
			<type>rectangle</type>
			<description>None</description>
			<possibleresult>
				<name>Small Car</name>
			</possibleresult>
			<points>
				<point>63.000000,154.000000</point>
				<point>45.000000,154.000000</point>
				<point>45.000000,148.000000</point>
				<point>63.000000,147.000000</point>
				<point>63.000000,154.000000</point>
			</points>
		</object>
		<object>
			<coordinate>pixel</coordinate>
			<type>rectangle</type>
			<description>None</description>
			<possibleresult>
				<name>Small Car</name>
			</possibleresult>
			<points>
				<point>64.000000,163.000000</point>
				<point>47.000000,162.000000</point>
				<point>47.000000,156.000000</point>
				<point>64.000000,156.000000</point>
				<point>64.000000,163.000000</point>
			</points>
		</object>
		<object>
			<coordinate>pixel</coordinate>
			<type>rectangle</type>
			<description>None</description>
			<possibleresult>
				<name>Van</name>
			</possibleresult>
			<points>
				<point>64.000000,166.000000</point>
				<point>63.000000,173.000000</point>
				<point>45.000000,172.000000</point>
				<point>46.000000,165.000000</point>
				<point>64.000000,166.000000</point>
			</points>
		</object>
		<object>
			<coordinate>pixel</coordinate>
			<type>rectangle</type>
			<description>None</description>
			<possibleresult>
				<name>Van</name>
			</possibleresult>
			<points>
				<point>95.000000,91.000000</point>
				<point>86.000000,91.000000</point>
				<point>85.000000,73.000000</point>
				<point>94.000000,73.000000</point>
				<point>95.000000,91.000000</point>
			</points>
		</object>
		<object>
			<coordinate>pixel</coordinate>
			<type>rectangle</type>
			<description>None</description>
			<possibleresult>
				<name>Small Car</name>
			</possibleresult>
			<points>
				<point>136.000000,152.000000</point>
				<point>125.000000,153.000000</point>
				<point>125.000000,135.000000</point>
				<point>135.000000,134.000000</point>
				<point>136.000000,152.000000</point>
			</points>
		</object>
		<object>
			<coordinate>pixel</coordinate>
			<type>rectangle</type>
			<description>None</description>
			<possibleresult>
				<name>Van</name>
			</possibleresult>
			<points>
				<point>95.000000,297.000000</point>
				<point>88.000000,297.000000</point>
				<point>87.000000,280.000000</point>
				<point>95.000000,280.000000</point>
				<point>95.000000,297.000000</point>
			</points>
		</object>
		<object>
			<coordinate>pixel</coordinate>
			<type>rectangle</type>
			<description>None</description>
			<possibleresult>
				<name>Van</name>
			</possibleresult>
			<points>
				<point>94.000000,311.000000</point>
				<point>87.000000,311.000000</point>
				<point>87.000000,298.000000</point>
				<point>94.000000,298.000000</point>
				<point>94.000000,311.000000</point>
			</points>
		</object>
		<object>
			<coordinate>pixel</coordinate>
			<type>rectangle</type>
			<description>None</description>
			<possibleresult>
				<name>Van</name>
			</possibleresult>
			<points>
				<point>94.000000,330.000000</point>
				<point>86.000000,330.000000</point>
				<point>86.000000,313.000000</point>
				<point>94.000000,313.000000</point>
				<point>94.000000,330.000000</point>
			</points>
		</object>
		<object>
			<coordinate>pixel</coordinate>
			<type>rectangle</type>
			<description>None</description>
			<possibleresult>
				<name>Dump Truck</name>
			</possibleresult>
			<points>
				<point>94.000000,352.000000</point>
				<point>86.000000,352.000000</point>
				<point>85.000000,331.000000</point>
				<point>94.000000,331.000000</point>
				<point>94.000000,352.000000</point>
			</points>
		</object>
		<object>
			<coordinate>pixel</coordinate>
			<type>rectangle</type>
			<description>None</description>
			<possibleresult>
				<name>Van</name>
			</possibleresult>
			<points>
				<point>95.000000,371.000000</point>
				<point>87.000000,371.000000</point>
				<point>87.000000,355.000000</point>
				<point>94.000000,355.000000</point>
				<point>95.000000,371.000000</point>
			</points>
		</object>
		<object>
			<coordinate>pixel</coordinate>
			<type>rectangle</type>
			<description>None</description>
			<possibleresult>
				<name>Van</name>
			</possibleresult>
			<points>
				<point>8.000000,397.000000</point>
				<point>1.000000,397.000000</point>
				<point>0.000000,381.000000</point>
				<point>7.000000,381.000000</point>
				<point>8.000000,397.000000</point>
			</points>
		</object>
		<object>
			<coordinate>pixel</coordinate>
			<type>rectangle</type>
			<description>None</description>
			<possibleresult>
				<name>Small Car</name>
			</possibleresult>
			<points>
				<point>17.000000,397.000000</point>
				<point>10.000000,397.000000</point>
				<point>10.000000,385.000000</point>
				<point>17.000000,385.000000</point>
				<point>17.000000,397.000000</point>
			</points>
		</object>
		<object>
			<coordinate>pixel</coordinate>
			<type>rectangle</type>
			<description>None</description>
			<possibleresult>
				<name>Small Car</name>
			</possibleresult>
			<points>
				<point>95.000000,435.000000</point>
				<point>87.000000,435.000000</point>
				<point>87.000000,418.000000</point>
				<point>95.000000,418.000000</point>
				<point>95.000000,435.000000</point>
			</points>
		</object>
		<object>
			<coordinate>pixel</coordinate>
			<type>rectangle</type>
			<description>None</description>
			<possibleresult>
				<name>Van</name>
			</possibleresult>
			<points>
				<point>95.000000,436.000000</point>
				<point>94.000000,451.000000</point>
				<point>87.000000,451.000000</point>
				<point>88.000000,436.000000</point>
				<point>95.000000,436.000000</point>
			</points>
		</object>
		<object>
			<coordinate>pixel</coordinate>
			<type>rectangle</type>
			<description>None</description>
			<possibleresult>
				<name>Small Car</name>
			</possibleresult>
			<points>
				<point>78.000000,459.000000</point>
				<point>59.000000,459.000000</point>
				<point>59.000000,452.000000</point>
				<point>78.000000,452.000000</point>
				<point>78.000000,459.000000</point>
			</points>
		</object>
		<object>
			<coordinate>pixel</coordinate>
			<type>rectangle</type>
			<description>None</description>
			<possibleresult>
				<name>Small Car</name>
			</possibleresult>
			<points>
				<point>77.000000,467.000000</point>
				<point>59.000000,467.000000</point>
				<point>59.000000,460.000000</point>
				<point>77.000000,460.000000</point>
				<point>77.000000,467.000000</point>
			</points>
		</object>
		<object>
			<coordinate>pixel</coordinate>
			<type>rectangle</type>
			<description>None</description>
			<possibleresult>
				<name>Van</name>
			</possibleresult>
			<points>
				<point>95.000000,486.000000</point>
				<point>87.000000,486.000000</point>
				<point>86.000000,468.000000</point>
				<point>94.000000,467.000000</point>
				<point>95.000000,486.000000</point>
			</points>
		</object>
		<object>
			<coordinate>pixel</coordinate>
			<type>rectangle</type>
			<description>None</description>
			<possibleresult>
				<name>Van</name>
			</possibleresult>
			<points>
				<point>95.000000,507.000000</point>
				<point>87.000000,507.000000</point>
				<point>87.000000,490.000000</point>
				<point>95.000000,490.000000</point>
				<point>95.000000,507.000000</point>
			</points>
		</object>
		<object>
			<coordinate>pixel</coordinate>
			<type>rectangle</type>
			<description>None</description>
			<possibleresult>
				<name>Small Car</name>
			</possibleresult>
			<points>
				<point>95.000000,526.000000</point>
				<point>87.000000,526.000000</point>
				<point>87.000000,510.000000</point>
				<point>95.000000,510.000000</point>
				<point>95.000000,526.000000</point>
			</points>
		</object>
		<object>
			<coordinate>pixel</coordinate>
			<type>rectangle</type>
			<description>None</description>
			<possibleresult>
				<name>Van</name>
			</possibleresult>
			<points>
				<point>134.000000,472.000000</point>
				<point>125.000000,472.000000</point>
				<point>125.000000,455.000000</point>
				<point>134.000000,455.000000</point>
				<point>134.000000,472.000000</point>
			</points>
		</object>
		<object>
			<coordinate>pixel</coordinate>
			<type>rectangle</type>
			<description>None</description>
			<possibleresult>
				<name>Small Car</name>
			</possibleresult>
			<points>
				<point>135.000000,435.000000</point>
				<point>129.000000,435.000000</point>
				<point>129.000000,420.000000</point>
				<point>135.000000,420.000000</point>
				<point>135.000000,435.000000</point>
			</points>
		</object>
		<object>
			<coordinate>pixel</coordinate>
			<type>rectangle</type>
			<description>None</description>
			<possibleresult>
				<name>Small Car</name>
			</possibleresult>
			<points>
				<point>135.000000,397.000000</point>
				<point>128.000000,397.000000</point>
				<point>128.000000,382.000000</point>
				<point>135.000000,382.000000</point>
				<point>135.000000,397.000000</point>
			</points>
		</object>
		<object>
			<coordinate>pixel</coordinate>
			<type>rectangle</type>
			<description>None</description>
			<possibleresult>
				<name>Small Car</name>
			</possibleresult>
			<points>
				<point>135.000000,308.000000</point>
				<point>134.000000,324.000000</point>
				<point>128.000000,324.000000</point>
				<point>128.000000,308.000000</point>
				<point>135.000000,308.000000</point>
			</points>
		</object>
		<object>
			<coordinate>pixel</coordinate>
			<type>rectangle</type>
			<description>None</description>
			<possibleresult>
				<name>Van</name>
			</possibleresult>
			<points>
				<point>136.000000,305.000000</point>
				<point>127.000000,305.000000</point>
				<point>127.000000,289.000000</point>
				<point>136.000000,289.000000</point>
				<point>136.000000,305.000000</point>
			</points>
		</object>
		<object>
			<coordinate>pixel</coordinate>
			<type>rectangle</type>
			<description>None</description>
			<possibleresult>
				<name>Small Car</name>
			</possibleresult>
			<points>
				<point>136.000000,325.000000</point>
				<point>134.000000,342.000000</point>
				<point>127.000000,341.000000</point>
				<point>128.000000,325.000000</point>
				<point>136.000000,325.000000</point>
			</points>
		</object>
		<object>
			<coordinate>pixel</coordinate>
			<type>rectangle</type>
			<description>None</description>
			<possibleresult>
				<name>Small Car</name>
			</possibleresult>
			<points>
				<point>184.000000,347.000000</point>
				<point>166.000000,348.000000</point>
				<point>165.000000,342.000000</point>
				<point>184.000000,340.000000</point>
				<point>184.000000,347.000000</point>
			</points>
		</object>
		<object>
			<coordinate>pixel</coordinate>
			<type>rectangle</type>
			<description>None</description>
			<possibleresult>
				<name>Small Car</name>
			</possibleresult>
			<points>
				<point>236.000000,309.000000</point>
				<point>229.000000,309.000000</point>
				<point>229.000000,293.000000</point>
				<point>236.000000,293.000000</point>
				<point>236.000000,309.000000</point>
			</points>
		</object>
		<object>
			<coordinate>pixel</coordinate>
			<type>rectangle</type>
			<description>None</description>
			<possibleresult>
				<name>Van</name>
			</possibleresult>
			<points>
				<point>236.000000,329.000000</point>
				<point>229.000000,329.000000</point>
				<point>229.000000,314.000000</point>
				<point>236.000000,314.000000</point>
				<point>236.000000,329.000000</point>
			</points>
		</object>
		<object>
			<coordinate>pixel</coordinate>
			<type>rectangle</type>
			<description>None</description>
			<possibleresult>
				<name>Small Car</name>
			</possibleresult>
			<points>
				<point>504.000000,317.000000</point>
				<point>496.000000,317.000000</point>
				<point>496.000000,299.000000</point>
				<point>504.000000,299.000000</point>
				<point>504.000000,317.000000</point>
			</points>
		</object>
		<object>
			<coordinate>pixel</coordinate>
			<type>rectangle</type>
			<description>None</description>
			<possibleresult>
				<name>Small Car</name>
			</possibleresult>
			<points>
				<point>529.000000,256.000000</point>
				<point>528.000000,263.000000</point>
				<point>510.000000,262.000000</point>
				<point>510.000000,255.000000</point>
				<point>529.000000,256.000000</point>
			</points>
		</object>
		<object>
			<coordinate>pixel</coordinate>
			<type>rectangle</type>
			<description>None</description>
			<possibleresult>
				<name>Small Car</name>
			</possibleresult>
			<points>
				<point>553.000000,264.000000</point>
				<point>535.000000,268.000000</point>
				<point>534.000000,261.000000</point>
				<point>552.000000,257.000000</point>
				<point>553.000000,264.000000</point>
			</points>
		</object>
		<object>
			<coordinate>pixel</coordinate>
			<type>rectangle</type>
			<description>None</description>
			<possibleresult>
				<name>Van</name>
			</possibleresult>
			<points>
				<point>618.000000,320.000000</point>
				<point>611.000000,320.000000</point>
				<point>610.000000,305.000000</point>
				<point>617.000000,305.000000</point>
				<point>618.000000,320.000000</point>
			</points>
		</object>
		<object>
			<coordinate>pixel</coordinate>
			<type>rectangle</type>
			<description>None</description>
			<possibleresult>
				<name>Van</name>
			</possibleresult>
			<points>
				<point>629.000000,298.000000</point>
				<point>623.000000,298.000000</point>
				<point>621.000000,282.000000</point>
				<point>629.000000,282.000000</point>
				<point>629.000000,298.000000</point>
			</points>
		</object>
		<object>
			<coordinate>pixel</coordinate>
			<type>rectangle</type>
			<description>None</description>
			<possibleresult>
				<name>Van</name>
			</possibleresult>
			<points>
				<point>689.000000,392.000000</point>
				<point>683.000000,392.000000</point>
				<point>683.000000,377.000000</point>
				<point>689.000000,378.000000</point>
				<point>689.000000,392.000000</point>
			</points>
		</object>
		<object>
			<coordinate>pixel</coordinate>
			<type>rectangle</type>
			<description>None</description>
			<possibleresult>
				<name>Small Car</name>
			</possibleresult>
			<points>
				<point>591.000000,396.000000</point>
				<point>573.000000,395.000000</point>
				<point>573.000000,389.000000</point>
				<point>591.000000,390.000000</point>
				<point>591.000000,396.000000</point>
			</points>
		</object>
		<object>
			<coordinate>pixel</coordinate>
			<type>rectangle</type>
			<description>None</description>
			<possibleresult>
				<name>Small Car</name>
			</possibleresult>
			<points>
				<point>716.000000,559.000000</point>
				<point>709.000000,559.000000</point>
				<point>709.000000,540.000000</point>
				<point>716.000000,540.000000</point>
				<point>716.000000,559.000000</point>
			</points>
		</object>
		<object>
			<coordinate>pixel</coordinate>
			<type>rectangle</type>
			<description>None</description>
			<possibleresult>
				<name>Dump Truck</name>
			</possibleresult>
			<points>
				<point>704.000000,547.000000</point>
				<point>696.000000,547.000000</point>
				<point>695.000000,527.000000</point>
				<point>704.000000,527.000000</point>
				<point>704.000000,547.000000</point>
			</points>
		</object>
		<object>
			<coordinate>pixel</coordinate>
			<type>rectangle</type>
			<description>None</description>
			<possibleresult>
				<name>Small Car</name>
			</possibleresult>
			<points>
				<point>688.000000,545.000000</point>
				<point>669.000000,546.000000</point>
				<point>669.000000,539.000000</point>
				<point>688.000000,538.000000</point>
				<point>688.000000,545.000000</point>
			</points>
		</object>
		<object>
			<coordinate>pixel</coordinate>
			<type>rectangle</type>
			<description>None</description>
			<possibleresult>
				<name>Small Car</name>
			</possibleresult>
			<points>
				<point>689.000000,554.000000</point>
				<point>670.000000,554.000000</point>
				<point>670.000000,548.000000</point>
				<point>689.000000,548.000000</point>
				<point>689.000000,554.000000</point>
			</points>
		</object>
		<object>
			<coordinate>pixel</coordinate>
			<type>rectangle</type>
			<description>None</description>
			<possibleresult>
				<name>Van</name>
			</possibleresult>
			<points>
				<point>629.000000,490.000000</point>
				<point>628.000000,505.000000</point>
				<point>621.000000,504.000000</point>
				<point>621.000000,490.000000</point>
				<point>629.000000,490.000000</point>
			</points>
		</object>
		<object>
			<coordinate>pixel</coordinate>
			<type>rectangle</type>
			<description>None</description>
			<possibleresult>
				<name>Van</name>
			</possibleresult>
			<points>
				<point>601.000000,537.000000</point>
				<point>600.000000,544.000000</point>
				<point>582.000000,544.000000</point>
				<point>582.000000,537.000000</point>
				<point>601.000000,537.000000</point>
			</points>
		</object>
		<object>
			<coordinate>pixel</coordinate>
			<type>rectangle</type>
			<description>None</description>
			<possibleresult>
				<name>Small Car</name>
			</possibleresult>
			<points>
				<point>598.000000,555.000000</point>
				<point>579.000000,554.000000</point>
				<point>579.000000,547.000000</point>
				<point>598.000000,548.000000</point>
				<point>598.000000,555.000000</point>
			</points>
		</object>
		<object>
			<coordinate>pixel</coordinate>
			<type>rectangle</type>
			<description>None</description>
			<possibleresult>
				<name>Small Car</name>
			</possibleresult>
			<points>
				<point>533.000000,454.000000</point>
				<point>518.000000,462.000000</point>
				<point>514.000000,455.000000</point>
				<point>529.000000,447.000000</point>
				<point>533.000000,454.000000</point>
			</points>
		</object>
		<object>
			<coordinate>pixel</coordinate>
			<type>rectangle</type>
			<description>None</description>
			<possibleresult>
				<name>Small Car</name>
			</possibleresult>
			<points>
				<point>531.000000,441.000000</point>
				<point>516.000000,452.000000</point>
				<point>513.000000,446.000000</point>
				<point>528.000000,435.000000</point>
				<point>531.000000,441.000000</point>
			</points>
		</object>
		<object>
			<coordinate>pixel</coordinate>
			<type>rectangle</type>
			<description>None</description>
			<possibleresult>
				<name>Small Car</name>
			</possibleresult>
			<points>
				<point>505.000000,443.000000</point>
				<point>504.000000,458.000000</point>
				<point>497.000000,458.000000</point>
				<point>497.000000,443.000000</point>
				<point>505.000000,443.000000</point>
			</points>
		</object>
		<object>
			<coordinate>pixel</coordinate>
			<type>rectangle</type>
			<description>None</description>
			<possibleresult>
				<name>Small Car</name>
			</possibleresult>
			<points>
				<point>493.000000,444.000000</point>
				<point>480.000000,457.000000</point>
				<point>475.000000,452.000000</point>
				<point>488.000000,439.000000</point>
				<point>493.000000,444.000000</point>
			</points>
		</object>
		<object>
			<coordinate>pixel</coordinate>
			<type>rectangle</type>
			<description>None</description>
			<possibleresult>
				<name>Small Car</name>
			</possibleresult>
			<points>
				<point>466.000000,444.000000</point>
				<point>463.000000,459.000000</point>
				<point>455.000000,457.000000</point>
				<point>459.000000,443.000000</point>
				<point>466.000000,444.000000</point>
			</points>
		</object>
		<object>
			<coordinate>pixel</coordinate>
			<type>rectangle</type>
			<description>None</description>
			<possibleresult>
				<name>Small Car</name>
			</possibleresult>
			<points>
				<point>481.000000,458.000000</point>
				<point>468.000000,469.000000</point>
				<point>463.000000,463.000000</point>
				<point>476.000000,452.000000</point>
				<point>481.000000,458.000000</point>
			</points>
		</object>
		<object>
			<coordinate>pixel</coordinate>
			<type>rectangle</type>
			<description>None</description>
			<possibleresult>
				<name>Van</name>
			</possibleresult>
			<points>
				<point>420.000000,434.000000</point>
				<point>414.000000,435.000000</point>
				<point>413.000000,425.000000</point>
				<point>419.000000,425.000000</point>
				<point>420.000000,434.000000</point>
			</points>
		</object>
		<object>
			<coordinate>pixel</coordinate>
			<type>rectangle</type>
			<description>None</description>
			<possibleresult>
				<name>Van</name>
			</possibleresult>
			<points>
				<point>409.000000,436.000000</point>
				<point>403.000000,436.000000</point>
				<point>403.000000,425.000000</point>
				<point>409.000000,425.000000</point>
				<point>409.000000,436.000000</point>
			</points>
		</object>
		<object>
			<coordinate>pixel</coordinate>
			<type>rectangle</type>
			<description>None</description>
			<possibleresult>
				<name>Small Car</name>
			</possibleresult>
			<points>
				<point>400.000000,440.000000</point>
				<point>392.000000,440.000000</point>
				<point>392.000000,424.000000</point>
				<point>399.000000,424.000000</point>
				<point>400.000000,440.000000</point>
			</points>
		</object>
		<object>
			<coordinate>pixel</coordinate>
			<type>rectangle</type>
			<description>None</description>
			<possibleresult>
				<name>Van</name>
			</possibleresult>
			<points>
				<point>271.000000,433.000000</point>
				<point>263.000000,433.000000</point>
				<point>263.000000,419.000000</point>
				<point>271.000000,419.000000</point>
				<point>271.000000,433.000000</point>
			</points>
		</object>
		<object>
			<coordinate>pixel</coordinate>
			<type>rectangle</type>
			<description>None</description>
			<possibleresult>
				<name>Small Car</name>
			</possibleresult>
			<points>
				<point>281.000000,435.000000</point>
				<point>275.000000,436.000000</point>
				<point>274.000000,421.000000</point>
				<point>280.000000,420.000000</point>
				<point>281.000000,435.000000</point>
			</points>
		</object>
		<object>
			<coordinate>pixel</coordinate>
			<type>rectangle</type>
			<description>None</description>
			<possibleresult>
				<name>Van</name>
			</possibleresult>
			<points>
				<point>288.000000,550.000000</point>
				<point>271.000000,550.000000</point>
				<point>271.000000,543.000000</point>
				<point>288.000000,544.000000</point>
				<point>288.000000,550.000000</point>
			</points>
		</object>
		<object>
			<coordinate>pixel</coordinate>
			<type>rectangle</type>
			<description>None</description>
			<possibleresult>
				<name>Small Car</name>
			</possibleresult>
			<points>
				<point>223.000000,556.000000</point>
				<point>215.000000,557.000000</point>
				<point>215.000000,540.000000</point>
				<point>222.000000,540.000000</point>
				<point>223.000000,556.000000</point>
			</points>
		</object>
		<object>
			<coordinate>pixel</coordinate>
			<type>rectangle</type>
			<description>None</description>
			<possibleresult>
				<name>Van</name>
			</possibleresult>
			<points>
				<point>203.000000,421.000000</point>
				<point>199.000000,425.000000</point>
				<point>188.000000,416.000000</point>
				<point>192.000000,411.000000</point>
				<point>203.000000,421.000000</point>
			</points>
		</object>
		<object>
			<coordinate>pixel</coordinate>
			<type>rectangle</type>
			<description>None</description>
			<possibleresult>
				<name>Small Car</name>
			</possibleresult>
			<points>
				<point>213.000000,432.000000</point>
				<point>207.000000,432.000000</point>
				<point>207.000000,418.000000</point>
				<point>213.000000,418.000000</point>
				<point>213.000000,432.000000</point>
			</points>
		</object>
		<object>
			<coordinate>pixel</coordinate>
			<type>rectangle</type>
			<description>None</description>
			<possibleresult>
				<name>Van</name>
			</possibleresult>
			<points>
				<point>176.000000,482.000000</point>
				<point>160.000000,482.000000</point>
				<point>160.000000,475.000000</point>
				<point>176.000000,475.000000</point>
				<point>176.000000,482.000000</point>
			</points>
		</object>
		<object>
			<coordinate>pixel</coordinate>
			<type>rectangle</type>
			<description>None</description>
			<possibleresult>
				<name>Intersection</name>
			</possibleresult>
			<points>
				<point>155.000000,192.000000</point>
				<point>154.000000,239.000000</point>
				<point>76.000000,237.000000</point>
				<point>77.000000,190.000000</point>
				<point>155.000000,192.000000</point>
			</points>
		</object>
		<object>
			<coordinate>pixel</coordinate>
			<type>rectangle</type>
			<description>None</description>
			<possibleresult>
				<name>Van</name>
			</possibleresult>
			<points>
				<point>555.000000,347.000000</point>
				<point>554.000000,360.000000</point>
				<point>546.000000,359.000000</point>
				<point>546.000000,346.000000</point>
				<point>555.000000,347.000000</point>
			</points>
		</object>
		<object>
			<coordinate>pixel</coordinate>
			<type>rectangle</type>
			<description>None</description>
			<possibleresult>
				<name>Van</name>
			</possibleresult>
			<points>
				<point>554.000000,344.000000</point>
				<point>549.000000,344.000000</point>
				<point>546.000000,333.000000</point>
				<point>553.000000,332.000000</point>
				<point>554.000000,344.000000</point>
			</points>
		</object>
		<object>
			<coordinate>pixel</coordinate>
			<type>rectangle</type>
			<description>None</description>
			<possibleresult>
				<name>Van</name>
			</possibleresult>
			<points>
				<point>553.000000,276.000000</point>
				<point>536.000000,276.000000</point>
				<point>536.000000,269.000000</point>
				<point>553.000000,269.000000</point>
				<point>553.000000,276.000000</point>
			</points>
		</object>
		<object>
			<coordinate>pixel</coordinate>
			<type>rectangle</type>
			<description>None</description>
			<possibleresult>
				<name>Van</name>
			</possibleresult>
			<points>
				<point>604.000000,239.000000</point>
				<point>590.000000,238.000000</point>
				<point>590.000000,233.000000</point>
				<point>604.000000,233.000000</point>
				<point>604.000000,239.000000</point>
			</points>
		</object>
	</objects>
</annotation>