<?xml version="1.0" encoding="utf-8"?>
<annotation>
	<source>
		<filename>6093.tif</filename>
		<origin>GF2/GF3</origin>
	</source>
	<research>
		<version>1.0</version>
		<provider>FAIR1M</provider>
		<author>Cyber</author>
		<pluginname>FAIR1M</pluginname>
		<pluginclass>object detection</pluginclass>
		<time>2021-07-21</time>
	</research>
	<size>
		<width>1000</width>
		<height>1000</height>
		<depth>3</depth>
	</size>
	<objects>
		<object>
			<coordinate>pixel</coordinate>
			<type>rectangle</type>
			<description>None</description>
			<possibleresult>
				<name>Liquid Cargo Ship</name>
			</possibleresult>
			<points>
				<point>611.000000,252.000000</point>
				<point>479.000000,172.000000</point>
				<point>468.000000,191.000000</point>
				<point>599.000000,271.000000</point>
				<point>611.000000,252.000000</point>
			</points>
		</object>
		<object>
			<coordinate>pixel</coordinate>
			<type>rectangle</type>
			<description>None</description>
			<possibleresult>
				<name>Liquid Cargo Ship</name>
			</possibleresult>
			<points>
				<point>792.000000,665.000000</point>
				<point>656.000000,554.000000</point>
				<point>637.000000,577.000000</point>
				<point>772.000000,688.000000</point>
				<point>792.000000,665.000000</point>
			</points>
		</object>
	</objects>
</annotation>