<?xml version="1.0" encoding="utf-8"?>
<annotation>
	<source>
		<filename>6133.tif</filename>
		<origin>GF2/GF3</origin>
	</source>
	<research>
		<version>1.0</version>
		<provider>FAIR1M</provider>
		<author>Cyber</author>
		<pluginname>FAIR1M</pluginname>
		<pluginclass>object detection</pluginclass>
		<time>2021-07-21</time>
	</research>
	<size>
		<width>800</width>
		<height>800</height>
		<depth>3</depth>
	</size>
	<objects>
		<object>
			<coordinate>pixel</coordinate>
			<type>rectangle</type>
			<description>None</description>
			<possibleresult>
				<name>Boeing737</name>
			</possibleresult>
			<points>
				<point>186.705933,823.823486</point>
				<point>141.705933,796.823486</point>
				<point>165.000031,758.000000</point>
				<point>210.000031,785.000000</point>
				<point>186.705933,823.823486</point>
			</points>
		</object>
		<object>
			<coordinate>pixel</coordinate>
			<type>rectangle</type>
			<description>None</description>
			<possibleresult>
				<name>A321</name>
			</possibleresult>
			<points>
				<point>258.000000,764.000000</point>
				<point>215.000000,784.000000</point>
				<point>192.000000,735.000000</point>
				<point>235.000000,715.000000</point>
				<point>258.000000,764.000000</point>
			</points>
		</object>
		<object>
			<coordinate>pixel</coordinate>
			<type>rectangle</type>
			<description>None</description>
			<possibleresult>
				<name>Boeing737</name>
			</possibleresult>
			<points>
				<point>319.000000,733.000000</point>
				<point>306.000000,775.000000</point>
				<point>262.000000,762.000000</point>
				<point>275.000000,720.000000</point>
				<point>319.000000,733.000000</point>
			</points>
		</object>
		<object>
			<coordinate>pixel</coordinate>
			<type>rectangle</type>
			<description>None</description>
			<possibleresult>
				<name>Boeing737</name>
			</possibleresult>
			<points>
				<point>343.474701,804.657104</point>
				<point>317.000031,767.999878</point>
				<point>352.525360,742.342651</point>
				<point>379.000031,778.999878</point>
				<point>343.474701,804.657104</point>
			</points>
		</object>
		<object>
			<coordinate>pixel</coordinate>
			<type>rectangle</type>
			<description>None</description>
			<possibleresult>
				<name>A220</name>
			</possibleresult>
			<points>
				<point>470.640045,800.000000</point>
				<point>424.460022,800.000000</point>
				<point>421.985687,758.760864</point>
				<point>468.000031,756.000000</point>
				<point>470.640045,800.000000</point>
			</points>
		</object>
		<object>
			<coordinate>pixel</coordinate>
			<type>rectangle</type>
			<description>None</description>
			<possibleresult>
				<name>A220</name>
			</possibleresult>
			<points>
				<point>543.000000,528.000000</point>
				<point>489.000000,532.000000</point>
				<point>485.000000,489.000000</point>
				<point>540.000000,485.000000</point>
				<point>543.000000,528.000000</point>
			</points>
		</object>
		<object>
			<coordinate>pixel</coordinate>
			<type>rectangle</type>
			<description>None</description>
			<possibleresult>
				<name>Boeing737</name>
			</possibleresult>
			<points>
				<point>544.022766,758.000549</point>
				<point>543.068237,800.000000</point>
				<point>499.022797,800.000000</point>
				<point>500.000061,757.000061</point>
				<point>544.022766,758.000549</point>
			</points>
		</object>
		<object>
			<coordinate>pixel</coordinate>
			<type>rectangle</type>
			<description>None</description>
			<possibleresult>
				<name>A220</name>
			</possibleresult>
			<points>
				<point>687.533325,800.000000</point>
				<point>643.488892,800.000000</point>
				<point>642.977295,776.978271</point>
				<point>687.000000,776.000000</point>
				<point>687.533325,800.000000</point>
			</points>
		</object>
		<object>
			<coordinate>pixel</coordinate>
			<type>rectangle</type>
			<description>None</description>
			<possibleresult>
				<name>A220</name>
			</possibleresult>
			<points>
				<point>691.000000,768.000000</point>
				<point>641.000000,771.000000</point>
				<point>639.000000,726.000000</point>
				<point>689.000000,724.000000</point>
				<point>691.000000,768.000000</point>
			</points>
		</object>
	</objects>
</annotation>