<?xml version="1.0" encoding="utf-8"?>
<annotation>
	<source>
		<filename>6163.tif</filename>
		<origin>GF2/GF3</origin>
	</source>
	<research>
		<version>1.0</version>
		<provider>FAIR1M</provider>
		<author>Cyber</author>
		<pluginname>FAIR1M</pluginname>
		<pluginclass>object detection</pluginclass>
		<time>2021-07-21</time>
	</research>
	<size>
		<width>1000</width>
		<height>1000</height>
		<depth>3</depth>
	</size>
	<objects>
		<object>
			<coordinate>pixel</coordinate>
			<type>rectangle</type>
			<description>None</description>
			<possibleresult>
				<name>Boeing777</name>
			</possibleresult>
			<points>
				<point>61.000000,410.000000</point>
				<point>7.000000,447.000000</point>
				<point>42.000000,498.000000</point>
				<point>96.000000,461.000000</point>
				<point>61.000000,410.000000</point>
			</points>
		</object>
		<object>
			<coordinate>pixel</coordinate>
			<type>rectangle</type>
			<description>None</description>
			<possibleresult>
				<name>Boeing777</name>
			</possibleresult>
			<points>
				<point>115.000000,498.000000</point>
				<point>57.000000,529.000000</point>
				<point>86.000000,585.000000</point>
				<point>145.000000,554.000000</point>
				<point>115.000000,498.000000</point>
			</points>
		</object>
		<object>
			<coordinate>pixel</coordinate>
			<type>rectangle</type>
			<description>None</description>
			<possibleresult>
				<name>Boeing737</name>
			</possibleresult>
			<points>
				<point>151.000000,611.000000</point>
				<point>102.000000,612.000000</point>
				<point>102.000000,659.000000</point>
				<point>151.000000,659.000000</point>
				<point>151.000000,611.000000</point>
			</points>
		</object>
		<object>
			<coordinate>pixel</coordinate>
			<type>rectangle</type>
			<description>None</description>
			<possibleresult>
				<name>Boeing777</name>
			</possibleresult>
			<points>
				<point>140.000000,678.000000</point>
				<point>73.000000,690.000000</point>
				<point>84.000000,753.000000</point>
				<point>151.000000,741.000000</point>
				<point>140.000000,678.000000</point>
			</points>
		</object>
		<object>
			<coordinate>pixel</coordinate>
			<type>rectangle</type>
			<description>None</description>
			<possibleresult>
				<name>Boeing737</name>
			</possibleresult>
			<points>
				<point>135.000000,745.000000</point>
				<point>93.000000,771.000000</point>
				<point>117.000000,810.000000</point>
				<point>159.000000,785.000000</point>
				<point>135.000000,745.000000</point>
			</points>
		</object>
		<object>
			<coordinate>pixel</coordinate>
			<type>rectangle</type>
			<description>None</description>
			<possibleresult>
				<name>Boeing737</name>
			</possibleresult>
			<points>
				<point>165.000000,804.000000</point>
				<point>147.000000,847.000000</point>
				<point>185.000000,863.000000</point>
				<point>204.000000,821.000000</point>
				<point>165.000000,804.000000</point>
			</points>
		</object>
		<object>
			<coordinate>pixel</coordinate>
			<type>rectangle</type>
			<description>None</description>
			<possibleresult>
				<name>Boeing737</name>
			</possibleresult>
			<points>
				<point>224.000000,792.000000</point>
				<point>241.000000,834.000000</point>
				<point>281.000000,818.000000</point>
				<point>264.000000,776.000000</point>
				<point>224.000000,792.000000</point>
			</points>
		</object>
		<object>
			<coordinate>pixel</coordinate>
			<type>rectangle</type>
			<description>None</description>
			<possibleresult>
				<name>Boeing777</name>
			</possibleresult>
			<points>
				<point>523.000000,836.000000</point>
				<point>465.000000,870.000000</point>
				<point>497.000000,925.000000</point>
				<point>555.000000,890.000000</point>
				<point>523.000000,836.000000</point>
			</points>
		</object>
		<object>
			<coordinate>pixel</coordinate>
			<type>rectangle</type>
			<description>None</description>
			<possibleresult>
				<name>Boeing737</name>
			</possibleresult>
			<points>
				<point>860.000000,424.000000</point>
				<point>880.000000,467.000000</point>
				<point>916.000000,450.000000</point>
				<point>897.000000,407.000000</point>
				<point>860.000000,424.000000</point>
			</points>
		</object>
		<object>
			<coordinate>pixel</coordinate>
			<type>rectangle</type>
			<description>None</description>
			<possibleresult>
				<name>A220</name>
			</possibleresult>
			<points>
				<point>937.000000,382.000000</point>
				<point>959.000000,426.000000</point>
				<point>998.000000,407.000000</point>
				<point>976.000000,362.000000</point>
				<point>937.000000,382.000000</point>
			</points>
		</object>
		<object>
			<coordinate>pixel</coordinate>
			<type>rectangle</type>
			<description>None</description>
			<possibleresult>
				<name>A220</name>
			</possibleresult>
			<points>
				<point>981.000000,140.000000</point>
				<point>945.000000,162.000000</point>
				<point>971.000000,205.000000</point>
				<point>1007.000000,183.000000</point>
				<point>981.000000,140.000000</point>
			</points>
		</object>
		<object>
			<coordinate>pixel</coordinate>
			<type>rectangle</type>
			<description>None</description>
			<possibleresult>
				<name>A321</name>
			</possibleresult>
			<points>
				<point>913.000000,219.000000</point>
				<point>921.000000,164.000000</point>
				<point>871.000000,156.000000</point>
				<point>863.000000,211.000000</point>
				<point>913.000000,219.000000</point>
			</points>
		</object>
		<object>
			<coordinate>pixel</coordinate>
			<type>rectangle</type>
			<description>None</description>
			<possibleresult>
				<name>Boeing777</name>
			</possibleresult>
			<points>
				<point>794.000000,136.000000</point>
				<point>861.000000,104.000000</point>
				<point>829.000000,36.000000</point>
				<point>762.000000,68.000000</point>
				<point>794.000000,136.000000</point>
			</points>
		</object>
		<object>
			<coordinate>pixel</coordinate>
			<type>rectangle</type>
			<description>None</description>
			<possibleresult>
				<name>other-airplane</name>
			</possibleresult>
			<points>
				<point>366.000000,702.000000</point>
				<point>390.000000,745.000000</point>
				<point>428.000000,723.000000</point>
				<point>404.000000,680.000000</point>
				<point>366.000000,702.000000</point>
			</points>
		</object>
	</objects>
</annotation>