<?xml version="1.0" encoding="utf-8"?>
<annotation>
	<source>
		<filename>6182.tif</filename>
		<origin>GF2/GF3</origin>
	</source>
	<research>
		<version>1.0</version>
		<provider>FAIR1M</provider>
		<author>Cyber</author>
		<pluginname>FAIR1M</pluginname>
		<pluginclass>object detection</pluginclass>
		<time>2021-07-21</time>
	</research>
	<size>
		<width>600</width>
		<height>800</height>
		<depth>3</depth>
	</size>
	<objects>
		<object>
			<coordinate>pixel</coordinate>
			<type>rectangle</type>
			<description>None</description>
			<possibleresult>
				<name>Boeing737</name>
			</possibleresult>
			<points>
				<point>574.000000,770.000000</point>
				<point>567.750000,800.000000</point>
				<point>521.875000,800.000000</point>
				<point>530.033325,760.840210</point>
				<point>574.000000,770.000000</point>
			</points>
		</object>
		<object>
			<coordinate>pixel</coordinate>
			<type>rectangle</type>
			<description>None</description>
			<possibleresult>
				<name>Boeing737</name>
			</possibleresult>
			<points>
				<point>471.000000,645.000000</point>
				<point>427.000000,666.000000</point>
				<point>408.000000,626.000000</point>
				<point>452.000000,604.000000</point>
				<point>471.000000,645.000000</point>
			</points>
		</object>
		<object>
			<coordinate>pixel</coordinate>
			<type>rectangle</type>
			<description>None</description>
			<possibleresult>
				<name>A220</name>
			</possibleresult>
			<points>
				<point>564.000000,492.000000</point>
				<point>524.000000,511.000000</point>
				<point>503.000000,466.000000</point>
				<point>543.000000,447.000000</point>
				<point>564.000000,492.000000</point>
			</points>
		</object>
		<object>
			<coordinate>pixel</coordinate>
			<type>rectangle</type>
			<description>None</description>
			<possibleresult>
				<name>A220</name>
			</possibleresult>
			<points>
				<point>598.108521,459.058105</point>
				<point>555.000000,436.000061</point>
				<point>575.891479,396.942017</point>
				<point>619.000000,420.000061</point>
				<point>598.108521,459.058105</point>
			</points>
		</object>
		<object>
			<coordinate>pixel</coordinate>
			<type>rectangle</type>
			<description>None</description>
			<possibleresult>
				<name>A220</name>
			</possibleresult>
			<points>
				<point>581.000000,310.000000</point>
				<point>537.000000,331.000000</point>
				<point>518.000000,291.000000</point>
				<point>562.000000,269.000000</point>
				<point>581.000000,310.000000</point>
			</points>
		</object>
		<object>
			<coordinate>pixel</coordinate>
			<type>rectangle</type>
			<description>None</description>
			<possibleresult>
				<name>A220</name>
			</possibleresult>
			<points>
				<point>528.000000,235.000000</point>
				<point>511.000000,281.000000</point>
				<point>472.000000,266.000000</point>
				<point>488.000000,220.000000</point>
				<point>528.000000,235.000000</point>
			</points>
		</object>
		<object>
			<coordinate>pixel</coordinate>
			<type>rectangle</type>
			<description>None</description>
			<possibleresult>
				<name>A220</name>
			</possibleresult>
			<points>
				<point>464.000000,284.000000</point>
				<point>425.000000,302.000000</point>
				<point>405.000000,260.000000</point>
				<point>444.000000,242.000000</point>
				<point>464.000000,284.000000</point>
			</points>
		</object>
		<object>
			<coordinate>pixel</coordinate>
			<type>rectangle</type>
			<description>None</description>
			<possibleresult>
				<name>Boeing737</name>
			</possibleresult>
			<points>
				<point>406.000000,312.000000</point>
				<point>366.000000,329.000000</point>
				<point>347.000000,285.000000</point>
				<point>386.000000,268.000000</point>
				<point>406.000000,312.000000</point>
			</points>
		</object>
		<object>
			<coordinate>pixel</coordinate>
			<type>rectangle</type>
			<description>None</description>
			<possibleresult>
				<name>A220</name>
			</possibleresult>
			<points>
				<point>170.000000,448.000000</point>
				<point>151.000000,487.000000</point>
				<point>108.000000,467.000000</point>
				<point>126.000000,428.000000</point>
				<point>170.000000,448.000000</point>
			</points>
		</object>
		<object>
			<coordinate>pixel</coordinate>
			<type>rectangle</type>
			<description>None</description>
			<possibleresult>
				<name>A220</name>
			</possibleresult>
			<points>
				<point>181.000000,538.000000</point>
				<point>138.000000,560.000000</point>
				<point>119.000000,522.000000</point>
				<point>163.000000,501.000000</point>
				<point>181.000000,538.000000</point>
			</points>
		</object>
		<object>
			<coordinate>pixel</coordinate>
			<type>rectangle</type>
			<description>None</description>
			<possibleresult>
				<name>A220</name>
			</possibleresult>
			<points>
				<point>207.000000,590.000000</point>
				<point>162.000000,611.000000</point>
				<point>143.000000,570.000000</point>
				<point>189.000000,549.000000</point>
				<point>207.000000,590.000000</point>
			</points>
		</object>
	</objects>
</annotation>