<?xml version="1.0" encoding="utf-8"?>
<annotation>
	<source>
		<filename>6184.tif</filename>
		<origin>GF2/GF3</origin>
	</source>
	<research>
		<version>1.0</version>
		<provider>FAIR1M</provider>
		<author>Cyber</author>
		<pluginname>FAIR1M</pluginname>
		<pluginclass>object detection</pluginclass>
		<time>2021-07-21</time>
	</research>
	<size>
		<width>800</width>
		<height>600</height>
		<depth>4</depth>
	</size>
	<objects>
		<object>
			<coordinate>pixel</coordinate>
			<type>rectangle</type>
			<description>None</description>
			<possibleresult>
				<name>Tennis Court</name>
			</possibleresult>
			<points>
				<point>547.000000,528.000000</point>
				<point>536.063293,600.000000</point>
				<point>489.303772,600.000000</point>
				<point>501.295044,521.057495</point>
				<point>547.000000,528.000000</point>
			</points>
		</object>
		<object>
			<coordinate>pixel</coordinate>
			<type>rectangle</type>
			<description>None</description>
			<possibleresult>
				<name>Small Car</name>
			</possibleresult>
			<points>
				<point>317.000000,334.000000</point>
				<point>310.000000,347.000000</point>
				<point>303.000000,343.000000</point>
				<point>310.000000,330.000000</point>
				<point>317.000000,334.000000</point>
			</points>
		</object>
		<object>
			<coordinate>pixel</coordinate>
			<type>rectangle</type>
			<description>None</description>
			<possibleresult>
				<name>Van</name>
			</possibleresult>
			<points>
				<point>312.000000,328.000000</point>
				<point>298.000000,346.000000</point>
				<point>291.000000,341.000000</point>
				<point>305.000000,323.000000</point>
				<point>312.000000,328.000000</point>
			</points>
		</object>
		<object>
			<coordinate>pixel</coordinate>
			<type>rectangle</type>
			<description>None</description>
			<possibleresult>
				<name>Small Car</name>
			</possibleresult>
			<points>
				<point>298.000000,322.000000</point>
				<point>290.000000,336.000000</point>
				<point>284.000000,332.000000</point>
				<point>292.000000,318.000000</point>
				<point>298.000000,322.000000</point>
			</points>
		</object>
		<object>
			<coordinate>pixel</coordinate>
			<type>rectangle</type>
			<description>None</description>
			<possibleresult>
				<name>Dump Truck</name>
			</possibleresult>
			<points>
				<point>190.000000,322.000000</point>
				<point>186.000000,327.000000</point>
				<point>168.000000,312.000000</point>
				<point>172.000000,307.000000</point>
				<point>190.000000,322.000000</point>
			</points>
		</object>
		<object>
			<coordinate>pixel</coordinate>
			<type>rectangle</type>
			<description>None</description>
			<possibleresult>
				<name>Small Car</name>
			</possibleresult>
			<points>
				<point>132.000000,315.000000</point>
				<point>131.000000,322.000000</point>
				<point>115.000000,319.000000</point>
				<point>116.000000,313.000000</point>
				<point>132.000000,315.000000</point>
			</points>
		</object>
		<object>
			<coordinate>pixel</coordinate>
			<type>rectangle</type>
			<description>None</description>
			<possibleresult>
				<name>Van</name>
			</possibleresult>
			<points>
				<point>586.000000,470.000000</point>
				<point>577.000000,470.000000</point>
				<point>577.000000,451.000000</point>
				<point>586.000000,451.000000</point>
				<point>586.000000,470.000000</point>
			</points>
		</object>
		<object>
			<coordinate>pixel</coordinate>
			<type>rectangle</type>
			<description>None</description>
			<possibleresult>
				<name>Van</name>
			</possibleresult>
			<points>
				<point>556.000000,467.000000</point>
				<point>549.000000,469.000000</point>
				<point>547.000000,457.000000</point>
				<point>554.000000,455.000000</point>
				<point>556.000000,467.000000</point>
			</points>
		</object>
		<object>
			<coordinate>pixel</coordinate>
			<type>rectangle</type>
			<description>None</description>
			<possibleresult>
				<name>Small Car</name>
			</possibleresult>
			<points>
				<point>546.000000,472.000000</point>
				<point>539.000000,474.000000</point>
				<point>536.000000,458.000000</point>
				<point>543.000000,457.000000</point>
				<point>546.000000,472.000000</point>
			</points>
		</object>
		<object>
			<coordinate>pixel</coordinate>
			<type>rectangle</type>
			<description>None</description>
			<possibleresult>
				<name>Small Car</name>
			</possibleresult>
			<points>
				<point>532.000000,476.000000</point>
				<point>526.000000,476.000000</point>
				<point>525.000000,463.000000</point>
				<point>532.000000,462.000000</point>
				<point>532.000000,476.000000</point>
			</points>
		</object>
		<object>
			<coordinate>pixel</coordinate>
			<type>rectangle</type>
			<description>None</description>
			<possibleresult>
				<name>Van</name>
			</possibleresult>
			<points>
				<point>527.000000,433.000000</point>
				<point>520.000000,434.000000</point>
				<point>517.000000,420.000000</point>
				<point>524.000000,419.000000</point>
				<point>527.000000,433.000000</point>
			</points>
		</object>
		<object>
			<coordinate>pixel</coordinate>
			<type>rectangle</type>
			<description>None</description>
			<possibleresult>
				<name>Dump Truck</name>
			</possibleresult>
			<points>
				<point>512.000000,271.000000</point>
				<point>502.000000,275.000000</point>
				<point>495.000000,255.000000</point>
				<point>504.000000,251.000000</point>
				<point>512.000000,271.000000</point>
			</points>
		</object>
	</objects>
</annotation>