<?xml version="1.0" encoding="utf-8"?>
<annotation>
	<source>
		<filename>6207.tif</filename>
		<origin>GF2/GF3</origin>
	</source>
	<research>
		<version>1.0</version>
		<provider>FAIR1M</provider>
		<author>Cyber</author>
		<pluginname>FAIR1M</pluginname>
		<pluginclass>object detection</pluginclass>
		<time>2021-07-21</time>
	</research>
	<size>
		<width>1000</width>
		<height>1000</height>
		<depth>3</depth>
	</size>
	<objects>
		<object>
			<coordinate>pixel</coordinate>
			<type>rectangle</type>
			<description>None</description>
			<possibleresult>
				<name>Small Car</name>
			</possibleresult>
			<points>
				<point>231.000000,401.000000</point>
				<point>226.000000,403.000000</point>
				<point>220.000000,392.000000</point>
				<point>224.000000,390.000000</point>
				<point>231.000000,401.000000</point>
			</points>
		</object>
		<object>
			<coordinate>pixel</coordinate>
			<type>rectangle</type>
			<description>None</description>
			<possibleresult>
				<name>Small Car</name>
			</possibleresult>
			<points>
				<point>268.000000,385.000000</point>
				<point>264.000000,387.000000</point>
				<point>259.000000,377.000000</point>
				<point>263.000000,375.000000</point>
				<point>268.000000,385.000000</point>
			</points>
		</object>
		<object>
			<coordinate>pixel</coordinate>
			<type>rectangle</type>
			<description>None</description>
			<possibleresult>
				<name>Small Car</name>
			</possibleresult>
			<points>
				<point>321.000000,363.000000</point>
				<point>317.000000,365.000000</point>
				<point>311.000000,354.000000</point>
				<point>315.000000,352.000000</point>
				<point>321.000000,363.000000</point>
			</points>
		</object>
		<object>
			<coordinate>pixel</coordinate>
			<type>rectangle</type>
			<description>None</description>
			<possibleresult>
				<name>Van</name>
			</possibleresult>
			<points>
				<point>341.000000,319.000000</point>
				<point>336.000000,322.000000</point>
				<point>329.000000,310.000000</point>
				<point>334.000000,307.000000</point>
				<point>341.000000,319.000000</point>
			</points>
		</object>
		<object>
			<coordinate>pixel</coordinate>
			<type>rectangle</type>
			<description>None</description>
			<possibleresult>
				<name>Van</name>
			</possibleresult>
			<points>
				<point>350.000000,314.000000</point>
				<point>345.000000,317.000000</point>
				<point>339.000000,306.000000</point>
				<point>343.000000,304.000000</point>
				<point>350.000000,314.000000</point>
			</points>
		</object>
		<object>
			<coordinate>pixel</coordinate>
			<type>rectangle</type>
			<description>None</description>
			<possibleresult>
				<name>Van</name>
			</possibleresult>
			<points>
				<point>360.000000,311.000000</point>
				<point>355.000000,314.000000</point>
				<point>348.000000,302.000000</point>
				<point>353.000000,299.000000</point>
				<point>360.000000,311.000000</point>
			</points>
		</object>
		<object>
			<coordinate>pixel</coordinate>
			<type>rectangle</type>
			<description>None</description>
			<possibleresult>
				<name>Van</name>
			</possibleresult>
			<points>
				<point>370.000000,307.000000</point>
				<point>363.000000,310.000000</point>
				<point>356.000000,298.000000</point>
				<point>362.000000,294.000000</point>
				<point>370.000000,307.000000</point>
			</points>
		</object>
		<object>
			<coordinate>pixel</coordinate>
			<type>rectangle</type>
			<description>None</description>
			<possibleresult>
				<name>Van</name>
			</possibleresult>
			<points>
				<point>379.000000,302.000000</point>
				<point>373.000000,306.000000</point>
				<point>366.000000,294.000000</point>
				<point>372.000000,291.000000</point>
				<point>379.000000,302.000000</point>
			</points>
		</object>
		<object>
			<coordinate>pixel</coordinate>
			<type>rectangle</type>
			<description>None</description>
			<possibleresult>
				<name>Van</name>
			</possibleresult>
			<points>
				<point>387.000000,299.000000</point>
				<point>383.000000,302.000000</point>
				<point>376.000000,290.000000</point>
				<point>380.000000,287.000000</point>
				<point>387.000000,299.000000</point>
			</points>
		</object>
		<object>
			<coordinate>pixel</coordinate>
			<type>rectangle</type>
			<description>None</description>
			<possibleresult>
				<name>Van</name>
			</possibleresult>
			<points>
				<point>397.000000,295.000000</point>
				<point>392.000000,299.000000</point>
				<point>385.000000,287.000000</point>
				<point>390.000000,283.000000</point>
				<point>397.000000,295.000000</point>
			</points>
		</object>
		<object>
			<coordinate>pixel</coordinate>
			<type>rectangle</type>
			<description>None</description>
			<possibleresult>
				<name>Van</name>
			</possibleresult>
			<points>
				<point>405.000000,288.000000</point>
				<point>400.000000,291.000000</point>
				<point>394.000000,281.000000</point>
				<point>398.000000,278.000000</point>
				<point>405.000000,288.000000</point>
			</points>
		</object>
		<object>
			<coordinate>pixel</coordinate>
			<type>rectangle</type>
			<description>None</description>
			<possibleresult>
				<name>Van</name>
			</possibleresult>
			<points>
				<point>414.000000,286.000000</point>
				<point>409.000000,289.000000</point>
				<point>402.000000,277.000000</point>
				<point>407.000000,274.000000</point>
				<point>414.000000,286.000000</point>
			</points>
		</object>
		<object>
			<coordinate>pixel</coordinate>
			<type>rectangle</type>
			<description>None</description>
			<possibleresult>
				<name>Small Car</name>
			</possibleresult>
			<points>
				<point>424.000000,282.000000</point>
				<point>419.000000,285.000000</point>
				<point>411.000000,273.000000</point>
				<point>416.000000,270.000000</point>
				<point>424.000000,282.000000</point>
			</points>
		</object>
		<object>
			<coordinate>pixel</coordinate>
			<type>rectangle</type>
			<description>None</description>
			<possibleresult>
				<name>Van</name>
			</possibleresult>
			<points>
				<point>414.000000,321.000000</point>
				<point>409.000000,324.000000</point>
				<point>403.000000,312.000000</point>
				<point>407.000000,309.000000</point>
				<point>414.000000,321.000000</point>
			</points>
		</object>
		<object>
			<coordinate>pixel</coordinate>
			<type>rectangle</type>
			<description>None</description>
			<possibleresult>
				<name>Van</name>
			</possibleresult>
			<points>
				<point>448.000000,305.000000</point>
				<point>444.000000,307.000000</point>
				<point>439.000000,298.000000</point>
				<point>442.000000,296.000000</point>
				<point>448.000000,305.000000</point>
			</points>
		</object>
		<object>
			<coordinate>pixel</coordinate>
			<type>rectangle</type>
			<description>None</description>
			<possibleresult>
				<name>Van</name>
			</possibleresult>
			<points>
				<point>475.000000,293.000000</point>
				<point>471.000000,295.000000</point>
				<point>466.000000,285.000000</point>
				<point>470.000000,283.000000</point>
				<point>475.000000,293.000000</point>
			</points>
		</object>
		<object>
			<coordinate>pixel</coordinate>
			<type>rectangle</type>
			<description>None</description>
			<possibleresult>
				<name>Van</name>
			</possibleresult>
			<points>
				<point>485.000000,290.000000</point>
				<point>481.000000,292.000000</point>
				<point>475.000000,281.000000</point>
				<point>480.000000,279.000000</point>
				<point>485.000000,290.000000</point>
			</points>
		</object>
		<object>
			<coordinate>pixel</coordinate>
			<type>rectangle</type>
			<description>None</description>
			<possibleresult>
				<name>Small Car</name>
			</possibleresult>
			<points>
				<point>449.000000,271.000000</point>
				<point>445.000000,273.000000</point>
				<point>438.000000,262.000000</point>
				<point>441.000000,259.000000</point>
				<point>449.000000,271.000000</point>
			</points>
		</object>
		<object>
			<coordinate>pixel</coordinate>
			<type>rectangle</type>
			<description>None</description>
			<possibleresult>
				<name>Van</name>
			</possibleresult>
			<points>
				<point>460.000000,267.000000</point>
				<point>455.000000,270.000000</point>
				<point>447.000000,258.000000</point>
				<point>452.000000,254.000000</point>
				<point>460.000000,267.000000</point>
			</points>
		</object>
		<object>
			<coordinate>pixel</coordinate>
			<type>rectangle</type>
			<description>None</description>
			<possibleresult>
				<name>Van</name>
			</possibleresult>
			<points>
				<point>468.000000,263.000000</point>
				<point>464.000000,266.000000</point>
				<point>456.000000,254.000000</point>
				<point>461.000000,251.000000</point>
				<point>468.000000,263.000000</point>
			</points>
		</object>
		<object>
			<coordinate>pixel</coordinate>
			<type>rectangle</type>
			<description>None</description>
			<possibleresult>
				<name>Van</name>
			</possibleresult>
			<points>
				<point>476.000000,259.000000</point>
				<point>471.000000,262.000000</point>
				<point>464.000000,250.000000</point>
				<point>469.000000,248.000000</point>
				<point>476.000000,259.000000</point>
			</points>
		</object>
		<object>
			<coordinate>pixel</coordinate>
			<type>rectangle</type>
			<description>None</description>
			<possibleresult>
				<name>Van</name>
			</possibleresult>
			<points>
				<point>485.000000,255.000000</point>
				<point>480.000000,258.000000</point>
				<point>474.000000,247.000000</point>
				<point>478.000000,245.000000</point>
				<point>485.000000,255.000000</point>
			</points>
		</object>
		<object>
			<coordinate>pixel</coordinate>
			<type>rectangle</type>
			<description>None</description>
			<possibleresult>
				<name>Van</name>
			</possibleresult>
			<points>
				<point>494.000000,252.000000</point>
				<point>489.000000,254.000000</point>
				<point>482.000000,243.000000</point>
				<point>488.000000,241.000000</point>
				<point>494.000000,252.000000</point>
			</points>
		</object>
		<object>
			<coordinate>pixel</coordinate>
			<type>rectangle</type>
			<description>None</description>
			<possibleresult>
				<name>Van</name>
			</possibleresult>
			<points>
				<point>503.000000,247.000000</point>
				<point>499.000000,250.000000</point>
				<point>492.000000,240.000000</point>
				<point>497.000000,237.000000</point>
				<point>503.000000,247.000000</point>
			</points>
		</object>
		<object>
			<coordinate>pixel</coordinate>
			<type>rectangle</type>
			<description>None</description>
			<possibleresult>
				<name>Van</name>
			</possibleresult>
			<points>
				<point>513.000000,241.000000</point>
				<point>507.000000,244.000000</point>
				<point>502.000000,235.000000</point>
				<point>507.000000,232.000000</point>
				<point>513.000000,241.000000</point>
			</points>
		</object>
		<object>
			<coordinate>pixel</coordinate>
			<type>rectangle</type>
			<description>None</description>
			<possibleresult>
				<name>Van</name>
			</possibleresult>
			<points>
				<point>522.000000,240.000000</point>
				<point>517.000000,243.000000</point>
				<point>511.000000,231.000000</point>
				<point>516.000000,228.000000</point>
				<point>522.000000,240.000000</point>
			</points>
		</object>
		<object>
			<coordinate>pixel</coordinate>
			<type>rectangle</type>
			<description>None</description>
			<possibleresult>
				<name>Van</name>
			</possibleresult>
			<points>
				<point>511.000000,277.000000</point>
				<point>506.000000,280.000000</point>
				<point>500.000000,269.000000</point>
				<point>505.000000,266.000000</point>
				<point>511.000000,277.000000</point>
			</points>
		</object>
		<object>
			<coordinate>pixel</coordinate>
			<type>rectangle</type>
			<description>None</description>
			<possibleresult>
				<name>Van</name>
			</possibleresult>
			<points>
				<point>557.000000,259.000000</point>
				<point>552.000000,261.000000</point>
				<point>546.000000,250.000000</point>
				<point>551.000000,247.000000</point>
				<point>557.000000,259.000000</point>
			</points>
		</object>
		<object>
			<coordinate>pixel</coordinate>
			<type>rectangle</type>
			<description>None</description>
			<possibleresult>
				<name>Small Car</name>
			</possibleresult>
			<points>
				<point>540.000000,232.000000</point>
				<point>535.000000,235.000000</point>
				<point>528.000000,223.000000</point>
				<point>533.000000,220.000000</point>
				<point>540.000000,232.000000</point>
			</points>
		</object>
		<object>
			<coordinate>pixel</coordinate>
			<type>rectangle</type>
			<description>None</description>
			<possibleresult>
				<name>Van</name>
			</possibleresult>
			<points>
				<point>548.000000,227.000000</point>
				<point>543.000000,230.000000</point>
				<point>536.000000,218.000000</point>
				<point>542.000000,215.000000</point>
				<point>548.000000,227.000000</point>
			</points>
		</object>
		<object>
			<coordinate>pixel</coordinate>
			<type>rectangle</type>
			<description>None</description>
			<possibleresult>
				<name>Van</name>
			</possibleresult>
			<points>
				<point>558.000000,223.000000</point>
				<point>552.000000,226.000000</point>
				<point>545.000000,214.000000</point>
				<point>551.000000,211.000000</point>
				<point>558.000000,223.000000</point>
			</points>
		</object>
		<object>
			<coordinate>pixel</coordinate>
			<type>rectangle</type>
			<description>None</description>
			<possibleresult>
				<name>Van</name>
			</possibleresult>
			<points>
				<point>569.000000,219.000000</point>
				<point>563.000000,222.000000</point>
				<point>557.000000,211.000000</point>
				<point>563.000000,208.000000</point>
				<point>569.000000,219.000000</point>
			</points>
		</object>
		<object>
			<coordinate>pixel</coordinate>
			<type>rectangle</type>
			<description>None</description>
			<possibleresult>
				<name>Van</name>
			</possibleresult>
			<points>
				<point>577.000000,216.000000</point>
				<point>572.000000,219.000000</point>
				<point>566.000000,207.000000</point>
				<point>571.000000,205.000000</point>
				<point>577.000000,216.000000</point>
			</points>
		</object>
		<object>
			<coordinate>pixel</coordinate>
			<type>rectangle</type>
			<description>None</description>
			<possibleresult>
				<name>Van</name>
			</possibleresult>
			<points>
				<point>587.000000,211.000000</point>
				<point>582.000000,214.000000</point>
				<point>575.000000,202.000000</point>
				<point>580.000000,199.000000</point>
				<point>587.000000,211.000000</point>
			</points>
		</object>
		<object>
			<coordinate>pixel</coordinate>
			<type>rectangle</type>
			<description>None</description>
			<possibleresult>
				<name>Van</name>
			</possibleresult>
			<points>
				<point>574.000000,250.000000</point>
				<point>569.000000,253.000000</point>
				<point>564.000000,241.000000</point>
				<point>569.000000,239.000000</point>
				<point>574.000000,250.000000</point>
			</points>
		</object>
		<object>
			<coordinate>pixel</coordinate>
			<type>rectangle</type>
			<description>None</description>
			<possibleresult>
				<name>Van</name>
			</possibleresult>
			<points>
				<point>582.000000,244.000000</point>
				<point>578.000000,246.000000</point>
				<point>572.000000,235.000000</point>
				<point>577.000000,233.000000</point>
				<point>582.000000,244.000000</point>
			</points>
		</object>
		<object>
			<coordinate>pixel</coordinate>
			<type>rectangle</type>
			<description>None</description>
			<possibleresult>
				<name>Small Car</name>
			</possibleresult>
			<points>
				<point>593.000000,240.000000</point>
				<point>589.000000,243.000000</point>
				<point>583.000000,233.000000</point>
				<point>587.000000,230.000000</point>
				<point>593.000000,240.000000</point>
			</points>
		</object>
		<object>
			<coordinate>pixel</coordinate>
			<type>rectangle</type>
			<description>None</description>
			<possibleresult>
				<name>Van</name>
			</possibleresult>
			<points>
				<point>620.000000,229.000000</point>
				<point>614.000000,233.000000</point>
				<point>608.000000,222.000000</point>
				<point>614.000000,219.000000</point>
				<point>620.000000,229.000000</point>
			</points>
		</object>
		<object>
			<coordinate>pixel</coordinate>
			<type>rectangle</type>
			<description>None</description>
			<possibleresult>
				<name>Van</name>
			</possibleresult>
			<points>
				<point>613.000000,199.000000</point>
				<point>608.000000,202.000000</point>
				<point>600.000000,190.000000</point>
				<point>605.000000,187.000000</point>
				<point>613.000000,199.000000</point>
			</points>
		</object>
		<object>
			<coordinate>pixel</coordinate>
			<type>rectangle</type>
			<description>None</description>
			<possibleresult>
				<name>Van</name>
			</possibleresult>
			<points>
				<point>620.000000,196.000000</point>
				<point>615.000000,198.000000</point>
				<point>610.000000,187.000000</point>
				<point>615.000000,185.000000</point>
				<point>620.000000,196.000000</point>
			</points>
		</object>
		<object>
			<coordinate>pixel</coordinate>
			<type>rectangle</type>
			<description>None</description>
			<possibleresult>
				<name>Van</name>
			</possibleresult>
			<points>
				<point>631.000000,192.000000</point>
				<point>626.000000,195.000000</point>
				<point>620.000000,184.000000</point>
				<point>626.000000,182.000000</point>
				<point>631.000000,192.000000</point>
			</points>
		</object>
		<object>
			<coordinate>pixel</coordinate>
			<type>rectangle</type>
			<description>None</description>
			<possibleresult>
				<name>Small Car</name>
			</possibleresult>
			<points>
				<point>639.000000,187.000000</point>
				<point>634.000000,190.000000</point>
				<point>627.000000,178.000000</point>
				<point>633.000000,175.000000</point>
				<point>639.000000,187.000000</point>
			</points>
		</object>
		<object>
			<coordinate>pixel</coordinate>
			<type>rectangle</type>
			<description>None</description>
			<possibleresult>
				<name>Small Car</name>
			</possibleresult>
			<points>
				<point>649.000000,182.000000</point>
				<point>645.000000,185.000000</point>
				<point>637.000000,174.000000</point>
				<point>642.000000,172.000000</point>
				<point>649.000000,182.000000</point>
			</points>
		</object>
		<object>
			<coordinate>pixel</coordinate>
			<type>rectangle</type>
			<description>None</description>
			<possibleresult>
				<name>Van</name>
			</possibleresult>
			<points>
				<point>657.000000,179.000000</point>
				<point>653.000000,182.000000</point>
				<point>645.000000,172.000000</point>
				<point>650.000000,168.000000</point>
				<point>657.000000,179.000000</point>
			</points>
		</object>
		<object>
			<coordinate>pixel</coordinate>
			<type>rectangle</type>
			<description>None</description>
			<possibleresult>
				<name>Cargo Truck</name>
			</possibleresult>
			<points>
				<point>667.000000,153.000000</point>
				<point>650.000000,160.000000</point>
				<point>648.000000,155.000000</point>
				<point>664.000000,147.000000</point>
				<point>667.000000,153.000000</point>
			</points>
		</object>
		<object>
			<coordinate>pixel</coordinate>
			<type>rectangle</type>
			<description>None</description>
			<possibleresult>
				<name>Small Car</name>
			</possibleresult>
			<points>
				<point>667.000000,174.000000</point>
				<point>662.000000,178.000000</point>
				<point>654.000000,167.000000</point>
				<point>658.000000,164.000000</point>
				<point>667.000000,174.000000</point>
			</points>
		</object>
		<object>
			<coordinate>pixel</coordinate>
			<type>rectangle</type>
			<description>None</description>
			<possibleresult>
				<name>Small Car</name>
			</possibleresult>
			<points>
				<point>676.000000,171.000000</point>
				<point>671.000000,175.000000</point>
				<point>664.000000,164.000000</point>
				<point>669.000000,160.000000</point>
				<point>676.000000,171.000000</point>
			</points>
		</object>
		<object>
			<coordinate>pixel</coordinate>
			<type>rectangle</type>
			<description>None</description>
			<possibleresult>
				<name>Small Car</name>
			</possibleresult>
			<points>
				<point>667.000000,211.000000</point>
				<point>662.000000,214.000000</point>
				<point>655.000000,201.000000</point>
				<point>659.000000,199.000000</point>
				<point>667.000000,211.000000</point>
			</points>
		</object>
		<object>
			<coordinate>pixel</coordinate>
			<type>rectangle</type>
			<description>None</description>
			<possibleresult>
				<name>Small Car</name>
			</possibleresult>
			<points>
				<point>685.000000,202.000000</point>
				<point>680.000000,205.000000</point>
				<point>673.000000,192.000000</point>
				<point>678.000000,189.000000</point>
				<point>685.000000,202.000000</point>
			</points>
		</object>
		<object>
			<coordinate>pixel</coordinate>
			<type>rectangle</type>
			<description>None</description>
			<possibleresult>
				<name>Small Car</name>
			</possibleresult>
			<points>
				<point>702.000000,195.000000</point>
				<point>697.000000,198.000000</point>
				<point>688.000000,184.000000</point>
				<point>693.000000,181.000000</point>
				<point>702.000000,195.000000</point>
			</points>
		</object>
		<object>
			<coordinate>pixel</coordinate>
			<type>rectangle</type>
			<description>None</description>
			<possibleresult>
				<name>Small Car</name>
			</possibleresult>
			<points>
				<point>686.000000,169.000000</point>
				<point>681.000000,172.000000</point>
				<point>674.000000,160.000000</point>
				<point>679.000000,157.000000</point>
				<point>686.000000,169.000000</point>
			</points>
		</object>
		<object>
			<coordinate>pixel</coordinate>
			<type>rectangle</type>
			<description>None</description>
			<possibleresult>
				<name>Van</name>
			</possibleresult>
			<points>
				<point>695.000000,163.000000</point>
				<point>691.000000,165.000000</point>
				<point>685.000000,155.000000</point>
				<point>689.000000,153.000000</point>
				<point>695.000000,163.000000</point>
			</points>
		</object>
		<object>
			<coordinate>pixel</coordinate>
			<type>rectangle</type>
			<description>None</description>
			<possibleresult>
				<name>Van</name>
			</possibleresult>
			<points>
				<point>705.000000,162.000000</point>
				<point>700.000000,165.000000</point>
				<point>693.000000,152.000000</point>
				<point>697.000000,149.000000</point>
				<point>705.000000,162.000000</point>
			</points>
		</object>
		<object>
			<coordinate>pixel</coordinate>
			<type>rectangle</type>
			<description>None</description>
			<possibleresult>
				<name>Small Car</name>
			</possibleresult>
			<points>
				<point>727.000000,149.000000</point>
				<point>722.000000,152.000000</point>
				<point>714.000000,141.000000</point>
				<point>720.000000,137.000000</point>
				<point>727.000000,149.000000</point>
			</points>
		</object>
		<object>
			<coordinate>pixel</coordinate>
			<type>rectangle</type>
			<description>None</description>
			<possibleresult>
				<name>Small Car</name>
			</possibleresult>
			<points>
				<point>734.000000,143.000000</point>
				<point>729.000000,146.000000</point>
				<point>722.000000,135.000000</point>
				<point>727.000000,132.000000</point>
				<point>734.000000,143.000000</point>
			</points>
		</object>
		<object>
			<coordinate>pixel</coordinate>
			<type>rectangle</type>
			<description>None</description>
			<possibleresult>
				<name>Van</name>
			</possibleresult>
			<points>
				<point>750.000000,139.000000</point>
				<point>745.000000,142.000000</point>
				<point>738.000000,132.000000</point>
				<point>743.000000,128.000000</point>
				<point>750.000000,139.000000</point>
			</points>
		</object>
		<object>
			<coordinate>pixel</coordinate>
			<type>rectangle</type>
			<description>None</description>
			<possibleresult>
				<name>Van</name>
			</possibleresult>
			<points>
				<point>760.000000,136.000000</point>
				<point>755.000000,139.000000</point>
				<point>748.000000,128.000000</point>
				<point>753.000000,125.000000</point>
				<point>760.000000,136.000000</point>
			</points>
		</object>
		<object>
			<coordinate>pixel</coordinate>
			<type>rectangle</type>
			<description>None</description>
			<possibleresult>
				<name>Van</name>
			</possibleresult>
			<points>
				<point>767.000000,134.000000</point>
				<point>763.000000,137.000000</point>
				<point>755.000000,124.000000</point>
				<point>759.000000,121.000000</point>
				<point>767.000000,134.000000</point>
			</points>
		</object>
		<object>
			<coordinate>pixel</coordinate>
			<type>rectangle</type>
			<description>None</description>
			<possibleresult>
				<name>Small Car</name>
			</possibleresult>
			<points>
				<point>776.000000,129.000000</point>
				<point>771.000000,133.000000</point>
				<point>762.000000,120.000000</point>
				<point>767.000000,117.000000</point>
				<point>776.000000,129.000000</point>
			</points>
		</object>
		<object>
			<coordinate>pixel</coordinate>
			<type>rectangle</type>
			<description>None</description>
			<possibleresult>
				<name>Small Car</name>
			</possibleresult>
			<points>
				<point>783.000000,126.000000</point>
				<point>778.000000,129.000000</point>
				<point>771.000000,117.000000</point>
				<point>776.000000,114.000000</point>
				<point>783.000000,126.000000</point>
			</points>
		</object>
		<object>
			<coordinate>pixel</coordinate>
			<type>rectangle</type>
			<description>None</description>
			<possibleresult>
				<name>Van</name>
			</possibleresult>
			<points>
				<point>791.000000,121.000000</point>
				<point>785.000000,125.000000</point>
				<point>778.000000,113.000000</point>
				<point>784.000000,110.000000</point>
				<point>791.000000,121.000000</point>
			</points>
		</object>
		<object>
			<coordinate>pixel</coordinate>
			<type>rectangle</type>
			<description>None</description>
			<possibleresult>
				<name>Van</name>
			</possibleresult>
			<points>
				<point>798.000000,118.000000</point>
				<point>794.000000,121.000000</point>
				<point>787.000000,110.000000</point>
				<point>791.000000,107.000000</point>
				<point>798.000000,118.000000</point>
			</points>
		</object>
		<object>
			<coordinate>pixel</coordinate>
			<type>rectangle</type>
			<description>None</description>
			<possibleresult>
				<name>Van</name>
			</possibleresult>
			<points>
				<point>807.000000,115.000000</point>
				<point>802.000000,117.000000</point>
				<point>797.000000,108.000000</point>
				<point>801.000000,105.000000</point>
				<point>807.000000,115.000000</point>
			</points>
		</object>
		<object>
			<coordinate>pixel</coordinate>
			<type>rectangle</type>
			<description>None</description>
			<possibleresult>
				<name>Van</name>
			</possibleresult>
			<points>
				<point>815.000000,111.000000</point>
				<point>810.000000,114.000000</point>
				<point>804.000000,104.000000</point>
				<point>809.000000,101.000000</point>
				<point>815.000000,111.000000</point>
			</points>
		</object>
		<object>
			<coordinate>pixel</coordinate>
			<type>rectangle</type>
			<description>None</description>
			<possibleresult>
				<name>Van</name>
			</possibleresult>
			<points>
				<point>823.000000,107.000000</point>
				<point>818.000000,110.000000</point>
				<point>813.000000,101.000000</point>
				<point>817.000000,98.000000</point>
				<point>823.000000,107.000000</point>
			</points>
		</object>
		<object>
			<coordinate>pixel</coordinate>
			<type>rectangle</type>
			<description>None</description>
			<possibleresult>
				<name>Van</name>
			</possibleresult>
			<points>
				<point>829.000000,104.000000</point>
				<point>825.000000,107.000000</point>
				<point>819.000000,96.000000</point>
				<point>823.000000,94.000000</point>
				<point>829.000000,104.000000</point>
			</points>
		</object>
		<object>
			<coordinate>pixel</coordinate>
			<type>rectangle</type>
			<description>None</description>
			<possibleresult>
				<name>Van</name>
			</possibleresult>
			<points>
				<point>840.000000,101.000000</point>
				<point>835.000000,104.000000</point>
				<point>828.000000,92.000000</point>
				<point>833.000000,89.000000</point>
				<point>840.000000,101.000000</point>
			</points>
		</object>
		<object>
			<coordinate>pixel</coordinate>
			<type>rectangle</type>
			<description>None</description>
			<possibleresult>
				<name>Van</name>
			</possibleresult>
			<points>
				<point>845.000000,98.000000</point>
				<point>841.000000,100.000000</point>
				<point>836.000000,89.000000</point>
				<point>839.000000,87.000000</point>
				<point>845.000000,98.000000</point>
			</points>
		</object>
		<object>
			<coordinate>pixel</coordinate>
			<type>rectangle</type>
			<description>None</description>
			<possibleresult>
				<name>Van</name>
			</possibleresult>
			<points>
				<point>854.000000,93.000000</point>
				<point>850.000000,96.000000</point>
				<point>844.000000,85.000000</point>
				<point>847.000000,83.000000</point>
				<point>854.000000,93.000000</point>
			</points>
		</object>
		<object>
			<coordinate>pixel</coordinate>
			<type>rectangle</type>
			<description>None</description>
			<possibleresult>
				<name>Van</name>
			</possibleresult>
			<points>
				<point>862.000000,89.000000</point>
				<point>859.000000,91.000000</point>
				<point>853.000000,81.000000</point>
				<point>856.000000,79.000000</point>
				<point>862.000000,89.000000</point>
			</points>
		</object>
		<object>
			<coordinate>pixel</coordinate>
			<type>rectangle</type>
			<description>None</description>
			<possibleresult>
				<name>Van</name>
			</possibleresult>
			<points>
				<point>869.000000,85.000000</point>
				<point>866.000000,87.000000</point>
				<point>860.000000,79.000000</point>
				<point>863.000000,77.000000</point>
				<point>869.000000,85.000000</point>
			</points>
		</object>
		<object>
			<coordinate>pixel</coordinate>
			<type>rectangle</type>
			<description>None</description>
			<possibleresult>
				<name>Van</name>
			</possibleresult>
			<points>
				<point>554.000000,189.000000</point>
				<point>544.000000,193.000000</point>
				<point>542.000000,188.000000</point>
				<point>552.000000,184.000000</point>
				<point>554.000000,189.000000</point>
			</points>
		</object>
		<object>
			<coordinate>pixel</coordinate>
			<type>rectangle</type>
			<description>None</description>
			<possibleresult>
				<name>Van</name>
			</possibleresult>
			<points>
				<point>470.000000,202.000000</point>
				<point>465.000000,205.000000</point>
				<point>457.000000,192.000000</point>
				<point>462.000000,190.000000</point>
				<point>470.000000,202.000000</point>
			</points>
		</object>
		<object>
			<coordinate>pixel</coordinate>
			<type>rectangle</type>
			<description>None</description>
			<possibleresult>
				<name>Van</name>
			</possibleresult>
			<points>
				<point>458.000000,209.000000</point>
				<point>453.000000,211.000000</point>
				<point>447.000000,199.000000</point>
				<point>452.000000,197.000000</point>
				<point>458.000000,209.000000</point>
			</points>
		</object>
		<object>
			<coordinate>pixel</coordinate>
			<type>rectangle</type>
			<description>None</description>
			<possibleresult>
				<name>Van</name>
			</possibleresult>
			<points>
				<point>447.000000,213.000000</point>
				<point>441.000000,217.000000</point>
				<point>434.000000,205.000000</point>
				<point>440.000000,201.000000</point>
				<point>447.000000,213.000000</point>
			</points>
		</object>
		<object>
			<coordinate>pixel</coordinate>
			<type>rectangle</type>
			<description>None</description>
			<possibleresult>
				<name>Van</name>
			</possibleresult>
			<points>
				<point>436.000000,218.000000</point>
				<point>431.000000,221.000000</point>
				<point>424.000000,209.000000</point>
				<point>429.000000,206.000000</point>
				<point>436.000000,218.000000</point>
			</points>
		</object>
		<object>
			<coordinate>pixel</coordinate>
			<type>rectangle</type>
			<description>None</description>
			<possibleresult>
				<name>Van</name>
			</possibleresult>
			<points>
				<point>426.000000,222.000000</point>
				<point>420.000000,225.000000</point>
				<point>413.000000,213.000000</point>
				<point>419.000000,210.000000</point>
				<point>426.000000,222.000000</point>
			</points>
		</object>
		<object>
			<coordinate>pixel</coordinate>
			<type>rectangle</type>
			<description>None</description>
			<possibleresult>
				<name>Van</name>
			</possibleresult>
			<points>
				<point>152.000000,140.000000</point>
				<point>137.000000,147.000000</point>
				<point>135.000000,143.000000</point>
				<point>150.000000,136.000000</point>
				<point>152.000000,140.000000</point>
			</points>
		</object>
		<object>
			<coordinate>pixel</coordinate>
			<type>rectangle</type>
			<description>None</description>
			<possibleresult>
				<name>Van</name>
			</possibleresult>
			<points>
				<point>174.000000,141.000000</point>
				<point>165.000000,145.000000</point>
				<point>162.000000,140.000000</point>
				<point>171.000000,135.000000</point>
				<point>174.000000,141.000000</point>
			</points>
		</object>
		<object>
			<coordinate>pixel</coordinate>
			<type>rectangle</type>
			<description>None</description>
			<possibleresult>
				<name>Van</name>
			</possibleresult>
			<points>
				<point>179.000000,167.000000</point>
				<point>170.000000,172.000000</point>
				<point>167.000000,168.000000</point>
				<point>177.000000,163.000000</point>
				<point>179.000000,167.000000</point>
			</points>
		</object>
		<object>
			<coordinate>pixel</coordinate>
			<type>rectangle</type>
			<description>None</description>
			<possibleresult>
				<name>Van</name>
			</possibleresult>
			<points>
				<point>193.000000,172.000000</point>
				<point>181.000000,177.000000</point>
				<point>178.000000,172.000000</point>
				<point>191.000000,167.000000</point>
				<point>193.000000,172.000000</point>
			</points>
		</object>
		<object>
			<coordinate>pixel</coordinate>
			<type>rectangle</type>
			<description>None</description>
			<possibleresult>
				<name>Dump Truck</name>
			</possibleresult>
			<points>
				<point>913.000000,29.000000</point>
				<point>872.000000,50.000000</point>
				<point>867.000000,41.000000</point>
				<point>909.000000,19.000000</point>
				<point>913.000000,29.000000</point>
			</points>
		</object>
		<object>
			<coordinate>pixel</coordinate>
			<type>rectangle</type>
			<description>None</description>
			<possibleresult>
				<name>Dump Truck</name>
			</possibleresult>
			<points>
				<point>291.000000,251.000000</point>
				<point>259.000000,264.000000</point>
				<point>256.000000,257.000000</point>
				<point>288.000000,244.000000</point>
				<point>291.000000,251.000000</point>
			</points>
		</object>
		<object>
			<coordinate>pixel</coordinate>
			<type>rectangle</type>
			<description>None</description>
			<possibleresult>
				<name>Dump Truck</name>
			</possibleresult>
			<points>
				<point>299.000000,262.000000</point>
				<point>268.000000,274.000000</point>
				<point>265.000000,267.000000</point>
				<point>297.000000,255.000000</point>
				<point>299.000000,262.000000</point>
			</points>
		</object>
	</objects>
</annotation>