<?xml version="1.0" encoding="utf-8"?>
<annotation>
	<source>
		<filename>6236.tif</filename>
		<origin>GF2/GF3</origin>
	</source>
	<research>
		<version>1.0</version>
		<provider>FAIR1M</provider>
		<author>Cyber</author>
		<pluginname>FAIR1M</pluginname>
		<pluginclass>object detection</pluginclass>
		<time>2021-07-21</time>
	</research>
	<size>
		<width>600</width>
		<height>800</height>
		<depth>3</depth>
	</size>
	<objects>
		<object>
			<coordinate>pixel</coordinate>
			<type>rectangle</type>
			<description>None</description>
			<possibleresult>
				<name>Boeing737</name>
			</possibleresult>
			<points>
				<point>32.000000,61.999992</point>
				<point>1.000000,22.000004</point>
				<point>40.094101,-8.297924</point>
				<point>71.094101,31.702065</point>
				<point>32.000000,61.999992</point>
			</points>
		</object>
		<object>
			<coordinate>pixel</coordinate>
			<type>rectangle</type>
			<description>None</description>
			<possibleresult>
				<name>Boeing737</name>
			</possibleresult>
			<points>
				<point>251.000000,59.000000</point>
				<point>213.000000,88.000000</point>
				<point>184.000000,54.000000</point>
				<point>223.000000,21.000000</point>
				<point>251.000000,59.000000</point>
			</points>
		</object>
	</objects>
</annotation>