<?xml version="1.0" encoding="utf-8"?>
<annotation>
	<source>
		<filename>6253.tif</filename>
		<origin>GF2/GF3</origin>
	</source>
	<research>
		<version>1.0</version>
		<provider>FAIR1M</provider>
		<author>Cyber</author>
		<pluginname>FAIR1M</pluginname>
		<pluginclass>object detection</pluginclass>
		<time>2021-07-21</time>
	</research>
	<size>
		<width>1000</width>
		<height>1000</height>
		<depth>3</depth>
	</size>
	<objects>
		<object>
			<coordinate>pixel</coordinate>
			<type>rectangle</type>
			<description>None</description>
			<possibleresult>
				<name>Engineering Ship</name>
			</possibleresult>
			<points>
				<point>528.000000,304.000000</point>
				<point>570.000000,237.000000</point>
				<point>543.000000,220.000000</point>
				<point>502.000000,287.000000</point>
				<point>528.000000,304.000000</point>
			</points>
		</object>
		<object>
			<coordinate>pixel</coordinate>
			<type>rectangle</type>
			<description>None</description>
			<possibleresult>
				<name>Tugboat</name>
			</possibleresult>
			<points>
				<point>393.000000,288.000000</point>
				<point>375.000000,325.000000</point>
				<point>384.000000,329.000000</point>
				<point>401.000000,295.000000</point>
				<point>393.000000,288.000000</point>
			</points>
		</object>
		<object>
			<coordinate>pixel</coordinate>
			<type>rectangle</type>
			<description>None</description>
			<possibleresult>
				<name>Dry Cargo Ship</name>
			</possibleresult>
			<points>
				<point>268.000000,427.000000</point>
				<point>215.000000,506.000000</point>
				<point>229.000000,518.000000</point>
				<point>282.000000,437.000000</point>
				<point>268.000000,427.000000</point>
			</points>
		</object>
		<object>
			<coordinate>pixel</coordinate>
			<type>rectangle</type>
			<description>None</description>
			<possibleresult>
				<name>Warship</name>
			</possibleresult>
			<points>
				<point>486.000000,474.000000</point>
				<point>394.000000,627.000000</point>
				<point>410.000000,637.000000</point>
				<point>502.000000,484.000000</point>
				<point>486.000000,474.000000</point>
			</points>
		</object>
		<object>
			<coordinate>pixel</coordinate>
			<type>rectangle</type>
			<description>None</description>
			<possibleresult>
				<name>Warship</name>
			</possibleresult>
			<points>
				<point>730.000000,479.000000</point>
				<point>641.000000,625.000000</point>
				<point>659.000000,635.000000</point>
				<point>747.000000,489.000000</point>
				<point>730.000000,479.000000</point>
			</points>
		</object>
		<object>
			<coordinate>pixel</coordinate>
			<type>rectangle</type>
			<description>None</description>
			<possibleresult>
				<name>Fishing Boat</name>
			</possibleresult>
			<points>
				<point>483.000000,359.000000</point>
				<point>449.000000,412.000000</point>
				<point>458.000000,419.000000</point>
				<point>495.000000,364.000000</point>
				<point>483.000000,359.000000</point>
			</points>
		</object>
		<object>
			<coordinate>pixel</coordinate>
			<type>rectangle</type>
			<description>None</description>
			<possibleresult>
				<name>Engineering Ship</name>
			</possibleresult>
			<points>
				<point>665.000000,268.000000</point>
				<point>623.000000,344.000000</point>
				<point>652.000000,361.000000</point>
				<point>697.000000,286.000000</point>
				<point>665.000000,268.000000</point>
			</points>
		</object>
		<object>
			<coordinate>pixel</coordinate>
			<type>rectangle</type>
			<description>None</description>
			<possibleresult>
				<name>Engineering Ship</name>
			</possibleresult>
			<points>
				<point>575.000000,429.000000</point>
				<point>532.000000,503.000000</point>
				<point>565.000000,520.000000</point>
				<point>605.000000,445.000000</point>
				<point>575.000000,429.000000</point>
			</points>
		</object>
		<object>
			<coordinate>pixel</coordinate>
			<type>rectangle</type>
			<description>None</description>
			<possibleresult>
				<name>Engineering Ship</name>
			</possibleresult>
			<points>
				<point>466.000000,595.000000</point>
				<point>427.000000,667.000000</point>
				<point>460.000000,685.000000</point>
				<point>499.000000,614.000000</point>
				<point>466.000000,595.000000</point>
			</points>
		</object>
		<object>
			<coordinate>pixel</coordinate>
			<type>rectangle</type>
			<description>None</description>
			<possibleresult>
				<name>Engineering Ship</name>
			</possibleresult>
			<points>
				<point>365.000000,337.000000</point>
				<point>396.000000,285.000000</point>
				<point>366.000000,266.000000</point>
				<point>335.000000,319.000000</point>
				<point>365.000000,337.000000</point>
			</points>
		</object>
	</objects>
</annotation>