<?xml version="1.0" encoding="utf-8"?>
<annotation>
	<source>
		<filename>6259.tif</filename>
		<origin>GF2/GF3</origin>
	</source>
	<research>
		<version>1.0</version>
		<provider>FAIR1M</provider>
		<author>Cyber</author>
		<pluginname>FAIR1M</pluginname>
		<pluginclass>object detection</pluginclass>
		<time>2021-07-21</time>
	</research>
	<size>
		<width>600</width>
		<height>800</height>
		<depth>3</depth>
	</size>
	<objects>
		<object>
			<coordinate>pixel</coordinate>
			<type>rectangle</type>
			<description>None</description>
			<possibleresult>
				<name>other-airplane</name>
			</possibleresult>
			<points>
				<point>97.000000,630.000000</point>
				<point>95.000000,654.000000</point>
				<point>71.000000,653.000000</point>
				<point>73.000000,629.000000</point>
				<point>97.000000,630.000000</point>
			</points>
		</object>
		<object>
			<coordinate>pixel</coordinate>
			<type>rectangle</type>
			<description>None</description>
			<possibleresult>
				<name>other-airplane</name>
			</possibleresult>
			<points>
				<point>85.000000,97.000000</point>
				<point>81.000000,121.000000</point>
				<point>59.000000,117.000000</point>
				<point>64.000000,94.000000</point>
				<point>85.000000,97.000000</point>
			</points>
		</object>
		<object>
			<coordinate>pixel</coordinate>
			<type>rectangle</type>
			<description>None</description>
			<possibleresult>
				<name>other-airplane</name>
			</possibleresult>
			<points>
				<point>204.000000,109.000000</point>
				<point>184.000000,130.000000</point>
				<point>164.000000,110.000000</point>
				<point>183.000000,89.000000</point>
				<point>204.000000,109.000000</point>
			</points>
		</object>
		<object>
			<coordinate>pixel</coordinate>
			<type>rectangle</type>
			<description>None</description>
			<possibleresult>
				<name>other-airplane</name>
			</possibleresult>
			<points>
				<point>206.000000,162.000000</point>
				<point>204.000000,180.000000</point>
				<point>184.000000,178.000000</point>
				<point>187.000000,159.000000</point>
				<point>206.000000,162.000000</point>
			</points>
		</object>
		<object>
			<coordinate>pixel</coordinate>
			<type>rectangle</type>
			<description>None</description>
			<possibleresult>
				<name>other-airplane</name>
			</possibleresult>
			<points>
				<point>201.000000,198.000000</point>
				<point>198.000000,213.000000</point>
				<point>181.000000,210.000000</point>
				<point>184.000000,195.000000</point>
				<point>201.000000,198.000000</point>
			</points>
		</object>
		<object>
			<coordinate>pixel</coordinate>
			<type>rectangle</type>
			<description>None</description>
			<possibleresult>
				<name>other-airplane</name>
			</possibleresult>
			<points>
				<point>79.000000,437.000000</point>
				<point>78.000000,451.000000</point>
				<point>62.000000,449.000000</point>
				<point>63.000000,435.000000</point>
				<point>79.000000,437.000000</point>
			</points>
		</object>
		<object>
			<coordinate>pixel</coordinate>
			<type>rectangle</type>
			<description>None</description>
			<possibleresult>
				<name>other-airplane</name>
			</possibleresult>
			<points>
				<point>100.000000,439.000000</point>
				<point>99.000000,454.000000</point>
				<point>81.000000,453.000000</point>
				<point>83.000000,438.000000</point>
				<point>100.000000,439.000000</point>
			</points>
		</object>
		<object>
			<coordinate>pixel</coordinate>
			<type>rectangle</type>
			<description>None</description>
			<possibleresult>
				<name>other-airplane</name>
			</possibleresult>
			<points>
				<point>120.000000,442.000000</point>
				<point>118.000000,456.000000</point>
				<point>101.000000,454.000000</point>
				<point>102.000000,440.000000</point>
				<point>120.000000,442.000000</point>
			</points>
		</object>
		<object>
			<coordinate>pixel</coordinate>
			<type>rectangle</type>
			<description>None</description>
			<possibleresult>
				<name>other-airplane</name>
			</possibleresult>
			<points>
				<point>132.000000,428.000000</point>
				<point>130.000000,443.000000</point>
				<point>112.000000,440.000000</point>
				<point>114.000000,426.000000</point>
				<point>132.000000,428.000000</point>
			</points>
		</object>
		<object>
			<coordinate>pixel</coordinate>
			<type>rectangle</type>
			<description>None</description>
			<possibleresult>
				<name>other-airplane</name>
			</possibleresult>
			<points>
				<point>160.000000,444.000000</point>
				<point>158.000000,459.000000</point>
				<point>140.000000,457.000000</point>
				<point>142.000000,442.000000</point>
				<point>160.000000,444.000000</point>
			</points>
		</object>
		<object>
			<coordinate>pixel</coordinate>
			<type>rectangle</type>
			<description>None</description>
			<possibleresult>
				<name>other-airplane</name>
			</possibleresult>
			<points>
				<point>172.000000,432.000000</point>
				<point>170.000000,449.000000</point>
				<point>151.000000,447.000000</point>
				<point>153.000000,430.000000</point>
				<point>172.000000,432.000000</point>
			</points>
		</object>
		<object>
			<coordinate>pixel</coordinate>
			<type>rectangle</type>
			<description>None</description>
			<possibleresult>
				<name>other-airplane</name>
			</possibleresult>
			<points>
				<point>15.159981,499.880066</point>
				<point>-2.000014,477.000061</point>
				<point>13.999985,465.000061</point>
				<point>31.159981,487.880066</point>
				<point>15.159981,499.880066</point>
			</points>
		</object>
		<object>
			<coordinate>pixel</coordinate>
			<type>rectangle</type>
			<description>None</description>
			<possibleresult>
				<name>other-airplane</name>
			</possibleresult>
			<points>
				<point>70.000000,491.000000</point>
				<point>48.000000,507.000000</point>
				<point>30.000000,482.000000</point>
				<point>52.000000,466.000000</point>
				<point>70.000000,491.000000</point>
			</points>
		</object>
		<object>
			<coordinate>pixel</coordinate>
			<type>rectangle</type>
			<description>None</description>
			<possibleresult>
				<name>other-airplane</name>
			</possibleresult>
			<points>
				<point>140.000000,499.000000</point>
				<point>119.000000,516.000000</point>
				<point>100.000000,492.000000</point>
				<point>120.000000,476.000000</point>
				<point>140.000000,499.000000</point>
			</points>
		</object>
		<object>
			<coordinate>pixel</coordinate>
			<type>rectangle</type>
			<description>None</description>
			<possibleresult>
				<name>other-airplane</name>
			</possibleresult>
			<points>
				<point>173.000000,503.000000</point>
				<point>156.000000,517.000000</point>
				<point>138.000000,495.000000</point>
				<point>156.000000,481.000000</point>
				<point>173.000000,503.000000</point>
			</points>
		</object>
		<object>
			<coordinate>pixel</coordinate>
			<type>rectangle</type>
			<description>None</description>
			<possibleresult>
				<name>other-airplane</name>
			</possibleresult>
			<points>
				<point>152.000000,541.000000</point>
				<point>138.000000,549.000000</point>
				<point>129.000000,535.000000</point>
				<point>143.000000,527.000000</point>
				<point>152.000000,541.000000</point>
			</points>
		</object>
		<object>
			<coordinate>pixel</coordinate>
			<type>rectangle</type>
			<description>None</description>
			<possibleresult>
				<name>other-airplane</name>
			</possibleresult>
			<points>
				<point>85.000000,549.000000</point>
				<point>74.000000,557.000000</point>
				<point>63.000000,543.000000</point>
				<point>74.000000,535.000000</point>
				<point>85.000000,549.000000</point>
			</points>
		</object>
		<object>
			<coordinate>pixel</coordinate>
			<type>rectangle</type>
			<description>None</description>
			<possibleresult>
				<name>other-airplane</name>
			</possibleresult>
			<points>
				<point>90.000000,556.000000</point>
				<point>77.000000,556.000000</point>
				<point>78.000000,538.000000</point>
				<point>90.000000,538.000000</point>
				<point>90.000000,556.000000</point>
			</points>
		</object>
		<object>
			<coordinate>pixel</coordinate>
			<type>rectangle</type>
			<description>None</description>
			<possibleresult>
				<name>other-airplane</name>
			</possibleresult>
			<points>
				<point>144.000000,566.000000</point>
				<point>143.000000,583.000000</point>
				<point>129.000000,581.000000</point>
				<point>130.000000,565.000000</point>
				<point>144.000000,566.000000</point>
			</points>
		</object>
		<object>
			<coordinate>pixel</coordinate>
			<type>rectangle</type>
			<description>None</description>
			<possibleresult>
				<name>other-airplane</name>
			</possibleresult>
			<points>
				<point>153.000000,566.000000</point>
				<point>140.000000,574.000000</point>
				<point>134.000000,564.000000</point>
				<point>147.000000,556.000000</point>
				<point>153.000000,566.000000</point>
			</points>
		</object>
		<object>
			<coordinate>pixel</coordinate>
			<type>rectangle</type>
			<description>None</description>
			<possibleresult>
				<name>other-airplane</name>
			</possibleresult>
			<points>
				<point>24.999998,597.000000</point>
				<point>-1.000000,595.000000</point>
				<point>0.770592,571.982300</point>
				<point>26.770590,573.982300</point>
				<point>24.999998,597.000000</point>
			</points>
		</object>
		<object>
			<coordinate>pixel</coordinate>
			<type>rectangle</type>
			<description>None</description>
			<possibleresult>
				<name>other-airplane</name>
			</possibleresult>
			<points>
				<point>50.000000,577.000000</point>
				<point>48.000000,598.000000</point>
				<point>26.000000,596.000000</point>
				<point>28.000000,575.000000</point>
				<point>50.000000,577.000000</point>
			</points>
		</object>
		<object>
			<coordinate>pixel</coordinate>
			<type>rectangle</type>
			<description>None</description>
			<possibleresult>
				<name>other-airplane</name>
			</possibleresult>
			<points>
				<point>76.000000,581.000000</point>
				<point>75.000000,601.000000</point>
				<point>52.000000,600.000000</point>
				<point>53.000000,579.000000</point>
				<point>76.000000,581.000000</point>
			</points>
		</object>
		<object>
			<coordinate>pixel</coordinate>
			<type>rectangle</type>
			<description>None</description>
			<possibleresult>
				<name>other-airplane</name>
			</possibleresult>
			<points>
				<point>312.000000,427.000000</point>
				<point>298.000000,438.000000</point>
				<point>286.000000,422.000000</point>
				<point>300.000000,411.000000</point>
				<point>312.000000,427.000000</point>
			</points>
		</object>
		<object>
			<coordinate>pixel</coordinate>
			<type>rectangle</type>
			<description>None</description>
			<possibleresult>
				<name>other-airplane</name>
			</possibleresult>
			<points>
				<point>342.000000,439.000000</point>
				<point>323.000000,444.000000</point>
				<point>318.000000,424.000000</point>
				<point>337.000000,419.000000</point>
				<point>342.000000,439.000000</point>
			</points>
		</object>
		<object>
			<coordinate>pixel</coordinate>
			<type>rectangle</type>
			<description>None</description>
			<possibleresult>
				<name>other-airplane</name>
			</possibleresult>
			<points>
				<point>346.000000,441.000000</point>
				<point>343.000000,462.000000</point>
				<point>317.000000,458.000000</point>
				<point>320.000000,438.000000</point>
				<point>346.000000,441.000000</point>
			</points>
		</object>
		<object>
			<coordinate>pixel</coordinate>
			<type>rectangle</type>
			<description>None</description>
			<possibleresult>
				<name>other-airplane</name>
			</possibleresult>
			<points>
				<point>342.000000,464.000000</point>
				<point>338.000000,486.000000</point>
				<point>314.000000,482.000000</point>
				<point>318.000000,460.000000</point>
				<point>342.000000,464.000000</point>
			</points>
		</object>
		<object>
			<coordinate>pixel</coordinate>
			<type>rectangle</type>
			<description>None</description>
			<possibleresult>
				<name>other-airplane</name>
			</possibleresult>
			<points>
				<point>341.000000,486.000000</point>
				<point>337.000000,509.000000</point>
				<point>315.000000,506.000000</point>
				<point>318.000000,483.000000</point>
				<point>341.000000,486.000000</point>
			</points>
		</object>
	</objects>
</annotation>