<?xml version="1.0" encoding="utf-8"?>
<annotation>
	<source>
		<filename>6306.tif</filename>
		<origin>GF2/GF3</origin>
	</source>
	<research>
		<version>1.0</version>
		<provider>FAIR1M</provider>
		<author>Cyber</author>
		<pluginname>FAIR1M</pluginname>
		<pluginclass>object detection</pluginclass>
		<time>2021-07-21</time>
	</research>
	<size>
		<width>1000</width>
		<height>1000</height>
		<depth>3</depth>
	</size>
	<objects>
		<object>
			<coordinate>pixel</coordinate>
			<type>rectangle</type>
			<description>None</description>
			<possibleresult>
				<name>Van</name>
			</possibleresult>
			<points>
				<point>401.000000,336.000000</point>
				<point>394.000000,337.000000</point>
				<point>392.000000,325.000000</point>
				<point>399.000000,324.000000</point>
				<point>401.000000,336.000000</point>
			</points>
		</object>
		<object>
			<coordinate>pixel</coordinate>
			<type>rectangle</type>
			<description>None</description>
			<possibleresult>
				<name>Van</name>
			</possibleresult>
			<points>
				<point>221.000000,873.000000</point>
				<point>213.000000,874.000000</point>
				<point>209.000000,858.000000</point>
				<point>218.000000,856.000000</point>
				<point>221.000000,873.000000</point>
			</points>
		</object>
		<object>
			<coordinate>pixel</coordinate>
			<type>rectangle</type>
			<description>None</description>
			<possibleresult>
				<name>Van</name>
			</possibleresult>
			<points>
				<point>208.000000,880.000000</point>
				<point>200.000000,881.000000</point>
				<point>198.000000,867.000000</point>
				<point>206.000000,866.000000</point>
				<point>208.000000,880.000000</point>
			</points>
		</object>
		<object>
			<coordinate>pixel</coordinate>
			<type>rectangle</type>
			<description>None</description>
			<possibleresult>
				<name>Van</name>
			</possibleresult>
			<points>
				<point>199.000000,752.000000</point>
				<point>177.000000,755.000000</point>
				<point>176.000000,748.000000</point>
				<point>198.000000,746.000000</point>
				<point>199.000000,752.000000</point>
			</points>
		</object>
		<object>
			<coordinate>pixel</coordinate>
			<type>rectangle</type>
			<description>None</description>
			<possibleresult>
				<name>Van</name>
			</possibleresult>
			<points>
				<point>40.000000,723.000000</point>
				<point>21.000000,726.000000</point>
				<point>20.000000,720.000000</point>
				<point>39.000000,717.000000</point>
				<point>40.000000,723.000000</point>
			</points>
		</object>
		<object>
			<coordinate>pixel</coordinate>
			<type>rectangle</type>
			<description>None</description>
			<possibleresult>
				<name>Van</name>
			</possibleresult>
			<points>
				<point>102.000000,585.000000</point>
				<point>93.000000,586.000000</point>
				<point>92.000000,572.000000</point>
				<point>100.000000,570.000000</point>
				<point>102.000000,585.000000</point>
			</points>
		</object>
		<object>
			<coordinate>pixel</coordinate>
			<type>rectangle</type>
			<description>None</description>
			<possibleresult>
				<name>Van</name>
			</possibleresult>
			<points>
				<point>324.000000,547.000000</point>
				<point>316.000000,548.000000</point>
				<point>314.000000,533.000000</point>
				<point>322.000000,532.000000</point>
				<point>324.000000,547.000000</point>
			</points>
		</object>
		<object>
			<coordinate>pixel</coordinate>
			<type>rectangle</type>
			<description>None</description>
			<possibleresult>
				<name>Van</name>
			</possibleresult>
			<points>
				<point>385.000000,47.000000</point>
				<point>366.000000,49.000000</point>
				<point>366.000000,43.000000</point>
				<point>385.000000,41.000000</point>
				<point>385.000000,47.000000</point>
			</points>
		</object>
		<object>
			<coordinate>pixel</coordinate>
			<type>rectangle</type>
			<description>None</description>
			<possibleresult>
				<name>Van</name>
			</possibleresult>
			<points>
				<point>443.000000,30.000000</point>
				<point>424.000000,34.000000</point>
				<point>422.000000,26.000000</point>
				<point>441.000000,23.000000</point>
				<point>443.000000,30.000000</point>
			</points>
		</object>
		<object>
			<coordinate>pixel</coordinate>
			<type>rectangle</type>
			<description>None</description>
			<possibleresult>
				<name>Van</name>
			</possibleresult>
			<points>
				<point>452.000000,37.000000</point>
				<point>430.000000,40.000000</point>
				<point>429.000000,34.000000</point>
				<point>451.000000,31.000000</point>
				<point>452.000000,37.000000</point>
			</points>
		</object>
		<object>
			<coordinate>pixel</coordinate>
			<type>rectangle</type>
			<description>None</description>
			<possibleresult>
				<name>Small Car</name>
			</possibleresult>
			<points>
				<point>412.000000,75.000000</point>
				<point>391.000000,74.000000</point>
				<point>391.000000,67.000000</point>
				<point>412.000000,68.000000</point>
				<point>412.000000,75.000000</point>
			</points>
		</object>
		<object>
			<coordinate>pixel</coordinate>
			<type>rectangle</type>
			<description>None</description>
			<possibleresult>
				<name>Small Car</name>
			</possibleresult>
			<points>
				<point>419.000000,78.000000</point>
				<point>418.000000,84.000000</point>
				<point>396.000000,83.000000</point>
				<point>397.000000,76.000000</point>
				<point>419.000000,78.000000</point>
			</points>
		</object>
		<object>
			<coordinate>pixel</coordinate>
			<type>rectangle</type>
			<description>None</description>
			<possibleresult>
				<name>Van</name>
			</possibleresult>
			<points>
				<point>434.000000,103.000000</point>
				<point>414.000000,102.000000</point>
				<point>415.000000,95.000000</point>
				<point>434.000000,96.000000</point>
				<point>434.000000,103.000000</point>
			</points>
		</object>
		<object>
			<coordinate>pixel</coordinate>
			<type>rectangle</type>
			<description>None</description>
			<possibleresult>
				<name>Small Car</name>
			</possibleresult>
			<points>
				<point>457.000000,131.000000</point>
				<point>433.000000,131.000000</point>
				<point>433.000000,124.000000</point>
				<point>457.000000,124.000000</point>
				<point>457.000000,131.000000</point>
			</points>
		</object>
		<object>
			<coordinate>pixel</coordinate>
			<type>rectangle</type>
			<description>None</description>
			<possibleresult>
				<name>Van</name>
			</possibleresult>
			<points>
				<point>470.000000,150.000000</point>
				<point>449.000000,150.000000</point>
				<point>449.000000,142.000000</point>
				<point>470.000000,143.000000</point>
				<point>470.000000,150.000000</point>
			</points>
		</object>
		<object>
			<coordinate>pixel</coordinate>
			<type>rectangle</type>
			<description>None</description>
			<possibleresult>
				<name>Van</name>
			</possibleresult>
			<points>
				<point>478.000000,159.000000</point>
				<point>457.000000,159.000000</point>
				<point>457.000000,151.000000</point>
				<point>478.000000,151.000000</point>
				<point>478.000000,159.000000</point>
			</points>
		</object>
		<object>
			<coordinate>pixel</coordinate>
			<type>rectangle</type>
			<description>None</description>
			<possibleresult>
				<name>Van</name>
			</possibleresult>
			<points>
				<point>491.000000,176.000000</point>
				<point>470.000000,176.000000</point>
				<point>470.000000,169.000000</point>
				<point>491.000000,170.000000</point>
				<point>491.000000,176.000000</point>
			</points>
		</object>
		<object>
			<coordinate>pixel</coordinate>
			<type>rectangle</type>
			<description>None</description>
			<possibleresult>
				<name>Van</name>
			</possibleresult>
			<points>
				<point>499.000000,185.000000</point>
				<point>475.000000,186.000000</point>
				<point>475.000000,178.000000</point>
				<point>498.000000,177.000000</point>
				<point>499.000000,185.000000</point>
			</points>
		</object>
		<object>
			<coordinate>pixel</coordinate>
			<type>rectangle</type>
			<description>None</description>
			<possibleresult>
				<name>Small Car</name>
			</possibleresult>
			<points>
				<point>509.000000,198.000000</point>
				<point>508.000000,205.000000</point>
				<point>485.000000,202.000000</point>
				<point>486.000000,195.000000</point>
				<point>509.000000,198.000000</point>
			</points>
		</object>
		<object>
			<coordinate>pixel</coordinate>
			<type>rectangle</type>
			<description>None</description>
			<possibleresult>
				<name>Van</name>
			</possibleresult>
			<points>
				<point>461.000000,12.000000</point>
				<point>446.000000,21.000000</point>
				<point>442.000000,15.000000</point>
				<point>457.000000,6.000000</point>
				<point>461.000000,12.000000</point>
			</points>
		</object>
		<object>
			<coordinate>pixel</coordinate>
			<type>rectangle</type>
			<description>None</description>
			<possibleresult>
				<name>Van</name>
			</possibleresult>
			<points>
				<point>455.000000,5.000000</point>
				<point>438.000000,14.000000</point>
				<point>435.000000,9.000000</point>
				<point>452.000000,0.000000</point>
				<point>455.000000,5.000000</point>
			</points>
		</object>
		<object>
			<coordinate>pixel</coordinate>
			<type>rectangle</type>
			<description>None</description>
			<possibleresult>
				<name>Small Car</name>
			</possibleresult>
			<points>
				<point>556.000000,7.000000</point>
				<point>541.000000,16.000000</point>
				<point>538.000000,11.000000</point>
				<point>552.000000,1.000000</point>
				<point>556.000000,7.000000</point>
			</points>
		</object>
		<object>
			<coordinate>pixel</coordinate>
			<type>rectangle</type>
			<description>None</description>
			<possibleresult>
				<name>Van</name>
			</possibleresult>
			<points>
				<point>555.000000,42.000000</point>
				<point>539.000000,51.000000</point>
				<point>535.000000,43.000000</point>
				<point>551.000000,35.000000</point>
				<point>555.000000,42.000000</point>
			</points>
		</object>
		<object>
			<coordinate>pixel</coordinate>
			<type>rectangle</type>
			<description>None</description>
			<possibleresult>
				<name>Small Car</name>
			</possibleresult>
			<points>
				<point>573.000000,31.000000</point>
				<point>561.000000,39.000000</point>
				<point>557.000000,34.000000</point>
				<point>570.000000,25.000000</point>
				<point>573.000000,31.000000</point>
			</points>
		</object>
		<object>
			<coordinate>pixel</coordinate>
			<type>rectangle</type>
			<description>None</description>
			<possibleresult>
				<name>Van</name>
			</possibleresult>
			<points>
				<point>589.000000,46.000000</point>
				<point>572.000000,55.000000</point>
				<point>569.000000,49.000000</point>
				<point>585.000000,39.000000</point>
				<point>589.000000,46.000000</point>
			</points>
		</object>
		<object>
			<coordinate>pixel</coordinate>
			<type>rectangle</type>
			<description>None</description>
			<possibleresult>
				<name>Van</name>
			</possibleresult>
			<points>
				<point>567.000000,57.000000</point>
				<point>551.000000,66.000000</point>
				<point>548.000000,60.000000</point>
				<point>563.000000,51.000000</point>
				<point>567.000000,57.000000</point>
			</points>
		</object>
		<object>
			<coordinate>pixel</coordinate>
			<type>rectangle</type>
			<description>None</description>
			<possibleresult>
				<name>Van</name>
			</possibleresult>
			<points>
				<point>581.000000,75.000000</point>
				<point>565.000000,83.000000</point>
				<point>561.000000,75.000000</point>
				<point>577.000000,66.000000</point>
				<point>581.000000,75.000000</point>
			</points>
		</object>
		<object>
			<coordinate>pixel</coordinate>
			<type>rectangle</type>
			<description>None</description>
			<possibleresult>
				<name>Small Car</name>
			</possibleresult>
			<points>
				<point>470.000000,61.000000</point>
				<point>449.000000,67.000000</point>
				<point>447.000000,59.000000</point>
				<point>468.000000,53.000000</point>
				<point>470.000000,61.000000</point>
			</points>
		</object>
		<object>
			<coordinate>pixel</coordinate>
			<type>rectangle</type>
			<description>None</description>
			<possibleresult>
				<name>Van</name>
			</possibleresult>
			<points>
				<point>641.000000,30.000000</point>
				<point>624.000000,39.000000</point>
				<point>621.000000,32.000000</point>
				<point>637.000000,23.000000</point>
				<point>641.000000,30.000000</point>
			</points>
		</object>
		<object>
			<coordinate>pixel</coordinate>
			<type>rectangle</type>
			<description>None</description>
			<possibleresult>
				<name>Van</name>
			</possibleresult>
			<points>
				<point>670.000000,27.000000</point>
				<point>653.000000,37.000000</point>
				<point>649.000000,30.000000</point>
				<point>666.000000,20.000000</point>
				<point>670.000000,27.000000</point>
			</points>
		</object>
		<object>
			<coordinate>pixel</coordinate>
			<type>rectangle</type>
			<description>None</description>
			<possibleresult>
				<name>Small Car</name>
			</possibleresult>
			<points>
				<point>691.000000,69.000000</point>
				<point>685.000000,74.000000</point>
				<point>671.000000,61.000000</point>
				<point>677.000000,55.000000</point>
				<point>691.000000,69.000000</point>
			</points>
		</object>
		<object>
			<coordinate>pixel</coordinate>
			<type>rectangle</type>
			<description>None</description>
			<possibleresult>
				<name>Small Car</name>
			</possibleresult>
			<points>
				<point>633.000000,99.000000</point>
				<point>627.000000,104.000000</point>
				<point>617.000000,92.000000</point>
				<point>622.000000,88.000000</point>
				<point>633.000000,99.000000</point>
			</points>
		</object>
		<object>
			<coordinate>pixel</coordinate>
			<type>rectangle</type>
			<description>None</description>
			<possibleresult>
				<name>Small Car</name>
			</possibleresult>
			<points>
				<point>624.000000,105.000000</point>
				<point>619.000000,111.000000</point>
				<point>606.000000,98.000000</point>
				<point>611.000000,92.000000</point>
				<point>624.000000,105.000000</point>
			</points>
		</object>
		<object>
			<coordinate>pixel</coordinate>
			<type>rectangle</type>
			<description>None</description>
			<possibleresult>
				<name>Van</name>
			</possibleresult>
			<points>
				<point>596.000000,119.000000</point>
				<point>591.000000,125.000000</point>
				<point>577.000000,112.000000</point>
				<point>583.000000,106.000000</point>
				<point>596.000000,119.000000</point>
			</points>
		</object>
		<object>
			<coordinate>pixel</coordinate>
			<type>rectangle</type>
			<description>None</description>
			<possibleresult>
				<name>Small Car</name>
			</possibleresult>
			<points>
				<point>587.000000,126.000000</point>
				<point>581.000000,131.000000</point>
				<point>567.000000,117.000000</point>
				<point>572.000000,112.000000</point>
				<point>587.000000,126.000000</point>
			</points>
		</object>
		<object>
			<coordinate>pixel</coordinate>
			<type>rectangle</type>
			<description>None</description>
			<possibleresult>
				<name>Van</name>
			</possibleresult>
			<points>
				<point>541.000000,152.000000</point>
				<point>534.000000,159.000000</point>
				<point>521.000000,144.000000</point>
				<point>528.000000,138.000000</point>
				<point>541.000000,152.000000</point>
			</points>
		</object>
		<object>
			<coordinate>pixel</coordinate>
			<type>rectangle</type>
			<description>None</description>
			<possibleresult>
				<name>Dump Truck</name>
			</possibleresult>
			<points>
				<point>531.000000,159.000000</point>
				<point>525.000000,164.000000</point>
				<point>512.000000,149.000000</point>
				<point>517.000000,144.000000</point>
				<point>531.000000,159.000000</point>
			</points>
		</object>
		<object>
			<coordinate>pixel</coordinate>
			<type>rectangle</type>
			<description>None</description>
			<possibleresult>
				<name>Van</name>
			</possibleresult>
			<points>
				<point>555.000000,199.000000</point>
				<point>550.000000,204.000000</point>
				<point>537.000000,190.000000</point>
				<point>543.000000,185.000000</point>
				<point>555.000000,199.000000</point>
			</points>
		</object>
		<object>
			<coordinate>pixel</coordinate>
			<type>rectangle</type>
			<description>None</description>
			<possibleresult>
				<name>Small Car</name>
			</possibleresult>
			<points>
				<point>574.000000,187.000000</point>
				<point>569.000000,192.000000</point>
				<point>556.000000,178.000000</point>
				<point>561.000000,174.000000</point>
				<point>574.000000,187.000000</point>
			</points>
		</object>
		<object>
			<coordinate>pixel</coordinate>
			<type>rectangle</type>
			<description>None</description>
			<possibleresult>
				<name>Dump Truck</name>
			</possibleresult>
			<points>
				<point>585.000000,182.000000</point>
				<point>579.000000,188.000000</point>
				<point>563.000000,172.000000</point>
				<point>569.000000,166.000000</point>
				<point>585.000000,182.000000</point>
			</points>
		</object>
		<object>
			<coordinate>pixel</coordinate>
			<type>rectangle</type>
			<description>None</description>
			<possibleresult>
				<name>Van</name>
			</possibleresult>
			<points>
				<point>703.000000,140.000000</point>
				<point>696.000000,146.000000</point>
				<point>684.000000,133.000000</point>
				<point>691.000000,127.000000</point>
				<point>703.000000,140.000000</point>
			</points>
		</object>
		<object>
			<coordinate>pixel</coordinate>
			<type>rectangle</type>
			<description>None</description>
			<possibleresult>
				<name>Van</name>
			</possibleresult>
			<points>
				<point>742.000000,119.000000</point>
				<point>735.000000,124.000000</point>
				<point>725.000000,111.000000</point>
				<point>732.000000,106.000000</point>
				<point>742.000000,119.000000</point>
			</points>
		</object>
		<object>
			<coordinate>pixel</coordinate>
			<type>rectangle</type>
			<description>None</description>
			<possibleresult>
				<name>Van</name>
			</possibleresult>
			<points>
				<point>739.000000,88.000000</point>
				<point>732.000000,93.000000</point>
				<point>722.000000,80.000000</point>
				<point>729.000000,74.000000</point>
				<point>739.000000,88.000000</point>
			</points>
		</object>
		<object>
			<coordinate>pixel</coordinate>
			<type>rectangle</type>
			<description>None</description>
			<possibleresult>
				<name>Van</name>
			</possibleresult>
			<points>
				<point>759.000000,146.000000</point>
				<point>737.000000,146.000000</point>
				<point>738.000000,138.000000</point>
				<point>759.000000,139.000000</point>
				<point>759.000000,146.000000</point>
			</points>
		</object>
		<object>
			<coordinate>pixel</coordinate>
			<type>rectangle</type>
			<description>None</description>
			<possibleresult>
				<name>Small Car</name>
			</possibleresult>
			<points>
				<point>775.000000,170.000000</point>
				<point>755.000000,177.000000</point>
				<point>753.000000,171.000000</point>
				<point>773.000000,164.000000</point>
				<point>775.000000,170.000000</point>
			</points>
		</object>
		<object>
			<coordinate>pixel</coordinate>
			<type>rectangle</type>
			<description>None</description>
			<possibleresult>
				<name>Small Car</name>
			</possibleresult>
			<points>
				<point>571.000000,310.000000</point>
				<point>558.000000,325.000000</point>
				<point>552.000000,320.000000</point>
				<point>565.000000,304.000000</point>
				<point>571.000000,310.000000</point>
			</points>
		</object>
		<object>
			<coordinate>pixel</coordinate>
			<type>rectangle</type>
			<description>None</description>
			<possibleresult>
				<name>Van</name>
			</possibleresult>
			<points>
				<point>695.000000,296.000000</point>
				<point>690.000000,301.000000</point>
				<point>678.000000,289.000000</point>
				<point>683.000000,284.000000</point>
				<point>695.000000,296.000000</point>
			</points>
		</object>
		<object>
			<coordinate>pixel</coordinate>
			<type>rectangle</type>
			<description>None</description>
			<possibleresult>
				<name>Van</name>
			</possibleresult>
			<points>
				<point>749.000000,273.000000</point>
				<point>741.000000,279.000000</point>
				<point>728.000000,263.000000</point>
				<point>736.000000,257.000000</point>
				<point>749.000000,273.000000</point>
			</points>
		</object>
		<object>
			<coordinate>pixel</coordinate>
			<type>rectangle</type>
			<description>None</description>
			<possibleresult>
				<name>Van</name>
			</possibleresult>
			<points>
				<point>756.000000,265.000000</point>
				<point>750.000000,270.000000</point>
				<point>739.000000,257.000000</point>
				<point>744.000000,252.000000</point>
				<point>756.000000,265.000000</point>
			</points>
		</object>
		<object>
			<coordinate>pixel</coordinate>
			<type>rectangle</type>
			<description>None</description>
			<possibleresult>
				<name>Small Car</name>
			</possibleresult>
			<points>
				<point>809.000000,241.000000</point>
				<point>802.000000,247.000000</point>
				<point>789.000000,231.000000</point>
				<point>796.000000,226.000000</point>
				<point>809.000000,241.000000</point>
			</points>
		</object>
		<object>
			<coordinate>pixel</coordinate>
			<type>rectangle</type>
			<description>None</description>
			<possibleresult>
				<name>Van</name>
			</possibleresult>
			<points>
				<point>857.000000,270.000000</point>
				<point>851.000000,276.000000</point>
				<point>839.000000,263.000000</point>
				<point>844.000000,257.000000</point>
				<point>857.000000,270.000000</point>
			</points>
		</object>
		<object>
			<coordinate>pixel</coordinate>
			<type>rectangle</type>
			<description>None</description>
			<possibleresult>
				<name>Van</name>
			</possibleresult>
			<points>
				<point>836.000000,281.000000</point>
				<point>831.000000,287.000000</point>
				<point>818.000000,274.000000</point>
				<point>824.000000,269.000000</point>
				<point>836.000000,281.000000</point>
			</points>
		</object>
		<object>
			<coordinate>pixel</coordinate>
			<type>rectangle</type>
			<description>None</description>
			<possibleresult>
				<name>Van</name>
			</possibleresult>
			<points>
				<point>825.000000,287.000000</point>
				<point>820.000000,291.000000</point>
				<point>808.000000,277.000000</point>
				<point>813.000000,273.000000</point>
				<point>825.000000,287.000000</point>
			</points>
		</object>
		<object>
			<coordinate>pixel</coordinate>
			<type>rectangle</type>
			<description>None</description>
			<possibleresult>
				<name>Small Car</name>
			</possibleresult>
			<points>
				<point>881.000000,355.000000</point>
				<point>875.000000,361.000000</point>
				<point>862.000000,347.000000</point>
				<point>867.000000,342.000000</point>
				<point>881.000000,355.000000</point>
			</points>
		</object>
		<object>
			<coordinate>pixel</coordinate>
			<type>rectangle</type>
			<description>None</description>
			<possibleresult>
				<name>Small Car</name>
			</possibleresult>
			<points>
				<point>818.000000,383.000000</point>
				<point>811.000000,390.000000</point>
				<point>800.000000,378.000000</point>
				<point>806.000000,371.000000</point>
				<point>818.000000,383.000000</point>
			</points>
		</object>
		<object>
			<coordinate>pixel</coordinate>
			<type>rectangle</type>
			<description>None</description>
			<possibleresult>
				<name>Small Car</name>
			</possibleresult>
			<points>
				<point>774.000000,386.000000</point>
				<point>768.000000,391.000000</point>
				<point>755.000000,378.000000</point>
				<point>761.000000,372.000000</point>
				<point>774.000000,386.000000</point>
			</points>
		</object>
		<object>
			<coordinate>pixel</coordinate>
			<type>rectangle</type>
			<description>None</description>
			<possibleresult>
				<name>Van</name>
			</possibleresult>
			<points>
				<point>766.000000,410.000000</point>
				<point>760.000000,416.000000</point>
				<point>748.000000,403.000000</point>
				<point>753.000000,397.000000</point>
				<point>766.000000,410.000000</point>
			</points>
		</object>
		<object>
			<coordinate>pixel</coordinate>
			<type>rectangle</type>
			<description>None</description>
			<possibleresult>
				<name>Dump Truck</name>
			</possibleresult>
			<points>
				<point>761.000000,417.000000</point>
				<point>754.000000,425.000000</point>
				<point>736.000000,407.000000</point>
				<point>743.000000,400.000000</point>
				<point>761.000000,417.000000</point>
			</points>
		</object>
		<object>
			<coordinate>pixel</coordinate>
			<type>rectangle</type>
			<description>None</description>
			<possibleresult>
				<name>Small Car</name>
			</possibleresult>
			<points>
				<point>730.000000,436.000000</point>
				<point>724.000000,441.000000</point>
				<point>711.000000,426.000000</point>
				<point>716.000000,421.000000</point>
				<point>730.000000,436.000000</point>
			</points>
		</object>
		<object>
			<coordinate>pixel</coordinate>
			<type>rectangle</type>
			<description>None</description>
			<possibleresult>
				<name>Van</name>
			</possibleresult>
			<points>
				<point>795.000000,450.000000</point>
				<point>787.000000,456.000000</point>
				<point>776.000000,443.000000</point>
				<point>783.000000,436.000000</point>
				<point>795.000000,450.000000</point>
			</points>
		</object>
		<object>
			<coordinate>pixel</coordinate>
			<type>rectangle</type>
			<description>None</description>
			<possibleresult>
				<name>Small Car</name>
			</possibleresult>
			<points>
				<point>787.000000,457.000000</point>
				<point>780.000000,462.000000</point>
				<point>766.000000,445.000000</point>
				<point>772.000000,440.000000</point>
				<point>787.000000,457.000000</point>
			</points>
		</object>
		<object>
			<coordinate>pixel</coordinate>
			<type>rectangle</type>
			<description>None</description>
			<possibleresult>
				<name>Van</name>
			</possibleresult>
			<points>
				<point>776.000000,462.000000</point>
				<point>770.000000,468.000000</point>
				<point>757.000000,455.000000</point>
				<point>763.000000,449.000000</point>
				<point>776.000000,462.000000</point>
			</points>
		</object>
		<object>
			<coordinate>pixel</coordinate>
			<type>rectangle</type>
			<description>None</description>
			<possibleresult>
				<name>Van</name>
			</possibleresult>
			<points>
				<point>790.000000,478.000000</point>
				<point>784.000000,484.000000</point>
				<point>771.000000,470.000000</point>
				<point>777.000000,464.000000</point>
				<point>790.000000,478.000000</point>
			</points>
		</object>
		<object>
			<coordinate>pixel</coordinate>
			<type>rectangle</type>
			<description>None</description>
			<possibleresult>
				<name>Van</name>
			</possibleresult>
			<points>
				<point>755.000000,473.000000</point>
				<point>750.000000,479.000000</point>
				<point>736.000000,465.000000</point>
				<point>742.000000,459.000000</point>
				<point>755.000000,473.000000</point>
			</points>
		</object>
		<object>
			<coordinate>pixel</coordinate>
			<type>rectangle</type>
			<description>None</description>
			<possibleresult>
				<name>Van</name>
			</possibleresult>
			<points>
				<point>746.000000,477.000000</point>
				<point>740.000000,483.000000</point>
				<point>725.000000,467.000000</point>
				<point>731.000000,461.000000</point>
				<point>746.000000,477.000000</point>
			</points>
		</object>
		<object>
			<coordinate>pixel</coordinate>
			<type>rectangle</type>
			<description>None</description>
			<possibleresult>
				<name>Van</name>
			</possibleresult>
			<points>
				<point>758.000000,493.000000</point>
				<point>751.000000,498.000000</point>
				<point>741.000000,483.000000</point>
				<point>748.000000,479.000000</point>
				<point>758.000000,493.000000</point>
			</points>
		</object>
		<object>
			<coordinate>pixel</coordinate>
			<type>rectangle</type>
			<description>None</description>
			<possibleresult>
				<name>Small Car</name>
			</possibleresult>
			<points>
				<point>709.000000,497.000000</point>
				<point>696.000000,511.000000</point>
				<point>690.000000,506.000000</point>
				<point>704.000000,492.000000</point>
				<point>709.000000,497.000000</point>
			</points>
		</object>
		<object>
			<coordinate>pixel</coordinate>
			<type>rectangle</type>
			<description>None</description>
			<possibleresult>
				<name>Van</name>
			</possibleresult>
			<points>
				<point>703.000000,487.000000</point>
				<point>691.000000,501.000000</point>
				<point>685.000000,495.000000</point>
				<point>697.000000,482.000000</point>
				<point>703.000000,487.000000</point>
			</points>
		</object>
		<object>
			<coordinate>pixel</coordinate>
			<type>rectangle</type>
			<description>None</description>
			<possibleresult>
				<name>Van</name>
			</possibleresult>
			<points>
				<point>729.000000,523.000000</point>
				<point>716.000000,539.000000</point>
				<point>710.000000,534.000000</point>
				<point>723.000000,518.000000</point>
				<point>729.000000,523.000000</point>
			</points>
		</object>
		<object>
			<coordinate>pixel</coordinate>
			<type>rectangle</type>
			<description>None</description>
			<possibleresult>
				<name>Small Car</name>
			</possibleresult>
			<points>
				<point>802.000000,527.000000</point>
				<point>795.000000,533.000000</point>
				<point>782.000000,517.000000</point>
				<point>789.000000,510.000000</point>
				<point>802.000000,527.000000</point>
			</points>
		</object>
		<object>
			<coordinate>pixel</coordinate>
			<type>rectangle</type>
			<description>None</description>
			<possibleresult>
				<name>Van</name>
			</possibleresult>
			<points>
				<point>812.000000,521.000000</point>
				<point>805.000000,526.000000</point>
				<point>793.000000,512.000000</point>
				<point>800.000000,506.000000</point>
				<point>812.000000,521.000000</point>
			</points>
		</object>
		<object>
			<coordinate>pixel</coordinate>
			<type>rectangle</type>
			<description>None</description>
			<possibleresult>
				<name>Small Car</name>
			</possibleresult>
			<points>
				<point>832.000000,510.000000</point>
				<point>826.000000,514.000000</point>
				<point>814.000000,501.000000</point>
				<point>819.000000,496.000000</point>
				<point>832.000000,510.000000</point>
			</points>
		</object>
		<object>
			<coordinate>pixel</coordinate>
			<type>rectangle</type>
			<description>None</description>
			<possibleresult>
				<name>Small Car</name>
			</possibleresult>
			<points>
				<point>851.000000,499.000000</point>
				<point>844.000000,504.000000</point>
				<point>832.000000,490.000000</point>
				<point>838.000000,484.000000</point>
				<point>851.000000,499.000000</point>
			</points>
		</object>
		<object>
			<coordinate>pixel</coordinate>
			<type>rectangle</type>
			<description>None</description>
			<possibleresult>
				<name>Van</name>
			</possibleresult>
			<points>
				<point>872.000000,488.000000</point>
				<point>865.000000,493.000000</point>
				<point>854.000000,480.000000</point>
				<point>861.000000,475.000000</point>
				<point>872.000000,488.000000</point>
			</points>
		</object>
		<object>
			<coordinate>pixel</coordinate>
			<type>rectangle</type>
			<description>None</description>
			<possibleresult>
				<name>Small Car</name>
			</possibleresult>
			<points>
				<point>902.000000,471.000000</point>
				<point>897.000000,477.000000</point>
				<point>883.000000,464.000000</point>
				<point>889.000000,458.000000</point>
				<point>902.000000,471.000000</point>
			</points>
		</object>
		<object>
			<coordinate>pixel</coordinate>
			<type>rectangle</type>
			<description>None</description>
			<possibleresult>
				<name>Small Car</name>
			</possibleresult>
			<points>
				<point>922.000000,461.000000</point>
				<point>916.000000,467.000000</point>
				<point>902.000000,452.000000</point>
				<point>908.000000,447.000000</point>
				<point>922.000000,461.000000</point>
			</points>
		</object>
		<object>
			<coordinate>pixel</coordinate>
			<type>rectangle</type>
			<description>None</description>
			<possibleresult>
				<name>Small Car</name>
			</possibleresult>
			<points>
				<point>934.000000,457.000000</point>
				<point>927.000000,463.000000</point>
				<point>914.000000,450.000000</point>
				<point>921.000000,444.000000</point>
				<point>934.000000,457.000000</point>
			</points>
		</object>
		<object>
			<coordinate>pixel</coordinate>
			<type>rectangle</type>
			<description>None</description>
			<possibleresult>
				<name>Small Car</name>
			</possibleresult>
			<points>
				<point>944.000000,452.000000</point>
				<point>938.000000,458.000000</point>
				<point>924.000000,442.000000</point>
				<point>931.000000,436.000000</point>
				<point>944.000000,452.000000</point>
			</points>
		</object>
		<object>
			<coordinate>pixel</coordinate>
			<type>rectangle</type>
			<description>None</description>
			<possibleresult>
				<name>Small Car</name>
			</possibleresult>
			<points>
				<point>832.000000,456.000000</point>
				<point>825.000000,463.000000</point>
				<point>809.000000,447.000000</point>
				<point>816.000000,441.000000</point>
				<point>832.000000,456.000000</point>
			</points>
		</object>
		<object>
			<coordinate>pixel</coordinate>
			<type>rectangle</type>
			<description>None</description>
			<possibleresult>
				<name>Small Car</name>
			</possibleresult>
			<points>
				<point>849.000000,443.000000</point>
				<point>843.000000,449.000000</point>
				<point>832.000000,437.000000</point>
				<point>838.000000,431.000000</point>
				<point>849.000000,443.000000</point>
			</points>
		</object>
		<object>
			<coordinate>pixel</coordinate>
			<type>rectangle</type>
			<description>None</description>
			<possibleresult>
				<name>Small Car</name>
			</possibleresult>
			<points>
				<point>882.000000,429.000000</point>
				<point>876.000000,435.000000</point>
				<point>863.000000,422.000000</point>
				<point>869.000000,416.000000</point>
				<point>882.000000,429.000000</point>
			</points>
		</object>
		<object>
			<coordinate>pixel</coordinate>
			<type>rectangle</type>
			<description>None</description>
			<possibleresult>
				<name>Van</name>
			</possibleresult>
			<points>
				<point>901.000000,419.000000</point>
				<point>894.000000,425.000000</point>
				<point>882.000000,411.000000</point>
				<point>889.000000,405.000000</point>
				<point>901.000000,419.000000</point>
			</points>
		</object>
		<object>
			<coordinate>pixel</coordinate>
			<type>rectangle</type>
			<description>None</description>
			<possibleresult>
				<name>Van</name>
			</possibleresult>
			<points>
				<point>907.000000,413.000000</point>
				<point>901.000000,418.000000</point>
				<point>891.000000,406.000000</point>
				<point>897.000000,401.000000</point>
				<point>907.000000,413.000000</point>
			</points>
		</object>
		<object>
			<coordinate>pixel</coordinate>
			<type>rectangle</type>
			<description>None</description>
			<possibleresult>
				<name>Small Car</name>
			</possibleresult>
			<points>
				<point>919.000000,408.000000</point>
				<point>914.000000,414.000000</point>
				<point>900.000000,400.000000</point>
				<point>905.000000,395.000000</point>
				<point>919.000000,408.000000</point>
			</points>
		</object>
		<object>
			<coordinate>pixel</coordinate>
			<type>rectangle</type>
			<description>None</description>
			<possibleresult>
				<name>Small Car</name>
			</possibleresult>
			<points>
				<point>930.000000,403.000000</point>
				<point>925.000000,408.000000</point>
				<point>912.000000,394.000000</point>
				<point>918.000000,389.000000</point>
				<point>930.000000,403.000000</point>
			</points>
		</object>
		<object>
			<coordinate>pixel</coordinate>
			<type>rectangle</type>
			<description>None</description>
			<possibleresult>
				<name>Small Car</name>
			</possibleresult>
			<points>
				<point>917.000000,386.000000</point>
				<point>911.000000,391.000000</point>
				<point>900.000000,379.000000</point>
				<point>906.000000,374.000000</point>
				<point>917.000000,386.000000</point>
			</points>
		</object>
		<object>
			<coordinate>pixel</coordinate>
			<type>rectangle</type>
			<description>None</description>
			<possibleresult>
				<name>Small Car</name>
			</possibleresult>
			<points>
				<point>907.000000,394.000000</point>
				<point>901.000000,400.000000</point>
				<point>888.000000,386.000000</point>
				<point>894.000000,380.000000</point>
				<point>907.000000,394.000000</point>
			</points>
		</object>
		<object>
			<coordinate>pixel</coordinate>
			<type>rectangle</type>
			<description>None</description>
			<possibleresult>
				<name>Van</name>
			</possibleresult>
			<points>
				<point>886.000000,403.000000</point>
				<point>880.000000,408.000000</point>
				<point>868.000000,394.000000</point>
				<point>874.000000,389.000000</point>
				<point>886.000000,403.000000</point>
			</points>
		</object>
		<object>
			<coordinate>pixel</coordinate>
			<type>rectangle</type>
			<description>None</description>
			<possibleresult>
				<name>Van</name>
			</possibleresult>
			<points>
				<point>846.000000,424.000000</point>
				<point>840.000000,430.000000</point>
				<point>827.000000,417.000000</point>
				<point>833.000000,411.000000</point>
				<point>846.000000,424.000000</point>
			</points>
		</object>
		<object>
			<coordinate>pixel</coordinate>
			<type>rectangle</type>
			<description>None</description>
			<possibleresult>
				<name>Van</name>
			</possibleresult>
			<points>
				<point>969.000000,306.000000</point>
				<point>949.000000,313.000000</point>
				<point>946.000000,305.000000</point>
				<point>967.000000,299.000000</point>
				<point>969.000000,306.000000</point>
			</points>
		</object>
		<object>
			<coordinate>pixel</coordinate>
			<type>rectangle</type>
			<description>None</description>
			<possibleresult>
				<name>Van</name>
			</possibleresult>
			<points>
				<point>962.000000,296.000000</point>
				<point>944.000000,303.000000</point>
				<point>941.000000,296.000000</point>
				<point>959.000000,289.000000</point>
				<point>962.000000,296.000000</point>
			</points>
		</object>
		<object>
			<coordinate>pixel</coordinate>
			<type>rectangle</type>
			<description>None</description>
			<possibleresult>
				<name>Small Car</name>
			</possibleresult>
			<points>
				<point>917.000000,212.000000</point>
				<point>897.000000,219.000000</point>
				<point>894.000000,212.000000</point>
				<point>915.000000,205.000000</point>
				<point>917.000000,212.000000</point>
			</points>
		</object>
		<object>
			<coordinate>pixel</coordinate>
			<type>rectangle</type>
			<description>None</description>
			<possibleresult>
				<name>Van</name>
			</possibleresult>
			<points>
				<point>921.000000,188.000000</point>
				<point>915.000000,192.000000</point>
				<point>906.000000,178.000000</point>
				<point>913.000000,174.000000</point>
				<point>921.000000,188.000000</point>
			</points>
		</object>
		<object>
			<coordinate>pixel</coordinate>
			<type>rectangle</type>
			<description>None</description>
			<possibleresult>
				<name>Small Car</name>
			</possibleresult>
			<points>
				<point>949.000000,185.000000</point>
				<point>940.000000,189.000000</point>
				<point>932.000000,171.000000</point>
				<point>940.000000,166.000000</point>
				<point>949.000000,185.000000</point>
			</points>
		</object>
		<object>
			<coordinate>pixel</coordinate>
			<type>rectangle</type>
			<description>None</description>
			<possibleresult>
				<name>Van</name>
			</possibleresult>
			<points>
				<point>984.000000,175.000000</point>
				<point>975.000000,178.000000</point>
				<point>966.000000,158.000000</point>
				<point>975.000000,154.000000</point>
				<point>984.000000,175.000000</point>
			</points>
		</object>
		<object>
			<coordinate>pixel</coordinate>
			<type>rectangle</type>
			<description>None</description>
			<possibleresult>
				<name>Van</name>
			</possibleresult>
			<points>
				<point>887.000000,169.000000</point>
				<point>880.000000,172.000000</point>
				<point>872.000000,158.000000</point>
				<point>879.000000,154.000000</point>
				<point>887.000000,169.000000</point>
			</points>
		</object>
		<object>
			<coordinate>pixel</coordinate>
			<type>rectangle</type>
			<description>None</description>
			<possibleresult>
				<name>Van</name>
			</possibleresult>
			<points>
				<point>912.000000,161.000000</point>
				<point>904.000000,165.000000</point>
				<point>896.000000,150.000000</point>
				<point>903.000000,146.000000</point>
				<point>912.000000,161.000000</point>
			</points>
		</object>
		<object>
			<coordinate>pixel</coordinate>
			<type>rectangle</type>
			<description>None</description>
			<possibleresult>
				<name>Van</name>
			</possibleresult>
			<points>
				<point>922.000000,155.000000</point>
				<point>915.000000,160.000000</point>
				<point>904.000000,144.000000</point>
				<point>911.000000,139.000000</point>
				<point>922.000000,155.000000</point>
			</points>
		</object>
	</objects>
</annotation>