<?xml version="1.0" encoding="utf-8"?>
<annotation>
	<source>
		<filename>6311.tif</filename>
		<origin>GF2/GF3</origin>
	</source>
	<research>
		<version>1.0</version>
		<provider>FAIR1M</provider>
		<author>Cyber</author>
		<pluginname>FAIR1M</pluginname>
		<pluginclass>object detection</pluginclass>
		<time>2021-07-21</time>
	</research>
	<size>
		<width>1000</width>
		<height>1000</height>
		<depth>3</depth>
	</size>
	<objects>
		<object>
			<coordinate>pixel</coordinate>
			<type>rectangle</type>
			<description>None</description>
			<possibleresult>
				<name>Tennis Court</name>
			</possibleresult>
			<points>
				<point>554.000000,105.000000</point>
				<point>509.000000,176.000000</point>
				<point>470.000000,159.000000</point>
				<point>516.000000,86.000000</point>
				<point>554.000000,105.000000</point>
			</points>
		</object>
		<object>
			<coordinate>pixel</coordinate>
			<type>rectangle</type>
			<description>None</description>
			<possibleresult>
				<name>Small Car</name>
			</possibleresult>
			<points>
				<point>363.000000,250.000000</point>
				<point>360.000000,256.000000</point>
				<point>344.000000,249.000000</point>
				<point>345.000000,244.000000</point>
				<point>363.000000,250.000000</point>
			</points>
		</object>
		<object>
			<coordinate>pixel</coordinate>
			<type>rectangle</type>
			<description>None</description>
			<possibleresult>
				<name>Small Car</name>
			</possibleresult>
			<points>
				<point>306.000000,223.000000</point>
				<point>303.000000,230.000000</point>
				<point>284.000000,222.000000</point>
				<point>288.000000,215.000000</point>
				<point>306.000000,223.000000</point>
			</points>
		</object>
		<object>
			<coordinate>pixel</coordinate>
			<type>rectangle</type>
			<description>None</description>
			<possibleresult>
				<name>Small Car</name>
			</possibleresult>
			<points>
				<point>364.000000,194.000000</point>
				<point>360.000000,202.000000</point>
				<point>344.000000,195.000000</point>
				<point>348.000000,187.000000</point>
				<point>364.000000,194.000000</point>
			</points>
		</object>
		<object>
			<coordinate>pixel</coordinate>
			<type>rectangle</type>
			<description>None</description>
			<possibleresult>
				<name>Small Car</name>
			</possibleresult>
			<points>
				<point>345.000000,186.000000</point>
				<point>343.000000,192.000000</point>
				<point>324.000000,183.000000</point>
				<point>327.000000,177.000000</point>
				<point>345.000000,186.000000</point>
			</points>
		</object>
		<object>
			<coordinate>pixel</coordinate>
			<type>rectangle</type>
			<description>None</description>
			<possibleresult>
				<name>Van</name>
			</possibleresult>
			<points>
				<point>323.000000,175.000000</point>
				<point>321.000000,182.000000</point>
				<point>301.000000,174.000000</point>
				<point>304.000000,167.000000</point>
				<point>323.000000,175.000000</point>
			</points>
		</object>
		<object>
			<coordinate>pixel</coordinate>
			<type>rectangle</type>
			<description>None</description>
			<possibleresult>
				<name>Small Car</name>
			</possibleresult>
			<points>
				<point>299.000000,165.000000</point>
				<point>296.000000,172.000000</point>
				<point>278.000000,164.000000</point>
				<point>281.000000,157.000000</point>
				<point>299.000000,165.000000</point>
			</points>
		</object>
		<object>
			<coordinate>pixel</coordinate>
			<type>rectangle</type>
			<description>None</description>
			<possibleresult>
				<name>Small Car</name>
			</possibleresult>
			<points>
				<point>245.000000,140.000000</point>
				<point>241.000000,147.000000</point>
				<point>224.000000,138.000000</point>
				<point>228.000000,131.000000</point>
				<point>245.000000,140.000000</point>
			</points>
		</object>
		<object>
			<coordinate>pixel</coordinate>
			<type>rectangle</type>
			<description>None</description>
			<possibleresult>
				<name>Small Car</name>
			</possibleresult>
			<points>
				<point>260.000000,187.000000</point>
				<point>257.000000,193.000000</point>
				<point>239.000000,184.000000</point>
				<point>243.000000,178.000000</point>
				<point>260.000000,187.000000</point>
			</points>
		</object>
		<object>
			<coordinate>pixel</coordinate>
			<type>rectangle</type>
			<description>None</description>
			<possibleresult>
				<name>Van</name>
			</possibleresult>
			<points>
				<point>160.000000,269.000000</point>
				<point>156.000000,277.000000</point>
				<point>136.000000,268.000000</point>
				<point>140.000000,260.000000</point>
				<point>160.000000,269.000000</point>
			</points>
		</object>
		<object>
			<coordinate>pixel</coordinate>
			<type>rectangle</type>
			<description>None</description>
			<possibleresult>
				<name>Van</name>
			</possibleresult>
			<points>
				<point>86.000000,267.000000</point>
				<point>79.000000,283.000000</point>
				<point>72.000000,279.000000</point>
				<point>80.000000,264.000000</point>
				<point>86.000000,267.000000</point>
			</points>
		</object>
		<object>
			<coordinate>pixel</coordinate>
			<type>rectangle</type>
			<description>None</description>
			<possibleresult>
				<name>Small Car</name>
			</possibleresult>
			<points>
				<point>67.000000,261.000000</point>
				<point>61.000000,273.000000</point>
				<point>53.000000,270.000000</point>
				<point>59.000000,257.000000</point>
				<point>67.000000,261.000000</point>
			</points>
		</object>
		<object>
			<coordinate>pixel</coordinate>
			<type>rectangle</type>
			<description>None</description>
			<possibleresult>
				<name>Van</name>
			</possibleresult>
			<points>
				<point>109.000000,246.000000</point>
				<point>106.000000,254.000000</point>
				<point>87.000000,247.000000</point>
				<point>91.000000,238.000000</point>
				<point>109.000000,246.000000</point>
			</points>
		</object>
		<object>
			<coordinate>pixel</coordinate>
			<type>rectangle</type>
			<description>None</description>
			<possibleresult>
				<name>Van</name>
			</possibleresult>
			<points>
				<point>89.000000,238.000000</point>
				<point>86.000000,246.000000</point>
				<point>66.000000,237.000000</point>
				<point>70.000000,229.000000</point>
				<point>89.000000,238.000000</point>
			</points>
		</object>
		<object>
			<coordinate>pixel</coordinate>
			<type>rectangle</type>
			<description>None</description>
			<possibleresult>
				<name>Dump Truck</name>
			</possibleresult>
			<points>
				<point>29.000000,230.000000</point>
				<point>17.000000,249.000000</point>
				<point>11.000000,245.000000</point>
				<point>23.000000,226.000000</point>
				<point>29.000000,230.000000</point>
			</points>
		</object>
		<object>
			<coordinate>pixel</coordinate>
			<type>rectangle</type>
			<description>None</description>
			<possibleresult>
				<name>Small Car</name>
			</possibleresult>
			<points>
				<point>29.000000,187.000000</point>
				<point>21.000000,201.000000</point>
				<point>13.000000,196.000000</point>
				<point>21.000000,182.000000</point>
				<point>29.000000,187.000000</point>
			</points>
		</object>
		<object>
			<coordinate>pixel</coordinate>
			<type>rectangle</type>
			<description>None</description>
			<possibleresult>
				<name>Van</name>
			</possibleresult>
			<points>
				<point>36.000000,839.000000</point>
				<point>33.000000,846.000000</point>
				<point>14.000000,838.000000</point>
				<point>17.000000,831.000000</point>
				<point>36.000000,839.000000</point>
			</points>
		</object>
		<object>
			<coordinate>pixel</coordinate>
			<type>rectangle</type>
			<description>None</description>
			<possibleresult>
				<name>Small Car</name>
			</possibleresult>
			<points>
				<point>989.000000,907.000000</point>
				<point>985.000000,914.000000</point>
				<point>964.000000,903.000000</point>
				<point>968.000000,896.000000</point>
				<point>989.000000,907.000000</point>
			</points>
		</object>
		<object>
			<coordinate>pixel</coordinate>
			<type>rectangle</type>
			<description>None</description>
			<possibleresult>
				<name>Small Car</name>
			</possibleresult>
			<points>
				<point>938.000000,883.000000</point>
				<point>935.000000,891.000000</point>
				<point>914.000000,881.000000</point>
				<point>917.000000,873.000000</point>
				<point>938.000000,883.000000</point>
			</points>
		</object>
		<object>
			<coordinate>pixel</coordinate>
			<type>rectangle</type>
			<description>None</description>
			<possibleresult>
				<name>Small Car</name>
			</possibleresult>
			<points>
				<point>913.000000,874.000000</point>
				<point>910.000000,880.000000</point>
				<point>893.000000,870.000000</point>
				<point>896.000000,865.000000</point>
				<point>913.000000,874.000000</point>
			</points>
		</object>
		<object>
			<coordinate>pixel</coordinate>
			<type>rectangle</type>
			<description>None</description>
			<possibleresult>
				<name>Van</name>
			</possibleresult>
			<points>
				<point>984.000000,867.000000</point>
				<point>980.000000,874.000000</point>
				<point>962.000000,865.000000</point>
				<point>966.000000,858.000000</point>
				<point>984.000000,867.000000</point>
			</points>
		</object>
		<object>
			<coordinate>pixel</coordinate>
			<type>rectangle</type>
			<description>None</description>
			<possibleresult>
				<name>other-vehicle</name>
			</possibleresult>
			<points>
				<point>921.000000,865.000000</point>
				<point>917.000000,874.000000</point>
				<point>883.000000,858.000000</point>
				<point>888.000000,848.000000</point>
				<point>921.000000,865.000000</point>
			</points>
		</object>
		<object>
			<coordinate>pixel</coordinate>
			<type>rectangle</type>
			<description>None</description>
			<possibleresult>
				<name>Cargo Truck</name>
			</possibleresult>
			<points>
				<point>934.000000,852.000000</point>
				<point>928.000000,865.000000</point>
				<point>889.000000,846.000000</point>
				<point>895.000000,833.000000</point>
				<point>934.000000,852.000000</point>
			</points>
		</object>
		<object>
			<coordinate>pixel</coordinate>
			<type>rectangle</type>
			<description>None</description>
			<possibleresult>
				<name>Small Car</name>
			</possibleresult>
			<points>
				<point>945.000000,848.000000</point>
				<point>942.000000,855.000000</point>
				<point>919.000000,844.000000</point>
				<point>922.000000,837.000000</point>
				<point>945.000000,848.000000</point>
			</points>
		</object>
		<object>
			<coordinate>pixel</coordinate>
			<type>rectangle</type>
			<description>None</description>
			<possibleresult>
				<name>Van</name>
			</possibleresult>
			<points>
				<point>893.000000,825.000000</point>
				<point>888.000000,833.000000</point>
				<point>869.000000,823.000000</point>
				<point>874.000000,814.000000</point>
				<point>893.000000,825.000000</point>
			</points>
		</object>
		<object>
			<coordinate>pixel</coordinate>
			<type>rectangle</type>
			<description>None</description>
			<possibleresult>
				<name>Small Car</name>
			</possibleresult>
			<points>
				<point>843.000000,840.000000</point>
				<point>840.000000,846.000000</point>
				<point>824.000000,839.000000</point>
				<point>825.000000,833.000000</point>
				<point>843.000000,840.000000</point>
			</points>
		</object>
		<object>
			<coordinate>pixel</coordinate>
			<type>rectangle</type>
			<description>None</description>
			<possibleresult>
				<name>Dump Truck</name>
			</possibleresult>
			<points>
				<point>818.000000,832.000000</point>
				<point>814.000000,838.000000</point>
				<point>797.000000,828.000000</point>
				<point>801.000000,822.000000</point>
				<point>818.000000,832.000000</point>
			</points>
		</object>
		<object>
			<coordinate>pixel</coordinate>
			<type>rectangle</type>
			<description>None</description>
			<possibleresult>
				<name>Dump Truck</name>
			</possibleresult>
			<points>
				<point>858.000000,774.000000</point>
				<point>846.000000,793.000000</point>
				<point>837.000000,788.000000</point>
				<point>850.000000,769.000000</point>
				<point>858.000000,774.000000</point>
			</points>
		</object>
		<object>
			<coordinate>pixel</coordinate>
			<type>rectangle</type>
			<description>None</description>
			<possibleresult>
				<name>Small Car</name>
			</possibleresult>
			<points>
				<point>836.000000,765.000000</point>
				<point>828.000000,779.000000</point>
				<point>821.000000,775.000000</point>
				<point>829.000000,761.000000</point>
				<point>836.000000,765.000000</point>
			</points>
		</object>
		<object>
			<coordinate>pixel</coordinate>
			<type>rectangle</type>
			<description>None</description>
			<possibleresult>
				<name>Intersection</name>
			</possibleresult>
			<points>
				<point>788.000000,769.000000</point>
				<point>750.000000,829.000000</point>
				<point>687.000000,790.000000</point>
				<point>725.000000,729.000000</point>
				<point>788.000000,769.000000</point>
			</points>
		</object>
		<object>
			<coordinate>pixel</coordinate>
			<type>rectangle</type>
			<description>None</description>
			<possibleresult>
				<name>Small Car</name>
			</possibleresult>
			<points>
				<point>911.000000,917.000000</point>
				<point>893.000000,916.000000</point>
				<point>893.000000,909.000000</point>
				<point>911.000000,910.000000</point>
				<point>911.000000,917.000000</point>
			</points>
		</object>
		<object>
			<coordinate>pixel</coordinate>
			<type>rectangle</type>
			<description>None</description>
			<possibleresult>
				<name>Small Car</name>
			</possibleresult>
			<points>
				<point>975.000000,917.000000</point>
				<point>973.000000,923.000000</point>
				<point>954.000000,915.000000</point>
				<point>956.000000,910.000000</point>
				<point>975.000000,917.000000</point>
			</points>
		</object>
		<object>
			<coordinate>pixel</coordinate>
			<type>rectangle</type>
			<description>None</description>
			<possibleresult>
				<name>Van</name>
			</possibleresult>
			<points>
				<point>967.000000,934.000000</point>
				<point>962.000000,943.000000</point>
				<point>943.000000,933.000000</point>
				<point>947.000000,924.000000</point>
				<point>967.000000,934.000000</point>
			</points>
		</object>
		<object>
			<coordinate>pixel</coordinate>
			<type>rectangle</type>
			<description>None</description>
			<possibleresult>
				<name>Van</name>
			</possibleresult>
			<points>
				<point>954.000000,949.000000</point>
				<point>950.000000,956.000000</point>
				<point>933.000000,947.000000</point>
				<point>937.000000,940.000000</point>
				<point>954.000000,949.000000</point>
			</points>
		</object>
		<object>
			<coordinate>pixel</coordinate>
			<type>rectangle</type>
			<description>None</description>
			<possibleresult>
				<name>Van</name>
			</possibleresult>
			<points>
				<point>981.000000,951.000000</point>
				<point>972.000000,968.000000</point>
				<point>963.000000,963.000000</point>
				<point>973.000000,946.000000</point>
				<point>981.000000,951.000000</point>
			</points>
		</object>
		<object>
			<coordinate>pixel</coordinate>
			<type>rectangle</type>
			<description>None</description>
			<possibleresult>
				<name>Van</name>
			</possibleresult>
			<points>
				<point>678.000000,728.000000</point>
				<point>675.000000,734.000000</point>
				<point>660.000000,728.000000</point>
				<point>664.000000,722.000000</point>
				<point>678.000000,728.000000</point>
			</points>
		</object>
		<object>
			<coordinate>pixel</coordinate>
			<type>rectangle</type>
			<description>None</description>
			<possibleresult>
				<name>Van</name>
			</possibleresult>
			<points>
				<point>653.000000,749.000000</point>
				<point>650.000000,754.000000</point>
				<point>635.000000,747.000000</point>
				<point>638.000000,741.000000</point>
				<point>653.000000,749.000000</point>
			</points>
		</object>
		<object>
			<coordinate>pixel</coordinate>
			<type>rectangle</type>
			<description>None</description>
			<possibleresult>
				<name>Cargo Truck</name>
			</possibleresult>
			<points>
				<point>555.000000,639.000000</point>
				<point>551.000000,649.000000</point>
				<point>513.000000,629.000000</point>
				<point>518.000000,620.000000</point>
				<point>555.000000,639.000000</point>
			</points>
		</object>
		<object>
			<coordinate>pixel</coordinate>
			<type>rectangle</type>
			<description>None</description>
			<possibleresult>
				<name>Small Car</name>
			</possibleresult>
			<points>
				<point>477.000000,594.000000</point>
				<point>473.000000,601.000000</point>
				<point>455.000000,592.000000</point>
				<point>459.000000,585.000000</point>
				<point>477.000000,594.000000</point>
			</points>
		</object>
		<object>
			<coordinate>pixel</coordinate>
			<type>rectangle</type>
			<description>None</description>
			<possibleresult>
				<name>Dump Truck</name>
			</possibleresult>
			<points>
				<point>419.000000,557.000000</point>
				<point>408.000000,570.000000</point>
				<point>403.000000,565.000000</point>
				<point>414.000000,553.000000</point>
				<point>419.000000,557.000000</point>
			</points>
		</object>
		<object>
			<coordinate>pixel</coordinate>
			<type>rectangle</type>
			<description>None</description>
			<possibleresult>
				<name>Small Car</name>
			</possibleresult>
			<points>
				<point>397.000000,534.000000</point>
				<point>389.000000,547.000000</point>
				<point>382.000000,542.000000</point>
				<point>389.000000,529.000000</point>
				<point>397.000000,534.000000</point>
			</points>
		</object>
		<object>
			<coordinate>pixel</coordinate>
			<type>rectangle</type>
			<description>None</description>
			<possibleresult>
				<name>Cargo Truck</name>
			</possibleresult>
			<points>
				<point>414.000000,511.000000</point>
				<point>402.000000,531.000000</point>
				<point>392.000000,525.000000</point>
				<point>404.000000,505.000000</point>
				<point>414.000000,511.000000</point>
			</points>
		</object>
		<object>
			<coordinate>pixel</coordinate>
			<type>rectangle</type>
			<description>None</description>
			<possibleresult>
				<name>Van</name>
			</possibleresult>
			<points>
				<point>428.000000,682.000000</point>
				<point>424.000000,689.000000</point>
				<point>407.000000,681.000000</point>
				<point>411.000000,673.000000</point>
				<point>428.000000,682.000000</point>
			</points>
		</object>
		<object>
			<coordinate>pixel</coordinate>
			<type>rectangle</type>
			<description>None</description>
			<possibleresult>
				<name>Small Car</name>
			</possibleresult>
			<points>
				<point>434.000000,698.000000</point>
				<point>431.000000,705.000000</point>
				<point>415.000000,696.000000</point>
				<point>419.000000,690.000000</point>
				<point>434.000000,698.000000</point>
			</points>
		</object>
		<object>
			<coordinate>pixel</coordinate>
			<type>rectangle</type>
			<description>None</description>
			<possibleresult>
				<name>Small Car</name>
			</possibleresult>
			<points>
				<point>430.000000,708.000000</point>
				<point>426.000000,714.000000</point>
				<point>409.000000,705.000000</point>
				<point>412.000000,699.000000</point>
				<point>430.000000,708.000000</point>
			</points>
		</object>
		<object>
			<coordinate>pixel</coordinate>
			<type>rectangle</type>
			<description>None</description>
			<possibleresult>
				<name>Cargo Truck</name>
			</possibleresult>
			<points>
				<point>405.000000,704.000000</point>
				<point>402.000000,710.000000</point>
				<point>384.000000,701.000000</point>
				<point>387.000000,694.000000</point>
				<point>405.000000,704.000000</point>
			</points>
		</object>
		<object>
			<coordinate>pixel</coordinate>
			<type>rectangle</type>
			<description>None</description>
			<possibleresult>
				<name>Small Car</name>
			</possibleresult>
			<points>
				<point>501.000000,721.000000</point>
				<point>498.000000,727.000000</point>
				<point>483.000000,719.000000</point>
				<point>486.000000,713.000000</point>
				<point>501.000000,721.000000</point>
			</points>
		</object>
		<object>
			<coordinate>pixel</coordinate>
			<type>rectangle</type>
			<description>None</description>
			<possibleresult>
				<name>Small Car</name>
			</possibleresult>
			<points>
				<point>495.000000,730.000000</point>
				<point>493.000000,736.000000</point>
				<point>478.000000,729.000000</point>
				<point>480.000000,723.000000</point>
				<point>495.000000,730.000000</point>
			</points>
		</object>
		<object>
			<coordinate>pixel</coordinate>
			<type>rectangle</type>
			<description>None</description>
			<possibleresult>
				<name>Intersection</name>
			</possibleresult>
			<points>
				<point>164.000000,889.000000</point>
				<point>119.000000,959.000000</point>
				<point>59.000000,920.000000</point>
				<point>106.000000,850.000000</point>
				<point>164.000000,889.000000</point>
			</points>
		</object>
		<object>
			<coordinate>pixel</coordinate>
			<type>rectangle</type>
			<description>None</description>
			<possibleresult>
				<name>Small Car</name>
			</possibleresult>
			<points>
				<point>124.000000,807.000000</point>
				<point>116.000000,821.000000</point>
				<point>109.000000,817.000000</point>
				<point>118.000000,803.000000</point>
				<point>124.000000,807.000000</point>
			</points>
		</object>
		<object>
			<coordinate>pixel</coordinate>
			<type>rectangle</type>
			<description>None</description>
			<possibleresult>
				<name>Van</name>
			</possibleresult>
			<points>
				<point>169.000000,768.000000</point>
				<point>160.000000,784.000000</point>
				<point>153.000000,781.000000</point>
				<point>162.000000,764.000000</point>
				<point>169.000000,768.000000</point>
			</points>
		</object>
		<object>
			<coordinate>pixel</coordinate>
			<type>rectangle</type>
			<description>None</description>
			<possibleresult>
				<name>Small Car</name>
			</possibleresult>
			<points>
				<point>238.000000,781.000000</point>
				<point>231.000000,795.000000</point>
				<point>223.000000,790.000000</point>
				<point>230.000000,777.000000</point>
				<point>238.000000,781.000000</point>
			</points>
		</object>
		<object>
			<coordinate>pixel</coordinate>
			<type>rectangle</type>
			<description>None</description>
			<possibleresult>
				<name>other-vehicle</name>
			</possibleresult>
			<points>
				<point>231.000000,796.000000</point>
				<point>223.000000,809.000000</point>
				<point>214.000000,803.000000</point>
				<point>222.000000,791.000000</point>
				<point>231.000000,796.000000</point>
			</points>
		</object>
		<object>
			<coordinate>pixel</coordinate>
			<type>rectangle</type>
			<description>None</description>
			<possibleresult>
				<name>Small Car</name>
			</possibleresult>
			<points>
				<point>228.000000,749.000000</point>
				<point>219.000000,763.000000</point>
				<point>212.000000,759.000000</point>
				<point>221.000000,744.000000</point>
				<point>228.000000,749.000000</point>
			</points>
		</object>
		<object>
			<coordinate>pixel</coordinate>
			<type>rectangle</type>
			<description>None</description>
			<possibleresult>
				<name>Cargo Truck</name>
			</possibleresult>
			<points>
				<point>267.000000,743.000000</point>
				<point>254.000000,762.000000</point>
				<point>244.000000,756.000000</point>
				<point>256.000000,736.000000</point>
				<point>267.000000,743.000000</point>
			</points>
		</object>
		<object>
			<coordinate>pixel</coordinate>
			<type>rectangle</type>
			<description>None</description>
			<possibleresult>
				<name>Small Car</name>
			</possibleresult>
			<points>
				<point>276.000000,724.000000</point>
				<point>269.000000,735.000000</point>
				<point>264.000000,731.000000</point>
				<point>271.000000,720.000000</point>
				<point>276.000000,724.000000</point>
			</points>
		</object>
		<object>
			<coordinate>pixel</coordinate>
			<type>rectangle</type>
			<description>None</description>
			<possibleresult>
				<name>Small Car</name>
			</possibleresult>
			<points>
				<point>262.000000,716.000000</point>
				<point>253.000000,731.000000</point>
				<point>246.000000,727.000000</point>
				<point>254.000000,712.000000</point>
				<point>262.000000,716.000000</point>
			</points>
		</object>
		<object>
			<coordinate>pixel</coordinate>
			<type>rectangle</type>
			<description>None</description>
			<possibleresult>
				<name>Small Car</name>
			</possibleresult>
			<points>
				<point>291.000000,699.000000</point>
				<point>283.000000,713.000000</point>
				<point>276.000000,710.000000</point>
				<point>284.000000,695.000000</point>
				<point>291.000000,699.000000</point>
			</points>
		</object>
		<object>
			<coordinate>pixel</coordinate>
			<type>rectangle</type>
			<description>None</description>
			<possibleresult>
				<name>Van</name>
			</possibleresult>
			<points>
				<point>222.000000,685.000000</point>
				<point>215.000000,697.000000</point>
				<point>208.000000,693.000000</point>
				<point>216.000000,681.000000</point>
				<point>222.000000,685.000000</point>
			</points>
		</object>
		<object>
			<coordinate>pixel</coordinate>
			<type>rectangle</type>
			<description>None</description>
			<possibleresult>
				<name>Small Car</name>
			</possibleresult>
			<points>
				<point>236.000000,664.000000</point>
				<point>227.000000,677.000000</point>
				<point>221.000000,672.000000</point>
				<point>230.000000,659.000000</point>
				<point>236.000000,664.000000</point>
			</points>
		</object>
		<object>
			<coordinate>pixel</coordinate>
			<type>rectangle</type>
			<description>None</description>
			<possibleresult>
				<name>other-vehicle</name>
			</possibleresult>
			<points>
				<point>309.000000,557.000000</point>
				<point>296.000000,577.000000</point>
				<point>287.000000,571.000000</point>
				<point>299.000000,551.000000</point>
				<point>309.000000,557.000000</point>
			</points>
		</object>
		<object>
			<coordinate>pixel</coordinate>
			<type>rectangle</type>
			<description>None</description>
			<possibleresult>
				<name>Dump Truck</name>
			</possibleresult>
			<points>
				<point>536.000000,490.000000</point>
				<point>533.000000,496.000000</point>
				<point>516.000000,489.000000</point>
				<point>519.000000,483.000000</point>
				<point>536.000000,490.000000</point>
			</points>
		</object>
		<object>
			<coordinate>pixel</coordinate>
			<type>rectangle</type>
			<description>None</description>
			<possibleresult>
				<name>other-vehicle</name>
			</possibleresult>
			<points>
				<point>473.000000,414.000000</point>
				<point>460.000000,435.000000</point>
				<point>450.000000,429.000000</point>
				<point>465.000000,408.000000</point>
				<point>473.000000,414.000000</point>
			</points>
		</object>
		<object>
			<coordinate>pixel</coordinate>
			<type>rectangle</type>
			<description>None</description>
			<possibleresult>
				<name>Intersection</name>
			</possibleresult>
			<points>
				<point>558.000000,276.000000</point>
				<point>514.000000,349.000000</point>
				<point>448.000000,310.000000</point>
				<point>492.000000,236.000000</point>
				<point>558.000000,276.000000</point>
			</points>
		</object>
		<object>
			<coordinate>pixel</coordinate>
			<type>rectangle</type>
			<description>None</description>
			<possibleresult>
				<name>Small Car</name>
			</possibleresult>
			<points>
				<point>633.000000,315.000000</point>
				<point>630.000000,321.000000</point>
				<point>613.000000,314.000000</point>
				<point>615.000000,307.000000</point>
				<point>633.000000,315.000000</point>
			</points>
		</object>
		<object>
			<coordinate>pixel</coordinate>
			<type>rectangle</type>
			<description>None</description>
			<possibleresult>
				<name>Small Car</name>
			</possibleresult>
			<points>
				<point>735.000000,362.000000</point>
				<point>732.000000,368.000000</point>
				<point>714.000000,359.000000</point>
				<point>717.000000,353.000000</point>
				<point>735.000000,362.000000</point>
			</points>
		</object>
		<object>
			<coordinate>pixel</coordinate>
			<type>rectangle</type>
			<description>None</description>
			<possibleresult>
				<name>Small Car</name>
			</possibleresult>
			<points>
				<point>775.000000,379.000000</point>
				<point>773.000000,385.000000</point>
				<point>755.000000,378.000000</point>
				<point>758.000000,372.000000</point>
				<point>775.000000,379.000000</point>
			</points>
		</object>
		<object>
			<coordinate>pixel</coordinate>
			<type>rectangle</type>
			<description>None</description>
			<possibleresult>
				<name>Van</name>
			</possibleresult>
			<points>
				<point>634.000000,281.000000</point>
				<point>630.000000,289.000000</point>
				<point>614.000000,280.000000</point>
				<point>618.000000,272.000000</point>
				<point>634.000000,281.000000</point>
			</points>
		</object>
		<object>
			<coordinate>pixel</coordinate>
			<type>rectangle</type>
			<description>None</description>
			<possibleresult>
				<name>Van</name>
			</possibleresult>
			<points>
				<point>613.000000,274.000000</point>
				<point>609.000000,281.000000</point>
				<point>590.000000,271.000000</point>
				<point>594.000000,264.000000</point>
				<point>613.000000,274.000000</point>
			</points>
		</object>
		<object>
			<coordinate>pixel</coordinate>
			<type>rectangle</type>
			<description>None</description>
			<possibleresult>
				<name>Small Car</name>
			</possibleresult>
			<points>
				<point>614.000000,194.000000</point>
				<point>605.000000,211.000000</point>
				<point>599.000000,207.000000</point>
				<point>608.000000,191.000000</point>
				<point>614.000000,194.000000</point>
			</points>
		</object>
		<object>
			<coordinate>pixel</coordinate>
			<type>rectangle</type>
			<description>None</description>
			<possibleresult>
				<name>Van</name>
			</possibleresult>
			<points>
				<point>635.000000,162.000000</point>
				<point>626.000000,178.000000</point>
				<point>619.000000,174.000000</point>
				<point>627.000000,159.000000</point>
				<point>635.000000,162.000000</point>
			</points>
		</object>
		<object>
			<coordinate>pixel</coordinate>
			<type>rectangle</type>
			<description>None</description>
			<possibleresult>
				<name>Small Car</name>
			</possibleresult>
			<points>
				<point>621.000000,61.000000</point>
				<point>613.000000,75.000000</point>
				<point>606.000000,71.000000</point>
				<point>614.000000,57.000000</point>
				<point>621.000000,61.000000</point>
			</points>
		</object>
		<object>
			<coordinate>pixel</coordinate>
			<type>rectangle</type>
			<description>None</description>
			<possibleresult>
				<name>Van</name>
			</possibleresult>
			<points>
				<point>633.000000,42.000000</point>
				<point>625.000000,58.000000</point>
				<point>617.000000,53.000000</point>
				<point>625.000000,38.000000</point>
				<point>633.000000,42.000000</point>
			</points>
		</object>
		<object>
			<coordinate>pixel</coordinate>
			<type>rectangle</type>
			<description>None</description>
			<possibleresult>
				<name>Small Car</name>
			</possibleresult>
			<points>
				<point>769.000000,75.000000</point>
				<point>765.000000,81.000000</point>
				<point>749.000000,73.000000</point>
				<point>750.000000,67.000000</point>
				<point>769.000000,75.000000</point>
			</points>
		</object>
		<object>
			<coordinate>pixel</coordinate>
			<type>rectangle</type>
			<description>None</description>
			<possibleresult>
				<name>Small Car</name>
			</possibleresult>
			<points>
				<point>789.000000,83.000000</point>
				<point>786.000000,89.000000</point>
				<point>771.000000,82.000000</point>
				<point>774.000000,76.000000</point>
				<point>789.000000,83.000000</point>
			</points>
		</object>
		<object>
			<coordinate>pixel</coordinate>
			<type>rectangle</type>
			<description>None</description>
			<possibleresult>
				<name>Dump Truck</name>
			</possibleresult>
			<points>
				<point>828.000000,60.000000</point>
				<point>825.000000,66.000000</point>
				<point>806.000000,60.000000</point>
				<point>809.000000,53.000000</point>
				<point>828.000000,60.000000</point>
			</points>
		</object>
		<object>
			<coordinate>pixel</coordinate>
			<type>rectangle</type>
			<description>None</description>
			<possibleresult>
				<name>Dump Truck</name>
			</possibleresult>
			<points>
				<point>844.000000,129.000000</point>
				<point>839.000000,139.000000</point>
				<point>806.000000,122.000000</point>
				<point>810.000000,112.000000</point>
				<point>844.000000,129.000000</point>
			</points>
		</object>
		<object>
			<coordinate>pixel</coordinate>
			<type>rectangle</type>
			<description>None</description>
			<possibleresult>
				<name>Small Car</name>
			</possibleresult>
			<points>
				<point>820.000000,135.000000</point>
				<point>817.000000,141.000000</point>
				<point>799.000000,132.000000</point>
				<point>802.000000,125.000000</point>
				<point>820.000000,135.000000</point>
			</points>
		</object>
		<object>
			<coordinate>pixel</coordinate>
			<type>rectangle</type>
			<description>None</description>
			<possibleresult>
				<name>Cargo Truck</name>
			</possibleresult>
			<points>
				<point>889.000000,144.000000</point>
				<point>885.000000,154.000000</point>
				<point>861.000000,146.000000</point>
				<point>864.000000,136.000000</point>
				<point>889.000000,144.000000</point>
			</points>
		</object>
		<object>
			<coordinate>pixel</coordinate>
			<type>rectangle</type>
			<description>None</description>
			<possibleresult>
				<name>Van</name>
			</possibleresult>
			<points>
				<point>881.000000,154.000000</point>
				<point>878.000000,162.000000</point>
				<point>860.000000,156.000000</point>
				<point>863.000000,148.000000</point>
				<point>881.000000,154.000000</point>
			</points>
		</object>
		<object>
			<coordinate>pixel</coordinate>
			<type>rectangle</type>
			<description>None</description>
			<possibleresult>
				<name>Small Car</name>
			</possibleresult>
			<points>
				<point>785.000000,190.000000</point>
				<point>782.000000,195.000000</point>
				<point>765.000000,185.000000</point>
				<point>768.000000,179.000000</point>
				<point>785.000000,190.000000</point>
			</points>
		</object>
		<object>
			<coordinate>pixel</coordinate>
			<type>rectangle</type>
			<description>None</description>
			<possibleresult>
				<name>other-vehicle</name>
			</possibleresult>
			<points>
				<point>790.000000,205.000000</point>
				<point>783.000000,214.000000</point>
				<point>773.000000,207.000000</point>
				<point>779.000000,198.000000</point>
				<point>790.000000,205.000000</point>
			</points>
		</object>
		<object>
			<coordinate>pixel</coordinate>
			<type>rectangle</type>
			<description>None</description>
			<possibleresult>
				<name>Small Car</name>
			</possibleresult>
			<points>
				<point>843.000000,216.000000</point>
				<point>840.000000,223.000000</point>
				<point>822.000000,215.000000</point>
				<point>825.000000,208.000000</point>
				<point>843.000000,216.000000</point>
			</points>
		</object>
		<object>
			<coordinate>pixel</coordinate>
			<type>rectangle</type>
			<description>None</description>
			<possibleresult>
				<name>Dump Truck</name>
			</possibleresult>
			<points>
				<point>859.000000,239.000000</point>
				<point>835.000000,240.000000</point>
				<point>835.000000,233.000000</point>
				<point>859.000000,231.000000</point>
				<point>859.000000,239.000000</point>
			</points>
		</object>
		<object>
			<coordinate>pixel</coordinate>
			<type>rectangle</type>
			<description>None</description>
			<possibleresult>
				<name>Small Car</name>
			</possibleresult>
			<points>
				<point>891.000000,247.000000</point>
				<point>884.000000,252.000000</point>
				<point>872.000000,238.000000</point>
				<point>879.000000,233.000000</point>
				<point>891.000000,247.000000</point>
			</points>
		</object>
		<object>
			<coordinate>pixel</coordinate>
			<type>rectangle</type>
			<description>None</description>
			<possibleresult>
				<name>Small Car</name>
			</possibleresult>
			<points>
				<point>906.000000,220.000000</point>
				<point>900.000000,224.000000</point>
				<point>891.000000,211.000000</point>
				<point>896.000000,207.000000</point>
				<point>906.000000,220.000000</point>
			</points>
		</object>
		<object>
			<coordinate>pixel</coordinate>
			<type>rectangle</type>
			<description>None</description>
			<possibleresult>
				<name>Dump Truck</name>
			</possibleresult>
			<points>
				<point>835.000000,240.000000</point>
				<point>831.000000,247.000000</point>
				<point>815.000000,238.000000</point>
				<point>818.000000,232.000000</point>
				<point>835.000000,240.000000</point>
			</points>
		</object>
		<object>
			<coordinate>pixel</coordinate>
			<type>rectangle</type>
			<description>None</description>
			<possibleresult>
				<name>Van</name>
			</possibleresult>
			<points>
				<point>828.000000,255.000000</point>
				<point>825.000000,263.000000</point>
				<point>805.000000,256.000000</point>
				<point>808.000000,247.000000</point>
				<point>828.000000,255.000000</point>
			</points>
		</object>
		<object>
			<coordinate>pixel</coordinate>
			<type>rectangle</type>
			<description>None</description>
			<possibleresult>
				<name>Van</name>
			</possibleresult>
			<points>
				<point>867.000000,307.000000</point>
				<point>860.000000,321.000000</point>
				<point>852.000000,317.000000</point>
				<point>859.000000,303.000000</point>
				<point>867.000000,307.000000</point>
			</points>
		</object>
		<object>
			<coordinate>pixel</coordinate>
			<type>rectangle</type>
			<description>None</description>
			<possibleresult>
				<name>Van</name>
			</possibleresult>
			<points>
				<point>892.000000,320.000000</point>
				<point>887.000000,333.000000</point>
				<point>880.000000,331.000000</point>
				<point>885.000000,317.000000</point>
				<point>892.000000,320.000000</point>
			</points>
		</object>
		<object>
			<coordinate>pixel</coordinate>
			<type>rectangle</type>
			<description>None</description>
			<possibleresult>
				<name>Small Car</name>
			</possibleresult>
			<points>
				<point>20.000000,63.000000</point>
				<point>18.000000,69.000000</point>
				<point>1.000000,63.000000</point>
				<point>3.000000,57.000000</point>
				<point>20.000000,63.000000</point>
			</points>
		</object>
		<object>
			<coordinate>pixel</coordinate>
			<type>rectangle</type>
			<description>None</description>
			<possibleresult>
				<name>Van</name>
			</possibleresult>
			<points>
				<point>69.000000,15.000000</point>
				<point>61.000000,10.000000</point>
				<point>72.000000,-4.000000</point>
				<point>80.000000,1.000000</point>
				<point>69.000000,15.000000</point>
			</points>
		</object>
		<object>
			<coordinate>pixel</coordinate>
			<type>rectangle</type>
			<description>None</description>
			<possibleresult>
				<name>Intersection</name>
			</possibleresult>
			<points>
				<point>114.000000,54.000000</point>
				<point>80.000000,117.000000</point>
				<point>16.000000,83.000000</point>
				<point>49.000000,20.000000</point>
				<point>114.000000,54.000000</point>
			</points>
		</object>
		<object>
			<coordinate>pixel</coordinate>
			<type>rectangle</type>
			<description>None</description>
			<possibleresult>
				<name>Intersection</name>
			</possibleresult>
			<points>
				<point>986.000000,458.000000</point>
				<point>952.000000,527.000000</point>
				<point>870.000000,487.000000</point>
				<point>905.000000,418.000000</point>
				<point>986.000000,458.000000</point>
			</points>
		</object>
		<object>
			<coordinate>pixel</coordinate>
			<type>rectangle</type>
			<description>None</description>
			<possibleresult>
				<name>Tennis Court</name>
			</possibleresult>
			<points>
				<point>621.000000,0.000000</point>
				<point>580.000000,67.000000</point>
				<point>540.000000,50.000000</point>
				<point>582.000000,-16.000000</point>
				<point>621.000000,0.000000</point>
			</points>
		</object>
	</objects>
</annotation>