<?xml version="1.0" encoding="utf-8"?>
<annotation>
	<source>
		<filename>6381.tif</filename>
		<origin>GF2/GF3</origin>
	</source>
	<research>
		<version>1.0</version>
		<provider>FAIR1M</provider>
		<author>Cyber</author>
		<pluginname>FAIR1M</pluginname>
		<pluginclass>object detection</pluginclass>
		<time>2021-07-21</time>
	</research>
	<size>
		<width>1000</width>
		<height>1000</height>
		<depth>3</depth>
	</size>
	<objects>
		<object>
			<coordinate>pixel</coordinate>
			<type>rectangle</type>
			<description>None</description>
			<possibleresult>
				<name>other-ship</name>
			</possibleresult>
			<points>
				<point>217.000000,553.000000</point>
				<point>191.000000,580.000000</point>
				<point>198.000000,589.000000</point>
				<point>224.000000,562.000000</point>
				<point>217.000000,553.000000</point>
			</points>
		</object>
		<object>
			<coordinate>pixel</coordinate>
			<type>rectangle</type>
			<description>None</description>
			<possibleresult>
				<name>Dry Cargo Ship</name>
			</possibleresult>
			<points>
				<point>243.000000,547.000000</point>
				<point>179.000000,606.000000</point>
				<point>192.000000,618.000000</point>
				<point>254.000000,559.000000</point>
				<point>243.000000,547.000000</point>
			</points>
		</object>
		<object>
			<coordinate>pixel</coordinate>
			<type>rectangle</type>
			<description>None</description>
			<possibleresult>
				<name>Engineering Ship</name>
			</possibleresult>
			<points>
				<point>202.000000,613.000000</point>
				<point>275.000000,658.000000</point>
				<point>291.000000,634.000000</point>
				<point>220.000000,588.000000</point>
				<point>202.000000,613.000000</point>
			</points>
		</object>
		<object>
			<coordinate>pixel</coordinate>
			<type>rectangle</type>
			<description>None</description>
			<possibleresult>
				<name>Engineering Ship</name>
			</possibleresult>
			<points>
				<point>270.000000,665.000000</point>
				<point>327.000000,690.000000</point>
				<point>334.000000,675.000000</point>
				<point>280.000000,650.000000</point>
				<point>270.000000,665.000000</point>
			</points>
		</object>
		<object>
			<coordinate>pixel</coordinate>
			<type>rectangle</type>
			<description>None</description>
			<possibleresult>
				<name>Motorboat</name>
			</possibleresult>
			<points>
				<point>322.000000,690.000000</point>
				<point>298.000000,677.000000</point>
				<point>292.000000,685.000000</point>
				<point>318.000000,698.000000</point>
				<point>322.000000,690.000000</point>
			</points>
		</object>
		<object>
			<coordinate>pixel</coordinate>
			<type>rectangle</type>
			<description>None</description>
			<possibleresult>
				<name>other-ship</name>
			</possibleresult>
			<points>
				<point>408.000000,704.000000</point>
				<point>367.000000,675.000000</point>
				<point>359.000000,688.000000</point>
				<point>397.000000,717.000000</point>
				<point>408.000000,704.000000</point>
			</points>
		</object>
		<object>
			<coordinate>pixel</coordinate>
			<type>rectangle</type>
			<description>None</description>
			<possibleresult>
				<name>Dry Cargo Ship</name>
			</possibleresult>
			<points>
				<point>472.000000,690.000000</point>
				<point>404.000000,806.000000</point>
				<point>434.000000,824.000000</point>
				<point>502.000000,707.000000</point>
				<point>472.000000,690.000000</point>
			</points>
		</object>
		<object>
			<coordinate>pixel</coordinate>
			<type>rectangle</type>
			<description>None</description>
			<possibleresult>
				<name>Dry Cargo Ship</name>
			</possibleresult>
			<points>
				<point>506.000000,705.000000</point>
				<point>446.000000,814.000000</point>
				<point>472.000000,829.000000</point>
				<point>532.000000,721.000000</point>
				<point>506.000000,705.000000</point>
			</points>
		</object>
		<object>
			<coordinate>pixel</coordinate>
			<type>rectangle</type>
			<description>None</description>
			<possibleresult>
				<name>Dry Cargo Ship</name>
			</possibleresult>
			<points>
				<point>822.000000,896.000000</point>
				<point>736.000000,896.000000</point>
				<point>736.000000,910.000000</point>
				<point>822.000000,910.000000</point>
				<point>822.000000,896.000000</point>
			</points>
		</object>
	</objects>
</annotation>