<?xml version="1.0" encoding="utf-8"?>
<annotation>
	<source>
		<filename>6400.tif</filename>
		<origin>GF2/GF3</origin>
	</source>
	<research>
		<version>1.0</version>
		<provider>FAIR1M</provider>
		<author>Cyber</author>
		<pluginname>FAIR1M</pluginname>
		<pluginclass>object detection</pluginclass>
		<time>2021-07-21</time>
	</research>
	<size>
		<width>800</width>
		<height>600</height>
		<depth>3</depth>
	</size>
	<objects>
		<object>
			<coordinate>pixel</coordinate>
			<type>rectangle</type>
			<description>None</description>
			<possibleresult>
				<name>Boeing737</name>
			</possibleresult>
			<points>
				<point>198.000000,340.000000</point>
				<point>173.000000,384.000000</point>
				<point>134.000000,362.000000</point>
				<point>159.000000,318.000000</point>
				<point>198.000000,340.000000</point>
			</points>
		</object>
		<object>
			<coordinate>pixel</coordinate>
			<type>rectangle</type>
			<description>None</description>
			<possibleresult>
				<name>other-airplane</name>
			</possibleresult>
			<points>
				<point>326.000000,495.000000</point>
				<point>277.000000,501.000000</point>
				<point>270.000000,443.000000</point>
				<point>319.000000,437.000000</point>
				<point>326.000000,495.000000</point>
			</points>
		</object>
		<object>
			<coordinate>pixel</coordinate>
			<type>rectangle</type>
			<description>None</description>
			<possibleresult>
				<name>other-airplane</name>
			</possibleresult>
			<points>
				<point>530.610779,610.535156</point>
				<point>478.999939,573.000000</point>
				<point>519.389099,517.464844</point>
				<point>570.999939,555.000000</point>
				<point>530.610779,610.535156</point>
			</points>
		</object>
	</objects>
</annotation>