<?xml version="1.0" encoding="utf-8"?>
<annotation>
	<source>
		<filename>6426.tif</filename>
		<origin>GF2/GF3</origin>
	</source>
	<research>
		<version>1.0</version>
		<provider>FAIR1M</provider>
		<author>Cyber</author>
		<pluginname>FAIR1M</pluginname>
		<pluginclass>object detection</pluginclass>
		<time>2021-07-21</time>
	</research>
	<size>
		<width>800</width>
		<height>600</height>
		<depth>3</depth>
	</size>
	<objects>
		<object>
			<coordinate>pixel</coordinate>
			<type>rectangle</type>
			<description>None</description>
			<possibleresult>
				<name>A350</name>
			</possibleresult>
			<points>
				<point>383.000000,154.000000</point>
				<point>305.000000,196.000000</point>
				<point>258.000000,109.000000</point>
				<point>335.000000,66.000000</point>
				<point>383.000000,154.000000</point>
			</points>
		</object>
		<object>
			<coordinate>pixel</coordinate>
			<type>rectangle</type>
			<description>None</description>
			<possibleresult>
				<name>A350</name>
			</possibleresult>
			<points>
				<point>297.000000,203.000000</point>
				<point>223.000000,242.000000</point>
				<point>177.000000,154.000000</point>
				<point>251.000000,115.000000</point>
				<point>297.000000,203.000000</point>
			</points>
		</object>
		<object>
			<coordinate>pixel</coordinate>
			<type>rectangle</type>
			<description>None</description>
			<possibleresult>
				<name>A350</name>
			</possibleresult>
			<points>
				<point>214.000000,242.000000</point>
				<point>139.000000,280.000000</point>
				<point>99.000000,202.000000</point>
				<point>175.000000,164.000000</point>
				<point>214.000000,242.000000</point>
			</points>
		</object>
		<object>
			<coordinate>pixel</coordinate>
			<type>rectangle</type>
			<description>None</description>
			<possibleresult>
				<name>A350</name>
			</possibleresult>
			<points>
				<point>116.000000,297.000000</point>
				<point>42.000000,334.000000</point>
				<point>3.000000,257.000000</point>
				<point>76.000000,220.000000</point>
				<point>116.000000,297.000000</point>
			</points>
		</object>
		<object>
			<coordinate>pixel</coordinate>
			<type>rectangle</type>
			<description>None</description>
			<possibleresult>
				<name>A330</name>
			</possibleresult>
			<points>
				<point>800.000000,277.769257</point>
				<point>768.417419,294.775269</point>
				<point>719.417419,203.775284</point>
				<point>800.000000,160.384644</point>
				<point>800.000000,277.769257</point>
			</points>
		</object>
		<object>
			<coordinate>pixel</coordinate>
			<type>rectangle</type>
			<description>None</description>
			<possibleresult>
				<name>Boeing777</name>
			</possibleresult>
			<points>
				<point>757.000000,371.000000</point>
				<point>683.000000,409.000000</point>
				<point>648.000000,341.000000</point>
				<point>721.000000,303.000000</point>
				<point>757.000000,371.000000</point>
			</points>
		</object>
		<object>
			<coordinate>pixel</coordinate>
			<type>rectangle</type>
			<description>None</description>
			<possibleresult>
				<name>A350</name>
			</possibleresult>
			<points>
				<point>574.000000,505.000000</point>
				<point>494.000000,542.000000</point>
				<point>455.000000,458.000000</point>
				<point>534.000000,421.000000</point>
				<point>574.000000,505.000000</point>
			</points>
		</object>
		<object>
			<coordinate>pixel</coordinate>
			<type>rectangle</type>
			<description>None</description>
			<possibleresult>
				<name>A350</name>
			</possibleresult>
			<points>
				<point>431.000000,492.000000</point>
				<point>346.000000,535.000000</point>
				<point>307.000000,457.000000</point>
				<point>391.000000,415.000000</point>
				<point>431.000000,492.000000</point>
			</points>
		</object>
		<object>
			<coordinate>pixel</coordinate>
			<type>rectangle</type>
			<description>None</description>
			<possibleresult>
				<name>A350</name>
			</possibleresult>
			<points>
				<point>389.000061,616.000183</point>
				<point>348.909668,541.048523</point>
				<point>435.000061,495.000183</point>
				<point>475.090454,569.951843</point>
				<point>389.000061,616.000183</point>
			</points>
		</object>
	</objects>
</annotation>