<?xml version="1.0" encoding="utf-8"?>
<annotation>
	<source>
		<filename>6462.tif</filename>
		<origin>GF2/GF3</origin>
	</source>
	<research>
		<version>1.0</version>
		<provider>FAIR1M</provider>
		<author>Cyber</author>
		<pluginname>FAIR1M</pluginname>
		<pluginclass>object detection</pluginclass>
		<time>2021-07-21</time>
	</research>
	<size>
		<width>600</width>
		<height>800</height>
		<depth>4</depth>
	</size>
	<objects>
		<object>
			<coordinate>pixel</coordinate>
			<type>rectangle</type>
			<description>None</description>
			<possibleresult>
				<name>Small Car</name>
			</possibleresult>
			<points>
				<point>240.000000,677.000000</point>
				<point>224.000000,687.000000</point>
				<point>220.000000,681.000000</point>
				<point>236.000000,671.000000</point>
				<point>240.000000,677.000000</point>
			</points>
		</object>
		<object>
			<coordinate>pixel</coordinate>
			<type>rectangle</type>
			<description>None</description>
			<possibleresult>
				<name>Van</name>
			</possibleresult>
			<points>
				<point>258.000000,693.000000</point>
				<point>246.000000,701.000000</point>
				<point>242.000000,695.000000</point>
				<point>254.000000,687.000000</point>
				<point>258.000000,693.000000</point>
			</points>
		</object>
		<object>
			<coordinate>pixel</coordinate>
			<type>rectangle</type>
			<description>None</description>
			<possibleresult>
				<name>Van</name>
			</possibleresult>
			<points>
				<point>276.000000,716.000000</point>
				<point>261.000000,725.000000</point>
				<point>258.000000,718.000000</point>
				<point>272.000000,710.000000</point>
				<point>276.000000,716.000000</point>
			</points>
		</object>
		<object>
			<coordinate>pixel</coordinate>
			<type>rectangle</type>
			<description>None</description>
			<possibleresult>
				<name>Dump Truck</name>
			</possibleresult>
			<points>
				<point>301.000000,741.000000</point>
				<point>283.000000,753.000000</point>
				<point>279.000000,746.000000</point>
				<point>297.000000,735.000000</point>
				<point>301.000000,741.000000</point>
			</points>
		</object>
		<object>
			<coordinate>pixel</coordinate>
			<type>rectangle</type>
			<description>None</description>
			<possibleresult>
				<name>Small Car</name>
			</possibleresult>
			<points>
				<point>156.000000,326.000000</point>
				<point>136.000000,328.000000</point>
				<point>135.000000,321.000000</point>
				<point>155.000000,318.000000</point>
				<point>156.000000,326.000000</point>
			</points>
		</object>
		<object>
			<coordinate>pixel</coordinate>
			<type>rectangle</type>
			<description>None</description>
			<possibleresult>
				<name>Van</name>
			</possibleresult>
			<points>
				<point>136.000000,83.000000</point>
				<point>126.000000,83.000000</point>
				<point>126.000000,77.000000</point>
				<point>136.000000,78.000000</point>
				<point>136.000000,83.000000</point>
			</points>
		</object>
		<object>
			<coordinate>pixel</coordinate>
			<type>rectangle</type>
			<description>None</description>
			<possibleresult>
				<name>Van</name>
			</possibleresult>
			<points>
				<point>144.000000,50.000000</point>
				<point>143.000000,56.000000</point>
				<point>124.000000,53.000000</point>
				<point>125.000000,47.000000</point>
				<point>144.000000,50.000000</point>
			</points>
		</object>
		<object>
			<coordinate>pixel</coordinate>
			<type>rectangle</type>
			<description>None</description>
			<possibleresult>
				<name>Van</name>
			</possibleresult>
			<points>
				<point>149.000000,39.000000</point>
				<point>148.000000,46.000000</point>
				<point>130.000000,44.000000</point>
				<point>131.000000,37.000000</point>
				<point>149.000000,39.000000</point>
			</points>
		</object>
		<object>
			<coordinate>pixel</coordinate>
			<type>rectangle</type>
			<description>None</description>
			<possibleresult>
				<name>Van</name>
			</possibleresult>
			<points>
				<point>249.000000,54.000000</point>
				<point>235.000000,67.000000</point>
				<point>229.000000,61.000000</point>
				<point>243.000000,48.000000</point>
				<point>249.000000,54.000000</point>
			</points>
		</object>
		<object>
			<coordinate>pixel</coordinate>
			<type>rectangle</type>
			<description>None</description>
			<possibleresult>
				<name>Van</name>
			</possibleresult>
			<points>
				<point>239.000000,91.000000</point>
				<point>235.000000,98.000000</point>
				<point>227.000000,93.000000</point>
				<point>230.000000,87.000000</point>
				<point>239.000000,91.000000</point>
			</points>
		</object>
		<object>
			<coordinate>pixel</coordinate>
			<type>rectangle</type>
			<description>None</description>
			<possibleresult>
				<name>Van</name>
			</possibleresult>
			<points>
				<point>243.000000,86.000000</point>
				<point>229.000000,86.000000</point>
				<point>229.000000,80.000000</point>
				<point>243.000000,80.000000</point>
				<point>243.000000,86.000000</point>
			</points>
		</object>
		<object>
			<coordinate>pixel</coordinate>
			<type>rectangle</type>
			<description>None</description>
			<possibleresult>
				<name>Van</name>
			</possibleresult>
			<points>
				<point>244.000000,185.000000</point>
				<point>226.000000,184.000000</point>
				<point>226.000000,178.000000</point>
				<point>244.000000,178.000000</point>
				<point>244.000000,185.000000</point>
			</points>
		</object>
		<object>
			<coordinate>pixel</coordinate>
			<type>rectangle</type>
			<description>None</description>
			<possibleresult>
				<name>Van</name>
			</possibleresult>
			<points>
				<point>448.000000,264.000000</point>
				<point>431.000000,273.000000</point>
				<point>428.000000,266.000000</point>
				<point>444.000000,257.000000</point>
				<point>448.000000,264.000000</point>
			</points>
		</object>
		<object>
			<coordinate>pixel</coordinate>
			<type>rectangle</type>
			<description>None</description>
			<possibleresult>
				<name>Van</name>
			</possibleresult>
			<points>
				<point>461.000000,258.000000</point>
				<point>456.000000,262.000000</point>
				<point>446.000000,250.000000</point>
				<point>451.000000,245.000000</point>
				<point>461.000000,258.000000</point>
			</points>
		</object>
		<object>
			<coordinate>pixel</coordinate>
			<type>rectangle</type>
			<description>None</description>
			<possibleresult>
				<name>Van</name>
			</possibleresult>
			<points>
				<point>475.000000,141.000000</point>
				<point>465.000000,154.000000</point>
				<point>458.000000,149.000000</point>
				<point>468.000000,136.000000</point>
				<point>475.000000,141.000000</point>
			</points>
		</object>
		<object>
			<coordinate>pixel</coordinate>
			<type>rectangle</type>
			<description>None</description>
			<possibleresult>
				<name>Van</name>
			</possibleresult>
			<points>
				<point>471.000000,130.000000</point>
				<point>452.000000,133.000000</point>
				<point>451.000000,126.000000</point>
				<point>470.000000,123.000000</point>
				<point>471.000000,130.000000</point>
			</points>
		</object>
		<object>
			<coordinate>pixel</coordinate>
			<type>rectangle</type>
			<description>None</description>
			<possibleresult>
				<name>Van</name>
			</possibleresult>
			<points>
				<point>431.000000,136.000000</point>
				<point>411.000000,142.000000</point>
				<point>409.000000,134.000000</point>
				<point>429.000000,129.000000</point>
				<point>431.000000,136.000000</point>
			</points>
		</object>
		<object>
			<coordinate>pixel</coordinate>
			<type>rectangle</type>
			<description>None</description>
			<possibleresult>
				<name>Van</name>
			</possibleresult>
			<points>
				<point>449.000000,116.000000</point>
				<point>431.000000,116.000000</point>
				<point>431.000000,110.000000</point>
				<point>449.000000,110.000000</point>
				<point>449.000000,116.000000</point>
			</points>
		</object>
		<object>
			<coordinate>pixel</coordinate>
			<type>rectangle</type>
			<description>None</description>
			<possibleresult>
				<name>Van</name>
			</possibleresult>
			<points>
				<point>455.000000,105.000000</point>
				<point>437.000000,105.000000</point>
				<point>437.000000,98.000000</point>
				<point>455.000000,99.000000</point>
				<point>455.000000,105.000000</point>
			</points>
		</object>
		<object>
			<coordinate>pixel</coordinate>
			<type>rectangle</type>
			<description>None</description>
			<possibleresult>
				<name>Van</name>
			</possibleresult>
			<points>
				<point>519.000000,59.000000</point>
				<point>510.000000,60.000000</point>
				<point>509.000000,49.000000</point>
				<point>518.000000,48.000000</point>
				<point>519.000000,59.000000</point>
			</points>
		</object>
		<object>
			<coordinate>pixel</coordinate>
			<type>rectangle</type>
			<description>None</description>
			<possibleresult>
				<name>Van</name>
			</possibleresult>
			<points>
				<point>484.000000,86.000000</point>
				<point>475.000000,86.000000</point>
				<point>474.000000,70.000000</point>
				<point>483.000000,70.000000</point>
				<point>484.000000,86.000000</point>
			</points>
		</object>
		<object>
			<coordinate>pixel</coordinate>
			<type>rectangle</type>
			<description>None</description>
			<possibleresult>
				<name>Van</name>
			</possibleresult>
			<points>
				<point>571.000000,27.000000</point>
				<point>554.000000,27.000000</point>
				<point>554.000000,20.000000</point>
				<point>571.000000,20.000000</point>
				<point>571.000000,27.000000</point>
			</points>
		</object>
		<object>
			<coordinate>pixel</coordinate>
			<type>rectangle</type>
			<description>None</description>
			<possibleresult>
				<name>Van</name>
			</possibleresult>
			<points>
				<point>216.000000,215.000000</point>
				<point>215.000000,225.000000</point>
				<point>207.000000,224.000000</point>
				<point>208.000000,215.000000</point>
				<point>216.000000,215.000000</point>
			</points>
		</object>
		<object>
			<coordinate>pixel</coordinate>
			<type>rectangle</type>
			<description>None</description>
			<possibleresult>
				<name>Small Car</name>
			</possibleresult>
			<points>
				<point>153.000000,208.000000</point>
				<point>151.000000,215.000000</point>
				<point>134.000000,209.000000</point>
				<point>136.000000,202.000000</point>
				<point>153.000000,208.000000</point>
			</points>
		</object>
		<object>
			<coordinate>pixel</coordinate>
			<type>rectangle</type>
			<description>None</description>
			<possibleresult>
				<name>Van</name>
			</possibleresult>
			<points>
				<point>177.000000,168.000000</point>
				<point>169.000000,168.000000</point>
				<point>169.000000,159.000000</point>
				<point>177.000000,159.000000</point>
				<point>177.000000,168.000000</point>
			</points>
		</object>
		<object>
			<coordinate>pixel</coordinate>
			<type>rectangle</type>
			<description>None</description>
			<possibleresult>
				<name>Van</name>
			</possibleresult>
			<points>
				<point>214.000000,145.000000</point>
				<point>205.000000,145.000000</point>
				<point>204.000000,126.000000</point>
				<point>213.000000,126.000000</point>
				<point>214.000000,145.000000</point>
			</points>
		</object>
		<object>
			<coordinate>pixel</coordinate>
			<type>rectangle</type>
			<description>None</description>
			<possibleresult>
				<name>Van</name>
			</possibleresult>
			<points>
				<point>178.000000,107.000000</point>
				<point>168.000000,107.000000</point>
				<point>168.000000,87.000000</point>
				<point>177.000000,87.000000</point>
				<point>178.000000,107.000000</point>
			</points>
		</object>
		<object>
			<coordinate>pixel</coordinate>
			<type>rectangle</type>
			<description>None</description>
			<possibleresult>
				<name>Small Car</name>
			</possibleresult>
			<points>
				<point>30.000000,634.000000</point>
				<point>16.000000,643.000000</point>
				<point>12.000000,637.000000</point>
				<point>26.000000,628.000000</point>
				<point>30.000000,634.000000</point>
			</points>
		</object>
		<object>
			<coordinate>pixel</coordinate>
			<type>rectangle</type>
			<description>None</description>
			<possibleresult>
				<name>Van</name>
			</possibleresult>
			<points>
				<point>24.000000,620.000000</point>
				<point>13.000000,628.000000</point>
				<point>10.000000,622.000000</point>
				<point>21.000000,615.000000</point>
				<point>24.000000,620.000000</point>
			</points>
		</object>
		<object>
			<coordinate>pixel</coordinate>
			<type>rectangle</type>
			<description>None</description>
			<possibleresult>
				<name>Van</name>
			</possibleresult>
			<points>
				<point>46.000000,547.000000</point>
				<point>31.000000,557.000000</point>
				<point>27.000000,550.000000</point>
				<point>42.000000,541.000000</point>
				<point>46.000000,547.000000</point>
			</points>
		</object>
		<object>
			<coordinate>pixel</coordinate>
			<type>rectangle</type>
			<description>None</description>
			<possibleresult>
				<name>Van</name>
			</possibleresult>
			<points>
				<point>64.000000,536.000000</point>
				<point>50.000000,545.000000</point>
				<point>46.000000,538.000000</point>
				<point>61.000000,530.000000</point>
				<point>64.000000,536.000000</point>
			</points>
		</object>
		<object>
			<coordinate>pixel</coordinate>
			<type>rectangle</type>
			<description>None</description>
			<possibleresult>
				<name>Small Car</name>
			</possibleresult>
			<points>
				<point>113.000000,504.000000</point>
				<point>99.000000,513.000000</point>
				<point>95.000000,507.000000</point>
				<point>109.000000,498.000000</point>
				<point>113.000000,504.000000</point>
			</points>
		</object>
		<object>
			<coordinate>pixel</coordinate>
			<type>rectangle</type>
			<description>None</description>
			<possibleresult>
				<name>Van</name>
			</possibleresult>
			<points>
				<point>187.000000,485.000000</point>
				<point>171.000000,495.000000</point>
				<point>167.000000,489.000000</point>
				<point>183.000000,479.000000</point>
				<point>187.000000,485.000000</point>
			</points>
		</object>
		<object>
			<coordinate>pixel</coordinate>
			<type>rectangle</type>
			<description>None</description>
			<possibleresult>
				<name>Small Car</name>
			</possibleresult>
			<points>
				<point>176.000000,465.000000</point>
				<point>161.000000,474.000000</point>
				<point>158.000000,468.000000</point>
				<point>173.000000,459.000000</point>
				<point>176.000000,465.000000</point>
			</points>
		</object>
		<object>
			<coordinate>pixel</coordinate>
			<type>rectangle</type>
			<description>None</description>
			<possibleresult>
				<name>Van</name>
			</possibleresult>
			<points>
				<point>216.000000,438.000000</point>
				<point>202.000000,448.000000</point>
				<point>198.000000,442.000000</point>
				<point>213.000000,432.000000</point>
				<point>216.000000,438.000000</point>
			</points>
		</object>
		<object>
			<coordinate>pixel</coordinate>
			<type>rectangle</type>
			<description>None</description>
			<possibleresult>
				<name>Van</name>
			</possibleresult>
			<points>
				<point>209.000000,504.000000</point>
				<point>196.000000,512.000000</point>
				<point>192.000000,505.000000</point>
				<point>205.000000,498.000000</point>
				<point>209.000000,504.000000</point>
			</points>
		</object>
		<object>
			<coordinate>pixel</coordinate>
			<type>rectangle</type>
			<description>None</description>
			<possibleresult>
				<name>Van</name>
			</possibleresult>
			<points>
				<point>271.000000,480.000000</point>
				<point>259.000000,488.000000</point>
				<point>254.000000,481.000000</point>
				<point>266.000000,473.000000</point>
				<point>271.000000,480.000000</point>
			</points>
		</object>
		<object>
			<coordinate>pixel</coordinate>
			<type>rectangle</type>
			<description>None</description>
			<possibleresult>
				<name>Van</name>
			</possibleresult>
			<points>
				<point>285.000000,483.000000</point>
				<point>276.000000,488.000000</point>
				<point>273.000000,482.000000</point>
				<point>282.000000,478.000000</point>
				<point>285.000000,483.000000</point>
			</points>
		</object>
		<object>
			<coordinate>pixel</coordinate>
			<type>rectangle</type>
			<description>None</description>
			<possibleresult>
				<name>Van</name>
			</possibleresult>
			<points>
				<point>301.000000,473.000000</point>
				<point>289.000000,481.000000</point>
				<point>285.000000,476.000000</point>
				<point>298.000000,468.000000</point>
				<point>301.000000,473.000000</point>
			</points>
		</object>
		<object>
			<coordinate>pixel</coordinate>
			<type>rectangle</type>
			<description>None</description>
			<possibleresult>
				<name>Van</name>
			</possibleresult>
			<points>
				<point>320.000000,460.000000</point>
				<point>306.000000,470.000000</point>
				<point>302.000000,465.000000</point>
				<point>316.000000,454.000000</point>
				<point>320.000000,460.000000</point>
			</points>
		</object>
		<object>
			<coordinate>pixel</coordinate>
			<type>rectangle</type>
			<description>None</description>
			<possibleresult>
				<name>Dump Truck</name>
			</possibleresult>
			<points>
				<point>311.000000,381.000000</point>
				<point>294.000000,391.000000</point>
				<point>290.000000,384.000000</point>
				<point>307.000000,374.000000</point>
				<point>311.000000,381.000000</point>
			</points>
		</object>
		<object>
			<coordinate>pixel</coordinate>
			<type>rectangle</type>
			<description>None</description>
			<possibleresult>
				<name>Van</name>
			</possibleresult>
			<points>
				<point>329.000000,367.000000</point>
				<point>316.000000,376.000000</point>
				<point>312.000000,370.000000</point>
				<point>325.000000,360.000000</point>
				<point>329.000000,367.000000</point>
			</points>
		</object>
		<object>
			<coordinate>pixel</coordinate>
			<type>rectangle</type>
			<description>None</description>
			<possibleresult>
				<name>Van</name>
			</possibleresult>
			<points>
				<point>397.000000,338.000000</point>
				<point>364.000000,357.000000</point>
				<point>359.000000,348.000000</point>
				<point>391.000000,329.000000</point>
				<point>397.000000,338.000000</point>
			</points>
		</object>
		<object>
			<coordinate>pixel</coordinate>
			<type>rectangle</type>
			<description>None</description>
			<possibleresult>
				<name>Van</name>
			</possibleresult>
			<points>
				<point>449.000000,293.000000</point>
				<point>434.000000,302.000000</point>
				<point>430.000000,296.000000</point>
				<point>445.000000,286.000000</point>
				<point>449.000000,293.000000</point>
			</points>
		</object>
		<object>
			<coordinate>pixel</coordinate>
			<type>rectangle</type>
			<description>None</description>
			<possibleresult>
				<name>Van</name>
			</possibleresult>
			<points>
				<point>484.000000,299.000000</point>
				<point>471.000000,309.000000</point>
				<point>466.000000,302.000000</point>
				<point>480.000000,292.000000</point>
				<point>484.000000,299.000000</point>
			</points>
		</object>
		<object>
			<coordinate>pixel</coordinate>
			<type>rectangle</type>
			<description>None</description>
			<possibleresult>
				<name>Van</name>
			</possibleresult>
			<points>
				<point>559.000000,354.000000</point>
				<point>553.000000,360.000000</point>
				<point>540.000000,346.000000</point>
				<point>546.000000,340.000000</point>
				<point>559.000000,354.000000</point>
			</points>
		</object>
		<object>
			<coordinate>pixel</coordinate>
			<type>rectangle</type>
			<description>None</description>
			<possibleresult>
				<name>Van</name>
			</possibleresult>
			<points>
				<point>591.000000,397.000000</point>
				<point>574.000000,410.000000</point>
				<point>569.000000,404.000000</point>
				<point>586.000000,391.000000</point>
				<point>591.000000,397.000000</point>
			</points>
		</object>
		<object>
			<coordinate>pixel</coordinate>
			<type>rectangle</type>
			<description>None</description>
			<possibleresult>
				<name>Van</name>
			</possibleresult>
			<points>
				<point>530.000000,426.000000</point>
				<point>526.000000,429.000000</point>
				<point>520.000000,421.000000</point>
				<point>524.000000,417.000000</point>
				<point>530.000000,426.000000</point>
			</points>
		</object>
		<object>
			<coordinate>pixel</coordinate>
			<type>rectangle</type>
			<description>None</description>
			<possibleresult>
				<name>Van</name>
			</possibleresult>
			<points>
				<point>540.000000,373.000000</point>
				<point>532.000000,381.000000</point>
				<point>510.000000,361.000000</point>
				<point>518.000000,353.000000</point>
				<point>540.000000,373.000000</point>
			</points>
		</object>
		<object>
			<coordinate>pixel</coordinate>
			<type>rectangle</type>
			<description>None</description>
			<possibleresult>
				<name>Van</name>
			</possibleresult>
			<points>
				<point>441.000000,466.000000</point>
				<point>433.000000,467.000000</point>
				<point>431.000000,452.000000</point>
				<point>439.000000,451.000000</point>
				<point>441.000000,466.000000</point>
			</points>
		</object>
		<object>
			<coordinate>pixel</coordinate>
			<type>rectangle</type>
			<description>None</description>
			<possibleresult>
				<name>Van</name>
			</possibleresult>
			<points>
				<point>432.000000,475.000000</point>
				<point>424.000000,476.000000</point>
				<point>422.000000,459.000000</point>
				<point>431.000000,458.000000</point>
				<point>432.000000,475.000000</point>
			</points>
		</object>
		<object>
			<coordinate>pixel</coordinate>
			<type>rectangle</type>
			<description>None</description>
			<possibleresult>
				<name>Van</name>
			</possibleresult>
			<points>
				<point>466.000000,469.000000</point>
				<point>464.000000,475.000000</point>
				<point>449.000000,471.000000</point>
				<point>450.000000,465.000000</point>
				<point>466.000000,469.000000</point>
			</points>
		</object>
		<object>
			<coordinate>pixel</coordinate>
			<type>rectangle</type>
			<description>None</description>
			<possibleresult>
				<name>Van</name>
			</possibleresult>
			<points>
				<point>442.000000,485.000000</point>
				<point>440.000000,492.000000</point>
				<point>420.000000,486.000000</point>
				<point>422.000000,478.000000</point>
				<point>442.000000,485.000000</point>
			</points>
		</object>
		<object>
			<coordinate>pixel</coordinate>
			<type>rectangle</type>
			<description>None</description>
			<possibleresult>
				<name>Van</name>
			</possibleresult>
			<points>
				<point>434.000000,492.000000</point>
				<point>431.000000,500.000000</point>
				<point>410.000000,491.000000</point>
				<point>413.000000,484.000000</point>
				<point>434.000000,492.000000</point>
			</points>
		</object>
		<object>
			<coordinate>pixel</coordinate>
			<type>rectangle</type>
			<description>None</description>
			<possibleresult>
				<name>Van</name>
			</possibleresult>
			<points>
				<point>422.000000,498.000000</point>
				<point>420.000000,504.000000</point>
				<point>401.000000,497.000000</point>
				<point>403.000000,491.000000</point>
				<point>422.000000,498.000000</point>
			</points>
		</object>
		<object>
			<coordinate>pixel</coordinate>
			<type>rectangle</type>
			<description>None</description>
			<possibleresult>
				<name>Van</name>
			</possibleresult>
			<points>
				<point>412.000000,503.000000</point>
				<point>409.000000,510.000000</point>
				<point>390.000000,503.000000</point>
				<point>393.000000,496.000000</point>
				<point>412.000000,503.000000</point>
			</points>
		</object>
		<object>
			<coordinate>pixel</coordinate>
			<type>rectangle</type>
			<description>None</description>
			<possibleresult>
				<name>Small Car</name>
			</possibleresult>
			<points>
				<point>395.000000,515.000000</point>
				<point>393.000000,522.000000</point>
				<point>374.000000,516.000000</point>
				<point>376.000000,510.000000</point>
				<point>395.000000,515.000000</point>
			</points>
		</object>
		<object>
			<coordinate>pixel</coordinate>
			<type>rectangle</type>
			<description>None</description>
			<possibleresult>
				<name>Dump Truck</name>
			</possibleresult>
			<points>
				<point>430.000000,520.000000</point>
				<point>414.000000,531.000000</point>
				<point>410.000000,525.000000</point>
				<point>426.000000,514.000000</point>
				<point>430.000000,520.000000</point>
			</points>
		</object>
		<object>
			<coordinate>pixel</coordinate>
			<type>rectangle</type>
			<description>None</description>
			<possibleresult>
				<name>Van</name>
			</possibleresult>
			<points>
				<point>344.000000,511.000000</point>
				<point>338.000000,516.000000</point>
				<point>329.000000,505.000000</point>
				<point>335.000000,500.000000</point>
				<point>344.000000,511.000000</point>
			</points>
		</object>
		<object>
			<coordinate>pixel</coordinate>
			<type>rectangle</type>
			<description>None</description>
			<possibleresult>
				<name>Small Car</name>
			</possibleresult>
			<points>
				<point>373.000000,510.000000</point>
				<point>366.000000,510.000000</point>
				<point>366.000000,495.000000</point>
				<point>373.000000,495.000000</point>
				<point>373.000000,510.000000</point>
			</points>
		</object>
		<object>
			<coordinate>pixel</coordinate>
			<type>rectangle</type>
			<description>None</description>
			<possibleresult>
				<name>Small Car</name>
			</possibleresult>
			<points>
				<point>384.000000,505.000000</point>
				<point>375.000000,505.000000</point>
				<point>374.000000,488.000000</point>
				<point>382.000000,487.000000</point>
				<point>384.000000,505.000000</point>
			</points>
		</object>
		<object>
			<coordinate>pixel</coordinate>
			<type>rectangle</type>
			<description>None</description>
			<possibleresult>
				<name>Small Car</name>
			</possibleresult>
			<points>
				<point>413.000000,485.000000</point>
				<point>405.000000,486.000000</point>
				<point>404.000000,471.000000</point>
				<point>412.000000,470.000000</point>
				<point>413.000000,485.000000</point>
			</points>
		</object>
		<object>
			<coordinate>pixel</coordinate>
			<type>rectangle</type>
			<description>None</description>
			<possibleresult>
				<name>Small Car</name>
			</possibleresult>
			<points>
				<point>370.000000,470.000000</point>
				<point>356.000000,480.000000</point>
				<point>351.000000,473.000000</point>
				<point>366.000000,463.000000</point>
				<point>370.000000,470.000000</point>
			</points>
		</object>
		<object>
			<coordinate>pixel</coordinate>
			<type>rectangle</type>
			<description>None</description>
			<possibleresult>
				<name>Van</name>
			</possibleresult>
			<points>
				<point>580.000000,555.000000</point>
				<point>576.000000,559.000000</point>
				<point>563.000000,546.000000</point>
				<point>568.000000,541.000000</point>
				<point>580.000000,555.000000</point>
			</points>
		</object>
		<object>
			<coordinate>pixel</coordinate>
			<type>rectangle</type>
			<description>None</description>
			<possibleresult>
				<name>Van</name>
			</possibleresult>
			<points>
				<point>599.000000,576.000000</point>
				<point>595.000000,580.000000</point>
				<point>584.000000,569.000000</point>
				<point>589.000000,565.000000</point>
				<point>599.000000,576.000000</point>
			</points>
		</object>
		<object>
			<coordinate>pixel</coordinate>
			<type>rectangle</type>
			<description>None</description>
			<possibleresult>
				<name>Van</name>
			</possibleresult>
			<points>
				<point>593.000000,659.000000</point>
				<point>580.000000,668.000000</point>
				<point>575.000000,661.000000</point>
				<point>589.000000,653.000000</point>
				<point>593.000000,659.000000</point>
			</points>
		</object>
		<object>
			<coordinate>pixel</coordinate>
			<type>rectangle</type>
			<description>None</description>
			<possibleresult>
				<name>Van</name>
			</possibleresult>
			<points>
				<point>542.000000,689.000000</point>
				<point>530.000000,697.000000</point>
				<point>526.000000,692.000000</point>
				<point>539.000000,683.000000</point>
				<point>542.000000,689.000000</point>
			</points>
		</object>
		<object>
			<coordinate>pixel</coordinate>
			<type>rectangle</type>
			<description>None</description>
			<possibleresult>
				<name>Van</name>
			</possibleresult>
			<points>
				<point>573.000000,702.000000</point>
				<point>562.000000,709.000000</point>
				<point>558.000000,703.000000</point>
				<point>569.000000,696.000000</point>
				<point>573.000000,702.000000</point>
			</points>
		</object>
		<object>
			<coordinate>pixel</coordinate>
			<type>rectangle</type>
			<description>None</description>
			<possibleresult>
				<name>Dump Truck</name>
			</possibleresult>
			<points>
				<point>524.000000,703.000000</point>
				<point>507.000000,713.000000</point>
				<point>503.000000,706.000000</point>
				<point>519.000000,696.000000</point>
				<point>524.000000,703.000000</point>
			</points>
		</object>
		<object>
			<coordinate>pixel</coordinate>
			<type>rectangle</type>
			<description>None</description>
			<possibleresult>
				<name>Small Car</name>
			</possibleresult>
			<points>
				<point>497.000000,717.000000</point>
				<point>481.000000,728.000000</point>
				<point>476.000000,720.000000</point>
				<point>493.000000,709.000000</point>
				<point>497.000000,717.000000</point>
			</points>
		</object>
		<object>
			<coordinate>pixel</coordinate>
			<type>rectangle</type>
			<description>None</description>
			<possibleresult>
				<name>Van</name>
			</possibleresult>
			<points>
				<point>475.000000,733.000000</point>
				<point>462.000000,740.000000</point>
				<point>459.000000,733.000000</point>
				<point>471.000000,727.000000</point>
				<point>475.000000,733.000000</point>
			</points>
		</object>
		<object>
			<coordinate>pixel</coordinate>
			<type>rectangle</type>
			<description>None</description>
			<possibleresult>
				<name>Small Car</name>
			</possibleresult>
			<points>
				<point>451.000000,746.000000</point>
				<point>434.000000,756.000000</point>
				<point>430.000000,749.000000</point>
				<point>447.000000,739.000000</point>
				<point>451.000000,746.000000</point>
			</points>
		</object>
		<object>
			<coordinate>pixel</coordinate>
			<type>rectangle</type>
			<description>None</description>
			<possibleresult>
				<name>Van</name>
			</possibleresult>
			<points>
				<point>483.000000,586.000000</point>
				<point>462.000000,598.000000</point>
				<point>457.000000,590.000000</point>
				<point>477.000000,577.000000</point>
				<point>483.000000,586.000000</point>
			</points>
		</object>
		<object>
			<coordinate>pixel</coordinate>
			<type>rectangle</type>
			<description>None</description>
			<possibleresult>
				<name>Van</name>
			</possibleresult>
			<points>
				<point>462.000000,599.000000</point>
				<point>448.000000,607.000000</point>
				<point>444.000000,601.000000</point>
				<point>458.000000,592.000000</point>
				<point>462.000000,599.000000</point>
			</points>
		</object>
		<object>
			<coordinate>pixel</coordinate>
			<type>rectangle</type>
			<description>None</description>
			<possibleresult>
				<name>Small Car</name>
			</possibleresult>
			<points>
				<point>440.000000,611.000000</point>
				<point>426.000000,623.000000</point>
				<point>420.000000,617.000000</point>
				<point>435.000000,605.000000</point>
				<point>440.000000,611.000000</point>
			</points>
		</object>
		<object>
			<coordinate>pixel</coordinate>
			<type>rectangle</type>
			<description>None</description>
			<possibleresult>
				<name>Dump Truck</name>
			</possibleresult>
			<points>
				<point>414.000000,627.000000</point>
				<point>397.000000,639.000000</point>
				<point>392.000000,632.000000</point>
				<point>409.000000,620.000000</point>
				<point>414.000000,627.000000</point>
			</points>
		</object>
		<object>
			<coordinate>pixel</coordinate>
			<type>rectangle</type>
			<description>None</description>
			<possibleresult>
				<name>Small Car</name>
			</possibleresult>
			<points>
				<point>369.000000,658.000000</point>
				<point>351.000000,668.000000</point>
				<point>347.000000,660.000000</point>
				<point>365.000000,650.000000</point>
				<point>369.000000,658.000000</point>
			</points>
		</object>
		<object>
			<coordinate>pixel</coordinate>
			<type>rectangle</type>
			<description>None</description>
			<possibleresult>
				<name>Van</name>
			</possibleresult>
			<points>
				<point>319.000000,688.000000</point>
				<point>306.000000,697.000000</point>
				<point>301.000000,690.000000</point>
				<point>315.000000,681.000000</point>
				<point>319.000000,688.000000</point>
			</points>
		</object>
		<object>
			<coordinate>pixel</coordinate>
			<type>rectangle</type>
			<description>None</description>
			<possibleresult>
				<name>Small Car</name>
			</possibleresult>
			<points>
				<point>311.000000,599.000000</point>
				<point>294.000000,608.000000</point>
				<point>291.000000,601.000000</point>
				<point>308.000000,592.000000</point>
				<point>311.000000,599.000000</point>
			</points>
		</object>
		<object>
			<coordinate>pixel</coordinate>
			<type>rectangle</type>
			<description>None</description>
			<possibleresult>
				<name>Van</name>
			</possibleresult>
			<points>
				<point>276.000000,623.000000</point>
				<point>255.000000,637.000000</point>
				<point>249.000000,628.000000</point>
				<point>271.000000,614.000000</point>
				<point>276.000000,623.000000</point>
			</points>
		</object>
		<object>
			<coordinate>pixel</coordinate>
			<type>rectangle</type>
			<description>None</description>
			<possibleresult>
				<name>Van</name>
			</possibleresult>
			<points>
				<point>234.000000,592.000000</point>
				<point>231.000000,605.000000</point>
				<point>223.000000,603.000000</point>
				<point>226.000000,590.000000</point>
				<point>234.000000,592.000000</point>
			</points>
		</object>
		<object>
			<coordinate>pixel</coordinate>
			<type>rectangle</type>
			<description>None</description>
			<possibleresult>
				<name>Dump Truck</name>
			</possibleresult>
			<points>
				<point>218.000000,569.000000</point>
				<point>214.000000,587.000000</point>
				<point>204.000000,585.000000</point>
				<point>208.000000,567.000000</point>
				<point>218.000000,569.000000</point>
			</points>
		</object>
	</objects>
</annotation>