<?xml version="1.0" encoding="utf-8"?>
<annotation>
	<source>
		<filename>6505.tif</filename>
		<origin>GF2/GF3</origin>
	</source>
	<research>
		<version>1.0</version>
		<provider>FAIR1M</provider>
		<author>Cyber</author>
		<pluginname>FAIR1M</pluginname>
		<pluginclass>object detection</pluginclass>
		<time>2021-07-21</time>
	</research>
	<size>
		<width>1000</width>
		<height>1000</height>
		<depth>3</depth>
	</size>
	<objects>
		<object>
			<coordinate>pixel</coordinate>
			<type>rectangle</type>
			<description>None</description>
			<possibleresult>
				<name>Fishing Boat</name>
			</possibleresult>
			<points>
				<point>600.000000,38.000000</point>
				<point>496.000000,10.000000</point>
				<point>490.000000,29.000000</point>
				<point>596.000000,61.000000</point>
				<point>600.000000,38.000000</point>
			</points>
		</object>
		<object>
			<coordinate>pixel</coordinate>
			<type>rectangle</type>
			<description>None</description>
			<possibleresult>
				<name>Liquid Cargo Ship</name>
			</possibleresult>
			<points>
				<point>150.000000,489.000000</point>
				<point>8.000000,454.000000</point>
				<point>3.000000,476.000000</point>
				<point>147.000000,512.000000</point>
				<point>150.000000,489.000000</point>
			</points>
		</object>
	</objects>
</annotation>