<?xml version="1.0" encoding="utf-8"?>
<annotation>
	<source>
		<filename>6545.tif</filename>
		<origin>GF2/GF3</origin>
	</source>
	<research>
		<version>1.0</version>
		<provider>FAIR1M</provider>
		<author>Cyber</author>
		<pluginname>FAIR1M</pluginname>
		<pluginclass>object detection</pluginclass>
		<time>2021-07-21</time>
	</research>
	<size>
		<width>1000</width>
		<height>1000</height>
		<depth>3</depth>
	</size>
	<objects>
		<object>
			<coordinate>pixel</coordinate>
			<type>rectangle</type>
			<description>None</description>
			<possibleresult>
				<name>other-airplane</name>
			</possibleresult>
			<points>
				<point>23.000000,29.000000</point>
				<point>59.000000,60.000000</point>
				<point>92.000000,23.000000</point>
				<point>56.000000,-8.000000</point>
				<point>23.000000,29.000000</point>
			</points>
		</object>
	</objects>
</annotation>