<?xml version="1.0" encoding="utf-8"?>
<annotation>
	<source>
		<filename>6626.tif</filename>
		<origin>GF2/GF3</origin>
	</source>
	<research>
		<version>1.0</version>
		<provider>FAIR1M</provider>
		<author>Cyber</author>
		<pluginname>FAIR1M</pluginname>
		<pluginclass>object detection</pluginclass>
		<time>2021-07-21</time>
	</research>
	<size>
		<width>1000</width>
		<height>1000</height>
		<depth>3</depth>
	</size>
	<objects>
		<object>
			<coordinate>pixel</coordinate>
			<type>rectangle</type>
			<description>None</description>
			<possibleresult>
				<name>Van</name>
			</possibleresult>
			<points>
				<point>626.000000,435.000000</point>
				<point>611.000000,435.000000</point>
				<point>611.000000,428.000000</point>
				<point>626.000000,428.000000</point>
				<point>626.000000,435.000000</point>
			</points>
		</object>
		<object>
			<coordinate>pixel</coordinate>
			<type>rectangle</type>
			<description>None</description>
			<possibleresult>
				<name>Bus</name>
			</possibleresult>
			<points>
				<point>474.000000,584.000000</point>
				<point>421.000000,583.000000</point>
				<point>421.000000,573.000000</point>
				<point>474.000000,574.000000</point>
				<point>474.000000,584.000000</point>
			</points>
		</object>
		<object>
			<coordinate>pixel</coordinate>
			<type>rectangle</type>
			<description>None</description>
			<possibleresult>
				<name>Small Car</name>
			</possibleresult>
			<points>
				<point>993.000000,55.000000</point>
				<point>983.000000,56.000000</point>
				<point>983.000000,38.000000</point>
				<point>993.000000,38.000000</point>
				<point>993.000000,55.000000</point>
			</points>
		</object>
		<object>
			<coordinate>pixel</coordinate>
			<type>rectangle</type>
			<description>None</description>
			<possibleresult>
				<name>Small Car</name>
			</possibleresult>
			<points>
				<point>995.000000,122.000000</point>
				<point>983.000000,122.000000</point>
				<point>983.000000,99.000000</point>
				<point>994.000000,98.000000</point>
				<point>995.000000,122.000000</point>
			</points>
		</object>
		<object>
			<coordinate>pixel</coordinate>
			<type>rectangle</type>
			<description>None</description>
			<possibleresult>
				<name>Dump Truck</name>
			</possibleresult>
			<points>
				<point>994.000000,231.000000</point>
				<point>981.000000,231.000000</point>
				<point>981.000000,209.000000</point>
				<point>993.000000,209.000000</point>
				<point>994.000000,231.000000</point>
			</points>
		</object>
		<object>
			<coordinate>pixel</coordinate>
			<type>rectangle</type>
			<description>None</description>
			<possibleresult>
				<name>Small Car</name>
			</possibleresult>
			<points>
				<point>960.000000,409.000000</point>
				<point>938.000000,409.000000</point>
				<point>938.000000,400.000000</point>
				<point>960.000000,401.000000</point>
				<point>960.000000,409.000000</point>
			</points>
		</object>
		<object>
			<coordinate>pixel</coordinate>
			<type>rectangle</type>
			<description>None</description>
			<possibleresult>
				<name>Van</name>
			</possibleresult>
			<points>
				<point>992.000000,444.000000</point>
				<point>981.000000,444.000000</point>
				<point>981.000000,427.000000</point>
				<point>991.000000,427.000000</point>
				<point>992.000000,444.000000</point>
			</points>
		</object>
		<object>
			<coordinate>pixel</coordinate>
			<type>rectangle</type>
			<description>None</description>
			<possibleresult>
				<name>Van</name>
			</possibleresult>
			<points>
				<point>968.000000,485.000000</point>
				<point>940.000000,485.000000</point>
				<point>940.000000,477.000000</point>
				<point>968.000000,477.000000</point>
				<point>968.000000,485.000000</point>
			</points>
		</object>
		<object>
			<coordinate>pixel</coordinate>
			<type>rectangle</type>
			<description>None</description>
			<possibleresult>
				<name>Small Car</name>
			</possibleresult>
			<points>
				<point>963.000000,493.000000</point>
				<point>938.000000,493.000000</point>
				<point>938.000000,486.000000</point>
				<point>963.000000,486.000000</point>
				<point>963.000000,493.000000</point>
			</points>
		</object>
		<object>
			<coordinate>pixel</coordinate>
			<type>rectangle</type>
			<description>None</description>
			<possibleresult>
				<name>Van</name>
			</possibleresult>
			<points>
				<point>992.000000,532.000000</point>
				<point>979.000000,532.000000</point>
				<point>979.000000,514.000000</point>
				<point>992.000000,514.000000</point>
				<point>992.000000,532.000000</point>
			</points>
		</object>
		<object>
			<coordinate>pixel</coordinate>
			<type>rectangle</type>
			<description>None</description>
			<possibleresult>
				<name>Small Car</name>
			</possibleresult>
			<points>
				<point>991.000000,555.000000</point>
				<point>982.000000,555.000000</point>
				<point>981.000000,537.000000</point>
				<point>990.000000,537.000000</point>
				<point>991.000000,555.000000</point>
			</points>
		</object>
		<object>
			<coordinate>pixel</coordinate>
			<type>rectangle</type>
			<description>None</description>
			<possibleresult>
				<name>Van</name>
			</possibleresult>
			<points>
				<point>964.000000,550.000000</point>
				<point>948.000000,549.000000</point>
				<point>948.000000,542.000000</point>
				<point>964.000000,542.000000</point>
				<point>964.000000,550.000000</point>
			</points>
		</object>
		<object>
			<coordinate>pixel</coordinate>
			<type>rectangle</type>
			<description>None</description>
			<possibleresult>
				<name>Motorboat</name>
			</possibleresult>
			<points>
				<point>960.000000,549.000000</point>
				<point>959.000000,557.000000</point>
				<point>934.000000,555.000000</point>
				<point>934.000000,548.000000</point>
				<point>960.000000,549.000000</point>
			</points>
		</object>
		<object>
			<coordinate>pixel</coordinate>
			<type>rectangle</type>
			<description>None</description>
			<possibleresult>
				<name>Van</name>
			</possibleresult>
			<points>
				<point>964.000000,611.000000</point>
				<point>963.000000,621.000000</point>
				<point>938.000000,620.000000</point>
				<point>938.000000,610.000000</point>
				<point>964.000000,611.000000</point>
			</points>
		</object>
		<object>
			<coordinate>pixel</coordinate>
			<type>rectangle</type>
			<description>None</description>
			<possibleresult>
				<name>Dump Truck</name>
			</possibleresult>
			<points>
				<point>968.000000,631.000000</point>
				<point>941.000000,630.000000</point>
				<point>941.000000,621.000000</point>
				<point>968.000000,621.000000</point>
				<point>968.000000,631.000000</point>
			</points>
		</object>
		<object>
			<coordinate>pixel</coordinate>
			<type>rectangle</type>
			<description>None</description>
			<possibleresult>
				<name>Small Car</name>
			</possibleresult>
			<points>
				<point>991.000000,674.000000</point>
				<point>981.000000,674.000000</point>
				<point>981.000000,656.000000</point>
				<point>991.000000,656.000000</point>
				<point>991.000000,674.000000</point>
			</points>
		</object>
		<object>
			<coordinate>pixel</coordinate>
			<type>rectangle</type>
			<description>None</description>
			<possibleresult>
				<name>Small Car</name>
			</possibleresult>
			<points>
				<point>959.000000,703.000000</point>
				<point>937.000000,705.000000</point>
				<point>936.000000,697.000000</point>
				<point>958.000000,695.000000</point>
				<point>959.000000,703.000000</point>
			</points>
		</object>
		<object>
			<coordinate>pixel</coordinate>
			<type>rectangle</type>
			<description>None</description>
			<possibleresult>
				<name>Small Car</name>
			</possibleresult>
			<points>
				<point>947.000000,727.000000</point>
				<point>923.000000,728.000000</point>
				<point>923.000000,719.000000</point>
				<point>947.000000,719.000000</point>
				<point>947.000000,727.000000</point>
			</points>
		</object>
		<object>
			<coordinate>pixel</coordinate>
			<type>rectangle</type>
			<description>None</description>
			<possibleresult>
				<name>Van</name>
			</possibleresult>
			<points>
				<point>941.000000,950.000000</point>
				<point>938.000000,959.000000</point>
				<point>918.000000,952.000000</point>
				<point>921.000000,944.000000</point>
				<point>941.000000,950.000000</point>
			</points>
		</object>
		<object>
			<coordinate>pixel</coordinate>
			<type>rectangle</type>
			<description>None</description>
			<possibleresult>
				<name>Small Car</name>
			</possibleresult>
			<points>
				<point>538.000000,951.000000</point>
				<point>529.000000,951.000000</point>
				<point>529.000000,934.000000</point>
				<point>537.000000,934.000000</point>
				<point>538.000000,951.000000</point>
			</points>
		</object>
		<object>
			<coordinate>pixel</coordinate>
			<type>rectangle</type>
			<description>None</description>
			<possibleresult>
				<name>Van</name>
			</possibleresult>
			<points>
				<point>502.000000,917.000000</point>
				<point>493.000000,921.000000</point>
				<point>484.000000,896.000000</point>
				<point>493.000000,893.000000</point>
				<point>502.000000,917.000000</point>
			</points>
		</object>
		<object>
			<coordinate>pixel</coordinate>
			<type>rectangle</type>
			<description>None</description>
			<possibleresult>
				<name>Small Car</name>
			</possibleresult>
			<points>
				<point>628.000000,419.000000</point>
				<point>627.000000,426.000000</point>
				<point>612.000000,425.000000</point>
				<point>612.000000,418.000000</point>
				<point>628.000000,419.000000</point>
			</points>
		</object>
		<object>
			<coordinate>pixel</coordinate>
			<type>rectangle</type>
			<description>None</description>
			<possibleresult>
				<name>Small Car</name>
			</possibleresult>
			<points>
				<point>611.000000,417.000000</point>
				<point>601.000000,428.000000</point>
				<point>596.000000,423.000000</point>
				<point>607.000000,412.000000</point>
				<point>611.000000,417.000000</point>
			</points>
		</object>
		<object>
			<coordinate>pixel</coordinate>
			<type>rectangle</type>
			<description>None</description>
			<possibleresult>
				<name>Small Car</name>
			</possibleresult>
			<points>
				<point>619.000000,354.000000</point>
				<point>607.000000,366.000000</point>
				<point>601.000000,359.000000</point>
				<point>613.000000,347.000000</point>
				<point>619.000000,354.000000</point>
			</points>
		</object>
		<object>
			<coordinate>pixel</coordinate>
			<type>rectangle</type>
			<description>None</description>
			<possibleresult>
				<name>Van</name>
			</possibleresult>
			<points>
				<point>608.000000,112.000000</point>
				<point>591.000000,123.000000</point>
				<point>587.000000,116.000000</point>
				<point>604.000000,105.000000</point>
				<point>608.000000,112.000000</point>
			</points>
		</object>
		<object>
			<coordinate>pixel</coordinate>
			<type>rectangle</type>
			<description>None</description>
			<possibleresult>
				<name>Small Car</name>
			</possibleresult>
			<points>
				<point>502.000000,65.000000</point>
				<point>494.000000,65.000000</point>
				<point>494.000000,48.000000</point>
				<point>502.000000,48.000000</point>
				<point>502.000000,65.000000</point>
			</points>
		</object>
		<object>
			<coordinate>pixel</coordinate>
			<type>rectangle</type>
			<description>None</description>
			<possibleresult>
				<name>Van</name>
			</possibleresult>
			<points>
				<point>469.000000,95.000000</point>
				<point>449.000000,95.000000</point>
				<point>449.000000,87.000000</point>
				<point>469.000000,87.000000</point>
				<point>469.000000,95.000000</point>
			</points>
		</object>
		<object>
			<coordinate>pixel</coordinate>
			<type>rectangle</type>
			<description>None</description>
			<possibleresult>
				<name>Van</name>
			</possibleresult>
			<points>
				<point>475.000000,203.000000</point>
				<point>452.000000,202.000000</point>
				<point>453.000000,195.000000</point>
				<point>475.000000,196.000000</point>
				<point>475.000000,203.000000</point>
			</points>
		</object>
		<object>
			<coordinate>pixel</coordinate>
			<type>rectangle</type>
			<description>None</description>
			<possibleresult>
				<name>Van</name>
			</possibleresult>
			<points>
				<point>477.000000,213.000000</point>
				<point>451.000000,214.000000</point>
				<point>451.000000,205.000000</point>
				<point>477.000000,205.000000</point>
				<point>477.000000,213.000000</point>
			</points>
		</object>
		<object>
			<coordinate>pixel</coordinate>
			<type>rectangle</type>
			<description>None</description>
			<possibleresult>
				<name>Van</name>
			</possibleresult>
			<points>
				<point>475.000000,274.000000</point>
				<point>456.000000,274.000000</point>
				<point>456.000000,267.000000</point>
				<point>475.000000,266.000000</point>
				<point>475.000000,274.000000</point>
			</points>
		</object>
		<object>
			<coordinate>pixel</coordinate>
			<type>rectangle</type>
			<description>None</description>
			<possibleresult>
				<name>Small Car</name>
			</possibleresult>
			<points>
				<point>501.000000,454.000000</point>
				<point>493.000000,454.000000</point>
				<point>493.000000,436.000000</point>
				<point>501.000000,436.000000</point>
				<point>501.000000,454.000000</point>
			</points>
		</object>
		<object>
			<coordinate>pixel</coordinate>
			<type>rectangle</type>
			<description>None</description>
			<possibleresult>
				<name>Small Car</name>
			</possibleresult>
			<points>
				<point>502.000000,474.000000</point>
				<point>494.000000,474.000000</point>
				<point>494.000000,455.000000</point>
				<point>502.000000,455.000000</point>
				<point>502.000000,474.000000</point>
			</points>
		</object>
		<object>
			<coordinate>pixel</coordinate>
			<type>rectangle</type>
			<description>None</description>
			<possibleresult>
				<name>Small Car</name>
			</possibleresult>
			<points>
				<point>502.000000,607.000000</point>
				<point>491.000000,608.000000</point>
				<point>491.000000,590.000000</point>
				<point>501.000000,590.000000</point>
				<point>502.000000,607.000000</point>
			</points>
		</object>
		<object>
			<coordinate>pixel</coordinate>
			<type>rectangle</type>
			<description>None</description>
			<possibleresult>
				<name>Small Car</name>
			</possibleresult>
			<points>
				<point>471.000000,639.000000</point>
				<point>470.000000,646.000000</point>
				<point>448.000000,645.000000</point>
				<point>448.000000,638.000000</point>
				<point>471.000000,639.000000</point>
			</points>
		</object>
		<object>
			<coordinate>pixel</coordinate>
			<type>rectangle</type>
			<description>None</description>
			<possibleresult>
				<name>Small Car</name>
			</possibleresult>
			<points>
				<point>472.000000,652.000000</point>
				<point>472.000000,659.000000</point>
				<point>452.000000,658.000000</point>
				<point>452.000000,651.000000</point>
				<point>472.000000,652.000000</point>
			</points>
		</object>
		<object>
			<coordinate>pixel</coordinate>
			<type>rectangle</type>
			<description>None</description>
			<possibleresult>
				<name>Small Car</name>
			</possibleresult>
			<points>
				<point>190.000000,757.000000</point>
				<point>180.000000,757.000000</point>
				<point>180.000000,741.000000</point>
				<point>190.000000,740.000000</point>
				<point>190.000000,757.000000</point>
			</points>
		</object>
		<object>
			<coordinate>pixel</coordinate>
			<type>rectangle</type>
			<description>None</description>
			<possibleresult>
				<name>Small Car</name>
			</possibleresult>
			<points>
				<point>212.000000,769.000000</point>
				<point>204.000000,773.000000</point>
				<point>195.000000,757.000000</point>
				<point>202.000000,753.000000</point>
				<point>212.000000,769.000000</point>
			</points>
		</object>
		<object>
			<coordinate>pixel</coordinate>
			<type>rectangle</type>
			<description>None</description>
			<possibleresult>
				<name>Small Car</name>
			</possibleresult>
			<points>
				<point>472.000000,412.000000</point>
				<point>451.000000,412.000000</point>
				<point>451.000000,405.000000</point>
				<point>472.000000,405.000000</point>
				<point>472.000000,412.000000</point>
			</points>
		</object>
	</objects>
</annotation>