<?xml version="1.0" encoding="utf-8"?>
<annotation>
	<source>
		<filename>6675.tif</filename>
		<origin>GF2/GF3</origin>
	</source>
	<research>
		<version>1.0</version>
		<provider>FAIR1M</provider>
		<author>Cyber</author>
		<pluginname>FAIR1M</pluginname>
		<pluginclass>object detection</pluginclass>
		<time>2021-07-21</time>
	</research>
	<size>
		<width>600</width>
		<height>800</height>
		<depth>3</depth>
	</size>
	<objects>
		<object>
			<coordinate>pixel</coordinate>
			<type>rectangle</type>
			<description>None</description>
			<possibleresult>
				<name>Roundabout</name>
			</possibleresult>
			<points>
				<point>342.000000,145.000000</point>
				<point>255.000000,145.000000</point>
				<point>255.000000,57.000000</point>
				<point>342.000000,57.000000</point>
				<point>342.000000,145.000000</point>
			</points>
		</object>
		<object>
			<coordinate>pixel</coordinate>
			<type>rectangle</type>
			<description>None</description>
			<possibleresult>
				<name>Intersection</name>
			</possibleresult>
			<points>
				<point>223.000000,415.000000</point>
				<point>187.000000,441.000000</point>
				<point>161.000000,406.000000</point>
				<point>197.000000,380.000000</point>
				<point>223.000000,415.000000</point>
			</points>
		</object>
	</objects>
</annotation>