<?xml version="1.0" encoding="utf-8"?>
<annotation>
	<source>
		<filename>6696.tif</filename>
		<origin>GF2/GF3</origin>
	</source>
	<research>
		<version>1.0</version>
		<provider>FAIR1M</provider>
		<author>Cyber</author>
		<pluginname>FAIR1M</pluginname>
		<pluginclass>object detection</pluginclass>
		<time>2021-07-21</time>
	</research>
	<size>
		<width>1000</width>
		<height>1000</height>
		<depth>3</depth>
	</size>
	<objects>
		<object>
			<coordinate>pixel</coordinate>
			<type>rectangle</type>
			<description>None</description>
			<possibleresult>
				<name>Boeing747</name>
			</possibleresult>
			<points>
				<point>833.000000,276.000000</point>
				<point>874.000000,182.000000</point>
				<point>781.000000,141.000000</point>
				<point>740.000000,235.000000</point>
				<point>833.000000,276.000000</point>
			</points>
		</object>
		<object>
			<coordinate>pixel</coordinate>
			<type>rectangle</type>
			<description>None</description>
			<possibleresult>
				<name>A330</name>
			</possibleresult>
			<points>
				<point>775.000000,510.000000</point>
				<point>812.000000,434.000000</point>
				<point>739.000000,400.000000</point>
				<point>703.000000,476.000000</point>
				<point>775.000000,510.000000</point>
			</points>
		</object>
		<object>
			<coordinate>pixel</coordinate>
			<type>rectangle</type>
			<description>None</description>
			<possibleresult>
				<name>other-airplane</name>
			</possibleresult>
			<points>
				<point>861.000000,449.000000</point>
				<point>874.000000,411.000000</point>
				<point>841.000000,400.000000</point>
				<point>829.000000,439.000000</point>
				<point>861.000000,449.000000</point>
			</points>
		</object>
		<object>
			<coordinate>pixel</coordinate>
			<type>rectangle</type>
			<description>None</description>
			<possibleresult>
				<name>A330</name>
			</possibleresult>
			<points>
				<point>946.000000,569.000000</point>
				<point>982.000000,492.000000</point>
				<point>908.000000,458.000000</point>
				<point>872.000000,534.000000</point>
				<point>946.000000,569.000000</point>
			</points>
		</object>
		<object>
			<coordinate>pixel</coordinate>
			<type>rectangle</type>
			<description>None</description>
			<possibleresult>
				<name>A330</name>
			</possibleresult>
			<points>
				<point>821.000000,1034.000000</point>
				<point>855.000000,961.000000</point>
				<point>783.000000,927.000000</point>
				<point>749.000000,1000.000000</point>
				<point>821.000000,1034.000000</point>
			</points>
		</object>
		<object>
			<coordinate>pixel</coordinate>
			<type>rectangle</type>
			<description>None</description>
			<possibleresult>
				<name>other-airplane</name>
			</possibleresult>
			<points>
				<point>739.000000,996.000000</point>
				<point>777.000000,917.000000</point>
				<point>699.000000,880.000000</point>
				<point>661.000000,959.000000</point>
				<point>739.000000,996.000000</point>
			</points>
		</object>
		<object>
			<coordinate>pixel</coordinate>
			<type>rectangle</type>
			<description>None</description>
			<possibleresult>
				<name>A330</name>
			</possibleresult>
			<points>
				<point>663.000000,949.000000</point>
				<point>697.000000,876.000000</point>
				<point>628.000000,843.000000</point>
				<point>593.000000,916.000000</point>
				<point>663.000000,949.000000</point>
			</points>
		</object>
		<object>
			<coordinate>pixel</coordinate>
			<type>rectangle</type>
			<description>None</description>
			<possibleresult>
				<name>other-airplane</name>
			</possibleresult>
			<points>
				<point>587.000000,901.000000</point>
				<point>627.000000,816.000000</point>
				<point>552.000000,781.000000</point>
				<point>512.000000,865.000000</point>
				<point>587.000000,901.000000</point>
			</points>
		</object>
		<object>
			<coordinate>pixel</coordinate>
			<type>rectangle</type>
			<description>None</description>
			<possibleresult>
				<name>other-airplane</name>
			</possibleresult>
			<points>
				<point>501.000000,872.000000</point>
				<point>539.000000,791.000000</point>
				<point>463.000000,755.000000</point>
				<point>425.000000,836.000000</point>
				<point>501.000000,872.000000</point>
			</points>
		</object>
		<object>
			<coordinate>pixel</coordinate>
			<type>rectangle</type>
			<description>None</description>
			<possibleresult>
				<name>A220</name>
			</possibleresult>
			<points>
				<point>48.000000,654.000000</point>
				<point>62.000000,707.000000</point>
				<point>116.000000,693.000000</point>
				<point>102.000000,640.000000</point>
				<point>48.000000,654.000000</point>
			</points>
		</object>
		<object>
			<coordinate>pixel</coordinate>
			<type>rectangle</type>
			<description>None</description>
			<possibleresult>
				<name>Boeing777</name>
			</possibleresult>
			<points>
				<point>383.000000,849.000000</point>
				<point>343.000000,753.000000</point>
				<point>260.000000,788.000000</point>
				<point>300.000000,883.000000</point>
				<point>383.000000,849.000000</point>
			</points>
		</object>
		<object>
			<coordinate>pixel</coordinate>
			<type>rectangle</type>
			<description>None</description>
			<possibleresult>
				<name>other-airplane</name>
			</possibleresult>
			<points>
				<point>384.000000,889.000000</point>
				<point>337.000000,968.000000</point>
				<point>414.000000,1013.000000</point>
				<point>461.000000,935.000000</point>
				<point>384.000000,889.000000</point>
			</points>
		</object>
		<object>
			<coordinate>pixel</coordinate>
			<type>rectangle</type>
			<description>None</description>
			<possibleresult>
				<name>Boeing737</name>
			</possibleresult>
			<points>
				<point>733.000000,491.000000</point>
				<point>716.000000,439.000000</point>
				<point>668.000000,455.000000</point>
				<point>686.000000,507.000000</point>
				<point>733.000000,491.000000</point>
			</points>
		</object>
		<object>
			<coordinate>pixel</coordinate>
			<type>rectangle</type>
			<description>None</description>
			<possibleresult>
				<name>A321</name>
			</possibleresult>
			<points>
				<point>712.000000,514.000000</point>
				<point>661.000000,485.000000</point>
				<point>638.000000,526.000000</point>
				<point>689.000000,555.000000</point>
				<point>712.000000,514.000000</point>
			</points>
		</object>
		<object>
			<coordinate>pixel</coordinate>
			<type>rectangle</type>
			<description>None</description>
			<possibleresult>
				<name>other-airplane</name>
			</possibleresult>
			<points>
				<point>842.000000,486.000000</point>
				<point>837.000000,441.000000</point>
				<point>804.000000,445.000000</point>
				<point>809.000000,490.000000</point>
				<point>842.000000,486.000000</point>
			</points>
		</object>
		<object>
			<coordinate>pixel</coordinate>
			<type>rectangle</type>
			<description>None</description>
			<possibleresult>
				<name>other-airplane</name>
			</possibleresult>
			<points>
				<point>875.000000,466.000000</point>
				<point>909.000000,443.000000</point>
				<point>890.000000,416.000000</point>
				<point>857.000000,439.000000</point>
				<point>875.000000,466.000000</point>
			</points>
		</object>
		<object>
			<coordinate>pixel</coordinate>
			<type>rectangle</type>
			<description>None</description>
			<possibleresult>
				<name>A220</name>
			</possibleresult>
			<points>
				<point>867.000000,649.000000</point>
				<point>841.000000,692.000000</point>
				<point>882.000000,716.000000</point>
				<point>908.000000,672.000000</point>
				<point>867.000000,649.000000</point>
			</points>
		</object>
		<object>
			<coordinate>pixel</coordinate>
			<type>rectangle</type>
			<description>None</description>
			<possibleresult>
				<name>other-airplane</name>
			</possibleresult>
			<points>
				<point>929.000000,670.000000</point>
				<point>902.000000,723.000000</point>
				<point>953.000000,749.000000</point>
				<point>980.000000,696.000000</point>
				<point>929.000000,670.000000</point>
			</points>
		</object>
		<object>
			<coordinate>pixel</coordinate>
			<type>rectangle</type>
			<description>None</description>
			<possibleresult>
				<name>A220</name>
			</possibleresult>
			<points>
				<point>958.000000,954.000000</point>
				<point>920.000000,911.000000</point>
				<point>884.000000,944.000000</point>
				<point>922.000000,987.000000</point>
				<point>958.000000,954.000000</point>
			</points>
		</object>
		<object>
			<coordinate>pixel</coordinate>
			<type>rectangle</type>
			<description>None</description>
			<possibleresult>
				<name>A220</name>
			</possibleresult>
			<points>
				<point>1000.000000,914.000000</point>
				<point>954.000000,872.000000</point>
				<point>922.000000,908.000000</point>
				<point>967.000000,950.000000</point>
				<point>1000.000000,914.000000</point>
			</points>
		</object>
		<object>
			<coordinate>pixel</coordinate>
			<type>rectangle</type>
			<description>None</description>
			<possibleresult>
				<name>Boeing747</name>
			</possibleresult>
			<points>
				<point>1046.000000,360.000000</point>
				<point>956.000000,314.000000</point>
				<point>914.000000,396.000000</point>
				<point>1004.000000,442.000000</point>
				<point>1046.000000,360.000000</point>
			</points>
		</object>
	</objects>
</annotation>