<?xml version="1.0" encoding="utf-8"?>
<annotation>
	<source>
		<filename>6702.tif</filename>
		<origin>GF2/GF3</origin>
	</source>
	<research>
		<version>1.0</version>
		<provider>FAIR1M</provider>
		<author>Cyber</author>
		<pluginname>FAIR1M</pluginname>
		<pluginclass>object detection</pluginclass>
		<time>2021-07-21</time>
	</research>
	<size>
		<width>900</width>
		<height>900</height>
		<depth>3</depth>
	</size>
	<objects>
		<object>
			<coordinate>pixel</coordinate>
			<type>rectangle</type>
			<description>None</description>
			<possibleresult>
				<name>A321</name>
			</possibleresult>
			<points>
				<point>125.000000,415.000000</point>
				<point>91.000000,455.000000</point>
				<point>61.000000,428.000000</point>
				<point>94.000000,389.000000</point>
				<point>125.000000,415.000000</point>
			</points>
		</object>
		<object>
			<coordinate>pixel</coordinate>
			<type>rectangle</type>
			<description>None</description>
			<possibleresult>
				<name>Boeing737</name>
			</possibleresult>
			<points>
				<point>191.000000,461.000000</point>
				<point>159.000000,500.000000</point>
				<point>124.000000,471.000000</point>
				<point>156.000000,433.000000</point>
				<point>191.000000,461.000000</point>
			</points>
		</object>
	</objects>
</annotation>