<?xml version="1.0" encoding="utf-8"?>
<annotation>
	<source>
		<filename>6725.tif</filename>
		<origin>GF2/GF3</origin>
	</source>
	<research>
		<version>1.0</version>
		<provider>FAIR1M</provider>
		<author>Cyber</author>
		<pluginname>FAIR1M</pluginname>
		<pluginclass>object detection</pluginclass>
		<time>2021-07-21</time>
	</research>
	<size>
		<width>800</width>
		<height>600</height>
		<depth>4</depth>
	</size>
	<objects>
		<object>
			<coordinate>pixel</coordinate>
			<type>rectangle</type>
			<description>None</description>
			<possibleresult>
				<name>Small Car</name>
			</possibleresult>
			<points>
				<point>85.000000,88.000000</point>
				<point>83.000000,97.000000</point>
				<point>63.000000,93.000000</point>
				<point>65.000000,84.000000</point>
				<point>85.000000,88.000000</point>
			</points>
		</object>
		<object>
			<coordinate>pixel</coordinate>
			<type>rectangle</type>
			<description>None</description>
			<possibleresult>
				<name>Van</name>
			</possibleresult>
			<points>
				<point>80.000000,99.000000</point>
				<point>78.000000,106.000000</point>
				<point>59.000000,101.000000</point>
				<point>61.000000,94.000000</point>
				<point>80.000000,99.000000</point>
			</points>
		</object>
		<object>
			<coordinate>pixel</coordinate>
			<type>rectangle</type>
			<description>None</description>
			<possibleresult>
				<name>Van</name>
			</possibleresult>
			<points>
				<point>275.000000,162.000000</point>
				<point>271.000000,179.000000</point>
				<point>262.000000,177.000000</point>
				<point>266.000000,160.000000</point>
				<point>275.000000,162.000000</point>
			</points>
		</object>
		<object>
			<coordinate>pixel</coordinate>
			<type>rectangle</type>
			<description>None</description>
			<possibleresult>
				<name>Small Car</name>
			</possibleresult>
			<points>
				<point>287.000000,164.000000</point>
				<point>285.000000,181.000000</point>
				<point>275.000000,179.000000</point>
				<point>277.000000,163.000000</point>
				<point>287.000000,164.000000</point>
			</points>
		</object>
		<object>
			<coordinate>pixel</coordinate>
			<type>rectangle</type>
			<description>None</description>
			<possibleresult>
				<name>Van</name>
			</possibleresult>
			<points>
				<point>172.000000,151.000000</point>
				<point>169.000000,166.000000</point>
				<point>158.000000,164.000000</point>
				<point>161.000000,149.000000</point>
				<point>172.000000,151.000000</point>
			</points>
		</object>
		<object>
			<coordinate>pixel</coordinate>
			<type>rectangle</type>
			<description>None</description>
			<possibleresult>
				<name>Van</name>
			</possibleresult>
			<points>
				<point>166.000000,166.000000</point>
				<point>163.000000,183.000000</point>
				<point>154.000000,182.000000</point>
				<point>157.000000,164.000000</point>
				<point>166.000000,166.000000</point>
			</points>
		</object>
		<object>
			<coordinate>pixel</coordinate>
			<type>rectangle</type>
			<description>None</description>
			<possibleresult>
				<name>Small Car</name>
			</possibleresult>
			<points>
				<point>209.000000,153.000000</point>
				<point>205.000000,171.000000</point>
				<point>195.000000,169.000000</point>
				<point>199.000000,151.000000</point>
				<point>209.000000,153.000000</point>
			</points>
		</object>
		<object>
			<coordinate>pixel</coordinate>
			<type>rectangle</type>
			<description>None</description>
			<possibleresult>
				<name>Van</name>
			</possibleresult>
			<points>
				<point>249.000000,177.000000</point>
				<point>245.000000,193.000000</point>
				<point>237.000000,191.000000</point>
				<point>241.000000,175.000000</point>
				<point>249.000000,177.000000</point>
			</points>
		</object>
		<object>
			<coordinate>pixel</coordinate>
			<type>rectangle</type>
			<description>None</description>
			<possibleresult>
				<name>Small Car</name>
			</possibleresult>
			<points>
				<point>290.000000,230.000000</point>
				<point>285.000000,249.000000</point>
				<point>276.000000,247.000000</point>
				<point>280.000000,228.000000</point>
				<point>290.000000,230.000000</point>
			</points>
		</object>
		<object>
			<coordinate>pixel</coordinate>
			<type>rectangle</type>
			<description>None</description>
			<possibleresult>
				<name>Small Car</name>
			</possibleresult>
			<points>
				<point>244.000000,223.000000</point>
				<point>239.000000,241.000000</point>
				<point>231.000000,239.000000</point>
				<point>235.000000,221.000000</point>
				<point>244.000000,223.000000</point>
			</points>
		</object>
		<object>
			<coordinate>pixel</coordinate>
			<type>rectangle</type>
			<description>None</description>
			<possibleresult>
				<name>Van</name>
			</possibleresult>
			<points>
				<point>231.000000,222.000000</point>
				<point>228.000000,241.000000</point>
				<point>219.000000,239.000000</point>
				<point>222.000000,220.000000</point>
				<point>231.000000,222.000000</point>
			</points>
		</object>
		<object>
			<coordinate>pixel</coordinate>
			<type>rectangle</type>
			<description>None</description>
			<possibleresult>
				<name>Dump Truck</name>
			</possibleresult>
			<points>
				<point>182.000000,214.000000</point>
				<point>177.000000,233.000000</point>
				<point>168.000000,230.000000</point>
				<point>172.000000,212.000000</point>
				<point>182.000000,214.000000</point>
			</points>
		</object>
		<object>
			<coordinate>pixel</coordinate>
			<type>rectangle</type>
			<description>None</description>
			<possibleresult>
				<name>Small Car</name>
			</possibleresult>
			<points>
				<point>158.000000,213.000000</point>
				<point>154.000000,231.000000</point>
				<point>145.000000,228.000000</point>
				<point>149.000000,211.000000</point>
				<point>158.000000,213.000000</point>
			</points>
		</object>
		<object>
			<coordinate>pixel</coordinate>
			<type>rectangle</type>
			<description>None</description>
			<possibleresult>
				<name>Van</name>
			</possibleresult>
			<points>
				<point>146.000000,212.000000</point>
				<point>142.000000,230.000000</point>
				<point>132.000000,227.000000</point>
				<point>136.000000,209.000000</point>
				<point>146.000000,212.000000</point>
			</points>
		</object>
		<object>
			<coordinate>pixel</coordinate>
			<type>rectangle</type>
			<description>None</description>
			<possibleresult>
				<name>Dump Truck</name>
			</possibleresult>
			<points>
				<point>133.000000,208.000000</point>
				<point>131.000000,229.000000</point>
				<point>120.000000,227.000000</point>
				<point>123.000000,207.000000</point>
				<point>133.000000,208.000000</point>
			</points>
		</object>
		<object>
			<coordinate>pixel</coordinate>
			<type>rectangle</type>
			<description>None</description>
			<possibleresult>
				<name>Van</name>
			</possibleresult>
			<points>
				<point>528.000000,278.000000</point>
				<point>523.000000,295.000000</point>
				<point>512.000000,292.000000</point>
				<point>516.000000,275.000000</point>
				<point>528.000000,278.000000</point>
			</points>
		</object>
		<object>
			<coordinate>pixel</coordinate>
			<type>rectangle</type>
			<description>None</description>
			<possibleresult>
				<name>Van</name>
			</possibleresult>
			<points>
				<point>356.000000,481.000000</point>
				<point>353.000000,500.000000</point>
				<point>343.000000,498.000000</point>
				<point>346.000000,479.000000</point>
				<point>356.000000,481.000000</point>
			</points>
		</object>
		<object>
			<coordinate>pixel</coordinate>
			<type>rectangle</type>
			<description>None</description>
			<possibleresult>
				<name>Small Car</name>
			</possibleresult>
			<points>
				<point>628.000000,596.000000</point>
				<point>608.000000,594.000000</point>
				<point>608.000000,586.000000</point>
				<point>628.000000,588.000000</point>
				<point>628.000000,596.000000</point>
			</points>
		</object>
		<object>
			<coordinate>pixel</coordinate>
			<type>rectangle</type>
			<description>None</description>
			<possibleresult>
				<name>Small Car</name>
			</possibleresult>
			<points>
				<point>628.000000,580.000000</point>
				<point>627.000000,587.000000</point>
				<point>609.000000,585.000000</point>
				<point>609.000000,577.000000</point>
				<point>628.000000,580.000000</point>
			</points>
		</object>
		<object>
			<coordinate>pixel</coordinate>
			<type>rectangle</type>
			<description>None</description>
			<possibleresult>
				<name>Small Car</name>
			</possibleresult>
			<points>
				<point>630.000000,573.000000</point>
				<point>629.000000,579.000000</point>
				<point>613.000000,576.000000</point>
				<point>614.000000,570.000000</point>
				<point>630.000000,573.000000</point>
			</points>
		</object>
		<object>
			<coordinate>pixel</coordinate>
			<type>rectangle</type>
			<description>None</description>
			<possibleresult>
				<name>Small Car</name>
			</possibleresult>
			<points>
				<point>220.000000,164.000000</point>
				<point>219.000000,172.000000</point>
				<point>210.000000,171.000000</point>
				<point>211.000000,163.000000</point>
				<point>220.000000,164.000000</point>
			</points>
		</object>
		<object>
			<coordinate>pixel</coordinate>
			<type>rectangle</type>
			<description>None</description>
			<possibleresult>
				<name>Van</name>
			</possibleresult>
			<points>
				<point>314.000000,127.000000</point>
				<point>312.000000,138.000000</point>
				<point>302.000000,137.000000</point>
				<point>304.000000,126.000000</point>
				<point>314.000000,127.000000</point>
			</points>
		</object>
		<object>
			<coordinate>pixel</coordinate>
			<type>rectangle</type>
			<description>None</description>
			<possibleresult>
				<name>Van</name>
			</possibleresult>
			<points>
				<point>47.000000,157.000000</point>
				<point>46.000000,164.000000</point>
				<point>26.000000,161.000000</point>
				<point>27.000000,153.000000</point>
				<point>47.000000,157.000000</point>
			</points>
		</object>
		<object>
			<coordinate>pixel</coordinate>
			<type>rectangle</type>
			<description>None</description>
			<possibleresult>
				<name>Van</name>
			</possibleresult>
			<points>
				<point>46.000000,44.000000</point>
				<point>43.000000,52.000000</point>
				<point>22.000000,44.000000</point>
				<point>25.000000,36.000000</point>
				<point>46.000000,44.000000</point>
			</points>
		</object>
		<object>
			<coordinate>pixel</coordinate>
			<type>rectangle</type>
			<description>None</description>
			<possibleresult>
				<name>Small Car</name>
			</possibleresult>
			<points>
				<point>39.000000,53.000000</point>
				<point>37.000000,61.000000</point>
				<point>15.000000,53.000000</point>
				<point>18.000000,45.000000</point>
				<point>39.000000,53.000000</point>
			</points>
		</object>
		<object>
			<coordinate>pixel</coordinate>
			<type>rectangle</type>
			<description>None</description>
			<possibleresult>
				<name>Small Car</name>
			</possibleresult>
			<points>
				<point>26.000000,73.000000</point>
				<point>23.000000,81.000000</point>
				<point>4.000000,74.000000</point>
				<point>7.000000,66.000000</point>
				<point>26.000000,73.000000</point>
			</points>
		</object>
		<object>
			<coordinate>pixel</coordinate>
			<type>rectangle</type>
			<description>None</description>
			<possibleresult>
				<name>Small Car</name>
			</possibleresult>
			<points>
				<point>90.000000,81.000000</point>
				<point>88.000000,89.000000</point>
				<point>66.000000,83.000000</point>
				<point>68.000000,75.000000</point>
				<point>90.000000,81.000000</point>
			</points>
		</object>
		<object>
			<coordinate>pixel</coordinate>
			<type>rectangle</type>
			<description>None</description>
			<possibleresult>
				<name>Small Car</name>
			</possibleresult>
			<points>
				<point>94.000000,71.000000</point>
				<point>91.000000,79.000000</point>
				<point>74.000000,73.000000</point>
				<point>76.000000,65.000000</point>
				<point>94.000000,71.000000</point>
			</points>
		</object>
		<object>
			<coordinate>pixel</coordinate>
			<type>rectangle</type>
			<description>None</description>
			<possibleresult>
				<name>Van</name>
			</possibleresult>
			<points>
				<point>64.000000,133.000000</point>
				<point>61.000000,141.000000</point>
				<point>38.000000,133.000000</point>
				<point>41.000000,125.000000</point>
				<point>64.000000,133.000000</point>
			</points>
		</object>
		<object>
			<coordinate>pixel</coordinate>
			<type>rectangle</type>
			<description>None</description>
			<possibleresult>
				<name>Small Car</name>
			</possibleresult>
			<points>
				<point>59.000000,143.000000</point>
				<point>56.000000,152.000000</point>
				<point>34.000000,144.000000</point>
				<point>37.000000,135.000000</point>
				<point>59.000000,143.000000</point>
			</points>
		</object>
		<object>
			<coordinate>pixel</coordinate>
			<type>rectangle</type>
			<description>None</description>
			<possibleresult>
				<name>Van</name>
			</possibleresult>
			<points>
				<point>111.000000,205.000000</point>
				<point>108.000000,226.000000</point>
				<point>96.000000,224.000000</point>
				<point>98.000000,204.000000</point>
				<point>111.000000,205.000000</point>
			</points>
		</object>
		<object>
			<coordinate>pixel</coordinate>
			<type>rectangle</type>
			<description>None</description>
			<possibleresult>
				<name>Small Car</name>
			</possibleresult>
			<points>
				<point>122.000000,208.000000</point>
				<point>120.000000,226.000000</point>
				<point>109.000000,225.000000</point>
				<point>112.000000,207.000000</point>
				<point>122.000000,208.000000</point>
			</points>
		</object>
		<object>
			<coordinate>pixel</coordinate>
			<type>rectangle</type>
			<description>None</description>
			<possibleresult>
				<name>Van</name>
			</possibleresult>
			<points>
				<point>170.000000,214.000000</point>
				<point>166.000000,231.000000</point>
				<point>157.000000,229.000000</point>
				<point>160.000000,212.000000</point>
				<point>170.000000,214.000000</point>
			</points>
		</object>
		<object>
			<coordinate>pixel</coordinate>
			<type>rectangle</type>
			<description>None</description>
			<possibleresult>
				<name>Van</name>
			</possibleresult>
			<points>
				<point>219.000000,223.000000</point>
				<point>216.000000,238.000000</point>
				<point>207.000000,236.000000</point>
				<point>210.000000,221.000000</point>
				<point>219.000000,223.000000</point>
			</points>
		</object>
		<object>
			<coordinate>pixel</coordinate>
			<type>rectangle</type>
			<description>None</description>
			<possibleresult>
				<name>Small Car</name>
			</possibleresult>
			<points>
				<point>302.000000,231.000000</point>
				<point>297.000000,251.000000</point>
				<point>288.000000,249.000000</point>
				<point>292.000000,229.000000</point>
				<point>302.000000,231.000000</point>
			</points>
		</object>
		<object>
			<coordinate>pixel</coordinate>
			<type>rectangle</type>
			<description>None</description>
			<possibleresult>
				<name>Small Car</name>
			</possibleresult>
			<points>
				<point>282.000000,180.000000</point>
				<point>280.000000,196.000000</point>
				<point>272.000000,195.000000</point>
				<point>274.000000,179.000000</point>
				<point>282.000000,180.000000</point>
			</points>
		</object>
		<object>
			<coordinate>pixel</coordinate>
			<type>rectangle</type>
			<description>None</description>
			<possibleresult>
				<name>Van</name>
			</possibleresult>
			<points>
				<point>299.000000,165.000000</point>
				<point>297.000000,180.000000</point>
				<point>287.000000,178.000000</point>
				<point>289.000000,163.000000</point>
				<point>299.000000,165.000000</point>
			</points>
		</object>
		<object>
			<coordinate>pixel</coordinate>
			<type>rectangle</type>
			<description>None</description>
			<possibleresult>
				<name>Dump Truck</name>
			</possibleresult>
			<points>
				<point>264.000000,158.000000</point>
				<point>261.000000,176.000000</point>
				<point>252.000000,174.000000</point>
				<point>255.000000,157.000000</point>
				<point>264.000000,158.000000</point>
			</points>
		</object>
		<object>
			<coordinate>pixel</coordinate>
			<type>rectangle</type>
			<description>None</description>
			<possibleresult>
				<name>Van</name>
			</possibleresult>
			<points>
				<point>259.000000,178.000000</point>
				<point>256.000000,194.000000</point>
				<point>248.000000,192.000000</point>
				<point>252.000000,176.000000</point>
				<point>259.000000,178.000000</point>
			</points>
		</object>
		<object>
			<coordinate>pixel</coordinate>
			<type>rectangle</type>
			<description>None</description>
			<possibleresult>
				<name>Van</name>
			</possibleresult>
			<points>
				<point>239.000000,172.000000</point>
				<point>236.000000,187.000000</point>
				<point>228.000000,186.000000</point>
				<point>231.000000,171.000000</point>
				<point>239.000000,172.000000</point>
			</points>
		</object>
		<object>
			<coordinate>pixel</coordinate>
			<type>rectangle</type>
			<description>None</description>
			<possibleresult>
				<name>Van</name>
			</possibleresult>
			<points>
				<point>226.000000,172.000000</point>
				<point>224.000000,187.000000</point>
				<point>217.000000,186.000000</point>
				<point>219.000000,171.000000</point>
				<point>226.000000,172.000000</point>
			</points>
		</object>
		<object>
			<coordinate>pixel</coordinate>
			<type>rectangle</type>
			<description>None</description>
			<possibleresult>
				<name>Small Car</name>
			</possibleresult>
			<points>
				<point>215.000000,172.000000</point>
				<point>212.000000,189.000000</point>
				<point>203.000000,187.000000</point>
				<point>206.000000,170.000000</point>
				<point>215.000000,172.000000</point>
			</points>
		</object>
		<object>
			<coordinate>pixel</coordinate>
			<type>rectangle</type>
			<description>None</description>
			<possibleresult>
				<name>Small Car</name>
			</possibleresult>
			<points>
				<point>204.000000,172.000000</point>
				<point>200.000000,188.000000</point>
				<point>191.000000,186.000000</point>
				<point>195.000000,170.000000</point>
				<point>204.000000,172.000000</point>
			</points>
		</object>
		<object>
			<coordinate>pixel</coordinate>
			<type>rectangle</type>
			<description>None</description>
			<possibleresult>
				<name>Small Car</name>
			</possibleresult>
			<points>
				<point>192.000000,170.000000</point>
				<point>188.000000,186.000000</point>
				<point>179.000000,184.000000</point>
				<point>183.000000,168.000000</point>
				<point>192.000000,170.000000</point>
			</points>
		</object>
		<object>
			<coordinate>pixel</coordinate>
			<type>rectangle</type>
			<description>None</description>
			<possibleresult>
				<name>Van</name>
			</possibleresult>
			<points>
				<point>181.000000,170.000000</point>
				<point>177.000000,187.000000</point>
				<point>167.000000,185.000000</point>
				<point>171.000000,167.000000</point>
				<point>181.000000,170.000000</point>
			</points>
		</object>
		<object>
			<coordinate>pixel</coordinate>
			<type>rectangle</type>
			<description>None</description>
			<possibleresult>
				<name>Small Car</name>
			</possibleresult>
			<points>
				<point>185.000000,149.000000</point>
				<point>181.000000,168.000000</point>
				<point>172.000000,166.000000</point>
				<point>175.000000,147.000000</point>
				<point>185.000000,149.000000</point>
			</points>
		</object>
		<object>
			<coordinate>pixel</coordinate>
			<type>rectangle</type>
			<description>None</description>
			<possibleresult>
				<name>Small Car</name>
			</possibleresult>
			<points>
				<point>196.000000,151.000000</point>
				<point>193.000000,169.000000</point>
				<point>183.000000,167.000000</point>
				<point>187.000000,149.000000</point>
				<point>196.000000,151.000000</point>
			</points>
		</object>
		<object>
			<coordinate>pixel</coordinate>
			<type>rectangle</type>
			<description>None</description>
			<possibleresult>
				<name>Small Car</name>
			</possibleresult>
			<points>
				<point>158.000000,145.000000</point>
				<point>155.000000,163.000000</point>
				<point>146.000000,161.000000</point>
				<point>149.000000,144.000000</point>
				<point>158.000000,145.000000</point>
			</points>
		</object>
		<object>
			<coordinate>pixel</coordinate>
			<type>rectangle</type>
			<description>None</description>
			<possibleresult>
				<name>Van</name>
			</possibleresult>
			<points>
				<point>154.000000,165.000000</point>
				<point>152.000000,181.000000</point>
				<point>144.000000,179.000000</point>
				<point>146.000000,164.000000</point>
				<point>154.000000,165.000000</point>
			</points>
		</object>
		<object>
			<coordinate>pixel</coordinate>
			<type>rectangle</type>
			<description>None</description>
			<possibleresult>
				<name>Van</name>
			</possibleresult>
			<points>
				<point>181.000000,105.000000</point>
				<point>177.000000,122.000000</point>
				<point>168.000000,120.000000</point>
				<point>172.000000,102.000000</point>
				<point>181.000000,105.000000</point>
			</points>
		</object>
		<object>
			<coordinate>pixel</coordinate>
			<type>rectangle</type>
			<description>None</description>
			<possibleresult>
				<name>Van</name>
			</possibleresult>
			<points>
				<point>191.000000,107.000000</point>
				<point>188.000000,123.000000</point>
				<point>180.000000,121.000000</point>
				<point>183.000000,105.000000</point>
				<point>191.000000,107.000000</point>
			</points>
		</object>
		<object>
			<coordinate>pixel</coordinate>
			<type>rectangle</type>
			<description>None</description>
			<possibleresult>
				<name>Van</name>
			</possibleresult>
			<points>
				<point>202.000000,108.000000</point>
				<point>199.000000,123.000000</point>
				<point>191.000000,122.000000</point>
				<point>194.000000,107.000000</point>
				<point>202.000000,108.000000</point>
			</points>
		</object>
		<object>
			<coordinate>pixel</coordinate>
			<type>rectangle</type>
			<description>None</description>
			<possibleresult>
				<name>Small Car</name>
			</possibleresult>
			<points>
				<point>216.000000,109.000000</point>
				<point>213.000000,128.000000</point>
				<point>203.000000,127.000000</point>
				<point>206.000000,108.000000</point>
				<point>216.000000,109.000000</point>
			</points>
		</object>
		<object>
			<coordinate>pixel</coordinate>
			<type>rectangle</type>
			<description>None</description>
			<possibleresult>
				<name>Van</name>
			</possibleresult>
			<points>
				<point>229.000000,111.000000</point>
				<point>226.000000,127.000000</point>
				<point>216.000000,126.000000</point>
				<point>218.000000,109.000000</point>
				<point>229.000000,111.000000</point>
			</points>
		</object>
		<object>
			<coordinate>pixel</coordinate>
			<type>rectangle</type>
			<description>None</description>
			<possibleresult>
				<name>Small Car</name>
			</possibleresult>
			<points>
				<point>240.000000,112.000000</point>
				<point>237.000000,130.000000</point>
				<point>228.000000,128.000000</point>
				<point>231.000000,111.000000</point>
				<point>240.000000,112.000000</point>
			</points>
		</object>
		<object>
			<coordinate>pixel</coordinate>
			<type>rectangle</type>
			<description>None</description>
			<possibleresult>
				<name>Van</name>
			</possibleresult>
			<points>
				<point>252.000000,114.000000</point>
				<point>248.000000,133.000000</point>
				<point>239.000000,131.000000</point>
				<point>243.000000,112.000000</point>
				<point>252.000000,114.000000</point>
			</points>
		</object>
		<object>
			<coordinate>pixel</coordinate>
			<type>rectangle</type>
			<description>None</description>
			<possibleresult>
				<name>Van</name>
			</possibleresult>
			<points>
				<point>266.000000,117.000000</point>
				<point>262.000000,134.000000</point>
				<point>252.000000,132.000000</point>
				<point>255.000000,115.000000</point>
				<point>266.000000,117.000000</point>
			</points>
		</object>
		<object>
			<coordinate>pixel</coordinate>
			<type>rectangle</type>
			<description>None</description>
			<possibleresult>
				<name>Small Car</name>
			</possibleresult>
			<points>
				<point>278.000000,117.000000</point>
				<point>275.000000,135.000000</point>
				<point>264.000000,133.000000</point>
				<point>267.000000,115.000000</point>
				<point>278.000000,117.000000</point>
			</points>
		</object>
		<object>
			<coordinate>pixel</coordinate>
			<type>rectangle</type>
			<description>None</description>
			<possibleresult>
				<name>Small Car</name>
			</possibleresult>
			<points>
				<point>289.000000,119.000000</point>
				<point>286.000000,137.000000</point>
				<point>276.000000,136.000000</point>
				<point>279.000000,117.000000</point>
				<point>289.000000,119.000000</point>
			</points>
		</object>
		<object>
			<coordinate>pixel</coordinate>
			<type>rectangle</type>
			<description>None</description>
			<possibleresult>
				<name>Small Car</name>
			</possibleresult>
			<points>
				<point>301.000000,122.000000</point>
				<point>298.000000,139.000000</point>
				<point>288.000000,138.000000</point>
				<point>291.000000,120.000000</point>
				<point>301.000000,122.000000</point>
			</points>
		</object>
		<object>
			<coordinate>pixel</coordinate>
			<type>rectangle</type>
			<description>None</description>
			<possibleresult>
				<name>Van</name>
			</possibleresult>
			<points>
				<point>320.000000,145.000000</point>
				<point>317.000000,164.000000</point>
				<point>307.000000,162.000000</point>
				<point>310.000000,144.000000</point>
				<point>320.000000,145.000000</point>
			</points>
		</object>
		<object>
			<coordinate>pixel</coordinate>
			<type>rectangle</type>
			<description>None</description>
			<possibleresult>
				<name>Small Car</name>
			</possibleresult>
			<points>
				<point>271.000000,180.000000</point>
				<point>268.000000,197.000000</point>
				<point>260.000000,196.000000</point>
				<point>262.000000,178.000000</point>
				<point>271.000000,180.000000</point>
			</points>
		</object>
		<object>
			<coordinate>pixel</coordinate>
			<type>rectangle</type>
			<description>None</description>
			<possibleresult>
				<name>Van</name>
			</possibleresult>
			<points>
				<point>42.000000,274.000000</point>
				<point>36.000000,290.000000</point>
				<point>28.000000,287.000000</point>
				<point>34.000000,271.000000</point>
				<point>42.000000,274.000000</point>
			</points>
		</object>
		<object>
			<coordinate>pixel</coordinate>
			<type>rectangle</type>
			<description>None</description>
			<possibleresult>
				<name>Van</name>
			</possibleresult>
			<points>
				<point>55.000000,276.000000</point>
				<point>48.000000,292.000000</point>
				<point>40.000000,289.000000</point>
				<point>46.000000,272.000000</point>
				<point>55.000000,276.000000</point>
			</points>
		</object>
		<object>
			<coordinate>pixel</coordinate>
			<type>rectangle</type>
			<description>None</description>
			<possibleresult>
				<name>Van</name>
			</possibleresult>
			<points>
				<point>67.000000,279.000000</point>
				<point>60.000000,296.000000</point>
				<point>50.000000,292.000000</point>
				<point>57.000000,275.000000</point>
				<point>67.000000,279.000000</point>
			</points>
		</object>
		<object>
			<coordinate>pixel</coordinate>
			<type>rectangle</type>
			<description>None</description>
			<possibleresult>
				<name>Van</name>
			</possibleresult>
			<points>
				<point>78.000000,281.000000</point>
				<point>72.000000,298.000000</point>
				<point>63.000000,295.000000</point>
				<point>69.000000,278.000000</point>
				<point>78.000000,281.000000</point>
			</points>
		</object>
		<object>
			<coordinate>pixel</coordinate>
			<type>rectangle</type>
			<description>None</description>
			<possibleresult>
				<name>Van</name>
			</possibleresult>
			<points>
				<point>91.000000,284.000000</point>
				<point>83.000000,302.000000</point>
				<point>75.000000,299.000000</point>
				<point>82.000000,281.000000</point>
				<point>91.000000,284.000000</point>
			</points>
		</object>
		<object>
			<coordinate>pixel</coordinate>
			<type>rectangle</type>
			<description>None</description>
			<possibleresult>
				<name>Small Car</name>
			</possibleresult>
			<points>
				<point>518.000000,303.000000</point>
				<point>512.000000,319.000000</point>
				<point>503.000000,316.000000</point>
				<point>509.000000,300.000000</point>
				<point>518.000000,303.000000</point>
			</points>
		</object>
		<object>
			<coordinate>pixel</coordinate>
			<type>rectangle</type>
			<description>None</description>
			<possibleresult>
				<name>Van</name>
			</possibleresult>
			<points>
				<point>539.000000,257.000000</point>
				<point>528.000000,271.000000</point>
				<point>520.000000,265.000000</point>
				<point>531.000000,251.000000</point>
				<point>539.000000,257.000000</point>
			</points>
		</object>
		<object>
			<coordinate>pixel</coordinate>
			<type>rectangle</type>
			<description>None</description>
			<possibleresult>
				<name>Small Car</name>
			</possibleresult>
			<points>
				<point>607.000000,234.000000</point>
				<point>605.000000,242.000000</point>
				<point>583.000000,236.000000</point>
				<point>586.000000,228.000000</point>
				<point>607.000000,234.000000</point>
			</points>
		</object>
		<object>
			<coordinate>pixel</coordinate>
			<type>rectangle</type>
			<description>None</description>
			<possibleresult>
				<name>Van</name>
			</possibleresult>
			<points>
				<point>632.000000,255.000000</point>
				<point>626.000000,261.000000</point>
				<point>615.000000,248.000000</point>
				<point>621.000000,242.000000</point>
				<point>632.000000,255.000000</point>
			</points>
		</object>
		<object>
			<coordinate>pixel</coordinate>
			<type>rectangle</type>
			<description>None</description>
			<possibleresult>
				<name>Van</name>
			</possibleresult>
			<points>
				<point>639.000000,281.000000</point>
				<point>631.000000,281.000000</point>
				<point>630.000000,262.000000</point>
				<point>638.000000,261.000000</point>
				<point>639.000000,281.000000</point>
			</points>
		</object>
		<object>
			<coordinate>pixel</coordinate>
			<type>rectangle</type>
			<description>None</description>
			<possibleresult>
				<name>Van</name>
			</possibleresult>
			<points>
				<point>637.000000,300.000000</point>
				<point>629.000000,300.000000</point>
				<point>629.000000,283.000000</point>
				<point>637.000000,284.000000</point>
				<point>637.000000,300.000000</point>
			</points>
		</object>
		<object>
			<coordinate>pixel</coordinate>
			<type>rectangle</type>
			<description>None</description>
			<possibleresult>
				<name>Small Car</name>
			</possibleresult>
			<points>
				<point>344.000000,481.000000</point>
				<point>341.000000,499.000000</point>
				<point>332.000000,498.000000</point>
				<point>335.000000,480.000000</point>
				<point>344.000000,481.000000</point>
			</points>
		</object>
		<object>
			<coordinate>pixel</coordinate>
			<type>rectangle</type>
			<description>None</description>
			<possibleresult>
				<name>Van</name>
			</possibleresult>
			<points>
				<point>368.000000,482.000000</point>
				<point>364.000000,503.000000</point>
				<point>355.000000,501.000000</point>
				<point>358.000000,480.000000</point>
				<point>368.000000,482.000000</point>
			</points>
		</object>
		<object>
			<coordinate>pixel</coordinate>
			<type>rectangle</type>
			<description>None</description>
			<possibleresult>
				<name>Van</name>
			</possibleresult>
			<points>
				<point>381.000000,485.000000</point>
				<point>376.000000,504.000000</point>
				<point>365.000000,502.000000</point>
				<point>369.000000,482.000000</point>
				<point>381.000000,485.000000</point>
			</points>
		</object>
		<object>
			<coordinate>pixel</coordinate>
			<type>rectangle</type>
			<description>None</description>
			<possibleresult>
				<name>Van</name>
			</possibleresult>
			<points>
				<point>388.000000,453.000000</point>
				<point>386.000000,466.000000</point>
				<point>378.000000,465.000000</point>
				<point>380.000000,451.000000</point>
				<point>388.000000,453.000000</point>
			</points>
		</object>
		<object>
			<coordinate>pixel</coordinate>
			<type>rectangle</type>
			<description>None</description>
			<possibleresult>
				<name>Van</name>
			</possibleresult>
			<points>
				<point>648.000000,520.000000</point>
				<point>647.000000,528.000000</point>
				<point>630.000000,527.000000</point>
				<point>630.000000,519.000000</point>
				<point>648.000000,520.000000</point>
			</points>
		</object>
		<object>
			<coordinate>pixel</coordinate>
			<type>rectangle</type>
			<description>None</description>
			<possibleresult>
				<name>Van</name>
			</possibleresult>
			<points>
				<point>646.000000,529.000000</point>
				<point>645.000000,537.000000</point>
				<point>624.000000,535.000000</point>
				<point>625.000000,527.000000</point>
				<point>646.000000,529.000000</point>
			</points>
		</object>
		<object>
			<coordinate>pixel</coordinate>
			<type>rectangle</type>
			<description>None</description>
			<possibleresult>
				<name>Van</name>
			</possibleresult>
			<points>
				<point>644.000000,539.000000</point>
				<point>643.000000,546.000000</point>
				<point>622.000000,542.000000</point>
				<point>624.000000,536.000000</point>
				<point>644.000000,539.000000</point>
			</points>
		</object>
		<object>
			<coordinate>pixel</coordinate>
			<type>rectangle</type>
			<description>None</description>
			<possibleresult>
				<name>Van</name>
			</possibleresult>
			<points>
				<point>641.000000,547.000000</point>
				<point>639.000000,554.000000</point>
				<point>618.000000,551.000000</point>
				<point>619.000000,543.000000</point>
				<point>641.000000,547.000000</point>
			</points>
		</object>
		<object>
			<coordinate>pixel</coordinate>
			<type>rectangle</type>
			<description>None</description>
			<possibleresult>
				<name>Small Car</name>
			</possibleresult>
			<points>
				<point>630.000000,563.000000</point>
				<point>629.000000,570.000000</point>
				<point>615.000000,569.000000</point>
				<point>616.000000,561.000000</point>
				<point>630.000000,563.000000</point>
			</points>
		</object>
	</objects>
</annotation>