<?xml version="1.0" encoding="utf-8"?>
<annotation>
	<source>
		<filename>6739.tif</filename>
		<origin>GF2/GF3</origin>
	</source>
	<research>
		<version>1.0</version>
		<provider>FAIR1M</provider>
		<author>Cyber</author>
		<pluginname>FAIR1M</pluginname>
		<pluginclass>object detection</pluginclass>
		<time>2021-07-21</time>
	</research>
	<size>
		<width>1000</width>
		<height>1000</height>
		<depth>3</depth>
	</size>
	<objects>
		<object>
			<coordinate>pixel</coordinate>
			<type>rectangle</type>
			<description>None</description>
			<possibleresult>
				<name>Van</name>
			</possibleresult>
			<points>
				<point>999.000000,600.000000</point>
				<point>989.000000,600.000000</point>
				<point>987.000000,579.000000</point>
				<point>997.000000,578.000000</point>
				<point>999.000000,600.000000</point>
			</points>
		</object>
		<object>
			<coordinate>pixel</coordinate>
			<type>rectangle</type>
			<description>None</description>
			<possibleresult>
				<name>Van</name>
			</possibleresult>
			<points>
				<point>960.000000,403.000000</point>
				<point>948.000000,404.000000</point>
				<point>945.000000,380.000000</point>
				<point>957.000000,379.000000</point>
				<point>960.000000,403.000000</point>
			</points>
		</object>
		<object>
			<coordinate>pixel</coordinate>
			<type>rectangle</type>
			<description>None</description>
			<possibleresult>
				<name>Small Car</name>
			</possibleresult>
			<points>
				<point>966.000000,274.000000</point>
				<point>953.000000,276.000000</point>
				<point>950.000000,250.000000</point>
				<point>962.000000,248.000000</point>
				<point>966.000000,274.000000</point>
			</points>
		</object>
		<object>
			<coordinate>pixel</coordinate>
			<type>rectangle</type>
			<description>None</description>
			<possibleresult>
				<name>Small Car</name>
			</possibleresult>
			<points>
				<point>923.000000,206.000000</point>
				<point>912.000000,206.000000</point>
				<point>910.000000,185.000000</point>
				<point>922.000000,185.000000</point>
				<point>923.000000,206.000000</point>
			</points>
		</object>
		<object>
			<coordinate>pixel</coordinate>
			<type>rectangle</type>
			<description>None</description>
			<possibleresult>
				<name>Van</name>
			</possibleresult>
			<points>
				<point>883.000000,278.000000</point>
				<point>872.000000,280.000000</point>
				<point>870.000000,264.000000</point>
				<point>881.000000,262.000000</point>
				<point>883.000000,278.000000</point>
			</points>
		</object>
		<object>
			<coordinate>pixel</coordinate>
			<type>rectangle</type>
			<description>None</description>
			<possibleresult>
				<name>Van</name>
			</possibleresult>
			<points>
				<point>868.000000,263.000000</point>
				<point>859.000000,263.000000</point>
				<point>858.000000,249.000000</point>
				<point>868.000000,249.000000</point>
				<point>868.000000,263.000000</point>
			</points>
		</object>
		<object>
			<coordinate>pixel</coordinate>
			<type>rectangle</type>
			<description>None</description>
			<possibleresult>
				<name>Van</name>
			</possibleresult>
			<points>
				<point>855.000000,266.000000</point>
				<point>845.000000,266.000000</point>
				<point>844.000000,247.000000</point>
				<point>854.000000,246.000000</point>
				<point>855.000000,266.000000</point>
			</points>
		</object>
		<object>
			<coordinate>pixel</coordinate>
			<type>rectangle</type>
			<description>None</description>
			<possibleresult>
				<name>Dump Truck</name>
			</possibleresult>
			<points>
				<point>843.000000,264.000000</point>
				<point>833.000000,264.000000</point>
				<point>832.000000,245.000000</point>
				<point>842.000000,245.000000</point>
				<point>843.000000,264.000000</point>
			</points>
		</object>
		<object>
			<coordinate>pixel</coordinate>
			<type>rectangle</type>
			<description>None</description>
			<possibleresult>
				<name>Small Car</name>
			</possibleresult>
			<points>
				<point>879.000000,217.000000</point>
				<point>869.000000,218.000000</point>
				<point>868.000000,202.000000</point>
				<point>878.000000,201.000000</point>
				<point>879.000000,217.000000</point>
			</points>
		</object>
		<object>
			<coordinate>pixel</coordinate>
			<type>rectangle</type>
			<description>None</description>
			<possibleresult>
				<name>Small Car</name>
			</possibleresult>
			<points>
				<point>868.000000,222.000000</point>
				<point>858.000000,222.000000</point>
				<point>857.000000,202.000000</point>
				<point>868.000000,202.000000</point>
				<point>868.000000,222.000000</point>
			</points>
		</object>
		<object>
			<coordinate>pixel</coordinate>
			<type>rectangle</type>
			<description>None</description>
			<possibleresult>
				<name>Van</name>
			</possibleresult>
			<points>
				<point>856.000000,222.000000</point>
				<point>846.000000,223.000000</point>
				<point>845.000000,204.000000</point>
				<point>855.000000,204.000000</point>
				<point>856.000000,222.000000</point>
			</points>
		</object>
		<object>
			<coordinate>pixel</coordinate>
			<type>rectangle</type>
			<description>None</description>
			<possibleresult>
				<name>Small Car</name>
			</possibleresult>
			<points>
				<point>881.000000,174.000000</point>
				<point>861.000000,174.000000</point>
				<point>861.000000,163.000000</point>
				<point>881.000000,163.000000</point>
				<point>881.000000,174.000000</point>
			</points>
		</object>
		<object>
			<coordinate>pixel</coordinate>
			<type>rectangle</type>
			<description>None</description>
			<possibleresult>
				<name>Small Car</name>
			</possibleresult>
			<points>
				<point>853.000000,165.000000</point>
				<point>852.000000,176.000000</point>
				<point>828.000000,175.000000</point>
				<point>828.000000,164.000000</point>
				<point>853.000000,165.000000</point>
			</points>
		</object>
		<object>
			<coordinate>pixel</coordinate>
			<type>rectangle</type>
			<description>None</description>
			<possibleresult>
				<name>Small Car</name>
			</possibleresult>
			<points>
				<point>714.000000,186.000000</point>
				<point>687.000000,187.000000</point>
				<point>686.000000,176.000000</point>
				<point>713.000000,176.000000</point>
				<point>714.000000,186.000000</point>
			</points>
		</object>
		<object>
			<coordinate>pixel</coordinate>
			<type>rectangle</type>
			<description>None</description>
			<possibleresult>
				<name>Small Car</name>
			</possibleresult>
			<points>
				<point>315.000000,54.000000</point>
				<point>313.000000,64.000000</point>
				<point>286.000000,59.000000</point>
				<point>288.000000,49.000000</point>
				<point>315.000000,54.000000</point>
			</points>
		</object>
		<object>
			<coordinate>pixel</coordinate>
			<type>rectangle</type>
			<description>None</description>
			<possibleresult>
				<name>Small Car</name>
			</possibleresult>
			<points>
				<point>214.000000,61.000000</point>
				<point>210.000000,71.000000</point>
				<point>186.000000,62.000000</point>
				<point>190.000000,52.000000</point>
				<point>214.000000,61.000000</point>
			</points>
		</object>
		<object>
			<coordinate>pixel</coordinate>
			<type>rectangle</type>
			<description>None</description>
			<possibleresult>
				<name>Van</name>
			</possibleresult>
			<points>
				<point>491.000000,283.000000</point>
				<point>472.000000,283.000000</point>
				<point>472.000000,276.000000</point>
				<point>491.000000,276.000000</point>
				<point>491.000000,283.000000</point>
			</points>
		</object>
		<object>
			<coordinate>pixel</coordinate>
			<type>rectangle</type>
			<description>None</description>
			<possibleresult>
				<name>Van</name>
			</possibleresult>
			<points>
				<point>29.000000,200.000000</point>
				<point>26.000000,220.000000</point>
				<point>13.000000,218.000000</point>
				<point>16.000000,198.000000</point>
				<point>29.000000,200.000000</point>
			</points>
		</object>
		<object>
			<coordinate>pixel</coordinate>
			<type>rectangle</type>
			<description>None</description>
			<possibleresult>
				<name>Van</name>
			</possibleresult>
			<points>
				<point>144.000000,88.000000</point>
				<point>118.000000,89.000000</point>
				<point>118.000000,78.000000</point>
				<point>144.000000,77.000000</point>
				<point>144.000000,88.000000</point>
			</points>
		</object>
		<object>
			<coordinate>pixel</coordinate>
			<type>rectangle</type>
			<description>None</description>
			<possibleresult>
				<name>Intersection</name>
			</possibleresult>
			<points>
				<point>574.000000,186.000000</point>
				<point>504.000000,188.000000</point>
				<point>503.000000,147.000000</point>
				<point>573.000000,146.000000</point>
				<point>574.000000,186.000000</point>
			</points>
		</object>
		<object>
			<coordinate>pixel</coordinate>
			<type>rectangle</type>
			<description>None</description>
			<possibleresult>
				<name>Van</name>
			</possibleresult>
			<points>
				<point>815.000000,382.000000</point>
				<point>809.000000,388.000000</point>
				<point>796.000000,375.000000</point>
				<point>802.000000,368.000000</point>
				<point>815.000000,382.000000</point>
			</points>
		</object>
		<object>
			<coordinate>pixel</coordinate>
			<type>rectangle</type>
			<description>None</description>
			<possibleresult>
				<name>Van</name>
			</possibleresult>
			<points>
				<point>796.000000,372.000000</point>
				<point>786.000000,374.000000</point>
				<point>781.000000,352.000000</point>
				<point>791.000000,350.000000</point>
				<point>796.000000,372.000000</point>
			</points>
		</object>
		<object>
			<coordinate>pixel</coordinate>
			<type>rectangle</type>
			<description>None</description>
			<possibleresult>
				<name>Van</name>
			</possibleresult>
			<points>
				<point>486.000000,33.000000</point>
				<point>463.000000,33.000000</point>
				<point>463.000000,27.000000</point>
				<point>485.000000,26.000000</point>
				<point>486.000000,33.000000</point>
			</points>
		</object>
	</objects>
</annotation>