<?xml version="1.0" encoding="utf-8"?>
<annotation>
	<source>
		<filename>6781.tif</filename>
		<origin>GF2/GF3</origin>
	</source>
	<research>
		<version>1.0</version>
		<provider>FAIR1M</provider>
		<author>Cyber</author>
		<pluginname>FAIR1M</pluginname>
		<pluginclass>object detection</pluginclass>
		<time>2021-07-21</time>
	</research>
	<size>
		<width>1000</width>
		<height>1000</height>
		<depth>3</depth>
	</size>
	<objects>
		<object>
			<coordinate>pixel</coordinate>
			<type>rectangle</type>
			<description>None</description>
			<possibleresult>
				<name>Boeing787</name>
			</possibleresult>
			<points>
				<point>922.000000,471.000000</point>
				<point>993.000000,431.000000</point>
				<point>955.000000,365.000000</point>
				<point>885.000000,405.000000</point>
				<point>922.000000,471.000000</point>
			</points>
		</object>
		<object>
			<coordinate>pixel</coordinate>
			<type>rectangle</type>
			<description>None</description>
			<possibleresult>
				<name>A350</name>
			</possibleresult>
			<points>
				<point>876.000000,399.000000</point>
				<point>955.000000,355.000000</point>
				<point>915.000000,283.000000</point>
				<point>837.000000,327.000000</point>
				<point>876.000000,399.000000</point>
			</points>
		</object>
		<object>
			<coordinate>pixel</coordinate>
			<type>rectangle</type>
			<description>None</description>
			<possibleresult>
				<name>Boeing777</name>
			</possibleresult>
			<points>
				<point>832.000000,321.000000</point>
				<point>911.000000,277.000000</point>
				<point>871.000000,205.000000</point>
				<point>792.000000,250.000000</point>
				<point>832.000000,321.000000</point>
			</points>
		</object>
		<object>
			<coordinate>pixel</coordinate>
			<type>rectangle</type>
			<description>None</description>
			<possibleresult>
				<name>other-airplane</name>
			</possibleresult>
			<points>
				<point>951.000000,58.000000</point>
				<point>883.000000,60.000000</point>
				<point>884.000000,122.000000</point>
				<point>952.000000,120.000000</point>
				<point>951.000000,58.000000</point>
			</points>
		</object>
		<object>
			<coordinate>pixel</coordinate>
			<type>rectangle</type>
			<description>None</description>
			<possibleresult>
				<name>A350</name>
			</possibleresult>
			<points>
				<point>694.000000,78.000000</point>
				<point>773.000000,33.000000</point>
				<point>733.000000,-40.000000</point>
				<point>653.000000,5.000000</point>
				<point>694.000000,78.000000</point>
			</points>
		</object>
	</objects>
</annotation>