<?xml version="1.0" encoding="utf-8"?>
<annotation>
	<source>
		<filename>6788.tif</filename>
		<origin>GF2/GF3</origin>
	</source>
	<research>
		<version>1.0</version>
		<provider>FAIR1M</provider>
		<author>Cyber</author>
		<pluginname>FAIR1M</pluginname>
		<pluginclass>object detection</pluginclass>
		<time>2021-07-21</time>
	</research>
	<size>
		<width>1000</width>
		<height>1000</height>
		<depth>3</depth>
	</size>
	<objects>
		<object>
			<coordinate>pixel</coordinate>
			<type>rectangle</type>
			<description>None</description>
			<possibleresult>
				<name>Van</name>
			</possibleresult>
			<points>
				<point>892.000000,547.000000</point>
				<point>886.000000,553.000000</point>
				<point>872.000000,539.000000</point>
				<point>879.000000,533.000000</point>
				<point>892.000000,547.000000</point>
			</points>
		</object>
		<object>
			<coordinate>pixel</coordinate>
			<type>rectangle</type>
			<description>None</description>
			<possibleresult>
				<name>Cargo Truck</name>
			</possibleresult>
			<points>
				<point>936.000000,233.000000</point>
				<point>923.000000,237.000000</point>
				<point>916.000000,208.000000</point>
				<point>928.000000,204.000000</point>
				<point>936.000000,233.000000</point>
			</points>
		</object>
		<object>
			<coordinate>pixel</coordinate>
			<type>rectangle</type>
			<description>None</description>
			<possibleresult>
				<name>Small Car</name>
			</possibleresult>
			<points>
				<point>235.000000,309.000000</point>
				<point>232.000000,328.000000</point>
				<point>223.000000,327.000000</point>
				<point>225.000000,308.000000</point>
				<point>235.000000,309.000000</point>
			</points>
		</object>
		<object>
			<coordinate>pixel</coordinate>
			<type>rectangle</type>
			<description>None</description>
			<possibleresult>
				<name>Dump Truck</name>
			</possibleresult>
			<points>
				<point>198.000000,304.000000</point>
				<point>192.000000,326.000000</point>
				<point>180.000000,323.000000</point>
				<point>185.000000,301.000000</point>
				<point>198.000000,304.000000</point>
			</points>
		</object>
		<object>
			<coordinate>pixel</coordinate>
			<type>rectangle</type>
			<description>None</description>
			<possibleresult>
				<name>Van</name>
			</possibleresult>
			<points>
				<point>105.000000,310.000000</point>
				<point>95.000000,310.000000</point>
				<point>95.000000,293.000000</point>
				<point>105.000000,293.000000</point>
				<point>105.000000,310.000000</point>
			</points>
		</object>
		<object>
			<coordinate>pixel</coordinate>
			<type>rectangle</type>
			<description>None</description>
			<possibleresult>
				<name>Van</name>
			</possibleresult>
			<points>
				<point>145.000000,295.000000</point>
				<point>144.000000,313.000000</point>
				<point>132.000000,312.000000</point>
				<point>133.000000,294.000000</point>
				<point>145.000000,295.000000</point>
			</points>
		</object>
		<object>
			<coordinate>pixel</coordinate>
			<type>rectangle</type>
			<description>None</description>
			<possibleresult>
				<name>Van</name>
			</possibleresult>
			<points>
				<point>126.000000,296.000000</point>
				<point>122.000000,313.000000</point>
				<point>111.000000,310.000000</point>
				<point>115.000000,294.000000</point>
				<point>126.000000,296.000000</point>
			</points>
		</object>
		<object>
			<coordinate>pixel</coordinate>
			<type>rectangle</type>
			<description>None</description>
			<possibleresult>
				<name>Small Car</name>
			</possibleresult>
			<points>
				<point>176.000000,301.000000</point>
				<point>173.000000,320.000000</point>
				<point>163.000000,318.000000</point>
				<point>167.000000,299.000000</point>
				<point>176.000000,301.000000</point>
			</points>
		</object>
	</objects>
</annotation>