<?xml version="1.0" encoding="utf-8"?>
<annotation>
	<source>
		<filename>6799.tif</filename>
		<origin>GF2/GF3</origin>
	</source>
	<research>
		<version>1.0</version>
		<provider>FAIR1M</provider>
		<author>Cyber</author>
		<pluginname>FAIR1M</pluginname>
		<pluginclass>object detection</pluginclass>
		<time>2021-07-21</time>
	</research>
	<size>
		<width>800</width>
		<height>600</height>
		<depth>3</depth>
	</size>
	<objects>
		<object>
			<coordinate>pixel</coordinate>
			<type>rectangle</type>
			<description>None</description>
			<possibleresult>
				<name>Boeing737</name>
			</possibleresult>
			<points>
				<point>524.000000,275.000000</point>
				<point>476.000000,302.000000</point>
				<point>453.000000,262.000000</point>
				<point>501.000000,234.000000</point>
				<point>524.000000,275.000000</point>
			</points>
		</object>
		<object>
			<coordinate>pixel</coordinate>
			<type>rectangle</type>
			<description>None</description>
			<possibleresult>
				<name>Boeing777</name>
			</possibleresult>
			<points>
				<point>622.000000,439.000000</point>
				<point>549.000000,478.000000</point>
				<point>511.000000,409.000000</point>
				<point>585.000000,370.000000</point>
				<point>622.000000,439.000000</point>
			</points>
		</object>
		<object>
			<coordinate>pixel</coordinate>
			<type>rectangle</type>
			<description>None</description>
			<possibleresult>
				<name>Boeing777</name>
			</possibleresult>
			<points>
				<point>638.000000,634.999939</point>
				<point>597.666748,563.187073</point>
				<point>671.000000,521.999939</point>
				<point>711.333252,593.812805</point>
				<point>638.000000,634.999939</point>
			</points>
		</object>
	</objects>
</annotation>