<?xml version="1.0" encoding="utf-8"?>
<annotation>
	<source>
		<filename>6861.tif</filename>
		<origin>GF2/GF3</origin>
	</source>
	<research>
		<version>1.0</version>
		<provider>FAIR1M</provider>
		<author>Cyber</author>
		<pluginname>FAIR1M</pluginname>
		<pluginclass>object detection</pluginclass>
		<time>2021-07-21</time>
	</research>
	<size>
		<width>1000</width>
		<height>1000</height>
		<depth>3</depth>
	</size>
	<objects>
		<object>
			<coordinate>pixel</coordinate>
			<type>rectangle</type>
			<description>None</description>
			<possibleresult>
				<name>other-airplane</name>
			</possibleresult>
			<points>
				<point>105.000000,222.000000</point>
				<point>83.000000,190.000000</point>
				<point>54.000000,209.000000</point>
				<point>76.000000,242.000000</point>
				<point>105.000000,222.000000</point>
			</points>
		</object>
		<object>
			<coordinate>pixel</coordinate>
			<type>rectangle</type>
			<description>None</description>
			<possibleresult>
				<name>other-airplane</name>
			</possibleresult>
			<points>
				<point>376.000000,218.000000</point>
				<point>427.000000,186.000000</point>
				<point>401.000000,145.000000</point>
				<point>351.000000,177.000000</point>
				<point>376.000000,218.000000</point>
			</points>
		</object>
	</objects>
</annotation>