<?xml version="1.0" encoding="utf-8"?>
<annotation>
	<source>
		<filename>6907.tif</filename>
		<origin>GF2/GF3</origin>
	</source>
	<research>
		<version>1.0</version>
		<provider>FAIR1M</provider>
		<author>Cyber</author>
		<pluginname>FAIR1M</pluginname>
		<pluginclass>object detection</pluginclass>
		<time>2021-07-21</time>
	</research>
	<size>
		<width>1000</width>
		<height>1000</height>
		<depth>3</depth>
	</size>
	<objects>
		<object>
			<coordinate>pixel</coordinate>
			<type>rectangle</type>
			<description>None</description>
			<possibleresult>
				<name>Van</name>
			</possibleresult>
			<points>
				<point>624.000000,214.000000</point>
				<point>616.000000,219.000000</point>
				<point>607.000000,206.000000</point>
				<point>615.000000,201.000000</point>
				<point>624.000000,214.000000</point>
			</points>
		</object>
		<object>
			<coordinate>pixel</coordinate>
			<type>rectangle</type>
			<description>None</description>
			<possibleresult>
				<name>Small Car</name>
			</possibleresult>
			<points>
				<point>764.000000,163.000000</point>
				<point>757.000000,168.000000</point>
				<point>747.000000,151.000000</point>
				<point>754.000000,147.000000</point>
				<point>764.000000,163.000000</point>
			</points>
		</object>
		<object>
			<coordinate>pixel</coordinate>
			<type>rectangle</type>
			<description>None</description>
			<possibleresult>
				<name>Small Car</name>
			</possibleresult>
			<points>
				<point>787.000000,152.000000</point>
				<point>780.000000,157.000000</point>
				<point>769.000000,138.000000</point>
				<point>776.000000,134.000000</point>
				<point>787.000000,152.000000</point>
			</points>
		</object>
		<object>
			<coordinate>pixel</coordinate>
			<type>rectangle</type>
			<description>None</description>
			<possibleresult>
				<name>Small Car</name>
			</possibleresult>
			<points>
				<point>810.000000,145.000000</point>
				<point>803.000000,148.000000</point>
				<point>793.000000,129.000000</point>
				<point>800.000000,125.000000</point>
				<point>810.000000,145.000000</point>
			</points>
		</object>
	</objects>
</annotation>