<?xml version="1.0" encoding="utf-8"?>
<annotation>
	<source>
		<filename>6926.tif</filename>
		<origin>GF2/GF3</origin>
	</source>
	<research>
		<version>1.0</version>
		<provider>FAIR1M</provider>
		<author>Cyber</author>
		<pluginname>FAIR1M</pluginname>
		<pluginclass>object detection</pluginclass>
		<time>2021-07-21</time>
	</research>
	<size>
		<width>800</width>
		<height>600</height>
		<depth>3</depth>
	</size>
	<objects>
		<object>
			<coordinate>pixel</coordinate>
			<type>rectangle</type>
			<description>None</description>
			<possibleresult>
				<name>Intersection</name>
			</possibleresult>
			<points>
				<point>532.000000,225.000000</point>
				<point>490.000000,252.000000</point>
				<point>467.000000,217.000000</point>
				<point>511.000000,189.000000</point>
				<point>532.000000,225.000000</point>
			</points>
		</object>
		<object>
			<coordinate>pixel</coordinate>
			<type>rectangle</type>
			<description>None</description>
			<possibleresult>
				<name>Intersection</name>
			</possibleresult>
			<points>
				<point>713.000000,509.000000</point>
				<point>669.000000,537.000000</point>
				<point>634.000000,484.000000</point>
				<point>678.000000,455.000000</point>
				<point>713.000000,509.000000</point>
			</points>
		</object>
		<object>
			<coordinate>pixel</coordinate>
			<type>rectangle</type>
			<description>None</description>
			<possibleresult>
				<name>Tennis Court</name>
			</possibleresult>
			<points>
				<point>628.000000,284.000000</point>
				<point>615.000000,292.000000</point>
				<point>598.000000,265.000000</point>
				<point>611.000000,257.000000</point>
				<point>628.000000,284.000000</point>
			</points>
		</object>
		<object>
			<coordinate>pixel</coordinate>
			<type>rectangle</type>
			<description>None</description>
			<possibleresult>
				<name>Basketball Court</name>
			</possibleresult>
			<points>
				<point>688.000000,248.000000</point>
				<point>661.000000,265.000000</point>
				<point>651.000000,248.000000</point>
				<point>678.000000,231.000000</point>
				<point>688.000000,248.000000</point>
			</points>
		</object>
	</objects>
</annotation>