<?xml version="1.0" encoding="utf-8"?>
<annotation>
	<source>
		<filename>6930.tif</filename>
		<origin>GF2/GF3</origin>
	</source>
	<research>
		<version>1.0</version>
		<provider>FAIR1M</provider>
		<author>Cyber</author>
		<pluginname>FAIR1M</pluginname>
		<pluginclass>object detection</pluginclass>
		<time>2021-07-21</time>
	</research>
	<size>
		<width>1000</width>
		<height>1000</height>
		<depth>3</depth>
	</size>
	<objects>
		<object>
			<coordinate>pixel</coordinate>
			<type>rectangle</type>
			<description>None</description>
			<possibleresult>
				<name>Liquid Cargo Ship</name>
			</possibleresult>
			<points>
				<point>603.000000,732.000000</point>
				<point>574.000000,427.000000</point>
				<point>515.000000,432.000000</point>
				<point>544.000000,737.000000</point>
				<point>603.000000,732.000000</point>
			</points>
		</object>
		<object>
			<coordinate>pixel</coordinate>
			<type>rectangle</type>
			<description>None</description>
			<possibleresult>
				<name>Liquid Cargo Ship</name>
			</possibleresult>
			<points>
				<point>370.000000,992.000000</point>
				<point>354.000000,822.000000</point>
				<point>303.000000,827.000000</point>
				<point>319.000000,998.000000</point>
				<point>370.000000,992.000000</point>
			</points>
		</object>
	</objects>
</annotation>