<?xml version="1.0" encoding="utf-8"?>
<annotation>
	<source>
		<filename>6955.tif</filename>
		<origin>GF2/GF3</origin>
	</source>
	<research>
		<version>1.0</version>
		<provider>FAIR1M</provider>
		<author>Cyber</author>
		<pluginname>FAIR1M</pluginname>
		<pluginclass>object detection</pluginclass>
		<time>2021-07-21</time>
	</research>
	<size>
		<width>800</width>
		<height>600</height>
		<depth>4</depth>
	</size>
	<objects>
		<object>
			<coordinate>pixel</coordinate>
			<type>rectangle</type>
			<description>None</description>
			<possibleresult>
				<name>Van</name>
			</possibleresult>
			<points>
				<point>229.000000,100.000000</point>
				<point>219.000000,101.000000</point>
				<point>219.000000,84.000000</point>
				<point>229.000000,84.000000</point>
				<point>229.000000,100.000000</point>
			</points>
		</object>
		<object>
			<coordinate>pixel</coordinate>
			<type>rectangle</type>
			<description>None</description>
			<possibleresult>
				<name>Van</name>
			</possibleresult>
			<points>
				<point>21.000000,170.000000</point>
				<point>12.000000,171.000000</point>
				<point>11.000000,156.000000</point>
				<point>20.000000,156.000000</point>
				<point>21.000000,170.000000</point>
			</points>
		</object>
		<object>
			<coordinate>pixel</coordinate>
			<type>rectangle</type>
			<description>None</description>
			<possibleresult>
				<name>Intersection</name>
			</possibleresult>
			<points>
				<point>246.000000,375.000000</point>
				<point>245.000000,418.000000</point>
				<point>190.000000,416.000000</point>
				<point>191.000000,373.000000</point>
				<point>246.000000,375.000000</point>
			</points>
		</object>
		<object>
			<coordinate>pixel</coordinate>
			<type>rectangle</type>
			<description>None</description>
			<possibleresult>
				<name>Van</name>
			</possibleresult>
			<points>
				<point>511.000000,170.000000</point>
				<point>510.000000,177.000000</point>
				<point>488.000000,176.000000</point>
				<point>488.000000,169.000000</point>
				<point>511.000000,170.000000</point>
			</points>
		</object>
		<object>
			<coordinate>pixel</coordinate>
			<type>rectangle</type>
			<description>None</description>
			<possibleresult>
				<name>Van</name>
			</possibleresult>
			<points>
				<point>54.000000,587.000000</point>
				<point>45.000000,587.000000</point>
				<point>44.000000,571.000000</point>
				<point>54.000000,571.000000</point>
				<point>54.000000,587.000000</point>
			</points>
		</object>
	</objects>
</annotation>