<?xml version="1.0" encoding="utf-8"?>
<annotation>
	<source>
		<filename>7001.tif</filename>
		<origin>GF2/GF3</origin>
	</source>
	<research>
		<version>1.0</version>
		<provider>FAIR1M</provider>
		<author>Cyber</author>
		<pluginname>FAIR1M</pluginname>
		<pluginclass>object detection</pluginclass>
		<time>2021-07-21</time>
	</research>
	<size>
		<width>1000</width>
		<height>1000</height>
		<depth>3</depth>
	</size>
	<objects>
		<object>
			<coordinate>pixel</coordinate>
			<type>rectangle</type>
			<description>None</description>
			<possibleresult>
				<name>other-airplane</name>
			</possibleresult>
			<points>
				<point>105.000000,922.000000</point>
				<point>83.000000,890.000000</point>
				<point>54.000000,909.000000</point>
				<point>76.000000,942.000000</point>
				<point>105.000000,922.000000</point>
			</points>
		</object>
		<object>
			<coordinate>pixel</coordinate>
			<type>rectangle</type>
			<description>None</description>
			<possibleresult>
				<name>other-airplane</name>
			</possibleresult>
			<points>
				<point>376.000000,918.000000</point>
				<point>427.000000,886.000000</point>
				<point>401.000000,845.000000</point>
				<point>351.000000,877.000000</point>
				<point>376.000000,918.000000</point>
			</points>
		</object>
		<object>
			<coordinate>pixel</coordinate>
			<type>rectangle</type>
			<description>None</description>
			<possibleresult>
				<name>Boeing737</name>
			</possibleresult>
			<points>
				<point>275.000000,460.000000</point>
				<point>299.000000,498.000000</point>
				<point>336.000000,474.000000</point>
				<point>311.000000,437.000000</point>
				<point>275.000000,460.000000</point>
			</points>
		</object>
	</objects>
</annotation>