<?xml version="1.0" encoding="utf-8"?>
<annotation>
	<source>
		<filename>7003.tif</filename>
		<origin>GF2/GF3</origin>
	</source>
	<research>
		<version>1.0</version>
		<provider>FAIR1M</provider>
		<author>Cyber</author>
		<pluginname>FAIR1M</pluginname>
		<pluginclass>object detection</pluginclass>
		<time>2021-07-21</time>
	</research>
	<size>
		<width>1000</width>
		<height>1000</height>
		<depth>3</depth>
	</size>
	<objects>
		<object>
			<coordinate>pixel</coordinate>
			<type>rectangle</type>
			<description>None</description>
			<possibleresult>
				<name>A321</name>
			</possibleresult>
			<points>
				<point>72.000000,800.000000</point>
				<point>33.000000,845.000000</point>
				<point>67.000000,875.000000</point>
				<point>106.000000,829.000000</point>
				<point>72.000000,800.000000</point>
			</points>
		</object>
		<object>
			<coordinate>pixel</coordinate>
			<type>rectangle</type>
			<description>None</description>
			<possibleresult>
				<name>Boeing737</name>
			</possibleresult>
			<points>
				<point>146.000000,582.000000</point>
				<point>183.000000,610.000000</point>
				<point>214.000000,569.000000</point>
				<point>177.000000,541.000000</point>
				<point>146.000000,582.000000</point>
			</points>
		</object>
		<object>
			<coordinate>pixel</coordinate>
			<type>rectangle</type>
			<description>None</description>
			<possibleresult>
				<name>other-airplane</name>
			</possibleresult>
			<points>
				<point>463.000000,592.000000</point>
				<point>423.000000,561.000000</point>
				<point>393.000000,600.000000</point>
				<point>434.000000,631.000000</point>
				<point>463.000000,592.000000</point>
			</points>
		</object>
		<object>
			<coordinate>pixel</coordinate>
			<type>rectangle</type>
			<description>None</description>
			<possibleresult>
				<name>Boeing737</name>
			</possibleresult>
			<points>
				<point>558.000000,746.000000</point>
				<point>527.000000,782.000000</point>
				<point>560.000000,811.000000</point>
				<point>591.000000,775.000000</point>
				<point>558.000000,746.000000</point>
			</points>
		</object>
		<object>
			<coordinate>pixel</coordinate>
			<type>rectangle</type>
			<description>None</description>
			<possibleresult>
				<name>A321</name>
			</possibleresult>
			<points>
				<point>821.000000,868.000000</point>
				<point>856.000000,821.000000</point>
				<point>820.000000,794.000000</point>
				<point>785.000000,841.000000</point>
				<point>821.000000,868.000000</point>
			</points>
		</object>
		<object>
			<coordinate>pixel</coordinate>
			<type>rectangle</type>
			<description>None</description>
			<possibleresult>
				<name>Boeing737</name>
			</possibleresult>
			<points>
				<point>840.000000,576.000000</point>
				<point>796.000000,550.000000</point>
				<point>773.000000,590.000000</point>
				<point>817.000000,616.000000</point>
				<point>840.000000,576.000000</point>
			</points>
		</object>
	</objects>
</annotation>