<?xml version="1.0" encoding="utf-8"?>
<annotation>
	<source>
		<filename>7067.tif</filename>
		<origin>GF2/GF3</origin>
	</source>
	<research>
		<version>1.0</version>
		<provider>FAIR1M</provider>
		<author>Cyber</author>
		<pluginname>FAIR1M</pluginname>
		<pluginclass>object detection</pluginclass>
		<time>2021-07-21</time>
	</research>
	<size>
		<width>1000</width>
		<height>1000</height>
		<depth>3</depth>
	</size>
	<objects>
		<object>
			<coordinate>pixel</coordinate>
			<type>rectangle</type>
			<description>None</description>
			<possibleresult>
				<name>Dry Cargo Ship</name>
			</possibleresult>
			<points>
				<point>501.000000,150.000000</point>
				<point>574.000000,82.000000</point>
				<point>559.000000,66.000000</point>
				<point>486.000000,134.000000</point>
				<point>501.000000,150.000000</point>
			</points>
		</object>
		<object>
			<coordinate>pixel</coordinate>
			<type>rectangle</type>
			<description>None</description>
			<possibleresult>
				<name>Dry Cargo Ship</name>
			</possibleresult>
			<points>
				<point>200.000000,600.000000</point>
				<point>221.000000,531.000000</point>
				<point>204.000000,526.000000</point>
				<point>182.000000,595.000000</point>
				<point>200.000000,600.000000</point>
			</points>
		</object>
	</objects>
</annotation>