<?xml version="1.0" encoding="utf-8"?>
<annotation>
	<source>
		<filename>7130.tif</filename>
		<origin>GF2/GF3</origin>
	</source>
	<research>
		<version>1.0</version>
		<provider>FAIR1M</provider>
		<author>Cyber</author>
		<pluginname>FAIR1M</pluginname>
		<pluginclass>object detection</pluginclass>
		<time>2021-07-21</time>
	</research>
	<size>
		<width>800</width>
		<height>600</height>
		<depth>3</depth>
	</size>
	<objects>
		<object>
			<coordinate>pixel</coordinate>
			<type>rectangle</type>
			<description>None</description>
			<possibleresult>
				<name>A321</name>
			</possibleresult>
			<points>
				<point>112.000000,232.000000</point>
				<point>111.000000,285.000000</point>
				<point>68.000000,284.000000</point>
				<point>69.000000,231.000000</point>
				<point>112.000000,232.000000</point>
			</points>
		</object>
		<object>
			<coordinate>pixel</coordinate>
			<type>rectangle</type>
			<description>None</description>
			<possibleresult>
				<name>other-airplane</name>
			</possibleresult>
			<points>
				<point>234.000000,201.000000</point>
				<point>229.000000,292.000000</point>
				<point>129.000000,286.000000</point>
				<point>134.000000,195.000000</point>
				<point>234.000000,201.000000</point>
			</points>
		</object>
		<object>
			<coordinate>pixel</coordinate>
			<type>rectangle</type>
			<description>None</description>
			<possibleresult>
				<name>Boeing737</name>
			</possibleresult>
			<points>
				<point>297.000000,237.000000</point>
				<point>288.000000,286.000000</point>
				<point>245.000000,278.000000</point>
				<point>253.000000,229.000000</point>
				<point>297.000000,237.000000</point>
			</points>
		</object>
		<object>
			<coordinate>pixel</coordinate>
			<type>rectangle</type>
			<description>None</description>
			<possibleresult>
				<name>Boeing737</name>
			</possibleresult>
			<points>
				<point>650.000000,58.000000</point>
				<point>605.000000,77.000000</point>
				<point>588.000000,35.000000</point>
				<point>633.000000,16.000000</point>
				<point>650.000000,58.000000</point>
			</points>
		</object>
	</objects>
</annotation>