<?xml version="1.0" encoding="utf-8"?>
<annotation>
	<source>
		<filename>7167.tif</filename>
		<origin>GF2/GF3</origin>
	</source>
	<research>
		<version>1.0</version>
		<provider>FAIR1M</provider>
		<author>Cyber</author>
		<pluginname>FAIR1M</pluginname>
		<pluginclass>object detection</pluginclass>
		<time>2021-07-21</time>
	</research>
	<size>
		<width>1000</width>
		<height>1000</height>
		<depth>3</depth>
	</size>
	<objects>
		<object>
			<coordinate>pixel</coordinate>
			<type>rectangle</type>
			<description>None</description>
			<possibleresult>
				<name>other-airplane</name>
			</possibleresult>
			<points>
				<point>847.000000,84.000000</point>
				<point>888.000000,81.000000</point>
				<point>885.000000,37.000000</point>
				<point>844.000000,40.000000</point>
				<point>847.000000,84.000000</point>
			</points>
		</object>
	</objects>
</annotation>