<?xml version="1.0" encoding="utf-8"?>
<annotation>
	<source>
		<filename>7181.tif</filename>
		<origin>GF2/GF3</origin>
	</source>
	<research>
		<version>1.0</version>
		<provider>FAIR1M</provider>
		<author>Cyber</author>
		<pluginname>FAIR1M</pluginname>
		<pluginclass>object detection</pluginclass>
		<time>2021-07-21</time>
	</research>
	<size>
		<width>1000</width>
		<height>1000</height>
		<depth>3</depth>
	</size>
	<objects>
		<object>
			<coordinate>pixel</coordinate>
			<type>rectangle</type>
			<description>None</description>
			<possibleresult>
				<name>Dry Cargo Ship</name>
			</possibleresult>
			<points>
				<point>253.000000,527.000000</point>
				<point>159.000000,529.000000</point>
				<point>159.000000,545.000000</point>
				<point>253.000000,543.000000</point>
				<point>253.000000,527.000000</point>
			</points>
		</object>
		<object>
			<coordinate>pixel</coordinate>
			<type>rectangle</type>
			<description>None</description>
			<possibleresult>
				<name>Dry Cargo Ship</name>
			</possibleresult>
			<points>
				<point>338.000000,511.000000</point>
				<point>451.000000,508.000000</point>
				<point>451.000000,493.000000</point>
				<point>338.000000,497.000000</point>
				<point>338.000000,511.000000</point>
			</points>
		</object>
		<object>
			<coordinate>pixel</coordinate>
			<type>rectangle</type>
			<description>None</description>
			<possibleresult>
				<name>Dry Cargo Ship</name>
			</possibleresult>
			<points>
				<point>342.000000,527.000000</point>
				<point>455.000000,520.000000</point>
				<point>455.000000,506.000000</point>
				<point>340.000000,513.000000</point>
				<point>342.000000,527.000000</point>
			</points>
		</object>
		<object>
			<coordinate>pixel</coordinate>
			<type>rectangle</type>
			<description>None</description>
			<possibleresult>
				<name>Dry Cargo Ship</name>
			</possibleresult>
			<points>
				<point>342.000000,540.000000</point>
				<point>436.000000,538.000000</point>
				<point>436.000000,524.000000</point>
				<point>340.000000,525.000000</point>
				<point>342.000000,540.000000</point>
			</points>
		</object>
		<object>
			<coordinate>pixel</coordinate>
			<type>rectangle</type>
			<description>None</description>
			<possibleresult>
				<name>Dry Cargo Ship</name>
			</possibleresult>
			<points>
				<point>367.000000,458.000000</point>
				<point>455.000000,463.000000</point>
				<point>455.000000,450.000000</point>
				<point>367.000000,447.000000</point>
				<point>367.000000,458.000000</point>
			</points>
		</object>
		<object>
			<coordinate>pixel</coordinate>
			<type>rectangle</type>
			<description>None</description>
			<possibleresult>
				<name>Dry Cargo Ship</name>
			</possibleresult>
			<points>
				<point>563.000000,400.000000</point>
				<point>646.000000,400.000000</point>
				<point>646.000000,386.000000</point>
				<point>563.000000,386.000000</point>
				<point>563.000000,400.000000</point>
			</points>
		</object>
		<object>
			<coordinate>pixel</coordinate>
			<type>rectangle</type>
			<description>None</description>
			<possibleresult>
				<name>Engineering Ship</name>
			</possibleresult>
			<points>
				<point>184.000000,381.000000</point>
				<point>384.000000,379.000000</point>
				<point>384.000000,343.000000</point>
				<point>184.000000,345.000000</point>
				<point>184.000000,381.000000</point>
			</points>
		</object>
		<object>
			<coordinate>pixel</coordinate>
			<type>rectangle</type>
			<description>None</description>
			<possibleresult>
				<name>Dry Cargo Ship</name>
			</possibleresult>
			<points>
				<point>169.000000,129.000000</point>
				<point>267.000000,125.000000</point>
				<point>267.000000,109.000000</point>
				<point>169.000000,111.000000</point>
				<point>169.000000,129.000000</point>
			</points>
		</object>
		<object>
			<coordinate>pixel</coordinate>
			<type>rectangle</type>
			<description>None</description>
			<possibleresult>
				<name>Dry Cargo Ship</name>
			</possibleresult>
			<points>
				<point>273.000000,122.000000</point>
				<point>367.000000,120.000000</point>
				<point>367.000000,106.000000</point>
				<point>273.000000,109.000000</point>
				<point>273.000000,122.000000</point>
			</points>
		</object>
		<object>
			<coordinate>pixel</coordinate>
			<type>rectangle</type>
			<description>None</description>
			<possibleresult>
				<name>Dry Cargo Ship</name>
			</possibleresult>
			<points>
				<point>603.000000,93.000000</point>
				<point>701.000000,93.000000</point>
				<point>700.000000,79.000000</point>
				<point>603.000000,79.000000</point>
				<point>603.000000,93.000000</point>
			</points>
		</object>
	</objects>
</annotation>