<?xml version="1.0" encoding="utf-8"?>
<annotation>
	<source>
		<filename>7202.tif</filename>
		<origin>GF2/GF3</origin>
	</source>
	<research>
		<version>1.0</version>
		<provider>FAIR1M</provider>
		<author>Cyber</author>
		<pluginname>FAIR1M</pluginname>
		<pluginclass>object detection</pluginclass>
		<time>2021-07-21</time>
	</research>
	<size>
		<width>1000</width>
		<height>1000</height>
		<depth>3</depth>
	</size>
	<objects>
		<object>
			<coordinate>pixel</coordinate>
			<type>rectangle</type>
			<description>None</description>
			<possibleresult>
				<name>Van</name>
			</possibleresult>
			<points>
				<point>334.000000,395.000000</point>
				<point>328.000000,400.000000</point>
				<point>315.000000,383.000000</point>
				<point>321.000000,378.000000</point>
				<point>334.000000,395.000000</point>
			</points>
		</object>
		<object>
			<coordinate>pixel</coordinate>
			<type>rectangle</type>
			<description>None</description>
			<possibleresult>
				<name>Dump Truck</name>
			</possibleresult>
			<points>
				<point>96.000000,719.000000</point>
				<point>88.000000,736.000000</point>
				<point>81.000000,732.000000</point>
				<point>88.000000,716.000000</point>
				<point>96.000000,719.000000</point>
			</points>
		</object>
		<object>
			<coordinate>pixel</coordinate>
			<type>rectangle</type>
			<description>None</description>
			<possibleresult>
				<name>Small Car</name>
			</possibleresult>
			<points>
				<point>557.000000,269.000000</point>
				<point>551.000000,275.000000</point>
				<point>538.000000,261.000000</point>
				<point>544.000000,255.000000</point>
				<point>557.000000,269.000000</point>
			</points>
		</object>
		<object>
			<coordinate>pixel</coordinate>
			<type>rectangle</type>
			<description>None</description>
			<possibleresult>
				<name>Van</name>
			</possibleresult>
			<points>
				<point>520.000000,259.000000</point>
				<point>505.000000,268.000000</point>
				<point>500.000000,261.000000</point>
				<point>516.000000,252.000000</point>
				<point>520.000000,259.000000</point>
			</points>
		</object>
		<object>
			<coordinate>pixel</coordinate>
			<type>rectangle</type>
			<description>None</description>
			<possibleresult>
				<name>Van</name>
			</possibleresult>
			<points>
				<point>716.000000,76.000000</point>
				<point>704.000000,86.000000</point>
				<point>699.000000,81.000000</point>
				<point>711.000000,71.000000</point>
				<point>716.000000,76.000000</point>
			</points>
		</object>
	</objects>
</annotation>