<?xml version="1.0" encoding="utf-8"?>
<annotation>
	<source>
		<filename>7235.tif</filename>
		<origin>GF2/GF3</origin>
	</source>
	<research>
		<version>1.0</version>
		<provider>FAIR1M</provider>
		<author>Cyber</author>
		<pluginname>FAIR1M</pluginname>
		<pluginclass>object detection</pluginclass>
		<time>2021-07-21</time>
	</research>
	<size>
		<width>600</width>
		<height>800</height>
		<depth>3</depth>
	</size>
	<objects>
		<object>
			<coordinate>pixel</coordinate>
			<type>rectangle</type>
			<description>None</description>
			<possibleresult>
				<name>Dry Cargo Ship</name>
			</possibleresult>
			<points>
				<point>384.000000,695.000000</point>
				<point>376.000000,740.000000</point>
				<point>128.000000,693.000000</point>
				<point>136.000000,650.000000</point>
				<point>384.000000,695.000000</point>
			</points>
		</object>
	</objects>
</annotation>