<?xml version="1.0" encoding="utf-8"?>
<annotation>
	<source>
		<filename>7283.tif</filename>
		<origin>GF2/GF3</origin>
	</source>
	<research>
		<version>1.0</version>
		<provider>FAIR1M</provider>
		<author>Cyber</author>
		<pluginname>FAIR1M</pluginname>
		<pluginclass>object detection</pluginclass>
		<time>2021-07-21</time>
	</research>
	<size>
		<width>900</width>
		<height>900</height>
		<depth>3</depth>
	</size>
	<objects>
		<object>
			<coordinate>pixel</coordinate>
			<type>rectangle</type>
			<description>None</description>
			<possibleresult>
				<name>A350</name>
			</possibleresult>
			<points>
				<point>774.000000,679.000000</point>
				<point>690.000000,687.000000</point>
				<point>681.000000,593.000000</point>
				<point>765.000000,585.000000</point>
				<point>774.000000,679.000000</point>
			</points>
		</object>
		<object>
			<coordinate>pixel</coordinate>
			<type>rectangle</type>
			<description>None</description>
			<possibleresult>
				<name>other-airplane</name>
			</possibleresult>
			<points>
				<point>216.000000,480.000000</point>
				<point>156.000000,495.000000</point>
				<point>139.000000,427.000000</point>
				<point>199.000000,412.000000</point>
				<point>216.000000,480.000000</point>
			</points>
		</object>
	</objects>
</annotation>