<?xml version="1.0" encoding="utf-8"?>
<annotation>
	<source>
		<filename>7351.tif</filename>
		<origin>GF2/GF3</origin>
	</source>
	<research>
		<version>1.0</version>
		<provider>FAIR1M</provider>
		<author>Cyber</author>
		<pluginname>FAIR1M</pluginname>
		<pluginclass>object detection</pluginclass>
		<time>2021-07-21</time>
	</research>
	<size>
		<width>1000</width>
		<height>1000</height>
		<depth>3</depth>
	</size>
	<objects>
		<object>
			<coordinate>pixel</coordinate>
			<type>rectangle</type>
			<description>None</description>
			<possibleresult>
				<name>Van</name>
			</possibleresult>
			<points>
				<point>226.000000,983.000000</point>
				<point>208.000000,989.000000</point>
				<point>206.000000,982.000000</point>
				<point>224.000000,976.000000</point>
				<point>226.000000,983.000000</point>
			</points>
		</object>
		<object>
			<coordinate>pixel</coordinate>
			<type>rectangle</type>
			<description>None</description>
			<possibleresult>
				<name>Van</name>
			</possibleresult>
			<points>
				<point>329.000000,950.000000</point>
				<point>310.000000,958.000000</point>
				<point>307.000000,951.000000</point>
				<point>326.000000,943.000000</point>
				<point>329.000000,950.000000</point>
			</points>
		</object>
		<object>
			<coordinate>pixel</coordinate>
			<type>rectangle</type>
			<description>None</description>
			<possibleresult>
				<name>Dump Truck</name>
			</possibleresult>
			<points>
				<point>302.000000,911.000000</point>
				<point>277.000000,921.000000</point>
				<point>273.000000,913.000000</point>
				<point>299.000000,903.000000</point>
				<point>302.000000,911.000000</point>
			</points>
		</object>
		<object>
			<coordinate>pixel</coordinate>
			<type>rectangle</type>
			<description>None</description>
			<possibleresult>
				<name>Baseball Field</name>
			</possibleresult>
			<points>
				<point>717.000000,803.000000</point>
				<point>545.000000,882.000000</point>
				<point>475.000000,731.000000</point>
				<point>648.000000,652.000000</point>
				<point>717.000000,803.000000</point>
			</points>
		</object>
	</objects>
</annotation>