<?xml version="1.0" encoding="utf-8"?>
<annotation>
	<source>
		<filename>7382.tif</filename>
		<origin>GF2/GF3</origin>
	</source>
	<research>
		<version>1.0</version>
		<provider>FAIR1M</provider>
		<author>Cyber</author>
		<pluginname>FAIR1M</pluginname>
		<pluginclass>object detection</pluginclass>
		<time>2021-07-21</time>
	</research>
	<size>
		<width>800</width>
		<height>600</height>
		<depth>3</depth>
	</size>
	<objects>
		<object>
			<coordinate>pixel</coordinate>
			<type>rectangle</type>
			<description>None</description>
			<possibleresult>
				<name>Liquid Cargo Ship</name>
			</possibleresult>
			<points>
				<point>601.000000,122.000000</point>
				<point>344.000000,285.000000</point>
				<point>315.000000,240.000000</point>
				<point>572.000000,77.000000</point>
				<point>601.000000,122.000000</point>
			</points>
		</object>
	</objects>
</annotation>