<?xml version="1.0" encoding="utf-8"?>
<annotation>
	<source>
		<filename>7391.tif</filename>
		<origin>GF2/GF3</origin>
	</source>
	<research>
		<version>1.0</version>
		<provider>FAIR1M</provider>
		<author>Cyber</author>
		<pluginname>FAIR1M</pluginname>
		<pluginclass>object detection</pluginclass>
		<time>2021-07-21</time>
	</research>
	<size>
		<width>600</width>
		<height>800</height>
		<depth>3</depth>
	</size>
	<objects>
		<object>
			<coordinate>pixel</coordinate>
			<type>rectangle</type>
			<description>None</description>
			<possibleresult>
				<name>Dry Cargo Ship</name>
			</possibleresult>
			<points>
				<point>501.000000,559.000000</point>
				<point>492.000000,672.000000</point>
				<point>471.000000,672.000000</point>
				<point>480.000000,559.000000</point>
				<point>501.000000,559.000000</point>
			</points>
		</object>
		<object>
			<coordinate>pixel</coordinate>
			<type>rectangle</type>
			<description>None</description>
			<possibleresult>
				<name>Dry Cargo Ship</name>
			</possibleresult>
			<points>
				<point>417.000000,497.000000</point>
				<point>407.000000,522.000000</point>
				<point>282.000000,470.000000</point>
				<point>294.000000,445.000000</point>
				<point>417.000000,497.000000</point>
			</points>
		</object>
		<object>
			<coordinate>pixel</coordinate>
			<type>rectangle</type>
			<description>None</description>
			<possibleresult>
				<name>Dry Cargo Ship</name>
			</possibleresult>
			<points>
				<point>23.000004,599.000000</point>
				<point>-6.213284,590.755737</point>
				<point>39.999996,427.000000</point>
				<point>69.213287,435.244263</point>
				<point>23.000004,599.000000</point>
			</points>
		</object>
	</objects>
</annotation>