<?xml version="1.0" encoding="utf-8"?>
<annotation>
	<source>
		<filename>7409.tif</filename>
		<origin>GF2/GF3</origin>
	</source>
	<research>
		<version>1.0</version>
		<provider>FAIR1M</provider>
		<author>Cyber</author>
		<pluginname>FAIR1M</pluginname>
		<pluginclass>object detection</pluginclass>
		<time>2021-07-21</time>
	</research>
	<size>
		<width>1000</width>
		<height>1000</height>
		<depth>3</depth>
	</size>
	<objects>
		<object>
			<coordinate>pixel</coordinate>
			<type>rectangle</type>
			<description>None</description>
			<possibleresult>
				<name>Boeing737</name>
			</possibleresult>
			<points>
				<point>969.000000,368.000000</point>
				<point>941.000000,324.000000</point>
				<point>902.000000,350.000000</point>
				<point>930.000000,393.000000</point>
				<point>969.000000,368.000000</point>
			</points>
		</object>
		<object>
			<coordinate>pixel</coordinate>
			<type>rectangle</type>
			<description>None</description>
			<possibleresult>
				<name>other-airplane</name>
			</possibleresult>
			<points>
				<point>785.000000,614.000000</point>
				<point>786.000000,568.000000</point>
				<point>744.000000,568.000000</point>
				<point>744.000000,613.000000</point>
				<point>785.000000,614.000000</point>
			</points>
		</object>
	</objects>
</annotation>