<?xml version="1.0" encoding="utf-8"?>
<annotation>
	<source>
		<filename>7418.tif</filename>
		<origin>GF2/GF3</origin>
	</source>
	<research>
		<version>1.0</version>
		<provider>FAIR1M</provider>
		<author>Cyber</author>
		<pluginname>FAIR1M</pluginname>
		<pluginclass>object detection</pluginclass>
		<time>2021-07-21</time>
	</research>
	<size>
		<width>1000</width>
		<height>1000</height>
		<depth>3</depth>
	</size>
	<objects>
		<object>
			<coordinate>pixel</coordinate>
			<type>rectangle</type>
			<description>None</description>
			<possibleresult>
				<name>other-airplane</name>
			</possibleresult>
			<points>
				<point>209.000000,966.000000</point>
				<point>225.000000,973.000000</point>
				<point>234.000000,952.000000</point>
				<point>219.000000,945.000000</point>
				<point>209.000000,966.000000</point>
			</points>
		</object>
		<object>
			<coordinate>pixel</coordinate>
			<type>rectangle</type>
			<description>None</description>
			<possibleresult>
				<name>other-airplane</name>
			</possibleresult>
			<points>
				<point>289.000000,998.000000</point>
				<point>304.000000,1006.000000</point>
				<point>314.000000,987.000000</point>
				<point>300.000000,979.000000</point>
				<point>289.000000,998.000000</point>
			</points>
		</object>
		<object>
			<coordinate>pixel</coordinate>
			<type>rectangle</type>
			<description>None</description>
			<possibleresult>
				<name>other-airplane</name>
			</possibleresult>
			<points>
				<point>299.000000,968.000000</point>
				<point>317.000000,978.000000</point>
				<point>329.000000,955.000000</point>
				<point>311.000000,945.000000</point>
				<point>299.000000,968.000000</point>
			</points>
		</object>
		<object>
			<coordinate>pixel</coordinate>
			<type>rectangle</type>
			<description>None</description>
			<possibleresult>
				<name>other-airplane</name>
			</possibleresult>
			<points>
				<point>320.000000,929.000000</point>
				<point>341.000000,941.000000</point>
				<point>354.000000,919.000000</point>
				<point>333.000000,907.000000</point>
				<point>320.000000,929.000000</point>
			</points>
		</object>
		<object>
			<coordinate>pixel</coordinate>
			<type>rectangle</type>
			<description>None</description>
			<possibleresult>
				<name>other-airplane</name>
			</possibleresult>
			<points>
				<point>317.000000,947.000000</point>
				<point>326.000000,953.000000</point>
				<point>335.000000,938.000000</point>
				<point>325.000000,932.000000</point>
				<point>317.000000,947.000000</point>
			</points>
		</object>
		<object>
			<coordinate>pixel</coordinate>
			<type>rectangle</type>
			<description>None</description>
			<possibleresult>
				<name>other-airplane</name>
			</possibleresult>
			<points>
				<point>390.000000,855.000000</point>
				<point>381.000000,851.000000</point>
				<point>374.000000,866.000000</point>
				<point>383.000000,870.000000</point>
				<point>390.000000,855.000000</point>
			</points>
		</object>
		<object>
			<coordinate>pixel</coordinate>
			<type>rectangle</type>
			<description>None</description>
			<possibleresult>
				<name>other-airplane</name>
			</possibleresult>
			<points>
				<point>494.000000,812.000000</point>
				<point>479.000000,787.000000</point>
				<point>457.000000,800.000000</point>
				<point>471.000000,825.000000</point>
				<point>494.000000,812.000000</point>
			</points>
		</object>
		<object>
			<coordinate>pixel</coordinate>
			<type>rectangle</type>
			<description>None</description>
			<possibleresult>
				<name>other-airplane</name>
			</possibleresult>
			<points>
				<point>458.000000,880.000000</point>
				<point>446.000000,855.000000</point>
				<point>423.000000,867.000000</point>
				<point>435.000000,892.000000</point>
				<point>458.000000,880.000000</point>
			</points>
		</object>
		<object>
			<coordinate>pixel</coordinate>
			<type>rectangle</type>
			<description>None</description>
			<possibleresult>
				<name>other-airplane</name>
			</possibleresult>
			<points>
				<point>442.000000,907.000000</point>
				<point>433.000000,890.000000</point>
				<point>414.000000,899.000000</point>
				<point>422.000000,916.000000</point>
				<point>442.000000,907.000000</point>
			</points>
		</object>
		<object>
			<coordinate>pixel</coordinate>
			<type>rectangle</type>
			<description>None</description>
			<possibleresult>
				<name>other-airplane</name>
			</possibleresult>
			<points>
				<point>426.000000,940.000000</point>
				<point>417.000000,916.000000</point>
				<point>395.000000,925.000000</point>
				<point>404.000000,949.000000</point>
				<point>426.000000,940.000000</point>
			</points>
		</object>
		<object>
			<coordinate>pixel</coordinate>
			<type>rectangle</type>
			<description>None</description>
			<possibleresult>
				<name>other-airplane</name>
			</possibleresult>
			<points>
				<point>566.000000,885.000000</point>
				<point>589.000000,895.000000</point>
				<point>600.000000,871.000000</point>
				<point>577.000000,861.000000</point>
				<point>566.000000,885.000000</point>
			</points>
		</object>
		<object>
			<coordinate>pixel</coordinate>
			<type>rectangle</type>
			<description>None</description>
			<possibleresult>
				<name>A330</name>
			</possibleresult>
			<points>
				<point>841.000000,945.000000</point>
				<point>912.000000,980.000000</point>
				<point>946.000000,911.000000</point>
				<point>875.000000,876.000000</point>
				<point>841.000000,945.000000</point>
			</points>
		</object>
	</objects>
</annotation>