<?xml version="1.0" encoding="utf-8"?>
<annotation>
	<source>
		<filename>7457.tif</filename>
		<origin>GF2/GF3</origin>
	</source>
	<research>
		<version>1.0</version>
		<provider>FAIR1M</provider>
		<author>Cyber</author>
		<pluginname>FAIR1M</pluginname>
		<pluginclass>object detection</pluginclass>
		<time>2021-07-21</time>
	</research>
	<size>
		<width>1000</width>
		<height>1000</height>
		<depth>3</depth>
	</size>
	<objects>
		<object>
			<coordinate>pixel</coordinate>
			<type>rectangle</type>
			<description>None</description>
			<possibleresult>
				<name>Small Car</name>
			</possibleresult>
			<points>
				<point>462.000000,672.000000</point>
				<point>443.000000,673.000000</point>
				<point>443.000000,665.000000</point>
				<point>461.000000,665.000000</point>
				<point>462.000000,672.000000</point>
			</points>
		</object>
		<object>
			<coordinate>pixel</coordinate>
			<type>rectangle</type>
			<description>None</description>
			<possibleresult>
				<name>Small Car</name>
			</possibleresult>
			<points>
				<point>254.000000,439.000000</point>
				<point>227.000000,440.000000</point>
				<point>227.000000,432.000000</point>
				<point>253.000000,431.000000</point>
				<point>254.000000,439.000000</point>
			</points>
		</object>
		<object>
			<coordinate>pixel</coordinate>
			<type>rectangle</type>
			<description>None</description>
			<possibleresult>
				<name>other-vehicle</name>
			</possibleresult>
			<points>
				<point>282.000000,440.000000</point>
				<point>255.000000,440.000000</point>
				<point>255.000000,430.000000</point>
				<point>282.000000,431.000000</point>
				<point>282.000000,440.000000</point>
			</points>
		</object>
		<object>
			<coordinate>pixel</coordinate>
			<type>rectangle</type>
			<description>None</description>
			<possibleresult>
				<name>Small Car</name>
			</possibleresult>
			<points>
				<point>531.000000,748.000000</point>
				<point>521.000000,750.000000</point>
				<point>518.000000,730.000000</point>
				<point>529.000000,729.000000</point>
				<point>531.000000,748.000000</point>
			</points>
		</object>
		<object>
			<coordinate>pixel</coordinate>
			<type>rectangle</type>
			<description>None</description>
			<possibleresult>
				<name>Small Car</name>
			</possibleresult>
			<points>
				<point>491.000000,619.000000</point>
				<point>468.000000,619.000000</point>
				<point>467.000000,611.000000</point>
				<point>491.000000,610.000000</point>
				<point>491.000000,619.000000</point>
			</points>
		</object>
		<object>
			<coordinate>pixel</coordinate>
			<type>rectangle</type>
			<description>None</description>
			<possibleresult>
				<name>Small Car</name>
			</possibleresult>
			<points>
				<point>309.000000,602.000000</point>
				<point>284.000000,602.000000</point>
				<point>284.000000,595.000000</point>
				<point>309.000000,594.000000</point>
				<point>309.000000,602.000000</point>
			</points>
		</object>
		<object>
			<coordinate>pixel</coordinate>
			<type>rectangle</type>
			<description>None</description>
			<possibleresult>
				<name>Small Car</name>
			</possibleresult>
			<points>
				<point>493.000000,608.000000</point>
				<point>467.000000,609.000000</point>
				<point>466.000000,601.000000</point>
				<point>492.000000,599.000000</point>
				<point>493.000000,608.000000</point>
			</points>
		</object>
		<object>
			<coordinate>pixel</coordinate>
			<type>rectangle</type>
			<description>None</description>
			<possibleresult>
				<name>Van</name>
			</possibleresult>
			<points>
				<point>732.000000,488.000000</point>
				<point>706.000000,489.000000</point>
				<point>706.000000,482.000000</point>
				<point>732.000000,481.000000</point>
				<point>732.000000,488.000000</point>
			</points>
		</object>
		<object>
			<coordinate>pixel</coordinate>
			<type>rectangle</type>
			<description>None</description>
			<possibleresult>
				<name>Van</name>
			</possibleresult>
			<points>
				<point>520.000000,415.000000</point>
				<point>507.000000,416.000000</point>
				<point>506.000000,400.000000</point>
				<point>519.000000,399.000000</point>
				<point>520.000000,415.000000</point>
			</points>
		</object>
		<object>
			<coordinate>pixel</coordinate>
			<type>rectangle</type>
			<description>None</description>
			<possibleresult>
				<name>other-vehicle</name>
			</possibleresult>
			<points>
				<point>855.000000,395.000000</point>
				<point>828.000000,394.000000</point>
				<point>828.000000,384.000000</point>
				<point>855.000000,385.000000</point>
				<point>855.000000,395.000000</point>
			</points>
		</object>
		<object>
			<coordinate>pixel</coordinate>
			<type>rectangle</type>
			<description>None</description>
			<possibleresult>
				<name>Van</name>
			</possibleresult>
			<points>
				<point>442.000000,27.000000</point>
				<point>441.000000,33.000000</point>
				<point>423.000000,33.000000</point>
				<point>423.000000,27.000000</point>
				<point>442.000000,27.000000</point>
			</points>
		</object>
		<object>
			<coordinate>pixel</coordinate>
			<type>rectangle</type>
			<description>None</description>
			<possibleresult>
				<name>Van</name>
			</possibleresult>
			<points>
				<point>484.000000,31.000000</point>
				<point>464.000000,31.000000</point>
				<point>464.000000,23.000000</point>
				<point>484.000000,23.000000</point>
				<point>484.000000,31.000000</point>
			</points>
		</object>
		<object>
			<coordinate>pixel</coordinate>
			<type>rectangle</type>
			<description>None</description>
			<possibleresult>
				<name>Small Car</name>
			</possibleresult>
			<points>
				<point>917.000000,118.000000</point>
				<point>893.000000,117.000000</point>
				<point>893.000000,108.000000</point>
				<point>917.000000,108.000000</point>
				<point>917.000000,118.000000</point>
			</points>
		</object>
		<object>
			<coordinate>pixel</coordinate>
			<type>rectangle</type>
			<description>None</description>
			<possibleresult>
				<name>Van</name>
			</possibleresult>
			<points>
				<point>844.000000,292.000000</point>
				<point>823.000000,293.000000</point>
				<point>822.000000,283.000000</point>
				<point>843.000000,282.000000</point>
				<point>844.000000,292.000000</point>
			</points>
		</object>
		<object>
			<coordinate>pixel</coordinate>
			<type>rectangle</type>
			<description>None</description>
			<possibleresult>
				<name>Van</name>
			</possibleresult>
			<points>
				<point>794.000000,39.000000</point>
				<point>793.000000,60.000000</point>
				<point>782.000000,60.000000</point>
				<point>782.000000,39.000000</point>
				<point>794.000000,39.000000</point>
			</points>
		</object>
		<object>
			<coordinate>pixel</coordinate>
			<type>rectangle</type>
			<description>None</description>
			<possibleresult>
				<name>Van</name>
			</possibleresult>
			<points>
				<point>738.000000,58.000000</point>
				<point>718.000000,60.000000</point>
				<point>717.000000,51.000000</point>
				<point>737.000000,50.000000</point>
				<point>738.000000,58.000000</point>
			</points>
		</object>
		<object>
			<coordinate>pixel</coordinate>
			<type>rectangle</type>
			<description>None</description>
			<possibleresult>
				<name>Intersection</name>
			</possibleresult>
			<points>
				<point>805.000000,152.000000</point>
				<point>752.000000,153.000000</point>
				<point>751.000000,117.000000</point>
				<point>804.000000,116.000000</point>
				<point>805.000000,152.000000</point>
			</points>
		</object>
		<object>
			<coordinate>pixel</coordinate>
			<type>rectangle</type>
			<description>None</description>
			<possibleresult>
				<name>Intersection</name>
			</possibleresult>
			<points>
				<point>374.000000,175.000000</point>
				<point>325.000000,176.000000</point>
				<point>325.000000,132.000000</point>
				<point>373.000000,132.000000</point>
				<point>374.000000,175.000000</point>
			</points>
		</object>
		<object>
			<coordinate>pixel</coordinate>
			<type>rectangle</type>
			<description>None</description>
			<possibleresult>
				<name>Van</name>
			</possibleresult>
			<points>
				<point>738.000000,816.000000</point>
				<point>727.000000,817.000000</point>
				<point>726.000000,800.000000</point>
				<point>737.000000,799.000000</point>
				<point>738.000000,816.000000</point>
			</points>
		</object>
		<object>
			<coordinate>pixel</coordinate>
			<type>rectangle</type>
			<description>None</description>
			<possibleresult>
				<name>Small Car</name>
			</possibleresult>
			<points>
				<point>83.000000,969.000000</point>
				<point>76.000000,986.000000</point>
				<point>64.000000,981.000000</point>
				<point>72.000000,964.000000</point>
				<point>83.000000,969.000000</point>
			</points>
		</object>
		<object>
			<coordinate>pixel</coordinate>
			<type>rectangle</type>
			<description>None</description>
			<possibleresult>
				<name>Small Car</name>
			</possibleresult>
			<points>
				<point>309.000000,235.000000</point>
				<point>288.000000,233.000000</point>
				<point>289.000000,224.000000</point>
				<point>309.000000,226.000000</point>
				<point>309.000000,235.000000</point>
			</points>
		</object>
		<object>
			<coordinate>pixel</coordinate>
			<type>rectangle</type>
			<description>None</description>
			<possibleresult>
				<name>Van</name>
			</possibleresult>
			<points>
				<point>114.000000,63.000000</point>
				<point>104.000000,64.000000</point>
				<point>102.000000,41.000000</point>
				<point>112.000000,39.000000</point>
				<point>114.000000,63.000000</point>
			</points>
		</object>
		<object>
			<coordinate>pixel</coordinate>
			<type>rectangle</type>
			<description>None</description>
			<possibleresult>
				<name>other-vehicle</name>
			</possibleresult>
			<points>
				<point>132.000000,84.000000</point>
				<point>120.000000,86.000000</point>
				<point>116.000000,63.000000</point>
				<point>128.000000,61.000000</point>
				<point>132.000000,84.000000</point>
			</points>
		</object>
		<object>
			<coordinate>pixel</coordinate>
			<type>rectangle</type>
			<description>None</description>
			<possibleresult>
				<name>Small Car</name>
			</possibleresult>
			<points>
				<point>78.000000,738.000000</point>
				<point>58.000000,743.000000</point>
				<point>56.000000,734.000000</point>
				<point>75.000000,729.000000</point>
				<point>78.000000,738.000000</point>
			</points>
		</object>
		<object>
			<coordinate>pixel</coordinate>
			<type>rectangle</type>
			<description>None</description>
			<possibleresult>
				<name>Van</name>
			</possibleresult>
			<points>
				<point>307.000000,929.000000</point>
				<point>299.000000,931.000000</point>
				<point>296.000000,915.000000</point>
				<point>305.000000,914.000000</point>
				<point>307.000000,929.000000</point>
			</points>
		</object>
	</objects>
</annotation>