<?xml version="1.0" encoding="utf-8"?>
<annotation>
	<source>
		<filename>7483.tif</filename>
		<origin>GF2/GF3</origin>
	</source>
	<research>
		<version>1.0</version>
		<provider>FAIR1M</provider>
		<author>Cyber</author>
		<pluginname>FAIR1M</pluginname>
		<pluginclass>object detection</pluginclass>
		<time>2021-07-21</time>
	</research>
	<size>
		<width>1000</width>
		<height>1000</height>
		<depth>3</depth>
	</size>
	<objects>
		<object>
			<coordinate>pixel</coordinate>
			<type>rectangle</type>
			<description>None</description>
			<possibleresult>
				<name>other-airplane</name>
			</possibleresult>
			<points>
				<point>309.000000,114.000000</point>
				<point>271.000000,138.000000</point>
				<point>290.000000,168.000000</point>
				<point>328.000000,144.000000</point>
				<point>309.000000,114.000000</point>
			</points>
		</object>
		<object>
			<coordinate>pixel</coordinate>
			<type>rectangle</type>
			<description>None</description>
			<possibleresult>
				<name>A321</name>
			</possibleresult>
			<points>
				<point>484.000000,161.000000</point>
				<point>526.000000,130.000000</point>
				<point>502.000000,96.000000</point>
				<point>459.000000,126.000000</point>
				<point>484.000000,161.000000</point>
			</points>
		</object>
	</objects>
</annotation>