<?xml version="1.0" encoding="utf-8"?>
<annotation>
	<source>
		<filename>7578.tif</filename>
		<origin>GF2/GF3</origin>
	</source>
	<research>
		<version>1.0</version>
		<provider>FAIR1M</provider>
		<author>Cyber</author>
		<pluginname>FAIR1M</pluginname>
		<pluginclass>object detection</pluginclass>
		<time>2021-07-21</time>
	</research>
	<size>
		<width>800</width>
		<height>600</height>
		<depth>4</depth>
	</size>
	<objects>
		<object>
			<coordinate>pixel</coordinate>
			<type>rectangle</type>
			<description>None</description>
			<possibleresult>
				<name>Van</name>
			</possibleresult>
			<points>
				<point>464.000000,349.000000</point>
				<point>447.000000,359.000000</point>
				<point>443.000000,352.000000</point>
				<point>460.000000,342.000000</point>
				<point>464.000000,349.000000</point>
			</points>
		</object>
		<object>
			<coordinate>pixel</coordinate>
			<type>rectangle</type>
			<description>None</description>
			<possibleresult>
				<name>Small Car</name>
			</possibleresult>
			<points>
				<point>468.000000,335.000000</point>
				<point>450.000000,344.000000</point>
				<point>446.000000,337.000000</point>
				<point>464.000000,328.000000</point>
				<point>468.000000,335.000000</point>
			</points>
		</object>
		<object>
			<coordinate>pixel</coordinate>
			<type>rectangle</type>
			<description>None</description>
			<possibleresult>
				<name>Small Car</name>
			</possibleresult>
			<points>
				<point>694.000000,223.000000</point>
				<point>676.000000,235.000000</point>
				<point>672.000000,228.000000</point>
				<point>689.000000,216.000000</point>
				<point>694.000000,223.000000</point>
			</points>
		</object>
		<object>
			<coordinate>pixel</coordinate>
			<type>rectangle</type>
			<description>None</description>
			<possibleresult>
				<name>Dump Truck</name>
			</possibleresult>
			<points>
				<point>796.000000,293.000000</point>
				<point>785.000000,293.000000</point>
				<point>785.000000,276.000000</point>
				<point>796.000000,276.000000</point>
				<point>796.000000,293.000000</point>
			</points>
		</object>
		<object>
			<coordinate>pixel</coordinate>
			<type>rectangle</type>
			<description>None</description>
			<possibleresult>
				<name>Van</name>
			</possibleresult>
			<points>
				<point>483.000000,529.000000</point>
				<point>470.000000,543.000000</point>
				<point>465.000000,538.000000</point>
				<point>477.000000,523.000000</point>
				<point>483.000000,529.000000</point>
			</points>
		</object>
		<object>
			<coordinate>pixel</coordinate>
			<type>rectangle</type>
			<description>None</description>
			<possibleresult>
				<name>Van</name>
			</possibleresult>
			<points>
				<point>453.000000,549.000000</point>
				<point>450.000000,556.000000</point>
				<point>433.000000,546.000000</point>
				<point>436.000000,540.000000</point>
				<point>453.000000,549.000000</point>
			</points>
		</object>
	</objects>
</annotation>