<?xml version="1.0" encoding="utf-8"?>
<annotation>
	<source>
		<filename>7583.tif</filename>
		<origin>GF2/GF3</origin>
	</source>
	<research>
		<version>1.0</version>
		<provider>FAIR1M</provider>
		<author>Cyber</author>
		<pluginname>FAIR1M</pluginname>
		<pluginclass>object detection</pluginclass>
		<time>2021-07-21</time>
	</research>
	<size>
		<width>800</width>
		<height>600</height>
		<depth>3</depth>
	</size>
	<objects>
		<object>
			<coordinate>pixel</coordinate>
			<type>rectangle</type>
			<description>None</description>
			<possibleresult>
				<name>A321</name>
			</possibleresult>
			<points>
				<point>238.088242,62.147072</point>
				<point>211.000000,17.000008</point>
				<point>247.911758,-5.147057</point>
				<point>275.000000,40.000008</point>
				<point>238.088242,62.147072</point>
			</points>
		</object>
		<object>
			<coordinate>pixel</coordinate>
			<type>rectangle</type>
			<description>None</description>
			<possibleresult>
				<name>Boeing737</name>
			</possibleresult>
			<points>
				<point>198.000000,85.000000</point>
				<point>161.000000,108.000000</point>
				<point>138.000000,70.000000</point>
				<point>175.000000,48.000000</point>
				<point>198.000000,85.000000</point>
			</points>
		</object>
		<object>
			<coordinate>pixel</coordinate>
			<type>rectangle</type>
			<description>None</description>
			<possibleresult>
				<name>A321</name>
			</possibleresult>
			<points>
				<point>135.000000,147.000000</point>
				<point>100.000000,170.000000</point>
				<point>71.000000,126.000000</point>
				<point>107.000000,103.000000</point>
				<point>135.000000,147.000000</point>
			</points>
		</object>
	</objects>
</annotation>