<?xml version="1.0" encoding="utf-8"?>
<annotation>
	<source>
		<filename>7614.tif</filename>
		<origin>GF2/GF3</origin>
	</source>
	<research>
		<version>1.0</version>
		<provider>FAIR1M</provider>
		<author>Cyber</author>
		<pluginname>FAIR1M</pluginname>
		<pluginclass>object detection</pluginclass>
		<time>2021-07-21</time>
	</research>
	<size>
		<width>800</width>
		<height>600</height>
		<depth>3</depth>
	</size>
	<objects>
		<object>
			<coordinate>pixel</coordinate>
			<type>rectangle</type>
			<description>None</description>
			<possibleresult>
				<name>Boeing737</name>
			</possibleresult>
			<points>
				<point>187.000000,161.000000</point>
				<point>139.000000,177.000000</point>
				<point>120.000000,122.000000</point>
				<point>169.000000,106.000000</point>
				<point>187.000000,161.000000</point>
			</points>
		</object>
		<object>
			<coordinate>pixel</coordinate>
			<type>rectangle</type>
			<description>None</description>
			<possibleresult>
				<name>other-airplane</name>
			</possibleresult>
			<points>
				<point>259.000000,155.000000</point>
				<point>197.000000,173.000000</point>
				<point>175.000000,98.000000</point>
				<point>238.000000,80.000000</point>
				<point>259.000000,155.000000</point>
			</points>
		</object>
		<object>
			<coordinate>pixel</coordinate>
			<type>rectangle</type>
			<description>None</description>
			<possibleresult>
				<name>Boeing787</name>
			</possibleresult>
			<points>
				<point>370.000000,324.000000</point>
				<point>296.000000,357.000000</point>
				<point>261.000000,280.000000</point>
				<point>336.000000,246.000000</point>
				<point>370.000000,324.000000</point>
			</points>
		</object>
		<object>
			<coordinate>pixel</coordinate>
			<type>rectangle</type>
			<description>None</description>
			<possibleresult>
				<name>A321</name>
			</possibleresult>
			<points>
				<point>229.000000,381.000000</point>
				<point>183.000000,403.000000</point>
				<point>158.000000,352.000000</point>
				<point>204.000000,329.000000</point>
				<point>229.000000,381.000000</point>
			</points>
		</object>
		<object>
			<coordinate>pixel</coordinate>
			<type>rectangle</type>
			<description>None</description>
			<possibleresult>
				<name>Boeing737</name>
			</possibleresult>
			<points>
				<point>257.000000,471.000000</point>
				<point>204.000000,496.000000</point>
				<point>180.000000,445.000000</point>
				<point>233.000000,420.000000</point>
				<point>257.000000,471.000000</point>
			</points>
		</object>
		<object>
			<coordinate>pixel</coordinate>
			<type>rectangle</type>
			<description>None</description>
			<possibleresult>
				<name>A220</name>
			</possibleresult>
			<points>
				<point>358.000000,489.000000</point>
				<point>311.000000,510.000000</point>
				<point>287.000000,454.000000</point>
				<point>334.000000,434.000000</point>
				<point>358.000000,489.000000</point>
			</points>
		</object>
	</objects>
</annotation>