<?xml version="1.0" encoding="utf-8"?>
<annotation>
	<source>
		<filename>7649.tif</filename>
		<origin>GF2/GF3</origin>
	</source>
	<research>
		<version>1.0</version>
		<provider>FAIR1M</provider>
		<author>Cyber</author>
		<pluginname>FAIR1M</pluginname>
		<pluginclass>object detection</pluginclass>
		<time>2021-07-21</time>
	</research>
	<size>
		<width>1000</width>
		<height>1000</height>
		<depth>3</depth>
	</size>
	<objects>
		<object>
			<coordinate>pixel</coordinate>
			<type>rectangle</type>
			<description>None</description>
			<possibleresult>
				<name>Small Car</name>
			</possibleresult>
			<points>
				<point>955.000000,776.000000</point>
				<point>932.000000,776.000000</point>
				<point>932.000000,767.000000</point>
				<point>955.000000,768.000000</point>
				<point>955.000000,776.000000</point>
			</points>
		</object>
		<object>
			<coordinate>pixel</coordinate>
			<type>rectangle</type>
			<description>None</description>
			<possibleresult>
				<name>Small Car</name>
			</possibleresult>
			<points>
				<point>906.000000,727.000000</point>
				<point>883.000000,728.000000</point>
				<point>883.000000,720.000000</point>
				<point>906.000000,720.000000</point>
				<point>906.000000,727.000000</point>
			</points>
		</object>
		<object>
			<coordinate>pixel</coordinate>
			<type>rectangle</type>
			<description>None</description>
			<possibleresult>
				<name>Small Car</name>
			</possibleresult>
			<points>
				<point>904.000000,743.000000</point>
				<point>883.000000,743.000000</point>
				<point>883.000000,737.000000</point>
				<point>904.000000,737.000000</point>
				<point>904.000000,743.000000</point>
			</points>
		</object>
		<object>
			<coordinate>pixel</coordinate>
			<type>rectangle</type>
			<description>None</description>
			<possibleresult>
				<name>Van</name>
			</possibleresult>
			<points>
				<point>953.000000,346.000000</point>
				<point>934.000000,346.000000</point>
				<point>934.000000,338.000000</point>
				<point>953.000000,339.000000</point>
				<point>953.000000,346.000000</point>
			</points>
		</object>
		<object>
			<coordinate>pixel</coordinate>
			<type>rectangle</type>
			<description>None</description>
			<possibleresult>
				<name>Dump Truck</name>
			</possibleresult>
			<points>
				<point>905.000000,386.000000</point>
				<point>878.000000,385.000000</point>
				<point>879.000000,376.000000</point>
				<point>905.000000,377.000000</point>
				<point>905.000000,386.000000</point>
			</points>
		</object>
		<object>
			<coordinate>pixel</coordinate>
			<type>rectangle</type>
			<description>None</description>
			<possibleresult>
				<name>Dump Truck</name>
			</possibleresult>
			<points>
				<point>857.000000,351.000000</point>
				<point>827.000000,351.000000</point>
				<point>827.000000,342.000000</point>
				<point>857.000000,342.000000</point>
				<point>857.000000,351.000000</point>
			</points>
		</object>
		<object>
			<coordinate>pixel</coordinate>
			<type>rectangle</type>
			<description>None</description>
			<possibleresult>
				<name>Van</name>
			</possibleresult>
			<points>
				<point>854.000000,340.000000</point>
				<point>828.000000,341.000000</point>
				<point>828.000000,333.000000</point>
				<point>853.000000,332.000000</point>
				<point>854.000000,340.000000</point>
			</points>
		</object>
		<object>
			<coordinate>pixel</coordinate>
			<type>rectangle</type>
			<description>None</description>
			<possibleresult>
				<name>Van</name>
			</possibleresult>
			<points>
				<point>13.000000,993.000000</point>
				<point>0.000000,993.000000</point>
				<point>0.000000,985.000000</point>
				<point>13.000000,986.000000</point>
				<point>13.000000,993.000000</point>
			</points>
		</object>
		<object>
			<coordinate>pixel</coordinate>
			<type>rectangle</type>
			<description>None</description>
			<possibleresult>
				<name>Van</name>
			</possibleresult>
			<points>
				<point>121.000000,993.000000</point>
				<point>97.000000,994.000000</point>
				<point>97.000000,986.000000</point>
				<point>120.000000,985.000000</point>
				<point>121.000000,993.000000</point>
			</points>
		</object>
		<object>
			<coordinate>pixel</coordinate>
			<type>rectangle</type>
			<description>None</description>
			<possibleresult>
				<name>Van</name>
			</possibleresult>
			<points>
				<point>236.000000,993.000000</point>
				<point>214.000000,994.000000</point>
				<point>213.000000,987.000000</point>
				<point>236.000000,986.000000</point>
				<point>236.000000,993.000000</point>
			</points>
		</object>
		<object>
			<coordinate>pixel</coordinate>
			<type>rectangle</type>
			<description>None</description>
			<possibleresult>
				<name>Van</name>
			</possibleresult>
			<points>
				<point>187.000000,985.000000</point>
				<point>179.000000,985.000000</point>
				<point>179.000000,969.000000</point>
				<point>187.000000,969.000000</point>
				<point>187.000000,985.000000</point>
			</points>
		</object>
		<object>
			<coordinate>pixel</coordinate>
			<type>rectangle</type>
			<description>None</description>
			<possibleresult>
				<name>Small Car</name>
			</possibleresult>
			<points>
				<point>188.000000,953.000000</point>
				<point>180.000000,953.000000</point>
				<point>179.000000,936.000000</point>
				<point>187.000000,936.000000</point>
				<point>188.000000,953.000000</point>
			</points>
		</object>
		<object>
			<coordinate>pixel</coordinate>
			<type>rectangle</type>
			<description>None</description>
			<possibleresult>
				<name>Small Car</name>
			</possibleresult>
			<points>
				<point>25.000000,843.000000</point>
				<point>8.000000,843.000000</point>
				<point>8.000000,836.000000</point>
				<point>25.000000,837.000000</point>
				<point>25.000000,843.000000</point>
			</points>
		</object>
		<object>
			<coordinate>pixel</coordinate>
			<type>rectangle</type>
			<description>None</description>
			<possibleresult>
				<name>Small Car</name>
			</possibleresult>
			<points>
				<point>28.000000,820.000000</point>
				<point>7.000000,819.000000</point>
				<point>7.000000,813.000000</point>
				<point>28.000000,813.000000</point>
				<point>28.000000,820.000000</point>
			</points>
		</object>
		<object>
			<coordinate>pixel</coordinate>
			<type>rectangle</type>
			<description>None</description>
			<possibleresult>
				<name>Small Car</name>
			</possibleresult>
			<points>
				<point>27.000000,832.000000</point>
				<point>7.000000,831.000000</point>
				<point>7.000000,826.000000</point>
				<point>27.000000,826.000000</point>
				<point>27.000000,832.000000</point>
			</points>
		</object>
		<object>
			<coordinate>pixel</coordinate>
			<type>rectangle</type>
			<description>None</description>
			<possibleresult>
				<name>Van</name>
			</possibleresult>
			<points>
				<point>234.000000,844.000000</point>
				<point>225.000000,844.000000</point>
				<point>224.000000,829.000000</point>
				<point>233.000000,829.000000</point>
				<point>234.000000,844.000000</point>
			</points>
		</object>
		<object>
			<coordinate>pixel</coordinate>
			<type>rectangle</type>
			<description>None</description>
			<possibleresult>
				<name>Van</name>
			</possibleresult>
			<points>
				<point>258.000000,826.000000</point>
				<point>240.000000,827.000000</point>
				<point>239.000000,820.000000</point>
				<point>257.000000,819.000000</point>
				<point>258.000000,826.000000</point>
			</points>
		</object>
		<object>
			<coordinate>pixel</coordinate>
			<type>rectangle</type>
			<description>None</description>
			<possibleresult>
				<name>Van</name>
			</possibleresult>
			<points>
				<point>283.000000,773.000000</point>
				<point>277.000000,773.000000</point>
				<point>276.000000,757.000000</point>
				<point>282.000000,757.000000</point>
				<point>283.000000,773.000000</point>
			</points>
		</object>
		<object>
			<coordinate>pixel</coordinate>
			<type>rectangle</type>
			<description>None</description>
			<possibleresult>
				<name>Small Car</name>
			</possibleresult>
			<points>
				<point>31.000000,668.000000</point>
				<point>29.000000,683.000000</point>
				<point>22.000000,682.000000</point>
				<point>24.000000,667.000000</point>
				<point>31.000000,668.000000</point>
			</points>
		</object>
		<object>
			<coordinate>pixel</coordinate>
			<type>rectangle</type>
			<description>None</description>
			<possibleresult>
				<name>Small Car</name>
			</possibleresult>
			<points>
				<point>8.000000,681.000000</point>
				<point>0.000000,681.000000</point>
				<point>0.000000,666.000000</point>
				<point>8.000000,666.000000</point>
				<point>8.000000,681.000000</point>
			</points>
		</object>
		<object>
			<coordinate>pixel</coordinate>
			<type>rectangle</type>
			<description>None</description>
			<possibleresult>
				<name>Dump Truck</name>
			</possibleresult>
			<points>
				<point>70.000000,641.000000</point>
				<point>69.000000,649.000000</point>
				<point>46.000000,646.000000</point>
				<point>47.000000,638.000000</point>
				<point>70.000000,641.000000</point>
			</points>
		</object>
		<object>
			<coordinate>pixel</coordinate>
			<type>rectangle</type>
			<description>None</description>
			<possibleresult>
				<name>Small Car</name>
			</possibleresult>
			<points>
				<point>9.000000,556.000000</point>
				<point>0.000000,557.000000</point>
				<point>0.000000,542.000000</point>
				<point>9.000000,542.000000</point>
				<point>9.000000,556.000000</point>
			</points>
		</object>
		<object>
			<coordinate>pixel</coordinate>
			<type>rectangle</type>
			<description>None</description>
			<possibleresult>
				<name>Small Car</name>
			</possibleresult>
			<points>
				<point>20.000000,557.000000</point>
				<point>12.000000,557.000000</point>
				<point>12.000000,541.000000</point>
				<point>20.000000,541.000000</point>
				<point>20.000000,557.000000</point>
			</points>
		</object>
		<object>
			<coordinate>pixel</coordinate>
			<type>rectangle</type>
			<description>None</description>
			<possibleresult>
				<name>Small Car</name>
			</possibleresult>
			<points>
				<point>33.000000,540.000000</point>
				<point>32.000000,558.000000</point>
				<point>24.000000,558.000000</point>
				<point>24.000000,540.000000</point>
				<point>33.000000,540.000000</point>
			</points>
		</object>
		<object>
			<coordinate>pixel</coordinate>
			<type>rectangle</type>
			<description>None</description>
			<possibleresult>
				<name>Van</name>
			</possibleresult>
			<points>
				<point>284.000000,528.000000</point>
				<point>275.000000,529.000000</point>
				<point>275.000000,511.000000</point>
				<point>284.000000,510.000000</point>
				<point>284.000000,528.000000</point>
			</points>
		</object>
		<object>
			<coordinate>pixel</coordinate>
			<type>rectangle</type>
			<description>None</description>
			<possibleresult>
				<name>Cargo Truck</name>
			</possibleresult>
			<points>
				<point>77.000000,347.000000</point>
				<point>64.000000,347.000000</point>
				<point>64.000000,323.000000</point>
				<point>77.000000,323.000000</point>
				<point>77.000000,347.000000</point>
			</points>
		</object>
		<object>
			<coordinate>pixel</coordinate>
			<type>rectangle</type>
			<description>None</description>
			<possibleresult>
				<name>Van</name>
			</possibleresult>
			<points>
				<point>61.000000,429.000000</point>
				<point>51.000000,430.000000</point>
				<point>50.000000,418.000000</point>
				<point>61.000000,418.000000</point>
				<point>61.000000,429.000000</point>
			</points>
		</object>
		<object>
			<coordinate>pixel</coordinate>
			<type>rectangle</type>
			<description>None</description>
			<possibleresult>
				<name>Van</name>
			</possibleresult>
			<points>
				<point>131.000000,473.000000</point>
				<point>123.000000,473.000000</point>
				<point>122.000000,456.000000</point>
				<point>130.000000,455.000000</point>
				<point>131.000000,473.000000</point>
			</points>
		</object>
		<object>
			<coordinate>pixel</coordinate>
			<type>rectangle</type>
			<description>None</description>
			<possibleresult>
				<name>Small Car</name>
			</possibleresult>
			<points>
				<point>65.000000,476.000000</point>
				<point>44.000000,476.000000</point>
				<point>44.000000,470.000000</point>
				<point>64.000000,470.000000</point>
				<point>65.000000,476.000000</point>
			</points>
		</object>
		<object>
			<coordinate>pixel</coordinate>
			<type>rectangle</type>
			<description>None</description>
			<possibleresult>
				<name>Dump Truck</name>
			</possibleresult>
			<points>
				<point>67.000000,461.000000</point>
				<point>64.000000,468.000000</point>
				<point>45.000000,459.000000</point>
				<point>48.000000,452.000000</point>
				<point>67.000000,461.000000</point>
			</points>
		</object>
		<object>
			<coordinate>pixel</coordinate>
			<type>rectangle</type>
			<description>None</description>
			<possibleresult>
				<name>Dump Truck</name>
			</possibleresult>
			<points>
				<point>34.000000,453.000000</point>
				<point>33.000000,468.000000</point>
				<point>24.000000,467.000000</point>
				<point>25.000000,452.000000</point>
				<point>34.000000,453.000000</point>
			</points>
		</object>
		<object>
			<coordinate>pixel</coordinate>
			<type>rectangle</type>
			<description>None</description>
			<possibleresult>
				<name>Van</name>
			</possibleresult>
			<points>
				<point>24.000000,451.000000</point>
				<point>23.000000,469.000000</point>
				<point>14.000000,469.000000</point>
				<point>14.000000,451.000000</point>
				<point>24.000000,451.000000</point>
			</points>
		</object>
		<object>
			<coordinate>pixel</coordinate>
			<type>rectangle</type>
			<description>None</description>
			<possibleresult>
				<name>Van</name>
			</possibleresult>
			<points>
				<point>121.000000,433.000000</point>
				<point>113.000000,436.000000</point>
				<point>108.000000,420.000000</point>
				<point>116.000000,417.000000</point>
				<point>121.000000,433.000000</point>
			</points>
		</object>
		<object>
			<coordinate>pixel</coordinate>
			<type>rectangle</type>
			<description>None</description>
			<possibleresult>
				<name>Dump Truck</name>
			</possibleresult>
			<points>
				<point>113.000000,434.000000</point>
				<point>105.000000,439.000000</point>
				<point>96.000000,424.000000</point>
				<point>104.000000,419.000000</point>
				<point>113.000000,434.000000</point>
			</points>
		</object>
		<object>
			<coordinate>pixel</coordinate>
			<type>rectangle</type>
			<description>None</description>
			<possibleresult>
				<name>Small Car</name>
			</possibleresult>
			<points>
				<point>57.000000,372.000000</point>
				<point>37.000000,372.000000</point>
				<point>37.000000,367.000000</point>
				<point>57.000000,366.000000</point>
				<point>57.000000,372.000000</point>
			</points>
		</object>
		<object>
			<coordinate>pixel</coordinate>
			<type>rectangle</type>
			<description>None</description>
			<possibleresult>
				<name>Small Car</name>
			</possibleresult>
			<points>
				<point>215.000000,376.000000</point>
				<point>194.000000,375.000000</point>
				<point>194.000000,369.000000</point>
				<point>215.000000,370.000000</point>
				<point>215.000000,376.000000</point>
			</points>
		</object>
		<object>
			<coordinate>pixel</coordinate>
			<type>rectangle</type>
			<description>None</description>
			<possibleresult>
				<name>Small Car</name>
			</possibleresult>
			<points>
				<point>237.000000,379.000000</point>
				<point>215.000000,378.000000</point>
				<point>215.000000,370.000000</point>
				<point>237.000000,372.000000</point>
				<point>237.000000,379.000000</point>
			</points>
		</object>
		<object>
			<coordinate>pixel</coordinate>
			<type>rectangle</type>
			<description>None</description>
			<possibleresult>
				<name>Small Car</name>
			</possibleresult>
			<points>
				<point>253.000000,349.000000</point>
				<point>243.000000,349.000000</point>
				<point>243.000000,337.000000</point>
				<point>252.000000,337.000000</point>
				<point>253.000000,349.000000</point>
			</points>
		</object>
		<object>
			<coordinate>pixel</coordinate>
			<type>rectangle</type>
			<description>None</description>
			<possibleresult>
				<name>Van</name>
			</possibleresult>
			<points>
				<point>286.000000,375.000000</point>
				<point>277.000000,376.000000</point>
				<point>276.000000,360.000000</point>
				<point>285.000000,359.000000</point>
				<point>286.000000,375.000000</point>
			</points>
		</object>
		<object>
			<coordinate>pixel</coordinate>
			<type>rectangle</type>
			<description>None</description>
			<possibleresult>
				<name>Van</name>
			</possibleresult>
			<points>
				<point>285.000000,328.000000</point>
				<point>277.000000,329.000000</point>
				<point>276.000000,312.000000</point>
				<point>284.000000,312.000000</point>
				<point>285.000000,328.000000</point>
			</points>
		</object>
		<object>
			<coordinate>pixel</coordinate>
			<type>rectangle</type>
			<description>None</description>
			<possibleresult>
				<name>Dump Truck</name>
			</possibleresult>
			<points>
				<point>55.000000,260.000000</point>
				<point>45.000000,260.000000</point>
				<point>45.000000,239.000000</point>
				<point>55.000000,239.000000</point>
				<point>55.000000,260.000000</point>
			</points>
		</object>
		<object>
			<coordinate>pixel</coordinate>
			<type>rectangle</type>
			<description>None</description>
			<possibleresult>
				<name>Van</name>
			</possibleresult>
			<points>
				<point>72.000000,315.000000</point>
				<point>62.000000,315.000000</point>
				<point>62.000000,298.000000</point>
				<point>71.000000,298.000000</point>
				<point>72.000000,315.000000</point>
			</points>
		</object>
		<object>
			<coordinate>pixel</coordinate>
			<type>rectangle</type>
			<description>None</description>
			<possibleresult>
				<name>Small Car</name>
			</possibleresult>
			<points>
				<point>139.000000,251.000000</point>
				<point>128.000000,251.000000</point>
				<point>128.000000,232.000000</point>
				<point>139.000000,231.000000</point>
				<point>139.000000,251.000000</point>
			</points>
		</object>
		<object>
			<coordinate>pixel</coordinate>
			<type>rectangle</type>
			<description>None</description>
			<possibleresult>
				<name>Small Car</name>
			</possibleresult>
			<points>
				<point>115.000000,228.000000</point>
				<point>93.000000,227.000000</point>
				<point>93.000000,220.000000</point>
				<point>115.000000,221.000000</point>
				<point>115.000000,228.000000</point>
			</points>
		</object>
		<object>
			<coordinate>pixel</coordinate>
			<type>rectangle</type>
			<description>None</description>
			<possibleresult>
				<name>Dump Truck</name>
			</possibleresult>
			<points>
				<point>302.000000,263.000000</point>
				<point>293.000000,263.000000</point>
				<point>292.000000,245.000000</point>
				<point>302.000000,244.000000</point>
				<point>302.000000,263.000000</point>
			</points>
		</object>
		<object>
			<coordinate>pixel</coordinate>
			<type>rectangle</type>
			<description>None</description>
			<possibleresult>
				<name>Small Car</name>
			</possibleresult>
			<points>
				<point>318.000000,209.000000</point>
				<point>311.000000,212.000000</point>
				<point>303.000000,195.000000</point>
				<point>310.000000,192.000000</point>
				<point>318.000000,209.000000</point>
			</points>
		</object>
		<object>
			<coordinate>pixel</coordinate>
			<type>rectangle</type>
			<description>None</description>
			<possibleresult>
				<name>Van</name>
			</possibleresult>
			<points>
				<point>214.000000,226.000000</point>
				<point>191.000000,226.000000</point>
				<point>191.000000,219.000000</point>
				<point>214.000000,219.000000</point>
				<point>214.000000,226.000000</point>
			</points>
		</object>
		<object>
			<coordinate>pixel</coordinate>
			<type>rectangle</type>
			<description>None</description>
			<possibleresult>
				<name>Small Car</name>
			</possibleresult>
			<points>
				<point>181.000000,198.000000</point>
				<point>180.000000,204.000000</point>
				<point>160.000000,204.000000</point>
				<point>160.000000,197.000000</point>
				<point>181.000000,198.000000</point>
			</points>
		</object>
		<object>
			<coordinate>pixel</coordinate>
			<type>rectangle</type>
			<description>None</description>
			<possibleresult>
				<name>Small Car</name>
			</possibleresult>
			<points>
				<point>166.000000,190.000000</point>
				<point>164.000000,197.000000</point>
				<point>153.000000,193.000000</point>
				<point>155.000000,186.000000</point>
				<point>166.000000,190.000000</point>
			</points>
		</object>
		<object>
			<coordinate>pixel</coordinate>
			<type>rectangle</type>
			<description>None</description>
			<possibleresult>
				<name>Small Car</name>
			</possibleresult>
			<points>
				<point>100.000000,14.000000</point>
				<point>82.000000,14.000000</point>
				<point>82.000000,9.000000</point>
				<point>100.000000,9.000000</point>
				<point>100.000000,14.000000</point>
			</points>
		</object>
	</objects>
</annotation>