<?xml version="1.0" encoding="utf-8"?>
<annotation>
	<source>
		<filename>7650.tif</filename>
		<origin>GF2/GF3</origin>
	</source>
	<research>
		<version>1.0</version>
		<provider>FAIR1M</provider>
		<author>Cyber</author>
		<pluginname>FAIR1M</pluginname>
		<pluginclass>object detection</pluginclass>
		<time>2021-07-21</time>
	</research>
	<size>
		<width>1000</width>
		<height>1000</height>
		<depth>3</depth>
	</size>
	<objects>
		<object>
			<coordinate>pixel</coordinate>
			<type>rectangle</type>
			<description>None</description>
			<possibleresult>
				<name>Small Car</name>
			</possibleresult>
			<points>
				<point>58.000000,193.000000</point>
				<point>46.000000,203.000000</point>
				<point>42.000000,198.000000</point>
				<point>54.000000,188.000000</point>
				<point>58.000000,193.000000</point>
			</points>
		</object>
		<object>
			<coordinate>pixel</coordinate>
			<type>rectangle</type>
			<description>None</description>
			<possibleresult>
				<name>Small Car</name>
			</possibleresult>
			<points>
				<point>116.000000,147.000000</point>
				<point>105.000000,158.000000</point>
				<point>100.000000,154.000000</point>
				<point>111.000000,142.000000</point>
				<point>116.000000,147.000000</point>
			</points>
		</object>
		<object>
			<coordinate>pixel</coordinate>
			<type>rectangle</type>
			<description>None</description>
			<possibleresult>
				<name>Small Car</name>
			</possibleresult>
			<points>
				<point>151.000000,209.000000</point>
				<point>147.000000,214.000000</point>
				<point>132.000000,202.000000</point>
				<point>136.000000,197.000000</point>
				<point>151.000000,209.000000</point>
			</points>
		</object>
	</objects>
</annotation>