<?xml version="1.0" encoding="utf-8"?>
<annotation>
	<source>
		<filename>7656.tif</filename>
		<origin>GF2/GF3</origin>
	</source>
	<research>
		<version>1.0</version>
		<provider>FAIR1M</provider>
		<author>Cyber</author>
		<pluginname>FAIR1M</pluginname>
		<pluginclass>object detection</pluginclass>
		<time>2021-07-21</time>
	</research>
	<size>
		<width>1000</width>
		<height>1000</height>
		<depth>3</depth>
	</size>
	<objects>
		<object>
			<coordinate>pixel</coordinate>
			<type>rectangle</type>
			<description>None</description>
			<possibleresult>
				<name>Van</name>
			</possibleresult>
			<points>
				<point>44.000000,428.000000</point>
				<point>41.000000,434.000000</point>
				<point>24.000000,424.000000</point>
				<point>27.000000,418.000000</point>
				<point>44.000000,428.000000</point>
			</points>
		</object>
		<object>
			<coordinate>pixel</coordinate>
			<type>rectangle</type>
			<description>None</description>
			<possibleresult>
				<name>Small Car</name>
			</possibleresult>
			<points>
				<point>41.000000,385.000000</point>
				<point>38.000000,390.000000</point>
				<point>28.000000,384.000000</point>
				<point>31.000000,379.000000</point>
				<point>41.000000,385.000000</point>
			</points>
		</object>
		<object>
			<coordinate>pixel</coordinate>
			<type>rectangle</type>
			<description>None</description>
			<possibleresult>
				<name>Van</name>
			</possibleresult>
			<points>
				<point>75.000000,23.000000</point>
				<point>67.000000,23.000000</point>
				<point>67.000000,7.000000</point>
				<point>75.000000,7.000000</point>
				<point>75.000000,23.000000</point>
			</points>
		</object>
		<object>
			<coordinate>pixel</coordinate>
			<type>rectangle</type>
			<description>None</description>
			<possibleresult>
				<name>Small Car</name>
			</possibleresult>
			<points>
				<point>71.000000,30.000000</point>
				<point>68.000000,36.000000</point>
				<point>52.000000,27.000000</point>
				<point>55.000000,21.000000</point>
				<point>71.000000,30.000000</point>
			</points>
		</object>
		<object>
			<coordinate>pixel</coordinate>
			<type>rectangle</type>
			<description>None</description>
			<possibleresult>
				<name>Van</name>
			</possibleresult>
			<points>
				<point>42.000000,72.000000</point>
				<point>36.000000,76.000000</point>
				<point>25.000000,63.000000</point>
				<point>31.000000,59.000000</point>
				<point>42.000000,72.000000</point>
			</points>
		</object>
		<object>
			<coordinate>pixel</coordinate>
			<type>rectangle</type>
			<description>None</description>
			<possibleresult>
				<name>Small Car</name>
			</possibleresult>
			<points>
				<point>43.000000,112.000000</point>
				<point>34.000000,127.000000</point>
				<point>26.000000,123.000000</point>
				<point>35.000000,108.000000</point>
				<point>43.000000,112.000000</point>
			</points>
		</object>
		<object>
			<coordinate>pixel</coordinate>
			<type>rectangle</type>
			<description>None</description>
			<possibleresult>
				<name>Van</name>
			</possibleresult>
			<points>
				<point>139.000000,50.000000</point>
				<point>129.000000,63.000000</point>
				<point>124.000000,59.000000</point>
				<point>134.000000,46.000000</point>
				<point>139.000000,50.000000</point>
			</points>
		</object>
		<object>
			<coordinate>pixel</coordinate>
			<type>rectangle</type>
			<description>None</description>
			<possibleresult>
				<name>Small Car</name>
			</possibleresult>
			<points>
				<point>198.000000,44.000000</point>
				<point>194.000000,50.000000</point>
				<point>179.000000,41.000000</point>
				<point>183.000000,34.000000</point>
				<point>198.000000,44.000000</point>
			</points>
		</object>
		<object>
			<coordinate>pixel</coordinate>
			<type>rectangle</type>
			<description>None</description>
			<possibleresult>
				<name>Van</name>
			</possibleresult>
			<points>
				<point>244.000000,52.000000</point>
				<point>241.000000,58.000000</point>
				<point>225.000000,50.000000</point>
				<point>228.000000,44.000000</point>
				<point>244.000000,52.000000</point>
			</points>
		</object>
		<object>
			<coordinate>pixel</coordinate>
			<type>rectangle</type>
			<description>None</description>
			<possibleresult>
				<name>Van</name>
			</possibleresult>
			<points>
				<point>330.000000,92.000000</point>
				<point>326.000000,98.000000</point>
				<point>311.000000,89.000000</point>
				<point>314.000000,83.000000</point>
				<point>330.000000,92.000000</point>
			</points>
		</object>
		<object>
			<coordinate>pixel</coordinate>
			<type>rectangle</type>
			<description>None</description>
			<possibleresult>
				<name>Small Car</name>
			</possibleresult>
			<points>
				<point>370.000000,125.000000</point>
				<point>367.000000,132.000000</point>
				<point>351.000000,122.000000</point>
				<point>355.000000,116.000000</point>
				<point>370.000000,125.000000</point>
			</points>
		</object>
		<object>
			<coordinate>pixel</coordinate>
			<type>rectangle</type>
			<description>None</description>
			<possibleresult>
				<name>Small Car</name>
			</possibleresult>
			<points>
				<point>126.000000,102.000000</point>
				<point>123.000000,107.000000</point>
				<point>109.000000,100.000000</point>
				<point>113.000000,94.000000</point>
				<point>126.000000,102.000000</point>
			</points>
		</object>
		<object>
			<coordinate>pixel</coordinate>
			<type>rectangle</type>
			<description>None</description>
			<possibleresult>
				<name>Van</name>
			</possibleresult>
			<points>
				<point>77.000000,184.000000</point>
				<point>72.000000,189.000000</point>
				<point>59.000000,176.000000</point>
				<point>64.000000,172.000000</point>
				<point>77.000000,184.000000</point>
			</points>
		</object>
		<object>
			<coordinate>pixel</coordinate>
			<type>rectangle</type>
			<description>None</description>
			<possibleresult>
				<name>Van</name>
			</possibleresult>
			<points>
				<point>286.000000,332.000000</point>
				<point>280.000000,337.000000</point>
				<point>271.000000,326.000000</point>
				<point>277.000000,321.000000</point>
				<point>286.000000,332.000000</point>
			</points>
		</object>
		<object>
			<coordinate>pixel</coordinate>
			<type>rectangle</type>
			<description>None</description>
			<possibleresult>
				<name>Small Car</name>
			</possibleresult>
			<points>
				<point>187.000000,385.000000</point>
				<point>186.000000,401.000000</point>
				<point>177.000000,400.000000</point>
				<point>179.000000,385.000000</point>
				<point>187.000000,385.000000</point>
			</points>
		</object>
		<object>
			<coordinate>pixel</coordinate>
			<type>rectangle</type>
			<description>None</description>
			<possibleresult>
				<name>Small Car</name>
			</possibleresult>
			<points>
				<point>9.104021,983.072144</point>
				<point>5.000022,989.000122</point>
				<point>0.000000,985.538574</point>
				<point>0.000000,976.769348</point>
				<point>9.104021,983.072144</point>
			</points>
		</object>
		<object>
			<coordinate>pixel</coordinate>
			<type>rectangle</type>
			<description>None</description>
			<possibleresult>
				<name>Small Car</name>
			</possibleresult>
			<points>
				<point>25.999935,1002.000061</point>
				<point>11.999940,993.000061</point>
				<point>15.443993,987.642639</point>
				<point>29.443989,996.642639</point>
				<point>25.999935,1002.000061</point>
			</points>
		</object>
		<object>
			<coordinate>pixel</coordinate>
			<type>rectangle</type>
			<description>None</description>
			<possibleresult>
				<name>Van</name>
			</possibleresult>
			<points>
				<point>348.000000,598.000000</point>
				<point>334.000000,605.000000</point>
				<point>331.000000,599.000000</point>
				<point>346.000000,592.000000</point>
				<point>348.000000,598.000000</point>
			</points>
		</object>
		<object>
			<coordinate>pixel</coordinate>
			<type>rectangle</type>
			<description>None</description>
			<possibleresult>
				<name>Small Car</name>
			</possibleresult>
			<points>
				<point>365.000000,606.000000</point>
				<point>355.000000,615.000000</point>
				<point>350.000000,610.000000</point>
				<point>361.000000,601.000000</point>
				<point>365.000000,606.000000</point>
			</points>
		</object>
		<object>
			<coordinate>pixel</coordinate>
			<type>rectangle</type>
			<description>None</description>
			<possibleresult>
				<name>Small Car</name>
			</possibleresult>
			<points>
				<point>338.000000,581.000000</point>
				<point>323.000000,589.000000</point>
				<point>320.000000,583.000000</point>
				<point>334.000000,575.000000</point>
				<point>338.000000,581.000000</point>
			</points>
		</object>
		<object>
			<coordinate>pixel</coordinate>
			<type>rectangle</type>
			<description>None</description>
			<possibleresult>
				<name>Small Car</name>
			</possibleresult>
			<points>
				<point>331.000000,576.000000</point>
				<point>315.000000,584.000000</point>
				<point>311.000000,577.000000</point>
				<point>327.000000,569.000000</point>
				<point>331.000000,576.000000</point>
			</points>
		</object>
		<object>
			<coordinate>pixel</coordinate>
			<type>rectangle</type>
			<description>None</description>
			<possibleresult>
				<name>Small Car</name>
			</possibleresult>
			<points>
				<point>329.000000,567.000000</point>
				<point>312.000000,571.000000</point>
				<point>310.000000,565.000000</point>
				<point>327.000000,560.000000</point>
				<point>329.000000,567.000000</point>
			</points>
		</object>
		<object>
			<coordinate>pixel</coordinate>
			<type>rectangle</type>
			<description>None</description>
			<possibleresult>
				<name>Van</name>
			</possibleresult>
			<points>
				<point>481.000000,585.000000</point>
				<point>455.000000,585.000000</point>
				<point>455.000000,578.000000</point>
				<point>481.000000,578.000000</point>
				<point>481.000000,585.000000</point>
			</points>
		</object>
		<object>
			<coordinate>pixel</coordinate>
			<type>rectangle</type>
			<description>None</description>
			<possibleresult>
				<name>Small Car</name>
			</possibleresult>
			<points>
				<point>582.000000,583.000000</point>
				<point>564.000000,583.000000</point>
				<point>564.000000,576.000000</point>
				<point>582.000000,576.000000</point>
				<point>582.000000,583.000000</point>
			</points>
		</object>
		<object>
			<coordinate>pixel</coordinate>
			<type>rectangle</type>
			<description>None</description>
			<possibleresult>
				<name>Van</name>
			</possibleresult>
			<points>
				<point>594.000000,614.000000</point>
				<point>574.000000,614.000000</point>
				<point>574.000000,607.000000</point>
				<point>594.000000,607.000000</point>
				<point>594.000000,614.000000</point>
			</points>
		</object>
		<object>
			<coordinate>pixel</coordinate>
			<type>rectangle</type>
			<description>None</description>
			<possibleresult>
				<name>Small Car</name>
			</possibleresult>
			<points>
				<point>620.000000,613.000000</point>
				<point>604.000000,613.000000</point>
				<point>604.000000,607.000000</point>
				<point>620.000000,607.000000</point>
				<point>620.000000,613.000000</point>
			</points>
		</object>
		<object>
			<coordinate>pixel</coordinate>
			<type>rectangle</type>
			<description>None</description>
			<possibleresult>
				<name>Small Car</name>
			</possibleresult>
			<points>
				<point>644.000000,614.000000</point>
				<point>628.000000,614.000000</point>
				<point>628.000000,607.000000</point>
				<point>644.000000,607.000000</point>
				<point>644.000000,614.000000</point>
			</points>
		</object>
		<object>
			<coordinate>pixel</coordinate>
			<type>rectangle</type>
			<description>None</description>
			<possibleresult>
				<name>Dump Truck</name>
			</possibleresult>
			<points>
				<point>728.000000,611.000000</point>
				<point>704.000000,611.000000</point>
				<point>704.000000,604.000000</point>
				<point>728.000000,603.000000</point>
				<point>728.000000,611.000000</point>
			</points>
		</object>
		<object>
			<coordinate>pixel</coordinate>
			<type>rectangle</type>
			<description>None</description>
			<possibleresult>
				<name>Small Car</name>
			</possibleresult>
			<points>
				<point>361.000000,441.000000</point>
				<point>359.000000,462.000000</point>
				<point>351.000000,462.000000</point>
				<point>353.000000,441.000000</point>
				<point>361.000000,441.000000</point>
			</points>
		</object>
		<object>
			<coordinate>pixel</coordinate>
			<type>rectangle</type>
			<description>None</description>
			<possibleresult>
				<name>Small Car</name>
			</possibleresult>
			<points>
				<point>438.000000,441.000000</point>
				<point>437.000000,448.000000</point>
				<point>419.000000,445.000000</point>
				<point>419.000000,439.000000</point>
				<point>438.000000,441.000000</point>
			</points>
		</object>
		<object>
			<coordinate>pixel</coordinate>
			<type>rectangle</type>
			<description>None</description>
			<possibleresult>
				<name>Small Car</name>
			</possibleresult>
			<points>
				<point>460.000000,444.000000</point>
				<point>459.000000,451.000000</point>
				<point>439.000000,448.000000</point>
				<point>440.000000,441.000000</point>
				<point>460.000000,444.000000</point>
			</points>
		</object>
		<object>
			<coordinate>pixel</coordinate>
			<type>rectangle</type>
			<description>None</description>
			<possibleresult>
				<name>Dump Truck</name>
			</possibleresult>
			<points>
				<point>417.000000,349.000000</point>
				<point>415.000000,365.000000</point>
				<point>407.000000,364.000000</point>
				<point>410.000000,348.000000</point>
				<point>417.000000,349.000000</point>
			</points>
		</object>
		<object>
			<coordinate>pixel</coordinate>
			<type>rectangle</type>
			<description>None</description>
			<possibleresult>
				<name>Van</name>
			</possibleresult>
			<points>
				<point>460.000000,329.000000</point>
				<point>446.000000,329.000000</point>
				<point>446.000000,323.000000</point>
				<point>460.000000,323.000000</point>
				<point>460.000000,329.000000</point>
			</points>
		</object>
		<object>
			<coordinate>pixel</coordinate>
			<type>rectangle</type>
			<description>None</description>
			<possibleresult>
				<name>Small Car</name>
			</possibleresult>
			<points>
				<point>434.000000,249.000000</point>
				<point>433.000000,265.000000</point>
				<point>424.000000,264.000000</point>
				<point>425.000000,249.000000</point>
				<point>434.000000,249.000000</point>
			</points>
		</object>
		<object>
			<coordinate>pixel</coordinate>
			<type>rectangle</type>
			<description>None</description>
			<possibleresult>
				<name>Small Car</name>
			</possibleresult>
			<points>
				<point>396.000000,220.000000</point>
				<point>395.000000,237.000000</point>
				<point>387.000000,237.000000</point>
				<point>388.000000,219.000000</point>
				<point>396.000000,220.000000</point>
			</points>
		</object>
		<object>
			<coordinate>pixel</coordinate>
			<type>rectangle</type>
			<description>None</description>
			<possibleresult>
				<name>Van</name>
			</possibleresult>
			<points>
				<point>400.000000,200.000000</point>
				<point>399.000000,214.000000</point>
				<point>392.000000,214.000000</point>
				<point>392.000000,200.000000</point>
				<point>400.000000,200.000000</point>
			</points>
		</object>
		<object>
			<coordinate>pixel</coordinate>
			<type>rectangle</type>
			<description>None</description>
			<possibleresult>
				<name>Small Car</name>
			</possibleresult>
			<points>
				<point>441.000000,194.000000</point>
				<point>440.000000,208.000000</point>
				<point>433.000000,207.000000</point>
				<point>434.000000,193.000000</point>
				<point>441.000000,194.000000</point>
			</points>
		</object>
		<object>
			<coordinate>pixel</coordinate>
			<type>rectangle</type>
			<description>None</description>
			<possibleresult>
				<name>Small Car</name>
			</possibleresult>
			<points>
				<point>444.000000,172.000000</point>
				<point>443.000000,187.000000</point>
				<point>436.000000,186.000000</point>
				<point>438.000000,171.000000</point>
				<point>444.000000,172.000000</point>
			</points>
		</object>
		<object>
			<coordinate>pixel</coordinate>
			<type>rectangle</type>
			<description>None</description>
			<possibleresult>
				<name>Small Car</name>
			</possibleresult>
			<points>
				<point>414.000000,114.000000</point>
				<point>412.000000,130.000000</point>
				<point>405.000000,130.000000</point>
				<point>406.000000,114.000000</point>
				<point>414.000000,114.000000</point>
			</points>
		</object>
		<object>
			<coordinate>pixel</coordinate>
			<type>rectangle</type>
			<description>None</description>
			<possibleresult>
				<name>Small Car</name>
			</possibleresult>
			<points>
				<point>490.000000,93.000000</point>
				<point>474.000000,91.000000</point>
				<point>474.000000,85.000000</point>
				<point>490.000000,87.000000</point>
				<point>490.000000,93.000000</point>
			</points>
		</object>
		<object>
			<coordinate>pixel</coordinate>
			<type>rectangle</type>
			<description>None</description>
			<possibleresult>
				<name>Small Car</name>
			</possibleresult>
			<points>
				<point>511.000000,88.000000</point>
				<point>510.000000,95.000000</point>
				<point>493.000000,94.000000</point>
				<point>494.000000,87.000000</point>
				<point>511.000000,88.000000</point>
			</points>
		</object>
		<object>
			<coordinate>pixel</coordinate>
			<type>rectangle</type>
			<description>None</description>
			<possibleresult>
				<name>Small Car</name>
			</possibleresult>
			<points>
				<point>502.000000,32.000000</point>
				<point>501.000000,38.000000</point>
				<point>488.000000,36.000000</point>
				<point>489.000000,30.000000</point>
				<point>502.000000,32.000000</point>
			</points>
		</object>
		<object>
			<coordinate>pixel</coordinate>
			<type>rectangle</type>
			<description>None</description>
			<possibleresult>
				<name>Van</name>
			</possibleresult>
			<points>
				<point>506.000000,20.000000</point>
				<point>505.000000,25.000000</point>
				<point>488.000000,23.000000</point>
				<point>489.000000,18.000000</point>
				<point>506.000000,20.000000</point>
			</points>
		</object>
		<object>
			<coordinate>pixel</coordinate>
			<type>rectangle</type>
			<description>None</description>
			<possibleresult>
				<name>Van</name>
			</possibleresult>
			<points>
				<point>507.000000,10.000000</point>
				<point>506.000000,16.000000</point>
				<point>491.000000,15.000000</point>
				<point>491.000000,9.000000</point>
				<point>507.000000,10.000000</point>
			</points>
		</object>
		<object>
			<coordinate>pixel</coordinate>
			<type>rectangle</type>
			<description>None</description>
			<possibleresult>
				<name>Van</name>
			</possibleresult>
			<points>
				<point>568.000000,51.000000</point>
				<point>565.000000,55.000000</point>
				<point>554.000000,47.000000</point>
				<point>558.000000,42.000000</point>
				<point>568.000000,51.000000</point>
			</points>
		</object>
		<object>
			<coordinate>pixel</coordinate>
			<type>rectangle</type>
			<description>None</description>
			<possibleresult>
				<name>Small Car</name>
			</possibleresult>
			<points>
				<point>753.000000,127.000000</point>
				<point>737.000000,128.000000</point>
				<point>737.000000,122.000000</point>
				<point>753.000000,122.000000</point>
				<point>753.000000,127.000000</point>
			</points>
		</object>
		<object>
			<coordinate>pixel</coordinate>
			<type>rectangle</type>
			<description>None</description>
			<possibleresult>
				<name>Small Car</name>
			</possibleresult>
			<points>
				<point>754.000000,138.000000</point>
				<point>736.000000,138.000000</point>
				<point>736.000000,131.000000</point>
				<point>754.000000,131.000000</point>
				<point>754.000000,138.000000</point>
			</points>
		</object>
		<object>
			<coordinate>pixel</coordinate>
			<type>rectangle</type>
			<description>None</description>
			<possibleresult>
				<name>Small Car</name>
			</possibleresult>
			<points>
				<point>757.000000,170.000000</point>
				<point>736.000000,171.000000</point>
				<point>736.000000,164.000000</point>
				<point>757.000000,163.000000</point>
				<point>757.000000,170.000000</point>
			</points>
		</object>
		<object>
			<coordinate>pixel</coordinate>
			<type>rectangle</type>
			<description>None</description>
			<possibleresult>
				<name>Small Car</name>
			</possibleresult>
			<points>
				<point>493.000000,243.000000</point>
				<point>476.000000,242.000000</point>
				<point>476.000000,237.000000</point>
				<point>493.000000,237.000000</point>
				<point>493.000000,243.000000</point>
			</points>
		</object>
		<object>
			<coordinate>pixel</coordinate>
			<type>rectangle</type>
			<description>None</description>
			<possibleresult>
				<name>Small Car</name>
			</possibleresult>
			<points>
				<point>754.000000,268.000000</point>
				<point>734.000000,268.000000</point>
				<point>734.000000,262.000000</point>
				<point>753.000000,262.000000</point>
				<point>754.000000,268.000000</point>
			</points>
		</object>
		<object>
			<coordinate>pixel</coordinate>
			<type>rectangle</type>
			<description>None</description>
			<possibleresult>
				<name>Small Car</name>
			</possibleresult>
			<points>
				<point>750.000000,305.000000</point>
				<point>732.000000,306.000000</point>
				<point>732.000000,300.000000</point>
				<point>750.000000,299.000000</point>
				<point>750.000000,305.000000</point>
			</points>
		</object>
		<object>
			<coordinate>pixel</coordinate>
			<type>rectangle</type>
			<description>None</description>
			<possibleresult>
				<name>Van</name>
			</possibleresult>
			<points>
				<point>719.000000,451.000000</point>
				<point>701.000000,452.000000</point>
				<point>701.000000,445.000000</point>
				<point>719.000000,445.000000</point>
				<point>719.000000,451.000000</point>
			</points>
		</object>
		<object>
			<coordinate>pixel</coordinate>
			<type>rectangle</type>
			<description>None</description>
			<possibleresult>
				<name>Van</name>
			</possibleresult>
			<points>
				<point>762.000000,554.000000</point>
				<point>755.000000,554.000000</point>
				<point>754.000000,538.000000</point>
				<point>761.000000,538.000000</point>
				<point>762.000000,554.000000</point>
			</points>
		</object>
		<object>
			<coordinate>pixel</coordinate>
			<type>rectangle</type>
			<description>None</description>
			<possibleresult>
				<name>Small Car</name>
			</possibleresult>
			<points>
				<point>870.000000,102.000000</point>
				<point>851.000000,102.000000</point>
				<point>851.000000,96.000000</point>
				<point>869.000000,95.000000</point>
				<point>870.000000,102.000000</point>
			</points>
		</object>
		<object>
			<coordinate>pixel</coordinate>
			<type>rectangle</type>
			<description>None</description>
			<possibleresult>
				<name>Small Car</name>
			</possibleresult>
			<points>
				<point>814.000000,197.000000</point>
				<point>805.000000,197.000000</point>
				<point>805.000000,183.000000</point>
				<point>814.000000,183.000000</point>
				<point>814.000000,197.000000</point>
			</points>
		</object>
		<object>
			<coordinate>pixel</coordinate>
			<type>rectangle</type>
			<description>None</description>
			<possibleresult>
				<name>Small Car</name>
			</possibleresult>
			<points>
				<point>843.000000,354.000000</point>
				<point>826.000000,355.000000</point>
				<point>825.000000,349.000000</point>
				<point>843.000000,348.000000</point>
				<point>843.000000,354.000000</point>
			</points>
		</object>
		<object>
			<coordinate>pixel</coordinate>
			<type>rectangle</type>
			<description>None</description>
			<possibleresult>
				<name>Small Car</name>
			</possibleresult>
			<points>
				<point>836.000000,336.000000</point>
				<point>820.000000,337.000000</point>
				<point>819.000000,331.000000</point>
				<point>835.000000,329.000000</point>
				<point>836.000000,336.000000</point>
			</points>
		</object>
		<object>
			<coordinate>pixel</coordinate>
			<type>rectangle</type>
			<description>None</description>
			<possibleresult>
				<name>Small Car</name>
			</possibleresult>
			<points>
				<point>894.000000,353.000000</point>
				<point>877.000000,354.000000</point>
				<point>877.000000,348.000000</point>
				<point>894.000000,347.000000</point>
				<point>894.000000,353.000000</point>
			</points>
		</object>
		<object>
			<coordinate>pixel</coordinate>
			<type>rectangle</type>
			<description>None</description>
			<possibleresult>
				<name>Small Car</name>
			</possibleresult>
			<points>
				<point>835.000000,441.000000</point>
				<point>815.000000,442.000000</point>
				<point>815.000000,435.000000</point>
				<point>835.000000,434.000000</point>
				<point>835.000000,441.000000</point>
			</points>
		</object>
		<object>
			<coordinate>pixel</coordinate>
			<type>rectangle</type>
			<description>None</description>
			<possibleresult>
				<name>Small Car</name>
			</possibleresult>
			<points>
				<point>852.000000,574.000000</point>
				<point>837.000000,573.000000</point>
				<point>837.000000,567.000000</point>
				<point>852.000000,568.000000</point>
				<point>852.000000,574.000000</point>
			</points>
		</object>
		<object>
			<coordinate>pixel</coordinate>
			<type>rectangle</type>
			<description>None</description>
			<possibleresult>
				<name>Small Car</name>
			</possibleresult>
			<points>
				<point>991.000000,837.000000</point>
				<point>974.000000,837.000000</point>
				<point>974.000000,829.000000</point>
				<point>991.000000,829.000000</point>
				<point>991.000000,837.000000</point>
			</points>
		</object>
		<object>
			<coordinate>pixel</coordinate>
			<type>rectangle</type>
			<description>None</description>
			<possibleresult>
				<name>Small Car</name>
			</possibleresult>
			<points>
				<point>839.000000,842.000000</point>
				<point>821.000000,843.000000</point>
				<point>821.000000,836.000000</point>
				<point>838.000000,835.000000</point>
				<point>839.000000,842.000000</point>
			</points>
		</object>
		<object>
			<coordinate>pixel</coordinate>
			<type>rectangle</type>
			<description>None</description>
			<possibleresult>
				<name>Small Car</name>
			</possibleresult>
			<points>
				<point>734.000000,958.000000</point>
				<point>725.000000,971.000000</point>
				<point>720.000000,967.000000</point>
				<point>729.000000,954.000000</point>
				<point>734.000000,958.000000</point>
			</points>
		</object>
		<object>
			<coordinate>pixel</coordinate>
			<type>rectangle</type>
			<description>None</description>
			<possibleresult>
				<name>Football Field</name>
			</possibleresult>
			<points>
				<point>518.187744,1069.809692</point>
				<point>408.999908,978.999878</point>
				<point>591.812134,759.190063</point>
				<point>701.000000,849.999878</point>
				<point>518.187744,1069.809692</point>
			</points>
		</object>
		<object>
			<coordinate>pixel</coordinate>
			<type>rectangle</type>
			<description>None</description>
			<possibleresult>
				<name>Dump Truck</name>
			</possibleresult>
			<points>
				<point>776.000000,975.000000</point>
				<point>772.000000,980.000000</point>
				<point>756.000000,970.000000</point>
				<point>760.000000,964.000000</point>
				<point>776.000000,975.000000</point>
			</points>
		</object>
	</objects>
</annotation>