<?xml version="1.0" encoding="utf-8"?>
<annotation>
	<source>
		<filename>7690.tif</filename>
		<origin>GF2/GF3</origin>
	</source>
	<research>
		<version>1.0</version>
		<provider>FAIR1M</provider>
		<author>Cyber</author>
		<pluginname>FAIR1M</pluginname>
		<pluginclass>object detection</pluginclass>
		<time>2021-07-21</time>
	</research>
	<size>
		<width>600</width>
		<height>800</height>
		<depth>4</depth>
	</size>
	<objects>
		<object>
			<coordinate>pixel</coordinate>
			<type>rectangle</type>
			<description>None</description>
			<possibleresult>
				<name>Small Car</name>
			</possibleresult>
			<points>
				<point>429.000000,395.000000</point>
				<point>408.000000,397.000000</point>
				<point>406.000000,387.000000</point>
				<point>428.000000,384.000000</point>
				<point>429.000000,395.000000</point>
			</points>
		</object>
		<object>
			<coordinate>pixel</coordinate>
			<type>rectangle</type>
			<description>None</description>
			<possibleresult>
				<name>Van</name>
			</possibleresult>
			<points>
				<point>438.000000,411.000000</point>
				<point>416.000000,416.000000</point>
				<point>414.000000,405.000000</point>
				<point>435.000000,400.000000</point>
				<point>438.000000,411.000000</point>
			</points>
		</object>
		<object>
			<coordinate>pixel</coordinate>
			<type>rectangle</type>
			<description>None</description>
			<possibleresult>
				<name>Dump Truck</name>
			</possibleresult>
			<points>
				<point>443.000000,419.000000</point>
				<point>416.000000,426.000000</point>
				<point>414.000000,417.000000</point>
				<point>441.000000,410.000000</point>
				<point>443.000000,419.000000</point>
			</points>
		</object>
		<object>
			<coordinate>pixel</coordinate>
			<type>rectangle</type>
			<description>None</description>
			<possibleresult>
				<name>Van</name>
			</possibleresult>
			<points>
				<point>445.000000,429.000000</point>
				<point>422.000000,433.000000</point>
				<point>421.000000,424.000000</point>
				<point>443.000000,420.000000</point>
				<point>445.000000,429.000000</point>
			</points>
		</object>
		<object>
			<coordinate>pixel</coordinate>
			<type>rectangle</type>
			<description>None</description>
			<possibleresult>
				<name>Small Car</name>
			</possibleresult>
			<points>
				<point>426.000000,460.000000</point>
				<point>403.000000,464.000000</point>
				<point>401.000000,454.000000</point>
				<point>424.000000,450.000000</point>
				<point>426.000000,460.000000</point>
			</points>
		</object>
		<object>
			<coordinate>pixel</coordinate>
			<type>rectangle</type>
			<description>None</description>
			<possibleresult>
				<name>Small Car</name>
			</possibleresult>
			<points>
				<point>446.000000,437.000000</point>
				<point>425.000000,442.000000</point>
				<point>423.000000,433.000000</point>
				<point>443.000000,428.000000</point>
				<point>446.000000,437.000000</point>
			</points>
		</object>
		<object>
			<coordinate>pixel</coordinate>
			<type>rectangle</type>
			<description>None</description>
			<possibleresult>
				<name>Small Car</name>
			</possibleresult>
			<points>
				<point>445.000000,447.000000</point>
				<point>425.000000,450.000000</point>
				<point>424.000000,441.000000</point>
				<point>444.000000,438.000000</point>
				<point>445.000000,447.000000</point>
			</points>
		</object>
		<object>
			<coordinate>pixel</coordinate>
			<type>rectangle</type>
			<description>None</description>
			<possibleresult>
				<name>Small Car</name>
			</possibleresult>
			<points>
				<point>449.000000,456.000000</point>
				<point>429.000000,459.000000</point>
				<point>427.000000,451.000000</point>
				<point>447.000000,447.000000</point>
				<point>449.000000,456.000000</point>
			</points>
		</object>
		<object>
			<coordinate>pixel</coordinate>
			<type>rectangle</type>
			<description>None</description>
			<possibleresult>
				<name>Small Car</name>
			</possibleresult>
			<points>
				<point>408.000000,396.000000</point>
				<point>388.000000,400.000000</point>
				<point>386.000000,391.000000</point>
				<point>406.000000,387.000000</point>
				<point>408.000000,396.000000</point>
			</points>
		</object>
		<object>
			<coordinate>pixel</coordinate>
			<type>rectangle</type>
			<description>None</description>
			<possibleresult>
				<name>Small Car</name>
			</possibleresult>
			<points>
				<point>452.000000,465.000000</point>
				<point>430.000000,470.000000</point>
				<point>428.000000,459.000000</point>
				<point>450.000000,455.000000</point>
				<point>452.000000,465.000000</point>
			</points>
		</object>
		<object>
			<coordinate>pixel</coordinate>
			<type>rectangle</type>
			<description>None</description>
			<possibleresult>
				<name>Van</name>
			</possibleresult>
			<points>
				<point>455.000000,475.000000</point>
				<point>433.000000,479.000000</point>
				<point>432.000000,470.000000</point>
				<point>454.000000,466.000000</point>
				<point>455.000000,475.000000</point>
			</points>
		</object>
		<object>
			<coordinate>pixel</coordinate>
			<type>rectangle</type>
			<description>None</description>
			<possibleresult>
				<name>Small Car</name>
			</possibleresult>
			<points>
				<point>431.000000,477.000000</point>
				<point>411.000000,481.000000</point>
				<point>409.000000,472.000000</point>
				<point>429.000000,468.000000</point>
				<point>431.000000,477.000000</point>
			</points>
		</object>
		<object>
			<coordinate>pixel</coordinate>
			<type>rectangle</type>
			<description>None</description>
			<possibleresult>
				<name>Small Car</name>
			</possibleresult>
			<points>
				<point>438.000000,486.000000</point>
				<point>414.000000,490.000000</point>
				<point>412.000000,482.000000</point>
				<point>436.000000,477.000000</point>
				<point>438.000000,486.000000</point>
			</points>
		</object>
		<object>
			<coordinate>pixel</coordinate>
			<type>rectangle</type>
			<description>None</description>
			<possibleresult>
				<name>Small Car</name>
			</possibleresult>
			<points>
				<point>437.000000,496.000000</point>
				<point>417.000000,499.000000</point>
				<point>416.000000,490.000000</point>
				<point>435.000000,487.000000</point>
				<point>437.000000,496.000000</point>
			</points>
		</object>
		<object>
			<coordinate>pixel</coordinate>
			<type>rectangle</type>
			<description>None</description>
			<possibleresult>
				<name>Small Car</name>
			</possibleresult>
			<points>
				<point>441.000000,505.000000</point>
				<point>419.000000,509.000000</point>
				<point>417.000000,500.000000</point>
				<point>440.000000,497.000000</point>
				<point>441.000000,505.000000</point>
			</points>
		</object>
		<object>
			<coordinate>pixel</coordinate>
			<type>rectangle</type>
			<description>None</description>
			<possibleresult>
				<name>Small Car</name>
			</possibleresult>
			<points>
				<point>443.000000,515.000000</point>
				<point>422.000000,518.000000</point>
				<point>421.000000,509.000000</point>
				<point>442.000000,506.000000</point>
				<point>443.000000,515.000000</point>
			</points>
		</object>
		<object>
			<coordinate>pixel</coordinate>
			<type>rectangle</type>
			<description>None</description>
			<possibleresult>
				<name>Van</name>
			</possibleresult>
			<points>
				<point>359.000000,438.000000</point>
				<point>337.000000,445.000000</point>
				<point>334.000000,436.000000</point>
				<point>356.000000,428.000000</point>
				<point>359.000000,438.000000</point>
			</points>
		</object>
		<object>
			<coordinate>pixel</coordinate>
			<type>rectangle</type>
			<description>None</description>
			<possibleresult>
				<name>Small Car</name>
			</possibleresult>
			<points>
				<point>361.000000,451.000000</point>
				<point>338.000000,456.000000</point>
				<point>336.000000,447.000000</point>
				<point>359.000000,442.000000</point>
				<point>361.000000,451.000000</point>
			</points>
		</object>
		<object>
			<coordinate>pixel</coordinate>
			<type>rectangle</type>
			<description>None</description>
			<possibleresult>
				<name>Small Car</name>
			</possibleresult>
			<points>
				<point>368.000000,467.000000</point>
				<point>346.000000,473.000000</point>
				<point>344.000000,465.000000</point>
				<point>366.000000,459.000000</point>
				<point>368.000000,467.000000</point>
			</points>
		</object>
		<object>
			<coordinate>pixel</coordinate>
			<type>rectangle</type>
			<description>None</description>
			<possibleresult>
				<name>Van</name>
			</possibleresult>
			<points>
				<point>370.000000,480.000000</point>
				<point>346.000000,482.000000</point>
				<point>345.000000,474.000000</point>
				<point>369.000000,472.000000</point>
				<point>370.000000,480.000000</point>
			</points>
		</object>
		<object>
			<coordinate>pixel</coordinate>
			<type>rectangle</type>
			<description>None</description>
			<possibleresult>
				<name>Small Car</name>
			</possibleresult>
			<points>
				<point>373.000000,489.000000</point>
				<point>349.000000,492.000000</point>
				<point>348.000000,484.000000</point>
				<point>372.000000,481.000000</point>
				<point>373.000000,489.000000</point>
			</points>
		</object>
		<object>
			<coordinate>pixel</coordinate>
			<type>rectangle</type>
			<description>None</description>
			<possibleresult>
				<name>Small Car</name>
			</possibleresult>
			<points>
				<point>374.000000,497.000000</point>
				<point>350.000000,501.000000</point>
				<point>348.000000,493.000000</point>
				<point>372.000000,488.000000</point>
				<point>374.000000,497.000000</point>
			</points>
		</object>
		<object>
			<coordinate>pixel</coordinate>
			<type>rectangle</type>
			<description>None</description>
			<possibleresult>
				<name>Van</name>
			</possibleresult>
			<points>
				<point>375.000000,507.000000</point>
				<point>351.000000,510.000000</point>
				<point>350.000000,501.000000</point>
				<point>373.000000,498.000000</point>
				<point>375.000000,507.000000</point>
			</points>
		</object>
		<object>
			<coordinate>pixel</coordinate>
			<type>rectangle</type>
			<description>None</description>
			<possibleresult>
				<name>Van</name>
			</possibleresult>
			<points>
				<point>378.000000,515.000000</point>
				<point>355.000000,519.000000</point>
				<point>353.000000,511.000000</point>
				<point>377.000000,506.000000</point>
				<point>378.000000,515.000000</point>
			</points>
		</object>
		<object>
			<coordinate>pixel</coordinate>
			<type>rectangle</type>
			<description>None</description>
			<possibleresult>
				<name>Small Car</name>
			</possibleresult>
			<points>
				<point>381.000000,523.000000</point>
				<point>357.000000,530.000000</point>
				<point>354.000000,520.000000</point>
				<point>378.000000,514.000000</point>
				<point>381.000000,523.000000</point>
			</points>
		</object>
		<object>
			<coordinate>pixel</coordinate>
			<type>rectangle</type>
			<description>None</description>
			<possibleresult>
				<name>Small Car</name>
			</possibleresult>
			<points>
				<point>386.000000,532.000000</point>
				<point>362.000000,538.000000</point>
				<point>359.000000,529.000000</point>
				<point>383.000000,522.000000</point>
				<point>386.000000,532.000000</point>
			</points>
		</object>
		<object>
			<coordinate>pixel</coordinate>
			<type>rectangle</type>
			<description>None</description>
			<possibleresult>
				<name>Small Car</name>
			</possibleresult>
			<points>
				<point>388.000000,540.000000</point>
				<point>363.000000,547.000000</point>
				<point>361.000000,539.000000</point>
				<point>386.000000,533.000000</point>
				<point>388.000000,540.000000</point>
			</points>
		</object>
		<object>
			<coordinate>pixel</coordinate>
			<type>rectangle</type>
			<description>None</description>
			<possibleresult>
				<name>Small Car</name>
			</possibleresult>
			<points>
				<point>389.000000,549.000000</point>
				<point>366.000000,556.000000</point>
				<point>363.000000,547.000000</point>
				<point>387.000000,540.000000</point>
				<point>389.000000,549.000000</point>
			</points>
		</object>
		<object>
			<coordinate>pixel</coordinate>
			<type>rectangle</type>
			<description>None</description>
			<possibleresult>
				<name>Van</name>
			</possibleresult>
			<points>
				<point>393.000000,561.000000</point>
				<point>365.000000,564.000000</point>
				<point>365.000000,556.000000</point>
				<point>392.000000,553.000000</point>
				<point>393.000000,561.000000</point>
			</points>
		</object>
		<object>
			<coordinate>pixel</coordinate>
			<type>rectangle</type>
			<description>None</description>
			<possibleresult>
				<name>Small Car</name>
			</possibleresult>
			<points>
				<point>395.000000,578.000000</point>
				<point>380.000000,581.000000</point>
				<point>378.000000,570.000000</point>
				<point>393.000000,568.000000</point>
				<point>395.000000,578.000000</point>
			</points>
		</object>
		<object>
			<coordinate>pixel</coordinate>
			<type>rectangle</type>
			<description>None</description>
			<possibleresult>
				<name>Van</name>
			</possibleresult>
			<points>
				<point>355.000000,534.000000</point>
				<point>342.000000,538.000000</point>
				<point>336.000000,518.000000</point>
				<point>349.000000,514.000000</point>
				<point>355.000000,534.000000</point>
			</points>
		</object>
		<object>
			<coordinate>pixel</coordinate>
			<type>rectangle</type>
			<description>None</description>
			<possibleresult>
				<name>Small Car</name>
			</possibleresult>
			<points>
				<point>357.000000,558.000000</point>
				<point>345.000000,559.000000</point>
				<point>343.000000,541.000000</point>
				<point>354.000000,539.000000</point>
				<point>357.000000,558.000000</point>
			</points>
		</object>
		<object>
			<coordinate>pixel</coordinate>
			<type>rectangle</type>
			<description>None</description>
			<possibleresult>
				<name>Small Car</name>
			</possibleresult>
			<points>
				<point>321.000000,600.000000</point>
				<point>311.000000,601.000000</point>
				<point>308.000000,583.000000</point>
				<point>318.000000,582.000000</point>
				<point>321.000000,600.000000</point>
			</points>
		</object>
		<object>
			<coordinate>pixel</coordinate>
			<type>rectangle</type>
			<description>None</description>
			<possibleresult>
				<name>Van</name>
			</possibleresult>
			<points>
				<point>314.000000,582.000000</point>
				<point>303.000000,582.000000</point>
				<point>302.000000,563.000000</point>
				<point>313.000000,563.000000</point>
				<point>314.000000,582.000000</point>
			</points>
		</object>
		<object>
			<coordinate>pixel</coordinate>
			<type>rectangle</type>
			<description>None</description>
			<possibleresult>
				<name>Small Car</name>
			</possibleresult>
			<points>
				<point>301.000000,538.000000</point>
				<point>291.000000,540.000000</point>
				<point>288.000000,522.000000</point>
				<point>299.000000,520.000000</point>
				<point>301.000000,538.000000</point>
			</points>
		</object>
		<object>
			<coordinate>pixel</coordinate>
			<type>rectangle</type>
			<description>None</description>
			<possibleresult>
				<name>Small Car</name>
			</possibleresult>
			<points>
				<point>298.000000,517.000000</point>
				<point>285.000000,520.000000</point>
				<point>282.000000,498.000000</point>
				<point>294.000000,496.000000</point>
				<point>298.000000,517.000000</point>
			</points>
		</object>
		<object>
			<coordinate>pixel</coordinate>
			<type>rectangle</type>
			<description>None</description>
			<possibleresult>
				<name>Small Car</name>
			</possibleresult>
			<points>
				<point>336.000000,667.000000</point>
				<point>326.000000,668.000000</point>
				<point>324.000000,649.000000</point>
				<point>335.000000,649.000000</point>
				<point>336.000000,667.000000</point>
			</points>
		</object>
		<object>
			<coordinate>pixel</coordinate>
			<type>rectangle</type>
			<description>None</description>
			<possibleresult>
				<name>Small Car</name>
			</possibleresult>
			<points>
				<point>348.000000,709.000000</point>
				<point>335.000000,711.000000</point>
				<point>333.000000,695.000000</point>
				<point>346.000000,693.000000</point>
				<point>348.000000,709.000000</point>
			</points>
		</object>
		<object>
			<coordinate>pixel</coordinate>
			<type>rectangle</type>
			<description>None</description>
			<possibleresult>
				<name>Small Car</name>
			</possibleresult>
			<points>
				<point>51.000000,401.000000</point>
				<point>28.000000,406.000000</point>
				<point>26.000000,397.000000</point>
				<point>48.000000,392.000000</point>
				<point>51.000000,401.000000</point>
			</points>
		</object>
		<object>
			<coordinate>pixel</coordinate>
			<type>rectangle</type>
			<description>None</description>
			<possibleresult>
				<name>Van</name>
			</possibleresult>
			<points>
				<point>78.000000,398.000000</point>
				<point>56.000000,401.000000</point>
				<point>55.000000,392.000000</point>
				<point>77.000000,389.000000</point>
				<point>78.000000,398.000000</point>
			</points>
		</object>
		<object>
			<coordinate>pixel</coordinate>
			<type>rectangle</type>
			<description>None</description>
			<possibleresult>
				<name>Small Car</name>
			</possibleresult>
			<points>
				<point>162.000000,387.000000</point>
				<point>139.000000,391.000000</point>
				<point>137.000000,380.000000</point>
				<point>160.000000,376.000000</point>
				<point>162.000000,387.000000</point>
			</points>
		</object>
		<object>
			<coordinate>pixel</coordinate>
			<type>rectangle</type>
			<description>None</description>
			<possibleresult>
				<name>Small Car</name>
			</possibleresult>
			<points>
				<point>157.000000,439.000000</point>
				<point>147.000000,443.000000</point>
				<point>140.000000,425.000000</point>
				<point>150.000000,421.000000</point>
				<point>157.000000,439.000000</point>
			</points>
		</object>
		<object>
			<coordinate>pixel</coordinate>
			<type>rectangle</type>
			<description>None</description>
			<possibleresult>
				<name>Small Car</name>
			</possibleresult>
			<points>
				<point>165.000000,439.000000</point>
				<point>156.000000,439.000000</point>
				<point>156.000000,422.000000</point>
				<point>164.000000,422.000000</point>
				<point>165.000000,439.000000</point>
			</points>
		</object>
		<object>
			<coordinate>pixel</coordinate>
			<type>rectangle</type>
			<description>None</description>
			<possibleresult>
				<name>Small Car</name>
			</possibleresult>
			<points>
				<point>190.000000,435.000000</point>
				<point>180.000000,438.000000</point>
				<point>176.000000,422.000000</point>
				<point>187.000000,419.000000</point>
				<point>190.000000,435.000000</point>
			</points>
		</object>
		<object>
			<coordinate>pixel</coordinate>
			<type>rectangle</type>
			<description>None</description>
			<possibleresult>
				<name>Van</name>
			</possibleresult>
			<points>
				<point>203.000000,433.000000</point>
				<point>192.000000,436.000000</point>
				<point>187.000000,418.000000</point>
				<point>198.000000,415.000000</point>
				<point>203.000000,433.000000</point>
			</points>
		</object>
		<object>
			<coordinate>pixel</coordinate>
			<type>rectangle</type>
			<description>None</description>
			<possibleresult>
				<name>Small Car</name>
			</possibleresult>
			<points>
				<point>213.000000,431.000000</point>
				<point>204.000000,433.000000</point>
				<point>201.000000,417.000000</point>
				<point>210.000000,415.000000</point>
				<point>213.000000,431.000000</point>
			</points>
		</object>
		<object>
			<coordinate>pixel</coordinate>
			<type>rectangle</type>
			<description>None</description>
			<possibleresult>
				<name>Small Car</name>
			</possibleresult>
			<points>
				<point>228.000000,434.000000</point>
				<point>214.000000,436.000000</point>
				<point>212.000000,414.000000</point>
				<point>225.000000,413.000000</point>
				<point>228.000000,434.000000</point>
			</points>
		</object>
		<object>
			<coordinate>pixel</coordinate>
			<type>rectangle</type>
			<description>None</description>
			<possibleresult>
				<name>Small Car</name>
			</possibleresult>
			<points>
				<point>89.000000,462.000000</point>
				<point>66.000000,465.000000</point>
				<point>64.000000,456.000000</point>
				<point>88.000000,453.000000</point>
				<point>89.000000,462.000000</point>
			</points>
		</object>
		<object>
			<coordinate>pixel</coordinate>
			<type>rectangle</type>
			<description>None</description>
			<possibleresult>
				<name>Small Car</name>
			</possibleresult>
			<points>
				<point>90.000000,470.000000</point>
				<point>67.000000,473.000000</point>
				<point>66.000000,464.000000</point>
				<point>89.000000,461.000000</point>
				<point>90.000000,470.000000</point>
			</points>
		</object>
		<object>
			<coordinate>pixel</coordinate>
			<type>rectangle</type>
			<description>None</description>
			<possibleresult>
				<name>Small Car</name>
			</possibleresult>
			<points>
				<point>94.000000,480.000000</point>
				<point>69.000000,484.000000</point>
				<point>67.000000,475.000000</point>
				<point>92.000000,470.000000</point>
				<point>94.000000,480.000000</point>
			</points>
		</object>
		<object>
			<coordinate>pixel</coordinate>
			<type>rectangle</type>
			<description>None</description>
			<possibleresult>
				<name>Small Car</name>
			</possibleresult>
			<points>
				<point>86.000000,450.000000</point>
				<point>63.000000,455.000000</point>
				<point>61.000000,446.000000</point>
				<point>83.000000,441.000000</point>
				<point>86.000000,450.000000</point>
			</points>
		</object>
		<object>
			<coordinate>pixel</coordinate>
			<type>rectangle</type>
			<description>None</description>
			<possibleresult>
				<name>Van</name>
			</possibleresult>
			<points>
				<point>176.000000,84.000000</point>
				<point>168.000000,100.000000</point>
				<point>159.000000,95.000000</point>
				<point>166.000000,80.000000</point>
				<point>176.000000,84.000000</point>
			</points>
		</object>
		<object>
			<coordinate>pixel</coordinate>
			<type>rectangle</type>
			<description>None</description>
			<possibleresult>
				<name>Small Car</name>
			</possibleresult>
			<points>
				<point>156.000000,74.000000</point>
				<point>146.000000,91.000000</point>
				<point>136.000000,85.000000</point>
				<point>147.000000,68.000000</point>
				<point>156.000000,74.000000</point>
			</points>
		</object>
		<object>
			<coordinate>pixel</coordinate>
			<type>rectangle</type>
			<description>None</description>
			<possibleresult>
				<name>Small Car</name>
			</possibleresult>
			<points>
				<point>146.000000,70.000000</point>
				<point>135.000000,85.000000</point>
				<point>127.000000,79.000000</point>
				<point>138.000000,64.000000</point>
				<point>146.000000,70.000000</point>
			</points>
		</object>
		<object>
			<coordinate>pixel</coordinate>
			<type>rectangle</type>
			<description>None</description>
			<possibleresult>
				<name>Van</name>
			</possibleresult>
			<points>
				<point>136.000000,63.000000</point>
				<point>124.000000,80.000000</point>
				<point>115.000000,74.000000</point>
				<point>127.000000,57.000000</point>
				<point>136.000000,63.000000</point>
			</points>
		</object>
		<object>
			<coordinate>pixel</coordinate>
			<type>rectangle</type>
			<description>None</description>
			<possibleresult>
				<name>Small Car</name>
			</possibleresult>
			<points>
				<point>151.000000,21.000000</point>
				<point>138.000000,39.000000</point>
				<point>129.000000,32.000000</point>
				<point>142.000000,14.000000</point>
				<point>151.000000,21.000000</point>
			</points>
		</object>
		<object>
			<coordinate>pixel</coordinate>
			<type>rectangle</type>
			<description>None</description>
			<possibleresult>
				<name>Small Car</name>
			</possibleresult>
			<points>
				<point>159.000000,28.000000</point>
				<point>147.000000,43.000000</point>
				<point>140.000000,37.000000</point>
				<point>152.000000,22.000000</point>
				<point>159.000000,28.000000</point>
			</points>
		</object>
		<object>
			<coordinate>pixel</coordinate>
			<type>rectangle</type>
			<description>None</description>
			<possibleresult>
				<name>Small Car</name>
			</possibleresult>
			<points>
				<point>181.000000,38.000000</point>
				<point>169.000000,52.000000</point>
				<point>161.000000,45.000000</point>
				<point>173.000000,32.000000</point>
				<point>181.000000,38.000000</point>
			</points>
		</object>
		<object>
			<coordinate>pixel</coordinate>
			<type>rectangle</type>
			<description>None</description>
			<possibleresult>
				<name>Small Car</name>
			</possibleresult>
			<points>
				<point>190.000000,44.000000</point>
				<point>178.000000,59.000000</point>
				<point>170.000000,52.000000</point>
				<point>183.000000,38.000000</point>
				<point>190.000000,44.000000</point>
			</points>
		</object>
		<object>
			<coordinate>pixel</coordinate>
			<type>rectangle</type>
			<description>None</description>
			<possibleresult>
				<name>Small Car</name>
			</possibleresult>
			<points>
				<point>197.000000,54.000000</point>
				<point>190.000000,62.000000</point>
				<point>184.000000,57.000000</point>
				<point>191.000000,49.000000</point>
				<point>197.000000,54.000000</point>
			</points>
		</object>
		<object>
			<coordinate>pixel</coordinate>
			<type>rectangle</type>
			<description>None</description>
			<possibleresult>
				<name>Small Car</name>
			</possibleresult>
			<points>
				<point>111.000000,16.000000</point>
				<point>106.000000,25.000000</point>
				<point>89.000000,14.000000</point>
				<point>94.000000,5.000000</point>
				<point>111.000000,16.000000</point>
			</points>
		</object>
		<object>
			<coordinate>pixel</coordinate>
			<type>rectangle</type>
			<description>None</description>
			<possibleresult>
				<name>Small Car</name>
			</possibleresult>
			<points>
				<point>380.000000,16.000000</point>
				<point>365.000000,28.000000</point>
				<point>358.000000,20.000000</point>
				<point>373.000000,8.000000</point>
				<point>380.000000,16.000000</point>
			</points>
		</object>
		<object>
			<coordinate>pixel</coordinate>
			<type>rectangle</type>
			<description>None</description>
			<possibleresult>
				<name>Dump Truck</name>
			</possibleresult>
			<points>
				<point>523.000000,699.000000</point>
				<point>510.000000,702.000000</point>
				<point>504.000000,675.000000</point>
				<point>517.000000,673.000000</point>
				<point>523.000000,699.000000</point>
			</points>
		</object>
		<object>
			<coordinate>pixel</coordinate>
			<type>rectangle</type>
			<description>None</description>
			<possibleresult>
				<name>Van</name>
			</possibleresult>
			<points>
				<point>573.000000,639.000000</point>
				<point>571.000000,649.000000</point>
				<point>537.000000,643.000000</point>
				<point>539.000000,632.000000</point>
				<point>573.000000,639.000000</point>
			</points>
		</object>
		<object>
			<coordinate>pixel</coordinate>
			<type>rectangle</type>
			<description>None</description>
			<possibleresult>
				<name>Small Car</name>
			</possibleresult>
			<points>
				<point>600.000000,650.000000</point>
				<point>574.000000,650.000000</point>
				<point>574.000000,638.000000</point>
				<point>600.000000,639.000000</point>
				<point>600.000000,650.000000</point>
			</points>
		</object>
		<object>
			<coordinate>pixel</coordinate>
			<type>rectangle</type>
			<description>None</description>
			<possibleresult>
				<name>Small Car</name>
			</possibleresult>
			<points>
				<point>417.000000,271.000000</point>
				<point>404.000000,287.000000</point>
				<point>395.000000,280.000000</point>
				<point>408.000000,263.000000</point>
				<point>417.000000,271.000000</point>
			</points>
		</object>
		<object>
			<coordinate>pixel</coordinate>
			<type>rectangle</type>
			<description>None</description>
			<possibleresult>
				<name>Small Car</name>
			</possibleresult>
			<points>
				<point>436.000000,277.000000</point>
				<point>429.000000,286.000000</point>
				<point>423.000000,281.000000</point>
				<point>430.000000,272.000000</point>
				<point>436.000000,277.000000</point>
			</points>
		</object>
		<object>
			<coordinate>pixel</coordinate>
			<type>rectangle</type>
			<description>None</description>
			<possibleresult>
				<name>Small Car</name>
			</possibleresult>
			<points>
				<point>445.000000,285.000000</point>
				<point>434.000000,301.000000</point>
				<point>426.000000,295.000000</point>
				<point>437.000000,279.000000</point>
				<point>445.000000,285.000000</point>
			</points>
		</object>
		<object>
			<coordinate>pixel</coordinate>
			<type>rectangle</type>
			<description>None</description>
			<possibleresult>
				<name>Small Car</name>
			</possibleresult>
			<points>
				<point>337.000000,467.000000</point>
				<point>326.000000,471.000000</point>
				<point>319.000000,450.000000</point>
				<point>330.000000,447.000000</point>
				<point>337.000000,467.000000</point>
			</points>
		</object>
		<object>
			<coordinate>pixel</coordinate>
			<type>rectangle</type>
			<description>None</description>
			<possibleresult>
				<name>Boeing737</name>
			</possibleresult>
			<points>
				<point>343.000000,489.000000</point>
				<point>330.000000,492.000000</point>
				<point>325.000000,474.000000</point>
				<point>338.000000,471.000000</point>
				<point>343.000000,489.000000</point>
			</points>
		</object>
		<object>
			<coordinate>pixel</coordinate>
			<type>rectangle</type>
			<description>None</description>
			<possibleresult>
				<name>Small Car</name>
			</possibleresult>
			<points>
				<point>205.000000,484.000000</point>
				<point>195.000000,487.000000</point>
				<point>188.000000,463.000000</point>
				<point>198.000000,461.000000</point>
				<point>205.000000,484.000000</point>
			</points>
		</object>
		<object>
			<coordinate>pixel</coordinate>
			<type>rectangle</type>
			<description>None</description>
			<possibleresult>
				<name>Small Car</name>
			</possibleresult>
			<points>
				<point>192.000000,484.000000</point>
				<point>181.000000,487.000000</point>
				<point>177.000000,467.000000</point>
				<point>189.000000,465.000000</point>
				<point>192.000000,484.000000</point>
			</points>
		</object>
		<object>
			<coordinate>pixel</coordinate>
			<type>rectangle</type>
			<description>None</description>
			<possibleresult>
				<name>Small Car</name>
			</possibleresult>
			<points>
				<point>181.000000,489.000000</point>
				<point>168.000000,490.000000</point>
				<point>164.000000,467.000000</point>
				<point>177.000000,465.000000</point>
				<point>181.000000,489.000000</point>
			</points>
		</object>
		<object>
			<coordinate>pixel</coordinate>
			<type>rectangle</type>
			<description>None</description>
			<possibleresult>
				<name>Small Car</name>
			</possibleresult>
			<points>
				<point>508.000000,40.000000</point>
				<point>499.000000,50.000000</point>
				<point>484.000000,38.000000</point>
				<point>493.000000,27.000000</point>
				<point>508.000000,40.000000</point>
			</points>
		</object>
		<object>
			<coordinate>pixel</coordinate>
			<type>rectangle</type>
			<description>None</description>
			<possibleresult>
				<name>Small Car</name>
			</possibleresult>
			<points>
				<point>488.000000,29.000000</point>
				<point>480.000000,40.000000</point>
				<point>463.000000,27.000000</point>
				<point>472.000000,16.000000</point>
				<point>488.000000,29.000000</point>
			</points>
		</object>
		<object>
			<coordinate>pixel</coordinate>
			<type>rectangle</type>
			<description>None</description>
			<possibleresult>
				<name>Small Car</name>
			</possibleresult>
			<points>
				<point>463.000000,15.000000</point>
				<point>455.000000,24.000000</point>
				<point>440.000000,11.000000</point>
				<point>448.000000,2.000000</point>
				<point>463.000000,15.000000</point>
			</points>
		</object>
		<object>
			<coordinate>pixel</coordinate>
			<type>rectangle</type>
			<description>None</description>
			<possibleresult>
				<name>Small Car</name>
			</possibleresult>
			<points>
				<point>357.000000,98.000000</point>
				<point>352.000000,106.000000</point>
				<point>343.000000,99.000000</point>
				<point>349.000000,92.000000</point>
				<point>357.000000,98.000000</point>
			</points>
		</object>
		<object>
			<coordinate>pixel</coordinate>
			<type>rectangle</type>
			<description>None</description>
			<possibleresult>
				<name>Small Car</name>
			</possibleresult>
			<points>
				<point>496.000000,164.000000</point>
				<point>490.000000,173.000000</point>
				<point>472.000000,163.000000</point>
				<point>477.000000,153.000000</point>
				<point>496.000000,164.000000</point>
			</points>
		</object>
		<object>
			<coordinate>pixel</coordinate>
			<type>rectangle</type>
			<description>None</description>
			<possibleresult>
				<name>Dump Truck</name>
			</possibleresult>
			<points>
				<point>535.000000,115.000000</point>
				<point>516.000000,133.000000</point>
				<point>507.000000,123.000000</point>
				<point>526.000000,105.000000</point>
				<point>535.000000,115.000000</point>
			</points>
		</object>
		<object>
			<coordinate>pixel</coordinate>
			<type>rectangle</type>
			<description>None</description>
			<possibleresult>
				<name>Tennis Court</name>
			</possibleresult>
			<points>
				<point>555.000000,523.000000</point>
				<point>538.000000,601.000000</point>
				<point>490.000000,596.000000</point>
				<point>506.000000,517.000000</point>
				<point>555.000000,523.000000</point>
			</points>
		</object>
		<object>
			<coordinate>pixel</coordinate>
			<type>rectangle</type>
			<description>None</description>
			<possibleresult>
				<name>Tennis Court</name>
			</possibleresult>
			<points>
				<point>599.816711,610.939880</point>
				<point>554.000061,602.000061</point>
				<point>570.000061,520.000061</point>
				<point>615.816711,528.939880</point>
				<point>599.816711,610.939880</point>
			</points>
		</object>
	</objects>
</annotation>