<?xml version="1.0" encoding="utf-8"?>
<annotation>
	<source>
		<filename>7696.tif</filename>
		<origin>GF2/GF3</origin>
	</source>
	<research>
		<version>1.0</version>
		<provider>FAIR1M</provider>
		<author>Cyber</author>
		<pluginname>FAIR1M</pluginname>
		<pluginclass>object detection</pluginclass>
		<time>2021-07-21</time>
	</research>
	<size>
		<width>800</width>
		<height>600</height>
		<depth>4</depth>
	</size>
	<objects>
		<object>
			<coordinate>pixel</coordinate>
			<type>rectangle</type>
			<description>None</description>
			<possibleresult>
				<name>Van</name>
			</possibleresult>
			<points>
				<point>629.000000,150.000000</point>
				<point>628.000000,157.000000</point>
				<point>607.000000,154.000000</point>
				<point>608.000000,147.000000</point>
				<point>629.000000,150.000000</point>
			</points>
		</object>
		<object>
			<coordinate>pixel</coordinate>
			<type>rectangle</type>
			<description>None</description>
			<possibleresult>
				<name>Van</name>
			</possibleresult>
			<points>
				<point>382.000000,100.000000</point>
				<point>379.000000,108.000000</point>
				<point>359.000000,102.000000</point>
				<point>362.000000,93.000000</point>
				<point>382.000000,100.000000</point>
			</points>
		</object>
		<object>
			<coordinate>pixel</coordinate>
			<type>rectangle</type>
			<description>None</description>
			<possibleresult>
				<name>Van</name>
			</possibleresult>
			<points>
				<point>291.000000,74.000000</point>
				<point>289.000000,80.000000</point>
				<point>270.000000,74.000000</point>
				<point>273.000000,68.000000</point>
				<point>291.000000,74.000000</point>
			</points>
		</object>
	</objects>
</annotation>