<?xml version="1.0" encoding="utf-8"?>
<annotation>
	<source>
		<filename>7730.tif</filename>
		<origin>GF2/GF3</origin>
	</source>
	<research>
		<version>1.0</version>
		<provider>FAIR1M</provider>
		<author>Cyber</author>
		<pluginname>FAIR1M</pluginname>
		<pluginclass>object detection</pluginclass>
		<time>2021-07-21</time>
	</research>
	<size>
		<width>1000</width>
		<height>1000</height>
		<depth>3</depth>
	</size>
	<objects>
		<object>
			<coordinate>pixel</coordinate>
			<type>rectangle</type>
			<description>None</description>
			<possibleresult>
				<name>Dry Cargo Ship</name>
			</possibleresult>
			<points>
				<point>136.000000,298.000000</point>
				<point>171.000000,226.000000</point>
				<point>157.000000,220.000000</point>
				<point>123.000000,292.000000</point>
				<point>136.000000,298.000000</point>
			</points>
		</object>
		<object>
			<coordinate>pixel</coordinate>
			<type>rectangle</type>
			<description>None</description>
			<possibleresult>
				<name>Motorboat</name>
			</possibleresult>
			<points>
				<point>972.000000,986.000000</point>
				<point>986.000000,1007.000000</point>
				<point>994.000000,1002.000000</point>
				<point>979.000000,981.000000</point>
				<point>972.000000,986.000000</point>
			</points>
		</object>
	</objects>
</annotation>