<?xml version="1.0" encoding="utf-8"?>
<annotation>
	<source>
		<filename>7732.tif</filename>
		<origin>GF2/GF3</origin>
	</source>
	<research>
		<version>1.0</version>
		<provider>FAIR1M</provider>
		<author>Cyber</author>
		<pluginname>FAIR1M</pluginname>
		<pluginclass>object detection</pluginclass>
		<time>2021-07-21</time>
	</research>
	<size>
		<width>1000</width>
		<height>1000</height>
		<depth>3</depth>
	</size>
	<objects>
		<object>
			<coordinate>pixel</coordinate>
			<type>rectangle</type>
			<description>None</description>
			<possibleresult>
				<name>Van</name>
			</possibleresult>
			<points>
				<point>584.000000,978.000000</point>
				<point>574.000000,992.000000</point>
				<point>567.000000,987.000000</point>
				<point>577.000000,973.000000</point>
				<point>584.000000,978.000000</point>
			</points>
		</object>
		<object>
			<coordinate>pixel</coordinate>
			<type>rectangle</type>
			<description>None</description>
			<possibleresult>
				<name>Small Car</name>
			</possibleresult>
			<points>
				<point>701.000000,954.000000</point>
				<point>688.000000,966.000000</point>
				<point>682.000000,960.000000</point>
				<point>696.000000,948.000000</point>
				<point>701.000000,954.000000</point>
			</points>
		</object>
		<object>
			<coordinate>pixel</coordinate>
			<type>rectangle</type>
			<description>None</description>
			<possibleresult>
				<name>Small Car</name>
			</possibleresult>
			<points>
				<point>712.000000,959.000000</point>
				<point>699.000000,972.000000</point>
				<point>692.000000,965.000000</point>
				<point>705.000000,952.000000</point>
				<point>712.000000,959.000000</point>
			</points>
		</object>
		<object>
			<coordinate>pixel</coordinate>
			<type>rectangle</type>
			<description>None</description>
			<possibleresult>
				<name>Small Car</name>
			</possibleresult>
			<points>
				<point>721.000000,965.000000</point>
				<point>709.000000,977.000000</point>
				<point>703.000000,971.000000</point>
				<point>715.000000,959.000000</point>
				<point>721.000000,965.000000</point>
			</points>
		</object>
		<object>
			<coordinate>pixel</coordinate>
			<type>rectangle</type>
			<description>None</description>
			<possibleresult>
				<name>Van</name>
			</possibleresult>
			<points>
				<point>756.000000,987.000000</point>
				<point>747.000000,998.000000</point>
				<point>742.000000,993.000000</point>
				<point>751.000000,983.000000</point>
				<point>756.000000,987.000000</point>
			</points>
		</object>
		<object>
			<coordinate>pixel</coordinate>
			<type>rectangle</type>
			<description>None</description>
			<possibleresult>
				<name>Van</name>
			</possibleresult>
			<points>
				<point>810.000000,930.000000</point>
				<point>801.000000,947.000000</point>
				<point>794.000000,943.000000</point>
				<point>802.000000,927.000000</point>
				<point>810.000000,930.000000</point>
			</points>
		</object>
		<object>
			<coordinate>pixel</coordinate>
			<type>rectangle</type>
			<description>None</description>
			<possibleresult>
				<name>Van</name>
			</possibleresult>
			<points>
				<point>772.000000,668.000000</point>
				<point>770.000000,679.000000</point>
				<point>763.000000,678.000000</point>
				<point>766.000000,667.000000</point>
				<point>772.000000,668.000000</point>
			</points>
		</object>
		<object>
			<coordinate>pixel</coordinate>
			<type>rectangle</type>
			<description>None</description>
			<possibleresult>
				<name>Small Car</name>
			</possibleresult>
			<points>
				<point>776.000000,651.000000</point>
				<point>774.000000,666.000000</point>
				<point>766.000000,665.000000</point>
				<point>768.000000,650.000000</point>
				<point>776.000000,651.000000</point>
			</points>
		</object>
		<object>
			<coordinate>pixel</coordinate>
			<type>rectangle</type>
			<description>None</description>
			<possibleresult>
				<name>Dump Truck</name>
			</possibleresult>
			<points>
				<point>764.000000,668.000000</point>
				<point>755.000000,672.000000</point>
				<point>747.000000,652.000000</point>
				<point>757.000000,649.000000</point>
				<point>764.000000,668.000000</point>
			</points>
		</object>
		<object>
			<coordinate>pixel</coordinate>
			<type>rectangle</type>
			<description>None</description>
			<possibleresult>
				<name>Small Car</name>
			</possibleresult>
			<points>
				<point>767.000000,631.000000</point>
				<point>761.000000,649.000000</point>
				<point>752.000000,647.000000</point>
				<point>757.000000,628.000000</point>
				<point>767.000000,631.000000</point>
			</points>
		</object>
		<object>
			<coordinate>pixel</coordinate>
			<type>rectangle</type>
			<description>None</description>
			<possibleresult>
				<name>Van</name>
			</possibleresult>
			<points>
				<point>780.000000,633.000000</point>
				<point>778.000000,650.000000</point>
				<point>770.000000,648.000000</point>
				<point>772.000000,632.000000</point>
				<point>780.000000,633.000000</point>
			</points>
		</object>
		<object>
			<coordinate>pixel</coordinate>
			<type>rectangle</type>
			<description>None</description>
			<possibleresult>
				<name>Small Car</name>
			</possibleresult>
			<points>
				<point>805.000000,636.000000</point>
				<point>783.000000,635.000000</point>
				<point>783.000000,629.000000</point>
				<point>805.000000,630.000000</point>
				<point>805.000000,636.000000</point>
			</points>
		</object>
		<object>
			<coordinate>pixel</coordinate>
			<type>rectangle</type>
			<description>None</description>
			<possibleresult>
				<name>Van</name>
			</possibleresult>
			<points>
				<point>805.000000,641.000000</point>
				<point>804.000000,648.000000</point>
				<point>781.000000,644.000000</point>
				<point>782.000000,637.000000</point>
				<point>805.000000,641.000000</point>
			</points>
		</object>
		<object>
			<coordinate>pixel</coordinate>
			<type>rectangle</type>
			<description>None</description>
			<possibleresult>
				<name>Van</name>
			</possibleresult>
			<points>
				<point>800.000000,648.000000</point>
				<point>799.000000,654.000000</point>
				<point>781.000000,651.000000</point>
				<point>782.000000,645.000000</point>
				<point>800.000000,648.000000</point>
			</points>
		</object>
		<object>
			<coordinate>pixel</coordinate>
			<type>rectangle</type>
			<description>None</description>
			<possibleresult>
				<name>Van</name>
			</possibleresult>
			<points>
				<point>799.000000,656.000000</point>
				<point>798.000000,662.000000</point>
				<point>779.000000,660.000000</point>
				<point>780.000000,653.000000</point>
				<point>799.000000,656.000000</point>
			</points>
		</object>
		<object>
			<coordinate>pixel</coordinate>
			<type>rectangle</type>
			<description>None</description>
			<possibleresult>
				<name>Small Car</name>
			</possibleresult>
			<points>
				<point>796.000000,664.000000</point>
				<point>795.000000,670.000000</point>
				<point>777.000000,666.000000</point>
				<point>778.000000,660.000000</point>
				<point>796.000000,664.000000</point>
			</points>
		</object>
		<object>
			<coordinate>pixel</coordinate>
			<type>rectangle</type>
			<description>None</description>
			<possibleresult>
				<name>Van</name>
			</possibleresult>
			<points>
				<point>796.000000,671.000000</point>
				<point>795.000000,679.000000</point>
				<point>774.000000,676.000000</point>
				<point>776.000000,668.000000</point>
				<point>796.000000,671.000000</point>
			</points>
		</object>
		<object>
			<coordinate>pixel</coordinate>
			<type>rectangle</type>
			<description>None</description>
			<possibleresult>
				<name>Small Car</name>
			</possibleresult>
			<points>
				<point>794.000000,680.000000</point>
				<point>793.000000,688.000000</point>
				<point>773.000000,685.000000</point>
				<point>774.000000,677.000000</point>
				<point>794.000000,680.000000</point>
			</points>
		</object>
		<object>
			<coordinate>pixel</coordinate>
			<type>rectangle</type>
			<description>None</description>
			<possibleresult>
				<name>Small Car</name>
			</possibleresult>
			<points>
				<point>792.000000,688.000000</point>
				<point>791.000000,695.000000</point>
				<point>773.000000,692.000000</point>
				<point>774.000000,685.000000</point>
				<point>792.000000,688.000000</point>
			</points>
		</object>
		<object>
			<coordinate>pixel</coordinate>
			<type>rectangle</type>
			<description>None</description>
			<possibleresult>
				<name>Van</name>
			</possibleresult>
			<points>
				<point>790.000000,696.000000</point>
				<point>789.000000,702.000000</point>
				<point>769.000000,699.000000</point>
				<point>771.000000,692.000000</point>
				<point>790.000000,696.000000</point>
			</points>
		</object>
		<object>
			<coordinate>pixel</coordinate>
			<type>rectangle</type>
			<description>None</description>
			<possibleresult>
				<name>Small Car</name>
			</possibleresult>
			<points>
				<point>787.000000,702.000000</point>
				<point>785.000000,708.000000</point>
				<point>770.000000,705.000000</point>
				<point>772.000000,699.000000</point>
				<point>787.000000,702.000000</point>
			</points>
		</object>
		<object>
			<coordinate>pixel</coordinate>
			<type>rectangle</type>
			<description>None</description>
			<possibleresult>
				<name>Small Car</name>
			</possibleresult>
			<points>
				<point>786.000000,710.000000</point>
				<point>785.000000,715.000000</point>
				<point>768.000000,711.000000</point>
				<point>770.000000,706.000000</point>
				<point>786.000000,710.000000</point>
			</points>
		</object>
		<object>
			<coordinate>pixel</coordinate>
			<type>rectangle</type>
			<description>None</description>
			<possibleresult>
				<name>Small Car</name>
			</possibleresult>
			<points>
				<point>786.000000,718.000000</point>
				<point>784.000000,725.000000</point>
				<point>767.000000,721.000000</point>
				<point>768.000000,715.000000</point>
				<point>786.000000,718.000000</point>
			</points>
		</object>
		<object>
			<coordinate>pixel</coordinate>
			<type>rectangle</type>
			<description>None</description>
			<possibleresult>
				<name>Van</name>
			</possibleresult>
			<points>
				<point>781.000000,752.000000</point>
				<point>763.000000,752.000000</point>
				<point>763.000000,745.000000</point>
				<point>781.000000,745.000000</point>
				<point>781.000000,752.000000</point>
			</points>
		</object>
		<object>
			<coordinate>pixel</coordinate>
			<type>rectangle</type>
			<description>None</description>
			<possibleresult>
				<name>Dump Truck</name>
			</possibleresult>
			<points>
				<point>739.000000,696.000000</point>
				<point>718.000000,693.000000</point>
				<point>719.000000,686.000000</point>
				<point>739.000000,688.000000</point>
				<point>739.000000,696.000000</point>
			</points>
		</object>
		<object>
			<coordinate>pixel</coordinate>
			<type>rectangle</type>
			<description>None</description>
			<possibleresult>
				<name>Small Car</name>
			</possibleresult>
			<points>
				<point>734.000000,695.000000</point>
				<point>733.000000,703.000000</point>
				<point>713.000000,701.000000</point>
				<point>713.000000,694.000000</point>
				<point>734.000000,695.000000</point>
			</points>
		</object>
		<object>
			<coordinate>pixel</coordinate>
			<type>rectangle</type>
			<description>None</description>
			<possibleresult>
				<name>Dump Truck</name>
			</possibleresult>
			<points>
				<point>735.000000,709.000000</point>
				<point>712.000000,709.000000</point>
				<point>712.000000,701.000000</point>
				<point>735.000000,702.000000</point>
				<point>735.000000,709.000000</point>
			</points>
		</object>
		<object>
			<coordinate>pixel</coordinate>
			<type>rectangle</type>
			<description>None</description>
			<possibleresult>
				<name>Dump Truck</name>
			</possibleresult>
			<points>
				<point>728.000000,710.000000</point>
				<point>727.000000,718.000000</point>
				<point>707.000000,716.000000</point>
				<point>708.000000,708.000000</point>
				<point>728.000000,710.000000</point>
			</points>
		</object>
		<object>
			<coordinate>pixel</coordinate>
			<type>rectangle</type>
			<description>None</description>
			<possibleresult>
				<name>Dump Truck</name>
			</possibleresult>
			<points>
				<point>727.000000,719.000000</point>
				<point>724.000000,740.000000</point>
				<point>715.000000,738.000000</point>
				<point>717.000000,718.000000</point>
				<point>727.000000,719.000000</point>
			</points>
		</object>
		<object>
			<coordinate>pixel</coordinate>
			<type>rectangle</type>
			<description>None</description>
			<possibleresult>
				<name>Van</name>
			</possibleresult>
			<points>
				<point>714.000000,719.000000</point>
				<point>711.000000,734.000000</point>
				<point>703.000000,732.000000</point>
				<point>706.000000,717.000000</point>
				<point>714.000000,719.000000</point>
			</points>
		</object>
		<object>
			<coordinate>pixel</coordinate>
			<type>rectangle</type>
			<description>None</description>
			<possibleresult>
				<name>Small Car</name>
			</possibleresult>
			<points>
				<point>703.000000,720.000000</point>
				<point>700.000000,737.000000</point>
				<point>692.000000,735.000000</point>
				<point>695.000000,719.000000</point>
				<point>703.000000,720.000000</point>
			</points>
		</object>
		<object>
			<coordinate>pixel</coordinate>
			<type>rectangle</type>
			<description>None</description>
			<possibleresult>
				<name>Van</name>
			</possibleresult>
			<points>
				<point>692.000000,719.000000</point>
				<point>689.000000,734.000000</point>
				<point>681.000000,732.000000</point>
				<point>684.000000,717.000000</point>
				<point>692.000000,719.000000</point>
			</points>
		</object>
		<object>
			<coordinate>pixel</coordinate>
			<type>rectangle</type>
			<description>None</description>
			<possibleresult>
				<name>Van</name>
			</possibleresult>
			<points>
				<point>663.000000,726.000000</point>
				<point>660.000000,742.000000</point>
				<point>652.000000,741.000000</point>
				<point>654.000000,725.000000</point>
				<point>663.000000,726.000000</point>
			</points>
		</object>
		<object>
			<coordinate>pixel</coordinate>
			<type>rectangle</type>
			<description>None</description>
			<possibleresult>
				<name>Small Car</name>
			</possibleresult>
			<points>
				<point>653.000000,728.000000</point>
				<point>650.000000,743.000000</point>
				<point>641.000000,741.000000</point>
				<point>644.000000,726.000000</point>
				<point>653.000000,728.000000</point>
			</points>
		</object>
		<object>
			<coordinate>pixel</coordinate>
			<type>rectangle</type>
			<description>None</description>
			<possibleresult>
				<name>Small Car</name>
			</possibleresult>
			<points>
				<point>587.000000,741.000000</point>
				<point>568.000000,740.000000</point>
				<point>569.000000,733.000000</point>
				<point>587.000000,734.000000</point>
				<point>587.000000,741.000000</point>
			</points>
		</object>
		<object>
			<coordinate>pixel</coordinate>
			<type>rectangle</type>
			<description>None</description>
			<possibleresult>
				<name>Van</name>
			</possibleresult>
			<points>
				<point>590.000000,528.000000</point>
				<point>584.000000,544.000000</point>
				<point>576.000000,542.000000</point>
				<point>582.000000,525.000000</point>
				<point>590.000000,528.000000</point>
			</points>
		</object>
		<object>
			<coordinate>pixel</coordinate>
			<type>rectangle</type>
			<description>None</description>
			<possibleresult>
				<name>Van</name>
			</possibleresult>
			<points>
				<point>564.000000,528.000000</point>
				<point>557.000000,547.000000</point>
				<point>547.000000,543.000000</point>
				<point>554.000000,524.000000</point>
				<point>564.000000,528.000000</point>
			</points>
		</object>
		<object>
			<coordinate>pixel</coordinate>
			<type>rectangle</type>
			<description>None</description>
			<possibleresult>
				<name>Dump Truck</name>
			</possibleresult>
			<points>
				<point>593.000000,592.000000</point>
				<point>591.000000,600.000000</point>
				<point>567.000000,593.000000</point>
				<point>569.000000,585.000000</point>
				<point>593.000000,592.000000</point>
			</points>
		</object>
		<object>
			<coordinate>pixel</coordinate>
			<type>rectangle</type>
			<description>None</description>
			<possibleresult>
				<name>Van</name>
			</possibleresult>
			<points>
				<point>595.000000,584.000000</point>
				<point>594.000000,590.000000</point>
				<point>577.000000,586.000000</point>
				<point>578.000000,580.000000</point>
				<point>595.000000,584.000000</point>
			</points>
		</object>
		<object>
			<coordinate>pixel</coordinate>
			<type>rectangle</type>
			<description>None</description>
			<possibleresult>
				<name>Van</name>
			</possibleresult>
			<points>
				<point>511.000000,594.000000</point>
				<point>508.000000,602.000000</point>
				<point>486.000000,593.000000</point>
				<point>490.000000,585.000000</point>
				<point>511.000000,594.000000</point>
			</points>
		</object>
		<object>
			<coordinate>pixel</coordinate>
			<type>rectangle</type>
			<description>None</description>
			<possibleresult>
				<name>Van</name>
			</possibleresult>
			<points>
				<point>493.000000,602.000000</point>
				<point>491.000000,610.000000</point>
				<point>471.000000,605.000000</point>
				<point>473.000000,598.000000</point>
				<point>493.000000,602.000000</point>
			</points>
		</object>
		<object>
			<coordinate>pixel</coordinate>
			<type>rectangle</type>
			<description>None</description>
			<possibleresult>
				<name>Van</name>
			</possibleresult>
			<points>
				<point>480.000000,626.000000</point>
				<point>478.000000,633.000000</point>
				<point>459.000000,628.000000</point>
				<point>461.000000,621.000000</point>
				<point>480.000000,626.000000</point>
			</points>
		</object>
		<object>
			<coordinate>pixel</coordinate>
			<type>rectangle</type>
			<description>None</description>
			<possibleresult>
				<name>Small Car</name>
			</possibleresult>
			<points>
				<point>567.000000,635.000000</point>
				<point>566.000000,642.000000</point>
				<point>544.000000,639.000000</point>
				<point>545.000000,631.000000</point>
				<point>567.000000,635.000000</point>
			</points>
		</object>
		<object>
			<coordinate>pixel</coordinate>
			<type>rectangle</type>
			<description>None</description>
			<possibleresult>
				<name>Van</name>
			</possibleresult>
			<points>
				<point>680.000000,891.000000</point>
				<point>673.000000,908.000000</point>
				<point>665.000000,904.000000</point>
				<point>672.000000,887.000000</point>
				<point>680.000000,891.000000</point>
			</points>
		</object>
		<object>
			<coordinate>pixel</coordinate>
			<type>rectangle</type>
			<description>None</description>
			<possibleresult>
				<name>Van</name>
			</possibleresult>
			<points>
				<point>810.000000,817.000000</point>
				<point>788.000000,819.000000</point>
				<point>787.000000,812.000000</point>
				<point>810.000000,810.000000</point>
				<point>810.000000,817.000000</point>
			</points>
		</object>
		<object>
			<coordinate>pixel</coordinate>
			<type>rectangle</type>
			<description>None</description>
			<possibleresult>
				<name>Van</name>
			</possibleresult>
			<points>
				<point>807.000000,782.000000</point>
				<point>784.000000,783.000000</point>
				<point>784.000000,776.000000</point>
				<point>807.000000,775.000000</point>
				<point>807.000000,782.000000</point>
			</points>
		</object>
		<object>
			<coordinate>pixel</coordinate>
			<type>rectangle</type>
			<description>None</description>
			<possibleresult>
				<name>Van</name>
			</possibleresult>
			<points>
				<point>810.000000,702.000000</point>
				<point>808.000000,721.000000</point>
				<point>800.000000,720.000000</point>
				<point>802.000000,701.000000</point>
				<point>810.000000,702.000000</point>
			</points>
		</object>
		<object>
			<coordinate>pixel</coordinate>
			<type>rectangle</type>
			<description>None</description>
			<possibleresult>
				<name>Dump Truck</name>
			</possibleresult>
			<points>
				<point>837.000000,710.000000</point>
				<point>835.000000,725.000000</point>
				<point>827.000000,724.000000</point>
				<point>829.000000,709.000000</point>
				<point>837.000000,710.000000</point>
			</points>
		</object>
		<object>
			<coordinate>pixel</coordinate>
			<type>rectangle</type>
			<description>None</description>
			<possibleresult>
				<name>Small Car</name>
			</possibleresult>
			<points>
				<point>848.000000,712.000000</point>
				<point>846.000000,725.000000</point>
				<point>839.000000,724.000000</point>
				<point>841.000000,711.000000</point>
				<point>848.000000,712.000000</point>
			</points>
		</object>
		<object>
			<coordinate>pixel</coordinate>
			<type>rectangle</type>
			<description>None</description>
			<possibleresult>
				<name>other-vehicle</name>
			</possibleresult>
			<points>
				<point>997.000000,858.000000</point>
				<point>996.000000,888.000000</point>
				<point>985.000000,887.000000</point>
				<point>987.000000,858.000000</point>
				<point>997.000000,858.000000</point>
			</points>
		</object>
		<object>
			<coordinate>pixel</coordinate>
			<type>rectangle</type>
			<description>None</description>
			<possibleresult>
				<name>Van</name>
			</possibleresult>
			<points>
				<point>990.000000,902.000000</point>
				<point>971.000000,909.000000</point>
				<point>968.000000,902.000000</point>
				<point>987.000000,894.000000</point>
				<point>990.000000,902.000000</point>
			</points>
		</object>
	</objects>
</annotation>