<?xml version="1.0" encoding="utf-8"?>
<annotation>
	<source>
		<filename>7737.tif</filename>
		<origin>GF2/GF3</origin>
	</source>
	<research>
		<version>1.0</version>
		<provider>FAIR1M</provider>
		<author>Cyber</author>
		<pluginname>FAIR1M</pluginname>
		<pluginclass>object detection</pluginclass>
		<time>2021-07-21</time>
	</research>
	<size>
		<width>800</width>
		<height>600</height>
		<depth>3</depth>
	</size>
	<objects>
		<object>
			<coordinate>pixel</coordinate>
			<type>rectangle</type>
			<description>None</description>
			<possibleresult>
				<name>Bridge</name>
			</possibleresult>
			<points>
				<point>796.000000,229.000000</point>
				<point>785.000000,242.000000</point>
				<point>720.000000,189.000000</point>
				<point>731.000000,176.000000</point>
				<point>796.000000,229.000000</point>
			</points>
		</object>
		<object>
			<coordinate>pixel</coordinate>
			<type>rectangle</type>
			<description>None</description>
			<possibleresult>
				<name>Bridge</name>
			</possibleresult>
			<points>
				<point>572.000000,434.000000</point>
				<point>548.000000,440.000000</point>
				<point>533.000000,378.000000</point>
				<point>557.000000,372.000000</point>
				<point>572.000000,434.000000</point>
			</points>
		</object>
	</objects>
</annotation>