<?xml version="1.0" encoding="utf-8"?>
<annotation>
	<source>
		<filename>7742.tif</filename>
		<origin>GF2/GF3</origin>
	</source>
	<research>
		<version>1.0</version>
		<provider>FAIR1M</provider>
		<author>Cyber</author>
		<pluginname>FAIR1M</pluginname>
		<pluginclass>object detection</pluginclass>
		<time>2021-07-21</time>
	</research>
	<size>
		<width>600</width>
		<height>800</height>
		<depth>3</depth>
	</size>
	<objects>
		<object>
			<coordinate>pixel</coordinate>
			<type>rectangle</type>
			<description>None</description>
			<possibleresult>
				<name>Dry Cargo Ship</name>
			</possibleresult>
			<points>
				<point>385.000000,556.000000</point>
				<point>379.000000,579.000000</point>
				<point>228.000000,542.000000</point>
				<point>233.000000,520.000000</point>
				<point>385.000000,556.000000</point>
			</points>
		</object>
		<object>
			<coordinate>pixel</coordinate>
			<type>rectangle</type>
			<description>None</description>
			<possibleresult>
				<name>Dry Cargo Ship</name>
			</possibleresult>
			<points>
				<point>501.000000,637.000000</point>
				<point>493.000000,679.000000</point>
				<point>242.000000,617.000000</point>
				<point>250.000000,577.000000</point>
				<point>501.000000,637.000000</point>
			</points>
		</object>
		<object>
			<coordinate>pixel</coordinate>
			<type>rectangle</type>
			<description>None</description>
			<possibleresult>
				<name>Bridge</name>
			</possibleresult>
			<points>
				<point>539.000000,651.000000</point>
				<point>529.000000,692.000000</point>
				<point>521.000000,688.000000</point>
				<point>528.000000,647.000000</point>
				<point>539.000000,651.000000</point>
			</points>
		</object>
		<object>
			<coordinate>pixel</coordinate>
			<type>rectangle</type>
			<description>None</description>
			<possibleresult>
				<name>Bridge</name>
			</possibleresult>
			<points>
				<point>206.000000,563.000000</point>
				<point>196.000000,605.000000</point>
				<point>180.000000,604.000000</point>
				<point>191.000000,561.000000</point>
				<point>206.000000,563.000000</point>
			</points>
		</object>
		<object>
			<coordinate>pixel</coordinate>
			<type>rectangle</type>
			<description>None</description>
			<possibleresult>
				<name>Bridge</name>
			</possibleresult>
			<points>
				<point>220.000000,510.000000</point>
				<point>214.000000,538.000000</point>
				<point>202.000000,537.000000</point>
				<point>209.000000,509.000000</point>
				<point>220.000000,510.000000</point>
			</points>
		</object>
		<object>
			<coordinate>pixel</coordinate>
			<type>rectangle</type>
			<description>None</description>
			<possibleresult>
				<name>Bridge</name>
			</possibleresult>
			<points>
				<point>438.000000,567.000000</point>
				<point>429.000000,597.000000</point>
				<point>418.000000,593.000000</point>
				<point>426.000000,563.000000</point>
				<point>438.000000,567.000000</point>
			</points>
		</object>
		<object>
			<coordinate>pixel</coordinate>
			<type>rectangle</type>
			<description>None</description>
			<possibleresult>
				<name>Bridge</name>
			</possibleresult>
			<points>
				<point>280.000000,745.000000</point>
				<point>273.000000,779.000000</point>
				<point>258.000000,775.000000</point>
				<point>269.000000,744.000000</point>
				<point>280.000000,745.000000</point>
			</points>
		</object>
	</objects>
</annotation>