<?xml version="1.0" encoding="utf-8"?>
<annotation>
	<source>
		<filename>7762.tif</filename>
		<origin>GF2/GF3</origin>
	</source>
	<research>
		<version>1.0</version>
		<provider>FAIR1M</provider>
		<author>Cyber</author>
		<pluginname>FAIR1M</pluginname>
		<pluginclass>object detection</pluginclass>
		<time>2021-07-21</time>
	</research>
	<size>
		<width>1000</width>
		<height>1000</height>
		<depth>3</depth>
	</size>
	<objects>
		<object>
			<coordinate>pixel</coordinate>
			<type>rectangle</type>
			<description>None</description>
			<possibleresult>
				<name>Engineering Ship</name>
			</possibleresult>
			<points>
				<point>248.000000,690.000000</point>
				<point>198.000000,691.000000</point>
				<point>198.000000,720.000000</point>
				<point>248.000000,720.000000</point>
				<point>248.000000,690.000000</point>
			</points>
		</object>
		<object>
			<coordinate>pixel</coordinate>
			<type>rectangle</type>
			<description>None</description>
			<possibleresult>
				<name>Dry Cargo Ship</name>
			</possibleresult>
			<points>
				<point>128.000000,690.000000</point>
				<point>409.000000,690.000000</point>
				<point>409.000000,650.000000</point>
				<point>128.000000,650.000000</point>
				<point>128.000000,690.000000</point>
			</points>
		</object>
		<object>
			<coordinate>pixel</coordinate>
			<type>rectangle</type>
			<description>None</description>
			<possibleresult>
				<name>Liquid Cargo Ship</name>
			</possibleresult>
			<points>
				<point>161.000000,483.000000</point>
				<point>448.000000,479.000000</point>
				<point>448.000000,440.000000</point>
				<point>161.000000,445.000000</point>
				<point>161.000000,483.000000</point>
			</points>
		</object>
		<object>
			<coordinate>pixel</coordinate>
			<type>rectangle</type>
			<description>None</description>
			<possibleresult>
				<name>Liquid Cargo Ship</name>
			</possibleresult>
			<points>
				<point>540.000000,729.000000</point>
				<point>626.000000,725.000000</point>
				<point>625.000000,715.000000</point>
				<point>538.000000,718.000000</point>
				<point>540.000000,729.000000</point>
			</points>
		</object>
		<object>
			<coordinate>pixel</coordinate>
			<type>rectangle</type>
			<description>None</description>
			<possibleresult>
				<name>Liquid Cargo Ship</name>
			</possibleresult>
			<points>
				<point>961.000000,441.000000</point>
				<point>803.000000,445.000000</point>
				<point>803.000000,461.000000</point>
				<point>961.000000,458.000000</point>
				<point>961.000000,441.000000</point>
			</points>
		</object>
		<object>
			<coordinate>pixel</coordinate>
			<type>rectangle</type>
			<description>None</description>
			<possibleresult>
				<name>Fishing Boat</name>
			</possibleresult>
			<points>
				<point>990.000000,886.000000</point>
				<point>992.000000,929.000000</point>
				<point>1001.000000,929.000000</point>
				<point>1000.000000,886.000000</point>
				<point>990.000000,886.000000</point>
			</points>
		</object>
	</objects>
</annotation>