<?xml version="1.0" encoding="utf-8"?>
<annotation>
	<source>
		<filename>7838.tif</filename>
		<origin>GF2/GF3</origin>
	</source>
	<research>
		<version>1.0</version>
		<provider>FAIR1M</provider>
		<author>Cyber</author>
		<pluginname>FAIR1M</pluginname>
		<pluginclass>object detection</pluginclass>
		<time>2021-07-21</time>
	</research>
	<size>
		<width>1000</width>
		<height>1000</height>
		<depth>3</depth>
	</size>
	<objects>
		<object>
			<coordinate>pixel</coordinate>
			<type>rectangle</type>
			<description>None</description>
			<possibleresult>
				<name>Small Car</name>
			</possibleresult>
			<points>
				<point>202.000000,921.000000</point>
				<point>189.000000,921.000000</point>
				<point>189.000000,904.000000</point>
				<point>202.000000,904.000000</point>
				<point>202.000000,921.000000</point>
			</points>
		</object>
		<object>
			<coordinate>pixel</coordinate>
			<type>rectangle</type>
			<description>None</description>
			<possibleresult>
				<name>Cargo Truck</name>
			</possibleresult>
			<points>
				<point>221.000000,818.000000</point>
				<point>217.000000,845.000000</point>
				<point>203.000000,843.000000</point>
				<point>206.000000,816.000000</point>
				<point>221.000000,818.000000</point>
			</points>
		</object>
		<object>
			<coordinate>pixel</coordinate>
			<type>rectangle</type>
			<description>None</description>
			<possibleresult>
				<name>Van</name>
			</possibleresult>
			<points>
				<point>207.000000,872.000000</point>
				<point>202.000000,896.000000</point>
				<point>187.000000,893.000000</point>
				<point>193.000000,869.000000</point>
				<point>207.000000,872.000000</point>
			</points>
		</object>
		<object>
			<coordinate>pixel</coordinate>
			<type>rectangle</type>
			<description>None</description>
			<possibleresult>
				<name>Small Car</name>
			</possibleresult>
			<points>
				<point>118.000000,871.000000</point>
				<point>111.000000,887.000000</point>
				<point>102.000000,883.000000</point>
				<point>109.000000,868.000000</point>
				<point>118.000000,871.000000</point>
			</points>
		</object>
		<object>
			<coordinate>pixel</coordinate>
			<type>rectangle</type>
			<description>None</description>
			<possibleresult>
				<name>Small Car</name>
			</possibleresult>
			<points>
				<point>221.000000,787.000000</point>
				<point>220.000000,805.000000</point>
				<point>208.000000,804.000000</point>
				<point>209.000000,787.000000</point>
				<point>221.000000,787.000000</point>
			</points>
		</object>
		<object>
			<coordinate>pixel</coordinate>
			<type>rectangle</type>
			<description>None</description>
			<possibleresult>
				<name>Van</name>
			</possibleresult>
			<points>
				<point>178.000000,753.000000</point>
				<point>170.000000,770.000000</point>
				<point>160.000000,765.000000</point>
				<point>168.000000,749.000000</point>
				<point>178.000000,753.000000</point>
			</points>
		</object>
		<object>
			<coordinate>pixel</coordinate>
			<type>rectangle</type>
			<description>None</description>
			<possibleresult>
				<name>Small Car</name>
			</possibleresult>
			<points>
				<point>190.000000,722.000000</point>
				<point>184.000000,739.000000</point>
				<point>175.000000,735.000000</point>
				<point>181.000000,719.000000</point>
				<point>190.000000,722.000000</point>
			</points>
		</object>
		<object>
			<coordinate>pixel</coordinate>
			<type>rectangle</type>
			<description>None</description>
			<possibleresult>
				<name>Van</name>
			</possibleresult>
			<points>
				<point>368.000000,763.000000</point>
				<point>367.000000,784.000000</point>
				<point>353.000000,783.000000</point>
				<point>354.000000,762.000000</point>
				<point>368.000000,763.000000</point>
			</points>
		</object>
		<object>
			<coordinate>pixel</coordinate>
			<type>rectangle</type>
			<description>None</description>
			<possibleresult>
				<name>Small Car</name>
			</possibleresult>
			<points>
				<point>316.000000,765.000000</point>
				<point>315.000000,782.000000</point>
				<point>302.000000,782.000000</point>
				<point>303.000000,765.000000</point>
				<point>316.000000,765.000000</point>
			</points>
		</object>
		<object>
			<coordinate>pixel</coordinate>
			<type>rectangle</type>
			<description>None</description>
			<possibleresult>
				<name>Small Car</name>
			</possibleresult>
			<points>
				<point>265.000000,766.000000</point>
				<point>263.000000,784.000000</point>
				<point>251.000000,783.000000</point>
				<point>253.000000,765.000000</point>
				<point>265.000000,766.000000</point>
			</points>
		</object>
		<object>
			<coordinate>pixel</coordinate>
			<type>rectangle</type>
			<description>None</description>
			<possibleresult>
				<name>Small Car</name>
			</possibleresult>
			<points>
				<point>285.000000,722.000000</point>
				<point>283.000000,740.000000</point>
				<point>273.000000,739.000000</point>
				<point>275.000000,721.000000</point>
				<point>285.000000,722.000000</point>
			</points>
		</object>
		<object>
			<coordinate>pixel</coordinate>
			<type>rectangle</type>
			<description>None</description>
			<possibleresult>
				<name>Dump Truck</name>
			</possibleresult>
			<points>
				<point>300.000000,722.000000</point>
				<point>297.000000,743.000000</point>
				<point>284.000000,741.000000</point>
				<point>287.000000,720.000000</point>
				<point>300.000000,722.000000</point>
			</points>
		</object>
		<object>
			<coordinate>pixel</coordinate>
			<type>rectangle</type>
			<description>None</description>
			<possibleresult>
				<name>Van</name>
			</possibleresult>
			<points>
				<point>329.000000,723.000000</point>
				<point>328.000000,741.000000</point>
				<point>315.000000,741.000000</point>
				<point>316.000000,722.000000</point>
				<point>329.000000,723.000000</point>
			</points>
		</object>
		<object>
			<coordinate>pixel</coordinate>
			<type>rectangle</type>
			<description>None</description>
			<possibleresult>
				<name>Small Car</name>
			</possibleresult>
			<points>
				<point>314.000000,721.000000</point>
				<point>312.000000,738.000000</point>
				<point>301.000000,737.000000</point>
				<point>302.000000,720.000000</point>
				<point>314.000000,721.000000</point>
			</points>
		</object>
		<object>
			<coordinate>pixel</coordinate>
			<type>rectangle</type>
			<description>None</description>
			<possibleresult>
				<name>Van</name>
			</possibleresult>
			<points>
				<point>229.000000,537.000000</point>
				<point>225.000000,555.000000</point>
				<point>212.000000,552.000000</point>
				<point>216.000000,534.000000</point>
				<point>229.000000,537.000000</point>
			</points>
		</object>
		<object>
			<coordinate>pixel</coordinate>
			<type>rectangle</type>
			<description>None</description>
			<possibleresult>
				<name>Van</name>
			</possibleresult>
			<points>
				<point>246.000000,392.000000</point>
				<point>217.000000,392.000000</point>
				<point>218.000000,384.000000</point>
				<point>246.000000,385.000000</point>
				<point>246.000000,392.000000</point>
			</points>
		</object>
		<object>
			<coordinate>pixel</coordinate>
			<type>rectangle</type>
			<description>None</description>
			<possibleresult>
				<name>Small Car</name>
			</possibleresult>
			<points>
				<point>172.000000,393.000000</point>
				<point>148.000000,392.000000</point>
				<point>148.000000,385.000000</point>
				<point>172.000000,386.000000</point>
				<point>172.000000,393.000000</point>
			</points>
		</object>
		<object>
			<coordinate>pixel</coordinate>
			<type>rectangle</type>
			<description>None</description>
			<possibleresult>
				<name>Van</name>
			</possibleresult>
			<points>
				<point>79.000000,386.000000</point>
				<point>46.000000,384.000000</point>
				<point>47.000000,373.000000</point>
				<point>79.000000,375.000000</point>
				<point>79.000000,386.000000</point>
			</points>
		</object>
		<object>
			<coordinate>pixel</coordinate>
			<type>rectangle</type>
			<description>None</description>
			<possibleresult>
				<name>Van</name>
			</possibleresult>
			<points>
				<point>224.000000,312.000000</point>
				<point>202.000000,311.000000</point>
				<point>202.000000,303.000000</point>
				<point>224.000000,303.000000</point>
				<point>224.000000,312.000000</point>
			</points>
		</object>
		<object>
			<coordinate>pixel</coordinate>
			<type>rectangle</type>
			<description>None</description>
			<possibleresult>
				<name>Small Car</name>
			</possibleresult>
			<points>
				<point>225.000000,302.000000</point>
				<point>198.000000,301.000000</point>
				<point>199.000000,292.000000</point>
				<point>225.000000,293.000000</point>
				<point>225.000000,302.000000</point>
			</points>
		</object>
		<object>
			<coordinate>pixel</coordinate>
			<type>rectangle</type>
			<description>None</description>
			<possibleresult>
				<name>Small Car</name>
			</possibleresult>
			<points>
				<point>312.000000,223.000000</point>
				<point>311.000000,242.000000</point>
				<point>299.000000,241.000000</point>
				<point>299.000000,222.000000</point>
				<point>312.000000,223.000000</point>
			</points>
		</object>
		<object>
			<coordinate>pixel</coordinate>
			<type>rectangle</type>
			<description>None</description>
			<possibleresult>
				<name>Van</name>
			</possibleresult>
			<points>
				<point>381.000000,330.000000</point>
				<point>380.000000,338.000000</point>
				<point>357.000000,335.000000</point>
				<point>358.000000,327.000000</point>
				<point>381.000000,330.000000</point>
			</points>
		</object>
		<object>
			<coordinate>pixel</coordinate>
			<type>rectangle</type>
			<description>None</description>
			<possibleresult>
				<name>Van</name>
			</possibleresult>
			<points>
				<point>378.000000,363.000000</point>
				<point>356.000000,362.000000</point>
				<point>357.000000,355.000000</point>
				<point>378.000000,356.000000</point>
				<point>378.000000,363.000000</point>
			</points>
		</object>
		<object>
			<coordinate>pixel</coordinate>
			<type>rectangle</type>
			<description>None</description>
			<possibleresult>
				<name>Van</name>
			</possibleresult>
			<points>
				<point>380.000000,354.000000</point>
				<point>357.000000,353.000000</point>
				<point>357.000000,345.000000</point>
				<point>380.000000,347.000000</point>
				<point>380.000000,354.000000</point>
			</points>
		</object>
		<object>
			<coordinate>pixel</coordinate>
			<type>rectangle</type>
			<description>None</description>
			<possibleresult>
				<name>Small Car</name>
			</possibleresult>
			<points>
				<point>385.000000,340.000000</point>
				<point>384.000000,346.000000</point>
				<point>361.000000,343.000000</point>
				<point>362.000000,337.000000</point>
				<point>385.000000,340.000000</point>
			</points>
		</object>
		<object>
			<coordinate>pixel</coordinate>
			<type>rectangle</type>
			<description>None</description>
			<possibleresult>
				<name>Van</name>
			</possibleresult>
			<points>
				<point>437.000000,371.000000</point>
				<point>436.000000,378.000000</point>
				<point>413.000000,377.000000</point>
				<point>414.000000,369.000000</point>
				<point>437.000000,371.000000</point>
			</points>
		</object>
		<object>
			<coordinate>pixel</coordinate>
			<type>rectangle</type>
			<description>None</description>
			<possibleresult>
				<name>Van</name>
			</possibleresult>
			<points>
				<point>436.000000,369.000000</point>
				<point>412.000000,367.000000</point>
				<point>412.000000,359.000000</point>
				<point>436.000000,361.000000</point>
				<point>436.000000,369.000000</point>
			</points>
		</object>
		<object>
			<coordinate>pixel</coordinate>
			<type>rectangle</type>
			<description>None</description>
			<possibleresult>
				<name>Small Car</name>
			</possibleresult>
			<points>
				<point>436.000000,353.000000</point>
				<point>435.000000,359.000000</point>
				<point>411.000000,357.000000</point>
				<point>412.000000,351.000000</point>
				<point>436.000000,353.000000</point>
			</points>
		</object>
		<object>
			<coordinate>pixel</coordinate>
			<type>rectangle</type>
			<description>None</description>
			<possibleresult>
				<name>Small Car</name>
			</possibleresult>
			<points>
				<point>435.000000,351.000000</point>
				<point>412.000000,349.000000</point>
				<point>413.000000,341.000000</point>
				<point>435.000000,343.000000</point>
				<point>435.000000,351.000000</point>
			</points>
		</object>
		<object>
			<coordinate>pixel</coordinate>
			<type>rectangle</type>
			<description>None</description>
			<possibleresult>
				<name>Small Car</name>
			</possibleresult>
			<points>
				<point>431.000000,332.000000</point>
				<point>430.000000,340.000000</point>
				<point>415.000000,339.000000</point>
				<point>415.000000,332.000000</point>
				<point>431.000000,332.000000</point>
			</points>
		</object>
		<object>
			<coordinate>pixel</coordinate>
			<type>rectangle</type>
			<description>None</description>
			<possibleresult>
				<name>Small Car</name>
			</possibleresult>
			<points>
				<point>484.000000,416.000000</point>
				<point>454.000000,415.000000</point>
				<point>454.000000,408.000000</point>
				<point>484.000000,408.000000</point>
				<point>484.000000,416.000000</point>
			</points>
		</object>
		<object>
			<coordinate>pixel</coordinate>
			<type>rectangle</type>
			<description>None</description>
			<possibleresult>
				<name>Van</name>
			</possibleresult>
			<points>
				<point>549.000000,339.000000</point>
				<point>548.000000,354.000000</point>
				<point>537.000000,353.000000</point>
				<point>538.000000,338.000000</point>
				<point>549.000000,339.000000</point>
			</points>
		</object>
		<object>
			<coordinate>pixel</coordinate>
			<type>rectangle</type>
			<description>None</description>
			<possibleresult>
				<name>Small Car</name>
			</possibleresult>
			<points>
				<point>531.000000,971.000000</point>
				<point>520.000000,971.000000</point>
				<point>519.000000,956.000000</point>
				<point>530.000000,955.000000</point>
				<point>531.000000,971.000000</point>
			</points>
		</object>
		<object>
			<coordinate>pixel</coordinate>
			<type>rectangle</type>
			<description>None</description>
			<possibleresult>
				<name>Small Car</name>
			</possibleresult>
			<points>
				<point>496.000000,931.000000</point>
				<point>495.000000,945.000000</point>
				<point>487.000000,945.000000</point>
				<point>488.000000,931.000000</point>
				<point>496.000000,931.000000</point>
			</points>
		</object>
		<object>
			<coordinate>pixel</coordinate>
			<type>rectangle</type>
			<description>None</description>
			<possibleresult>
				<name>Small Car</name>
			</possibleresult>
			<points>
				<point>554.000000,814.000000</point>
				<point>552.000000,831.000000</point>
				<point>541.000000,830.000000</point>
				<point>543.000000,813.000000</point>
				<point>554.000000,814.000000</point>
			</points>
		</object>
		<object>
			<coordinate>pixel</coordinate>
			<type>rectangle</type>
			<description>None</description>
			<possibleresult>
				<name>Small Car</name>
			</possibleresult>
			<points>
				<point>524.000000,763.000000</point>
				<point>516.000000,763.000000</point>
				<point>516.000000,752.000000</point>
				<point>524.000000,752.000000</point>
				<point>524.000000,763.000000</point>
			</points>
		</object>
		<object>
			<coordinate>pixel</coordinate>
			<type>rectangle</type>
			<description>None</description>
			<possibleresult>
				<name>Dump Truck</name>
			</possibleresult>
			<points>
				<point>550.000000,588.000000</point>
				<point>549.000000,611.000000</point>
				<point>538.000000,611.000000</point>
				<point>538.000000,588.000000</point>
				<point>550.000000,588.000000</point>
			</points>
		</object>
		<object>
			<coordinate>pixel</coordinate>
			<type>rectangle</type>
			<description>None</description>
			<possibleresult>
				<name>Small Car</name>
			</possibleresult>
			<points>
				<point>561.000000,527.000000</point>
				<point>559.000000,544.000000</point>
				<point>549.000000,542.000000</point>
				<point>551.000000,525.000000</point>
				<point>561.000000,527.000000</point>
			</points>
		</object>
		<object>
			<coordinate>pixel</coordinate>
			<type>rectangle</type>
			<description>None</description>
			<possibleresult>
				<name>Van</name>
			</possibleresult>
			<points>
				<point>567.000000,489.000000</point>
				<point>565.000000,505.000000</point>
				<point>558.000000,504.000000</point>
				<point>559.000000,488.000000</point>
				<point>567.000000,489.000000</point>
			</points>
		</object>
		<object>
			<coordinate>pixel</coordinate>
			<type>rectangle</type>
			<description>None</description>
			<possibleresult>
				<name>Van</name>
			</possibleresult>
			<points>
				<point>571.000000,469.000000</point>
				<point>569.000000,485.000000</point>
				<point>561.000000,484.000000</point>
				<point>562.000000,468.000000</point>
				<point>571.000000,469.000000</point>
			</points>
		</object>
		<object>
			<coordinate>pixel</coordinate>
			<type>rectangle</type>
			<description>None</description>
			<possibleresult>
				<name>Van</name>
			</possibleresult>
			<points>
				<point>403.000000,858.000000</point>
				<point>375.000000,857.000000</point>
				<point>375.000000,848.000000</point>
				<point>403.000000,848.000000</point>
				<point>403.000000,858.000000</point>
			</points>
		</object>
		<object>
			<coordinate>pixel</coordinate>
			<type>rectangle</type>
			<description>None</description>
			<possibleresult>
				<name>Small Car</name>
			</possibleresult>
			<points>
				<point>407.000000,840.000000</point>
				<point>406.000000,847.000000</point>
				<point>379.000000,845.000000</point>
				<point>379.000000,838.000000</point>
				<point>407.000000,840.000000</point>
			</points>
		</object>
		<object>
			<coordinate>pixel</coordinate>
			<type>rectangle</type>
			<description>None</description>
			<possibleresult>
				<name>other-vehicle</name>
			</possibleresult>
			<points>
				<point>486.000000,841.000000</point>
				<point>459.000000,840.000000</point>
				<point>459.000000,832.000000</point>
				<point>486.000000,833.000000</point>
				<point>486.000000,841.000000</point>
			</points>
		</object>
		<object>
			<coordinate>pixel</coordinate>
			<type>rectangle</type>
			<description>None</description>
			<possibleresult>
				<name>Intersection</name>
			</possibleresult>
			<points>
				<point>296.000000,374.000000</point>
				<point>292.000000,410.000000</point>
				<point>234.000000,404.000000</point>
				<point>238.000000,368.000000</point>
				<point>296.000000,374.000000</point>
			</points>
		</object>
		<object>
			<coordinate>pixel</coordinate>
			<type>rectangle</type>
			<description>None</description>
			<possibleresult>
				<name>Small Car</name>
			</possibleresult>
			<points>
				<point>646.000000,284.000000</point>
				<point>643.000000,301.000000</point>
				<point>630.000000,300.000000</point>
				<point>633.000000,282.000000</point>
				<point>646.000000,284.000000</point>
			</points>
		</object>
		<object>
			<coordinate>pixel</coordinate>
			<type>rectangle</type>
			<description>None</description>
			<possibleresult>
				<name>Small Car</name>
			</possibleresult>
			<points>
				<point>649.000000,262.000000</point>
				<point>647.000000,278.000000</point>
				<point>635.000000,277.000000</point>
				<point>638.000000,260.000000</point>
				<point>649.000000,262.000000</point>
			</points>
		</object>
		<object>
			<coordinate>pixel</coordinate>
			<type>rectangle</type>
			<description>None</description>
			<possibleresult>
				<name>Van</name>
			</possibleresult>
			<points>
				<point>613.000000,216.000000</point>
				<point>611.000000,236.000000</point>
				<point>599.000000,235.000000</point>
				<point>600.000000,216.000000</point>
				<point>613.000000,216.000000</point>
			</points>
		</object>
		<object>
			<coordinate>pixel</coordinate>
			<type>rectangle</type>
			<description>None</description>
			<possibleresult>
				<name>Small Car</name>
			</possibleresult>
			<points>
				<point>598.000000,267.000000</point>
				<point>597.000000,283.000000</point>
				<point>587.000000,283.000000</point>
				<point>588.000000,266.000000</point>
				<point>598.000000,267.000000</point>
			</points>
		</object>
		<object>
			<coordinate>pixel</coordinate>
			<type>rectangle</type>
			<description>None</description>
			<possibleresult>
				<name>Small Car</name>
			</possibleresult>
			<points>
				<point>616.000000,182.000000</point>
				<point>614.000000,199.000000</point>
				<point>604.000000,198.000000</point>
				<point>606.000000,180.000000</point>
				<point>616.000000,182.000000</point>
			</points>
		</object>
		<object>
			<coordinate>pixel</coordinate>
			<type>rectangle</type>
			<description>None</description>
			<possibleresult>
				<name>Small Car</name>
			</possibleresult>
			<points>
				<point>658.000000,176.000000</point>
				<point>656.000000,193.000000</point>
				<point>648.000000,192.000000</point>
				<point>649.000000,175.000000</point>
				<point>658.000000,176.000000</point>
			</points>
		</object>
		<object>
			<coordinate>pixel</coordinate>
			<type>rectangle</type>
			<description>None</description>
			<possibleresult>
				<name>Dump Truck</name>
			</possibleresult>
			<points>
				<point>538.000000,125.000000</point>
				<point>525.000000,128.000000</point>
				<point>521.000000,106.000000</point>
				<point>535.000000,104.000000</point>
				<point>538.000000,125.000000</point>
			</points>
		</object>
		<object>
			<coordinate>pixel</coordinate>
			<type>rectangle</type>
			<description>None</description>
			<possibleresult>
				<name>Small Car</name>
			</possibleresult>
			<points>
				<point>560.000000,111.000000</point>
				<point>549.000000,111.000000</point>
				<point>548.000000,94.000000</point>
				<point>559.000000,93.000000</point>
				<point>560.000000,111.000000</point>
			</points>
		</object>
		<object>
			<coordinate>pixel</coordinate>
			<type>rectangle</type>
			<description>None</description>
			<possibleresult>
				<name>Van</name>
			</possibleresult>
			<points>
				<point>508.000000,142.000000</point>
				<point>507.000000,150.000000</point>
				<point>489.000000,149.000000</point>
				<point>489.000000,141.000000</point>
				<point>508.000000,142.000000</point>
			</points>
		</object>
		<object>
			<coordinate>pixel</coordinate>
			<type>rectangle</type>
			<description>None</description>
			<possibleresult>
				<name>Small Car</name>
			</possibleresult>
			<points>
				<point>579.000000,94.000000</point>
				<point>578.000000,110.000000</point>
				<point>565.000000,110.000000</point>
				<point>566.000000,93.000000</point>
				<point>579.000000,94.000000</point>
			</points>
		</object>
		<object>
			<coordinate>pixel</coordinate>
			<type>rectangle</type>
			<description>None</description>
			<possibleresult>
				<name>Small Car</name>
			</possibleresult>
			<points>
				<point>672.000000,133.000000</point>
				<point>663.000000,133.000000</point>
				<point>663.000000,117.000000</point>
				<point>671.000000,117.000000</point>
				<point>672.000000,133.000000</point>
			</points>
		</object>
		<object>
			<coordinate>pixel</coordinate>
			<type>rectangle</type>
			<description>None</description>
			<possibleresult>
				<name>Small Car</name>
			</possibleresult>
			<points>
				<point>675.000000,97.000000</point>
				<point>674.000000,112.000000</point>
				<point>664.000000,112.000000</point>
				<point>664.000000,96.000000</point>
				<point>675.000000,97.000000</point>
			</points>
		</object>
		<object>
			<coordinate>pixel</coordinate>
			<type>rectangle</type>
			<description>None</description>
			<possibleresult>
				<name>Van</name>
			</possibleresult>
			<points>
				<point>310.000000,116.000000</point>
				<point>309.000000,132.000000</point>
				<point>299.000000,131.000000</point>
				<point>300.000000,116.000000</point>
				<point>310.000000,116.000000</point>
			</points>
		</object>
		<object>
			<coordinate>pixel</coordinate>
			<type>rectangle</type>
			<description>None</description>
			<possibleresult>
				<name>Small Car</name>
			</possibleresult>
			<points>
				<point>310.000000,112.000000</point>
				<point>300.000000,112.000000</point>
				<point>299.000000,97.000000</point>
				<point>309.000000,96.000000</point>
				<point>310.000000,112.000000</point>
			</points>
		</object>
		<object>
			<coordinate>pixel</coordinate>
			<type>rectangle</type>
			<description>None</description>
			<possibleresult>
				<name>Small Car</name>
			</possibleresult>
			<points>
				<point>293.000000,89.000000</point>
				<point>282.000000,90.000000</point>
				<point>281.000000,75.000000</point>
				<point>292.000000,74.000000</point>
				<point>293.000000,89.000000</point>
			</points>
		</object>
		<object>
			<coordinate>pixel</coordinate>
			<type>rectangle</type>
			<description>None</description>
			<possibleresult>
				<name>Small Car</name>
			</possibleresult>
			<points>
				<point>311.000000,71.000000</point>
				<point>299.000000,72.000000</point>
				<point>297.000000,51.000000</point>
				<point>309.000000,50.000000</point>
				<point>311.000000,71.000000</point>
			</points>
		</object>
		<object>
			<coordinate>pixel</coordinate>
			<type>rectangle</type>
			<description>None</description>
			<possibleresult>
				<name>Van</name>
			</possibleresult>
			<points>
				<point>260.000000,50.000000</point>
				<point>249.000000,51.000000</point>
				<point>248.000000,35.000000</point>
				<point>259.000000,34.000000</point>
				<point>260.000000,50.000000</point>
			</points>
		</object>
		<object>
			<coordinate>pixel</coordinate>
			<type>rectangle</type>
			<description>None</description>
			<possibleresult>
				<name>Small Car</name>
			</possibleresult>
			<points>
				<point>68.000000,107.000000</point>
				<point>65.000000,126.000000</point>
				<point>54.000000,124.000000</point>
				<point>57.000000,105.000000</point>
				<point>68.000000,107.000000</point>
			</points>
		</object>
		<object>
			<coordinate>pixel</coordinate>
			<type>rectangle</type>
			<description>None</description>
			<possibleresult>
				<name>Van</name>
			</possibleresult>
			<points>
				<point>56.000000,95.000000</point>
				<point>34.000000,93.000000</point>
				<point>35.000000,86.000000</point>
				<point>56.000000,88.000000</point>
				<point>56.000000,95.000000</point>
			</points>
		</object>
		<object>
			<coordinate>pixel</coordinate>
			<type>rectangle</type>
			<description>None</description>
			<possibleresult>
				<name>Small Car</name>
			</possibleresult>
			<points>
				<point>27.000000,91.000000</point>
				<point>4.000000,90.000000</point>
				<point>5.000000,84.000000</point>
				<point>27.000000,86.000000</point>
				<point>27.000000,91.000000</point>
			</points>
		</object>
		<object>
			<coordinate>pixel</coordinate>
			<type>rectangle</type>
			<description>None</description>
			<possibleresult>
				<name>Van</name>
			</possibleresult>
			<points>
				<point>233.000000,204.000000</point>
				<point>232.000000,222.000000</point>
				<point>220.000000,222.000000</point>
				<point>221.000000,204.000000</point>
				<point>233.000000,204.000000</point>
			</points>
		</object>
		<object>
			<coordinate>pixel</coordinate>
			<type>rectangle</type>
			<description>None</description>
			<possibleresult>
				<name>Small Car</name>
			</possibleresult>
			<points>
				<point>141.000000,96.000000</point>
				<point>140.000000,103.000000</point>
				<point>117.000000,102.000000</point>
				<point>118.000000,94.000000</point>
				<point>141.000000,96.000000</point>
			</points>
		</object>
		<object>
			<coordinate>pixel</coordinate>
			<type>rectangle</type>
			<description>None</description>
			<possibleresult>
				<name>Dump Truck</name>
			</possibleresult>
			<points>
				<point>195.000000,108.000000</point>
				<point>170.000000,107.000000</point>
				<point>170.000000,99.000000</point>
				<point>195.000000,100.000000</point>
				<point>195.000000,108.000000</point>
			</points>
		</object>
		<object>
			<coordinate>pixel</coordinate>
			<type>rectangle</type>
			<description>None</description>
			<possibleresult>
				<name>Small Car</name>
			</possibleresult>
			<points>
				<point>168.000000,97.000000</point>
				<point>167.000000,104.000000</point>
				<point>147.000000,103.000000</point>
				<point>147.000000,96.000000</point>
				<point>168.000000,97.000000</point>
			</points>
		</object>
		<object>
			<coordinate>pixel</coordinate>
			<type>rectangle</type>
			<description>None</description>
			<possibleresult>
				<name>Small Car</name>
			</possibleresult>
			<points>
				<point>182.000000,65.000000</point>
				<point>177.000000,71.000000</point>
				<point>162.000000,58.000000</point>
				<point>167.000000,52.000000</point>
				<point>182.000000,65.000000</point>
			</points>
		</object>
		<object>
			<coordinate>pixel</coordinate>
			<type>rectangle</type>
			<description>None</description>
			<possibleresult>
				<name>Van</name>
			</possibleresult>
			<points>
				<point>194.000000,64.000000</point>
				<point>186.000000,69.000000</point>
				<point>173.000000,53.000000</point>
				<point>181.000000,47.000000</point>
				<point>194.000000,64.000000</point>
			</points>
		</object>
		<object>
			<coordinate>pixel</coordinate>
			<type>rectangle</type>
			<description>None</description>
			<possibleresult>
				<name>Small Car</name>
			</possibleresult>
			<points>
				<point>220.000000,57.000000</point>
				<point>214.000000,74.000000</point>
				<point>205.000000,71.000000</point>
				<point>211.000000,54.000000</point>
				<point>220.000000,57.000000</point>
			</points>
		</object>
		<object>
			<coordinate>pixel</coordinate>
			<type>rectangle</type>
			<description>None</description>
			<possibleresult>
				<name>Small Car</name>
			</possibleresult>
			<points>
				<point>207.000000,58.000000</point>
				<point>205.000000,71.000000</point>
				<point>195.000000,70.000000</point>
				<point>196.000000,57.000000</point>
				<point>207.000000,58.000000</point>
			</points>
		</object>
		<object>
			<coordinate>pixel</coordinate>
			<type>rectangle</type>
			<description>None</description>
			<possibleresult>
				<name>Van</name>
			</possibleresult>
			<points>
				<point>235.000000,46.000000</point>
				<point>212.000000,47.000000</point>
				<point>212.000000,39.000000</point>
				<point>235.000000,39.000000</point>
				<point>235.000000,46.000000</point>
			</points>
		</object>
		<object>
			<coordinate>pixel</coordinate>
			<type>rectangle</type>
			<description>None</description>
			<possibleresult>
				<name>Small Car</name>
			</possibleresult>
			<points>
				<point>238.000000,37.000000</point>
				<point>213.000000,39.000000</point>
				<point>213.000000,32.000000</point>
				<point>238.000000,31.000000</point>
				<point>238.000000,37.000000</point>
			</points>
		</object>
		<object>
			<coordinate>pixel</coordinate>
			<type>rectangle</type>
			<description>None</description>
			<possibleresult>
				<name>Small Car</name>
			</possibleresult>
			<points>
				<point>238.000000,69.000000</point>
				<point>218.000000,71.000000</point>
				<point>217.000000,64.000000</point>
				<point>237.000000,62.000000</point>
				<point>238.000000,69.000000</point>
			</points>
		</object>
		<object>
			<coordinate>pixel</coordinate>
			<type>rectangle</type>
			<description>None</description>
			<possibleresult>
				<name>Small Car</name>
			</possibleresult>
			<points>
				<point>237.000000,62.000000</point>
				<point>219.000000,62.000000</point>
				<point>219.000000,55.000000</point>
				<point>237.000000,54.000000</point>
				<point>237.000000,62.000000</point>
			</points>
		</object>
		<object>
			<coordinate>pixel</coordinate>
			<type>rectangle</type>
			<description>None</description>
			<possibleresult>
				<name>Van</name>
			</possibleresult>
			<points>
				<point>238.000000,54.000000</point>
				<point>213.000000,53.000000</point>
				<point>213.000000,47.000000</point>
				<point>238.000000,48.000000</point>
				<point>238.000000,54.000000</point>
			</points>
		</object>
		<object>
			<coordinate>pixel</coordinate>
			<type>rectangle</type>
			<description>None</description>
			<possibleresult>
				<name>Small Car</name>
			</possibleresult>
			<points>
				<point>235.000000,27.000000</point>
				<point>216.000000,32.000000</point>
				<point>215.000000,26.000000</point>
				<point>233.000000,21.000000</point>
				<point>235.000000,27.000000</point>
			</points>
		</object>
		<object>
			<coordinate>pixel</coordinate>
			<type>rectangle</type>
			<description>None</description>
			<possibleresult>
				<name>Dump Truck</name>
			</possibleresult>
			<points>
				<point>215.000000,21.000000</point>
				<point>187.000000,24.000000</point>
				<point>186.000000,18.000000</point>
				<point>215.000000,15.000000</point>
				<point>215.000000,21.000000</point>
			</points>
		</object>
		<object>
			<coordinate>pixel</coordinate>
			<type>rectangle</type>
			<description>None</description>
			<possibleresult>
				<name>Van</name>
			</possibleresult>
			<points>
				<point>179.000000,41.000000</point>
				<point>170.000000,41.000000</point>
				<point>170.000000,28.000000</point>
				<point>179.000000,28.000000</point>
				<point>179.000000,41.000000</point>
			</points>
		</object>
		<object>
			<coordinate>pixel</coordinate>
			<type>rectangle</type>
			<description>None</description>
			<possibleresult>
				<name>Small Car</name>
			</possibleresult>
			<points>
				<point>193.000000,49.000000</point>
				<point>183.000000,50.000000</point>
				<point>182.000000,33.000000</point>
				<point>191.000000,32.000000</point>
				<point>193.000000,49.000000</point>
			</points>
		</object>
		<object>
			<coordinate>pixel</coordinate>
			<type>rectangle</type>
			<description>None</description>
			<possibleresult>
				<name>Small Car</name>
			</possibleresult>
			<points>
				<point>202.000000,54.000000</point>
				<point>194.000000,54.000000</point>
				<point>195.000000,38.000000</point>
				<point>202.000000,39.000000</point>
				<point>202.000000,54.000000</point>
			</points>
		</object>
		<object>
			<coordinate>pixel</coordinate>
			<type>rectangle</type>
			<description>None</description>
			<possibleresult>
				<name>Small Car</name>
			</possibleresult>
			<points>
				<point>211.000000,54.000000</point>
				<point>203.000000,54.000000</point>
				<point>203.000000,40.000000</point>
				<point>211.000000,40.000000</point>
				<point>211.000000,54.000000</point>
			</points>
		</object>
		<object>
			<coordinate>pixel</coordinate>
			<type>rectangle</type>
			<description>None</description>
			<possibleresult>
				<name>Small Car</name>
			</possibleresult>
			<points>
				<point>112.000000,41.000000</point>
				<point>104.000000,41.000000</point>
				<point>104.000000,32.000000</point>
				<point>112.000000,32.000000</point>
				<point>112.000000,41.000000</point>
			</points>
		</object>
		<object>
			<coordinate>pixel</coordinate>
			<type>rectangle</type>
			<description>None</description>
			<possibleresult>
				<name>Small Car</name>
			</possibleresult>
			<points>
				<point>534.000000,352.000000</point>
				<point>520.000000,352.000000</point>
				<point>520.000000,338.000000</point>
				<point>534.000000,338.000000</point>
				<point>534.000000,352.000000</point>
			</points>
		</object>
		<object>
			<coordinate>pixel</coordinate>
			<type>rectangle</type>
			<description>None</description>
			<possibleresult>
				<name>Small Car</name>
			</possibleresult>
			<points>
				<point>947.000000,19.000000</point>
				<point>946.000000,28.000000</point>
				<point>916.000000,26.000000</point>
				<point>916.000000,17.000000</point>
				<point>947.000000,19.000000</point>
			</points>
		</object>
		<object>
			<coordinate>pixel</coordinate>
			<type>rectangle</type>
			<description>None</description>
			<possibleresult>
				<name>Dump Truck</name>
			</possibleresult>
			<points>
				<point>914.000000,16.000000</point>
				<point>913.000000,25.000000</point>
				<point>886.000000,23.000000</point>
				<point>887.000000,14.000000</point>
				<point>914.000000,16.000000</point>
			</points>
		</object>
		<object>
			<coordinate>pixel</coordinate>
			<type>rectangle</type>
			<description>None</description>
			<possibleresult>
				<name>Small Car</name>
			</possibleresult>
			<points>
				<point>997.000000,97.000000</point>
				<point>994.000000,115.000000</point>
				<point>984.000000,113.000000</point>
				<point>987.000000,95.000000</point>
				<point>997.000000,97.000000</point>
			</points>
		</object>
		<object>
			<coordinate>pixel</coordinate>
			<type>rectangle</type>
			<description>None</description>
			<possibleresult>
				<name>Small Car</name>
			</possibleresult>
			<points>
				<point>994.000000,124.000000</point>
				<point>991.000000,143.000000</point>
				<point>980.000000,141.000000</point>
				<point>983.000000,122.000000</point>
				<point>994.000000,124.000000</point>
			</points>
		</object>
		<object>
			<coordinate>pixel</coordinate>
			<type>rectangle</type>
			<description>None</description>
			<possibleresult>
				<name>Dump Truck</name>
			</possibleresult>
			<points>
				<point>991.000000,151.000000</point>
				<point>988.000000,175.000000</point>
				<point>973.000000,173.000000</point>
				<point>976.000000,150.000000</point>
				<point>991.000000,151.000000</point>
			</points>
		</object>
		<object>
			<coordinate>pixel</coordinate>
			<type>rectangle</type>
			<description>None</description>
			<possibleresult>
				<name>Van</name>
			</possibleresult>
			<points>
				<point>977.000000,222.000000</point>
				<point>969.000000,222.000000</point>
				<point>969.000000,206.000000</point>
				<point>977.000000,207.000000</point>
				<point>977.000000,222.000000</point>
			</points>
		</object>
		<object>
			<coordinate>pixel</coordinate>
			<type>rectangle</type>
			<description>None</description>
			<possibleresult>
				<name>Small Car</name>
			</possibleresult>
			<points>
				<point>970.000000,310.000000</point>
				<point>958.000000,310.000000</point>
				<point>959.000000,294.000000</point>
				<point>970.000000,294.000000</point>
				<point>970.000000,310.000000</point>
			</points>
		</object>
		<object>
			<coordinate>pixel</coordinate>
			<type>rectangle</type>
			<description>None</description>
			<possibleresult>
				<name>Small Car</name>
			</possibleresult>
			<points>
				<point>777.000000,8.000000</point>
				<point>776.000000,16.000000</point>
				<point>749.000000,11.000000</point>
				<point>750.000000,3.000000</point>
				<point>777.000000,8.000000</point>
			</points>
		</object>
		<object>
			<coordinate>pixel</coordinate>
			<type>rectangle</type>
			<description>None</description>
			<possibleresult>
				<name>Small Car</name>
			</possibleresult>
			<points>
				<point>930.000000,243.000000</point>
				<point>928.000000,257.000000</point>
				<point>919.000000,256.000000</point>
				<point>921.000000,242.000000</point>
				<point>930.000000,243.000000</point>
			</points>
		</object>
		<object>
			<coordinate>pixel</coordinate>
			<type>rectangle</type>
			<description>None</description>
			<possibleresult>
				<name>Small Car</name>
			</possibleresult>
			<points>
				<point>921.000000,242.000000</point>
				<point>918.000000,253.000000</point>
				<point>909.000000,251.000000</point>
				<point>912.000000,239.000000</point>
				<point>921.000000,242.000000</point>
			</points>
		</object>
		<object>
			<coordinate>pixel</coordinate>
			<type>rectangle</type>
			<description>None</description>
			<possibleresult>
				<name>Small Car</name>
			</possibleresult>
			<points>
				<point>893.000000,266.000000</point>
				<point>892.000000,286.000000</point>
				<point>883.000000,286.000000</point>
				<point>884.000000,266.000000</point>
				<point>893.000000,266.000000</point>
			</points>
		</object>
		<object>
			<coordinate>pixel</coordinate>
			<type>rectangle</type>
			<description>None</description>
			<possibleresult>
				<name>Small Car</name>
			</possibleresult>
			<points>
				<point>883.000000,264.000000</point>
				<point>881.000000,282.000000</point>
				<point>872.000000,281.000000</point>
				<point>874.000000,263.000000</point>
				<point>883.000000,264.000000</point>
			</points>
		</object>
		<object>
			<coordinate>pixel</coordinate>
			<type>rectangle</type>
			<description>None</description>
			<possibleresult>
				<name>Van</name>
			</possibleresult>
			<points>
				<point>834.000000,256.000000</point>
				<point>814.000000,254.000000</point>
				<point>814.000000,248.000000</point>
				<point>834.000000,250.000000</point>
				<point>834.000000,256.000000</point>
			</points>
		</object>
		<object>
			<coordinate>pixel</coordinate>
			<type>rectangle</type>
			<description>None</description>
			<possibleresult>
				<name>Van</name>
			</possibleresult>
			<points>
				<point>839.000000,238.000000</point>
				<point>838.000000,244.000000</point>
				<point>817.000000,243.000000</point>
				<point>817.000000,238.000000</point>
				<point>839.000000,238.000000</point>
			</points>
		</object>
		<object>
			<coordinate>pixel</coordinate>
			<type>rectangle</type>
			<description>None</description>
			<possibleresult>
				<name>Small Car</name>
			</possibleresult>
			<points>
				<point>885.000000,337.000000</point>
				<point>884.000000,351.000000</point>
				<point>876.000000,350.000000</point>
				<point>876.000000,337.000000</point>
				<point>885.000000,337.000000</point>
			</points>
		</object>
		<object>
			<coordinate>pixel</coordinate>
			<type>rectangle</type>
			<description>None</description>
			<possibleresult>
				<name>Small Car</name>
			</possibleresult>
			<points>
				<point>875.000000,350.000000</point>
				<point>866.000000,351.000000</point>
				<point>866.000000,335.000000</point>
				<point>875.000000,335.000000</point>
				<point>875.000000,350.000000</point>
			</points>
		</object>
		<object>
			<coordinate>pixel</coordinate>
			<type>rectangle</type>
			<description>None</description>
			<possibleresult>
				<name>Small Car</name>
			</possibleresult>
			<points>
				<point>927.000000,342.000000</point>
				<point>925.000000,357.000000</point>
				<point>914.000000,355.000000</point>
				<point>916.000000,340.000000</point>
				<point>927.000000,342.000000</point>
			</points>
		</object>
		<object>
			<coordinate>pixel</coordinate>
			<type>rectangle</type>
			<description>None</description>
			<possibleresult>
				<name>Small Car</name>
			</possibleresult>
			<points>
				<point>853.000000,333.000000</point>
				<point>852.000000,351.000000</point>
				<point>842.000000,351.000000</point>
				<point>843.000000,333.000000</point>
				<point>853.000000,333.000000</point>
			</points>
		</object>
		<object>
			<coordinate>pixel</coordinate>
			<type>rectangle</type>
			<description>None</description>
			<possibleresult>
				<name>Small Car</name>
			</possibleresult>
			<points>
				<point>842.000000,333.000000</point>
				<point>841.000000,350.000000</point>
				<point>831.000000,350.000000</point>
				<point>832.000000,333.000000</point>
				<point>842.000000,333.000000</point>
			</points>
		</object>
		<object>
			<coordinate>pixel</coordinate>
			<type>rectangle</type>
			<description>None</description>
			<possibleresult>
				<name>Small Car</name>
			</possibleresult>
			<points>
				<point>829.000000,351.000000</point>
				<point>819.000000,351.000000</point>
				<point>820.000000,335.000000</point>
				<point>829.000000,335.000000</point>
				<point>829.000000,351.000000</point>
			</points>
		</object>
		<object>
			<coordinate>pixel</coordinate>
			<type>rectangle</type>
			<description>None</description>
			<possibleresult>
				<name>Small Car</name>
			</possibleresult>
			<points>
				<point>829.000000,270.000000</point>
				<point>827.000000,275.000000</point>
				<point>814.000000,270.000000</point>
				<point>816.000000,265.000000</point>
				<point>829.000000,270.000000</point>
			</points>
		</object>
		<object>
			<coordinate>pixel</coordinate>
			<type>rectangle</type>
			<description>None</description>
			<possibleresult>
				<name>Van</name>
			</possibleresult>
			<points>
				<point>987.000000,365.000000</point>
				<point>986.000000,381.000000</point>
				<point>973.000000,381.000000</point>
				<point>974.000000,364.000000</point>
				<point>987.000000,365.000000</point>
			</points>
		</object>
		<object>
			<coordinate>pixel</coordinate>
			<type>rectangle</type>
			<description>None</description>
			<possibleresult>
				<name>Small Car</name>
			</possibleresult>
			<points>
				<point>959.000000,379.000000</point>
				<point>956.000000,396.000000</point>
				<point>943.000000,394.000000</point>
				<point>946.000000,377.000000</point>
				<point>959.000000,379.000000</point>
			</points>
		</object>
		<object>
			<coordinate>pixel</coordinate>
			<type>rectangle</type>
			<description>None</description>
			<possibleresult>
				<name>Small Car</name>
			</possibleresult>
			<points>
				<point>960.000000,540.000000</point>
				<point>957.000000,558.000000</point>
				<point>946.000000,556.000000</point>
				<point>950.000000,538.000000</point>
				<point>960.000000,540.000000</point>
			</points>
		</object>
		<object>
			<coordinate>pixel</coordinate>
			<type>rectangle</type>
			<description>None</description>
			<possibleresult>
				<name>Dump Truck</name>
			</possibleresult>
			<points>
				<point>955.000000,572.000000</point>
				<point>953.000000,594.000000</point>
				<point>939.000000,593.000000</point>
				<point>941.000000,571.000000</point>
				<point>955.000000,572.000000</point>
			</points>
		</object>
		<object>
			<coordinate>pixel</coordinate>
			<type>rectangle</type>
			<description>None</description>
			<possibleresult>
				<name>Small Car</name>
			</possibleresult>
			<points>
				<point>937.000000,522.000000</point>
				<point>936.000000,540.000000</point>
				<point>922.000000,540.000000</point>
				<point>922.000000,522.000000</point>
				<point>937.000000,522.000000</point>
			</points>
		</object>
		<object>
			<coordinate>pixel</coordinate>
			<type>rectangle</type>
			<description>None</description>
			<possibleresult>
				<name>Small Car</name>
			</possibleresult>
			<points>
				<point>949.000000,604.000000</point>
				<point>947.000000,623.000000</point>
				<point>936.000000,622.000000</point>
				<point>938.000000,603.000000</point>
				<point>949.000000,604.000000</point>
			</points>
		</object>
		<object>
			<coordinate>pixel</coordinate>
			<type>rectangle</type>
			<description>None</description>
			<possibleresult>
				<name>Van</name>
			</possibleresult>
			<points>
				<point>903.000000,654.000000</point>
				<point>902.000000,668.000000</point>
				<point>890.000000,667.000000</point>
				<point>891.000000,653.000000</point>
				<point>903.000000,654.000000</point>
			</points>
		</object>
		<object>
			<coordinate>pixel</coordinate>
			<type>rectangle</type>
			<description>None</description>
			<possibleresult>
				<name>Van</name>
			</possibleresult>
			<points>
				<point>879.000000,710.000000</point>
				<point>877.000000,727.000000</point>
				<point>867.000000,725.000000</point>
				<point>870.000000,708.000000</point>
				<point>879.000000,710.000000</point>
			</points>
		</object>
		<object>
			<coordinate>pixel</coordinate>
			<type>rectangle</type>
			<description>None</description>
			<possibleresult>
				<name>Small Car</name>
			</possibleresult>
			<points>
				<point>943.000000,630.000000</point>
				<point>942.000000,647.000000</point>
				<point>931.000000,647.000000</point>
				<point>932.000000,630.000000</point>
				<point>943.000000,630.000000</point>
			</points>
		</object>
		<object>
			<coordinate>pixel</coordinate>
			<type>rectangle</type>
			<description>None</description>
			<possibleresult>
				<name>other-vehicle</name>
			</possibleresult>
			<points>
				<point>938.000000,685.000000</point>
				<point>928.000000,684.000000</point>
				<point>929.000000,665.000000</point>
				<point>938.000000,666.000000</point>
				<point>938.000000,685.000000</point>
			</points>
		</object>
		<object>
			<coordinate>pixel</coordinate>
			<type>rectangle</type>
			<description>None</description>
			<possibleresult>
				<name>Van</name>
			</possibleresult>
			<points>
				<point>895.000000,707.000000</point>
				<point>894.000000,724.000000</point>
				<point>882.000000,723.000000</point>
				<point>884.000000,706.000000</point>
				<point>895.000000,707.000000</point>
			</points>
		</object>
		<object>
			<coordinate>pixel</coordinate>
			<type>rectangle</type>
			<description>None</description>
			<possibleresult>
				<name>Small Car</name>
			</possibleresult>
			<points>
				<point>927.000000,733.000000</point>
				<point>926.000000,749.000000</point>
				<point>915.000000,748.000000</point>
				<point>916.000000,732.000000</point>
				<point>927.000000,733.000000</point>
			</points>
		</object>
		<object>
			<coordinate>pixel</coordinate>
			<type>rectangle</type>
			<description>None</description>
			<possibleresult>
				<name>Small Car</name>
			</possibleresult>
			<points>
				<point>879.000000,822.000000</point>
				<point>876.000000,841.000000</point>
				<point>865.000000,840.000000</point>
				<point>868.000000,820.000000</point>
				<point>879.000000,822.000000</point>
			</points>
		</object>
		<object>
			<coordinate>pixel</coordinate>
			<type>rectangle</type>
			<description>None</description>
			<possibleresult>
				<name>Small Car</name>
			</possibleresult>
			<points>
				<point>907.000000,878.000000</point>
				<point>897.000000,878.000000</point>
				<point>897.000000,860.000000</point>
				<point>907.000000,860.000000</point>
				<point>907.000000,878.000000</point>
			</points>
		</object>
		<object>
			<coordinate>pixel</coordinate>
			<type>rectangle</type>
			<description>None</description>
			<possibleresult>
				<name>Small Car</name>
			</possibleresult>
			<points>
				<point>904.000000,879.000000</point>
				<point>903.000000,895.000000</point>
				<point>893.000000,895.000000</point>
				<point>894.000000,878.000000</point>
				<point>904.000000,879.000000</point>
			</points>
		</object>
		<object>
			<coordinate>pixel</coordinate>
			<type>rectangle</type>
			<description>None</description>
			<possibleresult>
				<name>Small Car</name>
			</possibleresult>
			<points>
				<point>901.000000,901.000000</point>
				<point>897.000000,918.000000</point>
				<point>888.000000,916.000000</point>
				<point>891.000000,899.000000</point>
				<point>901.000000,901.000000</point>
			</points>
		</object>
		<object>
			<coordinate>pixel</coordinate>
			<type>rectangle</type>
			<description>None</description>
			<possibleresult>
				<name>Dump Truck</name>
			</possibleresult>
			<points>
				<point>784.000000,802.000000</point>
				<point>773.000000,816.000000</point>
				<point>766.000000,811.000000</point>
				<point>777.000000,797.000000</point>
				<point>784.000000,802.000000</point>
			</points>
		</object>
		<object>
			<coordinate>pixel</coordinate>
			<type>rectangle</type>
			<description>None</description>
			<possibleresult>
				<name>Small Car</name>
			</possibleresult>
			<points>
				<point>761.000000,799.000000</point>
				<point>756.000000,814.000000</point>
				<point>746.000000,810.000000</point>
				<point>751.000000,796.000000</point>
				<point>761.000000,799.000000</point>
			</points>
		</object>
		<object>
			<coordinate>pixel</coordinate>
			<type>rectangle</type>
			<description>None</description>
			<possibleresult>
				<name>Dump Truck</name>
			</possibleresult>
			<points>
				<point>748.000000,794.000000</point>
				<point>742.000000,811.000000</point>
				<point>732.000000,807.000000</point>
				<point>738.000000,790.000000</point>
				<point>748.000000,794.000000</point>
			</points>
		</object>
		<object>
			<coordinate>pixel</coordinate>
			<type>rectangle</type>
			<description>None</description>
			<possibleresult>
				<name>Van</name>
			</possibleresult>
			<points>
				<point>844.000000,867.000000</point>
				<point>821.000000,865.000000</point>
				<point>822.000000,859.000000</point>
				<point>844.000000,861.000000</point>
				<point>844.000000,867.000000</point>
			</points>
		</object>
		<object>
			<coordinate>pixel</coordinate>
			<type>rectangle</type>
			<description>None</description>
			<possibleresult>
				<name>Intersection</name>
			</possibleresult>
			<points>
				<point>653.000000,397.000000</point>
				<point>649.000000,445.000000</point>
				<point>562.000000,437.000000</point>
				<point>566.000000,389.000000</point>
				<point>653.000000,397.000000</point>
			</points>
		</object>
		<object>
			<coordinate>pixel</coordinate>
			<type>rectangle</type>
			<description>None</description>
			<possibleresult>
				<name>Van</name>
			</possibleresult>
			<points>
				<point>766.000000,440.000000</point>
				<point>765.000000,446.000000</point>
				<point>750.000000,444.000000</point>
				<point>751.000000,439.000000</point>
				<point>766.000000,440.000000</point>
			</points>
		</object>
		<object>
			<coordinate>pixel</coordinate>
			<type>rectangle</type>
			<description>None</description>
			<possibleresult>
				<name>Motorboat</name>
			</possibleresult>
			<points>
				<point>895.000000,364.000000</point>
				<point>894.000000,379.000000</point>
				<point>887.000000,379.000000</point>
				<point>888.000000,364.000000</point>
				<point>895.000000,364.000000</point>
			</points>
		</object>
		<object>
			<coordinate>pixel</coordinate>
			<type>rectangle</type>
			<description>None</description>
			<possibleresult>
				<name>Intersection</name>
			</possibleresult>
			<points>
				<point>988.000000,427.000000</point>
				<point>985.000000,465.000000</point>
				<point>912.000000,458.000000</point>
				<point>916.000000,421.000000</point>
				<point>988.000000,427.000000</point>
			</points>
		</object>
		<object>
			<coordinate>pixel</coordinate>
			<type>rectangle</type>
			<description>None</description>
			<possibleresult>
				<name>Van</name>
			</possibleresult>
			<points>
				<point>282.000000,1001.000000</point>
				<point>258.000000,998.000000</point>
				<point>259.000000,990.000000</point>
				<point>283.000000,993.000000</point>
				<point>282.000000,1001.000000</point>
			</points>
		</object>
		<object>
			<coordinate>pixel</coordinate>
			<type>rectangle</type>
			<description>None</description>
			<possibleresult>
				<name>Van</name>
			</possibleresult>
			<points>
				<point>274.000000,980.000000</point>
				<point>273.000000,987.000000</point>
				<point>250.000000,985.000000</point>
				<point>251.000000,979.000000</point>
				<point>274.000000,980.000000</point>
			</points>
		</object>
		<object>
			<coordinate>pixel</coordinate>
			<type>rectangle</type>
			<description>None</description>
			<possibleresult>
				<name>Small Car</name>
			</possibleresult>
			<points>
				<point>307.000000,985.000000</point>
				<point>306.000000,991.000000</point>
				<point>284.000000,988.000000</point>
				<point>285.000000,982.000000</point>
				<point>307.000000,985.000000</point>
			</points>
		</object>
		<object>
			<coordinate>pixel</coordinate>
			<type>rectangle</type>
			<description>None</description>
			<possibleresult>
				<name>Small Car</name>
			</possibleresult>
			<points>
				<point>355.000000,988.000000</point>
				<point>354.000000,996.000000</point>
				<point>324.000000,991.000000</point>
				<point>325.000000,984.000000</point>
				<point>355.000000,988.000000</point>
			</points>
		</object>
		<object>
			<coordinate>pixel</coordinate>
			<type>rectangle</type>
			<description>None</description>
			<possibleresult>
				<name>Dump Truck</name>
			</possibleresult>
			<points>
				<point>546.000000,552.000000</point>
				<point>545.000000,559.000000</point>
				<point>520.000000,558.000000</point>
				<point>521.000000,551.000000</point>
				<point>546.000000,552.000000</point>
			</points>
		</object>
		<object>
			<coordinate>pixel</coordinate>
			<type>rectangle</type>
			<description>None</description>
			<possibleresult>
				<name>Van</name>
			</possibleresult>
			<points>
				<point>509.000000,157.000000</point>
				<point>489.000000,160.000000</point>
				<point>488.000000,152.000000</point>
				<point>508.000000,150.000000</point>
				<point>509.000000,157.000000</point>
			</points>
		</object>
		<object>
			<coordinate>pixel</coordinate>
			<type>rectangle</type>
			<description>None</description>
			<possibleresult>
				<name>Van</name>
			</possibleresult>
			<points>
				<point>819.000000,867.000000</point>
				<point>796.000000,866.000000</point>
				<point>796.000000,857.000000</point>
				<point>819.000000,858.000000</point>
				<point>819.000000,867.000000</point>
			</points>
		</object>
	</objects>
</annotation>