<?xml version="1.0" encoding="utf-8"?>
<annotation>
	<source>
		<filename>7845.tif</filename>
		<origin>GF2/GF3</origin>
	</source>
	<research>
		<version>1.0</version>
		<provider>FAIR1M</provider>
		<author>Cyber</author>
		<pluginname>FAIR1M</pluginname>
		<pluginclass>object detection</pluginclass>
		<time>2021-07-21</time>
	</research>
	<size>
		<width>1000</width>
		<height>1000</height>
		<depth>3</depth>
	</size>
	<objects>
		<object>
			<coordinate>pixel</coordinate>
			<type>rectangle</type>
			<description>None</description>
			<possibleresult>
				<name>Football Field</name>
			</possibleresult>
			<points>
				<point>788.000000,798.000000</point>
				<point>704.000000,686.000000</point>
				<point>934.000000,513.000000</point>
				<point>1019.000000,626.000000</point>
				<point>788.000000,798.000000</point>
			</points>
		</object>
		<object>
			<coordinate>pixel</coordinate>
			<type>rectangle</type>
			<description>None</description>
			<possibleresult>
				<name>Football Field</name>
			</possibleresult>
			<points>
				<point>727.000000,254.000000</point>
				<point>668.000000,103.000000</point>
				<point>990.000000,-23.000000</point>
				<point>1050.000000,128.000000</point>
				<point>727.000000,254.000000</point>
			</points>
		</object>
		<object>
			<coordinate>pixel</coordinate>
			<type>rectangle</type>
			<description>None</description>
			<possibleresult>
				<name>Tennis Court</name>
			</possibleresult>
			<points>
				<point>663.000000,215.000000</point>
				<point>568.000000,252.000000</point>
				<point>546.000000,218.000000</point>
				<point>645.000000,185.000000</point>
				<point>663.000000,215.000000</point>
			</points>
		</object>
		<object>
			<coordinate>pixel</coordinate>
			<type>rectangle</type>
			<description>None</description>
			<possibleresult>
				<name>Tennis Court</name>
			</possibleresult>
			<points>
				<point>690.000000,259.000000</point>
				<point>596.000000,292.000000</point>
				<point>575.000000,262.000000</point>
				<point>670.000000,226.000000</point>
				<point>690.000000,259.000000</point>
			</points>
		</object>
		<object>
			<coordinate>pixel</coordinate>
			<type>rectangle</type>
			<description>None</description>
			<possibleresult>
				<name>Tennis Court</name>
			</possibleresult>
			<points>
				<point>510.000000,329.000000</point>
				<point>419.000000,365.000000</point>
				<point>397.000000,332.000000</point>
				<point>489.000000,295.000000</point>
				<point>510.000000,329.000000</point>
			</points>
		</object>
		<object>
			<coordinate>pixel</coordinate>
			<type>rectangle</type>
			<description>None</description>
			<possibleresult>
				<name>Tennis Court</name>
			</possibleresult>
			<points>
				<point>482.000000,284.000000</point>
				<point>388.000000,321.000000</point>
				<point>367.000000,287.000000</point>
				<point>461.000000,252.000000</point>
				<point>482.000000,284.000000</point>
			</points>
		</object>
		<object>
			<coordinate>pixel</coordinate>
			<type>rectangle</type>
			<description>None</description>
			<possibleresult>
				<name>other-vehicle</name>
			</possibleresult>
			<points>
				<point>138.000000,192.000000</point>
				<point>114.000000,214.000000</point>
				<point>107.000000,206.000000</point>
				<point>131.000000,184.000000</point>
				<point>138.000000,192.000000</point>
			</points>
		</object>
		<object>
			<coordinate>pixel</coordinate>
			<type>rectangle</type>
			<description>None</description>
			<possibleresult>
				<name>Small Car</name>
			</possibleresult>
			<points>
				<point>294.000000,362.000000</point>
				<point>278.000000,371.000000</point>
				<point>274.000000,364.000000</point>
				<point>290.000000,355.000000</point>
				<point>294.000000,362.000000</point>
			</points>
		</object>
		<object>
			<coordinate>pixel</coordinate>
			<type>rectangle</type>
			<description>None</description>
			<possibleresult>
				<name>Small Car</name>
			</possibleresult>
			<points>
				<point>316.000000,467.000000</point>
				<point>292.000000,478.000000</point>
				<point>287.000000,469.000000</point>
				<point>312.000000,458.000000</point>
				<point>316.000000,467.000000</point>
			</points>
		</object>
		<object>
			<coordinate>pixel</coordinate>
			<type>rectangle</type>
			<description>None</description>
			<possibleresult>
				<name>Van</name>
			</possibleresult>
			<points>
				<point>348.000000,427.000000</point>
				<point>329.000000,438.000000</point>
				<point>325.000000,430.000000</point>
				<point>344.000000,420.000000</point>
				<point>348.000000,427.000000</point>
			</points>
		</object>
		<object>
			<coordinate>pixel</coordinate>
			<type>rectangle</type>
			<description>None</description>
			<possibleresult>
				<name>Small Car</name>
			</possibleresult>
			<points>
				<point>293.000000,446.000000</point>
				<point>271.000000,457.000000</point>
				<point>267.000000,448.000000</point>
				<point>289.000000,438.000000</point>
				<point>293.000000,446.000000</point>
			</points>
		</object>
		<object>
			<coordinate>pixel</coordinate>
			<type>rectangle</type>
			<description>None</description>
			<possibleresult>
				<name>Baseball Field</name>
			</possibleresult>
			<points>
				<point>698.000000,543.000000</point>
				<point>579.000000,548.000000</point>
				<point>576.000000,455.000000</point>
				<point>698.000000,451.000000</point>
				<point>698.000000,543.000000</point>
			</points>
		</object>
		<object>
			<coordinate>pixel</coordinate>
			<type>rectangle</type>
			<description>None</description>
			<possibleresult>
				<name>Baseball Field</name>
			</possibleresult>
			<points>
				<point>196.000000,863.000000</point>
				<point>12.000000,917.000000</point>
				<point>-35.000000,755.000000</point>
				<point>148.000000,701.000000</point>
				<point>196.000000,863.000000</point>
			</points>
		</object>
	</objects>
</annotation>