<?xml version="1.0" encoding="utf-8"?>
<annotation>
	<source>
		<filename>7854.tif</filename>
		<origin>GF2/GF3</origin>
	</source>
	<research>
		<version>1.0</version>
		<provider>FAIR1M</provider>
		<author>Cyber</author>
		<pluginname>FAIR1M</pluginname>
		<pluginclass>object detection</pluginclass>
		<time>2021-07-21</time>
	</research>
	<size>
		<width>1000</width>
		<height>1000</height>
		<depth>3</depth>
	</size>
	<objects>
		<object>
			<coordinate>pixel</coordinate>
			<type>rectangle</type>
			<description>None</description>
			<possibleresult>
				<name>Dry Cargo Ship</name>
			</possibleresult>
			<points>
				<point>328.000000,889.000000</point>
				<point>265.000000,918.000000</point>
				<point>271.000000,931.000000</point>
				<point>334.000000,901.000000</point>
				<point>328.000000,889.000000</point>
			</points>
		</object>
		<object>
			<coordinate>pixel</coordinate>
			<type>rectangle</type>
			<description>None</description>
			<possibleresult>
				<name>Dry Cargo Ship</name>
			</possibleresult>
			<points>
				<point>400.000000,816.000000</point>
				<point>322.000000,845.000000</point>
				<point>330.000000,866.000000</point>
				<point>408.000000,837.000000</point>
				<point>400.000000,816.000000</point>
			</points>
		</object>
		<object>
			<coordinate>pixel</coordinate>
			<type>rectangle</type>
			<description>None</description>
			<possibleresult>
				<name>Dry Cargo Ship</name>
			</possibleresult>
			<points>
				<point>580.000000,755.000000</point>
				<point>481.000000,814.000000</point>
				<point>490.000000,830.000000</point>
				<point>589.000000,771.000000</point>
				<point>580.000000,755.000000</point>
			</points>
		</object>
		<object>
			<coordinate>pixel</coordinate>
			<type>rectangle</type>
			<description>None</description>
			<possibleresult>
				<name>other-ship</name>
			</possibleresult>
			<points>
				<point>490.000000,777.000000</point>
				<point>549.000000,739.000000</point>
				<point>540.000000,725.000000</point>
				<point>481.000000,764.000000</point>
				<point>490.000000,777.000000</point>
			</points>
		</object>
		<object>
			<coordinate>pixel</coordinate>
			<type>rectangle</type>
			<description>None</description>
			<possibleresult>
				<name>Dry Cargo Ship</name>
			</possibleresult>
			<points>
				<point>515.000000,793.000000</point>
				<point>572.000000,760.000000</point>
				<point>564.000000,747.000000</point>
				<point>507.000000,780.000000</point>
				<point>515.000000,793.000000</point>
			</points>
		</object>
		<object>
			<coordinate>pixel</coordinate>
			<type>rectangle</type>
			<description>None</description>
			<possibleresult>
				<name>Dry Cargo Ship</name>
			</possibleresult>
			<points>
				<point>553.000000,737.000000</point>
				<point>496.000000,772.000000</point>
				<point>503.000000,783.000000</point>
				<point>560.000000,748.000000</point>
				<point>553.000000,737.000000</point>
			</points>
		</object>
		<object>
			<coordinate>pixel</coordinate>
			<type>rectangle</type>
			<description>None</description>
			<possibleresult>
				<name>Dry Cargo Ship</name>
			</possibleresult>
			<points>
				<point>569.000000,722.000000</point>
				<point>629.000000,681.000000</point>
				<point>622.000000,670.000000</point>
				<point>561.000000,711.000000</point>
				<point>569.000000,722.000000</point>
			</points>
		</object>
		<object>
			<coordinate>pixel</coordinate>
			<type>rectangle</type>
			<description>None</description>
			<possibleresult>
				<name>Dry Cargo Ship</name>
			</possibleresult>
			<points>
				<point>539.000000,487.000000</point>
				<point>569.000000,543.000000</point>
				<point>580.000000,537.000000</point>
				<point>550.000000,481.000000</point>
				<point>539.000000,487.000000</point>
			</points>
		</object>
		<object>
			<coordinate>pixel</coordinate>
			<type>rectangle</type>
			<description>None</description>
			<possibleresult>
				<name>Dry Cargo Ship</name>
			</possibleresult>
			<points>
				<point>507.000000,505.000000</point>
				<point>536.000000,560.000000</point>
				<point>545.000000,555.000000</point>
				<point>516.000000,500.000000</point>
				<point>507.000000,505.000000</point>
			</points>
		</object>
		<object>
			<coordinate>pixel</coordinate>
			<type>rectangle</type>
			<description>None</description>
			<possibleresult>
				<name>Dry Cargo Ship</name>
			</possibleresult>
			<points>
				<point>518.000000,499.000000</point>
				<point>548.000000,555.000000</point>
				<point>558.000000,549.000000</point>
				<point>528.000000,493.000000</point>
				<point>518.000000,499.000000</point>
			</points>
		</object>
		<object>
			<coordinate>pixel</coordinate>
			<type>rectangle</type>
			<description>None</description>
			<possibleresult>
				<name>Dry Cargo Ship</name>
			</possibleresult>
			<points>
				<point>530.000000,496.000000</point>
				<point>560.000000,550.000000</point>
				<point>570.000000,545.000000</point>
				<point>540.000000,490.000000</point>
				<point>530.000000,496.000000</point>
			</points>
		</object>
		<object>
			<coordinate>pixel</coordinate>
			<type>rectangle</type>
			<description>None</description>
			<possibleresult>
				<name>Dry Cargo Ship</name>
			</possibleresult>
			<points>
				<point>568.000000,470.000000</point>
				<point>599.000000,527.000000</point>
				<point>609.000000,521.000000</point>
				<point>578.000000,464.000000</point>
				<point>568.000000,470.000000</point>
			</points>
		</object>
		<object>
			<coordinate>pixel</coordinate>
			<type>rectangle</type>
			<description>None</description>
			<possibleresult>
				<name>Dry Cargo Ship</name>
			</possibleresult>
			<points>
				<point>578.000000,461.000000</point>
				<point>610.000000,521.000000</point>
				<point>622.000000,514.000000</point>
				<point>590.000000,455.000000</point>
				<point>578.000000,461.000000</point>
			</points>
		</object>
		<object>
			<coordinate>pixel</coordinate>
			<type>rectangle</type>
			<description>None</description>
			<possibleresult>
				<name>Dry Cargo Ship</name>
			</possibleresult>
			<points>
				<point>590.000000,455.000000</point>
				<point>623.000000,515.000000</point>
				<point>633.000000,510.000000</point>
				<point>600.000000,450.000000</point>
				<point>590.000000,455.000000</point>
			</points>
		</object>
		<object>
			<coordinate>pixel</coordinate>
			<type>rectangle</type>
			<description>None</description>
			<possibleresult>
				<name>Dry Cargo Ship</name>
			</possibleresult>
			<points>
				<point>600.000000,450.000000</point>
				<point>632.000000,509.000000</point>
				<point>643.000000,503.000000</point>
				<point>611.000000,444.000000</point>
				<point>600.000000,450.000000</point>
			</points>
		</object>
		<object>
			<coordinate>pixel</coordinate>
			<type>rectangle</type>
			<description>None</description>
			<possibleresult>
				<name>Dry Cargo Ship</name>
			</possibleresult>
			<points>
				<point>610.000000,444.000000</point>
				<point>643.000000,503.000000</point>
				<point>655.000000,496.000000</point>
				<point>622.000000,437.000000</point>
				<point>610.000000,444.000000</point>
			</points>
		</object>
		<object>
			<coordinate>pixel</coordinate>
			<type>rectangle</type>
			<description>None</description>
			<possibleresult>
				<name>other-ship</name>
			</possibleresult>
			<points>
				<point>759.000000,585.000000</point>
				<point>771.000000,623.000000</point>
				<point>779.000000,620.000000</point>
				<point>767.000000,582.000000</point>
				<point>759.000000,585.000000</point>
			</points>
		</object>
		<object>
			<coordinate>pixel</coordinate>
			<type>rectangle</type>
			<description>None</description>
			<possibleresult>
				<name>other-ship</name>
			</possibleresult>
			<points>
				<point>774.000000,644.000000</point>
				<point>827.000000,637.000000</point>
				<point>826.000000,629.000000</point>
				<point>773.000000,636.000000</point>
				<point>774.000000,644.000000</point>
			</points>
		</object>
		<object>
			<coordinate>pixel</coordinate>
			<type>rectangle</type>
			<description>None</description>
			<possibleresult>
				<name>other-ship</name>
			</possibleresult>
			<points>
				<point>774.000000,655.000000</point>
				<point>829.000000,647.000000</point>
				<point>828.000000,638.000000</point>
				<point>773.000000,645.000000</point>
				<point>774.000000,655.000000</point>
			</points>
		</object>
		<object>
			<coordinate>pixel</coordinate>
			<type>rectangle</type>
			<description>None</description>
			<possibleresult>
				<name>other-ship</name>
			</possibleresult>
			<points>
				<point>860.000000,563.000000</point>
				<point>860.000000,611.000000</point>
				<point>872.000000,611.000000</point>
				<point>872.000000,563.000000</point>
				<point>860.000000,563.000000</point>
			</points>
		</object>
		<object>
			<coordinate>pixel</coordinate>
			<type>rectangle</type>
			<description>None</description>
			<possibleresult>
				<name>other-ship</name>
			</possibleresult>
			<points>
				<point>811.000000,549.000000</point>
				<point>820.000000,589.000000</point>
				<point>830.000000,587.000000</point>
				<point>821.000000,547.000000</point>
				<point>811.000000,549.000000</point>
			</points>
		</object>
		<object>
			<coordinate>pixel</coordinate>
			<type>rectangle</type>
			<description>None</description>
			<possibleresult>
				<name>other-ship</name>
			</possibleresult>
			<points>
				<point>824.000000,559.000000</point>
				<point>829.000000,583.000000</point>
				<point>836.000000,582.000000</point>
				<point>831.000000,558.000000</point>
				<point>824.000000,559.000000</point>
			</points>
		</object>
		<object>
			<coordinate>pixel</coordinate>
			<type>rectangle</type>
			<description>None</description>
			<possibleresult>
				<name>other-ship</name>
			</possibleresult>
			<points>
				<point>791.000000,529.000000</point>
				<point>793.000000,540.000000</point>
				<point>797.000000,539.000000</point>
				<point>796.000000,528.000000</point>
				<point>791.000000,529.000000</point>
			</points>
		</object>
		<object>
			<coordinate>pixel</coordinate>
			<type>rectangle</type>
			<description>None</description>
			<possibleresult>
				<name>Motorboat</name>
			</possibleresult>
			<points>
				<point>794.000000,541.000000</point>
				<point>795.000000,550.000000</point>
				<point>799.000000,550.000000</point>
				<point>798.000000,540.000000</point>
				<point>794.000000,541.000000</point>
			</points>
		</object>
		<object>
			<coordinate>pixel</coordinate>
			<type>rectangle</type>
			<description>None</description>
			<possibleresult>
				<name>Dry Cargo Ship</name>
			</possibleresult>
			<points>
				<point>817.000000,470.000000</point>
				<point>834.000000,539.000000</point>
				<point>846.000000,536.000000</point>
				<point>829.000000,467.000000</point>
				<point>817.000000,470.000000</point>
			</points>
		</object>
		<object>
			<coordinate>pixel</coordinate>
			<type>rectangle</type>
			<description>None</description>
			<possibleresult>
				<name>Dry Cargo Ship</name>
			</possibleresult>
			<points>
				<point>840.000000,465.000000</point>
				<point>857.000000,526.000000</point>
				<point>869.000000,523.000000</point>
				<point>852.000000,462.000000</point>
				<point>840.000000,465.000000</point>
			</points>
		</object>
		<object>
			<coordinate>pixel</coordinate>
			<type>rectangle</type>
			<description>None</description>
			<possibleresult>
				<name>Dry Cargo Ship</name>
			</possibleresult>
			<points>
				<point>853.000000,461.000000</point>
				<point>868.000000,520.000000</point>
				<point>881.000000,516.000000</point>
				<point>865.000000,458.000000</point>
				<point>853.000000,461.000000</point>
			</points>
		</object>
		<object>
			<coordinate>pixel</coordinate>
			<type>rectangle</type>
			<description>None</description>
			<possibleresult>
				<name>other-ship</name>
			</possibleresult>
			<points>
				<point>793.000000,550.000000</point>
				<point>791.000000,533.000000</point>
				<point>786.000000,533.000000</point>
				<point>789.000000,551.000000</point>
				<point>793.000000,550.000000</point>
			</points>
		</object>
		<object>
			<coordinate>pixel</coordinate>
			<type>rectangle</type>
			<description>None</description>
			<possibleresult>
				<name>other-ship</name>
			</possibleresult>
			<points>
				<point>965.000000,609.000000</point>
				<point>919.000000,626.000000</point>
				<point>922.000000,635.000000</point>
				<point>968.000000,618.000000</point>
				<point>965.000000,609.000000</point>
			</points>
		</object>
		<object>
			<coordinate>pixel</coordinate>
			<type>rectangle</type>
			<description>None</description>
			<possibleresult>
				<name>Fishing Boat</name>
			</possibleresult>
			<points>
				<point>997.000000,574.000000</point>
				<point>956.000000,593.000000</point>
				<point>959.000000,600.000000</point>
				<point>1001.000000,582.000000</point>
				<point>997.000000,574.000000</point>
			</points>
		</object>
		<object>
			<coordinate>pixel</coordinate>
			<type>rectangle</type>
			<description>None</description>
			<possibleresult>
				<name>Fishing Boat</name>
			</possibleresult>
			<points>
				<point>1002.000000,582.000000</point>
				<point>958.000000,601.000000</point>
				<point>961.000000,609.000000</point>
				<point>1005.000000,590.000000</point>
				<point>1002.000000,582.000000</point>
			</points>
		</object>
		<object>
			<coordinate>pixel</coordinate>
			<type>rectangle</type>
			<description>None</description>
			<possibleresult>
				<name>Fishing Boat</name>
			</possibleresult>
			<points>
				<point>974.000000,497.000000</point>
				<point>996.000000,531.000000</point>
				<point>1003.000000,526.000000</point>
				<point>981.000000,493.000000</point>
				<point>974.000000,497.000000</point>
			</points>
		</object>
		<object>
			<coordinate>pixel</coordinate>
			<type>rectangle</type>
			<description>None</description>
			<possibleresult>
				<name>other-ship</name>
			</possibleresult>
			<points>
				<point>613.000000,937.000000</point>
				<point>535.000000,999.000000</point>
				<point>553.000000,1022.000000</point>
				<point>631.000000,960.000000</point>
				<point>613.000000,937.000000</point>
			</points>
		</object>
	</objects>
</annotation>