<?xml version="1.0" encoding="utf-8"?>
<annotation>
	<source>
		<filename>7895.tif</filename>
		<origin>GF2/GF3</origin>
	</source>
	<research>
		<version>1.0</version>
		<provider>FAIR1M</provider>
		<author>Cyber</author>
		<pluginname>FAIR1M</pluginname>
		<pluginclass>object detection</pluginclass>
		<time>2021-07-21</time>
	</research>
	<size>
		<width>600</width>
		<height>800</height>
		<depth>4</depth>
	</size>
	<objects>
		<object>
			<coordinate>pixel</coordinate>
			<type>rectangle</type>
			<description>None</description>
			<possibleresult>
				<name>Van</name>
			</possibleresult>
			<points>
				<point>104.000000,286.000000</point>
				<point>95.000000,289.000000</point>
				<point>91.000000,273.000000</point>
				<point>100.000000,271.000000</point>
				<point>104.000000,286.000000</point>
			</points>
		</object>
		<object>
			<coordinate>pixel</coordinate>
			<type>rectangle</type>
			<description>None</description>
			<possibleresult>
				<name>Van</name>
			</possibleresult>
			<points>
				<point>96.000000,293.000000</point>
				<point>85.000000,297.000000</point>
				<point>78.000000,278.000000</point>
				<point>89.000000,274.000000</point>
				<point>96.000000,293.000000</point>
			</points>
		</object>
		<object>
			<coordinate>pixel</coordinate>
			<type>rectangle</type>
			<description>None</description>
			<possibleresult>
				<name>Small Car</name>
			</possibleresult>
			<points>
				<point>101.000000,249.000000</point>
				<point>99.000000,258.000000</point>
				<point>79.000000,253.000000</point>
				<point>81.000000,244.000000</point>
				<point>101.000000,249.000000</point>
			</points>
		</object>
		<object>
			<coordinate>pixel</coordinate>
			<type>rectangle</type>
			<description>None</description>
			<possibleresult>
				<name>Van</name>
			</possibleresult>
			<points>
				<point>104.000000,240.000000</point>
				<point>101.000000,248.000000</point>
				<point>78.000000,240.000000</point>
				<point>81.000000,231.000000</point>
				<point>104.000000,240.000000</point>
			</points>
		</object>
		<object>
			<coordinate>pixel</coordinate>
			<type>rectangle</type>
			<description>None</description>
			<possibleresult>
				<name>Small Car</name>
			</possibleresult>
			<points>
				<point>59.000000,164.000000</point>
				<point>58.000000,174.000000</point>
				<point>33.000000,174.000000</point>
				<point>34.000000,163.000000</point>
				<point>59.000000,164.000000</point>
			</points>
		</object>
		<object>
			<coordinate>pixel</coordinate>
			<type>rectangle</type>
			<description>None</description>
			<possibleresult>
				<name>Small Car</name>
			</possibleresult>
			<points>
				<point>87.000000,174.000000</point>
				<point>62.000000,172.000000</point>
				<point>63.000000,162.000000</point>
				<point>87.000000,163.000000</point>
				<point>87.000000,174.000000</point>
			</points>
		</object>
		<object>
			<coordinate>pixel</coordinate>
			<type>rectangle</type>
			<description>None</description>
			<possibleresult>
				<name>Dump Truck</name>
			</possibleresult>
			<points>
				<point>118.000000,342.000000</point>
				<point>107.000000,342.000000</point>
				<point>105.000000,321.000000</point>
				<point>116.000000,320.000000</point>
				<point>118.000000,342.000000</point>
			</points>
		</object>
		<object>
			<coordinate>pixel</coordinate>
			<type>rectangle</type>
			<description>None</description>
			<possibleresult>
				<name>Small Car</name>
			</possibleresult>
			<points>
				<point>208.000000,309.000000</point>
				<point>203.000000,326.000000</point>
				<point>191.000000,322.000000</point>
				<point>197.000000,305.000000</point>
				<point>208.000000,309.000000</point>
			</points>
		</object>
		<object>
			<coordinate>pixel</coordinate>
			<type>rectangle</type>
			<description>None</description>
			<possibleresult>
				<name>Small Car</name>
			</possibleresult>
			<points>
				<point>235.000000,299.000000</point>
				<point>229.000000,315.000000</point>
				<point>219.000000,311.000000</point>
				<point>225.000000,295.000000</point>
				<point>235.000000,299.000000</point>
			</points>
		</object>
		<object>
			<coordinate>pixel</coordinate>
			<type>rectangle</type>
			<description>None</description>
			<possibleresult>
				<name>Van</name>
			</possibleresult>
			<points>
				<point>600.000000,710.000000</point>
				<point>592.000000,713.000000</point>
				<point>586.000000,698.000000</point>
				<point>594.000000,694.000000</point>
				<point>600.000000,710.000000</point>
			</points>
		</object>
		<object>
			<coordinate>pixel</coordinate>
			<type>rectangle</type>
			<description>None</description>
			<possibleresult>
				<name>Small Car</name>
			</possibleresult>
			<points>
				<point>554.000000,124.000000</point>
				<point>531.000000,123.000000</point>
				<point>531.000000,115.000000</point>
				<point>554.000000,116.000000</point>
				<point>554.000000,124.000000</point>
			</points>
		</object>
		<object>
			<coordinate>pixel</coordinate>
			<type>rectangle</type>
			<description>None</description>
			<possibleresult>
				<name>Small Car</name>
			</possibleresult>
			<points>
				<point>553.000000,114.000000</point>
				<point>534.000000,113.000000</point>
				<point>534.000000,106.000000</point>
				<point>553.000000,107.000000</point>
				<point>553.000000,114.000000</point>
			</points>
		</object>
		<object>
			<coordinate>pixel</coordinate>
			<type>rectangle</type>
			<description>None</description>
			<possibleresult>
				<name>Small Car</name>
			</possibleresult>
			<points>
				<point>551.000000,103.000000</point>
				<point>531.000000,103.000000</point>
				<point>531.000000,95.000000</point>
				<point>551.000000,95.000000</point>
				<point>551.000000,103.000000</point>
			</points>
		</object>
		<object>
			<coordinate>pixel</coordinate>
			<type>rectangle</type>
			<description>None</description>
			<possibleresult>
				<name>Small Car</name>
			</possibleresult>
			<points>
				<point>551.000000,94.000000</point>
				<point>530.000000,93.000000</point>
				<point>530.000000,87.000000</point>
				<point>551.000000,87.000000</point>
				<point>551.000000,94.000000</point>
			</points>
		</object>
		<object>
			<coordinate>pixel</coordinate>
			<type>rectangle</type>
			<description>None</description>
			<possibleresult>
				<name>Small Car</name>
			</possibleresult>
			<points>
				<point>554.000000,86.000000</point>
				<point>532.000000,86.000000</point>
				<point>532.000000,80.000000</point>
				<point>554.000000,79.000000</point>
				<point>554.000000,86.000000</point>
			</points>
		</object>
		<object>
			<coordinate>pixel</coordinate>
			<type>rectangle</type>
			<description>None</description>
			<possibleresult>
				<name>Small Car</name>
			</possibleresult>
			<points>
				<point>555.000000,77.000000</point>
				<point>533.000000,78.000000</point>
				<point>533.000000,71.000000</point>
				<point>554.000000,70.000000</point>
				<point>555.000000,77.000000</point>
			</points>
		</object>
		<object>
			<coordinate>pixel</coordinate>
			<type>rectangle</type>
			<description>None</description>
			<possibleresult>
				<name>Small Car</name>
			</possibleresult>
			<points>
				<point>554.000000,69.000000</point>
				<point>531.000000,70.000000</point>
				<point>531.000000,63.000000</point>
				<point>554.000000,62.000000</point>
				<point>554.000000,69.000000</point>
			</points>
		</object>
		<object>
			<coordinate>pixel</coordinate>
			<type>rectangle</type>
			<description>None</description>
			<possibleresult>
				<name>Small Car</name>
			</possibleresult>
			<points>
				<point>553.000000,61.000000</point>
				<point>532.000000,61.000000</point>
				<point>532.000000,54.000000</point>
				<point>553.000000,53.000000</point>
				<point>553.000000,61.000000</point>
			</points>
		</object>
		<object>
			<coordinate>pixel</coordinate>
			<type>rectangle</type>
			<description>None</description>
			<possibleresult>
				<name>Van</name>
			</possibleresult>
			<points>
				<point>555.000000,45.000000</point>
				<point>532.000000,46.000000</point>
				<point>532.000000,37.000000</point>
				<point>554.000000,36.000000</point>
				<point>555.000000,45.000000</point>
			</points>
		</object>
		<object>
			<coordinate>pixel</coordinate>
			<type>rectangle</type>
			<description>None</description>
			<possibleresult>
				<name>Small Car</name>
			</possibleresult>
			<points>
				<point>553.000000,33.000000</point>
				<point>530.000000,32.000000</point>
				<point>531.000000,26.000000</point>
				<point>553.000000,27.000000</point>
				<point>553.000000,33.000000</point>
			</points>
		</object>
		<object>
			<coordinate>pixel</coordinate>
			<type>rectangle</type>
			<description>None</description>
			<possibleresult>
				<name>Van</name>
			</possibleresult>
			<points>
				<point>554.000000,25.000000</point>
				<point>535.000000,25.000000</point>
				<point>535.000000,18.000000</point>
				<point>554.000000,18.000000</point>
				<point>554.000000,25.000000</point>
			</points>
		</object>
		<object>
			<coordinate>pixel</coordinate>
			<type>rectangle</type>
			<description>None</description>
			<possibleresult>
				<name>Small Car</name>
			</possibleresult>
			<points>
				<point>548.000000,16.000000</point>
				<point>534.000000,17.000000</point>
				<point>533.000000,11.000000</point>
				<point>548.000000,10.000000</point>
				<point>548.000000,16.000000</point>
			</points>
		</object>
		<object>
			<coordinate>pixel</coordinate>
			<type>rectangle</type>
			<description>None</description>
			<possibleresult>
				<name>Van</name>
			</possibleresult>
			<points>
				<point>557.000000,1.000000</point>
				<point>556.000000,9.000000</point>
				<point>534.000000,9.000000</point>
				<point>534.000000,0.000000</point>
				<point>557.000000,1.000000</point>
			</points>
		</object>
		<object>
			<coordinate>pixel</coordinate>
			<type>rectangle</type>
			<description>None</description>
			<possibleresult>
				<name>Van</name>
			</possibleresult>
			<points>
				<point>474.000000,12.000000</point>
				<point>472.000000,21.000000</point>
				<point>455.000000,16.000000</point>
				<point>458.000000,7.000000</point>
				<point>474.000000,12.000000</point>
			</points>
		</object>
		<object>
			<coordinate>pixel</coordinate>
			<type>rectangle</type>
			<description>None</description>
			<possibleresult>
				<name>Small Car</name>
			</possibleresult>
			<points>
				<point>474.000000,34.000000</point>
				<point>453.000000,34.000000</point>
				<point>453.000000,26.000000</point>
				<point>474.000000,27.000000</point>
				<point>474.000000,34.000000</point>
			</points>
		</object>
		<object>
			<coordinate>pixel</coordinate>
			<type>rectangle</type>
			<description>None</description>
			<possibleresult>
				<name>Small Car</name>
			</possibleresult>
			<points>
				<point>497.000000,69.000000</point>
				<point>475.000000,69.000000</point>
				<point>475.000000,61.000000</point>
				<point>497.000000,61.000000</point>
				<point>497.000000,69.000000</point>
			</points>
		</object>
		<object>
			<coordinate>pixel</coordinate>
			<type>rectangle</type>
			<description>None</description>
			<possibleresult>
				<name>Small Car</name>
			</possibleresult>
			<points>
				<point>498.000000,53.000000</point>
				<point>497.000000,61.000000</point>
				<point>475.000000,60.000000</point>
				<point>475.000000,53.000000</point>
				<point>498.000000,53.000000</point>
			</points>
		</object>
		<object>
			<coordinate>pixel</coordinate>
			<type>rectangle</type>
			<description>None</description>
			<possibleresult>
				<name>Small Car</name>
			</possibleresult>
			<points>
				<point>498.000000,52.000000</point>
				<point>478.000000,53.000000</point>
				<point>478.000000,45.000000</point>
				<point>498.000000,44.000000</point>
				<point>498.000000,52.000000</point>
			</points>
		</object>
		<object>
			<coordinate>pixel</coordinate>
			<type>rectangle</type>
			<description>None</description>
			<possibleresult>
				<name>Van</name>
			</possibleresult>
			<points>
				<point>503.000000,44.000000</point>
				<point>481.000000,44.000000</point>
				<point>481.000000,35.000000</point>
				<point>503.000000,36.000000</point>
				<point>503.000000,44.000000</point>
			</points>
		</object>
		<object>
			<coordinate>pixel</coordinate>
			<type>rectangle</type>
			<description>None</description>
			<possibleresult>
				<name>Van</name>
			</possibleresult>
			<points>
				<point>502.000000,27.000000</point>
				<point>501.000000,35.000000</point>
				<point>480.000000,34.000000</point>
				<point>481.000000,26.000000</point>
				<point>502.000000,27.000000</point>
			</points>
		</object>
		<object>
			<coordinate>pixel</coordinate>
			<type>rectangle</type>
			<description>None</description>
			<possibleresult>
				<name>Van</name>
			</possibleresult>
			<points>
				<point>498.000000,18.000000</point>
				<point>497.000000,26.000000</point>
				<point>477.000000,24.000000</point>
				<point>477.000000,17.000000</point>
				<point>498.000000,18.000000</point>
			</points>
		</object>
		<object>
			<coordinate>pixel</coordinate>
			<type>rectangle</type>
			<description>None</description>
			<possibleresult>
				<name>Small Car</name>
			</possibleresult>
			<points>
				<point>498.000000,8.000000</point>
				<point>497.000000,16.000000</point>
				<point>475.000000,16.000000</point>
				<point>475.000000,8.000000</point>
				<point>498.000000,8.000000</point>
			</points>
		</object>
	</objects>
</annotation>