<?xml version="1.0" encoding="utf-8"?>
<annotation>
	<source>
		<filename>7970.tif</filename>
		<origin>GF2/GF3</origin>
	</source>
	<research>
		<version>1.0</version>
		<provider>FAIR1M</provider>
		<author>Cyber</author>
		<pluginname>FAIR1M</pluginname>
		<pluginclass>object detection</pluginclass>
		<time>2021-07-21</time>
	</research>
	<size>
		<width>800</width>
		<height>600</height>
		<depth>4</depth>
	</size>
	<objects>
		<object>
			<coordinate>pixel</coordinate>
			<type>rectangle</type>
			<description>None</description>
			<possibleresult>
				<name>Small Car</name>
			</possibleresult>
			<points>
				<point>566.000000,120.000000</point>
				<point>565.000000,127.000000</point>
				<point>541.000000,121.000000</point>
				<point>543.000000,114.000000</point>
				<point>566.000000,120.000000</point>
			</points>
		</object>
		<object>
			<coordinate>pixel</coordinate>
			<type>rectangle</type>
			<description>None</description>
			<possibleresult>
				<name>Small Car</name>
			</possibleresult>
			<points>
				<point>677.000000,117.000000</point>
				<point>675.000000,125.000000</point>
				<point>651.000000,120.000000</point>
				<point>654.000000,111.000000</point>
				<point>677.000000,117.000000</point>
			</points>
		</object>
		<object>
			<coordinate>pixel</coordinate>
			<type>rectangle</type>
			<description>None</description>
			<possibleresult>
				<name>Small Car</name>
			</possibleresult>
			<points>
				<point>608.000000,19.000000</point>
				<point>606.000000,26.000000</point>
				<point>582.000000,19.000000</point>
				<point>584.000000,12.000000</point>
				<point>608.000000,19.000000</point>
			</points>
		</object>
		<object>
			<coordinate>pixel</coordinate>
			<type>rectangle</type>
			<description>None</description>
			<possibleresult>
				<name>Van</name>
			</possibleresult>
			<points>
				<point>786.000000,113.000000</point>
				<point>779.000000,129.000000</point>
				<point>770.000000,125.000000</point>
				<point>778.000000,108.000000</point>
				<point>786.000000,113.000000</point>
			</points>
		</object>
		<object>
			<coordinate>pixel</coordinate>
			<type>rectangle</type>
			<description>None</description>
			<possibleresult>
				<name>Small Car</name>
			</possibleresult>
			<points>
				<point>522.000000,184.000000</point>
				<point>520.000000,193.000000</point>
				<point>498.000000,188.000000</point>
				<point>500.000000,178.000000</point>
				<point>522.000000,184.000000</point>
			</points>
		</object>
		<object>
			<coordinate>pixel</coordinate>
			<type>rectangle</type>
			<description>None</description>
			<possibleresult>
				<name>Small Car</name>
			</possibleresult>
			<points>
				<point>509.000000,212.000000</point>
				<point>507.000000,220.000000</point>
				<point>483.000000,215.000000</point>
				<point>484.000000,206.000000</point>
				<point>509.000000,212.000000</point>
			</points>
		</object>
		<object>
			<coordinate>pixel</coordinate>
			<type>rectangle</type>
			<description>None</description>
			<possibleresult>
				<name>Small Car</name>
			</possibleresult>
			<points>
				<point>500.000000,228.000000</point>
				<point>497.000000,237.000000</point>
				<point>476.000000,229.000000</point>
				<point>479.000000,221.000000</point>
				<point>500.000000,228.000000</point>
			</points>
		</object>
		<object>
			<coordinate>pixel</coordinate>
			<type>rectangle</type>
			<description>None</description>
			<possibleresult>
				<name>Small Car</name>
			</possibleresult>
			<points>
				<point>722.000000,190.000000</point>
				<point>719.000000,199.000000</point>
				<point>691.000000,190.000000</point>
				<point>693.000000,182.000000</point>
				<point>722.000000,190.000000</point>
			</points>
		</object>
		<object>
			<coordinate>pixel</coordinate>
			<type>rectangle</type>
			<description>None</description>
			<possibleresult>
				<name>Dump Truck</name>
			</possibleresult>
			<points>
				<point>428.000000,362.000000</point>
				<point>425.000000,371.000000</point>
				<point>404.000000,368.000000</point>
				<point>405.000000,359.000000</point>
				<point>428.000000,362.000000</point>
			</points>
		</object>
		<object>
			<coordinate>pixel</coordinate>
			<type>rectangle</type>
			<description>None</description>
			<possibleresult>
				<name>Small Car</name>
			</possibleresult>
			<points>
				<point>754.000000,297.000000</point>
				<point>746.000000,312.000000</point>
				<point>738.000000,308.000000</point>
				<point>746.000000,293.000000</point>
				<point>754.000000,297.000000</point>
			</points>
		</object>
		<object>
			<coordinate>pixel</coordinate>
			<type>rectangle</type>
			<description>None</description>
			<possibleresult>
				<name>Van</name>
			</possibleresult>
			<points>
				<point>681.000000,318.000000</point>
				<point>674.000000,333.000000</point>
				<point>666.000000,329.000000</point>
				<point>675.000000,314.000000</point>
				<point>681.000000,318.000000</point>
			</points>
		</object>
		<object>
			<coordinate>pixel</coordinate>
			<type>rectangle</type>
			<description>None</description>
			<possibleresult>
				<name>Dump Truck</name>
			</possibleresult>
			<points>
				<point>631.000000,421.000000</point>
				<point>621.000000,441.000000</point>
				<point>611.000000,436.000000</point>
				<point>621.000000,417.000000</point>
				<point>631.000000,421.000000</point>
			</points>
		</object>
		<object>
			<coordinate>pixel</coordinate>
			<type>rectangle</type>
			<description>None</description>
			<possibleresult>
				<name>Dump Truck</name>
			</possibleresult>
			<points>
				<point>653.000000,486.000000</point>
				<point>642.000000,510.000000</point>
				<point>632.000000,506.000000</point>
				<point>643.000000,482.000000</point>
				<point>653.000000,486.000000</point>
			</points>
		</object>
		<object>
			<coordinate>pixel</coordinate>
			<type>rectangle</type>
			<description>None</description>
			<possibleresult>
				<name>Van</name>
			</possibleresult>
			<points>
				<point>612.000000,567.000000</point>
				<point>605.000000,583.000000</point>
				<point>597.000000,579.000000</point>
				<point>604.000000,563.000000</point>
				<point>612.000000,567.000000</point>
			</points>
		</object>
	</objects>
</annotation>