<?xml version="1.0" encoding="utf-8"?>
<annotation>
	<source>
		<filename>8041.tif</filename>
		<origin>GF2/GF3</origin>
	</source>
	<research>
		<version>1.0</version>
		<provider>FAIR1M</provider>
		<author>Cyber</author>
		<pluginname>FAIR1M</pluginname>
		<pluginclass>object detection</pluginclass>
		<time>2021-07-21</time>
	</research>
	<size>
		<width>1000</width>
		<height>1000</height>
		<depth>3</depth>
	</size>
	<objects>
		<object>
			<coordinate>pixel</coordinate>
			<type>rectangle</type>
			<description>None</description>
			<possibleresult>
				<name>A220</name>
			</possibleresult>
			<points>
				<point>981.000000,840.000000</point>
				<point>945.000000,862.000000</point>
				<point>971.000000,905.000000</point>
				<point>1007.000000,883.000000</point>
				<point>981.000000,840.000000</point>
			</points>
		</object>
		<object>
			<coordinate>pixel</coordinate>
			<type>rectangle</type>
			<description>None</description>
			<possibleresult>
				<name>A321</name>
			</possibleresult>
			<points>
				<point>913.000000,919.000000</point>
				<point>921.000000,864.000000</point>
				<point>871.000000,856.000000</point>
				<point>863.000000,911.000000</point>
				<point>913.000000,919.000000</point>
			</points>
		</object>
		<object>
			<coordinate>pixel</coordinate>
			<type>rectangle</type>
			<description>None</description>
			<possibleresult>
				<name>Boeing777</name>
			</possibleresult>
			<points>
				<point>794.000000,836.000000</point>
				<point>861.000000,804.000000</point>
				<point>829.000000,736.000000</point>
				<point>762.000000,768.000000</point>
				<point>794.000000,836.000000</point>
			</points>
		</object>
		<object>
			<coordinate>pixel</coordinate>
			<type>rectangle</type>
			<description>None</description>
			<possibleresult>
				<name>Boeing777</name>
			</possibleresult>
			<points>
				<point>758.000000,759.000000</point>
				<point>821.000000,728.000000</point>
				<point>787.000000,658.000000</point>
				<point>724.000000,689.000000</point>
				<point>758.000000,759.000000</point>
			</points>
		</object>
		<object>
			<coordinate>pixel</coordinate>
			<type>rectangle</type>
			<description>None</description>
			<possibleresult>
				<name>Boeing777</name>
			</possibleresult>
			<points>
				<point>703.000000,690.000000</point>
				<point>781.000000,651.000000</point>
				<point>746.000000,581.000000</point>
				<point>668.000000,620.000000</point>
				<point>703.000000,690.000000</point>
			</points>
		</object>
		<object>
			<coordinate>pixel</coordinate>
			<type>rectangle</type>
			<description>None</description>
			<possibleresult>
				<name>Boeing777</name>
			</possibleresult>
			<points>
				<point>671.000000,610.000000</point>
				<point>742.000000,574.000000</point>
				<point>707.000000,506.000000</point>
				<point>637.000000,542.000000</point>
				<point>671.000000,610.000000</point>
			</points>
		</object>
		<object>
			<coordinate>pixel</coordinate>
			<type>rectangle</type>
			<description>None</description>
			<possibleresult>
				<name>Boeing787</name>
			</possibleresult>
			<points>
				<point>963.000000,582.000000</point>
				<point>904.000000,616.000000</point>
				<point>934.000000,668.000000</point>
				<point>993.000000,635.000000</point>
				<point>963.000000,582.000000</point>
			</points>
		</object>
		<object>
			<coordinate>pixel</coordinate>
			<type>rectangle</type>
			<description>None</description>
			<possibleresult>
				<name>A220</name>
			</possibleresult>
			<points>
				<point>918.000000,514.000000</point>
				<point>873.000000,538.000000</point>
				<point>896.000000,582.000000</point>
				<point>942.000000,557.000000</point>
				<point>918.000000,514.000000</point>
			</points>
		</object>
		<object>
			<coordinate>pixel</coordinate>
			<type>rectangle</type>
			<description>None</description>
			<possibleresult>
				<name>Boeing777</name>
			</possibleresult>
			<points>
				<point>626.000000,534.000000</point>
				<point>692.000000,500.000000</point>
				<point>657.000000,434.000000</point>
				<point>592.000000,469.000000</point>
				<point>626.000000,534.000000</point>
			</points>
		</object>
		<object>
			<coordinate>pixel</coordinate>
			<type>rectangle</type>
			<description>None</description>
			<possibleresult>
				<name>Boeing777</name>
			</possibleresult>
			<points>
				<point>586.000000,460.000000</point>
				<point>651.000000,427.000000</point>
				<point>615.000000,359.000000</point>
				<point>551.000000,392.000000</point>
				<point>586.000000,460.000000</point>
			</points>
		</object>
		<object>
			<coordinate>pixel</coordinate>
			<type>rectangle</type>
			<description>None</description>
			<possibleresult>
				<name>A321</name>
			</possibleresult>
			<points>
				<point>786.000000,262.000000</point>
				<point>733.000000,291.000000</point>
				<point>757.000000,336.000000</point>
				<point>810.000000,306.000000</point>
				<point>786.000000,262.000000</point>
			</points>
		</object>
		<object>
			<coordinate>pixel</coordinate>
			<type>rectangle</type>
			<description>None</description>
			<possibleresult>
				<name>Boeing787</name>
			</possibleresult>
			<points>
				<point>463.000000,249.000000</point>
				<point>537.000000,269.000000</point>
				<point>557.000000,196.000000</point>
				<point>483.000000,176.000000</point>
				<point>463.000000,249.000000</point>
			</points>
		</object>
		<object>
			<coordinate>pixel</coordinate>
			<type>rectangle</type>
			<description>None</description>
			<possibleresult>
				<name>A350</name>
			</possibleresult>
			<points>
				<point>547.000000,137.000000</point>
				<point>592.000000,215.000000</point>
				<point>660.000000,175.000000</point>
				<point>615.000000,98.000000</point>
				<point>547.000000,137.000000</point>
			</points>
		</object>
		<object>
			<coordinate>pixel</coordinate>
			<type>rectangle</type>
			<description>None</description>
			<possibleresult>
				<name>Boeing737</name>
			</possibleresult>
			<points>
				<point>645.000000,106.000000</point>
				<point>663.000000,143.000000</point>
				<point>702.000000,124.000000</point>
				<point>684.000000,87.000000</point>
				<point>645.000000,106.000000</point>
			</points>
		</object>
	</objects>
</annotation>