<?xml version="1.0" encoding="utf-8"?>
<annotation>
	<source>
		<filename>8058.tif</filename>
		<origin>GF2/GF3</origin>
	</source>
	<research>
		<version>1.0</version>
		<provider>FAIR1M</provider>
		<author>Cyber</author>
		<pluginname>FAIR1M</pluginname>
		<pluginclass>object detection</pluginclass>
		<time>2021-07-21</time>
	</research>
	<size>
		<width>1000</width>
		<height>1000</height>
		<depth>3</depth>
	</size>
	<objects>
		<object>
			<coordinate>pixel</coordinate>
			<type>rectangle</type>
			<description>None</description>
			<possibleresult>
				<name>other-airplane</name>
			</possibleresult>
			<points>
				<point>95.000000,633.000000</point>
				<point>92.000000,596.000000</point>
				<point>56.000000,598.000000</point>
				<point>59.000000,636.000000</point>
				<point>95.000000,633.000000</point>
			</points>
		</object>
		<object>
			<coordinate>pixel</coordinate>
			<type>rectangle</type>
			<description>None</description>
			<possibleresult>
				<name>other-airplane</name>
			</possibleresult>
			<points>
				<point>131.000000,622.000000</point>
				<point>126.000000,587.000000</point>
				<point>96.000000,592.000000</point>
				<point>101.000000,626.000000</point>
				<point>131.000000,622.000000</point>
			</points>
		</object>
		<object>
			<coordinate>pixel</coordinate>
			<type>rectangle</type>
			<description>None</description>
			<possibleresult>
				<name>other-airplane</name>
			</possibleresult>
			<points>
				<point>162.000000,621.000000</point>
				<point>160.000000,586.000000</point>
				<point>130.000000,588.000000</point>
				<point>132.000000,623.000000</point>
				<point>162.000000,621.000000</point>
			</points>
		</object>
		<object>
			<coordinate>pixel</coordinate>
			<type>rectangle</type>
			<description>None</description>
			<possibleresult>
				<name>other-airplane</name>
			</possibleresult>
			<points>
				<point>206.000000,627.000000</point>
				<point>203.000000,588.000000</point>
				<point>165.000000,591.000000</point>
				<point>169.000000,631.000000</point>
				<point>206.000000,627.000000</point>
			</points>
		</object>
		<object>
			<coordinate>pixel</coordinate>
			<type>rectangle</type>
			<description>None</description>
			<possibleresult>
				<name>other-airplane</name>
			</possibleresult>
			<points>
				<point>83.000000,607.000000</point>
				<point>84.000000,633.000000</point>
				<point>110.000000,632.000000</point>
				<point>109.000000,606.000000</point>
				<point>83.000000,607.000000</point>
			</points>
		</object>
		<object>
			<coordinate>pixel</coordinate>
			<type>rectangle</type>
			<description>None</description>
			<possibleresult>
				<name>other-airplane</name>
			</possibleresult>
			<points>
				<point>71.000000,646.000000</point>
				<point>94.000000,649.000000</point>
				<point>97.000000,631.000000</point>
				<point>73.000000,628.000000</point>
				<point>71.000000,646.000000</point>
			</points>
		</object>
		<object>
			<coordinate>pixel</coordinate>
			<type>rectangle</type>
			<description>None</description>
			<possibleresult>
				<name>other-airplane</name>
			</possibleresult>
			<points>
				<point>84.000000,634.000000</point>
				<point>48.000000,637.000000</point>
				<point>50.000000,668.000000</point>
				<point>86.000000,665.000000</point>
				<point>84.000000,634.000000</point>
			</points>
		</object>
		<object>
			<coordinate>pixel</coordinate>
			<type>rectangle</type>
			<description>None</description>
			<possibleresult>
				<name>other-airplane</name>
			</possibleresult>
			<points>
				<point>64.000000,691.000000</point>
				<point>101.000000,688.000000</point>
				<point>98.000000,651.000000</point>
				<point>61.000000,654.000000</point>
				<point>64.000000,691.000000</point>
			</points>
		</object>
		<object>
			<coordinate>pixel</coordinate>
			<type>rectangle</type>
			<description>None</description>
			<possibleresult>
				<name>other-airplane</name>
			</possibleresult>
			<points>
				<point>147.000000,714.000000</point>
				<point>129.000000,737.000000</point>
				<point>149.000000,754.000000</point>
				<point>167.000000,731.000000</point>
				<point>147.000000,714.000000</point>
			</points>
		</object>
		<object>
			<coordinate>pixel</coordinate>
			<type>rectangle</type>
			<description>None</description>
			<possibleresult>
				<name>other-airplane</name>
			</possibleresult>
			<points>
				<point>172.000000,742.000000</point>
				<point>150.000000,744.000000</point>
				<point>152.000000,766.000000</point>
				<point>174.000000,764.000000</point>
				<point>172.000000,742.000000</point>
			</points>
		</object>
		<object>
			<coordinate>pixel</coordinate>
			<type>rectangle</type>
			<description>None</description>
			<possibleresult>
				<name>other-airplane</name>
			</possibleresult>
			<points>
				<point>110.000000,772.000000</point>
				<point>113.000000,791.000000</point>
				<point>135.000000,788.000000</point>
				<point>133.000000,769.000000</point>
				<point>110.000000,772.000000</point>
			</points>
		</object>
		<object>
			<coordinate>pixel</coordinate>
			<type>rectangle</type>
			<description>None</description>
			<possibleresult>
				<name>other-airplane</name>
			</possibleresult>
			<points>
				<point>213.000000,759.000000</point>
				<point>248.000000,756.000000</point>
				<point>246.000000,726.000000</point>
				<point>211.000000,729.000000</point>
				<point>213.000000,759.000000</point>
			</points>
		</object>
		<object>
			<coordinate>pixel</coordinate>
			<type>rectangle</type>
			<description>None</description>
			<possibleresult>
				<name>other-airplane</name>
			</possibleresult>
			<points>
				<point>270.000000,734.000000</point>
				<point>271.000000,759.000000</point>
				<point>297.000000,758.000000</point>
				<point>296.000000,733.000000</point>
				<point>270.000000,734.000000</point>
			</points>
		</object>
		<object>
			<coordinate>pixel</coordinate>
			<type>rectangle</type>
			<description>None</description>
			<possibleresult>
				<name>other-airplane</name>
			</possibleresult>
			<points>
				<point>353.000000,679.000000</point>
				<point>391.000000,676.000000</point>
				<point>389.000000,639.000000</point>
				<point>350.000000,642.000000</point>
				<point>353.000000,679.000000</point>
			</points>
		</object>
		<object>
			<coordinate>pixel</coordinate>
			<type>rectangle</type>
			<description>None</description>
			<possibleresult>
				<name>other-airplane</name>
			</possibleresult>
			<points>
				<point>366.000000,706.000000</point>
				<point>394.000000,703.000000</point>
				<point>391.000000,677.000000</point>
				<point>363.000000,680.000000</point>
				<point>366.000000,706.000000</point>
			</points>
		</object>
		<object>
			<coordinate>pixel</coordinate>
			<type>rectangle</type>
			<description>None</description>
			<possibleresult>
				<name>other-airplane</name>
			</possibleresult>
			<points>
				<point>360.000000,716.000000</point>
				<point>377.000000,730.000000</point>
				<point>390.000000,714.000000</point>
				<point>373.000000,700.000000</point>
				<point>360.000000,716.000000</point>
			</points>
		</object>
		<object>
			<coordinate>pixel</coordinate>
			<type>rectangle</type>
			<description>None</description>
			<possibleresult>
				<name>other-airplane</name>
			</possibleresult>
			<points>
				<point>564.000000,564.000000</point>
				<point>565.000000,537.000000</point>
				<point>539.000000,536.000000</point>
				<point>538.000000,564.000000</point>
				<point>564.000000,564.000000</point>
			</points>
		</object>
		<object>
			<coordinate>pixel</coordinate>
			<type>rectangle</type>
			<description>None</description>
			<possibleresult>
				<name>other-airplane</name>
			</possibleresult>
			<points>
				<point>564.000000,546.000000</point>
				<point>565.000000,570.000000</point>
				<point>584.000000,569.000000</point>
				<point>584.000000,546.000000</point>
				<point>564.000000,546.000000</point>
			</points>
		</object>
		<object>
			<coordinate>pixel</coordinate>
			<type>rectangle</type>
			<description>None</description>
			<possibleresult>
				<name>other-airplane</name>
			</possibleresult>
			<points>
				<point>613.000000,565.000000</point>
				<point>612.000000,527.000000</point>
				<point>576.000000,527.000000</point>
				<point>576.000000,565.000000</point>
				<point>613.000000,565.000000</point>
			</points>
		</object>
		<object>
			<coordinate>pixel</coordinate>
			<type>rectangle</type>
			<description>None</description>
			<possibleresult>
				<name>ARJ21</name>
			</possibleresult>
			<points>
				<point>736.000000,544.000000</point>
				<point>690.000000,514.000000</point>
				<point>667.000000,550.000000</point>
				<point>712.000000,580.000000</point>
				<point>736.000000,544.000000</point>
			</points>
		</object>
		<object>
			<coordinate>pixel</coordinate>
			<type>rectangle</type>
			<description>None</description>
			<possibleresult>
				<name>other-airplane</name>
			</possibleresult>
			<points>
				<point>686.000000,593.000000</point>
				<point>671.000000,609.000000</point>
				<point>688.000000,624.000000</point>
				<point>702.000000,608.000000</point>
				<point>686.000000,593.000000</point>
			</points>
		</object>
		<object>
			<coordinate>pixel</coordinate>
			<type>rectangle</type>
			<description>None</description>
			<possibleresult>
				<name>other-airplane</name>
			</possibleresult>
			<points>
				<point>730.000000,621.000000</point>
				<point>730.000000,659.000000</point>
				<point>767.000000,658.000000</point>
				<point>767.000000,621.000000</point>
				<point>730.000000,621.000000</point>
			</points>
		</object>
		<object>
			<coordinate>pixel</coordinate>
			<type>rectangle</type>
			<description>None</description>
			<possibleresult>
				<name>other-airplane</name>
			</possibleresult>
			<points>
				<point>654.000000,789.000000</point>
				<point>655.000000,813.000000</point>
				<point>678.000000,813.000000</point>
				<point>678.000000,789.000000</point>
				<point>654.000000,789.000000</point>
			</points>
		</object>
		<object>
			<coordinate>pixel</coordinate>
			<type>rectangle</type>
			<description>None</description>
			<possibleresult>
				<name>other-airplane</name>
			</possibleresult>
			<points>
				<point>692.000000,782.000000</point>
				<point>674.000000,799.000000</point>
				<point>691.000000,816.000000</point>
				<point>709.000000,800.000000</point>
				<point>692.000000,782.000000</point>
			</points>
		</object>
		<object>
			<coordinate>pixel</coordinate>
			<type>rectangle</type>
			<description>None</description>
			<possibleresult>
				<name>other-airplane</name>
			</possibleresult>
			<points>
				<point>710.000000,812.000000</point>
				<point>723.000000,797.000000</point>
				<point>707.000000,784.000000</point>
				<point>694.000000,799.000000</point>
				<point>710.000000,812.000000</point>
			</points>
		</object>
		<object>
			<coordinate>pixel</coordinate>
			<type>rectangle</type>
			<description>None</description>
			<possibleresult>
				<name>other-airplane</name>
			</possibleresult>
			<points>
				<point>718.000000,845.000000</point>
				<point>742.000000,817.000000</point>
				<point>717.000000,795.000000</point>
				<point>692.000000,822.000000</point>
				<point>718.000000,845.000000</point>
			</points>
		</object>
		<object>
			<coordinate>pixel</coordinate>
			<type>rectangle</type>
			<description>None</description>
			<possibleresult>
				<name>other-airplane</name>
			</possibleresult>
			<points>
				<point>730.000000,798.000000</point>
				<point>728.000000,829.000000</point>
				<point>758.000000,831.000000</point>
				<point>761.000000,801.000000</point>
				<point>730.000000,798.000000</point>
			</points>
		</object>
		<object>
			<coordinate>pixel</coordinate>
			<type>rectangle</type>
			<description>None</description>
			<possibleresult>
				<name>other-airplane</name>
			</possibleresult>
			<points>
				<point>310.000000,733.000000</point>
				<point>315.000000,758.000000</point>
				<point>339.000000,754.000000</point>
				<point>334.000000,728.000000</point>
				<point>310.000000,733.000000</point>
			</points>
		</object>
	</objects>
</annotation>