<?xml version="1.0" encoding="utf-8"?>
<annotation>
	<source>
		<filename>8083.tif</filename>
		<origin>GF2/GF3</origin>
	</source>
	<research>
		<version>1.0</version>
		<provider>FAIR1M</provider>
		<author>Cyber</author>
		<pluginname>FAIR1M</pluginname>
		<pluginclass>object detection</pluginclass>
		<time>2021-07-21</time>
	</research>
	<size>
		<width>1000</width>
		<height>1000</height>
		<depth>3</depth>
	</size>
	<objects>
		<object>
			<coordinate>pixel</coordinate>
			<type>rectangle</type>
			<description>None</description>
			<possibleresult>
				<name>Boeing787</name>
			</possibleresult>
			<points>
				<point>892.000000,-18.000000</point>
				<point>814.000000,-14.000000</point>
				<point>818.000000,66.000000</point>
				<point>896.000000,62.000000</point>
				<point>892.000000,-18.000000</point>
			</points>
		</object>
		<object>
			<coordinate>pixel</coordinate>
			<type>rectangle</type>
			<description>None</description>
			<possibleresult>
				<name>A350</name>
			</possibleresult>
			<points>
				<point>917.000000,226.000000</point>
				<point>821.000000,231.000000</point>
				<point>825.000000,315.000000</point>
				<point>921.000000,311.000000</point>
				<point>917.000000,226.000000</point>
			</points>
		</object>
		<object>
			<coordinate>pixel</coordinate>
			<type>rectangle</type>
			<description>None</description>
			<possibleresult>
				<name>other-airplane</name>
			</possibleresult>
			<points>
				<point>916.000000,326.000000</point>
				<point>844.000000,329.000000</point>
				<point>847.000000,392.000000</point>
				<point>918.000000,389.000000</point>
				<point>916.000000,326.000000</point>
			</points>
		</object>
		<object>
			<coordinate>pixel</coordinate>
			<type>rectangle</type>
			<description>None</description>
			<possibleresult>
				<name>other-airplane</name>
			</possibleresult>
			<points>
				<point>924.000000,406.000000</point>
				<point>841.000000,410.000000</point>
				<point>844.000000,492.000000</point>
				<point>928.000000,488.000000</point>
				<point>924.000000,406.000000</point>
			</points>
		</object>
		<object>
			<coordinate>pixel</coordinate>
			<type>rectangle</type>
			<description>None</description>
			<possibleresult>
				<name>Boeing787</name>
			</possibleresult>
			<points>
				<point>928.000000,499.000000</point>
				<point>853.000000,502.000000</point>
				<point>856.000000,579.000000</point>
				<point>930.000000,576.000000</point>
				<point>928.000000,499.000000</point>
			</points>
		</object>
		<object>
			<coordinate>pixel</coordinate>
			<type>rectangle</type>
			<description>None</description>
			<possibleresult>
				<name>Boeing747</name>
			</possibleresult>
			<points>
				<point>938.000000,587.000000</point>
				<point>855.000000,593.000000</point>
				<point>860.000000,669.000000</point>
				<point>943.000000,663.000000</point>
				<point>938.000000,587.000000</point>
			</points>
		</object>
		<object>
			<coordinate>pixel</coordinate>
			<type>rectangle</type>
			<description>None</description>
			<possibleresult>
				<name>Boeing787</name>
			</possibleresult>
			<points>
				<point>486.000000,79.000000</point>
				<point>559.000000,73.000000</point>
				<point>553.000000,-2.000000</point>
				<point>480.000000,4.000000</point>
				<point>486.000000,79.000000</point>
			</points>
		</object>
		<object>
			<coordinate>pixel</coordinate>
			<type>rectangle</type>
			<description>None</description>
			<possibleresult>
				<name>A350</name>
			</possibleresult>
			<points>
				<point>498.000000,349.000000</point>
				<point>593.000000,345.000000</point>
				<point>589.000000,262.000000</point>
				<point>494.000000,266.000000</point>
				<point>498.000000,349.000000</point>
			</points>
		</object>
		<object>
			<coordinate>pixel</coordinate>
			<type>rectangle</type>
			<description>None</description>
			<possibleresult>
				<name>other-airplane</name>
			</possibleresult>
			<points>
				<point>512.000000,470.000000</point>
				<point>603.000000,461.000000</point>
				<point>594.000000,361.000000</point>
				<point>502.000000,369.000000</point>
				<point>512.000000,470.000000</point>
			</points>
		</object>
		<object>
			<coordinate>pixel</coordinate>
			<type>rectangle</type>
			<description>None</description>
			<possibleresult>
				<name>other-airplane</name>
			</possibleresult>
			<points>
				<point>518.000000,580.000000</point>
				<point>611.000000,571.000000</point>
				<point>601.000000,470.000000</point>
				<point>508.000000,479.000000</point>
				<point>518.000000,580.000000</point>
			</points>
		</object>
		<object>
			<coordinate>pixel</coordinate>
			<type>rectangle</type>
			<description>None</description>
			<possibleresult>
				<name>A350</name>
			</possibleresult>
			<points>
				<point>528.000000,733.000000</point>
				<point>432.000000,738.000000</point>
				<point>436.000000,821.000000</point>
				<point>533.000000,816.000000</point>
				<point>528.000000,733.000000</point>
			</points>
		</object>
		<object>
			<coordinate>pixel</coordinate>
			<type>rectangle</type>
			<description>None</description>
			<possibleresult>
				<name>A220</name>
			</possibleresult>
			<points>
				<point>368.000000,388.000000</point>
				<point>323.000000,389.000000</point>
				<point>324.000000,434.000000</point>
				<point>369.000000,433.000000</point>
				<point>368.000000,388.000000</point>
			</points>
		</object>
		<object>
			<coordinate>pixel</coordinate>
			<type>rectangle</type>
			<description>None</description>
			<possibleresult>
				<name>A220</name>
			</possibleresult>
			<points>
				<point>373.000000,439.000000</point>
				<point>326.000000,441.000000</point>
				<point>327.000000,486.000000</point>
				<point>374.000000,484.000000</point>
				<point>373.000000,439.000000</point>
			</points>
		</object>
		<object>
			<coordinate>pixel</coordinate>
			<type>rectangle</type>
			<description>None</description>
			<possibleresult>
				<name>A220</name>
			</possibleresult>
			<points>
				<point>377.000000,507.000000</point>
				<point>331.000000,508.000000</point>
				<point>333.000000,553.000000</point>
				<point>378.000000,551.000000</point>
				<point>377.000000,507.000000</point>
			</points>
		</object>
		<object>
			<coordinate>pixel</coordinate>
			<type>rectangle</type>
			<description>None</description>
			<possibleresult>
				<name>A220</name>
			</possibleresult>
			<points>
				<point>382.000000,561.000000</point>
				<point>337.000000,563.000000</point>
				<point>340.000000,604.000000</point>
				<point>385.000000,601.000000</point>
				<point>382.000000,561.000000</point>
			</points>
		</object>
		<object>
			<coordinate>pixel</coordinate>
			<type>rectangle</type>
			<description>None</description>
			<possibleresult>
				<name>other-airplane</name>
			</possibleresult>
			<points>
				<point>388.000000,668.000000</point>
				<point>348.000000,669.000000</point>
				<point>349.000000,705.000000</point>
				<point>389.000000,704.000000</point>
				<point>388.000000,668.000000</point>
			</points>
		</object>
		<object>
			<coordinate>pixel</coordinate>
			<type>rectangle</type>
			<description>None</description>
			<possibleresult>
				<name>other-airplane</name>
			</possibleresult>
			<points>
				<point>32.000000,483.000000</point>
				<point>38.000000,437.000000</point>
				<point>-9.000000,432.000000</point>
				<point>-14.000000,477.000000</point>
				<point>32.000000,483.000000</point>
			</points>
		</object>
		<object>
			<coordinate>pixel</coordinate>
			<type>rectangle</type>
			<description>None</description>
			<possibleresult>
				<name>other-airplane</name>
			</possibleresult>
			<points>
				<point>75.000000,464.000000</point>
				<point>96.000000,426.000000</point>
				<point>57.000000,404.000000</point>
				<point>36.000000,442.000000</point>
				<point>75.000000,464.000000</point>
			</points>
		</object>
		<object>
			<coordinate>pixel</coordinate>
			<type>rectangle</type>
			<description>None</description>
			<possibleresult>
				<name>Boeing747</name>
			</possibleresult>
			<points>
				<point>124.000000,506.000000</point>
				<point>198.000000,451.000000</point>
				<point>148.000000,384.000000</point>
				<point>74.000000,438.000000</point>
				<point>124.000000,506.000000</point>
			</points>
		</object>
		<object>
			<coordinate>pixel</coordinate>
			<type>rectangle</type>
			<description>None</description>
			<possibleresult>
				<name>Boeing787</name>
			</possibleresult>
			<points>
				<point>47.000000,571.000000</point>
				<point>52.000000,643.000000</point>
				<point>128.000000,638.000000</point>
				<point>123.000000,566.000000</point>
				<point>47.000000,571.000000</point>
			</points>
		</object>
	</objects>
</annotation>