<?xml version="1.0" encoding="utf-8"?>
<annotation>
	<source>
		<filename>8113.tif</filename>
		<origin>GF2/GF3</origin>
	</source>
	<research>
		<version>1.0</version>
		<provider>FAIR1M</provider>
		<author>Cyber</author>
		<pluginname>FAIR1M</pluginname>
		<pluginclass>object detection</pluginclass>
		<time>2021-07-21</time>
	</research>
	<size>
		<width>600</width>
		<height>800</height>
		<depth>4</depth>
	</size>
	<objects>
		<object>
			<coordinate>pixel</coordinate>
			<type>rectangle</type>
			<description>None</description>
			<possibleresult>
				<name>Small Car</name>
			</possibleresult>
			<points>
				<point>39.000000,642.000000</point>
				<point>22.000000,643.000000</point>
				<point>21.000000,637.000000</point>
				<point>39.000000,637.000000</point>
				<point>39.000000,642.000000</point>
			</points>
		</object>
		<object>
			<coordinate>pixel</coordinate>
			<type>rectangle</type>
			<description>None</description>
			<possibleresult>
				<name>Van</name>
			</possibleresult>
			<points>
				<point>79.000000,623.000000</point>
				<point>71.000000,623.000000</point>
				<point>71.000000,612.000000</point>
				<point>79.000000,612.000000</point>
				<point>79.000000,623.000000</point>
			</points>
		</object>
		<object>
			<coordinate>pixel</coordinate>
			<type>rectangle</type>
			<description>None</description>
			<possibleresult>
				<name>Intersection</name>
			</possibleresult>
			<points>
				<point>109.000000,744.000000</point>
				<point>67.000000,744.000000</point>
				<point>67.000000,704.000000</point>
				<point>109.000000,704.000000</point>
				<point>109.000000,744.000000</point>
			</points>
		</object>
		<object>
			<coordinate>pixel</coordinate>
			<type>rectangle</type>
			<description>None</description>
			<possibleresult>
				<name>Van</name>
			</possibleresult>
			<points>
				<point>147.000000,597.000000</point>
				<point>123.000000,598.000000</point>
				<point>123.000000,591.000000</point>
				<point>147.000000,591.000000</point>
				<point>147.000000,597.000000</point>
			</points>
		</object>
		<object>
			<coordinate>pixel</coordinate>
			<type>rectangle</type>
			<description>None</description>
			<possibleresult>
				<name>Intersection</name>
			</possibleresult>
			<points>
				<point>110.000000,444.000000</point>
				<point>67.000000,444.000000</point>
				<point>67.000000,399.000000</point>
				<point>110.000000,399.000000</point>
				<point>110.000000,444.000000</point>
			</points>
		</object>
		<object>
			<coordinate>pixel</coordinate>
			<type>rectangle</type>
			<description>None</description>
			<possibleresult>
				<name>Small Car</name>
			</possibleresult>
			<points>
				<point>576.000000,38.000000</point>
				<point>559.000000,43.000000</point>
				<point>557.000000,36.000000</point>
				<point>574.000000,31.000000</point>
				<point>576.000000,38.000000</point>
			</points>
		</object>
		<object>
			<coordinate>pixel</coordinate>
			<type>rectangle</type>
			<description>None</description>
			<possibleresult>
				<name>Small Car</name>
			</possibleresult>
			<points>
				<point>222.000000,138.000000</point>
				<point>194.000000,144.000000</point>
				<point>192.000000,136.000000</point>
				<point>221.000000,130.000000</point>
				<point>222.000000,138.000000</point>
			</points>
		</object>
		<object>
			<coordinate>pixel</coordinate>
			<type>rectangle</type>
			<description>None</description>
			<possibleresult>
				<name>Van</name>
			</possibleresult>
			<points>
				<point>249.000000,462.000000</point>
				<point>248.000000,476.000000</point>
				<point>240.000000,476.000000</point>
				<point>241.000000,462.000000</point>
				<point>249.000000,462.000000</point>
			</points>
		</object>
		<object>
			<coordinate>pixel</coordinate>
			<type>rectangle</type>
			<description>None</description>
			<possibleresult>
				<name>Small Car</name>
			</possibleresult>
			<points>
				<point>311.000000,487.000000</point>
				<point>304.000000,487.000000</point>
				<point>304.000000,474.000000</point>
				<point>311.000000,474.000000</point>
				<point>311.000000,487.000000</point>
			</points>
		</object>
		<object>
			<coordinate>pixel</coordinate>
			<type>rectangle</type>
			<description>None</description>
			<possibleresult>
				<name>Small Car</name>
			</possibleresult>
			<points>
				<point>390.000000,465.000000</point>
				<point>389.000000,480.000000</point>
				<point>382.000000,479.000000</point>
				<point>383.000000,464.000000</point>
				<point>390.000000,465.000000</point>
			</points>
		</object>
		<object>
			<coordinate>pixel</coordinate>
			<type>rectangle</type>
			<description>None</description>
			<possibleresult>
				<name>Small Car</name>
			</possibleresult>
			<points>
				<point>467.000000,429.000000</point>
				<point>466.000000,435.000000</point>
				<point>447.000000,434.000000</point>
				<point>447.000000,428.000000</point>
				<point>467.000000,429.000000</point>
			</points>
		</object>
		<object>
			<coordinate>pixel</coordinate>
			<type>rectangle</type>
			<description>None</description>
			<possibleresult>
				<name>Small Car</name>
			</possibleresult>
			<points>
				<point>542.000000,436.000000</point>
				<point>524.000000,435.000000</point>
				<point>524.000000,429.000000</point>
				<point>542.000000,429.000000</point>
				<point>542.000000,436.000000</point>
			</points>
		</object>
		<object>
			<coordinate>pixel</coordinate>
			<type>rectangle</type>
			<description>None</description>
			<possibleresult>
				<name>Small Car</name>
			</possibleresult>
			<points>
				<point>570.000000,435.000000</point>
				<point>548.000000,435.000000</point>
				<point>548.000000,429.000000</point>
				<point>570.000000,429.000000</point>
				<point>570.000000,435.000000</point>
			</points>
		</object>
		<object>
			<coordinate>pixel</coordinate>
			<type>rectangle</type>
			<description>None</description>
			<possibleresult>
				<name>Van</name>
			</possibleresult>
			<points>
				<point>571.000000,335.000000</point>
				<point>560.000000,338.000000</point>
				<point>556.000000,319.000000</point>
				<point>567.000000,317.000000</point>
				<point>571.000000,335.000000</point>
			</points>
		</object>
		<object>
			<coordinate>pixel</coordinate>
			<type>rectangle</type>
			<description>None</description>
			<possibleresult>
				<name>Van</name>
			</possibleresult>
			<points>
				<point>522.000000,106.000000</point>
				<point>501.000000,111.000000</point>
				<point>499.000000,103.000000</point>
				<point>520.000000,99.000000</point>
				<point>522.000000,106.000000</point>
			</points>
		</object>
	</objects>
</annotation>