<?xml version="1.0" encoding="utf-8"?>
<annotation>
	<source>
		<filename>8117.tif</filename>
		<origin>GF2/GF3</origin>
	</source>
	<research>
		<version>1.0</version>
		<provider>FAIR1M</provider>
		<author>Cyber</author>
		<pluginname>FAIR1M</pluginname>
		<pluginclass>object detection</pluginclass>
		<time>2021-07-21</time>
	</research>
	<size>
		<width>800</width>
		<height>600</height>
		<depth>4</depth>
	</size>
	<objects>
		<object>
			<coordinate>pixel</coordinate>
			<type>rectangle</type>
			<description>None</description>
			<possibleresult>
				<name>Van</name>
			</possibleresult>
			<points>
				<point>70.000000,10.000000</point>
				<point>68.000000,16.000000</point>
				<point>53.000000,10.000000</point>
				<point>56.000000,5.000000</point>
				<point>70.000000,10.000000</point>
			</points>
		</object>
		<object>
			<coordinate>pixel</coordinate>
			<type>rectangle</type>
			<description>None</description>
			<possibleresult>
				<name>Van</name>
			</possibleresult>
			<points>
				<point>100.000000,25.000000</point>
				<point>97.000000,31.000000</point>
				<point>85.000000,24.000000</point>
				<point>88.000000,18.000000</point>
				<point>100.000000,25.000000</point>
			</points>
		</object>
		<object>
			<coordinate>pixel</coordinate>
			<type>rectangle</type>
			<description>None</description>
			<possibleresult>
				<name>Van</name>
			</possibleresult>
			<points>
				<point>64.000000,41.000000</point>
				<point>61.000000,48.000000</point>
				<point>46.000000,41.000000</point>
				<point>49.000000,34.000000</point>
				<point>64.000000,41.000000</point>
			</points>
		</object>
		<object>
			<coordinate>pixel</coordinate>
			<type>rectangle</type>
			<description>None</description>
			<possibleresult>
				<name>Dump Truck</name>
			</possibleresult>
			<points>
				<point>140.000000,74.000000</point>
				<point>136.000000,81.000000</point>
				<point>116.000000,71.000000</point>
				<point>120.000000,64.000000</point>
				<point>140.000000,74.000000</point>
			</points>
		</object>
		<object>
			<coordinate>pixel</coordinate>
			<type>rectangle</type>
			<description>None</description>
			<possibleresult>
				<name>Small Car</name>
			</possibleresult>
			<points>
				<point>233.000000,25.000000</point>
				<point>223.000000,40.000000</point>
				<point>216.000000,35.000000</point>
				<point>227.000000,21.000000</point>
				<point>233.000000,25.000000</point>
			</points>
		</object>
		<object>
			<coordinate>pixel</coordinate>
			<type>rectangle</type>
			<description>None</description>
			<possibleresult>
				<name>Van</name>
			</possibleresult>
			<points>
				<point>229.000000,51.000000</point>
				<point>220.000000,64.000000</point>
				<point>215.000000,60.000000</point>
				<point>224.000000,47.000000</point>
				<point>229.000000,51.000000</point>
			</points>
		</object>
		<object>
			<coordinate>pixel</coordinate>
			<type>rectangle</type>
			<description>None</description>
			<possibleresult>
				<name>Van</name>
			</possibleresult>
			<points>
				<point>182.000000,116.000000</point>
				<point>173.000000,128.000000</point>
				<point>168.000000,123.000000</point>
				<point>176.000000,112.000000</point>
				<point>182.000000,116.000000</point>
			</points>
		</object>
		<object>
			<coordinate>pixel</coordinate>
			<type>rectangle</type>
			<description>None</description>
			<possibleresult>
				<name>Small Car</name>
			</possibleresult>
			<points>
				<point>161.000000,147.000000</point>
				<point>152.000000,161.000000</point>
				<point>146.000000,157.000000</point>
				<point>155.000000,143.000000</point>
				<point>161.000000,147.000000</point>
			</points>
		</object>
		<object>
			<coordinate>pixel</coordinate>
			<type>rectangle</type>
			<description>None</description>
			<possibleresult>
				<name>Small Car</name>
			</possibleresult>
			<points>
				<point>138.000000,182.000000</point>
				<point>127.000000,199.000000</point>
				<point>120.000000,194.000000</point>
				<point>131.000000,178.000000</point>
				<point>138.000000,182.000000</point>
			</points>
		</object>
		<object>
			<coordinate>pixel</coordinate>
			<type>rectangle</type>
			<description>None</description>
			<possibleresult>
				<name>Dump Truck</name>
			</possibleresult>
			<points>
				<point>102.000000,180.000000</point>
				<point>90.000000,197.000000</point>
				<point>83.000000,192.000000</point>
				<point>94.000000,175.000000</point>
				<point>102.000000,180.000000</point>
			</points>
		</object>
		<object>
			<coordinate>pixel</coordinate>
			<type>rectangle</type>
			<description>None</description>
			<possibleresult>
				<name>Intersection</name>
			</possibleresult>
			<points>
				<point>257.000000,71.000000</point>
				<point>221.000000,144.000000</point>
				<point>136.000000,103.000000</point>
				<point>172.000000,30.000000</point>
				<point>257.000000,71.000000</point>
			</points>
		</object>
		<object>
			<coordinate>pixel</coordinate>
			<type>rectangle</type>
			<description>None</description>
			<possibleresult>
				<name>Small Car</name>
			</possibleresult>
			<points>
				<point>126.000000,225.000000</point>
				<point>115.000000,241.000000</point>
				<point>109.000000,236.000000</point>
				<point>119.000000,221.000000</point>
				<point>126.000000,225.000000</point>
			</points>
		</object>
		<object>
			<coordinate>pixel</coordinate>
			<type>rectangle</type>
			<description>None</description>
			<possibleresult>
				<name>Small Car</name>
			</possibleresult>
			<points>
				<point>284.000000,97.000000</point>
				<point>275.000000,98.000000</point>
				<point>274.000000,80.000000</point>
				<point>283.000000,79.000000</point>
				<point>284.000000,97.000000</point>
			</points>
		</object>
		<object>
			<coordinate>pixel</coordinate>
			<type>rectangle</type>
			<description>None</description>
			<possibleresult>
				<name>Small Car</name>
			</possibleresult>
			<points>
				<point>340.000000,128.000000</point>
				<point>337.000000,134.000000</point>
				<point>320.000000,127.000000</point>
				<point>322.000000,120.000000</point>
				<point>340.000000,128.000000</point>
			</points>
		</object>
		<object>
			<coordinate>pixel</coordinate>
			<type>rectangle</type>
			<description>None</description>
			<possibleresult>
				<name>Van</name>
			</possibleresult>
			<points>
				<point>378.000000,145.000000</point>
				<point>375.000000,152.000000</point>
				<point>360.000000,145.000000</point>
				<point>363.000000,139.000000</point>
				<point>378.000000,145.000000</point>
			</points>
		</object>
		<object>
			<coordinate>pixel</coordinate>
			<type>rectangle</type>
			<description>None</description>
			<possibleresult>
				<name>Van</name>
			</possibleresult>
			<points>
				<point>372.000000,176.000000</point>
				<point>370.000000,182.000000</point>
				<point>353.000000,176.000000</point>
				<point>356.000000,169.000000</point>
				<point>372.000000,176.000000</point>
			</points>
		</object>
		<object>
			<coordinate>pixel</coordinate>
			<type>rectangle</type>
			<description>None</description>
			<possibleresult>
				<name>Van</name>
			</possibleresult>
			<points>
				<point>446.000000,176.000000</point>
				<point>442.000000,184.000000</point>
				<point>421.000000,174.000000</point>
				<point>425.000000,166.000000</point>
				<point>446.000000,176.000000</point>
			</points>
		</object>
		<object>
			<coordinate>pixel</coordinate>
			<type>rectangle</type>
			<description>None</description>
			<possibleresult>
				<name>Small Car</name>
			</possibleresult>
			<points>
				<point>521.000000,242.000000</point>
				<point>518.000000,249.000000</point>
				<point>498.000000,239.000000</point>
				<point>502.000000,233.000000</point>
				<point>521.000000,242.000000</point>
			</points>
		</object>
		<object>
			<coordinate>pixel</coordinate>
			<type>rectangle</type>
			<description>None</description>
			<possibleresult>
				<name>Van</name>
			</possibleresult>
			<points>
				<point>570.000000,262.000000</point>
				<point>567.000000,269.000000</point>
				<point>551.000000,260.000000</point>
				<point>555.000000,254.000000</point>
				<point>570.000000,262.000000</point>
			</points>
		</object>
		<object>
			<coordinate>pixel</coordinate>
			<type>rectangle</type>
			<description>None</description>
			<possibleresult>
				<name>Small Car</name>
			</possibleresult>
			<points>
				<point>601.000000,276.000000</point>
				<point>598.000000,283.000000</point>
				<point>580.000000,276.000000</point>
				<point>583.000000,269.000000</point>
				<point>601.000000,276.000000</point>
			</points>
		</object>
		<object>
			<coordinate>pixel</coordinate>
			<type>rectangle</type>
			<description>None</description>
			<possibleresult>
				<name>Van</name>
			</possibleresult>
			<points>
				<point>767.000000,316.000000</point>
				<point>764.000000,323.000000</point>
				<point>752.000000,317.000000</point>
				<point>755.000000,310.000000</point>
				<point>767.000000,316.000000</point>
			</points>
		</object>
		<object>
			<coordinate>pixel</coordinate>
			<type>rectangle</type>
			<description>None</description>
			<possibleresult>
				<name>Small Car</name>
			</possibleresult>
			<points>
				<point>457.000000,379.000000</point>
				<point>447.000000,393.000000</point>
				<point>440.000000,388.000000</point>
				<point>450.000000,374.000000</point>
				<point>457.000000,379.000000</point>
			</points>
		</object>
		<object>
			<coordinate>pixel</coordinate>
			<type>rectangle</type>
			<description>None</description>
			<possibleresult>
				<name>Dump Truck</name>
			</possibleresult>
			<points>
				<point>77.000000,486.000000</point>
				<point>72.000000,493.000000</point>
				<point>55.000000,484.000000</point>
				<point>59.000000,476.000000</point>
				<point>77.000000,486.000000</point>
			</points>
		</object>
		<object>
			<coordinate>pixel</coordinate>
			<type>rectangle</type>
			<description>None</description>
			<possibleresult>
				<name>Van</name>
			</possibleresult>
			<points>
				<point>128.000000,477.000000</point>
				<point>125.000000,483.000000</point>
				<point>107.000000,475.000000</point>
				<point>111.000000,468.000000</point>
				<point>128.000000,477.000000</point>
			</points>
		</object>
		<object>
			<coordinate>pixel</coordinate>
			<type>rectangle</type>
			<description>None</description>
			<possibleresult>
				<name>Van</name>
			</possibleresult>
			<points>
				<point>150.000000,486.000000</point>
				<point>147.000000,492.000000</point>
				<point>131.000000,483.000000</point>
				<point>135.000000,478.000000</point>
				<point>150.000000,486.000000</point>
			</points>
		</object>
		<object>
			<coordinate>pixel</coordinate>
			<type>rectangle</type>
			<description>None</description>
			<possibleresult>
				<name>Small Car</name>
			</possibleresult>
			<points>
				<point>261.000000,568.000000</point>
				<point>258.000000,575.000000</point>
				<point>239.000000,566.000000</point>
				<point>242.000000,559.000000</point>
				<point>261.000000,568.000000</point>
			</points>
		</object>
		<object>
			<coordinate>pixel</coordinate>
			<type>rectangle</type>
			<description>None</description>
			<possibleresult>
				<name>Dump Truck</name>
			</possibleresult>
			<points>
				<point>798.000000,109.000000</point>
				<point>787.000000,127.000000</point>
				<point>778.000000,122.000000</point>
				<point>790.000000,104.000000</point>
				<point>798.000000,109.000000</point>
			</points>
		</object>
		<object>
			<coordinate>pixel</coordinate>
			<type>rectangle</type>
			<description>None</description>
			<possibleresult>
				<name>Van</name>
			</possibleresult>
			<points>
				<point>585.000000,74.000000</point>
				<point>575.000000,89.000000</point>
				<point>568.000000,84.000000</point>
				<point>579.000000,69.000000</point>
				<point>585.000000,74.000000</point>
			</points>
		</object>
		<object>
			<coordinate>pixel</coordinate>
			<type>rectangle</type>
			<description>None</description>
			<possibleresult>
				<name>Small Car</name>
			</possibleresult>
			<points>
				<point>769.000000,564.000000</point>
				<point>759.000000,576.000000</point>
				<point>753.000000,572.000000</point>
				<point>763.000000,559.000000</point>
				<point>769.000000,564.000000</point>
			</points>
		</object>
		<object>
			<coordinate>pixel</coordinate>
			<type>rectangle</type>
			<description>None</description>
			<possibleresult>
				<name>Dump Truck</name>
			</possibleresult>
			<points>
				<point>199.000000,359.000000</point>
				<point>187.000000,376.000000</point>
				<point>179.000000,369.000000</point>
				<point>191.000000,353.000000</point>
				<point>199.000000,359.000000</point>
			</points>
		</object>
	</objects>
</annotation>