<?xml version="1.0" encoding="utf-8"?>
<annotation>
	<source>
		<filename>8145.tif</filename>
		<origin>GF2/GF3</origin>
	</source>
	<research>
		<version>1.0</version>
		<provider>FAIR1M</provider>
		<author>Cyber</author>
		<pluginname>FAIR1M</pluginname>
		<pluginclass>object detection</pluginclass>
		<time>2021-07-21</time>
	</research>
	<size>
		<width>800</width>
		<height>600</height>
		<depth>3</depth>
	</size>
	<objects>
		<object>
			<coordinate>pixel</coordinate>
			<type>rectangle</type>
			<description>None</description>
			<possibleresult>
				<name>other-ship</name>
			</possibleresult>
			<points>
				<point>186.000000,118.000000</point>
				<point>174.000000,121.000000</point>
				<point>163.000000,82.000000</point>
				<point>175.000000,79.000000</point>
				<point>186.000000,118.000000</point>
			</points>
		</object>
		<object>
			<coordinate>pixel</coordinate>
			<type>rectangle</type>
			<description>None</description>
			<possibleresult>
				<name>other-ship</name>
			</possibleresult>
			<points>
				<point>203.000000,172.000000</point>
				<point>189.000000,175.000000</point>
				<point>179.000000,135.000000</point>
				<point>193.000000,131.000000</point>
				<point>203.000000,172.000000</point>
			</points>
		</object>
		<object>
			<coordinate>pixel</coordinate>
			<type>rectangle</type>
			<description>None</description>
			<possibleresult>
				<name>Liquid Cargo Ship</name>
			</possibleresult>
			<points>
				<point>800.000000,332.714294</point>
				<point>628.000061,375.000000</point>
				<point>615.435486,323.892944</point>
				<point>800.000000,278.518280</point>
				<point>800.000000,332.714294</point>
			</points>
		</object>
	</objects>
</annotation>