<?xml version="1.0" encoding="utf-8"?>
<annotation>
	<source>
		<filename>8177.tif</filename>
		<origin>GF2/GF3</origin>
	</source>
	<research>
		<version>1.0</version>
		<provider>FAIR1M</provider>
		<author>Cyber</author>
		<pluginname>FAIR1M</pluginname>
		<pluginclass>object detection</pluginclass>
		<time>2021-07-21</time>
	</research>
	<size>
		<width>600</width>
		<height>800</height>
		<depth>4</depth>
	</size>
	<objects>
		<object>
			<coordinate>pixel</coordinate>
			<type>rectangle</type>
			<description>None</description>
			<possibleresult>
				<name>Van</name>
			</possibleresult>
			<points>
				<point>517.000000,205.000000</point>
				<point>508.000000,205.000000</point>
				<point>509.000000,190.000000</point>
				<point>517.000000,190.000000</point>
				<point>517.000000,205.000000</point>
			</points>
		</object>
		<object>
			<coordinate>pixel</coordinate>
			<type>rectangle</type>
			<description>None</description>
			<possibleresult>
				<name>Dump Truck</name>
			</possibleresult>
			<points>
				<point>329.000000,346.000000</point>
				<point>318.000000,346.000000</point>
				<point>319.000000,325.000000</point>
				<point>329.000000,325.000000</point>
				<point>329.000000,346.000000</point>
			</points>
		</object>
		<object>
			<coordinate>pixel</coordinate>
			<type>rectangle</type>
			<description>None</description>
			<possibleresult>
				<name>Dump Truck</name>
			</possibleresult>
			<points>
				<point>432.000000,604.000000</point>
				<point>431.000000,624.000000</point>
				<point>421.000000,624.000000</point>
				<point>421.000000,604.000000</point>
				<point>432.000000,604.000000</point>
			</points>
		</object>
		<object>
			<coordinate>pixel</coordinate>
			<type>rectangle</type>
			<description>None</description>
			<possibleresult>
				<name>Van</name>
			</possibleresult>
			<points>
				<point>430.000000,565.000000</point>
				<point>421.000000,565.000000</point>
				<point>420.000000,545.000000</point>
				<point>429.000000,545.000000</point>
				<point>430.000000,565.000000</point>
			</points>
		</object>
		<object>
			<coordinate>pixel</coordinate>
			<type>rectangle</type>
			<description>None</description>
			<possibleresult>
				<name>Van</name>
			</possibleresult>
			<points>
				<point>383.000000,567.000000</point>
				<point>364.000000,572.000000</point>
				<point>362.000000,565.000000</point>
				<point>381.000000,560.000000</point>
				<point>383.000000,567.000000</point>
			</points>
		</object>
		<object>
			<coordinate>pixel</coordinate>
			<type>rectangle</type>
			<description>None</description>
			<possibleresult>
				<name>Intersection</name>
			</possibleresult>
			<points>
				<point>228.000000,251.000000</point>
				<point>227.000000,293.000000</point>
				<point>171.000000,291.000000</point>
				<point>173.000000,249.000000</point>
				<point>228.000000,251.000000</point>
			</points>
		</object>
		<object>
			<coordinate>pixel</coordinate>
			<type>rectangle</type>
			<description>None</description>
			<possibleresult>
				<name>Dump Truck</name>
			</possibleresult>
			<points>
				<point>526.000000,286.000000</point>
				<point>499.000000,287.000000</point>
				<point>499.000000,279.000000</point>
				<point>526.000000,279.000000</point>
				<point>526.000000,286.000000</point>
			</points>
		</object>
		<object>
			<coordinate>pixel</coordinate>
			<type>rectangle</type>
			<description>None</description>
			<possibleresult>
				<name>Van</name>
			</possibleresult>
			<points>
				<point>576.000000,261.000000</point>
				<point>552.000000,261.000000</point>
				<point>552.000000,254.000000</point>
				<point>576.000000,254.000000</point>
				<point>576.000000,261.000000</point>
			</points>
		</object>
		<object>
			<coordinate>pixel</coordinate>
			<type>rectangle</type>
			<description>None</description>
			<possibleresult>
				<name>Small Car</name>
			</possibleresult>
			<points>
				<point>600.000000,287.000000</point>
				<point>584.000000,287.000000</point>
				<point>584.000000,280.000000</point>
				<point>600.000000,280.000000</point>
				<point>600.000000,287.000000</point>
			</points>
		</object>
		<object>
			<coordinate>pixel</coordinate>
			<type>rectangle</type>
			<description>None</description>
			<possibleresult>
				<name>Small Car</name>
			</possibleresult>
			<points>
				<point>576.000000,278.000000</point>
				<point>551.000000,278.000000</point>
				<point>551.000000,271.000000</point>
				<point>576.000000,271.000000</point>
				<point>576.000000,278.000000</point>
			</points>
		</object>
		<object>
			<coordinate>pixel</coordinate>
			<type>rectangle</type>
			<description>None</description>
			<possibleresult>
				<name>Van</name>
			</possibleresult>
			<points>
				<point>478.000000,266.000000</point>
				<point>457.000000,269.000000</point>
				<point>456.000000,262.000000</point>
				<point>477.000000,260.000000</point>
				<point>478.000000,266.000000</point>
			</points>
		</object>
		<object>
			<coordinate>pixel</coordinate>
			<type>rectangle</type>
			<description>None</description>
			<possibleresult>
				<name>Van</name>
			</possibleresult>
			<points>
				<point>535.000000,247.000000</point>
				<point>525.000000,247.000000</point>
				<point>525.000000,232.000000</point>
				<point>535.000000,232.000000</point>
				<point>535.000000,247.000000</point>
			</points>
		</object>
		<object>
			<coordinate>pixel</coordinate>
			<type>rectangle</type>
			<description>None</description>
			<possibleresult>
				<name>Van</name>
			</possibleresult>
			<points>
				<point>422.000000,451.000000</point>
				<point>408.000000,463.000000</point>
				<point>403.000000,457.000000</point>
				<point>418.000000,445.000000</point>
				<point>422.000000,451.000000</point>
			</points>
		</object>
		<object>
			<coordinate>pixel</coordinate>
			<type>rectangle</type>
			<description>None</description>
			<possibleresult>
				<name>Small Car</name>
			</possibleresult>
			<points>
				<point>431.000000,599.000000</point>
				<point>421.000000,599.000000</point>
				<point>420.000000,582.000000</point>
				<point>431.000000,581.000000</point>
				<point>431.000000,599.000000</point>
			</points>
		</object>
		<object>
			<coordinate>pixel</coordinate>
			<type>rectangle</type>
			<description>None</description>
			<possibleresult>
				<name>Van</name>
			</possibleresult>
			<points>
				<point>401.000000,610.000000</point>
				<point>392.000000,610.000000</point>
				<point>391.000000,593.000000</point>
				<point>401.000000,592.000000</point>
				<point>401.000000,610.000000</point>
			</points>
		</object>
		<object>
			<coordinate>pixel</coordinate>
			<type>rectangle</type>
			<description>None</description>
			<possibleresult>
				<name>Van</name>
			</possibleresult>
			<points>
				<point>429.000000,667.000000</point>
				<point>420.000000,667.000000</point>
				<point>420.000000,653.000000</point>
				<point>428.000000,652.000000</point>
				<point>429.000000,667.000000</point>
			</points>
		</object>
		<object>
			<coordinate>pixel</coordinate>
			<type>rectangle</type>
			<description>None</description>
			<possibleresult>
				<name>Van</name>
			</possibleresult>
			<points>
				<point>400.000000,507.000000</point>
				<point>392.000000,507.000000</point>
				<point>392.000000,489.000000</point>
				<point>400.000000,489.000000</point>
				<point>400.000000,507.000000</point>
			</points>
		</object>
		<object>
			<coordinate>pixel</coordinate>
			<type>rectangle</type>
			<description>None</description>
			<possibleresult>
				<name>Van</name>
			</possibleresult>
			<points>
				<point>401.000000,530.000000</point>
				<point>391.000000,530.000000</point>
				<point>391.000000,510.000000</point>
				<point>401.000000,510.000000</point>
				<point>401.000000,530.000000</point>
			</points>
		</object>
		<object>
			<coordinate>pixel</coordinate>
			<type>rectangle</type>
			<description>None</description>
			<possibleresult>
				<name>Van</name>
			</possibleresult>
			<points>
				<point>415.000000,723.000000</point>
				<point>396.000000,722.000000</point>
				<point>396.000000,712.000000</point>
				<point>415.000000,713.000000</point>
				<point>415.000000,723.000000</point>
			</points>
		</object>
		<object>
			<coordinate>pixel</coordinate>
			<type>rectangle</type>
			<description>None</description>
			<possibleresult>
				<name>Small Car</name>
			</possibleresult>
			<points>
				<point>354.000000,717.000000</point>
				<point>328.000000,717.000000</point>
				<point>328.000000,710.000000</point>
				<point>354.000000,711.000000</point>
				<point>354.000000,717.000000</point>
			</points>
		</object>
		<object>
			<coordinate>pixel</coordinate>
			<type>rectangle</type>
			<description>None</description>
			<possibleresult>
				<name>Small Car</name>
			</possibleresult>
			<points>
				<point>463.000000,727.000000</point>
				<point>435.000000,725.000000</point>
				<point>436.000000,717.000000</point>
				<point>463.000000,720.000000</point>
				<point>463.000000,727.000000</point>
			</points>
		</object>
		<object>
			<coordinate>pixel</coordinate>
			<type>rectangle</type>
			<description>None</description>
			<possibleresult>
				<name>Van</name>
			</possibleresult>
			<points>
				<point>204.000000,441.000000</point>
				<point>192.000000,440.000000</point>
				<point>193.000000,425.000000</point>
				<point>204.000000,425.000000</point>
				<point>204.000000,441.000000</point>
			</points>
		</object>
		<object>
			<coordinate>pixel</coordinate>
			<type>rectangle</type>
			<description>None</description>
			<possibleresult>
				<name>Small Car</name>
			</possibleresult>
			<points>
				<point>158.000000,280.000000</point>
				<point>140.000000,280.000000</point>
				<point>140.000000,274.000000</point>
				<point>158.000000,274.000000</point>
				<point>158.000000,280.000000</point>
			</points>
		</object>
		<object>
			<coordinate>pixel</coordinate>
			<type>rectangle</type>
			<description>None</description>
			<possibleresult>
				<name>Small Car</name>
			</possibleresult>
			<points>
				<point>493.000000,452.000000</point>
				<point>492.000000,457.000000</point>
				<point>471.000000,456.000000</point>
				<point>471.000000,451.000000</point>
				<point>493.000000,452.000000</point>
			</points>
		</object>
		<object>
			<coordinate>pixel</coordinate>
			<type>rectangle</type>
			<description>None</description>
			<possibleresult>
				<name>Van</name>
			</possibleresult>
			<points>
				<point>30.000000,434.000000</point>
				<point>27.000000,438.000000</point>
				<point>17.000000,428.000000</point>
				<point>21.000000,425.000000</point>
				<point>30.000000,434.000000</point>
			</points>
		</object>
		<object>
			<coordinate>pixel</coordinate>
			<type>rectangle</type>
			<description>None</description>
			<possibleresult>
				<name>Van</name>
			</possibleresult>
			<points>
				<point>468.000000,232.000000</point>
				<point>462.000000,232.000000</point>
				<point>462.000000,223.000000</point>
				<point>468.000000,223.000000</point>
				<point>468.000000,232.000000</point>
			</points>
		</object>
		<object>
			<coordinate>pixel</coordinate>
			<type>rectangle</type>
			<description>None</description>
			<possibleresult>
				<name>Van</name>
			</possibleresult>
			<points>
				<point>476.000000,231.000000</point>
				<point>470.000000,231.000000</point>
				<point>470.000000,223.000000</point>
				<point>476.000000,223.000000</point>
				<point>476.000000,231.000000</point>
			</points>
		</object>
	</objects>
</annotation>