<?xml version="1.0" encoding="utf-8"?>
<annotation>
	<source>
		<filename>8187.tif</filename>
		<origin>GF2/GF3</origin>
	</source>
	<research>
		<version>1.0</version>
		<provider>FAIR1M</provider>
		<author>Cyber</author>
		<pluginname>FAIR1M</pluginname>
		<pluginclass>object detection</pluginclass>
		<time>2021-07-21</time>
	</research>
	<size>
		<width>1000</width>
		<height>1000</height>
		<depth>3</depth>
	</size>
	<objects>
		<object>
			<coordinate>pixel</coordinate>
			<type>rectangle</type>
			<description>None</description>
			<possibleresult>
				<name>Dump Truck</name>
			</possibleresult>
			<points>
				<point>295.000000,776.000000</point>
				<point>272.000000,776.000000</point>
				<point>272.000000,768.000000</point>
				<point>295.000000,768.000000</point>
				<point>295.000000,776.000000</point>
			</points>
		</object>
		<object>
			<coordinate>pixel</coordinate>
			<type>rectangle</type>
			<description>None</description>
			<possibleresult>
				<name>Van</name>
			</possibleresult>
			<points>
				<point>222.000000,855.000000</point>
				<point>202.000000,855.000000</point>
				<point>202.000000,847.000000</point>
				<point>222.000000,847.000000</point>
				<point>222.000000,855.000000</point>
			</points>
		</object>
		<object>
			<coordinate>pixel</coordinate>
			<type>rectangle</type>
			<description>None</description>
			<possibleresult>
				<name>Dump Truck</name>
			</possibleresult>
			<points>
				<point>350.000000,911.000000</point>
				<point>341.000000,911.000000</point>
				<point>341.000000,901.000000</point>
				<point>350.000000,901.000000</point>
				<point>350.000000,911.000000</point>
			</points>
		</object>
		<object>
			<coordinate>pixel</coordinate>
			<type>rectangle</type>
			<description>None</description>
			<possibleresult>
				<name>Small Car</name>
			</possibleresult>
			<points>
				<point>257.000000,941.000000</point>
				<point>253.000000,958.000000</point>
				<point>246.000000,957.000000</point>
				<point>250.000000,939.000000</point>
				<point>257.000000,941.000000</point>
			</points>
		</object>
		<object>
			<coordinate>pixel</coordinate>
			<type>rectangle</type>
			<description>None</description>
			<possibleresult>
				<name>Van</name>
			</possibleresult>
			<points>
				<point>371.000000,983.000000</point>
				<point>361.000000,984.000000</point>
				<point>360.000000,967.000000</point>
				<point>370.000000,967.000000</point>
				<point>371.000000,983.000000</point>
			</points>
		</object>
		<object>
			<coordinate>pixel</coordinate>
			<type>rectangle</type>
			<description>None</description>
			<possibleresult>
				<name>Small Car</name>
			</possibleresult>
			<points>
				<point>537.000000,735.000000</point>
				<point>529.000000,735.000000</point>
				<point>528.000000,720.000000</point>
				<point>537.000000,720.000000</point>
				<point>537.000000,735.000000</point>
			</points>
		</object>
		<object>
			<coordinate>pixel</coordinate>
			<type>rectangle</type>
			<description>None</description>
			<possibleresult>
				<name>Small Car</name>
			</possibleresult>
			<points>
				<point>415.000000,772.000000</point>
				<point>406.000000,772.000000</point>
				<point>406.000000,754.000000</point>
				<point>415.000000,754.000000</point>
				<point>415.000000,772.000000</point>
			</points>
		</object>
		<object>
			<coordinate>pixel</coordinate>
			<type>rectangle</type>
			<description>None</description>
			<possibleresult>
				<name>Small Car</name>
			</possibleresult>
			<points>
				<point>648.000000,641.000000</point>
				<point>623.000000,642.000000</point>
				<point>622.000000,634.000000</point>
				<point>648.000000,634.000000</point>
				<point>648.000000,641.000000</point>
			</points>
		</object>
		<object>
			<coordinate>pixel</coordinate>
			<type>rectangle</type>
			<description>None</description>
			<possibleresult>
				<name>Small Car</name>
			</possibleresult>
			<points>
				<point>750.000000,612.000000</point>
				<point>740.000000,612.000000</point>
				<point>740.000000,595.000000</point>
				<point>749.000000,595.000000</point>
				<point>750.000000,612.000000</point>
			</points>
		</object>
		<object>
			<coordinate>pixel</coordinate>
			<type>rectangle</type>
			<description>None</description>
			<possibleresult>
				<name>Van</name>
			</possibleresult>
			<points>
				<point>671.000000,721.000000</point>
				<point>670.000000,736.000000</point>
				<point>662.000000,735.000000</point>
				<point>662.000000,721.000000</point>
				<point>671.000000,721.000000</point>
			</points>
		</object>
		<object>
			<coordinate>pixel</coordinate>
			<type>rectangle</type>
			<description>None</description>
			<possibleresult>
				<name>Van</name>
			</possibleresult>
			<points>
				<point>660.000000,735.000000</point>
				<point>652.000000,735.000000</point>
				<point>653.000000,722.000000</point>
				<point>660.000000,722.000000</point>
				<point>660.000000,735.000000</point>
			</points>
		</object>
		<object>
			<coordinate>pixel</coordinate>
			<type>rectangle</type>
			<description>None</description>
			<possibleresult>
				<name>Van</name>
			</possibleresult>
			<points>
				<point>594.000000,736.000000</point>
				<point>585.000000,736.000000</point>
				<point>585.000000,721.000000</point>
				<point>593.000000,721.000000</point>
				<point>594.000000,736.000000</point>
			</points>
		</object>
		<object>
			<coordinate>pixel</coordinate>
			<type>rectangle</type>
			<description>None</description>
			<possibleresult>
				<name>Small Car</name>
			</possibleresult>
			<points>
				<point>508.000000,815.000000</point>
				<point>485.000000,815.000000</point>
				<point>485.000000,808.000000</point>
				<point>508.000000,808.000000</point>
				<point>508.000000,815.000000</point>
			</points>
		</object>
		<object>
			<coordinate>pixel</coordinate>
			<type>rectangle</type>
			<description>None</description>
			<possibleresult>
				<name>Small Car</name>
			</possibleresult>
			<points>
				<point>418.000000,907.000000</point>
				<point>409.000000,908.000000</point>
				<point>407.000000,889.000000</point>
				<point>417.000000,889.000000</point>
				<point>418.000000,907.000000</point>
			</points>
		</object>
		<object>
			<coordinate>pixel</coordinate>
			<type>rectangle</type>
			<description>None</description>
			<possibleresult>
				<name>Van</name>
			</possibleresult>
			<points>
				<point>555.000000,974.000000</point>
				<point>546.000000,997.000000</point>
				<point>536.000000,993.000000</point>
				<point>544.000000,970.000000</point>
				<point>555.000000,974.000000</point>
			</points>
		</object>
		<object>
			<coordinate>pixel</coordinate>
			<type>rectangle</type>
			<description>None</description>
			<possibleresult>
				<name>Van</name>
			</possibleresult>
			<points>
				<point>657.000000,921.000000</point>
				<point>646.000000,920.000000</point>
				<point>647.000000,903.000000</point>
				<point>657.000000,903.000000</point>
				<point>657.000000,921.000000</point>
			</points>
		</object>
		<object>
			<coordinate>pixel</coordinate>
			<type>rectangle</type>
			<description>None</description>
			<possibleresult>
				<name>Dump Truck</name>
			</possibleresult>
			<points>
				<point>816.000000,868.000000</point>
				<point>807.000000,868.000000</point>
				<point>807.000000,852.000000</point>
				<point>816.000000,852.000000</point>
				<point>816.000000,868.000000</point>
			</points>
		</object>
		<object>
			<coordinate>pixel</coordinate>
			<type>rectangle</type>
			<description>None</description>
			<possibleresult>
				<name>Van</name>
			</possibleresult>
			<points>
				<point>914.000000,875.000000</point>
				<point>903.000000,874.000000</point>
				<point>904.000000,858.000000</point>
				<point>914.000000,859.000000</point>
				<point>914.000000,875.000000</point>
			</points>
		</object>
		<object>
			<coordinate>pixel</coordinate>
			<type>rectangle</type>
			<description>None</description>
			<possibleresult>
				<name>Van</name>
			</possibleresult>
			<points>
				<point>876.000000,923.000000</point>
				<point>867.000000,923.000000</point>
				<point>866.000000,906.000000</point>
				<point>875.000000,906.000000</point>
				<point>876.000000,923.000000</point>
			</points>
		</object>
		<object>
			<coordinate>pixel</coordinate>
			<type>rectangle</type>
			<description>None</description>
			<possibleresult>
				<name>Dump Truck</name>
			</possibleresult>
			<points>
				<point>872.000000,975.000000</point>
				<point>851.000000,975.000000</point>
				<point>851.000000,966.000000</point>
				<point>872.000000,966.000000</point>
				<point>872.000000,975.000000</point>
			</points>
		</object>
		<object>
			<coordinate>pixel</coordinate>
			<type>rectangle</type>
			<description>None</description>
			<possibleresult>
				<name>Small Car</name>
			</possibleresult>
			<points>
				<point>874.000000,993.000000</point>
				<point>853.000000,994.000000</point>
				<point>853.000000,987.000000</point>
				<point>874.000000,987.000000</point>
				<point>874.000000,993.000000</point>
			</points>
		</object>
		<object>
			<coordinate>pixel</coordinate>
			<type>rectangle</type>
			<description>None</description>
			<possibleresult>
				<name>Small Car</name>
			</possibleresult>
			<points>
				<point>773.000000,969.000000</point>
				<point>753.000000,983.000000</point>
				<point>748.000000,976.000000</point>
				<point>768.000000,962.000000</point>
				<point>773.000000,969.000000</point>
			</points>
		</object>
		<object>
			<coordinate>pixel</coordinate>
			<type>rectangle</type>
			<description>None</description>
			<possibleresult>
				<name>Van</name>
			</possibleresult>
			<points>
				<point>17.000000,31.000000</point>
				<point>16.000000,46.000000</point>
				<point>8.000000,46.000000</point>
				<point>8.000000,31.000000</point>
				<point>17.000000,31.000000</point>
			</points>
		</object>
		<object>
			<coordinate>pixel</coordinate>
			<type>rectangle</type>
			<description>None</description>
			<possibleresult>
				<name>Small Car</name>
			</possibleresult>
			<points>
				<point>4.000000,48.000000</point>
				<point>0.000000,48.000000</point>
				<point>0.000000,32.000000</point>
				<point>4.000000,32.000000</point>
				<point>4.000000,48.000000</point>
			</points>
		</object>
		<object>
			<coordinate>pixel</coordinate>
			<type>rectangle</type>
			<description>None</description>
			<possibleresult>
				<name>Small Car</name>
			</possibleresult>
			<points>
				<point>24.000000,25.000000</point>
				<point>17.000000,26.000000</point>
				<point>16.000000,11.000000</point>
				<point>24.000000,11.000000</point>
				<point>24.000000,25.000000</point>
			</points>
		</object>
		<object>
			<coordinate>pixel</coordinate>
			<type>rectangle</type>
			<description>None</description>
			<possibleresult>
				<name>Small Car</name>
			</possibleresult>
			<points>
				<point>8.000000,27.000000</point>
				<point>0.000000,27.000000</point>
				<point>0.000000,11.000000</point>
				<point>8.000000,11.000000</point>
				<point>8.000000,27.000000</point>
			</points>
		</object>
		<object>
			<coordinate>pixel</coordinate>
			<type>rectangle</type>
			<description>None</description>
			<possibleresult>
				<name>Van</name>
			</possibleresult>
			<points>
				<point>14.000000,96.000000</point>
				<point>4.000000,96.000000</point>
				<point>4.000000,78.000000</point>
				<point>14.000000,78.000000</point>
				<point>14.000000,96.000000</point>
			</points>
		</object>
		<object>
			<coordinate>pixel</coordinate>
			<type>rectangle</type>
			<description>None</description>
			<possibleresult>
				<name>Small Car</name>
			</possibleresult>
			<points>
				<point>26.000000,96.000000</point>
				<point>17.000000,96.000000</point>
				<point>17.000000,81.000000</point>
				<point>26.000000,81.000000</point>
				<point>26.000000,96.000000</point>
			</points>
		</object>
		<object>
			<coordinate>pixel</coordinate>
			<type>rectangle</type>
			<description>None</description>
			<possibleresult>
				<name>Small Car</name>
			</possibleresult>
			<points>
				<point>14.000000,120.000000</point>
				<point>5.000000,120.000000</point>
				<point>4.000000,103.000000</point>
				<point>13.000000,103.000000</point>
				<point>14.000000,120.000000</point>
			</points>
		</object>
		<object>
			<coordinate>pixel</coordinate>
			<type>rectangle</type>
			<description>None</description>
			<possibleresult>
				<name>Van</name>
			</possibleresult>
			<points>
				<point>58.000000,96.000000</point>
				<point>53.000000,112.000000</point>
				<point>46.000000,110.000000</point>
				<point>50.000000,93.000000</point>
				<point>58.000000,96.000000</point>
			</points>
		</object>
		<object>
			<coordinate>pixel</coordinate>
			<type>rectangle</type>
			<description>None</description>
			<possibleresult>
				<name>Small Car</name>
			</possibleresult>
			<points>
				<point>19.000000,189.000000</point>
				<point>11.000000,190.000000</point>
				<point>10.000000,173.000000</point>
				<point>19.000000,173.000000</point>
				<point>19.000000,189.000000</point>
			</points>
		</object>
		<object>
			<coordinate>pixel</coordinate>
			<type>rectangle</type>
			<description>None</description>
			<possibleresult>
				<name>Van</name>
			</possibleresult>
			<points>
				<point>4.000000,185.000000</point>
				<point>0.000000,185.000000</point>
				<point>0.000000,171.000000</point>
				<point>4.000000,171.000000</point>
				<point>4.000000,185.000000</point>
			</points>
		</object>
		<object>
			<coordinate>pixel</coordinate>
			<type>rectangle</type>
			<description>None</description>
			<possibleresult>
				<name>Small Car</name>
			</possibleresult>
			<points>
				<point>4.000000,233.000000</point>
				<point>0.000000,233.250000</point>
				<point>-0.000000,216.750000</point>
				<point>2.972763,216.564209</point>
				<point>4.000000,233.000000</point>
			</points>
		</object>
		<object>
			<coordinate>pixel</coordinate>
			<type>rectangle</type>
			<description>None</description>
			<possibleresult>
				<name>Small Car</name>
			</possibleresult>
			<points>
				<point>25.000000,215.000000</point>
				<point>24.000000,232.000000</point>
				<point>16.000000,232.000000</point>
				<point>16.000000,215.000000</point>
				<point>25.000000,215.000000</point>
			</points>
		</object>
		<object>
			<coordinate>pixel</coordinate>
			<type>rectangle</type>
			<description>None</description>
			<possibleresult>
				<name>Dump Truck</name>
			</possibleresult>
			<points>
				<point>32.000000,280.000000</point>
				<point>7.000000,280.000000</point>
				<point>7.000000,271.000000</point>
				<point>32.000000,272.000000</point>
				<point>32.000000,280.000000</point>
			</points>
		</object>
		<object>
			<coordinate>pixel</coordinate>
			<type>rectangle</type>
			<description>None</description>
			<possibleresult>
				<name>Dump Truck</name>
			</possibleresult>
			<points>
				<point>32.000000,318.000000</point>
				<point>10.000000,318.000000</point>
				<point>10.000000,310.000000</point>
				<point>32.000000,310.000000</point>
				<point>32.000000,318.000000</point>
			</points>
		</object>
		<object>
			<coordinate>pixel</coordinate>
			<type>rectangle</type>
			<description>None</description>
			<possibleresult>
				<name>Van</name>
			</possibleresult>
			<points>
				<point>28.000000,327.000000</point>
				<point>13.000000,327.000000</point>
				<point>13.000000,320.000000</point>
				<point>28.000000,320.000000</point>
				<point>28.000000,327.000000</point>
			</points>
		</object>
		<object>
			<coordinate>pixel</coordinate>
			<type>rectangle</type>
			<description>None</description>
			<possibleresult>
				<name>Small Car</name>
			</possibleresult>
			<points>
				<point>88.000000,313.000000</point>
				<point>71.000000,312.000000</point>
				<point>71.000000,306.000000</point>
				<point>88.000000,306.000000</point>
				<point>88.000000,313.000000</point>
			</points>
		</object>
		<object>
			<coordinate>pixel</coordinate>
			<type>rectangle</type>
			<description>None</description>
			<possibleresult>
				<name>Small Car</name>
			</possibleresult>
			<points>
				<point>89.000000,322.000000</point>
				<point>71.000000,322.000000</point>
				<point>71.000000,316.000000</point>
				<point>89.000000,316.000000</point>
				<point>89.000000,322.000000</point>
			</points>
		</object>
		<object>
			<coordinate>pixel</coordinate>
			<type>rectangle</type>
			<description>None</description>
			<possibleresult>
				<name>Small Car</name>
			</possibleresult>
			<points>
				<point>88.000000,332.000000</point>
				<point>72.000000,332.000000</point>
				<point>72.000000,326.000000</point>
				<point>88.000000,326.000000</point>
				<point>88.000000,332.000000</point>
			</points>
		</object>
		<object>
			<coordinate>pixel</coordinate>
			<type>rectangle</type>
			<description>None</description>
			<possibleresult>
				<name>Small Car</name>
			</possibleresult>
			<points>
				<point>89.000000,341.000000</point>
				<point>70.000000,341.000000</point>
				<point>70.000000,334.000000</point>
				<point>89.000000,334.000000</point>
				<point>89.000000,341.000000</point>
			</points>
		</object>
		<object>
			<coordinate>pixel</coordinate>
			<type>rectangle</type>
			<description>None</description>
			<possibleresult>
				<name>Small Car</name>
			</possibleresult>
			<points>
				<point>89.000000,351.000000</point>
				<point>70.000000,350.000000</point>
				<point>70.000000,344.000000</point>
				<point>89.000000,344.000000</point>
				<point>89.000000,351.000000</point>
			</points>
		</object>
		<object>
			<coordinate>pixel</coordinate>
			<type>rectangle</type>
			<description>None</description>
			<possibleresult>
				<name>Van</name>
			</possibleresult>
			<points>
				<point>90.000000,368.000000</point>
				<point>69.000000,368.000000</point>
				<point>69.000000,361.000000</point>
				<point>90.000000,361.000000</point>
				<point>90.000000,368.000000</point>
			</points>
		</object>
		<object>
			<coordinate>pixel</coordinate>
			<type>rectangle</type>
			<description>None</description>
			<possibleresult>
				<name>Van</name>
			</possibleresult>
			<points>
				<point>89.000000,377.000000</point>
				<point>72.000000,377.000000</point>
				<point>72.000000,371.000000</point>
				<point>89.000000,372.000000</point>
				<point>89.000000,377.000000</point>
			</points>
		</object>
		<object>
			<coordinate>pixel</coordinate>
			<type>rectangle</type>
			<description>None</description>
			<possibleresult>
				<name>Small Car</name>
			</possibleresult>
			<points>
				<point>24.000000,379.000000</point>
				<point>16.000000,379.000000</point>
				<point>16.000000,365.000000</point>
				<point>24.000000,365.000000</point>
				<point>24.000000,379.000000</point>
			</points>
		</object>
		<object>
			<coordinate>pixel</coordinate>
			<type>rectangle</type>
			<description>None</description>
			<possibleresult>
				<name>Small Car</name>
			</possibleresult>
			<points>
				<point>13.000000,381.000000</point>
				<point>6.000000,381.000000</point>
				<point>5.000000,366.000000</point>
				<point>13.000000,366.000000</point>
				<point>13.000000,381.000000</point>
			</points>
		</object>
		<object>
			<coordinate>pixel</coordinate>
			<type>rectangle</type>
			<description>None</description>
			<possibleresult>
				<name>Small Car</name>
			</possibleresult>
			<points>
				<point>65.000000,417.000000</point>
				<point>59.000000,422.000000</point>
				<point>49.000000,409.000000</point>
				<point>55.000000,404.000000</point>
				<point>65.000000,417.000000</point>
			</points>
		</object>
		<object>
			<coordinate>pixel</coordinate>
			<type>rectangle</type>
			<description>None</description>
			<possibleresult>
				<name>Small Car</name>
			</possibleresult>
			<points>
				<point>79.000000,445.000000</point>
				<point>60.000000,444.000000</point>
				<point>60.000000,438.000000</point>
				<point>79.000000,440.000000</point>
				<point>79.000000,445.000000</point>
			</points>
		</object>
		<object>
			<coordinate>pixel</coordinate>
			<type>rectangle</type>
			<description>None</description>
			<possibleresult>
				<name>Van</name>
			</possibleresult>
			<points>
				<point>108.000000,466.000000</point>
				<point>100.000000,466.000000</point>
				<point>100.000000,454.000000</point>
				<point>108.000000,454.000000</point>
				<point>108.000000,466.000000</point>
			</points>
		</object>
		<object>
			<coordinate>pixel</coordinate>
			<type>rectangle</type>
			<description>None</description>
			<possibleresult>
				<name>Van</name>
			</possibleresult>
			<points>
				<point>153.000000,466.000000</point>
				<point>145.000000,467.000000</point>
				<point>145.000000,453.000000</point>
				<point>152.000000,453.000000</point>
				<point>153.000000,466.000000</point>
			</points>
		</object>
		<object>
			<coordinate>pixel</coordinate>
			<type>rectangle</type>
			<description>None</description>
			<possibleresult>
				<name>Van</name>
			</possibleresult>
			<points>
				<point>196.000000,466.000000</point>
				<point>187.000000,466.000000</point>
				<point>186.000000,451.000000</point>
				<point>196.000000,450.000000</point>
				<point>196.000000,466.000000</point>
			</points>
		</object>
		<object>
			<coordinate>pixel</coordinate>
			<type>rectangle</type>
			<description>None</description>
			<possibleresult>
				<name>Small Car</name>
			</possibleresult>
			<points>
				<point>240.000000,466.000000</point>
				<point>231.000000,466.000000</point>
				<point>231.000000,449.000000</point>
				<point>240.000000,448.000000</point>
				<point>240.000000,466.000000</point>
			</points>
		</object>
		<object>
			<coordinate>pixel</coordinate>
			<type>rectangle</type>
			<description>None</description>
			<possibleresult>
				<name>Van</name>
			</possibleresult>
			<points>
				<point>218.000000,399.000000</point>
				<point>202.000000,399.000000</point>
				<point>202.000000,393.000000</point>
				<point>218.000000,392.000000</point>
				<point>218.000000,399.000000</point>
			</points>
		</object>
		<object>
			<coordinate>pixel</coordinate>
			<type>rectangle</type>
			<description>None</description>
			<possibleresult>
				<name>Van</name>
			</possibleresult>
			<points>
				<point>220.000000,391.000000</point>
				<point>201.000000,391.000000</point>
				<point>201.000000,384.000000</point>
				<point>220.000000,383.000000</point>
				<point>220.000000,391.000000</point>
			</points>
		</object>
		<object>
			<coordinate>pixel</coordinate>
			<type>rectangle</type>
			<description>None</description>
			<possibleresult>
				<name>Van</name>
			</possibleresult>
			<points>
				<point>221.000000,382.000000</point>
				<point>202.000000,382.000000</point>
				<point>202.000000,374.000000</point>
				<point>221.000000,375.000000</point>
				<point>221.000000,382.000000</point>
			</points>
		</object>
		<object>
			<coordinate>pixel</coordinate>
			<type>rectangle</type>
			<description>None</description>
			<possibleresult>
				<name>Small Car</name>
			</possibleresult>
			<points>
				<point>248.000000,308.000000</point>
				<point>247.000000,325.000000</point>
				<point>239.000000,324.000000</point>
				<point>240.000000,307.000000</point>
				<point>248.000000,308.000000</point>
			</points>
		</object>
		<object>
			<coordinate>pixel</coordinate>
			<type>rectangle</type>
			<description>None</description>
			<possibleresult>
				<name>Van</name>
			</possibleresult>
			<points>
				<point>223.000000,299.000000</point>
				<point>202.000000,298.000000</point>
				<point>202.000000,291.000000</point>
				<point>223.000000,291.000000</point>
				<point>223.000000,299.000000</point>
			</points>
		</object>
		<object>
			<coordinate>pixel</coordinate>
			<type>rectangle</type>
			<description>None</description>
			<possibleresult>
				<name>Van</name>
			</possibleresult>
			<points>
				<point>319.000000,417.000000</point>
				<point>314.000000,422.000000</point>
				<point>305.000000,413.000000</point>
				<point>309.000000,408.000000</point>
				<point>319.000000,417.000000</point>
			</points>
		</object>
		<object>
			<coordinate>pixel</coordinate>
			<type>rectangle</type>
			<description>None</description>
			<possibleresult>
				<name>Van</name>
			</possibleresult>
			<points>
				<point>418.000000,315.000000</point>
				<point>408.000000,315.000000</point>
				<point>409.000000,299.000000</point>
				<point>418.000000,299.000000</point>
				<point>418.000000,315.000000</point>
			</points>
		</object>
		<object>
			<coordinate>pixel</coordinate>
			<type>rectangle</type>
			<description>None</description>
			<possibleresult>
				<name>Van</name>
			</possibleresult>
			<points>
				<point>417.000000,153.000000</point>
				<point>408.000000,153.000000</point>
				<point>409.000000,136.000000</point>
				<point>417.000000,136.000000</point>
				<point>417.000000,153.000000</point>
			</points>
		</object>
		<object>
			<coordinate>pixel</coordinate>
			<type>rectangle</type>
			<description>None</description>
			<possibleresult>
				<name>Intersection</name>
			</possibleresult>
			<points>
				<point>866.000000,306.000000</point>
				<point>807.000000,305.000000</point>
				<point>807.000000,241.000000</point>
				<point>866.000000,242.000000</point>
				<point>866.000000,306.000000</point>
			</points>
		</object>
		<object>
			<coordinate>pixel</coordinate>
			<type>rectangle</type>
			<description>None</description>
			<possibleresult>
				<name>Small Car</name>
			</possibleresult>
			<points>
				<point>515.000000,163.000000</point>
				<point>493.000000,163.000000</point>
				<point>493.000000,157.000000</point>
				<point>515.000000,157.000000</point>
				<point>515.000000,163.000000</point>
			</points>
		</object>
		<object>
			<coordinate>pixel</coordinate>
			<type>rectangle</type>
			<description>None</description>
			<possibleresult>
				<name>Van</name>
			</possibleresult>
			<points>
				<point>511.000000,172.000000</point>
				<point>490.000000,173.000000</point>
				<point>490.000000,166.000000</point>
				<point>511.000000,165.000000</point>
				<point>511.000000,172.000000</point>
			</points>
		</object>
		<object>
			<coordinate>pixel</coordinate>
			<type>rectangle</type>
			<description>None</description>
			<possibleresult>
				<name>Small Car</name>
			</possibleresult>
			<points>
				<point>668.000000,217.000000</point>
				<point>648.000000,218.000000</point>
				<point>648.000000,211.000000</point>
				<point>668.000000,210.000000</point>
				<point>668.000000,217.000000</point>
			</points>
		</object>
		<object>
			<coordinate>pixel</coordinate>
			<type>rectangle</type>
			<description>None</description>
			<possibleresult>
				<name>Van</name>
			</possibleresult>
			<points>
				<point>670.000000,209.000000</point>
				<point>648.000000,209.000000</point>
				<point>648.000000,200.000000</point>
				<point>670.000000,200.000000</point>
				<point>670.000000,209.000000</point>
			</points>
		</object>
		<object>
			<coordinate>pixel</coordinate>
			<type>rectangle</type>
			<description>None</description>
			<possibleresult>
				<name>Van</name>
			</possibleresult>
			<points>
				<point>669.000000,198.000000</point>
				<point>648.000000,198.000000</point>
				<point>648.000000,191.000000</point>
				<point>669.000000,192.000000</point>
				<point>669.000000,198.000000</point>
			</points>
		</object>
		<object>
			<coordinate>pixel</coordinate>
			<type>rectangle</type>
			<description>None</description>
			<possibleresult>
				<name>Small Car</name>
			</possibleresult>
			<points>
				<point>669.000000,188.000000</point>
				<point>651.000000,188.000000</point>
				<point>651.000000,183.000000</point>
				<point>668.000000,183.000000</point>
				<point>669.000000,188.000000</point>
			</points>
		</object>
		<object>
			<coordinate>pixel</coordinate>
			<type>rectangle</type>
			<description>None</description>
			<possibleresult>
				<name>Small Car</name>
			</possibleresult>
			<points>
				<point>619.000000,120.000000</point>
				<point>608.000000,135.000000</point>
				<point>602.000000,130.000000</point>
				<point>613.000000,116.000000</point>
				<point>619.000000,120.000000</point>
			</points>
		</object>
		<object>
			<coordinate>pixel</coordinate>
			<type>rectangle</type>
			<description>None</description>
			<possibleresult>
				<name>Dump Truck</name>
			</possibleresult>
			<points>
				<point>634.000000,149.000000</point>
				<point>625.000000,150.000000</point>
				<point>624.000000,132.000000</point>
				<point>634.000000,132.000000</point>
				<point>634.000000,149.000000</point>
			</points>
		</object>
		<object>
			<coordinate>pixel</coordinate>
			<type>rectangle</type>
			<description>None</description>
			<possibleresult>
				<name>Dump Truck</name>
			</possibleresult>
			<points>
				<point>671.000000,144.000000</point>
				<point>649.000000,143.000000</point>
				<point>649.000000,136.000000</point>
				<point>671.000000,137.000000</point>
				<point>671.000000,144.000000</point>
			</points>
		</object>
		<object>
			<coordinate>pixel</coordinate>
			<type>rectangle</type>
			<description>None</description>
			<possibleresult>
				<name>Dump Truck</name>
			</possibleresult>
			<points>
				<point>668.000000,134.000000</point>
				<point>649.000000,134.000000</point>
				<point>648.000000,127.000000</point>
				<point>668.000000,127.000000</point>
				<point>668.000000,134.000000</point>
			</points>
		</object>
		<object>
			<coordinate>pixel</coordinate>
			<type>rectangle</type>
			<description>None</description>
			<possibleresult>
				<name>Small Car</name>
			</possibleresult>
			<points>
				<point>776.000000,212.000000</point>
				<point>759.000000,213.000000</point>
				<point>759.000000,207.000000</point>
				<point>776.000000,206.000000</point>
				<point>776.000000,212.000000</point>
			</points>
		</object>
		<object>
			<coordinate>pixel</coordinate>
			<type>rectangle</type>
			<description>None</description>
			<possibleresult>
				<name>Small Car</name>
			</possibleresult>
			<points>
				<point>817.000000,217.000000</point>
				<point>809.000000,217.000000</point>
				<point>810.000000,200.000000</point>
				<point>817.000000,200.000000</point>
				<point>817.000000,217.000000</point>
			</points>
		</object>
		<object>
			<coordinate>pixel</coordinate>
			<type>rectangle</type>
			<description>None</description>
			<possibleresult>
				<name>Dump Truck</name>
			</possibleresult>
			<points>
				<point>817.000000,131.000000</point>
				<point>816.000000,149.000000</point>
				<point>808.000000,148.000000</point>
				<point>810.000000,130.000000</point>
				<point>817.000000,131.000000</point>
			</points>
		</object>
		<object>
			<coordinate>pixel</coordinate>
			<type>rectangle</type>
			<description>None</description>
			<possibleresult>
				<name>Dump Truck</name>
			</possibleresult>
			<points>
				<point>918.000000,57.000000</point>
				<point>898.000000,56.000000</point>
				<point>898.000000,48.000000</point>
				<point>918.000000,49.000000</point>
				<point>918.000000,57.000000</point>
			</points>
		</object>
		<object>
			<coordinate>pixel</coordinate>
			<type>rectangle</type>
			<description>None</description>
			<possibleresult>
				<name>Small Car</name>
			</possibleresult>
			<points>
				<point>922.000000,43.000000</point>
				<point>905.000000,43.000000</point>
				<point>905.000000,37.000000</point>
				<point>922.000000,37.000000</point>
				<point>922.000000,43.000000</point>
			</points>
		</object>
		<object>
			<coordinate>pixel</coordinate>
			<type>rectangle</type>
			<description>None</description>
			<possibleresult>
				<name>Small Car</name>
			</possibleresult>
			<points>
				<point>921.000000,19.000000</point>
				<point>897.000000,19.000000</point>
				<point>898.000000,12.000000</point>
				<point>921.000000,13.000000</point>
				<point>921.000000,19.000000</point>
			</points>
		</object>
		<object>
			<coordinate>pixel</coordinate>
			<type>rectangle</type>
			<description>None</description>
			<possibleresult>
				<name>Small Car</name>
			</possibleresult>
			<points>
				<point>922.000000,30.000000</point>
				<point>921.000000,36.000000</point>
				<point>904.000000,35.000000</point>
				<point>904.000000,29.000000</point>
				<point>922.000000,30.000000</point>
			</points>
		</object>
		<object>
			<coordinate>pixel</coordinate>
			<type>rectangle</type>
			<description>None</description>
			<possibleresult>
				<name>Trailer</name>
			</possibleresult>
			<points>
				<point>922.000000,109.000000</point>
				<point>894.000000,108.000000</point>
				<point>895.000000,100.000000</point>
				<point>922.000000,101.000000</point>
				<point>922.000000,109.000000</point>
			</points>
		</object>
		<object>
			<coordinate>pixel</coordinate>
			<type>rectangle</type>
			<description>None</description>
			<possibleresult>
				<name>Van</name>
			</possibleresult>
			<points>
				<point>980.000000,179.000000</point>
				<point>979.000000,195.000000</point>
				<point>969.000000,194.000000</point>
				<point>970.000000,178.000000</point>
				<point>980.000000,179.000000</point>
			</points>
		</object>
		<object>
			<coordinate>pixel</coordinate>
			<type>rectangle</type>
			<description>None</description>
			<possibleresult>
				<name>Van</name>
			</possibleresult>
			<points>
				<point>977.000000,130.000000</point>
				<point>963.000000,130.000000</point>
				<point>963.000000,125.000000</point>
				<point>977.000000,124.000000</point>
				<point>977.000000,130.000000</point>
			</points>
		</object>
		<object>
			<coordinate>pixel</coordinate>
			<type>rectangle</type>
			<description>None</description>
			<possibleresult>
				<name>Van</name>
			</possibleresult>
			<points>
				<point>753.000000,415.000000</point>
				<point>742.000000,416.000000</point>
				<point>740.000000,393.000000</point>
				<point>750.000000,392.000000</point>
				<point>753.000000,415.000000</point>
			</points>
		</object>
		<object>
			<coordinate>pixel</coordinate>
			<type>rectangle</type>
			<description>None</description>
			<possibleresult>
				<name>Van</name>
			</possibleresult>
			<points>
				<point>980.000000,387.000000</point>
				<point>976.000000,404.000000</point>
				<point>967.000000,402.000000</point>
				<point>971.000000,385.000000</point>
				<point>980.000000,387.000000</point>
			</points>
		</object>
		<object>
			<coordinate>pixel</coordinate>
			<type>rectangle</type>
			<description>None</description>
			<possibleresult>
				<name>Van</name>
			</possibleresult>
			<points>
				<point>976.000000,426.000000</point>
				<point>968.000000,426.000000</point>
				<point>968.000000,409.000000</point>
				<point>976.000000,409.000000</point>
				<point>976.000000,426.000000</point>
			</points>
		</object>
		<object>
			<coordinate>pixel</coordinate>
			<type>rectangle</type>
			<description>None</description>
			<possibleresult>
				<name>Van</name>
			</possibleresult>
			<points>
				<point>967.000000,427.000000</point>
				<point>959.000000,428.000000</point>
				<point>957.000000,410.000000</point>
				<point>964.000000,409.000000</point>
				<point>967.000000,427.000000</point>
			</points>
		</object>
		<object>
			<coordinate>pixel</coordinate>
			<type>rectangle</type>
			<description>None</description>
			<possibleresult>
				<name>Dump Truck</name>
			</possibleresult>
			<points>
				<point>955.000000,384.000000</point>
				<point>954.000000,398.000000</point>
				<point>945.000000,397.000000</point>
				<point>946.000000,383.000000</point>
				<point>955.000000,384.000000</point>
			</points>
		</object>
		<object>
			<coordinate>pixel</coordinate>
			<type>rectangle</type>
			<description>None</description>
			<possibleresult>
				<name>Small Car</name>
			</possibleresult>
			<points>
				<point>12.000000,995.000000</point>
				<point>2.000000,995.000000</point>
				<point>2.000000,976.000000</point>
				<point>12.000000,977.000000</point>
				<point>12.000000,995.000000</point>
			</points>
		</object>
		<object>
			<coordinate>pixel</coordinate>
			<type>rectangle</type>
			<description>None</description>
			<possibleresult>
				<name>Van</name>
			</possibleresult>
			<points>
				<point>55.000000,957.000000</point>
				<point>40.000000,969.000000</point>
				<point>35.000000,964.000000</point>
				<point>50.000000,951.000000</point>
				<point>55.000000,957.000000</point>
			</points>
		</object>
		<object>
			<coordinate>pixel</coordinate>
			<type>rectangle</type>
			<description>None</description>
			<possibleresult>
				<name>Small Car</name>
			</possibleresult>
			<points>
				<point>56.000000,930.000000</point>
				<point>41.000000,942.000000</point>
				<point>37.000000,936.000000</point>
				<point>51.000000,924.000000</point>
				<point>56.000000,930.000000</point>
			</points>
		</object>
		<object>
			<coordinate>pixel</coordinate>
			<type>rectangle</type>
			<description>None</description>
			<possibleresult>
				<name>Van</name>
			</possibleresult>
			<points>
				<point>11.000000,945.000000</point>
				<point>2.000000,945.000000</point>
				<point>1.000000,927.000000</point>
				<point>11.000000,927.000000</point>
				<point>11.000000,945.000000</point>
			</points>
		</object>
		<object>
			<coordinate>pixel</coordinate>
			<type>rectangle</type>
			<description>None</description>
			<possibleresult>
				<name>Small Car</name>
			</possibleresult>
			<points>
				<point>56.000000,789.000000</point>
				<point>41.000000,799.000000</point>
				<point>37.000000,793.000000</point>
				<point>52.000000,783.000000</point>
				<point>56.000000,789.000000</point>
			</points>
		</object>
		<object>
			<coordinate>pixel</coordinate>
			<type>rectangle</type>
			<description>None</description>
			<possibleresult>
				<name>Small Car</name>
			</possibleresult>
			<points>
				<point>54.000000,750.000000</point>
				<point>38.000000,764.000000</point>
				<point>32.000000,757.000000</point>
				<point>49.000000,744.000000</point>
				<point>54.000000,750.000000</point>
			</points>
		</object>
		<object>
			<coordinate>pixel</coordinate>
			<type>rectangle</type>
			<description>None</description>
			<possibleresult>
				<name>Small Car</name>
			</possibleresult>
			<points>
				<point>12.000000,865.000000</point>
				<point>5.000000,865.000000</point>
				<point>5.000000,851.000000</point>
				<point>12.000000,851.000000</point>
				<point>12.000000,865.000000</point>
			</points>
		</object>
		<object>
			<coordinate>pixel</coordinate>
			<type>rectangle</type>
			<description>None</description>
			<possibleresult>
				<name>Dump Truck</name>
			</possibleresult>
			<points>
				<point>965.000000,17.000000</point>
				<point>964.000000,35.000000</point>
				<point>955.000000,35.000000</point>
				<point>955.000000,17.000000</point>
				<point>965.000000,17.000000</point>
			</points>
		</object>
		<object>
			<coordinate>pixel</coordinate>
			<type>rectangle</type>
			<description>None</description>
			<possibleresult>
				<name>Dump Truck</name>
			</possibleresult>
			<points>
				<point>965.000000,38.000000</point>
				<point>962.000000,59.000000</point>
				<point>951.000000,57.000000</point>
				<point>954.000000,37.000000</point>
				<point>965.000000,38.000000</point>
			</points>
		</object>
		<object>
			<coordinate>pixel</coordinate>
			<type>rectangle</type>
			<description>None</description>
			<possibleresult>
				<name>Dump Truck</name>
			</possibleresult>
			<points>
				<point>983.000000,18.000000</point>
				<point>975.000000,22.000000</point>
				<point>968.000000,5.000000</point>
				<point>976.000000,1.000000</point>
				<point>983.000000,18.000000</point>
			</points>
		</object>
	</objects>
</annotation>