<?xml version="1.0" encoding="utf-8"?>
<annotation>
	<source>
		<filename>8198.tif</filename>
		<origin>GF2/GF3</origin>
	</source>
	<research>
		<version>1.0</version>
		<provider>FAIR1M</provider>
		<author>Cyber</author>
		<pluginname>FAIR1M</pluginname>
		<pluginclass>object detection</pluginclass>
		<time>2021-07-21</time>
	</research>
	<size>
		<width>800</width>
		<height>800</height>
		<depth>3</depth>
	</size>
	<objects>
		<object>
			<coordinate>pixel</coordinate>
			<type>rectangle</type>
			<description>None</description>
			<possibleresult>
				<name>other-airplane</name>
			</possibleresult>
			<points>
				<point>334.000000,60.000000</point>
				<point>294.000000,64.000000</point>
				<point>291.000000,30.000000</point>
				<point>331.000000,26.000000</point>
				<point>334.000000,60.000000</point>
			</points>
		</object>
		<object>
			<coordinate>pixel</coordinate>
			<type>rectangle</type>
			<description>None</description>
			<possibleresult>
				<name>Boeing787</name>
			</possibleresult>
			<points>
				<point>349.000000,494.000000</point>
				<point>268.000000,503.000000</point>
				<point>259.000000,431.000000</point>
				<point>341.000000,421.000000</point>
				<point>349.000000,494.000000</point>
			</points>
		</object>
		<object>
			<coordinate>pixel</coordinate>
			<type>rectangle</type>
			<description>None</description>
			<possibleresult>
				<name>Boeing737</name>
			</possibleresult>
			<points>
				<point>640.000000,462.000000</point>
				<point>591.000000,468.000000</point>
				<point>586.000000,423.000000</point>
				<point>634.000000,417.000000</point>
				<point>640.000000,462.000000</point>
			</points>
		</object>
		<object>
			<coordinate>pixel</coordinate>
			<type>rectangle</type>
			<description>None</description>
			<possibleresult>
				<name>Boeing737</name>
			</possibleresult>
			<points>
				<point>635.000000,411.000000</point>
				<point>585.000000,418.000000</point>
				<point>579.000000,374.000000</point>
				<point>628.000000,367.000000</point>
				<point>635.000000,411.000000</point>
			</points>
		</object>
		<object>
			<coordinate>pixel</coordinate>
			<type>rectangle</type>
			<description>None</description>
			<possibleresult>
				<name>Boeing737</name>
			</possibleresult>
			<points>
				<point>660.000000,710.000000</point>
				<point>617.000000,713.000000</point>
				<point>614.000000,670.000000</point>
				<point>657.000000,666.000000</point>
				<point>660.000000,710.000000</point>
			</points>
		</object>
	</objects>
</annotation>