<?xml version="1.0" encoding="utf-8"?>
<annotation>
	<source>
		<filename>8223.tif</filename>
		<origin>GF2/GF3</origin>
	</source>
	<research>
		<version>1.0</version>
		<provider>FAIR1M</provider>
		<author>Cyber</author>
		<pluginname>FAIR1M</pluginname>
		<pluginclass>object detection</pluginclass>
		<time>2021-07-21</time>
	</research>
	<size>
		<width>600</width>
		<height>800</height>
		<depth>3</depth>
	</size>
	<objects>
		<object>
			<coordinate>pixel</coordinate>
			<type>rectangle</type>
			<description>None</description>
			<possibleresult>
				<name>Boeing737</name>
			</possibleresult>
			<points>
				<point>296.000000,70.000000</point>
				<point>259.000000,92.000000</point>
				<point>236.000000,52.000000</point>
				<point>273.000000,30.000000</point>
				<point>296.000000,70.000000</point>
			</points>
		</object>
		<object>
			<coordinate>pixel</coordinate>
			<type>rectangle</type>
			<description>None</description>
			<possibleresult>
				<name>Boeing737</name>
			</possibleresult>
			<points>
				<point>318.000031,54.999992</point>
				<point>292.535187,11.200478</point>
				<point>329.000031,-10.000015</point>
				<point>354.464874,33.799500</point>
				<point>318.000031,54.999992</point>
			</points>
		</object>
		<object>
			<coordinate>pixel</coordinate>
			<type>rectangle</type>
			<description>None</description>
			<possibleresult>
				<name>other-airplane</name>
			</possibleresult>
			<points>
				<point>390.000000,136.000000</point>
				<point>351.000000,162.000000</point>
				<point>330.000000,130.000000</point>
				<point>369.000000,104.000000</point>
				<point>390.000000,136.000000</point>
			</points>
		</object>
		<object>
			<coordinate>pixel</coordinate>
			<type>rectangle</type>
			<description>None</description>
			<possibleresult>
				<name>A220</name>
			</possibleresult>
			<points>
				<point>83.000000,218.000000</point>
				<point>45.000000,241.000000</point>
				<point>22.000000,202.000000</point>
				<point>60.000000,179.000000</point>
				<point>83.000000,218.000000</point>
			</points>
		</object>
	</objects>
</annotation>