<?xml version="1.0" encoding="utf-8"?>
<annotation>
	<source>
		<filename>8260.tif</filename>
		<origin>GF2/GF3</origin>
	</source>
	<research>
		<version>1.0</version>
		<provider>FAIR1M</provider>
		<author>Cyber</author>
		<pluginname>FAIR1M</pluginname>
		<pluginclass>object detection</pluginclass>
		<time>2021-07-21</time>
	</research>
	<size>
		<width>1000</width>
		<height>1000</height>
		<depth>3</depth>
	</size>
	<objects>
		<object>
			<coordinate>pixel</coordinate>
			<type>rectangle</type>
			<description>None</description>
			<possibleresult>
				<name>other-airplane</name>
			</possibleresult>
			<points>
				<point>214.000000,16.000000</point>
				<point>245.000000,72.000000</point>
				<point>288.000000,48.000000</point>
				<point>257.000000,-8.000000</point>
				<point>214.000000,16.000000</point>
			</points>
		</object>
		<object>
			<coordinate>pixel</coordinate>
			<type>rectangle</type>
			<description>None</description>
			<possibleresult>
				<name>A330</name>
			</possibleresult>
			<points>
				<point>306.000000,563.000000</point>
				<point>226.000000,605.000000</point>
				<point>265.000000,678.000000</point>
				<point>345.000000,636.000000</point>
				<point>306.000000,563.000000</point>
			</points>
		</object>
		<object>
			<coordinate>pixel</coordinate>
			<type>rectangle</type>
			<description>None</description>
			<possibleresult>
				<name>A220</name>
			</possibleresult>
			<points>
				<point>253.000000,750.000000</point>
				<point>228.000000,696.000000</point>
				<point>183.000000,717.000000</point>
				<point>208.000000,771.000000</point>
				<point>253.000000,750.000000</point>
			</points>
		</object>
	</objects>
</annotation>