<?xml version="1.0" encoding="utf-8"?>
<annotation>
	<source>
		<filename>8338.tif</filename>
		<origin>GF2/GF3</origin>
	</source>
	<research>
		<version>1.0</version>
		<provider>FAIR1M</provider>
		<author>Cyber</author>
		<pluginname>FAIR1M</pluginname>
		<pluginclass>object detection</pluginclass>
		<time>2021-07-21</time>
	</research>
	<size>
		<width>600</width>
		<height>800</height>
		<depth>4</depth>
	</size>
	<objects>
		<object>
			<coordinate>pixel</coordinate>
			<type>rectangle</type>
			<description>None</description>
			<possibleresult>
				<name>Van</name>
			</possibleresult>
			<points>
				<point>38.000000,577.000000</point>
				<point>31.000000,577.000000</point>
				<point>30.000000,562.000000</point>
				<point>37.000000,562.000000</point>
				<point>38.000000,577.000000</point>
			</points>
		</object>
		<object>
			<coordinate>pixel</coordinate>
			<type>rectangle</type>
			<description>None</description>
			<possibleresult>
				<name>Small Car</name>
			</possibleresult>
			<points>
				<point>131.000000,128.000000</point>
				<point>130.000000,135.000000</point>
				<point>104.000000,133.000000</point>
				<point>105.000000,126.000000</point>
				<point>131.000000,128.000000</point>
			</points>
		</object>
		<object>
			<coordinate>pixel</coordinate>
			<type>rectangle</type>
			<description>None</description>
			<possibleresult>
				<name>Small Car</name>
			</possibleresult>
			<points>
				<point>47.000000,69.000000</point>
				<point>44.000000,84.000000</point>
				<point>36.000000,83.000000</point>
				<point>39.000000,68.000000</point>
				<point>47.000000,69.000000</point>
			</points>
		</object>
		<object>
			<coordinate>pixel</coordinate>
			<type>rectangle</type>
			<description>None</description>
			<possibleresult>
				<name>Dump Truck</name>
			</possibleresult>
			<points>
				<point>61.000000,68.000000</point>
				<point>58.000000,86.000000</point>
				<point>49.000000,85.000000</point>
				<point>51.000000,67.000000</point>
				<point>61.000000,68.000000</point>
			</points>
		</object>
		<object>
			<coordinate>pixel</coordinate>
			<type>rectangle</type>
			<description>None</description>
			<possibleresult>
				<name>Dump Truck</name>
			</possibleresult>
			<points>
				<point>77.000000,65.000000</point>
				<point>76.000000,86.000000</point>
				<point>66.000000,86.000000</point>
				<point>67.000000,65.000000</point>
				<point>77.000000,65.000000</point>
			</points>
		</object>
		<object>
			<coordinate>pixel</coordinate>
			<type>rectangle</type>
			<description>None</description>
			<possibleresult>
				<name>Dump Truck</name>
			</possibleresult>
			<points>
				<point>43.000000,45.000000</point>
				<point>42.000000,53.000000</point>
				<point>17.000000,50.000000</point>
				<point>18.000000,42.000000</point>
				<point>43.000000,45.000000</point>
			</points>
		</object>
		<object>
			<coordinate>pixel</coordinate>
			<type>rectangle</type>
			<description>None</description>
			<possibleresult>
				<name>Small Car</name>
			</possibleresult>
			<points>
				<point>42.000000,36.000000</point>
				<point>41.000000,43.000000</point>
				<point>19.000000,40.000000</point>
				<point>20.000000,33.000000</point>
				<point>42.000000,36.000000</point>
			</points>
		</object>
		<object>
			<coordinate>pixel</coordinate>
			<type>rectangle</type>
			<description>None</description>
			<possibleresult>
				<name>Small Car</name>
			</possibleresult>
			<points>
				<point>49.000000,24.000000</point>
				<point>48.000000,32.000000</point>
				<point>22.000000,30.000000</point>
				<point>22.000000,22.000000</point>
				<point>49.000000,24.000000</point>
			</points>
		</object>
		<object>
			<coordinate>pixel</coordinate>
			<type>rectangle</type>
			<description>None</description>
			<possibleresult>
				<name>Dump Truck</name>
			</possibleresult>
			<points>
				<point>49.000000,13.000000</point>
				<point>48.000000,21.000000</point>
				<point>22.000000,18.000000</point>
				<point>23.000000,10.000000</point>
				<point>49.000000,13.000000</point>
			</points>
		</object>
		<object>
			<coordinate>pixel</coordinate>
			<type>rectangle</type>
			<description>None</description>
			<possibleresult>
				<name>Dump Truck</name>
			</possibleresult>
			<points>
				<point>52.000000,3.000000</point>
				<point>51.000000,11.000000</point>
				<point>26.000000,8.000000</point>
				<point>27.000000,0.000000</point>
				<point>52.000000,3.000000</point>
			</points>
		</object>
	</objects>
</annotation>