<?xml version="1.0" encoding="utf-8"?>
<annotation>
	<source>
		<filename>8374.tif</filename>
		<origin>GF2/GF3</origin>
	</source>
	<research>
		<version>1.0</version>
		<provider>FAIR1M</provider>
		<author>Cyber</author>
		<pluginname>FAIR1M</pluginname>
		<pluginclass>object detection</pluginclass>
		<time>2021-07-21</time>
	</research>
	<size>
		<width>1000</width>
		<height>1000</height>
		<depth>3</depth>
	</size>
	<objects>
		<object>
			<coordinate>pixel</coordinate>
			<type>rectangle</type>
			<description>None</description>
			<possibleresult>
				<name>Van</name>
			</possibleresult>
			<points>
				<point>912.000000,28.000000</point>
				<point>911.000000,35.000000</point>
				<point>897.000000,33.000000</point>
				<point>898.000000,26.000000</point>
				<point>912.000000,28.000000</point>
			</points>
		</object>
		<object>
			<coordinate>pixel</coordinate>
			<type>rectangle</type>
			<description>None</description>
			<possibleresult>
				<name>Small Car</name>
			</possibleresult>
			<points>
				<point>889.000000,24.000000</point>
				<point>887.000000,31.000000</point>
				<point>868.000000,25.000000</point>
				<point>870.000000,17.000000</point>
				<point>889.000000,24.000000</point>
			</points>
		</object>
		<object>
			<coordinate>pixel</coordinate>
			<type>rectangle</type>
			<description>None</description>
			<possibleresult>
				<name>Van</name>
			</possibleresult>
			<points>
				<point>833.000000,93.000000</point>
				<point>822.000000,95.000000</point>
				<point>821.000000,88.000000</point>
				<point>831.000000,86.000000</point>
				<point>833.000000,93.000000</point>
			</points>
		</object>
		<object>
			<coordinate>pixel</coordinate>
			<type>rectangle</type>
			<description>None</description>
			<possibleresult>
				<name>Van</name>
			</possibleresult>
			<points>
				<point>880.000000,146.000000</point>
				<point>879.000000,151.000000</point>
				<point>867.000000,149.000000</point>
				<point>868.000000,143.000000</point>
				<point>880.000000,146.000000</point>
			</points>
		</object>
		<object>
			<coordinate>pixel</coordinate>
			<type>rectangle</type>
			<description>None</description>
			<possibleresult>
				<name>Van</name>
			</possibleresult>
			<points>
				<point>835.000000,151.000000</point>
				<point>822.000000,153.000000</point>
				<point>821.000000,145.000000</point>
				<point>833.000000,143.000000</point>
				<point>835.000000,151.000000</point>
			</points>
		</object>
		<object>
			<coordinate>pixel</coordinate>
			<type>rectangle</type>
			<description>None</description>
			<possibleresult>
				<name>Van</name>
			</possibleresult>
			<points>
				<point>833.000000,294.000000</point>
				<point>821.000000,296.000000</point>
				<point>820.000000,288.000000</point>
				<point>831.000000,286.000000</point>
				<point>833.000000,294.000000</point>
			</points>
		</object>
		<object>
			<coordinate>pixel</coordinate>
			<type>rectangle</type>
			<description>None</description>
			<possibleresult>
				<name>Van</name>
			</possibleresult>
			<points>
				<point>834.000000,338.000000</point>
				<point>823.000000,341.000000</point>
				<point>820.000000,333.000000</point>
				<point>831.000000,330.000000</point>
				<point>834.000000,338.000000</point>
			</points>
		</object>
		<object>
			<coordinate>pixel</coordinate>
			<type>rectangle</type>
			<description>None</description>
			<possibleresult>
				<name>Van</name>
			</possibleresult>
			<points>
				<point>836.000000,349.000000</point>
				<point>822.000000,352.000000</point>
				<point>821.000000,346.000000</point>
				<point>834.000000,344.000000</point>
				<point>836.000000,349.000000</point>
			</points>
		</object>
		<object>
			<coordinate>pixel</coordinate>
			<type>rectangle</type>
			<description>None</description>
			<possibleresult>
				<name>Van</name>
			</possibleresult>
			<points>
				<point>834.000000,359.000000</point>
				<point>822.000000,362.000000</point>
				<point>820.000000,355.000000</point>
				<point>832.000000,352.000000</point>
				<point>834.000000,359.000000</point>
			</points>
		</object>
		<object>
			<coordinate>pixel</coordinate>
			<type>rectangle</type>
			<description>None</description>
			<possibleresult>
				<name>Van</name>
			</possibleresult>
			<points>
				<point>835.000000,378.000000</point>
				<point>822.000000,381.000000</point>
				<point>821.000000,374.000000</point>
				<point>834.000000,371.000000</point>
				<point>835.000000,378.000000</point>
			</points>
		</object>
		<object>
			<coordinate>pixel</coordinate>
			<type>rectangle</type>
			<description>None</description>
			<possibleresult>
				<name>Football Field</name>
			</possibleresult>
			<points>
				<point>643.000000,406.000000</point>
				<point>438.000000,405.000000</point>
				<point>439.000000,28.000000</point>
				<point>643.000000,28.000000</point>
				<point>643.000000,406.000000</point>
			</points>
		</object>
		<object>
			<coordinate>pixel</coordinate>
			<type>rectangle</type>
			<description>None</description>
			<possibleresult>
				<name>Van</name>
			</possibleresult>
			<points>
				<point>230.000000,821.000000</point>
				<point>227.000000,829.000000</point>
				<point>203.000000,820.000000</point>
				<point>206.000000,812.000000</point>
				<point>230.000000,821.000000</point>
			</points>
		</object>
		<object>
			<coordinate>pixel</coordinate>
			<type>rectangle</type>
			<description>None</description>
			<possibleresult>
				<name>Small Car</name>
			</possibleresult>
			<points>
				<point>836.000000,303.000000</point>
				<point>822.000000,307.000000</point>
				<point>820.000000,300.000000</point>
				<point>835.000000,296.000000</point>
				<point>836.000000,303.000000</point>
			</points>
		</object>
		<object>
			<coordinate>pixel</coordinate>
			<type>rectangle</type>
			<description>None</description>
			<possibleresult>
				<name>Small Car</name>
			</possibleresult>
			<points>
				<point>837.000000,314.000000</point>
				<point>823.000000,316.000000</point>
				<point>822.000000,308.000000</point>
				<point>836.000000,305.000000</point>
				<point>837.000000,314.000000</point>
			</points>
		</object>
		<object>
			<coordinate>pixel</coordinate>
			<type>rectangle</type>
			<description>None</description>
			<possibleresult>
				<name>Small Car</name>
			</possibleresult>
			<points>
				<point>836.000000,368.000000</point>
				<point>823.000000,372.000000</point>
				<point>821.000000,365.000000</point>
				<point>834.000000,361.000000</point>
				<point>836.000000,368.000000</point>
			</points>
		</object>
		<object>
			<coordinate>pixel</coordinate>
			<type>rectangle</type>
			<description>None</description>
			<possibleresult>
				<name>Van</name>
			</possibleresult>
			<points>
				<point>838.000000,389.000000</point>
				<point>823.000000,391.000000</point>
				<point>822.000000,382.000000</point>
				<point>836.000000,380.000000</point>
				<point>838.000000,389.000000</point>
			</points>
		</object>
		<object>
			<coordinate>pixel</coordinate>
			<type>rectangle</type>
			<description>None</description>
			<possibleresult>
				<name>Small Car</name>
			</possibleresult>
			<points>
				<point>843.000000,437.000000</point>
				<point>821.000000,441.000000</point>
				<point>819.000000,431.000000</point>
				<point>841.000000,428.000000</point>
				<point>843.000000,437.000000</point>
			</points>
		</object>
		<object>
			<coordinate>pixel</coordinate>
			<type>rectangle</type>
			<description>None</description>
			<possibleresult>
				<name>Small Car</name>
			</possibleresult>
			<points>
				<point>962.000000,474.000000</point>
				<point>942.000000,478.000000</point>
				<point>940.000000,469.000000</point>
				<point>960.000000,465.000000</point>
				<point>962.000000,474.000000</point>
			</points>
		</object>
		<object>
			<coordinate>pixel</coordinate>
			<type>rectangle</type>
			<description>None</description>
			<possibleresult>
				<name>Small Car</name>
			</possibleresult>
			<points>
				<point>966.000000,463.000000</point>
				<point>944.000000,467.000000</point>
				<point>942.000000,460.000000</point>
				<point>965.000000,456.000000</point>
				<point>966.000000,463.000000</point>
			</points>
		</object>
		<object>
			<coordinate>pixel</coordinate>
			<type>rectangle</type>
			<description>None</description>
			<possibleresult>
				<name>Van</name>
			</possibleresult>
			<points>
				<point>964.000000,453.000000</point>
				<point>943.000000,457.000000</point>
				<point>942.000000,451.000000</point>
				<point>962.000000,447.000000</point>
				<point>964.000000,453.000000</point>
			</points>
		</object>
		<object>
			<coordinate>pixel</coordinate>
			<type>rectangle</type>
			<description>None</description>
			<possibleresult>
				<name>Van</name>
			</possibleresult>
			<points>
				<point>968.000000,444.000000</point>
				<point>947.000000,449.000000</point>
				<point>945.000000,442.000000</point>
				<point>966.000000,436.000000</point>
				<point>968.000000,444.000000</point>
			</points>
		</object>
		<object>
			<coordinate>pixel</coordinate>
			<type>rectangle</type>
			<description>None</description>
			<possibleresult>
				<name>Small Car</name>
			</possibleresult>
			<points>
				<point>966.000000,435.000000</point>
				<point>947.000000,439.000000</point>
				<point>945.000000,432.000000</point>
				<point>965.000000,428.000000</point>
				<point>966.000000,435.000000</point>
			</points>
		</object>
		<object>
			<coordinate>pixel</coordinate>
			<type>rectangle</type>
			<description>None</description>
			<possibleresult>
				<name>Van</name>
			</possibleresult>
			<points>
				<point>966.000000,426.000000</point>
				<point>950.000000,429.000000</point>
				<point>948.000000,421.000000</point>
				<point>964.000000,418.000000</point>
				<point>966.000000,426.000000</point>
			</points>
		</object>
		<object>
			<coordinate>pixel</coordinate>
			<type>rectangle</type>
			<description>None</description>
			<possibleresult>
				<name>Van</name>
			</possibleresult>
			<points>
				<point>964.000000,418.000000</point>
				<point>943.000000,421.000000</point>
				<point>942.000000,415.000000</point>
				<point>963.000000,411.000000</point>
				<point>964.000000,418.000000</point>
			</points>
		</object>
		<object>
			<coordinate>pixel</coordinate>
			<type>rectangle</type>
			<description>None</description>
			<possibleresult>
				<name>Small Car</name>
			</possibleresult>
			<points>
				<point>966.000000,410.000000</point>
				<point>941.000000,413.000000</point>
				<point>940.000000,404.000000</point>
				<point>965.000000,401.000000</point>
				<point>966.000000,410.000000</point>
			</points>
		</object>
		<object>
			<coordinate>pixel</coordinate>
			<type>rectangle</type>
			<description>None</description>
			<possibleresult>
				<name>Van</name>
			</possibleresult>
			<points>
				<point>966.000000,397.000000</point>
				<point>946.000000,401.000000</point>
				<point>944.000000,393.000000</point>
				<point>965.000000,389.000000</point>
				<point>966.000000,397.000000</point>
			</points>
		</object>
		<object>
			<coordinate>pixel</coordinate>
			<type>rectangle</type>
			<description>None</description>
			<possibleresult>
				<name>Small Car</name>
			</possibleresult>
			<points>
				<point>964.000000,388.000000</point>
				<point>944.000000,391.000000</point>
				<point>943.000000,383.000000</point>
				<point>963.000000,380.000000</point>
				<point>964.000000,388.000000</point>
			</points>
		</object>
		<object>
			<coordinate>pixel</coordinate>
			<type>rectangle</type>
			<description>None</description>
			<possibleresult>
				<name>Small Car</name>
			</possibleresult>
			<points>
				<point>967.000000,378.000000</point>
				<point>945.000000,382.000000</point>
				<point>944.000000,375.000000</point>
				<point>965.000000,370.000000</point>
				<point>967.000000,378.000000</point>
			</points>
		</object>
		<object>
			<coordinate>pixel</coordinate>
			<type>rectangle</type>
			<description>None</description>
			<possibleresult>
				<name>Small Car</name>
			</possibleresult>
			<points>
				<point>965.000000,370.000000</point>
				<point>942.000000,372.000000</point>
				<point>941.000000,365.000000</point>
				<point>964.000000,362.000000</point>
				<point>965.000000,370.000000</point>
			</points>
		</object>
		<object>
			<coordinate>pixel</coordinate>
			<type>rectangle</type>
			<description>None</description>
			<possibleresult>
				<name>Small Car</name>
			</possibleresult>
			<points>
				<point>963.000000,361.000000</point>
				<point>945.000000,364.000000</point>
				<point>944.000000,357.000000</point>
				<point>962.000000,354.000000</point>
				<point>963.000000,361.000000</point>
			</points>
		</object>
		<object>
			<coordinate>pixel</coordinate>
			<type>rectangle</type>
			<description>None</description>
			<possibleresult>
				<name>Van</name>
			</possibleresult>
			<points>
				<point>965.000000,350.000000</point>
				<point>947.000000,354.000000</point>
				<point>946.000000,348.000000</point>
				<point>963.000000,344.000000</point>
				<point>965.000000,350.000000</point>
			</points>
		</object>
		<object>
			<coordinate>pixel</coordinate>
			<type>rectangle</type>
			<description>None</description>
			<possibleresult>
				<name>Small Car</name>
			</possibleresult>
			<points>
				<point>968.000000,332.000000</point>
				<point>949.000000,336.000000</point>
				<point>947.000000,328.000000</point>
				<point>966.000000,324.000000</point>
				<point>968.000000,332.000000</point>
			</points>
		</object>
		<object>
			<coordinate>pixel</coordinate>
			<type>rectangle</type>
			<description>None</description>
			<possibleresult>
				<name>Small Car</name>
			</possibleresult>
			<points>
				<point>964.000000,322.000000</point>
				<point>944.000000,327.000000</point>
				<point>943.000000,319.000000</point>
				<point>963.000000,315.000000</point>
				<point>964.000000,322.000000</point>
			</points>
		</object>
		<object>
			<coordinate>pixel</coordinate>
			<type>rectangle</type>
			<description>None</description>
			<possibleresult>
				<name>Small Car</name>
			</possibleresult>
			<points>
				<point>961.000000,314.000000</point>
				<point>940.000000,316.000000</point>
				<point>939.000000,309.000000</point>
				<point>960.000000,307.000000</point>
				<point>961.000000,314.000000</point>
			</points>
		</object>
		<object>
			<coordinate>pixel</coordinate>
			<type>rectangle</type>
			<description>None</description>
			<possibleresult>
				<name>Small Car</name>
			</possibleresult>
			<points>
				<point>966.000000,295.000000</point>
				<point>947.000000,299.000000</point>
				<point>945.000000,292.000000</point>
				<point>964.000000,288.000000</point>
				<point>966.000000,295.000000</point>
			</points>
		</object>
		<object>
			<coordinate>pixel</coordinate>
			<type>rectangle</type>
			<description>None</description>
			<possibleresult>
				<name>Small Car</name>
			</possibleresult>
			<points>
				<point>966.000000,286.000000</point>
				<point>946.000000,290.000000</point>
				<point>945.000000,282.000000</point>
				<point>965.000000,278.000000</point>
				<point>966.000000,286.000000</point>
			</points>
		</object>
		<object>
			<coordinate>pixel</coordinate>
			<type>rectangle</type>
			<description>None</description>
			<possibleresult>
				<name>Small Car</name>
			</possibleresult>
			<points>
				<point>968.000000,9.000000</point>
				<point>948.000000,14.000000</point>
				<point>946.000000,6.000000</point>
				<point>966.000000,1.000000</point>
				<point>968.000000,9.000000</point>
			</points>
		</object>
		<object>
			<coordinate>pixel</coordinate>
			<type>rectangle</type>
			<description>None</description>
			<possibleresult>
				<name>Small Car</name>
			</possibleresult>
			<points>
				<point>964.000000,18.000000</point>
				<point>944.000000,23.000000</point>
				<point>942.000000,16.000000</point>
				<point>962.000000,11.000000</point>
				<point>964.000000,18.000000</point>
			</points>
		</object>
		<object>
			<coordinate>pixel</coordinate>
			<type>rectangle</type>
			<description>None</description>
			<possibleresult>
				<name>Small Car</name>
			</possibleresult>
			<points>
				<point>964.000000,28.000000</point>
				<point>943.000000,32.000000</point>
				<point>941.000000,25.000000</point>
				<point>962.000000,21.000000</point>
				<point>964.000000,28.000000</point>
			</points>
		</object>
		<object>
			<coordinate>pixel</coordinate>
			<type>rectangle</type>
			<description>None</description>
			<possibleresult>
				<name>Small Car</name>
			</possibleresult>
			<points>
				<point>964.000000,36.000000</point>
				<point>945.000000,40.000000</point>
				<point>943.000000,33.000000</point>
				<point>962.000000,29.000000</point>
				<point>964.000000,36.000000</point>
			</points>
		</object>
		<object>
			<coordinate>pixel</coordinate>
			<type>rectangle</type>
			<description>None</description>
			<possibleresult>
				<name>Van</name>
			</possibleresult>
			<points>
				<point>966.000000,47.000000</point>
				<point>948.000000,52.000000</point>
				<point>946.000000,44.000000</point>
				<point>964.000000,39.000000</point>
				<point>966.000000,47.000000</point>
			</points>
		</object>
		<object>
			<coordinate>pixel</coordinate>
			<type>rectangle</type>
			<description>None</description>
			<possibleresult>
				<name>Van</name>
			</possibleresult>
			<points>
				<point>968.000000,55.000000</point>
				<point>949.000000,61.000000</point>
				<point>947.000000,53.000000</point>
				<point>966.000000,48.000000</point>
				<point>968.000000,55.000000</point>
			</points>
		</object>
		<object>
			<coordinate>pixel</coordinate>
			<type>rectangle</type>
			<description>None</description>
			<possibleresult>
				<name>Small Car</name>
			</possibleresult>
			<points>
				<point>967.000000,65.000000</point>
				<point>947.000000,69.000000</point>
				<point>946.000000,61.000000</point>
				<point>966.000000,58.000000</point>
				<point>967.000000,65.000000</point>
			</points>
		</object>
		<object>
			<coordinate>pixel</coordinate>
			<type>rectangle</type>
			<description>None</description>
			<possibleresult>
				<name>Small Car</name>
			</possibleresult>
			<points>
				<point>966.000000,74.000000</point>
				<point>946.000000,78.000000</point>
				<point>944.000000,71.000000</point>
				<point>965.000000,67.000000</point>
				<point>966.000000,74.000000</point>
			</points>
		</object>
		<object>
			<coordinate>pixel</coordinate>
			<type>rectangle</type>
			<description>None</description>
			<possibleresult>
				<name>Van</name>
			</possibleresult>
			<points>
				<point>966.000000,85.000000</point>
				<point>944.000000,88.000000</point>
				<point>943.000000,80.000000</point>
				<point>965.000000,77.000000</point>
				<point>966.000000,85.000000</point>
			</points>
		</object>
		<object>
			<coordinate>pixel</coordinate>
			<type>rectangle</type>
			<description>None</description>
			<possibleresult>
				<name>Small Car</name>
			</possibleresult>
			<points>
				<point>965.000000,93.000000</point>
				<point>945.000000,97.000000</point>
				<point>944.000000,90.000000</point>
				<point>963.000000,86.000000</point>
				<point>965.000000,93.000000</point>
			</points>
		</object>
		<object>
			<coordinate>pixel</coordinate>
			<type>rectangle</type>
			<description>None</description>
			<possibleresult>
				<name>Van</name>
			</possibleresult>
			<points>
				<point>966.000000,102.000000</point>
				<point>947.000000,107.000000</point>
				<point>945.000000,100.000000</point>
				<point>964.000000,95.000000</point>
				<point>966.000000,102.000000</point>
			</points>
		</object>
		<object>
			<coordinate>pixel</coordinate>
			<type>rectangle</type>
			<description>None</description>
			<possibleresult>
				<name>Small Car</name>
			</possibleresult>
			<points>
				<point>966.000000,113.000000</point>
				<point>944.000000,118.000000</point>
				<point>942.000000,110.000000</point>
				<point>964.000000,105.000000</point>
				<point>966.000000,113.000000</point>
			</points>
		</object>
		<object>
			<coordinate>pixel</coordinate>
			<type>rectangle</type>
			<description>None</description>
			<possibleresult>
				<name>Van</name>
			</possibleresult>
			<points>
				<point>966.000000,122.000000</point>
				<point>948.000000,125.000000</point>
				<point>947.000000,118.000000</point>
				<point>964.000000,115.000000</point>
				<point>966.000000,122.000000</point>
			</points>
		</object>
		<object>
			<coordinate>pixel</coordinate>
			<type>rectangle</type>
			<description>None</description>
			<possibleresult>
				<name>Small Car</name>
			</possibleresult>
			<points>
				<point>967.000000,131.000000</point>
				<point>947.000000,136.000000</point>
				<point>945.000000,128.000000</point>
				<point>965.000000,122.000000</point>
				<point>967.000000,131.000000</point>
			</points>
		</object>
		<object>
			<coordinate>pixel</coordinate>
			<type>rectangle</type>
			<description>None</description>
			<possibleresult>
				<name>Small Car</name>
			</possibleresult>
			<points>
				<point>965.000000,141.000000</point>
				<point>944.000000,145.000000</point>
				<point>943.000000,137.000000</point>
				<point>964.000000,133.000000</point>
				<point>965.000000,141.000000</point>
			</points>
		</object>
		<object>
			<coordinate>pixel</coordinate>
			<type>rectangle</type>
			<description>None</description>
			<possibleresult>
				<name>Van</name>
			</possibleresult>
			<points>
				<point>964.000000,151.000000</point>
				<point>942.000000,155.000000</point>
				<point>941.000000,146.000000</point>
				<point>963.000000,143.000000</point>
				<point>964.000000,151.000000</point>
			</points>
		</object>
		<object>
			<coordinate>pixel</coordinate>
			<type>rectangle</type>
			<description>None</description>
			<possibleresult>
				<name>Small Car</name>
			</possibleresult>
			<points>
				<point>965.000000,159.000000</point>
				<point>945.000000,164.000000</point>
				<point>943.000000,157.000000</point>
				<point>963.000000,152.000000</point>
				<point>965.000000,159.000000</point>
			</points>
		</object>
		<object>
			<coordinate>pixel</coordinate>
			<type>rectangle</type>
			<description>None</description>
			<possibleresult>
				<name>Small Car</name>
			</possibleresult>
			<points>
				<point>962.000000,170.000000</point>
				<point>942.000000,174.000000</point>
				<point>940.000000,166.000000</point>
				<point>961.000000,162.000000</point>
				<point>962.000000,170.000000</point>
			</points>
		</object>
		<object>
			<coordinate>pixel</coordinate>
			<type>rectangle</type>
			<description>None</description>
			<possibleresult>
				<name>Small Car</name>
			</possibleresult>
			<points>
				<point>965.000000,178.000000</point>
				<point>946.000000,184.000000</point>
				<point>944.000000,176.000000</point>
				<point>962.000000,171.000000</point>
				<point>965.000000,178.000000</point>
			</points>
		</object>
		<object>
			<coordinate>pixel</coordinate>
			<type>rectangle</type>
			<description>None</description>
			<possibleresult>
				<name>Small Car</name>
			</possibleresult>
			<points>
				<point>836.000000,102.000000</point>
				<point>822.000000,104.000000</point>
				<point>821.000000,97.000000</point>
				<point>835.000000,96.000000</point>
				<point>836.000000,102.000000</point>
			</points>
		</object>
		<object>
			<coordinate>pixel</coordinate>
			<type>rectangle</type>
			<description>None</description>
			<possibleresult>
				<name>Small Car</name>
			</possibleresult>
			<points>
				<point>834.000000,66.000000</point>
				<point>821.000000,67.000000</point>
				<point>820.000000,60.000000</point>
				<point>833.000000,58.000000</point>
				<point>834.000000,66.000000</point>
			</points>
		</object>
		<object>
			<coordinate>pixel</coordinate>
			<type>rectangle</type>
			<description>None</description>
			<possibleresult>
				<name>Small Car</name>
			</possibleresult>
			<points>
				<point>834.000000,75.000000</point>
				<point>822.000000,76.000000</point>
				<point>821.000000,70.000000</point>
				<point>833.000000,68.000000</point>
				<point>834.000000,75.000000</point>
			</points>
		</object>
		<object>
			<coordinate>pixel</coordinate>
			<type>rectangle</type>
			<description>None</description>
			<possibleresult>
				<name>Small Car</name>
			</possibleresult>
			<points>
				<point>835.000000,83.000000</point>
				<point>822.000000,85.000000</point>
				<point>821.000000,78.000000</point>
				<point>834.000000,77.000000</point>
				<point>835.000000,83.000000</point>
			</points>
		</object>
		<object>
			<coordinate>pixel</coordinate>
			<type>rectangle</type>
			<description>None</description>
			<possibleresult>
				<name>Small Car</name>
			</possibleresult>
			<points>
				<point>834.000000,121.000000</point>
				<point>821.000000,121.000000</point>
				<point>821.000000,116.000000</point>
				<point>833.000000,116.000000</point>
				<point>834.000000,121.000000</point>
			</points>
		</object>
		<object>
			<coordinate>pixel</coordinate>
			<type>rectangle</type>
			<description>None</description>
			<possibleresult>
				<name>Van</name>
			</possibleresult>
			<points>
				<point>836.000000,130.000000</point>
				<point>821.000000,134.000000</point>
				<point>819.000000,127.000000</point>
				<point>834.000000,123.000000</point>
				<point>836.000000,130.000000</point>
			</points>
		</object>
		<object>
			<coordinate>pixel</coordinate>
			<type>rectangle</type>
			<description>None</description>
			<possibleresult>
				<name>Small Car</name>
			</possibleresult>
			<points>
				<point>836.000000,139.000000</point>
				<point>822.000000,143.000000</point>
				<point>820.000000,136.000000</point>
				<point>834.000000,132.000000</point>
				<point>836.000000,139.000000</point>
			</points>
		</object>
		<object>
			<coordinate>pixel</coordinate>
			<type>rectangle</type>
			<description>None</description>
			<possibleresult>
				<name>Van</name>
			</possibleresult>
			<points>
				<point>836.000000,159.000000</point>
				<point>823.000000,162.000000</point>
				<point>822.000000,155.000000</point>
				<point>834.000000,152.000000</point>
				<point>836.000000,159.000000</point>
			</points>
		</object>
		<object>
			<coordinate>pixel</coordinate>
			<type>rectangle</type>
			<description>None</description>
			<possibleresult>
				<name>Small Car</name>
			</possibleresult>
			<points>
				<point>836.000000,169.000000</point>
				<point>822.000000,173.000000</point>
				<point>820.000000,165.000000</point>
				<point>834.000000,161.000000</point>
				<point>836.000000,169.000000</point>
			</points>
		</object>
		<object>
			<coordinate>pixel</coordinate>
			<type>rectangle</type>
			<description>None</description>
			<possibleresult>
				<name>Dump Truck</name>
			</possibleresult>
			<points>
				<point>886.000000,61.000000</point>
				<point>885.000000,68.000000</point>
				<point>865.000000,63.000000</point>
				<point>867.000000,56.000000</point>
				<point>886.000000,61.000000</point>
			</points>
		</object>
		<object>
			<coordinate>pixel</coordinate>
			<type>rectangle</type>
			<description>None</description>
			<possibleresult>
				<name>Small Car</name>
			</possibleresult>
			<points>
				<point>884.000000,51.000000</point>
				<point>882.000000,58.000000</point>
				<point>863.000000,53.000000</point>
				<point>865.000000,46.000000</point>
				<point>884.000000,51.000000</point>
			</points>
		</object>
		<object>
			<coordinate>pixel</coordinate>
			<type>rectangle</type>
			<description>None</description>
			<possibleresult>
				<name>Van</name>
			</possibleresult>
			<points>
				<point>887.000000,43.000000</point>
				<point>885.000000,50.000000</point>
				<point>866.000000,44.000000</point>
				<point>868.000000,37.000000</point>
				<point>887.000000,43.000000</point>
			</points>
		</object>
		<object>
			<coordinate>pixel</coordinate>
			<type>rectangle</type>
			<description>None</description>
			<possibleresult>
				<name>Small Car</name>
			</possibleresult>
			<points>
				<point>888.000000,32.000000</point>
				<point>887.000000,40.000000</point>
				<point>868.000000,36.000000</point>
				<point>869.000000,29.000000</point>
				<point>888.000000,32.000000</point>
			</points>
		</object>
		<object>
			<coordinate>pixel</coordinate>
			<type>rectangle</type>
			<description>None</description>
			<possibleresult>
				<name>Small Car</name>
			</possibleresult>
			<points>
				<point>912.000000,38.000000</point>
				<point>910.000000,45.000000</point>
				<point>891.000000,41.000000</point>
				<point>893.000000,34.000000</point>
				<point>912.000000,38.000000</point>
			</points>
		</object>
		<object>
			<coordinate>pixel</coordinate>
			<type>rectangle</type>
			<description>None</description>
			<possibleresult>
				<name>Van</name>
			</possibleresult>
			<points>
				<point>913.000000,48.000000</point>
				<point>911.000000,56.000000</point>
				<point>890.000000,51.000000</point>
				<point>892.000000,44.000000</point>
				<point>913.000000,48.000000</point>
			</points>
		</object>
		<object>
			<coordinate>pixel</coordinate>
			<type>rectangle</type>
			<description>None</description>
			<possibleresult>
				<name>Small Car</name>
			</possibleresult>
			<points>
				<point>909.000000,57.000000</point>
				<point>908.000000,64.000000</point>
				<point>888.000000,59.000000</point>
				<point>889.000000,53.000000</point>
				<point>909.000000,57.000000</point>
			</points>
		</object>
		<object>
			<coordinate>pixel</coordinate>
			<type>rectangle</type>
			<description>None</description>
			<possibleresult>
				<name>Van</name>
			</possibleresult>
			<points>
				<point>910.000000,65.000000</point>
				<point>908.000000,73.000000</point>
				<point>889.000000,70.000000</point>
				<point>891.000000,62.000000</point>
				<point>910.000000,65.000000</point>
			</points>
		</object>
		<object>
			<coordinate>pixel</coordinate>
			<type>rectangle</type>
			<description>None</description>
			<possibleresult>
				<name>Van</name>
			</possibleresult>
			<points>
				<point>911.000000,77.000000</point>
				<point>910.000000,84.000000</point>
				<point>890.000000,79.000000</point>
				<point>892.000000,73.000000</point>
				<point>911.000000,77.000000</point>
			</points>
		</object>
		<object>
			<coordinate>pixel</coordinate>
			<type>rectangle</type>
			<description>None</description>
			<possibleresult>
				<name>Small Car</name>
			</possibleresult>
			<points>
				<point>889.000000,71.000000</point>
				<point>887.000000,78.000000</point>
				<point>867.000000,72.000000</point>
				<point>868.000000,66.000000</point>
				<point>889.000000,71.000000</point>
			</points>
		</object>
		<object>
			<coordinate>pixel</coordinate>
			<type>rectangle</type>
			<description>None</description>
			<possibleresult>
				<name>Van</name>
			</possibleresult>
			<points>
				<point>889.000000,82.000000</point>
				<point>887.000000,88.000000</point>
				<point>869.000000,82.000000</point>
				<point>871.000000,76.000000</point>
				<point>889.000000,82.000000</point>
			</points>
		</object>
		<object>
			<coordinate>pixel</coordinate>
			<type>rectangle</type>
			<description>None</description>
			<possibleresult>
				<name>Small Car</name>
			</possibleresult>
			<points>
				<point>913.000000,86.000000</point>
				<point>911.000000,94.000000</point>
				<point>890.000000,88.000000</point>
				<point>892.000000,81.000000</point>
				<point>913.000000,86.000000</point>
			</points>
		</object>
		<object>
			<coordinate>pixel</coordinate>
			<type>rectangle</type>
			<description>None</description>
			<possibleresult>
				<name>Small Car</name>
			</possibleresult>
			<points>
				<point>887.000000,90.000000</point>
				<point>885.000000,97.000000</point>
				<point>865.000000,92.000000</point>
				<point>866.000000,85.000000</point>
				<point>887.000000,90.000000</point>
			</points>
		</object>
		<object>
			<coordinate>pixel</coordinate>
			<type>rectangle</type>
			<description>None</description>
			<possibleresult>
				<name>Small Car</name>
			</possibleresult>
			<points>
				<point>912.000000,96.000000</point>
				<point>911.000000,103.000000</point>
				<point>889.000000,98.000000</point>
				<point>891.000000,90.000000</point>
				<point>912.000000,96.000000</point>
			</points>
		</object>
		<object>
			<coordinate>pixel</coordinate>
			<type>rectangle</type>
			<description>None</description>
			<possibleresult>
				<name>Van</name>
			</possibleresult>
			<points>
				<point>886.000000,99.000000</point>
				<point>884.000000,107.000000</point>
				<point>865.000000,101.000000</point>
				<point>868.000000,93.000000</point>
				<point>886.000000,99.000000</point>
			</points>
		</object>
		<object>
			<coordinate>pixel</coordinate>
			<type>rectangle</type>
			<description>None</description>
			<possibleresult>
				<name>Small Car</name>
			</possibleresult>
			<points>
				<point>909.000000,106.000000</point>
				<point>908.000000,113.000000</point>
				<point>888.000000,108.000000</point>
				<point>890.000000,102.000000</point>
				<point>909.000000,106.000000</point>
			</points>
		</object>
		<object>
			<coordinate>pixel</coordinate>
			<type>rectangle</type>
			<description>None</description>
			<possibleresult>
				<name>Small Car</name>
			</possibleresult>
			<points>
				<point>888.000000,109.000000</point>
				<point>886.000000,116.000000</point>
				<point>866.000000,111.000000</point>
				<point>868.000000,104.000000</point>
				<point>888.000000,109.000000</point>
			</points>
		</object>
		<object>
			<coordinate>pixel</coordinate>
			<type>rectangle</type>
			<description>None</description>
			<possibleresult>
				<name>Small Car</name>
			</possibleresult>
			<points>
				<point>913.000000,116.000000</point>
				<point>911.000000,123.000000</point>
				<point>891.000000,117.000000</point>
				<point>893.000000,110.000000</point>
				<point>913.000000,116.000000</point>
			</points>
		</object>
		<object>
			<coordinate>pixel</coordinate>
			<type>rectangle</type>
			<description>None</description>
			<possibleresult>
				<name>Small Car</name>
			</possibleresult>
			<points>
				<point>886.000000,117.000000</point>
				<point>884.000000,125.000000</point>
				<point>865.000000,121.000000</point>
				<point>867.000000,113.000000</point>
				<point>886.000000,117.000000</point>
			</points>
		</object>
		<object>
			<coordinate>pixel</coordinate>
			<type>rectangle</type>
			<description>None</description>
			<possibleresult>
				<name>Van</name>
			</possibleresult>
			<points>
				<point>887.000000,125.000000</point>
				<point>885.000000,134.000000</point>
				<point>867.000000,131.000000</point>
				<point>868.000000,122.000000</point>
				<point>887.000000,125.000000</point>
			</points>
		</object>
		<object>
			<coordinate>pixel</coordinate>
			<type>rectangle</type>
			<description>None</description>
			<possibleresult>
				<name>Small Car</name>
			</possibleresult>
			<points>
				<point>914.000000,125.000000</point>
				<point>912.000000,133.000000</point>
				<point>889.000000,126.000000</point>
				<point>891.000000,119.000000</point>
				<point>914.000000,125.000000</point>
			</points>
		</object>
		<object>
			<coordinate>pixel</coordinate>
			<type>rectangle</type>
			<description>None</description>
			<possibleresult>
				<name>Small Car</name>
			</possibleresult>
			<points>
				<point>888.000000,186.000000</point>
				<point>886.000000,192.000000</point>
				<point>865.000000,185.000000</point>
				<point>867.000000,179.000000</point>
				<point>888.000000,186.000000</point>
			</points>
		</object>
		<object>
			<coordinate>pixel</coordinate>
			<type>rectangle</type>
			<description>None</description>
			<possibleresult>
				<name>Small Car</name>
			</possibleresult>
			<points>
				<point>887.000000,157.000000</point>
				<point>885.000000,163.000000</point>
				<point>864.000000,156.000000</point>
				<point>866.000000,150.000000</point>
				<point>887.000000,157.000000</point>
			</points>
		</object>
		<object>
			<coordinate>pixel</coordinate>
			<type>rectangle</type>
			<description>None</description>
			<possibleresult>
				<name>Small Car</name>
			</possibleresult>
			<points>
				<point>885.000000,173.000000</point>
				<point>883.000000,180.000000</point>
				<point>862.000000,175.000000</point>
				<point>863.000000,168.000000</point>
				<point>885.000000,173.000000</point>
			</points>
		</object>
		<object>
			<coordinate>pixel</coordinate>
			<type>rectangle</type>
			<description>None</description>
			<possibleresult>
				<name>Small Car</name>
			</possibleresult>
			<points>
				<point>887.000000,165.000000</point>
				<point>885.000000,172.000000</point>
				<point>863.000000,165.000000</point>
				<point>865.000000,159.000000</point>
				<point>887.000000,165.000000</point>
			</points>
		</object>
		<object>
			<coordinate>pixel</coordinate>
			<type>rectangle</type>
			<description>None</description>
			<possibleresult>
				<name>Small Car</name>
			</possibleresult>
			<points>
				<point>910.000000,163.000000</point>
				<point>909.000000,169.000000</point>
				<point>887.000000,164.000000</point>
				<point>889.000000,158.000000</point>
				<point>910.000000,163.000000</point>
			</points>
		</object>
		<object>
			<coordinate>pixel</coordinate>
			<type>rectangle</type>
			<description>None</description>
			<possibleresult>
				<name>Small Car</name>
			</possibleresult>
			<points>
				<point>911.000000,172.000000</point>
				<point>909.000000,179.000000</point>
				<point>886.000000,173.000000</point>
				<point>888.000000,166.000000</point>
				<point>911.000000,172.000000</point>
			</points>
		</object>
		<object>
			<coordinate>pixel</coordinate>
			<type>rectangle</type>
			<description>None</description>
			<possibleresult>
				<name>Small Car</name>
			</possibleresult>
			<points>
				<point>908.000000,180.000000</point>
				<point>906.000000,187.000000</point>
				<point>886.000000,181.000000</point>
				<point>888.000000,174.000000</point>
				<point>908.000000,180.000000</point>
			</points>
		</object>
		<object>
			<coordinate>pixel</coordinate>
			<type>rectangle</type>
			<description>None</description>
			<possibleresult>
				<name>Small Car</name>
			</possibleresult>
			<points>
				<point>886.000000,238.000000</point>
				<point>884.000000,246.000000</point>
				<point>865.000000,241.000000</point>
				<point>867.000000,234.000000</point>
				<point>886.000000,238.000000</point>
			</points>
		</object>
		<object>
			<coordinate>pixel</coordinate>
			<type>rectangle</type>
			<description>None</description>
			<possibleresult>
				<name>Small Car</name>
			</possibleresult>
			<points>
				<point>885.000000,248.000000</point>
				<point>884.000000,254.000000</point>
				<point>864.000000,251.000000</point>
				<point>865.000000,244.000000</point>
				<point>885.000000,248.000000</point>
			</points>
		</object>
		<object>
			<coordinate>pixel</coordinate>
			<type>rectangle</type>
			<description>None</description>
			<possibleresult>
				<name>Small Car</name>
			</possibleresult>
			<points>
				<point>913.000000,255.000000</point>
				<point>911.000000,263.000000</point>
				<point>891.000000,258.000000</point>
				<point>893.000000,250.000000</point>
				<point>913.000000,255.000000</point>
			</points>
		</object>
		<object>
			<coordinate>pixel</coordinate>
			<type>rectangle</type>
			<description>None</description>
			<possibleresult>
				<name>Van</name>
			</possibleresult>
			<points>
				<point>887.000000,258.000000</point>
				<point>886.000000,265.000000</point>
				<point>865.000000,260.000000</point>
				<point>866.000000,254.000000</point>
				<point>887.000000,258.000000</point>
			</points>
		</object>
		<object>
			<coordinate>pixel</coordinate>
			<type>rectangle</type>
			<description>None</description>
			<possibleresult>
				<name>Van</name>
			</possibleresult>
			<points>
				<point>909.000000,264.000000</point>
				<point>907.000000,272.000000</point>
				<point>891.000000,267.000000</point>
				<point>893.000000,259.000000</point>
				<point>909.000000,264.000000</point>
			</points>
		</object>
		<object>
			<coordinate>pixel</coordinate>
			<type>rectangle</type>
			<description>None</description>
			<possibleresult>
				<name>Small Car</name>
			</possibleresult>
			<points>
				<point>887.000000,267.000000</point>
				<point>885.000000,274.000000</point>
				<point>865.000000,270.000000</point>
				<point>866.000000,263.000000</point>
				<point>887.000000,267.000000</point>
			</points>
		</object>
		<object>
			<coordinate>pixel</coordinate>
			<type>rectangle</type>
			<description>None</description>
			<possibleresult>
				<name>Van</name>
			</possibleresult>
			<points>
				<point>887.000000,277.000000</point>
				<point>885.000000,285.000000</point>
				<point>865.000000,279.000000</point>
				<point>867.000000,272.000000</point>
				<point>887.000000,277.000000</point>
			</points>
		</object>
		<object>
			<coordinate>pixel</coordinate>
			<type>rectangle</type>
			<description>None</description>
			<possibleresult>
				<name>Small Car</name>
			</possibleresult>
			<points>
				<point>885.000000,286.000000</point>
				<point>883.000000,294.000000</point>
				<point>862.000000,289.000000</point>
				<point>864.000000,282.000000</point>
				<point>885.000000,286.000000</point>
			</points>
		</object>
		<object>
			<coordinate>pixel</coordinate>
			<type>rectangle</type>
			<description>None</description>
			<possibleresult>
				<name>Van</name>
			</possibleresult>
			<points>
				<point>910.000000,319.000000</point>
				<point>909.000000,327.000000</point>
				<point>890.000000,323.000000</point>
				<point>891.000000,315.000000</point>
				<point>910.000000,319.000000</point>
			</points>
		</object>
		<object>
			<coordinate>pixel</coordinate>
			<type>rectangle</type>
			<description>None</description>
			<possibleresult>
				<name>Small Car</name>
			</possibleresult>
			<points>
				<point>889.000000,315.000000</point>
				<point>888.000000,322.000000</point>
				<point>868.000000,317.000000</point>
				<point>870.000000,311.000000</point>
				<point>889.000000,315.000000</point>
			</points>
		</object>
		<object>
			<coordinate>pixel</coordinate>
			<type>rectangle</type>
			<description>None</description>
			<possibleresult>
				<name>Small Car</name>
			</possibleresult>
			<points>
				<point>911.000000,330.000000</point>
				<point>909.000000,337.000000</point>
				<point>890.000000,332.000000</point>
				<point>891.000000,325.000000</point>
				<point>911.000000,330.000000</point>
			</points>
		</object>
		<object>
			<coordinate>pixel</coordinate>
			<type>rectangle</type>
			<description>None</description>
			<possibleresult>
				<name>Small Car</name>
			</possibleresult>
			<points>
				<point>890.000000,325.000000</point>
				<point>888.000000,333.000000</point>
				<point>869.000000,329.000000</point>
				<point>871.000000,321.000000</point>
				<point>890.000000,325.000000</point>
			</points>
		</object>
		<object>
			<coordinate>pixel</coordinate>
			<type>rectangle</type>
			<description>None</description>
			<possibleresult>
				<name>Van</name>
			</possibleresult>
			<points>
				<point>890.000000,335.000000</point>
				<point>888.000000,342.000000</point>
				<point>868.000000,336.000000</point>
				<point>870.000000,330.000000</point>
				<point>890.000000,335.000000</point>
			</points>
		</object>
		<object>
			<coordinate>pixel</coordinate>
			<type>rectangle</type>
			<description>None</description>
			<possibleresult>
				<name>Van</name>
			</possibleresult>
			<points>
				<point>912.000000,341.000000</point>
				<point>910.000000,348.000000</point>
				<point>890.000000,341.000000</point>
				<point>893.000000,334.000000</point>
				<point>912.000000,341.000000</point>
			</points>
		</object>
		<object>
			<coordinate>pixel</coordinate>
			<type>rectangle</type>
			<description>None</description>
			<possibleresult>
				<name>Small Car</name>
			</possibleresult>
			<points>
				<point>911.000000,349.000000</point>
				<point>910.000000,356.000000</point>
				<point>890.000000,350.000000</point>
				<point>891.000000,344.000000</point>
				<point>911.000000,349.000000</point>
			</points>
		</object>
		<object>
			<coordinate>pixel</coordinate>
			<type>rectangle</type>
			<description>None</description>
			<possibleresult>
				<name>Small Car</name>
			</possibleresult>
			<points>
				<point>889.000000,345.000000</point>
				<point>887.000000,351.000000</point>
				<point>869.000000,345.000000</point>
				<point>871.000000,338.000000</point>
				<point>889.000000,345.000000</point>
			</points>
		</object>
		<object>
			<coordinate>pixel</coordinate>
			<type>rectangle</type>
			<description>None</description>
			<possibleresult>
				<name>Van</name>
			</possibleresult>
			<points>
				<point>909.000000,358.000000</point>
				<point>907.000000,364.000000</point>
				<point>889.000000,360.000000</point>
				<point>890.000000,354.000000</point>
				<point>909.000000,358.000000</point>
			</points>
		</object>
		<object>
			<coordinate>pixel</coordinate>
			<type>rectangle</type>
			<description>None</description>
			<possibleresult>
				<name>Small Car</name>
			</possibleresult>
			<points>
				<point>886.000000,352.000000</point>
				<point>885.000000,359.000000</point>
				<point>866.000000,355.000000</point>
				<point>868.000000,348.000000</point>
				<point>886.000000,352.000000</point>
			</points>
		</object>
		<object>
			<coordinate>pixel</coordinate>
			<type>rectangle</type>
			<description>None</description>
			<possibleresult>
				<name>Van</name>
			</possibleresult>
			<points>
				<point>910.000000,370.000000</point>
				<point>907.000000,376.000000</point>
				<point>887.000000,369.000000</point>
				<point>889.000000,362.000000</point>
				<point>910.000000,370.000000</point>
			</points>
		</object>
		<object>
			<coordinate>pixel</coordinate>
			<type>rectangle</type>
			<description>None</description>
			<possibleresult>
				<name>Van</name>
			</possibleresult>
			<points>
				<point>885.000000,362.000000</point>
				<point>884.000000,369.000000</point>
				<point>863.000000,363.000000</point>
				<point>864.000000,357.000000</point>
				<point>885.000000,362.000000</point>
			</points>
		</object>
		<object>
			<coordinate>pixel</coordinate>
			<type>rectangle</type>
			<description>None</description>
			<possibleresult>
				<name>Small Car</name>
			</possibleresult>
			<points>
				<point>910.000000,377.000000</point>
				<point>909.000000,385.000000</point>
				<point>889.000000,380.000000</point>
				<point>890.000000,373.000000</point>
				<point>910.000000,377.000000</point>
			</points>
		</object>
		<object>
			<coordinate>pixel</coordinate>
			<type>rectangle</type>
			<description>None</description>
			<possibleresult>
				<name>Small Car</name>
			</possibleresult>
			<points>
				<point>888.000000,373.000000</point>
				<point>886.000000,380.000000</point>
				<point>866.000000,374.000000</point>
				<point>868.000000,367.000000</point>
				<point>888.000000,373.000000</point>
			</points>
		</object>
		<object>
			<coordinate>pixel</coordinate>
			<type>rectangle</type>
			<description>None</description>
			<possibleresult>
				<name>Small Car</name>
			</possibleresult>
			<points>
				<point>888.000000,382.000000</point>
				<point>886.000000,390.000000</point>
				<point>863.000000,383.000000</point>
				<point>865.000000,376.000000</point>
				<point>888.000000,382.000000</point>
			</points>
		</object>
		<object>
			<coordinate>pixel</coordinate>
			<type>rectangle</type>
			<description>None</description>
			<possibleresult>
				<name>Small Car</name>
			</possibleresult>
			<points>
				<point>912.000000,388.000000</point>
				<point>910.000000,395.000000</point>
				<point>889.000000,391.000000</point>
				<point>891.000000,384.000000</point>
				<point>912.000000,388.000000</point>
			</points>
		</object>
		<object>
			<coordinate>pixel</coordinate>
			<type>rectangle</type>
			<description>None</description>
			<possibleresult>
				<name>Small Car</name>
			</possibleresult>
			<points>
				<point>910.000000,397.000000</point>
				<point>908.000000,404.000000</point>
				<point>888.000000,399.000000</point>
				<point>889.000000,391.000000</point>
				<point>910.000000,397.000000</point>
			</points>
		</object>
		<object>
			<coordinate>pixel</coordinate>
			<type>rectangle</type>
			<description>None</description>
			<possibleresult>
				<name>Small Car</name>
			</possibleresult>
			<points>
				<point>886.000000,392.000000</point>
				<point>884.000000,399.000000</point>
				<point>864.000000,393.000000</point>
				<point>866.000000,386.000000</point>
				<point>886.000000,392.000000</point>
			</points>
		</object>
		<object>
			<coordinate>pixel</coordinate>
			<type>rectangle</type>
			<description>None</description>
			<possibleresult>
				<name>Small Car</name>
			</possibleresult>
			<points>
				<point>884.000000,426.000000</point>
				<point>882.000000,433.000000</point>
				<point>866.000000,430.000000</point>
				<point>867.000000,423.000000</point>
				<point>884.000000,426.000000</point>
			</points>
		</object>
		<object>
			<coordinate>pixel</coordinate>
			<type>rectangle</type>
			<description>None</description>
			<possibleresult>
				<name>Small Car</name>
			</possibleresult>
			<points>
				<point>886.000000,448.000000</point>
				<point>883.000000,455.000000</point>
				<point>865.000000,449.000000</point>
				<point>867.000000,442.000000</point>
				<point>886.000000,448.000000</point>
			</points>
		</object>
		<object>
			<coordinate>pixel</coordinate>
			<type>rectangle</type>
			<description>None</description>
			<possibleresult>
				<name>Van</name>
			</possibleresult>
			<points>
				<point>889.000000,439.000000</point>
				<point>887.000000,446.000000</point>
				<point>867.000000,441.000000</point>
				<point>869.000000,434.000000</point>
				<point>889.000000,439.000000</point>
			</points>
		</object>
		<object>
			<coordinate>pixel</coordinate>
			<type>rectangle</type>
			<description>None</description>
			<possibleresult>
				<name>Small Car</name>
			</possibleresult>
			<points>
				<point>909.000000,443.000000</point>
				<point>906.000000,451.000000</point>
				<point>888.000000,445.000000</point>
				<point>890.000000,438.000000</point>
				<point>909.000000,443.000000</point>
			</points>
		</object>
		<object>
			<coordinate>pixel</coordinate>
			<type>rectangle</type>
			<description>None</description>
			<possibleresult>
				<name>Small Car</name>
			</possibleresult>
			<points>
				<point>908.000000,453.000000</point>
				<point>906.000000,460.000000</point>
				<point>885.000000,454.000000</point>
				<point>887.000000,448.000000</point>
				<point>908.000000,453.000000</point>
			</points>
		</object>
		<object>
			<coordinate>pixel</coordinate>
			<type>rectangle</type>
			<description>None</description>
			<possibleresult>
				<name>Small Car</name>
			</possibleresult>
			<points>
				<point>908.000000,463.000000</point>
				<point>906.000000,469.000000</point>
				<point>887.000000,464.000000</point>
				<point>888.000000,457.000000</point>
				<point>908.000000,463.000000</point>
			</points>
		</object>
		<object>
			<coordinate>pixel</coordinate>
			<type>rectangle</type>
			<description>None</description>
			<possibleresult>
				<name>Small Car</name>
			</possibleresult>
			<points>
				<point>888.000000,456.000000</point>
				<point>886.000000,464.000000</point>
				<point>864.000000,458.000000</point>
				<point>866.000000,450.000000</point>
				<point>888.000000,456.000000</point>
			</points>
		</object>
		<object>
			<coordinate>pixel</coordinate>
			<type>rectangle</type>
			<description>None</description>
			<possibleresult>
				<name>Van</name>
			</possibleresult>
			<points>
				<point>906.000000,470.000000</point>
				<point>904.000000,479.000000</point>
				<point>886.000000,475.000000</point>
				<point>888.000000,466.000000</point>
				<point>906.000000,470.000000</point>
			</points>
		</object>
		<object>
			<coordinate>pixel</coordinate>
			<type>rectangle</type>
			<description>None</description>
			<possibleresult>
				<name>Small Car</name>
			</possibleresult>
			<points>
				<point>886.000000,467.000000</point>
				<point>884.000000,474.000000</point>
				<point>859.000000,465.000000</point>
				<point>861.000000,458.000000</point>
				<point>886.000000,467.000000</point>
			</points>
		</object>
		<object>
			<coordinate>pixel</coordinate>
			<type>rectangle</type>
			<description>None</description>
			<possibleresult>
				<name>Small Car</name>
			</possibleresult>
			<points>
				<point>926.000000,468.000000</point>
				<point>925.000000,485.000000</point>
				<point>915.000000,484.000000</point>
				<point>916.000000,467.000000</point>
				<point>926.000000,468.000000</point>
			</points>
		</object>
		<object>
			<coordinate>pixel</coordinate>
			<type>rectangle</type>
			<description>None</description>
			<possibleresult>
				<name>Small Car</name>
			</possibleresult>
			<points>
				<point>883.000000,475.000000</point>
				<point>881.000000,482.000000</point>
				<point>858.000000,475.000000</point>
				<point>859.000000,469.000000</point>
				<point>883.000000,475.000000</point>
			</points>
		</object>
		<object>
			<coordinate>pixel</coordinate>
			<type>rectangle</type>
			<description>None</description>
			<possibleresult>
				<name>Van</name>
			</possibleresult>
			<points>
				<point>351.000000,498.000000</point>
				<point>334.000000,504.000000</point>
				<point>331.000000,496.000000</point>
				<point>349.000000,490.000000</point>
				<point>351.000000,498.000000</point>
			</points>
		</object>
		<object>
			<coordinate>pixel</coordinate>
			<type>rectangle</type>
			<description>None</description>
			<possibleresult>
				<name>Small Car</name>
			</possibleresult>
			<points>
				<point>357.000000,509.000000</point>
				<point>342.000000,514.000000</point>
				<point>340.000000,507.000000</point>
				<point>355.000000,502.000000</point>
				<point>357.000000,509.000000</point>
			</points>
		</object>
		<object>
			<coordinate>pixel</coordinate>
			<type>rectangle</type>
			<description>None</description>
			<possibleresult>
				<name>Small Car</name>
			</possibleresult>
			<points>
				<point>364.000000,525.000000</point>
				<point>341.000000,526.000000</point>
				<point>341.000000,519.000000</point>
				<point>364.000000,519.000000</point>
				<point>364.000000,525.000000</point>
			</points>
		</object>
		<object>
			<coordinate>pixel</coordinate>
			<type>rectangle</type>
			<description>None</description>
			<possibleresult>
				<name>Cargo Truck</name>
			</possibleresult>
			<points>
				<point>395.000000,580.000000</point>
				<point>365.000000,582.000000</point>
				<point>365.000000,571.000000</point>
				<point>394.000000,570.000000</point>
				<point>395.000000,580.000000</point>
			</points>
		</object>
		<object>
			<coordinate>pixel</coordinate>
			<type>rectangle</type>
			<description>None</description>
			<possibleresult>
				<name>Cargo Truck</name>
			</possibleresult>
			<points>
				<point>321.000000,567.000000</point>
				<point>293.000000,567.000000</point>
				<point>293.000000,555.000000</point>
				<point>321.000000,556.000000</point>
				<point>321.000000,567.000000</point>
			</points>
		</object>
		<object>
			<coordinate>pixel</coordinate>
			<type>rectangle</type>
			<description>None</description>
			<possibleresult>
				<name>Cargo Truck</name>
			</possibleresult>
			<points>
				<point>315.000000,578.000000</point>
				<point>283.000000,579.000000</point>
				<point>283.000000,569.000000</point>
				<point>315.000000,568.000000</point>
				<point>315.000000,578.000000</point>
			</points>
		</object>
		<object>
			<coordinate>pixel</coordinate>
			<type>rectangle</type>
			<description>None</description>
			<possibleresult>
				<name>Dump Truck</name>
			</possibleresult>
			<points>
				<point>179.000000,630.000000</point>
				<point>175.000000,640.000000</point>
				<point>150.000000,629.000000</point>
				<point>155.000000,619.000000</point>
				<point>179.000000,630.000000</point>
			</points>
		</object>
		<object>
			<coordinate>pixel</coordinate>
			<type>rectangle</type>
			<description>None</description>
			<possibleresult>
				<name>Van</name>
			</possibleresult>
			<points>
				<point>76.000000,625.000000</point>
				<point>63.000000,640.000000</point>
				<point>56.000000,634.000000</point>
				<point>69.000000,619.000000</point>
				<point>76.000000,625.000000</point>
			</points>
		</object>
		<object>
			<coordinate>pixel</coordinate>
			<type>rectangle</type>
			<description>None</description>
			<possibleresult>
				<name>Van</name>
			</possibleresult>
			<points>
				<point>52.000000,593.000000</point>
				<point>45.000000,610.000000</point>
				<point>36.000000,606.000000</point>
				<point>43.000000,589.000000</point>
				<point>52.000000,593.000000</point>
			</points>
		</object>
		<object>
			<coordinate>pixel</coordinate>
			<type>rectangle</type>
			<description>None</description>
			<possibleresult>
				<name>Small Car</name>
			</possibleresult>
			<points>
				<point>39.000000,588.000000</point>
				<point>35.000000,605.000000</point>
				<point>26.000000,603.000000</point>
				<point>30.000000,586.000000</point>
				<point>39.000000,588.000000</point>
			</points>
		</object>
		<object>
			<coordinate>pixel</coordinate>
			<type>rectangle</type>
			<description>None</description>
			<possibleresult>
				<name>Small Car</name>
			</possibleresult>
			<points>
				<point>246.000000,546.000000</point>
				<point>240.000000,552.000000</point>
				<point>227.000000,538.000000</point>
				<point>234.000000,532.000000</point>
				<point>246.000000,546.000000</point>
			</points>
		</object>
		<object>
			<coordinate>pixel</coordinate>
			<type>rectangle</type>
			<description>None</description>
			<possibleresult>
				<name>Small Car</name>
			</possibleresult>
			<points>
				<point>234.000000,552.000000</point>
				<point>226.000000,557.000000</point>
				<point>217.000000,542.000000</point>
				<point>225.000000,537.000000</point>
				<point>234.000000,552.000000</point>
			</points>
		</object>
		<object>
			<coordinate>pixel</coordinate>
			<type>rectangle</type>
			<description>None</description>
			<possibleresult>
				<name>Small Car</name>
			</possibleresult>
			<points>
				<point>227.000000,559.000000</point>
				<point>221.000000,565.000000</point>
				<point>208.000000,551.000000</point>
				<point>215.000000,545.000000</point>
				<point>227.000000,559.000000</point>
			</points>
		</object>
		<object>
			<coordinate>pixel</coordinate>
			<type>rectangle</type>
			<description>None</description>
			<possibleresult>
				<name>Small Car</name>
			</possibleresult>
			<points>
				<point>219.000000,562.000000</point>
				<point>212.000000,569.000000</point>
				<point>199.000000,555.000000</point>
				<point>206.000000,548.000000</point>
				<point>219.000000,562.000000</point>
			</points>
		</object>
		<object>
			<coordinate>pixel</coordinate>
			<type>rectangle</type>
			<description>None</description>
			<possibleresult>
				<name>Van</name>
			</possibleresult>
			<points>
				<point>204.000000,566.000000</point>
				<point>196.000000,570.000000</point>
				<point>188.000000,554.000000</point>
				<point>196.000000,550.000000</point>
				<point>204.000000,566.000000</point>
			</points>
		</object>
		<object>
			<coordinate>pixel</coordinate>
			<type>rectangle</type>
			<description>None</description>
			<possibleresult>
				<name>Small Car</name>
			</possibleresult>
			<points>
				<point>195.000000,568.000000</point>
				<point>186.000000,573.000000</point>
				<point>177.000000,559.000000</point>
				<point>186.000000,553.000000</point>
				<point>195.000000,568.000000</point>
			</points>
		</object>
		<object>
			<coordinate>pixel</coordinate>
			<type>rectangle</type>
			<description>None</description>
			<possibleresult>
				<name>Van</name>
			</possibleresult>
			<points>
				<point>186.000000,575.000000</point>
				<point>178.000000,580.000000</point>
				<point>169.000000,564.000000</point>
				<point>177.000000,560.000000</point>
				<point>186.000000,575.000000</point>
			</points>
		</object>
		<object>
			<coordinate>pixel</coordinate>
			<type>rectangle</type>
			<description>None</description>
			<possibleresult>
				<name>Small Car</name>
			</possibleresult>
			<points>
				<point>175.000000,577.000000</point>
				<point>167.000000,581.000000</point>
				<point>159.000000,565.000000</point>
				<point>167.000000,561.000000</point>
				<point>175.000000,577.000000</point>
			</points>
		</object>
		<object>
			<coordinate>pixel</coordinate>
			<type>rectangle</type>
			<description>None</description>
			<possibleresult>
				<name>Van</name>
			</possibleresult>
			<points>
				<point>163.000000,579.000000</point>
				<point>154.000000,582.000000</point>
				<point>148.000000,567.000000</point>
				<point>156.000000,563.000000</point>
				<point>163.000000,579.000000</point>
			</points>
		</object>
		<object>
			<coordinate>pixel</coordinate>
			<type>rectangle</type>
			<description>None</description>
			<possibleresult>
				<name>Small Car</name>
			</possibleresult>
			<points>
				<point>153.000000,582.000000</point>
				<point>144.000000,586.000000</point>
				<point>138.000000,572.000000</point>
				<point>146.000000,568.000000</point>
				<point>153.000000,582.000000</point>
			</points>
		</object>
		<object>
			<coordinate>pixel</coordinate>
			<type>rectangle</type>
			<description>None</description>
			<possibleresult>
				<name>Small Car</name>
			</possibleresult>
			<points>
				<point>189.000000,550.000000</point>
				<point>181.000000,555.000000</point>
				<point>172.000000,540.000000</point>
				<point>180.000000,535.000000</point>
				<point>189.000000,550.000000</point>
			</points>
		</object>
		<object>
			<coordinate>pixel</coordinate>
			<type>rectangle</type>
			<description>None</description>
			<possibleresult>
				<name>Dump Truck</name>
			</possibleresult>
			<points>
				<point>180.000000,554.000000</point>
				<point>174.000000,559.000000</point>
				<point>162.000000,543.000000</point>
				<point>168.000000,538.000000</point>
				<point>180.000000,554.000000</point>
			</points>
		</object>
		<object>
			<coordinate>pixel</coordinate>
			<type>rectangle</type>
			<description>None</description>
			<possibleresult>
				<name>Small Car</name>
			</possibleresult>
			<points>
				<point>169.000000,559.000000</point>
				<point>162.000000,562.000000</point>
				<point>153.000000,545.000000</point>
				<point>160.000000,542.000000</point>
				<point>169.000000,559.000000</point>
			</points>
		</object>
		<object>
			<coordinate>pixel</coordinate>
			<type>rectangle</type>
			<description>None</description>
			<possibleresult>
				<name>Van</name>
			</possibleresult>
			<points>
				<point>159.000000,562.000000</point>
				<point>150.000000,565.000000</point>
				<point>143.000000,549.000000</point>
				<point>152.000000,546.000000</point>
				<point>159.000000,562.000000</point>
			</points>
		</object>
		<object>
			<coordinate>pixel</coordinate>
			<type>rectangle</type>
			<description>None</description>
			<possibleresult>
				<name>Small Car</name>
			</possibleresult>
			<points>
				<point>148.000000,564.000000</point>
				<point>139.000000,568.000000</point>
				<point>131.000000,550.000000</point>
				<point>140.000000,546.000000</point>
				<point>148.000000,564.000000</point>
			</points>
		</object>
		<object>
			<coordinate>pixel</coordinate>
			<type>rectangle</type>
			<description>None</description>
			<possibleresult>
				<name>Small Car</name>
			</possibleresult>
			<points>
				<point>136.000000,567.000000</point>
				<point>129.000000,570.000000</point>
				<point>121.000000,554.000000</point>
				<point>128.000000,550.000000</point>
				<point>136.000000,567.000000</point>
			</points>
		</object>
		<object>
			<coordinate>pixel</coordinate>
			<type>rectangle</type>
			<description>None</description>
			<possibleresult>
				<name>Small Car</name>
			</possibleresult>
			<points>
				<point>126.000000,570.000000</point>
				<point>118.000000,574.000000</point>
				<point>111.000000,557.000000</point>
				<point>119.000000,553.000000</point>
				<point>126.000000,570.000000</point>
			</points>
		</object>
		<object>
			<coordinate>pixel</coordinate>
			<type>rectangle</type>
			<description>None</description>
			<possibleresult>
				<name>Van</name>
			</possibleresult>
			<points>
				<point>113.000000,574.000000</point>
				<point>103.000000,576.000000</point>
				<point>99.000000,559.000000</point>
				<point>109.000000,557.000000</point>
				<point>113.000000,574.000000</point>
			</points>
		</object>
		<object>
			<coordinate>pixel</coordinate>
			<type>rectangle</type>
			<description>None</description>
			<possibleresult>
				<name>Van</name>
			</possibleresult>
			<points>
				<point>199.000000,545.000000</point>
				<point>191.000000,551.000000</point>
				<point>182.000000,538.000000</point>
				<point>190.000000,532.000000</point>
				<point>199.000000,545.000000</point>
			</points>
		</object>
		<object>
			<coordinate>pixel</coordinate>
			<type>rectangle</type>
			<description>None</description>
			<possibleresult>
				<name>Small Car</name>
			</possibleresult>
			<points>
				<point>214.000000,544.000000</point>
				<point>207.000000,549.000000</point>
				<point>194.000000,533.000000</point>
				<point>200.000000,528.000000</point>
				<point>214.000000,544.000000</point>
			</points>
		</object>
		<object>
			<coordinate>pixel</coordinate>
			<type>rectangle</type>
			<description>None</description>
			<possibleresult>
				<name>Small Car</name>
			</possibleresult>
			<points>
				<point>221.000000,537.000000</point>
				<point>213.000000,543.000000</point>
				<point>202.000000,529.000000</point>
				<point>209.000000,523.000000</point>
				<point>221.000000,537.000000</point>
			</points>
		</object>
		<object>
			<coordinate>pixel</coordinate>
			<type>rectangle</type>
			<description>None</description>
			<possibleresult>
				<name>Van</name>
			</possibleresult>
			<points>
				<point>230.000000,533.000000</point>
				<point>222.000000,538.000000</point>
				<point>213.000000,524.000000</point>
				<point>221.000000,519.000000</point>
				<point>230.000000,533.000000</point>
			</points>
		</object>
		<object>
			<coordinate>pixel</coordinate>
			<type>rectangle</type>
			<description>None</description>
			<possibleresult>
				<name>Small Car</name>
			</possibleresult>
			<points>
				<point>240.000000,528.000000</point>
				<point>232.000000,533.000000</point>
				<point>223.000000,519.000000</point>
				<point>231.000000,514.000000</point>
				<point>240.000000,528.000000</point>
			</points>
		</object>
		<object>
			<coordinate>pixel</coordinate>
			<type>rectangle</type>
			<description>None</description>
			<possibleresult>
				<name>Van</name>
			</possibleresult>
			<points>
				<point>251.000000,527.000000</point>
				<point>243.000000,532.000000</point>
				<point>232.000000,515.000000</point>
				<point>240.000000,509.000000</point>
				<point>251.000000,527.000000</point>
			</points>
		</object>
		<object>
			<coordinate>pixel</coordinate>
			<type>rectangle</type>
			<description>None</description>
			<possibleresult>
				<name>Van</name>
			</possibleresult>
			<points>
				<point>295.000000,480.000000</point>
				<point>270.000000,481.000000</point>
				<point>270.000000,472.000000</point>
				<point>295.000000,472.000000</point>
				<point>295.000000,480.000000</point>
			</points>
		</object>
		<object>
			<coordinate>pixel</coordinate>
			<type>rectangle</type>
			<description>None</description>
			<possibleresult>
				<name>Van</name>
			</possibleresult>
			<points>
				<point>264.000000,482.000000</point>
				<point>238.000000,483.000000</point>
				<point>238.000000,474.000000</point>
				<point>263.000000,473.000000</point>
				<point>264.000000,482.000000</point>
			</points>
		</object>
		<object>
			<coordinate>pixel</coordinate>
			<type>rectangle</type>
			<description>None</description>
			<possibleresult>
				<name>Dump Truck</name>
			</possibleresult>
			<points>
				<point>224.000000,459.000000</point>
				<point>211.000000,459.000000</point>
				<point>209.000000,429.000000</point>
				<point>222.000000,428.000000</point>
				<point>224.000000,459.000000</point>
			</points>
		</object>
		<object>
			<coordinate>pixel</coordinate>
			<type>rectangle</type>
			<description>None</description>
			<possibleresult>
				<name>Van</name>
			</possibleresult>
			<points>
				<point>202.000000,467.000000</point>
				<point>199.000000,474.000000</point>
				<point>181.000000,466.000000</point>
				<point>184.000000,459.000000</point>
				<point>202.000000,467.000000</point>
			</points>
		</object>
		<object>
			<coordinate>pixel</coordinate>
			<type>rectangle</type>
			<description>None</description>
			<possibleresult>
				<name>Van</name>
			</possibleresult>
			<points>
				<point>195.000000,473.000000</point>
				<point>191.000000,481.000000</point>
				<point>171.000000,472.000000</point>
				<point>175.000000,464.000000</point>
				<point>195.000000,473.000000</point>
			</points>
		</object>
		<object>
			<coordinate>pixel</coordinate>
			<type>rectangle</type>
			<description>None</description>
			<possibleresult>
				<name>Small Car</name>
			</possibleresult>
			<points>
				<point>192.000000,483.000000</point>
				<point>189.000000,491.000000</point>
				<point>165.000000,480.000000</point>
				<point>168.000000,473.000000</point>
				<point>192.000000,483.000000</point>
			</points>
		</object>
		<object>
			<coordinate>pixel</coordinate>
			<type>rectangle</type>
			<description>None</description>
			<possibleresult>
				<name>Van</name>
			</possibleresult>
			<points>
				<point>182.000000,491.000000</point>
				<point>178.000000,498.000000</point>
				<point>159.000000,487.000000</point>
				<point>162.000000,480.000000</point>
				<point>182.000000,491.000000</point>
			</points>
		</object>
		<object>
			<coordinate>pixel</coordinate>
			<type>rectangle</type>
			<description>None</description>
			<possibleresult>
				<name>Van</name>
			</possibleresult>
			<points>
				<point>173.000000,499.000000</point>
				<point>169.000000,505.000000</point>
				<point>152.000000,493.000000</point>
				<point>157.000000,487.000000</point>
				<point>173.000000,499.000000</point>
			</points>
		</object>
		<object>
			<coordinate>pixel</coordinate>
			<type>rectangle</type>
			<description>None</description>
			<possibleresult>
				<name>Van</name>
			</possibleresult>
			<points>
				<point>160.000000,505.000000</point>
				<point>155.000000,511.000000</point>
				<point>142.000000,499.000000</point>
				<point>148.000000,493.000000</point>
				<point>160.000000,505.000000</point>
			</points>
		</object>
		<object>
			<coordinate>pixel</coordinate>
			<type>rectangle</type>
			<description>None</description>
			<possibleresult>
				<name>Dump Truck</name>
			</possibleresult>
			<points>
				<point>152.000000,512.000000</point>
				<point>145.000000,518.000000</point>
				<point>134.000000,503.000000</point>
				<point>141.000000,497.000000</point>
				<point>152.000000,512.000000</point>
			</points>
		</object>
		<object>
			<coordinate>pixel</coordinate>
			<type>rectangle</type>
			<description>None</description>
			<possibleresult>
				<name>Van</name>
			</possibleresult>
			<points>
				<point>140.000000,516.000000</point>
				<point>132.000000,521.000000</point>
				<point>122.000000,505.000000</point>
				<point>130.000000,500.000000</point>
				<point>140.000000,516.000000</point>
			</points>
		</object>
		<object>
			<coordinate>pixel</coordinate>
			<type>rectangle</type>
			<description>None</description>
			<possibleresult>
				<name>Dump Truck</name>
			</possibleresult>
			<points>
				<point>666.000000,834.000000</point>
				<point>645.000000,838.000000</point>
				<point>644.000000,831.000000</point>
				<point>664.000000,826.000000</point>
				<point>666.000000,834.000000</point>
			</points>
		</object>
		<object>
			<coordinate>pixel</coordinate>
			<type>rectangle</type>
			<description>None</description>
			<possibleresult>
				<name>Van</name>
			</possibleresult>
			<points>
				<point>643.000000,839.000000</point>
				<point>623.000000,839.000000</point>
				<point>623.000000,832.000000</point>
				<point>643.000000,832.000000</point>
				<point>643.000000,839.000000</point>
			</points>
		</object>
		<object>
			<coordinate>pixel</coordinate>
			<type>rectangle</type>
			<description>None</description>
			<possibleresult>
				<name>Small Car</name>
			</possibleresult>
			<points>
				<point>615.000000,842.000000</point>
				<point>595.000000,843.000000</point>
				<point>594.000000,836.000000</point>
				<point>614.000000,834.000000</point>
				<point>615.000000,842.000000</point>
			</points>
		</object>
		<object>
			<coordinate>pixel</coordinate>
			<type>rectangle</type>
			<description>None</description>
			<possibleresult>
				<name>Van</name>
			</possibleresult>
			<points>
				<point>517.000000,799.000000</point>
				<point>515.000000,808.000000</point>
				<point>488.000000,802.000000</point>
				<point>490.000000,794.000000</point>
				<point>517.000000,799.000000</point>
			</points>
		</object>
		<object>
			<coordinate>pixel</coordinate>
			<type>rectangle</type>
			<description>None</description>
			<possibleresult>
				<name>Dump Truck</name>
			</possibleresult>
			<points>
				<point>329.000000,781.000000</point>
				<point>326.000000,789.000000</point>
				<point>303.000000,780.000000</point>
				<point>306.000000,772.000000</point>
				<point>329.000000,781.000000</point>
			</points>
		</object>
		<object>
			<coordinate>pixel</coordinate>
			<type>rectangle</type>
			<description>None</description>
			<possibleresult>
				<name>Dump Truck</name>
			</possibleresult>
			<points>
				<point>296.000000,764.000000</point>
				<point>292.000000,772.000000</point>
				<point>269.000000,762.000000</point>
				<point>273.000000,754.000000</point>
				<point>296.000000,764.000000</point>
			</points>
		</object>
		<object>
			<coordinate>pixel</coordinate>
			<type>rectangle</type>
			<description>None</description>
			<possibleresult>
				<name>Dump Truck</name>
			</possibleresult>
			<points>
				<point>328.000000,744.000000</point>
				<point>326.000000,752.000000</point>
				<point>302.000000,746.000000</point>
				<point>303.000000,739.000000</point>
				<point>328.000000,744.000000</point>
			</points>
		</object>
		<object>
			<coordinate>pixel</coordinate>
			<type>rectangle</type>
			<description>None</description>
			<possibleresult>
				<name>Dump Truck</name>
			</possibleresult>
			<points>
				<point>128.000000,790.000000</point>
				<point>106.000000,796.000000</point>
				<point>104.000000,788.000000</point>
				<point>126.000000,782.000000</point>
				<point>128.000000,790.000000</point>
			</points>
		</object>
		<object>
			<coordinate>pixel</coordinate>
			<type>rectangle</type>
			<description>None</description>
			<possibleresult>
				<name>Dump Truck</name>
			</possibleresult>
			<points>
				<point>159.000000,781.000000</point>
				<point>137.000000,788.000000</point>
				<point>135.000000,780.000000</point>
				<point>157.000000,773.000000</point>
				<point>159.000000,781.000000</point>
			</points>
		</object>
		<object>
			<coordinate>pixel</coordinate>
			<type>rectangle</type>
			<description>None</description>
			<possibleresult>
				<name>Dump Truck</name>
			</possibleresult>
			<points>
				<point>178.000000,115.000000</point>
				<point>176.000000,138.000000</point>
				<point>164.000000,138.000000</point>
				<point>166.000000,114.000000</point>
				<point>178.000000,115.000000</point>
			</points>
		</object>
		<object>
			<coordinate>pixel</coordinate>
			<type>rectangle</type>
			<description>None</description>
			<possibleresult>
				<name>Dump Truck</name>
			</possibleresult>
			<points>
				<point>222.000000,117.000000</point>
				<point>210.000000,117.000000</point>
				<point>210.000000,94.000000</point>
				<point>222.000000,94.000000</point>
				<point>222.000000,117.000000</point>
			</points>
		</object>
		<object>
			<coordinate>pixel</coordinate>
			<type>rectangle</type>
			<description>None</description>
			<possibleresult>
				<name>Dump Truck</name>
			</possibleresult>
			<points>
				<point>61.000000,534.000000</point>
				<point>50.000000,535.000000</point>
				<point>48.000000,514.000000</point>
				<point>59.000000,513.000000</point>
				<point>61.000000,534.000000</point>
			</points>
		</object>
		<object>
			<coordinate>pixel</coordinate>
			<type>rectangle</type>
			<description>None</description>
			<possibleresult>
				<name>Dump Truck</name>
			</possibleresult>
			<points>
				<point>72.000000,534.000000</point>
				<point>62.000000,535.000000</point>
				<point>60.000000,516.000000</point>
				<point>69.000000,514.000000</point>
				<point>72.000000,534.000000</point>
			</points>
		</object>
		<object>
			<coordinate>pixel</coordinate>
			<type>rectangle</type>
			<description>None</description>
			<possibleresult>
				<name>Small Car</name>
			</possibleresult>
			<points>
				<point>82.000000,532.000000</point>
				<point>73.000000,532.000000</point>
				<point>72.000000,515.000000</point>
				<point>81.000000,514.000000</point>
				<point>82.000000,532.000000</point>
			</points>
		</object>
		<object>
			<coordinate>pixel</coordinate>
			<type>rectangle</type>
			<description>None</description>
			<possibleresult>
				<name>Small Car</name>
			</possibleresult>
			<points>
				<point>93.000000,531.000000</point>
				<point>83.000000,532.000000</point>
				<point>82.000000,514.000000</point>
				<point>92.000000,513.000000</point>
				<point>93.000000,531.000000</point>
			</points>
		</object>
		<object>
			<coordinate>pixel</coordinate>
			<type>rectangle</type>
			<description>None</description>
			<possibleresult>
				<name>Small Car</name>
			</possibleresult>
			<points>
				<point>106.000000,528.000000</point>
				<point>95.000000,531.000000</point>
				<point>92.000000,514.000000</point>
				<point>102.000000,512.000000</point>
				<point>106.000000,528.000000</point>
			</points>
		</object>
		<object>
			<coordinate>pixel</coordinate>
			<type>rectangle</type>
			<description>None</description>
			<possibleresult>
				<name>Van</name>
			</possibleresult>
			<points>
				<point>119.000000,528.000000</point>
				<point>109.000000,531.000000</point>
				<point>103.000000,514.000000</point>
				<point>113.000000,511.000000</point>
				<point>119.000000,528.000000</point>
			</points>
		</object>
		<object>
			<coordinate>pixel</coordinate>
			<type>rectangle</type>
			<description>None</description>
			<possibleresult>
				<name>Small Car</name>
			</possibleresult>
			<points>
				<point>130.000000,523.000000</point>
				<point>121.000000,527.000000</point>
				<point>113.000000,510.000000</point>
				<point>122.000000,506.000000</point>
				<point>130.000000,523.000000</point>
			</points>
		</object>
	</objects>
</annotation>