<?xml version="1.0" encoding="utf-8"?>
<annotation>
	<source>
		<filename>8437.tif</filename>
		<origin>GF2/GF3</origin>
	</source>
	<research>
		<version>1.0</version>
		<provider>FAIR1M</provider>
		<author>Cyber</author>
		<pluginname>FAIR1M</pluginname>
		<pluginclass>object detection</pluginclass>
		<time>2021-07-21</time>
	</research>
	<size>
		<width>800</width>
		<height>600</height>
		<depth>4</depth>
	</size>
	<objects>
		<object>
			<coordinate>pixel</coordinate>
			<type>rectangle</type>
			<description>None</description>
			<possibleresult>
				<name>Small Car</name>
			</possibleresult>
			<points>
				<point>154.000000,418.000000</point>
				<point>144.000000,428.000000</point>
				<point>139.000000,423.000000</point>
				<point>149.000000,413.000000</point>
				<point>154.000000,418.000000</point>
			</points>
		</object>
		<object>
			<coordinate>pixel</coordinate>
			<type>rectangle</type>
			<description>None</description>
			<possibleresult>
				<name>Small Car</name>
			</possibleresult>
			<points>
				<point>169.000000,424.000000</point>
				<point>152.000000,436.000000</point>
				<point>148.000000,430.000000</point>
				<point>165.000000,418.000000</point>
				<point>169.000000,424.000000</point>
			</points>
		</object>
		<object>
			<coordinate>pixel</coordinate>
			<type>rectangle</type>
			<description>None</description>
			<possibleresult>
				<name>Van</name>
			</possibleresult>
			<points>
				<point>184.000000,440.000000</point>
				<point>168.000000,450.000000</point>
				<point>164.000000,444.000000</point>
				<point>180.000000,434.000000</point>
				<point>184.000000,440.000000</point>
			</points>
		</object>
		<object>
			<coordinate>pixel</coordinate>
			<type>rectangle</type>
			<description>None</description>
			<possibleresult>
				<name>Van</name>
			</possibleresult>
			<points>
				<point>190.000000,449.000000</point>
				<point>173.000000,458.000000</point>
				<point>170.000000,451.000000</point>
				<point>186.000000,442.000000</point>
				<point>190.000000,449.000000</point>
			</points>
		</object>
		<object>
			<coordinate>pixel</coordinate>
			<type>rectangle</type>
			<description>None</description>
			<possibleresult>
				<name>Van</name>
			</possibleresult>
			<points>
				<point>200.000000,457.000000</point>
				<point>179.000000,466.000000</point>
				<point>176.000000,458.000000</point>
				<point>197.000000,449.000000</point>
				<point>200.000000,457.000000</point>
			</points>
		</object>
		<object>
			<coordinate>pixel</coordinate>
			<type>rectangle</type>
			<description>None</description>
			<possibleresult>
				<name>Dump Truck</name>
			</possibleresult>
			<points>
				<point>208.000000,465.000000</point>
				<point>184.000000,476.000000</point>
				<point>180.000000,468.000000</point>
				<point>205.000000,457.000000</point>
				<point>208.000000,465.000000</point>
			</points>
		</object>
		<object>
			<coordinate>pixel</coordinate>
			<type>rectangle</type>
			<description>None</description>
			<possibleresult>
				<name>Van</name>
			</possibleresult>
			<points>
				<point>208.000000,476.000000</point>
				<point>189.000000,482.000000</point>
				<point>187.000000,475.000000</point>
				<point>207.000000,470.000000</point>
				<point>208.000000,476.000000</point>
			</points>
		</object>
		<object>
			<coordinate>pixel</coordinate>
			<type>rectangle</type>
			<description>None</description>
			<possibleresult>
				<name>Van</name>
			</possibleresult>
			<points>
				<point>214.000000,486.000000</point>
				<point>195.000000,490.000000</point>
				<point>193.000000,483.000000</point>
				<point>213.000000,479.000000</point>
				<point>214.000000,486.000000</point>
			</points>
		</object>
		<object>
			<coordinate>pixel</coordinate>
			<type>rectangle</type>
			<description>None</description>
			<possibleresult>
				<name>Van</name>
			</possibleresult>
			<points>
				<point>217.000000,495.000000</point>
				<point>196.000000,499.000000</point>
				<point>194.000000,492.000000</point>
				<point>215.000000,487.000000</point>
				<point>217.000000,495.000000</point>
			</points>
		</object>
		<object>
			<coordinate>pixel</coordinate>
			<type>rectangle</type>
			<description>None</description>
			<possibleresult>
				<name>Small Car</name>
			</possibleresult>
			<points>
				<point>220.000000,504.000000</point>
				<point>198.000000,508.000000</point>
				<point>197.000000,500.000000</point>
				<point>219.000000,497.000000</point>
				<point>220.000000,504.000000</point>
			</points>
		</object>
		<object>
			<coordinate>pixel</coordinate>
			<type>rectangle</type>
			<description>None</description>
			<possibleresult>
				<name>Van</name>
			</possibleresult>
			<points>
				<point>222.000000,511.000000</point>
				<point>204.000000,518.000000</point>
				<point>202.000000,512.000000</point>
				<point>220.000000,505.000000</point>
				<point>222.000000,511.000000</point>
			</points>
		</object>
		<object>
			<coordinate>pixel</coordinate>
			<type>rectangle</type>
			<description>None</description>
			<possibleresult>
				<name>Van</name>
			</possibleresult>
			<points>
				<point>225.000000,521.000000</point>
				<point>208.000000,526.000000</point>
				<point>206.000000,520.000000</point>
				<point>223.000000,515.000000</point>
				<point>225.000000,521.000000</point>
			</points>
		</object>
		<object>
			<coordinate>pixel</coordinate>
			<type>rectangle</type>
			<description>None</description>
			<possibleresult>
				<name>Van</name>
			</possibleresult>
			<points>
				<point>230.000000,530.000000</point>
				<point>210.000000,536.000000</point>
				<point>208.000000,528.000000</point>
				<point>228.000000,523.000000</point>
				<point>230.000000,530.000000</point>
			</points>
		</object>
		<object>
			<coordinate>pixel</coordinate>
			<type>rectangle</type>
			<description>None</description>
			<possibleresult>
				<name>Small Car</name>
			</possibleresult>
			<points>
				<point>236.000000,538.000000</point>
				<point>215.000000,542.000000</point>
				<point>213.000000,536.000000</point>
				<point>235.000000,531.000000</point>
				<point>236.000000,538.000000</point>
			</points>
		</object>
		<object>
			<coordinate>pixel</coordinate>
			<type>rectangle</type>
			<description>None</description>
			<possibleresult>
				<name>Van</name>
			</possibleresult>
			<points>
				<point>240.000000,545.000000</point>
				<point>221.000000,551.000000</point>
				<point>219.000000,545.000000</point>
				<point>238.000000,539.000000</point>
				<point>240.000000,545.000000</point>
			</points>
		</object>
		<object>
			<coordinate>pixel</coordinate>
			<type>rectangle</type>
			<description>None</description>
			<possibleresult>
				<name>Small Car</name>
			</possibleresult>
			<points>
				<point>240.000000,556.000000</point>
				<point>221.000000,561.000000</point>
				<point>220.000000,554.000000</point>
				<point>238.000000,549.000000</point>
				<point>240.000000,556.000000</point>
			</points>
		</object>
		<object>
			<coordinate>pixel</coordinate>
			<type>rectangle</type>
			<description>None</description>
			<possibleresult>
				<name>Small Car</name>
			</possibleresult>
			<points>
				<point>246.000000,565.000000</point>
				<point>225.000000,570.000000</point>
				<point>223.000000,563.000000</point>
				<point>245.000000,558.000000</point>
				<point>246.000000,565.000000</point>
			</points>
		</object>
		<object>
			<coordinate>pixel</coordinate>
			<type>rectangle</type>
			<description>None</description>
			<possibleresult>
				<name>Van</name>
			</possibleresult>
			<points>
				<point>247.000000,574.000000</point>
				<point>229.000000,578.000000</point>
				<point>227.000000,571.000000</point>
				<point>245.000000,568.000000</point>
				<point>247.000000,574.000000</point>
			</points>
		</object>
		<object>
			<coordinate>pixel</coordinate>
			<type>rectangle</type>
			<description>None</description>
			<possibleresult>
				<name>Van</name>
			</possibleresult>
			<points>
				<point>254.000000,581.000000</point>
				<point>232.000000,588.000000</point>
				<point>230.000000,580.000000</point>
				<point>251.000000,573.000000</point>
				<point>254.000000,581.000000</point>
			</points>
		</object>
		<object>
			<coordinate>pixel</coordinate>
			<type>rectangle</type>
			<description>None</description>
			<possibleresult>
				<name>Van</name>
			</possibleresult>
			<points>
				<point>254.000000,591.000000</point>
				<point>237.000000,596.000000</point>
				<point>235.000000,589.000000</point>
				<point>252.000000,584.000000</point>
				<point>254.000000,591.000000</point>
			</points>
		</object>
		<object>
			<coordinate>pixel</coordinate>
			<type>rectangle</type>
			<description>None</description>
			<possibleresult>
				<name>Van</name>
			</possibleresult>
			<points>
				<point>211.000000,387.000000</point>
				<point>197.000000,400.000000</point>
				<point>191.000000,394.000000</point>
				<point>205.000000,381.000000</point>
				<point>211.000000,387.000000</point>
			</points>
		</object>
		<object>
			<coordinate>pixel</coordinate>
			<type>rectangle</type>
			<description>None</description>
			<possibleresult>
				<name>Small Car</name>
			</possibleresult>
			<points>
				<point>220.000000,392.000000</point>
				<point>206.000000,406.000000</point>
				<point>200.000000,400.000000</point>
				<point>214.000000,386.000000</point>
				<point>220.000000,392.000000</point>
			</points>
		</object>
		<object>
			<coordinate>pixel</coordinate>
			<type>rectangle</type>
			<description>None</description>
			<possibleresult>
				<name>Dump Truck</name>
			</possibleresult>
			<points>
				<point>226.000000,420.000000</point>
				<point>221.000000,427.000000</point>
				<point>202.000000,414.000000</point>
				<point>206.000000,408.000000</point>
				<point>226.000000,420.000000</point>
			</points>
		</object>
		<object>
			<coordinate>pixel</coordinate>
			<type>rectangle</type>
			<description>None</description>
			<possibleresult>
				<name>Van</name>
			</possibleresult>
			<points>
				<point>207.000000,408.000000</point>
				<point>204.000000,414.000000</point>
				<point>186.000000,404.000000</point>
				<point>190.000000,398.000000</point>
				<point>207.000000,408.000000</point>
			</points>
		</object>
		<object>
			<coordinate>pixel</coordinate>
			<type>rectangle</type>
			<description>None</description>
			<possibleresult>
				<name>Van</name>
			</possibleresult>
			<points>
				<point>228.000000,400.000000</point>
				<point>214.000000,413.000000</point>
				<point>208.000000,408.000000</point>
				<point>222.000000,394.000000</point>
				<point>228.000000,400.000000</point>
			</points>
		</object>
		<object>
			<coordinate>pixel</coordinate>
			<type>rectangle</type>
			<description>None</description>
			<possibleresult>
				<name>Van</name>
			</possibleresult>
			<points>
				<point>238.000000,404.000000</point>
				<point>224.000000,418.000000</point>
				<point>219.000000,413.000000</point>
				<point>233.000000,399.000000</point>
				<point>238.000000,404.000000</point>
			</points>
		</object>
		<object>
			<coordinate>pixel</coordinate>
			<type>rectangle</type>
			<description>None</description>
			<possibleresult>
				<name>Van</name>
			</possibleresult>
			<points>
				<point>250.000000,410.000000</point>
				<point>237.000000,422.000000</point>
				<point>230.000000,416.000000</point>
				<point>243.000000,403.000000</point>
				<point>250.000000,410.000000</point>
			</points>
		</object>
		<object>
			<coordinate>pixel</coordinate>
			<type>rectangle</type>
			<description>None</description>
			<possibleresult>
				<name>Small Car</name>
			</possibleresult>
			<points>
				<point>256.000000,417.000000</point>
				<point>244.000000,429.000000</point>
				<point>238.000000,423.000000</point>
				<point>250.000000,411.000000</point>
				<point>256.000000,417.000000</point>
			</points>
		</object>
		<object>
			<coordinate>pixel</coordinate>
			<type>rectangle</type>
			<description>None</description>
			<possibleresult>
				<name>Small Car</name>
			</possibleresult>
			<points>
				<point>253.000000,438.000000</point>
				<point>249.000000,444.000000</point>
				<point>231.000000,433.000000</point>
				<point>235.000000,427.000000</point>
				<point>253.000000,438.000000</point>
			</points>
		</object>
		<object>
			<coordinate>pixel</coordinate>
			<type>rectangle</type>
			<description>None</description>
			<possibleresult>
				<name>Small Car</name>
			</possibleresult>
			<points>
				<point>267.000000,423.000000</point>
				<point>254.000000,435.000000</point>
				<point>248.000000,429.000000</point>
				<point>261.000000,417.000000</point>
				<point>267.000000,423.000000</point>
			</points>
		</object>
		<object>
			<coordinate>pixel</coordinate>
			<type>rectangle</type>
			<description>None</description>
			<possibleresult>
				<name>Small Car</name>
			</possibleresult>
			<points>
				<point>275.000000,426.000000</point>
				<point>264.000000,442.000000</point>
				<point>257.000000,437.000000</point>
				<point>268.000000,421.000000</point>
				<point>275.000000,426.000000</point>
			</points>
		</object>
		<object>
			<coordinate>pixel</coordinate>
			<type>rectangle</type>
			<description>None</description>
			<possibleresult>
				<name>Small Car</name>
			</possibleresult>
			<points>
				<point>288.000000,448.000000</point>
				<point>266.000000,452.000000</point>
				<point>265.000000,445.000000</point>
				<point>287.000000,440.000000</point>
				<point>288.000000,448.000000</point>
			</points>
		</object>
		<object>
			<coordinate>pixel</coordinate>
			<type>rectangle</type>
			<description>None</description>
			<possibleresult>
				<name>Van</name>
			</possibleresult>
			<points>
				<point>292.000000,456.000000</point>
				<point>270.000000,461.000000</point>
				<point>269.000000,454.000000</point>
				<point>291.000000,450.000000</point>
				<point>292.000000,456.000000</point>
			</points>
		</object>
		<object>
			<coordinate>pixel</coordinate>
			<type>rectangle</type>
			<description>None</description>
			<possibleresult>
				<name>Van</name>
			</possibleresult>
			<points>
				<point>267.000000,464.000000</point>
				<point>243.000000,468.000000</point>
				<point>241.000000,460.000000</point>
				<point>265.000000,455.000000</point>
				<point>267.000000,464.000000</point>
			</points>
		</object>
		<object>
			<coordinate>pixel</coordinate>
			<type>rectangle</type>
			<description>None</description>
			<possibleresult>
				<name>Dump Truck</name>
			</possibleresult>
			<points>
				<point>270.000000,470.000000</point>
				<point>247.000000,476.000000</point>
				<point>245.000000,469.000000</point>
				<point>269.000000,464.000000</point>
				<point>270.000000,470.000000</point>
			</points>
		</object>
		<object>
			<coordinate>pixel</coordinate>
			<type>rectangle</type>
			<description>None</description>
			<possibleresult>
				<name>Small Car</name>
			</possibleresult>
			<points>
				<point>273.000000,479.000000</point>
				<point>252.000000,485.000000</point>
				<point>250.000000,478.000000</point>
				<point>272.000000,472.000000</point>
				<point>273.000000,479.000000</point>
			</points>
		</object>
		<object>
			<coordinate>pixel</coordinate>
			<type>rectangle</type>
			<description>None</description>
			<possibleresult>
				<name>Van</name>
			</possibleresult>
			<points>
				<point>277.000000,489.000000</point>
				<point>253.000000,494.000000</point>
				<point>252.000000,487.000000</point>
				<point>275.000000,482.000000</point>
				<point>277.000000,489.000000</point>
			</points>
		</object>
		<object>
			<coordinate>pixel</coordinate>
			<type>rectangle</type>
			<description>None</description>
			<possibleresult>
				<name>Small Car</name>
			</possibleresult>
			<points>
				<point>293.000000,466.000000</point>
				<point>271.000000,471.000000</point>
				<point>269.000000,465.000000</point>
				<point>291.000000,460.000000</point>
				<point>293.000000,466.000000</point>
			</points>
		</object>
		<object>
			<coordinate>pixel</coordinate>
			<type>rectangle</type>
			<description>None</description>
			<possibleresult>
				<name>Van</name>
			</possibleresult>
			<points>
				<point>296.000000,475.000000</point>
				<point>276.000000,480.000000</point>
				<point>273.000000,472.000000</point>
				<point>293.000000,467.000000</point>
				<point>296.000000,475.000000</point>
			</points>
		</object>
		<object>
			<coordinate>pixel</coordinate>
			<type>rectangle</type>
			<description>None</description>
			<possibleresult>
				<name>Small Car</name>
			</possibleresult>
			<points>
				<point>297.000000,485.000000</point>
				<point>278.000000,489.000000</point>
				<point>277.000000,483.000000</point>
				<point>296.000000,478.000000</point>
				<point>297.000000,485.000000</point>
			</points>
		</object>
		<object>
			<coordinate>pixel</coordinate>
			<type>rectangle</type>
			<description>None</description>
			<possibleresult>
				<name>Small Car</name>
			</possibleresult>
			<points>
				<point>303.000000,502.000000</point>
				<point>283.000000,506.000000</point>
				<point>281.000000,500.000000</point>
				<point>302.000000,496.000000</point>
				<point>303.000000,502.000000</point>
			</points>
		</object>
		<object>
			<coordinate>pixel</coordinate>
			<type>rectangle</type>
			<description>None</description>
			<possibleresult>
				<name>Small Car</name>
			</possibleresult>
			<points>
				<point>300.000000,493.000000</point>
				<point>280.000000,498.000000</point>
				<point>278.000000,492.000000</point>
				<point>298.000000,487.000000</point>
				<point>300.000000,493.000000</point>
			</points>
		</object>
		<object>
			<coordinate>pixel</coordinate>
			<type>rectangle</type>
			<description>None</description>
			<possibleresult>
				<name>Small Car</name>
			</possibleresult>
			<points>
				<point>278.000000,498.000000</point>
				<point>258.000000,504.000000</point>
				<point>256.000000,498.000000</point>
				<point>276.000000,492.000000</point>
				<point>278.000000,498.000000</point>
			</points>
		</object>
		<object>
			<coordinate>pixel</coordinate>
			<type>rectangle</type>
			<description>None</description>
			<possibleresult>
				<name>Van</name>
			</possibleresult>
			<points>
				<point>311.000000,510.000000</point>
				<point>287.000000,515.000000</point>
				<point>285.000000,507.000000</point>
				<point>310.000000,502.000000</point>
				<point>311.000000,510.000000</point>
			</points>
		</object>
		<object>
			<coordinate>pixel</coordinate>
			<type>rectangle</type>
			<description>None</description>
			<possibleresult>
				<name>Small Car</name>
			</possibleresult>
			<points>
				<point>288.000000,514.000000</point>
				<point>267.000000,520.000000</point>
				<point>265.000000,513.000000</point>
				<point>286.000000,507.000000</point>
				<point>288.000000,514.000000</point>
			</points>
		</object>
		<object>
			<coordinate>pixel</coordinate>
			<type>rectangle</type>
			<description>None</description>
			<possibleresult>
				<name>Small Car</name>
			</possibleresult>
			<points>
				<point>292.000000,523.000000</point>
				<point>270.000000,528.000000</point>
				<point>268.000000,521.000000</point>
				<point>291.000000,516.000000</point>
				<point>292.000000,523.000000</point>
			</points>
		</object>
		<object>
			<coordinate>pixel</coordinate>
			<type>rectangle</type>
			<description>None</description>
			<possibleresult>
				<name>Van</name>
			</possibleresult>
			<points>
				<point>293.000000,533.000000</point>
				<point>271.000000,538.000000</point>
				<point>269.000000,532.000000</point>
				<point>291.000000,526.000000</point>
				<point>293.000000,533.000000</point>
			</points>
		</object>
		<object>
			<coordinate>pixel</coordinate>
			<type>rectangle</type>
			<description>None</description>
			<possibleresult>
				<name>Small Car</name>
			</possibleresult>
			<points>
				<point>300.000000,549.000000</point>
				<point>277.000000,555.000000</point>
				<point>276.000000,549.000000</point>
				<point>299.000000,543.000000</point>
				<point>300.000000,549.000000</point>
			</points>
		</object>
		<object>
			<coordinate>pixel</coordinate>
			<type>rectangle</type>
			<description>None</description>
			<possibleresult>
				<name>Van</name>
			</possibleresult>
			<points>
				<point>303.000000,560.000000</point>
				<point>282.000000,563.000000</point>
				<point>281.000000,556.000000</point>
				<point>301.000000,552.000000</point>
				<point>303.000000,560.000000</point>
			</points>
		</object>
		<object>
			<coordinate>pixel</coordinate>
			<type>rectangle</type>
			<description>None</description>
			<possibleresult>
				<name>Dump Truck</name>
			</possibleresult>
			<points>
				<point>308.000000,569.000000</point>
				<point>282.000000,573.000000</point>
				<point>280.000000,565.000000</point>
				<point>306.000000,560.000000</point>
				<point>308.000000,569.000000</point>
			</points>
		</object>
		<object>
			<coordinate>pixel</coordinate>
			<type>rectangle</type>
			<description>None</description>
			<possibleresult>
				<name>Dump Truck</name>
			</possibleresult>
			<points>
				<point>311.000000,578.000000</point>
				<point>285.000000,584.000000</point>
				<point>283.000000,576.000000</point>
				<point>310.000000,570.000000</point>
				<point>311.000000,578.000000</point>
			</points>
		</object>
		<object>
			<coordinate>pixel</coordinate>
			<type>rectangle</type>
			<description>None</description>
			<possibleresult>
				<name>Van</name>
			</possibleresult>
			<points>
				<point>313.000000,586.000000</point>
				<point>288.000000,593.000000</point>
				<point>286.000000,586.000000</point>
				<point>311.000000,579.000000</point>
				<point>313.000000,586.000000</point>
			</points>
		</object>
		<object>
			<coordinate>pixel</coordinate>
			<type>rectangle</type>
			<description>None</description>
			<possibleresult>
				<name>Small Car</name>
			</possibleresult>
			<points>
				<point>316.000000,595.000000</point>
				<point>294.000000,600.000000</point>
				<point>293.000000,592.000000</point>
				<point>315.000000,588.000000</point>
				<point>316.000000,595.000000</point>
			</points>
		</object>
		<object>
			<coordinate>pixel</coordinate>
			<type>rectangle</type>
			<description>None</description>
			<possibleresult>
				<name>Van</name>
			</possibleresult>
			<points>
				<point>313.000000,520.000000</point>
				<point>294.000000,524.000000</point>
				<point>292.000000,515.000000</point>
				<point>312.000000,511.000000</point>
				<point>313.000000,520.000000</point>
			</points>
		</object>
		<object>
			<coordinate>pixel</coordinate>
			<type>rectangle</type>
			<description>None</description>
			<possibleresult>
				<name>Small Car</name>
			</possibleresult>
			<points>
				<point>315.000000,529.000000</point>
				<point>296.000000,533.000000</point>
				<point>295.000000,525.000000</point>
				<point>314.000000,522.000000</point>
				<point>315.000000,529.000000</point>
			</points>
		</object>
		<object>
			<coordinate>pixel</coordinate>
			<type>rectangle</type>
			<description>None</description>
			<possibleresult>
				<name>Small Car</name>
			</possibleresult>
			<points>
				<point>319.000000,537.000000</point>
				<point>301.000000,541.000000</point>
				<point>299.000000,535.000000</point>
				<point>318.000000,530.000000</point>
				<point>319.000000,537.000000</point>
			</points>
		</object>
		<object>
			<coordinate>pixel</coordinate>
			<type>rectangle</type>
			<description>None</description>
			<possibleresult>
				<name>Small Car</name>
			</possibleresult>
			<points>
				<point>321.000000,547.000000</point>
				<point>300.000000,550.000000</point>
				<point>299.000000,543.000000</point>
				<point>320.000000,541.000000</point>
				<point>321.000000,547.000000</point>
			</points>
		</object>
		<object>
			<coordinate>pixel</coordinate>
			<type>rectangle</type>
			<description>None</description>
			<possibleresult>
				<name>Small Car</name>
			</possibleresult>
			<points>
				<point>329.000000,554.000000</point>
				<point>307.000000,559.000000</point>
				<point>305.000000,552.000000</point>
				<point>327.000000,547.000000</point>
				<point>329.000000,554.000000</point>
			</points>
		</object>
		<object>
			<coordinate>pixel</coordinate>
			<type>rectangle</type>
			<description>None</description>
			<possibleresult>
				<name>Small Car</name>
			</possibleresult>
			<points>
				<point>330.000000,565.000000</point>
				<point>309.000000,568.000000</point>
				<point>308.000000,561.000000</point>
				<point>329.000000,559.000000</point>
				<point>330.000000,565.000000</point>
			</points>
		</object>
		<object>
			<coordinate>pixel</coordinate>
			<type>rectangle</type>
			<description>None</description>
			<possibleresult>
				<name>Small Car</name>
			</possibleresult>
			<points>
				<point>331.000000,573.000000</point>
				<point>312.000000,577.000000</point>
				<point>310.000000,570.000000</point>
				<point>330.000000,566.000000</point>
				<point>331.000000,573.000000</point>
			</points>
		</object>
		<object>
			<coordinate>pixel</coordinate>
			<type>rectangle</type>
			<description>None</description>
			<possibleresult>
				<name>Small Car</name>
			</possibleresult>
			<points>
				<point>335.000000,583.000000</point>
				<point>314.000000,586.000000</point>
				<point>313.000000,579.000000</point>
				<point>334.000000,576.000000</point>
				<point>335.000000,583.000000</point>
			</points>
		</object>
		<object>
			<coordinate>pixel</coordinate>
			<type>rectangle</type>
			<description>None</description>
			<possibleresult>
				<name>Small Car</name>
			</possibleresult>
			<points>
				<point>341.000000,594.000000</point>
				<point>318.000000,599.000000</point>
				<point>316.000000,591.000000</point>
				<point>339.000000,585.000000</point>
				<point>341.000000,594.000000</point>
			</points>
		</object>
		<object>
			<coordinate>pixel</coordinate>
			<type>rectangle</type>
			<description>None</description>
			<possibleresult>
				<name>Van</name>
			</possibleresult>
			<points>
				<point>289.000000,402.000000</point>
				<point>285.000000,410.000000</point>
				<point>262.000000,398.000000</point>
				<point>266.000000,390.000000</point>
				<point>289.000000,402.000000</point>
			</points>
		</object>
		<object>
			<coordinate>pixel</coordinate>
			<type>rectangle</type>
			<description>None</description>
			<possibleresult>
				<name>Van</name>
			</possibleresult>
			<points>
				<point>348.000000,482.000000</point>
				<point>345.000000,488.000000</point>
				<point>327.000000,480.000000</point>
				<point>330.000000,474.000000</point>
				<point>348.000000,482.000000</point>
			</points>
		</object>
		<object>
			<coordinate>pixel</coordinate>
			<type>rectangle</type>
			<description>None</description>
			<possibleresult>
				<name>Van</name>
			</possibleresult>
			<points>
				<point>366.000000,497.000000</point>
				<point>341.000000,505.000000</point>
				<point>338.000000,496.000000</point>
				<point>363.000000,488.000000</point>
				<point>366.000000,497.000000</point>
			</points>
		</object>
		<object>
			<coordinate>pixel</coordinate>
			<type>rectangle</type>
			<description>None</description>
			<possibleresult>
				<name>Van</name>
			</possibleresult>
			<points>
				<point>379.000000,505.000000</point>
				<point>351.000000,511.000000</point>
				<point>349.000000,503.000000</point>
				<point>377.000000,497.000000</point>
				<point>379.000000,505.000000</point>
			</points>
		</object>
		<object>
			<coordinate>pixel</coordinate>
			<type>rectangle</type>
			<description>None</description>
			<possibleresult>
				<name>Dump Truck</name>
			</possibleresult>
			<points>
				<point>368.000000,516.000000</point>
				<point>348.000000,522.000000</point>
				<point>346.000000,515.000000</point>
				<point>366.000000,509.000000</point>
				<point>368.000000,516.000000</point>
			</points>
		</object>
		<object>
			<coordinate>pixel</coordinate>
			<type>rectangle</type>
			<description>None</description>
			<possibleresult>
				<name>Van</name>
			</possibleresult>
			<points>
				<point>378.000000,524.000000</point>
				<point>355.000000,528.000000</point>
				<point>354.000000,521.000000</point>
				<point>377.000000,518.000000</point>
				<point>378.000000,524.000000</point>
			</points>
		</object>
		<object>
			<coordinate>pixel</coordinate>
			<type>rectangle</type>
			<description>None</description>
			<possibleresult>
				<name>Small Car</name>
			</possibleresult>
			<points>
				<point>380.000000,533.000000</point>
				<point>359.000000,538.000000</point>
				<point>357.000000,530.000000</point>
				<point>378.000000,526.000000</point>
				<point>380.000000,533.000000</point>
			</points>
		</object>
		<object>
			<coordinate>pixel</coordinate>
			<type>rectangle</type>
			<description>None</description>
			<possibleresult>
				<name>Small Car</name>
			</possibleresult>
			<points>
				<point>383.000000,542.000000</point>
				<point>357.000000,548.000000</point>
				<point>355.000000,540.000000</point>
				<point>381.000000,534.000000</point>
				<point>383.000000,542.000000</point>
			</points>
		</object>
		<object>
			<coordinate>pixel</coordinate>
			<type>rectangle</type>
			<description>None</description>
			<possibleresult>
				<name>Small Car</name>
			</possibleresult>
			<points>
				<point>388.000000,553.000000</point>
				<point>364.000000,557.000000</point>
				<point>363.000000,548.000000</point>
				<point>387.000000,544.000000</point>
				<point>388.000000,553.000000</point>
			</points>
		</object>
		<object>
			<coordinate>pixel</coordinate>
			<type>rectangle</type>
			<description>None</description>
			<possibleresult>
				<name>Small Car</name>
			</possibleresult>
			<points>
				<point>390.000000,559.000000</point>
				<point>362.000000,566.000000</point>
				<point>361.000000,559.000000</point>
				<point>388.000000,552.000000</point>
				<point>390.000000,559.000000</point>
			</points>
		</object>
		<object>
			<coordinate>pixel</coordinate>
			<type>rectangle</type>
			<description>None</description>
			<possibleresult>
				<name>Small Car</name>
			</possibleresult>
			<points>
				<point>386.000000,571.000000</point>
				<point>366.000000,575.000000</point>
				<point>365.000000,568.000000</point>
				<point>385.000000,564.000000</point>
				<point>386.000000,571.000000</point>
			</points>
		</object>
		<object>
			<coordinate>pixel</coordinate>
			<type>rectangle</type>
			<description>None</description>
			<possibleresult>
				<name>Small Car</name>
			</possibleresult>
			<points>
				<point>393.000000,589.000000</point>
				<point>372.000000,594.000000</point>
				<point>371.000000,586.000000</point>
				<point>391.000000,582.000000</point>
				<point>393.000000,589.000000</point>
			</points>
		</object>
		<object>
			<coordinate>pixel</coordinate>
			<type>rectangle</type>
			<description>None</description>
			<possibleresult>
				<name>Dump Truck</name>
			</possibleresult>
			<points>
				<point>396.000000,579.000000</point>
				<point>366.000000,586.000000</point>
				<point>364.000000,577.000000</point>
				<point>394.000000,570.000000</point>
				<point>396.000000,579.000000</point>
			</points>
		</object>
		<object>
			<coordinate>pixel</coordinate>
			<type>rectangle</type>
			<description>None</description>
			<possibleresult>
				<name>Van</name>
			</possibleresult>
			<points>
				<point>416.000000,556.000000</point>
				<point>411.000000,565.000000</point>
				<point>392.000000,554.000000</point>
				<point>397.000000,545.000000</point>
				<point>416.000000,556.000000</point>
			</points>
		</object>
		<object>
			<coordinate>pixel</coordinate>
			<type>rectangle</type>
			<description>None</description>
			<possibleresult>
				<name>Van</name>
			</possibleresult>
			<points>
				<point>433.000000,543.000000</point>
				<point>429.000000,550.000000</point>
				<point>408.000000,538.000000</point>
				<point>412.000000,531.000000</point>
				<point>433.000000,543.000000</point>
			</points>
		</object>
		<object>
			<coordinate>pixel</coordinate>
			<type>rectangle</type>
			<description>None</description>
			<possibleresult>
				<name>Van</name>
			</possibleresult>
			<points>
				<point>464.000000,558.000000</point>
				<point>459.000000,564.000000</point>
				<point>441.000000,550.000000</point>
				<point>445.000000,544.000000</point>
				<point>464.000000,558.000000</point>
			</points>
		</object>
		<object>
			<coordinate>pixel</coordinate>
			<type>rectangle</type>
			<description>None</description>
			<possibleresult>
				<name>Dump Truck</name>
			</possibleresult>
			<points>
				<point>521.000000,435.000000</point>
				<point>517.000000,441.000000</point>
				<point>500.000000,429.000000</point>
				<point>504.000000,423.000000</point>
				<point>521.000000,435.000000</point>
			</points>
		</object>
		<object>
			<coordinate>pixel</coordinate>
			<type>rectangle</type>
			<description>None</description>
			<possibleresult>
				<name>Van</name>
			</possibleresult>
			<points>
				<point>513.000000,441.000000</point>
				<point>509.000000,448.000000</point>
				<point>495.000000,438.000000</point>
				<point>499.000000,432.000000</point>
				<point>513.000000,441.000000</point>
			</points>
		</object>
		<object>
			<coordinate>pixel</coordinate>
			<type>rectangle</type>
			<description>None</description>
			<possibleresult>
				<name>Small Car</name>
			</possibleresult>
			<points>
				<point>530.000000,428.000000</point>
				<point>526.000000,436.000000</point>
				<point>506.000000,425.000000</point>
				<point>510.000000,418.000000</point>
				<point>530.000000,428.000000</point>
			</points>
		</object>
		<object>
			<coordinate>pixel</coordinate>
			<type>rectangle</type>
			<description>None</description>
			<possibleresult>
				<name>Van</name>
			</possibleresult>
			<points>
				<point>549.000000,471.000000</point>
				<point>538.000000,477.000000</point>
				<point>535.000000,472.000000</point>
				<point>545.000000,465.000000</point>
				<point>549.000000,471.000000</point>
			</points>
		</object>
		<object>
			<coordinate>pixel</coordinate>
			<type>rectangle</type>
			<description>None</description>
			<possibleresult>
				<name>Small Car</name>
			</possibleresult>
			<points>
				<point>560.000000,476.000000</point>
				<point>550.000000,484.000000</point>
				<point>545.000000,478.000000</point>
				<point>555.000000,469.000000</point>
				<point>560.000000,476.000000</point>
			</points>
		</object>
		<object>
			<coordinate>pixel</coordinate>
			<type>rectangle</type>
			<description>None</description>
			<possibleresult>
				<name>Small Car</name>
			</possibleresult>
			<points>
				<point>571.000000,481.000000</point>
				<point>561.000000,493.000000</point>
				<point>554.000000,487.000000</point>
				<point>564.000000,475.000000</point>
				<point>571.000000,481.000000</point>
			</points>
		</object>
		<object>
			<coordinate>pixel</coordinate>
			<type>rectangle</type>
			<description>None</description>
			<possibleresult>
				<name>Van</name>
			</possibleresult>
			<points>
				<point>579.000000,486.000000</point>
				<point>566.000000,497.000000</point>
				<point>561.000000,491.000000</point>
				<point>573.000000,480.000000</point>
				<point>579.000000,486.000000</point>
			</points>
		</object>
		<object>
			<coordinate>pixel</coordinate>
			<type>rectangle</type>
			<description>None</description>
			<possibleresult>
				<name>Van</name>
			</possibleresult>
			<points>
				<point>593.000000,489.000000</point>
				<point>579.000000,501.000000</point>
				<point>573.000000,494.000000</point>
				<point>587.000000,482.000000</point>
				<point>593.000000,489.000000</point>
			</points>
		</object>
		<object>
			<coordinate>pixel</coordinate>
			<type>rectangle</type>
			<description>None</description>
			<possibleresult>
				<name>Dump Truck</name>
			</possibleresult>
			<points>
				<point>604.000000,499.000000</point>
				<point>590.000000,513.000000</point>
				<point>583.000000,506.000000</point>
				<point>597.000000,492.000000</point>
				<point>604.000000,499.000000</point>
			</points>
		</object>
		<object>
			<coordinate>pixel</coordinate>
			<type>rectangle</type>
			<description>None</description>
			<possibleresult>
				<name>Van</name>
			</possibleresult>
			<points>
				<point>678.000000,552.000000</point>
				<point>674.000000,560.000000</point>
				<point>656.000000,550.000000</point>
				<point>660.000000,542.000000</point>
				<point>678.000000,552.000000</point>
			</points>
		</object>
		<object>
			<coordinate>pixel</coordinate>
			<type>rectangle</type>
			<description>None</description>
			<possibleresult>
				<name>Small Car</name>
			</possibleresult>
			<points>
				<point>702.000000,568.000000</point>
				<point>686.000000,584.000000</point>
				<point>679.000000,577.000000</point>
				<point>695.000000,561.000000</point>
				<point>702.000000,568.000000</point>
			</points>
		</object>
		<object>
			<coordinate>pixel</coordinate>
			<type>rectangle</type>
			<description>None</description>
			<possibleresult>
				<name>Small Car</name>
			</possibleresult>
			<points>
				<point>586.000000,466.000000</point>
				<point>578.000000,470.000000</point>
				<point>570.000000,453.000000</point>
				<point>578.000000,450.000000</point>
				<point>586.000000,466.000000</point>
			</points>
		</object>
		<object>
			<coordinate>pixel</coordinate>
			<type>rectangle</type>
			<description>None</description>
			<possibleresult>
				<name>Cargo Truck</name>
			</possibleresult>
			<points>
				<point>632.000000,486.000000</point>
				<point>622.000000,495.000000</point>
				<point>589.000000,457.000000</point>
				<point>600.000000,448.000000</point>
				<point>632.000000,486.000000</point>
			</points>
		</object>
		<object>
			<coordinate>pixel</coordinate>
			<type>rectangle</type>
			<description>None</description>
			<possibleresult>
				<name>Van</name>
			</possibleresult>
			<points>
				<point>658.000000,516.000000</point>
				<point>652.000000,525.000000</point>
				<point>628.000000,510.000000</point>
				<point>634.000000,501.000000</point>
				<point>658.000000,516.000000</point>
			</points>
		</object>
		<object>
			<coordinate>pixel</coordinate>
			<type>rectangle</type>
			<description>None</description>
			<possibleresult>
				<name>Small Car</name>
			</possibleresult>
			<points>
				<point>719.000000,509.000000</point>
				<point>705.000000,522.000000</point>
				<point>699.000000,516.000000</point>
				<point>714.000000,504.000000</point>
				<point>719.000000,509.000000</point>
			</points>
		</object>
		<object>
			<coordinate>pixel</coordinate>
			<type>rectangle</type>
			<description>None</description>
			<possibleresult>
				<name>Van</name>
			</possibleresult>
			<points>
				<point>731.000000,510.000000</point>
				<point>720.000000,529.000000</point>
				<point>710.000000,523.000000</point>
				<point>721.000000,504.000000</point>
				<point>731.000000,510.000000</point>
			</points>
		</object>
		<object>
			<coordinate>pixel</coordinate>
			<type>rectangle</type>
			<description>None</description>
			<possibleresult>
				<name>Dump Truck</name>
			</possibleresult>
			<points>
				<point>750.000000,522.000000</point>
				<point>735.000000,540.000000</point>
				<point>727.000000,534.000000</point>
				<point>742.000000,516.000000</point>
				<point>750.000000,522.000000</point>
			</points>
		</object>
		<object>
			<coordinate>pixel</coordinate>
			<type>rectangle</type>
			<description>None</description>
			<possibleresult>
				<name>Dump Truck</name>
			</possibleresult>
			<points>
				<point>759.000000,528.000000</point>
				<point>744.000000,546.000000</point>
				<point>736.000000,539.000000</point>
				<point>751.000000,521.000000</point>
				<point>759.000000,528.000000</point>
			</points>
		</object>
		<object>
			<coordinate>pixel</coordinate>
			<type>rectangle</type>
			<description>None</description>
			<possibleresult>
				<name>Dump Truck</name>
			</possibleresult>
			<points>
				<point>772.000000,533.000000</point>
				<point>756.000000,549.000000</point>
				<point>749.000000,542.000000</point>
				<point>766.000000,526.000000</point>
				<point>772.000000,533.000000</point>
			</points>
		</object>
		<object>
			<coordinate>pixel</coordinate>
			<type>rectangle</type>
			<description>None</description>
			<possibleresult>
				<name>Van</name>
			</possibleresult>
			<points>
				<point>713.000000,304.000000</point>
				<point>698.000000,322.000000</point>
				<point>691.000000,316.000000</point>
				<point>705.000000,298.000000</point>
				<point>713.000000,304.000000</point>
			</points>
		</object>
		<object>
			<coordinate>pixel</coordinate>
			<type>rectangle</type>
			<description>None</description>
			<possibleresult>
				<name>Small Car</name>
			</possibleresult>
			<points>
				<point>711.000000,266.000000</point>
				<point>706.000000,273.000000</point>
				<point>689.000000,261.000000</point>
				<point>694.000000,254.000000</point>
				<point>711.000000,266.000000</point>
			</points>
		</object>
		<object>
			<coordinate>pixel</coordinate>
			<type>rectangle</type>
			<description>None</description>
			<possibleresult>
				<name>Small Car</name>
			</possibleresult>
			<points>
				<point>719.000000,259.000000</point>
				<point>714.000000,267.000000</point>
				<point>696.000000,254.000000</point>
				<point>701.000000,247.000000</point>
				<point>719.000000,259.000000</point>
			</points>
		</object>
		<object>
			<coordinate>pixel</coordinate>
			<type>rectangle</type>
			<description>None</description>
			<possibleresult>
				<name>Van</name>
			</possibleresult>
			<points>
				<point>728.000000,254.000000</point>
				<point>724.000000,260.000000</point>
				<point>708.000000,250.000000</point>
				<point>712.000000,243.000000</point>
				<point>728.000000,254.000000</point>
			</points>
		</object>
		<object>
			<coordinate>pixel</coordinate>
			<type>rectangle</type>
			<description>None</description>
			<possibleresult>
				<name>Van</name>
			</possibleresult>
			<points>
				<point>782.000000,237.000000</point>
				<point>767.000000,254.000000</point>
				<point>760.000000,248.000000</point>
				<point>775.000000,231.000000</point>
				<point>782.000000,237.000000</point>
			</points>
		</object>
		<object>
			<coordinate>pixel</coordinate>
			<type>rectangle</type>
			<description>None</description>
			<possibleresult>
				<name>Dump Truck</name>
			</possibleresult>
			<points>
				<point>665.000000,179.000000</point>
				<point>660.000000,187.000000</point>
				<point>638.000000,173.000000</point>
				<point>642.000000,165.000000</point>
				<point>665.000000,179.000000</point>
			</points>
		</object>
		<object>
			<coordinate>pixel</coordinate>
			<type>rectangle</type>
			<description>None</description>
			<possibleresult>
				<name>Small Car</name>
			</possibleresult>
			<points>
				<point>638.000000,163.000000</point>
				<point>634.000000,168.000000</point>
				<point>617.000000,158.000000</point>
				<point>621.000000,152.000000</point>
				<point>638.000000,163.000000</point>
			</points>
		</object>
		<object>
			<coordinate>pixel</coordinate>
			<type>rectangle</type>
			<description>None</description>
			<possibleresult>
				<name>Small Car</name>
			</possibleresult>
			<points>
				<point>614.000000,148.000000</point>
				<point>610.000000,155.000000</point>
				<point>593.000000,145.000000</point>
				<point>597.000000,138.000000</point>
				<point>614.000000,148.000000</point>
			</points>
		</object>
		<object>
			<coordinate>pixel</coordinate>
			<type>rectangle</type>
			<description>None</description>
			<possibleresult>
				<name>Small Car</name>
			</possibleresult>
			<points>
				<point>559.000000,116.000000</point>
				<point>552.000000,120.000000</point>
				<point>543.000000,107.000000</point>
				<point>550.000000,102.000000</point>
				<point>559.000000,116.000000</point>
			</points>
		</object>
		<object>
			<coordinate>pixel</coordinate>
			<type>rectangle</type>
			<description>None</description>
			<possibleresult>
				<name>Small Car</name>
			</possibleresult>
			<points>
				<point>551.000000,88.000000</point>
				<point>548.000000,104.000000</point>
				<point>540.000000,102.000000</point>
				<point>542.000000,87.000000</point>
				<point>551.000000,88.000000</point>
			</points>
		</object>
		<object>
			<coordinate>pixel</coordinate>
			<type>rectangle</type>
			<description>None</description>
			<possibleresult>
				<name>Van</name>
			</possibleresult>
			<points>
				<point>610.000000,17.000000</point>
				<point>605.000000,24.000000</point>
				<point>586.000000,11.000000</point>
				<point>590.000000,4.000000</point>
				<point>610.000000,17.000000</point>
			</points>
		</object>
		<object>
			<coordinate>pixel</coordinate>
			<type>rectangle</type>
			<description>None</description>
			<possibleresult>
				<name>Small Car</name>
			</possibleresult>
			<points>
				<point>602.000000,23.000000</point>
				<point>598.000000,30.000000</point>
				<point>579.000000,18.000000</point>
				<point>583.000000,11.000000</point>
				<point>602.000000,23.000000</point>
			</points>
		</object>
		<object>
			<coordinate>pixel</coordinate>
			<type>rectangle</type>
			<description>None</description>
			<possibleresult>
				<name>Van</name>
			</possibleresult>
			<points>
				<point>591.000000,29.000000</point>
				<point>587.000000,35.000000</point>
				<point>571.000000,25.000000</point>
				<point>575.000000,19.000000</point>
				<point>591.000000,29.000000</point>
			</points>
		</object>
		<object>
			<coordinate>pixel</coordinate>
			<type>rectangle</type>
			<description>None</description>
			<possibleresult>
				<name>Van</name>
			</possibleresult>
			<points>
				<point>584.000000,35.000000</point>
				<point>581.000000,42.000000</point>
				<point>564.000000,33.000000</point>
				<point>567.000000,27.000000</point>
				<point>584.000000,35.000000</point>
			</points>
		</object>
		<object>
			<coordinate>pixel</coordinate>
			<type>rectangle</type>
			<description>None</description>
			<possibleresult>
				<name>Van</name>
			</possibleresult>
			<points>
				<point>578.000000,45.000000</point>
				<point>574.000000,51.000000</point>
				<point>556.000000,40.000000</point>
				<point>560.000000,34.000000</point>
				<point>578.000000,45.000000</point>
			</points>
		</object>
		<object>
			<coordinate>pixel</coordinate>
			<type>rectangle</type>
			<description>None</description>
			<possibleresult>
				<name>Van</name>
			</possibleresult>
			<points>
				<point>570.000000,53.000000</point>
				<point>565.000000,60.000000</point>
				<point>544.000000,44.000000</point>
				<point>549.000000,38.000000</point>
				<point>570.000000,53.000000</point>
			</points>
		</object>
		<object>
			<coordinate>pixel</coordinate>
			<type>rectangle</type>
			<description>None</description>
			<possibleresult>
				<name>Small Car</name>
			</possibleresult>
			<points>
				<point>561.000000,58.000000</point>
				<point>558.000000,64.000000</point>
				<point>539.000000,54.000000</point>
				<point>542.000000,48.000000</point>
				<point>561.000000,58.000000</point>
			</points>
		</object>
		<object>
			<coordinate>pixel</coordinate>
			<type>rectangle</type>
			<description>None</description>
			<possibleresult>
				<name>Small Car</name>
			</possibleresult>
			<points>
				<point>554.000000,66.000000</point>
				<point>548.000000,73.000000</point>
				<point>531.000000,61.000000</point>
				<point>536.000000,54.000000</point>
				<point>554.000000,66.000000</point>
			</points>
		</object>
		<object>
			<coordinate>pixel</coordinate>
			<type>rectangle</type>
			<description>None</description>
			<possibleresult>
				<name>Van</name>
			</possibleresult>
			<points>
				<point>549.000000,75.000000</point>
				<point>544.000000,82.000000</point>
				<point>521.000000,67.000000</point>
				<point>525.000000,60.000000</point>
				<point>549.000000,75.000000</point>
			</points>
		</object>
		<object>
			<coordinate>pixel</coordinate>
			<type>rectangle</type>
			<description>None</description>
			<possibleresult>
				<name>Small Car</name>
			</possibleresult>
			<points>
				<point>600.000000,94.000000</point>
				<point>585.000000,109.000000</point>
				<point>577.000000,102.000000</point>
				<point>592.000000,87.000000</point>
				<point>600.000000,94.000000</point>
			</points>
		</object>
		<object>
			<coordinate>pixel</coordinate>
			<type>rectangle</type>
			<description>None</description>
			<possibleresult>
				<name>Dump Truck</name>
			</possibleresult>
			<points>
				<point>606.000000,99.000000</point>
				<point>595.000000,110.000000</point>
				<point>590.000000,105.000000</point>
				<point>601.000000,94.000000</point>
				<point>606.000000,99.000000</point>
			</points>
		</object>
		<object>
			<coordinate>pixel</coordinate>
			<type>rectangle</type>
			<description>None</description>
			<possibleresult>
				<name>Van</name>
			</possibleresult>
			<points>
				<point>616.000000,105.000000</point>
				<point>603.000000,118.000000</point>
				<point>598.000000,113.000000</point>
				<point>611.000000,100.000000</point>
				<point>616.000000,105.000000</point>
			</points>
		</object>
		<object>
			<coordinate>pixel</coordinate>
			<type>rectangle</type>
			<description>None</description>
			<possibleresult>
				<name>Small Car</name>
			</possibleresult>
			<points>
				<point>625.000000,109.000000</point>
				<point>613.000000,122.000000</point>
				<point>608.000000,117.000000</point>
				<point>620.000000,104.000000</point>
				<point>625.000000,109.000000</point>
			</points>
		</object>
		<object>
			<coordinate>pixel</coordinate>
			<type>rectangle</type>
			<description>None</description>
			<possibleresult>
				<name>Van</name>
			</possibleresult>
			<points>
				<point>636.000000,114.000000</point>
				<point>619.000000,131.000000</point>
				<point>613.000000,125.000000</point>
				<point>630.000000,108.000000</point>
				<point>636.000000,114.000000</point>
			</points>
		</object>
		<object>
			<coordinate>pixel</coordinate>
			<type>rectangle</type>
			<description>None</description>
			<possibleresult>
				<name>Small Car</name>
			</possibleresult>
			<points>
				<point>645.000000,122.000000</point>
				<point>631.000000,135.000000</point>
				<point>625.000000,129.000000</point>
				<point>639.000000,116.000000</point>
				<point>645.000000,122.000000</point>
			</points>
		</object>
		<object>
			<coordinate>pixel</coordinate>
			<type>rectangle</type>
			<description>None</description>
			<possibleresult>
				<name>Small Car</name>
			</possibleresult>
			<points>
				<point>654.000000,129.000000</point>
				<point>640.000000,143.000000</point>
				<point>634.000000,137.000000</point>
				<point>649.000000,123.000000</point>
				<point>654.000000,129.000000</point>
			</points>
		</object>
		<object>
			<coordinate>pixel</coordinate>
			<type>rectangle</type>
			<description>None</description>
			<possibleresult>
				<name>Small Car</name>
			</possibleresult>
			<points>
				<point>613.000000,79.000000</point>
				<point>599.000000,91.000000</point>
				<point>593.000000,84.000000</point>
				<point>607.000000,72.000000</point>
				<point>613.000000,79.000000</point>
			</points>
		</object>
		<object>
			<coordinate>pixel</coordinate>
			<type>rectangle</type>
			<description>None</description>
			<possibleresult>
				<name>Small Car</name>
			</possibleresult>
			<points>
				<point>621.000000,85.000000</point>
				<point>607.000000,98.000000</point>
				<point>601.000000,92.000000</point>
				<point>615.000000,79.000000</point>
				<point>621.000000,85.000000</point>
			</points>
		</object>
		<object>
			<coordinate>pixel</coordinate>
			<type>rectangle</type>
			<description>None</description>
			<possibleresult>
				<name>Small Car</name>
			</possibleresult>
			<points>
				<point>631.000000,90.000000</point>
				<point>618.000000,103.000000</point>
				<point>612.000000,97.000000</point>
				<point>625.000000,84.000000</point>
				<point>631.000000,90.000000</point>
			</points>
		</object>
		<object>
			<coordinate>pixel</coordinate>
			<type>rectangle</type>
			<description>None</description>
			<possibleresult>
				<name>Small Car</name>
			</possibleresult>
			<points>
				<point>642.000000,96.000000</point>
				<point>627.000000,109.000000</point>
				<point>621.000000,102.000000</point>
				<point>636.000000,90.000000</point>
				<point>642.000000,96.000000</point>
			</points>
		</object>
		<object>
			<coordinate>pixel</coordinate>
			<type>rectangle</type>
			<description>None</description>
			<possibleresult>
				<name>Van</name>
			</possibleresult>
			<points>
				<point>652.000000,102.000000</point>
				<point>637.000000,115.000000</point>
				<point>632.000000,109.000000</point>
				<point>647.000000,96.000000</point>
				<point>652.000000,102.000000</point>
			</points>
		</object>
		<object>
			<coordinate>pixel</coordinate>
			<type>rectangle</type>
			<description>None</description>
			<possibleresult>
				<name>Small Car</name>
			</possibleresult>
			<points>
				<point>660.000000,110.000000</point>
				<point>645.000000,123.000000</point>
				<point>640.000000,118.000000</point>
				<point>655.000000,104.000000</point>
				<point>660.000000,110.000000</point>
			</points>
		</object>
		<object>
			<coordinate>pixel</coordinate>
			<type>rectangle</type>
			<description>None</description>
			<possibleresult>
				<name>Van</name>
			</possibleresult>
			<points>
				<point>668.000000,114.000000</point>
				<point>656.000000,127.000000</point>
				<point>651.000000,122.000000</point>
				<point>664.000000,110.000000</point>
				<point>668.000000,114.000000</point>
			</points>
		</object>
		<object>
			<coordinate>pixel</coordinate>
			<type>rectangle</type>
			<description>None</description>
			<possibleresult>
				<name>Dump Truck</name>
			</possibleresult>
			<points>
				<point>666.000000,132.000000</point>
				<point>649.000000,147.000000</point>
				<point>643.000000,141.000000</point>
				<point>659.000000,125.000000</point>
				<point>666.000000,132.000000</point>
			</points>
		</object>
		<object>
			<coordinate>pixel</coordinate>
			<type>rectangle</type>
			<description>None</description>
			<possibleresult>
				<name>Small Car</name>
			</possibleresult>
			<points>
				<point>685.000000,146.000000</point>
				<point>671.000000,160.000000</point>
				<point>665.000000,154.000000</point>
				<point>679.000000,140.000000</point>
				<point>685.000000,146.000000</point>
			</points>
		</object>
		<object>
			<coordinate>pixel</coordinate>
			<type>rectangle</type>
			<description>None</description>
			<possibleresult>
				<name>Small Car</name>
			</possibleresult>
			<points>
				<point>693.000000,151.000000</point>
				<point>680.000000,163.000000</point>
				<point>675.000000,158.000000</point>
				<point>689.000000,146.000000</point>
				<point>693.000000,151.000000</point>
			</points>
		</object>
		<object>
			<coordinate>pixel</coordinate>
			<type>rectangle</type>
			<description>None</description>
			<possibleresult>
				<name>Dump Truck</name>
			</possibleresult>
			<points>
				<point>696.000000,123.000000</point>
				<point>676.000000,140.000000</point>
				<point>669.000000,132.000000</point>
				<point>689.000000,115.000000</point>
				<point>696.000000,123.000000</point>
			</points>
		</object>
		<object>
			<coordinate>pixel</coordinate>
			<type>rectangle</type>
			<description>None</description>
			<possibleresult>
				<name>Small Car</name>
			</possibleresult>
			<points>
				<point>699.000000,133.000000</point>
				<point>685.000000,144.000000</point>
				<point>680.000000,138.000000</point>
				<point>694.000000,127.000000</point>
				<point>699.000000,133.000000</point>
			</points>
		</object>
		<object>
			<coordinate>pixel</coordinate>
			<type>rectangle</type>
			<description>None</description>
			<possibleresult>
				<name>Small Car</name>
			</possibleresult>
			<points>
				<point>709.000000,137.000000</point>
				<point>693.000000,151.000000</point>
				<point>689.000000,146.000000</point>
				<point>704.000000,132.000000</point>
				<point>709.000000,137.000000</point>
			</points>
		</object>
		<object>
			<coordinate>pixel</coordinate>
			<type>rectangle</type>
			<description>None</description>
			<possibleresult>
				<name>Small Car</name>
			</possibleresult>
			<points>
				<point>703.000000,159.000000</point>
				<point>689.000000,172.000000</point>
				<point>684.000000,166.000000</point>
				<point>697.000000,153.000000</point>
				<point>703.000000,159.000000</point>
			</points>
		</object>
		<object>
			<coordinate>pixel</coordinate>
			<type>rectangle</type>
			<description>None</description>
			<possibleresult>
				<name>Van</name>
			</possibleresult>
			<points>
				<point>718.000000,144.000000</point>
				<point>706.000000,158.000000</point>
				<point>700.000000,152.000000</point>
				<point>712.000000,138.000000</point>
				<point>718.000000,144.000000</point>
			</points>
		</object>
		<object>
			<coordinate>pixel</coordinate>
			<type>rectangle</type>
			<description>None</description>
			<possibleresult>
				<name>Van</name>
			</possibleresult>
			<points>
				<point>740.000000,153.000000</point>
				<point>725.000000,167.000000</point>
				<point>719.000000,161.000000</point>
				<point>734.000000,147.000000</point>
				<point>740.000000,153.000000</point>
			</points>
		</object>
		<object>
			<coordinate>pixel</coordinate>
			<type>rectangle</type>
			<description>None</description>
			<possibleresult>
				<name>Van</name>
			</possibleresult>
			<points>
				<point>721.000000,169.000000</point>
				<point>708.000000,183.000000</point>
				<point>703.000000,178.000000</point>
				<point>716.000000,164.000000</point>
				<point>721.000000,169.000000</point>
			</points>
		</object>
		<object>
			<coordinate>pixel</coordinate>
			<type>rectangle</type>
			<description>None</description>
			<possibleresult>
				<name>Small Car</name>
			</possibleresult>
			<points>
				<point>731.000000,176.000000</point>
				<point>717.000000,190.000000</point>
				<point>711.000000,184.000000</point>
				<point>725.000000,170.000000</point>
				<point>731.000000,176.000000</point>
			</points>
		</object>
		<object>
			<coordinate>pixel</coordinate>
			<type>rectangle</type>
			<description>None</description>
			<possibleresult>
				<name>Van</name>
			</possibleresult>
			<points>
				<point>767.000000,174.000000</point>
				<point>753.000000,186.000000</point>
				<point>748.000000,180.000000</point>
				<point>761.000000,168.000000</point>
				<point>767.000000,174.000000</point>
			</points>
		</object>
		<object>
			<coordinate>pixel</coordinate>
			<type>rectangle</type>
			<description>None</description>
			<possibleresult>
				<name>Van</name>
			</possibleresult>
			<points>
				<point>658.000000,51.000000</point>
				<point>646.000000,63.000000</point>
				<point>641.000000,57.000000</point>
				<point>652.000000,46.000000</point>
				<point>658.000000,51.000000</point>
			</points>
		</object>
		<object>
			<coordinate>pixel</coordinate>
			<type>rectangle</type>
			<description>None</description>
			<possibleresult>
				<name>Small Car</name>
			</possibleresult>
			<points>
				<point>667.000000,56.000000</point>
				<point>653.000000,69.000000</point>
				<point>649.000000,64.000000</point>
				<point>663.000000,51.000000</point>
				<point>667.000000,56.000000</point>
			</points>
		</object>
		<object>
			<coordinate>pixel</coordinate>
			<type>rectangle</type>
			<description>None</description>
			<possibleresult>
				<name>Van</name>
			</possibleresult>
			<points>
				<point>676.000000,63.000000</point>
				<point>664.000000,74.000000</point>
				<point>660.000000,69.000000</point>
				<point>672.000000,58.000000</point>
				<point>676.000000,63.000000</point>
			</points>
		</object>
		<object>
			<coordinate>pixel</coordinate>
			<type>rectangle</type>
			<description>None</description>
			<possibleresult>
				<name>Small Car</name>
			</possibleresult>
			<points>
				<point>689.000000,66.000000</point>
				<point>673.000000,80.000000</point>
				<point>668.000000,74.000000</point>
				<point>684.000000,60.000000</point>
				<point>689.000000,66.000000</point>
			</points>
		</object>
		<object>
			<coordinate>pixel</coordinate>
			<type>rectangle</type>
			<description>None</description>
			<possibleresult>
				<name>Van</name>
			</possibleresult>
			<points>
				<point>697.000000,74.000000</point>
				<point>682.000000,85.000000</point>
				<point>678.000000,79.000000</point>
				<point>692.000000,68.000000</point>
				<point>697.000000,74.000000</point>
			</points>
		</object>
		<object>
			<coordinate>pixel</coordinate>
			<type>rectangle</type>
			<description>None</description>
			<possibleresult>
				<name>Small Car</name>
			</possibleresult>
			<points>
				<point>706.000000,79.000000</point>
				<point>691.000000,92.000000</point>
				<point>686.000000,87.000000</point>
				<point>702.000000,74.000000</point>
				<point>706.000000,79.000000</point>
			</points>
		</object>
		<object>
			<coordinate>pixel</coordinate>
			<type>rectangle</type>
			<description>None</description>
			<possibleresult>
				<name>Small Car</name>
			</possibleresult>
			<points>
				<point>716.000000,86.000000</point>
				<point>705.000000,98.000000</point>
				<point>698.000000,92.000000</point>
				<point>710.000000,80.000000</point>
				<point>716.000000,86.000000</point>
			</points>
		</object>
		<object>
			<coordinate>pixel</coordinate>
			<type>rectangle</type>
			<description>None</description>
			<possibleresult>
				<name>Small Car</name>
			</possibleresult>
			<points>
				<point>724.000000,92.000000</point>
				<point>710.000000,107.000000</point>
				<point>705.000000,101.000000</point>
				<point>719.000000,87.000000</point>
				<point>724.000000,92.000000</point>
			</points>
		</object>
		<object>
			<coordinate>pixel</coordinate>
			<type>rectangle</type>
			<description>None</description>
			<possibleresult>
				<name>Dump Truck</name>
			</possibleresult>
			<points>
				<point>678.000000,34.000000</point>
				<point>659.000000,49.000000</point>
				<point>654.000000,43.000000</point>
				<point>672.000000,27.000000</point>
				<point>678.000000,34.000000</point>
			</points>
		</object>
		<object>
			<coordinate>pixel</coordinate>
			<type>rectangle</type>
			<description>None</description>
			<possibleresult>
				<name>Small Car</name>
			</possibleresult>
			<points>
				<point>685.000000,43.000000</point>
				<point>671.000000,54.000000</point>
				<point>666.000000,49.000000</point>
				<point>680.000000,37.000000</point>
				<point>685.000000,43.000000</point>
			</points>
		</object>
		<object>
			<coordinate>pixel</coordinate>
			<type>rectangle</type>
			<description>None</description>
			<possibleresult>
				<name>Van</name>
			</possibleresult>
			<points>
				<point>693.000000,48.000000</point>
				<point>679.000000,60.000000</point>
				<point>674.000000,54.000000</point>
				<point>688.000000,42.000000</point>
				<point>693.000000,48.000000</point>
			</points>
		</object>
		<object>
			<coordinate>pixel</coordinate>
			<type>rectangle</type>
			<description>None</description>
			<possibleresult>
				<name>Small Car</name>
			</possibleresult>
			<points>
				<point>705.000000,52.000000</point>
				<point>690.000000,65.000000</point>
				<point>684.000000,58.000000</point>
				<point>699.000000,45.000000</point>
				<point>705.000000,52.000000</point>
			</points>
		</object>
		<object>
			<coordinate>pixel</coordinate>
			<type>rectangle</type>
			<description>None</description>
			<possibleresult>
				<name>Small Car</name>
			</possibleresult>
			<points>
				<point>712.000000,60.000000</point>
				<point>697.000000,73.000000</point>
				<point>692.000000,67.000000</point>
				<point>707.000000,54.000000</point>
				<point>712.000000,60.000000</point>
			</points>
		</object>
		<object>
			<coordinate>pixel</coordinate>
			<type>rectangle</type>
			<description>None</description>
			<possibleresult>
				<name>Small Car</name>
			</possibleresult>
			<points>
				<point>722.000000,66.000000</point>
				<point>709.000000,79.000000</point>
				<point>703.000000,73.000000</point>
				<point>716.000000,60.000000</point>
				<point>722.000000,66.000000</point>
			</points>
		</object>
		<object>
			<coordinate>pixel</coordinate>
			<type>rectangle</type>
			<description>None</description>
			<possibleresult>
				<name>Van</name>
			</possibleresult>
			<points>
				<point>732.000000,71.000000</point>
				<point>717.000000,85.000000</point>
				<point>711.000000,78.000000</point>
				<point>727.000000,65.000000</point>
				<point>732.000000,71.000000</point>
			</points>
		</object>
		<object>
			<coordinate>pixel</coordinate>
			<type>rectangle</type>
			<description>None</description>
			<possibleresult>
				<name>Van</name>
			</possibleresult>
			<points>
				<point>741.000000,76.000000</point>
				<point>729.000000,88.000000</point>
				<point>724.000000,83.000000</point>
				<point>736.000000,71.000000</point>
				<point>741.000000,76.000000</point>
			</points>
		</object>
		<object>
			<coordinate>pixel</coordinate>
			<type>rectangle</type>
			<description>None</description>
			<possibleresult>
				<name>Small Car</name>
			</possibleresult>
			<points>
				<point>750.000000,83.000000</point>
				<point>736.000000,94.000000</point>
				<point>732.000000,89.000000</point>
				<point>746.000000,78.000000</point>
				<point>750.000000,83.000000</point>
			</points>
		</object>
		<object>
			<coordinate>pixel</coordinate>
			<type>rectangle</type>
			<description>None</description>
			<possibleresult>
				<name>Van</name>
			</possibleresult>
			<points>
				<point>758.000000,89.000000</point>
				<point>744.000000,103.000000</point>
				<point>739.000000,98.000000</point>
				<point>753.000000,83.000000</point>
				<point>758.000000,89.000000</point>
			</points>
		</object>
		<object>
			<coordinate>pixel</coordinate>
			<type>rectangle</type>
			<description>None</description>
			<possibleresult>
				<name>Small Car</name>
			</possibleresult>
			<points>
				<point>734.000000,96.000000</point>
				<point>723.000000,107.000000</point>
				<point>718.000000,102.000000</point>
				<point>729.000000,91.000000</point>
				<point>734.000000,96.000000</point>
			</points>
		</object>
		<object>
			<coordinate>pixel</coordinate>
			<type>rectangle</type>
			<description>None</description>
			<possibleresult>
				<name>Small Car</name>
			</possibleresult>
			<points>
				<point>743.000000,103.000000</point>
				<point>730.000000,115.000000</point>
				<point>725.000000,110.000000</point>
				<point>738.000000,98.000000</point>
				<point>743.000000,103.000000</point>
			</points>
		</object>
		<object>
			<coordinate>pixel</coordinate>
			<type>rectangle</type>
			<description>None</description>
			<possibleresult>
				<name>Small Car</name>
			</possibleresult>
			<points>
				<point>755.000000,107.000000</point>
				<point>742.000000,120.000000</point>
				<point>736.000000,114.000000</point>
				<point>749.000000,101.000000</point>
				<point>755.000000,107.000000</point>
			</points>
		</object>
		<object>
			<coordinate>pixel</coordinate>
			<type>rectangle</type>
			<description>None</description>
			<possibleresult>
				<name>Dump Truck</name>
			</possibleresult>
			<points>
				<point>764.000000,113.000000</point>
				<point>745.000000,130.000000</point>
				<point>740.000000,124.000000</point>
				<point>759.000000,107.000000</point>
				<point>764.000000,113.000000</point>
			</points>
		</object>
		<object>
			<coordinate>pixel</coordinate>
			<type>rectangle</type>
			<description>None</description>
			<possibleresult>
				<name>Van</name>
			</possibleresult>
			<points>
				<point>774.000000,121.000000</point>
				<point>759.000000,134.000000</point>
				<point>754.000000,128.000000</point>
				<point>769.000000,115.000000</point>
				<point>774.000000,121.000000</point>
			</points>
		</object>
		<object>
			<coordinate>pixel</coordinate>
			<type>rectangle</type>
			<description>None</description>
			<possibleresult>
				<name>Van</name>
			</possibleresult>
			<points>
				<point>794.000000,131.000000</point>
				<point>778.000000,150.000000</point>
				<point>771.000000,143.000000</point>
				<point>787.000000,125.000000</point>
				<point>794.000000,131.000000</point>
			</points>
		</object>
		<object>
			<coordinate>pixel</coordinate>
			<type>rectangle</type>
			<description>None</description>
			<possibleresult>
				<name>Dump Truck</name>
			</possibleresult>
			<points>
				<point>772.000000,90.000000</point>
				<point>755.000000,106.000000</point>
				<point>749.000000,100.000000</point>
				<point>766.000000,84.000000</point>
				<point>772.000000,90.000000</point>
			</points>
		</object>
		<object>
			<coordinate>pixel</coordinate>
			<type>rectangle</type>
			<description>None</description>
			<possibleresult>
				<name>Van</name>
			</possibleresult>
			<points>
				<point>778.000000,101.000000</point>
				<point>765.000000,111.000000</point>
				<point>761.000000,106.000000</point>
				<point>773.000000,96.000000</point>
				<point>778.000000,101.000000</point>
			</points>
		</object>
		<object>
			<coordinate>pixel</coordinate>
			<type>rectangle</type>
			<description>None</description>
			<possibleresult>
				<name>Van</name>
			</possibleresult>
			<points>
				<point>788.000000,107.000000</point>
				<point>778.000000,118.000000</point>
				<point>772.000000,113.000000</point>
				<point>782.000000,102.000000</point>
				<point>788.000000,107.000000</point>
			</points>
		</object>
		<object>
			<coordinate>pixel</coordinate>
			<type>rectangle</type>
			<description>None</description>
			<possibleresult>
				<name>Van</name>
			</possibleresult>
			<points>
				<point>799.000000,110.000000</point>
				<point>786.000000,125.000000</point>
				<point>780.000000,120.000000</point>
				<point>793.000000,105.000000</point>
				<point>799.000000,110.000000</point>
			</points>
		</object>
		<object>
			<coordinate>pixel</coordinate>
			<type>rectangle</type>
			<description>None</description>
			<possibleresult>
				<name>Small Car</name>
			</possibleresult>
			<points>
				<point>750.000000,22.000000</point>
				<point>736.000000,36.000000</point>
				<point>730.000000,30.000000</point>
				<point>744.000000,17.000000</point>
				<point>750.000000,22.000000</point>
			</points>
		</object>
		<object>
			<coordinate>pixel</coordinate>
			<type>rectangle</type>
			<description>None</description>
			<possibleresult>
				<name>Small Car</name>
			</possibleresult>
			<points>
				<point>742.000000,16.000000</point>
				<point>732.000000,27.000000</point>
				<point>726.000000,22.000000</point>
				<point>737.000000,11.000000</point>
				<point>742.000000,16.000000</point>
			</points>
		</object>
		<object>
			<coordinate>pixel</coordinate>
			<type>rectangle</type>
			<description>None</description>
			<possibleresult>
				<name>Small Car</name>
			</possibleresult>
			<points>
				<point>733.000000,11.000000</point>
				<point>719.000000,24.000000</point>
				<point>714.000000,18.000000</point>
				<point>728.000000,5.000000</point>
				<point>733.000000,11.000000</point>
			</points>
		</object>
		<object>
			<coordinate>pixel</coordinate>
			<type>rectangle</type>
			<description>None</description>
			<possibleresult>
				<name>Small Car</name>
			</possibleresult>
			<points>
				<point>759.000000,0.000000</point>
				<point>745.000000,13.000000</point>
				<point>739.000000,7.000000</point>
				<point>747.000000,0.000000</point>
				<point>759.000000,0.000000</point>
			</points>
		</object>
		<object>
			<coordinate>pixel</coordinate>
			<type>rectangle</type>
			<description>None</description>
			<possibleresult>
				<name>Van</name>
			</possibleresult>
			<points>
				<point>766.000000,7.000000</point>
				<point>753.000000,22.000000</point>
				<point>747.000000,16.000000</point>
				<point>760.000000,1.000000</point>
				<point>766.000000,7.000000</point>
			</points>
		</object>
		<object>
			<coordinate>pixel</coordinate>
			<type>rectangle</type>
			<description>None</description>
			<possibleresult>
				<name>Van</name>
			</possibleresult>
			<points>
				<point>774.000000,15.000000</point>
				<point>762.000000,27.000000</point>
				<point>757.000000,22.000000</point>
				<point>769.000000,10.000000</point>
				<point>774.000000,15.000000</point>
			</points>
		</object>
		<object>
			<coordinate>pixel</coordinate>
			<type>rectangle</type>
			<description>None</description>
			<possibleresult>
				<name>Van</name>
			</possibleresult>
			<points>
				<point>786.000000,20.000000</point>
				<point>771.000000,33.000000</point>
				<point>766.000000,26.000000</point>
				<point>781.000000,14.000000</point>
				<point>786.000000,20.000000</point>
			</points>
		</object>
		<object>
			<coordinate>pixel</coordinate>
			<type>rectangle</type>
			<description>None</description>
			<possibleresult>
				<name>Van</name>
			</possibleresult>
			<points>
				<point>759.000000,29.000000</point>
				<point>747.000000,40.000000</point>
				<point>742.000000,36.000000</point>
				<point>755.000000,24.000000</point>
				<point>759.000000,29.000000</point>
			</points>
		</object>
		<object>
			<coordinate>pixel</coordinate>
			<type>rectangle</type>
			<description>None</description>
			<possibleresult>
				<name>Small Car</name>
			</possibleresult>
			<points>
				<point>770.000000,35.000000</point>
				<point>757.000000,49.000000</point>
				<point>751.000000,43.000000</point>
				<point>764.000000,30.000000</point>
				<point>770.000000,35.000000</point>
			</points>
		</object>
		<object>
			<coordinate>pixel</coordinate>
			<type>rectangle</type>
			<description>None</description>
			<possibleresult>
				<name>Van</name>
			</possibleresult>
			<points>
				<point>799.000000,52.000000</point>
				<point>784.000000,65.000000</point>
				<point>779.000000,59.000000</point>
				<point>794.000000,46.000000</point>
				<point>799.000000,52.000000</point>
			</points>
		</object>
		<object>
			<coordinate>pixel</coordinate>
			<type>rectangle</type>
			<description>None</description>
			<possibleresult>
				<name>Van</name>
			</possibleresult>
			<points>
				<point>52.000000,358.000000</point>
				<point>40.000000,372.000000</point>
				<point>35.000000,367.000000</point>
				<point>47.000000,353.000000</point>
				<point>52.000000,358.000000</point>
			</points>
		</object>
		<object>
			<coordinate>pixel</coordinate>
			<type>rectangle</type>
			<description>None</description>
			<possibleresult>
				<name>Small Car</name>
			</possibleresult>
			<points>
				<point>44.000000,353.000000</point>
				<point>33.000000,367.000000</point>
				<point>27.000000,362.000000</point>
				<point>38.000000,348.000000</point>
				<point>44.000000,353.000000</point>
			</points>
		</object>
		<object>
			<coordinate>pixel</coordinate>
			<type>rectangle</type>
			<description>None</description>
			<possibleresult>
				<name>Van</name>
			</possibleresult>
			<points>
				<point>35.000000,348.000000</point>
				<point>21.000000,361.000000</point>
				<point>15.000000,355.000000</point>
				<point>29.000000,341.000000</point>
				<point>35.000000,348.000000</point>
			</points>
		</object>
		<object>
			<coordinate>pixel</coordinate>
			<type>rectangle</type>
			<description>None</description>
			<possibleresult>
				<name>Small Car</name>
			</possibleresult>
			<points>
				<point>25.000000,341.000000</point>
				<point>13.000000,354.000000</point>
				<point>7.000000,348.000000</point>
				<point>20.000000,335.000000</point>
				<point>25.000000,341.000000</point>
			</points>
		</object>
		<object>
			<coordinate>pixel</coordinate>
			<type>rectangle</type>
			<description>None</description>
			<possibleresult>
				<name>Dump Truck</name>
			</possibleresult>
			<points>
				<point>122.000000,366.000000</point>
				<point>102.000000,381.000000</point>
				<point>97.000000,374.000000</point>
				<point>117.000000,359.000000</point>
				<point>122.000000,366.000000</point>
			</points>
		</object>
		<object>
			<coordinate>pixel</coordinate>
			<type>rectangle</type>
			<description>None</description>
			<possibleresult>
				<name>Small Car</name>
			</possibleresult>
			<points>
				<point>99.000000,307.000000</point>
				<point>84.000000,318.000000</point>
				<point>80.000000,313.000000</point>
				<point>94.000000,301.000000</point>
				<point>99.000000,307.000000</point>
			</points>
		</object>
		<object>
			<coordinate>pixel</coordinate>
			<type>rectangle</type>
			<description>None</description>
			<possibleresult>
				<name>Small Car</name>
			</possibleresult>
			<points>
				<point>152.000000,295.000000</point>
				<point>148.000000,301.000000</point>
				<point>129.000000,290.000000</point>
				<point>132.000000,284.000000</point>
				<point>152.000000,295.000000</point>
			</points>
		</object>
		<object>
			<coordinate>pixel</coordinate>
			<type>rectangle</type>
			<description>None</description>
			<possibleresult>
				<name>Van</name>
			</possibleresult>
			<points>
				<point>145.000000,304.000000</point>
				<point>142.000000,309.000000</point>
				<point>124.000000,300.000000</point>
				<point>127.000000,294.000000</point>
				<point>145.000000,304.000000</point>
			</points>
		</object>
		<object>
			<coordinate>pixel</coordinate>
			<type>rectangle</type>
			<description>None</description>
			<possibleresult>
				<name>Van</name>
			</possibleresult>
			<points>
				<point>137.000000,310.000000</point>
				<point>134.000000,316.000000</point>
				<point>116.000000,306.000000</point>
				<point>119.000000,300.000000</point>
				<point>137.000000,310.000000</point>
			</points>
		</object>
		<object>
			<coordinate>pixel</coordinate>
			<type>rectangle</type>
			<description>None</description>
			<possibleresult>
				<name>Van</name>
			</possibleresult>
			<points>
				<point>131.000000,318.000000</point>
				<point>128.000000,324.000000</point>
				<point>112.000000,314.000000</point>
				<point>116.000000,308.000000</point>
				<point>131.000000,318.000000</point>
			</points>
		</object>
		<object>
			<coordinate>pixel</coordinate>
			<type>rectangle</type>
			<description>None</description>
			<possibleresult>
				<name>Van</name>
			</possibleresult>
			<points>
				<point>123.000000,326.000000</point>
				<point>120.000000,331.000000</point>
				<point>102.000000,319.000000</point>
				<point>105.000000,314.000000</point>
				<point>123.000000,326.000000</point>
			</points>
		</object>
		<object>
			<coordinate>pixel</coordinate>
			<type>rectangle</type>
			<description>None</description>
			<possibleresult>
				<name>Van</name>
			</possibleresult>
			<points>
				<point>114.000000,331.000000</point>
				<point>110.000000,337.000000</point>
				<point>95.000000,329.000000</point>
				<point>99.000000,323.000000</point>
				<point>114.000000,331.000000</point>
			</points>
		</object>
		<object>
			<coordinate>pixel</coordinate>
			<type>rectangle</type>
			<description>None</description>
			<possibleresult>
				<name>Small Car</name>
			</possibleresult>
			<points>
				<point>108.000000,339.000000</point>
				<point>105.000000,345.000000</point>
				<point>85.000000,335.000000</point>
				<point>88.000000,329.000000</point>
				<point>108.000000,339.000000</point>
			</points>
		</object>
		<object>
			<coordinate>pixel</coordinate>
			<type>rectangle</type>
			<description>None</description>
			<possibleresult>
				<name>Van</name>
			</possibleresult>
			<points>
				<point>101.000000,346.000000</point>
				<point>98.000000,352.000000</point>
				<point>79.000000,343.000000</point>
				<point>82.000000,336.000000</point>
				<point>101.000000,346.000000</point>
			</points>
		</object>
		<object>
			<coordinate>pixel</coordinate>
			<type>rectangle</type>
			<description>None</description>
			<possibleresult>
				<name>Small Car</name>
			</possibleresult>
			<points>
				<point>93.000000,354.000000</point>
				<point>90.000000,360.000000</point>
				<point>68.000000,348.000000</point>
				<point>71.000000,341.000000</point>
				<point>93.000000,354.000000</point>
			</points>
		</object>
		<object>
			<coordinate>pixel</coordinate>
			<type>rectangle</type>
			<description>None</description>
			<possibleresult>
				<name>Small Car</name>
			</possibleresult>
			<points>
				<point>84.000000,361.000000</point>
				<point>79.000000,367.000000</point>
				<point>62.000000,356.000000</point>
				<point>66.000000,349.000000</point>
				<point>84.000000,361.000000</point>
			</points>
		</object>
		<object>
			<coordinate>pixel</coordinate>
			<type>rectangle</type>
			<description>None</description>
			<possibleresult>
				<name>Dump Truck</name>
			</possibleresult>
			<points>
				<point>131.000000,244.000000</point>
				<point>127.000000,251.000000</point>
				<point>106.000000,237.000000</point>
				<point>110.000000,230.000000</point>
				<point>131.000000,244.000000</point>
			</points>
		</object>
		<object>
			<coordinate>pixel</coordinate>
			<type>rectangle</type>
			<description>None</description>
			<possibleresult>
				<name>Van</name>
			</possibleresult>
			<points>
				<point>123.000000,250.000000</point>
				<point>119.000000,256.000000</point>
				<point>100.000000,246.000000</point>
				<point>104.000000,239.000000</point>
				<point>123.000000,250.000000</point>
			</points>
		</object>
		<object>
			<coordinate>pixel</coordinate>
			<type>rectangle</type>
			<description>None</description>
			<possibleresult>
				<name>Dump Truck</name>
			</possibleresult>
			<points>
				<point>116.000000,257.000000</point>
				<point>112.000000,264.000000</point>
				<point>90.000000,253.000000</point>
				<point>93.000000,246.000000</point>
				<point>116.000000,257.000000</point>
			</points>
		</object>
		<object>
			<coordinate>pixel</coordinate>
			<type>rectangle</type>
			<description>None</description>
			<possibleresult>
				<name>Van</name>
			</possibleresult>
			<points>
				<point>109.000000,265.000000</point>
				<point>105.000000,273.000000</point>
				<point>86.000000,263.000000</point>
				<point>91.000000,255.000000</point>
				<point>109.000000,265.000000</point>
			</points>
		</object>
		<object>
			<coordinate>pixel</coordinate>
			<type>rectangle</type>
			<description>None</description>
			<possibleresult>
				<name>Small Car</name>
			</possibleresult>
			<points>
				<point>103.000000,274.000000</point>
				<point>98.000000,281.000000</point>
				<point>80.000000,268.000000</point>
				<point>84.000000,262.000000</point>
				<point>103.000000,274.000000</point>
			</points>
		</object>
		<object>
			<coordinate>pixel</coordinate>
			<type>rectangle</type>
			<description>None</description>
			<possibleresult>
				<name>Small Car</name>
			</possibleresult>
			<points>
				<point>93.000000,279.000000</point>
				<point>89.000000,286.000000</point>
				<point>73.000000,274.000000</point>
				<point>77.000000,268.000000</point>
				<point>93.000000,279.000000</point>
			</points>
		</object>
		<object>
			<coordinate>pixel</coordinate>
			<type>rectangle</type>
			<description>None</description>
			<possibleresult>
				<name>Small Car</name>
			</possibleresult>
			<points>
				<point>85.000000,287.000000</point>
				<point>81.000000,293.000000</point>
				<point>64.000000,281.000000</point>
				<point>68.000000,275.000000</point>
				<point>85.000000,287.000000</point>
			</points>
		</object>
		<object>
			<coordinate>pixel</coordinate>
			<type>rectangle</type>
			<description>None</description>
			<possibleresult>
				<name>Dump Truck</name>
			</possibleresult>
			<points>
				<point>78.000000,295.000000</point>
				<point>74.000000,301.000000</point>
				<point>54.000000,290.000000</point>
				<point>57.000000,283.000000</point>
				<point>78.000000,295.000000</point>
			</points>
		</object>
		<object>
			<coordinate>pixel</coordinate>
			<type>rectangle</type>
			<description>None</description>
			<possibleresult>
				<name>Small Car</name>
			</possibleresult>
			<points>
				<point>162.000000,289.000000</point>
				<point>159.000000,295.000000</point>
				<point>138.000000,285.000000</point>
				<point>141.000000,278.000000</point>
				<point>162.000000,289.000000</point>
			</points>
		</object>
		<object>
			<coordinate>pixel</coordinate>
			<type>rectangle</type>
			<description>None</description>
			<possibleresult>
				<name>Small Car</name>
			</possibleresult>
			<points>
				<point>167.000000,281.000000</point>
				<point>164.000000,287.000000</point>
				<point>145.000000,277.000000</point>
				<point>148.000000,271.000000</point>
				<point>167.000000,281.000000</point>
			</points>
		</object>
		<object>
			<coordinate>pixel</coordinate>
			<type>rectangle</type>
			<description>None</description>
			<possibleresult>
				<name>Small Car</name>
			</possibleresult>
			<points>
				<point>181.000000,268.000000</point>
				<point>177.000000,274.000000</point>
				<point>159.000000,262.000000</point>
				<point>162.000000,256.000000</point>
				<point>181.000000,268.000000</point>
			</points>
		</object>
		<object>
			<coordinate>pixel</coordinate>
			<type>rectangle</type>
			<description>None</description>
			<possibleresult>
				<name>Small Car</name>
			</possibleresult>
			<points>
				<point>191.000000,260.000000</point>
				<point>188.000000,266.000000</point>
				<point>168.000000,256.000000</point>
				<point>171.000000,250.000000</point>
				<point>191.000000,260.000000</point>
			</points>
		</object>
		<object>
			<coordinate>pixel</coordinate>
			<type>rectangle</type>
			<description>None</description>
			<possibleresult>
				<name>Small Car</name>
			</possibleresult>
			<points>
				<point>200.000000,253.000000</point>
				<point>197.000000,259.000000</point>
				<point>177.000000,249.000000</point>
				<point>180.000000,243.000000</point>
				<point>200.000000,253.000000</point>
			</points>
		</object>
		<object>
			<coordinate>pixel</coordinate>
			<type>rectangle</type>
			<description>None</description>
			<possibleresult>
				<name>Van</name>
			</possibleresult>
			<points>
				<point>135.000000,235.000000</point>
				<point>132.000000,241.000000</point>
				<point>118.000000,232.000000</point>
				<point>121.000000,226.000000</point>
				<point>135.000000,235.000000</point>
			</points>
		</object>
		<object>
			<coordinate>pixel</coordinate>
			<type>rectangle</type>
			<description>None</description>
			<possibleresult>
				<name>Small Car</name>
			</possibleresult>
			<points>
				<point>145.000000,229.000000</point>
				<point>141.000000,235.000000</point>
				<point>126.000000,226.000000</point>
				<point>130.000000,220.000000</point>
				<point>145.000000,229.000000</point>
			</points>
		</object>
		<object>
			<coordinate>pixel</coordinate>
			<type>rectangle</type>
			<description>None</description>
			<possibleresult>
				<name>Dump Truck</name>
			</possibleresult>
			<points>
				<point>154.000000,223.000000</point>
				<point>150.000000,230.000000</point>
				<point>130.000000,218.000000</point>
				<point>134.000000,211.000000</point>
				<point>154.000000,223.000000</point>
			</points>
		</object>
		<object>
			<coordinate>pixel</coordinate>
			<type>rectangle</type>
			<description>None</description>
			<possibleresult>
				<name>Dump Truck</name>
			</possibleresult>
			<points>
				<point>161.000000,217.000000</point>
				<point>156.000000,223.000000</point>
				<point>140.000000,212.000000</point>
				<point>144.000000,206.000000</point>
				<point>161.000000,217.000000</point>
			</points>
		</object>
		<object>
			<coordinate>pixel</coordinate>
			<type>rectangle</type>
			<description>None</description>
			<possibleresult>
				<name>Van</name>
			</possibleresult>
			<points>
				<point>169.000000,208.000000</point>
				<point>165.000000,216.000000</point>
				<point>147.000000,207.000000</point>
				<point>151.000000,198.000000</point>
				<point>169.000000,208.000000</point>
			</points>
		</object>
		<object>
			<coordinate>pixel</coordinate>
			<type>rectangle</type>
			<description>None</description>
			<possibleresult>
				<name>Van</name>
			</possibleresult>
			<points>
				<point>173.000000,202.000000</point>
				<point>170.000000,208.000000</point>
				<point>152.000000,198.000000</point>
				<point>155.000000,192.000000</point>
				<point>173.000000,202.000000</point>
			</points>
		</object>
		<object>
			<coordinate>pixel</coordinate>
			<type>rectangle</type>
			<description>None</description>
			<possibleresult>
				<name>Small Car</name>
			</possibleresult>
			<points>
				<point>183.000000,196.000000</point>
				<point>179.000000,202.000000</point>
				<point>161.000000,190.000000</point>
				<point>165.000000,184.000000</point>
				<point>183.000000,196.000000</point>
			</points>
		</object>
		<object>
			<coordinate>pixel</coordinate>
			<type>rectangle</type>
			<description>None</description>
			<possibleresult>
				<name>Van</name>
			</possibleresult>
			<points>
				<point>228.000000,200.000000</point>
				<point>215.000000,213.000000</point>
				<point>209.000000,207.000000</point>
				<point>222.000000,194.000000</point>
				<point>228.000000,200.000000</point>
			</points>
		</object>
		<object>
			<coordinate>pixel</coordinate>
			<type>rectangle</type>
			<description>None</description>
			<possibleresult>
				<name>Small Car</name>
			</possibleresult>
			<points>
				<point>219.000000,192.000000</point>
				<point>204.000000,205.000000</point>
				<point>199.000000,199.000000</point>
				<point>214.000000,186.000000</point>
				<point>219.000000,192.000000</point>
			</points>
		</object>
		<object>
			<coordinate>pixel</coordinate>
			<type>rectangle</type>
			<description>None</description>
			<possibleresult>
				<name>Small Car</name>
			</possibleresult>
			<points>
				<point>210.000000,185.000000</point>
				<point>194.000000,199.000000</point>
				<point>189.000000,194.000000</point>
				<point>204.000000,179.000000</point>
				<point>210.000000,185.000000</point>
			</points>
		</object>
		<object>
			<coordinate>pixel</coordinate>
			<type>rectangle</type>
			<description>None</description>
			<possibleresult>
				<name>Small Car</name>
			</possibleresult>
			<points>
				<point>235.000000,177.000000</point>
				<point>231.000000,184.000000</point>
				<point>212.000000,172.000000</point>
				<point>217.000000,165.000000</point>
				<point>235.000000,177.000000</point>
			</points>
		</object>
		<object>
			<coordinate>pixel</coordinate>
			<type>rectangle</type>
			<description>None</description>
			<possibleresult>
				<name>Dump Truck</name>
			</possibleresult>
			<points>
				<point>399.000000,107.000000</point>
				<point>380.000000,124.000000</point>
				<point>373.000000,116.000000</point>
				<point>393.000000,99.000000</point>
				<point>399.000000,107.000000</point>
			</points>
		</object>
		<object>
			<coordinate>pixel</coordinate>
			<type>rectangle</type>
			<description>None</description>
			<possibleresult>
				<name>Intersection</name>
			</possibleresult>
			<points>
				<point>110.000000,417.000000</point>
				<point>40.000000,437.000000</point>
				<point>29.000000,397.000000</point>
				<point>100.000000,378.000000</point>
				<point>110.000000,417.000000</point>
			</points>
		</object>
		<object>
			<coordinate>pixel</coordinate>
			<type>rectangle</type>
			<description>None</description>
			<possibleresult>
				<name>Van</name>
			</possibleresult>
			<points>
				<point>677.000000,121.000000</point>
				<point>667.000000,133.000000</point>
				<point>660.000000,127.000000</point>
				<point>670.000000,115.000000</point>
				<point>677.000000,121.000000</point>
			</points>
		</object>
		<object>
			<coordinate>pixel</coordinate>
			<type>rectangle</type>
			<description>None</description>
			<possibleresult>
				<name>other-vehicle</name>
			</possibleresult>
			<points>
				<point>755.000000,167.000000</point>
				<point>744.000000,179.000000</point>
				<point>736.000000,173.000000</point>
				<point>748.000000,160.000000</point>
				<point>755.000000,167.000000</point>
			</points>
		</object>
		<object>
			<coordinate>pixel</coordinate>
			<type>rectangle</type>
			<description>None</description>
			<possibleresult>
				<name>Small Car</name>
			</possibleresult>
			<points>
				<point>673.000000,139.000000</point>
				<point>660.000000,153.000000</point>
				<point>654.000000,147.000000</point>
				<point>667.000000,133.000000</point>
				<point>673.000000,139.000000</point>
			</points>
		</object>
		<object>
			<coordinate>pixel</coordinate>
			<type>rectangle</type>
			<description>None</description>
			<possibleresult>
				<name>Small Car</name>
			</possibleresult>
			<points>
				<point>297.000000,542.000000</point>
				<point>275.000000,547.000000</point>
				<point>273.000000,539.000000</point>
				<point>296.000000,534.000000</point>
				<point>297.000000,542.000000</point>
			</points>
		</object>
		<object>
			<coordinate>pixel</coordinate>
			<type>rectangle</type>
			<description>None</description>
			<possibleresult>
				<name>Dump Truck</name>
			</possibleresult>
			<points>
				<point>177.000000,432.000000</point>
				<point>163.000000,443.000000</point>
				<point>156.000000,435.000000</point>
				<point>170.000000,423.000000</point>
				<point>177.000000,432.000000</point>
			</points>
		</object>
	</objects>
</annotation>