<?xml version="1.0" encoding="utf-8"?>
<annotation>
	<source>
		<filename>8529.tif</filename>
		<origin>GF2/GF3</origin>
	</source>
	<research>
		<version>1.0</version>
		<provider>FAIR1M</provider>
		<author>Cyber</author>
		<pluginname>FAIR1M</pluginname>
		<pluginclass>object detection</pluginclass>
		<time>2021-07-21</time>
	</research>
	<size>
		<width>1000</width>
		<height>1000</height>
		<depth>3</depth>
	</size>
	<objects>
		<object>
			<coordinate>pixel</coordinate>
			<type>rectangle</type>
			<description>None</description>
			<possibleresult>
				<name>Dump Truck</name>
			</possibleresult>
			<points>
				<point>263.000000,999.000000</point>
				<point>254.000000,999.000000</point>
				<point>255.000000,981.000000</point>
				<point>263.000000,981.000000</point>
				<point>263.000000,999.000000</point>
			</points>
		</object>
		<object>
			<coordinate>pixel</coordinate>
			<type>rectangle</type>
			<description>None</description>
			<possibleresult>
				<name>Intersection</name>
			</possibleresult>
			<points>
				<point>285.000000,937.000000</point>
				<point>222.000000,937.000000</point>
				<point>222.000000,885.000000</point>
				<point>285.000000,885.000000</point>
				<point>285.000000,937.000000</point>
			</points>
		</object>
		<object>
			<coordinate>pixel</coordinate>
			<type>rectangle</type>
			<description>None</description>
			<possibleresult>
				<name>Dump Truck</name>
			</possibleresult>
			<points>
				<point>26.000000,927.000000</point>
				<point>0.000000,927.000000</point>
				<point>0.000000,919.000000</point>
				<point>26.000000,919.000000</point>
				<point>26.000000,927.000000</point>
			</points>
		</object>
		<object>
			<coordinate>pixel</coordinate>
			<type>rectangle</type>
			<description>None</description>
			<possibleresult>
				<name>Small Car</name>
			</possibleresult>
			<points>
				<point>57.000000,927.000000</point>
				<point>32.000000,927.000000</point>
				<point>33.000000,919.000000</point>
				<point>57.000000,920.000000</point>
				<point>57.000000,927.000000</point>
			</points>
		</object>
		<object>
			<coordinate>pixel</coordinate>
			<type>rectangle</type>
			<description>None</description>
			<possibleresult>
				<name>Small Car</name>
			</possibleresult>
			<points>
				<point>168.000000,224.000000</point>
				<point>159.000000,228.000000</point>
				<point>151.000000,208.000000</point>
				<point>160.000000,204.000000</point>
				<point>168.000000,224.000000</point>
			</points>
		</object>
		<object>
			<coordinate>pixel</coordinate>
			<type>rectangle</type>
			<description>None</description>
			<possibleresult>
				<name>Van</name>
			</possibleresult>
			<points>
				<point>66.000015,485.000061</point>
				<point>60.000019,491.000061</point>
				<point>46.000019,477.000061</point>
				<point>52.000019,471.000061</point>
				<point>66.000015,485.000061</point>
			</points>
		</object>
		<object>
			<coordinate>pixel</coordinate>
			<type>rectangle</type>
			<description>None</description>
			<possibleresult>
				<name>Van</name>
			</possibleresult>
			<points>
				<point>16.000000,413.000000</point>
				<point>7.000000,414.000000</point>
				<point>6.000000,397.000000</point>
				<point>15.000000,397.000000</point>
				<point>16.000000,413.000000</point>
			</points>
		</object>
		<object>
			<coordinate>pixel</coordinate>
			<type>rectangle</type>
			<description>None</description>
			<possibleresult>
				<name>Small Car</name>
			</possibleresult>
			<points>
				<point>30.000000,409.000000</point>
				<point>20.000000,409.000000</point>
				<point>20.000000,393.000000</point>
				<point>30.000000,393.000000</point>
				<point>30.000000,409.000000</point>
			</points>
		</object>
		<object>
			<coordinate>pixel</coordinate>
			<type>rectangle</type>
			<description>None</description>
			<possibleresult>
				<name>Van</name>
			</possibleresult>
			<points>
				<point>323.000000,209.000000</point>
				<point>322.000000,226.000000</point>
				<point>314.000000,226.000000</point>
				<point>314.000000,209.000000</point>
				<point>323.000000,209.000000</point>
			</points>
		</object>
		<object>
			<coordinate>pixel</coordinate>
			<type>rectangle</type>
			<description>None</description>
			<possibleresult>
				<name>Small Car</name>
			</possibleresult>
			<points>
				<point>554.000000,232.000000</point>
				<point>542.000000,243.000000</point>
				<point>537.000000,238.000000</point>
				<point>549.000000,227.000000</point>
				<point>554.000000,232.000000</point>
			</points>
		</object>
		<object>
			<coordinate>pixel</coordinate>
			<type>rectangle</type>
			<description>None</description>
			<possibleresult>
				<name>Small Car</name>
			</possibleresult>
			<points>
				<point>567.000000,232.000000</point>
				<point>557.000000,246.000000</point>
				<point>550.000000,241.000000</point>
				<point>561.000000,227.000000</point>
				<point>567.000000,232.000000</point>
			</points>
		</object>
		<object>
			<coordinate>pixel</coordinate>
			<type>rectangle</type>
			<description>None</description>
			<possibleresult>
				<name>Small Car</name>
			</possibleresult>
			<points>
				<point>580.000000,231.000000</point>
				<point>571.000000,242.000000</point>
				<point>565.000000,237.000000</point>
				<point>574.000000,226.000000</point>
				<point>580.000000,231.000000</point>
			</points>
		</object>
		<object>
			<coordinate>pixel</coordinate>
			<type>rectangle</type>
			<description>None</description>
			<possibleresult>
				<name>Small Car</name>
			</possibleresult>
			<points>
				<point>595.000000,233.000000</point>
				<point>583.000000,248.000000</point>
				<point>576.000000,243.000000</point>
				<point>588.000000,228.000000</point>
				<point>595.000000,233.000000</point>
			</points>
		</object>
		<object>
			<coordinate>pixel</coordinate>
			<type>rectangle</type>
			<description>None</description>
			<possibleresult>
				<name>Van</name>
			</possibleresult>
			<points>
				<point>610.000000,233.000000</point>
				<point>599.000000,246.000000</point>
				<point>592.000000,241.000000</point>
				<point>603.000000,227.000000</point>
				<point>610.000000,233.000000</point>
			</points>
		</object>
		<object>
			<coordinate>pixel</coordinate>
			<type>rectangle</type>
			<description>None</description>
			<possibleresult>
				<name>Dump Truck</name>
			</possibleresult>
			<points>
				<point>638.000000,232.000000</point>
				<point>627.000000,248.000000</point>
				<point>620.000000,242.000000</point>
				<point>631.000000,227.000000</point>
				<point>638.000000,232.000000</point>
			</points>
		</object>
		<object>
			<coordinate>pixel</coordinate>
			<type>rectangle</type>
			<description>None</description>
			<possibleresult>
				<name>Small Car</name>
			</possibleresult>
			<points>
				<point>665.000000,232.000000</point>
				<point>653.000000,248.000000</point>
				<point>646.000000,243.000000</point>
				<point>658.000000,227.000000</point>
				<point>665.000000,232.000000</point>
			</points>
		</object>
		<object>
			<coordinate>pixel</coordinate>
			<type>rectangle</type>
			<description>None</description>
			<possibleresult>
				<name>Van</name>
			</possibleresult>
			<points>
				<point>678.000000,235.000000</point>
				<point>668.000000,248.000000</point>
				<point>662.000000,244.000000</point>
				<point>672.000000,230.000000</point>
				<point>678.000000,235.000000</point>
			</points>
		</object>
		<object>
			<coordinate>pixel</coordinate>
			<type>rectangle</type>
			<description>None</description>
			<possibleresult>
				<name>Van</name>
			</possibleresult>
			<points>
				<point>696.000000,232.000000</point>
				<point>684.000000,246.000000</point>
				<point>678.000000,241.000000</point>
				<point>690.000000,227.000000</point>
				<point>696.000000,232.000000</point>
			</points>
		</object>
		<object>
			<coordinate>pixel</coordinate>
			<type>rectangle</type>
			<description>None</description>
			<possibleresult>
				<name>Small Car</name>
			</possibleresult>
			<points>
				<point>710.000000,235.000000</point>
				<point>698.000000,246.000000</point>
				<point>693.000000,241.000000</point>
				<point>705.000000,230.000000</point>
				<point>710.000000,235.000000</point>
			</points>
		</object>
		<object>
			<coordinate>pixel</coordinate>
			<type>rectangle</type>
			<description>None</description>
			<possibleresult>
				<name>Small Car</name>
			</possibleresult>
			<points>
				<point>697.000000,214.000000</point>
				<point>686.000000,228.000000</point>
				<point>678.000000,222.000000</point>
				<point>690.000000,208.000000</point>
				<point>697.000000,214.000000</point>
			</points>
		</object>
		<object>
			<coordinate>pixel</coordinate>
			<type>rectangle</type>
			<description>None</description>
			<possibleresult>
				<name>Small Car</name>
			</possibleresult>
			<points>
				<point>682.000000,215.000000</point>
				<point>670.000000,227.000000</point>
				<point>663.000000,221.000000</point>
				<point>675.000000,208.000000</point>
				<point>682.000000,215.000000</point>
			</points>
		</object>
		<object>
			<coordinate>pixel</coordinate>
			<type>rectangle</type>
			<description>None</description>
			<possibleresult>
				<name>Small Car</name>
			</possibleresult>
			<points>
				<point>669.000000,213.000000</point>
				<point>658.000000,227.000000</point>
				<point>650.000000,221.000000</point>
				<point>661.000000,207.000000</point>
				<point>669.000000,213.000000</point>
			</points>
		</object>
		<object>
			<coordinate>pixel</coordinate>
			<type>rectangle</type>
			<description>None</description>
			<possibleresult>
				<name>Van</name>
			</possibleresult>
			<points>
				<point>654.000000,215.000000</point>
				<point>643.000000,228.000000</point>
				<point>637.000000,222.000000</point>
				<point>648.000000,210.000000</point>
				<point>654.000000,215.000000</point>
			</points>
		</object>
		<object>
			<coordinate>pixel</coordinate>
			<type>rectangle</type>
			<description>None</description>
			<possibleresult>
				<name>Van</name>
			</possibleresult>
			<points>
				<point>638.000000,213.000000</point>
				<point>628.000000,227.000000</point>
				<point>622.000000,223.000000</point>
				<point>632.000000,209.000000</point>
				<point>638.000000,213.000000</point>
			</points>
		</object>
		<object>
			<coordinate>pixel</coordinate>
			<type>rectangle</type>
			<description>None</description>
			<possibleresult>
				<name>Small Car</name>
			</possibleresult>
			<points>
				<point>627.000000,210.000000</point>
				<point>614.000000,226.000000</point>
				<point>607.000000,220.000000</point>
				<point>619.000000,204.000000</point>
				<point>627.000000,210.000000</point>
			</points>
		</object>
		<object>
			<coordinate>pixel</coordinate>
			<type>rectangle</type>
			<description>None</description>
			<possibleresult>
				<name>Small Car</name>
			</possibleresult>
			<points>
				<point>680.000000,187.000000</point>
				<point>673.000000,192.000000</point>
				<point>663.000000,177.000000</point>
				<point>671.000000,172.000000</point>
				<point>680.000000,187.000000</point>
			</points>
		</object>
		<object>
			<coordinate>pixel</coordinate>
			<type>rectangle</type>
			<description>None</description>
			<possibleresult>
				<name>Small Car</name>
			</possibleresult>
			<points>
				<point>710.000000,186.000000</point>
				<point>703.000000,192.000000</point>
				<point>690.000000,176.000000</point>
				<point>697.000000,170.000000</point>
				<point>710.000000,186.000000</point>
			</points>
		</object>
		<object>
			<coordinate>pixel</coordinate>
			<type>rectangle</type>
			<description>None</description>
			<possibleresult>
				<name>Small Car</name>
			</possibleresult>
			<points>
				<point>46.000000,716.000000</point>
				<point>26.000000,720.000000</point>
				<point>24.000000,713.000000</point>
				<point>44.000000,708.000000</point>
				<point>46.000000,716.000000</point>
			</points>
		</object>
		<object>
			<coordinate>pixel</coordinate>
			<type>rectangle</type>
			<description>None</description>
			<possibleresult>
				<name>Small Car</name>
			</possibleresult>
			<points>
				<point>45.000000,724.000000</point>
				<point>44.000000,731.000000</point>
				<point>25.000000,728.000000</point>
				<point>26.000000,721.000000</point>
				<point>45.000000,724.000000</point>
			</points>
		</object>
	</objects>
</annotation>