<?xml version="1.0" encoding="utf-8"?>
<annotation>
	<source>
		<filename>8555.tif</filename>
		<origin>GF2/GF3</origin>
	</source>
	<research>
		<version>1.0</version>
		<provider>FAIR1M</provider>
		<author>Cyber</author>
		<pluginname>FAIR1M</pluginname>
		<pluginclass>object detection</pluginclass>
		<time>2021-07-21</time>
	</research>
	<size>
		<width>1000</width>
		<height>1000</height>
		<depth>3</depth>
	</size>
	<objects>
		<object>
			<coordinate>pixel</coordinate>
			<type>rectangle</type>
			<description>None</description>
			<possibleresult>
				<name>Boeing747</name>
			</possibleresult>
			<points>
				<point>658.000000,64.000000</point>
				<point>584.000000,112.000000</point>
				<point>628.000000,180.000000</point>
				<point>702.000000,132.000000</point>
				<point>658.000000,64.000000</point>
			</points>
		</object>
		<object>
			<coordinate>pixel</coordinate>
			<type>rectangle</type>
			<description>None</description>
			<possibleresult>
				<name>A350</name>
			</possibleresult>
			<points>
				<point>199.000000,248.000000</point>
				<point>207.000000,157.000000</point>
				<point>128.000000,150.000000</point>
				<point>120.000000,241.000000</point>
				<point>199.000000,248.000000</point>
			</points>
		</object>
		<object>
			<coordinate>pixel</coordinate>
			<type>rectangle</type>
			<description>None</description>
			<possibleresult>
				<name>A321</name>
			</possibleresult>
			<points>
				<point>272.000000,238.000000</point>
				<point>279.000000,184.000000</point>
				<point>235.000000,178.000000</point>
				<point>228.000000,233.000000</point>
				<point>272.000000,238.000000</point>
			</points>
		</object>
		<object>
			<coordinate>pixel</coordinate>
			<type>rectangle</type>
			<description>None</description>
			<possibleresult>
				<name>Boeing787</name>
			</possibleresult>
			<points>
				<point>368.000000,272.000000</point>
				<point>385.000000,197.000000</point>
				<point>313.000000,180.000000</point>
				<point>295.000000,255.000000</point>
				<point>368.000000,272.000000</point>
			</points>
		</object>
		<object>
			<coordinate>pixel</coordinate>
			<type>rectangle</type>
			<description>None</description>
			<possibleresult>
				<name>Boeing787</name>
			</possibleresult>
			<points>
				<point>418.000000,368.000000</point>
				<point>490.000000,361.000000</point>
				<point>482.000000,285.000000</point>
				<point>410.000000,293.000000</point>
				<point>418.000000,368.000000</point>
			</points>
		</object>
	</objects>
</annotation>