<?xml version="1.0" encoding="utf-8"?>
<annotation>
	<source>
		<filename>8573.tif</filename>
		<origin>GF2/GF3</origin>
	</source>
	<research>
		<version>1.0</version>
		<provider>FAIR1M</provider>
		<author>Cyber</author>
		<pluginname>FAIR1M</pluginname>
		<pluginclass>object detection</pluginclass>
		<time>2021-07-21</time>
	</research>
	<size>
		<width>1000</width>
		<height>1000</height>
		<depth>3</depth>
	</size>
	<objects>
		<object>
			<coordinate>pixel</coordinate>
			<type>rectangle</type>
			<description>None</description>
			<possibleresult>
				<name>Dry Cargo Ship</name>
			</possibleresult>
			<points>
				<point>266.000000,979.000000</point>
				<point>223.000000,896.000000</point>
				<point>210.000000,903.000000</point>
				<point>253.000000,986.000000</point>
				<point>266.000000,979.000000</point>
			</points>
		</object>
		<object>
			<coordinate>pixel</coordinate>
			<type>rectangle</type>
			<description>None</description>
			<possibleresult>
				<name>Dry Cargo Ship</name>
			</possibleresult>
			<points>
				<point>164.000000,803.000000</point>
				<point>184.000000,842.000000</point>
				<point>192.000000,837.000000</point>
				<point>173.000000,799.000000</point>
				<point>164.000000,803.000000</point>
			</points>
		</object>
	</objects>
</annotation>