<?xml version="1.0" encoding="utf-8"?>
<annotation>
	<source>
		<filename>8602.tif</filename>
		<origin>GF2/GF3</origin>
	</source>
	<research>
		<version>1.0</version>
		<provider>FAIR1M</provider>
		<author>Cyber</author>
		<pluginname>FAIR1M</pluginname>
		<pluginclass>object detection</pluginclass>
		<time>2021-07-21</time>
	</research>
	<size>
		<width>600</width>
		<height>800</height>
		<depth>4</depth>
	</size>
	<objects>
		<object>
			<coordinate>pixel</coordinate>
			<type>rectangle</type>
			<description>None</description>
			<possibleresult>
				<name>Small Car</name>
			</possibleresult>
			<points>
				<point>41.000000,168.000000</point>
				<point>30.000000,185.000000</point>
				<point>23.000000,180.000000</point>
				<point>34.000000,164.000000</point>
				<point>41.000000,168.000000</point>
			</points>
		</object>
		<object>
			<coordinate>pixel</coordinate>
			<type>rectangle</type>
			<description>None</description>
			<possibleresult>
				<name>Small Car</name>
			</possibleresult>
			<points>
				<point>578.000000,18.000000</point>
				<point>557.000000,22.000000</point>
				<point>556.000000,15.000000</point>
				<point>577.000000,11.000000</point>
				<point>578.000000,18.000000</point>
			</points>
		</object>
		<object>
			<coordinate>pixel</coordinate>
			<type>rectangle</type>
			<description>None</description>
			<possibleresult>
				<name>Van</name>
			</possibleresult>
			<points>
				<point>571.000000,30.000000</point>
				<point>549.000000,34.000000</point>
				<point>548.000000,26.000000</point>
				<point>570.000000,23.000000</point>
				<point>571.000000,30.000000</point>
			</points>
		</object>
		<object>
			<coordinate>pixel</coordinate>
			<type>rectangle</type>
			<description>None</description>
			<possibleresult>
				<name>Small Car</name>
			</possibleresult>
			<points>
				<point>564.000000,40.000000</point>
				<point>543.000000,44.000000</point>
				<point>542.000000,37.000000</point>
				<point>562.000000,33.000000</point>
				<point>564.000000,40.000000</point>
			</points>
		</object>
		<object>
			<coordinate>pixel</coordinate>
			<type>rectangle</type>
			<description>None</description>
			<possibleresult>
				<name>Small Car</name>
			</possibleresult>
			<points>
				<point>545.000000,71.000000</point>
				<point>526.000000,74.000000</point>
				<point>525.000000,68.000000</point>
				<point>544.000000,65.000000</point>
				<point>545.000000,71.000000</point>
			</points>
		</object>
		<object>
			<coordinate>pixel</coordinate>
			<type>rectangle</type>
			<description>None</description>
			<possibleresult>
				<name>Small Car</name>
			</possibleresult>
			<points>
				<point>579.000000,85.000000</point>
				<point>575.000000,93.000000</point>
				<point>555.000000,85.000000</point>
				<point>559.000000,77.000000</point>
				<point>579.000000,85.000000</point>
			</points>
		</object>
		<object>
			<coordinate>pixel</coordinate>
			<type>rectangle</type>
			<description>None</description>
			<possibleresult>
				<name>Small Car</name>
			</possibleresult>
			<points>
				<point>502.000000,30.000000</point>
				<point>495.000000,34.000000</point>
				<point>487.000000,21.000000</point>
				<point>494.000000,17.000000</point>
				<point>502.000000,30.000000</point>
			</points>
		</object>
		<object>
			<coordinate>pixel</coordinate>
			<type>rectangle</type>
			<description>None</description>
			<possibleresult>
				<name>Dump Truck</name>
			</possibleresult>
			<points>
				<point>494.000000,38.000000</point>
				<point>487.000000,43.000000</point>
				<point>477.000000,28.000000</point>
				<point>484.000000,23.000000</point>
				<point>494.000000,38.000000</point>
			</points>
		</object>
		<object>
			<coordinate>pixel</coordinate>
			<type>rectangle</type>
			<description>None</description>
			<possibleresult>
				<name>Small Car</name>
			</possibleresult>
			<points>
				<point>435.000000,60.000000</point>
				<point>416.000000,63.000000</point>
				<point>415.000000,57.000000</point>
				<point>435.000000,54.000000</point>
				<point>435.000000,60.000000</point>
			</points>
		</object>
		<object>
			<coordinate>pixel</coordinate>
			<type>rectangle</type>
			<description>None</description>
			<possibleresult>
				<name>Small Car</name>
			</possibleresult>
			<points>
				<point>451.000000,41.000000</point>
				<point>427.000000,43.000000</point>
				<point>427.000000,35.000000</point>
				<point>451.000000,33.000000</point>
				<point>451.000000,41.000000</point>
			</points>
		</object>
		<object>
			<coordinate>pixel</coordinate>
			<type>rectangle</type>
			<description>None</description>
			<possibleresult>
				<name>Small Car</name>
			</possibleresult>
			<points>
				<point>463.000000,30.000000</point>
				<point>441.000000,32.000000</point>
				<point>441.000000,26.000000</point>
				<point>462.000000,24.000000</point>
				<point>463.000000,30.000000</point>
			</points>
		</object>
		<object>
			<coordinate>pixel</coordinate>
			<type>rectangle</type>
			<description>None</description>
			<possibleresult>
				<name>Dump Truck</name>
			</possibleresult>
			<points>
				<point>463.000000,21.000000</point>
				<point>442.000000,22.000000</point>
				<point>441.000000,15.000000</point>
				<point>463.000000,14.000000</point>
				<point>463.000000,21.000000</point>
			</points>
		</object>
		<object>
			<coordinate>pixel</coordinate>
			<type>rectangle</type>
			<description>None</description>
			<possibleresult>
				<name>Bus</name>
			</possibleresult>
			<points>
				<point>428.000000,155.000000</point>
				<point>423.000000,163.000000</point>
				<point>387.000000,140.000000</point>
				<point>392.000000,132.000000</point>
				<point>428.000000,155.000000</point>
			</points>
		</object>
		<object>
			<coordinate>pixel</coordinate>
			<type>rectangle</type>
			<description>None</description>
			<possibleresult>
				<name>Small Car</name>
			</possibleresult>
			<points>
				<point>494.000000,183.000000</point>
				<point>489.000000,189.000000</point>
				<point>472.000000,178.000000</point>
				<point>476.000000,172.000000</point>
				<point>494.000000,183.000000</point>
			</points>
		</object>
		<object>
			<coordinate>pixel</coordinate>
			<type>rectangle</type>
			<description>None</description>
			<possibleresult>
				<name>Small Car</name>
			</possibleresult>
			<points>
				<point>518.000000,197.000000</point>
				<point>514.000000,204.000000</point>
				<point>497.000000,193.000000</point>
				<point>501.000000,187.000000</point>
				<point>518.000000,197.000000</point>
			</points>
		</object>
		<object>
			<coordinate>pixel</coordinate>
			<type>rectangle</type>
			<description>None</description>
			<possibleresult>
				<name>Van</name>
			</possibleresult>
			<points>
				<point>376.000000,460.000000</point>
				<point>364.000000,460.000000</point>
				<point>365.000000,442.000000</point>
				<point>376.000000,442.000000</point>
				<point>376.000000,460.000000</point>
			</points>
		</object>
		<object>
			<coordinate>pixel</coordinate>
			<type>rectangle</type>
			<description>None</description>
			<possibleresult>
				<name>Small Car</name>
			</possibleresult>
			<points>
				<point>26.000000,627.000000</point>
				<point>18.000000,642.000000</point>
				<point>12.000000,638.000000</point>
				<point>20.000000,624.000000</point>
				<point>26.000000,627.000000</point>
			</points>
		</object>
		<object>
			<coordinate>pixel</coordinate>
			<type>rectangle</type>
			<description>None</description>
			<possibleresult>
				<name>Van</name>
			</possibleresult>
			<points>
				<point>45.000000,677.000000</point>
				<point>43.000000,684.000000</point>
				<point>26.000000,679.000000</point>
				<point>28.000000,673.000000</point>
				<point>45.000000,677.000000</point>
			</points>
		</object>
		<object>
			<coordinate>pixel</coordinate>
			<type>rectangle</type>
			<description>None</description>
			<possibleresult>
				<name>Small Car</name>
			</possibleresult>
			<points>
				<point>78.000000,661.000000</point>
				<point>76.000000,668.000000</point>
				<point>60.000000,663.000000</point>
				<point>62.000000,656.000000</point>
				<point>78.000000,661.000000</point>
			</points>
		</object>
		<object>
			<coordinate>pixel</coordinate>
			<type>rectangle</type>
			<description>None</description>
			<possibleresult>
				<name>Small Car</name>
			</possibleresult>
			<points>
				<point>53.000000,656.000000</point>
				<point>51.000000,663.000000</point>
				<point>35.000000,658.000000</point>
				<point>37.000000,651.000000</point>
				<point>53.000000,656.000000</point>
			</points>
		</object>
		<object>
			<coordinate>pixel</coordinate>
			<type>rectangle</type>
			<description>None</description>
			<possibleresult>
				<name>Van</name>
			</possibleresult>
			<points>
				<point>111.000000,670.000000</point>
				<point>108.000000,677.000000</point>
				<point>89.000000,669.000000</point>
				<point>92.000000,662.000000</point>
				<point>111.000000,670.000000</point>
			</points>
		</object>
		<object>
			<coordinate>pixel</coordinate>
			<type>rectangle</type>
			<description>None</description>
			<possibleresult>
				<name>Small Car</name>
			</possibleresult>
			<points>
				<point>132.000000,672.000000</point>
				<point>131.000000,679.000000</point>
				<point>114.000000,677.000000</point>
				<point>115.000000,670.000000</point>
				<point>132.000000,672.000000</point>
			</points>
		</object>
		<object>
			<coordinate>pixel</coordinate>
			<type>rectangle</type>
			<description>None</description>
			<possibleresult>
				<name>Small Car</name>
			</possibleresult>
			<points>
				<point>159.000000,678.000000</point>
				<point>157.000000,686.000000</point>
				<point>137.000000,681.000000</point>
				<point>139.000000,673.000000</point>
				<point>159.000000,678.000000</point>
			</points>
		</object>
		<object>
			<coordinate>pixel</coordinate>
			<type>rectangle</type>
			<description>None</description>
			<possibleresult>
				<name>Small Car</name>
			</possibleresult>
			<points>
				<point>90.000000,687.000000</point>
				<point>89.000000,694.000000</point>
				<point>69.000000,690.000000</point>
				<point>70.000000,683.000000</point>
				<point>90.000000,687.000000</point>
			</points>
		</object>
		<object>
			<coordinate>pixel</coordinate>
			<type>rectangle</type>
			<description>None</description>
			<possibleresult>
				<name>Small Car</name>
			</possibleresult>
			<points>
				<point>114.000000,692.000000</point>
				<point>112.000000,699.000000</point>
				<point>95.000000,695.000000</point>
				<point>96.000000,689.000000</point>
				<point>114.000000,692.000000</point>
			</points>
		</object>
		<object>
			<coordinate>pixel</coordinate>
			<type>rectangle</type>
			<description>None</description>
			<possibleresult>
				<name>Small Car</name>
			</possibleresult>
			<points>
				<point>200.000000,689.000000</point>
				<point>198.000000,696.000000</point>
				<point>178.000000,691.000000</point>
				<point>180.000000,684.000000</point>
				<point>200.000000,689.000000</point>
			</points>
		</object>
		<object>
			<coordinate>pixel</coordinate>
			<type>rectangle</type>
			<description>None</description>
			<possibleresult>
				<name>Van</name>
			</possibleresult>
			<points>
				<point>19.000000,712.000000</point>
				<point>16.000000,730.000000</point>
				<point>7.000000,728.000000</point>
				<point>11.000000,710.000000</point>
				<point>19.000000,712.000000</point>
			</points>
		</object>
		<object>
			<coordinate>pixel</coordinate>
			<type>rectangle</type>
			<description>None</description>
			<possibleresult>
				<name>Van</name>
			</possibleresult>
			<points>
				<point>31.000000,716.000000</point>
				<point>26.000000,731.000000</point>
				<point>17.000000,728.000000</point>
				<point>22.000000,713.000000</point>
				<point>31.000000,716.000000</point>
			</points>
		</object>
		<object>
			<coordinate>pixel</coordinate>
			<type>rectangle</type>
			<description>None</description>
			<possibleresult>
				<name>Van</name>
			</possibleresult>
			<points>
				<point>43.000000,717.000000</point>
				<point>38.000000,732.000000</point>
				<point>29.000000,729.000000</point>
				<point>34.000000,714.000000</point>
				<point>43.000000,717.000000</point>
			</points>
		</object>
		<object>
			<coordinate>pixel</coordinate>
			<type>rectangle</type>
			<description>None</description>
			<possibleresult>
				<name>Van</name>
			</possibleresult>
			<points>
				<point>55.000000,718.000000</point>
				<point>50.000000,734.000000</point>
				<point>41.000000,732.000000</point>
				<point>46.000000,715.000000</point>
				<point>55.000000,718.000000</point>
			</points>
		</object>
		<object>
			<coordinate>pixel</coordinate>
			<type>rectangle</type>
			<description>None</description>
			<possibleresult>
				<name>Small Car</name>
			</possibleresult>
			<points>
				<point>68.000000,722.000000</point>
				<point>60.000000,738.000000</point>
				<point>51.000000,733.000000</point>
				<point>59.000000,717.000000</point>
				<point>68.000000,722.000000</point>
			</points>
		</object>
		<object>
			<coordinate>pixel</coordinate>
			<type>rectangle</type>
			<description>None</description>
			<possibleresult>
				<name>Small Car</name>
			</possibleresult>
			<points>
				<point>76.000000,727.000000</point>
				<point>70.000000,742.000000</point>
				<point>62.000000,739.000000</point>
				<point>67.000000,724.000000</point>
				<point>76.000000,727.000000</point>
			</points>
		</object>
		<object>
			<coordinate>pixel</coordinate>
			<type>rectangle</type>
			<description>None</description>
			<possibleresult>
				<name>Small Car</name>
			</possibleresult>
			<points>
				<point>89.000000,727.000000</point>
				<point>81.000000,744.000000</point>
				<point>73.000000,740.000000</point>
				<point>81.000000,723.000000</point>
				<point>89.000000,727.000000</point>
			</points>
		</object>
		<object>
			<coordinate>pixel</coordinate>
			<type>rectangle</type>
			<description>None</description>
			<possibleresult>
				<name>Small Car</name>
			</possibleresult>
			<points>
				<point>107.000000,742.000000</point>
				<point>106.000000,749.000000</point>
				<point>86.000000,744.000000</point>
				<point>87.000000,737.000000</point>
				<point>107.000000,742.000000</point>
			</points>
		</object>
		<object>
			<coordinate>pixel</coordinate>
			<type>rectangle</type>
			<description>None</description>
			<possibleresult>
				<name>Small Car</name>
			</possibleresult>
			<points>
				<point>69.000000,774.000000</point>
				<point>64.000000,790.000000</point>
				<point>57.000000,787.000000</point>
				<point>62.000000,772.000000</point>
				<point>69.000000,774.000000</point>
			</points>
		</object>
		<object>
			<coordinate>pixel</coordinate>
			<type>rectangle</type>
			<description>None</description>
			<possibleresult>
				<name>Small Car</name>
			</possibleresult>
			<points>
				<point>59.000000,770.000000</point>
				<point>55.000000,786.000000</point>
				<point>46.000000,783.000000</point>
				<point>50.000000,767.000000</point>
				<point>59.000000,770.000000</point>
			</points>
		</object>
		<object>
			<coordinate>pixel</coordinate>
			<type>rectangle</type>
			<description>None</description>
			<possibleresult>
				<name>Van</name>
			</possibleresult>
			<points>
				<point>36.000000,766.000000</point>
				<point>31.000000,781.000000</point>
				<point>23.000000,778.000000</point>
				<point>28.000000,763.000000</point>
				<point>36.000000,766.000000</point>
			</points>
		</object>
		<object>
			<coordinate>pixel</coordinate>
			<type>rectangle</type>
			<description>None</description>
			<possibleresult>
				<name>Van</name>
			</possibleresult>
			<points>
				<point>25.000000,764.000000</point>
				<point>19.000000,779.000000</point>
				<point>11.000000,776.000000</point>
				<point>18.000000,760.000000</point>
				<point>25.000000,764.000000</point>
			</points>
		</object>
		<object>
			<coordinate>pixel</coordinate>
			<type>rectangle</type>
			<description>None</description>
			<possibleresult>
				<name>Van</name>
			</possibleresult>
			<points>
				<point>15.000000,760.000000</point>
				<point>9.000000,775.000000</point>
				<point>1.000000,772.000000</point>
				<point>6.000000,757.000000</point>
				<point>15.000000,760.000000</point>
			</points>
		</object>
		<object>
			<coordinate>pixel</coordinate>
			<type>rectangle</type>
			<description>None</description>
			<possibleresult>
				<name>Small Car</name>
			</possibleresult>
			<points>
				<point>54.000000,789.000000</point>
				<point>49.000000,800.000000</point>
				<point>39.000000,800.000000</point>
				<point>45.000000,785.000000</point>
				<point>54.000000,789.000000</point>
			</points>
		</object>
		<object>
			<coordinate>pixel</coordinate>
			<type>rectangle</type>
			<description>None</description>
			<possibleresult>
				<name>Van</name>
			</possibleresult>
			<points>
				<point>41.000000,788.000000</point>
				<point>38.000000,800.000000</point>
				<point>27.000000,800.000000</point>
				<point>30.000000,785.000000</point>
				<point>41.000000,788.000000</point>
			</points>
		</object>
		<object>
			<coordinate>pixel</coordinate>
			<type>rectangle</type>
			<description>None</description>
			<possibleresult>
				<name>Small Car</name>
			</possibleresult>
			<points>
				<point>479.000000,776.000000</point>
				<point>477.000000,782.000000</point>
				<point>459.000000,777.000000</point>
				<point>461.000000,772.000000</point>
				<point>479.000000,776.000000</point>
			</points>
		</object>
		<object>
			<coordinate>pixel</coordinate>
			<type>rectangle</type>
			<description>None</description>
			<possibleresult>
				<name>Small Car</name>
			</possibleresult>
			<points>
				<point>576.000000,763.000000</point>
				<point>568.000000,782.000000</point>
				<point>560.000000,778.000000</point>
				<point>569.000000,760.000000</point>
				<point>576.000000,763.000000</point>
			</points>
		</object>
		<object>
			<coordinate>pixel</coordinate>
			<type>rectangle</type>
			<description>None</description>
			<possibleresult>
				<name>Small Car</name>
			</possibleresult>
			<points>
				<point>582.000000,746.000000</point>
				<point>578.000000,761.000000</point>
				<point>570.000000,759.000000</point>
				<point>574.000000,744.000000</point>
				<point>582.000000,746.000000</point>
			</points>
		</object>
		<object>
			<coordinate>pixel</coordinate>
			<type>rectangle</type>
			<description>None</description>
			<possibleresult>
				<name>Small Car</name>
			</possibleresult>
			<points>
				<point>547.000000,749.000000</point>
				<point>540.000000,767.000000</point>
				<point>532.000000,764.000000</point>
				<point>539.000000,746.000000</point>
				<point>547.000000,749.000000</point>
			</points>
		</object>
		<object>
			<coordinate>pixel</coordinate>
			<type>rectangle</type>
			<description>None</description>
			<possibleresult>
				<name>Small Car</name>
			</possibleresult>
			<points>
				<point>595.000000,718.000000</point>
				<point>589.000000,735.000000</point>
				<point>580.000000,731.000000</point>
				<point>586.000000,715.000000</point>
				<point>595.000000,718.000000</point>
			</points>
		</object>
		<object>
			<coordinate>pixel</coordinate>
			<type>rectangle</type>
			<description>None</description>
			<possibleresult>
				<name>Small Car</name>
			</possibleresult>
			<points>
				<point>570.000000,684.000000</point>
				<point>565.000000,699.000000</point>
				<point>557.000000,696.000000</point>
				<point>561.000000,681.000000</point>
				<point>570.000000,684.000000</point>
			</points>
		</object>
	</objects>
</annotation>