<?xml version="1.0" encoding="utf-8"?>
<annotation>
	<source>
		<filename>8662.tif</filename>
		<origin>GF2/GF3</origin>
	</source>
	<research>
		<version>1.0</version>
		<provider>FAIR1M</provider>
		<author>Cyber</author>
		<pluginname>FAIR1M</pluginname>
		<pluginclass>object detection</pluginclass>
		<time>2021-07-21</time>
	</research>
	<size>
		<width>1000</width>
		<height>1000</height>
		<depth>3</depth>
	</size>
	<objects>
		<object>
			<coordinate>pixel</coordinate>
			<type>rectangle</type>
			<description>None</description>
			<possibleresult>
				<name>A220</name>
			</possibleresult>
			<points>
				<point>59.000000,871.000000</point>
				<point>17.000000,896.000000</point>
				<point>40.000000,935.000000</point>
				<point>82.000000,909.000000</point>
				<point>59.000000,871.000000</point>
			</points>
		</object>
		<object>
			<coordinate>pixel</coordinate>
			<type>rectangle</type>
			<description>None</description>
			<possibleresult>
				<name>Boeing737</name>
			</possibleresult>
			<points>
				<point>140.000000,931.000000</point>
				<point>163.000000,968.000000</point>
				<point>196.000000,945.000000</point>
				<point>173.000000,911.000000</point>
				<point>140.000000,931.000000</point>
			</points>
		</object>
		<object>
			<coordinate>pixel</coordinate>
			<type>rectangle</type>
			<description>None</description>
			<possibleresult>
				<name>A220</name>
			</possibleresult>
			<points>
				<point>221.000000,871.000000</point>
				<point>248.000000,912.000000</point>
				<point>286.000000,888.000000</point>
				<point>259.000000,847.000000</point>
				<point>221.000000,871.000000</point>
			</points>
		</object>
		<object>
			<coordinate>pixel</coordinate>
			<type>rectangle</type>
			<description>None</description>
			<possibleresult>
				<name>Boeing737</name>
			</possibleresult>
			<points>
				<point>317.000000,812.000000</point>
				<point>340.000000,853.000000</point>
				<point>380.000000,829.000000</point>
				<point>355.000000,789.000000</point>
				<point>317.000000,812.000000</point>
			</points>
		</object>
		<object>
			<coordinate>pixel</coordinate>
			<type>rectangle</type>
			<description>None</description>
			<possibleresult>
				<name>other-airplane</name>
			</possibleresult>
			<points>
				<point>467.000000,701.000000</point>
				<point>494.000000,742.000000</point>
				<point>530.000000,718.000000</point>
				<point>503.000000,678.000000</point>
				<point>467.000000,701.000000</point>
			</points>
		</object>
		<object>
			<coordinate>pixel</coordinate>
			<type>rectangle</type>
			<description>None</description>
			<possibleresult>
				<name>Boeing737</name>
			</possibleresult>
			<points>
				<point>548.000000,647.000000</point>
				<point>573.000000,687.000000</point>
				<point>605.000000,664.000000</point>
				<point>582.000000,627.000000</point>
				<point>548.000000,647.000000</point>
			</points>
		</object>
		<object>
			<coordinate>pixel</coordinate>
			<type>rectangle</type>
			<description>None</description>
			<possibleresult>
				<name>Intersection</name>
			</possibleresult>
			<points>
				<point>942.000000,369.000000</point>
				<point>986.000000,342.000000</point>
				<point>971.000000,320.000000</point>
				<point>928.000000,347.000000</point>
				<point>942.000000,369.000000</point>
			</points>
		</object>
		<object>
			<coordinate>pixel</coordinate>
			<type>rectangle</type>
			<description>None</description>
			<possibleresult>
				<name>Intersection</name>
			</possibleresult>
			<points>
				<point>736.000000,52.000000</point>
				<point>780.000000,23.000000</point>
				<point>746.000000,-29.000000</point>
				<point>703.000000,-1.000000</point>
				<point>736.000000,52.000000</point>
			</points>
		</object>
		<object>
			<coordinate>pixel</coordinate>
			<type>rectangle</type>
			<description>None</description>
			<possibleresult>
				<name>other-airplane</name>
			</possibleresult>
			<points>
				<point>345.000000,912.000000</point>
				<point>370.000000,950.000000</point>
				<point>411.000000,922.000000</point>
				<point>386.000000,884.000000</point>
				<point>345.000000,912.000000</point>
			</points>
		</object>
	</objects>
</annotation>