<?xml version="1.0" encoding="utf-8"?>
<annotation>
	<source>
		<filename>8676.tif</filename>
		<origin>GF2/GF3</origin>
	</source>
	<research>
		<version>1.0</version>
		<provider>FAIR1M</provider>
		<author>Cyber</author>
		<pluginname>FAIR1M</pluginname>
		<pluginclass>object detection</pluginclass>
		<time>2021-07-21</time>
	</research>
	<size>
		<width>800</width>
		<height>600</height>
		<depth>4</depth>
	</size>
	<objects>
		<object>
			<coordinate>pixel</coordinate>
			<type>rectangle</type>
			<description>None</description>
			<possibleresult>
				<name>Tennis Court</name>
			</possibleresult>
			<points>
				<point>778.840576,325.994934</point>
				<point>740.000000,305.000000</point>
				<point>782.159424,227.005066</point>
				<point>821.000000,248.000000</point>
				<point>778.840576,325.994934</point>
			</points>
		</object>
		<object>
			<coordinate>pixel</coordinate>
			<type>rectangle</type>
			<description>None</description>
			<possibleresult>
				<name>Tennis Court</name>
			</possibleresult>
			<points>
				<point>709.000000,341.000000</point>
				<point>666.000000,412.000000</point>
				<point>627.000000,396.000000</point>
				<point>668.000000,326.000000</point>
				<point>709.000000,341.000000</point>
			</points>
		</object>
		<object>
			<coordinate>pixel</coordinate>
			<type>rectangle</type>
			<description>None</description>
			<possibleresult>
				<name>Tennis Court</name>
			</possibleresult>
			<points>
				<point>777.000000,366.000000</point>
				<point>737.000000,441.000000</point>
				<point>694.000000,423.000000</point>
				<point>736.000000,351.000000</point>
				<point>777.000000,366.000000</point>
			</points>
		</object>
		<object>
			<coordinate>pixel</coordinate>
			<type>rectangle</type>
			<description>None</description>
			<possibleresult>
				<name>Tennis Court</name>
			</possibleresult>
			<points>
				<point>645.000000,451.000000</point>
				<point>602.000000,524.000000</point>
				<point>562.000000,508.000000</point>
				<point>604.000000,436.000000</point>
				<point>645.000000,451.000000</point>
			</points>
		</object>
		<object>
			<coordinate>pixel</coordinate>
			<type>rectangle</type>
			<description>None</description>
			<possibleresult>
				<name>Tennis Court</name>
			</possibleresult>
			<points>
				<point>712.000000,478.000000</point>
				<point>669.000000,551.000000</point>
				<point>630.000000,536.000000</point>
				<point>672.000000,463.000000</point>
				<point>712.000000,478.000000</point>
			</points>
		</object>
		<object>
			<coordinate>pixel</coordinate>
			<type>rectangle</type>
			<description>None</description>
			<possibleresult>
				<name>Van</name>
			</possibleresult>
			<points>
				<point>653.000000,19.000000</point>
				<point>649.000000,24.000000</point>
				<point>635.000000,13.000000</point>
				<point>640.000000,8.000000</point>
				<point>653.000000,19.000000</point>
			</points>
		</object>
		<object>
			<coordinate>pixel</coordinate>
			<type>rectangle</type>
			<description>None</description>
			<possibleresult>
				<name>Small Car</name>
			</possibleresult>
			<points>
				<point>618.000000,264.000000</point>
				<point>604.000000,282.000000</point>
				<point>596.000000,277.000000</point>
				<point>610.000000,258.000000</point>
				<point>618.000000,264.000000</point>
			</points>
		</object>
		<object>
			<coordinate>pixel</coordinate>
			<type>rectangle</type>
			<description>None</description>
			<possibleresult>
				<name>Dump Truck</name>
			</possibleresult>
			<points>
				<point>25.000000,48.000000</point>
				<point>11.000000,61.000000</point>
				<point>7.000000,57.000000</point>
				<point>21.000000,44.000000</point>
				<point>25.000000,48.000000</point>
			</points>
		</object>
		<object>
			<coordinate>pixel</coordinate>
			<type>rectangle</type>
			<description>None</description>
			<possibleresult>
				<name>Dump Truck</name>
			</possibleresult>
			<points>
				<point>253.000000,53.000000</point>
				<point>239.000000,64.000000</point>
				<point>235.000000,58.000000</point>
				<point>249.000000,48.000000</point>
				<point>253.000000,53.000000</point>
			</points>
		</object>
		<object>
			<coordinate>pixel</coordinate>
			<type>rectangle</type>
			<description>None</description>
			<possibleresult>
				<name>Small Car</name>
			</possibleresult>
			<points>
				<point>66.000000,538.000000</point>
				<point>50.000000,548.000000</point>
				<point>47.000000,543.000000</point>
				<point>62.000000,532.000000</point>
				<point>66.000000,538.000000</point>
			</points>
		</object>
		<object>
			<coordinate>pixel</coordinate>
			<type>rectangle</type>
			<description>None</description>
			<possibleresult>
				<name>Small Car</name>
			</possibleresult>
			<points>
				<point>164.000000,504.000000</point>
				<point>149.000000,514.000000</point>
				<point>146.000000,509.000000</point>
				<point>160.000000,498.000000</point>
				<point>164.000000,504.000000</point>
			</points>
		</object>
		<object>
			<coordinate>pixel</coordinate>
			<type>rectangle</type>
			<description>None</description>
			<possibleresult>
				<name>Dump Truck</name>
			</possibleresult>
			<points>
				<point>166.000000,472.000000</point>
				<point>148.000000,483.000000</point>
				<point>144.000000,477.000000</point>
				<point>162.000000,465.000000</point>
				<point>166.000000,472.000000</point>
			</points>
		</object>
		<object>
			<coordinate>pixel</coordinate>
			<type>rectangle</type>
			<description>None</description>
			<possibleresult>
				<name>Small Car</name>
			</possibleresult>
			<points>
				<point>121.000000,308.000000</point>
				<point>114.000000,313.000000</point>
				<point>104.000000,300.000000</point>
				<point>110.000000,295.000000</point>
				<point>121.000000,308.000000</point>
			</points>
		</object>
		<object>
			<coordinate>pixel</coordinate>
			<type>rectangle</type>
			<description>None</description>
			<possibleresult>
				<name>Dump Truck</name>
			</possibleresult>
			<points>
				<point>140.000000,329.000000</point>
				<point>134.000000,334.000000</point>
				<point>118.000000,318.000000</point>
				<point>124.000000,312.000000</point>
				<point>140.000000,329.000000</point>
			</points>
		</object>
		<object>
			<coordinate>pixel</coordinate>
			<type>rectangle</type>
			<description>None</description>
			<possibleresult>
				<name>Van</name>
			</possibleresult>
			<points>
				<point>153.000000,343.000000</point>
				<point>147.000000,349.000000</point>
				<point>135.000000,336.000000</point>
				<point>142.000000,330.000000</point>
				<point>153.000000,343.000000</point>
			</points>
		</object>
		<object>
			<coordinate>pixel</coordinate>
			<type>rectangle</type>
			<description>None</description>
			<possibleresult>
				<name>Small Car</name>
			</possibleresult>
			<points>
				<point>89.000000,121.000000</point>
				<point>73.000000,132.000000</point>
				<point>69.000000,126.000000</point>
				<point>85.000000,115.000000</point>
				<point>89.000000,121.000000</point>
			</points>
		</object>
		<object>
			<coordinate>pixel</coordinate>
			<type>rectangle</type>
			<description>None</description>
			<possibleresult>
				<name>Small Car</name>
			</possibleresult>
			<points>
				<point>138.000000,87.000000</point>
				<point>123.000000,97.000000</point>
				<point>119.000000,92.000000</point>
				<point>134.000000,81.000000</point>
				<point>138.000000,87.000000</point>
			</points>
		</object>
	</objects>
</annotation>