<?xml version="1.0" encoding="utf-8"?>
<annotation>
	<source>
		<filename>8685.tif</filename>
		<origin>GF2/GF3</origin>
	</source>
	<research>
		<version>1.0</version>
		<provider>FAIR1M</provider>
		<author>Cyber</author>
		<pluginname>FAIR1M</pluginname>
		<pluginclass>object detection</pluginclass>
		<time>2021-07-21</time>
	</research>
	<size>
		<width>1000</width>
		<height>1000</height>
		<depth>3</depth>
	</size>
	<objects>
		<object>
			<coordinate>pixel</coordinate>
			<type>rectangle</type>
			<description>None</description>
			<possibleresult>
				<name>Intersection</name>
			</possibleresult>
			<points>
				<point>263.000000,696.000000</point>
				<point>207.000000,722.000000</point>
				<point>186.000000,677.000000</point>
				<point>242.000000,651.000000</point>
				<point>263.000000,696.000000</point>
			</points>
		</object>
		<object>
			<coordinate>pixel</coordinate>
			<type>rectangle</type>
			<description>None</description>
			<possibleresult>
				<name>Intersection</name>
			</possibleresult>
			<points>
				<point>726.000000,327.000000</point>
				<point>658.000000,362.000000</point>
				<point>612.000000,273.000000</point>
				<point>680.000000,238.000000</point>
				<point>726.000000,327.000000</point>
			</points>
		</object>
		<object>
			<coordinate>pixel</coordinate>
			<type>rectangle</type>
			<description>None</description>
			<possibleresult>
				<name>Cargo Truck</name>
			</possibleresult>
			<points>
				<point>594.000000,10.000000</point>
				<point>552.000000,29.000000</point>
				<point>548.000000,19.000000</point>
				<point>591.000000,0.000000</point>
				<point>594.000000,10.000000</point>
			</points>
		</object>
		<object>
			<coordinate>pixel</coordinate>
			<type>rectangle</type>
			<description>None</description>
			<possibleresult>
				<name>Bus</name>
			</possibleresult>
			<points>
				<point>591.000000,27.000000</point>
				<point>549.000000,46.000000</point>
				<point>545.000000,37.000000</point>
				<point>587.000000,18.000000</point>
				<point>591.000000,27.000000</point>
			</points>
		</object>
		<object>
			<coordinate>pixel</coordinate>
			<type>rectangle</type>
			<description>None</description>
			<possibleresult>
				<name>Cargo Truck</name>
			</possibleresult>
			<points>
				<point>630.000000,59.000000</point>
				<point>600.000000,73.000000</point>
				<point>596.000000,65.000000</point>
				<point>627.000000,51.000000</point>
				<point>630.000000,59.000000</point>
			</points>
		</object>
		<object>
			<coordinate>pixel</coordinate>
			<type>rectangle</type>
			<description>None</description>
			<possibleresult>
				<name>Van</name>
			</possibleresult>
			<points>
				<point>509.000000,112.000000</point>
				<point>494.000000,119.000000</point>
				<point>491.000000,113.000000</point>
				<point>506.000000,105.000000</point>
				<point>509.000000,112.000000</point>
			</points>
		</object>
		<object>
			<coordinate>pixel</coordinate>
			<type>rectangle</type>
			<description>None</description>
			<possibleresult>
				<name>Small Car</name>
			</possibleresult>
			<points>
				<point>463.000000,70.000000</point>
				<point>449.000000,77.000000</point>
				<point>446.000000,70.000000</point>
				<point>459.000000,63.000000</point>
				<point>463.000000,70.000000</point>
			</points>
		</object>
		<object>
			<coordinate>pixel</coordinate>
			<type>rectangle</type>
			<description>None</description>
			<possibleresult>
				<name>Van</name>
			</possibleresult>
			<points>
				<point>390.000000,87.000000</point>
				<point>372.000000,95.000000</point>
				<point>368.000000,88.000000</point>
				<point>387.000000,80.000000</point>
				<point>390.000000,87.000000</point>
			</points>
		</object>
		<object>
			<coordinate>pixel</coordinate>
			<type>rectangle</type>
			<description>None</description>
			<possibleresult>
				<name>Cargo Truck</name>
			</possibleresult>
			<points>
				<point>441.000000,143.000000</point>
				<point>413.000000,155.000000</point>
				<point>409.000000,145.000000</point>
				<point>436.000000,133.000000</point>
				<point>441.000000,143.000000</point>
			</points>
		</object>
		<object>
			<coordinate>pixel</coordinate>
			<type>rectangle</type>
			<description>None</description>
			<possibleresult>
				<name>Cargo Truck</name>
			</possibleresult>
			<points>
				<point>361.000000,115.000000</point>
				<point>318.000000,135.000000</point>
				<point>313.000000,124.000000</point>
				<point>356.000000,104.000000</point>
				<point>361.000000,115.000000</point>
			</points>
		</object>
		<object>
			<coordinate>pixel</coordinate>
			<type>rectangle</type>
			<description>None</description>
			<possibleresult>
				<name>Cargo Truck</name>
			</possibleresult>
			<points>
				<point>394.000000,151.000000</point>
				<point>347.000000,171.000000</point>
				<point>343.000000,162.000000</point>
				<point>390.000000,141.000000</point>
				<point>394.000000,151.000000</point>
			</points>
		</object>
		<object>
			<coordinate>pixel</coordinate>
			<type>rectangle</type>
			<description>None</description>
			<possibleresult>
				<name>Bus</name>
			</possibleresult>
			<points>
				<point>314.000000,150.000000</point>
				<point>272.000000,168.000000</point>
				<point>268.000000,160.000000</point>
				<point>311.000000,141.000000</point>
				<point>314.000000,150.000000</point>
			</points>
		</object>
		<object>
			<coordinate>pixel</coordinate>
			<type>rectangle</type>
			<description>None</description>
			<possibleresult>
				<name>Trailer</name>
			</possibleresult>
			<points>
				<point>339.000000,188.000000</point>
				<point>297.000000,208.000000</point>
				<point>293.000000,199.000000</point>
				<point>336.000000,179.000000</point>
				<point>339.000000,188.000000</point>
			</points>
		</object>
		<object>
			<coordinate>pixel</coordinate>
			<type>rectangle</type>
			<description>None</description>
			<possibleresult>
				<name>Small Car</name>
			</possibleresult>
			<points>
				<point>226.000000,174.000000</point>
				<point>211.000000,181.000000</point>
				<point>208.000000,174.000000</point>
				<point>223.000000,168.000000</point>
				<point>226.000000,174.000000</point>
			</points>
		</object>
		<object>
			<coordinate>pixel</coordinate>
			<type>rectangle</type>
			<description>None</description>
			<possibleresult>
				<name>Van</name>
			</possibleresult>
			<points>
				<point>219.000000,210.000000</point>
				<point>203.000000,217.000000</point>
				<point>201.000000,211.000000</point>
				<point>217.000000,204.000000</point>
				<point>219.000000,210.000000</point>
			</points>
		</object>
		<object>
			<coordinate>pixel</coordinate>
			<type>rectangle</type>
			<description>None</description>
			<possibleresult>
				<name>Cargo Truck</name>
			</possibleresult>
			<points>
				<point>148.000000,193.000000</point>
				<point>115.000000,207.000000</point>
				<point>112.000000,198.000000</point>
				<point>143.000000,184.000000</point>
				<point>148.000000,193.000000</point>
			</points>
		</object>
		<object>
			<coordinate>pixel</coordinate>
			<type>rectangle</type>
			<description>None</description>
			<possibleresult>
				<name>Trailer</name>
			</possibleresult>
			<points>
				<point>172.000000,248.000000</point>
				<point>128.000000,268.000000</point>
				<point>123.000000,258.000000</point>
				<point>167.000000,238.000000</point>
				<point>172.000000,248.000000</point>
			</points>
		</object>
		<object>
			<coordinate>pixel</coordinate>
			<type>rectangle</type>
			<description>None</description>
			<possibleresult>
				<name>Cargo Truck</name>
			</possibleresult>
			<points>
				<point>75.000000,240.000000</point>
				<point>43.000000,254.000000</point>
				<point>38.000000,246.000000</point>
				<point>71.000000,232.000000</point>
				<point>75.000000,240.000000</point>
			</points>
		</object>
		<object>
			<coordinate>pixel</coordinate>
			<type>rectangle</type>
			<description>None</description>
			<possibleresult>
				<name>Trailer</name>
			</possibleresult>
			<points>
				<point>105.000000,263.000000</point>
				<point>44.000000,289.000000</point>
				<point>40.000000,279.000000</point>
				<point>100.000000,253.000000</point>
				<point>105.000000,263.000000</point>
			</points>
		</object>
		<object>
			<coordinate>pixel</coordinate>
			<type>rectangle</type>
			<description>None</description>
			<possibleresult>
				<name>Dump Truck</name>
			</possibleresult>
			<points>
				<point>55.000000,262.000000</point>
				<point>22.000000,277.000000</point>
				<point>18.000000,268.000000</point>
				<point>51.000000,253.000000</point>
				<point>55.000000,262.000000</point>
			</points>
		</object>
		<object>
			<coordinate>pixel</coordinate>
			<type>rectangle</type>
			<description>None</description>
			<possibleresult>
				<name>Dump Truck</name>
			</possibleresult>
			<points>
				<point>627.000000,244.000000</point>
				<point>617.000000,251.000000</point>
				<point>598.000000,224.000000</point>
				<point>608.000000,216.000000</point>
				<point>627.000000,244.000000</point>
			</points>
		</object>
		<object>
			<coordinate>pixel</coordinate>
			<type>rectangle</type>
			<description>None</description>
			<possibleresult>
				<name>other-vehicle</name>
			</possibleresult>
			<points>
				<point>673.000000,328.000000</point>
				<point>666.000000,332.000000</point>
				<point>658.000000,317.000000</point>
				<point>665.000000,313.000000</point>
				<point>673.000000,328.000000</point>
			</points>
		</object>
		<object>
			<coordinate>pixel</coordinate>
			<type>rectangle</type>
			<description>None</description>
			<possibleresult>
				<name>Van</name>
			</possibleresult>
			<points>
				<point>620.000000,504.000000</point>
				<point>603.000000,511.000000</point>
				<point>601.000000,505.000000</point>
				<point>618.000000,498.000000</point>
				<point>620.000000,504.000000</point>
			</points>
		</object>
		<object>
			<coordinate>pixel</coordinate>
			<type>rectangle</type>
			<description>None</description>
			<possibleresult>
				<name>Van</name>
			</possibleresult>
			<points>
				<point>593.000000,515.000000</point>
				<point>577.000000,523.000000</point>
				<point>574.000000,517.000000</point>
				<point>590.000000,509.000000</point>
				<point>593.000000,515.000000</point>
			</points>
		</object>
		<object>
			<coordinate>pixel</coordinate>
			<type>rectangle</type>
			<description>None</description>
			<possibleresult>
				<name>Van</name>
			</possibleresult>
			<points>
				<point>571.000000,525.000000</point>
				<point>555.000000,534.000000</point>
				<point>552.000000,528.000000</point>
				<point>568.000000,520.000000</point>
				<point>571.000000,525.000000</point>
			</points>
		</object>
		<object>
			<coordinate>pixel</coordinate>
			<type>rectangle</type>
			<description>None</description>
			<possibleresult>
				<name>Van</name>
			</possibleresult>
			<points>
				<point>319.000000,1000.000000</point>
				<point>310.000000,1000.000000</point>
				<point>306.000000,995.000000</point>
				<point>310.000000,990.000000</point>
				<point>319.000000,1000.000000</point>
			</points>
		</object>
		<object>
			<coordinate>pixel</coordinate>
			<type>rectangle</type>
			<description>None</description>
			<possibleresult>
				<name>Van</name>
			</possibleresult>
			<points>
				<point>589.000000,842.000000</point>
				<point>584.000000,846.000000</point>
				<point>576.000000,836.000000</point>
				<point>581.000000,832.000000</point>
				<point>589.000000,842.000000</point>
			</points>
		</object>
		<object>
			<coordinate>pixel</coordinate>
			<type>rectangle</type>
			<description>None</description>
			<possibleresult>
				<name>Van</name>
			</possibleresult>
			<points>
				<point>614.000000,687.000000</point>
				<point>608.000000,691.000000</point>
				<point>602.000000,681.000000</point>
				<point>607.000000,677.000000</point>
				<point>614.000000,687.000000</point>
			</points>
		</object>
		<object>
			<coordinate>pixel</coordinate>
			<type>rectangle</type>
			<description>None</description>
			<possibleresult>
				<name>Van</name>
			</possibleresult>
			<points>
				<point>952.000000,621.000000</point>
				<point>948.000000,625.000000</point>
				<point>940.000000,614.000000</point>
				<point>946.000000,611.000000</point>
				<point>952.000000,621.000000</point>
			</points>
		</object>
		<object>
			<coordinate>pixel</coordinate>
			<type>rectangle</type>
			<description>None</description>
			<possibleresult>
				<name>other-vehicle</name>
			</possibleresult>
			<points>
				<point>894.000000,219.000000</point>
				<point>861.000000,233.000000</point>
				<point>857.000000,224.000000</point>
				<point>890.000000,210.000000</point>
				<point>894.000000,219.000000</point>
			</points>
		</object>
	</objects>
</annotation>