<?xml version="1.0" encoding="utf-8"?>
<annotation>
	<source>
		<filename>8695.tif</filename>
		<origin>GF2/GF3</origin>
	</source>
	<research>
		<version>1.0</version>
		<provider>FAIR1M</provider>
		<author>Cyber</author>
		<pluginname>FAIR1M</pluginname>
		<pluginclass>object detection</pluginclass>
		<time>2021-07-21</time>
	</research>
	<size>
		<width>1000</width>
		<height>1000</height>
		<depth>3</depth>
	</size>
	<objects>
		<object>
			<coordinate>pixel</coordinate>
			<type>rectangle</type>
			<description>None</description>
			<possibleresult>
				<name>Boeing737</name>
			</possibleresult>
			<points>
				<point>184.000000,405.000000</point>
				<point>219.000000,373.000000</point>
				<point>191.000000,341.000000</point>
				<point>155.000000,373.000000</point>
				<point>184.000000,405.000000</point>
			</points>
		</object>
		<object>
			<coordinate>pixel</coordinate>
			<type>rectangle</type>
			<description>None</description>
			<possibleresult>
				<name>Boeing777</name>
			</possibleresult>
			<points>
				<point>147.000000,648.000000</point>
				<point>205.000000,592.000000</point>
				<point>153.000000,538.000000</point>
				<point>95.000000,595.000000</point>
				<point>147.000000,648.000000</point>
			</points>
		</object>
		<object>
			<coordinate>pixel</coordinate>
			<type>rectangle</type>
			<description>None</description>
			<possibleresult>
				<name>A220</name>
			</possibleresult>
			<points>
				<point>120.000000,787.000000</point>
				<point>88.000000,757.000000</point>
				<point>58.000000,790.000000</point>
				<point>89.000000,819.000000</point>
				<point>120.000000,787.000000</point>
			</points>
		</object>
		<object>
			<coordinate>pixel</coordinate>
			<type>rectangle</type>
			<description>None</description>
			<possibleresult>
				<name>other-airplane</name>
			</possibleresult>
			<points>
				<point>242.000000,831.000000</point>
				<point>217.000000,858.000000</point>
				<point>242.000000,881.000000</point>
				<point>267.000000,853.000000</point>
				<point>242.000000,831.000000</point>
			</points>
		</object>
	</objects>
</annotation>