<?xml version="1.0" encoding="utf-8"?>
<annotation>
	<source>
		<filename>8721.tif</filename>
		<origin>GF2/GF3</origin>
	</source>
	<research>
		<version>1.0</version>
		<provider>FAIR1M</provider>
		<author>Cyber</author>
		<pluginname>FAIR1M</pluginname>
		<pluginclass>object detection</pluginclass>
		<time>2021-07-21</time>
	</research>
	<size>
		<width>1000</width>
		<height>1000</height>
		<depth>3</depth>
	</size>
	<objects>
		<object>
			<coordinate>pixel</coordinate>
			<type>rectangle</type>
			<description>None</description>
			<possibleresult>
				<name>Intersection</name>
			</possibleresult>
			<points>
				<point>113.000000,378.000000</point>
				<point>156.000000,351.000000</point>
				<point>135.000000,316.000000</point>
				<point>91.000000,343.000000</point>
				<point>113.000000,378.000000</point>
			</points>
		</object>
		<object>
			<coordinate>pixel</coordinate>
			<type>rectangle</type>
			<description>None</description>
			<possibleresult>
				<name>Intersection</name>
			</possibleresult>
			<points>
				<point>497.000000,980.000000</point>
				<point>541.000000,953.000000</point>
				<point>527.000000,932.000000</point>
				<point>484.000000,959.000000</point>
				<point>497.000000,980.000000</point>
			</points>
		</object>
		<object>
			<coordinate>pixel</coordinate>
			<type>rectangle</type>
			<description>None</description>
			<possibleresult>
				<name>Intersection</name>
			</possibleresult>
			<points>
				<point>292.000000,663.000000</point>
				<point>336.000000,635.000000</point>
				<point>301.000000,582.000000</point>
				<point>258.000000,610.000000</point>
				<point>292.000000,663.000000</point>
			</points>
		</object>
	</objects>
</annotation>