<?xml version="1.0" encoding="utf-8"?>
<annotation>
	<source>
		<filename>8727.tif</filename>
		<origin>GF2/GF3</origin>
	</source>
	<research>
		<version>1.0</version>
		<provider>FAIR1M</provider>
		<author>Cyber</author>
		<pluginname>FAIR1M</pluginname>
		<pluginclass>object detection</pluginclass>
		<time>2021-07-21</time>
	</research>
	<size>
		<width>800</width>
		<height>600</height>
		<depth>4</depth>
	</size>
	<objects>
		<object>
			<coordinate>pixel</coordinate>
			<type>rectangle</type>
			<description>None</description>
			<possibleresult>
				<name>Small Car</name>
			</possibleresult>
			<points>
				<point>39.000000,323.000000</point>
				<point>33.000000,326.000000</point>
				<point>25.000000,314.000000</point>
				<point>31.000000,310.000000</point>
				<point>39.000000,323.000000</point>
			</points>
		</object>
		<object>
			<coordinate>pixel</coordinate>
			<type>rectangle</type>
			<description>None</description>
			<possibleresult>
				<name>Small Car</name>
			</possibleresult>
			<points>
				<point>79.000000,254.000000</point>
				<point>70.000000,258.000000</point>
				<point>63.000000,244.000000</point>
				<point>72.000000,240.000000</point>
				<point>79.000000,254.000000</point>
			</points>
		</object>
		<object>
			<coordinate>pixel</coordinate>
			<type>rectangle</type>
			<description>None</description>
			<possibleresult>
				<name>Van</name>
			</possibleresult>
			<points>
				<point>245.000000,187.000000</point>
				<point>239.000000,190.000000</point>
				<point>233.000000,179.000000</point>
				<point>239.000000,176.000000</point>
				<point>245.000000,187.000000</point>
			</points>
		</object>
		<object>
			<coordinate>pixel</coordinate>
			<type>rectangle</type>
			<description>None</description>
			<possibleresult>
				<name>Van</name>
			</possibleresult>
			<points>
				<point>300.000000,193.000000</point>
				<point>276.000000,201.000000</point>
				<point>273.000000,193.000000</point>
				<point>297.000000,184.000000</point>
				<point>300.000000,193.000000</point>
			</points>
		</object>
		<object>
			<coordinate>pixel</coordinate>
			<type>rectangle</type>
			<description>None</description>
			<possibleresult>
				<name>Dump Truck</name>
			</possibleresult>
			<points>
				<point>332.000000,244.000000</point>
				<point>308.000000,252.000000</point>
				<point>305.000000,244.000000</point>
				<point>330.000000,236.000000</point>
				<point>332.000000,244.000000</point>
			</points>
		</object>
		<object>
			<coordinate>pixel</coordinate>
			<type>rectangle</type>
			<description>None</description>
			<possibleresult>
				<name>Dump Truck</name>
			</possibleresult>
			<points>
				<point>346.000000,267.000000</point>
				<point>322.000000,276.000000</point>
				<point>319.000000,269.000000</point>
				<point>343.000000,259.000000</point>
				<point>346.000000,267.000000</point>
			</points>
		</object>
		<object>
			<coordinate>pixel</coordinate>
			<type>rectangle</type>
			<description>None</description>
			<possibleresult>
				<name>Small Car</name>
			</possibleresult>
			<points>
				<point>346.000000,284.000000</point>
				<point>328.000000,291.000000</point>
				<point>325.000000,282.000000</point>
				<point>342.000000,275.000000</point>
				<point>346.000000,284.000000</point>
			</points>
		</object>
		<object>
			<coordinate>pixel</coordinate>
			<type>rectangle</type>
			<description>None</description>
			<possibleresult>
				<name>Dump Truck</name>
			</possibleresult>
			<points>
				<point>362.000000,291.000000</point>
				<point>337.000000,301.000000</point>
				<point>334.000000,294.000000</point>
				<point>359.000000,284.000000</point>
				<point>362.000000,291.000000</point>
			</points>
		</object>
		<object>
			<coordinate>pixel</coordinate>
			<type>rectangle</type>
			<description>None</description>
			<possibleresult>
				<name>Van</name>
			</possibleresult>
			<points>
				<point>391.000000,353.000000</point>
				<point>368.000000,363.000000</point>
				<point>365.000000,356.000000</point>
				<point>388.000000,345.000000</point>
				<point>391.000000,353.000000</point>
			</points>
		</object>
		<object>
			<coordinate>pixel</coordinate>
			<type>rectangle</type>
			<description>None</description>
			<possibleresult>
				<name>Dump Truck</name>
			</possibleresult>
			<points>
				<point>402.000000,368.000000</point>
				<point>379.000000,376.000000</point>
				<point>376.000000,368.000000</point>
				<point>399.000000,359.000000</point>
				<point>402.000000,368.000000</point>
			</points>
		</object>
		<object>
			<coordinate>pixel</coordinate>
			<type>rectangle</type>
			<description>None</description>
			<possibleresult>
				<name>Small Car</name>
			</possibleresult>
			<points>
				<point>784.000000,545.000000</point>
				<point>767.000000,552.000000</point>
				<point>765.000000,546.000000</point>
				<point>782.000000,539.000000</point>
				<point>784.000000,545.000000</point>
			</points>
		</object>
		<object>
			<coordinate>pixel</coordinate>
			<type>rectangle</type>
			<description>None</description>
			<possibleresult>
				<name>Van</name>
			</possibleresult>
			<points>
				<point>761.000000,554.000000</point>
				<point>743.000000,560.000000</point>
				<point>741.000000,554.000000</point>
				<point>759.000000,548.000000</point>
				<point>761.000000,554.000000</point>
			</points>
		</object>
		<object>
			<coordinate>pixel</coordinate>
			<type>rectangle</type>
			<description>None</description>
			<possibleresult>
				<name>Small Car</name>
			</possibleresult>
			<points>
				<point>730.000000,564.000000</point>
				<point>713.000000,570.000000</point>
				<point>711.000000,563.000000</point>
				<point>728.000000,558.000000</point>
				<point>730.000000,564.000000</point>
			</points>
		</object>
		<object>
			<coordinate>pixel</coordinate>
			<type>rectangle</type>
			<description>None</description>
			<possibleresult>
				<name>Small Car</name>
			</possibleresult>
			<points>
				<point>766.000000,581.000000</point>
				<point>744.000000,590.000000</point>
				<point>742.000000,583.000000</point>
				<point>763.000000,575.000000</point>
				<point>766.000000,581.000000</point>
			</points>
		</object>
		<object>
			<coordinate>pixel</coordinate>
			<type>rectangle</type>
			<description>None</description>
			<possibleresult>
				<name>Small Car</name>
			</possibleresult>
			<points>
				<point>693.000000,577.000000</point>
				<point>674.000000,583.000000</point>
				<point>672.000000,577.000000</point>
				<point>691.000000,571.000000</point>
				<point>693.000000,577.000000</point>
			</points>
		</object>
		<object>
			<coordinate>pixel</coordinate>
			<type>rectangle</type>
			<description>None</description>
			<possibleresult>
				<name>other-vehicle</name>
			</possibleresult>
			<points>
				<point>608.000000,498.000000</point>
				<point>601.000000,502.000000</point>
				<point>589.000000,485.000000</point>
				<point>597.000000,480.000000</point>
				<point>608.000000,498.000000</point>
			</points>
		</object>
		<object>
			<coordinate>pixel</coordinate>
			<type>rectangle</type>
			<description>None</description>
			<possibleresult>
				<name>Dump Truck</name>
			</possibleresult>
			<points>
				<point>602.000000,561.000000</point>
				<point>596.000000,565.000000</point>
				<point>586.000000,549.000000</point>
				<point>592.000000,545.000000</point>
				<point>602.000000,561.000000</point>
			</points>
		</object>
		<object>
			<coordinate>pixel</coordinate>
			<type>rectangle</type>
			<description>None</description>
			<possibleresult>
				<name>Dump Truck</name>
			</possibleresult>
			<points>
				<point>597.000000,506.000000</point>
				<point>590.000000,510.000000</point>
				<point>580.000000,490.000000</point>
				<point>587.000000,487.000000</point>
				<point>597.000000,506.000000</point>
			</points>
		</object>
		<object>
			<coordinate>pixel</coordinate>
			<type>rectangle</type>
			<description>None</description>
			<possibleresult>
				<name>Dump Truck</name>
			</possibleresult>
			<points>
				<point>587.000000,511.000000</point>
				<point>578.000000,515.000000</point>
				<point>566.000000,493.000000</point>
				<point>575.000000,488.000000</point>
				<point>587.000000,511.000000</point>
			</points>
		</object>
		<object>
			<coordinate>pixel</coordinate>
			<type>rectangle</type>
			<description>None</description>
			<possibleresult>
				<name>Small Car</name>
			</possibleresult>
			<points>
				<point>574.000000,514.000000</point>
				<point>565.000000,518.000000</point>
				<point>557.000000,497.000000</point>
				<point>565.000000,494.000000</point>
				<point>574.000000,514.000000</point>
			</points>
		</object>
		<object>
			<coordinate>pixel</coordinate>
			<type>rectangle</type>
			<description>None</description>
			<possibleresult>
				<name>Small Car</name>
			</possibleresult>
			<points>
				<point>509.000000,565.000000</point>
				<point>496.000000,567.000000</point>
				<point>495.000000,562.000000</point>
				<point>508.000000,559.000000</point>
				<point>509.000000,565.000000</point>
			</points>
		</object>
		<object>
			<coordinate>pixel</coordinate>
			<type>rectangle</type>
			<description>None</description>
			<possibleresult>
				<name>Small Car</name>
			</possibleresult>
			<points>
				<point>131.000000,19.000000</point>
				<point>130.000000,34.000000</point>
				<point>122.000000,34.000000</point>
				<point>123.000000,19.000000</point>
				<point>131.000000,19.000000</point>
			</points>
		</object>
		<object>
			<coordinate>pixel</coordinate>
			<type>rectangle</type>
			<description>None</description>
			<possibleresult>
				<name>Small Car</name>
			</possibleresult>
			<points>
				<point>145.000000,14.000000</point>
				<point>142.000000,30.000000</point>
				<point>134.000000,29.000000</point>
				<point>137.000000,13.000000</point>
				<point>145.000000,14.000000</point>
			</points>
		</object>
		<object>
			<coordinate>pixel</coordinate>
			<type>rectangle</type>
			<description>None</description>
			<possibleresult>
				<name>Dump Truck</name>
			</possibleresult>
			<points>
				<point>157.000000,11.000000</point>
				<point>153.000000,30.000000</point>
				<point>146.000000,28.000000</point>
				<point>150.000000,9.000000</point>
				<point>157.000000,11.000000</point>
			</points>
		</object>
		<object>
			<coordinate>pixel</coordinate>
			<type>rectangle</type>
			<description>None</description>
			<possibleresult>
				<name>Dump Truck</name>
			</possibleresult>
			<points>
				<point>172.000000,4.000000</point>
				<point>170.000000,23.000000</point>
				<point>162.000000,22.000000</point>
				<point>163.000000,3.000000</point>
				<point>172.000000,4.000000</point>
			</points>
		</object>
		<object>
			<coordinate>pixel</coordinate>
			<type>rectangle</type>
			<description>None</description>
			<possibleresult>
				<name>Small Car</name>
			</possibleresult>
			<points>
				<point>190.000000,0.000000</point>
				<point>188.000000,15.000000</point>
				<point>181.000000,15.000000</point>
				<point>182.000000,-1.000000</point>
				<point>190.000000,0.000000</point>
			</points>
		</object>
		<object>
			<coordinate>pixel</coordinate>
			<type>rectangle</type>
			<description>None</description>
			<possibleresult>
				<name>Small Car</name>
			</possibleresult>
			<points>
				<point>202.000000,13.000000</point>
				<point>193.000000,12.000000</point>
				<point>194.000000,0.000000</point>
				<point>202.000000,0.000000</point>
				<point>202.000000,13.000000</point>
			</points>
		</object>
		<object>
			<coordinate>pixel</coordinate>
			<type>rectangle</type>
			<description>None</description>
			<possibleresult>
				<name>Small Car</name>
			</possibleresult>
			<points>
				<point>344.000000,37.000000</point>
				<point>342.000000,44.000000</point>
				<point>321.000000,37.000000</point>
				<point>324.000000,30.000000</point>
				<point>344.000000,37.000000</point>
			</points>
		</object>
		<object>
			<coordinate>pixel</coordinate>
			<type>rectangle</type>
			<description>None</description>
			<possibleresult>
				<name>Van</name>
			</possibleresult>
			<points>
				<point>341.000000,47.000000</point>
				<point>338.000000,55.000000</point>
				<point>313.000000,44.000000</point>
				<point>316.000000,36.000000</point>
				<point>341.000000,47.000000</point>
			</points>
		</object>
		<object>
			<coordinate>pixel</coordinate>
			<type>rectangle</type>
			<description>None</description>
			<possibleresult>
				<name>Van</name>
			</possibleresult>
			<points>
				<point>316.000000,48.000000</point>
				<point>314.000000,55.000000</point>
				<point>299.000000,49.000000</point>
				<point>301.000000,43.000000</point>
				<point>316.000000,48.000000</point>
			</points>
		</object>
		<object>
			<coordinate>pixel</coordinate>
			<type>rectangle</type>
			<description>None</description>
			<possibleresult>
				<name>Van</name>
			</possibleresult>
			<points>
				<point>290.000000,49.000000</point>
				<point>288.000000,55.000000</point>
				<point>270.000000,48.000000</point>
				<point>272.000000,42.000000</point>
				<point>290.000000,49.000000</point>
			</points>
		</object>
		<object>
			<coordinate>pixel</coordinate>
			<type>rectangle</type>
			<description>None</description>
			<possibleresult>
				<name>Van</name>
			</possibleresult>
			<points>
				<point>277.000000,54.000000</point>
				<point>274.000000,62.000000</point>
				<point>254.000000,53.000000</point>
				<point>257.000000,46.000000</point>
				<point>277.000000,54.000000</point>
			</points>
		</object>
		<object>
			<coordinate>pixel</coordinate>
			<type>rectangle</type>
			<description>None</description>
			<possibleresult>
				<name>Dump Truck</name>
			</possibleresult>
			<points>
				<point>366.000000,61.000000</point>
				<point>361.000000,79.000000</point>
				<point>353.000000,77.000000</point>
				<point>358.000000,58.000000</point>
				<point>366.000000,61.000000</point>
			</points>
		</object>
		<object>
			<coordinate>pixel</coordinate>
			<type>rectangle</type>
			<description>None</description>
			<possibleresult>
				<name>Dump Truck</name>
			</possibleresult>
			<points>
				<point>345.000000,73.000000</point>
				<point>338.000000,92.000000</point>
				<point>328.000000,88.000000</point>
				<point>335.000000,69.000000</point>
				<point>345.000000,73.000000</point>
			</points>
		</object>
		<object>
			<coordinate>pixel</coordinate>
			<type>rectangle</type>
			<description>None</description>
			<possibleresult>
				<name>Dump Truck</name>
			</possibleresult>
			<points>
				<point>326.000000,76.000000</point>
				<point>323.000000,92.000000</point>
				<point>314.000000,90.000000</point>
				<point>317.000000,74.000000</point>
				<point>326.000000,76.000000</point>
			</points>
		</object>
		<object>
			<coordinate>pixel</coordinate>
			<type>rectangle</type>
			<description>None</description>
			<possibleresult>
				<name>Small Car</name>
			</possibleresult>
			<points>
				<point>311.000000,81.000000</point>
				<point>308.000000,97.000000</point>
				<point>300.000000,96.000000</point>
				<point>303.000000,80.000000</point>
				<point>311.000000,81.000000</point>
			</points>
		</object>
		<object>
			<coordinate>pixel</coordinate>
			<type>rectangle</type>
			<description>None</description>
			<possibleresult>
				<name>Van</name>
			</possibleresult>
			<points>
				<point>254.000000,77.000000</point>
				<point>252.000000,82.000000</point>
				<point>233.000000,76.000000</point>
				<point>235.000000,70.000000</point>
				<point>254.000000,77.000000</point>
			</points>
		</object>
		<object>
			<coordinate>pixel</coordinate>
			<type>rectangle</type>
			<description>None</description>
			<possibleresult>
				<name>Van</name>
			</possibleresult>
			<points>
				<point>241.000000,82.000000</point>
				<point>239.000000,87.000000</point>
				<point>220.000000,81.000000</point>
				<point>222.000000,75.000000</point>
				<point>241.000000,82.000000</point>
			</points>
		</object>
		<object>
			<coordinate>pixel</coordinate>
			<type>rectangle</type>
			<description>None</description>
			<possibleresult>
				<name>Small Car</name>
			</possibleresult>
			<points>
				<point>230.000000,68.000000</point>
				<point>228.000000,75.000000</point>
				<point>210.000000,68.000000</point>
				<point>212.000000,61.000000</point>
				<point>230.000000,68.000000</point>
			</points>
		</object>
		<object>
			<coordinate>pixel</coordinate>
			<type>rectangle</type>
			<description>None</description>
			<possibleresult>
				<name>Van</name>
			</possibleresult>
			<points>
				<point>219.000000,74.000000</point>
				<point>217.000000,81.000000</point>
				<point>201.000000,75.000000</point>
				<point>203.000000,69.000000</point>
				<point>219.000000,74.000000</point>
			</points>
		</object>
		<object>
			<coordinate>pixel</coordinate>
			<type>rectangle</type>
			<description>None</description>
			<possibleresult>
				<name>Small Car</name>
			</possibleresult>
			<points>
				<point>230.000000,90.000000</point>
				<point>227.000000,97.000000</point>
				<point>209.000000,88.000000</point>
				<point>212.000000,82.000000</point>
				<point>230.000000,90.000000</point>
			</points>
		</object>
		<object>
			<coordinate>pixel</coordinate>
			<type>rectangle</type>
			<description>None</description>
			<possibleresult>
				<name>Small Car</name>
			</possibleresult>
			<points>
				<point>212.000000,93.000000</point>
				<point>209.000000,100.000000</point>
				<point>192.000000,94.000000</point>
				<point>194.000000,87.000000</point>
				<point>212.000000,93.000000</point>
			</points>
		</object>
		<object>
			<coordinate>pixel</coordinate>
			<type>rectangle</type>
			<description>None</description>
			<possibleresult>
				<name>Small Car</name>
			</possibleresult>
			<points>
				<point>208.000000,81.000000</point>
				<point>206.000000,87.000000</point>
				<point>187.000000,81.000000</point>
				<point>189.000000,75.000000</point>
				<point>208.000000,81.000000</point>
			</points>
		</object>
		<object>
			<coordinate>pixel</coordinate>
			<type>rectangle</type>
			<description>None</description>
			<possibleresult>
				<name>Dump Truck</name>
			</possibleresult>
			<points>
				<point>276.000000,95.000000</point>
				<point>270.000000,114.000000</point>
				<point>261.000000,111.000000</point>
				<point>267.000000,93.000000</point>
				<point>276.000000,95.000000</point>
			</points>
		</object>
		<object>
			<coordinate>pixel</coordinate>
			<type>rectangle</type>
			<description>None</description>
			<possibleresult>
				<name>Van</name>
			</possibleresult>
			<points>
				<point>269.000000,126.000000</point>
				<point>267.000000,131.000000</point>
				<point>250.000000,125.000000</point>
				<point>252.000000,120.000000</point>
				<point>269.000000,126.000000</point>
			</points>
		</object>
		<object>
			<coordinate>pixel</coordinate>
			<type>rectangle</type>
			<description>None</description>
			<possibleresult>
				<name>Small Car</name>
			</possibleresult>
			<points>
				<point>259.000000,105.000000</point>
				<point>253.000000,119.000000</point>
				<point>247.000000,116.000000</point>
				<point>253.000000,102.000000</point>
				<point>259.000000,105.000000</point>
			</points>
		</object>
		<object>
			<coordinate>pixel</coordinate>
			<type>rectangle</type>
			<description>None</description>
			<possibleresult>
				<name>Small Car</name>
			</possibleresult>
			<points>
				<point>256.000000,130.000000</point>
				<point>254.000000,137.000000</point>
				<point>234.000000,130.000000</point>
				<point>236.000000,123.000000</point>
				<point>256.000000,130.000000</point>
			</points>
		</object>
		<object>
			<coordinate>pixel</coordinate>
			<type>rectangle</type>
			<description>None</description>
			<possibleresult>
				<name>Small Car</name>
			</possibleresult>
			<points>
				<point>246.000000,107.000000</point>
				<point>242.000000,124.000000</point>
				<point>234.000000,122.000000</point>
				<point>238.000000,105.000000</point>
				<point>246.000000,107.000000</point>
			</points>
		</object>
		<object>
			<coordinate>pixel</coordinate>
			<type>rectangle</type>
			<description>None</description>
			<possibleresult>
				<name>Van</name>
			</possibleresult>
			<points>
				<point>243.000000,137.000000</point>
				<point>241.000000,144.000000</point>
				<point>221.000000,137.000000</point>
				<point>224.000000,130.000000</point>
				<point>243.000000,137.000000</point>
			</points>
		</object>
		<object>
			<coordinate>pixel</coordinate>
			<type>rectangle</type>
			<description>None</description>
			<possibleresult>
				<name>Small Car</name>
			</possibleresult>
			<points>
				<point>232.000000,114.000000</point>
				<point>230.000000,129.000000</point>
				<point>222.000000,127.000000</point>
				<point>224.000000,113.000000</point>
				<point>232.000000,114.000000</point>
			</points>
		</object>
		<object>
			<coordinate>pixel</coordinate>
			<type>rectangle</type>
			<description>None</description>
			<possibleresult>
				<name>Van</name>
			</possibleresult>
			<points>
				<point>139.000000,106.000000</point>
				<point>122.000000,113.000000</point>
				<point>119.000000,108.000000</point>
				<point>137.000000,100.000000</point>
				<point>139.000000,106.000000</point>
			</points>
		</object>
		<object>
			<coordinate>pixel</coordinate>
			<type>rectangle</type>
			<description>None</description>
			<possibleresult>
				<name>Small Car</name>
			</possibleresult>
			<points>
				<point>84.000000,124.000000</point>
				<point>66.000000,132.000000</point>
				<point>63.000000,125.000000</point>
				<point>82.000000,118.000000</point>
				<point>84.000000,124.000000</point>
			</points>
		</object>
		<object>
			<coordinate>pixel</coordinate>
			<type>rectangle</type>
			<description>None</description>
			<possibleresult>
				<name>Dump Truck</name>
			</possibleresult>
			<points>
				<point>48.000000,140.000000</point>
				<point>27.000000,149.000000</point>
				<point>24.000000,142.000000</point>
				<point>45.000000,133.000000</point>
				<point>48.000000,140.000000</point>
			</points>
		</object>
	</objects>
</annotation>