<?xml version="1.0" encoding="utf-8"?>
<annotation>
	<source>
		<filename>8734.tif</filename>
		<origin>GF2/GF3</origin>
	</source>
	<research>
		<version>1.0</version>
		<provider>FAIR1M</provider>
		<author>Cyber</author>
		<pluginname>FAIR1M</pluginname>
		<pluginclass>object detection</pluginclass>
		<time>2021-07-21</time>
	</research>
	<size>
		<width>800</width>
		<height>800</height>
		<depth>3</depth>
	</size>
	<objects>
		<object>
			<coordinate>pixel</coordinate>
			<type>rectangle</type>
			<description>None</description>
			<possibleresult>
				<name>other-airplane</name>
			</possibleresult>
			<points>
				<point>96.000000,248.000000</point>
				<point>69.000000,278.000000</point>
				<point>44.000000,256.000000</point>
				<point>70.000000,226.000000</point>
				<point>96.000000,248.000000</point>
			</points>
		</object>
		<object>
			<coordinate>pixel</coordinate>
			<type>rectangle</type>
			<description>None</description>
			<possibleresult>
				<name>A330</name>
			</possibleresult>
			<points>
				<point>519.000000,151.000000</point>
				<point>468.000000,207.000000</point>
				<point>410.000000,154.000000</point>
				<point>461.000000,98.000000</point>
				<point>519.000000,151.000000</point>
			</points>
		</object>
		<object>
			<coordinate>pixel</coordinate>
			<type>rectangle</type>
			<description>None</description>
			<possibleresult>
				<name>other-airplane</name>
			</possibleresult>
			<points>
				<point>622.858765,34.164734</point>
				<point>590.000000,6.000029</point>
				<point>614.423584,-22.494085</point>
				<point>647.282349,5.670620</point>
				<point>622.858765,34.164734</point>
			</points>
		</object>
	</objects>
</annotation>