<?xml version="1.0" encoding="utf-8"?>
<annotation>
	<source>
		<filename>8758.tif</filename>
		<origin>GF2/GF3</origin>
	</source>
	<research>
		<version>1.0</version>
		<provider>FAIR1M</provider>
		<author>Cyber</author>
		<pluginname>FAIR1M</pluginname>
		<pluginclass>object detection</pluginclass>
		<time>2021-07-21</time>
	</research>
	<size>
		<width>1000</width>
		<height>1000</height>
		<depth>3</depth>
	</size>
	<objects>
		<object>
			<coordinate>pixel</coordinate>
			<type>rectangle</type>
			<description>None</description>
			<possibleresult>
				<name>Liquid Cargo Ship</name>
			</possibleresult>
			<points>
				<point>524.000000,414.000000</point>
				<point>328.000000,317.000000</point>
				<point>309.000000,354.000000</point>
				<point>504.000000,452.000000</point>
				<point>524.000000,414.000000</point>
			</points>
		</object>
	</objects>
</annotation>