<?xml version="1.0" encoding="utf-8"?>
<annotation>
	<source>
		<filename>8775.tif</filename>
		<origin>GF2/GF3</origin>
	</source>
	<research>
		<version>1.0</version>
		<provider>FAIR1M</provider>
		<author>Cyber</author>
		<pluginname>FAIR1M</pluginname>
		<pluginclass>object detection</pluginclass>
		<time>2021-07-21</time>
	</research>
	<size>
		<width>600</width>
		<height>800</height>
		<depth>4</depth>
	</size>
	<objects>
		<object>
			<coordinate>pixel</coordinate>
			<type>rectangle</type>
			<description>None</description>
			<possibleresult>
				<name>Dump Truck</name>
			</possibleresult>
			<points>
				<point>115.000000,30.000000</point>
				<point>105.000000,31.000000</point>
				<point>103.000000,10.000000</point>
				<point>112.000000,8.000000</point>
				<point>115.000000,30.000000</point>
			</points>
		</object>
		<object>
			<coordinate>pixel</coordinate>
			<type>rectangle</type>
			<description>None</description>
			<possibleresult>
				<name>Small Car</name>
			</possibleresult>
			<points>
				<point>574.000000,88.000000</point>
				<point>573.000000,97.000000</point>
				<point>547.000000,97.000000</point>
				<point>547.000000,87.000000</point>
				<point>574.000000,88.000000</point>
			</points>
		</object>
		<object>
			<coordinate>pixel</coordinate>
			<type>rectangle</type>
			<description>None</description>
			<possibleresult>
				<name>Van</name>
			</possibleresult>
			<points>
				<point>525.000000,311.000000</point>
				<point>516.000000,311.000000</point>
				<point>515.000000,294.000000</point>
				<point>524.000000,294.000000</point>
				<point>525.000000,311.000000</point>
			</points>
		</object>
		<object>
			<coordinate>pixel</coordinate>
			<type>rectangle</type>
			<description>None</description>
			<possibleresult>
				<name>Small Car</name>
			</possibleresult>
			<points>
				<point>586.000000,295.000000</point>
				<point>585.000000,312.000000</point>
				<point>575.000000,312.000000</point>
				<point>575.000000,295.000000</point>
				<point>586.000000,295.000000</point>
			</points>
		</object>
		<object>
			<coordinate>pixel</coordinate>
			<type>rectangle</type>
			<description>None</description>
			<possibleresult>
				<name>Small Car</name>
			</possibleresult>
			<points>
				<point>546.000000,327.000000</point>
				<point>540.000000,332.000000</point>
				<point>529.000000,318.000000</point>
				<point>535.000000,313.000000</point>
				<point>546.000000,327.000000</point>
			</points>
		</object>
		<object>
			<coordinate>pixel</coordinate>
			<type>rectangle</type>
			<description>None</description>
			<possibleresult>
				<name>Small Car</name>
			</possibleresult>
			<points>
				<point>537.000000,332.000000</point>
				<point>530.000000,338.000000</point>
				<point>517.000000,323.000000</point>
				<point>524.000000,317.000000</point>
				<point>537.000000,332.000000</point>
			</points>
		</object>
		<object>
			<coordinate>pixel</coordinate>
			<type>rectangle</type>
			<description>None</description>
			<possibleresult>
				<name>Small Car</name>
			</possibleresult>
			<points>
				<point>586.000000,353.000000</point>
				<point>575.000000,369.000000</point>
				<point>566.000000,362.000000</point>
				<point>578.000000,347.000000</point>
				<point>586.000000,353.000000</point>
			</points>
		</object>
		<object>
			<coordinate>pixel</coordinate>
			<type>rectangle</type>
			<description>None</description>
			<possibleresult>
				<name>Small Car</name>
			</possibleresult>
			<points>
				<point>561.000000,355.000000</point>
				<point>550.000000,371.000000</point>
				<point>541.000000,365.000000</point>
				<point>552.000000,349.000000</point>
				<point>561.000000,355.000000</point>
			</points>
		</object>
		<object>
			<coordinate>pixel</coordinate>
			<type>rectangle</type>
			<description>None</description>
			<possibleresult>
				<name>Small Car</name>
			</possibleresult>
			<points>
				<point>341.000000,374.000000</point>
				<point>330.000000,392.000000</point>
				<point>322.000000,386.000000</point>
				<point>332.000000,369.000000</point>
				<point>341.000000,374.000000</point>
			</points>
		</object>
		<object>
			<coordinate>pixel</coordinate>
			<type>rectangle</type>
			<description>None</description>
			<possibleresult>
				<name>Small Car</name>
			</possibleresult>
			<points>
				<point>366.000000,376.000000</point>
				<point>355.000000,394.000000</point>
				<point>347.000000,389.000000</point>
				<point>358.000000,371.000000</point>
				<point>366.000000,376.000000</point>
			</points>
		</object>
		<object>
			<coordinate>pixel</coordinate>
			<type>rectangle</type>
			<description>None</description>
			<possibleresult>
				<name>Small Car</name>
			</possibleresult>
			<points>
				<point>377.000000,377.000000</point>
				<point>367.000000,392.000000</point>
				<point>360.000000,387.000000</point>
				<point>370.000000,372.000000</point>
				<point>377.000000,377.000000</point>
			</points>
		</object>
		<object>
			<coordinate>pixel</coordinate>
			<type>rectangle</type>
			<description>None</description>
			<possibleresult>
				<name>Small Car</name>
			</possibleresult>
			<points>
				<point>433.000000,375.000000</point>
				<point>422.000000,390.000000</point>
				<point>415.000000,385.000000</point>
				<point>426.000000,370.000000</point>
				<point>433.000000,375.000000</point>
			</points>
		</object>
		<object>
			<coordinate>pixel</coordinate>
			<type>rectangle</type>
			<description>None</description>
			<possibleresult>
				<name>Small Car</name>
			</possibleresult>
			<points>
				<point>457.000000,380.000000</point>
				<point>445.000000,394.000000</point>
				<point>438.000000,388.000000</point>
				<point>449.000000,374.000000</point>
				<point>457.000000,380.000000</point>
			</points>
		</object>
		<object>
			<coordinate>pixel</coordinate>
			<type>rectangle</type>
			<description>None</description>
			<possibleresult>
				<name>other-vehicle</name>
			</possibleresult>
			<points>
				<point>455.000000,421.000000</point>
				<point>447.000000,425.000000</point>
				<point>439.000000,406.000000</point>
				<point>446.000000,402.000000</point>
				<point>455.000000,421.000000</point>
			</points>
		</object>
		<object>
			<coordinate>pixel</coordinate>
			<type>rectangle</type>
			<description>None</description>
			<possibleresult>
				<name>Small Car</name>
			</possibleresult>
			<points>
				<point>471.000000,421.000000</point>
				<point>462.000000,426.000000</point>
				<point>454.000000,409.000000</point>
				<point>464.000000,405.000000</point>
				<point>471.000000,421.000000</point>
			</points>
		</object>
		<object>
			<coordinate>pixel</coordinate>
			<type>rectangle</type>
			<description>None</description>
			<possibleresult>
				<name>Small Car</name>
			</possibleresult>
			<points>
				<point>443.000000,423.000000</point>
				<point>435.000000,427.000000</point>
				<point>426.000000,411.000000</point>
				<point>433.000000,406.000000</point>
				<point>443.000000,423.000000</point>
			</points>
		</object>
		<object>
			<coordinate>pixel</coordinate>
			<type>rectangle</type>
			<description>None</description>
			<possibleresult>
				<name>Van</name>
			</possibleresult>
			<points>
				<point>417.000000,422.000000</point>
				<point>408.000000,425.000000</point>
				<point>403.000000,409.000000</point>
				<point>412.000000,406.000000</point>
				<point>417.000000,422.000000</point>
			</points>
		</object>
		<object>
			<coordinate>pixel</coordinate>
			<type>rectangle</type>
			<description>None</description>
			<possibleresult>
				<name>Small Car</name>
			</possibleresult>
			<points>
				<point>368.000000,421.000000</point>
				<point>362.000000,427.000000</point>
				<point>349.000000,412.000000</point>
				<point>355.000000,407.000000</point>
				<point>368.000000,421.000000</point>
			</points>
		</object>
		<object>
			<coordinate>pixel</coordinate>
			<type>rectangle</type>
			<description>None</description>
			<possibleresult>
				<name>Van</name>
			</possibleresult>
			<points>
				<point>339.000000,422.000000</point>
				<point>332.000000,427.000000</point>
				<point>320.000000,411.000000</point>
				<point>327.000000,406.000000</point>
				<point>339.000000,422.000000</point>
			</points>
		</object>
		<object>
			<coordinate>pixel</coordinate>
			<type>rectangle</type>
			<description>None</description>
			<possibleresult>
				<name>Small Car</name>
			</possibleresult>
			<points>
				<point>211.000000,310.000000</point>
				<point>200.000000,310.000000</point>
				<point>200.000000,294.000000</point>
				<point>210.000000,294.000000</point>
				<point>211.000000,310.000000</point>
			</points>
		</object>
		<object>
			<coordinate>pixel</coordinate>
			<type>rectangle</type>
			<description>None</description>
			<possibleresult>
				<name>Small Car</name>
			</possibleresult>
			<points>
				<point>200.000000,356.000000</point>
				<point>189.000000,356.000000</point>
				<point>188.000000,339.000000</point>
				<point>199.000000,338.000000</point>
				<point>200.000000,356.000000</point>
			</points>
		</object>
		<object>
			<coordinate>pixel</coordinate>
			<type>rectangle</type>
			<description>None</description>
			<possibleresult>
				<name>Small Car</name>
			</possibleresult>
			<points>
				<point>223.000000,357.000000</point>
				<point>213.000000,356.000000</point>
				<point>214.000000,337.000000</point>
				<point>223.000000,338.000000</point>
				<point>223.000000,357.000000</point>
			</points>
		</object>
		<object>
			<coordinate>pixel</coordinate>
			<type>rectangle</type>
			<description>None</description>
			<possibleresult>
				<name>Van</name>
			</possibleresult>
			<points>
				<point>43.000000,341.000000</point>
				<point>33.000000,356.000000</point>
				<point>25.000000,350.000000</point>
				<point>35.000000,336.000000</point>
				<point>43.000000,341.000000</point>
			</points>
		</object>
		<object>
			<coordinate>pixel</coordinate>
			<type>rectangle</type>
			<description>None</description>
			<possibleresult>
				<name>Small Car</name>
			</possibleresult>
			<points>
				<point>88.000000,277.000000</point>
				<point>68.000000,277.000000</point>
				<point>68.000000,270.000000</point>
				<point>88.000000,270.000000</point>
				<point>88.000000,277.000000</point>
			</points>
		</object>
		<object>
			<coordinate>pixel</coordinate>
			<type>rectangle</type>
			<description>None</description>
			<possibleresult>
				<name>Cargo Truck</name>
			</possibleresult>
			<points>
				<point>276.000000,444.000000</point>
				<point>267.000000,445.000000</point>
				<point>265.000000,428.000000</point>
				<point>275.000000,428.000000</point>
				<point>276.000000,444.000000</point>
			</points>
		</object>
		<object>
			<coordinate>pixel</coordinate>
			<type>rectangle</type>
			<description>None</description>
			<possibleresult>
				<name>Small Car</name>
			</possibleresult>
			<points>
				<point>114.000000,403.000000</point>
				<point>113.000000,410.000000</point>
				<point>93.000000,407.000000</point>
				<point>93.000000,400.000000</point>
				<point>114.000000,403.000000</point>
			</points>
		</object>
		<object>
			<coordinate>pixel</coordinate>
			<type>rectangle</type>
			<description>None</description>
			<possibleresult>
				<name>Small Car</name>
			</possibleresult>
			<points>
				<point>116.000000,427.000000</point>
				<point>94.000000,427.000000</point>
				<point>94.000000,420.000000</point>
				<point>116.000000,420.000000</point>
				<point>116.000000,427.000000</point>
			</points>
		</object>
		<object>
			<coordinate>pixel</coordinate>
			<type>rectangle</type>
			<description>None</description>
			<possibleresult>
				<name>Van</name>
			</possibleresult>
			<points>
				<point>162.000000,451.000000</point>
				<point>151.000000,452.000000</point>
				<point>149.000000,431.000000</point>
				<point>160.000000,430.000000</point>
				<point>162.000000,451.000000</point>
			</points>
		</object>
		<object>
			<coordinate>pixel</coordinate>
			<type>rectangle</type>
			<description>None</description>
			<possibleresult>
				<name>Small Car</name>
			</possibleresult>
			<points>
				<point>120.000000,472.000000</point>
				<point>97.000000,471.000000</point>
				<point>97.000000,464.000000</point>
				<point>120.000000,465.000000</point>
				<point>120.000000,472.000000</point>
			</points>
		</object>
	</objects>
</annotation>