<?xml version="1.0" encoding="utf-8"?>
<annotation>
	<source>
		<filename>8817.tif</filename>
		<origin>GF2/GF3</origin>
	</source>
	<research>
		<version>1.0</version>
		<provider>FAIR1M</provider>
		<author>Cyber</author>
		<pluginname>FAIR1M</pluginname>
		<pluginclass>object detection</pluginclass>
		<time>2021-07-21</time>
	</research>
	<size>
		<width>1000</width>
		<height>1000</height>
		<depth>3</depth>
	</size>
	<objects>
		<object>
			<coordinate>pixel</coordinate>
			<type>rectangle</type>
			<description>None</description>
			<possibleresult>
				<name>Baseball Field</name>
			</possibleresult>
			<points>
				<point>638.000000,239.000000</point>
				<point>477.000000,269.000000</point>
				<point>453.000000,137.000000</point>
				<point>614.000000,107.000000</point>
				<point>638.000000,239.000000</point>
			</points>
		</object>
		<object>
			<coordinate>pixel</coordinate>
			<type>rectangle</type>
			<description>None</description>
			<possibleresult>
				<name>Van</name>
			</possibleresult>
			<points>
				<point>993.000000,318.000000</point>
				<point>977.000000,332.000000</point>
				<point>971.000000,325.000000</point>
				<point>987.000000,311.000000</point>
				<point>993.000000,318.000000</point>
			</points>
		</object>
		<object>
			<coordinate>pixel</coordinate>
			<type>rectangle</type>
			<description>None</description>
			<possibleresult>
				<name>Baseball Field</name>
			</possibleresult>
			<points>
				<point>436.000000,677.000000</point>
				<point>271.000000,706.000000</point>
				<point>248.000000,577.000000</point>
				<point>413.000000,548.000000</point>
				<point>436.000000,677.000000</point>
			</points>
		</object>
		<object>
			<coordinate>pixel</coordinate>
			<type>rectangle</type>
			<description>None</description>
			<possibleresult>
				<name>Baseball Field</name>
			</possibleresult>
			<points>
				<point>471.000000,828.000000</point>
				<point>315.000000,859.000000</point>
				<point>288.000000,726.000000</point>
				<point>444.000000,695.000000</point>
				<point>471.000000,828.000000</point>
			</points>
		</object>
	</objects>
</annotation>