<?xml version="1.0" encoding="utf-8"?>
<annotation>
	<source>
		<filename>8855.tif</filename>
		<origin>GF2/GF3</origin>
	</source>
	<research>
		<version>1.0</version>
		<provider>FAIR1M</provider>
		<author>Cyber</author>
		<pluginname>FAIR1M</pluginname>
		<pluginclass>object detection</pluginclass>
		<time>2021-07-21</time>
	</research>
	<size>
		<width>600</width>
		<height>800</height>
		<depth>3</depth>
	</size>
	<objects>
		<object>
			<coordinate>pixel</coordinate>
			<type>rectangle</type>
			<description>None</description>
			<possibleresult>
				<name>A321</name>
			</possibleresult>
			<points>
				<point>338.000000,495.000000</point>
				<point>299.000000,517.000000</point>
				<point>272.000000,468.000000</point>
				<point>311.000000,446.000000</point>
				<point>338.000000,495.000000</point>
			</points>
		</object>
		<object>
			<coordinate>pixel</coordinate>
			<type>rectangle</type>
			<description>None</description>
			<possibleresult>
				<name>Boeing737</name>
			</possibleresult>
			<points>
				<point>196.000000,587.000000</point>
				<point>157.000000,605.000000</point>
				<point>135.000000,559.000000</point>
				<point>174.000000,540.000000</point>
				<point>196.000000,587.000000</point>
			</points>
		</object>
	</objects>
</annotation>