<?xml version="1.0" encoding="utf-8"?>
<annotation>
	<source>
		<filename>8865.tif</filename>
		<origin>GF2/GF3</origin>
	</source>
	<research>
		<version>1.0</version>
		<provider>FAIR1M</provider>
		<author>Cyber</author>
		<pluginname>FAIR1M</pluginname>
		<pluginclass>object detection</pluginclass>
		<time>2021-07-21</time>
	</research>
	<size>
		<width>1000</width>
		<height>1000</height>
		<depth>3</depth>
	</size>
	<objects>
		<object>
			<coordinate>pixel</coordinate>
			<type>rectangle</type>
			<description>None</description>
			<possibleresult>
				<name>ARJ21</name>
			</possibleresult>
			<points>
				<point>369.000000,989.000000</point>
				<point>396.000000,955.000000</point>
				<point>367.000000,932.000000</point>
				<point>340.000000,966.000000</point>
				<point>369.000000,989.000000</point>
			</points>
		</object>
		<object>
			<coordinate>pixel</coordinate>
			<type>rectangle</type>
			<description>None</description>
			<possibleresult>
				<name>other-airplane</name>
			</possibleresult>
			<points>
				<point>330.000000,957.000000</point>
				<point>357.000000,925.000000</point>
				<point>328.000000,901.000000</point>
				<point>302.000000,932.000000</point>
				<point>330.000000,957.000000</point>
			</points>
		</object>
		<object>
			<coordinate>pixel</coordinate>
			<type>rectangle</type>
			<description>None</description>
			<possibleresult>
				<name>ARJ21</name>
			</possibleresult>
			<points>
				<point>474.000000,871.000000</point>
				<point>501.000000,837.000000</point>
				<point>471.000000,813.000000</point>
				<point>444.000000,847.000000</point>
				<point>474.000000,871.000000</point>
			</points>
		</object>
		<object>
			<coordinate>pixel</coordinate>
			<type>rectangle</type>
			<description>None</description>
			<possibleresult>
				<name>other-airplane</name>
			</possibleresult>
			<points>
				<point>435.000000,838.000000</point>
				<point>457.000000,813.000000</point>
				<point>429.000000,789.000000</point>
				<point>407.000000,814.000000</point>
				<point>435.000000,838.000000</point>
			</points>
		</object>
		<object>
			<coordinate>pixel</coordinate>
			<type>rectangle</type>
			<description>None</description>
			<possibleresult>
				<name>Boeing737</name>
			</possibleresult>
			<points>
				<point>519.000000,744.000000</point>
				<point>556.000000,777.000000</point>
				<point>589.000000,740.000000</point>
				<point>552.000000,707.000000</point>
				<point>519.000000,744.000000</point>
			</points>
		</object>
		<object>
			<coordinate>pixel</coordinate>
			<type>rectangle</type>
			<description>None</description>
			<possibleresult>
				<name>A321</name>
			</possibleresult>
			<points>
				<point>857.000000,169.000000</point>
				<point>819.000000,213.000000</point>
				<point>853.000000,242.000000</point>
				<point>891.000000,198.000000</point>
				<point>857.000000,169.000000</point>
			</points>
		</object>
	</objects>
</annotation>