<?xml version="1.0" encoding="utf-8"?>
<annotation>
	<source>
		<filename>8885.tif</filename>
		<origin>GF2/GF3</origin>
	</source>
	<research>
		<version>1.0</version>
		<provider>FAIR1M</provider>
		<author>Cyber</author>
		<pluginname>FAIR1M</pluginname>
		<pluginclass>object detection</pluginclass>
		<time>2021-07-21</time>
	</research>
	<size>
		<width>800</width>
		<height>600</height>
		<depth>4</depth>
	</size>
	<objects>
		<object>
			<coordinate>pixel</coordinate>
			<type>rectangle</type>
			<description>None</description>
			<possibleresult>
				<name>other-airplane</name>
			</possibleresult>
			<points>
				<point>514.000000,150.000000</point>
				<point>452.000000,181.000000</point>
				<point>423.000000,123.000000</point>
				<point>485.000000,92.000000</point>
				<point>514.000000,150.000000</point>
			</points>
		</object>
	</objects>
</annotation>