<?xml version="1.0" encoding="utf-8"?>
<annotation>
	<source>
		<filename>8928.tif</filename>
		<origin>GF2/GF3</origin>
	</source>
	<research>
		<version>1.0</version>
		<provider>FAIR1M</provider>
		<author>Cyber</author>
		<pluginname>FAIR1M</pluginname>
		<pluginclass>object detection</pluginclass>
		<time>2021-07-21</time>
	</research>
	<size>
		<width>800</width>
		<height>600</height>
		<depth>3</depth>
	</size>
	<objects>
		<object>
			<coordinate>pixel</coordinate>
			<type>rectangle</type>
			<description>None</description>
			<possibleresult>
				<name>Boeing737</name>
			</possibleresult>
			<points>
				<point>693.000000,379.000000</point>
				<point>671.000000,425.000000</point>
				<point>631.000000,406.000000</point>
				<point>653.000000,360.000000</point>
				<point>693.000000,379.000000</point>
			</points>
		</object>
		<object>
			<coordinate>pixel</coordinate>
			<type>rectangle</type>
			<description>None</description>
			<possibleresult>
				<name>Boeing737</name>
			</possibleresult>
			<points>
				<point>735.000000,537.000000</point>
				<point>698.000000,561.000000</point>
				<point>671.000000,520.000000</point>
				<point>709.000000,496.000000</point>
				<point>735.000000,537.000000</point>
			</points>
		</object>
		<object>
			<coordinate>pixel</coordinate>
			<type>rectangle</type>
			<description>None</description>
			<possibleresult>
				<name>Boeing737</name>
			</possibleresult>
			<points>
				<point>690.000000,564.000000</point>
				<point>654.000000,589.000000</point>
				<point>626.000000,548.000000</point>
				<point>662.000000,523.000000</point>
				<point>690.000000,564.000000</point>
			</points>
		</object>
		<object>
			<coordinate>pixel</coordinate>
			<type>rectangle</type>
			<description>None</description>
			<possibleresult>
				<name>Boeing737</name>
			</possibleresult>
			<points>
				<point>599.440735,621.709961</point>
				<point>571.999939,580.000000</point>
				<point>609.999939,555.000000</point>
				<point>637.440735,596.709961</point>
				<point>599.440735,621.709961</point>
			</points>
		</object>
	</objects>
</annotation>