<?xml version="1.0" encoding="utf-8"?>
<annotation>
	<source>
		<filename>9030.tif</filename>
		<origin>GF2/GF3</origin>
	</source>
	<research>
		<version>1.0</version>
		<provider>FAIR1M</provider>
		<author>Cyber</author>
		<pluginname>FAIR1M</pluginname>
		<pluginclass>object detection</pluginclass>
		<time>2021-07-21</time>
	</research>
	<size>
		<width>1000</width>
		<height>1000</height>
		<depth>3</depth>
	</size>
	<objects>
		<object>
			<coordinate>pixel</coordinate>
			<type>rectangle</type>
			<description>None</description>
			<possibleresult>
				<name>Van</name>
			</possibleresult>
			<points>
				<point>949.000000,285.000000</point>
				<point>948.000000,294.000000</point>
				<point>924.000000,291.000000</point>
				<point>925.000000,282.000000</point>
				<point>949.000000,285.000000</point>
			</points>
		</object>
		<object>
			<coordinate>pixel</coordinate>
			<type>rectangle</type>
			<description>None</description>
			<possibleresult>
				<name>Small Car</name>
			</possibleresult>
			<points>
				<point>956.000000,88.000000</point>
				<point>932.000000,86.000000</point>
				<point>933.000000,78.000000</point>
				<point>956.000000,80.000000</point>
				<point>956.000000,88.000000</point>
			</points>
		</object>
		<object>
			<coordinate>pixel</coordinate>
			<type>rectangle</type>
			<description>None</description>
			<possibleresult>
				<name>Small Car</name>
			</possibleresult>
			<points>
				<point>672.000000,882.000000</point>
				<point>671.000000,890.000000</point>
				<point>650.000000,889.000000</point>
				<point>650.000000,881.000000</point>
				<point>672.000000,882.000000</point>
			</points>
		</object>
		<object>
			<coordinate>pixel</coordinate>
			<type>rectangle</type>
			<description>None</description>
			<possibleresult>
				<name>Tennis Court</name>
			</possibleresult>
			<points>
				<point>605.000000,318.000000</point>
				<point>604.000000,399.000000</point>
				<point>553.000000,397.000000</point>
				<point>554.000000,317.000000</point>
				<point>605.000000,318.000000</point>
			</points>
		</object>
		<object>
			<coordinate>pixel</coordinate>
			<type>rectangle</type>
			<description>None</description>
			<possibleresult>
				<name>Small Car</name>
			</possibleresult>
			<points>
				<point>518.000000,51.000000</point>
				<point>517.000000,72.000000</point>
				<point>506.000000,72.000000</point>
				<point>507.000000,51.000000</point>
				<point>518.000000,51.000000</point>
			</points>
		</object>
		<object>
			<coordinate>pixel</coordinate>
			<type>rectangle</type>
			<description>None</description>
			<possibleresult>
				<name>Small Car</name>
			</possibleresult>
			<points>
				<point>355.000000,58.000000</point>
				<point>334.000000,57.000000</point>
				<point>334.000000,48.000000</point>
				<point>355.000000,49.000000</point>
				<point>355.000000,58.000000</point>
			</points>
		</object>
		<object>
			<coordinate>pixel</coordinate>
			<type>rectangle</type>
			<description>None</description>
			<possibleresult>
				<name>Small Car</name>
			</possibleresult>
			<points>
				<point>188.000000,941.000000</point>
				<point>164.000000,940.000000</point>
				<point>165.000000,930.000000</point>
				<point>188.000000,932.000000</point>
				<point>188.000000,941.000000</point>
			</points>
		</object>
		<object>
			<coordinate>pixel</coordinate>
			<type>rectangle</type>
			<description>None</description>
			<possibleresult>
				<name>Van</name>
			</possibleresult>
			<points>
				<point>81.000000,87.000000</point>
				<point>80.000000,93.000000</point>
				<point>61.000000,92.000000</point>
				<point>62.000000,86.000000</point>
				<point>81.000000,87.000000</point>
			</points>
		</object>
		<object>
			<coordinate>pixel</coordinate>
			<type>rectangle</type>
			<description>None</description>
			<possibleresult>
				<name>Van</name>
			</possibleresult>
			<points>
				<point>442.000000,545.000000</point>
				<point>440.000000,554.000000</point>
				<point>420.000000,549.000000</point>
				<point>422.000000,540.000000</point>
				<point>442.000000,545.000000</point>
			</points>
		</object>
		<object>
			<coordinate>pixel</coordinate>
			<type>rectangle</type>
			<description>None</description>
			<possibleresult>
				<name>Dump Truck</name>
			</possibleresult>
			<points>
				<point>649.000000,890.000000</point>
				<point>648.000000,898.000000</point>
				<point>623.000000,897.000000</point>
				<point>623.000000,889.000000</point>
				<point>649.000000,890.000000</point>
			</points>
		</object>
		<object>
			<coordinate>pixel</coordinate>
			<type>rectangle</type>
			<description>None</description>
			<possibleresult>
				<name>Dump Truck</name>
			</possibleresult>
			<points>
				<point>559.000000,866.000000</point>
				<point>536.000000,876.000000</point>
				<point>531.000000,865.000000</point>
				<point>555.000000,856.000000</point>
				<point>559.000000,866.000000</point>
			</points>
		</object>
		<object>
			<coordinate>pixel</coordinate>
			<type>rectangle</type>
			<description>None</description>
			<possibleresult>
				<name>Small Car</name>
			</possibleresult>
			<points>
				<point>938.000000,38.000000</point>
				<point>915.000000,37.000000</point>
				<point>915.000000,28.000000</point>
				<point>938.000000,29.000000</point>
				<point>938.000000,38.000000</point>
			</points>
		</object>
		<object>
			<coordinate>pixel</coordinate>
			<type>rectangle</type>
			<description>None</description>
			<possibleresult>
				<name>Small Car</name>
			</possibleresult>
			<points>
				<point>919.000000,294.000000</point>
				<point>897.000000,294.000000</point>
				<point>897.000000,283.000000</point>
				<point>919.000000,283.000000</point>
				<point>919.000000,294.000000</point>
			</points>
		</object>
		<object>
			<coordinate>pixel</coordinate>
			<type>rectangle</type>
			<description>None</description>
			<possibleresult>
				<name>Van</name>
			</possibleresult>
			<points>
				<point>228.000000,659.000000</point>
				<point>218.000000,660.000000</point>
				<point>217.000000,640.000000</point>
				<point>227.000000,640.000000</point>
				<point>228.000000,659.000000</point>
			</points>
		</object>
		<object>
			<coordinate>pixel</coordinate>
			<type>rectangle</type>
			<description>None</description>
			<possibleresult>
				<name>Small Car</name>
			</possibleresult>
			<points>
				<point>455.000000,498.000000</point>
				<point>443.000000,499.000000</point>
				<point>442.000000,481.000000</point>
				<point>454.000000,480.000000</point>
				<point>455.000000,498.000000</point>
			</points>
		</object>
		<object>
			<coordinate>pixel</coordinate>
			<type>rectangle</type>
			<description>None</description>
			<possibleresult>
				<name>Cargo Truck</name>
			</possibleresult>
			<points>
				<point>333.000000,464.000000</point>
				<point>321.000000,464.000000</point>
				<point>321.000000,439.000000</point>
				<point>333.000000,439.000000</point>
				<point>333.000000,464.000000</point>
			</points>
		</object>
		<object>
			<coordinate>pixel</coordinate>
			<type>rectangle</type>
			<description>None</description>
			<possibleresult>
				<name>Van</name>
			</possibleresult>
			<points>
				<point>328.000000,673.000000</point>
				<point>310.000000,673.000000</point>
				<point>310.000000,666.000000</point>
				<point>328.000000,667.000000</point>
				<point>328.000000,673.000000</point>
			</points>
		</object>
		<object>
			<coordinate>pixel</coordinate>
			<type>rectangle</type>
			<description>None</description>
			<possibleresult>
				<name>Small Car</name>
			</possibleresult>
			<points>
				<point>233.000000,843.000000</point>
				<point>222.000000,843.000000</point>
				<point>221.000000,825.000000</point>
				<point>232.000000,824.000000</point>
				<point>233.000000,843.000000</point>
			</points>
		</object>
		<object>
			<coordinate>pixel</coordinate>
			<type>rectangle</type>
			<description>None</description>
			<possibleresult>
				<name>Van</name>
			</possibleresult>
			<points>
				<point>236.000000,910.000000</point>
				<point>224.000000,911.000000</point>
				<point>223.000000,893.000000</point>
				<point>234.000000,892.000000</point>
				<point>236.000000,910.000000</point>
			</points>
		</object>
		<object>
			<coordinate>pixel</coordinate>
			<type>rectangle</type>
			<description>None</description>
			<possibleresult>
				<name>Small Car</name>
			</possibleresult>
			<points>
				<point>330.000000,815.000000</point>
				<point>310.000000,815.000000</point>
				<point>310.000000,807.000000</point>
				<point>330.000000,807.000000</point>
				<point>330.000000,815.000000</point>
			</points>
		</object>
		<object>
			<coordinate>pixel</coordinate>
			<type>rectangle</type>
			<description>None</description>
			<possibleresult>
				<name>Small Car</name>
			</possibleresult>
			<points>
				<point>301.000000,807.000000</point>
				<point>282.000000,807.000000</point>
				<point>281.000000,801.000000</point>
				<point>301.000000,801.000000</point>
				<point>301.000000,807.000000</point>
			</points>
		</object>
		<object>
			<coordinate>pixel</coordinate>
			<type>rectangle</type>
			<description>None</description>
			<possibleresult>
				<name>Small Car</name>
			</possibleresult>
			<points>
				<point>305.000000,816.000000</point>
				<point>282.000000,816.000000</point>
				<point>282.000000,808.000000</point>
				<point>305.000000,808.000000</point>
				<point>305.000000,816.000000</point>
			</points>
		</object>
		<object>
			<coordinate>pixel</coordinate>
			<type>rectangle</type>
			<description>None</description>
			<possibleresult>
				<name>Van</name>
			</possibleresult>
			<points>
				<point>787.000000,507.000000</point>
				<point>762.000000,507.000000</point>
				<point>762.000000,499.000000</point>
				<point>787.000000,499.000000</point>
				<point>787.000000,507.000000</point>
			</points>
		</object>
		<object>
			<coordinate>pixel</coordinate>
			<type>rectangle</type>
			<description>None</description>
			<possibleresult>
				<name>Van</name>
			</possibleresult>
			<points>
				<point>869.000000,475.000000</point>
				<point>857.000000,476.000000</point>
				<point>857.000000,457.000000</point>
				<point>869.000000,457.000000</point>
				<point>869.000000,475.000000</point>
			</points>
		</object>
		<object>
			<coordinate>pixel</coordinate>
			<type>rectangle</type>
			<description>None</description>
			<possibleresult>
				<name>Van</name>
			</possibleresult>
			<points>
				<point>872.000000,685.000000</point>
				<point>861.000000,685.000000</point>
				<point>861.000000,666.000000</point>
				<point>872.000000,666.000000</point>
				<point>872.000000,685.000000</point>
			</points>
		</object>
		<object>
			<coordinate>pixel</coordinate>
			<type>rectangle</type>
			<description>None</description>
			<possibleresult>
				<name>Van</name>
			</possibleresult>
			<points>
				<point>874.000000,751.000000</point>
				<point>863.000000,752.000000</point>
				<point>861.000000,732.000000</point>
				<point>873.000000,731.000000</point>
				<point>874.000000,751.000000</point>
			</points>
		</object>
		<object>
			<coordinate>pixel</coordinate>
			<type>rectangle</type>
			<description>None</description>
			<possibleresult>
				<name>Dump Truck</name>
			</possibleresult>
			<points>
				<point>873.000000,773.000000</point>
				<point>861.000000,774.000000</point>
				<point>860.000000,756.000000</point>
				<point>872.000000,756.000000</point>
				<point>873.000000,773.000000</point>
			</points>
		</object>
	</objects>
</annotation>