<?xml version="1.0" encoding="utf-8"?>
<annotation>
	<source>
		<filename>9042.tif</filename>
		<origin>GF2/GF3</origin>
	</source>
	<research>
		<version>1.0</version>
		<provider>FAIR1M</provider>
		<author>Cyber</author>
		<pluginname>FAIR1M</pluginname>
		<pluginclass>object detection</pluginclass>
		<time>2021-07-21</time>
	</research>
	<size>
		<width>800</width>
		<height>600</height>
		<depth>4</depth>
	</size>
	<objects>
		<object>
			<coordinate>pixel</coordinate>
			<type>rectangle</type>
			<description>None</description>
			<possibleresult>
				<name>Trailer</name>
			</possibleresult>
			<points>
				<point>477.000000,15.000000</point>
				<point>404.000000,50.000000</point>
				<point>399.000000,38.000000</point>
				<point>472.000000,4.000000</point>
				<point>477.000000,15.000000</point>
			</points>
		</object>
	</objects>
</annotation>