<?xml version="1.0" encoding="utf-8"?>
<annotation>
	<source>
		<filename>9092.tif</filename>
		<origin>GF2/GF3</origin>
	</source>
	<research>
		<version>1.0</version>
		<provider>FAIR1M</provider>
		<author>Cyber</author>
		<pluginname>FAIR1M</pluginname>
		<pluginclass>object detection</pluginclass>
		<time>2021-07-21</time>
	</research>
	<size>
		<width>600</width>
		<height>800</height>
		<depth>4</depth>
	</size>
	<objects>
		<object>
			<coordinate>pixel</coordinate>
			<type>rectangle</type>
			<description>None</description>
			<possibleresult>
				<name>Van</name>
			</possibleresult>
			<points>
				<point>295.000000,47.000000</point>
				<point>285.000000,48.000000</point>
				<point>284.000000,28.000000</point>
				<point>295.000000,27.000000</point>
				<point>295.000000,47.000000</point>
			</points>
		</object>
		<object>
			<coordinate>pixel</coordinate>
			<type>rectangle</type>
			<description>None</description>
			<possibleresult>
				<name>Football Field</name>
			</possibleresult>
			<points>
				<point>221.000000,799.000000</point>
				<point>0.000000,799.000000</point>
				<point>0.000000,431.000000</point>
				<point>221.000000,431.000000</point>
				<point>221.000000,799.000000</point>
			</points>
		</object>
		<object>
			<coordinate>pixel</coordinate>
			<type>rectangle</type>
			<description>None</description>
			<possibleresult>
				<name>Van</name>
			</possibleresult>
			<points>
				<point>260.000000,341.000000</point>
				<point>233.000000,342.000000</point>
				<point>233.000000,333.000000</point>
				<point>259.000000,332.000000</point>
				<point>260.000000,341.000000</point>
			</points>
		</object>
		<object>
			<coordinate>pixel</coordinate>
			<type>rectangle</type>
			<description>None</description>
			<possibleresult>
				<name>Small Car</name>
			</possibleresult>
			<points>
				<point>20.000000,328.000000</point>
				<point>19.000000,338.000000</point>
				<point>11.000000,338.000000</point>
				<point>11.000000,328.000000</point>
				<point>20.000000,328.000000</point>
			</points>
		</object>
		<object>
			<coordinate>pixel</coordinate>
			<type>rectangle</type>
			<description>None</description>
			<possibleresult>
				<name>Van</name>
			</possibleresult>
			<points>
				<point>37.000000,176.000000</point>
				<point>17.000000,176.000000</point>
				<point>17.000000,170.000000</point>
				<point>37.000000,170.000000</point>
				<point>37.000000,176.000000</point>
			</points>
		</object>
		<object>
			<coordinate>pixel</coordinate>
			<type>rectangle</type>
			<description>None</description>
			<possibleresult>
				<name>Van</name>
			</possibleresult>
			<points>
				<point>69.000000,177.000000</point>
				<point>48.000000,177.000000</point>
				<point>48.000000,168.000000</point>
				<point>69.000000,169.000000</point>
				<point>69.000000,177.000000</point>
			</points>
		</object>
	</objects>
</annotation>