<?xml version="1.0" encoding="utf-8"?>
<annotation>
	<source>
		<filename>9151.tif</filename>
		<origin>GF2/GF3</origin>
	</source>
	<research>
		<version>1.0</version>
		<provider>FAIR1M</provider>
		<author>Cyber</author>
		<pluginname>FAIR1M</pluginname>
		<pluginclass>object detection</pluginclass>
		<time>2021-07-21</time>
	</research>
	<size>
		<width>1000</width>
		<height>1000</height>
		<depth>3</depth>
	</size>
	<objects>
		<object>
			<coordinate>pixel</coordinate>
			<type>rectangle</type>
			<description>None</description>
			<possibleresult>
				<name>Bus</name>
			</possibleresult>
			<points>
				<point>342.000000,577.000000</point>
				<point>270.000000,578.000000</point>
				<point>270.000000,568.000000</point>
				<point>342.000000,567.000000</point>
				<point>342.000000,577.000000</point>
			</points>
		</object>
		<object>
			<coordinate>pixel</coordinate>
			<type>rectangle</type>
			<description>None</description>
			<possibleresult>
				<name>other-vehicle</name>
			</possibleresult>
			<points>
				<point>355.000000,512.000000</point>
				<point>343.000000,514.000000</point>
				<point>338.000000,485.000000</point>
				<point>350.000000,483.000000</point>
				<point>355.000000,512.000000</point>
			</points>
		</object>
		<object>
			<coordinate>pixel</coordinate>
			<type>rectangle</type>
			<description>None</description>
			<possibleresult>
				<name>Van</name>
			</possibleresult>
			<points>
				<point>504.000000,486.000000</point>
				<point>495.000000,489.000000</point>
				<point>491.000000,473.000000</point>
				<point>500.000000,471.000000</point>
				<point>504.000000,486.000000</point>
			</points>
		</object>
		<object>
			<coordinate>pixel</coordinate>
			<type>rectangle</type>
			<description>None</description>
			<possibleresult>
				<name>Van</name>
			</possibleresult>
			<points>
				<point>496.000000,493.000000</point>
				<point>485.000000,497.000000</point>
				<point>478.000000,478.000000</point>
				<point>489.000000,474.000000</point>
				<point>496.000000,493.000000</point>
			</points>
		</object>
		<object>
			<coordinate>pixel</coordinate>
			<type>rectangle</type>
			<description>None</description>
			<possibleresult>
				<name>Small Car</name>
			</possibleresult>
			<points>
				<point>501.000000,449.000000</point>
				<point>499.000000,458.000000</point>
				<point>479.000000,453.000000</point>
				<point>481.000000,444.000000</point>
				<point>501.000000,449.000000</point>
			</points>
		</object>
		<object>
			<coordinate>pixel</coordinate>
			<type>rectangle</type>
			<description>None</description>
			<possibleresult>
				<name>Van</name>
			</possibleresult>
			<points>
				<point>504.000000,440.000000</point>
				<point>501.000000,448.000000</point>
				<point>478.000000,440.000000</point>
				<point>481.000000,431.000000</point>
				<point>504.000000,440.000000</point>
			</points>
		</object>
		<object>
			<coordinate>pixel</coordinate>
			<type>rectangle</type>
			<description>None</description>
			<possibleresult>
				<name>Small Car</name>
			</possibleresult>
			<points>
				<point>184.000000,380.000000</point>
				<point>183.000000,389.000000</point>
				<point>160.000000,388.000000</point>
				<point>161.000000,379.000000</point>
				<point>184.000000,380.000000</point>
			</points>
		</object>
		<object>
			<coordinate>pixel</coordinate>
			<type>rectangle</type>
			<description>None</description>
			<possibleresult>
				<name>Small Car</name>
			</possibleresult>
			<points>
				<point>287.000000,373.000000</point>
				<point>265.000000,373.000000</point>
				<point>265.000000,364.000000</point>
				<point>287.000000,364.000000</point>
				<point>287.000000,373.000000</point>
			</points>
		</object>
		<object>
			<coordinate>pixel</coordinate>
			<type>rectangle</type>
			<description>None</description>
			<possibleresult>
				<name>Van</name>
			</possibleresult>
			<points>
				<point>320.000000,375.000000</point>
				<point>298.000000,374.000000</point>
				<point>298.000000,367.000000</point>
				<point>320.000000,367.000000</point>
				<point>320.000000,375.000000</point>
			</points>
		</object>
		<object>
			<coordinate>pixel</coordinate>
			<type>rectangle</type>
			<description>None</description>
			<possibleresult>
				<name>Small Car</name>
			</possibleresult>
			<points>
				<point>459.000000,364.000000</point>
				<point>458.000000,374.000000</point>
				<point>433.000000,374.000000</point>
				<point>434.000000,363.000000</point>
				<point>459.000000,364.000000</point>
			</points>
		</object>
		<object>
			<coordinate>pixel</coordinate>
			<type>rectangle</type>
			<description>None</description>
			<possibleresult>
				<name>Small Car</name>
			</possibleresult>
			<points>
				<point>487.000000,374.000000</point>
				<point>462.000000,372.000000</point>
				<point>463.000000,362.000000</point>
				<point>487.000000,363.000000</point>
				<point>487.000000,374.000000</point>
			</points>
		</object>
		<object>
			<coordinate>pixel</coordinate>
			<type>rectangle</type>
			<description>None</description>
			<possibleresult>
				<name>Dump Truck</name>
			</possibleresult>
			<points>
				<point>518.000000,542.000000</point>
				<point>507.000000,542.000000</point>
				<point>505.000000,521.000000</point>
				<point>516.000000,520.000000</point>
				<point>518.000000,542.000000</point>
			</points>
		</object>
		<object>
			<coordinate>pixel</coordinate>
			<type>rectangle</type>
			<description>None</description>
			<possibleresult>
				<name>Small Car</name>
			</possibleresult>
			<points>
				<point>608.000000,509.000000</point>
				<point>603.000000,526.000000</point>
				<point>591.000000,522.000000</point>
				<point>597.000000,505.000000</point>
				<point>608.000000,509.000000</point>
			</points>
		</object>
		<object>
			<coordinate>pixel</coordinate>
			<type>rectangle</type>
			<description>None</description>
			<possibleresult>
				<name>Small Car</name>
			</possibleresult>
			<points>
				<point>635.000000,499.000000</point>
				<point>629.000000,515.000000</point>
				<point>619.000000,511.000000</point>
				<point>625.000000,495.000000</point>
				<point>635.000000,499.000000</point>
			</points>
		</object>
		<object>
			<coordinate>pixel</coordinate>
			<type>rectangle</type>
			<description>None</description>
			<possibleresult>
				<name>Van</name>
			</possibleresult>
			<points>
				<point>1000.000000,910.000000</point>
				<point>992.000000,913.000000</point>
				<point>986.000000,898.000000</point>
				<point>994.000000,894.000000</point>
				<point>1000.000000,910.000000</point>
			</points>
		</object>
		<object>
			<coordinate>pixel</coordinate>
			<type>rectangle</type>
			<description>None</description>
			<possibleresult>
				<name>Small Car</name>
			</possibleresult>
			<points>
				<point>954.000000,324.000000</point>
				<point>931.000000,323.000000</point>
				<point>931.000000,315.000000</point>
				<point>954.000000,316.000000</point>
				<point>954.000000,324.000000</point>
			</points>
		</object>
		<object>
			<coordinate>pixel</coordinate>
			<type>rectangle</type>
			<description>None</description>
			<possibleresult>
				<name>Small Car</name>
			</possibleresult>
			<points>
				<point>953.000000,314.000000</point>
				<point>934.000000,313.000000</point>
				<point>934.000000,306.000000</point>
				<point>953.000000,307.000000</point>
				<point>953.000000,314.000000</point>
			</points>
		</object>
		<object>
			<coordinate>pixel</coordinate>
			<type>rectangle</type>
			<description>None</description>
			<possibleresult>
				<name>Small Car</name>
			</possibleresult>
			<points>
				<point>951.000000,303.000000</point>
				<point>931.000000,303.000000</point>
				<point>931.000000,295.000000</point>
				<point>951.000000,295.000000</point>
				<point>951.000000,303.000000</point>
			</points>
		</object>
		<object>
			<coordinate>pixel</coordinate>
			<type>rectangle</type>
			<description>None</description>
			<possibleresult>
				<name>Small Car</name>
			</possibleresult>
			<points>
				<point>951.000000,294.000000</point>
				<point>930.000000,293.000000</point>
				<point>930.000000,287.000000</point>
				<point>951.000000,287.000000</point>
				<point>951.000000,294.000000</point>
			</points>
		</object>
		<object>
			<coordinate>pixel</coordinate>
			<type>rectangle</type>
			<description>None</description>
			<possibleresult>
				<name>Small Car</name>
			</possibleresult>
			<points>
				<point>954.000000,286.000000</point>
				<point>932.000000,286.000000</point>
				<point>932.000000,280.000000</point>
				<point>954.000000,279.000000</point>
				<point>954.000000,286.000000</point>
			</points>
		</object>
		<object>
			<coordinate>pixel</coordinate>
			<type>rectangle</type>
			<description>None</description>
			<possibleresult>
				<name>Small Car</name>
			</possibleresult>
			<points>
				<point>955.000000,277.000000</point>
				<point>933.000000,278.000000</point>
				<point>933.000000,271.000000</point>
				<point>954.000000,270.000000</point>
				<point>955.000000,277.000000</point>
			</points>
		</object>
		<object>
			<coordinate>pixel</coordinate>
			<type>rectangle</type>
			<description>None</description>
			<possibleresult>
				<name>Small Car</name>
			</possibleresult>
			<points>
				<point>954.000000,269.000000</point>
				<point>931.000000,270.000000</point>
				<point>931.000000,263.000000</point>
				<point>954.000000,262.000000</point>
				<point>954.000000,269.000000</point>
			</points>
		</object>
		<object>
			<coordinate>pixel</coordinate>
			<type>rectangle</type>
			<description>None</description>
			<possibleresult>
				<name>Small Car</name>
			</possibleresult>
			<points>
				<point>953.000000,261.000000</point>
				<point>932.000000,261.000000</point>
				<point>932.000000,254.000000</point>
				<point>953.000000,253.000000</point>
				<point>953.000000,261.000000</point>
			</points>
		</object>
		<object>
			<coordinate>pixel</coordinate>
			<type>rectangle</type>
			<description>None</description>
			<possibleresult>
				<name>Van</name>
			</possibleresult>
			<points>
				<point>955.000000,245.000000</point>
				<point>932.000000,246.000000</point>
				<point>932.000000,237.000000</point>
				<point>954.000000,236.000000</point>
				<point>955.000000,245.000000</point>
			</points>
		</object>
		<object>
			<coordinate>pixel</coordinate>
			<type>rectangle</type>
			<description>None</description>
			<possibleresult>
				<name>Small Car</name>
			</possibleresult>
			<points>
				<point>953.000000,233.000000</point>
				<point>930.000000,232.000000</point>
				<point>931.000000,226.000000</point>
				<point>953.000000,227.000000</point>
				<point>953.000000,233.000000</point>
			</points>
		</object>
		<object>
			<coordinate>pixel</coordinate>
			<type>rectangle</type>
			<description>None</description>
			<possibleresult>
				<name>Van</name>
			</possibleresult>
			<points>
				<point>954.000000,225.000000</point>
				<point>935.000000,225.000000</point>
				<point>935.000000,218.000000</point>
				<point>954.000000,218.000000</point>
				<point>954.000000,225.000000</point>
			</points>
		</object>
		<object>
			<coordinate>pixel</coordinate>
			<type>rectangle</type>
			<description>None</description>
			<possibleresult>
				<name>Small Car</name>
			</possibleresult>
			<points>
				<point>948.000000,216.000000</point>
				<point>934.000000,217.000000</point>
				<point>933.000000,211.000000</point>
				<point>948.000000,210.000000</point>
				<point>948.000000,216.000000</point>
			</points>
		</object>
		<object>
			<coordinate>pixel</coordinate>
			<type>rectangle</type>
			<description>None</description>
			<possibleresult>
				<name>Van</name>
			</possibleresult>
			<points>
				<point>957.000000,201.000000</point>
				<point>956.000000,209.000000</point>
				<point>934.000000,209.000000</point>
				<point>934.000000,200.000000</point>
				<point>957.000000,201.000000</point>
			</points>
		</object>
		<object>
			<coordinate>pixel</coordinate>
			<type>rectangle</type>
			<description>None</description>
			<possibleresult>
				<name>Van</name>
			</possibleresult>
			<points>
				<point>956.000000,200.000000</point>
				<point>932.000000,200.000000</point>
				<point>932.000000,191.000000</point>
				<point>956.000000,191.000000</point>
				<point>956.000000,200.000000</point>
			</points>
		</object>
		<object>
			<coordinate>pixel</coordinate>
			<type>rectangle</type>
			<description>None</description>
			<possibleresult>
				<name>Van</name>
			</possibleresult>
			<points>
				<point>954.000000,182.000000</point>
				<point>933.000000,183.000000</point>
				<point>933.000000,173.000000</point>
				<point>954.000000,173.000000</point>
				<point>954.000000,182.000000</point>
			</points>
		</object>
		<object>
			<coordinate>pixel</coordinate>
			<type>rectangle</type>
			<description>None</description>
			<possibleresult>
				<name>Small Car</name>
			</possibleresult>
			<points>
				<point>953.000000,156.000000</point>
				<point>952.000000,166.000000</point>
				<point>929.000000,165.000000</point>
				<point>930.000000,155.000000</point>
				<point>953.000000,156.000000</point>
			</points>
		</object>
		<object>
			<coordinate>pixel</coordinate>
			<type>rectangle</type>
			<description>None</description>
			<possibleresult>
				<name>Small Car</name>
			</possibleresult>
			<points>
				<point>952.000000,155.000000</point>
				<point>932.000000,155.000000</point>
				<point>932.000000,149.000000</point>
				<point>952.000000,149.000000</point>
				<point>952.000000,155.000000</point>
			</points>
		</object>
		<object>
			<coordinate>pixel</coordinate>
			<type>rectangle</type>
			<description>None</description>
			<possibleresult>
				<name>Small Car</name>
			</possibleresult>
			<points>
				<point>952.000000,148.000000</point>
				<point>932.000000,149.000000</point>
				<point>932.000000,141.000000</point>
				<point>952.000000,140.000000</point>
				<point>952.000000,148.000000</point>
			</points>
		</object>
		<object>
			<coordinate>pixel</coordinate>
			<type>rectangle</type>
			<description>None</description>
			<possibleresult>
				<name>Small Car</name>
			</possibleresult>
			<points>
				<point>951.000000,138.000000</point>
				<point>931.000000,137.000000</point>
				<point>931.000000,128.000000</point>
				<point>951.000000,129.000000</point>
				<point>951.000000,138.000000</point>
			</points>
		</object>
		<object>
			<coordinate>pixel</coordinate>
			<type>rectangle</type>
			<description>None</description>
			<possibleresult>
				<name>Small Car</name>
			</possibleresult>
			<points>
				<point>953.000000,112.000000</point>
				<point>952.000000,122.000000</point>
				<point>929.000000,121.000000</point>
				<point>929.000000,111.000000</point>
				<point>953.000000,112.000000</point>
			</points>
		</object>
		<object>
			<coordinate>pixel</coordinate>
			<type>rectangle</type>
			<description>None</description>
			<possibleresult>
				<name>Small Car</name>
			</possibleresult>
			<points>
				<point>953.000000,102.000000</point>
				<point>952.000000,111.000000</point>
				<point>930.000000,110.000000</point>
				<point>930.000000,101.000000</point>
				<point>953.000000,102.000000</point>
			</points>
		</object>
		<object>
			<coordinate>pixel</coordinate>
			<type>rectangle</type>
			<description>None</description>
			<possibleresult>
				<name>Van</name>
			</possibleresult>
			<points>
				<point>874.000000,212.000000</point>
				<point>872.000000,221.000000</point>
				<point>855.000000,216.000000</point>
				<point>858.000000,207.000000</point>
				<point>874.000000,212.000000</point>
			</points>
		</object>
		<object>
			<coordinate>pixel</coordinate>
			<type>rectangle</type>
			<description>None</description>
			<possibleresult>
				<name>Small Car</name>
			</possibleresult>
			<points>
				<point>874.000000,234.000000</point>
				<point>853.000000,234.000000</point>
				<point>853.000000,226.000000</point>
				<point>874.000000,227.000000</point>
				<point>874.000000,234.000000</point>
			</points>
		</object>
		<object>
			<coordinate>pixel</coordinate>
			<type>rectangle</type>
			<description>None</description>
			<possibleresult>
				<name>Small Car</name>
			</possibleresult>
			<points>
				<point>897.000000,269.000000</point>
				<point>875.000000,269.000000</point>
				<point>875.000000,261.000000</point>
				<point>897.000000,261.000000</point>
				<point>897.000000,269.000000</point>
			</points>
		</object>
		<object>
			<coordinate>pixel</coordinate>
			<type>rectangle</type>
			<description>None</description>
			<possibleresult>
				<name>Small Car</name>
			</possibleresult>
			<points>
				<point>898.000000,253.000000</point>
				<point>897.000000,261.000000</point>
				<point>875.000000,260.000000</point>
				<point>875.000000,253.000000</point>
				<point>898.000000,253.000000</point>
			</points>
		</object>
		<object>
			<coordinate>pixel</coordinate>
			<type>rectangle</type>
			<description>None</description>
			<possibleresult>
				<name>Small Car</name>
			</possibleresult>
			<points>
				<point>898.000000,252.000000</point>
				<point>878.000000,253.000000</point>
				<point>878.000000,245.000000</point>
				<point>898.000000,244.000000</point>
				<point>898.000000,252.000000</point>
			</points>
		</object>
		<object>
			<coordinate>pixel</coordinate>
			<type>rectangle</type>
			<description>None</description>
			<possibleresult>
				<name>Van</name>
			</possibleresult>
			<points>
				<point>903.000000,244.000000</point>
				<point>881.000000,244.000000</point>
				<point>881.000000,235.000000</point>
				<point>903.000000,236.000000</point>
				<point>903.000000,244.000000</point>
			</points>
		</object>
		<object>
			<coordinate>pixel</coordinate>
			<type>rectangle</type>
			<description>None</description>
			<possibleresult>
				<name>Van</name>
			</possibleresult>
			<points>
				<point>902.000000,227.000000</point>
				<point>901.000000,235.000000</point>
				<point>880.000000,234.000000</point>
				<point>881.000000,226.000000</point>
				<point>902.000000,227.000000</point>
			</points>
		</object>
		<object>
			<coordinate>pixel</coordinate>
			<type>rectangle</type>
			<description>None</description>
			<possibleresult>
				<name>Van</name>
			</possibleresult>
			<points>
				<point>898.000000,218.000000</point>
				<point>897.000000,226.000000</point>
				<point>877.000000,224.000000</point>
				<point>877.000000,217.000000</point>
				<point>898.000000,218.000000</point>
			</points>
		</object>
		<object>
			<coordinate>pixel</coordinate>
			<type>rectangle</type>
			<description>None</description>
			<possibleresult>
				<name>Small Car</name>
			</possibleresult>
			<points>
				<point>898.000000,208.000000</point>
				<point>897.000000,216.000000</point>
				<point>875.000000,216.000000</point>
				<point>875.000000,208.000000</point>
				<point>898.000000,208.000000</point>
			</points>
		</object>
		<object>
			<coordinate>pixel</coordinate>
			<type>rectangle</type>
			<description>None</description>
			<possibleresult>
				<name>Small Car</name>
			</possibleresult>
			<points>
				<point>900.000000,208.000000</point>
				<point>877.000000,206.000000</point>
				<point>878.000000,198.000000</point>
				<point>900.000000,199.000000</point>
				<point>900.000000,208.000000</point>
			</points>
		</object>
		<object>
			<coordinate>pixel</coordinate>
			<type>rectangle</type>
			<description>None</description>
			<possibleresult>
				<name>Small Car</name>
			</possibleresult>
			<points>
				<point>899.000000,197.000000</point>
				<point>877.000000,196.000000</point>
				<point>878.000000,189.000000</point>
				<point>899.000000,191.000000</point>
				<point>899.000000,197.000000</point>
			</points>
		</object>
		<object>
			<coordinate>pixel</coordinate>
			<type>rectangle</type>
			<description>None</description>
			<possibleresult>
				<name>Small Car</name>
			</possibleresult>
			<points>
				<point>899.000000,180.000000</point>
				<point>898.000000,189.000000</point>
				<point>878.000000,188.000000</point>
				<point>879.000000,179.000000</point>
				<point>899.000000,180.000000</point>
			</points>
		</object>
		<object>
			<coordinate>pixel</coordinate>
			<type>rectangle</type>
			<description>None</description>
			<possibleresult>
				<name>Small Car</name>
			</possibleresult>
			<points>
				<point>899.000000,168.000000</point>
				<point>898.000000,176.000000</point>
				<point>875.000000,173.000000</point>
				<point>876.000000,165.000000</point>
				<point>899.000000,168.000000</point>
			</points>
		</object>
		<object>
			<coordinate>pixel</coordinate>
			<type>rectangle</type>
			<description>None</description>
			<possibleresult>
				<name>Small Car</name>
			</possibleresult>
			<points>
				<point>896.000000,166.000000</point>
				<point>875.000000,165.000000</point>
				<point>875.000000,156.000000</point>
				<point>896.000000,157.000000</point>
				<point>896.000000,166.000000</point>
			</points>
		</object>
		<object>
			<coordinate>pixel</coordinate>
			<type>rectangle</type>
			<description>None</description>
			<possibleresult>
				<name>Small Car</name>
			</possibleresult>
			<points>
				<point>898.000000,148.000000</point>
				<point>897.000000,156.000000</point>
				<point>875.000000,156.000000</point>
				<point>875.000000,147.000000</point>
				<point>898.000000,148.000000</point>
			</points>
		</object>
		<object>
			<coordinate>pixel</coordinate>
			<type>rectangle</type>
			<description>None</description>
			<possibleresult>
				<name>Small Car</name>
			</possibleresult>
			<points>
				<point>899.000000,146.000000</point>
				<point>878.000000,146.000000</point>
				<point>878.000000,139.000000</point>
				<point>899.000000,139.000000</point>
				<point>899.000000,146.000000</point>
			</points>
		</object>
		<object>
			<coordinate>pixel</coordinate>
			<type>rectangle</type>
			<description>None</description>
			<possibleresult>
				<name>Van</name>
			</possibleresult>
			<points>
				<point>899.000000,139.000000</point>
				<point>875.000000,139.000000</point>
				<point>875.000000,131.000000</point>
				<point>898.000000,131.000000</point>
				<point>899.000000,139.000000</point>
			</points>
		</object>
		<object>
			<coordinate>pixel</coordinate>
			<type>rectangle</type>
			<description>None</description>
			<possibleresult>
				<name>Van</name>
			</possibleresult>
			<points>
				<point>900.000000,129.000000</point>
				<point>881.000000,129.000000</point>
				<point>881.000000,121.000000</point>
				<point>900.000000,121.000000</point>
				<point>900.000000,129.000000</point>
			</points>
		</object>
		<object>
			<coordinate>pixel</coordinate>
			<type>rectangle</type>
			<description>None</description>
			<possibleresult>
				<name>Small Car</name>
			</possibleresult>
			<points>
				<point>897.000000,120.000000</point>
				<point>876.000000,121.000000</point>
				<point>876.000000,114.000000</point>
				<point>896.000000,113.000000</point>
				<point>897.000000,120.000000</point>
			</points>
		</object>
		<object>
			<coordinate>pixel</coordinate>
			<type>rectangle</type>
			<description>None</description>
			<possibleresult>
				<name>Van</name>
			</possibleresult>
			<points>
				<point>898.000000,112.000000</point>
				<point>875.000000,113.000000</point>
				<point>875.000000,105.000000</point>
				<point>897.000000,104.000000</point>
				<point>898.000000,112.000000</point>
			</points>
		</object>
	</objects>
</annotation>