<?xml version="1.0" encoding="utf-8"?>
<annotation>
	<source>
		<filename>9179.tif</filename>
		<origin>GF2/GF3</origin>
	</source>
	<research>
		<version>1.0</version>
		<provider>FAIR1M</provider>
		<author>Cyber</author>
		<pluginname>FAIR1M</pluginname>
		<pluginclass>object detection</pluginclass>
		<time>2021-07-21</time>
	</research>
	<size>
		<width>600</width>
		<height>800</height>
		<depth>3</depth>
	</size>
	<objects>
		<object>
			<coordinate>pixel</coordinate>
			<type>rectangle</type>
			<description>None</description>
			<possibleresult>
				<name>Liquid Cargo Ship</name>
			</possibleresult>
			<points>
				<point>239.000000,607.000000</point>
				<point>206.000000,656.000000</point>
				<point>193.000000,648.000000</point>
				<point>226.000000,598.000000</point>
				<point>239.000000,607.000000</point>
			</points>
		</object>
		<object>
			<coordinate>pixel</coordinate>
			<type>rectangle</type>
			<description>None</description>
			<possibleresult>
				<name>Motorboat</name>
			</possibleresult>
			<points>
				<point>431.000000,544.000000</point>
				<point>426.000000,544.000000</point>
				<point>426.000000,519.000000</point>
				<point>431.000000,519.000000</point>
				<point>431.000000,544.000000</point>
			</points>
		</object>
	</objects>
</annotation>