<?xml version="1.0" encoding="utf-8"?>
<annotation>
	<source>
		<filename>9198.tif</filename>
		<origin>GF2/GF3</origin>
	</source>
	<research>
		<version>1.0</version>
		<provider>FAIR1M</provider>
		<author>Cyber</author>
		<pluginname>FAIR1M</pluginname>
		<pluginclass>object detection</pluginclass>
		<time>2021-07-21</time>
	</research>
	<size>
		<width>1000</width>
		<height>1000</height>
		<depth>3</depth>
	</size>
	<objects>
		<object>
			<coordinate>pixel</coordinate>
			<type>rectangle</type>
			<description>None</description>
			<possibleresult>
				<name>Dump Truck</name>
			</possibleresult>
			<points>
				<point>912.000000,53.000000</point>
				<point>911.000000,71.000000</point>
				<point>901.000000,71.000000</point>
				<point>901.000000,52.000000</point>
				<point>912.000000,53.000000</point>
			</points>
		</object>
		<object>
			<coordinate>pixel</coordinate>
			<type>rectangle</type>
			<description>None</description>
			<possibleresult>
				<name>Van</name>
			</possibleresult>
			<points>
				<point>867.000000,58.000000</point>
				<point>858.000000,60.000000</point>
				<point>856.000000,45.000000</point>
				<point>865.000000,43.000000</point>
				<point>867.000000,58.000000</point>
			</points>
		</object>
		<object>
			<coordinate>pixel</coordinate>
			<type>rectangle</type>
			<description>None</description>
			<possibleresult>
				<name>Van</name>
			</possibleresult>
			<points>
				<point>884.000000,41.000000</point>
				<point>881.000000,59.000000</point>
				<point>870.000000,57.000000</point>
				<point>872.000000,39.000000</point>
				<point>884.000000,41.000000</point>
			</points>
		</object>
		<object>
			<coordinate>pixel</coordinate>
			<type>rectangle</type>
			<description>None</description>
			<possibleresult>
				<name>Van</name>
			</possibleresult>
			<points>
				<point>934.000000,819.000000</point>
				<point>930.000000,829.000000</point>
				<point>923.000000,826.000000</point>
				<point>928.000000,816.000000</point>
				<point>934.000000,819.000000</point>
			</points>
		</object>
		<object>
			<coordinate>pixel</coordinate>
			<type>rectangle</type>
			<description>None</description>
			<possibleresult>
				<name>Van</name>
			</possibleresult>
			<points>
				<point>815.000000,687.000000</point>
				<point>794.000000,686.000000</point>
				<point>794.000000,679.000000</point>
				<point>815.000000,680.000000</point>
				<point>815.000000,687.000000</point>
			</points>
		</object>
		<object>
			<coordinate>pixel</coordinate>
			<type>rectangle</type>
			<description>None</description>
			<possibleresult>
				<name>Van</name>
			</possibleresult>
			<points>
				<point>836.000000,446.000000</point>
				<point>823.000000,458.000000</point>
				<point>818.000000,453.000000</point>
				<point>831.000000,441.000000</point>
				<point>836.000000,446.000000</point>
			</points>
		</object>
		<object>
			<coordinate>pixel</coordinate>
			<type>rectangle</type>
			<description>None</description>
			<possibleresult>
				<name>Van</name>
			</possibleresult>
			<points>
				<point>859.000000,407.000000</point>
				<point>843.000000,418.000000</point>
				<point>839.000000,412.000000</point>
				<point>856.000000,401.000000</point>
				<point>859.000000,407.000000</point>
			</points>
		</object>
		<object>
			<coordinate>pixel</coordinate>
			<type>rectangle</type>
			<description>None</description>
			<possibleresult>
				<name>Van</name>
			</possibleresult>
			<points>
				<point>882.000000,394.000000</point>
				<point>864.000000,405.000000</point>
				<point>860.000000,398.000000</point>
				<point>878.000000,387.000000</point>
				<point>882.000000,394.000000</point>
			</points>
		</object>
		<object>
			<coordinate>pixel</coordinate>
			<type>rectangle</type>
			<description>None</description>
			<possibleresult>
				<name>Cargo Truck</name>
			</possibleresult>
			<points>
				<point>872.000000,388.000000</point>
				<point>847.000000,402.000000</point>
				<point>843.000000,394.000000</point>
				<point>868.000000,380.000000</point>
				<point>872.000000,388.000000</point>
			</points>
		</object>
		<object>
			<coordinate>pixel</coordinate>
			<type>rectangle</type>
			<description>None</description>
			<possibleresult>
				<name>Van</name>
			</possibleresult>
			<points>
				<point>938.000000,225.000000</point>
				<point>937.000000,234.000000</point>
				<point>909.000000,228.000000</point>
				<point>911.000000,219.000000</point>
				<point>938.000000,225.000000</point>
			</points>
		</object>
		<object>
			<coordinate>pixel</coordinate>
			<type>rectangle</type>
			<description>None</description>
			<possibleresult>
				<name>Van</name>
			</possibleresult>
			<points>
				<point>753.000000,253.000000</point>
				<point>744.000000,254.000000</point>
				<point>743.000000,237.000000</point>
				<point>752.000000,237.000000</point>
				<point>753.000000,253.000000</point>
			</points>
		</object>
		<object>
			<coordinate>pixel</coordinate>
			<type>rectangle</type>
			<description>None</description>
			<possibleresult>
				<name>Small Car</name>
			</possibleresult>
			<points>
				<point>699.000000,152.000000</point>
				<point>692.000000,158.000000</point>
				<point>678.000000,142.000000</point>
				<point>684.000000,136.000000</point>
				<point>699.000000,152.000000</point>
			</points>
		</object>
		<object>
			<coordinate>pixel</coordinate>
			<type>rectangle</type>
			<description>None</description>
			<possibleresult>
				<name>Van</name>
			</possibleresult>
			<points>
				<point>410.000000,62.000000</point>
				<point>405.000000,67.000000</point>
				<point>393.000000,55.000000</point>
				<point>398.000000,50.000000</point>
				<point>410.000000,62.000000</point>
			</points>
		</object>
		<object>
			<coordinate>pixel</coordinate>
			<type>rectangle</type>
			<description>None</description>
			<possibleresult>
				<name>Dump Truck</name>
			</possibleresult>
			<points>
				<point>455.000000,106.000000</point>
				<point>448.000000,112.000000</point>
				<point>436.000000,97.000000</point>
				<point>443.000000,92.000000</point>
				<point>455.000000,106.000000</point>
			</points>
		</object>
		<object>
			<coordinate>pixel</coordinate>
			<type>rectangle</type>
			<description>None</description>
			<possibleresult>
				<name>Small Car</name>
			</possibleresult>
			<points>
				<point>601.000000,177.000000</point>
				<point>594.000000,183.000000</point>
				<point>581.000000,169.000000</point>
				<point>588.000000,163.000000</point>
				<point>601.000000,177.000000</point>
			</points>
		</object>
		<object>
			<coordinate>pixel</coordinate>
			<type>rectangle</type>
			<description>None</description>
			<possibleresult>
				<name>Van</name>
			</possibleresult>
			<points>
				<point>585.000000,178.000000</point>
				<point>579.000000,182.000000</point>
				<point>568.000000,169.000000</point>
				<point>573.000000,164.000000</point>
				<point>585.000000,178.000000</point>
			</points>
		</object>
		<object>
			<coordinate>pixel</coordinate>
			<type>rectangle</type>
			<description>None</description>
			<possibleresult>
				<name>Van</name>
			</possibleresult>
			<points>
				<point>416.000000,198.000000</point>
				<point>398.000000,210.000000</point>
				<point>393.000000,203.000000</point>
				<point>411.000000,191.000000</point>
				<point>416.000000,198.000000</point>
			</points>
		</object>
		<object>
			<coordinate>pixel</coordinate>
			<type>rectangle</type>
			<description>None</description>
			<possibleresult>
				<name>Van</name>
			</possibleresult>
			<points>
				<point>393.000000,244.000000</point>
				<point>388.000000,250.000000</point>
				<point>378.000000,242.000000</point>
				<point>382.000000,236.000000</point>
				<point>393.000000,244.000000</point>
			</points>
		</object>
		<object>
			<coordinate>pixel</coordinate>
			<type>rectangle</type>
			<description>None</description>
			<possibleresult>
				<name>Van</name>
			</possibleresult>
			<points>
				<point>335.000000,167.000000</point>
				<point>328.000000,173.000000</point>
				<point>319.000000,162.000000</point>
				<point>325.000000,156.000000</point>
				<point>335.000000,167.000000</point>
			</points>
		</object>
		<object>
			<coordinate>pixel</coordinate>
			<type>rectangle</type>
			<description>None</description>
			<possibleresult>
				<name>Van</name>
			</possibleresult>
			<points>
				<point>350.000000,183.000000</point>
				<point>345.000000,187.000000</point>
				<point>334.000000,175.000000</point>
				<point>339.000000,170.000000</point>
				<point>350.000000,183.000000</point>
			</points>
		</object>
		<object>
			<coordinate>pixel</coordinate>
			<type>rectangle</type>
			<description>None</description>
			<possibleresult>
				<name>Van</name>
			</possibleresult>
			<points>
				<point>339.000000,185.000000</point>
				<point>334.000000,190.000000</point>
				<point>322.000000,177.000000</point>
				<point>326.000000,173.000000</point>
				<point>339.000000,185.000000</point>
			</points>
		</object>
		<object>
			<coordinate>pixel</coordinate>
			<type>rectangle</type>
			<description>None</description>
			<possibleresult>
				<name>Van</name>
			</possibleresult>
			<points>
				<point>128.000000,125.000000</point>
				<point>109.000000,135.000000</point>
				<point>106.000000,128.000000</point>
				<point>125.000000,119.000000</point>
				<point>128.000000,125.000000</point>
			</points>
		</object>
		<object>
			<coordinate>pixel</coordinate>
			<type>rectangle</type>
			<description>None</description>
			<possibleresult>
				<name>Small Car</name>
			</possibleresult>
			<points>
				<point>87.000000,120.000000</point>
				<point>81.000000,125.000000</point>
				<point>68.000000,111.000000</point>
				<point>73.000000,106.000000</point>
				<point>87.000000,120.000000</point>
			</points>
		</object>
		<object>
			<coordinate>pixel</coordinate>
			<type>rectangle</type>
			<description>None</description>
			<possibleresult>
				<name>Small Car</name>
			</possibleresult>
			<points>
				<point>39.000000,128.000000</point>
				<point>34.000000,133.000000</point>
				<point>19.000000,117.000000</point>
				<point>24.000000,111.000000</point>
				<point>39.000000,128.000000</point>
			</points>
		</object>
		<object>
			<coordinate>pixel</coordinate>
			<type>rectangle</type>
			<description>None</description>
			<possibleresult>
				<name>Van</name>
			</possibleresult>
			<points>
				<point>87.000000,170.000000</point>
				<point>68.000000,183.000000</point>
				<point>62.000000,174.000000</point>
				<point>81.000000,161.000000</point>
				<point>87.000000,170.000000</point>
			</points>
		</object>
		<object>
			<coordinate>pixel</coordinate>
			<type>rectangle</type>
			<description>None</description>
			<possibleresult>
				<name>Dump Truck</name>
			</possibleresult>
			<points>
				<point>114.000000,189.000000</point>
				<point>94.000000,203.000000</point>
				<point>88.000000,195.000000</point>
				<point>108.000000,181.000000</point>
				<point>114.000000,189.000000</point>
			</points>
		</object>
		<object>
			<coordinate>pixel</coordinate>
			<type>rectangle</type>
			<description>None</description>
			<possibleresult>
				<name>Small Car</name>
			</possibleresult>
			<points>
				<point>160.000000,239.000000</point>
				<point>146.000000,250.000000</point>
				<point>141.000000,244.000000</point>
				<point>155.000000,233.000000</point>
				<point>160.000000,239.000000</point>
			</points>
		</object>
		<object>
			<coordinate>pixel</coordinate>
			<type>rectangle</type>
			<description>None</description>
			<possibleresult>
				<name>Small Car</name>
			</possibleresult>
			<points>
				<point>121.000000,253.000000</point>
				<point>115.000000,258.000000</point>
				<point>101.000000,243.000000</point>
				<point>106.000000,238.000000</point>
				<point>121.000000,253.000000</point>
			</points>
		</object>
		<object>
			<coordinate>pixel</coordinate>
			<type>rectangle</type>
			<description>None</description>
			<possibleresult>
				<name>Small Car</name>
			</possibleresult>
			<points>
				<point>110.000000,260.000000</point>
				<point>105.000000,265.000000</point>
				<point>91.000000,250.000000</point>
				<point>96.000000,245.000000</point>
				<point>110.000000,260.000000</point>
			</points>
		</object>
		<object>
			<coordinate>pixel</coordinate>
			<type>rectangle</type>
			<description>None</description>
			<possibleresult>
				<name>Small Car</name>
			</possibleresult>
			<points>
				<point>75.000000,309.000000</point>
				<point>58.000000,321.000000</point>
				<point>54.000000,315.000000</point>
				<point>71.000000,303.000000</point>
				<point>75.000000,309.000000</point>
			</points>
		</object>
		<object>
			<coordinate>pixel</coordinate>
			<type>rectangle</type>
			<description>None</description>
			<possibleresult>
				<name>Small Car</name>
			</possibleresult>
			<points>
				<point>104.000000,312.000000</point>
				<point>94.000000,317.000000</point>
				<point>90.000000,309.000000</point>
				<point>100.000000,304.000000</point>
				<point>104.000000,312.000000</point>
			</points>
		</object>
		<object>
			<coordinate>pixel</coordinate>
			<type>rectangle</type>
			<description>None</description>
			<possibleresult>
				<name>Van</name>
			</possibleresult>
			<points>
				<point>153.000000,275.000000</point>
				<point>148.000000,281.000000</point>
				<point>135.000000,269.000000</point>
				<point>140.000000,263.000000</point>
				<point>153.000000,275.000000</point>
			</points>
		</object>
		<object>
			<coordinate>pixel</coordinate>
			<type>rectangle</type>
			<description>None</description>
			<possibleresult>
				<name>Van</name>
			</possibleresult>
			<points>
				<point>333.000000,325.000000</point>
				<point>332.000000,331.000000</point>
				<point>319.000000,328.000000</point>
				<point>320.000000,322.000000</point>
				<point>333.000000,325.000000</point>
			</points>
		</object>
		<object>
			<coordinate>pixel</coordinate>
			<type>rectangle</type>
			<description>None</description>
			<possibleresult>
				<name>Van</name>
			</possibleresult>
			<points>
				<point>641.000000,337.000000</point>
				<point>636.000000,344.000000</point>
				<point>622.000000,333.000000</point>
				<point>628.000000,326.000000</point>
				<point>641.000000,337.000000</point>
			</points>
		</object>
		<object>
			<coordinate>pixel</coordinate>
			<type>rectangle</type>
			<description>None</description>
			<possibleresult>
				<name>Van</name>
			</possibleresult>
			<points>
				<point>616.000000,357.000000</point>
				<point>609.000000,363.000000</point>
				<point>596.000000,348.000000</point>
				<point>602.000000,342.000000</point>
				<point>616.000000,357.000000</point>
			</points>
		</object>
		<object>
			<coordinate>pixel</coordinate>
			<type>rectangle</type>
			<description>None</description>
			<possibleresult>
				<name>Van</name>
			</possibleresult>
			<points>
				<point>542.000000,355.000000</point>
				<point>538.000000,360.000000</point>
				<point>524.000000,348.000000</point>
				<point>528.000000,343.000000</point>
				<point>542.000000,355.000000</point>
			</points>
		</object>
		<object>
			<coordinate>pixel</coordinate>
			<type>rectangle</type>
			<description>None</description>
			<possibleresult>
				<name>Van</name>
			</possibleresult>
			<points>
				<point>648.000000,410.000000</point>
				<point>644.000000,415.000000</point>
				<point>631.000000,401.000000</point>
				<point>635.000000,397.000000</point>
				<point>648.000000,410.000000</point>
			</points>
		</object>
		<object>
			<coordinate>pixel</coordinate>
			<type>rectangle</type>
			<description>None</description>
			<possibleresult>
				<name>Small Car</name>
			</possibleresult>
			<points>
				<point>678.000000,436.000000</point>
				<point>671.000000,441.000000</point>
				<point>659.000000,426.000000</point>
				<point>666.000000,420.000000</point>
				<point>678.000000,436.000000</point>
			</points>
		</object>
		<object>
			<coordinate>pixel</coordinate>
			<type>rectangle</type>
			<description>None</description>
			<possibleresult>
				<name>Van</name>
			</possibleresult>
			<points>
				<point>692.000000,451.000000</point>
				<point>687.000000,456.000000</point>
				<point>678.000000,446.000000</point>
				<point>683.000000,441.000000</point>
				<point>692.000000,451.000000</point>
			</points>
		</object>
		<object>
			<coordinate>pixel</coordinate>
			<type>rectangle</type>
			<description>None</description>
			<possibleresult>
				<name>Van</name>
			</possibleresult>
			<points>
				<point>448.000000,449.000000</point>
				<point>443.000000,454.000000</point>
				<point>432.000000,442.000000</point>
				<point>436.000000,437.000000</point>
				<point>448.000000,449.000000</point>
			</points>
		</object>
		<object>
			<coordinate>pixel</coordinate>
			<type>rectangle</type>
			<description>None</description>
			<possibleresult>
				<name>Small Car</name>
			</possibleresult>
			<points>
				<point>550.000000,478.000000</point>
				<point>544.000000,485.000000</point>
				<point>534.000000,476.000000</point>
				<point>540.000000,469.000000</point>
				<point>550.000000,478.000000</point>
			</points>
		</object>
		<object>
			<coordinate>pixel</coordinate>
			<type>rectangle</type>
			<description>None</description>
			<possibleresult>
				<name>Van</name>
			</possibleresult>
			<points>
				<point>563.000000,491.000000</point>
				<point>557.000000,497.000000</point>
				<point>547.000000,487.000000</point>
				<point>553.000000,482.000000</point>
				<point>563.000000,491.000000</point>
			</points>
		</object>
		<object>
			<coordinate>pixel</coordinate>
			<type>rectangle</type>
			<description>None</description>
			<possibleresult>
				<name>Small Car</name>
			</possibleresult>
			<points>
				<point>490.000000,519.000000</point>
				<point>469.000000,524.000000</point>
				<point>467.000000,514.000000</point>
				<point>488.000000,509.000000</point>
				<point>490.000000,519.000000</point>
			</points>
		</object>
		<object>
			<coordinate>pixel</coordinate>
			<type>rectangle</type>
			<description>None</description>
			<possibleresult>
				<name>Small Car</name>
			</possibleresult>
			<points>
				<point>415.000000,631.000000</point>
				<point>410.000000,637.000000</point>
				<point>398.000000,628.000000</point>
				<point>403.000000,622.000000</point>
				<point>415.000000,631.000000</point>
			</points>
		</object>
		<object>
			<coordinate>pixel</coordinate>
			<type>rectangle</type>
			<description>None</description>
			<possibleresult>
				<name>Dump Truck</name>
			</possibleresult>
			<points>
				<point>352.000000,645.000000</point>
				<point>339.000000,662.000000</point>
				<point>332.000000,656.000000</point>
				<point>345.000000,639.000000</point>
				<point>352.000000,645.000000</point>
			</points>
		</object>
		<object>
			<coordinate>pixel</coordinate>
			<type>rectangle</type>
			<description>None</description>
			<possibleresult>
				<name>Van</name>
			</possibleresult>
			<points>
				<point>375.000000,702.000000</point>
				<point>364.000000,714.000000</point>
				<point>359.000000,709.000000</point>
				<point>370.000000,697.000000</point>
				<point>375.000000,702.000000</point>
			</points>
		</object>
		<object>
			<coordinate>pixel</coordinate>
			<type>rectangle</type>
			<description>None</description>
			<possibleresult>
				<name>Small Car</name>
			</possibleresult>
			<points>
				<point>347.000000,689.000000</point>
				<point>336.000000,703.000000</point>
				<point>328.000000,696.000000</point>
				<point>340.000000,683.000000</point>
				<point>347.000000,689.000000</point>
			</points>
		</object>
		<object>
			<coordinate>pixel</coordinate>
			<type>rectangle</type>
			<description>None</description>
			<possibleresult>
				<name>Small Car</name>
			</possibleresult>
			<points>
				<point>331.000000,689.000000</point>
				<point>317.000000,704.000000</point>
				<point>310.000000,698.000000</point>
				<point>324.000000,683.000000</point>
				<point>331.000000,689.000000</point>
			</points>
		</object>
		<object>
			<coordinate>pixel</coordinate>
			<type>rectangle</type>
			<description>None</description>
			<possibleresult>
				<name>Small Car</name>
			</possibleresult>
			<points>
				<point>603.000000,786.000000</point>
				<point>592.000000,802.000000</point>
				<point>583.000000,796.000000</point>
				<point>594.000000,780.000000</point>
				<point>603.000000,786.000000</point>
			</points>
		</object>
		<object>
			<coordinate>pixel</coordinate>
			<type>rectangle</type>
			<description>None</description>
			<possibleresult>
				<name>Van</name>
			</possibleresult>
			<points>
				<point>731.000000,990.000000</point>
				<point>727.000000,998.000000</point>
				<point>712.000000,991.000000</point>
				<point>716.000000,983.000000</point>
				<point>731.000000,990.000000</point>
			</points>
		</object>
		<object>
			<coordinate>pixel</coordinate>
			<type>rectangle</type>
			<description>None</description>
			<possibleresult>
				<name>other-vehicle</name>
			</possibleresult>
			<points>
				<point>371.000000,937.000000</point>
				<point>363.000000,943.000000</point>
				<point>346.000000,923.000000</point>
				<point>354.000000,916.000000</point>
				<point>371.000000,937.000000</point>
			</points>
		</object>
		<object>
			<coordinate>pixel</coordinate>
			<type>rectangle</type>
			<description>None</description>
			<possibleresult>
				<name>Small Car</name>
			</possibleresult>
			<points>
				<point>121.000000,455.000000</point>
				<point>116.000000,461.000000</point>
				<point>101.000000,448.000000</point>
				<point>105.000000,442.000000</point>
				<point>121.000000,455.000000</point>
			</points>
		</object>
		<object>
			<coordinate>pixel</coordinate>
			<type>rectangle</type>
			<description>None</description>
			<possibleresult>
				<name>Van</name>
			</possibleresult>
			<points>
				<point>51.000000,462.000000</point>
				<point>32.000000,471.000000</point>
				<point>28.000000,464.000000</point>
				<point>47.000000,455.000000</point>
				<point>51.000000,462.000000</point>
			</points>
		</object>
		<object>
			<coordinate>pixel</coordinate>
			<type>rectangle</type>
			<description>None</description>
			<possibleresult>
				<name>Van</name>
			</possibleresult>
			<points>
				<point>43.000000,475.000000</point>
				<point>29.000000,482.000000</point>
				<point>25.000000,476.000000</point>
				<point>39.000000,468.000000</point>
				<point>43.000000,475.000000</point>
			</points>
		</object>
		<object>
			<coordinate>pixel</coordinate>
			<type>rectangle</type>
			<description>None</description>
			<possibleresult>
				<name>Van</name>
			</possibleresult>
			<points>
				<point>49.000000,482.000000</point>
				<point>31.000000,491.000000</point>
				<point>28.000000,485.000000</point>
				<point>46.000000,476.000000</point>
				<point>49.000000,482.000000</point>
			</points>
		</object>
		<object>
			<coordinate>pixel</coordinate>
			<type>rectangle</type>
			<description>None</description>
			<possibleresult>
				<name>Van</name>
			</possibleresult>
			<points>
				<point>50.000000,499.000000</point>
				<point>34.000000,507.000000</point>
				<point>31.000000,500.000000</point>
				<point>47.000000,492.000000</point>
				<point>50.000000,499.000000</point>
			</points>
		</object>
		<object>
			<coordinate>pixel</coordinate>
			<type>rectangle</type>
			<description>None</description>
			<possibleresult>
				<name>Small Car</name>
			</possibleresult>
			<points>
				<point>79.000000,497.000000</point>
				<point>61.000000,506.000000</point>
				<point>57.000000,499.000000</point>
				<point>75.000000,490.000000</point>
				<point>79.000000,497.000000</point>
			</points>
		</object>
		<object>
			<coordinate>pixel</coordinate>
			<type>rectangle</type>
			<description>None</description>
			<possibleresult>
				<name>Small Car</name>
			</possibleresult>
			<points>
				<point>154.000000,533.000000</point>
				<point>146.000000,540.000000</point>
				<point>131.000000,524.000000</point>
				<point>139.000000,517.000000</point>
				<point>154.000000,533.000000</point>
			</points>
		</object>
		<object>
			<coordinate>pixel</coordinate>
			<type>rectangle</type>
			<description>None</description>
			<possibleresult>
				<name>Van</name>
			</possibleresult>
			<points>
				<point>81.000000,368.000000</point>
				<point>67.000000,376.000000</point>
				<point>63.000000,370.000000</point>
				<point>77.000000,362.000000</point>
				<point>81.000000,368.000000</point>
			</points>
		</object>
		<object>
			<coordinate>pixel</coordinate>
			<type>rectangle</type>
			<description>None</description>
			<possibleresult>
				<name>Small Car</name>
			</possibleresult>
			<points>
				<point>98.000000,690.000000</point>
				<point>92.000000,694.000000</point>
				<point>82.000000,679.000000</point>
				<point>88.000000,675.000000</point>
				<point>98.000000,690.000000</point>
			</points>
		</object>
		<object>
			<coordinate>pixel</coordinate>
			<type>rectangle</type>
			<description>None</description>
			<possibleresult>
				<name>Van</name>
			</possibleresult>
			<points>
				<point>109.000000,684.000000</point>
				<point>103.000000,688.000000</point>
				<point>94.000000,674.000000</point>
				<point>100.000000,670.000000</point>
				<point>109.000000,684.000000</point>
			</points>
		</object>
		<object>
			<coordinate>pixel</coordinate>
			<type>rectangle</type>
			<description>None</description>
			<possibleresult>
				<name>Small Car</name>
			</possibleresult>
			<points>
				<point>77.000000,713.000000</point>
				<point>56.000000,721.000000</point>
				<point>52.000000,713.000000</point>
				<point>74.000000,704.000000</point>
				<point>77.000000,713.000000</point>
			</points>
		</object>
		<object>
			<coordinate>pixel</coordinate>
			<type>rectangle</type>
			<description>None</description>
			<possibleresult>
				<name>Van</name>
			</possibleresult>
			<points>
				<point>277.000000,749.000000</point>
				<point>260.000000,756.000000</point>
				<point>257.000000,749.000000</point>
				<point>274.000000,742.000000</point>
				<point>277.000000,749.000000</point>
			</points>
		</object>
		<object>
			<coordinate>pixel</coordinate>
			<type>rectangle</type>
			<description>None</description>
			<possibleresult>
				<name>Small Car</name>
			</possibleresult>
			<points>
				<point>303.000000,813.000000</point>
				<point>297.000000,818.000000</point>
				<point>284.000000,801.000000</point>
				<point>291.000000,796.000000</point>
				<point>303.000000,813.000000</point>
			</points>
		</object>
		<object>
			<coordinate>pixel</coordinate>
			<type>rectangle</type>
			<description>None</description>
			<possibleresult>
				<name>Dump Truck</name>
			</possibleresult>
			<points>
				<point>30.000000,732.000000</point>
				<point>5.000000,740.000000</point>
				<point>3.000000,732.000000</point>
				<point>28.000000,724.000000</point>
				<point>30.000000,732.000000</point>
			</points>
		</object>
		<object>
			<coordinate>pixel</coordinate>
			<type>rectangle</type>
			<description>None</description>
			<possibleresult>
				<name>Dump Truck</name>
			</possibleresult>
			<points>
				<point>317.000000,807.000000</point>
				<point>313.000000,811.000000</point>
				<point>300.000000,797.000000</point>
				<point>305.000000,793.000000</point>
				<point>317.000000,807.000000</point>
			</points>
		</object>
		<object>
			<coordinate>pixel</coordinate>
			<type>rectangle</type>
			<description>None</description>
			<possibleresult>
				<name>Small Car</name>
			</possibleresult>
			<points>
				<point>351.000000,802.000000</point>
				<point>344.000000,808.000000</point>
				<point>334.000000,794.000000</point>
				<point>341.000000,788.000000</point>
				<point>351.000000,802.000000</point>
			</points>
		</object>
		<object>
			<coordinate>pixel</coordinate>
			<type>rectangle</type>
			<description>None</description>
			<possibleresult>
				<name>other-vehicle</name>
			</possibleresult>
			<points>
				<point>297.000000,828.000000</point>
				<point>291.000000,833.000000</point>
				<point>279.000000,820.000000</point>
				<point>285.000000,815.000000</point>
				<point>297.000000,828.000000</point>
			</points>
		</object>
		<object>
			<coordinate>pixel</coordinate>
			<type>rectangle</type>
			<description>None</description>
			<possibleresult>
				<name>Small Car</name>
			</possibleresult>
			<points>
				<point>385.000000,844.000000</point>
				<point>379.000000,849.000000</point>
				<point>367.000000,835.000000</point>
				<point>374.000000,830.000000</point>
				<point>385.000000,844.000000</point>
			</points>
		</object>
		<object>
			<coordinate>pixel</coordinate>
			<type>rectangle</type>
			<description>None</description>
			<possibleresult>
				<name>Van</name>
			</possibleresult>
			<points>
				<point>418.000000,889.000000</point>
				<point>412.000000,894.000000</point>
				<point>400.000000,877.000000</point>
				<point>407.000000,872.000000</point>
				<point>418.000000,889.000000</point>
			</points>
		</object>
		<object>
			<coordinate>pixel</coordinate>
			<type>rectangle</type>
			<description>None</description>
			<possibleresult>
				<name>Small Car</name>
			</possibleresult>
			<points>
				<point>499.000000,833.000000</point>
				<point>484.000000,847.000000</point>
				<point>478.000000,841.000000</point>
				<point>492.000000,827.000000</point>
				<point>499.000000,833.000000</point>
			</points>
		</object>
		<object>
			<coordinate>pixel</coordinate>
			<type>rectangle</type>
			<description>None</description>
			<possibleresult>
				<name>Van</name>
			</possibleresult>
			<points>
				<point>508.000000,840.000000</point>
				<point>495.000000,854.000000</point>
				<point>488.000000,847.000000</point>
				<point>501.000000,834.000000</point>
				<point>508.000000,840.000000</point>
			</points>
		</object>
		<object>
			<coordinate>pixel</coordinate>
			<type>rectangle</type>
			<description>None</description>
			<possibleresult>
				<name>Small Car</name>
			</possibleresult>
			<points>
				<point>484.000000,828.000000</point>
				<point>471.000000,841.000000</point>
				<point>465.000000,835.000000</point>
				<point>479.000000,822.000000</point>
				<point>484.000000,828.000000</point>
			</points>
		</object>
		<object>
			<coordinate>pixel</coordinate>
			<type>rectangle</type>
			<description>None</description>
			<possibleresult>
				<name>Motorboat</name>
			</possibleresult>
			<points>
				<point>888.000000,497.000000</point>
				<point>886.000000,509.000000</point>
				<point>851.000000,505.000000</point>
				<point>853.000000,493.000000</point>
				<point>888.000000,497.000000</point>
			</points>
		</object>
		<object>
			<coordinate>pixel</coordinate>
			<type>rectangle</type>
			<description>None</description>
			<possibleresult>
				<name>Van</name>
			</possibleresult>
			<points>
				<point>832.000000,741.000000</point>
				<point>811.000000,741.000000</point>
				<point>812.000000,732.000000</point>
				<point>832.000000,733.000000</point>
				<point>832.000000,741.000000</point>
			</points>
		</object>
	</objects>
</annotation>