<?xml version="1.0" encoding="utf-8"?>
<annotation>
	<source>
		<filename>9219.tif</filename>
		<origin>GF2/GF3</origin>
	</source>
	<research>
		<version>1.0</version>
		<provider>FAIR1M</provider>
		<author>Cyber</author>
		<pluginname>FAIR1M</pluginname>
		<pluginclass>object detection</pluginclass>
		<time>2021-07-21</time>
	</research>
	<size>
		<width>1000</width>
		<height>1000</height>
		<depth>3</depth>
	</size>
	<objects>
		<object>
			<coordinate>pixel</coordinate>
			<type>rectangle</type>
			<description>None</description>
			<possibleresult>
				<name>Fishing Boat</name>
			</possibleresult>
			<points>
				<point>574.000000,689.000000</point>
				<point>576.000000,712.000000</point>
				<point>584.000000,711.000000</point>
				<point>582.000000,688.000000</point>
				<point>574.000000,689.000000</point>
			</points>
		</object>
		<object>
			<coordinate>pixel</coordinate>
			<type>rectangle</type>
			<description>None</description>
			<possibleresult>
				<name>Fishing Boat</name>
			</possibleresult>
			<points>
				<point>658.000000,739.000000</point>
				<point>719.000000,736.000000</point>
				<point>719.000000,724.000000</point>
				<point>658.000000,727.000000</point>
				<point>658.000000,739.000000</point>
			</points>
		</object>
		<object>
			<coordinate>pixel</coordinate>
			<type>rectangle</type>
			<description>None</description>
			<possibleresult>
				<name>Fishing Boat</name>
			</possibleresult>
			<points>
				<point>944.000000,727.000000</point>
				<point>999.000000,724.000000</point>
				<point>999.000000,712.000000</point>
				<point>944.000000,715.000000</point>
				<point>944.000000,727.000000</point>
			</points>
		</object>
	</objects>
</annotation>