<?xml version="1.0" encoding="utf-8"?>
<annotation>
	<source>
		<filename>9244.tif</filename>
		<origin>GF2/GF3</origin>
	</source>
	<research>
		<version>1.0</version>
		<provider>FAIR1M</provider>
		<author>Cyber</author>
		<pluginname>FAIR1M</pluginname>
		<pluginclass>object detection</pluginclass>
		<time>2021-07-21</time>
	</research>
	<size>
		<width>1000</width>
		<height>1000</height>
		<depth>3</depth>
	</size>
	<objects>
		<object>
			<coordinate>pixel</coordinate>
			<type>rectangle</type>
			<description>None</description>
			<possibleresult>
				<name>Small Car</name>
			</possibleresult>
			<points>
				<point>128.000000,321.000000</point>
				<point>107.000000,320.000000</point>
				<point>108.000000,314.000000</point>
				<point>128.000000,315.000000</point>
				<point>128.000000,321.000000</point>
			</points>
		</object>
		<object>
			<coordinate>pixel</coordinate>
			<type>rectangle</type>
			<description>None</description>
			<possibleresult>
				<name>Small Car</name>
			</possibleresult>
			<points>
				<point>164.000000,183.000000</point>
				<point>143.000000,183.000000</point>
				<point>143.000000,177.000000</point>
				<point>164.000000,177.000000</point>
				<point>164.000000,183.000000</point>
			</points>
		</object>
		<object>
			<coordinate>pixel</coordinate>
			<type>rectangle</type>
			<description>None</description>
			<possibleresult>
				<name>Dump Truck</name>
			</possibleresult>
			<points>
				<point>168.000000,210.000000</point>
				<point>146.000000,209.000000</point>
				<point>147.000000,203.000000</point>
				<point>168.000000,204.000000</point>
				<point>168.000000,210.000000</point>
			</points>
		</object>
		<object>
			<coordinate>pixel</coordinate>
			<type>rectangle</type>
			<description>None</description>
			<possibleresult>
				<name>Van</name>
			</possibleresult>
			<points>
				<point>228.000000,242.000000</point>
				<point>225.000000,247.000000</point>
				<point>207.000000,239.000000</point>
				<point>210.000000,234.000000</point>
				<point>228.000000,242.000000</point>
			</points>
		</object>
		<object>
			<coordinate>pixel</coordinate>
			<type>rectangle</type>
			<description>None</description>
			<possibleresult>
				<name>Van</name>
			</possibleresult>
			<points>
				<point>226.000000,228.000000</point>
				<point>223.000000,234.000000</point>
				<point>206.000000,226.000000</point>
				<point>209.000000,220.000000</point>
				<point>226.000000,228.000000</point>
			</points>
		</object>
		<object>
			<coordinate>pixel</coordinate>
			<type>rectangle</type>
			<description>None</description>
			<possibleresult>
				<name>Van</name>
			</possibleresult>
			<points>
				<point>226.000000,209.000000</point>
				<point>223.000000,214.000000</point>
				<point>209.000000,206.000000</point>
				<point>212.000000,201.000000</point>
				<point>226.000000,209.000000</point>
			</points>
		</object>
		<object>
			<coordinate>pixel</coordinate>
			<type>rectangle</type>
			<description>None</description>
			<possibleresult>
				<name>Van</name>
			</possibleresult>
			<points>
				<point>225.000000,198.000000</point>
				<point>223.000000,203.000000</point>
				<point>204.000000,195.000000</point>
				<point>207.000000,190.000000</point>
				<point>225.000000,198.000000</point>
			</points>
		</object>
		<object>
			<coordinate>pixel</coordinate>
			<type>rectangle</type>
			<description>None</description>
			<possibleresult>
				<name>Small Car</name>
			</possibleresult>
			<points>
				<point>229.000000,187.000000</point>
				<point>226.000000,193.000000</point>
				<point>206.000000,183.000000</point>
				<point>209.000000,178.000000</point>
				<point>229.000000,187.000000</point>
			</points>
		</object>
		<object>
			<coordinate>pixel</coordinate>
			<type>rectangle</type>
			<description>None</description>
			<possibleresult>
				<name>Van</name>
			</possibleresult>
			<points>
				<point>225.000000,177.000000</point>
				<point>222.000000,182.000000</point>
				<point>203.000000,172.000000</point>
				<point>206.000000,167.000000</point>
				<point>225.000000,177.000000</point>
			</points>
		</object>
		<object>
			<coordinate>pixel</coordinate>
			<type>rectangle</type>
			<description>None</description>
			<possibleresult>
				<name>Small Car</name>
			</possibleresult>
			<points>
				<point>223.000000,165.000000</point>
				<point>221.000000,170.000000</point>
				<point>206.000000,163.000000</point>
				<point>208.000000,158.000000</point>
				<point>223.000000,165.000000</point>
			</points>
		</object>
		<object>
			<coordinate>pixel</coordinate>
			<type>rectangle</type>
			<description>None</description>
			<possibleresult>
				<name>Van</name>
			</possibleresult>
			<points>
				<point>947.000000,727.000000</point>
				<point>925.000000,727.000000</point>
				<point>925.000000,720.000000</point>
				<point>947.000000,721.000000</point>
				<point>947.000000,727.000000</point>
			</points>
		</object>
		<object>
			<coordinate>pixel</coordinate>
			<type>rectangle</type>
			<description>None</description>
			<possibleresult>
				<name>Van</name>
			</possibleresult>
			<points>
				<point>951.000000,739.000000</point>
				<point>927.000000,738.000000</point>
				<point>927.000000,731.000000</point>
				<point>951.000000,731.000000</point>
				<point>951.000000,739.000000</point>
			</points>
		</object>
		<object>
			<coordinate>pixel</coordinate>
			<type>rectangle</type>
			<description>None</description>
			<possibleresult>
				<name>Van</name>
			</possibleresult>
			<points>
				<point>947.000000,748.000000</point>
				<point>925.000000,747.000000</point>
				<point>925.000000,742.000000</point>
				<point>947.000000,742.000000</point>
				<point>947.000000,748.000000</point>
			</points>
		</object>
		<object>
			<coordinate>pixel</coordinate>
			<type>rectangle</type>
			<description>None</description>
			<possibleresult>
				<name>Small Car</name>
			</possibleresult>
			<points>
				<point>897.000000,667.000000</point>
				<point>881.000000,676.000000</point>
				<point>877.000000,670.000000</point>
				<point>893.000000,661.000000</point>
				<point>897.000000,667.000000</point>
			</points>
		</object>
		<object>
			<coordinate>pixel</coordinate>
			<type>rectangle</type>
			<description>None</description>
			<possibleresult>
				<name>Van</name>
			</possibleresult>
			<points>
				<point>892.000000,686.000000</point>
				<point>875.000000,697.000000</point>
				<point>871.000000,690.000000</point>
				<point>888.000000,680.000000</point>
				<point>892.000000,686.000000</point>
			</points>
		</object>
		<object>
			<coordinate>pixel</coordinate>
			<type>rectangle</type>
			<description>None</description>
			<possibleresult>
				<name>Van</name>
			</possibleresult>
			<points>
				<point>897.000000,699.000000</point>
				<point>878.000000,713.000000</point>
				<point>873.000000,706.000000</point>
				<point>892.000000,692.000000</point>
				<point>897.000000,699.000000</point>
			</points>
		</object>
		<object>
			<coordinate>pixel</coordinate>
			<type>rectangle</type>
			<description>None</description>
			<possibleresult>
				<name>Small Car</name>
			</possibleresult>
			<points>
				<point>900.000000,728.000000</point>
				<point>880.000000,741.000000</point>
				<point>877.000000,735.000000</point>
				<point>896.000000,723.000000</point>
				<point>900.000000,728.000000</point>
			</points>
		</object>
		<object>
			<coordinate>pixel</coordinate>
			<type>rectangle</type>
			<description>None</description>
			<possibleresult>
				<name>Van</name>
			</possibleresult>
			<points>
				<point>894.000000,753.000000</point>
				<point>875.000000,763.000000</point>
				<point>872.000000,756.000000</point>
				<point>891.000000,747.000000</point>
				<point>894.000000,753.000000</point>
			</points>
		</object>
		<object>
			<coordinate>pixel</coordinate>
			<type>rectangle</type>
			<description>None</description>
			<possibleresult>
				<name>Small Car</name>
			</possibleresult>
			<points>
				<point>897.000000,776.000000</point>
				<point>880.000000,783.000000</point>
				<point>877.000000,776.000000</point>
				<point>894.000000,768.000000</point>
				<point>897.000000,776.000000</point>
			</points>
		</object>
		<object>
			<coordinate>pixel</coordinate>
			<type>rectangle</type>
			<description>None</description>
			<possibleresult>
				<name>Small Car</name>
			</possibleresult>
			<points>
				<point>900.000000,784.000000</point>
				<point>878.000000,794.000000</point>
				<point>875.000000,788.000000</point>
				<point>898.000000,778.000000</point>
				<point>900.000000,784.000000</point>
			</points>
		</object>
		<object>
			<coordinate>pixel</coordinate>
			<type>rectangle</type>
			<description>None</description>
			<possibleresult>
				<name>Small Car</name>
			</possibleresult>
			<points>
				<point>843.000000,768.000000</point>
				<point>841.000000,773.000000</point>
				<point>821.000000,765.000000</point>
				<point>824.000000,759.000000</point>
				<point>843.000000,768.000000</point>
			</points>
		</object>
		<object>
			<coordinate>pixel</coordinate>
			<type>rectangle</type>
			<description>None</description>
			<possibleresult>
				<name>Van</name>
			</possibleresult>
			<points>
				<point>723.000000,647.000000</point>
				<point>710.000000,659.000000</point>
				<point>705.000000,654.000000</point>
				<point>717.000000,642.000000</point>
				<point>723.000000,647.000000</point>
			</points>
		</object>
		<object>
			<coordinate>pixel</coordinate>
			<type>rectangle</type>
			<description>None</description>
			<possibleresult>
				<name>Van</name>
			</possibleresult>
			<points>
				<point>703.000000,929.000000</point>
				<point>682.000000,930.000000</point>
				<point>681.000000,924.000000</point>
				<point>702.000000,923.000000</point>
				<point>703.000000,929.000000</point>
			</points>
		</object>
		<object>
			<coordinate>pixel</coordinate>
			<type>rectangle</type>
			<description>None</description>
			<possibleresult>
				<name>Small Car</name>
			</possibleresult>
			<points>
				<point>715.000000,282.000000</point>
				<point>699.000000,292.000000</point>
				<point>695.000000,285.000000</point>
				<point>710.000000,275.000000</point>
				<point>715.000000,282.000000</point>
			</points>
		</object>
		<object>
			<coordinate>pixel</coordinate>
			<type>rectangle</type>
			<description>None</description>
			<possibleresult>
				<name>Dump Truck</name>
			</possibleresult>
			<points>
				<point>699.000000,365.000000</point>
				<point>689.000000,380.000000</point>
				<point>682.000000,375.000000</point>
				<point>692.000000,360.000000</point>
				<point>699.000000,365.000000</point>
			</points>
		</object>
		<object>
			<coordinate>pixel</coordinate>
			<type>rectangle</type>
			<description>None</description>
			<possibleresult>
				<name>Small Car</name>
			</possibleresult>
			<points>
				<point>653.000000,404.000000</point>
				<point>644.000000,416.000000</point>
				<point>638.000000,412.000000</point>
				<point>647.000000,400.000000</point>
				<point>653.000000,404.000000</point>
			</points>
		</object>
		<object>
			<coordinate>pixel</coordinate>
			<type>rectangle</type>
			<description>None</description>
			<possibleresult>
				<name>Van</name>
			</possibleresult>
			<points>
				<point>601.000000,483.000000</point>
				<point>587.000000,504.000000</point>
				<point>579.000000,498.000000</point>
				<point>593.000000,478.000000</point>
				<point>601.000000,483.000000</point>
			</points>
		</object>
		<object>
			<coordinate>pixel</coordinate>
			<type>rectangle</type>
			<description>None</description>
			<possibleresult>
				<name>Van</name>
			</possibleresult>
			<points>
				<point>577.000000,578.000000</point>
				<point>571.000000,589.000000</point>
				<point>564.000000,586.000000</point>
				<point>570.000000,574.000000</point>
				<point>577.000000,578.000000</point>
			</points>
		</object>
		<object>
			<coordinate>pixel</coordinate>
			<type>rectangle</type>
			<description>None</description>
			<possibleresult>
				<name>Small Car</name>
			</possibleresult>
			<points>
				<point>540.000000,581.000000</point>
				<point>534.000000,595.000000</point>
				<point>526.000000,592.000000</point>
				<point>533.000000,577.000000</point>
				<point>540.000000,581.000000</point>
			</points>
		</object>
		<object>
			<coordinate>pixel</coordinate>
			<type>rectangle</type>
			<description>None</description>
			<possibleresult>
				<name>Dump Truck</name>
			</possibleresult>
			<points>
				<point>687.000000,7.000000</point>
				<point>664.000000,8.000000</point>
				<point>664.000000,1.000000</point>
				<point>687.000000,1.000000</point>
				<point>687.000000,7.000000</point>
			</points>
		</object>
		<object>
			<coordinate>pixel</coordinate>
			<type>rectangle</type>
			<description>None</description>
			<possibleresult>
				<name>Van</name>
			</possibleresult>
			<points>
				<point>686.000000,27.000000</point>
				<point>667.000000,27.000000</point>
				<point>666.000000,21.000000</point>
				<point>686.000000,20.000000</point>
				<point>686.000000,27.000000</point>
			</points>
		</object>
		<object>
			<coordinate>pixel</coordinate>
			<type>rectangle</type>
			<description>None</description>
			<possibleresult>
				<name>Small Car</name>
			</possibleresult>
			<points>
				<point>687.000000,35.000000</point>
				<point>666.000000,37.000000</point>
				<point>665.000000,30.000000</point>
				<point>687.000000,29.000000</point>
				<point>687.000000,35.000000</point>
			</points>
		</object>
		<object>
			<coordinate>pixel</coordinate>
			<type>rectangle</type>
			<description>None</description>
			<possibleresult>
				<name>Small Car</name>
			</possibleresult>
			<points>
				<point>631.000000,108.000000</point>
				<point>622.000000,108.000000</point>
				<point>621.000000,87.000000</point>
				<point>631.000000,87.000000</point>
				<point>631.000000,108.000000</point>
			</points>
		</object>
		<object>
			<coordinate>pixel</coordinate>
			<type>rectangle</type>
			<description>None</description>
			<possibleresult>
				<name>Small Car</name>
			</possibleresult>
			<points>
				<point>571.000000,104.000000</point>
				<point>563.000000,104.000000</point>
				<point>563.000000,86.000000</point>
				<point>571.000000,86.000000</point>
				<point>571.000000,104.000000</point>
			</points>
		</object>
		<object>
			<coordinate>pixel</coordinate>
			<type>rectangle</type>
			<description>None</description>
			<possibleresult>
				<name>Small Car</name>
			</possibleresult>
			<points>
				<point>559.000000,91.000000</point>
				<point>558.000000,103.000000</point>
				<point>552.000000,103.000000</point>
				<point>552.000000,90.000000</point>
				<point>559.000000,91.000000</point>
			</points>
		</object>
		<object>
			<coordinate>pixel</coordinate>
			<type>rectangle</type>
			<description>None</description>
			<possibleresult>
				<name>Small Car</name>
			</possibleresult>
			<points>
				<point>527.000000,86.000000</point>
				<point>525.000000,103.000000</point>
				<point>516.000000,102.000000</point>
				<point>519.000000,85.000000</point>
				<point>527.000000,86.000000</point>
			</points>
		</object>
		<object>
			<coordinate>pixel</coordinate>
			<type>rectangle</type>
			<description>None</description>
			<possibleresult>
				<name>Small Car</name>
			</possibleresult>
			<points>
				<point>497.000000,103.000000</point>
				<point>490.000000,103.000000</point>
				<point>490.000000,88.000000</point>
				<point>497.000000,89.000000</point>
				<point>497.000000,103.000000</point>
			</points>
		</object>
		<object>
			<coordinate>pixel</coordinate>
			<type>rectangle</type>
			<description>None</description>
			<possibleresult>
				<name>Small Car</name>
			</possibleresult>
			<points>
				<point>444.000000,5.000000</point>
				<point>443.000000,12.000000</point>
				<point>430.000000,11.000000</point>
				<point>430.000000,5.000000</point>
				<point>444.000000,5.000000</point>
			</points>
		</object>
		<object>
			<coordinate>pixel</coordinate>
			<type>rectangle</type>
			<description>None</description>
			<possibleresult>
				<name>Small Car</name>
			</possibleresult>
			<points>
				<point>445.000000,56.000000</point>
				<point>432.000000,56.000000</point>
				<point>432.000000,50.000000</point>
				<point>445.000000,50.000000</point>
				<point>445.000000,56.000000</point>
			</points>
		</object>
		<object>
			<coordinate>pixel</coordinate>
			<type>rectangle</type>
			<description>None</description>
			<possibleresult>
				<name>Small Car</name>
			</possibleresult>
			<points>
				<point>622.000000,327.000000</point>
				<point>603.000000,327.000000</point>
				<point>603.000000,320.000000</point>
				<point>622.000000,321.000000</point>
				<point>622.000000,327.000000</point>
			</points>
		</object>
		<object>
			<coordinate>pixel</coordinate>
			<type>rectangle</type>
			<description>None</description>
			<possibleresult>
				<name>Small Car</name>
			</possibleresult>
			<points>
				<point>606.000000,340.000000</point>
				<point>587.000000,341.000000</point>
				<point>586.000000,334.000000</point>
				<point>605.000000,334.000000</point>
				<point>606.000000,340.000000</point>
			</points>
		</object>
		<object>
			<coordinate>pixel</coordinate>
			<type>rectangle</type>
			<description>None</description>
			<possibleresult>
				<name>Small Car</name>
			</possibleresult>
			<points>
				<point>587.000000,318.000000</point>
				<point>563.000000,318.000000</point>
				<point>563.000000,310.000000</point>
				<point>587.000000,311.000000</point>
				<point>587.000000,318.000000</point>
			</points>
		</object>
		<object>
			<coordinate>pixel</coordinate>
			<type>rectangle</type>
			<description>None</description>
			<possibleresult>
				<name>Small Car</name>
			</possibleresult>
			<points>
				<point>490.000000,300.000000</point>
				<point>489.000000,306.000000</point>
				<point>472.000000,305.000000</point>
				<point>473.000000,299.000000</point>
				<point>490.000000,300.000000</point>
			</points>
		</object>
		<object>
			<coordinate>pixel</coordinate>
			<type>rectangle</type>
			<description>None</description>
			<possibleresult>
				<name>Small Car</name>
			</possibleresult>
			<points>
				<point>435.000000,283.000000</point>
				<point>427.000000,283.000000</point>
				<point>427.000000,268.000000</point>
				<point>435.000000,268.000000</point>
				<point>435.000000,283.000000</point>
			</points>
		</object>
		<object>
			<coordinate>pixel</coordinate>
			<type>rectangle</type>
			<description>None</description>
			<possibleresult>
				<name>Van</name>
			</possibleresult>
			<points>
				<point>525.000000,191.000000</point>
				<point>507.000000,201.000000</point>
				<point>503.000000,196.000000</point>
				<point>521.000000,185.000000</point>
				<point>525.000000,191.000000</point>
			</points>
		</object>
		<object>
			<coordinate>pixel</coordinate>
			<type>rectangle</type>
			<description>None</description>
			<possibleresult>
				<name>Van</name>
			</possibleresult>
			<points>
				<point>468.000000,175.000000</point>
				<point>450.000000,176.000000</point>
				<point>450.000000,170.000000</point>
				<point>468.000000,170.000000</point>
				<point>468.000000,175.000000</point>
			</points>
		</object>
		<object>
			<coordinate>pixel</coordinate>
			<type>rectangle</type>
			<description>None</description>
			<possibleresult>
				<name>Small Car</name>
			</possibleresult>
			<points>
				<point>472.000000,193.000000</point>
				<point>453.000000,193.000000</point>
				<point>453.000000,186.000000</point>
				<point>471.000000,186.000000</point>
				<point>472.000000,193.000000</point>
			</points>
		</object>
		<object>
			<coordinate>pixel</coordinate>
			<type>rectangle</type>
			<description>None</description>
			<possibleresult>
				<name>Small Car</name>
			</possibleresult>
			<points>
				<point>473.000000,212.000000</point>
				<point>454.000000,212.000000</point>
				<point>454.000000,206.000000</point>
				<point>473.000000,206.000000</point>
				<point>473.000000,212.000000</point>
			</points>
		</object>
		<object>
			<coordinate>pixel</coordinate>
			<type>rectangle</type>
			<description>None</description>
			<possibleresult>
				<name>Intersection</name>
			</possibleresult>
			<points>
				<point>846.000000,352.000000</point>
				<point>639.000000,361.000000</point>
				<point>637.000000,288.000000</point>
				<point>844.000000,279.000000</point>
				<point>846.000000,352.000000</point>
			</points>
		</object>
		<object>
			<coordinate>pixel</coordinate>
			<type>rectangle</type>
			<description>None</description>
			<possibleresult>
				<name>Small Car</name>
			</possibleresult>
			<points>
				<point>982.000000,508.000000</point>
				<point>981.000000,527.000000</point>
				<point>972.000000,526.000000</point>
				<point>973.000000,508.000000</point>
				<point>982.000000,508.000000</point>
			</points>
		</object>
		<object>
			<coordinate>pixel</coordinate>
			<type>rectangle</type>
			<description>None</description>
			<possibleresult>
				<name>Van</name>
			</possibleresult>
			<points>
				<point>974.000000,648.000000</point>
				<point>973.000000,664.000000</point>
				<point>966.000000,664.000000</point>
				<point>967.000000,648.000000</point>
				<point>974.000000,648.000000</point>
			</points>
		</object>
	</objects>
</annotation>