<?xml version="1.0" encoding="utf-8"?>
<annotation>
	<source>
		<filename>9263.tif</filename>
		<origin>GF2/GF3</origin>
	</source>
	<research>
		<version>1.0</version>
		<provider>FAIR1M</provider>
		<author>Cyber</author>
		<pluginname>FAIR1M</pluginname>
		<pluginclass>object detection</pluginclass>
		<time>2021-07-21</time>
	</research>
	<size>
		<width>1000</width>
		<height>1000</height>
		<depth>3</depth>
	</size>
	<objects>
		<object>
			<coordinate>pixel</coordinate>
			<type>rectangle</type>
			<description>None</description>
			<possibleresult>
				<name>other-airplane</name>
			</possibleresult>
			<points>
				<point>549.000000,387.000000</point>
				<point>571.000000,422.000000</point>
				<point>612.000000,396.000000</point>
				<point>591.000000,361.000000</point>
				<point>549.000000,387.000000</point>
			</points>
		</object>
		<object>
			<coordinate>pixel</coordinate>
			<type>rectangle</type>
			<description>None</description>
			<possibleresult>
				<name>A220</name>
			</possibleresult>
			<points>
				<point>396.000000,486.000000</point>
				<point>421.000000,528.000000</point>
				<point>460.000000,505.000000</point>
				<point>434.000000,463.000000</point>
				<point>396.000000,486.000000</point>
			</points>
		</object>
		<object>
			<coordinate>pixel</coordinate>
			<type>rectangle</type>
			<description>None</description>
			<possibleresult>
				<name>A220</name>
			</possibleresult>
			<points>
				<point>313.000000,538.000000</point>
				<point>337.000000,578.000000</point>
				<point>373.000000,556.000000</point>
				<point>349.000000,516.000000</point>
				<point>313.000000,538.000000</point>
			</points>
		</object>
		<object>
			<coordinate>pixel</coordinate>
			<type>rectangle</type>
			<description>None</description>
			<possibleresult>
				<name>Boeing737</name>
			</possibleresult>
			<points>
				<point>245.000000,596.000000</point>
				<point>269.000000,637.000000</point>
				<point>310.000000,614.000000</point>
				<point>286.000000,572.000000</point>
				<point>245.000000,596.000000</point>
			</points>
		</object>
		<object>
			<coordinate>pixel</coordinate>
			<type>rectangle</type>
			<description>None</description>
			<possibleresult>
				<name>Boeing737</name>
			</possibleresult>
			<points>
				<point>194.000000,632.000000</point>
				<point>217.000000,671.000000</point>
				<point>258.000000,648.000000</point>
				<point>235.000000,608.000000</point>
				<point>194.000000,632.000000</point>
			</points>
		</object>
		<object>
			<coordinate>pixel</coordinate>
			<type>rectangle</type>
			<description>None</description>
			<possibleresult>
				<name>Boeing737</name>
			</possibleresult>
			<points>
				<point>64.000000,716.000000</point>
				<point>88.000000,756.000000</point>
				<point>127.000000,732.000000</point>
				<point>103.000000,692.000000</point>
				<point>64.000000,716.000000</point>
			</points>
		</object>
		<object>
			<coordinate>pixel</coordinate>
			<type>rectangle</type>
			<description>None</description>
			<possibleresult>
				<name>Intersection</name>
			</possibleresult>
			<points>
				<point>874.000000,154.000000</point>
				<point>918.000000,127.000000</point>
				<point>904.000000,106.000000</point>
				<point>861.000000,133.000000</point>
				<point>874.000000,154.000000</point>
			</points>
		</object>
	</objects>
</annotation>