<?xml version="1.0" encoding="utf-8"?>
<annotation>
	<source>
		<filename>9273.tif</filename>
		<origin>GF2/GF3</origin>
	</source>
	<research>
		<version>1.0</version>
		<provider>FAIR1M</provider>
		<author>Cyber</author>
		<pluginname>FAIR1M</pluginname>
		<pluginclass>object detection</pluginclass>
		<time>2021-07-21</time>
	</research>
	<size>
		<width>1000</width>
		<height>1000</height>
		<depth>3</depth>
	</size>
	<objects>
		<object>
			<coordinate>pixel</coordinate>
			<type>rectangle</type>
			<description>None</description>
			<possibleresult>
				<name>Boeing737</name>
			</possibleresult>
			<points>
				<point>459.000000,726.000000</point>
				<point>415.000000,750.000000</point>
				<point>437.000000,790.000000</point>
				<point>481.000000,766.000000</point>
				<point>459.000000,726.000000</point>
			</points>
		</object>
		<object>
			<coordinate>pixel</coordinate>
			<type>rectangle</type>
			<description>None</description>
			<possibleresult>
				<name>A330</name>
			</possibleresult>
			<points>
				<point>420.000000,632.000000</point>
				<point>355.000000,665.000000</point>
				<point>391.000000,734.000000</point>
				<point>455.000000,701.000000</point>
				<point>420.000000,632.000000</point>
			</points>
		</object>
		<object>
			<coordinate>pixel</coordinate>
			<type>rectangle</type>
			<description>None</description>
			<possibleresult>
				<name>A330</name>
			</possibleresult>
			<points>
				<point>336.000000,482.000000</point>
				<point>264.000000,520.000000</point>
				<point>300.000000,588.000000</point>
				<point>373.000000,550.000000</point>
				<point>336.000000,482.000000</point>
			</points>
		</object>
		<object>
			<coordinate>pixel</coordinate>
			<type>rectangle</type>
			<description>None</description>
			<possibleresult>
				<name>Boeing737</name>
			</possibleresult>
			<points>
				<point>207.000000,274.000000</point>
				<point>161.000000,300.000000</point>
				<point>183.000000,340.000000</point>
				<point>229.000000,313.000000</point>
				<point>207.000000,274.000000</point>
			</points>
		</object>
	</objects>
</annotation>