<?xml version="1.0" encoding="utf-8"?>
<annotation>
	<source>
		<filename>9400.tif</filename>
		<origin>GF2/GF3</origin>
	</source>
	<research>
		<version>1.0</version>
		<provider>FAIR1M</provider>
		<author>Cyber</author>
		<pluginname>FAIR1M</pluginname>
		<pluginclass>object detection</pluginclass>
		<time>2021-07-21</time>
	</research>
	<size>
		<width>800</width>
		<height>600</height>
		<depth>4</depth>
	</size>
	<objects>
		<object>
			<coordinate>pixel</coordinate>
			<type>rectangle</type>
			<description>None</description>
			<possibleresult>
				<name>Van</name>
			</possibleresult>
			<points>
				<point>722.000000,310.000000</point>
				<point>702.000000,308.000000</point>
				<point>703.000000,302.000000</point>
				<point>722.000000,304.000000</point>
				<point>722.000000,310.000000</point>
			</points>
		</object>
		<object>
			<coordinate>pixel</coordinate>
			<type>rectangle</type>
			<description>None</description>
			<possibleresult>
				<name>Small Car</name>
			</possibleresult>
			<points>
				<point>678.000000,236.000000</point>
				<point>656.000000,238.000000</point>
				<point>655.000000,231.000000</point>
				<point>678.000000,230.000000</point>
				<point>678.000000,236.000000</point>
			</points>
		</object>
		<object>
			<coordinate>pixel</coordinate>
			<type>rectangle</type>
			<description>None</description>
			<possibleresult>
				<name>Van</name>
			</possibleresult>
			<points>
				<point>13.000000,544.000000</point>
				<point>0.000000,546.000000</point>
				<point>0.000000,539.000000</point>
				<point>12.000000,537.000000</point>
				<point>13.000000,544.000000</point>
			</points>
		</object>
		<object>
			<coordinate>pixel</coordinate>
			<type>rectangle</type>
			<description>None</description>
			<possibleresult>
				<name>Small Car</name>
			</possibleresult>
			<points>
				<point>16.000000,550.000000</point>
				<point>0.000000,556.000000</point>
				<point>0.000000,548.000000</point>
				<point>14.000000,544.000000</point>
				<point>16.000000,550.000000</point>
			</points>
		</object>
		<object>
			<coordinate>pixel</coordinate>
			<type>rectangle</type>
			<description>None</description>
			<possibleresult>
				<name>Small Car</name>
			</possibleresult>
			<points>
				<point>18.000000,572.000000</point>
				<point>0.000000,574.000000</point>
				<point>0.000000,566.000000</point>
				<point>18.000000,565.000000</point>
				<point>18.000000,572.000000</point>
			</points>
		</object>
		<object>
			<coordinate>pixel</coordinate>
			<type>rectangle</type>
			<description>None</description>
			<possibleresult>
				<name>Small Car</name>
			</possibleresult>
			<points>
				<point>25.000000,590.000000</point>
				<point>2.000000,592.000000</point>
				<point>1.000000,586.000000</point>
				<point>24.000000,583.000000</point>
				<point>25.000000,590.000000</point>
			</points>
		</object>
		<object>
			<coordinate>pixel</coordinate>
			<type>rectangle</type>
			<description>None</description>
			<possibleresult>
				<name>Van</name>
			</possibleresult>
			<points>
				<point>51.000000,396.000000</point>
				<point>44.000000,399.000000</point>
				<point>40.000000,385.000000</point>
				<point>46.000000,382.000000</point>
				<point>51.000000,396.000000</point>
			</points>
		</object>
		<object>
			<coordinate>pixel</coordinate>
			<type>rectangle</type>
			<description>None</description>
			<possibleresult>
				<name>Van</name>
			</possibleresult>
			<points>
				<point>67.000000,365.000000</point>
				<point>60.000000,366.000000</point>
				<point>58.000000,352.000000</point>
				<point>65.000000,351.000000</point>
				<point>67.000000,365.000000</point>
			</points>
		</object>
		<object>
			<coordinate>pixel</coordinate>
			<type>rectangle</type>
			<description>None</description>
			<possibleresult>
				<name>Small Car</name>
			</possibleresult>
			<points>
				<point>55.000000,369.000000</point>
				<point>46.000000,371.000000</point>
				<point>44.000000,355.000000</point>
				<point>53.000000,354.000000</point>
				<point>55.000000,369.000000</point>
			</points>
		</object>
		<object>
			<coordinate>pixel</coordinate>
			<type>rectangle</type>
			<description>None</description>
			<possibleresult>
				<name>Small Car</name>
			</possibleresult>
			<points>
				<point>37.000000,218.000000</point>
				<point>24.000000,224.000000</point>
				<point>20.000000,217.000000</point>
				<point>34.000000,211.000000</point>
				<point>37.000000,218.000000</point>
			</points>
		</object>
		<object>
			<coordinate>pixel</coordinate>
			<type>rectangle</type>
			<description>None</description>
			<possibleresult>
				<name>Small Car</name>
			</possibleresult>
			<points>
				<point>716.000000,599.000000</point>
				<point>708.000000,600.000000</point>
				<point>708.000000,587.000000</point>
				<point>716.000000,587.000000</point>
				<point>716.000000,599.000000</point>
			</points>
		</object>
		<object>
			<coordinate>pixel</coordinate>
			<type>rectangle</type>
			<description>None</description>
			<possibleresult>
				<name>Van</name>
			</possibleresult>
			<points>
				<point>726.000000,565.000000</point>
				<point>703.000000,567.000000</point>
				<point>702.000000,560.000000</point>
				<point>725.000000,558.000000</point>
				<point>726.000000,565.000000</point>
			</points>
		</object>
		<object>
			<coordinate>pixel</coordinate>
			<type>rectangle</type>
			<description>None</description>
			<possibleresult>
				<name>Small Car</name>
			</possibleresult>
			<points>
				<point>778.000000,527.000000</point>
				<point>769.000000,526.000000</point>
				<point>769.000000,509.000000</point>
				<point>778.000000,509.000000</point>
				<point>778.000000,527.000000</point>
			</points>
		</object>
		<object>
			<coordinate>pixel</coordinate>
			<type>rectangle</type>
			<description>None</description>
			<possibleresult>
				<name>Van</name>
			</possibleresult>
			<points>
				<point>749.000000,530.000000</point>
				<point>742.000000,531.000000</point>
				<point>741.000000,514.000000</point>
				<point>748.000000,514.000000</point>
				<point>749.000000,530.000000</point>
			</points>
		</object>
		<object>
			<coordinate>pixel</coordinate>
			<type>rectangle</type>
			<description>None</description>
			<possibleresult>
				<name>Van</name>
			</possibleresult>
			<points>
				<point>660.000000,543.000000</point>
				<point>652.000000,545.000000</point>
				<point>649.000000,530.000000</point>
				<point>657.000000,528.000000</point>
				<point>660.000000,543.000000</point>
			</points>
		</object>
		<object>
			<coordinate>pixel</coordinate>
			<type>rectangle</type>
			<description>None</description>
			<possibleresult>
				<name>Van</name>
			</possibleresult>
			<points>
				<point>655.000000,528.000000</point>
				<point>647.000000,528.000000</point>
				<point>646.000000,512.000000</point>
				<point>654.000000,511.000000</point>
				<point>655.000000,528.000000</point>
			</points>
		</object>
		<object>
			<coordinate>pixel</coordinate>
			<type>rectangle</type>
			<description>None</description>
			<possibleresult>
				<name>Small Car</name>
			</possibleresult>
			<points>
				<point>729.000000,488.000000</point>
				<point>711.000000,489.000000</point>
				<point>710.000000,484.000000</point>
				<point>729.000000,483.000000</point>
				<point>729.000000,488.000000</point>
			</points>
		</object>
		<object>
			<coordinate>pixel</coordinate>
			<type>rectangle</type>
			<description>None</description>
			<possibleresult>
				<name>Small Car</name>
			</possibleresult>
			<points>
				<point>764.000000,462.000000</point>
				<point>746.000000,463.000000</point>
				<point>745.000000,457.000000</point>
				<point>763.000000,455.000000</point>
				<point>764.000000,462.000000</point>
			</points>
		</object>
		<object>
			<coordinate>pixel</coordinate>
			<type>rectangle</type>
			<description>None</description>
			<possibleresult>
				<name>Van</name>
			</possibleresult>
			<points>
				<point>612.000000,474.000000</point>
				<point>591.000000,475.000000</point>
				<point>591.000000,469.000000</point>
				<point>612.000000,468.000000</point>
				<point>612.000000,474.000000</point>
			</points>
		</object>
		<object>
			<coordinate>pixel</coordinate>
			<type>rectangle</type>
			<description>None</description>
			<possibleresult>
				<name>Small Car</name>
			</possibleresult>
			<points>
				<point>576.000000,477.000000</point>
				<point>559.000000,479.000000</point>
				<point>559.000000,474.000000</point>
				<point>576.000000,472.000000</point>
				<point>576.000000,477.000000</point>
			</points>
		</object>
		<object>
			<coordinate>pixel</coordinate>
			<type>rectangle</type>
			<description>None</description>
			<possibleresult>
				<name>Small Car</name>
			</possibleresult>
			<points>
				<point>506.000000,484.000000</point>
				<point>487.000000,485.000000</point>
				<point>487.000000,478.000000</point>
				<point>506.000000,477.000000</point>
				<point>506.000000,484.000000</point>
			</points>
		</object>
		<object>
			<coordinate>pixel</coordinate>
			<type>rectangle</type>
			<description>None</description>
			<possibleresult>
				<name>Small Car</name>
			</possibleresult>
			<points>
				<point>594.000000,500.000000</point>
				<point>577.000000,501.000000</point>
				<point>576.000000,496.000000</point>
				<point>594.000000,495.000000</point>
				<point>594.000000,500.000000</point>
			</points>
		</object>
		<object>
			<coordinate>pixel</coordinate>
			<type>rectangle</type>
			<description>None</description>
			<possibleresult>
				<name>Small Car</name>
			</possibleresult>
			<points>
				<point>575.000000,502.000000</point>
				<point>554.000000,503.000000</point>
				<point>553.000000,497.000000</point>
				<point>575.000000,496.000000</point>
				<point>575.000000,502.000000</point>
			</points>
		</object>
		<object>
			<coordinate>pixel</coordinate>
			<type>rectangle</type>
			<description>None</description>
			<possibleresult>
				<name>Cargo Truck</name>
			</possibleresult>
			<points>
				<point>513.000000,507.000000</point>
				<point>474.000000,508.000000</point>
				<point>473.000000,498.000000</point>
				<point>513.000000,497.000000</point>
				<point>513.000000,507.000000</point>
			</points>
		</object>
		<object>
			<coordinate>pixel</coordinate>
			<type>rectangle</type>
			<description>None</description>
			<possibleresult>
				<name>Van</name>
			</possibleresult>
			<points>
				<point>454.000000,488.000000</point>
				<point>433.000000,491.000000</point>
				<point>432.000000,484.000000</point>
				<point>453.000000,482.000000</point>
				<point>454.000000,488.000000</point>
			</points>
		</object>
		<object>
			<coordinate>pixel</coordinate>
			<type>rectangle</type>
			<description>None</description>
			<possibleresult>
				<name>Small Car</name>
			</possibleresult>
			<points>
				<point>370.000000,519.000000</point>
				<point>349.000000,520.000000</point>
				<point>349.000000,513.000000</point>
				<point>369.000000,513.000000</point>
				<point>370.000000,519.000000</point>
			</points>
		</object>
		<object>
			<coordinate>pixel</coordinate>
			<type>rectangle</type>
			<description>None</description>
			<possibleresult>
				<name>Van</name>
			</possibleresult>
			<points>
				<point>425.000000,582.000000</point>
				<point>416.000000,583.000000</point>
				<point>415.000000,568.000000</point>
				<point>423.000000,567.000000</point>
				<point>425.000000,582.000000</point>
			</points>
		</object>
		<object>
			<coordinate>pixel</coordinate>
			<type>rectangle</type>
			<description>None</description>
			<possibleresult>
				<name>Small Car</name>
			</possibleresult>
			<points>
				<point>411.000000,570.000000</point>
				<point>407.000000,584.000000</point>
				<point>399.000000,582.000000</point>
				<point>403.000000,567.000000</point>
				<point>411.000000,570.000000</point>
			</points>
		</object>
		<object>
			<coordinate>pixel</coordinate>
			<type>rectangle</type>
			<description>None</description>
			<possibleresult>
				<name>Small Car</name>
			</possibleresult>
			<points>
				<point>300.000000,569.000000</point>
				<point>294.000000,570.000000</point>
				<point>292.000000,552.000000</point>
				<point>298.000000,551.000000</point>
				<point>300.000000,569.000000</point>
			</points>
		</object>
		<object>
			<coordinate>pixel</coordinate>
			<type>rectangle</type>
			<description>None</description>
			<possibleresult>
				<name>Van</name>
			</possibleresult>
			<points>
				<point>209.000000,594.000000</point>
				<point>199.000000,595.000000</point>
				<point>198.000000,577.000000</point>
				<point>208.000000,576.000000</point>
				<point>209.000000,594.000000</point>
			</points>
		</object>
		<object>
			<coordinate>pixel</coordinate>
			<type>rectangle</type>
			<description>None</description>
			<possibleresult>
				<name>Small Car</name>
			</possibleresult>
			<points>
				<point>288.000000,475.000000</point>
				<point>279.000000,475.000000</point>
				<point>279.000000,460.000000</point>
				<point>287.000000,459.000000</point>
				<point>288.000000,475.000000</point>
			</points>
		</object>
		<object>
			<coordinate>pixel</coordinate>
			<type>rectangle</type>
			<description>None</description>
			<possibleresult>
				<name>Small Car</name>
			</possibleresult>
			<points>
				<point>287.000000,444.000000</point>
				<point>285.000000,458.000000</point>
				<point>278.000000,457.000000</point>
				<point>279.000000,443.000000</point>
				<point>287.000000,444.000000</point>
			</points>
		</object>
		<object>
			<coordinate>pixel</coordinate>
			<type>rectangle</type>
			<description>None</description>
			<possibleresult>
				<name>Van</name>
			</possibleresult>
			<points>
				<point>360.000000,461.000000</point>
				<point>352.000000,462.000000</point>
				<point>349.000000,446.000000</point>
				<point>357.000000,444.000000</point>
				<point>360.000000,461.000000</point>
			</points>
		</object>
		<object>
			<coordinate>pixel</coordinate>
			<type>rectangle</type>
			<description>None</description>
			<possibleresult>
				<name>Van</name>
			</possibleresult>
			<points>
				<point>369.000000,458.000000</point>
				<point>363.000000,459.000000</point>
				<point>362.000000,444.000000</point>
				<point>368.000000,443.000000</point>
				<point>369.000000,458.000000</point>
			</points>
		</object>
		<object>
			<coordinate>pixel</coordinate>
			<type>rectangle</type>
			<description>None</description>
			<possibleresult>
				<name>Van</name>
			</possibleresult>
			<points>
				<point>358.000000,445.000000</point>
				<point>350.000000,445.000000</point>
				<point>349.000000,430.000000</point>
				<point>356.000000,429.000000</point>
				<point>358.000000,445.000000</point>
			</points>
		</object>
		<object>
			<coordinate>pixel</coordinate>
			<type>rectangle</type>
			<description>None</description>
			<possibleresult>
				<name>Small Car</name>
			</possibleresult>
			<points>
				<point>305.000000,358.000000</point>
				<point>296.000000,359.000000</point>
				<point>296.000000,352.000000</point>
				<point>305.000000,351.000000</point>
				<point>305.000000,358.000000</point>
			</points>
		</object>
		<object>
			<coordinate>pixel</coordinate>
			<type>rectangle</type>
			<description>None</description>
			<possibleresult>
				<name>Van</name>
			</possibleresult>
			<points>
				<point>138.000000,341.000000</point>
				<point>131.000000,342.000000</point>
				<point>128.000000,325.000000</point>
				<point>135.000000,323.000000</point>
				<point>138.000000,341.000000</point>
			</points>
		</object>
		<object>
			<coordinate>pixel</coordinate>
			<type>rectangle</type>
			<description>None</description>
			<possibleresult>
				<name>Van</name>
			</possibleresult>
			<points>
				<point>447.000000,303.000000</point>
				<point>439.000000,304.000000</point>
				<point>437.000000,287.000000</point>
				<point>445.000000,286.000000</point>
				<point>447.000000,303.000000</point>
			</points>
		</object>
		<object>
			<coordinate>pixel</coordinate>
			<type>rectangle</type>
			<description>None</description>
			<possibleresult>
				<name>Van</name>
			</possibleresult>
			<points>
				<point>249.000000,271.000000</point>
				<point>229.000000,272.000000</point>
				<point>228.000000,264.000000</point>
				<point>249.000000,264.000000</point>
				<point>249.000000,271.000000</point>
			</points>
		</object>
		<object>
			<coordinate>pixel</coordinate>
			<type>rectangle</type>
			<description>None</description>
			<possibleresult>
				<name>Van</name>
			</possibleresult>
			<points>
				<point>141.000000,153.000000</point>
				<point>133.000000,154.000000</point>
				<point>132.000000,139.000000</point>
				<point>140.000000,139.000000</point>
				<point>141.000000,153.000000</point>
			</points>
		</object>
		<object>
			<coordinate>pixel</coordinate>
			<type>rectangle</type>
			<description>None</description>
			<possibleresult>
				<name>Van</name>
			</possibleresult>
			<points>
				<point>184.000000,121.000000</point>
				<point>165.000000,122.000000</point>
				<point>164.000000,115.000000</point>
				<point>184.000000,115.000000</point>
				<point>184.000000,121.000000</point>
			</points>
		</object>
		<object>
			<coordinate>pixel</coordinate>
			<type>rectangle</type>
			<description>None</description>
			<possibleresult>
				<name>Small Car</name>
			</possibleresult>
			<points>
				<point>327.000000,175.000000</point>
				<point>302.000000,177.000000</point>
				<point>301.000000,171.000000</point>
				<point>327.000000,169.000000</point>
				<point>327.000000,175.000000</point>
			</points>
		</object>
		<object>
			<coordinate>pixel</coordinate>
			<type>rectangle</type>
			<description>None</description>
			<possibleresult>
				<name>Small Car</name>
			</possibleresult>
			<points>
				<point>372.000000,191.000000</point>
				<point>350.000000,193.000000</point>
				<point>349.000000,186.000000</point>
				<point>372.000000,184.000000</point>
				<point>372.000000,191.000000</point>
			</points>
		</object>
		<object>
			<coordinate>pixel</coordinate>
			<type>rectangle</type>
			<description>None</description>
			<possibleresult>
				<name>Small Car</name>
			</possibleresult>
			<points>
				<point>374.000000,215.000000</point>
				<point>354.000000,216.000000</point>
				<point>354.000000,210.000000</point>
				<point>374.000000,209.000000</point>
				<point>374.000000,215.000000</point>
			</points>
		</object>
		<object>
			<coordinate>pixel</coordinate>
			<type>rectangle</type>
			<description>None</description>
			<possibleresult>
				<name>Small Car</name>
			</possibleresult>
			<points>
				<point>378.000000,236.000000</point>
				<point>358.000000,237.000000</point>
				<point>358.000000,231.000000</point>
				<point>378.000000,230.000000</point>
				<point>378.000000,236.000000</point>
			</points>
		</object>
		<object>
			<coordinate>pixel</coordinate>
			<type>rectangle</type>
			<description>None</description>
			<possibleresult>
				<name>Motorboat</name>
			</possibleresult>
			<points>
				<point>308.000000,93.000000</point>
				<point>300.000000,95.000000</point>
				<point>295.000000,79.000000</point>
				<point>303.000000,77.000000</point>
				<point>308.000000,93.000000</point>
			</points>
		</object>
		<object>
			<coordinate>pixel</coordinate>
			<type>rectangle</type>
			<description>None</description>
			<possibleresult>
				<name>Van</name>
			</possibleresult>
			<points>
				<point>297.000000,95.000000</point>
				<point>288.000000,97.000000</point>
				<point>284.000000,79.000000</point>
				<point>293.000000,77.000000</point>
				<point>297.000000,95.000000</point>
			</points>
		</object>
		<object>
			<coordinate>pixel</coordinate>
			<type>rectangle</type>
			<description>None</description>
			<possibleresult>
				<name>Dump Truck</name>
			</possibleresult>
			<points>
				<point>301.000000,68.000000</point>
				<point>294.000000,70.000000</point>
				<point>289.000000,49.000000</point>
				<point>296.000000,47.000000</point>
				<point>301.000000,68.000000</point>
			</points>
		</object>
		<object>
			<coordinate>pixel</coordinate>
			<type>rectangle</type>
			<description>None</description>
			<possibleresult>
				<name>Dump Truck</name>
			</possibleresult>
			<points>
				<point>288.000000,70.000000</point>
				<point>280.000000,71.000000</point>
				<point>278.000000,56.000000</point>
				<point>286.000000,55.000000</point>
				<point>288.000000,70.000000</point>
			</points>
		</object>
		<object>
			<coordinate>pixel</coordinate>
			<type>rectangle</type>
			<description>None</description>
			<possibleresult>
				<name>Small Car</name>
			</possibleresult>
			<points>
				<point>305.000000,43.000000</point>
				<point>298.000000,45.000000</point>
				<point>293.000000,30.000000</point>
				<point>300.000000,28.000000</point>
				<point>305.000000,43.000000</point>
			</points>
		</object>
		<object>
			<coordinate>pixel</coordinate>
			<type>rectangle</type>
			<description>None</description>
			<possibleresult>
				<name>Small Car</name>
			</possibleresult>
			<points>
				<point>291.000000,44.000000</point>
				<point>285.000000,45.000000</point>
				<point>283.000000,32.000000</point>
				<point>290.000000,31.000000</point>
				<point>291.000000,44.000000</point>
			</points>
		</object>
		<object>
			<coordinate>pixel</coordinate>
			<type>rectangle</type>
			<description>None</description>
			<possibleresult>
				<name>Van</name>
			</possibleresult>
			<points>
				<point>273.000000,37.000000</point>
				<point>270.000000,43.000000</point>
				<point>253.000000,35.000000</point>
				<point>256.000000,29.000000</point>
				<point>273.000000,37.000000</point>
			</points>
		</object>
		<object>
			<coordinate>pixel</coordinate>
			<type>rectangle</type>
			<description>None</description>
			<possibleresult>
				<name>Small Car</name>
			</possibleresult>
			<points>
				<point>276.000000,51.000000</point>
				<point>272.000000,58.000000</point>
				<point>255.000000,47.000000</point>
				<point>259.000000,41.000000</point>
				<point>276.000000,51.000000</point>
			</points>
		</object>
		<object>
			<coordinate>pixel</coordinate>
			<type>rectangle</type>
			<description>None</description>
			<possibleresult>
				<name>Small Car</name>
			</possibleresult>
			<points>
				<point>237.000000,49.000000</point>
				<point>224.000000,63.000000</point>
				<point>217.000000,57.000000</point>
				<point>231.000000,43.000000</point>
				<point>237.000000,49.000000</point>
			</points>
		</object>
		<object>
			<coordinate>pixel</coordinate>
			<type>rectangle</type>
			<description>None</description>
			<possibleresult>
				<name>Small Car</name>
			</possibleresult>
			<points>
				<point>240.000000,59.000000</point>
				<point>227.000000,73.000000</point>
				<point>222.000000,68.000000</point>
				<point>235.000000,54.000000</point>
				<point>240.000000,59.000000</point>
			</points>
		</object>
		<object>
			<coordinate>pixel</coordinate>
			<type>rectangle</type>
			<description>None</description>
			<possibleresult>
				<name>Small Car</name>
			</possibleresult>
			<points>
				<point>316.000000,8.000000</point>
				<point>295.000000,9.000000</point>
				<point>295.000000,2.000000</point>
				<point>316.000000,2.000000</point>
				<point>316.000000,8.000000</point>
			</points>
		</object>
		<object>
			<coordinate>pixel</coordinate>
			<type>rectangle</type>
			<description>None</description>
			<possibleresult>
				<name>Van</name>
			</possibleresult>
			<points>
				<point>608.000000,321.000000</point>
				<point>600.000000,322.000000</point>
				<point>598.000000,308.000000</point>
				<point>606.000000,307.000000</point>
				<point>608.000000,321.000000</point>
			</points>
		</object>
		<object>
			<coordinate>pixel</coordinate>
			<type>rectangle</type>
			<description>None</description>
			<possibleresult>
				<name>Van</name>
			</possibleresult>
			<points>
				<point>618.000000,321.000000</point>
				<point>612.000000,321.000000</point>
				<point>611.000000,309.000000</point>
				<point>618.000000,309.000000</point>
				<point>618.000000,321.000000</point>
			</points>
		</object>
		<object>
			<coordinate>pixel</coordinate>
			<type>rectangle</type>
			<description>None</description>
			<possibleresult>
				<name>Small Car</name>
			</possibleresult>
			<points>
				<point>547.000000,247.000000</point>
				<point>538.000000,247.000000</point>
				<point>538.000000,240.000000</point>
				<point>547.000000,240.000000</point>
				<point>547.000000,247.000000</point>
			</points>
		</object>
		<object>
			<coordinate>pixel</coordinate>
			<type>rectangle</type>
			<description>None</description>
			<possibleresult>
				<name>Small Car</name>
			</possibleresult>
			<points>
				<point>617.000000,216.000000</point>
				<point>599.000000,218.000000</point>
				<point>598.000000,213.000000</point>
				<point>617.000000,211.000000</point>
				<point>617.000000,216.000000</point>
			</points>
		</object>
		<object>
			<coordinate>pixel</coordinate>
			<type>rectangle</type>
			<description>None</description>
			<possibleresult>
				<name>Van</name>
			</possibleresult>
			<points>
				<point>615.000000,177.000000</point>
				<point>599.000000,187.000000</point>
				<point>595.000000,181.000000</point>
				<point>611.000000,171.000000</point>
				<point>615.000000,177.000000</point>
			</points>
		</object>
		<object>
			<coordinate>pixel</coordinate>
			<type>rectangle</type>
			<description>None</description>
			<possibleresult>
				<name>Small Car</name>
			</possibleresult>
			<points>
				<point>650.000000,135.000000</point>
				<point>645.000000,137.000000</point>
				<point>639.000000,123.000000</point>
				<point>644.000000,121.000000</point>
				<point>650.000000,135.000000</point>
			</points>
		</object>
		<object>
			<coordinate>pixel</coordinate>
			<type>rectangle</type>
			<description>None</description>
			<possibleresult>
				<name>Small Car</name>
			</possibleresult>
			<points>
				<point>431.000000,65.000000</point>
				<point>423.000000,66.000000</point>
				<point>421.000000,50.000000</point>
				<point>429.000000,49.000000</point>
				<point>431.000000,65.000000</point>
			</points>
		</object>
		<object>
			<coordinate>pixel</coordinate>
			<type>rectangle</type>
			<description>None</description>
			<possibleresult>
				<name>Small Car</name>
			</possibleresult>
			<points>
				<point>427.000000,47.000000</point>
				<point>420.000000,48.000000</point>
				<point>418.000000,32.000000</point>
				<point>426.000000,31.000000</point>
				<point>427.000000,47.000000</point>
			</points>
		</object>
		<object>
			<coordinate>pixel</coordinate>
			<type>rectangle</type>
			<description>None</description>
			<possibleresult>
				<name>Van</name>
			</possibleresult>
			<points>
				<point>437.000000,37.000000</point>
				<point>429.000000,38.000000</point>
				<point>427.000000,23.000000</point>
				<point>435.000000,22.000000</point>
				<point>437.000000,37.000000</point>
			</points>
		</object>
		<object>
			<coordinate>pixel</coordinate>
			<type>rectangle</type>
			<description>None</description>
			<possibleresult>
				<name>Van</name>
			</possibleresult>
			<points>
				<point>529.000000,34.000000</point>
				<point>522.000000,35.000000</point>
				<point>520.000000,20.000000</point>
				<point>527.000000,19.000000</point>
				<point>529.000000,34.000000</point>
			</points>
		</object>
		<object>
			<coordinate>pixel</coordinate>
			<type>rectangle</type>
			<description>None</description>
			<possibleresult>
				<name>Small Car</name>
			</possibleresult>
			<points>
				<point>544.000000,34.000000</point>
				<point>536.000000,35.000000</point>
				<point>535.000000,19.000000</point>
				<point>542.000000,19.000000</point>
				<point>544.000000,34.000000</point>
			</points>
		</object>
		<object>
			<coordinate>pixel</coordinate>
			<type>rectangle</type>
			<description>None</description>
			<possibleresult>
				<name>Small Car</name>
			</possibleresult>
			<points>
				<point>602.000000,11.000000</point>
				<point>595.000000,13.000000</point>
				<point>592.000000,2.000000</point>
				<point>599.000000,0.000000</point>
				<point>602.000000,11.000000</point>
			</points>
		</object>
		<object>
			<coordinate>pixel</coordinate>
			<type>rectangle</type>
			<description>None</description>
			<possibleresult>
				<name>Small Car</name>
			</possibleresult>
			<points>
				<point>610.000000,35.000000</point>
				<point>603.000000,48.000000</point>
				<point>597.000000,45.000000</point>
				<point>604.000000,32.000000</point>
				<point>610.000000,35.000000</point>
			</points>
		</object>
		<object>
			<coordinate>pixel</coordinate>
			<type>rectangle</type>
			<description>None</description>
			<possibleresult>
				<name>Small Car</name>
			</possibleresult>
			<points>
				<point>781.000000,28.000000</point>
				<point>773.000000,28.000000</point>
				<point>772.000000,12.000000</point>
				<point>780.000000,12.000000</point>
				<point>781.000000,28.000000</point>
			</points>
		</object>
		<object>
			<coordinate>pixel</coordinate>
			<type>rectangle</type>
			<description>None</description>
			<possibleresult>
				<name>Small Car</name>
			</possibleresult>
			<points>
				<point>789.000000,76.000000</point>
				<point>781.000000,77.000000</point>
				<point>780.000000,60.000000</point>
				<point>788.000000,60.000000</point>
				<point>789.000000,76.000000</point>
			</points>
		</object>
		<object>
			<coordinate>pixel</coordinate>
			<type>rectangle</type>
			<description>None</description>
			<possibleresult>
				<name>Small Car</name>
			</possibleresult>
			<points>
				<point>789.000000,226.000000</point>
				<point>769.000000,228.000000</point>
				<point>769.000000,221.000000</point>
				<point>788.000000,219.000000</point>
				<point>789.000000,226.000000</point>
			</points>
		</object>
		<object>
			<coordinate>pixel</coordinate>
			<type>rectangle</type>
			<description>None</description>
			<possibleresult>
				<name>Van</name>
			</possibleresult>
			<points>
				<point>726.000000,231.000000</point>
				<point>708.000000,233.000000</point>
				<point>707.000000,227.000000</point>
				<point>725.000000,226.000000</point>
				<point>726.000000,231.000000</point>
			</points>
		</object>
		<object>
			<coordinate>pixel</coordinate>
			<type>rectangle</type>
			<description>None</description>
			<possibleresult>
				<name>Small Car</name>
			</possibleresult>
			<points>
				<point>795.000000,295.000000</point>
				<point>776.000000,297.000000</point>
				<point>775.000000,290.000000</point>
				<point>795.000000,287.000000</point>
				<point>795.000000,295.000000</point>
			</points>
		</object>
		<object>
			<coordinate>pixel</coordinate>
			<type>rectangle</type>
			<description>None</description>
			<possibleresult>
				<name>Van</name>
			</possibleresult>
			<points>
				<point>765.000000,338.000000</point>
				<point>757.000000,339.000000</point>
				<point>755.000000,322.000000</point>
				<point>764.000000,321.000000</point>
				<point>765.000000,338.000000</point>
			</points>
		</object>
		<object>
			<coordinate>pixel</coordinate>
			<type>rectangle</type>
			<description>None</description>
			<possibleresult>
				<name>Small Car</name>
			</possibleresult>
			<points>
				<point>799.000000,333.000000</point>
				<point>793.000000,334.000000</point>
				<point>790.000000,319.000000</point>
				<point>797.000000,318.000000</point>
				<point>799.000000,333.000000</point>
			</points>
		</object>
		<object>
			<coordinate>pixel</coordinate>
			<type>rectangle</type>
			<description>None</description>
			<possibleresult>
				<name>Small Car</name>
			</possibleresult>
			<points>
				<point>708.000000,370.000000</point>
				<point>700.000000,372.000000</point>
				<point>697.000000,355.000000</point>
				<point>706.000000,354.000000</point>
				<point>708.000000,370.000000</point>
			</points>
		</object>
		<object>
			<coordinate>pixel</coordinate>
			<type>rectangle</type>
			<description>None</description>
			<possibleresult>
				<name>Small Car</name>
			</possibleresult>
			<points>
				<point>701.000000,397.000000</point>
				<point>693.000000,399.000000</point>
				<point>690.000000,384.000000</point>
				<point>698.000000,382.000000</point>
				<point>701.000000,397.000000</point>
			</points>
		</object>
		<object>
			<coordinate>pixel</coordinate>
			<type>rectangle</type>
			<description>None</description>
			<possibleresult>
				<name>Small Car</name>
			</possibleresult>
			<points>
				<point>636.000000,410.000000</point>
				<point>628.000000,412.000000</point>
				<point>626.000000,397.000000</point>
				<point>633.000000,395.000000</point>
				<point>636.000000,410.000000</point>
			</points>
		</object>
	</objects>
</annotation>