<?xml version="1.0" encoding="utf-8"?>
<annotation>
	<source>
		<filename>9449.tif</filename>
		<origin>GF2/GF3</origin>
	</source>
	<research>
		<version>1.0</version>
		<provider>FAIR1M</provider>
		<author>Cyber</author>
		<pluginname>FAIR1M</pluginname>
		<pluginclass>object detection</pluginclass>
		<time>2021-07-21</time>
	</research>
	<size>
		<width>600</width>
		<height>800</height>
		<depth>4</depth>
	</size>
	<objects>
		<object>
			<coordinate>pixel</coordinate>
			<type>rectangle</type>
			<description>None</description>
			<possibleresult>
				<name>Baseball Field</name>
			</possibleresult>
			<points>
				<point>439.000000,396.000000</point>
				<point>245.000000,397.000000</point>
				<point>245.000000,258.000000</point>
				<point>438.000000,257.000000</point>
				<point>439.000000,396.000000</point>
			</points>
		</object>
	</objects>
</annotation>