<?xml version="1.0" encoding="utf-8"?>
<annotation>
	<source>
		<filename>9760.tif</filename>
		<origin>GF2/GF3</origin>
	</source>
	<research>
		<version>1.0</version>
		<provider>FAIR1M</provider>
		<author>Cyber</author>
		<pluginname>FAIR1M</pluginname>
		<pluginclass>object detection</pluginclass>
		<time>2021-07-21</time>
	</research>
	<size>
		<width>900</width>
		<height>900</height>
		<depth>3</depth>
	</size>
	<objects>
		<object>
			<coordinate>pixel</coordinate>
			<type>rectangle</type>
			<description>None</description>
			<possibleresult>
				<name>A350</name>
			</possibleresult>
			<points>
				<point>85.000015,332.000000</point>
				<point>-0.000008,341.139801</point>
				<point>0.000000,259.172028</point>
				<point>76.287018,250.969116</point>
				<point>85.000015,332.000000</point>
			</points>
		</object>
		<object>
			<coordinate>pixel</coordinate>
			<type>rectangle</type>
			<description>None</description>
			<possibleresult>
				<name>A330</name>
			</possibleresult>
			<points>
				<point>7.000000,427.000031</point>
				<point>-1.825943,351.979523</point>
				<point>83.174065,341.979523</point>
				<point>92.000008,417.000031</point>
				<point>7.000000,427.000031</point>
			</points>
		</object>
		<object>
			<coordinate>pixel</coordinate>
			<type>rectangle</type>
			<description>None</description>
			<possibleresult>
				<name>A350</name>
			</possibleresult>
			<points>
				<point>105.000000,508.000000</point>
				<point>11.000000,514.000000</point>
				<point>5.000000,435.000000</point>
				<point>99.000000,429.000000</point>
				<point>105.000000,508.000000</point>
			</points>
		</object>
		<object>
			<coordinate>pixel</coordinate>
			<type>rectangle</type>
			<description>None</description>
			<possibleresult>
				<name>A330</name>
			</possibleresult>
			<points>
				<point>112.000000,597.000000</point>
				<point>29.000000,607.000000</point>
				<point>20.000000,533.000000</point>
				<point>104.000000,523.000000</point>
				<point>112.000000,597.000000</point>
			</points>
		</object>
	</objects>
</annotation>