<?xml version="1.0" encoding="utf-8"?>
<annotation>
	<source>
		<filename>9830.tif</filename>
		<origin>GF2/GF3</origin>
	</source>
	<research>
		<version>1.0</version>
		<provider>FAIR1M</provider>
		<author>Cyber</author>
		<pluginname>FAIR1M</pluginname>
		<pluginclass>object detection</pluginclass>
		<time>2021-07-21</time>
	</research>
	<size>
		<width>800</width>
		<height>600</height>
		<depth>4</depth>
	</size>
	<objects>
		<object>
			<coordinate>pixel</coordinate>
			<type>rectangle</type>
			<description>None</description>
			<possibleresult>
				<name>A321</name>
			</possibleresult>
			<points>
				<point>223.000000,157.000000</point>
				<point>164.000000,195.000000</point>
				<point>120.000000,127.000000</point>
				<point>178.000000,89.000000</point>
				<point>223.000000,157.000000</point>
			</points>
		</object>
		<object>
			<coordinate>pixel</coordinate>
			<type>rectangle</type>
			<description>None</description>
			<possibleresult>
				<name>A321</name>
			</possibleresult>
			<points>
				<point>316.000000,110.000000</point>
				<point>259.000000,146.000000</point>
				<point>212.000000,73.000000</point>
				<point>268.000000,37.000000</point>
				<point>316.000000,110.000000</point>
			</points>
		</object>
		<object>
			<coordinate>pixel</coordinate>
			<type>rectangle</type>
			<description>None</description>
			<possibleresult>
				<name>other-airplane</name>
			</possibleresult>
			<points>
				<point>357.999969,62.999969</point>
				<point>318.702972,2.543039</point>
				<point>377.999969,-35.999992</point>
				<point>417.296967,24.456938</point>
				<point>357.999969,62.999969</point>
			</points>
		</object>
	</objects>
</annotation>