<?xml version="1.0" encoding="utf-8"?>
<annotation>
	<source>
		<filename>9862.tif</filename>
		<origin>GF2/GF3</origin>
	</source>
	<research>
		<version>1.0</version>
		<provider>FAIR1M</provider>
		<author>Cyber</author>
		<pluginname>FAIR1M</pluginname>
		<pluginclass>object detection</pluginclass>
		<time>2021-07-21</time>
	</research>
	<size>
		<width>600</width>
		<height>800</height>
		<depth>3</depth>
	</size>
	<objects>
		<object>
			<coordinate>pixel</coordinate>
			<type>rectangle</type>
			<description>None</description>
			<possibleresult>
				<name>Boeing737</name>
			</possibleresult>
			<points>
				<point>273.000000,143.000000</point>
				<point>236.000000,173.000000</point>
				<point>207.000000,138.000000</point>
				<point>244.000000,107.000000</point>
				<point>273.000000,143.000000</point>
			</points>
		</object>
		<object>
			<coordinate>pixel</coordinate>
			<type>rectangle</type>
			<description>None</description>
			<possibleresult>
				<name>Boeing737</name>
			</possibleresult>
			<points>
				<point>238.000000,95.000000</point>
				<point>198.000000,127.000000</point>
				<point>169.000000,90.000000</point>
				<point>209.000000,59.000000</point>
				<point>238.000000,95.000000</point>
			</points>
		</object>
		<object>
			<coordinate>pixel</coordinate>
			<type>rectangle</type>
			<description>None</description>
			<possibleresult>
				<name>other-airplane</name>
			</possibleresult>
			<points>
				<point>184.000000,39.000000</point>
				<point>151.000000,69.000000</point>
				<point>121.000000,32.000000</point>
				<point>155.000000,4.000000</point>
				<point>184.000000,39.000000</point>
			</points>
		</object>
		<object>
			<coordinate>pixel</coordinate>
			<type>rectangle</type>
			<description>None</description>
			<possibleresult>
				<name>A220</name>
			</possibleresult>
			<points>
				<point>101.000000,240.000000</point>
				<point>61.000000,270.000000</point>
				<point>34.000000,232.000000</point>
				<point>71.000000,204.000000</point>
				<point>101.000000,240.000000</point>
			</points>
		</object>
		<object>
			<coordinate>pixel</coordinate>
			<type>rectangle</type>
			<description>None</description>
			<possibleresult>
				<name>A321</name>
			</possibleresult>
			<points>
				<point>27.283819,230.628845</point>
				<point>-4.000017,195.000031</point>
				<point>37.716133,158.371216</point>
				<point>68.999969,194.000031</point>
				<point>27.283819,230.628845</point>
			</points>
		</object>
		<object>
			<coordinate>pixel</coordinate>
			<type>rectangle</type>
			<description>None</description>
			<possibleresult>
				<name>A220</name>
			</possibleresult>
			<points>
				<point>35.148415,155.011093</point>
				<point>0.000000,185.277786</point>
				<point>0.000000,124.305565</point>
				<point>4.999992,120.000015</point>
				<point>35.148415,155.011093</point>
			</points>
		</object>
		<object>
			<coordinate>pixel</coordinate>
			<type>rectangle</type>
			<description>None</description>
			<possibleresult>
				<name>Boeing747</name>
			</possibleresult>
			<points>
				<point>18.541199,790.435364</point>
				<point>-33.458778,726.435364</point>
				<point>36.000069,670.000061</point>
				<point>88.000046,734.000061</point>
				<point>18.541199,790.435364</point>
			</points>
		</object>
	</objects>
</annotation>