<?xml version="1.0" encoding="utf-8"?>
<annotation>
	<source>
		<filename>9872.tif</filename>
		<origin>GF2/GF3</origin>
	</source>
	<research>
		<version>1.0</version>
		<provider>FAIR1M</provider>
		<author>Cyber</author>
		<pluginname>FAIR1M</pluginname>
		<pluginclass>object detection</pluginclass>
		<time>2021-07-21</time>
	</research>
	<size>
		<width>800</width>
		<height>600</height>
		<depth>4</depth>
	</size>
	<objects>
		<object>
			<coordinate>pixel</coordinate>
			<type>rectangle</type>
			<description>None</description>
			<possibleresult>
				<name>Van</name>
			</possibleresult>
			<points>
				<point>542.000000,565.000000</point>
				<point>524.000000,565.000000</point>
				<point>524.000000,558.000000</point>
				<point>542.000000,558.000000</point>
				<point>542.000000,565.000000</point>
			</points>
		</object>
		<object>
			<coordinate>pixel</coordinate>
			<type>rectangle</type>
			<description>None</description>
			<possibleresult>
				<name>Small Car</name>
			</possibleresult>
			<points>
				<point>405.000000,597.000000</point>
				<point>384.000000,597.000000</point>
				<point>384.000000,589.000000</point>
				<point>405.000000,589.000000</point>
				<point>405.000000,597.000000</point>
			</points>
		</object>
	</objects>
</annotation>