<?xml version="1.0" encoding="utf-8"?>
<annotation>
	<source>
		<filename>9877.tif</filename>
		<origin>GF2/GF3</origin>
	</source>
	<research>
		<version>1.0</version>
		<provider>FAIR1M</provider>
		<author>Cyber</author>
		<pluginname>FAIR1M</pluginname>
		<pluginclass>object detection</pluginclass>
		<time>2021-07-21</time>
	</research>
	<size>
		<width>1000</width>
		<height>1000</height>
		<depth>3</depth>
	</size>
	<objects>
		<object>
			<coordinate>pixel</coordinate>
			<type>rectangle</type>
			<description>None</description>
			<possibleresult>
				<name>Boeing737</name>
			</possibleresult>
			<points>
				<point>636.000000,373.000000</point>
				<point>673.000000,343.000000</point>
				<point>644.000000,307.000000</point>
				<point>607.000000,338.000000</point>
				<point>636.000000,373.000000</point>
			</points>
		</object>
		<object>
			<coordinate>pixel</coordinate>
			<type>rectangle</type>
			<description>None</description>
			<possibleresult>
				<name>Boeing737</name>
			</possibleresult>
			<points>
				<point>598.000000,327.000000</point>
				<point>638.000000,295.000000</point>
				<point>609.000000,259.000000</point>
				<point>569.000000,290.000000</point>
				<point>598.000000,327.000000</point>
			</points>
		</object>
		<object>
			<coordinate>pixel</coordinate>
			<type>rectangle</type>
			<description>None</description>
			<possibleresult>
				<name>other-airplane</name>
			</possibleresult>
			<points>
				<point>551.000000,269.000000</point>
				<point>584.000000,239.000000</point>
				<point>555.000000,204.000000</point>
				<point>521.000000,232.000000</point>
				<point>551.000000,269.000000</point>
			</points>
		</object>
		<object>
			<coordinate>pixel</coordinate>
			<type>rectangle</type>
			<description>None</description>
			<possibleresult>
				<name>A220</name>
			</possibleresult>
			<points>
				<point>509.000000,214.000000</point>
				<point>548.000000,180.000000</point>
				<point>519.000000,145.000000</point>
				<point>480.000000,179.000000</point>
				<point>509.000000,214.000000</point>
			</points>
		</object>
		<object>
			<coordinate>pixel</coordinate>
			<type>rectangle</type>
			<description>None</description>
			<possibleresult>
				<name>A220</name>
			</possibleresult>
			<points>
				<point>461.000000,157.000000</point>
				<point>501.000000,125.000000</point>
				<point>471.000000,87.000000</point>
				<point>430.000000,120.000000</point>
				<point>461.000000,157.000000</point>
			</points>
		</object>
		<object>
			<coordinate>pixel</coordinate>
			<type>rectangle</type>
			<description>None</description>
			<possibleresult>
				<name>A220</name>
			</possibleresult>
			<points>
				<point>461.000000,470.000000</point>
				<point>501.000000,440.000000</point>
				<point>471.000000,404.000000</point>
				<point>434.000000,432.000000</point>
				<point>461.000000,470.000000</point>
			</points>
		</object>
		<object>
			<coordinate>pixel</coordinate>
			<type>rectangle</type>
			<description>None</description>
			<possibleresult>
				<name>A321</name>
			</possibleresult>
			<points>
				<point>428.000000,430.000000</point>
				<point>469.000000,394.000000</point>
				<point>438.000000,359.000000</point>
				<point>396.000000,395.000000</point>
				<point>428.000000,430.000000</point>
			</points>
		</object>
		<object>
			<coordinate>pixel</coordinate>
			<type>rectangle</type>
			<description>None</description>
			<possibleresult>
				<name>A220</name>
			</possibleresult>
			<points>
				<point>398.000000,387.000000</point>
				<point>434.000000,356.000000</point>
				<point>405.000000,320.000000</point>
				<point>369.000000,352.000000</point>
				<point>398.000000,387.000000</point>
			</points>
		</object>
		<object>
			<coordinate>pixel</coordinate>
			<type>rectangle</type>
			<description>None</description>
			<possibleresult>
				<name>A321</name>
			</possibleresult>
			<points>
				<point>334.000000,306.000000</point>
				<point>373.000000,275.000000</point>
				<point>344.000000,238.000000</point>
				<point>305.000000,270.000000</point>
				<point>334.000000,306.000000</point>
			</points>
		</object>
		<object>
			<coordinate>pixel</coordinate>
			<type>rectangle</type>
			<description>None</description>
			<possibleresult>
				<name>Boeing737</name>
			</possibleresult>
			<points>
				<point>298.000000,270.000000</point>
				<point>342.000000,235.000000</point>
				<point>309.000000,195.000000</point>
				<point>267.000000,230.000000</point>
				<point>298.000000,270.000000</point>
			</points>
		</object>
		<object>
			<coordinate>pixel</coordinate>
			<type>rectangle</type>
			<description>None</description>
			<possibleresult>
				<name>other-airplane</name>
			</possibleresult>
			<points>
				<point>359.000000,601.000000</point>
				<point>323.000000,631.000000</point>
				<point>350.000000,663.000000</point>
				<point>386.000000,631.000000</point>
				<point>359.000000,601.000000</point>
			</points>
		</object>
		<object>
			<coordinate>pixel</coordinate>
			<type>rectangle</type>
			<description>None</description>
			<possibleresult>
				<name>other-airplane</name>
			</possibleresult>
			<points>
				<point>192.000000,339.000000</point>
				<point>125.000000,354.000000</point>
				<point>138.000000,420.000000</point>
				<point>207.000000,405.000000</point>
				<point>192.000000,339.000000</point>
			</points>
		</object>
		<object>
			<coordinate>pixel</coordinate>
			<type>rectangle</type>
			<description>None</description>
			<possibleresult>
				<name>A220</name>
			</possibleresult>
			<points>
				<point>21.000000,557.000000</point>
				<point>53.000000,595.000000</point>
				<point>86.000000,568.000000</point>
				<point>55.000000,529.000000</point>
				<point>21.000000,557.000000</point>
			</points>
		</object>
		<object>
			<coordinate>pixel</coordinate>
			<type>rectangle</type>
			<description>None</description>
			<possibleresult>
				<name>Boeing747</name>
			</possibleresult>
			<points>
				<point>436.000000,870.000000</point>
				<point>367.000000,927.000000</point>
				<point>419.000000,990.000000</point>
				<point>488.000000,934.000000</point>
				<point>436.000000,870.000000</point>
			</points>
		</object>
		<object>
			<coordinate>pixel</coordinate>
			<type>rectangle</type>
			<description>None</description>
			<possibleresult>
				<name>A321</name>
			</possibleresult>
			<points>
				<point>365.000000,905.000000</point>
				<point>338.000000,960.000000</point>
				<point>386.000000,981.000000</point>
				<point>411.000000,928.000000</point>
				<point>365.000000,905.000000</point>
			</points>
		</object>
		<object>
			<coordinate>pixel</coordinate>
			<type>rectangle</type>
			<description>None</description>
			<possibleresult>
				<name>Basketball Court</name>
			</possibleresult>
			<points>
				<point>189.000000,943.000000</point>
				<point>166.000000,914.000000</point>
				<point>151.000000,926.000000</point>
				<point>173.000000,955.000000</point>
				<point>189.000000,943.000000</point>
			</points>
		</object>
		<object>
			<coordinate>pixel</coordinate>
			<type>rectangle</type>
			<description>None</description>
			<possibleresult>
				<name>Basketball Court</name>
			</possibleresult>
			<points>
				<point>206.000000,931.000000</point>
				<point>183.000000,902.000000</point>
				<point>168.000000,914.000000</point>
				<point>191.000000,943.000000</point>
				<point>206.000000,931.000000</point>
			</points>
		</object>
	</objects>
</annotation>