<?xml version="1.0" encoding="utf-8"?>
<annotation>
	<source>
		<filename>9907.tif</filename>
		<origin>GF2/GF3</origin>
	</source>
	<research>
		<version>1.0</version>
		<provider>FAIR1M</provider>
		<author>Cyber</author>
		<pluginname>FAIR1M</pluginname>
		<pluginclass>object detection</pluginclass>
		<time>2021-07-21</time>
	</research>
	<size>
		<width>800</width>
		<height>600</height>
		<depth>4</depth>
	</size>
	<objects>
		<object>
			<coordinate>pixel</coordinate>
			<type>rectangle</type>
			<description>None</description>
			<possibleresult>
				<name>Tennis Court</name>
			</possibleresult>
			<points>
				<point>431.000000,327.000000</point>
				<point>386.000000,324.000000</point>
				<point>388.000000,246.000000</point>
				<point>431.000000,248.000000</point>
				<point>431.000000,327.000000</point>
			</points>
		</object>
		<object>
			<coordinate>pixel</coordinate>
			<type>rectangle</type>
			<description>None</description>
			<possibleresult>
				<name>Tennis Court</name>
			</possibleresult>
			<points>
				<point>333.000000,316.000000</point>
				<point>332.000000,396.000000</point>
				<point>287.000000,397.000000</point>
				<point>288.000000,316.000000</point>
				<point>333.000000,316.000000</point>
			</points>
		</object>
		<object>
			<coordinate>pixel</coordinate>
			<type>rectangle</type>
			<description>None</description>
			<possibleresult>
				<name>Tennis Court</name>
			</possibleresult>
			<points>
				<point>260.000000,395.000000</point>
				<point>217.000000,396.000000</point>
				<point>213.000000,315.000000</point>
				<point>258.000000,314.000000</point>
				<point>260.000000,395.000000</point>
			</points>
		</object>
		<object>
			<coordinate>pixel</coordinate>
			<type>rectangle</type>
			<description>None</description>
			<possibleresult>
				<name>Tennis Court</name>
			</possibleresult>
			<points>
				<point>672.000000,136.000000</point>
				<point>627.000000,135.000000</point>
				<point>631.000000,55.000000</point>
				<point>672.000000,56.000000</point>
				<point>672.000000,136.000000</point>
			</points>
		</object>
		<object>
			<coordinate>pixel</coordinate>
			<type>rectangle</type>
			<description>None</description>
			<possibleresult>
				<name>Tennis Court</name>
			</possibleresult>
			<points>
				<point>612.000000,136.000000</point>
				<point>566.000000,135.000000</point>
				<point>567.000000,54.000000</point>
				<point>612.000000,54.000000</point>
				<point>612.000000,136.000000</point>
			</points>
		</object>
		<object>
			<coordinate>pixel</coordinate>
			<type>rectangle</type>
			<description>None</description>
			<possibleresult>
				<name>Tennis Court</name>
			</possibleresult>
			<points>
				<point>542.000000,54.000000</point>
				<point>539.000000,134.000000</point>
				<point>494.000000,134.000000</point>
				<point>496.000000,52.000000</point>
				<point>542.000000,54.000000</point>
			</points>
		</object>
		<object>
			<coordinate>pixel</coordinate>
			<type>rectangle</type>
			<description>None</description>
			<possibleresult>
				<name>Tennis Court</name>
			</possibleresult>
			<points>
				<point>468.000000,53.000000</point>
				<point>466.000000,133.000000</point>
				<point>419.000000,133.000000</point>
				<point>422.000000,52.000000</point>
				<point>468.000000,53.000000</point>
			</points>
		</object>
		<object>
			<coordinate>pixel</coordinate>
			<type>rectangle</type>
			<description>None</description>
			<possibleresult>
				<name>Tennis Court</name>
			</possibleresult>
			<points>
				<point>506.000000,247.000000</point>
				<point>505.000000,331.000000</point>
				<point>457.000000,329.000000</point>
				<point>460.000000,247.000000</point>
				<point>506.000000,247.000000</point>
			</points>
		</object>
		<object>
			<coordinate>pixel</coordinate>
			<type>rectangle</type>
			<description>None</description>
			<possibleresult>
				<name>Dump Truck</name>
			</possibleresult>
			<points>
				<point>118.000000,97.000000</point>
				<point>108.000000,101.000000</point>
				<point>100.000000,80.000000</point>
				<point>111.000000,76.000000</point>
				<point>118.000000,97.000000</point>
			</points>
		</object>
		<object>
			<coordinate>pixel</coordinate>
			<type>rectangle</type>
			<description>None</description>
			<possibleresult>
				<name>Van</name>
			</possibleresult>
			<points>
				<point>148.000000,80.000000</point>
				<point>138.000000,86.000000</point>
				<point>127.000000,66.000000</point>
				<point>137.000000,60.000000</point>
				<point>148.000000,80.000000</point>
			</points>
		</object>
		<object>
			<coordinate>pixel</coordinate>
			<type>rectangle</type>
			<description>None</description>
			<possibleresult>
				<name>Small Car</name>
			</possibleresult>
			<points>
				<point>163.000000,66.000000</point>
				<point>155.000000,72.000000</point>
				<point>143.000000,57.000000</point>
				<point>151.000000,51.000000</point>
				<point>163.000000,66.000000</point>
			</points>
		</object>
		<object>
			<coordinate>pixel</coordinate>
			<type>rectangle</type>
			<description>None</description>
			<possibleresult>
				<name>Dump Truck</name>
			</possibleresult>
			<points>
				<point>185.000000,55.000000</point>
				<point>176.000000,61.000000</point>
				<point>164.000000,44.000000</point>
				<point>172.000000,38.000000</point>
				<point>185.000000,55.000000</point>
			</points>
		</object>
		<object>
			<coordinate>pixel</coordinate>
			<type>rectangle</type>
			<description>None</description>
			<possibleresult>
				<name>Van</name>
			</possibleresult>
			<points>
				<point>196.000000,51.000000</point>
				<point>188.000000,57.000000</point>
				<point>175.000000,42.000000</point>
				<point>183.000000,35.000000</point>
				<point>196.000000,51.000000</point>
			</points>
		</object>
		<object>
			<coordinate>pixel</coordinate>
			<type>rectangle</type>
			<description>None</description>
			<possibleresult>
				<name>Small Car</name>
			</possibleresult>
			<points>
				<point>324.000000,63.000000</point>
				<point>323.000000,75.000000</point>
				<point>299.000000,73.000000</point>
				<point>300.000000,61.000000</point>
				<point>324.000000,63.000000</point>
			</points>
		</object>
		<object>
			<coordinate>pixel</coordinate>
			<type>rectangle</type>
			<description>None</description>
			<possibleresult>
				<name>Small Car</name>
			</possibleresult>
			<points>
				<point>325.000000,63.000000</point>
				<point>301.000000,62.000000</point>
				<point>302.000000,53.000000</point>
				<point>325.000000,54.000000</point>
				<point>325.000000,63.000000</point>
			</points>
		</object>
		<object>
			<coordinate>pixel</coordinate>
			<type>rectangle</type>
			<description>None</description>
			<possibleresult>
				<name>Van</name>
			</possibleresult>
			<points>
				<point>287.000000,127.000000</point>
				<point>277.000000,136.000000</point>
				<point>256.000000,110.000000</point>
				<point>266.000000,102.000000</point>
				<point>287.000000,127.000000</point>
			</points>
		</object>
		<object>
			<coordinate>pixel</coordinate>
			<type>rectangle</type>
			<description>None</description>
			<possibleresult>
				<name>Van</name>
			</possibleresult>
			<points>
				<point>273.000000,128.000000</point>
				<point>265.000000,135.000000</point>
				<point>251.000000,119.000000</point>
				<point>259.000000,112.000000</point>
				<point>273.000000,128.000000</point>
			</points>
		</object>
		<object>
			<coordinate>pixel</coordinate>
			<type>rectangle</type>
			<description>None</description>
			<possibleresult>
				<name>Dump Truck</name>
			</possibleresult>
			<points>
				<point>262.000000,136.000000</point>
				<point>254.000000,143.000000</point>
				<point>241.000000,126.000000</point>
				<point>250.000000,119.000000</point>
				<point>262.000000,136.000000</point>
			</points>
		</object>
		<object>
			<coordinate>pixel</coordinate>
			<type>rectangle</type>
			<description>None</description>
			<possibleresult>
				<name>Van</name>
			</possibleresult>
			<points>
				<point>234.000000,152.000000</point>
				<point>226.000000,158.000000</point>
				<point>213.000000,141.000000</point>
				<point>220.000000,135.000000</point>
				<point>234.000000,152.000000</point>
			</points>
		</object>
		<object>
			<coordinate>pixel</coordinate>
			<type>rectangle</type>
			<description>None</description>
			<possibleresult>
				<name>Van</name>
			</possibleresult>
			<points>
				<point>224.000000,156.000000</point>
				<point>215.000000,163.000000</point>
				<point>203.000000,147.000000</point>
				<point>212.000000,140.000000</point>
				<point>224.000000,156.000000</point>
			</points>
		</object>
		<object>
			<coordinate>pixel</coordinate>
			<type>rectangle</type>
			<description>None</description>
			<possibleresult>
				<name>Small Car</name>
			</possibleresult>
			<points>
				<point>194.000000,174.000000</point>
				<point>186.000000,180.000000</point>
				<point>175.000000,165.000000</point>
				<point>183.000000,159.000000</point>
				<point>194.000000,174.000000</point>
			</points>
		</object>
		<object>
			<coordinate>pixel</coordinate>
			<type>rectangle</type>
			<description>None</description>
			<possibleresult>
				<name>Small Car</name>
			</possibleresult>
			<points>
				<point>185.000000,179.000000</point>
				<point>176.000000,186.000000</point>
				<point>164.000000,172.000000</point>
				<point>173.000000,164.000000</point>
				<point>185.000000,179.000000</point>
			</points>
		</object>
		<object>
			<coordinate>pixel</coordinate>
			<type>rectangle</type>
			<description>None</description>
			<possibleresult>
				<name>Dump Truck</name>
			</possibleresult>
			<points>
				<point>176.000000,185.000000</point>
				<point>170.000000,191.000000</point>
				<point>158.000000,177.000000</point>
				<point>165.000000,171.000000</point>
				<point>176.000000,185.000000</point>
			</points>
		</object>
		<object>
			<coordinate>pixel</coordinate>
			<type>rectangle</type>
			<description>None</description>
			<possibleresult>
				<name>Dump Truck</name>
			</possibleresult>
			<points>
				<point>168.000000,187.000000</point>
				<point>161.000000,195.000000</point>
				<point>148.000000,183.000000</point>
				<point>155.000000,175.000000</point>
				<point>168.000000,187.000000</point>
			</points>
		</object>
		<object>
			<coordinate>pixel</coordinate>
			<type>rectangle</type>
			<description>None</description>
			<possibleresult>
				<name>Small Car</name>
			</possibleresult>
			<points>
				<point>159.000000,197.000000</point>
				<point>151.000000,204.000000</point>
				<point>136.000000,187.000000</point>
				<point>144.000000,180.000000</point>
				<point>159.000000,197.000000</point>
			</points>
		</object>
		<object>
			<coordinate>pixel</coordinate>
			<type>rectangle</type>
			<description>None</description>
			<possibleresult>
				<name>Van</name>
			</possibleresult>
			<points>
				<point>149.000000,203.000000</point>
				<point>140.000000,209.000000</point>
				<point>127.000000,192.000000</point>
				<point>136.000000,186.000000</point>
				<point>149.000000,203.000000</point>
			</points>
		</object>
		<object>
			<coordinate>pixel</coordinate>
			<type>rectangle</type>
			<description>None</description>
			<possibleresult>
				<name>Van</name>
			</possibleresult>
			<points>
				<point>110.000000,199.000000</point>
				<point>109.000000,224.000000</point>
				<point>94.000000,224.000000</point>
				<point>95.000000,199.000000</point>
				<point>110.000000,199.000000</point>
			</points>
		</object>
		<object>
			<coordinate>pixel</coordinate>
			<type>rectangle</type>
			<description>None</description>
			<possibleresult>
				<name>Small Car</name>
			</possibleresult>
			<points>
				<point>96.000000,200.000000</point>
				<point>95.000000,221.000000</point>
				<point>83.000000,221.000000</point>
				<point>84.000000,200.000000</point>
				<point>96.000000,200.000000</point>
			</points>
		</object>
		<object>
			<coordinate>pixel</coordinate>
			<type>rectangle</type>
			<description>None</description>
			<possibleresult>
				<name>Van</name>
			</possibleresult>
			<points>
				<point>75.000000,197.000000</point>
				<point>74.000000,220.000000</point>
				<point>58.000000,220.000000</point>
				<point>60.000000,196.000000</point>
				<point>75.000000,197.000000</point>
			</points>
		</object>
		<object>
			<coordinate>pixel</coordinate>
			<type>rectangle</type>
			<description>None</description>
			<possibleresult>
				<name>Van</name>
			</possibleresult>
			<points>
				<point>49.000000,197.000000</point>
				<point>48.000000,217.000000</point>
				<point>37.000000,217.000000</point>
				<point>37.000000,197.000000</point>
				<point>49.000000,197.000000</point>
			</points>
		</object>
		<object>
			<coordinate>pixel</coordinate>
			<type>rectangle</type>
			<description>None</description>
			<possibleresult>
				<name>Cargo Truck</name>
			</possibleresult>
			<points>
				<point>26.000000,195.000000</point>
				<point>25.000000,215.000000</point>
				<point>11.000000,214.000000</point>
				<point>13.000000,194.000000</point>
				<point>26.000000,195.000000</point>
			</points>
		</object>
		<object>
			<coordinate>pixel</coordinate>
			<type>rectangle</type>
			<description>None</description>
			<possibleresult>
				<name>Van</name>
			</possibleresult>
			<points>
				<point>58.000000,243.000000</point>
				<point>56.000000,261.000000</point>
				<point>46.000000,261.000000</point>
				<point>47.000000,243.000000</point>
				<point>58.000000,243.000000</point>
			</points>
		</object>
		<object>
			<coordinate>pixel</coordinate>
			<type>rectangle</type>
			<description>None</description>
			<possibleresult>
				<name>Van</name>
			</possibleresult>
			<points>
				<point>70.000000,262.000000</point>
				<point>56.000000,262.000000</point>
				<point>58.000000,242.000000</point>
				<point>70.000000,242.000000</point>
				<point>70.000000,262.000000</point>
			</points>
		</object>
		<object>
			<coordinate>pixel</coordinate>
			<type>rectangle</type>
			<description>None</description>
			<possibleresult>
				<name>Van</name>
			</possibleresult>
			<points>
				<point>82.000000,263.000000</point>
				<point>70.000000,263.000000</point>
				<point>70.000000,242.000000</point>
				<point>82.000000,243.000000</point>
				<point>82.000000,263.000000</point>
			</points>
		</object>
		<object>
			<coordinate>pixel</coordinate>
			<type>rectangle</type>
			<description>None</description>
			<possibleresult>
				<name>Van</name>
			</possibleresult>
			<points>
				<point>93.000000,264.000000</point>
				<point>81.000000,264.000000</point>
				<point>81.000000,245.000000</point>
				<point>92.000000,245.000000</point>
				<point>93.000000,264.000000</point>
			</points>
		</object>
		<object>
			<coordinate>pixel</coordinate>
			<type>rectangle</type>
			<description>None</description>
			<possibleresult>
				<name>Van</name>
			</possibleresult>
			<points>
				<point>103.000000,265.000000</point>
				<point>92.000000,265.000000</point>
				<point>92.000000,244.000000</point>
				<point>103.000000,244.000000</point>
				<point>103.000000,265.000000</point>
			</points>
		</object>
		<object>
			<coordinate>pixel</coordinate>
			<type>rectangle</type>
			<description>None</description>
			<possibleresult>
				<name>Van</name>
			</possibleresult>
			<points>
				<point>115.000000,245.000000</point>
				<point>113.000000,264.000000</point>
				<point>101.000000,264.000000</point>
				<point>103.000000,244.000000</point>
				<point>115.000000,245.000000</point>
			</points>
		</object>
		<object>
			<coordinate>pixel</coordinate>
			<type>rectangle</type>
			<description>None</description>
			<possibleresult>
				<name>Dump Truck</name>
			</possibleresult>
			<points>
				<point>160.000000,250.000000</point>
				<point>152.000000,258.000000</point>
				<point>136.000000,243.000000</point>
				<point>144.000000,234.000000</point>
				<point>160.000000,250.000000</point>
			</points>
		</object>
		<object>
			<coordinate>pixel</coordinate>
			<type>rectangle</type>
			<description>None</description>
			<possibleresult>
				<name>Van</name>
			</possibleresult>
			<points>
				<point>183.000000,232.000000</point>
				<point>175.000000,239.000000</point>
				<point>163.000000,225.000000</point>
				<point>171.000000,218.000000</point>
				<point>183.000000,232.000000</point>
			</points>
		</object>
		<object>
			<coordinate>pixel</coordinate>
			<type>rectangle</type>
			<description>None</description>
			<possibleresult>
				<name>Van</name>
			</possibleresult>
			<points>
				<point>238.000000,200.000000</point>
				<point>229.000000,208.000000</point>
				<point>216.000000,193.000000</point>
				<point>225.000000,186.000000</point>
				<point>238.000000,200.000000</point>
			</points>
		</object>
		<object>
			<coordinate>pixel</coordinate>
			<type>rectangle</type>
			<description>None</description>
			<possibleresult>
				<name>Van</name>
			</possibleresult>
			<points>
				<point>246.000000,197.000000</point>
				<point>238.000000,203.000000</point>
				<point>226.000000,186.000000</point>
				<point>234.000000,180.000000</point>
				<point>246.000000,197.000000</point>
			</points>
		</object>
		<object>
			<coordinate>pixel</coordinate>
			<type>rectangle</type>
			<description>None</description>
			<possibleresult>
				<name>Dump Truck</name>
			</possibleresult>
			<points>
				<point>266.000000,186.000000</point>
				<point>257.000000,193.000000</point>
				<point>244.000000,175.000000</point>
				<point>253.000000,168.000000</point>
				<point>266.000000,186.000000</point>
			</points>
		</object>
		<object>
			<coordinate>pixel</coordinate>
			<type>rectangle</type>
			<description>None</description>
			<possibleresult>
				<name>Small Car</name>
			</possibleresult>
			<points>
				<point>283.000000,174.000000</point>
				<point>275.000000,181.000000</point>
				<point>263.000000,167.000000</point>
				<point>270.000000,160.000000</point>
				<point>283.000000,174.000000</point>
			</points>
		</object>
		<object>
			<coordinate>pixel</coordinate>
			<type>rectangle</type>
			<description>None</description>
			<possibleresult>
				<name>Small Car</name>
			</possibleresult>
			<points>
				<point>293.000000,171.000000</point>
				<point>286.000000,177.000000</point>
				<point>272.000000,162.000000</point>
				<point>279.000000,156.000000</point>
				<point>293.000000,171.000000</point>
			</points>
		</object>
		<object>
			<coordinate>pixel</coordinate>
			<type>rectangle</type>
			<description>None</description>
			<possibleresult>
				<name>Small Car</name>
			</possibleresult>
			<points>
				<point>300.000000,165.000000</point>
				<point>293.000000,171.000000</point>
				<point>281.000000,156.000000</point>
				<point>289.000000,150.000000</point>
				<point>300.000000,165.000000</point>
			</points>
		</object>
		<object>
			<coordinate>pixel</coordinate>
			<type>rectangle</type>
			<description>None</description>
			<possibleresult>
				<name>Van</name>
			</possibleresult>
			<points>
				<point>311.000000,161.000000</point>
				<point>301.000000,167.000000</point>
				<point>289.000000,148.000000</point>
				<point>299.000000,142.000000</point>
				<point>311.000000,161.000000</point>
			</points>
		</object>
		<object>
			<coordinate>pixel</coordinate>
			<type>rectangle</type>
			<description>None</description>
			<possibleresult>
				<name>Van</name>
			</possibleresult>
			<points>
				<point>325.000000,160.000000</point>
				<point>314.000000,167.000000</point>
				<point>296.000000,139.000000</point>
				<point>309.000000,132.000000</point>
				<point>325.000000,160.000000</point>
			</points>
		</object>
		<object>
			<coordinate>pixel</coordinate>
			<type>rectangle</type>
			<description>None</description>
			<possibleresult>
				<name>Dump Truck</name>
			</possibleresult>
			<points>
				<point>339.000000,144.000000</point>
				<point>329.000000,152.000000</point>
				<point>311.000000,132.000000</point>
				<point>323.000000,123.000000</point>
				<point>339.000000,144.000000</point>
			</points>
		</object>
		<object>
			<coordinate>pixel</coordinate>
			<type>rectangle</type>
			<description>None</description>
			<possibleresult>
				<name>Van</name>
			</possibleresult>
			<points>
				<point>346.000000,136.000000</point>
				<point>337.000000,143.000000</point>
				<point>322.000000,124.000000</point>
				<point>331.000000,117.000000</point>
				<point>346.000000,136.000000</point>
			</points>
		</object>
		<object>
			<coordinate>pixel</coordinate>
			<type>rectangle</type>
			<description>None</description>
			<possibleresult>
				<name>Van</name>
			</possibleresult>
			<points>
				<point>349.000000,101.000000</point>
				<point>343.000000,114.000000</point>
				<point>335.000000,111.000000</point>
				<point>341.000000,98.000000</point>
				<point>349.000000,101.000000</point>
			</points>
		</object>
		<object>
			<coordinate>pixel</coordinate>
			<type>rectangle</type>
			<description>None</description>
			<possibleresult>
				<name>Small Car</name>
			</possibleresult>
			<points>
				<point>371.000000,96.000000</point>
				<point>368.000000,107.000000</point>
				<point>347.000000,103.000000</point>
				<point>349.000000,92.000000</point>
				<point>371.000000,96.000000</point>
			</points>
		</object>
		<object>
			<coordinate>pixel</coordinate>
			<type>rectangle</type>
			<description>None</description>
			<possibleresult>
				<name>Van</name>
			</possibleresult>
			<points>
				<point>41.000000,195.000000</point>
				<point>30.000000,194.000000</point>
				<point>30.000000,189.000000</point>
				<point>41.000000,190.000000</point>
				<point>41.000000,195.000000</point>
			</points>
		</object>
		<object>
			<coordinate>pixel</coordinate>
			<type>rectangle</type>
			<description>None</description>
			<possibleresult>
				<name>Van</name>
			</possibleresult>
			<points>
				<point>16.000000,193.000000</point>
				<point>7.000000,193.000000</point>
				<point>7.000000,188.000000</point>
				<point>16.000000,187.000000</point>
				<point>16.000000,193.000000</point>
			</points>
		</object>
		<object>
			<coordinate>pixel</coordinate>
			<type>rectangle</type>
			<description>None</description>
			<possibleresult>
				<name>Van</name>
			</possibleresult>
			<points>
				<point>15.000000,238.000000</point>
				<point>11.000000,257.000000</point>
				<point>1.000000,256.000000</point>
				<point>3.000000,236.000000</point>
				<point>15.000000,238.000000</point>
			</points>
		</object>
		<object>
			<coordinate>pixel</coordinate>
			<type>rectangle</type>
			<description>None</description>
			<possibleresult>
				<name>Van</name>
			</possibleresult>
			<points>
				<point>211.000000,29.000000</point>
				<point>200.000000,29.000000</point>
				<point>200.000000,22.000000</point>
				<point>211.000000,22.000000</point>
				<point>211.000000,29.000000</point>
			</points>
		</object>
		<object>
			<coordinate>pixel</coordinate>
			<type>rectangle</type>
			<description>None</description>
			<possibleresult>
				<name>Van</name>
			</possibleresult>
			<points>
				<point>28.000000,195.000000</point>
				<point>18.000000,195.000000</point>
				<point>18.000000,190.000000</point>
				<point>28.000000,190.000000</point>
				<point>28.000000,195.000000</point>
			</points>
		</object>
		<object>
			<coordinate>pixel</coordinate>
			<type>rectangle</type>
			<description>None</description>
			<possibleresult>
				<name>Dump Truck</name>
			</possibleresult>
			<points>
				<point>100.000000,280.000000</point>
				<point>86.000000,280.000000</point>
				<point>85.000000,275.000000</point>
				<point>100.000000,274.000000</point>
				<point>100.000000,280.000000</point>
			</points>
		</object>
	</objects>
</annotation>