<?xml version="1.0" encoding="utf-8"?>
<annotation>
	<source>
		<filename>9993.tif</filename>
		<origin>GF2/GF3</origin>
	</source>
	<research>
		<version>1.0</version>
		<provider>FAIR1M</provider>
		<author>Cyber</author>
		<pluginname>FAIR1M</pluginname>
		<pluginclass>object detection</pluginclass>
		<time>2021-07-21</time>
	</research>
	<size>
		<width>1000</width>
		<height>1000</height>
		<depth>3</depth>
	</size>
	<objects>
		<object>
			<coordinate>pixel</coordinate>
			<type>rectangle</type>
			<description>None</description>
			<possibleresult>
				<name>Tennis Court</name>
			</possibleresult>
			<points>
				<point>253.000000,872.000000</point>
				<point>207.000000,872.000000</point>
				<point>205.000000,790.000000</point>
				<point>252.000000,791.000000</point>
				<point>253.000000,872.000000</point>
			</points>
		</object>
		<object>
			<coordinate>pixel</coordinate>
			<type>rectangle</type>
			<description>None</description>
			<possibleresult>
				<name>Tennis Court</name>
			</possibleresult>
			<points>
				<point>313.000000,872.000000</point>
				<point>267.000000,872.000000</point>
				<point>267.000000,791.000000</point>
				<point>313.000000,791.000000</point>
				<point>313.000000,872.000000</point>
			</points>
		</object>
		<object>
			<coordinate>pixel</coordinate>
			<type>rectangle</type>
			<description>None</description>
			<possibleresult>
				<name>Tennis Court</name>
			</possibleresult>
			<points>
				<point>557.000000,792.000000</point>
				<point>556.000000,872.000000</point>
				<point>511.000000,872.000000</point>
				<point>511.000000,791.000000</point>
				<point>557.000000,792.000000</point>
			</points>
		</object>
		<object>
			<coordinate>pixel</coordinate>
			<type>rectangle</type>
			<description>None</description>
			<possibleresult>
				<name>Tennis Court</name>
			</possibleresult>
			<points>
				<point>496.000000,872.000000</point>
				<point>450.000000,872.000000</point>
				<point>449.000000,791.000000</point>
				<point>496.000000,790.000000</point>
				<point>496.000000,872.000000</point>
			</points>
		</object>
		<object>
			<coordinate>pixel</coordinate>
			<type>rectangle</type>
			<description>None</description>
			<possibleresult>
				<name>Baseball Field</name>
			</possibleresult>
			<points>
				<point>569.000000,188.000000</point>
				<point>448.000000,302.000000</point>
				<point>332.000000,178.000000</point>
				<point>452.000000,64.000000</point>
				<point>569.000000,188.000000</point>
			</points>
		</object>
		<object>
			<coordinate>pixel</coordinate>
			<type>rectangle</type>
			<description>None</description>
			<possibleresult>
				<name>Tennis Court</name>
			</possibleresult>
			<points>
				<point>374.000000,872.000000</point>
				<point>327.000000,871.000000</point>
				<point>329.000000,791.000000</point>
				<point>374.000000,791.000000</point>
				<point>374.000000,872.000000</point>
			</points>
		</object>
		<object>
			<coordinate>pixel</coordinate>
			<type>rectangle</type>
			<description>None</description>
			<possibleresult>
				<name>Small Car</name>
			</possibleresult>
			<points>
				<point>891.000000,284.000000</point>
				<point>875.000000,296.000000</point>
				<point>870.000000,289.000000</point>
				<point>885.000000,277.000000</point>
				<point>891.000000,284.000000</point>
			</points>
		</object>
		<object>
			<coordinate>pixel</coordinate>
			<type>rectangle</type>
			<description>None</description>
			<possibleresult>
				<name>Small Car</name>
			</possibleresult>
			<points>
				<point>877.000000,269.000000</point>
				<point>860.000000,281.000000</point>
				<point>856.000000,274.000000</point>
				<point>873.000000,263.000000</point>
				<point>877.000000,269.000000</point>
			</points>
		</object>
		<object>
			<coordinate>pixel</coordinate>
			<type>rectangle</type>
			<description>None</description>
			<possibleresult>
				<name>Dump Truck</name>
			</possibleresult>
			<points>
				<point>45.000000,33.000000</point>
				<point>41.000000,43.000000</point>
				<point>12.000000,31.000000</point>
				<point>16.000000,21.000000</point>
				<point>45.000000,33.000000</point>
			</points>
		</object>
		<object>
			<coordinate>pixel</coordinate>
			<type>rectangle</type>
			<description>None</description>
			<possibleresult>
				<name>Tennis Court</name>
			</possibleresult>
			<points>
				<point>435.000000,791.000000</point>
				<point>434.000000,872.000000</point>
				<point>390.000000,872.000000</point>
				<point>389.000000,791.000000</point>
				<point>435.000000,791.000000</point>
			</points>
		</object>
		<object>
			<coordinate>pixel</coordinate>
			<type>rectangle</type>
			<description>None</description>
			<possibleresult>
				<name>Tennis Court</name>
			</possibleresult>
			<points>
				<point>681.999939,1000.000000</point>
				<point>634.999939,1000.000000</point>
				<point>634.999939,953.000000</point>
				<point>681.999939,953.000000</point>
				<point>681.999939,1000.000000</point>
			</points>
		</object>
		<object>
			<coordinate>pixel</coordinate>
			<type>rectangle</type>
			<description>None</description>
			<possibleresult>
				<name>Dump Truck</name>
			</possibleresult>
			<points>
				<point>856.000000,274.000000</point>
				<point>837.000000,286.000000</point>
				<point>832.000000,278.000000</point>
				<point>851.000000,266.000000</point>
				<point>856.000000,274.000000</point>
			</points>
		</object>
		<object>
			<coordinate>pixel</coordinate>
			<type>rectangle</type>
			<description>None</description>
			<possibleresult>
				<name>Dump Truck</name>
			</possibleresult>
			<points>
				<point>611.000000,861.000000</point>
				<point>589.000000,861.000000</point>
				<point>589.000000,853.000000</point>
				<point>611.000000,853.000000</point>
				<point>611.000000,861.000000</point>
			</points>
		</object>
		<object>
			<coordinate>pixel</coordinate>
			<type>rectangle</type>
			<description>None</description>
			<possibleresult>
				<name>Small Car</name>
			</possibleresult>
			<points>
				<point>610.000000,869.000000</point>
				<point>589.000000,870.000000</point>
				<point>589.000000,862.000000</point>
				<point>610.000000,862.000000</point>
				<point>610.000000,869.000000</point>
			</points>
		</object>
		<object>
			<coordinate>pixel</coordinate>
			<type>rectangle</type>
			<description>None</description>
			<possibleresult>
				<name>Van</name>
			</possibleresult>
			<points>
				<point>750.000000,374.000000</point>
				<point>731.000000,383.000000</point>
				<point>727.000000,376.000000</point>
				<point>747.000000,367.000000</point>
				<point>750.000000,374.000000</point>
			</points>
		</object>
	</objects>
</annotation>