<?xml version="1.0" encoding="utf-8"?>
<annotation>
	<source>
		<filename>1006.tif</filename>
		<origin>GF2/GF3</origin>
	</source>
	<research>
		<version>1.0</version>
		<provider>FAIR1M</provider>
		<author>Cyber</author>
		<pluginname>FAIR1M</pluginname>
		<pluginclass>object detection</pluginclass>
		<time>2021-07-21</time>
	</research>
	<size>
		<width>1500</width>
		<height>1500</height>
		<depth>3</depth>
	</size>
	<objects>
		<object>
			<coordinate>pixel</coordinate>
			<type>rectangle</type>
			<description>None</description>
			<possibleresult>
				<name>Motorboat</name>
			</possibleresult>
			<points>
				<point>303.000000,362.000000</point>
				<point>300.000000,376.000000</point>
				<point>308.000000,379.000000</point>
				<point>311.000000,364.000000</point>
				<point>303.000000,362.000000</point>
			</points>
		</object>
		<object>
			<coordinate>pixel</coordinate>
			<type>rectangle</type>
			<description>None</description>
			<possibleresult>
				<name>other-ship</name>
			</possibleresult>
			<points>
				<point>311.000000,583.000000</point>
				<point>283.000000,601.000000</point>
				<point>288.000000,609.000000</point>
				<point>316.000000,591.000000</point>
				<point>311.000000,583.000000</point>
			</points>
		</object>
		<object>
			<coordinate>pixel</coordinate>
			<type>rectangle</type>
			<description>None</description>
			<possibleresult>
				<name>Dry Cargo Ship</name>
			</possibleresult>
			<points>
				<point>825.000000,1426.000000</point>
				<point>802.000000,1494.000000</point>
				<point>819.000000,1500.000000</point>
				<point>842.000000,1432.000000</point>
				<point>825.000000,1426.000000</point>
			</points>
		</object>
	</objects>
</annotation>