<?xml version="1.0" encoding="utf-8"?>
<annotation>
	<source>
		<filename>1007.tif</filename>
		<origin>GF2/GF3</origin>
	</source>
	<research>
		<version>1.0</version>
		<provider>FAIR1M</provider>
		<author>Cyber</author>
		<pluginname>FAIR1M</pluginname>
		<pluginclass>object detection</pluginclass>
		<time>2021-07-21</time>
	</research>
	<size>
		<width>1000</width>
		<height>1000</height>
		<depth>3</depth>
	</size>
	<objects>
		<object>
			<coordinate>pixel</coordinate>
			<type>rectangle</type>
			<description>None</description>
			<possibleresult>
				<name>A220</name>
			</possibleresult>
			<points>
				<point>909.000000,404.000000</point>
				<point>869.000000,430.000000</point>
				<point>894.000000,470.000000</point>
				<point>934.000000,443.000000</point>
				<point>909.000000,404.000000</point>
			</points>
		</object>
		<object>
			<coordinate>pixel</coordinate>
			<type>rectangle</type>
			<description>None</description>
			<possibleresult>
				<name>other-airplane</name>
			</possibleresult>
			<points>
				<point>738.000000,598.000000</point>
				<point>775.000000,570.000000</point>
				<point>751.000000,539.000000</point>
				<point>713.000000,568.000000</point>
				<point>738.000000,598.000000</point>
			</points>
		</object>
		<object>
			<coordinate>pixel</coordinate>
			<type>rectangle</type>
			<description>None</description>
			<possibleresult>
				<name>A321</name>
			</possibleresult>
			<points>
				<point>734.000000,120.000000</point>
				<point>688.000000,152.000000</point>
				<point>713.000000,190.000000</point>
				<point>759.000000,160.000000</point>
				<point>734.000000,120.000000</point>
			</points>
		</object>
		<object>
			<coordinate>pixel</coordinate>
			<type>rectangle</type>
			<description>None</description>
			<possibleresult>
				<name>A321</name>
			</possibleresult>
			<points>
				<point>763.000000,163.000000</point>
				<point>717.000000,194.000000</point>
				<point>744.000000,237.000000</point>
				<point>790.000000,207.000000</point>
				<point>763.000000,163.000000</point>
			</points>
		</object>
		<object>
			<coordinate>pixel</coordinate>
			<type>rectangle</type>
			<description>None</description>
			<possibleresult>
				<name>A220</name>
			</possibleresult>
			<points>
				<point>171.000000,764.000000</point>
				<point>194.000000,807.000000</point>
				<point>234.000000,787.000000</point>
				<point>211.000000,744.000000</point>
				<point>171.000000,764.000000</point>
			</points>
		</object>
		<object>
			<coordinate>pixel</coordinate>
			<type>rectangle</type>
			<description>None</description>
			<possibleresult>
				<name>Boeing787</name>
			</possibleresult>
			<points>
				<point>63.000000,828.000000</point>
				<point>98.000000,888.000000</point>
				<point>163.000000,852.000000</point>
				<point>128.000000,792.000000</point>
				<point>63.000000,828.000000</point>
			</points>
		</object>
		<object>
			<coordinate>pixel</coordinate>
			<type>rectangle</type>
			<description>None</description>
			<possibleresult>
				<name>Football Field</name>
			</possibleresult>
			<points>
				<point>263.000000,231.000000</point>
				<point>263.000000,172.000000</point>
				<point>307.000000,172.000000</point>
				<point>307.000000,231.000000</point>
				<point>263.000000,231.000000</point>
			</points>
		</object>
		<object>
			<coordinate>pixel</coordinate>
			<type>rectangle</type>
			<description>None</description>
			<possibleresult>
				<name>Basketball Court</name>
			</possibleresult>
			<points>
				<point>357.000000,218.000000</point>
				<point>340.000000,191.000000</point>
				<point>355.000000,182.000000</point>
				<point>372.000000,209.000000</point>
				<point>357.000000,218.000000</point>
			</points>
		</object>
		<object>
			<coordinate>pixel</coordinate>
			<type>rectangle</type>
			<description>None</description>
			<possibleresult>
				<name>Basketball Court</name>
			</possibleresult>
			<points>
				<point>375.000000,206.000000</point>
				<point>358.000000,180.000000</point>
				<point>373.000000,170.000000</point>
				<point>390.000000,197.000000</point>
				<point>375.000000,206.000000</point>
			</points>
		</object>
		<object>
			<coordinate>pixel</coordinate>
			<type>rectangle</type>
			<description>None</description>
			<possibleresult>
				<name>Basketball Court</name>
			</possibleresult>
			<points>
				<point>393.000000,195.000000</point>
				<point>377.000000,168.000000</point>
				<point>392.000000,159.000000</point>
				<point>408.000000,186.000000</point>
				<point>393.000000,195.000000</point>
			</points>
		</object>
	</objects>
</annotation>