<?xml version="1.0" encoding="utf-8"?>
<annotation>
	<source>
		<filename>1010.tif</filename>
		<origin>GF2/GF3</origin>
	</source>
	<research>
		<version>1.0</version>
		<provider>FAIR1M</provider>
		<author>Cyber</author>
		<pluginname>FAIR1M</pluginname>
		<pluginclass>object detection</pluginclass>
		<time>2021-07-21</time>
	</research>
	<size>
		<width>1000</width>
		<height>1000</height>
		<depth>3</depth>
	</size>
	<objects>
		<object>
			<coordinate>pixel</coordinate>
			<type>rectangle</type>
			<description>None</description>
			<possibleresult>
				<name>Small Car</name>
			</possibleresult>
			<points>
				<point>555.000000,67.000000</point>
				<point>545.000000,80.000000</point>
				<point>540.000000,75.000000</point>
				<point>550.000000,62.000000</point>
				<point>555.000000,67.000000</point>
			</points>
		</object>
		<object>
			<coordinate>pixel</coordinate>
			<type>rectangle</type>
			<description>None</description>
			<possibleresult>
				<name>Small Car</name>
			</possibleresult>
			<points>
				<point>691.000000,316.000000</point>
				<point>673.000000,323.000000</point>
				<point>670.000000,316.000000</point>
				<point>688.000000,309.000000</point>
				<point>691.000000,316.000000</point>
			</points>
		</object>
		<object>
			<coordinate>pixel</coordinate>
			<type>rectangle</type>
			<description>None</description>
			<possibleresult>
				<name>Van</name>
			</possibleresult>
			<points>
				<point>594.000000,411.000000</point>
				<point>587.000000,416.000000</point>
				<point>580.000000,403.000000</point>
				<point>587.000000,398.000000</point>
				<point>594.000000,411.000000</point>
			</points>
		</object>
		<object>
			<coordinate>pixel</coordinate>
			<type>rectangle</type>
			<description>None</description>
			<possibleresult>
				<name>Small Car</name>
			</possibleresult>
			<points>
				<point>643.000000,332.000000</point>
				<point>625.000000,338.000000</point>
				<point>623.000000,331.000000</point>
				<point>641.000000,325.000000</point>
				<point>643.000000,332.000000</point>
			</points>
		</object>
		<object>
			<coordinate>pixel</coordinate>
			<type>rectangle</type>
			<description>None</description>
			<possibleresult>
				<name>Van</name>
			</possibleresult>
			<points>
				<point>621.000000,338.000000</point>
				<point>606.000000,343.000000</point>
				<point>604.000000,337.000000</point>
				<point>619.000000,332.000000</point>
				<point>621.000000,338.000000</point>
			</points>
		</object>
		<object>
			<coordinate>pixel</coordinate>
			<type>rectangle</type>
			<description>None</description>
			<possibleresult>
				<name>Small Car</name>
			</possibleresult>
			<points>
				<point>597.000000,347.000000</point>
				<point>577.000000,354.000000</point>
				<point>574.000000,347.000000</point>
				<point>595.000000,341.000000</point>
				<point>597.000000,347.000000</point>
			</points>
		</object>
		<object>
			<coordinate>pixel</coordinate>
			<type>rectangle</type>
			<description>None</description>
			<possibleresult>
				<name>Small Car</name>
			</possibleresult>
			<points>
				<point>570.000000,354.000000</point>
				<point>551.000000,361.000000</point>
				<point>548.000000,354.000000</point>
				<point>568.000000,347.000000</point>
				<point>570.000000,354.000000</point>
			</points>
		</object>
		<object>
			<coordinate>pixel</coordinate>
			<type>rectangle</type>
			<description>None</description>
			<possibleresult>
				<name>Van</name>
			</possibleresult>
			<points>
				<point>527.000000,369.000000</point>
				<point>507.000000,377.000000</point>
				<point>504.000000,371.000000</point>
				<point>525.000000,364.000000</point>
				<point>527.000000,369.000000</point>
			</points>
		</object>
		<object>
			<coordinate>pixel</coordinate>
			<type>rectangle</type>
			<description>None</description>
			<possibleresult>
				<name>Small Car</name>
			</possibleresult>
			<points>
				<point>415.000000,486.000000</point>
				<point>413.000000,500.000000</point>
				<point>406.000000,499.000000</point>
				<point>408.000000,485.000000</point>
				<point>415.000000,486.000000</point>
			</points>
		</object>
		<object>
			<coordinate>pixel</coordinate>
			<type>rectangle</type>
			<description>None</description>
			<possibleresult>
				<name>Small Car</name>
			</possibleresult>
			<points>
				<point>399.000000,547.000000</point>
				<point>395.000000,561.000000</point>
				<point>388.000000,559.000000</point>
				<point>391.000000,546.000000</point>
				<point>399.000000,547.000000</point>
			</points>
		</object>
		<object>
			<coordinate>pixel</coordinate>
			<type>rectangle</type>
			<description>None</description>
			<possibleresult>
				<name>Small Car</name>
			</possibleresult>
			<points>
				<point>396.000000,605.000000</point>
				<point>393.000000,620.000000</point>
				<point>386.000000,619.000000</point>
				<point>389.000000,604.000000</point>
				<point>396.000000,605.000000</point>
			</points>
		</object>
		<object>
			<coordinate>pixel</coordinate>
			<type>rectangle</type>
			<description>None</description>
			<possibleresult>
				<name>Small Car</name>
			</possibleresult>
			<points>
				<point>361.000000,692.000000</point>
				<point>357.000000,708.000000</point>
				<point>349.000000,707.000000</point>
				<point>352.000000,690.000000</point>
				<point>361.000000,692.000000</point>
			</points>
		</object>
		<object>
			<coordinate>pixel</coordinate>
			<type>rectangle</type>
			<description>None</description>
			<possibleresult>
				<name>Small Car</name>
			</possibleresult>
			<points>
				<point>343.000000,753.000000</point>
				<point>340.000000,764.000000</point>
				<point>334.000000,763.000000</point>
				<point>336.000000,751.000000</point>
				<point>343.000000,753.000000</point>
			</points>
		</object>
		<object>
			<coordinate>pixel</coordinate>
			<type>rectangle</type>
			<description>None</description>
			<possibleresult>
				<name>Van</name>
			</possibleresult>
			<points>
				<point>370.000000,866.000000</point>
				<point>364.000000,870.000000</point>
				<point>354.000000,854.000000</point>
				<point>361.000000,851.000000</point>
				<point>370.000000,866.000000</point>
			</points>
		</object>
		<object>
			<coordinate>pixel</coordinate>
			<type>rectangle</type>
			<description>None</description>
			<possibleresult>
				<name>Van</name>
			</possibleresult>
			<points>
				<point>602.000000,868.000000</point>
				<point>585.000000,875.000000</point>
				<point>582.000000,871.000000</point>
				<point>600.000000,863.000000</point>
				<point>602.000000,868.000000</point>
			</points>
		</object>
		<object>
			<coordinate>pixel</coordinate>
			<type>rectangle</type>
			<description>None</description>
			<possibleresult>
				<name>Dump Truck</name>
			</possibleresult>
			<points>
				<point>699.000000,858.000000</point>
				<point>679.000000,865.000000</point>
				<point>677.000000,858.000000</point>
				<point>696.000000,852.000000</point>
				<point>699.000000,858.000000</point>
			</points>
		</object>
		<object>
			<coordinate>pixel</coordinate>
			<type>rectangle</type>
			<description>None</description>
			<possibleresult>
				<name>Van</name>
			</possibleresult>
			<points>
				<point>752.000000,818.000000</point>
				<point>733.000000,824.000000</point>
				<point>732.000000,817.000000</point>
				<point>750.000000,812.000000</point>
				<point>752.000000,818.000000</point>
			</points>
		</object>
		<object>
			<coordinate>pixel</coordinate>
			<type>rectangle</type>
			<description>None</description>
			<possibleresult>
				<name>Small Car</name>
			</possibleresult>
			<points>
				<point>769.000000,797.000000</point>
				<point>763.000000,800.000000</point>
				<point>755.000000,785.000000</point>
				<point>760.000000,781.000000</point>
				<point>769.000000,797.000000</point>
			</points>
		</object>
		<object>
			<coordinate>pixel</coordinate>
			<type>rectangle</type>
			<description>None</description>
			<possibleresult>
				<name>Small Car</name>
			</possibleresult>
			<points>
				<point>808.000000,849.000000</point>
				<point>802.000000,853.000000</point>
				<point>795.000000,840.000000</point>
				<point>801.000000,836.000000</point>
				<point>808.000000,849.000000</point>
			</points>
		</object>
		<object>
			<coordinate>pixel</coordinate>
			<type>rectangle</type>
			<description>None</description>
			<possibleresult>
				<name>Small Car</name>
			</possibleresult>
			<points>
				<point>811.000000,800.000000</point>
				<point>796.000000,805.000000</point>
				<point>794.000000,799.000000</point>
				<point>809.000000,794.000000</point>
				<point>811.000000,800.000000</point>
			</points>
		</object>
		<object>
			<coordinate>pixel</coordinate>
			<type>rectangle</type>
			<description>None</description>
			<possibleresult>
				<name>Small Car</name>
			</possibleresult>
			<points>
				<point>828.000000,815.000000</point>
				<point>808.000000,823.000000</point>
				<point>805.000000,816.000000</point>
				<point>826.000000,809.000000</point>
				<point>828.000000,815.000000</point>
			</points>
		</object>
		<object>
			<coordinate>pixel</coordinate>
			<type>rectangle</type>
			<description>None</description>
			<possibleresult>
				<name>Small Car</name>
			</possibleresult>
			<points>
				<point>502.000000,44.000000</point>
				<point>490.000000,56.000000</point>
				<point>484.000000,51.000000</point>
				<point>495.000000,38.000000</point>
				<point>502.000000,44.000000</point>
			</points>
		</object>
		<object>
			<coordinate>pixel</coordinate>
			<type>rectangle</type>
			<description>None</description>
			<possibleresult>
				<name>Dump Truck</name>
			</possibleresult>
			<points>
				<point>994.000000,401.000000</point>
				<point>990.000000,406.000000</point>
				<point>977.000000,397.000000</point>
				<point>980.000000,391.000000</point>
				<point>994.000000,401.000000</point>
			</points>
		</object>
		<object>
			<coordinate>pixel</coordinate>
			<type>rectangle</type>
			<description>None</description>
			<possibleresult>
				<name>Small Car</name>
			</possibleresult>
			<points>
				<point>975.000000,391.000000</point>
				<point>972.000000,397.000000</point>
				<point>956.000000,387.000000</point>
				<point>959.000000,381.000000</point>
				<point>975.000000,391.000000</point>
			</points>
		</object>
		<object>
			<coordinate>pixel</coordinate>
			<type>rectangle</type>
			<description>None</description>
			<possibleresult>
				<name>Van</name>
			</possibleresult>
			<points>
				<point>955.000000,380.000000</point>
				<point>952.000000,385.000000</point>
				<point>940.000000,379.000000</point>
				<point>943.000000,374.000000</point>
				<point>955.000000,380.000000</point>
			</points>
		</object>
		<object>
			<coordinate>pixel</coordinate>
			<type>rectangle</type>
			<description>None</description>
			<possibleresult>
				<name>Small Car</name>
			</possibleresult>
			<points>
				<point>940.000000,371.000000</point>
				<point>936.000000,378.000000</point>
				<point>918.000000,368.000000</point>
				<point>921.000000,360.000000</point>
				<point>940.000000,371.000000</point>
			</points>
		</object>
		<object>
			<coordinate>pixel</coordinate>
			<type>rectangle</type>
			<description>None</description>
			<possibleresult>
				<name>Small Car</name>
			</possibleresult>
			<points>
				<point>909.000000,354.000000</point>
				<point>906.000000,361.000000</point>
				<point>890.000000,353.000000</point>
				<point>894.000000,345.000000</point>
				<point>909.000000,354.000000</point>
			</points>
		</object>
		<object>
			<coordinate>pixel</coordinate>
			<type>rectangle</type>
			<description>None</description>
			<possibleresult>
				<name>Van</name>
			</possibleresult>
			<points>
				<point>882.000000,339.000000</point>
				<point>879.000000,345.000000</point>
				<point>864.000000,338.000000</point>
				<point>866.000000,331.000000</point>
				<point>882.000000,339.000000</point>
			</points>
		</object>
		<object>
			<coordinate>pixel</coordinate>
			<type>rectangle</type>
			<description>None</description>
			<possibleresult>
				<name>Van</name>
			</possibleresult>
			<points>
				<point>863.000000,329.000000</point>
				<point>860.000000,335.000000</point>
				<point>842.000000,327.000000</point>
				<point>844.000000,320.000000</point>
				<point>863.000000,329.000000</point>
			</points>
		</object>
		<object>
			<coordinate>pixel</coordinate>
			<type>rectangle</type>
			<description>None</description>
			<possibleresult>
				<name>Small Car</name>
			</possibleresult>
			<points>
				<point>498.000000,120.000000</point>
				<point>493.000000,126.000000</point>
				<point>477.000000,115.000000</point>
				<point>483.000000,108.000000</point>
				<point>498.000000,120.000000</point>
			</points>
		</object>
		<object>
			<coordinate>pixel</coordinate>
			<type>rectangle</type>
			<description>None</description>
			<possibleresult>
				<name>Small Car</name>
			</possibleresult>
			<points>
				<point>458.000000,97.000000</point>
				<point>454.000000,103.000000</point>
				<point>439.000000,92.000000</point>
				<point>443.000000,86.000000</point>
				<point>458.000000,97.000000</point>
			</points>
		</object>
		<object>
			<coordinate>pixel</coordinate>
			<type>rectangle</type>
			<description>None</description>
			<possibleresult>
				<name>Van</name>
			</possibleresult>
			<points>
				<point>423.000000,60.000000</point>
				<point>420.000000,65.000000</point>
				<point>403.000000,56.000000</point>
				<point>407.000000,50.000000</point>
				<point>423.000000,60.000000</point>
			</points>
		</object>
		<object>
			<coordinate>pixel</coordinate>
			<type>rectangle</type>
			<description>None</description>
			<possibleresult>
				<name>Small Car</name>
			</possibleresult>
			<points>
				<point>412.000000,39.000000</point>
				<point>408.000000,44.000000</point>
				<point>393.000000,32.000000</point>
				<point>397.000000,27.000000</point>
				<point>412.000000,39.000000</point>
			</points>
		</object>
		<object>
			<coordinate>pixel</coordinate>
			<type>rectangle</type>
			<description>None</description>
			<possibleresult>
				<name>Small Car</name>
			</possibleresult>
			<points>
				<point>908.000000,880.000000</point>
				<point>890.000000,886.000000</point>
				<point>888.000000,880.000000</point>
				<point>906.000000,874.000000</point>
				<point>908.000000,880.000000</point>
			</points>
		</object>
		<object>
			<coordinate>pixel</coordinate>
			<type>rectangle</type>
			<description>None</description>
			<possibleresult>
				<name>Van</name>
			</possibleresult>
			<points>
				<point>904.000000,869.000000</point>
				<point>885.000000,875.000000</point>
				<point>883.000000,869.000000</point>
				<point>903.000000,864.000000</point>
				<point>904.000000,869.000000</point>
			</points>
		</object>
		<object>
			<coordinate>pixel</coordinate>
			<type>rectangle</type>
			<description>None</description>
			<possibleresult>
				<name>Van</name>
			</possibleresult>
			<points>
				<point>932.000000,654.000000</point>
				<point>922.000000,668.000000</point>
				<point>916.000000,663.000000</point>
				<point>926.000000,649.000000</point>
				<point>932.000000,654.000000</point>
			</points>
		</object>
		<object>
			<coordinate>pixel</coordinate>
			<type>rectangle</type>
			<description>None</description>
			<possibleresult>
				<name>Small Car</name>
			</possibleresult>
			<points>
				<point>909.000000,698.000000</point>
				<point>905.000000,704.000000</point>
				<point>890.000000,696.000000</point>
				<point>893.000000,689.000000</point>
				<point>909.000000,698.000000</point>
			</points>
		</object>
		<object>
			<coordinate>pixel</coordinate>
			<type>rectangle</type>
			<description>None</description>
			<possibleresult>
				<name>Van</name>
			</possibleresult>
			<points>
				<point>833.000000,660.000000</point>
				<point>832.000000,666.000000</point>
				<point>814.000000,663.000000</point>
				<point>815.000000,657.000000</point>
				<point>833.000000,660.000000</point>
			</points>
		</object>
		<object>
			<coordinate>pixel</coordinate>
			<type>rectangle</type>
			<description>None</description>
			<possibleresult>
				<name>Small Car</name>
			</possibleresult>
			<points>
				<point>805.000000,656.000000</point>
				<point>804.000000,663.000000</point>
				<point>784.000000,660.000000</point>
				<point>785.000000,653.000000</point>
				<point>805.000000,656.000000</point>
			</points>
		</object>
		<object>
			<coordinate>pixel</coordinate>
			<type>rectangle</type>
			<description>None</description>
			<possibleresult>
				<name>Van</name>
			</possibleresult>
			<points>
				<point>754.000000,647.000000</point>
				<point>753.000000,654.000000</point>
				<point>732.000000,651.000000</point>
				<point>733.000000,644.000000</point>
				<point>754.000000,647.000000</point>
			</points>
		</object>
		<object>
			<coordinate>pixel</coordinate>
			<type>rectangle</type>
			<description>None</description>
			<possibleresult>
				<name>Small Car</name>
			</possibleresult>
			<points>
				<point>687.000000,637.000000</point>
				<point>686.000000,644.000000</point>
				<point>665.000000,642.000000</point>
				<point>666.000000,635.000000</point>
				<point>687.000000,637.000000</point>
			</points>
		</object>
		<object>
			<coordinate>pixel</coordinate>
			<type>rectangle</type>
			<description>None</description>
			<possibleresult>
				<name>Van</name>
			</possibleresult>
			<points>
				<point>639.000000,670.000000</point>
				<point>636.000000,687.000000</point>
				<point>627.000000,685.000000</point>
				<point>630.000000,668.000000</point>
				<point>639.000000,670.000000</point>
			</points>
		</object>
		<object>
			<coordinate>pixel</coordinate>
			<type>rectangle</type>
			<description>None</description>
			<possibleresult>
				<name>Van</name>
			</possibleresult>
			<points>
				<point>628.000000,628.000000</point>
				<point>626.000000,635.000000</point>
				<point>606.000000,632.000000</point>
				<point>608.000000,625.000000</point>
				<point>628.000000,628.000000</point>
			</points>
		</object>
		<object>
			<coordinate>pixel</coordinate>
			<type>rectangle</type>
			<description>None</description>
			<possibleresult>
				<name>Van</name>
			</possibleresult>
			<points>
				<point>645.000000,611.000000</point>
				<point>643.000000,618.000000</point>
				<point>621.000000,613.000000</point>
				<point>622.000000,607.000000</point>
				<point>645.000000,611.000000</point>
			</points>
		</object>
		<object>
			<coordinate>pixel</coordinate>
			<type>rectangle</type>
			<description>None</description>
			<possibleresult>
				<name>Small Car</name>
			</possibleresult>
			<points>
				<point>618.000000,606.000000</point>
				<point>617.000000,613.000000</point>
				<point>596.000000,610.000000</point>
				<point>597.000000,603.000000</point>
				<point>618.000000,606.000000</point>
			</points>
		</object>
		<object>
			<coordinate>pixel</coordinate>
			<type>rectangle</type>
			<description>None</description>
			<possibleresult>
				<name>Small Car</name>
			</possibleresult>
			<points>
				<point>602.000000,623.000000</point>
				<point>601.000000,630.000000</point>
				<point>580.000000,626.000000</point>
				<point>582.000000,620.000000</point>
				<point>602.000000,623.000000</point>
			</points>
		</object>
		<object>
			<coordinate>pixel</coordinate>
			<type>rectangle</type>
			<description>None</description>
			<possibleresult>
				<name>Van</name>
			</possibleresult>
			<points>
				<point>506.000000,622.000000</point>
				<point>503.000000,638.000000</point>
				<point>495.000000,637.000000</point>
				<point>497.000000,620.000000</point>
				<point>506.000000,622.000000</point>
			</points>
		</object>
		<object>
			<coordinate>pixel</coordinate>
			<type>rectangle</type>
			<description>None</description>
			<possibleresult>
				<name>Van</name>
			</possibleresult>
			<points>
				<point>489.000000,607.000000</point>
				<point>488.000000,614.000000</point>
				<point>468.000000,610.000000</point>
				<point>470.000000,604.000000</point>
				<point>489.000000,607.000000</point>
			</points>
		</object>
		<object>
			<coordinate>pixel</coordinate>
			<type>rectangle</type>
			<description>None</description>
			<possibleresult>
				<name>Van</name>
			</possibleresult>
			<points>
				<point>431.000000,781.000000</point>
				<point>412.000000,784.000000</point>
				<point>411.000000,778.000000</point>
				<point>430.000000,775.000000</point>
				<point>431.000000,781.000000</point>
			</points>
		</object>
		<object>
			<coordinate>pixel</coordinate>
			<type>rectangle</type>
			<description>None</description>
			<possibleresult>
				<name>Van</name>
			</possibleresult>
			<points>
				<point>811.000000,760.000000</point>
				<point>806.000000,764.000000</point>
				<point>797.000000,750.000000</point>
				<point>802.000000,746.000000</point>
				<point>811.000000,760.000000</point>
			</points>
		</object>
		<object>
			<coordinate>pixel</coordinate>
			<type>rectangle</type>
			<description>None</description>
			<possibleresult>
				<name>Small Car</name>
			</possibleresult>
			<points>
				<point>713.000000,564.000000</point>
				<point>711.000000,581.000000</point>
				<point>701.000000,579.000000</point>
				<point>704.000000,563.000000</point>
				<point>713.000000,564.000000</point>
			</points>
		</object>
		<object>
			<coordinate>pixel</coordinate>
			<type>rectangle</type>
			<description>None</description>
			<possibleresult>
				<name>Small Car</name>
			</possibleresult>
			<points>
				<point>689.000000,480.000000</point>
				<point>688.000000,487.000000</point>
				<point>670.000000,483.000000</point>
				<point>672.000000,477.000000</point>
				<point>689.000000,480.000000</point>
			</points>
		</object>
		<object>
			<coordinate>pixel</coordinate>
			<type>rectangle</type>
			<description>None</description>
			<possibleresult>
				<name>Small Car</name>
			</possibleresult>
			<points>
				<point>690.000000,470.000000</point>
				<point>689.000000,477.000000</point>
				<point>669.000000,473.000000</point>
				<point>671.000000,467.000000</point>
				<point>690.000000,470.000000</point>
			</points>
		</object>
		<object>
			<coordinate>pixel</coordinate>
			<type>rectangle</type>
			<description>None</description>
			<possibleresult>
				<name>Small Car</name>
			</possibleresult>
			<points>
				<point>692.000000,461.000000</point>
				<point>691.000000,468.000000</point>
				<point>671.000000,464.000000</point>
				<point>673.000000,458.000000</point>
				<point>692.000000,461.000000</point>
			</points>
		</object>
		<object>
			<coordinate>pixel</coordinate>
			<type>rectangle</type>
			<description>None</description>
			<possibleresult>
				<name>Small Car</name>
			</possibleresult>
			<points>
				<point>748.000000,457.000000</point>
				<point>746.000000,464.000000</point>
				<point>730.000000,460.000000</point>
				<point>731.000000,452.000000</point>
				<point>748.000000,457.000000</point>
			</points>
		</object>
		<object>
			<coordinate>pixel</coordinate>
			<type>rectangle</type>
			<description>None</description>
			<possibleresult>
				<name>Small Car</name>
			</possibleresult>
			<points>
				<point>743.000000,466.000000</point>
				<point>741.000000,473.000000</point>
				<point>724.000000,470.000000</point>
				<point>726.000000,463.000000</point>
				<point>743.000000,466.000000</point>
			</points>
		</object>
		<object>
			<coordinate>pixel</coordinate>
			<type>rectangle</type>
			<description>None</description>
			<possibleresult>
				<name>Van</name>
			</possibleresult>
			<points>
				<point>738.000000,474.000000</point>
				<point>736.000000,481.000000</point>
				<point>719.000000,476.000000</point>
				<point>720.000000,470.000000</point>
				<point>738.000000,474.000000</point>
			</points>
		</object>
		<object>
			<coordinate>pixel</coordinate>
			<type>rectangle</type>
			<description>None</description>
			<possibleresult>
				<name>Small Car</name>
			</possibleresult>
			<points>
				<point>486.000000,239.000000</point>
				<point>471.000000,254.000000</point>
				<point>466.000000,249.000000</point>
				<point>481.000000,234.000000</point>
				<point>486.000000,239.000000</point>
			</points>
		</object>
		<object>
			<coordinate>pixel</coordinate>
			<type>rectangle</type>
			<description>None</description>
			<possibleresult>
				<name>Van</name>
			</possibleresult>
			<points>
				<point>245.000000,302.000000</point>
				<point>240.000000,315.000000</point>
				<point>234.000000,312.000000</point>
				<point>239.000000,299.000000</point>
				<point>245.000000,302.000000</point>
			</points>
		</object>
		<object>
			<coordinate>pixel</coordinate>
			<type>rectangle</type>
			<description>None</description>
			<possibleresult>
				<name>Small Car</name>
			</possibleresult>
			<points>
				<point>202.000000,203.000000</point>
				<point>198.000000,210.000000</point>
				<point>181.000000,201.000000</point>
				<point>185.000000,194.000000</point>
				<point>202.000000,203.000000</point>
			</points>
		</object>
		<object>
			<coordinate>pixel</coordinate>
			<type>rectangle</type>
			<description>None</description>
			<possibleresult>
				<name>Van</name>
			</possibleresult>
			<points>
				<point>207.000000,197.000000</point>
				<point>204.000000,203.000000</point>
				<point>188.000000,192.000000</point>
				<point>191.000000,186.000000</point>
				<point>207.000000,197.000000</point>
			</points>
		</object>
		<object>
			<coordinate>pixel</coordinate>
			<type>rectangle</type>
			<description>None</description>
			<possibleresult>
				<name>Small Car</name>
			</possibleresult>
			<points>
				<point>221.000000,192.000000</point>
				<point>217.000000,198.000000</point>
				<point>202.000000,188.000000</point>
				<point>206.000000,182.000000</point>
				<point>221.000000,192.000000</point>
			</points>
		</object>
		<object>
			<coordinate>pixel</coordinate>
			<type>rectangle</type>
			<description>None</description>
			<possibleresult>
				<name>Small Car</name>
			</possibleresult>
			<points>
				<point>254.000000,54.000000</point>
				<point>249.000000,59.000000</point>
				<point>239.000000,51.000000</point>
				<point>244.000000,46.000000</point>
				<point>254.000000,54.000000</point>
			</points>
		</object>
		<object>
			<coordinate>pixel</coordinate>
			<type>rectangle</type>
			<description>None</description>
			<possibleresult>
				<name>Van</name>
			</possibleresult>
			<points>
				<point>273.000000,43.000000</point>
				<point>270.000000,47.000000</point>
				<point>258.000000,38.000000</point>
				<point>261.000000,34.000000</point>
				<point>273.000000,43.000000</point>
			</points>
		</object>
		<object>
			<coordinate>pixel</coordinate>
			<type>rectangle</type>
			<description>None</description>
			<possibleresult>
				<name>Small Car</name>
			</possibleresult>
			<points>
				<point>231.000000,15.000000</point>
				<point>227.000000,21.000000</point>
				<point>213.000000,10.000000</point>
				<point>217.000000,5.000000</point>
				<point>231.000000,15.000000</point>
			</points>
		</object>
		<object>
			<coordinate>pixel</coordinate>
			<type>rectangle</type>
			<description>None</description>
			<possibleresult>
				<name>Van</name>
			</possibleresult>
			<points>
				<point>223.000000,23.000000</point>
				<point>220.000000,28.000000</point>
				<point>205.000000,19.000000</point>
				<point>208.000000,14.000000</point>
				<point>223.000000,23.000000</point>
			</points>
		</object>
		<object>
			<coordinate>pixel</coordinate>
			<type>rectangle</type>
			<description>None</description>
			<possibleresult>
				<name>Van</name>
			</possibleresult>
			<points>
				<point>210.000000,41.000000</point>
				<point>207.000000,45.000000</point>
				<point>190.000000,34.000000</point>
				<point>194.000000,29.000000</point>
				<point>210.000000,41.000000</point>
			</points>
		</object>
		<object>
			<coordinate>pixel</coordinate>
			<type>rectangle</type>
			<description>None</description>
			<possibleresult>
				<name>Small Car</name>
			</possibleresult>
			<points>
				<point>202.000000,46.000000</point>
				<point>197.000000,51.000000</point>
				<point>184.000000,41.000000</point>
				<point>189.000000,36.000000</point>
				<point>202.000000,46.000000</point>
			</points>
		</object>
		<object>
			<coordinate>pixel</coordinate>
			<type>rectangle</type>
			<description>None</description>
			<possibleresult>
				<name>Small Car</name>
			</possibleresult>
			<points>
				<point>192.000000,26.000000</point>
				<point>188.000000,32.000000</point>
				<point>173.000000,23.000000</point>
				<point>176.000000,16.000000</point>
				<point>192.000000,26.000000</point>
			</points>
		</object>
		<object>
			<coordinate>pixel</coordinate>
			<type>rectangle</type>
			<description>None</description>
			<possibleresult>
				<name>Small Car</name>
			</possibleresult>
			<points>
				<point>823.000000,48.000000</point>
				<point>816.000000,48.000000</point>
				<point>816.000000,33.000000</point>
				<point>823.000000,33.000000</point>
				<point>823.000000,48.000000</point>
			</points>
		</object>
		<object>
			<coordinate>pixel</coordinate>
			<type>rectangle</type>
			<description>None</description>
			<possibleresult>
				<name>Small Car</name>
			</possibleresult>
			<points>
				<point>596.000000,28.000000</point>
				<point>593.000000,33.000000</point>
				<point>576.000000,22.000000</point>
				<point>580.000000,16.000000</point>
				<point>596.000000,28.000000</point>
			</points>
		</object>
		<object>
			<coordinate>pixel</coordinate>
			<type>rectangle</type>
			<description>None</description>
			<possibleresult>
				<name>Small Car</name>
			</possibleresult>
			<points>
				<point>608.000000,11.000000</point>
				<point>605.000000,17.000000</point>
				<point>595.000000,11.000000</point>
				<point>598.000000,5.000000</point>
				<point>608.000000,11.000000</point>
			</points>
		</object>
		<object>
			<coordinate>pixel</coordinate>
			<type>rectangle</type>
			<description>None</description>
			<possibleresult>
				<name>Van</name>
			</possibleresult>
			<points>
				<point>573.000000,77.000000</point>
				<point>562.000000,88.000000</point>
				<point>556.000000,82.000000</point>
				<point>567.000000,71.000000</point>
				<point>573.000000,77.000000</point>
			</points>
		</object>
		<object>
			<coordinate>pixel</coordinate>
			<type>rectangle</type>
			<description>None</description>
			<possibleresult>
				<name>Van</name>
			</possibleresult>
			<points>
				<point>543.000000,63.000000</point>
				<point>535.000000,72.000000</point>
				<point>530.000000,69.000000</point>
				<point>539.000000,59.000000</point>
				<point>543.000000,63.000000</point>
			</points>
		</object>
	</objects>
</annotation>