<?xml version="1.0" encoding="utf-8"?>
<annotation>
	<source>
		<filename>1011.tif</filename>
		<origin>GF2/GF3</origin>
	</source>
	<research>
		<version>1.0</version>
		<provider>FAIR1M</provider>
		<author>Cyber</author>
		<pluginname>FAIR1M</pluginname>
		<pluginclass>object detection</pluginclass>
		<time>2021-07-21</time>
	</research>
	<size>
		<width>1000</width>
		<height>1000</height>
		<depth>3</depth>
	</size>
	<objects>
		<object>
			<coordinate>pixel</coordinate>
			<type>rectangle</type>
			<description>None</description>
			<possibleresult>
				<name>Intersection</name>
			</possibleresult>
			<points>
				<point>57.000000,430.000000</point>
				<point>40.000000,434.000000</point>
				<point>27.000000,390.000000</point>
				<point>43.000000,385.000000</point>
				<point>57.000000,430.000000</point>
			</points>
		</object>
		<object>
			<coordinate>pixel</coordinate>
			<type>rectangle</type>
			<description>None</description>
			<possibleresult>
				<name>other-vehicle</name>
			</possibleresult>
			<points>
				<point>107.000000,109.000000</point>
				<point>101.000000,111.000000</point>
				<point>97.000000,97.000000</point>
				<point>104.000000,96.000000</point>
				<point>107.000000,109.000000</point>
			</points>
		</object>
		<object>
			<coordinate>pixel</coordinate>
			<type>rectangle</type>
			<description>None</description>
			<possibleresult>
				<name>Van</name>
			</possibleresult>
			<points>
				<point>117.000000,109.000000</point>
				<point>109.000000,110.000000</point>
				<point>108.000000,97.000000</point>
				<point>116.000000,96.000000</point>
				<point>117.000000,109.000000</point>
			</points>
		</object>
		<object>
			<coordinate>pixel</coordinate>
			<type>rectangle</type>
			<description>None</description>
			<possibleresult>
				<name>Van</name>
			</possibleresult>
			<points>
				<point>87.000000,210.000000</point>
				<point>78.000000,211.000000</point>
				<point>76.000000,195.000000</point>
				<point>84.000000,193.000000</point>
				<point>87.000000,210.000000</point>
			</points>
		</object>
		<object>
			<coordinate>pixel</coordinate>
			<type>rectangle</type>
			<description>None</description>
			<possibleresult>
				<name>other-vehicle</name>
			</possibleresult>
			<points>
				<point>46.000000,266.000000</point>
				<point>28.000000,267.000000</point>
				<point>28.000000,262.000000</point>
				<point>46.000000,261.000000</point>
				<point>46.000000,266.000000</point>
			</points>
		</object>
		<object>
			<coordinate>pixel</coordinate>
			<type>rectangle</type>
			<description>None</description>
			<possibleresult>
				<name>Small Car</name>
			</possibleresult>
			<points>
				<point>61.000000,259.000000</point>
				<point>47.000000,260.000000</point>
				<point>47.000000,254.000000</point>
				<point>61.000000,253.000000</point>
				<point>61.000000,259.000000</point>
			</points>
		</object>
		<object>
			<coordinate>pixel</coordinate>
			<type>rectangle</type>
			<description>None</description>
			<possibleresult>
				<name>Van</name>
			</possibleresult>
			<points>
				<point>215.000000,279.000000</point>
				<point>207.000000,280.000000</point>
				<point>206.000000,267.000000</point>
				<point>214.000000,266.000000</point>
				<point>215.000000,279.000000</point>
			</points>
		</object>
		<object>
			<coordinate>pixel</coordinate>
			<type>rectangle</type>
			<description>None</description>
			<possibleresult>
				<name>Van</name>
			</possibleresult>
			<points>
				<point>260.000000,257.000000</point>
				<point>246.000000,257.000000</point>
				<point>246.000000,253.000000</point>
				<point>260.000000,253.000000</point>
				<point>260.000000,257.000000</point>
			</points>
		</object>
		<object>
			<coordinate>pixel</coordinate>
			<type>rectangle</type>
			<description>None</description>
			<possibleresult>
				<name>other-vehicle</name>
			</possibleresult>
			<points>
				<point>265.000000,252.000000</point>
				<point>246.000000,253.000000</point>
				<point>246.000000,247.000000</point>
				<point>265.000000,246.000000</point>
				<point>265.000000,252.000000</point>
			</points>
		</object>
		<object>
			<coordinate>pixel</coordinate>
			<type>rectangle</type>
			<description>None</description>
			<possibleresult>
				<name>Van</name>
			</possibleresult>
			<points>
				<point>272.000000,244.000000</point>
				<point>257.000000,244.000000</point>
				<point>257.000000,238.000000</point>
				<point>272.000000,238.000000</point>
				<point>272.000000,244.000000</point>
			</points>
		</object>
		<object>
			<coordinate>pixel</coordinate>
			<type>rectangle</type>
			<description>None</description>
			<possibleresult>
				<name>Van</name>
			</possibleresult>
			<points>
				<point>293.000000,241.000000</point>
				<point>280.000000,241.000000</point>
				<point>280.000000,237.000000</point>
				<point>293.000000,237.000000</point>
				<point>293.000000,241.000000</point>
			</points>
		</object>
		<object>
			<coordinate>pixel</coordinate>
			<type>rectangle</type>
			<description>None</description>
			<possibleresult>
				<name>Van</name>
			</possibleresult>
			<points>
				<point>263.000000,234.000000</point>
				<point>256.000000,234.000000</point>
				<point>255.000000,222.000000</point>
				<point>261.000000,221.000000</point>
				<point>263.000000,234.000000</point>
			</points>
		</object>
		<object>
			<coordinate>pixel</coordinate>
			<type>rectangle</type>
			<description>None</description>
			<possibleresult>
				<name>Van</name>
			</possibleresult>
			<points>
				<point>273.000000,233.000000</point>
				<point>265.000000,234.000000</point>
				<point>264.000000,220.000000</point>
				<point>272.000000,219.000000</point>
				<point>273.000000,233.000000</point>
			</points>
		</object>
		<object>
			<coordinate>pixel</coordinate>
			<type>rectangle</type>
			<description>None</description>
			<possibleresult>
				<name>other-vehicle</name>
			</possibleresult>
			<points>
				<point>294.000000,231.000000</point>
				<point>287.000000,232.000000</point>
				<point>284.000000,216.000000</point>
				<point>290.000000,214.000000</point>
				<point>294.000000,231.000000</point>
			</points>
		</object>
		<object>
			<coordinate>pixel</coordinate>
			<type>rectangle</type>
			<description>None</description>
			<possibleresult>
				<name>Van</name>
			</possibleresult>
			<points>
				<point>234.000000,216.000000</point>
				<point>226.000000,217.000000</point>
				<point>224.000000,199.000000</point>
				<point>233.000000,199.000000</point>
				<point>234.000000,216.000000</point>
			</points>
		</object>
		<object>
			<coordinate>pixel</coordinate>
			<type>rectangle</type>
			<description>None</description>
			<possibleresult>
				<name>Van</name>
			</possibleresult>
			<points>
				<point>220.000000,191.000000</point>
				<point>213.000000,192.000000</point>
				<point>211.000000,175.000000</point>
				<point>219.000000,175.000000</point>
				<point>220.000000,191.000000</point>
			</points>
		</object>
		<object>
			<coordinate>pixel</coordinate>
			<type>rectangle</type>
			<description>None</description>
			<possibleresult>
				<name>other-vehicle</name>
			</possibleresult>
			<points>
				<point>262.000000,200.000000</point>
				<point>243.000000,202.000000</point>
				<point>242.000000,196.000000</point>
				<point>262.000000,194.000000</point>
				<point>262.000000,200.000000</point>
			</points>
		</object>
		<object>
			<coordinate>pixel</coordinate>
			<type>rectangle</type>
			<description>None</description>
			<possibleresult>
				<name>Small Car</name>
			</possibleresult>
			<points>
				<point>259.000000,192.000000</point>
				<point>243.000000,193.000000</point>
				<point>243.000000,187.000000</point>
				<point>258.000000,186.000000</point>
				<point>259.000000,192.000000</point>
			</points>
		</object>
		<object>
			<coordinate>pixel</coordinate>
			<type>rectangle</type>
			<description>None</description>
			<possibleresult>
				<name>Small Car</name>
			</possibleresult>
			<points>
				<point>258.000000,185.000000</point>
				<point>239.000000,186.000000</point>
				<point>239.000000,177.000000</point>
				<point>258.000000,176.000000</point>
				<point>258.000000,185.000000</point>
			</points>
		</object>
		<object>
			<coordinate>pixel</coordinate>
			<type>rectangle</type>
			<description>None</description>
			<possibleresult>
				<name>Small Car</name>
			</possibleresult>
			<points>
				<point>253.000000,166.000000</point>
				<point>239.000000,167.000000</point>
				<point>239.000000,163.000000</point>
				<point>252.000000,161.000000</point>
				<point>253.000000,166.000000</point>
			</points>
		</object>
		<object>
			<coordinate>pixel</coordinate>
			<type>rectangle</type>
			<description>None</description>
			<possibleresult>
				<name>Van</name>
			</possibleresult>
			<points>
				<point>241.000000,144.000000</point>
				<point>223.000000,144.000000</point>
				<point>223.000000,137.000000</point>
				<point>241.000000,137.000000</point>
				<point>241.000000,144.000000</point>
			</points>
		</object>
		<object>
			<coordinate>pixel</coordinate>
			<type>rectangle</type>
			<description>None</description>
			<possibleresult>
				<name>Van</name>
			</possibleresult>
			<points>
				<point>240.000000,127.000000</point>
				<point>221.000000,127.000000</point>
				<point>221.000000,120.000000</point>
				<point>240.000000,120.000000</point>
				<point>240.000000,127.000000</point>
			</points>
		</object>
		<object>
			<coordinate>pixel</coordinate>
			<type>rectangle</type>
			<description>None</description>
			<possibleresult>
				<name>other-vehicle</name>
			</possibleresult>
			<points>
				<point>239.000000,119.000000</point>
				<point>226.000000,119.000000</point>
				<point>226.000000,113.000000</point>
				<point>239.000000,113.000000</point>
				<point>239.000000,119.000000</point>
			</points>
		</object>
		<object>
			<coordinate>pixel</coordinate>
			<type>rectangle</type>
			<description>None</description>
			<possibleresult>
				<name>other-vehicle</name>
			</possibleresult>
			<points>
				<point>239.000000,111.000000</point>
				<point>224.000000,111.000000</point>
				<point>224.000000,104.000000</point>
				<point>239.000000,104.000000</point>
				<point>239.000000,111.000000</point>
			</points>
		</object>
		<object>
			<coordinate>pixel</coordinate>
			<type>rectangle</type>
			<description>None</description>
			<possibleresult>
				<name>Small Car</name>
			</possibleresult>
			<points>
				<point>280.000000,119.000000</point>
				<point>263.000000,119.000000</point>
				<point>263.000000,112.000000</point>
				<point>280.000000,112.000000</point>
				<point>280.000000,119.000000</point>
			</points>
		</object>
		<object>
			<coordinate>pixel</coordinate>
			<type>rectangle</type>
			<description>None</description>
			<possibleresult>
				<name>Van</name>
			</possibleresult>
			<points>
				<point>282.000000,143.000000</point>
				<point>263.000000,143.000000</point>
				<point>263.000000,136.000000</point>
				<point>282.000000,136.000000</point>
				<point>282.000000,143.000000</point>
			</points>
		</object>
		<object>
			<coordinate>pixel</coordinate>
			<type>rectangle</type>
			<description>None</description>
			<possibleresult>
				<name>Van</name>
			</possibleresult>
			<points>
				<point>422.000000,135.000000</point>
				<point>415.000000,135.000000</point>
				<point>415.000000,120.000000</point>
				<point>422.000000,120.000000</point>
				<point>422.000000,135.000000</point>
			</points>
		</object>
		<object>
			<coordinate>pixel</coordinate>
			<type>rectangle</type>
			<description>None</description>
			<possibleresult>
				<name>Van</name>
			</possibleresult>
			<points>
				<point>432.000000,136.000000</point>
				<point>423.000000,136.000000</point>
				<point>423.000000,120.000000</point>
				<point>432.000000,120.000000</point>
				<point>432.000000,136.000000</point>
			</points>
		</object>
		<object>
			<coordinate>pixel</coordinate>
			<type>rectangle</type>
			<description>None</description>
			<possibleresult>
				<name>Small Car</name>
			</possibleresult>
			<points>
				<point>451.000000,132.000000</point>
				<point>442.000000,132.000000</point>
				<point>442.000000,117.000000</point>
				<point>451.000000,117.000000</point>
				<point>451.000000,132.000000</point>
			</points>
		</object>
		<object>
			<coordinate>pixel</coordinate>
			<type>rectangle</type>
			<description>None</description>
			<possibleresult>
				<name>Van</name>
			</possibleresult>
			<points>
				<point>460.000000,135.000000</point>
				<point>452.000000,135.000000</point>
				<point>452.000000,120.000000</point>
				<point>460.000000,120.000000</point>
				<point>460.000000,135.000000</point>
			</points>
		</object>
		<object>
			<coordinate>pixel</coordinate>
			<type>rectangle</type>
			<description>None</description>
			<possibleresult>
				<name>Van</name>
			</possibleresult>
			<points>
				<point>318.000000,9.000000</point>
				<point>311.000000,9.000000</point>
				<point>310.000000,0.000000</point>
				<point>317.000000,0.000000</point>
				<point>318.000000,9.000000</point>
			</points>
		</object>
		<object>
			<coordinate>pixel</coordinate>
			<type>rectangle</type>
			<description>None</description>
			<possibleresult>
				<name>other-vehicle</name>
			</possibleresult>
			<points>
				<point>408.000000,110.000000</point>
				<point>403.000000,110.000000</point>
				<point>403.000000,98.000000</point>
				<point>408.000000,98.000000</point>
				<point>408.000000,110.000000</point>
			</points>
		</object>
		<object>
			<coordinate>pixel</coordinate>
			<type>rectangle</type>
			<description>None</description>
			<possibleresult>
				<name>other-vehicle</name>
			</possibleresult>
			<points>
				<point>486.000000,17.000000</point>
				<point>470.000000,17.000000</point>
				<point>470.000000,11.000000</point>
				<point>486.000000,11.000000</point>
				<point>486.000000,17.000000</point>
			</points>
		</object>
		<object>
			<coordinate>pixel</coordinate>
			<type>rectangle</type>
			<description>None</description>
			<possibleresult>
				<name>Small Car</name>
			</possibleresult>
			<points>
				<point>656.000000,142.000000</point>
				<point>656.000000,149.000000</point>
				<point>635.000000,147.000000</point>
				<point>636.000000,141.000000</point>
				<point>656.000000,142.000000</point>
			</points>
		</object>
		<object>
			<coordinate>pixel</coordinate>
			<type>rectangle</type>
			<description>None</description>
			<possibleresult>
				<name>Van</name>
			</possibleresult>
			<points>
				<point>118.000000,514.000000</point>
				<point>111.000000,515.000000</point>
				<point>108.000000,499.000000</point>
				<point>116.000000,499.000000</point>
				<point>118.000000,514.000000</point>
			</points>
		</object>
		<object>
			<coordinate>pixel</coordinate>
			<type>rectangle</type>
			<description>None</description>
			<possibleresult>
				<name>other-vehicle</name>
			</possibleresult>
			<points>
				<point>63.000000,560.000000</point>
				<point>52.000000,563.000000</point>
				<point>51.000000,557.000000</point>
				<point>62.000000,554.000000</point>
				<point>63.000000,560.000000</point>
			</points>
		</object>
		<object>
			<coordinate>pixel</coordinate>
			<type>rectangle</type>
			<description>None</description>
			<possibleresult>
				<name>other-vehicle</name>
			</possibleresult>
			<points>
				<point>69.000000,595.000000</point>
				<point>58.000000,595.000000</point>
				<point>58.000000,591.000000</point>
				<point>69.000000,591.000000</point>
				<point>69.000000,595.000000</point>
			</points>
		</object>
		<object>
			<coordinate>pixel</coordinate>
			<type>rectangle</type>
			<description>None</description>
			<possibleresult>
				<name>other-vehicle</name>
			</possibleresult>
			<points>
				<point>70.000000,603.000000</point>
				<point>61.000000,603.000000</point>
				<point>61.000000,599.000000</point>
				<point>70.000000,599.000000</point>
				<point>70.000000,603.000000</point>
			</points>
		</object>
		<object>
			<coordinate>pixel</coordinate>
			<type>rectangle</type>
			<description>None</description>
			<possibleresult>
				<name>Small Car</name>
			</possibleresult>
			<points>
				<point>166.000000,923.000000</point>
				<point>160.000000,924.000000</point>
				<point>158.000000,910.000000</point>
				<point>165.000000,910.000000</point>
				<point>166.000000,923.000000</point>
			</points>
		</object>
		<object>
			<coordinate>pixel</coordinate>
			<type>rectangle</type>
			<description>None</description>
			<possibleresult>
				<name>other-vehicle</name>
			</possibleresult>
			<points>
				<point>34.000000,924.000000</point>
				<point>26.000000,925.000000</point>
				<point>25.000000,909.000000</point>
				<point>33.000000,908.000000</point>
				<point>34.000000,924.000000</point>
			</points>
		</object>
		<object>
			<coordinate>pixel</coordinate>
			<type>rectangle</type>
			<description>None</description>
			<possibleresult>
				<name>Van</name>
			</possibleresult>
			<points>
				<point>53.000000,925.000000</point>
				<point>47.000000,925.000000</point>
				<point>46.000000,908.000000</point>
				<point>51.000000,907.000000</point>
				<point>53.000000,925.000000</point>
			</points>
		</object>
		<object>
			<coordinate>pixel</coordinate>
			<type>rectangle</type>
			<description>None</description>
			<possibleresult>
				<name>Small Car</name>
			</possibleresult>
			<points>
				<point>65.000000,924.000000</point>
				<point>57.000000,925.000000</point>
				<point>54.000000,907.000000</point>
				<point>63.000000,907.000000</point>
				<point>65.000000,924.000000</point>
			</points>
		</object>
		<object>
			<coordinate>pixel</coordinate>
			<type>rectangle</type>
			<description>None</description>
			<possibleresult>
				<name>Van</name>
			</possibleresult>
			<points>
				<point>17.000000,963.000000</point>
				<point>10.000000,963.000000</point>
				<point>10.000000,949.000000</point>
				<point>17.000000,949.000000</point>
				<point>17.000000,963.000000</point>
			</points>
		</object>
		<object>
			<coordinate>pixel</coordinate>
			<type>rectangle</type>
			<description>None</description>
			<possibleresult>
				<name>Small Car</name>
			</possibleresult>
			<points>
				<point>38.000000,960.000000</point>
				<point>30.000000,961.000000</point>
				<point>27.000000,944.000000</point>
				<point>35.000000,943.000000</point>
				<point>38.000000,960.000000</point>
			</points>
		</object>
		<object>
			<coordinate>pixel</coordinate>
			<type>rectangle</type>
			<description>None</description>
			<possibleresult>
				<name>Small Car</name>
			</possibleresult>
			<points>
				<point>611.000000,869.000000</point>
				<point>589.000000,870.000000</point>
				<point>589.000000,862.000000</point>
				<point>610.000000,860.000000</point>
				<point>611.000000,869.000000</point>
			</points>
		</object>
		<object>
			<coordinate>pixel</coordinate>
			<type>rectangle</type>
			<description>None</description>
			<possibleresult>
				<name>Cargo Truck</name>
			</possibleresult>
			<points>
				<point>610.000000,925.000000</point>
				<point>590.000000,933.000000</point>
				<point>586.000000,924.000000</point>
				<point>606.000000,915.000000</point>
				<point>610.000000,925.000000</point>
			</points>
		</object>
		<object>
			<coordinate>pixel</coordinate>
			<type>rectangle</type>
			<description>None</description>
			<possibleresult>
				<name>Cargo Truck</name>
			</possibleresult>
			<points>
				<point>681.000000,899.000000</point>
				<point>633.000000,916.000000</point>
				<point>629.000000,904.000000</point>
				<point>677.000000,888.000000</point>
				<point>681.000000,899.000000</point>
			</points>
		</object>
		<object>
			<coordinate>pixel</coordinate>
			<type>rectangle</type>
			<description>None</description>
			<possibleresult>
				<name>Cargo Truck</name>
			</possibleresult>
			<points>
				<point>755.000000,872.000000</point>
				<point>709.000000,889.000000</point>
				<point>704.000000,877.000000</point>
				<point>751.000000,860.000000</point>
				<point>755.000000,872.000000</point>
			</points>
		</object>
		<object>
			<coordinate>pixel</coordinate>
			<type>rectangle</type>
			<description>None</description>
			<possibleresult>
				<name>Van</name>
			</possibleresult>
			<points>
				<point>750.000000,860.000000</point>
				<point>737.000000,866.000000</point>
				<point>734.000000,860.000000</point>
				<point>748.000000,855.000000</point>
				<point>750.000000,860.000000</point>
			</points>
		</object>
		<object>
			<coordinate>pixel</coordinate>
			<type>rectangle</type>
			<description>None</description>
			<possibleresult>
				<name>Van</name>
			</possibleresult>
			<points>
				<point>784.000000,861.000000</point>
				<point>769.000000,867.000000</point>
				<point>767.000000,861.000000</point>
				<point>781.000000,854.000000</point>
				<point>784.000000,861.000000</point>
			</points>
		</object>
		<object>
			<coordinate>pixel</coordinate>
			<type>rectangle</type>
			<description>None</description>
			<possibleresult>
				<name>Dump Truck</name>
			</possibleresult>
			<points>
				<point>821.000000,847.000000</point>
				<point>795.000000,858.000000</point>
				<point>791.000000,849.000000</point>
				<point>818.000000,839.000000</point>
				<point>821.000000,847.000000</point>
			</points>
		</object>
		<object>
			<coordinate>pixel</coordinate>
			<type>rectangle</type>
			<description>None</description>
			<possibleresult>
				<name>Van</name>
			</possibleresult>
			<points>
				<point>793.000000,847.000000</point>
				<point>776.000000,853.000000</point>
				<point>774.000000,846.000000</point>
				<point>791.000000,840.000000</point>
				<point>793.000000,847.000000</point>
			</points>
		</object>
		<object>
			<coordinate>pixel</coordinate>
			<type>rectangle</type>
			<description>None</description>
			<possibleresult>
				<name>other-vehicle</name>
			</possibleresult>
			<points>
				<point>815.000000,839.000000</point>
				<point>799.000000,843.000000</point>
				<point>797.000000,836.000000</point>
				<point>813.000000,832.000000</point>
				<point>815.000000,839.000000</point>
			</points>
		</object>
		<object>
			<coordinate>pixel</coordinate>
			<type>rectangle</type>
			<description>None</description>
			<possibleresult>
				<name>other-vehicle</name>
			</possibleresult>
			<points>
				<point>856.000000,835.000000</point>
				<point>837.000000,841.000000</point>
				<point>835.000000,834.000000</point>
				<point>853.000000,827.000000</point>
				<point>856.000000,835.000000</point>
			</points>
		</object>
		<object>
			<coordinate>pixel</coordinate>
			<type>rectangle</type>
			<description>None</description>
			<possibleresult>
				<name>other-vehicle</name>
			</possibleresult>
			<points>
				<point>849.000000,825.000000</point>
				<point>833.000000,831.000000</point>
				<point>830.000000,824.000000</point>
				<point>847.000000,818.000000</point>
				<point>849.000000,825.000000</point>
			</points>
		</object>
		<object>
			<coordinate>pixel</coordinate>
			<type>rectangle</type>
			<description>None</description>
			<possibleresult>
				<name>Small Car</name>
			</possibleresult>
			<points>
				<point>875.000000,814.000000</point>
				<point>857.000000,822.000000</point>
				<point>854.000000,815.000000</point>
				<point>873.000000,808.000000</point>
				<point>875.000000,814.000000</point>
			</points>
		</object>
		<object>
			<coordinate>pixel</coordinate>
			<type>rectangle</type>
			<description>None</description>
			<possibleresult>
				<name>Van</name>
			</possibleresult>
			<points>
				<point>877.000000,827.000000</point>
				<point>863.000000,832.000000</point>
				<point>861.000000,824.000000</point>
				<point>875.000000,819.000000</point>
				<point>877.000000,827.000000</point>
			</points>
		</object>
		<object>
			<coordinate>pixel</coordinate>
			<type>rectangle</type>
			<description>None</description>
			<possibleresult>
				<name>other-vehicle</name>
			</possibleresult>
			<points>
				<point>906.000000,817.000000</point>
				<point>888.000000,823.000000</point>
				<point>886.000000,815.000000</point>
				<point>903.000000,808.000000</point>
				<point>906.000000,817.000000</point>
			</points>
		</object>
		<object>
			<coordinate>pixel</coordinate>
			<type>rectangle</type>
			<description>None</description>
			<possibleresult>
				<name>other-vehicle</name>
			</possibleresult>
			<points>
				<point>901.000000,807.000000</point>
				<point>883.000000,813.000000</point>
				<point>881.000000,805.000000</point>
				<point>898.000000,798.000000</point>
				<point>901.000000,807.000000</point>
			</points>
		</object>
		<object>
			<coordinate>pixel</coordinate>
			<type>rectangle</type>
			<description>None</description>
			<possibleresult>
				<name>Dump Truck</name>
			</possibleresult>
			<points>
				<point>933.000000,793.000000</point>
				<point>913.000000,800.000000</point>
				<point>911.000000,793.000000</point>
				<point>930.000000,785.000000</point>
				<point>933.000000,793.000000</point>
			</points>
		</object>
		<object>
			<coordinate>pixel</coordinate>
			<type>rectangle</type>
			<description>None</description>
			<possibleresult>
				<name>Van</name>
			</possibleresult>
			<points>
				<point>939.000000,803.000000</point>
				<point>919.000000,810.000000</point>
				<point>917.000000,803.000000</point>
				<point>936.000000,795.000000</point>
				<point>939.000000,803.000000</point>
			</points>
		</object>
		<object>
			<coordinate>pixel</coordinate>
			<type>rectangle</type>
			<description>None</description>
			<possibleresult>
				<name>Van</name>
			</possibleresult>
			<points>
				<point>958.000000,783.000000</point>
				<point>944.000000,788.000000</point>
				<point>941.000000,781.000000</point>
				<point>955.000000,776.000000</point>
				<point>958.000000,783.000000</point>
			</points>
		</object>
		<object>
			<coordinate>pixel</coordinate>
			<type>rectangle</type>
			<description>None</description>
			<possibleresult>
				<name>other-vehicle</name>
			</possibleresult>
			<points>
				<point>963.000000,792.000000</point>
				<point>948.000000,798.000000</point>
				<point>945.000000,790.000000</point>
				<point>960.000000,784.000000</point>
				<point>963.000000,792.000000</point>
			</points>
		</object>
		<object>
			<coordinate>pixel</coordinate>
			<type>rectangle</type>
			<description>None</description>
			<possibleresult>
				<name>Van</name>
			</possibleresult>
			<points>
				<point>345.000000,281.000000</point>
				<point>337.000000,282.000000</point>
				<point>335.000000,267.000000</point>
				<point>342.000000,265.000000</point>
				<point>345.000000,281.000000</point>
			</points>
		</object>
		<object>
			<coordinate>pixel</coordinate>
			<type>rectangle</type>
			<description>None</description>
			<possibleresult>
				<name>Small Car</name>
			</possibleresult>
			<points>
				<point>191.000000,614.000000</point>
				<point>172.000000,617.000000</point>
				<point>171.000000,608.000000</point>
				<point>190.000000,606.000000</point>
				<point>191.000000,614.000000</point>
			</points>
		</object>
		<object>
			<coordinate>pixel</coordinate>
			<type>rectangle</type>
			<description>None</description>
			<possibleresult>
				<name>Small Car</name>
			</possibleresult>
			<points>
				<point>258.000000,628.000000</point>
				<point>239.000000,629.000000</point>
				<point>238.000000,623.000000</point>
				<point>257.000000,621.000000</point>
				<point>258.000000,628.000000</point>
			</points>
		</object>
		<object>
			<coordinate>pixel</coordinate>
			<type>rectangle</type>
			<description>None</description>
			<possibleresult>
				<name>Van</name>
			</possibleresult>
			<points>
				<point>291.000000,607.000000</point>
				<point>272.000000,607.000000</point>
				<point>272.000000,600.000000</point>
				<point>291.000000,600.000000</point>
				<point>291.000000,607.000000</point>
			</points>
		</object>
		<object>
			<coordinate>pixel</coordinate>
			<type>rectangle</type>
			<description>None</description>
			<possibleresult>
				<name>other-vehicle</name>
			</possibleresult>
			<points>
				<point>299.000000,630.000000</point>
				<point>281.000000,633.000000</point>
				<point>279.000000,626.000000</point>
				<point>297.000000,623.000000</point>
				<point>299.000000,630.000000</point>
			</points>
		</object>
		<object>
			<coordinate>pixel</coordinate>
			<type>rectangle</type>
			<description>None</description>
			<possibleresult>
				<name>Small Car</name>
			</possibleresult>
			<points>
				<point>309.000000,663.000000</point>
				<point>289.000000,665.000000</point>
				<point>288.000000,658.000000</point>
				<point>308.000000,655.000000</point>
				<point>309.000000,663.000000</point>
			</points>
		</object>
		<object>
			<coordinate>pixel</coordinate>
			<type>rectangle</type>
			<description>None</description>
			<possibleresult>
				<name>Van</name>
			</possibleresult>
			<points>
				<point>353.000000,642.000000</point>
				<point>330.000000,646.000000</point>
				<point>328.000000,637.000000</point>
				<point>351.000000,633.000000</point>
				<point>353.000000,642.000000</point>
			</points>
		</object>
		<object>
			<coordinate>pixel</coordinate>
			<type>rectangle</type>
			<description>None</description>
			<possibleresult>
				<name>Cargo Truck</name>
			</possibleresult>
			<points>
				<point>356.000000,649.000000</point>
				<point>335.000000,654.000000</point>
				<point>333.000000,646.000000</point>
				<point>355.000000,642.000000</point>
				<point>356.000000,649.000000</point>
			</points>
		</object>
		<object>
			<coordinate>pixel</coordinate>
			<type>rectangle</type>
			<description>None</description>
			<possibleresult>
				<name>Small Car</name>
			</possibleresult>
			<points>
				<point>223.000000,725.000000</point>
				<point>203.000000,726.000000</point>
				<point>202.000000,718.000000</point>
				<point>222.000000,717.000000</point>
				<point>223.000000,725.000000</point>
			</points>
		</object>
		<object>
			<coordinate>pixel</coordinate>
			<type>rectangle</type>
			<description>None</description>
			<possibleresult>
				<name>other-vehicle</name>
			</possibleresult>
			<points>
				<point>237.000000,774.000000</point>
				<point>216.000000,775.000000</point>
				<point>216.000000,768.000000</point>
				<point>236.000000,766.000000</point>
				<point>237.000000,774.000000</point>
			</points>
		</object>
		<object>
			<coordinate>pixel</coordinate>
			<type>rectangle</type>
			<description>None</description>
			<possibleresult>
				<name>Van</name>
			</possibleresult>
			<points>
				<point>238.000000,783.000000</point>
				<point>222.000000,785.000000</point>
				<point>222.000000,778.000000</point>
				<point>237.000000,775.000000</point>
				<point>238.000000,783.000000</point>
			</points>
		</object>
		<object>
			<coordinate>pixel</coordinate>
			<type>rectangle</type>
			<description>None</description>
			<possibleresult>
				<name>Van</name>
			</possibleresult>
			<points>
				<point>243.000000,800.000000</point>
				<point>225.000000,802.000000</point>
				<point>225.000000,795.000000</point>
				<point>242.000000,793.000000</point>
				<point>243.000000,800.000000</point>
			</points>
		</object>
		<object>
			<coordinate>pixel</coordinate>
			<type>rectangle</type>
			<description>None</description>
			<possibleresult>
				<name>Small Car</name>
			</possibleresult>
			<points>
				<point>246.000000,807.000000</point>
				<point>226.000000,811.000000</point>
				<point>224.000000,804.000000</point>
				<point>245.000000,801.000000</point>
				<point>246.000000,807.000000</point>
			</points>
		</object>
		<object>
			<coordinate>pixel</coordinate>
			<type>rectangle</type>
			<description>None</description>
			<possibleresult>
				<name>Small Car</name>
			</possibleresult>
			<points>
				<point>250.000000,823.000000</point>
				<point>231.000000,828.000000</point>
				<point>229.000000,821.000000</point>
				<point>249.000000,817.000000</point>
				<point>250.000000,823.000000</point>
			</points>
		</object>
		<object>
			<coordinate>pixel</coordinate>
			<type>rectangle</type>
			<description>None</description>
			<possibleresult>
				<name>Van</name>
			</possibleresult>
			<points>
				<point>252.000000,832.000000</point>
				<point>233.000000,834.000000</point>
				<point>233.000000,827.000000</point>
				<point>251.000000,826.000000</point>
				<point>252.000000,832.000000</point>
			</points>
		</object>
		<object>
			<coordinate>pixel</coordinate>
			<type>rectangle</type>
			<description>None</description>
			<possibleresult>
				<name>Small Car</name>
			</possibleresult>
			<points>
				<point>259.000000,859.000000</point>
				<point>240.000000,862.000000</point>
				<point>239.000000,853.000000</point>
				<point>257.000000,850.000000</point>
				<point>259.000000,859.000000</point>
			</points>
		</object>
		<object>
			<coordinate>pixel</coordinate>
			<type>rectangle</type>
			<description>None</description>
			<possibleresult>
				<name>other-vehicle</name>
			</possibleresult>
			<points>
				<point>261.000000,866.000000</point>
				<point>244.000000,868.000000</point>
				<point>243.000000,861.000000</point>
				<point>260.000000,859.000000</point>
				<point>261.000000,866.000000</point>
			</points>
		</object>
		<object>
			<coordinate>pixel</coordinate>
			<type>rectangle</type>
			<description>None</description>
			<possibleresult>
				<name>Van</name>
			</possibleresult>
			<points>
				<point>261.000000,873.000000</point>
				<point>246.000000,875.000000</point>
				<point>246.000000,869.000000</point>
				<point>261.000000,867.000000</point>
				<point>261.000000,873.000000</point>
			</points>
		</object>
		<object>
			<coordinate>pixel</coordinate>
			<type>rectangle</type>
			<description>None</description>
			<possibleresult>
				<name>Van</name>
			</possibleresult>
			<points>
				<point>317.000000,860.000000</point>
				<point>298.000000,863.000000</point>
				<point>298.000000,854.000000</point>
				<point>316.000000,852.000000</point>
				<point>317.000000,860.000000</point>
			</points>
		</object>
		<object>
			<coordinate>pixel</coordinate>
			<type>rectangle</type>
			<description>None</description>
			<possibleresult>
				<name>Van</name>
			</possibleresult>
			<points>
				<point>290.000000,834.000000</point>
				<point>277.000000,837.000000</point>
				<point>276.000000,830.000000</point>
				<point>290.000000,828.000000</point>
				<point>290.000000,834.000000</point>
			</points>
		</object>
		<object>
			<coordinate>pixel</coordinate>
			<type>rectangle</type>
			<description>None</description>
			<possibleresult>
				<name>Van</name>
			</possibleresult>
			<points>
				<point>289.000000,819.000000</point>
				<point>270.000000,823.000000</point>
				<point>268.000000,815.000000</point>
				<point>287.000000,811.000000</point>
				<point>289.000000,819.000000</point>
			</points>
		</object>
		<object>
			<coordinate>pixel</coordinate>
			<type>rectangle</type>
			<description>None</description>
			<possibleresult>
				<name>Van</name>
			</possibleresult>
			<points>
				<point>281.000000,797.000000</point>
				<point>262.000000,798.000000</point>
				<point>262.000000,790.000000</point>
				<point>281.000000,789.000000</point>
				<point>281.000000,797.000000</point>
			</points>
		</object>
		<object>
			<coordinate>pixel</coordinate>
			<type>rectangle</type>
			<description>None</description>
			<possibleresult>
				<name>other-vehicle</name>
			</possibleresult>
			<points>
				<point>264.000000,732.000000</point>
				<point>246.000000,736.000000</point>
				<point>244.000000,729.000000</point>
				<point>262.000000,725.000000</point>
				<point>264.000000,732.000000</point>
			</points>
		</object>
		<object>
			<coordinate>pixel</coordinate>
			<type>rectangle</type>
			<description>None</description>
			<possibleresult>
				<name>other-vehicle</name>
			</possibleresult>
			<points>
				<point>282.000000,709.000000</point>
				<point>263.000000,712.000000</point>
				<point>262.000000,706.000000</point>
				<point>281.000000,703.000000</point>
				<point>282.000000,709.000000</point>
			</points>
		</object>
		<object>
			<coordinate>pixel</coordinate>
			<type>rectangle</type>
			<description>None</description>
			<possibleresult>
				<name>Small Car</name>
			</possibleresult>
			<points>
				<point>287.000000,725.000000</point>
				<point>267.000000,729.000000</point>
				<point>265.000000,722.000000</point>
				<point>286.000000,719.000000</point>
				<point>287.000000,725.000000</point>
			</points>
		</object>
		<object>
			<coordinate>pixel</coordinate>
			<type>rectangle</type>
			<description>None</description>
			<possibleresult>
				<name>Van</name>
			</possibleresult>
			<points>
				<point>288.000000,733.000000</point>
				<point>270.000000,737.000000</point>
				<point>268.000000,730.000000</point>
				<point>287.000000,727.000000</point>
				<point>288.000000,733.000000</point>
			</points>
		</object>
		<object>
			<coordinate>pixel</coordinate>
			<type>rectangle</type>
			<description>None</description>
			<possibleresult>
				<name>Van</name>
			</possibleresult>
			<points>
				<point>294.000000,758.000000</point>
				<point>277.000000,760.000000</point>
				<point>277.000000,753.000000</point>
				<point>293.000000,750.000000</point>
				<point>294.000000,758.000000</point>
			</points>
		</object>
		<object>
			<coordinate>pixel</coordinate>
			<type>rectangle</type>
			<description>None</description>
			<possibleresult>
				<name>Van</name>
			</possibleresult>
			<points>
				<point>301.000000,783.000000</point>
				<point>284.000000,785.000000</point>
				<point>284.000000,777.000000</point>
				<point>301.000000,775.000000</point>
				<point>301.000000,783.000000</point>
			</points>
		</object>
		<object>
			<coordinate>pixel</coordinate>
			<type>rectangle</type>
			<description>None</description>
			<possibleresult>
				<name>other-vehicle</name>
			</possibleresult>
			<points>
				<point>313.000000,822.000000</point>
				<point>294.000000,825.000000</point>
				<point>292.000000,818.000000</point>
				<point>311.000000,815.000000</point>
				<point>313.000000,822.000000</point>
			</points>
		</object>
		<object>
			<coordinate>pixel</coordinate>
			<type>rectangle</type>
			<description>None</description>
			<possibleresult>
				<name>Small Car</name>
			</possibleresult>
			<points>
				<point>315.000000,829.000000</point>
				<point>297.000000,832.000000</point>
				<point>296.000000,826.000000</point>
				<point>314.000000,823.000000</point>
				<point>315.000000,829.000000</point>
			</points>
		</object>
		<object>
			<coordinate>pixel</coordinate>
			<type>rectangle</type>
			<description>None</description>
			<possibleresult>
				<name>other-vehicle</name>
			</possibleresult>
			<points>
				<point>314.000000,838.000000</point>
				<point>298.000000,841.000000</point>
				<point>297.000000,835.000000</point>
				<point>314.000000,833.000000</point>
				<point>314.000000,838.000000</point>
			</points>
		</object>
		<object>
			<coordinate>pixel</coordinate>
			<type>rectangle</type>
			<description>None</description>
			<possibleresult>
				<name>Small Car</name>
			</possibleresult>
			<points>
				<point>351.000000,821.000000</point>
				<point>332.000000,825.000000</point>
				<point>331.000000,818.000000</point>
				<point>349.000000,814.000000</point>
				<point>351.000000,821.000000</point>
			</points>
		</object>
		<object>
			<coordinate>pixel</coordinate>
			<type>rectangle</type>
			<description>None</description>
			<possibleresult>
				<name>Van</name>
			</possibleresult>
			<points>
				<point>350.000000,815.000000</point>
				<point>331.000000,817.000000</point>
				<point>331.000000,810.000000</point>
				<point>350.000000,808.000000</point>
				<point>350.000000,815.000000</point>
			</points>
		</object>
		<object>
			<coordinate>pixel</coordinate>
			<type>rectangle</type>
			<description>None</description>
			<possibleresult>
				<name>other-vehicle</name>
			</possibleresult>
			<points>
				<point>346.000000,805.000000</point>
				<point>330.000000,808.000000</point>
				<point>329.000000,801.000000</point>
				<point>345.000000,798.000000</point>
				<point>346.000000,805.000000</point>
			</points>
		</object>
		<object>
			<coordinate>pixel</coordinate>
			<type>rectangle</type>
			<description>None</description>
			<possibleresult>
				<name>Small Car</name>
			</possibleresult>
			<points>
				<point>346.000000,797.000000</point>
				<point>327.000000,801.000000</point>
				<point>326.000000,794.000000</point>
				<point>345.000000,790.000000</point>
				<point>346.000000,797.000000</point>
			</points>
		</object>
		<object>
			<coordinate>pixel</coordinate>
			<type>rectangle</type>
			<description>None</description>
			<possibleresult>
				<name>Van</name>
			</possibleresult>
			<points>
				<point>343.000000,788.000000</point>
				<point>323.000000,792.000000</point>
				<point>321.000000,785.000000</point>
				<point>342.000000,782.000000</point>
				<point>343.000000,788.000000</point>
			</points>
		</object>
		<object>
			<coordinate>pixel</coordinate>
			<type>rectangle</type>
			<description>None</description>
			<possibleresult>
				<name>other-vehicle</name>
			</possibleresult>
			<points>
				<point>341.000000,781.000000</point>
				<point>322.000000,785.000000</point>
				<point>320.000000,778.000000</point>
				<point>340.000000,774.000000</point>
				<point>341.000000,781.000000</point>
			</points>
		</object>
		<object>
			<coordinate>pixel</coordinate>
			<type>rectangle</type>
			<description>None</description>
			<possibleresult>
				<name>other-vehicle</name>
			</possibleresult>
			<points>
				<point>337.000000,772.000000</point>
				<point>321.000000,775.000000</point>
				<point>320.000000,768.000000</point>
				<point>336.000000,765.000000</point>
				<point>337.000000,772.000000</point>
			</points>
		</object>
		<object>
			<coordinate>pixel</coordinate>
			<type>rectangle</type>
			<description>None</description>
			<possibleresult>
				<name>Van</name>
			</possibleresult>
			<points>
				<point>335.000000,754.000000</point>
				<point>315.000000,758.000000</point>
				<point>313.000000,749.000000</point>
				<point>333.000000,745.000000</point>
				<point>335.000000,754.000000</point>
			</points>
		</object>
		<object>
			<coordinate>pixel</coordinate>
			<type>rectangle</type>
			<description>None</description>
			<possibleresult>
				<name>Van</name>
			</possibleresult>
			<points>
				<point>331.000000,745.000000</point>
				<point>312.000000,747.000000</point>
				<point>311.000000,741.000000</point>
				<point>330.000000,739.000000</point>
				<point>331.000000,745.000000</point>
			</points>
		</object>
		<object>
			<coordinate>pixel</coordinate>
			<type>rectangle</type>
			<description>None</description>
			<possibleresult>
				<name>other-vehicle</name>
			</possibleresult>
			<points>
				<point>325.000000,739.000000</point>
				<point>313.000000,740.000000</point>
				<point>312.000000,733.000000</point>
				<point>324.000000,732.000000</point>
				<point>325.000000,739.000000</point>
			</points>
		</object>
		<object>
			<coordinate>pixel</coordinate>
			<type>rectangle</type>
			<description>None</description>
			<possibleresult>
				<name>Van</name>
			</possibleresult>
			<points>
				<point>326.000000,730.000000</point>
				<point>308.000000,732.000000</point>
				<point>308.000000,725.000000</point>
				<point>326.000000,723.000000</point>
				<point>326.000000,730.000000</point>
			</points>
		</object>
		<object>
			<coordinate>pixel</coordinate>
			<type>rectangle</type>
			<description>None</description>
			<possibleresult>
				<name>other-vehicle</name>
			</possibleresult>
			<points>
				<point>321.000000,712.000000</point>
				<point>305.000000,717.000000</point>
				<point>303.000000,710.000000</point>
				<point>320.000000,706.000000</point>
				<point>321.000000,712.000000</point>
			</points>
		</object>
		<object>
			<coordinate>pixel</coordinate>
			<type>rectangle</type>
			<description>None</description>
			<possibleresult>
				<name>Van</name>
			</possibleresult>
			<points>
				<point>433.000000,877.000000</point>
				<point>418.000000,877.000000</point>
				<point>418.000000,870.000000</point>
				<point>433.000000,870.000000</point>
				<point>433.000000,877.000000</point>
			</points>
		</object>
		<object>
			<coordinate>pixel</coordinate>
			<type>rectangle</type>
			<description>None</description>
			<possibleresult>
				<name>other-vehicle</name>
			</possibleresult>
			<points>
				<point>545.000000,844.000000</point>
				<point>531.000000,845.000000</point>
				<point>531.000000,841.000000</point>
				<point>544.000000,839.000000</point>
				<point>545.000000,844.000000</point>
			</points>
		</object>
		<object>
			<coordinate>pixel</coordinate>
			<type>rectangle</type>
			<description>None</description>
			<possibleresult>
				<name>other-vehicle</name>
			</possibleresult>
			<points>
				<point>814.000000,802.000000</point>
				<point>797.000000,809.000000</point>
				<point>794.000000,804.000000</point>
				<point>812.000000,796.000000</point>
				<point>814.000000,802.000000</point>
			</points>
		</object>
		<object>
			<coordinate>pixel</coordinate>
			<type>rectangle</type>
			<description>None</description>
			<possibleresult>
				<name>Small Car</name>
			</possibleresult>
			<points>
				<point>986.000000,650.000000</point>
				<point>981.000000,656.000000</point>
				<point>965.000000,644.000000</point>
				<point>970.000000,638.000000</point>
				<point>986.000000,650.000000</point>
			</points>
		</object>
		<object>
			<coordinate>pixel</coordinate>
			<type>rectangle</type>
			<description>None</description>
			<possibleresult>
				<name>other-vehicle</name>
			</possibleresult>
			<points>
				<point>944.000000,635.000000</point>
				<point>928.000000,643.000000</point>
				<point>924.000000,636.000000</point>
				<point>941.000000,629.000000</point>
				<point>944.000000,635.000000</point>
			</points>
		</object>
		<object>
			<coordinate>pixel</coordinate>
			<type>rectangle</type>
			<description>None</description>
			<possibleresult>
				<name>Van</name>
			</possibleresult>
			<points>
				<point>880.000000,628.000000</point>
				<point>873.000000,630.000000</point>
				<point>868.000000,616.000000</point>
				<point>874.000000,613.000000</point>
				<point>880.000000,628.000000</point>
			</points>
		</object>
		<object>
			<coordinate>pixel</coordinate>
			<type>rectangle</type>
			<description>None</description>
			<possibleresult>
				<name>Van</name>
			</possibleresult>
			<points>
				<point>652.000000,517.000000</point>
				<point>634.000000,522.000000</point>
				<point>633.000000,516.000000</point>
				<point>650.000000,512.000000</point>
				<point>652.000000,517.000000</point>
			</points>
		</object>
		<object>
			<coordinate>pixel</coordinate>
			<type>rectangle</type>
			<description>None</description>
			<possibleresult>
				<name>Van</name>
			</possibleresult>
			<points>
				<point>625.000000,523.000000</point>
				<point>607.000000,527.000000</point>
				<point>606.000000,522.000000</point>
				<point>624.000000,518.000000</point>
				<point>625.000000,523.000000</point>
			</points>
		</object>
		<object>
			<coordinate>pixel</coordinate>
			<type>rectangle</type>
			<description>None</description>
			<possibleresult>
				<name>Van</name>
			</possibleresult>
			<points>
				<point>596.000000,528.000000</point>
				<point>582.000000,531.000000</point>
				<point>580.000000,526.000000</point>
				<point>594.000000,523.000000</point>
				<point>596.000000,528.000000</point>
			</points>
		</object>
		<object>
			<coordinate>pixel</coordinate>
			<type>rectangle</type>
			<description>None</description>
			<possibleresult>
				<name>Van</name>
			</possibleresult>
			<points>
				<point>573.000000,532.000000</point>
				<point>558.000000,535.000000</point>
				<point>557.000000,531.000000</point>
				<point>571.000000,527.000000</point>
				<point>573.000000,532.000000</point>
			</points>
		</object>
		<object>
			<coordinate>pixel</coordinate>
			<type>rectangle</type>
			<description>None</description>
			<possibleresult>
				<name>other-vehicle</name>
			</possibleresult>
			<points>
				<point>551.000000,543.000000</point>
				<point>541.000000,546.000000</point>
				<point>541.000000,541.000000</point>
				<point>550.000000,539.000000</point>
				<point>551.000000,543.000000</point>
			</points>
		</object>
		<object>
			<coordinate>pixel</coordinate>
			<type>rectangle</type>
			<description>None</description>
			<possibleresult>
				<name>Small Car</name>
			</possibleresult>
			<points>
				<point>520.000000,549.000000</point>
				<point>512.000000,552.000000</point>
				<point>510.000000,547.000000</point>
				<point>518.000000,544.000000</point>
				<point>520.000000,549.000000</point>
			</points>
		</object>
		<object>
			<coordinate>pixel</coordinate>
			<type>rectangle</type>
			<description>None</description>
			<possibleresult>
				<name>Small Car</name>
			</possibleresult>
			<points>
				<point>513.000000,562.000000</point>
				<point>506.000000,564.000000</point>
				<point>503.000000,548.000000</point>
				<point>510.000000,546.000000</point>
				<point>513.000000,562.000000</point>
			</points>
		</object>
		<object>
			<coordinate>pixel</coordinate>
			<type>rectangle</type>
			<description>None</description>
			<possibleresult>
				<name>Van</name>
			</possibleresult>
			<points>
				<point>502.000000,563.000000</point>
				<point>495.000000,564.000000</point>
				<point>491.000000,549.000000</point>
				<point>499.000000,547.000000</point>
				<point>502.000000,563.000000</point>
			</points>
		</object>
		<object>
			<coordinate>pixel</coordinate>
			<type>rectangle</type>
			<description>None</description>
			<possibleresult>
				<name>Small Car</name>
			</possibleresult>
			<points>
				<point>492.000000,565.000000</point>
				<point>485.000000,566.000000</point>
				<point>481.000000,550.000000</point>
				<point>489.000000,548.000000</point>
				<point>492.000000,565.000000</point>
			</points>
		</object>
		<object>
			<coordinate>pixel</coordinate>
			<type>rectangle</type>
			<description>None</description>
			<possibleresult>
				<name>other-vehicle</name>
			</possibleresult>
			<points>
				<point>484.000000,567.000000</point>
				<point>476.000000,569.000000</point>
				<point>472.000000,553.000000</point>
				<point>480.000000,551.000000</point>
				<point>484.000000,567.000000</point>
			</points>
		</object>
		<object>
			<coordinate>pixel</coordinate>
			<type>rectangle</type>
			<description>None</description>
			<possibleresult>
				<name>Small Car</name>
			</possibleresult>
			<points>
				<point>473.000000,568.000000</point>
				<point>465.000000,570.000000</point>
				<point>461.000000,554.000000</point>
				<point>470.000000,553.000000</point>
				<point>473.000000,568.000000</point>
			</points>
		</object>
		<object>
			<coordinate>pixel</coordinate>
			<type>rectangle</type>
			<description>None</description>
			<possibleresult>
				<name>Small Car</name>
			</possibleresult>
			<points>
				<point>464.000000,572.000000</point>
				<point>455.000000,574.000000</point>
				<point>451.000000,557.000000</point>
				<point>460.000000,555.000000</point>
				<point>464.000000,572.000000</point>
			</points>
		</object>
		<object>
			<coordinate>pixel</coordinate>
			<type>rectangle</type>
			<description>None</description>
			<possibleresult>
				<name>other-vehicle</name>
			</possibleresult>
			<points>
				<point>441.000000,573.000000</point>
				<point>432.000000,575.000000</point>
				<point>429.000000,564.000000</point>
				<point>438.000000,562.000000</point>
				<point>441.000000,573.000000</point>
			</points>
		</object>
		<object>
			<coordinate>pixel</coordinate>
			<type>rectangle</type>
			<description>None</description>
			<possibleresult>
				<name>Tractor</name>
			</possibleresult>
			<points>
				<point>854.000000,873.000000</point>
				<point>833.000000,881.000000</point>
				<point>831.000000,875.000000</point>
				<point>852.000000,867.000000</point>
				<point>854.000000,873.000000</point>
			</points>
		</object>
		<object>
			<coordinate>pixel</coordinate>
			<type>rectangle</type>
			<description>None</description>
			<possibleresult>
				<name>Bus</name>
			</possibleresult>
			<points>
				<point>993.000000,858.000000</point>
				<point>971.000000,871.000000</point>
				<point>967.000000,863.000000</point>
				<point>989.000000,850.000000</point>
				<point>993.000000,858.000000</point>
			</points>
		</object>
		<object>
			<coordinate>pixel</coordinate>
			<type>rectangle</type>
			<description>None</description>
			<possibleresult>
				<name>Small Car</name>
			</possibleresult>
			<points>
				<point>1000.000000,881.000000</point>
				<point>984.000000,880.000000</point>
				<point>985.000000,873.000000</point>
				<point>1000.000000,873.000000</point>
				<point>1000.000000,881.000000</point>
			</points>
		</object>
		<object>
			<coordinate>pixel</coordinate>
			<type>rectangle</type>
			<description>None</description>
			<possibleresult>
				<name>Small Car</name>
			</possibleresult>
			<points>
				<point>943.000000,971.000000</point>
				<point>935.000000,971.000000</point>
				<point>935.000000,956.000000</point>
				<point>943.000000,956.000000</point>
				<point>943.000000,971.000000</point>
			</points>
		</object>
	</objects>
</annotation>