<?xml version="1.0" encoding="utf-8"?>
<annotation>
	<source>
		<filename>1024.tif</filename>
		<origin>GF2/GF3</origin>
	</source>
	<research>
		<version>1.0</version>
		<provider>FAIR1M</provider>
		<author>Cyber</author>
		<pluginname>FAIR1M</pluginname>
		<pluginclass>object detection</pluginclass>
		<time>2021-07-21</time>
	</research>
	<size>
		<width>1500</width>
		<height>1500</height>
		<depth>3</depth>
	</size>
	<objects>
		<object>
			<coordinate>pixel</coordinate>
			<type>rectangle</type>
			<description>None</description>
			<possibleresult>
				<name>Motorboat</name>
			</possibleresult>
			<points>
				<point>388.000000,380.000000</point>
				<point>411.000000,380.000000</point>
				<point>411.000000,376.000000</point>
				<point>388.000000,376.000000</point>
				<point>388.000000,380.000000</point>
			</points>
		</object>
		<object>
			<coordinate>pixel</coordinate>
			<type>rectangle</type>
			<description>None</description>
			<possibleresult>
				<name>Motorboat</name>
			</possibleresult>
			<points>
				<point>386.000000,367.000000</point>
				<point>423.000000,371.000000</point>
				<point>424.000000,363.000000</point>
				<point>387.000000,359.000000</point>
				<point>386.000000,367.000000</point>
			</points>
		</object>
		<object>
			<coordinate>pixel</coordinate>
			<type>rectangle</type>
			<description>None</description>
			<possibleresult>
				<name>Motorboat</name>
			</possibleresult>
			<points>
				<point>373.000000,366.000000</point>
				<point>371.000000,346.000000</point>
				<point>362.000000,348.000000</point>
				<point>364.000000,367.000000</point>
				<point>373.000000,366.000000</point>
			</points>
		</object>
		<object>
			<coordinate>pixel</coordinate>
			<type>rectangle</type>
			<description>None</description>
			<possibleresult>
				<name>Motorboat</name>
			</possibleresult>
			<points>
				<point>448.000000,305.000000</point>
				<point>399.000000,306.000000</point>
				<point>399.000000,319.000000</point>
				<point>449.000000,318.000000</point>
				<point>448.000000,305.000000</point>
			</points>
		</object>
		<object>
			<coordinate>pixel</coordinate>
			<type>rectangle</type>
			<description>None</description>
			<possibleresult>
				<name>Motorboat</name>
			</possibleresult>
			<points>
				<point>363.000000,266.000000</point>
				<point>357.000000,291.000000</point>
				<point>365.000000,293.000000</point>
				<point>372.000000,269.000000</point>
				<point>363.000000,266.000000</point>
			</points>
		</object>
		<object>
			<coordinate>pixel</coordinate>
			<type>rectangle</type>
			<description>None</description>
			<possibleresult>
				<name>Motorboat</name>
			</possibleresult>
			<points>
				<point>422.000000,258.000000</point>
				<point>386.000000,242.000000</point>
				<point>381.000000,252.000000</point>
				<point>418.000000,268.000000</point>
				<point>422.000000,258.000000</point>
			</points>
		</object>
		<object>
			<coordinate>pixel</coordinate>
			<type>rectangle</type>
			<description>None</description>
			<possibleresult>
				<name>Motorboat</name>
			</possibleresult>
			<points>
				<point>401.000000,208.000000</point>
				<point>386.000000,228.000000</point>
				<point>393.000000,234.000000</point>
				<point>409.000000,215.000000</point>
				<point>401.000000,208.000000</point>
			</points>
		</object>
		<object>
			<coordinate>pixel</coordinate>
			<type>rectangle</type>
			<description>None</description>
			<possibleresult>
				<name>Motorboat</name>
			</possibleresult>
			<points>
				<point>407.000000,208.000000</point>
				<point>422.000000,222.000000</point>
				<point>428.000000,215.000000</point>
				<point>412.000000,202.000000</point>
				<point>407.000000,208.000000</point>
			</points>
		</object>
		<object>
			<coordinate>pixel</coordinate>
			<type>rectangle</type>
			<description>None</description>
			<possibleresult>
				<name>Motorboat</name>
			</possibleresult>
			<points>
				<point>427.000000,223.000000</point>
				<point>440.000000,234.000000</point>
				<point>444.000000,229.000000</point>
				<point>432.000000,218.000000</point>
				<point>427.000000,223.000000</point>
			</points>
		</object>
		<object>
			<coordinate>pixel</coordinate>
			<type>rectangle</type>
			<description>None</description>
			<possibleresult>
				<name>Motorboat</name>
			</possibleresult>
			<points>
				<point>444.000000,239.000000</point>
				<point>464.000000,255.000000</point>
				<point>469.000000,249.000000</point>
				<point>450.000000,232.000000</point>
				<point>444.000000,239.000000</point>
			</points>
		</object>
		<object>
			<coordinate>pixel</coordinate>
			<type>rectangle</type>
			<description>None</description>
			<possibleresult>
				<name>Motorboat</name>
			</possibleresult>
			<points>
				<point>480.000000,240.000000</point>
				<point>461.000000,222.000000</point>
				<point>455.000000,229.000000</point>
				<point>473.000000,246.000000</point>
				<point>480.000000,240.000000</point>
			</points>
		</object>
		<object>
			<coordinate>pixel</coordinate>
			<type>rectangle</type>
			<description>None</description>
			<possibleresult>
				<name>Motorboat</name>
			</possibleresult>
			<points>
				<point>614.000000,130.000000</point>
				<point>603.000000,172.000000</point>
				<point>615.000000,175.000000</point>
				<point>627.000000,134.000000</point>
				<point>614.000000,130.000000</point>
			</points>
		</object>
		<object>
			<coordinate>pixel</coordinate>
			<type>rectangle</type>
			<description>None</description>
			<possibleresult>
				<name>Motorboat</name>
			</possibleresult>
			<points>
				<point>851.000000,311.000000</point>
				<point>838.000000,341.000000</point>
				<point>848.000000,345.000000</point>
				<point>861.000000,316.000000</point>
				<point>851.000000,311.000000</point>
			</points>
		</object>
		<object>
			<coordinate>pixel</coordinate>
			<type>rectangle</type>
			<description>None</description>
			<possibleresult>
				<name>Motorboat</name>
			</possibleresult>
			<points>
				<point>837.000000,341.000000</point>
				<point>828.000000,363.000000</point>
				<point>836.000000,366.000000</point>
				<point>845.000000,344.000000</point>
				<point>837.000000,341.000000</point>
			</points>
		</object>
		<object>
			<coordinate>pixel</coordinate>
			<type>rectangle</type>
			<description>None</description>
			<possibleresult>
				<name>Motorboat</name>
			</possibleresult>
			<points>
				<point>824.000000,363.000000</point>
				<point>813.000000,389.000000</point>
				<point>823.000000,394.000000</point>
				<point>833.000000,368.000000</point>
				<point>824.000000,363.000000</point>
			</points>
		</object>
		<object>
			<coordinate>pixel</coordinate>
			<type>rectangle</type>
			<description>None</description>
			<possibleresult>
				<name>Motorboat</name>
			</possibleresult>
			<points>
				<point>846.000000,373.000000</point>
				<point>837.000000,392.000000</point>
				<point>847.000000,397.000000</point>
				<point>856.000000,378.000000</point>
				<point>846.000000,373.000000</point>
			</points>
		</object>
		<object>
			<coordinate>pixel</coordinate>
			<type>rectangle</type>
			<description>None</description>
			<possibleresult>
				<name>Motorboat</name>
			</possibleresult>
			<points>
				<point>874.000000,370.000000</point>
				<point>854.000000,361.000000</point>
				<point>850.000000,370.000000</point>
				<point>869.000000,379.000000</point>
				<point>874.000000,370.000000</point>
			</points>
		</object>
		<object>
			<coordinate>pixel</coordinate>
			<type>rectangle</type>
			<description>None</description>
			<possibleresult>
				<name>Motorboat</name>
			</possibleresult>
			<points>
				<point>881.000000,361.000000</point>
				<point>858.000000,352.000000</point>
				<point>856.000000,357.000000</point>
				<point>880.000000,366.000000</point>
				<point>881.000000,361.000000</point>
			</points>
		</object>
		<object>
			<coordinate>pixel</coordinate>
			<type>rectangle</type>
			<description>None</description>
			<possibleresult>
				<name>Motorboat</name>
			</possibleresult>
			<points>
				<point>873.000000,322.000000</point>
				<point>863.000000,345.000000</point>
				<point>871.000000,349.000000</point>
				<point>881.000000,326.000000</point>
				<point>873.000000,322.000000</point>
			</points>
		</object>
		<object>
			<coordinate>pixel</coordinate>
			<type>rectangle</type>
			<description>None</description>
			<possibleresult>
				<name>Fishing Boat</name>
			</possibleresult>
			<points>
				<point>1006.000000,419.000000</point>
				<point>997.000000,368.000000</point>
				<point>979.000000,372.000000</point>
				<point>989.000000,422.000000</point>
				<point>1006.000000,419.000000</point>
			</points>
		</object>
		<object>
			<coordinate>pixel</coordinate>
			<type>rectangle</type>
			<description>None</description>
			<possibleresult>
				<name>Passenger Ship</name>
			</possibleresult>
			<points>
				<point>1106.000000,384.000000</point>
				<point>1064.000000,326.000000</point>
				<point>1046.000000,339.000000</point>
				<point>1087.000000,397.000000</point>
				<point>1106.000000,384.000000</point>
			</points>
		</object>
		<object>
			<coordinate>pixel</coordinate>
			<type>rectangle</type>
			<description>None</description>
			<possibleresult>
				<name>other-ship</name>
			</possibleresult>
			<points>
				<point>1091.000000,315.000000</point>
				<point>1078.000000,298.000000</point>
				<point>1065.000000,307.000000</point>
				<point>1078.000000,325.000000</point>
				<point>1091.000000,315.000000</point>
			</points>
		</object>
		<object>
			<coordinate>pixel</coordinate>
			<type>rectangle</type>
			<description>None</description>
			<possibleresult>
				<name>other-ship</name>
			</possibleresult>
			<points>
				<point>1128.000000,360.000000</point>
				<point>1115.000000,338.000000</point>
				<point>1099.000000,348.000000</point>
				<point>1112.000000,369.000000</point>
				<point>1128.000000,360.000000</point>
			</points>
		</object>
		<object>
			<coordinate>pixel</coordinate>
			<type>rectangle</type>
			<description>None</description>
			<possibleresult>
				<name>Motorboat</name>
			</possibleresult>
			<points>
				<point>1126.000000,543.000000</point>
				<point>1156.000000,513.000000</point>
				<point>1147.000000,504.000000</point>
				<point>1118.000000,535.000000</point>
				<point>1126.000000,543.000000</point>
			</points>
		</object>
		<object>
			<coordinate>pixel</coordinate>
			<type>rectangle</type>
			<description>None</description>
			<possibleresult>
				<name>Motorboat</name>
			</possibleresult>
			<points>
				<point>1230.000000,414.000000</point>
				<point>1186.000000,415.000000</point>
				<point>1186.000000,423.000000</point>
				<point>1231.000000,422.000000</point>
				<point>1230.000000,414.000000</point>
			</points>
		</object>
		<object>
			<coordinate>pixel</coordinate>
			<type>rectangle</type>
			<description>None</description>
			<possibleresult>
				<name>Motorboat</name>
			</possibleresult>
			<points>
				<point>1200.000000,427.000000</point>
				<point>1171.000000,427.000000</point>
				<point>1171.000000,435.000000</point>
				<point>1201.000000,435.000000</point>
				<point>1200.000000,427.000000</point>
			</points>
		</object>
		<object>
			<coordinate>pixel</coordinate>
			<type>rectangle</type>
			<description>None</description>
			<possibleresult>
				<name>Motorboat</name>
			</possibleresult>
			<points>
				<point>1201.000000,465.000000</point>
				<point>1176.000000,463.000000</point>
				<point>1176.000000,472.000000</point>
				<point>1201.000000,473.000000</point>
				<point>1201.000000,465.000000</point>
			</points>
		</object>
		<object>
			<coordinate>pixel</coordinate>
			<type>rectangle</type>
			<description>None</description>
			<possibleresult>
				<name>Motorboat</name>
			</possibleresult>
			<points>
				<point>1201.000000,474.000000</point>
				<point>1177.000000,474.000000</point>
				<point>1177.000000,482.000000</point>
				<point>1201.000000,482.000000</point>
				<point>1201.000000,474.000000</point>
			</points>
		</object>
		<object>
			<coordinate>pixel</coordinate>
			<type>rectangle</type>
			<description>None</description>
			<possibleresult>
				<name>Motorboat</name>
			</possibleresult>
			<points>
				<point>1206.000000,434.000000</point>
				<point>1233.000000,434.000000</point>
				<point>1233.000000,428.000000</point>
				<point>1206.000000,428.000000</point>
				<point>1206.000000,434.000000</point>
			</points>
		</object>
		<object>
			<coordinate>pixel</coordinate>
			<type>rectangle</type>
			<description>None</description>
			<possibleresult>
				<name>Motorboat</name>
			</possibleresult>
			<points>
				<point>1234.000000,438.000000</point>
				<point>1208.000000,436.000000</point>
				<point>1208.000000,445.000000</point>
				<point>1234.000000,446.000000</point>
				<point>1234.000000,438.000000</point>
			</points>
		</object>
		<object>
			<coordinate>pixel</coordinate>
			<type>rectangle</type>
			<description>None</description>
			<possibleresult>
				<name>Motorboat</name>
			</possibleresult>
			<points>
				<point>1206.000000,463.000000</point>
				<point>1233.000000,463.000000</point>
				<point>1233.000000,458.000000</point>
				<point>1206.000000,458.000000</point>
				<point>1206.000000,463.000000</point>
			</points>
		</object>
		<object>
			<coordinate>pixel</coordinate>
			<type>rectangle</type>
			<description>None</description>
			<possibleresult>
				<name>Motorboat</name>
			</possibleresult>
			<points>
				<point>1207.000000,472.000000</point>
				<point>1233.000000,472.000000</point>
				<point>1233.000000,466.000000</point>
				<point>1207.000000,466.000000</point>
				<point>1207.000000,472.000000</point>
			</points>
		</object>
		<object>
			<coordinate>pixel</coordinate>
			<type>rectangle</type>
			<description>None</description>
			<possibleresult>
				<name>Motorboat</name>
			</possibleresult>
			<points>
				<point>1205.000000,483.000000</point>
				<point>1236.000000,483.000000</point>
				<point>1236.000000,475.000000</point>
				<point>1205.000000,475.000000</point>
				<point>1205.000000,483.000000</point>
			</points>
		</object>
		<object>
			<coordinate>pixel</coordinate>
			<type>rectangle</type>
			<description>None</description>
			<possibleresult>
				<name>Motorboat</name>
			</possibleresult>
			<points>
				<point>1234.000000,484.000000</point>
				<point>1208.000000,483.000000</point>
				<point>1208.000000,492.000000</point>
				<point>1234.000000,493.000000</point>
				<point>1234.000000,484.000000</point>
			</points>
		</object>
		<object>
			<coordinate>pixel</coordinate>
			<type>rectangle</type>
			<description>None</description>
			<possibleresult>
				<name>Motorboat</name>
			</possibleresult>
			<points>
				<point>1270.000000,319.000000</point>
				<point>1308.000000,319.000000</point>
				<point>1308.000000,312.000000</point>
				<point>1270.000000,312.000000</point>
				<point>1270.000000,319.000000</point>
			</points>
		</object>
		<object>
			<coordinate>pixel</coordinate>
			<type>rectangle</type>
			<description>None</description>
			<possibleresult>
				<name>Motorboat</name>
			</possibleresult>
			<points>
				<point>1295.000000,324.000000</point>
				<point>1269.000000,324.000000</point>
				<point>1269.000000,330.000000</point>
				<point>1295.000000,330.000000</point>
				<point>1295.000000,324.000000</point>
			</points>
		</object>
		<object>
			<coordinate>pixel</coordinate>
			<type>rectangle</type>
			<description>None</description>
			<possibleresult>
				<name>Motorboat</name>
			</possibleresult>
			<points>
				<point>1265.000000,343.000000</point>
				<point>1293.000000,343.000000</point>
				<point>1293.000000,337.000000</point>
				<point>1265.000000,337.000000</point>
				<point>1265.000000,343.000000</point>
			</points>
		</object>
		<object>
			<coordinate>pixel</coordinate>
			<type>rectangle</type>
			<description>None</description>
			<possibleresult>
				<name>Motorboat</name>
			</possibleresult>
			<points>
				<point>1297.000000,346.000000</point>
				<point>1267.000000,347.000000</point>
				<point>1267.000000,353.000000</point>
				<point>1297.000000,352.000000</point>
				<point>1297.000000,346.000000</point>
			</points>
		</object>
		<object>
			<coordinate>pixel</coordinate>
			<type>rectangle</type>
			<description>None</description>
			<possibleresult>
				<name>Motorboat</name>
			</possibleresult>
			<points>
				<point>1261.000000,363.000000</point>
				<point>1293.000000,363.000000</point>
				<point>1293.000000,358.000000</point>
				<point>1261.000000,358.000000</point>
				<point>1261.000000,363.000000</point>
			</points>
		</object>
		<object>
			<coordinate>pixel</coordinate>
			<type>rectangle</type>
			<description>None</description>
			<possibleresult>
				<name>Motorboat</name>
			</possibleresult>
			<points>
				<point>1295.000000,379.000000</point>
				<point>1267.000000,379.000000</point>
				<point>1267.000000,387.000000</point>
				<point>1295.000000,387.000000</point>
				<point>1295.000000,379.000000</point>
			</points>
		</object>
		<object>
			<coordinate>pixel</coordinate>
			<type>rectangle</type>
			<description>None</description>
			<possibleresult>
				<name>Motorboat</name>
			</possibleresult>
			<points>
				<point>1296.000000,368.000000</point>
				<point>1265.000000,367.000000</point>
				<point>1264.000000,377.000000</point>
				<point>1296.000000,377.000000</point>
				<point>1296.000000,368.000000</point>
			</points>
		</object>
		<object>
			<coordinate>pixel</coordinate>
			<type>rectangle</type>
			<description>None</description>
			<possibleresult>
				<name>Motorboat</name>
			</possibleresult>
			<points>
				<point>1266.000000,395.000000</point>
				<point>1294.000000,395.000000</point>
				<point>1294.000000,390.000000</point>
				<point>1266.000000,390.000000</point>
				<point>1266.000000,395.000000</point>
			</points>
		</object>
		<object>
			<coordinate>pixel</coordinate>
			<type>rectangle</type>
			<description>None</description>
			<possibleresult>
				<name>Motorboat</name>
			</possibleresult>
			<points>
				<point>1293.000000,408.000000</point>
				<point>1269.000000,409.000000</point>
				<point>1269.000000,416.000000</point>
				<point>1293.000000,415.000000</point>
				<point>1293.000000,408.000000</point>
			</points>
		</object>
		<object>
			<coordinate>pixel</coordinate>
			<type>rectangle</type>
			<description>None</description>
			<possibleresult>
				<name>Motorboat</name>
			</possibleresult>
			<points>
				<point>1267.000000,426.000000</point>
				<point>1295.000000,426.000000</point>
				<point>1295.000000,419.000000</point>
				<point>1267.000000,419.000000</point>
				<point>1267.000000,426.000000</point>
			</points>
		</object>
		<object>
			<coordinate>pixel</coordinate>
			<type>rectangle</type>
			<description>None</description>
			<possibleresult>
				<name>Motorboat</name>
			</possibleresult>
			<points>
				<point>1295.000000,428.000000</point>
				<point>1271.000000,428.000000</point>
				<point>1271.000000,435.000000</point>
				<point>1295.000000,435.000000</point>
				<point>1295.000000,428.000000</point>
			</points>
		</object>
		<object>
			<coordinate>pixel</coordinate>
			<type>rectangle</type>
			<description>None</description>
			<possibleresult>
				<name>Motorboat</name>
			</possibleresult>
			<points>
				<point>1269.000000,444.000000</point>
				<point>1294.000000,444.000000</point>
				<point>1294.000000,439.000000</point>
				<point>1269.000000,439.000000</point>
				<point>1269.000000,444.000000</point>
			</points>
		</object>
		<object>
			<coordinate>pixel</coordinate>
			<type>rectangle</type>
			<description>None</description>
			<possibleresult>
				<name>Motorboat</name>
			</possibleresult>
			<points>
				<point>1294.000000,447.000000</point>
				<point>1273.000000,447.000000</point>
				<point>1273.000000,454.000000</point>
				<point>1294.000000,454.000000</point>
				<point>1294.000000,447.000000</point>
			</points>
		</object>
		<object>
			<coordinate>pixel</coordinate>
			<type>rectangle</type>
			<description>None</description>
			<possibleresult>
				<name>Motorboat</name>
			</possibleresult>
			<points>
				<point>1297.000000,467.000000</point>
				<point>1272.000000,465.000000</point>
				<point>1272.000000,469.000000</point>
				<point>1297.000000,471.000000</point>
				<point>1297.000000,467.000000</point>
			</points>
		</object>
		<object>
			<coordinate>pixel</coordinate>
			<type>rectangle</type>
			<description>None</description>
			<possibleresult>
				<name>Motorboat</name>
			</possibleresult>
			<points>
				<point>1274.000000,490.000000</point>
				<point>1294.000000,485.000000</point>
				<point>1291.000000,472.000000</point>
				<point>1270.000000,478.000000</point>
				<point>1274.000000,490.000000</point>
			</points>
		</object>
		<object>
			<coordinate>pixel</coordinate>
			<type>rectangle</type>
			<description>None</description>
			<possibleresult>
				<name>Motorboat</name>
			</possibleresult>
			<points>
				<point>1321.000000,333.000000</point>
				<point>1302.000000,333.000000</point>
				<point>1303.000000,338.000000</point>
				<point>1321.000000,337.000000</point>
				<point>1321.000000,333.000000</point>
			</points>
		</object>
		<object>
			<coordinate>pixel</coordinate>
			<type>rectangle</type>
			<description>None</description>
			<possibleresult>
				<name>Motorboat</name>
			</possibleresult>
			<points>
				<point>1301.000000,347.000000</point>
				<point>1321.000000,347.000000</point>
				<point>1321.000000,341.000000</point>
				<point>1301.000000,341.000000</point>
				<point>1301.000000,347.000000</point>
			</points>
		</object>
		<object>
			<coordinate>pixel</coordinate>
			<type>rectangle</type>
			<description>None</description>
			<possibleresult>
				<name>Motorboat</name>
			</possibleresult>
			<points>
				<point>1302.000000,356.000000</point>
				<point>1321.000000,356.000000</point>
				<point>1321.000000,350.000000</point>
				<point>1302.000000,350.000000</point>
				<point>1302.000000,356.000000</point>
			</points>
		</object>
		<object>
			<coordinate>pixel</coordinate>
			<type>rectangle</type>
			<description>None</description>
			<possibleresult>
				<name>Motorboat</name>
			</possibleresult>
			<points>
				<point>1300.000000,366.000000</point>
				<point>1320.000000,366.000000</point>
				<point>1320.000000,361.000000</point>
				<point>1300.000000,361.000000</point>
				<point>1300.000000,366.000000</point>
			</points>
		</object>
		<object>
			<coordinate>pixel</coordinate>
			<type>rectangle</type>
			<description>None</description>
			<possibleresult>
				<name>Motorboat</name>
			</possibleresult>
			<points>
				<point>1300.000000,373.000000</point>
				<point>1321.000000,373.000000</point>
				<point>1321.000000,369.000000</point>
				<point>1300.000000,369.000000</point>
				<point>1300.000000,373.000000</point>
			</points>
		</object>
		<object>
			<coordinate>pixel</coordinate>
			<type>rectangle</type>
			<description>None</description>
			<possibleresult>
				<name>Motorboat</name>
			</possibleresult>
			<points>
				<point>1301.000000,383.000000</point>
				<point>1324.000000,383.000000</point>
				<point>1324.000000,379.000000</point>
				<point>1301.000000,379.000000</point>
				<point>1301.000000,383.000000</point>
			</points>
		</object>
		<object>
			<coordinate>pixel</coordinate>
			<type>rectangle</type>
			<description>None</description>
			<possibleresult>
				<name>Motorboat</name>
			</possibleresult>
			<points>
				<point>1303.000000,394.000000</point>
				<point>1324.000000,394.000000</point>
				<point>1324.000000,386.000000</point>
				<point>1303.000000,386.000000</point>
				<point>1303.000000,394.000000</point>
			</points>
		</object>
		<object>
			<coordinate>pixel</coordinate>
			<type>rectangle</type>
			<description>None</description>
			<possibleresult>
				<name>Motorboat</name>
			</possibleresult>
			<points>
				<point>1303.000000,402.000000</point>
				<point>1321.000000,402.000000</point>
				<point>1321.000000,399.000000</point>
				<point>1303.000000,399.000000</point>
				<point>1303.000000,402.000000</point>
			</points>
		</object>
		<object>
			<coordinate>pixel</coordinate>
			<type>rectangle</type>
			<description>None</description>
			<possibleresult>
				<name>Motorboat</name>
			</possibleresult>
			<points>
				<point>1303.000000,410.000000</point>
				<point>1326.000000,410.000000</point>
				<point>1326.000000,404.000000</point>
				<point>1303.000000,404.000000</point>
				<point>1303.000000,410.000000</point>
			</points>
		</object>
		<object>
			<coordinate>pixel</coordinate>
			<type>rectangle</type>
			<description>None</description>
			<possibleresult>
				<name>Motorboat</name>
			</possibleresult>
			<points>
				<point>1300.000000,422.000000</point>
				<point>1323.000000,422.000000</point>
				<point>1323.000000,418.000000</point>
				<point>1300.000000,418.000000</point>
				<point>1300.000000,422.000000</point>
			</points>
		</object>
		<object>
			<coordinate>pixel</coordinate>
			<type>rectangle</type>
			<description>None</description>
			<possibleresult>
				<name>Motorboat</name>
			</possibleresult>
			<points>
				<point>1303.000000,428.000000</point>
				<point>1321.000000,428.000000</point>
				<point>1321.000000,422.000000</point>
				<point>1303.000000,422.000000</point>
				<point>1303.000000,428.000000</point>
			</points>
		</object>
		<object>
			<coordinate>pixel</coordinate>
			<type>rectangle</type>
			<description>None</description>
			<possibleresult>
				<name>Motorboat</name>
			</possibleresult>
			<points>
				<point>1302.000000,437.000000</point>
				<point>1321.000000,437.000000</point>
				<point>1321.000000,431.000000</point>
				<point>1302.000000,431.000000</point>
				<point>1302.000000,437.000000</point>
			</points>
		</object>
		<object>
			<coordinate>pixel</coordinate>
			<type>rectangle</type>
			<description>None</description>
			<possibleresult>
				<name>Motorboat</name>
			</possibleresult>
			<points>
				<point>1303.000000,447.000000</point>
				<point>1321.000000,447.000000</point>
				<point>1321.000000,441.000000</point>
				<point>1303.000000,441.000000</point>
				<point>1303.000000,447.000000</point>
			</points>
		</object>
		<object>
			<coordinate>pixel</coordinate>
			<type>rectangle</type>
			<description>None</description>
			<possibleresult>
				<name>Motorboat</name>
			</possibleresult>
			<points>
				<point>1325.000000,459.000000</point>
				<point>1301.000000,459.000000</point>
				<point>1301.000000,463.000000</point>
				<point>1324.000000,464.000000</point>
				<point>1325.000000,459.000000</point>
			</points>
		</object>
		<object>
			<coordinate>pixel</coordinate>
			<type>rectangle</type>
			<description>None</description>
			<possibleresult>
				<name>Motorboat</name>
			</possibleresult>
			<points>
				<point>1303.000000,471.000000</point>
				<point>1321.000000,471.000000</point>
				<point>1321.000000,468.000000</point>
				<point>1303.000000,468.000000</point>
				<point>1303.000000,471.000000</point>
			</points>
		</object>
		<object>
			<coordinate>pixel</coordinate>
			<type>rectangle</type>
			<description>None</description>
			<possibleresult>
				<name>Motorboat</name>
			</possibleresult>
			<points>
				<point>1372.000000,345.000000</point>
				<point>1353.000000,344.000000</point>
				<point>1353.000000,350.000000</point>
				<point>1372.000000,351.000000</point>
				<point>1372.000000,345.000000</point>
			</points>
		</object>
		<object>
			<coordinate>pixel</coordinate>
			<type>rectangle</type>
			<description>None</description>
			<possibleresult>
				<name>Motorboat</name>
			</possibleresult>
			<points>
				<point>1371.000000,354.000000</point>
				<point>1350.000000,354.000000</point>
				<point>1350.000000,358.000000</point>
				<point>1371.000000,358.000000</point>
				<point>1371.000000,354.000000</point>
			</points>
		</object>
		<object>
			<coordinate>pixel</coordinate>
			<type>rectangle</type>
			<description>None</description>
			<possibleresult>
				<name>Motorboat</name>
			</possibleresult>
			<points>
				<point>1370.000000,361.000000</point>
				<point>1350.000000,361.000000</point>
				<point>1350.000000,365.000000</point>
				<point>1370.000000,365.000000</point>
				<point>1370.000000,361.000000</point>
			</points>
		</object>
		<object>
			<coordinate>pixel</coordinate>
			<type>rectangle</type>
			<description>None</description>
			<possibleresult>
				<name>Motorboat</name>
			</possibleresult>
			<points>
				<point>1370.000000,399.000000</point>
				<point>1351.000000,399.000000</point>
				<point>1351.000000,405.000000</point>
				<point>1370.000000,404.000000</point>
				<point>1370.000000,399.000000</point>
			</points>
		</object>
		<object>
			<coordinate>pixel</coordinate>
			<type>rectangle</type>
			<description>None</description>
			<possibleresult>
				<name>Motorboat</name>
			</possibleresult>
			<points>
				<point>1368.000000,376.000000</point>
				<point>1351.000000,377.000000</point>
				<point>1351.000000,381.000000</point>
				<point>1368.000000,380.000000</point>
				<point>1368.000000,376.000000</point>
			</points>
		</object>
		<object>
			<coordinate>pixel</coordinate>
			<type>rectangle</type>
			<description>None</description>
			<possibleresult>
				<name>Motorboat</name>
			</possibleresult>
			<points>
				<point>1370.000000,415.000000</point>
				<point>1351.000000,414.000000</point>
				<point>1351.000000,419.000000</point>
				<point>1370.000000,420.000000</point>
				<point>1370.000000,415.000000</point>
			</points>
		</object>
		<object>
			<coordinate>pixel</coordinate>
			<type>rectangle</type>
			<description>None</description>
			<possibleresult>
				<name>Motorboat</name>
			</possibleresult>
			<points>
				<point>1369.000000,424.000000</point>
				<point>1349.000000,424.000000</point>
				<point>1349.000000,428.000000</point>
				<point>1369.000000,428.000000</point>
				<point>1369.000000,424.000000</point>
			</points>
		</object>
		<object>
			<coordinate>pixel</coordinate>
			<type>rectangle</type>
			<description>None</description>
			<possibleresult>
				<name>Motorboat</name>
			</possibleresult>
			<points>
				<point>1371.000000,445.000000</point>
				<point>1350.000000,446.000000</point>
				<point>1350.000000,453.000000</point>
				<point>1371.000000,452.000000</point>
				<point>1371.000000,445.000000</point>
			</points>
		</object>
		<object>
			<coordinate>pixel</coordinate>
			<type>rectangle</type>
			<description>None</description>
			<possibleresult>
				<name>Motorboat</name>
			</possibleresult>
			<points>
				<point>1377.000000,351.000000</point>
				<point>1394.000000,351.000000</point>
				<point>1394.000000,348.000000</point>
				<point>1377.000000,348.000000</point>
				<point>1377.000000,351.000000</point>
			</points>
		</object>
		<object>
			<coordinate>pixel</coordinate>
			<type>rectangle</type>
			<description>None</description>
			<possibleresult>
				<name>Motorboat</name>
			</possibleresult>
			<points>
				<point>1398.000000,356.000000</point>
				<point>1378.000000,355.000000</point>
				<point>1378.000000,359.000000</point>
				<point>1396.000000,359.000000</point>
				<point>1398.000000,356.000000</point>
			</points>
		</object>
		<object>
			<coordinate>pixel</coordinate>
			<type>rectangle</type>
			<description>None</description>
			<possibleresult>
				<name>Motorboat</name>
			</possibleresult>
			<points>
				<point>1377.000000,370.000000</point>
				<point>1396.000000,370.000000</point>
				<point>1396.000000,364.000000</point>
				<point>1377.000000,364.000000</point>
				<point>1377.000000,370.000000</point>
			</points>
		</object>
		<object>
			<coordinate>pixel</coordinate>
			<type>rectangle</type>
			<description>None</description>
			<possibleresult>
				<name>Motorboat</name>
			</possibleresult>
			<points>
				<point>1374.000000,406.000000</point>
				<point>1395.000000,406.000000</point>
				<point>1395.000000,399.000000</point>
				<point>1374.000000,399.000000</point>
				<point>1374.000000,406.000000</point>
			</points>
		</object>
		<object>
			<coordinate>pixel</coordinate>
			<type>rectangle</type>
			<description>None</description>
			<possibleresult>
				<name>Motorboat</name>
			</possibleresult>
			<points>
				<point>1376.000000,415.000000</point>
				<point>1396.000000,415.000000</point>
				<point>1396.000000,411.000000</point>
				<point>1376.000000,411.000000</point>
				<point>1376.000000,415.000000</point>
			</points>
		</object>
		<object>
			<coordinate>pixel</coordinate>
			<type>rectangle</type>
			<description>None</description>
			<possibleresult>
				<name>Motorboat</name>
			</possibleresult>
			<points>
				<point>1396.000000,423.000000</point>
				<point>1376.000000,424.000000</point>
				<point>1376.000000,430.000000</point>
				<point>1396.000000,430.000000</point>
				<point>1396.000000,423.000000</point>
			</points>
		</object>
		<object>
			<coordinate>pixel</coordinate>
			<type>rectangle</type>
			<description>None</description>
			<possibleresult>
				<name>Motorboat</name>
			</possibleresult>
			<points>
				<point>1394.000000,435.000000</point>
				<point>1374.000000,435.000000</point>
				<point>1374.000000,440.000000</point>
				<point>1394.000000,440.000000</point>
				<point>1394.000000,435.000000</point>
			</points>
		</object>
		<object>
			<coordinate>pixel</coordinate>
			<type>rectangle</type>
			<description>None</description>
			<possibleresult>
				<name>Motorboat</name>
			</possibleresult>
			<points>
				<point>1444.000000,363.000000</point>
				<point>1416.000000,363.000000</point>
				<point>1417.000000,371.000000</point>
				<point>1444.000000,370.000000</point>
				<point>1444.000000,363.000000</point>
			</points>
		</object>
		<object>
			<coordinate>pixel</coordinate>
			<type>rectangle</type>
			<description>None</description>
			<possibleresult>
				<name>Motorboat</name>
			</possibleresult>
			<points>
				<point>1418.000000,380.000000</point>
				<point>1442.000000,380.000000</point>
				<point>1442.000000,374.000000</point>
				<point>1418.000000,374.000000</point>
				<point>1418.000000,380.000000</point>
			</points>
		</object>
		<object>
			<coordinate>pixel</coordinate>
			<type>rectangle</type>
			<description>None</description>
			<possibleresult>
				<name>Motorboat</name>
			</possibleresult>
			<points>
				<point>1444.000000,394.000000</point>
				<point>1419.000000,394.000000</point>
				<point>1419.000000,400.000000</point>
				<point>1444.000000,400.000000</point>
				<point>1444.000000,394.000000</point>
			</points>
		</object>
		<object>
			<coordinate>pixel</coordinate>
			<type>rectangle</type>
			<description>None</description>
			<possibleresult>
				<name>Motorboat</name>
			</possibleresult>
			<points>
				<point>1419.000000,410.000000</point>
				<point>1442.000000,410.000000</point>
				<point>1442.000000,405.000000</point>
				<point>1419.000000,405.000000</point>
				<point>1419.000000,410.000000</point>
			</points>
		</object>
		<object>
			<coordinate>pixel</coordinate>
			<type>rectangle</type>
			<description>None</description>
			<possibleresult>
				<name>Motorboat</name>
			</possibleresult>
			<points>
				<point>1445.000000,414.000000</point>
				<point>1422.000000,412.000000</point>
				<point>1422.000000,418.000000</point>
				<point>1445.000000,419.000000</point>
				<point>1445.000000,414.000000</point>
			</points>
		</object>
		<object>
			<coordinate>pixel</coordinate>
			<type>rectangle</type>
			<description>None</description>
			<possibleresult>
				<name>Motorboat</name>
			</possibleresult>
			<points>
				<point>1445.000000,424.000000</point>
				<point>1422.000000,423.000000</point>
				<point>1422.000000,431.000000</point>
				<point>1445.000000,431.000000</point>
				<point>1445.000000,424.000000</point>
			</points>
		</object>
		<object>
			<coordinate>pixel</coordinate>
			<type>rectangle</type>
			<description>None</description>
			<possibleresult>
				<name>Motorboat</name>
			</possibleresult>
			<points>
				<point>1281.000000,269.000000</point>
				<point>1303.000000,279.000000</point>
				<point>1306.000000,271.000000</point>
				<point>1285.000000,261.000000</point>
				<point>1281.000000,269.000000</point>
			</points>
		</object>
		<object>
			<coordinate>pixel</coordinate>
			<type>rectangle</type>
			<description>None</description>
			<possibleresult>
				<name>Motorboat</name>
			</possibleresult>
			<points>
				<point>1156.000000,253.000000</point>
				<point>1133.000000,257.000000</point>
				<point>1134.000000,261.000000</point>
				<point>1156.000000,257.000000</point>
				<point>1156.000000,253.000000</point>
			</points>
		</object>
		<object>
			<coordinate>pixel</coordinate>
			<type>rectangle</type>
			<description>None</description>
			<possibleresult>
				<name>Motorboat</name>
			</possibleresult>
			<points>
				<point>1231.000000,802.000000</point>
				<point>1234.000000,822.000000</point>
				<point>1243.000000,821.000000</point>
				<point>1240.000000,801.000000</point>
				<point>1231.000000,802.000000</point>
			</points>
		</object>
		<object>
			<coordinate>pixel</coordinate>
			<type>rectangle</type>
			<description>None</description>
			<possibleresult>
				<name>Motorboat</name>
			</possibleresult>
			<points>
				<point>1373.000000,706.000000</point>
				<point>1369.000000,687.000000</point>
				<point>1362.000000,689.000000</point>
				<point>1367.000000,708.000000</point>
				<point>1373.000000,706.000000</point>
			</points>
		</object>
		<object>
			<coordinate>pixel</coordinate>
			<type>rectangle</type>
			<description>None</description>
			<possibleresult>
				<name>Motorboat</name>
			</possibleresult>
			<points>
				<point>1381.000000,705.000000</point>
				<point>1378.000000,686.000000</point>
				<point>1372.000000,687.000000</point>
				<point>1375.000000,705.000000</point>
				<point>1381.000000,705.000000</point>
			</points>
		</object>
		<object>
			<coordinate>pixel</coordinate>
			<type>rectangle</type>
			<description>None</description>
			<possibleresult>
				<name>Motorboat</name>
			</possibleresult>
			<points>
				<point>1391.000000,701.000000</point>
				<point>1387.000000,683.000000</point>
				<point>1381.000000,685.000000</point>
				<point>1385.000000,703.000000</point>
				<point>1391.000000,701.000000</point>
			</points>
		</object>
		<object>
			<coordinate>pixel</coordinate>
			<type>rectangle</type>
			<description>None</description>
			<possibleresult>
				<name>Motorboat</name>
			</possibleresult>
			<points>
				<point>1403.000000,703.000000</point>
				<point>1397.000000,682.000000</point>
				<point>1389.000000,684.000000</point>
				<point>1395.000000,705.000000</point>
				<point>1403.000000,703.000000</point>
			</points>
		</object>
		<object>
			<coordinate>pixel</coordinate>
			<type>rectangle</type>
			<description>None</description>
			<possibleresult>
				<name>Motorboat</name>
			</possibleresult>
			<points>
				<point>1427.000000,695.000000</point>
				<point>1423.000000,677.000000</point>
				<point>1417.000000,678.000000</point>
				<point>1421.000000,696.000000</point>
				<point>1427.000000,695.000000</point>
			</points>
		</object>
		<object>
			<coordinate>pixel</coordinate>
			<type>rectangle</type>
			<description>None</description>
			<possibleresult>
				<name>Motorboat</name>
			</possibleresult>
			<points>
				<point>1471.000000,669.000000</point>
				<point>1474.000000,685.000000</point>
				<point>1480.000000,684.000000</point>
				<point>1477.000000,668.000000</point>
				<point>1471.000000,669.000000</point>
			</points>
		</object>
		<object>
			<coordinate>pixel</coordinate>
			<type>rectangle</type>
			<description>None</description>
			<possibleresult>
				<name>Motorboat</name>
			</possibleresult>
			<points>
				<point>1501.000000,683.000000</point>
				<point>1496.000000,665.000000</point>
				<point>1489.000000,667.000000</point>
				<point>1494.000000,684.000000</point>
				<point>1501.000000,683.000000</point>
			</points>
		</object>
		<object>
			<coordinate>pixel</coordinate>
			<type>rectangle</type>
			<description>None</description>
			<possibleresult>
				<name>Motorboat</name>
			</possibleresult>
			<points>
				<point>1379.000000,749.000000</point>
				<point>1374.000000,731.000000</point>
				<point>1365.000000,733.000000</point>
				<point>1369.000000,751.000000</point>
				<point>1379.000000,749.000000</point>
			</points>
		</object>
		<object>
			<coordinate>pixel</coordinate>
			<type>rectangle</type>
			<description>None</description>
			<possibleresult>
				<name>Motorboat</name>
			</possibleresult>
			<points>
				<point>1406.000000,745.000000</point>
				<point>1401.000000,729.000000</point>
				<point>1392.000000,731.000000</point>
				<point>1396.000000,747.000000</point>
				<point>1406.000000,745.000000</point>
			</points>
		</object>
		<object>
			<coordinate>pixel</coordinate>
			<type>rectangle</type>
			<description>None</description>
			<possibleresult>
				<name>Motorboat</name>
			</possibleresult>
			<points>
				<point>1424.000000,741.000000</point>
				<point>1421.000000,724.000000</point>
				<point>1414.000000,725.000000</point>
				<point>1417.000000,742.000000</point>
				<point>1424.000000,741.000000</point>
			</points>
		</object>
		<object>
			<coordinate>pixel</coordinate>
			<type>rectangle</type>
			<description>None</description>
			<possibleresult>
				<name>Motorboat</name>
			</possibleresult>
			<points>
				<point>1421.000000,722.000000</point>
				<point>1427.000000,741.000000</point>
				<point>1434.000000,739.000000</point>
				<point>1429.000000,719.000000</point>
				<point>1421.000000,722.000000</point>
			</points>
		</object>
		<object>
			<coordinate>pixel</coordinate>
			<type>rectangle</type>
			<description>None</description>
			<possibleresult>
				<name>Motorboat</name>
			</possibleresult>
			<points>
				<point>1444.000000,737.000000</point>
				<point>1439.000000,719.000000</point>
				<point>1431.000000,721.000000</point>
				<point>1436.000000,739.000000</point>
				<point>1444.000000,737.000000</point>
			</points>
		</object>
		<object>
			<coordinate>pixel</coordinate>
			<type>rectangle</type>
			<description>None</description>
			<possibleresult>
				<name>Motorboat</name>
			</possibleresult>
			<points>
				<point>1455.000000,735.000000</point>
				<point>1449.000000,716.000000</point>
				<point>1441.000000,719.000000</point>
				<point>1445.000000,737.000000</point>
				<point>1455.000000,735.000000</point>
			</points>
		</object>
		<object>
			<coordinate>pixel</coordinate>
			<type>rectangle</type>
			<description>None</description>
			<possibleresult>
				<name>Motorboat</name>
			</possibleresult>
			<points>
				<point>1473.000000,732.000000</point>
				<point>1469.000000,714.000000</point>
				<point>1461.000000,716.000000</point>
				<point>1464.000000,734.000000</point>
				<point>1473.000000,732.000000</point>
			</points>
		</object>
		<object>
			<coordinate>pixel</coordinate>
			<type>rectangle</type>
			<description>None</description>
			<possibleresult>
				<name>Motorboat</name>
			</possibleresult>
			<points>
				<point>1483.000000,729.000000</point>
				<point>1478.000000,710.000000</point>
				<point>1470.000000,713.000000</point>
				<point>1475.000000,731.000000</point>
				<point>1483.000000,729.000000</point>
			</points>
		</object>
		<object>
			<coordinate>pixel</coordinate>
			<type>rectangle</type>
			<description>None</description>
			<possibleresult>
				<name>Motorboat</name>
			</possibleresult>
			<points>
				<point>1493.000000,730.000000</point>
				<point>1489.000000,711.000000</point>
				<point>1479.000000,713.000000</point>
				<point>1484.000000,732.000000</point>
				<point>1493.000000,730.000000</point>
			</points>
		</object>
		<object>
			<coordinate>pixel</coordinate>
			<type>rectangle</type>
			<description>None</description>
			<possibleresult>
				<name>Motorboat</name>
			</possibleresult>
			<points>
				<point>1385.000000,776.000000</point>
				<point>1379.000000,757.000000</point>
				<point>1371.000000,759.000000</point>
				<point>1376.000000,778.000000</point>
				<point>1385.000000,776.000000</point>
			</points>
		</object>
		<object>
			<coordinate>pixel</coordinate>
			<type>rectangle</type>
			<description>None</description>
			<possibleresult>
				<name>Motorboat</name>
			</possibleresult>
			<points>
				<point>1383.000000,754.000000</point>
				<point>1387.000000,773.000000</point>
				<point>1396.000000,771.000000</point>
				<point>1392.000000,752.000000</point>
				<point>1383.000000,754.000000</point>
			</points>
		</object>
		<object>
			<coordinate>pixel</coordinate>
			<type>rectangle</type>
			<description>None</description>
			<possibleresult>
				<name>Motorboat</name>
			</possibleresult>
			<points>
				<point>1404.000000,749.000000</point>
				<point>1408.000000,769.000000</point>
				<point>1417.000000,767.000000</point>
				<point>1413.000000,747.000000</point>
				<point>1404.000000,749.000000</point>
			</points>
		</object>
		<object>
			<coordinate>pixel</coordinate>
			<type>rectangle</type>
			<description>None</description>
			<possibleresult>
				<name>Motorboat</name>
			</possibleresult>
			<points>
				<point>1416.000000,747.000000</point>
				<point>1419.000000,767.000000</point>
				<point>1429.000000,765.000000</point>
				<point>1425.000000,746.000000</point>
				<point>1416.000000,747.000000</point>
			</points>
		</object>
		<object>
			<coordinate>pixel</coordinate>
			<type>rectangle</type>
			<description>None</description>
			<possibleresult>
				<name>Motorboat</name>
			</possibleresult>
			<points>
				<point>1427.000000,745.000000</point>
				<point>1434.000000,767.000000</point>
				<point>1443.000000,764.000000</point>
				<point>1434.000000,743.000000</point>
				<point>1427.000000,745.000000</point>
			</points>
		</object>
		<object>
			<coordinate>pixel</coordinate>
			<type>rectangle</type>
			<description>None</description>
			<possibleresult>
				<name>Motorboat</name>
			</possibleresult>
			<points>
				<point>1438.000000,742.000000</point>
				<point>1444.000000,762.000000</point>
				<point>1453.000000,759.000000</point>
				<point>1448.000000,740.000000</point>
				<point>1438.000000,742.000000</point>
			</points>
		</object>
		<object>
			<coordinate>pixel</coordinate>
			<type>rectangle</type>
			<description>None</description>
			<possibleresult>
				<name>Motorboat</name>
			</possibleresult>
			<points>
				<point>1449.000000,741.000000</point>
				<point>1455.000000,761.000000</point>
				<point>1464.000000,759.000000</point>
				<point>1459.000000,739.000000</point>
				<point>1449.000000,741.000000</point>
			</points>
		</object>
		<object>
			<coordinate>pixel</coordinate>
			<type>rectangle</type>
			<description>None</description>
			<possibleresult>
				<name>Motorboat</name>
			</possibleresult>
			<points>
				<point>1461.000000,738.000000</point>
				<point>1467.000000,760.000000</point>
				<point>1477.000000,758.000000</point>
				<point>1471.000000,736.000000</point>
				<point>1461.000000,738.000000</point>
			</points>
		</object>
		<object>
			<coordinate>pixel</coordinate>
			<type>rectangle</type>
			<description>None</description>
			<possibleresult>
				<name>Motorboat</name>
			</possibleresult>
			<points>
				<point>1473.000000,740.000000</point>
				<point>1478.000000,759.000000</point>
				<point>1488.000000,756.000000</point>
				<point>1482.000000,737.000000</point>
				<point>1473.000000,740.000000</point>
			</points>
		</object>
		<object>
			<coordinate>pixel</coordinate>
			<type>rectangle</type>
			<description>None</description>
			<possibleresult>
				<name>Motorboat</name>
			</possibleresult>
			<points>
				<point>1483.000000,737.000000</point>
				<point>1489.000000,758.000000</point>
				<point>1499.000000,755.000000</point>
				<point>1493.000000,734.000000</point>
				<point>1483.000000,737.000000</point>
			</points>
		</object>
		<object>
			<coordinate>pixel</coordinate>
			<type>rectangle</type>
			<description>None</description>
			<possibleresult>
				<name>Motorboat</name>
			</possibleresult>
			<points>
				<point>1396.000000,822.000000</point>
				<point>1396.000000,802.000000</point>
				<point>1384.000000,802.000000</point>
				<point>1384.000000,822.000000</point>
				<point>1396.000000,822.000000</point>
			</points>
		</object>
		<object>
			<coordinate>pixel</coordinate>
			<type>rectangle</type>
			<description>None</description>
			<possibleresult>
				<name>Motorboat</name>
			</possibleresult>
			<points>
				<point>1410.000000,798.000000</point>
				<point>1415.000000,818.000000</point>
				<point>1422.000000,816.000000</point>
				<point>1416.000000,796.000000</point>
				<point>1410.000000,798.000000</point>
			</points>
		</object>
		<object>
			<coordinate>pixel</coordinate>
			<type>rectangle</type>
			<description>None</description>
			<possibleresult>
				<name>Motorboat</name>
			</possibleresult>
			<points>
				<point>1434.000000,813.000000</point>
				<point>1429.000000,794.000000</point>
				<point>1421.000000,796.000000</point>
				<point>1427.000000,815.000000</point>
				<point>1434.000000,813.000000</point>
			</points>
		</object>
		<object>
			<coordinate>pixel</coordinate>
			<type>rectangle</type>
			<description>None</description>
			<possibleresult>
				<name>Motorboat</name>
			</possibleresult>
			<points>
				<point>1453.000000,809.000000</point>
				<point>1449.000000,793.000000</point>
				<point>1439.000000,795.000000</point>
				<point>1443.000000,812.000000</point>
				<point>1453.000000,809.000000</point>
			</points>
		</object>
		<object>
			<coordinate>pixel</coordinate>
			<type>rectangle</type>
			<description>None</description>
			<possibleresult>
				<name>Motorboat</name>
			</possibleresult>
			<points>
				<point>1461.000000,808.000000</point>
				<point>1457.000000,790.000000</point>
				<point>1451.000000,791.000000</point>
				<point>1455.000000,810.000000</point>
				<point>1461.000000,808.000000</point>
			</points>
		</object>
		<object>
			<coordinate>pixel</coordinate>
			<type>rectangle</type>
			<description>None</description>
			<possibleresult>
				<name>Motorboat</name>
			</possibleresult>
			<points>
				<point>1474.000000,805.000000</point>
				<point>1469.000000,787.000000</point>
				<point>1459.000000,790.000000</point>
				<point>1464.000000,808.000000</point>
				<point>1474.000000,805.000000</point>
			</points>
		</object>
		<object>
			<coordinate>pixel</coordinate>
			<type>rectangle</type>
			<description>None</description>
			<possibleresult>
				<name>Motorboat</name>
			</possibleresult>
			<points>
				<point>1484.000000,803.000000</point>
				<point>1479.000000,783.000000</point>
				<point>1470.000000,785.000000</point>
				<point>1475.000000,805.000000</point>
				<point>1484.000000,803.000000</point>
			</points>
		</object>
		<object>
			<coordinate>pixel</coordinate>
			<type>rectangle</type>
			<description>None</description>
			<possibleresult>
				<name>Motorboat</name>
			</possibleresult>
			<points>
				<point>1489.000000,808.000000</point>
				<point>1493.000000,829.000000</point>
				<point>1503.000000,827.000000</point>
				<point>1499.000000,806.000000</point>
				<point>1489.000000,808.000000</point>
			</points>
		</object>
		<object>
			<coordinate>pixel</coordinate>
			<type>rectangle</type>
			<description>None</description>
			<possibleresult>
				<name>Motorboat</name>
			</possibleresult>
			<points>
				<point>1494.000000,827.000000</point>
				<point>1489.000000,808.000000</point>
				<point>1482.000000,810.000000</point>
				<point>1487.000000,829.000000</point>
				<point>1494.000000,827.000000</point>
			</points>
		</object>
		<object>
			<coordinate>pixel</coordinate>
			<type>rectangle</type>
			<description>None</description>
			<possibleresult>
				<name>Motorboat</name>
			</possibleresult>
			<points>
				<point>1468.000000,814.000000</point>
				<point>1472.000000,832.000000</point>
				<point>1481.000000,830.000000</point>
				<point>1477.000000,812.000000</point>
				<point>1468.000000,814.000000</point>
			</points>
		</object>
		<object>
			<coordinate>pixel</coordinate>
			<type>rectangle</type>
			<description>None</description>
			<possibleresult>
				<name>Motorboat</name>
			</possibleresult>
			<points>
				<point>1455.000000,815.000000</point>
				<point>1459.000000,833.000000</point>
				<point>1470.000000,831.000000</point>
				<point>1466.000000,812.000000</point>
				<point>1455.000000,815.000000</point>
			</points>
		</object>
		<object>
			<coordinate>pixel</coordinate>
			<type>rectangle</type>
			<description>None</description>
			<possibleresult>
				<name>Motorboat</name>
			</possibleresult>
			<points>
				<point>1445.000000,816.000000</point>
				<point>1449.000000,836.000000</point>
				<point>1458.000000,834.000000</point>
				<point>1454.000000,814.000000</point>
				<point>1445.000000,816.000000</point>
			</points>
		</object>
		<object>
			<coordinate>pixel</coordinate>
			<type>rectangle</type>
			<description>None</description>
			<possibleresult>
				<name>Motorboat</name>
			</possibleresult>
			<points>
				<point>1436.000000,819.000000</point>
				<point>1440.000000,837.000000</point>
				<point>1447.000000,835.000000</point>
				<point>1442.000000,818.000000</point>
				<point>1436.000000,819.000000</point>
			</points>
		</object>
		<object>
			<coordinate>pixel</coordinate>
			<type>rectangle</type>
			<description>None</description>
			<possibleresult>
				<name>Motorboat</name>
			</possibleresult>
			<points>
				<point>1423.000000,823.000000</point>
				<point>1429.000000,841.000000</point>
				<point>1437.000000,838.000000</point>
				<point>1432.000000,820.000000</point>
				<point>1423.000000,823.000000</point>
			</points>
		</object>
		<object>
			<coordinate>pixel</coordinate>
			<type>rectangle</type>
			<description>None</description>
			<possibleresult>
				<name>Motorboat</name>
			</possibleresult>
			<points>
				<point>1411.000000,825.000000</point>
				<point>1415.000000,841.000000</point>
				<point>1423.000000,839.000000</point>
				<point>1419.000000,823.000000</point>
				<point>1411.000000,825.000000</point>
			</points>
		</object>
		<object>
			<coordinate>pixel</coordinate>
			<type>rectangle</type>
			<description>None</description>
			<possibleresult>
				<name>Motorboat</name>
			</possibleresult>
			<points>
				<point>1411.000000,841.000000</point>
				<point>1408.000000,823.000000</point>
				<point>1400.000000,825.000000</point>
				<point>1404.000000,843.000000</point>
				<point>1411.000000,841.000000</point>
			</points>
		</object>
		<object>
			<coordinate>pixel</coordinate>
			<type>rectangle</type>
			<description>None</description>
			<possibleresult>
				<name>Motorboat</name>
			</possibleresult>
			<points>
				<point>1402.000000,843.000000</point>
				<point>1396.000000,825.000000</point>
				<point>1387.000000,828.000000</point>
				<point>1394.000000,846.000000</point>
				<point>1402.000000,843.000000</point>
			</points>
		</object>
		<object>
			<coordinate>pixel</coordinate>
			<type>rectangle</type>
			<description>None</description>
			<possibleresult>
				<name>Motorboat</name>
			</possibleresult>
			<points>
				<point>1482.000000,883.000000</point>
				<point>1485.000000,906.000000</point>
				<point>1494.000000,904.000000</point>
				<point>1492.000000,881.000000</point>
				<point>1482.000000,883.000000</point>
			</points>
		</object>
		<object>
			<coordinate>pixel</coordinate>
			<type>rectangle</type>
			<description>None</description>
			<possibleresult>
				<name>Motorboat</name>
			</possibleresult>
			<points>
				<point>1471.000000,884.000000</point>
				<point>1475.000000,905.000000</point>
				<point>1484.000000,904.000000</point>
				<point>1479.000000,882.000000</point>
				<point>1471.000000,884.000000</point>
			</points>
		</object>
		<object>
			<coordinate>pixel</coordinate>
			<type>rectangle</type>
			<description>None</description>
			<possibleresult>
				<name>Motorboat</name>
			</possibleresult>
			<points>
				<point>1459.000000,889.000000</point>
				<point>1463.000000,907.000000</point>
				<point>1474.000000,905.000000</point>
				<point>1470.000000,886.000000</point>
				<point>1459.000000,889.000000</point>
			</points>
		</object>
		<object>
			<coordinate>pixel</coordinate>
			<type>rectangle</type>
			<description>None</description>
			<possibleresult>
				<name>Motorboat</name>
			</possibleresult>
			<points>
				<point>1447.000000,888.000000</point>
				<point>1452.000000,909.000000</point>
				<point>1462.000000,907.000000</point>
				<point>1457.000000,886.000000</point>
				<point>1447.000000,888.000000</point>
			</points>
		</object>
		<object>
			<coordinate>pixel</coordinate>
			<type>rectangle</type>
			<description>None</description>
			<possibleresult>
				<name>Motorboat</name>
			</possibleresult>
			<points>
				<point>1436.000000,891.000000</point>
				<point>1440.000000,911.000000</point>
				<point>1451.000000,909.000000</point>
				<point>1448.000000,889.000000</point>
				<point>1436.000000,891.000000</point>
			</points>
		</object>
		<object>
			<coordinate>pixel</coordinate>
			<type>rectangle</type>
			<description>None</description>
			<possibleresult>
				<name>Motorboat</name>
			</possibleresult>
			<points>
				<point>1424.000000,890.000000</point>
				<point>1428.000000,913.000000</point>
				<point>1438.000000,912.000000</point>
				<point>1434.000000,888.000000</point>
				<point>1424.000000,890.000000</point>
			</points>
		</object>
		<object>
			<coordinate>pixel</coordinate>
			<type>rectangle</type>
			<description>None</description>
			<possibleresult>
				<name>Motorboat</name>
			</possibleresult>
			<points>
				<point>1413.000000,895.000000</point>
				<point>1417.000000,913.000000</point>
				<point>1426.000000,912.000000</point>
				<point>1422.000000,893.000000</point>
				<point>1413.000000,895.000000</point>
			</points>
		</object>
		<object>
			<coordinate>pixel</coordinate>
			<type>rectangle</type>
			<description>None</description>
			<possibleresult>
				<name>Motorboat</name>
			</possibleresult>
			<points>
				<point>1422.000000,888.000000</point>
				<point>1418.000000,873.000000</point>
				<point>1408.000000,876.000000</point>
				<point>1411.000000,890.000000</point>
				<point>1422.000000,888.000000</point>
			</points>
		</object>
		<object>
			<coordinate>pixel</coordinate>
			<type>rectangle</type>
			<description>None</description>
			<possibleresult>
				<name>Motorboat</name>
			</possibleresult>
			<points>
				<point>1448.000000,882.000000</point>
				<point>1445.000000,864.000000</point>
				<point>1436.000000,865.000000</point>
				<point>1439.000000,883.000000</point>
				<point>1448.000000,882.000000</point>
			</points>
		</object>
		<object>
			<coordinate>pixel</coordinate>
			<type>rectangle</type>
			<description>None</description>
			<possibleresult>
				<name>Motorboat</name>
			</possibleresult>
			<points>
				<point>1458.000000,882.000000</point>
				<point>1455.000000,861.000000</point>
				<point>1446.000000,862.000000</point>
				<point>1449.000000,884.000000</point>
				<point>1458.000000,882.000000</point>
			</points>
		</object>
		<object>
			<coordinate>pixel</coordinate>
			<type>rectangle</type>
			<description>None</description>
			<possibleresult>
				<name>Motorboat</name>
			</possibleresult>
			<points>
				<point>1468.000000,881.000000</point>
				<point>1464.000000,863.000000</point>
				<point>1457.000000,864.000000</point>
				<point>1460.000000,882.000000</point>
				<point>1468.000000,881.000000</point>
			</points>
		</object>
		<object>
			<coordinate>pixel</coordinate>
			<type>rectangle</type>
			<description>None</description>
			<possibleresult>
				<name>Motorboat</name>
			</possibleresult>
			<points>
				<point>1478.000000,879.000000</point>
				<point>1475.000000,859.000000</point>
				<point>1466.000000,860.000000</point>
				<point>1469.000000,880.000000</point>
				<point>1478.000000,879.000000</point>
			</points>
		</object>
		<object>
			<coordinate>pixel</coordinate>
			<type>rectangle</type>
			<description>None</description>
			<possibleresult>
				<name>Motorboat</name>
			</possibleresult>
			<points>
				<point>1488.000000,877.000000</point>
				<point>1485.000000,859.000000</point>
				<point>1476.000000,861.000000</point>
				<point>1479.000000,879.000000</point>
				<point>1488.000000,877.000000</point>
			</points>
		</object>
		<object>
			<coordinate>pixel</coordinate>
			<type>rectangle</type>
			<description>None</description>
			<possibleresult>
				<name>Motorboat</name>
			</possibleresult>
			<points>
				<point>1498.000000,874.000000</point>
				<point>1494.000000,856.000000</point>
				<point>1485.000000,858.000000</point>
				<point>1488.000000,876.000000</point>
				<point>1498.000000,874.000000</point>
			</points>
		</object>
		<object>
			<coordinate>pixel</coordinate>
			<type>rectangle</type>
			<description>None</description>
			<possibleresult>
				<name>Motorboat</name>
			</possibleresult>
			<points>
				<point>234.000000,1253.000000</point>
				<point>215.000000,1241.000000</point>
				<point>210.000000,1249.000000</point>
				<point>229.000000,1261.000000</point>
				<point>234.000000,1253.000000</point>
			</points>
		</object>
		<object>
			<coordinate>pixel</coordinate>
			<type>rectangle</type>
			<description>None</description>
			<possibleresult>
				<name>Motorboat</name>
			</possibleresult>
			<points>
				<point>137.000000,1285.000000</point>
				<point>160.000000,1294.000000</point>
				<point>163.000000,1289.000000</point>
				<point>139.000000,1280.000000</point>
				<point>137.000000,1285.000000</point>
			</points>
		</object>
		<object>
			<coordinate>pixel</coordinate>
			<type>rectangle</type>
			<description>None</description>
			<possibleresult>
				<name>Motorboat</name>
			</possibleresult>
			<points>
				<point>194.000000,1301.000000</point>
				<point>175.000000,1294.000000</point>
				<point>172.000000,1299.000000</point>
				<point>192.000000,1307.000000</point>
				<point>194.000000,1301.000000</point>
			</points>
		</object>
		<object>
			<coordinate>pixel</coordinate>
			<type>rectangle</type>
			<description>None</description>
			<possibleresult>
				<name>Motorboat</name>
			</possibleresult>
			<points>
				<point>167.000000,1310.000000</point>
				<point>186.000000,1318.000000</point>
				<point>189.000000,1310.000000</point>
				<point>170.000000,1302.000000</point>
				<point>167.000000,1310.000000</point>
			</points>
		</object>
		<object>
			<coordinate>pixel</coordinate>
			<type>rectangle</type>
			<description>None</description>
			<possibleresult>
				<name>Motorboat</name>
			</possibleresult>
			<points>
				<point>152.000000,1332.000000</point>
				<point>170.000000,1342.000000</point>
				<point>172.000000,1336.000000</point>
				<point>155.000000,1326.000000</point>
				<point>152.000000,1332.000000</point>
			</points>
		</object>
		<object>
			<coordinate>pixel</coordinate>
			<type>rectangle</type>
			<description>None</description>
			<possibleresult>
				<name>Motorboat</name>
			</possibleresult>
			<points>
				<point>125.000000,1321.000000</point>
				<point>145.000000,1330.000000</point>
				<point>148.000000,1324.000000</point>
				<point>127.000000,1315.000000</point>
				<point>125.000000,1321.000000</point>
			</points>
		</object>
		<object>
			<coordinate>pixel</coordinate>
			<type>rectangle</type>
			<description>None</description>
			<possibleresult>
				<name>Motorboat</name>
			</possibleresult>
			<points>
				<point>138.000000,1339.000000</point>
				<point>119.000000,1331.000000</point>
				<point>117.000000,1337.000000</point>
				<point>136.000000,1345.000000</point>
				<point>138.000000,1339.000000</point>
			</points>
		</object>
		<object>
			<coordinate>pixel</coordinate>
			<type>rectangle</type>
			<description>None</description>
			<possibleresult>
				<name>Motorboat</name>
			</possibleresult>
			<points>
				<point>227.000000,1403.000000</point>
				<point>240.000000,1380.000000</point>
				<point>231.000000,1375.000000</point>
				<point>217.000000,1398.000000</point>
				<point>227.000000,1403.000000</point>
			</points>
		</object>
		<object>
			<coordinate>pixel</coordinate>
			<type>rectangle</type>
			<description>None</description>
			<possibleresult>
				<name>Motorboat</name>
			</possibleresult>
			<points>
				<point>236.000000,1417.000000</point>
				<point>225.000000,1433.000000</point>
				<point>231.000000,1437.000000</point>
				<point>242.000000,1422.000000</point>
				<point>236.000000,1417.000000</point>
			</points>
		</object>
		<object>
			<coordinate>pixel</coordinate>
			<type>rectangle</type>
			<description>None</description>
			<possibleresult>
				<name>Motorboat</name>
			</possibleresult>
			<points>
				<point>228.000000,1414.000000</point>
				<point>219.000000,1427.000000</point>
				<point>223.000000,1430.000000</point>
				<point>231.000000,1417.000000</point>
				<point>228.000000,1414.000000</point>
			</points>
		</object>
		<object>
			<coordinate>pixel</coordinate>
			<type>rectangle</type>
			<description>None</description>
			<possibleresult>
				<name>Motorboat</name>
			</possibleresult>
			<points>
				<point>220.000000,1410.000000</point>
				<point>211.000000,1422.000000</point>
				<point>216.000000,1425.000000</point>
				<point>224.000000,1414.000000</point>
				<point>220.000000,1410.000000</point>
			</points>
		</object>
		<object>
			<coordinate>pixel</coordinate>
			<type>rectangle</type>
			<description>None</description>
			<possibleresult>
				<name>Motorboat</name>
			</possibleresult>
			<points>
				<point>251.000000,1394.000000</point>
				<point>243.000000,1406.000000</point>
				<point>248.000000,1411.000000</point>
				<point>256.000000,1399.000000</point>
				<point>251.000000,1394.000000</point>
			</points>
		</object>
		<object>
			<coordinate>pixel</coordinate>
			<type>rectangle</type>
			<description>None</description>
			<possibleresult>
				<name>Motorboat</name>
			</possibleresult>
			<points>
				<point>241.000000,1388.000000</point>
				<point>232.000000,1401.000000</point>
				<point>238.000000,1405.000000</point>
				<point>246.000000,1392.000000</point>
				<point>241.000000,1388.000000</point>
			</points>
		</object>
		<object>
			<coordinate>pixel</coordinate>
			<type>rectangle</type>
			<description>None</description>
			<possibleresult>
				<name>Motorboat</name>
			</possibleresult>
			<points>
				<point>266.000000,1367.000000</point>
				<point>256.000000,1383.000000</point>
				<point>262.000000,1388.000000</point>
				<point>272.000000,1372.000000</point>
				<point>266.000000,1367.000000</point>
			</points>
		</object>
		<object>
			<coordinate>pixel</coordinate>
			<type>rectangle</type>
			<description>None</description>
			<possibleresult>
				<name>Motorboat</name>
			</possibleresult>
			<points>
				<point>277.000000,1353.000000</point>
				<point>270.000000,1364.000000</point>
				<point>275.000000,1368.000000</point>
				<point>282.000000,1357.000000</point>
				<point>277.000000,1353.000000</point>
			</points>
		</object>
		<object>
			<coordinate>pixel</coordinate>
			<type>rectangle</type>
			<description>None</description>
			<possibleresult>
				<name>Motorboat</name>
			</possibleresult>
			<points>
				<point>284.000000,1341.000000</point>
				<point>277.000000,1352.000000</point>
				<point>282.000000,1356.000000</point>
				<point>289.000000,1345.000000</point>
				<point>284.000000,1341.000000</point>
			</points>
		</object>
		<object>
			<coordinate>pixel</coordinate>
			<type>rectangle</type>
			<description>None</description>
			<possibleresult>
				<name>Motorboat</name>
			</possibleresult>
			<points>
				<point>295.000000,1324.000000</point>
				<point>288.000000,1335.000000</point>
				<point>292.000000,1339.000000</point>
				<point>299.000000,1328.000000</point>
				<point>295.000000,1324.000000</point>
			</points>
		</object>
		<object>
			<coordinate>pixel</coordinate>
			<type>rectangle</type>
			<description>None</description>
			<possibleresult>
				<name>Motorboat</name>
			</possibleresult>
			<points>
				<point>302.000000,1312.000000</point>
				<point>295.000000,1323.000000</point>
				<point>300.000000,1326.000000</point>
				<point>307.000000,1315.000000</point>
				<point>302.000000,1312.000000</point>
			</points>
		</object>
		<object>
			<coordinate>pixel</coordinate>
			<type>rectangle</type>
			<description>None</description>
			<possibleresult>
				<name>Motorboat</name>
			</possibleresult>
			<points>
				<point>282.000000,1295.000000</point>
				<point>298.000000,1302.000000</point>
				<point>301.000000,1297.000000</point>
				<point>285.000000,1289.000000</point>
				<point>282.000000,1295.000000</point>
			</points>
		</object>
		<object>
			<coordinate>pixel</coordinate>
			<type>rectangle</type>
			<description>None</description>
			<possibleresult>
				<name>Motorboat</name>
			</possibleresult>
			<points>
				<point>206.000000,1365.000000</point>
				<point>222.000000,1372.000000</point>
				<point>225.000000,1367.000000</point>
				<point>209.000000,1360.000000</point>
				<point>206.000000,1365.000000</point>
			</points>
		</object>
		<object>
			<coordinate>pixel</coordinate>
			<type>rectangle</type>
			<description>None</description>
			<possibleresult>
				<name>Motorboat</name>
			</possibleresult>
			<points>
				<point>221.000000,1376.000000</point>
				<point>212.000000,1392.000000</point>
				<point>217.000000,1396.000000</point>
				<point>227.000000,1380.000000</point>
				<point>221.000000,1376.000000</point>
			</points>
		</object>
		<object>
			<coordinate>pixel</coordinate>
			<type>rectangle</type>
			<description>None</description>
			<possibleresult>
				<name>Motorboat</name>
			</possibleresult>
			<points>
				<point>162.000000,1318.000000</point>
				<point>179.000000,1325.000000</point>
				<point>181.000000,1318.000000</point>
				<point>165.000000,1312.000000</point>
				<point>162.000000,1318.000000</point>
			</points>
		</object>
		<object>
			<coordinate>pixel</coordinate>
			<type>rectangle</type>
			<description>None</description>
			<possibleresult>
				<name>Motorboat</name>
			</possibleresult>
			<points>
				<point>159.000000,1325.000000</point>
				<point>175.000000,1332.000000</point>
				<point>178.000000,1326.000000</point>
				<point>161.000000,1319.000000</point>
				<point>159.000000,1325.000000</point>
			</points>
		</object>
		<object>
			<coordinate>pixel</coordinate>
			<type>rectangle</type>
			<description>None</description>
			<possibleresult>
				<name>Motorboat</name>
			</possibleresult>
			<points>
				<point>199.000000,1296.000000</point>
				<point>178.000000,1288.000000</point>
				<point>175.000000,1293.000000</point>
				<point>196.000000,1302.000000</point>
				<point>199.000000,1296.000000</point>
			</points>
		</object>
		<object>
			<coordinate>pixel</coordinate>
			<type>rectangle</type>
			<description>None</description>
			<possibleresult>
				<name>Motorboat</name>
			</possibleresult>
			<points>
				<point>140.000000,1279.000000</point>
				<point>163.000000,1288.000000</point>
				<point>166.000000,1283.000000</point>
				<point>143.000000,1274.000000</point>
				<point>140.000000,1279.000000</point>
			</points>
		</object>
		<object>
			<coordinate>pixel</coordinate>
			<type>rectangle</type>
			<description>None</description>
			<possibleresult>
				<name>Motorboat</name>
			</possibleresult>
			<points>
				<point>126.000000,1311.000000</point>
				<point>148.000000,1321.000000</point>
				<point>151.000000,1315.000000</point>
				<point>129.000000,1305.000000</point>
				<point>126.000000,1311.000000</point>
			</points>
		</object>
		<object>
			<coordinate>pixel</coordinate>
			<type>rectangle</type>
			<description>None</description>
			<possibleresult>
				<name>Motorboat</name>
			</possibleresult>
			<points>
				<point>121.000000,1327.000000</point>
				<point>140.000000,1336.000000</point>
				<point>143.000000,1331.000000</point>
				<point>123.000000,1322.000000</point>
				<point>121.000000,1327.000000</point>
			</points>
		</object>
		<object>
			<coordinate>pixel</coordinate>
			<type>rectangle</type>
			<description>None</description>
			<possibleresult>
				<name>Motorboat</name>
			</possibleresult>
			<points>
				<point>142.000000,1372.000000</point>
				<point>127.000000,1365.000000</point>
				<point>124.000000,1370.000000</point>
				<point>139.000000,1378.000000</point>
				<point>142.000000,1372.000000</point>
			</points>
		</object>
		<object>
			<coordinate>pixel</coordinate>
			<type>rectangle</type>
			<description>None</description>
			<possibleresult>
				<name>Motorboat</name>
			</possibleresult>
			<points>
				<point>137.000000,1380.000000</point>
				<point>121.000000,1372.000000</point>
				<point>119.000000,1378.000000</point>
				<point>134.000000,1386.000000</point>
				<point>137.000000,1380.000000</point>
			</points>
		</object>
		<object>
			<coordinate>pixel</coordinate>
			<type>rectangle</type>
			<description>None</description>
			<possibleresult>
				<name>Motorboat</name>
			</possibleresult>
			<points>
				<point>148.000000,1377.000000</point>
				<point>137.000000,1391.000000</point>
				<point>142.000000,1394.000000</point>
				<point>153.000000,1380.000000</point>
				<point>148.000000,1377.000000</point>
			</points>
		</object>
		<object>
			<coordinate>pixel</coordinate>
			<type>rectangle</type>
			<description>None</description>
			<possibleresult>
				<name>Motorboat</name>
			</possibleresult>
			<points>
				<point>130.000000,1386.000000</point>
				<point>113.000000,1376.000000</point>
				<point>110.000000,1381.000000</point>
				<point>127.000000,1392.000000</point>
				<point>130.000000,1386.000000</point>
			</points>
		</object>
		<object>
			<coordinate>pixel</coordinate>
			<type>rectangle</type>
			<description>None</description>
			<possibleresult>
				<name>Motorboat</name>
			</possibleresult>
			<points>
				<point>170.000000,1404.000000</point>
				<point>185.000000,1411.000000</point>
				<point>188.000000,1407.000000</point>
				<point>172.000000,1400.000000</point>
				<point>170.000000,1404.000000</point>
			</points>
		</object>
		<object>
			<coordinate>pixel</coordinate>
			<type>rectangle</type>
			<description>None</description>
			<possibleresult>
				<name>Motorboat</name>
			</possibleresult>
			<points>
				<point>169.000000,1414.000000</point>
				<point>181.000000,1419.000000</point>
				<point>183.000000,1415.000000</point>
				<point>171.000000,1410.000000</point>
				<point>169.000000,1414.000000</point>
			</points>
		</object>
		<object>
			<coordinate>pixel</coordinate>
			<type>rectangle</type>
			<description>None</description>
			<possibleresult>
				<name>Motorboat</name>
			</possibleresult>
			<points>
				<point>163.000000,1419.000000</point>
				<point>175.000000,1425.000000</point>
				<point>177.000000,1421.000000</point>
				<point>165.000000,1415.000000</point>
				<point>163.000000,1419.000000</point>
			</points>
		</object>
		<object>
			<coordinate>pixel</coordinate>
			<type>rectangle</type>
			<description>None</description>
			<possibleresult>
				<name>Motorboat</name>
			</possibleresult>
			<points>
				<point>1409.000000,696.000000</point>
				<point>1405.000000,681.000000</point>
				<point>1398.000000,682.000000</point>
				<point>1402.000000,698.000000</point>
				<point>1409.000000,696.000000</point>
			</points>
		</object>
		<object>
			<coordinate>pixel</coordinate>
			<type>rectangle</type>
			<description>None</description>
			<possibleresult>
				<name>Motorboat</name>
			</possibleresult>
			<points>
				<point>1417.000000,695.000000</point>
				<point>1413.000000,679.000000</point>
				<point>1408.000000,680.000000</point>
				<point>1411.000000,696.000000</point>
				<point>1417.000000,695.000000</point>
			</points>
		</object>
		<object>
			<coordinate>pixel</coordinate>
			<type>rectangle</type>
			<description>None</description>
			<possibleresult>
				<name>Motorboat</name>
			</possibleresult>
			<points>
				<point>1434.000000,689.000000</point>
				<point>1431.000000,676.000000</point>
				<point>1426.000000,677.000000</point>
				<point>1429.000000,690.000000</point>
				<point>1434.000000,689.000000</point>
			</points>
		</object>
		<object>
			<coordinate>pixel</coordinate>
			<type>rectangle</type>
			<description>None</description>
			<possibleresult>
				<name>Motorboat</name>
			</possibleresult>
			<points>
				<point>1444.000000,689.000000</point>
				<point>1440.000000,674.000000</point>
				<point>1434.000000,675.000000</point>
				<point>1438.000000,690.000000</point>
				<point>1444.000000,689.000000</point>
			</points>
		</object>
		<object>
			<coordinate>pixel</coordinate>
			<type>rectangle</type>
			<description>None</description>
			<possibleresult>
				<name>Motorboat</name>
			</possibleresult>
			<points>
				<point>1453.000000,688.000000</point>
				<point>1450.000000,673.000000</point>
				<point>1444.000000,675.000000</point>
				<point>1447.000000,690.000000</point>
				<point>1453.000000,688.000000</point>
			</points>
		</object>
		<object>
			<coordinate>pixel</coordinate>
			<type>rectangle</type>
			<description>None</description>
			<possibleresult>
				<name>Motorboat</name>
			</possibleresult>
			<points>
				<point>1462.000000,688.000000</point>
				<point>1459.000000,673.000000</point>
				<point>1453.000000,674.000000</point>
				<point>1456.000000,689.000000</point>
				<point>1462.000000,688.000000</point>
			</points>
		</object>
		<object>
			<coordinate>pixel</coordinate>
			<type>rectangle</type>
			<description>None</description>
			<possibleresult>
				<name>Motorboat</name>
			</possibleresult>
			<points>
				<point>1464.000000,672.000000</point>
				<point>1466.000000,686.000000</point>
				<point>1471.000000,685.000000</point>
				<point>1469.000000,671.000000</point>
				<point>1464.000000,672.000000</point>
			</points>
		</object>
		<object>
			<coordinate>pixel</coordinate>
			<type>rectangle</type>
			<description>None</description>
			<possibleresult>
				<name>Motorboat</name>
			</possibleresult>
			<points>
				<point>1491.000000,684.000000</point>
				<point>1486.000000,666.000000</point>
				<point>1479.000000,668.000000</point>
				<point>1484.000000,685.000000</point>
				<point>1491.000000,684.000000</point>
			</points>
		</object>
		<object>
			<coordinate>pixel</coordinate>
			<type>rectangle</type>
			<description>None</description>
			<possibleresult>
				<name>Roundabout</name>
			</possibleresult>
			<points>
				<point>365.000000,81.000000</point>
				<point>365.000000,21.000000</point>
				<point>435.000000,21.000000</point>
				<point>435.000000,81.000000</point>
				<point>365.000000,81.000000</point>
			</points>
		</object>
		<object>
			<coordinate>pixel</coordinate>
			<type>rectangle</type>
			<description>None</description>
			<possibleresult>
				<name>Bridge</name>
			</possibleresult>
			<points>
				<point>1207.000000,80.000000</point>
				<point>1207.000000,51.000000</point>
				<point>1225.000000,51.000000</point>
				<point>1225.000000,80.000000</point>
				<point>1207.000000,80.000000</point>
			</points>
		</object>
		<object>
			<coordinate>pixel</coordinate>
			<type>rectangle</type>
			<description>None</description>
			<possibleresult>
				<name>Intersection</name>
			</possibleresult>
			<points>
				<point>963.000000,75.000000</point>
				<point>989.000000,17.000000</point>
				<point>1061.000000,48.000000</point>
				<point>1036.000000,106.000000</point>
				<point>963.000000,75.000000</point>
			</points>
		</object>
	</objects>
</annotation>