<?xml version="1.0" encoding="utf-8"?>
<annotation>
	<source>
		<filename>1041.tif</filename>
		<origin>GF2/GF3</origin>
	</source>
	<research>
		<version>1.0</version>
		<provider>FAIR1M</provider>
		<author>Cyber</author>
		<pluginname>FAIR1M</pluginname>
		<pluginclass>object detection</pluginclass>
		<time>2021-07-21</time>
	</research>
	<size>
		<width>1000</width>
		<height>1000</height>
		<depth>3</depth>
	</size>
	<objects>
		<object>
			<coordinate>pixel</coordinate>
			<type>rectangle</type>
			<description>None</description>
			<possibleresult>
				<name>Intersection</name>
			</possibleresult>
			<points>
				<point>829.000000,651.000000</point>
				<point>828.000000,701.000000</point>
				<point>768.000000,698.000000</point>
				<point>770.000000,649.000000</point>
				<point>829.000000,651.000000</point>
			</points>
		</object>
		<object>
			<coordinate>pixel</coordinate>
			<type>rectangle</type>
			<description>None</description>
			<possibleresult>
				<name>Intersection</name>
			</possibleresult>
			<points>
				<point>208.000000,660.000000</point>
				<point>205.000000,709.000000</point>
				<point>157.000000,708.000000</point>
				<point>160.000000,658.000000</point>
				<point>208.000000,660.000000</point>
			</points>
		</object>
		<object>
			<coordinate>pixel</coordinate>
			<type>rectangle</type>
			<description>None</description>
			<possibleresult>
				<name>Intersection</name>
			</possibleresult>
			<points>
				<point>205.000000,291.000000</point>
				<point>161.000000,291.000000</point>
				<point>161.000000,257.000000</point>
				<point>205.000000,257.000000</point>
				<point>205.000000,291.000000</point>
			</points>
		</object>
		<object>
			<coordinate>pixel</coordinate>
			<type>rectangle</type>
			<description>None</description>
			<possibleresult>
				<name>Intersection</name>
			</possibleresult>
			<points>
				<point>825.000000,286.000000</point>
				<point>763.000000,286.000000</point>
				<point>763.000000,240.000000</point>
				<point>825.000000,240.000000</point>
				<point>825.000000,286.000000</point>
			</points>
		</object>
		<object>
			<coordinate>pixel</coordinate>
			<type>rectangle</type>
			<description>None</description>
			<possibleresult>
				<name>Dump Truck</name>
			</possibleresult>
			<points>
				<point>1000.000000,40.000000</point>
				<point>971.000000,40.000000</point>
				<point>971.000000,29.000000</point>
				<point>1000.000000,29.000000</point>
				<point>1000.000000,40.000000</point>
			</points>
		</object>
		<object>
			<coordinate>pixel</coordinate>
			<type>rectangle</type>
			<description>None</description>
			<possibleresult>
				<name>Small Car</name>
			</possibleresult>
			<points>
				<point>784.000000,202.000000</point>
				<point>775.000000,202.000000</point>
				<point>775.000000,186.000000</point>
				<point>784.000000,186.000000</point>
				<point>784.000000,202.000000</point>
			</points>
		</object>
		<object>
			<coordinate>pixel</coordinate>
			<type>rectangle</type>
			<description>None</description>
			<possibleresult>
				<name>Dump Truck</name>
			</possibleresult>
			<points>
				<point>672.000000,189.000000</point>
				<point>664.000000,191.000000</point>
				<point>662.000000,174.000000</point>
				<point>670.000000,172.000000</point>
				<point>672.000000,189.000000</point>
			</points>
		</object>
		<object>
			<coordinate>pixel</coordinate>
			<type>rectangle</type>
			<description>None</description>
			<possibleresult>
				<name>Small Car</name>
			</possibleresult>
			<points>
				<point>746.000000,88.000000</point>
				<point>740.000000,103.000000</point>
				<point>731.000000,99.000000</point>
				<point>737.000000,84.000000</point>
				<point>746.000000,88.000000</point>
			</points>
		</object>
		<object>
			<coordinate>pixel</coordinate>
			<type>rectangle</type>
			<description>None</description>
			<possibleresult>
				<name>Small Car</name>
			</possibleresult>
			<points>
				<point>581.000000,37.000000</point>
				<point>561.000000,37.000000</point>
				<point>561.000000,29.000000</point>
				<point>581.000000,29.000000</point>
				<point>581.000000,37.000000</point>
			</points>
		</object>
		<object>
			<coordinate>pixel</coordinate>
			<type>rectangle</type>
			<description>None</description>
			<possibleresult>
				<name>Small Car</name>
			</possibleresult>
			<points>
				<point>660.000000,104.000000</point>
				<point>651.000000,104.000000</point>
				<point>651.000000,85.000000</point>
				<point>660.000000,85.000000</point>
				<point>660.000000,104.000000</point>
			</points>
		</object>
		<object>
			<coordinate>pixel</coordinate>
			<type>rectangle</type>
			<description>None</description>
			<possibleresult>
				<name>Small Car</name>
			</possibleresult>
			<points>
				<point>613.000000,99.000000</point>
				<point>603.000000,99.000000</point>
				<point>603.000000,86.000000</point>
				<point>613.000000,86.000000</point>
				<point>613.000000,99.000000</point>
			</points>
		</object>
		<object>
			<coordinate>pixel</coordinate>
			<type>rectangle</type>
			<description>None</description>
			<possibleresult>
				<name>Small Car</name>
			</possibleresult>
			<points>
				<point>593.000000,99.000000</point>
				<point>581.000000,100.000000</point>
				<point>580.000000,88.000000</point>
				<point>592.000000,87.000000</point>
				<point>593.000000,99.000000</point>
			</points>
		</object>
		<object>
			<coordinate>pixel</coordinate>
			<type>rectangle</type>
			<description>None</description>
			<possibleresult>
				<name>Small Car</name>
			</possibleresult>
			<points>
				<point>575.000000,99.000000</point>
				<point>565.000000,100.000000</point>
				<point>563.000000,85.000000</point>
				<point>574.000000,85.000000</point>
				<point>575.000000,99.000000</point>
			</points>
		</object>
		<object>
			<coordinate>pixel</coordinate>
			<type>rectangle</type>
			<description>None</description>
			<possibleresult>
				<name>Small Car</name>
			</possibleresult>
			<points>
				<point>560.000000,86.000000</point>
				<point>556.000000,101.000000</point>
				<point>545.000000,98.000000</point>
				<point>549.000000,83.000000</point>
				<point>560.000000,86.000000</point>
			</points>
		</object>
		<object>
			<coordinate>pixel</coordinate>
			<type>rectangle</type>
			<description>None</description>
			<possibleresult>
				<name>Small Car</name>
			</possibleresult>
			<points>
				<point>488.000000,126.000000</point>
				<point>472.000000,137.000000</point>
				<point>467.000000,128.000000</point>
				<point>483.000000,117.000000</point>
				<point>488.000000,126.000000</point>
			</points>
		</object>
		<object>
			<coordinate>pixel</coordinate>
			<type>rectangle</type>
			<description>None</description>
			<possibleresult>
				<name>Van</name>
			</possibleresult>
			<points>
				<point>464.000000,138.000000</point>
				<point>454.000000,138.000000</point>
				<point>454.000000,120.000000</point>
				<point>464.000000,120.000000</point>
				<point>464.000000,138.000000</point>
			</points>
		</object>
		<object>
			<coordinate>pixel</coordinate>
			<type>rectangle</type>
			<description>None</description>
			<possibleresult>
				<name>Small Car</name>
			</possibleresult>
			<points>
				<point>520.000000,32.000000</point>
				<point>498.000000,32.000000</point>
				<point>498.000000,24.000000</point>
				<point>520.000000,24.000000</point>
				<point>520.000000,32.000000</point>
			</points>
		</object>
		<object>
			<coordinate>pixel</coordinate>
			<type>rectangle</type>
			<description>None</description>
			<possibleresult>
				<name>Small Car</name>
			</possibleresult>
			<points>
				<point>494.000000,66.000000</point>
				<point>471.000000,66.000000</point>
				<point>471.000000,59.000000</point>
				<point>494.000000,59.000000</point>
				<point>494.000000,66.000000</point>
			</points>
		</object>
		<object>
			<coordinate>pixel</coordinate>
			<type>rectangle</type>
			<description>None</description>
			<possibleresult>
				<name>Small Car</name>
			</possibleresult>
			<points>
				<point>493.000000,51.000000</point>
				<point>472.000000,51.000000</point>
				<point>472.000000,44.000000</point>
				<point>493.000000,44.000000</point>
				<point>493.000000,51.000000</point>
			</points>
		</object>
		<object>
			<coordinate>pixel</coordinate>
			<type>rectangle</type>
			<description>None</description>
			<possibleresult>
				<name>Small Car</name>
			</possibleresult>
			<points>
				<point>491.000000,31.000000</point>
				<point>473.000000,31.000000</point>
				<point>473.000000,24.000000</point>
				<point>491.000000,24.000000</point>
				<point>491.000000,31.000000</point>
			</points>
		</object>
		<object>
			<coordinate>pixel</coordinate>
			<type>rectangle</type>
			<description>None</description>
			<possibleresult>
				<name>Van</name>
			</possibleresult>
			<points>
				<point>387.000000,71.000000</point>
				<point>365.000000,71.000000</point>
				<point>365.000000,63.000000</point>
				<point>387.000000,63.000000</point>
				<point>387.000000,71.000000</point>
			</points>
		</object>
		<object>
			<coordinate>pixel</coordinate>
			<type>rectangle</type>
			<description>None</description>
			<possibleresult>
				<name>Dump Truck</name>
			</possibleresult>
			<points>
				<point>187.000000,61.000000</point>
				<point>186.000000,86.000000</point>
				<point>174.000000,85.000000</point>
				<point>175.000000,60.000000</point>
				<point>187.000000,61.000000</point>
			</points>
		</object>
		<object>
			<coordinate>pixel</coordinate>
			<type>rectangle</type>
			<description>None</description>
			<possibleresult>
				<name>Excavator</name>
			</possibleresult>
			<points>
				<point>111.000000,143.000000</point>
				<point>92.000000,166.000000</point>
				<point>82.000000,158.000000</point>
				<point>102.000000,136.000000</point>
				<point>111.000000,143.000000</point>
			</points>
		</object>
		<object>
			<coordinate>pixel</coordinate>
			<type>rectangle</type>
			<description>None</description>
			<possibleresult>
				<name>Dump Truck</name>
			</possibleresult>
			<points>
				<point>179.000000,123.000000</point>
				<point>170.000000,123.000000</point>
				<point>170.000000,106.000000</point>
				<point>179.000000,106.000000</point>
				<point>179.000000,123.000000</point>
			</points>
		</object>
		<object>
			<coordinate>pixel</coordinate>
			<type>rectangle</type>
			<description>None</description>
			<possibleresult>
				<name>Dump Truck</name>
			</possibleresult>
			<points>
				<point>181.000000,123.000000</point>
				<point>180.000000,146.000000</point>
				<point>168.000000,146.000000</point>
				<point>169.000000,123.000000</point>
				<point>181.000000,123.000000</point>
			</points>
		</object>
		<object>
			<coordinate>pixel</coordinate>
			<type>rectangle</type>
			<description>None</description>
			<possibleresult>
				<name>Dump Truck</name>
			</possibleresult>
			<points>
				<point>181.000000,149.000000</point>
				<point>179.000000,174.000000</point>
				<point>167.000000,173.000000</point>
				<point>170.000000,149.000000</point>
				<point>181.000000,149.000000</point>
			</points>
		</object>
		<object>
			<coordinate>pixel</coordinate>
			<type>rectangle</type>
			<description>None</description>
			<possibleresult>
				<name>Small Car</name>
			</possibleresult>
			<points>
				<point>293.000000,255.000000</point>
				<point>292.000000,265.000000</point>
				<point>269.000000,264.000000</point>
				<point>269.000000,253.000000</point>
				<point>293.000000,255.000000</point>
			</points>
		</object>
		<object>
			<coordinate>pixel</coordinate>
			<type>rectangle</type>
			<description>None</description>
			<possibleresult>
				<name>Small Car</name>
			</possibleresult>
			<points>
				<point>270.000000,286.000000</point>
				<point>270.000000,294.000000</point>
				<point>246.000000,292.000000</point>
				<point>247.000000,285.000000</point>
				<point>270.000000,286.000000</point>
			</points>
		</object>
		<object>
			<coordinate>pixel</coordinate>
			<type>rectangle</type>
			<description>None</description>
			<possibleresult>
				<name>Dump Truck</name>
			</possibleresult>
			<points>
				<point>127.000000,265.000000</point>
				<point>94.000000,265.000000</point>
				<point>94.000000,255.000000</point>
				<point>127.000000,255.000000</point>
				<point>127.000000,265.000000</point>
			</points>
		</object>
		<object>
			<coordinate>pixel</coordinate>
			<type>rectangle</type>
			<description>None</description>
			<possibleresult>
				<name>Small Car</name>
			</possibleresult>
			<points>
				<point>50.000000,266.000000</point>
				<point>30.000000,266.000000</point>
				<point>30.000000,258.000000</point>
				<point>50.000000,258.000000</point>
				<point>50.000000,266.000000</point>
			</points>
		</object>
		<object>
			<coordinate>pixel</coordinate>
			<type>rectangle</type>
			<description>None</description>
			<possibleresult>
				<name>Dump Truck</name>
			</possibleresult>
			<points>
				<point>190.000000,267.000000</point>
				<point>189.000000,288.000000</point>
				<point>178.000000,288.000000</point>
				<point>179.000000,267.000000</point>
				<point>190.000000,267.000000</point>
			</points>
		</object>
		<object>
			<coordinate>pixel</coordinate>
			<type>rectangle</type>
			<description>None</description>
			<possibleresult>
				<name>Dump Truck</name>
			</possibleresult>
			<points>
				<point>32.000000,327.000000</point>
				<point>10.000000,327.000000</point>
				<point>10.000000,320.000000</point>
				<point>32.000000,320.000000</point>
				<point>32.000000,327.000000</point>
			</points>
		</object>
		<object>
			<coordinate>pixel</coordinate>
			<type>rectangle</type>
			<description>None</description>
			<possibleresult>
				<name>Dump Truck</name>
			</possibleresult>
			<points>
				<point>30.000000,338.000000</point>
				<point>8.000000,338.000000</point>
				<point>8.000000,330.000000</point>
				<point>30.000000,330.000000</point>
				<point>30.000000,338.000000</point>
			</points>
		</object>
		<object>
			<coordinate>pixel</coordinate>
			<type>rectangle</type>
			<description>None</description>
			<possibleresult>
				<name>Van</name>
			</possibleresult>
			<points>
				<point>30.000000,363.000000</point>
				<point>9.000000,363.000000</point>
				<point>9.000000,355.000000</point>
				<point>30.000000,355.000000</point>
				<point>30.000000,363.000000</point>
			</points>
		</object>
		<object>
			<coordinate>pixel</coordinate>
			<type>rectangle</type>
			<description>None</description>
			<possibleresult>
				<name>Small Car</name>
			</possibleresult>
			<points>
				<point>651.000000,261.000000</point>
				<point>633.000000,261.000000</point>
				<point>633.000000,250.000000</point>
				<point>651.000000,250.000000</point>
				<point>651.000000,261.000000</point>
			</points>
		</object>
		<object>
			<coordinate>pixel</coordinate>
			<type>rectangle</type>
			<description>None</description>
			<possibleresult>
				<name>Dump Truck</name>
			</possibleresult>
			<points>
				<point>691.000000,383.000000</point>
				<point>678.000000,384.000000</point>
				<point>676.000000,362.000000</point>
				<point>688.000000,360.000000</point>
				<point>691.000000,383.000000</point>
			</points>
		</object>
		<object>
			<coordinate>pixel</coordinate>
			<type>rectangle</type>
			<description>None</description>
			<possibleresult>
				<name>Dump Truck</name>
			</possibleresult>
			<points>
				<point>676.000000,385.000000</point>
				<point>664.000000,385.000000</point>
				<point>664.000000,362.000000</point>
				<point>676.000000,362.000000</point>
				<point>676.000000,385.000000</point>
			</points>
		</object>
		<object>
			<coordinate>pixel</coordinate>
			<type>rectangle</type>
			<description>None</description>
			<possibleresult>
				<name>Small Car</name>
			</possibleresult>
			<points>
				<point>750.000000,392.000000</point>
				<point>739.000000,392.000000</point>
				<point>739.000000,374.000000</point>
				<point>750.000000,374.000000</point>
				<point>750.000000,392.000000</point>
			</points>
		</object>
		<object>
			<coordinate>pixel</coordinate>
			<type>rectangle</type>
			<description>None</description>
			<possibleresult>
				<name>Dump Truck</name>
			</possibleresult>
			<points>
				<point>714.000000,392.000000</point>
				<point>707.000000,398.000000</point>
				<point>692.000000,378.000000</point>
				<point>700.000000,373.000000</point>
				<point>714.000000,392.000000</point>
			</points>
		</object>
		<object>
			<coordinate>pixel</coordinate>
			<type>rectangle</type>
			<description>None</description>
			<possibleresult>
				<name>Small Car</name>
			</possibleresult>
			<points>
				<point>726.000000,376.000000</point>
				<point>725.000000,394.000000</point>
				<point>715.000000,393.000000</point>
				<point>716.000000,375.000000</point>
				<point>726.000000,376.000000</point>
			</points>
		</object>
		<object>
			<coordinate>pixel</coordinate>
			<type>rectangle</type>
			<description>None</description>
			<possibleresult>
				<name>Dump Truck</name>
			</possibleresult>
			<points>
				<point>738.000000,391.000000</point>
				<point>727.000000,391.000000</point>
				<point>727.000000,372.000000</point>
				<point>738.000000,372.000000</point>
				<point>738.000000,391.000000</point>
			</points>
		</object>
		<object>
			<coordinate>pixel</coordinate>
			<type>rectangle</type>
			<description>None</description>
			<possibleresult>
				<name>Van</name>
			</possibleresult>
			<points>
				<point>785.000000,407.000000</point>
				<point>777.000000,407.000000</point>
				<point>776.000000,391.000000</point>
				<point>783.000000,390.000000</point>
				<point>785.000000,407.000000</point>
			</points>
		</object>
		<object>
			<coordinate>pixel</coordinate>
			<type>rectangle</type>
			<description>None</description>
			<possibleresult>
				<name>Small Car</name>
			</possibleresult>
			<points>
				<point>522.000000,369.000000</point>
				<point>499.000000,369.000000</point>
				<point>499.000000,361.000000</point>
				<point>522.000000,361.000000</point>
				<point>522.000000,369.000000</point>
			</points>
		</object>
		<object>
			<coordinate>pixel</coordinate>
			<type>rectangle</type>
			<description>None</description>
			<possibleresult>
				<name>Small Car</name>
			</possibleresult>
			<points>
				<point>520.000000,380.000000</point>
				<point>520.000000,389.000000</point>
				<point>498.000000,387.000000</point>
				<point>499.000000,379.000000</point>
				<point>520.000000,380.000000</point>
			</points>
		</object>
		<object>
			<coordinate>pixel</coordinate>
			<type>rectangle</type>
			<description>None</description>
			<possibleresult>
				<name>Small Car</name>
			</possibleresult>
			<points>
				<point>520.000000,405.000000</point>
				<point>520.000000,412.000000</point>
				<point>499.000000,410.000000</point>
				<point>500.000000,404.000000</point>
				<point>520.000000,405.000000</point>
			</points>
		</object>
		<object>
			<coordinate>pixel</coordinate>
			<type>rectangle</type>
			<description>None</description>
			<possibleresult>
				<name>Small Car</name>
			</possibleresult>
			<points>
				<point>521.000000,437.000000</point>
				<point>500.000000,437.000000</point>
				<point>500.000000,428.000000</point>
				<point>521.000000,428.000000</point>
				<point>521.000000,437.000000</point>
			</points>
		</object>
		<object>
			<coordinate>pixel</coordinate>
			<type>rectangle</type>
			<description>None</description>
			<possibleresult>
				<name>Small Car</name>
			</possibleresult>
			<points>
				<point>523.000000,456.000000</point>
				<point>502.000000,456.000000</point>
				<point>502.000000,448.000000</point>
				<point>523.000000,448.000000</point>
				<point>523.000000,456.000000</point>
			</points>
		</object>
		<object>
			<coordinate>pixel</coordinate>
			<type>rectangle</type>
			<description>None</description>
			<possibleresult>
				<name>Small Car</name>
			</possibleresult>
			<points>
				<point>29.000000,570.000000</point>
				<point>20.000000,571.000000</point>
				<point>18.000000,553.000000</point>
				<point>27.000000,552.000000</point>
				<point>29.000000,570.000000</point>
			</points>
		</object>
		<object>
			<coordinate>pixel</coordinate>
			<type>rectangle</type>
			<description>None</description>
			<possibleresult>
				<name>Small Car</name>
			</possibleresult>
			<points>
				<point>17.000000,570.000000</point>
				<point>8.000000,570.000000</point>
				<point>8.000000,553.000000</point>
				<point>17.000000,553.000000</point>
				<point>17.000000,570.000000</point>
			</points>
		</object>
		<object>
			<coordinate>pixel</coordinate>
			<type>rectangle</type>
			<description>None</description>
			<possibleresult>
				<name>Small Car</name>
			</possibleresult>
			<points>
				<point>31.000000,582.000000</point>
				<point>19.000000,598.000000</point>
				<point>10.000000,591.000000</point>
				<point>22.000000,575.000000</point>
				<point>31.000000,582.000000</point>
			</points>
		</object>
		<object>
			<coordinate>pixel</coordinate>
			<type>rectangle</type>
			<description>None</description>
			<possibleresult>
				<name>Small Car</name>
			</possibleresult>
			<points>
				<point>128.000000,566.000000</point>
				<point>126.000000,576.000000</point>
				<point>104.000000,572.000000</point>
				<point>106.000000,562.000000</point>
				<point>128.000000,566.000000</point>
			</points>
		</object>
		<object>
			<coordinate>pixel</coordinate>
			<type>rectangle</type>
			<description>None</description>
			<possibleresult>
				<name>Small Car</name>
			</possibleresult>
			<points>
				<point>470.000000,524.000000</point>
				<point>460.000000,524.000000</point>
				<point>460.000000,508.000000</point>
				<point>470.000000,508.000000</point>
				<point>470.000000,524.000000</point>
			</points>
		</object>
		<object>
			<coordinate>pixel</coordinate>
			<type>rectangle</type>
			<description>None</description>
			<possibleresult>
				<name>Small Car</name>
			</possibleresult>
			<points>
				<point>457.000000,526.000000</point>
				<point>447.000000,526.000000</point>
				<point>447.000000,507.000000</point>
				<point>457.000000,507.000000</point>
				<point>457.000000,526.000000</point>
			</points>
		</object>
		<object>
			<coordinate>pixel</coordinate>
			<type>rectangle</type>
			<description>None</description>
			<possibleresult>
				<name>Van</name>
			</possibleresult>
			<points>
				<point>445.000000,523.000000</point>
				<point>436.000000,523.000000</point>
				<point>436.000000,509.000000</point>
				<point>445.000000,509.000000</point>
				<point>445.000000,523.000000</point>
			</points>
		</object>
		<object>
			<coordinate>pixel</coordinate>
			<type>rectangle</type>
			<description>None</description>
			<possibleresult>
				<name>Small Car</name>
			</possibleresult>
			<points>
				<point>421.000000,527.000000</point>
				<point>411.000000,527.000000</point>
				<point>411.000000,508.000000</point>
				<point>421.000000,508.000000</point>
				<point>421.000000,527.000000</point>
			</points>
		</object>
		<object>
			<coordinate>pixel</coordinate>
			<type>rectangle</type>
			<description>None</description>
			<possibleresult>
				<name>Van</name>
			</possibleresult>
			<points>
				<point>408.000000,524.000000</point>
				<point>399.000000,525.000000</point>
				<point>397.000000,507.000000</point>
				<point>406.000000,506.000000</point>
				<point>408.000000,524.000000</point>
			</points>
		</object>
		<object>
			<coordinate>pixel</coordinate>
			<type>rectangle</type>
			<description>None</description>
			<possibleresult>
				<name>Small Car</name>
			</possibleresult>
			<points>
				<point>397.000000,525.000000</point>
				<point>388.000000,526.000000</point>
				<point>386.000000,508.000000</point>
				<point>396.000000,508.000000</point>
				<point>397.000000,525.000000</point>
			</points>
		</object>
		<object>
			<coordinate>pixel</coordinate>
			<type>rectangle</type>
			<description>None</description>
			<possibleresult>
				<name>Excavator</name>
			</possibleresult>
			<points>
				<point>382.000000,530.000000</point>
				<point>366.000000,530.000000</point>
				<point>366.000000,506.000000</point>
				<point>382.000000,506.000000</point>
				<point>382.000000,530.000000</point>
			</points>
		</object>
		<object>
			<coordinate>pixel</coordinate>
			<type>rectangle</type>
			<description>None</description>
			<possibleresult>
				<name>Van</name>
			</possibleresult>
			<points>
				<point>351.000000,537.000000</point>
				<point>328.000000,537.000000</point>
				<point>328.000000,529.000000</point>
				<point>351.000000,529.000000</point>
				<point>351.000000,537.000000</point>
			</points>
		</object>
		<object>
			<coordinate>pixel</coordinate>
			<type>rectangle</type>
			<description>None</description>
			<possibleresult>
				<name>Dump Truck</name>
			</possibleresult>
			<points>
				<point>357.000000,549.000000</point>
				<point>329.000000,549.000000</point>
				<point>329.000000,540.000000</point>
				<point>357.000000,540.000000</point>
				<point>357.000000,549.000000</point>
			</points>
		</object>
		<object>
			<coordinate>pixel</coordinate>
			<type>rectangle</type>
			<description>None</description>
			<possibleresult>
				<name>Dump Truck</name>
			</possibleresult>
			<points>
				<point>402.000000,554.000000</point>
				<point>378.000000,579.000000</point>
				<point>370.000000,571.000000</point>
				<point>393.000000,545.000000</point>
				<point>402.000000,554.000000</point>
			</points>
		</object>
		<object>
			<coordinate>pixel</coordinate>
			<type>rectangle</type>
			<description>None</description>
			<possibleresult>
				<name>Van</name>
			</possibleresult>
			<points>
				<point>413.000000,580.000000</point>
				<point>405.000000,580.000000</point>
				<point>404.000000,565.000000</point>
				<point>411.000000,564.000000</point>
				<point>413.000000,580.000000</point>
			</points>
		</object>
		<object>
			<coordinate>pixel</coordinate>
			<type>rectangle</type>
			<description>None</description>
			<possibleresult>
				<name>Small Car</name>
			</possibleresult>
			<points>
				<point>425.000000,579.000000</point>
				<point>415.000000,579.000000</point>
				<point>415.000000,563.000000</point>
				<point>425.000000,563.000000</point>
				<point>425.000000,579.000000</point>
			</points>
		</object>
		<object>
			<coordinate>pixel</coordinate>
			<type>rectangle</type>
			<description>None</description>
			<possibleresult>
				<name>Van</name>
			</possibleresult>
			<points>
				<point>436.000000,579.000000</point>
				<point>426.000000,579.000000</point>
				<point>426.000000,562.000000</point>
				<point>436.000000,562.000000</point>
				<point>436.000000,579.000000</point>
			</points>
		</object>
		<object>
			<coordinate>pixel</coordinate>
			<type>rectangle</type>
			<description>None</description>
			<possibleresult>
				<name>Small Car</name>
			</possibleresult>
			<points>
				<point>449.000000,575.000000</point>
				<point>438.000000,575.000000</point>
				<point>438.000000,558.000000</point>
				<point>449.000000,558.000000</point>
				<point>449.000000,575.000000</point>
			</points>
		</object>
		<object>
			<coordinate>pixel</coordinate>
			<type>rectangle</type>
			<description>None</description>
			<possibleresult>
				<name>Small Car</name>
			</possibleresult>
			<points>
				<point>473.000000,583.000000</point>
				<point>456.000000,583.000000</point>
				<point>456.000000,577.000000</point>
				<point>473.000000,577.000000</point>
				<point>473.000000,583.000000</point>
			</points>
		</object>
		<object>
			<coordinate>pixel</coordinate>
			<type>rectangle</type>
			<description>None</description>
			<possibleresult>
				<name>Small Car</name>
			</possibleresult>
			<points>
				<point>475.000000,564.000000</point>
				<point>451.000000,564.000000</point>
				<point>451.000000,556.000000</point>
				<point>475.000000,556.000000</point>
				<point>475.000000,564.000000</point>
			</points>
		</object>
		<object>
			<coordinate>pixel</coordinate>
			<type>rectangle</type>
			<description>None</description>
			<possibleresult>
				<name>Van</name>
			</possibleresult>
			<points>
				<point>679.000000,573.000000</point>
				<point>668.000000,574.000000</point>
				<point>667.000000,558.000000</point>
				<point>678.000000,557.000000</point>
				<point>679.000000,573.000000</point>
			</points>
		</object>
		<object>
			<coordinate>pixel</coordinate>
			<type>rectangle</type>
			<description>None</description>
			<possibleresult>
				<name>Van</name>
			</possibleresult>
			<points>
				<point>680.000000,618.000000</point>
				<point>670.000000,618.000000</point>
				<point>670.000000,600.000000</point>
				<point>680.000000,600.000000</point>
				<point>680.000000,618.000000</point>
			</points>
		</object>
		<object>
			<coordinate>pixel</coordinate>
			<type>rectangle</type>
			<description>None</description>
			<possibleresult>
				<name>Dump Truck</name>
			</possibleresult>
			<points>
				<point>803.000000,647.000000</point>
				<point>792.000000,647.000000</point>
				<point>792.000000,627.000000</point>
				<point>803.000000,627.000000</point>
				<point>803.000000,647.000000</point>
			</points>
		</object>
		<object>
			<coordinate>pixel</coordinate>
			<type>rectangle</type>
			<description>None</description>
			<possibleresult>
				<name>Dump Truck</name>
			</possibleresult>
			<points>
				<point>787.000000,640.000000</point>
				<point>777.000000,641.000000</point>
				<point>776.000000,621.000000</point>
				<point>785.000000,621.000000</point>
				<point>787.000000,640.000000</point>
			</points>
		</object>
		<object>
			<coordinate>pixel</coordinate>
			<type>rectangle</type>
			<description>None</description>
			<possibleresult>
				<name>Small Car</name>
			</possibleresult>
			<points>
				<point>681.000000,687.000000</point>
				<point>661.000000,687.000000</point>
				<point>661.000000,680.000000</point>
				<point>681.000000,680.000000</point>
				<point>681.000000,687.000000</point>
			</points>
		</object>
		<object>
			<coordinate>pixel</coordinate>
			<type>rectangle</type>
			<description>None</description>
			<possibleresult>
				<name>Small Car</name>
			</possibleresult>
			<points>
				<point>373.000000,670.000000</point>
				<point>364.000000,672.000000</point>
				<point>363.000000,664.000000</point>
				<point>373.000000,663.000000</point>
				<point>373.000000,670.000000</point>
			</points>
		</object>
		<object>
			<coordinate>pixel</coordinate>
			<type>rectangle</type>
			<description>None</description>
			<possibleresult>
				<name>Small Car</name>
			</possibleresult>
			<points>
				<point>94.000000,768.000000</point>
				<point>71.000000,768.000000</point>
				<point>71.000000,761.000000</point>
				<point>94.000000,761.000000</point>
				<point>94.000000,768.000000</point>
			</points>
		</object>
		<object>
			<coordinate>pixel</coordinate>
			<type>rectangle</type>
			<description>None</description>
			<possibleresult>
				<name>Small Car</name>
			</possibleresult>
			<points>
				<point>95.000000,777.000000</point>
				<point>71.000000,777.000000</point>
				<point>71.000000,769.000000</point>
				<point>95.000000,769.000000</point>
				<point>95.000000,777.000000</point>
			</points>
		</object>
		<object>
			<coordinate>pixel</coordinate>
			<type>rectangle</type>
			<description>None</description>
			<possibleresult>
				<name>Van</name>
			</possibleresult>
			<points>
				<point>182.000000,856.000000</point>
				<point>172.000000,856.000000</point>
				<point>171.000000,837.000000</point>
				<point>180.000000,836.000000</point>
				<point>182.000000,856.000000</point>
			</points>
		</object>
		<object>
			<coordinate>pixel</coordinate>
			<type>rectangle</type>
			<description>None</description>
			<possibleresult>
				<name>Small Car</name>
			</possibleresult>
			<points>
				<point>418.000000,860.000000</point>
				<point>407.000000,861.000000</point>
				<point>405.000000,842.000000</point>
				<point>415.000000,840.000000</point>
				<point>418.000000,860.000000</point>
			</points>
		</object>
		<object>
			<coordinate>pixel</coordinate>
			<type>rectangle</type>
			<description>None</description>
			<possibleresult>
				<name>Small Car</name>
			</possibleresult>
			<points>
				<point>393.000000,859.000000</point>
				<point>383.000000,859.000000</point>
				<point>383.000000,844.000000</point>
				<point>393.000000,844.000000</point>
				<point>393.000000,859.000000</point>
			</points>
		</object>
		<object>
			<coordinate>pixel</coordinate>
			<type>rectangle</type>
			<description>None</description>
			<possibleresult>
				<name>Van</name>
			</possibleresult>
			<points>
				<point>372.000000,857.000000</point>
				<point>362.000000,857.000000</point>
				<point>362.000000,842.000000</point>
				<point>372.000000,842.000000</point>
				<point>372.000000,857.000000</point>
			</points>
		</object>
		<object>
			<coordinate>pixel</coordinate>
			<type>rectangle</type>
			<description>None</description>
			<possibleresult>
				<name>Small Car</name>
			</possibleresult>
			<points>
				<point>361.000000,860.000000</point>
				<point>351.000000,860.000000</point>
				<point>351.000000,843.000000</point>
				<point>361.000000,843.000000</point>
				<point>361.000000,860.000000</point>
			</points>
		</object>
		<object>
			<coordinate>pixel</coordinate>
			<type>rectangle</type>
			<description>None</description>
			<possibleresult>
				<name>Van</name>
			</possibleresult>
			<points>
				<point>422.000000,909.000000</point>
				<point>399.000000,909.000000</point>
				<point>399.000000,902.000000</point>
				<point>422.000000,902.000000</point>
				<point>422.000000,909.000000</point>
			</points>
		</object>
		<object>
			<coordinate>pixel</coordinate>
			<type>rectangle</type>
			<description>None</description>
			<possibleresult>
				<name>Small Car</name>
			</possibleresult>
			<points>
				<point>417.000000,886.000000</point>
				<point>416.000000,902.000000</point>
				<point>407.000000,901.000000</point>
				<point>408.000000,885.000000</point>
				<point>417.000000,886.000000</point>
			</points>
		</object>
		<object>
			<coordinate>pixel</coordinate>
			<type>rectangle</type>
			<description>None</description>
			<possibleresult>
				<name>Dump Truck</name>
			</possibleresult>
			<points>
				<point>432.000000,982.000000</point>
				<point>423.000000,986.000000</point>
				<point>416.000000,967.000000</point>
				<point>426.000000,964.000000</point>
				<point>432.000000,982.000000</point>
			</points>
		</object>
		<object>
			<coordinate>pixel</coordinate>
			<type>rectangle</type>
			<description>None</description>
			<possibleresult>
				<name>Van</name>
			</possibleresult>
			<points>
				<point>745.000000,958.000000</point>
				<point>720.000000,958.000000</point>
				<point>720.000000,949.000000</point>
				<point>745.000000,949.000000</point>
				<point>745.000000,958.000000</point>
			</points>
		</object>
		<object>
			<coordinate>pixel</coordinate>
			<type>rectangle</type>
			<description>None</description>
			<possibleresult>
				<name>Small Car</name>
			</possibleresult>
			<points>
				<point>936.000000,132.000000</point>
				<point>926.000000,132.000000</point>
				<point>926.000000,114.000000</point>
				<point>936.000000,114.000000</point>
				<point>936.000000,132.000000</point>
			</points>
		</object>
		<object>
			<coordinate>pixel</coordinate>
			<type>rectangle</type>
			<description>None</description>
			<possibleresult>
				<name>Small Car</name>
			</possibleresult>
			<points>
				<point>886.000000,256.000000</point>
				<point>863.000000,256.000000</point>
				<point>863.000000,248.000000</point>
				<point>886.000000,248.000000</point>
				<point>886.000000,256.000000</point>
			</points>
		</object>
		<object>
			<coordinate>pixel</coordinate>
			<type>rectangle</type>
			<description>None</description>
			<possibleresult>
				<name>Van</name>
			</possibleresult>
			<points>
				<point>915.000000,256.000000</point>
				<point>893.000000,256.000000</point>
				<point>893.000000,248.000000</point>
				<point>915.000000,248.000000</point>
				<point>915.000000,256.000000</point>
			</points>
		</object>
		<object>
			<coordinate>pixel</coordinate>
			<type>rectangle</type>
			<description>None</description>
			<possibleresult>
				<name>Small Car</name>
			</possibleresult>
			<points>
				<point>974.000000,256.000000</point>
				<point>953.000000,256.000000</point>
				<point>953.000000,248.000000</point>
				<point>974.000000,248.000000</point>
				<point>974.000000,256.000000</point>
			</points>
		</object>
		<object>
			<coordinate>pixel</coordinate>
			<type>rectangle</type>
			<description>None</description>
			<possibleresult>
				<name>Small Car</name>
			</possibleresult>
			<points>
				<point>998.000000,256.000000</point>
				<point>976.000000,256.000000</point>
				<point>976.000000,249.000000</point>
				<point>998.000000,249.000000</point>
				<point>998.000000,256.000000</point>
			</points>
		</object>
		<object>
			<coordinate>pixel</coordinate>
			<type>rectangle</type>
			<description>None</description>
			<possibleresult>
				<name>Small Car</name>
			</possibleresult>
			<points>
				<point>989.000000,412.000000</point>
				<point>978.000000,412.000000</point>
				<point>978.000000,394.000000</point>
				<point>989.000000,394.000000</point>
				<point>989.000000,412.000000</point>
			</points>
		</object>
		<object>
			<coordinate>pixel</coordinate>
			<type>rectangle</type>
			<description>None</description>
			<possibleresult>
				<name>Van</name>
			</possibleresult>
			<points>
				<point>977.000000,457.000000</point>
				<point>973.000000,463.000000</point>
				<point>954.000000,453.000000</point>
				<point>958.000000,447.000000</point>
				<point>977.000000,457.000000</point>
			</points>
		</object>
		<object>
			<coordinate>pixel</coordinate>
			<type>rectangle</type>
			<description>None</description>
			<possibleresult>
				<name>Dump Truck</name>
			</possibleresult>
			<points>
				<point>982.000000,471.000000</point>
				<point>977.000000,478.000000</point>
				<point>955.000000,466.000000</point>
				<point>960.000000,459.000000</point>
				<point>982.000000,471.000000</point>
			</points>
		</object>
		<object>
			<coordinate>pixel</coordinate>
			<type>rectangle</type>
			<description>None</description>
			<possibleresult>
				<name>Cargo Truck</name>
			</possibleresult>
			<points>
				<point>929.000000,631.000000</point>
				<point>919.000000,631.000000</point>
				<point>919.000000,610.000000</point>
				<point>929.000000,610.000000</point>
				<point>929.000000,631.000000</point>
			</points>
		</object>
		<object>
			<coordinate>pixel</coordinate>
			<type>rectangle</type>
			<description>None</description>
			<possibleresult>
				<name>Van</name>
			</possibleresult>
			<points>
				<point>968.000000,661.000000</point>
				<point>944.000000,661.000000</point>
				<point>944.000000,652.000000</point>
				<point>968.000000,652.000000</point>
				<point>968.000000,661.000000</point>
			</points>
		</object>
		<object>
			<coordinate>pixel</coordinate>
			<type>rectangle</type>
			<description>None</description>
			<possibleresult>
				<name>Dump Truck</name>
			</possibleresult>
			<points>
				<point>916.000000,550.000000</point>
				<point>912.000000,558.000000</point>
				<point>890.000000,547.000000</point>
				<point>894.000000,539.000000</point>
				<point>916.000000,550.000000</point>
			</points>
		</object>
		<object>
			<coordinate>pixel</coordinate>
			<type>rectangle</type>
			<description>None</description>
			<possibleresult>
				<name>Small Car</name>
			</possibleresult>
			<points>
				<point>959.000000,829.000000</point>
				<point>956.000000,836.000000</point>
				<point>935.000000,828.000000</point>
				<point>937.000000,821.000000</point>
				<point>959.000000,829.000000</point>
			</points>
		</object>
		<object>
			<coordinate>pixel</coordinate>
			<type>rectangle</type>
			<description>None</description>
			<possibleresult>
				<name>Van</name>
			</possibleresult>
			<points>
				<point>583.000000,63.000000</point>
				<point>558.000000,64.000000</point>
				<point>558.000000,54.000000</point>
				<point>583.000000,53.000000</point>
				<point>583.000000,63.000000</point>
			</points>
		</object>
	</objects>
</annotation>