<?xml version="1.0" encoding="utf-8"?>
<annotation>
	<source>
		<filename>1042.tif</filename>
		<origin>GF2/GF3</origin>
	</source>
	<research>
		<version>1.0</version>
		<provider>FAIR1M</provider>
		<author>Cyber</author>
		<pluginname>FAIR1M</pluginname>
		<pluginclass>object detection</pluginclass>
		<time>2021-07-21</time>
	</research>
	<size>
		<width>1000</width>
		<height>1000</height>
		<depth>3</depth>
	</size>
	<objects>
		<object>
			<coordinate>pixel</coordinate>
			<type>rectangle</type>
			<description>None</description>
			<possibleresult>
				<name>Small Car</name>
			</possibleresult>
			<points>
				<point>823.000000,956.000000</point>
				<point>816.000000,960.000000</point>
				<point>808.000000,946.000000</point>
				<point>816.000000,943.000000</point>
				<point>823.000000,956.000000</point>
			</points>
		</object>
		<object>
			<coordinate>pixel</coordinate>
			<type>rectangle</type>
			<description>None</description>
			<possibleresult>
				<name>Small Car</name>
			</possibleresult>
			<points>
				<point>813.000000,960.000000</point>
				<point>805.000000,964.000000</point>
				<point>798.000000,951.000000</point>
				<point>805.000000,946.000000</point>
				<point>813.000000,960.000000</point>
			</points>
		</object>
		<object>
			<coordinate>pixel</coordinate>
			<type>rectangle</type>
			<description>None</description>
			<possibleresult>
				<name>Small Car</name>
			</possibleresult>
			<points>
				<point>802.000000,964.000000</point>
				<point>795.000000,967.000000</point>
				<point>787.000000,954.000000</point>
				<point>795.000000,950.000000</point>
				<point>802.000000,964.000000</point>
			</points>
		</object>
		<object>
			<coordinate>pixel</coordinate>
			<type>rectangle</type>
			<description>None</description>
			<possibleresult>
				<name>Small Car</name>
			</possibleresult>
			<points>
				<point>792.000000,970.000000</point>
				<point>784.000000,974.000000</point>
				<point>776.000000,960.000000</point>
				<point>783.000000,955.000000</point>
				<point>792.000000,970.000000</point>
			</points>
		</object>
		<object>
			<coordinate>pixel</coordinate>
			<type>rectangle</type>
			<description>None</description>
			<possibleresult>
				<name>Dump Truck</name>
			</possibleresult>
			<points>
				<point>782.000000,976.000000</point>
				<point>773.000000,980.000000</point>
				<point>762.000000,959.000000</point>
				<point>771.000000,955.000000</point>
				<point>782.000000,976.000000</point>
			</points>
		</object>
		<object>
			<coordinate>pixel</coordinate>
			<type>rectangle</type>
			<description>None</description>
			<possibleresult>
				<name>Small Car</name>
			</possibleresult>
			<points>
				<point>770.000000,977.000000</point>
				<point>762.000000,981.000000</point>
				<point>754.000000,966.000000</point>
				<point>761.000000,961.000000</point>
				<point>770.000000,977.000000</point>
			</points>
		</object>
		<object>
			<coordinate>pixel</coordinate>
			<type>rectangle</type>
			<description>None</description>
			<possibleresult>
				<name>Small Car</name>
			</possibleresult>
			<points>
				<point>756.000000,979.000000</point>
				<point>749.000000,982.000000</point>
				<point>741.000000,967.000000</point>
				<point>748.000000,963.000000</point>
				<point>756.000000,979.000000</point>
			</points>
		</object>
		<object>
			<coordinate>pixel</coordinate>
			<type>rectangle</type>
			<description>None</description>
			<possibleresult>
				<name>Small Car</name>
			</possibleresult>
			<points>
				<point>746.000000,984.000000</point>
				<point>739.000000,988.000000</point>
				<point>731.000000,972.000000</point>
				<point>738.000000,968.000000</point>
				<point>746.000000,984.000000</point>
			</points>
		</object>
		<object>
			<coordinate>pixel</coordinate>
			<type>rectangle</type>
			<description>None</description>
			<possibleresult>
				<name>Small Car</name>
			</possibleresult>
			<points>
				<point>734.000000,988.000000</point>
				<point>727.000000,992.000000</point>
				<point>719.000000,975.000000</point>
				<point>726.000000,971.000000</point>
				<point>734.000000,988.000000</point>
			</points>
		</object>
		<object>
			<coordinate>pixel</coordinate>
			<type>rectangle</type>
			<description>None</description>
			<possibleresult>
				<name>Small Car</name>
			</possibleresult>
			<points>
				<point>722.000000,989.000000</point>
				<point>715.000000,992.000000</point>
				<point>709.000000,978.000000</point>
				<point>716.000000,975.000000</point>
				<point>722.000000,989.000000</point>
			</points>
		</object>
		<object>
			<coordinate>pixel</coordinate>
			<type>rectangle</type>
			<description>None</description>
			<possibleresult>
				<name>Van</name>
			</possibleresult>
			<points>
				<point>711.000000,995.000000</point>
				<point>704.000000,998.000000</point>
				<point>697.000000,984.000000</point>
				<point>703.000000,980.000000</point>
				<point>711.000000,995.000000</point>
			</points>
		</object>
		<object>
			<coordinate>pixel</coordinate>
			<type>rectangle</type>
			<description>None</description>
			<possibleresult>
				<name>Van</name>
			</possibleresult>
			<points>
				<point>688.000000,1000.000000</point>
				<point>677.000000,1000.000000</point>
				<point>670.000000,986.000000</point>
				<point>679.000000,982.000000</point>
				<point>688.000000,1000.000000</point>
			</points>
		</object>
		<object>
			<coordinate>pixel</coordinate>
			<type>rectangle</type>
			<description>None</description>
			<possibleresult>
				<name>Small Car</name>
			</possibleresult>
			<points>
				<point>676.000000,960.000000</point>
				<point>669.000000,963.000000</point>
				<point>662.000000,948.000000</point>
				<point>668.000000,944.000000</point>
				<point>676.000000,960.000000</point>
			</points>
		</object>
		<object>
			<coordinate>pixel</coordinate>
			<type>rectangle</type>
			<description>None</description>
			<possibleresult>
				<name>Van</name>
			</possibleresult>
			<points>
				<point>686.000000,954.000000</point>
				<point>678.000000,958.000000</point>
				<point>671.000000,944.000000</point>
				<point>679.000000,940.000000</point>
				<point>686.000000,954.000000</point>
			</points>
		</object>
		<object>
			<coordinate>pixel</coordinate>
			<type>rectangle</type>
			<description>None</description>
			<possibleresult>
				<name>Van</name>
			</possibleresult>
			<points>
				<point>696.000000,949.000000</point>
				<point>690.000000,952.000000</point>
				<point>684.000000,939.000000</point>
				<point>690.000000,936.000000</point>
				<point>696.000000,949.000000</point>
			</points>
		</object>
		<object>
			<coordinate>pixel</coordinate>
			<type>rectangle</type>
			<description>None</description>
			<possibleresult>
				<name>Van</name>
			</possibleresult>
			<points>
				<point>720.000000,944.000000</point>
				<point>713.000000,947.000000</point>
				<point>706.000000,934.000000</point>
				<point>712.000000,930.000000</point>
				<point>720.000000,944.000000</point>
			</points>
		</object>
		<object>
			<coordinate>pixel</coordinate>
			<type>rectangle</type>
			<description>None</description>
			<possibleresult>
				<name>Van</name>
			</possibleresult>
			<points>
				<point>728.000000,940.000000</point>
				<point>723.000000,943.000000</point>
				<point>715.000000,929.000000</point>
				<point>721.000000,927.000000</point>
				<point>728.000000,940.000000</point>
			</points>
		</object>
		<object>
			<coordinate>pixel</coordinate>
			<type>rectangle</type>
			<description>None</description>
			<possibleresult>
				<name>Small Car</name>
			</possibleresult>
			<points>
				<point>740.000000,936.000000</point>
				<point>734.000000,939.000000</point>
				<point>728.000000,927.000000</point>
				<point>734.000000,924.000000</point>
				<point>740.000000,936.000000</point>
			</points>
		</object>
		<object>
			<coordinate>pixel</coordinate>
			<type>rectangle</type>
			<description>None</description>
			<possibleresult>
				<name>Van</name>
			</possibleresult>
			<points>
				<point>751.000000,933.000000</point>
				<point>744.000000,937.000000</point>
				<point>736.000000,923.000000</point>
				<point>743.000000,919.000000</point>
				<point>751.000000,933.000000</point>
			</points>
		</object>
		<object>
			<coordinate>pixel</coordinate>
			<type>rectangle</type>
			<description>None</description>
			<possibleresult>
				<name>Van</name>
			</possibleresult>
			<points>
				<point>780.000000,918.000000</point>
				<point>773.000000,922.000000</point>
				<point>767.000000,910.000000</point>
				<point>774.000000,906.000000</point>
				<point>780.000000,918.000000</point>
			</points>
		</object>
		<object>
			<coordinate>pixel</coordinate>
			<type>rectangle</type>
			<description>None</description>
			<possibleresult>
				<name>Small Car</name>
			</possibleresult>
			<points>
				<point>792.000000,919.000000</point>
				<point>786.000000,923.000000</point>
				<point>777.000000,908.000000</point>
				<point>784.000000,905.000000</point>
				<point>792.000000,919.000000</point>
			</points>
		</object>
		<object>
			<coordinate>pixel</coordinate>
			<type>rectangle</type>
			<description>None</description>
			<possibleresult>
				<name>Van</name>
			</possibleresult>
			<points>
				<point>778.000000,893.000000</point>
				<point>771.000000,897.000000</point>
				<point>764.000000,882.000000</point>
				<point>770.000000,878.000000</point>
				<point>778.000000,893.000000</point>
			</points>
		</object>
		<object>
			<coordinate>pixel</coordinate>
			<type>rectangle</type>
			<description>None</description>
			<possibleresult>
				<name>Van</name>
			</possibleresult>
			<points>
				<point>769.000000,896.000000</point>
				<point>760.000000,901.000000</point>
				<point>752.000000,887.000000</point>
				<point>761.000000,882.000000</point>
				<point>769.000000,896.000000</point>
			</points>
		</object>
		<object>
			<coordinate>pixel</coordinate>
			<type>rectangle</type>
			<description>None</description>
			<possibleresult>
				<name>Small Car</name>
			</possibleresult>
			<points>
				<point>723.000000,911.000000</point>
				<point>715.000000,915.000000</point>
				<point>707.000000,899.000000</point>
				<point>715.000000,895.000000</point>
				<point>723.000000,911.000000</point>
			</points>
		</object>
		<object>
			<coordinate>pixel</coordinate>
			<type>rectangle</type>
			<description>None</description>
			<possibleresult>
				<name>Dump Truck</name>
			</possibleresult>
			<points>
				<point>710.000000,914.000000</point>
				<point>702.000000,919.000000</point>
				<point>693.000000,901.000000</point>
				<point>701.000000,896.000000</point>
				<point>710.000000,914.000000</point>
			</points>
		</object>
		<object>
			<coordinate>pixel</coordinate>
			<type>rectangle</type>
			<description>None</description>
			<possibleresult>
				<name>Van</name>
			</possibleresult>
			<points>
				<point>700.000000,919.000000</point>
				<point>693.000000,923.000000</point>
				<point>685.000000,909.000000</point>
				<point>692.000000,905.000000</point>
				<point>700.000000,919.000000</point>
			</points>
		</object>
		<object>
			<coordinate>pixel</coordinate>
			<type>rectangle</type>
			<description>None</description>
			<possibleresult>
				<name>Van</name>
			</possibleresult>
			<points>
				<point>690.000000,923.000000</point>
				<point>682.000000,927.000000</point>
				<point>674.000000,912.000000</point>
				<point>681.000000,907.000000</point>
				<point>690.000000,923.000000</point>
			</points>
		</object>
		<object>
			<coordinate>pixel</coordinate>
			<type>rectangle</type>
			<description>None</description>
			<possibleresult>
				<name>Small Car</name>
			</possibleresult>
			<points>
				<point>676.000000,922.000000</point>
				<point>669.000000,925.000000</point>
				<point>662.000000,911.000000</point>
				<point>668.000000,907.000000</point>
				<point>676.000000,922.000000</point>
			</points>
		</object>
		<object>
			<coordinate>pixel</coordinate>
			<type>rectangle</type>
			<description>None</description>
			<possibleresult>
				<name>Small Car</name>
			</possibleresult>
			<points>
				<point>664.000000,928.000000</point>
				<point>656.000000,932.000000</point>
				<point>648.000000,916.000000</point>
				<point>656.000000,912.000000</point>
				<point>664.000000,928.000000</point>
			</points>
		</object>
		<object>
			<coordinate>pixel</coordinate>
			<type>rectangle</type>
			<description>None</description>
			<possibleresult>
				<name>Small Car</name>
			</possibleresult>
			<points>
				<point>653.000000,929.000000</point>
				<point>645.000000,932.000000</point>
				<point>638.000000,918.000000</point>
				<point>646.000000,915.000000</point>
				<point>653.000000,929.000000</point>
			</points>
		</object>
		<object>
			<coordinate>pixel</coordinate>
			<type>rectangle</type>
			<description>None</description>
			<possibleresult>
				<name>Small Car</name>
			</possibleresult>
			<points>
				<point>643.000000,935.000000</point>
				<point>636.000000,939.000000</point>
				<point>628.000000,923.000000</point>
				<point>634.000000,920.000000</point>
				<point>643.000000,935.000000</point>
			</points>
		</object>
		<object>
			<coordinate>pixel</coordinate>
			<type>rectangle</type>
			<description>None</description>
			<possibleresult>
				<name>Van</name>
			</possibleresult>
			<points>
				<point>632.000000,939.000000</point>
				<point>624.000000,943.000000</point>
				<point>616.000000,927.000000</point>
				<point>624.000000,923.000000</point>
				<point>632.000000,939.000000</point>
			</points>
		</object>
		<object>
			<coordinate>pixel</coordinate>
			<type>rectangle</type>
			<description>None</description>
			<possibleresult>
				<name>Small Car</name>
			</possibleresult>
			<points>
				<point>620.000000,942.000000</point>
				<point>611.000000,946.000000</point>
				<point>603.000000,928.000000</point>
				<point>612.000000,924.000000</point>
				<point>620.000000,942.000000</point>
			</points>
		</object>
		<object>
			<coordinate>pixel</coordinate>
			<type>rectangle</type>
			<description>None</description>
			<possibleresult>
				<name>Small Car</name>
			</possibleresult>
			<points>
				<point>597.000000,948.000000</point>
				<point>589.000000,952.000000</point>
				<point>582.000000,936.000000</point>
				<point>590.000000,932.000000</point>
				<point>597.000000,948.000000</point>
			</points>
		</object>
		<object>
			<coordinate>pixel</coordinate>
			<type>rectangle</type>
			<description>None</description>
			<possibleresult>
				<name>Small Car</name>
			</possibleresult>
			<points>
				<point>652.000000,965.000000</point>
				<point>644.000000,968.000000</point>
				<point>639.000000,954.000000</point>
				<point>648.000000,952.000000</point>
				<point>652.000000,965.000000</point>
			</points>
		</object>
		<object>
			<coordinate>pixel</coordinate>
			<type>rectangle</type>
			<description>None</description>
			<possibleresult>
				<name>Small Car</name>
			</possibleresult>
			<points>
				<point>630.000000,972.000000</point>
				<point>621.000000,975.000000</point>
				<point>616.000000,960.000000</point>
				<point>624.000000,958.000000</point>
				<point>630.000000,972.000000</point>
			</points>
		</object>
		<object>
			<coordinate>pixel</coordinate>
			<type>rectangle</type>
			<description>None</description>
			<possibleresult>
				<name>Van</name>
			</possibleresult>
			<points>
				<point>602.000000,976.000000</point>
				<point>597.000000,978.000000</point>
				<point>591.000000,965.000000</point>
				<point>597.000000,962.000000</point>
				<point>602.000000,976.000000</point>
			</points>
		</object>
		<object>
			<coordinate>pixel</coordinate>
			<type>rectangle</type>
			<description>None</description>
			<possibleresult>
				<name>Van</name>
			</possibleresult>
			<points>
				<point>584.000000,981.000000</point>
				<point>576.000000,984.000000</point>
				<point>570.000000,968.000000</point>
				<point>578.000000,965.000000</point>
				<point>584.000000,981.000000</point>
			</points>
		</object>
		<object>
			<coordinate>pixel</coordinate>
			<type>rectangle</type>
			<description>None</description>
			<possibleresult>
				<name>Dump Truck</name>
			</possibleresult>
			<points>
				<point>570.000000,984.000000</point>
				<point>563.000000,986.000000</point>
				<point>558.000000,970.000000</point>
				<point>566.000000,969.000000</point>
				<point>570.000000,984.000000</point>
			</points>
		</object>
		<object>
			<coordinate>pixel</coordinate>
			<type>rectangle</type>
			<description>None</description>
			<possibleresult>
				<name>Small Car</name>
			</possibleresult>
			<points>
				<point>561.000000,954.000000</point>
				<point>554.000000,956.000000</point>
				<point>549.000000,943.000000</point>
				<point>555.000000,940.000000</point>
				<point>561.000000,954.000000</point>
			</points>
		</object>
		<object>
			<coordinate>pixel</coordinate>
			<type>rectangle</type>
			<description>None</description>
			<possibleresult>
				<name>Van</name>
			</possibleresult>
			<points>
				<point>537.000000,962.000000</point>
				<point>529.000000,964.000000</point>
				<point>524.000000,948.000000</point>
				<point>532.000000,946.000000</point>
				<point>537.000000,962.000000</point>
			</points>
		</object>
		<object>
			<coordinate>pixel</coordinate>
			<type>rectangle</type>
			<description>None</description>
			<possibleresult>
				<name>Van</name>
			</possibleresult>
			<points>
				<point>536.000000,997.000000</point>
				<point>525.000000,1000.000000</point>
				<point>520.000000,981.000000</point>
				<point>529.000000,977.000000</point>
				<point>536.000000,997.000000</point>
			</points>
		</object>
		<object>
			<coordinate>pixel</coordinate>
			<type>rectangle</type>
			<description>None</description>
			<possibleresult>
				<name>Small Car</name>
			</possibleresult>
			<points>
				<point>505.000000,1000.000000</point>
				<point>500.000000,986.000000</point>
				<point>508.000000,984.000000</point>
				<point>513.000000,999.000000</point>
				<point>505.000000,1000.000000</point>
			</points>
		</object>
		<object>
			<coordinate>pixel</coordinate>
			<type>rectangle</type>
			<description>None</description>
			<possibleresult>
				<name>Dump Truck</name>
			</possibleresult>
			<points>
				<point>451.000000,973.000000</point>
				<point>443.000000,974.000000</point>
				<point>441.000000,958.000000</point>
				<point>449.000000,957.000000</point>
				<point>451.000000,973.000000</point>
			</points>
		</object>
		<object>
			<coordinate>pixel</coordinate>
			<type>rectangle</type>
			<description>None</description>
			<possibleresult>
				<name>Small Car</name>
			</possibleresult>
			<points>
				<point>427.000000,977.000000</point>
				<point>419.000000,978.000000</point>
				<point>416.000000,963.000000</point>
				<point>423.000000,961.000000</point>
				<point>427.000000,977.000000</point>
			</points>
		</object>
		<object>
			<coordinate>pixel</coordinate>
			<type>rectangle</type>
			<description>None</description>
			<possibleresult>
				<name>Small Car</name>
			</possibleresult>
			<points>
				<point>616.000000,895.000000</point>
				<point>611.000000,897.000000</point>
				<point>603.000000,882.000000</point>
				<point>608.000000,880.000000</point>
				<point>616.000000,895.000000</point>
			</points>
		</object>
		<object>
			<coordinate>pixel</coordinate>
			<type>rectangle</type>
			<description>None</description>
			<possibleresult>
				<name>Small Car</name>
			</possibleresult>
			<points>
				<point>607.000000,900.000000</point>
				<point>599.000000,903.000000</point>
				<point>591.000000,887.000000</point>
				<point>599.000000,884.000000</point>
				<point>607.000000,900.000000</point>
			</points>
		</object>
		<object>
			<coordinate>pixel</coordinate>
			<type>rectangle</type>
			<description>None</description>
			<possibleresult>
				<name>Small Car</name>
			</possibleresult>
			<points>
				<point>597.000000,902.000000</point>
				<point>591.000000,905.000000</point>
				<point>584.000000,892.000000</point>
				<point>589.000000,888.000000</point>
				<point>597.000000,902.000000</point>
			</points>
		</object>
		<object>
			<coordinate>pixel</coordinate>
			<type>rectangle</type>
			<description>None</description>
			<possibleresult>
				<name>Small Car</name>
			</possibleresult>
			<points>
				<point>584.000000,904.000000</point>
				<point>577.000000,907.000000</point>
				<point>571.000000,893.000000</point>
				<point>578.000000,890.000000</point>
				<point>584.000000,904.000000</point>
			</points>
		</object>
		<object>
			<coordinate>pixel</coordinate>
			<type>rectangle</type>
			<description>None</description>
			<possibleresult>
				<name>Small Car</name>
			</possibleresult>
			<points>
				<point>570.000000,906.000000</point>
				<point>564.000000,909.000000</point>
				<point>558.000000,896.000000</point>
				<point>565.000000,894.000000</point>
				<point>570.000000,906.000000</point>
			</points>
		</object>
		<object>
			<coordinate>pixel</coordinate>
			<type>rectangle</type>
			<description>None</description>
			<possibleresult>
				<name>Van</name>
			</possibleresult>
			<points>
				<point>440.000000,927.000000</point>
				<point>434.000000,929.000000</point>
				<point>431.000000,915.000000</point>
				<point>438.000000,914.000000</point>
				<point>440.000000,927.000000</point>
			</points>
		</object>
		<object>
			<coordinate>pixel</coordinate>
			<type>rectangle</type>
			<description>None</description>
			<possibleresult>
				<name>Bus</name>
			</possibleresult>
			<points>
				<point>698.000000,843.000000</point>
				<point>698.000000,851.000000</point>
				<point>634.000000,849.000000</point>
				<point>635.000000,840.000000</point>
				<point>698.000000,843.000000</point>
			</points>
		</object>
		<object>
			<coordinate>pixel</coordinate>
			<type>rectangle</type>
			<description>None</description>
			<possibleresult>
				<name>Small Car</name>
			</possibleresult>
			<points>
				<point>955.000000,411.000000</point>
				<point>947.000000,418.000000</point>
				<point>943.000000,414.000000</point>
				<point>951.000000,407.000000</point>
				<point>955.000000,411.000000</point>
			</points>
		</object>
		<object>
			<coordinate>pixel</coordinate>
			<type>rectangle</type>
			<description>None</description>
			<possibleresult>
				<name>Van</name>
			</possibleresult>
			<points>
				<point>534.000000,51.000000</point>
				<point>514.000000,51.000000</point>
				<point>514.000000,44.000000</point>
				<point>534.000000,44.000000</point>
				<point>534.000000,51.000000</point>
			</points>
		</object>
		<object>
			<coordinate>pixel</coordinate>
			<type>rectangle</type>
			<description>None</description>
			<possibleresult>
				<name>Van</name>
			</possibleresult>
			<points>
				<point>477.000000,22.000000</point>
				<point>461.000000,22.000000</point>
				<point>461.000000,16.000000</point>
				<point>477.000000,16.000000</point>
				<point>477.000000,22.000000</point>
			</points>
		</object>
		<object>
			<coordinate>pixel</coordinate>
			<type>rectangle</type>
			<description>None</description>
			<possibleresult>
				<name>Dump Truck</name>
			</possibleresult>
			<points>
				<point>35.000000,499.000000</point>
				<point>32.000000,508.000000</point>
				<point>7.000000,500.000000</point>
				<point>9.000000,490.000000</point>
				<point>35.000000,499.000000</point>
			</points>
		</object>
		<object>
			<coordinate>pixel</coordinate>
			<type>rectangle</type>
			<description>None</description>
			<possibleresult>
				<name>Football Field</name>
			</possibleresult>
			<points>
				<point>900.000000,0.000000</point>
				<point>898.000000,79.000000</point>
				<point>681.000000,72.000000</point>
				<point>684.000000,0.000000</point>
				<point>900.000000,0.000000</point>
			</points>
		</object>
	</objects>
</annotation>