<?xml version="1.0" encoding="utf-8"?>
<annotation>
	<source>
		<filename>1043.tif</filename>
		<origin>GF2/GF3</origin>
	</source>
	<research>
		<version>1.0</version>
		<provider>FAIR1M</provider>
		<author>Cyber</author>
		<pluginname>FAIR1M</pluginname>
		<pluginclass>object detection</pluginclass>
		<time>2021-07-21</time>
	</research>
	<size>
		<width>1000</width>
		<height>1000</height>
		<depth>3</depth>
	</size>
	<objects>
		<object>
			<coordinate>pixel</coordinate>
			<type>rectangle</type>
			<description>None</description>
			<possibleresult>
				<name>other-airplane</name>
			</possibleresult>
			<points>
				<point>328.000000,43.000000</point>
				<point>370.000000,109.000000</point>
				<point>434.000000,68.000000</point>
				<point>391.000000,2.000000</point>
				<point>328.000000,43.000000</point>
			</points>
		</object>
		<object>
			<coordinate>pixel</coordinate>
			<type>rectangle</type>
			<description>None</description>
			<possibleresult>
				<name>A220</name>
			</possibleresult>
			<points>
				<point>266.000000,514.000000</point>
				<point>229.000000,542.000000</point>
				<point>255.000000,577.000000</point>
				<point>292.000000,548.000000</point>
				<point>266.000000,514.000000</point>
			</points>
		</object>
	</objects>
</annotation>