<?xml version="1.0" encoding="utf-8"?>
<annotation>
	<source>
		<filename>1046.tif</filename>
		<origin>GF2/GF3</origin>
	</source>
	<research>
		<version>1.0</version>
		<provider>FAIR1M</provider>
		<author>Cyber</author>
		<pluginname>FAIR1M</pluginname>
		<pluginclass>object detection</pluginclass>
		<time>2021-07-21</time>
	</research>
	<size>
		<width>1500</width>
		<height>1500</height>
		<depth>3</depth>
	</size>
	<objects>
		<object>
			<coordinate>pixel</coordinate>
			<type>rectangle</type>
			<description>None</description>
			<possibleresult>
				<name>Dry Cargo Ship</name>
			</possibleresult>
			<points>
				<point>1353.000000,320.000000</point>
				<point>1114.000000,393.000000</point>
				<point>1126.000000,434.000000</point>
				<point>1366.000000,362.000000</point>
				<point>1353.000000,320.000000</point>
			</points>
		</object>
		<object>
			<coordinate>pixel</coordinate>
			<type>rectangle</type>
			<description>None</description>
			<possibleresult>
				<name>Dry Cargo Ship</name>
			</possibleresult>
			<points>
				<point>1041.000000,314.000000</point>
				<point>1161.000000,113.000000</point>
				<point>1124.000000,92.000000</point>
				<point>1003.000000,292.000000</point>
				<point>1041.000000,314.000000</point>
			</points>
		</object>
		<object>
			<coordinate>pixel</coordinate>
			<type>rectangle</type>
			<description>None</description>
			<possibleresult>
				<name>Motorboat</name>
			</possibleresult>
			<points>
				<point>1032.000000,378.000000</point>
				<point>1022.000000,362.000000</point>
				<point>1016.000000,364.000000</point>
				<point>1027.000000,381.000000</point>
				<point>1032.000000,378.000000</point>
			</points>
		</object>
		<object>
			<coordinate>pixel</coordinate>
			<type>rectangle</type>
			<description>None</description>
			<possibleresult>
				<name>Fishing Boat</name>
			</possibleresult>
			<points>
				<point>1026.000000,412.000000</point>
				<point>1045.000000,398.000000</point>
				<point>1042.000000,394.000000</point>
				<point>1023.000000,406.000000</point>
				<point>1026.000000,412.000000</point>
			</points>
		</object>
		<object>
			<coordinate>pixel</coordinate>
			<type>rectangle</type>
			<description>None</description>
			<possibleresult>
				<name>Fishing Boat</name>
			</possibleresult>
			<points>
				<point>124.000000,77.000000</point>
				<point>91.000000,78.000000</point>
				<point>91.000000,85.000000</point>
				<point>124.000000,85.000000</point>
				<point>124.000000,77.000000</point>
			</points>
		</object>
		<object>
			<coordinate>pixel</coordinate>
			<type>rectangle</type>
			<description>None</description>
			<possibleresult>
				<name>Warship</name>
			</possibleresult>
			<points>
				<point>77.000000,190.000000</point>
				<point>23.000000,189.000000</point>
				<point>22.000000,200.000000</point>
				<point>76.000000,201.000000</point>
				<point>77.000000,190.000000</point>
			</points>
		</object>
		<object>
			<coordinate>pixel</coordinate>
			<type>rectangle</type>
			<description>None</description>
			<possibleresult>
				<name>Warship</name>
			</possibleresult>
			<points>
				<point>75.000000,201.000000</point>
				<point>23.000000,198.000000</point>
				<point>23.000000,207.000000</point>
				<point>75.000000,209.000000</point>
				<point>75.000000,201.000000</point>
			</points>
		</object>
		<object>
			<coordinate>pixel</coordinate>
			<type>rectangle</type>
			<description>None</description>
			<possibleresult>
				<name>Warship</name>
			</possibleresult>
			<points>
				<point>88.000000,210.000000</point>
				<point>142.000000,210.000000</point>
				<point>142.000000,198.000000</point>
				<point>88.000000,198.000000</point>
				<point>88.000000,210.000000</point>
			</points>
		</object>
		<object>
			<coordinate>pixel</coordinate>
			<type>rectangle</type>
			<description>None</description>
			<possibleresult>
				<name>Warship</name>
			</possibleresult>
			<points>
				<point>73.000000,227.000000</point>
				<point>26.000000,223.000000</point>
				<point>26.000000,230.000000</point>
				<point>72.000000,234.000000</point>
				<point>73.000000,227.000000</point>
			</points>
		</object>
		<object>
			<coordinate>pixel</coordinate>
			<type>rectangle</type>
			<description>None</description>
			<possibleresult>
				<name>Warship</name>
			</possibleresult>
			<points>
				<point>81.000000,237.000000</point>
				<point>132.000000,237.000000</point>
				<point>132.000000,227.000000</point>
				<point>81.000000,227.000000</point>
				<point>81.000000,237.000000</point>
			</points>
		</object>
		<object>
			<coordinate>pixel</coordinate>
			<type>rectangle</type>
			<description>None</description>
			<possibleresult>
				<name>Fishing Boat</name>
			</possibleresult>
			<points>
				<point>84.000000,346.000000</point>
				<point>50.000000,347.000000</point>
				<point>50.000000,354.000000</point>
				<point>85.000000,353.000000</point>
				<point>84.000000,346.000000</point>
			</points>
		</object>
		<object>
			<coordinate>pixel</coordinate>
			<type>rectangle</type>
			<description>None</description>
			<possibleresult>
				<name>Fishing Boat</name>
			</possibleresult>
			<points>
				<point>85.000000,354.000000</point>
				<point>50.000000,354.000000</point>
				<point>51.000000,362.000000</point>
				<point>85.000000,361.000000</point>
				<point>85.000000,354.000000</point>
			</points>
		</object>
		<object>
			<coordinate>pixel</coordinate>
			<type>rectangle</type>
			<description>None</description>
			<possibleresult>
				<name>Fishing Boat</name>
			</possibleresult>
			<points>
				<point>122.000000,353.000000</point>
				<point>89.000000,354.000000</point>
				<point>89.000000,360.000000</point>
				<point>123.000000,359.000000</point>
				<point>122.000000,353.000000</point>
			</points>
		</object>
		<object>
			<coordinate>pixel</coordinate>
			<type>rectangle</type>
			<description>None</description>
			<possibleresult>
				<name>Fishing Boat</name>
			</possibleresult>
			<points>
				<point>161.000000,353.000000</point>
				<point>129.000000,354.000000</point>
				<point>129.000000,359.000000</point>
				<point>161.000000,357.000000</point>
				<point>161.000000,353.000000</point>
			</points>
		</object>
		<object>
			<coordinate>pixel</coordinate>
			<type>rectangle</type>
			<description>None</description>
			<possibleresult>
				<name>Fishing Boat</name>
			</possibleresult>
			<points>
				<point>123.000000,376.000000</point>
				<point>90.000000,377.000000</point>
				<point>90.000000,382.000000</point>
				<point>124.000000,381.000000</point>
				<point>123.000000,376.000000</point>
			</points>
		</object>
		<object>
			<coordinate>pixel</coordinate>
			<type>rectangle</type>
			<description>None</description>
			<possibleresult>
				<name>Fishing Boat</name>
			</possibleresult>
			<points>
				<point>83.000000,378.000000</point>
				<point>51.000000,379.000000</point>
				<point>51.000000,385.000000</point>
				<point>83.000000,384.000000</point>
				<point>83.000000,378.000000</point>
			</points>
		</object>
		<object>
			<coordinate>pixel</coordinate>
			<type>rectangle</type>
			<description>None</description>
			<possibleresult>
				<name>Fishing Boat</name>
			</possibleresult>
			<points>
				<point>84.000000,384.000000</point>
				<point>51.000000,385.000000</point>
				<point>51.000000,390.000000</point>
				<point>84.000000,390.000000</point>
				<point>84.000000,384.000000</point>
			</points>
		</object>
		<object>
			<coordinate>pixel</coordinate>
			<type>rectangle</type>
			<description>None</description>
			<possibleresult>
				<name>other-ship</name>
			</possibleresult>
			<points>
				<point>84.000000,494.000000</point>
				<point>44.000000,494.000000</point>
				<point>44.000000,504.000000</point>
				<point>84.000000,504.000000</point>
				<point>84.000000,494.000000</point>
			</points>
		</object>
		<object>
			<coordinate>pixel</coordinate>
			<type>rectangle</type>
			<description>None</description>
			<possibleresult>
				<name>Engineering Ship</name>
			</possibleresult>
			<points>
				<point>48.000000,538.000000</point>
				<point>96.000000,538.000000</point>
				<point>96.000000,522.000000</point>
				<point>48.000000,522.000000</point>
				<point>48.000000,538.000000</point>
			</points>
		</object>
		<object>
			<coordinate>pixel</coordinate>
			<type>rectangle</type>
			<description>None</description>
			<possibleresult>
				<name>Passenger Ship</name>
			</possibleresult>
			<points>
				<point>75.000000,723.000000</point>
				<point>113.000000,747.000000</point>
				<point>121.000000,735.000000</point>
				<point>82.000000,711.000000</point>
				<point>75.000000,723.000000</point>
			</points>
		</object>
		<object>
			<coordinate>pixel</coordinate>
			<type>rectangle</type>
			<description>None</description>
			<possibleresult>
				<name>other-ship</name>
			</possibleresult>
			<points>
				<point>36.000000,679.000000</point>
				<point>74.000000,704.000000</point>
				<point>81.000000,693.000000</point>
				<point>45.000000,668.000000</point>
				<point>36.000000,679.000000</point>
			</points>
		</object>
		<object>
			<coordinate>pixel</coordinate>
			<type>rectangle</type>
			<description>None</description>
			<possibleresult>
				<name>other-ship</name>
			</possibleresult>
			<points>
				<point>28.000000,694.000000</point>
				<point>59.000000,714.000000</point>
				<point>68.000000,702.000000</point>
				<point>36.000000,680.000000</point>
				<point>28.000000,694.000000</point>
			</points>
		</object>
		<object>
			<coordinate>pixel</coordinate>
			<type>rectangle</type>
			<description>None</description>
			<possibleresult>
				<name>other-ship</name>
			</possibleresult>
			<points>
				<point>48.000000,652.000000</point>
				<point>85.000000,676.000000</point>
				<point>94.000000,662.000000</point>
				<point>55.000000,638.000000</point>
				<point>48.000000,652.000000</point>
			</points>
		</object>
		<object>
			<coordinate>pixel</coordinate>
			<type>rectangle</type>
			<description>None</description>
			<possibleresult>
				<name>other-ship</name>
			</possibleresult>
			<points>
				<point>86.000000,676.000000</point>
				<point>124.000000,698.000000</point>
				<point>130.000000,686.000000</point>
				<point>94.000000,663.000000</point>
				<point>86.000000,676.000000</point>
			</points>
		</object>
		<object>
			<coordinate>pixel</coordinate>
			<type>rectangle</type>
			<description>None</description>
			<possibleresult>
				<name>other-ship</name>
			</possibleresult>
			<points>
				<point>43.000000,982.000000</point>
				<point>5.000000,986.000000</point>
				<point>6.000000,1001.000000</point>
				<point>44.000000,996.000000</point>
				<point>43.000000,982.000000</point>
			</points>
		</object>
		<object>
			<coordinate>pixel</coordinate>
			<type>rectangle</type>
			<description>None</description>
			<possibleresult>
				<name>Fishing Boat</name>
			</possibleresult>
			<points>
				<point>307.000000,822.000000</point>
				<point>320.000000,845.000000</point>
				<point>326.000000,840.000000</point>
				<point>315.000000,819.000000</point>
				<point>307.000000,822.000000</point>
			</points>
		</object>
		<object>
			<coordinate>pixel</coordinate>
			<type>rectangle</type>
			<description>None</description>
			<possibleresult>
				<name>Fishing Boat</name>
			</possibleresult>
			<points>
				<point>343.000000,789.000000</point>
				<point>358.000000,819.000000</point>
				<point>366.000000,814.000000</point>
				<point>350.000000,786.000000</point>
				<point>343.000000,789.000000</point>
			</points>
		</object>
		<object>
			<coordinate>pixel</coordinate>
			<type>rectangle</type>
			<description>None</description>
			<possibleresult>
				<name>Fishing Boat</name>
			</possibleresult>
			<points>
				<point>352.000000,787.000000</point>
				<point>370.000000,815.000000</point>
				<point>376.000000,812.000000</point>
				<point>359.000000,782.000000</point>
				<point>352.000000,787.000000</point>
			</points>
		</object>
		<object>
			<coordinate>pixel</coordinate>
			<type>rectangle</type>
			<description>None</description>
			<possibleresult>
				<name>Fishing Boat</name>
			</possibleresult>
			<points>
				<point>361.000000,784.000000</point>
				<point>377.000000,811.000000</point>
				<point>383.000000,806.000000</point>
				<point>369.000000,779.000000</point>
				<point>361.000000,784.000000</point>
			</points>
		</object>
		<object>
			<coordinate>pixel</coordinate>
			<type>rectangle</type>
			<description>None</description>
			<possibleresult>
				<name>Fishing Boat</name>
			</possibleresult>
			<points>
				<point>372.000000,784.000000</point>
				<point>388.000000,811.000000</point>
				<point>394.000000,806.000000</point>
				<point>377.000000,779.000000</point>
				<point>372.000000,784.000000</point>
			</points>
		</object>
		<object>
			<coordinate>pixel</coordinate>
			<type>rectangle</type>
			<description>None</description>
			<possibleresult>
				<name>Fishing Boat</name>
			</possibleresult>
			<points>
				<point>377.000000,779.000000</point>
				<point>397.000000,807.000000</point>
				<point>402.000000,804.000000</point>
				<point>384.000000,775.000000</point>
				<point>377.000000,779.000000</point>
			</points>
		</object>
		<object>
			<coordinate>pixel</coordinate>
			<type>rectangle</type>
			<description>None</description>
			<possibleresult>
				<name>Fishing Boat</name>
			</possibleresult>
			<points>
				<point>384.000000,772.000000</point>
				<point>411.000000,811.000000</point>
				<point>419.000000,805.000000</point>
				<point>391.000000,769.000000</point>
				<point>384.000000,772.000000</point>
			</points>
		</object>
		<object>
			<coordinate>pixel</coordinate>
			<type>rectangle</type>
			<description>None</description>
			<possibleresult>
				<name>Fishing Boat</name>
			</possibleresult>
			<points>
				<point>394.000000,770.000000</point>
				<point>410.000000,794.000000</point>
				<point>416.000000,790.000000</point>
				<point>399.000000,768.000000</point>
				<point>394.000000,770.000000</point>
			</points>
		</object>
		<object>
			<coordinate>pixel</coordinate>
			<type>rectangle</type>
			<description>None</description>
			<possibleresult>
				<name>Fishing Boat</name>
			</possibleresult>
			<points>
				<point>400.000000,768.000000</point>
				<point>416.000000,788.000000</point>
				<point>421.000000,785.000000</point>
				<point>404.000000,763.000000</point>
				<point>400.000000,768.000000</point>
			</points>
		</object>
		<object>
			<coordinate>pixel</coordinate>
			<type>rectangle</type>
			<description>None</description>
			<possibleresult>
				<name>Fishing Boat</name>
			</possibleresult>
			<points>
				<point>425.000000,779.000000</point>
				<point>414.000000,764.000000</point>
				<point>409.000000,768.000000</point>
				<point>421.000000,782.000000</point>
				<point>425.000000,779.000000</point>
			</points>
		</object>
		<object>
			<coordinate>pixel</coordinate>
			<type>rectangle</type>
			<description>None</description>
			<possibleresult>
				<name>other-ship</name>
			</possibleresult>
			<points>
				<point>389.000000,844.000000</point>
				<point>422.000000,862.000000</point>
				<point>427.000000,853.000000</point>
				<point>395.000000,834.000000</point>
				<point>389.000000,844.000000</point>
			</points>
		</object>
		<object>
			<coordinate>pixel</coordinate>
			<type>rectangle</type>
			<description>None</description>
			<possibleresult>
				<name>Fishing Boat</name>
			</possibleresult>
			<points>
				<point>513.000000,657.000000</point>
				<point>496.000000,643.000000</point>
				<point>492.000000,647.000000</point>
				<point>508.000000,662.000000</point>
				<point>513.000000,657.000000</point>
			</points>
		</object>
		<object>
			<coordinate>pixel</coordinate>
			<type>rectangle</type>
			<description>None</description>
			<possibleresult>
				<name>Fishing Boat</name>
			</possibleresult>
			<points>
				<point>506.000000,661.000000</point>
				<point>490.000000,646.000000</point>
				<point>484.000000,652.000000</point>
				<point>502.000000,665.000000</point>
				<point>506.000000,661.000000</point>
			</points>
		</object>
		<object>
			<coordinate>pixel</coordinate>
			<type>rectangle</type>
			<description>None</description>
			<possibleresult>
				<name>Fishing Boat</name>
			</possibleresult>
			<points>
				<point>498.000000,670.000000</point>
				<point>480.000000,651.000000</point>
				<point>475.000000,655.000000</point>
				<point>493.000000,673.000000</point>
				<point>498.000000,670.000000</point>
			</points>
		</object>
		<object>
			<coordinate>pixel</coordinate>
			<type>rectangle</type>
			<description>None</description>
			<possibleresult>
				<name>Fishing Boat</name>
			</possibleresult>
			<points>
				<point>491.000000,675.000000</point>
				<point>474.000000,655.000000</point>
				<point>469.000000,660.000000</point>
				<point>485.000000,679.000000</point>
				<point>491.000000,675.000000</point>
			</points>
		</object>
		<object>
			<coordinate>pixel</coordinate>
			<type>rectangle</type>
			<description>None</description>
			<possibleresult>
				<name>Fishing Boat</name>
			</possibleresult>
			<points>
				<point>518.000000,670.000000</point>
				<point>547.000000,693.000000</point>
				<point>552.000000,686.000000</point>
				<point>524.000000,662.000000</point>
				<point>518.000000,670.000000</point>
			</points>
		</object>
		<object>
			<coordinate>pixel</coordinate>
			<type>rectangle</type>
			<description>None</description>
			<possibleresult>
				<name>Fishing Boat</name>
			</possibleresult>
			<points>
				<point>511.000000,677.000000</point>
				<point>541.000000,700.000000</point>
				<point>546.000000,694.000000</point>
				<point>517.000000,670.000000</point>
				<point>511.000000,677.000000</point>
			</points>
		</object>
		<object>
			<coordinate>pixel</coordinate>
			<type>rectangle</type>
			<description>None</description>
			<possibleresult>
				<name>Fishing Boat</name>
			</possibleresult>
			<points>
				<point>549.000000,636.000000</point>
				<point>576.000000,656.000000</point>
				<point>581.000000,651.000000</point>
				<point>552.000000,629.000000</point>
				<point>549.000000,636.000000</point>
			</points>
		</object>
		<object>
			<coordinate>pixel</coordinate>
			<type>rectangle</type>
			<description>None</description>
			<possibleresult>
				<name>Fishing Boat</name>
			</possibleresult>
			<points>
				<point>539.000000,640.000000</point>
				<point>571.000000,664.000000</point>
				<point>575.000000,657.000000</point>
				<point>544.000000,634.000000</point>
				<point>539.000000,640.000000</point>
			</points>
		</object>
		<object>
			<coordinate>pixel</coordinate>
			<type>rectangle</type>
			<description>None</description>
			<possibleresult>
				<name>Fishing Boat</name>
			</possibleresult>
			<points>
				<point>532.000000,648.000000</point>
				<point>563.000000,672.000000</point>
				<point>569.000000,664.000000</point>
				<point>539.000000,642.000000</point>
				<point>532.000000,648.000000</point>
			</points>
		</object>
		<object>
			<coordinate>pixel</coordinate>
			<type>rectangle</type>
			<description>None</description>
			<possibleresult>
				<name>Fishing Boat</name>
			</possibleresult>
			<points>
				<point>581.000000,556.000000</point>
				<point>608.000000,584.000000</point>
				<point>614.000000,579.000000</point>
				<point>586.000000,552.000000</point>
				<point>581.000000,556.000000</point>
			</points>
		</object>
		<object>
			<coordinate>pixel</coordinate>
			<type>rectangle</type>
			<description>None</description>
			<possibleresult>
				<name>Fishing Boat</name>
			</possibleresult>
			<points>
				<point>576.000000,562.000000</point>
				<point>603.000000,590.000000</point>
				<point>608.000000,586.000000</point>
				<point>581.000000,557.000000</point>
				<point>576.000000,562.000000</point>
			</points>
		</object>
		<object>
			<coordinate>pixel</coordinate>
			<type>rectangle</type>
			<description>None</description>
			<possibleresult>
				<name>Fishing Boat</name>
			</possibleresult>
			<points>
				<point>571.000000,568.000000</point>
				<point>597.000000,595.000000</point>
				<point>602.000000,590.000000</point>
				<point>575.000000,562.000000</point>
				<point>571.000000,568.000000</point>
			</points>
		</object>
		<object>
			<coordinate>pixel</coordinate>
			<type>rectangle</type>
			<description>None</description>
			<possibleresult>
				<name>Fishing Boat</name>
			</possibleresult>
			<points>
				<point>569.000000,576.000000</point>
				<point>594.000000,603.000000</point>
				<point>599.000000,597.000000</point>
				<point>574.000000,570.000000</point>
				<point>569.000000,576.000000</point>
			</points>
		</object>
		<object>
			<coordinate>pixel</coordinate>
			<type>rectangle</type>
			<description>None</description>
			<possibleresult>
				<name>Fishing Boat</name>
			</possibleresult>
			<points>
				<point>561.000000,584.000000</point>
				<point>585.000000,610.000000</point>
				<point>593.000000,603.000000</point>
				<point>569.000000,578.000000</point>
				<point>561.000000,584.000000</point>
			</points>
		</object>
		<object>
			<coordinate>pixel</coordinate>
			<type>rectangle</type>
			<description>None</description>
			<possibleresult>
				<name>Fishing Boat</name>
			</possibleresult>
			<points>
				<point>610.000000,587.000000</point>
				<point>640.000000,612.000000</point>
				<point>644.000000,609.000000</point>
				<point>615.000000,581.000000</point>
				<point>610.000000,587.000000</point>
			</points>
		</object>
		<object>
			<coordinate>pixel</coordinate>
			<type>rectangle</type>
			<description>None</description>
			<possibleresult>
				<name>Fishing Boat</name>
			</possibleresult>
			<points>
				<point>606.000000,594.000000</point>
				<point>636.000000,620.000000</point>
				<point>641.000000,617.000000</point>
				<point>611.000000,588.000000</point>
				<point>606.000000,594.000000</point>
			</points>
		</object>
		<object>
			<coordinate>pixel</coordinate>
			<type>rectangle</type>
			<description>None</description>
			<possibleresult>
				<name>Fishing Boat</name>
			</possibleresult>
			<points>
				<point>600.000000,598.000000</point>
				<point>631.000000,629.000000</point>
				<point>636.000000,622.000000</point>
				<point>604.000000,594.000000</point>
				<point>600.000000,598.000000</point>
			</points>
		</object>
		<object>
			<coordinate>pixel</coordinate>
			<type>rectangle</type>
			<description>None</description>
			<possibleresult>
				<name>Fishing Boat</name>
			</possibleresult>
			<points>
				<point>597.000000,604.000000</point>
				<point>626.000000,631.000000</point>
				<point>629.000000,629.000000</point>
				<point>600.000000,600.000000</point>
				<point>597.000000,604.000000</point>
			</points>
		</object>
		<object>
			<coordinate>pixel</coordinate>
			<type>rectangle</type>
			<description>None</description>
			<possibleresult>
				<name>Fishing Boat</name>
			</possibleresult>
			<points>
				<point>602.000000,545.000000</point>
				<point>622.000000,564.000000</point>
				<point>625.000000,562.000000</point>
				<point>605.000000,542.000000</point>
				<point>602.000000,545.000000</point>
			</points>
		</object>
		<object>
			<coordinate>pixel</coordinate>
			<type>rectangle</type>
			<description>None</description>
			<possibleresult>
				<name>Fishing Boat</name>
			</possibleresult>
			<points>
				<point>658.000000,590.000000</point>
				<point>628.000000,562.000000</point>
				<point>624.000000,567.000000</point>
				<point>654.000000,595.000000</point>
				<point>658.000000,590.000000</point>
			</points>
		</object>
		<object>
			<coordinate>pixel</coordinate>
			<type>rectangle</type>
			<description>None</description>
			<possibleresult>
				<name>Fishing Boat</name>
			</possibleresult>
			<points>
				<point>666.000000,586.000000</point>
				<point>635.000000,556.000000</point>
				<point>630.000000,562.000000</point>
				<point>660.000000,590.000000</point>
				<point>666.000000,586.000000</point>
			</points>
		</object>
		<object>
			<coordinate>pixel</coordinate>
			<type>rectangle</type>
			<description>None</description>
			<possibleresult>
				<name>Fishing Boat</name>
			</possibleresult>
			<points>
				<point>665.000000,573.000000</point>
				<point>648.000000,557.000000</point>
				<point>643.000000,562.000000</point>
				<point>659.000000,579.000000</point>
				<point>665.000000,573.000000</point>
			</points>
		</object>
		<object>
			<coordinate>pixel</coordinate>
			<type>rectangle</type>
			<description>None</description>
			<possibleresult>
				<name>Fishing Boat</name>
			</possibleresult>
			<points>
				<point>673.000000,572.000000</point>
				<point>650.000000,551.000000</point>
				<point>646.000000,555.000000</point>
				<point>669.000000,577.000000</point>
				<point>673.000000,572.000000</point>
			</points>
		</object>
		<object>
			<coordinate>pixel</coordinate>
			<type>rectangle</type>
			<description>None</description>
			<possibleresult>
				<name>Fishing Boat</name>
			</possibleresult>
			<points>
				<point>665.000000,630.000000</point>
				<point>682.000000,615.000000</point>
				<point>679.000000,612.000000</point>
				<point>661.000000,627.000000</point>
				<point>665.000000,630.000000</point>
			</points>
		</object>
		<object>
			<coordinate>pixel</coordinate>
			<type>rectangle</type>
			<description>None</description>
			<possibleresult>
				<name>Fishing Boat</name>
			</possibleresult>
			<points>
				<point>641.000000,613.000000</point>
				<point>656.000000,630.000000</point>
				<point>660.000000,627.000000</point>
				<point>645.000000,610.000000</point>
				<point>641.000000,613.000000</point>
			</points>
		</object>
		<object>
			<coordinate>pixel</coordinate>
			<type>rectangle</type>
			<description>None</description>
			<possibleresult>
				<name>Engineering Ship</name>
			</possibleresult>
			<points>
				<point>701.000000,565.000000</point>
				<point>675.000000,539.000000</point>
				<point>664.000000,552.000000</point>
				<point>691.000000,578.000000</point>
				<point>701.000000,565.000000</point>
			</points>
		</object>
		<object>
			<coordinate>pixel</coordinate>
			<type>rectangle</type>
			<description>None</description>
			<possibleresult>
				<name>Motorboat</name>
			</possibleresult>
			<points>
				<point>630.000000,559.000000</point>
				<point>615.000000,542.000000</point>
				<point>610.000000,545.000000</point>
				<point>627.000000,562.000000</point>
				<point>630.000000,559.000000</point>
			</points>
		</object>
		<object>
			<coordinate>pixel</coordinate>
			<type>rectangle</type>
			<description>None</description>
			<possibleresult>
				<name>Motorboat</name>
			</possibleresult>
			<points>
				<point>634.000000,554.000000</point>
				<point>621.000000,539.000000</point>
				<point>617.000000,544.000000</point>
				<point>631.000000,559.000000</point>
				<point>634.000000,554.000000</point>
			</points>
		</object>
		<object>
			<coordinate>pixel</coordinate>
			<type>rectangle</type>
			<description>None</description>
			<possibleresult>
				<name>Motorboat</name>
			</possibleresult>
			<points>
				<point>639.000000,552.000000</point>
				<point>625.000000,537.000000</point>
				<point>622.000000,540.000000</point>
				<point>635.000000,554.000000</point>
				<point>639.000000,552.000000</point>
			</points>
		</object>
		<object>
			<coordinate>pixel</coordinate>
			<type>rectangle</type>
			<description>None</description>
			<possibleresult>
				<name>Motorboat</name>
			</possibleresult>
			<points>
				<point>645.000000,550.000000</point>
				<point>631.000000,537.000000</point>
				<point>627.000000,539.000000</point>
				<point>641.000000,553.000000</point>
				<point>645.000000,550.000000</point>
			</points>
		</object>
		<object>
			<coordinate>pixel</coordinate>
			<type>rectangle</type>
			<description>None</description>
			<possibleresult>
				<name>Motorboat</name>
			</possibleresult>
			<points>
				<point>650.000000,512.000000</point>
				<point>667.000000,538.000000</point>
				<point>673.000000,535.000000</point>
				<point>654.000000,509.000000</point>
				<point>650.000000,512.000000</point>
			</points>
		</object>
		<object>
			<coordinate>pixel</coordinate>
			<type>rectangle</type>
			<description>None</description>
			<possibleresult>
				<name>Motorboat</name>
			</possibleresult>
			<points>
				<point>655.000000,510.000000</point>
				<point>671.000000,531.000000</point>
				<point>677.000000,528.000000</point>
				<point>663.000000,505.000000</point>
				<point>655.000000,510.000000</point>
			</points>
		</object>
		<object>
			<coordinate>pixel</coordinate>
			<type>rectangle</type>
			<description>None</description>
			<possibleresult>
				<name>Motorboat</name>
			</possibleresult>
			<points>
				<point>665.000000,507.000000</point>
				<point>677.000000,526.000000</point>
				<point>681.000000,522.000000</point>
				<point>670.000000,504.000000</point>
				<point>665.000000,507.000000</point>
			</points>
		</object>
		<object>
			<coordinate>pixel</coordinate>
			<type>rectangle</type>
			<description>None</description>
			<possibleresult>
				<name>Motorboat</name>
			</possibleresult>
			<points>
				<point>693.000000,517.000000</point>
				<point>682.000000,501.000000</point>
				<point>676.000000,504.000000</point>
				<point>686.000000,520.000000</point>
				<point>693.000000,517.000000</point>
			</points>
		</object>
		<object>
			<coordinate>pixel</coordinate>
			<type>rectangle</type>
			<description>None</description>
			<possibleresult>
				<name>Motorboat</name>
			</possibleresult>
			<points>
				<point>677.000000,534.000000</point>
				<point>698.000000,520.000000</point>
				<point>695.000000,515.000000</point>
				<point>675.000000,529.000000</point>
				<point>677.000000,534.000000</point>
			</points>
		</object>
		<object>
			<coordinate>pixel</coordinate>
			<type>rectangle</type>
			<description>None</description>
			<possibleresult>
				<name>Motorboat</name>
			</possibleresult>
			<points>
				<point>679.000000,539.000000</point>
				<point>700.000000,525.000000</point>
				<point>698.000000,520.000000</point>
				<point>676.000000,536.000000</point>
				<point>679.000000,539.000000</point>
			</points>
		</object>
		<object>
			<coordinate>pixel</coordinate>
			<type>rectangle</type>
			<description>None</description>
			<possibleresult>
				<name>Motorboat</name>
			</possibleresult>
			<points>
				<point>686.000000,543.000000</point>
				<point>704.000000,529.000000</point>
				<point>701.000000,526.000000</point>
				<point>683.000000,538.000000</point>
				<point>686.000000,543.000000</point>
			</points>
		</object>
		<object>
			<coordinate>pixel</coordinate>
			<type>rectangle</type>
			<description>None</description>
			<possibleresult>
				<name>Motorboat</name>
			</possibleresult>
			<points>
				<point>706.000000,498.000000</point>
				<point>725.000000,520.000000</point>
				<point>729.000000,515.000000</point>
				<point>710.000000,495.000000</point>
				<point>706.000000,498.000000</point>
			</points>
		</object>
		<object>
			<coordinate>pixel</coordinate>
			<type>rectangle</type>
			<description>None</description>
			<possibleresult>
				<name>Motorboat</name>
			</possibleresult>
			<points>
				<point>710.000000,495.000000</point>
				<point>729.000000,515.000000</point>
				<point>733.000000,512.000000</point>
				<point>715.000000,492.000000</point>
				<point>710.000000,495.000000</point>
			</points>
		</object>
		<object>
			<coordinate>pixel</coordinate>
			<type>rectangle</type>
			<description>None</description>
			<possibleresult>
				<name>Engineering Ship</name>
			</possibleresult>
			<points>
				<point>878.000000,506.000000</point>
				<point>918.000000,470.000000</point>
				<point>902.000000,454.000000</point>
				<point>865.000000,490.000000</point>
				<point>878.000000,506.000000</point>
			</points>
		</object>
		<object>
			<coordinate>pixel</coordinate>
			<type>rectangle</type>
			<description>None</description>
			<possibleresult>
				<name>Engineering Ship</name>
			</possibleresult>
			<points>
				<point>870.000000,484.000000</point>
				<point>904.000000,450.000000</point>
				<point>891.000000,436.000000</point>
				<point>856.000000,469.000000</point>
				<point>870.000000,484.000000</point>
			</points>
		</object>
		<object>
			<coordinate>pixel</coordinate>
			<type>rectangle</type>
			<description>None</description>
			<possibleresult>
				<name>Engineering Ship</name>
			</possibleresult>
			<points>
				<point>719.000000,706.000000</point>
				<point>755.000000,679.000000</point>
				<point>748.000000,667.000000</point>
				<point>709.000000,695.000000</point>
				<point>719.000000,706.000000</point>
			</points>
		</object>
		<object>
			<coordinate>pixel</coordinate>
			<type>rectangle</type>
			<description>None</description>
			<possibleresult>
				<name>Engineering Ship</name>
			</possibleresult>
			<points>
				<point>771.000000,677.000000</point>
				<point>830.000000,654.000000</point>
				<point>825.000000,639.000000</point>
				<point>766.000000,662.000000</point>
				<point>771.000000,677.000000</point>
			</points>
		</object>
		<object>
			<coordinate>pixel</coordinate>
			<type>rectangle</type>
			<description>None</description>
			<possibleresult>
				<name>other-ship</name>
			</possibleresult>
			<points>
				<point>789.000000,712.000000</point>
				<point>848.000000,680.000000</point>
				<point>839.000000,663.000000</point>
				<point>779.000000,695.000000</point>
				<point>789.000000,712.000000</point>
			</points>
		</object>
		<object>
			<coordinate>pixel</coordinate>
			<type>rectangle</type>
			<description>None</description>
			<possibleresult>
				<name>Engineering Ship</name>
			</possibleresult>
			<points>
				<point>821.000000,719.000000</point>
				<point>855.000000,700.000000</point>
				<point>846.000000,681.000000</point>
				<point>811.000000,700.000000</point>
				<point>821.000000,719.000000</point>
			</points>
		</object>
		<object>
			<coordinate>pixel</coordinate>
			<type>rectangle</type>
			<description>None</description>
			<possibleresult>
				<name>other-ship</name>
			</possibleresult>
			<points>
				<point>784.000000,750.000000</point>
				<point>823.000000,721.000000</point>
				<point>808.000000,703.000000</point>
				<point>771.000000,729.000000</point>
				<point>784.000000,750.000000</point>
			</points>
		</object>
		<object>
			<coordinate>pixel</coordinate>
			<type>rectangle</type>
			<description>None</description>
			<possibleresult>
				<name>Fishing Boat</name>
			</possibleresult>
			<points>
				<point>798.000000,647.000000</point>
				<point>826.000000,637.000000</point>
				<point>825.000000,631.000000</point>
				<point>796.000000,642.000000</point>
				<point>798.000000,647.000000</point>
			</points>
		</object>
		<object>
			<coordinate>pixel</coordinate>
			<type>rectangle</type>
			<description>None</description>
			<possibleresult>
				<name>Fishing Boat</name>
			</possibleresult>
			<points>
				<point>800.000000,676.000000</point>
				<point>748.000000,692.000000</point>
				<point>750.000000,700.000000</point>
				<point>801.000000,684.000000</point>
				<point>800.000000,676.000000</point>
			</points>
		</object>
		<object>
			<coordinate>pixel</coordinate>
			<type>rectangle</type>
			<description>None</description>
			<possibleresult>
				<name>Fishing Boat</name>
			</possibleresult>
			<points>
				<point>776.000000,693.000000</point>
				<point>743.000000,706.000000</point>
				<point>746.000000,713.000000</point>
				<point>779.000000,701.000000</point>
				<point>776.000000,693.000000</point>
			</points>
		</object>
		<object>
			<coordinate>pixel</coordinate>
			<type>rectangle</type>
			<description>None</description>
			<possibleresult>
				<name>Fishing Boat</name>
			</possibleresult>
			<points>
				<point>779.000000,701.000000</point>
				<point>729.000000,729.000000</point>
				<point>734.000000,737.000000</point>
				<point>784.000000,710.000000</point>
				<point>779.000000,701.000000</point>
			</points>
		</object>
		<object>
			<coordinate>pixel</coordinate>
			<type>rectangle</type>
			<description>None</description>
			<possibleresult>
				<name>Fishing Boat</name>
			</possibleresult>
			<points>
				<point>745.000000,739.000000</point>
				<point>766.000000,726.000000</point>
				<point>764.000000,722.000000</point>
				<point>743.000000,737.000000</point>
				<point>745.000000,739.000000</point>
			</points>
		</object>
		<object>
			<coordinate>pixel</coordinate>
			<type>rectangle</type>
			<description>None</description>
			<possibleresult>
				<name>Fishing Boat</name>
			</possibleresult>
			<points>
				<point>755.000000,740.000000</point>
				<point>771.000000,729.000000</point>
				<point>768.000000,726.000000</point>
				<point>752.000000,737.000000</point>
				<point>755.000000,740.000000</point>
			</points>
		</object>
		<object>
			<coordinate>pixel</coordinate>
			<type>rectangle</type>
			<description>None</description>
			<possibleresult>
				<name>Engineering Ship</name>
			</possibleresult>
			<points>
				<point>821.000000,725.000000</point>
				<point>785.000000,754.000000</point>
				<point>796.000000,767.000000</point>
				<point>831.000000,737.000000</point>
				<point>821.000000,725.000000</point>
			</points>
		</object>
		<object>
			<coordinate>pixel</coordinate>
			<type>rectangle</type>
			<description>None</description>
			<possibleresult>
				<name>Fishing Boat</name>
			</possibleresult>
			<points>
				<point>802.000000,762.000000</point>
				<point>797.000000,790.000000</point>
				<point>804.000000,792.000000</point>
				<point>810.000000,763.000000</point>
				<point>802.000000,762.000000</point>
			</points>
		</object>
		<object>
			<coordinate>pixel</coordinate>
			<type>rectangle</type>
			<description>None</description>
			<possibleresult>
				<name>Fishing Boat</name>
			</possibleresult>
			<points>
				<point>834.000000,747.000000</point>
				<point>863.000000,738.000000</point>
				<point>858.000000,728.000000</point>
				<point>831.000000,737.000000</point>
				<point>834.000000,747.000000</point>
			</points>
		</object>
		<object>
			<coordinate>pixel</coordinate>
			<type>rectangle</type>
			<description>None</description>
			<possibleresult>
				<name>Fishing Boat</name>
			</possibleresult>
			<points>
				<point>828.000000,763.000000</point>
				<point>875.000000,742.000000</point>
				<point>871.000000,734.000000</point>
				<point>825.000000,755.000000</point>
				<point>828.000000,763.000000</point>
			</points>
		</object>
		<object>
			<coordinate>pixel</coordinate>
			<type>rectangle</type>
			<description>None</description>
			<possibleresult>
				<name>Fishing Boat</name>
			</possibleresult>
			<points>
				<point>832.000000,771.000000</point>
				<point>877.000000,750.000000</point>
				<point>875.000000,744.000000</point>
				<point>829.000000,764.000000</point>
				<point>832.000000,771.000000</point>
			</points>
		</object>
		<object>
			<coordinate>pixel</coordinate>
			<type>rectangle</type>
			<description>None</description>
			<possibleresult>
				<name>Engineering Ship</name>
			</possibleresult>
			<points>
				<point>831.000000,795.000000</point>
				<point>889.000000,765.000000</point>
				<point>880.000000,750.000000</point>
				<point>824.000000,779.000000</point>
				<point>831.000000,795.000000</point>
			</points>
		</object>
		<object>
			<coordinate>pixel</coordinate>
			<type>rectangle</type>
			<description>None</description>
			<possibleresult>
				<name>Fishing Boat</name>
			</possibleresult>
			<points>
				<point>850.000000,798.000000</point>
				<point>879.000000,782.000000</point>
				<point>875.000000,773.000000</point>
				<point>846.000000,789.000000</point>
				<point>850.000000,798.000000</point>
			</points>
		</object>
		<object>
			<coordinate>pixel</coordinate>
			<type>rectangle</type>
			<description>None</description>
			<possibleresult>
				<name>Fishing Boat</name>
			</possibleresult>
			<points>
				<point>889.000000,778.000000</point>
				<point>853.000000,798.000000</point>
				<point>858.000000,805.000000</point>
				<point>894.000000,785.000000</point>
				<point>889.000000,778.000000</point>
			</points>
		</object>
		<object>
			<coordinate>pixel</coordinate>
			<type>rectangle</type>
			<description>None</description>
			<possibleresult>
				<name>Engineering Ship</name>
			</possibleresult>
			<points>
				<point>902.000000,779.000000</point>
				<point>866.000000,803.000000</point>
				<point>875.000000,819.000000</point>
				<point>913.000000,795.000000</point>
				<point>902.000000,779.000000</point>
			</points>
		</object>
		<object>
			<coordinate>pixel</coordinate>
			<type>rectangle</type>
			<description>None</description>
			<possibleresult>
				<name>Fishing Boat</name>
			</possibleresult>
			<points>
				<point>978.000000,885.000000</point>
				<point>994.000000,863.000000</point>
				<point>989.000000,861.000000</point>
				<point>975.000000,881.000000</point>
				<point>978.000000,885.000000</point>
			</points>
		</object>
		<object>
			<coordinate>pixel</coordinate>
			<type>rectangle</type>
			<description>None</description>
			<possibleresult>
				<name>Fishing Boat</name>
			</possibleresult>
			<points>
				<point>1000.000000,914.000000</point>
				<point>1018.000000,901.000000</point>
				<point>1011.000000,894.000000</point>
				<point>995.000000,907.000000</point>
				<point>1000.000000,914.000000</point>
			</points>
		</object>
		<object>
			<coordinate>pixel</coordinate>
			<type>rectangle</type>
			<description>None</description>
			<possibleresult>
				<name>Fishing Boat</name>
			</possibleresult>
			<points>
				<point>857.000000,960.000000</point>
				<point>854.000000,936.000000</point>
				<point>848.000000,937.000000</point>
				<point>851.000000,961.000000</point>
				<point>857.000000,960.000000</point>
			</points>
		</object>
		<object>
			<coordinate>pixel</coordinate>
			<type>rectangle</type>
			<description>None</description>
			<possibleresult>
				<name>Fishing Boat</name>
			</possibleresult>
			<points>
				<point>850.000000,957.000000</point>
				<point>848.000000,937.000000</point>
				<point>842.000000,938.000000</point>
				<point>845.000000,959.000000</point>
				<point>850.000000,957.000000</point>
			</points>
		</object>
		<object>
			<coordinate>pixel</coordinate>
			<type>rectangle</type>
			<description>None</description>
			<possibleresult>
				<name>Fishing Boat</name>
			</possibleresult>
			<points>
				<point>845.000000,962.000000</point>
				<point>841.000000,936.000000</point>
				<point>835.000000,937.000000</point>
				<point>840.000000,962.000000</point>
				<point>845.000000,962.000000</point>
			</points>
		</object>
		<object>
			<coordinate>pixel</coordinate>
			<type>rectangle</type>
			<description>None</description>
			<possibleresult>
				<name>Fishing Boat</name>
			</possibleresult>
			<points>
				<point>839.000000,961.000000</point>
				<point>835.000000,942.000000</point>
				<point>830.000000,943.000000</point>
				<point>833.000000,962.000000</point>
				<point>839.000000,961.000000</point>
			</points>
		</object>
		<object>
			<coordinate>pixel</coordinate>
			<type>rectangle</type>
			<description>None</description>
			<possibleresult>
				<name>Fishing Boat</name>
			</possibleresult>
			<points>
				<point>835.000000,965.000000</point>
				<point>829.000000,942.000000</point>
				<point>825.000000,944.000000</point>
				<point>830.000000,967.000000</point>
				<point>835.000000,965.000000</point>
			</points>
		</object>
		<object>
			<coordinate>pixel</coordinate>
			<type>rectangle</type>
			<description>None</description>
			<possibleresult>
				<name>Fishing Boat</name>
			</possibleresult>
			<points>
				<point>831.000000,970.000000</point>
				<point>823.000000,945.000000</point>
				<point>817.000000,947.000000</point>
				<point>825.000000,972.000000</point>
				<point>831.000000,970.000000</point>
			</points>
		</object>
		<object>
			<coordinate>pixel</coordinate>
			<type>rectangle</type>
			<description>None</description>
			<possibleresult>
				<name>Fishing Boat</name>
			</possibleresult>
			<points>
				<point>825.000000,971.000000</point>
				<point>816.000000,947.000000</point>
				<point>809.000000,951.000000</point>
				<point>819.000000,975.000000</point>
				<point>825.000000,971.000000</point>
			</points>
		</object>
		<object>
			<coordinate>pixel</coordinate>
			<type>rectangle</type>
			<description>None</description>
			<possibleresult>
				<name>Fishing Boat</name>
			</possibleresult>
			<points>
				<point>811.000000,970.000000</point>
				<point>800.000000,951.000000</point>
				<point>795.000000,954.000000</point>
				<point>805.000000,973.000000</point>
				<point>811.000000,970.000000</point>
			</points>
		</object>
		<object>
			<coordinate>pixel</coordinate>
			<type>rectangle</type>
			<description>None</description>
			<possibleresult>
				<name>Fishing Boat</name>
			</possibleresult>
			<points>
				<point>817.000000,969.000000</point>
				<point>808.000000,954.000000</point>
				<point>803.000000,955.000000</point>
				<point>811.000000,971.000000</point>
				<point>817.000000,969.000000</point>
			</points>
		</object>
		<object>
			<coordinate>pixel</coordinate>
			<type>rectangle</type>
			<description>None</description>
			<possibleresult>
				<name>Fishing Boat</name>
			</possibleresult>
			<points>
				<point>766.000000,904.000000</point>
				<point>786.000000,886.000000</point>
				<point>783.000000,881.000000</point>
				<point>763.000000,900.000000</point>
				<point>766.000000,904.000000</point>
			</points>
		</object>
		<object>
			<coordinate>pixel</coordinate>
			<type>rectangle</type>
			<description>None</description>
			<possibleresult>
				<name>Fishing Boat</name>
			</possibleresult>
			<points>
				<point>769.000000,910.000000</point>
				<point>789.000000,893.000000</point>
				<point>785.000000,888.000000</point>
				<point>766.000000,905.000000</point>
				<point>769.000000,910.000000</point>
			</points>
		</object>
		<object>
			<coordinate>pixel</coordinate>
			<type>rectangle</type>
			<description>None</description>
			<possibleresult>
				<name>Fishing Boat</name>
			</possibleresult>
			<points>
				<point>771.000000,914.000000</point>
				<point>793.000000,897.000000</point>
				<point>790.000000,894.000000</point>
				<point>768.000000,911.000000</point>
				<point>771.000000,914.000000</point>
			</points>
		</object>
		<object>
			<coordinate>pixel</coordinate>
			<type>rectangle</type>
			<description>None</description>
			<possibleresult>
				<name>Fishing Boat</name>
			</possibleresult>
			<points>
				<point>775.000000,920.000000</point>
				<point>799.000000,904.000000</point>
				<point>795.000000,898.000000</point>
				<point>772.000000,915.000000</point>
				<point>775.000000,920.000000</point>
			</points>
		</object>
		<object>
			<coordinate>pixel</coordinate>
			<type>rectangle</type>
			<description>None</description>
			<possibleresult>
				<name>Fishing Boat</name>
			</possibleresult>
			<points>
				<point>778.000000,928.000000</point>
				<point>800.000000,911.000000</point>
				<point>797.000000,905.000000</point>
				<point>775.000000,921.000000</point>
				<point>778.000000,928.000000</point>
			</points>
		</object>
		<object>
			<coordinate>pixel</coordinate>
			<type>rectangle</type>
			<description>None</description>
			<possibleresult>
				<name>Fishing Boat</name>
			</possibleresult>
			<points>
				<point>781.000000,931.000000</point>
				<point>806.000000,913.000000</point>
				<point>803.000000,910.000000</point>
				<point>778.000000,928.000000</point>
				<point>781.000000,931.000000</point>
			</points>
		</object>
		<object>
			<coordinate>pixel</coordinate>
			<type>rectangle</type>
			<description>None</description>
			<possibleresult>
				<name>Fishing Boat</name>
			</possibleresult>
			<points>
				<point>785.000000,936.000000</point>
				<point>805.000000,923.000000</point>
				<point>803.000000,920.000000</point>
				<point>782.000000,931.000000</point>
				<point>785.000000,936.000000</point>
			</points>
		</object>
		<object>
			<coordinate>pixel</coordinate>
			<type>rectangle</type>
			<description>None</description>
			<possibleresult>
				<name>Fishing Boat</name>
			</possibleresult>
			<points>
				<point>789.000000,942.000000</point>
				<point>809.000000,930.000000</point>
				<point>806.000000,926.000000</point>
				<point>785.000000,937.000000</point>
				<point>789.000000,942.000000</point>
			</points>
		</object>
		<object>
			<coordinate>pixel</coordinate>
			<type>rectangle</type>
			<description>None</description>
			<possibleresult>
				<name>Fishing Boat</name>
			</possibleresult>
			<points>
				<point>793.000000,946.000000</point>
				<point>817.000000,934.000000</point>
				<point>814.000000,929.000000</point>
				<point>790.000000,943.000000</point>
				<point>793.000000,946.000000</point>
			</points>
		</object>
		<object>
			<coordinate>pixel</coordinate>
			<type>rectangle</type>
			<description>None</description>
			<possibleresult>
				<name>Fishing Boat</name>
			</possibleresult>
			<points>
				<point>771.000000,954.000000</point>
				<point>749.000000,970.000000</point>
				<point>750.000000,975.000000</point>
				<point>774.000000,959.000000</point>
				<point>771.000000,954.000000</point>
			</points>
		</object>
		<object>
			<coordinate>pixel</coordinate>
			<type>rectangle</type>
			<description>None</description>
			<possibleresult>
				<name>Fishing Boat</name>
			</possibleresult>
			<points>
				<point>775.000000,959.000000</point>
				<point>750.000000,977.000000</point>
				<point>752.000000,980.000000</point>
				<point>777.000000,963.000000</point>
				<point>775.000000,959.000000</point>
			</points>
		</object>
		<object>
			<coordinate>pixel</coordinate>
			<type>rectangle</type>
			<description>None</description>
			<possibleresult>
				<name>Fishing Boat</name>
			</possibleresult>
			<points>
				<point>777.000000,964.000000</point>
				<point>758.000000,979.000000</point>
				<point>763.000000,984.000000</point>
				<point>780.000000,969.000000</point>
				<point>777.000000,964.000000</point>
			</points>
		</object>
		<object>
			<coordinate>pixel</coordinate>
			<type>rectangle</type>
			<description>None</description>
			<possibleresult>
				<name>Fishing Boat</name>
			</possibleresult>
			<points>
				<point>780.000000,970.000000</point>
				<point>768.000000,987.000000</point>
				<point>771.000000,989.000000</point>
				<point>783.000000,971.000000</point>
				<point>780.000000,970.000000</point>
			</points>
		</object>
		<object>
			<coordinate>pixel</coordinate>
			<type>rectangle</type>
			<description>None</description>
			<possibleresult>
				<name>Fishing Boat</name>
			</possibleresult>
			<points>
				<point>783.000000,973.000000</point>
				<point>770.000000,995.000000</point>
				<point>774.000000,997.000000</point>
				<point>788.000000,976.000000</point>
				<point>783.000000,973.000000</point>
			</points>
		</object>
		<object>
			<coordinate>pixel</coordinate>
			<type>rectangle</type>
			<description>None</description>
			<possibleresult>
				<name>Fishing Boat</name>
			</possibleresult>
			<points>
				<point>786.000000,979.000000</point>
				<point>774.000000,1001.000000</point>
				<point>778.000000,1004.000000</point>
				<point>792.000000,982.000000</point>
				<point>786.000000,979.000000</point>
			</points>
		</object>
		<object>
			<coordinate>pixel</coordinate>
			<type>rectangle</type>
			<description>None</description>
			<possibleresult>
				<name>Fishing Boat</name>
			</possibleresult>
			<points>
				<point>808.000000,1005.000000</point>
				<point>796.000000,987.000000</point>
				<point>792.000000,989.000000</point>
				<point>804.000000,1009.000000</point>
				<point>808.000000,1005.000000</point>
			</points>
		</object>
		<object>
			<coordinate>pixel</coordinate>
			<type>rectangle</type>
			<description>None</description>
			<possibleresult>
				<name>Fishing Boat</name>
			</possibleresult>
			<points>
				<point>804.000000,1010.000000</point>
				<point>791.000000,989.000000</point>
				<point>786.000000,993.000000</point>
				<point>800.000000,1012.000000</point>
				<point>804.000000,1010.000000</point>
			</points>
		</object>
		<object>
			<coordinate>pixel</coordinate>
			<type>rectangle</type>
			<description>None</description>
			<possibleresult>
				<name>Fishing Boat</name>
			</possibleresult>
			<points>
				<point>726.000000,953.000000</point>
				<point>699.000000,969.000000</point>
				<point>702.000000,976.000000</point>
				<point>730.000000,960.000000</point>
				<point>726.000000,953.000000</point>
			</points>
		</object>
		<object>
			<coordinate>pixel</coordinate>
			<type>rectangle</type>
			<description>None</description>
			<possibleresult>
				<name>Fishing Boat</name>
			</possibleresult>
			<points>
				<point>730.000000,962.000000</point>
				<point>701.000000,979.000000</point>
				<point>704.000000,984.000000</point>
				<point>733.000000,968.000000</point>
				<point>730.000000,962.000000</point>
			</points>
		</object>
		<object>
			<coordinate>pixel</coordinate>
			<type>rectangle</type>
			<description>None</description>
			<possibleresult>
				<name>Fishing Boat</name>
			</possibleresult>
			<points>
				<point>705.000000,994.000000</point>
				<point>734.000000,977.000000</point>
				<point>730.000000,970.000000</point>
				<point>701.000000,987.000000</point>
				<point>705.000000,994.000000</point>
			</points>
		</object>
		<object>
			<coordinate>pixel</coordinate>
			<type>rectangle</type>
			<description>None</description>
			<possibleresult>
				<name>Fishing Boat</name>
			</possibleresult>
			<points>
				<point>750.000000,1004.000000</point>
				<point>740.000000,981.000000</point>
				<point>735.000000,984.000000</point>
				<point>747.000000,1005.000000</point>
				<point>750.000000,1004.000000</point>
			</points>
		</object>
		<object>
			<coordinate>pixel</coordinate>
			<type>rectangle</type>
			<description>None</description>
			<possibleresult>
				<name>Fishing Boat</name>
			</possibleresult>
			<points>
				<point>720.000000,1042.000000</point>
				<point>708.000000,1025.000000</point>
				<point>704.000000,1028.000000</point>
				<point>716.000000,1045.000000</point>
				<point>720.000000,1042.000000</point>
			</points>
		</object>
		<object>
			<coordinate>pixel</coordinate>
			<type>rectangle</type>
			<description>None</description>
			<possibleresult>
				<name>Fishing Boat</name>
			</possibleresult>
			<points>
				<point>710.000000,1015.000000</point>
				<point>700.000000,994.000000</point>
				<point>693.000000,996.000000</point>
				<point>704.000000,1019.000000</point>
				<point>710.000000,1015.000000</point>
			</points>
		</object>
		<object>
			<coordinate>pixel</coordinate>
			<type>rectangle</type>
			<description>None</description>
			<possibleresult>
				<name>Fishing Boat</name>
			</possibleresult>
			<points>
				<point>725.000000,1037.000000</point>
				<point>714.000000,1020.000000</point>
				<point>709.000000,1022.000000</point>
				<point>722.000000,1039.000000</point>
				<point>725.000000,1037.000000</point>
			</points>
		</object>
		<object>
			<coordinate>pixel</coordinate>
			<type>rectangle</type>
			<description>None</description>
			<possibleresult>
				<name>Fishing Boat</name>
			</possibleresult>
			<points>
				<point>729.000000,1036.000000</point>
				<point>721.000000,1020.000000</point>
				<point>718.000000,1020.000000</point>
				<point>726.000000,1037.000000</point>
				<point>729.000000,1036.000000</point>
			</points>
		</object>
		<object>
			<coordinate>pixel</coordinate>
			<type>rectangle</type>
			<description>None</description>
			<possibleresult>
				<name>Fishing Boat</name>
			</possibleresult>
			<points>
				<point>735.000000,1035.000000</point>
				<point>727.000000,1019.000000</point>
				<point>723.000000,1020.000000</point>
				<point>730.000000,1037.000000</point>
				<point>735.000000,1035.000000</point>
			</points>
		</object>
		<object>
			<coordinate>pixel</coordinate>
			<type>rectangle</type>
			<description>None</description>
			<possibleresult>
				<name>Fishing Boat</name>
			</possibleresult>
			<points>
				<point>741.000000,1034.000000</point>
				<point>732.000000,1014.000000</point>
				<point>727.000000,1017.000000</point>
				<point>735.000000,1036.000000</point>
				<point>741.000000,1034.000000</point>
			</points>
		</object>
		<object>
			<coordinate>pixel</coordinate>
			<type>rectangle</type>
			<description>None</description>
			<possibleresult>
				<name>Fishing Boat</name>
			</possibleresult>
			<points>
				<point>731.000000,1067.000000</point>
				<point>717.000000,1045.000000</point>
				<point>710.000000,1048.000000</point>
				<point>726.000000,1070.000000</point>
				<point>731.000000,1067.000000</point>
			</points>
		</object>
		<object>
			<coordinate>pixel</coordinate>
			<type>rectangle</type>
			<description>None</description>
			<possibleresult>
				<name>Fishing Boat</name>
			</possibleresult>
			<points>
				<point>738.000000,1063.000000</point>
				<point>723.000000,1043.000000</point>
				<point>718.000000,1045.000000</point>
				<point>732.000000,1068.000000</point>
				<point>738.000000,1063.000000</point>
			</points>
		</object>
		<object>
			<coordinate>pixel</coordinate>
			<type>rectangle</type>
			<description>None</description>
			<possibleresult>
				<name>Fishing Boat</name>
			</possibleresult>
			<points>
				<point>742.000000,1061.000000</point>
				<point>726.000000,1039.000000</point>
				<point>723.000000,1043.000000</point>
				<point>738.000000,1062.000000</point>
				<point>742.000000,1061.000000</point>
			</points>
		</object>
		<object>
			<coordinate>pixel</coordinate>
			<type>rectangle</type>
			<description>None</description>
			<possibleresult>
				<name>Fishing Boat</name>
			</possibleresult>
			<points>
				<point>754.000000,1048.000000</point>
				<point>748.000000,1031.000000</point>
				<point>741.000000,1035.000000</point>
				<point>748.000000,1052.000000</point>
				<point>754.000000,1048.000000</point>
			</points>
		</object>
		<object>
			<coordinate>pixel</coordinate>
			<type>rectangle</type>
			<description>None</description>
			<possibleresult>
				<name>Fishing Boat</name>
			</possibleresult>
			<points>
				<point>702.000000,1020.000000</point>
				<point>692.000000,997.000000</point>
				<point>685.000000,1001.000000</point>
				<point>698.000000,1022.000000</point>
				<point>702.000000,1020.000000</point>
			</points>
		</object>
		<object>
			<coordinate>pixel</coordinate>
			<type>rectangle</type>
			<description>None</description>
			<possibleresult>
				<name>Fishing Boat</name>
			</possibleresult>
			<points>
				<point>668.000000,1021.000000</point>
				<point>645.000000,994.000000</point>
				<point>638.000000,998.000000</point>
				<point>660.000000,1027.000000</point>
				<point>668.000000,1021.000000</point>
			</points>
		</object>
		<object>
			<coordinate>pixel</coordinate>
			<type>rectangle</type>
			<description>None</description>
			<possibleresult>
				<name>Fishing Boat</name>
			</possibleresult>
			<points>
				<point>664.000000,1029.000000</point>
				<point>680.000000,1046.000000</point>
				<point>686.000000,1040.000000</point>
				<point>670.000000,1023.000000</point>
				<point>664.000000,1029.000000</point>
			</points>
		</object>
		<object>
			<coordinate>pixel</coordinate>
			<type>rectangle</type>
			<description>None</description>
			<possibleresult>
				<name>Fishing Boat</name>
			</possibleresult>
			<points>
				<point>678.000000,1045.000000</point>
				<point>656.000000,1032.000000</point>
				<point>653.000000,1038.000000</point>
				<point>675.000000,1051.000000</point>
				<point>678.000000,1045.000000</point>
			</points>
		</object>
		<object>
			<coordinate>pixel</coordinate>
			<type>rectangle</type>
			<description>None</description>
			<possibleresult>
				<name>Passenger Ship</name>
			</possibleresult>
			<points>
				<point>690.000000,1079.000000</point>
				<point>675.000000,1060.000000</point>
				<point>666.000000,1068.000000</point>
				<point>679.000000,1087.000000</point>
				<point>690.000000,1079.000000</point>
			</points>
		</object>
		<object>
			<coordinate>pixel</coordinate>
			<type>rectangle</type>
			<description>None</description>
			<possibleresult>
				<name>other-ship</name>
			</possibleresult>
			<points>
				<point>638.000000,1113.000000</point>
				<point>618.000000,1080.000000</point>
				<point>603.000000,1088.000000</point>
				<point>624.000000,1122.000000</point>
				<point>638.000000,1113.000000</point>
			</points>
		</object>
		<object>
			<coordinate>pixel</coordinate>
			<type>rectangle</type>
			<description>None</description>
			<possibleresult>
				<name>Passenger Ship</name>
			</possibleresult>
			<points>
				<point>535.000000,1164.000000</point>
				<point>506.000000,1120.000000</point>
				<point>493.000000,1128.000000</point>
				<point>523.000000,1173.000000</point>
				<point>535.000000,1164.000000</point>
			</points>
		</object>
		<object>
			<coordinate>pixel</coordinate>
			<type>rectangle</type>
			<description>None</description>
			<possibleresult>
				<name>Passenger Ship</name>
			</possibleresult>
			<points>
				<point>468.000000,1120.000000</point>
				<point>445.000000,1084.000000</point>
				<point>434.000000,1090.000000</point>
				<point>457.000000,1127.000000</point>
				<point>468.000000,1120.000000</point>
			</points>
		</object>
		<object>
			<coordinate>pixel</coordinate>
			<type>rectangle</type>
			<description>None</description>
			<possibleresult>
				<name>Passenger Ship</name>
			</possibleresult>
			<points>
				<point>506.000000,1184.000000</point>
				<point>484.000000,1147.000000</point>
				<point>473.000000,1154.000000</point>
				<point>496.000000,1190.000000</point>
				<point>506.000000,1184.000000</point>
			</points>
		</object>
		<object>
			<coordinate>pixel</coordinate>
			<type>rectangle</type>
			<description>None</description>
			<possibleresult>
				<name>Dry Cargo Ship</name>
			</possibleresult>
			<points>
				<point>236.000000,1119.000000</point>
				<point>381.000000,1206.000000</point>
				<point>397.000000,1181.000000</point>
				<point>251.000000,1094.000000</point>
				<point>236.000000,1119.000000</point>
			</points>
		</object>
		<object>
			<coordinate>pixel</coordinate>
			<type>rectangle</type>
			<description>None</description>
			<possibleresult>
				<name>Dry Cargo Ship</name>
			</possibleresult>
			<points>
				<point>28.000000,1055.000000</point>
				<point>182.000000,1150.000000</point>
				<point>200.000000,1122.000000</point>
				<point>45.000000,1029.000000</point>
				<point>28.000000,1055.000000</point>
			</points>
		</object>
		<object>
			<coordinate>pixel</coordinate>
			<type>rectangle</type>
			<description>None</description>
			<possibleresult>
				<name>Roundabout</name>
			</possibleresult>
			<points>
				<point>851.000000,249.000000</point>
				<point>849.000000,217.000000</point>
				<point>817.000000,218.000000</point>
				<point>819.000000,249.000000</point>
				<point>851.000000,249.000000</point>
			</points>
		</object>
		<object>
			<coordinate>pixel</coordinate>
			<type>rectangle</type>
			<description>None</description>
			<possibleresult>
				<name>Dry Cargo Ship</name>
			</possibleresult>
			<points>
				<point>-23.000000,1228.000000</point>
				<point>74.000000,1355.000000</point>
				<point>103.000000,1332.000000</point>
				<point>5.000000,1205.000000</point>
				<point>-23.000000,1228.000000</point>
			</points>
		</object>
		<object>
			<coordinate>pixel</coordinate>
			<type>rectangle</type>
			<description>None</description>
			<possibleresult>
				<name>Intersection</name>
			</possibleresult>
			<points>
				<point>522.000000,1363.000000</point>
				<point>495.000000,1340.000000</point>
				<point>453.000000,1389.000000</point>
				<point>480.000000,1412.000000</point>
				<point>522.000000,1363.000000</point>
			</points>
		</object>
		<object>
			<coordinate>pixel</coordinate>
			<type>rectangle</type>
			<description>None</description>
			<possibleresult>
				<name>Intersection</name>
			</possibleresult>
			<points>
				<point>1269.000000,1322.000000</point>
				<point>1291.000000,1276.000000</point>
				<point>1244.000000,1254.000000</point>
				<point>1222.000000,1299.000000</point>
				<point>1269.000000,1322.000000</point>
			</points>
		</object>
		<object>
			<coordinate>pixel</coordinate>
			<type>rectangle</type>
			<description>None</description>
			<possibleresult>
				<name>Intersection</name>
			</possibleresult>
			<points>
				<point>1458.000000,980.000000</point>
				<point>1480.000000,935.000000</point>
				<point>1432.000000,912.000000</point>
				<point>1411.000000,957.000000</point>
				<point>1458.000000,980.000000</point>
			</points>
		</object>
		<object>
			<coordinate>pixel</coordinate>
			<type>rectangle</type>
			<description>None</description>
			<possibleresult>
				<name>Intersection</name>
			</possibleresult>
			<points>
				<point>1241.000000,886.000000</point>
				<point>1296.000000,836.000000</point>
				<point>1258.000000,794.000000</point>
				<point>1203.000000,844.000000</point>
				<point>1241.000000,886.000000</point>
			</points>
		</object>
		<object>
			<coordinate>pixel</coordinate>
			<type>rectangle</type>
			<description>None</description>
			<possibleresult>
				<name>Intersection</name>
			</possibleresult>
			<points>
				<point>1395.000000,1088.000000</point>
				<point>1403.000000,1071.000000</point>
				<point>1360.000000,1050.000000</point>
				<point>1352.000000,1067.000000</point>
				<point>1395.000000,1088.000000</point>
			</points>
		</object>
		<object>
			<coordinate>pixel</coordinate>
			<type>rectangle</type>
			<description>None</description>
			<possibleresult>
				<name>Intersection</name>
			</possibleresult>
			<points>
				<point>1338.000000,1196.000000</point>
				<point>1346.000000,1180.000000</point>
				<point>1303.000000,1159.000000</point>
				<point>1295.000000,1175.000000</point>
				<point>1338.000000,1196.000000</point>
			</points>
		</object>
	</objects>
</annotation>