<?xml version="1.0" encoding="utf-8"?>
<annotation>
	<source>
		<filename>105.tif</filename>
		<origin>GF2/GF3</origin>
	</source>
	<research>
		<version>1.0</version>
		<provider>FAIR1M</provider>
		<author>Cyber</author>
		<pluginname>FAIR1M</pluginname>
		<pluginclass>object detection</pluginclass>
		<time>2021-07-21</time>
	</research>
	<size>
		<width>1000</width>
		<height>1000</height>
		<depth>3</depth>
	</size>
	<objects>
		<object>
			<coordinate>pixel</coordinate>
			<type>rectangle</type>
			<description>None</description>
			<possibleresult>
				<name>Small Car</name>
			</possibleresult>
			<points>
				<point>990.000000,992.000000</point>
				<point>988.000000,985.000000</point>
				<point>1000.000000,982.000000</point>
				<point>1001.000000,989.000000</point>
				<point>990.000000,992.000000</point>
			</points>
		</object>
		<object>
			<coordinate>pixel</coordinate>
			<type>rectangle</type>
			<description>None</description>
			<possibleresult>
				<name>Small Car</name>
			</possibleresult>
			<points>
				<point>985.000000,992.000000</point>
				<point>964.000000,996.000000</point>
				<point>963.000000,989.000000</point>
				<point>983.000000,984.000000</point>
				<point>985.000000,992.000000</point>
			</points>
		</object>
		<object>
			<coordinate>pixel</coordinate>
			<type>rectangle</type>
			<description>None</description>
			<possibleresult>
				<name>Small Car</name>
			</possibleresult>
			<points>
				<point>908.000000,1000.000000</point>
				<point>908.000000,1000.000000</point>
				<point>908.000000,1000.000000</point>
				<point>908.000000,1000.000000</point>
				<point>908.000000,1000.000000</point>
			</points>
		</object>
		<object>
			<coordinate>pixel</coordinate>
			<type>rectangle</type>
			<description>None</description>
			<possibleresult>
				<name>Small Car</name>
			</possibleresult>
			<points>
				<point>915.000000,968.000000</point>
				<point>909.000000,971.000000</point>
				<point>902.000000,957.000000</point>
				<point>908.000000,954.000000</point>
				<point>915.000000,968.000000</point>
			</points>
		</object>
		<object>
			<coordinate>pixel</coordinate>
			<type>rectangle</type>
			<description>None</description>
			<possibleresult>
				<name>Van</name>
			</possibleresult>
			<points>
				<point>913.000000,544.000000</point>
				<point>892.000000,547.000000</point>
				<point>892.000000,541.000000</point>
				<point>912.000000,537.000000</point>
				<point>913.000000,544.000000</point>
			</points>
		</object>
		<object>
			<coordinate>pixel</coordinate>
			<type>rectangle</type>
			<description>None</description>
			<possibleresult>
				<name>Small Car</name>
			</possibleresult>
			<points>
				<point>916.000000,550.000000</point>
				<point>897.000000,556.000000</point>
				<point>895.000000,549.000000</point>
				<point>914.000000,543.000000</point>
				<point>916.000000,550.000000</point>
			</points>
		</object>
		<object>
			<coordinate>pixel</coordinate>
			<type>rectangle</type>
			<description>None</description>
			<possibleresult>
				<name>Small Car</name>
			</possibleresult>
			<points>
				<point>918.000000,572.000000</point>
				<point>895.000000,575.000000</point>
				<point>894.000000,567.000000</point>
				<point>918.000000,565.000000</point>
				<point>918.000000,572.000000</point>
			</points>
		</object>
		<object>
			<coordinate>pixel</coordinate>
			<type>rectangle</type>
			<description>None</description>
			<possibleresult>
				<name>Small Car</name>
			</possibleresult>
			<points>
				<point>924.000000,589.000000</point>
				<point>901.000000,593.000000</point>
				<point>900.000000,585.000000</point>
				<point>924.000000,582.000000</point>
				<point>924.000000,589.000000</point>
			</points>
		</object>
		<object>
			<coordinate>pixel</coordinate>
			<type>rectangle</type>
			<description>None</description>
			<possibleresult>
				<name>Van</name>
			</possibleresult>
			<points>
				<point>849.000000,574.000000</point>
				<point>832.000000,581.000000</point>
				<point>829.000000,575.000000</point>
				<point>847.000000,569.000000</point>
				<point>849.000000,574.000000</point>
			</points>
		</object>
		<object>
			<coordinate>pixel</coordinate>
			<type>rectangle</type>
			<description>None</description>
			<possibleresult>
				<name>Small Car</name>
			</possibleresult>
			<points>
				<point>862.000000,592.000000</point>
				<point>839.000000,597.000000</point>
				<point>838.000000,590.000000</point>
				<point>860.000000,584.000000</point>
				<point>862.000000,592.000000</point>
			</points>
		</object>
		<object>
			<coordinate>pixel</coordinate>
			<type>rectangle</type>
			<description>None</description>
			<possibleresult>
				<name>Van</name>
			</possibleresult>
			<points>
				<point>865.000000,599.000000</point>
				<point>844.000000,605.000000</point>
				<point>842.000000,598.000000</point>
				<point>863.000000,592.000000</point>
				<point>865.000000,599.000000</point>
			</points>
		</object>
		<object>
			<coordinate>pixel</coordinate>
			<type>rectangle</type>
			<description>None</description>
			<possibleresult>
				<name>Small Car</name>
			</possibleresult>
			<points>
				<point>857.000000,650.000000</point>
				<point>836.000000,656.000000</point>
				<point>835.000000,651.000000</point>
				<point>856.000000,645.000000</point>
				<point>857.000000,650.000000</point>
			</points>
		</object>
		<object>
			<coordinate>pixel</coordinate>
			<type>rectangle</type>
			<description>None</description>
			<possibleresult>
				<name>Small Car</name>
			</possibleresult>
			<points>
				<point>949.000000,627.000000</point>
				<point>930.000000,632.000000</point>
				<point>928.000000,626.000000</point>
				<point>948.000000,622.000000</point>
				<point>949.000000,627.000000</point>
			</points>
		</object>
		<object>
			<coordinate>pixel</coordinate>
			<type>rectangle</type>
			<description>None</description>
			<possibleresult>
				<name>Van</name>
			</possibleresult>
			<points>
				<point>973.000000,626.000000</point>
				<point>953.000000,629.000000</point>
				<point>951.000000,622.000000</point>
				<point>971.000000,619.000000</point>
				<point>973.000000,626.000000</point>
			</points>
		</object>
		<object>
			<coordinate>pixel</coordinate>
			<type>rectangle</type>
			<description>None</description>
			<possibleresult>
				<name>Small Car</name>
			</possibleresult>
			<points>
				<point>999.000000,623.000000</point>
				<point>980.000000,624.000000</point>
				<point>979.000000,618.000000</point>
				<point>999.000000,616.000000</point>
				<point>999.000000,623.000000</point>
			</points>
		</object>
		<object>
			<coordinate>pixel</coordinate>
			<type>rectangle</type>
			<description>None</description>
			<possibleresult>
				<name>Small Car</name>
			</possibleresult>
			<points>
				<point>994.000000,666.000000</point>
				<point>987.000000,666.000000</point>
				<point>985.000000,649.000000</point>
				<point>992.000000,649.000000</point>
				<point>994.000000,666.000000</point>
			</points>
		</object>
		<object>
			<coordinate>pixel</coordinate>
			<type>rectangle</type>
			<description>None</description>
			<possibleresult>
				<name>Small Car</name>
			</possibleresult>
			<points>
				<point>997.000000,769.000000</point>
				<point>972.000000,770.000000</point>
				<point>972.000000,764.000000</point>
				<point>996.000000,762.000000</point>
				<point>997.000000,769.000000</point>
			</points>
		</object>
		<object>
			<coordinate>pixel</coordinate>
			<type>rectangle</type>
			<description>None</description>
			<possibleresult>
				<name>Small Car</name>
			</possibleresult>
			<points>
				<point>995.000000,760.000000</point>
				<point>971.000000,762.000000</point>
				<point>971.000000,755.000000</point>
				<point>994.000000,752.000000</point>
				<point>995.000000,760.000000</point>
			</points>
		</object>
		<object>
			<coordinate>pixel</coordinate>
			<type>rectangle</type>
			<description>None</description>
			<possibleresult>
				<name>Small Car</name>
			</possibleresult>
			<points>
				<point>903.000000,744.000000</point>
				<point>883.000000,750.000000</point>
				<point>881.000000,744.000000</point>
				<point>902.000000,739.000000</point>
				<point>903.000000,744.000000</point>
			</points>
		</object>
		<object>
			<coordinate>pixel</coordinate>
			<type>rectangle</type>
			<description>None</description>
			<possibleresult>
				<name>Small Car</name>
			</possibleresult>
			<points>
				<point>898.000000,736.000000</point>
				<point>879.000000,743.000000</point>
				<point>877.000000,736.000000</point>
				<point>897.000000,730.000000</point>
				<point>898.000000,736.000000</point>
			</points>
		</object>
		<object>
			<coordinate>pixel</coordinate>
			<type>rectangle</type>
			<description>None</description>
			<possibleresult>
				<name>Van</name>
			</possibleresult>
			<points>
				<point>866.000000,807.000000</point>
				<point>848.000000,814.000000</point>
				<point>845.000000,807.000000</point>
				<point>864.000000,801.000000</point>
				<point>866.000000,807.000000</point>
			</points>
		</object>
		<object>
			<coordinate>pixel</coordinate>
			<type>rectangle</type>
			<description>None</description>
			<possibleresult>
				<name>Small Car</name>
			</possibleresult>
			<points>
				<point>776.000000,803.000000</point>
				<point>770.000000,806.000000</point>
				<point>762.000000,792.000000</point>
				<point>768.000000,789.000000</point>
				<point>776.000000,803.000000</point>
			</points>
		</object>
		<object>
			<coordinate>pixel</coordinate>
			<type>rectangle</type>
			<description>None</description>
			<possibleresult>
				<name>Small Car</name>
			</possibleresult>
			<points>
				<point>789.000000,797.000000</point>
				<point>783.000000,801.000000</point>
				<point>774.000000,788.000000</point>
				<point>779.000000,783.000000</point>
				<point>789.000000,797.000000</point>
			</points>
		</object>
		<object>
			<coordinate>pixel</coordinate>
			<type>rectangle</type>
			<description>None</description>
			<possibleresult>
				<name>Van</name>
			</possibleresult>
			<points>
				<point>793.000000,668.000000</point>
				<point>772.000000,673.000000</point>
				<point>770.000000,665.000000</point>
				<point>791.000000,660.000000</point>
				<point>793.000000,668.000000</point>
			</points>
		</object>
		<object>
			<coordinate>pixel</coordinate>
			<type>rectangle</type>
			<description>None</description>
			<possibleresult>
				<name>Small Car</name>
			</possibleresult>
			<points>
				<point>721.000000,687.000000</point>
				<point>704.000000,691.000000</point>
				<point>702.000000,685.000000</point>
				<point>720.000000,680.000000</point>
				<point>721.000000,687.000000</point>
			</points>
		</object>
		<object>
			<coordinate>pixel</coordinate>
			<type>rectangle</type>
			<description>None</description>
			<possibleresult>
				<name>Van</name>
			</possibleresult>
			<points>
				<point>787.000000,617.000000</point>
				<point>784.000000,622.000000</point>
				<point>769.000000,613.000000</point>
				<point>772.000000,608.000000</point>
				<point>787.000000,617.000000</point>
			</points>
		</object>
		<object>
			<coordinate>pixel</coordinate>
			<type>rectangle</type>
			<description>None</description>
			<possibleresult>
				<name>Small Car</name>
			</possibleresult>
			<points>
				<point>852.000000,514.000000</point>
				<point>846.000000,518.000000</point>
				<point>839.000000,502.000000</point>
				<point>845.000000,498.000000</point>
				<point>852.000000,514.000000</point>
			</points>
		</object>
		<object>
			<coordinate>pixel</coordinate>
			<type>rectangle</type>
			<description>None</description>
			<possibleresult>
				<name>Small Car</name>
			</possibleresult>
			<points>
				<point>776.000000,427.000000</point>
				<point>769.000000,431.000000</point>
				<point>761.000000,415.000000</point>
				<point>768.000000,411.000000</point>
				<point>776.000000,427.000000</point>
			</points>
		</object>
		<object>
			<coordinate>pixel</coordinate>
			<type>rectangle</type>
			<description>None</description>
			<possibleresult>
				<name>Van</name>
			</possibleresult>
			<points>
				<point>874.000000,446.000000</point>
				<point>854.000000,451.000000</point>
				<point>851.000000,442.000000</point>
				<point>871.000000,437.000000</point>
				<point>874.000000,446.000000</point>
			</points>
		</object>
		<object>
			<coordinate>pixel</coordinate>
			<type>rectangle</type>
			<description>None</description>
			<possibleresult>
				<name>Van</name>
			</possibleresult>
			<points>
				<point>951.000000,396.000000</point>
				<point>944.000000,399.000000</point>
				<point>938.000000,384.000000</point>
				<point>946.000000,382.000000</point>
				<point>951.000000,396.000000</point>
			</points>
		</object>
		<object>
			<coordinate>pixel</coordinate>
			<type>rectangle</type>
			<description>None</description>
			<possibleresult>
				<name>Van</name>
			</possibleresult>
			<points>
				<point>967.000000,364.000000</point>
				<point>960.000000,365.000000</point>
				<point>958.000000,351.000000</point>
				<point>965.000000,350.000000</point>
				<point>967.000000,364.000000</point>
			</points>
		</object>
		<object>
			<coordinate>pixel</coordinate>
			<type>rectangle</type>
			<description>None</description>
			<possibleresult>
				<name>Small Car</name>
			</possibleresult>
			<points>
				<point>955.000000,369.000000</point>
				<point>946.000000,371.000000</point>
				<point>944.000000,355.000000</point>
				<point>953.000000,353.000000</point>
				<point>955.000000,369.000000</point>
			</points>
		</object>
		<object>
			<coordinate>pixel</coordinate>
			<type>rectangle</type>
			<description>None</description>
			<possibleresult>
				<name>Small Car</name>
			</possibleresult>
			<points>
				<point>937.000000,218.000000</point>
				<point>923.000000,224.000000</point>
				<point>920.000000,216.000000</point>
				<point>934.000000,210.000000</point>
				<point>937.000000,218.000000</point>
			</points>
		</object>
		<object>
			<coordinate>pixel</coordinate>
			<type>rectangle</type>
			<description>None</description>
			<possibleresult>
				<name>Small Car</name>
			</possibleresult>
			<points>
				<point>803.000000,230.000000</point>
				<point>797.000000,233.000000</point>
				<point>790.000000,216.000000</point>
				<point>797.000000,214.000000</point>
				<point>803.000000,230.000000</point>
			</points>
		</object>
		<object>
			<coordinate>pixel</coordinate>
			<type>rectangle</type>
			<description>None</description>
			<possibleresult>
				<name>Small Car</name>
			</possibleresult>
			<points>
				<point>897.000000,217.000000</point>
				<point>890.000000,218.000000</point>
				<point>887.000000,202.000000</point>
				<point>894.000000,200.000000</point>
				<point>897.000000,217.000000</point>
			</points>
		</object>
		<object>
			<coordinate>pixel</coordinate>
			<type>rectangle</type>
			<description>None</description>
			<possibleresult>
				<name>Small Car</name>
			</possibleresult>
			<points>
				<point>910.000000,217.000000</point>
				<point>902.000000,218.000000</point>
				<point>899.000000,200.000000</point>
				<point>907.000000,199.000000</point>
				<point>910.000000,217.000000</point>
			</points>
		</object>
		<object>
			<coordinate>pixel</coordinate>
			<type>rectangle</type>
			<description>None</description>
			<possibleresult>
				<name>Van</name>
			</possibleresult>
			<points>
				<point>902.000000,130.000000</point>
				<point>895.000000,132.000000</point>
				<point>890.000000,118.000000</point>
				<point>898.000000,115.000000</point>
				<point>902.000000,130.000000</point>
			</points>
		</object>
		<object>
			<coordinate>pixel</coordinate>
			<type>rectangle</type>
			<description>None</description>
			<possibleresult>
				<name>Van</name>
			</possibleresult>
			<points>
				<point>850.000000,298.000000</point>
				<point>833.000000,304.000000</point>
				<point>830.000000,299.000000</point>
				<point>848.000000,292.000000</point>
				<point>850.000000,298.000000</point>
			</points>
		</object>
		<object>
			<coordinate>pixel</coordinate>
			<type>rectangle</type>
			<description>None</description>
			<possibleresult>
				<name>Small Car</name>
			</possibleresult>
			<points>
				<point>750.000000,517.000000</point>
				<point>743.000000,521.000000</point>
				<point>735.000000,507.000000</point>
				<point>742.000000,503.000000</point>
				<point>750.000000,517.000000</point>
			</points>
		</object>
		<object>
			<coordinate>pixel</coordinate>
			<type>rectangle</type>
			<description>None</description>
			<possibleresult>
				<name>Small Car</name>
			</possibleresult>
			<points>
				<point>667.000000,526.000000</point>
				<point>659.000000,530.000000</point>
				<point>652.000000,516.000000</point>
				<point>660.000000,512.000000</point>
				<point>667.000000,526.000000</point>
			</points>
		</object>
		<object>
			<coordinate>pixel</coordinate>
			<type>rectangle</type>
			<description>None</description>
			<possibleresult>
				<name>Small Car</name>
			</possibleresult>
			<points>
				<point>629.000000,348.000000</point>
				<point>610.000000,354.000000</point>
				<point>608.000000,347.000000</point>
				<point>627.000000,341.000000</point>
				<point>629.000000,348.000000</point>
			</points>
		</object>
		<object>
			<coordinate>pixel</coordinate>
			<type>rectangle</type>
			<description>None</description>
			<possibleresult>
				<name>Small Car</name>
			</possibleresult>
			<points>
				<point>638.000000,408.000000</point>
				<point>631.000000,412.000000</point>
				<point>623.000000,399.000000</point>
				<point>630.000000,395.000000</point>
				<point>638.000000,408.000000</point>
			</points>
		</object>
		<object>
			<coordinate>pixel</coordinate>
			<type>rectangle</type>
			<description>None</description>
			<possibleresult>
				<name>Dump Truck</name>
			</possibleresult>
			<points>
				<point>625.000000,370.000000</point>
				<point>624.000000,379.000000</point>
				<point>601.000000,377.000000</point>
				<point>601.000000,367.000000</point>
				<point>625.000000,370.000000</point>
			</points>
		</object>
		<object>
			<coordinate>pixel</coordinate>
			<type>rectangle</type>
			<description>None</description>
			<possibleresult>
				<name>Van</name>
			</possibleresult>
			<points>
				<point>777.000000,156.000000</point>
				<point>770.000000,159.000000</point>
				<point>764.000000,145.000000</point>
				<point>771.000000,142.000000</point>
				<point>777.000000,156.000000</point>
			</points>
		</object>
		<object>
			<coordinate>pixel</coordinate>
			<type>rectangle</type>
			<description>None</description>
			<possibleresult>
				<name>Small Car</name>
			</possibleresult>
			<points>
				<point>769.000000,141.000000</point>
				<point>763.000000,142.000000</point>
				<point>758.000000,129.000000</point>
				<point>765.000000,127.000000</point>
				<point>769.000000,141.000000</point>
			</points>
		</object>
		<object>
			<coordinate>pixel</coordinate>
			<type>rectangle</type>
			<description>None</description>
			<possibleresult>
				<name>Van</name>
			</possibleresult>
			<points>
				<point>702.000000,222.000000</point>
				<point>683.000000,229.000000</point>
				<point>681.000000,222.000000</point>
				<point>699.000000,214.000000</point>
				<point>702.000000,222.000000</point>
			</points>
		</object>
		<object>
			<coordinate>pixel</coordinate>
			<type>rectangle</type>
			<description>None</description>
			<possibleresult>
				<name>Van</name>
			</possibleresult>
			<points>
				<point>471.000000,92.000000</point>
				<point>465.000000,92.000000</point>
				<point>463.000000,75.000000</point>
				<point>469.000000,75.000000</point>
				<point>471.000000,92.000000</point>
			</points>
		</object>
		<object>
			<coordinate>pixel</coordinate>
			<type>rectangle</type>
			<description>None</description>
			<possibleresult>
				<name>Van</name>
			</possibleresult>
			<points>
				<point>495.000000,61.000000</point>
				<point>480.000000,63.000000</point>
				<point>480.000000,57.000000</point>
				<point>495.000000,55.000000</point>
				<point>495.000000,61.000000</point>
			</points>
		</object>
		<object>
			<coordinate>pixel</coordinate>
			<type>rectangle</type>
			<description>None</description>
			<possibleresult>
				<name>Van</name>
			</possibleresult>
			<points>
				<point>440.000000,68.000000</point>
				<point>421.000000,72.000000</point>
				<point>419.000000,65.000000</point>
				<point>439.000000,62.000000</point>
				<point>440.000000,68.000000</point>
			</points>
		</object>
		<object>
			<coordinate>pixel</coordinate>
			<type>rectangle</type>
			<description>None</description>
			<possibleresult>
				<name>Small Car</name>
			</possibleresult>
			<points>
				<point>204.000000,54.000000</point>
				<point>198.000000,55.000000</point>
				<point>197.000000,39.000000</point>
				<point>203.000000,38.000000</point>
				<point>204.000000,54.000000</point>
			</points>
		</object>
		<object>
			<coordinate>pixel</coordinate>
			<type>rectangle</type>
			<description>None</description>
			<possibleresult>
				<name>Small Car</name>
			</possibleresult>
			<points>
				<point>157.000000,56.000000</point>
				<point>150.000000,56.000000</point>
				<point>148.000000,38.000000</point>
				<point>155.000000,38.000000</point>
				<point>157.000000,56.000000</point>
			</points>
		</object>
		<object>
			<coordinate>pixel</coordinate>
			<type>rectangle</type>
			<description>None</description>
			<possibleresult>
				<name>Small Car</name>
			</possibleresult>
			<points>
				<point>48.000000,70.000000</point>
				<point>41.000000,71.000000</point>
				<point>38.000000,54.000000</point>
				<point>45.000000,53.000000</point>
				<point>48.000000,70.000000</point>
			</points>
		</object>
		<object>
			<coordinate>pixel</coordinate>
			<type>rectangle</type>
			<description>None</description>
			<possibleresult>
				<name>Small Car</name>
			</possibleresult>
			<points>
				<point>80.000000,108.000000</point>
				<point>63.000000,109.000000</point>
				<point>63.000000,102.000000</point>
				<point>80.000000,101.000000</point>
				<point>80.000000,108.000000</point>
			</points>
		</object>
		<object>
			<coordinate>pixel</coordinate>
			<type>rectangle</type>
			<description>None</description>
			<possibleresult>
				<name>Van</name>
			</possibleresult>
			<points>
				<point>110.000000,105.000000</point>
				<point>93.000000,107.000000</point>
				<point>92.000000,100.000000</point>
				<point>110.000000,99.000000</point>
				<point>110.000000,105.000000</point>
			</points>
		</object>
		<object>
			<coordinate>pixel</coordinate>
			<type>rectangle</type>
			<description>None</description>
			<possibleresult>
				<name>Small Car</name>
			</possibleresult>
			<points>
				<point>52.000000,128.000000</point>
				<point>45.000000,142.000000</point>
				<point>38.000000,138.000000</point>
				<point>46.000000,125.000000</point>
				<point>52.000000,128.000000</point>
			</points>
		</object>
		<object>
			<coordinate>pixel</coordinate>
			<type>rectangle</type>
			<description>None</description>
			<possibleresult>
				<name>Van</name>
			</possibleresult>
			<points>
				<point>68.000000,125.000000</point>
				<point>62.000000,142.000000</point>
				<point>56.000000,140.000000</point>
				<point>61.000000,122.000000</point>
				<point>68.000000,125.000000</point>
			</points>
		</object>
		<object>
			<coordinate>pixel</coordinate>
			<type>rectangle</type>
			<description>None</description>
			<possibleresult>
				<name>Van</name>
			</possibleresult>
			<points>
				<point>42.000000,173.000000</point>
				<point>36.000000,177.000000</point>
				<point>27.000000,163.000000</point>
				<point>34.000000,160.000000</point>
				<point>42.000000,173.000000</point>
			</points>
		</object>
		<object>
			<coordinate>pixel</coordinate>
			<type>rectangle</type>
			<description>None</description>
			<possibleresult>
				<name>Small Car</name>
			</possibleresult>
			<points>
				<point>79.000000,232.000000</point>
				<point>59.000000,237.000000</point>
				<point>58.000000,230.000000</point>
				<point>77.000000,224.000000</point>
				<point>79.000000,232.000000</point>
			</points>
		</object>
		<object>
			<coordinate>pixel</coordinate>
			<type>rectangle</type>
			<description>None</description>
			<possibleresult>
				<name>Van</name>
			</possibleresult>
			<points>
				<point>129.000000,229.000000</point>
				<point>121.000000,231.000000</point>
				<point>116.000000,216.000000</point>
				<point>124.000000,214.000000</point>
				<point>129.000000,229.000000</point>
			</points>
		</object>
		<object>
			<coordinate>pixel</coordinate>
			<type>rectangle</type>
			<description>None</description>
			<possibleresult>
				<name>Dump Truck</name>
			</possibleresult>
			<points>
				<point>119.000000,234.000000</point>
				<point>112.000000,237.000000</point>
				<point>104.000000,219.000000</point>
				<point>110.000000,215.000000</point>
				<point>119.000000,234.000000</point>
			</points>
		</object>
		<object>
			<coordinate>pixel</coordinate>
			<type>rectangle</type>
			<description>None</description>
			<possibleresult>
				<name>Small Car</name>
			</possibleresult>
			<points>
				<point>140.000000,226.000000</point>
				<point>133.000000,230.000000</point>
				<point>125.000000,215.000000</point>
				<point>132.000000,211.000000</point>
				<point>140.000000,226.000000</point>
			</points>
		</object>
		<object>
			<coordinate>pixel</coordinate>
			<type>rectangle</type>
			<description>None</description>
			<possibleresult>
				<name>Van</name>
			</possibleresult>
			<points>
				<point>187.000000,213.000000</point>
				<point>178.000000,217.000000</point>
				<point>172.000000,206.000000</point>
				<point>181.000000,202.000000</point>
				<point>187.000000,213.000000</point>
			</points>
		</object>
		<object>
			<coordinate>pixel</coordinate>
			<type>rectangle</type>
			<description>None</description>
			<possibleresult>
				<name>Small Car</name>
			</possibleresult>
			<points>
				<point>216.000000,221.000000</point>
				<point>210.000000,224.000000</point>
				<point>201.000000,209.000000</point>
				<point>208.000000,205.000000</point>
				<point>216.000000,221.000000</point>
			</points>
		</object>
		<object>
			<coordinate>pixel</coordinate>
			<type>rectangle</type>
			<description>None</description>
			<possibleresult>
				<name>Small Car</name>
			</possibleresult>
			<points>
				<point>328.000000,158.000000</point>
				<point>305.000000,161.000000</point>
				<point>304.000000,154.000000</point>
				<point>328.000000,150.000000</point>
				<point>328.000000,158.000000</point>
			</points>
		</object>
		<object>
			<coordinate>pixel</coordinate>
			<type>rectangle</type>
			<description>None</description>
			<possibleresult>
				<name>Small Car</name>
			</possibleresult>
			<points>
				<point>332.000000,173.000000</point>
				<point>320.000000,176.000000</point>
				<point>319.000000,170.000000</point>
				<point>330.000000,167.000000</point>
				<point>332.000000,173.000000</point>
			</points>
		</object>
		<object>
			<coordinate>pixel</coordinate>
			<type>rectangle</type>
			<description>None</description>
			<possibleresult>
				<name>Van</name>
			</possibleresult>
			<points>
				<point>361.000000,219.000000</point>
				<point>349.000000,226.000000</point>
				<point>346.000000,220.000000</point>
				<point>358.000000,213.000000</point>
				<point>361.000000,219.000000</point>
			</points>
		</object>
		<object>
			<coordinate>pixel</coordinate>
			<type>rectangle</type>
			<description>None</description>
			<possibleresult>
				<name>Small Car</name>
			</possibleresult>
			<points>
				<point>459.000000,316.000000</point>
				<point>452.000000,319.000000</point>
				<point>447.000000,307.000000</point>
				<point>454.000000,304.000000</point>
				<point>459.000000,316.000000</point>
			</points>
		</object>
		<object>
			<coordinate>pixel</coordinate>
			<type>rectangle</type>
			<description>None</description>
			<possibleresult>
				<name>Intersection</name>
			</possibleresult>
			<points>
				<point>456.000000,292.000000</point>
				<point>405.000000,311.000000</point>
				<point>390.000000,269.000000</point>
				<point>440.000000,251.000000</point>
				<point>456.000000,292.000000</point>
			</points>
		</object>
		<object>
			<coordinate>pixel</coordinate>
			<type>rectangle</type>
			<description>None</description>
			<possibleresult>
				<name>Small Car</name>
			</possibleresult>
			<points>
				<point>114.000000,267.000000</point>
				<point>107.000000,270.000000</point>
				<point>100.000000,255.000000</point>
				<point>106.000000,251.000000</point>
				<point>114.000000,267.000000</point>
			</points>
		</object>
		<object>
			<coordinate>pixel</coordinate>
			<type>rectangle</type>
			<description>None</description>
			<possibleresult>
				<name>Van</name>
			</possibleresult>
			<points>
				<point>197.000000,254.000000</point>
				<point>189.000000,256.000000</point>
				<point>183.000000,241.000000</point>
				<point>191.000000,239.000000</point>
				<point>197.000000,254.000000</point>
			</points>
		</object>
		<object>
			<coordinate>pixel</coordinate>
			<type>rectangle</type>
			<description>None</description>
			<possibleresult>
				<name>Small Car</name>
			</possibleresult>
			<points>
				<point>171.000000,259.000000</point>
				<point>164.000000,261.000000</point>
				<point>159.000000,245.000000</point>
				<point>165.000000,242.000000</point>
				<point>171.000000,259.000000</point>
			</points>
		</object>
		<object>
			<coordinate>pixel</coordinate>
			<type>rectangle</type>
			<description>None</description>
			<possibleresult>
				<name>Van</name>
			</possibleresult>
			<points>
				<point>153.000000,275.000000</point>
				<point>144.000000,278.000000</point>
				<point>138.000000,262.000000</point>
				<point>146.000000,258.000000</point>
				<point>153.000000,275.000000</point>
			</points>
		</object>
		<object>
			<coordinate>pixel</coordinate>
			<type>rectangle</type>
			<description>None</description>
			<possibleresult>
				<name>Small Car</name>
			</possibleresult>
			<points>
				<point>158.000000,292.000000</point>
				<point>151.000000,295.000000</point>
				<point>144.000000,280.000000</point>
				<point>151.000000,277.000000</point>
				<point>158.000000,292.000000</point>
			</points>
		</object>
		<object>
			<coordinate>pixel</coordinate>
			<type>rectangle</type>
			<description>None</description>
			<possibleresult>
				<name>Small Car</name>
			</possibleresult>
			<points>
				<point>176.000000,290.000000</point>
				<point>170.000000,292.000000</point>
				<point>166.000000,280.000000</point>
				<point>173.000000,279.000000</point>
				<point>176.000000,290.000000</point>
			</points>
		</object>
		<object>
			<coordinate>pixel</coordinate>
			<type>rectangle</type>
			<description>None</description>
			<possibleresult>
				<name>Small Car</name>
			</possibleresult>
			<points>
				<point>187.000000,311.000000</point>
				<point>180.000000,313.000000</point>
				<point>172.000000,296.000000</point>
				<point>180.000000,293.000000</point>
				<point>187.000000,311.000000</point>
			</points>
		</object>
		<object>
			<coordinate>pixel</coordinate>
			<type>rectangle</type>
			<description>None</description>
			<possibleresult>
				<name>Small Car</name>
			</possibleresult>
			<points>
				<point>282.000000,308.000000</point>
				<point>264.000000,313.000000</point>
				<point>262.000000,306.000000</point>
				<point>281.000000,302.000000</point>
				<point>282.000000,308.000000</point>
			</points>
		</object>
		<object>
			<coordinate>pixel</coordinate>
			<type>rectangle</type>
			<description>None</description>
			<possibleresult>
				<name>Small Car</name>
			</possibleresult>
			<points>
				<point>228.000000,322.000000</point>
				<point>204.000000,328.000000</point>
				<point>202.000000,321.000000</point>
				<point>226.000000,315.000000</point>
				<point>228.000000,322.000000</point>
			</points>
		</object>
		<object>
			<coordinate>pixel</coordinate>
			<type>rectangle</type>
			<description>None</description>
			<possibleresult>
				<name>Van</name>
			</possibleresult>
			<points>
				<point>176.000000,356.000000</point>
				<point>158.000000,361.000000</point>
				<point>156.000000,354.000000</point>
				<point>174.000000,349.000000</point>
				<point>176.000000,356.000000</point>
			</points>
		</object>
		<object>
			<coordinate>pixel</coordinate>
			<type>rectangle</type>
			<description>None</description>
			<possibleresult>
				<name>Van</name>
			</possibleresult>
			<points>
				<point>216.000000,398.000000</point>
				<point>209.000000,401.000000</point>
				<point>202.000000,387.000000</point>
				<point>208.000000,383.000000</point>
				<point>216.000000,398.000000</point>
			</points>
		</object>
		<object>
			<coordinate>pixel</coordinate>
			<type>rectangle</type>
			<description>None</description>
			<possibleresult>
				<name>Small Car</name>
			</possibleresult>
			<points>
				<point>251.000000,420.000000</point>
				<point>229.000000,426.000000</point>
				<point>226.000000,417.000000</point>
				<point>248.000000,411.000000</point>
				<point>251.000000,420.000000</point>
			</points>
		</object>
		<object>
			<coordinate>pixel</coordinate>
			<type>rectangle</type>
			<description>None</description>
			<possibleresult>
				<name>Van</name>
			</possibleresult>
			<points>
				<point>251.000000,405.000000</point>
				<point>232.000000,412.000000</point>
				<point>231.000000,407.000000</point>
				<point>249.000000,399.000000</point>
				<point>251.000000,405.000000</point>
			</points>
		</object>
		<object>
			<coordinate>pixel</coordinate>
			<type>rectangle</type>
			<description>None</description>
			<possibleresult>
				<name>Small Car</name>
			</possibleresult>
			<points>
				<point>338.000000,397.000000</point>
				<point>325.000000,400.000000</point>
				<point>324.000000,394.000000</point>
				<point>337.000000,391.000000</point>
				<point>338.000000,397.000000</point>
			</points>
		</object>
		<object>
			<coordinate>pixel</coordinate>
			<type>rectangle</type>
			<description>None</description>
			<possibleresult>
				<name>Small Car</name>
			</possibleresult>
			<points>
				<point>315.000000,493.000000</point>
				<point>294.000000,498.000000</point>
				<point>293.000000,491.000000</point>
				<point>313.000000,485.000000</point>
				<point>315.000000,493.000000</point>
			</points>
		</object>
		<object>
			<coordinate>pixel</coordinate>
			<type>rectangle</type>
			<description>None</description>
			<possibleresult>
				<name>Van</name>
			</possibleresult>
			<points>
				<point>328.000000,507.000000</point>
				<point>307.000000,509.000000</point>
				<point>307.000000,503.000000</point>
				<point>328.000000,501.000000</point>
				<point>328.000000,507.000000</point>
			</points>
		</object>
		<object>
			<coordinate>pixel</coordinate>
			<type>rectangle</type>
			<description>None</description>
			<possibleresult>
				<name>Small Car</name>
			</possibleresult>
			<points>
				<point>408.000000,509.000000</point>
				<point>400.000000,513.000000</point>
				<point>393.000000,498.000000</point>
				<point>402.000000,495.000000</point>
				<point>408.000000,509.000000</point>
			</points>
		</object>
		<object>
			<coordinate>pixel</coordinate>
			<type>rectangle</type>
			<description>None</description>
			<possibleresult>
				<name>Small Car</name>
			</possibleresult>
			<points>
				<point>437.000000,504.000000</point>
				<point>429.000000,506.000000</point>
				<point>423.000000,490.000000</point>
				<point>431.000000,488.000000</point>
				<point>437.000000,504.000000</point>
			</points>
		</object>
		<object>
			<coordinate>pixel</coordinate>
			<type>rectangle</type>
			<description>None</description>
			<possibleresult>
				<name>Intersection</name>
			</possibleresult>
			<points>
				<point>577.000000,530.000000</point>
				<point>520.000000,551.000000</point>
				<point>504.000000,508.000000</point>
				<point>562.000000,488.000000</point>
				<point>577.000000,530.000000</point>
			</points>
		</object>
		<object>
			<coordinate>pixel</coordinate>
			<type>rectangle</type>
			<description>None</description>
			<possibleresult>
				<name>Small Car</name>
			</possibleresult>
			<points>
				<point>409.000000,565.000000</point>
				<point>390.000000,570.000000</point>
				<point>389.000000,564.000000</point>
				<point>407.000000,558.000000</point>
				<point>409.000000,565.000000</point>
			</points>
		</object>
		<object>
			<coordinate>pixel</coordinate>
			<type>rectangle</type>
			<description>None</description>
			<possibleresult>
				<name>Small Car</name>
			</possibleresult>
			<points>
				<point>465.000000,579.000000</point>
				<point>458.000000,582.000000</point>
				<point>452.000000,568.000000</point>
				<point>458.000000,566.000000</point>
				<point>465.000000,579.000000</point>
			</points>
		</object>
		<object>
			<coordinate>pixel</coordinate>
			<type>rectangle</type>
			<description>None</description>
			<possibleresult>
				<name>Van</name>
			</possibleresult>
			<points>
				<point>449.000000,602.000000</point>
				<point>442.000000,605.000000</point>
				<point>435.000000,591.000000</point>
				<point>441.000000,587.000000</point>
				<point>449.000000,602.000000</point>
			</points>
		</object>
		<object>
			<coordinate>pixel</coordinate>
			<type>rectangle</type>
			<description>None</description>
			<possibleresult>
				<name>Small Car</name>
			</possibleresult>
			<points>
				<point>601.000000,607.000000</point>
				<point>595.000000,611.000000</point>
				<point>588.000000,597.000000</point>
				<point>594.000000,593.000000</point>
				<point>601.000000,607.000000</point>
			</points>
		</object>
		<object>
			<coordinate>pixel</coordinate>
			<type>rectangle</type>
			<description>None</description>
			<possibleresult>
				<name>Small Car</name>
			</possibleresult>
			<points>
				<point>531.000000,719.000000</point>
				<point>525.000000,721.000000</point>
				<point>519.000000,706.000000</point>
				<point>524.000000,703.000000</point>
				<point>531.000000,719.000000</point>
			</points>
		</object>
		<object>
			<coordinate>pixel</coordinate>
			<type>rectangle</type>
			<description>None</description>
			<possibleresult>
				<name>Intersection</name>
			</possibleresult>
			<points>
				<point>663.000000,735.000000</point>
				<point>619.000000,752.000000</point>
				<point>602.000000,708.000000</point>
				<point>646.000000,691.000000</point>
				<point>663.000000,735.000000</point>
			</points>
		</object>
		<object>
			<coordinate>pixel</coordinate>
			<type>rectangle</type>
			<description>None</description>
			<possibleresult>
				<name>Small Car</name>
			</possibleresult>
			<points>
				<point>637.000000,682.000000</point>
				<point>631.000000,684.000000</point>
				<point>623.000000,670.000000</point>
				<point>628.000000,667.000000</point>
				<point>637.000000,682.000000</point>
			</points>
		</object>
		<object>
			<coordinate>pixel</coordinate>
			<type>rectangle</type>
			<description>None</description>
			<possibleresult>
				<name>Small Car</name>
			</possibleresult>
			<points>
				<point>601.000000,874.000000</point>
				<point>595.000000,878.000000</point>
				<point>585.000000,863.000000</point>
				<point>592.000000,860.000000</point>
				<point>601.000000,874.000000</point>
			</points>
		</object>
		<object>
			<coordinate>pixel</coordinate>
			<type>rectangle</type>
			<description>None</description>
			<possibleresult>
				<name>Van</name>
			</possibleresult>
			<points>
				<point>632.000000,865.000000</point>
				<point>626.000000,869.000000</point>
				<point>618.000000,853.000000</point>
				<point>624.000000,849.000000</point>
				<point>632.000000,865.000000</point>
			</points>
		</object>
		<object>
			<coordinate>pixel</coordinate>
			<type>rectangle</type>
			<description>None</description>
			<possibleresult>
				<name>Van</name>
			</possibleresult>
			<points>
				<point>643.000000,863.000000</point>
				<point>636.000000,866.000000</point>
				<point>629.000000,851.000000</point>
				<point>636.000000,848.000000</point>
				<point>643.000000,863.000000</point>
			</points>
		</object>
		<object>
			<coordinate>pixel</coordinate>
			<type>rectangle</type>
			<description>None</description>
			<possibleresult>
				<name>Small Car</name>
			</possibleresult>
			<points>
				<point>654.000000,858.000000</point>
				<point>649.000000,862.000000</point>
				<point>640.000000,848.000000</point>
				<point>646.000000,845.000000</point>
				<point>654.000000,858.000000</point>
			</points>
		</object>
		<object>
			<coordinate>pixel</coordinate>
			<type>rectangle</type>
			<description>None</description>
			<possibleresult>
				<name>Van</name>
			</possibleresult>
			<points>
				<point>595.000000,943.000000</point>
				<point>589.000000,946.000000</point>
				<point>580.000000,930.000000</point>
				<point>585.000000,926.000000</point>
				<point>595.000000,943.000000</point>
			</points>
		</object>
		<object>
			<coordinate>pixel</coordinate>
			<type>rectangle</type>
			<description>None</description>
			<possibleresult>
				<name>Small Car</name>
			</possibleresult>
			<points>
				<point>652.000000,931.000000</point>
				<point>646.000000,934.000000</point>
				<point>636.000000,919.000000</point>
				<point>642.000000,916.000000</point>
				<point>652.000000,931.000000</point>
			</points>
		</object>
		<object>
			<coordinate>pixel</coordinate>
			<type>rectangle</type>
			<description>None</description>
			<possibleresult>
				<name>Small Car</name>
			</possibleresult>
			<points>
				<point>697.000000,875.000000</point>
				<point>691.000000,878.000000</point>
				<point>682.000000,863.000000</point>
				<point>689.000000,859.000000</point>
				<point>697.000000,875.000000</point>
			</points>
		</object>
		<object>
			<coordinate>pixel</coordinate>
			<type>rectangle</type>
			<description>None</description>
			<possibleresult>
				<name>Van</name>
			</possibleresult>
			<points>
				<point>717.000000,911.000000</point>
				<point>711.000000,915.000000</point>
				<point>703.000000,903.000000</point>
				<point>709.000000,899.000000</point>
				<point>717.000000,911.000000</point>
			</points>
		</object>
		<object>
			<coordinate>pixel</coordinate>
			<type>rectangle</type>
			<description>None</description>
			<possibleresult>
				<name>Small Car</name>
			</possibleresult>
			<points>
				<point>742.000000,965.000000</point>
				<point>734.000000,969.000000</point>
				<point>725.000000,951.000000</point>
				<point>734.000000,948.000000</point>
				<point>742.000000,965.000000</point>
			</points>
		</object>
		<object>
			<coordinate>pixel</coordinate>
			<type>rectangle</type>
			<description>None</description>
			<possibleresult>
				<name>Small Car</name>
			</possibleresult>
			<points>
				<point>781.000000,965.000000</point>
				<point>774.000000,968.000000</point>
				<point>768.000000,956.000000</point>
				<point>775.000000,953.000000</point>
				<point>781.000000,965.000000</point>
			</points>
		</object>
		<object>
			<coordinate>pixel</coordinate>
			<type>rectangle</type>
			<description>None</description>
			<possibleresult>
				<name>Small Car</name>
			</possibleresult>
			<points>
				<point>753.000000,991.000000</point>
				<point>744.000000,993.000000</point>
				<point>738.000000,976.000000</point>
				<point>748.000000,973.000000</point>
				<point>753.000000,991.000000</point>
			</points>
		</object>
		<object>
			<coordinate>pixel</coordinate>
			<type>rectangle</type>
			<description>None</description>
			<possibleresult>
				<name>Small Car</name>
			</possibleresult>
			<points>
				<point>790.000000,1003.000000</point>
				<point>787.000000,996.000000</point>
				<point>796.000000,993.000000</point>
				<point>799.000000,1000.000000</point>
				<point>790.000000,1003.000000</point>
			</points>
		</object>
		<object>
			<coordinate>pixel</coordinate>
			<type>rectangle</type>
			<description>None</description>
			<possibleresult>
				<name>Van</name>
			</possibleresult>
			<points>
				<point>48.000000,278.000000</point>
				<point>41.000000,282.000000</point>
				<point>33.000000,268.000000</point>
				<point>40.000000,264.000000</point>
				<point>48.000000,278.000000</point>
			</points>
		</object>
		<object>
			<coordinate>pixel</coordinate>
			<type>rectangle</type>
			<description>None</description>
			<possibleresult>
				<name>Intersection</name>
			</possibleresult>
			<points>
				<point>106.000000,382.000000</point>
				<point>45.000000,407.000000</point>
				<point>19.000000,343.000000</point>
				<point>79.000000,319.000000</point>
				<point>106.000000,382.000000</point>
			</points>
		</object>
		<object>
			<coordinate>pixel</coordinate>
			<type>rectangle</type>
			<description>None</description>
			<possibleresult>
				<name>Small Car</name>
			</possibleresult>
			<points>
				<point>68.000000,317.000000</point>
				<point>61.000000,321.000000</point>
				<point>53.000000,306.000000</point>
				<point>61.000000,303.000000</point>
				<point>68.000000,317.000000</point>
			</points>
		</object>
		<object>
			<coordinate>pixel</coordinate>
			<type>rectangle</type>
			<description>None</description>
			<possibleresult>
				<name>Small Car</name>
			</possibleresult>
			<points>
				<point>125.000000,430.000000</point>
				<point>118.000000,434.000000</point>
				<point>110.000000,419.000000</point>
				<point>118.000000,416.000000</point>
				<point>125.000000,430.000000</point>
			</points>
		</object>
		<object>
			<coordinate>pixel</coordinate>
			<type>rectangle</type>
			<description>None</description>
			<possibleresult>
				<name>Small Car</name>
			</possibleresult>
			<points>
				<point>13.000000,493.000000</point>
				<point>4.000000,493.000000</point>
				<point>4.000000,478.000000</point>
				<point>13.000000,478.000000</point>
				<point>13.000000,493.000000</point>
			</points>
		</object>
		<object>
			<coordinate>pixel</coordinate>
			<type>rectangle</type>
			<description>None</description>
			<possibleresult>
				<name>Dump Truck</name>
			</possibleresult>
			<points>
				<point>207.000000,508.000000</point>
				<point>188.000000,515.000000</point>
				<point>185.000000,508.000000</point>
				<point>205.000000,502.000000</point>
				<point>207.000000,508.000000</point>
			</points>
		</object>
		<object>
			<coordinate>pixel</coordinate>
			<type>rectangle</type>
			<description>None</description>
			<possibleresult>
				<name>Intersection</name>
			</possibleresult>
			<points>
				<point>227.000000,607.000000</point>
				<point>180.000000,626.000000</point>
				<point>165.000000,588.000000</point>
				<point>211.000000,570.000000</point>
				<point>227.000000,607.000000</point>
			</points>
		</object>
		<object>
			<coordinate>pixel</coordinate>
			<type>rectangle</type>
			<description>None</description>
			<possibleresult>
				<name>Small Car</name>
			</possibleresult>
			<points>
				<point>193.000000,565.000000</point>
				<point>187.000000,568.000000</point>
				<point>179.000000,552.000000</point>
				<point>186.000000,548.000000</point>
				<point>193.000000,565.000000</point>
			</points>
		</object>
		<object>
			<coordinate>pixel</coordinate>
			<type>rectangle</type>
			<description>None</description>
			<possibleresult>
				<name>Small Car</name>
			</possibleresult>
			<points>
				<point>111.000000,660.000000</point>
				<point>103.000000,660.000000</point>
				<point>103.000000,652.000000</point>
				<point>111.000000,652.000000</point>
				<point>111.000000,660.000000</point>
			</points>
		</object>
		<object>
			<coordinate>pixel</coordinate>
			<type>rectangle</type>
			<description>None</description>
			<possibleresult>
				<name>Small Car</name>
			</possibleresult>
			<points>
				<point>277.000000,652.000000</point>
				<point>261.000000,656.000000</point>
				<point>260.000000,650.000000</point>
				<point>275.000000,645.000000</point>
				<point>277.000000,652.000000</point>
			</points>
		</object>
		<object>
			<coordinate>pixel</coordinate>
			<type>rectangle</type>
			<description>None</description>
			<possibleresult>
				<name>Small Car</name>
			</possibleresult>
			<points>
				<point>284.000000,661.000000</point>
				<point>264.000000,668.000000</point>
				<point>262.000000,660.000000</point>
				<point>282.000000,653.000000</point>
				<point>284.000000,661.000000</point>
			</points>
		</object>
		<object>
			<coordinate>pixel</coordinate>
			<type>rectangle</type>
			<description>None</description>
			<possibleresult>
				<name>Small Car</name>
			</possibleresult>
			<points>
				<point>238.000000,707.000000</point>
				<point>232.000000,711.000000</point>
				<point>220.000000,693.000000</point>
				<point>227.000000,690.000000</point>
				<point>238.000000,707.000000</point>
			</points>
		</object>
		<object>
			<coordinate>pixel</coordinate>
			<type>rectangle</type>
			<description>None</description>
			<possibleresult>
				<name>Intersection</name>
			</possibleresult>
			<points>
				<point>342.000000,808.000000</point>
				<point>284.000000,835.000000</point>
				<point>262.000000,788.000000</point>
				<point>321.000000,762.000000</point>
				<point>342.000000,808.000000</point>
			</points>
		</object>
		<object>
			<coordinate>pixel</coordinate>
			<type>rectangle</type>
			<description>None</description>
			<possibleresult>
				<name>other-vehicle</name>
			</possibleresult>
			<points>
				<point>432.000000,805.000000</point>
				<point>427.000000,806.000000</point>
				<point>423.000000,797.000000</point>
				<point>429.000000,795.000000</point>
				<point>432.000000,805.000000</point>
			</points>
		</object>
		<object>
			<coordinate>pixel</coordinate>
			<type>rectangle</type>
			<description>None</description>
			<possibleresult>
				<name>Small Car</name>
			</possibleresult>
			<points>
				<point>369.000000,670.000000</point>
				<point>349.000000,676.000000</point>
				<point>347.000000,669.000000</point>
				<point>367.000000,663.000000</point>
				<point>369.000000,670.000000</point>
			</points>
		</object>
		<object>
			<coordinate>pixel</coordinate>
			<type>rectangle</type>
			<description>None</description>
			<possibleresult>
				<name>Van</name>
			</possibleresult>
			<points>
				<point>404.000000,677.000000</point>
				<point>398.000000,682.000000</point>
				<point>388.000000,667.000000</point>
				<point>394.000000,662.000000</point>
				<point>404.000000,677.000000</point>
			</points>
		</object>
		<object>
			<coordinate>pixel</coordinate>
			<type>rectangle</type>
			<description>None</description>
			<possibleresult>
				<name>Van</name>
			</possibleresult>
			<points>
				<point>413.000000,694.000000</point>
				<point>406.000000,698.000000</point>
				<point>398.000000,683.000000</point>
				<point>406.000000,680.000000</point>
				<point>413.000000,694.000000</point>
			</points>
		</object>
		<object>
			<coordinate>pixel</coordinate>
			<type>rectangle</type>
			<description>None</description>
			<possibleresult>
				<name>Van</name>
			</possibleresult>
			<points>
				<point>395.000000,718.000000</point>
				<point>376.000000,722.000000</point>
				<point>374.000000,714.000000</point>
				<point>393.000000,710.000000</point>
				<point>395.000000,718.000000</point>
			</points>
		</object>
		<object>
			<coordinate>pixel</coordinate>
			<type>rectangle</type>
			<description>None</description>
			<possibleresult>
				<name>Small Car</name>
			</possibleresult>
			<points>
				<point>401.000000,724.000000</point>
				<point>382.000000,731.000000</point>
				<point>379.000000,724.000000</point>
				<point>399.000000,717.000000</point>
				<point>401.000000,724.000000</point>
			</points>
		</object>
		<object>
			<coordinate>pixel</coordinate>
			<type>rectangle</type>
			<description>None</description>
			<possibleresult>
				<name>Van</name>
			</possibleresult>
			<points>
				<point>408.000000,742.000000</point>
				<point>390.000000,747.000000</point>
				<point>388.000000,740.000000</point>
				<point>406.000000,735.000000</point>
				<point>408.000000,742.000000</point>
			</points>
		</object>
		<object>
			<coordinate>pixel</coordinate>
			<type>rectangle</type>
			<description>None</description>
			<possibleresult>
				<name>Van</name>
			</possibleresult>
			<points>
				<point>451.000000,753.000000</point>
				<point>431.000000,759.000000</point>
				<point>430.000000,754.000000</point>
				<point>450.000000,748.000000</point>
				<point>451.000000,753.000000</point>
			</points>
		</object>
		<object>
			<coordinate>pixel</coordinate>
			<type>rectangle</type>
			<description>None</description>
			<possibleresult>
				<name>Small Car</name>
			</possibleresult>
			<points>
				<point>421.000000,761.000000</point>
				<point>400.000000,766.000000</point>
				<point>399.000000,759.000000</point>
				<point>420.000000,754.000000</point>
				<point>421.000000,761.000000</point>
			</points>
		</object>
		<object>
			<coordinate>pixel</coordinate>
			<type>rectangle</type>
			<description>None</description>
			<possibleresult>
				<name>Small Car</name>
			</possibleresult>
			<points>
				<point>395.000000,768.000000</point>
				<point>376.000000,774.000000</point>
				<point>374.000000,767.000000</point>
				<point>392.000000,760.000000</point>
				<point>395.000000,768.000000</point>
			</points>
		</object>
		<object>
			<coordinate>pixel</coordinate>
			<type>rectangle</type>
			<description>None</description>
			<possibleresult>
				<name>Van</name>
			</possibleresult>
			<points>
				<point>395.000000,781.000000</point>
				<point>371.000000,785.000000</point>
				<point>370.000000,776.000000</point>
				<point>394.000000,772.000000</point>
				<point>395.000000,781.000000</point>
			</points>
		</object>
		<object>
			<coordinate>pixel</coordinate>
			<type>rectangle</type>
			<description>None</description>
			<possibleresult>
				<name>Small Car</name>
			</possibleresult>
			<points>
				<point>373.000000,772.000000</point>
				<point>354.000000,780.000000</point>
				<point>351.000000,774.000000</point>
				<point>371.000000,767.000000</point>
				<point>373.000000,772.000000</point>
			</points>
		</object>
		<object>
			<coordinate>pixel</coordinate>
			<type>rectangle</type>
			<description>None</description>
			<possibleresult>
				<name>Small Car</name>
			</possibleresult>
			<points>
				<point>285.000000,814.000000</point>
				<point>266.000000,814.000000</point>
				<point>266.000000,807.000000</point>
				<point>285.000000,807.000000</point>
				<point>285.000000,814.000000</point>
			</points>
		</object>
		<object>
			<coordinate>pixel</coordinate>
			<type>rectangle</type>
			<description>None</description>
			<possibleresult>
				<name>Van</name>
			</possibleresult>
			<points>
				<point>165.000000,748.000000</point>
				<point>147.000000,754.000000</point>
				<point>145.000000,748.000000</point>
				<point>163.000000,742.000000</point>
				<point>165.000000,748.000000</point>
			</points>
		</object>
		<object>
			<coordinate>pixel</coordinate>
			<type>rectangle</type>
			<description>None</description>
			<possibleresult>
				<name>Van</name>
			</possibleresult>
			<points>
				<point>142.000000,720.000000</point>
				<point>140.000000,737.000000</point>
				<point>131.000000,735.000000</point>
				<point>134.000000,719.000000</point>
				<point>142.000000,720.000000</point>
			</points>
		</object>
		<object>
			<coordinate>pixel</coordinate>
			<type>rectangle</type>
			<description>None</description>
			<possibleresult>
				<name>Small Car</name>
			</possibleresult>
			<points>
				<point>106.000000,732.000000</point>
				<point>101.000000,737.000000</point>
				<point>86.000000,725.000000</point>
				<point>91.000000,720.000000</point>
				<point>106.000000,732.000000</point>
			</points>
		</object>
		<object>
			<coordinate>pixel</coordinate>
			<type>rectangle</type>
			<description>None</description>
			<possibleresult>
				<name>Small Car</name>
			</possibleresult>
			<points>
				<point>76.000000,817.000000</point>
				<point>56.000000,819.000000</point>
				<point>55.000000,813.000000</point>
				<point>76.000000,812.000000</point>
				<point>76.000000,817.000000</point>
			</points>
		</object>
		<object>
			<coordinate>pixel</coordinate>
			<type>rectangle</type>
			<description>None</description>
			<possibleresult>
				<name>Small Car</name>
			</possibleresult>
			<points>
				<point>49.000000,820.000000</point>
				<point>31.000000,821.000000</point>
				<point>31.000000,815.000000</point>
				<point>48.000000,813.000000</point>
				<point>49.000000,820.000000</point>
			</points>
		</object>
		<object>
			<coordinate>pixel</coordinate>
			<type>rectangle</type>
			<description>None</description>
			<possibleresult>
				<name>Small Car</name>
			</possibleresult>
			<points>
				<point>60.000000,893.000000</point>
				<point>54.000000,894.000000</point>
				<point>52.000000,883.000000</point>
				<point>58.000000,882.000000</point>
				<point>60.000000,893.000000</point>
			</points>
		</object>
		<object>
			<coordinate>pixel</coordinate>
			<type>rectangle</type>
			<description>None</description>
			<possibleresult>
				<name>Small Car</name>
			</possibleresult>
			<points>
				<point>316.000000,902.000000</point>
				<point>298.000000,908.000000</point>
				<point>297.000000,903.000000</point>
				<point>314.000000,896.000000</point>
				<point>316.000000,902.000000</point>
			</points>
		</object>
		<object>
			<coordinate>pixel</coordinate>
			<type>rectangle</type>
			<description>None</description>
			<possibleresult>
				<name>Small Car</name>
			</possibleresult>
			<points>
				<point>347.000000,846.000000</point>
				<point>340.000000,851.000000</point>
				<point>330.000000,837.000000</point>
				<point>337.000000,832.000000</point>
				<point>347.000000,846.000000</point>
			</points>
		</object>
		<object>
			<coordinate>pixel</coordinate>
			<type>rectangle</type>
			<description>None</description>
			<possibleresult>
				<name>Small Car</name>
			</possibleresult>
			<points>
				<point>361.000000,875.000000</point>
				<point>353.000000,878.000000</point>
				<point>346.000000,862.000000</point>
				<point>353.000000,858.000000</point>
				<point>361.000000,875.000000</point>
			</points>
		</object>
		<object>
			<coordinate>pixel</coordinate>
			<type>rectangle</type>
			<description>None</description>
			<possibleresult>
				<name>Van</name>
			</possibleresult>
			<points>
				<point>409.000000,872.000000</point>
				<point>403.000000,887.000000</point>
				<point>397.000000,885.000000</point>
				<point>402.000000,869.000000</point>
				<point>409.000000,872.000000</point>
			</points>
		</object>
		<object>
			<coordinate>pixel</coordinate>
			<type>rectangle</type>
			<description>None</description>
			<possibleresult>
				<name>Small Car</name>
			</possibleresult>
			<points>
				<point>443.000000,873.000000</point>
				<point>437.000000,883.000000</point>
				<point>431.000000,880.000000</point>
				<point>436.000000,869.000000</point>
				<point>443.000000,873.000000</point>
			</points>
		</object>
		<object>
			<coordinate>pixel</coordinate>
			<type>rectangle</type>
			<description>None</description>
			<possibleresult>
				<name>Van</name>
			</possibleresult>
			<points>
				<point>470.000000,920.000000</point>
				<point>453.000000,926.000000</point>
				<point>452.000000,921.000000</point>
				<point>469.000000,915.000000</point>
				<point>470.000000,920.000000</point>
			</points>
		</object>
		<object>
			<coordinate>pixel</coordinate>
			<type>rectangle</type>
			<description>None</description>
			<possibleresult>
				<name>Small Car</name>
			</possibleresult>
			<points>
				<point>463.000000,974.000000</point>
				<point>442.000000,979.000000</point>
				<point>440.000000,972.000000</point>
				<point>461.000000,967.000000</point>
				<point>463.000000,974.000000</point>
			</points>
		</object>
		<object>
			<coordinate>pixel</coordinate>
			<type>rectangle</type>
			<description>None</description>
			<possibleresult>
				<name>Van</name>
			</possibleresult>
			<points>
				<point>481.000000,967.000000</point>
				<point>463.000000,974.000000</point>
				<point>460.000000,967.000000</point>
				<point>479.000000,961.000000</point>
				<point>481.000000,967.000000</point>
			</points>
		</object>
		<object>
			<coordinate>pixel</coordinate>
			<type>rectangle</type>
			<description>None</description>
			<possibleresult>
				<name>Small Car</name>
			</possibleresult>
			<points>
				<point>390.000000,927.000000</point>
				<point>384.000000,930.000000</point>
				<point>376.000000,916.000000</point>
				<point>383.000000,912.000000</point>
				<point>390.000000,927.000000</point>
			</points>
		</object>
		<object>
			<coordinate>pixel</coordinate>
			<type>rectangle</type>
			<description>None</description>
			<possibleresult>
				<name>Small Car</name>
			</possibleresult>
			<points>
				<point>416.000000,971.000000</point>
				<point>409.000000,975.000000</point>
				<point>401.000000,960.000000</point>
				<point>408.000000,956.000000</point>
				<point>416.000000,971.000000</point>
			</points>
		</object>
		<object>
			<coordinate>pixel</coordinate>
			<type>rectangle</type>
			<description>None</description>
			<possibleresult>
				<name>Small Car</name>
			</possibleresult>
			<points>
				<point>353.000000,992.000000</point>
				<point>333.000000,992.000000</point>
				<point>333.000000,986.000000</point>
				<point>353.000000,986.000000</point>
				<point>353.000000,992.000000</point>
			</points>
		</object>
		<object>
			<coordinate>pixel</coordinate>
			<type>rectangle</type>
			<description>None</description>
			<possibleresult>
				<name>Small Car</name>
			</possibleresult>
			<points>
				<point>274.000000,996.000000</point>
				<point>259.000000,999.000000</point>
				<point>258.000000,993.000000</point>
				<point>274.000000,991.000000</point>
				<point>274.000000,996.000000</point>
			</points>
		</object>
		<object>
			<coordinate>pixel</coordinate>
			<type>rectangle</type>
			<description>None</description>
			<possibleresult>
				<name>Small Car</name>
			</possibleresult>
			<points>
				<point>832.000000,146.000000</point>
				<point>826.000000,149.000000</point>
				<point>819.000000,135.000000</point>
				<point>825.000000,132.000000</point>
				<point>832.000000,146.000000</point>
			</points>
		</object>
		<object>
			<coordinate>pixel</coordinate>
			<type>rectangle</type>
			<description>None</description>
			<possibleresult>
				<name>Van</name>
			</possibleresult>
			<points>
				<point>160.000000,739.000000</point>
				<point>145.000000,745.000000</point>
				<point>142.000000,738.000000</point>
				<point>157.000000,732.000000</point>
				<point>160.000000,739.000000</point>
			</points>
		</object>
	</objects>
</annotation>