<?xml version="1.0" encoding="utf-8"?>
<annotation>
	<source>
		<filename>1055.tif</filename>
		<origin>GF2/GF3</origin>
	</source>
	<research>
		<version>1.0</version>
		<provider>FAIR1M</provider>
		<author>Cyber</author>
		<pluginname>FAIR1M</pluginname>
		<pluginclass>object detection</pluginclass>
		<time>2021-07-21</time>
	</research>
	<size>
		<width>1500</width>
		<height>1500</height>
		<depth>3</depth>
	</size>
	<objects>
		<object>
			<coordinate>pixel</coordinate>
			<type>rectangle</type>
			<description>None</description>
			<possibleresult>
				<name>Liquid Cargo Ship</name>
			</possibleresult>
			<points>
				<point>489.000000,288.000000</point>
				<point>494.000000,142.000000</point>
				<point>464.000000,140.000000</point>
				<point>458.000000,287.000000</point>
				<point>489.000000,288.000000</point>
			</points>
		</object>
		<object>
			<coordinate>pixel</coordinate>
			<type>rectangle</type>
			<description>None</description>
			<possibleresult>
				<name>Liquid Cargo Ship</name>
			</possibleresult>
			<points>
				<point>479.000000,629.000000</point>
				<point>481.000000,398.000000</point>
				<point>439.000000,397.000000</point>
				<point>435.000000,629.000000</point>
				<point>479.000000,629.000000</point>
			</points>
		</object>
		<object>
			<coordinate>pixel</coordinate>
			<type>rectangle</type>
			<description>None</description>
			<possibleresult>
				<name>Tugboat</name>
			</possibleresult>
			<points>
				<point>860.000000,9.000000</point>
				<point>822.000000,4.000000</point>
				<point>820.000000,13.000000</point>
				<point>859.000000,19.000000</point>
				<point>860.000000,9.000000</point>
			</points>
		</object>
		<object>
			<coordinate>pixel</coordinate>
			<type>rectangle</type>
			<description>None</description>
			<possibleresult>
				<name>Fishing Boat</name>
			</possibleresult>
			<points>
				<point>745.000000,20.000000</point>
				<point>745.000000,69.000000</point>
				<point>757.000000,69.000000</point>
				<point>757.000000,20.000000</point>
				<point>745.000000,20.000000</point>
			</points>
		</object>
		<object>
			<coordinate>pixel</coordinate>
			<type>rectangle</type>
			<description>None</description>
			<possibleresult>
				<name>Fishing Boat</name>
			</possibleresult>
			<points>
				<point>758.000000,29.000000</point>
				<point>757.000000,57.000000</point>
				<point>770.000000,57.000000</point>
				<point>770.000000,29.000000</point>
				<point>758.000000,29.000000</point>
			</points>
		</object>
		<object>
			<coordinate>pixel</coordinate>
			<type>rectangle</type>
			<description>None</description>
			<possibleresult>
				<name>Tugboat</name>
			</possibleresult>
			<points>
				<point>818.000000,15.000000</point>
				<point>813.000000,63.000000</point>
				<point>825.000000,64.000000</point>
				<point>831.000000,18.000000</point>
				<point>818.000000,15.000000</point>
			</points>
		</object>
		<object>
			<coordinate>pixel</coordinate>
			<type>rectangle</type>
			<description>None</description>
			<possibleresult>
				<name>Tugboat</name>
			</possibleresult>
			<points>
				<point>867.000000,19.000000</point>
				<point>858.000000,69.000000</point>
				<point>873.000000,70.000000</point>
				<point>879.000000,20.000000</point>
				<point>867.000000,19.000000</point>
			</points>
		</object>
		<object>
			<coordinate>pixel</coordinate>
			<type>rectangle</type>
			<description>None</description>
			<possibleresult>
				<name>Tugboat</name>
			</possibleresult>
			<points>
				<point>850.000000,19.000000</point>
				<point>845.000000,67.000000</point>
				<point>858.000000,69.000000</point>
				<point>865.000000,20.000000</point>
				<point>850.000000,19.000000</point>
			</points>
		</object>
		<object>
			<coordinate>pixel</coordinate>
			<type>rectangle</type>
			<description>None</description>
			<possibleresult>
				<name>Tugboat</name>
			</possibleresult>
			<points>
				<point>814.000000,67.000000</point>
				<point>811.000000,117.000000</point>
				<point>826.000000,117.000000</point>
				<point>828.000000,67.000000</point>
				<point>814.000000,67.000000</point>
			</points>
		</object>
		<object>
			<coordinate>pixel</coordinate>
			<type>rectangle</type>
			<description>None</description>
			<possibleresult>
				<name>Tugboat</name>
			</possibleresult>
			<points>
				<point>797.000000,68.000000</point>
				<point>796.000000,117.000000</point>
				<point>811.000000,117.000000</point>
				<point>813.000000,69.000000</point>
				<point>797.000000,68.000000</point>
			</points>
		</object>
		<object>
			<coordinate>pixel</coordinate>
			<type>rectangle</type>
			<description>None</description>
			<possibleresult>
				<name>Tugboat</name>
			</possibleresult>
			<points>
				<point>857.000000,114.000000</point>
				<point>859.000000,70.000000</point>
				<point>846.000000,70.000000</point>
				<point>844.000000,114.000000</point>
				<point>857.000000,114.000000</point>
			</points>
		</object>
		<object>
			<coordinate>pixel</coordinate>
			<type>rectangle</type>
			<description>None</description>
			<possibleresult>
				<name>Tugboat</name>
			</possibleresult>
			<points>
				<point>871.000000,113.000000</point>
				<point>873.000000,71.000000</point>
				<point>859.000000,71.000000</point>
				<point>857.000000,113.000000</point>
				<point>871.000000,113.000000</point>
			</points>
		</object>
		<object>
			<coordinate>pixel</coordinate>
			<type>rectangle</type>
			<description>None</description>
			<possibleresult>
				<name>Fishing Boat</name>
			</possibleresult>
			<points>
				<point>925.000000,106.000000</point>
				<point>960.000000,106.000000</point>
				<point>961.000000,98.000000</point>
				<point>925.000000,98.000000</point>
				<point>925.000000,106.000000</point>
			</points>
		</object>
		<object>
			<coordinate>pixel</coordinate>
			<type>rectangle</type>
			<description>None</description>
			<possibleresult>
				<name>Fishing Boat</name>
			</possibleresult>
			<points>
				<point>965.000000,106.000000</point>
				<point>922.000000,107.000000</point>
				<point>922.000000,121.000000</point>
				<point>965.000000,120.000000</point>
				<point>965.000000,106.000000</point>
			</points>
		</object>
		<object>
			<coordinate>pixel</coordinate>
			<type>rectangle</type>
			<description>None</description>
			<possibleresult>
				<name>Tugboat</name>
			</possibleresult>
			<points>
				<point>747.000000,79.000000</point>
				<point>745.000000,121.000000</point>
				<point>756.000000,122.000000</point>
				<point>758.000000,80.000000</point>
				<point>747.000000,79.000000</point>
			</points>
		</object>
		<object>
			<coordinate>pixel</coordinate>
			<type>rectangle</type>
			<description>None</description>
			<possibleresult>
				<name>Fishing Boat</name>
			</possibleresult>
			<points>
				<point>726.000000,105.000000</point>
				<point>726.000000,87.000000</point>
				<point>718.000000,86.000000</point>
				<point>717.000000,105.000000</point>
				<point>726.000000,105.000000</point>
			</points>
		</object>
		<object>
			<coordinate>pixel</coordinate>
			<type>rectangle</type>
			<description>None</description>
			<possibleresult>
				<name>Tugboat</name>
			</possibleresult>
			<points>
				<point>845.000000,118.000000</point>
				<point>843.000000,164.000000</point>
				<point>856.000000,164.000000</point>
				<point>859.000000,119.000000</point>
				<point>845.000000,118.000000</point>
			</points>
		</object>
		<object>
			<coordinate>pixel</coordinate>
			<type>rectangle</type>
			<description>None</description>
			<possibleresult>
				<name>Tugboat</name>
			</possibleresult>
			<points>
				<point>811.000000,172.000000</point>
				<point>810.000000,213.000000</point>
				<point>825.000000,213.000000</point>
				<point>825.000000,172.000000</point>
				<point>811.000000,172.000000</point>
			</points>
		</object>
		<object>
			<coordinate>pixel</coordinate>
			<type>rectangle</type>
			<description>None</description>
			<possibleresult>
				<name>Tugboat</name>
			</possibleresult>
			<points>
				<point>810.000000,262.000000</point>
				<point>811.000000,226.000000</point>
				<point>799.000000,226.000000</point>
				<point>798.000000,261.000000</point>
				<point>810.000000,262.000000</point>
			</points>
		</object>
		<object>
			<coordinate>pixel</coordinate>
			<type>rectangle</type>
			<description>None</description>
			<possibleresult>
				<name>Tugboat</name>
			</possibleresult>
			<points>
				<point>825.000000,263.000000</point>
				<point>826.000000,229.000000</point>
				<point>813.000000,229.000000</point>
				<point>810.000000,262.000000</point>
				<point>825.000000,263.000000</point>
			</points>
		</object>
		<object>
			<coordinate>pixel</coordinate>
			<type>rectangle</type>
			<description>None</description>
			<possibleresult>
				<name>Tugboat</name>
			</possibleresult>
			<points>
				<point>856.000000,267.000000</point>
				<point>856.000000,228.000000</point>
				<point>842.000000,228.000000</point>
				<point>843.000000,267.000000</point>
				<point>856.000000,267.000000</point>
			</points>
		</object>
		<object>
			<coordinate>pixel</coordinate>
			<type>rectangle</type>
			<description>None</description>
			<possibleresult>
				<name>Fishing Boat</name>
			</possibleresult>
			<points>
				<point>975.000000,220.000000</point>
				<point>973.000000,179.000000</point>
				<point>964.000000,179.000000</point>
				<point>966.000000,220.000000</point>
				<point>975.000000,220.000000</point>
			</points>
		</object>
		<object>
			<coordinate>pixel</coordinate>
			<type>rectangle</type>
			<description>None</description>
			<possibleresult>
				<name>Fishing Boat</name>
			</possibleresult>
			<points>
				<point>927.000000,219.000000</point>
				<point>925.000000,181.000000</point>
				<point>916.000000,181.000000</point>
				<point>917.000000,220.000000</point>
				<point>927.000000,219.000000</point>
			</points>
		</object>
		<object>
			<coordinate>pixel</coordinate>
			<type>rectangle</type>
			<description>None</description>
			<possibleresult>
				<name>Fishing Boat</name>
			</possibleresult>
			<points>
				<point>964.000000,221.000000</point>
				<point>963.000000,181.000000</point>
				<point>954.000000,181.000000</point>
				<point>955.000000,221.000000</point>
				<point>964.000000,221.000000</point>
			</points>
		</object>
		<object>
			<coordinate>pixel</coordinate>
			<type>rectangle</type>
			<description>None</description>
			<possibleresult>
				<name>Fishing Boat</name>
			</possibleresult>
			<points>
				<point>963.000000,263.000000</point>
				<point>963.000000,234.000000</point>
				<point>952.000000,234.000000</point>
				<point>952.000000,263.000000</point>
				<point>963.000000,263.000000</point>
			</points>
		</object>
		<object>
			<coordinate>pixel</coordinate>
			<type>rectangle</type>
			<description>None</description>
			<possibleresult>
				<name>Motorboat</name>
			</possibleresult>
			<points>
				<point>970.000000,260.000000</point>
				<point>970.000000,239.000000</point>
				<point>963.000000,239.000000</point>
				<point>963.000000,260.000000</point>
				<point>970.000000,260.000000</point>
			</points>
		</object>
		<object>
			<coordinate>pixel</coordinate>
			<type>rectangle</type>
			<description>None</description>
			<possibleresult>
				<name>Motorboat</name>
			</possibleresult>
			<points>
				<point>1071.000000,163.000000</point>
				<point>1048.000000,162.000000</point>
				<point>1048.000000,169.000000</point>
				<point>1071.000000,170.000000</point>
				<point>1071.000000,163.000000</point>
			</points>
		</object>
		<object>
			<coordinate>pixel</coordinate>
			<type>rectangle</type>
			<description>None</description>
			<possibleresult>
				<name>Motorboat</name>
			</possibleresult>
			<points>
				<point>1071.000000,171.000000</point>
				<point>1045.000000,170.000000</point>
				<point>1045.000000,173.000000</point>
				<point>1070.000000,176.000000</point>
				<point>1071.000000,171.000000</point>
			</points>
		</object>
		<object>
			<coordinate>pixel</coordinate>
			<type>rectangle</type>
			<description>None</description>
			<possibleresult>
				<name>Motorboat</name>
			</possibleresult>
			<points>
				<point>1048.000000,209.000000</point>
				<point>1048.000000,182.000000</point>
				<point>1040.000000,184.000000</point>
				<point>1041.000000,209.000000</point>
				<point>1048.000000,209.000000</point>
			</points>
		</object>
		<object>
			<coordinate>pixel</coordinate>
			<type>rectangle</type>
			<description>None</description>
			<possibleresult>
				<name>Motorboat</name>
			</possibleresult>
			<points>
				<point>1041.000000,207.000000</point>
				<point>1042.000000,184.000000</point>
				<point>1034.000000,184.000000</point>
				<point>1033.000000,207.000000</point>
				<point>1041.000000,207.000000</point>
			</points>
		</object>
		<object>
			<coordinate>pixel</coordinate>
			<type>rectangle</type>
			<description>None</description>
			<possibleresult>
				<name>Motorboat</name>
			</possibleresult>
			<points>
				<point>1033.000000,207.000000</point>
				<point>1033.000000,180.000000</point>
				<point>1027.000000,180.000000</point>
				<point>1027.000000,207.000000</point>
				<point>1033.000000,207.000000</point>
			</points>
		</object>
		<object>
			<coordinate>pixel</coordinate>
			<type>rectangle</type>
			<description>None</description>
			<possibleresult>
				<name>Motorboat</name>
			</possibleresult>
			<points>
				<point>1091.000000,197.000000</point>
				<point>1089.000000,177.000000</point>
				<point>1083.000000,178.000000</point>
				<point>1084.000000,197.000000</point>
				<point>1091.000000,197.000000</point>
			</points>
		</object>
		<object>
			<coordinate>pixel</coordinate>
			<type>rectangle</type>
			<description>None</description>
			<possibleresult>
				<name>Motorboat</name>
			</possibleresult>
			<points>
				<point>1082.000000,196.000000</point>
				<point>1081.000000,176.000000</point>
				<point>1075.000000,176.000000</point>
				<point>1076.000000,196.000000</point>
				<point>1082.000000,196.000000</point>
			</points>
		</object>
		<object>
			<coordinate>pixel</coordinate>
			<type>rectangle</type>
			<description>None</description>
			<possibleresult>
				<name>Motorboat</name>
			</possibleresult>
			<points>
				<point>1078.000000,196.000000</point>
				<point>1078.000000,179.000000</point>
				<point>1072.000000,179.000000</point>
				<point>1073.000000,196.000000</point>
				<point>1078.000000,196.000000</point>
			</points>
		</object>
		<object>
			<coordinate>pixel</coordinate>
			<type>rectangle</type>
			<description>None</description>
			<possibleresult>
				<name>Motorboat</name>
			</possibleresult>
			<points>
				<point>1022.000000,237.000000</point>
				<point>1025.000000,212.000000</point>
				<point>1018.000000,212.000000</point>
				<point>1015.000000,237.000000</point>
				<point>1022.000000,237.000000</point>
			</points>
		</object>
		<object>
			<coordinate>pixel</coordinate>
			<type>rectangle</type>
			<description>None</description>
			<possibleresult>
				<name>Motorboat</name>
			</possibleresult>
			<points>
				<point>1025.000000,243.000000</point>
				<point>1029.000000,215.000000</point>
				<point>1023.000000,214.000000</point>
				<point>1020.000000,242.000000</point>
				<point>1025.000000,243.000000</point>
			</points>
		</object>
		<object>
			<coordinate>pixel</coordinate>
			<type>rectangle</type>
			<description>None</description>
			<possibleresult>
				<name>Motorboat</name>
			</possibleresult>
			<points>
				<point>1033.000000,239.000000</point>
				<point>1035.000000,219.000000</point>
				<point>1028.000000,218.000000</point>
				<point>1026.000000,238.000000</point>
				<point>1033.000000,239.000000</point>
			</points>
		</object>
		<object>
			<coordinate>pixel</coordinate>
			<type>rectangle</type>
			<description>None</description>
			<possibleresult>
				<name>Motorboat</name>
			</possibleresult>
			<points>
				<point>1041.000000,242.000000</point>
				<point>1042.000000,220.000000</point>
				<point>1036.000000,220.000000</point>
				<point>1034.000000,240.000000</point>
				<point>1041.000000,242.000000</point>
			</points>
		</object>
		<object>
			<coordinate>pixel</coordinate>
			<type>rectangle</type>
			<description>None</description>
			<possibleresult>
				<name>Motorboat</name>
			</possibleresult>
			<points>
				<point>1072.000000,202.000000</point>
				<point>1072.000000,221.000000</point>
				<point>1077.000000,221.000000</point>
				<point>1078.000000,202.000000</point>
				<point>1072.000000,202.000000</point>
			</points>
		</object>
		<object>
			<coordinate>pixel</coordinate>
			<type>rectangle</type>
			<description>None</description>
			<possibleresult>
				<name>Motorboat</name>
			</possibleresult>
			<points>
				<point>1077.000000,201.000000</point>
				<point>1077.000000,221.000000</point>
				<point>1083.000000,221.000000</point>
				<point>1084.000000,201.000000</point>
				<point>1077.000000,201.000000</point>
			</points>
		</object>
		<object>
			<coordinate>pixel</coordinate>
			<type>rectangle</type>
			<description>None</description>
			<possibleresult>
				<name>Motorboat</name>
			</possibleresult>
			<points>
				<point>1098.000000,244.000000</point>
				<point>1097.000000,220.000000</point>
				<point>1091.000000,220.000000</point>
				<point>1092.000000,245.000000</point>
				<point>1098.000000,244.000000</point>
			</points>
		</object>
		<object>
			<coordinate>pixel</coordinate>
			<type>rectangle</type>
			<description>None</description>
			<possibleresult>
				<name>Motorboat</name>
			</possibleresult>
			<points>
				<point>1080.000000,278.000000</point>
				<point>1081.000000,255.000000</point>
				<point>1076.000000,254.000000</point>
				<point>1075.000000,277.000000</point>
				<point>1080.000000,278.000000</point>
			</points>
		</object>
		<object>
			<coordinate>pixel</coordinate>
			<type>rectangle</type>
			<description>None</description>
			<possibleresult>
				<name>Fishing Boat</name>
			</possibleresult>
			<points>
				<point>1091.000000,255.000000</point>
				<point>1091.000000,222.000000</point>
				<point>1083.000000,222.000000</point>
				<point>1082.000000,255.000000</point>
				<point>1091.000000,255.000000</point>
			</points>
		</object>
		<object>
			<coordinate>pixel</coordinate>
			<type>rectangle</type>
			<description>None</description>
			<possibleresult>
				<name>Motorboat</name>
			</possibleresult>
			<points>
				<point>1022.000000,251.000000</point>
				<point>1046.000000,254.000000</point>
				<point>1046.000000,246.000000</point>
				<point>1023.000000,244.000000</point>
				<point>1022.000000,251.000000</point>
			</points>
		</object>
		<object>
			<coordinate>pixel</coordinate>
			<type>rectangle</type>
			<description>None</description>
			<possibleresult>
				<name>Motorboat</name>
			</possibleresult>
			<points>
				<point>1040.000000,276.000000</point>
				<point>1040.000000,254.000000</point>
				<point>1033.000000,254.000000</point>
				<point>1033.000000,276.000000</point>
				<point>1040.000000,276.000000</point>
			</points>
		</object>
		<object>
			<coordinate>pixel</coordinate>
			<type>rectangle</type>
			<description>None</description>
			<possibleresult>
				<name>Fishing Boat</name>
			</possibleresult>
			<points>
				<point>1082.000000,254.000000</point>
				<point>1082.000000,222.000000</point>
				<point>1077.000000,222.000000</point>
				<point>1076.000000,254.000000</point>
				<point>1082.000000,254.000000</point>
			</points>
		</object>
		<object>
			<coordinate>pixel</coordinate>
			<type>rectangle</type>
			<description>None</description>
			<possibleresult>
				<name>Fishing Boat</name>
			</possibleresult>
			<points>
				<point>1075.000000,252.000000</point>
				<point>1076.000000,225.000000</point>
				<point>1070.000000,225.000000</point>
				<point>1070.000000,252.000000</point>
				<point>1075.000000,252.000000</point>
			</points>
		</object>
		<object>
			<coordinate>pixel</coordinate>
			<type>rectangle</type>
			<description>None</description>
			<possibleresult>
				<name>Motorboat</name>
			</possibleresult>
			<points>
				<point>1074.000000,275.000000</point>
				<point>1074.000000,253.000000</point>
				<point>1068.000000,253.000000</point>
				<point>1067.000000,273.000000</point>
				<point>1074.000000,275.000000</point>
			</points>
		</object>
		<object>
			<coordinate>pixel</coordinate>
			<type>rectangle</type>
			<description>None</description>
			<possibleresult>
				<name>Intersection</name>
			</possibleresult>
			<points>
				<point>919.000000,660.000000</point>
				<point>919.000000,634.000000</point>
				<point>897.000000,633.000000</point>
				<point>897.000000,660.000000</point>
				<point>919.000000,660.000000</point>
			</points>
		</object>
	</objects>
</annotation>