<?xml version="1.0" encoding="utf-8"?>
<annotation>
	<source>
		<filename>1061.tif</filename>
		<origin>GF2/GF3</origin>
	</source>
	<research>
		<version>1.0</version>
		<provider>FAIR1M</provider>
		<author>Cyber</author>
		<pluginname>FAIR1M</pluginname>
		<pluginclass>object detection</pluginclass>
		<time>2021-07-21</time>
	</research>
	<size>
		<width>1500</width>
		<height>1500</height>
		<depth>3</depth>
	</size>
	<objects>
		<object>
			<coordinate>pixel</coordinate>
			<type>rectangle</type>
			<description>None</description>
			<possibleresult>
				<name>Dry Cargo Ship</name>
			</possibleresult>
			<points>
				<point>1413.000000,616.000000</point>
				<point>1353.000000,795.000000</point>
				<point>1387.000000,806.000000</point>
				<point>1446.000000,628.000000</point>
				<point>1413.000000,616.000000</point>
			</points>
		</object>
		<object>
			<coordinate>pixel</coordinate>
			<type>rectangle</type>
			<description>None</description>
			<possibleresult>
				<name>Tugboat</name>
			</possibleresult>
			<points>
				<point>1303.000000,1181.000000</point>
				<point>1342.000000,1190.000000</point>
				<point>1346.000000,1179.000000</point>
				<point>1305.000000,1170.000000</point>
				<point>1303.000000,1181.000000</point>
			</points>
		</object>
		<object>
			<coordinate>pixel</coordinate>
			<type>rectangle</type>
			<description>None</description>
			<possibleresult>
				<name>Tugboat</name>
			</possibleresult>
			<points>
				<point>1344.000000,1193.000000</point>
				<point>1303.000000,1183.000000</point>
				<point>1301.000000,1193.000000</point>
				<point>1342.000000,1202.000000</point>
				<point>1344.000000,1193.000000</point>
			</points>
		</object>
		<object>
			<coordinate>pixel</coordinate>
			<type>rectangle</type>
			<description>None</description>
			<possibleresult>
				<name>Intersection</name>
			</possibleresult>
			<points>
				<point>540.000000,729.000000</point>
				<point>549.000000,698.000000</point>
				<point>603.000000,714.000000</point>
				<point>594.000000,745.000000</point>
				<point>540.000000,729.000000</point>
			</points>
		</object>
	</objects>
</annotation>