<?xml version="1.0" encoding="utf-8"?>
<annotation>
	<source>
		<filename>1062.tif</filename>
		<origin>GF2/GF3</origin>
	</source>
	<research>
		<version>1.0</version>
		<provider>FAIR1M</provider>
		<author>Cyber</author>
		<pluginname>FAIR1M</pluginname>
		<pluginclass>object detection</pluginclass>
		<time>2021-07-21</time>
	</research>
	<size>
		<width>1000</width>
		<height>1000</height>
		<depth>3</depth>
	</size>
	<objects>
		<object>
			<coordinate>pixel</coordinate>
			<type>rectangle</type>
			<description>None</description>
			<possibleresult>
				<name>Intersection</name>
			</possibleresult>
			<points>
				<point>193.000000,657.000000</point>
				<point>152.000000,658.000000</point>
				<point>152.000000,623.000000</point>
				<point>193.000000,622.000000</point>
				<point>193.000000,657.000000</point>
			</points>
		</object>
		<object>
			<coordinate>pixel</coordinate>
			<type>rectangle</type>
			<description>None</description>
			<possibleresult>
				<name>Van</name>
			</possibleresult>
			<points>
				<point>343.000000,149.000000</point>
				<point>337.000000,149.000000</point>
				<point>337.000000,136.000000</point>
				<point>343.000000,136.000000</point>
				<point>343.000000,149.000000</point>
			</points>
		</object>
		<object>
			<coordinate>pixel</coordinate>
			<type>rectangle</type>
			<description>None</description>
			<possibleresult>
				<name>Van</name>
			</possibleresult>
			<points>
				<point>372.000000,191.000000</point>
				<point>366.000000,193.000000</point>
				<point>363.000000,180.000000</point>
				<point>369.000000,178.000000</point>
				<point>372.000000,191.000000</point>
			</points>
		</object>
		<object>
			<coordinate>pixel</coordinate>
			<type>rectangle</type>
			<description>None</description>
			<possibleresult>
				<name>Small Car</name>
			</possibleresult>
			<points>
				<point>100.000000,676.000000</point>
				<point>93.000000,676.000000</point>
				<point>93.000000,660.000000</point>
				<point>100.000000,660.000000</point>
				<point>100.000000,676.000000</point>
			</points>
		</object>
		<object>
			<coordinate>pixel</coordinate>
			<type>rectangle</type>
			<description>None</description>
			<possibleresult>
				<name>Small Car</name>
			</possibleresult>
			<points>
				<point>32.000000,626.000000</point>
				<point>25.000000,626.000000</point>
				<point>25.000000,611.000000</point>
				<point>32.000000,611.000000</point>
				<point>32.000000,626.000000</point>
			</points>
		</object>
		<object>
			<coordinate>pixel</coordinate>
			<type>rectangle</type>
			<description>None</description>
			<possibleresult>
				<name>Small Car</name>
			</possibleresult>
			<points>
				<point>61.000000,630.000000</point>
				<point>55.000000,630.000000</point>
				<point>54.000000,618.000000</point>
				<point>59.000000,617.000000</point>
				<point>61.000000,630.000000</point>
			</points>
		</object>
		<object>
			<coordinate>pixel</coordinate>
			<type>rectangle</type>
			<description>None</description>
			<possibleresult>
				<name>Small Car</name>
			</possibleresult>
			<points>
				<point>55.000000,778.000000</point>
				<point>46.000000,778.000000</point>
				<point>46.000000,761.000000</point>
				<point>55.000000,761.000000</point>
				<point>55.000000,778.000000</point>
			</points>
		</object>
		<object>
			<coordinate>pixel</coordinate>
			<type>rectangle</type>
			<description>None</description>
			<possibleresult>
				<name>Small Car</name>
			</possibleresult>
			<points>
				<point>176.000000,774.000000</point>
				<point>169.000000,774.000000</point>
				<point>167.000000,760.000000</point>
				<point>175.000000,759.000000</point>
				<point>176.000000,774.000000</point>
			</points>
		</object>
		<object>
			<coordinate>pixel</coordinate>
			<type>rectangle</type>
			<description>None</description>
			<possibleresult>
				<name>Small Car</name>
			</possibleresult>
			<points>
				<point>39.000000,921.000000</point>
				<point>32.000000,921.000000</point>
				<point>32.000000,909.000000</point>
				<point>39.000000,909.000000</point>
				<point>39.000000,921.000000</point>
			</points>
		</object>
		<object>
			<coordinate>pixel</coordinate>
			<type>rectangle</type>
			<description>None</description>
			<possibleresult>
				<name>Small Car</name>
			</possibleresult>
			<points>
				<point>28.000000,921.000000</point>
				<point>22.000000,921.000000</point>
				<point>22.000000,910.000000</point>
				<point>28.000000,910.000000</point>
				<point>28.000000,921.000000</point>
			</points>
		</object>
		<object>
			<coordinate>pixel</coordinate>
			<type>rectangle</type>
			<description>None</description>
			<possibleresult>
				<name>Small Car</name>
			</possibleresult>
			<points>
				<point>18.000000,921.000000</point>
				<point>12.000000,921.000000</point>
				<point>12.000000,910.000000</point>
				<point>18.000000,910.000000</point>
				<point>18.000000,921.000000</point>
			</points>
		</object>
		<object>
			<coordinate>pixel</coordinate>
			<type>rectangle</type>
			<description>None</description>
			<possibleresult>
				<name>Small Car</name>
			</possibleresult>
			<points>
				<point>8.000000,921.000000</point>
				<point>1.000000,921.000000</point>
				<point>1.000000,909.000000</point>
				<point>8.000000,909.000000</point>
				<point>8.000000,921.000000</point>
			</points>
		</object>
		<object>
			<coordinate>pixel</coordinate>
			<type>rectangle</type>
			<description>None</description>
			<possibleresult>
				<name>Small Car</name>
			</possibleresult>
			<points>
				<point>535.000000,111.000000</point>
				<point>528.000000,112.000000</point>
				<point>527.000000,98.000000</point>
				<point>534.000000,97.000000</point>
				<point>535.000000,111.000000</point>
			</points>
		</object>
		<object>
			<coordinate>pixel</coordinate>
			<type>rectangle</type>
			<description>None</description>
			<possibleresult>
				<name>Small Car</name>
			</possibleresult>
			<points>
				<point>301.000000,853.000000</point>
				<point>295.000000,853.000000</point>
				<point>295.000000,842.000000</point>
				<point>301.000000,842.000000</point>
				<point>301.000000,853.000000</point>
			</points>
		</object>
		<object>
			<coordinate>pixel</coordinate>
			<type>rectangle</type>
			<description>None</description>
			<possibleresult>
				<name>Small Car</name>
			</possibleresult>
			<points>
				<point>247.000000,906.000000</point>
				<point>238.000000,906.000000</point>
				<point>238.000000,890.000000</point>
				<point>247.000000,890.000000</point>
				<point>247.000000,906.000000</point>
			</points>
		</object>
		<object>
			<coordinate>pixel</coordinate>
			<type>rectangle</type>
			<description>None</description>
			<possibleresult>
				<name>Small Car</name>
			</possibleresult>
			<points>
				<point>515.000000,506.000000</point>
				<point>509.000000,507.000000</point>
				<point>507.000000,497.000000</point>
				<point>512.000000,495.000000</point>
				<point>515.000000,506.000000</point>
			</points>
		</object>
		<object>
			<coordinate>pixel</coordinate>
			<type>rectangle</type>
			<description>None</description>
			<possibleresult>
				<name>Small Car</name>
			</possibleresult>
			<points>
				<point>504.000000,505.000000</point>
				<point>499.000000,508.000000</point>
				<point>493.000000,496.000000</point>
				<point>499.000000,493.000000</point>
				<point>504.000000,505.000000</point>
			</points>
		</object>
		<object>
			<coordinate>pixel</coordinate>
			<type>rectangle</type>
			<description>None</description>
			<possibleresult>
				<name>Small Car</name>
			</possibleresult>
			<points>
				<point>464.000000,679.000000</point>
				<point>456.000000,680.000000</point>
				<point>453.000000,664.000000</point>
				<point>462.000000,663.000000</point>
				<point>464.000000,679.000000</point>
			</points>
		</object>
		<object>
			<coordinate>pixel</coordinate>
			<type>rectangle</type>
			<description>None</description>
			<possibleresult>
				<name>Small Car</name>
			</possibleresult>
			<points>
				<point>444.000000,678.000000</point>
				<point>437.000000,681.000000</point>
				<point>432.000000,665.000000</point>
				<point>439.000000,662.000000</point>
				<point>444.000000,678.000000</point>
			</points>
		</object>
		<object>
			<coordinate>pixel</coordinate>
			<type>rectangle</type>
			<description>None</description>
			<possibleresult>
				<name>Small Car</name>
			</possibleresult>
			<points>
				<point>421.000000,677.000000</point>
				<point>416.000000,679.000000</point>
				<point>411.000000,669.000000</point>
				<point>416.000000,667.000000</point>
				<point>421.000000,677.000000</point>
			</points>
		</object>
		<object>
			<coordinate>pixel</coordinate>
			<type>rectangle</type>
			<description>None</description>
			<possibleresult>
				<name>Van</name>
			</possibleresult>
			<points>
				<point>438.000000,684.000000</point>
				<point>419.000000,690.000000</point>
				<point>417.000000,685.000000</point>
				<point>437.000000,680.000000</point>
				<point>438.000000,684.000000</point>
			</points>
		</object>
		<object>
			<coordinate>pixel</coordinate>
			<type>rectangle</type>
			<description>None</description>
			<possibleresult>
				<name>Small Car</name>
			</possibleresult>
			<points>
				<point>53.000000,128.000000</point>
				<point>36.000000,128.000000</point>
				<point>36.000000,122.000000</point>
				<point>53.000000,122.000000</point>
				<point>53.000000,128.000000</point>
			</points>
		</object>
		<object>
			<coordinate>pixel</coordinate>
			<type>rectangle</type>
			<description>None</description>
			<possibleresult>
				<name>Small Car</name>
			</possibleresult>
			<points>
				<point>60.000000,88.000000</point>
				<point>47.000000,88.000000</point>
				<point>47.000000,83.000000</point>
				<point>60.000000,83.000000</point>
				<point>60.000000,88.000000</point>
			</points>
		</object>
		<object>
			<coordinate>pixel</coordinate>
			<type>rectangle</type>
			<description>None</description>
			<possibleresult>
				<name>Small Car</name>
			</possibleresult>
			<points>
				<point>55.000000,246.000000</point>
				<point>39.000000,247.000000</point>
				<point>38.000000,243.000000</point>
				<point>54.000000,242.000000</point>
				<point>55.000000,246.000000</point>
			</points>
		</object>
		<object>
			<coordinate>pixel</coordinate>
			<type>rectangle</type>
			<description>None</description>
			<possibleresult>
				<name>Small Car</name>
			</possibleresult>
			<points>
				<point>440.000000,71.000000</point>
				<point>427.000000,71.000000</point>
				<point>427.000000,65.000000</point>
				<point>440.000000,65.000000</point>
				<point>440.000000,71.000000</point>
			</points>
		</object>
		<object>
			<coordinate>pixel</coordinate>
			<type>rectangle</type>
			<description>None</description>
			<possibleresult>
				<name>Van</name>
			</possibleresult>
			<points>
				<point>249.000000,277.000000</point>
				<point>235.000000,277.000000</point>
				<point>235.000000,271.000000</point>
				<point>249.000000,271.000000</point>
				<point>249.000000,277.000000</point>
			</points>
		</object>
		<object>
			<coordinate>pixel</coordinate>
			<type>rectangle</type>
			<description>None</description>
			<possibleresult>
				<name>Small Car</name>
			</possibleresult>
			<points>
				<point>480.000000,363.000000</point>
				<point>465.000000,366.000000</point>
				<point>463.000000,360.000000</point>
				<point>478.000000,357.000000</point>
				<point>480.000000,363.000000</point>
			</points>
		</object>
		<object>
			<coordinate>pixel</coordinate>
			<type>rectangle</type>
			<description>None</description>
			<possibleresult>
				<name>Small Car</name>
			</possibleresult>
			<points>
				<point>366.000000,479.000000</point>
				<point>347.000000,479.000000</point>
				<point>347.000000,473.000000</point>
				<point>366.000000,473.000000</point>
				<point>366.000000,479.000000</point>
			</points>
		</object>
		<object>
			<coordinate>pixel</coordinate>
			<type>rectangle</type>
			<description>None</description>
			<possibleresult>
				<name>Small Car</name>
			</possibleresult>
			<points>
				<point>460.000000,483.000000</point>
				<point>443.000000,483.000000</point>
				<point>443.000000,476.000000</point>
				<point>460.000000,476.000000</point>
				<point>460.000000,483.000000</point>
			</points>
		</object>
		<object>
			<coordinate>pixel</coordinate>
			<type>rectangle</type>
			<description>None</description>
			<possibleresult>
				<name>Small Car</name>
			</possibleresult>
			<points>
				<point>493.000000,482.000000</point>
				<point>478.000000,482.000000</point>
				<point>478.000000,476.000000</point>
				<point>493.000000,476.000000</point>
				<point>493.000000,482.000000</point>
			</points>
		</object>
		<object>
			<coordinate>pixel</coordinate>
			<type>rectangle</type>
			<description>None</description>
			<possibleresult>
				<name>Small Car</name>
			</possibleresult>
			<points>
				<point>412.000000,467.000000</point>
				<point>392.000000,467.000000</point>
				<point>392.000000,460.000000</point>
				<point>412.000000,460.000000</point>
				<point>412.000000,467.000000</point>
			</points>
		</object>
		<object>
			<coordinate>pixel</coordinate>
			<type>rectangle</type>
			<description>None</description>
			<possibleresult>
				<name>Small Car</name>
			</possibleresult>
			<points>
				<point>309.000000,495.000000</point>
				<point>293.000000,496.000000</point>
				<point>293.000000,489.000000</point>
				<point>308.000000,487.000000</point>
				<point>309.000000,495.000000</point>
			</points>
		</object>
		<object>
			<coordinate>pixel</coordinate>
			<type>rectangle</type>
			<description>None</description>
			<possibleresult>
				<name>Small Car</name>
			</possibleresult>
			<points>
				<point>71.000000,742.000000</point>
				<point>58.000000,742.000000</point>
				<point>58.000000,738.000000</point>
				<point>71.000000,738.000000</point>
				<point>71.000000,742.000000</point>
			</points>
		</object>
		<object>
			<coordinate>pixel</coordinate>
			<type>rectangle</type>
			<description>None</description>
			<possibleresult>
				<name>Small Car</name>
			</possibleresult>
			<points>
				<point>24.000000,743.000000</point>
				<point>5.000000,743.000000</point>
				<point>5.000000,737.000000</point>
				<point>24.000000,737.000000</point>
				<point>24.000000,743.000000</point>
			</points>
		</object>
		<object>
			<coordinate>pixel</coordinate>
			<type>rectangle</type>
			<description>None</description>
			<possibleresult>
				<name>Van</name>
			</possibleresult>
			<points>
				<point>30.000000,974.000000</point>
				<point>10.000000,974.000000</point>
				<point>10.000000,968.000000</point>
				<point>30.000000,968.000000</point>
				<point>30.000000,974.000000</point>
			</points>
		</object>
		<object>
			<coordinate>pixel</coordinate>
			<type>rectangle</type>
			<description>None</description>
			<possibleresult>
				<name>Van</name>
			</possibleresult>
			<points>
				<point>336.000000,740.000000</point>
				<point>319.000000,740.000000</point>
				<point>319.000000,734.000000</point>
				<point>336.000000,734.000000</point>
				<point>336.000000,740.000000</point>
			</points>
		</object>
		<object>
			<coordinate>pixel</coordinate>
			<type>rectangle</type>
			<description>None</description>
			<possibleresult>
				<name>Van</name>
			</possibleresult>
			<points>
				<point>348.000000,638.000000</point>
				<point>341.000000,638.000000</point>
				<point>341.000000,623.000000</point>
				<point>348.000000,623.000000</point>
				<point>348.000000,638.000000</point>
			</points>
		</object>
		<object>
			<coordinate>pixel</coordinate>
			<type>rectangle</type>
			<description>None</description>
			<possibleresult>
				<name>Van</name>
			</possibleresult>
			<points>
				<point>161.000000,617.000000</point>
				<point>141.000000,617.000000</point>
				<point>141.000000,612.000000</point>
				<point>161.000000,612.000000</point>
				<point>161.000000,617.000000</point>
			</points>
		</object>
		<object>
			<coordinate>pixel</coordinate>
			<type>rectangle</type>
			<description>None</description>
			<possibleresult>
				<name>Van</name>
			</possibleresult>
			<points>
				<point>41.000000,582.000000</point>
				<point>26.000000,582.000000</point>
				<point>26.000000,577.000000</point>
				<point>41.000000,577.000000</point>
				<point>41.000000,582.000000</point>
			</points>
		</object>
		<object>
			<coordinate>pixel</coordinate>
			<type>rectangle</type>
			<description>None</description>
			<possibleresult>
				<name>Van</name>
			</possibleresult>
			<points>
				<point>39.000000,598.000000</point>
				<point>24.000000,598.000000</point>
				<point>24.000000,593.000000</point>
				<point>39.000000,593.000000</point>
				<point>39.000000,598.000000</point>
			</points>
		</object>
		<object>
			<coordinate>pixel</coordinate>
			<type>rectangle</type>
			<description>None</description>
			<possibleresult>
				<name>Small Car</name>
			</possibleresult>
			<points>
				<point>336.000000,748.000000</point>
				<point>318.000000,748.000000</point>
				<point>318.000000,742.000000</point>
				<point>336.000000,742.000000</point>
				<point>336.000000,748.000000</point>
			</points>
		</object>
		<object>
			<coordinate>pixel</coordinate>
			<type>rectangle</type>
			<description>None</description>
			<possibleresult>
				<name>Small Car</name>
			</possibleresult>
			<points>
				<point>338.000000,757.000000</point>
				<point>320.000000,757.000000</point>
				<point>320.000000,751.000000</point>
				<point>338.000000,751.000000</point>
				<point>338.000000,757.000000</point>
			</points>
		</object>
		<object>
			<coordinate>pixel</coordinate>
			<type>rectangle</type>
			<description>None</description>
			<possibleresult>
				<name>Van</name>
			</possibleresult>
			<points>
				<point>349.000000,731.000000</point>
				<point>342.000000,733.000000</point>
				<point>337.000000,716.000000</point>
				<point>345.000000,715.000000</point>
				<point>349.000000,731.000000</point>
			</points>
		</object>
		<object>
			<coordinate>pixel</coordinate>
			<type>rectangle</type>
			<description>None</description>
			<possibleresult>
				<name>Small Car</name>
			</possibleresult>
			<points>
				<point>603.000000,669.000000</point>
				<point>583.000000,669.000000</point>
				<point>583.000000,663.000000</point>
				<point>603.000000,663.000000</point>
				<point>603.000000,669.000000</point>
			</points>
		</object>
		<object>
			<coordinate>pixel</coordinate>
			<type>rectangle</type>
			<description>None</description>
			<possibleresult>
				<name>Small Car</name>
			</possibleresult>
			<points>
				<point>602.000000,676.000000</point>
				<point>584.000000,677.000000</point>
				<point>584.000000,671.000000</point>
				<point>602.000000,670.000000</point>
				<point>602.000000,676.000000</point>
			</points>
		</object>
		<object>
			<coordinate>pixel</coordinate>
			<type>rectangle</type>
			<description>None</description>
			<possibleresult>
				<name>Small Car</name>
			</possibleresult>
			<points>
				<point>601.000000,694.000000</point>
				<point>588.000000,694.000000</point>
				<point>588.000000,689.000000</point>
				<point>601.000000,689.000000</point>
				<point>601.000000,694.000000</point>
			</points>
		</object>
		<object>
			<coordinate>pixel</coordinate>
			<type>rectangle</type>
			<description>None</description>
			<possibleresult>
				<name>Van</name>
			</possibleresult>
			<points>
				<point>219.000000,742.000000</point>
				<point>193.000000,742.000000</point>
				<point>193.000000,735.000000</point>
				<point>219.000000,735.000000</point>
				<point>219.000000,742.000000</point>
			</points>
		</object>
		<object>
			<coordinate>pixel</coordinate>
			<type>rectangle</type>
			<description>None</description>
			<possibleresult>
				<name>Van</name>
			</possibleresult>
			<points>
				<point>222.000000,724.000000</point>
				<point>221.000000,730.000000</point>
				<point>192.000000,729.000000</point>
				<point>192.000000,722.000000</point>
				<point>222.000000,724.000000</point>
			</points>
		</object>
		<object>
			<coordinate>pixel</coordinate>
			<type>rectangle</type>
			<description>None</description>
			<possibleresult>
				<name>Van</name>
			</possibleresult>
			<points>
				<point>462.000000,741.000000</point>
				<point>445.000000,748.000000</point>
				<point>442.000000,742.000000</point>
				<point>460.000000,736.000000</point>
				<point>462.000000,741.000000</point>
			</points>
		</object>
		<object>
			<coordinate>pixel</coordinate>
			<type>rectangle</type>
			<description>None</description>
			<possibleresult>
				<name>Small Car</name>
			</possibleresult>
			<points>
				<point>517.000000,735.000000</point>
				<point>505.000000,740.000000</point>
				<point>503.000000,734.000000</point>
				<point>515.000000,729.000000</point>
				<point>517.000000,735.000000</point>
			</points>
		</object>
		<object>
			<coordinate>pixel</coordinate>
			<type>rectangle</type>
			<description>None</description>
			<possibleresult>
				<name>Small Car</name>
			</possibleresult>
			<points>
				<point>571.000000,541.000000</point>
				<point>557.000000,546.000000</point>
				<point>555.000000,540.000000</point>
				<point>569.000000,535.000000</point>
				<point>571.000000,541.000000</point>
			</points>
		</object>
		<object>
			<coordinate>pixel</coordinate>
			<type>rectangle</type>
			<description>None</description>
			<possibleresult>
				<name>Small Car</name>
			</possibleresult>
			<points>
				<point>624.000000,588.000000</point>
				<point>612.000000,592.000000</point>
				<point>610.000000,587.000000</point>
				<point>622.000000,583.000000</point>
				<point>624.000000,588.000000</point>
			</points>
		</object>
		<object>
			<coordinate>pixel</coordinate>
			<type>rectangle</type>
			<description>None</description>
			<possibleresult>
				<name>Small Car</name>
			</possibleresult>
			<points>
				<point>530.000000,634.000000</point>
				<point>523.000000,634.000000</point>
				<point>523.000000,620.000000</point>
				<point>530.000000,620.000000</point>
				<point>530.000000,634.000000</point>
			</points>
		</object>
		<object>
			<coordinate>pixel</coordinate>
			<type>rectangle</type>
			<description>None</description>
			<possibleresult>
				<name>Van</name>
			</possibleresult>
			<points>
				<point>613.000000,457.000000</point>
				<point>597.000000,463.000000</point>
				<point>596.000000,458.000000</point>
				<point>612.000000,451.000000</point>
				<point>613.000000,457.000000</point>
			</points>
		</object>
		<object>
			<coordinate>pixel</coordinate>
			<type>rectangle</type>
			<description>None</description>
			<possibleresult>
				<name>Small Car</name>
			</possibleresult>
			<points>
				<point>632.000000,448.000000</point>
				<point>614.000000,455.000000</point>
				<point>612.000000,449.000000</point>
				<point>629.000000,442.000000</point>
				<point>632.000000,448.000000</point>
			</points>
		</object>
		<object>
			<coordinate>pixel</coordinate>
			<type>rectangle</type>
			<description>None</description>
			<possibleresult>
				<name>Small Car</name>
			</possibleresult>
			<points>
				<point>632.000000,472.000000</point>
				<point>618.000000,476.000000</point>
				<point>617.000000,470.000000</point>
				<point>630.000000,466.000000</point>
				<point>632.000000,472.000000</point>
			</points>
		</object>
		<object>
			<coordinate>pixel</coordinate>
			<type>rectangle</type>
			<description>None</description>
			<possibleresult>
				<name>Small Car</name>
			</possibleresult>
			<points>
				<point>664.000000,460.000000</point>
				<point>652.000000,465.000000</point>
				<point>650.000000,459.000000</point>
				<point>662.000000,454.000000</point>
				<point>664.000000,460.000000</point>
			</points>
		</object>
		<object>
			<coordinate>pixel</coordinate>
			<type>rectangle</type>
			<description>None</description>
			<possibleresult>
				<name>Small Car</name>
			</possibleresult>
			<points>
				<point>667.000000,439.000000</point>
				<point>649.000000,445.000000</point>
				<point>646.000000,437.000000</point>
				<point>664.000000,431.000000</point>
				<point>667.000000,439.000000</point>
			</points>
		</object>
		<object>
			<coordinate>pixel</coordinate>
			<type>rectangle</type>
			<description>None</description>
			<possibleresult>
				<name>Small Car</name>
			</possibleresult>
			<points>
				<point>805.000000,635.000000</point>
				<point>791.000000,637.000000</point>
				<point>791.000000,632.000000</point>
				<point>804.000000,631.000000</point>
				<point>805.000000,635.000000</point>
			</points>
		</object>
		<object>
			<coordinate>pixel</coordinate>
			<type>rectangle</type>
			<description>None</description>
			<possibleresult>
				<name>Van</name>
			</possibleresult>
			<points>
				<point>793.000000,319.000000</point>
				<point>778.000000,323.000000</point>
				<point>777.000000,318.000000</point>
				<point>792.000000,314.000000</point>
				<point>793.000000,319.000000</point>
			</points>
		</object>
		<object>
			<coordinate>pixel</coordinate>
			<type>rectangle</type>
			<description>None</description>
			<possibleresult>
				<name>Van</name>
			</possibleresult>
			<points>
				<point>774.000000,306.000000</point>
				<point>762.000000,306.000000</point>
				<point>762.000000,301.000000</point>
				<point>774.000000,301.000000</point>
				<point>774.000000,306.000000</point>
			</points>
		</object>
		<object>
			<coordinate>pixel</coordinate>
			<type>rectangle</type>
			<description>None</description>
			<possibleresult>
				<name>Van</name>
			</possibleresult>
			<points>
				<point>608.000000,315.000000</point>
				<point>603.000000,317.000000</point>
				<point>598.000000,307.000000</point>
				<point>604.000000,305.000000</point>
				<point>608.000000,315.000000</point>
			</points>
		</object>
		<object>
			<coordinate>pixel</coordinate>
			<type>rectangle</type>
			<description>None</description>
			<possibleresult>
				<name>Cargo Truck</name>
			</possibleresult>
			<points>
				<point>528.000000,350.000000</point>
				<point>520.000000,355.000000</point>
				<point>509.000000,337.000000</point>
				<point>518.000000,333.000000</point>
				<point>528.000000,350.000000</point>
			</points>
		</object>
		<object>
			<coordinate>pixel</coordinate>
			<type>rectangle</type>
			<description>None</description>
			<possibleresult>
				<name>Small Car</name>
			</possibleresult>
			<points>
				<point>468.000000,136.000000</point>
				<point>450.000000,144.000000</point>
				<point>448.000000,138.000000</point>
				<point>466.000000,130.000000</point>
				<point>468.000000,136.000000</point>
			</points>
		</object>
		<object>
			<coordinate>pixel</coordinate>
			<type>rectangle</type>
			<description>None</description>
			<possibleresult>
				<name>Van</name>
			</possibleresult>
			<points>
				<point>631.000000,117.000000</point>
				<point>614.000000,121.000000</point>
				<point>613.000000,115.000000</point>
				<point>629.000000,110.000000</point>
				<point>631.000000,117.000000</point>
			</points>
		</object>
		<object>
			<coordinate>pixel</coordinate>
			<type>rectangle</type>
			<description>None</description>
			<possibleresult>
				<name>Van</name>
			</possibleresult>
			<points>
				<point>665.000000,100.000000</point>
				<point>650.000000,104.000000</point>
				<point>648.000000,97.000000</point>
				<point>664.000000,94.000000</point>
				<point>665.000000,100.000000</point>
			</points>
		</object>
		<object>
			<coordinate>pixel</coordinate>
			<type>rectangle</type>
			<description>None</description>
			<possibleresult>
				<name>Van</name>
			</possibleresult>
			<points>
				<point>679.000000,116.000000</point>
				<point>660.000000,121.000000</point>
				<point>658.000000,116.000000</point>
				<point>678.000000,112.000000</point>
				<point>679.000000,116.000000</point>
			</points>
		</object>
		<object>
			<coordinate>pixel</coordinate>
			<type>rectangle</type>
			<description>None</description>
			<possibleresult>
				<name>Van</name>
			</possibleresult>
			<points>
				<point>679.000000,125.000000</point>
				<point>662.000000,129.000000</point>
				<point>661.000000,122.000000</point>
				<point>678.000000,118.000000</point>
				<point>679.000000,125.000000</point>
			</points>
		</object>
		<object>
			<coordinate>pixel</coordinate>
			<type>rectangle</type>
			<description>None</description>
			<possibleresult>
				<name>Van</name>
			</possibleresult>
			<points>
				<point>816.000000,593.000000</point>
				<point>810.000000,595.000000</point>
				<point>803.000000,574.000000</point>
				<point>810.000000,573.000000</point>
				<point>816.000000,593.000000</point>
			</points>
		</object>
		<object>
			<coordinate>pixel</coordinate>
			<type>rectangle</type>
			<description>None</description>
			<possibleresult>
				<name>Dump Truck</name>
			</possibleresult>
			<points>
				<point>802.000000,591.000000</point>
				<point>794.000000,594.000000</point>
				<point>788.000000,578.000000</point>
				<point>796.000000,576.000000</point>
				<point>802.000000,591.000000</point>
			</points>
		</object>
		<object>
			<coordinate>pixel</coordinate>
			<type>rectangle</type>
			<description>None</description>
			<possibleresult>
				<name>Van</name>
			</possibleresult>
			<points>
				<point>600.000000,716.000000</point>
				<point>594.000000,719.000000</point>
				<point>587.000000,704.000000</point>
				<point>593.000000,701.000000</point>
				<point>600.000000,716.000000</point>
			</points>
		</object>
		<object>
			<coordinate>pixel</coordinate>
			<type>rectangle</type>
			<description>None</description>
			<possibleresult>
				<name>Van</name>
			</possibleresult>
			<points>
				<point>613.000000,712.000000</point>
				<point>607.000000,715.000000</point>
				<point>600.000000,701.000000</point>
				<point>607.000000,699.000000</point>
				<point>613.000000,712.000000</point>
			</points>
		</object>
		<object>
			<coordinate>pixel</coordinate>
			<type>rectangle</type>
			<description>None</description>
			<possibleresult>
				<name>Van</name>
			</possibleresult>
			<points>
				<point>627.000000,741.000000</point>
				<point>620.000000,743.000000</point>
				<point>614.000000,729.000000</point>
				<point>621.000000,727.000000</point>
				<point>627.000000,741.000000</point>
			</points>
		</object>
		<object>
			<coordinate>pixel</coordinate>
			<type>rectangle</type>
			<description>None</description>
			<possibleresult>
				<name>Van</name>
			</possibleresult>
			<points>
				<point>639.000000,738.000000</point>
				<point>633.000000,742.000000</point>
				<point>627.000000,730.000000</point>
				<point>633.000000,726.000000</point>
				<point>639.000000,738.000000</point>
			</points>
		</object>
		<object>
			<coordinate>pixel</coordinate>
			<type>rectangle</type>
			<description>None</description>
			<possibleresult>
				<name>Van</name>
			</possibleresult>
			<points>
				<point>660.000000,734.000000</point>
				<point>653.000000,738.000000</point>
				<point>646.000000,723.000000</point>
				<point>653.000000,719.000000</point>
				<point>660.000000,734.000000</point>
			</points>
		</object>
		<object>
			<coordinate>pixel</coordinate>
			<type>rectangle</type>
			<description>None</description>
			<possibleresult>
				<name>Van</name>
			</possibleresult>
			<points>
				<point>670.000000,730.000000</point>
				<point>664.000000,733.000000</point>
				<point>657.000000,719.000000</point>
				<point>663.000000,716.000000</point>
				<point>670.000000,730.000000</point>
			</points>
		</object>
		<object>
			<coordinate>pixel</coordinate>
			<type>rectangle</type>
			<description>None</description>
			<possibleresult>
				<name>Small Car</name>
			</possibleresult>
			<points>
				<point>594.000000,754.000000</point>
				<point>588.000000,756.000000</point>
				<point>581.000000,743.000000</point>
				<point>588.000000,740.000000</point>
				<point>594.000000,754.000000</point>
			</points>
		</object>
		<object>
			<coordinate>pixel</coordinate>
			<type>rectangle</type>
			<description>None</description>
			<possibleresult>
				<name>Small Car</name>
			</possibleresult>
			<points>
				<point>569.000000,689.000000</point>
				<point>551.000000,691.000000</point>
				<point>550.000000,686.000000</point>
				<point>568.000000,685.000000</point>
				<point>569.000000,689.000000</point>
			</points>
		</object>
		<object>
			<coordinate>pixel</coordinate>
			<type>rectangle</type>
			<description>None</description>
			<possibleresult>
				<name>Small Car</name>
			</possibleresult>
			<points>
				<point>564.000000,680.000000</point>
				<point>548.000000,682.000000</point>
				<point>547.000000,677.000000</point>
				<point>564.000000,676.000000</point>
				<point>564.000000,680.000000</point>
			</points>
		</object>
		<object>
			<coordinate>pixel</coordinate>
			<type>rectangle</type>
			<description>None</description>
			<possibleresult>
				<name>Small Car</name>
			</possibleresult>
			<points>
				<point>567.000000,953.000000</point>
				<point>550.000000,957.000000</point>
				<point>549.000000,951.000000</point>
				<point>566.000000,947.000000</point>
				<point>567.000000,953.000000</point>
			</points>
		</object>
		<object>
			<coordinate>pixel</coordinate>
			<type>rectangle</type>
			<description>None</description>
			<possibleresult>
				<name>Small Car</name>
			</possibleresult>
			<points>
				<point>802.000000,935.000000</point>
				<point>786.000000,938.000000</point>
				<point>784.000000,932.000000</point>
				<point>800.000000,929.000000</point>
				<point>802.000000,935.000000</point>
			</points>
		</object>
		<object>
			<coordinate>pixel</coordinate>
			<type>rectangle</type>
			<description>None</description>
			<possibleresult>
				<name>Small Car</name>
			</possibleresult>
			<points>
				<point>749.000000,951.000000</point>
				<point>736.000000,952.000000</point>
				<point>735.000000,945.000000</point>
				<point>749.000000,944.000000</point>
				<point>749.000000,951.000000</point>
			</points>
		</object>
		<object>
			<coordinate>pixel</coordinate>
			<type>rectangle</type>
			<description>None</description>
			<possibleresult>
				<name>Small Car</name>
			</possibleresult>
			<points>
				<point>685.000000,931.000000</point>
				<point>679.000000,932.000000</point>
				<point>677.000000,917.000000</point>
				<point>684.000000,917.000000</point>
				<point>685.000000,931.000000</point>
			</points>
		</object>
		<object>
			<coordinate>pixel</coordinate>
			<type>rectangle</type>
			<description>None</description>
			<possibleresult>
				<name>Van</name>
			</possibleresult>
			<points>
				<point>860.000000,936.000000</point>
				<point>853.000000,937.000000</point>
				<point>851.000000,923.000000</point>
				<point>858.000000,922.000000</point>
				<point>860.000000,936.000000</point>
			</points>
		</object>
		<object>
			<coordinate>pixel</coordinate>
			<type>rectangle</type>
			<description>None</description>
			<possibleresult>
				<name>Van</name>
			</possibleresult>
			<points>
				<point>890.000000,894.000000</point>
				<point>879.000000,894.000000</point>
				<point>879.000000,889.000000</point>
				<point>890.000000,889.000000</point>
				<point>890.000000,894.000000</point>
			</points>
		</object>
		<object>
			<coordinate>pixel</coordinate>
			<type>rectangle</type>
			<description>None</description>
			<possibleresult>
				<name>Van</name>
			</possibleresult>
			<points>
				<point>880.000000,854.000000</point>
				<point>864.000000,857.000000</point>
				<point>863.000000,849.000000</point>
				<point>879.000000,846.000000</point>
				<point>880.000000,854.000000</point>
			</points>
		</object>
		<object>
			<coordinate>pixel</coordinate>
			<type>rectangle</type>
			<description>None</description>
			<possibleresult>
				<name>Small Car</name>
			</possibleresult>
			<points>
				<point>998.000000,882.000000</point>
				<point>992.000000,884.000000</point>
				<point>988.000000,872.000000</point>
				<point>995.000000,871.000000</point>
				<point>998.000000,882.000000</point>
			</points>
		</object>
		<object>
			<coordinate>pixel</coordinate>
			<type>rectangle</type>
			<description>None</description>
			<possibleresult>
				<name>Small Car</name>
			</possibleresult>
			<points>
				<point>998.000000,835.000000</point>
				<point>992.000000,837.000000</point>
				<point>987.000000,824.000000</point>
				<point>994.000000,821.000000</point>
				<point>998.000000,835.000000</point>
			</points>
		</object>
		<object>
			<coordinate>pixel</coordinate>
			<type>rectangle</type>
			<description>None</description>
			<possibleresult>
				<name>Van</name>
			</possibleresult>
			<points>
				<point>778.000000,160.000000</point>
				<point>771.000000,163.000000</point>
				<point>763.000000,148.000000</point>
				<point>769.000000,144.000000</point>
				<point>778.000000,160.000000</point>
			</points>
		</object>
	</objects>
</annotation>