<?xml version="1.0" encoding="utf-8"?>
<annotation>
	<source>
		<filename>1084.tif</filename>
		<origin>GF2/GF3</origin>
	</source>
	<research>
		<version>1.0</version>
		<provider>FAIR1M</provider>
		<author>Cyber</author>
		<pluginname>FAIR1M</pluginname>
		<pluginclass>object detection</pluginclass>
		<time>2021-07-21</time>
	</research>
	<size>
		<width>1000</width>
		<height>1000</height>
		<depth>3</depth>
	</size>
	<objects>
		<object>
			<coordinate>pixel</coordinate>
			<type>rectangle</type>
			<description>None</description>
			<possibleresult>
				<name>Small Car</name>
			</possibleresult>
			<points>
				<point>210.000015,668.999939</point>
				<point>196.000015,679.999939</point>
				<point>191.072556,673.728699</point>
				<point>205.072556,662.728699</point>
				<point>210.000015,668.999939</point>
			</points>
		</object>
		<object>
			<coordinate>pixel</coordinate>
			<type>rectangle</type>
			<description>None</description>
			<possibleresult>
				<name>Small Car</name>
			</possibleresult>
			<points>
				<point>313.280914,758.449524</point>
				<point>306.000031,763.000061</point>
				<point>296.000031,747.000061</point>
				<point>303.280914,742.449524</point>
				<point>313.280914,758.449524</point>
			</points>
		</object>
		<object>
			<coordinate>pixel</coordinate>
			<type>rectangle</type>
			<description>None</description>
			<possibleresult>
				<name>Dump Truck</name>
			</possibleresult>
			<points>
				<point>896.000000,619.000061</point>
				<point>888.000000,636.000061</point>
				<point>880.294678,632.373962</point>
				<point>888.294678,615.373962</point>
				<point>896.000000,619.000061</point>
			</points>
		</object>
		<object>
			<coordinate>pixel</coordinate>
			<type>rectangle</type>
			<description>None</description>
			<possibleresult>
				<name>Baseball Field</name>
			</possibleresult>
			<points>
				<point>564.000000,187.000031</point>
				<point>405.088257,299.661346</point>
				<point>316.000000,174.000031</point>
				<point>474.911743,61.338715</point>
				<point>564.000000,187.000031</point>
			</points>
		</object>
		<object>
			<coordinate>pixel</coordinate>
			<type>rectangle</type>
			<description>None</description>
			<possibleresult>
				<name>Van</name>
			</possibleresult>
			<points>
				<point>232.000031,319.000031</point>
				<point>227.162140,325.128021</point>
				<point>208.000031,310.000031</point>
				<point>212.837921,303.872040</point>
				<point>232.000031,319.000031</point>
			</points>
		</object>
		<object>
			<coordinate>pixel</coordinate>
			<type>rectangle</type>
			<description>None</description>
			<possibleresult>
				<name>Dump Truck</name>
			</possibleresult>
			<points>
				<point>211.141159,299.164703</point>
				<point>201.999985,306.999969</point>
				<point>183.858810,285.835236</point>
				<point>192.999985,277.999969</point>
				<point>211.141159,299.164703</point>
			</points>
		</object>
		<object>
			<coordinate>pixel</coordinate>
			<type>rectangle</type>
			<description>None</description>
			<possibleresult>
				<name>Small Car</name>
			</possibleresult>
			<points>
				<point>348.000000,619.000061</point>
				<point>332.000000,629.000061</point>
				<point>327.449463,621.719177</point>
				<point>343.449463,611.719177</point>
				<point>348.000000,619.000061</point>
			</points>
		</object>
	</objects>
</annotation>