<?xml version="1.0" encoding="utf-8"?>
<annotation>
	<source>
		<filename>1087.tif</filename>
		<origin>GF2/GF3</origin>
	</source>
	<research>
		<version>1.0</version>
		<provider>FAIR1M</provider>
		<author>Cyber</author>
		<pluginname>FAIR1M</pluginname>
		<pluginclass>object detection</pluginclass>
		<time>2021-07-21</time>
	</research>
	<size>
		<width>1000</width>
		<height>1000</height>
		<depth>3</depth>
	</size>
	<objects>
		<object>
			<coordinate>pixel</coordinate>
			<type>rectangle</type>
			<description>None</description>
			<possibleresult>
				<name>Small Car</name>
			</possibleresult>
			<points>
				<point>991.000000,247.000000</point>
				<point>979.000000,247.000000</point>
				<point>979.000000,234.000000</point>
				<point>991.000000,234.000000</point>
				<point>991.000000,247.000000</point>
			</points>
		</object>
		<object>
			<coordinate>pixel</coordinate>
			<type>rectangle</type>
			<description>None</description>
			<possibleresult>
				<name>Van</name>
			</possibleresult>
			<points>
				<point>977.000000,246.000000</point>
				<point>967.000000,246.000000</point>
				<point>967.000000,234.000000</point>
				<point>977.000000,234.000000</point>
				<point>977.000000,246.000000</point>
			</points>
		</object>
		<object>
			<coordinate>pixel</coordinate>
			<type>rectangle</type>
			<description>None</description>
			<possibleresult>
				<name>Van</name>
			</possibleresult>
			<points>
				<point>915.000000,246.000000</point>
				<point>902.000000,246.000000</point>
				<point>902.000000,231.000000</point>
				<point>915.000000,231.000000</point>
				<point>915.000000,246.000000</point>
			</points>
		</object>
		<object>
			<coordinate>pixel</coordinate>
			<type>rectangle</type>
			<description>None</description>
			<possibleresult>
				<name>Van</name>
			</possibleresult>
			<points>
				<point>997.000000,201.000000</point>
				<point>985.000000,201.000000</point>
				<point>985.000000,184.000000</point>
				<point>997.000000,184.000000</point>
				<point>997.000000,201.000000</point>
			</points>
		</object>
		<object>
			<coordinate>pixel</coordinate>
			<type>rectangle</type>
			<description>None</description>
			<possibleresult>
				<name>Van</name>
			</possibleresult>
			<points>
				<point>948.000000,174.000000</point>
				<point>946.000000,191.000000</point>
				<point>937.000000,191.000000</point>
				<point>938.000000,173.000000</point>
				<point>948.000000,174.000000</point>
			</points>
		</object>
		<object>
			<coordinate>pixel</coordinate>
			<type>rectangle</type>
			<description>None</description>
			<possibleresult>
				<name>Small Car</name>
			</possibleresult>
			<points>
				<point>937.000000,172.000000</point>
				<point>936.000000,190.000000</point>
				<point>925.000000,189.000000</point>
				<point>927.000000,172.000000</point>
				<point>937.000000,172.000000</point>
			</points>
		</object>
		<object>
			<coordinate>pixel</coordinate>
			<type>rectangle</type>
			<description>None</description>
			<possibleresult>
				<name>Van</name>
			</possibleresult>
			<points>
				<point>924.000000,174.000000</point>
				<point>922.000000,189.000000</point>
				<point>912.000000,189.000000</point>
				<point>913.000000,173.000000</point>
				<point>924.000000,174.000000</point>
			</points>
		</object>
		<object>
			<coordinate>pixel</coordinate>
			<type>rectangle</type>
			<description>None</description>
			<possibleresult>
				<name>Dump Truck</name>
			</possibleresult>
			<points>
				<point>910.000000,173.000000</point>
				<point>909.000000,190.000000</point>
				<point>900.000000,189.000000</point>
				<point>901.000000,172.000000</point>
				<point>910.000000,173.000000</point>
			</points>
		</object>
		<object>
			<coordinate>pixel</coordinate>
			<type>rectangle</type>
			<description>None</description>
			<possibleresult>
				<name>Van</name>
			</possibleresult>
			<points>
				<point>899.000000,190.000000</point>
				<point>887.000000,190.000000</point>
				<point>887.000000,173.000000</point>
				<point>899.000000,173.000000</point>
				<point>899.000000,190.000000</point>
			</points>
		</object>
		<object>
			<coordinate>pixel</coordinate>
			<type>rectangle</type>
			<description>None</description>
			<possibleresult>
				<name>Van</name>
			</possibleresult>
			<points>
				<point>887.000000,186.000000</point>
				<point>876.000000,186.000000</point>
				<point>876.000000,169.000000</point>
				<point>887.000000,169.000000</point>
				<point>887.000000,186.000000</point>
			</points>
		</object>
		<object>
			<coordinate>pixel</coordinate>
			<type>rectangle</type>
			<description>None</description>
			<possibleresult>
				<name>Van</name>
			</possibleresult>
			<points>
				<point>896.000000,115.000000</point>
				<point>895.000000,131.000000</point>
				<point>884.000000,130.000000</point>
				<point>885.000000,114.000000</point>
				<point>896.000000,115.000000</point>
			</points>
		</object>
		<object>
			<coordinate>pixel</coordinate>
			<type>rectangle</type>
			<description>None</description>
			<possibleresult>
				<name>Van</name>
			</possibleresult>
			<points>
				<point>873.000000,125.000000</point>
				<point>862.000000,125.000000</point>
				<point>862.000000,108.000000</point>
				<point>873.000000,108.000000</point>
				<point>873.000000,125.000000</point>
			</points>
		</object>
		<object>
			<coordinate>pixel</coordinate>
			<type>rectangle</type>
			<description>None</description>
			<possibleresult>
				<name>Small Car</name>
			</possibleresult>
			<points>
				<point>859.000000,129.000000</point>
				<point>847.000000,129.000000</point>
				<point>847.000000,110.000000</point>
				<point>859.000000,110.000000</point>
				<point>859.000000,129.000000</point>
			</points>
		</object>
		<object>
			<coordinate>pixel</coordinate>
			<type>rectangle</type>
			<description>None</description>
			<possibleresult>
				<name>Van</name>
			</possibleresult>
			<points>
				<point>900.000000,89.000000</point>
				<point>898.000000,106.000000</point>
				<point>887.000000,106.000000</point>
				<point>888.000000,88.000000</point>
				<point>900.000000,89.000000</point>
			</points>
		</object>
		<object>
			<coordinate>pixel</coordinate>
			<type>rectangle</type>
			<description>None</description>
			<possibleresult>
				<name>Van</name>
			</possibleresult>
			<points>
				<point>886.000000,89.000000</point>
				<point>885.000000,106.000000</point>
				<point>875.000000,106.000000</point>
				<point>876.000000,89.000000</point>
				<point>886.000000,89.000000</point>
			</points>
		</object>
		<object>
			<coordinate>pixel</coordinate>
			<type>rectangle</type>
			<description>None</description>
			<possibleresult>
				<name>Van</name>
			</possibleresult>
			<points>
				<point>874.000000,87.000000</point>
				<point>873.000000,106.000000</point>
				<point>861.000000,105.000000</point>
				<point>862.000000,86.000000</point>
				<point>874.000000,87.000000</point>
			</points>
		</object>
		<object>
			<coordinate>pixel</coordinate>
			<type>rectangle</type>
			<description>None</description>
			<possibleresult>
				<name>Van</name>
			</possibleresult>
			<points>
				<point>861.000000,88.000000</point>
				<point>860.000000,106.000000</point>
				<point>849.000000,105.000000</point>
				<point>850.000000,87.000000</point>
				<point>861.000000,88.000000</point>
			</points>
		</object>
		<object>
			<coordinate>pixel</coordinate>
			<type>rectangle</type>
			<description>None</description>
			<possibleresult>
				<name>Small Car</name>
			</possibleresult>
			<points>
				<point>763.000000,159.000000</point>
				<point>751.000000,160.000000</point>
				<point>749.000000,142.000000</point>
				<point>760.000000,140.000000</point>
				<point>763.000000,159.000000</point>
			</points>
		</object>
		<object>
			<coordinate>pixel</coordinate>
			<type>rectangle</type>
			<description>None</description>
			<possibleresult>
				<name>Small Car</name>
			</possibleresult>
			<points>
				<point>820.000000,344.000000</point>
				<point>810.000000,345.000000</point>
				<point>807.000000,328.000000</point>
				<point>816.000000,326.000000</point>
				<point>820.000000,344.000000</point>
			</points>
		</object>
		<object>
			<coordinate>pixel</coordinate>
			<type>rectangle</type>
			<description>None</description>
			<possibleresult>
				<name>Small Car</name>
			</possibleresult>
			<points>
				<point>823.000000,363.000000</point>
				<point>812.000000,364.000000</point>
				<point>811.000000,346.000000</point>
				<point>822.000000,345.000000</point>
				<point>823.000000,363.000000</point>
			</points>
		</object>
		<object>
			<coordinate>pixel</coordinate>
			<type>rectangle</type>
			<description>None</description>
			<possibleresult>
				<name>Small Car</name>
			</possibleresult>
			<points>
				<point>919.000000,371.000000</point>
				<point>898.000000,373.000000</point>
				<point>897.000000,366.000000</point>
				<point>919.000000,365.000000</point>
				<point>919.000000,371.000000</point>
			</points>
		</object>
		<object>
			<coordinate>pixel</coordinate>
			<type>rectangle</type>
			<description>None</description>
			<possibleresult>
				<name>Van</name>
			</possibleresult>
			<points>
				<point>918.000000,383.000000</point>
				<point>897.000000,383.000000</point>
				<point>897.000000,375.000000</point>
				<point>918.000000,375.000000</point>
				<point>918.000000,383.000000</point>
			</points>
		</object>
		<object>
			<coordinate>pixel</coordinate>
			<type>rectangle</type>
			<description>None</description>
			<possibleresult>
				<name>Van</name>
			</possibleresult>
			<points>
				<point>846.000000,493.000000</point>
				<point>835.000000,494.000000</point>
				<point>834.000000,480.000000</point>
				<point>845.000000,479.000000</point>
				<point>846.000000,493.000000</point>
			</points>
		</object>
		<object>
			<coordinate>pixel</coordinate>
			<type>rectangle</type>
			<description>None</description>
			<possibleresult>
				<name>Small Car</name>
			</possibleresult>
			<points>
				<point>880.000000,527.000000</point>
				<point>858.000000,531.000000</point>
				<point>856.000000,522.000000</point>
				<point>879.000000,519.000000</point>
				<point>880.000000,527.000000</point>
			</points>
		</object>
		<object>
			<coordinate>pixel</coordinate>
			<type>rectangle</type>
			<description>None</description>
			<possibleresult>
				<name>Small Car</name>
			</possibleresult>
			<points>
				<point>929.000000,702.000000</point>
				<point>907.000000,704.000000</point>
				<point>906.000000,696.000000</point>
				<point>928.000000,694.000000</point>
				<point>929.000000,702.000000</point>
			</points>
		</object>
		<object>
			<coordinate>pixel</coordinate>
			<type>rectangle</type>
			<description>None</description>
			<possibleresult>
				<name>Small Car</name>
			</possibleresult>
			<points>
				<point>933.000000,777.000000</point>
				<point>912.000000,778.000000</point>
				<point>911.000000,770.000000</point>
				<point>932.000000,769.000000</point>
				<point>933.000000,777.000000</point>
			</points>
		</object>
		<object>
			<coordinate>pixel</coordinate>
			<type>rectangle</type>
			<description>None</description>
			<possibleresult>
				<name>Van</name>
			</possibleresult>
			<points>
				<point>944.000000,807.000000</point>
				<point>922.000000,807.000000</point>
				<point>922.000000,799.000000</point>
				<point>944.000000,799.000000</point>
				<point>944.000000,807.000000</point>
			</points>
		</object>
		<object>
			<coordinate>pixel</coordinate>
			<type>rectangle</type>
			<description>None</description>
			<possibleresult>
				<name>Van</name>
			</possibleresult>
			<points>
				<point>942.000000,825.000000</point>
				<point>922.000000,825.000000</point>
				<point>922.000000,818.000000</point>
				<point>942.000000,818.000000</point>
				<point>942.000000,825.000000</point>
			</points>
		</object>
		<object>
			<coordinate>pixel</coordinate>
			<type>rectangle</type>
			<description>None</description>
			<possibleresult>
				<name>Van</name>
			</possibleresult>
			<points>
				<point>921.000000,909.000000</point>
				<point>906.000000,911.000000</point>
				<point>903.000000,888.000000</point>
				<point>918.000000,886.000000</point>
				<point>921.000000,909.000000</point>
			</points>
		</object>
		<object>
			<coordinate>pixel</coordinate>
			<type>rectangle</type>
			<description>None</description>
			<possibleresult>
				<name>Dump Truck</name>
			</possibleresult>
			<points>
				<point>1000.000000,927.000000</point>
				<point>973.000000,929.000000</point>
				<point>972.000000,918.000000</point>
				<point>1000.000000,917.000000</point>
				<point>1000.000000,927.000000</point>
			</points>
		</object>
		<object>
			<coordinate>pixel</coordinate>
			<type>rectangle</type>
			<description>None</description>
			<possibleresult>
				<name>Dump Truck</name>
			</possibleresult>
			<points>
				<point>930.000000,972.000000</point>
				<point>920.000000,974.000000</point>
				<point>918.000000,958.000000</point>
				<point>928.000000,956.000000</point>
				<point>930.000000,972.000000</point>
			</points>
		</object>
		<object>
			<coordinate>pixel</coordinate>
			<type>rectangle</type>
			<description>None</description>
			<possibleresult>
				<name>Small Car</name>
			</possibleresult>
			<points>
				<point>886.000000,940.000000</point>
				<point>863.000000,942.000000</point>
				<point>863.000000,934.000000</point>
				<point>886.000000,932.000000</point>
				<point>886.000000,940.000000</point>
			</points>
		</object>
		<object>
			<coordinate>pixel</coordinate>
			<type>rectangle</type>
			<description>None</description>
			<possibleresult>
				<name>Van</name>
			</possibleresult>
			<points>
				<point>871.000000,844.000000</point>
				<point>846.000000,846.000000</point>
				<point>846.000000,838.000000</point>
				<point>870.000000,835.000000</point>
				<point>871.000000,844.000000</point>
			</points>
		</object>
		<object>
			<coordinate>pixel</coordinate>
			<type>rectangle</type>
			<description>None</description>
			<possibleresult>
				<name>Small Car</name>
			</possibleresult>
			<points>
				<point>763.000000,659.000000</point>
				<point>741.000000,665.000000</point>
				<point>738.000000,656.000000</point>
				<point>761.000000,650.000000</point>
				<point>763.000000,659.000000</point>
			</points>
		</object>
		<object>
			<coordinate>pixel</coordinate>
			<type>rectangle</type>
			<description>None</description>
			<possibleresult>
				<name>Small Car</name>
			</possibleresult>
			<points>
				<point>777.000000,563.000000</point>
				<point>754.000000,565.000000</point>
				<point>754.000000,557.000000</point>
				<point>777.000000,555.000000</point>
				<point>777.000000,563.000000</point>
			</points>
		</object>
		<object>
			<coordinate>pixel</coordinate>
			<type>rectangle</type>
			<description>None</description>
			<possibleresult>
				<name>Van</name>
			</possibleresult>
			<points>
				<point>781.000000,552.000000</point>
				<point>758.000000,553.000000</point>
				<point>758.000000,544.000000</point>
				<point>781.000000,543.000000</point>
				<point>781.000000,552.000000</point>
			</points>
		</object>
		<object>
			<coordinate>pixel</coordinate>
			<type>rectangle</type>
			<description>None</description>
			<possibleresult>
				<name>Small Car</name>
			</possibleresult>
			<points>
				<point>789.000000,409.000000</point>
				<point>766.000000,409.000000</point>
				<point>766.000000,400.000000</point>
				<point>789.000000,400.000000</point>
				<point>789.000000,409.000000</point>
			</points>
		</object>
		<object>
			<coordinate>pixel</coordinate>
			<type>rectangle</type>
			<description>None</description>
			<possibleresult>
				<name>Small Car</name>
			</possibleresult>
			<points>
				<point>782.000000,397.000000</point>
				<point>761.000000,398.000000</point>
				<point>761.000000,391.000000</point>
				<point>782.000000,390.000000</point>
				<point>782.000000,397.000000</point>
			</points>
		</object>
		<object>
			<coordinate>pixel</coordinate>
			<type>rectangle</type>
			<description>None</description>
			<possibleresult>
				<name>Intersection</name>
			</possibleresult>
			<points>
				<point>796.000000,33.000000</point>
				<point>794.000000,81.000000</point>
				<point>721.000000,77.000000</point>
				<point>724.000000,28.000000</point>
				<point>796.000000,33.000000</point>
			</points>
		</object>
		<object>
			<coordinate>pixel</coordinate>
			<type>rectangle</type>
			<description>None</description>
			<possibleresult>
				<name>Van</name>
			</possibleresult>
			<points>
				<point>482.000000,77.000000</point>
				<point>481.000000,85.000000</point>
				<point>461.000000,84.000000</point>
				<point>462.000000,76.000000</point>
				<point>482.000000,77.000000</point>
			</points>
		</object>
		<object>
			<coordinate>pixel</coordinate>
			<type>rectangle</type>
			<description>None</description>
			<possibleresult>
				<name>Small Car</name>
			</possibleresult>
			<points>
				<point>441.000000,97.000000</point>
				<point>415.000000,97.000000</point>
				<point>415.000000,89.000000</point>
				<point>441.000000,89.000000</point>
				<point>441.000000,97.000000</point>
			</points>
		</object>
		<object>
			<coordinate>pixel</coordinate>
			<type>rectangle</type>
			<description>None</description>
			<possibleresult>
				<name>Small Car</name>
			</possibleresult>
			<points>
				<point>494.000000,170.000000</point>
				<point>484.000000,170.000000</point>
				<point>483.000000,151.000000</point>
				<point>493.000000,151.000000</point>
				<point>494.000000,170.000000</point>
			</points>
		</object>
		<object>
			<coordinate>pixel</coordinate>
			<type>rectangle</type>
			<description>None</description>
			<possibleresult>
				<name>Small Car</name>
			</possibleresult>
			<points>
				<point>526.000000,169.000000</point>
				<point>516.000000,170.000000</point>
				<point>514.000000,151.000000</point>
				<point>525.000000,151.000000</point>
				<point>526.000000,169.000000</point>
			</points>
		</object>
		<object>
			<coordinate>pixel</coordinate>
			<type>rectangle</type>
			<description>None</description>
			<possibleresult>
				<name>Van</name>
			</possibleresult>
			<points>
				<point>386.000000,149.000000</point>
				<point>373.000000,151.000000</point>
				<point>371.000000,128.000000</point>
				<point>384.000000,126.000000</point>
				<point>386.000000,149.000000</point>
			</points>
		</object>
		<object>
			<coordinate>pixel</coordinate>
			<type>rectangle</type>
			<description>None</description>
			<possibleresult>
				<name>Van</name>
			</possibleresult>
			<points>
				<point>518.000000,333.000000</point>
				<point>497.000000,335.000000</point>
				<point>496.000000,328.000000</point>
				<point>518.000000,327.000000</point>
				<point>518.000000,333.000000</point>
			</points>
		</object>
		<object>
			<coordinate>pixel</coordinate>
			<type>rectangle</type>
			<description>None</description>
			<possibleresult>
				<name>Van</name>
			</possibleresult>
			<points>
				<point>605.000000,822.000000</point>
				<point>592.000000,836.000000</point>
				<point>584.000000,828.000000</point>
				<point>598.000000,815.000000</point>
				<point>605.000000,822.000000</point>
			</points>
		</object>
		<object>
			<coordinate>pixel</coordinate>
			<type>rectangle</type>
			<description>None</description>
			<possibleresult>
				<name>Small Car</name>
			</possibleresult>
			<points>
				<point>614.000000,850.000000</point>
				<point>595.000000,852.000000</point>
				<point>594.000000,844.000000</point>
				<point>614.000000,843.000000</point>
				<point>614.000000,850.000000</point>
			</points>
		</object>
		<object>
			<coordinate>pixel</coordinate>
			<type>rectangle</type>
			<description>None</description>
			<possibleresult>
				<name>Van</name>
			</possibleresult>
			<points>
				<point>593.000000,878.000000</point>
				<point>567.000000,880.000000</point>
				<point>567.000000,873.000000</point>
				<point>592.000000,870.000000</point>
				<point>593.000000,878.000000</point>
			</points>
		</object>
		<object>
			<coordinate>pixel</coordinate>
			<type>rectangle</type>
			<description>None</description>
			<possibleresult>
				<name>Small Car</name>
			</possibleresult>
			<points>
				<point>272.000000,969.000000</point>
				<point>250.000000,971.000000</point>
				<point>249.000000,963.000000</point>
				<point>271.000000,961.000000</point>
				<point>272.000000,969.000000</point>
			</points>
		</object>
		<object>
			<coordinate>pixel</coordinate>
			<type>rectangle</type>
			<description>None</description>
			<possibleresult>
				<name>Van</name>
			</possibleresult>
			<points>
				<point>203.000000,748.000000</point>
				<point>178.000000,750.000000</point>
				<point>177.000000,742.000000</point>
				<point>202.000000,740.000000</point>
				<point>203.000000,748.000000</point>
			</points>
		</object>
		<object>
			<coordinate>pixel</coordinate>
			<type>rectangle</type>
			<description>None</description>
			<possibleresult>
				<name>Van</name>
			</possibleresult>
			<points>
				<point>483.000000,544.000000</point>
				<point>471.000000,546.000000</point>
				<point>467.000000,526.000000</point>
				<point>479.000000,524.000000</point>
				<point>483.000000,544.000000</point>
			</points>
		</object>
		<object>
			<coordinate>pixel</coordinate>
			<type>rectangle</type>
			<description>None</description>
			<possibleresult>
				<name>Small Car</name>
			</possibleresult>
			<points>
				<point>430.000000,527.000000</point>
				<point>410.000000,529.000000</point>
				<point>410.000000,521.000000</point>
				<point>429.000000,518.000000</point>
				<point>430.000000,527.000000</point>
			</points>
		</object>
		<object>
			<coordinate>pixel</coordinate>
			<type>rectangle</type>
			<description>None</description>
			<possibleresult>
				<name>Van</name>
			</possibleresult>
			<points>
				<point>133.000000,282.000000</point>
				<point>107.000000,284.000000</point>
				<point>106.000000,274.000000</point>
				<point>133.000000,273.000000</point>
				<point>133.000000,282.000000</point>
			</points>
		</object>
		<object>
			<coordinate>pixel</coordinate>
			<type>rectangle</type>
			<description>None</description>
			<possibleresult>
				<name>Van</name>
			</possibleresult>
			<points>
				<point>261.000000,20.000000</point>
				<point>260.000000,28.000000</point>
				<point>238.000000,26.000000</point>
				<point>239.000000,18.000000</point>
				<point>261.000000,20.000000</point>
			</points>
		</object>
		<object>
			<coordinate>pixel</coordinate>
			<type>rectangle</type>
			<description>None</description>
			<possibleresult>
				<name>Van</name>
			</possibleresult>
			<points>
				<point>76.000000,324.000000</point>
				<point>65.000000,326.000000</point>
				<point>62.000000,308.000000</point>
				<point>73.000000,306.000000</point>
				<point>76.000000,324.000000</point>
			</points>
		</object>
		<object>
			<coordinate>pixel</coordinate>
			<type>rectangle</type>
			<description>None</description>
			<possibleresult>
				<name>Truck Tractor</name>
			</possibleresult>
			<points>
				<point>149.000000,713.000000</point>
				<point>136.000000,715.000000</point>
				<point>126.000000,668.000000</point>
				<point>138.000000,665.000000</point>
				<point>149.000000,713.000000</point>
			</points>
		</object>
		<object>
			<coordinate>pixel</coordinate>
			<type>rectangle</type>
			<description>None</description>
			<possibleresult>
				<name>Van</name>
			</possibleresult>
			<points>
				<point>0.000000,663.000000</point>
				<point>0.000000,655.000000</point>
				<point>1.000000,655.000000</point>
				<point>1.000000,662.000000</point>
				<point>0.000000,663.000000</point>
			</points>
		</object>
		<object>
			<coordinate>pixel</coordinate>
			<type>rectangle</type>
			<description>None</description>
			<possibleresult>
				<name>Van</name>
			</possibleresult>
			<points>
				<point>122.000000,853.000000</point>
				<point>99.000000,856.000000</point>
				<point>97.000000,847.000000</point>
				<point>121.000000,845.000000</point>
				<point>122.000000,853.000000</point>
			</points>
		</object>
	</objects>
</annotation>