<?xml version="1.0" encoding="utf-8"?>
<annotation>
	<source>
		<filename>1122.tif</filename>
		<origin>GF2/GF3</origin>
	</source>
	<research>
		<version>1.0</version>
		<provider>FAIR1M</provider>
		<author>Cyber</author>
		<pluginname>FAIR1M</pluginname>
		<pluginclass>object detection</pluginclass>
		<time>2021-07-21</time>
	</research>
	<size>
		<width>1500</width>
		<height>1500</height>
		<depth>3</depth>
	</size>
	<objects>
		<object>
			<coordinate>pixel</coordinate>
			<type>rectangle</type>
			<description>None</description>
			<possibleresult>
				<name>Passenger Ship</name>
			</possibleresult>
			<points>
				<point>1382.000000,433.000000</point>
				<point>1453.000000,438.000000</point>
				<point>1453.000000,420.000000</point>
				<point>1382.000000,415.000000</point>
				<point>1382.000000,433.000000</point>
			</points>
		</object>
		<object>
			<coordinate>pixel</coordinate>
			<type>rectangle</type>
			<description>None</description>
			<possibleresult>
				<name>Motorboat</name>
			</possibleresult>
			<points>
				<point>1167.000000,411.000000</point>
				<point>1209.000000,415.000000</point>
				<point>1209.000000,404.000000</point>
				<point>1167.000000,400.000000</point>
				<point>1167.000000,411.000000</point>
			</points>
		</object>
		<object>
			<coordinate>pixel</coordinate>
			<type>rectangle</type>
			<description>None</description>
			<possibleresult>
				<name>Motorboat</name>
			</possibleresult>
			<points>
				<point>1032.000000,522.000000</point>
				<point>1069.000000,520.000000</point>
				<point>1069.000000,506.000000</point>
				<point>1032.000000,506.000000</point>
				<point>1032.000000,522.000000</point>
			</points>
		</object>
		<object>
			<coordinate>pixel</coordinate>
			<type>rectangle</type>
			<description>None</description>
			<possibleresult>
				<name>other-ship</name>
			</possibleresult>
			<points>
				<point>413.000000,452.000000</point>
				<point>369.000000,465.000000</point>
				<point>373.000000,477.000000</point>
				<point>417.000000,461.000000</point>
				<point>413.000000,452.000000</point>
			</points>
		</object>
		<object>
			<coordinate>pixel</coordinate>
			<type>rectangle</type>
			<description>None</description>
			<possibleresult>
				<name>Passenger Ship</name>
			</possibleresult>
			<points>
				<point>309.000000,833.000000</point>
				<point>498.000000,774.000000</point>
				<point>488.000000,743.000000</point>
				<point>298.000000,802.000000</point>
				<point>309.000000,833.000000</point>
			</points>
		</object>
		<object>
			<coordinate>pixel</coordinate>
			<type>rectangle</type>
			<description>None</description>
			<possibleresult>
				<name>Passenger Ship</name>
			</possibleresult>
			<points>
				<point>892.000000,679.000000</point>
				<point>684.000000,704.000000</point>
				<point>688.000000,740.000000</point>
				<point>896.000000,715.000000</point>
				<point>892.000000,679.000000</point>
			</points>
		</object>
		<object>
			<coordinate>pixel</coordinate>
			<type>rectangle</type>
			<description>None</description>
			<possibleresult>
				<name>Dry Cargo Ship</name>
			</possibleresult>
			<points>
				<point>176.000000,1366.000000</point>
				<point>238.000000,1400.000000</point>
				<point>244.000000,1390.000000</point>
				<point>182.000000,1356.000000</point>
				<point>176.000000,1366.000000</point>
			</points>
		</object>
		<object>
			<coordinate>pixel</coordinate>
			<type>rectangle</type>
			<description>None</description>
			<possibleresult>
				<name>Dry Cargo Ship</name>
			</possibleresult>
			<points>
				<point>305.000000,1443.000000</point>
				<point>357.000000,1470.000000</point>
				<point>363.000000,1459.000000</point>
				<point>311.000000,1433.000000</point>
				<point>305.000000,1443.000000</point>
			</points>
		</object>
		<object>
			<coordinate>pixel</coordinate>
			<type>rectangle</type>
			<description>None</description>
			<possibleresult>
				<name>other-ship</name>
			</possibleresult>
			<points>
				<point>528.000000,425.000000</point>
				<point>496.000000,433.000000</point>
				<point>500.000000,443.000000</point>
				<point>530.000000,436.000000</point>
				<point>528.000000,425.000000</point>
			</points>
		</object>
		<object>
			<coordinate>pixel</coordinate>
			<type>rectangle</type>
			<description>None</description>
			<possibleresult>
				<name>other-ship</name>
			</possibleresult>
			<points>
				<point>505.000000,470.000000</point>
				<point>542.000000,461.000000</point>
				<point>538.000000,449.000000</point>
				<point>503.000000,456.000000</point>
				<point>505.000000,470.000000</point>
			</points>
		</object>
		<object>
			<coordinate>pixel</coordinate>
			<type>rectangle</type>
			<description>None</description>
			<possibleresult>
				<name>Motorboat</name>
			</possibleresult>
			<points>
				<point>580.000000,440.000000</point>
				<point>544.000000,447.000000</point>
				<point>546.000000,459.000000</point>
				<point>582.000000,452.000000</point>
				<point>580.000000,440.000000</point>
			</points>
		</object>
		<object>
			<coordinate>pixel</coordinate>
			<type>rectangle</type>
			<description>None</description>
			<possibleresult>
				<name>Tugboat</name>
			</possibleresult>
			<points>
				<point>173.000000,1377.000000</point>
				<point>205.000000,1393.000000</point>
				<point>211.000000,1386.000000</point>
				<point>178.000000,1368.000000</point>
				<point>173.000000,1377.000000</point>
			</points>
		</object>
		<object>
			<coordinate>pixel</coordinate>
			<type>rectangle</type>
			<description>None</description>
			<possibleresult>
				<name>Dry Cargo Ship</name>
			</possibleresult>
			<points>
				<point>301.000000,1452.000000</point>
				<point>353.000000,1481.000000</point>
				<point>357.000000,1472.000000</point>
				<point>305.000000,1443.000000</point>
				<point>301.000000,1452.000000</point>
			</points>
		</object>
		<object>
			<coordinate>pixel</coordinate>
			<type>rectangle</type>
			<description>None</description>
			<possibleresult>
				<name>Dry Cargo Ship</name>
			</possibleresult>
			<points>
				<point>276.000000,1454.000000</point>
				<point>328.000000,1481.000000</point>
				<point>334.000000,1470.000000</point>
				<point>280.000000,1443.000000</point>
				<point>276.000000,1454.000000</point>
			</points>
		</object>
		<object>
			<coordinate>pixel</coordinate>
			<type>rectangle</type>
			<description>None</description>
			<possibleresult>
				<name>Tugboat</name>
			</possibleresult>
			<points>
				<point>805.000000,415.000000</point>
				<point>778.000000,420.000000</point>
				<point>781.000000,433.000000</point>
				<point>808.000000,428.000000</point>
				<point>805.000000,415.000000</point>
			</points>
		</object>
		<object>
			<coordinate>pixel</coordinate>
			<type>rectangle</type>
			<description>None</description>
			<possibleresult>
				<name>Tugboat</name>
			</possibleresult>
			<points>
				<point>844.000000,408.000000</point>
				<point>817.000000,413.000000</point>
				<point>820.000000,426.000000</point>
				<point>847.000000,421.000000</point>
				<point>844.000000,408.000000</point>
			</points>
		</object>
		<object>
			<coordinate>pixel</coordinate>
			<type>rectangle</type>
			<description>None</description>
			<possibleresult>
				<name>Tugboat</name>
			</possibleresult>
			<points>
				<point>884.000000,400.000000</point>
				<point>850.000000,406.000000</point>
				<point>853.000000,419.000000</point>
				<point>887.000000,413.000000</point>
				<point>884.000000,400.000000</point>
			</points>
		</object>
		<object>
			<coordinate>pixel</coordinate>
			<type>rectangle</type>
			<description>None</description>
			<possibleresult>
				<name>Tugboat</name>
			</possibleresult>
			<points>
				<point>920.000000,393.000000</point>
				<point>896.000000,397.000000</point>
				<point>899.000000,409.000000</point>
				<point>923.000000,404.000000</point>
				<point>920.000000,393.000000</point>
			</points>
		</object>
	</objects>
</annotation>