<?xml version="1.0" encoding="utf-8"?>
<annotation>
	<source>
		<filename>1140.tif</filename>
		<origin>GF2/GF3</origin>
	</source>
	<research>
		<version>1.0</version>
		<provider>FAIR1M</provider>
		<author>Cyber</author>
		<pluginname>FAIR1M</pluginname>
		<pluginclass>object detection</pluginclass>
		<time>2021-07-21</time>
	</research>
	<size>
		<width>1000</width>
		<height>1000</height>
		<depth>3</depth>
	</size>
	<objects>
		<object>
			<coordinate>pixel</coordinate>
			<type>rectangle</type>
			<description>None</description>
			<possibleresult>
				<name>Small Car</name>
			</possibleresult>
			<points>
				<point>45.000000,952.000000</point>
				<point>23.000000,952.000000</point>
				<point>23.000000,944.000000</point>
				<point>45.000000,944.000000</point>
				<point>45.000000,952.000000</point>
			</points>
		</object>
		<object>
			<coordinate>pixel</coordinate>
			<type>rectangle</type>
			<description>None</description>
			<possibleresult>
				<name>Small Car</name>
			</possibleresult>
			<points>
				<point>139.000000,93.000000</point>
				<point>130.000000,93.000000</point>
				<point>130.000000,75.000000</point>
				<point>139.000000,75.000000</point>
				<point>139.000000,93.000000</point>
			</points>
		</object>
		<object>
			<coordinate>pixel</coordinate>
			<type>rectangle</type>
			<description>None</description>
			<possibleresult>
				<name>Small Car</name>
			</possibleresult>
			<points>
				<point>140.000000,113.000000</point>
				<point>131.000000,113.000000</point>
				<point>131.000000,95.000000</point>
				<point>140.000000,95.000000</point>
				<point>140.000000,113.000000</point>
			</points>
		</object>
		<object>
			<coordinate>pixel</coordinate>
			<type>rectangle</type>
			<description>None</description>
			<possibleresult>
				<name>Small Car</name>
			</possibleresult>
			<points>
				<point>139.000000,132.000000</point>
				<point>131.000000,132.000000</point>
				<point>131.000000,114.000000</point>
				<point>139.000000,114.000000</point>
				<point>139.000000,132.000000</point>
			</points>
		</object>
		<object>
			<coordinate>pixel</coordinate>
			<type>rectangle</type>
			<description>None</description>
			<possibleresult>
				<name>Small Car</name>
			</possibleresult>
			<points>
				<point>140.000000,209.000000</point>
				<point>132.000000,210.000000</point>
				<point>131.000000,193.000000</point>
				<point>139.000000,192.000000</point>
				<point>140.000000,209.000000</point>
			</points>
		</object>
		<object>
			<coordinate>pixel</coordinate>
			<type>rectangle</type>
			<description>None</description>
			<possibleresult>
				<name>Van</name>
			</possibleresult>
			<points>
				<point>140.000000,227.000000</point>
				<point>131.000000,227.000000</point>
				<point>130.000000,210.000000</point>
				<point>139.000000,210.000000</point>
				<point>140.000000,227.000000</point>
			</points>
		</object>
		<object>
			<coordinate>pixel</coordinate>
			<type>rectangle</type>
			<description>None</description>
			<possibleresult>
				<name>Small Car</name>
			</possibleresult>
			<points>
				<point>140.000000,266.000000</point>
				<point>132.000000,266.000000</point>
				<point>132.000000,248.000000</point>
				<point>140.000000,248.000000</point>
				<point>140.000000,266.000000</point>
			</points>
		</object>
		<object>
			<coordinate>pixel</coordinate>
			<type>rectangle</type>
			<description>None</description>
			<possibleresult>
				<name>Small Car</name>
			</possibleresult>
			<points>
				<point>139.000000,268.000000</point>
				<point>138.000000,284.000000</point>
				<point>131.000000,284.000000</point>
				<point>132.000000,268.000000</point>
				<point>139.000000,268.000000</point>
			</points>
		</object>
		<object>
			<coordinate>pixel</coordinate>
			<type>rectangle</type>
			<description>None</description>
			<possibleresult>
				<name>Van</name>
			</possibleresult>
			<points>
				<point>139.000000,328.000000</point>
				<point>131.000000,328.000000</point>
				<point>131.000000,312.000000</point>
				<point>139.000000,312.000000</point>
				<point>139.000000,328.000000</point>
			</points>
		</object>
		<object>
			<coordinate>pixel</coordinate>
			<type>rectangle</type>
			<description>None</description>
			<possibleresult>
				<name>Small Car</name>
			</possibleresult>
			<points>
				<point>139.000000,368.000000</point>
				<point>130.000000,368.000000</point>
				<point>130.000000,348.000000</point>
				<point>139.000000,348.000000</point>
				<point>139.000000,368.000000</point>
			</points>
		</object>
		<object>
			<coordinate>pixel</coordinate>
			<type>rectangle</type>
			<description>None</description>
			<possibleresult>
				<name>Small Car</name>
			</possibleresult>
			<points>
				<point>139.000000,386.000000</point>
				<point>131.000000,386.000000</point>
				<point>131.000000,369.000000</point>
				<point>139.000000,369.000000</point>
				<point>139.000000,386.000000</point>
			</points>
		</object>
		<object>
			<coordinate>pixel</coordinate>
			<type>rectangle</type>
			<description>None</description>
			<possibleresult>
				<name>Small Car</name>
			</possibleresult>
			<points>
				<point>139.000000,820.000000</point>
				<point>131.000000,820.000000</point>
				<point>131.000000,803.000000</point>
				<point>139.000000,803.000000</point>
				<point>139.000000,820.000000</point>
			</points>
		</object>
		<object>
			<coordinate>pixel</coordinate>
			<type>rectangle</type>
			<description>None</description>
			<possibleresult>
				<name>Small Car</name>
			</possibleresult>
			<points>
				<point>142.000000,876.000000</point>
				<point>140.000000,893.000000</point>
				<point>133.000000,893.000000</point>
				<point>134.000000,875.000000</point>
				<point>142.000000,876.000000</point>
			</points>
		</object>
		<object>
			<coordinate>pixel</coordinate>
			<type>rectangle</type>
			<description>None</description>
			<possibleresult>
				<name>Small Car</name>
			</possibleresult>
			<points>
				<point>140.000000,909.000000</point>
				<point>132.000000,909.000000</point>
				<point>132.000000,894.000000</point>
				<point>140.000000,894.000000</point>
				<point>140.000000,909.000000</point>
			</points>
		</object>
		<object>
			<coordinate>pixel</coordinate>
			<type>rectangle</type>
			<description>None</description>
			<possibleresult>
				<name>Small Car</name>
			</possibleresult>
			<points>
				<point>140.000000,911.000000</point>
				<point>138.000000,928.000000</point>
				<point>131.000000,928.000000</point>
				<point>132.000000,910.000000</point>
				<point>140.000000,911.000000</point>
			</points>
		</object>
		<object>
			<coordinate>pixel</coordinate>
			<type>rectangle</type>
			<description>None</description>
			<possibleresult>
				<name>Small Car</name>
			</possibleresult>
			<points>
				<point>191.000000,992.000000</point>
				<point>182.000000,992.000000</point>
				<point>182.000000,975.000000</point>
				<point>191.000000,975.000000</point>
				<point>191.000000,992.000000</point>
			</points>
		</object>
		<object>
			<coordinate>pixel</coordinate>
			<type>rectangle</type>
			<description>None</description>
			<possibleresult>
				<name>Small Car</name>
			</possibleresult>
			<points>
				<point>192.000000,889.000000</point>
				<point>183.000000,889.000000</point>
				<point>183.000000,874.000000</point>
				<point>192.000000,874.000000</point>
				<point>192.000000,889.000000</point>
			</points>
		</object>
		<object>
			<coordinate>pixel</coordinate>
			<type>rectangle</type>
			<description>None</description>
			<possibleresult>
				<name>Small Car</name>
			</possibleresult>
			<points>
				<point>192.000000,871.000000</point>
				<point>183.000000,871.000000</point>
				<point>183.000000,854.000000</point>
				<point>192.000000,854.000000</point>
				<point>192.000000,871.000000</point>
			</points>
		</object>
		<object>
			<coordinate>pixel</coordinate>
			<type>rectangle</type>
			<description>None</description>
			<possibleresult>
				<name>Van</name>
			</possibleresult>
			<points>
				<point>192.000000,852.000000</point>
				<point>184.000000,852.000000</point>
				<point>183.000000,836.000000</point>
				<point>190.000000,835.000000</point>
				<point>192.000000,852.000000</point>
			</points>
		</object>
		<object>
			<coordinate>pixel</coordinate>
			<type>rectangle</type>
			<description>None</description>
			<possibleresult>
				<name>Small Car</name>
			</possibleresult>
			<points>
				<point>193.000000,778.000000</point>
				<point>191.000000,794.000000</point>
				<point>181.000000,793.000000</point>
				<point>183.000000,777.000000</point>
				<point>193.000000,778.000000</point>
			</points>
		</object>
		<object>
			<coordinate>pixel</coordinate>
			<type>rectangle</type>
			<description>None</description>
			<possibleresult>
				<name>Van</name>
			</possibleresult>
			<points>
				<point>196.000000,761.000000</point>
				<point>194.000000,776.000000</point>
				<point>185.000000,775.000000</point>
				<point>188.000000,759.000000</point>
				<point>196.000000,761.000000</point>
			</points>
		</object>
		<object>
			<coordinate>pixel</coordinate>
			<type>rectangle</type>
			<description>None</description>
			<possibleresult>
				<name>Small Car</name>
			</possibleresult>
			<points>
				<point>197.000000,756.000000</point>
				<point>188.000000,757.000000</point>
				<point>186.000000,739.000000</point>
				<point>194.000000,739.000000</point>
				<point>197.000000,756.000000</point>
			</points>
		</object>
		<object>
			<coordinate>pixel</coordinate>
			<type>rectangle</type>
			<description>None</description>
			<possibleresult>
				<name>Small Car</name>
			</possibleresult>
			<points>
				<point>198.000000,508.000000</point>
				<point>188.000000,508.000000</point>
				<point>188.000000,492.000000</point>
				<point>198.000000,492.000000</point>
				<point>198.000000,508.000000</point>
			</points>
		</object>
		<object>
			<coordinate>pixel</coordinate>
			<type>rectangle</type>
			<description>None</description>
			<possibleresult>
				<name>Small Car</name>
			</possibleresult>
			<points>
				<point>198.000000,489.000000</point>
				<point>189.000000,490.000000</point>
				<point>188.000000,473.000000</point>
				<point>197.000000,472.000000</point>
				<point>198.000000,489.000000</point>
			</points>
		</object>
		<object>
			<coordinate>pixel</coordinate>
			<type>rectangle</type>
			<description>None</description>
			<possibleresult>
				<name>Small Car</name>
			</possibleresult>
			<points>
				<point>198.000000,472.000000</point>
				<point>189.000000,472.000000</point>
				<point>189.000000,454.000000</point>
				<point>198.000000,454.000000</point>
				<point>198.000000,472.000000</point>
			</points>
		</object>
		<object>
			<coordinate>pixel</coordinate>
			<type>rectangle</type>
			<description>None</description>
			<possibleresult>
				<name>Small Car</name>
			</possibleresult>
			<points>
				<point>197.000000,448.000000</point>
				<point>187.000000,448.000000</point>
				<point>187.000000,430.000000</point>
				<point>197.000000,430.000000</point>
				<point>197.000000,448.000000</point>
			</points>
		</object>
		<object>
			<coordinate>pixel</coordinate>
			<type>rectangle</type>
			<description>None</description>
			<possibleresult>
				<name>Small Car</name>
			</possibleresult>
			<points>
				<point>197.000000,424.000000</point>
				<point>187.000000,424.000000</point>
				<point>187.000000,408.000000</point>
				<point>197.000000,408.000000</point>
				<point>197.000000,424.000000</point>
			</points>
		</object>
		<object>
			<coordinate>pixel</coordinate>
			<type>rectangle</type>
			<description>None</description>
			<possibleresult>
				<name>Small Car</name>
			</possibleresult>
			<points>
				<point>197.000000,406.000000</point>
				<point>188.000000,406.000000</point>
				<point>188.000000,387.000000</point>
				<point>197.000000,387.000000</point>
				<point>197.000000,406.000000</point>
			</points>
		</object>
		<object>
			<coordinate>pixel</coordinate>
			<type>rectangle</type>
			<description>None</description>
			<possibleresult>
				<name>Small Car</name>
			</possibleresult>
			<points>
				<point>196.000000,384.000000</point>
				<point>187.000000,384.000000</point>
				<point>187.000000,369.000000</point>
				<point>196.000000,369.000000</point>
				<point>196.000000,384.000000</point>
			</points>
		</object>
		<object>
			<coordinate>pixel</coordinate>
			<type>rectangle</type>
			<description>None</description>
			<possibleresult>
				<name>Van</name>
			</possibleresult>
			<points>
				<point>196.000000,367.000000</point>
				<point>188.000000,367.000000</point>
				<point>188.000000,353.000000</point>
				<point>196.000000,353.000000</point>
				<point>196.000000,367.000000</point>
			</points>
		</object>
		<object>
			<coordinate>pixel</coordinate>
			<type>rectangle</type>
			<description>None</description>
			<possibleresult>
				<name>Small Car</name>
			</possibleresult>
			<points>
				<point>197.000000,350.000000</point>
				<point>187.000000,350.000000</point>
				<point>187.000000,329.000000</point>
				<point>197.000000,329.000000</point>
				<point>197.000000,350.000000</point>
			</points>
		</object>
		<object>
			<coordinate>pixel</coordinate>
			<type>rectangle</type>
			<description>None</description>
			<possibleresult>
				<name>Small Car</name>
			</possibleresult>
			<points>
				<point>197.000000,302.000000</point>
				<point>195.000000,320.000000</point>
				<point>187.000000,320.000000</point>
				<point>188.000000,301.000000</point>
				<point>197.000000,302.000000</point>
			</points>
		</object>
		<object>
			<coordinate>pixel</coordinate>
			<type>rectangle</type>
			<description>None</description>
			<possibleresult>
				<name>Small Car</name>
			</possibleresult>
			<points>
				<point>197.000000,300.000000</point>
				<point>188.000000,300.000000</point>
				<point>188.000000,285.000000</point>
				<point>197.000000,285.000000</point>
				<point>197.000000,300.000000</point>
			</points>
		</object>
		<object>
			<coordinate>pixel</coordinate>
			<type>rectangle</type>
			<description>None</description>
			<possibleresult>
				<name>Small Car</name>
			</possibleresult>
			<points>
				<point>197.000000,265.000000</point>
				<point>196.000000,282.000000</point>
				<point>188.000000,282.000000</point>
				<point>189.000000,265.000000</point>
				<point>197.000000,265.000000</point>
			</points>
		</object>
		<object>
			<coordinate>pixel</coordinate>
			<type>rectangle</type>
			<description>None</description>
			<possibleresult>
				<name>Small Car</name>
			</possibleresult>
			<points>
				<point>197.000000,264.000000</point>
				<point>188.000000,264.000000</point>
				<point>188.000000,248.000000</point>
				<point>197.000000,248.000000</point>
				<point>197.000000,264.000000</point>
			</points>
		</object>
		<object>
			<coordinate>pixel</coordinate>
			<type>rectangle</type>
			<description>None</description>
			<possibleresult>
				<name>Small Car</name>
			</possibleresult>
			<points>
				<point>197.000000,243.000000</point>
				<point>188.000000,243.000000</point>
				<point>188.000000,225.000000</point>
				<point>197.000000,225.000000</point>
				<point>197.000000,243.000000</point>
			</points>
		</object>
		<object>
			<coordinate>pixel</coordinate>
			<type>rectangle</type>
			<description>None</description>
			<possibleresult>
				<name>Small Car</name>
			</possibleresult>
			<points>
				<point>195.000000,215.000000</point>
				<point>186.000000,215.000000</point>
				<point>186.000000,197.000000</point>
				<point>195.000000,197.000000</point>
				<point>195.000000,215.000000</point>
			</points>
		</object>
		<object>
			<coordinate>pixel</coordinate>
			<type>rectangle</type>
			<description>None</description>
			<possibleresult>
				<name>Small Car</name>
			</possibleresult>
			<points>
				<point>195.000000,193.000000</point>
				<point>188.000000,193.000000</point>
				<point>188.000000,177.000000</point>
				<point>195.000000,177.000000</point>
				<point>195.000000,193.000000</point>
			</points>
		</object>
		<object>
			<coordinate>pixel</coordinate>
			<type>rectangle</type>
			<description>None</description>
			<possibleresult>
				<name>Small Car</name>
			</possibleresult>
			<points>
				<point>196.000000,175.000000</point>
				<point>186.000000,176.000000</point>
				<point>185.000000,158.000000</point>
				<point>194.000000,158.000000</point>
				<point>196.000000,175.000000</point>
			</points>
		</object>
		<object>
			<coordinate>pixel</coordinate>
			<type>rectangle</type>
			<description>None</description>
			<possibleresult>
				<name>Van</name>
			</possibleresult>
			<points>
				<point>196.000000,157.000000</point>
				<point>186.000000,157.000000</point>
				<point>186.000000,139.000000</point>
				<point>196.000000,139.000000</point>
				<point>196.000000,157.000000</point>
			</points>
		</object>
		<object>
			<coordinate>pixel</coordinate>
			<type>rectangle</type>
			<description>None</description>
			<possibleresult>
				<name>Small Car</name>
			</possibleresult>
			<points>
				<point>196.000000,137.000000</point>
				<point>187.000000,137.000000</point>
				<point>187.000000,120.000000</point>
				<point>196.000000,120.000000</point>
				<point>196.000000,137.000000</point>
			</points>
		</object>
		<object>
			<coordinate>pixel</coordinate>
			<type>rectangle</type>
			<description>None</description>
			<possibleresult>
				<name>Small Car</name>
			</possibleresult>
			<points>
				<point>196.000000,102.000000</point>
				<point>194.000000,119.000000</point>
				<point>188.000000,119.000000</point>
				<point>189.000000,101.000000</point>
				<point>196.000000,102.000000</point>
			</points>
		</object>
		<object>
			<coordinate>pixel</coordinate>
			<type>rectangle</type>
			<description>None</description>
			<possibleresult>
				<name>Van</name>
			</possibleresult>
			<points>
				<point>197.000000,91.000000</point>
				<point>187.000000,91.000000</point>
				<point>187.000000,72.000000</point>
				<point>197.000000,72.000000</point>
				<point>197.000000,91.000000</point>
			</points>
		</object>
		<object>
			<coordinate>pixel</coordinate>
			<type>rectangle</type>
			<description>None</description>
			<possibleresult>
				<name>Van</name>
			</possibleresult>
			<points>
				<point>914.000000,295.000000</point>
				<point>906.000000,295.000000</point>
				<point>906.000000,282.000000</point>
				<point>914.000000,282.000000</point>
				<point>914.000000,295.000000</point>
			</points>
		</object>
		<object>
			<coordinate>pixel</coordinate>
			<type>rectangle</type>
			<description>None</description>
			<possibleresult>
				<name>Small Car</name>
			</possibleresult>
			<points>
				<point>913.000000,314.000000</point>
				<point>903.000000,314.000000</point>
				<point>903.000000,298.000000</point>
				<point>913.000000,298.000000</point>
				<point>913.000000,314.000000</point>
			</points>
		</object>
		<object>
			<coordinate>pixel</coordinate>
			<type>rectangle</type>
			<description>None</description>
			<possibleresult>
				<name>Cargo Truck</name>
			</possibleresult>
			<points>
				<point>949.000000,304.000000</point>
				<point>948.000000,339.000000</point>
				<point>933.000000,338.000000</point>
				<point>935.000000,303.000000</point>
				<point>949.000000,304.000000</point>
			</points>
		</object>
		<object>
			<coordinate>pixel</coordinate>
			<type>rectangle</type>
			<description>None</description>
			<possibleresult>
				<name>Small Car</name>
			</possibleresult>
			<points>
				<point>945.000000,380.000000</point>
				<point>922.000000,380.000000</point>
				<point>922.000000,371.000000</point>
				<point>945.000000,371.000000</point>
				<point>945.000000,380.000000</point>
			</points>
		</object>
		<object>
			<coordinate>pixel</coordinate>
			<type>rectangle</type>
			<description>None</description>
			<possibleresult>
				<name>Van</name>
			</possibleresult>
			<points>
				<point>650.000000,431.000000</point>
				<point>642.000000,431.000000</point>
				<point>642.000000,415.000000</point>
				<point>650.000000,415.000000</point>
				<point>650.000000,431.000000</point>
			</points>
		</object>
		<object>
			<coordinate>pixel</coordinate>
			<type>rectangle</type>
			<description>None</description>
			<possibleresult>
				<name>Small Car</name>
			</possibleresult>
			<points>
				<point>664.000000,432.000000</point>
				<point>655.000000,432.000000</point>
				<point>655.000000,415.000000</point>
				<point>664.000000,415.000000</point>
				<point>664.000000,432.000000</point>
			</points>
		</object>
		<object>
			<coordinate>pixel</coordinate>
			<type>rectangle</type>
			<description>None</description>
			<possibleresult>
				<name>Van</name>
			</possibleresult>
			<points>
				<point>684.000000,416.000000</point>
				<point>678.000000,432.000000</point>
				<point>670.000000,429.000000</point>
				<point>677.000000,414.000000</point>
				<point>684.000000,416.000000</point>
			</points>
		</object>
		<object>
			<coordinate>pixel</coordinate>
			<type>rectangle</type>
			<description>None</description>
			<possibleresult>
				<name>Small Car</name>
			</possibleresult>
			<points>
				<point>697.000000,418.000000</point>
				<point>689.000000,433.000000</point>
				<point>683.000000,430.000000</point>
				<point>690.000000,414.000000</point>
				<point>697.000000,418.000000</point>
			</points>
		</object>
		<object>
			<coordinate>pixel</coordinate>
			<type>rectangle</type>
			<description>None</description>
			<possibleresult>
				<name>Small Car</name>
			</possibleresult>
			<points>
				<point>633.000000,440.000000</point>
				<point>631.000000,449.000000</point>
				<point>610.000000,445.000000</point>
				<point>611.000000,435.000000</point>
				<point>633.000000,440.000000</point>
			</points>
		</object>
		<object>
			<coordinate>pixel</coordinate>
			<type>rectangle</type>
			<description>None</description>
			<possibleresult>
				<name>Small Car</name>
			</possibleresult>
			<points>
				<point>634.000000,453.000000</point>
				<point>632.000000,462.000000</point>
				<point>613.000000,457.000000</point>
				<point>615.000000,448.000000</point>
				<point>634.000000,453.000000</point>
			</points>
		</object>
		<object>
			<coordinate>pixel</coordinate>
			<type>rectangle</type>
			<description>None</description>
			<possibleresult>
				<name>Small Car</name>
			</possibleresult>
			<points>
				<point>631.000000,463.000000</point>
				<point>630.000000,470.000000</point>
				<point>611.000000,466.000000</point>
				<point>612.000000,459.000000</point>
				<point>631.000000,463.000000</point>
			</points>
		</object>
		<object>
			<coordinate>pixel</coordinate>
			<type>rectangle</type>
			<description>None</description>
			<possibleresult>
				<name>Small Car</name>
			</possibleresult>
			<points>
				<point>633.000000,473.000000</point>
				<point>631.000000,480.000000</point>
				<point>610.000000,475.000000</point>
				<point>611.000000,467.000000</point>
				<point>633.000000,473.000000</point>
			</points>
		</object>
		<object>
			<coordinate>pixel</coordinate>
			<type>rectangle</type>
			<description>None</description>
			<possibleresult>
				<name>Van</name>
			</possibleresult>
			<points>
				<point>631.000000,482.000000</point>
				<point>629.000000,488.000000</point>
				<point>610.000000,482.000000</point>
				<point>611.000000,475.000000</point>
				<point>631.000000,482.000000</point>
			</points>
		</object>
		<object>
			<coordinate>pixel</coordinate>
			<type>rectangle</type>
			<description>None</description>
			<possibleresult>
				<name>Dump Truck</name>
			</possibleresult>
			<points>
				<point>640.000000,511.000000</point>
				<point>637.000000,520.000000</point>
				<point>608.000000,511.000000</point>
				<point>611.000000,502.000000</point>
				<point>640.000000,511.000000</point>
			</points>
		</object>
		<object>
			<coordinate>pixel</coordinate>
			<type>rectangle</type>
			<description>None</description>
			<possibleresult>
				<name>Small Car</name>
			</possibleresult>
			<points>
				<point>627.000000,542.000000</point>
				<point>626.000000,550.000000</point>
				<point>606.000000,546.000000</point>
				<point>608.000000,539.000000</point>
				<point>627.000000,542.000000</point>
			</points>
		</object>
		<object>
			<coordinate>pixel</coordinate>
			<type>rectangle</type>
			<description>None</description>
			<possibleresult>
				<name>Small Car</name>
			</possibleresult>
			<points>
				<point>632.000000,662.000000</point>
				<point>630.000000,671.000000</point>
				<point>606.000000,668.000000</point>
				<point>608.000000,659.000000</point>
				<point>632.000000,662.000000</point>
			</points>
		</object>
		<object>
			<coordinate>pixel</coordinate>
			<type>rectangle</type>
			<description>None</description>
			<possibleresult>
				<name>Van</name>
			</possibleresult>
			<points>
				<point>760.000000,419.000000</point>
				<point>754.000000,434.000000</point>
				<point>744.000000,431.000000</point>
				<point>751.000000,415.000000</point>
				<point>760.000000,419.000000</point>
			</points>
		</object>
		<object>
			<coordinate>pixel</coordinate>
			<type>rectangle</type>
			<description>None</description>
			<possibleresult>
				<name>Small Car</name>
			</possibleresult>
			<points>
				<point>783.000000,418.000000</point>
				<point>776.000000,433.000000</point>
				<point>769.000000,430.000000</point>
				<point>775.000000,414.000000</point>
				<point>783.000000,418.000000</point>
			</points>
		</object>
		<object>
			<coordinate>pixel</coordinate>
			<type>rectangle</type>
			<description>None</description>
			<possibleresult>
				<name>Van</name>
			</possibleresult>
			<points>
				<point>806.000000,418.000000</point>
				<point>801.000000,433.000000</point>
				<point>793.000000,430.000000</point>
				<point>798.000000,415.000000</point>
				<point>806.000000,418.000000</point>
			</points>
		</object>
		<object>
			<coordinate>pixel</coordinate>
			<type>rectangle</type>
			<description>None</description>
			<possibleresult>
				<name>Small Car</name>
			</possibleresult>
			<points>
				<point>686.000000,464.000000</point>
				<point>668.000000,471.000000</point>
				<point>666.000000,464.000000</point>
				<point>683.000000,456.000000</point>
				<point>686.000000,464.000000</point>
			</points>
		</object>
		<object>
			<coordinate>pixel</coordinate>
			<type>rectangle</type>
			<description>None</description>
			<possibleresult>
				<name>Small Car</name>
			</possibleresult>
			<points>
				<point>688.000000,481.000000</point>
				<point>665.000000,487.000000</point>
				<point>663.000000,478.000000</point>
				<point>686.000000,473.000000</point>
				<point>688.000000,481.000000</point>
			</points>
		</object>
		<object>
			<coordinate>pixel</coordinate>
			<type>rectangle</type>
			<description>None</description>
			<possibleresult>
				<name>Small Car</name>
			</possibleresult>
			<points>
				<point>688.000000,493.000000</point>
				<point>666.000000,497.000000</point>
				<point>665.000000,490.000000</point>
				<point>687.000000,486.000000</point>
				<point>688.000000,493.000000</point>
			</points>
		</object>
		<object>
			<coordinate>pixel</coordinate>
			<type>rectangle</type>
			<description>None</description>
			<possibleresult>
				<name>Small Car</name>
			</possibleresult>
			<points>
				<point>738.000000,478.000000</point>
				<point>729.000000,481.000000</point>
				<point>723.000000,463.000000</point>
				<point>732.000000,460.000000</point>
				<point>738.000000,478.000000</point>
			</points>
		</object>
		<object>
			<coordinate>pixel</coordinate>
			<type>rectangle</type>
			<description>None</description>
			<possibleresult>
				<name>Small Car</name>
			</possibleresult>
			<points>
				<point>711.000000,466.000000</point>
				<point>692.000000,466.000000</point>
				<point>692.000000,459.000000</point>
				<point>711.000000,459.000000</point>
				<point>711.000000,466.000000</point>
			</points>
		</object>
		<object>
			<coordinate>pixel</coordinate>
			<type>rectangle</type>
			<description>None</description>
			<possibleresult>
				<name>Van</name>
			</possibleresult>
			<points>
				<point>712.000000,475.000000</point>
				<point>692.000000,475.000000</point>
				<point>692.000000,468.000000</point>
				<point>712.000000,468.000000</point>
				<point>712.000000,475.000000</point>
			</points>
		</object>
		<object>
			<coordinate>pixel</coordinate>
			<type>rectangle</type>
			<description>None</description>
			<possibleresult>
				<name>Small Car</name>
			</possibleresult>
			<points>
				<point>711.000000,484.000000</point>
				<point>691.000000,484.000000</point>
				<point>691.000000,477.000000</point>
				<point>711.000000,477.000000</point>
				<point>711.000000,484.000000</point>
			</points>
		</object>
		<object>
			<coordinate>pixel</coordinate>
			<type>rectangle</type>
			<description>None</description>
			<possibleresult>
				<name>Small Car</name>
			</possibleresult>
			<points>
				<point>715.000000,493.000000</point>
				<point>693.000000,493.000000</point>
				<point>693.000000,486.000000</point>
				<point>715.000000,486.000000</point>
				<point>715.000000,493.000000</point>
			</points>
		</object>
		<object>
			<coordinate>pixel</coordinate>
			<type>rectangle</type>
			<description>None</description>
			<possibleresult>
				<name>Small Car</name>
			</possibleresult>
			<points>
				<point>713.000000,501.000000</point>
				<point>692.000000,502.000000</point>
				<point>692.000000,496.000000</point>
				<point>712.000000,494.000000</point>
				<point>713.000000,501.000000</point>
			</points>
		</object>
		<object>
			<coordinate>pixel</coordinate>
			<type>rectangle</type>
			<description>None</description>
			<possibleresult>
				<name>Van</name>
			</possibleresult>
			<points>
				<point>713.000000,520.000000</point>
				<point>692.000000,520.000000</point>
				<point>692.000000,513.000000</point>
				<point>713.000000,513.000000</point>
				<point>713.000000,520.000000</point>
			</points>
		</object>
		<object>
			<coordinate>pixel</coordinate>
			<type>rectangle</type>
			<description>None</description>
			<possibleresult>
				<name>Small Car</name>
			</possibleresult>
			<points>
				<point>712.000000,528.000000</point>
				<point>692.000000,528.000000</point>
				<point>692.000000,521.000000</point>
				<point>712.000000,521.000000</point>
				<point>712.000000,528.000000</point>
			</points>
		</object>
		<object>
			<coordinate>pixel</coordinate>
			<type>rectangle</type>
			<description>None</description>
			<possibleresult>
				<name>Small Car</name>
			</possibleresult>
			<points>
				<point>712.000000,536.000000</point>
				<point>691.000000,538.000000</point>
				<point>690.000000,531.000000</point>
				<point>712.000000,530.000000</point>
				<point>712.000000,536.000000</point>
			</points>
		</object>
		<object>
			<coordinate>pixel</coordinate>
			<type>rectangle</type>
			<description>None</description>
			<possibleresult>
				<name>Small Car</name>
			</possibleresult>
			<points>
				<point>712.000000,546.000000</point>
				<point>691.000000,546.000000</point>
				<point>691.000000,539.000000</point>
				<point>712.000000,539.000000</point>
				<point>712.000000,546.000000</point>
			</points>
		</object>
		<object>
			<coordinate>pixel</coordinate>
			<type>rectangle</type>
			<description>None</description>
			<possibleresult>
				<name>Small Car</name>
			</possibleresult>
			<points>
				<point>712.000000,562.000000</point>
				<point>692.000000,562.000000</point>
				<point>692.000000,555.000000</point>
				<point>712.000000,555.000000</point>
				<point>712.000000,562.000000</point>
			</points>
		</object>
		<object>
			<coordinate>pixel</coordinate>
			<type>rectangle</type>
			<description>None</description>
			<possibleresult>
				<name>Small Car</name>
			</possibleresult>
			<points>
				<point>711.000000,578.000000</point>
				<point>691.000000,580.000000</point>
				<point>690.000000,573.000000</point>
				<point>711.000000,572.000000</point>
				<point>711.000000,578.000000</point>
			</points>
		</object>
		<object>
			<coordinate>pixel</coordinate>
			<type>rectangle</type>
			<description>None</description>
			<possibleresult>
				<name>Small Car</name>
			</possibleresult>
			<points>
				<point>712.000000,589.000000</point>
				<point>692.000000,589.000000</point>
				<point>692.000000,582.000000</point>
				<point>712.000000,582.000000</point>
				<point>712.000000,589.000000</point>
			</points>
		</object>
		<object>
			<coordinate>pixel</coordinate>
			<type>rectangle</type>
			<description>None</description>
			<possibleresult>
				<name>Small Car</name>
			</possibleresult>
			<points>
				<point>772.000000,466.000000</point>
				<point>752.000000,468.000000</point>
				<point>751.000000,462.000000</point>
				<point>772.000000,461.000000</point>
				<point>772.000000,466.000000</point>
			</points>
		</object>
		<object>
			<coordinate>pixel</coordinate>
			<type>rectangle</type>
			<description>None</description>
			<possibleresult>
				<name>Small Car</name>
			</possibleresult>
			<points>
				<point>774.000000,477.000000</point>
				<point>752.000000,477.000000</point>
				<point>752.000000,470.000000</point>
				<point>774.000000,470.000000</point>
				<point>774.000000,477.000000</point>
			</points>
		</object>
		<object>
			<coordinate>pixel</coordinate>
			<type>rectangle</type>
			<description>None</description>
			<possibleresult>
				<name>Van</name>
			</possibleresult>
			<points>
				<point>774.000000,485.000000</point>
				<point>753.000000,485.000000</point>
				<point>753.000000,479.000000</point>
				<point>774.000000,479.000000</point>
				<point>774.000000,485.000000</point>
			</points>
		</object>
		<object>
			<coordinate>pixel</coordinate>
			<type>rectangle</type>
			<description>None</description>
			<possibleresult>
				<name>Small Car</name>
			</possibleresult>
			<points>
				<point>772.000000,494.000000</point>
				<point>751.000000,494.000000</point>
				<point>751.000000,487.000000</point>
				<point>772.000000,487.000000</point>
				<point>772.000000,494.000000</point>
			</points>
		</object>
		<object>
			<coordinate>pixel</coordinate>
			<type>rectangle</type>
			<description>None</description>
			<possibleresult>
				<name>Van</name>
			</possibleresult>
			<points>
				<point>771.000000,502.000000</point>
				<point>751.000000,502.000000</point>
				<point>751.000000,497.000000</point>
				<point>771.000000,497.000000</point>
				<point>771.000000,502.000000</point>
			</points>
		</object>
		<object>
			<coordinate>pixel</coordinate>
			<type>rectangle</type>
			<description>None</description>
			<possibleresult>
				<name>Small Car</name>
			</possibleresult>
			<points>
				<point>771.000000,512.000000</point>
				<point>752.000000,512.000000</point>
				<point>752.000000,504.000000</point>
				<point>771.000000,504.000000</point>
				<point>771.000000,512.000000</point>
			</points>
		</object>
		<object>
			<coordinate>pixel</coordinate>
			<type>rectangle</type>
			<description>None</description>
			<possibleresult>
				<name>Van</name>
			</possibleresult>
			<points>
				<point>770.000000,520.000000</point>
				<point>752.000000,520.000000</point>
				<point>752.000000,513.000000</point>
				<point>770.000000,513.000000</point>
				<point>770.000000,520.000000</point>
			</points>
		</object>
		<object>
			<coordinate>pixel</coordinate>
			<type>rectangle</type>
			<description>None</description>
			<possibleresult>
				<name>Small Car</name>
			</possibleresult>
			<points>
				<point>770.000000,536.000000</point>
				<point>751.000000,536.000000</point>
				<point>751.000000,531.000000</point>
				<point>770.000000,531.000000</point>
				<point>770.000000,536.000000</point>
			</points>
		</object>
		<object>
			<coordinate>pixel</coordinate>
			<type>rectangle</type>
			<description>None</description>
			<possibleresult>
				<name>Small Car</name>
			</possibleresult>
			<points>
				<point>772.000000,545.000000</point>
				<point>750.000000,545.000000</point>
				<point>750.000000,539.000000</point>
				<point>772.000000,539.000000</point>
				<point>772.000000,545.000000</point>
			</points>
		</object>
		<object>
			<coordinate>pixel</coordinate>
			<type>rectangle</type>
			<description>None</description>
			<possibleresult>
				<name>Small Car</name>
			</possibleresult>
			<points>
				<point>769.000000,554.000000</point>
				<point>749.000000,554.000000</point>
				<point>749.000000,548.000000</point>
				<point>769.000000,548.000000</point>
				<point>769.000000,554.000000</point>
			</points>
		</object>
		<object>
			<coordinate>pixel</coordinate>
			<type>rectangle</type>
			<description>None</description>
			<possibleresult>
				<name>Small Car</name>
			</possibleresult>
			<points>
				<point>770.000000,564.000000</point>
				<point>748.000000,564.000000</point>
				<point>748.000000,557.000000</point>
				<point>770.000000,557.000000</point>
				<point>770.000000,564.000000</point>
			</points>
		</object>
		<object>
			<coordinate>pixel</coordinate>
			<type>rectangle</type>
			<description>None</description>
			<possibleresult>
				<name>Small Car</name>
			</possibleresult>
			<points>
				<point>770.000000,571.000000</point>
				<point>748.000000,571.000000</point>
				<point>748.000000,565.000000</point>
				<point>770.000000,565.000000</point>
				<point>770.000000,571.000000</point>
			</points>
		</object>
		<object>
			<coordinate>pixel</coordinate>
			<type>rectangle</type>
			<description>None</description>
			<possibleresult>
				<name>Van</name>
			</possibleresult>
			<points>
				<point>769.000000,579.000000</point>
				<point>747.000000,581.000000</point>
				<point>746.000000,574.000000</point>
				<point>769.000000,573.000000</point>
				<point>769.000000,579.000000</point>
			</points>
		</object>
		<object>
			<coordinate>pixel</coordinate>
			<type>rectangle</type>
			<description>None</description>
			<possibleresult>
				<name>Van</name>
			</possibleresult>
			<points>
				<point>769.000000,596.000000</point>
				<point>749.000000,596.000000</point>
				<point>749.000000,589.000000</point>
				<point>769.000000,589.000000</point>
				<point>769.000000,596.000000</point>
			</points>
		</object>
		<object>
			<coordinate>pixel</coordinate>
			<type>rectangle</type>
			<description>None</description>
			<possibleresult>
				<name>Van</name>
			</possibleresult>
			<points>
				<point>853.000000,444.000000</point>
				<point>834.000000,444.000000</point>
				<point>834.000000,437.000000</point>
				<point>853.000000,437.000000</point>
				<point>853.000000,444.000000</point>
			</points>
		</object>
		<object>
			<coordinate>pixel</coordinate>
			<type>rectangle</type>
			<description>None</description>
			<possibleresult>
				<name>Van</name>
			</possibleresult>
			<points>
				<point>854.000000,453.000000</point>
				<point>834.000000,453.000000</point>
				<point>834.000000,446.000000</point>
				<point>854.000000,446.000000</point>
				<point>854.000000,453.000000</point>
			</points>
		</object>
		<object>
			<coordinate>pixel</coordinate>
			<type>rectangle</type>
			<description>None</description>
			<possibleresult>
				<name>Small Car</name>
			</possibleresult>
			<points>
				<point>854.000000,460.000000</point>
				<point>853.000000,466.000000</point>
				<point>833.000000,463.000000</point>
				<point>833.000000,456.000000</point>
				<point>854.000000,460.000000</point>
			</points>
		</object>
		<object>
			<coordinate>pixel</coordinate>
			<type>rectangle</type>
			<description>None</description>
			<possibleresult>
				<name>Small Car</name>
			</possibleresult>
			<points>
				<point>853.000000,469.000000</point>
				<point>852.000000,477.000000</point>
				<point>830.000000,472.000000</point>
				<point>832.000000,465.000000</point>
				<point>853.000000,469.000000</point>
			</points>
		</object>
		<object>
			<coordinate>pixel</coordinate>
			<type>rectangle</type>
			<description>None</description>
			<possibleresult>
				<name>Van</name>
			</possibleresult>
			<points>
				<point>848.000000,624.000000</point>
				<point>845.000000,632.000000</point>
				<point>828.000000,624.000000</point>
				<point>831.000000,616.000000</point>
				<point>848.000000,624.000000</point>
			</points>
		</object>
		<object>
			<coordinate>pixel</coordinate>
			<type>rectangle</type>
			<description>None</description>
			<possibleresult>
				<name>Small Car</name>
			</possibleresult>
			<points>
				<point>795.000000,636.000000</point>
				<point>775.000000,641.000000</point>
				<point>773.000000,633.000000</point>
				<point>793.000000,628.000000</point>
				<point>795.000000,636.000000</point>
			</points>
		</object>
		<object>
			<coordinate>pixel</coordinate>
			<type>rectangle</type>
			<description>None</description>
			<possibleresult>
				<name>Van</name>
			</possibleresult>
			<points>
				<point>793.000000,654.000000</point>
				<point>772.000000,658.000000</point>
				<point>771.000000,651.000000</point>
				<point>792.000000,648.000000</point>
				<point>793.000000,654.000000</point>
			</points>
		</object>
		<object>
			<coordinate>pixel</coordinate>
			<type>rectangle</type>
			<description>None</description>
			<possibleresult>
				<name>Van</name>
			</possibleresult>
			<points>
				<point>763.000000,659.000000</point>
				<point>763.000000,665.000000</point>
				<point>747.000000,663.000000</point>
				<point>748.000000,658.000000</point>
				<point>763.000000,659.000000</point>
			</points>
		</object>
		<object>
			<coordinate>pixel</coordinate>
			<type>rectangle</type>
			<description>None</description>
			<possibleresult>
				<name>Small Car</name>
			</possibleresult>
			<points>
				<point>767.000000,656.000000</point>
				<point>746.000000,656.000000</point>
				<point>746.000000,648.000000</point>
				<point>767.000000,648.000000</point>
				<point>767.000000,656.000000</point>
			</points>
		</object>
		<object>
			<coordinate>pixel</coordinate>
			<type>rectangle</type>
			<description>None</description>
			<possibleresult>
				<name>Small Car</name>
			</possibleresult>
			<points>
				<point>850.000000,658.000000</point>
				<point>848.000000,666.000000</point>
				<point>829.000000,660.000000</point>
				<point>832.000000,653.000000</point>
				<point>850.000000,658.000000</point>
			</points>
		</object>
		<object>
			<coordinate>pixel</coordinate>
			<type>rectangle</type>
			<description>None</description>
			<possibleresult>
				<name>Small Car</name>
			</possibleresult>
			<points>
				<point>849.000000,668.000000</point>
				<point>848.000000,674.000000</point>
				<point>827.000000,668.000000</point>
				<point>829.000000,663.000000</point>
				<point>849.000000,668.000000</point>
			</points>
		</object>
		<object>
			<coordinate>pixel</coordinate>
			<type>rectangle</type>
			<description>None</description>
			<possibleresult>
				<name>Small Car</name>
			</possibleresult>
			<points>
				<point>850.000000,676.000000</point>
				<point>848.000000,684.000000</point>
				<point>827.000000,681.000000</point>
				<point>829.000000,673.000000</point>
				<point>850.000000,676.000000</point>
			</points>
		</object>
		<object>
			<coordinate>pixel</coordinate>
			<type>rectangle</type>
			<description>None</description>
			<possibleresult>
				<name>Van</name>
			</possibleresult>
			<points>
				<point>849.000000,686.000000</point>
				<point>848.000000,694.000000</point>
				<point>827.000000,689.000000</point>
				<point>828.000000,681.000000</point>
				<point>849.000000,686.000000</point>
			</points>
		</object>
		<object>
			<coordinate>pixel</coordinate>
			<type>rectangle</type>
			<description>None</description>
			<possibleresult>
				<name>Small Car</name>
			</possibleresult>
			<points>
				<point>703.000000,694.000000</point>
				<point>697.000000,712.000000</point>
				<point>689.000000,709.000000</point>
				<point>694.000000,692.000000</point>
				<point>703.000000,694.000000</point>
			</points>
		</object>
		<object>
			<coordinate>pixel</coordinate>
			<type>rectangle</type>
			<description>None</description>
			<possibleresult>
				<name>Small Car</name>
			</possibleresult>
			<points>
				<point>716.000000,694.000000</point>
				<point>711.000000,711.000000</point>
				<point>701.000000,709.000000</point>
				<point>706.000000,692.000000</point>
				<point>716.000000,694.000000</point>
			</points>
		</object>
		<object>
			<coordinate>pixel</coordinate>
			<type>rectangle</type>
			<description>None</description>
			<possibleresult>
				<name>Small Car</name>
			</possibleresult>
			<points>
				<point>754.000000,694.000000</point>
				<point>746.000000,711.000000</point>
				<point>738.000000,708.000000</point>
				<point>746.000000,690.000000</point>
				<point>754.000000,694.000000</point>
			</points>
		</object>
		<object>
			<coordinate>pixel</coordinate>
			<type>rectangle</type>
			<description>None</description>
			<possibleresult>
				<name>Small Car</name>
			</possibleresult>
			<points>
				<point>779.000000,693.000000</point>
				<point>773.000000,712.000000</point>
				<point>766.000000,710.000000</point>
				<point>771.000000,690.000000</point>
				<point>779.000000,693.000000</point>
			</points>
		</object>
		<object>
			<coordinate>pixel</coordinate>
			<type>rectangle</type>
			<description>None</description>
			<possibleresult>
				<name>Small Car</name>
			</possibleresult>
			<points>
				<point>985.000000,422.000000</point>
				<point>981.000000,432.000000</point>
				<point>953.000000,419.000000</point>
				<point>958.000000,408.000000</point>
				<point>985.000000,422.000000</point>
			</points>
		</object>
		<object>
			<coordinate>pixel</coordinate>
			<type>rectangle</type>
			<description>None</description>
			<possibleresult>
				<name>Small Car</name>
			</possibleresult>
			<points>
				<point>1000.000000,405.000000</point>
				<point>999.000000,422.000000</point>
				<point>988.000000,421.000000</point>
				<point>989.000000,404.000000</point>
				<point>1000.000000,405.000000</point>
			</points>
		</object>
		<object>
			<coordinate>pixel</coordinate>
			<type>rectangle</type>
			<description>None</description>
			<possibleresult>
				<name>Football Field</name>
			</possibleresult>
			<points>
				<point>499.000000,397.000000</point>
				<point>498.000000,705.000000</point>
				<point>272.000000,704.000000</point>
				<point>273.000000,397.000000</point>
				<point>499.000000,397.000000</point>
			</points>
		</object>
	</objects>
</annotation>