<?xml version="1.0" encoding="utf-8"?>
<annotation>
	<source>
		<filename>1146.tif</filename>
		<origin>GF2/GF3</origin>
	</source>
	<research>
		<version>1.0</version>
		<provider>FAIR1M</provider>
		<author>Cyber</author>
		<pluginname>FAIR1M</pluginname>
		<pluginclass>object detection</pluginclass>
		<time>2021-07-21</time>
	</research>
	<size>
		<width>1000</width>
		<height>1000</height>
		<depth>3</depth>
	</size>
	<objects>
		<object>
			<coordinate>pixel</coordinate>
			<type>rectangle</type>
			<description>None</description>
			<possibleresult>
				<name>Intersection</name>
			</possibleresult>
			<points>
				<point>219.000000,276.000000</point>
				<point>101.000000,355.000000</point>
				<point>59.000000,293.000000</point>
				<point>177.000000,214.000000</point>
				<point>219.000000,276.000000</point>
			</points>
		</object>
		<object>
			<coordinate>pixel</coordinate>
			<type>rectangle</type>
			<description>None</description>
			<possibleresult>
				<name>Small Car</name>
			</possibleresult>
			<points>
				<point>517.000000,292.000000</point>
				<point>504.000000,300.000000</point>
				<point>500.000000,294.000000</point>
				<point>514.000000,285.000000</point>
				<point>517.000000,292.000000</point>
			</points>
		</object>
		<object>
			<coordinate>pixel</coordinate>
			<type>rectangle</type>
			<description>None</description>
			<possibleresult>
				<name>Cargo Truck</name>
			</possibleresult>
			<points>
				<point>491.000000,18.000000</point>
				<point>486.000000,23.000000</point>
				<point>469.000000,8.000000</point>
				<point>474.000000,3.000000</point>
				<point>491.000000,18.000000</point>
			</points>
		</object>
		<object>
			<coordinate>pixel</coordinate>
			<type>rectangle</type>
			<description>None</description>
			<possibleresult>
				<name>Small Car</name>
			</possibleresult>
			<points>
				<point>380.000000,465.000000</point>
				<point>363.000000,477.000000</point>
				<point>358.000000,471.000000</point>
				<point>375.000000,459.000000</point>
				<point>380.000000,465.000000</point>
			</points>
		</object>
		<object>
			<coordinate>pixel</coordinate>
			<type>rectangle</type>
			<description>None</description>
			<possibleresult>
				<name>Small Car</name>
			</possibleresult>
			<points>
				<point>347.000000,438.000000</point>
				<point>331.000000,449.000000</point>
				<point>327.000000,443.000000</point>
				<point>343.000000,432.000000</point>
				<point>347.000000,438.000000</point>
			</points>
		</object>
		<object>
			<coordinate>pixel</coordinate>
			<type>rectangle</type>
			<description>None</description>
			<possibleresult>
				<name>Van</name>
			</possibleresult>
			<points>
				<point>335.000000,431.000000</point>
				<point>318.000000,442.000000</point>
				<point>314.000000,437.000000</point>
				<point>330.000000,425.000000</point>
				<point>335.000000,431.000000</point>
			</points>
		</object>
		<object>
			<coordinate>pixel</coordinate>
			<type>rectangle</type>
			<description>None</description>
			<possibleresult>
				<name>Van</name>
			</possibleresult>
			<points>
				<point>348.000000,505.000000</point>
				<point>325.000000,517.000000</point>
				<point>322.000000,510.000000</point>
				<point>345.000000,498.000000</point>
				<point>348.000000,505.000000</point>
			</points>
		</object>
		<object>
			<coordinate>pixel</coordinate>
			<type>rectangle</type>
			<description>None</description>
			<possibleresult>
				<name>Small Car</name>
			</possibleresult>
			<points>
				<point>246.000000,412.000000</point>
				<point>231.000000,422.000000</point>
				<point>227.000000,416.000000</point>
				<point>242.000000,406.000000</point>
				<point>246.000000,412.000000</point>
			</points>
		</object>
		<object>
			<coordinate>pixel</coordinate>
			<type>rectangle</type>
			<description>None</description>
			<possibleresult>
				<name>Small Car</name>
			</possibleresult>
			<points>
				<point>225.000000,398.000000</point>
				<point>210.000000,408.000000</point>
				<point>206.000000,402.000000</point>
				<point>221.000000,392.000000</point>
				<point>225.000000,398.000000</point>
			</points>
		</object>
		<object>
			<coordinate>pixel</coordinate>
			<type>rectangle</type>
			<description>None</description>
			<possibleresult>
				<name>Small Car</name>
			</possibleresult>
			<points>
				<point>235.000000,362.000000</point>
				<point>229.000000,368.000000</point>
				<point>215.000000,353.000000</point>
				<point>222.000000,348.000000</point>
				<point>235.000000,362.000000</point>
			</points>
		</object>
		<object>
			<coordinate>pixel</coordinate>
			<type>rectangle</type>
			<description>None</description>
			<possibleresult>
				<name>Van</name>
			</possibleresult>
			<points>
				<point>322.000000,419.000000</point>
				<point>306.000000,430.000000</point>
				<point>300.000000,422.000000</point>
				<point>316.000000,411.000000</point>
				<point>322.000000,419.000000</point>
			</points>
		</object>
		<object>
			<coordinate>pixel</coordinate>
			<type>rectangle</type>
			<description>None</description>
			<possibleresult>
				<name>Van</name>
			</possibleresult>
			<points>
				<point>310.000000,479.000000</point>
				<point>295.000000,490.000000</point>
				<point>291.000000,484.000000</point>
				<point>307.000000,474.000000</point>
				<point>310.000000,479.000000</point>
			</points>
		</object>
		<object>
			<coordinate>pixel</coordinate>
			<type>rectangle</type>
			<description>None</description>
			<possibleresult>
				<name>Van</name>
			</possibleresult>
			<points>
				<point>365.000000,531.000000</point>
				<point>349.000000,541.000000</point>
				<point>346.000000,536.000000</point>
				<point>362.000000,526.000000</point>
				<point>365.000000,531.000000</point>
			</points>
		</object>
		<object>
			<coordinate>pixel</coordinate>
			<type>rectangle</type>
			<description>None</description>
			<possibleresult>
				<name>Small Car</name>
			</possibleresult>
			<points>
				<point>527.000000,35.000000</point>
				<point>512.000000,47.000000</point>
				<point>507.000000,41.000000</point>
				<point>523.000000,30.000000</point>
				<point>527.000000,35.000000</point>
			</points>
		</object>
		<object>
			<coordinate>pixel</coordinate>
			<type>rectangle</type>
			<description>None</description>
			<possibleresult>
				<name>Small Car</name>
			</possibleresult>
			<points>
				<point>183.000000,271.000000</point>
				<point>166.000000,280.000000</point>
				<point>164.000000,275.000000</point>
				<point>180.000000,265.000000</point>
				<point>183.000000,271.000000</point>
			</points>
		</object>
		<object>
			<coordinate>pixel</coordinate>
			<type>rectangle</type>
			<description>None</description>
			<possibleresult>
				<name>Van</name>
			</possibleresult>
			<points>
				<point>153.000000,261.000000</point>
				<point>137.000000,273.000000</point>
				<point>132.000000,265.000000</point>
				<point>148.000000,254.000000</point>
				<point>153.000000,261.000000</point>
			</points>
		</object>
		<object>
			<coordinate>pixel</coordinate>
			<type>rectangle</type>
			<description>None</description>
			<possibleresult>
				<name>Van</name>
			</possibleresult>
			<points>
				<point>89.000000,339.000000</point>
				<point>76.000000,348.000000</point>
				<point>72.000000,342.000000</point>
				<point>85.000000,333.000000</point>
				<point>89.000000,339.000000</point>
			</points>
		</object>
		<object>
			<coordinate>pixel</coordinate>
			<type>rectangle</type>
			<description>None</description>
			<possibleresult>
				<name>Van</name>
			</possibleresult>
			<points>
				<point>109.000000,310.000000</point>
				<point>94.000000,322.000000</point>
				<point>90.000000,317.000000</point>
				<point>106.000000,306.000000</point>
				<point>109.000000,310.000000</point>
			</points>
		</object>
		<object>
			<coordinate>pixel</coordinate>
			<type>rectangle</type>
			<description>None</description>
			<possibleresult>
				<name>Van</name>
			</possibleresult>
			<points>
				<point>439.000000,50.000000</point>
				<point>434.000000,55.000000</point>
				<point>421.000000,42.000000</point>
				<point>426.000000,37.000000</point>
				<point>439.000000,50.000000</point>
			</points>
		</object>
		<object>
			<coordinate>pixel</coordinate>
			<type>rectangle</type>
			<description>None</description>
			<possibleresult>
				<name>Van</name>
			</possibleresult>
			<points>
				<point>420.000000,71.000000</point>
				<point>414.000000,77.000000</point>
				<point>398.000000,61.000000</point>
				<point>404.000000,55.000000</point>
				<point>420.000000,71.000000</point>
			</points>
		</object>
		<object>
			<coordinate>pixel</coordinate>
			<type>rectangle</type>
			<description>None</description>
			<possibleresult>
				<name>Small Car</name>
			</possibleresult>
			<points>
				<point>402.000000,83.000000</point>
				<point>397.000000,88.000000</point>
				<point>383.000000,74.000000</point>
				<point>388.000000,69.000000</point>
				<point>402.000000,83.000000</point>
			</points>
		</object>
		<object>
			<coordinate>pixel</coordinate>
			<type>rectangle</type>
			<description>None</description>
			<possibleresult>
				<name>Van</name>
			</possibleresult>
			<points>
				<point>17.000000,170.000000</point>
				<point>0.000000,181.000000</point>
				<point>0.000000,170.000000</point>
				<point>13.000000,163.000000</point>
				<point>17.000000,170.000000</point>
			</points>
		</object>
		<object>
			<coordinate>pixel</coordinate>
			<type>rectangle</type>
			<description>None</description>
			<possibleresult>
				<name>Small Car</name>
			</possibleresult>
			<points>
				<point>58.000000,214.000000</point>
				<point>42.000000,225.000000</point>
				<point>38.000000,219.000000</point>
				<point>54.000000,208.000000</point>
				<point>58.000000,214.000000</point>
			</points>
		</object>
		<object>
			<coordinate>pixel</coordinate>
			<type>rectangle</type>
			<description>None</description>
			<possibleresult>
				<name>Van</name>
			</possibleresult>
			<points>
				<point>75.000000,228.000000</point>
				<point>58.000000,240.000000</point>
				<point>54.000000,234.000000</point>
				<point>70.000000,223.000000</point>
				<point>75.000000,228.000000</point>
			</points>
		</object>
		<object>
			<coordinate>pixel</coordinate>
			<type>rectangle</type>
			<description>None</description>
			<possibleresult>
				<name>Small Car</name>
			</possibleresult>
			<points>
				<point>61.000000,281.000000</point>
				<point>55.000000,286.000000</point>
				<point>43.000000,274.000000</point>
				<point>48.000000,268.000000</point>
				<point>61.000000,281.000000</point>
			</points>
		</object>
		<object>
			<coordinate>pixel</coordinate>
			<type>rectangle</type>
			<description>None</description>
			<possibleresult>
				<name>Small Car</name>
			</possibleresult>
			<points>
				<point>68.000000,274.000000</point>
				<point>64.000000,279.000000</point>
				<point>50.000000,267.000000</point>
				<point>55.000000,261.000000</point>
				<point>68.000000,274.000000</point>
			</points>
		</object>
		<object>
			<coordinate>pixel</coordinate>
			<type>rectangle</type>
			<description>None</description>
			<possibleresult>
				<name>Small Car</name>
			</possibleresult>
			<points>
				<point>80.000000,268.000000</point>
				<point>73.000000,274.000000</point>
				<point>60.000000,259.000000</point>
				<point>66.000000,254.000000</point>
				<point>80.000000,268.000000</point>
			</points>
		</object>
		<object>
			<coordinate>pixel</coordinate>
			<type>rectangle</type>
			<description>None</description>
			<possibleresult>
				<name>Small Car</name>
			</possibleresult>
			<points>
				<point>32.000000,297.000000</point>
				<point>26.000000,303.000000</point>
				<point>11.000000,289.000000</point>
				<point>17.000000,283.000000</point>
				<point>32.000000,297.000000</point>
			</points>
		</object>
		<object>
			<coordinate>pixel</coordinate>
			<type>rectangle</type>
			<description>None</description>
			<possibleresult>
				<name>Van</name>
			</possibleresult>
			<points>
				<point>41.000000,292.000000</point>
				<point>34.000000,298.000000</point>
				<point>21.000000,282.000000</point>
				<point>28.000000,276.000000</point>
				<point>41.000000,292.000000</point>
			</points>
		</object>
		<object>
			<coordinate>pixel</coordinate>
			<type>rectangle</type>
			<description>None</description>
			<possibleresult>
				<name>Van</name>
			</possibleresult>
			<points>
				<point>52.000000,288.000000</point>
				<point>46.000000,294.000000</point>
				<point>32.000000,280.000000</point>
				<point>38.000000,274.000000</point>
				<point>52.000000,288.000000</point>
			</points>
		</object>
		<object>
			<coordinate>pixel</coordinate>
			<type>rectangle</type>
			<description>None</description>
			<possibleresult>
				<name>Van</name>
			</possibleresult>
			<points>
				<point>721.000000,138.000000</point>
				<point>703.000000,146.000000</point>
				<point>701.000000,139.000000</point>
				<point>719.000000,131.000000</point>
				<point>721.000000,138.000000</point>
			</points>
		</object>
		<object>
			<coordinate>pixel</coordinate>
			<type>rectangle</type>
			<description>None</description>
			<possibleresult>
				<name>Small Car</name>
			</possibleresult>
			<points>
				<point>713.000000,131.000000</point>
				<point>694.000000,139.000000</point>
				<point>691.000000,132.000000</point>
				<point>709.000000,123.000000</point>
				<point>713.000000,131.000000</point>
			</points>
		</object>
		<object>
			<coordinate>pixel</coordinate>
			<type>rectangle</type>
			<description>None</description>
			<possibleresult>
				<name>Van</name>
			</possibleresult>
			<points>
				<point>739.000000,151.000000</point>
				<point>721.000000,160.000000</point>
				<point>718.000000,154.000000</point>
				<point>736.000000,145.000000</point>
				<point>739.000000,151.000000</point>
			</points>
		</object>
		<object>
			<coordinate>pixel</coordinate>
			<type>rectangle</type>
			<description>None</description>
			<possibleresult>
				<name>Van</name>
			</possibleresult>
			<points>
				<point>630.000000,155.000000</point>
				<point>625.000000,161.000000</point>
				<point>610.000000,150.000000</point>
				<point>615.000000,144.000000</point>
				<point>630.000000,155.000000</point>
			</points>
		</object>
		<object>
			<coordinate>pixel</coordinate>
			<type>rectangle</type>
			<description>None</description>
			<possibleresult>
				<name>Van</name>
			</possibleresult>
			<points>
				<point>611.000000,172.000000</point>
				<point>605.000000,178.000000</point>
				<point>586.000000,163.000000</point>
				<point>591.000000,156.000000</point>
				<point>611.000000,172.000000</point>
			</points>
		</object>
		<object>
			<coordinate>pixel</coordinate>
			<type>rectangle</type>
			<description>None</description>
			<possibleresult>
				<name>Small Car</name>
			</possibleresult>
			<points>
				<point>686.000000,190.000000</point>
				<point>681.000000,196.000000</point>
				<point>669.000000,184.000000</point>
				<point>674.000000,178.000000</point>
				<point>686.000000,190.000000</point>
			</points>
		</object>
		<object>
			<coordinate>pixel</coordinate>
			<type>rectangle</type>
			<description>None</description>
			<possibleresult>
				<name>Small Car</name>
			</possibleresult>
			<points>
				<point>707.000000,186.000000</point>
				<point>700.000000,190.000000</point>
				<point>690.000000,176.000000</point>
				<point>698.000000,171.000000</point>
				<point>707.000000,186.000000</point>
			</points>
		</object>
		<object>
			<coordinate>pixel</coordinate>
			<type>rectangle</type>
			<description>None</description>
			<possibleresult>
				<name>Small Car</name>
			</possibleresult>
			<points>
				<point>667.000000,201.000000</point>
				<point>661.000000,206.000000</point>
				<point>651.000000,194.000000</point>
				<point>657.000000,189.000000</point>
				<point>667.000000,201.000000</point>
			</points>
		</object>
		<object>
			<coordinate>pixel</coordinate>
			<type>rectangle</type>
			<description>None</description>
			<possibleresult>
				<name>Van</name>
			</possibleresult>
			<points>
				<point>658.000000,161.000000</point>
				<point>640.000000,170.000000</point>
				<point>637.000000,163.000000</point>
				<point>655.000000,154.000000</point>
				<point>658.000000,161.000000</point>
			</points>
		</object>
		<object>
			<coordinate>pixel</coordinate>
			<type>rectangle</type>
			<description>None</description>
			<possibleresult>
				<name>Small Car</name>
			</possibleresult>
			<points>
				<point>479.000000,88.000000</point>
				<point>463.000000,98.000000</point>
				<point>460.000000,93.000000</point>
				<point>476.000000,83.000000</point>
				<point>479.000000,88.000000</point>
			</points>
		</object>
		<object>
			<coordinate>pixel</coordinate>
			<type>rectangle</type>
			<description>None</description>
			<possibleresult>
				<name>Van</name>
			</possibleresult>
			<points>
				<point>363.000000,135.000000</point>
				<point>344.000000,148.000000</point>
				<point>340.000000,140.000000</point>
				<point>358.000000,128.000000</point>
				<point>363.000000,135.000000</point>
			</points>
		</object>
		<object>
			<coordinate>pixel</coordinate>
			<type>rectangle</type>
			<description>None</description>
			<possibleresult>
				<name>Van</name>
			</possibleresult>
			<points>
				<point>251.000000,201.000000</point>
				<point>232.000000,215.000000</point>
				<point>227.000000,208.000000</point>
				<point>246.000000,195.000000</point>
				<point>251.000000,201.000000</point>
			</points>
		</object>
		<object>
			<coordinate>pixel</coordinate>
			<type>rectangle</type>
			<description>None</description>
			<possibleresult>
				<name>Van</name>
			</possibleresult>
			<points>
				<point>782.000000,111.000000</point>
				<point>769.000000,124.000000</point>
				<point>763.000000,118.000000</point>
				<point>776.000000,105.000000</point>
				<point>782.000000,111.000000</point>
			</points>
		</object>
		<object>
			<coordinate>pixel</coordinate>
			<type>rectangle</type>
			<description>None</description>
			<possibleresult>
				<name>Van</name>
			</possibleresult>
			<points>
				<point>773.000000,106.000000</point>
				<point>760.000000,117.000000</point>
				<point>755.000000,111.000000</point>
				<point>768.000000,100.000000</point>
				<point>773.000000,106.000000</point>
			</points>
		</object>
		<object>
			<coordinate>pixel</coordinate>
			<type>rectangle</type>
			<description>None</description>
			<possibleresult>
				<name>Small Car</name>
			</possibleresult>
			<points>
				<point>804.000000,122.000000</point>
				<point>790.000000,136.000000</point>
				<point>785.000000,131.000000</point>
				<point>799.000000,117.000000</point>
				<point>804.000000,122.000000</point>
			</points>
		</object>
		<object>
			<coordinate>pixel</coordinate>
			<type>rectangle</type>
			<description>None</description>
			<possibleresult>
				<name>Small Car</name>
			</possibleresult>
			<points>
				<point>757.000000,91.000000</point>
				<point>740.000000,105.000000</point>
				<point>735.000000,99.000000</point>
				<point>751.000000,84.000000</point>
				<point>757.000000,91.000000</point>
			</points>
		</object>
		<object>
			<coordinate>pixel</coordinate>
			<type>rectangle</type>
			<description>None</description>
			<possibleresult>
				<name>Van</name>
			</possibleresult>
			<points>
				<point>863.000000,85.000000</point>
				<point>848.000000,99.000000</point>
				<point>843.000000,93.000000</point>
				<point>857.000000,80.000000</point>
				<point>863.000000,85.000000</point>
			</points>
		</object>
		<object>
			<coordinate>pixel</coordinate>
			<type>rectangle</type>
			<description>None</description>
			<possibleresult>
				<name>Van</name>
			</possibleresult>
			<points>
				<point>917.000000,122.000000</point>
				<point>902.000000,136.000000</point>
				<point>897.000000,131.000000</point>
				<point>913.000000,118.000000</point>
				<point>917.000000,122.000000</point>
			</points>
		</object>
		<object>
			<coordinate>pixel</coordinate>
			<type>rectangle</type>
			<description>None</description>
			<possibleresult>
				<name>Small Car</name>
			</possibleresult>
			<points>
				<point>848.000000,71.000000</point>
				<point>831.000000,83.000000</point>
				<point>826.000000,77.000000</point>
				<point>842.000000,64.000000</point>
				<point>848.000000,71.000000</point>
			</points>
		</object>
		<object>
			<coordinate>pixel</coordinate>
			<type>rectangle</type>
			<description>None</description>
			<possibleresult>
				<name>Small Car</name>
			</possibleresult>
			<points>
				<point>838.000000,63.000000</point>
				<point>824.000000,75.000000</point>
				<point>821.000000,71.000000</point>
				<point>835.000000,59.000000</point>
				<point>838.000000,63.000000</point>
			</points>
		</object>
		<object>
			<coordinate>pixel</coordinate>
			<type>rectangle</type>
			<description>None</description>
			<possibleresult>
				<name>Small Car</name>
			</possibleresult>
			<points>
				<point>59.000000,56.000000</point>
				<point>40.000000,65.000000</point>
				<point>37.000000,59.000000</point>
				<point>56.000000,50.000000</point>
				<point>59.000000,56.000000</point>
			</points>
		</object>
		<object>
			<coordinate>pixel</coordinate>
			<type>rectangle</type>
			<description>None</description>
			<possibleresult>
				<name>Small Car</name>
			</possibleresult>
			<points>
				<point>65.000000,65.000000</point>
				<point>49.000000,73.000000</point>
				<point>46.000000,67.000000</point>
				<point>62.000000,59.000000</point>
				<point>65.000000,65.000000</point>
			</points>
		</object>
		<object>
			<coordinate>pixel</coordinate>
			<type>rectangle</type>
			<description>None</description>
			<possibleresult>
				<name>Small Car</name>
			</possibleresult>
			<points>
				<point>128.000000,241.000000</point>
				<point>123.000000,247.000000</point>
				<point>109.000000,234.000000</point>
				<point>115.000000,229.000000</point>
				<point>128.000000,241.000000</point>
			</points>
		</object>
		<object>
			<coordinate>pixel</coordinate>
			<type>rectangle</type>
			<description>None</description>
			<possibleresult>
				<name>Small Car</name>
			</possibleresult>
			<points>
				<point>51.000000,50.000000</point>
				<point>30.000000,58.000000</point>
				<point>28.000000,51.000000</point>
				<point>48.000000,42.000000</point>
				<point>51.000000,50.000000</point>
			</points>
		</object>
		<object>
			<coordinate>pixel</coordinate>
			<type>rectangle</type>
			<description>None</description>
			<possibleresult>
				<name>Cargo Truck</name>
			</possibleresult>
			<points>
				<point>250.000000,156.000000</point>
				<point>206.000000,167.000000</point>
				<point>203.000000,155.000000</point>
				<point>247.000000,144.000000</point>
				<point>250.000000,156.000000</point>
			</points>
		</object>
		<object>
			<coordinate>pixel</coordinate>
			<type>rectangle</type>
			<description>None</description>
			<possibleresult>
				<name>Small Car</name>
			</possibleresult>
			<points>
				<point>702.000000,120.000000</point>
				<point>697.000000,127.000000</point>
				<point>681.000000,115.000000</point>
				<point>687.000000,109.000000</point>
				<point>702.000000,120.000000</point>
			</points>
		</object>
		<object>
			<coordinate>pixel</coordinate>
			<type>rectangle</type>
			<description>None</description>
			<possibleresult>
				<name>Van</name>
			</possibleresult>
			<points>
				<point>503.000000,245.000000</point>
				<point>484.000000,253.000000</point>
				<point>482.000000,245.000000</point>
				<point>500.000000,238.000000</point>
				<point>503.000000,245.000000</point>
			</points>
		</object>
		<object>
			<coordinate>pixel</coordinate>
			<type>rectangle</type>
			<description>None</description>
			<possibleresult>
				<name>Small Car</name>
			</possibleresult>
			<points>
				<point>144.000000,816.000000</point>
				<point>133.000000,818.000000</point>
				<point>131.000000,800.000000</point>
				<point>142.000000,798.000000</point>
				<point>144.000000,816.000000</point>
			</points>
		</object>
		<object>
			<coordinate>pixel</coordinate>
			<type>rectangle</type>
			<description>None</description>
			<possibleresult>
				<name>Van</name>
			</possibleresult>
			<points>
				<point>403.000000,486.000000</point>
				<point>387.000000,498.000000</point>
				<point>382.000000,490.000000</point>
				<point>399.000000,479.000000</point>
				<point>403.000000,486.000000</point>
			</points>
		</object>
		<object>
			<coordinate>pixel</coordinate>
			<type>rectangle</type>
			<description>None</description>
			<possibleresult>
				<name>Cargo Truck</name>
			</possibleresult>
			<points>
				<point>241.000000,111.000000</point>
				<point>205.000000,134.000000</point>
				<point>200.000000,127.000000</point>
				<point>237.000000,105.000000</point>
				<point>241.000000,111.000000</point>
			</points>
		</object>
		<object>
			<coordinate>pixel</coordinate>
			<type>rectangle</type>
			<description>None</description>
			<possibleresult>
				<name>Small Car</name>
			</possibleresult>
			<points>
				<point>599.000000,4.000000</point>
				<point>585.000000,14.000000</point>
				<point>580.000000,9.000000</point>
				<point>594.000000,-1.000000</point>
				<point>599.000000,4.000000</point>
			</points>
		</object>
		<object>
			<coordinate>pixel</coordinate>
			<type>rectangle</type>
			<description>None</description>
			<possibleresult>
				<name>Small Car</name>
			</possibleresult>
			<points>
				<point>12.000000,309.000000</point>
				<point>7.000000,314.000000</point>
				<point>-1.000000,305.000000</point>
				<point>3.000000,300.000000</point>
				<point>12.000000,309.000000</point>
			</points>
		</object>
	</objects>
</annotation>