<?xml version="1.0" encoding="utf-8"?>
<annotation>
	<source>
		<filename>1166.tif</filename>
		<origin>GF2/GF3</origin>
	</source>
	<research>
		<version>1.0</version>
		<provider>FAIR1M</provider>
		<author>Cyber</author>
		<pluginname>FAIR1M</pluginname>
		<pluginclass>object detection</pluginclass>
		<time>2021-07-21</time>
	</research>
	<size>
		<width>1000</width>
		<height>1000</height>
		<depth>3</depth>
	</size>
	<objects>
		<object>
			<coordinate>pixel</coordinate>
			<type>rectangle</type>
			<description>None</description>
			<possibleresult>
				<name>A321</name>
			</possibleresult>
			<points>
				<point>44.000000,707.000000</point>
				<point>86.000000,744.000000</point>
				<point>117.000000,709.000000</point>
				<point>74.000000,672.000000</point>
				<point>44.000000,707.000000</point>
			</points>
		</object>
		<object>
			<coordinate>pixel</coordinate>
			<type>rectangle</type>
			<description>None</description>
			<possibleresult>
				<name>Boeing737</name>
			</possibleresult>
			<points>
				<point>82.000000,663.000000</point>
				<point>118.000000,695.000000</point>
				<point>145.000000,664.000000</point>
				<point>109.000000,632.000000</point>
				<point>82.000000,663.000000</point>
			</points>
		</object>
		<object>
			<coordinate>pixel</coordinate>
			<type>rectangle</type>
			<description>None</description>
			<possibleresult>
				<name>Boeing737</name>
			</possibleresult>
			<points>
				<point>118.000000,624.000000</point>
				<point>153.000000,655.000000</point>
				<point>183.000000,621.000000</point>
				<point>147.000000,590.000000</point>
				<point>118.000000,624.000000</point>
			</points>
		</object>
		<object>
			<coordinate>pixel</coordinate>
			<type>rectangle</type>
			<description>None</description>
			<possibleresult>
				<name>other-airplane</name>
			</possibleresult>
			<points>
				<point>235.000000,295.000000</point>
				<point>260.000000,263.000000</point>
				<point>231.000000,241.000000</point>
				<point>206.000000,273.000000</point>
				<point>235.000000,295.000000</point>
			</points>
		</object>
		<object>
			<coordinate>pixel</coordinate>
			<type>rectangle</type>
			<description>None</description>
			<possibleresult>
				<name>A321</name>
			</possibleresult>
			<points>
				<point>568.000000,450.000000</point>
				<point>604.000000,406.000000</point>
				<point>567.000000,375.000000</point>
				<point>531.000000,419.000000</point>
				<point>568.000000,450.000000</point>
			</points>
		</object>
		<object>
			<coordinate>pixel</coordinate>
			<type>rectangle</type>
			<description>None</description>
			<possibleresult>
				<name>Boeing787</name>
			</possibleresult>
			<points>
				<point>569.000000,170.000000</point>
				<point>625.000000,220.000000</point>
				<point>677.000000,162.000000</point>
				<point>621.000000,112.000000</point>
				<point>569.000000,170.000000</point>
			</points>
		</object>
		<object>
			<coordinate>pixel</coordinate>
			<type>rectangle</type>
			<description>None</description>
			<possibleresult>
				<name>other-airplane</name>
			</possibleresult>
			<points>
				<point>662.000000,108.000000</point>
				<point>694.000000,135.000000</point>
				<point>718.000000,107.000000</point>
				<point>686.000000,80.000000</point>
				<point>662.000000,108.000000</point>
			</points>
		</object>
	</objects>
</annotation>