<?xml version="1.0" encoding="utf-8"?>
<annotation>
	<source>
		<filename>1167.tif</filename>
		<origin>GF2/GF3</origin>
	</source>
	<research>
		<version>1.0</version>
		<provider>FAIR1M</provider>
		<author>Cyber</author>
		<pluginname>FAIR1M</pluginname>
		<pluginclass>object detection</pluginclass>
		<time>2021-07-21</time>
	</research>
	<size>
		<width>1000</width>
		<height>1000</height>
		<depth>3</depth>
	</size>
	<objects>
		<object>
			<coordinate>pixel</coordinate>
			<type>rectangle</type>
			<description>None</description>
			<possibleresult>
				<name>Small Car</name>
			</possibleresult>
			<points>
				<point>356.000000,72.000000</point>
				<point>355.000000,88.000000</point>
				<point>345.000000,87.000000</point>
				<point>347.000000,72.000000</point>
				<point>356.000000,72.000000</point>
			</points>
		</object>
		<object>
			<coordinate>pixel</coordinate>
			<type>rectangle</type>
			<description>None</description>
			<possibleresult>
				<name>Small Car</name>
			</possibleresult>
			<points>
				<point>307.000000,65.000000</point>
				<point>304.000000,81.000000</point>
				<point>296.000000,80.000000</point>
				<point>298.000000,63.000000</point>
				<point>307.000000,65.000000</point>
			</points>
		</object>
		<object>
			<coordinate>pixel</coordinate>
			<type>rectangle</type>
			<description>None</description>
			<possibleresult>
				<name>Van</name>
			</possibleresult>
			<points>
				<point>293.000000,64.000000</point>
				<point>291.000000,79.000000</point>
				<point>283.000000,77.000000</point>
				<point>285.000000,62.000000</point>
				<point>293.000000,64.000000</point>
			</points>
		</object>
		<object>
			<coordinate>pixel</coordinate>
			<type>rectangle</type>
			<description>None</description>
			<possibleresult>
				<name>Van</name>
			</possibleresult>
			<points>
				<point>282.000000,63.000000</point>
				<point>279.000000,79.000000</point>
				<point>270.000000,77.000000</point>
				<point>273.000000,61.000000</point>
				<point>282.000000,63.000000</point>
			</points>
		</object>
		<object>
			<coordinate>pixel</coordinate>
			<type>rectangle</type>
			<description>None</description>
			<possibleresult>
				<name>Van</name>
			</possibleresult>
			<points>
				<point>270.000000,59.000000</point>
				<point>267.000000,75.000000</point>
				<point>258.000000,74.000000</point>
				<point>261.000000,58.000000</point>
				<point>270.000000,59.000000</point>
			</points>
		</object>
		<object>
			<coordinate>pixel</coordinate>
			<type>rectangle</type>
			<description>None</description>
			<possibleresult>
				<name>Van</name>
			</possibleresult>
			<points>
				<point>259.000000,56.000000</point>
				<point>256.000000,75.000000</point>
				<point>246.000000,73.000000</point>
				<point>249.000000,54.000000</point>
				<point>259.000000,56.000000</point>
			</points>
		</object>
		<object>
			<coordinate>pixel</coordinate>
			<type>rectangle</type>
			<description>None</description>
			<possibleresult>
				<name>Van</name>
			</possibleresult>
			<points>
				<point>244.000000,55.000000</point>
				<point>243.000000,72.000000</point>
				<point>233.000000,70.000000</point>
				<point>235.000000,53.000000</point>
				<point>244.000000,55.000000</point>
			</points>
		</object>
		<object>
			<coordinate>pixel</coordinate>
			<type>rectangle</type>
			<description>None</description>
			<possibleresult>
				<name>Van</name>
			</possibleresult>
			<points>
				<point>296.000000,0.000000</point>
				<point>294.000000,13.000000</point>
				<point>286.000000,11.000000</point>
				<point>288.000000,0.000000</point>
				<point>296.000000,0.000000</point>
			</points>
		</object>
		<object>
			<coordinate>pixel</coordinate>
			<type>rectangle</type>
			<description>None</description>
			<possibleresult>
				<name>Small Car</name>
			</possibleresult>
			<points>
				<point>321.000000,2.000000</point>
				<point>319.000000,17.000000</point>
				<point>311.000000,15.000000</point>
				<point>314.000000,1.000000</point>
				<point>321.000000,2.000000</point>
			</points>
		</object>
		<object>
			<coordinate>pixel</coordinate>
			<type>rectangle</type>
			<description>None</description>
			<possibleresult>
				<name>Small Car</name>
			</possibleresult>
			<points>
				<point>334.000000,4.000000</point>
				<point>331.000000,20.000000</point>
				<point>322.000000,19.000000</point>
				<point>326.000000,3.000000</point>
				<point>334.000000,4.000000</point>
			</points>
		</object>
		<object>
			<coordinate>pixel</coordinate>
			<type>rectangle</type>
			<description>None</description>
			<possibleresult>
				<name>Small Car</name>
			</possibleresult>
			<points>
				<point>348.000000,6.000000</point>
				<point>345.000000,21.000000</point>
				<point>335.000000,19.000000</point>
				<point>338.000000,4.000000</point>
				<point>348.000000,6.000000</point>
			</points>
		</object>
		<object>
			<coordinate>pixel</coordinate>
			<type>rectangle</type>
			<description>None</description>
			<possibleresult>
				<name>Small Car</name>
			</possibleresult>
			<points>
				<point>343.000000,25.000000</point>
				<point>340.000000,40.000000</point>
				<point>330.000000,38.000000</point>
				<point>333.000000,23.000000</point>
				<point>343.000000,25.000000</point>
			</points>
		</object>
		<object>
			<coordinate>pixel</coordinate>
			<type>rectangle</type>
			<description>None</description>
			<possibleresult>
				<name>Small Car</name>
			</possibleresult>
			<points>
				<point>329.000000,23.000000</point>
				<point>326.000000,39.000000</point>
				<point>318.000000,38.000000</point>
				<point>320.000000,21.000000</point>
				<point>329.000000,23.000000</point>
			</points>
		</object>
		<object>
			<coordinate>pixel</coordinate>
			<type>rectangle</type>
			<description>None</description>
			<possibleresult>
				<name>Small Car</name>
			</possibleresult>
			<points>
				<point>317.000000,19.000000</point>
				<point>314.000000,37.000000</point>
				<point>304.000000,35.000000</point>
				<point>308.000000,18.000000</point>
				<point>317.000000,19.000000</point>
			</points>
		</object>
		<object>
			<coordinate>pixel</coordinate>
			<type>rectangle</type>
			<description>None</description>
			<possibleresult>
				<name>Small Car</name>
			</possibleresult>
			<points>
				<point>306.000000,20.000000</point>
				<point>303.000000,37.000000</point>
				<point>293.000000,35.000000</point>
				<point>297.000000,19.000000</point>
				<point>306.000000,20.000000</point>
			</points>
		</object>
		<object>
			<coordinate>pixel</coordinate>
			<type>rectangle</type>
			<description>None</description>
			<possibleresult>
				<name>Small Car</name>
			</possibleresult>
			<points>
				<point>292.000000,16.000000</point>
				<point>289.000000,34.000000</point>
				<point>280.000000,32.000000</point>
				<point>283.000000,14.000000</point>
				<point>292.000000,16.000000</point>
			</points>
		</object>
		<object>
			<coordinate>pixel</coordinate>
			<type>rectangle</type>
			<description>None</description>
			<possibleresult>
				<name>Small Car</name>
			</possibleresult>
			<points>
				<point>281.000000,16.000000</point>
				<point>277.000000,32.000000</point>
				<point>268.000000,30.000000</point>
				<point>271.000000,15.000000</point>
				<point>281.000000,16.000000</point>
			</points>
		</object>
		<object>
			<coordinate>pixel</coordinate>
			<type>rectangle</type>
			<description>None</description>
			<possibleresult>
				<name>Small Car</name>
			</possibleresult>
			<points>
				<point>267.000000,15.000000</point>
				<point>265.000000,32.000000</point>
				<point>255.000000,30.000000</point>
				<point>258.000000,13.000000</point>
				<point>267.000000,15.000000</point>
			</points>
		</object>
		<object>
			<coordinate>pixel</coordinate>
			<type>rectangle</type>
			<description>None</description>
			<possibleresult>
				<name>Small Car</name>
			</possibleresult>
			<points>
				<point>256.000000,12.000000</point>
				<point>252.000000,29.000000</point>
				<point>243.000000,28.000000</point>
				<point>248.000000,10.000000</point>
				<point>256.000000,12.000000</point>
			</points>
		</object>
		<object>
			<coordinate>pixel</coordinate>
			<type>rectangle</type>
			<description>None</description>
			<possibleresult>
				<name>Van</name>
			</possibleresult>
			<points>
				<point>205.000000,2.000000</point>
				<point>202.000000,19.000000</point>
				<point>192.000000,17.000000</point>
				<point>196.000000,1.000000</point>
				<point>205.000000,2.000000</point>
			</points>
		</object>
		<object>
			<coordinate>pixel</coordinate>
			<type>rectangle</type>
			<description>None</description>
			<possibleresult>
				<name>Van</name>
			</possibleresult>
			<points>
				<point>191.000000,2.000000</point>
				<point>188.000000,19.000000</point>
				<point>180.000000,18.000000</point>
				<point>182.000000,0.000000</point>
				<point>191.000000,2.000000</point>
			</points>
		</object>
		<object>
			<coordinate>pixel</coordinate>
			<type>rectangle</type>
			<description>None</description>
			<possibleresult>
				<name>Van</name>
			</possibleresult>
			<points>
				<point>131.000000,36.000000</point>
				<point>127.000000,57.000000</point>
				<point>116.000000,54.000000</point>
				<point>120.000000,34.000000</point>
				<point>131.000000,36.000000</point>
			</points>
		</object>
		<object>
			<coordinate>pixel</coordinate>
			<type>rectangle</type>
			<description>None</description>
			<possibleresult>
				<name>Van</name>
			</possibleresult>
			<points>
				<point>103.000000,612.000000</point>
				<point>95.000000,628.000000</point>
				<point>88.000000,624.000000</point>
				<point>96.000000,608.000000</point>
				<point>103.000000,612.000000</point>
			</points>
		</object>
		<object>
			<coordinate>pixel</coordinate>
			<type>rectangle</type>
			<description>None</description>
			<possibleresult>
				<name>Small Car</name>
			</possibleresult>
			<points>
				<point>114.000000,617.000000</point>
				<point>108.000000,631.000000</point>
				<point>100.000000,628.000000</point>
				<point>107.000000,613.000000</point>
				<point>114.000000,617.000000</point>
			</points>
		</object>
		<object>
			<coordinate>pixel</coordinate>
			<type>rectangle</type>
			<description>None</description>
			<possibleresult>
				<name>Small Car</name>
			</possibleresult>
			<points>
				<point>142.000000,623.000000</point>
				<point>134.000000,639.000000</point>
				<point>126.000000,635.000000</point>
				<point>134.000000,619.000000</point>
				<point>142.000000,623.000000</point>
			</points>
		</object>
		<object>
			<coordinate>pixel</coordinate>
			<type>rectangle</type>
			<description>None</description>
			<possibleresult>
				<name>Small Car</name>
			</possibleresult>
			<points>
				<point>139.000000,673.000000</point>
				<point>133.000000,689.000000</point>
				<point>125.000000,686.000000</point>
				<point>131.000000,670.000000</point>
				<point>139.000000,673.000000</point>
			</points>
		</object>
		<object>
			<coordinate>pixel</coordinate>
			<type>rectangle</type>
			<description>None</description>
			<possibleresult>
				<name>Van</name>
			</possibleresult>
			<points>
				<point>117.000000,667.000000</point>
				<point>111.000000,682.000000</point>
				<point>102.000000,679.000000</point>
				<point>108.000000,664.000000</point>
				<point>117.000000,667.000000</point>
			</points>
		</object>
		<object>
			<coordinate>pixel</coordinate>
			<type>rectangle</type>
			<description>None</description>
			<possibleresult>
				<name>Small Car</name>
			</possibleresult>
			<points>
				<point>93.000000,656.000000</point>
				<point>87.000000,674.000000</point>
				<point>77.000000,671.000000</point>
				<point>83.000000,654.000000</point>
				<point>93.000000,656.000000</point>
			</points>
		</object>
		<object>
			<coordinate>pixel</coordinate>
			<type>rectangle</type>
			<description>None</description>
			<possibleresult>
				<name>Small Car</name>
			</possibleresult>
			<points>
				<point>80.000000,653.000000</point>
				<point>73.000000,670.000000</point>
				<point>65.000000,667.000000</point>
				<point>72.000000,650.000000</point>
				<point>80.000000,653.000000</point>
			</points>
		</object>
		<object>
			<coordinate>pixel</coordinate>
			<type>rectangle</type>
			<description>None</description>
			<possibleresult>
				<name>Small Car</name>
			</possibleresult>
			<points>
				<point>62.000000,649.000000</point>
				<point>56.000000,665.000000</point>
				<point>47.000000,662.000000</point>
				<point>53.000000,646.000000</point>
				<point>62.000000,649.000000</point>
			</points>
		</object>
		<object>
			<coordinate>pixel</coordinate>
			<type>rectangle</type>
			<description>None</description>
			<possibleresult>
				<name>Small Car</name>
			</possibleresult>
			<points>
				<point>50.000000,645.000000</point>
				<point>43.000000,661.000000</point>
				<point>35.000000,658.000000</point>
				<point>41.000000,641.000000</point>
				<point>50.000000,645.000000</point>
			</points>
		</object>
		<object>
			<coordinate>pixel</coordinate>
			<type>rectangle</type>
			<description>None</description>
			<possibleresult>
				<name>Small Car</name>
			</possibleresult>
			<points>
				<point>38.000000,642.000000</point>
				<point>32.000000,657.000000</point>
				<point>24.000000,653.000000</point>
				<point>29.000000,639.000000</point>
				<point>38.000000,642.000000</point>
			</points>
		</object>
		<object>
			<coordinate>pixel</coordinate>
			<type>rectangle</type>
			<description>None</description>
			<possibleresult>
				<name>Small Car</name>
			</possibleresult>
			<points>
				<point>26.000000,638.000000</point>
				<point>21.000000,653.000000</point>
				<point>12.000000,650.000000</point>
				<point>17.000000,635.000000</point>
				<point>26.000000,638.000000</point>
			</points>
		</object>
		<object>
			<coordinate>pixel</coordinate>
			<type>rectangle</type>
			<description>None</description>
			<possibleresult>
				<name>Van</name>
			</possibleresult>
			<points>
				<point>48.000000,804.000000</point>
				<point>43.000000,811.000000</point>
				<point>28.000000,799.000000</point>
				<point>33.000000,792.000000</point>
				<point>48.000000,804.000000</point>
			</points>
		</object>
		<object>
			<coordinate>pixel</coordinate>
			<type>rectangle</type>
			<description>None</description>
			<possibleresult>
				<name>Dump Truck</name>
			</possibleresult>
			<points>
				<point>609.000000,45.000000</point>
				<point>608.000000,54.000000</point>
				<point>582.000000,50.000000</point>
				<point>583.000000,41.000000</point>
				<point>609.000000,45.000000</point>
			</points>
		</object>
		<object>
			<coordinate>pixel</coordinate>
			<type>rectangle</type>
			<description>None</description>
			<possibleresult>
				<name>Van</name>
			</possibleresult>
			<points>
				<point>601.000000,54.000000</point>
				<point>600.000000,62.000000</point>
				<point>579.000000,60.000000</point>
				<point>579.000000,51.000000</point>
				<point>601.000000,54.000000</point>
			</points>
		</object>
		<object>
			<coordinate>pixel</coordinate>
			<type>rectangle</type>
			<description>None</description>
			<possibleresult>
				<name>Small Car</name>
			</possibleresult>
			<points>
				<point>601.000000,65.000000</point>
				<point>600.000000,71.000000</point>
				<point>579.000000,69.000000</point>
				<point>579.000000,62.000000</point>
				<point>601.000000,65.000000</point>
			</points>
		</object>
		<object>
			<coordinate>pixel</coordinate>
			<type>rectangle</type>
			<description>None</description>
			<possibleresult>
				<name>Small Car</name>
			</possibleresult>
			<points>
				<point>592.000000,82.000000</point>
				<point>591.000000,88.000000</point>
				<point>576.000000,86.000000</point>
				<point>577.000000,80.000000</point>
				<point>592.000000,82.000000</point>
			</points>
		</object>
		<object>
			<coordinate>pixel</coordinate>
			<type>rectangle</type>
			<description>None</description>
			<possibleresult>
				<name>Cargo Truck</name>
			</possibleresult>
			<points>
				<point>617.000000,81.000000</point>
				<point>600.000000,113.000000</point>
				<point>588.000000,106.000000</point>
				<point>605.000000,74.000000</point>
				<point>617.000000,81.000000</point>
			</points>
		</object>
		<object>
			<coordinate>pixel</coordinate>
			<type>rectangle</type>
			<description>None</description>
			<possibleresult>
				<name>Small Car</name>
			</possibleresult>
			<points>
				<point>648.000000,101.000000</point>
				<point>648.000000,107.000000</point>
				<point>627.000000,104.000000</point>
				<point>628.000000,99.000000</point>
				<point>648.000000,101.000000</point>
			</points>
		</object>
		<object>
			<coordinate>pixel</coordinate>
			<type>rectangle</type>
			<description>None</description>
			<possibleresult>
				<name>Van</name>
			</possibleresult>
			<points>
				<point>673.000000,103.000000</point>
				<point>672.000000,109.000000</point>
				<point>654.000000,108.000000</point>
				<point>654.000000,101.000000</point>
				<point>673.000000,103.000000</point>
			</points>
		</object>
		<object>
			<coordinate>pixel</coordinate>
			<type>rectangle</type>
			<description>None</description>
			<possibleresult>
				<name>Van</name>
			</possibleresult>
			<points>
				<point>674.000000,111.000000</point>
				<point>674.000000,120.000000</point>
				<point>649.000000,118.000000</point>
				<point>649.000000,109.000000</point>
				<point>674.000000,111.000000</point>
			</points>
		</object>
		<object>
			<coordinate>pixel</coordinate>
			<type>rectangle</type>
			<description>None</description>
			<possibleresult>
				<name>Small Car</name>
			</possibleresult>
			<points>
				<point>647.000000,109.000000</point>
				<point>646.000000,116.000000</point>
				<point>627.000000,114.000000</point>
				<point>627.000000,106.000000</point>
				<point>647.000000,109.000000</point>
			</points>
		</object>
		<object>
			<coordinate>pixel</coordinate>
			<type>rectangle</type>
			<description>None</description>
			<possibleresult>
				<name>Dump Truck</name>
			</possibleresult>
			<points>
				<point>647.000000,117.000000</point>
				<point>646.000000,125.000000</point>
				<point>621.000000,122.000000</point>
				<point>621.000000,113.000000</point>
				<point>647.000000,117.000000</point>
			</points>
		</object>
		<object>
			<coordinate>pixel</coordinate>
			<type>rectangle</type>
			<description>None</description>
			<possibleresult>
				<name>Small Car</name>
			</possibleresult>
			<points>
				<point>633.000000,21.000000</point>
				<point>628.000000,28.000000</point>
				<point>612.000000,16.000000</point>
				<point>618.000000,10.000000</point>
				<point>633.000000,21.000000</point>
			</points>
		</object>
		<object>
			<coordinate>pixel</coordinate>
			<type>rectangle</type>
			<description>None</description>
			<possibleresult>
				<name>Dump Truck</name>
			</possibleresult>
			<points>
				<point>653.000000,41.000000</point>
				<point>646.000000,48.000000</point>
				<point>630.000000,31.000000</point>
				<point>637.000000,24.000000</point>
				<point>653.000000,41.000000</point>
			</points>
		</object>
		<object>
			<coordinate>pixel</coordinate>
			<type>rectangle</type>
			<description>None</description>
			<possibleresult>
				<name>Small Car</name>
			</possibleresult>
			<points>
				<point>670.000000,57.000000</point>
				<point>664.000000,63.000000</point>
				<point>651.000000,50.000000</point>
				<point>657.000000,44.000000</point>
				<point>670.000000,57.000000</point>
			</points>
		</object>
		<object>
			<coordinate>pixel</coordinate>
			<type>rectangle</type>
			<description>None</description>
			<possibleresult>
				<name>Van</name>
			</possibleresult>
			<points>
				<point>712.000000,102.000000</point>
				<point>708.000000,111.000000</point>
				<point>687.000000,103.000000</point>
				<point>691.000000,94.000000</point>
				<point>712.000000,102.000000</point>
			</points>
		</object>
		<object>
			<coordinate>pixel</coordinate>
			<type>rectangle</type>
			<description>None</description>
			<possibleresult>
				<name>Van</name>
			</possibleresult>
			<points>
				<point>770.000000,84.000000</point>
				<point>767.000000,92.000000</point>
				<point>742.000000,84.000000</point>
				<point>744.000000,77.000000</point>
				<point>770.000000,84.000000</point>
			</points>
		</object>
		<object>
			<coordinate>pixel</coordinate>
			<type>rectangle</type>
			<description>None</description>
			<possibleresult>
				<name>Van</name>
			</possibleresult>
			<points>
				<point>763.000000,97.000000</point>
				<point>761.000000,105.000000</point>
				<point>736.000000,100.000000</point>
				<point>737.000000,91.000000</point>
				<point>763.000000,97.000000</point>
			</points>
		</object>
		<object>
			<coordinate>pixel</coordinate>
			<type>rectangle</type>
			<description>None</description>
			<possibleresult>
				<name>Small Car</name>
			</possibleresult>
			<points>
				<point>738.000000,111.000000</point>
				<point>738.000000,119.000000</point>
				<point>716.000000,117.000000</point>
				<point>717.000000,110.000000</point>
				<point>738.000000,111.000000</point>
			</points>
		</object>
		<object>
			<coordinate>pixel</coordinate>
			<type>rectangle</type>
			<description>None</description>
			<possibleresult>
				<name>Small Car</name>
			</possibleresult>
			<points>
				<point>765.000000,114.000000</point>
				<point>765.000000,122.000000</point>
				<point>745.000000,120.000000</point>
				<point>745.000000,112.000000</point>
				<point>765.000000,114.000000</point>
			</points>
		</object>
		<object>
			<coordinate>pixel</coordinate>
			<type>rectangle</type>
			<description>None</description>
			<possibleresult>
				<name>Small Car</name>
			</possibleresult>
			<points>
				<point>758.000000,125.000000</point>
				<point>757.000000,132.000000</point>
				<point>736.000000,128.000000</point>
				<point>738.000000,122.000000</point>
				<point>758.000000,125.000000</point>
			</points>
		</object>
		<object>
			<coordinate>pixel</coordinate>
			<type>rectangle</type>
			<description>None</description>
			<possibleresult>
				<name>Small Car</name>
			</possibleresult>
			<points>
				<point>757.000000,134.000000</point>
				<point>756.000000,141.000000</point>
				<point>736.000000,137.000000</point>
				<point>738.000000,131.000000</point>
				<point>757.000000,134.000000</point>
			</points>
		</object>
		<object>
			<coordinate>pixel</coordinate>
			<type>rectangle</type>
			<description>None</description>
			<possibleresult>
				<name>Van</name>
			</possibleresult>
			<points>
				<point>751.000000,144.000000</point>
				<point>750.000000,150.000000</point>
				<point>730.000000,148.000000</point>
				<point>730.000000,141.000000</point>
				<point>751.000000,144.000000</point>
			</points>
		</object>
		<object>
			<coordinate>pixel</coordinate>
			<type>rectangle</type>
			<description>None</description>
			<possibleresult>
				<name>Van</name>
			</possibleresult>
			<points>
				<point>734.000000,130.000000</point>
				<point>733.000000,137.000000</point>
				<point>712.000000,134.000000</point>
				<point>713.000000,127.000000</point>
				<point>734.000000,130.000000</point>
			</points>
		</object>
		<object>
			<coordinate>pixel</coordinate>
			<type>rectangle</type>
			<description>None</description>
			<possibleresult>
				<name>Van</name>
			</possibleresult>
			<points>
				<point>735.000000,122.000000</point>
				<point>734.000000,129.000000</point>
				<point>717.000000,125.000000</point>
				<point>719.000000,119.000000</point>
				<point>735.000000,122.000000</point>
			</points>
		</object>
		<object>
			<coordinate>pixel</coordinate>
			<type>rectangle</type>
			<description>None</description>
			<possibleresult>
				<name>Van</name>
			</possibleresult>
			<points>
				<point>320.000000,279.000000</point>
				<point>311.000000,283.000000</point>
				<point>300.000000,262.000000</point>
				<point>308.000000,257.000000</point>
				<point>320.000000,279.000000</point>
			</points>
		</object>
		<object>
			<coordinate>pixel</coordinate>
			<type>rectangle</type>
			<description>None</description>
			<possibleresult>
				<name>Small Car</name>
			</possibleresult>
			<points>
				<point>335.000000,311.000000</point>
				<point>327.000000,315.000000</point>
				<point>318.000000,299.000000</point>
				<point>326.000000,295.000000</point>
				<point>335.000000,311.000000</point>
			</points>
		</object>
		<object>
			<coordinate>pixel</coordinate>
			<type>rectangle</type>
			<description>None</description>
			<possibleresult>
				<name>Small Car</name>
			</possibleresult>
			<points>
				<point>879.000000,5.000000</point>
				<point>870.000000,15.000000</point>
				<point>864.000000,10.000000</point>
				<point>872.000000,0.000000</point>
				<point>879.000000,5.000000</point>
			</points>
		</object>
		<object>
			<coordinate>pixel</coordinate>
			<type>rectangle</type>
			<description>None</description>
			<possibleresult>
				<name>Small Car</name>
			</possibleresult>
			<points>
				<point>893.000000,6.000000</point>
				<point>879.000000,21.000000</point>
				<point>874.000000,16.000000</point>
				<point>887.000000,0.000000</point>
				<point>893.000000,6.000000</point>
			</points>
		</object>
		<object>
			<coordinate>pixel</coordinate>
			<type>rectangle</type>
			<description>None</description>
			<possibleresult>
				<name>Van</name>
			</possibleresult>
			<points>
				<point>900.000000,12.000000</point>
				<point>893.000000,25.000000</point>
				<point>886.000000,21.000000</point>
				<point>893.000000,8.000000</point>
				<point>900.000000,12.000000</point>
			</points>
		</object>
		<object>
			<coordinate>pixel</coordinate>
			<type>rectangle</type>
			<description>None</description>
			<possibleresult>
				<name>Dump Truck</name>
			</possibleresult>
			<points>
				<point>915.000000,15.000000</point>
				<point>901.000000,33.000000</point>
				<point>893.000000,26.000000</point>
				<point>907.000000,8.000000</point>
				<point>915.000000,15.000000</point>
			</points>
		</object>
		<object>
			<coordinate>pixel</coordinate>
			<type>rectangle</type>
			<description>None</description>
			<possibleresult>
				<name>Small Car</name>
			</possibleresult>
			<points>
				<point>942.000000,30.000000</point>
				<point>932.000000,42.000000</point>
				<point>925.000000,37.000000</point>
				<point>935.000000,25.000000</point>
				<point>942.000000,30.000000</point>
			</points>
		</object>
		<object>
			<coordinate>pixel</coordinate>
			<type>rectangle</type>
			<description>None</description>
			<possibleresult>
				<name>Van</name>
			</possibleresult>
			<points>
				<point>952.000000,34.000000</point>
				<point>942.000000,48.000000</point>
				<point>935.000000,43.000000</point>
				<point>945.000000,29.000000</point>
				<point>952.000000,34.000000</point>
			</points>
		</object>
		<object>
			<coordinate>pixel</coordinate>
			<type>rectangle</type>
			<description>None</description>
			<possibleresult>
				<name>Small Car</name>
			</possibleresult>
			<points>
				<point>962.000000,40.000000</point>
				<point>950.000000,56.000000</point>
				<point>942.000000,50.000000</point>
				<point>954.000000,34.000000</point>
				<point>962.000000,40.000000</point>
			</points>
		</object>
		<object>
			<coordinate>pixel</coordinate>
			<type>rectangle</type>
			<description>None</description>
			<possibleresult>
				<name>Van</name>
			</possibleresult>
			<points>
				<point>973.000000,44.000000</point>
				<point>965.000000,58.000000</point>
				<point>958.000000,54.000000</point>
				<point>965.000000,40.000000</point>
				<point>973.000000,44.000000</point>
			</points>
		</object>
		<object>
			<coordinate>pixel</coordinate>
			<type>rectangle</type>
			<description>None</description>
			<possibleresult>
				<name>Small Car</name>
			</possibleresult>
			<points>
				<point>993.000000,53.000000</point>
				<point>984.000000,69.000000</point>
				<point>975.000000,64.000000</point>
				<point>984.000000,48.000000</point>
				<point>993.000000,53.000000</point>
			</points>
		</object>
		<object>
			<coordinate>pixel</coordinate>
			<type>rectangle</type>
			<description>None</description>
			<possibleresult>
				<name>Dump Truck</name>
			</possibleresult>
			<points>
				<point>753.000000,688.000000</point>
				<point>740.000000,690.000000</point>
				<point>735.000000,661.000000</point>
				<point>748.000000,659.000000</point>
				<point>753.000000,688.000000</point>
			</points>
		</object>
		<object>
			<coordinate>pixel</coordinate>
			<type>rectangle</type>
			<description>None</description>
			<possibleresult>
				<name>Van</name>
			</possibleresult>
			<points>
				<point>776.000000,664.000000</point>
				<point>769.000000,672.000000</point>
				<point>751.000000,657.000000</point>
				<point>758.000000,649.000000</point>
				<point>776.000000,664.000000</point>
			</points>
		</object>
		<object>
			<coordinate>pixel</coordinate>
			<type>rectangle</type>
			<description>None</description>
			<possibleresult>
				<name>Cargo Truck</name>
			</possibleresult>
			<points>
				<point>430.000000,76.000000</point>
				<point>420.000000,108.000000</point>
				<point>409.000000,105.000000</point>
				<point>418.000000,72.000000</point>
				<point>430.000000,76.000000</point>
			</points>
		</object>
		<object>
			<coordinate>pixel</coordinate>
			<type>rectangle</type>
			<description>None</description>
			<possibleresult>
				<name>Small Car</name>
			</possibleresult>
			<points>
				<point>244.000000,8.000000</point>
				<point>241.000000,25.000000</point>
				<point>233.000000,23.000000</point>
				<point>237.000000,7.000000</point>
				<point>244.000000,8.000000</point>
			</points>
		</object>
		<object>
			<coordinate>pixel</coordinate>
			<type>rectangle</type>
			<description>None</description>
			<possibleresult>
				<name>Dump Truck</name>
			</possibleresult>
			<points>
				<point>662.000000,82.000000</point>
				<point>661.000000,90.000000</point>
				<point>625.000000,86.000000</point>
				<point>626.000000,78.000000</point>
				<point>662.000000,82.000000</point>
			</points>
		</object>
		<object>
			<coordinate>pixel</coordinate>
			<type>rectangle</type>
			<description>None</description>
			<possibleresult>
				<name>Dump Truck</name>
			</possibleresult>
			<points>
				<point>673.000000,92.000000</point>
				<point>672.000000,101.000000</point>
				<point>639.000000,98.000000</point>
				<point>640.000000,89.000000</point>
				<point>673.000000,92.000000</point>
			</points>
		</object>
		<object>
			<coordinate>pixel</coordinate>
			<type>rectangle</type>
			<description>None</description>
			<possibleresult>
				<name>Dump Truck</name>
			</possibleresult>
			<points>
				<point>725.000000,74.000000</point>
				<point>723.000000,83.000000</point>
				<point>694.000000,78.000000</point>
				<point>695.000000,68.000000</point>
				<point>725.000000,74.000000</point>
			</points>
		</object>
		<object>
			<coordinate>pixel</coordinate>
			<type>rectangle</type>
			<description>None</description>
			<possibleresult>
				<name>Roundabout</name>
			</possibleresult>
			<points>
				<point>59.000000,894.000000</point>
				<point>0.000000,894.000000</point>
				<point>0.000000,784.000000</point>
				<point>59.000000,784.000000</point>
				<point>59.000000,894.000000</point>
			</points>
		</object>
		<object>
			<coordinate>pixel</coordinate>
			<type>rectangle</type>
			<description>None</description>
			<possibleresult>
				<name>Van</name>
			</possibleresult>
			<points>
				<point>167.000000,0.000000</point>
				<point>165.000000,17.000000</point>
				<point>156.000000,16.000000</point>
				<point>158.000000,0.000000</point>
				<point>167.000000,0.000000</point>
			</points>
		</object>
		<object>
			<coordinate>pixel</coordinate>
			<type>rectangle</type>
			<description>None</description>
			<possibleresult>
				<name>Small Car</name>
			</possibleresult>
			<points>
				<point>181.000000,1.000000</point>
				<point>178.000000,16.000000</point>
				<point>169.000000,14.000000</point>
				<point>172.000000,0.000000</point>
				<point>181.000000,1.000000</point>
			</points>
		</object>
		<object>
			<coordinate>pixel</coordinate>
			<type>rectangle</type>
			<description>None</description>
			<possibleresult>
				<name>Intersection</name>
			</possibleresult>
			<points>
				<point>746.000000,833.000000</point>
				<point>742.000000,856.000000</point>
				<point>704.000000,848.000000</point>
				<point>709.000000,825.000000</point>
				<point>746.000000,833.000000</point>
			</points>
		</object>
	</objects>
</annotation>