<?xml version="1.0" encoding="utf-8"?>
<annotation>
	<source>
		<filename>1177.tif</filename>
		<origin>GF2/GF3</origin>
	</source>
	<research>
		<version>1.0</version>
		<provider>FAIR1M</provider>
		<author>Cyber</author>
		<pluginname>FAIR1M</pluginname>
		<pluginclass>object detection</pluginclass>
		<time>2021-07-21</time>
	</research>
	<size>
		<width>1000</width>
		<height>1000</height>
		<depth>3</depth>
	</size>
	<objects>
		<object>
			<coordinate>pixel</coordinate>
			<type>rectangle</type>
			<description>None</description>
			<possibleresult>
				<name>Van</name>
			</possibleresult>
			<points>
				<point>87.000000,221.000000</point>
				<point>86.000000,229.000000</point>
				<point>63.000000,227.000000</point>
				<point>64.000000,219.000000</point>
				<point>87.000000,221.000000</point>
			</points>
		</object>
		<object>
			<coordinate>pixel</coordinate>
			<type>rectangle</type>
			<description>None</description>
			<possibleresult>
				<name>Small Car</name>
			</possibleresult>
			<points>
				<point>333.000000,229.000000</point>
				<point>311.000000,230.000000</point>
				<point>311.000000,221.000000</point>
				<point>333.000000,220.000000</point>
				<point>333.000000,229.000000</point>
			</points>
		</object>
		<object>
			<coordinate>pixel</coordinate>
			<type>rectangle</type>
			<description>None</description>
			<possibleresult>
				<name>Small Car</name>
			</possibleresult>
			<points>
				<point>297.000000,209.000000</point>
				<point>285.000000,209.000000</point>
				<point>285.000000,189.000000</point>
				<point>297.000000,189.000000</point>
				<point>297.000000,209.000000</point>
			</points>
		</object>
		<object>
			<coordinate>pixel</coordinate>
			<type>rectangle</type>
			<description>None</description>
			<possibleresult>
				<name>Dump Truck</name>
			</possibleresult>
			<points>
				<point>347.000000,48.000000</point>
				<point>321.000000,48.000000</point>
				<point>321.000000,40.000000</point>
				<point>347.000000,40.000000</point>
				<point>347.000000,48.000000</point>
			</points>
		</object>
		<object>
			<coordinate>pixel</coordinate>
			<type>rectangle</type>
			<description>None</description>
			<possibleresult>
				<name>Intersection</name>
			</possibleresult>
			<points>
				<point>509.000000,223.000000</point>
				<point>506.000000,264.000000</point>
				<point>464.000000,261.000000</point>
				<point>466.000000,219.000000</point>
				<point>509.000000,223.000000</point>
			</points>
		</object>
		<object>
			<coordinate>pixel</coordinate>
			<type>rectangle</type>
			<description>None</description>
			<possibleresult>
				<name>Van</name>
			</possibleresult>
			<points>
				<point>567.000000,252.000000</point>
				<point>546.000000,254.000000</point>
				<point>545.000000,247.000000</point>
				<point>567.000000,246.000000</point>
				<point>567.000000,252.000000</point>
			</points>
		</object>
		<object>
			<coordinate>pixel</coordinate>
			<type>rectangle</type>
			<description>None</description>
			<possibleresult>
				<name>Small Car</name>
			</possibleresult>
			<points>
				<point>643.000000,246.000000</point>
				<point>643.000000,256.000000</point>
				<point>614.000000,253.000000</point>
				<point>615.000000,244.000000</point>
				<point>643.000000,246.000000</point>
			</points>
		</object>
		<object>
			<coordinate>pixel</coordinate>
			<type>rectangle</type>
			<description>None</description>
			<possibleresult>
				<name>Van</name>
			</possibleresult>
			<points>
				<point>662.000000,234.000000</point>
				<point>635.000000,235.000000</point>
				<point>635.000000,226.000000</point>
				<point>662.000000,225.000000</point>
				<point>662.000000,234.000000</point>
			</points>
		</object>
		<object>
			<coordinate>pixel</coordinate>
			<type>rectangle</type>
			<description>None</description>
			<possibleresult>
				<name>Cargo Truck</name>
			</possibleresult>
			<points>
				<point>632.000000,227.000000</point>
				<point>602.000000,229.000000</point>
				<point>601.000000,221.000000</point>
				<point>631.000000,219.000000</point>
				<point>632.000000,227.000000</point>
			</points>
		</object>
		<object>
			<coordinate>pixel</coordinate>
			<type>rectangle</type>
			<description>None</description>
			<possibleresult>
				<name>Excavator</name>
			</possibleresult>
			<points>
				<point>548.000000,131.000000</point>
				<point>541.000000,160.000000</point>
				<point>527.000000,157.000000</point>
				<point>533.000000,127.000000</point>
				<point>548.000000,131.000000</point>
			</points>
		</object>
		<object>
			<coordinate>pixel</coordinate>
			<type>rectangle</type>
			<description>None</description>
			<possibleresult>
				<name>Van</name>
			</possibleresult>
			<points>
				<point>716.000000,119.000000</point>
				<point>704.000000,120.000000</point>
				<point>702.000000,98.000000</point>
				<point>714.000000,97.000000</point>
				<point>716.000000,119.000000</point>
			</points>
		</object>
		<object>
			<coordinate>pixel</coordinate>
			<type>rectangle</type>
			<description>None</description>
			<possibleresult>
				<name>Van</name>
			</possibleresult>
			<points>
				<point>716.000000,88.000000</point>
				<point>705.000000,88.000000</point>
				<point>705.000000,68.000000</point>
				<point>716.000000,68.000000</point>
				<point>716.000000,88.000000</point>
			</points>
		</object>
		<object>
			<coordinate>pixel</coordinate>
			<type>rectangle</type>
			<description>None</description>
			<possibleresult>
				<name>Van</name>
			</possibleresult>
			<points>
				<point>671.000000,55.000000</point>
				<point>652.000000,55.000000</point>
				<point>652.000000,46.000000</point>
				<point>671.000000,46.000000</point>
				<point>671.000000,55.000000</point>
			</points>
		</object>
		<object>
			<coordinate>pixel</coordinate>
			<type>rectangle</type>
			<description>None</description>
			<possibleresult>
				<name>Small Car</name>
			</possibleresult>
			<points>
				<point>892.000000,67.000000</point>
				<point>865.000000,70.000000</point>
				<point>864.000000,61.000000</point>
				<point>891.000000,58.000000</point>
				<point>892.000000,67.000000</point>
			</points>
		</object>
		<object>
			<coordinate>pixel</coordinate>
			<type>rectangle</type>
			<description>None</description>
			<possibleresult>
				<name>Van</name>
			</possibleresult>
			<points>
				<point>881.000000,122.000000</point>
				<point>880.000000,130.000000</point>
				<point>857.000000,128.000000</point>
				<point>858.000000,120.000000</point>
				<point>881.000000,122.000000</point>
			</points>
		</object>
		<object>
			<coordinate>pixel</coordinate>
			<type>rectangle</type>
			<description>None</description>
			<possibleresult>
				<name>Van</name>
			</possibleresult>
			<points>
				<point>890.000000,152.000000</point>
				<point>864.000000,154.000000</point>
				<point>864.000000,146.000000</point>
				<point>889.000000,145.000000</point>
				<point>890.000000,152.000000</point>
			</points>
		</object>
		<object>
			<coordinate>pixel</coordinate>
			<type>rectangle</type>
			<description>None</description>
			<possibleresult>
				<name>Intersection</name>
			</possibleresult>
			<points>
				<point>979.000000,261.000000</point>
				<point>932.000000,262.000000</point>
				<point>932.000000,221.000000</point>
				<point>979.000000,220.000000</point>
				<point>979.000000,261.000000</point>
			</points>
		</object>
		<object>
			<coordinate>pixel</coordinate>
			<type>rectangle</type>
			<description>None</description>
			<possibleresult>
				<name>Small Car</name>
			</possibleresult>
			<points>
				<point>12.000000,648.000000</point>
				<point>3.000000,648.000000</point>
				<point>3.000000,632.000000</point>
				<point>12.000000,632.000000</point>
				<point>12.000000,648.000000</point>
			</points>
		</object>
		<object>
			<coordinate>pixel</coordinate>
			<type>rectangle</type>
			<description>None</description>
			<possibleresult>
				<name>Van</name>
			</possibleresult>
			<points>
				<point>13.000000,630.000000</point>
				<point>2.000000,630.000000</point>
				<point>1.000000,611.000000</point>
				<point>11.000000,610.000000</point>
				<point>13.000000,630.000000</point>
			</points>
		</object>
		<object>
			<coordinate>pixel</coordinate>
			<type>rectangle</type>
			<description>None</description>
			<possibleresult>
				<name>Small Car</name>
			</possibleresult>
			<points>
				<point>0.000000,727.000000</point>
				<point>0.000000,704.000000</point>
				<point>11.000000,704.000000</point>
				<point>13.000000,727.000000</point>
				<point>0.000000,727.000000</point>
			</points>
		</object>
		<object>
			<coordinate>pixel</coordinate>
			<type>rectangle</type>
			<description>None</description>
			<possibleresult>
				<name>Van</name>
			</possibleresult>
			<points>
				<point>255.000000,273.000000</point>
				<point>254.000000,289.000000</point>
				<point>243.000000,289.000000</point>
				<point>244.000000,273.000000</point>
				<point>255.000000,273.000000</point>
			</points>
		</object>
		<object>
			<coordinate>pixel</coordinate>
			<type>rectangle</type>
			<description>None</description>
			<possibleresult>
				<name>Small Car</name>
			</possibleresult>
			<points>
				<point>441.000000,521.000000</point>
				<point>430.000000,521.000000</point>
				<point>429.000000,503.000000</point>
				<point>440.000000,503.000000</point>
				<point>441.000000,521.000000</point>
			</points>
		</object>
		<object>
			<coordinate>pixel</coordinate>
			<type>rectangle</type>
			<description>None</description>
			<possibleresult>
				<name>Small Car</name>
			</possibleresult>
			<points>
				<point>201.000000,641.000000</point>
				<point>198.000000,663.000000</point>
				<point>186.000000,662.000000</point>
				<point>188.000000,639.000000</point>
				<point>201.000000,641.000000</point>
			</points>
		</object>
		<object>
			<coordinate>pixel</coordinate>
			<type>rectangle</type>
			<description>None</description>
			<possibleresult>
				<name>Small Car</name>
			</possibleresult>
			<points>
				<point>240.000000,731.000000</point>
				<point>239.000000,751.000000</point>
				<point>228.000000,751.000000</point>
				<point>230.000000,730.000000</point>
				<point>240.000000,731.000000</point>
			</points>
		</object>
		<object>
			<coordinate>pixel</coordinate>
			<type>rectangle</type>
			<description>None</description>
			<possibleresult>
				<name>Van</name>
			</possibleresult>
			<points>
				<point>440.000000,665.000000</point>
				<point>430.000000,666.000000</point>
				<point>428.000000,645.000000</point>
				<point>439.000000,645.000000</point>
				<point>440.000000,665.000000</point>
			</points>
		</object>
		<object>
			<coordinate>pixel</coordinate>
			<type>rectangle</type>
			<description>None</description>
			<possibleresult>
				<name>Dump Truck</name>
			</possibleresult>
			<points>
				<point>555.000000,457.000000</point>
				<point>532.000000,457.000000</point>
				<point>532.000000,449.000000</point>
				<point>555.000000,449.000000</point>
				<point>555.000000,457.000000</point>
			</points>
		</object>
		<object>
			<coordinate>pixel</coordinate>
			<type>rectangle</type>
			<description>None</description>
			<possibleresult>
				<name>Small Car</name>
			</possibleresult>
			<points>
				<point>538.000000,355.000000</point>
				<point>525.000000,364.000000</point>
				<point>519.000000,357.000000</point>
				<point>533.000000,347.000000</point>
				<point>538.000000,355.000000</point>
			</points>
		</object>
		<object>
			<coordinate>pixel</coordinate>
			<type>rectangle</type>
			<description>None</description>
			<possibleresult>
				<name>Van</name>
			</possibleresult>
			<points>
				<point>551.000000,539.000000</point>
				<point>528.000000,539.000000</point>
				<point>528.000000,529.000000</point>
				<point>551.000000,529.000000</point>
				<point>551.000000,539.000000</point>
			</points>
		</object>
		<object>
			<coordinate>pixel</coordinate>
			<type>rectangle</type>
			<description>None</description>
			<possibleresult>
				<name>Van</name>
			</possibleresult>
			<points>
				<point>371.000000,799.000000</point>
				<point>348.000000,799.000000</point>
				<point>348.000000,793.000000</point>
				<point>371.000000,793.000000</point>
				<point>371.000000,799.000000</point>
			</points>
		</object>
		<object>
			<coordinate>pixel</coordinate>
			<type>rectangle</type>
			<description>None</description>
			<possibleresult>
				<name>Small Car</name>
			</possibleresult>
			<points>
				<point>743.000000,785.000000</point>
				<point>733.000000,785.000000</point>
				<point>733.000000,767.000000</point>
				<point>743.000000,767.000000</point>
				<point>743.000000,785.000000</point>
			</points>
		</object>
		<object>
			<coordinate>pixel</coordinate>
			<type>rectangle</type>
			<description>None</description>
			<possibleresult>
				<name>Small Car</name>
			</possibleresult>
			<points>
				<point>743.000000,768.000000</point>
				<point>731.000000,768.000000</point>
				<point>731.000000,746.000000</point>
				<point>743.000000,746.000000</point>
				<point>743.000000,768.000000</point>
			</points>
		</object>
		<object>
			<coordinate>pixel</coordinate>
			<type>rectangle</type>
			<description>None</description>
			<possibleresult>
				<name>Van</name>
			</possibleresult>
			<points>
				<point>600.000000,686.000000</point>
				<point>576.000000,686.000000</point>
				<point>576.000000,678.000000</point>
				<point>600.000000,678.000000</point>
				<point>600.000000,686.000000</point>
			</points>
		</object>
		<object>
			<coordinate>pixel</coordinate>
			<type>rectangle</type>
			<description>None</description>
			<possibleresult>
				<name>Small Car</name>
			</possibleresult>
			<points>
				<point>945.000000,435.000000</point>
				<point>931.000000,437.000000</point>
				<point>928.000000,417.000000</point>
				<point>941.000000,414.000000</point>
				<point>945.000000,435.000000</point>
			</points>
		</object>
		<object>
			<coordinate>pixel</coordinate>
			<type>rectangle</type>
			<description>None</description>
			<possibleresult>
				<name>Small Car</name>
			</possibleresult>
			<points>
				<point>892.000000,328.000000</point>
				<point>891.000000,341.000000</point>
				<point>865.000000,340.000000</point>
				<point>865.000000,326.000000</point>
				<point>892.000000,328.000000</point>
			</points>
		</object>
		<object>
			<coordinate>pixel</coordinate>
			<type>rectangle</type>
			<description>None</description>
			<possibleresult>
				<name>Van</name>
			</possibleresult>
			<points>
				<point>973.000000,449.000000</point>
				<point>963.000000,449.000000</point>
				<point>963.000000,430.000000</point>
				<point>973.000000,430.000000</point>
				<point>973.000000,449.000000</point>
			</points>
		</object>
		<object>
			<coordinate>pixel</coordinate>
			<type>rectangle</type>
			<description>None</description>
			<possibleresult>
				<name>Intersection</name>
			</possibleresult>
			<points>
				<point>486.000000,831.000000</point>
				<point>418.000000,837.000000</point>
				<point>414.000000,796.000000</point>
				<point>483.000000,791.000000</point>
				<point>486.000000,831.000000</point>
			</points>
		</object>
		<object>
			<coordinate>pixel</coordinate>
			<type>rectangle</type>
			<description>None</description>
			<possibleresult>
				<name>Small Car</name>
			</possibleresult>
			<points>
				<point>537.000000,903.000000</point>
				<point>513.000000,904.000000</point>
				<point>513.000000,897.000000</point>
				<point>537.000000,896.000000</point>
				<point>537.000000,903.000000</point>
			</points>
		</object>
		<object>
			<coordinate>pixel</coordinate>
			<type>rectangle</type>
			<description>None</description>
			<possibleresult>
				<name>Cargo Truck</name>
			</possibleresult>
			<points>
				<point>760.000000,960.000000</point>
				<point>737.000000,962.000000</point>
				<point>737.000000,955.000000</point>
				<point>760.000000,953.000000</point>
				<point>760.000000,960.000000</point>
			</points>
		</object>
		<object>
			<coordinate>pixel</coordinate>
			<type>rectangle</type>
			<description>None</description>
			<possibleresult>
				<name>Van</name>
			</possibleresult>
			<points>
				<point>195.000000,539.000000</point>
				<point>195.000000,547.000000</point>
				<point>173.000000,545.000000</point>
				<point>174.000000,538.000000</point>
				<point>195.000000,539.000000</point>
			</points>
		</object>
	</objects>
</annotation>