<?xml version="1.0" encoding="utf-8"?>
<annotation>
	<source>
		<filename>1181.tif</filename>
		<origin>GF2/GF3</origin>
	</source>
	<research>
		<version>1.0</version>
		<provider>FAIR1M</provider>
		<author>Cyber</author>
		<pluginname>FAIR1M</pluginname>
		<pluginclass>object detection</pluginclass>
		<time>2021-07-21</time>
	</research>
	<size>
		<width>1000</width>
		<height>1000</height>
		<depth>3</depth>
	</size>
	<objects>
		<object>
			<coordinate>pixel</coordinate>
			<type>rectangle</type>
			<description>None</description>
			<possibleresult>
				<name>Small Car</name>
			</possibleresult>
			<points>
				<point>558.738464,384.907745</point>
				<point>549.630798,386.046234</point>
				<point>547.892395,372.138519</point>
				<point>557.000061,371.000031</point>
				<point>558.738464,384.907745</point>
			</points>
		</object>
		<object>
			<coordinate>pixel</coordinate>
			<type>rectangle</type>
			<description>None</description>
			<possibleresult>
				<name>Small Car</name>
			</possibleresult>
			<points>
				<point>418.000000,402.000000</point>
				<point>410.040588,402.568542</point>
				<point>409.000000,388.000000</point>
				<point>416.959412,387.431458</point>
				<point>418.000000,402.000000</point>
			</points>
		</object>
		<object>
			<coordinate>pixel</coordinate>
			<type>rectangle</type>
			<description>None</description>
			<possibleresult>
				<name>Small Car</name>
			</possibleresult>
			<points>
				<point>436.030457,398.426361</point>
				<point>428.000000,398.999969</point>
				<point>426.969543,384.573578</point>
				<point>435.000000,383.999969</point>
				<point>436.030457,398.426361</point>
			</points>
		</object>
		<object>
			<coordinate>pixel</coordinate>
			<type>rectangle</type>
			<description>None</description>
			<possibleresult>
				<name>Small Car</name>
			</possibleresult>
			<points>
				<point>287.000000,414.000000</point>
				<point>277.000000,414.000000</point>
				<point>277.000000,398.000000</point>
				<point>287.000000,398.000000</point>
				<point>287.000000,414.000000</point>
			</points>
		</object>
		<object>
			<coordinate>pixel</coordinate>
			<type>rectangle</type>
			<description>None</description>
			<possibleresult>
				<name>Small Car</name>
			</possibleresult>
			<points>
				<point>27.000000,443.000000</point>
				<point>18.000000,443.000000</point>
				<point>18.000000,426.000000</point>
				<point>27.000000,426.000000</point>
				<point>27.000000,443.000000</point>
			</points>
		</object>
		<object>
			<coordinate>pixel</coordinate>
			<type>rectangle</type>
			<description>None</description>
			<possibleresult>
				<name>Small Car</name>
			</possibleresult>
			<points>
				<point>35.000000,349.000000</point>
				<point>24.000000,349.000000</point>
				<point>24.000000,333.000000</point>
				<point>35.000000,333.000000</point>
				<point>35.000000,349.000000</point>
			</points>
		</object>
		<object>
			<coordinate>pixel</coordinate>
			<type>rectangle</type>
			<description>None</description>
			<possibleresult>
				<name>Small Car</name>
			</possibleresult>
			<points>
				<point>178.000000,354.000000</point>
				<point>158.422638,355.030396</point>
				<point>158.000000,347.000000</point>
				<point>177.577362,345.969604</point>
				<point>178.000000,354.000000</point>
			</points>
		</object>
		<object>
			<coordinate>pixel</coordinate>
			<type>rectangle</type>
			<description>None</description>
			<possibleresult>
				<name>Small Car</name>
			</possibleresult>
			<points>
				<point>484.000000,340.000000</point>
				<point>471.000000,340.000000</point>
				<point>471.000000,333.000000</point>
				<point>484.000000,333.000000</point>
				<point>484.000000,340.000000</point>
			</points>
		</object>
		<object>
			<coordinate>pixel</coordinate>
			<type>rectangle</type>
			<description>None</description>
			<possibleresult>
				<name>Small Car</name>
			</possibleresult>
			<points>
				<point>410.030457,287.426392</point>
				<point>402.000000,288.000000</point>
				<point>401.000000,274.000000</point>
				<point>409.030457,273.426392</point>
				<point>410.030457,287.426392</point>
			</points>
		</object>
		<object>
			<coordinate>pixel</coordinate>
			<type>rectangle</type>
			<description>None</description>
			<possibleresult>
				<name>Small Car</name>
			</possibleresult>
			<points>
				<point>423.999939,286.000000</point>
				<point>415.052856,286.688232</point>
				<point>413.999939,273.000000</point>
				<point>422.947021,272.311768</point>
				<point>423.999939,286.000000</point>
			</points>
		</object>
		<object>
			<coordinate>pixel</coordinate>
			<type>rectangle</type>
			<description>None</description>
			<possibleresult>
				<name>Small Car</name>
			</possibleresult>
			<points>
				<point>822.000000,320.999969</point>
				<point>813.332153,325.622833</point>
				<point>805.000000,309.999969</point>
				<point>813.667847,305.377106</point>
				<point>822.000000,320.999969</point>
			</points>
		</object>
		<object>
			<coordinate>pixel</coordinate>
			<type>rectangle</type>
			<description>None</description>
			<possibleresult>
				<name>Small Car</name>
			</possibleresult>
			<points>
				<point>857.246155,156.569260</point>
				<point>853.246155,163.569260</point>
				<point>833.000061,152.000015</point>
				<point>837.000061,145.000015</point>
				<point>857.246155,156.569260</point>
			</points>
		</object>
		<object>
			<coordinate>pixel</coordinate>
			<type>rectangle</type>
			<description>None</description>
			<possibleresult>
				<name>Small Car</name>
			</possibleresult>
			<points>
				<point>399.099915,15.699999</point>
				<point>389.999939,16.999998</point>
				<point>387.899963,2.299999</point>
				<point>396.999939,1.000000</point>
				<point>399.099915,15.699999</point>
			</points>
		</object>
		<object>
			<coordinate>pixel</coordinate>
			<type>rectangle</type>
			<description>None</description>
			<possibleresult>
				<name>Small Car</name>
			</possibleresult>
			<points>
				<point>214.107727,48.861542</point>
				<point>205.000031,50.000000</point>
				<point>203.000031,34.000000</point>
				<point>212.107727,32.861542</point>
				<point>214.107727,48.861542</point>
			</points>
		</object>
		<object>
			<coordinate>pixel</coordinate>
			<type>rectangle</type>
			<description>None</description>
			<possibleresult>
				<name>Small Car</name>
			</possibleresult>
			<points>
				<point>201.999985,50.000008</point>
				<point>193.026199,51.196510</point>
				<point>190.999985,36.000000</point>
				<point>199.973770,34.803497</point>
				<point>201.999985,50.000008</point>
			</points>
		</object>
		<object>
			<coordinate>pixel</coordinate>
			<type>rectangle</type>
			<description>None</description>
			<possibleresult>
				<name>Small Car</name>
			</possibleresult>
			<points>
				<point>943.000000,806.000000</point>
				<point>933.000000,806.000000</point>
				<point>933.000000,791.000000</point>
				<point>943.000000,791.000000</point>
				<point>943.000000,806.000000</point>
			</points>
		</object>
		<object>
			<coordinate>pixel</coordinate>
			<type>rectangle</type>
			<description>None</description>
			<possibleresult>
				<name>Small Car</name>
			</possibleresult>
			<points>
				<point>800.000000,739.000000</point>
				<point>779.000000,739.000000</point>
				<point>779.000000,732.000000</point>
				<point>800.000000,732.000000</point>
				<point>800.000000,739.000000</point>
			</points>
		</object>
		<object>
			<coordinate>pixel</coordinate>
			<type>rectangle</type>
			<description>None</description>
			<possibleresult>
				<name>Small Car</name>
			</possibleresult>
			<points>
				<point>669.000000,699.000000</point>
				<point>659.000000,699.000000</point>
				<point>659.000000,682.000000</point>
				<point>669.000000,682.000000</point>
				<point>669.000000,699.000000</point>
			</points>
		</object>
		<object>
			<coordinate>pixel</coordinate>
			<type>rectangle</type>
			<description>None</description>
			<possibleresult>
				<name>Van</name>
			</possibleresult>
			<points>
				<point>601.000000,729.000000</point>
				<point>574.000000,729.000000</point>
				<point>574.000000,721.000000</point>
				<point>601.000000,721.000000</point>
				<point>601.000000,729.000000</point>
			</points>
		</object>
		<object>
			<coordinate>pixel</coordinate>
			<type>rectangle</type>
			<description>None</description>
			<possibleresult>
				<name>Small Car</name>
			</possibleresult>
			<points>
				<point>572.319458,722.012878</point>
				<point>572.000000,730.000061</point>
				<point>546.680542,728.987244</point>
				<point>547.000000,721.000061</point>
				<point>572.319458,722.012878</point>
			</points>
		</object>
		<object>
			<coordinate>pixel</coordinate>
			<type>rectangle</type>
			<description>None</description>
			<possibleresult>
				<name>Van</name>
			</possibleresult>
			<points>
				<point>252.000000,691.000000</point>
				<point>240.000000,691.000000</point>
				<point>240.000000,675.000000</point>
				<point>252.000000,675.000000</point>
				<point>252.000000,691.000000</point>
			</points>
		</object>
		<object>
			<coordinate>pixel</coordinate>
			<type>rectangle</type>
			<description>None</description>
			<possibleresult>
				<name>Excavator</name>
			</possibleresult>
			<points>
				<point>266.005890,676.923523</point>
				<point>265.000000,689.999939</point>
				<point>252.994110,689.076355</point>
				<point>254.000000,675.999939</point>
				<point>266.005890,676.923523</point>
			</points>
		</object>
		<object>
			<coordinate>pixel</coordinate>
			<type>rectangle</type>
			<description>None</description>
			<possibleresult>
				<name>Small Car</name>
			</possibleresult>
			<points>
				<point>571.307739,792.538330</point>
				<point>561.000000,807.999878</point>
				<point>552.692261,802.461426</point>
				<point>563.000000,786.999878</point>
				<point>571.307739,792.538330</point>
			</points>
		</object>
		<object>
			<coordinate>pixel</coordinate>
			<type>rectangle</type>
			<description>None</description>
			<possibleresult>
				<name>Small Car</name>
			</possibleresult>
			<points>
				<point>561.168640,786.730408</point>
				<point>551.000061,803.000061</point>
				<point>541.831482,797.269714</point>
				<point>552.000061,781.000061</point>
				<point>561.168640,786.730408</point>
			</points>
		</object>
		<object>
			<coordinate>pixel</coordinate>
			<type>rectangle</type>
			<description>None</description>
			<possibleresult>
				<name>other-vehicle</name>
			</possibleresult>
			<points>
				<point>502.999969,721.000000</point>
				<point>502.654388,731.022583</point>
				<point>473.654388,730.022583</point>
				<point>473.999969,720.000000</point>
				<point>502.999969,721.000000</point>
			</points>
		</object>
		<object>
			<coordinate>pixel</coordinate>
			<type>rectangle</type>
			<description>None</description>
			<possibleresult>
				<name>Small Car</name>
			</possibleresult>
			<points>
				<point>117.000000,696.000000</point>
				<point>107.000000,696.000000</point>
				<point>107.000000,679.000000</point>
				<point>117.000000,679.000000</point>
				<point>117.000000,696.000000</point>
			</points>
		</object>
		<object>
			<coordinate>pixel</coordinate>
			<type>rectangle</type>
			<description>None</description>
			<possibleresult>
				<name>Small Car</name>
			</possibleresult>
			<points>
				<point>386.016571,677.684998</point>
				<point>384.999969,696.999939</point>
				<point>371.983368,696.314880</point>
				<point>372.999969,676.999939</point>
				<point>386.016571,677.684998</point>
			</points>
		</object>
	</objects>
</annotation>