<?xml version="1.0" encoding="utf-8"?>
<annotation>
	<source>
		<filename>1185.tif</filename>
		<origin>GF2/GF3</origin>
	</source>
	<research>
		<version>1.0</version>
		<provider>FAIR1M</provider>
		<author>Cyber</author>
		<pluginname>FAIR1M</pluginname>
		<pluginclass>object detection</pluginclass>
		<time>2021-07-21</time>
	</research>
	<size>
		<width>1000</width>
		<height>1000</height>
		<depth>3</depth>
	</size>
	<objects>
		<object>
			<coordinate>pixel</coordinate>
			<type>rectangle</type>
			<description>None</description>
			<possibleresult>
				<name>Intersection</name>
			</possibleresult>
			<points>
				<point>211.000000,56.000000</point>
				<point>185.000000,98.000000</point>
				<point>102.000000,48.000000</point>
				<point>128.000000,6.000000</point>
				<point>211.000000,56.000000</point>
			</points>
		</object>
		<object>
			<coordinate>pixel</coordinate>
			<type>rectangle</type>
			<description>None</description>
			<possibleresult>
				<name>Intersection</name>
			</possibleresult>
			<points>
				<point>125.000000,204.000000</point>
				<point>91.000000,259.000000</point>
				<point>10.000000,208.000000</point>
				<point>44.000000,153.000000</point>
				<point>125.000000,204.000000</point>
			</points>
		</object>
		<object>
			<coordinate>pixel</coordinate>
			<type>rectangle</type>
			<description>None</description>
			<possibleresult>
				<name>Intersection</name>
			</possibleresult>
			<points>
				<point>745.000000,625.000000</point>
				<point>743.000000,641.000000</point>
				<point>711.000000,636.000000</point>
				<point>714.000000,621.000000</point>
				<point>745.000000,625.000000</point>
			</points>
		</object>
		<object>
			<coordinate>pixel</coordinate>
			<type>rectangle</type>
			<description>None</description>
			<possibleresult>
				<name>Intersection</name>
			</possibleresult>
			<points>
				<point>718.000000,455.000000</point>
				<point>695.000000,458.000000</point>
				<point>690.000000,429.000000</point>
				<point>713.000000,426.000000</point>
				<point>718.000000,455.000000</point>
			</points>
		</object>
		<object>
			<coordinate>pixel</coordinate>
			<type>rectangle</type>
			<description>None</description>
			<possibleresult>
				<name>Intersection</name>
			</possibleresult>
			<points>
				<point>718.000000,839.000000</point>
				<point>713.000000,871.000000</point>
				<point>688.000000,867.000000</point>
				<point>693.000000,836.000000</point>
				<point>718.000000,839.000000</point>
			</points>
		</object>
		<object>
			<coordinate>pixel</coordinate>
			<type>rectangle</type>
			<description>None</description>
			<possibleresult>
				<name>Van</name>
			</possibleresult>
			<points>
				<point>14.000000,40.000000</point>
				<point>14.000000,46.000000</point>
				<point>0.000000,45.000000</point>
				<point>0.000000,38.000000</point>
				<point>14.000000,40.000000</point>
			</points>
		</object>
		<object>
			<coordinate>pixel</coordinate>
			<type>rectangle</type>
			<description>None</description>
			<possibleresult>
				<name>Small Car</name>
			</possibleresult>
			<points>
				<point>42.000000,74.000000</point>
				<point>26.000000,81.000000</point>
				<point>23.000000,74.000000</point>
				<point>39.000000,67.000000</point>
				<point>42.000000,74.000000</point>
			</points>
		</object>
		<object>
			<coordinate>pixel</coordinate>
			<type>rectangle</type>
			<description>None</description>
			<possibleresult>
				<name>Small Car</name>
			</possibleresult>
			<points>
				<point>45.000000,62.000000</point>
				<point>27.000000,70.000000</point>
				<point>25.000000,64.000000</point>
				<point>43.000000,56.000000</point>
				<point>45.000000,62.000000</point>
			</points>
		</object>
		<object>
			<coordinate>pixel</coordinate>
			<type>rectangle</type>
			<description>None</description>
			<possibleresult>
				<name>Small Car</name>
			</possibleresult>
			<points>
				<point>104.000000,281.000000</point>
				<point>104.000000,288.000000</point>
				<point>88.000000,286.000000</point>
				<point>89.000000,278.000000</point>
				<point>104.000000,281.000000</point>
			</points>
		</object>
		<object>
			<coordinate>pixel</coordinate>
			<type>rectangle</type>
			<description>None</description>
			<possibleresult>
				<name>Van</name>
			</possibleresult>
			<points>
				<point>108.000000,273.000000</point>
				<point>108.000000,279.000000</point>
				<point>90.000000,277.000000</point>
				<point>91.000000,272.000000</point>
				<point>108.000000,273.000000</point>
			</points>
		</object>
		<object>
			<coordinate>pixel</coordinate>
			<type>rectangle</type>
			<description>None</description>
			<possibleresult>
				<name>Van</name>
			</possibleresult>
			<points>
				<point>107.000000,260.000000</point>
				<point>102.000000,260.000000</point>
				<point>102.000000,249.000000</point>
				<point>107.000000,249.000000</point>
				<point>107.000000,260.000000</point>
			</points>
		</object>
		<object>
			<coordinate>pixel</coordinate>
			<type>rectangle</type>
			<description>None</description>
			<possibleresult>
				<name>Small Car</name>
			</possibleresult>
			<points>
				<point>142.000000,256.000000</point>
				<point>121.000000,257.000000</point>
				<point>120.000000,249.000000</point>
				<point>141.000000,248.000000</point>
				<point>142.000000,256.000000</point>
			</points>
		</object>
		<object>
			<coordinate>pixel</coordinate>
			<type>rectangle</type>
			<description>None</description>
			<possibleresult>
				<name>Van</name>
			</possibleresult>
			<points>
				<point>140.000000,246.000000</point>
				<point>121.000000,248.000000</point>
				<point>120.000000,241.000000</point>
				<point>140.000000,240.000000</point>
				<point>140.000000,246.000000</point>
			</points>
		</object>
		<object>
			<coordinate>pixel</coordinate>
			<type>rectangle</type>
			<description>None</description>
			<possibleresult>
				<name>Van</name>
			</possibleresult>
			<points>
				<point>73.000000,192.000000</point>
				<point>66.000000,205.000000</point>
				<point>60.000000,202.000000</point>
				<point>68.000000,190.000000</point>
				<point>73.000000,192.000000</point>
			</points>
		</object>
		<object>
			<coordinate>pixel</coordinate>
			<type>rectangle</type>
			<description>None</description>
			<possibleresult>
				<name>Small Car</name>
			</possibleresult>
			<points>
				<point>83.000000,173.000000</point>
				<point>75.000000,186.000000</point>
				<point>69.000000,183.000000</point>
				<point>77.000000,170.000000</point>
				<point>83.000000,173.000000</point>
			</points>
		</object>
		<object>
			<coordinate>pixel</coordinate>
			<type>rectangle</type>
			<description>None</description>
			<possibleresult>
				<name>Small Car</name>
			</possibleresult>
			<points>
				<point>97.000000,148.000000</point>
				<point>88.000000,165.000000</point>
				<point>81.000000,161.000000</point>
				<point>90.000000,144.000000</point>
				<point>97.000000,148.000000</point>
			</points>
		</object>
		<object>
			<coordinate>pixel</coordinate>
			<type>rectangle</type>
			<description>None</description>
			<possibleresult>
				<name>Small Car</name>
			</possibleresult>
			<points>
				<point>238.000000,201.000000</point>
				<point>231.000000,202.000000</point>
				<point>230.000000,184.000000</point>
				<point>237.000000,183.000000</point>
				<point>238.000000,201.000000</point>
			</points>
		</object>
		<object>
			<coordinate>pixel</coordinate>
			<type>rectangle</type>
			<description>None</description>
			<possibleresult>
				<name>Small Car</name>
			</possibleresult>
			<points>
				<point>228.000000,201.000000</point>
				<point>222.000000,202.000000</point>
				<point>220.000000,185.000000</point>
				<point>226.000000,184.000000</point>
				<point>228.000000,201.000000</point>
			</points>
		</object>
		<object>
			<coordinate>pixel</coordinate>
			<type>rectangle</type>
			<description>None</description>
			<possibleresult>
				<name>Small Car</name>
			</possibleresult>
			<points>
				<point>104.000000,100.000000</point>
				<point>93.000000,118.000000</point>
				<point>87.000000,114.000000</point>
				<point>98.000000,96.000000</point>
				<point>104.000000,100.000000</point>
			</points>
		</object>
		<object>
			<coordinate>pixel</coordinate>
			<type>rectangle</type>
			<description>None</description>
			<possibleresult>
				<name>Small Car</name>
			</possibleresult>
			<points>
				<point>113.000000,103.000000</point>
				<point>104.000000,117.000000</point>
				<point>97.000000,113.000000</point>
				<point>106.000000,99.000000</point>
				<point>113.000000,103.000000</point>
			</points>
		</object>
		<object>
			<coordinate>pixel</coordinate>
			<type>rectangle</type>
			<description>None</description>
			<possibleresult>
				<name>Van</name>
			</possibleresult>
			<points>
				<point>109.000000,127.000000</point>
				<point>101.000000,140.000000</point>
				<point>96.000000,136.000000</point>
				<point>103.000000,124.000000</point>
				<point>109.000000,127.000000</point>
			</points>
		</object>
		<object>
			<coordinate>pixel</coordinate>
			<type>rectangle</type>
			<description>None</description>
			<possibleresult>
				<name>Small Car</name>
			</possibleresult>
			<points>
				<point>121.000000,107.000000</point>
				<point>112.000000,124.000000</point>
				<point>104.000000,120.000000</point>
				<point>114.000000,104.000000</point>
				<point>121.000000,107.000000</point>
			</points>
		</object>
		<object>
			<coordinate>pixel</coordinate>
			<type>rectangle</type>
			<description>None</description>
			<possibleresult>
				<name>Small Car</name>
			</possibleresult>
			<points>
				<point>134.000000,88.000000</point>
				<point>125.000000,101.000000</point>
				<point>119.000000,98.000000</point>
				<point>127.000000,84.000000</point>
				<point>134.000000,88.000000</point>
			</points>
		</object>
		<object>
			<coordinate>pixel</coordinate>
			<type>rectangle</type>
			<description>None</description>
			<possibleresult>
				<name>Van</name>
			</possibleresult>
			<points>
				<point>328.000000,144.000000</point>
				<point>327.000000,159.000000</point>
				<point>321.000000,159.000000</point>
				<point>322.000000,144.000000</point>
				<point>328.000000,144.000000</point>
			</points>
		</object>
		<object>
			<coordinate>pixel</coordinate>
			<type>rectangle</type>
			<description>None</description>
			<possibleresult>
				<name>Small Car</name>
			</possibleresult>
			<points>
				<point>339.000000,142.000000</point>
				<point>337.000000,155.000000</point>
				<point>332.000000,155.000000</point>
				<point>333.000000,141.000000</point>
				<point>339.000000,142.000000</point>
			</points>
		</object>
		<object>
			<coordinate>pixel</coordinate>
			<type>rectangle</type>
			<description>None</description>
			<possibleresult>
				<name>Small Car</name>
			</possibleresult>
			<points>
				<point>348.000000,155.000000</point>
				<point>343.000000,155.000000</point>
				<point>343.000000,142.000000</point>
				<point>348.000000,142.000000</point>
				<point>348.000000,155.000000</point>
			</points>
		</object>
		<object>
			<coordinate>pixel</coordinate>
			<type>rectangle</type>
			<description>None</description>
			<possibleresult>
				<name>Dump Truck</name>
			</possibleresult>
			<points>
				<point>201.000000,5.000000</point>
				<point>191.000000,23.000000</point>
				<point>183.000000,18.000000</point>
				<point>193.000000,1.000000</point>
				<point>201.000000,5.000000</point>
			</points>
		</object>
		<object>
			<coordinate>pixel</coordinate>
			<type>rectangle</type>
			<description>None</description>
			<possibleresult>
				<name>Van</name>
			</possibleresult>
			<points>
				<point>287.000000,981.000000</point>
				<point>279.000000,981.000000</point>
				<point>279.000000,967.000000</point>
				<point>287.000000,967.000000</point>
				<point>287.000000,981.000000</point>
			</points>
		</object>
		<object>
			<coordinate>pixel</coordinate>
			<type>rectangle</type>
			<description>None</description>
			<possibleresult>
				<name>Van</name>
			</possibleresult>
			<points>
				<point>333.000000,944.000000</point>
				<point>332.000000,951.000000</point>
				<point>312.000000,947.000000</point>
				<point>314.000000,941.000000</point>
				<point>333.000000,944.000000</point>
			</points>
		</object>
		<object>
			<coordinate>pixel</coordinate>
			<type>rectangle</type>
			<description>None</description>
			<possibleresult>
				<name>Small Car</name>
			</possibleresult>
			<points>
				<point>334.000000,934.000000</point>
				<point>333.000000,942.000000</point>
				<point>314.000000,941.000000</point>
				<point>315.000000,933.000000</point>
				<point>334.000000,934.000000</point>
			</points>
		</object>
		<object>
			<coordinate>pixel</coordinate>
			<type>rectangle</type>
			<description>None</description>
			<possibleresult>
				<name>Van</name>
			</possibleresult>
			<points>
				<point>264.000000,745.000000</point>
				<point>256.000000,745.000000</point>
				<point>256.000000,730.000000</point>
				<point>264.000000,730.000000</point>
				<point>264.000000,745.000000</point>
			</points>
		</object>
		<object>
			<coordinate>pixel</coordinate>
			<type>rectangle</type>
			<description>None</description>
			<possibleresult>
				<name>Van</name>
			</possibleresult>
			<points>
				<point>254.000000,729.000000</point>
				<point>252.000000,743.000000</point>
				<point>245.000000,742.000000</point>
				<point>247.000000,728.000000</point>
				<point>254.000000,729.000000</point>
			</points>
		</object>
		<object>
			<coordinate>pixel</coordinate>
			<type>rectangle</type>
			<description>None</description>
			<possibleresult>
				<name>Small Car</name>
			</possibleresult>
			<points>
				<point>246.000000,725.000000</point>
				<point>243.000000,739.000000</point>
				<point>235.000000,738.000000</point>
				<point>238.000000,723.000000</point>
				<point>246.000000,725.000000</point>
			</points>
		</object>
		<object>
			<coordinate>pixel</coordinate>
			<type>rectangle</type>
			<description>None</description>
			<possibleresult>
				<name>Van</name>
			</possibleresult>
			<points>
				<point>240.000000,786.000000</point>
				<point>239.000000,799.000000</point>
				<point>231.000000,798.000000</point>
				<point>233.000000,786.000000</point>
				<point>240.000000,786.000000</point>
			</points>
		</object>
		<object>
			<coordinate>pixel</coordinate>
			<type>rectangle</type>
			<description>None</description>
			<possibleresult>
				<name>Van</name>
			</possibleresult>
			<points>
				<point>573.000000,748.000000</point>
				<point>555.000000,748.000000</point>
				<point>555.000000,742.000000</point>
				<point>573.000000,742.000000</point>
				<point>573.000000,748.000000</point>
			</points>
		</object>
		<object>
			<coordinate>pixel</coordinate>
			<type>rectangle</type>
			<description>None</description>
			<possibleresult>
				<name>Small Car</name>
			</possibleresult>
			<points>
				<point>577.000000,740.000000</point>
				<point>558.000000,740.000000</point>
				<point>558.000000,733.000000</point>
				<point>577.000000,733.000000</point>
				<point>577.000000,740.000000</point>
			</points>
		</object>
		<object>
			<coordinate>pixel</coordinate>
			<type>rectangle</type>
			<description>None</description>
			<possibleresult>
				<name>Small Car</name>
			</possibleresult>
			<points>
				<point>574.000000,731.000000</point>
				<point>558.000000,731.000000</point>
				<point>558.000000,726.000000</point>
				<point>574.000000,726.000000</point>
				<point>574.000000,731.000000</point>
			</points>
		</object>
		<object>
			<coordinate>pixel</coordinate>
			<type>rectangle</type>
			<description>None</description>
			<possibleresult>
				<name>Small Car</name>
			</possibleresult>
			<points>
				<point>577.000000,717.000000</point>
				<point>577.000000,725.000000</point>
				<point>558.000000,724.000000</point>
				<point>558.000000,716.000000</point>
				<point>577.000000,717.000000</point>
			</points>
		</object>
		<object>
			<coordinate>pixel</coordinate>
			<type>rectangle</type>
			<description>None</description>
			<possibleresult>
				<name>Small Car</name>
			</possibleresult>
			<points>
				<point>576.000000,716.000000</point>
				<point>558.000000,716.000000</point>
				<point>558.000000,710.000000</point>
				<point>576.000000,710.000000</point>
				<point>576.000000,716.000000</point>
			</points>
		</object>
		<object>
			<coordinate>pixel</coordinate>
			<type>rectangle</type>
			<description>None</description>
			<possibleresult>
				<name>Van</name>
			</possibleresult>
			<points>
				<point>576.000000,708.000000</point>
				<point>558.000000,708.000000</point>
				<point>558.000000,701.000000</point>
				<point>576.000000,701.000000</point>
				<point>576.000000,708.000000</point>
			</points>
		</object>
		<object>
			<coordinate>pixel</coordinate>
			<type>rectangle</type>
			<description>None</description>
			<possibleresult>
				<name>Van</name>
			</possibleresult>
			<points>
				<point>576.000000,694.000000</point>
				<point>576.000000,701.000000</point>
				<point>557.000000,699.000000</point>
				<point>558.000000,693.000000</point>
				<point>576.000000,694.000000</point>
			</points>
		</object>
		<object>
			<coordinate>pixel</coordinate>
			<type>rectangle</type>
			<description>None</description>
			<possibleresult>
				<name>Van</name>
			</possibleresult>
			<points>
				<point>577.000000,684.000000</point>
				<point>558.000000,684.000000</point>
				<point>558.000000,677.000000</point>
				<point>577.000000,677.000000</point>
				<point>577.000000,684.000000</point>
			</points>
		</object>
		<object>
			<coordinate>pixel</coordinate>
			<type>rectangle</type>
			<description>None</description>
			<possibleresult>
				<name>Van</name>
			</possibleresult>
			<points>
				<point>576.000000,662.000000</point>
				<point>576.000000,668.000000</point>
				<point>559.000000,666.000000</point>
				<point>559.000000,661.000000</point>
				<point>576.000000,662.000000</point>
			</points>
		</object>
		<object>
			<coordinate>pixel</coordinate>
			<type>rectangle</type>
			<description>None</description>
			<possibleresult>
				<name>Van</name>
			</possibleresult>
			<points>
				<point>576.000000,660.000000</point>
				<point>559.000000,660.000000</point>
				<point>559.000000,653.000000</point>
				<point>576.000000,653.000000</point>
				<point>576.000000,660.000000</point>
			</points>
		</object>
		<object>
			<coordinate>pixel</coordinate>
			<type>rectangle</type>
			<description>None</description>
			<possibleresult>
				<name>Van</name>
			</possibleresult>
			<points>
				<point>577.000000,651.000000</point>
				<point>558.000000,651.000000</point>
				<point>558.000000,645.000000</point>
				<point>577.000000,645.000000</point>
				<point>577.000000,651.000000</point>
			</points>
		</object>
		<object>
			<coordinate>pixel</coordinate>
			<type>rectangle</type>
			<description>None</description>
			<possibleresult>
				<name>Small Car</name>
			</possibleresult>
			<points>
				<point>454.000000,595.000000</point>
				<point>452.000000,610.000000</point>
				<point>446.000000,610.000000</point>
				<point>447.000000,594.000000</point>
				<point>454.000000,595.000000</point>
			</points>
		</object>
		<object>
			<coordinate>pixel</coordinate>
			<type>rectangle</type>
			<description>None</description>
			<possibleresult>
				<name>Small Car</name>
			</possibleresult>
			<points>
				<point>446.000000,610.000000</point>
				<point>438.000000,610.000000</point>
				<point>438.000000,596.000000</point>
				<point>446.000000,596.000000</point>
				<point>446.000000,610.000000</point>
			</points>
		</object>
		<object>
			<coordinate>pixel</coordinate>
			<type>rectangle</type>
			<description>None</description>
			<possibleresult>
				<name>Small Car</name>
			</possibleresult>
			<points>
				<point>435.000000,609.000000</point>
				<point>428.000000,609.000000</point>
				<point>428.000000,593.000000</point>
				<point>435.000000,593.000000</point>
				<point>435.000000,609.000000</point>
			</points>
		</object>
		<object>
			<coordinate>pixel</coordinate>
			<type>rectangle</type>
			<description>None</description>
			<possibleresult>
				<name>Van</name>
			</possibleresult>
			<points>
				<point>187.000000,547.000000</point>
				<point>172.000000,547.000000</point>
				<point>172.000000,542.000000</point>
				<point>187.000000,542.000000</point>
				<point>187.000000,547.000000</point>
			</points>
		</object>
		<object>
			<coordinate>pixel</coordinate>
			<type>rectangle</type>
			<description>None</description>
			<possibleresult>
				<name>Cargo Truck</name>
			</possibleresult>
			<points>
				<point>435.000000,477.000000</point>
				<point>429.000000,479.000000</point>
				<point>427.000000,467.000000</point>
				<point>432.000000,466.000000</point>
				<point>435.000000,477.000000</point>
			</points>
		</object>
		<object>
			<coordinate>pixel</coordinate>
			<type>rectangle</type>
			<description>None</description>
			<possibleresult>
				<name>Van</name>
			</possibleresult>
			<points>
				<point>444.000000,471.000000</point>
				<point>438.000000,472.000000</point>
				<point>437.000000,460.000000</point>
				<point>443.000000,459.000000</point>
				<point>444.000000,471.000000</point>
			</points>
		</object>
		<object>
			<coordinate>pixel</coordinate>
			<type>rectangle</type>
			<description>None</description>
			<possibleresult>
				<name>Van</name>
			</possibleresult>
			<points>
				<point>478.000000,431.000000</point>
				<point>469.000000,432.000000</point>
				<point>468.000000,416.000000</point>
				<point>477.000000,415.000000</point>
				<point>478.000000,431.000000</point>
			</points>
		</object>
		<object>
			<coordinate>pixel</coordinate>
			<type>rectangle</type>
			<description>None</description>
			<possibleresult>
				<name>Van</name>
			</possibleresult>
			<points>
				<point>493.000000,431.000000</point>
				<point>483.000000,432.000000</point>
				<point>482.000000,414.000000</point>
				<point>492.000000,414.000000</point>
				<point>493.000000,431.000000</point>
			</points>
		</object>
		<object>
			<coordinate>pixel</coordinate>
			<type>rectangle</type>
			<description>None</description>
			<possibleresult>
				<name>Small Car</name>
			</possibleresult>
			<points>
				<point>517.000000,423.000000</point>
				<point>498.000000,425.000000</point>
				<point>498.000000,419.000000</point>
				<point>517.000000,417.000000</point>
				<point>517.000000,423.000000</point>
			</points>
		</object>
		<object>
			<coordinate>pixel</coordinate>
			<type>rectangle</type>
			<description>None</description>
			<possibleresult>
				<name>Small Car</name>
			</possibleresult>
			<points>
				<point>514.000000,414.000000</point>
				<point>497.000000,415.000000</point>
				<point>496.000000,407.000000</point>
				<point>514.000000,406.000000</point>
				<point>514.000000,414.000000</point>
			</points>
		</object>
		<object>
			<coordinate>pixel</coordinate>
			<type>rectangle</type>
			<description>None</description>
			<possibleresult>
				<name>Small Car</name>
			</possibleresult>
			<points>
				<point>513.000000,406.000000</point>
				<point>494.000000,407.000000</point>
				<point>494.000000,401.000000</point>
				<point>512.000000,399.000000</point>
				<point>513.000000,406.000000</point>
			</points>
		</object>
		<object>
			<coordinate>pixel</coordinate>
			<type>rectangle</type>
			<description>None</description>
			<possibleresult>
				<name>Small Car</name>
			</possibleresult>
			<points>
				<point>510.000000,399.000000</point>
				<point>492.000000,400.000000</point>
				<point>491.000000,392.000000</point>
				<point>509.000000,391.000000</point>
				<point>510.000000,399.000000</point>
			</points>
		</object>
		<object>
			<coordinate>pixel</coordinate>
			<type>rectangle</type>
			<description>None</description>
			<possibleresult>
				<name>Small Car</name>
			</possibleresult>
			<points>
				<point>509.000000,389.000000</point>
				<point>490.000000,391.000000</point>
				<point>490.000000,385.000000</point>
				<point>508.000000,382.000000</point>
				<point>509.000000,389.000000</point>
			</points>
		</object>
		<object>
			<coordinate>pixel</coordinate>
			<type>rectangle</type>
			<description>None</description>
			<possibleresult>
				<name>Van</name>
			</possibleresult>
			<points>
				<point>507.000000,382.000000</point>
				<point>487.000000,384.000000</point>
				<point>487.000000,375.000000</point>
				<point>506.000000,372.000000</point>
				<point>507.000000,382.000000</point>
			</points>
		</object>
		<object>
			<coordinate>pixel</coordinate>
			<type>rectangle</type>
			<description>None</description>
			<possibleresult>
				<name>Small Car</name>
			</possibleresult>
			<points>
				<point>490.000000,365.000000</point>
				<point>483.000000,366.000000</point>
				<point>482.000000,350.000000</point>
				<point>489.000000,349.000000</point>
				<point>490.000000,365.000000</point>
			</points>
		</object>
		<object>
			<coordinate>pixel</coordinate>
			<type>rectangle</type>
			<description>None</description>
			<possibleresult>
				<name>Small Car</name>
			</possibleresult>
			<points>
				<point>483.000000,338.000000</point>
				<point>477.000000,339.000000</point>
				<point>475.000000,326.000000</point>
				<point>482.000000,326.000000</point>
				<point>483.000000,338.000000</point>
			</points>
		</object>
		<object>
			<coordinate>pixel</coordinate>
			<type>rectangle</type>
			<description>None</description>
			<possibleresult>
				<name>Small Car</name>
			</possibleresult>
			<points>
				<point>477.000000,314.000000</point>
				<point>468.000000,316.000000</point>
				<point>465.000000,301.000000</point>
				<point>474.000000,300.000000</point>
				<point>477.000000,314.000000</point>
			</points>
		</object>
		<object>
			<coordinate>pixel</coordinate>
			<type>rectangle</type>
			<description>None</description>
			<possibleresult>
				<name>Van</name>
			</possibleresult>
			<points>
				<point>554.000000,416.000000</point>
				<point>537.000000,418.000000</point>
				<point>537.000000,411.000000</point>
				<point>553.000000,408.000000</point>
				<point>554.000000,416.000000</point>
			</points>
		</object>
		<object>
			<coordinate>pixel</coordinate>
			<type>rectangle</type>
			<description>None</description>
			<possibleresult>
				<name>Small Car</name>
			</possibleresult>
			<points>
				<point>554.000000,406.000000</point>
				<point>536.000000,410.000000</point>
				<point>534.000000,403.000000</point>
				<point>553.000000,400.000000</point>
				<point>554.000000,406.000000</point>
			</points>
		</object>
		<object>
			<coordinate>pixel</coordinate>
			<type>rectangle</type>
			<description>None</description>
			<possibleresult>
				<name>Van</name>
			</possibleresult>
			<points>
				<point>552.000000,398.000000</point>
				<point>533.000000,401.000000</point>
				<point>532.000000,395.000000</point>
				<point>551.000000,392.000000</point>
				<point>552.000000,398.000000</point>
			</points>
		</object>
		<object>
			<coordinate>pixel</coordinate>
			<type>rectangle</type>
			<description>None</description>
			<possibleresult>
				<name>Van</name>
			</possibleresult>
			<points>
				<point>549.000000,383.000000</point>
				<point>529.000000,384.000000</point>
				<point>528.000000,377.000000</point>
				<point>549.000000,376.000000</point>
				<point>549.000000,383.000000</point>
			</points>
		</object>
		<object>
			<coordinate>pixel</coordinate>
			<type>rectangle</type>
			<description>None</description>
			<possibleresult>
				<name>Van</name>
			</possibleresult>
			<points>
				<point>547.000000,374.000000</point>
				<point>526.000000,376.000000</point>
				<point>526.000000,369.000000</point>
				<point>547.000000,367.000000</point>
				<point>547.000000,374.000000</point>
			</points>
		</object>
		<object>
			<coordinate>pixel</coordinate>
			<type>rectangle</type>
			<description>None</description>
			<possibleresult>
				<name>Van</name>
			</possibleresult>
			<points>
				<point>532.000000,359.000000</point>
				<point>513.000000,360.000000</point>
				<point>513.000000,351.000000</point>
				<point>532.000000,350.000000</point>
				<point>532.000000,359.000000</point>
			</points>
		</object>
		<object>
			<coordinate>pixel</coordinate>
			<type>rectangle</type>
			<description>None</description>
			<possibleresult>
				<name>Van</name>
			</possibleresult>
			<points>
				<point>531.000000,350.000000</point>
				<point>511.000000,352.000000</point>
				<point>511.000000,345.000000</point>
				<point>530.000000,342.000000</point>
				<point>531.000000,350.000000</point>
			</points>
		</object>
		<object>
			<coordinate>pixel</coordinate>
			<type>rectangle</type>
			<description>None</description>
			<possibleresult>
				<name>Van</name>
			</possibleresult>
			<points>
				<point>527.000000,343.000000</point>
				<point>511.000000,344.000000</point>
				<point>511.000000,337.000000</point>
				<point>526.000000,335.000000</point>
				<point>527.000000,343.000000</point>
			</points>
		</object>
		<object>
			<coordinate>pixel</coordinate>
			<type>rectangle</type>
			<description>None</description>
			<possibleresult>
				<name>Van</name>
			</possibleresult>
			<points>
				<point>523.000000,317.000000</point>
				<point>504.000000,319.000000</point>
				<point>503.000000,312.000000</point>
				<point>522.000000,309.000000</point>
				<point>523.000000,317.000000</point>
			</points>
		</object>
		<object>
			<coordinate>pixel</coordinate>
			<type>rectangle</type>
			<description>None</description>
			<possibleresult>
				<name>Van</name>
			</possibleresult>
			<points>
				<point>507.000000,309.000000</point>
				<point>501.000000,310.000000</point>
				<point>498.000000,296.000000</point>
				<point>505.000000,295.000000</point>
				<point>507.000000,309.000000</point>
			</points>
		</object>
		<object>
			<coordinate>pixel</coordinate>
			<type>rectangle</type>
			<description>None</description>
			<possibleresult>
				<name>Van</name>
			</possibleresult>
			<points>
				<point>483.000000,285.000000</point>
				<point>467.000000,288.000000</point>
				<point>466.000000,281.000000</point>
				<point>483.000000,279.000000</point>
				<point>483.000000,285.000000</point>
			</points>
		</object>
		<object>
			<coordinate>pixel</coordinate>
			<type>rectangle</type>
			<description>None</description>
			<possibleresult>
				<name>Cargo Truck</name>
			</possibleresult>
			<points>
				<point>564.000000,272.000000</point>
				<point>549.000000,273.000000</point>
				<point>549.000000,267.000000</point>
				<point>563.000000,265.000000</point>
				<point>564.000000,272.000000</point>
			</points>
		</object>
		<object>
			<coordinate>pixel</coordinate>
			<type>rectangle</type>
			<description>None</description>
			<possibleresult>
				<name>Cargo Truck</name>
			</possibleresult>
			<points>
				<point>737.000000,576.000000</point>
				<point>729.000000,576.000000</point>
				<point>728.000000,561.000000</point>
				<point>735.000000,560.000000</point>
				<point>737.000000,576.000000</point>
			</points>
		</object>
		<object>
			<coordinate>pixel</coordinate>
			<type>rectangle</type>
			<description>None</description>
			<possibleresult>
				<name>Van</name>
			</possibleresult>
			<points>
				<point>731.000000,400.000000</point>
				<point>716.000000,401.000000</point>
				<point>715.000000,393.000000</point>
				<point>730.000000,392.000000</point>
				<point>731.000000,400.000000</point>
			</points>
		</object>
		<object>
			<coordinate>pixel</coordinate>
			<type>rectangle</type>
			<description>None</description>
			<possibleresult>
				<name>Van</name>
			</possibleresult>
			<points>
				<point>734.000000,389.000000</point>
				<point>714.000000,391.000000</point>
				<point>714.000000,384.000000</point>
				<point>733.000000,381.000000</point>
				<point>734.000000,389.000000</point>
			</points>
		</object>
		<object>
			<coordinate>pixel</coordinate>
			<type>rectangle</type>
			<description>None</description>
			<possibleresult>
				<name>Van</name>
			</possibleresult>
			<points>
				<point>644.000000,480.000000</point>
				<point>637.000000,481.000000</point>
				<point>635.000000,467.000000</point>
				<point>642.000000,466.000000</point>
				<point>644.000000,480.000000</point>
			</points>
		</object>
		<object>
			<coordinate>pixel</coordinate>
			<type>rectangle</type>
			<description>None</description>
			<possibleresult>
				<name>Small Car</name>
			</possibleresult>
			<points>
				<point>815.000000,317.000000</point>
				<point>809.000000,318.000000</point>
				<point>807.000000,304.000000</point>
				<point>813.000000,304.000000</point>
				<point>815.000000,317.000000</point>
			</points>
		</object>
		<object>
			<coordinate>pixel</coordinate>
			<type>rectangle</type>
			<description>None</description>
			<possibleresult>
				<name>Small Car</name>
			</possibleresult>
			<points>
				<point>881.000000,234.000000</point>
				<point>860.000000,237.000000</point>
				<point>859.000000,231.000000</point>
				<point>880.000000,227.000000</point>
				<point>881.000000,234.000000</point>
			</points>
		</object>
		<object>
			<coordinate>pixel</coordinate>
			<type>rectangle</type>
			<description>None</description>
			<possibleresult>
				<name>Van</name>
			</possibleresult>
			<points>
				<point>915.000000,167.000000</point>
				<point>894.000000,169.000000</point>
				<point>894.000000,163.000000</point>
				<point>914.000000,160.000000</point>
				<point>915.000000,167.000000</point>
			</points>
		</object>
		<object>
			<coordinate>pixel</coordinate>
			<type>rectangle</type>
			<description>None</description>
			<possibleresult>
				<name>Van</name>
			</possibleresult>
			<points>
				<point>904.000000,129.000000</point>
				<point>888.000000,131.000000</point>
				<point>888.000000,125.000000</point>
				<point>903.000000,122.000000</point>
				<point>904.000000,129.000000</point>
			</points>
		</object>
		<object>
			<coordinate>pixel</coordinate>
			<type>rectangle</type>
			<description>None</description>
			<possibleresult>
				<name>Intersection</name>
			</possibleresult>
			<points>
				<point>989.000000,453.000000</point>
				<point>966.000000,457.000000</point>
				<point>961.000000,428.000000</point>
				<point>984.000000,424.000000</point>
				<point>989.000000,453.000000</point>
			</points>
		</object>
	</objects>
</annotation>