<?xml version="1.0" encoding="utf-8"?>
<annotation>
	<source>
		<filename>1210.tif</filename>
		<origin>GF2/GF3</origin>
	</source>
	<research>
		<version>1.0</version>
		<provider>FAIR1M</provider>
		<author>Cyber</author>
		<pluginname>FAIR1M</pluginname>
		<pluginclass>object detection</pluginclass>
		<time>2021-07-21</time>
	</research>
	<size>
		<width>1000</width>
		<height>1000</height>
		<depth>3</depth>
	</size>
	<objects>
		<object>
			<coordinate>pixel</coordinate>
			<type>rectangle</type>
			<description>None</description>
			<possibleresult>
				<name>Van</name>
			</possibleresult>
			<points>
				<point>100.000000,981.000000</point>
				<point>90.000000,981.000000</point>
				<point>90.000000,965.000000</point>
				<point>100.000000,965.000000</point>
				<point>100.000000,981.000000</point>
			</points>
		</object>
		<object>
			<coordinate>pixel</coordinate>
			<type>rectangle</type>
			<description>None</description>
			<possibleresult>
				<name>Van</name>
			</possibleresult>
			<points>
				<point>409.000000,960.000000</point>
				<point>388.000000,960.000000</point>
				<point>388.000000,952.000000</point>
				<point>409.000000,952.000000</point>
				<point>409.000000,960.000000</point>
			</points>
		</object>
		<object>
			<coordinate>pixel</coordinate>
			<type>rectangle</type>
			<description>None</description>
			<possibleresult>
				<name>Van</name>
			</possibleresult>
			<points>
				<point>198.000000,880.000000</point>
				<point>177.000000,880.000000</point>
				<point>177.000000,872.000000</point>
				<point>198.000000,872.000000</point>
				<point>198.000000,880.000000</point>
			</points>
		</object>
		<object>
			<coordinate>pixel</coordinate>
			<type>rectangle</type>
			<description>None</description>
			<possibleresult>
				<name>Small Car</name>
			</possibleresult>
			<points>
				<point>88.000000,854.000000</point>
				<point>65.000000,854.000000</point>
				<point>65.000000,846.000000</point>
				<point>88.000000,846.000000</point>
				<point>88.000000,854.000000</point>
			</points>
		</object>
		<object>
			<coordinate>pixel</coordinate>
			<type>rectangle</type>
			<description>None</description>
			<possibleresult>
				<name>Small Car</name>
			</possibleresult>
			<points>
				<point>263.000000,604.000000</point>
				<point>255.000000,604.000000</point>
				<point>255.000000,594.000000</point>
				<point>263.000000,594.000000</point>
				<point>263.000000,604.000000</point>
			</points>
		</object>
		<object>
			<coordinate>pixel</coordinate>
			<type>rectangle</type>
			<description>None</description>
			<possibleresult>
				<name>Small Car</name>
			</possibleresult>
			<points>
				<point>64.000000,514.000000</point>
				<point>55.000000,514.000000</point>
				<point>55.000000,496.000000</point>
				<point>64.000000,496.000000</point>
				<point>64.000000,514.000000</point>
			</points>
		</object>
		<object>
			<coordinate>pixel</coordinate>
			<type>rectangle</type>
			<description>None</description>
			<possibleresult>
				<name>Small Car</name>
			</possibleresult>
			<points>
				<point>239.000000,508.000000</point>
				<point>231.000000,508.000000</point>
				<point>231.000000,491.000000</point>
				<point>239.000000,491.000000</point>
				<point>239.000000,508.000000</point>
			</points>
		</object>
		<object>
			<coordinate>pixel</coordinate>
			<type>rectangle</type>
			<description>None</description>
			<possibleresult>
				<name>Small Car</name>
			</possibleresult>
			<points>
				<point>258.022461,310.448883</point>
				<point>247.000015,311.000031</point>
				<point>246.000015,291.000031</point>
				<point>257.022461,290.448883</point>
				<point>258.022461,310.448883</point>
			</points>
		</object>
		<object>
			<coordinate>pixel</coordinate>
			<type>rectangle</type>
			<description>None</description>
			<possibleresult>
				<name>Small Car</name>
			</possibleresult>
			<points>
				<point>157.024155,335.410370</point>
				<point>147.000015,336.000031</point>
				<point>145.975876,318.589691</point>
				<point>156.000015,318.000031</point>
				<point>157.024155,335.410370</point>
			</points>
		</object>
		<object>
			<coordinate>pixel</coordinate>
			<type>rectangle</type>
			<description>None</description>
			<possibleresult>
				<name>Small Car</name>
			</possibleresult>
			<points>
				<point>427.319519,354.987213</point>
				<point>402.000000,355.999969</point>
				<point>401.680481,348.012726</point>
				<point>427.000000,346.999969</point>
				<point>427.319519,354.987213</point>
			</points>
		</object>
		<object>
			<coordinate>pixel</coordinate>
			<type>rectangle</type>
			<description>None</description>
			<possibleresult>
				<name>Small Car</name>
			</possibleresult>
			<points>
				<point>341.000000,80.000000</point>
				<point>331.000000,80.000000</point>
				<point>331.000000,63.000000</point>
				<point>341.000000,63.000000</point>
				<point>341.000000,80.000000</point>
			</points>
		</object>
		<object>
			<coordinate>pixel</coordinate>
			<type>rectangle</type>
			<description>None</description>
			<possibleresult>
				<name>Van</name>
			</possibleresult>
			<points>
				<point>466.000031,37.999996</point>
				<point>455.037933,38.644825</point>
				<point>454.000031,20.999996</point>
				<point>464.962128,20.355167</point>
				<point>466.000031,37.999996</point>
			</points>
		</object>
		<object>
			<coordinate>pixel</coordinate>
			<type>rectangle</type>
			<description>None</description>
			<possibleresult>
				<name>Small Car</name>
			</possibleresult>
			<points>
				<point>192.000000,73.000000</point>
				<point>182.000000,73.000000</point>
				<point>182.000000,55.000000</point>
				<point>192.000000,55.000000</point>
				<point>192.000000,73.000000</point>
			</points>
		</object>
		<object>
			<coordinate>pixel</coordinate>
			<type>rectangle</type>
			<description>None</description>
			<possibleresult>
				<name>Van</name>
			</possibleresult>
			<points>
				<point>923.027710,47.498459</point>
				<point>914.000000,48.000000</point>
				<point>913.000000,29.999998</point>
				<point>922.027710,29.498459</point>
				<point>923.027710,47.498459</point>
			</points>
		</object>
		<object>
			<coordinate>pixel</coordinate>
			<type>rectangle</type>
			<description>None</description>
			<possibleresult>
				<name>Small Car</name>
			</possibleresult>
			<points>
				<point>923.000000,66.000000</point>
				<point>914.000000,66.000000</point>
				<point>914.000000,49.000000</point>
				<point>923.000000,49.000000</point>
				<point>923.000000,66.000000</point>
			</points>
		</object>
		<object>
			<coordinate>pixel</coordinate>
			<type>rectangle</type>
			<description>None</description>
			<possibleresult>
				<name>Small Car</name>
			</possibleresult>
			<points>
				<point>922.000000,85.000000</point>
				<point>912.000000,85.000000</point>
				<point>912.000000,67.000000</point>
				<point>922.000000,67.000000</point>
				<point>922.000000,85.000000</point>
			</points>
		</object>
		<object>
			<coordinate>pixel</coordinate>
			<type>rectangle</type>
			<description>None</description>
			<possibleresult>
				<name>Small Car</name>
			</possibleresult>
			<points>
				<point>793.000000,80.000000</point>
				<point>785.000000,80.000000</point>
				<point>785.000000,65.000000</point>
				<point>793.000000,65.000000</point>
				<point>793.000000,80.000000</point>
			</points>
		</object>
		<object>
			<coordinate>pixel</coordinate>
			<type>rectangle</type>
			<description>None</description>
			<possibleresult>
				<name>Small Car</name>
			</possibleresult>
			<points>
				<point>793.000000,64.000000</point>
				<point>784.000000,64.000000</point>
				<point>784.000000,46.000000</point>
				<point>793.000000,46.000000</point>
				<point>793.000000,64.000000</point>
			</points>
		</object>
		<object>
			<coordinate>pixel</coordinate>
			<type>rectangle</type>
			<description>None</description>
			<possibleresult>
				<name>Small Car</name>
			</possibleresult>
			<points>
				<point>743.000000,161.000000</point>
				<point>733.000000,161.000000</point>
				<point>733.000000,143.000000</point>
				<point>743.000000,143.000000</point>
				<point>743.000000,161.000000</point>
			</points>
		</object>
		<object>
			<coordinate>pixel</coordinate>
			<type>rectangle</type>
			<description>None</description>
			<possibleresult>
				<name>Small Car</name>
			</possibleresult>
			<points>
				<point>743.000000,181.000000</point>
				<point>733.000000,181.000000</point>
				<point>733.000000,162.000000</point>
				<point>743.000000,162.000000</point>
				<point>743.000000,181.000000</point>
			</points>
		</object>
		<object>
			<coordinate>pixel</coordinate>
			<type>rectangle</type>
			<description>None</description>
			<possibleresult>
				<name>Small Car</name>
			</possibleresult>
			<points>
				<point>717.000000,168.000000</point>
				<point>708.000000,168.000000</point>
				<point>708.000000,150.000000</point>
				<point>717.000000,150.000000</point>
				<point>717.000000,168.000000</point>
			</points>
		</object>
		<object>
			<coordinate>pixel</coordinate>
			<type>rectangle</type>
			<description>None</description>
			<possibleresult>
				<name>Small Car</name>
			</possibleresult>
			<points>
				<point>538.000000,106.000000</point>
				<point>522.000000,106.000000</point>
				<point>522.000000,99.000000</point>
				<point>538.000000,99.000000</point>
				<point>538.000000,106.000000</point>
			</points>
		</object>
		<object>
			<coordinate>pixel</coordinate>
			<type>rectangle</type>
			<description>None</description>
			<possibleresult>
				<name>Van</name>
			</possibleresult>
			<points>
				<point>621.000000,473.000000</point>
				<point>612.000000,473.000000</point>
				<point>612.000000,457.000000</point>
				<point>621.000000,457.000000</point>
				<point>621.000000,473.000000</point>
			</points>
		</object>
		<object>
			<coordinate>pixel</coordinate>
			<type>rectangle</type>
			<description>None</description>
			<possibleresult>
				<name>Van</name>
			</possibleresult>
			<points>
				<point>1000.000000,478.000000</point>
				<point>997.000000,478.000000</point>
				<point>997.000000,461.000000</point>
				<point>1000.000000,461.000000</point>
				<point>1000.000000,478.000000</point>
			</points>
		</object>
		<object>
			<coordinate>pixel</coordinate>
			<type>rectangle</type>
			<description>None</description>
			<possibleresult>
				<name>Van</name>
			</possibleresult>
			<points>
				<point>687.891113,805.089111</point>
				<point>685.891113,825.089111</point>
				<point>675.000000,824.000000</point>
				<point>677.000000,804.000000</point>
				<point>687.891113,805.089111</point>
			</points>
		</object>
		<object>
			<coordinate>pixel</coordinate>
			<type>rectangle</type>
			<description>None</description>
			<possibleresult>
				<name>Van</name>
			</possibleresult>
			<points>
				<point>673.000000,813.000061</point>
				<point>671.968994,830.527649</point>
				<point>663.000000,830.000061</point>
				<point>664.031006,812.472473</point>
				<point>673.000000,813.000061</point>
			</points>
		</object>
		<object>
			<coordinate>pixel</coordinate>
			<type>rectangle</type>
			<description>None</description>
			<possibleresult>
				<name>Small Car</name>
			</possibleresult>
			<points>
				<point>674.000000,812.000000</point>
				<point>665.000000,812.000000</point>
				<point>665.000000,794.000000</point>
				<point>674.000000,794.000000</point>
				<point>674.000000,812.000000</point>
			</points>
		</object>
		<object>
			<coordinate>pixel</coordinate>
			<type>rectangle</type>
			<description>None</description>
			<possibleresult>
				<name>Small Car</name>
			</possibleresult>
			<points>
				<point>633.000000,873.000000</point>
				<point>610.000000,873.000000</point>
				<point>610.000000,864.000000</point>
				<point>633.000000,864.000000</point>
				<point>633.000000,873.000000</point>
			</points>
		</object>
		<object>
			<coordinate>pixel</coordinate>
			<type>rectangle</type>
			<description>None</description>
			<possibleresult>
				<name>Van</name>
			</possibleresult>
			<points>
				<point>964.000000,874.000000</point>
				<point>940.000000,874.000000</point>
				<point>940.000000,867.000000</point>
				<point>964.000000,867.000000</point>
				<point>964.000000,874.000000</point>
			</points>
		</object>
		<object>
			<coordinate>pixel</coordinate>
			<type>rectangle</type>
			<description>None</description>
			<possibleresult>
				<name>Intersection</name>
			</possibleresult>
			<points>
				<point>505.000031,227.000000</point>
				<point>504.134613,272.002594</point>
				<point>452.000031,271.000000</point>
				<point>452.865448,225.997406</point>
				<point>505.000031,227.000000</point>
			</points>
		</object>
		<object>
			<coordinate>pixel</coordinate>
			<type>rectangle</type>
			<description>None</description>
			<possibleresult>
				<name>Intersection</name>
			</possibleresult>
			<points>
				<point>505.000000,532.000000</point>
				<point>504.000000,578.000000</point>
				<point>451.981079,576.869141</point>
				<point>452.981079,530.869141</point>
				<point>505.000000,532.000000</point>
			</points>
		</object>
		<object>
			<coordinate>pixel</coordinate>
			<type>rectangle</type>
			<description>None</description>
			<possibleresult>
				<name>Intersection</name>
			</possibleresult>
			<points>
				<point>503.999969,889.000061</point>
				<point>454.019989,889.999695</point>
				<point>453.019989,839.999695</point>
				<point>502.999969,839.000061</point>
				<point>503.999969,889.000061</point>
			</points>
		</object>
	</objects>
</annotation>