<?xml version="1.0" encoding="utf-8"?>
<annotation>
	<source>
		<filename>122.tif</filename>
		<origin>GF2/GF3</origin>
	</source>
	<research>
		<version>1.0</version>
		<provider>FAIR1M</provider>
		<author>Cyber</author>
		<pluginname>FAIR1M</pluginname>
		<pluginclass>object detection</pluginclass>
		<time>2021-07-21</time>
	</research>
	<size>
		<width>1500</width>
		<height>1500</height>
		<depth>3</depth>
	</size>
	<objects>
		<object>
			<coordinate>pixel</coordinate>
			<type>rectangle</type>
			<description>None</description>
			<possibleresult>
				<name>Dry Cargo Ship</name>
			</possibleresult>
			<points>
				<point>1055.000000,552.000000</point>
				<point>1117.000000,600.000000</point>
				<point>1125.000000,590.000000</point>
				<point>1061.000000,543.000000</point>
				<point>1055.000000,552.000000</point>
			</points>
		</object>
		<object>
			<coordinate>pixel</coordinate>
			<type>rectangle</type>
			<description>None</description>
			<possibleresult>
				<name>Dry Cargo Ship</name>
			</possibleresult>
			<points>
				<point>898.000000,509.000000</point>
				<point>855.000000,484.000000</point>
				<point>850.000000,491.000000</point>
				<point>894.000000,518.000000</point>
				<point>898.000000,509.000000</point>
			</points>
		</object>
		<object>
			<coordinate>pixel</coordinate>
			<type>rectangle</type>
			<description>None</description>
			<possibleresult>
				<name>Dry Cargo Ship</name>
			</possibleresult>
			<points>
				<point>778.000000,324.000000</point>
				<point>859.000000,388.000000</point>
				<point>867.000000,381.000000</point>
				<point>784.000000,315.000000</point>
				<point>778.000000,324.000000</point>
			</points>
		</object>
		<object>
			<coordinate>pixel</coordinate>
			<type>rectangle</type>
			<description>None</description>
			<possibleresult>
				<name>Dry Cargo Ship</name>
			</possibleresult>
			<points>
				<point>282.000000,1300.000000</point>
				<point>365.000000,1343.000000</point>
				<point>371.000000,1329.000000</point>
				<point>288.000000,1288.000000</point>
				<point>282.000000,1300.000000</point>
			</points>
		</object>
		<object>
			<coordinate>pixel</coordinate>
			<type>rectangle</type>
			<description>None</description>
			<possibleresult>
				<name>Dry Cargo Ship</name>
			</possibleresult>
			<points>
				<point>134.000000,1145.000000</point>
				<point>178.000000,1166.000000</point>
				<point>182.000000,1159.000000</point>
				<point>138.000000,1136.000000</point>
				<point>134.000000,1145.000000</point>
			</points>
		</object>
		<object>
			<coordinate>pixel</coordinate>
			<type>rectangle</type>
			<description>None</description>
			<possibleresult>
				<name>Dry Cargo Ship</name>
			</possibleresult>
			<points>
				<point>493.000000,469.000000</point>
				<point>562.000000,504.000000</point>
				<point>556.000000,514.000000</point>
				<point>487.000000,479.000000</point>
				<point>493.000000,469.000000</point>
			</points>
		</object>
		<object>
			<coordinate>pixel</coordinate>
			<type>rectangle</type>
			<description>None</description>
			<possibleresult>
				<name>Dry Cargo Ship</name>
			</possibleresult>
			<points>
				<point>502.000000,460.000000</point>
				<point>570.000000,495.000000</point>
				<point>565.000000,504.000000</point>
				<point>496.000000,470.000000</point>
				<point>502.000000,460.000000</point>
			</points>
		</object>
		<object>
			<coordinate>pixel</coordinate>
			<type>rectangle</type>
			<description>None</description>
			<possibleresult>
				<name>Dry Cargo Ship</name>
			</possibleresult>
			<points>
				<point>505.000000,449.000000</point>
				<point>574.000000,484.000000</point>
				<point>569.000000,493.000000</point>
				<point>500.000000,459.000000</point>
				<point>505.000000,449.000000</point>
			</points>
		</object>
		<object>
			<coordinate>pixel</coordinate>
			<type>rectangle</type>
			<description>None</description>
			<possibleresult>
				<name>Dry Cargo Ship</name>
			</possibleresult>
			<points>
				<point>510.000000,439.000000</point>
				<point>578.000000,474.000000</point>
				<point>573.000000,483.000000</point>
				<point>505.000000,448.000000</point>
				<point>510.000000,439.000000</point>
			</points>
		</object>
		<object>
			<coordinate>pixel</coordinate>
			<type>rectangle</type>
			<description>None</description>
			<possibleresult>
				<name>Dry Cargo Ship</name>
			</possibleresult>
			<points>
				<point>515.000000,429.000000</point>
				<point>577.000000,460.000000</point>
				<point>572.000000,469.000000</point>
				<point>510.000000,438.000000</point>
				<point>515.000000,429.000000</point>
			</points>
		</object>
		<object>
			<coordinate>pixel</coordinate>
			<type>rectangle</type>
			<description>None</description>
			<possibleresult>
				<name>Dry Cargo Ship</name>
			</possibleresult>
			<points>
				<point>440.000000,553.000000</point>
				<point>474.000000,571.000000</point>
				<point>469.000000,580.000000</point>
				<point>435.000000,561.000000</point>
				<point>440.000000,553.000000</point>
			</points>
		</object>
		<object>
			<coordinate>pixel</coordinate>
			<type>rectangle</type>
			<description>None</description>
			<possibleresult>
				<name>Dry Cargo Ship</name>
			</possibleresult>
			<points>
				<point>444.000000,543.000000</point>
				<point>478.000000,562.000000</point>
				<point>473.000000,570.000000</point>
				<point>439.000000,551.000000</point>
				<point>444.000000,543.000000</point>
			</points>
		</object>
		<object>
			<coordinate>pixel</coordinate>
			<type>rectangle</type>
			<description>None</description>
			<possibleresult>
				<name>Dry Cargo Ship</name>
			</possibleresult>
			<points>
				<point>449.000000,534.000000</point>
				<point>484.000000,552.000000</point>
				<point>479.000000,561.000000</point>
				<point>445.000000,542.000000</point>
				<point>449.000000,534.000000</point>
			</points>
		</object>
		<object>
			<coordinate>pixel</coordinate>
			<type>rectangle</type>
			<description>None</description>
			<possibleresult>
				<name>Dry Cargo Ship</name>
			</possibleresult>
			<points>
				<point>477.000000,574.000000</point>
				<point>511.000000,593.000000</point>
				<point>506.000000,601.000000</point>
				<point>472.000000,583.000000</point>
				<point>477.000000,574.000000</point>
			</points>
		</object>
		<object>
			<coordinate>pixel</coordinate>
			<type>rectangle</type>
			<description>None</description>
			<possibleresult>
				<name>Dry Cargo Ship</name>
			</possibleresult>
			<points>
				<point>482.000000,564.000000</point>
				<point>516.000000,583.000000</point>
				<point>511.000000,591.000000</point>
				<point>477.000000,572.000000</point>
				<point>482.000000,564.000000</point>
			</points>
		</object>
		<object>
			<coordinate>pixel</coordinate>
			<type>rectangle</type>
			<description>None</description>
			<possibleresult>
				<name>Dry Cargo Ship</name>
			</possibleresult>
			<points>
				<point>518.000000,586.000000</point>
				<point>547.000000,601.000000</point>
				<point>542.000000,610.000000</point>
				<point>513.000000,594.000000</point>
				<point>518.000000,586.000000</point>
			</points>
		</object>
		<object>
			<coordinate>pixel</coordinate>
			<type>rectangle</type>
			<description>None</description>
			<possibleresult>
				<name>Dry Cargo Ship</name>
			</possibleresult>
			<points>
				<point>552.000000,605.000000</point>
				<point>584.000000,623.000000</point>
				<point>579.000000,631.000000</point>
				<point>547.000000,614.000000</point>
				<point>552.000000,605.000000</point>
			</points>
		</object>
		<object>
			<coordinate>pixel</coordinate>
			<type>rectangle</type>
			<description>None</description>
			<possibleresult>
				<name>Motorboat</name>
			</possibleresult>
			<points>
				<point>548.000000,600.000000</point>
				<point>562.000000,575.000000</point>
				<point>570.000000,580.000000</point>
				<point>556.000000,604.000000</point>
				<point>548.000000,600.000000</point>
			</points>
		</object>
		<object>
			<coordinate>pixel</coordinate>
			<type>rectangle</type>
			<description>None</description>
			<possibleresult>
				<name>Dry Cargo Ship</name>
			</possibleresult>
			<points>
				<point>553.000000,435.000000</point>
				<point>586.000000,452.000000</point>
				<point>582.000000,461.000000</point>
				<point>548.000000,444.000000</point>
				<point>553.000000,435.000000</point>
			</points>
		</object>
		<object>
			<coordinate>pixel</coordinate>
			<type>rectangle</type>
			<description>None</description>
			<possibleresult>
				<name>Dry Cargo Ship</name>
			</possibleresult>
			<points>
				<point>519.000000,418.000000</point>
				<point>551.000000,435.000000</point>
				<point>546.000000,443.000000</point>
				<point>514.000000,427.000000</point>
				<point>519.000000,418.000000</point>
			</points>
		</object>
		<object>
			<coordinate>pixel</coordinate>
			<type>rectangle</type>
			<description>None</description>
			<possibleresult>
				<name>Dry Cargo Ship</name>
			</possibleresult>
			<points>
				<point>476.000000,409.000000</point>
				<point>510.000000,426.000000</point>
				<point>505.000000,435.000000</point>
				<point>471.000000,418.000000</point>
				<point>476.000000,409.000000</point>
			</points>
		</object>
		<object>
			<coordinate>pixel</coordinate>
			<type>rectangle</type>
			<description>None</description>
			<possibleresult>
				<name>Dry Cargo Ship</name>
			</possibleresult>
			<points>
				<point>319.000000,326.000000</point>
				<point>353.000000,343.000000</point>
				<point>348.000000,352.000000</point>
				<point>314.000000,335.000000</point>
				<point>319.000000,326.000000</point>
			</points>
		</object>
		<object>
			<coordinate>pixel</coordinate>
			<type>rectangle</type>
			<description>None</description>
			<possibleresult>
				<name>Dry Cargo Ship</name>
			</possibleresult>
			<points>
				<point>355.000000,345.000000</point>
				<point>388.000000,362.000000</point>
				<point>384.000000,371.000000</point>
				<point>350.000000,354.000000</point>
				<point>355.000000,345.000000</point>
			</points>
		</object>
		<object>
			<coordinate>pixel</coordinate>
			<type>rectangle</type>
			<description>None</description>
			<possibleresult>
				<name>Dry Cargo Ship</name>
			</possibleresult>
			<points>
				<point>359.000000,335.000000</point>
				<point>393.000000,352.000000</point>
				<point>388.000000,361.000000</point>
				<point>355.000000,344.000000</point>
				<point>359.000000,335.000000</point>
			</points>
		</object>
		<object>
			<coordinate>pixel</coordinate>
			<type>rectangle</type>
			<description>None</description>
			<possibleresult>
				<name>Dry Cargo Ship</name>
			</possibleresult>
			<points>
				<point>324.000000,315.000000</point>
				<point>358.000000,332.000000</point>
				<point>353.000000,341.000000</point>
				<point>319.000000,324.000000</point>
				<point>324.000000,315.000000</point>
			</points>
		</object>
		<object>
			<coordinate>pixel</coordinate>
			<type>rectangle</type>
			<description>None</description>
			<possibleresult>
				<name>Dry Cargo Ship</name>
			</possibleresult>
			<points>
				<point>471.000000,176.000000</point>
				<point>541.000000,208.000000</point>
				<point>536.000000,218.000000</point>
				<point>466.000000,186.000000</point>
				<point>471.000000,176.000000</point>
			</points>
		</object>
		<object>
			<coordinate>pixel</coordinate>
			<type>rectangle</type>
			<description>None</description>
			<possibleresult>
				<name>Dry Cargo Ship</name>
			</possibleresult>
			<points>
				<point>398.000000,142.000000</point>
				<point>468.000000,173.000000</point>
				<point>463.000000,184.000000</point>
				<point>393.000000,152.000000</point>
				<point>398.000000,142.000000</point>
			</points>
		</object>
		<object>
			<coordinate>pixel</coordinate>
			<type>rectangle</type>
			<description>None</description>
			<possibleresult>
				<name>Dry Cargo Ship</name>
			</possibleresult>
			<points>
				<point>372.000000,535.000000</point>
				<point>406.000000,554.000000</point>
				<point>401.000000,562.000000</point>
				<point>367.000000,543.000000</point>
				<point>372.000000,535.000000</point>
			</points>
		</object>
		<object>
			<coordinate>pixel</coordinate>
			<type>rectangle</type>
			<description>None</description>
			<possibleresult>
				<name>Tugboat</name>
			</possibleresult>
			<points>
				<point>349.000000,521.000000</point>
				<point>365.000000,492.000000</point>
				<point>376.000000,498.000000</point>
				<point>360.000000,527.000000</point>
				<point>349.000000,521.000000</point>
			</points>
		</object>
		<object>
			<coordinate>pixel</coordinate>
			<type>rectangle</type>
			<description>None</description>
			<possibleresult>
				<name>Tugboat</name>
			</possibleresult>
			<points>
				<point>337.000000,514.000000</point>
				<point>353.000000,485.000000</point>
				<point>364.000000,492.000000</point>
				<point>348.000000,520.000000</point>
				<point>337.000000,514.000000</point>
			</points>
		</object>
		<object>
			<coordinate>pixel</coordinate>
			<type>rectangle</type>
			<description>None</description>
			<possibleresult>
				<name>Dry Cargo Ship</name>
			</possibleresult>
			<points>
				<point>220.000000,442.000000</point>
				<point>289.000000,492.000000</point>
				<point>281.000000,503.000000</point>
				<point>212.000000,452.000000</point>
				<point>220.000000,442.000000</point>
			</points>
		</object>
		<object>
			<coordinate>pixel</coordinate>
			<type>rectangle</type>
			<description>None</description>
			<possibleresult>
				<name>Dry Cargo Ship</name>
			</possibleresult>
			<points>
				<point>186.000000,419.000000</point>
				<point>216.000000,441.000000</point>
				<point>209.000000,450.000000</point>
				<point>179.000000,428.000000</point>
				<point>186.000000,419.000000</point>
			</points>
		</object>
		<object>
			<coordinate>pixel</coordinate>
			<type>rectangle</type>
			<description>None</description>
			<possibleresult>
				<name>Dry Cargo Ship</name>
			</possibleresult>
			<points>
				<point>209.000000,377.000000</point>
				<point>273.000000,423.000000</point>
				<point>265.000000,432.000000</point>
				<point>202.000000,386.000000</point>
				<point>209.000000,377.000000</point>
			</points>
		</object>
		<object>
			<coordinate>pixel</coordinate>
			<type>rectangle</type>
			<description>None</description>
			<possibleresult>
				<name>Dry Cargo Ship</name>
			</possibleresult>
			<points>
				<point>202.000000,387.000000</point>
				<point>266.000000,433.000000</point>
				<point>259.000000,442.000000</point>
				<point>195.000000,396.000000</point>
				<point>202.000000,387.000000</point>
			</points>
		</object>
		<object>
			<coordinate>pixel</coordinate>
			<type>rectangle</type>
			<description>None</description>
			<possibleresult>
				<name>Dry Cargo Ship</name>
			</possibleresult>
			<points>
				<point>272.000000,435.000000</point>
				<point>301.000000,457.000000</point>
				<point>296.000000,464.000000</point>
				<point>266.000000,443.000000</point>
				<point>272.000000,435.000000</point>
			</points>
		</object>
		<object>
			<coordinate>pixel</coordinate>
			<type>rectangle</type>
			<description>None</description>
			<possibleresult>
				<name>Dry Cargo Ship</name>
			</possibleresult>
			<points>
				<point>265.000000,450.000000</point>
				<point>295.000000,471.000000</point>
				<point>289.000000,479.000000</point>
				<point>260.000000,457.000000</point>
				<point>265.000000,450.000000</point>
			</points>
		</object>
		<object>
			<coordinate>pixel</coordinate>
			<type>rectangle</type>
			<description>None</description>
			<possibleresult>
				<name>Dry Cargo Ship</name>
			</possibleresult>
			<points>
				<point>201.000000,401.000000</point>
				<point>264.000000,447.000000</point>
				<point>257.000000,457.000000</point>
				<point>193.000000,411.000000</point>
				<point>201.000000,401.000000</point>
			</points>
		</object>
		<object>
			<coordinate>pixel</coordinate>
			<type>rectangle</type>
			<description>None</description>
			<possibleresult>
				<name>Dry Cargo Ship</name>
			</possibleresult>
			<points>
				<point>102.000000,386.000000</point>
				<point>143.000000,313.000000</point>
				<point>153.000000,319.000000</point>
				<point>112.000000,392.000000</point>
				<point>102.000000,386.000000</point>
			</points>
		</object>
		<object>
			<coordinate>pixel</coordinate>
			<type>rectangle</type>
			<description>None</description>
			<possibleresult>
				<name>Motorboat</name>
			</possibleresult>
			<points>
				<point>122.000000,378.000000</point>
				<point>136.000000,352.000000</point>
				<point>145.000000,358.000000</point>
				<point>131.000000,383.000000</point>
				<point>122.000000,378.000000</point>
			</points>
		</object>
		<object>
			<coordinate>pixel</coordinate>
			<type>rectangle</type>
			<description>None</description>
			<possibleresult>
				<name>Dry Cargo Ship</name>
			</possibleresult>
			<points>
				<point>390.000000,1276.000000</point>
				<point>418.000000,1290.000000</point>
				<point>423.000000,1281.000000</point>
				<point>395.000000,1267.000000</point>
				<point>390.000000,1276.000000</point>
			</points>
		</object>
		<object>
			<coordinate>pixel</coordinate>
			<type>rectangle</type>
			<description>None</description>
			<possibleresult>
				<name>Dry Cargo Ship</name>
			</possibleresult>
			<points>
				<point>361.000000,1260.000000</point>
				<point>389.000000,1274.000000</point>
				<point>393.000000,1265.000000</point>
				<point>365.000000,1251.000000</point>
				<point>361.000000,1260.000000</point>
			</points>
		</object>
		<object>
			<coordinate>pixel</coordinate>
			<type>rectangle</type>
			<description>None</description>
			<possibleresult>
				<name>Bridge</name>
			</possibleresult>
			<points>
				<point>236.000000,1280.000000</point>
				<point>255.000000,1290.000000</point>
				<point>294.000000,1216.000000</point>
				<point>275.000000,1207.000000</point>
				<point>236.000000,1280.000000</point>
			</points>
		</object>
		<object>
			<coordinate>pixel</coordinate>
			<type>rectangle</type>
			<description>None</description>
			<possibleresult>
				<name>Bridge</name>
			</possibleresult>
			<points>
				<point>33.000000,1175.000000</point>
				<point>48.000000,1183.000000</point>
				<point>87.000000,1110.000000</point>
				<point>72.000000,1102.000000</point>
				<point>33.000000,1175.000000</point>
			</points>
		</object>
		<object>
			<coordinate>pixel</coordinate>
			<type>rectangle</type>
			<description>None</description>
			<possibleresult>
				<name>Bridge</name>
			</possibleresult>
			<points>
				<point>539.000000,1438.000000</point>
				<point>548.000000,1444.000000</point>
				<point>593.000000,1373.000000</point>
				<point>585.000000,1368.000000</point>
				<point>539.000000,1438.000000</point>
			</points>
		</object>
		<object>
			<coordinate>pixel</coordinate>
			<type>rectangle</type>
			<description>None</description>
			<possibleresult>
				<name>Bridge</name>
			</possibleresult>
			<points>
				<point>1015.000000,1383.000000</point>
				<point>1047.000000,1401.000000</point>
				<point>1062.000000,1376.000000</point>
				<point>1029.000000,1358.000000</point>
				<point>1015.000000,1383.000000</point>
			</points>
		</object>
	</objects>
</annotation>