<?xml version="1.0" encoding="utf-8"?>
<annotation>
	<source>
		<filename>1232.tif</filename>
		<origin>GF2/GF3</origin>
	</source>
	<research>
		<version>1.0</version>
		<provider>FAIR1M</provider>
		<author>Cyber</author>
		<pluginname>FAIR1M</pluginname>
		<pluginclass>object detection</pluginclass>
		<time>2021-07-21</time>
	</research>
	<size>
		<width>1500</width>
		<height>1500</height>
		<depth>3</depth>
	</size>
	<objects>
		<object>
			<coordinate>pixel</coordinate>
			<type>rectangle</type>
			<description>None</description>
			<possibleresult>
				<name>Dry Cargo Ship</name>
			</possibleresult>
			<points>
				<point>1150.000000,62.000000</point>
				<point>1125.000000,111.000000</point>
				<point>1139.000000,117.000000</point>
				<point>1164.000000,69.000000</point>
				<point>1150.000000,62.000000</point>
			</points>
		</object>
		<object>
			<coordinate>pixel</coordinate>
			<type>rectangle</type>
			<description>None</description>
			<possibleresult>
				<name>Dry Cargo Ship</name>
			</possibleresult>
			<points>
				<point>1166.000000,63.000000</point>
				<point>1141.000000,115.000000</point>
				<point>1153.000000,122.000000</point>
				<point>1179.000000,69.000000</point>
				<point>1166.000000,63.000000</point>
			</points>
		</object>
		<object>
			<coordinate>pixel</coordinate>
			<type>rectangle</type>
			<description>None</description>
			<possibleresult>
				<name>Dry Cargo Ship</name>
			</possibleresult>
			<points>
				<point>1181.000000,65.000000</point>
				<point>1155.000000,120.000000</point>
				<point>1166.000000,125.000000</point>
				<point>1193.000000,71.000000</point>
				<point>1181.000000,65.000000</point>
			</points>
		</object>
		<object>
			<coordinate>pixel</coordinate>
			<type>rectangle</type>
			<description>None</description>
			<possibleresult>
				<name>Dry Cargo Ship</name>
			</possibleresult>
			<points>
				<point>1189.000000,241.000000</point>
				<point>1233.000000,178.000000</point>
				<point>1215.000000,166.000000</point>
				<point>1172.000000,229.000000</point>
				<point>1189.000000,241.000000</point>
			</points>
		</object>
		<object>
			<coordinate>pixel</coordinate>
			<type>rectangle</type>
			<description>None</description>
			<possibleresult>
				<name>Dry Cargo Ship</name>
			</possibleresult>
			<points>
				<point>1241.000000,103.000000</point>
				<point>1208.000000,161.000000</point>
				<point>1225.000000,171.000000</point>
				<point>1258.000000,113.000000</point>
				<point>1241.000000,103.000000</point>
			</points>
		</object>
		<object>
			<coordinate>pixel</coordinate>
			<type>rectangle</type>
			<description>None</description>
			<possibleresult>
				<name>Fishing Boat</name>
			</possibleresult>
			<points>
				<point>1419.000000,368.000000</point>
				<point>1394.000000,336.000000</point>
				<point>1387.000000,342.000000</point>
				<point>1412.000000,374.000000</point>
				<point>1419.000000,368.000000</point>
			</points>
		</object>
		<object>
			<coordinate>pixel</coordinate>
			<type>rectangle</type>
			<description>None</description>
			<possibleresult>
				<name>Fishing Boat</name>
			</possibleresult>
			<points>
				<point>1339.000000,353.000000</point>
				<point>1372.000000,388.000000</point>
				<point>1379.000000,381.000000</point>
				<point>1346.000000,346.000000</point>
				<point>1339.000000,353.000000</point>
			</points>
		</object>
		<object>
			<coordinate>pixel</coordinate>
			<type>rectangle</type>
			<description>None</description>
			<possibleresult>
				<name>Dry Cargo Ship</name>
			</possibleresult>
			<points>
				<point>1109.000000,424.000000</point>
				<point>965.000000,459.000000</point>
				<point>969.000000,478.000000</point>
				<point>1114.000000,442.000000</point>
				<point>1109.000000,424.000000</point>
			</points>
		</object>
		<object>
			<coordinate>pixel</coordinate>
			<type>rectangle</type>
			<description>None</description>
			<possibleresult>
				<name>Fishing Boat</name>
			</possibleresult>
			<points>
				<point>934.000000,425.000000</point>
				<point>974.000000,436.000000</point>
				<point>976.000000,426.000000</point>
				<point>936.000000,416.000000</point>
				<point>934.000000,425.000000</point>
			</points>
		</object>
		<object>
			<coordinate>pixel</coordinate>
			<type>rectangle</type>
			<description>None</description>
			<possibleresult>
				<name>Fishing Boat</name>
			</possibleresult>
			<points>
				<point>972.000000,412.000000</point>
				<point>928.000000,404.000000</point>
				<point>928.000000,410.000000</point>
				<point>971.000000,418.000000</point>
				<point>972.000000,412.000000</point>
			</points>
		</object>
		<object>
			<coordinate>pixel</coordinate>
			<type>rectangle</type>
			<description>None</description>
			<possibleresult>
				<name>Fishing Boat</name>
			</possibleresult>
			<points>
				<point>996.000000,401.000000</point>
				<point>935.000000,392.000000</point>
				<point>933.000000,403.000000</point>
				<point>994.000000,411.000000</point>
				<point>996.000000,401.000000</point>
			</points>
		</object>
		<object>
			<coordinate>pixel</coordinate>
			<type>rectangle</type>
			<description>None</description>
			<possibleresult>
				<name>Fishing Boat</name>
			</possibleresult>
			<points>
				<point>984.000000,389.000000</point>
				<point>936.000000,383.000000</point>
				<point>936.000000,390.000000</point>
				<point>982.000000,396.000000</point>
				<point>984.000000,389.000000</point>
			</points>
		</object>
		<object>
			<coordinate>pixel</coordinate>
			<type>rectangle</type>
			<description>None</description>
			<possibleresult>
				<name>Fishing Boat</name>
			</possibleresult>
			<points>
				<point>989.000000,379.000000</point>
				<point>938.000000,373.000000</point>
				<point>936.000000,383.000000</point>
				<point>989.000000,389.000000</point>
				<point>989.000000,379.000000</point>
			</points>
		</object>
		<object>
			<coordinate>pixel</coordinate>
			<type>rectangle</type>
			<description>None</description>
			<possibleresult>
				<name>Fishing Boat</name>
			</possibleresult>
			<points>
				<point>997.000000,366.000000</point>
				<point>941.000000,361.000000</point>
				<point>940.000000,373.000000</point>
				<point>997.000000,378.000000</point>
				<point>997.000000,366.000000</point>
			</points>
		</object>
		<object>
			<coordinate>pixel</coordinate>
			<type>rectangle</type>
			<description>None</description>
			<possibleresult>
				<name>Fishing Boat</name>
			</possibleresult>
			<points>
				<point>1008.000000,347.000000</point>
				<point>949.000000,330.000000</point>
				<point>946.000000,343.000000</point>
				<point>1005.000000,359.000000</point>
				<point>1008.000000,347.000000</point>
			</points>
		</object>
		<object>
			<coordinate>pixel</coordinate>
			<type>rectangle</type>
			<description>None</description>
			<possibleresult>
				<name>Dry Cargo Ship</name>
			</possibleresult>
			<points>
				<point>933.000000,347.000000</point>
				<point>945.000000,298.000000</point>
				<point>926.000000,294.000000</point>
				<point>913.000000,343.000000</point>
				<point>933.000000,347.000000</point>
			</points>
		</object>
		<object>
			<coordinate>pixel</coordinate>
			<type>rectangle</type>
			<description>None</description>
			<possibleresult>
				<name>Fishing Boat</name>
			</possibleresult>
			<points>
				<point>927.000000,225.000000</point>
				<point>910.000000,283.000000</point>
				<point>923.000000,287.000000</point>
				<point>940.000000,229.000000</point>
				<point>927.000000,225.000000</point>
			</points>
		</object>
		<object>
			<coordinate>pixel</coordinate>
			<type>rectangle</type>
			<description>None</description>
			<possibleresult>
				<name>Engineering Ship</name>
			</possibleresult>
			<points>
				<point>962.000000,241.000000</point>
				<point>939.000000,235.000000</point>
				<point>931.000000,267.000000</point>
				<point>953.000000,274.000000</point>
				<point>962.000000,241.000000</point>
			</points>
		</object>
		<object>
			<coordinate>pixel</coordinate>
			<type>rectangle</type>
			<description>None</description>
			<possibleresult>
				<name>Engineering Ship</name>
			</possibleresult>
			<points>
				<point>943.000000,217.000000</point>
				<point>957.000000,161.000000</point>
				<point>933.000000,155.000000</point>
				<point>919.000000,211.000000</point>
				<point>943.000000,217.000000</point>
			</points>
		</object>
		<object>
			<coordinate>pixel</coordinate>
			<type>rectangle</type>
			<description>None</description>
			<possibleresult>
				<name>Engineering Ship</name>
			</possibleresult>
			<points>
				<point>968.000000,221.000000</point>
				<point>980.000000,166.000000</point>
				<point>955.000000,161.000000</point>
				<point>943.000000,215.000000</point>
				<point>968.000000,221.000000</point>
			</points>
		</object>
		<object>
			<coordinate>pixel</coordinate>
			<type>rectangle</type>
			<description>None</description>
			<possibleresult>
				<name>Engineering Ship</name>
			</possibleresult>
			<points>
				<point>922.000000,156.000000</point>
				<point>941.000000,118.000000</point>
				<point>925.000000,110.000000</point>
				<point>905.000000,149.000000</point>
				<point>922.000000,156.000000</point>
			</points>
		</object>
		<object>
			<coordinate>pixel</coordinate>
			<type>rectangle</type>
			<description>None</description>
			<possibleresult>
				<name>Dry Cargo Ship</name>
			</possibleresult>
			<points>
				<point>965.000000,286.000000</point>
				<point>957.000000,319.000000</point>
				<point>966.000000,321.000000</point>
				<point>974.000000,289.000000</point>
				<point>965.000000,286.000000</point>
			</points>
		</object>
		<object>
			<coordinate>pixel</coordinate>
			<type>rectangle</type>
			<description>None</description>
			<possibleresult>
				<name>Dry Cargo Ship</name>
			</possibleresult>
			<points>
				<point>974.000000,298.000000</point>
				<point>965.000000,323.000000</point>
				<point>978.000000,328.000000</point>
				<point>987.000000,302.000000</point>
				<point>974.000000,298.000000</point>
			</points>
		</object>
		<object>
			<coordinate>pixel</coordinate>
			<type>rectangle</type>
			<description>None</description>
			<possibleresult>
				<name>Dry Cargo Ship</name>
			</possibleresult>
			<points>
				<point>1002.000000,295.000000</point>
				<point>1012.000000,255.000000</point>
				<point>993.000000,250.000000</point>
				<point>982.000000,290.000000</point>
				<point>1002.000000,295.000000</point>
			</points>
		</object>
		<object>
			<coordinate>pixel</coordinate>
			<type>rectangle</type>
			<description>None</description>
			<possibleresult>
				<name>Dry Cargo Ship</name>
			</possibleresult>
			<points>
				<point>982.000000,289.000000</point>
				<point>992.000000,253.000000</point>
				<point>973.000000,248.000000</point>
				<point>964.000000,283.000000</point>
				<point>982.000000,289.000000</point>
			</points>
		</object>
		<object>
			<coordinate>pixel</coordinate>
			<type>rectangle</type>
			<description>None</description>
			<possibleresult>
				<name>Engineering Ship</name>
			</possibleresult>
			<points>
				<point>1039.000000,135.000000</point>
				<point>1051.000000,80.000000</point>
				<point>1017.000000,73.000000</point>
				<point>1005.000000,128.000000</point>
				<point>1039.000000,135.000000</point>
			</points>
		</object>
		<object>
			<coordinate>pixel</coordinate>
			<type>rectangle</type>
			<description>None</description>
			<possibleresult>
				<name>Passenger Ship</name>
			</possibleresult>
			<points>
				<point>1053.000000,136.000000</point>
				<point>1002.000000,133.000000</point>
				<point>1002.000000,141.000000</point>
				<point>1053.000000,144.000000</point>
				<point>1053.000000,136.000000</point>
			</points>
		</object>
		<object>
			<coordinate>pixel</coordinate>
			<type>rectangle</type>
			<description>None</description>
			<possibleresult>
				<name>Engineering Ship</name>
			</possibleresult>
			<points>
				<point>1040.000000,143.000000</point>
				<point>997.000000,141.000000</point>
				<point>997.000000,159.000000</point>
				<point>1039.000000,161.000000</point>
				<point>1040.000000,143.000000</point>
			</points>
		</object>
		<object>
			<coordinate>pixel</coordinate>
			<type>rectangle</type>
			<description>None</description>
			<possibleresult>
				<name>Fishing Boat</name>
			</possibleresult>
			<points>
				<point>1033.000000,174.000000</point>
				<point>989.000000,173.000000</point>
				<point>989.000000,182.000000</point>
				<point>1033.000000,183.000000</point>
				<point>1033.000000,174.000000</point>
			</points>
		</object>
		<object>
			<coordinate>pixel</coordinate>
			<type>rectangle</type>
			<description>None</description>
			<possibleresult>
				<name>Engineering Ship</name>
			</possibleresult>
			<points>
				<point>1055.000000,186.000000</point>
				<point>989.000000,181.000000</point>
				<point>988.000000,197.000000</point>
				<point>1053.000000,202.000000</point>
				<point>1055.000000,186.000000</point>
			</points>
		</object>
		<object>
			<coordinate>pixel</coordinate>
			<type>rectangle</type>
			<description>None</description>
			<possibleresult>
				<name>Fishing Boat</name>
			</possibleresult>
			<points>
				<point>1040.000000,202.000000</point>
				<point>994.000000,199.000000</point>
				<point>993.000000,206.000000</point>
				<point>1040.000000,209.000000</point>
				<point>1040.000000,202.000000</point>
			</points>
		</object>
		<object>
			<coordinate>pixel</coordinate>
			<type>rectangle</type>
			<description>None</description>
			<possibleresult>
				<name>Fishing Boat</name>
			</possibleresult>
			<points>
				<point>1035.000000,212.000000</point>
				<point>988.000000,203.000000</point>
				<point>987.000000,212.000000</point>
				<point>1033.000000,221.000000</point>
				<point>1035.000000,212.000000</point>
			</points>
		</object>
		<object>
			<coordinate>pixel</coordinate>
			<type>rectangle</type>
			<description>None</description>
			<possibleresult>
				<name>Fishing Boat</name>
			</possibleresult>
			<points>
				<point>1026.000000,219.000000</point>
				<point>985.000000,211.000000</point>
				<point>982.000000,221.000000</point>
				<point>1025.000000,229.000000</point>
				<point>1026.000000,219.000000</point>
			</points>
		</object>
		<object>
			<coordinate>pixel</coordinate>
			<type>rectangle</type>
			<description>None</description>
			<possibleresult>
				<name>Dry Cargo Ship</name>
			</possibleresult>
			<points>
				<point>743.000000,229.000000</point>
				<point>804.000000,183.000000</point>
				<point>793.000000,169.000000</point>
				<point>732.000000,214.000000</point>
				<point>743.000000,229.000000</point>
			</points>
		</object>
		<object>
			<coordinate>pixel</coordinate>
			<type>rectangle</type>
			<description>None</description>
			<possibleresult>
				<name>Dry Cargo Ship</name>
			</possibleresult>
			<points>
				<point>766.000000,171.000000</point>
				<point>729.000000,199.000000</point>
				<point>737.000000,209.000000</point>
				<point>774.000000,181.000000</point>
				<point>766.000000,171.000000</point>
			</points>
		</object>
		<object>
			<coordinate>pixel</coordinate>
			<type>rectangle</type>
			<description>None</description>
			<possibleresult>
				<name>Dry Cargo Ship</name>
			</possibleresult>
			<points>
				<point>811.000000,64.000000</point>
				<point>783.000000,100.000000</point>
				<point>795.000000,109.000000</point>
				<point>823.000000,73.000000</point>
				<point>811.000000,64.000000</point>
			</points>
		</object>
		<object>
			<coordinate>pixel</coordinate>
			<type>rectangle</type>
			<description>None</description>
			<possibleresult>
				<name>Dry Cargo Ship</name>
			</possibleresult>
			<points>
				<point>812.000000,108.000000</point>
				<point>840.000000,73.000000</point>
				<point>829.000000,65.000000</point>
				<point>802.000000,100.000000</point>
				<point>812.000000,108.000000</point>
			</points>
		</object>
		<object>
			<coordinate>pixel</coordinate>
			<type>rectangle</type>
			<description>None</description>
			<possibleresult>
				<name>Dry Cargo Ship</name>
			</possibleresult>
			<points>
				<point>825.000000,110.000000</point>
				<point>851.000000,81.000000</point>
				<point>842.000000,72.000000</point>
				<point>816.000000,102.000000</point>
				<point>825.000000,110.000000</point>
			</points>
		</object>
		<object>
			<coordinate>pixel</coordinate>
			<type>rectangle</type>
			<description>None</description>
			<possibleresult>
				<name>Dry Cargo Ship</name>
			</possibleresult>
			<points>
				<point>866.000000,74.000000</point>
				<point>827.000000,108.000000</point>
				<point>835.000000,117.000000</point>
				<point>874.000000,84.000000</point>
				<point>866.000000,74.000000</point>
			</points>
		</object>
		<object>
			<coordinate>pixel</coordinate>
			<type>rectangle</type>
			<description>None</description>
			<possibleresult>
				<name>Dry Cargo Ship</name>
			</possibleresult>
			<points>
				<point>843.000000,125.000000</point>
				<point>877.000000,96.000000</point>
				<point>869.000000,87.000000</point>
				<point>835.000000,116.000000</point>
				<point>843.000000,125.000000</point>
			</points>
		</object>
		<object>
			<coordinate>pixel</coordinate>
			<type>rectangle</type>
			<description>None</description>
			<possibleresult>
				<name>other-ship</name>
			</possibleresult>
			<points>
				<point>591.000000,101.000000</point>
				<point>557.000000,158.000000</point>
				<point>576.000000,170.000000</point>
				<point>610.000000,113.000000</point>
				<point>591.000000,101.000000</point>
			</points>
		</object>
		<object>
			<coordinate>pixel</coordinate>
			<type>rectangle</type>
			<description>None</description>
			<possibleresult>
				<name>other-ship</name>
			</possibleresult>
			<points>
				<point>521.000000,219.000000</point>
				<point>589.000000,105.000000</point>
				<point>567.000000,92.000000</point>
				<point>499.000000,205.000000</point>
				<point>521.000000,219.000000</point>
			</points>
		</object>
		<object>
			<coordinate>pixel</coordinate>
			<type>rectangle</type>
			<description>None</description>
			<possibleresult>
				<name>other-ship</name>
			</possibleresult>
			<points>
				<point>518.000000,174.000000</point>
				<point>552.000000,116.000000</point>
				<point>533.000000,104.000000</point>
				<point>499.000000,162.000000</point>
				<point>518.000000,174.000000</point>
			</points>
		</object>
		<object>
			<coordinate>pixel</coordinate>
			<type>rectangle</type>
			<description>None</description>
			<possibleresult>
				<name>Dry Cargo Ship</name>
			</possibleresult>
			<points>
				<point>407.000000,265.000000</point>
				<point>382.000000,300.000000</point>
				<point>392.000000,309.000000</point>
				<point>420.000000,274.000000</point>
				<point>407.000000,265.000000</point>
			</points>
		</object>
		<object>
			<coordinate>pixel</coordinate>
			<type>rectangle</type>
			<description>None</description>
			<possibleresult>
				<name>Dry Cargo Ship</name>
			</possibleresult>
			<points>
				<point>422.000000,270.000000</point>
				<point>397.000000,302.000000</point>
				<point>409.000000,312.000000</point>
				<point>435.000000,280.000000</point>
				<point>422.000000,270.000000</point>
			</points>
		</object>
		<object>
			<coordinate>pixel</coordinate>
			<type>rectangle</type>
			<description>None</description>
			<possibleresult>
				<name>Dry Cargo Ship</name>
			</possibleresult>
			<points>
				<point>440.000000,274.000000</point>
				<point>415.000000,307.000000</point>
				<point>430.000000,319.000000</point>
				<point>456.000000,285.000000</point>
				<point>440.000000,274.000000</point>
			</points>
		</object>
		<object>
			<coordinate>pixel</coordinate>
			<type>rectangle</type>
			<description>None</description>
			<possibleresult>
				<name>Dry Cargo Ship</name>
			</possibleresult>
			<points>
				<point>453.000000,199.000000</point>
				<point>428.000000,232.000000</point>
				<point>442.000000,242.000000</point>
				<point>466.000000,209.000000</point>
				<point>453.000000,199.000000</point>
			</points>
		</object>
		<object>
			<coordinate>pixel</coordinate>
			<type>rectangle</type>
			<description>None</description>
			<possibleresult>
				<name>Dry Cargo Ship</name>
			</possibleresult>
			<points>
				<point>474.000000,164.000000</point>
				<point>451.000000,200.000000</point>
				<point>466.000000,210.000000</point>
				<point>489.000000,175.000000</point>
				<point>474.000000,164.000000</point>
			</points>
		</object>
		<object>
			<coordinate>pixel</coordinate>
			<type>rectangle</type>
			<description>None</description>
			<possibleresult>
				<name>Dry Cargo Ship</name>
			</possibleresult>
			<points>
				<point>727.000000,58.000000</point>
				<point>714.000000,92.000000</point>
				<point>729.000000,98.000000</point>
				<point>743.000000,64.000000</point>
				<point>727.000000,58.000000</point>
			</points>
		</object>
		<object>
			<coordinate>pixel</coordinate>
			<type>rectangle</type>
			<description>None</description>
			<possibleresult>
				<name>Dry Cargo Ship</name>
			</possibleresult>
			<points>
				<point>744.000000,59.000000</point>
				<point>731.000000,95.000000</point>
				<point>748.000000,101.000000</point>
				<point>762.000000,66.000000</point>
				<point>744.000000,59.000000</point>
			</points>
		</object>
		<object>
			<coordinate>pixel</coordinate>
			<type>rectangle</type>
			<description>None</description>
			<possibleresult>
				<name>Dry Cargo Ship</name>
			</possibleresult>
			<points>
				<point>744.000000,20.000000</point>
				<point>729.000000,58.000000</point>
				<point>744.000000,64.000000</point>
				<point>760.000000,26.000000</point>
				<point>744.000000,20.000000</point>
			</points>
		</object>
		<object>
			<coordinate>pixel</coordinate>
			<type>rectangle</type>
			<description>None</description>
			<possibleresult>
				<name>Dry Cargo Ship</name>
			</possibleresult>
			<points>
				<point>760.000000,26.000000</point>
				<point>746.000000,59.000000</point>
				<point>764.000000,67.000000</point>
				<point>779.000000,34.000000</point>
				<point>760.000000,26.000000</point>
			</points>
		</object>
		<object>
			<coordinate>pixel</coordinate>
			<type>rectangle</type>
			<description>None</description>
			<possibleresult>
				<name>Dry Cargo Ship</name>
			</possibleresult>
			<points>
				<point>1321.000000,-6.000000</point>
				<point>1294.000000,35.000000</point>
				<point>1310.000000,46.000000</point>
				<point>1337.000000,4.000000</point>
				<point>1321.000000,-6.000000</point>
			</points>
		</object>
		<object>
			<coordinate>pixel</coordinate>
			<type>rectangle</type>
			<description>None</description>
			<possibleresult>
				<name>Dry Cargo Ship</name>
			</possibleresult>
			<points>
				<point>1295.000000,-9.000000</point>
				<point>1268.000000,32.000000</point>
				<point>1284.000000,43.000000</point>
				<point>1312.000000,1.000000</point>
				<point>1295.000000,-9.000000</point>
			</points>
		</object>
	</objects>
</annotation>