<?xml version="1.0" encoding="utf-8"?>
<annotation>
	<source>
		<filename>1252.tif</filename>
		<origin>GF2/GF3</origin>
	</source>
	<research>
		<version>1.0</version>
		<provider>FAIR1M</provider>
		<author>Cyber</author>
		<pluginname>FAIR1M</pluginname>
		<pluginclass>object detection</pluginclass>
		<time>2021-07-21</time>
	</research>
	<size>
		<width>1500</width>
		<height>1500</height>
		<depth>3</depth>
	</size>
	<objects>
		<object>
			<coordinate>pixel</coordinate>
			<type>rectangle</type>
			<description>None</description>
			<possibleresult>
				<name>Dry Cargo Ship</name>
			</possibleresult>
			<points>
				<point>295.000000,1478.000000</point>
				<point>235.000000,1445.000000</point>
				<point>226.000000,1462.000000</point>
				<point>285.000000,1495.000000</point>
				<point>295.000000,1478.000000</point>
			</points>
		</object>
		<object>
			<coordinate>pixel</coordinate>
			<type>rectangle</type>
			<description>None</description>
			<possibleresult>
				<name>Dry Cargo Ship</name>
			</possibleresult>
			<points>
				<point>314.000000,1462.000000</point>
				<point>250.000000,1428.000000</point>
				<point>240.000000,1446.000000</point>
				<point>302.000000,1482.000000</point>
				<point>314.000000,1462.000000</point>
			</points>
		</object>
		<object>
			<coordinate>pixel</coordinate>
			<type>rectangle</type>
			<description>None</description>
			<possibleresult>
				<name>Dry Cargo Ship</name>
			</possibleresult>
			<points>
				<point>300.000000,1436.000000</point>
				<point>259.000000,1413.000000</point>
				<point>251.000000,1428.000000</point>
				<point>292.000000,1450.000000</point>
				<point>300.000000,1436.000000</point>
			</points>
		</object>
		<object>
			<coordinate>pixel</coordinate>
			<type>rectangle</type>
			<description>None</description>
			<possibleresult>
				<name>Dry Cargo Ship</name>
			</possibleresult>
			<points>
				<point>311.000000,1415.000000</point>
				<point>270.000000,1392.000000</point>
				<point>259.000000,1411.000000</point>
				<point>300.000000,1435.000000</point>
				<point>311.000000,1415.000000</point>
			</points>
		</object>
		<object>
			<coordinate>pixel</coordinate>
			<type>rectangle</type>
			<description>None</description>
			<possibleresult>
				<name>Dry Cargo Ship</name>
			</possibleresult>
			<points>
				<point>416.000000,1357.000000</point>
				<point>375.000000,1336.000000</point>
				<point>368.000000,1350.000000</point>
				<point>407.000000,1372.000000</point>
				<point>416.000000,1357.000000</point>
			</points>
		</object>
		<object>
			<coordinate>pixel</coordinate>
			<type>rectangle</type>
			<description>None</description>
			<possibleresult>
				<name>Engineering Ship</name>
			</possibleresult>
			<points>
				<point>436.000000,1388.000000</point>
				<point>396.000000,1367.000000</point>
				<point>388.000000,1379.000000</point>
				<point>428.000000,1403.000000</point>
				<point>436.000000,1388.000000</point>
			</points>
		</object>
		<object>
			<coordinate>pixel</coordinate>
			<type>rectangle</type>
			<description>None</description>
			<possibleresult>
				<name>Dry Cargo Ship</name>
			</possibleresult>
			<points>
				<point>441.000000,1381.000000</point>
				<point>416.000000,1367.000000</point>
				<point>411.000000,1372.000000</point>
				<point>438.000000,1387.000000</point>
				<point>441.000000,1381.000000</point>
			</points>
		</object>
		<object>
			<coordinate>pixel</coordinate>
			<type>rectangle</type>
			<description>None</description>
			<possibleresult>
				<name>Dry Cargo Ship</name>
			</possibleresult>
			<points>
				<point>445.000000,1356.000000</point>
				<point>392.000000,1327.000000</point>
				<point>383.000000,1340.000000</point>
				<point>436.000000,1370.000000</point>
				<point>445.000000,1356.000000</point>
			</points>
		</object>
		<object>
			<coordinate>pixel</coordinate>
			<type>rectangle</type>
			<description>None</description>
			<possibleresult>
				<name>Dry Cargo Ship</name>
			</possibleresult>
			<points>
				<point>345.000000,1343.000000</point>
				<point>309.000000,1322.000000</point>
				<point>302.000000,1335.000000</point>
				<point>338.000000,1354.000000</point>
				<point>345.000000,1343.000000</point>
			</points>
		</object>
		<object>
			<coordinate>pixel</coordinate>
			<type>rectangle</type>
			<description>None</description>
			<possibleresult>
				<name>Dry Cargo Ship</name>
			</possibleresult>
			<points>
				<point>376.000000,1337.000000</point>
				<point>334.000000,1313.000000</point>
				<point>326.000000,1328.000000</point>
				<point>369.000000,1352.000000</point>
				<point>376.000000,1337.000000</point>
			</points>
		</object>
		<object>
			<coordinate>pixel</coordinate>
			<type>rectangle</type>
			<description>None</description>
			<possibleresult>
				<name>Dry Cargo Ship</name>
			</possibleresult>
			<points>
				<point>394.000000,1321.000000</point>
				<point>325.000000,1282.000000</point>
				<point>316.000000,1300.000000</point>
				<point>383.000000,1337.000000</point>
				<point>394.000000,1321.000000</point>
			</points>
		</object>
		<object>
			<coordinate>pixel</coordinate>
			<type>rectangle</type>
			<description>None</description>
			<possibleresult>
				<name>Dry Cargo Ship</name>
			</possibleresult>
			<points>
				<point>429.000000,1339.000000</point>
				<point>401.000000,1323.000000</point>
				<point>399.000000,1329.000000</point>
				<point>426.000000,1345.000000</point>
				<point>429.000000,1339.000000</point>
			</points>
		</object>
		<object>
			<coordinate>pixel</coordinate>
			<type>rectangle</type>
			<description>None</description>
			<possibleresult>
				<name>Dry Cargo Ship</name>
			</possibleresult>
			<points>
				<point>434.000000,1319.000000</point>
				<point>389.000000,1293.000000</point>
				<point>379.000000,1309.000000</point>
				<point>425.000000,1335.000000</point>
				<point>434.000000,1319.000000</point>
			</points>
		</object>
		<object>
			<coordinate>pixel</coordinate>
			<type>rectangle</type>
			<description>None</description>
			<possibleresult>
				<name>Dry Cargo Ship</name>
			</possibleresult>
			<points>
				<point>367.000000,1285.000000</point>
				<point>333.000000,1265.000000</point>
				<point>325.000000,1280.000000</point>
				<point>358.000000,1298.000000</point>
				<point>367.000000,1285.000000</point>
			</points>
		</object>
		<object>
			<coordinate>pixel</coordinate>
			<type>rectangle</type>
			<description>None</description>
			<possibleresult>
				<name>Dry Cargo Ship</name>
			</possibleresult>
			<points>
				<point>332.000000,1312.000000</point>
				<point>315.000000,1302.000000</point>
				<point>306.000000,1317.000000</point>
				<point>325.000000,1327.000000</point>
				<point>332.000000,1312.000000</point>
			</points>
		</object>
		<object>
			<coordinate>pixel</coordinate>
			<type>rectangle</type>
			<description>None</description>
			<possibleresult>
				<name>Dry Cargo Ship</name>
			</possibleresult>
			<points>
				<point>388.000000,1295.000000</point>
				<point>367.000000,1284.000000</point>
				<point>358.000000,1298.000000</point>
				<point>379.000000,1311.000000</point>
				<point>388.000000,1295.000000</point>
			</points>
		</object>
		<object>
			<coordinate>pixel</coordinate>
			<type>rectangle</type>
			<description>None</description>
			<possibleresult>
				<name>Dry Cargo Ship</name>
			</possibleresult>
			<points>
				<point>382.000000,1281.000000</point>
				<point>341.000000,1259.000000</point>
				<point>336.000000,1265.000000</point>
				<point>378.000000,1288.000000</point>
				<point>382.000000,1281.000000</point>
			</points>
		</object>
		<object>
			<coordinate>pixel</coordinate>
			<type>rectangle</type>
			<description>None</description>
			<possibleresult>
				<name>Engineering Ship</name>
			</possibleresult>
			<points>
				<point>395.000000,1367.000000</point>
				<point>353.000000,1344.000000</point>
				<point>345.000000,1360.000000</point>
				<point>385.000000,1382.000000</point>
				<point>395.000000,1367.000000</point>
			</points>
		</object>
		<object>
			<coordinate>pixel</coordinate>
			<type>rectangle</type>
			<description>None</description>
			<possibleresult>
				<name>Dry Cargo Ship</name>
			</possibleresult>
			<points>
				<point>385.000000,1387.000000</point>
				<point>344.000000,1362.000000</point>
				<point>335.000000,1377.000000</point>
				<point>377.000000,1401.000000</point>
				<point>385.000000,1387.000000</point>
			</points>
		</object>
		<object>
			<coordinate>pixel</coordinate>
			<type>rectangle</type>
			<description>None</description>
			<possibleresult>
				<name>Engineering Ship</name>
			</possibleresult>
			<points>
				<point>402.000000,1263.000000</point>
				<point>356.000000,1237.000000</point>
				<point>346.000000,1257.000000</point>
				<point>391.000000,1284.000000</point>
				<point>402.000000,1263.000000</point>
			</points>
		</object>
		<object>
			<coordinate>pixel</coordinate>
			<type>rectangle</type>
			<description>None</description>
			<possibleresult>
				<name>Dry Cargo Ship</name>
			</possibleresult>
			<points>
				<point>435.000000,1286.000000</point>
				<point>400.000000,1265.000000</point>
				<point>396.000000,1273.000000</point>
				<point>430.000000,1294.000000</point>
				<point>435.000000,1286.000000</point>
			</points>
		</object>
		<object>
			<coordinate>pixel</coordinate>
			<type>rectangle</type>
			<description>None</description>
			<possibleresult>
				<name>Dry Cargo Ship</name>
			</possibleresult>
			<points>
				<point>447.000000,1262.000000</point>
				<point>363.000000,1214.000000</point>
				<point>351.000000,1235.000000</point>
				<point>434.000000,1281.000000</point>
				<point>447.000000,1262.000000</point>
			</points>
		</object>
		<object>
			<coordinate>pixel</coordinate>
			<type>rectangle</type>
			<description>None</description>
			<possibleresult>
				<name>Dry Cargo Ship</name>
			</possibleresult>
			<points>
				<point>435.000000,1232.000000</point>
				<point>379.000000,1202.000000</point>
				<point>372.000000,1218.000000</point>
				<point>426.000000,1248.000000</point>
				<point>435.000000,1232.000000</point>
			</points>
		</object>
		<object>
			<coordinate>pixel</coordinate>
			<type>rectangle</type>
			<description>None</description>
			<possibleresult>
				<name>Dry Cargo Ship</name>
			</possibleresult>
			<points>
				<point>426.000000,1253.000000</point>
				<point>484.000000,1294.000000</point>
				<point>495.000000,1279.000000</point>
				<point>436.000000,1237.000000</point>
				<point>426.000000,1253.000000</point>
			</points>
		</object>
		<object>
			<coordinate>pixel</coordinate>
			<type>rectangle</type>
			<description>None</description>
			<possibleresult>
				<name>Engineering Ship</name>
			</possibleresult>
			<points>
				<point>521.000000,1267.000000</point>
				<point>480.000000,1244.000000</point>
				<point>470.000000,1262.000000</point>
				<point>510.000000,1286.000000</point>
				<point>521.000000,1267.000000</point>
			</points>
		</object>
		<object>
			<coordinate>pixel</coordinate>
			<type>rectangle</type>
			<description>None</description>
			<possibleresult>
				<name>Dry Cargo Ship</name>
			</possibleresult>
			<points>
				<point>477.000000,1220.000000</point>
				<point>386.000000,1169.000000</point>
				<point>372.000000,1195.000000</point>
				<point>463.000000,1246.000000</point>
				<point>477.000000,1220.000000</point>
			</points>
		</object>
		<object>
			<coordinate>pixel</coordinate>
			<type>rectangle</type>
			<description>None</description>
			<possibleresult>
				<name>Dry Cargo Ship</name>
			</possibleresult>
			<points>
				<point>440.000000,1197.000000</point>
				<point>484.000000,1220.000000</point>
				<point>490.000000,1210.000000</point>
				<point>445.000000,1187.000000</point>
				<point>440.000000,1197.000000</point>
			</points>
		</object>
		<object>
			<coordinate>pixel</coordinate>
			<type>rectangle</type>
			<description>None</description>
			<possibleresult>
				<name>Dry Cargo Ship</name>
			</possibleresult>
			<points>
				<point>506.000000,1087.000000</point>
				<point>454.000000,1059.000000</point>
				<point>445.000000,1077.000000</point>
				<point>497.000000,1105.000000</point>
				<point>506.000000,1087.000000</point>
			</points>
		</object>
		<object>
			<coordinate>pixel</coordinate>
			<type>rectangle</type>
			<description>None</description>
			<possibleresult>
				<name>Engineering Ship</name>
			</possibleresult>
			<points>
				<point>507.000000,1069.000000</point>
				<point>468.000000,1046.000000</point>
				<point>459.000000,1061.000000</point>
				<point>500.000000,1082.000000</point>
				<point>507.000000,1069.000000</point>
			</points>
		</object>
		<object>
			<coordinate>pixel</coordinate>
			<type>rectangle</type>
			<description>None</description>
			<possibleresult>
				<name>Dry Cargo Ship</name>
			</possibleresult>
			<points>
				<point>517.000000,1054.000000</point>
				<point>476.000000,1031.000000</point>
				<point>469.000000,1045.000000</point>
				<point>508.000000,1069.000000</point>
				<point>517.000000,1054.000000</point>
			</points>
		</object>
		<object>
			<coordinate>pixel</coordinate>
			<type>rectangle</type>
			<description>None</description>
			<possibleresult>
				<name>Dry Cargo Ship</name>
			</possibleresult>
			<points>
				<point>500.000000,1037.000000</point>
				<point>476.000000,1025.000000</point>
				<point>475.000000,1029.000000</point>
				<point>498.000000,1042.000000</point>
				<point>500.000000,1037.000000</point>
			</points>
		</object>
		<object>
			<coordinate>pixel</coordinate>
			<type>rectangle</type>
			<description>None</description>
			<possibleresult>
				<name>Dry Cargo Ship</name>
			</possibleresult>
			<points>
				<point>505.000000,1035.000000</point>
				<point>481.000000,1018.000000</point>
				<point>478.000000,1021.000000</point>
				<point>503.000000,1038.000000</point>
				<point>505.000000,1035.000000</point>
			</points>
		</object>
		<object>
			<coordinate>pixel</coordinate>
			<type>rectangle</type>
			<description>None</description>
			<possibleresult>
				<name>Engineering Ship</name>
			</possibleresult>
			<points>
				<point>550.000000,1000.000000</point>
				<point>503.000000,972.000000</point>
				<point>492.000000,995.000000</point>
				<point>539.000000,1021.000000</point>
				<point>550.000000,1000.000000</point>
			</points>
		</object>
		<object>
			<coordinate>pixel</coordinate>
			<type>rectangle</type>
			<description>None</description>
			<possibleresult>
				<name>Dry Cargo Ship</name>
			</possibleresult>
			<points>
				<point>504.000000,972.000000</point>
				<point>580.000000,1015.000000</point>
				<point>593.000000,995.000000</point>
				<point>516.000000,952.000000</point>
				<point>504.000000,972.000000</point>
			</points>
		</object>
		<object>
			<coordinate>pixel</coordinate>
			<type>rectangle</type>
			<description>None</description>
			<possibleresult>
				<name>Engineering Ship</name>
			</possibleresult>
			<points>
				<point>527.000000,1027.000000</point>
				<point>492.000000,1000.000000</point>
				<point>480.000000,1014.000000</point>
				<point>517.000000,1042.000000</point>
				<point>527.000000,1027.000000</point>
			</points>
		</object>
		<object>
			<coordinate>pixel</coordinate>
			<type>rectangle</type>
			<description>None</description>
			<possibleresult>
				<name>Dry Cargo Ship</name>
			</possibleresult>
			<points>
				<point>539.000000,1022.000000</point>
				<point>511.000000,1007.000000</point>
				<point>507.000000,1013.000000</point>
				<point>534.000000,1029.000000</point>
				<point>539.000000,1022.000000</point>
			</points>
		</object>
		<object>
			<coordinate>pixel</coordinate>
			<type>rectangle</type>
			<description>None</description>
			<possibleresult>
				<name>Dry Cargo Ship</name>
			</possibleresult>
			<points>
				<point>511.000000,1006.000000</point>
				<point>495.000000,996.000000</point>
				<point>492.000000,1002.000000</point>
				<point>509.000000,1012.000000</point>
				<point>511.000000,1006.000000</point>
			</points>
		</object>
		<object>
			<coordinate>pixel</coordinate>
			<type>rectangle</type>
			<description>None</description>
			<possibleresult>
				<name>Dry Cargo Ship</name>
			</possibleresult>
			<points>
				<point>538.000000,913.000000</point>
				<point>644.000000,970.000000</point>
				<point>657.000000,945.000000</point>
				<point>550.000000,887.000000</point>
				<point>538.000000,913.000000</point>
			</points>
		</object>
		<object>
			<coordinate>pixel</coordinate>
			<type>rectangle</type>
			<description>None</description>
			<possibleresult>
				<name>Dry Cargo Ship</name>
			</possibleresult>
			<points>
				<point>520.000000,1130.000000</point>
				<point>451.000000,1077.000000</point>
				<point>436.000000,1095.000000</point>
				<point>504.000000,1150.000000</point>
				<point>520.000000,1130.000000</point>
			</points>
		</object>
		<object>
			<coordinate>pixel</coordinate>
			<type>rectangle</type>
			<description>None</description>
			<possibleresult>
				<name>Engineering Ship</name>
			</possibleresult>
			<points>
				<point>472.000000,1128.000000</point>
				<point>433.000000,1097.000000</point>
				<point>420.000000,1112.000000</point>
				<point>458.000000,1144.000000</point>
				<point>472.000000,1128.000000</point>
			</points>
		</object>
		<object>
			<coordinate>pixel</coordinate>
			<type>rectangle</type>
			<description>None</description>
			<possibleresult>
				<name>Dry Cargo Ship</name>
			</possibleresult>
			<points>
				<point>445.000000,1135.000000</point>
				<point>425.000000,1119.000000</point>
				<point>422.000000,1122.000000</point>
				<point>442.000000,1138.000000</point>
				<point>445.000000,1135.000000</point>
			</points>
		</object>
		<object>
			<coordinate>pixel</coordinate>
			<type>rectangle</type>
			<description>None</description>
			<possibleresult>
				<name>Dry Cargo Ship</name>
			</possibleresult>
			<points>
				<point>482.000000,1170.000000</point>
				<point>404.000000,1144.000000</point>
				<point>397.000000,1165.000000</point>
				<point>475.000000,1193.000000</point>
				<point>482.000000,1170.000000</point>
			</points>
		</object>
		<object>
			<coordinate>pixel</coordinate>
			<type>rectangle</type>
			<description>None</description>
			<possibleresult>
				<name>Dry Cargo Ship</name>
			</possibleresult>
			<points>
				<point>455.000000,1159.000000</point>
				<point>486.000000,1169.000000</point>
				<point>490.000000,1160.000000</point>
				<point>458.000000,1150.000000</point>
				<point>455.000000,1159.000000</point>
			</points>
		</object>
		<object>
			<coordinate>pixel</coordinate>
			<type>rectangle</type>
			<description>None</description>
			<possibleresult>
				<name>Dry Cargo Ship</name>
			</possibleresult>
			<points>
				<point>407.000000,1142.000000</point>
				<point>449.000000,1156.000000</point>
				<point>452.000000,1147.000000</point>
				<point>410.000000,1132.000000</point>
				<point>407.000000,1142.000000</point>
			</points>
		</object>
		<object>
			<coordinate>pixel</coordinate>
			<type>rectangle</type>
			<description>None</description>
			<possibleresult>
				<name>Dry Cargo Ship</name>
			</possibleresult>
			<points>
				<point>474.000000,1311.000000</point>
				<point>409.000000,1284.000000</point>
				<point>401.000000,1302.000000</point>
				<point>466.000000,1329.000000</point>
				<point>474.000000,1311.000000</point>
			</points>
		</object>
		<object>
			<coordinate>pixel</coordinate>
			<type>rectangle</type>
			<description>None</description>
			<possibleresult>
				<name>Dry Cargo Ship</name>
			</possibleresult>
			<points>
				<point>444.000000,1281.000000</point>
				<point>478.000000,1306.000000</point>
				<point>486.000000,1296.000000</point>
				<point>450.000000,1271.000000</point>
				<point>444.000000,1281.000000</point>
			</points>
		</object>
		<object>
			<coordinate>pixel</coordinate>
			<type>rectangle</type>
			<description>None</description>
			<possibleresult>
				<name>Dry Cargo Ship</name>
			</possibleresult>
			<points>
				<point>360.000000,1451.000000</point>
				<point>307.000000,1427.000000</point>
				<point>298.000000,1446.000000</point>
				<point>350.000000,1470.000000</point>
				<point>360.000000,1451.000000</point>
			</points>
		</object>
		<object>
			<coordinate>pixel</coordinate>
			<type>rectangle</type>
			<description>None</description>
			<possibleresult>
				<name>Dry Cargo Ship</name>
			</possibleresult>
			<points>
				<point>458.000000,1420.000000</point>
				<point>391.000000,1382.000000</point>
				<point>380.000000,1401.000000</point>
				<point>449.000000,1437.000000</point>
				<point>458.000000,1420.000000</point>
			</points>
		</object>
		<object>
			<coordinate>pixel</coordinate>
			<type>rectangle</type>
			<description>None</description>
			<possibleresult>
				<name>Dry Cargo Ship</name>
			</possibleresult>
			<points>
				<point>331.000000,1385.000000</point>
				<point>293.000000,1347.000000</point>
				<point>281.000000,1359.000000</point>
				<point>321.000000,1395.000000</point>
				<point>331.000000,1385.000000</point>
			</points>
		</object>
		<object>
			<coordinate>pixel</coordinate>
			<type>rectangle</type>
			<description>None</description>
			<possibleresult>
				<name>Dry Cargo Ship</name>
			</possibleresult>
			<points>
				<point>319.000000,1397.000000</point>
				<point>284.000000,1365.000000</point>
				<point>274.000000,1378.000000</point>
				<point>306.000000,1410.000000</point>
				<point>319.000000,1397.000000</point>
			</points>
		</object>
		<object>
			<coordinate>pixel</coordinate>
			<type>rectangle</type>
			<description>None</description>
			<possibleresult>
				<name>Dry Cargo Ship</name>
			</possibleresult>
			<points>
				<point>370.000000,1438.000000</point>
				<point>347.000000,1428.000000</point>
				<point>344.000000,1434.000000</point>
				<point>367.000000,1444.000000</point>
				<point>370.000000,1438.000000</point>
			</points>
		</object>
		<object>
			<coordinate>pixel</coordinate>
			<type>rectangle</type>
			<description>None</description>
			<possibleresult>
				<name>Dry Cargo Ship</name>
			</possibleresult>
			<points>
				<point>369.000000,1426.000000</point>
				<point>338.000000,1412.000000</point>
				<point>333.000000,1420.000000</point>
				<point>365.000000,1435.000000</point>
				<point>369.000000,1426.000000</point>
			</points>
		</object>
		<object>
			<coordinate>pixel</coordinate>
			<type>rectangle</type>
			<description>None</description>
			<possibleresult>
				<name>Dry Cargo Ship</name>
			</possibleresult>
			<points>
				<point>367.000000,1395.000000</point>
				<point>336.000000,1380.000000</point>
				<point>325.000000,1403.000000</point>
				<point>356.000000,1418.000000</point>
				<point>367.000000,1395.000000</point>
			</points>
		</object>
		<object>
			<coordinate>pixel</coordinate>
			<type>rectangle</type>
			<description>None</description>
			<possibleresult>
				<name>Dry Cargo Ship</name>
			</possibleresult>
			<points>
				<point>317.000000,1398.000000</point>
				<point>328.000000,1425.000000</point>
				<point>336.000000,1420.000000</point>
				<point>325.000000,1395.000000</point>
				<point>317.000000,1398.000000</point>
			</points>
		</object>
		<object>
			<coordinate>pixel</coordinate>
			<type>rectangle</type>
			<description>None</description>
			<possibleresult>
				<name>Dry Cargo Ship</name>
			</possibleresult>
			<points>
				<point>335.000000,1464.000000</point>
				<point>295.000000,1445.000000</point>
				<point>292.000000,1453.000000</point>
				<point>332.000000,1471.000000</point>
				<point>335.000000,1464.000000</point>
			</points>
		</object>
		<object>
			<coordinate>pixel</coordinate>
			<type>rectangle</type>
			<description>None</description>
			<possibleresult>
				<name>Dry Cargo Ship</name>
			</possibleresult>
			<points>
				<point>311.000000,1473.000000</point>
				<point>345.000000,1485.000000</point>
				<point>348.000000,1476.000000</point>
				<point>315.000000,1464.000000</point>
				<point>311.000000,1473.000000</point>
			</points>
		</object>
		<object>
			<coordinate>pixel</coordinate>
			<type>rectangle</type>
			<description>None</description>
			<possibleresult>
				<name>Dry Cargo Ship</name>
			</possibleresult>
			<points>
				<point>357.000000,1493.000000</point>
				<point>331.000000,1480.000000</point>
				<point>327.000000,1489.000000</point>
				<point>352.000000,1502.000000</point>
				<point>357.000000,1493.000000</point>
			</points>
		</object>
		<object>
			<coordinate>pixel</coordinate>
			<type>rectangle</type>
			<description>None</description>
			<possibleresult>
				<name>Tugboat</name>
			</possibleresult>
			<points>
				<point>691.000000,768.000000</point>
				<point>679.000000,809.000000</point>
				<point>690.000000,811.000000</point>
				<point>700.000000,770.000000</point>
				<point>691.000000,768.000000</point>
			</points>
		</object>
		<object>
			<coordinate>pixel</coordinate>
			<type>rectangle</type>
			<description>None</description>
			<possibleresult>
				<name>Tugboat</name>
			</possibleresult>
			<points>
				<point>703.000000,760.000000</point>
				<point>693.000000,811.000000</point>
				<point>705.000000,813.000000</point>
				<point>718.000000,762.000000</point>
				<point>703.000000,760.000000</point>
			</points>
		</object>
		<object>
			<coordinate>pixel</coordinate>
			<type>rectangle</type>
			<description>None</description>
			<possibleresult>
				<name>Tugboat</name>
			</possibleresult>
			<points>
				<point>710.000000,771.000000</point>
				<point>714.000000,813.000000</point>
				<point>725.000000,812.000000</point>
				<point>722.000000,770.000000</point>
				<point>710.000000,771.000000</point>
			</points>
		</object>
		<object>
			<coordinate>pixel</coordinate>
			<type>rectangle</type>
			<description>None</description>
			<possibleresult>
				<name>Tugboat</name>
			</possibleresult>
			<points>
				<point>723.000000,768.000000</point>
				<point>726.000000,807.000000</point>
				<point>738.000000,806.000000</point>
				<point>734.000000,767.000000</point>
				<point>723.000000,768.000000</point>
			</points>
		</object>
		<object>
			<coordinate>pixel</coordinate>
			<type>rectangle</type>
			<description>None</description>
			<possibleresult>
				<name>Tugboat</name>
			</possibleresult>
			<points>
				<point>736.000000,767.000000</point>
				<point>740.000000,809.000000</point>
				<point>751.000000,807.000000</point>
				<point>748.000000,765.000000</point>
				<point>736.000000,767.000000</point>
			</points>
		</object>
		<object>
			<coordinate>pixel</coordinate>
			<type>rectangle</type>
			<description>None</description>
			<possibleresult>
				<name>Tugboat</name>
			</possibleresult>
			<points>
				<point>749.000000,771.000000</point>
				<point>755.000000,807.000000</point>
				<point>769.000000,804.000000</point>
				<point>760.000000,770.000000</point>
				<point>749.000000,771.000000</point>
			</points>
		</object>
		<object>
			<coordinate>pixel</coordinate>
			<type>rectangle</type>
			<description>None</description>
			<possibleresult>
				<name>Tugboat</name>
			</possibleresult>
			<points>
				<point>705.000000,811.000000</point>
				<point>700.000000,852.000000</point>
				<point>709.000000,854.000000</point>
				<point>716.000000,812.000000</point>
				<point>705.000000,811.000000</point>
			</points>
		</object>
		<object>
			<coordinate>pixel</coordinate>
			<type>rectangle</type>
			<description>None</description>
			<possibleresult>
				<name>Tugboat</name>
			</possibleresult>
			<points>
				<point>711.000000,815.000000</point>
				<point>716.000000,862.000000</point>
				<point>728.000000,861.000000</point>
				<point>725.000000,814.000000</point>
				<point>711.000000,815.000000</point>
			</points>
		</object>
		<object>
			<coordinate>pixel</coordinate>
			<type>rectangle</type>
			<description>None</description>
			<possibleresult>
				<name>Tugboat</name>
			</possibleresult>
			<points>
				<point>724.000000,806.000000</point>
				<point>728.000000,860.000000</point>
				<point>744.000000,859.000000</point>
				<point>739.000000,805.000000</point>
				<point>724.000000,806.000000</point>
			</points>
		</object>
		<object>
			<coordinate>pixel</coordinate>
			<type>rectangle</type>
			<description>None</description>
			<possibleresult>
				<name>Tugboat</name>
			</possibleresult>
			<points>
				<point>741.000000,806.000000</point>
				<point>744.000000,848.000000</point>
				<point>754.000000,847.000000</point>
				<point>750.000000,805.000000</point>
				<point>741.000000,806.000000</point>
			</points>
		</object>
		<object>
			<coordinate>pixel</coordinate>
			<type>rectangle</type>
			<description>None</description>
			<possibleresult>
				<name>Tugboat</name>
			</possibleresult>
			<points>
				<point>751.000000,804.000000</point>
				<point>756.000000,856.000000</point>
				<point>768.000000,855.000000</point>
				<point>764.000000,803.000000</point>
				<point>751.000000,804.000000</point>
			</points>
		</object>
		<object>
			<coordinate>pixel</coordinate>
			<type>rectangle</type>
			<description>None</description>
			<possibleresult>
				<name>Tugboat</name>
			</possibleresult>
			<points>
				<point>765.000000,807.000000</point>
				<point>768.000000,846.000000</point>
				<point>782.000000,845.000000</point>
				<point>779.000000,805.000000</point>
				<point>765.000000,807.000000</point>
			</points>
		</object>
		<object>
			<coordinate>pixel</coordinate>
			<type>rectangle</type>
			<description>None</description>
			<possibleresult>
				<name>Motorboat</name>
			</possibleresult>
			<points>
				<point>874.000000,792.000000</point>
				<point>864.000000,810.000000</point>
				<point>868.000000,811.000000</point>
				<point>877.000000,794.000000</point>
				<point>874.000000,792.000000</point>
			</points>
		</object>
		<object>
			<coordinate>pixel</coordinate>
			<type>rectangle</type>
			<description>None</description>
			<possibleresult>
				<name>Motorboat</name>
			</possibleresult>
			<points>
				<point>879.000000,794.000000</point>
				<point>868.000000,814.000000</point>
				<point>872.000000,817.000000</point>
				<point>882.000000,795.000000</point>
				<point>879.000000,794.000000</point>
			</points>
		</object>
		<object>
			<coordinate>pixel</coordinate>
			<type>rectangle</type>
			<description>None</description>
			<possibleresult>
				<name>Motorboat</name>
			</possibleresult>
			<points>
				<point>885.000000,793.000000</point>
				<point>873.000000,817.000000</point>
				<point>877.000000,820.000000</point>
				<point>891.000000,795.000000</point>
				<point>885.000000,793.000000</point>
			</points>
		</object>
		<object>
			<coordinate>pixel</coordinate>
			<type>rectangle</type>
			<description>None</description>
			<possibleresult>
				<name>Motorboat</name>
			</possibleresult>
			<points>
				<point>889.000000,801.000000</point>
				<point>877.000000,820.000000</point>
				<point>882.000000,822.000000</point>
				<point>894.000000,804.000000</point>
				<point>889.000000,801.000000</point>
			</points>
		</object>
		<object>
			<coordinate>pixel</coordinate>
			<type>rectangle</type>
			<description>None</description>
			<possibleresult>
				<name>Motorboat</name>
			</possibleresult>
			<points>
				<point>895.000000,803.000000</point>
				<point>882.000000,823.000000</point>
				<point>888.000000,827.000000</point>
				<point>900.000000,805.000000</point>
				<point>895.000000,803.000000</point>
			</points>
		</object>
		<object>
			<coordinate>pixel</coordinate>
			<type>rectangle</type>
			<description>None</description>
			<possibleresult>
				<name>Motorboat</name>
			</possibleresult>
			<points>
				<point>902.000000,805.000000</point>
				<point>886.000000,828.000000</point>
				<point>891.000000,830.000000</point>
				<point>906.000000,810.000000</point>
				<point>902.000000,805.000000</point>
			</points>
		</object>
		<object>
			<coordinate>pixel</coordinate>
			<type>rectangle</type>
			<description>None</description>
			<possibleresult>
				<name>Motorboat</name>
			</possibleresult>
			<points>
				<point>906.000000,812.000000</point>
				<point>892.000000,831.000000</point>
				<point>896.000000,835.000000</point>
				<point>910.000000,814.000000</point>
				<point>906.000000,812.000000</point>
			</points>
		</object>
		<object>
			<coordinate>pixel</coordinate>
			<type>rectangle</type>
			<description>None</description>
			<possibleresult>
				<name>Motorboat</name>
			</possibleresult>
			<points>
				<point>863.000000,811.000000</point>
				<point>850.000000,834.000000</point>
				<point>854.000000,837.000000</point>
				<point>868.000000,813.000000</point>
				<point>863.000000,811.000000</point>
			</points>
		</object>
		<object>
			<coordinate>pixel</coordinate>
			<type>rectangle</type>
			<description>None</description>
			<possibleresult>
				<name>Motorboat</name>
			</possibleresult>
			<points>
				<point>866.000000,819.000000</point>
				<point>857.000000,834.000000</point>
				<point>864.000000,837.000000</point>
				<point>872.000000,821.000000</point>
				<point>866.000000,819.000000</point>
			</points>
		</object>
		<object>
			<coordinate>pixel</coordinate>
			<type>rectangle</type>
			<description>None</description>
			<possibleresult>
				<name>Motorboat</name>
			</possibleresult>
			<points>
				<point>875.000000,820.000000</point>
				<point>865.000000,837.000000</point>
				<point>868.000000,839.000000</point>
				<point>878.000000,821.000000</point>
				<point>875.000000,820.000000</point>
			</points>
		</object>
		<object>
			<coordinate>pixel</coordinate>
			<type>rectangle</type>
			<description>None</description>
			<possibleresult>
				<name>Motorboat</name>
			</possibleresult>
			<points>
				<point>879.000000,820.000000</point>
				<point>868.000000,843.000000</point>
				<point>873.000000,845.000000</point>
				<point>884.000000,823.000000</point>
				<point>879.000000,820.000000</point>
			</points>
		</object>
		<object>
			<coordinate>pixel</coordinate>
			<type>rectangle</type>
			<description>None</description>
			<possibleresult>
				<name>Motorboat</name>
			</possibleresult>
			<points>
				<point>849.000000,835.000000</point>
				<point>838.000000,854.000000</point>
				<point>842.000000,856.000000</point>
				<point>853.000000,837.000000</point>
				<point>849.000000,835.000000</point>
			</points>
		</object>
		<object>
			<coordinate>pixel</coordinate>
			<type>rectangle</type>
			<description>None</description>
			<possibleresult>
				<name>Motorboat</name>
			</possibleresult>
			<points>
				<point>854.000000,837.000000</point>
				<point>844.000000,856.000000</point>
				<point>848.000000,860.000000</point>
				<point>859.000000,838.000000</point>
				<point>854.000000,837.000000</point>
			</points>
		</object>
		<object>
			<coordinate>pixel</coordinate>
			<type>rectangle</type>
			<description>None</description>
			<possibleresult>
				<name>Motorboat</name>
			</possibleresult>
			<points>
				<point>860.000000,838.000000</point>
				<point>849.000000,860.000000</point>
				<point>854.000000,862.000000</point>
				<point>867.000000,842.000000</point>
				<point>860.000000,838.000000</point>
			</points>
		</object>
		<object>
			<coordinate>pixel</coordinate>
			<type>rectangle</type>
			<description>None</description>
			<possibleresult>
				<name>Motorboat</name>
			</possibleresult>
			<points>
				<point>864.000000,845.000000</point>
				<point>854.000000,862.000000</point>
				<point>859.000000,863.000000</point>
				<point>869.000000,848.000000</point>
				<point>864.000000,845.000000</point>
			</points>
		</object>
		<object>
			<coordinate>pixel</coordinate>
			<type>rectangle</type>
			<description>None</description>
			<possibleresult>
				<name>Motorboat</name>
			</possibleresult>
			<points>
				<point>795.000000,867.000000</point>
				<point>781.000000,889.000000</point>
				<point>788.000000,893.000000</point>
				<point>800.000000,870.000000</point>
				<point>795.000000,867.000000</point>
			</points>
		</object>
		<object>
			<coordinate>pixel</coordinate>
			<type>rectangle</type>
			<description>None</description>
			<possibleresult>
				<name>Motorboat</name>
			</possibleresult>
			<points>
				<point>804.000000,864.000000</point>
				<point>788.000000,895.000000</point>
				<point>795.000000,897.000000</point>
				<point>811.000000,868.000000</point>
				<point>804.000000,864.000000</point>
			</points>
		</object>
		<object>
			<coordinate>pixel</coordinate>
			<type>rectangle</type>
			<description>None</description>
			<possibleresult>
				<name>Motorboat</name>
			</possibleresult>
			<points>
				<point>808.000000,876.000000</point>
				<point>792.000000,905.000000</point>
				<point>798.000000,909.000000</point>
				<point>815.000000,879.000000</point>
				<point>808.000000,876.000000</point>
			</points>
		</object>
		<object>
			<coordinate>pixel</coordinate>
			<type>rectangle</type>
			<description>None</description>
			<possibleresult>
				<name>Motorboat</name>
			</possibleresult>
			<points>
				<point>816.000000,881.000000</point>
				<point>803.000000,904.000000</point>
				<point>808.000000,907.000000</point>
				<point>822.000000,885.000000</point>
				<point>816.000000,881.000000</point>
			</points>
		</object>
		<object>
			<coordinate>pixel</coordinate>
			<type>rectangle</type>
			<description>None</description>
			<possibleresult>
				<name>Motorboat</name>
			</possibleresult>
			<points>
				<point>820.000000,887.000000</point>
				<point>805.000000,912.000000</point>
				<point>813.000000,915.000000</point>
				<point>826.000000,892.000000</point>
				<point>820.000000,887.000000</point>
			</points>
		</object>
		<object>
			<coordinate>pixel</coordinate>
			<type>rectangle</type>
			<description>None</description>
			<possibleresult>
				<name>Motorboat</name>
			</possibleresult>
			<points>
				<point>826.000000,890.000000</point>
				<point>811.000000,918.000000</point>
				<point>820.000000,921.000000</point>
				<point>834.000000,895.000000</point>
				<point>826.000000,890.000000</point>
			</points>
		</object>
		<object>
			<coordinate>pixel</coordinate>
			<type>rectangle</type>
			<description>None</description>
			<possibleresult>
				<name>Motorboat</name>
			</possibleresult>
			<points>
				<point>843.000000,795.000000</point>
				<point>832.000000,812.000000</point>
				<point>839.000000,815.000000</point>
				<point>848.000000,798.000000</point>
				<point>843.000000,795.000000</point>
			</points>
		</object>
		<object>
			<coordinate>pixel</coordinate>
			<type>rectangle</type>
			<description>None</description>
			<possibleresult>
				<name>Motorboat</name>
			</possibleresult>
			<points>
				<point>838.000000,777.000000</point>
				<point>828.000000,793.000000</point>
				<point>833.000000,795.000000</point>
				<point>843.000000,779.000000</point>
				<point>838.000000,777.000000</point>
			</points>
		</object>
		<object>
			<coordinate>pixel</coordinate>
			<type>rectangle</type>
			<description>None</description>
			<possibleresult>
				<name>Motorboat</name>
			</possibleresult>
			<points>
				<point>854.000000,905.000000</point>
				<point>864.000000,875.000000</point>
				<point>857.000000,872.000000</point>
				<point>849.000000,904.000000</point>
				<point>854.000000,905.000000</point>
			</points>
		</object>
		<object>
			<coordinate>pixel</coordinate>
			<type>rectangle</type>
			<description>None</description>
			<possibleresult>
				<name>Motorboat</name>
			</possibleresult>
			<points>
				<point>848.000000,903.000000</point>
				<point>857.000000,870.000000</point>
				<point>850.000000,868.000000</point>
				<point>841.000000,900.000000</point>
				<point>848.000000,903.000000</point>
			</points>
		</object>
		<object>
			<coordinate>pixel</coordinate>
			<type>rectangle</type>
			<description>None</description>
			<possibleresult>
				<name>Motorboat</name>
			</possibleresult>
			<points>
				<point>842.000000,895.000000</point>
				<point>850.000000,868.000000</point>
				<point>845.000000,865.000000</point>
				<point>835.000000,894.000000</point>
				<point>842.000000,895.000000</point>
			</points>
		</object>
		<object>
			<coordinate>pixel</coordinate>
			<type>rectangle</type>
			<description>None</description>
			<possibleresult>
				<name>Motorboat</name>
			</possibleresult>
			<points>
				<point>833.000000,895.000000</point>
				<point>846.000000,863.000000</point>
				<point>840.000000,862.000000</point>
				<point>827.000000,892.000000</point>
				<point>833.000000,895.000000</point>
			</points>
		</object>
		<object>
			<coordinate>pixel</coordinate>
			<type>rectangle</type>
			<description>None</description>
			<possibleresult>
				<name>Motorboat</name>
			</possibleresult>
			<points>
				<point>829.000000,889.000000</point>
				<point>839.000000,860.000000</point>
				<point>833.000000,857.000000</point>
				<point>824.000000,887.000000</point>
				<point>829.000000,889.000000</point>
			</points>
		</object>
		<object>
			<coordinate>pixel</coordinate>
			<type>rectangle</type>
			<description>None</description>
			<possibleresult>
				<name>Motorboat</name>
			</possibleresult>
			<points>
				<point>825.000000,882.000000</point>
				<point>832.000000,855.000000</point>
				<point>826.000000,854.000000</point>
				<point>818.000000,880.000000</point>
				<point>825.000000,882.000000</point>
			</points>
		</object>
		<object>
			<coordinate>pixel</coordinate>
			<type>rectangle</type>
			<description>None</description>
			<possibleresult>
				<name>Motorboat</name>
			</possibleresult>
			<points>
				<point>819.000000,878.000000</point>
				<point>826.000000,853.000000</point>
				<point>820.000000,851.000000</point>
				<point>811.000000,876.000000</point>
				<point>819.000000,878.000000</point>
			</points>
		</object>
		<object>
			<coordinate>pixel</coordinate>
			<type>rectangle</type>
			<description>None</description>
			<possibleresult>
				<name>Motorboat</name>
			</possibleresult>
			<points>
				<point>826.000000,838.000000</point>
				<point>834.000000,818.000000</point>
				<point>830.000000,815.000000</point>
				<point>822.000000,837.000000</point>
				<point>826.000000,838.000000</point>
			</points>
		</object>
		<object>
			<coordinate>pixel</coordinate>
			<type>rectangle</type>
			<description>None</description>
			<possibleresult>
				<name>Motorboat</name>
			</possibleresult>
			<points>
				<point>821.000000,838.000000</point>
				<point>828.000000,818.000000</point>
				<point>824.000000,815.000000</point>
				<point>816.000000,837.000000</point>
				<point>821.000000,838.000000</point>
			</points>
		</object>
		<object>
			<coordinate>pixel</coordinate>
			<type>rectangle</type>
			<description>None</description>
			<possibleresult>
				<name>Motorboat</name>
			</possibleresult>
			<points>
				<point>814.000000,837.000000</point>
				<point>821.000000,818.000000</point>
				<point>816.000000,815.000000</point>
				<point>808.000000,836.000000</point>
				<point>814.000000,837.000000</point>
			</points>
		</object>
		<object>
			<coordinate>pixel</coordinate>
			<type>rectangle</type>
			<description>None</description>
			<possibleresult>
				<name>Motorboat</name>
			</possibleresult>
			<points>
				<point>807.000000,837.000000</point>
				<point>817.000000,812.000000</point>
				<point>810.000000,811.000000</point>
				<point>801.000000,835.000000</point>
				<point>807.000000,837.000000</point>
			</points>
		</object>
		<object>
			<coordinate>pixel</coordinate>
			<type>rectangle</type>
			<description>None</description>
			<possibleresult>
				<name>Motorboat</name>
			</possibleresult>
			<points>
				<point>800.000000,837.000000</point>
				<point>810.000000,810.000000</point>
				<point>805.000000,807.000000</point>
				<point>796.000000,835.000000</point>
				<point>800.000000,837.000000</point>
			</points>
		</object>
		<object>
			<coordinate>pixel</coordinate>
			<type>rectangle</type>
			<description>None</description>
			<possibleresult>
				<name>Motorboat</name>
			</possibleresult>
			<points>
				<point>822.000000,839.000000</point>
				<point>794.000000,837.000000</point>
				<point>793.000000,845.000000</point>
				<point>821.000000,847.000000</point>
				<point>822.000000,839.000000</point>
			</points>
		</object>
		<object>
			<coordinate>pixel</coordinate>
			<type>rectangle</type>
			<description>None</description>
			<possibleresult>
				<name>Motorboat</name>
			</possibleresult>
			<points>
				<point>818.000000,848.000000</point>
				<point>790.000000,845.000000</point>
				<point>790.000000,853.000000</point>
				<point>817.000000,854.000000</point>
				<point>818.000000,848.000000</point>
			</points>
		</object>
		<object>
			<coordinate>pixel</coordinate>
			<type>rectangle</type>
			<description>None</description>
			<possibleresult>
				<name>Motorboat</name>
			</possibleresult>
			<points>
				<point>815.000000,854.000000</point>
				<point>784.000000,857.000000</point>
				<point>785.000000,865.000000</point>
				<point>816.000000,862.000000</point>
				<point>815.000000,854.000000</point>
			</points>
		</object>
		<object>
			<coordinate>pixel</coordinate>
			<type>rectangle</type>
			<description>None</description>
			<possibleresult>
				<name>Motorboat</name>
			</possibleresult>
			<points>
				<point>973.000000,803.000000</point>
				<point>956.000000,807.000000</point>
				<point>958.000000,812.000000</point>
				<point>974.000000,807.000000</point>
				<point>973.000000,803.000000</point>
			</points>
		</object>
		<object>
			<coordinate>pixel</coordinate>
			<type>rectangle</type>
			<description>None</description>
			<possibleresult>
				<name>Motorboat</name>
			</possibleresult>
			<points>
				<point>982.000000,805.000000</point>
				<point>950.000000,815.000000</point>
				<point>952.000000,821.000000</point>
				<point>984.000000,812.000000</point>
				<point>982.000000,805.000000</point>
			</points>
		</object>
		<object>
			<coordinate>pixel</coordinate>
			<type>rectangle</type>
			<description>None</description>
			<possibleresult>
				<name>Motorboat</name>
			</possibleresult>
			<points>
				<point>975.000000,814.000000</point>
				<point>950.000000,822.000000</point>
				<point>951.000000,829.000000</point>
				<point>977.000000,820.000000</point>
				<point>975.000000,814.000000</point>
			</points>
		</object>
		<object>
			<coordinate>pixel</coordinate>
			<type>rectangle</type>
			<description>None</description>
			<possibleresult>
				<name>Motorboat</name>
			</possibleresult>
			<points>
				<point>768.000000,913.000000</point>
				<point>759.000000,929.000000</point>
				<point>766.000000,932.000000</point>
				<point>773.000000,917.000000</point>
				<point>768.000000,913.000000</point>
			</points>
		</object>
		<object>
			<coordinate>pixel</coordinate>
			<type>rectangle</type>
			<description>None</description>
			<possibleresult>
				<name>Fishing Boat</name>
			</possibleresult>
			<points>
				<point>835.000000,1045.000000</point>
				<point>810.000000,1090.000000</point>
				<point>823.000000,1097.000000</point>
				<point>848.000000,1051.000000</point>
				<point>835.000000,1045.000000</point>
			</points>
		</object>
		<object>
			<coordinate>pixel</coordinate>
			<type>rectangle</type>
			<description>None</description>
			<possibleresult>
				<name>Intersection</name>
			</possibleresult>
			<points>
				<point>610.000000,533.000000</point>
				<point>638.000000,481.000000</point>
				<point>588.000000,456.000000</point>
				<point>560.000000,507.000000</point>
				<point>610.000000,533.000000</point>
			</points>
		</object>
		<object>
			<coordinate>pixel</coordinate>
			<type>rectangle</type>
			<description>None</description>
			<possibleresult>
				<name>Intersection</name>
			</possibleresult>
			<points>
				<point>280.000000,362.000000</point>
				<point>308.000000,311.000000</point>
				<point>258.000000,285.000000</point>
				<point>231.000000,336.000000</point>
				<point>280.000000,362.000000</point>
			</points>
		</object>
		<object>
			<coordinate>pixel</coordinate>
			<type>rectangle</type>
			<description>None</description>
			<possibleresult>
				<name>Intersection</name>
			</possibleresult>
			<points>
				<point>65.000000,268.000000</point>
				<point>120.000000,226.000000</point>
				<point>69.000000,162.000000</point>
				<point>15.000000,205.000000</point>
				<point>65.000000,268.000000</point>
			</points>
		</object>
		<object>
			<coordinate>pixel</coordinate>
			<type>rectangle</type>
			<description>None</description>
			<possibleresult>
				<name>Intersection</name>
			</possibleresult>
			<points>
				<point>1137.000000,813.000000</point>
				<point>1165.000000,762.000000</point>
				<point>1115.000000,736.000000</point>
				<point>1088.000000,787.000000</point>
				<point>1137.000000,813.000000</point>
			</points>
		</object>
		<object>
			<coordinate>pixel</coordinate>
			<type>rectangle</type>
			<description>None</description>
			<possibleresult>
				<name>Intersection</name>
			</possibleresult>
			<points>
				<point>1436.000000,1442.000000</point>
				<point>1456.000000,1404.000000</point>
				<point>1417.000000,1384.000000</point>
				<point>1397.000000,1422.000000</point>
				<point>1436.000000,1442.000000</point>
			</points>
		</object>
		<object>
			<coordinate>pixel</coordinate>
			<type>rectangle</type>
			<description>None</description>
			<possibleresult>
				<name>Intersection</name>
			</possibleresult>
			<points>
				<point>195.000000,1258.000000</point>
				<point>211.000000,1228.000000</point>
				<point>184.000000,1214.000000</point>
				<point>168.000000,1244.000000</point>
				<point>195.000000,1258.000000</point>
			</points>
		</object>
		<object>
			<coordinate>pixel</coordinate>
			<type>rectangle</type>
			<description>None</description>
			<possibleresult>
				<name>Intersection</name>
			</possibleresult>
			<points>
				<point>407.000000,862.000000</point>
				<point>424.000000,828.000000</point>
				<point>393.000000,813.000000</point>
				<point>375.000000,845.000000</point>
				<point>407.000000,862.000000</point>
			</points>
		</object>
		<object>
			<coordinate>pixel</coordinate>
			<type>rectangle</type>
			<description>None</description>
			<possibleresult>
				<name>Intersection</name>
			</possibleresult>
			<points>
				<point>74.000000,690.000000</point>
				<point>91.000000,656.000000</point>
				<point>61.000000,640.000000</point>
				<point>43.000000,673.000000</point>
				<point>74.000000,690.000000</point>
			</points>
		</object>
		<object>
			<coordinate>pixel</coordinate>
			<type>rectangle</type>
			<description>None</description>
			<possibleresult>
				<name>Intersection</name>
			</possibleresult>
			<points>
				<point>205.000000,457.000000</point>
				<point>213.000000,441.000000</point>
				<point>186.000000,427.000000</point>
				<point>178.000000,442.000000</point>
				<point>205.000000,457.000000</point>
			</points>
		</object>
		<object>
			<coordinate>pixel</coordinate>
			<type>rectangle</type>
			<description>None</description>
			<possibleresult>
				<name>Intersection</name>
			</possibleresult>
			<points>
				<point>147.000000,563.000000</point>
				<point>155.000000,547.000000</point>
				<point>129.000000,533.000000</point>
				<point>121.000000,549.000000</point>
				<point>147.000000,563.000000</point>
			</points>
		</object>
		<object>
			<coordinate>pixel</coordinate>
			<type>rectangle</type>
			<description>None</description>
			<possibleresult>
				<name>Intersection</name>
			</possibleresult>
			<points>
				<point>452.000000,171.000000</point>
				<point>480.000000,144.000000</point>
				<point>453.000000,118.000000</point>
				<point>427.000000,145.000000</point>
				<point>452.000000,171.000000</point>
			</points>
		</object>
	</objects>
</annotation>