<?xml version="1.0" encoding="utf-8"?>
<annotation>
	<source>
		<filename>1260.tif</filename>
		<origin>GF2/GF3</origin>
	</source>
	<research>
		<version>1.0</version>
		<provider>FAIR1M</provider>
		<author>Cyber</author>
		<pluginname>FAIR1M</pluginname>
		<pluginclass>object detection</pluginclass>
		<time>2021-07-21</time>
	</research>
	<size>
		<width>1000</width>
		<height>1000</height>
		<depth>3</depth>
	</size>
	<objects>
		<object>
			<coordinate>pixel</coordinate>
			<type>rectangle</type>
			<description>None</description>
			<possibleresult>
				<name>Small Car</name>
			</possibleresult>
			<points>
				<point>44.000000,5.000000</point>
				<point>42.000000,14.000000</point>
				<point>18.000000,9.000000</point>
				<point>19.000000,0.000000</point>
				<point>44.000000,5.000000</point>
			</points>
		</object>
		<object>
			<coordinate>pixel</coordinate>
			<type>rectangle</type>
			<description>None</description>
			<possibleresult>
				<name>Van</name>
			</possibleresult>
			<points>
				<point>20.000000,14.000000</point>
				<point>19.000000,32.000000</point>
				<point>10.000000,32.000000</point>
				<point>11.000000,14.000000</point>
				<point>20.000000,14.000000</point>
			</points>
		</object>
		<object>
			<coordinate>pixel</coordinate>
			<type>rectangle</type>
			<description>None</description>
			<possibleresult>
				<name>Small Car</name>
			</possibleresult>
			<points>
				<point>136.000000,26.000000</point>
				<point>113.000000,28.000000</point>
				<point>113.000000,20.000000</point>
				<point>135.000000,17.000000</point>
				<point>136.000000,26.000000</point>
			</points>
		</object>
		<object>
			<coordinate>pixel</coordinate>
			<type>rectangle</type>
			<description>None</description>
			<possibleresult>
				<name>Small Car</name>
			</possibleresult>
			<points>
				<point>395.000000,129.000000</point>
				<point>395.000000,137.000000</point>
				<point>370.000000,135.000000</point>
				<point>371.000000,128.000000</point>
				<point>395.000000,129.000000</point>
			</points>
		</object>
		<object>
			<coordinate>pixel</coordinate>
			<type>rectangle</type>
			<description>None</description>
			<possibleresult>
				<name>Van</name>
			</possibleresult>
			<points>
				<point>458.000000,88.000000</point>
				<point>449.000000,88.000000</point>
				<point>449.000000,71.000000</point>
				<point>458.000000,71.000000</point>
				<point>458.000000,88.000000</point>
			</points>
		</object>
		<object>
			<coordinate>pixel</coordinate>
			<type>rectangle</type>
			<description>None</description>
			<possibleresult>
				<name>Small Car</name>
			</possibleresult>
			<points>
				<point>468.000000,96.000000</point>
				<point>459.000000,96.000000</point>
				<point>459.000000,80.000000</point>
				<point>468.000000,80.000000</point>
				<point>468.000000,96.000000</point>
			</points>
		</object>
		<object>
			<coordinate>pixel</coordinate>
			<type>rectangle</type>
			<description>None</description>
			<possibleresult>
				<name>Small Car</name>
			</possibleresult>
			<points>
				<point>480.000000,155.000000</point>
				<point>479.000000,162.000000</point>
				<point>454.000000,159.000000</point>
				<point>454.000000,151.000000</point>
				<point>480.000000,155.000000</point>
			</points>
		</object>
		<object>
			<coordinate>pixel</coordinate>
			<type>rectangle</type>
			<description>None</description>
			<possibleresult>
				<name>Small Car</name>
			</possibleresult>
			<points>
				<point>166.000000,40.000000</point>
				<point>159.000000,46.000000</point>
				<point>146.000000,31.000000</point>
				<point>152.000000,24.000000</point>
				<point>166.000000,40.000000</point>
			</points>
		</object>
		<object>
			<coordinate>pixel</coordinate>
			<type>rectangle</type>
			<description>None</description>
			<possibleresult>
				<name>Small Car</name>
			</possibleresult>
			<points>
				<point>559.000000,31.000000</point>
				<point>558.000000,49.000000</point>
				<point>548.000000,48.000000</point>
				<point>550.000000,31.000000</point>
				<point>559.000000,31.000000</point>
			</points>
		</object>
		<object>
			<coordinate>pixel</coordinate>
			<type>rectangle</type>
			<description>None</description>
			<possibleresult>
				<name>Small Car</name>
			</possibleresult>
			<points>
				<point>713.000000,70.000000</point>
				<point>711.000000,78.000000</point>
				<point>688.000000,71.000000</point>
				<point>691.000000,64.000000</point>
				<point>713.000000,70.000000</point>
			</points>
		</object>
		<object>
			<coordinate>pixel</coordinate>
			<type>rectangle</type>
			<description>None</description>
			<possibleresult>
				<name>Van</name>
			</possibleresult>
			<points>
				<point>930.000000,134.000000</point>
				<point>928.000000,152.000000</point>
				<point>916.000000,151.000000</point>
				<point>918.000000,133.000000</point>
				<point>930.000000,134.000000</point>
			</points>
		</object>
		<object>
			<coordinate>pixel</coordinate>
			<type>rectangle</type>
			<description>None</description>
			<possibleresult>
				<name>Small Car</name>
			</possibleresult>
			<points>
				<point>996.000000,137.000000</point>
				<point>995.000000,156.000000</point>
				<point>985.000000,155.000000</point>
				<point>987.000000,137.000000</point>
				<point>996.000000,137.000000</point>
			</points>
		</object>
		<object>
			<coordinate>pixel</coordinate>
			<type>rectangle</type>
			<description>None</description>
			<possibleresult>
				<name>Dump Truck</name>
			</possibleresult>
			<points>
				<point>960.000000,164.000000</point>
				<point>959.000000,174.000000</point>
				<point>936.000000,173.000000</point>
				<point>937.000000,163.000000</point>
				<point>960.000000,164.000000</point>
			</points>
		</object>
		<object>
			<coordinate>pixel</coordinate>
			<type>rectangle</type>
			<description>None</description>
			<possibleresult>
				<name>Dump Truck</name>
			</possibleresult>
			<points>
				<point>913.000000,182.000000</point>
				<point>912.000000,190.000000</point>
				<point>887.000000,188.000000</point>
				<point>887.000000,181.000000</point>
				<point>913.000000,182.000000</point>
			</points>
		</object>
		<object>
			<coordinate>pixel</coordinate>
			<type>rectangle</type>
			<description>None</description>
			<possibleresult>
				<name>Small Car</name>
			</possibleresult>
			<points>
				<point>345.000000,182.000000</point>
				<point>332.000000,182.000000</point>
				<point>332.000000,163.000000</point>
				<point>345.000000,163.000000</point>
				<point>345.000000,182.000000</point>
			</points>
		</object>
		<object>
			<coordinate>pixel</coordinate>
			<type>rectangle</type>
			<description>None</description>
			<possibleresult>
				<name>Dump Truck</name>
			</possibleresult>
			<points>
				<point>466.000000,335.000000</point>
				<point>463.000000,357.000000</point>
				<point>451.000000,356.000000</point>
				<point>453.000000,333.000000</point>
				<point>466.000000,335.000000</point>
			</points>
		</object>
		<object>
			<coordinate>pixel</coordinate>
			<type>rectangle</type>
			<description>None</description>
			<possibleresult>
				<name>other-vehicle</name>
			</possibleresult>
			<points>
				<point>516.000000,348.000000</point>
				<point>513.000000,385.000000</point>
				<point>500.000000,383.000000</point>
				<point>503.000000,346.000000</point>
				<point>516.000000,348.000000</point>
			</points>
		</object>
		<object>
			<coordinate>pixel</coordinate>
			<type>rectangle</type>
			<description>None</description>
			<possibleresult>
				<name>Cargo Truck</name>
			</possibleresult>
			<points>
				<point>532.000000,341.000000</point>
				<point>530.000000,373.000000</point>
				<point>516.000000,372.000000</point>
				<point>519.000000,341.000000</point>
				<point>532.000000,341.000000</point>
			</points>
		</object>
		<object>
			<coordinate>pixel</coordinate>
			<type>rectangle</type>
			<description>None</description>
			<possibleresult>
				<name>Dump Truck</name>
			</possibleresult>
			<points>
				<point>414.000000,363.000000</point>
				<point>410.000000,389.000000</point>
				<point>397.000000,387.000000</point>
				<point>402.000000,362.000000</point>
				<point>414.000000,363.000000</point>
			</points>
		</object>
		<object>
			<coordinate>pixel</coordinate>
			<type>rectangle</type>
			<description>None</description>
			<possibleresult>
				<name>Dump Truck</name>
			</possibleresult>
			<points>
				<point>443.000000,419.000000</point>
				<point>443.000000,429.000000</point>
				<point>412.000000,427.000000</point>
				<point>413.000000,418.000000</point>
				<point>443.000000,419.000000</point>
			</points>
		</object>
		<object>
			<coordinate>pixel</coordinate>
			<type>rectangle</type>
			<description>None</description>
			<possibleresult>
				<name>Dump Truck</name>
			</possibleresult>
			<points>
				<point>363.000000,466.000000</point>
				<point>350.000000,467.000000</point>
				<point>348.000000,446.000000</point>
				<point>362.000000,446.000000</point>
				<point>363.000000,466.000000</point>
			</points>
		</object>
		<object>
			<coordinate>pixel</coordinate>
			<type>rectangle</type>
			<description>None</description>
			<possibleresult>
				<name>other-vehicle</name>
			</possibleresult>
			<points>
				<point>531.000000,498.000000</point>
				<point>511.000000,499.000000</point>
				<point>510.000000,453.000000</point>
				<point>530.000000,452.000000</point>
				<point>531.000000,498.000000</point>
			</points>
		</object>
		<object>
			<coordinate>pixel</coordinate>
			<type>rectangle</type>
			<description>None</description>
			<possibleresult>
				<name>Cargo Truck</name>
			</possibleresult>
			<points>
				<point>448.000000,331.000000</point>
				<point>446.000000,359.000000</point>
				<point>434.000000,359.000000</point>
				<point>435.000000,330.000000</point>
				<point>448.000000,331.000000</point>
			</points>
		</object>
		<object>
			<coordinate>pixel</coordinate>
			<type>rectangle</type>
			<description>None</description>
			<possibleresult>
				<name>other-vehicle</name>
			</possibleresult>
			<points>
				<point>532.000000,452.000000</point>
				<point>520.000000,452.000000</point>
				<point>520.000000,421.000000</point>
				<point>532.000000,421.000000</point>
				<point>532.000000,452.000000</point>
			</points>
		</object>
		<object>
			<coordinate>pixel</coordinate>
			<type>rectangle</type>
			<description>None</description>
			<possibleresult>
				<name>other-vehicle</name>
			</possibleresult>
			<points>
				<point>397.000000,519.000000</point>
				<point>383.000000,519.000000</point>
				<point>381.000000,441.000000</point>
				<point>395.000000,441.000000</point>
				<point>397.000000,519.000000</point>
			</points>
		</object>
		<object>
			<coordinate>pixel</coordinate>
			<type>rectangle</type>
			<description>None</description>
			<possibleresult>
				<name>Dump Truck</name>
			</possibleresult>
			<points>
				<point>366.000000,559.000000</point>
				<point>355.000000,560.000000</point>
				<point>352.000000,536.000000</point>
				<point>364.000000,536.000000</point>
				<point>366.000000,559.000000</point>
			</points>
		</object>
		<object>
			<coordinate>pixel</coordinate>
			<type>rectangle</type>
			<description>None</description>
			<possibleresult>
				<name>Dump Truck</name>
			</possibleresult>
			<points>
				<point>410.000000,572.000000</point>
				<point>399.000000,572.000000</point>
				<point>399.000000,551.000000</point>
				<point>410.000000,551.000000</point>
				<point>410.000000,572.000000</point>
			</points>
		</object>
		<object>
			<coordinate>pixel</coordinate>
			<type>rectangle</type>
			<description>None</description>
			<possibleresult>
				<name>Van</name>
			</possibleresult>
			<points>
				<point>426.000000,564.000000</point>
				<point>416.000000,564.000000</point>
				<point>416.000000,547.000000</point>
				<point>426.000000,547.000000</point>
				<point>426.000000,564.000000</point>
			</points>
		</object>
		<object>
			<coordinate>pixel</coordinate>
			<type>rectangle</type>
			<description>None</description>
			<possibleresult>
				<name>Van</name>
			</possibleresult>
			<points>
				<point>446.000000,564.000000</point>
				<point>437.000000,564.000000</point>
				<point>437.000000,547.000000</point>
				<point>446.000000,547.000000</point>
				<point>446.000000,564.000000</point>
			</points>
		</object>
		<object>
			<coordinate>pixel</coordinate>
			<type>rectangle</type>
			<description>None</description>
			<possibleresult>
				<name>Dump Truck</name>
			</possibleresult>
			<points>
				<point>457.000000,564.000000</point>
				<point>447.000000,564.000000</point>
				<point>447.000000,544.000000</point>
				<point>457.000000,544.000000</point>
				<point>457.000000,564.000000</point>
			</points>
		</object>
		<object>
			<coordinate>pixel</coordinate>
			<type>rectangle</type>
			<description>None</description>
			<possibleresult>
				<name>Small Car</name>
			</possibleresult>
			<points>
				<point>470.000000,567.000000</point>
				<point>461.000000,567.000000</point>
				<point>461.000000,551.000000</point>
				<point>470.000000,551.000000</point>
				<point>470.000000,567.000000</point>
			</points>
		</object>
		<object>
			<coordinate>pixel</coordinate>
			<type>rectangle</type>
			<description>None</description>
			<possibleresult>
				<name>Small Car</name>
			</possibleresult>
			<points>
				<point>485.000000,566.000000</point>
				<point>475.000000,567.000000</point>
				<point>473.000000,547.000000</point>
				<point>483.000000,546.000000</point>
				<point>485.000000,566.000000</point>
			</points>
		</object>
		<object>
			<coordinate>pixel</coordinate>
			<type>rectangle</type>
			<description>None</description>
			<possibleresult>
				<name>other-vehicle</name>
			</possibleresult>
			<points>
				<point>495.000000,474.000000</point>
				<point>483.000000,507.000000</point>
				<point>468.000000,502.000000</point>
				<point>480.000000,469.000000</point>
				<point>495.000000,474.000000</point>
			</points>
		</object>
		<object>
			<coordinate>pixel</coordinate>
			<type>rectangle</type>
			<description>None</description>
			<possibleresult>
				<name>Motorboat</name>
			</possibleresult>
			<points>
				<point>711.000000,475.000000</point>
				<point>702.000000,480.000000</point>
				<point>693.000000,463.000000</point>
				<point>702.000000,458.000000</point>
				<point>711.000000,475.000000</point>
			</points>
		</object>
		<object>
			<coordinate>pixel</coordinate>
			<type>rectangle</type>
			<description>None</description>
			<possibleresult>
				<name>Small Car</name>
			</possibleresult>
			<points>
				<point>812.000000,597.000000</point>
				<point>803.000000,597.000000</point>
				<point>803.000000,577.000000</point>
				<point>812.000000,577.000000</point>
				<point>812.000000,597.000000</point>
			</points>
		</object>
		<object>
			<coordinate>pixel</coordinate>
			<type>rectangle</type>
			<description>None</description>
			<possibleresult>
				<name>Van</name>
			</possibleresult>
			<points>
				<point>877.000000,530.000000</point>
				<point>875.000000,550.000000</point>
				<point>864.000000,548.000000</point>
				<point>866.000000,528.000000</point>
				<point>877.000000,530.000000</point>
			</points>
		</object>
		<object>
			<coordinate>pixel</coordinate>
			<type>rectangle</type>
			<description>None</description>
			<possibleresult>
				<name>Van</name>
			</possibleresult>
			<points>
				<point>932.000000,584.000000</point>
				<point>923.000000,584.000000</point>
				<point>923.000000,565.000000</point>
				<point>932.000000,565.000000</point>
				<point>932.000000,584.000000</point>
			</points>
		</object>
		<object>
			<coordinate>pixel</coordinate>
			<type>rectangle</type>
			<description>None</description>
			<possibleresult>
				<name>Van</name>
			</possibleresult>
			<points>
				<point>877.000000,411.000000</point>
				<point>856.000000,411.000000</point>
				<point>856.000000,404.000000</point>
				<point>877.000000,404.000000</point>
				<point>877.000000,411.000000</point>
			</points>
		</object>
		<object>
			<coordinate>pixel</coordinate>
			<type>rectangle</type>
			<description>None</description>
			<possibleresult>
				<name>Small Car</name>
			</possibleresult>
			<points>
				<point>874.000000,440.000000</point>
				<point>850.000000,440.000000</point>
				<point>850.000000,430.000000</point>
				<point>874.000000,430.000000</point>
				<point>874.000000,440.000000</point>
			</points>
		</object>
		<object>
			<coordinate>pixel</coordinate>
			<type>rectangle</type>
			<description>None</description>
			<possibleresult>
				<name>Small Car</name>
			</possibleresult>
			<points>
				<point>875.000000,467.000000</point>
				<point>874.000000,475.000000</point>
				<point>852.000000,473.000000</point>
				<point>852.000000,464.000000</point>
				<point>875.000000,467.000000</point>
			</points>
		</object>
		<object>
			<coordinate>pixel</coordinate>
			<type>rectangle</type>
			<description>None</description>
			<possibleresult>
				<name>Dump Truck</name>
			</possibleresult>
			<points>
				<point>990.000000,553.000000</point>
				<point>981.000000,553.000000</point>
				<point>981.000000,533.000000</point>
				<point>990.000000,533.000000</point>
				<point>990.000000,553.000000</point>
			</points>
		</object>
		<object>
			<coordinate>pixel</coordinate>
			<type>rectangle</type>
			<description>None</description>
			<possibleresult>
				<name>Small Car</name>
			</possibleresult>
			<points>
				<point>1000.000000,573.000000</point>
				<point>980.000000,569.000000</point>
				<point>982.000000,563.000000</point>
				<point>1000.000000,566.000000</point>
				<point>1000.000000,573.000000</point>
			</points>
		</object>
		<object>
			<coordinate>pixel</coordinate>
			<type>rectangle</type>
			<description>None</description>
			<possibleresult>
				<name>Small Car</name>
			</possibleresult>
			<points>
				<point>1000.000000,582.000000</point>
				<point>978.000000,578.000000</point>
				<point>980.000000,572.000000</point>
				<point>1000.000000,575.000000</point>
				<point>1000.000000,582.000000</point>
			</points>
		</object>
		<object>
			<coordinate>pixel</coordinate>
			<type>rectangle</type>
			<description>None</description>
			<possibleresult>
				<name>Small Car</name>
			</possibleresult>
			<points>
				<point>1000.000000,592.000000</point>
				<point>978.000000,589.000000</point>
				<point>979.000000,583.000000</point>
				<point>1000.000000,584.000000</point>
				<point>1000.000000,592.000000</point>
			</points>
		</object>
		<object>
			<coordinate>pixel</coordinate>
			<type>rectangle</type>
			<description>None</description>
			<possibleresult>
				<name>Cargo Truck</name>
			</possibleresult>
			<points>
				<point>40.000000,830.000000</point>
				<point>6.000000,833.000000</point>
				<point>5.000000,823.000000</point>
				<point>40.000000,819.000000</point>
				<point>40.000000,830.000000</point>
			</points>
		</object>
		<object>
			<coordinate>pixel</coordinate>
			<type>rectangle</type>
			<description>None</description>
			<possibleresult>
				<name>Dump Truck</name>
			</possibleresult>
			<points>
				<point>34.000000,885.000000</point>
				<point>34.000000,896.000000</point>
				<point>0.000000,893.000000</point>
				<point>0.000000,883.000000</point>
				<point>34.000000,885.000000</point>
			</points>
		</object>
		<object>
			<coordinate>pixel</coordinate>
			<type>rectangle</type>
			<description>None</description>
			<possibleresult>
				<name>Dump Truck</name>
			</possibleresult>
			<points>
				<point>26.000000,936.000000</point>
				<point>0.000000,938.000000</point>
				<point>0.000000,929.000000</point>
				<point>26.000000,928.000000</point>
				<point>26.000000,936.000000</point>
			</points>
		</object>
		<object>
			<coordinate>pixel</coordinate>
			<type>rectangle</type>
			<description>None</description>
			<possibleresult>
				<name>Small Car</name>
			</possibleresult>
			<points>
				<point>234.000000,826.000000</point>
				<point>224.000000,826.000000</point>
				<point>224.000000,809.000000</point>
				<point>234.000000,809.000000</point>
				<point>234.000000,826.000000</point>
			</points>
		</object>
		<object>
			<coordinate>pixel</coordinate>
			<type>rectangle</type>
			<description>None</description>
			<possibleresult>
				<name>Cargo Truck</name>
			</possibleresult>
			<points>
				<point>206.000000,975.000000</point>
				<point>193.000000,976.000000</point>
				<point>192.000000,940.000000</point>
				<point>205.000000,939.000000</point>
				<point>206.000000,975.000000</point>
			</points>
		</object>
		<object>
			<coordinate>pixel</coordinate>
			<type>rectangle</type>
			<description>None</description>
			<possibleresult>
				<name>Cargo Truck</name>
			</possibleresult>
			<points>
				<point>223.000000,979.000000</point>
				<point>211.000000,979.000000</point>
				<point>210.000000,948.000000</point>
				<point>222.000000,948.000000</point>
				<point>223.000000,979.000000</point>
			</points>
		</object>
		<object>
			<coordinate>pixel</coordinate>
			<type>rectangle</type>
			<description>None</description>
			<possibleresult>
				<name>Dump Truck</name>
			</possibleresult>
			<points>
				<point>543.000000,783.000000</point>
				<point>519.000000,783.000000</point>
				<point>519.000000,776.000000</point>
				<point>543.000000,776.000000</point>
				<point>543.000000,783.000000</point>
			</points>
		</object>
		<object>
			<coordinate>pixel</coordinate>
			<type>rectangle</type>
			<description>None</description>
			<possibleresult>
				<name>Dump Truck</name>
			</possibleresult>
			<points>
				<point>505.000000,818.000000</point>
				<point>496.000000,818.000000</point>
				<point>495.000000,798.000000</point>
				<point>503.000000,797.000000</point>
				<point>505.000000,818.000000</point>
			</points>
		</object>
		<object>
			<coordinate>pixel</coordinate>
			<type>rectangle</type>
			<description>None</description>
			<possibleresult>
				<name>Dump Truck</name>
			</possibleresult>
			<points>
				<point>519.000000,823.000000</point>
				<point>507.000000,823.000000</point>
				<point>506.000000,802.000000</point>
				<point>518.000000,802.000000</point>
				<point>519.000000,823.000000</point>
			</points>
		</object>
		<object>
			<coordinate>pixel</coordinate>
			<type>rectangle</type>
			<description>None</description>
			<possibleresult>
				<name>Truck Tractor</name>
			</possibleresult>
			<points>
				<point>636.000000,809.000000</point>
				<point>636.000000,821.000000</point>
				<point>572.000000,819.000000</point>
				<point>573.000000,808.000000</point>
				<point>636.000000,809.000000</point>
			</points>
		</object>
		<object>
			<coordinate>pixel</coordinate>
			<type>rectangle</type>
			<description>None</description>
			<possibleresult>
				<name>Dump Truck</name>
			</possibleresult>
			<points>
				<point>693.000000,751.000000</point>
				<point>692.000000,773.000000</point>
				<point>679.000000,773.000000</point>
				<point>680.000000,751.000000</point>
				<point>693.000000,751.000000</point>
			</points>
		</object>
		<object>
			<coordinate>pixel</coordinate>
			<type>rectangle</type>
			<description>None</description>
			<possibleresult>
				<name>Dump Truck</name>
			</possibleresult>
			<points>
				<point>718.000000,773.000000</point>
				<point>706.000000,773.000000</point>
				<point>706.000000,754.000000</point>
				<point>718.000000,754.000000</point>
				<point>718.000000,773.000000</point>
			</points>
		</object>
		<object>
			<coordinate>pixel</coordinate>
			<type>rectangle</type>
			<description>None</description>
			<possibleresult>
				<name>Dump Truck</name>
			</possibleresult>
			<points>
				<point>675.000000,752.000000</point>
				<point>674.000000,770.000000</point>
				<point>662.000000,769.000000</point>
				<point>663.000000,751.000000</point>
				<point>675.000000,752.000000</point>
			</points>
		</object>
		<object>
			<coordinate>pixel</coordinate>
			<type>rectangle</type>
			<description>None</description>
			<possibleresult>
				<name>Van</name>
			</possibleresult>
			<points>
				<point>898.000000,835.000000</point>
				<point>889.000000,835.000000</point>
				<point>888.000000,814.000000</point>
				<point>897.000000,814.000000</point>
				<point>898.000000,835.000000</point>
			</points>
		</object>
		<object>
			<coordinate>pixel</coordinate>
			<type>rectangle</type>
			<description>None</description>
			<possibleresult>
				<name>Cargo Truck</name>
			</possibleresult>
			<points>
				<point>924.000000,771.000000</point>
				<point>905.000000,773.000000</point>
				<point>905.000000,766.000000</point>
				<point>923.000000,763.000000</point>
				<point>924.000000,771.000000</point>
			</points>
		</object>
	</objects>
</annotation>