<?xml version="1.0" encoding="utf-8"?>
<annotation>
	<source>
		<filename>1268.tif</filename>
		<origin>GF2/GF3</origin>
	</source>
	<research>
		<version>1.0</version>
		<provider>FAIR1M</provider>
		<author>Cyber</author>
		<pluginname>FAIR1M</pluginname>
		<pluginclass>object detection</pluginclass>
		<time>2021-07-21</time>
	</research>
	<size>
		<width>1000</width>
		<height>1000</height>
		<depth>3</depth>
	</size>
	<objects>
		<object>
			<coordinate>pixel</coordinate>
			<type>rectangle</type>
			<description>None</description>
			<possibleresult>
				<name>A220</name>
			</possibleresult>
			<points>
				<point>548.000000,494.000000</point>
				<point>583.000000,526.000000</point>
				<point>612.000000,493.000000</point>
				<point>577.000000,462.000000</point>
				<point>548.000000,494.000000</point>
			</points>
		</object>
		<object>
			<coordinate>pixel</coordinate>
			<type>rectangle</type>
			<description>None</description>
			<possibleresult>
				<name>A321</name>
			</possibleresult>
			<points>
				<point>813.000000,0.000000</point>
				<point>774.000000,45.000000</point>
				<point>808.000000,75.000000</point>
				<point>847.000000,29.000000</point>
				<point>813.000000,0.000000</point>
			</points>
		</object>
	</objects>
</annotation>