<?xml version="1.0" encoding="utf-8"?>
<annotation>
	<source>
		<filename>1272.tif</filename>
		<origin>GF2/GF3</origin>
	</source>
	<research>
		<version>1.0</version>
		<provider>FAIR1M</provider>
		<author>Cyber</author>
		<pluginname>FAIR1M</pluginname>
		<pluginclass>object detection</pluginclass>
		<time>2021-07-21</time>
	</research>
	<size>
		<width>1500</width>
		<height>1500</height>
		<depth>3</depth>
	</size>
	<objects>
		<object>
			<coordinate>pixel</coordinate>
			<type>rectangle</type>
			<description>None</description>
			<possibleresult>
				<name>Fishing Boat</name>
			</possibleresult>
			<points>
				<point>269.000000,261.000000</point>
				<point>284.000000,315.000000</point>
				<point>296.000000,313.000000</point>
				<point>280.000000,258.000000</point>
				<point>269.000000,261.000000</point>
			</points>
		</object>
		<object>
			<coordinate>pixel</coordinate>
			<type>rectangle</type>
			<description>None</description>
			<possibleresult>
				<name>Dry Cargo Ship</name>
			</possibleresult>
			<points>
				<point>286.000000,375.000000</point>
				<point>319.000000,533.000000</point>
				<point>342.000000,527.000000</point>
				<point>309.000000,370.000000</point>
				<point>286.000000,375.000000</point>
			</points>
		</object>
	</objects>
</annotation>