<?xml version="1.0" encoding="utf-8"?>
<annotation>
	<source>
		<filename>1273.tif</filename>
		<origin>GF2/GF3</origin>
	</source>
	<research>
		<version>1.0</version>
		<provider>FAIR1M</provider>
		<author>Cyber</author>
		<pluginname>FAIR1M</pluginname>
		<pluginclass>object detection</pluginclass>
		<time>2021-07-21</time>
	</research>
	<size>
		<width>1500</width>
		<height>1500</height>
		<depth>3</depth>
	</size>
	<objects>
		<object>
			<coordinate>pixel</coordinate>
			<type>rectangle</type>
			<description>None</description>
			<possibleresult>
				<name>Fishing Boat</name>
			</possibleresult>
			<points>
				<point>882.000000,58.000000</point>
				<point>905.000000,6.000000</point>
				<point>894.000000,0.000000</point>
				<point>871.000000,52.000000</point>
				<point>882.000000,58.000000</point>
			</points>
		</object>
		<object>
			<coordinate>pixel</coordinate>
			<type>rectangle</type>
			<description>None</description>
			<possibleresult>
				<name>Fishing Boat</name>
			</possibleresult>
			<points>
				<point>873.000000,50.000000</point>
				<point>890.000000,13.000000</point>
				<point>882.000000,9.000000</point>
				<point>863.000000,47.000000</point>
				<point>873.000000,50.000000</point>
			</points>
		</object>
		<object>
			<coordinate>pixel</coordinate>
			<type>rectangle</type>
			<description>None</description>
			<possibleresult>
				<name>Fishing Boat</name>
			</possibleresult>
			<points>
				<point>917.000000,65.000000</point>
				<point>938.000000,22.000000</point>
				<point>928.000000,16.000000</point>
				<point>907.000000,61.000000</point>
				<point>917.000000,65.000000</point>
			</points>
		</object>
		<object>
			<coordinate>pixel</coordinate>
			<type>rectangle</type>
			<description>None</description>
			<possibleresult>
				<name>Engineering Ship</name>
			</possibleresult>
			<points>
				<point>946.000000,93.000000</point>
				<point>998.000000,115.000000</point>
				<point>1005.000000,93.000000</point>
				<point>955.000000,72.000000</point>
				<point>946.000000,93.000000</point>
			</points>
		</object>
		<object>
			<coordinate>pixel</coordinate>
			<type>rectangle</type>
			<description>None</description>
			<possibleresult>
				<name>Engineering Ship</name>
			</possibleresult>
			<points>
				<point>1055.000000,54.000000</point>
				<point>1023.000000,115.000000</point>
				<point>1053.000000,131.000000</point>
				<point>1086.000000,72.000000</point>
				<point>1055.000000,54.000000</point>
			</points>
		</object>
		<object>
			<coordinate>pixel</coordinate>
			<type>rectangle</type>
			<description>None</description>
			<possibleresult>
				<name>Liquid Cargo Ship</name>
			</possibleresult>
			<points>
				<point>1363.000000,279.000000</point>
				<point>1488.000000,327.000000</point>
				<point>1498.000000,304.000000</point>
				<point>1372.000000,256.000000</point>
				<point>1363.000000,279.000000</point>
			</points>
		</object>
		<object>
			<coordinate>pixel</coordinate>
			<type>rectangle</type>
			<description>None</description>
			<possibleresult>
				<name>Engineering Ship</name>
			</possibleresult>
			<points>
				<point>1093.000000,159.000000</point>
				<point>1144.000000,181.000000</point>
				<point>1151.000000,162.000000</point>
				<point>1100.000000,140.000000</point>
				<point>1093.000000,159.000000</point>
			</points>
		</object>
	</objects>
</annotation>