<?xml version="1.0" encoding="utf-8"?>
<annotation>
	<source>
		<filename>1274.tif</filename>
		<origin>GF2/GF3</origin>
	</source>
	<research>
		<version>1.0</version>
		<provider>FAIR1M</provider>
		<author>Cyber</author>
		<pluginname>FAIR1M</pluginname>
		<pluginclass>object detection</pluginclass>
		<time>2021-07-21</time>
	</research>
	<size>
		<width>1000</width>
		<height>1000</height>
		<depth>3</depth>
	</size>
	<objects>
		<object>
			<coordinate>pixel</coordinate>
			<type>rectangle</type>
			<description>None</description>
			<possibleresult>
				<name>Small Car</name>
			</possibleresult>
			<points>
				<point>949.000000,879.000000</point>
				<point>941.000000,888.000000</point>
				<point>927.000000,876.000000</point>
				<point>934.000000,866.000000</point>
				<point>949.000000,879.000000</point>
			</points>
		</object>
		<object>
			<coordinate>pixel</coordinate>
			<type>rectangle</type>
			<description>None</description>
			<possibleresult>
				<name>Small Car</name>
			</possibleresult>
			<points>
				<point>952.000000,869.000000</point>
				<point>945.000000,877.000000</point>
				<point>933.000000,866.000000</point>
				<point>940.000000,859.000000</point>
				<point>952.000000,869.000000</point>
			</points>
		</object>
		<object>
			<coordinate>pixel</coordinate>
			<type>rectangle</type>
			<description>None</description>
			<possibleresult>
				<name>Small Car</name>
			</possibleresult>
			<points>
				<point>964.000000,834.000000</point>
				<point>957.000000,841.000000</point>
				<point>943.000000,829.000000</point>
				<point>950.000000,822.000000</point>
				<point>964.000000,834.000000</point>
			</points>
		</object>
		<object>
			<coordinate>pixel</coordinate>
			<type>rectangle</type>
			<description>None</description>
			<possibleresult>
				<name>Van</name>
			</possibleresult>
			<points>
				<point>969.000000,815.000000</point>
				<point>963.000000,823.000000</point>
				<point>950.000000,811.000000</point>
				<point>957.000000,804.000000</point>
				<point>969.000000,815.000000</point>
			</points>
		</object>
		<object>
			<coordinate>pixel</coordinate>
			<type>rectangle</type>
			<description>None</description>
			<possibleresult>
				<name>Van</name>
			</possibleresult>
			<points>
				<point>983.000000,791.000000</point>
				<point>977.000000,798.000000</point>
				<point>960.000000,784.000000</point>
				<point>966.000000,777.000000</point>
				<point>983.000000,791.000000</point>
			</points>
		</object>
		<object>
			<coordinate>pixel</coordinate>
			<type>rectangle</type>
			<description>None</description>
			<possibleresult>
				<name>Cargo Truck</name>
			</possibleresult>
			<points>
				<point>987.000000,781.000000</point>
				<point>978.000000,789.000000</point>
				<point>963.000000,770.000000</point>
				<point>972.000000,762.000000</point>
				<point>987.000000,781.000000</point>
			</points>
		</object>
		<object>
			<coordinate>pixel</coordinate>
			<type>rectangle</type>
			<description>None</description>
			<possibleresult>
				<name>Small Car</name>
			</possibleresult>
			<points>
				<point>994.000000,755.000000</point>
				<point>986.000000,762.000000</point>
				<point>973.000000,748.000000</point>
				<point>981.000000,741.000000</point>
				<point>994.000000,755.000000</point>
			</points>
		</object>
		<object>
			<coordinate>pixel</coordinate>
			<type>rectangle</type>
			<description>None</description>
			<possibleresult>
				<name>Small Car</name>
			</possibleresult>
			<points>
				<point>926.000000,805.000000</point>
				<point>904.000000,806.000000</point>
				<point>904.000000,797.000000</point>
				<point>925.000000,795.000000</point>
				<point>926.000000,805.000000</point>
			</points>
		</object>
		<object>
			<coordinate>pixel</coordinate>
			<type>rectangle</type>
			<description>None</description>
			<possibleresult>
				<name>Small Car</name>
			</possibleresult>
			<points>
				<point>926.000000,794.000000</point>
				<point>906.000000,795.000000</point>
				<point>906.000000,787.000000</point>
				<point>926.000000,786.000000</point>
				<point>926.000000,794.000000</point>
			</points>
		</object>
		<object>
			<coordinate>pixel</coordinate>
			<type>rectangle</type>
			<description>None</description>
			<possibleresult>
				<name>Van</name>
			</possibleresult>
			<points>
				<point>935.000000,785.000000</point>
				<point>908.000000,785.000000</point>
				<point>908.000000,775.000000</point>
				<point>935.000000,775.000000</point>
				<point>935.000000,785.000000</point>
			</points>
		</object>
		<object>
			<coordinate>pixel</coordinate>
			<type>rectangle</type>
			<description>None</description>
			<possibleresult>
				<name>Small Car</name>
			</possibleresult>
			<points>
				<point>936.000000,776.000000</point>
				<point>913.000000,777.000000</point>
				<point>913.000000,768.000000</point>
				<point>935.000000,766.000000</point>
				<point>936.000000,776.000000</point>
			</points>
		</object>
		<object>
			<coordinate>pixel</coordinate>
			<type>rectangle</type>
			<description>None</description>
			<possibleresult>
				<name>Van</name>
			</possibleresult>
			<points>
				<point>940.000000,767.000000</point>
				<point>915.000000,767.000000</point>
				<point>915.000000,759.000000</point>
				<point>940.000000,759.000000</point>
				<point>940.000000,767.000000</point>
			</points>
		</object>
		<object>
			<coordinate>pixel</coordinate>
			<type>rectangle</type>
			<description>None</description>
			<possibleresult>
				<name>Small Car</name>
			</possibleresult>
			<points>
				<point>946.000000,755.000000</point>
				<point>919.000000,758.000000</point>
				<point>918.000000,747.000000</point>
				<point>946.000000,745.000000</point>
				<point>946.000000,755.000000</point>
			</points>
		</object>
		<object>
			<coordinate>pixel</coordinate>
			<type>rectangle</type>
			<description>None</description>
			<possibleresult>
				<name>Van</name>
			</possibleresult>
			<points>
				<point>953.000000,726.000000</point>
				<point>931.000000,729.000000</point>
				<point>929.000000,720.000000</point>
				<point>952.000000,716.000000</point>
				<point>953.000000,726.000000</point>
			</points>
		</object>
		<object>
			<coordinate>pixel</coordinate>
			<type>rectangle</type>
			<description>None</description>
			<possibleresult>
				<name>Small Car</name>
			</possibleresult>
			<points>
				<point>957.000000,717.000000</point>
				<point>935.000000,719.000000</point>
				<point>935.000000,711.000000</point>
				<point>956.000000,708.000000</point>
				<point>957.000000,717.000000</point>
			</points>
		</object>
		<object>
			<coordinate>pixel</coordinate>
			<type>rectangle</type>
			<description>None</description>
			<possibleresult>
				<name>Van</name>
			</possibleresult>
			<points>
				<point>944.000000,679.000000</point>
				<point>933.000000,699.000000</point>
				<point>924.000000,694.000000</point>
				<point>936.000000,675.000000</point>
				<point>944.000000,679.000000</point>
			</points>
		</object>
		<object>
			<coordinate>pixel</coordinate>
			<type>rectangle</type>
			<description>None</description>
			<possibleresult>
				<name>Small Car</name>
			</possibleresult>
			<points>
				<point>931.000000,679.000000</point>
				<point>923.000000,696.000000</point>
				<point>915.000000,693.000000</point>
				<point>922.000000,675.000000</point>
				<point>931.000000,679.000000</point>
			</points>
		</object>
		<object>
			<coordinate>pixel</coordinate>
			<type>rectangle</type>
			<description>None</description>
			<possibleresult>
				<name>Van</name>
			</possibleresult>
			<points>
				<point>920.000000,678.000000</point>
				<point>912.000000,693.000000</point>
				<point>904.000000,689.000000</point>
				<point>911.000000,673.000000</point>
				<point>920.000000,678.000000</point>
			</points>
		</object>
		<object>
			<coordinate>pixel</coordinate>
			<type>rectangle</type>
			<description>None</description>
			<possibleresult>
				<name>Dump Truck</name>
			</possibleresult>
			<points>
				<point>911.000000,670.000000</point>
				<point>899.000000,689.000000</point>
				<point>891.000000,684.000000</point>
				<point>903.000000,665.000000</point>
				<point>911.000000,670.000000</point>
			</points>
		</object>
		<object>
			<coordinate>pixel</coordinate>
			<type>rectangle</type>
			<description>None</description>
			<possibleresult>
				<name>Small Car</name>
			</possibleresult>
			<points>
				<point>898.000000,669.000000</point>
				<point>890.000000,685.000000</point>
				<point>882.000000,681.000000</point>
				<point>890.000000,665.000000</point>
				<point>898.000000,669.000000</point>
			</points>
		</object>
		<object>
			<coordinate>pixel</coordinate>
			<type>rectangle</type>
			<description>None</description>
			<possibleresult>
				<name>Small Car</name>
			</possibleresult>
			<points>
				<point>881.000000,663.000000</point>
				<point>868.000000,678.000000</point>
				<point>862.000000,672.000000</point>
				<point>875.000000,657.000000</point>
				<point>881.000000,663.000000</point>
			</points>
		</object>
		<object>
			<coordinate>pixel</coordinate>
			<type>rectangle</type>
			<description>None</description>
			<possibleresult>
				<name>Van</name>
			</possibleresult>
			<points>
				<point>871.000000,654.000000</point>
				<point>858.000000,669.000000</point>
				<point>852.000000,664.000000</point>
				<point>865.000000,649.000000</point>
				<point>871.000000,654.000000</point>
			</points>
		</object>
		<object>
			<coordinate>pixel</coordinate>
			<type>rectangle</type>
			<description>None</description>
			<possibleresult>
				<name>Small Car</name>
			</possibleresult>
			<points>
				<point>857.000000,652.000000</point>
				<point>839.000000,665.000000</point>
				<point>835.000000,657.000000</point>
				<point>852.000000,645.000000</point>
				<point>857.000000,652.000000</point>
			</points>
		</object>
		<object>
			<coordinate>pixel</coordinate>
			<type>rectangle</type>
			<description>None</description>
			<possibleresult>
				<name>Small Car</name>
			</possibleresult>
			<points>
				<point>852.000000,644.000000</point>
				<point>828.000000,655.000000</point>
				<point>824.000000,647.000000</point>
				<point>847.000000,635.000000</point>
				<point>852.000000,644.000000</point>
			</points>
		</object>
		<object>
			<coordinate>pixel</coordinate>
			<type>rectangle</type>
			<description>None</description>
			<possibleresult>
				<name>Small Car</name>
			</possibleresult>
			<points>
				<point>840.000000,640.000000</point>
				<point>818.000000,646.000000</point>
				<point>815.000000,637.000000</point>
				<point>838.000000,631.000000</point>
				<point>840.000000,640.000000</point>
			</points>
		</object>
		<object>
			<coordinate>pixel</coordinate>
			<type>rectangle</type>
			<description>None</description>
			<possibleresult>
				<name>Small Car</name>
			</possibleresult>
			<points>
				<point>839.000000,629.000000</point>
				<point>816.000000,632.000000</point>
				<point>814.000000,625.000000</point>
				<point>837.000000,622.000000</point>
				<point>839.000000,629.000000</point>
			</points>
		</object>
		<object>
			<coordinate>pixel</coordinate>
			<type>rectangle</type>
			<description>None</description>
			<possibleresult>
				<name>Van</name>
			</possibleresult>
			<points>
				<point>834.000000,609.000000</point>
				<point>834.000000,619.000000</point>
				<point>814.000000,618.000000</point>
				<point>814.000000,608.000000</point>
				<point>834.000000,609.000000</point>
			</points>
		</object>
		<object>
			<coordinate>pixel</coordinate>
			<type>rectangle</type>
			<description>None</description>
			<possibleresult>
				<name>Small Car</name>
			</possibleresult>
			<points>
				<point>841.000000,599.000000</point>
				<point>839.000000,609.000000</point>
				<point>818.000000,605.000000</point>
				<point>819.000000,594.000000</point>
				<point>841.000000,599.000000</point>
			</points>
		</object>
		<object>
			<coordinate>pixel</coordinate>
			<type>rectangle</type>
			<description>None</description>
			<possibleresult>
				<name>Small Car</name>
			</possibleresult>
			<points>
				<point>847.000000,581.000000</point>
				<point>846.000000,591.000000</point>
				<point>824.000000,589.000000</point>
				<point>825.000000,579.000000</point>
				<point>847.000000,581.000000</point>
			</points>
		</object>
		<object>
			<coordinate>pixel</coordinate>
			<type>rectangle</type>
			<description>None</description>
			<possibleresult>
				<name>Small Car</name>
			</possibleresult>
			<points>
				<point>848.000000,573.000000</point>
				<point>847.000000,582.000000</point>
				<point>825.000000,578.000000</point>
				<point>826.000000,569.000000</point>
				<point>848.000000,573.000000</point>
			</points>
		</object>
		<object>
			<coordinate>pixel</coordinate>
			<type>rectangle</type>
			<description>None</description>
			<possibleresult>
				<name>Small Car</name>
			</possibleresult>
			<points>
				<point>864.000000,552.000000</point>
				<point>862.000000,563.000000</point>
				<point>834.000000,558.000000</point>
				<point>835.000000,546.000000</point>
				<point>864.000000,552.000000</point>
			</points>
		</object>
		<object>
			<coordinate>pixel</coordinate>
			<type>rectangle</type>
			<description>None</description>
			<possibleresult>
				<name>Small Car</name>
			</possibleresult>
			<points>
				<point>959.000000,639.000000</point>
				<point>949.000000,658.000000</point>
				<point>941.000000,653.000000</point>
				<point>952.000000,635.000000</point>
				<point>959.000000,639.000000</point>
			</points>
		</object>
		<object>
			<coordinate>pixel</coordinate>
			<type>rectangle</type>
			<description>None</description>
			<possibleresult>
				<name>Small Car</name>
			</possibleresult>
			<points>
				<point>943.000000,638.000000</point>
				<point>937.000000,656.000000</point>
				<point>926.000000,652.000000</point>
				<point>933.000000,635.000000</point>
				<point>943.000000,638.000000</point>
			</points>
		</object>
		<object>
			<coordinate>pixel</coordinate>
			<type>rectangle</type>
			<description>None</description>
			<possibleresult>
				<name>Small Car</name>
			</possibleresult>
			<points>
				<point>933.000000,630.000000</point>
				<point>923.000000,649.000000</point>
				<point>914.000000,644.000000</point>
				<point>925.000000,626.000000</point>
				<point>933.000000,630.000000</point>
			</points>
		</object>
		<object>
			<coordinate>pixel</coordinate>
			<type>rectangle</type>
			<description>None</description>
			<possibleresult>
				<name>Dump Truck</name>
			</possibleresult>
			<points>
				<point>922.000000,629.000000</point>
				<point>911.000000,651.000000</point>
				<point>901.000000,646.000000</point>
				<point>912.000000,624.000000</point>
				<point>922.000000,629.000000</point>
			</points>
		</object>
		<object>
			<coordinate>pixel</coordinate>
			<type>rectangle</type>
			<description>None</description>
			<possibleresult>
				<name>Van</name>
			</possibleresult>
			<points>
				<point>997.000000,626.000000</point>
				<point>985.000000,643.000000</point>
				<point>977.000000,638.000000</point>
				<point>989.000000,621.000000</point>
				<point>997.000000,626.000000</point>
			</points>
		</object>
		<object>
			<coordinate>pixel</coordinate>
			<type>rectangle</type>
			<description>None</description>
			<possibleresult>
				<name>Van</name>
			</possibleresult>
			<points>
				<point>973.000000,618.000000</point>
				<point>963.000000,635.000000</point>
				<point>956.000000,631.000000</point>
				<point>965.000000,613.000000</point>
				<point>973.000000,618.000000</point>
			</points>
		</object>
		<object>
			<coordinate>pixel</coordinate>
			<type>rectangle</type>
			<description>None</description>
			<possibleresult>
				<name>Small Car</name>
			</possibleresult>
			<points>
				<point>960.000000,616.000000</point>
				<point>951.000000,635.000000</point>
				<point>944.000000,632.000000</point>
				<point>952.000000,612.000000</point>
				<point>960.000000,616.000000</point>
			</points>
		</object>
		<object>
			<coordinate>pixel</coordinate>
			<type>rectangle</type>
			<description>None</description>
			<possibleresult>
				<name>Small Car</name>
			</possibleresult>
			<points>
				<point>950.000000,612.000000</point>
				<point>940.000000,629.000000</point>
				<point>931.000000,624.000000</point>
				<point>941.000000,607.000000</point>
				<point>950.000000,612.000000</point>
			</points>
		</object>
		<object>
			<coordinate>pixel</coordinate>
			<type>rectangle</type>
			<description>None</description>
			<possibleresult>
				<name>Van</name>
			</possibleresult>
			<points>
				<point>938.000000,610.000000</point>
				<point>930.000000,626.000000</point>
				<point>922.000000,622.000000</point>
				<point>931.000000,607.000000</point>
				<point>938.000000,610.000000</point>
			</points>
		</object>
		<object>
			<coordinate>pixel</coordinate>
			<type>rectangle</type>
			<description>None</description>
			<possibleresult>
				<name>Small Car</name>
			</possibleresult>
			<points>
				<point>930.000000,606.000000</point>
				<point>921.000000,623.000000</point>
				<point>911.000000,617.000000</point>
				<point>920.000000,600.000000</point>
				<point>930.000000,606.000000</point>
			</points>
		</object>
		<object>
			<coordinate>pixel</coordinate>
			<type>rectangle</type>
			<description>None</description>
			<possibleresult>
				<name>Van</name>
			</possibleresult>
			<points>
				<point>917.000000,605.000000</point>
				<point>909.000000,619.000000</point>
				<point>900.000000,613.000000</point>
				<point>907.000000,600.000000</point>
				<point>917.000000,605.000000</point>
			</points>
		</object>
		<object>
			<coordinate>pixel</coordinate>
			<type>rectangle</type>
			<description>None</description>
			<possibleresult>
				<name>Van</name>
			</possibleresult>
			<points>
				<point>924.000000,557.000000</point>
				<point>913.000000,576.000000</point>
				<point>903.000000,571.000000</point>
				<point>914.000000,551.000000</point>
				<point>924.000000,557.000000</point>
			</points>
		</object>
		<object>
			<coordinate>pixel</coordinate>
			<type>rectangle</type>
			<description>None</description>
			<possibleresult>
				<name>Van</name>
			</possibleresult>
			<points>
				<point>944.000000,562.000000</point>
				<point>936.000000,580.000000</point>
				<point>927.000000,577.000000</point>
				<point>936.000000,558.000000</point>
				<point>944.000000,562.000000</point>
			</points>
		</object>
		<object>
			<coordinate>pixel</coordinate>
			<type>rectangle</type>
			<description>None</description>
			<possibleresult>
				<name>Small Car</name>
			</possibleresult>
			<points>
				<point>955.000000,566.000000</point>
				<point>948.000000,584.000000</point>
				<point>940.000000,581.000000</point>
				<point>948.000000,564.000000</point>
				<point>955.000000,566.000000</point>
			</points>
		</object>
		<object>
			<coordinate>pixel</coordinate>
			<type>rectangle</type>
			<description>None</description>
			<possibleresult>
				<name>Small Car</name>
			</possibleresult>
			<points>
				<point>968.000000,572.000000</point>
				<point>959.000000,590.000000</point>
				<point>949.000000,585.000000</point>
				<point>959.000000,568.000000</point>
				<point>968.000000,572.000000</point>
			</points>
		</object>
		<object>
			<coordinate>pixel</coordinate>
			<type>rectangle</type>
			<description>None</description>
			<possibleresult>
				<name>Van</name>
			</possibleresult>
			<points>
				<point>977.000000,577.000000</point>
				<point>969.000000,593.000000</point>
				<point>961.000000,589.000000</point>
				<point>969.000000,573.000000</point>
				<point>977.000000,577.000000</point>
			</points>
		</object>
		<object>
			<coordinate>pixel</coordinate>
			<type>rectangle</type>
			<description>None</description>
			<possibleresult>
				<name>Dump Truck</name>
			</possibleresult>
			<points>
				<point>990.000000,576.000000</point>
				<point>982.000000,595.000000</point>
				<point>973.000000,591.000000</point>
				<point>982.000000,573.000000</point>
				<point>990.000000,576.000000</point>
			</points>
		</object>
		<object>
			<coordinate>pixel</coordinate>
			<type>rectangle</type>
			<description>None</description>
			<possibleresult>
				<name>Van</name>
			</possibleresult>
			<points>
				<point>977.000000,488.000000</point>
				<point>968.000000,506.000000</point>
				<point>959.000000,501.000000</point>
				<point>968.000000,483.000000</point>
				<point>977.000000,488.000000</point>
			</points>
		</object>
		<object>
			<coordinate>pixel</coordinate>
			<type>rectangle</type>
			<description>None</description>
			<possibleresult>
				<name>Small Car</name>
			</possibleresult>
			<points>
				<point>988.000000,490.000000</point>
				<point>981.000000,508.000000</point>
				<point>972.000000,505.000000</point>
				<point>979.000000,487.000000</point>
				<point>988.000000,490.000000</point>
			</points>
		</object>
		<object>
			<coordinate>pixel</coordinate>
			<type>rectangle</type>
			<description>None</description>
			<possibleresult>
				<name>Small Car</name>
			</possibleresult>
			<points>
				<point>983.000000,442.000000</point>
				<point>974.000000,461.000000</point>
				<point>966.000000,457.000000</point>
				<point>974.000000,439.000000</point>
				<point>983.000000,442.000000</point>
			</points>
		</object>
		<object>
			<coordinate>pixel</coordinate>
			<type>rectangle</type>
			<description>None</description>
			<possibleresult>
				<name>Van</name>
			</possibleresult>
			<points>
				<point>971.000000,441.000000</point>
				<point>964.000000,458.000000</point>
				<point>955.000000,454.000000</point>
				<point>962.000000,437.000000</point>
				<point>971.000000,441.000000</point>
			</points>
		</object>
		<object>
			<coordinate>pixel</coordinate>
			<type>rectangle</type>
			<description>None</description>
			<possibleresult>
				<name>Dump Truck</name>
			</possibleresult>
			<points>
				<point>894.000000,481.000000</point>
				<point>891.000000,489.000000</point>
				<point>867.000000,481.000000</point>
				<point>870.000000,473.000000</point>
				<point>894.000000,481.000000</point>
			</points>
		</object>
		<object>
			<coordinate>pixel</coordinate>
			<type>rectangle</type>
			<description>None</description>
			<possibleresult>
				<name>Small Car</name>
			</possibleresult>
			<points>
				<point>899.000000,465.000000</point>
				<point>898.000000,475.000000</point>
				<point>876.000000,472.000000</point>
				<point>877.000000,462.000000</point>
				<point>899.000000,465.000000</point>
			</points>
		</object>
		<object>
			<coordinate>pixel</coordinate>
			<type>rectangle</type>
			<description>None</description>
			<possibleresult>
				<name>Small Car</name>
			</possibleresult>
			<points>
				<point>904.000000,448.000000</point>
				<point>901.000000,457.000000</point>
				<point>879.000000,452.000000</point>
				<point>881.000000,442.000000</point>
				<point>904.000000,448.000000</point>
			</points>
		</object>
		<object>
			<coordinate>pixel</coordinate>
			<type>rectangle</type>
			<description>None</description>
			<possibleresult>
				<name>Van</name>
			</possibleresult>
			<points>
				<point>912.000000,439.000000</point>
				<point>909.000000,449.000000</point>
				<point>886.000000,442.000000</point>
				<point>888.000000,433.000000</point>
				<point>912.000000,439.000000</point>
			</points>
		</object>
		<object>
			<coordinate>pixel</coordinate>
			<type>rectangle</type>
			<description>None</description>
			<possibleresult>
				<name>Small Car</name>
			</possibleresult>
			<points>
				<point>921.000000,414.000000</point>
				<point>915.000000,422.000000</point>
				<point>901.000000,411.000000</point>
				<point>908.000000,404.000000</point>
				<point>921.000000,414.000000</point>
			</points>
		</object>
		<object>
			<coordinate>pixel</coordinate>
			<type>rectangle</type>
			<description>None</description>
			<possibleresult>
				<name>Van</name>
			</possibleresult>
			<points>
				<point>940.000000,398.000000</point>
				<point>931.000000,405.000000</point>
				<point>918.000000,389.000000</point>
				<point>926.000000,381.000000</point>
				<point>940.000000,398.000000</point>
			</points>
		</object>
		<object>
			<coordinate>pixel</coordinate>
			<type>rectangle</type>
			<description>None</description>
			<possibleresult>
				<name>Van</name>
			</possibleresult>
			<points>
				<point>951.000000,397.000000</point>
				<point>941.000000,400.000000</point>
				<point>935.000000,382.000000</point>
				<point>944.000000,378.000000</point>
				<point>951.000000,397.000000</point>
			</points>
		</object>
		<object>
			<coordinate>pixel</coordinate>
			<type>rectangle</type>
			<description>None</description>
			<possibleresult>
				<name>Van</name>
			</possibleresult>
			<points>
				<point>966.000000,394.000000</point>
				<point>957.000000,396.000000</point>
				<point>953.000000,379.000000</point>
				<point>961.000000,376.000000</point>
				<point>966.000000,394.000000</point>
			</points>
		</object>
		<object>
			<coordinate>pixel</coordinate>
			<type>rectangle</type>
			<description>None</description>
			<possibleresult>
				<name>Intersection</name>
			</possibleresult>
			<points>
				<point>324.000000,339.000000</point>
				<point>315.000000,345.000000</point>
				<point>309.000000,336.000000</point>
				<point>318.000000,330.000000</point>
				<point>324.000000,339.000000</point>
			</points>
		</object>
		<object>
			<coordinate>pixel</coordinate>
			<type>rectangle</type>
			<description>None</description>
			<possibleresult>
				<name>Intersection</name>
			</possibleresult>
			<points>
				<point>137.000000,246.000000</point>
				<point>133.000000,255.000000</point>
				<point>123.000000,251.000000</point>
				<point>127.000000,242.000000</point>
				<point>137.000000,246.000000</point>
			</points>
		</object>
		<object>
			<coordinate>pixel</coordinate>
			<type>rectangle</type>
			<description>None</description>
			<possibleresult>
				<name>Intersection</name>
			</possibleresult>
			<points>
				<point>329.000000,165.000000</point>
				<point>328.000000,172.000000</point>
				<point>318.000000,169.000000</point>
				<point>320.000000,163.000000</point>
				<point>329.000000,165.000000</point>
			</points>
		</object>
		<object>
			<coordinate>pixel</coordinate>
			<type>rectangle</type>
			<description>None</description>
			<possibleresult>
				<name>Cargo Truck</name>
			</possibleresult>
			<points>
				<point>716.000000,450.000000</point>
				<point>708.000000,470.000000</point>
				<point>699.000000,467.000000</point>
				<point>707.000000,447.000000</point>
				<point>716.000000,450.000000</point>
			</points>
		</object>
		<object>
			<coordinate>pixel</coordinate>
			<type>rectangle</type>
			<description>None</description>
			<possibleresult>
				<name>Basketball Court</name>
			</possibleresult>
			<points>
				<point>194.000000,507.000000</point>
				<point>62.000000,560.000000</point>
				<point>39.000000,503.000000</point>
				<point>170.000000,449.000000</point>
				<point>194.000000,507.000000</point>
			</points>
		</object>
		<object>
			<coordinate>pixel</coordinate>
			<type>rectangle</type>
			<description>None</description>
			<possibleresult>
				<name>Intersection</name>
			</possibleresult>
			<points>
				<point>457.000000,285.000000</point>
				<point>450.000000,290.000000</point>
				<point>445.000000,283.000000</point>
				<point>452.000000,278.000000</point>
				<point>457.000000,285.000000</point>
			</points>
		</object>
		<object>
			<coordinate>pixel</coordinate>
			<type>rectangle</type>
			<description>None</description>
			<possibleresult>
				<name>Small Car</name>
			</possibleresult>
			<points>
				<point>1001.000000,583.000000</point>
				<point>992.000000,601.000000</point>
				<point>985.000000,597.000000</point>
				<point>994.000000,580.000000</point>
				<point>1001.000000,583.000000</point>
			</points>
		</object>
	</objects>
</annotation>