<?xml version="1.0" encoding="utf-8"?>
<annotation>
	<source>
		<filename>128.tif</filename>
		<origin>GF2/GF3</origin>
	</source>
	<research>
		<version>1.0</version>
		<provider>FAIR1M</provider>
		<author>Cyber</author>
		<pluginname>FAIR1M</pluginname>
		<pluginclass>object detection</pluginclass>
		<time>2021-07-21</time>
	</research>
	<size>
		<width>1500</width>
		<height>1500</height>
		<depth>3</depth>
	</size>
	<objects>
		<object>
			<coordinate>pixel</coordinate>
			<type>rectangle</type>
			<description>None</description>
			<possibleresult>
				<name>Warship</name>
			</possibleresult>
			<points>
				<point>685.000000,316.000000</point>
				<point>776.000000,13.000000</point>
				<point>736.000000,0.000000</point>
				<point>646.000000,304.000000</point>
				<point>685.000000,316.000000</point>
			</points>
		</object>
		<object>
			<coordinate>pixel</coordinate>
			<type>rectangle</type>
			<description>None</description>
			<possibleresult>
				<name>Tugboat</name>
			</possibleresult>
			<points>
				<point>613.000000,369.000000</point>
				<point>606.000000,409.000000</point>
				<point>621.000000,411.000000</point>
				<point>626.000000,370.000000</point>
				<point>613.000000,369.000000</point>
			</points>
		</object>
		<object>
			<coordinate>pixel</coordinate>
			<type>rectangle</type>
			<description>None</description>
			<possibleresult>
				<name>Tugboat</name>
			</possibleresult>
			<points>
				<point>613.000000,457.000000</point>
				<point>620.000000,414.000000</point>
				<point>604.000000,412.000000</point>
				<point>598.000000,454.000000</point>
				<point>613.000000,457.000000</point>
			</points>
		</object>
		<object>
			<coordinate>pixel</coordinate>
			<type>rectangle</type>
			<description>None</description>
			<possibleresult>
				<name>Motorboat</name>
			</possibleresult>
			<points>
				<point>600.000000,592.000000</point>
				<point>572.000000,590.000000</point>
				<point>572.000000,600.000000</point>
				<point>600.000000,601.000000</point>
				<point>600.000000,592.000000</point>
			</points>
		</object>
		<object>
			<coordinate>pixel</coordinate>
			<type>rectangle</type>
			<description>None</description>
			<possibleresult>
				<name>Motorboat</name>
			</possibleresult>
			<points>
				<point>699.000000,1235.000000</point>
				<point>723.000000,1225.000000</point>
				<point>720.000000,1217.000000</point>
				<point>696.000000,1227.000000</point>
				<point>699.000000,1235.000000</point>
			</points>
		</object>
		<object>
			<coordinate>pixel</coordinate>
			<type>rectangle</type>
			<description>None</description>
			<possibleresult>
				<name>other-ship</name>
			</possibleresult>
			<points>
				<point>790.000000,1344.000000</point>
				<point>803.000000,1370.000000</point>
				<point>810.000000,1367.000000</point>
				<point>797.000000,1339.000000</point>
				<point>790.000000,1344.000000</point>
			</points>
		</object>
		<object>
			<coordinate>pixel</coordinate>
			<type>rectangle</type>
			<description>None</description>
			<possibleresult>
				<name>Warship</name>
			</possibleresult>
			<points>
				<point>1441.000000,1332.000000</point>
				<point>1452.000000,1253.000000</point>
				<point>1435.000000,1251.000000</point>
				<point>1424.000000,1329.000000</point>
				<point>1441.000000,1332.000000</point>
			</points>
		</object>
		<object>
			<coordinate>pixel</coordinate>
			<type>rectangle</type>
			<description>None</description>
			<possibleresult>
				<name>Fishing Boat</name>
			</possibleresult>
			<points>
				<point>1465.000000,1104.000000</point>
				<point>1459.000000,1145.000000</point>
				<point>1468.000000,1145.000000</point>
				<point>1473.000000,1105.000000</point>
				<point>1465.000000,1104.000000</point>
			</points>
		</object>
		<object>
			<coordinate>pixel</coordinate>
			<type>rectangle</type>
			<description>None</description>
			<possibleresult>
				<name>Fishing Boat</name>
			</possibleresult>
			<points>
				<point>1443.000000,1120.000000</point>
				<point>1448.000000,1087.000000</point>
				<point>1441.000000,1086.000000</point>
				<point>1436.000000,1119.000000</point>
				<point>1443.000000,1120.000000</point>
			</points>
		</object>
		<object>
			<coordinate>pixel</coordinate>
			<type>rectangle</type>
			<description>None</description>
			<possibleresult>
				<name>Fishing Boat</name>
			</possibleresult>
			<points>
				<point>1434.000000,1119.000000</point>
				<point>1439.000000,1085.000000</point>
				<point>1431.000000,1084.000000</point>
				<point>1426.000000,1118.000000</point>
				<point>1434.000000,1119.000000</point>
			</points>
		</object>
		<object>
			<coordinate>pixel</coordinate>
			<type>rectangle</type>
			<description>None</description>
			<possibleresult>
				<name>Fishing Boat</name>
			</possibleresult>
			<points>
				<point>1423.000000,1119.000000</point>
				<point>1429.000000,1083.000000</point>
				<point>1422.000000,1082.000000</point>
				<point>1416.000000,1118.000000</point>
				<point>1423.000000,1119.000000</point>
			</points>
		</object>
		<object>
			<coordinate>pixel</coordinate>
			<type>rectangle</type>
			<description>None</description>
			<possibleresult>
				<name>Fishing Boat</name>
			</possibleresult>
			<points>
				<point>1391.000000,1041.000000</point>
				<point>1385.000000,1082.000000</point>
				<point>1394.000000,1083.000000</point>
				<point>1400.000000,1042.000000</point>
				<point>1391.000000,1041.000000</point>
			</points>
		</object>
		<object>
			<coordinate>pixel</coordinate>
			<type>rectangle</type>
			<description>None</description>
			<possibleresult>
				<name>Fishing Boat</name>
			</possibleresult>
			<points>
				<point>1402.000000,1042.000000</point>
				<point>1395.000000,1081.000000</point>
				<point>1403.000000,1082.000000</point>
				<point>1411.000000,1044.000000</point>
				<point>1402.000000,1042.000000</point>
			</points>
		</object>
		<object>
			<coordinate>pixel</coordinate>
			<type>rectangle</type>
			<description>None</description>
			<possibleresult>
				<name>Fishing Boat</name>
			</possibleresult>
			<points>
				<point>1413.000000,1031.000000</point>
				<point>1409.000000,1063.000000</point>
				<point>1417.000000,1064.000000</point>
				<point>1421.000000,1032.000000</point>
				<point>1413.000000,1031.000000</point>
			</points>
		</object>
		<object>
			<coordinate>pixel</coordinate>
			<type>rectangle</type>
			<description>None</description>
			<possibleresult>
				<name>Fishing Boat</name>
			</possibleresult>
			<points>
				<point>1422.000000,1035.000000</point>
				<point>1419.000000,1056.000000</point>
				<point>1425.000000,1057.000000</point>
				<point>1428.000000,1036.000000</point>
				<point>1422.000000,1035.000000</point>
			</points>
		</object>
		<object>
			<coordinate>pixel</coordinate>
			<type>rectangle</type>
			<description>None</description>
			<possibleresult>
				<name>Fishing Boat</name>
			</possibleresult>
			<points>
				<point>1429.000000,1041.000000</point>
				<point>1426.000000,1065.000000</point>
				<point>1432.000000,1066.000000</point>
				<point>1435.000000,1042.000000</point>
				<point>1429.000000,1041.000000</point>
			</points>
		</object>
		<object>
			<coordinate>pixel</coordinate>
			<type>rectangle</type>
			<description>None</description>
			<possibleresult>
				<name>other-ship</name>
			</possibleresult>
			<points>
				<point>505.000000,489.000000</point>
				<point>550.000000,467.000000</point>
				<point>547.000000,460.000000</point>
				<point>502.000000,482.000000</point>
				<point>505.000000,489.000000</point>
			</points>
		</object>
		<object>
			<coordinate>pixel</coordinate>
			<type>rectangle</type>
			<description>None</description>
			<possibleresult>
				<name>Dry Cargo Ship</name>
			</possibleresult>
			<points>
				<point>1041.000000,257.000000</point>
				<point>1157.000000,25.000000</point>
				<point>1107.000000,0.000000</point>
				<point>991.000000,230.000000</point>
				<point>1041.000000,257.000000</point>
			</points>
		</object>
		<object>
			<coordinate>pixel</coordinate>
			<type>rectangle</type>
			<description>None</description>
			<possibleresult>
				<name>Motorboat</name>
			</possibleresult>
			<points>
				<point>698.000000,1220.000000</point>
				<point>722.000000,1210.000000</point>
				<point>719.000000,1202.000000</point>
				<point>695.000000,1212.000000</point>
				<point>698.000000,1220.000000</point>
			</points>
		</object>
		<object>
			<coordinate>pixel</coordinate>
			<type>rectangle</type>
			<description>None</description>
			<possibleresult>
				<name>Motorboat</name>
			</possibleresult>
			<points>
				<point>1409.000000,1081.000000</point>
				<point>1406.000000,1105.000000</point>
				<point>1414.000000,1107.000000</point>
				<point>1417.000000,1083.000000</point>
				<point>1409.000000,1081.000000</point>
			</points>
		</object>
		<object>
			<coordinate>pixel</coordinate>
			<type>rectangle</type>
			<description>None</description>
			<possibleresult>
				<name>Motorboat</name>
			</possibleresult>
			<points>
				<point>1438.000000,1052.000000</point>
				<point>1436.000000,1066.000000</point>
				<point>1442.000000,1067.000000</point>
				<point>1443.000000,1052.000000</point>
				<point>1438.000000,1052.000000</point>
			</points>
		</object>
		<object>
			<coordinate>pixel</coordinate>
			<type>rectangle</type>
			<description>None</description>
			<possibleresult>
				<name>Motorboat</name>
			</possibleresult>
			<points>
				<point>1457.000000,872.000000</point>
				<point>1444.000000,880.000000</point>
				<point>1447.000000,885.000000</point>
				<point>1460.000000,877.000000</point>
				<point>1457.000000,872.000000</point>
			</points>
		</object>
		<object>
			<coordinate>pixel</coordinate>
			<type>rectangle</type>
			<description>None</description>
			<possibleresult>
				<name>Motorboat</name>
			</possibleresult>
			<points>
				<point>1460.000000,878.000000</point>
				<point>1447.000000,885.000000</point>
				<point>1450.000000,890.000000</point>
				<point>1463.000000,883.000000</point>
				<point>1460.000000,878.000000</point>
			</points>
		</object>
		<object>
			<coordinate>pixel</coordinate>
			<type>rectangle</type>
			<description>None</description>
			<possibleresult>
				<name>Intersection</name>
			</possibleresult>
			<points>
				<point>74.000000,100.000000</point>
				<point>74.000000,79.000000</point>
				<point>96.000000,79.000000</point>
				<point>96.000000,100.000000</point>
				<point>74.000000,100.000000</point>
			</points>
		</object>
		<object>
			<coordinate>pixel</coordinate>
			<type>rectangle</type>
			<description>None</description>
			<possibleresult>
				<name>Intersection</name>
			</possibleresult>
			<points>
				<point>240.000000,103.000000</point>
				<point>240.000000,82.000000</point>
				<point>262.000000,82.000000</point>
				<point>262.000000,103.000000</point>
				<point>240.000000,103.000000</point>
			</points>
		</object>
		<object>
			<coordinate>pixel</coordinate>
			<type>rectangle</type>
			<description>None</description>
			<possibleresult>
				<name>Intersection</name>
			</possibleresult>
			<points>
				<point>346.000000,103.000000</point>
				<point>346.000000,82.000000</point>
				<point>368.000000,82.000000</point>
				<point>368.000000,103.000000</point>
				<point>346.000000,103.000000</point>
			</points>
		</object>
		<object>
			<coordinate>pixel</coordinate>
			<type>rectangle</type>
			<description>None</description>
			<possibleresult>
				<name>Intersection</name>
			</possibleresult>
			<points>
				<point>237.000000,231.000000</point>
				<point>237.000000,207.000000</point>
				<point>260.000000,207.000000</point>
				<point>260.000000,231.000000</point>
				<point>237.000000,231.000000</point>
			</points>
		</object>
		<object>
			<coordinate>pixel</coordinate>
			<type>rectangle</type>
			<description>None</description>
			<possibleresult>
				<name>Intersection</name>
			</possibleresult>
			<points>
				<point>414.000000,363.000000</point>
				<point>416.000000,336.000000</point>
				<point>449.000000,337.000000</point>
				<point>447.000000,364.000000</point>
				<point>414.000000,363.000000</point>
			</points>
		</object>
		<object>
			<coordinate>pixel</coordinate>
			<type>rectangle</type>
			<description>None</description>
			<possibleresult>
				<name>Intersection</name>
			</possibleresult>
			<points>
				<point>398.000000,604.000000</point>
				<point>399.000000,577.000000</point>
				<point>432.000000,578.000000</point>
				<point>431.000000,605.000000</point>
				<point>398.000000,604.000000</point>
			</points>
		</object>
		<object>
			<coordinate>pixel</coordinate>
			<type>rectangle</type>
			<description>None</description>
			<possibleresult>
				<name>Intersection</name>
			</possibleresult>
			<points>
				<point>237.000000,399.000000</point>
				<point>237.000000,359.000000</point>
				<point>260.000000,359.000000</point>
				<point>260.000000,399.000000</point>
				<point>237.000000,399.000000</point>
			</points>
		</object>
		<object>
			<coordinate>pixel</coordinate>
			<type>rectangle</type>
			<description>None</description>
			<possibleresult>
				<name>Intersection</name>
			</possibleresult>
			<points>
				<point>232.000000,599.000000</point>
				<point>232.000000,579.000000</point>
				<point>256.000000,579.000000</point>
				<point>255.000000,599.000000</point>
				<point>232.000000,599.000000</point>
			</points>
		</object>
		<object>
			<coordinate>pixel</coordinate>
			<type>rectangle</type>
			<description>None</description>
			<possibleresult>
				<name>Intersection</name>
			</possibleresult>
			<points>
				<point>230.000000,723.000000</point>
				<point>230.000000,701.000000</point>
				<point>254.000000,701.000000</point>
				<point>253.000000,723.000000</point>
				<point>230.000000,723.000000</point>
			</points>
		</object>
		<object>
			<coordinate>pixel</coordinate>
			<type>rectangle</type>
			<description>None</description>
			<possibleresult>
				<name>Intersection</name>
			</possibleresult>
			<points>
				<point>230.000000,848.000000</point>
				<point>230.000000,829.000000</point>
				<point>249.000000,829.000000</point>
				<point>249.000000,848.000000</point>
				<point>230.000000,848.000000</point>
			</points>
		</object>
		<object>
			<coordinate>pixel</coordinate>
			<type>rectangle</type>
			<description>None</description>
			<possibleresult>
				<name>Intersection</name>
			</possibleresult>
			<points>
				<point>229.000000,973.000000</point>
				<point>229.000000,954.000000</point>
				<point>248.000000,954.000000</point>
				<point>248.000000,973.000000</point>
				<point>229.000000,973.000000</point>
			</points>
		</object>
		<object>
			<coordinate>pixel</coordinate>
			<type>rectangle</type>
			<description>None</description>
			<possibleresult>
				<name>Intersection</name>
			</possibleresult>
			<points>
				<point>227.000000,1097.000000</point>
				<point>227.000000,1078.000000</point>
				<point>246.000000,1078.000000</point>
				<point>246.000000,1097.000000</point>
				<point>227.000000,1097.000000</point>
			</points>
		</object>
		<object>
			<coordinate>pixel</coordinate>
			<type>rectangle</type>
			<description>None</description>
			<possibleresult>
				<name>Intersection</name>
			</possibleresult>
			<points>
				<point>225.000000,1220.000000</point>
				<point>225.000000,1201.000000</point>
				<point>244.000000,1201.000000</point>
				<point>244.000000,1220.000000</point>
				<point>225.000000,1220.000000</point>
			</points>
		</object>
		<object>
			<coordinate>pixel</coordinate>
			<type>rectangle</type>
			<description>None</description>
			<possibleresult>
				<name>Intersection</name>
			</possibleresult>
			<points>
				<point>222.000000,1346.000000</point>
				<point>222.000000,1327.000000</point>
				<point>241.000000,1327.000000</point>
				<point>241.000000,1346.000000</point>
				<point>222.000000,1346.000000</point>
			</points>
		</object>
		<object>
			<coordinate>pixel</coordinate>
			<type>rectangle</type>
			<description>None</description>
			<possibleresult>
				<name>Intersection</name>
			</possibleresult>
			<points>
				<point>219.000000,1467.000000</point>
				<point>219.000000,1448.000000</point>
				<point>238.000000,1448.000000</point>
				<point>238.000000,1467.000000</point>
				<point>219.000000,1467.000000</point>
			</points>
		</object>
		<object>
			<coordinate>pixel</coordinate>
			<type>rectangle</type>
			<description>None</description>
			<possibleresult>
				<name>Intersection</name>
			</possibleresult>
			<points>
				<point>336.000000,729.000000</point>
				<point>336.000000,707.000000</point>
				<point>360.000000,707.000000</point>
				<point>360.000000,729.000000</point>
				<point>336.000000,729.000000</point>
			</points>
		</object>
		<object>
			<coordinate>pixel</coordinate>
			<type>rectangle</type>
			<description>None</description>
			<possibleresult>
				<name>Bridge</name>
			</possibleresult>
			<points>
				<point>1493.000000,1075.000000</point>
				<point>1396.000000,910.000000</point>
				<point>1436.000000,886.000000</point>
				<point>1533.000000,1051.000000</point>
				<point>1493.000000,1075.000000</point>
			</points>
		</object>
	</objects>
</annotation>