<?xml version="1.0" encoding="utf-8"?>
<annotation>
	<source>
		<filename>1293.tif</filename>
		<origin>GF2/GF3</origin>
	</source>
	<research>
		<version>1.0</version>
		<provider>FAIR1M</provider>
		<author>Cyber</author>
		<pluginname>FAIR1M</pluginname>
		<pluginclass>object detection</pluginclass>
		<time>2021-07-21</time>
	</research>
	<size>
		<width>1000</width>
		<height>1000</height>
		<depth>3</depth>
	</size>
	<objects>
		<object>
			<coordinate>pixel</coordinate>
			<type>rectangle</type>
			<description>None</description>
			<possibleresult>
				<name>Boeing737</name>
			</possibleresult>
			<points>
				<point>19.000000,200.000000</point>
				<point>57.000000,232.000000</point>
				<point>88.000000,196.000000</point>
				<point>50.000000,164.000000</point>
				<point>19.000000,200.000000</point>
			</points>
		</object>
		<object>
			<coordinate>pixel</coordinate>
			<type>rectangle</type>
			<description>None</description>
			<possibleresult>
				<name>A321</name>
			</possibleresult>
			<points>
				<point>124.000000,166.000000</point>
				<point>163.000000,123.000000</point>
				<point>129.000000,93.000000</point>
				<point>91.000000,135.000000</point>
				<point>124.000000,166.000000</point>
			</points>
		</object>
		<object>
			<coordinate>pixel</coordinate>
			<type>rectangle</type>
			<description>None</description>
			<possibleresult>
				<name>A220</name>
			</possibleresult>
			<points>
				<point>200.000000,11.000000</point>
				<point>231.000000,41.000000</point>
				<point>264.000000,5.000000</point>
				<point>232.000000,-24.000000</point>
				<point>200.000000,11.000000</point>
			</points>
		</object>
		<object>
			<coordinate>pixel</coordinate>
			<type>rectangle</type>
			<description>None</description>
			<possibleresult>
				<name>A220</name>
			</possibleresult>
			<points>
				<point>429.000000,459.000000</point>
				<point>464.000000,421.000000</point>
				<point>431.000000,391.000000</point>
				<point>397.000000,429.000000</point>
				<point>429.000000,459.000000</point>
			</points>
		</object>
	</objects>
</annotation>