<?xml version="1.0" encoding="utf-8"?>
<annotation>
	<source>
		<filename>1297.tif</filename>
		<origin>GF2/GF3</origin>
	</source>
	<research>
		<version>1.0</version>
		<provider>FAIR1M</provider>
		<author>Cyber</author>
		<pluginname>FAIR1M</pluginname>
		<pluginclass>object detection</pluginclass>
		<time>2021-07-21</time>
	</research>
	<size>
		<width>1000</width>
		<height>1000</height>
		<depth>3</depth>
	</size>
	<objects>
		<object>
			<coordinate>pixel</coordinate>
			<type>rectangle</type>
			<description>None</description>
			<possibleresult>
				<name>Small Car</name>
			</possibleresult>
			<points>
				<point>244.000000,4.999997</point>
				<point>240.549225,0.168915</point>
				<point>247.549225,-4.831086</point>
				<point>251.000000,-0.000004</point>
				<point>244.000000,4.999997</point>
			</points>
		</object>
		<object>
			<coordinate>pixel</coordinate>
			<type>rectangle</type>
			<description>None</description>
			<possibleresult>
				<name>Intersection</name>
			</possibleresult>
			<points>
				<point>964.382996,1000.000000</point>
				<point>870.212769,1000.000000</point>
				<point>868.000061,948.000061</point>
				<point>962.000061,944.000061</point>
				<point>964.382996,1000.000000</point>
			</points>
		</object>
		<object>
			<coordinate>pixel</coordinate>
			<type>rectangle</type>
			<description>None</description>
			<possibleresult>
				<name>Van</name>
			</possibleresult>
			<points>
				<point>592.000000,164.000000</point>
				<point>586.000000,165.000000</point>
				<point>584.000000,153.000000</point>
				<point>590.000000,152.000000</point>
				<point>592.000000,164.000000</point>
			</points>
		</object>
		<object>
			<coordinate>pixel</coordinate>
			<type>rectangle</type>
			<description>None</description>
			<possibleresult>
				<name>Van</name>
			</possibleresult>
			<points>
				<point>584.471741,191.849075</point>
				<point>583.000061,197.000015</point>
				<point>569.000061,193.000015</point>
				<point>570.471741,187.849075</point>
				<point>584.471741,191.849075</point>
			</points>
		</object>
		<object>
			<coordinate>pixel</coordinate>
			<type>rectangle</type>
			<description>None</description>
			<possibleresult>
				<name>Van</name>
			</possibleresult>
			<points>
				<point>1000.000000,260.000000</point>
				<point>1000.000000,260.000000</point>
				<point>1000.000000,266.000000</point>
				<point>1000.000000,266.000000</point>
				<point>1000.000000,260.000000</point>
			</points>
		</object>
		<object>
			<coordinate>pixel</coordinate>
			<type>rectangle</type>
			<description>None</description>
			<possibleresult>
				<name>Van</name>
			</possibleresult>
			<points>
				<point>1000.000000,284.000000</point>
				<point>1000.000000,284.000000</point>
				<point>1000.000000,290.000000</point>
				<point>1000.000000,290.000000</point>
				<point>1000.000000,284.000000</point>
			</points>
		</object>
		<object>
			<coordinate>pixel</coordinate>
			<type>rectangle</type>
			<description>None</description>
			<possibleresult>
				<name>Small Car</name>
			</possibleresult>
			<points>
				<point>677.541077,977.035217</point>
				<point>664.541077,978.035217</point>
				<point>663.999939,970.999939</point>
				<point>676.999939,969.999939</point>
				<point>677.541077,977.035217</point>
			</points>
		</object>
		<object>
			<coordinate>pixel</coordinate>
			<type>rectangle</type>
			<description>None</description>
			<possibleresult>
				<name>Van</name>
			</possibleresult>
			<points>
				<point>882.000000,21.000000</point>
				<point>861.000000,21.000000</point>
				<point>861.000000,15.000000</point>
				<point>882.000000,15.000000</point>
				<point>882.000000,21.000000</point>
			</points>
		</object>
		<object>
			<coordinate>pixel</coordinate>
			<type>rectangle</type>
			<description>None</description>
			<possibleresult>
				<name>Van</name>
			</possibleresult>
			<points>
				<point>906.000000,9.000000</point>
				<point>882.000000,9.000000</point>
				<point>882.000000,2.000000</point>
				<point>906.000000,2.000000</point>
				<point>906.000000,9.000000</point>
			</points>
		</object>
		<object>
			<coordinate>pixel</coordinate>
			<type>rectangle</type>
			<description>None</description>
			<possibleresult>
				<name>Van</name>
			</possibleresult>
			<points>
				<point>907.000000,22.000000</point>
				<point>886.000000,22.000000</point>
				<point>886.000000,15.000000</point>
				<point>907.000000,15.000000</point>
				<point>907.000000,22.000000</point>
			</points>
		</object>
		<object>
			<coordinate>pixel</coordinate>
			<type>rectangle</type>
			<description>None</description>
			<possibleresult>
				<name>Small Car</name>
			</possibleresult>
			<points>
				<point>935.000000,52.000000</point>
				<point>926.000000,52.000000</point>
				<point>926.000000,37.000000</point>
				<point>935.000000,37.000000</point>
				<point>935.000000,52.000000</point>
			</points>
		</object>
		<object>
			<coordinate>pixel</coordinate>
			<type>rectangle</type>
			<description>None</description>
			<possibleresult>
				<name>Van</name>
			</possibleresult>
			<points>
				<point>955.000000,50.000000</point>
				<point>946.000000,50.000000</point>
				<point>946.000000,33.000000</point>
				<point>955.000000,33.000000</point>
				<point>955.000000,50.000000</point>
			</points>
		</object>
		<object>
			<coordinate>pixel</coordinate>
			<type>rectangle</type>
			<description>None</description>
			<possibleresult>
				<name>Van</name>
			</possibleresult>
			<points>
				<point>901.000000,707.000000</point>
				<point>891.000000,707.000000</point>
				<point>891.000000,689.000000</point>
				<point>901.000000,689.000000</point>
				<point>901.000000,707.000000</point>
			</points>
		</object>
		<object>
			<coordinate>pixel</coordinate>
			<type>rectangle</type>
			<description>None</description>
			<possibleresult>
				<name>Small Car</name>
			</possibleresult>
			<points>
				<point>648.999939,601.000000</point>
				<point>648.650940,609.028320</point>
				<point>625.650940,608.028320</point>
				<point>625.999939,600.000000</point>
				<point>648.999939,601.000000</point>
			</points>
		</object>
		<object>
			<coordinate>pixel</coordinate>
			<type>rectangle</type>
			<description>None</description>
			<possibleresult>
				<name>Small Car</name>
			</possibleresult>
			<points>
				<point>499.000000,637.000000</point>
				<point>491.000000,637.000000</point>
				<point>491.000000,622.000000</point>
				<point>499.000000,622.000000</point>
				<point>499.000000,637.000000</point>
			</points>
		</object>
		<object>
			<coordinate>pixel</coordinate>
			<type>rectangle</type>
			<description>None</description>
			<possibleresult>
				<name>Small Car</name>
			</possibleresult>
			<points>
				<point>762.030945,673.527588</point>
				<point>753.999939,674.000000</point>
				<point>752.968933,656.472412</point>
				<point>760.999939,656.000000</point>
				<point>762.030945,673.527588</point>
			</points>
		</object>
		<object>
			<coordinate>pixel</coordinate>
			<type>rectangle</type>
			<description>None</description>
			<possibleresult>
				<name>Small Car</name>
			</possibleresult>
			<points>
				<point>648.000000,915.000000</point>
				<point>627.000000,915.000000</point>
				<point>627.000000,908.000000</point>
				<point>648.000000,908.000000</point>
				<point>648.000000,915.000000</point>
			</points>
		</object>
		<object>
			<coordinate>pixel</coordinate>
			<type>rectangle</type>
			<description>None</description>
			<possibleresult>
				<name>Van</name>
			</possibleresult>
			<points>
				<point>639.000000,896.000000</point>
				<point>615.000000,896.000000</point>
				<point>615.000000,889.000000</point>
				<point>639.000000,889.000000</point>
				<point>639.000000,896.000000</point>
			</points>
		</object>
		<object>
			<coordinate>pixel</coordinate>
			<type>rectangle</type>
			<description>None</description>
			<possibleresult>
				<name>Dump Truck</name>
			</possibleresult>
			<points>
				<point>634.000000,867.000000</point>
				<point>609.000000,867.000000</point>
				<point>609.000000,858.000000</point>
				<point>634.000000,858.000000</point>
				<point>634.000000,867.000000</point>
			</points>
		</object>
		<object>
			<coordinate>pixel</coordinate>
			<type>rectangle</type>
			<description>None</description>
			<possibleresult>
				<name>Van</name>
			</possibleresult>
			<points>
				<point>634.000000,857.000000</point>
				<point>611.000000,857.000000</point>
				<point>611.000000,849.000000</point>
				<point>634.000000,849.000000</point>
				<point>634.000000,857.000000</point>
			</points>
		</object>
		<object>
			<coordinate>pixel</coordinate>
			<type>rectangle</type>
			<description>None</description>
			<possibleresult>
				<name>Van</name>
			</possibleresult>
			<points>
				<point>599.000000,817.000000</point>
				<point>590.000000,817.000000</point>
				<point>590.000000,799.000000</point>
				<point>599.000000,799.000000</point>
				<point>599.000000,817.000000</point>
			</points>
		</object>
		<object>
			<coordinate>pixel</coordinate>
			<type>rectangle</type>
			<description>None</description>
			<possibleresult>
				<name>Small Car</name>
			</possibleresult>
			<points>
				<point>549.020630,831.248352</point>
				<point>540.000000,832.000061</point>
				<point>538.979370,819.751770</point>
				<point>548.000000,819.000061</point>
				<point>549.020630,831.248352</point>
			</points>
		</object>
		<object>
			<coordinate>pixel</coordinate>
			<type>rectangle</type>
			<description>None</description>
			<possibleresult>
				<name>Van</name>
			</possibleresult>
			<points>
				<point>443.107727,881.861694</point>
				<point>434.000061,883.000122</point>
				<point>432.000061,867.000122</point>
				<point>441.107727,865.861694</point>
				<point>443.107727,881.861694</point>
			</points>
		</object>
		<object>
			<coordinate>pixel</coordinate>
			<type>rectangle</type>
			<description>None</description>
			<possibleresult>
				<name>Small Car</name>
			</possibleresult>
			<points>
				<point>453.999969,879.000000</point>
				<point>444.012177,880.109741</point>
				<point>441.999969,862.000000</point>
				<point>451.987762,860.890259</point>
				<point>453.999969,879.000000</point>
			</points>
		</object>
		<object>
			<coordinate>pixel</coordinate>
			<type>rectangle</type>
			<description>None</description>
			<possibleresult>
				<name>Van</name>
			</possibleresult>
			<points>
				<point>13.000000,794.000061</point>
				<point>4.058824,796.235413</point>
				<point>0.000000,780.000061</point>
				<point>8.941175,777.764709</point>
				<point>13.000000,794.000061</point>
			</points>
		</object>
		<object>
			<coordinate>pixel</coordinate>
			<type>rectangle</type>
			<description>None</description>
			<possibleresult>
				<name>Small Car</name>
			</possibleresult>
			<points>
				<point>73.000000,638.000000</point>
				<point>50.955379,641.006104</point>
				<point>50.000004,634.000000</point>
				<point>72.044632,630.993896</point>
				<point>73.000000,638.000000</point>
			</points>
		</object>
		<object>
			<coordinate>pixel</coordinate>
			<type>rectangle</type>
			<description>None</description>
			<possibleresult>
				<name>Van</name>
			</possibleresult>
			<points>
				<point>453.999939,707.999939</point>
				<point>432.999939,710.999939</point>
				<point>431.999939,703.999939</point>
				<point>452.999939,700.999939</point>
				<point>453.999939,707.999939</point>
			</points>
		</object>
		<object>
			<coordinate>pixel</coordinate>
			<type>rectangle</type>
			<description>None</description>
			<possibleresult>
				<name>Van</name>
			</possibleresult>
			<points>
				<point>393.669678,707.031555</point>
				<point>372.669678,709.031555</point>
				<point>372.000000,702.000061</point>
				<point>393.000000,700.000061</point>
				<point>393.669678,707.031555</point>
			</points>
		</object>
		<object>
			<coordinate>pixel</coordinate>
			<type>rectangle</type>
			<description>None</description>
			<possibleresult>
				<name>Small Car</name>
			</possibleresult>
			<points>
				<point>378.324310,619.945923</point>
				<point>353.999969,624.000000</point>
				<point>352.675629,616.054077</point>
				<point>376.999969,612.000000</point>
				<point>378.324310,619.945923</point>
			</points>
		</object>
		<object>
			<coordinate>pixel</coordinate>
			<type>rectangle</type>
			<description>None</description>
			<possibleresult>
				<name>Small Car</name>
			</possibleresult>
			<points>
				<point>501.236908,603.967346</point>
				<point>472.000031,608.000061</point>
				<point>470.763153,599.032776</point>
				<point>500.000031,595.000061</point>
				<point>501.236908,603.967346</point>
			</points>
		</object>
		<object>
			<coordinate>pixel</coordinate>
			<type>rectangle</type>
			<description>None</description>
			<possibleresult>
				<name>Van</name>
			</possibleresult>
			<points>
				<point>568.668945,598.027649</point>
				<point>544.668945,600.027649</point>
				<point>544.000000,592.000061</point>
				<point>568.000000,590.000061</point>
				<point>568.668945,598.027649</point>
			</points>
		</object>
		<object>
			<coordinate>pixel</coordinate>
			<type>rectangle</type>
			<description>None</description>
			<possibleresult>
				<name>Small Car</name>
			</possibleresult>
			<points>
				<point>603.098267,568.138733</point>
				<point>577.098267,572.138733</point>
				<point>576.000000,565.000061</point>
				<point>602.000000,561.000061</point>
				<point>603.098267,568.138733</point>
			</points>
		</object>
		<object>
			<coordinate>pixel</coordinate>
			<type>rectangle</type>
			<description>None</description>
			<possibleresult>
				<name>Cargo Truck</name>
			</possibleresult>
			<points>
				<point>640.000061,567.000122</point>
				<point>611.000061,571.000122</point>
				<point>609.357117,559.088745</point>
				<point>638.357117,555.088745</point>
				<point>640.000061,567.000122</point>
			</points>
		</object>
		<object>
			<coordinate>pixel</coordinate>
			<type>rectangle</type>
			<description>None</description>
			<possibleresult>
				<name>Small Car</name>
			</possibleresult>
			<points>
				<point>912.000000,473.000000</point>
				<point>903.000000,473.000000</point>
				<point>903.000000,456.000000</point>
				<point>912.000000,456.000000</point>
				<point>912.000000,473.000000</point>
			</points>
		</object>
		<object>
			<coordinate>pixel</coordinate>
			<type>rectangle</type>
			<description>None</description>
			<possibleresult>
				<name>Small Car</name>
			</possibleresult>
			<points>
				<point>913.000122,477.000000</point>
				<point>911.495117,492.049500</point>
				<point>901.495117,491.049500</point>
				<point>903.000122,476.000000</point>
				<point>913.000122,477.000000</point>
			</points>
		</object>
		<object>
			<coordinate>pixel</coordinate>
			<type>rectangle</type>
			<description>None</description>
			<possibleresult>
				<name>Van</name>
			</possibleresult>
			<points>
				<point>814.000000,431.000000</point>
				<point>804.000000,431.000000</point>
				<point>804.000000,413.000000</point>
				<point>814.000000,413.000000</point>
				<point>814.000000,431.000000</point>
			</points>
		</object>
		<object>
			<coordinate>pixel</coordinate>
			<type>rectangle</type>
			<description>None</description>
			<possibleresult>
				<name>Van</name>
			</possibleresult>
			<points>
				<point>864.000061,392.000031</point>
				<point>838.892395,395.138519</point>
				<point>837.892395,387.138519</point>
				<point>863.000061,384.000031</point>
				<point>864.000061,392.000031</point>
			</points>
		</object>
		<object>
			<coordinate>pixel</coordinate>
			<type>rectangle</type>
			<description>None</description>
			<possibleresult>
				<name>Small Car</name>
			</possibleresult>
			<points>
				<point>921.000122,333.000000</point>
				<point>918.969360,349.246155</point>
				<point>909.000122,348.000000</point>
				<point>911.030884,331.753845</point>
				<point>921.000122,333.000000</point>
			</points>
		</object>
		<object>
			<coordinate>pixel</coordinate>
			<type>rectangle</type>
			<description>None</description>
			<possibleresult>
				<name>Van</name>
			</possibleresult>
			<points>
				<point>922.023315,315.626465</point>
				<point>921.000000,332.000000</point>
				<point>910.976685,331.373535</point>
				<point>912.000000,315.000000</point>
				<point>922.023315,315.626465</point>
			</points>
		</object>
		<object>
			<coordinate>pixel</coordinate>
			<type>rectangle</type>
			<description>None</description>
			<possibleresult>
				<name>Small Car</name>
			</possibleresult>
			<points>
				<point>957.081909,321.303772</point>
				<point>955.081909,338.303772</point>
				<point>944.000000,337.000000</point>
				<point>946.000000,320.000000</point>
				<point>957.081909,321.303772</point>
			</points>
		</object>
		<object>
			<coordinate>pixel</coordinate>
			<type>rectangle</type>
			<description>None</description>
			<possibleresult>
				<name>Small Car</name>
			</possibleresult>
			<points>
				<point>921.000061,299.000000</point>
				<point>920.000061,314.000000</point>
				<point>910.973572,313.398254</point>
				<point>911.973572,298.398254</point>
				<point>921.000061,299.000000</point>
			</points>
		</object>
		<object>
			<coordinate>pixel</coordinate>
			<type>rectangle</type>
			<description>None</description>
			<possibleresult>
				<name>Small Car</name>
			</possibleresult>
			<points>
				<point>960.000000,290.000000</point>
				<point>951.000000,290.000000</point>
				<point>951.000000,274.000000</point>
				<point>960.000000,274.000000</point>
				<point>960.000000,290.000000</point>
			</points>
		</object>
		<object>
			<coordinate>pixel</coordinate>
			<type>rectangle</type>
			<description>None</description>
			<possibleresult>
				<name>Small Car</name>
			</possibleresult>
			<points>
				<point>925.021484,272.387665</point>
				<point>914.000000,272.999969</point>
				<point>912.978516,254.612274</point>
				<point>924.000000,253.999969</point>
				<point>925.021484,272.387665</point>
			</points>
		</object>
		<object>
			<coordinate>pixel</coordinate>
			<type>rectangle</type>
			<description>None</description>
			<possibleresult>
				<name>Small Car</name>
			</possibleresult>
			<points>
				<point>961.000061,263.000000</point>
				<point>952.031067,263.527588</point>
				<point>951.000061,246.000000</point>
				<point>959.969055,245.472412</point>
				<point>961.000061,263.000000</point>
			</points>
		</object>
		<object>
			<coordinate>pixel</coordinate>
			<type>rectangle</type>
			<description>None</description>
			<possibleresult>
				<name>Van</name>
			</possibleresult>
			<points>
				<point>943.640076,191.519974</point>
				<point>927.000061,203.999985</point>
				<point>921.360046,196.479996</point>
				<point>938.000061,183.999985</point>
				<point>943.640076,191.519974</point>
			</points>
		</object>
		<object>
			<coordinate>pixel</coordinate>
			<type>rectangle</type>
			<description>None</description>
			<possibleresult>
				<name>Van</name>
			</possibleresult>
			<points>
				<point>883.095520,163.812271</point>
				<point>872.999939,164.999985</point>
				<point>870.999939,147.999985</point>
				<point>881.095520,146.812271</point>
				<point>883.095520,163.812271</point>
			</points>
		</object>
		<object>
			<coordinate>pixel</coordinate>
			<type>rectangle</type>
			<description>None</description>
			<possibleresult>
				<name>Small Car</name>
			</possibleresult>
			<points>
				<point>872.000000,167.000000</point>
				<point>862.000000,168.000000</point>
				<point>860.296997,150.970306</point>
				<point>870.296997,149.970306</point>
				<point>872.000000,167.000000</point>
			</points>
		</object>
		<object>
			<coordinate>pixel</coordinate>
			<type>rectangle</type>
			<description>None</description>
			<possibleresult>
				<name>Van</name>
			</possibleresult>
			<points>
				<point>884.000000,96.000000</point>
				<point>873.000000,96.000000</point>
				<point>873.000000,79.000000</point>
				<point>884.000000,79.000000</point>
				<point>884.000000,96.000000</point>
			</points>
		</object>
		<object>
			<coordinate>pixel</coordinate>
			<type>rectangle</type>
			<description>None</description>
			<possibleresult>
				<name>Van</name>
			</possibleresult>
			<points>
				<point>870.000000,96.000000</point>
				<point>859.000000,96.000000</point>
				<point>859.000000,79.000000</point>
				<point>870.000000,79.000000</point>
				<point>870.000000,96.000000</point>
			</points>
		</object>
		<object>
			<coordinate>pixel</coordinate>
			<type>rectangle</type>
			<description>None</description>
			<possibleresult>
				<name>Small Car</name>
			</possibleresult>
			<points>
				<point>855.019470,97.311287</point>
				<point>844.000061,98.000008</point>
				<point>842.980652,81.688728</point>
				<point>854.000061,81.000008</point>
				<point>855.019470,97.311287</point>
			</points>
		</object>
		<object>
			<coordinate>pixel</coordinate>
			<type>rectangle</type>
			<description>None</description>
			<possibleresult>
				<name>Small Car</name>
			</possibleresult>
			<points>
				<point>841.119995,100.159996</point>
				<point>830.119995,102.159996</point>
				<point>827.000000,84.999992</point>
				<point>838.000000,82.999992</point>
				<point>841.119995,100.159996</point>
			</points>
		</object>
		<object>
			<coordinate>pixel</coordinate>
			<type>rectangle</type>
			<description>None</description>
			<possibleresult>
				<name>Small Car</name>
			</possibleresult>
			<points>
				<point>825.999878,99.000008</point>
				<point>818.019897,100.140007</point>
				<point>815.999878,86.000008</point>
				<point>823.979858,84.860008</point>
				<point>825.999878,99.000008</point>
			</points>
		</object>
		<object>
			<coordinate>pixel</coordinate>
			<type>rectangle</type>
			<description>None</description>
			<possibleresult>
				<name>Small Car</name>
			</possibleresult>
			<points>
				<point>774.180481,109.856758</point>
				<point>764.000061,111.999992</point>
				<point>760.000061,92.999992</point>
				<point>770.180481,90.856758</point>
				<point>774.180481,109.856758</point>
			</points>
		</object>
		<object>
			<coordinate>pixel</coordinate>
			<type>rectangle</type>
			<description>None</description>
			<possibleresult>
				<name>Truck Tractor</name>
			</possibleresult>
			<points>
				<point>554.020142,260.997894</point>
				<point>504.999969,265.999969</point>
				<point>503.979828,256.002045</point>
				<point>553.000000,250.999969</point>
				<point>554.020142,260.997894</point>
			</points>
		</object>
		<object>
			<coordinate>pixel</coordinate>
			<type>rectangle</type>
			<description>None</description>
			<possibleresult>
				<name>Dump Truck</name>
			</possibleresult>
			<points>
				<point>565.369263,211.953873</point>
				<point>541.000000,215.000015</point>
				<point>539.630737,204.046158</point>
				<point>564.000000,201.000015</point>
				<point>565.369263,211.953873</point>
			</points>
		</object>
		<object>
			<coordinate>pixel</coordinate>
			<type>rectangle</type>
			<description>None</description>
			<possibleresult>
				<name>Small Car</name>
			</possibleresult>
			<points>
				<point>578.000000,144.000000</point>
				<point>568.000000,146.000015</point>
				<point>564.384644,127.923088</point>
				<point>574.384644,125.923080</point>
				<point>578.000000,144.000000</point>
			</points>
		</object>
		<object>
			<coordinate>pixel</coordinate>
			<type>rectangle</type>
			<description>None</description>
			<possibleresult>
				<name>Van</name>
			</possibleresult>
			<points>
				<point>503.611664,154.033798</point>
				<point>480.611664,156.033798</point>
				<point>480.000031,149.000015</point>
				<point>503.000031,147.000015</point>
				<point>503.611664,154.033798</point>
			</points>
		</object>
		<object>
			<coordinate>pixel</coordinate>
			<type>rectangle</type>
			<description>None</description>
			<possibleresult>
				<name>Van</name>
			</possibleresult>
			<points>
				<point>501.000000,146.000015</point>
				<point>481.000000,147.000015</point>
				<point>480.598511,138.970078</point>
				<point>500.598511,137.970078</point>
				<point>501.000000,146.000015</point>
			</points>
		</object>
		<object>
			<coordinate>pixel</coordinate>
			<type>rectangle</type>
			<description>None</description>
			<possibleresult>
				<name>Small Car</name>
			</possibleresult>
			<points>
				<point>399.384705,171.076950</point>
				<point>391.384705,172.076950</point>
				<point>390.000061,161.000015</point>
				<point>398.000061,160.000015</point>
				<point>399.384705,171.076950</point>
			</points>
		</object>
		<object>
			<coordinate>pixel</coordinate>
			<type>rectangle</type>
			<description>None</description>
			<possibleresult>
				<name>Small Car</name>
			</possibleresult>
			<points>
				<point>378.023560,147.305862</point>
				<point>369.000000,147.999985</point>
				<point>367.976440,134.694107</point>
				<point>377.000000,133.999985</point>
				<point>378.023560,147.305862</point>
			</points>
		</object>
		<object>
			<coordinate>pixel</coordinate>
			<type>rectangle</type>
			<description>None</description>
			<possibleresult>
				<name>Van</name>
			</possibleresult>
			<points>
				<point>426.000031,151.000015</point>
				<point>401.751740,153.020706</point>
				<point>401.000031,144.000015</point>
				<point>425.248322,141.979324</point>
				<point>426.000031,151.000015</point>
			</points>
		</object>
		<object>
			<coordinate>pixel</coordinate>
			<type>rectangle</type>
			<description>None</description>
			<possibleresult>
				<name>Van</name>
			</possibleresult>
			<points>
				<point>422.000031,138.000000</point>
				<point>398.000031,142.000000</point>
				<point>396.648651,133.891907</point>
				<point>420.648651,129.891907</point>
				<point>422.000031,138.000000</point>
			</points>
		</object>
		<object>
			<coordinate>pixel</coordinate>
			<type>rectangle</type>
			<description>None</description>
			<possibleresult>
				<name>Van</name>
			</possibleresult>
			<points>
				<point>345.000000,132.000000</point>
				<point>335.035583,135.113892</point>
				<point>330.000000,119.000000</point>
				<point>339.964417,115.886108</point>
				<point>345.000000,132.000000</point>
			</points>
		</object>
		<object>
			<coordinate>pixel</coordinate>
			<type>rectangle</type>
			<description>None</description>
			<possibleresult>
				<name>Van</name>
			</possibleresult>
			<points>
				<point>321.230774,136.153839</point>
				<point>311.230774,138.153824</point>
				<point>308.000000,121.999977</point>
				<point>318.000000,119.999985</point>
				<point>321.230774,136.153839</point>
			</points>
		</object>
		<object>
			<coordinate>pixel</coordinate>
			<type>rectangle</type>
			<description>None</description>
			<possibleresult>
				<name>Small Car</name>
			</possibleresult>
			<points>
				<point>285.000031,269.000000</point>
				<point>261.611664,271.033752</point>
				<point>261.000031,264.000000</point>
				<point>284.388397,261.966248</point>
				<point>285.000031,269.000000</point>
			</points>
		</object>
		<object>
			<coordinate>pixel</coordinate>
			<type>rectangle</type>
			<description>None</description>
			<possibleresult>
				<name>Van</name>
			</possibleresult>
			<points>
				<point>216.999985,111.999992</point>
				<point>206.904434,113.187706</point>
				<point>204.904434,96.187706</point>
				<point>214.999985,94.999992</point>
				<point>216.999985,111.999992</point>
			</points>
		</object>
		<object>
			<coordinate>pixel</coordinate>
			<type>rectangle</type>
			<description>None</description>
			<possibleresult>
				<name>Van</name>
			</possibleresult>
			<points>
				<point>185.721298,130.934448</point>
				<point>162.999985,133.000015</point>
				<point>162.278671,125.065582</point>
				<point>184.999985,123.000015</point>
				<point>185.721298,130.934448</point>
			</points>
		</object>
		<object>
			<coordinate>pixel</coordinate>
			<type>rectangle</type>
			<description>None</description>
			<possibleresult>
				<name>Small Car</name>
			</possibleresult>
			<points>
				<point>108.137871,134.973770</point>
				<point>87.137871,138.973770</point>
				<point>86.000008,133.000015</point>
				<point>107.000008,129.000015</point>
				<point>108.137871,134.973770</point>
			</points>
		</object>
		<object>
			<coordinate>pixel</coordinate>
			<type>rectangle</type>
			<description>None</description>
			<possibleresult>
				<name>Small Car</name>
			</possibleresult>
			<points>
				<point>151.000000,192.000000</point>
				<point>128.000000,192.000000</point>
				<point>128.000000,185.000000</point>
				<point>151.000000,185.000000</point>
				<point>151.000000,192.000000</point>
			</points>
		</object>
		<object>
			<coordinate>pixel</coordinate>
			<type>rectangle</type>
			<description>None</description>
			<possibleresult>
				<name>Small Car</name>
			</possibleresult>
			<points>
				<point>658.988647,409.939636</point>
				<point>648.000000,412.000000</point>
				<point>645.000000,396.000000</point>
				<point>655.988647,393.939636</point>
				<point>658.988647,409.939636</point>
			</points>
		</object>
		<object>
			<coordinate>pixel</coordinate>
			<type>rectangle</type>
			<description>None</description>
			<possibleresult>
				<name>Small Car</name>
			</possibleresult>
			<points>
				<point>640.047119,390.211792</point>
				<point>632.000000,392.000000</point>
				<point>627.952881,373.788208</point>
				<point>636.000000,372.000000</point>
				<point>640.047119,390.211792</point>
			</points>
		</object>
		<object>
			<coordinate>pixel</coordinate>
			<type>rectangle</type>
			<description>None</description>
			<possibleresult>
				<name>Small Car</name>
			</possibleresult>
			<points>
				<point>673.000000,373.000031</point>
				<point>651.858398,375.013519</point>
				<point>651.000000,366.000031</point>
				<point>672.141602,363.986542</point>
				<point>673.000000,373.000031</point>
			</points>
		</object>
		<object>
			<coordinate>pixel</coordinate>
			<type>rectangle</type>
			<description>None</description>
			<possibleresult>
				<name>Van</name>
			</possibleresult>
			<points>
				<point>671.399109,360.980011</point>
				<point>651.000061,361.999969</point>
				<point>650.601013,354.019928</point>
				<point>671.000061,352.999969</point>
				<point>671.399109,360.980011</point>
			</points>
		</object>
		<object>
			<coordinate>pixel</coordinate>
			<type>rectangle</type>
			<description>None</description>
			<possibleresult>
				<name>Small Car</name>
			</possibleresult>
			<points>
				<point>672.334900,349.031708</point>
				<point>651.334900,350.031708</point>
				<point>651.000061,343.000031</point>
				<point>672.000061,342.000031</point>
				<point>672.334900,349.031708</point>
			</points>
		</object>
		<object>
			<coordinate>pixel</coordinate>
			<type>rectangle</type>
			<description>None</description>
			<possibleresult>
				<name>Van</name>
			</possibleresult>
			<points>
				<point>618.030518,379.426392</point>
				<point>610.000000,380.000000</point>
				<point>609.000000,366.000000</point>
				<point>617.030518,365.426392</point>
				<point>618.030518,379.426392</point>
			</points>
		</object>
		<object>
			<coordinate>pixel</coordinate>
			<type>rectangle</type>
			<description>None</description>
			<possibleresult>
				<name>Small Car</name>
			</possibleresult>
			<points>
				<point>527.825928,371.020508</point>
				<point>510.825928,373.020508</point>
				<point>510.000000,366.000000</point>
				<point>527.000000,364.000000</point>
				<point>527.825928,371.020508</point>
			</points>
		</object>
		<object>
			<coordinate>pixel</coordinate>
			<type>rectangle</type>
			<description>None</description>
			<possibleresult>
				<name>Van</name>
			</possibleresult>
			<points>
				<point>555.083069,402.311279</point>
				<point>545.000061,405.000061</point>
				<point>540.917053,389.688843</point>
				<point>551.000061,387.000061</point>
				<point>555.083069,402.311279</point>
			</points>
		</object>
		<object>
			<coordinate>pixel</coordinate>
			<type>rectangle</type>
			<description>None</description>
			<possibleresult>
				<name>Small Car</name>
			</possibleresult>
			<points>
				<point>592.000000,468.000000</point>
				<point>565.924072,471.008789</point>
				<point>565.000000,463.000000</point>
				<point>591.075928,459.991211</point>
				<point>592.000000,468.000000</point>
			</points>
		</object>
		<object>
			<coordinate>pixel</coordinate>
			<type>rectangle</type>
			<description>None</description>
			<possibleresult>
				<name>Small Car</name>
			</possibleresult>
			<points>
				<point>453.367432,485.980652</point>
				<point>434.000000,487.000000</point>
				<point>433.632568,480.019348</point>
				<point>453.000000,479.000000</point>
				<point>453.367432,485.980652</point>
			</points>
		</object>
		<object>
			<coordinate>pixel</coordinate>
			<type>rectangle</type>
			<description>None</description>
			<possibleresult>
				<name>Small Car</name>
			</possibleresult>
			<points>
				<point>425.999939,473.000031</point>
				<point>417.952881,474.788239</point>
				<point>413.952881,456.788239</point>
				<point>421.999939,455.000031</point>
				<point>425.999939,473.000031</point>
			</points>
		</object>
		<object>
			<coordinate>pixel</coordinate>
			<type>rectangle</type>
			<description>None</description>
			<possibleresult>
				<name>Van</name>
			</possibleresult>
			<points>
				<point>392.000000,370.000000</point>
				<point>382.934998,384.101074</point>
				<point>375.000000,379.000000</point>
				<point>384.065002,364.898926</point>
				<point>392.000000,370.000000</point>
			</points>
		</object>
		<object>
			<coordinate>pixel</coordinate>
			<type>rectangle</type>
			<description>None</description>
			<possibleresult>
				<name>Van</name>
			</possibleresult>
			<points>
				<point>375.123047,371.984650</point>
				<point>359.000000,374.000031</point>
				<point>358.000000,366.000031</point>
				<point>374.123047,363.984650</point>
				<point>375.123047,371.984650</point>
			</points>
		</object>
		<object>
			<coordinate>pixel</coordinate>
			<type>rectangle</type>
			<description>None</description>
			<possibleresult>
				<name>Van</name>
			</possibleresult>
			<points>
				<point>313.000031,407.000061</point>
				<point>305.000031,409.000061</point>
				<point>301.000031,393.000061</point>
				<point>309.000031,391.000061</point>
				<point>313.000031,407.000061</point>
			</points>
		</object>
		<object>
			<coordinate>pixel</coordinate>
			<type>rectangle</type>
			<description>None</description>
			<possibleresult>
				<name>Small Car</name>
			</possibleresult>
			<points>
				<point>313.999969,504.000000</point>
				<point>293.999969,505.000000</point>
				<point>293.648346,497.967590</point>
				<point>313.648346,496.967590</point>
				<point>313.999969,504.000000</point>
			</points>
		</object>
		<object>
			<coordinate>pixel</coordinate>
			<type>rectangle</type>
			<description>None</description>
			<possibleresult>
				<name>Small Car</name>
			</possibleresult>
			<points>
				<point>319.000000,494.000000</point>
				<point>295.000000,495.000000</point>
				<point>294.707092,487.970520</point>
				<point>318.707092,486.970520</point>
				<point>319.000000,494.000000</point>
			</points>
		</object>
		<object>
			<coordinate>pixel</coordinate>
			<type>rectangle</type>
			<description>None</description>
			<possibleresult>
				<name>Van</name>
			</possibleresult>
			<points>
				<point>317.102692,482.983795</point>
				<point>297.999969,486.000031</point>
				<point>296.897247,479.016266</point>
				<point>315.999969,476.000031</point>
				<point>317.102692,482.983795</point>
			</points>
		</object>
		<object>
			<coordinate>pixel</coordinate>
			<type>rectangle</type>
			<description>None</description>
			<possibleresult>
				<name>Small Car</name>
			</possibleresult>
			<points>
				<point>265.122314,509.917023</point>
				<point>257.000031,510.999969</point>
				<point>254.877762,495.082916</point>
				<point>263.000031,493.999969</point>
				<point>265.122314,509.917023</point>
			</points>
		</object>
		<object>
			<coordinate>pixel</coordinate>
			<type>rectangle</type>
			<description>None</description>
			<possibleresult>
				<name>Small Car</name>
			</possibleresult>
			<points>
				<point>188.000000,520.000000</point>
				<point>167.801971,522.019775</point>
				<point>167.000000,514.000000</point>
				<point>187.198029,511.980225</point>
				<point>188.000000,520.000000</point>
			</points>
		</object>
		<object>
			<coordinate>pixel</coordinate>
			<type>rectangle</type>
			<description>None</description>
			<possibleresult>
				<name>Small Car</name>
			</possibleresult>
			<points>
				<point>185.000015,500.000031</point>
				<point>159.960587,503.004791</point>
				<point>159.000015,495.000031</point>
				<point>184.039444,491.995270</point>
				<point>185.000015,500.000031</point>
			</points>
		</object>
		<object>
			<coordinate>pixel</coordinate>
			<type>rectangle</type>
			<description>None</description>
			<possibleresult>
				<name>Van</name>
			</possibleresult>
			<points>
				<point>144.000000,509.000000</point>
				<point>134.000000,511.000000</point>
				<point>131.000000,496.000000</point>
				<point>141.000000,494.000000</point>
				<point>144.000000,509.000000</point>
			</points>
		</object>
		<object>
			<coordinate>pixel</coordinate>
			<type>rectangle</type>
			<description>None</description>
			<possibleresult>
				<name>Van</name>
			</possibleresult>
			<points>
				<point>209.091797,417.390106</point>
				<point>198.000000,419.999969</point>
				<point>193.908203,402.609833</point>
				<point>205.000000,399.999969</point>
				<point>209.091797,417.390106</point>
			</points>
		</object>
		<object>
			<coordinate>pixel</coordinate>
			<type>rectangle</type>
			<description>None</description>
			<possibleresult>
				<name>Small Car</name>
			</possibleresult>
			<points>
				<point>180.145142,416.223022</point>
				<point>157.145142,422.223022</point>
				<point>155.000000,414.000000</point>
				<point>178.000000,408.000000</point>
				<point>180.145142,416.223022</point>
			</points>
		</object>
		<object>
			<coordinate>pixel</coordinate>
			<type>rectangle</type>
			<description>None</description>
			<possibleresult>
				<name>Small Car</name>
			</possibleresult>
			<points>
				<point>177.048798,398.438995</point>
				<point>154.000000,400.999969</point>
				<point>153.000000,391.999969</point>
				<point>176.048798,389.438995</point>
				<point>177.048798,398.438995</point>
			</points>
		</object>
		<object>
			<coordinate>pixel</coordinate>
			<type>rectangle</type>
			<description>None</description>
			<possibleresult>
				<name>Small Car</name>
			</possibleresult>
			<points>
				<point>120.000000,387.000000</point>
				<point>103.575226,401.371704</point>
				<point>98.000000,395.000000</point>
				<point>114.424774,380.628296</point>
				<point>120.000000,387.000000</point>
			</points>
		</object>
		<object>
			<coordinate>pixel</coordinate>
			<type>rectangle</type>
			<description>None</description>
			<possibleresult>
				<name>Small Car</name>
			</possibleresult>
			<points>
				<point>104.295883,421.989014</point>
				<point>77.000000,423.000000</point>
				<point>76.704117,415.010986</point>
				<point>104.000000,414.000000</point>
				<point>104.295883,421.989014</point>
			</points>
		</object>
		<object>
			<coordinate>pixel</coordinate>
			<type>rectangle</type>
			<description>None</description>
			<possibleresult>
				<name>Dump Truck</name>
			</possibleresult>
			<points>
				<point>9.000000,531.000000</point>
				<point>0.000000,531.900024</point>
				<point>0.000000,511.700012</point>
				<point>7.000000,511.000000</point>
				<point>9.000000,531.000000</point>
			</points>
		</object>
		<object>
			<coordinate>pixel</coordinate>
			<type>rectangle</type>
			<description>None</description>
			<possibleresult>
				<name>Van</name>
			</possibleresult>
			<points>
				<point>237.222229,1001.999939</point>
				<point>237.000000,999.999939</point>
				<point>255.000000,997.999939</point>
				<point>255.222229,999.999939</point>
				<point>237.222229,1001.999939</point>
			</points>
		</object>
		<object>
			<coordinate>pixel</coordinate>
			<type>rectangle</type>
			<description>None</description>
			<possibleresult>
				<name>Small Car</name>
			</possibleresult>
			<points>
				<point>299.000702,1000.000000</point>
				<point>274.625031,1000.000000</point>
				<point>274.138519,996.107727</point>
				<point>299.000031,993.000061</point>
				<point>299.000702,1000.000000</point>
			</points>
		</object>
		<object>
			<coordinate>pixel</coordinate>
			<type>rectangle</type>
			<description>None</description>
			<possibleresult>
				<name>Small Car</name>
			</possibleresult>
			<points>
				<point>373.000000,990.999939</point>
				<point>353.000000,992.999939</point>
				<point>352.297058,985.970276</point>
				<point>372.297058,983.970276</point>
				<point>373.000000,990.999939</point>
			</points>
		</object>
		<object>
			<coordinate>pixel</coordinate>
			<type>rectangle</type>
			<description>None</description>
			<possibleresult>
				<name>Van</name>
			</possibleresult>
			<points>
				<point>424.000275,1000.000000</point>
				<point>424.000275,997.000000</point>
				<point>444.449982,997.000000</point>
				<point>444.449982,1000.000000</point>
				<point>424.000275,1000.000000</point>
			</points>
		</object>
		<object>
			<coordinate>pixel</coordinate>
			<type>rectangle</type>
			<description>None</description>
			<possibleresult>
				<name>Small Car</name>
			</possibleresult>
			<points>
				<point>468.833374,1000.000000</point>
				<point>444.666718,1000.000000</point>
				<point>444.413849,996.965576</point>
				<point>468.413849,994.965576</point>
				<point>468.833374,1000.000000</point>
			</points>
		</object>
		<object>
			<coordinate>pixel</coordinate>
			<type>rectangle</type>
			<description>None</description>
			<possibleresult>
				<name>Small Car</name>
			</possibleresult>
			<points>
				<point>460.000000,979.999939</point>
				<point>438.000000,982.999939</point>
				<point>436.758606,973.896545</point>
				<point>458.758606,970.896545</point>
				<point>460.000000,979.999939</point>
			</points>
		</object>
		<object>
			<coordinate>pixel</coordinate>
			<type>rectangle</type>
			<description>None</description>
			<possibleresult>
				<name>Van</name>
			</possibleresult>
			<points>
				<point>547.999939,992.000061</point>
				<point>524.999939,994.000061</point>
				<point>524.474670,987.958801</point>
				<point>547.474670,985.958801</point>
				<point>547.999939,992.000061</point>
			</points>
		</object>
		<object>
			<coordinate>pixel</coordinate>
			<type>rectangle</type>
			<description>None</description>
			<possibleresult>
				<name>Small Car</name>
			</possibleresult>
			<points>
				<point>575.000000,989.000000</point>
				<point>551.914551,992.011108</point>
				<point>551.000000,985.000000</point>
				<point>574.085449,981.988892</point>
				<point>575.000000,989.000000</point>
			</points>
		</object>
		<object>
			<coordinate>pixel</coordinate>
			<type>rectangle</type>
			<description>None</description>
			<possibleresult>
				<name>Van</name>
			</possibleresult>
			<points>
				<point>847.061035,975.548828</point>
				<point>825.000000,978.000000</point>
				<point>824.000000,969.000000</point>
				<point>846.061035,966.548828</point>
				<point>847.061035,975.548828</point>
			</points>
		</object>
		<object>
			<coordinate>pixel</coordinate>
			<type>rectangle</type>
			<description>None</description>
			<possibleresult>
				<name>Small Car</name>
			</possibleresult>
			<points>
				<point>944.155457,987.590698</point>
				<point>935.000061,990.000000</point>
				<point>930.000061,971.000000</point>
				<point>939.155457,968.590698</point>
				<point>944.155457,987.590698</point>
			</points>
		</object>
		<object>
			<coordinate>pixel</coordinate>
			<type>rectangle</type>
			<description>None</description>
			<possibleresult>
				<name>Van</name>
			</possibleresult>
			<points>
				<point>38.295891,31.989040</point>
				<point>11.000000,33.000000</point>
				<point>10.704109,25.010960</point>
				<point>38.000000,24.000000</point>
				<point>38.295891,31.989040</point>
			</points>
		</object>
		<object>
			<coordinate>pixel</coordinate>
			<type>rectangle</type>
			<description>None</description>
			<possibleresult>
				<name>Van</name>
			</possibleresult>
			<points>
				<point>33.364952,18.028866</point>
				<point>11.364949,19.028866</point>
				<point>11.000001,11.000000</point>
				<point>33.000004,10.000000</point>
				<point>33.364952,18.028866</point>
			</points>
		</object>
		<object>
			<coordinate>pixel</coordinate>
			<type>rectangle</type>
			<description>None</description>
			<possibleresult>
				<name>Small Car</name>
			</possibleresult>
			<points>
				<point>85.029427,924.382202</point>
				<point>77.000008,924.999878</point>
				<point>76.000008,911.999878</point>
				<point>84.029427,911.382202</point>
				<point>85.029427,924.382202</point>
			</points>
		</object>
	</objects>
</annotation>