<?xml version="1.0" encoding="utf-8"?>
<annotation>
	<source>
		<filename>1299.tif</filename>
		<origin>GF2/GF3</origin>
	</source>
	<research>
		<version>1.0</version>
		<provider>FAIR1M</provider>
		<author>Cyber</author>
		<pluginname>FAIR1M</pluginname>
		<pluginclass>object detection</pluginclass>
		<time>2021-07-21</time>
	</research>
	<size>
		<width>1000</width>
		<height>1000</height>
		<depth>3</depth>
	</size>
	<objects>
		<object>
			<coordinate>pixel</coordinate>
			<type>rectangle</type>
			<description>None</description>
			<possibleresult>
				<name>Small Car</name>
			</possibleresult>
			<points>
				<point>78.000000,187.000000</point>
				<point>61.000000,194.000000</point>
				<point>57.000000,184.000000</point>
				<point>74.000000,177.000000</point>
				<point>78.000000,187.000000</point>
			</points>
		</object>
		<object>
			<coordinate>pixel</coordinate>
			<type>rectangle</type>
			<description>None</description>
			<possibleresult>
				<name>Dump Truck</name>
			</possibleresult>
			<points>
				<point>82.000000,193.000000</point>
				<point>64.000000,203.000000</point>
				<point>59.000000,194.000000</point>
				<point>78.000000,185.000000</point>
				<point>82.000000,193.000000</point>
			</points>
		</object>
		<object>
			<coordinate>pixel</coordinate>
			<type>rectangle</type>
			<description>None</description>
			<possibleresult>
				<name>Small Car</name>
			</possibleresult>
			<points>
				<point>112.000000,231.000000</point>
				<point>90.000000,244.000000</point>
				<point>84.000000,234.000000</point>
				<point>106.000000,221.000000</point>
				<point>112.000000,231.000000</point>
			</points>
		</object>
		<object>
			<coordinate>pixel</coordinate>
			<type>rectangle</type>
			<description>None</description>
			<possibleresult>
				<name>Small Car</name>
			</possibleresult>
			<points>
				<point>121.000000,242.000000</point>
				<point>99.000000,252.000000</point>
				<point>96.000000,245.000000</point>
				<point>117.000000,234.000000</point>
				<point>121.000000,242.000000</point>
			</points>
		</object>
		<object>
			<coordinate>pixel</coordinate>
			<type>rectangle</type>
			<description>None</description>
			<possibleresult>
				<name>Small Car</name>
			</possibleresult>
			<points>
				<point>129.000000,249.000000</point>
				<point>109.000000,260.000000</point>
				<point>104.000000,252.000000</point>
				<point>124.000000,241.000000</point>
				<point>129.000000,249.000000</point>
			</points>
		</object>
		<object>
			<coordinate>pixel</coordinate>
			<type>rectangle</type>
			<description>None</description>
			<possibleresult>
				<name>Small Car</name>
			</possibleresult>
			<points>
				<point>133.000000,257.000000</point>
				<point>114.000000,269.000000</point>
				<point>109.000000,260.000000</point>
				<point>128.000000,248.000000</point>
				<point>133.000000,257.000000</point>
			</points>
		</object>
		<object>
			<coordinate>pixel</coordinate>
			<type>rectangle</type>
			<description>None</description>
			<possibleresult>
				<name>Van</name>
			</possibleresult>
			<points>
				<point>139.000000,263.000000</point>
				<point>119.000000,274.000000</point>
				<point>115.000000,267.000000</point>
				<point>135.000000,256.000000</point>
				<point>139.000000,263.000000</point>
			</points>
		</object>
		<object>
			<coordinate>pixel</coordinate>
			<type>rectangle</type>
			<description>None</description>
			<possibleresult>
				<name>Small Car</name>
			</possibleresult>
			<points>
				<point>82.000000,514.000000</point>
				<point>62.000000,527.000000</point>
				<point>57.000000,519.000000</point>
				<point>76.000000,505.000000</point>
				<point>82.000000,514.000000</point>
			</points>
		</object>
		<object>
			<coordinate>pixel</coordinate>
			<type>rectangle</type>
			<description>None</description>
			<possibleresult>
				<name>Van</name>
			</possibleresult>
			<points>
				<point>87.000000,518.000000</point>
				<point>71.000000,529.000000</point>
				<point>67.000000,522.000000</point>
				<point>83.000000,511.000000</point>
				<point>87.000000,518.000000</point>
			</points>
		</object>
		<object>
			<coordinate>pixel</coordinate>
			<type>rectangle</type>
			<description>None</description>
			<possibleresult>
				<name>Small Car</name>
			</possibleresult>
			<points>
				<point>27.000000,547.000000</point>
				<point>13.000000,559.000000</point>
				<point>6.000000,551.000000</point>
				<point>20.000000,539.000000</point>
				<point>27.000000,547.000000</point>
			</points>
		</object>
		<object>
			<coordinate>pixel</coordinate>
			<type>rectangle</type>
			<description>None</description>
			<possibleresult>
				<name>Van</name>
			</possibleresult>
			<points>
				<point>232.000000,507.000000</point>
				<point>218.000000,519.000000</point>
				<point>212.000000,511.000000</point>
				<point>226.000000,498.000000</point>
				<point>232.000000,507.000000</point>
			</points>
		</object>
		<object>
			<coordinate>pixel</coordinate>
			<type>rectangle</type>
			<description>None</description>
			<possibleresult>
				<name>Dump Truck</name>
			</possibleresult>
			<points>
				<point>235.000000,486.000000</point>
				<point>214.000000,506.000000</point>
				<point>206.000000,498.000000</point>
				<point>228.000000,479.000000</point>
				<point>235.000000,486.000000</point>
			</points>
		</object>
		<object>
			<coordinate>pixel</coordinate>
			<type>rectangle</type>
			<description>None</description>
			<possibleresult>
				<name>Small Car</name>
			</possibleresult>
			<points>
				<point>325.000000,398.000000</point>
				<point>309.000000,413.000000</point>
				<point>302.000000,406.000000</point>
				<point>317.000000,390.000000</point>
				<point>325.000000,398.000000</point>
			</points>
		</object>
		<object>
			<coordinate>pixel</coordinate>
			<type>rectangle</type>
			<description>None</description>
			<possibleresult>
				<name>Small Car</name>
			</possibleresult>
			<points>
				<point>78.000000,695.000000</point>
				<point>62.000000,710.000000</point>
				<point>56.000000,704.000000</point>
				<point>72.000000,689.000000</point>
				<point>78.000000,695.000000</point>
			</points>
		</object>
		<object>
			<coordinate>pixel</coordinate>
			<type>rectangle</type>
			<description>None</description>
			<possibleresult>
				<name>Van</name>
			</possibleresult>
			<points>
				<point>114.000000,664.000000</point>
				<point>100.000000,676.000000</point>
				<point>94.000000,669.000000</point>
				<point>108.000000,657.000000</point>
				<point>114.000000,664.000000</point>
			</points>
		</object>
		<object>
			<coordinate>pixel</coordinate>
			<type>rectangle</type>
			<description>None</description>
			<possibleresult>
				<name>Van</name>
			</possibleresult>
			<points>
				<point>92.000000,661.000000</point>
				<point>74.000000,676.000000</point>
				<point>68.000000,668.000000</point>
				<point>86.000000,653.000000</point>
				<point>92.000000,661.000000</point>
			</points>
		</object>
		<object>
			<coordinate>pixel</coordinate>
			<type>rectangle</type>
			<description>None</description>
			<possibleresult>
				<name>Small Car</name>
			</possibleresult>
			<points>
				<point>122.000000,635.000000</point>
				<point>107.000000,649.000000</point>
				<point>99.000000,641.000000</point>
				<point>114.000000,627.000000</point>
				<point>122.000000,635.000000</point>
			</points>
		</object>
		<object>
			<coordinate>pixel</coordinate>
			<type>rectangle</type>
			<description>None</description>
			<possibleresult>
				<name>Small Car</name>
			</possibleresult>
			<points>
				<point>161.000000,600.000000</point>
				<point>143.000000,614.000000</point>
				<point>136.000000,605.000000</point>
				<point>153.000000,590.000000</point>
				<point>161.000000,600.000000</point>
			</points>
		</object>
		<object>
			<coordinate>pixel</coordinate>
			<type>rectangle</type>
			<description>None</description>
			<possibleresult>
				<name>Dump Truck</name>
			</possibleresult>
			<points>
				<point>281.000000,656.000000</point>
				<point>272.000000,662.000000</point>
				<point>258.000000,641.000000</point>
				<point>267.000000,635.000000</point>
				<point>281.000000,656.000000</point>
			</points>
		</object>
		<object>
			<coordinate>pixel</coordinate>
			<type>rectangle</type>
			<description>None</description>
			<possibleresult>
				<name>Baseball Field</name>
			</possibleresult>
			<points>
				<point>854.000000,535.000000</point>
				<point>666.000000,625.000000</point>
				<point>598.000000,483.000000</point>
				<point>785.000000,392.000000</point>
				<point>854.000000,535.000000</point>
			</points>
		</object>
		<object>
			<coordinate>pixel</coordinate>
			<type>rectangle</type>
			<description>None</description>
			<possibleresult>
				<name>Van</name>
			</possibleresult>
			<points>
				<point>591.000000,381.000000</point>
				<point>577.000000,388.000000</point>
				<point>567.000000,368.000000</point>
				<point>580.000000,362.000000</point>
				<point>591.000000,381.000000</point>
			</points>
		</object>
		<object>
			<coordinate>pixel</coordinate>
			<type>rectangle</type>
			<description>None</description>
			<possibleresult>
				<name>Small Car</name>
			</possibleresult>
			<points>
				<point>818.000000,981.000000</point>
				<point>799.000000,988.000000</point>
				<point>796.000000,978.000000</point>
				<point>815.000000,971.000000</point>
				<point>818.000000,981.000000</point>
			</points>
		</object>
		<object>
			<coordinate>pixel</coordinate>
			<type>rectangle</type>
			<description>None</description>
			<possibleresult>
				<name>Small Car</name>
			</possibleresult>
			<points>
				<point>826.000000,992.000000</point>
				<point>806.000000,998.000000</point>
				<point>803.000000,989.000000</point>
				<point>824.000000,984.000000</point>
				<point>826.000000,992.000000</point>
			</points>
		</object>
		<object>
			<coordinate>pixel</coordinate>
			<type>rectangle</type>
			<description>None</description>
			<possibleresult>
				<name>Van</name>
			</possibleresult>
			<points>
				<point>57.000000,977.000000</point>
				<point>47.000000,991.000000</point>
				<point>39.000000,986.000000</point>
				<point>49.000000,972.000000</point>
				<point>57.000000,977.000000</point>
			</points>
		</object>
		<object>
			<coordinate>pixel</coordinate>
			<type>rectangle</type>
			<description>None</description>
			<possibleresult>
				<name>Intersection</name>
			</possibleresult>
			<points>
				<point>265.000000,563.000000</point>
				<point>196.000000,637.000000</point>
				<point>124.000000,571.000000</point>
				<point>192.000000,496.000000</point>
				<point>265.000000,563.000000</point>
			</points>
		</object>
		<object>
			<coordinate>pixel</coordinate>
			<type>rectangle</type>
			<description>None</description>
			<possibleresult>
				<name>Dump Truck</name>
			</possibleresult>
			<points>
				<point>786.000000,932.000000</point>
				<point>766.000000,940.000000</point>
				<point>762.000000,931.000000</point>
				<point>783.000000,924.000000</point>
				<point>786.000000,932.000000</point>
			</points>
		</object>
	</objects>
</annotation>