<?xml version="1.0" encoding="utf-8"?>
<annotation>
	<source>
		<filename>1309.tif</filename>
		<origin>GF2/GF3</origin>
	</source>
	<research>
		<version>1.0</version>
		<provider>FAIR1M</provider>
		<author>Cyber</author>
		<pluginname>FAIR1M</pluginname>
		<pluginclass>object detection</pluginclass>
		<time>2021-07-21</time>
	</research>
	<size>
		<width>1000</width>
		<height>1000</height>
		<depth>3</depth>
	</size>
	<objects>
		<object>
			<coordinate>pixel</coordinate>
			<type>rectangle</type>
			<description>None</description>
			<possibleresult>
				<name>Intersection</name>
			</possibleresult>
			<points>
				<point>794.000000,502.000000</point>
				<point>764.000000,510.000000</point>
				<point>761.000000,499.000000</point>
				<point>791.000000,491.000000</point>
				<point>794.000000,502.000000</point>
			</points>
		</object>
		<object>
			<coordinate>pixel</coordinate>
			<type>rectangle</type>
			<description>None</description>
			<possibleresult>
				<name>Intersection</name>
			</possibleresult>
			<points>
				<point>218.000000,117.000000</point>
				<point>179.000000,134.000000</point>
				<point>172.000000,117.000000</point>
				<point>210.000000,100.000000</point>
				<point>218.000000,117.000000</point>
			</points>
		</object>
		<object>
			<coordinate>pixel</coordinate>
			<type>rectangle</type>
			<description>None</description>
			<possibleresult>
				<name>Van</name>
			</possibleresult>
			<points>
				<point>60.000000,807.000000</point>
				<point>43.000000,807.000000</point>
				<point>43.000000,801.000000</point>
				<point>60.000000,801.000000</point>
				<point>60.000000,807.000000</point>
			</points>
		</object>
		<object>
			<coordinate>pixel</coordinate>
			<type>rectangle</type>
			<description>None</description>
			<possibleresult>
				<name>Van</name>
			</possibleresult>
			<points>
				<point>5.000000,703.000000</point>
				<point>0.000000,703.000000</point>
				<point>0.000000,696.000000</point>
				<point>5.000000,696.000000</point>
				<point>5.000000,703.000000</point>
			</points>
		</object>
		<object>
			<coordinate>pixel</coordinate>
			<type>rectangle</type>
			<description>None</description>
			<possibleresult>
				<name>Van</name>
			</possibleresult>
			<points>
				<point>12.000000,726.000000</point>
				<point>9.000000,740.000000</point>
				<point>2.000000,739.000000</point>
				<point>4.000000,724.000000</point>
				<point>12.000000,726.000000</point>
			</points>
		</object>
		<object>
			<coordinate>pixel</coordinate>
			<type>rectangle</type>
			<description>None</description>
			<possibleresult>
				<name>Van</name>
			</possibleresult>
			<points>
				<point>79.000000,168.000000</point>
				<point>72.000000,169.000000</point>
				<point>69.000000,154.000000</point>
				<point>76.000000,153.000000</point>
				<point>79.000000,168.000000</point>
			</points>
		</object>
		<object>
			<coordinate>pixel</coordinate>
			<type>rectangle</type>
			<description>None</description>
			<possibleresult>
				<name>Van</name>
			</possibleresult>
			<points>
				<point>106.000000,94.000000</point>
				<point>97.000000,97.000000</point>
				<point>91.000000,80.000000</point>
				<point>101.000000,78.000000</point>
				<point>106.000000,94.000000</point>
			</points>
		</object>
		<object>
			<coordinate>pixel</coordinate>
			<type>rectangle</type>
			<description>None</description>
			<possibleresult>
				<name>Van</name>
			</possibleresult>
			<points>
				<point>125.000000,117.000000</point>
				<point>116.000000,120.000000</point>
				<point>111.000000,105.000000</point>
				<point>119.000000,102.000000</point>
				<point>125.000000,117.000000</point>
			</points>
		</object>
		<object>
			<coordinate>pixel</coordinate>
			<type>rectangle</type>
			<description>None</description>
			<possibleresult>
				<name>Small Car</name>
			</possibleresult>
			<points>
				<point>149.000000,111.000000</point>
				<point>140.000000,114.000000</point>
				<point>134.000000,98.000000</point>
				<point>143.000000,95.000000</point>
				<point>149.000000,111.000000</point>
			</points>
		</object>
		<object>
			<coordinate>pixel</coordinate>
			<type>rectangle</type>
			<description>None</description>
			<possibleresult>
				<name>Cargo Truck</name>
			</possibleresult>
			<points>
				<point>164.000000,92.000000</point>
				<point>156.000000,92.000000</point>
				<point>155.000000,78.000000</point>
				<point>163.000000,78.000000</point>
				<point>164.000000,92.000000</point>
			</points>
		</object>
		<object>
			<coordinate>pixel</coordinate>
			<type>rectangle</type>
			<description>None</description>
			<possibleresult>
				<name>Cargo Truck</name>
			</possibleresult>
			<points>
				<point>167.000000,109.000000</point>
				<point>159.000000,109.000000</point>
				<point>158.000000,96.000000</point>
				<point>166.000000,96.000000</point>
				<point>167.000000,109.000000</point>
			</points>
		</object>
		<object>
			<coordinate>pixel</coordinate>
			<type>rectangle</type>
			<description>None</description>
			<possibleresult>
				<name>Van</name>
			</possibleresult>
			<points>
				<point>90.000000,165.000000</point>
				<point>82.000000,167.000000</point>
				<point>78.000000,151.000000</point>
				<point>86.000000,149.000000</point>
				<point>90.000000,165.000000</point>
			</points>
		</object>
		<object>
			<coordinate>pixel</coordinate>
			<type>rectangle</type>
			<description>None</description>
			<possibleresult>
				<name>Van</name>
			</possibleresult>
			<points>
				<point>171.000000,292.000000</point>
				<point>163.000000,292.000000</point>
				<point>163.000000,277.000000</point>
				<point>171.000000,277.000000</point>
				<point>171.000000,292.000000</point>
			</points>
		</object>
		<object>
			<coordinate>pixel</coordinate>
			<type>rectangle</type>
			<description>None</description>
			<possibleresult>
				<name>Small Car</name>
			</possibleresult>
			<points>
				<point>172.000000,303.000000</point>
				<point>152.000000,303.000000</point>
				<point>152.000000,296.000000</point>
				<point>172.000000,296.000000</point>
				<point>172.000000,303.000000</point>
			</points>
		</object>
		<object>
			<coordinate>pixel</coordinate>
			<type>rectangle</type>
			<description>None</description>
			<possibleresult>
				<name>Small Car</name>
			</possibleresult>
			<points>
				<point>197.000000,497.000000</point>
				<point>189.000000,497.000000</point>
				<point>189.000000,482.000000</point>
				<point>197.000000,482.000000</point>
				<point>197.000000,497.000000</point>
			</points>
		</object>
		<object>
			<coordinate>pixel</coordinate>
			<type>rectangle</type>
			<description>None</description>
			<possibleresult>
				<name>Van</name>
			</possibleresult>
			<points>
				<point>219.000000,498.000000</point>
				<point>210.000000,498.000000</point>
				<point>210.000000,484.000000</point>
				<point>219.000000,484.000000</point>
				<point>219.000000,498.000000</point>
			</points>
		</object>
		<object>
			<coordinate>pixel</coordinate>
			<type>rectangle</type>
			<description>None</description>
			<possibleresult>
				<name>Van</name>
			</possibleresult>
			<points>
				<point>99.000000,718.000000</point>
				<point>95.000000,725.000000</point>
				<point>79.000000,716.000000</point>
				<point>83.000000,709.000000</point>
				<point>99.000000,718.000000</point>
			</points>
		</object>
		<object>
			<coordinate>pixel</coordinate>
			<type>rectangle</type>
			<description>None</description>
			<possibleresult>
				<name>Van</name>
			</possibleresult>
			<points>
				<point>186.000000,754.000000</point>
				<point>177.000000,768.000000</point>
				<point>170.000000,764.000000</point>
				<point>179.000000,750.000000</point>
				<point>186.000000,754.000000</point>
			</points>
		</object>
		<object>
			<coordinate>pixel</coordinate>
			<type>rectangle</type>
			<description>None</description>
			<possibleresult>
				<name>Van</name>
			</possibleresult>
			<points>
				<point>197.000000,899.000000</point>
				<point>185.000000,909.000000</point>
				<point>179.000000,903.000000</point>
				<point>192.000000,892.000000</point>
				<point>197.000000,899.000000</point>
			</points>
		</object>
		<object>
			<coordinate>pixel</coordinate>
			<type>rectangle</type>
			<description>None</description>
			<possibleresult>
				<name>Van</name>
			</possibleresult>
			<points>
				<point>201.000000,913.000000</point>
				<point>190.000000,922.000000</point>
				<point>185.000000,916.000000</point>
				<point>196.000000,907.000000</point>
				<point>201.000000,913.000000</point>
			</points>
		</object>
		<object>
			<coordinate>pixel</coordinate>
			<type>rectangle</type>
			<description>None</description>
			<possibleresult>
				<name>Small Car</name>
			</possibleresult>
			<points>
				<point>200.000000,932.000000</point>
				<point>188.000000,945.000000</point>
				<point>182.000000,940.000000</point>
				<point>194.000000,927.000000</point>
				<point>200.000000,932.000000</point>
			</points>
		</object>
		<object>
			<coordinate>pixel</coordinate>
			<type>rectangle</type>
			<description>None</description>
			<possibleresult>
				<name>Van</name>
			</possibleresult>
			<points>
				<point>249.000000,810.000000</point>
				<point>245.000000,816.000000</point>
				<point>231.000000,807.000000</point>
				<point>234.000000,800.000000</point>
				<point>249.000000,810.000000</point>
			</points>
		</object>
		<object>
			<coordinate>pixel</coordinate>
			<type>rectangle</type>
			<description>None</description>
			<possibleresult>
				<name>Van</name>
			</possibleresult>
			<points>
				<point>269.000000,801.000000</point>
				<point>266.000000,807.000000</point>
				<point>249.000000,797.000000</point>
				<point>253.000000,791.000000</point>
				<point>269.000000,801.000000</point>
			</points>
		</object>
		<object>
			<coordinate>pixel</coordinate>
			<type>rectangle</type>
			<description>None</description>
			<possibleresult>
				<name>Van</name>
			</possibleresult>
			<points>
				<point>284.000000,742.000000</point>
				<point>280.000000,748.000000</point>
				<point>266.000000,741.000000</point>
				<point>269.000000,734.000000</point>
				<point>284.000000,742.000000</point>
			</points>
		</object>
		<object>
			<coordinate>pixel</coordinate>
			<type>rectangle</type>
			<description>None</description>
			<possibleresult>
				<name>Van</name>
			</possibleresult>
			<points>
				<point>316.000000,641.000000</point>
				<point>306.000000,654.000000</point>
				<point>301.000000,650.000000</point>
				<point>310.000000,636.000000</point>
				<point>316.000000,641.000000</point>
			</points>
		</object>
		<object>
			<coordinate>pixel</coordinate>
			<type>rectangle</type>
			<description>None</description>
			<possibleresult>
				<name>Van</name>
			</possibleresult>
			<points>
				<point>367.000000,555.000000</point>
				<point>365.000000,567.000000</point>
				<point>360.000000,567.000000</point>
				<point>361.000000,554.000000</point>
				<point>367.000000,555.000000</point>
			</points>
		</object>
		<object>
			<coordinate>pixel</coordinate>
			<type>rectangle</type>
			<description>None</description>
			<possibleresult>
				<name>Van</name>
			</possibleresult>
			<points>
				<point>231.000000,498.000000</point>
				<point>222.000000,498.000000</point>
				<point>222.000000,482.000000</point>
				<point>231.000000,482.000000</point>
				<point>231.000000,498.000000</point>
			</points>
		</object>
		<object>
			<coordinate>pixel</coordinate>
			<type>rectangle</type>
			<description>None</description>
			<possibleresult>
				<name>Van</name>
			</possibleresult>
			<points>
				<point>349.000000,390.000000</point>
				<point>347.000000,404.000000</point>
				<point>338.000000,402.000000</point>
				<point>340.000000,388.000000</point>
				<point>349.000000,390.000000</point>
			</points>
		</object>
		<object>
			<coordinate>pixel</coordinate>
			<type>rectangle</type>
			<description>None</description>
			<possibleresult>
				<name>Small Car</name>
			</possibleresult>
			<points>
				<point>249.000000,379.000000</point>
				<point>243.000000,379.000000</point>
				<point>243.000000,364.000000</point>
				<point>249.000000,364.000000</point>
				<point>249.000000,379.000000</point>
			</points>
		</object>
		<object>
			<coordinate>pixel</coordinate>
			<type>rectangle</type>
			<description>None</description>
			<possibleresult>
				<name>Van</name>
			</possibleresult>
			<points>
				<point>290.000000,281.000000</point>
				<point>281.000000,282.000000</point>
				<point>280.000000,265.000000</point>
				<point>289.000000,264.000000</point>
				<point>290.000000,281.000000</point>
			</points>
		</object>
		<object>
			<coordinate>pixel</coordinate>
			<type>rectangle</type>
			<description>None</description>
			<possibleresult>
				<name>Van</name>
			</possibleresult>
			<points>
				<point>301.000000,283.000000</point>
				<point>292.000000,284.000000</point>
				<point>291.000000,265.000000</point>
				<point>300.000000,264.000000</point>
				<point>301.000000,283.000000</point>
			</points>
		</object>
		<object>
			<coordinate>pixel</coordinate>
			<type>rectangle</type>
			<description>None</description>
			<possibleresult>
				<name>Van</name>
			</possibleresult>
			<points>
				<point>252.000000,101.000000</point>
				<point>234.000000,101.000000</point>
				<point>234.000000,94.000000</point>
				<point>252.000000,94.000000</point>
				<point>252.000000,101.000000</point>
			</points>
		</object>
		<object>
			<coordinate>pixel</coordinate>
			<type>rectangle</type>
			<description>None</description>
			<possibleresult>
				<name>Small Car</name>
			</possibleresult>
			<points>
				<point>250.000000,84.000000</point>
				<point>233.000000,84.000000</point>
				<point>233.000000,77.000000</point>
				<point>250.000000,77.000000</point>
				<point>250.000000,84.000000</point>
			</points>
		</object>
		<object>
			<coordinate>pixel</coordinate>
			<type>rectangle</type>
			<description>None</description>
			<possibleresult>
				<name>Van</name>
			</possibleresult>
			<points>
				<point>227.000000,71.000000</point>
				<point>209.000000,71.000000</point>
				<point>209.000000,64.000000</point>
				<point>227.000000,64.000000</point>
				<point>227.000000,71.000000</point>
			</points>
		</object>
		<object>
			<coordinate>pixel</coordinate>
			<type>rectangle</type>
			<description>None</description>
			<possibleresult>
				<name>Van</name>
			</possibleresult>
			<points>
				<point>395.000000,36.000000</point>
				<point>393.000000,52.000000</point>
				<point>385.000000,51.000000</point>
				<point>387.000000,35.000000</point>
				<point>395.000000,36.000000</point>
			</points>
		</object>
		<object>
			<coordinate>pixel</coordinate>
			<type>rectangle</type>
			<description>None</description>
			<possibleresult>
				<name>Van</name>
			</possibleresult>
			<points>
				<point>431.000000,41.000000</point>
				<point>429.000000,59.000000</point>
				<point>420.000000,57.000000</point>
				<point>423.000000,40.000000</point>
				<point>431.000000,41.000000</point>
			</points>
		</object>
		<object>
			<coordinate>pixel</coordinate>
			<type>rectangle</type>
			<description>None</description>
			<possibleresult>
				<name>Van</name>
			</possibleresult>
			<points>
				<point>443.000000,44.000000</point>
				<point>441.000000,60.000000</point>
				<point>433.000000,59.000000</point>
				<point>435.000000,43.000000</point>
				<point>443.000000,44.000000</point>
			</points>
		</object>
		<object>
			<coordinate>pixel</coordinate>
			<type>rectangle</type>
			<description>None</description>
			<possibleresult>
				<name>Dump Truck</name>
			</possibleresult>
			<points>
				<point>508.000000,62.000000</point>
				<point>498.000000,63.000000</point>
				<point>496.000000,35.000000</point>
				<point>507.000000,35.000000</point>
				<point>508.000000,62.000000</point>
			</points>
		</object>
		<object>
			<coordinate>pixel</coordinate>
			<type>rectangle</type>
			<description>None</description>
			<possibleresult>
				<name>Dump Truck</name>
			</possibleresult>
			<points>
				<point>457.000000,41.000000</point>
				<point>455.000000,62.000000</point>
				<point>445.000000,61.000000</point>
				<point>448.000000,41.000000</point>
				<point>457.000000,41.000000</point>
			</points>
		</object>
		<object>
			<coordinate>pixel</coordinate>
			<type>rectangle</type>
			<description>None</description>
			<possibleresult>
				<name>Small Car</name>
			</possibleresult>
			<points>
				<point>548.000000,226.000000</point>
				<point>528.000000,226.000000</point>
				<point>528.000000,219.000000</point>
				<point>548.000000,219.000000</point>
				<point>548.000000,226.000000</point>
			</points>
		</object>
		<object>
			<coordinate>pixel</coordinate>
			<type>rectangle</type>
			<description>None</description>
			<possibleresult>
				<name>Van</name>
			</possibleresult>
			<points>
				<point>484.000000,310.000000</point>
				<point>467.000000,310.000000</point>
				<point>467.000000,302.000000</point>
				<point>484.000000,302.000000</point>
				<point>484.000000,310.000000</point>
			</points>
		</object>
		<object>
			<coordinate>pixel</coordinate>
			<type>rectangle</type>
			<description>None</description>
			<possibleresult>
				<name>Small Car</name>
			</possibleresult>
			<points>
				<point>442.000000,403.000000</point>
				<point>441.000000,409.000000</point>
				<point>423.000000,406.000000</point>
				<point>424.000000,400.000000</point>
				<point>442.000000,403.000000</point>
			</points>
		</object>
		<object>
			<coordinate>pixel</coordinate>
			<type>rectangle</type>
			<description>None</description>
			<possibleresult>
				<name>Small Car</name>
			</possibleresult>
			<points>
				<point>525.000000,440.000000</point>
				<point>517.000000,440.000000</point>
				<point>517.000000,427.000000</point>
				<point>525.000000,427.000000</point>
				<point>525.000000,440.000000</point>
			</points>
		</object>
		<object>
			<coordinate>pixel</coordinate>
			<type>rectangle</type>
			<description>None</description>
			<possibleresult>
				<name>Van</name>
			</possibleresult>
			<points>
				<point>561.000000,563.000000</point>
				<point>557.000000,578.000000</point>
				<point>549.000000,575.000000</point>
				<point>554.000000,561.000000</point>
				<point>561.000000,563.000000</point>
			</points>
		</object>
		<object>
			<coordinate>pixel</coordinate>
			<type>rectangle</type>
			<description>None</description>
			<possibleresult>
				<name>Van</name>
			</possibleresult>
			<points>
				<point>536.000000,621.000000</point>
				<point>528.000000,632.000000</point>
				<point>523.000000,629.000000</point>
				<point>531.000000,618.000000</point>
				<point>536.000000,621.000000</point>
			</points>
		</object>
		<object>
			<coordinate>pixel</coordinate>
			<type>rectangle</type>
			<description>None</description>
			<possibleresult>
				<name>Small Car</name>
			</possibleresult>
			<points>
				<point>447.000000,646.000000</point>
				<point>438.000000,662.000000</point>
				<point>432.000000,659.000000</point>
				<point>442.000000,642.000000</point>
				<point>447.000000,646.000000</point>
			</points>
		</object>
		<object>
			<coordinate>pixel</coordinate>
			<type>rectangle</type>
			<description>None</description>
			<possibleresult>
				<name>Van</name>
			</possibleresult>
			<points>
				<point>456.000000,653.000000</point>
				<point>447.000000,665.000000</point>
				<point>441.000000,661.000000</point>
				<point>450.000000,649.000000</point>
				<point>456.000000,653.000000</point>
			</points>
		</object>
		<object>
			<coordinate>pixel</coordinate>
			<type>rectangle</type>
			<description>None</description>
			<possibleresult>
				<name>Small Car</name>
			</possibleresult>
			<points>
				<point>484.000000,664.000000</point>
				<point>472.000000,679.000000</point>
				<point>465.000000,674.000000</point>
				<point>477.000000,658.000000</point>
				<point>484.000000,664.000000</point>
			</points>
		</object>
		<object>
			<coordinate>pixel</coordinate>
			<type>rectangle</type>
			<description>None</description>
			<possibleresult>
				<name>Cargo Truck</name>
			</possibleresult>
			<points>
				<point>408.000000,722.000000</point>
				<point>400.000000,724.000000</point>
				<point>397.000000,709.000000</point>
				<point>404.000000,708.000000</point>
				<point>408.000000,722.000000</point>
			</points>
		</object>
		<object>
			<coordinate>pixel</coordinate>
			<type>rectangle</type>
			<description>None</description>
			<possibleresult>
				<name>Van</name>
			</possibleresult>
			<points>
				<point>418.000000,721.000000</point>
				<point>410.000000,723.000000</point>
				<point>407.000000,707.000000</point>
				<point>415.000000,705.000000</point>
				<point>418.000000,721.000000</point>
			</points>
		</object>
		<object>
			<coordinate>pixel</coordinate>
			<type>rectangle</type>
			<description>None</description>
			<possibleresult>
				<name>Van</name>
			</possibleresult>
			<points>
				<point>431.000000,718.000000</point>
				<point>423.000000,720.000000</point>
				<point>421.000000,707.000000</point>
				<point>429.000000,705.000000</point>
				<point>431.000000,718.000000</point>
			</points>
		</object>
		<object>
			<coordinate>pixel</coordinate>
			<type>rectangle</type>
			<description>None</description>
			<possibleresult>
				<name>Van</name>
			</possibleresult>
			<points>
				<point>440.000000,716.000000</point>
				<point>433.000000,718.000000</point>
				<point>430.000000,704.000000</point>
				<point>437.000000,702.000000</point>
				<point>440.000000,716.000000</point>
			</points>
		</object>
		<object>
			<coordinate>pixel</coordinate>
			<type>rectangle</type>
			<description>None</description>
			<possibleresult>
				<name>Van</name>
			</possibleresult>
			<points>
				<point>450.000000,714.000000</point>
				<point>444.000000,715.000000</point>
				<point>442.000000,704.000000</point>
				<point>447.000000,702.000000</point>
				<point>450.000000,714.000000</point>
			</points>
		</object>
		<object>
			<coordinate>pixel</coordinate>
			<type>rectangle</type>
			<description>None</description>
			<possibleresult>
				<name>Van</name>
			</possibleresult>
			<points>
				<point>460.000000,712.000000</point>
				<point>453.000000,714.000000</point>
				<point>450.000000,700.000000</point>
				<point>457.000000,699.000000</point>
				<point>460.000000,712.000000</point>
			</points>
		</object>
		<object>
			<coordinate>pixel</coordinate>
			<type>rectangle</type>
			<description>None</description>
			<possibleresult>
				<name>Van</name>
			</possibleresult>
			<points>
				<point>342.000000,847.000000</point>
				<point>338.000000,853.000000</point>
				<point>325.000000,844.000000</point>
				<point>329.000000,838.000000</point>
				<point>342.000000,847.000000</point>
			</points>
		</object>
		<object>
			<coordinate>pixel</coordinate>
			<type>rectangle</type>
			<description>None</description>
			<possibleresult>
				<name>Van</name>
			</possibleresult>
			<points>
				<point>344.000000,920.000000</point>
				<point>334.000000,929.000000</point>
				<point>329.000000,923.000000</point>
				<point>339.000000,915.000000</point>
				<point>344.000000,920.000000</point>
			</points>
		</object>
		<object>
			<coordinate>pixel</coordinate>
			<type>rectangle</type>
			<description>None</description>
			<possibleresult>
				<name>Small Car</name>
			</possibleresult>
			<points>
				<point>585.000000,799.000000</point>
				<point>579.000000,805.000000</point>
				<point>566.000000,792.000000</point>
				<point>572.000000,786.000000</point>
				<point>585.000000,799.000000</point>
			</points>
		</object>
		<object>
			<coordinate>pixel</coordinate>
			<type>rectangle</type>
			<description>None</description>
			<possibleresult>
				<name>Van</name>
			</possibleresult>
			<points>
				<point>595.000000,729.000000</point>
				<point>583.000000,739.000000</point>
				<point>578.000000,733.000000</point>
				<point>590.000000,723.000000</point>
				<point>595.000000,729.000000</point>
			</points>
		</object>
		<object>
			<coordinate>pixel</coordinate>
			<type>rectangle</type>
			<description>None</description>
			<possibleresult>
				<name>Small Car</name>
			</possibleresult>
			<points>
				<point>640.000000,683.000000</point>
				<point>635.000000,688.000000</point>
				<point>621.000000,675.000000</point>
				<point>626.000000,670.000000</point>
				<point>640.000000,683.000000</point>
			</points>
		</object>
		<object>
			<coordinate>pixel</coordinate>
			<type>rectangle</type>
			<description>None</description>
			<possibleresult>
				<name>Small Car</name>
			</possibleresult>
			<points>
				<point>617.000000,413.000000</point>
				<point>593.000000,418.000000</point>
				<point>591.000000,410.000000</point>
				<point>615.000000,405.000000</point>
				<point>617.000000,413.000000</point>
			</points>
		</object>
		<object>
			<coordinate>pixel</coordinate>
			<type>rectangle</type>
			<description>None</description>
			<possibleresult>
				<name>Small Car</name>
			</possibleresult>
			<points>
				<point>596.000000,307.000000</point>
				<point>576.000000,308.000000</point>
				<point>575.000000,300.000000</point>
				<point>595.000000,299.000000</point>
				<point>596.000000,307.000000</point>
			</points>
		</object>
		<object>
			<coordinate>pixel</coordinate>
			<type>rectangle</type>
			<description>None</description>
			<possibleresult>
				<name>Van</name>
			</possibleresult>
			<points>
				<point>609.000000,257.000000</point>
				<point>591.000000,263.000000</point>
				<point>589.000000,257.000000</point>
				<point>607.000000,251.000000</point>
				<point>609.000000,257.000000</point>
			</points>
		</object>
		<object>
			<coordinate>pixel</coordinate>
			<type>rectangle</type>
			<description>None</description>
			<possibleresult>
				<name>Van</name>
			</possibleresult>
			<points>
				<point>606.000000,151.000000</point>
				<point>590.000000,151.000000</point>
				<point>590.000000,144.000000</point>
				<point>606.000000,144.000000</point>
				<point>606.000000,151.000000</point>
			</points>
		</object>
		<object>
			<coordinate>pixel</coordinate>
			<type>rectangle</type>
			<description>None</description>
			<possibleresult>
				<name>Van</name>
			</possibleresult>
			<points>
				<point>615.000000,70.000000</point>
				<point>609.000000,70.000000</point>
				<point>609.000000,54.000000</point>
				<point>615.000000,54.000000</point>
				<point>615.000000,70.000000</point>
			</points>
		</object>
		<object>
			<coordinate>pixel</coordinate>
			<type>rectangle</type>
			<description>None</description>
			<possibleresult>
				<name>Van</name>
			</possibleresult>
			<points>
				<point>695.000000,16.000000</point>
				<point>674.000000,17.000000</point>
				<point>673.000000,8.000000</point>
				<point>694.000000,7.000000</point>
				<point>695.000000,16.000000</point>
			</points>
		</object>
		<object>
			<coordinate>pixel</coordinate>
			<type>rectangle</type>
			<description>None</description>
			<possibleresult>
				<name>Small Car</name>
			</possibleresult>
			<points>
				<point>694.000000,241.000000</point>
				<point>687.000000,241.000000</point>
				<point>687.000000,226.000000</point>
				<point>694.000000,226.000000</point>
				<point>694.000000,241.000000</point>
			</points>
		</object>
		<object>
			<coordinate>pixel</coordinate>
			<type>rectangle</type>
			<description>None</description>
			<possibleresult>
				<name>Van</name>
			</possibleresult>
			<points>
				<point>801.000000,514.000000</point>
				<point>790.000000,522.000000</point>
				<point>787.000000,518.000000</point>
				<point>797.000000,509.000000</point>
				<point>801.000000,514.000000</point>
			</points>
		</object>
		<object>
			<coordinate>pixel</coordinate>
			<type>rectangle</type>
			<description>None</description>
			<possibleresult>
				<name>Van</name>
			</possibleresult>
			<points>
				<point>808.000000,521.000000</point>
				<point>794.000000,530.000000</point>
				<point>790.000000,524.000000</point>
				<point>805.000000,516.000000</point>
				<point>808.000000,521.000000</point>
			</points>
		</object>
		<object>
			<coordinate>pixel</coordinate>
			<type>rectangle</type>
			<description>None</description>
			<possibleresult>
				<name>Cargo Truck</name>
			</possibleresult>
			<points>
				<point>811.000000,556.000000</point>
				<point>802.000000,564.000000</point>
				<point>798.000000,559.000000</point>
				<point>808.000000,551.000000</point>
				<point>811.000000,556.000000</point>
			</points>
		</object>
		<object>
			<coordinate>pixel</coordinate>
			<type>rectangle</type>
			<description>None</description>
			<possibleresult>
				<name>Van</name>
			</possibleresult>
			<points>
				<point>696.000000,512.000000</point>
				<point>682.000000,516.000000</point>
				<point>680.000000,510.000000</point>
				<point>695.000000,507.000000</point>
				<point>696.000000,512.000000</point>
			</points>
		</object>
		<object>
			<coordinate>pixel</coordinate>
			<type>rectangle</type>
			<description>None</description>
			<possibleresult>
				<name>Van</name>
			</possibleresult>
			<points>
				<point>695.000000,556.000000</point>
				<point>688.000000,558.000000</point>
				<point>684.000000,546.000000</point>
				<point>691.000000,544.000000</point>
				<point>695.000000,556.000000</point>
			</points>
		</object>
		<object>
			<coordinate>pixel</coordinate>
			<type>rectangle</type>
			<description>None</description>
			<possibleresult>
				<name>Van</name>
			</possibleresult>
			<points>
				<point>693.000000,649.000000</point>
				<point>679.000000,659.000000</point>
				<point>675.000000,653.000000</point>
				<point>688.000000,642.000000</point>
				<point>693.000000,649.000000</point>
			</points>
		</object>
		<object>
			<coordinate>pixel</coordinate>
			<type>rectangle</type>
			<description>None</description>
			<possibleresult>
				<name>Van</name>
			</possibleresult>
			<points>
				<point>792.000000,724.000000</point>
				<point>780.000000,733.000000</point>
				<point>775.000000,726.000000</point>
				<point>787.000000,717.000000</point>
				<point>792.000000,724.000000</point>
			</points>
		</object>
		<object>
			<coordinate>pixel</coordinate>
			<type>rectangle</type>
			<description>None</description>
			<possibleresult>
				<name>Small Car</name>
			</possibleresult>
			<points>
				<point>722.000000,808.000000</point>
				<point>715.000000,813.000000</point>
				<point>704.000000,800.000000</point>
				<point>711.000000,795.000000</point>
				<point>722.000000,808.000000</point>
			</points>
		</object>
		<object>
			<coordinate>pixel</coordinate>
			<type>rectangle</type>
			<description>None</description>
			<possibleresult>
				<name>Van</name>
			</possibleresult>
			<points>
				<point>730.000000,802.000000</point>
				<point>724.000000,806.000000</point>
				<point>713.000000,794.000000</point>
				<point>719.000000,790.000000</point>
				<point>730.000000,802.000000</point>
			</points>
		</object>
		<object>
			<coordinate>pixel</coordinate>
			<type>rectangle</type>
			<description>None</description>
			<possibleresult>
				<name>Van</name>
			</possibleresult>
			<points>
				<point>737.000000,796.000000</point>
				<point>733.000000,801.000000</point>
				<point>721.000000,790.000000</point>
				<point>726.000000,785.000000</point>
				<point>737.000000,796.000000</point>
			</points>
		</object>
		<object>
			<coordinate>pixel</coordinate>
			<type>rectangle</type>
			<description>None</description>
			<possibleresult>
				<name>Van</name>
			</possibleresult>
			<points>
				<point>746.000000,791.000000</point>
				<point>740.000000,797.000000</point>
				<point>727.000000,784.000000</point>
				<point>733.000000,778.000000</point>
				<point>746.000000,791.000000</point>
			</points>
		</object>
		<object>
			<coordinate>pixel</coordinate>
			<type>rectangle</type>
			<description>None</description>
			<possibleresult>
				<name>Small Car</name>
			</possibleresult>
			<points>
				<point>803.000000,784.000000</point>
				<point>796.000000,789.000000</point>
				<point>786.000000,774.000000</point>
				<point>792.000000,769.000000</point>
				<point>803.000000,784.000000</point>
			</points>
		</object>
		<object>
			<coordinate>pixel</coordinate>
			<type>rectangle</type>
			<description>None</description>
			<possibleresult>
				<name>Small Car</name>
			</possibleresult>
			<points>
				<point>811.000000,780.000000</point>
				<point>805.000000,785.000000</point>
				<point>795.000000,770.000000</point>
				<point>801.000000,765.000000</point>
				<point>811.000000,780.000000</point>
			</points>
		</object>
		<object>
			<coordinate>pixel</coordinate>
			<type>rectangle</type>
			<description>None</description>
			<possibleresult>
				<name>Cargo Truck</name>
			</possibleresult>
			<points>
				<point>820.000000,775.000000</point>
				<point>814.000000,778.000000</point>
				<point>808.000000,768.000000</point>
				<point>813.000000,764.000000</point>
				<point>820.000000,775.000000</point>
			</points>
		</object>
		<object>
			<coordinate>pixel</coordinate>
			<type>rectangle</type>
			<description>None</description>
			<possibleresult>
				<name>Van</name>
			</possibleresult>
			<points>
				<point>830.000000,772.000000</point>
				<point>824.000000,776.000000</point>
				<point>816.000000,764.000000</point>
				<point>822.000000,760.000000</point>
				<point>830.000000,772.000000</point>
			</points>
		</object>
		<object>
			<coordinate>pixel</coordinate>
			<type>rectangle</type>
			<description>None</description>
			<possibleresult>
				<name>Van</name>
			</possibleresult>
			<points>
				<point>818.000000,816.000000</point>
				<point>810.000000,816.000000</point>
				<point>810.000000,801.000000</point>
				<point>818.000000,801.000000</point>
				<point>818.000000,816.000000</point>
			</points>
		</object>
		<object>
			<coordinate>pixel</coordinate>
			<type>rectangle</type>
			<description>None</description>
			<possibleresult>
				<name>Small Car</name>
			</possibleresult>
			<points>
				<point>803.000000,812.000000</point>
				<point>788.000000,823.000000</point>
				<point>782.000000,816.000000</point>
				<point>797.000000,805.000000</point>
				<point>803.000000,812.000000</point>
			</points>
		</object>
		<object>
			<coordinate>pixel</coordinate>
			<type>rectangle</type>
			<description>None</description>
			<possibleresult>
				<name>Van</name>
			</possibleresult>
			<points>
				<point>878.000000,701.000000</point>
				<point>873.000000,706.000000</point>
				<point>857.000000,691.000000</point>
				<point>862.000000,686.000000</point>
				<point>878.000000,701.000000</point>
			</points>
		</object>
		<object>
			<coordinate>pixel</coordinate>
			<type>rectangle</type>
			<description>None</description>
			<possibleresult>
				<name>Van</name>
			</possibleresult>
			<points>
				<point>886.000000,697.000000</point>
				<point>882.000000,702.000000</point>
				<point>867.000000,689.000000</point>
				<point>871.000000,684.000000</point>
				<point>886.000000,697.000000</point>
			</points>
		</object>
		<object>
			<coordinate>pixel</coordinate>
			<type>rectangle</type>
			<description>None</description>
			<possibleresult>
				<name>Van</name>
			</possibleresult>
			<points>
				<point>898.000000,697.000000</point>
				<point>894.000000,701.000000</point>
				<point>877.000000,687.000000</point>
				<point>882.000000,682.000000</point>
				<point>898.000000,697.000000</point>
			</points>
		</object>
		<object>
			<coordinate>pixel</coordinate>
			<type>rectangle</type>
			<description>None</description>
			<possibleresult>
				<name>Van</name>
			</possibleresult>
			<points>
				<point>904.000000,691.000000</point>
				<point>899.000000,696.000000</point>
				<point>885.000000,684.000000</point>
				<point>890.000000,679.000000</point>
				<point>904.000000,691.000000</point>
			</points>
		</object>
		<object>
			<coordinate>pixel</coordinate>
			<type>rectangle</type>
			<description>None</description>
			<possibleresult>
				<name>Cargo Truck</name>
			</possibleresult>
			<points>
				<point>919.000000,698.000000</point>
				<point>912.000000,702.000000</point>
				<point>906.000000,689.000000</point>
				<point>912.000000,686.000000</point>
				<point>919.000000,698.000000</point>
			</points>
		</object>
		<object>
			<coordinate>pixel</coordinate>
			<type>rectangle</type>
			<description>None</description>
			<possibleresult>
				<name>Cargo Truck</name>
			</possibleresult>
			<points>
				<point>978.000000,481.000000</point>
				<point>966.000000,490.000000</point>
				<point>961.000000,483.000000</point>
				<point>973.000000,474.000000</point>
				<point>978.000000,481.000000</point>
			</points>
		</object>
		<object>
			<coordinate>pixel</coordinate>
			<type>rectangle</type>
			<description>None</description>
			<possibleresult>
				<name>Small Car</name>
			</possibleresult>
			<points>
				<point>989.000000,486.000000</point>
				<point>973.000000,497.000000</point>
				<point>969.000000,491.000000</point>
				<point>984.000000,479.000000</point>
				<point>989.000000,486.000000</point>
			</points>
		</object>
		<object>
			<coordinate>pixel</coordinate>
			<type>rectangle</type>
			<description>None</description>
			<possibleresult>
				<name>Small Car</name>
			</possibleresult>
			<points>
				<point>1000.000000,493.000000</point>
				<point>984.000000,506.000000</point>
				<point>978.000000,499.000000</point>
				<point>995.000000,487.000000</point>
				<point>1000.000000,493.000000</point>
			</points>
		</object>
		<object>
			<coordinate>pixel</coordinate>
			<type>rectangle</type>
			<description>None</description>
			<possibleresult>
				<name>Van</name>
			</possibleresult>
			<points>
				<point>996.000000,411.000000</point>
				<point>992.000000,417.000000</point>
				<point>980.000000,409.000000</point>
				<point>984.000000,403.000000</point>
				<point>996.000000,411.000000</point>
			</points>
		</object>
		<object>
			<coordinate>pixel</coordinate>
			<type>rectangle</type>
			<description>None</description>
			<possibleresult>
				<name>Small Car</name>
			</possibleresult>
			<points>
				<point>982.000000,655.000000</point>
				<point>980.000000,673.000000</point>
				<point>970.000000,672.000000</point>
				<point>971.000000,655.000000</point>
				<point>982.000000,655.000000</point>
			</points>
		</object>
		<object>
			<coordinate>pixel</coordinate>
			<type>rectangle</type>
			<description>None</description>
			<possibleresult>
				<name>Van</name>
			</possibleresult>
			<points>
				<point>462.000000,869.000000</point>
				<point>458.000000,874.000000</point>
				<point>446.000000,863.000000</point>
				<point>450.000000,858.000000</point>
				<point>462.000000,869.000000</point>
			</points>
		</object>
		<object>
			<coordinate>pixel</coordinate>
			<type>rectangle</type>
			<description>None</description>
			<possibleresult>
				<name>Van</name>
			</possibleresult>
			<points>
				<point>901.000000,676.000000</point>
				<point>895.000000,682.000000</point>
				<point>882.000000,669.000000</point>
				<point>888.000000,663.000000</point>
				<point>901.000000,676.000000</point>
			</points>
		</object>
	</objects>
</annotation>