<?xml version="1.0" encoding="utf-8"?>
<annotation>
	<source>
		<filename>131.tif</filename>
		<origin>GF2/GF3</origin>
	</source>
	<research>
		<version>1.0</version>
		<provider>FAIR1M</provider>
		<author>Cyber</author>
		<pluginname>FAIR1M</pluginname>
		<pluginclass>object detection</pluginclass>
		<time>2021-07-21</time>
	</research>
	<size>
		<width>1000</width>
		<height>1000</height>
		<depth>3</depth>
	</size>
	<objects>
		<object>
			<coordinate>pixel</coordinate>
			<type>rectangle</type>
			<description>None</description>
			<possibleresult>
				<name>Boeing737</name>
			</possibleresult>
			<points>
				<point>250.000000,652.000000</point>
				<point>291.000000,683.000000</point>
				<point>321.000000,643.000000</point>
				<point>280.000000,613.000000</point>
				<point>250.000000,652.000000</point>
			</points>
		</object>
		<object>
			<coordinate>pixel</coordinate>
			<type>rectangle</type>
			<description>None</description>
			<possibleresult>
				<name>other-airplane</name>
			</possibleresult>
			<points>
				<point>286.000000,618.000000</point>
				<point>323.000000,640.000000</point>
				<point>348.000000,602.000000</point>
				<point>311.000000,579.000000</point>
				<point>286.000000,618.000000</point>
			</points>
		</object>
		<object>
			<coordinate>pixel</coordinate>
			<type>rectangle</type>
			<description>None</description>
			<possibleresult>
				<name>Boeing737</name>
			</possibleresult>
			<points>
				<point>352.000000,538.000000</point>
				<point>391.000000,568.000000</point>
				<point>419.000000,531.000000</point>
				<point>380.000000,502.000000</point>
				<point>352.000000,538.000000</point>
			</points>
		</object>
		<object>
			<coordinate>pixel</coordinate>
			<type>rectangle</type>
			<description>None</description>
			<possibleresult>
				<name>Boeing737</name>
			</possibleresult>
			<points>
				<point>444.000000,624.000000</point>
				<point>480.000000,654.000000</point>
				<point>509.000000,618.000000</point>
				<point>473.000000,588.000000</point>
				<point>444.000000,624.000000</point>
			</points>
		</object>
		<object>
			<coordinate>pixel</coordinate>
			<type>rectangle</type>
			<description>None</description>
			<possibleresult>
				<name>Intersection</name>
			</possibleresult>
			<points>
				<point>847.000000,859.000000</point>
				<point>869.000000,831.000000</point>
				<point>889.000000,846.000000</point>
				<point>868.000000,874.000000</point>
				<point>847.000000,859.000000</point>
			</points>
		</object>
	</objects>
</annotation>