<?xml version="1.0" encoding="utf-8"?>
<annotation>
	<source>
		<filename>1327.tif</filename>
		<origin>GF2/GF3</origin>
	</source>
	<research>
		<version>1.0</version>
		<provider>FAIR1M</provider>
		<author>Cyber</author>
		<pluginname>FAIR1M</pluginname>
		<pluginclass>object detection</pluginclass>
		<time>2021-07-21</time>
	</research>
	<size>
		<width>1000</width>
		<height>1000</height>
		<depth>3</depth>
	</size>
	<objects>
		<object>
			<coordinate>pixel</coordinate>
			<type>rectangle</type>
			<description>None</description>
			<possibleresult>
				<name>Van</name>
			</possibleresult>
			<points>
				<point>59.000000,983.000000</point>
				<point>46.000000,985.000000</point>
				<point>43.000000,964.000000</point>
				<point>55.000000,963.000000</point>
				<point>59.000000,983.000000</point>
			</points>
		</object>
		<object>
			<coordinate>pixel</coordinate>
			<type>rectangle</type>
			<description>None</description>
			<possibleresult>
				<name>Van</name>
			</possibleresult>
			<points>
				<point>173.000000,343.000000</point>
				<point>166.000000,344.000000</point>
				<point>163.000000,324.000000</point>
				<point>169.000000,322.000000</point>
				<point>173.000000,343.000000</point>
			</points>
		</object>
		<object>
			<coordinate>pixel</coordinate>
			<type>rectangle</type>
			<description>None</description>
			<possibleresult>
				<name>Small Car</name>
			</possibleresult>
			<points>
				<point>878.000000,812.000000</point>
				<point>869.000000,812.000000</point>
				<point>869.000000,795.000000</point>
				<point>878.000000,795.000000</point>
				<point>878.000000,812.000000</point>
			</points>
		</object>
		<object>
			<coordinate>pixel</coordinate>
			<type>rectangle</type>
			<description>None</description>
			<possibleresult>
				<name>Small Car</name>
			</possibleresult>
			<points>
				<point>977.000000,256.000000</point>
				<point>969.000000,257.000000</point>
				<point>968.000000,240.000000</point>
				<point>976.000000,240.000000</point>
				<point>977.000000,256.000000</point>
			</points>
		</object>
		<object>
			<coordinate>pixel</coordinate>
			<type>rectangle</type>
			<description>None</description>
			<possibleresult>
				<name>Small Car</name>
			</possibleresult>
			<points>
				<point>997.000000,216.000000</point>
				<point>973.000000,218.000000</point>
				<point>973.000000,210.000000</point>
				<point>996.000000,207.000000</point>
				<point>997.000000,216.000000</point>
			</points>
		</object>
		<object>
			<coordinate>pixel</coordinate>
			<type>rectangle</type>
			<description>None</description>
			<possibleresult>
				<name>Small Car</name>
			</possibleresult>
			<points>
				<point>994.000000,204.000000</point>
				<point>971.000000,207.000000</point>
				<point>971.000000,200.000000</point>
				<point>993.000000,196.000000</point>
				<point>994.000000,204.000000</point>
			</points>
		</object>
		<object>
			<coordinate>pixel</coordinate>
			<type>rectangle</type>
			<description>None</description>
			<possibleresult>
				<name>Small Car</name>
			</possibleresult>
			<points>
				<point>991.000000,197.000000</point>
				<point>967.000000,198.000000</point>
				<point>966.000000,189.000000</point>
				<point>990.000000,188.000000</point>
				<point>991.000000,197.000000</point>
			</points>
		</object>
		<object>
			<coordinate>pixel</coordinate>
			<type>rectangle</type>
			<description>None</description>
			<possibleresult>
				<name>Dump Truck</name>
			</possibleresult>
			<points>
				<point>933.000000,193.000000</point>
				<point>920.000000,195.000000</point>
				<point>917.000000,172.000000</point>
				<point>930.000000,170.000000</point>
				<point>933.000000,193.000000</point>
			</points>
		</object>
		<object>
			<coordinate>pixel</coordinate>
			<type>rectangle</type>
			<description>None</description>
			<possibleresult>
				<name>Small Car</name>
			</possibleresult>
			<points>
				<point>929.000000,232.000000</point>
				<point>907.000000,235.000000</point>
				<point>905.000000,228.000000</point>
				<point>928.000000,224.000000</point>
				<point>929.000000,232.000000</point>
			</points>
		</object>
		<object>
			<coordinate>pixel</coordinate>
			<type>rectangle</type>
			<description>None</description>
			<possibleresult>
				<name>Small Car</name>
			</possibleresult>
			<points>
				<point>926.000000,217.000000</point>
				<point>904.000000,217.000000</point>
				<point>904.000000,210.000000</point>
				<point>926.000000,210.000000</point>
				<point>926.000000,217.000000</point>
			</points>
		</object>
		<object>
			<coordinate>pixel</coordinate>
			<type>rectangle</type>
			<description>None</description>
			<possibleresult>
				<name>Van</name>
			</possibleresult>
			<points>
				<point>924.000000,208.000000</point>
				<point>903.000000,208.000000</point>
				<point>903.000000,202.000000</point>
				<point>924.000000,202.000000</point>
				<point>924.000000,208.000000</point>
			</points>
		</object>
		<object>
			<coordinate>pixel</coordinate>
			<type>rectangle</type>
			<description>None</description>
			<possibleresult>
				<name>Van</name>
			</possibleresult>
			<points>
				<point>899.000000,224.000000</point>
				<point>890.000000,226.000000</point>
				<point>886.000000,209.000000</point>
				<point>894.000000,206.000000</point>
				<point>899.000000,224.000000</point>
			</points>
		</object>
		<object>
			<coordinate>pixel</coordinate>
			<type>rectangle</type>
			<description>None</description>
			<possibleresult>
				<name>Small Car</name>
			</possibleresult>
			<points>
				<point>894.000000,206.000000</point>
				<point>884.000000,208.000000</point>
				<point>880.000000,190.000000</point>
				<point>890.000000,188.000000</point>
				<point>894.000000,206.000000</point>
			</points>
		</object>
		<object>
			<coordinate>pixel</coordinate>
			<type>rectangle</type>
			<description>None</description>
			<possibleresult>
				<name>Van</name>
			</possibleresult>
			<points>
				<point>883.000000,209.000000</point>
				<point>873.000000,212.000000</point>
				<point>867.000000,195.000000</point>
				<point>877.000000,192.000000</point>
				<point>883.000000,209.000000</point>
			</points>
		</object>
		<object>
			<coordinate>pixel</coordinate>
			<type>rectangle</type>
			<description>None</description>
			<possibleresult>
				<name>Van</name>
			</possibleresult>
			<points>
				<point>869.000000,206.000000</point>
				<point>859.000000,211.000000</point>
				<point>852.000000,195.000000</point>
				<point>862.000000,190.000000</point>
				<point>869.000000,206.000000</point>
			</points>
		</object>
		<object>
			<coordinate>pixel</coordinate>
			<type>rectangle</type>
			<description>None</description>
			<possibleresult>
				<name>Small Car</name>
			</possibleresult>
			<points>
				<point>863.000000,233.000000</point>
				<point>845.000000,236.000000</point>
				<point>844.000000,230.000000</point>
				<point>862.000000,227.000000</point>
				<point>863.000000,233.000000</point>
			</points>
		</object>
		<object>
			<coordinate>pixel</coordinate>
			<type>rectangle</type>
			<description>None</description>
			<possibleresult>
				<name>Small Car</name>
			</possibleresult>
			<points>
				<point>859.000000,226.000000</point>
				<point>843.000000,228.000000</point>
				<point>842.000000,220.000000</point>
				<point>858.000000,218.000000</point>
				<point>859.000000,226.000000</point>
			</points>
		</object>
		<object>
			<coordinate>pixel</coordinate>
			<type>rectangle</type>
			<description>None</description>
			<possibleresult>
				<name>Small Car</name>
			</possibleresult>
			<points>
				<point>812.000000,337.000000</point>
				<point>788.000000,339.000000</point>
				<point>787.000000,330.000000</point>
				<point>811.000000,328.000000</point>
				<point>812.000000,337.000000</point>
			</points>
		</object>
		<object>
			<coordinate>pixel</coordinate>
			<type>rectangle</type>
			<description>None</description>
			<possibleresult>
				<name>Small Car</name>
			</possibleresult>
			<points>
				<point>793.000000,218.000000</point>
				<point>777.000000,220.000000</point>
				<point>777.000000,213.000000</point>
				<point>793.000000,211.000000</point>
				<point>793.000000,218.000000</point>
			</points>
		</object>
		<object>
			<coordinate>pixel</coordinate>
			<type>rectangle</type>
			<description>None</description>
			<possibleresult>
				<name>Van</name>
			</possibleresult>
			<points>
				<point>793.000000,230.000000</point>
				<point>774.000000,233.000000</point>
				<point>773.000000,226.000000</point>
				<point>793.000000,224.000000</point>
				<point>793.000000,230.000000</point>
			</points>
		</object>
		<object>
			<coordinate>pixel</coordinate>
			<type>rectangle</type>
			<description>None</description>
			<possibleresult>
				<name>Small Car</name>
			</possibleresult>
			<points>
				<point>795.000000,244.000000</point>
				<point>774.000000,247.000000</point>
				<point>773.000000,240.000000</point>
				<point>794.000000,237.000000</point>
				<point>795.000000,244.000000</point>
			</points>
		</object>
		<object>
			<coordinate>pixel</coordinate>
			<type>rectangle</type>
			<description>None</description>
			<possibleresult>
				<name>Van</name>
			</possibleresult>
			<points>
				<point>730.000000,249.000000</point>
				<point>709.000000,251.000000</point>
				<point>709.000000,244.000000</point>
				<point>730.000000,242.000000</point>
				<point>730.000000,249.000000</point>
			</points>
		</object>
		<object>
			<coordinate>pixel</coordinate>
			<type>rectangle</type>
			<description>None</description>
			<possibleresult>
				<name>Van</name>
			</possibleresult>
			<points>
				<point>727.000000,238.000000</point>
				<point>706.000000,240.000000</point>
				<point>705.000000,232.000000</point>
				<point>726.000000,230.000000</point>
				<point>727.000000,238.000000</point>
			</points>
		</object>
		<object>
			<coordinate>pixel</coordinate>
			<type>rectangle</type>
			<description>None</description>
			<possibleresult>
				<name>Van</name>
			</possibleresult>
			<points>
				<point>671.000000,245.000000</point>
				<point>662.000000,246.000000</point>
				<point>659.000000,229.000000</point>
				<point>668.000000,227.000000</point>
				<point>671.000000,245.000000</point>
			</points>
		</object>
		<object>
			<coordinate>pixel</coordinate>
			<type>rectangle</type>
			<description>None</description>
			<possibleresult>
				<name>Small Car</name>
			</possibleresult>
			<points>
				<point>659.000000,246.000000</point>
				<point>648.000000,249.000000</point>
				<point>644.000000,231.000000</point>
				<point>654.000000,229.000000</point>
				<point>659.000000,246.000000</point>
			</points>
		</object>
		<object>
			<coordinate>pixel</coordinate>
			<type>rectangle</type>
			<description>None</description>
			<possibleresult>
				<name>Small Car</name>
			</possibleresult>
			<points>
				<point>629.000000,254.000000</point>
				<point>604.000000,257.000000</point>
				<point>604.000000,251.000000</point>
				<point>629.000000,248.000000</point>
				<point>629.000000,254.000000</point>
			</points>
		</object>
		<object>
			<coordinate>pixel</coordinate>
			<type>rectangle</type>
			<description>None</description>
			<possibleresult>
				<name>Small Car</name>
			</possibleresult>
			<points>
				<point>575.000000,246.000000</point>
				<point>566.000000,248.000000</point>
				<point>563.000000,231.000000</point>
				<point>572.000000,229.000000</point>
				<point>575.000000,246.000000</point>
			</points>
		</object>
		<object>
			<coordinate>pixel</coordinate>
			<type>rectangle</type>
			<description>None</description>
			<possibleresult>
				<name>Small Car</name>
			</possibleresult>
			<points>
				<point>518.000000,237.000000</point>
				<point>495.000000,241.000000</point>
				<point>493.000000,233.000000</point>
				<point>517.000000,230.000000</point>
				<point>518.000000,237.000000</point>
			</points>
		</object>
		<object>
			<coordinate>pixel</coordinate>
			<type>rectangle</type>
			<description>None</description>
			<possibleresult>
				<name>Small Car</name>
			</possibleresult>
			<points>
				<point>481.000000,246.000000</point>
				<point>480.000000,254.000000</point>
				<point>465.000000,250.000000</point>
				<point>466.000000,242.000000</point>
				<point>481.000000,246.000000</point>
			</points>
		</object>
		<object>
			<coordinate>pixel</coordinate>
			<type>rectangle</type>
			<description>None</description>
			<possibleresult>
				<name>Van</name>
			</possibleresult>
			<points>
				<point>439.000000,263.000000</point>
				<point>430.000000,263.000000</point>
				<point>430.000000,250.000000</point>
				<point>439.000000,250.000000</point>
				<point>439.000000,263.000000</point>
			</points>
		</object>
		<object>
			<coordinate>pixel</coordinate>
			<type>rectangle</type>
			<description>None</description>
			<possibleresult>
				<name>Small Car</name>
			</possibleresult>
			<points>
				<point>391.000000,81.000000</point>
				<point>382.000000,81.000000</point>
				<point>382.000000,64.000000</point>
				<point>391.000000,64.000000</point>
				<point>391.000000,81.000000</point>
			</points>
		</object>
		<object>
			<coordinate>pixel</coordinate>
			<type>rectangle</type>
			<description>None</description>
			<possibleresult>
				<name>Small Car</name>
			</possibleresult>
			<points>
				<point>200.000000,221.000000</point>
				<point>192.000000,222.000000</point>
				<point>190.000000,200.000000</point>
				<point>199.000000,200.000000</point>
				<point>200.000000,221.000000</point>
			</points>
		</object>
		<object>
			<coordinate>pixel</coordinate>
			<type>rectangle</type>
			<description>None</description>
			<possibleresult>
				<name>Cargo Truck</name>
			</possibleresult>
			<points>
				<point>365.000000,155.000000</point>
				<point>351.000000,156.000000</point>
				<point>350.000000,132.000000</point>
				<point>364.000000,131.000000</point>
				<point>365.000000,155.000000</point>
			</points>
		</object>
		<object>
			<coordinate>pixel</coordinate>
			<type>rectangle</type>
			<description>None</description>
			<possibleresult>
				<name>Cargo Truck</name>
			</possibleresult>
			<points>
				<point>368.000000,207.000000</point>
				<point>355.000000,208.000000</point>
				<point>353.000000,183.000000</point>
				<point>365.000000,181.000000</point>
				<point>368.000000,207.000000</point>
			</points>
		</object>
		<object>
			<coordinate>pixel</coordinate>
			<type>rectangle</type>
			<description>None</description>
			<possibleresult>
				<name>Small Car</name>
			</possibleresult>
			<points>
				<point>336.000000,248.000000</point>
				<point>326.000000,249.000000</point>
				<point>325.000000,232.000000</point>
				<point>335.000000,231.000000</point>
				<point>336.000000,248.000000</point>
			</points>
		</object>
		<object>
			<coordinate>pixel</coordinate>
			<type>rectangle</type>
			<description>None</description>
			<possibleresult>
				<name>Intersection</name>
			</possibleresult>
			<points>
				<point>407.000000,413.000000</point>
				<point>351.000000,414.000000</point>
				<point>351.000000,366.000000</point>
				<point>407.000000,365.000000</point>
				<point>407.000000,413.000000</point>
			</points>
		</object>
		<object>
			<coordinate>pixel</coordinate>
			<type>rectangle</type>
			<description>None</description>
			<possibleresult>
				<name>Van</name>
			</possibleresult>
			<points>
				<point>298.000000,308.000000</point>
				<point>288.000000,308.000000</point>
				<point>288.000000,292.000000</point>
				<point>298.000000,292.000000</point>
				<point>298.000000,308.000000</point>
			</points>
		</object>
		<object>
			<coordinate>pixel</coordinate>
			<type>rectangle</type>
			<description>None</description>
			<possibleresult>
				<name>Van</name>
			</possibleresult>
			<points>
				<point>373.000000,286.000000</point>
				<point>369.000000,294.000000</point>
				<point>353.000000,284.000000</point>
				<point>357.000000,276.000000</point>
				<point>373.000000,286.000000</point>
			</points>
		</object>
		<object>
			<coordinate>pixel</coordinate>
			<type>rectangle</type>
			<description>None</description>
			<possibleresult>
				<name>Small Car</name>
			</possibleresult>
			<points>
				<point>311.000000,316.000000</point>
				<point>303.000000,316.000000</point>
				<point>302.000000,298.000000</point>
				<point>310.000000,298.000000</point>
				<point>311.000000,316.000000</point>
			</points>
		</object>
		<object>
			<coordinate>pixel</coordinate>
			<type>rectangle</type>
			<description>None</description>
			<possibleresult>
				<name>Cargo Truck</name>
			</possibleresult>
			<points>
				<point>363.000000,345.000000</point>
				<point>349.000000,345.000000</point>
				<point>348.000000,318.000000</point>
				<point>361.000000,317.000000</point>
				<point>363.000000,345.000000</point>
			</points>
		</object>
		<object>
			<coordinate>pixel</coordinate>
			<type>rectangle</type>
			<description>None</description>
			<possibleresult>
				<name>Small Car</name>
			</possibleresult>
			<points>
				<point>447.000000,380.000000</point>
				<point>424.000000,383.000000</point>
				<point>423.000000,375.000000</point>
				<point>446.000000,372.000000</point>
				<point>447.000000,380.000000</point>
			</points>
		</object>
		<object>
			<coordinate>pixel</coordinate>
			<type>rectangle</type>
			<description>None</description>
			<possibleresult>
				<name>Van</name>
			</possibleresult>
			<points>
				<point>380.000000,407.000000</point>
				<point>372.000000,416.000000</point>
				<point>356.000000,402.000000</point>
				<point>364.000000,393.000000</point>
				<point>380.000000,407.000000</point>
			</points>
		</object>
		<object>
			<coordinate>pixel</coordinate>
			<type>rectangle</type>
			<description>None</description>
			<possibleresult>
				<name>Small Car</name>
			</possibleresult>
			<points>
				<point>336.000000,407.000000</point>
				<point>312.000000,410.000000</point>
				<point>311.000000,403.000000</point>
				<point>334.000000,399.000000</point>
				<point>336.000000,407.000000</point>
			</points>
		</object>
		<object>
			<coordinate>pixel</coordinate>
			<type>rectangle</type>
			<description>None</description>
			<possibleresult>
				<name>Van</name>
			</possibleresult>
			<points>
				<point>55.000000,291.000000</point>
				<point>47.000000,296.000000</point>
				<point>39.000000,279.000000</point>
				<point>47.000000,274.000000</point>
				<point>55.000000,291.000000</point>
			</points>
		</object>
		<object>
			<coordinate>pixel</coordinate>
			<type>rectangle</type>
			<description>None</description>
			<possibleresult>
				<name>Small Car</name>
			</possibleresult>
			<points>
				<point>97.000000,356.000000</point>
				<point>87.000000,358.000000</point>
				<point>83.000000,338.000000</point>
				<point>93.000000,336.000000</point>
				<point>97.000000,356.000000</point>
			</points>
		</object>
		<object>
			<coordinate>pixel</coordinate>
			<type>rectangle</type>
			<description>None</description>
			<possibleresult>
				<name>Small Car</name>
			</possibleresult>
			<points>
				<point>106.000000,379.000000</point>
				<point>94.000000,381.000000</point>
				<point>91.000000,362.000000</point>
				<point>102.000000,361.000000</point>
				<point>106.000000,379.000000</point>
			</points>
		</object>
		<object>
			<coordinate>pixel</coordinate>
			<type>rectangle</type>
			<description>None</description>
			<possibleresult>
				<name>Van</name>
			</possibleresult>
			<points>
				<point>70.000000,420.000000</point>
				<point>48.000000,422.000000</point>
				<point>48.000000,414.000000</point>
				<point>69.000000,411.000000</point>
				<point>70.000000,420.000000</point>
			</points>
		</object>
		<object>
			<coordinate>pixel</coordinate>
			<type>rectangle</type>
			<description>None</description>
			<possibleresult>
				<name>Small Car</name>
			</possibleresult>
			<points>
				<point>48.000000,421.000000</point>
				<point>26.000000,423.000000</point>
				<point>26.000000,417.000000</point>
				<point>47.000000,414.000000</point>
				<point>48.000000,421.000000</point>
			</points>
		</object>
		<object>
			<coordinate>pixel</coordinate>
			<type>rectangle</type>
			<description>None</description>
			<possibleresult>
				<name>Small Car</name>
			</possibleresult>
			<points>
				<point>50.000000,432.000000</point>
				<point>25.000000,434.000000</point>
				<point>25.000000,427.000000</point>
				<point>49.000000,424.000000</point>
				<point>50.000000,432.000000</point>
			</points>
		</object>
		<object>
			<coordinate>pixel</coordinate>
			<type>rectangle</type>
			<description>None</description>
			<possibleresult>
				<name>Van</name>
			</possibleresult>
			<points>
				<point>200.000000,486.000000</point>
				<point>192.000000,490.000000</point>
				<point>185.000000,473.000000</point>
				<point>194.000000,470.000000</point>
				<point>200.000000,486.000000</point>
			</points>
		</object>
		<object>
			<coordinate>pixel</coordinate>
			<type>rectangle</type>
			<description>None</description>
			<possibleresult>
				<name>Small Car</name>
			</possibleresult>
			<points>
				<point>106.000000,543.000000</point>
				<point>83.000000,545.000000</point>
				<point>82.000000,536.000000</point>
				<point>105.000000,534.000000</point>
				<point>106.000000,543.000000</point>
			</points>
		</object>
		<object>
			<coordinate>pixel</coordinate>
			<type>rectangle</type>
			<description>None</description>
			<possibleresult>
				<name>Small Car</name>
			</possibleresult>
			<points>
				<point>108.000000,555.000000</point>
				<point>86.000000,558.000000</point>
				<point>85.000000,551.000000</point>
				<point>106.000000,547.000000</point>
				<point>108.000000,555.000000</point>
			</points>
		</object>
		<object>
			<coordinate>pixel</coordinate>
			<type>rectangle</type>
			<description>None</description>
			<possibleresult>
				<name>Van</name>
			</possibleresult>
			<points>
				<point>111.000000,565.000000</point>
				<point>90.000000,567.000000</point>
				<point>89.000000,559.000000</point>
				<point>110.000000,557.000000</point>
				<point>111.000000,565.000000</point>
			</points>
		</object>
		<object>
			<coordinate>pixel</coordinate>
			<type>rectangle</type>
			<description>None</description>
			<possibleresult>
				<name>Van</name>
			</possibleresult>
			<points>
				<point>116.000000,576.000000</point>
				<point>91.000000,576.000000</point>
				<point>91.000000,568.000000</point>
				<point>116.000000,568.000000</point>
				<point>116.000000,576.000000</point>
			</points>
		</object>
		<object>
			<coordinate>pixel</coordinate>
			<type>rectangle</type>
			<description>None</description>
			<possibleresult>
				<name>Small Car</name>
			</possibleresult>
			<points>
				<point>121.000000,622.000000</point>
				<point>99.000000,626.000000</point>
				<point>97.000000,617.000000</point>
				<point>120.000000,614.000000</point>
				<point>121.000000,622.000000</point>
			</points>
		</object>
		<object>
			<coordinate>pixel</coordinate>
			<type>rectangle</type>
			<description>None</description>
			<possibleresult>
				<name>Small Car</name>
			</possibleresult>
			<points>
				<point>332.000000,632.000000</point>
				<point>308.000000,633.000000</point>
				<point>308.000000,624.000000</point>
				<point>332.000000,623.000000</point>
				<point>332.000000,632.000000</point>
			</points>
		</object>
		<object>
			<coordinate>pixel</coordinate>
			<type>rectangle</type>
			<description>None</description>
			<possibleresult>
				<name>Small Car</name>
			</possibleresult>
			<points>
				<point>355.000000,677.000000</point>
				<point>332.000000,679.000000</point>
				<point>331.000000,671.000000</point>
				<point>355.000000,670.000000</point>
				<point>355.000000,677.000000</point>
			</points>
		</object>
		<object>
			<coordinate>pixel</coordinate>
			<type>rectangle</type>
			<description>None</description>
			<possibleresult>
				<name>Small Car</name>
			</possibleresult>
			<points>
				<point>357.000000,726.000000</point>
				<point>334.000000,729.000000</point>
				<point>333.000000,721.000000</point>
				<point>356.000000,718.000000</point>
				<point>357.000000,726.000000</point>
			</points>
		</object>
		<object>
			<coordinate>pixel</coordinate>
			<type>rectangle</type>
			<description>None</description>
			<possibleresult>
				<name>Dump Truck</name>
			</possibleresult>
			<points>
				<point>996.000000,530.000000</point>
				<point>985.000000,531.000000</point>
				<point>983.000000,511.000000</point>
				<point>993.000000,509.000000</point>
				<point>996.000000,530.000000</point>
			</points>
		</object>
		<object>
			<coordinate>pixel</coordinate>
			<type>rectangle</type>
			<description>None</description>
			<possibleresult>
				<name>Van</name>
			</possibleresult>
			<points>
				<point>884.000000,542.000000</point>
				<point>874.000000,542.000000</point>
				<point>874.000000,525.000000</point>
				<point>884.000000,525.000000</point>
				<point>884.000000,542.000000</point>
			</points>
		</object>
		<object>
			<coordinate>pixel</coordinate>
			<type>rectangle</type>
			<description>None</description>
			<possibleresult>
				<name>Small Car</name>
			</possibleresult>
			<points>
				<point>974.000000,462.000000</point>
				<point>964.000000,464.000000</point>
				<point>961.000000,446.000000</point>
				<point>971.000000,444.000000</point>
				<point>974.000000,462.000000</point>
			</points>
		</object>
		<object>
			<coordinate>pixel</coordinate>
			<type>rectangle</type>
			<description>None</description>
			<possibleresult>
				<name>Small Car</name>
			</possibleresult>
			<points>
				<point>969.000000,427.000000</point>
				<point>949.000000,429.000000</point>
				<point>948.000000,420.000000</point>
				<point>968.000000,418.000000</point>
				<point>969.000000,427.000000</point>
			</points>
		</object>
		<object>
			<coordinate>pixel</coordinate>
			<type>rectangle</type>
			<description>None</description>
			<possibleresult>
				<name>Small Car</name>
			</possibleresult>
			<points>
				<point>905.000000,454.000000</point>
				<point>881.000000,459.000000</point>
				<point>880.000000,452.000000</point>
				<point>903.000000,448.000000</point>
				<point>905.000000,454.000000</point>
			</points>
		</object>
		<object>
			<coordinate>pixel</coordinate>
			<type>rectangle</type>
			<description>None</description>
			<possibleresult>
				<name>Small Car</name>
			</possibleresult>
			<points>
				<point>901.000000,445.000000</point>
				<point>880.000000,448.000000</point>
				<point>879.000000,441.000000</point>
				<point>900.000000,438.000000</point>
				<point>901.000000,445.000000</point>
			</points>
		</object>
		<object>
			<coordinate>pixel</coordinate>
			<type>rectangle</type>
			<description>None</description>
			<possibleresult>
				<name>Small Car</name>
			</possibleresult>
			<points>
				<point>874.000000,475.000000</point>
				<point>865.000000,476.000000</point>
				<point>863.000000,460.000000</point>
				<point>871.000000,458.000000</point>
				<point>874.000000,475.000000</point>
			</points>
		</object>
		<object>
			<coordinate>pixel</coordinate>
			<type>rectangle</type>
			<description>None</description>
			<possibleresult>
				<name>Small Car</name>
			</possibleresult>
			<points>
				<point>870.000000,458.000000</point>
				<point>860.000000,459.000000</point>
				<point>856.000000,441.000000</point>
				<point>867.000000,439.000000</point>
				<point>870.000000,458.000000</point>
			</points>
		</object>
		<object>
			<coordinate>pixel</coordinate>
			<type>rectangle</type>
			<description>None</description>
			<possibleresult>
				<name>Small Car</name>
			</possibleresult>
			<points>
				<point>849.000000,436.000000</point>
				<point>846.000000,454.000000</point>
				<point>836.000000,453.000000</point>
				<point>839.000000,435.000000</point>
				<point>849.000000,436.000000</point>
			</points>
		</object>
		<object>
			<coordinate>pixel</coordinate>
			<type>rectangle</type>
			<description>None</description>
			<possibleresult>
				<name>Small Car</name>
			</possibleresult>
			<points>
				<point>743.000000,491.000000</point>
				<point>735.000000,494.000000</point>
				<point>730.000000,478.000000</point>
				<point>738.000000,475.000000</point>
				<point>743.000000,491.000000</point>
			</points>
		</object>
		<object>
			<coordinate>pixel</coordinate>
			<type>rectangle</type>
			<description>None</description>
			<possibleresult>
				<name>Small Car</name>
			</possibleresult>
			<points>
				<point>764.000000,452.000000</point>
				<point>743.000000,457.000000</point>
				<point>741.000000,449.000000</point>
				<point>763.000000,445.000000</point>
				<point>764.000000,452.000000</point>
			</points>
		</object>
		<object>
			<coordinate>pixel</coordinate>
			<type>rectangle</type>
			<description>None</description>
			<possibleresult>
				<name>Small Car</name>
			</possibleresult>
			<points>
				<point>703.000000,475.000000</point>
				<point>680.000000,478.000000</point>
				<point>679.000000,469.000000</point>
				<point>702.000000,466.000000</point>
				<point>703.000000,475.000000</point>
			</points>
		</object>
		<object>
			<coordinate>pixel</coordinate>
			<type>rectangle</type>
			<description>None</description>
			<possibleresult>
				<name>Small Car</name>
			</possibleresult>
			<points>
				<point>700.000000,465.000000</point>
				<point>679.000000,465.000000</point>
				<point>679.000000,457.000000</point>
				<point>700.000000,457.000000</point>
				<point>700.000000,465.000000</point>
			</points>
		</object>
		<object>
			<coordinate>pixel</coordinate>
			<type>rectangle</type>
			<description>None</description>
			<possibleresult>
				<name>Small Car</name>
			</possibleresult>
			<points>
				<point>659.000000,504.000000</point>
				<point>650.000000,506.000000</point>
				<point>645.000000,486.000000</point>
				<point>655.000000,485.000000</point>
				<point>659.000000,504.000000</point>
			</points>
		</object>
		<object>
			<coordinate>pixel</coordinate>
			<type>rectangle</type>
			<description>None</description>
			<possibleresult>
				<name>Van</name>
			</possibleresult>
			<points>
				<point>698.000000,485.000000</point>
				<point>678.000000,488.000000</point>
				<point>677.000000,478.000000</point>
				<point>698.000000,476.000000</point>
				<point>698.000000,485.000000</point>
			</points>
		</object>
		<object>
			<coordinate>pixel</coordinate>
			<type>rectangle</type>
			<description>None</description>
			<possibleresult>
				<name>Small Car</name>
			</possibleresult>
			<points>
				<point>716.000000,582.000000</point>
				<point>694.000000,585.000000</point>
				<point>694.000000,576.000000</point>
				<point>715.000000,574.000000</point>
				<point>716.000000,582.000000</point>
			</points>
		</object>
		<object>
			<coordinate>pixel</coordinate>
			<type>rectangle</type>
			<description>None</description>
			<possibleresult>
				<name>Small Car</name>
			</possibleresult>
			<points>
				<point>747.000000,595.000000</point>
				<point>724.000000,598.000000</point>
				<point>722.000000,591.000000</point>
				<point>746.000000,587.000000</point>
				<point>747.000000,595.000000</point>
			</points>
		</object>
		<object>
			<coordinate>pixel</coordinate>
			<type>rectangle</type>
			<description>None</description>
			<possibleresult>
				<name>Small Car</name>
			</possibleresult>
			<points>
				<point>742.000000,587.000000</point>
				<point>717.000000,589.000000</point>
				<point>716.000000,582.000000</point>
				<point>742.000000,581.000000</point>
				<point>742.000000,587.000000</point>
			</points>
		</object>
		<object>
			<coordinate>pixel</coordinate>
			<type>rectangle</type>
			<description>None</description>
			<possibleresult>
				<name>Van</name>
			</possibleresult>
			<points>
				<point>739.000000,579.000000</point>
				<point>719.000000,582.000000</point>
				<point>718.000000,575.000000</point>
				<point>738.000000,572.000000</point>
				<point>739.000000,579.000000</point>
			</points>
		</object>
		<object>
			<coordinate>pixel</coordinate>
			<type>rectangle</type>
			<description>None</description>
			<possibleresult>
				<name>Van</name>
			</possibleresult>
			<points>
				<point>736.000000,571.000000</point>
				<point>718.000000,571.000000</point>
				<point>718.000000,564.000000</point>
				<point>736.000000,564.000000</point>
				<point>736.000000,571.000000</point>
			</points>
		</object>
		<object>
			<coordinate>pixel</coordinate>
			<type>rectangle</type>
			<description>None</description>
			<possibleresult>
				<name>Van</name>
			</possibleresult>
			<points>
				<point>715.000000,573.000000</point>
				<point>694.000000,575.000000</point>
				<point>694.000000,569.000000</point>
				<point>715.000000,567.000000</point>
				<point>715.000000,573.000000</point>
			</points>
		</object>
		<object>
			<coordinate>pixel</coordinate>
			<type>rectangle</type>
			<description>None</description>
			<possibleresult>
				<name>Dump Truck</name>
			</possibleresult>
			<points>
				<point>677.000000,560.000000</point>
				<point>650.000000,562.000000</point>
				<point>650.000000,554.000000</point>
				<point>676.000000,551.000000</point>
				<point>677.000000,560.000000</point>
			</points>
		</object>
		<object>
			<coordinate>pixel</coordinate>
			<type>rectangle</type>
			<description>None</description>
			<possibleresult>
				<name>Van</name>
			</possibleresult>
			<points>
				<point>643.000000,583.000000</point>
				<point>619.000000,586.000000</point>
				<point>617.000000,577.000000</point>
				<point>641.000000,574.000000</point>
				<point>643.000000,583.000000</point>
			</points>
		</object>
		<object>
			<coordinate>pixel</coordinate>
			<type>rectangle</type>
			<description>None</description>
			<possibleresult>
				<name>Van</name>
			</possibleresult>
			<points>
				<point>645.000000,596.000000</point>
				<point>615.000000,599.000000</point>
				<point>615.000000,590.000000</point>
				<point>644.000000,586.000000</point>
				<point>645.000000,596.000000</point>
			</points>
		</object>
		<object>
			<coordinate>pixel</coordinate>
			<type>rectangle</type>
			<description>None</description>
			<possibleresult>
				<name>Van</name>
			</possibleresult>
			<points>
				<point>649.000000,603.000000</point>
				<point>619.000000,608.000000</point>
				<point>618.000000,601.000000</point>
				<point>647.000000,595.000000</point>
				<point>649.000000,603.000000</point>
			</points>
		</object>
		<object>
			<coordinate>pixel</coordinate>
			<type>rectangle</type>
			<description>None</description>
			<possibleresult>
				<name>Van</name>
			</possibleresult>
			<points>
				<point>782.000000,677.000000</point>
				<point>758.000000,680.000000</point>
				<point>757.000000,672.000000</point>
				<point>781.000000,669.000000</point>
				<point>782.000000,677.000000</point>
			</points>
		</object>
		<object>
			<coordinate>pixel</coordinate>
			<type>rectangle</type>
			<description>None</description>
			<possibleresult>
				<name>Small Car</name>
			</possibleresult>
			<points>
				<point>713.000000,682.000000</point>
				<point>687.000000,686.000000</point>
				<point>687.000000,680.000000</point>
				<point>712.000000,675.000000</point>
				<point>713.000000,682.000000</point>
			</points>
		</object>
		<object>
			<coordinate>pixel</coordinate>
			<type>rectangle</type>
			<description>None</description>
			<possibleresult>
				<name>Dump Truck</name>
			</possibleresult>
			<points>
				<point>576.000000,673.000000</point>
				<point>566.000000,674.000000</point>
				<point>563.000000,652.000000</point>
				<point>574.000000,652.000000</point>
				<point>576.000000,673.000000</point>
			</points>
		</object>
		<object>
			<coordinate>pixel</coordinate>
			<type>rectangle</type>
			<description>None</description>
			<possibleresult>
				<name>Van</name>
			</possibleresult>
			<points>
				<point>750.000000,833.000000</point>
				<point>741.000000,836.000000</point>
				<point>735.000000,820.000000</point>
				<point>744.000000,817.000000</point>
				<point>750.000000,833.000000</point>
			</points>
		</object>
		<object>
			<coordinate>pixel</coordinate>
			<type>rectangle</type>
			<description>None</description>
			<possibleresult>
				<name>Small Car</name>
			</possibleresult>
			<points>
				<point>724.000000,804.000000</point>
				<point>699.000000,810.000000</point>
				<point>697.000000,803.000000</point>
				<point>722.000000,797.000000</point>
				<point>724.000000,804.000000</point>
			</points>
		</object>
		<object>
			<coordinate>pixel</coordinate>
			<type>rectangle</type>
			<description>None</description>
			<possibleresult>
				<name>Small Car</name>
			</possibleresult>
			<points>
				<point>723.000000,795.000000</point>
				<point>698.000000,800.000000</point>
				<point>697.000000,791.000000</point>
				<point>721.000000,787.000000</point>
				<point>723.000000,795.000000</point>
			</points>
		</object>
		<object>
			<coordinate>pixel</coordinate>
			<type>rectangle</type>
			<description>None</description>
			<possibleresult>
				<name>Small Car</name>
			</possibleresult>
			<points>
				<point>664.000000,814.000000</point>
				<point>641.000000,818.000000</point>
				<point>639.000000,809.000000</point>
				<point>662.000000,805.000000</point>
				<point>664.000000,814.000000</point>
			</points>
		</object>
		<object>
			<coordinate>pixel</coordinate>
			<type>rectangle</type>
			<description>None</description>
			<possibleresult>
				<name>Small Car</name>
			</possibleresult>
			<points>
				<point>664.000000,804.000000</point>
				<point>637.000000,808.000000</point>
				<point>636.000000,799.000000</point>
				<point>663.000000,795.000000</point>
				<point>664.000000,804.000000</point>
			</points>
		</object>
		<object>
			<coordinate>pixel</coordinate>
			<type>rectangle</type>
			<description>None</description>
			<possibleresult>
				<name>Small Car</name>
			</possibleresult>
			<points>
				<point>631.000000,718.000000</point>
				<point>606.000000,721.000000</point>
				<point>606.000000,714.000000</point>
				<point>630.000000,710.000000</point>
				<point>631.000000,718.000000</point>
			</points>
		</object>
		<object>
			<coordinate>pixel</coordinate>
			<type>rectangle</type>
			<description>None</description>
			<possibleresult>
				<name>Van</name>
			</possibleresult>
			<points>
				<point>541.000000,769.000000</point>
				<point>520.000000,772.000000</point>
				<point>519.000000,766.000000</point>
				<point>541.000000,762.000000</point>
				<point>541.000000,769.000000</point>
			</points>
		</object>
		<object>
			<coordinate>pixel</coordinate>
			<type>rectangle</type>
			<description>None</description>
			<possibleresult>
				<name>Small Car</name>
			</possibleresult>
			<points>
				<point>543.000000,759.000000</point>
				<point>517.000000,762.000000</point>
				<point>517.000000,754.000000</point>
				<point>542.000000,750.000000</point>
				<point>543.000000,759.000000</point>
			</points>
		</object>
		<object>
			<coordinate>pixel</coordinate>
			<type>rectangle</type>
			<description>None</description>
			<possibleresult>
				<name>Small Car</name>
			</possibleresult>
			<points>
				<point>517.000000,874.000000</point>
				<point>508.000000,876.000000</point>
				<point>505.000000,861.000000</point>
				<point>515.000000,860.000000</point>
				<point>517.000000,874.000000</point>
			</points>
		</object>
		<object>
			<coordinate>pixel</coordinate>
			<type>rectangle</type>
			<description>None</description>
			<possibleresult>
				<name>Van</name>
			</possibleresult>
			<points>
				<point>513.000000,856.000000</point>
				<point>504.000000,857.000000</point>
				<point>501.000000,840.000000</point>
				<point>509.000000,838.000000</point>
				<point>513.000000,856.000000</point>
			</points>
		</object>
		<object>
			<coordinate>pixel</coordinate>
			<type>rectangle</type>
			<description>None</description>
			<possibleresult>
				<name>Van</name>
			</possibleresult>
			<points>
				<point>562.000000,960.000000</point>
				<point>543.000000,965.000000</point>
				<point>541.000000,959.000000</point>
				<point>561.000000,955.000000</point>
				<point>562.000000,960.000000</point>
			</points>
		</object>
		<object>
			<coordinate>pixel</coordinate>
			<type>rectangle</type>
			<description>None</description>
			<possibleresult>
				<name>Small Car</name>
			</possibleresult>
			<points>
				<point>537.000000,937.000000</point>
				<point>535.000000,956.000000</point>
				<point>527.000000,955.000000</point>
				<point>528.000000,937.000000</point>
				<point>537.000000,937.000000</point>
			</points>
		</object>
		<object>
			<coordinate>pixel</coordinate>
			<type>rectangle</type>
			<description>None</description>
			<possibleresult>
				<name>Small Car</name>
			</possibleresult>
			<points>
				<point>382.000000,826.000000</point>
				<point>374.000000,827.000000</point>
				<point>373.000000,809.000000</point>
				<point>381.000000,808.000000</point>
				<point>382.000000,826.000000</point>
			</points>
		</object>
		<object>
			<coordinate>pixel</coordinate>
			<type>rectangle</type>
			<description>None</description>
			<possibleresult>
				<name>Small Car</name>
			</possibleresult>
			<points>
				<point>386.000000,883.000000</point>
				<point>375.000000,884.000000</point>
				<point>373.000000,867.000000</point>
				<point>384.000000,866.000000</point>
				<point>386.000000,883.000000</point>
			</points>
		</object>
		<object>
			<coordinate>pixel</coordinate>
			<type>rectangle</type>
			<description>None</description>
			<possibleresult>
				<name>Van</name>
			</possibleresult>
			<points>
				<point>231.000000,905.000000</point>
				<point>210.000000,909.000000</point>
				<point>208.000000,900.000000</point>
				<point>230.000000,897.000000</point>
				<point>231.000000,905.000000</point>
			</points>
		</object>
		<object>
			<coordinate>pixel</coordinate>
			<type>rectangle</type>
			<description>None</description>
			<possibleresult>
				<name>Van</name>
			</possibleresult>
			<points>
				<point>273.000000,978.000000</point>
				<point>263.000000,979.000000</point>
				<point>260.000000,961.000000</point>
				<point>270.000000,960.000000</point>
				<point>273.000000,978.000000</point>
			</points>
		</object>
		<object>
			<coordinate>pixel</coordinate>
			<type>rectangle</type>
			<description>None</description>
			<possibleresult>
				<name>Van</name>
			</possibleresult>
			<points>
				<point>482.000000,986.000000</point>
				<point>459.000000,989.000000</point>
				<point>457.000000,982.000000</point>
				<point>481.000000,978.000000</point>
				<point>482.000000,986.000000</point>
			</points>
		</object>
		<object>
			<coordinate>pixel</coordinate>
			<type>rectangle</type>
			<description>None</description>
			<possibleresult>
				<name>Small Car</name>
			</possibleresult>
			<points>
				<point>59.000000,40.000000</point>
				<point>49.000000,40.000000</point>
				<point>48.000000,21.000000</point>
				<point>58.000000,21.000000</point>
				<point>59.000000,40.000000</point>
			</points>
		</object>
		<object>
			<coordinate>pixel</coordinate>
			<type>rectangle</type>
			<description>None</description>
			<possibleresult>
				<name>Small Car</name>
			</possibleresult>
			<points>
				<point>97.000000,40.000000</point>
				<point>87.000000,41.000000</point>
				<point>85.000000,23.000000</point>
				<point>95.000000,22.000000</point>
				<point>97.000000,40.000000</point>
			</points>
		</object>
		<object>
			<coordinate>pixel</coordinate>
			<type>rectangle</type>
			<description>None</description>
			<possibleresult>
				<name>Van</name>
			</possibleresult>
			<points>
				<point>106.000000,38.000000</point>
				<point>96.000000,38.000000</point>
				<point>96.000000,22.000000</point>
				<point>106.000000,22.000000</point>
				<point>106.000000,38.000000</point>
			</points>
		</object>
		<object>
			<coordinate>pixel</coordinate>
			<type>rectangle</type>
			<description>None</description>
			<possibleresult>
				<name>Van</name>
			</possibleresult>
			<points>
				<point>119.000000,38.000000</point>
				<point>109.000000,38.000000</point>
				<point>108.000000,22.000000</point>
				<point>117.000000,21.000000</point>
				<point>119.000000,38.000000</point>
			</points>
		</object>
		<object>
			<coordinate>pixel</coordinate>
			<type>rectangle</type>
			<description>None</description>
			<possibleresult>
				<name>Van</name>
			</possibleresult>
			<points>
				<point>170.000000,38.000000</point>
				<point>160.000000,40.000000</point>
				<point>157.000000,23.000000</point>
				<point>166.000000,22.000000</point>
				<point>170.000000,38.000000</point>
			</points>
		</object>
		<object>
			<coordinate>pixel</coordinate>
			<type>rectangle</type>
			<description>None</description>
			<possibleresult>
				<name>Van</name>
			</possibleresult>
			<points>
				<point>265.000000,31.000000</point>
				<point>256.000000,31.000000</point>
				<point>256.000000,17.000000</point>
				<point>265.000000,17.000000</point>
				<point>265.000000,31.000000</point>
			</points>
		</object>
		<object>
			<coordinate>pixel</coordinate>
			<type>rectangle</type>
			<description>None</description>
			<possibleresult>
				<name>Van</name>
			</possibleresult>
			<points>
				<point>280.000000,33.000000</point>
				<point>270.000000,33.000000</point>
				<point>270.000000,18.000000</point>
				<point>280.000000,18.000000</point>
				<point>280.000000,33.000000</point>
			</points>
		</object>
		<object>
			<coordinate>pixel</coordinate>
			<type>rectangle</type>
			<description>None</description>
			<possibleresult>
				<name>Small Car</name>
			</possibleresult>
			<points>
				<point>325.000000,28.000000</point>
				<point>304.000000,29.000000</point>
				<point>304.000000,22.000000</point>
				<point>325.000000,21.000000</point>
				<point>325.000000,28.000000</point>
			</points>
		</object>
		<object>
			<coordinate>pixel</coordinate>
			<type>rectangle</type>
			<description>None</description>
			<possibleresult>
				<name>Small Car</name>
			</possibleresult>
			<points>
				<point>377.000000,34.000000</point>
				<point>368.000000,34.000000</point>
				<point>368.000000,17.000000</point>
				<point>377.000000,17.000000</point>
				<point>377.000000,34.000000</point>
			</points>
		</object>
		<object>
			<coordinate>pixel</coordinate>
			<type>rectangle</type>
			<description>None</description>
			<possibleresult>
				<name>Van</name>
			</possibleresult>
			<points>
				<point>526.000000,90.000000</point>
				<point>505.000000,92.000000</point>
				<point>504.000000,83.000000</point>
				<point>525.000000,81.000000</point>
				<point>526.000000,90.000000</point>
			</points>
		</object>
		<object>
			<coordinate>pixel</coordinate>
			<type>rectangle</type>
			<description>None</description>
			<possibleresult>
				<name>Van</name>
			</possibleresult>
			<points>
				<point>531.000000,74.000000</point>
				<point>505.000000,76.000000</point>
				<point>504.000000,67.000000</point>
				<point>530.000000,65.000000</point>
				<point>531.000000,74.000000</point>
			</points>
		</object>
		<object>
			<coordinate>pixel</coordinate>
			<type>rectangle</type>
			<description>None</description>
			<possibleresult>
				<name>Small Car</name>
			</possibleresult>
			<points>
				<point>525.000000,51.000000</point>
				<point>524.000000,58.000000</point>
				<point>505.000000,56.000000</point>
				<point>506.000000,49.000000</point>
				<point>525.000000,51.000000</point>
			</points>
		</object>
		<object>
			<coordinate>pixel</coordinate>
			<type>rectangle</type>
			<description>None</description>
			<possibleresult>
				<name>Small Car</name>
			</possibleresult>
			<points>
				<point>526.000000,41.000000</point>
				<point>525.000000,48.000000</point>
				<point>501.000000,47.000000</point>
				<point>502.000000,40.000000</point>
				<point>526.000000,41.000000</point>
			</points>
		</object>
		<object>
			<coordinate>pixel</coordinate>
			<type>rectangle</type>
			<description>None</description>
			<possibleresult>
				<name>Van</name>
			</possibleresult>
			<points>
				<point>647.000000,11.000000</point>
				<point>638.000000,12.000000</point>
				<point>638.000000,0.000000</point>
				<point>646.000000,0.000000</point>
				<point>647.000000,11.000000</point>
			</points>
		</object>
		<object>
			<coordinate>pixel</coordinate>
			<type>rectangle</type>
			<description>None</description>
			<possibleresult>
				<name>Van</name>
			</possibleresult>
			<points>
				<point>686.000000,50.000000</point>
				<point>678.000000,52.000000</point>
				<point>675.000000,36.000000</point>
				<point>683.000000,34.000000</point>
				<point>686.000000,50.000000</point>
			</points>
		</object>
		<object>
			<coordinate>pixel</coordinate>
			<type>rectangle</type>
			<description>None</description>
			<possibleresult>
				<name>Van</name>
			</possibleresult>
			<points>
				<point>688.000000,68.000000</point>
				<point>679.000000,69.000000</point>
				<point>676.000000,52.000000</point>
				<point>686.000000,50.000000</point>
				<point>688.000000,68.000000</point>
			</points>
		</object>
		<object>
			<coordinate>pixel</coordinate>
			<type>rectangle</type>
			<description>None</description>
			<possibleresult>
				<name>Small Car</name>
			</possibleresult>
			<points>
				<point>667.000000,0.000000</point>
				<point>667.000000,0.000000</point>
				<point>667.000000,0.000000</point>
				<point>667.000000,0.000000</point>
				<point>667.000000,0.000000</point>
			</points>
		</object>
		<object>
			<coordinate>pixel</coordinate>
			<type>rectangle</type>
			<description>None</description>
			<possibleresult>
				<name>Van</name>
			</possibleresult>
			<points>
				<point>792.000000,27.000000</point>
				<point>782.000000,27.000000</point>
				<point>782.000000,4.000000</point>
				<point>792.000000,4.000000</point>
				<point>792.000000,27.000000</point>
			</points>
		</object>
		<object>
			<coordinate>pixel</coordinate>
			<type>rectangle</type>
			<description>None</description>
			<possibleresult>
				<name>Van</name>
			</possibleresult>
			<points>
				<point>781.000000,2.000000</point>
				<point>780.000000,0.000000</point>
				<point>790.000000,0.000000</point>
				<point>791.000000,2.000000</point>
				<point>781.000000,2.000000</point>
			</points>
		</object>
		<object>
			<coordinate>pixel</coordinate>
			<type>rectangle</type>
			<description>None</description>
			<possibleresult>
				<name>Van</name>
			</possibleresult>
			<points>
				<point>793.000000,0.000000</point>
				<point>793.000000,0.000000</point>
				<point>795.000000,0.000000</point>
				<point>795.000000,0.000000</point>
				<point>793.000000,0.000000</point>
			</points>
		</object>
		<object>
			<coordinate>pixel</coordinate>
			<type>rectangle</type>
			<description>None</description>
			<possibleresult>
				<name>Van</name>
			</possibleresult>
			<points>
				<point>957.000000,37.000000</point>
				<point>936.000000,45.000000</point>
				<point>932.000000,38.000000</point>
				<point>954.000000,29.000000</point>
				<point>957.000000,37.000000</point>
			</points>
		</object>
		<object>
			<coordinate>pixel</coordinate>
			<type>rectangle</type>
			<description>None</description>
			<possibleresult>
				<name>Small Car</name>
			</possibleresult>
			<points>
				<point>976.000000,48.000000</point>
				<point>967.000000,48.000000</point>
				<point>967.000000,32.000000</point>
				<point>976.000000,32.000000</point>
				<point>976.000000,48.000000</point>
			</points>
		</object>
		<object>
			<coordinate>pixel</coordinate>
			<type>rectangle</type>
			<description>None</description>
			<possibleresult>
				<name>Small Car</name>
			</possibleresult>
			<points>
				<point>992.000000,38.000000</point>
				<point>982.000000,38.000000</point>
				<point>981.000000,21.000000</point>
				<point>991.000000,21.000000</point>
				<point>992.000000,38.000000</point>
			</points>
		</object>
		<object>
			<coordinate>pixel</coordinate>
			<type>rectangle</type>
			<description>None</description>
			<possibleresult>
				<name>Small Car</name>
			</possibleresult>
			<points>
				<point>737.000000,967.000000</point>
				<point>728.000000,968.000000</point>
				<point>725.000000,951.000000</point>
				<point>735.000000,949.000000</point>
				<point>737.000000,967.000000</point>
			</points>
		</object>
	</objects>
</annotation>