<?xml version="1.0" encoding="utf-8"?>
<annotation>
	<source>
		<filename>1330.tif</filename>
		<origin>GF2/GF3</origin>
	</source>
	<research>
		<version>1.0</version>
		<provider>FAIR1M</provider>
		<author>Cyber</author>
		<pluginname>FAIR1M</pluginname>
		<pluginclass>object detection</pluginclass>
		<time>2021-07-21</time>
	</research>
	<size>
		<width>1000</width>
		<height>1000</height>
		<depth>3</depth>
	</size>
	<objects>
		<object>
			<coordinate>pixel</coordinate>
			<type>rectangle</type>
			<description>None</description>
			<possibleresult>
				<name>Small Car</name>
			</possibleresult>
			<points>
				<point>335.000000,92.000000</point>
				<point>329.000000,96.000000</point>
				<point>321.000000,84.000000</point>
				<point>327.000000,80.000000</point>
				<point>335.000000,92.000000</point>
			</points>
		</object>
		<object>
			<coordinate>pixel</coordinate>
			<type>rectangle</type>
			<description>None</description>
			<possibleresult>
				<name>Small Car</name>
			</possibleresult>
			<points>
				<point>328.000000,99.000000</point>
				<point>321.000000,103.000000</point>
				<point>312.000000,88.000000</point>
				<point>319.000000,84.000000</point>
				<point>328.000000,99.000000</point>
			</points>
		</object>
		<object>
			<coordinate>pixel</coordinate>
			<type>rectangle</type>
			<description>None</description>
			<possibleresult>
				<name>Small Car</name>
			</possibleresult>
			<points>
				<point>319.000000,101.000000</point>
				<point>313.000000,105.000000</point>
				<point>302.000000,90.000000</point>
				<point>309.000000,85.000000</point>
				<point>319.000000,101.000000</point>
			</points>
		</object>
		<object>
			<coordinate>pixel</coordinate>
			<type>rectangle</type>
			<description>None</description>
			<possibleresult>
				<name>Small Car</name>
			</possibleresult>
			<points>
				<point>301.000000,109.000000</point>
				<point>294.000000,113.000000</point>
				<point>285.000000,98.000000</point>
				<point>292.000000,94.000000</point>
				<point>301.000000,109.000000</point>
			</points>
		</object>
		<object>
			<coordinate>pixel</coordinate>
			<type>rectangle</type>
			<description>None</description>
			<possibleresult>
				<name>Small Car</name>
			</possibleresult>
			<points>
				<point>291.000000,112.000000</point>
				<point>284.000000,118.000000</point>
				<point>273.000000,102.000000</point>
				<point>281.000000,97.000000</point>
				<point>291.000000,112.000000</point>
			</points>
		</object>
		<object>
			<coordinate>pixel</coordinate>
			<type>rectangle</type>
			<description>None</description>
			<possibleresult>
				<name>Small Car</name>
			</possibleresult>
			<points>
				<point>282.000000,117.000000</point>
				<point>276.000000,122.000000</point>
				<point>266.000000,107.000000</point>
				<point>273.000000,103.000000</point>
				<point>282.000000,117.000000</point>
			</points>
		</object>
		<object>
			<coordinate>pixel</coordinate>
			<type>rectangle</type>
			<description>None</description>
			<possibleresult>
				<name>Small Car</name>
			</possibleresult>
			<points>
				<point>272.000000,120.000000</point>
				<point>265.000000,125.000000</point>
				<point>257.000000,111.000000</point>
				<point>263.000000,107.000000</point>
				<point>272.000000,120.000000</point>
			</points>
		</object>
		<object>
			<coordinate>pixel</coordinate>
			<type>rectangle</type>
			<description>None</description>
			<possibleresult>
				<name>Small Car</name>
			</possibleresult>
			<points>
				<point>263.000000,126.000000</point>
				<point>257.000000,131.000000</point>
				<point>248.000000,117.000000</point>
				<point>255.000000,113.000000</point>
				<point>263.000000,126.000000</point>
			</points>
		</object>
		<object>
			<coordinate>pixel</coordinate>
			<type>rectangle</type>
			<description>None</description>
			<possibleresult>
				<name>Small Car</name>
			</possibleresult>
			<points>
				<point>347.000000,127.000000</point>
				<point>341.000000,131.000000</point>
				<point>333.000000,118.000000</point>
				<point>340.000000,114.000000</point>
				<point>347.000000,127.000000</point>
			</points>
		</object>
		<object>
			<coordinate>pixel</coordinate>
			<type>rectangle</type>
			<description>None</description>
			<possibleresult>
				<name>Small Car</name>
			</possibleresult>
			<points>
				<point>330.000000,136.000000</point>
				<point>323.000000,140.000000</point>
				<point>314.000000,127.000000</point>
				<point>321.000000,123.000000</point>
				<point>330.000000,136.000000</point>
			</points>
		</object>
		<object>
			<coordinate>pixel</coordinate>
			<type>rectangle</type>
			<description>None</description>
			<possibleresult>
				<name>Small Car</name>
			</possibleresult>
			<points>
				<point>348.000000,147.000000</point>
				<point>340.000000,151.000000</point>
				<point>332.000000,137.000000</point>
				<point>340.000000,133.000000</point>
				<point>348.000000,147.000000</point>
			</points>
		</object>
		<object>
			<coordinate>pixel</coordinate>
			<type>rectangle</type>
			<description>None</description>
			<possibleresult>
				<name>Small Car</name>
			</possibleresult>
			<points>
				<point>698.000000,228.000000</point>
				<point>683.000000,234.000000</point>
				<point>680.000000,227.000000</point>
				<point>695.000000,221.000000</point>
				<point>698.000000,228.000000</point>
			</points>
		</object>
	</objects>
</annotation>