<?xml version="1.0" encoding="utf-8"?>
<annotation>
	<source>
		<filename>1332.tif</filename>
		<origin>GF2/GF3</origin>
	</source>
	<research>
		<version>1.0</version>
		<provider>FAIR1M</provider>
		<author>Cyber</author>
		<pluginname>FAIR1M</pluginname>
		<pluginclass>object detection</pluginclass>
		<time>2021-07-21</time>
	</research>
	<size>
		<width>1000</width>
		<height>1000</height>
		<depth>3</depth>
	</size>
	<objects>
		<object>
			<coordinate>pixel</coordinate>
			<type>rectangle</type>
			<description>None</description>
			<possibleresult>
				<name>Dump Truck</name>
			</possibleresult>
			<points>
				<point>136.000000,22.000000</point>
				<point>124.000000,22.000000</point>
				<point>124.000000,1.000000</point>
				<point>136.000000,1.000000</point>
				<point>136.000000,22.000000</point>
			</points>
		</object>
		<object>
			<coordinate>pixel</coordinate>
			<type>rectangle</type>
			<description>None</description>
			<possibleresult>
				<name>Small Car</name>
			</possibleresult>
			<points>
				<point>262.000000,82.000000</point>
				<point>239.000000,82.000000</point>
				<point>239.000000,74.000000</point>
				<point>262.000000,74.000000</point>
				<point>262.000000,82.000000</point>
			</points>
		</object>
		<object>
			<coordinate>pixel</coordinate>
			<type>rectangle</type>
			<description>None</description>
			<possibleresult>
				<name>Small Car</name>
			</possibleresult>
			<points>
				<point>237.000000,81.000000</point>
				<point>216.000000,81.000000</point>
				<point>216.000000,74.000000</point>
				<point>237.000000,74.000000</point>
				<point>237.000000,81.000000</point>
			</points>
		</object>
		<object>
			<coordinate>pixel</coordinate>
			<type>rectangle</type>
			<description>None</description>
			<possibleresult>
				<name>Van</name>
			</possibleresult>
			<points>
				<point>549.000000,373.000000</point>
				<point>542.000000,373.000000</point>
				<point>542.000000,357.000000</point>
				<point>549.000000,357.000000</point>
				<point>549.000000,373.000000</point>
			</points>
		</object>
		<object>
			<coordinate>pixel</coordinate>
			<type>rectangle</type>
			<description>None</description>
			<possibleresult>
				<name>Small Car</name>
			</possibleresult>
			<points>
				<point>634.000000,790.000000</point>
				<point>633.000000,808.000000</point>
				<point>622.000000,807.000000</point>
				<point>623.000000,789.000000</point>
				<point>634.000000,790.000000</point>
			</points>
		</object>
		<object>
			<coordinate>pixel</coordinate>
			<type>rectangle</type>
			<description>None</description>
			<possibleresult>
				<name>Small Car</name>
			</possibleresult>
			<points>
				<point>419.000000,310.000000</point>
				<point>395.000000,312.000000</point>
				<point>395.000000,303.000000</point>
				<point>418.000000,300.000000</point>
				<point>419.000000,310.000000</point>
			</points>
		</object>
		<object>
			<coordinate>pixel</coordinate>
			<type>rectangle</type>
			<description>None</description>
			<possibleresult>
				<name>Small Car</name>
			</possibleresult>
			<points>
				<point>692.000000,777.000000</point>
				<point>683.000000,778.000000</point>
				<point>681.000000,762.000000</point>
				<point>691.000000,762.000000</point>
				<point>692.000000,777.000000</point>
			</points>
		</object>
		<object>
			<coordinate>pixel</coordinate>
			<type>rectangle</type>
			<description>None</description>
			<possibleresult>
				<name>Intersection</name>
			</possibleresult>
			<points>
				<point>389.000000,933.000000</point>
				<point>296.000000,936.000000</point>
				<point>294.000000,890.000000</point>
				<point>387.000000,887.000000</point>
				<point>389.000000,933.000000</point>
			</points>
		</object>
		<object>
			<coordinate>pixel</coordinate>
			<type>rectangle</type>
			<description>None</description>
			<possibleresult>
				<name>Intersection</name>
			</possibleresult>
			<points>
				<point>371.000000,594.000000</point>
				<point>309.000000,594.000000</point>
				<point>309.000000,544.000000</point>
				<point>371.000000,544.000000</point>
				<point>371.000000,594.000000</point>
			</points>
		</object>
		<object>
			<coordinate>pixel</coordinate>
			<type>rectangle</type>
			<description>None</description>
			<possibleresult>
				<name>Intersection</name>
			</possibleresult>
			<points>
				<point>384.000000,265.000000</point>
				<point>285.000000,265.000000</point>
				<point>285.000000,189.000000</point>
				<point>384.000000,189.000000</point>
				<point>384.000000,265.000000</point>
			</points>
		</object>
		<object>
			<coordinate>pixel</coordinate>
			<type>rectangle</type>
			<description>None</description>
			<possibleresult>
				<name>Small Car</name>
			</possibleresult>
			<points>
				<point>580.000000,964.000000</point>
				<point>559.000000,964.000000</point>
				<point>559.000000,957.000000</point>
				<point>580.000000,957.000000</point>
				<point>580.000000,964.000000</point>
			</points>
		</object>
		<object>
			<coordinate>pixel</coordinate>
			<type>rectangle</type>
			<description>None</description>
			<possibleresult>
				<name>Small Car</name>
			</possibleresult>
			<points>
				<point>759.000000,998.000000</point>
				<point>750.000000,999.000000</point>
				<point>749.000000,983.000000</point>
				<point>758.000000,982.000000</point>
				<point>759.000000,998.000000</point>
			</points>
		</object>
		<object>
			<coordinate>pixel</coordinate>
			<type>rectangle</type>
			<description>None</description>
			<possibleresult>
				<name>Small Car</name>
			</possibleresult>
			<points>
				<point>1000.000000,915.000000</point>
				<point>979.000000,915.000000</point>
				<point>979.000000,909.000000</point>
				<point>1000.000000,909.000000</point>
				<point>1000.000000,915.000000</point>
			</points>
		</object>
		<object>
			<coordinate>pixel</coordinate>
			<type>rectangle</type>
			<description>None</description>
			<possibleresult>
				<name>Small Car</name>
			</possibleresult>
			<points>
				<point>694.000000,906.000000</point>
				<point>672.000000,906.000000</point>
				<point>672.000000,900.000000</point>
				<point>694.000000,900.000000</point>
				<point>694.000000,906.000000</point>
			</points>
		</object>
		<object>
			<coordinate>pixel</coordinate>
			<type>rectangle</type>
			<description>None</description>
			<possibleresult>
				<name>Small Car</name>
			</possibleresult>
			<points>
				<point>644.000000,824.000000</point>
				<point>630.000000,837.000000</point>
				<point>624.000000,831.000000</point>
				<point>638.000000,818.000000</point>
				<point>644.000000,824.000000</point>
			</points>
		</object>
		<object>
			<coordinate>pixel</coordinate>
			<type>rectangle</type>
			<description>None</description>
			<possibleresult>
				<name>Small Car</name>
			</possibleresult>
			<points>
				<point>918.000000,791.000000</point>
				<point>894.000000,791.000000</point>
				<point>894.000000,785.000000</point>
				<point>918.000000,785.000000</point>
				<point>918.000000,791.000000</point>
			</points>
		</object>
		<object>
			<coordinate>pixel</coordinate>
			<type>rectangle</type>
			<description>None</description>
			<possibleresult>
				<name>Van</name>
			</possibleresult>
			<points>
				<point>831.000000,663.000000</point>
				<point>830.000000,679.000000</point>
				<point>820.000000,679.000000</point>
				<point>821.000000,663.000000</point>
				<point>831.000000,663.000000</point>
			</points>
		</object>
		<object>
			<coordinate>pixel</coordinate>
			<type>rectangle</type>
			<description>None</description>
			<possibleresult>
				<name>Small Car</name>
			</possibleresult>
			<points>
				<point>834.000000,658.000000</point>
				<point>824.000000,660.000000</point>
				<point>822.000000,641.000000</point>
				<point>832.000000,639.000000</point>
				<point>834.000000,658.000000</point>
			</points>
		</object>
		<object>
			<coordinate>pixel</coordinate>
			<type>rectangle</type>
			<description>None</description>
			<possibleresult>
				<name>Small Car</name>
			</possibleresult>
			<points>
				<point>897.000000,542.000000</point>
				<point>888.000000,542.000000</point>
				<point>887.000000,526.000000</point>
				<point>895.000000,525.000000</point>
				<point>897.000000,542.000000</point>
			</points>
		</object>
		<object>
			<coordinate>pixel</coordinate>
			<type>rectangle</type>
			<description>None</description>
			<possibleresult>
				<name>Small Car</name>
			</possibleresult>
			<points>
				<point>906.000000,517.000000</point>
				<point>898.000000,517.000000</point>
				<point>897.000000,501.000000</point>
				<point>904.000000,500.000000</point>
				<point>906.000000,517.000000</point>
			</points>
		</object>
		<object>
			<coordinate>pixel</coordinate>
			<type>rectangle</type>
			<description>None</description>
			<possibleresult>
				<name>Small Car</name>
			</possibleresult>
			<points>
				<point>840.000000,522.000000</point>
				<point>839.000000,534.000000</point>
				<point>831.000000,533.000000</point>
				<point>832.000000,521.000000</point>
				<point>840.000000,522.000000</point>
			</points>
		</object>
		<object>
			<coordinate>pixel</coordinate>
			<type>rectangle</type>
			<description>None</description>
			<possibleresult>
				<name>Small Car</name>
			</possibleresult>
			<points>
				<point>831.000000,523.000000</point>
				<point>828.000000,539.000000</point>
				<point>819.000000,538.000000</point>
				<point>821.000000,521.000000</point>
				<point>831.000000,523.000000</point>
			</points>
		</object>
		<object>
			<coordinate>pixel</coordinate>
			<type>rectangle</type>
			<description>None</description>
			<possibleresult>
				<name>Van</name>
			</possibleresult>
			<points>
				<point>684.000000,648.000000</point>
				<point>682.000000,667.000000</point>
				<point>672.000000,666.000000</point>
				<point>673.000000,648.000000</point>
				<point>684.000000,648.000000</point>
			</points>
		</object>
		<object>
			<coordinate>pixel</coordinate>
			<type>rectangle</type>
			<description>None</description>
			<possibleresult>
				<name>Van</name>
			</possibleresult>
			<points>
				<point>164.000000,847.000000</point>
				<point>153.000000,847.000000</point>
				<point>153.000000,833.000000</point>
				<point>164.000000,833.000000</point>
				<point>164.000000,847.000000</point>
			</points>
		</object>
		<object>
			<coordinate>pixel</coordinate>
			<type>rectangle</type>
			<description>None</description>
			<possibleresult>
				<name>Small Car</name>
			</possibleresult>
			<points>
				<point>53.000000,809.000000</point>
				<point>43.000000,809.000000</point>
				<point>42.000000,791.000000</point>
				<point>52.000000,791.000000</point>
				<point>53.000000,809.000000</point>
			</points>
		</object>
		<object>
			<coordinate>pixel</coordinate>
			<type>rectangle</type>
			<description>None</description>
			<possibleresult>
				<name>Dump Truck</name>
			</possibleresult>
			<points>
				<point>35.000000,807.000000</point>
				<point>25.000000,808.000000</point>
				<point>23.000000,789.000000</point>
				<point>32.000000,787.000000</point>
				<point>35.000000,807.000000</point>
			</points>
		</object>
		<object>
			<coordinate>pixel</coordinate>
			<type>rectangle</type>
			<description>None</description>
			<possibleresult>
				<name>Small Car</name>
			</possibleresult>
			<points>
				<point>509.000000,589.000000</point>
				<point>483.000000,589.000000</point>
				<point>483.000000,581.000000</point>
				<point>509.000000,581.000000</point>
				<point>509.000000,589.000000</point>
			</points>
		</object>
		<object>
			<coordinate>pixel</coordinate>
			<type>rectangle</type>
			<description>None</description>
			<possibleresult>
				<name>Van</name>
			</possibleresult>
			<points>
				<point>668.000000,590.000000</point>
				<point>646.000000,590.000000</point>
				<point>646.000000,584.000000</point>
				<point>668.000000,584.000000</point>
				<point>668.000000,590.000000</point>
			</points>
		</object>
		<object>
			<coordinate>pixel</coordinate>
			<type>rectangle</type>
			<description>None</description>
			<possibleresult>
				<name>Small Car</name>
			</possibleresult>
			<points>
				<point>577.000000,582.000000</point>
				<point>577.000000,588.000000</point>
				<point>554.000000,587.000000</point>
				<point>555.000000,580.000000</point>
				<point>577.000000,582.000000</point>
			</points>
		</object>
		<object>
			<coordinate>pixel</coordinate>
			<type>rectangle</type>
			<description>None</description>
			<possibleresult>
				<name>Van</name>
			</possibleresult>
			<points>
				<point>633.000000,559.000000</point>
				<point>633.000000,565.000000</point>
				<point>612.000000,564.000000</point>
				<point>613.000000,557.000000</point>
				<point>633.000000,559.000000</point>
			</points>
		</object>
		<object>
			<coordinate>pixel</coordinate>
			<type>rectangle</type>
			<description>None</description>
			<possibleresult>
				<name>Dump Truck</name>
			</possibleresult>
			<points>
				<point>569.000000,486.000000</point>
				<point>559.000000,486.000000</point>
				<point>559.000000,468.000000</point>
				<point>569.000000,468.000000</point>
				<point>569.000000,486.000000</point>
			</points>
		</object>
		<object>
			<coordinate>pixel</coordinate>
			<type>rectangle</type>
			<description>None</description>
			<possibleresult>
				<name>Van</name>
			</possibleresult>
			<points>
				<point>560.000000,506.000000</point>
				<point>553.000000,506.000000</point>
				<point>553.000000,492.000000</point>
				<point>560.000000,492.000000</point>
				<point>560.000000,506.000000</point>
			</points>
		</object>
		<object>
			<coordinate>pixel</coordinate>
			<type>rectangle</type>
			<description>None</description>
			<possibleresult>
				<name>Small Car</name>
			</possibleresult>
			<points>
				<point>875.000000,367.000000</point>
				<point>867.000000,371.000000</point>
				<point>861.000000,355.000000</point>
				<point>868.000000,352.000000</point>
				<point>875.000000,367.000000</point>
			</points>
		</object>
		<object>
			<coordinate>pixel</coordinate>
			<type>rectangle</type>
			<description>None</description>
			<possibleresult>
				<name>Van</name>
			</possibleresult>
			<points>
				<point>970.000000,315.000000</point>
				<point>959.000000,315.000000</point>
				<point>959.000000,297.000000</point>
				<point>970.000000,297.000000</point>
				<point>970.000000,315.000000</point>
			</points>
		</object>
		<object>
			<coordinate>pixel</coordinate>
			<type>rectangle</type>
			<description>None</description>
			<possibleresult>
				<name>Small Car</name>
			</possibleresult>
			<points>
				<point>830.000000,299.000000</point>
				<point>822.000000,301.000000</point>
				<point>819.000000,284.000000</point>
				<point>828.000000,283.000000</point>
				<point>830.000000,299.000000</point>
			</points>
		</object>
		<object>
			<coordinate>pixel</coordinate>
			<type>rectangle</type>
			<description>None</description>
			<possibleresult>
				<name>Small Car</name>
			</possibleresult>
			<points>
				<point>754.000000,307.000000</point>
				<point>745.000000,308.000000</point>
				<point>744.000000,292.000000</point>
				<point>753.000000,291.000000</point>
				<point>754.000000,307.000000</point>
			</points>
		</object>
		<object>
			<coordinate>pixel</coordinate>
			<type>rectangle</type>
			<description>None</description>
			<possibleresult>
				<name>Small Car</name>
			</possibleresult>
			<points>
				<point>417.000000,297.000000</point>
				<point>394.000000,298.000000</point>
				<point>393.000000,292.000000</point>
				<point>417.000000,290.000000</point>
				<point>417.000000,297.000000</point>
			</points>
		</object>
		<object>
			<coordinate>pixel</coordinate>
			<type>rectangle</type>
			<description>None</description>
			<possibleresult>
				<name>Small Car</name>
			</possibleresult>
			<points>
				<point>490.000000,287.000000</point>
				<point>490.000000,295.000000</point>
				<point>466.000000,294.000000</point>
				<point>466.000000,286.000000</point>
				<point>490.000000,287.000000</point>
			</points>
		</object>
		<object>
			<coordinate>pixel</coordinate>
			<type>rectangle</type>
			<description>None</description>
			<possibleresult>
				<name>Small Car</name>
			</possibleresult>
			<points>
				<point>491.000000,296.000000</point>
				<point>491.000000,305.000000</point>
				<point>466.000000,304.000000</point>
				<point>466.000000,295.000000</point>
				<point>491.000000,296.000000</point>
			</points>
		</object>
		<object>
			<coordinate>pixel</coordinate>
			<type>rectangle</type>
			<description>None</description>
			<possibleresult>
				<name>Van</name>
			</possibleresult>
			<points>
				<point>492.000000,313.000000</point>
				<point>470.000000,313.000000</point>
				<point>470.000000,305.000000</point>
				<point>492.000000,305.000000</point>
				<point>492.000000,313.000000</point>
			</points>
		</object>
		<object>
			<coordinate>pixel</coordinate>
			<type>rectangle</type>
			<description>None</description>
			<possibleresult>
				<name>Van</name>
			</possibleresult>
			<points>
				<point>527.000000,304.000000</point>
				<point>504.000000,304.000000</point>
				<point>504.000000,298.000000</point>
				<point>527.000000,298.000000</point>
				<point>527.000000,304.000000</point>
			</points>
		</object>
		<object>
			<coordinate>pixel</coordinate>
			<type>rectangle</type>
			<description>None</description>
			<possibleresult>
				<name>Van</name>
			</possibleresult>
			<points>
				<point>530.000000,314.000000</point>
				<point>504.000000,314.000000</point>
				<point>504.000000,308.000000</point>
				<point>530.000000,308.000000</point>
				<point>530.000000,314.000000</point>
			</points>
		</object>
		<object>
			<coordinate>pixel</coordinate>
			<type>rectangle</type>
			<description>None</description>
			<possibleresult>
				<name>Small Car</name>
			</possibleresult>
			<points>
				<point>597.000000,297.000000</point>
				<point>587.000000,302.000000</point>
				<point>584.000000,296.000000</point>
				<point>594.000000,291.000000</point>
				<point>597.000000,297.000000</point>
			</points>
		</object>
		<object>
			<coordinate>pixel</coordinate>
			<type>rectangle</type>
			<description>None</description>
			<possibleresult>
				<name>Van</name>
			</possibleresult>
			<points>
				<point>636.000000,295.000000</point>
				<point>619.000000,300.000000</point>
				<point>617.000000,291.000000</point>
				<point>634.000000,286.000000</point>
				<point>636.000000,295.000000</point>
			</points>
		</object>
		<object>
			<coordinate>pixel</coordinate>
			<type>rectangle</type>
			<description>None</description>
			<possibleresult>
				<name>Small Car</name>
			</possibleresult>
			<points>
				<point>639.000000,302.000000</point>
				<point>621.000000,310.000000</point>
				<point>617.000000,303.000000</point>
				<point>635.000000,295.000000</point>
				<point>639.000000,302.000000</point>
			</points>
		</object>
		<object>
			<coordinate>pixel</coordinate>
			<type>rectangle</type>
			<description>None</description>
			<possibleresult>
				<name>Small Car</name>
			</possibleresult>
			<points>
				<point>641.000000,310.000000</point>
				<point>623.000000,318.000000</point>
				<point>620.000000,312.000000</point>
				<point>638.000000,304.000000</point>
				<point>641.000000,310.000000</point>
			</points>
		</object>
		<object>
			<coordinate>pixel</coordinate>
			<type>rectangle</type>
			<description>None</description>
			<possibleresult>
				<name>Van</name>
			</possibleresult>
			<points>
				<point>608.000000,342.000000</point>
				<point>590.000000,342.000000</point>
				<point>590.000000,335.000000</point>
				<point>608.000000,335.000000</point>
				<point>608.000000,342.000000</point>
			</points>
		</object>
		<object>
			<coordinate>pixel</coordinate>
			<type>rectangle</type>
			<description>None</description>
			<possibleresult>
				<name>Small Car</name>
			</possibleresult>
			<points>
				<point>608.000000,362.000000</point>
				<point>592.000000,363.000000</point>
				<point>592.000000,357.000000</point>
				<point>608.000000,356.000000</point>
				<point>608.000000,362.000000</point>
			</points>
		</object>
		<object>
			<coordinate>pixel</coordinate>
			<type>rectangle</type>
			<description>None</description>
			<possibleresult>
				<name>Small Car</name>
			</possibleresult>
			<points>
				<point>607.000000,380.000000</point>
				<point>588.000000,380.000000</point>
				<point>588.000000,372.000000</point>
				<point>607.000000,372.000000</point>
				<point>607.000000,380.000000</point>
			</points>
		</object>
		<object>
			<coordinate>pixel</coordinate>
			<type>rectangle</type>
			<description>None</description>
			<possibleresult>
				<name>Small Car</name>
			</possibleresult>
			<points>
				<point>543.000000,385.000000</point>
				<point>526.000000,398.000000</point>
				<point>522.000000,392.000000</point>
				<point>538.000000,378.000000</point>
				<point>543.000000,385.000000</point>
			</points>
		</object>
		<object>
			<coordinate>pixel</coordinate>
			<type>rectangle</type>
			<description>None</description>
			<possibleresult>
				<name>Small Car</name>
			</possibleresult>
			<points>
				<point>493.000000,401.000000</point>
				<point>469.000000,401.000000</point>
				<point>469.000000,394.000000</point>
				<point>493.000000,394.000000</point>
				<point>493.000000,401.000000</point>
			</points>
		</object>
		<object>
			<coordinate>pixel</coordinate>
			<type>rectangle</type>
			<description>None</description>
			<possibleresult>
				<name>Van</name>
			</possibleresult>
			<points>
				<point>415.000000,361.000000</point>
				<point>390.000000,362.000000</point>
				<point>390.000000,356.000000</point>
				<point>415.000000,355.000000</point>
				<point>415.000000,361.000000</point>
			</points>
		</object>
		<object>
			<coordinate>pixel</coordinate>
			<type>rectangle</type>
			<description>None</description>
			<possibleresult>
				<name>Small Car</name>
			</possibleresult>
			<points>
				<point>415.000000,371.000000</point>
				<point>390.000000,371.000000</point>
				<point>390.000000,363.000000</point>
				<point>415.000000,363.000000</point>
				<point>415.000000,371.000000</point>
			</points>
		</object>
		<object>
			<coordinate>pixel</coordinate>
			<type>rectangle</type>
			<description>None</description>
			<possibleresult>
				<name>Dump Truck</name>
			</possibleresult>
			<points>
				<point>204.000000,516.000000</point>
				<point>193.000000,517.000000</point>
				<point>191.000000,496.000000</point>
				<point>203.000000,496.000000</point>
				<point>204.000000,516.000000</point>
			</points>
		</object>
		<object>
			<coordinate>pixel</coordinate>
			<type>rectangle</type>
			<description>None</description>
			<possibleresult>
				<name>Small Car</name>
			</possibleresult>
			<points>
				<point>192.000000,294.000000</point>
				<point>181.000000,295.000000</point>
				<point>179.000000,279.000000</point>
				<point>189.000000,277.000000</point>
				<point>192.000000,294.000000</point>
			</points>
		</object>
		<object>
			<coordinate>pixel</coordinate>
			<type>rectangle</type>
			<description>None</description>
			<possibleresult>
				<name>Van</name>
			</possibleresult>
			<points>
				<point>64.000000,385.000000</point>
				<point>64.000000,392.000000</point>
				<point>38.000000,389.000000</point>
				<point>39.000000,383.000000</point>
				<point>64.000000,385.000000</point>
			</points>
		</object>
		<object>
			<coordinate>pixel</coordinate>
			<type>rectangle</type>
			<description>None</description>
			<possibleresult>
				<name>Small Car</name>
			</possibleresult>
			<points>
				<point>77.000000,315.000000</point>
				<point>75.000000,331.000000</point>
				<point>66.000000,331.000000</point>
				<point>67.000000,314.000000</point>
				<point>77.000000,315.000000</point>
			</points>
		</object>
		<object>
			<coordinate>pixel</coordinate>
			<type>rectangle</type>
			<description>None</description>
			<possibleresult>
				<name>Small Car</name>
			</possibleresult>
			<points>
				<point>70.000000,287.000000</point>
				<point>59.000000,287.000000</point>
				<point>59.000000,271.000000</point>
				<point>70.000000,271.000000</point>
				<point>70.000000,287.000000</point>
			</points>
		</object>
		<object>
			<coordinate>pixel</coordinate>
			<type>rectangle</type>
			<description>None</description>
			<possibleresult>
				<name>Van</name>
			</possibleresult>
			<points>
				<point>42.000000,288.000000</point>
				<point>31.000000,288.000000</point>
				<point>31.000000,271.000000</point>
				<point>42.000000,271.000000</point>
				<point>42.000000,288.000000</point>
			</points>
		</object>
		<object>
			<coordinate>pixel</coordinate>
			<type>rectangle</type>
			<description>None</description>
			<possibleresult>
				<name>Small Car</name>
			</possibleresult>
			<points>
				<point>28.000000,288.000000</point>
				<point>18.000000,288.000000</point>
				<point>18.000000,270.000000</point>
				<point>28.000000,270.000000</point>
				<point>28.000000,288.000000</point>
			</points>
		</object>
		<object>
			<coordinate>pixel</coordinate>
			<type>rectangle</type>
			<description>None</description>
			<possibleresult>
				<name>Van</name>
			</possibleresult>
			<points>
				<point>15.000000,285.000000</point>
				<point>3.000000,285.000000</point>
				<point>3.000000,271.000000</point>
				<point>15.000000,271.000000</point>
				<point>15.000000,285.000000</point>
			</points>
		</object>
		<object>
			<coordinate>pixel</coordinate>
			<type>rectangle</type>
			<description>None</description>
			<possibleresult>
				<name>Small Car</name>
			</possibleresult>
			<points>
				<point>261.000000,9.000000</point>
				<point>260.000000,25.000000</point>
				<point>248.000000,24.000000</point>
				<point>250.000000,9.000000</point>
				<point>261.000000,9.000000</point>
			</points>
		</object>
		<object>
			<coordinate>pixel</coordinate>
			<type>rectangle</type>
			<description>None</description>
			<possibleresult>
				<name>Small Car</name>
			</possibleresult>
			<points>
				<point>297.000000,42.000000</point>
				<point>285.000000,43.000000</point>
				<point>283.000000,22.000000</point>
				<point>296.000000,22.000000</point>
				<point>297.000000,42.000000</point>
			</points>
		</object>
		<object>
			<coordinate>pixel</coordinate>
			<type>rectangle</type>
			<description>None</description>
			<possibleresult>
				<name>Small Car</name>
			</possibleresult>
			<points>
				<point>278.000000,44.000000</point>
				<point>272.000000,50.000000</point>
				<point>257.000000,35.000000</point>
				<point>263.000000,29.000000</point>
				<point>278.000000,44.000000</point>
			</points>
		</object>
		<object>
			<coordinate>pixel</coordinate>
			<type>rectangle</type>
			<description>None</description>
			<possibleresult>
				<name>Van</name>
			</possibleresult>
			<points>
				<point>266.000000,47.000000</point>
				<point>259.000000,53.000000</point>
				<point>245.000000,37.000000</point>
				<point>251.000000,30.000000</point>
				<point>266.000000,47.000000</point>
			</points>
		</object>
		<object>
			<coordinate>pixel</coordinate>
			<type>rectangle</type>
			<description>None</description>
			<possibleresult>
				<name>Small Car</name>
			</possibleresult>
			<points>
				<point>250.000000,51.000000</point>
				<point>244.000000,55.000000</point>
				<point>229.000000,37.000000</point>
				<point>236.000000,33.000000</point>
				<point>250.000000,51.000000</point>
			</points>
		</object>
		<object>
			<coordinate>pixel</coordinate>
			<type>rectangle</type>
			<description>None</description>
			<possibleresult>
				<name>Small Car</name>
			</possibleresult>
			<points>
				<point>236.000000,51.000000</point>
				<point>228.000000,56.000000</point>
				<point>214.000000,39.000000</point>
				<point>222.000000,34.000000</point>
				<point>236.000000,51.000000</point>
			</points>
		</object>
		<object>
			<coordinate>pixel</coordinate>
			<type>rectangle</type>
			<description>None</description>
			<possibleresult>
				<name>Small Car</name>
			</possibleresult>
			<points>
				<point>216.000000,49.000000</point>
				<point>208.000000,53.000000</point>
				<point>200.000000,37.000000</point>
				<point>208.000000,33.000000</point>
				<point>216.000000,49.000000</point>
			</points>
		</object>
		<object>
			<coordinate>pixel</coordinate>
			<type>rectangle</type>
			<description>None</description>
			<possibleresult>
				<name>Small Car</name>
			</possibleresult>
			<points>
				<point>201.000000,45.000000</point>
				<point>195.000000,50.000000</point>
				<point>185.000000,36.000000</point>
				<point>190.000000,32.000000</point>
				<point>201.000000,45.000000</point>
			</points>
		</object>
		<object>
			<coordinate>pixel</coordinate>
			<type>rectangle</type>
			<description>None</description>
			<possibleresult>
				<name>Van</name>
			</possibleresult>
			<points>
				<point>192.000000,50.000000</point>
				<point>182.000000,56.000000</point>
				<point>172.000000,39.000000</point>
				<point>181.000000,34.000000</point>
				<point>192.000000,50.000000</point>
			</points>
		</object>
		<object>
			<coordinate>pixel</coordinate>
			<type>rectangle</type>
			<description>None</description>
			<possibleresult>
				<name>Small Car</name>
			</possibleresult>
			<points>
				<point>173.000000,33.000000</point>
				<point>165.000000,33.000000</point>
				<point>165.000000,18.000000</point>
				<point>173.000000,18.000000</point>
				<point>173.000000,33.000000</point>
			</points>
		</object>
		<object>
			<coordinate>pixel</coordinate>
			<type>rectangle</type>
			<description>None</description>
			<possibleresult>
				<name>Van</name>
			</possibleresult>
			<points>
				<point>191.000000,0.000000</point>
				<point>190.000000,20.000000</point>
				<point>177.000000,20.000000</point>
				<point>178.000000,0.000000</point>
				<point>191.000000,0.000000</point>
			</points>
		</object>
		<object>
			<coordinate>pixel</coordinate>
			<type>rectangle</type>
			<description>None</description>
			<possibleresult>
				<name>Small Car</name>
			</possibleresult>
			<points>
				<point>172.000000,16.000000</point>
				<point>165.000000,16.000000</point>
				<point>165.000000,2.000000</point>
				<point>172.000000,2.000000</point>
				<point>172.000000,16.000000</point>
			</points>
		</object>
		<object>
			<coordinate>pixel</coordinate>
			<type>rectangle</type>
			<description>None</description>
			<possibleresult>
				<name>Van</name>
			</possibleresult>
			<points>
				<point>164.000000,24.000000</point>
				<point>148.000000,26.000000</point>
				<point>145.000000,1.000000</point>
				<point>162.000000,0.000000</point>
				<point>164.000000,24.000000</point>
			</points>
		</object>
		<object>
			<coordinate>pixel</coordinate>
			<type>rectangle</type>
			<description>None</description>
			<possibleresult>
				<name>Dump Truck</name>
			</possibleresult>
			<points>
				<point>109.000000,0.000000</point>
				<point>109.000000,0.000000</point>
				<point>120.000000,0.000000</point>
				<point>120.000000,0.000000</point>
				<point>109.000000,0.000000</point>
			</points>
		</object>
		<object>
			<coordinate>pixel</coordinate>
			<type>rectangle</type>
			<description>None</description>
			<possibleresult>
				<name>Small Car</name>
			</possibleresult>
			<points>
				<point>45.000000,87.000000</point>
				<point>20.000000,87.000000</point>
				<point>20.000000,81.000000</point>
				<point>45.000000,81.000000</point>
				<point>45.000000,87.000000</point>
			</points>
		</object>
		<object>
			<coordinate>pixel</coordinate>
			<type>rectangle</type>
			<description>None</description>
			<possibleresult>
				<name>Van</name>
			</possibleresult>
			<points>
				<point>48.000000,98.000000</point>
				<point>19.000000,99.000000</point>
				<point>19.000000,93.000000</point>
				<point>48.000000,92.000000</point>
				<point>48.000000,98.000000</point>
			</points>
		</object>
		<object>
			<coordinate>pixel</coordinate>
			<type>rectangle</type>
			<description>None</description>
			<possibleresult>
				<name>Dump Truck</name>
			</possibleresult>
			<points>
				<point>48.000000,128.000000</point>
				<point>48.000000,134.000000</point>
				<point>20.000000,133.000000</point>
				<point>21.000000,126.000000</point>
				<point>48.000000,128.000000</point>
			</points>
		</object>
		<object>
			<coordinate>pixel</coordinate>
			<type>rectangle</type>
			<description>None</description>
			<possibleresult>
				<name>Small Car</name>
			</possibleresult>
			<points>
				<point>45.000000,147.000000</point>
				<point>44.000000,153.000000</point>
				<point>20.000000,151.000000</point>
				<point>20.000000,146.000000</point>
				<point>45.000000,147.000000</point>
			</points>
		</object>
		<object>
			<coordinate>pixel</coordinate>
			<type>rectangle</type>
			<description>None</description>
			<possibleresult>
				<name>Small Car</name>
			</possibleresult>
			<points>
				<point>277.000000,145.000000</point>
				<point>267.000000,146.000000</point>
				<point>265.000000,128.000000</point>
				<point>276.000000,128.000000</point>
				<point>277.000000,145.000000</point>
			</points>
		</object>
		<object>
			<coordinate>pixel</coordinate>
			<type>rectangle</type>
			<description>None</description>
			<possibleresult>
				<name>Van</name>
			</possibleresult>
			<points>
				<point>264.000000,147.000000</point>
				<point>255.000000,147.000000</point>
				<point>255.000000,130.000000</point>
				<point>264.000000,130.000000</point>
				<point>264.000000,147.000000</point>
			</points>
		</object>
		<object>
			<coordinate>pixel</coordinate>
			<type>rectangle</type>
			<description>None</description>
			<possibleresult>
				<name>Van</name>
			</possibleresult>
			<points>
				<point>243.000000,186.000000</point>
				<point>231.000000,186.000000</point>
				<point>231.000000,166.000000</point>
				<point>243.000000,166.000000</point>
				<point>243.000000,186.000000</point>
			</points>
		</object>
		<object>
			<coordinate>pixel</coordinate>
			<type>rectangle</type>
			<description>None</description>
			<possibleresult>
				<name>Small Car</name>
			</possibleresult>
			<points>
				<point>256.000000,187.000000</point>
				<point>247.000000,187.000000</point>
				<point>247.000000,171.000000</point>
				<point>256.000000,171.000000</point>
				<point>256.000000,187.000000</point>
			</points>
		</object>
		<object>
			<coordinate>pixel</coordinate>
			<type>rectangle</type>
			<description>None</description>
			<possibleresult>
				<name>Van</name>
			</possibleresult>
			<points>
				<point>271.000000,188.000000</point>
				<point>260.000000,188.000000</point>
				<point>260.000000,171.000000</point>
				<point>271.000000,171.000000</point>
				<point>271.000000,188.000000</point>
			</points>
		</object>
		<object>
			<coordinate>pixel</coordinate>
			<type>rectangle</type>
			<description>None</description>
			<possibleresult>
				<name>Van</name>
			</possibleresult>
			<points>
				<point>337.000000,255.000000</point>
				<point>325.000000,256.000000</point>
				<point>324.000000,238.000000</point>
				<point>336.000000,237.000000</point>
				<point>337.000000,255.000000</point>
			</points>
		</object>
		<object>
			<coordinate>pixel</coordinate>
			<type>rectangle</type>
			<description>None</description>
			<possibleresult>
				<name>Small Car</name>
			</possibleresult>
			<points>
				<point>605.000000,229.000000</point>
				<point>580.000000,229.000000</point>
				<point>580.000000,221.000000</point>
				<point>605.000000,221.000000</point>
				<point>605.000000,229.000000</point>
			</points>
		</object>
		<object>
			<coordinate>pixel</coordinate>
			<type>rectangle</type>
			<description>None</description>
			<possibleresult>
				<name>Small Car</name>
			</possibleresult>
			<points>
				<point>766.000000,32.000000</point>
				<point>756.000000,32.000000</point>
				<point>754.000000,16.000000</point>
				<point>765.000000,16.000000</point>
				<point>766.000000,32.000000</point>
			</points>
		</object>
		<object>
			<coordinate>pixel</coordinate>
			<type>rectangle</type>
			<description>None</description>
			<possibleresult>
				<name>Small Car</name>
			</possibleresult>
			<points>
				<point>741.000000,29.000000</point>
				<point>731.000000,29.000000</point>
				<point>731.000000,14.000000</point>
				<point>741.000000,14.000000</point>
				<point>741.000000,29.000000</point>
			</points>
		</object>
		<object>
			<coordinate>pixel</coordinate>
			<type>rectangle</type>
			<description>None</description>
			<possibleresult>
				<name>Van</name>
			</possibleresult>
			<points>
				<point>715.000000,32.000000</point>
				<point>704.000000,32.000000</point>
				<point>704.000000,14.000000</point>
				<point>715.000000,14.000000</point>
				<point>715.000000,32.000000</point>
			</points>
		</object>
		<object>
			<coordinate>pixel</coordinate>
			<type>rectangle</type>
			<description>None</description>
			<possibleresult>
				<name>Van</name>
			</possibleresult>
			<points>
				<point>738.000000,78.000000</point>
				<point>726.000000,78.000000</point>
				<point>726.000000,59.000000</point>
				<point>738.000000,59.000000</point>
				<point>738.000000,78.000000</point>
			</points>
		</object>
		<object>
			<coordinate>pixel</coordinate>
			<type>rectangle</type>
			<description>None</description>
			<possibleresult>
				<name>Van</name>
			</possibleresult>
			<points>
				<point>827.000000,96.000000</point>
				<point>817.000000,96.000000</point>
				<point>817.000000,79.000000</point>
				<point>827.000000,79.000000</point>
				<point>827.000000,96.000000</point>
			</points>
		</object>
		<object>
			<coordinate>pixel</coordinate>
			<type>rectangle</type>
			<description>None</description>
			<possibleresult>
				<name>Van</name>
			</possibleresult>
			<points>
				<point>787.000000,179.000000</point>
				<point>786.000000,198.000000</point>
				<point>774.000000,198.000000</point>
				<point>776.000000,178.000000</point>
				<point>787.000000,179.000000</point>
			</points>
		</object>
		<object>
			<coordinate>pixel</coordinate>
			<type>rectangle</type>
			<description>None</description>
			<possibleresult>
				<name>Small Car</name>
			</possibleresult>
			<points>
				<point>976.000000,102.000000</point>
				<point>966.000000,102.000000</point>
				<point>966.000000,85.000000</point>
				<point>976.000000,85.000000</point>
				<point>976.000000,102.000000</point>
			</points>
		</object>
	</objects>
</annotation>