<?xml version="1.0" encoding="utf-8"?>
<annotation>
	<source>
		<filename>1337.tif</filename>
		<origin>GF2/GF3</origin>
	</source>
	<research>
		<version>1.0</version>
		<provider>FAIR1M</provider>
		<author>Cyber</author>
		<pluginname>FAIR1M</pluginname>
		<pluginclass>object detection</pluginclass>
		<time>2021-07-21</time>
	</research>
	<size>
		<width>1000</width>
		<height>1000</height>
		<depth>3</depth>
	</size>
	<objects>
		<object>
			<coordinate>pixel</coordinate>
			<type>rectangle</type>
			<description>None</description>
			<possibleresult>
				<name>Boeing737</name>
			</possibleresult>
			<points>
				<point>415.000000,977.000000</point>
				<point>440.000000,1017.000000</point>
				<point>476.000000,992.000000</point>
				<point>451.000000,953.000000</point>
				<point>415.000000,977.000000</point>
			</points>
		</object>
		<object>
			<coordinate>pixel</coordinate>
			<type>rectangle</type>
			<description>None</description>
			<possibleresult>
				<name>Boeing737</name>
			</possibleresult>
			<points>
				<point>494.000000,927.000000</point>
				<point>521.000000,965.000000</point>
				<point>557.000000,942.000000</point>
				<point>530.000000,903.000000</point>
				<point>494.000000,927.000000</point>
			</points>
		</object>
		<object>
			<coordinate>pixel</coordinate>
			<type>rectangle</type>
			<description>None</description>
			<possibleresult>
				<name>other-airplane</name>
			</possibleresult>
			<points>
				<point>573.000000,872.000000</point>
				<point>596.000000,912.000000</point>
				<point>632.000000,889.000000</point>
				<point>607.000000,851.000000</point>
				<point>573.000000,872.000000</point>
			</points>
		</object>
		<object>
			<coordinate>pixel</coordinate>
			<type>rectangle</type>
			<description>None</description>
			<possibleresult>
				<name>Boeing737</name>
			</possibleresult>
			<points>
				<point>646.000000,840.000000</point>
				<point>673.000000,879.000000</point>
				<point>707.000000,855.000000</point>
				<point>682.000000,817.000000</point>
				<point>646.000000,840.000000</point>
			</points>
		</object>
		<object>
			<coordinate>pixel</coordinate>
			<type>rectangle</type>
			<description>None</description>
			<possibleresult>
				<name>Intersection</name>
			</possibleresult>
			<points>
				<point>881.000000,614.000000</point>
				<point>895.000000,636.000000</point>
				<point>930.000000,612.000000</point>
				<point>916.000000,590.000000</point>
				<point>881.000000,614.000000</point>
			</points>
		</object>
		<object>
			<coordinate>pixel</coordinate>
			<type>rectangle</type>
			<description>None</description>
			<possibleresult>
				<name>Intersection</name>
			</possibleresult>
			<points>
				<point>649.000000,276.000000</point>
				<point>683.000000,327.000000</point>
				<point>730.000000,294.000000</point>
				<point>697.000000,243.000000</point>
				<point>649.000000,276.000000</point>
			</points>
		</object>
	</objects>
</annotation>