<?xml version="1.0" encoding="utf-8"?>
<annotation>
	<source>
		<filename>1355.tif</filename>
		<origin>GF2/GF3</origin>
	</source>
	<research>
		<version>1.0</version>
		<provider>FAIR1M</provider>
		<author>Cyber</author>
		<pluginname>FAIR1M</pluginname>
		<pluginclass>object detection</pluginclass>
		<time>2021-07-21</time>
	</research>
	<size>
		<width>1000</width>
		<height>1000</height>
		<depth>3</depth>
	</size>
	<objects>
		<object>
			<coordinate>pixel</coordinate>
			<type>rectangle</type>
			<description>None</description>
			<possibleresult>
				<name>Small Car</name>
			</possibleresult>
			<points>
				<point>13.000000,226.000000</point>
				<point>0.000000,227.000000</point>
				<point>0.000000,220.000000</point>
				<point>13.000000,220.000000</point>
				<point>13.000000,226.000000</point>
			</points>
		</object>
		<object>
			<coordinate>pixel</coordinate>
			<type>rectangle</type>
			<description>None</description>
			<possibleresult>
				<name>Small Car</name>
			</possibleresult>
			<points>
				<point>46.000000,193.000000</point>
				<point>21.000000,193.000000</point>
				<point>21.000000,186.000000</point>
				<point>46.000000,186.000000</point>
				<point>46.000000,193.000000</point>
			</points>
		</object>
		<object>
			<coordinate>pixel</coordinate>
			<type>rectangle</type>
			<description>None</description>
			<possibleresult>
				<name>Van</name>
			</possibleresult>
			<points>
				<point>43.000000,180.000000</point>
				<point>22.000000,180.000000</point>
				<point>22.000000,172.000000</point>
				<point>43.000000,172.000000</point>
				<point>43.000000,180.000000</point>
			</points>
		</object>
		<object>
			<coordinate>pixel</coordinate>
			<type>rectangle</type>
			<description>None</description>
			<possibleresult>
				<name>Van</name>
			</possibleresult>
			<points>
				<point>81.000000,179.000000</point>
				<point>62.000000,179.000000</point>
				<point>62.000000,173.000000</point>
				<point>81.000000,173.000000</point>
				<point>81.000000,179.000000</point>
			</points>
		</object>
		<object>
			<coordinate>pixel</coordinate>
			<type>rectangle</type>
			<description>None</description>
			<possibleresult>
				<name>Small Car</name>
			</possibleresult>
			<points>
				<point>78.000000,193.000000</point>
				<point>59.000000,193.000000</point>
				<point>59.000000,187.000000</point>
				<point>78.000000,187.000000</point>
				<point>78.000000,193.000000</point>
			</points>
		</object>
		<object>
			<coordinate>pixel</coordinate>
			<type>rectangle</type>
			<description>None</description>
			<possibleresult>
				<name>Van</name>
			</possibleresult>
			<points>
				<point>121.000000,179.000000</point>
				<point>101.000000,179.000000</point>
				<point>101.000000,172.000000</point>
				<point>121.000000,172.000000</point>
				<point>121.000000,179.000000</point>
			</points>
		</object>
		<object>
			<coordinate>pixel</coordinate>
			<type>rectangle</type>
			<description>None</description>
			<possibleresult>
				<name>Van</name>
			</possibleresult>
			<points>
				<point>118.000000,194.000000</point>
				<point>91.000000,195.000000</point>
				<point>91.000000,187.000000</point>
				<point>118.000000,186.000000</point>
				<point>118.000000,194.000000</point>
			</points>
		</object>
		<object>
			<coordinate>pixel</coordinate>
			<type>rectangle</type>
			<description>None</description>
			<possibleresult>
				<name>Van</name>
			</possibleresult>
			<points>
				<point>163.000000,194.000000</point>
				<point>140.000000,194.000000</point>
				<point>140.000000,186.000000</point>
				<point>163.000000,186.000000</point>
				<point>163.000000,194.000000</point>
			</points>
		</object>
		<object>
			<coordinate>pixel</coordinate>
			<type>rectangle</type>
			<description>None</description>
			<possibleresult>
				<name>Cargo Truck</name>
			</possibleresult>
			<points>
				<point>135.000000,224.000000</point>
				<point>98.000000,225.000000</point>
				<point>98.000000,215.000000</point>
				<point>135.000000,214.000000</point>
				<point>135.000000,224.000000</point>
			</points>
		</object>
		<object>
			<coordinate>pixel</coordinate>
			<type>rectangle</type>
			<description>None</description>
			<possibleresult>
				<name>Van</name>
			</possibleresult>
			<points>
				<point>466.000000,46.000000</point>
				<point>464.000000,54.000000</point>
				<point>441.000000,50.000000</point>
				<point>442.000000,43.000000</point>
				<point>466.000000,46.000000</point>
			</points>
		</object>
		<object>
			<coordinate>pixel</coordinate>
			<type>rectangle</type>
			<description>None</description>
			<possibleresult>
				<name>Small Car</name>
			</possibleresult>
			<points>
				<point>642.000000,200.000000</point>
				<point>621.000000,203.000000</point>
				<point>621.000000,196.000000</point>
				<point>641.000000,194.000000</point>
				<point>642.000000,200.000000</point>
			</points>
		</object>
		<object>
			<coordinate>pixel</coordinate>
			<type>rectangle</type>
			<description>None</description>
			<possibleresult>
				<name>Small Car</name>
			</possibleresult>
			<points>
				<point>689.000000,369.000000</point>
				<point>666.000000,369.000000</point>
				<point>666.000000,362.000000</point>
				<point>689.000000,362.000000</point>
				<point>689.000000,369.000000</point>
			</points>
		</object>
		<object>
			<coordinate>pixel</coordinate>
			<type>rectangle</type>
			<description>None</description>
			<possibleresult>
				<name>Small Car</name>
			</possibleresult>
			<points>
				<point>688.000000,379.000000</point>
				<point>668.000000,379.000000</point>
				<point>668.000000,373.000000</point>
				<point>688.000000,373.000000</point>
				<point>688.000000,379.000000</point>
			</points>
		</object>
		<object>
			<coordinate>pixel</coordinate>
			<type>rectangle</type>
			<description>None</description>
			<possibleresult>
				<name>Van</name>
			</possibleresult>
			<points>
				<point>624.000000,399.000000</point>
				<point>617.000000,404.000000</point>
				<point>606.000000,388.000000</point>
				<point>614.000000,384.000000</point>
				<point>624.000000,399.000000</point>
			</points>
		</object>
		<object>
			<coordinate>pixel</coordinate>
			<type>rectangle</type>
			<description>None</description>
			<possibleresult>
				<name>Dump Truck</name>
			</possibleresult>
			<points>
				<point>489.000000,294.000000</point>
				<point>463.000000,302.000000</point>
				<point>460.000000,293.000000</point>
				<point>487.000000,286.000000</point>
				<point>489.000000,294.000000</point>
			</points>
		</object>
	</objects>
</annotation>