<?xml version="1.0" encoding="utf-8"?>
<annotation>
	<source>
		<filename>1364.tif</filename>
		<origin>GF2/GF3</origin>
	</source>
	<research>
		<version>1.0</version>
		<provider>FAIR1M</provider>
		<author>Cyber</author>
		<pluginname>FAIR1M</pluginname>
		<pluginclass>object detection</pluginclass>
		<time>2021-07-21</time>
	</research>
	<size>
		<width>1000</width>
		<height>1000</height>
		<depth>3</depth>
	</size>
	<objects>
		<object>
			<coordinate>pixel</coordinate>
			<type>rectangle</type>
			<description>None</description>
			<possibleresult>
				<name>Small Car</name>
			</possibleresult>
			<points>
				<point>707.000000,524.000000</point>
				<point>686.000000,524.000000</point>
				<point>686.000000,517.000000</point>
				<point>707.000000,517.000000</point>
				<point>707.000000,524.000000</point>
			</points>
		</object>
		<object>
			<coordinate>pixel</coordinate>
			<type>rectangle</type>
			<description>None</description>
			<possibleresult>
				<name>Van</name>
			</possibleresult>
			<points>
				<point>932.000061,509.000061</point>
				<point>930.877014,517.984680</point>
				<point>906.877014,514.984680</point>
				<point>908.000061,506.000061</point>
				<point>932.000061,509.000061</point>
			</points>
		</object>
		<object>
			<coordinate>pixel</coordinate>
			<type>rectangle</type>
			<description>None</description>
			<possibleresult>
				<name>Small Car</name>
			</possibleresult>
			<points>
				<point>317.400055,836.800232</point>
				<point>311.000031,840.000183</point>
				<point>303.000031,824.000183</point>
				<point>309.400055,820.800232</point>
				<point>317.400055,836.800232</point>
			</points>
		</object>
		<object>
			<coordinate>pixel</coordinate>
			<type>rectangle</type>
			<description>None</description>
			<possibleresult>
				<name>Small Car</name>
			</possibleresult>
			<points>
				<point>333.295105,857.753967</point>
				<point>326.704956,863.245789</point>
				<point>314.000061,847.999939</point>
				<point>320.590210,842.508118</point>
				<point>333.295105,857.753967</point>
			</points>
		</object>
		<object>
			<coordinate>pixel</coordinate>
			<type>rectangle</type>
			<description>None</description>
			<possibleresult>
				<name>Small Car</name>
			</possibleresult>
			<points>
				<point>324.876068,903.858398</point>
				<point>318.999969,909.000000</point>
				<point>311.999969,901.000000</point>
				<point>317.876068,895.858398</point>
				<point>324.876068,903.858398</point>
			</points>
		</object>
		<object>
			<coordinate>pixel</coordinate>
			<type>rectangle</type>
			<description>None</description>
			<possibleresult>
				<name>Small Car</name>
			</possibleresult>
			<points>
				<point>889.631165,517.057434</point>
				<point>889.000061,524.000061</point>
				<point>866.368958,521.942688</point>
				<point>867.000061,515.000061</point>
				<point>889.631165,517.057434</point>
			</points>
		</object>
	</objects>
</annotation>