<?xml version="1.0" encoding="utf-8"?>
<annotation>
	<source>
		<filename>137.tif</filename>
		<origin>GF2/GF3</origin>
	</source>
	<research>
		<version>1.0</version>
		<provider>FAIR1M</provider>
		<author>Cyber</author>
		<pluginname>FAIR1M</pluginname>
		<pluginclass>object detection</pluginclass>
		<time>2021-07-21</time>
	</research>
	<size>
		<width>1000</width>
		<height>1000</height>
		<depth>3</depth>
	</size>
	<objects>
		<object>
			<coordinate>pixel</coordinate>
			<type>rectangle</type>
			<description>None</description>
			<possibleresult>
				<name>A220</name>
			</possibleresult>
			<points>
				<point>-22.000000,447.000000</point>
				<point>16.000000,469.000000</point>
				<point>39.000000,431.000000</point>
				<point>1.000000,409.000000</point>
				<point>-22.000000,447.000000</point>
			</points>
		</object>
		<object>
			<coordinate>pixel</coordinate>
			<type>rectangle</type>
			<description>None</description>
			<possibleresult>
				<name>A220</name>
			</possibleresult>
			<points>
				<point>244.000000,195.000000</point>
				<point>211.000000,233.000000</point>
				<point>244.000000,260.000000</point>
				<point>276.000000,222.000000</point>
				<point>244.000000,195.000000</point>
			</points>
		</object>
		<object>
			<coordinate>pixel</coordinate>
			<type>rectangle</type>
			<description>None</description>
			<possibleresult>
				<name>Boeing737</name>
			</possibleresult>
			<points>
				<point>12.000000,159.000000</point>
				<point>50.000000,179.000000</point>
				<point>70.000000,141.000000</point>
				<point>31.000000,121.000000</point>
				<point>12.000000,159.000000</point>
			</points>
		</object>
		<object>
			<coordinate>pixel</coordinate>
			<type>rectangle</type>
			<description>None</description>
			<possibleresult>
				<name>Boeing737</name>
			</possibleresult>
			<points>
				<point>259.000000,26.000000</point>
				<point>297.000000,60.000000</point>
				<point>326.000000,27.000000</point>
				<point>288.000000,-7.000000</point>
				<point>259.000000,26.000000</point>
			</points>
		</object>
	</objects>
</annotation>