<?xml version="1.0" encoding="utf-8"?>
<annotation>
	<source>
		<filename>1388.tif</filename>
		<origin>GF2/GF3</origin>
	</source>
	<research>
		<version>1.0</version>
		<provider>FAIR1M</provider>
		<author>Cyber</author>
		<pluginname>FAIR1M</pluginname>
		<pluginclass>object detection</pluginclass>
		<time>2021-07-21</time>
	</research>
	<size>
		<width>1000</width>
		<height>1000</height>
		<depth>3</depth>
	</size>
	<objects>
		<object>
			<coordinate>pixel</coordinate>
			<type>rectangle</type>
			<description>None</description>
			<possibleresult>
				<name>Small Car</name>
			</possibleresult>
			<points>
				<point>729.000000,923.000000</point>
				<point>727.000000,930.000000</point>
				<point>702.000000,924.000000</point>
				<point>704.000000,917.000000</point>
				<point>729.000000,923.000000</point>
			</points>
		</object>
		<object>
			<coordinate>pixel</coordinate>
			<type>rectangle</type>
			<description>None</description>
			<possibleresult>
				<name>Small Car</name>
			</possibleresult>
			<points>
				<point>735.000000,917.000000</point>
				<point>733.000000,924.000000</point>
				<point>708.000000,918.000000</point>
				<point>709.000000,910.000000</point>
				<point>735.000000,917.000000</point>
			</points>
		</object>
		<object>
			<coordinate>pixel</coordinate>
			<type>rectangle</type>
			<description>None</description>
			<possibleresult>
				<name>Small Car</name>
			</possibleresult>
			<points>
				<point>737.000000,908.000000</point>
				<point>735.000000,915.000000</point>
				<point>712.000000,910.000000</point>
				<point>714.000000,903.000000</point>
				<point>737.000000,908.000000</point>
			</points>
		</object>
		<object>
			<coordinate>pixel</coordinate>
			<type>rectangle</type>
			<description>None</description>
			<possibleresult>
				<name>Van</name>
			</possibleresult>
			<points>
				<point>736.000000,899.000000</point>
				<point>716.000000,903.000000</point>
				<point>715.000000,896.000000</point>
				<point>735.000000,892.000000</point>
				<point>736.000000,899.000000</point>
			</points>
		</object>
		<object>
			<coordinate>pixel</coordinate>
			<type>rectangle</type>
			<description>None</description>
			<possibleresult>
				<name>Small Car</name>
			</possibleresult>
			<points>
				<point>731.000000,889.000000</point>
				<point>712.000000,897.000000</point>
				<point>709.000000,889.000000</point>
				<point>728.000000,881.000000</point>
				<point>731.000000,889.000000</point>
			</points>
		</object>
		<object>
			<coordinate>pixel</coordinate>
			<type>rectangle</type>
			<description>None</description>
			<possibleresult>
				<name>Small Car</name>
			</possibleresult>
			<points>
				<point>725.000000,881.000000</point>
				<point>705.000000,891.000000</point>
				<point>702.000000,884.000000</point>
				<point>721.000000,873.000000</point>
				<point>725.000000,881.000000</point>
			</points>
		</object>
		<object>
			<coordinate>pixel</coordinate>
			<type>rectangle</type>
			<description>None</description>
			<possibleresult>
				<name>Small Car</name>
			</possibleresult>
			<points>
				<point>717.000000,873.000000</point>
				<point>700.000000,885.000000</point>
				<point>695.000000,878.000000</point>
				<point>713.000000,867.000000</point>
				<point>717.000000,873.000000</point>
			</points>
		</object>
		<object>
			<coordinate>pixel</coordinate>
			<type>rectangle</type>
			<description>None</description>
			<possibleresult>
				<name>Dump Truck</name>
			</possibleresult>
			<points>
				<point>709.000000,867.000000</point>
				<point>690.000000,881.000000</point>
				<point>685.000000,873.000000</point>
				<point>705.000000,860.000000</point>
				<point>709.000000,867.000000</point>
			</points>
		</object>
		<object>
			<coordinate>pixel</coordinate>
			<type>rectangle</type>
			<description>None</description>
			<possibleresult>
				<name>Small Car</name>
			</possibleresult>
			<points>
				<point>703.000000,861.000000</point>
				<point>684.000000,872.000000</point>
				<point>681.000000,866.000000</point>
				<point>699.000000,855.000000</point>
				<point>703.000000,861.000000</point>
			</points>
		</object>
		<object>
			<coordinate>pixel</coordinate>
			<type>rectangle</type>
			<description>None</description>
			<possibleresult>
				<name>Small Car</name>
			</possibleresult>
			<points>
				<point>697.000000,856.000000</point>
				<point>681.000000,866.000000</point>
				<point>676.000000,858.000000</point>
				<point>692.000000,848.000000</point>
				<point>697.000000,856.000000</point>
			</points>
		</object>
		<object>
			<coordinate>pixel</coordinate>
			<type>rectangle</type>
			<description>None</description>
			<possibleresult>
				<name>Van</name>
			</possibleresult>
			<points>
				<point>690.000000,847.000000</point>
				<point>673.000000,857.000000</point>
				<point>670.000000,850.000000</point>
				<point>686.000000,841.000000</point>
				<point>690.000000,847.000000</point>
			</points>
		</object>
		<object>
			<coordinate>pixel</coordinate>
			<type>rectangle</type>
			<description>None</description>
			<possibleresult>
				<name>Small Car</name>
			</possibleresult>
			<points>
				<point>683.000000,841.000000</point>
				<point>665.000000,850.000000</point>
				<point>662.000000,843.000000</point>
				<point>679.000000,833.000000</point>
				<point>683.000000,841.000000</point>
			</points>
		</object>
		<object>
			<coordinate>pixel</coordinate>
			<type>rectangle</type>
			<description>None</description>
			<possibleresult>
				<name>Small Car</name>
			</possibleresult>
			<points>
				<point>565.000000,879.000000</point>
				<point>546.000000,888.000000</point>
				<point>542.000000,880.000000</point>
				<point>562.000000,872.000000</point>
				<point>565.000000,879.000000</point>
			</points>
		</object>
		<object>
			<coordinate>pixel</coordinate>
			<type>rectangle</type>
			<description>None</description>
			<possibleresult>
				<name>Dump Truck</name>
			</possibleresult>
			<points>
				<point>613.000000,864.000000</point>
				<point>604.000000,869.000000</point>
				<point>590.000000,849.000000</point>
				<point>599.000000,844.000000</point>
				<point>613.000000,864.000000</point>
			</points>
		</object>
		<object>
			<coordinate>pixel</coordinate>
			<type>rectangle</type>
			<description>None</description>
			<possibleresult>
				<name>Small Car</name>
			</possibleresult>
			<points>
				<point>623.000000,858.000000</point>
				<point>616.000000,863.000000</point>
				<point>604.000000,848.000000</point>
				<point>610.000000,842.000000</point>
				<point>623.000000,858.000000</point>
			</points>
		</object>
		<object>
			<coordinate>pixel</coordinate>
			<type>rectangle</type>
			<description>None</description>
			<possibleresult>
				<name>Dump Truck</name>
			</possibleresult>
			<points>
				<point>633.000000,849.000000</point>
				<point>624.000000,855.000000</point>
				<point>610.000000,837.000000</point>
				<point>619.000000,831.000000</point>
				<point>633.000000,849.000000</point>
			</points>
		</object>
		<object>
			<coordinate>pixel</coordinate>
			<type>rectangle</type>
			<description>None</description>
			<possibleresult>
				<name>Dump Truck</name>
			</possibleresult>
			<points>
				<point>576.000000,663.000000</point>
				<point>567.000000,671.000000</point>
				<point>550.000000,652.000000</point>
				<point>558.000000,643.000000</point>
				<point>576.000000,663.000000</point>
			</points>
		</object>
		<object>
			<coordinate>pixel</coordinate>
			<type>rectangle</type>
			<description>None</description>
			<possibleresult>
				<name>Dump Truck</name>
			</possibleresult>
			<points>
				<point>447.000000,847.000000</point>
				<point>437.000000,855.000000</point>
				<point>404.000000,819.000000</point>
				<point>415.000000,810.000000</point>
				<point>447.000000,847.000000</point>
			</points>
		</object>
		<object>
			<coordinate>pixel</coordinate>
			<type>rectangle</type>
			<description>None</description>
			<possibleresult>
				<name>Dump Truck</name>
			</possibleresult>
			<points>
				<point>456.000000,835.000000</point>
				<point>447.000000,841.000000</point>
				<point>431.000000,817.000000</point>
				<point>441.000000,812.000000</point>
				<point>456.000000,835.000000</point>
			</points>
		</object>
		<object>
			<coordinate>pixel</coordinate>
			<type>rectangle</type>
			<description>None</description>
			<possibleresult>
				<name>Small Car</name>
			</possibleresult>
			<points>
				<point>308.000000,803.000000</point>
				<point>289.000000,809.000000</point>
				<point>287.000000,802.000000</point>
				<point>305.000000,795.000000</point>
				<point>308.000000,803.000000</point>
			</points>
		</object>
		<object>
			<coordinate>pixel</coordinate>
			<type>rectangle</type>
			<description>None</description>
			<possibleresult>
				<name>Small Car</name>
			</possibleresult>
			<points>
				<point>329.000000,798.000000</point>
				<point>308.000000,804.000000</point>
				<point>306.000000,797.000000</point>
				<point>327.000000,791.000000</point>
				<point>329.000000,798.000000</point>
			</points>
		</object>
		<object>
			<coordinate>pixel</coordinate>
			<type>rectangle</type>
			<description>None</description>
			<possibleresult>
				<name>Van</name>
			</possibleresult>
			<points>
				<point>254.000000,805.000000</point>
				<point>230.000000,818.000000</point>
				<point>226.000000,811.000000</point>
				<point>250.000000,798.000000</point>
				<point>254.000000,805.000000</point>
			</points>
		</object>
		<object>
			<coordinate>pixel</coordinate>
			<type>rectangle</type>
			<description>None</description>
			<possibleresult>
				<name>Small Car</name>
			</possibleresult>
			<points>
				<point>300.000000,782.000000</point>
				<point>292.000000,788.000000</point>
				<point>277.000000,768.000000</point>
				<point>286.000000,763.000000</point>
				<point>300.000000,782.000000</point>
			</points>
		</object>
		<object>
			<coordinate>pixel</coordinate>
			<type>rectangle</type>
			<description>None</description>
			<possibleresult>
				<name>Small Car</name>
			</possibleresult>
			<points>
				<point>259.000000,741.000000</point>
				<point>253.000000,747.000000</point>
				<point>237.000000,731.000000</point>
				<point>243.000000,725.000000</point>
				<point>259.000000,741.000000</point>
			</points>
		</object>
		<object>
			<coordinate>pixel</coordinate>
			<type>rectangle</type>
			<description>None</description>
			<possibleresult>
				<name>Van</name>
			</possibleresult>
			<points>
				<point>267.000000,733.000000</point>
				<point>262.000000,737.000000</point>
				<point>250.000000,722.000000</point>
				<point>256.000000,719.000000</point>
				<point>267.000000,733.000000</point>
			</points>
		</object>
		<object>
			<coordinate>pixel</coordinate>
			<type>rectangle</type>
			<description>None</description>
			<possibleresult>
				<name>Small Car</name>
			</possibleresult>
			<points>
				<point>283.000000,726.000000</point>
				<point>278.000000,732.000000</point>
				<point>261.000000,717.000000</point>
				<point>267.000000,710.000000</point>
				<point>283.000000,726.000000</point>
			</points>
		</object>
		<object>
			<coordinate>pixel</coordinate>
			<type>rectangle</type>
			<description>None</description>
			<possibleresult>
				<name>Small Car</name>
			</possibleresult>
			<points>
				<point>563.000000,725.000000</point>
				<point>545.000000,736.000000</point>
				<point>540.000000,726.000000</point>
				<point>557.000000,715.000000</point>
				<point>563.000000,725.000000</point>
			</points>
		</object>
		<object>
			<coordinate>pixel</coordinate>
			<type>rectangle</type>
			<description>None</description>
			<possibleresult>
				<name>Dump Truck</name>
			</possibleresult>
			<points>
				<point>549.000000,717.000000</point>
				<point>516.000000,732.000000</point>
				<point>511.000000,723.000000</point>
				<point>545.000000,707.000000</point>
				<point>549.000000,717.000000</point>
			</points>
		</object>
		<object>
			<coordinate>pixel</coordinate>
			<type>rectangle</type>
			<description>None</description>
			<possibleresult>
				<name>Small Car</name>
			</possibleresult>
			<points>
				<point>538.000000,678.000000</point>
				<point>529.000000,685.000000</point>
				<point>511.000000,662.000000</point>
				<point>519.000000,654.000000</point>
				<point>538.000000,678.000000</point>
			</points>
		</object>
		<object>
			<coordinate>pixel</coordinate>
			<type>rectangle</type>
			<description>None</description>
			<possibleresult>
				<name>Dump Truck</name>
			</possibleresult>
			<points>
				<point>557.000000,700.000000</point>
				<point>550.000000,707.000000</point>
				<point>534.000000,689.000000</point>
				<point>542.000000,682.000000</point>
				<point>557.000000,700.000000</point>
			</points>
		</object>
		<object>
			<coordinate>pixel</coordinate>
			<type>rectangle</type>
			<description>None</description>
			<possibleresult>
				<name>Small Car</name>
			</possibleresult>
			<points>
				<point>491.000000,644.000000</point>
				<point>475.000000,656.000000</point>
				<point>470.000000,649.000000</point>
				<point>487.000000,638.000000</point>
				<point>491.000000,644.000000</point>
			</points>
		</object>
		<object>
			<coordinate>pixel</coordinate>
			<type>rectangle</type>
			<description>None</description>
			<possibleresult>
				<name>Small Car</name>
			</possibleresult>
			<points>
				<point>388.000000,676.000000</point>
				<point>382.000000,682.000000</point>
				<point>367.000000,665.000000</point>
				<point>374.000000,660.000000</point>
				<point>388.000000,676.000000</point>
			</points>
		</object>
		<object>
			<coordinate>pixel</coordinate>
			<type>rectangle</type>
			<description>None</description>
			<possibleresult>
				<name>Van</name>
			</possibleresult>
			<points>
				<point>335.000000,610.000000</point>
				<point>328.000000,614.000000</point>
				<point>318.000000,600.000000</point>
				<point>325.000000,595.000000</point>
				<point>335.000000,610.000000</point>
			</points>
		</object>
		<object>
			<coordinate>pixel</coordinate>
			<type>rectangle</type>
			<description>None</description>
			<possibleresult>
				<name>Van</name>
			</possibleresult>
			<points>
				<point>345.000000,603.000000</point>
				<point>339.000000,608.000000</point>
				<point>329.000000,595.000000</point>
				<point>336.000000,591.000000</point>
				<point>345.000000,603.000000</point>
			</points>
		</object>
		<object>
			<coordinate>pixel</coordinate>
			<type>rectangle</type>
			<description>None</description>
			<possibleresult>
				<name>Van</name>
			</possibleresult>
			<points>
				<point>355.000000,598.000000</point>
				<point>350.000000,603.000000</point>
				<point>339.000000,589.000000</point>
				<point>344.000000,584.000000</point>
				<point>355.000000,598.000000</point>
			</points>
		</object>
		<object>
			<coordinate>pixel</coordinate>
			<type>rectangle</type>
			<description>None</description>
			<possibleresult>
				<name>Small Car</name>
			</possibleresult>
			<points>
				<point>690.000000,779.000000</point>
				<point>684.000000,784.000000</point>
				<point>670.000000,769.000000</point>
				<point>675.000000,763.000000</point>
				<point>690.000000,779.000000</point>
			</points>
		</object>
		<object>
			<coordinate>pixel</coordinate>
			<type>rectangle</type>
			<description>None</description>
			<possibleresult>
				<name>Small Car</name>
			</possibleresult>
			<points>
				<point>613.000000,703.000000</point>
				<point>607.000000,709.000000</point>
				<point>594.000000,694.000000</point>
				<point>600.000000,688.000000</point>
				<point>613.000000,703.000000</point>
			</points>
		</object>
		<object>
			<coordinate>pixel</coordinate>
			<type>rectangle</type>
			<description>None</description>
			<possibleresult>
				<name>Small Car</name>
			</possibleresult>
			<points>
				<point>629.000000,721.000000</point>
				<point>624.000000,727.000000</point>
				<point>608.000000,709.000000</point>
				<point>614.000000,704.000000</point>
				<point>629.000000,721.000000</point>
			</points>
		</object>
		<object>
			<coordinate>pixel</coordinate>
			<type>rectangle</type>
			<description>None</description>
			<possibleresult>
				<name>Dump Truck</name>
			</possibleresult>
			<points>
				<point>666.000000,753.000000</point>
				<point>658.000000,760.000000</point>
				<point>640.000000,742.000000</point>
				<point>648.000000,735.000000</point>
				<point>666.000000,753.000000</point>
			</points>
		</object>
		<object>
			<coordinate>pixel</coordinate>
			<type>rectangle</type>
			<description>None</description>
			<possibleresult>
				<name>Small Car</name>
			</possibleresult>
			<points>
				<point>999.000000,704.000000</point>
				<point>982.000000,715.000000</point>
				<point>976.000000,707.000000</point>
				<point>993.000000,696.000000</point>
				<point>999.000000,704.000000</point>
			</points>
		</object>
		<object>
			<coordinate>pixel</coordinate>
			<type>rectangle</type>
			<description>None</description>
			<possibleresult>
				<name>Small Car</name>
			</possibleresult>
			<points>
				<point>991.000000,698.000000</point>
				<point>974.000000,709.000000</point>
				<point>969.000000,701.000000</point>
				<point>986.000000,690.000000</point>
				<point>991.000000,698.000000</point>
			</points>
		</object>
		<object>
			<coordinate>pixel</coordinate>
			<type>rectangle</type>
			<description>None</description>
			<possibleresult>
				<name>Dump Truck</name>
			</possibleresult>
			<points>
				<point>986.000000,690.000000</point>
				<point>967.000000,701.000000</point>
				<point>962.000000,693.000000</point>
				<point>981.000000,682.000000</point>
				<point>986.000000,690.000000</point>
			</points>
		</object>
		<object>
			<coordinate>pixel</coordinate>
			<type>rectangle</type>
			<description>None</description>
			<possibleresult>
				<name>Small Car</name>
			</possibleresult>
			<points>
				<point>970.000000,676.000000</point>
				<point>953.000000,686.000000</point>
				<point>948.000000,677.000000</point>
				<point>965.000000,667.000000</point>
				<point>970.000000,676.000000</point>
			</points>
		</object>
		<object>
			<coordinate>pixel</coordinate>
			<type>rectangle</type>
			<description>None</description>
			<possibleresult>
				<name>Dump Truck</name>
			</possibleresult>
			<points>
				<point>999.000000,660.000000</point>
				<point>975.000000,673.000000</point>
				<point>972.000000,665.000000</point>
				<point>995.000000,653.000000</point>
				<point>999.000000,660.000000</point>
			</points>
		</object>
		<object>
			<coordinate>pixel</coordinate>
			<type>rectangle</type>
			<description>None</description>
			<possibleresult>
				<name>Football Field</name>
			</possibleresult>
			<points>
				<point>991.000000,653.000000</point>
				<point>971.000000,666.000000</point>
				<point>965.000000,657.000000</point>
				<point>986.000000,644.000000</point>
				<point>991.000000,653.000000</point>
			</points>
		</object>
		<object>
			<coordinate>pixel</coordinate>
			<type>rectangle</type>
			<description>None</description>
			<possibleresult>
				<name>Small Car</name>
			</possibleresult>
			<points>
				<point>983.000000,641.000000</point>
				<point>963.000000,656.000000</point>
				<point>957.000000,648.000000</point>
				<point>978.000000,634.000000</point>
				<point>983.000000,641.000000</point>
			</points>
		</object>
		<object>
			<coordinate>pixel</coordinate>
			<type>rectangle</type>
			<description>None</description>
			<possibleresult>
				<name>Small Car</name>
			</possibleresult>
			<points>
				<point>1000.000000,608.000000</point>
				<point>1000.000000,608.000000</point>
				<point>1000.000000,608.000000</point>
				<point>1000.000000,608.000000</point>
				<point>1000.000000,608.000000</point>
			</points>
		</object>
		<object>
			<coordinate>pixel</coordinate>
			<type>rectangle</type>
			<description>None</description>
			<possibleresult>
				<name>Dump Truck</name>
			</possibleresult>
			<points>
				<point>716.000000,769.000000</point>
				<point>704.000000,789.000000</point>
				<point>695.000000,783.000000</point>
				<point>707.000000,763.000000</point>
				<point>716.000000,769.000000</point>
			</points>
		</object>
		<object>
			<coordinate>pixel</coordinate>
			<type>rectangle</type>
			<description>None</description>
			<possibleresult>
				<name>Dump Truck</name>
			</possibleresult>
			<points>
				<point>616.000000,671.000000</point>
				<point>595.000000,683.000000</point>
				<point>591.000000,675.000000</point>
				<point>612.000000,663.000000</point>
				<point>616.000000,671.000000</point>
			</points>
		</object>
		<object>
			<coordinate>pixel</coordinate>
			<type>rectangle</type>
			<description>None</description>
			<possibleresult>
				<name>Dump Truck</name>
			</possibleresult>
			<points>
				<point>612.000000,661.000000</point>
				<point>588.000000,675.000000</point>
				<point>584.000000,668.000000</point>
				<point>607.000000,653.000000</point>
				<point>612.000000,661.000000</point>
			</points>
		</object>
		<object>
			<coordinate>pixel</coordinate>
			<type>rectangle</type>
			<description>None</description>
			<possibleresult>
				<name>Dump Truck</name>
			</possibleresult>
			<points>
				<point>601.000000,655.000000</point>
				<point>582.000000,668.000000</point>
				<point>576.000000,660.000000</point>
				<point>595.000000,647.000000</point>
				<point>601.000000,655.000000</point>
			</points>
		</object>
		<object>
			<coordinate>pixel</coordinate>
			<type>rectangle</type>
			<description>None</description>
			<possibleresult>
				<name>Small Car</name>
			</possibleresult>
			<points>
				<point>583.000000,638.000000</point>
				<point>564.000000,650.000000</point>
				<point>560.000000,643.000000</point>
				<point>579.000000,631.000000</point>
				<point>583.000000,638.000000</point>
			</points>
		</object>
		<object>
			<coordinate>pixel</coordinate>
			<type>rectangle</type>
			<description>None</description>
			<possibleresult>
				<name>Dump Truck</name>
			</possibleresult>
			<points>
				<point>578.000000,630.000000</point>
				<point>556.000000,642.000000</point>
				<point>552.000000,634.000000</point>
				<point>574.000000,622.000000</point>
				<point>578.000000,630.000000</point>
			</points>
		</object>
		<object>
			<coordinate>pixel</coordinate>
			<type>rectangle</type>
			<description>None</description>
			<possibleresult>
				<name>Dump Truck</name>
			</possibleresult>
			<points>
				<point>574.000000,618.000000</point>
				<point>552.000000,632.000000</point>
				<point>547.000000,626.000000</point>
				<point>570.000000,611.000000</point>
				<point>574.000000,618.000000</point>
			</points>
		</object>
		<object>
			<coordinate>pixel</coordinate>
			<type>rectangle</type>
			<description>None</description>
			<possibleresult>
				<name>Dump Truck</name>
			</possibleresult>
			<points>
				<point>546.000000,568.000000</point>
				<point>536.000000,575.000000</point>
				<point>521.000000,554.000000</point>
				<point>530.000000,546.000000</point>
				<point>546.000000,568.000000</point>
			</points>
		</object>
		<object>
			<coordinate>pixel</coordinate>
			<type>rectangle</type>
			<description>None</description>
			<possibleresult>
				<name>Dump Truck</name>
			</possibleresult>
			<points>
				<point>583.000000,569.000000</point>
				<point>573.000000,576.000000</point>
				<point>556.000000,555.000000</point>
				<point>566.000000,548.000000</point>
				<point>583.000000,569.000000</point>
			</points>
		</object>
		<object>
			<coordinate>pixel</coordinate>
			<type>rectangle</type>
			<description>None</description>
			<possibleresult>
				<name>Dump Truck</name>
			</possibleresult>
			<points>
				<point>597.000000,565.000000</point>
				<point>589.000000,571.000000</point>
				<point>574.000000,551.000000</point>
				<point>582.000000,545.000000</point>
				<point>597.000000,565.000000</point>
			</points>
		</object>
		<object>
			<coordinate>pixel</coordinate>
			<type>rectangle</type>
			<description>None</description>
			<possibleresult>
				<name>Dump Truck</name>
			</possibleresult>
			<points>
				<point>611.000000,558.000000</point>
				<point>601.000000,565.000000</point>
				<point>580.000000,533.000000</point>
				<point>590.000000,526.000000</point>
				<point>611.000000,558.000000</point>
			</points>
		</object>
		<object>
			<coordinate>pixel</coordinate>
			<type>rectangle</type>
			<description>None</description>
			<possibleresult>
				<name>Dump Truck</name>
			</possibleresult>
			<points>
				<point>530.000000,545.000000</point>
				<point>520.000000,553.000000</point>
				<point>500.000000,528.000000</point>
				<point>510.000000,520.000000</point>
				<point>530.000000,545.000000</point>
			</points>
		</object>
		<object>
			<coordinate>pixel</coordinate>
			<type>rectangle</type>
			<description>None</description>
			<possibleresult>
				<name>Dump Truck</name>
			</possibleresult>
			<points>
				<point>548.000000,544.000000</point>
				<point>538.000000,552.000000</point>
				<point>522.000000,531.000000</point>
				<point>532.000000,523.000000</point>
				<point>548.000000,544.000000</point>
			</points>
		</object>
		<object>
			<coordinate>pixel</coordinate>
			<type>rectangle</type>
			<description>None</description>
			<possibleresult>
				<name>Cargo Truck</name>
			</possibleresult>
			<points>
				<point>561.000000,535.000000</point>
				<point>550.000000,543.000000</point>
				<point>536.000000,524.000000</point>
				<point>548.000000,517.000000</point>
				<point>561.000000,535.000000</point>
			</points>
		</object>
		<object>
			<coordinate>pixel</coordinate>
			<type>rectangle</type>
			<description>None</description>
			<possibleresult>
				<name>Dump Truck</name>
			</possibleresult>
			<points>
				<point>573.000000,528.000000</point>
				<point>564.000000,535.000000</point>
				<point>552.000000,517.000000</point>
				<point>560.000000,511.000000</point>
				<point>573.000000,528.000000</point>
			</points>
		</object>
		<object>
			<coordinate>pixel</coordinate>
			<type>rectangle</type>
			<description>None</description>
			<possibleresult>
				<name>Dump Truck</name>
			</possibleresult>
			<points>
				<point>587.000000,525.000000</point>
				<point>578.000000,531.000000</point>
				<point>564.000000,511.000000</point>
				<point>572.000000,504.000000</point>
				<point>587.000000,525.000000</point>
			</points>
		</object>
		<object>
			<coordinate>pixel</coordinate>
			<type>rectangle</type>
			<description>None</description>
			<possibleresult>
				<name>Small Car</name>
			</possibleresult>
			<points>
				<point>536.000000,466.000000</point>
				<point>529.000000,472.000000</point>
				<point>518.000000,458.000000</point>
				<point>524.000000,453.000000</point>
				<point>536.000000,466.000000</point>
			</points>
		</object>
		<object>
			<coordinate>pixel</coordinate>
			<type>rectangle</type>
			<description>None</description>
			<possibleresult>
				<name>Van</name>
			</possibleresult>
			<points>
				<point>486.000000,482.000000</point>
				<point>478.000000,501.000000</point>
				<point>469.000000,498.000000</point>
				<point>476.000000,478.000000</point>
				<point>486.000000,482.000000</point>
			</points>
		</object>
		<object>
			<coordinate>pixel</coordinate>
			<type>rectangle</type>
			<description>None</description>
			<possibleresult>
				<name>Dump Truck</name>
			</possibleresult>
			<points>
				<point>780.000000,432.000000</point>
				<point>771.000000,441.000000</point>
				<point>751.000000,420.000000</point>
				<point>760.000000,411.000000</point>
				<point>780.000000,432.000000</point>
			</points>
		</object>
		<object>
			<coordinate>pixel</coordinate>
			<type>rectangle</type>
			<description>None</description>
			<possibleresult>
				<name>Dump Truck</name>
			</possibleresult>
			<points>
				<point>759.000000,442.000000</point>
				<point>749.000000,449.000000</point>
				<point>735.000000,429.000000</point>
				<point>745.000000,422.000000</point>
				<point>759.000000,442.000000</point>
			</points>
		</object>
		<object>
			<coordinate>pixel</coordinate>
			<type>rectangle</type>
			<description>None</description>
			<possibleresult>
				<name>Dump Truck</name>
			</possibleresult>
			<points>
				<point>688.000000,444.000000</point>
				<point>667.000000,456.000000</point>
				<point>663.000000,448.000000</point>
				<point>684.000000,436.000000</point>
				<point>688.000000,444.000000</point>
			</points>
		</object>
		<object>
			<coordinate>pixel</coordinate>
			<type>rectangle</type>
			<description>None</description>
			<possibleresult>
				<name>Dump Truck</name>
			</possibleresult>
			<points>
				<point>676.000000,425.000000</point>
				<point>654.000000,435.000000</point>
				<point>649.000000,427.000000</point>
				<point>672.000000,416.000000</point>
				<point>676.000000,425.000000</point>
			</points>
		</object>
		<object>
			<coordinate>pixel</coordinate>
			<type>rectangle</type>
			<description>None</description>
			<possibleresult>
				<name>Dump Truck</name>
			</possibleresult>
			<points>
				<point>667.000000,396.000000</point>
				<point>660.000000,401.000000</point>
				<point>646.000000,383.000000</point>
				<point>652.000000,377.000000</point>
				<point>667.000000,396.000000</point>
			</points>
		</object>
		<object>
			<coordinate>pixel</coordinate>
			<type>rectangle</type>
			<description>None</description>
			<possibleresult>
				<name>Dump Truck</name>
			</possibleresult>
			<points>
				<point>711.000000,402.000000</point>
				<point>702.000000,409.000000</point>
				<point>688.000000,391.000000</point>
				<point>697.000000,384.000000</point>
				<point>711.000000,402.000000</point>
			</points>
		</object>
		<object>
			<coordinate>pixel</coordinate>
			<type>rectangle</type>
			<description>None</description>
			<possibleresult>
				<name>Dump Truck</name>
			</possibleresult>
			<points>
				<point>802.000000,323.000000</point>
				<point>793.000000,331.000000</point>
				<point>771.000000,305.000000</point>
				<point>780.000000,297.000000</point>
				<point>802.000000,323.000000</point>
			</points>
		</object>
		<object>
			<coordinate>pixel</coordinate>
			<type>rectangle</type>
			<description>None</description>
			<possibleresult>
				<name>Dump Truck</name>
			</possibleresult>
			<points>
				<point>789.000000,330.000000</point>
				<point>780.000000,338.000000</point>
				<point>758.000000,312.000000</point>
				<point>768.000000,305.000000</point>
				<point>789.000000,330.000000</point>
			</points>
		</object>
		<object>
			<coordinate>pixel</coordinate>
			<type>rectangle</type>
			<description>None</description>
			<possibleresult>
				<name>Dump Truck</name>
			</possibleresult>
			<points>
				<point>779.000000,337.000000</point>
				<point>771.000000,346.000000</point>
				<point>743.000000,319.000000</point>
				<point>752.000000,310.000000</point>
				<point>779.000000,337.000000</point>
			</points>
		</object>
		<object>
			<coordinate>pixel</coordinate>
			<type>rectangle</type>
			<description>None</description>
			<possibleresult>
				<name>Dump Truck</name>
			</possibleresult>
			<points>
				<point>768.000000,346.000000</point>
				<point>760.000000,354.000000</point>
				<point>732.000000,326.000000</point>
				<point>740.000000,318.000000</point>
				<point>768.000000,346.000000</point>
			</points>
		</object>
		<object>
			<coordinate>pixel</coordinate>
			<type>rectangle</type>
			<description>None</description>
			<possibleresult>
				<name>Excavator</name>
			</possibleresult>
			<points>
				<point>817.000000,315.000000</point>
				<point>808.000000,324.000000</point>
				<point>777.000000,289.000000</point>
				<point>787.000000,281.000000</point>
				<point>817.000000,315.000000</point>
			</points>
		</object>
		<object>
			<coordinate>pixel</coordinate>
			<type>rectangle</type>
			<description>None</description>
			<possibleresult>
				<name>Dump Truck</name>
			</possibleresult>
			<points>
				<point>999.000000,555.000000</point>
				<point>996.000000,554.000000</point>
				<point>996.000000,543.000000</point>
				<point>1000.000000,544.000000</point>
				<point>999.000000,555.000000</point>
			</points>
		</object>
		<object>
			<coordinate>pixel</coordinate>
			<type>rectangle</type>
			<description>None</description>
			<possibleresult>
				<name>Dump Truck</name>
			</possibleresult>
			<points>
				<point>1000.000000,528.000000</point>
				<point>972.000000,530.000000</point>
				<point>972.000000,521.000000</point>
				<point>1000.000000,519.000000</point>
				<point>1000.000000,528.000000</point>
			</points>
		</object>
		<object>
			<coordinate>pixel</coordinate>
			<type>rectangle</type>
			<description>None</description>
			<possibleresult>
				<name>Dump Truck</name>
			</possibleresult>
			<points>
				<point>992.000000,518.000000</point>
				<point>964.000000,518.000000</point>
				<point>964.000000,507.000000</point>
				<point>992.000000,507.000000</point>
				<point>992.000000,518.000000</point>
			</points>
		</object>
		<object>
			<coordinate>pixel</coordinate>
			<type>rectangle</type>
			<description>None</description>
			<possibleresult>
				<name>Dump Truck</name>
			</possibleresult>
			<points>
				<point>977.000000,501.000000</point>
				<point>948.000000,503.000000</point>
				<point>948.000000,493.000000</point>
				<point>977.000000,491.000000</point>
				<point>977.000000,501.000000</point>
			</points>
		</object>
		<object>
			<coordinate>pixel</coordinate>
			<type>rectangle</type>
			<description>None</description>
			<possibleresult>
				<name>Dump Truck</name>
			</possibleresult>
			<points>
				<point>962.000000,484.000000</point>
				<point>933.000000,487.000000</point>
				<point>932.000000,476.000000</point>
				<point>962.000000,474.000000</point>
				<point>962.000000,484.000000</point>
			</points>
		</object>
		<object>
			<coordinate>pixel</coordinate>
			<type>rectangle</type>
			<description>None</description>
			<possibleresult>
				<name>Dump Truck</name>
			</possibleresult>
			<points>
				<point>946.000000,472.000000</point>
				<point>919.000000,476.000000</point>
				<point>917.000000,466.000000</point>
				<point>944.000000,462.000000</point>
				<point>946.000000,472.000000</point>
			</points>
		</object>
		<object>
			<coordinate>pixel</coordinate>
			<type>rectangle</type>
			<description>None</description>
			<possibleresult>
				<name>Dump Truck</name>
			</possibleresult>
			<points>
				<point>941.000000,462.000000</point>
				<point>912.000000,465.000000</point>
				<point>912.000000,456.000000</point>
				<point>940.000000,452.000000</point>
				<point>941.000000,462.000000</point>
			</points>
		</object>
		<object>
			<coordinate>pixel</coordinate>
			<type>rectangle</type>
			<description>None</description>
			<possibleresult>
				<name>Dump Truck</name>
			</possibleresult>
			<points>
				<point>928.000000,451.000000</point>
				<point>901.000000,454.000000</point>
				<point>900.000000,445.000000</point>
				<point>927.000000,442.000000</point>
				<point>928.000000,451.000000</point>
			</points>
		</object>
		<object>
			<coordinate>pixel</coordinate>
			<type>rectangle</type>
			<description>None</description>
			<possibleresult>
				<name>Dump Truck</name>
			</possibleresult>
			<points>
				<point>923.000000,441.000000</point>
				<point>892.000000,443.000000</point>
				<point>892.000000,433.000000</point>
				<point>922.000000,430.000000</point>
				<point>923.000000,441.000000</point>
			</points>
		</object>
		<object>
			<coordinate>pixel</coordinate>
			<type>rectangle</type>
			<description>None</description>
			<possibleresult>
				<name>Small Car</name>
			</possibleresult>
			<points>
				<point>964.000000,397.000000</point>
				<point>946.000000,407.000000</point>
				<point>942.000000,400.000000</point>
				<point>960.000000,390.000000</point>
				<point>964.000000,397.000000</point>
			</points>
		</object>
		<object>
			<coordinate>pixel</coordinate>
			<type>rectangle</type>
			<description>None</description>
			<possibleresult>
				<name>Small Car</name>
			</possibleresult>
			<points>
				<point>954.000000,389.000000</point>
				<point>938.000000,401.000000</point>
				<point>932.000000,392.000000</point>
				<point>949.000000,381.000000</point>
				<point>954.000000,389.000000</point>
			</points>
		</object>
		<object>
			<coordinate>pixel</coordinate>
			<type>rectangle</type>
			<description>None</description>
			<possibleresult>
				<name>Cargo Truck</name>
			</possibleresult>
			<points>
				<point>947.000000,364.000000</point>
				<point>924.000000,377.000000</point>
				<point>918.000000,367.000000</point>
				<point>941.000000,354.000000</point>
				<point>947.000000,364.000000</point>
			</points>
		</object>
		<object>
			<coordinate>pixel</coordinate>
			<type>rectangle</type>
			<description>None</description>
			<possibleresult>
				<name>Small Car</name>
			</possibleresult>
			<points>
				<point>926.000000,360.000000</point>
				<point>910.000000,370.000000</point>
				<point>905.000000,362.000000</point>
				<point>921.000000,352.000000</point>
				<point>926.000000,360.000000</point>
			</points>
		</object>
		<object>
			<coordinate>pixel</coordinate>
			<type>rectangle</type>
			<description>None</description>
			<possibleresult>
				<name>Small Car</name>
			</possibleresult>
			<points>
				<point>919.000000,353.000000</point>
				<point>903.000000,362.000000</point>
				<point>898.000000,353.000000</point>
				<point>913.000000,343.000000</point>
				<point>919.000000,353.000000</point>
			</points>
		</object>
		<object>
			<coordinate>pixel</coordinate>
			<type>rectangle</type>
			<description>None</description>
			<possibleresult>
				<name>Small Car</name>
			</possibleresult>
			<points>
				<point>909.000000,337.000000</point>
				<point>892.000000,348.000000</point>
				<point>887.000000,340.000000</point>
				<point>905.000000,330.000000</point>
				<point>909.000000,337.000000</point>
			</points>
		</object>
		<object>
			<coordinate>pixel</coordinate>
			<type>rectangle</type>
			<description>None</description>
			<possibleresult>
				<name>Small Car</name>
			</possibleresult>
			<points>
				<point>896.000000,324.000000</point>
				<point>877.000000,333.000000</point>
				<point>874.000000,326.000000</point>
				<point>892.000000,316.000000</point>
				<point>896.000000,324.000000</point>
			</points>
		</object>
		<object>
			<coordinate>pixel</coordinate>
			<type>rectangle</type>
			<description>None</description>
			<possibleresult>
				<name>Small Car</name>
			</possibleresult>
			<points>
				<point>880.000000,313.000000</point>
				<point>868.000000,320.000000</point>
				<point>864.000000,312.000000</point>
				<point>876.000000,305.000000</point>
				<point>880.000000,313.000000</point>
			</points>
		</object>
		<object>
			<coordinate>pixel</coordinate>
			<type>rectangle</type>
			<description>None</description>
			<possibleresult>
				<name>Small Car</name>
			</possibleresult>
			<points>
				<point>871.000000,295.000000</point>
				<point>852.000000,305.000000</point>
				<point>848.000000,297.000000</point>
				<point>867.000000,287.000000</point>
				<point>871.000000,295.000000</point>
			</points>
		</object>
		<object>
			<coordinate>pixel</coordinate>
			<type>rectangle</type>
			<description>None</description>
			<possibleresult>
				<name>Van</name>
			</possibleresult>
			<points>
				<point>852.000000,281.000000</point>
				<point>837.000000,290.000000</point>
				<point>834.000000,284.000000</point>
				<point>849.000000,275.000000</point>
				<point>852.000000,281.000000</point>
			</points>
		</object>
		<object>
			<coordinate>pixel</coordinate>
			<type>rectangle</type>
			<description>None</description>
			<possibleresult>
				<name>Small Car</name>
			</possibleresult>
			<points>
				<point>846.000000,273.000000</point>
				<point>830.000000,284.000000</point>
				<point>826.000000,277.000000</point>
				<point>842.000000,266.000000</point>
				<point>846.000000,273.000000</point>
			</points>
		</object>
		<object>
			<coordinate>pixel</coordinate>
			<type>rectangle</type>
			<description>None</description>
			<possibleresult>
				<name>Small Car</name>
			</possibleresult>
			<points>
				<point>978.000000,338.000000</point>
				<point>961.000000,348.000000</point>
				<point>958.000000,342.000000</point>
				<point>974.000000,333.000000</point>
				<point>978.000000,338.000000</point>
			</points>
		</object>
		<object>
			<coordinate>pixel</coordinate>
			<type>rectangle</type>
			<description>None</description>
			<possibleresult>
				<name>Small Car</name>
			</possibleresult>
			<points>
				<point>972.000000,333.000000</point>
				<point>955.000000,343.000000</point>
				<point>950.000000,335.000000</point>
				<point>968.000000,325.000000</point>
				<point>972.000000,333.000000</point>
			</points>
		</object>
		<object>
			<coordinate>pixel</coordinate>
			<type>rectangle</type>
			<description>None</description>
			<possibleresult>
				<name>Small Car</name>
			</possibleresult>
			<points>
				<point>966.000000,324.000000</point>
				<point>946.000000,336.000000</point>
				<point>942.000000,329.000000</point>
				<point>962.000000,317.000000</point>
				<point>966.000000,324.000000</point>
			</points>
		</object>
		<object>
			<coordinate>pixel</coordinate>
			<type>rectangle</type>
			<description>None</description>
			<possibleresult>
				<name>Small Car</name>
			</possibleresult>
			<points>
				<point>959.000000,317.000000</point>
				<point>944.000000,326.000000</point>
				<point>941.000000,320.000000</point>
				<point>955.000000,310.000000</point>
				<point>959.000000,317.000000</point>
			</points>
		</object>
		<object>
			<coordinate>pixel</coordinate>
			<type>rectangle</type>
			<description>None</description>
			<possibleresult>
				<name>Small Car</name>
			</possibleresult>
			<points>
				<point>939.000000,295.000000</point>
				<point>923.000000,304.000000</point>
				<point>919.000000,297.000000</point>
				<point>936.000000,287.000000</point>
				<point>939.000000,295.000000</point>
			</points>
		</object>
		<object>
			<coordinate>pixel</coordinate>
			<type>rectangle</type>
			<description>None</description>
			<possibleresult>
				<name>Van</name>
			</possibleresult>
			<points>
				<point>936.000000,286.000000</point>
				<point>918.000000,296.000000</point>
				<point>913.000000,288.000000</point>
				<point>931.000000,278.000000</point>
				<point>936.000000,286.000000</point>
			</points>
		</object>
		<object>
			<coordinate>pixel</coordinate>
			<type>rectangle</type>
			<description>None</description>
			<possibleresult>
				<name>Small Car</name>
			</possibleresult>
			<points>
				<point>884.000000,79.000000</point>
				<point>878.000000,85.000000</point>
				<point>863.000000,71.000000</point>
				<point>869.000000,65.000000</point>
				<point>884.000000,79.000000</point>
			</points>
		</object>
		<object>
			<coordinate>pixel</coordinate>
			<type>rectangle</type>
			<description>None</description>
			<possibleresult>
				<name>Small Car</name>
			</possibleresult>
			<points>
				<point>871.000000,85.000000</point>
				<point>864.000000,91.000000</point>
				<point>851.000000,76.000000</point>
				<point>857.000000,71.000000</point>
				<point>871.000000,85.000000</point>
			</points>
		</object>
		<object>
			<coordinate>pixel</coordinate>
			<type>rectangle</type>
			<description>None</description>
			<possibleresult>
				<name>Small Car</name>
			</possibleresult>
			<points>
				<point>857.000000,96.000000</point>
				<point>851.000000,101.000000</point>
				<point>838.000000,87.000000</point>
				<point>844.000000,82.000000</point>
				<point>857.000000,96.000000</point>
			</points>
		</object>
		<object>
			<coordinate>pixel</coordinate>
			<type>rectangle</type>
			<description>None</description>
			<possibleresult>
				<name>Small Car</name>
			</possibleresult>
			<points>
				<point>844.000000,100.000000</point>
				<point>839.000000,105.000000</point>
				<point>826.000000,92.000000</point>
				<point>831.000000,87.000000</point>
				<point>844.000000,100.000000</point>
			</points>
		</object>
		<object>
			<coordinate>pixel</coordinate>
			<type>rectangle</type>
			<description>None</description>
			<possibleresult>
				<name>Van</name>
			</possibleresult>
			<points>
				<point>832.000000,105.000000</point>
				<point>824.000000,111.000000</point>
				<point>813.000000,97.000000</point>
				<point>820.000000,92.000000</point>
				<point>832.000000,105.000000</point>
			</points>
		</object>
		<object>
			<coordinate>pixel</coordinate>
			<type>rectangle</type>
			<description>None</description>
			<possibleresult>
				<name>Small Car</name>
			</possibleresult>
			<points>
				<point>848.000000,18.000000</point>
				<point>842.000000,22.000000</point>
				<point>831.000000,8.000000</point>
				<point>837.000000,4.000000</point>
				<point>848.000000,18.000000</point>
			</points>
		</object>
		<object>
			<coordinate>pixel</coordinate>
			<type>rectangle</type>
			<description>None</description>
			<possibleresult>
				<name>Van</name>
			</possibleresult>
			<points>
				<point>836.000000,23.000000</point>
				<point>831.000000,27.000000</point>
				<point>818.000000,14.000000</point>
				<point>824.000000,9.000000</point>
				<point>836.000000,23.000000</point>
			</points>
		</object>
		<object>
			<coordinate>pixel</coordinate>
			<type>rectangle</type>
			<description>None</description>
			<possibleresult>
				<name>Small Car</name>
			</possibleresult>
			<points>
				<point>825.000000,28.000000</point>
				<point>819.000000,33.000000</point>
				<point>807.000000,20.000000</point>
				<point>812.000000,14.000000</point>
				<point>825.000000,28.000000</point>
			</points>
		</object>
		<object>
			<coordinate>pixel</coordinate>
			<type>rectangle</type>
			<description>None</description>
			<possibleresult>
				<name>Small Car</name>
			</possibleresult>
			<points>
				<point>812.000000,39.000000</point>
				<point>805.000000,45.000000</point>
				<point>792.000000,30.000000</point>
				<point>799.000000,24.000000</point>
				<point>812.000000,39.000000</point>
			</points>
		</object>
		<object>
			<coordinate>pixel</coordinate>
			<type>rectangle</type>
			<description>None</description>
			<possibleresult>
				<name>Small Car</name>
			</possibleresult>
			<points>
				<point>801.000000,46.000000</point>
				<point>794.000000,51.000000</point>
				<point>780.000000,35.000000</point>
				<point>787.000000,30.000000</point>
				<point>801.000000,46.000000</point>
			</points>
		</object>
		<object>
			<coordinate>pixel</coordinate>
			<type>rectangle</type>
			<description>None</description>
			<possibleresult>
				<name>Small Car</name>
			</possibleresult>
			<points>
				<point>792.000000,49.000000</point>
				<point>786.000000,55.000000</point>
				<point>770.000000,39.000000</point>
				<point>776.000000,33.000000</point>
				<point>792.000000,49.000000</point>
			</points>
		</object>
		<object>
			<coordinate>pixel</coordinate>
			<type>rectangle</type>
			<description>None</description>
			<possibleresult>
				<name>Small Car</name>
			</possibleresult>
			<points>
				<point>756.000000,91.000000</point>
				<point>738.000000,99.000000</point>
				<point>734.000000,91.000000</point>
				<point>753.000000,83.000000</point>
				<point>756.000000,91.000000</point>
			</points>
		</object>
		<object>
			<coordinate>pixel</coordinate>
			<type>rectangle</type>
			<description>None</description>
			<possibleresult>
				<name>Van</name>
			</possibleresult>
			<points>
				<point>745.000000,74.000000</point>
				<point>724.000000,85.000000</point>
				<point>720.000000,76.000000</point>
				<point>740.000000,64.000000</point>
				<point>745.000000,74.000000</point>
			</points>
		</object>
		<object>
			<coordinate>pixel</coordinate>
			<type>rectangle</type>
			<description>None</description>
			<possibleresult>
				<name>Van</name>
			</possibleresult>
			<points>
				<point>646.000000,185.000000</point>
				<point>644.000000,192.000000</point>
				<point>624.000000,187.000000</point>
				<point>625.000000,179.000000</point>
				<point>646.000000,185.000000</point>
			</points>
		</object>
		<object>
			<coordinate>pixel</coordinate>
			<type>rectangle</type>
			<description>None</description>
			<possibleresult>
				<name>Van</name>
			</possibleresult>
			<points>
				<point>608.000000,186.000000</point>
				<point>601.000000,191.000000</point>
				<point>590.000000,176.000000</point>
				<point>596.000000,170.000000</point>
				<point>608.000000,186.000000</point>
			</points>
		</object>
		<object>
			<coordinate>pixel</coordinate>
			<type>rectangle</type>
			<description>None</description>
			<possibleresult>
				<name>Small Car</name>
			</possibleresult>
			<points>
				<point>585.000000,189.000000</point>
				<point>579.000000,195.000000</point>
				<point>566.000000,180.000000</point>
				<point>572.000000,174.000000</point>
				<point>585.000000,189.000000</point>
			</points>
		</object>
		<object>
			<coordinate>pixel</coordinate>
			<type>rectangle</type>
			<description>None</description>
			<possibleresult>
				<name>Van</name>
			</possibleresult>
			<points>
				<point>586.000000,215.000000</point>
				<point>569.000000,224.000000</point>
				<point>566.000000,217.000000</point>
				<point>582.000000,207.000000</point>
				<point>586.000000,215.000000</point>
			</points>
		</object>
		<object>
			<coordinate>pixel</coordinate>
			<type>rectangle</type>
			<description>None</description>
			<possibleresult>
				<name>Small Car</name>
			</possibleresult>
			<points>
				<point>599.000000,225.000000</point>
				<point>582.000000,237.000000</point>
				<point>576.000000,229.000000</point>
				<point>594.000000,218.000000</point>
				<point>599.000000,225.000000</point>
			</points>
		</object>
		<object>
			<coordinate>pixel</coordinate>
			<type>rectangle</type>
			<description>None</description>
			<possibleresult>
				<name>Small Car</name>
			</possibleresult>
			<points>
				<point>204.000000,524.000000</point>
				<point>188.000000,533.000000</point>
				<point>183.000000,526.000000</point>
				<point>199.000000,516.000000</point>
				<point>204.000000,524.000000</point>
			</points>
		</object>
		<object>
			<coordinate>pixel</coordinate>
			<type>rectangle</type>
			<description>None</description>
			<possibleresult>
				<name>Small Car</name>
			</possibleresult>
			<points>
				<point>141.000000,520.000000</point>
				<point>122.000000,531.000000</point>
				<point>118.000000,523.000000</point>
				<point>136.000000,512.000000</point>
				<point>141.000000,520.000000</point>
			</points>
		</object>
		<object>
			<coordinate>pixel</coordinate>
			<type>rectangle</type>
			<description>None</description>
			<possibleresult>
				<name>Small Car</name>
			</possibleresult>
			<points>
				<point>37.000000,547.000000</point>
				<point>22.000000,555.000000</point>
				<point>18.000000,548.000000</point>
				<point>32.000000,539.000000</point>
				<point>37.000000,547.000000</point>
			</points>
		</object>
		<object>
			<coordinate>pixel</coordinate>
			<type>rectangle</type>
			<description>None</description>
			<possibleresult>
				<name>Small Car</name>
			</possibleresult>
			<points>
				<point>87.000000,523.000000</point>
				<point>65.000000,532.000000</point>
				<point>62.000000,523.000000</point>
				<point>83.000000,513.000000</point>
				<point>87.000000,523.000000</point>
			</points>
		</object>
		<object>
			<coordinate>pixel</coordinate>
			<type>rectangle</type>
			<description>None</description>
			<possibleresult>
				<name>Small Car</name>
			</possibleresult>
			<points>
				<point>115.000000,506.000000</point>
				<point>97.000000,515.000000</point>
				<point>94.000000,508.000000</point>
				<point>111.000000,498.000000</point>
				<point>115.000000,506.000000</point>
			</points>
		</object>
		<object>
			<coordinate>pixel</coordinate>
			<type>rectangle</type>
			<description>None</description>
			<possibleresult>
				<name>Small Car</name>
			</possibleresult>
			<points>
				<point>207.000000,458.000000</point>
				<point>192.000000,467.000000</point>
				<point>188.000000,460.000000</point>
				<point>203.000000,451.000000</point>
				<point>207.000000,458.000000</point>
			</points>
		</object>
		<object>
			<coordinate>pixel</coordinate>
			<type>rectangle</type>
			<description>None</description>
			<possibleresult>
				<name>Small Car</name>
			</possibleresult>
			<points>
				<point>240.000000,441.000000</point>
				<point>223.000000,452.000000</point>
				<point>218.000000,445.000000</point>
				<point>236.000000,435.000000</point>
				<point>240.000000,441.000000</point>
			</points>
		</object>
		<object>
			<coordinate>pixel</coordinate>
			<type>rectangle</type>
			<description>None</description>
			<possibleresult>
				<name>Small Car</name>
			</possibleresult>
			<points>
				<point>266.000000,428.000000</point>
				<point>247.000000,437.000000</point>
				<point>244.000000,430.000000</point>
				<point>263.000000,421.000000</point>
				<point>266.000000,428.000000</point>
			</points>
		</object>
		<object>
			<coordinate>pixel</coordinate>
			<type>rectangle</type>
			<description>None</description>
			<possibleresult>
				<name>Small Car</name>
			</possibleresult>
			<points>
				<point>306.000000,406.000000</point>
				<point>285.000000,419.000000</point>
				<point>279.000000,409.000000</point>
				<point>301.000000,397.000000</point>
				<point>306.000000,406.000000</point>
			</points>
		</object>
		<object>
			<coordinate>pixel</coordinate>
			<type>rectangle</type>
			<description>None</description>
			<possibleresult>
				<name>Small Car</name>
			</possibleresult>
			<points>
				<point>488.000000,329.000000</point>
				<point>470.000000,337.000000</point>
				<point>467.000000,329.000000</point>
				<point>484.000000,320.000000</point>
				<point>488.000000,329.000000</point>
			</points>
		</object>
		<object>
			<coordinate>pixel</coordinate>
			<type>rectangle</type>
			<description>None</description>
			<possibleresult>
				<name>Dump Truck</name>
			</possibleresult>
			<points>
				<point>536.000000,289.000000</point>
				<point>512.000000,302.000000</point>
				<point>507.000000,293.000000</point>
				<point>532.000000,281.000000</point>
				<point>536.000000,289.000000</point>
			</points>
		</object>
		<object>
			<coordinate>pixel</coordinate>
			<type>rectangle</type>
			<description>None</description>
			<possibleresult>
				<name>Van</name>
			</possibleresult>
			<points>
				<point>571.000000,268.000000</point>
				<point>552.000000,279.000000</point>
				<point>548.000000,273.000000</point>
				<point>567.000000,262.000000</point>
				<point>571.000000,268.000000</point>
			</points>
		</object>
		<object>
			<coordinate>pixel</coordinate>
			<type>rectangle</type>
			<description>None</description>
			<possibleresult>
				<name>Small Car</name>
			</possibleresult>
			<points>
				<point>597.000000,256.000000</point>
				<point>578.000000,266.000000</point>
				<point>575.000000,258.000000</point>
				<point>594.000000,248.000000</point>
				<point>597.000000,256.000000</point>
			</points>
		</object>
		<object>
			<coordinate>pixel</coordinate>
			<type>rectangle</type>
			<description>None</description>
			<possibleresult>
				<name>Small Car</name>
			</possibleresult>
			<points>
				<point>742.000000,193.000000</point>
				<point>725.000000,204.000000</point>
				<point>720.000000,197.000000</point>
				<point>738.000000,187.000000</point>
				<point>742.000000,193.000000</point>
			</points>
		</object>
		<object>
			<coordinate>pixel</coordinate>
			<type>rectangle</type>
			<description>None</description>
			<possibleresult>
				<name>Small Car</name>
			</possibleresult>
			<points>
				<point>864.000000,165.000000</point>
				<point>862.000000,172.000000</point>
				<point>839.000000,164.000000</point>
				<point>841.000000,157.000000</point>
				<point>864.000000,165.000000</point>
			</points>
		</object>
		<object>
			<coordinate>pixel</coordinate>
			<type>rectangle</type>
			<description>None</description>
			<possibleresult>
				<name>Van</name>
			</possibleresult>
			<points>
				<point>920.000000,275.000000</point>
				<point>905.000000,282.000000</point>
				<point>902.000000,275.000000</point>
				<point>917.000000,268.000000</point>
				<point>920.000000,275.000000</point>
			</points>
		</object>
		<object>
			<coordinate>pixel</coordinate>
			<type>rectangle</type>
			<description>None</description>
			<possibleresult>
				<name>Small Car</name>
			</possibleresult>
			<points>
				<point>889.000000,248.000000</point>
				<point>873.000000,260.000000</point>
				<point>867.000000,252.000000</point>
				<point>883.000000,240.000000</point>
				<point>889.000000,248.000000</point>
			</points>
		</object>
		<object>
			<coordinate>pixel</coordinate>
			<type>rectangle</type>
			<description>None</description>
			<possibleresult>
				<name>Van</name>
			</possibleresult>
			<points>
				<point>1000.000000,330.000000</point>
				<point>988.000000,338.000000</point>
				<point>983.000000,331.000000</point>
				<point>1000.000000,321.000000</point>
				<point>1000.000000,330.000000</point>
			</points>
		</object>
		<object>
			<coordinate>pixel</coordinate>
			<type>rectangle</type>
			<description>None</description>
			<possibleresult>
				<name>Small Car</name>
			</possibleresult>
			<points>
				<point>996.000000,320.000000</point>
				<point>981.000000,330.000000</point>
				<point>976.000000,323.000000</point>
				<point>992.000000,312.000000</point>
				<point>996.000000,320.000000</point>
			</points>
		</object>
		<object>
			<coordinate>pixel</coordinate>
			<type>rectangle</type>
			<description>None</description>
			<possibleresult>
				<name>Small Car</name>
			</possibleresult>
			<points>
				<point>992.000000,311.000000</point>
				<point>974.000000,322.000000</point>
				<point>970.000000,315.000000</point>
				<point>988.000000,304.000000</point>
				<point>992.000000,311.000000</point>
			</points>
		</object>
		<object>
			<coordinate>pixel</coordinate>
			<type>rectangle</type>
			<description>None</description>
			<possibleresult>
				<name>Small Car</name>
			</possibleresult>
			<points>
				<point>988.000000,303.000000</point>
				<point>970.000000,315.000000</point>
				<point>965.000000,308.000000</point>
				<point>984.000000,297.000000</point>
				<point>988.000000,303.000000</point>
			</points>
		</object>
		<object>
			<coordinate>pixel</coordinate>
			<type>rectangle</type>
			<description>None</description>
			<possibleresult>
				<name>Small Car</name>
			</possibleresult>
			<points>
				<point>976.000000,297.000000</point>
				<point>961.000000,307.000000</point>
				<point>956.000000,299.000000</point>
				<point>972.000000,290.000000</point>
				<point>976.000000,297.000000</point>
			</points>
		</object>
		<object>
			<coordinate>pixel</coordinate>
			<type>rectangle</type>
			<description>None</description>
			<possibleresult>
				<name>Small Car</name>
			</possibleresult>
			<points>
				<point>970.000000,289.000000</point>
				<point>954.000000,299.000000</point>
				<point>949.000000,291.000000</point>
				<point>965.000000,281.000000</point>
				<point>970.000000,289.000000</point>
			</points>
		</object>
		<object>
			<coordinate>pixel</coordinate>
			<type>rectangle</type>
			<description>None</description>
			<possibleresult>
				<name>Van</name>
			</possibleresult>
			<points>
				<point>963.000000,281.000000</point>
				<point>947.000000,292.000000</point>
				<point>942.000000,285.000000</point>
				<point>959.000000,275.000000</point>
				<point>963.000000,281.000000</point>
			</points>
		</object>
		<object>
			<coordinate>pixel</coordinate>
			<type>rectangle</type>
			<description>None</description>
			<possibleresult>
				<name>Small Car</name>
			</possibleresult>
			<points>
				<point>941.000000,260.000000</point>
				<point>925.000000,269.000000</point>
				<point>921.000000,261.000000</point>
				<point>937.000000,252.000000</point>
				<point>941.000000,260.000000</point>
			</points>
		</object>
		<object>
			<coordinate>pixel</coordinate>
			<type>rectangle</type>
			<description>None</description>
			<possibleresult>
				<name>Dump Truck</name>
			</possibleresult>
			<points>
				<point>982.000000,266.000000</point>
				<point>975.000000,274.000000</point>
				<point>956.000000,255.000000</point>
				<point>964.000000,248.000000</point>
				<point>982.000000,266.000000</point>
			</points>
		</object>
		<object>
			<coordinate>pixel</coordinate>
			<type>rectangle</type>
			<description>None</description>
			<possibleresult>
				<name>Small Car</name>
			</possibleresult>
			<points>
				<point>671.000000,859.000000</point>
				<point>665.000000,864.000000</point>
				<point>651.000000,847.000000</point>
				<point>658.000000,843.000000</point>
				<point>671.000000,859.000000</point>
			</points>
		</object>
		<object>
			<coordinate>pixel</coordinate>
			<type>rectangle</type>
			<description>None</description>
			<possibleresult>
				<name>Van</name>
			</possibleresult>
			<points>
				<point>660.000000,861.000000</point>
				<point>654.000000,866.000000</point>
				<point>644.000000,853.000000</point>
				<point>649.000000,848.000000</point>
				<point>660.000000,861.000000</point>
			</points>
		</object>
		<object>
			<coordinate>pixel</coordinate>
			<type>rectangle</type>
			<description>None</description>
			<possibleresult>
				<name>Van</name>
			</possibleresult>
			<points>
				<point>646.000000,861.000000</point>
				<point>642.000000,866.000000</point>
				<point>633.000000,856.000000</point>
				<point>638.000000,852.000000</point>
				<point>646.000000,861.000000</point>
			</points>
		</object>
		<object>
			<coordinate>pixel</coordinate>
			<type>rectangle</type>
			<description>None</description>
			<possibleresult>
				<name>Small Car</name>
			</possibleresult>
			<points>
				<point>635.000000,873.000000</point>
				<point>629.000000,878.000000</point>
				<point>616.000000,865.000000</point>
				<point>622.000000,860.000000</point>
				<point>635.000000,873.000000</point>
			</points>
		</object>
		<object>
			<coordinate>pixel</coordinate>
			<type>rectangle</type>
			<description>None</description>
			<possibleresult>
				<name>Small Car</name>
			</possibleresult>
			<points>
				<point>642.000000,870.000000</point>
				<point>637.000000,875.000000</point>
				<point>624.000000,860.000000</point>
				<point>630.000000,856.000000</point>
				<point>642.000000,870.000000</point>
			</points>
		</object>
		<object>
			<coordinate>pixel</coordinate>
			<type>rectangle</type>
			<description>None</description>
			<possibleresult>
				<name>Small Car</name>
			</possibleresult>
			<points>
				<point>674.000000,876.000000</point>
				<point>667.000000,881.000000</point>
				<point>655.000000,867.000000</point>
				<point>661.000000,861.000000</point>
				<point>674.000000,876.000000</point>
			</points>
		</object>
		<object>
			<coordinate>pixel</coordinate>
			<type>rectangle</type>
			<description>None</description>
			<possibleresult>
				<name>Small Car</name>
			</possibleresult>
			<points>
				<point>666.000000,881.000000</point>
				<point>660.000000,886.000000</point>
				<point>647.000000,872.000000</point>
				<point>653.000000,867.000000</point>
				<point>666.000000,881.000000</point>
			</points>
		</object>
		<object>
			<coordinate>pixel</coordinate>
			<type>rectangle</type>
			<description>None</description>
			<possibleresult>
				<name>Dump Truck</name>
			</possibleresult>
			<points>
				<point>655.000000,882.000000</point>
				<point>649.000000,889.000000</point>
				<point>637.000000,876.000000</point>
				<point>644.000000,870.000000</point>
				<point>655.000000,882.000000</point>
			</points>
		</object>
		<object>
			<coordinate>pixel</coordinate>
			<type>rectangle</type>
			<description>None</description>
			<possibleresult>
				<name>Small Car</name>
			</possibleresult>
			<points>
				<point>674.000000,900.000000</point>
				<point>668.000000,906.000000</point>
				<point>651.000000,889.000000</point>
				<point>657.000000,883.000000</point>
				<point>674.000000,900.000000</point>
			</points>
		</object>
		<object>
			<coordinate>pixel</coordinate>
			<type>rectangle</type>
			<description>None</description>
			<possibleresult>
				<name>Small Car</name>
			</possibleresult>
			<points>
				<point>618.000000,882.000000</point>
				<point>611.000000,887.000000</point>
				<point>599.000000,873.000000</point>
				<point>606.000000,867.000000</point>
				<point>618.000000,882.000000</point>
			</points>
		</object>
		<object>
			<coordinate>pixel</coordinate>
			<type>rectangle</type>
			<description>None</description>
			<possibleresult>
				<name>Van</name>
			</possibleresult>
			<points>
				<point>633.000000,895.000000</point>
				<point>629.000000,900.000000</point>
				<point>614.000000,886.000000</point>
				<point>619.000000,882.000000</point>
				<point>633.000000,895.000000</point>
			</points>
		</object>
		<object>
			<coordinate>pixel</coordinate>
			<type>rectangle</type>
			<description>None</description>
			<possibleresult>
				<name>Small Car</name>
			</possibleresult>
			<points>
				<point>648.000000,907.000000</point>
				<point>642.000000,913.000000</point>
				<point>628.000000,901.000000</point>
				<point>633.000000,894.000000</point>
				<point>648.000000,907.000000</point>
			</points>
		</object>
		<object>
			<coordinate>pixel</coordinate>
			<type>rectangle</type>
			<description>None</description>
			<possibleresult>
				<name>Small Car</name>
			</possibleresult>
			<points>
				<point>607.000000,886.000000</point>
				<point>590.000000,895.000000</point>
				<point>585.000000,887.000000</point>
				<point>602.000000,878.000000</point>
				<point>607.000000,886.000000</point>
			</points>
		</object>
		<object>
			<coordinate>pixel</coordinate>
			<type>rectangle</type>
			<description>None</description>
			<possibleresult>
				<name>Small Car</name>
			</possibleresult>
			<points>
				<point>612.000000,893.000000</point>
				<point>593.000000,901.000000</point>
				<point>589.000000,894.000000</point>
				<point>608.000000,885.000000</point>
				<point>612.000000,893.000000</point>
			</points>
		</object>
		<object>
			<coordinate>pixel</coordinate>
			<type>rectangle</type>
			<description>None</description>
			<possibleresult>
				<name>Small Car</name>
			</possibleresult>
			<points>
				<point>617.000000,898.000000</point>
				<point>601.000000,906.000000</point>
				<point>598.000000,900.000000</point>
				<point>614.000000,892.000000</point>
				<point>617.000000,898.000000</point>
			</points>
		</object>
		<object>
			<coordinate>pixel</coordinate>
			<type>rectangle</type>
			<description>None</description>
			<possibleresult>
				<name>Small Car</name>
			</possibleresult>
			<points>
				<point>622.000000,905.000000</point>
				<point>605.000000,915.000000</point>
				<point>600.000000,907.000000</point>
				<point>617.000000,897.000000</point>
				<point>622.000000,905.000000</point>
			</points>
		</object>
		<object>
			<coordinate>pixel</coordinate>
			<type>rectangle</type>
			<description>None</description>
			<possibleresult>
				<name>Small Car</name>
			</possibleresult>
			<points>
				<point>630.000000,912.000000</point>
				<point>610.000000,921.000000</point>
				<point>607.000000,914.000000</point>
				<point>626.000000,904.000000</point>
				<point>630.000000,912.000000</point>
			</points>
		</object>
		<object>
			<coordinate>pixel</coordinate>
			<type>rectangle</type>
			<description>None</description>
			<possibleresult>
				<name>Van</name>
			</possibleresult>
			<points>
				<point>634.000000,917.000000</point>
				<point>618.000000,926.000000</point>
				<point>614.000000,919.000000</point>
				<point>631.000000,911.000000</point>
				<point>634.000000,917.000000</point>
			</points>
		</object>
		<object>
			<coordinate>pixel</coordinate>
			<type>rectangle</type>
			<description>None</description>
			<possibleresult>
				<name>Small Car</name>
			</possibleresult>
			<points>
				<point>639.000000,922.000000</point>
				<point>621.000000,932.000000</point>
				<point>618.000000,926.000000</point>
				<point>636.000000,916.000000</point>
				<point>639.000000,922.000000</point>
			</points>
		</object>
		<object>
			<coordinate>pixel</coordinate>
			<type>rectangle</type>
			<description>None</description>
			<possibleresult>
				<name>Cargo Truck</name>
			</possibleresult>
			<points>
				<point>642.000000,943.000000</point>
				<point>632.000000,950.000000</point>
				<point>622.000000,935.000000</point>
				<point>632.000000,928.000000</point>
				<point>642.000000,943.000000</point>
			</points>
		</object>
		<object>
			<coordinate>pixel</coordinate>
			<type>rectangle</type>
			<description>None</description>
			<possibleresult>
				<name>Small Car</name>
			</possibleresult>
			<points>
				<point>674.000000,947.000000</point>
				<point>666.000000,961.000000</point>
				<point>659.000000,957.000000</point>
				<point>667.000000,943.000000</point>
				<point>674.000000,947.000000</point>
			</points>
		</object>
		<object>
			<coordinate>pixel</coordinate>
			<type>rectangle</type>
			<description>None</description>
			<possibleresult>
				<name>Small Car</name>
			</possibleresult>
			<points>
				<point>696.000000,962.000000</point>
				<point>682.000000,973.000000</point>
				<point>677.000000,967.000000</point>
				<point>691.000000,956.000000</point>
				<point>696.000000,962.000000</point>
			</points>
		</object>
		<object>
			<coordinate>pixel</coordinate>
			<type>rectangle</type>
			<description>None</description>
			<possibleresult>
				<name>Small Car</name>
			</possibleresult>
			<points>
				<point>681.000000,975.000000</point>
				<point>668.000000,986.000000</point>
				<point>662.000000,979.000000</point>
				<point>675.000000,968.000000</point>
				<point>681.000000,975.000000</point>
			</points>
		</object>
		<object>
			<coordinate>pixel</coordinate>
			<type>rectangle</type>
			<description>None</description>
			<possibleresult>
				<name>Small Car</name>
			</possibleresult>
			<points>
				<point>528.000000,932.000000</point>
				<point>511.000000,941.000000</point>
				<point>507.000000,934.000000</point>
				<point>525.000000,926.000000</point>
				<point>528.000000,932.000000</point>
			</points>
		</object>
		<object>
			<coordinate>pixel</coordinate>
			<type>rectangle</type>
			<description>None</description>
			<possibleresult>
				<name>Small Car</name>
			</possibleresult>
			<points>
				<point>523.000000,925.000000</point>
				<point>506.000000,934.000000</point>
				<point>503.000000,927.000000</point>
				<point>519.000000,917.000000</point>
				<point>523.000000,925.000000</point>
			</points>
		</object>
		<object>
			<coordinate>pixel</coordinate>
			<type>rectangle</type>
			<description>None</description>
			<possibleresult>
				<name>Small Car</name>
			</possibleresult>
			<points>
				<point>519.000000,917.000000</point>
				<point>502.000000,927.000000</point>
				<point>498.000000,921.000000</point>
				<point>516.000000,912.000000</point>
				<point>519.000000,917.000000</point>
			</points>
		</object>
		<object>
			<coordinate>pixel</coordinate>
			<type>rectangle</type>
			<description>None</description>
			<possibleresult>
				<name>Small Car</name>
			</possibleresult>
			<points>
				<point>515.000000,910.000000</point>
				<point>499.000000,920.000000</point>
				<point>495.000000,913.000000</point>
				<point>512.000000,904.000000</point>
				<point>515.000000,910.000000</point>
			</points>
		</object>
		<object>
			<coordinate>pixel</coordinate>
			<type>rectangle</type>
			<description>None</description>
			<possibleresult>
				<name>Small Car</name>
			</possibleresult>
			<points>
				<point>489.000000,931.000000</point>
				<point>482.000000,935.000000</point>
				<point>473.000000,919.000000</point>
				<point>480.000000,915.000000</point>
				<point>489.000000,931.000000</point>
			</points>
		</object>
		<object>
			<coordinate>pixel</coordinate>
			<type>rectangle</type>
			<description>None</description>
			<possibleresult>
				<name>Small Car</name>
			</possibleresult>
			<points>
				<point>544.000000,952.000000</point>
				<point>524.000000,960.000000</point>
				<point>521.000000,951.000000</point>
				<point>540.000000,942.000000</point>
				<point>544.000000,952.000000</point>
			</points>
		</object>
		<object>
			<coordinate>pixel</coordinate>
			<type>rectangle</type>
			<description>None</description>
			<possibleresult>
				<name>Van</name>
			</possibleresult>
			<points>
				<point>430.000000,908.000000</point>
				<point>421.000000,912.000000</point>
				<point>414.000000,896.000000</point>
				<point>423.000000,892.000000</point>
				<point>430.000000,908.000000</point>
			</points>
		</object>
		<object>
			<coordinate>pixel</coordinate>
			<type>rectangle</type>
			<description>None</description>
			<possibleresult>
				<name>Van</name>
			</possibleresult>
			<points>
				<point>438.000000,929.000000</point>
				<point>421.000000,937.000000</point>
				<point>417.000000,930.000000</point>
				<point>434.000000,922.000000</point>
				<point>438.000000,929.000000</point>
			</points>
		</object>
		<object>
			<coordinate>pixel</coordinate>
			<type>rectangle</type>
			<description>None</description>
			<possibleresult>
				<name>Van</name>
			</possibleresult>
			<points>
				<point>446.000000,935.000000</point>
				<point>432.000000,944.000000</point>
				<point>428.000000,938.000000</point>
				<point>443.000000,930.000000</point>
				<point>446.000000,935.000000</point>
			</points>
		</object>
		<object>
			<coordinate>pixel</coordinate>
			<type>rectangle</type>
			<description>None</description>
			<possibleresult>
				<name>Small Car</name>
			</possibleresult>
			<points>
				<point>484.000000,1000.000000</point>
				<point>472.000000,986.000000</point>
				<point>479.000000,980.000000</point>
				<point>492.000000,995.000000</point>
				<point>484.000000,1000.000000</point>
			</points>
		</object>
		<object>
			<coordinate>pixel</coordinate>
			<type>rectangle</type>
			<description>None</description>
			<possibleresult>
				<name>Small Car</name>
			</possibleresult>
			<points>
				<point>879.000000,898.000000</point>
				<point>872.000000,914.000000</point>
				<point>863.000000,910.000000</point>
				<point>871.000000,895.000000</point>
				<point>879.000000,898.000000</point>
			</points>
		</object>
		<object>
			<coordinate>pixel</coordinate>
			<type>rectangle</type>
			<description>None</description>
			<possibleresult>
				<name>Dump Truck</name>
			</possibleresult>
			<points>
				<point>864.000000,918.000000</point>
				<point>843.000000,934.000000</point>
				<point>837.000000,926.000000</point>
				<point>858.000000,910.000000</point>
				<point>864.000000,918.000000</point>
			</points>
		</object>
		<object>
			<coordinate>pixel</coordinate>
			<type>rectangle</type>
			<description>None</description>
			<possibleresult>
				<name>Dump Truck</name>
			</possibleresult>
			<points>
				<point>874.000000,933.000000</point>
				<point>857.000000,949.000000</point>
				<point>850.000000,942.000000</point>
				<point>868.000000,927.000000</point>
				<point>874.000000,933.000000</point>
			</points>
		</object>
		<object>
			<coordinate>pixel</coordinate>
			<type>rectangle</type>
			<description>None</description>
			<possibleresult>
				<name>Small Car</name>
			</possibleresult>
			<points>
				<point>827.000000,970.000000</point>
				<point>813.000000,982.000000</point>
				<point>807.000000,975.000000</point>
				<point>821.000000,963.000000</point>
				<point>827.000000,970.000000</point>
			</points>
		</object>
		<object>
			<coordinate>pixel</coordinate>
			<type>rectangle</type>
			<description>None</description>
			<possibleresult>
				<name>Small Car</name>
			</possibleresult>
			<points>
				<point>808.000000,957.000000</point>
				<point>794.000000,969.000000</point>
				<point>786.000000,960.000000</point>
				<point>800.000000,948.000000</point>
				<point>808.000000,957.000000</point>
			</points>
		</object>
		<object>
			<coordinate>pixel</coordinate>
			<type>rectangle</type>
			<description>None</description>
			<possibleresult>
				<name>Van</name>
			</possibleresult>
			<points>
				<point>477.000000,960.000000</point>
				<point>460.000000,969.000000</point>
				<point>457.000000,963.000000</point>
				<point>474.000000,954.000000</point>
				<point>477.000000,960.000000</point>
			</points>
		</object>
		<object>
			<coordinate>pixel</coordinate>
			<type>rectangle</type>
			<description>None</description>
			<possibleresult>
				<name>Van</name>
			</possibleresult>
			<points>
				<point>502.000000,907.000000</point>
				<point>482.000000,916.000000</point>
				<point>479.000000,908.000000</point>
				<point>498.000000,898.000000</point>
				<point>502.000000,907.000000</point>
			</points>
		</object>
		<object>
			<coordinate>pixel</coordinate>
			<type>rectangle</type>
			<description>None</description>
			<possibleresult>
				<name>Small Car</name>
			</possibleresult>
			<points>
				<point>405.000000,896.000000</point>
				<point>404.000000,913.000000</point>
				<point>393.000000,913.000000</point>
				<point>394.000000,896.000000</point>
				<point>405.000000,896.000000</point>
			</points>
		</object>
		<object>
			<coordinate>pixel</coordinate>
			<type>rectangle</type>
			<description>None</description>
			<possibleresult>
				<name>Small Car</name>
			</possibleresult>
			<points>
				<point>389.000000,914.000000</point>
				<point>381.000000,914.000000</point>
				<point>381.000000,901.000000</point>
				<point>389.000000,901.000000</point>
				<point>389.000000,914.000000</point>
			</points>
		</object>
		<object>
			<coordinate>pixel</coordinate>
			<type>rectangle</type>
			<description>None</description>
			<possibleresult>
				<name>Van</name>
			</possibleresult>
			<points>
				<point>303.000000,872.000000</point>
				<point>296.000000,876.000000</point>
				<point>287.000000,861.000000</point>
				<point>294.000000,857.000000</point>
				<point>303.000000,872.000000</point>
			</points>
		</object>
		<object>
			<coordinate>pixel</coordinate>
			<type>rectangle</type>
			<description>None</description>
			<possibleresult>
				<name>Small Car</name>
			</possibleresult>
			<points>
				<point>285.000000,862.000000</point>
				<point>276.000000,865.000000</point>
				<point>270.000000,849.000000</point>
				<point>278.000000,845.000000</point>
				<point>285.000000,862.000000</point>
			</points>
		</object>
		<object>
			<coordinate>pixel</coordinate>
			<type>rectangle</type>
			<description>None</description>
			<possibleresult>
				<name>Van</name>
			</possibleresult>
			<points>
				<point>279.000000,895.000000</point>
				<point>259.000000,899.000000</point>
				<point>257.000000,892.000000</point>
				<point>278.000000,889.000000</point>
				<point>279.000000,895.000000</point>
			</points>
		</object>
		<object>
			<coordinate>pixel</coordinate>
			<type>rectangle</type>
			<description>None</description>
			<possibleresult>
				<name>Small Car</name>
			</possibleresult>
			<points>
				<point>274.000000,885.000000</point>
				<point>254.000000,889.000000</point>
				<point>253.000000,881.000000</point>
				<point>272.000000,876.000000</point>
				<point>274.000000,885.000000</point>
			</points>
		</object>
		<object>
			<coordinate>pixel</coordinate>
			<type>rectangle</type>
			<description>None</description>
			<possibleresult>
				<name>Van</name>
			</possibleresult>
			<points>
				<point>318.000000,895.000000</point>
				<point>309.000000,899.000000</point>
				<point>300.000000,881.000000</point>
				<point>308.000000,876.000000</point>
				<point>318.000000,895.000000</point>
			</points>
		</object>
		<object>
			<coordinate>pixel</coordinate>
			<type>rectangle</type>
			<description>None</description>
			<possibleresult>
				<name>Van</name>
			</possibleresult>
			<points>
				<point>418.000000,938.000000</point>
				<point>399.000000,948.000000</point>
				<point>395.000000,941.000000</point>
				<point>414.000000,931.000000</point>
				<point>418.000000,938.000000</point>
			</points>
		</object>
		<object>
			<coordinate>pixel</coordinate>
			<type>rectangle</type>
			<description>None</description>
			<possibleresult>
				<name>Small Car</name>
			</possibleresult>
			<points>
				<point>413.000000,932.000000</point>
				<point>391.000000,942.000000</point>
				<point>388.000000,934.000000</point>
				<point>409.000000,923.000000</point>
				<point>413.000000,932.000000</point>
			</points>
		</object>
		<object>
			<coordinate>pixel</coordinate>
			<type>rectangle</type>
			<description>None</description>
			<possibleresult>
				<name>Small Car</name>
			</possibleresult>
			<points>
				<point>404.000000,926.000000</point>
				<point>388.000000,933.000000</point>
				<point>385.000000,925.000000</point>
				<point>401.000000,918.000000</point>
				<point>404.000000,926.000000</point>
			</points>
		</object>
		<object>
			<coordinate>pixel</coordinate>
			<type>rectangle</type>
			<description>None</description>
			<possibleresult>
				<name>Dump Truck</name>
			</possibleresult>
			<points>
				<point>432.000000,954.000000</point>
				<point>411.000000,964.000000</point>
				<point>406.000000,954.000000</point>
				<point>428.000000,945.000000</point>
				<point>432.000000,954.000000</point>
			</points>
		</object>
		<object>
			<coordinate>pixel</coordinate>
			<type>rectangle</type>
			<description>None</description>
			<possibleresult>
				<name>Van</name>
			</possibleresult>
			<points>
				<point>403.000000,966.000000</point>
				<point>386.000000,974.000000</point>
				<point>383.000000,967.000000</point>
				<point>400.000000,959.000000</point>
				<point>403.000000,966.000000</point>
			</points>
		</object>
		<object>
			<coordinate>pixel</coordinate>
			<type>rectangle</type>
			<description>None</description>
			<possibleresult>
				<name>Van</name>
			</possibleresult>
			<points>
				<point>366.000000,983.000000</point>
				<point>349.000000,989.000000</point>
				<point>346.000000,981.000000</point>
				<point>363.000000,975.000000</point>
				<point>366.000000,983.000000</point>
			</points>
		</object>
		<object>
			<coordinate>pixel</coordinate>
			<type>rectangle</type>
			<description>None</description>
			<possibleresult>
				<name>Small Car</name>
			</possibleresult>
			<points>
				<point>366.000000,992.000000</point>
				<point>348.000000,1000.000000</point>
				<point>344.000000,992.000000</point>
				<point>363.000000,984.000000</point>
				<point>366.000000,992.000000</point>
			</points>
		</object>
		<object>
			<coordinate>pixel</coordinate>
			<type>rectangle</type>
			<description>None</description>
			<possibleresult>
				<name>Dump Truck</name>
			</possibleresult>
			<points>
				<point>352.000000,979.000000</point>
				<point>324.000000,990.000000</point>
				<point>321.000000,981.000000</point>
				<point>348.000000,969.000000</point>
				<point>352.000000,979.000000</point>
			</points>
		</object>
		<object>
			<coordinate>pixel</coordinate>
			<type>rectangle</type>
			<description>None</description>
			<possibleresult>
				<name>Small Car</name>
			</possibleresult>
			<points>
				<point>348.000000,988.000000</point>
				<point>329.000000,997.000000</point>
				<point>326.000000,989.000000</point>
				<point>346.000000,981.000000</point>
				<point>348.000000,988.000000</point>
			</points>
		</object>
		<object>
			<coordinate>pixel</coordinate>
			<type>rectangle</type>
			<description>None</description>
			<possibleresult>
				<name>Motorboat</name>
			</possibleresult>
			<points>
				<point>333.000000,972.000000</point>
				<point>307.000000,981.000000</point>
				<point>304.000000,973.000000</point>
				<point>330.000000,963.000000</point>
				<point>333.000000,972.000000</point>
			</points>
		</object>
		<object>
			<coordinate>pixel</coordinate>
			<type>rectangle</type>
			<description>None</description>
			<possibleresult>
				<name>Dump Truck</name>
			</possibleresult>
			<points>
				<point>325.000000,989.000000</point>
				<point>301.000000,1000.000000</point>
				<point>298.000000,991.000000</point>
				<point>321.000000,981.000000</point>
				<point>325.000000,989.000000</point>
			</points>
		</object>
		<object>
			<coordinate>pixel</coordinate>
			<type>rectangle</type>
			<description>None</description>
			<possibleresult>
				<name>Small Car</name>
			</possibleresult>
			<points>
				<point>305.000000,986.000000</point>
				<point>285.000000,991.000000</point>
				<point>283.000000,984.000000</point>
				<point>303.000000,979.000000</point>
				<point>305.000000,986.000000</point>
			</points>
		</object>
		<object>
			<coordinate>pixel</coordinate>
			<type>rectangle</type>
			<description>None</description>
			<possibleresult>
				<name>Dump Truck</name>
			</possibleresult>
			<points>
				<point>256.000000,945.000000</point>
				<point>231.000000,952.000000</point>
				<point>228.000000,943.000000</point>
				<point>253.000000,936.000000</point>
				<point>256.000000,945.000000</point>
			</points>
		</object>
		<object>
			<coordinate>pixel</coordinate>
			<type>rectangle</type>
			<description>None</description>
			<possibleresult>
				<name>Van</name>
			</possibleresult>
			<points>
				<point>172.000000,941.000000</point>
				<point>147.000000,946.000000</point>
				<point>146.000000,938.000000</point>
				<point>171.000000,933.000000</point>
				<point>172.000000,941.000000</point>
			</points>
		</object>
		<object>
			<coordinate>pixel</coordinate>
			<type>rectangle</type>
			<description>None</description>
			<possibleresult>
				<name>Van</name>
			</possibleresult>
			<points>
				<point>143.000000,949.000000</point>
				<point>116.000000,957.000000</point>
				<point>113.000000,948.000000</point>
				<point>141.000000,941.000000</point>
				<point>143.000000,949.000000</point>
			</points>
		</object>
		<object>
			<coordinate>pixel</coordinate>
			<type>rectangle</type>
			<description>None</description>
			<possibleresult>
				<name>Van</name>
			</possibleresult>
			<points>
				<point>166.000000,993.000000</point>
				<point>147.000000,998.000000</point>
				<point>144.000000,990.000000</point>
				<point>163.000000,985.000000</point>
				<point>166.000000,993.000000</point>
			</points>
		</object>
		<object>
			<coordinate>pixel</coordinate>
			<type>rectangle</type>
			<description>None</description>
			<possibleresult>
				<name>Dump Truck</name>
			</possibleresult>
			<points>
				<point>51.000000,854.000000</point>
				<point>41.000000,858.000000</point>
				<point>32.000000,839.000000</point>
				<point>42.000000,835.000000</point>
				<point>51.000000,854.000000</point>
			</points>
		</object>
		<object>
			<coordinate>pixel</coordinate>
			<type>rectangle</type>
			<description>None</description>
			<possibleresult>
				<name>Small Car</name>
			</possibleresult>
			<points>
				<point>36.000000,887.000000</point>
				<point>27.000000,890.000000</point>
				<point>19.000000,872.000000</point>
				<point>28.000000,869.000000</point>
				<point>36.000000,887.000000</point>
			</points>
		</object>
		<object>
			<coordinate>pixel</coordinate>
			<type>rectangle</type>
			<description>None</description>
			<possibleresult>
				<name>Small Car</name>
			</possibleresult>
			<points>
				<point>28.000000,868.000000</point>
				<point>21.000000,871.000000</point>
				<point>13.000000,854.000000</point>
				<point>20.000000,851.000000</point>
				<point>28.000000,868.000000</point>
			</points>
		</object>
		<object>
			<coordinate>pixel</coordinate>
			<type>rectangle</type>
			<description>None</description>
			<possibleresult>
				<name>Baseball Field</name>
			</possibleresult>
			<points>
				<point>138.000000,358.000000</point>
				<point>0.000000,446.000000</point>
				<point>0.000000,253.000000</point>
				<point>51.000000,221.000000</point>
				<point>138.000000,358.000000</point>
			</points>
		</object>
		<object>
			<coordinate>pixel</coordinate>
			<type>rectangle</type>
			<description>None</description>
			<possibleresult>
				<name>Tennis Court</name>
			</possibleresult>
			<points>
				<point>533.000000,225.000000</point>
				<point>500.000000,255.000000</point>
				<point>430.000000,182.000000</point>
				<point>462.000000,151.000000</point>
				<point>533.000000,225.000000</point>
			</points>
		</object>
		<object>
			<coordinate>pixel</coordinate>
			<type>rectangle</type>
			<description>None</description>
			<possibleresult>
				<name>Cargo Truck</name>
			</possibleresult>
			<points>
				<point>666.000000,905.000000</point>
				<point>658.000000,914.000000</point>
				<point>624.000000,883.000000</point>
				<point>632.000000,874.000000</point>
				<point>666.000000,905.000000</point>
			</points>
		</object>
		<object>
			<coordinate>pixel</coordinate>
			<type>rectangle</type>
			<description>None</description>
			<possibleresult>
				<name>Dump Truck</name>
			</possibleresult>
			<points>
				<point>574.000000,822.000000</point>
				<point>547.000000,834.000000</point>
				<point>543.000000,826.000000</point>
				<point>569.000000,813.000000</point>
				<point>574.000000,822.000000</point>
			</points>
		</object>
		<object>
			<coordinate>pixel</coordinate>
			<type>rectangle</type>
			<description>None</description>
			<possibleresult>
				<name>Van</name>
			</possibleresult>
			<points>
				<point>283.000000,991.000000</point>
				<point>264.000000,997.000000</point>
				<point>261.000000,989.000000</point>
				<point>281.000000,984.000000</point>
				<point>283.000000,991.000000</point>
			</points>
		</object>
		<object>
			<coordinate>pixel</coordinate>
			<type>rectangle</type>
			<description>None</description>
			<possibleresult>
				<name>other-vehicle</name>
			</possibleresult>
			<points>
				<point>527.000000,570.000000</point>
				<point>517.000000,576.000000</point>
				<point>506.000000,558.000000</point>
				<point>515.000000,551.000000</point>
				<point>527.000000,570.000000</point>
			</points>
		</object>
		<object>
			<coordinate>pixel</coordinate>
			<type>rectangle</type>
			<description>None</description>
			<possibleresult>
				<name>Excavator</name>
			</possibleresult>
			<points>
				<point>515.000000,551.000000</point>
				<point>506.000000,556.000000</point>
				<point>498.000000,542.000000</point>
				<point>506.000000,537.000000</point>
				<point>515.000000,551.000000</point>
			</points>
		</object>
		<object>
			<coordinate>pixel</coordinate>
			<type>rectangle</type>
			<description>None</description>
			<possibleresult>
				<name>Dump Truck</name>
			</possibleresult>
			<points>
				<point>499.000000,551.000000</point>
				<point>492.000000,557.000000</point>
				<point>479.000000,541.000000</point>
				<point>486.000000,536.000000</point>
				<point>499.000000,551.000000</point>
			</points>
		</object>
		<object>
			<coordinate>pixel</coordinate>
			<type>rectangle</type>
			<description>None</description>
			<possibleresult>
				<name>Dump Truck</name>
			</possibleresult>
			<points>
				<point>634.000000,634.000000</point>
				<point>628.000000,640.000000</point>
				<point>612.000000,623.000000</point>
				<point>618.000000,617.000000</point>
				<point>634.000000,634.000000</point>
			</points>
		</object>
		<object>
			<coordinate>pixel</coordinate>
			<type>rectangle</type>
			<description>None</description>
			<possibleresult>
				<name>Dump Truck</name>
			</possibleresult>
			<points>
				<point>659.000000,623.000000</point>
				<point>652.000000,629.000000</point>
				<point>639.000000,613.000000</point>
				<point>647.000000,608.000000</point>
				<point>659.000000,623.000000</point>
			</points>
		</object>
	</objects>
</annotation>