<?xml version="1.0" encoding="utf-8"?>
<annotation>
	<source>
		<filename>1394.tif</filename>
		<origin>GF2/GF3</origin>
	</source>
	<research>
		<version>1.0</version>
		<provider>FAIR1M</provider>
		<author>Cyber</author>
		<pluginname>FAIR1M</pluginname>
		<pluginclass>object detection</pluginclass>
		<time>2021-07-21</time>
	</research>
	<size>
		<width>1000</width>
		<height>1000</height>
		<depth>3</depth>
	</size>
	<objects>
		<object>
			<coordinate>pixel</coordinate>
			<type>rectangle</type>
			<description>None</description>
			<possibleresult>
				<name>Intersection</name>
			</possibleresult>
			<points>
				<point>821.000000,802.000000</point>
				<point>723.000000,806.000000</point>
				<point>720.000000,720.000000</point>
				<point>818.000000,716.000000</point>
				<point>821.000000,802.000000</point>
			</points>
		</object>
		<object>
			<coordinate>pixel</coordinate>
			<type>rectangle</type>
			<description>None</description>
			<possibleresult>
				<name>Dump Truck</name>
			</possibleresult>
			<points>
				<point>598.000000,602.000000</point>
				<point>585.000000,602.000000</point>
				<point>585.000000,583.000000</point>
				<point>598.000000,583.000000</point>
				<point>598.000000,602.000000</point>
			</points>
		</object>
		<object>
			<coordinate>pixel</coordinate>
			<type>rectangle</type>
			<description>None</description>
			<possibleresult>
				<name>Dump Truck</name>
			</possibleresult>
			<points>
				<point>599.000000,659.000000</point>
				<point>588.000000,660.000000</point>
				<point>587.000000,643.000000</point>
				<point>598.000000,642.000000</point>
				<point>599.000000,659.000000</point>
			</points>
		</object>
		<object>
			<coordinate>pixel</coordinate>
			<type>rectangle</type>
			<description>None</description>
			<possibleresult>
				<name>Small Car</name>
			</possibleresult>
			<points>
				<point>672.000000,621.000000</point>
				<point>671.000000,642.000000</point>
				<point>658.000000,641.000000</point>
				<point>660.000000,621.000000</point>
				<point>672.000000,621.000000</point>
			</points>
		</object>
		<object>
			<coordinate>pixel</coordinate>
			<type>rectangle</type>
			<description>None</description>
			<possibleresult>
				<name>Van</name>
			</possibleresult>
			<points>
				<point>705.000000,645.000000</point>
				<point>695.000000,645.000000</point>
				<point>695.000000,623.000000</point>
				<point>705.000000,623.000000</point>
				<point>705.000000,645.000000</point>
			</points>
		</object>
		<object>
			<coordinate>pixel</coordinate>
			<type>rectangle</type>
			<description>None</description>
			<possibleresult>
				<name>Small Car</name>
			</possibleresult>
			<points>
				<point>683.000000,583.000000</point>
				<point>682.000000,600.000000</point>
				<point>672.000000,600.000000</point>
				<point>673.000000,583.000000</point>
				<point>683.000000,583.000000</point>
			</points>
		</object>
		<object>
			<coordinate>pixel</coordinate>
			<type>rectangle</type>
			<description>None</description>
			<possibleresult>
				<name>Small Car</name>
			</possibleresult>
			<points>
				<point>35.000000,526.000000</point>
				<point>22.000000,526.000000</point>
				<point>21.000000,507.000000</point>
				<point>34.000000,507.000000</point>
				<point>35.000000,526.000000</point>
			</points>
		</object>
		<object>
			<coordinate>pixel</coordinate>
			<type>rectangle</type>
			<description>None</description>
			<possibleresult>
				<name>Van</name>
			</possibleresult>
			<points>
				<point>43.000000,507.000000</point>
				<point>42.000000,525.000000</point>
				<point>31.000000,524.000000</point>
				<point>32.000000,506.000000</point>
				<point>43.000000,507.000000</point>
			</points>
		</object>
		<object>
			<coordinate>pixel</coordinate>
			<type>rectangle</type>
			<description>None</description>
			<possibleresult>
				<name>Van</name>
			</possibleresult>
			<points>
				<point>57.000000,505.000000</point>
				<point>56.000000,522.000000</point>
				<point>44.000000,521.000000</point>
				<point>46.000000,504.000000</point>
				<point>57.000000,505.000000</point>
			</points>
		</object>
		<object>
			<coordinate>pixel</coordinate>
			<type>rectangle</type>
			<description>None</description>
			<possibleresult>
				<name>Small Car</name>
			</possibleresult>
			<points>
				<point>80.000000,523.000000</point>
				<point>68.000000,524.000000</point>
				<point>67.000000,504.000000</point>
				<point>79.000000,503.000000</point>
				<point>80.000000,523.000000</point>
			</points>
		</object>
		<object>
			<coordinate>pixel</coordinate>
			<type>rectangle</type>
			<description>None</description>
			<possibleresult>
				<name>Small Car</name>
			</possibleresult>
			<points>
				<point>91.000000,565.000000</point>
				<point>79.000000,567.000000</point>
				<point>77.000000,548.000000</point>
				<point>89.000000,546.000000</point>
				<point>91.000000,565.000000</point>
			</points>
		</object>
		<object>
			<coordinate>pixel</coordinate>
			<type>rectangle</type>
			<description>None</description>
			<possibleresult>
				<name>Small Car</name>
			</possibleresult>
			<points>
				<point>66.000000,565.000000</point>
				<point>55.000000,565.000000</point>
				<point>55.000000,547.000000</point>
				<point>66.000000,547.000000</point>
				<point>66.000000,565.000000</point>
			</points>
		</object>
		<object>
			<coordinate>pixel</coordinate>
			<type>rectangle</type>
			<description>None</description>
			<possibleresult>
				<name>Van</name>
			</possibleresult>
			<points>
				<point>35.000000,656.000000</point>
				<point>34.000000,676.000000</point>
				<point>23.000000,676.000000</point>
				<point>24.000000,656.000000</point>
				<point>35.000000,656.000000</point>
			</points>
		</object>
		<object>
			<coordinate>pixel</coordinate>
			<type>rectangle</type>
			<description>None</description>
			<possibleresult>
				<name>Dump Truck</name>
			</possibleresult>
			<points>
				<point>318.000000,568.000000</point>
				<point>306.000000,569.000000</point>
				<point>303.000000,548.000000</point>
				<point>314.000000,546.000000</point>
				<point>318.000000,568.000000</point>
			</points>
		</object>
		<object>
			<coordinate>pixel</coordinate>
			<type>rectangle</type>
			<description>None</description>
			<possibleresult>
				<name>Dump Truck</name>
			</possibleresult>
			<points>
				<point>282.000000,414.000000</point>
				<point>255.000000,414.000000</point>
				<point>255.000000,405.000000</point>
				<point>282.000000,405.000000</point>
				<point>282.000000,414.000000</point>
			</points>
		</object>
		<object>
			<coordinate>pixel</coordinate>
			<type>rectangle</type>
			<description>None</description>
			<possibleresult>
				<name>Van</name>
			</possibleresult>
			<points>
				<point>367.000000,533.000000</point>
				<point>365.000000,556.000000</point>
				<point>355.000000,556.000000</point>
				<point>356.000000,532.000000</point>
				<point>367.000000,533.000000</point>
			</points>
		</object>
		<object>
			<coordinate>pixel</coordinate>
			<type>rectangle</type>
			<description>None</description>
			<possibleresult>
				<name>Dump Truck</name>
			</possibleresult>
			<points>
				<point>372.000000,169.000000</point>
				<point>371.000000,185.000000</point>
				<point>360.000000,184.000000</point>
				<point>362.000000,169.000000</point>
				<point>372.000000,169.000000</point>
			</points>
		</object>
		<object>
			<coordinate>pixel</coordinate>
			<type>rectangle</type>
			<description>None</description>
			<possibleresult>
				<name>Van</name>
			</possibleresult>
			<points>
				<point>297.000000,225.000000</point>
				<point>276.000000,227.000000</point>
				<point>275.000000,218.000000</point>
				<point>297.000000,217.000000</point>
				<point>297.000000,225.000000</point>
			</points>
		</object>
		<object>
			<coordinate>pixel</coordinate>
			<type>rectangle</type>
			<description>None</description>
			<possibleresult>
				<name>Van</name>
			</possibleresult>
			<points>
				<point>295.000000,160.000000</point>
				<point>272.000000,161.000000</point>
				<point>272.000000,154.000000</point>
				<point>294.000000,152.000000</point>
				<point>295.000000,160.000000</point>
			</points>
		</object>
		<object>
			<coordinate>pixel</coordinate>
			<type>rectangle</type>
			<description>None</description>
			<possibleresult>
				<name>Van</name>
			</possibleresult>
			<points>
				<point>420.000000,61.000000</point>
				<point>415.000000,61.000000</point>
				<point>415.000000,50.000000</point>
				<point>420.000000,50.000000</point>
				<point>420.000000,61.000000</point>
			</points>
		</object>
		<object>
			<coordinate>pixel</coordinate>
			<type>rectangle</type>
			<description>None</description>
			<possibleresult>
				<name>Small Car</name>
			</possibleresult>
			<points>
				<point>323.000000,98.000000</point>
				<point>312.000000,100.000000</point>
				<point>309.000000,81.000000</point>
				<point>320.000000,79.000000</point>
				<point>323.000000,98.000000</point>
			</points>
		</object>
		<object>
			<coordinate>pixel</coordinate>
			<type>rectangle</type>
			<description>None</description>
			<possibleresult>
				<name>Small Car</name>
			</possibleresult>
			<points>
				<point>297.000000,69.000000</point>
				<point>297.000000,79.000000</point>
				<point>269.000000,77.000000</point>
				<point>270.000000,68.000000</point>
				<point>297.000000,69.000000</point>
			</points>
		</object>
		<object>
			<coordinate>pixel</coordinate>
			<type>rectangle</type>
			<description>None</description>
			<possibleresult>
				<name>Small Car</name>
			</possibleresult>
			<points>
				<point>802.000000,308.000000</point>
				<point>794.000000,308.000000</point>
				<point>794.000000,298.000000</point>
				<point>802.000000,298.000000</point>
				<point>802.000000,308.000000</point>
			</points>
		</object>
		<object>
			<coordinate>pixel</coordinate>
			<type>rectangle</type>
			<description>None</description>
			<possibleresult>
				<name>Small Car</name>
			</possibleresult>
			<points>
				<point>694.000000,379.000000</point>
				<point>694.000000,387.000000</point>
				<point>674.000000,386.000000</point>
				<point>674.000000,378.000000</point>
				<point>694.000000,379.000000</point>
			</points>
		</object>
		<object>
			<coordinate>pixel</coordinate>
			<type>rectangle</type>
			<description>None</description>
			<possibleresult>
				<name>Small Car</name>
			</possibleresult>
			<points>
				<point>755.000000,374.000000</point>
				<point>745.000000,374.000000</point>
				<point>745.000000,360.000000</point>
				<point>755.000000,360.000000</point>
				<point>755.000000,374.000000</point>
			</points>
		</object>
		<object>
			<coordinate>pixel</coordinate>
			<type>rectangle</type>
			<description>None</description>
			<possibleresult>
				<name>Small Car</name>
			</possibleresult>
			<points>
				<point>756.000000,443.000000</point>
				<point>745.000000,443.000000</point>
				<point>745.000000,429.000000</point>
				<point>756.000000,429.000000</point>
				<point>756.000000,443.000000</point>
			</points>
		</object>
		<object>
			<coordinate>pixel</coordinate>
			<type>rectangle</type>
			<description>None</description>
			<possibleresult>
				<name>Small Car</name>
			</possibleresult>
			<points>
				<point>801.000000,491.000000</point>
				<point>799.000000,509.000000</point>
				<point>788.000000,507.000000</point>
				<point>790.000000,490.000000</point>
				<point>801.000000,491.000000</point>
			</points>
		</object>
		<object>
			<coordinate>pixel</coordinate>
			<type>rectangle</type>
			<description>None</description>
			<possibleresult>
				<name>Small Car</name>
			</possibleresult>
			<points>
				<point>802.000000,527.000000</point>
				<point>791.000000,527.000000</point>
				<point>791.000000,508.000000</point>
				<point>802.000000,508.000000</point>
				<point>802.000000,527.000000</point>
			</points>
		</object>
		<object>
			<coordinate>pixel</coordinate>
			<type>rectangle</type>
			<description>None</description>
			<possibleresult>
				<name>Van</name>
			</possibleresult>
			<points>
				<point>883.000000,570.000000</point>
				<point>882.000000,588.000000</point>
				<point>871.000000,587.000000</point>
				<point>873.000000,569.000000</point>
				<point>883.000000,570.000000</point>
			</points>
		</object>
		<object>
			<coordinate>pixel</coordinate>
			<type>rectangle</type>
			<description>None</description>
			<possibleresult>
				<name>Van</name>
			</possibleresult>
			<points>
				<point>894.000000,570.000000</point>
				<point>893.000000,589.000000</point>
				<point>882.000000,589.000000</point>
				<point>884.000000,569.000000</point>
				<point>894.000000,570.000000</point>
			</points>
		</object>
		<object>
			<coordinate>pixel</coordinate>
			<type>rectangle</type>
			<description>None</description>
			<possibleresult>
				<name>Van</name>
			</possibleresult>
			<points>
				<point>885.000000,539.000000</point>
				<point>874.000000,539.000000</point>
				<point>874.000000,522.000000</point>
				<point>885.000000,522.000000</point>
				<point>885.000000,539.000000</point>
			</points>
		</object>
		<object>
			<coordinate>pixel</coordinate>
			<type>rectangle</type>
			<description>None</description>
			<possibleresult>
				<name>Van</name>
			</possibleresult>
			<points>
				<point>895.000000,520.000000</point>
				<point>893.000000,540.000000</point>
				<point>883.000000,539.000000</point>
				<point>885.000000,519.000000</point>
				<point>895.000000,520.000000</point>
			</points>
		</object>
		<object>
			<coordinate>pixel</coordinate>
			<type>rectangle</type>
			<description>None</description>
			<possibleresult>
				<name>Small Car</name>
			</possibleresult>
			<points>
				<point>905.000000,522.000000</point>
				<point>903.000000,541.000000</point>
				<point>894.000000,540.000000</point>
				<point>897.000000,522.000000</point>
				<point>905.000000,522.000000</point>
			</points>
		</object>
		<object>
			<coordinate>pixel</coordinate>
			<type>rectangle</type>
			<description>None</description>
			<possibleresult>
				<name>Van</name>
			</possibleresult>
			<points>
				<point>872.000000,452.000000</point>
				<point>859.000000,454.000000</point>
				<point>856.000000,436.000000</point>
				<point>869.000000,434.000000</point>
				<point>872.000000,452.000000</point>
			</points>
		</object>
		<object>
			<coordinate>pixel</coordinate>
			<type>rectangle</type>
			<description>None</description>
			<possibleresult>
				<name>Small Car</name>
			</possibleresult>
			<points>
				<point>926.000000,437.000000</point>
				<point>915.000000,440.000000</point>
				<point>911.000000,424.000000</point>
				<point>922.000000,421.000000</point>
				<point>926.000000,437.000000</point>
			</points>
		</object>
		<object>
			<coordinate>pixel</coordinate>
			<type>rectangle</type>
			<description>None</description>
			<possibleresult>
				<name>Van</name>
			</possibleresult>
			<points>
				<point>940.000000,436.000000</point>
				<point>929.000000,442.000000</point>
				<point>920.000000,426.000000</point>
				<point>931.000000,421.000000</point>
				<point>940.000000,436.000000</point>
			</points>
		</object>
		<object>
			<coordinate>pixel</coordinate>
			<type>rectangle</type>
			<description>None</description>
			<possibleresult>
				<name>Small Car</name>
			</possibleresult>
			<points>
				<point>953.000000,367.000000</point>
				<point>933.000000,369.000000</point>
				<point>931.000000,359.000000</point>
				<point>952.000000,357.000000</point>
				<point>953.000000,367.000000</point>
			</points>
		</object>
		<object>
			<coordinate>pixel</coordinate>
			<type>rectangle</type>
			<description>None</description>
			<possibleresult>
				<name>Small Car</name>
			</possibleresult>
			<points>
				<point>911.000000,361.000000</point>
				<point>910.000000,369.000000</point>
				<point>885.000000,367.000000</point>
				<point>886.000000,359.000000</point>
				<point>911.000000,361.000000</point>
			</points>
		</object>
		<object>
			<coordinate>pixel</coordinate>
			<type>rectangle</type>
			<description>None</description>
			<possibleresult>
				<name>Small Car</name>
			</possibleresult>
			<points>
				<point>802.000000,357.000000</point>
				<point>791.000000,357.000000</point>
				<point>790.000000,339.000000</point>
				<point>801.000000,339.000000</point>
				<point>802.000000,357.000000</point>
			</points>
		</object>
		<object>
			<coordinate>pixel</coordinate>
			<type>rectangle</type>
			<description>None</description>
			<possibleresult>
				<name>Van</name>
			</possibleresult>
			<points>
				<point>738.000000,284.000000</point>
				<point>722.000000,284.000000</point>
				<point>722.000000,274.000000</point>
				<point>738.000000,274.000000</point>
				<point>738.000000,284.000000</point>
			</points>
		</object>
		<object>
			<coordinate>pixel</coordinate>
			<type>rectangle</type>
			<description>None</description>
			<possibleresult>
				<name>Van</name>
			</possibleresult>
			<points>
				<point>760.000000,189.000000</point>
				<point>745.000000,189.000000</point>
				<point>745.000000,165.000000</point>
				<point>760.000000,165.000000</point>
				<point>760.000000,189.000000</point>
			</points>
		</object>
		<object>
			<coordinate>pixel</coordinate>
			<type>rectangle</type>
			<description>None</description>
			<possibleresult>
				<name>Van</name>
			</possibleresult>
			<points>
				<point>760.000000,83.000000</point>
				<point>748.000000,84.000000</point>
				<point>746.000000,62.000000</point>
				<point>759.000000,62.000000</point>
				<point>760.000000,83.000000</point>
			</points>
		</object>
		<object>
			<coordinate>pixel</coordinate>
			<type>rectangle</type>
			<description>None</description>
			<possibleresult>
				<name>Dump Truck</name>
			</possibleresult>
			<points>
				<point>405.000000,755.000000</point>
				<point>385.000000,755.000000</point>
				<point>385.000000,746.000000</point>
				<point>405.000000,746.000000</point>
				<point>405.000000,755.000000</point>
			</points>
		</object>
		<object>
			<coordinate>pixel</coordinate>
			<type>rectangle</type>
			<description>None</description>
			<possibleresult>
				<name>Small Car</name>
			</possibleresult>
			<points>
				<point>516.000000,740.000000</point>
				<point>490.000000,742.000000</point>
				<point>489.000000,733.000000</point>
				<point>516.000000,732.000000</point>
				<point>516.000000,740.000000</point>
			</points>
		</object>
		<object>
			<coordinate>pixel</coordinate>
			<type>rectangle</type>
			<description>None</description>
			<possibleresult>
				<name>Small Car</name>
			</possibleresult>
			<points>
				<point>650.000000,743.000000</point>
				<point>650.000000,752.000000</point>
				<point>625.000000,751.000000</point>
				<point>626.000000,741.000000</point>
				<point>650.000000,743.000000</point>
			</points>
		</object>
		<object>
			<coordinate>pixel</coordinate>
			<type>rectangle</type>
			<description>None</description>
			<possibleresult>
				<name>Van</name>
			</possibleresult>
			<points>
				<point>663.000000,806.000000</point>
				<point>643.000000,807.000000</point>
				<point>643.000000,797.000000</point>
				<point>663.000000,796.000000</point>
				<point>663.000000,806.000000</point>
			</points>
		</object>
		<object>
			<coordinate>pixel</coordinate>
			<type>rectangle</type>
			<description>None</description>
			<possibleresult>
				<name>Small Car</name>
			</possibleresult>
			<points>
				<point>807.000000,857.000000</point>
				<point>795.000000,861.000000</point>
				<point>789.000000,842.000000</point>
				<point>802.000000,839.000000</point>
				<point>807.000000,857.000000</point>
			</points>
		</object>
		<object>
			<coordinate>pixel</coordinate>
			<type>rectangle</type>
			<description>None</description>
			<possibleresult>
				<name>Van</name>
			</possibleresult>
			<points>
				<point>827.000000,966.000000</point>
				<point>818.000000,971.000000</point>
				<point>808.000000,950.000000</point>
				<point>817.000000,945.000000</point>
				<point>827.000000,966.000000</point>
			</points>
		</object>
		<object>
			<coordinate>pixel</coordinate>
			<type>rectangle</type>
			<description>None</description>
			<possibleresult>
				<name>Van</name>
			</possibleresult>
			<points>
				<point>111.000000,660.000000</point>
				<point>97.000000,660.000000</point>
				<point>97.000000,652.000000</point>
				<point>111.000000,652.000000</point>
				<point>111.000000,660.000000</point>
			</points>
		</object>
		<object>
			<coordinate>pixel</coordinate>
			<type>rectangle</type>
			<description>None</description>
			<possibleresult>
				<name>Van</name>
			</possibleresult>
			<points>
				<point>720.000000,39.000000</point>
				<point>699.000000,39.000000</point>
				<point>699.000000,31.000000</point>
				<point>720.000000,31.000000</point>
				<point>720.000000,39.000000</point>
			</points>
		</object>
		<object>
			<coordinate>pixel</coordinate>
			<type>rectangle</type>
			<description>None</description>
			<possibleresult>
				<name>Small Car</name>
			</possibleresult>
			<points>
				<point>715.000000,21.000000</point>
				<point>695.000000,21.000000</point>
				<point>695.000000,15.000000</point>
				<point>715.000000,15.000000</point>
				<point>715.000000,21.000000</point>
			</points>
		</object>
		<object>
			<coordinate>pixel</coordinate>
			<type>rectangle</type>
			<description>None</description>
			<possibleresult>
				<name>Van</name>
			</possibleresult>
			<points>
				<point>714.000000,12.000000</point>
				<point>694.000000,12.000000</point>
				<point>694.000000,3.000000</point>
				<point>714.000000,3.000000</point>
				<point>714.000000,12.000000</point>
			</points>
		</object>
	</objects>
</annotation>