<?xml version="1.0" encoding="utf-8"?>
<annotation>
	<source>
		<filename>14.tif</filename>
		<origin>GF2/GF3</origin>
	</source>
	<research>
		<version>1.0</version>
		<provider>FAIR1M</provider>
		<author>Cyber</author>
		<pluginname>FAIR1M</pluginname>
		<pluginclass>object detection</pluginclass>
		<time>2021-07-21</time>
	</research>
	<size>
		<width>1500</width>
		<height>1500</height>
		<depth>3</depth>
	</size>
	<objects>
		<object>
			<coordinate>pixel</coordinate>
			<type>rectangle</type>
			<description>None</description>
			<possibleresult>
				<name>Dry Cargo Ship</name>
			</possibleresult>
			<points>
				<point>784.000000,836.000000</point>
				<point>531.000000,623.000000</point>
				<point>504.000000,655.000000</point>
				<point>757.000000,868.000000</point>
				<point>784.000000,836.000000</point>
			</points>
		</object>
		<object>
			<coordinate>pixel</coordinate>
			<type>rectangle</type>
			<description>None</description>
			<possibleresult>
				<name>Dry Cargo Ship</name>
			</possibleresult>
			<points>
				<point>794.000000,301.000000</point>
				<point>793.000000,545.000000</point>
				<point>836.000000,545.000000</point>
				<point>838.000000,301.000000</point>
				<point>794.000000,301.000000</point>
			</points>
		</object>
		<object>
			<coordinate>pixel</coordinate>
			<type>rectangle</type>
			<description>None</description>
			<possibleresult>
				<name>Dry Cargo Ship</name>
			</possibleresult>
			<points>
				<point>840.000000,247.000000</point>
				<point>843.000000,2.000000</point>
				<point>798.000000,1.000000</point>
				<point>795.000000,246.000000</point>
				<point>840.000000,247.000000</point>
			</points>
		</object>
	</objects>
</annotation>