<?xml version="1.0" encoding="utf-8"?>
<annotation>
	<source>
		<filename>1424.tif</filename>
		<origin>GF2/GF3</origin>
	</source>
	<research>
		<version>1.0</version>
		<provider>FAIR1M</provider>
		<author>Cyber</author>
		<pluginname>FAIR1M</pluginname>
		<pluginclass>object detection</pluginclass>
		<time>2021-07-21</time>
	</research>
	<size>
		<width>1000</width>
		<height>1000</height>
		<depth>3</depth>
	</size>
	<objects>
		<object>
			<coordinate>pixel</coordinate>
			<type>rectangle</type>
			<description>None</description>
			<possibleresult>
				<name>Cargo Truck</name>
			</possibleresult>
			<points>
				<point>289.000000,315.000000</point>
				<point>255.000000,328.000000</point>
				<point>252.000000,318.000000</point>
				<point>285.000000,304.000000</point>
				<point>289.000000,315.000000</point>
			</points>
		</object>
		<object>
			<coordinate>pixel</coordinate>
			<type>rectangle</type>
			<description>None</description>
			<possibleresult>
				<name>Bus</name>
			</possibleresult>
			<points>
				<point>297.000000,323.000000</point>
				<point>266.000000,333.000000</point>
				<point>264.000000,325.000000</point>
				<point>295.000000,316.000000</point>
				<point>297.000000,323.000000</point>
			</points>
		</object>
		<object>
			<coordinate>pixel</coordinate>
			<type>rectangle</type>
			<description>None</description>
			<possibleresult>
				<name>Small Car</name>
			</possibleresult>
			<points>
				<point>593.000000,971.000000</point>
				<point>582.000000,975.000000</point>
				<point>575.000000,959.000000</point>
				<point>586.000000,955.000000</point>
				<point>593.000000,971.000000</point>
			</points>
		</object>
		<object>
			<coordinate>pixel</coordinate>
			<type>rectangle</type>
			<description>None</description>
			<possibleresult>
				<name>Van</name>
			</possibleresult>
			<points>
				<point>981.000000,988.000000</point>
				<point>961.000000,995.000000</point>
				<point>958.000000,989.000000</point>
				<point>978.000000,982.000000</point>
				<point>981.000000,988.000000</point>
			</points>
		</object>
		<object>
			<coordinate>pixel</coordinate>
			<type>rectangle</type>
			<description>None</description>
			<possibleresult>
				<name>Van</name>
			</possibleresult>
			<points>
				<point>950.000000,988.000000</point>
				<point>941.000000,991.000000</point>
				<point>934.000000,974.000000</point>
				<point>943.000000,971.000000</point>
				<point>950.000000,988.000000</point>
			</points>
		</object>
		<object>
			<coordinate>pixel</coordinate>
			<type>rectangle</type>
			<description>None</description>
			<possibleresult>
				<name>Van</name>
			</possibleresult>
			<points>
				<point>972.000000,981.000000</point>
				<point>953.000000,987.000000</point>
				<point>951.000000,980.000000</point>
				<point>970.000000,974.000000</point>
				<point>972.000000,981.000000</point>
			</points>
		</object>
		<object>
			<coordinate>pixel</coordinate>
			<type>rectangle</type>
			<description>None</description>
			<possibleresult>
				<name>Small Car</name>
			</possibleresult>
			<points>
				<point>968.000000,973.000000</point>
				<point>947.000000,978.000000</point>
				<point>946.000000,971.000000</point>
				<point>966.000000,965.000000</point>
				<point>968.000000,973.000000</point>
			</points>
		</object>
		<object>
			<coordinate>pixel</coordinate>
			<type>rectangle</type>
			<description>None</description>
			<possibleresult>
				<name>other-vehicle</name>
			</possibleresult>
			<points>
				<point>961.000000,961.000000</point>
				<point>943.000000,966.000000</point>
				<point>941.000000,960.000000</point>
				<point>958.000000,954.000000</point>
				<point>961.000000,961.000000</point>
			</points>
		</object>
		<object>
			<coordinate>pixel</coordinate>
			<type>rectangle</type>
			<description>None</description>
			<possibleresult>
				<name>Van</name>
			</possibleresult>
			<points>
				<point>738.000000,987.000000</point>
				<point>731.000000,991.000000</point>
				<point>722.000000,975.000000</point>
				<point>730.000000,972.000000</point>
				<point>738.000000,987.000000</point>
			</points>
		</object>
		<object>
			<coordinate>pixel</coordinate>
			<type>rectangle</type>
			<description>None</description>
			<possibleresult>
				<name>Small Car</name>
			</possibleresult>
			<points>
				<point>709.000000,983.000000</point>
				<point>701.000000,987.000000</point>
				<point>694.000000,974.000000</point>
				<point>701.000000,969.000000</point>
				<point>709.000000,983.000000</point>
			</points>
		</object>
		<object>
			<coordinate>pixel</coordinate>
			<type>rectangle</type>
			<description>None</description>
			<possibleresult>
				<name>Intersection</name>
			</possibleresult>
			<points>
				<point>724.000000,958.000000</point>
				<point>689.000000,968.000000</point>
				<point>685.000000,953.000000</point>
				<point>719.000000,942.000000</point>
				<point>724.000000,958.000000</point>
			</points>
		</object>
		<object>
			<coordinate>pixel</coordinate>
			<type>rectangle</type>
			<description>None</description>
			<possibleresult>
				<name>Intersection</name>
			</possibleresult>
			<points>
				<point>906.000000,912.000000</point>
				<point>884.000000,919.000000</point>
				<point>877.000000,899.000000</point>
				<point>900.000000,892.000000</point>
				<point>906.000000,912.000000</point>
			</points>
		</object>
		<object>
			<coordinate>pixel</coordinate>
			<type>rectangle</type>
			<description>None</description>
			<possibleresult>
				<name>Small Car</name>
			</possibleresult>
			<points>
				<point>702.000000,804.000000</point>
				<point>684.000000,811.000000</point>
				<point>682.000000,804.000000</point>
				<point>699.000000,796.000000</point>
				<point>702.000000,804.000000</point>
			</points>
		</object>
		<object>
			<coordinate>pixel</coordinate>
			<type>rectangle</type>
			<description>None</description>
			<possibleresult>
				<name>Small Car</name>
			</possibleresult>
			<points>
				<point>727.000000,798.000000</point>
				<point>707.000000,803.000000</point>
				<point>705.000000,795.000000</point>
				<point>725.000000,790.000000</point>
				<point>727.000000,798.000000</point>
			</points>
		</object>
		<object>
			<coordinate>pixel</coordinate>
			<type>rectangle</type>
			<description>None</description>
			<possibleresult>
				<name>Small Car</name>
			</possibleresult>
			<points>
				<point>752.000000,790.000000</point>
				<point>730.000000,795.000000</point>
				<point>729.000000,787.000000</point>
				<point>751.000000,782.000000</point>
				<point>752.000000,790.000000</point>
			</points>
		</object>
		<object>
			<coordinate>pixel</coordinate>
			<type>rectangle</type>
			<description>None</description>
			<possibleresult>
				<name>Van</name>
			</possibleresult>
			<points>
				<point>790.000000,748.000000</point>
				<point>768.000000,754.000000</point>
				<point>765.000000,745.000000</point>
				<point>787.000000,739.000000</point>
				<point>790.000000,748.000000</point>
			</points>
		</object>
		<object>
			<coordinate>pixel</coordinate>
			<type>rectangle</type>
			<description>None</description>
			<possibleresult>
				<name>Small Car</name>
			</possibleresult>
			<points>
				<point>754.000000,757.000000</point>
				<point>740.000000,760.000000</point>
				<point>739.000000,753.000000</point>
				<point>752.000000,751.000000</point>
				<point>754.000000,757.000000</point>
			</points>
		</object>
		<object>
			<coordinate>pixel</coordinate>
			<type>rectangle</type>
			<description>None</description>
			<possibleresult>
				<name>Intersection</name>
			</possibleresult>
			<points>
				<point>659.000000,812.000000</point>
				<point>617.000000,826.000000</point>
				<point>607.000000,796.000000</point>
				<point>649.000000,782.000000</point>
				<point>659.000000,812.000000</point>
			</points>
		</object>
		<object>
			<coordinate>pixel</coordinate>
			<type>rectangle</type>
			<description>None</description>
			<possibleresult>
				<name>Small Car</name>
			</possibleresult>
			<points>
				<point>991.000000,628.000000</point>
				<point>981.000000,634.000000</point>
				<point>973.000000,620.000000</point>
				<point>983.000000,614.000000</point>
				<point>991.000000,628.000000</point>
			</points>
		</object>
		<object>
			<coordinate>pixel</coordinate>
			<type>rectangle</type>
			<description>None</description>
			<possibleresult>
				<name>Small Car</name>
			</possibleresult>
			<points>
				<point>977.000000,631.000000</point>
				<point>967.000000,635.000000</point>
				<point>959.000000,619.000000</point>
				<point>969.000000,615.000000</point>
				<point>977.000000,631.000000</point>
			</points>
		</object>
		<object>
			<coordinate>pixel</coordinate>
			<type>rectangle</type>
			<description>None</description>
			<possibleresult>
				<name>Small Car</name>
			</possibleresult>
			<points>
				<point>969.000000,611.000000</point>
				<point>959.000000,616.000000</point>
				<point>949.000000,600.000000</point>
				<point>959.000000,595.000000</point>
				<point>969.000000,611.000000</point>
			</points>
		</object>
		<object>
			<coordinate>pixel</coordinate>
			<type>rectangle</type>
			<description>None</description>
			<possibleresult>
				<name>Small Car</name>
			</possibleresult>
			<points>
				<point>959.000000,592.000000</point>
				<point>949.000000,597.000000</point>
				<point>940.000000,581.000000</point>
				<point>949.000000,575.000000</point>
				<point>959.000000,592.000000</point>
			</points>
		</object>
		<object>
			<coordinate>pixel</coordinate>
			<type>rectangle</type>
			<description>None</description>
			<possibleresult>
				<name>Van</name>
			</possibleresult>
			<points>
				<point>950.000000,574.000000</point>
				<point>941.000000,579.000000</point>
				<point>932.000000,563.000000</point>
				<point>940.000000,557.000000</point>
				<point>950.000000,574.000000</point>
			</points>
		</object>
		<object>
			<coordinate>pixel</coordinate>
			<type>rectangle</type>
			<description>None</description>
			<possibleresult>
				<name>Small Car</name>
			</possibleresult>
			<points>
				<point>989.000000,565.000000</point>
				<point>981.000000,569.000000</point>
				<point>974.000000,551.000000</point>
				<point>981.000000,548.000000</point>
				<point>989.000000,565.000000</point>
			</points>
		</object>
		<object>
			<coordinate>pixel</coordinate>
			<type>rectangle</type>
			<description>None</description>
			<possibleresult>
				<name>Small Car</name>
			</possibleresult>
			<points>
				<point>977.000000,544.000000</point>
				<point>969.000000,547.000000</point>
				<point>962.000000,529.000000</point>
				<point>971.000000,527.000000</point>
				<point>977.000000,544.000000</point>
			</points>
		</object>
		<object>
			<coordinate>pixel</coordinate>
			<type>rectangle</type>
			<description>None</description>
			<possibleresult>
				<name>Van</name>
			</possibleresult>
			<points>
				<point>942.000000,554.000000</point>
				<point>931.000000,558.000000</point>
				<point>924.000000,538.000000</point>
				<point>934.000000,535.000000</point>
				<point>942.000000,554.000000</point>
			</points>
		</object>
		<object>
			<coordinate>pixel</coordinate>
			<type>rectangle</type>
			<description>None</description>
			<possibleresult>
				<name>Small Car</name>
			</possibleresult>
			<points>
				<point>930.000000,533.000000</point>
				<point>921.000000,538.000000</point>
				<point>914.000000,522.000000</point>
				<point>923.000000,517.000000</point>
				<point>930.000000,533.000000</point>
			</points>
		</object>
		<object>
			<coordinate>pixel</coordinate>
			<type>rectangle</type>
			<description>None</description>
			<possibleresult>
				<name>Small Car</name>
			</possibleresult>
			<points>
				<point>922.000000,514.000000</point>
				<point>914.000000,517.000000</point>
				<point>907.000000,501.000000</point>
				<point>915.000000,498.000000</point>
				<point>922.000000,514.000000</point>
			</points>
		</object>
		<object>
			<coordinate>pixel</coordinate>
			<type>rectangle</type>
			<description>None</description>
			<possibleresult>
				<name>Van</name>
			</possibleresult>
			<points>
				<point>945.000000,467.000000</point>
				<point>936.000000,471.000000</point>
				<point>927.000000,453.000000</point>
				<point>936.000000,449.000000</point>
				<point>945.000000,467.000000</point>
			</points>
		</object>
		<object>
			<coordinate>pixel</coordinate>
			<type>rectangle</type>
			<description>None</description>
			<possibleresult>
				<name>Small Car</name>
			</possibleresult>
			<points>
				<point>921.000000,475.000000</point>
				<point>909.000000,480.000000</point>
				<point>900.000000,462.000000</point>
				<point>912.000000,457.000000</point>
				<point>921.000000,475.000000</point>
			</points>
		</object>
		<object>
			<coordinate>pixel</coordinate>
			<type>rectangle</type>
			<description>None</description>
			<possibleresult>
				<name>Small Car</name>
			</possibleresult>
			<points>
				<point>904.000000,477.000000</point>
				<point>895.000000,481.000000</point>
				<point>887.000000,462.000000</point>
				<point>897.000000,459.000000</point>
				<point>904.000000,477.000000</point>
			</points>
		</object>
		<object>
			<coordinate>pixel</coordinate>
			<type>rectangle</type>
			<description>None</description>
			<possibleresult>
				<name>Small Car</name>
			</possibleresult>
			<points>
				<point>896.000000,458.000000</point>
				<point>886.000000,463.000000</point>
				<point>877.000000,445.000000</point>
				<point>888.000000,441.000000</point>
				<point>896.000000,458.000000</point>
			</points>
		</object>
		<object>
			<coordinate>pixel</coordinate>
			<type>rectangle</type>
			<description>None</description>
			<possibleresult>
				<name>Small Car</name>
			</possibleresult>
			<points>
				<point>950.000000,486.000000</point>
				<point>942.000000,491.000000</point>
				<point>935.000000,476.000000</point>
				<point>943.000000,471.000000</point>
				<point>950.000000,486.000000</point>
			</points>
		</object>
		<object>
			<coordinate>pixel</coordinate>
			<type>rectangle</type>
			<description>None</description>
			<possibleresult>
				<name>Van</name>
			</possibleresult>
			<points>
				<point>934.000000,445.000000</point>
				<point>923.000000,450.000000</point>
				<point>915.000000,433.000000</point>
				<point>927.000000,429.000000</point>
				<point>934.000000,445.000000</point>
			</points>
		</object>
		<object>
			<coordinate>pixel</coordinate>
			<type>rectangle</type>
			<description>None</description>
			<possibleresult>
				<name>Van</name>
			</possibleresult>
			<points>
				<point>924.000000,429.000000</point>
				<point>915.000000,433.000000</point>
				<point>907.000000,416.000000</point>
				<point>917.000000,413.000000</point>
				<point>924.000000,429.000000</point>
			</points>
		</object>
		<object>
			<coordinate>pixel</coordinate>
			<type>rectangle</type>
			<description>None</description>
			<possibleresult>
				<name>Small Car</name>
			</possibleresult>
			<points>
				<point>883.000000,370.000000</point>
				<point>873.000000,374.000000</point>
				<point>867.000000,359.000000</point>
				<point>877.000000,355.000000</point>
				<point>883.000000,370.000000</point>
			</points>
		</object>
		<object>
			<coordinate>pixel</coordinate>
			<type>rectangle</type>
			<description>None</description>
			<possibleresult>
				<name>Intersection</name>
			</possibleresult>
			<points>
				<point>913.000000,402.000000</point>
				<point>865.000000,423.000000</point>
				<point>833.000000,351.000000</point>
				<point>881.000000,330.000000</point>
				<point>913.000000,402.000000</point>
			</points>
		</object>
		<object>
			<coordinate>pixel</coordinate>
			<type>rectangle</type>
			<description>None</description>
			<possibleresult>
				<name>Small Car</name>
			</possibleresult>
			<points>
				<point>834.000000,425.000000</point>
				<point>817.000000,431.000000</point>
				<point>814.000000,423.000000</point>
				<point>831.000000,417.000000</point>
				<point>834.000000,425.000000</point>
			</points>
		</object>
		<object>
			<coordinate>pixel</coordinate>
			<type>rectangle</type>
			<description>None</description>
			<possibleresult>
				<name>Small Car</name>
			</possibleresult>
			<points>
				<point>973.000000,365.000000</point>
				<point>952.000000,370.000000</point>
				<point>951.000000,363.000000</point>
				<point>972.000000,358.000000</point>
				<point>973.000000,365.000000</point>
			</points>
		</object>
		<object>
			<coordinate>pixel</coordinate>
			<type>rectangle</type>
			<description>None</description>
			<possibleresult>
				<name>Small Car</name>
			</possibleresult>
			<points>
				<point>995.000000,359.000000</point>
				<point>973.000000,364.000000</point>
				<point>972.000000,356.000000</point>
				<point>994.000000,351.000000</point>
				<point>995.000000,359.000000</point>
			</points>
		</object>
		<object>
			<coordinate>pixel</coordinate>
			<type>rectangle</type>
			<description>None</description>
			<possibleresult>
				<name>Small Car</name>
			</possibleresult>
			<points>
				<point>957.000000,389.000000</point>
				<point>938.000000,395.000000</point>
				<point>936.000000,389.000000</point>
				<point>956.000000,384.000000</point>
				<point>957.000000,389.000000</point>
			</points>
		</object>
		<object>
			<coordinate>pixel</coordinate>
			<type>rectangle</type>
			<description>None</description>
			<possibleresult>
				<name>Small Car</name>
			</possibleresult>
			<points>
				<point>881.000000,337.000000</point>
				<point>869.000000,340.000000</point>
				<point>864.000000,323.000000</point>
				<point>876.000000,320.000000</point>
				<point>881.000000,337.000000</point>
			</points>
		</object>
		<object>
			<coordinate>pixel</coordinate>
			<type>rectangle</type>
			<description>None</description>
			<possibleresult>
				<name>Small Car</name>
			</possibleresult>
			<points>
				<point>867.000000,310.000000</point>
				<point>858.000000,313.000000</point>
				<point>851.000000,296.000000</point>
				<point>860.000000,293.000000</point>
				<point>867.000000,310.000000</point>
			</points>
		</object>
		<object>
			<coordinate>pixel</coordinate>
			<type>rectangle</type>
			<description>None</description>
			<possibleresult>
				<name>Small Car</name>
			</possibleresult>
			<points>
				<point>818.000000,290.000000</point>
				<point>809.000000,296.000000</point>
				<point>800.000000,279.000000</point>
				<point>808.000000,274.000000</point>
				<point>818.000000,290.000000</point>
			</points>
		</object>
		<object>
			<coordinate>pixel</coordinate>
			<type>rectangle</type>
			<description>None</description>
			<possibleresult>
				<name>Small Car</name>
			</possibleresult>
			<points>
				<point>851.000000,276.000000</point>
				<point>842.000000,280.000000</point>
				<point>835.000000,265.000000</point>
				<point>844.000000,261.000000</point>
				<point>851.000000,276.000000</point>
			</points>
		</object>
		<object>
			<coordinate>pixel</coordinate>
			<type>rectangle</type>
			<description>None</description>
			<possibleresult>
				<name>Small Car</name>
			</possibleresult>
			<points>
				<point>808.000000,272.000000</point>
				<point>798.000000,276.000000</point>
				<point>792.000000,261.000000</point>
				<point>802.000000,257.000000</point>
				<point>808.000000,272.000000</point>
			</points>
		</object>
		<object>
			<coordinate>pixel</coordinate>
			<type>rectangle</type>
			<description>None</description>
			<possibleresult>
				<name>Van</name>
			</possibleresult>
			<points>
				<point>842.000000,257.000000</point>
				<point>834.000000,261.000000</point>
				<point>827.000000,248.000000</point>
				<point>836.000000,243.000000</point>
				<point>842.000000,257.000000</point>
			</points>
		</object>
		<object>
			<coordinate>pixel</coordinate>
			<type>rectangle</type>
			<description>None</description>
			<possibleresult>
				<name>Small Car</name>
			</possibleresult>
			<points>
				<point>913.000000,39.000000</point>
				<point>892.000000,45.000000</point>
				<point>890.000000,38.000000</point>
				<point>911.000000,32.000000</point>
				<point>913.000000,39.000000</point>
			</points>
		</object>
		<object>
			<coordinate>pixel</coordinate>
			<type>rectangle</type>
			<description>None</description>
			<possibleresult>
				<name>Small Car</name>
			</possibleresult>
			<points>
				<point>921.000000,68.000000</point>
				<point>901.000000,75.000000</point>
				<point>899.000000,68.000000</point>
				<point>918.000000,62.000000</point>
				<point>921.000000,68.000000</point>
			</points>
		</object>
		<object>
			<coordinate>pixel</coordinate>
			<type>rectangle</type>
			<description>None</description>
			<possibleresult>
				<name>Van</name>
			</possibleresult>
			<points>
				<point>893.000000,78.000000</point>
				<point>873.000000,83.000000</point>
				<point>870.000000,74.000000</point>
				<point>890.000000,69.000000</point>
				<point>893.000000,78.000000</point>
			</points>
		</object>
		<object>
			<coordinate>pixel</coordinate>
			<type>rectangle</type>
			<description>None</description>
			<possibleresult>
				<name>Van</name>
			</possibleresult>
			<points>
				<point>758.000000,99.000000</point>
				<point>747.000000,104.000000</point>
				<point>739.000000,89.000000</point>
				<point>751.000000,83.000000</point>
				<point>758.000000,99.000000</point>
			</points>
		</object>
		<object>
			<coordinate>pixel</coordinate>
			<type>rectangle</type>
			<description>None</description>
			<possibleresult>
				<name>Intersection</name>
			</possibleresult>
			<points>
				<point>770.000000,111.000000</point>
				<point>719.000000,126.000000</point>
				<point>707.000000,83.000000</point>
				<point>758.000000,68.000000</point>
				<point>770.000000,111.000000</point>
			</points>
		</object>
		<object>
			<coordinate>pixel</coordinate>
			<type>rectangle</type>
			<description>None</description>
			<possibleresult>
				<name>Bus</name>
			</possibleresult>
			<points>
				<point>572.000000,13.000000</point>
				<point>565.000000,15.000000</point>
				<point>559.000000,0.000000</point>
				<point>566.000000,0.000000</point>
				<point>572.000000,13.000000</point>
			</points>
		</object>
		<object>
			<coordinate>pixel</coordinate>
			<type>rectangle</type>
			<description>None</description>
			<possibleresult>
				<name>other-vehicle</name>
			</possibleresult>
			<points>
				<point>560.000000,15.000000</point>
				<point>551.000000,18.000000</point>
				<point>544.000000,0.000000</point>
				<point>554.000000,0.000000</point>
				<point>560.000000,15.000000</point>
			</points>
		</object>
		<object>
			<coordinate>pixel</coordinate>
			<type>rectangle</type>
			<description>None</description>
			<possibleresult>
				<name>Small Car</name>
			</possibleresult>
			<points>
				<point>548.000000,18.000000</point>
				<point>539.000000,23.000000</point>
				<point>530.000000,7.000000</point>
				<point>538.000000,1.000000</point>
				<point>548.000000,18.000000</point>
			</points>
		</object>
		<object>
			<coordinate>pixel</coordinate>
			<type>rectangle</type>
			<description>None</description>
			<possibleresult>
				<name>Van</name>
			</possibleresult>
			<points>
				<point>563.000000,135.000000</point>
				<point>541.000000,142.000000</point>
				<point>538.000000,134.000000</point>
				<point>561.000000,128.000000</point>
				<point>563.000000,135.000000</point>
			</points>
		</object>
		<object>
			<coordinate>pixel</coordinate>
			<type>rectangle</type>
			<description>None</description>
			<possibleresult>
				<name>Small Car</name>
			</possibleresult>
			<points>
				<point>805.000000,703.000000</point>
				<point>796.000000,708.000000</point>
				<point>786.000000,692.000000</point>
				<point>794.000000,686.000000</point>
				<point>805.000000,703.000000</point>
			</points>
		</object>
		<object>
			<coordinate>pixel</coordinate>
			<type>rectangle</type>
			<description>None</description>
			<possibleresult>
				<name>Small Car</name>
			</possibleresult>
			<points>
				<point>830.000000,667.000000</point>
				<point>802.000000,674.000000</point>
				<point>799.000000,663.000000</point>
				<point>827.000000,656.000000</point>
				<point>830.000000,667.000000</point>
			</points>
		</object>
		<object>
			<coordinate>pixel</coordinate>
			<type>rectangle</type>
			<description>None</description>
			<possibleresult>
				<name>Van</name>
			</possibleresult>
			<points>
				<point>818.000000,652.000000</point>
				<point>798.000000,657.000000</point>
				<point>797.000000,650.000000</point>
				<point>816.000000,644.000000</point>
				<point>818.000000,652.000000</point>
			</points>
		</object>
		<object>
			<coordinate>pixel</coordinate>
			<type>rectangle</type>
			<description>None</description>
			<possibleresult>
				<name>Small Car</name>
			</possibleresult>
			<points>
				<point>801.000000,627.000000</point>
				<point>781.000000,631.000000</point>
				<point>780.000000,624.000000</point>
				<point>799.000000,619.000000</point>
				<point>801.000000,627.000000</point>
			</points>
		</object>
		<object>
			<coordinate>pixel</coordinate>
			<type>rectangle</type>
			<description>None</description>
			<possibleresult>
				<name>Small Car</name>
			</possibleresult>
			<points>
				<point>795.000000,611.000000</point>
				<point>771.000000,616.000000</point>
				<point>770.000000,609.000000</point>
				<point>793.000000,605.000000</point>
				<point>795.000000,611.000000</point>
			</points>
		</object>
		<object>
			<coordinate>pixel</coordinate>
			<type>rectangle</type>
			<description>None</description>
			<possibleresult>
				<name>Van</name>
			</possibleresult>
			<points>
				<point>790.000000,604.000000</point>
				<point>768.000000,611.000000</point>
				<point>766.000000,602.000000</point>
				<point>788.000000,595.000000</point>
				<point>790.000000,604.000000</point>
			</points>
		</object>
		<object>
			<coordinate>pixel</coordinate>
			<type>rectangle</type>
			<description>None</description>
			<possibleresult>
				<name>Small Car</name>
			</possibleresult>
			<points>
				<point>785.000000,592.000000</point>
				<point>765.000000,599.000000</point>
				<point>762.000000,592.000000</point>
				<point>783.000000,586.000000</point>
				<point>785.000000,592.000000</point>
			</points>
		</object>
		<object>
			<coordinate>pixel</coordinate>
			<type>rectangle</type>
			<description>None</description>
			<possibleresult>
				<name>Small Car</name>
			</possibleresult>
			<points>
				<point>782.000000,583.000000</point>
				<point>761.000000,591.000000</point>
				<point>759.000000,585.000000</point>
				<point>779.000000,578.000000</point>
				<point>782.000000,583.000000</point>
			</points>
		</object>
		<object>
			<coordinate>pixel</coordinate>
			<type>rectangle</type>
			<description>None</description>
			<possibleresult>
				<name>Small Car</name>
			</possibleresult>
			<points>
				<point>777.000000,572.000000</point>
				<point>755.000000,579.000000</point>
				<point>753.000000,571.000000</point>
				<point>776.000000,565.000000</point>
				<point>777.000000,572.000000</point>
			</points>
		</object>
		<object>
			<coordinate>pixel</coordinate>
			<type>rectangle</type>
			<description>None</description>
			<possibleresult>
				<name>Small Car</name>
			</possibleresult>
			<points>
				<point>719.000000,634.000000</point>
				<point>711.000000,638.000000</point>
				<point>702.000000,623.000000</point>
				<point>709.000000,618.000000</point>
				<point>719.000000,634.000000</point>
			</points>
		</object>
		<object>
			<coordinate>pixel</coordinate>
			<type>rectangle</type>
			<description>None</description>
			<possibleresult>
				<name>Small Car</name>
			</possibleresult>
			<points>
				<point>300.000000,985.000000</point>
				<point>292.000000,989.000000</point>
				<point>283.000000,971.000000</point>
				<point>292.000000,968.000000</point>
				<point>300.000000,985.000000</point>
			</points>
		</object>
		<object>
			<coordinate>pixel</coordinate>
			<type>rectangle</type>
			<description>None</description>
			<possibleresult>
				<name>Small Car</name>
			</possibleresult>
			<points>
				<point>271.000000,947.000000</point>
				<point>262.000000,948.000000</point>
				<point>260.000000,933.000000</point>
				<point>268.000000,931.000000</point>
				<point>271.000000,947.000000</point>
			</points>
		</object>
		<object>
			<coordinate>pixel</coordinate>
			<type>rectangle</type>
			<description>None</description>
			<possibleresult>
				<name>Small Car</name>
			</possibleresult>
			<points>
				<point>265.000000,916.000000</point>
				<point>241.000000,921.000000</point>
				<point>240.000000,913.000000</point>
				<point>263.000000,907.000000</point>
				<point>265.000000,916.000000</point>
			</points>
		</object>
		<object>
			<coordinate>pixel</coordinate>
			<type>rectangle</type>
			<description>None</description>
			<possibleresult>
				<name>Intersection</name>
			</possibleresult>
			<points>
				<point>272.000000,921.000000</point>
				<point>222.000000,941.000000</point>
				<point>207.000000,902.000000</point>
				<point>256.000000,881.000000</point>
				<point>272.000000,921.000000</point>
			</points>
		</object>
		<object>
			<coordinate>pixel</coordinate>
			<type>rectangle</type>
			<description>None</description>
			<possibleresult>
				<name>Small Car</name>
			</possibleresult>
			<points>
				<point>442.000000,874.000000</point>
				<point>420.000000,880.000000</point>
				<point>419.000000,874.000000</point>
				<point>441.000000,868.000000</point>
				<point>442.000000,874.000000</point>
			</points>
		</object>
		<object>
			<coordinate>pixel</coordinate>
			<type>rectangle</type>
			<description>None</description>
			<possibleresult>
				<name>Small Car</name>
			</possibleresult>
			<points>
				<point>476.000000,868.000000</point>
				<point>452.000000,873.000000</point>
				<point>450.000000,865.000000</point>
				<point>474.000000,860.000000</point>
				<point>476.000000,868.000000</point>
			</points>
		</object>
		<object>
			<coordinate>pixel</coordinate>
			<type>rectangle</type>
			<description>None</description>
			<possibleresult>
				<name>Small Car</name>
			</possibleresult>
			<points>
				<point>395.000000,855.000000</point>
				<point>372.000000,862.000000</point>
				<point>371.000000,856.000000</point>
				<point>393.000000,848.000000</point>
				<point>395.000000,855.000000</point>
			</points>
		</object>
		<object>
			<coordinate>pixel</coordinate>
			<type>rectangle</type>
			<description>None</description>
			<possibleresult>
				<name>Small Car</name>
			</possibleresult>
			<points>
				<point>447.000000,842.000000</point>
				<point>428.000000,846.000000</point>
				<point>427.000000,839.000000</point>
				<point>446.000000,835.000000</point>
				<point>447.000000,842.000000</point>
			</points>
		</object>
		<object>
			<coordinate>pixel</coordinate>
			<type>rectangle</type>
			<description>None</description>
			<possibleresult>
				<name>Small Car</name>
			</possibleresult>
			<points>
				<point>479.000000,833.000000</point>
				<point>458.000000,839.000000</point>
				<point>455.000000,831.000000</point>
				<point>476.000000,825.000000</point>
				<point>479.000000,833.000000</point>
			</points>
		</object>
		<object>
			<coordinate>pixel</coordinate>
			<type>rectangle</type>
			<description>None</description>
			<possibleresult>
				<name>Small Car</name>
			</possibleresult>
			<points>
				<point>500.000000,826.000000</point>
				<point>481.000000,832.000000</point>
				<point>478.000000,825.000000</point>
				<point>497.000000,819.000000</point>
				<point>500.000000,826.000000</point>
			</points>
		</object>
		<object>
			<coordinate>pixel</coordinate>
			<type>rectangle</type>
			<description>None</description>
			<possibleresult>
				<name>Small Car</name>
			</possibleresult>
			<points>
				<point>527.000000,819.000000</point>
				<point>506.000000,824.000000</point>
				<point>504.000000,818.000000</point>
				<point>526.000000,814.000000</point>
				<point>527.000000,819.000000</point>
			</points>
		</object>
		<object>
			<coordinate>pixel</coordinate>
			<type>rectangle</type>
			<description>None</description>
			<possibleresult>
				<name>Small Car</name>
			</possibleresult>
			<points>
				<point>546.000000,814.000000</point>
				<point>528.000000,818.000000</point>
				<point>526.000000,813.000000</point>
				<point>545.000000,808.000000</point>
				<point>546.000000,814.000000</point>
			</points>
		</object>
		<object>
			<coordinate>pixel</coordinate>
			<type>rectangle</type>
			<description>None</description>
			<possibleresult>
				<name>Small Car</name>
			</possibleresult>
			<points>
				<point>604.000000,829.000000</point>
				<point>579.000000,837.000000</point>
				<point>576.000000,829.000000</point>
				<point>602.000000,822.000000</point>
				<point>604.000000,829.000000</point>
			</points>
		</object>
		<object>
			<coordinate>pixel</coordinate>
			<type>rectangle</type>
			<description>None</description>
			<possibleresult>
				<name>Van</name>
			</possibleresult>
			<points>
				<point>586.000000,954.000000</point>
				<point>576.000000,958.000000</point>
				<point>568.000000,941.000000</point>
				<point>578.000000,937.000000</point>
				<point>586.000000,954.000000</point>
			</points>
		</object>
		<object>
			<coordinate>pixel</coordinate>
			<type>rectangle</type>
			<description>None</description>
			<possibleresult>
				<name>Van</name>
			</possibleresult>
			<points>
				<point>631.000000,767.000000</point>
				<point>622.000000,771.000000</point>
				<point>614.000000,754.000000</point>
				<point>624.000000,751.000000</point>
				<point>631.000000,767.000000</point>
			</points>
		</object>
		<object>
			<coordinate>pixel</coordinate>
			<type>rectangle</type>
			<description>None</description>
			<possibleresult>
				<name>Van</name>
			</possibleresult>
			<points>
				<point>595.000000,740.000000</point>
				<point>586.000000,745.000000</point>
				<point>576.000000,728.000000</point>
				<point>584.000000,722.000000</point>
				<point>595.000000,740.000000</point>
			</points>
		</object>
		<object>
			<coordinate>pixel</coordinate>
			<type>rectangle</type>
			<description>None</description>
			<possibleresult>
				<name>Small Car</name>
			</possibleresult>
			<points>
				<point>617.000000,739.000000</point>
				<point>608.000000,742.000000</point>
				<point>602.000000,727.000000</point>
				<point>611.000000,724.000000</point>
				<point>617.000000,739.000000</point>
			</points>
		</object>
		<object>
			<coordinate>pixel</coordinate>
			<type>rectangle</type>
			<description>None</description>
			<possibleresult>
				<name>Van</name>
			</possibleresult>
			<points>
				<point>608.000000,718.000000</point>
				<point>600.000000,723.000000</point>
				<point>591.000000,707.000000</point>
				<point>600.000000,703.000000</point>
				<point>608.000000,718.000000</point>
			</points>
		</object>
		<object>
			<coordinate>pixel</coordinate>
			<type>rectangle</type>
			<description>None</description>
			<possibleresult>
				<name>Van</name>
			</possibleresult>
			<points>
				<point>572.000000,693.000000</point>
				<point>562.000000,697.000000</point>
				<point>555.000000,683.000000</point>
				<point>565.000000,679.000000</point>
				<point>572.000000,693.000000</point>
			</points>
		</object>
		<object>
			<coordinate>pixel</coordinate>
			<type>rectangle</type>
			<description>None</description>
			<possibleresult>
				<name>Intersection</name>
			</possibleresult>
			<points>
				<point>576.000000,653.000000</point>
				<point>547.000000,663.000000</point>
				<point>541.000000,646.000000</point>
				<point>570.000000,636.000000</point>
				<point>576.000000,653.000000</point>
			</points>
		</object>
		<object>
			<coordinate>pixel</coordinate>
			<type>rectangle</type>
			<description>None</description>
			<possibleresult>
				<name>Small Car</name>
			</possibleresult>
			<points>
				<point>722.000000,591.000000</point>
				<point>705.000000,596.000000</point>
				<point>703.000000,590.000000</point>
				<point>721.000000,584.000000</point>
				<point>722.000000,591.000000</point>
			</points>
		</object>
		<object>
			<coordinate>pixel</coordinate>
			<type>rectangle</type>
			<description>None</description>
			<possibleresult>
				<name>Van</name>
			</possibleresult>
			<points>
				<point>706.000000,568.000000</point>
				<point>684.000000,574.000000</point>
				<point>683.000000,566.000000</point>
				<point>705.000000,560.000000</point>
				<point>706.000000,568.000000</point>
			</points>
		</object>
		<object>
			<coordinate>pixel</coordinate>
			<type>rectangle</type>
			<description>None</description>
			<possibleresult>
				<name>Small Car</name>
			</possibleresult>
			<points>
				<point>701.000000,551.000000</point>
				<point>684.000000,555.000000</point>
				<point>682.000000,548.000000</point>
				<point>699.000000,544.000000</point>
				<point>701.000000,551.000000</point>
			</points>
		</object>
		<object>
			<coordinate>pixel</coordinate>
			<type>rectangle</type>
			<description>None</description>
			<possibleresult>
				<name>Small Car</name>
			</possibleresult>
			<points>
				<point>696.000000,502.000000</point>
				<point>679.000000,507.000000</point>
				<point>677.000000,499.000000</point>
				<point>694.000000,494.000000</point>
				<point>696.000000,502.000000</point>
			</points>
		</object>
		<object>
			<coordinate>pixel</coordinate>
			<type>rectangle</type>
			<description>None</description>
			<possibleresult>
				<name>Van</name>
			</possibleresult>
			<points>
				<point>779.000000,529.000000</point>
				<point>754.000000,534.000000</point>
				<point>753.000000,527.000000</point>
				<point>778.000000,522.000000</point>
				<point>779.000000,529.000000</point>
			</points>
		</object>
		<object>
			<coordinate>pixel</coordinate>
			<type>rectangle</type>
			<description>None</description>
			<possibleresult>
				<name>Small Car</name>
			</possibleresult>
			<points>
				<point>758.000000,525.000000</point>
				<point>737.000000,533.000000</point>
				<point>735.000000,527.000000</point>
				<point>755.000000,518.000000</point>
				<point>758.000000,525.000000</point>
			</points>
		</object>
		<object>
			<coordinate>pixel</coordinate>
			<type>rectangle</type>
			<description>None</description>
			<possibleresult>
				<name>Small Car</name>
			</possibleresult>
			<points>
				<point>751.000000,516.000000</point>
				<point>733.000000,519.000000</point>
				<point>732.000000,513.000000</point>
				<point>750.000000,510.000000</point>
				<point>751.000000,516.000000</point>
			</points>
		</object>
		<object>
			<coordinate>pixel</coordinate>
			<type>rectangle</type>
			<description>None</description>
			<possibleresult>
				<name>Van</name>
			</possibleresult>
			<points>
				<point>732.000000,487.000000</point>
				<point>713.000000,492.000000</point>
				<point>711.000000,485.000000</point>
				<point>731.000000,481.000000</point>
				<point>732.000000,487.000000</point>
			</points>
		</object>
		<object>
			<coordinate>pixel</coordinate>
			<type>rectangle</type>
			<description>None</description>
			<possibleresult>
				<name>Van</name>
			</possibleresult>
			<points>
				<point>794.000000,416.000000</point>
				<point>772.000000,422.000000</point>
				<point>771.000000,416.000000</point>
				<point>792.000000,409.000000</point>
				<point>794.000000,416.000000</point>
			</points>
		</object>
		<object>
			<coordinate>pixel</coordinate>
			<type>rectangle</type>
			<description>None</description>
			<possibleresult>
				<name>Small Car</name>
			</possibleresult>
			<points>
				<point>769.000000,423.000000</point>
				<point>747.000000,429.000000</point>
				<point>746.000000,421.000000</point>
				<point>767.000000,416.000000</point>
				<point>769.000000,423.000000</point>
			</points>
		</object>
		<object>
			<coordinate>pixel</coordinate>
			<type>rectangle</type>
			<description>None</description>
			<possibleresult>
				<name>Small Car</name>
			</possibleresult>
			<points>
				<point>781.000000,438.000000</point>
				<point>758.000000,445.000000</point>
				<point>755.000000,437.000000</point>
				<point>779.000000,431.000000</point>
				<point>781.000000,438.000000</point>
			</points>
		</object>
		<object>
			<coordinate>pixel</coordinate>
			<type>rectangle</type>
			<description>None</description>
			<possibleresult>
				<name>Small Car</name>
			</possibleresult>
			<points>
				<point>734.000000,451.000000</point>
				<point>711.000000,456.000000</point>
				<point>710.000000,448.000000</point>
				<point>732.000000,442.000000</point>
				<point>734.000000,451.000000</point>
			</points>
		</object>
		<object>
			<coordinate>pixel</coordinate>
			<type>rectangle</type>
			<description>None</description>
			<possibleresult>
				<name>Van</name>
			</possibleresult>
			<points>
				<point>661.000000,452.000000</point>
				<point>640.000000,457.000000</point>
				<point>639.000000,451.000000</point>
				<point>660.000000,446.000000</point>
				<point>661.000000,452.000000</point>
			</points>
		</object>
		<object>
			<coordinate>pixel</coordinate>
			<type>rectangle</type>
			<description>None</description>
			<possibleresult>
				<name>Van</name>
			</possibleresult>
			<points>
				<point>604.000000,486.000000</point>
				<point>582.000000,490.000000</point>
				<point>580.000000,482.000000</point>
				<point>603.000000,478.000000</point>
				<point>604.000000,486.000000</point>
			</points>
		</object>
		<object>
			<coordinate>pixel</coordinate>
			<type>rectangle</type>
			<description>None</description>
			<possibleresult>
				<name>Small Car</name>
			</possibleresult>
			<points>
				<point>564.000000,479.000000</point>
				<point>542.000000,483.000000</point>
				<point>541.000000,476.000000</point>
				<point>562.000000,471.000000</point>
				<point>564.000000,479.000000</point>
			</points>
		</object>
		<object>
			<coordinate>pixel</coordinate>
			<type>rectangle</type>
			<description>None</description>
			<possibleresult>
				<name>Small Car</name>
			</possibleresult>
			<points>
				<point>443.000000,511.000000</point>
				<point>420.000000,517.000000</point>
				<point>419.000000,509.000000</point>
				<point>442.000000,503.000000</point>
				<point>443.000000,511.000000</point>
			</points>
		</object>
		<object>
			<coordinate>pixel</coordinate>
			<type>rectangle</type>
			<description>None</description>
			<possibleresult>
				<name>Intersection</name>
			</possibleresult>
			<points>
				<point>511.000000,512.000000</point>
				<point>477.000000,523.000000</point>
				<point>467.000000,495.000000</point>
				<point>501.000000,484.000000</point>
				<point>511.000000,512.000000</point>
			</points>
		</object>
		<object>
			<coordinate>pixel</coordinate>
			<type>rectangle</type>
			<description>None</description>
			<possibleresult>
				<name>Van</name>
			</possibleresult>
			<points>
				<point>554.000000,605.000000</point>
				<point>545.000000,608.000000</point>
				<point>538.000000,592.000000</point>
				<point>546.000000,588.000000</point>
				<point>554.000000,605.000000</point>
			</points>
		</object>
		<object>
			<coordinate>pixel</coordinate>
			<type>rectangle</type>
			<description>None</description>
			<possibleresult>
				<name>Van</name>
			</possibleresult>
			<points>
				<point>543.000000,581.000000</point>
				<point>533.000000,586.000000</point>
				<point>525.000000,571.000000</point>
				<point>534.000000,565.000000</point>
				<point>543.000000,581.000000</point>
			</points>
		</object>
		<object>
			<coordinate>pixel</coordinate>
			<type>rectangle</type>
			<description>None</description>
			<possibleresult>
				<name>Van</name>
			</possibleresult>
			<points>
				<point>534.000000,564.000000</point>
				<point>524.000000,568.000000</point>
				<point>517.000000,551.000000</point>
				<point>526.000000,546.000000</point>
				<point>534.000000,564.000000</point>
			</points>
		</object>
		<object>
			<coordinate>pixel</coordinate>
			<type>rectangle</type>
			<description>None</description>
			<possibleresult>
				<name>Van</name>
			</possibleresult>
			<points>
				<point>523.000000,541.000000</point>
				<point>514.000000,545.000000</point>
				<point>507.000000,529.000000</point>
				<point>517.000000,526.000000</point>
				<point>523.000000,541.000000</point>
			</points>
		</object>
		<object>
			<coordinate>pixel</coordinate>
			<type>rectangle</type>
			<description>None</description>
			<possibleresult>
				<name>Van</name>
			</possibleresult>
			<points>
				<point>545.000000,636.000000</point>
				<point>538.000000,639.000000</point>
				<point>530.000000,622.000000</point>
				<point>536.000000,618.000000</point>
				<point>545.000000,636.000000</point>
			</points>
		</object>
		<object>
			<coordinate>pixel</coordinate>
			<type>rectangle</type>
			<description>None</description>
			<possibleresult>
				<name>Small Car</name>
			</possibleresult>
			<points>
				<point>534.000000,615.000000</point>
				<point>528.000000,618.000000</point>
				<point>521.000000,602.000000</point>
				<point>527.000000,599.000000</point>
				<point>534.000000,615.000000</point>
			</points>
		</object>
		<object>
			<coordinate>pixel</coordinate>
			<type>rectangle</type>
			<description>None</description>
			<possibleresult>
				<name>Van</name>
			</possibleresult>
			<points>
				<point>513.000000,568.000000</point>
				<point>507.000000,571.000000</point>
				<point>501.000000,559.000000</point>
				<point>507.000000,556.000000</point>
				<point>513.000000,568.000000</point>
			</points>
		</object>
		<object>
			<coordinate>pixel</coordinate>
			<type>rectangle</type>
			<description>None</description>
			<possibleresult>
				<name>Small Car</name>
			</possibleresult>
			<points>
				<point>524.000000,592.000000</point>
				<point>518.000000,594.000000</point>
				<point>514.000000,585.000000</point>
				<point>519.000000,582.000000</point>
				<point>524.000000,592.000000</point>
			</points>
		</object>
		<object>
			<coordinate>pixel</coordinate>
			<type>rectangle</type>
			<description>None</description>
			<possibleresult>
				<name>Small Car</name>
			</possibleresult>
			<points>
				<point>505.000000,553.000000</point>
				<point>499.000000,555.000000</point>
				<point>494.000000,541.000000</point>
				<point>500.000000,539.000000</point>
				<point>505.000000,553.000000</point>
			</points>
		</object>
		<object>
			<coordinate>pixel</coordinate>
			<type>rectangle</type>
			<description>None</description>
			<possibleresult>
				<name>Small Car</name>
			</possibleresult>
			<points>
				<point>706.000000,293.000000</point>
				<point>702.000000,307.000000</point>
				<point>692.000000,304.000000</point>
				<point>697.000000,291.000000</point>
				<point>706.000000,293.000000</point>
			</points>
		</object>
		<object>
			<coordinate>pixel</coordinate>
			<type>rectangle</type>
			<description>None</description>
			<possibleresult>
				<name>Small Car</name>
			</possibleresult>
			<points>
				<point>683.000000,290.000000</point>
				<point>679.000000,304.000000</point>
				<point>670.000000,301.000000</point>
				<point>673.000000,288.000000</point>
				<point>683.000000,290.000000</point>
			</points>
		</object>
		<object>
			<coordinate>pixel</coordinate>
			<type>rectangle</type>
			<description>None</description>
			<possibleresult>
				<name>Small Car</name>
			</possibleresult>
			<points>
				<point>583.000000,257.000000</point>
				<point>576.000000,261.000000</point>
				<point>567.000000,243.000000</point>
				<point>574.000000,239.000000</point>
				<point>583.000000,257.000000</point>
			</points>
		</object>
		<object>
			<coordinate>pixel</coordinate>
			<type>rectangle</type>
			<description>None</description>
			<possibleresult>
				<name>Small Car</name>
			</possibleresult>
			<points>
				<point>623.000000,255.000000</point>
				<point>612.000000,261.000000</point>
				<point>603.000000,246.000000</point>
				<point>614.000000,240.000000</point>
				<point>623.000000,255.000000</point>
			</points>
		</object>
		<object>
			<coordinate>pixel</coordinate>
			<type>rectangle</type>
			<description>None</description>
			<possibleresult>
				<name>Small Car</name>
			</possibleresult>
			<points>
				<point>651.000000,256.000000</point>
				<point>640.000000,261.000000</point>
				<point>632.000000,244.000000</point>
				<point>644.000000,239.000000</point>
				<point>651.000000,256.000000</point>
			</points>
		</object>
		<object>
			<coordinate>pixel</coordinate>
			<type>rectangle</type>
			<description>None</description>
			<possibleresult>
				<name>Van</name>
			</possibleresult>
			<points>
				<point>666.000000,250.000000</point>
				<point>657.000000,254.000000</point>
				<point>650.000000,241.000000</point>
				<point>659.000000,236.000000</point>
				<point>666.000000,250.000000</point>
			</points>
		</object>
		<object>
			<coordinate>pixel</coordinate>
			<type>rectangle</type>
			<description>None</description>
			<possibleresult>
				<name>Small Car</name>
			</possibleresult>
			<points>
				<point>679.000000,249.000000</point>
				<point>670.000000,252.000000</point>
				<point>664.000000,236.000000</point>
				<point>672.000000,232.000000</point>
				<point>679.000000,249.000000</point>
			</points>
		</object>
		<object>
			<coordinate>pixel</coordinate>
			<type>rectangle</type>
			<description>None</description>
			<possibleresult>
				<name>Small Car</name>
			</possibleresult>
			<points>
				<point>691.000000,239.000000</point>
				<point>683.000000,242.000000</point>
				<point>677.000000,228.000000</point>
				<point>684.000000,224.000000</point>
				<point>691.000000,239.000000</point>
			</points>
		</object>
		<object>
			<coordinate>pixel</coordinate>
			<type>rectangle</type>
			<description>None</description>
			<possibleresult>
				<name>Van</name>
			</possibleresult>
			<points>
				<point>706.000000,236.000000</point>
				<point>696.000000,240.000000</point>
				<point>689.000000,223.000000</point>
				<point>700.000000,220.000000</point>
				<point>706.000000,236.000000</point>
			</points>
		</object>
		<object>
			<coordinate>pixel</coordinate>
			<type>rectangle</type>
			<description>None</description>
			<possibleresult>
				<name>Small Car</name>
			</possibleresult>
			<points>
				<point>310.000000,229.000000</point>
				<point>286.000000,235.000000</point>
				<point>284.000000,225.000000</point>
				<point>308.000000,220.000000</point>
				<point>310.000000,229.000000</point>
			</points>
		</object>
		<object>
			<coordinate>pixel</coordinate>
			<type>rectangle</type>
			<description>None</description>
			<possibleresult>
				<name>Intersection</name>
			</possibleresult>
			<points>
				<point>353.000000,225.000000</point>
				<point>214.000000,259.000000</point>
				<point>205.000000,223.000000</point>
				<point>345.000000,190.000000</point>
				<point>353.000000,225.000000</point>
			</points>
		</object>
		<object>
			<coordinate>pixel</coordinate>
			<type>rectangle</type>
			<description>None</description>
			<possibleresult>
				<name>Van</name>
			</possibleresult>
			<points>
				<point>128.000000,283.000000</point>
				<point>109.000000,287.000000</point>
				<point>107.000000,278.000000</point>
				<point>126.000000,274.000000</point>
				<point>128.000000,283.000000</point>
			</points>
		</object>
		<object>
			<coordinate>pixel</coordinate>
			<type>rectangle</type>
			<description>None</description>
			<possibleresult>
				<name>Van</name>
			</possibleresult>
			<points>
				<point>63.000000,141.000000</point>
				<point>62.000000,146.000000</point>
				<point>41.000000,141.000000</point>
				<point>42.000000,136.000000</point>
				<point>63.000000,141.000000</point>
			</points>
		</object>
		<object>
			<coordinate>pixel</coordinate>
			<type>rectangle</type>
			<description>None</description>
			<possibleresult>
				<name>Van</name>
			</possibleresult>
			<points>
				<point>69.000000,33.000000</point>
				<point>62.000000,40.000000</point>
				<point>43.000000,21.000000</point>
				<point>50.000000,14.000000</point>
				<point>69.000000,33.000000</point>
			</points>
		</object>
		<object>
			<coordinate>pixel</coordinate>
			<type>rectangle</type>
			<description>None</description>
			<possibleresult>
				<name>Van</name>
			</possibleresult>
			<points>
				<point>84.000000,24.000000</point>
				<point>73.000000,32.000000</point>
				<point>58.000000,12.000000</point>
				<point>69.000000,4.000000</point>
				<point>84.000000,24.000000</point>
			</points>
		</object>
		<object>
			<coordinate>pixel</coordinate>
			<type>rectangle</type>
			<description>None</description>
			<possibleresult>
				<name>Small Car</name>
			</possibleresult>
			<points>
				<point>482.000000,448.000000</point>
				<point>474.000000,453.000000</point>
				<point>467.000000,439.000000</point>
				<point>474.000000,435.000000</point>
				<point>482.000000,448.000000</point>
			</points>
		</object>
		<object>
			<coordinate>pixel</coordinate>
			<type>rectangle</type>
			<description>None</description>
			<possibleresult>
				<name>Small Car</name>
			</possibleresult>
			<points>
				<point>469.000000,472.000000</point>
				<point>463.000000,474.000000</point>
				<point>457.000000,463.000000</point>
				<point>462.000000,460.000000</point>
				<point>469.000000,472.000000</point>
			</points>
		</object>
		<object>
			<coordinate>pixel</coordinate>
			<type>rectangle</type>
			<description>None</description>
			<possibleresult>
				<name>Small Car</name>
			</possibleresult>
			<points>
				<point>456.000000,450.000000</point>
				<point>448.000000,452.000000</point>
				<point>443.000000,437.000000</point>
				<point>451.000000,435.000000</point>
				<point>456.000000,450.000000</point>
			</points>
		</object>
		<object>
			<coordinate>pixel</coordinate>
			<type>rectangle</type>
			<description>None</description>
			<possibleresult>
				<name>Van</name>
			</possibleresult>
			<points>
				<point>448.000000,429.000000</point>
				<point>438.000000,434.000000</point>
				<point>430.000000,416.000000</point>
				<point>440.000000,411.000000</point>
				<point>448.000000,429.000000</point>
			</points>
		</object>
		<object>
			<coordinate>pixel</coordinate>
			<type>rectangle</type>
			<description>None</description>
			<possibleresult>
				<name>Small Car</name>
			</possibleresult>
			<points>
				<point>472.000000,430.000000</point>
				<point>463.000000,434.000000</point>
				<point>458.000000,419.000000</point>
				<point>467.000000,415.000000</point>
				<point>472.000000,430.000000</point>
			</points>
		</object>
		<object>
			<coordinate>pixel</coordinate>
			<type>rectangle</type>
			<description>None</description>
			<possibleresult>
				<name>Small Car</name>
			</possibleresult>
			<points>
				<point>466.000000,413.000000</point>
				<point>456.000000,417.000000</point>
				<point>448.000000,400.000000</point>
				<point>458.000000,396.000000</point>
				<point>466.000000,413.000000</point>
			</points>
		</object>
		<object>
			<coordinate>pixel</coordinate>
			<type>rectangle</type>
			<description>None</description>
			<possibleresult>
				<name>Small Car</name>
			</possibleresult>
			<points>
				<point>437.000000,408.000000</point>
				<point>431.000000,412.000000</point>
				<point>420.000000,397.000000</point>
				<point>427.000000,392.000000</point>
				<point>437.000000,408.000000</point>
			</points>
		</object>
		<object>
			<coordinate>pixel</coordinate>
			<type>rectangle</type>
			<description>None</description>
			<possibleresult>
				<name>Dump Truck</name>
			</possibleresult>
			<points>
				<point>360.000000,378.000000</point>
				<point>338.000000,387.000000</point>
				<point>336.000000,379.000000</point>
				<point>358.000000,371.000000</point>
				<point>360.000000,378.000000</point>
			</points>
		</object>
		<object>
			<coordinate>pixel</coordinate>
			<type>rectangle</type>
			<description>None</description>
			<possibleresult>
				<name>Cargo Truck</name>
			</possibleresult>
			<points>
				<point>332.000000,331.000000</point>
				<point>294.000000,348.000000</point>
				<point>290.000000,338.000000</point>
				<point>328.000000,321.000000</point>
				<point>332.000000,331.000000</point>
			</points>
		</object>
		<object>
			<coordinate>pixel</coordinate>
			<type>rectangle</type>
			<description>None</description>
			<possibleresult>
				<name>Van</name>
			</possibleresult>
			<points>
				<point>339.000000,318.000000</point>
				<point>333.000000,325.000000</point>
				<point>314.000000,309.000000</point>
				<point>319.000000,301.000000</point>
				<point>339.000000,318.000000</point>
			</points>
		</object>
		<object>
			<coordinate>pixel</coordinate>
			<type>rectangle</type>
			<description>None</description>
			<possibleresult>
				<name>Van</name>
			</possibleresult>
			<points>
				<point>401.000000,655.000000</point>
				<point>380.000000,662.000000</point>
				<point>377.000000,654.000000</point>
				<point>398.000000,646.000000</point>
				<point>401.000000,655.000000</point>
			</points>
		</object>
		<object>
			<coordinate>pixel</coordinate>
			<type>rectangle</type>
			<description>None</description>
			<possibleresult>
				<name>Small Car</name>
			</possibleresult>
			<points>
				<point>393.000000,638.000000</point>
				<point>368.000000,646.000000</point>
				<point>366.000000,638.000000</point>
				<point>390.000000,631.000000</point>
				<point>393.000000,638.000000</point>
			</points>
		</object>
		<object>
			<coordinate>pixel</coordinate>
			<type>rectangle</type>
			<description>None</description>
			<possibleresult>
				<name>Small Car</name>
			</possibleresult>
			<points>
				<point>343.000000,654.000000</point>
				<point>334.000000,659.000000</point>
				<point>328.000000,648.000000</point>
				<point>337.000000,643.000000</point>
				<point>343.000000,654.000000</point>
			</points>
		</object>
		<object>
			<coordinate>pixel</coordinate>
			<type>rectangle</type>
			<description>None</description>
			<possibleresult>
				<name>Small Car</name>
			</possibleresult>
			<points>
				<point>326.000000,642.000000</point>
				<point>317.000000,648.000000</point>
				<point>308.000000,634.000000</point>
				<point>317.000000,628.000000</point>
				<point>326.000000,642.000000</point>
			</points>
		</object>
		<object>
			<coordinate>pixel</coordinate>
			<type>rectangle</type>
			<description>None</description>
			<possibleresult>
				<name>Van</name>
			</possibleresult>
			<points>
				<point>388.000000,631.000000</point>
				<point>367.000000,637.000000</point>
				<point>365.000000,630.000000</point>
				<point>386.000000,624.000000</point>
				<point>388.000000,631.000000</point>
			</points>
		</object>
		<object>
			<coordinate>pixel</coordinate>
			<type>rectangle</type>
			<description>None</description>
			<possibleresult>
				<name>Small Car</name>
			</possibleresult>
			<points>
				<point>329.000000,602.000000</point>
				<point>319.000000,606.000000</point>
				<point>315.000000,597.000000</point>
				<point>324.000000,592.000000</point>
				<point>329.000000,602.000000</point>
			</points>
		</object>
		<object>
			<coordinate>pixel</coordinate>
			<type>rectangle</type>
			<description>None</description>
			<possibleresult>
				<name>Van</name>
			</possibleresult>
			<points>
				<point>324.000000,782.000000</point>
				<point>308.000000,786.000000</point>
				<point>306.000000,778.000000</point>
				<point>322.000000,774.000000</point>
				<point>324.000000,782.000000</point>
			</points>
		</object>
		<object>
			<coordinate>pixel</coordinate>
			<type>rectangle</type>
			<description>None</description>
			<possibleresult>
				<name>Dump Truck</name>
			</possibleresult>
			<points>
				<point>223.000000,879.000000</point>
				<point>213.000000,883.000000</point>
				<point>205.000000,864.000000</point>
				<point>216.000000,861.000000</point>
				<point>223.000000,879.000000</point>
			</points>
		</object>
		<object>
			<coordinate>pixel</coordinate>
			<type>rectangle</type>
			<description>None</description>
			<possibleresult>
				<name>Van</name>
			</possibleresult>
			<points>
				<point>178.000000,869.000000</point>
				<point>152.000000,875.000000</point>
				<point>151.000000,869.000000</point>
				<point>177.000000,863.000000</point>
				<point>178.000000,869.000000</point>
			</points>
		</object>
		<object>
			<coordinate>pixel</coordinate>
			<type>rectangle</type>
			<description>None</description>
			<possibleresult>
				<name>Van</name>
			</possibleresult>
			<points>
				<point>175.000000,861.000000</point>
				<point>152.000000,865.000000</point>
				<point>150.000000,858.000000</point>
				<point>174.000000,853.000000</point>
				<point>175.000000,861.000000</point>
			</points>
		</object>
		<object>
			<coordinate>pixel</coordinate>
			<type>rectangle</type>
			<description>None</description>
			<possibleresult>
				<name>Dump Truck</name>
			</possibleresult>
			<points>
				<point>170.000000,854.000000</point>
				<point>147.000000,859.000000</point>
				<point>146.000000,852.000000</point>
				<point>169.000000,847.000000</point>
				<point>170.000000,854.000000</point>
			</points>
		</object>
		<object>
			<coordinate>pixel</coordinate>
			<type>rectangle</type>
			<description>None</description>
			<possibleresult>
				<name>Small Car</name>
			</possibleresult>
			<points>
				<point>165.000000,844.000000</point>
				<point>145.000000,851.000000</point>
				<point>144.000000,844.000000</point>
				<point>163.000000,838.000000</point>
				<point>165.000000,844.000000</point>
			</points>
		</object>
		<object>
			<coordinate>pixel</coordinate>
			<type>rectangle</type>
			<description>None</description>
			<possibleresult>
				<name>Van</name>
			</possibleresult>
			<points>
				<point>163.000000,837.000000</point>
				<point>139.000000,844.000000</point>
				<point>137.000000,836.000000</point>
				<point>161.000000,829.000000</point>
				<point>163.000000,837.000000</point>
			</points>
		</object>
		<object>
			<coordinate>pixel</coordinate>
			<type>rectangle</type>
			<description>None</description>
			<possibleresult>
				<name>Van</name>
			</possibleresult>
			<points>
				<point>159.000000,827.000000</point>
				<point>140.000000,832.000000</point>
				<point>139.000000,825.000000</point>
				<point>157.000000,819.000000</point>
				<point>159.000000,827.000000</point>
			</points>
		</object>
		<object>
			<coordinate>pixel</coordinate>
			<type>rectangle</type>
			<description>None</description>
			<possibleresult>
				<name>Van</name>
			</possibleresult>
			<points>
				<point>129.000000,770.000000</point>
				<point>109.000000,775.000000</point>
				<point>108.000000,769.000000</point>
				<point>127.000000,763.000000</point>
				<point>129.000000,770.000000</point>
			</points>
		</object>
		<object>
			<coordinate>pixel</coordinate>
			<type>rectangle</type>
			<description>None</description>
			<possibleresult>
				<name>Van</name>
			</possibleresult>
			<points>
				<point>126.000000,761.000000</point>
				<point>106.000000,765.000000</point>
				<point>105.000000,758.000000</point>
				<point>124.000000,753.000000</point>
				<point>126.000000,761.000000</point>
			</points>
		</object>
		<object>
			<coordinate>pixel</coordinate>
			<type>rectangle</type>
			<description>None</description>
			<possibleresult>
				<name>Van</name>
			</possibleresult>
			<points>
				<point>124.000000,750.000000</point>
				<point>100.000000,755.000000</point>
				<point>98.000000,748.000000</point>
				<point>123.000000,744.000000</point>
				<point>124.000000,750.000000</point>
			</points>
		</object>
		<object>
			<coordinate>pixel</coordinate>
			<type>rectangle</type>
			<description>None</description>
			<possibleresult>
				<name>Van</name>
			</possibleresult>
			<points>
				<point>130.000000,706.000000</point>
				<point>123.000000,710.000000</point>
				<point>114.000000,694.000000</point>
				<point>122.000000,691.000000</point>
				<point>130.000000,706.000000</point>
			</points>
		</object>
		<object>
			<coordinate>pixel</coordinate>
			<type>rectangle</type>
			<description>None</description>
			<possibleresult>
				<name>Small Car</name>
			</possibleresult>
			<points>
				<point>62.000000,671.000000</point>
				<point>52.000000,677.000000</point>
				<point>43.000000,661.000000</point>
				<point>53.000000,655.000000</point>
				<point>62.000000,671.000000</point>
			</points>
		</object>
		<object>
			<coordinate>pixel</coordinate>
			<type>rectangle</type>
			<description>None</description>
			<possibleresult>
				<name>Small Car</name>
			</possibleresult>
			<points>
				<point>32.000000,676.000000</point>
				<point>24.000000,678.000000</point>
				<point>18.000000,661.000000</point>
				<point>26.000000,659.000000</point>
				<point>32.000000,676.000000</point>
			</points>
		</object>
		<object>
			<coordinate>pixel</coordinate>
			<type>rectangle</type>
			<description>None</description>
			<possibleresult>
				<name>Small Car</name>
			</possibleresult>
			<points>
				<point>24.000000,679.000000</point>
				<point>15.000000,683.000000</point>
				<point>7.000000,667.000000</point>
				<point>16.000000,663.000000</point>
				<point>24.000000,679.000000</point>
			</points>
		</object>
		<object>
			<coordinate>pixel</coordinate>
			<type>rectangle</type>
			<description>None</description>
			<possibleresult>
				<name>Van</name>
			</possibleresult>
			<points>
				<point>41.000000,594.000000</point>
				<point>30.000000,601.000000</point>
				<point>14.000000,579.000000</point>
				<point>25.000000,572.000000</point>
				<point>41.000000,594.000000</point>
			</points>
		</object>
		<object>
			<coordinate>pixel</coordinate>
			<type>rectangle</type>
			<description>None</description>
			<possibleresult>
				<name>Small Car</name>
			</possibleresult>
			<points>
				<point>24.000000,540.000000</point>
				<point>0.000000,548.000000</point>
				<point>0.000000,540.000000</point>
				<point>21.000000,532.000000</point>
				<point>24.000000,540.000000</point>
			</points>
		</object>
		<object>
			<coordinate>pixel</coordinate>
			<type>rectangle</type>
			<description>None</description>
			<possibleresult>
				<name>Intersection</name>
			</possibleresult>
			<points>
				<point>129.000000,617.000000</point>
				<point>83.000000,631.000000</point>
				<point>75.000000,606.000000</point>
				<point>122.000000,593.000000</point>
				<point>129.000000,617.000000</point>
			</points>
		</object>
		<object>
			<coordinate>pixel</coordinate>
			<type>rectangle</type>
			<description>None</description>
			<possibleresult>
				<name>Van</name>
			</possibleresult>
			<points>
				<point>75.000000,531.000000</point>
				<point>64.000000,535.000000</point>
				<point>56.000000,515.000000</point>
				<point>66.000000,510.000000</point>
				<point>75.000000,531.000000</point>
			</points>
		</object>
		<object>
			<coordinate>pixel</coordinate>
			<type>rectangle</type>
			<description>None</description>
			<possibleresult>
				<name>Van</name>
			</possibleresult>
			<points>
				<point>139.000000,1000.000000</point>
				<point>136.000000,993.000000</point>
				<point>156.000000,985.000000</point>
				<point>160.000000,993.000000</point>
				<point>139.000000,1000.000000</point>
			</points>
		</object>
		<object>
			<coordinate>pixel</coordinate>
			<type>rectangle</type>
			<description>None</description>
			<possibleresult>
				<name>Van</name>
			</possibleresult>
			<points>
				<point>688.000000,526.000000</point>
				<point>673.000000,531.000000</point>
				<point>671.000000,524.000000</point>
				<point>686.000000,519.000000</point>
				<point>688.000000,526.000000</point>
			</points>
		</object>
		<object>
			<coordinate>pixel</coordinate>
			<type>rectangle</type>
			<description>None</description>
			<possibleresult>
				<name>Intersection</name>
			</possibleresult>
			<points>
				<point>961.000000,59.000000</point>
				<point>941.000000,67.000000</point>
				<point>926.000000,28.000000</point>
				<point>946.000000,20.000000</point>
				<point>961.000000,59.000000</point>
			</points>
		</object>
		<object>
			<coordinate>pixel</coordinate>
			<type>rectangle</type>
			<description>None</description>
			<possibleresult>
				<name>Small Car</name>
			</possibleresult>
			<points>
				<point>20.000000,604.000000</point>
				<point>12.000000,610.000000</point>
				<point>1.000000,593.000000</point>
				<point>9.000000,587.000000</point>
				<point>20.000000,604.000000</point>
			</points>
		</object>
		<object>
			<coordinate>pixel</coordinate>
			<type>rectangle</type>
			<description>None</description>
			<possibleresult>
				<name>Small Car</name>
			</possibleresult>
			<points>
				<point>139.000000,534.000000</point>
				<point>117.000000,540.000000</point>
				<point>115.000000,530.000000</point>
				<point>137.000000,525.000000</point>
				<point>139.000000,534.000000</point>
			</points>
		</object>
	</objects>
</annotation>