<?xml version="1.0" encoding="utf-8"?>
<annotation>
	<source>
		<filename>1431.tif</filename>
		<origin>GF2/GF3</origin>
	</source>
	<research>
		<version>1.0</version>
		<provider>FAIR1M</provider>
		<author>Cyber</author>
		<pluginname>FAIR1M</pluginname>
		<pluginclass>object detection</pluginclass>
		<time>2021-07-21</time>
	</research>
	<size>
		<width>1500</width>
		<height>1500</height>
		<depth>3</depth>
	</size>
	<objects>
		<object>
			<coordinate>pixel</coordinate>
			<type>rectangle</type>
			<description>None</description>
			<possibleresult>
				<name>Liquid Cargo Ship</name>
			</possibleresult>
			<points>
				<point>254.000000,164.000000</point>
				<point>190.000000,134.000000</point>
				<point>182.000000,150.000000</point>
				<point>246.000000,179.000000</point>
				<point>254.000000,164.000000</point>
			</points>
		</object>
		<object>
			<coordinate>pixel</coordinate>
			<type>rectangle</type>
			<description>None</description>
			<possibleresult>
				<name>other-ship</name>
			</possibleresult>
			<points>
				<point>148.000000,1063.000000</point>
				<point>155.000000,1040.000000</point>
				<point>148.000000,1038.000000</point>
				<point>140.000000,1061.000000</point>
				<point>148.000000,1063.000000</point>
			</points>
		</object>
		<object>
			<coordinate>pixel</coordinate>
			<type>rectangle</type>
			<description>None</description>
			<possibleresult>
				<name>other-ship</name>
			</possibleresult>
			<points>
				<point>86.000000,1177.000000</point>
				<point>96.000000,1158.000000</point>
				<point>86.000000,1152.000000</point>
				<point>76.000000,1172.000000</point>
				<point>86.000000,1177.000000</point>
			</points>
		</object>
		<object>
			<coordinate>pixel</coordinate>
			<type>rectangle</type>
			<description>None</description>
			<possibleresult>
				<name>Engineering Ship</name>
			</possibleresult>
			<points>
				<point>940.000000,1036.000000</point>
				<point>935.000000,1058.000000</point>
				<point>946.000000,1061.000000</point>
				<point>951.000000,1039.000000</point>
				<point>940.000000,1036.000000</point>
			</points>
		</object>
	</objects>
</annotation>