<?xml version="1.0" encoding="utf-8"?>
<annotation>
	<source>
		<filename>1454.tif</filename>
		<origin>GF2/GF3</origin>
	</source>
	<research>
		<version>1.0</version>
		<provider>FAIR1M</provider>
		<author>Cyber</author>
		<pluginname>FAIR1M</pluginname>
		<pluginclass>object detection</pluginclass>
		<time>2021-07-21</time>
	</research>
	<size>
		<width>1000</width>
		<height>1000</height>
		<depth>3</depth>
	</size>
	<objects>
		<object>
			<coordinate>pixel</coordinate>
			<type>rectangle</type>
			<description>None</description>
			<possibleresult>
				<name>Intersection</name>
			</possibleresult>
			<points>
				<point>581.000000,250.000000</point>
				<point>552.000000,255.000000</point>
				<point>545.000000,213.000000</point>
				<point>574.000000,208.000000</point>
				<point>581.000000,250.000000</point>
			</points>
		</object>
		<object>
			<coordinate>pixel</coordinate>
			<type>rectangle</type>
			<description>None</description>
			<possibleresult>
				<name>Football Field</name>
			</possibleresult>
			<points>
				<point>926.000000,953.000000</point>
				<point>777.000000,956.000000</point>
				<point>774.000000,758.000000</point>
				<point>923.000000,755.000000</point>
				<point>926.000000,953.000000</point>
			</points>
		</object>
		<object>
			<coordinate>pixel</coordinate>
			<type>rectangle</type>
			<description>None</description>
			<possibleresult>
				<name>Intersection</name>
			</possibleresult>
			<points>
				<point>274.000000,767.000000</point>
				<point>271.000000,777.000000</point>
				<point>233.000000,767.000000</point>
				<point>235.000000,756.000000</point>
				<point>274.000000,767.000000</point>
			</points>
		</object>
		<object>
			<coordinate>pixel</coordinate>
			<type>rectangle</type>
			<description>None</description>
			<possibleresult>
				<name>Van</name>
			</possibleresult>
			<points>
				<point>613.000000,549.000000</point>
				<point>606.000000,549.000000</point>
				<point>605.000000,535.000000</point>
				<point>612.000000,534.000000</point>
				<point>613.000000,549.000000</point>
			</points>
		</object>
		<object>
			<coordinate>pixel</coordinate>
			<type>rectangle</type>
			<description>None</description>
			<possibleresult>
				<name>Van</name>
			</possibleresult>
			<points>
				<point>578.000000,348.000000</point>
				<point>571.000000,349.000000</point>
				<point>569.000000,337.000000</point>
				<point>577.000000,337.000000</point>
				<point>578.000000,348.000000</point>
			</points>
		</object>
		<object>
			<coordinate>pixel</coordinate>
			<type>rectangle</type>
			<description>None</description>
			<possibleresult>
				<name>Van</name>
			</possibleresult>
			<points>
				<point>829.000000,422.000000</point>
				<point>821.000000,424.000000</point>
				<point>817.000000,408.000000</point>
				<point>825.000000,406.000000</point>
				<point>829.000000,422.000000</point>
			</points>
		</object>
		<object>
			<coordinate>pixel</coordinate>
			<type>rectangle</type>
			<description>None</description>
			<possibleresult>
				<name>Van</name>
			</possibleresult>
			<points>
				<point>807.000000,423.000000</point>
				<point>800.000000,424.000000</point>
				<point>797.000000,409.000000</point>
				<point>803.000000,407.000000</point>
				<point>807.000000,423.000000</point>
			</points>
		</object>
		<object>
			<coordinate>pixel</coordinate>
			<type>rectangle</type>
			<description>None</description>
			<possibleresult>
				<name>Small Car</name>
			</possibleresult>
			<points>
				<point>798.000000,424.000000</point>
				<point>789.000000,425.000000</point>
				<point>785.000000,408.000000</point>
				<point>795.000000,406.000000</point>
				<point>798.000000,424.000000</point>
			</points>
		</object>
		<object>
			<coordinate>pixel</coordinate>
			<type>rectangle</type>
			<description>None</description>
			<possibleresult>
				<name>Van</name>
			</possibleresult>
			<points>
				<point>778.000000,424.000000</point>
				<point>770.000000,426.000000</point>
				<point>766.000000,413.000000</point>
				<point>774.000000,411.000000</point>
				<point>778.000000,424.000000</point>
			</points>
		</object>
		<object>
			<coordinate>pixel</coordinate>
			<type>rectangle</type>
			<description>None</description>
			<possibleresult>
				<name>Van</name>
			</possibleresult>
			<points>
				<point>769.000000,428.000000</point>
				<point>761.000000,430.000000</point>
				<point>757.000000,414.000000</point>
				<point>765.000000,412.000000</point>
				<point>769.000000,428.000000</point>
			</points>
		</object>
		<object>
			<coordinate>pixel</coordinate>
			<type>rectangle</type>
			<description>None</description>
			<possibleresult>
				<name>Van</name>
			</possibleresult>
			<points>
				<point>759.000000,429.000000</point>
				<point>751.000000,431.000000</point>
				<point>747.000000,414.000000</point>
				<point>756.000000,413.000000</point>
				<point>759.000000,429.000000</point>
			</points>
		</object>
		<object>
			<coordinate>pixel</coordinate>
			<type>rectangle</type>
			<description>None</description>
			<possibleresult>
				<name>Van</name>
			</possibleresult>
			<points>
				<point>717.000000,434.000000</point>
				<point>709.000000,434.000000</point>
				<point>708.000000,419.000000</point>
				<point>716.000000,419.000000</point>
				<point>717.000000,434.000000</point>
			</points>
		</object>
		<object>
			<coordinate>pixel</coordinate>
			<type>rectangle</type>
			<description>None</description>
			<possibleresult>
				<name>Van</name>
			</possibleresult>
			<points>
				<point>729.000000,433.000000</point>
				<point>721.000000,434.000000</point>
				<point>718.000000,414.000000</point>
				<point>725.000000,412.000000</point>
				<point>729.000000,433.000000</point>
			</points>
		</object>
		<object>
			<coordinate>pixel</coordinate>
			<type>rectangle</type>
			<description>None</description>
			<possibleresult>
				<name>Van</name>
			</possibleresult>
			<points>
				<point>738.000000,430.000000</point>
				<point>730.000000,431.000000</point>
				<point>728.000000,416.000000</point>
				<point>736.000000,415.000000</point>
				<point>738.000000,430.000000</point>
			</points>
		</object>
		<object>
			<coordinate>pixel</coordinate>
			<type>rectangle</type>
			<description>None</description>
			<possibleresult>
				<name>Van</name>
			</possibleresult>
			<points>
				<point>748.000000,430.000000</point>
				<point>740.000000,431.000000</point>
				<point>739.000000,417.000000</point>
				<point>747.000000,416.000000</point>
				<point>748.000000,430.000000</point>
			</points>
		</object>
		<object>
			<coordinate>pixel</coordinate>
			<type>rectangle</type>
			<description>None</description>
			<possibleresult>
				<name>Van</name>
			</possibleresult>
			<points>
				<point>718.000000,484.000000</point>
				<point>712.000000,486.000000</point>
				<point>710.000000,474.000000</point>
				<point>716.000000,472.000000</point>
				<point>718.000000,484.000000</point>
			</points>
		</object>
		<object>
			<coordinate>pixel</coordinate>
			<type>rectangle</type>
			<description>None</description>
			<possibleresult>
				<name>Van</name>
			</possibleresult>
			<points>
				<point>741.000000,483.000000</point>
				<point>732.000000,485.000000</point>
				<point>729.000000,469.000000</point>
				<point>737.000000,468.000000</point>
				<point>741.000000,483.000000</point>
			</points>
		</object>
		<object>
			<coordinate>pixel</coordinate>
			<type>rectangle</type>
			<description>None</description>
			<possibleresult>
				<name>Van</name>
			</possibleresult>
			<points>
				<point>825.000000,471.000000</point>
				<point>817.000000,471.000000</point>
				<point>816.000000,458.000000</point>
				<point>823.000000,457.000000</point>
				<point>825.000000,471.000000</point>
			</points>
		</object>
		<object>
			<coordinate>pixel</coordinate>
			<type>rectangle</type>
			<description>None</description>
			<possibleresult>
				<name>Small Car</name>
			</possibleresult>
			<points>
				<point>837.000000,472.000000</point>
				<point>827.000000,473.000000</point>
				<point>826.000000,459.000000</point>
				<point>836.000000,458.000000</point>
				<point>837.000000,472.000000</point>
			</points>
		</object>
		<object>
			<coordinate>pixel</coordinate>
			<type>rectangle</type>
			<description>None</description>
			<possibleresult>
				<name>Small Car</name>
			</possibleresult>
			<points>
				<point>822.000000,453.000000</point>
				<point>816.000000,455.000000</point>
				<point>813.000000,441.000000</point>
				<point>820.000000,440.000000</point>
				<point>822.000000,453.000000</point>
			</points>
		</object>
		<object>
			<coordinate>pixel</coordinate>
			<type>rectangle</type>
			<description>None</description>
			<possibleresult>
				<name>Van</name>
			</possibleresult>
			<points>
				<point>811.000000,457.000000</point>
				<point>804.000000,458.000000</point>
				<point>801.000000,441.000000</point>
				<point>809.000000,441.000000</point>
				<point>811.000000,457.000000</point>
			</points>
		</object>
		<object>
			<coordinate>pixel</coordinate>
			<type>rectangle</type>
			<description>None</description>
			<possibleresult>
				<name>Small Car</name>
			</possibleresult>
			<points>
				<point>801.000000,455.000000</point>
				<point>792.000000,456.000000</point>
				<point>790.000000,443.000000</point>
				<point>799.000000,442.000000</point>
				<point>801.000000,455.000000</point>
			</points>
		</object>
		<object>
			<coordinate>pixel</coordinate>
			<type>rectangle</type>
			<description>None</description>
			<possibleresult>
				<name>Small Car</name>
			</possibleresult>
			<points>
				<point>791.000000,459.000000</point>
				<point>783.000000,461.000000</point>
				<point>779.000000,443.000000</point>
				<point>788.000000,441.000000</point>
				<point>791.000000,459.000000</point>
			</points>
		</object>
		<object>
			<coordinate>pixel</coordinate>
			<type>rectangle</type>
			<description>None</description>
			<possibleresult>
				<name>Van</name>
			</possibleresult>
			<points>
				<point>781.000000,460.000000</point>
				<point>772.000000,461.000000</point>
				<point>769.000000,444.000000</point>
				<point>778.000000,443.000000</point>
				<point>781.000000,460.000000</point>
			</points>
		</object>
		<object>
			<coordinate>pixel</coordinate>
			<type>rectangle</type>
			<description>None</description>
			<possibleresult>
				<name>Small Car</name>
			</possibleresult>
			<points>
				<point>762.000000,463.000000</point>
				<point>753.000000,464.000000</point>
				<point>751.000000,448.000000</point>
				<point>759.000000,446.000000</point>
				<point>762.000000,463.000000</point>
			</points>
		</object>
		<object>
			<coordinate>pixel</coordinate>
			<type>rectangle</type>
			<description>None</description>
			<possibleresult>
				<name>Small Car</name>
			</possibleresult>
			<points>
				<point>752.000000,464.000000</point>
				<point>744.000000,466.000000</point>
				<point>741.000000,450.000000</point>
				<point>749.000000,448.000000</point>
				<point>752.000000,464.000000</point>
			</points>
		</object>
		<object>
			<coordinate>pixel</coordinate>
			<type>rectangle</type>
			<description>None</description>
			<possibleresult>
				<name>Van</name>
			</possibleresult>
			<points>
				<point>740.000000,466.000000</point>
				<point>732.000000,467.000000</point>
				<point>730.000000,451.000000</point>
				<point>738.000000,450.000000</point>
				<point>740.000000,466.000000</point>
			</points>
		</object>
		<object>
			<coordinate>pixel</coordinate>
			<type>rectangle</type>
			<description>None</description>
			<possibleresult>
				<name>Van</name>
			</possibleresult>
			<points>
				<point>730.000000,465.000000</point>
				<point>722.000000,466.000000</point>
				<point>719.000000,450.000000</point>
				<point>727.000000,449.000000</point>
				<point>730.000000,465.000000</point>
			</points>
		</object>
		<object>
			<coordinate>pixel</coordinate>
			<type>rectangle</type>
			<description>None</description>
			<possibleresult>
				<name>Small Car</name>
			</possibleresult>
			<points>
				<point>721.000000,469.000000</point>
				<point>713.000000,470.000000</point>
				<point>710.000000,452.000000</point>
				<point>717.000000,450.000000</point>
				<point>721.000000,469.000000</point>
			</points>
		</object>
		<object>
			<coordinate>pixel</coordinate>
			<type>rectangle</type>
			<description>None</description>
			<possibleresult>
				<name>Van</name>
			</possibleresult>
			<points>
				<point>708.000000,469.000000</point>
				<point>699.000000,470.000000</point>
				<point>698.000000,453.000000</point>
				<point>707.000000,452.000000</point>
				<point>708.000000,469.000000</point>
			</points>
		</object>
		<object>
			<coordinate>pixel</coordinate>
			<type>rectangle</type>
			<description>None</description>
			<possibleresult>
				<name>Van</name>
			</possibleresult>
			<points>
				<point>635.000000,429.000000</point>
				<point>617.000000,429.000000</point>
				<point>617.000000,421.000000</point>
				<point>635.000000,421.000000</point>
				<point>635.000000,429.000000</point>
			</points>
		</object>
		<object>
			<coordinate>pixel</coordinate>
			<type>rectangle</type>
			<description>None</description>
			<possibleresult>
				<name>Small Car</name>
			</possibleresult>
			<points>
				<point>681.000000,208.000000</point>
				<point>660.000000,213.000000</point>
				<point>658.000000,204.000000</point>
				<point>679.000000,199.000000</point>
				<point>681.000000,208.000000</point>
			</points>
		</object>
		<object>
			<coordinate>pixel</coordinate>
			<type>rectangle</type>
			<description>None</description>
			<possibleresult>
				<name>Small Car</name>
			</possibleresult>
			<points>
				<point>678.000000,216.000000</point>
				<point>664.000000,219.000000</point>
				<point>663.000000,212.000000</point>
				<point>678.000000,210.000000</point>
				<point>678.000000,216.000000</point>
			</points>
		</object>
		<object>
			<coordinate>pixel</coordinate>
			<type>rectangle</type>
			<description>None</description>
			<possibleresult>
				<name>Van</name>
			</possibleresult>
			<points>
				<point>680.000000,225.000000</point>
				<point>664.000000,227.000000</point>
				<point>664.000000,221.000000</point>
				<point>679.000000,218.000000</point>
				<point>680.000000,225.000000</point>
			</points>
		</object>
		<object>
			<coordinate>pixel</coordinate>
			<type>rectangle</type>
			<description>None</description>
			<possibleresult>
				<name>Van</name>
			</possibleresult>
			<points>
				<point>687.000000,250.000000</point>
				<point>668.000000,251.000000</point>
				<point>668.000000,244.000000</point>
				<point>686.000000,242.000000</point>
				<point>687.000000,250.000000</point>
			</points>
		</object>
		<object>
			<coordinate>pixel</coordinate>
			<type>rectangle</type>
			<description>None</description>
			<possibleresult>
				<name>Van</name>
			</possibleresult>
			<points>
				<point>760.000000,279.000000</point>
				<point>741.000000,280.000000</point>
				<point>741.000000,274.000000</point>
				<point>760.000000,273.000000</point>
				<point>760.000000,279.000000</point>
			</points>
		</object>
		<object>
			<coordinate>pixel</coordinate>
			<type>rectangle</type>
			<description>None</description>
			<possibleresult>
				<name>Van</name>
			</possibleresult>
			<points>
				<point>864.000000,294.000000</point>
				<point>855.000000,295.000000</point>
				<point>853.000000,277.000000</point>
				<point>861.000000,277.000000</point>
				<point>864.000000,294.000000</point>
			</points>
		</object>
		<object>
			<coordinate>pixel</coordinate>
			<type>rectangle</type>
			<description>None</description>
			<possibleresult>
				<name>Van</name>
			</possibleresult>
			<points>
				<point>760.000000,297.000000</point>
				<point>742.000000,298.000000</point>
				<point>741.000000,293.000000</point>
				<point>759.000000,292.000000</point>
				<point>760.000000,297.000000</point>
			</points>
		</object>
		<object>
			<coordinate>pixel</coordinate>
			<type>rectangle</type>
			<description>None</description>
			<possibleresult>
				<name>Van</name>
			</possibleresult>
			<points>
				<point>652.000000,130.000000</point>
				<point>637.000000,138.000000</point>
				<point>633.000000,131.000000</point>
				<point>649.000000,124.000000</point>
				<point>652.000000,130.000000</point>
			</points>
		</object>
		<object>
			<coordinate>pixel</coordinate>
			<type>rectangle</type>
			<description>None</description>
			<possibleresult>
				<name>Van</name>
			</possibleresult>
			<points>
				<point>698.000000,77.000000</point>
				<point>695.000000,82.000000</point>
				<point>681.000000,75.000000</point>
				<point>685.000000,69.000000</point>
				<point>698.000000,77.000000</point>
			</points>
		</object>
		<object>
			<coordinate>pixel</coordinate>
			<type>rectangle</type>
			<description>None</description>
			<possibleresult>
				<name>Small Car</name>
			</possibleresult>
			<points>
				<point>704.000000,87.000000</point>
				<point>700.000000,94.000000</point>
				<point>685.000000,86.000000</point>
				<point>688.000000,79.000000</point>
				<point>704.000000,87.000000</point>
			</points>
		</object>
		<object>
			<coordinate>pixel</coordinate>
			<type>rectangle</type>
			<description>None</description>
			<possibleresult>
				<name>Small Car</name>
			</possibleresult>
			<points>
				<point>796.000000,70.000000</point>
				<point>789.000000,72.000000</point>
				<point>785.000000,58.000000</point>
				<point>792.000000,56.000000</point>
				<point>796.000000,70.000000</point>
			</points>
		</object>
		<object>
			<coordinate>pixel</coordinate>
			<type>rectangle</type>
			<description>None</description>
			<possibleresult>
				<name>Small Car</name>
			</possibleresult>
			<points>
				<point>819.000000,65.000000</point>
				<point>813.000000,67.000000</point>
				<point>808.000000,53.000000</point>
				<point>815.000000,52.000000</point>
				<point>819.000000,65.000000</point>
			</points>
		</object>
		<object>
			<coordinate>pixel</coordinate>
			<type>rectangle</type>
			<description>None</description>
			<possibleresult>
				<name>Small Car</name>
			</possibleresult>
			<points>
				<point>827.000000,62.000000</point>
				<point>819.000000,65.000000</point>
				<point>814.000000,46.000000</point>
				<point>821.000000,44.000000</point>
				<point>827.000000,62.000000</point>
			</points>
		</object>
		<object>
			<coordinate>pixel</coordinate>
			<type>rectangle</type>
			<description>None</description>
			<possibleresult>
				<name>Small Car</name>
			</possibleresult>
			<points>
				<point>860.000000,56.000000</point>
				<point>851.000000,58.000000</point>
				<point>847.000000,42.000000</point>
				<point>855.000000,39.000000</point>
				<point>860.000000,56.000000</point>
			</points>
		</object>
		<object>
			<coordinate>pixel</coordinate>
			<type>rectangle</type>
			<description>None</description>
			<possibleresult>
				<name>Van</name>
			</possibleresult>
			<points>
				<point>649.000000,851.000000</point>
				<point>641.000000,851.000000</point>
				<point>641.000000,838.000000</point>
				<point>649.000000,838.000000</point>
				<point>649.000000,851.000000</point>
			</points>
		</object>
		<object>
			<coordinate>pixel</coordinate>
			<type>rectangle</type>
			<description>None</description>
			<possibleresult>
				<name>Van</name>
			</possibleresult>
			<points>
				<point>632.000000,705.000000</point>
				<point>626.000000,706.000000</point>
				<point>623.000000,693.000000</point>
				<point>630.000000,691.000000</point>
				<point>632.000000,705.000000</point>
			</points>
		</object>
		<object>
			<coordinate>pixel</coordinate>
			<type>rectangle</type>
			<description>None</description>
			<possibleresult>
				<name>Small Car</name>
			</possibleresult>
			<points>
				<point>269.000000,15.000000</point>
				<point>251.000000,19.000000</point>
				<point>250.000000,13.000000</point>
				<point>267.000000,9.000000</point>
				<point>269.000000,15.000000</point>
			</points>
		</object>
		<object>
			<coordinate>pixel</coordinate>
			<type>rectangle</type>
			<description>None</description>
			<possibleresult>
				<name>Small Car</name>
			</possibleresult>
			<points>
				<point>272.000000,24.000000</point>
				<point>252.000000,28.000000</point>
				<point>250.000000,22.000000</point>
				<point>270.000000,18.000000</point>
				<point>272.000000,24.000000</point>
			</points>
		</object>
		<object>
			<coordinate>pixel</coordinate>
			<type>rectangle</type>
			<description>None</description>
			<possibleresult>
				<name>Van</name>
			</possibleresult>
			<points>
				<point>368.000000,27.000000</point>
				<point>348.000000,31.000000</point>
				<point>346.000000,24.000000</point>
				<point>367.000000,20.000000</point>
				<point>368.000000,27.000000</point>
			</points>
		</object>
		<object>
			<coordinate>pixel</coordinate>
			<type>rectangle</type>
			<description>None</description>
			<possibleresult>
				<name>Small Car</name>
			</possibleresult>
			<points>
				<point>209.000000,134.000000</point>
				<point>188.000000,139.000000</point>
				<point>186.000000,131.000000</point>
				<point>207.000000,127.000000</point>
				<point>209.000000,134.000000</point>
			</points>
		</object>
		<object>
			<coordinate>pixel</coordinate>
			<type>rectangle</type>
			<description>None</description>
			<possibleresult>
				<name>Small Car</name>
			</possibleresult>
			<points>
				<point>211.000000,142.000000</point>
				<point>189.000000,148.000000</point>
				<point>188.000000,140.000000</point>
				<point>209.000000,135.000000</point>
				<point>211.000000,142.000000</point>
			</points>
		</object>
		<object>
			<coordinate>pixel</coordinate>
			<type>rectangle</type>
			<description>None</description>
			<possibleresult>
				<name>Van</name>
			</possibleresult>
			<points>
				<point>236.000000,226.000000</point>
				<point>218.000000,231.000000</point>
				<point>216.000000,224.000000</point>
				<point>234.000000,219.000000</point>
				<point>236.000000,226.000000</point>
			</points>
		</object>
		<object>
			<coordinate>pixel</coordinate>
			<type>rectangle</type>
			<description>None</description>
			<possibleresult>
				<name>Small Car</name>
			</possibleresult>
			<points>
				<point>267.000000,152.000000</point>
				<point>249.000000,154.000000</point>
				<point>248.000000,147.000000</point>
				<point>266.000000,145.000000</point>
				<point>267.000000,152.000000</point>
			</points>
		</object>
		<object>
			<coordinate>pixel</coordinate>
			<type>rectangle</type>
			<description>None</description>
			<possibleresult>
				<name>Small Car</name>
			</possibleresult>
			<points>
				<point>322.000000,176.000000</point>
				<point>297.000000,176.000000</point>
				<point>297.000000,168.000000</point>
				<point>322.000000,168.000000</point>
				<point>322.000000,176.000000</point>
			</points>
		</object>
		<object>
			<coordinate>pixel</coordinate>
			<type>rectangle</type>
			<description>None</description>
			<possibleresult>
				<name>Small Car</name>
			</possibleresult>
			<points>
				<point>370.000000,163.000000</point>
				<point>349.000000,168.000000</point>
				<point>347.000000,160.000000</point>
				<point>369.000000,156.000000</point>
				<point>370.000000,163.000000</point>
			</points>
		</object>
		<object>
			<coordinate>pixel</coordinate>
			<type>rectangle</type>
			<description>None</description>
			<possibleresult>
				<name>Small Car</name>
			</possibleresult>
			<points>
				<point>447.000000,194.000000</point>
				<point>431.000000,199.000000</point>
				<point>429.000000,192.000000</point>
				<point>445.000000,187.000000</point>
				<point>447.000000,194.000000</point>
			</points>
		</object>
		<object>
			<coordinate>pixel</coordinate>
			<type>rectangle</type>
			<description>None</description>
			<possibleresult>
				<name>Small Car</name>
			</possibleresult>
			<points>
				<point>422.000000,197.000000</point>
				<point>408.000000,206.000000</point>
				<point>404.000000,200.000000</point>
				<point>419.000000,192.000000</point>
				<point>422.000000,197.000000</point>
			</points>
		</object>
		<object>
			<coordinate>pixel</coordinate>
			<type>rectangle</type>
			<description>None</description>
			<possibleresult>
				<name>Small Car</name>
			</possibleresult>
			<points>
				<point>493.000000,132.000000</point>
				<point>470.000000,134.000000</point>
				<point>470.000000,126.000000</point>
				<point>492.000000,123.000000</point>
				<point>493.000000,132.000000</point>
			</points>
		</object>
		<object>
			<coordinate>pixel</coordinate>
			<type>rectangle</type>
			<description>None</description>
			<possibleresult>
				<name>Small Car</name>
			</possibleresult>
			<points>
				<point>314.000000,183.000000</point>
				<point>295.000000,185.000000</point>
				<point>295.000000,178.000000</point>
				<point>314.000000,176.000000</point>
				<point>314.000000,183.000000</point>
			</points>
		</object>
		<object>
			<coordinate>pixel</coordinate>
			<type>rectangle</type>
			<description>None</description>
			<possibleresult>
				<name>Van</name>
			</possibleresult>
			<points>
				<point>243.000000,245.000000</point>
				<point>235.000000,248.000000</point>
				<point>230.000000,230.000000</point>
				<point>237.000000,228.000000</point>
				<point>243.000000,245.000000</point>
			</points>
		</object>
		<object>
			<coordinate>pixel</coordinate>
			<type>rectangle</type>
			<description>None</description>
			<possibleresult>
				<name>Small Car</name>
			</possibleresult>
			<points>
				<point>46.000000,232.000000</point>
				<point>24.000000,237.000000</point>
				<point>23.000000,230.000000</point>
				<point>45.000000,225.000000</point>
				<point>46.000000,232.000000</point>
			</points>
		</object>
		<object>
			<coordinate>pixel</coordinate>
			<type>rectangle</type>
			<description>None</description>
			<possibleresult>
				<name>Small Car</name>
			</possibleresult>
			<points>
				<point>133.000000,140.000000</point>
				<point>116.000000,144.000000</point>
				<point>114.000000,136.000000</point>
				<point>131.000000,132.000000</point>
				<point>133.000000,140.000000</point>
			</points>
		</object>
		<object>
			<coordinate>pixel</coordinate>
			<type>rectangle</type>
			<description>None</description>
			<possibleresult>
				<name>Small Car</name>
			</possibleresult>
			<points>
				<point>153.000000,263.000000</point>
				<point>130.000000,266.000000</point>
				<point>129.000000,257.000000</point>
				<point>152.000000,254.000000</point>
				<point>153.000000,263.000000</point>
			</points>
		</object>
		<object>
			<coordinate>pixel</coordinate>
			<type>rectangle</type>
			<description>None</description>
			<possibleresult>
				<name>Small Car</name>
			</possibleresult>
			<points>
				<point>113.000000,268.000000</point>
				<point>91.000000,273.000000</point>
				<point>89.000000,266.000000</point>
				<point>112.000000,262.000000</point>
				<point>113.000000,268.000000</point>
			</points>
		</object>
		<object>
			<coordinate>pixel</coordinate>
			<type>rectangle</type>
			<description>None</description>
			<possibleresult>
				<name>Small Car</name>
			</possibleresult>
			<points>
				<point>107.000000,253.000000</point>
				<point>87.000000,256.000000</point>
				<point>85.000000,246.000000</point>
				<point>105.000000,243.000000</point>
				<point>107.000000,253.000000</point>
			</points>
		</object>
		<object>
			<coordinate>pixel</coordinate>
			<type>rectangle</type>
			<description>None</description>
			<possibleresult>
				<name>Van</name>
			</possibleresult>
			<points>
				<point>405.000000,135.000000</point>
				<point>386.000000,136.000000</point>
				<point>386.000000,129.000000</point>
				<point>404.000000,127.000000</point>
				<point>405.000000,135.000000</point>
			</points>
		</object>
		<object>
			<coordinate>pixel</coordinate>
			<type>rectangle</type>
			<description>None</description>
			<possibleresult>
				<name>Small Car</name>
			</possibleresult>
			<points>
				<point>392.000000,110.000000</point>
				<point>385.000000,112.000000</point>
				<point>379.000000,95.000000</point>
				<point>385.000000,92.000000</point>
				<point>392.000000,110.000000</point>
			</points>
		</object>
		<object>
			<coordinate>pixel</coordinate>
			<type>rectangle</type>
			<description>None</description>
			<possibleresult>
				<name>Small Car</name>
			</possibleresult>
			<points>
				<point>17.000000,201.000000</point>
				<point>8.000000,202.000000</point>
				<point>5.000000,186.000000</point>
				<point>13.000000,185.000000</point>
				<point>17.000000,201.000000</point>
			</points>
		</object>
		<object>
			<coordinate>pixel</coordinate>
			<type>rectangle</type>
			<description>None</description>
			<possibleresult>
				<name>Small Car</name>
			</possibleresult>
			<points>
				<point>71.000000,326.000000</point>
				<point>64.000000,327.000000</point>
				<point>62.000000,316.000000</point>
				<point>69.000000,315.000000</point>
				<point>71.000000,326.000000</point>
			</points>
		</object>
		<object>
			<coordinate>pixel</coordinate>
			<type>rectangle</type>
			<description>None</description>
			<possibleresult>
				<name>Van</name>
			</possibleresult>
			<points>
				<point>395.000000,284.000000</point>
				<point>373.000000,289.000000</point>
				<point>372.000000,283.000000</point>
				<point>394.000000,278.000000</point>
				<point>395.000000,284.000000</point>
			</points>
		</object>
		<object>
			<coordinate>pixel</coordinate>
			<type>rectangle</type>
			<description>None</description>
			<possibleresult>
				<name>Van</name>
			</possibleresult>
			<points>
				<point>441.000000,298.000000</point>
				<point>440.000000,308.000000</point>
				<point>420.000000,305.000000</point>
				<point>421.000000,295.000000</point>
				<point>441.000000,298.000000</point>
			</points>
		</object>
		<object>
			<coordinate>pixel</coordinate>
			<type>rectangle</type>
			<description>None</description>
			<possibleresult>
				<name>Van</name>
			</possibleresult>
			<points>
				<point>439.000000,308.000000</point>
				<point>438.000000,315.000000</point>
				<point>419.000000,311.000000</point>
				<point>421.000000,305.000000</point>
				<point>439.000000,308.000000</point>
			</points>
		</object>
		<object>
			<coordinate>pixel</coordinate>
			<type>rectangle</type>
			<description>None</description>
			<possibleresult>
				<name>Van</name>
			</possibleresult>
			<points>
				<point>380.000000,314.000000</point>
				<point>363.000000,318.000000</point>
				<point>361.000000,311.000000</point>
				<point>379.000000,306.000000</point>
				<point>380.000000,314.000000</point>
			</points>
		</object>
		<object>
			<coordinate>pixel</coordinate>
			<type>rectangle</type>
			<description>None</description>
			<possibleresult>
				<name>Small Car</name>
			</possibleresult>
			<points>
				<point>499.000000,289.000000</point>
				<point>497.000000,296.000000</point>
				<point>476.000000,289.000000</point>
				<point>478.000000,282.000000</point>
				<point>499.000000,289.000000</point>
			</points>
		</object>
		<object>
			<coordinate>pixel</coordinate>
			<type>rectangle</type>
			<description>None</description>
			<possibleresult>
				<name>Van</name>
			</possibleresult>
			<points>
				<point>521.000000,276.000000</point>
				<point>514.000000,276.000000</point>
				<point>514.000000,261.000000</point>
				<point>521.000000,261.000000</point>
				<point>521.000000,276.000000</point>
			</points>
		</object>
		<object>
			<coordinate>pixel</coordinate>
			<type>rectangle</type>
			<description>None</description>
			<possibleresult>
				<name>Van</name>
			</possibleresult>
			<points>
				<point>566.000000,358.000000</point>
				<point>549.000000,358.000000</point>
				<point>549.000000,351.000000</point>
				<point>566.000000,351.000000</point>
				<point>566.000000,358.000000</point>
			</points>
		</object>
		<object>
			<coordinate>pixel</coordinate>
			<type>rectangle</type>
			<description>None</description>
			<possibleresult>
				<name>Small Car</name>
			</possibleresult>
			<points>
				<point>334.000000,333.000000</point>
				<point>333.000000,341.000000</point>
				<point>312.000000,337.000000</point>
				<point>313.000000,329.000000</point>
				<point>334.000000,333.000000</point>
			</points>
		</object>
		<object>
			<coordinate>pixel</coordinate>
			<type>rectangle</type>
			<description>None</description>
			<possibleresult>
				<name>Small Car</name>
			</possibleresult>
			<points>
				<point>527.000000,521.000000</point>
				<point>518.000000,524.000000</point>
				<point>513.000000,508.000000</point>
				<point>522.000000,505.000000</point>
				<point>527.000000,521.000000</point>
			</points>
		</object>
		<object>
			<coordinate>pixel</coordinate>
			<type>rectangle</type>
			<description>None</description>
			<possibleresult>
				<name>Small Car</name>
			</possibleresult>
			<points>
				<point>437.000000,504.000000</point>
				<point>434.000000,517.000000</point>
				<point>426.000000,515.000000</point>
				<point>430.000000,503.000000</point>
				<point>437.000000,504.000000</point>
			</points>
		</object>
		<object>
			<coordinate>pixel</coordinate>
			<type>rectangle</type>
			<description>None</description>
			<possibleresult>
				<name>Small Car</name>
			</possibleresult>
			<points>
				<point>428.000000,501.000000</point>
				<point>425.000000,515.000000</point>
				<point>417.000000,514.000000</point>
				<point>419.000000,500.000000</point>
				<point>428.000000,501.000000</point>
			</points>
		</object>
		<object>
			<coordinate>pixel</coordinate>
			<type>rectangle</type>
			<description>None</description>
			<possibleresult>
				<name>Small Car</name>
			</possibleresult>
			<points>
				<point>401.000000,495.000000</point>
				<point>397.000000,509.000000</point>
				<point>388.000000,508.000000</point>
				<point>391.000000,493.000000</point>
				<point>401.000000,495.000000</point>
			</points>
		</object>
		<object>
			<coordinate>pixel</coordinate>
			<type>rectangle</type>
			<description>None</description>
			<possibleresult>
				<name>Van</name>
			</possibleresult>
			<points>
				<point>167.000000,607.000000</point>
				<point>162.000000,623.000000</point>
				<point>154.000000,621.000000</point>
				<point>159.000000,605.000000</point>
				<point>167.000000,607.000000</point>
			</points>
		</object>
		<object>
			<coordinate>pixel</coordinate>
			<type>rectangle</type>
			<description>None</description>
			<possibleresult>
				<name>Small Car</name>
			</possibleresult>
			<points>
				<point>161.000000,624.000000</point>
				<point>155.000000,645.000000</point>
				<point>146.000000,642.000000</point>
				<point>153.000000,622.000000</point>
				<point>161.000000,624.000000</point>
			</points>
		</object>
		<object>
			<coordinate>pixel</coordinate>
			<type>rectangle</type>
			<description>None</description>
			<possibleresult>
				<name>Van</name>
			</possibleresult>
			<points>
				<point>150.000000,426.000000</point>
				<point>141.000000,443.000000</point>
				<point>133.000000,439.000000</point>
				<point>143.000000,421.000000</point>
				<point>150.000000,426.000000</point>
			</points>
		</object>
		<object>
			<coordinate>pixel</coordinate>
			<type>rectangle</type>
			<description>None</description>
			<possibleresult>
				<name>Van</name>
			</possibleresult>
			<points>
				<point>196.000000,416.000000</point>
				<point>191.000000,430.000000</point>
				<point>183.000000,427.000000</point>
				<point>188.000000,414.000000</point>
				<point>196.000000,416.000000</point>
			</points>
		</object>
		<object>
			<coordinate>pixel</coordinate>
			<type>rectangle</type>
			<description>None</description>
			<possibleresult>
				<name>Small Car</name>
			</possibleresult>
			<points>
				<point>264.000000,480.000000</point>
				<point>255.000000,498.000000</point>
				<point>246.000000,493.000000</point>
				<point>256.000000,476.000000</point>
				<point>264.000000,480.000000</point>
			</points>
		</object>
		<object>
			<coordinate>pixel</coordinate>
			<type>rectangle</type>
			<description>None</description>
			<possibleresult>
				<name>Small Car</name>
			</possibleresult>
			<points>
				<point>522.000000,851.000000</point>
				<point>518.000000,865.000000</point>
				<point>511.000000,863.000000</point>
				<point>515.000000,849.000000</point>
				<point>522.000000,851.000000</point>
			</points>
		</object>
		<object>
			<coordinate>pixel</coordinate>
			<type>rectangle</type>
			<description>None</description>
			<possibleresult>
				<name>Small Car</name>
			</possibleresult>
			<points>
				<point>512.000000,848.000000</point>
				<point>508.000000,863.000000</point>
				<point>501.000000,862.000000</point>
				<point>504.000000,846.000000</point>
				<point>512.000000,848.000000</point>
			</points>
		</object>
		<object>
			<coordinate>pixel</coordinate>
			<type>rectangle</type>
			<description>None</description>
			<possibleresult>
				<name>Small Car</name>
			</possibleresult>
			<points>
				<point>500.000000,847.000000</point>
				<point>498.000000,862.000000</point>
				<point>490.000000,860.000000</point>
				<point>493.000000,846.000000</point>
				<point>500.000000,847.000000</point>
			</points>
		</object>
		<object>
			<coordinate>pixel</coordinate>
			<type>rectangle</type>
			<description>None</description>
			<possibleresult>
				<name>Small Car</name>
			</possibleresult>
			<points>
				<point>469.000000,845.000000</point>
				<point>467.000000,857.000000</point>
				<point>460.000000,856.000000</point>
				<point>463.000000,843.000000</point>
				<point>469.000000,845.000000</point>
			</points>
		</object>
		<object>
			<coordinate>pixel</coordinate>
			<type>rectangle</type>
			<description>None</description>
			<possibleresult>
				<name>Small Car</name>
			</possibleresult>
			<points>
				<point>452.000000,1000.000000</point>
				<point>452.000000,1000.000000</point>
				<point>452.000000,1000.000000</point>
				<point>452.000000,1000.000000</point>
				<point>452.000000,1000.000000</point>
			</points>
		</object>
		<object>
			<coordinate>pixel</coordinate>
			<type>rectangle</type>
			<description>None</description>
			<possibleresult>
				<name>Small Car</name>
			</possibleresult>
			<points>
				<point>462.000000,951.000000</point>
				<point>459.000000,967.000000</point>
				<point>450.000000,965.000000</point>
				<point>453.000000,949.000000</point>
				<point>462.000000,951.000000</point>
			</points>
		</object>
		<object>
			<coordinate>pixel</coordinate>
			<type>rectangle</type>
			<description>None</description>
			<possibleresult>
				<name>Small Car</name>
			</possibleresult>
			<points>
				<point>452.000000,946.000000</point>
				<point>448.000000,965.000000</point>
				<point>440.000000,963.000000</point>
				<point>443.000000,945.000000</point>
				<point>452.000000,946.000000</point>
			</points>
		</object>
		<object>
			<coordinate>pixel</coordinate>
			<type>rectangle</type>
			<description>None</description>
			<possibleresult>
				<name>Dump Truck</name>
			</possibleresult>
			<points>
				<point>411.000000,770.000000</point>
				<point>409.000000,788.000000</point>
				<point>401.000000,787.000000</point>
				<point>403.000000,769.000000</point>
				<point>411.000000,770.000000</point>
			</points>
		</object>
		<object>
			<coordinate>pixel</coordinate>
			<type>rectangle</type>
			<description>None</description>
			<possibleresult>
				<name>Van</name>
			</possibleresult>
			<points>
				<point>401.000000,769.000000</point>
				<point>399.000000,786.000000</point>
				<point>391.000000,785.000000</point>
				<point>393.000000,768.000000</point>
				<point>401.000000,769.000000</point>
			</points>
		</object>
		<object>
			<coordinate>pixel</coordinate>
			<type>rectangle</type>
			<description>None</description>
			<possibleresult>
				<name>Small Car</name>
			</possibleresult>
			<points>
				<point>454.000000,726.000000</point>
				<point>451.000000,738.000000</point>
				<point>443.000000,737.000000</point>
				<point>446.000000,725.000000</point>
				<point>454.000000,726.000000</point>
			</points>
		</object>
		<object>
			<coordinate>pixel</coordinate>
			<type>rectangle</type>
			<description>None</description>
			<possibleresult>
				<name>Small Car</name>
			</possibleresult>
			<points>
				<point>446.000000,726.000000</point>
				<point>441.000000,738.000000</point>
				<point>435.000000,736.000000</point>
				<point>439.000000,723.000000</point>
				<point>446.000000,726.000000</point>
			</points>
		</object>
		<object>
			<coordinate>pixel</coordinate>
			<type>rectangle</type>
			<description>None</description>
			<possibleresult>
				<name>Small Car</name>
			</possibleresult>
			<points>
				<point>427.000000,721.000000</point>
				<point>424.000000,737.000000</point>
				<point>416.000000,736.000000</point>
				<point>420.000000,719.000000</point>
				<point>427.000000,721.000000</point>
			</points>
		</object>
		<object>
			<coordinate>pixel</coordinate>
			<type>rectangle</type>
			<description>None</description>
			<possibleresult>
				<name>Small Car</name>
			</possibleresult>
			<points>
				<point>420.000000,719.000000</point>
				<point>416.000000,736.000000</point>
				<point>409.000000,735.000000</point>
				<point>412.000000,717.000000</point>
				<point>420.000000,719.000000</point>
			</points>
		</object>
		<object>
			<coordinate>pixel</coordinate>
			<type>rectangle</type>
			<description>None</description>
			<possibleresult>
				<name>Van</name>
			</possibleresult>
			<points>
				<point>409.000000,719.000000</point>
				<point>407.000000,732.000000</point>
				<point>399.000000,731.000000</point>
				<point>401.000000,718.000000</point>
				<point>409.000000,719.000000</point>
			</points>
		</object>
		<object>
			<coordinate>pixel</coordinate>
			<type>rectangle</type>
			<description>None</description>
			<possibleresult>
				<name>Van</name>
			</possibleresult>
			<points>
				<point>439.000000,778.000000</point>
				<point>434.000000,790.000000</point>
				<point>428.000000,788.000000</point>
				<point>432.000000,775.000000</point>
				<point>439.000000,778.000000</point>
			</points>
		</object>
		<object>
			<coordinate>pixel</coordinate>
			<type>rectangle</type>
			<description>None</description>
			<possibleresult>
				<name>Van</name>
			</possibleresult>
			<points>
				<point>437.000000,839.000000</point>
				<point>436.000000,852.000000</point>
				<point>429.000000,852.000000</point>
				<point>430.000000,839.000000</point>
				<point>437.000000,839.000000</point>
			</points>
		</object>
		<object>
			<coordinate>pixel</coordinate>
			<type>rectangle</type>
			<description>None</description>
			<possibleresult>
				<name>Small Car</name>
			</possibleresult>
			<points>
				<point>22.000000,973.000000</point>
				<point>13.000000,989.000000</point>
				<point>6.000000,984.000000</point>
				<point>15.000000,968.000000</point>
				<point>22.000000,973.000000</point>
			</points>
		</object>
		<object>
			<coordinate>pixel</coordinate>
			<type>rectangle</type>
			<description>None</description>
			<possibleresult>
				<name>Van</name>
			</possibleresult>
			<points>
				<point>38.000000,978.000000</point>
				<point>29.000000,995.000000</point>
				<point>23.000000,991.000000</point>
				<point>31.000000,975.000000</point>
				<point>38.000000,978.000000</point>
			</points>
		</object>
		<object>
			<coordinate>pixel</coordinate>
			<type>rectangle</type>
			<description>None</description>
			<possibleresult>
				<name>Van</name>
			</possibleresult>
			<points>
				<point>47.000000,982.000000</point>
				<point>39.000000,998.000000</point>
				<point>31.000000,994.000000</point>
				<point>39.000000,978.000000</point>
				<point>47.000000,982.000000</point>
			</points>
		</object>
		<object>
			<coordinate>pixel</coordinate>
			<type>rectangle</type>
			<description>None</description>
			<possibleresult>
				<name>Van</name>
			</possibleresult>
			<points>
				<point>46.000000,770.000000</point>
				<point>38.000000,786.000000</point>
				<point>31.000000,782.000000</point>
				<point>39.000000,766.000000</point>
				<point>46.000000,770.000000</point>
			</points>
		</object>
		<object>
			<coordinate>pixel</coordinate>
			<type>rectangle</type>
			<description>None</description>
			<possibleresult>
				<name>Small Car</name>
			</possibleresult>
			<points>
				<point>73.000000,781.000000</point>
				<point>66.000000,796.000000</point>
				<point>58.000000,792.000000</point>
				<point>66.000000,777.000000</point>
				<point>73.000000,781.000000</point>
			</points>
		</object>
		<object>
			<coordinate>pixel</coordinate>
			<type>rectangle</type>
			<description>None</description>
			<possibleresult>
				<name>Small Car</name>
			</possibleresult>
			<points>
				<point>101.000000,789.000000</point>
				<point>93.000000,806.000000</point>
				<point>85.000000,802.000000</point>
				<point>94.000000,786.000000</point>
				<point>101.000000,789.000000</point>
			</points>
		</object>
		<object>
			<coordinate>pixel</coordinate>
			<type>rectangle</type>
			<description>None</description>
			<possibleresult>
				<name>Van</name>
			</possibleresult>
			<points>
				<point>628.000000,893.000000</point>
				<point>626.000000,907.000000</point>
				<point>619.000000,905.000000</point>
				<point>622.000000,892.000000</point>
				<point>628.000000,893.000000</point>
			</points>
		</object>
		<object>
			<coordinate>pixel</coordinate>
			<type>rectangle</type>
			<description>None</description>
			<possibleresult>
				<name>Small Car</name>
			</possibleresult>
			<points>
				<point>608.000000,892.000000</point>
				<point>607.000000,904.000000</point>
				<point>600.000000,903.000000</point>
				<point>602.000000,892.000000</point>
				<point>608.000000,892.000000</point>
			</points>
		</object>
		<object>
			<coordinate>pixel</coordinate>
			<type>rectangle</type>
			<description>None</description>
			<possibleresult>
				<name>Small Car</name>
			</possibleresult>
			<points>
				<point>599.000000,890.000000</point>
				<point>598.000000,902.000000</point>
				<point>591.000000,902.000000</point>
				<point>592.000000,890.000000</point>
				<point>599.000000,890.000000</point>
			</points>
		</object>
		<object>
			<coordinate>pixel</coordinate>
			<type>rectangle</type>
			<description>None</description>
			<possibleresult>
				<name>Small Car</name>
			</possibleresult>
			<points>
				<point>590.000000,889.000000</point>
				<point>587.000000,902.000000</point>
				<point>580.000000,900.000000</point>
				<point>582.000000,887.000000</point>
				<point>590.000000,889.000000</point>
			</points>
		</object>
		<object>
			<coordinate>pixel</coordinate>
			<type>rectangle</type>
			<description>None</description>
			<possibleresult>
				<name>Van</name>
			</possibleresult>
			<points>
				<point>580.000000,886.000000</point>
				<point>579.000000,901.000000</point>
				<point>570.000000,900.000000</point>
				<point>571.000000,885.000000</point>
				<point>580.000000,886.000000</point>
			</points>
		</object>
		<object>
			<coordinate>pixel</coordinate>
			<type>rectangle</type>
			<description>None</description>
			<possibleresult>
				<name>Small Car</name>
			</possibleresult>
			<points>
				<point>571.000000,884.000000</point>
				<point>568.000000,899.000000</point>
				<point>561.000000,898.000000</point>
				<point>563.000000,882.000000</point>
				<point>571.000000,884.000000</point>
			</points>
		</object>
		<object>
			<coordinate>pixel</coordinate>
			<type>rectangle</type>
			<description>None</description>
			<possibleresult>
				<name>Van</name>
			</possibleresult>
			<points>
				<point>476.000000,813.000000</point>
				<point>474.000000,831.000000</point>
				<point>464.000000,829.000000</point>
				<point>467.000000,811.000000</point>
				<point>476.000000,813.000000</point>
			</points>
		</object>
		<object>
			<coordinate>pixel</coordinate>
			<type>rectangle</type>
			<description>None</description>
			<possibleresult>
				<name>Small Car</name>
			</possibleresult>
			<points>
				<point>488.000000,815.000000</point>
				<point>485.000000,831.000000</point>
				<point>476.000000,830.000000</point>
				<point>480.000000,813.000000</point>
				<point>488.000000,815.000000</point>
			</points>
		</object>
		<object>
			<coordinate>pixel</coordinate>
			<type>rectangle</type>
			<description>None</description>
			<possibleresult>
				<name>Small Car</name>
			</possibleresult>
			<points>
				<point>499.000000,816.000000</point>
				<point>497.000000,834.000000</point>
				<point>488.000000,833.000000</point>
				<point>490.000000,815.000000</point>
				<point>499.000000,816.000000</point>
			</points>
		</object>
		<object>
			<coordinate>pixel</coordinate>
			<type>rectangle</type>
			<description>None</description>
			<possibleresult>
				<name>Van</name>
			</possibleresult>
			<points>
				<point>510.000000,818.000000</point>
				<point>508.000000,834.000000</point>
				<point>499.000000,833.000000</point>
				<point>501.000000,817.000000</point>
				<point>510.000000,818.000000</point>
			</points>
		</object>
		<object>
			<coordinate>pixel</coordinate>
			<type>rectangle</type>
			<description>None</description>
			<possibleresult>
				<name>Small Car</name>
			</possibleresult>
			<points>
				<point>521.000000,818.000000</point>
				<point>519.000000,833.000000</point>
				<point>511.000000,832.000000</point>
				<point>513.000000,817.000000</point>
				<point>521.000000,818.000000</point>
			</points>
		</object>
		<object>
			<coordinate>pixel</coordinate>
			<type>rectangle</type>
			<description>None</description>
			<possibleresult>
				<name>Small Car</name>
			</possibleresult>
			<points>
				<point>523.000000,788.000000</point>
				<point>521.000000,800.000000</point>
				<point>514.000000,798.000000</point>
				<point>517.000000,787.000000</point>
				<point>523.000000,788.000000</point>
			</points>
		</object>
		<object>
			<coordinate>pixel</coordinate>
			<type>rectangle</type>
			<description>None</description>
			<possibleresult>
				<name>Small Car</name>
			</possibleresult>
			<points>
				<point>535.000000,789.000000</point>
				<point>533.000000,800.000000</point>
				<point>526.000000,799.000000</point>
				<point>528.000000,788.000000</point>
				<point>535.000000,789.000000</point>
			</points>
		</object>
		<object>
			<coordinate>pixel</coordinate>
			<type>rectangle</type>
			<description>None</description>
			<possibleresult>
				<name>Van</name>
			</possibleresult>
			<points>
				<point>486.000000,921.000000</point>
				<point>482.000000,937.000000</point>
				<point>474.000000,935.000000</point>
				<point>478.000000,919.000000</point>
				<point>486.000000,921.000000</point>
			</points>
		</object>
		<object>
			<coordinate>pixel</coordinate>
			<type>rectangle</type>
			<description>None</description>
			<possibleresult>
				<name>Van</name>
			</possibleresult>
			<points>
				<point>476.000000,971.000000</point>
				<point>473.000000,984.000000</point>
				<point>465.000000,983.000000</point>
				<point>468.000000,970.000000</point>
				<point>476.000000,971.000000</point>
			</points>
		</object>
		<object>
			<coordinate>pixel</coordinate>
			<type>rectangle</type>
			<description>None</description>
			<possibleresult>
				<name>Van</name>
			</possibleresult>
			<points>
				<point>457.000000,967.000000</point>
				<point>453.000000,982.000000</point>
				<point>446.000000,980.000000</point>
				<point>449.000000,966.000000</point>
				<point>457.000000,967.000000</point>
			</points>
		</object>
		<object>
			<coordinate>pixel</coordinate>
			<type>rectangle</type>
			<description>None</description>
			<possibleresult>
				<name>Van</name>
			</possibleresult>
			<points>
				<point>438.000000,961.000000</point>
				<point>437.000000,974.000000</point>
				<point>430.000000,973.000000</point>
				<point>432.000000,961.000000</point>
				<point>438.000000,961.000000</point>
			</points>
		</object>
		<object>
			<coordinate>pixel</coordinate>
			<type>rectangle</type>
			<description>None</description>
			<possibleresult>
				<name>Small Car</name>
			</possibleresult>
			<points>
				<point>39.000000,650.000000</point>
				<point>33.000000,664.000000</point>
				<point>26.000000,661.000000</point>
				<point>32.000000,647.000000</point>
				<point>39.000000,650.000000</point>
			</points>
		</object>
		<object>
			<coordinate>pixel</coordinate>
			<type>rectangle</type>
			<description>None</description>
			<possibleresult>
				<name>Small Car</name>
			</possibleresult>
			<points>
				<point>39.000000,699.000000</point>
				<point>26.000000,714.000000</point>
				<point>20.000000,709.000000</point>
				<point>34.000000,695.000000</point>
				<point>39.000000,699.000000</point>
			</points>
		</object>
		<object>
			<coordinate>pixel</coordinate>
			<type>rectangle</type>
			<description>None</description>
			<possibleresult>
				<name>Van</name>
			</possibleresult>
			<points>
				<point>204.000000,728.000000</point>
				<point>201.000000,742.000000</point>
				<point>192.000000,740.000000</point>
				<point>196.000000,727.000000</point>
				<point>204.000000,728.000000</point>
			</points>
		</object>
		<object>
			<coordinate>pixel</coordinate>
			<type>rectangle</type>
			<description>None</description>
			<possibleresult>
				<name>Van</name>
			</possibleresult>
			<points>
				<point>214.000000,729.000000</point>
				<point>209.000000,747.000000</point>
				<point>201.000000,746.000000</point>
				<point>205.000000,727.000000</point>
				<point>214.000000,729.000000</point>
			</points>
		</object>
		<object>
			<coordinate>pixel</coordinate>
			<type>rectangle</type>
			<description>None</description>
			<possibleresult>
				<name>Van</name>
			</possibleresult>
			<points>
				<point>74.000000,896.000000</point>
				<point>68.000000,909.000000</point>
				<point>62.000000,906.000000</point>
				<point>68.000000,893.000000</point>
				<point>74.000000,896.000000</point>
			</points>
		</object>
		<object>
			<coordinate>pixel</coordinate>
			<type>rectangle</type>
			<description>None</description>
			<possibleresult>
				<name>Small Car</name>
			</possibleresult>
			<points>
				<point>63.000000,895.000000</point>
				<point>56.000000,906.000000</point>
				<point>50.000000,903.000000</point>
				<point>57.000000,891.000000</point>
				<point>63.000000,895.000000</point>
			</points>
		</object>
		<object>
			<coordinate>pixel</coordinate>
			<type>rectangle</type>
			<description>None</description>
			<possibleresult>
				<name>Small Car</name>
			</possibleresult>
			<points>
				<point>54.000000,891.000000</point>
				<point>48.000000,903.000000</point>
				<point>41.000000,899.000000</point>
				<point>47.000000,887.000000</point>
				<point>54.000000,891.000000</point>
			</points>
		</object>
		<object>
			<coordinate>pixel</coordinate>
			<type>rectangle</type>
			<description>None</description>
			<possibleresult>
				<name>Van</name>
			</possibleresult>
			<points>
				<point>37.000000,896.000000</point>
				<point>29.000000,908.000000</point>
				<point>23.000000,904.000000</point>
				<point>30.000000,891.000000</point>
				<point>37.000000,896.000000</point>
			</points>
		</object>
		<object>
			<coordinate>pixel</coordinate>
			<type>rectangle</type>
			<description>None</description>
			<possibleresult>
				<name>Small Car</name>
			</possibleresult>
			<points>
				<point>25.000000,892.000000</point>
				<point>19.000000,904.000000</point>
				<point>12.000000,900.000000</point>
				<point>18.000000,888.000000</point>
				<point>25.000000,892.000000</point>
			</points>
		</object>
		<object>
			<coordinate>pixel</coordinate>
			<type>rectangle</type>
			<description>None</description>
			<possibleresult>
				<name>Van</name>
			</possibleresult>
			<points>
				<point>45.000000,874.000000</point>
				<point>25.000000,875.000000</point>
				<point>25.000000,870.000000</point>
				<point>44.000000,868.000000</point>
				<point>45.000000,874.000000</point>
			</points>
		</object>
		<object>
			<coordinate>pixel</coordinate>
			<type>rectangle</type>
			<description>None</description>
			<possibleresult>
				<name>Small Car</name>
			</possibleresult>
			<points>
				<point>29.000000,868.000000</point>
				<point>8.000000,871.000000</point>
				<point>8.000000,865.000000</point>
				<point>28.000000,863.000000</point>
				<point>29.000000,868.000000</point>
			</points>
		</object>
		<object>
			<coordinate>pixel</coordinate>
			<type>rectangle</type>
			<description>None</description>
			<possibleresult>
				<name>Small Car</name>
			</possibleresult>
			<points>
				<point>107.000000,820.000000</point>
				<point>97.000000,835.000000</point>
				<point>90.000000,831.000000</point>
				<point>100.000000,816.000000</point>
				<point>107.000000,820.000000</point>
			</points>
		</object>
		<object>
			<coordinate>pixel</coordinate>
			<type>rectangle</type>
			<description>None</description>
			<possibleresult>
				<name>Small Car</name>
			</possibleresult>
			<points>
				<point>59.000000,810.000000</point>
				<point>53.000000,820.000000</point>
				<point>48.000000,817.000000</point>
				<point>54.000000,807.000000</point>
				<point>59.000000,810.000000</point>
			</points>
		</object>
		<object>
			<coordinate>pixel</coordinate>
			<type>rectangle</type>
			<description>None</description>
			<possibleresult>
				<name>Van</name>
			</possibleresult>
			<points>
				<point>52.000000,802.000000</point>
				<point>42.000000,818.000000</point>
				<point>36.000000,814.000000</point>
				<point>45.000000,798.000000</point>
				<point>52.000000,802.000000</point>
			</points>
		</object>
		<object>
			<coordinate>pixel</coordinate>
			<type>rectangle</type>
			<description>None</description>
			<possibleresult>
				<name>Van</name>
			</possibleresult>
			<points>
				<point>440.000000,742.000000</point>
				<point>435.000000,757.000000</point>
				<point>427.000000,754.000000</point>
				<point>432.000000,739.000000</point>
				<point>440.000000,742.000000</point>
			</points>
		</object>
		<object>
			<coordinate>pixel</coordinate>
			<type>rectangle</type>
			<description>None</description>
			<possibleresult>
				<name>Van</name>
			</possibleresult>
			<points>
				<point>451.000000,744.000000</point>
				<point>445.000000,760.000000</point>
				<point>437.000000,757.000000</point>
				<point>443.000000,741.000000</point>
				<point>451.000000,744.000000</point>
			</points>
		</object>
		<object>
			<coordinate>pixel</coordinate>
			<type>rectangle</type>
			<description>None</description>
			<possibleresult>
				<name>Small Car</name>
			</possibleresult>
			<points>
				<point>424.000000,689.000000</point>
				<point>417.000000,705.000000</point>
				<point>409.000000,702.000000</point>
				<point>416.000000,686.000000</point>
				<point>424.000000,689.000000</point>
			</points>
		</object>
		<object>
			<coordinate>pixel</coordinate>
			<type>rectangle</type>
			<description>None</description>
			<possibleresult>
				<name>Small Car</name>
			</possibleresult>
			<points>
				<point>461.000000,695.000000</point>
				<point>455.000000,713.000000</point>
				<point>446.000000,710.000000</point>
				<point>452.000000,692.000000</point>
				<point>461.000000,695.000000</point>
			</points>
		</object>
		<object>
			<coordinate>pixel</coordinate>
			<type>rectangle</type>
			<description>None</description>
			<possibleresult>
				<name>Van</name>
			</possibleresult>
			<points>
				<point>490.000000,672.000000</point>
				<point>486.000000,686.000000</point>
				<point>478.000000,683.000000</point>
				<point>482.000000,669.000000</point>
				<point>490.000000,672.000000</point>
			</points>
		</object>
		<object>
			<coordinate>pixel</coordinate>
			<type>rectangle</type>
			<description>None</description>
			<possibleresult>
				<name>Small Car</name>
			</possibleresult>
			<points>
				<point>297.000000,762.000000</point>
				<point>296.000000,770.000000</point>
				<point>275.000000,766.000000</point>
				<point>276.000000,758.000000</point>
				<point>297.000000,762.000000</point>
			</points>
		</object>
		<object>
			<coordinate>pixel</coordinate>
			<type>rectangle</type>
			<description>None</description>
			<possibleresult>
				<name>Small Car</name>
			</possibleresult>
			<points>
				<point>299.000000,753.000000</point>
				<point>298.000000,761.000000</point>
				<point>277.000000,756.000000</point>
				<point>278.000000,748.000000</point>
				<point>299.000000,753.000000</point>
			</points>
		</object>
		<object>
			<coordinate>pixel</coordinate>
			<type>rectangle</type>
			<description>None</description>
			<possibleresult>
				<name>Van</name>
			</possibleresult>
			<points>
				<point>302.000000,745.000000</point>
				<point>300.000000,753.000000</point>
				<point>279.000000,747.000000</point>
				<point>281.000000,739.000000</point>
				<point>302.000000,745.000000</point>
			</points>
		</object>
		<object>
			<coordinate>pixel</coordinate>
			<type>rectangle</type>
			<description>None</description>
			<possibleresult>
				<name>Small Car</name>
			</possibleresult>
			<points>
				<point>304.000000,736.000000</point>
				<point>302.000000,744.000000</point>
				<point>282.000000,740.000000</point>
				<point>283.000000,731.000000</point>
				<point>304.000000,736.000000</point>
			</points>
		</object>
		<object>
			<coordinate>pixel</coordinate>
			<type>rectangle</type>
			<description>None</description>
			<possibleresult>
				<name>Small Car</name>
			</possibleresult>
			<points>
				<point>305.000000,728.000000</point>
				<point>304.000000,734.000000</point>
				<point>287.000000,730.000000</point>
				<point>288.000000,724.000000</point>
				<point>305.000000,728.000000</point>
			</points>
		</object>
		<object>
			<coordinate>pixel</coordinate>
			<type>rectangle</type>
			<description>None</description>
			<possibleresult>
				<name>Small Car</name>
			</possibleresult>
			<points>
				<point>335.000000,763.000000</point>
				<point>334.000000,770.000000</point>
				<point>315.000000,765.000000</point>
				<point>317.000000,759.000000</point>
				<point>335.000000,763.000000</point>
			</points>
		</object>
		<object>
			<coordinate>pixel</coordinate>
			<type>rectangle</type>
			<description>None</description>
			<possibleresult>
				<name>Van</name>
			</possibleresult>
			<points>
				<point>339.000000,753.000000</point>
				<point>337.000000,761.000000</point>
				<point>318.000000,758.000000</point>
				<point>320.000000,750.000000</point>
				<point>339.000000,753.000000</point>
			</points>
		</object>
		<object>
			<coordinate>pixel</coordinate>
			<type>rectangle</type>
			<description>None</description>
			<possibleresult>
				<name>Small Car</name>
			</possibleresult>
			<points>
				<point>345.000000,735.000000</point>
				<point>343.000000,743.000000</point>
				<point>323.000000,740.000000</point>
				<point>325.000000,732.000000</point>
				<point>345.000000,735.000000</point>
			</points>
		</object>
		<object>
			<coordinate>pixel</coordinate>
			<type>rectangle</type>
			<description>None</description>
			<possibleresult>
				<name>Small Car</name>
			</possibleresult>
			<points>
				<point>271.000000,701.000000</point>
				<point>269.000000,707.000000</point>
				<point>251.000000,703.000000</point>
				<point>252.000000,697.000000</point>
				<point>271.000000,701.000000</point>
			</points>
		</object>
		<object>
			<coordinate>pixel</coordinate>
			<type>rectangle</type>
			<description>None</description>
			<possibleresult>
				<name>Van</name>
			</possibleresult>
			<points>
				<point>303.000000,607.000000</point>
				<point>302.000000,613.000000</point>
				<point>284.000000,609.000000</point>
				<point>286.000000,604.000000</point>
				<point>303.000000,607.000000</point>
			</points>
		</object>
		<object>
			<coordinate>pixel</coordinate>
			<type>rectangle</type>
			<description>None</description>
			<possibleresult>
				<name>Van</name>
			</possibleresult>
			<points>
				<point>349.000000,594.000000</point>
				<point>347.000000,600.000000</point>
				<point>327.000000,595.000000</point>
				<point>329.000000,589.000000</point>
				<point>349.000000,594.000000</point>
			</points>
		</object>
		<object>
			<coordinate>pixel</coordinate>
			<type>rectangle</type>
			<description>None</description>
			<possibleresult>
				<name>Small Car</name>
			</possibleresult>
			<points>
				<point>249.000000,638.000000</point>
				<point>244.000000,655.000000</point>
				<point>236.000000,652.000000</point>
				<point>241.000000,635.000000</point>
				<point>249.000000,638.000000</point>
			</points>
		</object>
		<object>
			<coordinate>pixel</coordinate>
			<type>rectangle</type>
			<description>None</description>
			<possibleresult>
				<name>Small Car</name>
			</possibleresult>
			<points>
				<point>236.000000,639.000000</point>
				<point>233.000000,652.000000</point>
				<point>227.000000,650.000000</point>
				<point>230.000000,637.000000</point>
				<point>236.000000,639.000000</point>
			</points>
		</object>
		<object>
			<coordinate>pixel</coordinate>
			<type>rectangle</type>
			<description>None</description>
			<possibleresult>
				<name>Small Car</name>
			</possibleresult>
			<points>
				<point>275.000000,781.000000</point>
				<point>271.000000,797.000000</point>
				<point>263.000000,795.000000</point>
				<point>267.000000,779.000000</point>
				<point>275.000000,781.000000</point>
			</points>
		</object>
		<object>
			<coordinate>pixel</coordinate>
			<type>rectangle</type>
			<description>None</description>
			<possibleresult>
				<name>Small Car</name>
			</possibleresult>
			<points>
				<point>263.000000,781.000000</point>
				<point>260.000000,794.000000</point>
				<point>252.000000,792.000000</point>
				<point>256.000000,780.000000</point>
				<point>263.000000,781.000000</point>
			</points>
		</object>
		<object>
			<coordinate>pixel</coordinate>
			<type>rectangle</type>
			<description>None</description>
			<possibleresult>
				<name>Van</name>
			</possibleresult>
			<points>
				<point>254.000000,774.000000</point>
				<point>249.000000,790.000000</point>
				<point>241.000000,788.000000</point>
				<point>246.000000,772.000000</point>
				<point>254.000000,774.000000</point>
			</points>
		</object>
		<object>
			<coordinate>pixel</coordinate>
			<type>rectangle</type>
			<description>None</description>
			<possibleresult>
				<name>Small Car</name>
			</possibleresult>
			<points>
				<point>84.000000,900.000000</point>
				<point>76.000000,914.000000</point>
				<point>69.000000,910.000000</point>
				<point>77.000000,896.000000</point>
				<point>84.000000,900.000000</point>
			</points>
		</object>
		<object>
			<coordinate>pixel</coordinate>
			<type>rectangle</type>
			<description>None</description>
			<possibleresult>
				<name>Small Car</name>
			</possibleresult>
			<points>
				<point>112.000000,907.000000</point>
				<point>103.000000,923.000000</point>
				<point>96.000000,919.000000</point>
				<point>105.000000,903.000000</point>
				<point>112.000000,907.000000</point>
			</points>
		</object>
		<object>
			<coordinate>pixel</coordinate>
			<type>rectangle</type>
			<description>None</description>
			<possibleresult>
				<name>Van</name>
			</possibleresult>
			<points>
				<point>121.000000,911.000000</point>
				<point>114.000000,923.000000</point>
				<point>108.000000,920.000000</point>
				<point>115.000000,908.000000</point>
				<point>121.000000,911.000000</point>
			</points>
		</object>
		<object>
			<coordinate>pixel</coordinate>
			<type>rectangle</type>
			<description>None</description>
			<possibleresult>
				<name>Small Car</name>
			</possibleresult>
			<points>
				<point>121.000000,883.000000</point>
				<point>119.000000,891.000000</point>
				<point>100.000000,885.000000</point>
				<point>102.000000,877.000000</point>
				<point>121.000000,883.000000</point>
			</points>
		</object>
		<object>
			<coordinate>pixel</coordinate>
			<type>rectangle</type>
			<description>None</description>
			<possibleresult>
				<name>Small Car</name>
			</possibleresult>
			<points>
				<point>600.000000,813.000000</point>
				<point>600.000000,822.000000</point>
				<point>580.000000,821.000000</point>
				<point>580.000000,812.000000</point>
				<point>600.000000,813.000000</point>
			</points>
		</object>
		<object>
			<coordinate>pixel</coordinate>
			<type>rectangle</type>
			<description>None</description>
			<possibleresult>
				<name>Van</name>
			</possibleresult>
			<points>
				<point>637.000000,812.000000</point>
				<point>630.000000,813.000000</point>
				<point>627.000000,796.000000</point>
				<point>635.000000,796.000000</point>
				<point>637.000000,812.000000</point>
			</points>
		</object>
		<object>
			<coordinate>pixel</coordinate>
			<type>rectangle</type>
			<description>None</description>
			<possibleresult>
				<name>Van</name>
			</possibleresult>
			<points>
				<point>423.000000,930.000000</point>
				<point>422.000000,944.000000</point>
				<point>413.000000,943.000000</point>
				<point>414.000000,929.000000</point>
				<point>423.000000,930.000000</point>
			</points>
		</object>
		<object>
			<coordinate>pixel</coordinate>
			<type>rectangle</type>
			<description>None</description>
			<possibleresult>
				<name>Van</name>
			</possibleresult>
			<points>
				<point>408.000000,960.000000</point>
				<point>407.000000,967.000000</point>
				<point>386.000000,965.000000</point>
				<point>387.000000,958.000000</point>
				<point>408.000000,960.000000</point>
			</points>
		</object>
		<object>
			<coordinate>pixel</coordinate>
			<type>rectangle</type>
			<description>None</description>
			<possibleresult>
				<name>Van</name>
			</possibleresult>
			<points>
				<point>411.000000,952.000000</point>
				<point>410.000000,959.000000</point>
				<point>388.000000,956.000000</point>
				<point>388.000000,948.000000</point>
				<point>411.000000,952.000000</point>
			</points>
		</object>
		<object>
			<coordinate>pixel</coordinate>
			<type>rectangle</type>
			<description>None</description>
			<possibleresult>
				<name>Small Car</name>
			</possibleresult>
			<points>
				<point>324.000000,982.000000</point>
				<point>323.000000,989.000000</point>
				<point>304.000000,987.000000</point>
				<point>305.000000,979.000000</point>
				<point>324.000000,982.000000</point>
			</points>
		</object>
		<object>
			<coordinate>pixel</coordinate>
			<type>rectangle</type>
			<description>None</description>
			<possibleresult>
				<name>Small Car</name>
			</possibleresult>
			<points>
				<point>373.000000,985.000000</point>
				<point>372.000000,991.000000</point>
				<point>357.000000,989.000000</point>
				<point>358.000000,983.000000</point>
				<point>373.000000,985.000000</point>
			</points>
		</object>
		<object>
			<coordinate>pixel</coordinate>
			<type>rectangle</type>
			<description>None</description>
			<possibleresult>
				<name>Van</name>
			</possibleresult>
			<points>
				<point>238.000000,892.000000</point>
				<point>237.000000,899.000000</point>
				<point>219.000000,895.000000</point>
				<point>221.000000,889.000000</point>
				<point>238.000000,892.000000</point>
			</points>
		</object>
		<object>
			<coordinate>pixel</coordinate>
			<type>rectangle</type>
			<description>None</description>
			<possibleresult>
				<name>Van</name>
			</possibleresult>
			<points>
				<point>272.000000,912.000000</point>
				<point>270.000000,918.000000</point>
				<point>250.000000,914.000000</point>
				<point>251.000000,907.000000</point>
				<point>272.000000,912.000000</point>
			</points>
		</object>
		<object>
			<coordinate>pixel</coordinate>
			<type>rectangle</type>
			<description>None</description>
			<possibleresult>
				<name>Small Car</name>
			</possibleresult>
			<points>
				<point>272.000000,900.000000</point>
				<point>271.000000,908.000000</point>
				<point>250.000000,906.000000</point>
				<point>250.000000,897.000000</point>
				<point>272.000000,900.000000</point>
			</points>
		</object>
		<object>
			<coordinate>pixel</coordinate>
			<type>rectangle</type>
			<description>None</description>
			<possibleresult>
				<name>Van</name>
			</possibleresult>
			<points>
				<point>287.000000,836.000000</point>
				<point>285.000000,844.000000</point>
				<point>264.000000,838.000000</point>
				<point>266.000000,830.000000</point>
				<point>287.000000,836.000000</point>
			</points>
		</object>
		<object>
			<coordinate>pixel</coordinate>
			<type>rectangle</type>
			<description>None</description>
			<possibleresult>
				<name>Van</name>
			</possibleresult>
			<points>
				<point>392.000000,823.000000</point>
				<point>390.000000,831.000000</point>
				<point>370.000000,826.000000</point>
				<point>372.000000,818.000000</point>
				<point>392.000000,823.000000</point>
			</points>
		</object>
		<object>
			<coordinate>pixel</coordinate>
			<type>rectangle</type>
			<description>None</description>
			<possibleresult>
				<name>Van</name>
			</possibleresult>
			<points>
				<point>393.000000,805.000000</point>
				<point>393.000000,813.000000</point>
				<point>374.000000,811.000000</point>
				<point>374.000000,803.000000</point>
				<point>393.000000,805.000000</point>
			</points>
		</object>
		<object>
			<coordinate>pixel</coordinate>
			<type>rectangle</type>
			<description>None</description>
			<possibleresult>
				<name>Van</name>
			</possibleresult>
			<points>
				<point>217.000000,856.000000</point>
				<point>209.000000,870.000000</point>
				<point>203.000000,867.000000</point>
				<point>210.000000,852.000000</point>
				<point>217.000000,856.000000</point>
			</points>
		</object>
		<object>
			<coordinate>pixel</coordinate>
			<type>rectangle</type>
			<description>None</description>
			<possibleresult>
				<name>Van</name>
			</possibleresult>
			<points>
				<point>201.000000,858.000000</point>
				<point>195.000000,871.000000</point>
				<point>189.000000,868.000000</point>
				<point>195.000000,855.000000</point>
				<point>201.000000,858.000000</point>
			</points>
		</object>
		<object>
			<coordinate>pixel</coordinate>
			<type>rectangle</type>
			<description>None</description>
			<possibleresult>
				<name>Small Car</name>
			</possibleresult>
			<points>
				<point>11.000000,422.000000</point>
				<point>10.000000,429.000000</point>
				<point>0.000000,426.000000</point>
				<point>0.000000,419.000000</point>
				<point>11.000000,422.000000</point>
			</points>
		</object>
		<object>
			<coordinate>pixel</coordinate>
			<type>rectangle</type>
			<description>None</description>
			<possibleresult>
				<name>Small Car</name>
			</possibleresult>
			<points>
				<point>20.000000,399.000000</point>
				<point>19.000000,406.000000</point>
				<point>3.000000,402.000000</point>
				<point>5.000000,394.000000</point>
				<point>20.000000,399.000000</point>
			</points>
		</object>
		<object>
			<coordinate>pixel</coordinate>
			<type>rectangle</type>
			<description>None</description>
			<possibleresult>
				<name>Small Car</name>
			</possibleresult>
			<points>
				<point>602.000000,654.000000</point>
				<point>601.000000,661.000000</point>
				<point>582.000000,660.000000</point>
				<point>583.000000,653.000000</point>
				<point>602.000000,654.000000</point>
			</points>
		</object>
		<object>
			<coordinate>pixel</coordinate>
			<type>rectangle</type>
			<description>None</description>
			<possibleresult>
				<name>Van</name>
			</possibleresult>
			<points>
				<point>560.000000,673.000000</point>
				<point>557.000000,691.000000</point>
				<point>548.000000,690.000000</point>
				<point>551.000000,672.000000</point>
				<point>560.000000,673.000000</point>
			</points>
		</object>
		<object>
			<coordinate>pixel</coordinate>
			<type>rectangle</type>
			<description>None</description>
			<possibleresult>
				<name>Small Car</name>
			</possibleresult>
			<points>
				<point>540.000000,664.000000</point>
				<point>537.000000,679.000000</point>
				<point>530.000000,678.000000</point>
				<point>532.000000,662.000000</point>
				<point>540.000000,664.000000</point>
			</points>
		</object>
		<object>
			<coordinate>pixel</coordinate>
			<type>rectangle</type>
			<description>None</description>
			<possibleresult>
				<name>Van</name>
			</possibleresult>
			<points>
				<point>159.000000,723.000000</point>
				<point>155.000000,731.000000</point>
				<point>137.000000,722.000000</point>
				<point>141.000000,714.000000</point>
				<point>159.000000,723.000000</point>
			</points>
		</object>
		<object>
			<coordinate>pixel</coordinate>
			<type>rectangle</type>
			<description>None</description>
			<possibleresult>
				<name>Van</name>
			</possibleresult>
			<points>
				<point>626.000000,869.000000</point>
				<point>625.000000,877.000000</point>
				<point>605.000000,876.000000</point>
				<point>605.000000,867.000000</point>
				<point>626.000000,869.000000</point>
			</points>
		</object>
		<object>
			<coordinate>pixel</coordinate>
			<type>rectangle</type>
			<description>None</description>
			<possibleresult>
				<name>Van</name>
			</possibleresult>
			<points>
				<point>624.000000,849.000000</point>
				<point>624.000000,857.000000</point>
				<point>609.000000,856.000000</point>
				<point>609.000000,848.000000</point>
				<point>624.000000,849.000000</point>
			</points>
		</object>
		<object>
			<coordinate>pixel</coordinate>
			<type>rectangle</type>
			<description>None</description>
			<possibleresult>
				<name>Small Car</name>
			</possibleresult>
			<points>
				<point>585.000000,873.000000</point>
				<point>563.000000,873.000000</point>
				<point>563.000000,865.000000</point>
				<point>585.000000,865.000000</point>
				<point>585.000000,873.000000</point>
			</points>
		</object>
		<object>
			<coordinate>pixel</coordinate>
			<type>rectangle</type>
			<description>None</description>
			<possibleresult>
				<name>Small Car</name>
			</possibleresult>
			<points>
				<point>627.000000,859.000000</point>
				<point>626.000000,866.000000</point>
				<point>606.000000,864.000000</point>
				<point>606.000000,856.000000</point>
				<point>627.000000,859.000000</point>
			</points>
		</object>
	</objects>
</annotation>