<?xml version="1.0" encoding="utf-8"?>
<annotation>
	<source>
		<filename>1461.tif</filename>
		<origin>GF2/GF3</origin>
	</source>
	<research>
		<version>1.0</version>
		<provider>FAIR1M</provider>
		<author>Cyber</author>
		<pluginname>FAIR1M</pluginname>
		<pluginclass>object detection</pluginclass>
		<time>2021-07-21</time>
	</research>
	<size>
		<width>1000</width>
		<height>1000</height>
		<depth>3</depth>
	</size>
	<objects>
		<object>
			<coordinate>pixel</coordinate>
			<type>rectangle</type>
			<description>None</description>
			<possibleresult>
				<name>Intersection</name>
			</possibleresult>
			<points>
				<point>649.000000,289.000000</point>
				<point>592.000000,386.000000</point>
				<point>522.000000,344.000000</point>
				<point>578.000000,247.000000</point>
				<point>649.000000,289.000000</point>
			</points>
		</object>
		<object>
			<coordinate>pixel</coordinate>
			<type>rectangle</type>
			<description>None</description>
			<possibleresult>
				<name>Intersection</name>
			</possibleresult>
			<points>
				<point>763.000000,619.000000</point>
				<point>752.000000,629.000000</point>
				<point>739.000000,614.000000</point>
				<point>751.000000,605.000000</point>
				<point>763.000000,619.000000</point>
			</points>
		</object>
		<object>
			<coordinate>pixel</coordinate>
			<type>rectangle</type>
			<description>None</description>
			<possibleresult>
				<name>Intersection</name>
			</possibleresult>
			<points>
				<point>902.000000,930.000000</point>
				<point>876.000000,934.000000</point>
				<point>871.000000,899.000000</point>
				<point>897.000000,895.000000</point>
				<point>902.000000,930.000000</point>
			</points>
		</object>
		<object>
			<coordinate>pixel</coordinate>
			<type>rectangle</type>
			<description>None</description>
			<possibleresult>
				<name>Intersection</name>
			</possibleresult>
			<points>
				<point>213.000000,424.000000</point>
				<point>190.000000,426.000000</point>
				<point>187.000000,401.000000</point>
				<point>211.000000,400.000000</point>
				<point>213.000000,424.000000</point>
			</points>
		</object>
		<object>
			<coordinate>pixel</coordinate>
			<type>rectangle</type>
			<description>None</description>
			<possibleresult>
				<name>Small Car</name>
			</possibleresult>
			<points>
				<point>111.000000,533.000000</point>
				<point>111.000000,539.000000</point>
				<point>93.000000,537.000000</point>
				<point>94.000000,532.000000</point>
				<point>111.000000,533.000000</point>
			</points>
		</object>
		<object>
			<coordinate>pixel</coordinate>
			<type>rectangle</type>
			<description>None</description>
			<possibleresult>
				<name>Small Car</name>
			</possibleresult>
			<points>
				<point>162.000000,660.000000</point>
				<point>162.000000,666.000000</point>
				<point>146.000000,664.000000</point>
				<point>147.000000,657.000000</point>
				<point>162.000000,660.000000</point>
			</points>
		</object>
		<object>
			<coordinate>pixel</coordinate>
			<type>rectangle</type>
			<description>None</description>
			<possibleresult>
				<name>Van</name>
			</possibleresult>
			<points>
				<point>59.000000,687.000000</point>
				<point>52.000000,687.000000</point>
				<point>52.000000,677.000000</point>
				<point>59.000000,677.000000</point>
				<point>59.000000,687.000000</point>
			</points>
		</object>
		<object>
			<coordinate>pixel</coordinate>
			<type>rectangle</type>
			<description>None</description>
			<possibleresult>
				<name>Small Car</name>
			</possibleresult>
			<points>
				<point>48.000000,688.000000</point>
				<point>42.000000,688.000000</point>
				<point>42.000000,675.000000</point>
				<point>48.000000,675.000000</point>
				<point>48.000000,688.000000</point>
			</points>
		</object>
		<object>
			<coordinate>pixel</coordinate>
			<type>rectangle</type>
			<description>None</description>
			<possibleresult>
				<name>Small Car</name>
			</possibleresult>
			<points>
				<point>38.000000,676.000000</point>
				<point>37.000000,688.000000</point>
				<point>30.000000,687.000000</point>
				<point>31.000000,675.000000</point>
				<point>38.000000,676.000000</point>
			</points>
		</object>
		<object>
			<coordinate>pixel</coordinate>
			<type>rectangle</type>
			<description>None</description>
			<possibleresult>
				<name>Small Car</name>
			</possibleresult>
			<points>
				<point>27.000000,687.000000</point>
				<point>18.000000,687.000000</point>
				<point>18.000000,675.000000</point>
				<point>27.000000,675.000000</point>
				<point>27.000000,687.000000</point>
			</points>
		</object>
		<object>
			<coordinate>pixel</coordinate>
			<type>rectangle</type>
			<description>None</description>
			<possibleresult>
				<name>Small Car</name>
			</possibleresult>
			<points>
				<point>48.000000,709.000000</point>
				<point>41.000000,709.000000</point>
				<point>41.000000,693.000000</point>
				<point>48.000000,693.000000</point>
				<point>48.000000,709.000000</point>
			</points>
		</object>
		<object>
			<coordinate>pixel</coordinate>
			<type>rectangle</type>
			<description>None</description>
			<possibleresult>
				<name>Small Car</name>
			</possibleresult>
			<points>
				<point>38.000000,692.000000</point>
				<point>37.000000,708.000000</point>
				<point>30.000000,708.000000</point>
				<point>31.000000,692.000000</point>
				<point>38.000000,692.000000</point>
			</points>
		</object>
		<object>
			<coordinate>pixel</coordinate>
			<type>rectangle</type>
			<description>None</description>
			<possibleresult>
				<name>Van</name>
			</possibleresult>
			<points>
				<point>27.000000,706.000000</point>
				<point>20.000000,706.000000</point>
				<point>20.000000,694.000000</point>
				<point>27.000000,694.000000</point>
				<point>27.000000,706.000000</point>
			</points>
		</object>
		<object>
			<coordinate>pixel</coordinate>
			<type>rectangle</type>
			<description>None</description>
			<possibleresult>
				<name>Small Car</name>
			</possibleresult>
			<points>
				<point>52.000000,846.000000</point>
				<point>50.000000,853.000000</point>
				<point>31.000000,849.000000</point>
				<point>32.000000,843.000000</point>
				<point>52.000000,846.000000</point>
			</points>
		</object>
		<object>
			<coordinate>pixel</coordinate>
			<type>rectangle</type>
			<description>None</description>
			<possibleresult>
				<name>Van</name>
			</possibleresult>
			<points>
				<point>14.000000,874.000000</point>
				<point>13.000000,882.000000</point>
				<point>0.000000,881.000000</point>
				<point>0.000000,873.000000</point>
				<point>14.000000,874.000000</point>
			</points>
		</object>
		<object>
			<coordinate>pixel</coordinate>
			<type>rectangle</type>
			<description>None</description>
			<possibleresult>
				<name>Van</name>
			</possibleresult>
			<points>
				<point>47.000000,897.000000</point>
				<point>47.000000,903.000000</point>
				<point>31.000000,901.000000</point>
				<point>32.000000,894.000000</point>
				<point>47.000000,897.000000</point>
			</points>
		</object>
		<object>
			<coordinate>pixel</coordinate>
			<type>rectangle</type>
			<description>None</description>
			<possibleresult>
				<name>Van</name>
			</possibleresult>
			<points>
				<point>52.000000,890.000000</point>
				<point>51.000000,897.000000</point>
				<point>32.000000,894.000000</point>
				<point>33.000000,887.000000</point>
				<point>52.000000,890.000000</point>
			</points>
		</object>
		<object>
			<coordinate>pixel</coordinate>
			<type>rectangle</type>
			<description>None</description>
			<possibleresult>
				<name>Small Car</name>
			</possibleresult>
			<points>
				<point>188.000000,987.000000</point>
				<point>181.000000,1000.000000</point>
				<point>171.000000,1000.000000</point>
				<point>181.000000,983.000000</point>
				<point>188.000000,987.000000</point>
			</points>
		</object>
		<object>
			<coordinate>pixel</coordinate>
			<type>rectangle</type>
			<description>None</description>
			<possibleresult>
				<name>Van</name>
			</possibleresult>
			<points>
				<point>215.000000,982.000000</point>
				<point>206.000000,999.000000</point>
				<point>198.000000,995.000000</point>
				<point>208.000000,978.000000</point>
				<point>215.000000,982.000000</point>
			</points>
		</object>
		<object>
			<coordinate>pixel</coordinate>
			<type>rectangle</type>
			<description>None</description>
			<possibleresult>
				<name>Small Car</name>
			</possibleresult>
			<points>
				<point>224.000000,925.000000</point>
				<point>216.000000,938.000000</point>
				<point>209.000000,934.000000</point>
				<point>218.000000,920.000000</point>
				<point>224.000000,925.000000</point>
			</points>
		</object>
		<object>
			<coordinate>pixel</coordinate>
			<type>rectangle</type>
			<description>None</description>
			<possibleresult>
				<name>Small Car</name>
			</possibleresult>
			<points>
				<point>249.000000,934.000000</point>
				<point>240.000000,948.000000</point>
				<point>233.000000,944.000000</point>
				<point>241.000000,929.000000</point>
				<point>249.000000,934.000000</point>
			</points>
		</object>
		<object>
			<coordinate>pixel</coordinate>
			<type>rectangle</type>
			<description>None</description>
			<possibleresult>
				<name>Van</name>
			</possibleresult>
			<points>
				<point>308.000000,947.000000</point>
				<point>306.000000,954.000000</point>
				<point>286.000000,947.000000</point>
				<point>289.000000,939.000000</point>
				<point>308.000000,947.000000</point>
			</points>
		</object>
		<object>
			<coordinate>pixel</coordinate>
			<type>rectangle</type>
			<description>None</description>
			<possibleresult>
				<name>other-vehicle</name>
			</possibleresult>
			<points>
				<point>348.000000,944.000000</point>
				<point>339.000000,958.000000</point>
				<point>332.000000,954.000000</point>
				<point>340.000000,939.000000</point>
				<point>348.000000,944.000000</point>
			</points>
		</object>
		<object>
			<coordinate>pixel</coordinate>
			<type>rectangle</type>
			<description>None</description>
			<possibleresult>
				<name>Small Car</name>
			</possibleresult>
			<points>
				<point>359.000000,946.000000</point>
				<point>351.000000,959.000000</point>
				<point>344.000000,955.000000</point>
				<point>352.000000,942.000000</point>
				<point>359.000000,946.000000</point>
			</points>
		</object>
		<object>
			<coordinate>pixel</coordinate>
			<type>rectangle</type>
			<description>None</description>
			<possibleresult>
				<name>Small Car</name>
			</possibleresult>
			<points>
				<point>288.000000,824.000000</point>
				<point>279.000000,838.000000</point>
				<point>272.000000,834.000000</point>
				<point>281.000000,820.000000</point>
				<point>288.000000,824.000000</point>
			</points>
		</object>
		<object>
			<coordinate>pixel</coordinate>
			<type>rectangle</type>
			<description>None</description>
			<possibleresult>
				<name>Small Car</name>
			</possibleresult>
			<points>
				<point>280.000000,877.000000</point>
				<point>272.000000,890.000000</point>
				<point>265.000000,886.000000</point>
				<point>273.000000,873.000000</point>
				<point>280.000000,877.000000</point>
			</points>
		</object>
		<object>
			<coordinate>pixel</coordinate>
			<type>rectangle</type>
			<description>None</description>
			<possibleresult>
				<name>Van</name>
			</possibleresult>
			<points>
				<point>374.000000,910.000000</point>
				<point>371.000000,923.000000</point>
				<point>364.000000,921.000000</point>
				<point>367.000000,908.000000</point>
				<point>374.000000,910.000000</point>
			</points>
		</object>
		<object>
			<coordinate>pixel</coordinate>
			<type>rectangle</type>
			<description>None</description>
			<possibleresult>
				<name>Van</name>
			</possibleresult>
			<points>
				<point>475.000000,884.000000</point>
				<point>474.000000,890.000000</point>
				<point>461.000000,886.000000</point>
				<point>463.000000,881.000000</point>
				<point>475.000000,884.000000</point>
			</points>
		</object>
		<object>
			<coordinate>pixel</coordinate>
			<type>rectangle</type>
			<description>None</description>
			<possibleresult>
				<name>Small Car</name>
			</possibleresult>
			<points>
				<point>350.000000,714.000000</point>
				<point>341.000000,730.000000</point>
				<point>334.000000,727.000000</point>
				<point>343.000000,711.000000</point>
				<point>350.000000,714.000000</point>
			</points>
		</object>
		<object>
			<coordinate>pixel</coordinate>
			<type>rectangle</type>
			<description>None</description>
			<possibleresult>
				<name>Cargo Truck</name>
			</possibleresult>
			<points>
				<point>339.000000,804.000000</point>
				<point>322.000000,833.000000</point>
				<point>314.000000,828.000000</point>
				<point>331.000000,799.000000</point>
				<point>339.000000,804.000000</point>
			</points>
		</object>
		<object>
			<coordinate>pixel</coordinate>
			<type>rectangle</type>
			<description>None</description>
			<possibleresult>
				<name>Van</name>
			</possibleresult>
			<points>
				<point>376.000000,666.000000</point>
				<point>369.000000,679.000000</point>
				<point>361.000000,674.000000</point>
				<point>369.000000,662.000000</point>
				<point>376.000000,666.000000</point>
			</points>
		</object>
		<object>
			<coordinate>pixel</coordinate>
			<type>rectangle</type>
			<description>None</description>
			<possibleresult>
				<name>Small Car</name>
			</possibleresult>
			<points>
				<point>443.000000,598.000000</point>
				<point>434.000000,613.000000</point>
				<point>427.000000,609.000000</point>
				<point>436.000000,594.000000</point>
				<point>443.000000,598.000000</point>
			</points>
		</object>
		<object>
			<coordinate>pixel</coordinate>
			<type>rectangle</type>
			<description>None</description>
			<possibleresult>
				<name>Bus</name>
			</possibleresult>
			<points>
				<point>403.000000,618.000000</point>
				<point>379.000000,651.000000</point>
				<point>370.000000,644.000000</point>
				<point>393.000000,612.000000</point>
				<point>403.000000,618.000000</point>
			</points>
		</object>
		<object>
			<coordinate>pixel</coordinate>
			<type>rectangle</type>
			<description>None</description>
			<possibleresult>
				<name>Small Car</name>
			</possibleresult>
			<points>
				<point>534.000000,459.000000</point>
				<point>525.000000,472.000000</point>
				<point>519.000000,469.000000</point>
				<point>527.000000,456.000000</point>
				<point>534.000000,459.000000</point>
			</points>
		</object>
		<object>
			<coordinate>pixel</coordinate>
			<type>rectangle</type>
			<description>None</description>
			<possibleresult>
				<name>Van</name>
			</possibleresult>
			<points>
				<point>535.000000,435.000000</point>
				<point>527.000000,448.000000</point>
				<point>521.000000,444.000000</point>
				<point>528.000000,432.000000</point>
				<point>535.000000,435.000000</point>
			</points>
		</object>
		<object>
			<coordinate>pixel</coordinate>
			<type>rectangle</type>
			<description>None</description>
			<possibleresult>
				<name>Van</name>
			</possibleresult>
			<points>
				<point>570.000000,415.000000</point>
				<point>562.000000,430.000000</point>
				<point>555.000000,426.000000</point>
				<point>563.000000,411.000000</point>
				<point>570.000000,415.000000</point>
			</points>
		</object>
		<object>
			<coordinate>pixel</coordinate>
			<type>rectangle</type>
			<description>None</description>
			<possibleresult>
				<name>Small Car</name>
			</possibleresult>
			<points>
				<point>597.000000,351.000000</point>
				<point>588.000000,365.000000</point>
				<point>583.000000,362.000000</point>
				<point>591.000000,347.000000</point>
				<point>597.000000,351.000000</point>
			</points>
		</object>
		<object>
			<coordinate>pixel</coordinate>
			<type>rectangle</type>
			<description>None</description>
			<possibleresult>
				<name>Van</name>
			</possibleresult>
			<points>
				<point>625.000000,295.000000</point>
				<point>618.000000,308.000000</point>
				<point>612.000000,304.000000</point>
				<point>619.000000,291.000000</point>
				<point>625.000000,295.000000</point>
			</points>
		</object>
		<object>
			<coordinate>pixel</coordinate>
			<type>rectangle</type>
			<description>None</description>
			<possibleresult>
				<name>Van</name>
			</possibleresult>
			<points>
				<point>665.000000,217.000000</point>
				<point>657.000000,231.000000</point>
				<point>651.000000,227.000000</point>
				<point>659.000000,213.000000</point>
				<point>665.000000,217.000000</point>
			</points>
		</object>
		<object>
			<coordinate>pixel</coordinate>
			<type>rectangle</type>
			<description>None</description>
			<possibleresult>
				<name>Small Car</name>
			</possibleresult>
			<points>
				<point>677.000000,152.000000</point>
				<point>668.000000,168.000000</point>
				<point>660.000000,163.000000</point>
				<point>669.000000,147.000000</point>
				<point>677.000000,152.000000</point>
			</points>
		</object>
		<object>
			<coordinate>pixel</coordinate>
			<type>rectangle</type>
			<description>None</description>
			<possibleresult>
				<name>Small Car</name>
			</possibleresult>
			<points>
				<point>709.000000,162.000000</point>
				<point>701.000000,177.000000</point>
				<point>696.000000,174.000000</point>
				<point>704.000000,158.000000</point>
				<point>709.000000,162.000000</point>
			</points>
		</object>
		<object>
			<coordinate>pixel</coordinate>
			<type>rectangle</type>
			<description>None</description>
			<possibleresult>
				<name>Van</name>
			</possibleresult>
			<points>
				<point>709.000000,137.000000</point>
				<point>700.000000,154.000000</point>
				<point>693.000000,150.000000</point>
				<point>702.000000,133.000000</point>
				<point>709.000000,137.000000</point>
			</points>
		</object>
		<object>
			<coordinate>pixel</coordinate>
			<type>rectangle</type>
			<description>None</description>
			<possibleresult>
				<name>Small Car</name>
			</possibleresult>
			<points>
				<point>787.000000,5.000000</point>
				<point>780.000000,17.000000</point>
				<point>773.000000,14.000000</point>
				<point>781.000000,1.000000</point>
				<point>787.000000,5.000000</point>
			</points>
		</object>
		<object>
			<coordinate>pixel</coordinate>
			<type>rectangle</type>
			<description>None</description>
			<possibleresult>
				<name>Van</name>
			</possibleresult>
			<points>
				<point>772.000000,55.000000</point>
				<point>764.000000,70.000000</point>
				<point>757.000000,66.000000</point>
				<point>765.000000,51.000000</point>
				<point>772.000000,55.000000</point>
			</points>
		</object>
		<object>
			<coordinate>pixel</coordinate>
			<type>rectangle</type>
			<description>None</description>
			<possibleresult>
				<name>Small Car</name>
			</possibleresult>
			<points>
				<point>861.000000,996.000000</point>
				<point>839.000000,998.000000</point>
				<point>839.000000,991.000000</point>
				<point>861.000000,989.000000</point>
				<point>861.000000,996.000000</point>
			</points>
		</object>
		<object>
			<coordinate>pixel</coordinate>
			<type>rectangle</type>
			<description>None</description>
			<possibleresult>
				<name>Small Car</name>
			</possibleresult>
			<points>
				<point>857.000000,987.000000</point>
				<point>839.000000,987.000000</point>
				<point>839.000000,981.000000</point>
				<point>857.000000,981.000000</point>
				<point>857.000000,987.000000</point>
			</points>
		</object>
		<object>
			<coordinate>pixel</coordinate>
			<type>rectangle</type>
			<description>None</description>
			<possibleresult>
				<name>Small Car</name>
			</possibleresult>
			<points>
				<point>856.000000,980.000000</point>
				<point>839.000000,980.000000</point>
				<point>839.000000,974.000000</point>
				<point>856.000000,974.000000</point>
				<point>856.000000,980.000000</point>
			</points>
		</object>
		<object>
			<coordinate>pixel</coordinate>
			<type>rectangle</type>
			<description>None</description>
			<possibleresult>
				<name>Van</name>
			</possibleresult>
			<points>
				<point>861.000000,971.000000</point>
				<point>840.000000,971.000000</point>
				<point>840.000000,964.000000</point>
				<point>861.000000,964.000000</point>
				<point>861.000000,971.000000</point>
			</points>
		</object>
		<object>
			<coordinate>pixel</coordinate>
			<type>rectangle</type>
			<description>None</description>
			<possibleresult>
				<name>Small Car</name>
			</possibleresult>
			<points>
				<point>863.000000,953.000000</point>
				<point>843.000000,953.000000</point>
				<point>843.000000,945.000000</point>
				<point>863.000000,945.000000</point>
				<point>863.000000,953.000000</point>
			</points>
		</object>
		<object>
			<coordinate>pixel</coordinate>
			<type>rectangle</type>
			<description>None</description>
			<possibleresult>
				<name>Van</name>
			</possibleresult>
			<points>
				<point>866.000000,945.000000</point>
				<point>843.000000,945.000000</point>
				<point>843.000000,937.000000</point>
				<point>866.000000,937.000000</point>
				<point>866.000000,945.000000</point>
			</points>
		</object>
		<object>
			<coordinate>pixel</coordinate>
			<type>rectangle</type>
			<description>None</description>
			<possibleresult>
				<name>Small Car</name>
			</possibleresult>
			<points>
				<point>973.000000,982.000000</point>
				<point>964.000000,983.000000</point>
				<point>962.000000,964.000000</point>
				<point>971.000000,964.000000</point>
				<point>973.000000,982.000000</point>
			</points>
		</object>
		<object>
			<coordinate>pixel</coordinate>
			<type>rectangle</type>
			<description>None</description>
			<possibleresult>
				<name>Small Car</name>
			</possibleresult>
			<points>
				<point>967.000000,936.000000</point>
				<point>959.000000,937.000000</point>
				<point>957.000000,921.000000</point>
				<point>966.000000,921.000000</point>
				<point>967.000000,936.000000</point>
			</points>
		</object>
		<object>
			<coordinate>pixel</coordinate>
			<type>rectangle</type>
			<description>None</description>
			<possibleresult>
				<name>Small Car</name>
			</possibleresult>
			<points>
				<point>950.000000,854.000000</point>
				<point>942.000000,856.000000</point>
				<point>939.000000,836.000000</point>
				<point>947.000000,834.000000</point>
				<point>950.000000,854.000000</point>
			</points>
		</object>
		<object>
			<coordinate>pixel</coordinate>
			<type>rectangle</type>
			<description>None</description>
			<possibleresult>
				<name>Small Car</name>
			</possibleresult>
			<points>
				<point>749.000000,865.000000</point>
				<point>747.000000,873.000000</point>
				<point>726.000000,869.000000</point>
				<point>727.000000,862.000000</point>
				<point>749.000000,865.000000</point>
			</points>
		</object>
		<object>
			<coordinate>pixel</coordinate>
			<type>rectangle</type>
			<description>None</description>
			<possibleresult>
				<name>Small Car</name>
			</possibleresult>
			<points>
				<point>924.000000,739.000000</point>
				<point>904.000000,741.000000</point>
				<point>903.000000,732.000000</point>
				<point>924.000000,729.000000</point>
				<point>924.000000,739.000000</point>
			</points>
		</object>
		<object>
			<coordinate>pixel</coordinate>
			<type>rectangle</type>
			<description>None</description>
			<possibleresult>
				<name>Small Car</name>
			</possibleresult>
			<points>
				<point>923.000000,730.000000</point>
				<point>902.000000,732.000000</point>
				<point>902.000000,725.000000</point>
				<point>923.000000,723.000000</point>
				<point>923.000000,730.000000</point>
			</points>
		</object>
		<object>
			<coordinate>pixel</coordinate>
			<type>rectangle</type>
			<description>None</description>
			<possibleresult>
				<name>Van</name>
			</possibleresult>
			<points>
				<point>922.000000,722.000000</point>
				<point>901.000000,724.000000</point>
				<point>900.000000,715.000000</point>
				<point>921.000000,713.000000</point>
				<point>922.000000,722.000000</point>
			</points>
		</object>
		<object>
			<coordinate>pixel</coordinate>
			<type>rectangle</type>
			<description>None</description>
			<possibleresult>
				<name>Small Car</name>
			</possibleresult>
			<points>
				<point>913.000000,713.000000</point>
				<point>895.000000,715.000000</point>
				<point>894.000000,707.000000</point>
				<point>912.000000,705.000000</point>
				<point>913.000000,713.000000</point>
			</points>
		</object>
		<object>
			<coordinate>pixel</coordinate>
			<type>rectangle</type>
			<description>None</description>
			<possibleresult>
				<name>Small Car</name>
			</possibleresult>
			<points>
				<point>888.000000,697.000000</point>
				<point>881.000000,698.000000</point>
				<point>879.000000,685.000000</point>
				<point>887.000000,685.000000</point>
				<point>888.000000,697.000000</point>
			</points>
		</object>
		<object>
			<coordinate>pixel</coordinate>
			<type>rectangle</type>
			<description>None</description>
			<possibleresult>
				<name>Small Car</name>
			</possibleresult>
			<points>
				<point>889.000000,675.000000</point>
				<point>872.000000,680.000000</point>
				<point>871.000000,674.000000</point>
				<point>888.000000,669.000000</point>
				<point>889.000000,675.000000</point>
			</points>
		</object>
		<object>
			<coordinate>pixel</coordinate>
			<type>rectangle</type>
			<description>None</description>
			<possibleresult>
				<name>Small Car</name>
			</possibleresult>
			<points>
				<point>889.000000,668.000000</point>
				<point>868.000000,674.000000</point>
				<point>866.000000,667.000000</point>
				<point>887.000000,661.000000</point>
				<point>889.000000,668.000000</point>
			</points>
		</object>
		<object>
			<coordinate>pixel</coordinate>
			<type>rectangle</type>
			<description>None</description>
			<possibleresult>
				<name>Small Car</name>
			</possibleresult>
			<points>
				<point>867.000000,565.000000</point>
				<point>855.000000,571.000000</point>
				<point>852.000000,565.000000</point>
				<point>865.000000,560.000000</point>
				<point>867.000000,565.000000</point>
			</points>
		</object>
		<object>
			<coordinate>pixel</coordinate>
			<type>rectangle</type>
			<description>None</description>
			<possibleresult>
				<name>Van</name>
			</possibleresult>
			<points>
				<point>959.000000,666.000000</point>
				<point>949.000000,677.000000</point>
				<point>945.000000,674.000000</point>
				<point>954.000000,662.000000</point>
				<point>959.000000,666.000000</point>
			</points>
		</object>
		<object>
			<coordinate>pixel</coordinate>
			<type>rectangle</type>
			<description>None</description>
			<possibleresult>
				<name>Van</name>
			</possibleresult>
			<points>
				<point>964.000000,674.000000</point>
				<point>955.000000,688.000000</point>
				<point>948.000000,683.000000</point>
				<point>957.000000,669.000000</point>
				<point>964.000000,674.000000</point>
			</points>
		</object>
		<object>
			<coordinate>pixel</coordinate>
			<type>rectangle</type>
			<description>None</description>
			<possibleresult>
				<name>Small Car</name>
			</possibleresult>
			<points>
				<point>973.000000,703.000000</point>
				<point>971.000000,719.000000</point>
				<point>964.000000,719.000000</point>
				<point>966.000000,702.000000</point>
				<point>973.000000,703.000000</point>
			</points>
		</object>
		<object>
			<coordinate>pixel</coordinate>
			<type>rectangle</type>
			<description>None</description>
			<possibleresult>
				<name>Van</name>
			</possibleresult>
			<points>
				<point>948.000000,704.000000</point>
				<point>931.000000,705.000000</point>
				<point>930.000000,696.000000</point>
				<point>948.000000,695.000000</point>
				<point>948.000000,704.000000</point>
			</points>
		</object>
		<object>
			<coordinate>pixel</coordinate>
			<type>rectangle</type>
			<description>None</description>
			<possibleresult>
				<name>Van</name>
			</possibleresult>
			<points>
				<point>990.000000,647.000000</point>
				<point>972.000000,649.000000</point>
				<point>971.000000,642.000000</point>
				<point>989.000000,640.000000</point>
				<point>990.000000,647.000000</point>
			</points>
		</object>
		<object>
			<coordinate>pixel</coordinate>
			<type>rectangle</type>
			<description>None</description>
			<possibleresult>
				<name>Van</name>
			</possibleresult>
			<points>
				<point>771.000000,806.000000</point>
				<point>752.000000,809.000000</point>
				<point>752.000000,801.000000</point>
				<point>770.000000,799.000000</point>
				<point>771.000000,806.000000</point>
			</points>
		</object>
		<object>
			<coordinate>pixel</coordinate>
			<type>rectangle</type>
			<description>None</description>
			<possibleresult>
				<name>Small Car</name>
			</possibleresult>
			<points>
				<point>768.000000,798.000000</point>
				<point>751.000000,799.000000</point>
				<point>750.000000,792.000000</point>
				<point>767.000000,791.000000</point>
				<point>768.000000,798.000000</point>
			</points>
		</object>
		<object>
			<coordinate>pixel</coordinate>
			<type>rectangle</type>
			<description>None</description>
			<possibleresult>
				<name>Van</name>
			</possibleresult>
			<points>
				<point>628.000000,792.000000</point>
				<point>611.000000,792.000000</point>
				<point>611.000000,786.000000</point>
				<point>628.000000,786.000000</point>
				<point>628.000000,792.000000</point>
			</points>
		</object>
		<object>
			<coordinate>pixel</coordinate>
			<type>rectangle</type>
			<description>None</description>
			<possibleresult>
				<name>Small Car</name>
			</possibleresult>
			<points>
				<point>693.000000,843.000000</point>
				<point>690.000000,859.000000</point>
				<point>683.000000,858.000000</point>
				<point>686.000000,842.000000</point>
				<point>693.000000,843.000000</point>
			</points>
		</object>
		<object>
			<coordinate>pixel</coordinate>
			<type>rectangle</type>
			<description>None</description>
			<possibleresult>
				<name>Small Car</name>
			</possibleresult>
			<points>
				<point>732.000000,786.000000</point>
				<point>712.000000,790.000000</point>
				<point>710.000000,782.000000</point>
				<point>730.000000,778.000000</point>
				<point>732.000000,786.000000</point>
			</points>
		</object>
		<object>
			<coordinate>pixel</coordinate>
			<type>rectangle</type>
			<description>None</description>
			<possibleresult>
				<name>Van</name>
			</possibleresult>
			<points>
				<point>729.000000,777.000000</point>
				<point>710.000000,783.000000</point>
				<point>707.000000,775.000000</point>
				<point>727.000000,770.000000</point>
				<point>729.000000,777.000000</point>
			</points>
		</object>
		<object>
			<coordinate>pixel</coordinate>
			<type>rectangle</type>
			<description>None</description>
			<possibleresult>
				<name>Small Car</name>
			</possibleresult>
			<points>
				<point>723.000000,770.000000</point>
				<point>708.000000,774.000000</point>
				<point>707.000000,768.000000</point>
				<point>722.000000,764.000000</point>
				<point>723.000000,770.000000</point>
			</points>
		</object>
		<object>
			<coordinate>pixel</coordinate>
			<type>rectangle</type>
			<description>None</description>
			<possibleresult>
				<name>Small Car</name>
			</possibleresult>
			<points>
				<point>598.000000,797.000000</point>
				<point>597.000000,804.000000</point>
				<point>582.000000,803.000000</point>
				<point>583.000000,796.000000</point>
				<point>598.000000,797.000000</point>
			</points>
		</object>
		<object>
			<coordinate>pixel</coordinate>
			<type>rectangle</type>
			<description>None</description>
			<possibleresult>
				<name>Small Car</name>
			</possibleresult>
			<points>
				<point>502.000000,830.000000</point>
				<point>501.000000,837.000000</point>
				<point>484.000000,834.000000</point>
				<point>485.000000,827.000000</point>
				<point>502.000000,830.000000</point>
			</points>
		</object>
		<object>
			<coordinate>pixel</coordinate>
			<type>rectangle</type>
			<description>None</description>
			<possibleresult>
				<name>Small Car</name>
			</possibleresult>
			<points>
				<point>641.000000,657.000000</point>
				<point>639.000000,672.000000</point>
				<point>631.000000,671.000000</point>
				<point>633.000000,656.000000</point>
				<point>641.000000,657.000000</point>
			</points>
		</object>
		<object>
			<coordinate>pixel</coordinate>
			<type>rectangle</type>
			<description>None</description>
			<possibleresult>
				<name>Small Car</name>
			</possibleresult>
			<points>
				<point>693.000000,680.000000</point>
				<point>674.000000,686.000000</point>
				<point>671.000000,678.000000</point>
				<point>691.000000,673.000000</point>
				<point>693.000000,680.000000</point>
			</points>
		</object>
		<object>
			<coordinate>pixel</coordinate>
			<type>rectangle</type>
			<description>None</description>
			<possibleresult>
				<name>Van</name>
			</possibleresult>
			<points>
				<point>690.000000,673.000000</point>
				<point>671.000000,676.000000</point>
				<point>670.000000,669.000000</point>
				<point>689.000000,666.000000</point>
				<point>690.000000,673.000000</point>
			</points>
		</object>
		<object>
			<coordinate>pixel</coordinate>
			<type>rectangle</type>
			<description>None</description>
			<possibleresult>
				<name>Small Car</name>
			</possibleresult>
			<points>
				<point>685.000000,649.000000</point>
				<point>663.000000,654.000000</point>
				<point>661.000000,646.000000</point>
				<point>684.000000,640.000000</point>
				<point>685.000000,649.000000</point>
			</points>
		</object>
		<object>
			<coordinate>pixel</coordinate>
			<type>rectangle</type>
			<description>None</description>
			<possibleresult>
				<name>Small Car</name>
			</possibleresult>
			<points>
				<point>661.000000,520.000000</point>
				<point>644.000000,529.000000</point>
				<point>640.000000,522.000000</point>
				<point>658.000000,514.000000</point>
				<point>661.000000,520.000000</point>
			</points>
		</object>
		<object>
			<coordinate>pixel</coordinate>
			<type>rectangle</type>
			<description>None</description>
			<possibleresult>
				<name>Van</name>
			</possibleresult>
			<points>
				<point>659.000000,510.000000</point>
				<point>643.000000,517.000000</point>
				<point>641.000000,511.000000</point>
				<point>657.000000,504.000000</point>
				<point>659.000000,510.000000</point>
			</points>
		</object>
		<object>
			<coordinate>pixel</coordinate>
			<type>rectangle</type>
			<description>None</description>
			<possibleresult>
				<name>Van</name>
			</possibleresult>
			<points>
				<point>649.000000,505.000000</point>
				<point>632.000000,514.000000</point>
				<point>629.000000,508.000000</point>
				<point>647.000000,499.000000</point>
				<point>649.000000,505.000000</point>
			</points>
		</object>
		<object>
			<coordinate>pixel</coordinate>
			<type>rectangle</type>
			<description>None</description>
			<possibleresult>
				<name>Small Car</name>
			</possibleresult>
			<points>
				<point>765.000000,473.000000</point>
				<point>753.000000,482.000000</point>
				<point>751.000000,478.000000</point>
				<point>762.000000,469.000000</point>
				<point>765.000000,473.000000</point>
			</points>
		</object>
		<object>
			<coordinate>pixel</coordinate>
			<type>rectangle</type>
			<description>None</description>
			<possibleresult>
				<name>Small Car</name>
			</possibleresult>
			<points>
				<point>757.000000,286.000000</point>
				<point>740.000000,289.000000</point>
				<point>739.000000,282.000000</point>
				<point>757.000000,280.000000</point>
				<point>757.000000,286.000000</point>
			</points>
		</object>
		<object>
			<coordinate>pixel</coordinate>
			<type>rectangle</type>
			<description>None</description>
			<possibleresult>
				<name>Van</name>
			</possibleresult>
			<points>
				<point>837.000000,181.000000</point>
				<point>824.000000,186.000000</point>
				<point>822.000000,181.000000</point>
				<point>836.000000,177.000000</point>
				<point>837.000000,181.000000</point>
			</points>
		</object>
		<object>
			<coordinate>pixel</coordinate>
			<type>rectangle</type>
			<description>None</description>
			<possibleresult>
				<name>Van</name>
			</possibleresult>
			<points>
				<point>996.000000,116.000000</point>
				<point>987.000000,119.000000</point>
				<point>981.000000,104.000000</point>
				<point>990.000000,101.000000</point>
				<point>996.000000,116.000000</point>
			</points>
		</object>
		<object>
			<coordinate>pixel</coordinate>
			<type>rectangle</type>
			<description>None</description>
			<possibleresult>
				<name>Small Car</name>
			</possibleresult>
			<points>
				<point>985.000000,118.000000</point>
				<point>977.000000,121.000000</point>
				<point>971.000000,106.000000</point>
				<point>980.000000,104.000000</point>
				<point>985.000000,118.000000</point>
			</points>
		</object>
		<object>
			<coordinate>pixel</coordinate>
			<type>rectangle</type>
			<description>None</description>
			<possibleresult>
				<name>Small Car</name>
			</possibleresult>
			<points>
				<point>976.000000,121.000000</point>
				<point>969.000000,124.000000</point>
				<point>963.000000,110.000000</point>
				<point>971.000000,108.000000</point>
				<point>976.000000,121.000000</point>
			</points>
		</object>
		<object>
			<coordinate>pixel</coordinate>
			<type>rectangle</type>
			<description>None</description>
			<possibleresult>
				<name>Small Car</name>
			</possibleresult>
			<points>
				<point>965.000000,123.000000</point>
				<point>958.000000,126.000000</point>
				<point>954.000000,112.000000</point>
				<point>961.000000,109.000000</point>
				<point>965.000000,123.000000</point>
			</points>
		</object>
		<object>
			<coordinate>pixel</coordinate>
			<type>rectangle</type>
			<description>None</description>
			<possibleresult>
				<name>Van</name>
			</possibleresult>
			<points>
				<point>956.000000,127.000000</point>
				<point>949.000000,130.000000</point>
				<point>945.000000,116.000000</point>
				<point>951.000000,114.000000</point>
				<point>956.000000,127.000000</point>
			</points>
		</object>
		<object>
			<coordinate>pixel</coordinate>
			<type>rectangle</type>
			<description>None</description>
			<possibleresult>
				<name>Small Car</name>
			</possibleresult>
			<points>
				<point>939.000000,139.000000</point>
				<point>934.000000,139.000000</point>
				<point>932.000000,126.000000</point>
				<point>937.000000,126.000000</point>
				<point>939.000000,139.000000</point>
			</points>
		</object>
		<object>
			<coordinate>pixel</coordinate>
			<type>rectangle</type>
			<description>None</description>
			<possibleresult>
				<name>Cargo Truck</name>
			</possibleresult>
			<points>
				<point>932.000000,141.000000</point>
				<point>925.000000,144.000000</point>
				<point>920.000000,128.000000</point>
				<point>926.000000,126.000000</point>
				<point>932.000000,141.000000</point>
			</points>
		</object>
		<object>
			<coordinate>pixel</coordinate>
			<type>rectangle</type>
			<description>None</description>
			<possibleresult>
				<name>Small Car</name>
			</possibleresult>
			<points>
				<point>921.000000,144.000000</point>
				<point>915.000000,145.000000</point>
				<point>912.000000,133.000000</point>
				<point>918.000000,132.000000</point>
				<point>921.000000,144.000000</point>
			</points>
		</object>
		<object>
			<coordinate>pixel</coordinate>
			<type>rectangle</type>
			<description>None</description>
			<possibleresult>
				<name>Small Car</name>
			</possibleresult>
			<points>
				<point>906.000000,108.000000</point>
				<point>899.000000,109.000000</point>
				<point>896.000000,94.000000</point>
				<point>903.000000,93.000000</point>
				<point>906.000000,108.000000</point>
			</points>
		</object>
		<object>
			<coordinate>pixel</coordinate>
			<type>rectangle</type>
			<description>None</description>
			<possibleresult>
				<name>Van</name>
			</possibleresult>
			<points>
				<point>996.000000,164.000000</point>
				<point>994.000000,170.000000</point>
				<point>979.000000,166.000000</point>
				<point>981.000000,161.000000</point>
				<point>996.000000,164.000000</point>
			</points>
		</object>
		<object>
			<coordinate>pixel</coordinate>
			<type>rectangle</type>
			<description>None</description>
			<possibleresult>
				<name>Van</name>
			</possibleresult>
			<points>
				<point>979.000000,168.000000</point>
				<point>979.000000,175.000000</point>
				<point>962.000000,173.000000</point>
				<point>963.000000,167.000000</point>
				<point>979.000000,168.000000</point>
			</points>
		</object>
		<object>
			<coordinate>pixel</coordinate>
			<type>rectangle</type>
			<description>None</description>
			<possibleresult>
				<name>Small Car</name>
			</possibleresult>
			<points>
				<point>505.000000,26.000000</point>
				<point>501.000000,32.000000</point>
				<point>486.000000,23.000000</point>
				<point>489.000000,16.000000</point>
				<point>505.000000,26.000000</point>
			</points>
		</object>
		<object>
			<coordinate>pixel</coordinate>
			<type>rectangle</type>
			<description>None</description>
			<possibleresult>
				<name>Small Car</name>
			</possibleresult>
			<points>
				<point>697.000000,28.000000</point>
				<point>691.000000,31.000000</point>
				<point>685.000000,18.000000</point>
				<point>691.000000,15.000000</point>
				<point>697.000000,28.000000</point>
			</points>
		</object>
		<object>
			<coordinate>pixel</coordinate>
			<type>rectangle</type>
			<description>None</description>
			<possibleresult>
				<name>Van</name>
			</possibleresult>
			<points>
				<point>677.000000,35.000000</point>
				<point>670.000000,37.000000</point>
				<point>664.000000,24.000000</point>
				<point>671.000000,21.000000</point>
				<point>677.000000,35.000000</point>
			</points>
		</object>
		<object>
			<coordinate>pixel</coordinate>
			<type>rectangle</type>
			<description>None</description>
			<possibleresult>
				<name>Van</name>
			</possibleresult>
			<points>
				<point>658.000000,39.000000</point>
				<point>652.000000,42.000000</point>
				<point>646.000000,31.000000</point>
				<point>652.000000,28.000000</point>
				<point>658.000000,39.000000</point>
			</points>
		</object>
		<object>
			<coordinate>pixel</coordinate>
			<type>rectangle</type>
			<description>None</description>
			<possibleresult>
				<name>Van</name>
			</possibleresult>
			<points>
				<point>564.000000,113.000000</point>
				<point>550.000000,124.000000</point>
				<point>546.000000,118.000000</point>
				<point>559.000000,107.000000</point>
				<point>564.000000,113.000000</point>
			</points>
		</object>
		<object>
			<coordinate>pixel</coordinate>
			<type>rectangle</type>
			<description>None</description>
			<possibleresult>
				<name>Small Car</name>
			</possibleresult>
			<points>
				<point>558.000000,110.000000</point>
				<point>541.000000,119.000000</point>
				<point>538.000000,113.000000</point>
				<point>554.000000,103.000000</point>
				<point>558.000000,110.000000</point>
			</points>
		</object>
		<object>
			<coordinate>pixel</coordinate>
			<type>rectangle</type>
			<description>None</description>
			<possibleresult>
				<name>Van</name>
			</possibleresult>
			<points>
				<point>421.000000,208.000000</point>
				<point>406.000000,217.000000</point>
				<point>402.000000,211.000000</point>
				<point>417.000000,202.000000</point>
				<point>421.000000,208.000000</point>
			</points>
		</object>
		<object>
			<coordinate>pixel</coordinate>
			<type>rectangle</type>
			<description>None</description>
			<possibleresult>
				<name>Small Car</name>
			</possibleresult>
			<points>
				<point>187.000000,80.000000</point>
				<point>175.000000,91.000000</point>
				<point>170.000000,85.000000</point>
				<point>181.000000,75.000000</point>
				<point>187.000000,80.000000</point>
			</points>
		</object>
		<object>
			<coordinate>pixel</coordinate>
			<type>rectangle</type>
			<description>None</description>
			<possibleresult>
				<name>Van</name>
			</possibleresult>
			<points>
				<point>251.000000,214.000000</point>
				<point>248.000000,218.000000</point>
				<point>237.000000,209.000000</point>
				<point>241.000000,206.000000</point>
				<point>251.000000,214.000000</point>
			</points>
		</object>
		<object>
			<coordinate>pixel</coordinate>
			<type>rectangle</type>
			<description>None</description>
			<possibleresult>
				<name>Van</name>
			</possibleresult>
			<points>
				<point>236.000000,202.000000</point>
				<point>232.000000,208.000000</point>
				<point>220.000000,198.000000</point>
				<point>223.000000,193.000000</point>
				<point>236.000000,202.000000</point>
			</points>
		</object>
		<object>
			<coordinate>pixel</coordinate>
			<type>rectangle</type>
			<description>None</description>
			<possibleresult>
				<name>Small Car</name>
			</possibleresult>
			<points>
				<point>271.000000,275.000000</point>
				<point>253.000000,275.000000</point>
				<point>253.000000,268.000000</point>
				<point>271.000000,268.000000</point>
				<point>271.000000,275.000000</point>
			</points>
		</object>
		<object>
			<coordinate>pixel</coordinate>
			<type>rectangle</type>
			<description>None</description>
			<possibleresult>
				<name>Small Car</name>
			</possibleresult>
			<points>
				<point>225.000000,263.000000</point>
				<point>224.000000,271.000000</point>
				<point>206.000000,270.000000</point>
				<point>207.000000,262.000000</point>
				<point>225.000000,263.000000</point>
			</points>
		</object>
		<object>
			<coordinate>pixel</coordinate>
			<type>rectangle</type>
			<description>None</description>
			<possibleresult>
				<name>Van</name>
			</possibleresult>
			<points>
				<point>195.000000,264.000000</point>
				<point>195.000000,271.000000</point>
				<point>181.000000,269.000000</point>
				<point>181.000000,262.000000</point>
				<point>195.000000,264.000000</point>
			</points>
		</object>
		<object>
			<coordinate>pixel</coordinate>
			<type>rectangle</type>
			<description>None</description>
			<possibleresult>
				<name>Van</name>
			</possibleresult>
			<points>
				<point>160.000000,247.000000</point>
				<point>160.000000,254.000000</point>
				<point>146.000000,253.000000</point>
				<point>146.000000,246.000000</point>
				<point>160.000000,247.000000</point>
			</points>
		</object>
		<object>
			<coordinate>pixel</coordinate>
			<type>rectangle</type>
			<description>None</description>
			<possibleresult>
				<name>Small Car</name>
			</possibleresult>
			<points>
				<point>161.000000,239.000000</point>
				<point>161.000000,247.000000</point>
				<point>143.000000,245.000000</point>
				<point>144.000000,238.000000</point>
				<point>161.000000,239.000000</point>
			</points>
		</object>
		<object>
			<coordinate>pixel</coordinate>
			<type>rectangle</type>
			<description>None</description>
			<possibleresult>
				<name>Van</name>
			</possibleresult>
			<points>
				<point>202.000000,305.000000</point>
				<point>185.000000,314.000000</point>
				<point>182.000000,309.000000</point>
				<point>199.000000,299.000000</point>
				<point>202.000000,305.000000</point>
			</points>
		</object>
		<object>
			<coordinate>pixel</coordinate>
			<type>rectangle</type>
			<description>None</description>
			<possibleresult>
				<name>Van</name>
			</possibleresult>
			<points>
				<point>195.000000,298.000000</point>
				<point>182.000000,305.000000</point>
				<point>179.000000,299.000000</point>
				<point>192.000000,292.000000</point>
				<point>195.000000,298.000000</point>
			</points>
		</object>
		<object>
			<coordinate>pixel</coordinate>
			<type>rectangle</type>
			<description>None</description>
			<possibleresult>
				<name>Van</name>
			</possibleresult>
			<points>
				<point>108.000000,555.000000</point>
				<point>95.000000,555.000000</point>
				<point>95.000000,549.000000</point>
				<point>108.000000,549.000000</point>
				<point>108.000000,555.000000</point>
			</points>
		</object>
		<object>
			<coordinate>pixel</coordinate>
			<type>rectangle</type>
			<description>None</description>
			<possibleresult>
				<name>Cargo Truck</name>
			</possibleresult>
			<points>
				<point>108.000000,546.000000</point>
				<point>93.000000,546.000000</point>
				<point>93.000000,540.000000</point>
				<point>108.000000,540.000000</point>
				<point>108.000000,546.000000</point>
			</points>
		</object>
	</objects>
</annotation>