<?xml version="1.0" encoding="utf-8"?>
<annotation>
	<source>
		<filename>1464.tif</filename>
		<origin>GF2/GF3</origin>
	</source>
	<research>
		<version>1.0</version>
		<provider>FAIR1M</provider>
		<author>Cyber</author>
		<pluginname>FAIR1M</pluginname>
		<pluginclass>object detection</pluginclass>
		<time>2021-07-21</time>
	</research>
	<size>
		<width>1000</width>
		<height>1000</height>
		<depth>3</depth>
	</size>
	<objects>
		<object>
			<coordinate>pixel</coordinate>
			<type>rectangle</type>
			<description>None</description>
			<possibleresult>
				<name>Dump Truck</name>
			</possibleresult>
			<points>
				<point>381.000000,715.000000</point>
				<point>370.000000,715.000000</point>
				<point>370.000000,694.000000</point>
				<point>381.000000,694.000000</point>
				<point>381.000000,715.000000</point>
			</points>
		</object>
		<object>
			<coordinate>pixel</coordinate>
			<type>rectangle</type>
			<description>None</description>
			<possibleresult>
				<name>Van</name>
			</possibleresult>
			<points>
				<point>762.000000,212.000000</point>
				<point>753.000000,212.000000</point>
				<point>753.000000,195.000000</point>
				<point>762.000000,195.000000</point>
				<point>762.000000,212.000000</point>
			</points>
		</object>
		<object>
			<coordinate>pixel</coordinate>
			<type>rectangle</type>
			<description>None</description>
			<possibleresult>
				<name>other-vehicle</name>
			</possibleresult>
			<points>
				<point>750.000000,208.000000</point>
				<point>740.000000,208.000000</point>
				<point>740.000000,184.000000</point>
				<point>750.000000,184.000000</point>
				<point>750.000000,208.000000</point>
			</points>
		</object>
		<object>
			<coordinate>pixel</coordinate>
			<type>rectangle</type>
			<description>None</description>
			<possibleresult>
				<name>Van</name>
			</possibleresult>
			<points>
				<point>602.000000,179.000000</point>
				<point>601.000000,195.000000</point>
				<point>592.000000,194.000000</point>
				<point>594.000000,179.000000</point>
				<point>602.000000,179.000000</point>
			</points>
		</object>
		<object>
			<coordinate>pixel</coordinate>
			<type>rectangle</type>
			<description>None</description>
			<possibleresult>
				<name>Van</name>
			</possibleresult>
			<points>
				<point>613.000000,173.000000</point>
				<point>603.000000,173.000000</point>
				<point>603.000000,157.000000</point>
				<point>613.000000,157.000000</point>
				<point>613.000000,173.000000</point>
			</points>
		</object>
		<object>
			<coordinate>pixel</coordinate>
			<type>rectangle</type>
			<description>None</description>
			<possibleresult>
				<name>Van</name>
			</possibleresult>
			<points>
				<point>591.000000,178.000000</point>
				<point>590.000000,194.000000</point>
				<point>580.000000,193.000000</point>
				<point>582.000000,178.000000</point>
				<point>591.000000,178.000000</point>
			</points>
		</object>
		<object>
			<coordinate>pixel</coordinate>
			<type>rectangle</type>
			<description>None</description>
			<possibleresult>
				<name>Van</name>
			</possibleresult>
			<points>
				<point>555.000000,108.000000</point>
				<point>547.000000,109.000000</point>
				<point>546.000000,95.000000</point>
				<point>554.000000,94.000000</point>
				<point>555.000000,108.000000</point>
			</points>
		</object>
		<object>
			<coordinate>pixel</coordinate>
			<type>rectangle</type>
			<description>None</description>
			<possibleresult>
				<name>Van</name>
			</possibleresult>
			<points>
				<point>540.000000,113.000000</point>
				<point>530.000000,115.000000</point>
				<point>528.000000,96.000000</point>
				<point>537.000000,95.000000</point>
				<point>540.000000,113.000000</point>
			</points>
		</object>
		<object>
			<coordinate>pixel</coordinate>
			<type>rectangle</type>
			<description>None</description>
			<possibleresult>
				<name>Van</name>
			</possibleresult>
			<points>
				<point>423.000000,168.000000</point>
				<point>412.000000,168.000000</point>
				<point>412.000000,147.000000</point>
				<point>423.000000,147.000000</point>
				<point>423.000000,168.000000</point>
			</points>
		</object>
		<object>
			<coordinate>pixel</coordinate>
			<type>rectangle</type>
			<description>None</description>
			<possibleresult>
				<name>Van</name>
			</possibleresult>
			<points>
				<point>266.000000,52.000000</point>
				<point>249.000000,52.000000</point>
				<point>249.000000,45.000000</point>
				<point>266.000000,45.000000</point>
				<point>266.000000,52.000000</point>
			</points>
		</object>
		<object>
			<coordinate>pixel</coordinate>
			<type>rectangle</type>
			<description>None</description>
			<possibleresult>
				<name>Van</name>
			</possibleresult>
			<points>
				<point>200.000000,174.000000</point>
				<point>191.000000,174.000000</point>
				<point>191.000000,157.000000</point>
				<point>200.000000,157.000000</point>
				<point>200.000000,174.000000</point>
			</points>
		</object>
		<object>
			<coordinate>pixel</coordinate>
			<type>rectangle</type>
			<description>None</description>
			<possibleresult>
				<name>Van</name>
			</possibleresult>
			<points>
				<point>66.000000,198.000000</point>
				<point>66.000000,205.000000</point>
				<point>43.000000,203.000000</point>
				<point>43.000000,197.000000</point>
				<point>66.000000,198.000000</point>
			</points>
		</object>
		<object>
			<coordinate>pixel</coordinate>
			<type>rectangle</type>
			<description>None</description>
			<possibleresult>
				<name>Excavator</name>
			</possibleresult>
			<points>
				<point>406.000000,937.000000</point>
				<point>394.000000,944.000000</point>
				<point>373.000000,911.000000</point>
				<point>384.000000,903.000000</point>
				<point>406.000000,937.000000</point>
			</points>
		</object>
		<object>
			<coordinate>pixel</coordinate>
			<type>rectangle</type>
			<description>None</description>
			<possibleresult>
				<name>Intersection</name>
			</possibleresult>
			<points>
				<point>907.000000,151.000000</point>
				<point>852.000000,152.000000</point>
				<point>851.000000,107.000000</point>
				<point>906.000000,105.000000</point>
				<point>907.000000,151.000000</point>
			</points>
		</object>
	</objects>
</annotation>