<?xml version="1.0" encoding="utf-8"?>
<annotation>
	<source>
		<filename>1467.tif</filename>
		<origin>GF2/GF3</origin>
	</source>
	<research>
		<version>1.0</version>
		<provider>FAIR1M</provider>
		<author>Cyber</author>
		<pluginname>FAIR1M</pluginname>
		<pluginclass>object detection</pluginclass>
		<time>2021-07-21</time>
	</research>
	<size>
		<width>1500</width>
		<height>1500</height>
		<depth>3</depth>
	</size>
	<objects>
		<object>
			<coordinate>pixel</coordinate>
			<type>rectangle</type>
			<description>None</description>
			<possibleresult>
				<name>Liquid Cargo Ship</name>
			</possibleresult>
			<points>
				<point>246.000000,504.000000</point>
				<point>508.000000,712.000000</point>
				<point>547.000000,664.000000</point>
				<point>283.000000,455.000000</point>
				<point>246.000000,504.000000</point>
			</points>
		</object>
		<object>
			<coordinate>pixel</coordinate>
			<type>rectangle</type>
			<description>None</description>
			<possibleresult>
				<name>Liquid Cargo Ship</name>
			</possibleresult>
			<points>
				<point>1225.000000,667.000000</point>
				<point>1468.000000,816.000000</point>
				<point>1499.000000,766.000000</point>
				<point>1255.000000,617.000000</point>
				<point>1225.000000,667.000000</point>
			</points>
		</object>
	</objects>
</annotation>