<?xml version="1.0" encoding="utf-8"?>
<annotation>
	<source>
		<filename>148.tif</filename>
		<origin>GF2/GF3</origin>
	</source>
	<research>
		<version>1.0</version>
		<provider>FAIR1M</provider>
		<author>Cyber</author>
		<pluginname>FAIR1M</pluginname>
		<pluginclass>object detection</pluginclass>
		<time>2021-07-21</time>
	</research>
	<size>
		<width>1000</width>
		<height>1000</height>
		<depth>3</depth>
	</size>
	<objects>
		<object>
			<coordinate>pixel</coordinate>
			<type>rectangle</type>
			<description>None</description>
			<possibleresult>
				<name>Boeing737</name>
			</possibleresult>
			<points>
				<point>6.000000,261.000000</point>
				<point>29.000000,301.000000</point>
				<point>67.000000,279.000000</point>
				<point>44.000000,239.000000</point>
				<point>6.000000,261.000000</point>
			</points>
		</object>
		<object>
			<coordinate>pixel</coordinate>
			<type>rectangle</type>
			<description>None</description>
			<possibleresult>
				<name>Boeing737</name>
			</possibleresult>
			<points>
				<point>92.000000,206.000000</point>
				<point>115.000000,245.000000</point>
				<point>152.000000,223.000000</point>
				<point>128.000000,184.000000</point>
				<point>92.000000,206.000000</point>
			</points>
		</object>
		<object>
			<coordinate>pixel</coordinate>
			<type>rectangle</type>
			<description>None</description>
			<possibleresult>
				<name>Boeing737</name>
			</possibleresult>
			<points>
				<point>144.000000,172.000000</point>
				<point>167.000000,211.000000</point>
				<point>205.000000,188.000000</point>
				<point>182.000000,150.000000</point>
				<point>144.000000,172.000000</point>
			</points>
		</object>
		<object>
			<coordinate>pixel</coordinate>
			<type>rectangle</type>
			<description>None</description>
			<possibleresult>
				<name>Boeing737</name>
			</possibleresult>
			<points>
				<point>210.000000,112.000000</point>
				<point>234.000000,151.000000</point>
				<point>273.000000,128.000000</point>
				<point>249.000000,89.000000</point>
				<point>210.000000,112.000000</point>
			</points>
		</object>
		<object>
			<coordinate>pixel</coordinate>
			<type>rectangle</type>
			<description>None</description>
			<possibleresult>
				<name>Boeing737</name>
			</possibleresult>
			<points>
				<point>164.000000,330.000000</point>
				<point>207.000000,306.000000</point>
				<point>186.000000,268.000000</point>
				<point>143.000000,292.000000</point>
				<point>164.000000,330.000000</point>
			</points>
		</object>
		<object>
			<coordinate>pixel</coordinate>
			<type>rectangle</type>
			<description>None</description>
			<possibleresult>
				<name>Boeing737</name>
			</possibleresult>
			<points>
				<point>568.000000,68.000000</point>
				<point>611.000000,39.000000</point>
				<point>587.000000,2.000000</point>
				<point>544.000000,30.000000</point>
				<point>568.000000,68.000000</point>
			</points>
		</object>
	</objects>
</annotation>