<?xml version="1.0" encoding="utf-8"?>
<annotation>
	<source>
		<filename>1485.tif</filename>
		<origin>GF2/GF3</origin>
	</source>
	<research>
		<version>1.0</version>
		<provider>FAIR1M</provider>
		<author>Cyber</author>
		<pluginname>FAIR1M</pluginname>
		<pluginclass>object detection</pluginclass>
		<time>2021-07-21</time>
	</research>
	<size>
		<width>1000</width>
		<height>1000</height>
		<depth>3</depth>
	</size>
	<objects>
		<object>
			<coordinate>pixel</coordinate>
			<type>rectangle</type>
			<description>None</description>
			<possibleresult>
				<name>Small Car</name>
			</possibleresult>
			<points>
				<point>19.000000,106.000000</point>
				<point>9.000000,123.000000</point>
				<point>1.000000,118.000000</point>
				<point>11.000000,101.000000</point>
				<point>19.000000,106.000000</point>
			</points>
		</object>
		<object>
			<coordinate>pixel</coordinate>
			<type>rectangle</type>
			<description>None</description>
			<possibleresult>
				<name>Small Car</name>
			</possibleresult>
			<points>
				<point>0.000000,169.000000</point>
				<point>0.000000,159.000000</point>
				<point>6.000000,147.000000</point>
				<point>16.000000,152.000000</point>
				<point>0.000000,169.000000</point>
			</points>
		</object>
		<object>
			<coordinate>pixel</coordinate>
			<type>rectangle</type>
			<description>None</description>
			<possibleresult>
				<name>Small Car</name>
			</possibleresult>
			<points>
				<point>34.000000,214.000000</point>
				<point>30.000000,231.000000</point>
				<point>19.000000,228.000000</point>
				<point>24.000000,212.000000</point>
				<point>34.000000,214.000000</point>
			</points>
		</object>
		<object>
			<coordinate>pixel</coordinate>
			<type>rectangle</type>
			<description>None</description>
			<possibleresult>
				<name>Small Car</name>
			</possibleresult>
			<points>
				<point>59.000000,239.000000</point>
				<point>52.000000,247.000000</point>
				<point>35.000000,232.000000</point>
				<point>42.000000,224.000000</point>
				<point>59.000000,239.000000</point>
			</points>
		</object>
		<object>
			<coordinate>pixel</coordinate>
			<type>rectangle</type>
			<description>None</description>
			<possibleresult>
				<name>Van</name>
			</possibleresult>
			<points>
				<point>42.000000,275.000000</point>
				<point>35.000000,281.000000</point>
				<point>21.000000,265.000000</point>
				<point>28.000000,259.000000</point>
				<point>42.000000,275.000000</point>
			</points>
		</object>
		<object>
			<coordinate>pixel</coordinate>
			<type>rectangle</type>
			<description>None</description>
			<possibleresult>
				<name>Van</name>
			</possibleresult>
			<points>
				<point>31.000000,294.000000</point>
				<point>25.000000,300.000000</point>
				<point>10.000000,286.000000</point>
				<point>16.000000,280.000000</point>
				<point>31.000000,294.000000</point>
			</points>
		</object>
		<object>
			<coordinate>pixel</coordinate>
			<type>rectangle</type>
			<description>None</description>
			<possibleresult>
				<name>Small Car</name>
			</possibleresult>
			<points>
				<point>564.000000,60.000000</point>
				<point>552.000000,60.000000</point>
				<point>552.000000,41.000000</point>
				<point>564.000000,41.000000</point>
				<point>564.000000,60.000000</point>
			</points>
		</object>
		<object>
			<coordinate>pixel</coordinate>
			<type>rectangle</type>
			<description>None</description>
			<possibleresult>
				<name>Small Car</name>
			</possibleresult>
			<points>
				<point>218.000000,445.000000</point>
				<point>216.000000,453.000000</point>
				<point>195.000000,445.000000</point>
				<point>197.000000,437.000000</point>
				<point>218.000000,445.000000</point>
			</points>
		</object>
		<object>
			<coordinate>pixel</coordinate>
			<type>rectangle</type>
			<description>None</description>
			<possibleresult>
				<name>Van</name>
			</possibleresult>
			<points>
				<point>503.000000,374.000000</point>
				<point>497.000000,390.000000</point>
				<point>487.000000,387.000000</point>
				<point>492.000000,370.000000</point>
				<point>503.000000,374.000000</point>
			</points>
		</object>
		<object>
			<coordinate>pixel</coordinate>
			<type>rectangle</type>
			<description>None</description>
			<possibleresult>
				<name>Van</name>
			</possibleresult>
			<points>
				<point>518.000000,312.000000</point>
				<point>516.000000,328.000000</point>
				<point>504.000000,326.000000</point>
				<point>506.000000,310.000000</point>
				<point>518.000000,312.000000</point>
			</points>
		</object>
		<object>
			<coordinate>pixel</coordinate>
			<type>rectangle</type>
			<description>None</description>
			<possibleresult>
				<name>Small Car</name>
			</possibleresult>
			<points>
				<point>952.000000,757.000000</point>
				<point>938.000000,770.000000</point>
				<point>932.000000,764.000000</point>
				<point>946.000000,751.000000</point>
				<point>952.000000,757.000000</point>
			</points>
		</object>
		<object>
			<coordinate>pixel</coordinate>
			<type>rectangle</type>
			<description>None</description>
			<possibleresult>
				<name>Dump Truck</name>
			</possibleresult>
			<points>
				<point>35.000000,875.000000</point>
				<point>31.000000,883.000000</point>
				<point>2.000000,873.000000</point>
				<point>6.000000,865.000000</point>
				<point>35.000000,875.000000</point>
			</points>
		</object>
		<object>
			<coordinate>pixel</coordinate>
			<type>rectangle</type>
			<description>None</description>
			<possibleresult>
				<name>Dump Truck</name>
			</possibleresult>
			<points>
				<point>22.000000,901.000000</point>
				<point>18.000000,908.000000</point>
				<point>0.000000,898.000000</point>
				<point>0.000000,890.000000</point>
				<point>22.000000,901.000000</point>
			</points>
		</object>
		<object>
			<coordinate>pixel</coordinate>
			<type>rectangle</type>
			<description>None</description>
			<possibleresult>
				<name>Small Car</name>
			</possibleresult>
			<points>
				<point>110.000000,837.000000</point>
				<point>97.000000,855.000000</point>
				<point>88.000000,850.000000</point>
				<point>102.000000,831.000000</point>
				<point>110.000000,837.000000</point>
			</points>
		</object>
		<object>
			<coordinate>pixel</coordinate>
			<type>rectangle</type>
			<description>None</description>
			<possibleresult>
				<name>Cargo Truck</name>
			</possibleresult>
			<points>
				<point>142.000000,773.000000</point>
				<point>118.000000,821.000000</point>
				<point>104.000000,814.000000</point>
				<point>128.000000,766.000000</point>
				<point>142.000000,773.000000</point>
			</points>
		</object>
		<object>
			<coordinate>pixel</coordinate>
			<type>rectangle</type>
			<description>None</description>
			<possibleresult>
				<name>Van</name>
			</possibleresult>
			<points>
				<point>172.000000,710.000000</point>
				<point>161.000000,724.000000</point>
				<point>152.000000,718.000000</point>
				<point>164.000000,703.000000</point>
				<point>172.000000,710.000000</point>
			</points>
		</object>
		<object>
			<coordinate>pixel</coordinate>
			<type>rectangle</type>
			<description>None</description>
			<possibleresult>
				<name>Small Car</name>
			</possibleresult>
			<points>
				<point>433.000000,892.000000</point>
				<point>417.000000,907.000000</point>
				<point>409.000000,899.000000</point>
				<point>426.000000,883.000000</point>
				<point>433.000000,892.000000</point>
			</points>
		</object>
		<object>
			<coordinate>pixel</coordinate>
			<type>rectangle</type>
			<description>None</description>
			<possibleresult>
				<name>Small Car</name>
			</possibleresult>
			<points>
				<point>409.000000,888.000000</point>
				<point>396.000000,903.000000</point>
				<point>390.000000,897.000000</point>
				<point>403.000000,882.000000</point>
				<point>409.000000,888.000000</point>
			</points>
		</object>
		<object>
			<coordinate>pixel</coordinate>
			<type>rectangle</type>
			<description>None</description>
			<possibleresult>
				<name>Van</name>
			</possibleresult>
			<points>
				<point>564.000000,963.000000</point>
				<point>561.000000,973.000000</point>
				<point>537.000000,964.000000</point>
				<point>540.000000,954.000000</point>
				<point>564.000000,963.000000</point>
			</points>
		</object>
		<object>
			<coordinate>pixel</coordinate>
			<type>rectangle</type>
			<description>None</description>
			<possibleresult>
				<name>Van</name>
			</possibleresult>
			<points>
				<point>600.000000,966.000000</point>
				<point>583.000000,984.000000</point>
				<point>575.000000,975.000000</point>
				<point>592.000000,957.000000</point>
				<point>600.000000,966.000000</point>
			</points>
		</object>
		<object>
			<coordinate>pixel</coordinate>
			<type>rectangle</type>
			<description>None</description>
			<possibleresult>
				<name>Van</name>
			</possibleresult>
			<points>
				<point>434.000000,915.000000</point>
				<point>431.000000,923.000000</point>
				<point>415.000000,917.000000</point>
				<point>418.000000,909.000000</point>
				<point>434.000000,915.000000</point>
			</points>
		</object>
		<object>
			<coordinate>pixel</coordinate>
			<type>rectangle</type>
			<description>None</description>
			<possibleresult>
				<name>Dump Truck</name>
			</possibleresult>
			<points>
				<point>757.000000,987.000000</point>
				<point>728.000000,990.000000</point>
				<point>727.000000,981.000000</point>
				<point>756.000000,978.000000</point>
				<point>757.000000,987.000000</point>
			</points>
		</object>
		<object>
			<coordinate>pixel</coordinate>
			<type>rectangle</type>
			<description>None</description>
			<possibleresult>
				<name>Small Car</name>
			</possibleresult>
			<points>
				<point>925.000000,922.000000</point>
				<point>913.000000,938.000000</point>
				<point>904.000000,932.000000</point>
				<point>916.000000,916.000000</point>
				<point>925.000000,922.000000</point>
			</points>
		</object>
	</objects>
</annotation>