<?xml version="1.0" encoding="utf-8"?>
<annotation>
	<source>
		<filename>1492.tif</filename>
		<origin>GF2/GF3</origin>
	</source>
	<research>
		<version>1.0</version>
		<provider>FAIR1M</provider>
		<author>Cyber</author>
		<pluginname>FAIR1M</pluginname>
		<pluginclass>object detection</pluginclass>
		<time>2021-07-21</time>
	</research>
	<size>
		<width>1000</width>
		<height>1000</height>
		<depth>3</depth>
	</size>
	<objects>
		<object>
			<coordinate>pixel</coordinate>
			<type>rectangle</type>
			<description>None</description>
			<possibleresult>
				<name>Small Car</name>
			</possibleresult>
			<points>
				<point>96.000000,598.000000</point>
				<point>90.000000,601.000000</point>
				<point>85.000000,588.000000</point>
				<point>91.000000,585.000000</point>
				<point>96.000000,598.000000</point>
			</points>
		</object>
		<object>
			<coordinate>pixel</coordinate>
			<type>rectangle</type>
			<description>None</description>
			<possibleresult>
				<name>Small Car</name>
			</possibleresult>
			<points>
				<point>546.000000,948.000000</point>
				<point>545.000000,962.000000</point>
				<point>537.000000,961.000000</point>
				<point>538.000000,947.000000</point>
				<point>546.000000,948.000000</point>
			</points>
		</object>
		<object>
			<coordinate>pixel</coordinate>
			<type>rectangle</type>
			<description>None</description>
			<possibleresult>
				<name>Van</name>
			</possibleresult>
			<points>
				<point>411.000000,956.000000</point>
				<point>403.000000,956.000000</point>
				<point>402.000000,943.000000</point>
				<point>409.000000,942.000000</point>
				<point>411.000000,956.000000</point>
			</points>
		</object>
		<object>
			<coordinate>pixel</coordinate>
			<type>rectangle</type>
			<description>None</description>
			<possibleresult>
				<name>Van</name>
			</possibleresult>
			<points>
				<point>586.000000,600.000000</point>
				<point>561.000000,607.000000</point>
				<point>559.000000,601.000000</point>
				<point>583.000000,593.000000</point>
				<point>586.000000,600.000000</point>
			</points>
		</object>
		<object>
			<coordinate>pixel</coordinate>
			<type>rectangle</type>
			<description>None</description>
			<possibleresult>
				<name>Small Car</name>
			</possibleresult>
			<points>
				<point>566.000000,575.000000</point>
				<point>551.000000,579.000000</point>
				<point>549.000000,573.000000</point>
				<point>565.000000,570.000000</point>
				<point>566.000000,575.000000</point>
			</points>
		</object>
		<object>
			<coordinate>pixel</coordinate>
			<type>rectangle</type>
			<description>None</description>
			<possibleresult>
				<name>Small Car</name>
			</possibleresult>
			<points>
				<point>771.000000,551.000000</point>
				<point>752.000000,556.000000</point>
				<point>750.000000,549.000000</point>
				<point>769.000000,544.000000</point>
				<point>771.000000,551.000000</point>
			</points>
		</object>
		<object>
			<coordinate>pixel</coordinate>
			<type>rectangle</type>
			<description>None</description>
			<possibleresult>
				<name>Van</name>
			</possibleresult>
			<points>
				<point>761.000000,530.000000</point>
				<point>742.000000,536.000000</point>
				<point>740.000000,530.000000</point>
				<point>760.000000,525.000000</point>
				<point>761.000000,530.000000</point>
			</points>
		</object>
		<object>
			<coordinate>pixel</coordinate>
			<type>rectangle</type>
			<description>None</description>
			<possibleresult>
				<name>Van</name>
			</possibleresult>
			<points>
				<point>755.000000,523.000000</point>
				<point>737.000000,526.000000</point>
				<point>735.000000,519.000000</point>
				<point>753.000000,516.000000</point>
				<point>755.000000,523.000000</point>
			</points>
		</object>
		<object>
			<coordinate>pixel</coordinate>
			<type>rectangle</type>
			<description>None</description>
			<possibleresult>
				<name>Van</name>
			</possibleresult>
			<points>
				<point>756.000000,510.000000</point>
				<point>734.000000,515.000000</point>
				<point>732.000000,509.000000</point>
				<point>755.000000,505.000000</point>
				<point>756.000000,510.000000</point>
			</points>
		</object>
		<object>
			<coordinate>pixel</coordinate>
			<type>rectangle</type>
			<description>None</description>
			<possibleresult>
				<name>Van</name>
			</possibleresult>
			<points>
				<point>751.000000,501.000000</point>
				<point>731.000000,504.000000</point>
				<point>730.000000,497.000000</point>
				<point>749.000000,493.000000</point>
				<point>751.000000,501.000000</point>
			</points>
		</object>
		<object>
			<coordinate>pixel</coordinate>
			<type>rectangle</type>
			<description>None</description>
			<possibleresult>
				<name>Dump Truck</name>
			</possibleresult>
			<points>
				<point>721.000000,520.000000</point>
				<point>702.000000,524.000000</point>
				<point>701.000000,516.000000</point>
				<point>719.000000,511.000000</point>
				<point>721.000000,520.000000</point>
			</points>
		</object>
		<object>
			<coordinate>pixel</coordinate>
			<type>rectangle</type>
			<description>None</description>
			<possibleresult>
				<name>Small Car</name>
			</possibleresult>
			<points>
				<point>745.000000,485.000000</point>
				<point>727.000000,489.000000</point>
				<point>726.000000,482.000000</point>
				<point>744.000000,478.000000</point>
				<point>745.000000,485.000000</point>
			</points>
		</object>
		<object>
			<coordinate>pixel</coordinate>
			<type>rectangle</type>
			<description>None</description>
			<possibleresult>
				<name>Small Car</name>
			</possibleresult>
			<points>
				<point>736.000000,478.000000</point>
				<point>723.000000,480.000000</point>
				<point>722.000000,472.000000</point>
				<point>736.000000,471.000000</point>
				<point>736.000000,478.000000</point>
			</points>
		</object>
		<object>
			<coordinate>pixel</coordinate>
			<type>rectangle</type>
			<description>None</description>
			<possibleresult>
				<name>Van</name>
			</possibleresult>
			<points>
				<point>738.000000,467.000000</point>
				<point>721.000000,471.000000</point>
				<point>720.000000,464.000000</point>
				<point>736.000000,459.000000</point>
				<point>738.000000,467.000000</point>
			</points>
		</object>
		<object>
			<coordinate>pixel</coordinate>
			<type>rectangle</type>
			<description>None</description>
			<possibleresult>
				<name>Small Car</name>
			</possibleresult>
			<points>
				<point>731.000000,458.000000</point>
				<point>710.000000,462.000000</point>
				<point>709.000000,455.000000</point>
				<point>730.000000,452.000000</point>
				<point>731.000000,458.000000</point>
			</points>
		</object>
		<object>
			<coordinate>pixel</coordinate>
			<type>rectangle</type>
			<description>None</description>
			<possibleresult>
				<name>Small Car</name>
			</possibleresult>
			<points>
				<point>723.000000,449.000000</point>
				<point>705.000000,452.000000</point>
				<point>704.000000,445.000000</point>
				<point>722.000000,442.000000</point>
				<point>723.000000,449.000000</point>
			</points>
		</object>
		<object>
			<coordinate>pixel</coordinate>
			<type>rectangle</type>
			<description>None</description>
			<possibleresult>
				<name>Van</name>
			</possibleresult>
			<points>
				<point>350.000000,332.000000</point>
				<point>344.000000,336.000000</point>
				<point>335.000000,323.000000</point>
				<point>341.000000,319.000000</point>
				<point>350.000000,332.000000</point>
			</points>
		</object>
		<object>
			<coordinate>pixel</coordinate>
			<type>rectangle</type>
			<description>None</description>
			<possibleresult>
				<name>Van</name>
			</possibleresult>
			<points>
				<point>370.000000,325.000000</point>
				<point>365.000000,329.000000</point>
				<point>356.000000,315.000000</point>
				<point>361.000000,311.000000</point>
				<point>370.000000,325.000000</point>
			</points>
		</object>
		<object>
			<coordinate>pixel</coordinate>
			<type>rectangle</type>
			<description>None</description>
			<possibleresult>
				<name>Van</name>
			</possibleresult>
			<points>
				<point>396.000000,168.000000</point>
				<point>394.000000,174.000000</point>
				<point>376.000000,166.000000</point>
				<point>379.000000,161.000000</point>
				<point>396.000000,168.000000</point>
			</points>
		</object>
		<object>
			<coordinate>pixel</coordinate>
			<type>rectangle</type>
			<description>None</description>
			<possibleresult>
				<name>Van</name>
			</possibleresult>
			<points>
				<point>399.000000,160.000000</point>
				<point>396.000000,166.000000</point>
				<point>382.000000,160.000000</point>
				<point>384.000000,153.000000</point>
				<point>399.000000,160.000000</point>
			</points>
		</object>
		<object>
			<coordinate>pixel</coordinate>
			<type>rectangle</type>
			<description>None</description>
			<possibleresult>
				<name>Small Car</name>
			</possibleresult>
			<points>
				<point>859.000000,72.000000</point>
				<point>844.000000,86.000000</point>
				<point>839.000000,80.000000</point>
				<point>853.000000,67.000000</point>
				<point>859.000000,72.000000</point>
			</points>
		</object>
		<object>
			<coordinate>pixel</coordinate>
			<type>rectangle</type>
			<description>None</description>
			<possibleresult>
				<name>Small Car</name>
			</possibleresult>
			<points>
				<point>875.000000,59.000000</point>
				<point>861.000000,72.000000</point>
				<point>855.000000,66.000000</point>
				<point>870.000000,54.000000</point>
				<point>875.000000,59.000000</point>
			</points>
		</object>
		<object>
			<coordinate>pixel</coordinate>
			<type>rectangle</type>
			<description>None</description>
			<possibleresult>
				<name>Small Car</name>
			</possibleresult>
			<points>
				<point>513.000000,23.000000</point>
				<point>509.000000,30.000000</point>
				<point>491.000000,20.000000</point>
				<point>494.000000,12.000000</point>
				<point>513.000000,23.000000</point>
			</points>
		</object>
		<object>
			<coordinate>pixel</coordinate>
			<type>rectangle</type>
			<description>None</description>
			<possibleresult>
				<name>Small Car</name>
			</possibleresult>
			<points>
				<point>275.000000,59.000000</point>
				<point>271.000000,64.000000</point>
				<point>257.000000,55.000000</point>
				<point>261.000000,50.000000</point>
				<point>275.000000,59.000000</point>
			</points>
		</object>
		<object>
			<coordinate>pixel</coordinate>
			<type>rectangle</type>
			<description>None</description>
			<possibleresult>
				<name>Small Car</name>
			</possibleresult>
			<points>
				<point>101.000000,6.000000</point>
				<point>98.000000,13.000000</point>
				<point>79.000000,6.000000</point>
				<point>81.000000,0.000000</point>
				<point>101.000000,6.000000</point>
			</points>
		</object>
		<object>
			<coordinate>pixel</coordinate>
			<type>rectangle</type>
			<description>None</description>
			<possibleresult>
				<name>Small Car</name>
			</possibleresult>
			<points>
				<point>322.000000,586.000000</point>
				<point>299.000000,590.000000</point>
				<point>298.000000,583.000000</point>
				<point>321.000000,579.000000</point>
				<point>322.000000,586.000000</point>
			</points>
		</object>
		<object>
			<coordinate>pixel</coordinate>
			<type>rectangle</type>
			<description>None</description>
			<possibleresult>
				<name>Small Car</name>
			</possibleresult>
			<points>
				<point>297.000000,510.000000</point>
				<point>275.000000,515.000000</point>
				<point>273.000000,507.000000</point>
				<point>296.000000,503.000000</point>
				<point>297.000000,510.000000</point>
			</points>
		</object>
		<object>
			<coordinate>pixel</coordinate>
			<type>rectangle</type>
			<description>None</description>
			<possibleresult>
				<name>Intersection</name>
			</possibleresult>
			<points>
				<point>187.000000,974.000000</point>
				<point>178.000000,945.000000</point>
				<point>239.000000,928.000000</point>
				<point>248.000000,956.000000</point>
				<point>187.000000,974.000000</point>
			</points>
		</object>
	</objects>
</annotation>