<?xml version="1.0" encoding="utf-8"?>
<annotation>
	<source>
		<filename>1493.tif</filename>
		<origin>GF2/GF3</origin>
	</source>
	<research>
		<version>1.0</version>
		<provider>FAIR1M</provider>
		<author>Cyber</author>
		<pluginname>FAIR1M</pluginname>
		<pluginclass>object detection</pluginclass>
		<time>2021-07-21</time>
	</research>
	<size>
		<width>1500</width>
		<height>1500</height>
		<depth>3</depth>
	</size>
	<objects>
		<object>
			<coordinate>pixel</coordinate>
			<type>rectangle</type>
			<description>None</description>
			<possibleresult>
				<name>Warship</name>
			</possibleresult>
			<points>
				<point>271.000000,960.000000</point>
				<point>224.000000,1204.000000</point>
				<point>265.000000,1211.000000</point>
				<point>311.000000,968.000000</point>
				<point>271.000000,960.000000</point>
			</points>
		</object>
		<object>
			<coordinate>pixel</coordinate>
			<type>rectangle</type>
			<description>None</description>
			<possibleresult>
				<name>Warship</name>
			</possibleresult>
			<points>
				<point>25.000000,1054.000000</point>
				<point>-26.000000,1293.000000</point>
				<point>10.000000,1301.000000</point>
				<point>64.000000,1062.000000</point>
				<point>25.000000,1054.000000</point>
			</points>
		</object>
		<object>
			<coordinate>pixel</coordinate>
			<type>rectangle</type>
			<description>None</description>
			<possibleresult>
				<name>other-ship</name>
			</possibleresult>
			<points>
				<point>675.000000,54.000000</point>
				<point>744.000000,31.000000</point>
				<point>739.000000,18.000000</point>
				<point>672.000000,40.000000</point>
				<point>675.000000,54.000000</point>
			</points>
		</object>
		<object>
			<coordinate>pixel</coordinate>
			<type>rectangle</type>
			<description>None</description>
			<possibleresult>
				<name>Engineering Ship</name>
			</possibleresult>
			<points>
				<point>1401.000000,220.000000</point>
				<point>1496.000000,224.000000</point>
				<point>1498.000000,192.000000</point>
				<point>1403.000000,187.000000</point>
				<point>1401.000000,220.000000</point>
			</points>
		</object>
		<object>
			<coordinate>pixel</coordinate>
			<type>rectangle</type>
			<description>None</description>
			<possibleresult>
				<name>Engineering Ship</name>
			</possibleresult>
			<points>
				<point>1343.000000,285.000000</point>
				<point>1348.000000,237.000000</point>
				<point>1325.000000,235.000000</point>
				<point>1319.000000,281.000000</point>
				<point>1343.000000,285.000000</point>
			</points>
		</object>
		<object>
			<coordinate>pixel</coordinate>
			<type>rectangle</type>
			<description>None</description>
			<possibleresult>
				<name>Motorboat</name>
			</possibleresult>
			<points>
				<point>1180.000000,384.000000</point>
				<point>1150.000000,401.000000</point>
				<point>1155.000000,413.000000</point>
				<point>1187.000000,396.000000</point>
				<point>1180.000000,384.000000</point>
			</points>
		</object>
		<object>
			<coordinate>pixel</coordinate>
			<type>rectangle</type>
			<description>None</description>
			<possibleresult>
				<name>Dry Cargo Ship</name>
			</possibleresult>
			<points>
				<point>1300.000000,431.000000</point>
				<point>1299.000000,503.000000</point>
				<point>1319.000000,503.000000</point>
				<point>1319.000000,431.000000</point>
				<point>1300.000000,431.000000</point>
			</points>
		</object>
		<object>
			<coordinate>pixel</coordinate>
			<type>rectangle</type>
			<description>None</description>
			<possibleresult>
				<name>Engineering Ship</name>
			</possibleresult>
			<points>
				<point>1259.000000,729.000000</point>
				<point>1275.000000,655.000000</point>
				<point>1250.000000,651.000000</point>
				<point>1235.000000,723.000000</point>
				<point>1259.000000,729.000000</point>
			</points>
		</object>
		<object>
			<coordinate>pixel</coordinate>
			<type>rectangle</type>
			<description>None</description>
			<possibleresult>
				<name>Motorboat</name>
			</possibleresult>
			<points>
				<point>1286.000000,802.000000</point>
				<point>1260.000000,797.000000</point>
				<point>1259.000000,806.000000</point>
				<point>1284.000000,810.000000</point>
				<point>1286.000000,802.000000</point>
			</points>
		</object>
		<object>
			<coordinate>pixel</coordinate>
			<type>rectangle</type>
			<description>None</description>
			<possibleresult>
				<name>Motorboat</name>
			</possibleresult>
			<points>
				<point>1283.000000,813.000000</point>
				<point>1260.000000,811.000000</point>
				<point>1259.000000,819.000000</point>
				<point>1282.000000,821.000000</point>
				<point>1283.000000,813.000000</point>
			</points>
		</object>
		<object>
			<coordinate>pixel</coordinate>
			<type>rectangle</type>
			<description>None</description>
			<possibleresult>
				<name>Dry Cargo Ship</name>
			</possibleresult>
			<points>
				<point>451.000000,118.000000</point>
				<point>544.000000,86.000000</point>
				<point>538.000000,64.000000</point>
				<point>445.000000,96.000000</point>
				<point>451.000000,118.000000</point>
			</points>
		</object>
		<object>
			<coordinate>pixel</coordinate>
			<type>rectangle</type>
			<description>None</description>
			<possibleresult>
				<name>Dry Cargo Ship</name>
			</possibleresult>
			<points>
				<point>572.000000,104.000000</point>
				<point>635.000000,82.000000</point>
				<point>629.000000,63.000000</point>
				<point>567.000000,84.000000</point>
				<point>572.000000,104.000000</point>
			</points>
		</object>
		<object>
			<coordinate>pixel</coordinate>
			<type>rectangle</type>
			<description>None</description>
			<possibleresult>
				<name>Dry Cargo Ship</name>
			</possibleresult>
			<points>
				<point>1317.000000,290.000000</point>
				<point>1325.000000,221.000000</point>
				<point>1307.000000,220.000000</point>
				<point>1299.000000,289.000000</point>
				<point>1317.000000,290.000000</point>
			</points>
		</object>
	</objects>
</annotation>