<?xml version="1.0" encoding="utf-8"?>
<annotation>
	<source>
		<filename>1500.tif</filename>
		<origin>GF2/GF3</origin>
	</source>
	<research>
		<version>1.0</version>
		<provider>FAIR1M</provider>
		<author>Cyber</author>
		<pluginname>FAIR1M</pluginname>
		<pluginclass>object detection</pluginclass>
		<time>2021-07-21</time>
	</research>
	<size>
		<width>1000</width>
		<height>1000</height>
		<depth>3</depth>
	</size>
	<objects>
		<object>
			<coordinate>pixel</coordinate>
			<type>rectangle</type>
			<description>None</description>
			<possibleresult>
				<name>Cargo Truck</name>
			</possibleresult>
			<points>
				<point>853.000000,956.000000</point>
				<point>853.000000,967.000000</point>
				<point>825.000000,966.000000</point>
				<point>825.000000,955.000000</point>
				<point>853.000000,956.000000</point>
			</points>
		</object>
		<object>
			<coordinate>pixel</coordinate>
			<type>rectangle</type>
			<description>None</description>
			<possibleresult>
				<name>Dump Truck</name>
			</possibleresult>
			<points>
				<point>957.000000,348.000000</point>
				<point>923.000000,361.000000</point>
				<point>917.000000,346.000000</point>
				<point>951.000000,332.000000</point>
				<point>957.000000,348.000000</point>
			</points>
		</object>
		<object>
			<coordinate>pixel</coordinate>
			<type>rectangle</type>
			<description>None</description>
			<possibleresult>
				<name>Small Car</name>
			</possibleresult>
			<points>
				<point>982.000000,390.000000</point>
				<point>961.000000,398.000000</point>
				<point>957.000000,391.000000</point>
				<point>979.000000,382.000000</point>
				<point>982.000000,390.000000</point>
			</points>
		</object>
		<object>
			<coordinate>pixel</coordinate>
			<type>rectangle</type>
			<description>None</description>
			<possibleresult>
				<name>Van</name>
			</possibleresult>
			<points>
				<point>965.000000,268.000000</point>
				<point>963.000000,290.000000</point>
				<point>950.000000,289.000000</point>
				<point>952.000000,267.000000</point>
				<point>965.000000,268.000000</point>
			</points>
		</object>
		<object>
			<coordinate>pixel</coordinate>
			<type>rectangle</type>
			<description>None</description>
			<possibleresult>
				<name>Small Car</name>
			</possibleresult>
			<points>
				<point>627.000000,708.000000</point>
				<point>602.000000,708.000000</point>
				<point>602.000000,700.000000</point>
				<point>627.000000,700.000000</point>
				<point>627.000000,708.000000</point>
			</points>
		</object>
		<object>
			<coordinate>pixel</coordinate>
			<type>rectangle</type>
			<description>None</description>
			<possibleresult>
				<name>Van</name>
			</possibleresult>
			<points>
				<point>634.000000,619.000000</point>
				<point>602.000000,619.000000</point>
				<point>602.000000,608.000000</point>
				<point>634.000000,608.000000</point>
				<point>634.000000,619.000000</point>
			</points>
		</object>
		<object>
			<coordinate>pixel</coordinate>
			<type>rectangle</type>
			<description>None</description>
			<possibleresult>
				<name>Cargo Truck</name>
			</possibleresult>
			<points>
				<point>690.000000,470.000000</point>
				<point>658.000000,471.000000</point>
				<point>658.000000,460.000000</point>
				<point>690.000000,459.000000</point>
				<point>690.000000,470.000000</point>
			</points>
		</object>
		<object>
			<coordinate>pixel</coordinate>
			<type>rectangle</type>
			<description>None</description>
			<possibleresult>
				<name>Small Car</name>
			</possibleresult>
			<points>
				<point>721.000000,384.000000</point>
				<point>716.000000,404.000000</point>
				<point>705.000000,401.000000</point>
				<point>711.000000,381.000000</point>
				<point>721.000000,384.000000</point>
			</points>
		</object>
		<object>
			<coordinate>pixel</coordinate>
			<type>rectangle</type>
			<description>None</description>
			<possibleresult>
				<name>Dump Truck</name>
			</possibleresult>
			<points>
				<point>631.000000,434.000000</point>
				<point>605.000000,436.000000</point>
				<point>604.000000,427.000000</point>
				<point>631.000000,426.000000</point>
				<point>631.000000,434.000000</point>
			</points>
		</object>
		<object>
			<coordinate>pixel</coordinate>
			<type>rectangle</type>
			<description>None</description>
			<possibleresult>
				<name>Van</name>
			</possibleresult>
			<points>
				<point>631.000000,417.000000</point>
				<point>604.000000,417.000000</point>
				<point>604.000000,407.000000</point>
				<point>631.000000,407.000000</point>
				<point>631.000000,417.000000</point>
			</points>
		</object>
		<object>
			<coordinate>pixel</coordinate>
			<type>rectangle</type>
			<description>None</description>
			<possibleresult>
				<name>Small Car</name>
			</possibleresult>
			<points>
				<point>778.000000,340.000000</point>
				<point>770.000000,346.000000</point>
				<point>760.000000,333.000000</point>
				<point>767.000000,326.000000</point>
				<point>778.000000,340.000000</point>
			</points>
		</object>
		<object>
			<coordinate>pixel</coordinate>
			<type>rectangle</type>
			<description>None</description>
			<possibleresult>
				<name>Small Car</name>
			</possibleresult>
			<points>
				<point>745.000000,353.000000</point>
				<point>737.000000,356.000000</point>
				<point>730.000000,339.000000</point>
				<point>738.000000,336.000000</point>
				<point>745.000000,353.000000</point>
			</points>
		</object>
		<object>
			<coordinate>pixel</coordinate>
			<type>rectangle</type>
			<description>None</description>
			<possibleresult>
				<name>Dump Truck</name>
			</possibleresult>
			<points>
				<point>714.000000,358.000000</point>
				<point>703.000000,358.000000</point>
				<point>703.000000,338.000000</point>
				<point>714.000000,338.000000</point>
				<point>714.000000,358.000000</point>
			</points>
		</object>
		<object>
			<coordinate>pixel</coordinate>
			<type>rectangle</type>
			<description>None</description>
			<possibleresult>
				<name>Small Car</name>
			</possibleresult>
			<points>
				<point>687.000000,360.000000</point>
				<point>675.000000,360.000000</point>
				<point>675.000000,339.000000</point>
				<point>687.000000,339.000000</point>
				<point>687.000000,360.000000</point>
			</points>
		</object>
		<object>
			<coordinate>pixel</coordinate>
			<type>rectangle</type>
			<description>None</description>
			<possibleresult>
				<name>Dump Truck</name>
			</possibleresult>
			<points>
				<point>545.000000,360.000000</point>
				<point>451.000000,360.000000</point>
				<point>451.000000,337.000000</point>
				<point>545.000000,337.000000</point>
				<point>545.000000,360.000000</point>
			</points>
		</object>
		<object>
			<coordinate>pixel</coordinate>
			<type>rectangle</type>
			<description>None</description>
			<possibleresult>
				<name>Small Car</name>
			</possibleresult>
			<points>
				<point>401.000000,781.000000</point>
				<point>388.000000,781.000000</point>
				<point>388.000000,761.000000</point>
				<point>401.000000,761.000000</point>
				<point>401.000000,781.000000</point>
			</points>
		</object>
		<object>
			<coordinate>pixel</coordinate>
			<type>rectangle</type>
			<description>None</description>
			<possibleresult>
				<name>Cargo Truck</name>
			</possibleresult>
			<points>
				<point>452.000000,870.000000</point>
				<point>452.000000,879.000000</point>
				<point>427.000000,877.000000</point>
				<point>427.000000,869.000000</point>
				<point>452.000000,870.000000</point>
			</points>
		</object>
		<object>
			<coordinate>pixel</coordinate>
			<type>rectangle</type>
			<description>None</description>
			<possibleresult>
				<name>Van</name>
			</possibleresult>
			<points>
				<point>760.000000,156.000000</point>
				<point>753.000000,162.000000</point>
				<point>742.000000,151.000000</point>
				<point>749.000000,145.000000</point>
				<point>760.000000,156.000000</point>
			</points>
		</object>
		<object>
			<coordinate>pixel</coordinate>
			<type>rectangle</type>
			<description>None</description>
			<possibleresult>
				<name>Dump Truck</name>
			</possibleresult>
			<points>
				<point>755.000000,32.000000</point>
				<point>747.000000,40.000000</point>
				<point>733.000000,26.000000</point>
				<point>741.000000,18.000000</point>
				<point>755.000000,32.000000</point>
			</points>
		</object>
		<object>
			<coordinate>pixel</coordinate>
			<type>rectangle</type>
			<description>None</description>
			<possibleresult>
				<name>Van</name>
			</possibleresult>
			<points>
				<point>592.000000,361.000000</point>
				<point>581.000000,361.000000</point>
				<point>581.000000,342.000000</point>
				<point>592.000000,342.000000</point>
				<point>592.000000,361.000000</point>
			</points>
		</object>
		<object>
			<coordinate>pixel</coordinate>
			<type>rectangle</type>
			<description>None</description>
			<possibleresult>
				<name>Small Car</name>
			</possibleresult>
			<points>
				<point>346.000000,407.000000</point>
				<point>336.000000,407.000000</point>
				<point>336.000000,389.000000</point>
				<point>346.000000,389.000000</point>
				<point>346.000000,407.000000</point>
			</points>
		</object>
		<object>
			<coordinate>pixel</coordinate>
			<type>rectangle</type>
			<description>None</description>
			<possibleresult>
				<name>Small Car</name>
			</possibleresult>
			<points>
				<point>333.000000,407.000000</point>
				<point>322.000000,407.000000</point>
				<point>322.000000,389.000000</point>
				<point>333.000000,389.000000</point>
				<point>333.000000,407.000000</point>
			</points>
		</object>
		<object>
			<coordinate>pixel</coordinate>
			<type>rectangle</type>
			<description>None</description>
			<possibleresult>
				<name>Van</name>
			</possibleresult>
			<points>
				<point>442.000000,359.000000</point>
				<point>433.000000,360.000000</point>
				<point>431.000000,342.000000</point>
				<point>440.000000,341.000000</point>
				<point>442.000000,359.000000</point>
			</points>
		</object>
		<object>
			<coordinate>pixel</coordinate>
			<type>rectangle</type>
			<description>None</description>
			<possibleresult>
				<name>Small Car</name>
			</possibleresult>
			<points>
				<point>417.000000,361.000000</point>
				<point>406.000000,361.000000</point>
				<point>406.000000,344.000000</point>
				<point>417.000000,344.000000</point>
				<point>417.000000,361.000000</point>
			</points>
		</object>
		<object>
			<coordinate>pixel</coordinate>
			<type>rectangle</type>
			<description>None</description>
			<possibleresult>
				<name>Small Car</name>
			</possibleresult>
			<points>
				<point>281.000000,364.000000</point>
				<point>270.000000,364.000000</point>
				<point>270.000000,347.000000</point>
				<point>281.000000,347.000000</point>
				<point>281.000000,364.000000</point>
			</points>
		</object>
		<object>
			<coordinate>pixel</coordinate>
			<type>rectangle</type>
			<description>None</description>
			<possibleresult>
				<name>Van</name>
			</possibleresult>
			<points>
				<point>412.000000,143.000000</point>
				<point>385.000000,143.000000</point>
				<point>385.000000,134.000000</point>
				<point>412.000000,134.000000</point>
				<point>412.000000,143.000000</point>
			</points>
		</object>
		<object>
			<coordinate>pixel</coordinate>
			<type>rectangle</type>
			<description>None</description>
			<possibleresult>
				<name>Small Car</name>
			</possibleresult>
			<points>
				<point>316.000000,185.000000</point>
				<point>304.000000,187.000000</point>
				<point>301.000000,169.000000</point>
				<point>313.000000,168.000000</point>
				<point>316.000000,185.000000</point>
			</points>
		</object>
		<object>
			<coordinate>pixel</coordinate>
			<type>rectangle</type>
			<description>None</description>
			<possibleresult>
				<name>Van</name>
			</possibleresult>
			<points>
				<point>303.000000,118.000000</point>
				<point>277.000000,118.000000</point>
				<point>277.000000,106.000000</point>
				<point>303.000000,106.000000</point>
				<point>303.000000,118.000000</point>
			</points>
		</object>
		<object>
			<coordinate>pixel</coordinate>
			<type>rectangle</type>
			<description>None</description>
			<possibleresult>
				<name>Small Car</name>
			</possibleresult>
			<points>
				<point>88.000000,231.000000</point>
				<point>76.000000,231.000000</point>
				<point>76.000000,218.000000</point>
				<point>88.000000,218.000000</point>
				<point>88.000000,231.000000</point>
			</points>
		</object>
		<object>
			<coordinate>pixel</coordinate>
			<type>rectangle</type>
			<description>None</description>
			<possibleresult>
				<name>Van</name>
			</possibleresult>
			<points>
				<point>86.000000,377.000000</point>
				<point>73.000000,377.000000</point>
				<point>73.000000,353.000000</point>
				<point>86.000000,353.000000</point>
				<point>86.000000,377.000000</point>
			</points>
		</object>
		<object>
			<coordinate>pixel</coordinate>
			<type>rectangle</type>
			<description>None</description>
			<possibleresult>
				<name>Van</name>
			</possibleresult>
			<points>
				<point>70.000000,453.000000</point>
				<point>68.000000,476.000000</point>
				<point>56.000000,476.000000</point>
				<point>57.000000,452.000000</point>
				<point>70.000000,453.000000</point>
			</points>
		</object>
		<object>
			<coordinate>pixel</coordinate>
			<type>rectangle</type>
			<description>None</description>
			<possibleresult>
				<name>Dump Truck</name>
			</possibleresult>
			<points>
				<point>275.000000,854.000000</point>
				<point>250.000000,854.000000</point>
				<point>250.000000,847.000000</point>
				<point>275.000000,847.000000</point>
				<point>275.000000,854.000000</point>
			</points>
		</object>
		<object>
			<coordinate>pixel</coordinate>
			<type>rectangle</type>
			<description>None</description>
			<possibleresult>
				<name>Dump Truck</name>
			</possibleresult>
			<points>
				<point>257.000000,869.000000</point>
				<point>253.000000,878.000000</point>
				<point>231.000000,868.000000</point>
				<point>234.000000,860.000000</point>
				<point>257.000000,869.000000</point>
			</points>
		</object>
		<object>
			<coordinate>pixel</coordinate>
			<type>rectangle</type>
			<description>None</description>
			<possibleresult>
				<name>Van</name>
			</possibleresult>
			<points>
				<point>281.000000,891.000000</point>
				<point>254.000000,891.000000</point>
				<point>254.000000,882.000000</point>
				<point>281.000000,882.000000</point>
				<point>281.000000,891.000000</point>
			</points>
		</object>
		<object>
			<coordinate>pixel</coordinate>
			<type>rectangle</type>
			<description>None</description>
			<possibleresult>
				<name>Dump Truck</name>
			</possibleresult>
			<points>
				<point>281.000000,910.000000</point>
				<point>249.000000,912.000000</point>
				<point>248.000000,902.000000</point>
				<point>281.000000,901.000000</point>
				<point>281.000000,910.000000</point>
			</points>
		</object>
		<object>
			<coordinate>pixel</coordinate>
			<type>rectangle</type>
			<description>None</description>
			<possibleresult>
				<name>Small Car</name>
			</possibleresult>
			<points>
				<point>335.000000,953.000000</point>
				<point>325.000000,953.000000</point>
				<point>325.000000,932.000000</point>
				<point>335.000000,932.000000</point>
				<point>335.000000,953.000000</point>
			</points>
		</object>
		<object>
			<coordinate>pixel</coordinate>
			<type>rectangle</type>
			<description>None</description>
			<possibleresult>
				<name>Van</name>
			</possibleresult>
			<points>
				<point>321.000000,954.000000</point>
				<point>309.000000,954.000000</point>
				<point>308.000000,933.000000</point>
				<point>319.000000,932.000000</point>
				<point>321.000000,954.000000</point>
			</points>
		</object>
		<object>
			<coordinate>pixel</coordinate>
			<type>rectangle</type>
			<description>None</description>
			<possibleresult>
				<name>Small Car</name>
			</possibleresult>
			<points>
				<point>125.000000,970.000000</point>
				<point>124.000000,988.000000</point>
				<point>113.000000,988.000000</point>
				<point>114.000000,970.000000</point>
				<point>125.000000,970.000000</point>
			</points>
		</object>
		<object>
			<coordinate>pixel</coordinate>
			<type>rectangle</type>
			<description>None</description>
			<possibleresult>
				<name>Van</name>
			</possibleresult>
			<points>
				<point>141.000000,999.000000</point>
				<point>130.000000,999.000000</point>
				<point>130.000000,982.000000</point>
				<point>141.000000,982.000000</point>
				<point>141.000000,999.000000</point>
			</points>
		</object>
	</objects>
</annotation>