<?xml version="1.0" encoding="utf-8"?>
<annotation>
	<source>
		<filename>1506.tif</filename>
		<origin>GF2/GF3</origin>
	</source>
	<research>
		<version>1.0</version>
		<provider>FAIR1M</provider>
		<author>Cyber</author>
		<pluginname>FAIR1M</pluginname>
		<pluginclass>object detection</pluginclass>
		<time>2021-07-21</time>
	</research>
	<size>
		<width>1000</width>
		<height>1000</height>
		<depth>3</depth>
	</size>
	<objects>
		<object>
			<coordinate>pixel</coordinate>
			<type>rectangle</type>
			<description>None</description>
			<possibleresult>
				<name>other-vehicle</name>
			</possibleresult>
			<points>
				<point>0.000000,391.000000</point>
				<point>0.000000,391.000000</point>
				<point>0.000000,391.000000</point>
				<point>0.000000,391.000000</point>
				<point>0.000000,391.000000</point>
			</points>
		</object>
		<object>
			<coordinate>pixel</coordinate>
			<type>rectangle</type>
			<description>None</description>
			<possibleresult>
				<name>Van</name>
			</possibleresult>
			<points>
				<point>41.000000,142.000000</point>
				<point>23.000000,149.000000</point>
				<point>20.000000,144.000000</point>
				<point>38.000000,136.000000</point>
				<point>41.000000,142.000000</point>
			</points>
		</object>
		<object>
			<coordinate>pixel</coordinate>
			<type>rectangle</type>
			<description>None</description>
			<possibleresult>
				<name>Small Car</name>
			</possibleresult>
			<points>
				<point>46.000000,152.000000</point>
				<point>29.000000,159.000000</point>
				<point>26.000000,153.000000</point>
				<point>43.000000,146.000000</point>
				<point>46.000000,152.000000</point>
			</points>
		</object>
		<object>
			<coordinate>pixel</coordinate>
			<type>rectangle</type>
			<description>None</description>
			<possibleresult>
				<name>Small Car</name>
			</possibleresult>
			<points>
				<point>48.000000,161.000000</point>
				<point>35.000000,167.000000</point>
				<point>32.000000,161.000000</point>
				<point>46.000000,155.000000</point>
				<point>48.000000,161.000000</point>
			</points>
		</object>
		<object>
			<coordinate>pixel</coordinate>
			<type>rectangle</type>
			<description>None</description>
			<possibleresult>
				<name>Van</name>
			</possibleresult>
			<points>
				<point>39.000000,134.000000</point>
				<point>22.000000,141.000000</point>
				<point>20.000000,135.000000</point>
				<point>36.000000,127.000000</point>
				<point>39.000000,134.000000</point>
			</points>
		</object>
		<object>
			<coordinate>pixel</coordinate>
			<type>rectangle</type>
			<description>None</description>
			<possibleresult>
				<name>Van</name>
			</possibleresult>
			<points>
				<point>57.000000,166.000000</point>
				<point>41.000000,174.000000</point>
				<point>37.000000,168.000000</point>
				<point>53.000000,160.000000</point>
				<point>57.000000,166.000000</point>
			</points>
		</object>
		<object>
			<coordinate>pixel</coordinate>
			<type>rectangle</type>
			<description>None</description>
			<possibleresult>
				<name>Van</name>
			</possibleresult>
			<points>
				<point>63.000000,176.000000</point>
				<point>48.000000,183.000000</point>
				<point>46.000000,177.000000</point>
				<point>61.000000,171.000000</point>
				<point>63.000000,176.000000</point>
			</points>
		</object>
		<object>
			<coordinate>pixel</coordinate>
			<type>rectangle</type>
			<description>None</description>
			<possibleresult>
				<name>Van</name>
			</possibleresult>
			<points>
				<point>480.000000,371.000000</point>
				<point>473.000000,375.000000</point>
				<point>465.000000,361.000000</point>
				<point>472.000000,357.000000</point>
				<point>480.000000,371.000000</point>
			</points>
		</object>
		<object>
			<coordinate>pixel</coordinate>
			<type>rectangle</type>
			<description>None</description>
			<possibleresult>
				<name>Cargo Truck</name>
			</possibleresult>
			<points>
				<point>744.000000,259.000000</point>
				<point>719.000000,261.000000</point>
				<point>719.000000,252.000000</point>
				<point>743.000000,251.000000</point>
				<point>744.000000,259.000000</point>
			</points>
		</object>
		<object>
			<coordinate>pixel</coordinate>
			<type>rectangle</type>
			<description>None</description>
			<possibleresult>
				<name>Cargo Truck</name>
			</possibleresult>
			<points>
				<point>758.000000,237.000000</point>
				<point>752.000000,241.000000</point>
				<point>737.000000,218.000000</point>
				<point>744.000000,213.000000</point>
				<point>758.000000,237.000000</point>
			</points>
		</object>
		<object>
			<coordinate>pixel</coordinate>
			<type>rectangle</type>
			<description>None</description>
			<possibleresult>
				<name>Small Car</name>
			</possibleresult>
			<points>
				<point>699.000000,148.000000</point>
				<point>692.000000,152.000000</point>
				<point>683.000000,137.000000</point>
				<point>689.000000,132.000000</point>
				<point>699.000000,148.000000</point>
			</points>
		</object>
		<object>
			<coordinate>pixel</coordinate>
			<type>rectangle</type>
			<description>None</description>
			<possibleresult>
				<name>Small Car</name>
			</possibleresult>
			<points>
				<point>669.000000,114.000000</point>
				<point>661.000000,119.000000</point>
				<point>658.000000,114.000000</point>
				<point>667.000000,110.000000</point>
				<point>669.000000,114.000000</point>
			</points>
		</object>
		<object>
			<coordinate>pixel</coordinate>
			<type>rectangle</type>
			<description>None</description>
			<possibleresult>
				<name>Van</name>
			</possibleresult>
			<points>
				<point>355.000000,108.000000</point>
				<point>349.000000,112.000000</point>
				<point>342.000000,101.000000</point>
				<point>348.000000,97.000000</point>
				<point>355.000000,108.000000</point>
			</points>
		</object>
		<object>
			<coordinate>pixel</coordinate>
			<type>rectangle</type>
			<description>None</description>
			<possibleresult>
				<name>Dump Truck</name>
			</possibleresult>
			<points>
				<point>259.000000,81.000000</point>
				<point>252.000000,85.000000</point>
				<point>243.000000,70.000000</point>
				<point>250.000000,66.000000</point>
				<point>259.000000,81.000000</point>
			</points>
		</object>
		<object>
			<coordinate>pixel</coordinate>
			<type>rectangle</type>
			<description>None</description>
			<possibleresult>
				<name>Van</name>
			</possibleresult>
			<points>
				<point>277.000000,71.000000</point>
				<point>271.000000,75.000000</point>
				<point>262.000000,63.000000</point>
				<point>268.000000,59.000000</point>
				<point>277.000000,71.000000</point>
			</points>
		</object>
		<object>
			<coordinate>pixel</coordinate>
			<type>rectangle</type>
			<description>None</description>
			<possibleresult>
				<name>Van</name>
			</possibleresult>
			<points>
				<point>284.000000,67.000000</point>
				<point>279.000000,71.000000</point>
				<point>271.000000,59.000000</point>
				<point>277.000000,55.000000</point>
				<point>284.000000,67.000000</point>
			</points>
		</object>
		<object>
			<coordinate>pixel</coordinate>
			<type>rectangle</type>
			<description>None</description>
			<possibleresult>
				<name>Van</name>
			</possibleresult>
			<points>
				<point>341.000000,45.000000</point>
				<point>334.000000,48.000000</point>
				<point>325.000000,34.000000</point>
				<point>332.000000,30.000000</point>
				<point>341.000000,45.000000</point>
			</points>
		</object>
		<object>
			<coordinate>pixel</coordinate>
			<type>rectangle</type>
			<description>None</description>
			<possibleresult>
				<name>Van</name>
			</possibleresult>
			<points>
				<point>350.000000,40.000000</point>
				<point>344.000000,45.000000</point>
				<point>335.000000,31.000000</point>
				<point>340.000000,27.000000</point>
				<point>350.000000,40.000000</point>
			</points>
		</object>
		<object>
			<coordinate>pixel</coordinate>
			<type>rectangle</type>
			<description>None</description>
			<possibleresult>
				<name>Van</name>
			</possibleresult>
			<points>
				<point>359.000000,37.000000</point>
				<point>353.000000,41.000000</point>
				<point>343.000000,28.000000</point>
				<point>349.000000,24.000000</point>
				<point>359.000000,37.000000</point>
			</points>
		</object>
		<object>
			<coordinate>pixel</coordinate>
			<type>rectangle</type>
			<description>None</description>
			<possibleresult>
				<name>Van</name>
			</possibleresult>
			<points>
				<point>368.000000,34.000000</point>
				<point>361.000000,37.000000</point>
				<point>352.000000,22.000000</point>
				<point>359.000000,19.000000</point>
				<point>368.000000,34.000000</point>
			</points>
		</object>
		<object>
			<coordinate>pixel</coordinate>
			<type>rectangle</type>
			<description>None</description>
			<possibleresult>
				<name>Small Car</name>
			</possibleresult>
			<points>
				<point>375.000000,29.000000</point>
				<point>370.000000,32.000000</point>
				<point>362.000000,19.000000</point>
				<point>367.000000,16.000000</point>
				<point>375.000000,29.000000</point>
			</points>
		</object>
		<object>
			<coordinate>pixel</coordinate>
			<type>rectangle</type>
			<description>None</description>
			<possibleresult>
				<name>Small Car</name>
			</possibleresult>
			<points>
				<point>393.000000,19.000000</point>
				<point>386.000000,23.000000</point>
				<point>379.000000,12.000000</point>
				<point>385.000000,7.000000</point>
				<point>393.000000,19.000000</point>
			</points>
		</object>
		<object>
			<coordinate>pixel</coordinate>
			<type>rectangle</type>
			<description>None</description>
			<possibleresult>
				<name>Van</name>
			</possibleresult>
			<points>
				<point>404.000000,16.000000</point>
				<point>398.000000,19.000000</point>
				<point>391.000000,8.000000</point>
				<point>396.000000,4.000000</point>
				<point>404.000000,16.000000</point>
			</points>
		</object>
		<object>
			<coordinate>pixel</coordinate>
			<type>rectangle</type>
			<description>None</description>
			<possibleresult>
				<name>Van</name>
			</possibleresult>
			<points>
				<point>327.000000,7.000000</point>
				<point>320.000000,12.000000</point>
				<point>312.000000,0.000000</point>
				<point>321.000000,0.000000</point>
				<point>327.000000,7.000000</point>
			</points>
		</object>
		<object>
			<coordinate>pixel</coordinate>
			<type>rectangle</type>
			<description>None</description>
			<possibleresult>
				<name>Small Car</name>
			</possibleresult>
			<points>
				<point>184.000000,75.000000</point>
				<point>178.000000,79.000000</point>
				<point>168.000000,63.000000</point>
				<point>175.000000,60.000000</point>
				<point>184.000000,75.000000</point>
			</points>
		</object>
		<object>
			<coordinate>pixel</coordinate>
			<type>rectangle</type>
			<description>None</description>
			<possibleresult>
				<name>Small Car</name>
			</possibleresult>
			<points>
				<point>228.000000,53.000000</point>
				<point>222.000000,56.000000</point>
				<point>213.000000,41.000000</point>
				<point>219.000000,38.000000</point>
				<point>228.000000,53.000000</point>
			</points>
		</object>
		<object>
			<coordinate>pixel</coordinate>
			<type>rectangle</type>
			<description>None</description>
			<possibleresult>
				<name>Small Car</name>
			</possibleresult>
			<points>
				<point>105.000000,72.000000</point>
				<point>86.000000,79.000000</point>
				<point>84.000000,72.000000</point>
				<point>102.000000,64.000000</point>
				<point>105.000000,72.000000</point>
			</points>
		</object>
		<object>
			<coordinate>pixel</coordinate>
			<type>rectangle</type>
			<description>None</description>
			<possibleresult>
				<name>Small Car</name>
			</possibleresult>
			<points>
				<point>70.000000,60.000000</point>
				<point>62.000000,62.000000</point>
				<point>58.000000,52.000000</point>
				<point>66.000000,50.000000</point>
				<point>70.000000,60.000000</point>
			</points>
		</object>
		<object>
			<coordinate>pixel</coordinate>
			<type>rectangle</type>
			<description>None</description>
			<possibleresult>
				<name>Small Car</name>
			</possibleresult>
			<points>
				<point>46.000000,9.000000</point>
				<point>41.000000,12.000000</point>
				<point>35.000000,2.000000</point>
				<point>41.000000,0.000000</point>
				<point>46.000000,9.000000</point>
			</points>
		</object>
		<object>
			<coordinate>pixel</coordinate>
			<type>rectangle</type>
			<description>None</description>
			<possibleresult>
				<name>Small Car</name>
			</possibleresult>
			<points>
				<point>33.000000,17.000000</point>
				<point>27.000000,21.000000</point>
				<point>18.000000,7.000000</point>
				<point>24.000000,3.000000</point>
				<point>33.000000,17.000000</point>
			</points>
		</object>
		<object>
			<coordinate>pixel</coordinate>
			<type>rectangle</type>
			<description>None</description>
			<possibleresult>
				<name>Small Car</name>
			</possibleresult>
			<points>
				<point>22.000000,22.000000</point>
				<point>17.000000,24.000000</point>
				<point>9.000000,12.000000</point>
				<point>15.000000,10.000000</point>
				<point>22.000000,22.000000</point>
			</points>
		</object>
	</objects>
</annotation>