<?xml version="1.0" encoding="utf-8"?>
<annotation>
	<source>
		<filename>151.tif</filename>
		<origin>GF2/GF3</origin>
	</source>
	<research>
		<version>1.0</version>
		<provider>FAIR1M</provider>
		<author>Cyber</author>
		<pluginname>FAIR1M</pluginname>
		<pluginclass>object detection</pluginclass>
		<time>2021-07-21</time>
	</research>
	<size>
		<width>1000</width>
		<height>1000</height>
		<depth>3</depth>
	</size>
	<objects>
		<object>
			<coordinate>pixel</coordinate>
			<type>rectangle</type>
			<description>None</description>
			<possibleresult>
				<name>other-airplane</name>
			</possibleresult>
			<points>
				<point>778.000000,852.000000</point>
				<point>803.000000,821.000000</point>
				<point>778.000000,801.000000</point>
				<point>753.000000,831.000000</point>
				<point>778.000000,852.000000</point>
			</points>
		</object>
		<object>
			<coordinate>pixel</coordinate>
			<type>rectangle</type>
			<description>None</description>
			<possibleresult>
				<name>A220</name>
			</possibleresult>
			<points>
				<point>926.000000,973.000000</point>
				<point>961.000000,1004.000000</point>
				<point>991.000000,970.000000</point>
				<point>956.000000,939.000000</point>
				<point>926.000000,973.000000</point>
			</points>
		</object>
	</objects>
</annotation>