<?xml version="1.0" encoding="utf-8"?>
<annotation>
	<source>
		<filename>1510.tif</filename>
		<origin>GF2/GF3</origin>
	</source>
	<research>
		<version>1.0</version>
		<provider>FAIR1M</provider>
		<author>Cyber</author>
		<pluginname>FAIR1M</pluginname>
		<pluginclass>object detection</pluginclass>
		<time>2021-07-21</time>
	</research>
	<size>
		<width>1000</width>
		<height>1000</height>
		<depth>3</depth>
	</size>
	<objects>
		<object>
			<coordinate>pixel</coordinate>
			<type>rectangle</type>
			<description>None</description>
			<possibleresult>
				<name>A321</name>
			</possibleresult>
			<points>
				<point>27.000000,209.000000</point>
				<point>66.000000,165.000000</point>
				<point>32.000000,135.000000</point>
				<point>-7.000000,179.000000</point>
				<point>27.000000,209.000000</point>
			</points>
		</object>
		<object>
			<coordinate>pixel</coordinate>
			<type>rectangle</type>
			<description>None</description>
			<possibleresult>
				<name>A220</name>
			</possibleresult>
			<points>
				<point>12.000000,35.000000</point>
				<point>57.000000,31.000000</point>
				<point>53.000000,-16.000000</point>
				<point>8.000000,-12.000000</point>
				<point>12.000000,35.000000</point>
			</points>
		</object>
	</objects>
</annotation>