<?xml version="1.0" encoding="utf-8"?>
<annotation>
	<source>
		<filename>1513.tif</filename>
		<origin>GF2/GF3</origin>
	</source>
	<research>
		<version>1.0</version>
		<provider>FAIR1M</provider>
		<author>Cyber</author>
		<pluginname>FAIR1M</pluginname>
		<pluginclass>object detection</pluginclass>
		<time>2021-07-21</time>
	</research>
	<size>
		<width>1000</width>
		<height>1000</height>
		<depth>3</depth>
	</size>
	<objects>
		<object>
			<coordinate>pixel</coordinate>
			<type>rectangle</type>
			<description>None</description>
			<possibleresult>
				<name>A220</name>
			</possibleresult>
			<points>
				<point>-8.000000,223.000000</point>
				<point>26.000000,255.000000</point>
				<point>53.000000,226.000000</point>
				<point>19.000000,194.000000</point>
				<point>-8.000000,223.000000</point>
			</points>
		</object>
		<object>
			<coordinate>pixel</coordinate>
			<type>rectangle</type>
			<description>None</description>
			<possibleresult>
				<name>A220</name>
			</possibleresult>
			<points>
				<point>291.000000,44.000000</point>
				<point>326.000000,78.000000</point>
				<point>353.000000,49.000000</point>
				<point>318.000000,16.000000</point>
				<point>291.000000,44.000000</point>
			</points>
		</object>
	</objects>
</annotation>