<?xml version="1.0" encoding="utf-8"?>
<annotation>
	<source>
		<filename>1515.tif</filename>
		<origin>GF2/GF3</origin>
	</source>
	<research>
		<version>1.0</version>
		<provider>FAIR1M</provider>
		<author>Cyber</author>
		<pluginname>FAIR1M</pluginname>
		<pluginclass>object detection</pluginclass>
		<time>2021-07-21</time>
	</research>
	<size>
		<width>1000</width>
		<height>1000</height>
		<depth>3</depth>
	</size>
	<objects>
		<object>
			<coordinate>pixel</coordinate>
			<type>rectangle</type>
			<description>None</description>
			<possibleresult>
				<name>other-airplane</name>
			</possibleresult>
			<points>
				<point>326.000000,48.000000</point>
				<point>348.000000,82.000000</point>
				<point>384.000000,59.000000</point>
				<point>361.000000,25.000000</point>
				<point>326.000000,48.000000</point>
			</points>
		</object>
		<object>
			<coordinate>pixel</coordinate>
			<type>rectangle</type>
			<description>None</description>
			<possibleresult>
				<name>A220</name>
			</possibleresult>
			<points>
				<point>403.000000,14.000000</point>
				<point>426.000000,53.000000</point>
				<point>463.000000,29.000000</point>
				<point>438.000000,-7.000000</point>
				<point>403.000000,14.000000</point>
			</points>
		</object>
		<object>
			<coordinate>pixel</coordinate>
			<type>rectangle</type>
			<description>None</description>
			<possibleresult>
				<name>Bridge</name>
			</possibleresult>
			<points>
				<point>912.000000,718.000000</point>
				<point>914.000000,697.000000</point>
				<point>944.000000,700.000000</point>
				<point>942.000000,721.000000</point>
				<point>912.000000,718.000000</point>
			</points>
		</object>
		<object>
			<coordinate>pixel</coordinate>
			<type>rectangle</type>
			<description>None</description>
			<possibleresult>
				<name>Bridge</name>
			</possibleresult>
			<points>
				<point>843.000000,578.000000</point>
				<point>832.000000,567.000000</point>
				<point>838.000000,562.000000</point>
				<point>849.000000,573.000000</point>
				<point>843.000000,578.000000</point>
			</points>
		</object>
	</objects>
</annotation>