<?xml version="1.0" encoding="utf-8"?>
<annotation>
	<source>
		<filename>1521.tif</filename>
		<origin>GF2/GF3</origin>
	</source>
	<research>
		<version>1.0</version>
		<provider>FAIR1M</provider>
		<author>Cyber</author>
		<pluginname>FAIR1M</pluginname>
		<pluginclass>object detection</pluginclass>
		<time>2021-07-21</time>
	</research>
	<size>
		<width>1000</width>
		<height>1000</height>
		<depth>3</depth>
	</size>
	<objects>
		<object>
			<coordinate>pixel</coordinate>
			<type>rectangle</type>
			<description>None</description>
			<possibleresult>
				<name>Van</name>
			</possibleresult>
			<points>
				<point>272.000000,818.000000</point>
				<point>271.000000,834.000000</point>
				<point>261.000000,833.000000</point>
				<point>262.000000,817.000000</point>
				<point>272.000000,818.000000</point>
			</points>
		</object>
		<object>
			<coordinate>pixel</coordinate>
			<type>rectangle</type>
			<description>None</description>
			<possibleresult>
				<name>Dump Truck</name>
			</possibleresult>
			<points>
				<point>504.000000,602.000000</point>
				<point>491.000000,602.000000</point>
				<point>491.000000,581.000000</point>
				<point>504.000000,581.000000</point>
				<point>504.000000,602.000000</point>
			</points>
		</object>
		<object>
			<coordinate>pixel</coordinate>
			<type>rectangle</type>
			<description>None</description>
			<possibleresult>
				<name>Van</name>
			</possibleresult>
			<points>
				<point>517.000000,968.000000</point>
				<point>496.000000,968.000000</point>
				<point>496.000000,961.000000</point>
				<point>517.000000,961.000000</point>
				<point>517.000000,968.000000</point>
			</points>
		</object>
		<object>
			<coordinate>pixel</coordinate>
			<type>rectangle</type>
			<description>None</description>
			<possibleresult>
				<name>Small Car</name>
			</possibleresult>
			<points>
				<point>952.000000,991.000000</point>
				<point>952.000000,998.000000</point>
				<point>930.000000,997.000000</point>
				<point>930.000000,990.000000</point>
				<point>952.000000,991.000000</point>
			</points>
		</object>
		<object>
			<coordinate>pixel</coordinate>
			<type>rectangle</type>
			<description>None</description>
			<possibleresult>
				<name>Truck Tractor</name>
			</possibleresult>
			<points>
				<point>836.000000,996.000000</point>
				<point>774.000000,996.000000</point>
				<point>774.000000,987.000000</point>
				<point>836.000000,987.000000</point>
				<point>836.000000,996.000000</point>
			</points>
		</object>
		<object>
			<coordinate>pixel</coordinate>
			<type>rectangle</type>
			<description>None</description>
			<possibleresult>
				<name>Van</name>
			</possibleresult>
			<points>
				<point>910.000000,969.000000</point>
				<point>909.000000,974.000000</point>
				<point>885.000000,973.000000</point>
				<point>885.000000,967.000000</point>
				<point>910.000000,969.000000</point>
			</points>
		</object>
		<object>
			<coordinate>pixel</coordinate>
			<type>rectangle</type>
			<description>None</description>
			<possibleresult>
				<name>Small Car</name>
			</possibleresult>
			<points>
				<point>746.000000,996.000000</point>
				<point>722.000000,996.000000</point>
				<point>722.000000,988.000000</point>
				<point>746.000000,988.000000</point>
				<point>746.000000,996.000000</point>
			</points>
		</object>
		<object>
			<coordinate>pixel</coordinate>
			<type>rectangle</type>
			<description>None</description>
			<possibleresult>
				<name>Small Car</name>
			</possibleresult>
			<points>
				<point>653.000000,936.000000</point>
				<point>644.000000,936.000000</point>
				<point>643.000000,921.000000</point>
				<point>652.000000,921.000000</point>
				<point>653.000000,936.000000</point>
			</points>
		</object>
		<object>
			<coordinate>pixel</coordinate>
			<type>rectangle</type>
			<description>None</description>
			<possibleresult>
				<name>Small Car</name>
			</possibleresult>
			<points>
				<point>645.000000,895.000000</point>
				<point>640.000000,900.000000</point>
				<point>628.000000,888.000000</point>
				<point>633.000000,883.000000</point>
				<point>645.000000,895.000000</point>
			</points>
		</object>
		<object>
			<coordinate>pixel</coordinate>
			<type>rectangle</type>
			<description>None</description>
			<possibleresult>
				<name>Van</name>
			</possibleresult>
			<points>
				<point>920.000000,319.000000</point>
				<point>910.000000,319.000000</point>
				<point>910.000000,304.000000</point>
				<point>920.000000,304.000000</point>
				<point>920.000000,319.000000</point>
			</points>
		</object>
		<object>
			<coordinate>pixel</coordinate>
			<type>rectangle</type>
			<description>None</description>
			<possibleresult>
				<name>Small Car</name>
			</possibleresult>
			<points>
				<point>800.000000,399.000000</point>
				<point>778.000000,400.000000</point>
				<point>778.000000,394.000000</point>
				<point>800.000000,393.000000</point>
				<point>800.000000,399.000000</point>
			</points>
		</object>
		<object>
			<coordinate>pixel</coordinate>
			<type>rectangle</type>
			<description>None</description>
			<possibleresult>
				<name>Small Car</name>
			</possibleresult>
			<points>
				<point>982.000000,855.000000</point>
				<point>960.000000,855.000000</point>
				<point>960.000000,846.000000</point>
				<point>982.000000,846.000000</point>
				<point>982.000000,855.000000</point>
			</points>
		</object>
		<object>
			<coordinate>pixel</coordinate>
			<type>rectangle</type>
			<description>None</description>
			<possibleresult>
				<name>Van</name>
			</possibleresult>
			<points>
				<point>967.000000,978.000000</point>
				<point>948.000000,978.000000</point>
				<point>948.000000,971.000000</point>
				<point>967.000000,971.000000</point>
				<point>967.000000,978.000000</point>
			</points>
		</object>
		<object>
			<coordinate>pixel</coordinate>
			<type>rectangle</type>
			<description>None</description>
			<possibleresult>
				<name>Dump Truck</name>
			</possibleresult>
			<points>
				<point>636.000000,98.000000</point>
				<point>628.000000,102.000000</point>
				<point>616.000000,78.000000</point>
				<point>624.000000,74.000000</point>
				<point>636.000000,98.000000</point>
			</points>
		</object>
		<object>
			<coordinate>pixel</coordinate>
			<type>rectangle</type>
			<description>None</description>
			<possibleresult>
				<name>Van</name>
			</possibleresult>
			<points>
				<point>556.000000,289.000000</point>
				<point>548.000000,293.000000</point>
				<point>540.000000,276.000000</point>
				<point>549.000000,273.000000</point>
				<point>556.000000,289.000000</point>
			</points>
		</object>
		<object>
			<coordinate>pixel</coordinate>
			<type>rectangle</type>
			<description>None</description>
			<possibleresult>
				<name>Van</name>
			</possibleresult>
			<points>
				<point>219.000000,205.000000</point>
				<point>217.000000,232.000000</point>
				<point>208.000000,232.000000</point>
				<point>209.000000,205.000000</point>
				<point>219.000000,205.000000</point>
			</points>
		</object>
		<object>
			<coordinate>pixel</coordinate>
			<type>rectangle</type>
			<description>None</description>
			<possibleresult>
				<name>Van</name>
			</possibleresult>
			<points>
				<point>231.000000,122.000000</point>
				<point>222.000000,122.000000</point>
				<point>222.000000,105.000000</point>
				<point>231.000000,105.000000</point>
				<point>231.000000,122.000000</point>
			</points>
		</object>
		<object>
			<coordinate>pixel</coordinate>
			<type>rectangle</type>
			<description>None</description>
			<possibleresult>
				<name>Van</name>
			</possibleresult>
			<points>
				<point>213.000000,445.000000</point>
				<point>212.000000,464.000000</point>
				<point>201.000000,463.000000</point>
				<point>203.000000,445.000000</point>
				<point>213.000000,445.000000</point>
			</points>
		</object>
		<object>
			<coordinate>pixel</coordinate>
			<type>rectangle</type>
			<description>None</description>
			<possibleresult>
				<name>Small Car</name>
			</possibleresult>
			<points>
				<point>262.000000,565.000000</point>
				<point>240.000000,565.000000</point>
				<point>240.000000,558.000000</point>
				<point>262.000000,558.000000</point>
				<point>262.000000,565.000000</point>
			</points>
		</object>
		<object>
			<coordinate>pixel</coordinate>
			<type>rectangle</type>
			<description>None</description>
			<possibleresult>
				<name>Van</name>
			</possibleresult>
			<points>
				<point>161.000000,563.000000</point>
				<point>136.000000,564.000000</point>
				<point>136.000000,558.000000</point>
				<point>160.000000,556.000000</point>
				<point>161.000000,563.000000</point>
			</points>
		</object>
		<object>
			<coordinate>pixel</coordinate>
			<type>rectangle</type>
			<description>None</description>
			<possibleresult>
				<name>Small Car</name>
			</possibleresult>
			<points>
				<point>167.000000,536.000000</point>
				<point>145.000000,537.000000</point>
				<point>144.000000,531.000000</point>
				<point>166.000000,530.000000</point>
				<point>167.000000,536.000000</point>
			</points>
		</object>
		<object>
			<coordinate>pixel</coordinate>
			<type>rectangle</type>
			<description>None</description>
			<possibleresult>
				<name>Small Car</name>
			</possibleresult>
			<points>
				<point>29.000000,372.000000</point>
				<point>16.000000,373.000000</point>
				<point>15.000000,369.000000</point>
				<point>29.000000,367.000000</point>
				<point>29.000000,372.000000</point>
			</points>
		</object>
		<object>
			<coordinate>pixel</coordinate>
			<type>rectangle</type>
			<description>None</description>
			<possibleresult>
				<name>Van</name>
			</possibleresult>
			<points>
				<point>267.000000,794.000000</point>
				<point>260.000000,798.000000</point>
				<point>247.000000,781.000000</point>
				<point>255.000000,776.000000</point>
				<point>267.000000,794.000000</point>
			</points>
		</object>
		<object>
			<coordinate>pixel</coordinate>
			<type>rectangle</type>
			<description>None</description>
			<possibleresult>
				<name>Van</name>
			</possibleresult>
			<points>
				<point>283.000000,891.000000</point>
				<point>271.000000,892.000000</point>
				<point>270.000000,869.000000</point>
				<point>282.000000,868.000000</point>
				<point>283.000000,891.000000</point>
			</points>
		</object>
		<object>
			<coordinate>pixel</coordinate>
			<type>rectangle</type>
			<description>None</description>
			<possibleresult>
				<name>Van</name>
			</possibleresult>
			<points>
				<point>343.000000,711.000000</point>
				<point>317.000000,711.000000</point>
				<point>317.000000,704.000000</point>
				<point>343.000000,704.000000</point>
				<point>343.000000,711.000000</point>
			</points>
		</object>
		<object>
			<coordinate>pixel</coordinate>
			<type>rectangle</type>
			<description>None</description>
			<possibleresult>
				<name>Van</name>
			</possibleresult>
			<points>
				<point>463.000000,666.000000</point>
				<point>439.000000,666.000000</point>
				<point>439.000000,659.000000</point>
				<point>463.000000,659.000000</point>
				<point>463.000000,666.000000</point>
			</points>
		</object>
		<object>
			<coordinate>pixel</coordinate>
			<type>rectangle</type>
			<description>None</description>
			<possibleresult>
				<name>Small Car</name>
			</possibleresult>
			<points>
				<point>562.000000,866.000000</point>
				<point>556.000000,867.000000</point>
				<point>555.000000,851.000000</point>
				<point>561.000000,850.000000</point>
				<point>562.000000,866.000000</point>
			</points>
		</object>
		<object>
			<coordinate>pixel</coordinate>
			<type>rectangle</type>
			<description>None</description>
			<possibleresult>
				<name>Intersection</name>
			</possibleresult>
			<points>
				<point>957.000000,953.000000</point>
				<point>954.000000,1000.000000</point>
				<point>866.000000,1000.000000</point>
				<point>868.000000,949.000000</point>
				<point>957.000000,953.000000</point>
			</points>
		</object>
		<object>
			<coordinate>pixel</coordinate>
			<type>rectangle</type>
			<description>None</description>
			<possibleresult>
				<name>Intersection</name>
			</possibleresult>
			<points>
				<point>443.000000,997.000000</point>
				<point>391.000000,998.000000</point>
				<point>391.000000,956.000000</point>
				<point>442.000000,954.000000</point>
				<point>443.000000,997.000000</point>
			</points>
		</object>
		<object>
			<coordinate>pixel</coordinate>
			<type>rectangle</type>
			<description>None</description>
			<possibleresult>
				<name>Intersection</name>
			</possibleresult>
			<points>
				<point>950.000000,196.000000</point>
				<point>876.000000,197.000000</point>
				<point>875.000000,144.000000</point>
				<point>949.000000,143.000000</point>
				<point>950.000000,196.000000</point>
			</points>
		</object>
		<object>
			<coordinate>pixel</coordinate>
			<type>rectangle</type>
			<description>None</description>
			<possibleresult>
				<name>Intersection</name>
			</possibleresult>
			<points>
				<point>935.000000,579.000000</point>
				<point>869.000000,579.000000</point>
				<point>869.000000,526.000000</point>
				<point>935.000000,526.000000</point>
				<point>935.000000,579.000000</point>
			</points>
		</object>
		<object>
			<coordinate>pixel</coordinate>
			<type>rectangle</type>
			<description>None</description>
			<possibleresult>
				<name>Small Car</name>
			</possibleresult>
			<points>
				<point>529.000000,754.000000</point>
				<point>505.000000,756.000000</point>
				<point>505.000000,748.000000</point>
				<point>528.000000,745.000000</point>
				<point>529.000000,754.000000</point>
			</points>
		</object>
		<object>
			<coordinate>pixel</coordinate>
			<type>rectangle</type>
			<description>None</description>
			<possibleresult>
				<name>Small Car</name>
			</possibleresult>
			<points>
				<point>516.000000,619.000000</point>
				<point>515.000000,636.000000</point>
				<point>503.000000,636.000000</point>
				<point>504.000000,619.000000</point>
				<point>516.000000,619.000000</point>
			</points>
		</object>
		<object>
			<coordinate>pixel</coordinate>
			<type>rectangle</type>
			<description>None</description>
			<possibleresult>
				<name>Van</name>
			</possibleresult>
			<points>
				<point>595.000000,653.000000</point>
				<point>588.000000,656.000000</point>
				<point>582.000000,642.000000</point>
				<point>589.000000,639.000000</point>
				<point>595.000000,653.000000</point>
			</points>
		</object>
		<object>
			<coordinate>pixel</coordinate>
			<type>rectangle</type>
			<description>None</description>
			<possibleresult>
				<name>Intersection</name>
			</possibleresult>
			<points>
				<point>432.000000,583.000000</point>
				<point>394.000000,582.000000</point>
				<point>394.000000,529.000000</point>
				<point>432.000000,530.000000</point>
				<point>432.000000,583.000000</point>
			</points>
		</object>
	</objects>
</annotation>