<?xml version="1.0" encoding="utf-8"?>
<annotation>
	<source>
		<filename>1532.tif</filename>
		<origin>GF2/GF3</origin>
	</source>
	<research>
		<version>1.0</version>
		<provider>FAIR1M</provider>
		<author>Cyber</author>
		<pluginname>FAIR1M</pluginname>
		<pluginclass>object detection</pluginclass>
		<time>2021-07-21</time>
	</research>
	<size>
		<width>1000</width>
		<height>1000</height>
		<depth>3</depth>
	</size>
	<objects>
		<object>
			<coordinate>pixel</coordinate>
			<type>rectangle</type>
			<description>None</description>
			<possibleresult>
				<name>Cargo Truck</name>
			</possibleresult>
			<points>
				<point>152.000000,35.000000</point>
				<point>117.000000,50.000000</point>
				<point>111.000000,37.000000</point>
				<point>146.000000,22.000000</point>
				<point>152.000000,35.000000</point>
			</points>
		</object>
		<object>
			<coordinate>pixel</coordinate>
			<type>rectangle</type>
			<description>None</description>
			<possibleresult>
				<name>Small Car</name>
			</possibleresult>
			<points>
				<point>102.000000,135.000000</point>
				<point>84.000000,143.000000</point>
				<point>80.000000,135.000000</point>
				<point>98.000000,126.000000</point>
				<point>102.000000,135.000000</point>
			</points>
		</object>
		<object>
			<coordinate>pixel</coordinate>
			<type>rectangle</type>
			<description>None</description>
			<possibleresult>
				<name>Dump Truck</name>
			</possibleresult>
			<points>
				<point>130.000000,125.000000</point>
				<point>107.000000,135.000000</point>
				<point>102.000000,125.000000</point>
				<point>125.000000,115.000000</point>
				<point>130.000000,125.000000</point>
			</points>
		</object>
		<object>
			<coordinate>pixel</coordinate>
			<type>rectangle</type>
			<description>None</description>
			<possibleresult>
				<name>Cargo Truck</name>
			</possibleresult>
			<points>
				<point>55.000000,74.000000</point>
				<point>4.000000,95.000000</point>
				<point>0.000000,86.000000</point>
				<point>50.000000,65.000000</point>
				<point>55.000000,74.000000</point>
			</points>
		</object>
		<object>
			<coordinate>pixel</coordinate>
			<type>rectangle</type>
			<description>None</description>
			<possibleresult>
				<name>Dump Truck</name>
			</possibleresult>
			<points>
				<point>75.000000,146.000000</point>
				<point>43.000000,158.000000</point>
				<point>40.000000,148.000000</point>
				<point>71.000000,135.000000</point>
				<point>75.000000,146.000000</point>
			</points>
		</object>
		<object>
			<coordinate>pixel</coordinate>
			<type>rectangle</type>
			<description>None</description>
			<possibleresult>
				<name>Small Car</name>
			</possibleresult>
			<points>
				<point>788.000000,245.000000</point>
				<point>769.000000,252.000000</point>
				<point>767.000000,243.000000</point>
				<point>785.000000,237.000000</point>
				<point>788.000000,245.000000</point>
			</points>
		</object>
		<object>
			<coordinate>pixel</coordinate>
			<type>rectangle</type>
			<description>None</description>
			<possibleresult>
				<name>Small Car</name>
			</possibleresult>
			<points>
				<point>478.000000,223.000000</point>
				<point>472.000000,228.000000</point>
				<point>459.000000,215.000000</point>
				<point>465.000000,210.000000</point>
				<point>478.000000,223.000000</point>
			</points>
		</object>
		<object>
			<coordinate>pixel</coordinate>
			<type>rectangle</type>
			<description>None</description>
			<possibleresult>
				<name>Small Car</name>
			</possibleresult>
			<points>
				<point>13.000000,372.000000</point>
				<point>0.000000,376.000000</point>
				<point>0.000000,369.000000</point>
				<point>12.000000,365.000000</point>
				<point>13.000000,372.000000</point>
			</points>
		</object>
		<object>
			<coordinate>pixel</coordinate>
			<type>rectangle</type>
			<description>None</description>
			<possibleresult>
				<name>Small Car</name>
			</possibleresult>
			<points>
				<point>274.000000,315.000000</point>
				<point>258.000000,321.000000</point>
				<point>256.000000,314.000000</point>
				<point>272.000000,307.000000</point>
				<point>274.000000,315.000000</point>
			</points>
		</object>
		<object>
			<coordinate>pixel</coordinate>
			<type>rectangle</type>
			<description>None</description>
			<possibleresult>
				<name>Small Car</name>
			</possibleresult>
			<points>
				<point>275.000000,325.000000</point>
				<point>260.000000,331.000000</point>
				<point>258.000000,324.000000</point>
				<point>273.000000,317.000000</point>
				<point>275.000000,325.000000</point>
			</points>
		</object>
		<object>
			<coordinate>pixel</coordinate>
			<type>rectangle</type>
			<description>None</description>
			<possibleresult>
				<name>Dump Truck</name>
			</possibleresult>
			<points>
				<point>99.000000,418.000000</point>
				<point>79.000000,428.000000</point>
				<point>74.000000,419.000000</point>
				<point>94.000000,409.000000</point>
				<point>99.000000,418.000000</point>
			</points>
		</object>
		<object>
			<coordinate>pixel</coordinate>
			<type>rectangle</type>
			<description>None</description>
			<possibleresult>
				<name>Dump Truck</name>
			</possibleresult>
			<points>
				<point>122.000000,454.000000</point>
				<point>104.000000,462.000000</point>
				<point>100.000000,453.000000</point>
				<point>118.000000,445.000000</point>
				<point>122.000000,454.000000</point>
			</points>
		</object>
		<object>
			<coordinate>pixel</coordinate>
			<type>rectangle</type>
			<description>None</description>
			<possibleresult>
				<name>Dump Truck</name>
			</possibleresult>
			<points>
				<point>27.000000,393.000000</point>
				<point>9.000000,402.000000</point>
				<point>5.000000,393.000000</point>
				<point>22.000000,385.000000</point>
				<point>27.000000,393.000000</point>
			</points>
		</object>
		<object>
			<coordinate>pixel</coordinate>
			<type>rectangle</type>
			<description>None</description>
			<possibleresult>
				<name>Dump Truck</name>
			</possibleresult>
			<points>
				<point>34.000000,402.000000</point>
				<point>16.000000,412.000000</point>
				<point>12.000000,404.000000</point>
				<point>29.000000,393.000000</point>
				<point>34.000000,402.000000</point>
			</points>
		</object>
		<object>
			<coordinate>pixel</coordinate>
			<type>rectangle</type>
			<description>None</description>
			<possibleresult>
				<name>Small Car</name>
			</possibleresult>
			<points>
				<point>37.000000,411.000000</point>
				<point>17.000000,419.000000</point>
				<point>15.000000,411.000000</point>
				<point>34.000000,404.000000</point>
				<point>37.000000,411.000000</point>
			</points>
		</object>
		<object>
			<coordinate>pixel</coordinate>
			<type>rectangle</type>
			<description>None</description>
			<possibleresult>
				<name>Small Car</name>
			</possibleresult>
			<points>
				<point>42.000000,421.000000</point>
				<point>25.000000,429.000000</point>
				<point>21.000000,421.000000</point>
				<point>38.000000,414.000000</point>
				<point>42.000000,421.000000</point>
			</points>
		</object>
		<object>
			<coordinate>pixel</coordinate>
			<type>rectangle</type>
			<description>None</description>
			<possibleresult>
				<name>Small Car</name>
			</possibleresult>
			<points>
				<point>46.000000,432.000000</point>
				<point>30.000000,439.000000</point>
				<point>28.000000,434.000000</point>
				<point>44.000000,427.000000</point>
				<point>46.000000,432.000000</point>
			</points>
		</object>
		<object>
			<coordinate>pixel</coordinate>
			<type>rectangle</type>
			<description>None</description>
			<possibleresult>
				<name>Small Car</name>
			</possibleresult>
			<points>
				<point>58.000000,447.000000</point>
				<point>47.000000,453.000000</point>
				<point>44.000000,447.000000</point>
				<point>55.000000,441.000000</point>
				<point>58.000000,447.000000</point>
			</points>
		</object>
		<object>
			<coordinate>pixel</coordinate>
			<type>rectangle</type>
			<description>None</description>
			<possibleresult>
				<name>Small Car</name>
			</possibleresult>
			<points>
				<point>64.000000,454.000000</point>
				<point>48.000000,463.000000</point>
				<point>45.000000,456.000000</point>
				<point>61.000000,448.000000</point>
				<point>64.000000,454.000000</point>
			</points>
		</object>
		<object>
			<coordinate>pixel</coordinate>
			<type>rectangle</type>
			<description>None</description>
			<possibleresult>
				<name>Small Car</name>
			</possibleresult>
			<points>
				<point>67.000000,463.000000</point>
				<point>54.000000,470.000000</point>
				<point>51.000000,463.000000</point>
				<point>65.000000,457.000000</point>
				<point>67.000000,463.000000</point>
			</points>
		</object>
		<object>
			<coordinate>pixel</coordinate>
			<type>rectangle</type>
			<description>None</description>
			<possibleresult>
				<name>Small Car</name>
			</possibleresult>
			<points>
				<point>78.000000,476.000000</point>
				<point>61.000000,482.000000</point>
				<point>58.000000,474.000000</point>
				<point>75.000000,468.000000</point>
				<point>78.000000,476.000000</point>
			</points>
		</object>
		<object>
			<coordinate>pixel</coordinate>
			<type>rectangle</type>
			<description>None</description>
			<possibleresult>
				<name>Small Car</name>
			</possibleresult>
			<points>
				<point>82.000000,488.000000</point>
				<point>66.000000,494.000000</point>
				<point>64.000000,486.000000</point>
				<point>80.000000,480.000000</point>
				<point>82.000000,488.000000</point>
			</points>
		</object>
		<object>
			<coordinate>pixel</coordinate>
			<type>rectangle</type>
			<description>None</description>
			<possibleresult>
				<name>Small Car</name>
			</possibleresult>
			<points>
				<point>90.000000,498.000000</point>
				<point>73.000000,505.000000</point>
				<point>70.000000,498.000000</point>
				<point>88.000000,492.000000</point>
				<point>90.000000,498.000000</point>
			</points>
		</object>
		<object>
			<coordinate>pixel</coordinate>
			<type>rectangle</type>
			<description>None</description>
			<possibleresult>
				<name>Small Car</name>
			</possibleresult>
			<points>
				<point>108.000000,524.000000</point>
				<point>94.000000,531.000000</point>
				<point>91.000000,524.000000</point>
				<point>105.000000,517.000000</point>
				<point>108.000000,524.000000</point>
			</points>
		</object>
		<object>
			<coordinate>pixel</coordinate>
			<type>rectangle</type>
			<description>None</description>
			<possibleresult>
				<name>Small Car</name>
			</possibleresult>
			<points>
				<point>118.000000,536.000000</point>
				<point>100.000000,542.000000</point>
				<point>98.000000,535.000000</point>
				<point>116.000000,529.000000</point>
				<point>118.000000,536.000000</point>
			</points>
		</object>
		<object>
			<coordinate>pixel</coordinate>
			<type>rectangle</type>
			<description>None</description>
			<possibleresult>
				<name>Small Car</name>
			</possibleresult>
			<points>
				<point>124.000000,546.000000</point>
				<point>108.000000,553.000000</point>
				<point>106.000000,546.000000</point>
				<point>122.000000,539.000000</point>
				<point>124.000000,546.000000</point>
			</points>
		</object>
		<object>
			<coordinate>pixel</coordinate>
			<type>rectangle</type>
			<description>None</description>
			<possibleresult>
				<name>Cargo Truck</name>
			</possibleresult>
			<points>
				<point>165.000000,564.000000</point>
				<point>155.000000,570.000000</point>
				<point>138.000000,543.000000</point>
				<point>148.000000,538.000000</point>
				<point>165.000000,564.000000</point>
			</points>
		</object>
		<object>
			<coordinate>pixel</coordinate>
			<type>rectangle</type>
			<description>None</description>
			<possibleresult>
				<name>Small Car</name>
			</possibleresult>
			<points>
				<point>157.000000,511.000000</point>
				<point>142.000000,518.000000</point>
				<point>138.000000,510.000000</point>
				<point>154.000000,503.000000</point>
				<point>157.000000,511.000000</point>
			</points>
		</object>
		<object>
			<coordinate>pixel</coordinate>
			<type>rectangle</type>
			<description>None</description>
			<possibleresult>
				<name>Small Car</name>
			</possibleresult>
			<points>
				<point>165.000000,520.000000</point>
				<point>148.000000,529.000000</point>
				<point>144.000000,522.000000</point>
				<point>161.000000,513.000000</point>
				<point>165.000000,520.000000</point>
			</points>
		</object>
		<object>
			<coordinate>pixel</coordinate>
			<type>rectangle</type>
			<description>None</description>
			<possibleresult>
				<name>Small Car</name>
			</possibleresult>
			<points>
				<point>171.000000,532.000000</point>
				<point>155.000000,535.000000</point>
				<point>154.000000,528.000000</point>
				<point>169.000000,525.000000</point>
				<point>171.000000,532.000000</point>
			</points>
		</object>
		<object>
			<coordinate>pixel</coordinate>
			<type>rectangle</type>
			<description>None</description>
			<possibleresult>
				<name>Small Car</name>
			</possibleresult>
			<points>
				<point>176.000000,538.000000</point>
				<point>162.000000,544.000000</point>
				<point>159.000000,538.000000</point>
				<point>174.000000,533.000000</point>
				<point>176.000000,538.000000</point>
			</points>
		</object>
		<object>
			<coordinate>pixel</coordinate>
			<type>rectangle</type>
			<description>None</description>
			<possibleresult>
				<name>Small Car</name>
			</possibleresult>
			<points>
				<point>184.000000,548.000000</point>
				<point>167.000000,553.000000</point>
				<point>165.000000,546.000000</point>
				<point>182.000000,541.000000</point>
				<point>184.000000,548.000000</point>
			</points>
		</object>
		<object>
			<coordinate>pixel</coordinate>
			<type>rectangle</type>
			<description>None</description>
			<possibleresult>
				<name>Small Car</name>
			</possibleresult>
			<points>
				<point>190.000000,557.000000</point>
				<point>173.000000,562.000000</point>
				<point>172.000000,556.000000</point>
				<point>188.000000,550.000000</point>
				<point>190.000000,557.000000</point>
			</points>
		</object>
		<object>
			<coordinate>pixel</coordinate>
			<type>rectangle</type>
			<description>None</description>
			<possibleresult>
				<name>Small Car</name>
			</possibleresult>
			<points>
				<point>195.000000,564.000000</point>
				<point>178.000000,572.000000</point>
				<point>174.000000,566.000000</point>
				<point>191.000000,558.000000</point>
				<point>195.000000,564.000000</point>
			</points>
		</object>
		<object>
			<coordinate>pixel</coordinate>
			<type>rectangle</type>
			<description>None</description>
			<possibleresult>
				<name>Small Car</name>
			</possibleresult>
			<points>
				<point>232.000000,561.000000</point>
				<point>215.000000,569.000000</point>
				<point>213.000000,562.000000</point>
				<point>229.000000,554.000000</point>
				<point>232.000000,561.000000</point>
			</points>
		</object>
		<object>
			<coordinate>pixel</coordinate>
			<type>rectangle</type>
			<description>None</description>
			<possibleresult>
				<name>Small Car</name>
			</possibleresult>
			<points>
				<point>299.000000,540.000000</point>
				<point>283.000000,547.000000</point>
				<point>280.000000,539.000000</point>
				<point>296.000000,532.000000</point>
				<point>299.000000,540.000000</point>
			</points>
		</object>
		<object>
			<coordinate>pixel</coordinate>
			<type>rectangle</type>
			<description>None</description>
			<possibleresult>
				<name>Small Car</name>
			</possibleresult>
			<points>
				<point>688.000000,590.000000</point>
				<point>681.000000,594.000000</point>
				<point>674.000000,582.000000</point>
				<point>680.000000,578.000000</point>
				<point>688.000000,590.000000</point>
			</points>
		</object>
		<object>
			<coordinate>pixel</coordinate>
			<type>rectangle</type>
			<description>None</description>
			<possibleresult>
				<name>Small Car</name>
			</possibleresult>
			<points>
				<point>653.000000,612.000000</point>
				<point>646.000000,616.000000</point>
				<point>637.000000,600.000000</point>
				<point>644.000000,596.000000</point>
				<point>653.000000,612.000000</point>
			</points>
		</object>
		<object>
			<coordinate>pixel</coordinate>
			<type>rectangle</type>
			<description>None</description>
			<possibleresult>
				<name>Small Car</name>
			</possibleresult>
			<points>
				<point>305.000000,880.000000</point>
				<point>291.000000,887.000000</point>
				<point>288.000000,881.000000</point>
				<point>302.000000,874.000000</point>
				<point>305.000000,880.000000</point>
			</points>
		</object>
		<object>
			<coordinate>pixel</coordinate>
			<type>rectangle</type>
			<description>None</description>
			<possibleresult>
				<name>Small Car</name>
			</possibleresult>
			<points>
				<point>438.000000,838.000000</point>
				<point>424.000000,843.000000</point>
				<point>422.000000,836.000000</point>
				<point>436.000000,831.000000</point>
				<point>438.000000,838.000000</point>
			</points>
		</object>
		<object>
			<coordinate>pixel</coordinate>
			<type>rectangle</type>
			<description>None</description>
			<possibleresult>
				<name>Cargo Truck</name>
			</possibleresult>
			<points>
				<point>338.000000,810.000000</point>
				<point>324.000000,818.000000</point>
				<point>289.000000,764.000000</point>
				<point>303.000000,756.000000</point>
				<point>338.000000,810.000000</point>
			</points>
		</object>
		<object>
			<coordinate>pixel</coordinate>
			<type>rectangle</type>
			<description>None</description>
			<possibleresult>
				<name>Small Car</name>
			</possibleresult>
			<points>
				<point>97.000000,507.000000</point>
				<point>83.000000,514.000000</point>
				<point>80.000000,508.000000</point>
				<point>94.000000,501.000000</point>
				<point>97.000000,507.000000</point>
			</points>
		</object>
		<object>
			<coordinate>pixel</coordinate>
			<type>rectangle</type>
			<description>None</description>
			<possibleresult>
				<name>Small Car</name>
			</possibleresult>
			<points>
				<point>283.000000,895.000000</point>
				<point>267.000000,901.000000</point>
				<point>264.000000,893.000000</point>
				<point>280.000000,887.000000</point>
				<point>283.000000,895.000000</point>
			</points>
		</object>
		<object>
			<coordinate>pixel</coordinate>
			<type>rectangle</type>
			<description>None</description>
			<possibleresult>
				<name>other-vehicle</name>
			</possibleresult>
			<points>
				<point>248.000000,909.000000</point>
				<point>230.000000,917.000000</point>
				<point>224.000000,904.000000</point>
				<point>242.000000,896.000000</point>
				<point>248.000000,909.000000</point>
			</points>
		</object>
	</objects>
</annotation>