<?xml version="1.0" encoding="utf-8"?>
<annotation>
	<source>
		<filename>1533.tif</filename>
		<origin>GF2/GF3</origin>
	</source>
	<research>
		<version>1.0</version>
		<provider>FAIR1M</provider>
		<author>Cyber</author>
		<pluginname>FAIR1M</pluginname>
		<pluginclass>object detection</pluginclass>
		<time>2021-07-21</time>
	</research>
	<size>
		<width>1000</width>
		<height>1000</height>
		<depth>3</depth>
	</size>
	<objects>
		<object>
			<coordinate>pixel</coordinate>
			<type>rectangle</type>
			<description>None</description>
			<possibleresult>
				<name>Van</name>
			</possibleresult>
			<points>
				<point>517.000000,237.000000</point>
				<point>500.000000,254.000000</point>
				<point>492.000000,246.000000</point>
				<point>509.000000,229.000000</point>
				<point>517.000000,237.000000</point>
			</points>
		</object>
		<object>
			<coordinate>pixel</coordinate>
			<type>rectangle</type>
			<description>None</description>
			<possibleresult>
				<name>Van</name>
			</possibleresult>
			<points>
				<point>509.000000,222.000000</point>
				<point>488.000000,233.000000</point>
				<point>484.000000,224.000000</point>
				<point>504.000000,212.000000</point>
				<point>509.000000,222.000000</point>
			</points>
		</object>
		<object>
			<coordinate>pixel</coordinate>
			<type>rectangle</type>
			<description>None</description>
			<possibleresult>
				<name>Small Car</name>
			</possibleresult>
			<points>
				<point>328.000000,7.000000</point>
				<point>327.000000,14.000000</point>
				<point>310.000000,12.000000</point>
				<point>310.000000,4.000000</point>
				<point>328.000000,7.000000</point>
			</points>
		</object>
		<object>
			<coordinate>pixel</coordinate>
			<type>rectangle</type>
			<description>None</description>
			<possibleresult>
				<name>Van</name>
			</possibleresult>
			<points>
				<point>327.000000,16.000000</point>
				<point>326.000000,24.000000</point>
				<point>307.000000,21.000000</point>
				<point>307.000000,13.000000</point>
				<point>327.000000,16.000000</point>
			</points>
		</object>
		<object>
			<coordinate>pixel</coordinate>
			<type>rectangle</type>
			<description>None</description>
			<possibleresult>
				<name>Small Car</name>
			</possibleresult>
			<points>
				<point>327.000000,26.000000</point>
				<point>325.000000,34.000000</point>
				<point>305.000000,29.000000</point>
				<point>307.000000,21.000000</point>
				<point>327.000000,26.000000</point>
			</points>
		</object>
		<object>
			<coordinate>pixel</coordinate>
			<type>rectangle</type>
			<description>None</description>
			<possibleresult>
				<name>Dump Truck</name>
			</possibleresult>
			<points>
				<point>322.000000,33.000000</point>
				<point>321.000000,40.000000</point>
				<point>299.000000,37.000000</point>
				<point>301.000000,29.000000</point>
				<point>322.000000,33.000000</point>
			</points>
		</object>
		<object>
			<coordinate>pixel</coordinate>
			<type>rectangle</type>
			<description>None</description>
			<possibleresult>
				<name>Small Car</name>
			</possibleresult>
			<points>
				<point>313.000000,66.000000</point>
				<point>312.000000,75.000000</point>
				<point>287.000000,71.000000</point>
				<point>288.000000,62.000000</point>
				<point>313.000000,66.000000</point>
			</points>
		</object>
		<object>
			<coordinate>pixel</coordinate>
			<type>rectangle</type>
			<description>None</description>
			<possibleresult>
				<name>Small Car</name>
			</possibleresult>
			<points>
				<point>306.000000,77.000000</point>
				<point>305.000000,84.000000</point>
				<point>282.000000,81.000000</point>
				<point>283.000000,74.000000</point>
				<point>306.000000,77.000000</point>
			</points>
		</object>
		<object>
			<coordinate>pixel</coordinate>
			<type>rectangle</type>
			<description>None</description>
			<possibleresult>
				<name>Small Car</name>
			</possibleresult>
			<points>
				<point>315.000000,55.000000</point>
				<point>313.000000,65.000000</point>
				<point>291.000000,60.000000</point>
				<point>292.000000,51.000000</point>
				<point>315.000000,55.000000</point>
			</points>
		</object>
		<object>
			<coordinate>pixel</coordinate>
			<type>rectangle</type>
			<description>None</description>
			<possibleresult>
				<name>Van</name>
			</possibleresult>
			<points>
				<point>190.000000,7.000000</point>
				<point>188.000000,13.000000</point>
				<point>168.000000,10.000000</point>
				<point>170.000000,4.000000</point>
				<point>190.000000,7.000000</point>
			</points>
		</object>
		<object>
			<coordinate>pixel</coordinate>
			<type>rectangle</type>
			<description>None</description>
			<possibleresult>
				<name>Van</name>
			</possibleresult>
			<points>
				<point>188.000000,16.000000</point>
				<point>187.000000,23.000000</point>
				<point>166.000000,19.000000</point>
				<point>168.000000,13.000000</point>
				<point>188.000000,16.000000</point>
			</points>
		</object>
		<object>
			<coordinate>pixel</coordinate>
			<type>rectangle</type>
			<description>None</description>
			<possibleresult>
				<name>Van</name>
			</possibleresult>
			<points>
				<point>170.000000,1.000000</point>
				<point>164.000000,1.000000</point>
				<point>164.000000,0.000000</point>
				<point>170.000000,0.000000</point>
				<point>170.000000,1.000000</point>
			</points>
		</object>
		<object>
			<coordinate>pixel</coordinate>
			<type>rectangle</type>
			<description>None</description>
			<possibleresult>
				<name>Small Car</name>
			</possibleresult>
			<points>
				<point>158.000000,30.000000</point>
				<point>157.000000,36.000000</point>
				<point>139.000000,33.000000</point>
				<point>140.000000,27.000000</point>
				<point>158.000000,30.000000</point>
			</points>
		</object>
		<object>
			<coordinate>pixel</coordinate>
			<type>rectangle</type>
			<description>None</description>
			<possibleresult>
				<name>Dump Truck</name>
			</possibleresult>
			<points>
				<point>181.000000,43.000000</point>
				<point>180.000000,50.000000</point>
				<point>157.000000,45.000000</point>
				<point>159.000000,38.000000</point>
				<point>181.000000,43.000000</point>
			</points>
		</object>
		<object>
			<coordinate>pixel</coordinate>
			<type>rectangle</type>
			<description>None</description>
			<possibleresult>
				<name>Van</name>
			</possibleresult>
			<points>
				<point>186.000000,25.000000</point>
				<point>185.000000,31.000000</point>
				<point>165.000000,28.000000</point>
				<point>165.000000,21.000000</point>
				<point>186.000000,25.000000</point>
			</points>
		</object>
		<object>
			<coordinate>pixel</coordinate>
			<type>rectangle</type>
			<description>None</description>
			<possibleresult>
				<name>Dump Truck</name>
			</possibleresult>
			<points>
				<point>179.000000,63.000000</point>
				<point>177.000000,71.000000</point>
				<point>151.000000,66.000000</point>
				<point>153.000000,58.000000</point>
				<point>179.000000,63.000000</point>
			</points>
		</object>
		<object>
			<coordinate>pixel</coordinate>
			<type>rectangle</type>
			<description>None</description>
			<possibleresult>
				<name>Dump Truck</name>
			</possibleresult>
			<points>
				<point>180.000000,52.000000</point>
				<point>179.000000,61.000000</point>
				<point>153.000000,56.000000</point>
				<point>155.000000,48.000000</point>
				<point>180.000000,52.000000</point>
			</points>
		</object>
		<object>
			<coordinate>pixel</coordinate>
			<type>rectangle</type>
			<description>None</description>
			<possibleresult>
				<name>Small Car</name>
			</possibleresult>
			<points>
				<point>235.000000,45.000000</point>
				<point>234.000000,52.000000</point>
				<point>212.000000,47.000000</point>
				<point>214.000000,41.000000</point>
				<point>235.000000,45.000000</point>
			</points>
		</object>
		<object>
			<coordinate>pixel</coordinate>
			<type>rectangle</type>
			<description>None</description>
			<possibleresult>
				<name>Small Car</name>
			</possibleresult>
			<points>
				<point>239.000000,35.000000</point>
				<point>238.000000,43.000000</point>
				<point>212.000000,38.000000</point>
				<point>214.000000,31.000000</point>
				<point>239.000000,35.000000</point>
			</points>
		</object>
		<object>
			<coordinate>pixel</coordinate>
			<type>rectangle</type>
			<description>None</description>
			<possibleresult>
				<name>Small Car</name>
			</possibleresult>
			<points>
				<point>241.000000,28.000000</point>
				<point>240.000000,34.000000</point>
				<point>219.000000,29.000000</point>
				<point>221.000000,24.000000</point>
				<point>241.000000,28.000000</point>
			</points>
		</object>
		<object>
			<coordinate>pixel</coordinate>
			<type>rectangle</type>
			<description>None</description>
			<possibleresult>
				<name>Van</name>
			</possibleresult>
			<points>
				<point>247.000000,17.000000</point>
				<point>245.000000,26.000000</point>
				<point>222.000000,21.000000</point>
				<point>224.000000,13.000000</point>
				<point>247.000000,17.000000</point>
			</points>
		</object>
		<object>
			<coordinate>pixel</coordinate>
			<type>rectangle</type>
			<description>None</description>
			<possibleresult>
				<name>Van</name>
			</possibleresult>
			<points>
				<point>279.000000,4.000000</point>
				<point>260.000000,0.000000</point>
				<point>260.000000,-3.000000</point>
				<point>279.000000,0.000000</point>
				<point>279.000000,4.000000</point>
			</points>
		</object>
		<object>
			<coordinate>pixel</coordinate>
			<type>rectangle</type>
			<description>None</description>
			<possibleresult>
				<name>Small Car</name>
			</possibleresult>
			<points>
				<point>275.000000,5.000000</point>
				<point>274.000000,11.000000</point>
				<point>253.000000,7.000000</point>
				<point>254.000000,1.000000</point>
				<point>275.000000,5.000000</point>
			</points>
		</object>
		<object>
			<coordinate>pixel</coordinate>
			<type>rectangle</type>
			<description>None</description>
			<possibleresult>
				<name>Van</name>
			</possibleresult>
			<points>
				<point>273.000000,14.000000</point>
				<point>271.000000,21.000000</point>
				<point>248.000000,17.000000</point>
				<point>250.000000,10.000000</point>
				<point>273.000000,14.000000</point>
			</points>
		</object>
		<object>
			<coordinate>pixel</coordinate>
			<type>rectangle</type>
			<description>None</description>
			<possibleresult>
				<name>Van</name>
			</possibleresult>
			<points>
				<point>264.000000,31.000000</point>
				<point>262.000000,38.000000</point>
				<point>242.000000,34.000000</point>
				<point>244.000000,27.000000</point>
				<point>264.000000,31.000000</point>
			</points>
		</object>
		<object>
			<coordinate>pixel</coordinate>
			<type>rectangle</type>
			<description>None</description>
			<possibleresult>
				<name>Van</name>
			</possibleresult>
			<points>
				<point>264.000000,41.000000</point>
				<point>263.000000,48.000000</point>
				<point>242.000000,43.000000</point>
				<point>244.000000,37.000000</point>
				<point>264.000000,41.000000</point>
			</points>
		</object>
		<object>
			<coordinate>pixel</coordinate>
			<type>rectangle</type>
			<description>None</description>
			<possibleresult>
				<name>Small Car</name>
			</possibleresult>
			<points>
				<point>257.000000,48.000000</point>
				<point>256.000000,55.000000</point>
				<point>237.000000,53.000000</point>
				<point>238.000000,46.000000</point>
				<point>257.000000,48.000000</point>
			</points>
		</object>
		<object>
			<coordinate>pixel</coordinate>
			<type>rectangle</type>
			<description>None</description>
			<possibleresult>
				<name>Van</name>
			</possibleresult>
			<points>
				<point>254.000000,58.000000</point>
				<point>253.000000,65.000000</point>
				<point>234.000000,61.000000</point>
				<point>236.000000,55.000000</point>
				<point>254.000000,58.000000</point>
			</points>
		</object>
		<object>
			<coordinate>pixel</coordinate>
			<type>rectangle</type>
			<description>None</description>
			<possibleresult>
				<name>Van</name>
			</possibleresult>
			<points>
				<point>232.000000,53.000000</point>
				<point>231.000000,60.000000</point>
				<point>209.000000,57.000000</point>
				<point>211.000000,49.000000</point>
				<point>232.000000,53.000000</point>
			</points>
		</object>
		<object>
			<coordinate>pixel</coordinate>
			<type>rectangle</type>
			<description>None</description>
			<possibleresult>
				<name>Small Car</name>
			</possibleresult>
			<points>
				<point>230.000000,63.000000</point>
				<point>229.000000,70.000000</point>
				<point>207.000000,65.000000</point>
				<point>209.000000,59.000000</point>
				<point>230.000000,63.000000</point>
			</points>
		</object>
		<object>
			<coordinate>pixel</coordinate>
			<type>rectangle</type>
			<description>None</description>
			<possibleresult>
				<name>Van</name>
			</possibleresult>
			<points>
				<point>253.000000,68.000000</point>
				<point>252.000000,75.000000</point>
				<point>233.000000,71.000000</point>
				<point>235.000000,65.000000</point>
				<point>253.000000,68.000000</point>
			</points>
		</object>
		<object>
			<coordinate>pixel</coordinate>
			<type>rectangle</type>
			<description>None</description>
			<possibleresult>
				<name>Small Car</name>
			</possibleresult>
			<points>
				<point>242.000000,93.000000</point>
				<point>241.000000,99.000000</point>
				<point>226.000000,97.000000</point>
				<point>227.000000,91.000000</point>
				<point>242.000000,93.000000</point>
			</points>
		</object>
		<object>
			<coordinate>pixel</coordinate>
			<type>rectangle</type>
			<description>None</description>
			<possibleresult>
				<name>Small Car</name>
			</possibleresult>
			<points>
				<point>301.000000,95.000000</point>
				<point>300.000000,102.000000</point>
				<point>281.000000,100.000000</point>
				<point>281.000000,92.000000</point>
				<point>301.000000,95.000000</point>
			</points>
		</object>
		<object>
			<coordinate>pixel</coordinate>
			<type>rectangle</type>
			<description>None</description>
			<possibleresult>
				<name>Small Car</name>
			</possibleresult>
			<points>
				<point>289.000000,122.000000</point>
				<point>288.000000,128.000000</point>
				<point>269.000000,125.000000</point>
				<point>269.000000,118.000000</point>
				<point>289.000000,122.000000</point>
			</points>
		</object>
		<object>
			<coordinate>pixel</coordinate>
			<type>rectangle</type>
			<description>None</description>
			<possibleresult>
				<name>Small Car</name>
			</possibleresult>
			<points>
				<point>294.000000,113.000000</point>
				<point>293.000000,120.000000</point>
				<point>270.000000,117.000000</point>
				<point>271.000000,109.000000</point>
				<point>294.000000,113.000000</point>
			</points>
		</object>
		<object>
			<coordinate>pixel</coordinate>
			<type>rectangle</type>
			<description>None</description>
			<possibleresult>
				<name>Small Car</name>
			</possibleresult>
			<points>
				<point>279.000000,160.000000</point>
				<point>278.000000,167.000000</point>
				<point>258.000000,163.000000</point>
				<point>260.000000,157.000000</point>
				<point>279.000000,160.000000</point>
			</points>
		</object>
		<object>
			<coordinate>pixel</coordinate>
			<type>rectangle</type>
			<description>None</description>
			<possibleresult>
				<name>Van</name>
			</possibleresult>
			<points>
				<point>286.000000,140.000000</point>
				<point>284.000000,146.000000</point>
				<point>265.000000,142.000000</point>
				<point>267.000000,136.000000</point>
				<point>286.000000,140.000000</point>
			</points>
		</object>
		<object>
			<coordinate>pixel</coordinate>
			<type>rectangle</type>
			<description>None</description>
			<possibleresult>
				<name>Van</name>
			</possibleresult>
			<points>
				<point>323.000000,156.000000</point>
				<point>318.000000,159.000000</point>
				<point>310.000000,145.000000</point>
				<point>316.000000,143.000000</point>
				<point>323.000000,156.000000</point>
			</points>
		</object>
		<object>
			<coordinate>pixel</coordinate>
			<type>rectangle</type>
			<description>None</description>
			<possibleresult>
				<name>Van</name>
			</possibleresult>
			<points>
				<point>486.000000,202.000000</point>
				<point>464.000000,215.000000</point>
				<point>460.000000,207.000000</point>
				<point>483.000000,195.000000</point>
				<point>486.000000,202.000000</point>
			</points>
		</object>
		<object>
			<coordinate>pixel</coordinate>
			<type>rectangle</type>
			<description>None</description>
			<possibleresult>
				<name>Van</name>
			</possibleresult>
			<points>
				<point>449.000000,205.000000</point>
				<point>447.000000,213.000000</point>
				<point>425.000000,207.000000</point>
				<point>427.000000,199.000000</point>
				<point>449.000000,205.000000</point>
			</points>
		</object>
		<object>
			<coordinate>pixel</coordinate>
			<type>rectangle</type>
			<description>None</description>
			<possibleresult>
				<name>Small Car</name>
			</possibleresult>
			<points>
				<point>85.000000,517.000000</point>
				<point>61.000000,519.000000</point>
				<point>61.000000,512.000000</point>
				<point>84.000000,509.000000</point>
				<point>85.000000,517.000000</point>
			</points>
		</object>
		<object>
			<coordinate>pixel</coordinate>
			<type>rectangle</type>
			<description>None</description>
			<possibleresult>
				<name>Van</name>
			</possibleresult>
			<points>
				<point>563.000000,399.000000</point>
				<point>559.000000,408.000000</point>
				<point>541.000000,401.000000</point>
				<point>544.000000,392.000000</point>
				<point>563.000000,399.000000</point>
			</points>
		</object>
		<object>
			<coordinate>pixel</coordinate>
			<type>rectangle</type>
			<description>None</description>
			<possibleresult>
				<name>Van</name>
			</possibleresult>
			<points>
				<point>508.000000,581.000000</point>
				<point>506.000000,587.000000</point>
				<point>486.000000,581.000000</point>
				<point>488.000000,575.000000</point>
				<point>508.000000,581.000000</point>
			</points>
		</object>
		<object>
			<coordinate>pixel</coordinate>
			<type>rectangle</type>
			<description>None</description>
			<possibleresult>
				<name>Van</name>
			</possibleresult>
			<points>
				<point>653.000000,570.000000</point>
				<point>651.000000,577.000000</point>
				<point>633.000000,571.000000</point>
				<point>636.000000,565.000000</point>
				<point>653.000000,570.000000</point>
			</points>
		</object>
		<object>
			<coordinate>pixel</coordinate>
			<type>rectangle</type>
			<description>None</description>
			<possibleresult>
				<name>Van</name>
			</possibleresult>
			<points>
				<point>819.000000,517.000000</point>
				<point>815.000000,524.000000</point>
				<point>793.000000,510.000000</point>
				<point>798.000000,504.000000</point>
				<point>819.000000,517.000000</point>
			</points>
		</object>
		<object>
			<coordinate>pixel</coordinate>
			<type>rectangle</type>
			<description>None</description>
			<possibleresult>
				<name>Cargo Truck</name>
			</possibleresult>
			<points>
				<point>883.000000,661.000000</point>
				<point>883.000000,672.000000</point>
				<point>835.000000,671.000000</point>
				<point>835.000000,660.000000</point>
				<point>883.000000,661.000000</point>
			</points>
		</object>
		<object>
			<coordinate>pixel</coordinate>
			<type>rectangle</type>
			<description>None</description>
			<possibleresult>
				<name>Small Car</name>
			</possibleresult>
			<points>
				<point>873.000000,693.000000</point>
				<point>853.000000,693.000000</point>
				<point>853.000000,685.000000</point>
				<point>873.000000,685.000000</point>
				<point>873.000000,693.000000</point>
			</points>
		</object>
		<object>
			<coordinate>pixel</coordinate>
			<type>rectangle</type>
			<description>None</description>
			<possibleresult>
				<name>Small Car</name>
			</possibleresult>
			<points>
				<point>915.000000,687.000000</point>
				<point>914.000000,695.000000</point>
				<point>894.000000,694.000000</point>
				<point>895.000000,686.000000</point>
				<point>915.000000,687.000000</point>
			</points>
		</object>
		<object>
			<coordinate>pixel</coordinate>
			<type>rectangle</type>
			<description>None</description>
			<possibleresult>
				<name>Dump Truck</name>
			</possibleresult>
			<points>
				<point>922.000000,663.000000</point>
				<point>921.000000,670.000000</point>
				<point>898.000000,669.000000</point>
				<point>898.000000,661.000000</point>
				<point>922.000000,663.000000</point>
			</points>
		</object>
		<object>
			<coordinate>pixel</coordinate>
			<type>rectangle</type>
			<description>None</description>
			<possibleresult>
				<name>Small Car</name>
			</possibleresult>
			<points>
				<point>958.000000,669.000000</point>
				<point>938.000000,669.000000</point>
				<point>938.000000,663.000000</point>
				<point>958.000000,663.000000</point>
				<point>958.000000,669.000000</point>
			</points>
		</object>
		<object>
			<coordinate>pixel</coordinate>
			<type>rectangle</type>
			<description>None</description>
			<possibleresult>
				<name>Small Car</name>
			</possibleresult>
			<points>
				<point>942.000000,693.000000</point>
				<point>924.000000,693.000000</point>
				<point>924.000000,686.000000</point>
				<point>942.000000,686.000000</point>
				<point>942.000000,693.000000</point>
			</points>
		</object>
		<object>
			<coordinate>pixel</coordinate>
			<type>rectangle</type>
			<description>None</description>
			<possibleresult>
				<name>Small Car</name>
			</possibleresult>
			<points>
				<point>946.000000,682.000000</point>
				<point>924.000000,683.000000</point>
				<point>924.000000,676.000000</point>
				<point>945.000000,674.000000</point>
				<point>946.000000,682.000000</point>
			</points>
		</object>
		<object>
			<coordinate>pixel</coordinate>
			<type>rectangle</type>
			<description>None</description>
			<possibleresult>
				<name>Small Car</name>
			</possibleresult>
			<points>
				<point>349.000000,726.000000</point>
				<point>348.000000,734.000000</point>
				<point>324.000000,729.000000</point>
				<point>326.000000,722.000000</point>
				<point>349.000000,726.000000</point>
			</points>
		</object>
		<object>
			<coordinate>pixel</coordinate>
			<type>rectangle</type>
			<description>None</description>
			<possibleresult>
				<name>Small Car</name>
			</possibleresult>
			<points>
				<point>801.000000,971.000000</point>
				<point>800.000000,978.000000</point>
				<point>781.000000,974.000000</point>
				<point>782.000000,967.000000</point>
				<point>801.000000,971.000000</point>
			</points>
		</object>
		<object>
			<coordinate>pixel</coordinate>
			<type>rectangle</type>
			<description>None</description>
			<possibleresult>
				<name>Small Car</name>
			</possibleresult>
			<points>
				<point>839.000000,950.000000</point>
				<point>838.000000,958.000000</point>
				<point>817.000000,954.000000</point>
				<point>818.000000,946.000000</point>
				<point>839.000000,950.000000</point>
			</points>
		</object>
		<object>
			<coordinate>pixel</coordinate>
			<type>rectangle</type>
			<description>None</description>
			<possibleresult>
				<name>Van</name>
			</possibleresult>
			<points>
				<point>670.000000,922.000000</point>
				<point>669.000000,929.000000</point>
				<point>650.000000,924.000000</point>
				<point>652.000000,918.000000</point>
				<point>670.000000,922.000000</point>
			</points>
		</object>
		<object>
			<coordinate>pixel</coordinate>
			<type>rectangle</type>
			<description>None</description>
			<possibleresult>
				<name>Van</name>
			</possibleresult>
			<points>
				<point>629.000000,927.000000</point>
				<point>627.000000,934.000000</point>
				<point>607.000000,930.000000</point>
				<point>609.000000,923.000000</point>
				<point>629.000000,927.000000</point>
			</points>
		</object>
		<object>
			<coordinate>pixel</coordinate>
			<type>rectangle</type>
			<description>None</description>
			<possibleresult>
				<name>Small Car</name>
			</possibleresult>
			<points>
				<point>677.000000,951.000000</point>
				<point>675.000000,958.000000</point>
				<point>653.000000,953.000000</point>
				<point>654.000000,945.000000</point>
				<point>677.000000,951.000000</point>
			</points>
		</object>
		<object>
			<coordinate>pixel</coordinate>
			<type>rectangle</type>
			<description>None</description>
			<possibleresult>
				<name>Van</name>
			</possibleresult>
			<points>
				<point>486.000000,920.000000</point>
				<point>484.000000,927.000000</point>
				<point>463.000000,923.000000</point>
				<point>465.000000,916.000000</point>
				<point>486.000000,920.000000</point>
			</points>
		</object>
		<object>
			<coordinate>pixel</coordinate>
			<type>rectangle</type>
			<description>None</description>
			<possibleresult>
				<name>Van</name>
			</possibleresult>
			<points>
				<point>445.000000,912.000000</point>
				<point>444.000000,919.000000</point>
				<point>421.000000,916.000000</point>
				<point>421.000000,908.000000</point>
				<point>445.000000,912.000000</point>
			</points>
		</object>
		<object>
			<coordinate>pixel</coordinate>
			<type>rectangle</type>
			<description>None</description>
			<possibleresult>
				<name>Small Car</name>
			</possibleresult>
			<points>
				<point>443.000000,901.000000</point>
				<point>442.000000,907.000000</point>
				<point>419.000000,903.000000</point>
				<point>421.000000,896.000000</point>
				<point>443.000000,901.000000</point>
			</points>
		</object>
		<object>
			<coordinate>pixel</coordinate>
			<type>rectangle</type>
			<description>None</description>
			<possibleresult>
				<name>Van</name>
			</possibleresult>
			<points>
				<point>243.000000,880.000000</point>
				<point>243.000000,888.000000</point>
				<point>222.000000,886.000000</point>
				<point>222.000000,878.000000</point>
				<point>243.000000,880.000000</point>
			</points>
		</object>
		<object>
			<coordinate>pixel</coordinate>
			<type>rectangle</type>
			<description>None</description>
			<possibleresult>
				<name>Van</name>
			</possibleresult>
			<points>
				<point>314.000000,891.000000</point>
				<point>314.000000,897.000000</point>
				<point>291.000000,894.000000</point>
				<point>292.000000,889.000000</point>
				<point>314.000000,891.000000</point>
			</points>
		</object>
		<object>
			<coordinate>pixel</coordinate>
			<type>rectangle</type>
			<description>None</description>
			<possibleresult>
				<name>Van</name>
			</possibleresult>
			<points>
				<point>192.000000,872.000000</point>
				<point>191.000000,879.000000</point>
				<point>169.000000,876.000000</point>
				<point>171.000000,868.000000</point>
				<point>192.000000,872.000000</point>
			</points>
		</object>
		<object>
			<coordinate>pixel</coordinate>
			<type>rectangle</type>
			<description>None</description>
			<possibleresult>
				<name>Dump Truck</name>
			</possibleresult>
			<points>
				<point>63.000000,839.000000</point>
				<point>61.000000,848.000000</point>
				<point>35.000000,845.000000</point>
				<point>36.000000,835.000000</point>
				<point>63.000000,839.000000</point>
			</points>
		</object>
		<object>
			<coordinate>pixel</coordinate>
			<type>rectangle</type>
			<description>None</description>
			<possibleresult>
				<name>Dump Truck</name>
			</possibleresult>
			<points>
				<point>114.000000,859.000000</point>
				<point>113.000000,866.000000</point>
				<point>86.000000,862.000000</point>
				<point>88.000000,854.000000</point>
				<point>114.000000,859.000000</point>
			</points>
		</object>
		<object>
			<coordinate>pixel</coordinate>
			<type>rectangle</type>
			<description>None</description>
			<possibleresult>
				<name>Small Car</name>
			</possibleresult>
			<points>
				<point>285.000000,1000.000000</point>
				<point>285.000000,999.000000</point>
				<point>288.000000,999.000000</point>
				<point>288.000000,1000.000000</point>
				<point>285.000000,1000.000000</point>
			</points>
		</object>
		<object>
			<coordinate>pixel</coordinate>
			<type>rectangle</type>
			<description>None</description>
			<possibleresult>
				<name>Small Car</name>
			</possibleresult>
			<points>
				<point>78.000000,1000.000000</point>
				<point>78.000000,1000.000000</point>
				<point>78.000000,1000.000000</point>
				<point>78.000000,1000.000000</point>
				<point>78.000000,1000.000000</point>
			</points>
		</object>
	</objects>
</annotation>