<?xml version="1.0" encoding="utf-8"?>
<annotation>
	<source>
		<filename>154.tif</filename>
		<origin>GF2/GF3</origin>
	</source>
	<research>
		<version>1.0</version>
		<provider>FAIR1M</provider>
		<author>Cyber</author>
		<pluginname>FAIR1M</pluginname>
		<pluginclass>object detection</pluginclass>
		<time>2021-07-21</time>
	</research>
	<size>
		<width>1000</width>
		<height>1000</height>
		<depth>3</depth>
	</size>
	<objects>
		<object>
			<coordinate>pixel</coordinate>
			<type>rectangle</type>
			<description>None</description>
			<possibleresult>
				<name>Small Car</name>
			</possibleresult>
			<points>
				<point>1000.000000,951.000000</point>
				<point>1000.000000,951.000000</point>
				<point>1000.000000,958.000000</point>
				<point>1000.000000,958.000000</point>
				<point>1000.000000,951.000000</point>
			</points>
		</object>
		<object>
			<coordinate>pixel</coordinate>
			<type>rectangle</type>
			<description>None</description>
			<possibleresult>
				<name>Van</name>
			</possibleresult>
			<points>
				<point>996.000000,959.000000</point>
				<point>977.000000,959.000000</point>
				<point>977.000000,952.000000</point>
				<point>996.000000,952.000000</point>
				<point>996.000000,959.000000</point>
			</points>
		</object>
		<object>
			<coordinate>pixel</coordinate>
			<type>rectangle</type>
			<description>None</description>
			<possibleresult>
				<name>Van</name>
			</possibleresult>
			<points>
				<point>999.000000,939.000000</point>
				<point>980.000000,939.000000</point>
				<point>980.000000,932.000000</point>
				<point>999.000000,932.000000</point>
				<point>999.000000,939.000000</point>
			</points>
		</object>
		<object>
			<coordinate>pixel</coordinate>
			<type>rectangle</type>
			<description>None</description>
			<possibleresult>
				<name>Van</name>
			</possibleresult>
			<points>
				<point>1000.000000,928.000000</point>
				<point>979.000000,928.000000</point>
				<point>979.000000,923.000000</point>
				<point>1000.000000,923.000000</point>
				<point>1000.000000,928.000000</point>
			</points>
		</object>
		<object>
			<coordinate>pixel</coordinate>
			<type>rectangle</type>
			<description>None</description>
			<possibleresult>
				<name>Van</name>
			</possibleresult>
			<points>
				<point>941.272217,950.012329</point>
				<point>941.000000,956.000000</point>
				<point>919.000000,955.000000</point>
				<point>919.272217,949.012329</point>
				<point>941.272217,950.012329</point>
			</points>
		</object>
		<object>
			<coordinate>pixel</coordinate>
			<type>rectangle</type>
			<description>None</description>
			<possibleresult>
				<name>Small Car</name>
			</possibleresult>
			<points>
				<point>917.000000,947.000000</point>
				<point>895.000000,947.000000</point>
				<point>895.000000,940.000000</point>
				<point>917.000000,940.000000</point>
				<point>917.000000,947.000000</point>
			</points>
		</object>
		<object>
			<coordinate>pixel</coordinate>
			<type>rectangle</type>
			<description>None</description>
			<possibleresult>
				<name>Van</name>
			</possibleresult>
			<points>
				<point>920.000000,927.000000</point>
				<point>899.000000,927.000000</point>
				<point>899.000000,921.000000</point>
				<point>920.000000,921.000000</point>
				<point>920.000000,927.000000</point>
			</points>
		</object>
		<object>
			<coordinate>pixel</coordinate>
			<type>rectangle</type>
			<description>None</description>
			<possibleresult>
				<name>Van</name>
			</possibleresult>
			<points>
				<point>919.265137,902.961304</point>
				<point>919.000000,908.000000</point>
				<point>900.000000,907.000000</point>
				<point>900.265137,901.961304</point>
				<point>919.265137,902.961304</point>
			</points>
		</object>
		<object>
			<coordinate>pixel</coordinate>
			<type>rectangle</type>
			<description>None</description>
			<possibleresult>
				<name>Van</name>
			</possibleresult>
			<points>
				<point>920.000000,899.000000</point>
				<point>899.000000,899.000000</point>
				<point>899.000000,893.000000</point>
				<point>920.000000,893.000000</point>
				<point>920.000000,899.000000</point>
			</points>
		</object>
		<object>
			<coordinate>pixel</coordinate>
			<type>rectangle</type>
			<description>None</description>
			<possibleresult>
				<name>Van</name>
			</possibleresult>
			<points>
				<point>943.000000,927.000000</point>
				<point>923.000000,927.000000</point>
				<point>923.000000,921.000000</point>
				<point>943.000000,921.000000</point>
				<point>943.000000,927.000000</point>
			</points>
		</object>
		<object>
			<coordinate>pixel</coordinate>
			<type>rectangle</type>
			<description>None</description>
			<possibleresult>
				<name>Small Car</name>
			</possibleresult>
			<points>
				<point>944.000122,912.000061</point>
				<point>943.712769,918.033997</point>
				<point>922.712769,917.033997</point>
				<point>923.000122,911.000061</point>
				<point>944.000122,912.000061</point>
			</points>
		</object>
		<object>
			<coordinate>pixel</coordinate>
			<type>rectangle</type>
			<description>None</description>
			<possibleresult>
				<name>Van</name>
			</possibleresult>
			<points>
				<point>943.000000,909.000000</point>
				<point>925.000000,909.000000</point>
				<point>925.000000,903.000000</point>
				<point>943.000000,903.000000</point>
				<point>943.000000,909.000000</point>
			</points>
		</object>
		<object>
			<coordinate>pixel</coordinate>
			<type>rectangle</type>
			<description>None</description>
			<possibleresult>
				<name>Van</name>
			</possibleresult>
			<points>
				<point>943.000000,900.000000</point>
				<point>921.000000,900.000000</point>
				<point>921.000000,894.000000</point>
				<point>943.000000,894.000000</point>
				<point>943.000000,900.000000</point>
			</points>
		</object>
		<object>
			<coordinate>pixel</coordinate>
			<type>rectangle</type>
			<description>None</description>
			<possibleresult>
				<name>Small Car</name>
			</possibleresult>
			<points>
				<point>947.332703,883.013855</point>
				<point>946.999939,890.999939</point>
				<point>922.667175,889.986023</point>
				<point>922.999939,881.999939</point>
				<point>947.332703,883.013855</point>
			</points>
		</object>
		<object>
			<coordinate>pixel</coordinate>
			<type>rectangle</type>
			<description>None</description>
			<possibleresult>
				<name>Small Car</name>
			</possibleresult>
			<points>
				<point>945.000000,872.000000</point>
				<point>925.000000,872.000000</point>
				<point>925.000000,865.000000</point>
				<point>945.000000,865.000000</point>
				<point>945.000000,872.000000</point>
			</points>
		</object>
		<object>
			<coordinate>pixel</coordinate>
			<type>rectangle</type>
			<description>None</description>
			<possibleresult>
				<name>Small Car</name>
			</possibleresult>
			<points>
				<point>919.285156,875.013550</point>
				<point>919.000122,881.000000</point>
				<point>897.715088,879.986450</point>
				<point>898.000122,874.000000</point>
				<point>919.285156,875.013550</point>
			</points>
		</object>
		<object>
			<coordinate>pixel</coordinate>
			<type>rectangle</type>
			<description>None</description>
			<possibleresult>
				<name>Van</name>
			</possibleresult>
			<points>
				<point>920.000000,873.000000</point>
				<point>894.000000,873.000000</point>
				<point>894.000000,866.000000</point>
				<point>920.000000,866.000000</point>
				<point>920.000000,873.000000</point>
			</points>
		</object>
		<object>
			<coordinate>pixel</coordinate>
			<type>rectangle</type>
			<description>None</description>
			<possibleresult>
				<name>Dump Truck</name>
			</possibleresult>
			<points>
				<point>923.000000,862.000000</point>
				<point>897.000000,862.000000</point>
				<point>897.000000,855.000000</point>
				<point>923.000000,855.000000</point>
				<point>923.000000,862.000000</point>
			</points>
		</object>
		<object>
			<coordinate>pixel</coordinate>
			<type>rectangle</type>
			<description>None</description>
			<possibleresult>
				<name>Small Car</name>
			</possibleresult>
			<points>
				<point>921.237549,848.011353</point>
				<point>921.000000,853.000000</point>
				<point>899.762451,851.988647</point>
				<point>900.000000,847.000000</point>
				<point>921.237549,848.011353</point>
			</points>
		</object>
		<object>
			<coordinate>pixel</coordinate>
			<type>rectangle</type>
			<description>None</description>
			<possibleresult>
				<name>Van</name>
			</possibleresult>
			<points>
				<point>923.000000,835.000000</point>
				<point>899.000000,835.000000</point>
				<point>899.000000,829.000000</point>
				<point>923.000000,829.000000</point>
				<point>923.000000,835.000000</point>
			</points>
		</object>
		<object>
			<coordinate>pixel</coordinate>
			<type>rectangle</type>
			<description>None</description>
			<possibleresult>
				<name>Van</name>
			</possibleresult>
			<points>
				<point>946.000000,845.000000</point>
				<point>925.000000,845.000000</point>
				<point>925.000000,838.000000</point>
				<point>946.000000,838.000000</point>
				<point>946.000000,845.000000</point>
			</points>
		</object>
		<object>
			<coordinate>pixel</coordinate>
			<type>rectangle</type>
			<description>None</description>
			<possibleresult>
				<name>Van</name>
			</possibleresult>
			<points>
				<point>947.287415,819.966125</point>
				<point>947.000061,826.000061</point>
				<point>926.000061,825.000061</point>
				<point>926.287415,818.966125</point>
				<point>947.287415,819.966125</point>
			</points>
		</object>
		<object>
			<coordinate>pixel</coordinate>
			<type>rectangle</type>
			<description>None</description>
			<possibleresult>
				<name>Small Car</name>
			</possibleresult>
			<points>
				<point>950.000000,808.000000</point>
				<point>930.000000,808.000000</point>
				<point>930.000000,801.000000</point>
				<point>950.000000,801.000000</point>
				<point>950.000000,808.000000</point>
			</points>
		</object>
		<object>
			<coordinate>pixel</coordinate>
			<type>rectangle</type>
			<description>None</description>
			<possibleresult>
				<name>other-ship</name>
			</possibleresult>
			<points>
				<point>924.279480,810.011169</point>
				<point>923.999939,816.999939</point>
				<point>898.720398,815.988708</point>
				<point>898.999939,808.999939</point>
				<point>924.279480,810.011169</point>
			</points>
		</object>
		<object>
			<coordinate>pixel</coordinate>
			<type>rectangle</type>
			<description>None</description>
			<possibleresult>
				<name>Small Car</name>
			</possibleresult>
			<points>
				<point>924.332642,799.015930</point>
				<point>924.000122,806.000061</point>
				<point>902.667480,804.984192</point>
				<point>903.000000,798.000061</point>
				<point>924.332642,799.015930</point>
			</points>
		</object>
		<object>
			<coordinate>pixel</coordinate>
			<type>rectangle</type>
			<description>None</description>
			<possibleresult>
				<name>Dump Truck</name>
			</possibleresult>
			<points>
				<point>864.635986,845.050781</point>
				<point>864.000000,852.999878</point>
				<point>839.000000,850.999878</point>
				<point>839.635986,843.050781</point>
				<point>864.635986,845.050781</point>
			</points>
		</object>
		<object>
			<coordinate>pixel</coordinate>
			<type>rectangle</type>
			<description>None</description>
			<possibleresult>
				<name>Dump Truck</name>
			</possibleresult>
			<points>
				<point>868.999939,815.999939</point>
				<point>867.999939,824.999939</point>
				<point>840.999939,821.999939</point>
				<point>841.999939,812.999939</point>
				<point>868.999939,815.999939</point>
			</points>
		</object>
		<object>
			<coordinate>pixel</coordinate>
			<type>rectangle</type>
			<description>None</description>
			<possibleresult>
				<name>Dump Truck</name>
			</possibleresult>
			<points>
				<point>895.492310,765.138428</point>
				<point>884.492310,768.138428</point>
				<point>879.000000,748.000000</point>
				<point>890.000000,745.000000</point>
				<point>895.492310,765.138428</point>
			</points>
		</object>
		<object>
			<coordinate>pixel</coordinate>
			<type>rectangle</type>
			<description>None</description>
			<possibleresult>
				<name>Small Car</name>
			</possibleresult>
			<points>
				<point>871.000122,772.000000</point>
				<point>862.724243,775.310303</point>
				<point>854.724243,755.310303</point>
				<point>863.000122,752.000000</point>
				<point>871.000122,772.000000</point>
			</points>
		</object>
		<object>
			<coordinate>pixel</coordinate>
			<type>rectangle</type>
			<description>None</description>
			<possibleresult>
				<name>Dump Truck</name>
			</possibleresult>
			<points>
				<point>857.000000,776.999939</point>
				<point>848.000000,781.999939</point>
				<point>837.575439,763.235779</point>
				<point>846.575439,758.235779</point>
				<point>857.000000,776.999939</point>
			</points>
		</object>
		<object>
			<coordinate>pixel</coordinate>
			<type>rectangle</type>
			<description>None</description>
			<possibleresult>
				<name>Dump Truck</name>
			</possibleresult>
			<points>
				<point>815.210205,793.221985</point>
				<point>807.000000,801.000061</point>
				<point>788.789795,781.778137</point>
				<point>797.000000,774.000061</point>
				<point>815.210205,793.221985</point>
			</points>
		</object>
		<object>
			<coordinate>pixel</coordinate>
			<type>rectangle</type>
			<description>None</description>
			<possibleresult>
				<name>Van</name>
			</possibleresult>
			<points>
				<point>743.000000,862.000000</point>
				<point>741.470581,868.117676</point>
				<point>713.470581,861.117676</point>
				<point>715.000000,855.000000</point>
				<point>743.000000,862.000000</point>
			</points>
		</object>
		<object>
			<coordinate>pixel</coordinate>
			<type>rectangle</type>
			<description>None</description>
			<possibleresult>
				<name>Van</name>
			</possibleresult>
			<points>
				<point>740.204895,869.043823</point>
				<point>738.068298,879.014526</point>
				<point>709.863464,872.970581</point>
				<point>712.000061,862.999878</point>
				<point>740.204895,869.043823</point>
			</points>
		</object>
		<object>
			<coordinate>pixel</coordinate>
			<type>rectangle</type>
			<description>None</description>
			<possibleresult>
				<name>Bus</name>
			</possibleresult>
			<points>
				<point>951.000061,672.000000</point>
				<point>950.296814,682.020874</point>
				<point>893.000061,678.000000</point>
				<point>893.703308,667.979126</point>
				<point>951.000061,672.000000</point>
			</points>
		</object>
		<object>
			<coordinate>pixel</coordinate>
			<type>rectangle</type>
			<description>None</description>
			<possibleresult>
				<name>Baseball Field</name>
			</possibleresult>
			<points>
				<point>-0.000011,748.070374</point>
				<point>-31.011995,630.073547</point>
				<point>71.999969,602.999939</point>
				<point>103.011955,720.996765</point>
				<point>-0.000011,748.070374</point>
			</points>
		</object>
		<object>
			<coordinate>pixel</coordinate>
			<type>rectangle</type>
			<description>None</description>
			<possibleresult>
				<name>Small Car</name>
			</possibleresult>
			<points>
				<point>127.124390,210.919525</point>
				<point>110.000000,222.000000</point>
				<point>104.875610,214.080475</point>
				<point>122.000000,203.000000</point>
				<point>127.124390,210.919525</point>
			</points>
		</object>
		<object>
			<coordinate>pixel</coordinate>
			<type>rectangle</type>
			<description>None</description>
			<possibleresult>
				<name>Cargo Truck</name>
			</possibleresult>
			<points>
				<point>285.000000,121.000015</point>
				<point>213.934967,172.046738</point>
				<point>206.000000,161.000015</point>
				<point>277.065033,109.953293</point>
				<point>285.000000,121.000015</point>
			</points>
		</object>
		<object>
			<coordinate>pixel</coordinate>
			<type>rectangle</type>
			<description>None</description>
			<possibleresult>
				<name>Small Car</name>
			</possibleresult>
			<points>
				<point>282.000031,154.999985</point>
				<point>268.000031,162.999985</point>
				<point>263.569244,155.246140</point>
				<point>277.569244,147.246140</point>
				<point>282.000031,154.999985</point>
			</points>
		</object>
		<object>
			<coordinate>pixel</coordinate>
			<type>rectangle</type>
			<description>None</description>
			<possibleresult>
				<name>Baseball Field</name>
			</possibleresult>
			<points>
				<point>619.000000,452.000000</point>
				<point>430.000000,517.000000</point>
				<point>378.369019,366.873108</point>
				<point>567.369019,301.873108</point>
				<point>619.000000,452.000000</point>
			</points>
		</object>
		<object>
			<coordinate>pixel</coordinate>
			<type>rectangle</type>
			<description>None</description>
			<possibleresult>
				<name>Dump Truck</name>
			</possibleresult>
			<points>
				<point>839.090942,7.410789</point>
				<point>822.000122,7.410789</point>
				<point>822.000122,0.000000</point>
				<point>839.090942,0.000000</point>
				<point>839.090942,7.410789</point>
			</points>
		</object>
		<object>
			<coordinate>pixel</coordinate>
			<type>rectangle</type>
			<description>None</description>
			<possibleresult>
				<name>Van</name>
			</possibleresult>
			<points>
				<point>732.000000,93.000000</point>
				<point>706.961060,97.006241</point>
				<point>706.000122,91.000000</point>
				<point>731.039062,86.993759</point>
				<point>732.000000,93.000000</point>
			</points>
		</object>
		<object>
			<coordinate>pixel</coordinate>
			<type>rectangle</type>
			<description>None</description>
			<possibleresult>
				<name>Small Car</name>
			</possibleresult>
			<points>
				<point>728.000000,83.000000</point>
				<point>707.000000,83.000000</point>
				<point>707.000000,77.000000</point>
				<point>728.000000,77.000000</point>
				<point>728.000000,83.000000</point>
			</points>
		</object>
		<object>
			<coordinate>pixel</coordinate>
			<type>rectangle</type>
			<description>None</description>
			<possibleresult>
				<name>Dump Truck</name>
			</possibleresult>
			<points>
				<point>719.000000,74.000000</point>
				<point>695.000000,74.000000</point>
				<point>695.000000,67.000000</point>
				<point>719.000000,67.000000</point>
				<point>719.000000,74.000000</point>
			</points>
		</object>
		<object>
			<coordinate>pixel</coordinate>
			<type>rectangle</type>
			<description>None</description>
			<possibleresult>
				<name>Small Car</name>
			</possibleresult>
			<points>
				<point>711.000000,63.000000</point>
				<point>691.000000,63.000000</point>
				<point>691.000000,58.000000</point>
				<point>711.000000,58.000000</point>
				<point>711.000000,63.000000</point>
			</points>
		</object>
		<object>
			<coordinate>pixel</coordinate>
			<type>rectangle</type>
			<description>None</description>
			<possibleresult>
				<name>Van</name>
			</possibleresult>
			<points>
				<point>711.000000,53.000004</point>
				<point>689.287354,54.033939</point>
				<point>689.000000,48.000004</point>
				<point>710.712646,46.966068</point>
				<point>711.000000,53.000004</point>
			</points>
		</object>
		<object>
			<coordinate>pixel</coordinate>
			<type>rectangle</type>
			<description>None</description>
			<possibleresult>
				<name>Van</name>
			</possibleresult>
			<points>
				<point>718.000000,41.000000</point>
				<point>694.000000,41.000000</point>
				<point>694.000000,35.000000</point>
				<point>718.000000,35.000000</point>
				<point>718.000000,41.000000</point>
			</points>
		</object>
		<object>
			<coordinate>pixel</coordinate>
			<type>rectangle</type>
			<description>None</description>
			<possibleresult>
				<name>Small Car</name>
			</possibleresult>
			<points>
				<point>618.000122,14.000002</point>
				<point>610.991333,14.934500</point>
				<point>609.000061,-0.000001</point>
				<point>616.133484,0.000000</point>
				<point>618.000122,14.000002</point>
			</points>
		</object>
		<object>
			<coordinate>pixel</coordinate>
			<type>rectangle</type>
			<description>None</description>
			<possibleresult>
				<name>Small Car</name>
			</possibleresult>
			<points>
				<point>607.000061,17.000000</point>
				<point>599.000061,18.000000</point>
				<point>597.000061,2.000000</point>
				<point>605.000061,1.000000</point>
				<point>607.000061,17.000000</point>
			</points>
		</object>
		<object>
			<coordinate>pixel</coordinate>
			<type>rectangle</type>
			<description>None</description>
			<possibleresult>
				<name>Small Car</name>
			</possibleresult>
			<points>
				<point>594.000061,15.000000</point>
				<point>586.000061,16.000000</point>
				<point>584.000061,0.000000</point>
				<point>592.125061,0.000000</point>
				<point>594.000061,15.000000</point>
			</points>
		</object>
		<object>
			<coordinate>pixel</coordinate>
			<type>rectangle</type>
			<description>None</description>
			<possibleresult>
				<name>Van</name>
			</possibleresult>
			<points>
				<point>578.500061,18.500031</point>
				<point>573.000061,24.000031</point>
				<point>559.000061,10.000031</point>
				<point>564.500061,4.500032</point>
				<point>578.500061,18.500031</point>
			</points>
		</object>
		<object>
			<coordinate>pixel</coordinate>
			<type>rectangle</type>
			<description>None</description>
			<possibleresult>
				<name>Small Car</name>
			</possibleresult>
			<points>
				<point>571.000000,23.000015</point>
				<point>566.724854,28.557636</point>
				<point>553.000000,18.000015</point>
				<point>557.275146,12.442394</point>
				<point>571.000000,23.000015</point>
			</points>
		</object>
		<object>
			<coordinate>pixel</coordinate>
			<type>rectangle</type>
			<description>None</description>
			<possibleresult>
				<name>Van</name>
			</possibleresult>
			<points>
				<point>544.134460,42.113766</point>
				<point>539.999939,46.999973</point>
				<point>526.865417,35.886181</point>
				<point>530.999939,30.999973</point>
				<point>544.134460,42.113766</point>
			</points>
		</object>
		<object>
			<coordinate>pixel</coordinate>
			<type>rectangle</type>
			<description>None</description>
			<possibleresult>
				<name>Small Car</name>
			</possibleresult>
			<points>
				<point>321.000000,91.000008</point>
				<point>305.000000,100.000008</point>
				<point>300.620178,92.213661</point>
				<point>316.620178,83.213661</point>
				<point>321.000000,91.000008</point>
			</points>
		</object>
		<object>
			<coordinate>pixel</coordinate>
			<type>rectangle</type>
			<description>None</description>
			<possibleresult>
				<name>Cargo Truck</name>
			</possibleresult>
			<points>
				<point>414.000000,14.000000</point>
				<point>382.000000,34.000000</point>
				<point>377.000000,26.000000</point>
				<point>409.000000,6.000000</point>
				<point>414.000000,14.000000</point>
			</points>
		</object>
		<object>
			<coordinate>pixel</coordinate>
			<type>rectangle</type>
			<description>None</description>
			<possibleresult>
				<name>Van</name>
			</possibleresult>
			<points>
				<point>970.027588,744.475098</point>
				<point>969.000000,764.000000</point>
				<point>959.972412,763.524902</point>
				<point>961.000000,744.000000</point>
				<point>970.027588,744.475098</point>
			</points>
		</object>
		<object>
			<coordinate>pixel</coordinate>
			<type>rectangle</type>
			<description>None</description>
			<possibleresult>
				<name>Small Car</name>
			</possibleresult>
			<points>
				<point>1000.000000,752.133240</point>
				<point>1000.000000,759.624878</point>
				<point>995.110718,768.792297</point>
				<point>988.000000,764.999939</point>
				<point>1000.000000,752.133240</point>
			</points>
		</object>
		<object>
			<coordinate>pixel</coordinate>
			<type>rectangle</type>
			<description>None</description>
			<possibleresult>
				<name>Van</name>
			</possibleresult>
			<points>
				<point>924.000000,990.000000</point>
				<point>905.000000,990.000000</point>
				<point>905.000000,984.000000</point>
				<point>924.000000,984.000000</point>
				<point>924.000000,990.000000</point>
			</points>
		</object>
		<object>
			<coordinate>pixel</coordinate>
			<type>rectangle</type>
			<description>None</description>
			<possibleresult>
				<name>Excavator</name>
			</possibleresult>
			<points>
				<point>589.000061,992.000000</point>
				<point>588.520020,1000.000000</point>
				<point>538.340027,1000.000000</point>
				<point>539.000061,989.000000</point>
				<point>589.000061,992.000000</point>
			</points>
		</object>
		<object>
			<coordinate>pixel</coordinate>
			<type>rectangle</type>
			<description>None</description>
			<possibleresult>
				<name>Small Car</name>
			</possibleresult>
			<points>
				<point>871.000000,828.000061</point>
				<point>870.360596,835.032898</point>
				<point>848.000000,833.000061</point>
				<point>848.639404,825.967224</point>
				<point>871.000000,828.000061</point>
			</points>
		</object>
	</objects>
</annotation>