<?xml version="1.0" encoding="utf-8"?>
<annotation>
	<source>
		<filename>1559.tif</filename>
		<origin>GF2/GF3</origin>
	</source>
	<research>
		<version>1.0</version>
		<provider>FAIR1M</provider>
		<author>Cyber</author>
		<pluginname>FAIR1M</pluginname>
		<pluginclass>object detection</pluginclass>
		<time>2021-07-21</time>
	</research>
	<size>
		<width>1000</width>
		<height>1000</height>
		<depth>3</depth>
	</size>
	<objects>
		<object>
			<coordinate>pixel</coordinate>
			<type>rectangle</type>
			<description>None</description>
			<possibleresult>
				<name>Dump Truck</name>
			</possibleresult>
			<points>
				<point>154.000000,496.000000</point>
				<point>153.000000,514.000000</point>
				<point>141.000000,513.000000</point>
				<point>142.000000,495.000000</point>
				<point>154.000000,496.000000</point>
			</points>
		</object>
		<object>
			<coordinate>pixel</coordinate>
			<type>rectangle</type>
			<description>None</description>
			<possibleresult>
				<name>Small Car</name>
			</possibleresult>
			<points>
				<point>154.000000,488.000000</point>
				<point>143.000000,488.000000</point>
				<point>142.000000,469.000000</point>
				<point>152.000000,468.000000</point>
				<point>154.000000,488.000000</point>
			</points>
		</object>
		<object>
			<coordinate>pixel</coordinate>
			<type>rectangle</type>
			<description>None</description>
			<possibleresult>
				<name>Small Car</name>
			</possibleresult>
			<points>
				<point>135.000000,445.000000</point>
				<point>125.000000,445.000000</point>
				<point>125.000000,428.000000</point>
				<point>135.000000,428.000000</point>
				<point>135.000000,445.000000</point>
			</points>
		</object>
		<object>
			<coordinate>pixel</coordinate>
			<type>rectangle</type>
			<description>None</description>
			<possibleresult>
				<name>Small Car</name>
			</possibleresult>
			<points>
				<point>353.000000,571.000000</point>
				<point>352.000000,580.000000</point>
				<point>328.000000,578.000000</point>
				<point>328.000000,568.000000</point>
				<point>353.000000,571.000000</point>
			</points>
		</object>
		<object>
			<coordinate>pixel</coordinate>
			<type>rectangle</type>
			<description>None</description>
			<possibleresult>
				<name>Small Car</name>
			</possibleresult>
			<points>
				<point>288.000000,594.000000</point>
				<point>284.000000,611.000000</point>
				<point>274.000000,609.000000</point>
				<point>278.000000,592.000000</point>
				<point>288.000000,594.000000</point>
			</points>
		</object>
		<object>
			<coordinate>pixel</coordinate>
			<type>rectangle</type>
			<description>None</description>
			<possibleresult>
				<name>Dump Truck</name>
			</possibleresult>
			<points>
				<point>449.000000,630.000000</point>
				<point>443.000000,636.000000</point>
				<point>430.000000,623.000000</point>
				<point>436.000000,617.000000</point>
				<point>449.000000,630.000000</point>
			</points>
		</object>
		<object>
			<coordinate>pixel</coordinate>
			<type>rectangle</type>
			<description>None</description>
			<possibleresult>
				<name>Small Car</name>
			</possibleresult>
			<points>
				<point>403.000000,743.000000</point>
				<point>385.000000,747.000000</point>
				<point>383.000000,740.000000</point>
				<point>401.000000,736.000000</point>
				<point>403.000000,743.000000</point>
			</points>
		</object>
		<object>
			<coordinate>pixel</coordinate>
			<type>rectangle</type>
			<description>None</description>
			<possibleresult>
				<name>Small Car</name>
			</possibleresult>
			<points>
				<point>857.000000,102.000000</point>
				<point>856.000000,112.000000</point>
				<point>835.000000,111.000000</point>
				<point>835.000000,100.000000</point>
				<point>857.000000,102.000000</point>
			</points>
		</object>
		<object>
			<coordinate>pixel</coordinate>
			<type>rectangle</type>
			<description>None</description>
			<possibleresult>
				<name>Van</name>
			</possibleresult>
			<points>
				<point>597.000000,206.000000</point>
				<point>586.000000,209.000000</point>
				<point>581.000000,189.000000</point>
				<point>592.000000,186.000000</point>
				<point>597.000000,206.000000</point>
			</points>
		</object>
		<object>
			<coordinate>pixel</coordinate>
			<type>rectangle</type>
			<description>None</description>
			<possibleresult>
				<name>Dump Truck</name>
			</possibleresult>
			<points>
				<point>659.000000,362.000000</point>
				<point>649.000000,364.000000</point>
				<point>643.000000,342.000000</point>
				<point>653.000000,340.000000</point>
				<point>659.000000,362.000000</point>
			</points>
		</object>
		<object>
			<coordinate>pixel</coordinate>
			<type>rectangle</type>
			<description>None</description>
			<possibleresult>
				<name>Small Car</name>
			</possibleresult>
			<points>
				<point>693.000000,543.000000</point>
				<point>684.000000,547.000000</point>
				<point>678.000000,529.000000</point>
				<point>687.000000,525.000000</point>
				<point>693.000000,543.000000</point>
			</points>
		</object>
		<object>
			<coordinate>pixel</coordinate>
			<type>rectangle</type>
			<description>None</description>
			<possibleresult>
				<name>Van</name>
			</possibleresult>
			<points>
				<point>520.000000,208.000000</point>
				<point>512.000000,212.000000</point>
				<point>506.000000,195.000000</point>
				<point>514.000000,191.000000</point>
				<point>520.000000,208.000000</point>
			</points>
		</object>
		<object>
			<coordinate>pixel</coordinate>
			<type>rectangle</type>
			<description>None</description>
			<possibleresult>
				<name>Van</name>
			</possibleresult>
			<points>
				<point>557.000000,356.000000</point>
				<point>548.000000,358.000000</point>
				<point>544.000000,338.000000</point>
				<point>554.000000,337.000000</point>
				<point>557.000000,356.000000</point>
			</points>
		</object>
		<object>
			<coordinate>pixel</coordinate>
			<type>rectangle</type>
			<description>None</description>
			<possibleresult>
				<name>Small Car</name>
			</possibleresult>
			<points>
				<point>601.000000,508.000000</point>
				<point>593.000000,509.000000</point>
				<point>589.000000,489.000000</point>
				<point>596.000000,487.000000</point>
				<point>601.000000,508.000000</point>
			</points>
		</object>
		<object>
			<coordinate>pixel</coordinate>
			<type>rectangle</type>
			<description>None</description>
			<possibleresult>
				<name>Small Car</name>
			</possibleresult>
			<points>
				<point>685.000000,769.000000</point>
				<point>678.000000,772.000000</point>
				<point>673.000000,754.000000</point>
				<point>679.000000,752.000000</point>
				<point>685.000000,769.000000</point>
			</points>
		</object>
		<object>
			<coordinate>pixel</coordinate>
			<type>rectangle</type>
			<description>None</description>
			<possibleresult>
				<name>Small Car</name>
			</possibleresult>
			<points>
				<point>435.000000,671.000000</point>
				<point>432.000000,680.000000</point>
				<point>413.000000,675.000000</point>
				<point>415.000000,665.000000</point>
				<point>435.000000,671.000000</point>
			</points>
		</object>
	</objects>
</annotation>