<?xml version="1.0" encoding="utf-8"?>
<annotation>
	<source>
		<filename>1561.tif</filename>
		<origin>GF2/GF3</origin>
	</source>
	<research>
		<version>1.0</version>
		<provider>FAIR1M</provider>
		<author>Cyber</author>
		<pluginname>FAIR1M</pluginname>
		<pluginclass>object detection</pluginclass>
		<time>2021-07-21</time>
	</research>
	<size>
		<width>1500</width>
		<height>1500</height>
		<depth>3</depth>
	</size>
	<objects>
		<object>
			<coordinate>pixel</coordinate>
			<type>rectangle</type>
			<description>None</description>
			<possibleresult>
				<name>Passenger Ship</name>
			</possibleresult>
			<points>
				<point>589.000000,1380.000000</point>
				<point>591.000000,1342.000000</point>
				<point>577.000000,1342.000000</point>
				<point>575.000000,1380.000000</point>
				<point>589.000000,1380.000000</point>
			</points>
		</object>
		<object>
			<coordinate>pixel</coordinate>
			<type>rectangle</type>
			<description>None</description>
			<possibleresult>
				<name>Motorboat</name>
			</possibleresult>
			<points>
				<point>595.000000,1252.000000</point>
				<point>594.000000,1267.000000</point>
				<point>600.000000,1268.000000</point>
				<point>600.000000,1252.000000</point>
				<point>595.000000,1252.000000</point>
			</points>
		</object>
		<object>
			<coordinate>pixel</coordinate>
			<type>rectangle</type>
			<description>None</description>
			<possibleresult>
				<name>other-ship</name>
			</possibleresult>
			<points>
				<point>989.000000,1414.000000</point>
				<point>970.000000,1400.000000</point>
				<point>965.000000,1406.000000</point>
				<point>982.000000,1421.000000</point>
				<point>989.000000,1414.000000</point>
			</points>
		</object>
		<object>
			<coordinate>pixel</coordinate>
			<type>rectangle</type>
			<description>None</description>
			<possibleresult>
				<name>Motorboat</name>
			</possibleresult>
			<points>
				<point>986.000000,1354.000000</point>
				<point>996.000000,1388.000000</point>
				<point>1003.000000,1387.000000</point>
				<point>995.000000,1353.000000</point>
				<point>986.000000,1354.000000</point>
			</points>
		</object>
		<object>
			<coordinate>pixel</coordinate>
			<type>rectangle</type>
			<description>None</description>
			<possibleresult>
				<name>Motorboat</name>
			</possibleresult>
			<points>
				<point>929.000000,1489.000000</point>
				<point>958.000000,1489.000000</point>
				<point>958.000000,1480.000000</point>
				<point>929.000000,1480.000000</point>
				<point>929.000000,1489.000000</point>
			</points>
		</object>
		<object>
			<coordinate>pixel</coordinate>
			<type>rectangle</type>
			<description>None</description>
			<possibleresult>
				<name>Motorboat</name>
			</possibleresult>
			<points>
				<point>935.000000,1478.000000</point>
				<point>964.000000,1478.000000</point>
				<point>964.000000,1468.000000</point>
				<point>935.000000,1468.000000</point>
				<point>935.000000,1478.000000</point>
			</points>
		</object>
		<object>
			<coordinate>pixel</coordinate>
			<type>rectangle</type>
			<description>None</description>
			<possibleresult>
				<name>Motorboat</name>
			</possibleresult>
			<points>
				<point>1031.000000,1409.000000</point>
				<point>1021.000000,1385.000000</point>
				<point>1014.000000,1387.000000</point>
				<point>1025.000000,1412.000000</point>
				<point>1031.000000,1409.000000</point>
			</points>
		</object>
		<object>
			<coordinate>pixel</coordinate>
			<type>rectangle</type>
			<description>None</description>
			<possibleresult>
				<name>Motorboat</name>
			</possibleresult>
			<points>
				<point>999.000000,1345.000000</point>
				<point>1009.000000,1377.000000</point>
				<point>1022.000000,1372.000000</point>
				<point>1011.000000,1342.000000</point>
				<point>999.000000,1345.000000</point>
			</points>
		</object>
		<object>
			<coordinate>pixel</coordinate>
			<type>rectangle</type>
			<description>None</description>
			<possibleresult>
				<name>Motorboat</name>
			</possibleresult>
			<points>
				<point>1064.000000,1344.000000</point>
				<point>1054.000000,1375.000000</point>
				<point>1068.000000,1379.000000</point>
				<point>1076.000000,1347.000000</point>
				<point>1064.000000,1344.000000</point>
			</points>
		</object>
		<object>
			<coordinate>pixel</coordinate>
			<type>rectangle</type>
			<description>None</description>
			<possibleresult>
				<name>Passenger Ship</name>
			</possibleresult>
			<points>
				<point>1082.000000,1357.000000</point>
				<point>1070.000000,1405.000000</point>
				<point>1082.000000,1410.000000</point>
				<point>1097.000000,1361.000000</point>
				<point>1082.000000,1357.000000</point>
			</points>
		</object>
		<object>
			<coordinate>pixel</coordinate>
			<type>rectangle</type>
			<description>None</description>
			<possibleresult>
				<name>Motorboat</name>
			</possibleresult>
			<points>
				<point>1211.000000,1471.000000</point>
				<point>1201.000000,1494.000000</point>
				<point>1209.000000,1497.000000</point>
				<point>1220.000000,1476.000000</point>
				<point>1211.000000,1471.000000</point>
			</points>
		</object>
		<object>
			<coordinate>pixel</coordinate>
			<type>rectangle</type>
			<description>None</description>
			<possibleresult>
				<name>Motorboat</name>
			</possibleresult>
			<points>
				<point>1474.000000,1482.000000</point>
				<point>1496.000000,1482.000000</point>
				<point>1496.000000,1476.000000</point>
				<point>1474.000000,1476.000000</point>
				<point>1474.000000,1482.000000</point>
			</points>
		</object>
		<object>
			<coordinate>pixel</coordinate>
			<type>rectangle</type>
			<description>None</description>
			<possibleresult>
				<name>Intersection</name>
			</possibleresult>
			<points>
				<point>307.000000,703.000000</point>
				<point>308.000000,660.000000</point>
				<point>264.000000,662.000000</point>
				<point>264.000000,704.000000</point>
				<point>307.000000,703.000000</point>
			</points>
		</object>
		<object>
			<coordinate>pixel</coordinate>
			<type>rectangle</type>
			<description>None</description>
			<possibleresult>
				<name>Intersection</name>
			</possibleresult>
			<points>
				<point>578.000000,708.000000</point>
				<point>578.000000,666.000000</point>
				<point>556.000000,666.000000</point>
				<point>556.000000,708.000000</point>
				<point>578.000000,708.000000</point>
			</points>
		</object>
		<object>
			<coordinate>pixel</coordinate>
			<type>rectangle</type>
			<description>None</description>
			<possibleresult>
				<name>Intersection</name>
			</possibleresult>
			<points>
				<point>738.000000,711.000000</point>
				<point>738.000000,669.000000</point>
				<point>697.000000,670.000000</point>
				<point>697.000000,712.000000</point>
				<point>738.000000,711.000000</point>
			</points>
		</object>
		<object>
			<coordinate>pixel</coordinate>
			<type>rectangle</type>
			<description>None</description>
			<possibleresult>
				<name>Intersection</name>
			</possibleresult>
			<points>
				<point>1385.000000,914.000000</point>
				<point>1384.000000,883.000000</point>
				<point>1353.000000,884.000000</point>
				<point>1353.000000,917.000000</point>
				<point>1385.000000,914.000000</point>
			</points>
		</object>
		<object>
			<coordinate>pixel</coordinate>
			<type>rectangle</type>
			<description>None</description>
			<possibleresult>
				<name>Intersection</name>
			</possibleresult>
			<points>
				<point>1327.000000,1319.000000</point>
				<point>1352.000000,1274.000000</point>
				<point>1308.000000,1252.000000</point>
				<point>1283.000000,1298.000000</point>
				<point>1327.000000,1319.000000</point>
			</points>
		</object>
		<object>
			<coordinate>pixel</coordinate>
			<type>rectangle</type>
			<description>None</description>
			<possibleresult>
				<name>Bridge</name>
			</possibleresult>
			<points>
				<point>1446.000000,1306.000000</point>
				<point>1446.000000,1286.000000</point>
				<point>1432.000000,1286.000000</point>
				<point>1431.000000,1306.000000</point>
				<point>1446.000000,1306.000000</point>
			</points>
		</object>
	</objects>
</annotation>