<?xml version="1.0" encoding="utf-8"?>
<annotation>
	<source>
		<filename>1565.tif</filename>
		<origin>GF2/GF3</origin>
	</source>
	<research>
		<version>1.0</version>
		<provider>FAIR1M</provider>
		<author>Cyber</author>
		<pluginname>FAIR1M</pluginname>
		<pluginclass>object detection</pluginclass>
		<time>2021-07-21</time>
	</research>
	<size>
		<width>1000</width>
		<height>1000</height>
		<depth>3</depth>
	</size>
	<objects>
		<object>
			<coordinate>pixel</coordinate>
			<type>rectangle</type>
			<description>None</description>
			<possibleresult>
				<name>Van</name>
			</possibleresult>
			<points>
				<point>13.000000,495.000000</point>
				<point>9.000000,511.000000</point>
				<point>2.000000,509.000000</point>
				<point>5.000000,494.000000</point>
				<point>13.000000,495.000000</point>
			</points>
		</object>
		<object>
			<coordinate>pixel</coordinate>
			<type>rectangle</type>
			<description>None</description>
			<possibleresult>
				<name>Van</name>
			</possibleresult>
			<points>
				<point>26.000000,500.000000</point>
				<point>22.000000,517.000000</point>
				<point>14.000000,515.000000</point>
				<point>19.000000,499.000000</point>
				<point>26.000000,500.000000</point>
			</points>
		</object>
		<object>
			<coordinate>pixel</coordinate>
			<type>rectangle</type>
			<description>None</description>
			<possibleresult>
				<name>Small Car</name>
			</possibleresult>
			<points>
				<point>39.000000,504.000000</point>
				<point>33.000000,522.000000</point>
				<point>23.000000,519.000000</point>
				<point>28.000000,502.000000</point>
				<point>39.000000,504.000000</point>
			</points>
		</object>
		<object>
			<coordinate>pixel</coordinate>
			<type>rectangle</type>
			<description>None</description>
			<possibleresult>
				<name>Small Car</name>
			</possibleresult>
			<points>
				<point>48.000000,506.000000</point>
				<point>44.000000,523.000000</point>
				<point>38.000000,522.000000</point>
				<point>41.000000,504.000000</point>
				<point>48.000000,506.000000</point>
			</points>
		</object>
		<object>
			<coordinate>pixel</coordinate>
			<type>rectangle</type>
			<description>None</description>
			<possibleresult>
				<name>Van</name>
			</possibleresult>
			<points>
				<point>62.000000,513.000000</point>
				<point>56.000000,528.000000</point>
				<point>50.000000,526.000000</point>
				<point>55.000000,510.000000</point>
				<point>62.000000,513.000000</point>
			</points>
		</object>
		<object>
			<coordinate>pixel</coordinate>
			<type>rectangle</type>
			<description>None</description>
			<possibleresult>
				<name>Small Car</name>
			</possibleresult>
			<points>
				<point>72.000000,517.000000</point>
				<point>67.000000,534.000000</point>
				<point>59.000000,532.000000</point>
				<point>63.000000,514.000000</point>
				<point>72.000000,517.000000</point>
			</points>
		</object>
		<object>
			<coordinate>pixel</coordinate>
			<type>rectangle</type>
			<description>None</description>
			<possibleresult>
				<name>Van</name>
			</possibleresult>
			<points>
				<point>85.000000,520.000000</point>
				<point>81.000000,536.000000</point>
				<point>72.000000,533.000000</point>
				<point>76.000000,517.000000</point>
				<point>85.000000,520.000000</point>
			</points>
		</object>
		<object>
			<coordinate>pixel</coordinate>
			<type>rectangle</type>
			<description>None</description>
			<possibleresult>
				<name>Small Car</name>
			</possibleresult>
			<points>
				<point>117.000000,535.000000</point>
				<point>111.000000,554.000000</point>
				<point>104.000000,551.000000</point>
				<point>109.000000,533.000000</point>
				<point>117.000000,535.000000</point>
			</points>
		</object>
		<object>
			<coordinate>pixel</coordinate>
			<type>rectangle</type>
			<description>None</description>
			<possibleresult>
				<name>Small Car</name>
			</possibleresult>
			<points>
				<point>138.000000,576.000000</point>
				<point>134.000000,592.000000</point>
				<point>125.000000,590.000000</point>
				<point>129.000000,574.000000</point>
				<point>138.000000,576.000000</point>
			</points>
		</object>
		<object>
			<coordinate>pixel</coordinate>
			<type>rectangle</type>
			<description>None</description>
			<possibleresult>
				<name>Small Car</name>
			</possibleresult>
			<points>
				<point>86.000000,571.000000</point>
				<point>80.000000,588.000000</point>
				<point>72.000000,585.000000</point>
				<point>78.000000,568.000000</point>
				<point>86.000000,571.000000</point>
			</points>
		</object>
		<object>
			<coordinate>pixel</coordinate>
			<type>rectangle</type>
			<description>None</description>
			<possibleresult>
				<name>Van</name>
			</possibleresult>
			<points>
				<point>70.000000,568.000000</point>
				<point>68.000000,584.000000</point>
				<point>58.000000,583.000000</point>
				<point>60.000000,567.000000</point>
				<point>70.000000,568.000000</point>
			</points>
		</object>
		<object>
			<coordinate>pixel</coordinate>
			<type>rectangle</type>
			<description>None</description>
			<possibleresult>
				<name>Small Car</name>
			</possibleresult>
			<points>
				<point>772.000000,318.000000</point>
				<point>772.000000,325.000000</point>
				<point>751.000000,323.000000</point>
				<point>752.000000,317.000000</point>
				<point>772.000000,318.000000</point>
			</points>
		</object>
		<object>
			<coordinate>pixel</coordinate>
			<type>rectangle</type>
			<description>None</description>
			<possibleresult>
				<name>Small Car</name>
			</possibleresult>
			<points>
				<point>773.000000,336.000000</point>
				<point>750.000000,336.000000</point>
				<point>750.000000,328.000000</point>
				<point>773.000000,328.000000</point>
				<point>773.000000,336.000000</point>
			</points>
		</object>
		<object>
			<coordinate>pixel</coordinate>
			<type>rectangle</type>
			<description>None</description>
			<possibleresult>
				<name>Small Car</name>
			</possibleresult>
			<points>
				<point>768.000000,362.000000</point>
				<point>768.000000,370.000000</point>
				<point>749.000000,368.000000</point>
				<point>749.000000,360.000000</point>
				<point>768.000000,362.000000</point>
			</points>
		</object>
		<object>
			<coordinate>pixel</coordinate>
			<type>rectangle</type>
			<description>None</description>
			<possibleresult>
				<name>Small Car</name>
			</possibleresult>
			<points>
				<point>767.000000,373.000000</point>
				<point>766.000000,381.000000</point>
				<point>745.000000,380.000000</point>
				<point>745.000000,371.000000</point>
				<point>767.000000,373.000000</point>
			</points>
		</object>
		<object>
			<coordinate>pixel</coordinate>
			<type>rectangle</type>
			<description>None</description>
			<possibleresult>
				<name>Small Car</name>
			</possibleresult>
			<points>
				<point>764.000000,385.000000</point>
				<point>764.000000,393.000000</point>
				<point>743.000000,392.000000</point>
				<point>743.000000,384.000000</point>
				<point>764.000000,385.000000</point>
			</points>
		</object>
		<object>
			<coordinate>pixel</coordinate>
			<type>rectangle</type>
			<description>None</description>
			<possibleresult>
				<name>Van</name>
			</possibleresult>
			<points>
				<point>766.000000,406.000000</point>
				<point>743.000000,406.000000</point>
				<point>743.000000,397.000000</point>
				<point>766.000000,397.000000</point>
				<point>766.000000,406.000000</point>
			</points>
		</object>
		<object>
			<coordinate>pixel</coordinate>
			<type>rectangle</type>
			<description>None</description>
			<possibleresult>
				<name>Small Car</name>
			</possibleresult>
			<points>
				<point>827.000000,380.000000</point>
				<point>804.000000,380.000000</point>
				<point>804.000000,372.000000</point>
				<point>827.000000,372.000000</point>
				<point>827.000000,380.000000</point>
			</points>
		</object>
		<object>
			<coordinate>pixel</coordinate>
			<type>rectangle</type>
			<description>None</description>
			<possibleresult>
				<name>Small Car</name>
			</possibleresult>
			<points>
				<point>825.000000,392.000000</point>
				<point>825.000000,400.000000</point>
				<point>803.000000,398.000000</point>
				<point>804.000000,391.000000</point>
				<point>825.000000,392.000000</point>
			</points>
		</object>
		<object>
			<coordinate>pixel</coordinate>
			<type>rectangle</type>
			<description>None</description>
			<possibleresult>
				<name>Small Car</name>
			</possibleresult>
			<points>
				<point>769.000000,455.000000</point>
				<point>751.000000,455.000000</point>
				<point>751.000000,446.000000</point>
				<point>769.000000,446.000000</point>
				<point>769.000000,455.000000</point>
			</points>
		</object>
		<object>
			<coordinate>pixel</coordinate>
			<type>rectangle</type>
			<description>None</description>
			<possibleresult>
				<name>Van</name>
			</possibleresult>
			<points>
				<point>774.000000,464.000000</point>
				<point>754.000000,464.000000</point>
				<point>754.000000,457.000000</point>
				<point>774.000000,457.000000</point>
				<point>774.000000,464.000000</point>
			</points>
		</object>
		<object>
			<coordinate>pixel</coordinate>
			<type>rectangle</type>
			<description>None</description>
			<possibleresult>
				<name>Small Car</name>
			</possibleresult>
			<points>
				<point>774.000000,504.000000</point>
				<point>773.000000,512.000000</point>
				<point>755.000000,510.000000</point>
				<point>755.000000,503.000000</point>
				<point>774.000000,504.000000</point>
			</points>
		</object>
		<object>
			<coordinate>pixel</coordinate>
			<type>rectangle</type>
			<description>None</description>
			<possibleresult>
				<name>Small Car</name>
			</possibleresult>
			<points>
				<point>775.000000,519.000000</point>
				<point>755.000000,519.000000</point>
				<point>755.000000,512.000000</point>
				<point>775.000000,512.000000</point>
				<point>775.000000,519.000000</point>
			</points>
		</object>
		<object>
			<coordinate>pixel</coordinate>
			<type>rectangle</type>
			<description>None</description>
			<possibleresult>
				<name>Van</name>
			</possibleresult>
			<points>
				<point>772.000000,540.000000</point>
				<point>755.000000,540.000000</point>
				<point>755.000000,534.000000</point>
				<point>772.000000,534.000000</point>
				<point>772.000000,540.000000</point>
			</points>
		</object>
		<object>
			<coordinate>pixel</coordinate>
			<type>rectangle</type>
			<description>None</description>
			<possibleresult>
				<name>Van</name>
			</possibleresult>
			<points>
				<point>776.000000,541.000000</point>
				<point>776.000000,551.000000</point>
				<point>755.000000,550.000000</point>
				<point>755.000000,540.000000</point>
				<point>776.000000,541.000000</point>
			</points>
		</object>
		<object>
			<coordinate>pixel</coordinate>
			<type>rectangle</type>
			<description>None</description>
			<possibleresult>
				<name>Van</name>
			</possibleresult>
			<points>
				<point>805.000000,614.000000</point>
				<point>779.000000,614.000000</point>
				<point>779.000000,606.000000</point>
				<point>805.000000,606.000000</point>
				<point>805.000000,614.000000</point>
			</points>
		</object>
		<object>
			<coordinate>pixel</coordinate>
			<type>rectangle</type>
			<description>None</description>
			<possibleresult>
				<name>Van</name>
			</possibleresult>
			<points>
				<point>804.000000,668.000000</point>
				<point>784.000000,668.000000</point>
				<point>784.000000,661.000000</point>
				<point>804.000000,661.000000</point>
				<point>804.000000,668.000000</point>
			</points>
		</object>
		<object>
			<coordinate>pixel</coordinate>
			<type>rectangle</type>
			<description>None</description>
			<possibleresult>
				<name>Van</name>
			</possibleresult>
			<points>
				<point>808.000000,671.000000</point>
				<point>807.000000,679.000000</point>
				<point>785.000000,678.000000</point>
				<point>786.000000,670.000000</point>
				<point>808.000000,671.000000</point>
			</points>
		</object>
		<object>
			<coordinate>pixel</coordinate>
			<type>rectangle</type>
			<description>None</description>
			<possibleresult>
				<name>Small Car</name>
			</possibleresult>
			<points>
				<point>803.000000,801.000000</point>
				<point>782.000000,801.000000</point>
				<point>782.000000,793.000000</point>
				<point>803.000000,793.000000</point>
				<point>803.000000,801.000000</point>
			</points>
		</object>
		<object>
			<coordinate>pixel</coordinate>
			<type>rectangle</type>
			<description>None</description>
			<possibleresult>
				<name>Small Car</name>
			</possibleresult>
			<points>
				<point>343.000000,563.000000</point>
				<point>342.000000,570.000000</point>
				<point>332.000000,568.000000</point>
				<point>334.000000,560.000000</point>
				<point>343.000000,563.000000</point>
			</points>
		</object>
		<object>
			<coordinate>pixel</coordinate>
			<type>rectangle</type>
			<description>None</description>
			<possibleresult>
				<name>Van</name>
			</possibleresult>
			<points>
				<point>965.000000,43.000000</point>
				<point>964.000000,50.000000</point>
				<point>943.000000,48.000000</point>
				<point>943.000000,40.000000</point>
				<point>965.000000,43.000000</point>
			</points>
		</object>
		<object>
			<coordinate>pixel</coordinate>
			<type>rectangle</type>
			<description>None</description>
			<possibleresult>
				<name>Small Car</name>
			</possibleresult>
			<points>
				<point>933.000000,637.000000</point>
				<point>928.000000,642.000000</point>
				<point>916.000000,627.000000</point>
				<point>922.000000,623.000000</point>
				<point>933.000000,637.000000</point>
			</points>
		</object>
		<object>
			<coordinate>pixel</coordinate>
			<type>rectangle</type>
			<description>None</description>
			<possibleresult>
				<name>Van</name>
			</possibleresult>
			<points>
				<point>945.000000,687.000000</point>
				<point>944.000000,704.000000</point>
				<point>934.000000,703.000000</point>
				<point>935.000000,686.000000</point>
				<point>945.000000,687.000000</point>
			</points>
		</object>
		<object>
			<coordinate>pixel</coordinate>
			<type>rectangle</type>
			<description>None</description>
			<possibleresult>
				<name>Small Car</name>
			</possibleresult>
			<points>
				<point>975.000000,861.000000</point>
				<point>973.000000,881.000000</point>
				<point>965.000000,881.000000</point>
				<point>968.000000,860.000000</point>
				<point>975.000000,861.000000</point>
			</points>
		</object>
		<object>
			<coordinate>pixel</coordinate>
			<type>rectangle</type>
			<description>None</description>
			<possibleresult>
				<name>Small Car</name>
			</possibleresult>
			<points>
				<point>27.000000,407.000000</point>
				<point>6.000000,407.000000</point>
				<point>6.000000,399.000000</point>
				<point>27.000000,399.000000</point>
				<point>27.000000,407.000000</point>
			</points>
		</object>
	</objects>
</annotation>