<?xml version="1.0" encoding="utf-8"?>
<annotation>
	<source>
		<filename>1567.tif</filename>
		<origin>GF2/GF3</origin>
	</source>
	<research>
		<version>1.0</version>
		<provider>FAIR1M</provider>
		<author>Cyber</author>
		<pluginname>FAIR1M</pluginname>
		<pluginclass>object detection</pluginclass>
		<time>2021-07-21</time>
	</research>
	<size>
		<width>1000</width>
		<height>1000</height>
		<depth>3</depth>
	</size>
	<objects>
		<object>
			<coordinate>pixel</coordinate>
			<type>rectangle</type>
			<description>None</description>
			<possibleresult>
				<name>Small Car</name>
			</possibleresult>
			<points>
				<point>391.000000,900.000000</point>
				<point>381.000000,900.000000</point>
				<point>381.000000,886.000000</point>
				<point>391.000000,886.000000</point>
				<point>391.000000,900.000000</point>
			</points>
		</object>
		<object>
			<coordinate>pixel</coordinate>
			<type>rectangle</type>
			<description>None</description>
			<possibleresult>
				<name>Small Car</name>
			</possibleresult>
			<points>
				<point>378.999969,903.000000</point>
				<point>366.989838,903.857910</point>
				<point>365.989838,889.857910</point>
				<point>377.999969,889.000000</point>
				<point>378.999969,903.000000</point>
			</points>
		</object>
		<object>
			<coordinate>pixel</coordinate>
			<type>rectangle</type>
			<description>None</description>
			<possibleresult>
				<name>Van</name>
			</possibleresult>
			<points>
				<point>445.317505,892.985596</point>
				<point>423.000000,894.000000</point>
				<point>422.682495,887.014404</point>
				<point>445.000000,886.000000</point>
				<point>445.317505,892.985596</point>
			</points>
		</object>
		<object>
			<coordinate>pixel</coordinate>
			<type>rectangle</type>
			<description>None</description>
			<possibleresult>
				<name>Van</name>
			</possibleresult>
			<points>
				<point>686.086487,373.881134</point>
				<point>677.999939,385.000031</point>
				<point>669.913513,379.118927</point>
				<point>678.000061,368.000031</point>
				<point>686.086487,373.881134</point>
			</points>
		</object>
		<object>
			<coordinate>pixel</coordinate>
			<type>rectangle</type>
			<description>None</description>
			<possibleresult>
				<name>Small Car</name>
			</possibleresult>
			<points>
				<point>673.000061,368.000000</point>
				<point>667.000061,380.000000</point>
				<point>658.600037,375.799988</point>
				<point>664.600037,363.799988</point>
				<point>673.000061,368.000000</point>
			</points>
		</object>
		<object>
			<coordinate>pixel</coordinate>
			<type>rectangle</type>
			<description>None</description>
			<possibleresult>
				<name>Van</name>
			</possibleresult>
			<points>
				<point>630.063660,395.913300</point>
				<point>619.000061,411.000031</point>
				<point>610.936462,405.086761</point>
				<point>622.000061,390.000031</point>
				<point>630.063660,395.913300</point>
			</points>
		</object>
		<object>
			<coordinate>pixel</coordinate>
			<type>rectangle</type>
			<description>None</description>
			<possibleresult>
				<name>Small Car</name>
			</possibleresult>
			<points>
				<point>575.000000,370.000000</point>
				<point>560.731567,383.249329</point>
				<point>554.000000,376.000000</point>
				<point>568.268433,362.750671</point>
				<point>575.000000,370.000000</point>
			</points>
		</object>
		<object>
			<coordinate>pixel</coordinate>
			<type>rectangle</type>
			<description>None</description>
			<possibleresult>
				<name>Small Car</name>
			</possibleresult>
			<points>
				<point>632.000000,351.000031</point>
				<point>621.000000,364.000031</point>
				<point>614.544800,358.537933</point>
				<point>625.544800,345.537933</point>
				<point>632.000000,351.000031</point>
			</points>
		</object>
		<object>
			<coordinate>pixel</coordinate>
			<type>rectangle</type>
			<description>None</description>
			<possibleresult>
				<name>Van</name>
			</possibleresult>
			<points>
				<point>612.999939,342.000000</point>
				<point>599.372375,353.531006</point>
				<point>592.999939,346.000000</point>
				<point>606.627502,334.468994</point>
				<point>612.999939,342.000000</point>
			</points>
		</object>
		<object>
			<coordinate>pixel</coordinate>
			<type>rectangle</type>
			<description>None</description>
			<possibleresult>
				<name>Van</name>
			</possibleresult>
			<points>
				<point>580.290710,322.731598</point>
				<point>566.999939,334.999969</point>
				<point>561.709167,329.268341</point>
				<point>574.999939,316.999969</point>
				<point>580.290710,322.731598</point>
			</points>
		</object>
		<object>
			<coordinate>pixel</coordinate>
			<type>rectangle</type>
			<description>None</description>
			<possibleresult>
				<name>Van</name>
			</possibleresult>
			<points>
				<point>317.000031,312.000031</point>
				<point>312.000031,317.000031</point>
				<point>299.000031,304.000031</point>
				<point>304.000031,299.000031</point>
				<point>317.000031,312.000031</point>
			</points>
		</object>
		<object>
			<coordinate>pixel</coordinate>
			<type>rectangle</type>
			<description>None</description>
			<possibleresult>
				<name>Van</name>
			</possibleresult>
			<points>
				<point>524.022095,729.580078</point>
				<point>523.000000,749.000000</point>
				<point>511.977905,748.419922</point>
				<point>513.000000,729.000000</point>
				<point>524.022095,729.580078</point>
			</points>
		</object>
		<object>
			<coordinate>pixel</coordinate>
			<type>rectangle</type>
			<description>None</description>
			<possibleresult>
				<name>Van</name>
			</possibleresult>
			<points>
				<point>512.000000,749.000000</point>
				<point>502.000000,749.000000</point>
				<point>502.000000,730.000000</point>
				<point>512.000000,730.000000</point>
				<point>512.000000,749.000000</point>
			</points>
		</object>
		<object>
			<coordinate>pixel</coordinate>
			<type>rectangle</type>
			<description>None</description>
			<possibleresult>
				<name>Small Car</name>
			</possibleresult>
			<points>
				<point>488.000000,749.000000</point>
				<point>478.000000,749.000000</point>
				<point>478.000000,731.000000</point>
				<point>488.000000,731.000000</point>
				<point>488.000000,749.000000</point>
			</points>
		</object>
		<object>
			<coordinate>pixel</coordinate>
			<type>rectangle</type>
			<description>None</description>
			<possibleresult>
				<name>Van</name>
			</possibleresult>
			<points>
				<point>499.000000,750.000000</point>
				<point>489.000000,750.000000</point>
				<point>489.000000,729.000000</point>
				<point>499.000000,729.000000</point>
				<point>499.000000,750.000000</point>
			</points>
		</object>
		<object>
			<coordinate>pixel</coordinate>
			<type>rectangle</type>
			<description>None</description>
			<possibleresult>
				<name>Van</name>
			</possibleresult>
			<points>
				<point>475.000000,749.000000</point>
				<point>464.000000,749.000000</point>
				<point>464.000000,733.000000</point>
				<point>475.000000,733.000000</point>
				<point>475.000000,749.000000</point>
			</points>
		</object>
		<object>
			<coordinate>pixel</coordinate>
			<type>rectangle</type>
			<description>None</description>
			<possibleresult>
				<name>Van</name>
			</possibleresult>
			<points>
				<point>464.000000,749.000000</point>
				<point>453.000000,749.000000</point>
				<point>453.000000,733.000000</point>
				<point>464.000000,733.000000</point>
				<point>464.000000,749.000000</point>
			</points>
		</object>
		<object>
			<coordinate>pixel</coordinate>
			<type>rectangle</type>
			<description>None</description>
			<possibleresult>
				<name>Van</name>
			</possibleresult>
			<points>
				<point>441.000000,749.000000</point>
				<point>428.000000,749.000000</point>
				<point>428.000000,732.000000</point>
				<point>441.000000,732.000000</point>
				<point>441.000000,749.000000</point>
			</points>
		</object>
		<object>
			<coordinate>pixel</coordinate>
			<type>rectangle</type>
			<description>None</description>
			<possibleresult>
				<name>Van</name>
			</possibleresult>
			<points>
				<point>406.999969,668.000000</point>
				<point>405.969574,687.577393</point>
				<point>394.999969,687.000000</point>
				<point>396.030365,667.422607</point>
				<point>406.999969,668.000000</point>
			</points>
		</object>
		<object>
			<coordinate>pixel</coordinate>
			<type>rectangle</type>
			<description>None</description>
			<possibleresult>
				<name>Small Car</name>
			</possibleresult>
			<points>
				<point>356.000000,687.000000</point>
				<point>346.000000,687.000000</point>
				<point>346.000000,670.000000</point>
				<point>356.000000,670.000000</point>
				<point>356.000000,687.000000</point>
			</points>
		</object>
		<object>
			<coordinate>pixel</coordinate>
			<type>rectangle</type>
			<description>None</description>
			<possibleresult>
				<name>Van</name>
			</possibleresult>
			<points>
				<point>335.000000,686.000000</point>
				<point>324.000000,686.000000</point>
				<point>324.000000,671.000000</point>
				<point>335.000000,671.000000</point>
				<point>335.000000,686.000000</point>
			</points>
		</object>
		<object>
			<coordinate>pixel</coordinate>
			<type>rectangle</type>
			<description>None</description>
			<possibleresult>
				<name>Small Car</name>
			</possibleresult>
			<points>
				<point>322.000000,688.000000</point>
				<point>311.000000,688.000000</point>
				<point>311.000000,670.000000</point>
				<point>322.000000,670.000000</point>
				<point>322.000000,688.000000</point>
			</points>
		</object>
		<object>
			<coordinate>pixel</coordinate>
			<type>rectangle</type>
			<description>None</description>
			<possibleresult>
				<name>Van</name>
			</possibleresult>
			<points>
				<point>301.000000,683.000000</point>
				<point>289.000000,683.000000</point>
				<point>289.000000,666.000000</point>
				<point>301.000000,666.000000</point>
				<point>301.000000,683.000000</point>
			</points>
		</object>
		<object>
			<coordinate>pixel</coordinate>
			<type>rectangle</type>
			<description>None</description>
			<possibleresult>
				<name>Small Car</name>
			</possibleresult>
			<points>
				<point>285.000000,684.000000</point>
				<point>277.027588,684.468994</point>
				<point>276.000000,667.000000</point>
				<point>283.972412,666.531006</point>
				<point>285.000000,684.000000</point>
			</points>
		</object>
		<object>
			<coordinate>pixel</coordinate>
			<type>rectangle</type>
			<description>None</description>
			<possibleresult>
				<name>Small Car</name>
			</possibleresult>
			<points>
				<point>357.000000,625.000000</point>
				<point>348.000000,625.000000</point>
				<point>348.000000,608.000000</point>
				<point>357.000000,608.000000</point>
				<point>357.000000,625.000000</point>
			</points>
		</object>
		<object>
			<coordinate>pixel</coordinate>
			<type>rectangle</type>
			<description>None</description>
			<possibleresult>
				<name>Van</name>
			</possibleresult>
			<points>
				<point>291.000031,637.000061</point>
				<point>281.640045,649.480042</point>
				<point>273.000031,643.000061</point>
				<point>282.360016,630.520081</point>
				<point>291.000031,637.000061</point>
			</points>
		</object>
		<object>
			<coordinate>pixel</coordinate>
			<type>rectangle</type>
			<description>None</description>
			<possibleresult>
				<name>Small Car</name>
			</possibleresult>
			<points>
				<point>345.000000,625.000000</point>
				<point>336.000000,625.000000</point>
				<point>336.000000,608.000000</point>
				<point>345.000000,608.000000</point>
				<point>345.000000,625.000000</point>
			</points>
		</object>
		<object>
			<coordinate>pixel</coordinate>
			<type>rectangle</type>
			<description>None</description>
			<possibleresult>
				<name>Small Car</name>
			</possibleresult>
			<points>
				<point>334.000000,646.000000</point>
				<point>324.000000,646.000000</point>
				<point>324.000000,628.000000</point>
				<point>334.000000,628.000000</point>
				<point>334.000000,646.000000</point>
			</points>
		</object>
		<object>
			<coordinate>pixel</coordinate>
			<type>rectangle</type>
			<description>None</description>
			<possibleresult>
				<name>Van</name>
			</possibleresult>
			<points>
				<point>323.000000,625.000000</point>
				<point>314.000000,625.000000</point>
				<point>314.000000,610.000000</point>
				<point>323.000000,610.000000</point>
				<point>323.000000,625.000000</point>
			</points>
		</object>
		<object>
			<coordinate>pixel</coordinate>
			<type>rectangle</type>
			<description>None</description>
			<possibleresult>
				<name>Van</name>
			</possibleresult>
			<points>
				<point>312.000000,625.000000</point>
				<point>302.000000,625.000000</point>
				<point>302.000000,610.000000</point>
				<point>312.000000,610.000000</point>
				<point>312.000000,625.000000</point>
			</points>
		</object>
		<object>
			<coordinate>pixel</coordinate>
			<type>rectangle</type>
			<description>None</description>
			<possibleresult>
				<name>Small Car</name>
			</possibleresult>
			<points>
				<point>299.000000,623.000000</point>
				<point>288.000000,623.000000</point>
				<point>288.000000,608.000000</point>
				<point>299.000000,608.000000</point>
				<point>299.000000,623.000000</point>
			</points>
		</object>
		<object>
			<coordinate>pixel</coordinate>
			<type>rectangle</type>
			<description>None</description>
			<possibleresult>
				<name>Van</name>
			</possibleresult>
			<points>
				<point>288.000000,626.000000</point>
				<point>278.000000,626.000000</point>
				<point>278.000000,609.000000</point>
				<point>288.000000,609.000000</point>
				<point>288.000000,626.000000</point>
			</points>
		</object>
		<object>
			<coordinate>pixel</coordinate>
			<type>rectangle</type>
			<description>None</description>
			<possibleresult>
				<name>Van</name>
			</possibleresult>
			<points>
				<point>277.000000,590.000000</point>
				<point>266.000000,590.000000</point>
				<point>266.000000,576.000000</point>
				<point>277.000000,576.000000</point>
				<point>277.000000,590.000000</point>
			</points>
		</object>
		<object>
			<coordinate>pixel</coordinate>
			<type>rectangle</type>
			<description>None</description>
			<possibleresult>
				<name>Van</name>
			</possibleresult>
			<points>
				<point>348.000000,587.000000</point>
				<point>338.000000,587.000000</point>
				<point>338.000000,571.000000</point>
				<point>348.000000,571.000000</point>
				<point>348.000000,587.000000</point>
			</points>
		</object>
		<object>
			<coordinate>pixel</coordinate>
			<type>rectangle</type>
			<description>None</description>
			<possibleresult>
				<name>Van</name>
			</possibleresult>
			<points>
				<point>165.344589,487.090729</point>
				<point>163.000015,496.000031</point>
				<point>143.655441,490.909332</point>
				<point>146.000015,482.000031</point>
				<point>165.344589,487.090729</point>
			</points>
		</object>
		<object>
			<coordinate>pixel</coordinate>
			<type>rectangle</type>
			<description>None</description>
			<possibleresult>
				<name>Van</name>
			</possibleresult>
			<points>
				<point>137.048920,481.007324</point>
				<point>136.000015,488.000000</point>
				<point>115.951111,484.992676</point>
				<point>117.000015,478.000000</point>
				<point>137.048920,481.007324</point>
			</points>
		</object>
		<object>
			<coordinate>pixel</coordinate>
			<type>rectangle</type>
			<description>None</description>
			<possibleresult>
				<name>Van</name>
			</possibleresult>
			<points>
				<point>109.999992,475.999969</point>
				<point>109.174049,483.020477</point>
				<point>92.174049,481.020477</point>
				<point>92.999992,473.999969</point>
				<point>109.999992,475.999969</point>
			</points>
		</object>
		<object>
			<coordinate>pixel</coordinate>
			<type>rectangle</type>
			<description>None</description>
			<possibleresult>
				<name>Small Car</name>
			</possibleresult>
			<points>
				<point>86.379807,472.066040</point>
				<point>84.999985,480.000000</point>
				<point>61.620167,475.933960</point>
				<point>62.999985,468.000000</point>
				<point>86.379807,472.066040</point>
			</points>
		</object>
		<object>
			<coordinate>pixel</coordinate>
			<type>rectangle</type>
			<description>None</description>
			<possibleresult>
				<name>Small Car</name>
			</possibleresult>
			<points>
				<point>53.211010,467.036621</point>
				<point>52.000000,473.999939</point>
				<point>28.788990,469.963257</point>
				<point>30.000000,462.999939</point>
				<point>53.211010,467.036621</point>
			</points>
		</object>
	</objects>
</annotation>