<?xml version="1.0" encoding="utf-8"?>
<annotation>
	<source>
		<filename>1569.tif</filename>
		<origin>GF2/GF3</origin>
	</source>
	<research>
		<version>1.0</version>
		<provider>FAIR1M</provider>
		<author>Cyber</author>
		<pluginname>FAIR1M</pluginname>
		<pluginclass>object detection</pluginclass>
		<time>2021-07-21</time>
	</research>
	<size>
		<width>1000</width>
		<height>1000</height>
		<depth>3</depth>
	</size>
	<objects>
		<object>
			<coordinate>pixel</coordinate>
			<type>rectangle</type>
			<description>None</description>
			<possibleresult>
				<name>A220</name>
			</possibleresult>
			<points>
				<point>111.000000,123.000000</point>
				<point>84.000000,155.000000</point>
				<point>118.000000,183.000000</point>
				<point>145.000000,151.000000</point>
				<point>111.000000,123.000000</point>
			</points>
		</object>
		<object>
			<coordinate>pixel</coordinate>
			<type>rectangle</type>
			<description>None</description>
			<possibleresult>
				<name>Boeing737</name>
			</possibleresult>
			<points>
				<point>223.000000,290.000000</point>
				<point>190.000000,328.000000</point>
				<point>223.000000,357.000000</point>
				<point>256.000000,320.000000</point>
				<point>223.000000,290.000000</point>
			</points>
		</object>
		<object>
			<coordinate>pixel</coordinate>
			<type>rectangle</type>
			<description>None</description>
			<possibleresult>
				<name>Boeing737</name>
			</possibleresult>
			<points>
				<point>196.000000,14.000000</point>
				<point>233.000000,46.000000</point>
				<point>261.000000,14.000000</point>
				<point>223.000000,-18.000000</point>
				<point>196.000000,14.000000</point>
			</points>
		</object>
	</objects>
</annotation>