<?xml version="1.0" encoding="utf-8"?>
<annotation>
	<source>
		<filename>1572.tif</filename>
		<origin>GF2/GF3</origin>
	</source>
	<research>
		<version>1.0</version>
		<provider>FAIR1M</provider>
		<author>Cyber</author>
		<pluginname>FAIR1M</pluginname>
		<pluginclass>object detection</pluginclass>
		<time>2021-07-21</time>
	</research>
	<size>
		<width>1000</width>
		<height>1000</height>
		<depth>3</depth>
	</size>
	<objects>
		<object>
			<coordinate>pixel</coordinate>
			<type>rectangle</type>
			<description>None</description>
			<possibleresult>
				<name>Small Car</name>
			</possibleresult>
			<points>
				<point>817.000000,471.000000</point>
				<point>813.000000,479.000000</point>
				<point>793.000000,469.000000</point>
				<point>797.000000,461.000000</point>
				<point>817.000000,471.000000</point>
			</points>
		</object>
		<object>
			<coordinate>pixel</coordinate>
			<type>rectangle</type>
			<description>None</description>
			<possibleresult>
				<name>Small Car</name>
			</possibleresult>
			<points>
				<point>529.000000,80.000000</point>
				<point>512.000000,89.000000</point>
				<point>508.000000,81.000000</point>
				<point>525.000000,72.000000</point>
				<point>529.000000,80.000000</point>
			</points>
		</object>
		<object>
			<coordinate>pixel</coordinate>
			<type>rectangle</type>
			<description>None</description>
			<possibleresult>
				<name>Intersection</name>
			</possibleresult>
			<points>
				<point>637.000000,618.000000</point>
				<point>545.000000,622.000000</point>
				<point>543.000000,571.000000</point>
				<point>635.000000,567.000000</point>
				<point>637.000000,618.000000</point>
			</points>
		</object>
		<object>
			<coordinate>pixel</coordinate>
			<type>rectangle</type>
			<description>None</description>
			<possibleresult>
				<name>Small Car</name>
			</possibleresult>
			<points>
				<point>48.000000,951.000000</point>
				<point>25.000000,951.000000</point>
				<point>25.000000,945.000000</point>
				<point>48.000000,945.000000</point>
				<point>48.000000,951.000000</point>
			</points>
		</object>
		<object>
			<coordinate>pixel</coordinate>
			<type>rectangle</type>
			<description>None</description>
			<possibleresult>
				<name>Van</name>
			</possibleresult>
			<points>
				<point>148.000000,965.000000</point>
				<point>139.000000,966.000000</point>
				<point>137.000000,948.000000</point>
				<point>147.000000,948.000000</point>
				<point>148.000000,965.000000</point>
			</points>
		</object>
		<object>
			<coordinate>pixel</coordinate>
			<type>rectangle</type>
			<description>None</description>
			<possibleresult>
				<name>Small Car</name>
			</possibleresult>
			<points>
				<point>161.000000,963.000000</point>
				<point>152.000000,963.000000</point>
				<point>151.000000,946.000000</point>
				<point>159.000000,945.000000</point>
				<point>161.000000,963.000000</point>
			</points>
		</object>
		<object>
			<coordinate>pixel</coordinate>
			<type>rectangle</type>
			<description>None</description>
			<possibleresult>
				<name>Small Car</name>
			</possibleresult>
			<points>
				<point>799.000000,891.000000</point>
				<point>788.000000,891.000000</point>
				<point>788.000000,874.000000</point>
				<point>799.000000,874.000000</point>
				<point>799.000000,891.000000</point>
			</points>
		</object>
		<object>
			<coordinate>pixel</coordinate>
			<type>rectangle</type>
			<description>None</description>
			<possibleresult>
				<name>Small Car</name>
			</possibleresult>
			<points>
				<point>1000.000000,789.000000</point>
				<point>983.000000,789.000000</point>
				<point>983.000000,782.000000</point>
				<point>1000.000000,782.000000</point>
				<point>1000.000000,789.000000</point>
			</points>
		</object>
		<object>
			<coordinate>pixel</coordinate>
			<type>rectangle</type>
			<description>None</description>
			<possibleresult>
				<name>Small Car</name>
			</possibleresult>
			<points>
				<point>977.000000,790.000000</point>
				<point>955.000000,790.000000</point>
				<point>955.000000,782.000000</point>
				<point>977.000000,782.000000</point>
				<point>977.000000,790.000000</point>
			</points>
		</object>
		<object>
			<coordinate>pixel</coordinate>
			<type>rectangle</type>
			<description>None</description>
			<possibleresult>
				<name>Dump Truck</name>
			</possibleresult>
			<points>
				<point>703.000000,775.000000</point>
				<point>676.000000,777.000000</point>
				<point>675.000000,768.000000</point>
				<point>703.000000,767.000000</point>
				<point>703.000000,775.000000</point>
			</points>
		</object>
		<object>
			<coordinate>pixel</coordinate>
			<type>rectangle</type>
			<description>None</description>
			<possibleresult>
				<name>Van</name>
			</possibleresult>
			<points>
				<point>779.000000,777.000000</point>
				<point>757.000000,777.000000</point>
				<point>757.000000,770.000000</point>
				<point>779.000000,770.000000</point>
				<point>779.000000,777.000000</point>
			</points>
		</object>
		<object>
			<coordinate>pixel</coordinate>
			<type>rectangle</type>
			<description>None</description>
			<possibleresult>
				<name>Small Car</name>
			</possibleresult>
			<points>
				<point>765.000000,797.000000</point>
				<point>738.000000,799.000000</point>
				<point>737.000000,792.000000</point>
				<point>765.000000,791.000000</point>
				<point>765.000000,797.000000</point>
			</points>
		</object>
		<object>
			<coordinate>pixel</coordinate>
			<type>rectangle</type>
			<description>None</description>
			<possibleresult>
				<name>Van</name>
			</possibleresult>
			<points>
				<point>734.000000,799.000000</point>
				<point>708.000000,799.000000</point>
				<point>708.000000,793.000000</point>
				<point>734.000000,793.000000</point>
				<point>734.000000,799.000000</point>
			</points>
		</object>
		<object>
			<coordinate>pixel</coordinate>
			<type>rectangle</type>
			<description>None</description>
			<possibleresult>
				<name>Van</name>
			</possibleresult>
			<points>
				<point>749.000000,770.000000</point>
				<point>748.000000,777.000000</point>
				<point>726.000000,776.000000</point>
				<point>727.000000,769.000000</point>
				<point>749.000000,770.000000</point>
			</points>
		</object>
		<object>
			<coordinate>pixel</coordinate>
			<type>rectangle</type>
			<description>None</description>
			<possibleresult>
				<name>Small Car</name>
			</possibleresult>
			<points>
				<point>701.000000,759.000000</point>
				<point>691.000000,759.000000</point>
				<point>691.000000,740.000000</point>
				<point>701.000000,740.000000</point>
				<point>701.000000,759.000000</point>
			</points>
		</object>
		<object>
			<coordinate>pixel</coordinate>
			<type>rectangle</type>
			<description>None</description>
			<possibleresult>
				<name>Small Car</name>
			</possibleresult>
			<points>
				<point>688.000000,762.000000</point>
				<point>679.000000,763.000000</point>
				<point>678.000000,745.000000</point>
				<point>687.000000,744.000000</point>
				<point>688.000000,762.000000</point>
			</points>
		</object>
		<object>
			<coordinate>pixel</coordinate>
			<type>rectangle</type>
			<description>None</description>
			<possibleresult>
				<name>Van</name>
			</possibleresult>
			<points>
				<point>676.000000,763.000000</point>
				<point>667.000000,763.000000</point>
				<point>666.000000,748.000000</point>
				<point>674.000000,747.000000</point>
				<point>676.000000,763.000000</point>
			</points>
		</object>
		<object>
			<coordinate>pixel</coordinate>
			<type>rectangle</type>
			<description>None</description>
			<possibleresult>
				<name>Van</name>
			</possibleresult>
			<points>
				<point>767.000000,703.000000</point>
				<point>756.000000,703.000000</point>
				<point>756.000000,686.000000</point>
				<point>767.000000,686.000000</point>
				<point>767.000000,703.000000</point>
			</points>
		</object>
		<object>
			<coordinate>pixel</coordinate>
			<type>rectangle</type>
			<description>None</description>
			<possibleresult>
				<name>other-vehicle</name>
			</possibleresult>
			<points>
				<point>740.000000,684.000000</point>
				<point>739.000000,703.000000</point>
				<point>725.000000,703.000000</point>
				<point>727.000000,683.000000</point>
				<point>740.000000,684.000000</point>
			</points>
		</object>
		<object>
			<coordinate>pixel</coordinate>
			<type>rectangle</type>
			<description>None</description>
			<possibleresult>
				<name>Van</name>
			</possibleresult>
			<points>
				<point>722.000000,704.000000</point>
				<point>711.000000,704.000000</point>
				<point>711.000000,687.000000</point>
				<point>722.000000,687.000000</point>
				<point>722.000000,704.000000</point>
			</points>
		</object>
		<object>
			<coordinate>pixel</coordinate>
			<type>rectangle</type>
			<description>None</description>
			<possibleresult>
				<name>Van</name>
			</possibleresult>
			<points>
				<point>680.000000,701.000000</point>
				<point>668.000000,701.000000</point>
				<point>668.000000,684.000000</point>
				<point>680.000000,684.000000</point>
				<point>680.000000,701.000000</point>
			</points>
		</object>
		<object>
			<coordinate>pixel</coordinate>
			<type>rectangle</type>
			<description>None</description>
			<possibleresult>
				<name>Small Car</name>
			</possibleresult>
			<points>
				<point>672.000000,666.000000</point>
				<point>672.000000,673.000000</point>
				<point>648.000000,671.000000</point>
				<point>649.000000,665.000000</point>
				<point>672.000000,666.000000</point>
			</points>
		</object>
		<object>
			<coordinate>pixel</coordinate>
			<type>rectangle</type>
			<description>None</description>
			<possibleresult>
				<name>Dump Truck</name>
			</possibleresult>
			<points>
				<point>665.000000,703.000000</point>
				<point>655.000000,703.000000</point>
				<point>655.000000,683.000000</point>
				<point>665.000000,683.000000</point>
				<point>665.000000,703.000000</point>
			</points>
		</object>
		<object>
			<coordinate>pixel</coordinate>
			<type>rectangle</type>
			<description>None</description>
			<possibleresult>
				<name>Small Car</name>
			</possibleresult>
			<points>
				<point>534.000000,600.000000</point>
				<point>533.000000,608.000000</point>
				<point>510.000000,606.000000</point>
				<point>511.000000,598.000000</point>
				<point>534.000000,600.000000</point>
			</points>
		</object>
		<object>
			<coordinate>pixel</coordinate>
			<type>rectangle</type>
			<description>None</description>
			<possibleresult>
				<name>Van</name>
			</possibleresult>
			<points>
				<point>474.000000,653.000000</point>
				<point>464.000000,653.000000</point>
				<point>464.000000,638.000000</point>
				<point>474.000000,638.000000</point>
				<point>474.000000,653.000000</point>
			</points>
		</object>
		<object>
			<coordinate>pixel</coordinate>
			<type>rectangle</type>
			<description>None</description>
			<possibleresult>
				<name>Small Car</name>
			</possibleresult>
			<points>
				<point>501.000000,689.000000</point>
				<point>492.000000,689.000000</point>
				<point>492.000000,672.000000</point>
				<point>501.000000,672.000000</point>
				<point>501.000000,689.000000</point>
			</points>
		</object>
		<object>
			<coordinate>pixel</coordinate>
			<type>rectangle</type>
			<description>None</description>
			<possibleresult>
				<name>Dump Truck</name>
			</possibleresult>
			<points>
				<point>517.000000,687.000000</point>
				<point>506.000000,687.000000</point>
				<point>506.000000,674.000000</point>
				<point>517.000000,674.000000</point>
				<point>517.000000,687.000000</point>
			</points>
		</object>
		<object>
			<coordinate>pixel</coordinate>
			<type>rectangle</type>
			<description>None</description>
			<possibleresult>
				<name>Small Car</name>
			</possibleresult>
			<points>
				<point>394.000000,863.000000</point>
				<point>384.000000,863.000000</point>
				<point>384.000000,846.000000</point>
				<point>394.000000,846.000000</point>
				<point>394.000000,863.000000</point>
			</points>
		</object>
		<object>
			<coordinate>pixel</coordinate>
			<type>rectangle</type>
			<description>None</description>
			<possibleresult>
				<name>Small Car</name>
			</possibleresult>
			<points>
				<point>381.000000,845.000000</point>
				<point>380.000000,863.000000</point>
				<point>370.000000,863.000000</point>
				<point>371.000000,845.000000</point>
				<point>381.000000,845.000000</point>
			</points>
		</object>
		<object>
			<coordinate>pixel</coordinate>
			<type>rectangle</type>
			<description>None</description>
			<possibleresult>
				<name>Van</name>
			</possibleresult>
			<points>
				<point>332.000000,844.000000</point>
				<point>330.000000,860.000000</point>
				<point>320.000000,859.000000</point>
				<point>322.000000,843.000000</point>
				<point>332.000000,844.000000</point>
			</points>
		</object>
		<object>
			<coordinate>pixel</coordinate>
			<type>rectangle</type>
			<description>None</description>
			<possibleresult>
				<name>Van</name>
			</possibleresult>
			<points>
				<point>304.000000,863.000000</point>
				<point>291.000000,863.000000</point>
				<point>291.000000,843.000000</point>
				<point>304.000000,843.000000</point>
				<point>304.000000,863.000000</point>
			</points>
		</object>
		<object>
			<coordinate>pixel</coordinate>
			<type>rectangle</type>
			<description>None</description>
			<possibleresult>
				<name>Dump Truck</name>
			</possibleresult>
			<points>
				<point>150.000000,845.000000</point>
				<point>142.000000,850.000000</point>
				<point>130.000000,832.000000</point>
				<point>138.000000,827.000000</point>
				<point>150.000000,845.000000</point>
			</points>
		</object>
		<object>
			<coordinate>pixel</coordinate>
			<type>rectangle</type>
			<description>None</description>
			<possibleresult>
				<name>Van</name>
			</possibleresult>
			<points>
				<point>179.000000,848.000000</point>
				<point>171.000000,854.000000</point>
				<point>157.000000,834.000000</point>
				<point>165.000000,828.000000</point>
				<point>179.000000,848.000000</point>
			</points>
		</object>
		<object>
			<coordinate>pixel</coordinate>
			<type>rectangle</type>
			<description>None</description>
			<possibleresult>
				<name>Van</name>
			</possibleresult>
			<points>
				<point>208.000000,844.000000</point>
				<point>200.000000,851.000000</point>
				<point>184.000000,833.000000</point>
				<point>192.000000,826.000000</point>
				<point>208.000000,844.000000</point>
			</points>
		</object>
		<object>
			<coordinate>pixel</coordinate>
			<type>rectangle</type>
			<description>None</description>
			<possibleresult>
				<name>Van</name>
			</possibleresult>
			<points>
				<point>285.000000,785.000000</point>
				<point>269.000000,792.000000</point>
				<point>267.000000,786.000000</point>
				<point>282.000000,778.000000</point>
				<point>285.000000,785.000000</point>
			</points>
		</object>
		<object>
			<coordinate>pixel</coordinate>
			<type>rectangle</type>
			<description>None</description>
			<possibleresult>
				<name>Dump Truck</name>
			</possibleresult>
			<points>
				<point>316.000000,745.000000</point>
				<point>316.000000,752.000000</point>
				<point>287.000000,750.000000</point>
				<point>288.000000,744.000000</point>
				<point>316.000000,745.000000</point>
			</points>
		</object>
		<object>
			<coordinate>pixel</coordinate>
			<type>rectangle</type>
			<description>None</description>
			<possibleresult>
				<name>Small Car</name>
			</possibleresult>
			<points>
				<point>379.000000,684.000000</point>
				<point>356.000000,684.000000</point>
				<point>356.000000,678.000000</point>
				<point>379.000000,678.000000</point>
				<point>379.000000,684.000000</point>
			</points>
		</object>
		<object>
			<coordinate>pixel</coordinate>
			<type>rectangle</type>
			<description>None</description>
			<possibleresult>
				<name>Small Car</name>
			</possibleresult>
			<points>
				<point>376.000000,675.000000</point>
				<point>353.000000,675.000000</point>
				<point>353.000000,668.000000</point>
				<point>376.000000,668.000000</point>
				<point>376.000000,675.000000</point>
			</points>
		</object>
		<object>
			<coordinate>pixel</coordinate>
			<type>rectangle</type>
			<description>None</description>
			<possibleresult>
				<name>Small Car</name>
			</possibleresult>
			<points>
				<point>377.000000,656.000000</point>
				<point>355.000000,656.000000</point>
				<point>355.000000,650.000000</point>
				<point>377.000000,650.000000</point>
				<point>377.000000,656.000000</point>
			</points>
		</object>
		<object>
			<coordinate>pixel</coordinate>
			<type>rectangle</type>
			<description>None</description>
			<possibleresult>
				<name>Dump Truck</name>
			</possibleresult>
			<points>
				<point>341.000000,640.000000</point>
				<point>331.000000,640.000000</point>
				<point>331.000000,623.000000</point>
				<point>341.000000,623.000000</point>
				<point>341.000000,640.000000</point>
			</points>
		</object>
		<object>
			<coordinate>pixel</coordinate>
			<type>rectangle</type>
			<description>None</description>
			<possibleresult>
				<name>Van</name>
			</possibleresult>
			<points>
				<point>328.000000,637.000000</point>
				<point>317.000000,637.000000</point>
				<point>317.000000,621.000000</point>
				<point>328.000000,621.000000</point>
				<point>328.000000,637.000000</point>
			</points>
		</object>
		<object>
			<coordinate>pixel</coordinate>
			<type>rectangle</type>
			<description>None</description>
			<possibleresult>
				<name>Small Car</name>
			</possibleresult>
			<points>
				<point>299.000000,631.000000</point>
				<point>270.000000,631.000000</point>
				<point>270.000000,624.000000</point>
				<point>299.000000,624.000000</point>
				<point>299.000000,631.000000</point>
			</points>
		</object>
		<object>
			<coordinate>pixel</coordinate>
			<type>rectangle</type>
			<description>None</description>
			<possibleresult>
				<name>Small Car</name>
			</possibleresult>
			<points>
				<point>298.000000,641.000000</point>
				<point>271.000000,643.000000</point>
				<point>270.000000,636.000000</point>
				<point>298.000000,635.000000</point>
				<point>298.000000,641.000000</point>
			</points>
		</object>
		<object>
			<coordinate>pixel</coordinate>
			<type>rectangle</type>
			<description>None</description>
			<possibleresult>
				<name>Van</name>
			</possibleresult>
			<points>
				<point>296.000000,654.000000</point>
				<point>270.000000,654.000000</point>
				<point>270.000000,645.000000</point>
				<point>296.000000,645.000000</point>
				<point>296.000000,654.000000</point>
			</points>
		</object>
		<object>
			<coordinate>pixel</coordinate>
			<type>rectangle</type>
			<description>None</description>
			<possibleresult>
				<name>Van</name>
			</possibleresult>
			<points>
				<point>294.000000,666.000000</point>
				<point>294.000000,673.000000</point>
				<point>267.000000,671.000000</point>
				<point>268.000000,665.000000</point>
				<point>294.000000,666.000000</point>
			</points>
		</object>
		<object>
			<coordinate>pixel</coordinate>
			<type>rectangle</type>
			<description>None</description>
			<possibleresult>
				<name>Small Car</name>
			</possibleresult>
			<points>
				<point>295.000000,681.000000</point>
				<point>268.000000,681.000000</point>
				<point>268.000000,674.000000</point>
				<point>295.000000,674.000000</point>
				<point>295.000000,681.000000</point>
			</points>
		</object>
		<object>
			<coordinate>pixel</coordinate>
			<type>rectangle</type>
			<description>None</description>
			<possibleresult>
				<name>Van</name>
			</possibleresult>
			<points>
				<point>295.000000,690.000000</point>
				<point>271.000000,690.000000</point>
				<point>271.000000,683.000000</point>
				<point>295.000000,683.000000</point>
				<point>295.000000,690.000000</point>
			</points>
		</object>
		<object>
			<coordinate>pixel</coordinate>
			<type>rectangle</type>
			<description>None</description>
			<possibleresult>
				<name>Small Car</name>
			</possibleresult>
			<points>
				<point>293.000000,698.000000</point>
				<point>268.000000,698.000000</point>
				<point>268.000000,691.000000</point>
				<point>293.000000,691.000000</point>
				<point>293.000000,698.000000</point>
			</points>
		</object>
		<object>
			<coordinate>pixel</coordinate>
			<type>rectangle</type>
			<description>None</description>
			<possibleresult>
				<name>Small Car</name>
			</possibleresult>
			<points>
				<point>292.000000,707.000000</point>
				<point>270.000000,707.000000</point>
				<point>270.000000,700.000000</point>
				<point>292.000000,700.000000</point>
				<point>292.000000,707.000000</point>
			</points>
		</object>
		<object>
			<coordinate>pixel</coordinate>
			<type>rectangle</type>
			<description>None</description>
			<possibleresult>
				<name>Small Car</name>
			</possibleresult>
			<points>
				<point>217.000000,715.000000</point>
				<point>194.000000,717.000000</point>
				<point>193.000000,711.000000</point>
				<point>217.000000,710.000000</point>
				<point>217.000000,715.000000</point>
			</points>
		</object>
		<object>
			<coordinate>pixel</coordinate>
			<type>rectangle</type>
			<description>None</description>
			<possibleresult>
				<name>Small Car</name>
			</possibleresult>
			<points>
				<point>220.000000,705.000000</point>
				<point>194.000000,707.000000</point>
				<point>194.000000,700.000000</point>
				<point>219.000000,699.000000</point>
				<point>220.000000,705.000000</point>
			</points>
		</object>
		<object>
			<coordinate>pixel</coordinate>
			<type>rectangle</type>
			<description>None</description>
			<possibleresult>
				<name>Small Car</name>
			</possibleresult>
			<points>
				<point>218.000000,698.000000</point>
				<point>197.000000,698.000000</point>
				<point>197.000000,692.000000</point>
				<point>218.000000,692.000000</point>
				<point>218.000000,698.000000</point>
			</points>
		</object>
		<object>
			<coordinate>pixel</coordinate>
			<type>rectangle</type>
			<description>None</description>
			<possibleresult>
				<name>Small Car</name>
			</possibleresult>
			<points>
				<point>138.000000,664.000000</point>
				<point>129.000000,665.000000</point>
				<point>127.000000,649.000000</point>
				<point>135.000000,647.000000</point>
				<point>138.000000,664.000000</point>
			</points>
		</object>
		<object>
			<coordinate>pixel</coordinate>
			<type>rectangle</type>
			<description>None</description>
			<possibleresult>
				<name>Dump Truck</name>
			</possibleresult>
			<points>
				<point>113.000000,688.000000</point>
				<point>102.000000,688.000000</point>
				<point>102.000000,668.000000</point>
				<point>113.000000,668.000000</point>
				<point>113.000000,688.000000</point>
			</points>
		</object>
		<object>
			<coordinate>pixel</coordinate>
			<type>rectangle</type>
			<description>None</description>
			<possibleresult>
				<name>Small Car</name>
			</possibleresult>
			<points>
				<point>110.000000,413.000000</point>
				<point>99.000000,413.000000</point>
				<point>99.000000,396.000000</point>
				<point>110.000000,396.000000</point>
				<point>110.000000,413.000000</point>
			</points>
		</object>
		<object>
			<coordinate>pixel</coordinate>
			<type>rectangle</type>
			<description>None</description>
			<possibleresult>
				<name>Small Car</name>
			</possibleresult>
			<points>
				<point>126.000000,411.000000</point>
				<point>117.000000,414.000000</point>
				<point>111.000000,396.000000</point>
				<point>120.000000,393.000000</point>
				<point>126.000000,411.000000</point>
			</points>
		</object>
		<object>
			<coordinate>pixel</coordinate>
			<type>rectangle</type>
			<description>None</description>
			<possibleresult>
				<name>Small Car</name>
			</possibleresult>
			<points>
				<point>78.000000,463.000000</point>
				<point>53.000000,463.000000</point>
				<point>53.000000,456.000000</point>
				<point>78.000000,456.000000</point>
				<point>78.000000,463.000000</point>
			</points>
		</object>
		<object>
			<coordinate>pixel</coordinate>
			<type>rectangle</type>
			<description>None</description>
			<possibleresult>
				<name>Small Car</name>
			</possibleresult>
			<points>
				<point>288.000000,401.000000</point>
				<point>286.000000,421.000000</point>
				<point>277.000000,421.000000</point>
				<point>280.000000,400.000000</point>
				<point>288.000000,401.000000</point>
			</points>
		</object>
		<object>
			<coordinate>pixel</coordinate>
			<type>rectangle</type>
			<description>None</description>
			<possibleresult>
				<name>Small Car</name>
			</possibleresult>
			<points>
				<point>399.000000,299.000000</point>
				<point>378.000000,301.000000</point>
				<point>377.000000,295.000000</point>
				<point>399.000000,294.000000</point>
				<point>399.000000,299.000000</point>
			</points>
		</object>
		<object>
			<coordinate>pixel</coordinate>
			<type>rectangle</type>
			<description>None</description>
			<possibleresult>
				<name>Small Car</name>
			</possibleresult>
			<points>
				<point>539.000000,341.000000</point>
				<point>530.000000,341.000000</point>
				<point>530.000000,327.000000</point>
				<point>539.000000,327.000000</point>
				<point>539.000000,341.000000</point>
			</points>
		</object>
		<object>
			<coordinate>pixel</coordinate>
			<type>rectangle</type>
			<description>None</description>
			<possibleresult>
				<name>Small Car</name>
			</possibleresult>
			<points>
				<point>527.000000,326.000000</point>
				<point>526.000000,343.000000</point>
				<point>517.000000,343.000000</point>
				<point>518.000000,326.000000</point>
				<point>527.000000,326.000000</point>
			</points>
		</object>
		<object>
			<coordinate>pixel</coordinate>
			<type>rectangle</type>
			<description>None</description>
			<possibleresult>
				<name>Van</name>
			</possibleresult>
			<points>
				<point>511.000000,342.000000</point>
				<point>501.000000,342.000000</point>
				<point>501.000000,326.000000</point>
				<point>511.000000,326.000000</point>
				<point>511.000000,342.000000</point>
			</points>
		</object>
		<object>
			<coordinate>pixel</coordinate>
			<type>rectangle</type>
			<description>None</description>
			<possibleresult>
				<name>Dump Truck</name>
			</possibleresult>
			<points>
				<point>496.000000,345.000000</point>
				<point>485.000000,345.000000</point>
				<point>485.000000,324.000000</point>
				<point>496.000000,324.000000</point>
				<point>496.000000,345.000000</point>
			</points>
		</object>
		<object>
			<coordinate>pixel</coordinate>
			<type>rectangle</type>
			<description>None</description>
			<possibleresult>
				<name>Small Car</name>
			</possibleresult>
			<points>
				<point>454.000000,342.000000</point>
				<point>443.000000,342.000000</point>
				<point>443.000000,326.000000</point>
				<point>454.000000,326.000000</point>
				<point>454.000000,342.000000</point>
			</points>
		</object>
		<object>
			<coordinate>pixel</coordinate>
			<type>rectangle</type>
			<description>None</description>
			<possibleresult>
				<name>Small Car</name>
			</possibleresult>
			<points>
				<point>440.000000,341.000000</point>
				<point>431.000000,341.000000</point>
				<point>431.000000,324.000000</point>
				<point>440.000000,324.000000</point>
				<point>440.000000,341.000000</point>
			</points>
		</object>
		<object>
			<coordinate>pixel</coordinate>
			<type>rectangle</type>
			<description>None</description>
			<possibleresult>
				<name>Cargo Truck</name>
			</possibleresult>
			<points>
				<point>410.000000,381.000000</point>
				<point>410.000000,389.000000</point>
				<point>385.000000,387.000000</point>
				<point>386.000000,380.000000</point>
				<point>410.000000,381.000000</point>
			</points>
		</object>
		<object>
			<coordinate>pixel</coordinate>
			<type>rectangle</type>
			<description>None</description>
			<possibleresult>
				<name>Dump Truck</name>
			</possibleresult>
			<points>
				<point>423.000000,385.000000</point>
				<point>412.000000,385.000000</point>
				<point>410.000000,366.000000</point>
				<point>422.000000,365.000000</point>
				<point>423.000000,385.000000</point>
			</points>
		</object>
		<object>
			<coordinate>pixel</coordinate>
			<type>rectangle</type>
			<description>None</description>
			<possibleresult>
				<name>Small Car</name>
			</possibleresult>
			<points>
				<point>439.000000,386.000000</point>
				<point>429.000000,386.000000</point>
				<point>429.000000,367.000000</point>
				<point>439.000000,367.000000</point>
				<point>439.000000,386.000000</point>
			</points>
		</object>
		<object>
			<coordinate>pixel</coordinate>
			<type>rectangle</type>
			<description>None</description>
			<possibleresult>
				<name>Small Car</name>
			</possibleresult>
			<points>
				<point>451.000000,384.000000</point>
				<point>443.000000,385.000000</point>
				<point>441.000000,369.000000</point>
				<point>449.000000,368.000000</point>
				<point>451.000000,384.000000</point>
			</points>
		</object>
		<object>
			<coordinate>pixel</coordinate>
			<type>rectangle</type>
			<description>None</description>
			<possibleresult>
				<name>Van</name>
			</possibleresult>
			<points>
				<point>462.000000,385.000000</point>
				<point>452.000000,385.000000</point>
				<point>451.000000,369.000000</point>
				<point>460.000000,368.000000</point>
				<point>462.000000,385.000000</point>
			</points>
		</object>
		<object>
			<coordinate>pixel</coordinate>
			<type>rectangle</type>
			<description>None</description>
			<possibleresult>
				<name>Small Car</name>
			</possibleresult>
			<points>
				<point>514.000000,386.000000</point>
				<point>504.000000,386.000000</point>
				<point>504.000000,368.000000</point>
				<point>514.000000,368.000000</point>
				<point>514.000000,386.000000</point>
			</points>
		</object>
		<object>
			<coordinate>pixel</coordinate>
			<type>rectangle</type>
			<description>None</description>
			<possibleresult>
				<name>Van</name>
			</possibleresult>
			<points>
				<point>530.000000,371.000000</point>
				<point>528.000000,387.000000</point>
				<point>517.000000,386.000000</point>
				<point>519.000000,370.000000</point>
				<point>530.000000,371.000000</point>
			</points>
		</object>
		<object>
			<coordinate>pixel</coordinate>
			<type>rectangle</type>
			<description>None</description>
			<possibleresult>
				<name>Small Car</name>
			</possibleresult>
			<points>
				<point>566.000000,386.000000</point>
				<point>557.000000,386.000000</point>
				<point>557.000000,369.000000</point>
				<point>566.000000,369.000000</point>
				<point>566.000000,386.000000</point>
			</points>
		</object>
		<object>
			<coordinate>pixel</coordinate>
			<type>rectangle</type>
			<description>None</description>
			<possibleresult>
				<name>Small Car</name>
			</possibleresult>
			<points>
				<point>364.000000,568.000000</point>
				<point>339.000000,568.000000</point>
				<point>339.000000,562.000000</point>
				<point>364.000000,562.000000</point>
				<point>364.000000,568.000000</point>
			</points>
		</object>
		<object>
			<coordinate>pixel</coordinate>
			<type>rectangle</type>
			<description>None</description>
			<possibleresult>
				<name>Small Car</name>
			</possibleresult>
			<points>
				<point>361.000000,557.000000</point>
				<point>336.000000,557.000000</point>
				<point>336.000000,550.000000</point>
				<point>361.000000,550.000000</point>
				<point>361.000000,557.000000</point>
			</points>
		</object>
		<object>
			<coordinate>pixel</coordinate>
			<type>rectangle</type>
			<description>None</description>
			<possibleresult>
				<name>Small Car</name>
			</possibleresult>
			<points>
				<point>360.000000,538.000000</point>
				<point>333.000000,538.000000</point>
				<point>333.000000,531.000000</point>
				<point>360.000000,531.000000</point>
				<point>360.000000,538.000000</point>
			</points>
		</object>
		<object>
			<coordinate>pixel</coordinate>
			<type>rectangle</type>
			<description>None</description>
			<possibleresult>
				<name>Small Car</name>
			</possibleresult>
			<points>
				<point>338.000000,529.000000</point>
				<point>314.000000,529.000000</point>
				<point>314.000000,522.000000</point>
				<point>338.000000,522.000000</point>
				<point>338.000000,529.000000</point>
			</points>
		</object>
		<object>
			<coordinate>pixel</coordinate>
			<type>rectangle</type>
			<description>None</description>
			<possibleresult>
				<name>Van</name>
			</possibleresult>
			<points>
				<point>393.000000,471.000000</point>
				<point>381.000000,471.000000</point>
				<point>380.000000,453.000000</point>
				<point>391.000000,452.000000</point>
				<point>393.000000,471.000000</point>
			</points>
		</object>
		<object>
			<coordinate>pixel</coordinate>
			<type>rectangle</type>
			<description>None</description>
			<possibleresult>
				<name>Van</name>
			</possibleresult>
			<points>
				<point>406.000000,452.000000</point>
				<point>401.000000,469.000000</point>
				<point>392.000000,466.000000</point>
				<point>397.000000,449.000000</point>
				<point>406.000000,452.000000</point>
			</points>
		</object>
		<object>
			<coordinate>pixel</coordinate>
			<type>rectangle</type>
			<description>None</description>
			<possibleresult>
				<name>Small Car</name>
			</possibleresult>
			<points>
				<point>419.000000,468.000000</point>
				<point>409.000000,468.000000</point>
				<point>409.000000,453.000000</point>
				<point>419.000000,453.000000</point>
				<point>419.000000,468.000000</point>
			</points>
		</object>
		<object>
			<coordinate>pixel</coordinate>
			<type>rectangle</type>
			<description>None</description>
			<possibleresult>
				<name>Van</name>
			</possibleresult>
			<points>
				<point>432.000000,448.000000</point>
				<point>431.000000,465.000000</point>
				<point>421.000000,465.000000</point>
				<point>422.000000,448.000000</point>
				<point>432.000000,448.000000</point>
			</points>
		</object>
		<object>
			<coordinate>pixel</coordinate>
			<type>rectangle</type>
			<description>None</description>
			<possibleresult>
				<name>Small Car</name>
			</possibleresult>
			<points>
				<point>460.000000,444.000000</point>
				<point>449.000000,444.000000</point>
				<point>449.000000,427.000000</point>
				<point>460.000000,427.000000</point>
				<point>460.000000,444.000000</point>
			</points>
		</object>
		<object>
			<coordinate>pixel</coordinate>
			<type>rectangle</type>
			<description>None</description>
			<possibleresult>
				<name>Small Car</name>
			</possibleresult>
			<points>
				<point>445.000000,450.000000</point>
				<point>442.000000,465.000000</point>
				<point>434.000000,464.000000</point>
				<point>436.000000,448.000000</point>
				<point>445.000000,450.000000</point>
			</points>
		</object>
		<object>
			<coordinate>pixel</coordinate>
			<type>rectangle</type>
			<description>None</description>
			<possibleresult>
				<name>Small Car</name>
			</possibleresult>
			<points>
				<point>458.000000,448.000000</point>
				<point>454.000000,465.000000</point>
				<point>444.000000,463.000000</point>
				<point>448.000000,446.000000</point>
				<point>458.000000,448.000000</point>
			</points>
		</object>
		<object>
			<coordinate>pixel</coordinate>
			<type>rectangle</type>
			<description>None</description>
			<possibleresult>
				<name>Van</name>
			</possibleresult>
			<points>
				<point>473.000000,451.000000</point>
				<point>470.000000,468.000000</point>
				<point>459.000000,466.000000</point>
				<point>463.000000,450.000000</point>
				<point>473.000000,451.000000</point>
			</points>
		</object>
		<object>
			<coordinate>pixel</coordinate>
			<type>rectangle</type>
			<description>None</description>
			<possibleresult>
				<name>Small Car</name>
			</possibleresult>
			<points>
				<point>484.000000,451.000000</point>
				<point>483.000000,467.000000</point>
				<point>473.000000,467.000000</point>
				<point>474.000000,451.000000</point>
				<point>484.000000,451.000000</point>
			</points>
		</object>
		<object>
			<coordinate>pixel</coordinate>
			<type>rectangle</type>
			<description>None</description>
			<possibleresult>
				<name>Van</name>
			</possibleresult>
			<points>
				<point>495.000000,452.000000</point>
				<point>494.000000,468.000000</point>
				<point>484.000000,467.000000</point>
				<point>486.000000,452.000000</point>
				<point>495.000000,452.000000</point>
			</points>
		</object>
		<object>
			<coordinate>pixel</coordinate>
			<type>rectangle</type>
			<description>None</description>
			<possibleresult>
				<name>Small Car</name>
			</possibleresult>
			<points>
				<point>509.000000,451.000000</point>
				<point>508.000000,468.000000</point>
				<point>496.000000,467.000000</point>
				<point>498.000000,451.000000</point>
				<point>509.000000,451.000000</point>
			</points>
		</object>
		<object>
			<coordinate>pixel</coordinate>
			<type>rectangle</type>
			<description>None</description>
			<possibleresult>
				<name>Small Car</name>
			</possibleresult>
			<points>
				<point>521.000000,473.000000</point>
				<point>511.000000,474.000000</point>
				<point>509.000000,457.000000</point>
				<point>519.000000,456.000000</point>
				<point>521.000000,473.000000</point>
			</points>
		</object>
		<object>
			<coordinate>pixel</coordinate>
			<type>rectangle</type>
			<description>None</description>
			<possibleresult>
				<name>Small Car</name>
			</possibleresult>
			<points>
				<point>531.000000,472.000000</point>
				<point>521.000000,472.000000</point>
				<point>521.000000,455.000000</point>
				<point>531.000000,455.000000</point>
				<point>531.000000,472.000000</point>
			</points>
		</object>
		<object>
			<coordinate>pixel</coordinate>
			<type>rectangle</type>
			<description>None</description>
			<possibleresult>
				<name>Small Car</name>
			</possibleresult>
			<points>
				<point>391.000000,511.000000</point>
				<point>380.000000,511.000000</point>
				<point>380.000000,494.000000</point>
				<point>391.000000,494.000000</point>
				<point>391.000000,511.000000</point>
			</points>
		</object>
		<object>
			<coordinate>pixel</coordinate>
			<type>rectangle</type>
			<description>None</description>
			<possibleresult>
				<name>Small Car</name>
			</possibleresult>
			<points>
				<point>403.000000,512.000000</point>
				<point>393.000000,513.000000</point>
				<point>391.000000,495.000000</point>
				<point>402.000000,495.000000</point>
				<point>403.000000,512.000000</point>
			</points>
		</object>
		<object>
			<coordinate>pixel</coordinate>
			<type>rectangle</type>
			<description>None</description>
			<possibleresult>
				<name>Small Car</name>
			</possibleresult>
			<points>
				<point>416.000000,512.000000</point>
				<point>407.000000,512.000000</point>
				<point>406.000000,493.000000</point>
				<point>415.000000,493.000000</point>
				<point>416.000000,512.000000</point>
			</points>
		</object>
		<object>
			<coordinate>pixel</coordinate>
			<type>rectangle</type>
			<description>None</description>
			<possibleresult>
				<name>Small Car</name>
			</possibleresult>
			<points>
				<point>428.000000,513.000000</point>
				<point>417.000000,513.000000</point>
				<point>417.000000,497.000000</point>
				<point>428.000000,497.000000</point>
				<point>428.000000,513.000000</point>
			</points>
		</object>
		<object>
			<coordinate>pixel</coordinate>
			<type>rectangle</type>
			<description>None</description>
			<possibleresult>
				<name>Small Car</name>
			</possibleresult>
			<points>
				<point>443.000000,514.000000</point>
				<point>433.000000,514.000000</point>
				<point>433.000000,498.000000</point>
				<point>443.000000,498.000000</point>
				<point>443.000000,514.000000</point>
			</points>
		</object>
		<object>
			<coordinate>pixel</coordinate>
			<type>rectangle</type>
			<description>None</description>
			<possibleresult>
				<name>Small Car</name>
			</possibleresult>
			<points>
				<point>456.000000,516.000000</point>
				<point>446.000000,517.000000</point>
				<point>445.000000,500.000000</point>
				<point>455.000000,499.000000</point>
				<point>456.000000,516.000000</point>
			</points>
		</object>
		<object>
			<coordinate>pixel</coordinate>
			<type>rectangle</type>
			<description>None</description>
			<possibleresult>
				<name>Small Car</name>
			</possibleresult>
			<points>
				<point>469.000000,516.000000</point>
				<point>459.000000,516.000000</point>
				<point>458.000000,501.000000</point>
				<point>467.000000,500.000000</point>
				<point>469.000000,516.000000</point>
			</points>
		</object>
		<object>
			<coordinate>pixel</coordinate>
			<type>rectangle</type>
			<description>None</description>
			<possibleresult>
				<name>Small Car</name>
			</possibleresult>
			<points>
				<point>480.000000,515.000000</point>
				<point>471.000000,515.000000</point>
				<point>471.000000,498.000000</point>
				<point>480.000000,498.000000</point>
				<point>480.000000,515.000000</point>
			</points>
		</object>
		<object>
			<coordinate>pixel</coordinate>
			<type>rectangle</type>
			<description>None</description>
			<possibleresult>
				<name>Van</name>
			</possibleresult>
			<points>
				<point>493.000000,515.000000</point>
				<point>483.000000,515.000000</point>
				<point>483.000000,496.000000</point>
				<point>493.000000,496.000000</point>
				<point>493.000000,515.000000</point>
			</points>
		</object>
		<object>
			<coordinate>pixel</coordinate>
			<type>rectangle</type>
			<description>None</description>
			<possibleresult>
				<name>Small Car</name>
			</possibleresult>
			<points>
				<point>506.000000,517.000000</point>
				<point>496.000000,517.000000</point>
				<point>496.000000,499.000000</point>
				<point>506.000000,499.000000</point>
				<point>506.000000,517.000000</point>
			</points>
		</object>
		<object>
			<coordinate>pixel</coordinate>
			<type>rectangle</type>
			<description>None</description>
			<possibleresult>
				<name>Small Car</name>
			</possibleresult>
			<points>
				<point>521.000000,500.000000</point>
				<point>520.000000,517.000000</point>
				<point>510.000000,517.000000</point>
				<point>511.000000,500.000000</point>
				<point>521.000000,500.000000</point>
			</points>
		</object>
		<object>
			<coordinate>pixel</coordinate>
			<type>rectangle</type>
			<description>None</description>
			<possibleresult>
				<name>Small Car</name>
			</possibleresult>
			<points>
				<point>533.000000,514.000000</point>
				<point>523.000000,514.000000</point>
				<point>523.000000,496.000000</point>
				<point>533.000000,496.000000</point>
				<point>533.000000,514.000000</point>
			</points>
		</object>
		<object>
			<coordinate>pixel</coordinate>
			<type>rectangle</type>
			<description>None</description>
			<possibleresult>
				<name>Small Car</name>
			</possibleresult>
			<points>
				<point>604.000000,528.000000</point>
				<point>593.000000,528.000000</point>
				<point>593.000000,510.000000</point>
				<point>604.000000,510.000000</point>
				<point>604.000000,528.000000</point>
			</points>
		</object>
		<object>
			<coordinate>pixel</coordinate>
			<type>rectangle</type>
			<description>None</description>
			<possibleresult>
				<name>Small Car</name>
			</possibleresult>
			<points>
				<point>617.000000,616.000000</point>
				<point>607.000000,617.000000</point>
				<point>606.000000,600.000000</point>
				<point>616.000000,599.000000</point>
				<point>617.000000,616.000000</point>
			</points>
		</object>
		<object>
			<coordinate>pixel</coordinate>
			<type>rectangle</type>
			<description>None</description>
			<possibleresult>
				<name>Van</name>
			</possibleresult>
			<points>
				<point>917.000000,337.000000</point>
				<point>891.000000,339.000000</point>
				<point>891.000000,330.000000</point>
				<point>916.000000,327.000000</point>
				<point>917.000000,337.000000</point>
			</points>
		</object>
		<object>
			<coordinate>pixel</coordinate>
			<type>rectangle</type>
			<description>None</description>
			<possibleresult>
				<name>Small Car</name>
			</possibleresult>
			<points>
				<point>949.000000,310.000000</point>
				<point>922.000000,310.000000</point>
				<point>922.000000,301.000000</point>
				<point>949.000000,301.000000</point>
				<point>949.000000,310.000000</point>
			</points>
		</object>
		<object>
			<coordinate>pixel</coordinate>
			<type>rectangle</type>
			<description>None</description>
			<possibleresult>
				<name>Small Car</name>
			</possibleresult>
			<points>
				<point>661.000000,311.000000</point>
				<point>637.000000,311.000000</point>
				<point>637.000000,303.000000</point>
				<point>661.000000,303.000000</point>
				<point>661.000000,311.000000</point>
			</points>
		</object>
		<object>
			<coordinate>pixel</coordinate>
			<type>rectangle</type>
			<description>None</description>
			<possibleresult>
				<name>Van</name>
			</possibleresult>
			<points>
				<point>727.000000,310.000000</point>
				<point>704.000000,310.000000</point>
				<point>704.000000,303.000000</point>
				<point>727.000000,303.000000</point>
				<point>727.000000,310.000000</point>
			</points>
		</object>
		<object>
			<coordinate>pixel</coordinate>
			<type>rectangle</type>
			<description>None</description>
			<possibleresult>
				<name>Van</name>
			</possibleresult>
			<points>
				<point>718.000000,293.000000</point>
				<point>697.000000,293.000000</point>
				<point>697.000000,284.000000</point>
				<point>718.000000,284.000000</point>
				<point>718.000000,293.000000</point>
			</points>
		</object>
		<object>
			<coordinate>pixel</coordinate>
			<type>rectangle</type>
			<description>None</description>
			<possibleresult>
				<name>Van</name>
			</possibleresult>
			<points>
				<point>723.000000,300.000000</point>
				<point>699.000000,300.000000</point>
				<point>699.000000,295.000000</point>
				<point>723.000000,295.000000</point>
				<point>723.000000,300.000000</point>
			</points>
		</object>
		<object>
			<coordinate>pixel</coordinate>
			<type>rectangle</type>
			<description>None</description>
			<possibleresult>
				<name>Small Car</name>
			</possibleresult>
			<points>
				<point>704.000000,147.000000</point>
				<point>680.000000,147.000000</point>
				<point>680.000000,141.000000</point>
				<point>704.000000,141.000000</point>
				<point>704.000000,147.000000</point>
			</points>
		</object>
		<object>
			<coordinate>pixel</coordinate>
			<type>rectangle</type>
			<description>None</description>
			<possibleresult>
				<name>Small Car</name>
			</possibleresult>
			<points>
				<point>938.000000,90.000000</point>
				<point>918.000000,90.000000</point>
				<point>918.000000,83.000000</point>
				<point>938.000000,83.000000</point>
				<point>938.000000,90.000000</point>
			</points>
		</object>
		<object>
			<coordinate>pixel</coordinate>
			<type>rectangle</type>
			<description>None</description>
			<possibleresult>
				<name>Van</name>
			</possibleresult>
			<points>
				<point>666.000000,63.000000</point>
				<point>639.000000,63.000000</point>
				<point>639.000000,56.000000</point>
				<point>666.000000,56.000000</point>
				<point>666.000000,63.000000</point>
			</points>
		</object>
		<object>
			<coordinate>pixel</coordinate>
			<type>rectangle</type>
			<description>None</description>
			<possibleresult>
				<name>Small Car</name>
			</possibleresult>
			<points>
				<point>570.000000,225.000000</point>
				<point>569.000000,244.000000</point>
				<point>558.000000,243.000000</point>
				<point>560.000000,225.000000</point>
				<point>570.000000,225.000000</point>
			</points>
		</object>
		<object>
			<coordinate>pixel</coordinate>
			<type>rectangle</type>
			<description>None</description>
			<possibleresult>
				<name>Van</name>
			</possibleresult>
			<points>
				<point>467.000000,36.000000</point>
				<point>442.000000,36.000000</point>
				<point>442.000000,29.000000</point>
				<point>467.000000,29.000000</point>
				<point>467.000000,36.000000</point>
			</points>
		</object>
		<object>
			<coordinate>pixel</coordinate>
			<type>rectangle</type>
			<description>None</description>
			<possibleresult>
				<name>Van</name>
			</possibleresult>
			<points>
				<point>497.000000,36.000000</point>
				<point>471.000000,36.000000</point>
				<point>471.000000,29.000000</point>
				<point>497.000000,29.000000</point>
				<point>497.000000,36.000000</point>
			</points>
		</object>
		<object>
			<coordinate>pixel</coordinate>
			<type>rectangle</type>
			<description>None</description>
			<possibleresult>
				<name>Small Car</name>
			</possibleresult>
			<points>
				<point>530.000000,61.000000</point>
				<point>509.000000,69.000000</point>
				<point>505.000000,62.000000</point>
				<point>527.000000,54.000000</point>
				<point>530.000000,61.000000</point>
			</points>
		</object>
		<object>
			<coordinate>pixel</coordinate>
			<type>rectangle</type>
			<description>None</description>
			<possibleresult>
				<name>Van</name>
			</possibleresult>
			<points>
				<point>439.000000,102.000000</point>
				<point>422.000000,102.000000</point>
				<point>422.000000,94.000000</point>
				<point>439.000000,94.000000</point>
				<point>439.000000,102.000000</point>
			</points>
		</object>
		<object>
			<coordinate>pixel</coordinate>
			<type>rectangle</type>
			<description>None</description>
			<possibleresult>
				<name>Van</name>
			</possibleresult>
			<points>
				<point>352.000000,98.000000</point>
				<point>331.000000,98.000000</point>
				<point>331.000000,91.000000</point>
				<point>352.000000,91.000000</point>
				<point>352.000000,98.000000</point>
			</points>
		</object>
		<object>
			<coordinate>pixel</coordinate>
			<type>rectangle</type>
			<description>None</description>
			<possibleresult>
				<name>Van</name>
			</possibleresult>
			<points>
				<point>393.000000,239.000000</point>
				<point>383.000000,239.000000</point>
				<point>383.000000,224.000000</point>
				<point>393.000000,224.000000</point>
				<point>393.000000,239.000000</point>
			</points>
		</object>
		<object>
			<coordinate>pixel</coordinate>
			<type>rectangle</type>
			<description>None</description>
			<possibleresult>
				<name>Van</name>
			</possibleresult>
			<points>
				<point>348.000000,239.000000</point>
				<point>336.000000,239.000000</point>
				<point>336.000000,222.000000</point>
				<point>348.000000,222.000000</point>
				<point>348.000000,239.000000</point>
			</points>
		</object>
		<object>
			<coordinate>pixel</coordinate>
			<type>rectangle</type>
			<description>None</description>
			<possibleresult>
				<name>Van</name>
			</possibleresult>
			<points>
				<point>301.000000,166.000000</point>
				<point>298.000000,183.000000</point>
				<point>287.000000,181.000000</point>
				<point>290.000000,164.000000</point>
				<point>301.000000,166.000000</point>
			</points>
		</object>
		<object>
			<coordinate>pixel</coordinate>
			<type>rectangle</type>
			<description>None</description>
			<possibleresult>
				<name>Van</name>
			</possibleresult>
			<points>
				<point>40.000000,291.000000</point>
				<point>18.000000,291.000000</point>
				<point>18.000000,284.000000</point>
				<point>40.000000,284.000000</point>
				<point>40.000000,291.000000</point>
			</points>
		</object>
		<object>
			<coordinate>pixel</coordinate>
			<type>rectangle</type>
			<description>None</description>
			<possibleresult>
				<name>Small Car</name>
			</possibleresult>
			<points>
				<point>42.000000,189.000000</point>
				<point>41.000000,196.000000</point>
				<point>28.000000,194.000000</point>
				<point>28.000000,188.000000</point>
				<point>42.000000,189.000000</point>
			</points>
		</object>
		<object>
			<coordinate>pixel</coordinate>
			<type>rectangle</type>
			<description>None</description>
			<possibleresult>
				<name>Small Car</name>
			</possibleresult>
			<points>
				<point>10.000000,224.000000</point>
				<point>9.000000,242.000000</point>
				<point>0.000000,241.000000</point>
				<point>0.000000,224.000000</point>
				<point>10.000000,224.000000</point>
			</points>
		</object>
		<object>
			<coordinate>pixel</coordinate>
			<type>rectangle</type>
			<description>None</description>
			<possibleresult>
				<name>Intersection</name>
			</possibleresult>
			<points>
				<point>635.000000,321.000000</point>
				<point>543.000000,325.000000</point>
				<point>541.000000,274.000000</point>
				<point>633.000000,270.000000</point>
				<point>635.000000,321.000000</point>
			</points>
		</object>
		<object>
			<coordinate>pixel</coordinate>
			<type>rectangle</type>
			<description>None</description>
			<possibleresult>
				<name>Intersection</name>
			</possibleresult>
			<points>
				<point>638.000000,943.000000</point>
				<point>546.000000,947.000000</point>
				<point>544.000000,896.000000</point>
				<point>636.000000,892.000000</point>
				<point>638.000000,943.000000</point>
			</points>
		</object>
	</objects>
</annotation>