<?xml version="1.0" encoding="utf-8"?>
<annotation>
	<source>
		<filename>160.tif</filename>
		<origin>GF2/GF3</origin>
	</source>
	<research>
		<version>1.0</version>
		<provider>FAIR1M</provider>
		<author>Cyber</author>
		<pluginname>FAIR1M</pluginname>
		<pluginclass>object detection</pluginclass>
		<time>2021-07-21</time>
	</research>
	<size>
		<width>1500</width>
		<height>1500</height>
		<depth>3</depth>
	</size>
	<objects>
		<object>
			<coordinate>pixel</coordinate>
			<type>rectangle</type>
			<description>None</description>
			<possibleresult>
				<name>Fishing Boat</name>
			</possibleresult>
			<points>
				<point>1011.000000,197.000000</point>
				<point>913.000000,177.000000</point>
				<point>909.000000,195.000000</point>
				<point>1007.000000,215.000000</point>
				<point>1011.000000,197.000000</point>
			</points>
		</object>
		<object>
			<coordinate>pixel</coordinate>
			<type>rectangle</type>
			<description>None</description>
			<possibleresult>
				<name>Tugboat</name>
			</possibleresult>
			<points>
				<point>77.000000,1340.000000</point>
				<point>65.000000,1305.000000</point>
				<point>51.000000,1310.000000</point>
				<point>63.000000,1345.000000</point>
				<point>77.000000,1340.000000</point>
			</points>
		</object>
		<object>
			<coordinate>pixel</coordinate>
			<type>rectangle</type>
			<description>None</description>
			<possibleresult>
				<name>Fishing Boat</name>
			</possibleresult>
			<points>
				<point>621.000000,440.000000</point>
				<point>523.000000,424.000000</point>
				<point>520.000000,442.000000</point>
				<point>617.000000,459.000000</point>
				<point>621.000000,440.000000</point>
			</points>
		</object>
		<object>
			<coordinate>pixel</coordinate>
			<type>rectangle</type>
			<description>None</description>
			<possibleresult>
				<name>Bridge</name>
			</possibleresult>
			<points>
				<point>1253.000000,1393.000000</point>
				<point>1260.000000,1378.000000</point>
				<point>1326.000000,1410.000000</point>
				<point>1319.000000,1425.000000</point>
				<point>1253.000000,1393.000000</point>
			</points>
		</object>
	</objects>
</annotation>