<?xml version="1.0" encoding="utf-8"?>
<annotation>
	<source>
		<filename>1609.tif</filename>
		<origin>GF2/GF3</origin>
	</source>
	<research>
		<version>1.0</version>
		<provider>FAIR1M</provider>
		<author>Cyber</author>
		<pluginname>FAIR1M</pluginname>
		<pluginclass>object detection</pluginclass>
		<time>2021-07-21</time>
	</research>
	<size>
		<width>1000</width>
		<height>1000</height>
		<depth>3</depth>
	</size>
	<objects>
		<object>
			<coordinate>pixel</coordinate>
			<type>rectangle</type>
			<description>None</description>
			<possibleresult>
				<name>Intersection</name>
			</possibleresult>
			<points>
				<point>43.000000,966.000000</point>
				<point>32.000000,985.000000</point>
				<point>14.000000,975.000000</point>
				<point>25.000000,956.000000</point>
				<point>43.000000,966.000000</point>
			</points>
		</object>
		<object>
			<coordinate>pixel</coordinate>
			<type>rectangle</type>
			<description>None</description>
			<possibleresult>
				<name>Intersection</name>
			</possibleresult>
			<points>
				<point>108.000000,508.000000</point>
				<point>103.000000,524.000000</point>
				<point>74.000000,516.000000</point>
				<point>78.000000,499.000000</point>
				<point>108.000000,508.000000</point>
			</points>
		</object>
		<object>
			<coordinate>pixel</coordinate>
			<type>rectangle</type>
			<description>None</description>
			<possibleresult>
				<name>Intersection</name>
			</possibleresult>
			<points>
				<point>983.000000,161.000000</point>
				<point>972.000000,175.000000</point>
				<point>933.000000,146.000000</point>
				<point>944.000000,132.000000</point>
				<point>983.000000,161.000000</point>
			</points>
		</object>
		<object>
			<coordinate>pixel</coordinate>
			<type>rectangle</type>
			<description>None</description>
			<possibleresult>
				<name>Intersection</name>
			</possibleresult>
			<points>
				<point>697.000000,589.000000</point>
				<point>696.000000,612.000000</point>
				<point>624.000000,607.000000</point>
				<point>626.000000,585.000000</point>
				<point>697.000000,589.000000</point>
			</points>
		</object>
		<object>
			<coordinate>pixel</coordinate>
			<type>rectangle</type>
			<description>None</description>
			<possibleresult>
				<name>Van</name>
			</possibleresult>
			<points>
				<point>348.000000,745.000000</point>
				<point>346.000000,750.000000</point>
				<point>325.000000,743.000000</point>
				<point>327.000000,738.000000</point>
				<point>348.000000,745.000000</point>
			</points>
		</object>
		<object>
			<coordinate>pixel</coordinate>
			<type>rectangle</type>
			<description>None</description>
			<possibleresult>
				<name>Small Car</name>
			</possibleresult>
			<points>
				<point>351.000000,737.000000</point>
				<point>349.000000,743.000000</point>
				<point>333.000000,737.000000</point>
				<point>335.000000,731.000000</point>
				<point>351.000000,737.000000</point>
			</points>
		</object>
		<object>
			<coordinate>pixel</coordinate>
			<type>rectangle</type>
			<description>None</description>
			<possibleresult>
				<name>Small Car</name>
			</possibleresult>
			<points>
				<point>359.000000,723.000000</point>
				<point>357.000000,729.000000</point>
				<point>340.000000,722.000000</point>
				<point>343.000000,717.000000</point>
				<point>359.000000,723.000000</point>
			</points>
		</object>
		<object>
			<coordinate>pixel</coordinate>
			<type>rectangle</type>
			<description>None</description>
			<possibleresult>
				<name>Van</name>
			</possibleresult>
			<points>
				<point>362.000000,714.000000</point>
				<point>360.000000,720.000000</point>
				<point>342.000000,713.000000</point>
				<point>345.000000,708.000000</point>
				<point>362.000000,714.000000</point>
			</points>
		</object>
		<object>
			<coordinate>pixel</coordinate>
			<type>rectangle</type>
			<description>None</description>
			<possibleresult>
				<name>Van</name>
			</possibleresult>
			<points>
				<point>365.000000,707.000000</point>
				<point>364.000000,712.000000</point>
				<point>348.000000,706.000000</point>
				<point>349.000000,701.000000</point>
				<point>365.000000,707.000000</point>
			</points>
		</object>
		<object>
			<coordinate>pixel</coordinate>
			<type>rectangle</type>
			<description>None</description>
			<possibleresult>
				<name>Small Car</name>
			</possibleresult>
			<points>
				<point>371.000000,699.000000</point>
				<point>368.000000,706.000000</point>
				<point>349.000000,699.000000</point>
				<point>352.000000,692.000000</point>
				<point>371.000000,699.000000</point>
			</points>
		</object>
		<object>
			<coordinate>pixel</coordinate>
			<type>rectangle</type>
			<description>None</description>
			<possibleresult>
				<name>Small Car</name>
			</possibleresult>
			<points>
				<point>375.000000,692.000000</point>
				<point>372.000000,699.000000</point>
				<point>356.000000,693.000000</point>
				<point>358.000000,686.000000</point>
				<point>375.000000,692.000000</point>
			</points>
		</object>
		<object>
			<coordinate>pixel</coordinate>
			<type>rectangle</type>
			<description>None</description>
			<possibleresult>
				<name>Van</name>
			</possibleresult>
			<points>
				<point>382.000000,679.000000</point>
				<point>380.000000,685.000000</point>
				<point>361.000000,677.000000</point>
				<point>362.000000,672.000000</point>
				<point>382.000000,679.000000</point>
			</points>
		</object>
		<object>
			<coordinate>pixel</coordinate>
			<type>rectangle</type>
			<description>None</description>
			<possibleresult>
				<name>Small Car</name>
			</possibleresult>
			<points>
				<point>387.000000,671.000000</point>
				<point>385.000000,677.000000</point>
				<point>366.000000,669.000000</point>
				<point>369.000000,664.000000</point>
				<point>387.000000,671.000000</point>
			</points>
		</object>
		<object>
			<coordinate>pixel</coordinate>
			<type>rectangle</type>
			<description>None</description>
			<possibleresult>
				<name>Small Car</name>
			</possibleresult>
			<points>
				<point>876.000000,761.000000</point>
				<point>857.000000,765.000000</point>
				<point>855.000000,758.000000</point>
				<point>875.000000,755.000000</point>
				<point>876.000000,761.000000</point>
			</points>
		</object>
		<object>
			<coordinate>pixel</coordinate>
			<type>rectangle</type>
			<description>None</description>
			<possibleresult>
				<name>Small Car</name>
			</possibleresult>
			<points>
				<point>871.000000,747.000000</point>
				<point>851.000000,750.000000</point>
				<point>850.000000,741.000000</point>
				<point>870.000000,738.000000</point>
				<point>871.000000,747.000000</point>
			</points>
		</object>
		<object>
			<coordinate>pixel</coordinate>
			<type>rectangle</type>
			<description>None</description>
			<possibleresult>
				<name>Small Car</name>
			</possibleresult>
			<points>
				<point>866.000000,730.000000</point>
				<point>846.000000,733.000000</point>
				<point>844.000000,726.000000</point>
				<point>865.000000,722.000000</point>
				<point>866.000000,730.000000</point>
			</points>
		</object>
		<object>
			<coordinate>pixel</coordinate>
			<type>rectangle</type>
			<description>None</description>
			<possibleresult>
				<name>Small Car</name>
			</possibleresult>
			<points>
				<point>861.000000,713.000000</point>
				<point>841.000000,718.000000</point>
				<point>839.000000,711.000000</point>
				<point>860.000000,707.000000</point>
				<point>861.000000,713.000000</point>
			</points>
		</object>
		<object>
			<coordinate>pixel</coordinate>
			<type>rectangle</type>
			<description>None</description>
			<possibleresult>
				<name>Small Car</name>
			</possibleresult>
			<points>
				<point>857.000000,706.000000</point>
				<point>836.000000,709.000000</point>
				<point>836.000000,703.000000</point>
				<point>856.000000,699.000000</point>
				<point>857.000000,706.000000</point>
			</points>
		</object>
		<object>
			<coordinate>pixel</coordinate>
			<type>rectangle</type>
			<description>None</description>
			<possibleresult>
				<name>Small Car</name>
			</possibleresult>
			<points>
				<point>856.000000,698.000000</point>
				<point>838.000000,701.000000</point>
				<point>837.000000,695.000000</point>
				<point>855.000000,692.000000</point>
				<point>856.000000,698.000000</point>
			</points>
		</object>
		<object>
			<coordinate>pixel</coordinate>
			<type>rectangle</type>
			<description>None</description>
			<possibleresult>
				<name>Small Car</name>
			</possibleresult>
			<points>
				<point>681.000000,679.000000</point>
				<point>672.000000,694.000000</point>
				<point>666.000000,690.000000</point>
				<point>675.000000,676.000000</point>
				<point>681.000000,679.000000</point>
			</points>
		</object>
		<object>
			<coordinate>pixel</coordinate>
			<type>rectangle</type>
			<description>None</description>
			<possibleresult>
				<name>Small Car</name>
			</possibleresult>
			<points>
				<point>689.000000,685.000000</point>
				<point>681.000000,698.000000</point>
				<point>676.000000,695.000000</point>
				<point>683.000000,681.000000</point>
				<point>689.000000,685.000000</point>
			</points>
		</object>
		<object>
			<coordinate>pixel</coordinate>
			<type>rectangle</type>
			<description>None</description>
			<possibleresult>
				<name>Small Car</name>
			</possibleresult>
			<points>
				<point>391.000000,524.000000</point>
				<point>386.000000,539.000000</point>
				<point>380.000000,537.000000</point>
				<point>385.000000,522.000000</point>
				<point>391.000000,524.000000</point>
			</points>
		</object>
		<object>
			<coordinate>pixel</coordinate>
			<type>rectangle</type>
			<description>None</description>
			<possibleresult>
				<name>Van</name>
			</possibleresult>
			<points>
				<point>372.000000,522.000000</point>
				<point>365.000000,540.000000</point>
				<point>356.000000,537.000000</point>
				<point>362.000000,518.000000</point>
				<point>372.000000,522.000000</point>
			</points>
		</object>
		<object>
			<coordinate>pixel</coordinate>
			<type>rectangle</type>
			<description>None</description>
			<possibleresult>
				<name>Small Car</name>
			</possibleresult>
			<points>
				<point>359.000000,518.000000</point>
				<point>355.000000,533.000000</point>
				<point>348.000000,531.000000</point>
				<point>352.000000,516.000000</point>
				<point>359.000000,518.000000</point>
			</points>
		</object>
		<object>
			<coordinate>pixel</coordinate>
			<type>rectangle</type>
			<description>None</description>
			<possibleresult>
				<name>Van</name>
			</possibleresult>
			<points>
				<point>348.000000,516.000000</point>
				<point>343.000000,529.000000</point>
				<point>336.000000,527.000000</point>
				<point>341.000000,513.000000</point>
				<point>348.000000,516.000000</point>
			</points>
		</object>
		<object>
			<coordinate>pixel</coordinate>
			<type>rectangle</type>
			<description>None</description>
			<possibleresult>
				<name>Small Car</name>
			</possibleresult>
			<points>
				<point>265.000000,648.000000</point>
				<point>260.000000,667.000000</point>
				<point>250.000000,664.000000</point>
				<point>256.000000,646.000000</point>
				<point>265.000000,648.000000</point>
			</points>
		</object>
		<object>
			<coordinate>pixel</coordinate>
			<type>rectangle</type>
			<description>None</description>
			<possibleresult>
				<name>Small Car</name>
			</possibleresult>
			<points>
				<point>252.000000,649.000000</point>
				<point>249.000000,660.000000</point>
				<point>243.000000,658.000000</point>
				<point>247.000000,647.000000</point>
				<point>252.000000,649.000000</point>
			</points>
		</object>
		<object>
			<coordinate>pixel</coordinate>
			<type>rectangle</type>
			<description>None</description>
			<possibleresult>
				<name>Van</name>
			</possibleresult>
			<points>
				<point>246.000000,643.000000</point>
				<point>240.000000,661.000000</point>
				<point>230.000000,658.000000</point>
				<point>235.000000,641.000000</point>
				<point>246.000000,643.000000</point>
			</points>
		</object>
		<object>
			<coordinate>pixel</coordinate>
			<type>rectangle</type>
			<description>None</description>
			<possibleresult>
				<name>Small Car</name>
			</possibleresult>
			<points>
				<point>449.000000,831.000000</point>
				<point>442.000000,845.000000</point>
				<point>434.000000,841.000000</point>
				<point>441.000000,827.000000</point>
				<point>449.000000,831.000000</point>
			</points>
		</object>
		<object>
			<coordinate>pixel</coordinate>
			<type>rectangle</type>
			<description>None</description>
			<possibleresult>
				<name>Small Car</name>
			</possibleresult>
			<points>
				<point>476.000000,838.000000</point>
				<point>469.000000,850.000000</point>
				<point>463.000000,847.000000</point>
				<point>470.000000,835.000000</point>
				<point>476.000000,838.000000</point>
			</points>
		</object>
		<object>
			<coordinate>pixel</coordinate>
			<type>rectangle</type>
			<description>None</description>
			<possibleresult>
				<name>Van</name>
			</possibleresult>
			<points>
				<point>484.000000,840.000000</point>
				<point>477.000000,854.000000</point>
				<point>471.000000,851.000000</point>
				<point>479.000000,838.000000</point>
				<point>484.000000,840.000000</point>
			</points>
		</object>
		<object>
			<coordinate>pixel</coordinate>
			<type>rectangle</type>
			<description>None</description>
			<possibleresult>
				<name>Small Car</name>
			</possibleresult>
			<points>
				<point>503.000000,847.000000</point>
				<point>496.000000,861.000000</point>
				<point>490.000000,858.000000</point>
				<point>497.000000,844.000000</point>
				<point>503.000000,847.000000</point>
			</points>
		</object>
		<object>
			<coordinate>pixel</coordinate>
			<type>rectangle</type>
			<description>None</description>
			<possibleresult>
				<name>Small Car</name>
			</possibleresult>
			<points>
				<point>492.000000,846.000000</point>
				<point>488.000000,857.000000</point>
				<point>480.000000,853.000000</point>
				<point>485.000000,842.000000</point>
				<point>492.000000,846.000000</point>
			</points>
		</object>
		<object>
			<coordinate>pixel</coordinate>
			<type>rectangle</type>
			<description>None</description>
			<possibleresult>
				<name>Small Car</name>
			</possibleresult>
			<points>
				<point>698.000000,689.000000</point>
				<point>692.000000,701.000000</point>
				<point>686.000000,698.000000</point>
				<point>692.000000,686.000000</point>
				<point>698.000000,689.000000</point>
			</points>
		</object>
		<object>
			<coordinate>pixel</coordinate>
			<type>rectangle</type>
			<description>None</description>
			<possibleresult>
				<name>Van</name>
			</possibleresult>
			<points>
				<point>709.000000,690.000000</point>
				<point>703.000000,702.000000</point>
				<point>697.000000,699.000000</point>
				<point>703.000000,687.000000</point>
				<point>709.000000,690.000000</point>
			</points>
		</object>
		<object>
			<coordinate>pixel</coordinate>
			<type>rectangle</type>
			<description>None</description>
			<possibleresult>
				<name>Small Car</name>
			</possibleresult>
			<points>
				<point>691.000000,727.000000</point>
				<point>682.000000,744.000000</point>
				<point>674.000000,740.000000</point>
				<point>684.000000,724.000000</point>
				<point>691.000000,727.000000</point>
			</points>
		</object>
		<object>
			<coordinate>pixel</coordinate>
			<type>rectangle</type>
			<description>None</description>
			<possibleresult>
				<name>Van</name>
			</possibleresult>
			<points>
				<point>777.000000,711.000000</point>
				<point>769.000000,724.000000</point>
				<point>763.000000,721.000000</point>
				<point>770.000000,707.000000</point>
				<point>777.000000,711.000000</point>
			</points>
		</object>
		<object>
			<coordinate>pixel</coordinate>
			<type>rectangle</type>
			<description>None</description>
			<possibleresult>
				<name>Small Car</name>
			</possibleresult>
			<points>
				<point>794.000000,718.000000</point>
				<point>787.000000,732.000000</point>
				<point>779.000000,728.000000</point>
				<point>786.000000,714.000000</point>
				<point>794.000000,718.000000</point>
			</points>
		</object>
		<object>
			<coordinate>pixel</coordinate>
			<type>rectangle</type>
			<description>None</description>
			<possibleresult>
				<name>Small Car</name>
			</possibleresult>
			<points>
				<point>804.000000,720.000000</point>
				<point>797.000000,733.000000</point>
				<point>791.000000,730.000000</point>
				<point>798.000000,717.000000</point>
				<point>804.000000,720.000000</point>
			</points>
		</object>
		<object>
			<coordinate>pixel</coordinate>
			<type>rectangle</type>
			<description>None</description>
			<possibleresult>
				<name>Small Car</name>
			</possibleresult>
			<points>
				<point>939.000000,256.000000</point>
				<point>932.000000,260.000000</point>
				<point>924.000000,245.000000</point>
				<point>932.000000,242.000000</point>
				<point>939.000000,256.000000</point>
			</points>
		</object>
		<object>
			<coordinate>pixel</coordinate>
			<type>rectangle</type>
			<description>None</description>
			<possibleresult>
				<name>Small Car</name>
			</possibleresult>
			<points>
				<point>948.000000,254.000000</point>
				<point>941.000000,258.000000</point>
				<point>933.000000,241.000000</point>
				<point>941.000000,238.000000</point>
				<point>948.000000,254.000000</point>
			</points>
		</object>
		<object>
			<coordinate>pixel</coordinate>
			<type>rectangle</type>
			<description>None</description>
			<possibleresult>
				<name>Small Car</name>
			</possibleresult>
			<points>
				<point>959.000000,253.000000</point>
				<point>953.000000,257.000000</point>
				<point>944.000000,239.000000</point>
				<point>950.000000,235.000000</point>
				<point>959.000000,253.000000</point>
			</points>
		</object>
		<object>
			<coordinate>pixel</coordinate>
			<type>rectangle</type>
			<description>None</description>
			<possibleresult>
				<name>Small Car</name>
			</possibleresult>
			<points>
				<point>969.000000,247.000000</point>
				<point>961.000000,251.000000</point>
				<point>953.000000,235.000000</point>
				<point>961.000000,231.000000</point>
				<point>969.000000,247.000000</point>
			</points>
		</object>
		<object>
			<coordinate>pixel</coordinate>
			<type>rectangle</type>
			<description>None</description>
			<possibleresult>
				<name>Small Car</name>
			</possibleresult>
			<points>
				<point>1000.000000,317.000000</point>
				<point>1001.000000,323.000000</point>
				<point>983.000000,326.000000</point>
				<point>982.000000,321.000000</point>
				<point>1000.000000,317.000000</point>
			</points>
		</object>
		<object>
			<coordinate>pixel</coordinate>
			<type>rectangle</type>
			<description>None</description>
			<possibleresult>
				<name>Van</name>
			</possibleresult>
			<points>
				<point>998.000000,313.000000</point>
				<point>984.000000,319.000000</point>
				<point>981.000000,313.000000</point>
				<point>996.000000,308.000000</point>
				<point>998.000000,313.000000</point>
			</points>
		</object>
		<object>
			<coordinate>pixel</coordinate>
			<type>rectangle</type>
			<description>None</description>
			<possibleresult>
				<name>Small Car</name>
			</possibleresult>
			<points>
				<point>994.000000,307.000000</point>
				<point>975.000000,313.000000</point>
				<point>973.000000,304.000000</point>
				<point>992.000000,298.000000</point>
				<point>994.000000,307.000000</point>
			</points>
		</object>
		<object>
			<coordinate>pixel</coordinate>
			<type>rectangle</type>
			<description>None</description>
			<possibleresult>
				<name>Small Car</name>
			</possibleresult>
			<points>
				<point>981.000000,283.000000</point>
				<point>974.000000,286.000000</point>
				<point>967.000000,272.000000</point>
				<point>973.000000,268.000000</point>
				<point>981.000000,283.000000</point>
			</points>
		</object>
		<object>
			<coordinate>pixel</coordinate>
			<type>rectangle</type>
			<description>None</description>
			<possibleresult>
				<name>Small Car</name>
			</possibleresult>
			<points>
				<point>972.000000,288.000000</point>
				<point>965.000000,291.000000</point>
				<point>957.000000,274.000000</point>
				<point>963.000000,270.000000</point>
				<point>972.000000,288.000000</point>
			</points>
		</object>
		<object>
			<coordinate>pixel</coordinate>
			<type>rectangle</type>
			<description>None</description>
			<possibleresult>
				<name>Cargo Truck</name>
			</possibleresult>
			<points>
				<point>813.000000,368.000000</point>
				<point>804.000000,388.000000</point>
				<point>795.000000,385.000000</point>
				<point>804.000000,365.000000</point>
				<point>813.000000,368.000000</point>
			</points>
		</object>
		<object>
			<coordinate>pixel</coordinate>
			<type>rectangle</type>
			<description>None</description>
			<possibleresult>
				<name>Small Car</name>
			</possibleresult>
			<points>
				<point>742.000000,826.000000</point>
				<point>740.000000,832.000000</point>
				<point>719.000000,823.000000</point>
				<point>722.000000,818.000000</point>
				<point>742.000000,826.000000</point>
			</points>
		</object>
		<object>
			<coordinate>pixel</coordinate>
			<type>rectangle</type>
			<description>None</description>
			<possibleresult>
				<name>Small Car</name>
			</possibleresult>
			<points>
				<point>744.000000,812.000000</point>
				<point>741.000000,820.000000</point>
				<point>723.000000,813.000000</point>
				<point>726.000000,805.000000</point>
				<point>744.000000,812.000000</point>
			</points>
		</object>
		<object>
			<coordinate>pixel</coordinate>
			<type>rectangle</type>
			<description>None</description>
			<possibleresult>
				<name>Small Car</name>
			</possibleresult>
			<points>
				<point>796.000000,696.000000</point>
				<point>788.000000,699.000000</point>
				<point>783.000000,682.000000</point>
				<point>792.000000,680.000000</point>
				<point>796.000000,696.000000</point>
			</points>
		</object>
		<object>
			<coordinate>pixel</coordinate>
			<type>rectangle</type>
			<description>None</description>
			<possibleresult>
				<name>Small Car</name>
			</possibleresult>
			<points>
				<point>777.000000,649.000000</point>
				<point>774.000000,656.000000</point>
				<point>755.000000,649.000000</point>
				<point>758.000000,642.000000</point>
				<point>777.000000,649.000000</point>
			</points>
		</object>
		<object>
			<coordinate>pixel</coordinate>
			<type>rectangle</type>
			<description>None</description>
			<possibleresult>
				<name>Small Car</name>
			</possibleresult>
			<points>
				<point>769.000000,663.000000</point>
				<point>766.000000,671.000000</point>
				<point>750.000000,665.000000</point>
				<point>753.000000,657.000000</point>
				<point>769.000000,663.000000</point>
			</points>
		</object>
		<object>
			<coordinate>pixel</coordinate>
			<type>rectangle</type>
			<description>None</description>
			<possibleresult>
				<name>Van</name>
			</possibleresult>
			<points>
				<point>763.000000,672.000000</point>
				<point>760.000000,679.000000</point>
				<point>745.000000,673.000000</point>
				<point>747.000000,667.000000</point>
				<point>763.000000,672.000000</point>
			</points>
		</object>
		<object>
			<coordinate>pixel</coordinate>
			<type>rectangle</type>
			<description>None</description>
			<possibleresult>
				<name>Small Car</name>
			</possibleresult>
			<points>
				<point>728.000000,694.000000</point>
				<point>720.000000,711.000000</point>
				<point>714.000000,707.000000</point>
				<point>721.000000,691.000000</point>
				<point>728.000000,694.000000</point>
			</points>
		</object>
		<object>
			<coordinate>pixel</coordinate>
			<type>rectangle</type>
			<description>None</description>
			<possibleresult>
				<name>Small Car</name>
			</possibleresult>
			<points>
				<point>745.000000,710.000000</point>
				<point>743.000000,717.000000</point>
				<point>725.000000,713.000000</point>
				<point>726.000000,705.000000</point>
				<point>745.000000,710.000000</point>
			</points>
		</object>
		<object>
			<coordinate>pixel</coordinate>
			<type>rectangle</type>
			<description>None</description>
			<possibleresult>
				<name>Van</name>
			</possibleresult>
			<points>
				<point>710.000000,733.000000</point>
				<point>701.000000,750.000000</point>
				<point>693.000000,746.000000</point>
				<point>703.000000,729.000000</point>
				<point>710.000000,733.000000</point>
			</points>
		</object>
		<object>
			<coordinate>pixel</coordinate>
			<type>rectangle</type>
			<description>None</description>
			<possibleresult>
				<name>Van</name>
			</possibleresult>
			<points>
				<point>533.000000,815.000000</point>
				<point>530.000000,823.000000</point>
				<point>514.000000,817.000000</point>
				<point>517.000000,809.000000</point>
				<point>533.000000,815.000000</point>
			</points>
		</object>
		<object>
			<coordinate>pixel</coordinate>
			<type>rectangle</type>
			<description>None</description>
			<possibleresult>
				<name>Small Car</name>
			</possibleresult>
			<points>
				<point>579.000000,730.000000</point>
				<point>569.000000,746.000000</point>
				<point>561.000000,741.000000</point>
				<point>570.000000,724.000000</point>
				<point>579.000000,730.000000</point>
			</points>
		</object>
		<object>
			<coordinate>pixel</coordinate>
			<type>rectangle</type>
			<description>None</description>
			<possibleresult>
				<name>Small Car</name>
			</possibleresult>
			<points>
				<point>601.000000,658.000000</point>
				<point>597.000000,664.000000</point>
				<point>582.000000,657.000000</point>
				<point>586.000000,651.000000</point>
				<point>601.000000,658.000000</point>
			</points>
		</object>
		<object>
			<coordinate>pixel</coordinate>
			<type>rectangle</type>
			<description>None</description>
			<possibleresult>
				<name>Small Car</name>
			</possibleresult>
			<points>
				<point>592.000000,673.000000</point>
				<point>589.000000,679.000000</point>
				<point>575.000000,673.000000</point>
				<point>577.000000,666.000000</point>
				<point>592.000000,673.000000</point>
			</points>
		</object>
		<object>
			<coordinate>pixel</coordinate>
			<type>rectangle</type>
			<description>None</description>
			<possibleresult>
				<name>Small Car</name>
			</possibleresult>
			<points>
				<point>588.000000,682.000000</point>
				<point>585.000000,689.000000</point>
				<point>571.000000,682.000000</point>
				<point>574.000000,675.000000</point>
				<point>588.000000,682.000000</point>
			</points>
		</object>
		<object>
			<coordinate>pixel</coordinate>
			<type>rectangle</type>
			<description>None</description>
			<possibleresult>
				<name>Van</name>
			</possibleresult>
			<points>
				<point>451.000000,787.000000</point>
				<point>444.000000,801.000000</point>
				<point>437.000000,797.000000</point>
				<point>444.000000,783.000000</point>
				<point>451.000000,787.000000</point>
			</points>
		</object>
		<object>
			<coordinate>pixel</coordinate>
			<type>rectangle</type>
			<description>None</description>
			<possibleresult>
				<name>Van</name>
			</possibleresult>
			<points>
				<point>458.000000,775.000000</point>
				<point>454.000000,783.000000</point>
				<point>448.000000,780.000000</point>
				<point>452.000000,772.000000</point>
				<point>458.000000,775.000000</point>
			</points>
		</object>
		<object>
			<coordinate>pixel</coordinate>
			<type>rectangle</type>
			<description>None</description>
			<possibleresult>
				<name>Small Car</name>
			</possibleresult>
			<points>
				<point>468.000000,755.000000</point>
				<point>462.000000,767.000000</point>
				<point>456.000000,764.000000</point>
				<point>462.000000,752.000000</point>
				<point>468.000000,755.000000</point>
			</points>
		</object>
		<object>
			<coordinate>pixel</coordinate>
			<type>rectangle</type>
			<description>None</description>
			<possibleresult>
				<name>Small Car</name>
			</possibleresult>
			<points>
				<point>342.000000,678.000000</point>
				<point>334.000000,693.000000</point>
				<point>327.000000,689.000000</point>
				<point>335.000000,674.000000</point>
				<point>342.000000,678.000000</point>
			</points>
		</object>
		<object>
			<coordinate>pixel</coordinate>
			<type>rectangle</type>
			<description>None</description>
			<possibleresult>
				<name>Small Car</name>
			</possibleresult>
			<points>
				<point>326.000000,705.000000</point>
				<point>320.000000,718.000000</point>
				<point>314.000000,715.000000</point>
				<point>320.000000,702.000000</point>
				<point>326.000000,705.000000</point>
			</points>
		</object>
		<object>
			<coordinate>pixel</coordinate>
			<type>rectangle</type>
			<description>None</description>
			<possibleresult>
				<name>Van</name>
			</possibleresult>
			<points>
				<point>384.000000,950.000000</point>
				<point>381.000000,957.000000</point>
				<point>365.000000,951.000000</point>
				<point>367.000000,945.000000</point>
				<point>384.000000,950.000000</point>
			</points>
		</object>
		<object>
			<coordinate>pixel</coordinate>
			<type>rectangle</type>
			<description>None</description>
			<possibleresult>
				<name>Small Car</name>
			</possibleresult>
			<points>
				<point>368.000000,988.000000</point>
				<point>364.000000,999.000000</point>
				<point>342.000000,990.000000</point>
				<point>347.000000,980.000000</point>
				<point>368.000000,988.000000</point>
			</points>
		</object>
		<object>
			<coordinate>pixel</coordinate>
			<type>rectangle</type>
			<description>None</description>
			<possibleresult>
				<name>Van</name>
			</possibleresult>
			<points>
				<point>297.000000,976.000000</point>
				<point>290.000000,992.000000</point>
				<point>283.000000,990.000000</point>
				<point>290.000000,974.000000</point>
				<point>297.000000,976.000000</point>
			</points>
		</object>
		<object>
			<coordinate>pixel</coordinate>
			<type>rectangle</type>
			<description>None</description>
			<possibleresult>
				<name>Van</name>
			</possibleresult>
			<points>
				<point>231.000000,936.000000</point>
				<point>229.000000,942.000000</point>
				<point>214.000000,937.000000</point>
				<point>216.000000,931.000000</point>
				<point>231.000000,936.000000</point>
			</points>
		</object>
		<object>
			<coordinate>pixel</coordinate>
			<type>rectangle</type>
			<description>None</description>
			<possibleresult>
				<name>Van</name>
			</possibleresult>
			<points>
				<point>229.000000,943.000000</point>
				<point>227.000000,950.000000</point>
				<point>211.000000,944.000000</point>
				<point>213.000000,937.000000</point>
				<point>229.000000,943.000000</point>
			</points>
		</object>
		<object>
			<coordinate>pixel</coordinate>
			<type>rectangle</type>
			<description>None</description>
			<possibleresult>
				<name>Small Car</name>
			</possibleresult>
			<points>
				<point>97.000000,960.000000</point>
				<point>89.000000,973.000000</point>
				<point>82.000000,969.000000</point>
				<point>89.000000,955.000000</point>
				<point>97.000000,960.000000</point>
			</points>
		</object>
		<object>
			<coordinate>pixel</coordinate>
			<type>rectangle</type>
			<description>None</description>
			<possibleresult>
				<name>Small Car</name>
			</possibleresult>
			<points>
				<point>86.000000,956.000000</point>
				<point>80.000000,970.000000</point>
				<point>72.000000,967.000000</point>
				<point>78.000000,953.000000</point>
				<point>86.000000,956.000000</point>
			</points>
		</object>
		<object>
			<coordinate>pixel</coordinate>
			<type>rectangle</type>
			<description>None</description>
			<possibleresult>
				<name>Small Car</name>
			</possibleresult>
			<points>
				<point>144.000000,906.000000</point>
				<point>140.000000,914.000000</point>
				<point>124.000000,907.000000</point>
				<point>127.000000,899.000000</point>
				<point>144.000000,906.000000</point>
			</points>
		</object>
		<object>
			<coordinate>pixel</coordinate>
			<type>rectangle</type>
			<description>None</description>
			<possibleresult>
				<name>Small Car</name>
			</possibleresult>
			<points>
				<point>217.000000,964.000000</point>
				<point>214.000000,970.000000</point>
				<point>197.000000,965.000000</point>
				<point>199.000000,958.000000</point>
				<point>217.000000,964.000000</point>
			</points>
		</object>
		<object>
			<coordinate>pixel</coordinate>
			<type>rectangle</type>
			<description>None</description>
			<possibleresult>
				<name>Van</name>
			</possibleresult>
			<points>
				<point>86.000000,825.000000</point>
				<point>84.000000,834.000000</point>
				<point>67.000000,829.000000</point>
				<point>68.000000,821.000000</point>
				<point>86.000000,825.000000</point>
			</points>
		</object>
		<object>
			<coordinate>pixel</coordinate>
			<type>rectangle</type>
			<description>None</description>
			<possibleresult>
				<name>Small Car</name>
			</possibleresult>
			<points>
				<point>102.000000,846.000000</point>
				<point>97.000000,862.000000</point>
				<point>89.000000,860.000000</point>
				<point>93.000000,843.000000</point>
				<point>102.000000,846.000000</point>
			</points>
		</object>
		<object>
			<coordinate>pixel</coordinate>
			<type>rectangle</type>
			<description>None</description>
			<possibleresult>
				<name>Van</name>
			</possibleresult>
			<points>
				<point>398.000000,855.000000</point>
				<point>396.000000,861.000000</point>
				<point>380.000000,856.000000</point>
				<point>381.000000,849.000000</point>
				<point>398.000000,855.000000</point>
			</points>
		</object>
		<object>
			<coordinate>pixel</coordinate>
			<type>rectangle</type>
			<description>None</description>
			<possibleresult>
				<name>Small Car</name>
			</possibleresult>
			<points>
				<point>401.000000,847.000000</point>
				<point>399.000000,853.000000</point>
				<point>381.000000,846.000000</point>
				<point>384.000000,840.000000</point>
				<point>401.000000,847.000000</point>
			</points>
		</object>
		<object>
			<coordinate>pixel</coordinate>
			<type>rectangle</type>
			<description>None</description>
			<possibleresult>
				<name>Small Car</name>
			</possibleresult>
			<points>
				<point>405.000000,839.000000</point>
				<point>403.000000,845.000000</point>
				<point>387.000000,839.000000</point>
				<point>389.000000,833.000000</point>
				<point>405.000000,839.000000</point>
			</points>
		</object>
		<object>
			<coordinate>pixel</coordinate>
			<type>rectangle</type>
			<description>None</description>
			<possibleresult>
				<name>Van</name>
			</possibleresult>
			<points>
				<point>371.000000,811.000000</point>
				<point>364.000000,824.000000</point>
				<point>356.000000,820.000000</point>
				<point>363.000000,807.000000</point>
				<point>371.000000,811.000000</point>
			</points>
		</object>
		<object>
			<coordinate>pixel</coordinate>
			<type>rectangle</type>
			<description>None</description>
			<possibleresult>
				<name>Van</name>
			</possibleresult>
			<points>
				<point>349.000000,830.000000</point>
				<point>343.000000,845.000000</point>
				<point>336.000000,842.000000</point>
				<point>342.000000,828.000000</point>
				<point>349.000000,830.000000</point>
			</points>
		</object>
		<object>
			<coordinate>pixel</coordinate>
			<type>rectangle</type>
			<description>None</description>
			<possibleresult>
				<name>Small Car</name>
			</possibleresult>
			<points>
				<point>236.000000,802.000000</point>
				<point>228.000000,819.000000</point>
				<point>220.000000,815.000000</point>
				<point>228.000000,798.000000</point>
				<point>236.000000,802.000000</point>
			</points>
		</object>
		<object>
			<coordinate>pixel</coordinate>
			<type>rectangle</type>
			<description>None</description>
			<possibleresult>
				<name>Small Car</name>
			</possibleresult>
			<points>
				<point>255.000000,764.000000</point>
				<point>249.000000,777.000000</point>
				<point>241.000000,774.000000</point>
				<point>247.000000,761.000000</point>
				<point>255.000000,764.000000</point>
			</points>
		</object>
		<object>
			<coordinate>pixel</coordinate>
			<type>rectangle</type>
			<description>None</description>
			<possibleresult>
				<name>Van</name>
			</possibleresult>
			<points>
				<point>244.000000,784.000000</point>
				<point>237.000000,797.000000</point>
				<point>230.000000,793.000000</point>
				<point>237.000000,780.000000</point>
				<point>244.000000,784.000000</point>
			</points>
		</object>
		<object>
			<coordinate>pixel</coordinate>
			<type>rectangle</type>
			<description>None</description>
			<possibleresult>
				<name>Small Car</name>
			</possibleresult>
			<points>
				<point>217.000000,704.000000</point>
				<point>215.000000,712.000000</point>
				<point>195.000000,706.000000</point>
				<point>198.000000,699.000000</point>
				<point>217.000000,704.000000</point>
			</points>
		</object>
		<object>
			<coordinate>pixel</coordinate>
			<type>rectangle</type>
			<description>None</description>
			<possibleresult>
				<name>Small Car</name>
			</possibleresult>
			<points>
				<point>163.000000,688.000000</point>
				<point>156.000000,704.000000</point>
				<point>148.000000,700.000000</point>
				<point>156.000000,684.000000</point>
				<point>163.000000,688.000000</point>
			</points>
		</object>
		<object>
			<coordinate>pixel</coordinate>
			<type>rectangle</type>
			<description>None</description>
			<possibleresult>
				<name>Small Car</name>
			</possibleresult>
			<points>
				<point>176.000000,715.000000</point>
				<point>174.000000,722.000000</point>
				<point>157.000000,715.000000</point>
				<point>160.000000,709.000000</point>
				<point>176.000000,715.000000</point>
			</points>
		</object>
		<object>
			<coordinate>pixel</coordinate>
			<type>rectangle</type>
			<description>None</description>
			<possibleresult>
				<name>Small Car</name>
			</possibleresult>
			<points>
				<point>48.000000,707.000000</point>
				<point>47.000000,714.000000</point>
				<point>30.000000,713.000000</point>
				<point>31.000000,706.000000</point>
				<point>48.000000,707.000000</point>
			</points>
		</object>
		<object>
			<coordinate>pixel</coordinate>
			<type>rectangle</type>
			<description>None</description>
			<possibleresult>
				<name>Small Car</name>
			</possibleresult>
			<points>
				<point>48.000000,700.000000</point>
				<point>48.000000,705.000000</point>
				<point>31.000000,703.000000</point>
				<point>32.000000,699.000000</point>
				<point>48.000000,700.000000</point>
			</points>
		</object>
		<object>
			<coordinate>pixel</coordinate>
			<type>rectangle</type>
			<description>None</description>
			<possibleresult>
				<name>Van</name>
			</possibleresult>
			<points>
				<point>49.000000,690.000000</point>
				<point>49.000000,696.000000</point>
				<point>31.000000,695.000000</point>
				<point>32.000000,688.000000</point>
				<point>49.000000,690.000000</point>
			</points>
		</object>
		<object>
			<coordinate>pixel</coordinate>
			<type>rectangle</type>
			<description>None</description>
			<possibleresult>
				<name>Van</name>
			</possibleresult>
			<points>
				<point>50.000000,659.000000</point>
				<point>50.000000,665.000000</point>
				<point>34.000000,664.000000</point>
				<point>35.000000,657.000000</point>
				<point>50.000000,659.000000</point>
			</points>
		</object>
		<object>
			<coordinate>pixel</coordinate>
			<type>rectangle</type>
			<description>None</description>
			<possibleresult>
				<name>Van</name>
			</possibleresult>
			<points>
				<point>53.000000,643.000000</point>
				<point>53.000000,649.000000</point>
				<point>37.000000,648.000000</point>
				<point>37.000000,642.000000</point>
				<point>53.000000,643.000000</point>
			</points>
		</object>
		<object>
			<coordinate>pixel</coordinate>
			<type>rectangle</type>
			<description>None</description>
			<possibleresult>
				<name>Cargo Truck</name>
			</possibleresult>
			<points>
				<point>247.000000,588.000000</point>
				<point>241.000000,607.000000</point>
				<point>231.000000,604.000000</point>
				<point>237.000000,585.000000</point>
				<point>247.000000,588.000000</point>
			</points>
		</object>
		<object>
			<coordinate>pixel</coordinate>
			<type>rectangle</type>
			<description>None</description>
			<possibleresult>
				<name>Van</name>
			</possibleresult>
			<points>
				<point>236.000000,611.000000</point>
				<point>229.000000,626.000000</point>
				<point>221.000000,623.000000</point>
				<point>228.000000,608.000000</point>
				<point>236.000000,611.000000</point>
			</points>
		</object>
		<object>
			<coordinate>pixel</coordinate>
			<type>rectangle</type>
			<description>None</description>
			<possibleresult>
				<name>Dump Truck</name>
			</possibleresult>
			<points>
				<point>337.000000,574.000000</point>
				<point>332.000000,582.000000</point>
				<point>317.000000,573.000000</point>
				<point>322.000000,565.000000</point>
				<point>337.000000,574.000000</point>
			</points>
		</object>
		<object>
			<coordinate>pixel</coordinate>
			<type>rectangle</type>
			<description>None</description>
			<possibleresult>
				<name>Small Car</name>
			</possibleresult>
			<points>
				<point>556.000000,602.000000</point>
				<point>549.000000,619.000000</point>
				<point>540.000000,615.000000</point>
				<point>548.000000,599.000000</point>
				<point>556.000000,602.000000</point>
			</points>
		</object>
		<object>
			<coordinate>pixel</coordinate>
			<type>rectangle</type>
			<description>None</description>
			<possibleresult>
				<name>Small Car</name>
			</possibleresult>
			<points>
				<point>503.000000,620.000000</point>
				<point>496.000000,636.000000</point>
				<point>487.000000,632.000000</point>
				<point>495.000000,617.000000</point>
				<point>503.000000,620.000000</point>
			</points>
		</object>
		<object>
			<coordinate>pixel</coordinate>
			<type>rectangle</type>
			<description>None</description>
			<possibleresult>
				<name>Van</name>
			</possibleresult>
			<points>
				<point>470.000000,594.000000</point>
				<point>462.000000,607.000000</point>
				<point>455.000000,604.000000</point>
				<point>462.000000,590.000000</point>
				<point>470.000000,594.000000</point>
			</points>
		</object>
		<object>
			<coordinate>pixel</coordinate>
			<type>rectangle</type>
			<description>None</description>
			<possibleresult>
				<name>Van</name>
			</possibleresult>
			<points>
				<point>451.000000,583.000000</point>
				<point>446.000000,599.000000</point>
				<point>438.000000,596.000000</point>
				<point>443.000000,580.000000</point>
				<point>451.000000,583.000000</point>
			</points>
		</object>
		<object>
			<coordinate>pixel</coordinate>
			<type>rectangle</type>
			<description>None</description>
			<possibleresult>
				<name>Van</name>
			</possibleresult>
			<points>
				<point>460.000000,557.000000</point>
				<point>459.000000,564.000000</point>
				<point>445.000000,562.000000</point>
				<point>446.000000,555.000000</point>
				<point>460.000000,557.000000</point>
			</points>
		</object>
		<object>
			<coordinate>pixel</coordinate>
			<type>rectangle</type>
			<description>None</description>
			<possibleresult>
				<name>Small Car</name>
			</possibleresult>
			<points>
				<point>433.000000,491.000000</point>
				<point>432.000000,498.000000</point>
				<point>416.000000,497.000000</point>
				<point>416.000000,490.000000</point>
				<point>433.000000,491.000000</point>
			</points>
		</object>
		<object>
			<coordinate>pixel</coordinate>
			<type>rectangle</type>
			<description>None</description>
			<possibleresult>
				<name>Small Car</name>
			</possibleresult>
			<points>
				<point>433.000000,501.000000</point>
				<point>432.000000,508.000000</point>
				<point>413.000000,504.000000</point>
				<point>415.000000,498.000000</point>
				<point>433.000000,501.000000</point>
			</points>
		</object>
		<object>
			<coordinate>pixel</coordinate>
			<type>rectangle</type>
			<description>None</description>
			<possibleresult>
				<name>Small Car</name>
			</possibleresult>
			<points>
				<point>425.000000,517.000000</point>
				<point>425.000000,523.000000</point>
				<point>411.000000,521.000000</point>
				<point>411.000000,515.000000</point>
				<point>425.000000,517.000000</point>
			</points>
		</object>
		<object>
			<coordinate>pixel</coordinate>
			<type>rectangle</type>
			<description>None</description>
			<possibleresult>
				<name>Cargo Truck</name>
			</possibleresult>
			<points>
				<point>317.000000,525.000000</point>
				<point>298.000000,529.000000</point>
				<point>297.000000,521.000000</point>
				<point>315.000000,516.000000</point>
				<point>317.000000,525.000000</point>
			</points>
		</object>
		<object>
			<coordinate>pixel</coordinate>
			<type>rectangle</type>
			<description>None</description>
			<possibleresult>
				<name>Van</name>
			</possibleresult>
			<points>
				<point>313.000000,513.000000</point>
				<point>299.000000,517.000000</point>
				<point>297.000000,510.000000</point>
				<point>312.000000,507.000000</point>
				<point>313.000000,513.000000</point>
			</points>
		</object>
		<object>
			<coordinate>pixel</coordinate>
			<type>rectangle</type>
			<description>None</description>
			<possibleresult>
				<name>Van</name>
			</possibleresult>
			<points>
				<point>324.000000,482.000000</point>
				<point>307.000000,488.000000</point>
				<point>305.000000,481.000000</point>
				<point>321.000000,474.000000</point>
				<point>324.000000,482.000000</point>
			</points>
		</object>
		<object>
			<coordinate>pixel</coordinate>
			<type>rectangle</type>
			<description>None</description>
			<possibleresult>
				<name>Small Car</name>
			</possibleresult>
			<points>
				<point>326.000000,446.000000</point>
				<point>323.000000,465.000000</point>
				<point>314.000000,464.000000</point>
				<point>317.000000,445.000000</point>
				<point>326.000000,446.000000</point>
			</points>
		</object>
		<object>
			<coordinate>pixel</coordinate>
			<type>rectangle</type>
			<description>None</description>
			<possibleresult>
				<name>Van</name>
			</possibleresult>
			<points>
				<point>226.000000,165.000000</point>
				<point>218.000000,165.000000</point>
				<point>218.000000,151.000000</point>
				<point>226.000000,151.000000</point>
				<point>226.000000,165.000000</point>
			</points>
		</object>
		<object>
			<coordinate>pixel</coordinate>
			<type>rectangle</type>
			<description>None</description>
			<possibleresult>
				<name>Van</name>
			</possibleresult>
			<points>
				<point>238.000000,167.000000</point>
				<point>231.000000,167.000000</point>
				<point>231.000000,151.000000</point>
				<point>238.000000,151.000000</point>
				<point>238.000000,167.000000</point>
			</points>
		</object>
		<object>
			<coordinate>pixel</coordinate>
			<type>rectangle</type>
			<description>None</description>
			<possibleresult>
				<name>Van</name>
			</possibleresult>
			<points>
				<point>151.000000,259.000000</point>
				<point>137.000000,263.000000</point>
				<point>136.000000,254.000000</point>
				<point>149.000000,251.000000</point>
				<point>151.000000,259.000000</point>
			</points>
		</object>
		<object>
			<coordinate>pixel</coordinate>
			<type>rectangle</type>
			<description>None</description>
			<possibleresult>
				<name>Small Car</name>
			</possibleresult>
			<points>
				<point>241.000000,227.000000</point>
				<point>239.000000,233.000000</point>
				<point>224.000000,227.000000</point>
				<point>227.000000,222.000000</point>
				<point>241.000000,227.000000</point>
			</points>
		</object>
		<object>
			<coordinate>pixel</coordinate>
			<type>rectangle</type>
			<description>None</description>
			<possibleresult>
				<name>Van</name>
			</possibleresult>
			<points>
				<point>247.000000,238.000000</point>
				<point>245.000000,244.000000</point>
				<point>228.000000,239.000000</point>
				<point>229.000000,232.000000</point>
				<point>247.000000,238.000000</point>
			</points>
		</object>
		<object>
			<coordinate>pixel</coordinate>
			<type>rectangle</type>
			<description>None</description>
			<possibleresult>
				<name>Van</name>
			</possibleresult>
			<points>
				<point>387.000000,303.000000</point>
				<point>385.000000,310.000000</point>
				<point>365.000000,303.000000</point>
				<point>367.000000,296.000000</point>
				<point>387.000000,303.000000</point>
			</points>
		</object>
		<object>
			<coordinate>pixel</coordinate>
			<type>rectangle</type>
			<description>None</description>
			<possibleresult>
				<name>Small Car</name>
			</possibleresult>
			<points>
				<point>364.000000,341.000000</point>
				<point>362.000000,348.000000</point>
				<point>345.000000,343.000000</point>
				<point>347.000000,336.000000</point>
				<point>364.000000,341.000000</point>
			</points>
		</object>
		<object>
			<coordinate>pixel</coordinate>
			<type>rectangle</type>
			<description>None</description>
			<possibleresult>
				<name>Van</name>
			</possibleresult>
			<points>
				<point>455.000000,237.000000</point>
				<point>446.000000,249.000000</point>
				<point>440.000000,244.000000</point>
				<point>448.000000,233.000000</point>
				<point>455.000000,237.000000</point>
			</points>
		</object>
		<object>
			<coordinate>pixel</coordinate>
			<type>rectangle</type>
			<description>None</description>
			<possibleresult>
				<name>Small Car</name>
			</possibleresult>
			<points>
				<point>472.000000,187.000000</point>
				<point>466.000000,207.000000</point>
				<point>459.000000,205.000000</point>
				<point>464.000000,185.000000</point>
				<point>472.000000,187.000000</point>
			</points>
		</object>
		<object>
			<coordinate>pixel</coordinate>
			<type>rectangle</type>
			<description>None</description>
			<possibleresult>
				<name>Van</name>
			</possibleresult>
			<points>
				<point>750.000000,242.000000</point>
				<point>733.000000,242.000000</point>
				<point>733.000000,236.000000</point>
				<point>750.000000,236.000000</point>
				<point>750.000000,242.000000</point>
			</points>
		</object>
		<object>
			<coordinate>pixel</coordinate>
			<type>rectangle</type>
			<description>None</description>
			<possibleresult>
				<name>Small Car</name>
			</possibleresult>
			<points>
				<point>774.000000,182.000000</point>
				<point>755.000000,182.000000</point>
				<point>755.000000,176.000000</point>
				<point>774.000000,176.000000</point>
				<point>774.000000,182.000000</point>
			</points>
		</object>
		<object>
			<coordinate>pixel</coordinate>
			<type>rectangle</type>
			<description>None</description>
			<possibleresult>
				<name>Small Car</name>
			</possibleresult>
			<points>
				<point>810.000000,100.000000</point>
				<point>802.000000,116.000000</point>
				<point>795.000000,112.000000</point>
				<point>802.000000,96.000000</point>
				<point>810.000000,100.000000</point>
			</points>
		</object>
		<object>
			<coordinate>pixel</coordinate>
			<type>rectangle</type>
			<description>None</description>
			<possibleresult>
				<name>Van</name>
			</possibleresult>
			<points>
				<point>664.000000,89.000000</point>
				<point>656.000000,102.000000</point>
				<point>649.000000,98.000000</point>
				<point>657.000000,85.000000</point>
				<point>664.000000,89.000000</point>
			</points>
		</object>
		<object>
			<coordinate>pixel</coordinate>
			<type>rectangle</type>
			<description>None</description>
			<possibleresult>
				<name>Small Car</name>
			</possibleresult>
			<points>
				<point>676.000000,41.000000</point>
				<point>664.000000,56.000000</point>
				<point>657.000000,50.000000</point>
				<point>669.000000,35.000000</point>
				<point>676.000000,41.000000</point>
			</points>
		</object>
		<object>
			<coordinate>pixel</coordinate>
			<type>rectangle</type>
			<description>None</description>
			<possibleresult>
				<name>Van</name>
			</possibleresult>
			<points>
				<point>504.000000,75.000000</point>
				<point>489.000000,90.000000</point>
				<point>483.000000,84.000000</point>
				<point>498.000000,69.000000</point>
				<point>504.000000,75.000000</point>
			</points>
		</object>
		<object>
			<coordinate>pixel</coordinate>
			<type>rectangle</type>
			<description>None</description>
			<possibleresult>
				<name>Small Car</name>
			</possibleresult>
			<points>
				<point>558.000000,102.000000</point>
				<point>550.000000,108.000000</point>
				<point>538.000000,94.000000</point>
				<point>546.000000,88.000000</point>
				<point>558.000000,102.000000</point>
			</points>
		</object>
		<object>
			<coordinate>pixel</coordinate>
			<type>rectangle</type>
			<description>None</description>
			<possibleresult>
				<name>Small Car</name>
			</possibleresult>
			<points>
				<point>565.000000,42.000000</point>
				<point>559.000000,48.000000</point>
				<point>544.000000,33.000000</point>
				<point>550.000000,27.000000</point>
				<point>565.000000,42.000000</point>
			</points>
		</object>
		<object>
			<coordinate>pixel</coordinate>
			<type>rectangle</type>
			<description>None</description>
			<possibleresult>
				<name>Small Car</name>
			</possibleresult>
			<points>
				<point>518.000000,122.000000</point>
				<point>513.000000,129.000000</point>
				<point>498.000000,119.000000</point>
				<point>503.000000,112.000000</point>
				<point>518.000000,122.000000</point>
			</points>
		</object>
		<object>
			<coordinate>pixel</coordinate>
			<type>rectangle</type>
			<description>None</description>
			<possibleresult>
				<name>Van</name>
			</possibleresult>
			<points>
				<point>856.000000,38.000000</point>
				<point>848.000000,54.000000</point>
				<point>842.000000,50.000000</point>
				<point>849.000000,35.000000</point>
				<point>856.000000,38.000000</point>
			</points>
		</object>
		<object>
			<coordinate>pixel</coordinate>
			<type>rectangle</type>
			<description>None</description>
			<possibleresult>
				<name>Van</name>
			</possibleresult>
			<points>
				<point>774.000000,40.000000</point>
				<point>770.000000,46.000000</point>
				<point>753.000000,34.000000</point>
				<point>758.000000,29.000000</point>
				<point>774.000000,40.000000</point>
			</points>
		</object>
	</objects>
</annotation>