<?xml version="1.0" encoding="utf-8"?>
<annotation>
	<source>
		<filename>1612.tif</filename>
		<origin>GF2/GF3</origin>
	</source>
	<research>
		<version>1.0</version>
		<provider>FAIR1M</provider>
		<author>Cyber</author>
		<pluginname>FAIR1M</pluginname>
		<pluginclass>object detection</pluginclass>
		<time>2021-07-21</time>
	</research>
	<size>
		<width>1000</width>
		<height>1000</height>
		<depth>3</depth>
	</size>
	<objects>
		<object>
			<coordinate>pixel</coordinate>
			<type>rectangle</type>
			<description>None</description>
			<possibleresult>
				<name>Intersection</name>
			</possibleresult>
			<points>
				<point>547.000000,585.000000</point>
				<point>521.840210,586.006348</point>
				<point>521.000000,565.000000</point>
				<point>546.159790,563.993652</point>
				<point>547.000000,585.000000</point>
			</points>
		</object>
		<object>
			<coordinate>pixel</coordinate>
			<type>rectangle</type>
			<description>None</description>
			<possibleresult>
				<name>Intersection</name>
			</possibleresult>
			<points>
				<point>547.000000,761.000000</point>
				<point>522.000000,761.000000</point>
				<point>522.000000,740.000000</point>
				<point>547.000000,740.000000</point>
				<point>547.000000,761.000000</point>
			</points>
		</object>
		<object>
			<coordinate>pixel</coordinate>
			<type>rectangle</type>
			<description>None</description>
			<possibleresult>
				<name>Intersection</name>
			</possibleresult>
			<points>
				<point>548.000000,951.000000</point>
				<point>522.880249,952.004761</point>
				<point>522.000000,930.000000</point>
				<point>547.119751,928.995239</point>
				<point>548.000000,951.000000</point>
			</points>
		</object>
		<object>
			<coordinate>pixel</coordinate>
			<type>rectangle</type>
			<description>None</description>
			<possibleresult>
				<name>Intersection</name>
			</possibleresult>
			<points>
				<point>127.005928,560.827759</point>
				<point>125.999992,590.000000</point>
				<point>101.994057,589.172241</point>
				<point>102.999992,560.000000</point>
				<point>127.005928,560.827759</point>
			</points>
		</object>
		<object>
			<coordinate>pixel</coordinate>
			<type>rectangle</type>
			<description>None</description>
			<possibleresult>
				<name>Intersection</name>
			</possibleresult>
			<points>
				<point>129.000000,760.000061</point>
				<point>102.807976,761.007507</point>
				<point>101.999992,740.000061</point>
				<point>128.192017,738.992615</point>
				<point>129.000000,760.000061</point>
			</points>
		</object>
		<object>
			<coordinate>pixel</coordinate>
			<type>rectangle</type>
			<description>None</description>
			<possibleresult>
				<name>Intersection</name>
			</possibleresult>
			<points>
				<point>130.940369,927.027649</point>
				<point>130.000000,958.999939</point>
				<point>96.000000,957.999939</point>
				<point>96.940369,926.027649</point>
				<point>130.940369,927.027649</point>
			</points>
		</object>
		<object>
			<coordinate>pixel</coordinate>
			<type>rectangle</type>
			<description>None</description>
			<possibleresult>
				<name>Van</name>
			</possibleresult>
			<points>
				<point>932.000000,145.000000</point>
				<point>924.000000,145.000000</point>
				<point>924.000000,131.000000</point>
				<point>932.000000,131.000000</point>
				<point>932.000000,145.000000</point>
			</points>
		</object>
		<object>
			<coordinate>pixel</coordinate>
			<type>rectangle</type>
			<description>None</description>
			<possibleresult>
				<name>Van</name>
			</possibleresult>
			<points>
				<point>922.000000,144.000000</point>
				<point>914.000000,144.000000</point>
				<point>914.000000,131.000000</point>
				<point>922.000000,131.000000</point>
				<point>922.000000,144.000000</point>
			</points>
		</object>
		<object>
			<coordinate>pixel</coordinate>
			<type>rectangle</type>
			<description>None</description>
			<possibleresult>
				<name>Van</name>
			</possibleresult>
			<points>
				<point>911.000000,144.000000</point>
				<point>903.000000,144.000000</point>
				<point>903.000000,134.000000</point>
				<point>911.000000,134.000000</point>
				<point>911.000000,144.000000</point>
			</points>
		</object>
		<object>
			<coordinate>pixel</coordinate>
			<type>rectangle</type>
			<description>None</description>
			<possibleresult>
				<name>Cargo Truck</name>
			</possibleresult>
			<points>
				<point>891.000000,143.000000</point>
				<point>882.000000,143.000000</point>
				<point>882.000000,132.000000</point>
				<point>891.000000,132.000000</point>
				<point>891.000000,143.000000</point>
			</points>
		</object>
		<object>
			<coordinate>pixel</coordinate>
			<type>rectangle</type>
			<description>None</description>
			<possibleresult>
				<name>Van</name>
			</possibleresult>
			<points>
				<point>859.000000,143.000000</point>
				<point>852.000000,143.000000</point>
				<point>852.000000,134.000000</point>
				<point>859.000000,134.000000</point>
				<point>859.000000,143.000000</point>
			</points>
		</object>
		<object>
			<coordinate>pixel</coordinate>
			<type>rectangle</type>
			<description>None</description>
			<possibleresult>
				<name>Van</name>
			</possibleresult>
			<points>
				<point>889.999939,370.000000</point>
				<point>887.999939,387.000000</point>
				<point>879.122864,385.955627</point>
				<point>881.122864,368.955627</point>
				<point>889.999939,370.000000</point>
			</points>
		</object>
		<object>
			<coordinate>pixel</coordinate>
			<type>rectangle</type>
			<description>None</description>
			<possibleresult>
				<name>Van</name>
			</possibleresult>
			<points>
				<point>878.000000,387.000000</point>
				<point>869.000000,387.000000</point>
				<point>869.000000,371.000000</point>
				<point>878.000000,371.000000</point>
				<point>878.000000,387.000000</point>
			</points>
		</object>
		<object>
			<coordinate>pixel</coordinate>
			<type>rectangle</type>
			<description>None</description>
			<possibleresult>
				<name>Van</name>
			</possibleresult>
			<points>
				<point>796.000000,385.000000</point>
				<point>788.000000,385.000000</point>
				<point>788.000000,371.000000</point>
				<point>796.000000,371.000000</point>
				<point>796.000000,385.000000</point>
			</points>
		</object>
		<object>
			<coordinate>pixel</coordinate>
			<type>rectangle</type>
			<description>None</description>
			<possibleresult>
				<name>Small Car</name>
			</possibleresult>
			<points>
				<point>807.000000,386.000000</point>
				<point>799.000000,386.000000</point>
				<point>799.000000,371.000000</point>
				<point>807.000000,371.000000</point>
				<point>807.000000,386.000000</point>
			</points>
		</object>
		<object>
			<coordinate>pixel</coordinate>
			<type>rectangle</type>
			<description>None</description>
			<possibleresult>
				<name>Van</name>
			</possibleresult>
			<points>
				<point>817.000000,387.000000</point>
				<point>809.000000,387.000000</point>
				<point>809.000000,370.000000</point>
				<point>817.000000,370.000000</point>
				<point>817.000000,387.000000</point>
			</points>
		</object>
		<object>
			<coordinate>pixel</coordinate>
			<type>rectangle</type>
			<description>None</description>
			<possibleresult>
				<name>Small Car</name>
			</possibleresult>
			<points>
				<point>827.000000,387.000000</point>
				<point>818.000000,387.000000</point>
				<point>818.000000,371.000000</point>
				<point>827.000000,371.000000</point>
				<point>827.000000,387.000000</point>
			</points>
		</object>
		<object>
			<coordinate>pixel</coordinate>
			<type>rectangle</type>
			<description>None</description>
			<possibleresult>
				<name>Van</name>
			</possibleresult>
			<points>
				<point>837.000000,387.000000</point>
				<point>829.000000,387.000000</point>
				<point>829.000000,371.000000</point>
				<point>837.000000,371.000000</point>
				<point>837.000000,387.000000</point>
			</points>
		</object>
		<object>
			<coordinate>pixel</coordinate>
			<type>rectangle</type>
			<description>None</description>
			<possibleresult>
				<name>Small Car</name>
			</possibleresult>
			<points>
				<point>847.000000,388.000000</point>
				<point>839.000000,388.000000</point>
				<point>839.000000,372.000000</point>
				<point>847.000000,372.000000</point>
				<point>847.000000,388.000000</point>
			</points>
		</object>
		<object>
			<coordinate>pixel</coordinate>
			<type>rectangle</type>
			<description>None</description>
			<possibleresult>
				<name>Small Car</name>
			</possibleresult>
			<points>
				<point>858.000000,388.000000</point>
				<point>849.000000,388.000000</point>
				<point>849.000000,371.000000</point>
				<point>858.000000,371.000000</point>
				<point>858.000000,388.000000</point>
			</points>
		</object>
		<object>
			<coordinate>pixel</coordinate>
			<type>rectangle</type>
			<description>None</description>
			<possibleresult>
				<name>Small Car</name>
			</possibleresult>
			<points>
				<point>869.000061,373.000061</point>
				<point>866.973816,388.196594</point>
				<point>858.000061,387.000061</point>
				<point>860.026306,371.803528</point>
				<point>869.000061,373.000061</point>
			</points>
		</object>
		<object>
			<coordinate>pixel</coordinate>
			<type>rectangle</type>
			<description>None</description>
			<possibleresult>
				<name>Small Car</name>
			</possibleresult>
			<points>
				<point>398.000000,337.000000</point>
				<point>396.969238,355.553833</point>
				<point>387.000000,355.000000</point>
				<point>388.030762,336.446167</point>
				<point>398.000000,337.000000</point>
			</points>
		</object>
		<object>
			<coordinate>pixel</coordinate>
			<type>rectangle</type>
			<description>None</description>
			<possibleresult>
				<name>Small Car</name>
			</possibleresult>
			<points>
				<point>127.000008,340.000000</point>
				<point>125.259636,349.049927</point>
				<point>99.259636,344.049927</point>
				<point>101.000008,335.000000</point>
				<point>127.000008,340.000000</point>
			</points>
		</object>
		<object>
			<coordinate>pixel</coordinate>
			<type>rectangle</type>
			<description>None</description>
			<possibleresult>
				<name>Cargo Truck</name>
			</possibleresult>
			<points>
				<point>130.181213,403.026855</point>
				<point>129.000000,411.000000</point>
				<point>101.818787,406.973145</point>
				<point>103.000000,399.000000</point>
				<point>130.181213,403.026855</point>
			</points>
		</object>
		<object>
			<coordinate>pixel</coordinate>
			<type>rectangle</type>
			<description>None</description>
			<possibleresult>
				<name>Van</name>
			</possibleresult>
			<points>
				<point>572.000000,423.000031</point>
				<point>551.000000,425.000031</point>
				<point>550.235962,416.977570</point>
				<point>571.235962,414.977570</point>
				<point>572.000000,423.000031</point>
			</points>
		</object>
		<object>
			<coordinate>pixel</coordinate>
			<type>rectangle</type>
			<description>None</description>
			<possibleresult>
				<name>Van</name>
			</possibleresult>
			<points>
				<point>683.000000,426.000000</point>
				<point>667.000000,426.000000</point>
				<point>667.000000,419.000000</point>
				<point>683.000000,419.000000</point>
				<point>683.000000,426.000000</point>
			</points>
		</object>
		<object>
			<coordinate>pixel</coordinate>
			<type>rectangle</type>
			<description>None</description>
			<possibleresult>
				<name>Cargo Truck</name>
			</possibleresult>
			<points>
				<point>983.000061,267.000000</point>
				<point>981.968933,283.498047</point>
				<point>974.000061,283.000000</point>
				<point>975.031189,266.501953</point>
				<point>983.000061,267.000000</point>
			</points>
		</object>
		<object>
			<coordinate>pixel</coordinate>
			<type>rectangle</type>
			<description>None</description>
			<possibleresult>
				<name>Van</name>
			</possibleresult>
			<points>
				<point>17.000000,350.000000</point>
				<point>0.000000,350.000000</point>
				<point>0.000000,343.000000</point>
				<point>17.000000,343.000000</point>
				<point>17.000000,350.000000</point>
			</points>
		</object>
		<object>
			<coordinate>pixel</coordinate>
			<type>rectangle</type>
			<description>None</description>
			<possibleresult>
				<name>Van</name>
			</possibleresult>
			<points>
				<point>43.000000,350.000000</point>
				<point>28.000000,350.000000</point>
				<point>28.000000,343.000000</point>
				<point>43.000000,343.000000</point>
				<point>43.000000,350.000000</point>
			</points>
		</object>
		<object>
			<coordinate>pixel</coordinate>
			<type>rectangle</type>
			<description>None</description>
			<possibleresult>
				<name>Trailer</name>
			</possibleresult>
			<points>
				<point>53.000000,328.000000</point>
				<point>31.000000,328.000000</point>
				<point>31.000000,319.000000</point>
				<point>53.000000,319.000000</point>
				<point>53.000000,328.000000</point>
			</points>
		</object>
		<object>
			<coordinate>pixel</coordinate>
			<type>rectangle</type>
			<description>None</description>
			<possibleresult>
				<name>Small Car</name>
			</possibleresult>
			<points>
				<point>127.000015,330.000031</point>
				<point>126.156174,338.016449</point>
				<point>107.000000,336.000031</point>
				<point>107.843842,327.983612</point>
				<point>127.000015,330.000031</point>
			</points>
		</object>
		<object>
			<coordinate>pixel</coordinate>
			<type>rectangle</type>
			<description>None</description>
			<possibleresult>
				<name>Dump Truck</name>
			</possibleresult>
			<points>
				<point>97.999985,350.000031</point>
				<point>94.419662,358.183624</point>
				<point>78.419662,351.183624</point>
				<point>81.999985,343.000031</point>
				<point>97.999985,350.000031</point>
			</points>
		</object>
		<object>
			<coordinate>pixel</coordinate>
			<type>rectangle</type>
			<description>None</description>
			<possibleresult>
				<name>Dump Truck</name>
			</possibleresult>
			<points>
				<point>120.999985,349.000031</point>
				<point>117.396439,357.751495</point>
				<point>100.396439,350.751495</point>
				<point>103.999985,342.000031</point>
				<point>120.999985,349.000031</point>
			</points>
		</object>
		<object>
			<coordinate>pixel</coordinate>
			<type>rectangle</type>
			<description>None</description>
			<possibleresult>
				<name>Van</name>
			</possibleresult>
			<points>
				<point>520.000000,429.000000</point>
				<point>503.000000,429.000000</point>
				<point>503.000000,421.000000</point>
				<point>520.000000,421.000000</point>
				<point>520.000000,429.000000</point>
			</points>
		</object>
		<object>
			<coordinate>pixel</coordinate>
			<type>rectangle</type>
			<description>None</description>
			<possibleresult>
				<name>other-vehicle</name>
			</possibleresult>
			<points>
				<point>500.351746,430.020660</point>
				<point>500.000000,435.999969</point>
				<point>482.648254,434.979279</point>
				<point>483.000000,428.999969</point>
				<point>500.351746,430.020660</point>
			</points>
		</object>
		<object>
			<coordinate>pixel</coordinate>
			<type>rectangle</type>
			<description>None</description>
			<possibleresult>
				<name>Van</name>
			</possibleresult>
			<points>
				<point>663.000000,785.000000</point>
				<point>647.000000,785.000000</point>
				<point>647.000000,779.000000</point>
				<point>663.000000,779.000000</point>
				<point>663.000000,785.000000</point>
			</points>
		</object>
		<object>
			<coordinate>pixel</coordinate>
			<type>rectangle</type>
			<description>None</description>
			<possibleresult>
				<name>Dump Truck</name>
			</possibleresult>
			<points>
				<point>664.000000,777.000000</point>
				<point>650.000000,777.000000</point>
				<point>650.000000,771.000000</point>
				<point>664.000000,771.000000</point>
				<point>664.000000,777.000000</point>
			</points>
		</object>
		<object>
			<coordinate>pixel</coordinate>
			<type>rectangle</type>
			<description>None</description>
			<possibleresult>
				<name>Dump Truck</name>
			</possibleresult>
			<points>
				<point>621.999939,794.000061</point>
				<point>599.999939,796.000061</point>
				<point>599.368835,789.057434</point>
				<point>621.368835,787.057434</point>
				<point>621.999939,794.000061</point>
			</points>
		</object>
		<object>
			<coordinate>pixel</coordinate>
			<type>rectangle</type>
			<description>None</description>
			<possibleresult>
				<name>Small Car</name>
			</possibleresult>
			<points>
				<point>618.000000,780.000000</point>
				<point>599.000000,780.000000</point>
				<point>599.000000,773.000000</point>
				<point>618.000000,773.000000</point>
				<point>618.000000,780.000000</point>
			</points>
		</object>
		<object>
			<coordinate>pixel</coordinate>
			<type>rectangle</type>
			<description>None</description>
			<possibleresult>
				<name>Van</name>
			</possibleresult>
			<points>
				<point>616.000000,770.000061</point>
				<point>601.000000,771.000061</point>
				<point>600.531006,763.964661</point>
				<point>615.531006,762.964661</point>
				<point>616.000000,770.000061</point>
			</points>
		</object>
		<object>
			<coordinate>pixel</coordinate>
			<type>rectangle</type>
			<description>None</description>
			<possibleresult>
				<name>Van</name>
			</possibleresult>
			<points>
				<point>583.000000,765.000000</point>
				<point>563.000000,765.000000</point>
				<point>563.000000,759.000000</point>
				<point>583.000000,759.000000</point>
				<point>583.000000,765.000000</point>
			</points>
		</object>
		<object>
			<coordinate>pixel</coordinate>
			<type>rectangle</type>
			<description>None</description>
			<possibleresult>
				<name>Van</name>
			</possibleresult>
			<points>
				<point>427.027588,915.531067</point>
				<point>426.000000,933.000061</point>
				<point>416.972412,932.469055</point>
				<point>418.000000,915.000061</point>
				<point>427.027588,915.531067</point>
			</points>
		</object>
		<object>
			<coordinate>pixel</coordinate>
			<type>rectangle</type>
			<description>None</description>
			<possibleresult>
				<name>Van</name>
			</possibleresult>
			<points>
				<point>434.999969,864.000000</point>
				<point>433.964447,878.497437</point>
				<point>426.999969,878.000000</point>
				<point>428.035492,863.502563</point>
				<point>434.999969,864.000000</point>
			</points>
		</object>
		<object>
			<coordinate>pixel</coordinate>
			<type>rectangle</type>
			<description>None</description>
			<possibleresult>
				<name>Small Car</name>
			</possibleresult>
			<points>
				<point>445.000000,863.000000</point>
				<point>444.000000,879.000000</point>
				<point>435.968872,878.498047</point>
				<point>436.968872,862.498047</point>
				<point>445.000000,863.000000</point>
			</points>
		</object>
		<object>
			<coordinate>pixel</coordinate>
			<type>rectangle</type>
			<description>None</description>
			<possibleresult>
				<name>Small Car</name>
			</possibleresult>
			<points>
				<point>454.031036,862.472473</point>
				<point>453.031036,879.472473</point>
				<point>445.000031,879.000061</point>
				<point>446.000031,862.000061</point>
				<point>454.031036,862.472473</point>
			</points>
		</object>
		<object>
			<coordinate>pixel</coordinate>
			<type>rectangle</type>
			<description>None</description>
			<possibleresult>
				<name>Van</name>
			</possibleresult>
			<points>
				<point>484.027679,862.501587</point>
				<point>483.027679,880.501587</point>
				<point>473.999969,880.000000</point>
				<point>474.999969,862.000000</point>
				<point>484.027679,862.501587</point>
			</points>
		</object>
		<object>
			<coordinate>pixel</coordinate>
			<type>rectangle</type>
			<description>None</description>
			<possibleresult>
				<name>Small Car</name>
			</possibleresult>
			<points>
				<point>466.023315,915.626465</point>
				<point>465.000000,932.000000</point>
				<point>454.976685,931.373535</point>
				<point>456.000000,915.000000</point>
				<point>466.023315,915.626465</point>
			</points>
		</object>
		<object>
			<coordinate>pixel</coordinate>
			<type>rectangle</type>
			<description>None</description>
			<possibleresult>
				<name>Van</name>
			</possibleresult>
			<points>
				<point>494.000000,932.000000</point>
				<point>485.000000,932.000000</point>
				<point>485.000000,915.000000</point>
				<point>494.000000,915.000000</point>
				<point>494.000000,932.000000</point>
			</points>
		</object>
		<object>
			<coordinate>pixel</coordinate>
			<type>rectangle</type>
			<description>None</description>
			<possibleresult>
				<name>Small Car</name>
			</possibleresult>
			<points>
				<point>504.000000,930.000000</point>
				<point>495.000000,930.000000</point>
				<point>495.000000,916.000000</point>
				<point>504.000000,916.000000</point>
				<point>504.000000,930.000000</point>
			</points>
		</object>
		<object>
			<coordinate>pixel</coordinate>
			<type>rectangle</type>
			<description>None</description>
			<possibleresult>
				<name>Van</name>
			</possibleresult>
			<points>
				<point>512.000000,897.000061</point>
				<point>510.969086,912.464661</point>
				<point>504.000031,912.000061</point>
				<point>505.030975,896.535461</point>
				<point>512.000000,897.000061</point>
			</points>
		</object>
		<object>
			<coordinate>pixel</coordinate>
			<type>rectangle</type>
			<description>None</description>
			<possibleresult>
				<name>Van</name>
			</possibleresult>
			<points>
				<point>502.000000,912.000000</point>
				<point>494.000000,912.000000</point>
				<point>494.000000,896.000000</point>
				<point>502.000000,896.000000</point>
				<point>502.000000,912.000000</point>
			</points>
		</object>
		<object>
			<coordinate>pixel</coordinate>
			<type>rectangle</type>
			<description>None</description>
			<possibleresult>
				<name>Small Car</name>
			</possibleresult>
			<points>
				<point>494.000000,913.000000</point>
				<point>485.000000,913.000000</point>
				<point>485.000000,896.000000</point>
				<point>494.000000,896.000000</point>
				<point>494.000000,913.000000</point>
			</points>
		</object>
		<object>
			<coordinate>pixel</coordinate>
			<type>rectangle</type>
			<description>None</description>
			<possibleresult>
				<name>Van</name>
			</possibleresult>
			<points>
				<point>135.000000,813.000000</point>
				<point>127.000000,813.000000</point>
				<point>127.000000,797.000000</point>
				<point>135.000000,797.000000</point>
				<point>135.000000,813.000000</point>
			</points>
		</object>
		<object>
			<coordinate>pixel</coordinate>
			<type>rectangle</type>
			<description>None</description>
			<possibleresult>
				<name>Small Car</name>
			</possibleresult>
			<points>
				<point>146.000000,812.000000</point>
				<point>137.000000,812.000000</point>
				<point>137.000000,797.000000</point>
				<point>146.000000,797.000000</point>
				<point>146.000000,812.000000</point>
			</points>
		</object>
		<object>
			<coordinate>pixel</coordinate>
			<type>rectangle</type>
			<description>None</description>
			<possibleresult>
				<name>Small Car</name>
			</possibleresult>
			<points>
				<point>165.000000,812.000000</point>
				<point>156.000000,812.000000</point>
				<point>156.000000,797.000000</point>
				<point>165.000000,797.000000</point>
				<point>165.000000,812.000000</point>
			</points>
		</object>
		<object>
			<coordinate>pixel</coordinate>
			<type>rectangle</type>
			<description>None</description>
			<possibleresult>
				<name>Van</name>
			</possibleresult>
			<points>
				<point>185.000000,810.000000</point>
				<point>177.000000,810.000000</point>
				<point>177.000000,798.000000</point>
				<point>185.000000,798.000000</point>
				<point>185.000000,810.000000</point>
			</points>
		</object>
		<object>
			<coordinate>pixel</coordinate>
			<type>rectangle</type>
			<description>None</description>
			<possibleresult>
				<name>Small Car</name>
			</possibleresult>
			<points>
				<point>195.000000,809.000000</point>
				<point>187.000000,809.000000</point>
				<point>187.000000,796.000000</point>
				<point>195.000000,796.000000</point>
				<point>195.000000,809.000000</point>
			</points>
		</object>
		<object>
			<coordinate>pixel</coordinate>
			<type>rectangle</type>
			<description>None</description>
			<possibleresult>
				<name>Van</name>
			</possibleresult>
			<points>
				<point>204.000000,815.000000</point>
				<point>195.000000,815.000000</point>
				<point>195.000000,797.000000</point>
				<point>204.000000,797.000000</point>
				<point>204.000000,815.000000</point>
			</points>
		</object>
		<object>
			<coordinate>pixel</coordinate>
			<type>rectangle</type>
			<description>None</description>
			<possibleresult>
				<name>Small Car</name>
			</possibleresult>
			<points>
				<point>190.000031,874.999939</point>
				<point>187.993195,892.057922</point>
				<point>179.000031,890.999939</point>
				<point>181.006866,873.941956</point>
				<point>190.000031,874.999939</point>
			</points>
		</object>
		<object>
			<coordinate>pixel</coordinate>
			<type>rectangle</type>
			<description>None</description>
			<possibleresult>
				<name>Small Car</name>
			</possibleresult>
			<points>
				<point>205.000000,875.999878</point>
				<point>202.980011,890.139893</point>
				<point>195.000000,888.999878</point>
				<point>197.019989,874.859863</point>
				<point>205.000000,875.999878</point>
			</points>
		</object>
		<object>
			<coordinate>pixel</coordinate>
			<type>rectangle</type>
			<description>None</description>
			<possibleresult>
				<name>Van</name>
			</possibleresult>
			<points>
				<point>133.000000,914.000000</point>
				<point>126.000000,914.000000</point>
				<point>126.000000,901.000000</point>
				<point>133.000000,901.000000</point>
				<point>133.000000,914.000000</point>
			</points>
		</object>
		<object>
			<coordinate>pixel</coordinate>
			<type>rectangle</type>
			<description>None</description>
			<possibleresult>
				<name>Van</name>
			</possibleresult>
			<points>
				<point>216.000000,798.000000</point>
				<point>207.000000,798.000000</point>
				<point>207.000000,781.000000</point>
				<point>216.000000,781.000000</point>
				<point>216.000000,798.000000</point>
			</points>
		</object>
		<object>
			<coordinate>pixel</coordinate>
			<type>rectangle</type>
			<description>None</description>
			<possibleresult>
				<name>Van</name>
			</possibleresult>
			<points>
				<point>417.000000,746.000000</point>
				<point>410.000000,746.000000</point>
				<point>410.000000,734.000000</point>
				<point>417.000000,734.000000</point>
				<point>417.000000,746.000000</point>
			</points>
		</object>
		<object>
			<coordinate>pixel</coordinate>
			<type>rectangle</type>
			<description>None</description>
			<possibleresult>
				<name>other-vehicle</name>
			</possibleresult>
			<points>
				<point>427.000000,746.000000</point>
				<point>419.000000,746.000000</point>
				<point>419.000000,734.000000</point>
				<point>427.000000,734.000000</point>
				<point>427.000000,746.000000</point>
			</points>
		</object>
		<object>
			<coordinate>pixel</coordinate>
			<type>rectangle</type>
			<description>None</description>
			<possibleresult>
				<name>Van</name>
			</possibleresult>
			<points>
				<point>437.000000,746.000000</point>
				<point>430.000000,746.000000</point>
				<point>430.000000,733.000000</point>
				<point>437.000000,733.000000</point>
				<point>437.000000,746.000000</point>
			</points>
		</object>
		<object>
			<coordinate>pixel</coordinate>
			<type>rectangle</type>
			<description>None</description>
			<possibleresult>
				<name>Small Car</name>
			</possibleresult>
			<points>
				<point>193.387695,520.021545</point>
				<point>193.000000,527.000061</point>
				<point>175.000000,526.000061</point>
				<point>175.387695,519.021545</point>
				<point>193.387695,520.021545</point>
			</points>
		</object>
		<object>
			<coordinate>pixel</coordinate>
			<type>rectangle</type>
			<description>None</description>
			<possibleresult>
				<name>Small Car</name>
			</possibleresult>
			<points>
				<point>195.000000,544.000000</point>
				<point>175.000000,544.000000</point>
				<point>175.000000,536.000000</point>
				<point>195.000000,536.000000</point>
				<point>195.000000,544.000000</point>
			</points>
		</object>
		<object>
			<coordinate>pixel</coordinate>
			<type>rectangle</type>
			<description>None</description>
			<possibleresult>
				<name>Van</name>
			</possibleresult>
			<points>
				<point>194.349136,565.982544</point>
				<point>174.000015,567.000000</point>
				<point>173.650894,560.017456</point>
				<point>194.000015,559.000000</point>
				<point>194.349136,565.982544</point>
			</points>
		</object>
		<object>
			<coordinate>pixel</coordinate>
			<type>rectangle</type>
			<description>None</description>
			<possibleresult>
				<name>Small Car</name>
			</possibleresult>
			<points>
				<point>152.000000,549.000000</point>
				<point>131.000000,549.000000</point>
				<point>131.000000,541.000000</point>
				<point>152.000000,541.000000</point>
				<point>152.000000,549.000000</point>
			</points>
		</object>
		<object>
			<coordinate>pixel</coordinate>
			<type>rectangle</type>
			<description>None</description>
			<possibleresult>
				<name>other-vehicle</name>
			</possibleresult>
			<points>
				<point>151.000000,526.000000</point>
				<point>132.000000,526.000000</point>
				<point>132.000000,518.000000</point>
				<point>151.000000,518.000000</point>
				<point>151.000000,526.000000</point>
			</points>
		</object>
		<object>
			<coordinate>pixel</coordinate>
			<type>rectangle</type>
			<description>None</description>
			<possibleresult>
				<name>Small Car</name>
			</possibleresult>
			<points>
				<point>62.000000,742.000000</point>
				<point>45.000000,742.000000</point>
				<point>45.000000,736.000000</point>
				<point>62.000000,736.000000</point>
				<point>62.000000,742.000000</point>
			</points>
		</object>
		<object>
			<coordinate>pixel</coordinate>
			<type>rectangle</type>
			<description>None</description>
			<possibleresult>
				<name>Small Car</name>
			</possibleresult>
			<points>
				<point>62.000000,734.000000</point>
				<point>47.000000,734.000000</point>
				<point>47.000000,728.000000</point>
				<point>62.000000,728.000000</point>
				<point>62.000000,734.000000</point>
			</points>
		</object>
		<object>
			<coordinate>pixel</coordinate>
			<type>rectangle</type>
			<description>None</description>
			<possibleresult>
				<name>Van</name>
			</possibleresult>
			<points>
				<point>103.000000,724.000000</point>
				<point>84.000000,724.000000</point>
				<point>84.000000,719.000000</point>
				<point>103.000000,719.000000</point>
				<point>103.000000,724.000000</point>
			</points>
		</object>
		<object>
			<coordinate>pixel</coordinate>
			<type>rectangle</type>
			<description>None</description>
			<possibleresult>
				<name>Small Car</name>
			</possibleresult>
			<points>
				<point>102.299255,711.015076</point>
				<point>102.000000,717.000061</point>
				<point>81.700745,715.985046</point>
				<point>82.000000,710.000061</point>
				<point>102.299255,711.015076</point>
			</points>
		</object>
		<object>
			<coordinate>pixel</coordinate>
			<type>rectangle</type>
			<description>None</description>
			<possibleresult>
				<name>Van</name>
			</possibleresult>
			<points>
				<point>102.000000,708.000000</point>
				<point>84.000000,708.000000</point>
				<point>84.000000,702.000000</point>
				<point>102.000000,702.000000</point>
				<point>102.000000,708.000000</point>
			</points>
		</object>
		<object>
			<coordinate>pixel</coordinate>
			<type>rectangle</type>
			<description>None</description>
			<possibleresult>
				<name>Van</name>
			</possibleresult>
			<points>
				<point>83.000000,699.000000</point>
				<point>62.000000,699.000000</point>
				<point>62.000000,693.000000</point>
				<point>83.000000,693.000000</point>
				<point>83.000000,699.000000</point>
			</points>
		</object>
		<object>
			<coordinate>pixel</coordinate>
			<type>rectangle</type>
			<description>None</description>
			<possibleresult>
				<name>Small Car</name>
			</possibleresult>
			<points>
				<point>520.000000,526.000000</point>
				<point>513.000000,526.000000</point>
				<point>513.000000,511.000000</point>
				<point>520.000000,511.000000</point>
				<point>520.000000,526.000000</point>
			</points>
		</object>
		<object>
			<coordinate>pixel</coordinate>
			<type>rectangle</type>
			<description>None</description>
			<possibleresult>
				<name>Small Car</name>
			</possibleresult>
			<points>
				<point>512.000000,512.000061</point>
				<point>510.000031,528.000061</point>
				<point>502.000031,527.000061</point>
				<point>504.000031,511.000061</point>
				<point>512.000000,512.000061</point>
			</points>
		</object>
		<object>
			<coordinate>pixel</coordinate>
			<type>rectangle</type>
			<description>None</description>
			<possibleresult>
				<name>Small Car</name>
			</possibleresult>
			<points>
				<point>501.999969,511.000000</point>
				<point>499.999969,528.000000</point>
				<point>492.109161,527.071655</point>
				<point>494.109161,510.071655</point>
				<point>501.999969,511.000000</point>
			</points>
		</object>
		<object>
			<coordinate>pixel</coordinate>
			<type>rectangle</type>
			<description>None</description>
			<possibleresult>
				<name>Van</name>
			</possibleresult>
			<points>
				<point>498.000000,499.000000</point>
				<point>485.000000,499.000000</point>
				<point>485.000000,492.000000</point>
				<point>498.000000,492.000000</point>
				<point>498.000000,499.000000</point>
			</points>
		</object>
		<object>
			<coordinate>pixel</coordinate>
			<type>rectangle</type>
			<description>None</description>
			<possibleresult>
				<name>Small Car</name>
			</possibleresult>
			<points>
				<point>281.000000,569.000000</point>
				<point>274.959412,569.431519</point>
				<point>273.959412,555.431519</point>
				<point>280.000000,555.000000</point>
				<point>281.000000,569.000000</point>
			</points>
		</object>
		<object>
			<coordinate>pixel</coordinate>
			<type>rectangle</type>
			<description>None</description>
			<possibleresult>
				<name>Van</name>
			</possibleresult>
			<points>
				<point>293.035278,567.458801</point>
				<point>286.000000,567.999939</point>
				<point>285.000000,554.999939</point>
				<point>292.035278,554.458801</point>
				<point>293.035278,567.458801</point>
			</points>
		</object>
		<object>
			<coordinate>pixel</coordinate>
			<type>rectangle</type>
			<description>None</description>
			<possibleresult>
				<name>Van</name>
			</possibleresult>
			<points>
				<point>300.000000,565.000000</point>
				<point>293.000000,565.000000</point>
				<point>293.000000,553.000000</point>
				<point>300.000000,553.000000</point>
				<point>300.000000,565.000000</point>
			</points>
		</object>
		<object>
			<coordinate>pixel</coordinate>
			<type>rectangle</type>
			<description>None</description>
			<possibleresult>
				<name>Van</name>
			</possibleresult>
			<points>
				<point>352.000061,445.000061</point>
				<point>350.964661,460.531006</point>
				<point>343.000061,460.000061</point>
				<point>344.035461,444.469116</point>
				<point>352.000061,445.000061</point>
			</points>
		</object>
		<object>
			<coordinate>pixel</coordinate>
			<type>rectangle</type>
			<description>None</description>
			<possibleresult>
				<name>Van</name>
			</possibleresult>
			<points>
				<point>466.000000,759.000000</point>
				<point>464.975891,776.410400</point>
				<point>458.000000,776.000000</point>
				<point>459.024109,758.589600</point>
				<point>466.000000,759.000000</point>
			</points>
		</object>
		<object>
			<coordinate>pixel</coordinate>
			<type>rectangle</type>
			<description>None</description>
			<possibleresult>
				<name>Small Car</name>
			</possibleresult>
			<points>
				<point>6.000000,572.000000</point>
				<point>0.000000,572.000000</point>
				<point>0.000000,554.000000</point>
				<point>6.000000,554.000000</point>
				<point>6.000000,572.000000</point>
			</points>
		</object>
		<object>
			<coordinate>pixel</coordinate>
			<type>rectangle</type>
			<description>None</description>
			<possibleresult>
				<name>Small Car</name>
			</possibleresult>
			<points>
				<point>14.000000,569.000061</point>
				<point>7.048276,569.579407</point>
				<point>6.000000,557.000061</point>
				<point>12.951723,556.420715</point>
				<point>14.000000,569.000061</point>
			</points>
		</object>
		<object>
			<coordinate>pixel</coordinate>
			<type>rectangle</type>
			<description>None</description>
			<possibleresult>
				<name>Small Car</name>
			</possibleresult>
			<points>
				<point>27.027626,570.524902</point>
				<point>18.000000,571.000000</point>
				<point>17.000000,552.000000</point>
				<point>26.027626,551.524902</point>
				<point>27.027626,570.524902</point>
			</points>
		</object>
		<object>
			<coordinate>pixel</coordinate>
			<type>rectangle</type>
			<description>None</description>
			<possibleresult>
				<name>Van</name>
			</possibleresult>
			<points>
				<point>102.999992,593.000000</point>
				<point>101.972298,611.498413</point>
				<point>92.999992,611.000000</point>
				<point>94.027687,592.501587</point>
				<point>102.999992,593.000000</point>
			</points>
		</object>
		<object>
			<coordinate>pixel</coordinate>
			<type>rectangle</type>
			<description>None</description>
			<possibleresult>
				<name>Small Car</name>
			</possibleresult>
			<points>
				<point>93.000000,610.000000</point>
				<point>84.000000,610.000000</point>
				<point>84.000000,594.000000</point>
				<point>93.000000,594.000000</point>
				<point>93.000000,610.000000</point>
			</points>
		</object>
		<object>
			<coordinate>pixel</coordinate>
			<type>rectangle</type>
			<description>None</description>
			<possibleresult>
				<name>Small Car</name>
			</possibleresult>
			<points>
				<point>73.000000,610.000000</point>
				<point>64.000000,610.000000</point>
				<point>64.000000,594.000000</point>
				<point>73.000000,594.000000</point>
				<point>73.000000,610.000000</point>
			</points>
		</object>
		<object>
			<coordinate>pixel</coordinate>
			<type>rectangle</type>
			<description>None</description>
			<possibleresult>
				<name>Van</name>
			</possibleresult>
			<points>
				<point>399.000000,570.000000</point>
				<point>392.000000,570.000000</point>
				<point>392.000000,558.000000</point>
				<point>399.000000,558.000000</point>
				<point>399.000000,570.000000</point>
			</points>
		</object>
		<object>
			<coordinate>pixel</coordinate>
			<type>rectangle</type>
			<description>None</description>
			<possibleresult>
				<name>Van</name>
			</possibleresult>
			<points>
				<point>733.000000,464.000000</point>
				<point>724.000000,464.000000</point>
				<point>724.000000,448.000000</point>
				<point>733.000000,448.000000</point>
				<point>733.000000,464.000000</point>
			</points>
		</object>
		<object>
			<coordinate>pixel</coordinate>
			<type>rectangle</type>
			<description>None</description>
			<possibleresult>
				<name>Van</name>
			</possibleresult>
			<points>
				<point>698.000000,464.000000</point>
				<point>690.000000,464.000000</point>
				<point>690.000000,450.000000</point>
				<point>698.000000,450.000000</point>
				<point>698.000000,464.000000</point>
			</points>
		</object>
		<object>
			<coordinate>pixel</coordinate>
			<type>rectangle</type>
			<description>None</description>
			<possibleresult>
				<name>Van</name>
			</possibleresult>
			<points>
				<point>655.000000,566.000000</point>
				<point>648.000000,566.000000</point>
				<point>648.000000,554.000000</point>
				<point>655.000000,554.000000</point>
				<point>655.000000,566.000000</point>
			</points>
		</object>
		<object>
			<coordinate>pixel</coordinate>
			<type>rectangle</type>
			<description>None</description>
			<possibleresult>
				<name>Van</name>
			</possibleresult>
			<points>
				<point>656.000000,553.000000</point>
				<point>648.000000,553.000000</point>
				<point>648.000000,537.000000</point>
				<point>656.000000,537.000000</point>
				<point>656.000000,553.000000</point>
			</points>
		</object>
		<object>
			<coordinate>pixel</coordinate>
			<type>rectangle</type>
			<description>None</description>
			<possibleresult>
				<name>Van</name>
			</possibleresult>
			<points>
				<point>843.000000,453.000000</point>
				<point>841.975342,471.443054</point>
				<point>834.000000,471.000000</point>
				<point>835.024658,452.556946</point>
				<point>843.000000,453.000000</point>
			</points>
		</object>
		<object>
			<coordinate>pixel</coordinate>
			<type>rectangle</type>
			<description>None</description>
			<possibleresult>
				<name>Small Car</name>
			</possibleresult>
			<points>
				<point>854.000000,453.000000</point>
				<point>853.000000,471.000000</point>
				<point>844.969238,470.553833</point>
				<point>845.969238,452.553833</point>
				<point>854.000000,453.000000</point>
			</points>
		</object>
		<object>
			<coordinate>pixel</coordinate>
			<type>rectangle</type>
			<description>None</description>
			<possibleresult>
				<name>Van</name>
			</possibleresult>
			<points>
				<point>874.000000,470.000000</point>
				<point>866.000000,470.000000</point>
				<point>866.000000,454.000000</point>
				<point>874.000000,454.000000</point>
				<point>874.000000,470.000000</point>
			</points>
		</object>
		<object>
			<coordinate>pixel</coordinate>
			<type>rectangle</type>
			<description>None</description>
			<possibleresult>
				<name>Van</name>
			</possibleresult>
			<points>
				<point>864.000000,452.999969</point>
				<point>863.000000,470.999969</point>
				<point>854.969238,470.553802</point>
				<point>855.969238,452.553802</point>
				<point>864.000000,452.999969</point>
			</points>
		</object>
		<object>
			<coordinate>pixel</coordinate>
			<type>rectangle</type>
			<description>None</description>
			<possibleresult>
				<name>Van</name>
			</possibleresult>
			<points>
				<point>833.000000,468.000000</point>
				<point>825.000000,468.000000</point>
				<point>825.000000,455.000000</point>
				<point>833.000000,455.000000</point>
				<point>833.000000,468.000000</point>
			</points>
		</object>
		<object>
			<coordinate>pixel</coordinate>
			<type>rectangle</type>
			<description>None</description>
			<possibleresult>
				<name>Small Car</name>
			</possibleresult>
			<points>
				<point>899.000000,456.000031</point>
				<point>897.968872,472.498077</point>
				<point>890.000000,472.000031</point>
				<point>891.031128,455.501984</point>
				<point>899.000000,456.000031</point>
			</points>
		</object>
		<object>
			<coordinate>pixel</coordinate>
			<type>rectangle</type>
			<description>None</description>
			<possibleresult>
				<name>Van</name>
			</possibleresult>
			<points>
				<point>891.000061,499.000061</point>
				<point>890.000061,514.000061</point>
				<point>882.964661,513.531006</point>
				<point>883.964661,498.531006</point>
				<point>891.000061,499.000061</point>
			</points>
		</object>
		<object>
			<coordinate>pixel</coordinate>
			<type>rectangle</type>
			<description>None</description>
			<possibleresult>
				<name>Van</name>
			</possibleresult>
			<points>
				<point>893.000000,576.000000</point>
				<point>872.000000,576.000000</point>
				<point>872.000000,568.000000</point>
				<point>893.000000,568.000000</point>
				<point>893.000000,576.000000</point>
			</points>
		</object>
		<object>
			<coordinate>pixel</coordinate>
			<type>rectangle</type>
			<description>None</description>
			<possibleresult>
				<name>Van</name>
			</possibleresult>
			<points>
				<point>938.000000,743.000000</point>
				<point>917.000000,743.000000</point>
				<point>917.000000,736.000000</point>
				<point>938.000000,736.000000</point>
				<point>938.000000,743.000000</point>
			</points>
		</object>
		<object>
			<coordinate>pixel</coordinate>
			<type>rectangle</type>
			<description>None</description>
			<possibleresult>
				<name>Small Car</name>
			</possibleresult>
			<points>
				<point>871.000000,728.000000</point>
				<point>862.000000,728.000000</point>
				<point>862.000000,712.000000</point>
				<point>871.000000,712.000000</point>
				<point>871.000000,728.000000</point>
			</points>
		</object>
		<object>
			<coordinate>pixel</coordinate>
			<type>rectangle</type>
			<description>None</description>
			<possibleresult>
				<name>Van</name>
			</possibleresult>
			<points>
				<point>923.215881,769.809143</point>
				<point>915.000061,772.000061</point>
				<point>911.000061,757.000061</point>
				<point>919.215881,754.809143</point>
				<point>923.215881,769.809143</point>
			</points>
		</object>
		<object>
			<coordinate>pixel</coordinate>
			<type>rectangle</type>
			<description>None</description>
			<possibleresult>
				<name>Small Car</name>
			</possibleresult>
			<points>
				<point>912.999939,771.000061</point>
				<point>905.999939,773.000061</point>
				<point>902.528259,760.849060</point>
				<point>909.528259,758.849060</point>
				<point>912.999939,771.000061</point>
			</points>
		</object>
		<object>
			<coordinate>pixel</coordinate>
			<type>rectangle</type>
			<description>None</description>
			<possibleresult>
				<name>Small Car</name>
			</possibleresult>
			<points>
				<point>903.294189,772.176575</point>
				<point>895.294189,774.176575</point>
				<point>892.000122,761.000061</point>
				<point>900.000122,759.000061</point>
				<point>903.294189,772.176575</point>
			</points>
		</object>
		<object>
			<coordinate>pixel</coordinate>
			<type>rectangle</type>
			<description>None</description>
			<possibleresult>
				<name>Small Car</name>
			</possibleresult>
			<points>
				<point>939.000061,784.000000</point>
				<point>936.452698,790.186401</point>
				<point>919.452698,783.186401</point>
				<point>922.000061,777.000000</point>
				<point>939.000061,784.000000</point>
			</points>
		</object>
		<object>
			<coordinate>pixel</coordinate>
			<type>rectangle</type>
			<description>None</description>
			<possibleresult>
				<name>Trailer</name>
			</possibleresult>
			<points>
				<point>975.000000,954.000000</point>
				<point>945.000000,954.000000</point>
				<point>945.000000,946.000000</point>
				<point>975.000000,946.000000</point>
				<point>975.000000,954.000000</point>
			</points>
		</object>
		<object>
			<coordinate>pixel</coordinate>
			<type>rectangle</type>
			<description>None</description>
			<possibleresult>
				<name>Van</name>
			</possibleresult>
			<points>
				<point>909.000061,933.000122</point>
				<point>901.008850,934.065674</point>
				<point>899.000061,919.000122</point>
				<point>906.991272,917.934570</point>
				<point>909.000061,933.000122</point>
			</points>
		</object>
		<object>
			<coordinate>pixel</coordinate>
			<type>rectangle</type>
			<description>None</description>
			<possibleresult>
				<name>Small Car</name>
			</possibleresult>
			<points>
				<point>792.000000,932.000000</point>
				<point>784.000000,932.000000</point>
				<point>784.000000,920.000000</point>
				<point>792.000000,920.000000</point>
				<point>792.000000,932.000000</point>
			</points>
		</object>
		<object>
			<coordinate>pixel</coordinate>
			<type>rectangle</type>
			<description>None</description>
			<possibleresult>
				<name>Dump Truck</name>
			</possibleresult>
			<points>
				<point>780.999939,932.999878</point>
				<point>772.970520,933.617554</point>
				<point>771.970520,920.617554</point>
				<point>779.999939,919.999878</point>
				<point>780.999939,932.999878</point>
			</points>
		</object>
		<object>
			<coordinate>pixel</coordinate>
			<type>rectangle</type>
			<description>None</description>
			<possibleresult>
				<name>other-vehicle</name>
			</possibleresult>
			<points>
				<point>569.000000,920.000000</point>
				<point>553.000000,920.000000</point>
				<point>553.000000,914.000000</point>
				<point>569.000000,914.000000</point>
				<point>569.000000,920.000000</point>
			</points>
		</object>
		<object>
			<coordinate>pixel</coordinate>
			<type>rectangle</type>
			<description>None</description>
			<possibleresult>
				<name>Van</name>
			</possibleresult>
			<points>
				<point>26.000000,488.000000</point>
				<point>17.035019,488.560303</point>
				<point>16.035019,472.560303</point>
				<point>25.000000,472.000000</point>
				<point>26.000000,488.000000</point>
			</points>
		</object>
		<object>
			<coordinate>pixel</coordinate>
			<type>rectangle</type>
			<description>None</description>
			<possibleresult>
				<name>Small Car</name>
			</possibleresult>
			<points>
				<point>542.000000,700.000000</point>
				<point>532.000000,700.000000</point>
				<point>532.000000,682.000000</point>
				<point>542.000000,682.000000</point>
				<point>542.000000,700.000000</point>
			</points>
		</object>
		<object>
			<coordinate>pixel</coordinate>
			<type>rectangle</type>
			<description>None</description>
			<possibleresult>
				<name>Small Car</name>
			</possibleresult>
			<points>
				<point>570.387695,649.021484</point>
				<point>570.000000,656.000000</point>
				<point>551.612305,654.978516</point>
				<point>552.000000,648.000000</point>
				<point>570.387695,649.021484</point>
			</points>
		</object>
		<object>
			<coordinate>pixel</coordinate>
			<type>rectangle</type>
			<description>None</description>
			<possibleresult>
				<name>Small Car</name>
			</possibleresult>
			<points>
				<point>648.000000,730.000061</point>
				<point>646.000000,748.000061</point>
				<point>637.000000,747.000061</point>
				<point>639.000000,729.000061</point>
				<point>648.000000,730.000061</point>
			</points>
		</object>
		<object>
			<coordinate>pixel</coordinate>
			<type>rectangle</type>
			<description>None</description>
			<possibleresult>
				<name>Dump Truck</name>
			</possibleresult>
			<points>
				<point>950.012207,729.109741</point>
				<point>942.000000,730.000000</point>
				<point>939.987793,711.890259</point>
				<point>948.000000,711.000000</point>
				<point>950.012207,729.109741</point>
			</points>
		</object>
		<object>
			<coordinate>pixel</coordinate>
			<type>rectangle</type>
			<description>None</description>
			<possibleresult>
				<name>Dump Truck</name>
			</possibleresult>
			<points>
				<point>940.000061,689.000000</point>
				<point>931.026306,691.111450</point>
				<point>927.000061,674.000000</point>
				<point>935.973816,671.888550</point>
				<point>940.000061,689.000000</point>
			</points>
		</object>
	</objects>
</annotation>