<?xml version="1.0" encoding="utf-8"?>
<annotation>
	<source>
		<filename>1620.tif</filename>
		<origin>GF2/GF3</origin>
	</source>
	<research>
		<version>1.0</version>
		<provider>FAIR1M</provider>
		<author>Cyber</author>
		<pluginname>FAIR1M</pluginname>
		<pluginclass>object detection</pluginclass>
		<time>2021-07-21</time>
	</research>
	<size>
		<width>1500</width>
		<height>1500</height>
		<depth>3</depth>
	</size>
	<objects>
		<object>
			<coordinate>pixel</coordinate>
			<type>rectangle</type>
			<description>None</description>
			<possibleresult>
				<name>Tugboat</name>
			</possibleresult>
			<points>
				<point>1271.000000,2.000000</point>
				<point>1271.000000,27.000000</point>
				<point>1280.000000,27.000000</point>
				<point>1280.000000,2.000000</point>
				<point>1271.000000,2.000000</point>
			</points>
		</object>
		<object>
			<coordinate>pixel</coordinate>
			<type>rectangle</type>
			<description>None</description>
			<possibleresult>
				<name>Tugboat</name>
			</possibleresult>
			<points>
				<point>1326.000000,27.000000</point>
				<point>1339.000000,27.000000</point>
				<point>1339.000000,1.000000</point>
				<point>1326.000000,1.000000</point>
				<point>1326.000000,27.000000</point>
			</points>
		</object>
		<object>
			<coordinate>pixel</coordinate>
			<type>rectangle</type>
			<description>None</description>
			<possibleresult>
				<name>Tugboat</name>
			</possibleresult>
			<points>
				<point>1327.000000,78.000000</point>
				<point>1340.000000,78.000000</point>
				<point>1340.000000,40.000000</point>
				<point>1327.000000,40.000000</point>
				<point>1327.000000,78.000000</point>
			</points>
		</object>
		<object>
			<coordinate>pixel</coordinate>
			<type>rectangle</type>
			<description>None</description>
			<possibleresult>
				<name>Tugboat</name>
			</possibleresult>
			<points>
				<point>1328.000000,137.000000</point>
				<point>1343.000000,137.000000</point>
				<point>1343.000000,93.000000</point>
				<point>1328.000000,93.000000</point>
				<point>1328.000000,137.000000</point>
			</points>
		</object>
		<object>
			<coordinate>pixel</coordinate>
			<type>rectangle</type>
			<description>None</description>
			<possibleresult>
				<name>Tugboat</name>
			</possibleresult>
			<points>
				<point>1268.000000,39.000000</point>
				<point>1269.000000,78.000000</point>
				<point>1279.000000,78.000000</point>
				<point>1278.000000,39.000000</point>
				<point>1268.000000,39.000000</point>
			</points>
		</object>
		<object>
			<coordinate>pixel</coordinate>
			<type>rectangle</type>
			<description>None</description>
			<possibleresult>
				<name>Tugboat</name>
			</possibleresult>
			<points>
				<point>1313.000000,28.000000</point>
				<point>1325.000000,28.000000</point>
				<point>1325.000000,0.000000</point>
				<point>1313.000000,0.000000</point>
				<point>1313.000000,28.000000</point>
			</points>
		</object>
		<object>
			<coordinate>pixel</coordinate>
			<type>rectangle</type>
			<description>None</description>
			<possibleresult>
				<name>Tugboat</name>
			</possibleresult>
			<points>
				<point>1313.000000,81.000000</point>
				<point>1326.000000,81.000000</point>
				<point>1326.000000,36.000000</point>
				<point>1313.000000,36.000000</point>
				<point>1313.000000,81.000000</point>
			</points>
		</object>
		<object>
			<coordinate>pixel</coordinate>
			<type>rectangle</type>
			<description>None</description>
			<possibleresult>
				<name>Tugboat</name>
			</possibleresult>
			<points>
				<point>1280.000000,38.000000</point>
				<point>1280.000000,79.000000</point>
				<point>1295.000000,79.000000</point>
				<point>1295.000000,38.000000</point>
				<point>1280.000000,38.000000</point>
			</points>
		</object>
		<object>
			<coordinate>pixel</coordinate>
			<type>rectangle</type>
			<description>None</description>
			<possibleresult>
				<name>Tugboat</name>
			</possibleresult>
			<points>
				<point>1279.000000,94.000000</point>
				<point>1279.000000,136.000000</point>
				<point>1292.000000,136.000000</point>
				<point>1292.000000,94.000000</point>
				<point>1279.000000,94.000000</point>
			</points>
		</object>
		<object>
			<coordinate>pixel</coordinate>
			<type>rectangle</type>
			<description>None</description>
			<possibleresult>
				<name>Tugboat</name>
			</possibleresult>
			<points>
				<point>1315.000000,131.000000</point>
				<point>1326.000000,131.000000</point>
				<point>1326.000000,88.000000</point>
				<point>1315.000000,88.000000</point>
				<point>1315.000000,131.000000</point>
			</points>
		</object>
		<object>
			<coordinate>pixel</coordinate>
			<type>rectangle</type>
			<description>None</description>
			<possibleresult>
				<name>Tugboat</name>
			</possibleresult>
			<points>
				<point>1228.000000,36.000000</point>
				<point>1236.000000,36.000000</point>
				<point>1236.000000,10.000000</point>
				<point>1228.000000,10.000000</point>
				<point>1228.000000,36.000000</point>
			</points>
		</object>
		<object>
			<coordinate>pixel</coordinate>
			<type>rectangle</type>
			<description>None</description>
			<possibleresult>
				<name>Tugboat</name>
			</possibleresult>
			<points>
				<point>1281.000000,1.000000</point>
				<point>1281.000000,28.000000</point>
				<point>1295.000000,28.000000</point>
				<point>1294.000000,1.000000</point>
				<point>1281.000000,1.000000</point>
			</points>
		</object>
		<object>
			<coordinate>pixel</coordinate>
			<type>rectangle</type>
			<description>None</description>
			<possibleresult>
				<name>Tugboat</name>
			</possibleresult>
			<points>
				<point>1217.000000,36.000000</point>
				<point>1226.000000,36.000000</point>
				<point>1226.000000,2.000000</point>
				<point>1217.000000,2.000000</point>
				<point>1217.000000,36.000000</point>
			</points>
		</object>
		<object>
			<coordinate>pixel</coordinate>
			<type>rectangle</type>
			<description>None</description>
			<possibleresult>
				<name>Fishing Boat</name>
			</possibleresult>
			<points>
				<point>1391.000000,37.000000</point>
				<point>1436.000000,37.000000</point>
				<point>1436.000000,26.000000</point>
				<point>1391.000000,26.000000</point>
				<point>1391.000000,37.000000</point>
			</points>
		</object>
		<object>
			<coordinate>pixel</coordinate>
			<type>rectangle</type>
			<description>None</description>
			<possibleresult>
				<name>Fishing Boat</name>
			</possibleresult>
			<points>
				<point>1395.000000,43.000000</point>
				<point>1395.000000,82.000000</point>
				<point>1404.000000,82.000000</point>
				<point>1404.000000,43.000000</point>
				<point>1395.000000,43.000000</point>
			</points>
		</object>
		<object>
			<coordinate>pixel</coordinate>
			<type>rectangle</type>
			<description>None</description>
			<possibleresult>
				<name>Fishing Boat</name>
			</possibleresult>
			<points>
				<point>1422.000000,86.000000</point>
				<point>1432.000000,86.000000</point>
				<point>1432.000000,47.000000</point>
				<point>1422.000000,47.000000</point>
				<point>1422.000000,86.000000</point>
			</points>
		</object>
		<object>
			<coordinate>pixel</coordinate>
			<type>rectangle</type>
			<description>None</description>
			<possibleresult>
				<name>Fishing Boat</name>
			</possibleresult>
			<points>
				<point>1397.000000,90.000000</point>
				<point>1396.000000,140.000000</point>
				<point>1405.000000,140.000000</point>
				<point>1406.000000,90.000000</point>
				<point>1397.000000,90.000000</point>
			</points>
		</object>
		<object>
			<coordinate>pixel</coordinate>
			<type>rectangle</type>
			<description>None</description>
			<possibleresult>
				<name>Fishing Boat</name>
			</possibleresult>
			<points>
				<point>1433.000000,136.000000</point>
				<point>1442.000000,136.000000</point>
				<point>1442.000000,96.000000</point>
				<point>1433.000000,96.000000</point>
				<point>1433.000000,136.000000</point>
			</points>
		</object>
		<object>
			<coordinate>pixel</coordinate>
			<type>rectangle</type>
			<description>None</description>
			<possibleresult>
				<name>Tugboat</name>
			</possibleresult>
			<points>
				<point>1281.000000,145.000000</point>
				<point>1281.000000,174.000000</point>
				<point>1293.000000,174.000000</point>
				<point>1293.000000,145.000000</point>
				<point>1281.000000,145.000000</point>
			</points>
		</object>
		<object>
			<coordinate>pixel</coordinate>
			<type>rectangle</type>
			<description>None</description>
			<possibleresult>
				<name>Tugboat</name>
			</possibleresult>
			<points>
				<point>1271.000000,149.000000</point>
				<point>1271.000000,176.000000</point>
				<point>1281.000000,175.000000</point>
				<point>1281.000000,148.000000</point>
				<point>1271.000000,149.000000</point>
			</points>
		</object>
		<object>
			<coordinate>pixel</coordinate>
			<type>rectangle</type>
			<description>None</description>
			<possibleresult>
				<name>Fishing Boat</name>
			</possibleresult>
			<points>
				<point>1397.000000,25.000000</point>
				<point>1435.000000,25.000000</point>
				<point>1435.000000,17.000000</point>
				<point>1397.000000,17.000000</point>
				<point>1397.000000,25.000000</point>
			</points>
		</object>
		<object>
			<coordinate>pixel</coordinate>
			<type>rectangle</type>
			<description>None</description>
			<possibleresult>
				<name>Motorboat</name>
			</possibleresult>
			<points>
				<point>1433.000000,175.000000</point>
				<point>1439.000000,175.000000</point>
				<point>1439.000000,152.000000</point>
				<point>1433.000000,152.000000</point>
				<point>1433.000000,175.000000</point>
			</points>
		</object>
		<object>
			<coordinate>pixel</coordinate>
			<type>rectangle</type>
			<description>None</description>
			<possibleresult>
				<name>Motorboat</name>
			</possibleresult>
			<points>
				<point>1425.000000,181.000000</point>
				<point>1431.000000,181.000000</point>
				<point>1431.000000,144.000000</point>
				<point>1425.000000,144.000000</point>
				<point>1425.000000,181.000000</point>
			</points>
		</object>
		<object>
			<coordinate>pixel</coordinate>
			<type>rectangle</type>
			<description>None</description>
			<possibleresult>
				<name>Motorboat</name>
			</possibleresult>
			<points>
				<point>1380.000000,163.000000</point>
				<point>1380.000000,184.000000</point>
				<point>1386.000000,184.000000</point>
				<point>1386.000000,163.000000</point>
				<point>1380.000000,163.000000</point>
			</points>
		</object>
		<object>
			<coordinate>pixel</coordinate>
			<type>rectangle</type>
			<description>None</description>
			<possibleresult>
				<name>Motorboat</name>
			</possibleresult>
			<points>
				<point>1492.000000,96.000000</point>
				<point>1490.000000,126.000000</point>
				<point>1497.000000,126.000000</point>
				<point>1499.000000,97.000000</point>
				<point>1492.000000,96.000000</point>
			</points>
		</object>
		<object>
			<coordinate>pixel</coordinate>
			<type>rectangle</type>
			<description>None</description>
			<possibleresult>
				<name>Motorboat</name>
			</possibleresult>
			<points>
				<point>384.000000,127.000000</point>
				<point>392.000000,105.000000</point>
				<point>376.000000,101.000000</point>
				<point>370.000000,121.000000</point>
				<point>384.000000,127.000000</point>
			</points>
		</object>
		<object>
			<coordinate>pixel</coordinate>
			<type>rectangle</type>
			<description>None</description>
			<possibleresult>
				<name>Fishing Boat</name>
			</possibleresult>
			<points>
				<point>1402.000000,17.000000</point>
				<point>1428.000000,17.000000</point>
				<point>1428.000000,11.000000</point>
				<point>1401.000000,11.000000</point>
				<point>1402.000000,17.000000</point>
			</points>
		</object>
		<object>
			<coordinate>pixel</coordinate>
			<type>rectangle</type>
			<description>None</description>
			<possibleresult>
				<name>Fishing Boat</name>
			</possibleresult>
			<points>
				<point>1408.000000,9.000000</point>
				<point>1435.000000,9.000000</point>
				<point>1435.000000,3.000000</point>
				<point>1408.000000,3.000000</point>
				<point>1408.000000,9.000000</point>
			</points>
		</object>
		<object>
			<coordinate>pixel</coordinate>
			<type>rectangle</type>
			<description>None</description>
			<possibleresult>
				<name>Fishing Boat</name>
			</possibleresult>
			<points>
				<point>1424.000000,139.000000</point>
				<point>1433.000000,139.000000</point>
				<point>1433.000000,99.000000</point>
				<point>1424.000000,99.000000</point>
				<point>1424.000000,139.000000</point>
			</points>
		</object>
	</objects>
</annotation>