<?xml version="1.0" encoding="utf-8"?>
<annotation>
	<source>
		<filename>1623.tif</filename>
		<origin>GF2/GF3</origin>
	</source>
	<research>
		<version>1.0</version>
		<provider>FAIR1M</provider>
		<author>Cyber</author>
		<pluginname>FAIR1M</pluginname>
		<pluginclass>object detection</pluginclass>
		<time>2021-07-21</time>
	</research>
	<size>
		<width>1000</width>
		<height>1000</height>
		<depth>3</depth>
	</size>
	<objects>
		<object>
			<coordinate>pixel</coordinate>
			<type>rectangle</type>
			<description>None</description>
			<possibleresult>
				<name>Dump Truck</name>
			</possibleresult>
			<points>
				<point>996.000000,839.000000</point>
				<point>995.000000,866.000000</point>
				<point>981.000000,866.000000</point>
				<point>983.000000,838.000000</point>
				<point>996.000000,839.000000</point>
			</points>
		</object>
		<object>
			<coordinate>pixel</coordinate>
			<type>rectangle</type>
			<description>None</description>
			<possibleresult>
				<name>Cargo Truck</name>
			</possibleresult>
			<points>
				<point>937.000000,632.000000</point>
				<point>912.000000,632.000000</point>
				<point>912.000000,622.000000</point>
				<point>937.000000,622.000000</point>
				<point>937.000000,632.000000</point>
			</points>
		</object>
		<object>
			<coordinate>pixel</coordinate>
			<type>rectangle</type>
			<description>None</description>
			<possibleresult>
				<name>Van</name>
			</possibleresult>
			<points>
				<point>555.000000,557.000000</point>
				<point>533.000000,559.000000</point>
				<point>532.000000,551.000000</point>
				<point>555.000000,550.000000</point>
				<point>555.000000,557.000000</point>
			</points>
		</object>
		<object>
			<coordinate>pixel</coordinate>
			<type>rectangle</type>
			<description>None</description>
			<possibleresult>
				<name>Van</name>
			</possibleresult>
			<points>
				<point>562.000000,531.000000</point>
				<point>541.000000,531.000000</point>
				<point>541.000000,523.000000</point>
				<point>562.000000,523.000000</point>
				<point>562.000000,531.000000</point>
			</points>
		</object>
		<object>
			<coordinate>pixel</coordinate>
			<type>rectangle</type>
			<description>None</description>
			<possibleresult>
				<name>Small Car</name>
			</possibleresult>
			<points>
				<point>564.000000,541.000000</point>
				<point>540.000000,541.000000</point>
				<point>540.000000,533.000000</point>
				<point>564.000000,533.000000</point>
				<point>564.000000,541.000000</point>
			</points>
		</object>
		<object>
			<coordinate>pixel</coordinate>
			<type>rectangle</type>
			<description>None</description>
			<possibleresult>
				<name>Van</name>
			</possibleresult>
			<points>
				<point>649.000000,568.000000</point>
				<point>639.000000,568.000000</point>
				<point>638.000000,551.000000</point>
				<point>648.000000,551.000000</point>
				<point>649.000000,568.000000</point>
			</points>
		</object>
		<object>
			<coordinate>pixel</coordinate>
			<type>rectangle</type>
			<description>None</description>
			<possibleresult>
				<name>Van</name>
			</possibleresult>
			<points>
				<point>691.000000,521.000000</point>
				<point>681.000000,521.000000</point>
				<point>681.000000,504.000000</point>
				<point>691.000000,504.000000</point>
				<point>691.000000,521.000000</point>
			</points>
		</object>
		<object>
			<coordinate>pixel</coordinate>
			<type>rectangle</type>
			<description>None</description>
			<possibleresult>
				<name>Cargo Truck</name>
			</possibleresult>
			<points>
				<point>847.000000,613.000000</point>
				<point>826.000000,613.000000</point>
				<point>826.000000,602.000000</point>
				<point>847.000000,602.000000</point>
				<point>847.000000,613.000000</point>
			</points>
		</object>
		<object>
			<coordinate>pixel</coordinate>
			<type>rectangle</type>
			<description>None</description>
			<possibleresult>
				<name>Van</name>
			</possibleresult>
			<points>
				<point>930.000000,444.000000</point>
				<point>929.000000,450.000000</point>
				<point>916.000000,449.000000</point>
				<point>916.000000,442.000000</point>
				<point>930.000000,444.000000</point>
			</points>
		</object>
		<object>
			<coordinate>pixel</coordinate>
			<type>rectangle</type>
			<description>None</description>
			<possibleresult>
				<name>Van</name>
			</possibleresult>
			<points>
				<point>994.000000,423.000000</point>
				<point>979.000000,425.000000</point>
				<point>979.000000,418.000000</point>
				<point>993.000000,417.000000</point>
				<point>994.000000,423.000000</point>
			</points>
		</object>
		<object>
			<coordinate>pixel</coordinate>
			<type>rectangle</type>
			<description>None</description>
			<possibleresult>
				<name>Van</name>
			</possibleresult>
			<points>
				<point>1000.000000,389.000000</point>
				<point>980.000000,390.000000</point>
				<point>980.000000,383.000000</point>
				<point>1000.000000,382.000000</point>
				<point>1000.000000,389.000000</point>
			</points>
		</object>
		<object>
			<coordinate>pixel</coordinate>
			<type>rectangle</type>
			<description>None</description>
			<possibleresult>
				<name>Van</name>
			</possibleresult>
			<points>
				<point>992.000000,345.000000</point>
				<point>980.000000,345.000000</point>
				<point>980.000000,338.000000</point>
				<point>992.000000,338.000000</point>
				<point>992.000000,345.000000</point>
			</points>
		</object>
		<object>
			<coordinate>pixel</coordinate>
			<type>rectangle</type>
			<description>None</description>
			<possibleresult>
				<name>Van</name>
			</possibleresult>
			<points>
				<point>999.000000,280.000000</point>
				<point>979.000000,282.000000</point>
				<point>978.000000,275.000000</point>
				<point>999.000000,274.000000</point>
				<point>999.000000,280.000000</point>
			</points>
		</object>
		<object>
			<coordinate>pixel</coordinate>
			<type>rectangle</type>
			<description>None</description>
			<possibleresult>
				<name>Small Car</name>
			</possibleresult>
			<points>
				<point>936.000000,284.000000</point>
				<point>913.000000,287.000000</point>
				<point>912.000000,280.000000</point>
				<point>936.000000,278.000000</point>
				<point>936.000000,284.000000</point>
			</points>
		</object>
		<object>
			<coordinate>pixel</coordinate>
			<type>rectangle</type>
			<description>None</description>
			<possibleresult>
				<name>Van</name>
			</possibleresult>
			<points>
				<point>935.000000,277.000000</point>
				<point>914.000000,278.000000</point>
				<point>914.000000,271.000000</point>
				<point>935.000000,270.000000</point>
				<point>935.000000,277.000000</point>
			</points>
		</object>
		<object>
			<coordinate>pixel</coordinate>
			<type>rectangle</type>
			<description>None</description>
			<possibleresult>
				<name>Small Car</name>
			</possibleresult>
			<points>
				<point>938.000000,259.000000</point>
				<point>916.000000,261.000000</point>
				<point>915.000000,255.000000</point>
				<point>938.000000,254.000000</point>
				<point>938.000000,259.000000</point>
			</points>
		</object>
		<object>
			<coordinate>pixel</coordinate>
			<type>rectangle</type>
			<description>None</description>
			<possibleresult>
				<name>Van</name>
			</possibleresult>
			<points>
				<point>995.000000,192.000000</point>
				<point>981.000000,192.000000</point>
				<point>981.000000,186.000000</point>
				<point>995.000000,186.000000</point>
				<point>995.000000,192.000000</point>
			</points>
		</object>
		<object>
			<coordinate>pixel</coordinate>
			<type>rectangle</type>
			<description>None</description>
			<possibleresult>
				<name>Van</name>
			</possibleresult>
			<points>
				<point>991.000000,165.000000</point>
				<point>976.000000,166.000000</point>
				<point>975.000000,159.000000</point>
				<point>990.000000,158.000000</point>
				<point>991.000000,165.000000</point>
			</points>
		</object>
		<object>
			<coordinate>pixel</coordinate>
			<type>rectangle</type>
			<description>None</description>
			<possibleresult>
				<name>Van</name>
			</possibleresult>
			<points>
				<point>921.000000,114.000000</point>
				<point>894.000000,114.000000</point>
				<point>894.000000,105.000000</point>
				<point>921.000000,105.000000</point>
				<point>921.000000,114.000000</point>
			</points>
		</object>
		<object>
			<coordinate>pixel</coordinate>
			<type>rectangle</type>
			<description>None</description>
			<possibleresult>
				<name>Van</name>
			</possibleresult>
			<points>
				<point>912.000000,122.000000</point>
				<point>893.000000,122.000000</point>
				<point>893.000000,115.000000</point>
				<point>912.000000,115.000000</point>
				<point>912.000000,122.000000</point>
			</points>
		</object>
		<object>
			<coordinate>pixel</coordinate>
			<type>rectangle</type>
			<description>None</description>
			<possibleresult>
				<name>Small Car</name>
			</possibleresult>
			<points>
				<point>915.000000,129.000000</point>
				<point>895.000000,131.000000</point>
				<point>894.000000,124.000000</point>
				<point>915.000000,123.000000</point>
				<point>915.000000,129.000000</point>
			</points>
		</object>
		<object>
			<coordinate>pixel</coordinate>
			<type>rectangle</type>
			<description>None</description>
			<possibleresult>
				<name>Small Car</name>
			</possibleresult>
			<points>
				<point>914.000000,140.000000</point>
				<point>892.000000,140.000000</point>
				<point>892.000000,132.000000</point>
				<point>914.000000,132.000000</point>
				<point>914.000000,140.000000</point>
			</points>
		</object>
		<object>
			<coordinate>pixel</coordinate>
			<type>rectangle</type>
			<description>None</description>
			<possibleresult>
				<name>Cargo Truck</name>
			</possibleresult>
			<points>
				<point>921.000000,158.000000</point>
				<point>920.000000,165.000000</point>
				<point>895.000000,163.000000</point>
				<point>895.000000,157.000000</point>
				<point>921.000000,158.000000</point>
			</points>
		</object>
		<object>
			<coordinate>pixel</coordinate>
			<type>rectangle</type>
			<description>None</description>
			<possibleresult>
				<name>Van</name>
			</possibleresult>
			<points>
				<point>863.000000,157.000000</point>
				<point>837.000000,157.000000</point>
				<point>837.000000,148.000000</point>
				<point>863.000000,148.000000</point>
				<point>863.000000,157.000000</point>
			</points>
		</object>
		<object>
			<coordinate>pixel</coordinate>
			<type>rectangle</type>
			<description>None</description>
			<possibleresult>
				<name>Van</name>
			</possibleresult>
			<points>
				<point>863.000000,140.000000</point>
				<point>845.000000,140.000000</point>
				<point>845.000000,131.000000</point>
				<point>863.000000,131.000000</point>
				<point>863.000000,140.000000</point>
			</points>
		</object>
		<object>
			<coordinate>pixel</coordinate>
			<type>rectangle</type>
			<description>None</description>
			<possibleresult>
				<name>Small Car</name>
			</possibleresult>
			<points>
				<point>860.000000,122.000000</point>
				<point>836.000000,122.000000</point>
				<point>836.000000,114.000000</point>
				<point>860.000000,114.000000</point>
				<point>860.000000,122.000000</point>
			</points>
		</object>
		<object>
			<coordinate>pixel</coordinate>
			<type>rectangle</type>
			<description>None</description>
			<possibleresult>
				<name>Cargo Truck</name>
			</possibleresult>
			<points>
				<point>862.000000,102.000000</point>
				<point>838.000000,104.000000</point>
				<point>837.000000,93.000000</point>
				<point>862.000000,91.000000</point>
				<point>862.000000,102.000000</point>
			</points>
		</object>
		<object>
			<coordinate>pixel</coordinate>
			<type>rectangle</type>
			<description>None</description>
			<possibleresult>
				<name>Cargo Truck</name>
			</possibleresult>
			<points>
				<point>858.000000,113.000000</point>
				<point>836.000000,113.000000</point>
				<point>836.000000,102.000000</point>
				<point>858.000000,102.000000</point>
				<point>858.000000,113.000000</point>
			</points>
		</object>
		<object>
			<coordinate>pixel</coordinate>
			<type>rectangle</type>
			<description>None</description>
			<possibleresult>
				<name>Van</name>
			</possibleresult>
			<points>
				<point>112.000000,734.000000</point>
				<point>105.000000,734.000000</point>
				<point>105.000000,722.000000</point>
				<point>112.000000,722.000000</point>
				<point>112.000000,734.000000</point>
			</points>
		</object>
		<object>
			<coordinate>pixel</coordinate>
			<type>rectangle</type>
			<description>None</description>
			<possibleresult>
				<name>Small Car</name>
			</possibleresult>
			<points>
				<point>103.000000,722.000000</point>
				<point>101.000000,734.000000</point>
				<point>93.000000,733.000000</point>
				<point>95.000000,722.000000</point>
				<point>103.000000,722.000000</point>
			</points>
		</object>
		<object>
			<coordinate>pixel</coordinate>
			<type>rectangle</type>
			<description>None</description>
			<possibleresult>
				<name>Small Car</name>
			</possibleresult>
			<points>
				<point>92.000000,734.000000</point>
				<point>83.000000,735.000000</point>
				<point>82.000000,721.000000</point>
				<point>91.000000,720.000000</point>
				<point>92.000000,734.000000</point>
			</points>
		</object>
		<object>
			<coordinate>pixel</coordinate>
			<type>rectangle</type>
			<description>None</description>
			<possibleresult>
				<name>Van</name>
			</possibleresult>
			<points>
				<point>59.000000,733.000000</point>
				<point>49.000000,733.000000</point>
				<point>49.000000,717.000000</point>
				<point>59.000000,717.000000</point>
				<point>59.000000,733.000000</point>
			</points>
		</object>
		<object>
			<coordinate>pixel</coordinate>
			<type>rectangle</type>
			<description>None</description>
			<possibleresult>
				<name>Van</name>
			</possibleresult>
			<points>
				<point>112.000000,774.000000</point>
				<point>103.000000,775.000000</point>
				<point>102.000000,764.000000</point>
				<point>111.000000,763.000000</point>
				<point>112.000000,774.000000</point>
			</points>
		</object>
		<object>
			<coordinate>pixel</coordinate>
			<type>rectangle</type>
			<description>None</description>
			<possibleresult>
				<name>Van</name>
			</possibleresult>
			<points>
				<point>115.000000,806.000000</point>
				<point>104.000000,806.000000</point>
				<point>103.000000,786.000000</point>
				<point>114.000000,786.000000</point>
				<point>115.000000,806.000000</point>
			</points>
		</object>
		<object>
			<coordinate>pixel</coordinate>
			<type>rectangle</type>
			<description>None</description>
			<possibleresult>
				<name>Van</name>
			</possibleresult>
			<points>
				<point>924.000000,51.000000</point>
				<point>914.000000,51.000000</point>
				<point>914.000000,31.000000</point>
				<point>924.000000,31.000000</point>
				<point>924.000000,51.000000</point>
			</points>
		</object>
	</objects>
</annotation>