<?xml version="1.0" encoding="utf-8"?>
<annotation>
	<source>
		<filename>1631.tif</filename>
		<origin>GF2/GF3</origin>
	</source>
	<research>
		<version>1.0</version>
		<provider>FAIR1M</provider>
		<author>Cyber</author>
		<pluginname>FAIR1M</pluginname>
		<pluginclass>object detection</pluginclass>
		<time>2021-07-21</time>
	</research>
	<size>
		<width>1000</width>
		<height>1000</height>
		<depth>3</depth>
	</size>
	<objects>
		<object>
			<coordinate>pixel</coordinate>
			<type>rectangle</type>
			<description>None</description>
			<possibleresult>
				<name>Van</name>
			</possibleresult>
			<points>
				<point>860.000000,94.000000</point>
				<point>846.000000,104.000000</point>
				<point>841.000000,97.000000</point>
				<point>855.000000,87.000000</point>
				<point>860.000000,94.000000</point>
			</points>
		</object>
		<object>
			<coordinate>pixel</coordinate>
			<type>rectangle</type>
			<description>None</description>
			<possibleresult>
				<name>Van</name>
			</possibleresult>
			<points>
				<point>43.000000,523.000000</point>
				<point>40.000000,529.000000</point>
				<point>24.000000,521.000000</point>
				<point>27.000000,515.000000</point>
				<point>43.000000,523.000000</point>
			</points>
		</object>
		<object>
			<coordinate>pixel</coordinate>
			<type>rectangle</type>
			<description>None</description>
			<possibleresult>
				<name>Van</name>
			</possibleresult>
			<points>
				<point>423.000000,387.000000</point>
				<point>420.000000,393.000000</point>
				<point>405.000000,384.000000</point>
				<point>409.000000,379.000000</point>
				<point>423.000000,387.000000</point>
			</points>
		</object>
		<object>
			<coordinate>pixel</coordinate>
			<type>rectangle</type>
			<description>None</description>
			<possibleresult>
				<name>Van</name>
			</possibleresult>
			<points>
				<point>387.000000,367.000000</point>
				<point>384.000000,373.000000</point>
				<point>366.000000,363.000000</point>
				<point>370.000000,358.000000</point>
				<point>387.000000,367.000000</point>
			</points>
		</object>
		<object>
			<coordinate>pixel</coordinate>
			<type>rectangle</type>
			<description>None</description>
			<possibleresult>
				<name>Van</name>
			</possibleresult>
			<points>
				<point>363.000000,355.000000</point>
				<point>360.000000,361.000000</point>
				<point>342.000000,350.000000</point>
				<point>346.000000,345.000000</point>
				<point>363.000000,355.000000</point>
			</points>
		</object>
		<object>
			<coordinate>pixel</coordinate>
			<type>rectangle</type>
			<description>None</description>
			<possibleresult>
				<name>Van</name>
			</possibleresult>
			<points>
				<point>344.000000,345.000000</point>
				<point>340.000000,351.000000</point>
				<point>318.000000,338.000000</point>
				<point>322.000000,332.000000</point>
				<point>344.000000,345.000000</point>
			</points>
		</object>
		<object>
			<coordinate>pixel</coordinate>
			<type>rectangle</type>
			<description>None</description>
			<possibleresult>
				<name>Van</name>
			</possibleresult>
			<points>
				<point>318.000000,331.000000</point>
				<point>315.000000,337.000000</point>
				<point>299.000000,327.000000</point>
				<point>303.000000,322.000000</point>
				<point>318.000000,331.000000</point>
			</points>
		</object>
		<object>
			<coordinate>pixel</coordinate>
			<type>rectangle</type>
			<description>None</description>
			<possibleresult>
				<name>Intersection</name>
			</possibleresult>
			<points>
				<point>304.000000,130.000000</point>
				<point>289.000000,156.000000</point>
				<point>261.000000,141.000000</point>
				<point>276.000000,114.000000</point>
				<point>304.000000,130.000000</point>
			</points>
		</object>
		<object>
			<coordinate>pixel</coordinate>
			<type>rectangle</type>
			<description>None</description>
			<possibleresult>
				<name>Intersection</name>
			</possibleresult>
			<points>
				<point>694.000000,253.000000</point>
				<point>664.000000,311.000000</point>
				<point>543.000000,249.000000</point>
				<point>572.000000,190.000000</point>
				<point>694.000000,253.000000</point>
			</points>
		</object>
		<object>
			<coordinate>pixel</coordinate>
			<type>rectangle</type>
			<description>None</description>
			<possibleresult>
				<name>Van</name>
			</possibleresult>
			<points>
				<point>589.000000,966.000000</point>
				<point>583.000000,973.000000</point>
				<point>577.000000,968.000000</point>
				<point>583.000000,961.000000</point>
				<point>589.000000,966.000000</point>
			</points>
		</object>
		<object>
			<coordinate>pixel</coordinate>
			<type>rectangle</type>
			<description>None</description>
			<possibleresult>
				<name>Van</name>
			</possibleresult>
			<points>
				<point>674.000000,887.000000</point>
				<point>666.000000,897.000000</point>
				<point>661.000000,893.000000</point>
				<point>669.000000,883.000000</point>
				<point>674.000000,887.000000</point>
			</points>
		</object>
		<object>
			<coordinate>pixel</coordinate>
			<type>rectangle</type>
			<description>None</description>
			<possibleresult>
				<name>Small Car</name>
			</possibleresult>
			<points>
				<point>742.000000,863.000000</point>
				<point>737.000000,869.000000</point>
				<point>725.000000,859.000000</point>
				<point>730.000000,853.000000</point>
				<point>742.000000,863.000000</point>
			</points>
		</object>
		<object>
			<coordinate>pixel</coordinate>
			<type>rectangle</type>
			<description>None</description>
			<possibleresult>
				<name>Van</name>
			</possibleresult>
			<points>
				<point>806.000000,773.000000</point>
				<point>794.000000,783.000000</point>
				<point>790.000000,778.000000</point>
				<point>801.000000,767.000000</point>
				<point>806.000000,773.000000</point>
			</points>
		</object>
		<object>
			<coordinate>pixel</coordinate>
			<type>rectangle</type>
			<description>None</description>
			<possibleresult>
				<name>Small Car</name>
			</possibleresult>
			<points>
				<point>843.000000,739.000000</point>
				<point>834.000000,749.000000</point>
				<point>828.000000,743.000000</point>
				<point>838.000000,734.000000</point>
				<point>843.000000,739.000000</point>
			</points>
		</object>
		<object>
			<coordinate>pixel</coordinate>
			<type>rectangle</type>
			<description>None</description>
			<possibleresult>
				<name>Small Car</name>
			</possibleresult>
			<points>
				<point>900.000000,690.000000</point>
				<point>888.000000,702.000000</point>
				<point>883.000000,697.000000</point>
				<point>895.000000,685.000000</point>
				<point>900.000000,690.000000</point>
			</points>
		</object>
		<object>
			<coordinate>pixel</coordinate>
			<type>rectangle</type>
			<description>None</description>
			<possibleresult>
				<name>Van</name>
			</possibleresult>
			<points>
				<point>886.000000,686.000000</point>
				<point>873.000000,698.000000</point>
				<point>869.000000,693.000000</point>
				<point>881.000000,682.000000</point>
				<point>886.000000,686.000000</point>
			</points>
		</object>
		<object>
			<coordinate>pixel</coordinate>
			<type>rectangle</type>
			<description>None</description>
			<possibleresult>
				<name>Small Car</name>
			</possibleresult>
			<points>
				<point>917.000000,678.000000</point>
				<point>905.000000,690.000000</point>
				<point>899.000000,684.000000</point>
				<point>911.000000,672.000000</point>
				<point>917.000000,678.000000</point>
			</points>
		</object>
		<object>
			<coordinate>pixel</coordinate>
			<type>rectangle</type>
			<description>None</description>
			<possibleresult>
				<name>Van</name>
			</possibleresult>
			<points>
				<point>959.000000,408.000000</point>
				<point>955.000000,414.000000</point>
				<point>943.000000,405.000000</point>
				<point>948.000000,400.000000</point>
				<point>959.000000,408.000000</point>
			</points>
		</object>
		<object>
			<coordinate>pixel</coordinate>
			<type>rectangle</type>
			<description>None</description>
			<possibleresult>
				<name>Van</name>
			</possibleresult>
			<points>
				<point>804.000000,346.000000</point>
				<point>802.000000,351.000000</point>
				<point>792.000000,347.000000</point>
				<point>794.000000,342.000000</point>
				<point>804.000000,346.000000</point>
			</points>
		</object>
		<object>
			<coordinate>pixel</coordinate>
			<type>rectangle</type>
			<description>None</description>
			<possibleresult>
				<name>Van</name>
			</possibleresult>
			<points>
				<point>735.000000,289.000000</point>
				<point>733.000000,295.000000</point>
				<point>719.000000,288.000000</point>
				<point>722.000000,283.000000</point>
				<point>735.000000,289.000000</point>
			</points>
		</object>
		<object>
			<coordinate>pixel</coordinate>
			<type>rectangle</type>
			<description>None</description>
			<possibleresult>
				<name>Small Car</name>
			</possibleresult>
			<points>
				<point>699.000000,273.000000</point>
				<point>695.000000,280.000000</point>
				<point>680.000000,273.000000</point>
				<point>684.000000,266.000000</point>
				<point>699.000000,273.000000</point>
			</points>
		</object>
		<object>
			<coordinate>pixel</coordinate>
			<type>rectangle</type>
			<description>None</description>
			<possibleresult>
				<name>Dump Truck</name>
			</possibleresult>
			<points>
				<point>544.000000,200.000000</point>
				<point>538.000000,206.000000</point>
				<point>520.000000,189.000000</point>
				<point>525.000000,182.000000</point>
				<point>544.000000,200.000000</point>
			</points>
		</object>
		<object>
			<coordinate>pixel</coordinate>
			<type>rectangle</type>
			<description>None</description>
			<possibleresult>
				<name>Small Car</name>
			</possibleresult>
			<points>
				<point>523.000000,226.000000</point>
				<point>519.000000,233.000000</point>
				<point>502.000000,224.000000</point>
				<point>506.000000,218.000000</point>
				<point>523.000000,226.000000</point>
			</points>
		</object>
		<object>
			<coordinate>pixel</coordinate>
			<type>rectangle</type>
			<description>None</description>
			<possibleresult>
				<name>Small Car</name>
			</possibleresult>
			<points>
				<point>489.000000,222.000000</point>
				<point>485.000000,230.000000</point>
				<point>465.000000,222.000000</point>
				<point>469.000000,214.000000</point>
				<point>489.000000,222.000000</point>
			</points>
		</object>
		<object>
			<coordinate>pixel</coordinate>
			<type>rectangle</type>
			<description>None</description>
			<possibleresult>
				<name>Small Car</name>
			</possibleresult>
			<points>
				<point>566.000000,198.000000</point>
				<point>559.000000,202.000000</point>
				<point>549.000000,187.000000</point>
				<point>556.000000,183.000000</point>
				<point>566.000000,198.000000</point>
			</points>
		</object>
		<object>
			<coordinate>pixel</coordinate>
			<type>rectangle</type>
			<description>None</description>
			<possibleresult>
				<name>Van</name>
			</possibleresult>
			<points>
				<point>549.000000,176.000000</point>
				<point>543.000000,180.000000</point>
				<point>533.000000,165.000000</point>
				<point>540.000000,162.000000</point>
				<point>549.000000,176.000000</point>
			</points>
		</object>
		<object>
			<coordinate>pixel</coordinate>
			<type>rectangle</type>
			<description>None</description>
			<possibleresult>
				<name>Small Car</name>
			</possibleresult>
			<points>
				<point>557.000000,163.000000</point>
				<point>551.000000,167.000000</point>
				<point>541.000000,152.000000</point>
				<point>548.000000,149.000000</point>
				<point>557.000000,163.000000</point>
			</points>
		</object>
		<object>
			<coordinate>pixel</coordinate>
			<type>rectangle</type>
			<description>None</description>
			<possibleresult>
				<name>Small Car</name>
			</possibleresult>
			<points>
				<point>392.000000,184.000000</point>
				<point>389.000000,191.000000</point>
				<point>370.000000,183.000000</point>
				<point>372.000000,175.000000</point>
				<point>392.000000,184.000000</point>
			</points>
		</object>
		<object>
			<coordinate>pixel</coordinate>
			<type>rectangle</type>
			<description>None</description>
			<possibleresult>
				<name>Van</name>
			</possibleresult>
			<points>
				<point>366.000000,174.000000</point>
				<point>363.000000,180.000000</point>
				<point>346.000000,173.000000</point>
				<point>349.000000,167.000000</point>
				<point>366.000000,174.000000</point>
			</points>
		</object>
		<object>
			<coordinate>pixel</coordinate>
			<type>rectangle</type>
			<description>None</description>
			<possibleresult>
				<name>Small Car</name>
			</possibleresult>
			<points>
				<point>342.000000,164.000000</point>
				<point>340.000000,172.000000</point>
				<point>325.000000,166.000000</point>
				<point>327.000000,158.000000</point>
				<point>342.000000,164.000000</point>
			</points>
		</object>
		<object>
			<coordinate>pixel</coordinate>
			<type>rectangle</type>
			<description>None</description>
			<possibleresult>
				<name>Small Car</name>
			</possibleresult>
			<points>
				<point>322.000000,158.000000</point>
				<point>320.000000,165.000000</point>
				<point>301.000000,156.000000</point>
				<point>303.000000,149.000000</point>
				<point>322.000000,158.000000</point>
			</points>
		</object>
		<object>
			<coordinate>pixel</coordinate>
			<type>rectangle</type>
			<description>None</description>
			<possibleresult>
				<name>Small Car</name>
			</possibleresult>
			<points>
				<point>233.000000,122.000000</point>
				<point>230.000000,129.000000</point>
				<point>212.000000,121.000000</point>
				<point>215.000000,114.000000</point>
				<point>233.000000,122.000000</point>
			</points>
		</object>
		<object>
			<coordinate>pixel</coordinate>
			<type>rectangle</type>
			<description>None</description>
			<possibleresult>
				<name>Small Car</name>
			</possibleresult>
			<points>
				<point>210.000000,114.000000</point>
				<point>208.000000,120.000000</point>
				<point>190.000000,113.000000</point>
				<point>193.000000,106.000000</point>
				<point>210.000000,114.000000</point>
			</points>
		</object>
		<object>
			<coordinate>pixel</coordinate>
			<type>rectangle</type>
			<description>None</description>
			<possibleresult>
				<name>Van</name>
			</possibleresult>
			<points>
				<point>167.000000,96.000000</point>
				<point>164.000000,102.000000</point>
				<point>148.000000,95.000000</point>
				<point>150.000000,89.000000</point>
				<point>167.000000,96.000000</point>
			</points>
		</object>
		<object>
			<coordinate>pixel</coordinate>
			<type>rectangle</type>
			<description>None</description>
			<possibleresult>
				<name>Small Car</name>
			</possibleresult>
			<points>
				<point>101.000000,59.000000</point>
				<point>97.000000,65.000000</point>
				<point>81.000000,53.000000</point>
				<point>86.000000,48.000000</point>
				<point>101.000000,59.000000</point>
			</points>
		</object>
		<object>
			<coordinate>pixel</coordinate>
			<type>rectangle</type>
			<description>None</description>
			<possibleresult>
				<name>Small Car</name>
			</possibleresult>
			<points>
				<point>47.000000,20.000000</point>
				<point>42.000000,26.000000</point>
				<point>28.000000,15.000000</point>
				<point>33.000000,9.000000</point>
				<point>47.000000,20.000000</point>
			</points>
		</object>
		<object>
			<coordinate>pixel</coordinate>
			<type>rectangle</type>
			<description>None</description>
			<possibleresult>
				<name>Small Car</name>
			</possibleresult>
			<points>
				<point>481.000000,96.000000</point>
				<point>475.000000,100.000000</point>
				<point>465.000000,86.000000</point>
				<point>472.000000,81.000000</point>
				<point>481.000000,96.000000</point>
			</points>
		</object>
		<object>
			<coordinate>pixel</coordinate>
			<type>rectangle</type>
			<description>None</description>
			<possibleresult>
				<name>Small Car</name>
			</possibleresult>
			<points>
				<point>467.000000,77.000000</point>
				<point>460.000000,81.000000</point>
				<point>451.000000,68.000000</point>
				<point>458.000000,64.000000</point>
				<point>467.000000,77.000000</point>
			</points>
		</object>
		<object>
			<coordinate>pixel</coordinate>
			<type>rectangle</type>
			<description>None</description>
			<possibleresult>
				<name>Small Car</name>
			</possibleresult>
			<points>
				<point>455.000000,60.000000</point>
				<point>447.000000,65.000000</point>
				<point>438.000000,52.000000</point>
				<point>446.000000,47.000000</point>
				<point>455.000000,60.000000</point>
			</points>
		</object>
		<object>
			<coordinate>pixel</coordinate>
			<type>rectangle</type>
			<description>None</description>
			<possibleresult>
				<name>Van</name>
			</possibleresult>
			<points>
				<point>443.000000,43.000000</point>
				<point>436.000000,49.000000</point>
				<point>427.000000,38.000000</point>
				<point>434.000000,32.000000</point>
				<point>443.000000,43.000000</point>
			</points>
		</object>
		<object>
			<coordinate>pixel</coordinate>
			<type>rectangle</type>
			<description>None</description>
			<possibleresult>
				<name>Van</name>
			</possibleresult>
			<points>
				<point>382.000000,983.000000</point>
				<point>372.000000,996.000000</point>
				<point>366.000000,992.000000</point>
				<point>376.000000,979.000000</point>
				<point>382.000000,983.000000</point>
			</points>
		</object>
		<object>
			<coordinate>pixel</coordinate>
			<type>rectangle</type>
			<description>None</description>
			<possibleresult>
				<name>Van</name>
			</possibleresult>
			<points>
				<point>248.000000,952.000000</point>
				<point>243.000000,959.000000</point>
				<point>226.000000,947.000000</point>
				<point>230.000000,941.000000</point>
				<point>248.000000,952.000000</point>
			</points>
		</object>
		<object>
			<coordinate>pixel</coordinate>
			<type>rectangle</type>
			<description>None</description>
			<possibleresult>
				<name>Small Car</name>
			</possibleresult>
			<points>
				<point>198.000000,936.000000</point>
				<point>193.000000,943.000000</point>
				<point>177.000000,932.000000</point>
				<point>182.000000,925.000000</point>
				<point>198.000000,936.000000</point>
			</points>
		</object>
		<object>
			<coordinate>pixel</coordinate>
			<type>rectangle</type>
			<description>None</description>
			<possibleresult>
				<name>Small Car</name>
			</possibleresult>
			<points>
				<point>171.000000,906.000000</point>
				<point>167.000000,913.000000</point>
				<point>149.000000,901.000000</point>
				<point>154.000000,895.000000</point>
				<point>171.000000,906.000000</point>
			</points>
		</object>
		<object>
			<coordinate>pixel</coordinate>
			<type>rectangle</type>
			<description>None</description>
			<possibleresult>
				<name>Small Car</name>
			</possibleresult>
			<points>
				<point>87.000000,854.000000</point>
				<point>83.000000,861.000000</point>
				<point>64.000000,849.000000</point>
				<point>69.000000,843.000000</point>
				<point>87.000000,854.000000</point>
			</points>
		</object>
		<object>
			<coordinate>pixel</coordinate>
			<type>rectangle</type>
			<description>None</description>
			<possibleresult>
				<name>Van</name>
			</possibleresult>
			<points>
				<point>66.000000,856.000000</point>
				<point>61.000000,862.000000</point>
				<point>47.000000,851.000000</point>
				<point>51.000000,844.000000</point>
				<point>66.000000,856.000000</point>
			</points>
		</object>
		<object>
			<coordinate>pixel</coordinate>
			<type>rectangle</type>
			<description>None</description>
			<possibleresult>
				<name>Van</name>
			</possibleresult>
			<points>
				<point>30.000000,819.000000</point>
				<point>26.000000,825.000000</point>
				<point>12.000000,817.000000</point>
				<point>16.000000,811.000000</point>
				<point>30.000000,819.000000</point>
			</points>
		</object>
		<object>
			<coordinate>pixel</coordinate>
			<type>rectangle</type>
			<description>None</description>
			<possibleresult>
				<name>Small Car</name>
			</possibleresult>
			<points>
				<point>47.000000,747.000000</point>
				<point>32.000000,760.000000</point>
				<point>28.000000,755.000000</point>
				<point>42.000000,743.000000</point>
				<point>47.000000,747.000000</point>
			</points>
		</object>
		<object>
			<coordinate>pixel</coordinate>
			<type>rectangle</type>
			<description>None</description>
			<possibleresult>
				<name>Small Car</name>
			</possibleresult>
			<points>
				<point>64.000000,764.000000</point>
				<point>53.000000,776.000000</point>
				<point>47.000000,772.000000</point>
				<point>59.000000,759.000000</point>
				<point>64.000000,764.000000</point>
			</points>
		</object>
		<object>
			<coordinate>pixel</coordinate>
			<type>rectangle</type>
			<description>None</description>
			<possibleresult>
				<name>Van</name>
			</possibleresult>
			<points>
				<point>74.000000,723.000000</point>
				<point>61.000000,735.000000</point>
				<point>55.000000,729.000000</point>
				<point>69.000000,718.000000</point>
				<point>74.000000,723.000000</point>
			</points>
		</object>
		<object>
			<coordinate>pixel</coordinate>
			<type>rectangle</type>
			<description>None</description>
			<possibleresult>
				<name>Van</name>
			</possibleresult>
			<points>
				<point>105.000000,696.000000</point>
				<point>92.000000,706.000000</point>
				<point>88.000000,700.000000</point>
				<point>100.000000,690.000000</point>
				<point>105.000000,696.000000</point>
			</points>
		</object>
		<object>
			<coordinate>pixel</coordinate>
			<type>rectangle</type>
			<description>None</description>
			<possibleresult>
				<name>Small Car</name>
			</possibleresult>
			<points>
				<point>156.000000,687.000000</point>
				<point>144.000000,698.000000</point>
				<point>140.000000,692.000000</point>
				<point>151.000000,682.000000</point>
				<point>156.000000,687.000000</point>
			</points>
		</object>
		<object>
			<coordinate>pixel</coordinate>
			<type>rectangle</type>
			<description>None</description>
			<possibleresult>
				<name>Van</name>
			</possibleresult>
			<points>
				<point>208.000000,642.000000</point>
				<point>197.000000,652.000000</point>
				<point>193.000000,648.000000</point>
				<point>203.000000,637.000000</point>
				<point>208.000000,642.000000</point>
			</points>
		</object>
		<object>
			<coordinate>pixel</coordinate>
			<type>rectangle</type>
			<description>None</description>
			<possibleresult>
				<name>Small Car</name>
			</possibleresult>
			<points>
				<point>224.000000,628.000000</point>
				<point>213.000000,639.000000</point>
				<point>208.000000,634.000000</point>
				<point>219.000000,623.000000</point>
				<point>224.000000,628.000000</point>
			</points>
		</object>
		<object>
			<coordinate>pixel</coordinate>
			<type>rectangle</type>
			<description>None</description>
			<possibleresult>
				<name>Small Car</name>
			</possibleresult>
			<points>
				<point>224.000000,610.000000</point>
				<point>211.000000,622.000000</point>
				<point>205.000000,616.000000</point>
				<point>218.000000,604.000000</point>
				<point>224.000000,610.000000</point>
			</points>
		</object>
		<object>
			<coordinate>pixel</coordinate>
			<type>rectangle</type>
			<description>None</description>
			<possibleresult>
				<name>Small Car</name>
			</possibleresult>
			<points>
				<point>241.000000,612.000000</point>
				<point>228.000000,623.000000</point>
				<point>223.000000,617.000000</point>
				<point>237.000000,607.000000</point>
				<point>241.000000,612.000000</point>
			</points>
		</object>
		<object>
			<coordinate>pixel</coordinate>
			<type>rectangle</type>
			<description>None</description>
			<possibleresult>
				<name>Van</name>
			</possibleresult>
			<points>
				<point>258.000000,599.000000</point>
				<point>247.000000,611.000000</point>
				<point>241.000000,606.000000</point>
				<point>252.000000,594.000000</point>
				<point>258.000000,599.000000</point>
			</points>
		</object>
		<object>
			<coordinate>pixel</coordinate>
			<type>rectangle</type>
			<description>None</description>
			<possibleresult>
				<name>Van</name>
			</possibleresult>
			<points>
				<point>374.000000,497.000000</point>
				<point>364.000000,509.000000</point>
				<point>359.000000,505.000000</point>
				<point>369.000000,493.000000</point>
				<point>374.000000,497.000000</point>
			</points>
		</object>
		<object>
			<coordinate>pixel</coordinate>
			<type>rectangle</type>
			<description>None</description>
			<possibleresult>
				<name>Dump Truck</name>
			</possibleresult>
			<points>
				<point>476.000000,411.000000</point>
				<point>457.000000,430.000000</point>
				<point>450.000000,423.000000</point>
				<point>469.000000,404.000000</point>
				<point>476.000000,411.000000</point>
			</points>
		</object>
		<object>
			<coordinate>pixel</coordinate>
			<type>rectangle</type>
			<description>None</description>
			<possibleresult>
				<name>Bus</name>
			</possibleresult>
			<points>
				<point>517.000000,377.000000</point>
				<point>477.000000,412.000000</point>
				<point>470.000000,404.000000</point>
				<point>510.000000,369.000000</point>
				<point>517.000000,377.000000</point>
			</points>
		</object>
		<object>
			<coordinate>pixel</coordinate>
			<type>rectangle</type>
			<description>None</description>
			<possibleresult>
				<name>Small Car</name>
			</possibleresult>
			<points>
				<point>156.000000,993.000000</point>
				<point>152.000000,998.000000</point>
				<point>138.000000,989.000000</point>
				<point>142.000000,984.000000</point>
				<point>156.000000,993.000000</point>
			</points>
		</object>
		<object>
			<coordinate>pixel</coordinate>
			<type>rectangle</type>
			<description>None</description>
			<possibleresult>
				<name>Small Car</name>
			</possibleresult>
			<points>
				<point>242.000000,965.000000</point>
				<point>238.000000,971.000000</point>
				<point>223.000000,962.000000</point>
				<point>226.000000,957.000000</point>
				<point>242.000000,965.000000</point>
			</points>
		</object>
		<object>
			<coordinate>pixel</coordinate>
			<type>rectangle</type>
			<description>None</description>
			<possibleresult>
				<name>Van</name>
			</possibleresult>
			<points>
				<point>150.000000,967.000000</point>
				<point>147.000000,972.000000</point>
				<point>134.000000,965.000000</point>
				<point>136.000000,959.000000</point>
				<point>150.000000,967.000000</point>
			</points>
		</object>
		<object>
			<coordinate>pixel</coordinate>
			<type>rectangle</type>
			<description>None</description>
			<possibleresult>
				<name>Small Car</name>
			</possibleresult>
			<points>
				<point>171.000000,955.000000</point>
				<point>167.000000,960.000000</point>
				<point>154.000000,951.000000</point>
				<point>157.000000,945.000000</point>
				<point>171.000000,955.000000</point>
			</points>
		</object>
		<object>
			<coordinate>pixel</coordinate>
			<type>rectangle</type>
			<description>None</description>
			<possibleresult>
				<name>Small Car</name>
			</possibleresult>
			<points>
				<point>106.000000,950.000000</point>
				<point>102.000000,955.000000</point>
				<point>88.000000,946.000000</point>
				<point>91.000000,940.000000</point>
				<point>106.000000,950.000000</point>
			</points>
		</object>
		<object>
			<coordinate>pixel</coordinate>
			<type>rectangle</type>
			<description>None</description>
			<possibleresult>
				<name>Small Car</name>
			</possibleresult>
			<points>
				<point>91.000000,965.000000</point>
				<point>87.000000,971.000000</point>
				<point>72.000000,959.000000</point>
				<point>77.000000,954.000000</point>
				<point>91.000000,965.000000</point>
			</points>
		</object>
		<object>
			<coordinate>pixel</coordinate>
			<type>rectangle</type>
			<description>None</description>
			<possibleresult>
				<name>Small Car</name>
			</possibleresult>
			<points>
				<point>82.000000,970.000000</point>
				<point>78.000000,977.000000</point>
				<point>63.000000,967.000000</point>
				<point>66.000000,961.000000</point>
				<point>82.000000,970.000000</point>
			</points>
		</object>
		<object>
			<coordinate>pixel</coordinate>
			<type>rectangle</type>
			<description>None</description>
			<possibleresult>
				<name>Dump Truck</name>
			</possibleresult>
			<points>
				<point>898.000000,928.000000</point>
				<point>893.000000,934.000000</point>
				<point>879.000000,923.000000</point>
				<point>883.000000,916.000000</point>
				<point>898.000000,928.000000</point>
			</points>
		</object>
		<object>
			<coordinate>pixel</coordinate>
			<type>rectangle</type>
			<description>None</description>
			<possibleresult>
				<name>Small Car</name>
			</possibleresult>
			<points>
				<point>686.000000,964.000000</point>
				<point>669.000000,974.000000</point>
				<point>666.000000,968.000000</point>
				<point>682.000000,957.000000</point>
				<point>686.000000,964.000000</point>
			</points>
		</object>
		<object>
			<coordinate>pixel</coordinate>
			<type>rectangle</type>
			<description>None</description>
			<possibleresult>
				<name>Small Car</name>
			</possibleresult>
			<points>
				<point>727.000000,905.000000</point>
				<point>723.000000,911.000000</point>
				<point>710.000000,901.000000</point>
				<point>715.000000,895.000000</point>
				<point>727.000000,905.000000</point>
			</points>
		</object>
		<object>
			<coordinate>pixel</coordinate>
			<type>rectangle</type>
			<description>None</description>
			<possibleresult>
				<name>Van</name>
			</possibleresult>
			<points>
				<point>505.000000,992.000000</point>
				<point>501.000000,998.000000</point>
				<point>487.000000,987.000000</point>
				<point>492.000000,982.000000</point>
				<point>505.000000,992.000000</point>
			</points>
		</object>
		<object>
			<coordinate>pixel</coordinate>
			<type>rectangle</type>
			<description>None</description>
			<possibleresult>
				<name>Van</name>
			</possibleresult>
			<points>
				<point>449.000000,852.000000</point>
				<point>440.000000,861.000000</point>
				<point>434.000000,856.000000</point>
				<point>443.000000,847.000000</point>
				<point>449.000000,852.000000</point>
			</points>
		</object>
		<object>
			<coordinate>pixel</coordinate>
			<type>rectangle</type>
			<description>None</description>
			<possibleresult>
				<name>Small Car</name>
			</possibleresult>
			<points>
				<point>424.000000,832.000000</point>
				<point>413.000000,843.000000</point>
				<point>408.000000,838.000000</point>
				<point>419.000000,827.000000</point>
				<point>424.000000,832.000000</point>
			</points>
		</object>
		<object>
			<coordinate>pixel</coordinate>
			<type>rectangle</type>
			<description>None</description>
			<possibleresult>
				<name>Small Car</name>
			</possibleresult>
			<points>
				<point>426.000000,793.000000</point>
				<point>418.000000,802.000000</point>
				<point>413.000000,797.000000</point>
				<point>421.000000,788.000000</point>
				<point>426.000000,793.000000</point>
			</points>
		</object>
		<object>
			<coordinate>pixel</coordinate>
			<type>rectangle</type>
			<description>None</description>
			<possibleresult>
				<name>Small Car</name>
			</possibleresult>
			<points>
				<point>418.000000,788.000000</point>
				<point>413.000000,795.000000</point>
				<point>406.000000,790.000000</point>
				<point>411.000000,783.000000</point>
				<point>418.000000,788.000000</point>
			</points>
		</object>
		<object>
			<coordinate>pixel</coordinate>
			<type>rectangle</type>
			<description>None</description>
			<possibleresult>
				<name>Van</name>
			</possibleresult>
			<points>
				<point>371.000000,773.000000</point>
				<point>359.000000,784.000000</point>
				<point>354.000000,778.000000</point>
				<point>367.000000,768.000000</point>
				<point>371.000000,773.000000</point>
			</points>
		</object>
		<object>
			<coordinate>pixel</coordinate>
			<type>rectangle</type>
			<description>None</description>
			<possibleresult>
				<name>Small Car</name>
			</possibleresult>
			<points>
				<point>521.000000,738.000000</point>
				<point>509.000000,750.000000</point>
				<point>504.000000,745.000000</point>
				<point>516.000000,733.000000</point>
				<point>521.000000,738.000000</point>
			</points>
		</object>
		<object>
			<coordinate>pixel</coordinate>
			<type>rectangle</type>
			<description>None</description>
			<possibleresult>
				<name>Van</name>
			</possibleresult>
			<points>
				<point>518.000000,709.000000</point>
				<point>514.000000,715.000000</point>
				<point>499.000000,703.000000</point>
				<point>502.000000,698.000000</point>
				<point>518.000000,709.000000</point>
			</points>
		</object>
		<object>
			<coordinate>pixel</coordinate>
			<type>rectangle</type>
			<description>None</description>
			<possibleresult>
				<name>Small Car</name>
			</possibleresult>
			<points>
				<point>564.000000,740.000000</point>
				<point>561.000000,745.000000</point>
				<point>548.000000,736.000000</point>
				<point>552.000000,730.000000</point>
				<point>564.000000,740.000000</point>
			</points>
		</object>
		<object>
			<coordinate>pixel</coordinate>
			<type>rectangle</type>
			<description>None</description>
			<possibleresult>
				<name>Small Car</name>
			</possibleresult>
			<points>
				<point>489.000000,708.000000</point>
				<point>475.000000,721.000000</point>
				<point>469.000000,715.000000</point>
				<point>483.000000,702.000000</point>
				<point>489.000000,708.000000</point>
			</points>
		</object>
		<object>
			<coordinate>pixel</coordinate>
			<type>rectangle</type>
			<description>None</description>
			<possibleresult>
				<name>Van</name>
			</possibleresult>
			<points>
				<point>283.000000,814.000000</point>
				<point>270.000000,828.000000</point>
				<point>264.000000,822.000000</point>
				<point>277.000000,808.000000</point>
				<point>283.000000,814.000000</point>
			</points>
		</object>
		<object>
			<coordinate>pixel</coordinate>
			<type>rectangle</type>
			<description>None</description>
			<possibleresult>
				<name>Dump Truck</name>
			</possibleresult>
			<points>
				<point>299.000000,779.000000</point>
				<point>286.000000,793.000000</point>
				<point>280.000000,787.000000</point>
				<point>294.000000,774.000000</point>
				<point>299.000000,779.000000</point>
			</points>
		</object>
		<object>
			<coordinate>pixel</coordinate>
			<type>rectangle</type>
			<description>None</description>
			<possibleresult>
				<name>Small Car</name>
			</possibleresult>
			<points>
				<point>280.000000,785.000000</point>
				<point>270.000000,796.000000</point>
				<point>266.000000,792.000000</point>
				<point>275.000000,780.000000</point>
				<point>280.000000,785.000000</point>
			</points>
		</object>
		<object>
			<coordinate>pixel</coordinate>
			<type>rectangle</type>
			<description>None</description>
			<possibleresult>
				<name>Van</name>
			</possibleresult>
			<points>
				<point>216.000000,793.000000</point>
				<point>206.000000,805.000000</point>
				<point>200.000000,801.000000</point>
				<point>210.000000,788.000000</point>
				<point>216.000000,793.000000</point>
			</points>
		</object>
		<object>
			<coordinate>pixel</coordinate>
			<type>rectangle</type>
			<description>None</description>
			<possibleresult>
				<name>Van</name>
			</possibleresult>
			<points>
				<point>209.000000,787.000000</point>
				<point>196.000000,800.000000</point>
				<point>191.000000,794.000000</point>
				<point>204.000000,781.000000</point>
				<point>209.000000,787.000000</point>
			</points>
		</object>
		<object>
			<coordinate>pixel</coordinate>
			<type>rectangle</type>
			<description>None</description>
			<possibleresult>
				<name>Van</name>
			</possibleresult>
			<points>
				<point>321.000000,711.000000</point>
				<point>314.000000,719.000000</point>
				<point>308.000000,715.000000</point>
				<point>315.000000,707.000000</point>
				<point>321.000000,711.000000</point>
			</points>
		</object>
		<object>
			<coordinate>pixel</coordinate>
			<type>rectangle</type>
			<description>None</description>
			<possibleresult>
				<name>Van</name>
			</possibleresult>
			<points>
				<point>408.000000,639.000000</point>
				<point>404.000000,645.000000</point>
				<point>390.000000,634.000000</point>
				<point>394.000000,628.000000</point>
				<point>408.000000,639.000000</point>
			</points>
		</object>
		<object>
			<coordinate>pixel</coordinate>
			<type>rectangle</type>
			<description>None</description>
			<possibleresult>
				<name>Van</name>
			</possibleresult>
			<points>
				<point>719.000000,543.000000</point>
				<point>716.000000,549.000000</point>
				<point>700.000000,541.000000</point>
				<point>703.000000,535.000000</point>
				<point>719.000000,543.000000</point>
			</points>
		</object>
		<object>
			<coordinate>pixel</coordinate>
			<type>rectangle</type>
			<description>None</description>
			<possibleresult>
				<name>Dump Truck</name>
			</possibleresult>
			<points>
				<point>66.000000,687.000000</point>
				<point>53.000000,705.000000</point>
				<point>46.000000,700.000000</point>
				<point>58.000000,683.000000</point>
				<point>66.000000,687.000000</point>
			</points>
		</object>
		<object>
			<coordinate>pixel</coordinate>
			<type>rectangle</type>
			<description>None</description>
			<possibleresult>
				<name>Dump Truck</name>
			</possibleresult>
			<points>
				<point>39.000000,672.000000</point>
				<point>20.000000,696.000000</point>
				<point>11.000000,689.000000</point>
				<point>30.000000,665.000000</point>
				<point>39.000000,672.000000</point>
			</points>
		</object>
		<object>
			<coordinate>pixel</coordinate>
			<type>rectangle</type>
			<description>None</description>
			<possibleresult>
				<name>Dump Truck</name>
			</possibleresult>
			<points>
				<point>47.000000,677.000000</point>
				<point>35.000000,693.000000</point>
				<point>28.000000,687.000000</point>
				<point>40.000000,671.000000</point>
				<point>47.000000,677.000000</point>
			</points>
		</object>
		<object>
			<coordinate>pixel</coordinate>
			<type>rectangle</type>
			<description>None</description>
			<possibleresult>
				<name>Van</name>
			</possibleresult>
			<points>
				<point>78.000000,576.000000</point>
				<point>67.000000,590.000000</point>
				<point>61.000000,585.000000</point>
				<point>71.000000,572.000000</point>
				<point>78.000000,576.000000</point>
			</points>
		</object>
		<object>
			<coordinate>pixel</coordinate>
			<type>rectangle</type>
			<description>None</description>
			<possibleresult>
				<name>Van</name>
			</possibleresult>
			<points>
				<point>116.000000,555.000000</point>
				<point>113.000000,560.000000</point>
				<point>100.000000,554.000000</point>
				<point>102.000000,548.000000</point>
				<point>116.000000,555.000000</point>
			</points>
		</object>
		<object>
			<coordinate>pixel</coordinate>
			<type>rectangle</type>
			<description>None</description>
			<possibleresult>
				<name>Van</name>
			</possibleresult>
			<points>
				<point>162.000000,578.000000</point>
				<point>160.000000,583.000000</point>
				<point>142.000000,574.000000</point>
				<point>145.000000,570.000000</point>
				<point>162.000000,578.000000</point>
			</points>
		</object>
		<object>
			<coordinate>pixel</coordinate>
			<type>rectangle</type>
			<description>None</description>
			<possibleresult>
				<name>Van</name>
			</possibleresult>
			<points>
				<point>101.000000,382.000000</point>
				<point>93.000000,394.000000</point>
				<point>87.000000,390.000000</point>
				<point>95.000000,378.000000</point>
				<point>101.000000,382.000000</point>
			</points>
		</object>
		<object>
			<coordinate>pixel</coordinate>
			<type>rectangle</type>
			<description>None</description>
			<possibleresult>
				<name>Cargo Truck</name>
			</possibleresult>
			<points>
				<point>143.000000,330.000000</point>
				<point>116.000000,365.000000</point>
				<point>105.000000,358.000000</point>
				<point>132.000000,323.000000</point>
				<point>143.000000,330.000000</point>
			</points>
		</object>
		<object>
			<coordinate>pixel</coordinate>
			<type>rectangle</type>
			<description>None</description>
			<possibleresult>
				<name>Small Car</name>
			</possibleresult>
			<points>
				<point>155.000000,316.000000</point>
				<point>146.000000,329.000000</point>
				<point>140.000000,324.000000</point>
				<point>148.000000,312.000000</point>
				<point>155.000000,316.000000</point>
			</points>
		</object>
		<object>
			<coordinate>pixel</coordinate>
			<type>rectangle</type>
			<description>None</description>
			<possibleresult>
				<name>Van</name>
			</possibleresult>
			<points>
				<point>168.000000,298.000000</point>
				<point>159.000000,313.000000</point>
				<point>152.000000,310.000000</point>
				<point>161.000000,295.000000</point>
				<point>168.000000,298.000000</point>
			</points>
		</object>
		<object>
			<coordinate>pixel</coordinate>
			<type>rectangle</type>
			<description>None</description>
			<possibleresult>
				<name>Small Car</name>
			</possibleresult>
			<points>
				<point>25.000000,300.000000</point>
				<point>18.000000,310.000000</point>
				<point>13.000000,306.000000</point>
				<point>20.000000,296.000000</point>
				<point>25.000000,300.000000</point>
			</points>
		</object>
		<object>
			<coordinate>pixel</coordinate>
			<type>rectangle</type>
			<description>None</description>
			<possibleresult>
				<name>Small Car</name>
			</possibleresult>
			<points>
				<point>105.000000,274.000000</point>
				<point>102.000000,280.000000</point>
				<point>84.000000,271.000000</point>
				<point>87.000000,265.000000</point>
				<point>105.000000,274.000000</point>
			</points>
		</object>
		<object>
			<coordinate>pixel</coordinate>
			<type>rectangle</type>
			<description>None</description>
			<possibleresult>
				<name>Small Car</name>
			</possibleresult>
			<points>
				<point>191.000000,244.000000</point>
				<point>180.000000,258.000000</point>
				<point>174.000000,253.000000</point>
				<point>184.000000,240.000000</point>
				<point>191.000000,244.000000</point>
			</points>
		</object>
		<object>
			<coordinate>pixel</coordinate>
			<type>rectangle</type>
			<description>None</description>
			<possibleresult>
				<name>Dump Truck</name>
			</possibleresult>
			<points>
				<point>254.000000,297.000000</point>
				<point>250.000000,304.000000</point>
				<point>233.000000,295.000000</point>
				<point>237.000000,289.000000</point>
				<point>254.000000,297.000000</point>
			</points>
		</object>
		<object>
			<coordinate>pixel</coordinate>
			<type>rectangle</type>
			<description>None</description>
			<possibleresult>
				<name>Small Car</name>
			</possibleresult>
			<points>
				<point>23.000000,199.000000</point>
				<point>15.000000,213.000000</point>
				<point>8.000000,209.000000</point>
				<point>16.000000,195.000000</point>
				<point>23.000000,199.000000</point>
			</points>
		</object>
		<object>
			<coordinate>pixel</coordinate>
			<type>rectangle</type>
			<description>None</description>
			<possibleresult>
				<name>Van</name>
			</possibleresult>
			<points>
				<point>264.000000,197.000000</point>
				<point>262.000000,203.000000</point>
				<point>251.000000,198.000000</point>
				<point>253.000000,192.000000</point>
				<point>264.000000,197.000000</point>
			</points>
		</object>
		<object>
			<coordinate>pixel</coordinate>
			<type>rectangle</type>
			<description>None</description>
			<possibleresult>
				<name>Van</name>
			</possibleresult>
			<points>
				<point>245.000000,178.000000</point>
				<point>235.000000,191.000000</point>
				<point>229.000000,187.000000</point>
				<point>238.000000,173.000000</point>
				<point>245.000000,178.000000</point>
			</points>
		</object>
		<object>
			<coordinate>pixel</coordinate>
			<type>rectangle</type>
			<description>None</description>
			<possibleresult>
				<name>Dump Truck</name>
			</possibleresult>
			<points>
				<point>237.000000,229.000000</point>
				<point>234.000000,236.000000</point>
				<point>224.000000,230.000000</point>
				<point>227.000000,223.000000</point>
				<point>237.000000,229.000000</point>
			</points>
		</object>
		<object>
			<coordinate>pixel</coordinate>
			<type>rectangle</type>
			<description>None</description>
			<possibleresult>
				<name>Small Car</name>
			</possibleresult>
			<points>
				<point>23.000000,73.000000</point>
				<point>15.000000,85.000000</point>
				<point>9.000000,82.000000</point>
				<point>17.000000,70.000000</point>
				<point>23.000000,73.000000</point>
			</points>
		</object>
		<object>
			<coordinate>pixel</coordinate>
			<type>rectangle</type>
			<description>None</description>
			<possibleresult>
				<name>Small Car</name>
			</possibleresult>
			<points>
				<point>186.000000,37.000000</point>
				<point>174.000000,45.000000</point>
				<point>170.000000,41.000000</point>
				<point>183.000000,32.000000</point>
				<point>186.000000,37.000000</point>
			</points>
		</object>
		<object>
			<coordinate>pixel</coordinate>
			<type>rectangle</type>
			<description>None</description>
			<possibleresult>
				<name>Van</name>
			</possibleresult>
			<points>
				<point>317.000000,84.000000</point>
				<point>314.000000,90.000000</point>
				<point>305.000000,84.000000</point>
				<point>307.000000,79.000000</point>
				<point>317.000000,84.000000</point>
			</points>
		</object>
		<object>
			<coordinate>pixel</coordinate>
			<type>rectangle</type>
			<description>None</description>
			<possibleresult>
				<name>Van</name>
			</possibleresult>
			<points>
				<point>355.000000,58.000000</point>
				<point>343.000000,69.000000</point>
				<point>338.000000,64.000000</point>
				<point>349.000000,52.000000</point>
				<point>355.000000,58.000000</point>
			</points>
		</object>
		<object>
			<coordinate>pixel</coordinate>
			<type>rectangle</type>
			<description>None</description>
			<possibleresult>
				<name>Small Car</name>
			</possibleresult>
			<points>
				<point>386.000000,24.000000</point>
				<point>377.000000,35.000000</point>
				<point>372.000000,31.000000</point>
				<point>381.000000,20.000000</point>
				<point>386.000000,24.000000</point>
			</points>
		</object>
		<object>
			<coordinate>pixel</coordinate>
			<type>rectangle</type>
			<description>None</description>
			<possibleresult>
				<name>Van</name>
			</possibleresult>
			<points>
				<point>410.000000,52.000000</point>
				<point>405.000000,59.000000</point>
				<point>393.000000,49.000000</point>
				<point>398.000000,42.000000</point>
				<point>410.000000,52.000000</point>
			</points>
		</object>
		<object>
			<coordinate>pixel</coordinate>
			<type>rectangle</type>
			<description>None</description>
			<possibleresult>
				<name>Small Car</name>
			</possibleresult>
			<points>
				<point>348.000000,126.000000</point>
				<point>344.000000,133.000000</point>
				<point>328.000000,125.000000</point>
				<point>331.000000,117.000000</point>
				<point>348.000000,126.000000</point>
			</points>
		</object>
		<object>
			<coordinate>pixel</coordinate>
			<type>rectangle</type>
			<description>None</description>
			<possibleresult>
				<name>Van</name>
			</possibleresult>
			<points>
				<point>538.000000,54.000000</point>
				<point>534.000000,58.000000</point>
				<point>522.000000,44.000000</point>
				<point>527.000000,41.000000</point>
				<point>538.000000,54.000000</point>
			</points>
		</object>
		<object>
			<coordinate>pixel</coordinate>
			<type>rectangle</type>
			<description>None</description>
			<possibleresult>
				<name>Small Car</name>
			</possibleresult>
			<points>
				<point>552.000000,96.000000</point>
				<point>548.000000,102.000000</point>
				<point>533.000000,93.000000</point>
				<point>536.000000,86.000000</point>
				<point>552.000000,96.000000</point>
			</points>
		</object>
		<object>
			<coordinate>pixel</coordinate>
			<type>rectangle</type>
			<description>None</description>
			<possibleresult>
				<name>Small Car</name>
			</possibleresult>
			<points>
				<point>635.000000,85.000000</point>
				<point>630.000000,90.000000</point>
				<point>620.000000,79.000000</point>
				<point>624.000000,75.000000</point>
				<point>635.000000,85.000000</point>
			</points>
		</object>
		<object>
			<coordinate>pixel</coordinate>
			<type>rectangle</type>
			<description>None</description>
			<possibleresult>
				<name>Small Car</name>
			</possibleresult>
			<points>
				<point>671.000000,69.000000</point>
				<point>658.000000,80.000000</point>
				<point>653.000000,74.000000</point>
				<point>666.000000,63.000000</point>
				<point>671.000000,69.000000</point>
			</points>
		</object>
		<object>
			<coordinate>pixel</coordinate>
			<type>rectangle</type>
			<description>None</description>
			<possibleresult>
				<name>Small Car</name>
			</possibleresult>
			<points>
				<point>667.000000,92.000000</point>
				<point>656.000000,104.000000</point>
				<point>651.000000,100.000000</point>
				<point>662.000000,88.000000</point>
				<point>667.000000,92.000000</point>
			</points>
		</object>
		<object>
			<coordinate>pixel</coordinate>
			<type>rectangle</type>
			<description>None</description>
			<possibleresult>
				<name>Small Car</name>
			</possibleresult>
			<points>
				<point>693.000000,111.000000</point>
				<point>679.000000,122.000000</point>
				<point>674.000000,116.000000</point>
				<point>689.000000,104.000000</point>
				<point>693.000000,111.000000</point>
			</points>
		</object>
		<object>
			<coordinate>pixel</coordinate>
			<type>rectangle</type>
			<description>None</description>
			<possibleresult>
				<name>Small Car</name>
			</possibleresult>
			<points>
				<point>723.000000,133.000000</point>
				<point>713.000000,143.000000</point>
				<point>708.000000,138.000000</point>
				<point>719.000000,129.000000</point>
				<point>723.000000,133.000000</point>
			</points>
		</object>
		<object>
			<coordinate>pixel</coordinate>
			<type>rectangle</type>
			<description>None</description>
			<possibleresult>
				<name>Van</name>
			</possibleresult>
			<points>
				<point>738.000000,186.000000</point>
				<point>728.000000,196.000000</point>
				<point>723.000000,191.000000</point>
				<point>733.000000,181.000000</point>
				<point>738.000000,186.000000</point>
			</points>
		</object>
	</objects>
</annotation>