<?xml version="1.0" encoding="utf-8"?>
<annotation>
	<source>
		<filename>1637.tif</filename>
		<origin>GF2/GF3</origin>
	</source>
	<research>
		<version>1.0</version>
		<provider>FAIR1M</provider>
		<author>Cyber</author>
		<pluginname>FAIR1M</pluginname>
		<pluginclass>object detection</pluginclass>
		<time>2021-07-21</time>
	</research>
	<size>
		<width>1000</width>
		<height>1000</height>
		<depth>3</depth>
	</size>
	<objects>
		<object>
			<coordinate>pixel</coordinate>
			<type>rectangle</type>
			<description>None</description>
			<possibleresult>
				<name>Van</name>
			</possibleresult>
			<points>
				<point>581.000000,38.000000</point>
				<point>579.000000,45.000000</point>
				<point>562.000000,38.000000</point>
				<point>564.000000,31.000000</point>
				<point>581.000000,38.000000</point>
			</points>
		</object>
		<object>
			<coordinate>pixel</coordinate>
			<type>rectangle</type>
			<description>None</description>
			<possibleresult>
				<name>Van</name>
			</possibleresult>
			<points>
				<point>566.000000,43.000000</point>
				<point>564.000000,49.000000</point>
				<point>546.000000,41.000000</point>
				<point>548.000000,35.000000</point>
				<point>566.000000,43.000000</point>
			</points>
		</object>
		<object>
			<coordinate>pixel</coordinate>
			<type>rectangle</type>
			<description>None</description>
			<possibleresult>
				<name>Small Car</name>
			</possibleresult>
			<points>
				<point>563.000000,52.000000</point>
				<point>561.000000,58.000000</point>
				<point>547.000000,52.000000</point>
				<point>549.000000,46.000000</point>
				<point>563.000000,52.000000</point>
			</points>
		</object>
		<object>
			<coordinate>pixel</coordinate>
			<type>rectangle</type>
			<description>None</description>
			<possibleresult>
				<name>Dump Truck</name>
			</possibleresult>
			<points>
				<point>637.000000,62.000000</point>
				<point>634.000000,67.000000</point>
				<point>612.000000,55.000000</point>
				<point>616.000000,49.000000</point>
				<point>637.000000,62.000000</point>
			</points>
		</object>
		<object>
			<coordinate>pixel</coordinate>
			<type>rectangle</type>
			<description>None</description>
			<possibleresult>
				<name>Small Car</name>
			</possibleresult>
			<points>
				<point>652.000000,60.000000</point>
				<point>648.000000,66.000000</point>
				<point>631.000000,54.000000</point>
				<point>636.000000,48.000000</point>
				<point>652.000000,60.000000</point>
			</points>
		</object>
		<object>
			<coordinate>pixel</coordinate>
			<type>rectangle</type>
			<description>None</description>
			<possibleresult>
				<name>Small Car</name>
			</possibleresult>
			<points>
				<point>667.000000,54.000000</point>
				<point>664.000000,61.000000</point>
				<point>646.000000,50.000000</point>
				<point>650.000000,43.000000</point>
				<point>667.000000,54.000000</point>
			</points>
		</object>
		<object>
			<coordinate>pixel</coordinate>
			<type>rectangle</type>
			<description>None</description>
			<possibleresult>
				<name>Van</name>
			</possibleresult>
			<points>
				<point>757.000000,30.000000</point>
				<point>753.000000,38.000000</point>
				<point>733.000000,27.000000</point>
				<point>738.000000,19.000000</point>
				<point>757.000000,30.000000</point>
			</points>
		</object>
		<object>
			<coordinate>pixel</coordinate>
			<type>rectangle</type>
			<description>None</description>
			<possibleresult>
				<name>Van</name>
			</possibleresult>
			<points>
				<point>764.000000,21.000000</point>
				<point>761.000000,28.000000</point>
				<point>742.000000,18.000000</point>
				<point>745.000000,11.000000</point>
				<point>764.000000,21.000000</point>
			</points>
		</object>
		<object>
			<coordinate>pixel</coordinate>
			<type>rectangle</type>
			<description>None</description>
			<possibleresult>
				<name>Van</name>
			</possibleresult>
			<points>
				<point>769.000000,47.000000</point>
				<point>767.000000,53.000000</point>
				<point>753.000000,47.000000</point>
				<point>756.000000,42.000000</point>
				<point>769.000000,47.000000</point>
			</points>
		</object>
		<object>
			<coordinate>pixel</coordinate>
			<type>rectangle</type>
			<description>None</description>
			<possibleresult>
				<name>Small Car</name>
			</possibleresult>
			<points>
				<point>682.000000,70.000000</point>
				<point>680.000000,76.000000</point>
				<point>665.000000,70.000000</point>
				<point>667.000000,64.000000</point>
				<point>682.000000,70.000000</point>
			</points>
		</object>
		<object>
			<coordinate>pixel</coordinate>
			<type>rectangle</type>
			<description>None</description>
			<possibleresult>
				<name>Small Car</name>
			</possibleresult>
			<points>
				<point>612.000000,89.000000</point>
				<point>609.000000,96.000000</point>
				<point>597.000000,89.000000</point>
				<point>600.000000,82.000000</point>
				<point>612.000000,89.000000</point>
			</points>
		</object>
		<object>
			<coordinate>pixel</coordinate>
			<type>rectangle</type>
			<description>None</description>
			<possibleresult>
				<name>Van</name>
			</possibleresult>
			<points>
				<point>563.000000,100.000000</point>
				<point>561.000000,105.000000</point>
				<point>548.000000,100.000000</point>
				<point>551.000000,94.000000</point>
				<point>563.000000,100.000000</point>
			</points>
		</object>
		<object>
			<coordinate>pixel</coordinate>
			<type>rectangle</type>
			<description>None</description>
			<possibleresult>
				<name>Van</name>
			</possibleresult>
			<points>
				<point>954.000000,122.000000</point>
				<point>951.000000,128.000000</point>
				<point>930.000000,117.000000</point>
				<point>933.000000,111.000000</point>
				<point>954.000000,122.000000</point>
			</points>
		</object>
		<object>
			<coordinate>pixel</coordinate>
			<type>rectangle</type>
			<description>None</description>
			<possibleresult>
				<name>Small Car</name>
			</possibleresult>
			<points>
				<point>966.000000,148.000000</point>
				<point>963.000000,155.000000</point>
				<point>945.000000,146.000000</point>
				<point>948.000000,139.000000</point>
				<point>966.000000,148.000000</point>
			</points>
		</object>
		<object>
			<coordinate>pixel</coordinate>
			<type>rectangle</type>
			<description>None</description>
			<possibleresult>
				<name>Van</name>
			</possibleresult>
			<points>
				<point>959.000000,195.000000</point>
				<point>952.000000,209.000000</point>
				<point>944.000000,205.000000</point>
				<point>951.000000,191.000000</point>
				<point>959.000000,195.000000</point>
			</points>
		</object>
		<object>
			<coordinate>pixel</coordinate>
			<type>rectangle</type>
			<description>None</description>
			<possibleresult>
				<name>Small Car</name>
			</possibleresult>
			<points>
				<point>944.000000,195.000000</point>
				<point>938.000000,211.000000</point>
				<point>932.000000,209.000000</point>
				<point>937.000000,192.000000</point>
				<point>944.000000,195.000000</point>
			</points>
		</object>
		<object>
			<coordinate>pixel</coordinate>
			<type>rectangle</type>
			<description>None</description>
			<possibleresult>
				<name>Van</name>
			</possibleresult>
			<points>
				<point>882.000000,212.000000</point>
				<point>879.000000,227.000000</point>
				<point>872.000000,225.000000</point>
				<point>876.000000,211.000000</point>
				<point>882.000000,212.000000</point>
			</points>
		</object>
		<object>
			<coordinate>pixel</coordinate>
			<type>rectangle</type>
			<description>None</description>
			<possibleresult>
				<name>Small Car</name>
			</possibleresult>
			<points>
				<point>908.000000,266.000000</point>
				<point>903.000000,272.000000</point>
				<point>888.000000,261.000000</point>
				<point>893.000000,255.000000</point>
				<point>908.000000,266.000000</point>
			</points>
		</object>
		<object>
			<coordinate>pixel</coordinate>
			<type>rectangle</type>
			<description>None</description>
			<possibleresult>
				<name>Van</name>
			</possibleresult>
			<points>
				<point>888.000000,266.000000</point>
				<point>885.000000,272.000000</point>
				<point>871.000000,265.000000</point>
				<point>874.000000,259.000000</point>
				<point>888.000000,266.000000</point>
			</points>
		</object>
		<object>
			<coordinate>pixel</coordinate>
			<type>rectangle</type>
			<description>None</description>
			<possibleresult>
				<name>Small Car</name>
			</possibleresult>
			<points>
				<point>877.000000,273.000000</point>
				<point>876.000000,279.000000</point>
				<point>858.000000,274.000000</point>
				<point>860.000000,268.000000</point>
				<point>877.000000,273.000000</point>
			</points>
		</object>
		<object>
			<coordinate>pixel</coordinate>
			<type>rectangle</type>
			<description>None</description>
			<possibleresult>
				<name>Small Car</name>
			</possibleresult>
			<points>
				<point>830.000000,282.000000</point>
				<point>829.000000,288.000000</point>
				<point>809.000000,285.000000</point>
				<point>809.000000,278.000000</point>
				<point>830.000000,282.000000</point>
			</points>
		</object>
		<object>
			<coordinate>pixel</coordinate>
			<type>rectangle</type>
			<description>None</description>
			<possibleresult>
				<name>Small Car</name>
			</possibleresult>
			<points>
				<point>811.000000,287.000000</point>
				<point>810.000000,293.000000</point>
				<point>789.000000,292.000000</point>
				<point>790.000000,286.000000</point>
				<point>811.000000,287.000000</point>
			</points>
		</object>
		<object>
			<coordinate>pixel</coordinate>
			<type>rectangle</type>
			<description>None</description>
			<possibleresult>
				<name>Small Car</name>
			</possibleresult>
			<points>
				<point>708.000000,552.000000</point>
				<point>700.000000,556.000000</point>
				<point>695.000000,545.000000</point>
				<point>703.000000,541.000000</point>
				<point>708.000000,552.000000</point>
			</points>
		</object>
		<object>
			<coordinate>pixel</coordinate>
			<type>rectangle</type>
			<description>None</description>
			<possibleresult>
				<name>Van</name>
			</possibleresult>
			<points>
				<point>776.000000,531.000000</point>
				<point>769.000000,535.000000</point>
				<point>757.000000,517.000000</point>
				<point>764.000000,512.000000</point>
				<point>776.000000,531.000000</point>
			</points>
		</object>
		<object>
			<coordinate>pixel</coordinate>
			<type>rectangle</type>
			<description>None</description>
			<possibleresult>
				<name>Cargo Truck</name>
			</possibleresult>
			<points>
				<point>750.000000,526.000000</point>
				<point>726.000000,534.000000</point>
				<point>724.000000,526.000000</point>
				<point>747.000000,517.000000</point>
				<point>750.000000,526.000000</point>
			</points>
		</object>
		<object>
			<coordinate>pixel</coordinate>
			<type>rectangle</type>
			<description>None</description>
			<possibleresult>
				<name>Dump Truck</name>
			</possibleresult>
			<points>
				<point>815.000000,445.000000</point>
				<point>803.000000,449.000000</point>
				<point>795.000000,425.000000</point>
				<point>807.000000,421.000000</point>
				<point>815.000000,445.000000</point>
			</points>
		</object>
		<object>
			<coordinate>pixel</coordinate>
			<type>rectangle</type>
			<description>None</description>
			<possibleresult>
				<name>Dump Truck</name>
			</possibleresult>
			<points>
				<point>858.000000,369.000000</point>
				<point>849.000000,373.000000</point>
				<point>841.000000,355.000000</point>
				<point>850.000000,351.000000</point>
				<point>858.000000,369.000000</point>
			</points>
		</object>
		<object>
			<coordinate>pixel</coordinate>
			<type>rectangle</type>
			<description>None</description>
			<possibleresult>
				<name>Dump Truck</name>
			</possibleresult>
			<points>
				<point>972.000000,333.000000</point>
				<point>948.000000,340.000000</point>
				<point>946.000000,331.000000</point>
				<point>970.000000,324.000000</point>
				<point>972.000000,333.000000</point>
			</points>
		</object>
		<object>
			<coordinate>pixel</coordinate>
			<type>rectangle</type>
			<description>None</description>
			<possibleresult>
				<name>Small Car</name>
			</possibleresult>
			<points>
				<point>1000.000000,322.000000</point>
				<point>985.000000,326.000000</point>
				<point>982.000000,318.000000</point>
				<point>1000.000000,313.000000</point>
				<point>1000.000000,322.000000</point>
			</points>
		</object>
		<object>
			<coordinate>pixel</coordinate>
			<type>rectangle</type>
			<description>None</description>
			<possibleresult>
				<name>Van</name>
			</possibleresult>
			<points>
				<point>990.000000,528.000000</point>
				<point>970.000000,534.000000</point>
				<point>968.000000,528.000000</point>
				<point>989.000000,523.000000</point>
				<point>990.000000,528.000000</point>
			</points>
		</object>
		<object>
			<coordinate>pixel</coordinate>
			<type>rectangle</type>
			<description>None</description>
			<possibleresult>
				<name>Small Car</name>
			</possibleresult>
			<points>
				<point>966.000000,535.000000</point>
				<point>945.000000,541.000000</point>
				<point>943.000000,533.000000</point>
				<point>964.000000,527.000000</point>
				<point>966.000000,535.000000</point>
			</points>
		</object>
		<object>
			<coordinate>pixel</coordinate>
			<type>rectangle</type>
			<description>None</description>
			<possibleresult>
				<name>Small Car</name>
			</possibleresult>
			<points>
				<point>884.000000,512.000000</point>
				<point>862.000000,517.000000</point>
				<point>860.000000,511.000000</point>
				<point>883.000000,507.000000</point>
				<point>884.000000,512.000000</point>
			</points>
		</object>
		<object>
			<coordinate>pixel</coordinate>
			<type>rectangle</type>
			<description>None</description>
			<possibleresult>
				<name>Cargo Truck</name>
			</possibleresult>
			<points>
				<point>807.000000,541.000000</point>
				<point>782.000000,547.000000</point>
				<point>780.000000,537.000000</point>
				<point>805.000000,531.000000</point>
				<point>807.000000,541.000000</point>
			</points>
		</object>
		<object>
			<coordinate>pixel</coordinate>
			<type>rectangle</type>
			<description>None</description>
			<possibleresult>
				<name>Small Car</name>
			</possibleresult>
			<points>
				<point>829.000000,533.000000</point>
				<point>811.000000,538.000000</point>
				<point>809.000000,531.000000</point>
				<point>828.000000,525.000000</point>
				<point>829.000000,533.000000</point>
			</points>
		</object>
		<object>
			<coordinate>pixel</coordinate>
			<type>rectangle</type>
			<description>None</description>
			<possibleresult>
				<name>Small Car</name>
			</possibleresult>
			<points>
				<point>830.000000,560.000000</point>
				<point>810.000000,564.000000</point>
				<point>808.000000,556.000000</point>
				<point>828.000000,552.000000</point>
				<point>830.000000,560.000000</point>
			</points>
		</object>
		<object>
			<coordinate>pixel</coordinate>
			<type>rectangle</type>
			<description>None</description>
			<possibleresult>
				<name>Dump Truck</name>
			</possibleresult>
			<points>
				<point>982.000000,717.000000</point>
				<point>960.000000,717.000000</point>
				<point>960.000000,710.000000</point>
				<point>982.000000,710.000000</point>
				<point>982.000000,717.000000</point>
			</points>
		</object>
		<object>
			<coordinate>pixel</coordinate>
			<type>rectangle</type>
			<description>None</description>
			<possibleresult>
				<name>Small Car</name>
			</possibleresult>
			<points>
				<point>1000.000000,718.000000</point>
				<point>985.000000,721.000000</point>
				<point>984.000000,714.000000</point>
				<point>1000.000000,712.000000</point>
				<point>1000.000000,718.000000</point>
			</points>
		</object>
		<object>
			<coordinate>pixel</coordinate>
			<type>rectangle</type>
			<description>None</description>
			<possibleresult>
				<name>Van</name>
			</possibleresult>
			<points>
				<point>1000.000000,727.000000</point>
				<point>985.000000,728.000000</point>
				<point>984.000000,721.000000</point>
				<point>1000.000000,719.000000</point>
				<point>1000.000000,727.000000</point>
			</points>
		</object>
		<object>
			<coordinate>pixel</coordinate>
			<type>rectangle</type>
			<description>None</description>
			<possibleresult>
				<name>Van</name>
			</possibleresult>
			<points>
				<point>975.000000,736.000000</point>
				<point>968.000000,740.000000</point>
				<point>959.000000,723.000000</point>
				<point>967.000000,720.000000</point>
				<point>975.000000,736.000000</point>
			</points>
		</object>
		<object>
			<coordinate>pixel</coordinate>
			<type>rectangle</type>
			<description>None</description>
			<possibleresult>
				<name>Small Car</name>
			</possibleresult>
			<points>
				<point>879.000000,752.000000</point>
				<point>871.000000,754.000000</point>
				<point>866.000000,739.000000</point>
				<point>874.000000,737.000000</point>
				<point>879.000000,752.000000</point>
			</points>
		</object>
		<object>
			<coordinate>pixel</coordinate>
			<type>rectangle</type>
			<description>None</description>
			<possibleresult>
				<name>Small Car</name>
			</possibleresult>
			<points>
				<point>908.000000,751.000000</point>
				<point>899.000000,754.000000</point>
				<point>894.000000,740.000000</point>
				<point>904.000000,738.000000</point>
				<point>908.000000,751.000000</point>
			</points>
		</object>
		<object>
			<coordinate>pixel</coordinate>
			<type>rectangle</type>
			<description>None</description>
			<possibleresult>
				<name>Small Car</name>
			</possibleresult>
			<points>
				<point>944.000000,745.000000</point>
				<point>927.000000,751.000000</point>
				<point>924.000000,745.000000</point>
				<point>941.000000,739.000000</point>
				<point>944.000000,745.000000</point>
			</points>
		</object>
		<object>
			<coordinate>pixel</coordinate>
			<type>rectangle</type>
			<description>None</description>
			<possibleresult>
				<name>Small Car</name>
			</possibleresult>
			<points>
				<point>938.000000,739.000000</point>
				<point>920.000000,742.000000</point>
				<point>918.000000,735.000000</point>
				<point>937.000000,731.000000</point>
				<point>938.000000,739.000000</point>
			</points>
		</object>
		<object>
			<coordinate>pixel</coordinate>
			<type>rectangle</type>
			<description>None</description>
			<possibleresult>
				<name>Van</name>
			</possibleresult>
			<points>
				<point>937.000000,730.000000</point>
				<point>919.000000,734.000000</point>
				<point>917.000000,727.000000</point>
				<point>936.000000,724.000000</point>
				<point>937.000000,730.000000</point>
			</points>
		</object>
		<object>
			<coordinate>pixel</coordinate>
			<type>rectangle</type>
			<description>None</description>
			<possibleresult>
				<name>Small Car</name>
			</possibleresult>
			<points>
				<point>933.000000,720.000000</point>
				<point>914.000000,725.000000</point>
				<point>913.000000,719.000000</point>
				<point>931.000000,715.000000</point>
				<point>933.000000,720.000000</point>
			</points>
		</object>
		<object>
			<coordinate>pixel</coordinate>
			<type>rectangle</type>
			<description>None</description>
			<possibleresult>
				<name>Small Car</name>
			</possibleresult>
			<points>
				<point>929.000000,712.000000</point>
				<point>911.000000,715.000000</point>
				<point>910.000000,709.000000</point>
				<point>928.000000,706.000000</point>
				<point>929.000000,712.000000</point>
			</points>
		</object>
		<object>
			<coordinate>pixel</coordinate>
			<type>rectangle</type>
			<description>None</description>
			<possibleresult>
				<name>Small Car</name>
			</possibleresult>
			<points>
				<point>926.000000,702.000000</point>
				<point>906.000000,708.000000</point>
				<point>905.000000,702.000000</point>
				<point>924.000000,695.000000</point>
				<point>926.000000,702.000000</point>
			</points>
		</object>
		<object>
			<coordinate>pixel</coordinate>
			<type>rectangle</type>
			<description>None</description>
			<possibleresult>
				<name>Dump Truck</name>
			</possibleresult>
			<points>
				<point>923.000000,695.000000</point>
				<point>903.000000,700.000000</point>
				<point>902.000000,693.000000</point>
				<point>921.000000,687.000000</point>
				<point>923.000000,695.000000</point>
			</points>
		</object>
		<object>
			<coordinate>pixel</coordinate>
			<type>rectangle</type>
			<description>None</description>
			<possibleresult>
				<name>Van</name>
			</possibleresult>
			<points>
				<point>915.000000,677.000000</point>
				<point>896.000000,681.000000</point>
				<point>895.000000,676.000000</point>
				<point>913.000000,671.000000</point>
				<point>915.000000,677.000000</point>
			</points>
		</object>
		<object>
			<coordinate>pixel</coordinate>
			<type>rectangle</type>
			<description>None</description>
			<possibleresult>
				<name>Van</name>
			</possibleresult>
			<points>
				<point>910.000000,667.000000</point>
				<point>892.000000,672.000000</point>
				<point>890.000000,665.000000</point>
				<point>908.000000,660.000000</point>
				<point>910.000000,667.000000</point>
			</points>
		</object>
		<object>
			<coordinate>pixel</coordinate>
			<type>rectangle</type>
			<description>None</description>
			<possibleresult>
				<name>Van</name>
			</possibleresult>
			<points>
				<point>742.000000,623.000000</point>
				<point>724.000000,631.000000</point>
				<point>721.000000,624.000000</point>
				<point>740.000000,617.000000</point>
				<point>742.000000,623.000000</point>
			</points>
		</object>
		<object>
			<coordinate>pixel</coordinate>
			<type>rectangle</type>
			<description>None</description>
			<possibleresult>
				<name>Small Car</name>
			</possibleresult>
			<points>
				<point>763.000000,643.000000</point>
				<point>742.000000,649.000000</point>
				<point>741.000000,643.000000</point>
				<point>761.000000,636.000000</point>
				<point>763.000000,643.000000</point>
			</points>
		</object>
		<object>
			<coordinate>pixel</coordinate>
			<type>rectangle</type>
			<description>None</description>
			<possibleresult>
				<name>Small Car</name>
			</possibleresult>
			<points>
				<point>801.000000,586.000000</point>
				<point>783.000000,592.000000</point>
				<point>781.000000,584.000000</point>
				<point>798.000000,579.000000</point>
				<point>801.000000,586.000000</point>
			</points>
		</object>
		<object>
			<coordinate>pixel</coordinate>
			<type>rectangle</type>
			<description>None</description>
			<possibleresult>
				<name>Small Car</name>
			</possibleresult>
			<points>
				<point>807.000000,601.000000</point>
				<point>785.000000,609.000000</point>
				<point>782.000000,601.000000</point>
				<point>804.000000,593.000000</point>
				<point>807.000000,601.000000</point>
			</points>
		</object>
		<object>
			<coordinate>pixel</coordinate>
			<type>rectangle</type>
			<description>None</description>
			<possibleresult>
				<name>Van</name>
			</possibleresult>
			<points>
				<point>827.000000,594.000000</point>
				<point>810.000000,599.000000</point>
				<point>809.000000,593.000000</point>
				<point>825.000000,587.000000</point>
				<point>827.000000,594.000000</point>
			</points>
		</object>
		<object>
			<coordinate>pixel</coordinate>
			<type>rectangle</type>
			<description>None</description>
			<possibleresult>
				<name>Small Car</name>
			</possibleresult>
			<points>
				<point>831.000000,620.000000</point>
				<point>809.000000,625.000000</point>
				<point>808.000000,618.000000</point>
				<point>829.000000,612.000000</point>
				<point>831.000000,620.000000</point>
			</points>
		</object>
		<object>
			<coordinate>pixel</coordinate>
			<type>rectangle</type>
			<description>None</description>
			<possibleresult>
				<name>Van</name>
			</possibleresult>
			<points>
				<point>858.000000,641.000000</point>
				<point>851.000000,644.000000</point>
				<point>844.000000,630.000000</point>
				<point>851.000000,627.000000</point>
				<point>858.000000,641.000000</point>
			</points>
		</object>
		<object>
			<coordinate>pixel</coordinate>
			<type>rectangle</type>
			<description>None</description>
			<possibleresult>
				<name>Van</name>
			</possibleresult>
			<points>
				<point>867.000000,637.000000</point>
				<point>861.000000,639.000000</point>
				<point>856.000000,625.000000</point>
				<point>862.000000,623.000000</point>
				<point>867.000000,637.000000</point>
			</points>
		</object>
		<object>
			<coordinate>pixel</coordinate>
			<type>rectangle</type>
			<description>None</description>
			<possibleresult>
				<name>Small Car</name>
			</possibleresult>
			<points>
				<point>857.000000,583.000000</point>
				<point>836.000000,591.000000</point>
				<point>834.000000,583.000000</point>
				<point>854.000000,576.000000</point>
				<point>857.000000,583.000000</point>
			</points>
		</object>
		<object>
			<coordinate>pixel</coordinate>
			<type>rectangle</type>
			<description>None</description>
			<possibleresult>
				<name>Van</name>
			</possibleresult>
			<points>
				<point>888.000000,599.000000</point>
				<point>873.000000,604.000000</point>
				<point>871.000000,598.000000</point>
				<point>886.000000,593.000000</point>
				<point>888.000000,599.000000</point>
			</points>
		</object>
		<object>
			<coordinate>pixel</coordinate>
			<type>rectangle</type>
			<description>None</description>
			<possibleresult>
				<name>Dump Truck</name>
			</possibleresult>
			<points>
				<point>940.000000,592.000000</point>
				<point>923.000000,598.000000</point>
				<point>920.000000,592.000000</point>
				<point>937.000000,586.000000</point>
				<point>940.000000,592.000000</point>
			</points>
		</object>
		<object>
			<coordinate>pixel</coordinate>
			<type>rectangle</type>
			<description>None</description>
			<possibleresult>
				<name>Small Car</name>
			</possibleresult>
			<points>
				<point>940.000000,580.000000</point>
				<point>923.000000,585.000000</point>
				<point>922.000000,579.000000</point>
				<point>938.000000,573.000000</point>
				<point>940.000000,580.000000</point>
			</points>
		</object>
		<object>
			<coordinate>pixel</coordinate>
			<type>rectangle</type>
			<description>None</description>
			<possibleresult>
				<name>Small Car</name>
			</possibleresult>
			<points>
				<point>969.000000,568.000000</point>
				<point>951.000000,575.000000</point>
				<point>949.000000,567.000000</point>
				<point>966.000000,561.000000</point>
				<point>969.000000,568.000000</point>
			</points>
		</object>
		<object>
			<coordinate>pixel</coordinate>
			<type>rectangle</type>
			<description>None</description>
			<possibleresult>
				<name>Dump Truck</name>
			</possibleresult>
			<points>
				<point>981.000000,580.000000</point>
				<point>955.000000,585.000000</point>
				<point>953.000000,579.000000</point>
				<point>979.000000,574.000000</point>
				<point>981.000000,580.000000</point>
			</points>
		</object>
		<object>
			<coordinate>pixel</coordinate>
			<type>rectangle</type>
			<description>None</description>
			<possibleresult>
				<name>Small Car</name>
			</possibleresult>
			<points>
				<point>992.000000,579.000000</point>
				<point>984.000000,581.000000</point>
				<point>981.000000,567.000000</point>
				<point>988.000000,566.000000</point>
				<point>992.000000,579.000000</point>
			</points>
		</object>
		<object>
			<coordinate>pixel</coordinate>
			<type>rectangle</type>
			<description>None</description>
			<possibleresult>
				<name>Small Car</name>
			</possibleresult>
			<points>
				<point>983.000000,877.000000</point>
				<point>969.000000,881.000000</point>
				<point>967.000000,875.000000</point>
				<point>982.000000,871.000000</point>
				<point>983.000000,877.000000</point>
			</points>
		</object>
		<object>
			<coordinate>pixel</coordinate>
			<type>rectangle</type>
			<description>None</description>
			<possibleresult>
				<name>Small Car</name>
			</possibleresult>
			<points>
				<point>986.000000,865.000000</point>
				<point>969.000000,870.000000</point>
				<point>967.000000,864.000000</point>
				<point>984.000000,858.000000</point>
				<point>986.000000,865.000000</point>
			</points>
		</object>
		<object>
			<coordinate>pixel</coordinate>
			<type>rectangle</type>
			<description>None</description>
			<possibleresult>
				<name>Dump Truck</name>
			</possibleresult>
			<points>
				<point>777.000000,973.000000</point>
				<point>768.000000,978.000000</point>
				<point>759.000000,962.000000</point>
				<point>768.000000,957.000000</point>
				<point>777.000000,973.000000</point>
			</points>
		</object>
		<object>
			<coordinate>pixel</coordinate>
			<type>rectangle</type>
			<description>None</description>
			<possibleresult>
				<name>Small Car</name>
			</possibleresult>
			<points>
				<point>336.000000,1000.000000</point>
				<point>334.000000,994.000000</point>
				<point>352.000000,986.000000</point>
				<point>355.000000,994.000000</point>
				<point>336.000000,1000.000000</point>
			</points>
		</object>
		<object>
			<coordinate>pixel</coordinate>
			<type>rectangle</type>
			<description>None</description>
			<possibleresult>
				<name>Van</name>
			</possibleresult>
			<points>
				<point>424.000000,972.000000</point>
				<point>408.000000,978.000000</point>
				<point>405.000000,973.000000</point>
				<point>422.000000,966.000000</point>
				<point>424.000000,972.000000</point>
			</points>
		</object>
		<object>
			<coordinate>pixel</coordinate>
			<type>rectangle</type>
			<description>None</description>
			<possibleresult>
				<name>Small Car</name>
			</possibleresult>
			<points>
				<point>505.000000,968.000000</point>
				<point>489.000000,970.000000</point>
				<point>489.000000,963.000000</point>
				<point>504.000000,960.000000</point>
				<point>505.000000,968.000000</point>
			</points>
		</object>
		<object>
			<coordinate>pixel</coordinate>
			<type>rectangle</type>
			<description>None</description>
			<possibleresult>
				<name>Small Car</name>
			</possibleresult>
			<points>
				<point>299.000000,987.000000</point>
				<point>291.000000,991.000000</point>
				<point>282.000000,974.000000</point>
				<point>289.000000,969.000000</point>
				<point>299.000000,987.000000</point>
			</points>
		</object>
		<object>
			<coordinate>pixel</coordinate>
			<type>rectangle</type>
			<description>None</description>
			<possibleresult>
				<name>Small Car</name>
			</possibleresult>
			<points>
				<point>281.000000,955.000000</point>
				<point>271.000000,959.000000</point>
				<point>263.000000,940.000000</point>
				<point>272.000000,935.000000</point>
				<point>281.000000,955.000000</point>
			</points>
		</object>
		<object>
			<coordinate>pixel</coordinate>
			<type>rectangle</type>
			<description>None</description>
			<possibleresult>
				<name>Van</name>
			</possibleresult>
			<points>
				<point>228.000000,966.000000</point>
				<point>221.000000,970.000000</point>
				<point>214.000000,957.000000</point>
				<point>221.000000,953.000000</point>
				<point>228.000000,966.000000</point>
			</points>
		</object>
		<object>
			<coordinate>pixel</coordinate>
			<type>rectangle</type>
			<description>None</description>
			<possibleresult>
				<name>Small Car</name>
			</possibleresult>
			<points>
				<point>256.000000,915.000000</point>
				<point>250.000000,919.000000</point>
				<point>242.000000,902.000000</point>
				<point>248.000000,898.000000</point>
				<point>256.000000,915.000000</point>
			</points>
		</object>
		<object>
			<coordinate>pixel</coordinate>
			<type>rectangle</type>
			<description>None</description>
			<possibleresult>
				<name>Small Car</name>
			</possibleresult>
			<points>
				<point>276.000000,882.000000</point>
				<point>259.000000,889.000000</point>
				<point>256.000000,883.000000</point>
				<point>274.000000,877.000000</point>
				<point>276.000000,882.000000</point>
			</points>
		</object>
		<object>
			<coordinate>pixel</coordinate>
			<type>rectangle</type>
			<description>None</description>
			<possibleresult>
				<name>Dump Truck</name>
			</possibleresult>
			<points>
				<point>186.000000,891.000000</point>
				<point>178.000000,894.000000</point>
				<point>168.000000,874.000000</point>
				<point>177.000000,870.000000</point>
				<point>186.000000,891.000000</point>
			</points>
		</object>
		<object>
			<coordinate>pixel</coordinate>
			<type>rectangle</type>
			<description>None</description>
			<possibleresult>
				<name>Small Car</name>
			</possibleresult>
			<points>
				<point>101.000000,852.000000</point>
				<point>85.000000,858.000000</point>
				<point>82.000000,852.000000</point>
				<point>99.000000,845.000000</point>
				<point>101.000000,852.000000</point>
			</points>
		</object>
		<object>
			<coordinate>pixel</coordinate>
			<type>rectangle</type>
			<description>None</description>
			<possibleresult>
				<name>Small Car</name>
			</possibleresult>
			<points>
				<point>224.000000,824.000000</point>
				<point>216.000000,838.000000</point>
				<point>209.000000,834.000000</point>
				<point>217.000000,820.000000</point>
				<point>224.000000,824.000000</point>
			</points>
		</object>
		<object>
			<coordinate>pixel</coordinate>
			<type>rectangle</type>
			<description>None</description>
			<possibleresult>
				<name>Dump Truck</name>
			</possibleresult>
			<points>
				<point>195.000000,800.000000</point>
				<point>187.000000,804.000000</point>
				<point>178.000000,787.000000</point>
				<point>185.000000,782.000000</point>
				<point>195.000000,800.000000</point>
			</points>
		</object>
		<object>
			<coordinate>pixel</coordinate>
			<type>rectangle</type>
			<description>None</description>
			<possibleresult>
				<name>Van</name>
			</possibleresult>
			<points>
				<point>184.000000,781.000000</point>
				<point>177.000000,784.000000</point>
				<point>168.000000,768.000000</point>
				<point>174.000000,764.000000</point>
				<point>184.000000,781.000000</point>
			</points>
		</object>
		<object>
			<coordinate>pixel</coordinate>
			<type>rectangle</type>
			<description>None</description>
			<possibleresult>
				<name>Van</name>
			</possibleresult>
			<points>
				<point>165.000000,747.000000</point>
				<point>157.000000,750.000000</point>
				<point>148.000000,731.000000</point>
				<point>155.000000,727.000000</point>
				<point>165.000000,747.000000</point>
			</points>
		</object>
		<object>
			<coordinate>pixel</coordinate>
			<type>rectangle</type>
			<description>None</description>
			<possibleresult>
				<name>Small Car</name>
			</possibleresult>
			<points>
				<point>150.000000,722.000000</point>
				<point>143.000000,726.000000</point>
				<point>131.000000,705.000000</point>
				<point>138.000000,701.000000</point>
				<point>150.000000,722.000000</point>
			</points>
		</object>
		<object>
			<coordinate>pixel</coordinate>
			<type>rectangle</type>
			<description>None</description>
			<possibleresult>
				<name>Small Car</name>
			</possibleresult>
			<points>
				<point>59.000000,658.000000</point>
				<point>53.000000,661.000000</point>
				<point>46.000000,647.000000</point>
				<point>52.000000,644.000000</point>
				<point>59.000000,658.000000</point>
			</points>
		</object>
		<object>
			<coordinate>pixel</coordinate>
			<type>rectangle</type>
			<description>None</description>
			<possibleresult>
				<name>Van</name>
			</possibleresult>
			<points>
				<point>58.000000,552.000000</point>
				<point>52.000000,556.000000</point>
				<point>43.000000,541.000000</point>
				<point>50.000000,538.000000</point>
				<point>58.000000,552.000000</point>
			</points>
		</object>
		<object>
			<coordinate>pixel</coordinate>
			<type>rectangle</type>
			<description>None</description>
			<possibleresult>
				<name>Van</name>
			</possibleresult>
			<points>
				<point>11.000000,472.000000</point>
				<point>5.000000,474.000000</point>
				<point>0.000000,461.000000</point>
				<point>5.000000,458.000000</point>
				<point>11.000000,472.000000</point>
			</points>
		</object>
		<object>
			<coordinate>pixel</coordinate>
			<type>rectangle</type>
			<description>None</description>
			<possibleresult>
				<name>Small Car</name>
			</possibleresult>
			<points>
				<point>97.000000,484.000000</point>
				<point>86.000000,489.000000</point>
				<point>83.000000,484.000000</point>
				<point>94.000000,479.000000</point>
				<point>97.000000,484.000000</point>
			</points>
		</object>
		<object>
			<coordinate>pixel</coordinate>
			<type>rectangle</type>
			<description>None</description>
			<possibleresult>
				<name>Small Car</name>
			</possibleresult>
			<points>
				<point>160.000000,434.000000</point>
				<point>143.000000,441.000000</point>
				<point>140.000000,435.000000</point>
				<point>158.000000,429.000000</point>
				<point>160.000000,434.000000</point>
			</points>
		</object>
		<object>
			<coordinate>pixel</coordinate>
			<type>rectangle</type>
			<description>None</description>
			<possibleresult>
				<name>Van</name>
			</possibleresult>
			<points>
				<point>201.000000,446.000000</point>
				<point>186.000000,453.000000</point>
				<point>183.000000,447.000000</point>
				<point>199.000000,441.000000</point>
				<point>201.000000,446.000000</point>
			</points>
		</object>
		<object>
			<coordinate>pixel</coordinate>
			<type>rectangle</type>
			<description>None</description>
			<possibleresult>
				<name>Van</name>
			</possibleresult>
			<points>
				<point>166.000000,487.000000</point>
				<point>159.000000,490.000000</point>
				<point>151.000000,477.000000</point>
				<point>157.000000,473.000000</point>
				<point>166.000000,487.000000</point>
			</points>
		</object>
		<object>
			<coordinate>pixel</coordinate>
			<type>rectangle</type>
			<description>None</description>
			<possibleresult>
				<name>Small Car</name>
			</possibleresult>
			<points>
				<point>214.000000,572.000000</point>
				<point>196.000000,580.000000</point>
				<point>193.000000,573.000000</point>
				<point>211.000000,565.000000</point>
				<point>214.000000,572.000000</point>
			</points>
		</object>
		<object>
			<coordinate>pixel</coordinate>
			<type>rectangle</type>
			<description>None</description>
			<possibleresult>
				<name>Small Car</name>
			</possibleresult>
			<points>
				<point>232.000000,565.000000</point>
				<point>217.000000,569.000000</point>
				<point>216.000000,563.000000</point>
				<point>230.000000,558.000000</point>
				<point>232.000000,565.000000</point>
			</points>
		</object>
		<object>
			<coordinate>pixel</coordinate>
			<type>rectangle</type>
			<description>None</description>
			<possibleresult>
				<name>Van</name>
			</possibleresult>
			<points>
				<point>290.000000,504.000000</point>
				<point>280.000000,508.000000</point>
				<point>278.000000,503.000000</point>
				<point>288.000000,499.000000</point>
				<point>290.000000,504.000000</point>
			</points>
		</object>
		<object>
			<coordinate>pixel</coordinate>
			<type>rectangle</type>
			<description>None</description>
			<possibleresult>
				<name>Small Car</name>
			</possibleresult>
			<points>
				<point>291.000000,496.000000</point>
				<point>281.000000,499.000000</point>
				<point>280.000000,494.000000</point>
				<point>290.000000,490.000000</point>
				<point>291.000000,496.000000</point>
			</points>
		</object>
		<object>
			<coordinate>pixel</coordinate>
			<type>rectangle</type>
			<description>None</description>
			<possibleresult>
				<name>Van</name>
			</possibleresult>
			<points>
				<point>380.000000,546.000000</point>
				<point>373.000000,548.000000</point>
				<point>367.000000,535.000000</point>
				<point>373.000000,532.000000</point>
				<point>380.000000,546.000000</point>
			</points>
		</object>
		<object>
			<coordinate>pixel</coordinate>
			<type>rectangle</type>
			<description>None</description>
			<possibleresult>
				<name>Small Car</name>
			</possibleresult>
			<points>
				<point>391.000000,519.000000</point>
				<point>375.000000,525.000000</point>
				<point>372.000000,518.000000</point>
				<point>389.000000,512.000000</point>
				<point>391.000000,519.000000</point>
			</points>
		</object>
		<object>
			<coordinate>pixel</coordinate>
			<type>rectangle</type>
			<description>None</description>
			<possibleresult>
				<name>Van</name>
			</possibleresult>
			<points>
				<point>386.000000,512.000000</point>
				<point>371.000000,514.000000</point>
				<point>370.000000,508.000000</point>
				<point>385.000000,506.000000</point>
				<point>386.000000,512.000000</point>
			</points>
		</object>
		<object>
			<coordinate>pixel</coordinate>
			<type>rectangle</type>
			<description>None</description>
			<possibleresult>
				<name>Dump Truck</name>
			</possibleresult>
			<points>
				<point>471.000000,578.000000</point>
				<point>450.000000,586.000000</point>
				<point>447.000000,579.000000</point>
				<point>469.000000,572.000000</point>
				<point>471.000000,578.000000</point>
			</points>
		</object>
		<object>
			<coordinate>pixel</coordinate>
			<type>rectangle</type>
			<description>None</description>
			<possibleresult>
				<name>Small Car</name>
			</possibleresult>
			<points>
				<point>446.000000,558.000000</point>
				<point>440.000000,564.000000</point>
				<point>432.000000,556.000000</point>
				<point>438.000000,550.000000</point>
				<point>446.000000,558.000000</point>
			</points>
		</object>
		<object>
			<coordinate>pixel</coordinate>
			<type>rectangle</type>
			<description>None</description>
			<possibleresult>
				<name>Dump Truck</name>
			</possibleresult>
			<points>
				<point>460.000000,559.000000</point>
				<point>452.000000,564.000000</point>
				<point>441.000000,548.000000</point>
				<point>449.000000,543.000000</point>
				<point>460.000000,559.000000</point>
			</points>
		</object>
		<object>
			<coordinate>pixel</coordinate>
			<type>rectangle</type>
			<description>None</description>
			<possibleresult>
				<name>Small Car</name>
			</possibleresult>
			<points>
				<point>467.000000,555.000000</point>
				<point>460.000000,558.000000</point>
				<point>452.000000,540.000000</point>
				<point>460.000000,537.000000</point>
				<point>467.000000,555.000000</point>
			</points>
		</object>
		<object>
			<coordinate>pixel</coordinate>
			<type>rectangle</type>
			<description>None</description>
			<possibleresult>
				<name>Dump Truck</name>
			</possibleresult>
			<points>
				<point>480.000000,551.000000</point>
				<point>472.000000,556.000000</point>
				<point>460.000000,538.000000</point>
				<point>468.000000,534.000000</point>
				<point>480.000000,551.000000</point>
			</points>
		</object>
		<object>
			<coordinate>pixel</coordinate>
			<type>rectangle</type>
			<description>None</description>
			<possibleresult>
				<name>Small Car</name>
			</possibleresult>
			<points>
				<point>489.000000,545.000000</point>
				<point>481.000000,549.000000</point>
				<point>471.000000,534.000000</point>
				<point>478.000000,529.000000</point>
				<point>489.000000,545.000000</point>
			</points>
		</object>
		<object>
			<coordinate>pixel</coordinate>
			<type>rectangle</type>
			<description>None</description>
			<possibleresult>
				<name>Van</name>
			</possibleresult>
			<points>
				<point>491.000000,650.000000</point>
				<point>485.000000,653.000000</point>
				<point>478.000000,640.000000</point>
				<point>483.000000,636.000000</point>
				<point>491.000000,650.000000</point>
			</points>
		</object>
		<object>
			<coordinate>pixel</coordinate>
			<type>rectangle</type>
			<description>None</description>
			<possibleresult>
				<name>Small Car</name>
			</possibleresult>
			<points>
				<point>737.000000,969.000000</point>
				<point>733.000000,983.000000</point>
				<point>727.000000,981.000000</point>
				<point>730.000000,968.000000</point>
				<point>737.000000,969.000000</point>
			</points>
		</object>
		<object>
			<coordinate>pixel</coordinate>
			<type>rectangle</type>
			<description>None</description>
			<possibleresult>
				<name>Van</name>
			</possibleresult>
			<points>
				<point>675.000000,946.000000</point>
				<point>673.000000,953.000000</point>
				<point>655.000000,946.000000</point>
				<point>657.000000,939.000000</point>
				<point>675.000000,946.000000</point>
			</points>
		</object>
		<object>
			<coordinate>pixel</coordinate>
			<type>rectangle</type>
			<description>None</description>
			<possibleresult>
				<name>Van</name>
			</possibleresult>
			<points>
				<point>754.000000,933.000000</point>
				<point>747.000000,936.000000</point>
				<point>740.000000,920.000000</point>
				<point>746.000000,916.000000</point>
				<point>754.000000,933.000000</point>
			</points>
		</object>
		<object>
			<coordinate>pixel</coordinate>
			<type>rectangle</type>
			<description>None</description>
			<possibleresult>
				<name>Van</name>
			</possibleresult>
			<points>
				<point>714.000000,867.000000</point>
				<point>707.000000,869.000000</point>
				<point>701.000000,855.000000</point>
				<point>708.000000,853.000000</point>
				<point>714.000000,867.000000</point>
			</points>
		</object>
		<object>
			<coordinate>pixel</coordinate>
			<type>rectangle</type>
			<description>None</description>
			<possibleresult>
				<name>Small Car</name>
			</possibleresult>
			<points>
				<point>617.000000,897.000000</point>
				<point>615.000000,903.000000</point>
				<point>594.000000,895.000000</point>
				<point>597.000000,890.000000</point>
				<point>617.000000,897.000000</point>
			</points>
		</object>
		<object>
			<coordinate>pixel</coordinate>
			<type>rectangle</type>
			<description>None</description>
			<possibleresult>
				<name>Small Car</name>
			</possibleresult>
			<points>
				<point>613.000000,882.000000</point>
				<point>611.000000,888.000000</point>
				<point>590.000000,884.000000</point>
				<point>592.000000,878.000000</point>
				<point>613.000000,882.000000</point>
			</points>
		</object>
		<object>
			<coordinate>pixel</coordinate>
			<type>rectangle</type>
			<description>None</description>
			<possibleresult>
				<name>Small Car</name>
			</possibleresult>
			<points>
				<point>561.000000,878.000000</point>
				<point>550.000000,879.000000</point>
				<point>550.000000,873.000000</point>
				<point>561.000000,872.000000</point>
				<point>561.000000,878.000000</point>
			</points>
		</object>
		<object>
			<coordinate>pixel</coordinate>
			<type>rectangle</type>
			<description>None</description>
			<possibleresult>
				<name>Small Car</name>
			</possibleresult>
			<points>
				<point>572.000000,903.000000</point>
				<point>561.000000,904.000000</point>
				<point>561.000000,898.000000</point>
				<point>571.000000,896.000000</point>
				<point>572.000000,903.000000</point>
			</points>
		</object>
		<object>
			<coordinate>pixel</coordinate>
			<type>rectangle</type>
			<description>None</description>
			<possibleresult>
				<name>Cargo Truck</name>
			</possibleresult>
			<points>
				<point>581.000000,931.000000</point>
				<point>562.000000,934.000000</point>
				<point>561.000000,922.000000</point>
				<point>579.000000,919.000000</point>
				<point>581.000000,931.000000</point>
			</points>
		</object>
		<object>
			<coordinate>pixel</coordinate>
			<type>rectangle</type>
			<description>None</description>
			<possibleresult>
				<name>Small Car</name>
			</possibleresult>
			<points>
				<point>558.000000,868.000000</point>
				<point>544.000000,871.000000</point>
				<point>543.000000,864.000000</point>
				<point>558.000000,862.000000</point>
				<point>558.000000,868.000000</point>
			</points>
		</object>
		<object>
			<coordinate>pixel</coordinate>
			<type>rectangle</type>
			<description>None</description>
			<possibleresult>
				<name>Small Car</name>
			</possibleresult>
			<points>
				<point>555.000000,859.000000</point>
				<point>542.000000,862.000000</point>
				<point>540.000000,854.000000</point>
				<point>553.000000,851.000000</point>
				<point>555.000000,859.000000</point>
			</points>
		</object>
		<object>
			<coordinate>pixel</coordinate>
			<type>rectangle</type>
			<description>None</description>
			<possibleresult>
				<name>Small Car</name>
			</possibleresult>
			<points>
				<point>398.000000,928.000000</point>
				<point>391.000000,932.000000</point>
				<point>385.000000,919.000000</point>
				<point>392.000000,915.000000</point>
				<point>398.000000,928.000000</point>
			</points>
		</object>
		<object>
			<coordinate>pixel</coordinate>
			<type>rectangle</type>
			<description>None</description>
			<possibleresult>
				<name>Van</name>
			</possibleresult>
			<points>
				<point>387.000000,894.000000</point>
				<point>374.000000,901.000000</point>
				<point>371.000000,895.000000</point>
				<point>385.000000,888.000000</point>
				<point>387.000000,894.000000</point>
			</points>
		</object>
		<object>
			<coordinate>pixel</coordinate>
			<type>rectangle</type>
			<description>None</description>
			<possibleresult>
				<name>Van</name>
			</possibleresult>
			<points>
				<point>312.000000,755.000000</point>
				<point>305.000000,758.000000</point>
				<point>299.000000,744.000000</point>
				<point>306.000000,741.000000</point>
				<point>312.000000,755.000000</point>
			</points>
		</object>
		<object>
			<coordinate>pixel</coordinate>
			<type>rectangle</type>
			<description>None</description>
			<possibleresult>
				<name>Small Car</name>
			</possibleresult>
			<points>
				<point>471.000000,769.000000</point>
				<point>465.000000,773.000000</point>
				<point>458.000000,761.000000</point>
				<point>464.000000,757.000000</point>
				<point>471.000000,769.000000</point>
			</points>
		</object>
		<object>
			<coordinate>pixel</coordinate>
			<type>rectangle</type>
			<description>None</description>
			<possibleresult>
				<name>Van</name>
			</possibleresult>
			<points>
				<point>498.000000,690.000000</point>
				<point>489.000000,694.000000</point>
				<point>479.000000,674.000000</point>
				<point>488.000000,670.000000</point>
				<point>498.000000,690.000000</point>
			</points>
		</object>
		<object>
			<coordinate>pixel</coordinate>
			<type>rectangle</type>
			<description>None</description>
			<possibleresult>
				<name>Van</name>
			</possibleresult>
			<points>
				<point>501.000000,665.000000</point>
				<point>494.000000,669.000000</point>
				<point>486.000000,655.000000</point>
				<point>493.000000,651.000000</point>
				<point>501.000000,665.000000</point>
			</points>
		</object>
		<object>
			<coordinate>pixel</coordinate>
			<type>rectangle</type>
			<description>None</description>
			<possibleresult>
				<name>Bus</name>
			</possibleresult>
			<points>
				<point>488.000000,667.000000</point>
				<point>477.000000,673.000000</point>
				<point>459.000000,640.000000</point>
				<point>471.000000,635.000000</point>
				<point>488.000000,667.000000</point>
			</points>
		</object>
		<object>
			<coordinate>pixel</coordinate>
			<type>rectangle</type>
			<description>None</description>
			<possibleresult>
				<name>Small Car</name>
			</possibleresult>
			<points>
				<point>543.000000,692.000000</point>
				<point>526.000000,698.000000</point>
				<point>524.000000,690.000000</point>
				<point>540.000000,685.000000</point>
				<point>543.000000,692.000000</point>
			</points>
		</object>
		<object>
			<coordinate>pixel</coordinate>
			<type>rectangle</type>
			<description>None</description>
			<possibleresult>
				<name>Small Car</name>
			</possibleresult>
			<points>
				<point>565.000000,685.000000</point>
				<point>546.000000,690.000000</point>
				<point>545.000000,683.000000</point>
				<point>563.000000,677.000000</point>
				<point>565.000000,685.000000</point>
			</points>
		</object>
		<object>
			<coordinate>pixel</coordinate>
			<type>rectangle</type>
			<description>None</description>
			<possibleresult>
				<name>Van</name>
			</possibleresult>
			<points>
				<point>591.000000,629.000000</point>
				<point>583.000000,633.000000</point>
				<point>576.000000,617.000000</point>
				<point>585.000000,614.000000</point>
				<point>591.000000,629.000000</point>
			</points>
		</object>
		<object>
			<coordinate>pixel</coordinate>
			<type>rectangle</type>
			<description>None</description>
			<possibleresult>
				<name>Van</name>
			</possibleresult>
			<points>
				<point>535.000000,601.000000</point>
				<point>519.000000,606.000000</point>
				<point>517.000000,600.000000</point>
				<point>532.000000,594.000000</point>
				<point>535.000000,601.000000</point>
			</points>
		</object>
		<object>
			<coordinate>pixel</coordinate>
			<type>rectangle</type>
			<description>None</description>
			<possibleresult>
				<name>Small Car</name>
			</possibleresult>
			<points>
				<point>614.000000,594.000000</point>
				<point>606.000000,596.000000</point>
				<point>601.000000,583.000000</point>
				<point>608.000000,580.000000</point>
				<point>614.000000,594.000000</point>
			</points>
		</object>
		<object>
			<coordinate>pixel</coordinate>
			<type>rectangle</type>
			<description>None</description>
			<possibleresult>
				<name>Van</name>
			</possibleresult>
			<points>
				<point>625.000000,580.000000</point>
				<point>619.000000,582.000000</point>
				<point>613.000000,567.000000</point>
				<point>618.000000,564.000000</point>
				<point>625.000000,580.000000</point>
			</points>
		</object>
		<object>
			<coordinate>pixel</coordinate>
			<type>rectangle</type>
			<description>None</description>
			<possibleresult>
				<name>Dump Truck</name>
			</possibleresult>
			<points>
				<point>678.000000,660.000000</point>
				<point>665.000000,665.000000</point>
				<point>652.000000,634.000000</point>
				<point>665.000000,628.000000</point>
				<point>678.000000,660.000000</point>
			</points>
		</object>
		<object>
			<coordinate>pixel</coordinate>
			<type>rectangle</type>
			<description>None</description>
			<possibleresult>
				<name>Small Car</name>
			</possibleresult>
			<points>
				<point>655.000000,712.000000</point>
				<point>647.000000,714.000000</point>
				<point>643.000000,698.000000</point>
				<point>651.000000,696.000000</point>
				<point>655.000000,712.000000</point>
			</points>
		</object>
		<object>
			<coordinate>pixel</coordinate>
			<type>rectangle</type>
			<description>None</description>
			<possibleresult>
				<name>Van</name>
			</possibleresult>
			<points>
				<point>672.000000,757.000000</point>
				<point>664.000000,760.000000</point>
				<point>657.000000,744.000000</point>
				<point>665.000000,741.000000</point>
				<point>672.000000,757.000000</point>
			</points>
		</object>
		<object>
			<coordinate>pixel</coordinate>
			<type>rectangle</type>
			<description>None</description>
			<possibleresult>
				<name>Dump Truck</name>
			</possibleresult>
			<points>
				<point>697.000000,782.000000</point>
				<point>689.000000,785.000000</point>
				<point>680.000000,763.000000</point>
				<point>687.000000,759.000000</point>
				<point>697.000000,782.000000</point>
			</points>
		</object>
		<object>
			<coordinate>pixel</coordinate>
			<type>rectangle</type>
			<description>None</description>
			<possibleresult>
				<name>Dump Truck</name>
			</possibleresult>
			<points>
				<point>747.000000,775.000000</point>
				<point>738.000000,777.000000</point>
				<point>734.000000,758.000000</point>
				<point>743.000000,756.000000</point>
				<point>747.000000,775.000000</point>
			</points>
		</object>
		<object>
			<coordinate>pixel</coordinate>
			<type>rectangle</type>
			<description>None</description>
			<possibleresult>
				<name>Van</name>
			</possibleresult>
			<points>
				<point>546.000000,470.000000</point>
				<point>530.000000,474.000000</point>
				<point>528.000000,468.000000</point>
				<point>545.000000,465.000000</point>
				<point>546.000000,470.000000</point>
			</points>
		</object>
		<object>
			<coordinate>pixel</coordinate>
			<type>rectangle</type>
			<description>None</description>
			<possibleresult>
				<name>Small Car</name>
			</possibleresult>
			<points>
				<point>521.000000,415.000000</point>
				<point>503.000000,420.000000</point>
				<point>502.000000,414.000000</point>
				<point>519.000000,408.000000</point>
				<point>521.000000,415.000000</point>
			</points>
		</object>
		<object>
			<coordinate>pixel</coordinate>
			<type>rectangle</type>
			<description>None</description>
			<possibleresult>
				<name>Small Car</name>
			</possibleresult>
			<points>
				<point>520.000000,407.000000</point>
				<point>500.000000,412.000000</point>
				<point>499.000000,405.000000</point>
				<point>519.000000,400.000000</point>
				<point>520.000000,407.000000</point>
			</points>
		</object>
		<object>
			<coordinate>pixel</coordinate>
			<type>rectangle</type>
			<description>None</description>
			<possibleresult>
				<name>Small Car</name>
			</possibleresult>
			<points>
				<point>514.000000,399.000000</point>
				<point>496.000000,404.000000</point>
				<point>495.000000,397.000000</point>
				<point>513.000000,392.000000</point>
				<point>514.000000,399.000000</point>
			</points>
		</object>
		<object>
			<coordinate>pixel</coordinate>
			<type>rectangle</type>
			<description>None</description>
			<possibleresult>
				<name>Small Car</name>
			</possibleresult>
			<points>
				<point>514.000000,385.000000</point>
				<point>512.000000,391.000000</point>
				<point>493.000000,386.000000</point>
				<point>494.000000,379.000000</point>
				<point>514.000000,385.000000</point>
			</points>
		</object>
		<object>
			<coordinate>pixel</coordinate>
			<type>rectangle</type>
			<description>None</description>
			<possibleresult>
				<name>Dump Truck</name>
			</possibleresult>
			<points>
				<point>617.000000,392.000000</point>
				<point>592.000000,398.000000</point>
				<point>590.000000,388.000000</point>
				<point>615.000000,382.000000</point>
				<point>617.000000,392.000000</point>
			</points>
		</object>
		<object>
			<coordinate>pixel</coordinate>
			<type>rectangle</type>
			<description>None</description>
			<possibleresult>
				<name>Small Car</name>
			</possibleresult>
			<points>
				<point>628.000000,372.000000</point>
				<point>621.000000,375.000000</point>
				<point>614.000000,357.000000</point>
				<point>622.000000,355.000000</point>
				<point>628.000000,372.000000</point>
			</points>
		</object>
		<object>
			<coordinate>pixel</coordinate>
			<type>rectangle</type>
			<description>None</description>
			<possibleresult>
				<name>Small Car</name>
			</possibleresult>
			<points>
				<point>681.000000,340.000000</point>
				<point>673.000000,342.000000</point>
				<point>668.000000,326.000000</point>
				<point>676.000000,324.000000</point>
				<point>681.000000,340.000000</point>
			</points>
		</object>
		<object>
			<coordinate>pixel</coordinate>
			<type>rectangle</type>
			<description>None</description>
			<possibleresult>
				<name>Van</name>
			</possibleresult>
			<points>
				<point>692.000000,340.000000</point>
				<point>686.000000,342.000000</point>
				<point>680.000000,325.000000</point>
				<point>687.000000,322.000000</point>
				<point>692.000000,340.000000</point>
			</points>
		</object>
		<object>
			<coordinate>pixel</coordinate>
			<type>rectangle</type>
			<description>None</description>
			<possibleresult>
				<name>Small Car</name>
			</possibleresult>
			<points>
				<point>704.000000,335.000000</point>
				<point>698.000000,338.000000</point>
				<point>691.000000,323.000000</point>
				<point>698.000000,321.000000</point>
				<point>704.000000,335.000000</point>
			</points>
		</object>
		<object>
			<coordinate>pixel</coordinate>
			<type>rectangle</type>
			<description>None</description>
			<possibleresult>
				<name>Small Car</name>
			</possibleresult>
			<points>
				<point>709.000000,357.000000</point>
				<point>702.000000,359.000000</point>
				<point>696.000000,342.000000</point>
				<point>704.000000,339.000000</point>
				<point>709.000000,357.000000</point>
			</points>
		</object>
		<object>
			<coordinate>pixel</coordinate>
			<type>rectangle</type>
			<description>None</description>
			<possibleresult>
				<name>other-vehicle</name>
			</possibleresult>
			<points>
				<point>723.000000,357.000000</point>
				<point>712.000000,360.000000</point>
				<point>708.000000,339.000000</point>
				<point>718.000000,336.000000</point>
				<point>723.000000,357.000000</point>
			</points>
		</object>
		<object>
			<coordinate>pixel</coordinate>
			<type>rectangle</type>
			<description>None</description>
			<possibleresult>
				<name>Van</name>
			</possibleresult>
			<points>
				<point>716.000000,333.000000</point>
				<point>709.000000,336.000000</point>
				<point>702.000000,320.000000</point>
				<point>708.000000,316.000000</point>
				<point>716.000000,333.000000</point>
			</points>
		</object>
		<object>
			<coordinate>pixel</coordinate>
			<type>rectangle</type>
			<description>None</description>
			<possibleresult>
				<name>Van</name>
			</possibleresult>
			<points>
				<point>727.000000,329.000000</point>
				<point>719.000000,333.000000</point>
				<point>711.000000,314.000000</point>
				<point>718.000000,310.000000</point>
				<point>727.000000,329.000000</point>
			</points>
		</object>
		<object>
			<coordinate>pixel</coordinate>
			<type>rectangle</type>
			<description>None</description>
			<possibleresult>
				<name>Van</name>
			</possibleresult>
			<points>
				<point>733.000000,349.000000</point>
				<point>724.000000,352.000000</point>
				<point>718.000000,335.000000</point>
				<point>727.000000,332.000000</point>
				<point>733.000000,349.000000</point>
			</points>
		</object>
		<object>
			<coordinate>pixel</coordinate>
			<type>rectangle</type>
			<description>None</description>
			<possibleresult>
				<name>Van</name>
			</possibleresult>
			<points>
				<point>739.000000,327.000000</point>
				<point>732.000000,329.000000</point>
				<point>729.000000,313.000000</point>
				<point>736.000000,311.000000</point>
				<point>739.000000,327.000000</point>
			</points>
		</object>
		<object>
			<coordinate>pixel</coordinate>
			<type>rectangle</type>
			<description>None</description>
			<possibleresult>
				<name>Van</name>
			</possibleresult>
			<points>
				<point>520.000000,343.000000</point>
				<point>512.000000,346.000000</point>
				<point>506.000000,330.000000</point>
				<point>514.000000,327.000000</point>
				<point>520.000000,343.000000</point>
			</points>
		</object>
		<object>
			<coordinate>pixel</coordinate>
			<type>rectangle</type>
			<description>None</description>
			<possibleresult>
				<name>Small Car</name>
			</possibleresult>
			<points>
				<point>451.000000,340.000000</point>
				<point>435.000000,346.000000</point>
				<point>432.000000,338.000000</point>
				<point>448.000000,332.000000</point>
				<point>451.000000,340.000000</point>
			</points>
		</object>
		<object>
			<coordinate>pixel</coordinate>
			<type>rectangle</type>
			<description>None</description>
			<possibleresult>
				<name>Dump Truck</name>
			</possibleresult>
			<points>
				<point>452.000000,356.000000</point>
				<point>434.000000,362.000000</point>
				<point>433.000000,357.000000</point>
				<point>450.000000,352.000000</point>
				<point>452.000000,356.000000</point>
			</points>
		</object>
		<object>
			<coordinate>pixel</coordinate>
			<type>rectangle</type>
			<description>None</description>
			<possibleresult>
				<name>Small Car</name>
			</possibleresult>
			<points>
				<point>431.000000,365.000000</point>
				<point>412.000000,371.000000</point>
				<point>411.000000,365.000000</point>
				<point>429.000000,359.000000</point>
				<point>431.000000,365.000000</point>
			</points>
		</object>
		<object>
			<coordinate>pixel</coordinate>
			<type>rectangle</type>
			<description>None</description>
			<possibleresult>
				<name>Van</name>
			</possibleresult>
			<points>
				<point>404.000000,348.000000</point>
				<point>384.000000,355.000000</point>
				<point>382.000000,348.000000</point>
				<point>402.000000,341.000000</point>
				<point>404.000000,348.000000</point>
			</points>
		</object>
		<object>
			<coordinate>pixel</coordinate>
			<type>rectangle</type>
			<description>None</description>
			<possibleresult>
				<name>Small Car</name>
			</possibleresult>
			<points>
				<point>400.000000,430.000000</point>
				<point>393.000000,433.000000</point>
				<point>386.000000,418.000000</point>
				<point>392.000000,414.000000</point>
				<point>400.000000,430.000000</point>
			</points>
		</object>
		<object>
			<coordinate>pixel</coordinate>
			<type>rectangle</type>
			<description>None</description>
			<possibleresult>
				<name>Dump Truck</name>
			</possibleresult>
			<points>
				<point>389.000000,472.000000</point>
				<point>381.000000,476.000000</point>
				<point>372.000000,459.000000</point>
				<point>379.000000,455.000000</point>
				<point>389.000000,472.000000</point>
			</points>
		</object>
		<object>
			<coordinate>pixel</coordinate>
			<type>rectangle</type>
			<description>None</description>
			<possibleresult>
				<name>Van</name>
			</possibleresult>
			<points>
				<point>369.000000,465.000000</point>
				<point>349.000000,472.000000</point>
				<point>348.000000,465.000000</point>
				<point>367.000000,459.000000</point>
				<point>369.000000,465.000000</point>
			</points>
		</object>
		<object>
			<coordinate>pixel</coordinate>
			<type>rectangle</type>
			<description>None</description>
			<possibleresult>
				<name>Small Car</name>
			</possibleresult>
			<points>
				<point>364.000000,459.000000</point>
				<point>348.000000,464.000000</point>
				<point>347.000000,459.000000</point>
				<point>362.000000,453.000000</point>
				<point>364.000000,459.000000</point>
			</points>
		</object>
		<object>
			<coordinate>pixel</coordinate>
			<type>rectangle</type>
			<description>None</description>
			<possibleresult>
				<name>Van</name>
			</possibleresult>
			<points>
				<point>361.000000,452.000000</point>
				<point>342.000000,458.000000</point>
				<point>340.000000,452.000000</point>
				<point>358.000000,445.000000</point>
				<point>361.000000,452.000000</point>
			</points>
		</object>
		<object>
			<coordinate>pixel</coordinate>
			<type>rectangle</type>
			<description>None</description>
			<possibleresult>
				<name>Small Car</name>
			</possibleresult>
			<points>
				<point>357.000000,443.000000</point>
				<point>338.000000,449.000000</point>
				<point>336.000000,443.000000</point>
				<point>354.000000,436.000000</point>
				<point>357.000000,443.000000</point>
			</points>
		</object>
		<object>
			<coordinate>pixel</coordinate>
			<type>rectangle</type>
			<description>None</description>
			<possibleresult>
				<name>Small Car</name>
			</possibleresult>
			<points>
				<point>355.000000,433.000000</point>
				<point>335.000000,440.000000</point>
				<point>334.000000,433.000000</point>
				<point>353.000000,427.000000</point>
				<point>355.000000,433.000000</point>
			</points>
		</object>
		<object>
			<coordinate>pixel</coordinate>
			<type>rectangle</type>
			<description>None</description>
			<possibleresult>
				<name>Small Car</name>
			</possibleresult>
			<points>
				<point>349.000000,426.000000</point>
				<point>331.000000,432.000000</point>
				<point>329.000000,426.000000</point>
				<point>347.000000,420.000000</point>
				<point>349.000000,426.000000</point>
			</points>
		</object>
		<object>
			<coordinate>pixel</coordinate>
			<type>rectangle</type>
			<description>None</description>
			<possibleresult>
				<name>Small Car</name>
			</possibleresult>
			<points>
				<point>104.000000,232.000000</point>
				<point>84.000000,239.000000</point>
				<point>82.000000,232.000000</point>
				<point>101.000000,225.000000</point>
				<point>104.000000,232.000000</point>
			</points>
		</object>
		<object>
			<coordinate>pixel</coordinate>
			<type>rectangle</type>
			<description>None</description>
			<possibleresult>
				<name>Dump Truck</name>
			</possibleresult>
			<points>
				<point>97.000000,225.000000</point>
				<point>79.000000,231.000000</point>
				<point>77.000000,225.000000</point>
				<point>95.000000,219.000000</point>
				<point>97.000000,225.000000</point>
			</points>
		</object>
		<object>
			<coordinate>pixel</coordinate>
			<type>rectangle</type>
			<description>None</description>
			<possibleresult>
				<name>Small Car</name>
			</possibleresult>
			<points>
				<point>36.000000,83.000000</point>
				<point>17.000000,89.000000</point>
				<point>14.000000,80.000000</point>
				<point>33.000000,74.000000</point>
				<point>36.000000,83.000000</point>
			</points>
		</object>
		<object>
			<coordinate>pixel</coordinate>
			<type>rectangle</type>
			<description>None</description>
			<possibleresult>
				<name>Dump Truck</name>
			</possibleresult>
			<points>
				<point>70.000000,71.000000</point>
				<point>53.000000,77.000000</point>
				<point>51.000000,70.000000</point>
				<point>67.000000,64.000000</point>
				<point>70.000000,71.000000</point>
			</points>
		</object>
		<object>
			<coordinate>pixel</coordinate>
			<type>rectangle</type>
			<description>None</description>
			<possibleresult>
				<name>Dump Truck</name>
			</possibleresult>
			<points>
				<point>173.000000,64.000000</point>
				<point>145.000000,76.000000</point>
				<point>141.000000,66.000000</point>
				<point>168.000000,53.000000</point>
				<point>173.000000,64.000000</point>
			</points>
		</object>
		<object>
			<coordinate>pixel</coordinate>
			<type>rectangle</type>
			<description>None</description>
			<possibleresult>
				<name>Small Car</name>
			</possibleresult>
			<points>
				<point>203.000000,86.000000</point>
				<point>197.000000,90.000000</point>
				<point>189.000000,77.000000</point>
				<point>195.000000,73.000000</point>
				<point>203.000000,86.000000</point>
			</points>
		</object>
		<object>
			<coordinate>pixel</coordinate>
			<type>rectangle</type>
			<description>None</description>
			<possibleresult>
				<name>Van</name>
			</possibleresult>
			<points>
				<point>256.000000,104.000000</point>
				<point>251.000000,107.000000</point>
				<point>243.000000,92.000000</point>
				<point>248.000000,89.000000</point>
				<point>256.000000,104.000000</point>
			</points>
		</object>
		<object>
			<coordinate>pixel</coordinate>
			<type>rectangle</type>
			<description>None</description>
			<possibleresult>
				<name>Small Car</name>
			</possibleresult>
			<points>
				<point>265.000000,76.000000</point>
				<point>250.000000,82.000000</point>
				<point>247.000000,74.000000</point>
				<point>262.000000,68.000000</point>
				<point>265.000000,76.000000</point>
			</points>
		</object>
		<object>
			<coordinate>pixel</coordinate>
			<type>rectangle</type>
			<description>None</description>
			<possibleresult>
				<name>Dump Truck</name>
			</possibleresult>
			<points>
				<point>238.000000,77.000000</point>
				<point>227.000000,78.000000</point>
				<point>225.000000,53.000000</point>
				<point>237.000000,53.000000</point>
				<point>238.000000,77.000000</point>
			</points>
		</object>
		<object>
			<coordinate>pixel</coordinate>
			<type>rectangle</type>
			<description>None</description>
			<possibleresult>
				<name>Van</name>
			</possibleresult>
			<points>
				<point>267.000000,30.000000</point>
				<point>251.000000,39.000000</point>
				<point>248.000000,34.000000</point>
				<point>264.000000,25.000000</point>
				<point>267.000000,30.000000</point>
			</points>
		</object>
		<object>
			<coordinate>pixel</coordinate>
			<type>rectangle</type>
			<description>None</description>
			<possibleresult>
				<name>Dump Truck</name>
			</possibleresult>
			<points>
				<point>218.000000,21.000000</point>
				<point>191.000000,30.000000</point>
				<point>187.000000,20.000000</point>
				<point>214.000000,11.000000</point>
				<point>218.000000,21.000000</point>
			</points>
		</object>
		<object>
			<coordinate>pixel</coordinate>
			<type>rectangle</type>
			<description>None</description>
			<possibleresult>
				<name>Small Car</name>
			</possibleresult>
			<points>
				<point>314.000000,217.000000</point>
				<point>306.000000,221.000000</point>
				<point>299.000000,206.000000</point>
				<point>308.000000,203.000000</point>
				<point>314.000000,217.000000</point>
			</points>
		</object>
		<object>
			<coordinate>pixel</coordinate>
			<type>rectangle</type>
			<description>None</description>
			<possibleresult>
				<name>Van</name>
			</possibleresult>
			<points>
				<point>340.000000,220.000000</point>
				<point>333.000000,223.000000</point>
				<point>326.000000,210.000000</point>
				<point>334.000000,206.000000</point>
				<point>340.000000,220.000000</point>
			</points>
		</object>
		<object>
			<coordinate>pixel</coordinate>
			<type>rectangle</type>
			<description>None</description>
			<possibleresult>
				<name>Van</name>
			</possibleresult>
			<points>
				<point>393.000000,188.000000</point>
				<point>391.000000,194.000000</point>
				<point>376.000000,186.000000</point>
				<point>378.000000,180.000000</point>
				<point>393.000000,188.000000</point>
			</points>
		</object>
		<object>
			<coordinate>pixel</coordinate>
			<type>rectangle</type>
			<description>None</description>
			<possibleresult>
				<name>Van</name>
			</possibleresult>
			<points>
				<point>369.000000,150.000000</point>
				<point>361.000000,154.000000</point>
				<point>352.000000,140.000000</point>
				<point>360.000000,135.000000</point>
				<point>369.000000,150.000000</point>
			</points>
		</object>
		<object>
			<coordinate>pixel</coordinate>
			<type>rectangle</type>
			<description>None</description>
			<possibleresult>
				<name>Dump Truck</name>
			</possibleresult>
			<points>
				<point>516.000000,218.000000</point>
				<point>507.000000,220.000000</point>
				<point>501.000000,201.000000</point>
				<point>509.000000,198.000000</point>
				<point>516.000000,218.000000</point>
			</points>
		</object>
		<object>
			<coordinate>pixel</coordinate>
			<type>rectangle</type>
			<description>None</description>
			<possibleresult>
				<name>Van</name>
			</possibleresult>
			<points>
				<point>490.000000,192.000000</point>
				<point>483.000000,196.000000</point>
				<point>475.000000,177.000000</point>
				<point>482.000000,173.000000</point>
				<point>490.000000,192.000000</point>
			</points>
		</object>
		<object>
			<coordinate>pixel</coordinate>
			<type>rectangle</type>
			<description>None</description>
			<possibleresult>
				<name>Van</name>
			</possibleresult>
			<points>
				<point>440.000000,59.000000</point>
				<point>432.000000,61.000000</point>
				<point>427.000000,44.000000</point>
				<point>434.000000,41.000000</point>
				<point>440.000000,59.000000</point>
			</points>
		</object>
		<object>
			<coordinate>pixel</coordinate>
			<type>rectangle</type>
			<description>None</description>
			<possibleresult>
				<name>Small Car</name>
			</possibleresult>
			<points>
				<point>870.000000,993.000000</point>
				<point>853.000000,1000.000000</point>
				<point>850.000000,994.000000</point>
				<point>868.000000,988.000000</point>
				<point>870.000000,993.000000</point>
			</points>
		</object>
		<object>
			<coordinate>pixel</coordinate>
			<type>rectangle</type>
			<description>None</description>
			<possibleresult>
				<name>Small Car</name>
			</possibleresult>
			<points>
				<point>912.000000,963.000000</point>
				<point>893.000000,969.000000</point>
				<point>891.000000,962.000000</point>
				<point>909.000000,955.000000</point>
				<point>912.000000,963.000000</point>
			</points>
		</object>
		<object>
			<coordinate>pixel</coordinate>
			<type>rectangle</type>
			<description>None</description>
			<possibleresult>
				<name>Van</name>
			</possibleresult>
			<points>
				<point>933.000000,967.000000</point>
				<point>919.000000,974.000000</point>
				<point>916.000000,968.000000</point>
				<point>930.000000,961.000000</point>
				<point>933.000000,967.000000</point>
			</points>
		</object>
		<object>
			<coordinate>pixel</coordinate>
			<type>rectangle</type>
			<description>None</description>
			<possibleresult>
				<name>Small Car</name>
			</possibleresult>
			<points>
				<point>941.000000,976.000000</point>
				<point>924.000000,983.000000</point>
				<point>921.000000,977.000000</point>
				<point>939.000000,970.000000</point>
				<point>941.000000,976.000000</point>
			</points>
		</object>
		<object>
			<coordinate>pixel</coordinate>
			<type>rectangle</type>
			<description>None</description>
			<possibleresult>
				<name>Van</name>
			</possibleresult>
			<points>
				<point>983.000000,961.000000</point>
				<point>964.000000,969.000000</point>
				<point>961.000000,962.000000</point>
				<point>980.000000,954.000000</point>
				<point>983.000000,961.000000</point>
			</points>
		</object>
		<object>
			<coordinate>pixel</coordinate>
			<type>rectangle</type>
			<description>None</description>
			<possibleresult>
				<name>Small Car</name>
			</possibleresult>
			<points>
				<point>995.000000,941.000000</point>
				<point>976.000000,948.000000</point>
				<point>974.000000,942.000000</point>
				<point>992.000000,934.000000</point>
				<point>995.000000,941.000000</point>
			</points>
		</object>
		<object>
			<coordinate>pixel</coordinate>
			<type>rectangle</type>
			<description>None</description>
			<possibleresult>
				<name>Van</name>
			</possibleresult>
			<points>
				<point>1000.000000,924.000000</point>
				<point>986.000000,930.000000</point>
				<point>984.000000,924.000000</point>
				<point>1000.000000,917.000000</point>
				<point>1000.000000,924.000000</point>
			</points>
		</object>
		<object>
			<coordinate>pixel</coordinate>
			<type>rectangle</type>
			<description>None</description>
			<possibleresult>
				<name>Intersection</name>
			</possibleresult>
			<points>
				<point>226.000000,835.000000</point>
				<point>148.000000,860.000000</point>
				<point>136.000000,821.000000</point>
				<point>213.000000,795.000000</point>
				<point>226.000000,835.000000</point>
			</points>
		</object>
		<object>
			<coordinate>pixel</coordinate>
			<type>rectangle</type>
			<description>None</description>
			<possibleresult>
				<name>Intersection</name>
			</possibleresult>
			<points>
				<point>711.000000,670.000000</point>
				<point>618.000000,698.000000</point>
				<point>606.000000,658.000000</point>
				<point>699.000000,630.000000</point>
				<point>711.000000,670.000000</point>
			</points>
		</object>
		<object>
			<coordinate>pixel</coordinate>
			<type>rectangle</type>
			<description>None</description>
			<possibleresult>
				<name>Small Car</name>
			</possibleresult>
			<points>
				<point>644.000000,508.000000</point>
				<point>636.000000,511.000000</point>
				<point>630.000000,492.000000</point>
				<point>638.000000,489.000000</point>
				<point>644.000000,508.000000</point>
			</points>
		</object>
		<object>
			<coordinate>pixel</coordinate>
			<type>rectangle</type>
			<description>None</description>
			<possibleresult>
				<name>Van</name>
			</possibleresult>
			<points>
				<point>226.000000,375.000000</point>
				<point>218.000000,379.000000</point>
				<point>210.000000,363.000000</point>
				<point>218.000000,359.000000</point>
				<point>226.000000,375.000000</point>
			</points>
		</object>
		<object>
			<coordinate>pixel</coordinate>
			<type>rectangle</type>
			<description>None</description>
			<possibleresult>
				<name>Small Car</name>
			</possibleresult>
			<points>
				<point>585.000000,974.000000</point>
				<point>579.000000,979.000000</point>
				<point>568.000000,964.000000</point>
				<point>575.000000,960.000000</point>
				<point>585.000000,974.000000</point>
			</points>
		</object>
		<object>
			<coordinate>pixel</coordinate>
			<type>rectangle</type>
			<description>None</description>
			<possibleresult>
				<name>Intersection</name>
			</possibleresult>
			<points>
				<point>563.000000,327.000000</point>
				<point>501.000000,345.000000</point>
				<point>490.000000,308.000000</point>
				<point>553.000000,291.000000</point>
				<point>563.000000,327.000000</point>
			</points>
		</object>
	</objects>
</annotation>