<?xml version="1.0" encoding="utf-8"?>
<annotation>
	<source>
		<filename>1638.tif</filename>
		<origin>GF2/GF3</origin>
	</source>
	<research>
		<version>1.0</version>
		<provider>FAIR1M</provider>
		<author>Cyber</author>
		<pluginname>FAIR1M</pluginname>
		<pluginclass>object detection</pluginclass>
		<time>2021-07-21</time>
	</research>
	<size>
		<width>1500</width>
		<height>1500</height>
		<depth>3</depth>
	</size>
	<objects>
		<object>
			<coordinate>pixel</coordinate>
			<type>rectangle</type>
			<description>None</description>
			<possibleresult>
				<name>Dry Cargo Ship</name>
			</possibleresult>
			<points>
				<point>1451.000000,456.000000</point>
				<point>1448.000000,282.000000</point>
				<point>1404.000000,283.000000</point>
				<point>1407.000000,457.000000</point>
				<point>1451.000000,456.000000</point>
			</points>
		</object>
		<object>
			<coordinate>pixel</coordinate>
			<type>rectangle</type>
			<description>None</description>
			<possibleresult>
				<name>Dry Cargo Ship</name>
			</possibleresult>
			<points>
				<point>982.000000,647.000000</point>
				<point>1069.000000,619.000000</point>
				<point>1061.000000,589.000000</point>
				<point>973.000000,616.000000</point>
				<point>982.000000,647.000000</point>
			</points>
		</object>
		<object>
			<coordinate>pixel</coordinate>
			<type>rectangle</type>
			<description>None</description>
			<possibleresult>
				<name>Engineering Ship</name>
			</possibleresult>
			<points>
				<point>956.000000,615.000000</point>
				<point>816.000000,661.000000</point>
				<point>827.000000,693.000000</point>
				<point>966.000000,646.000000</point>
				<point>956.000000,615.000000</point>
			</points>
		</object>
		<object>
			<coordinate>pixel</coordinate>
			<type>rectangle</type>
			<description>None</description>
			<possibleresult>
				<name>Engineering Ship</name>
			</possibleresult>
			<points>
				<point>944.000000,652.000000</point>
				<point>842.000000,685.000000</point>
				<point>850.000000,710.000000</point>
				<point>952.000000,677.000000</point>
				<point>944.000000,652.000000</point>
			</points>
		</object>
		<object>
			<coordinate>pixel</coordinate>
			<type>rectangle</type>
			<description>None</description>
			<possibleresult>
				<name>Engineering Ship</name>
			</possibleresult>
			<points>
				<point>366.000000,535.000000</point>
				<point>449.000000,512.000000</point>
				<point>440.000000,476.000000</point>
				<point>356.000000,499.000000</point>
				<point>366.000000,535.000000</point>
			</points>
		</object>
		<object>
			<coordinate>pixel</coordinate>
			<type>rectangle</type>
			<description>None</description>
			<possibleresult>
				<name>Dry Cargo Ship</name>
			</possibleresult>
			<points>
				<point>533.000000,725.000000</point>
				<point>490.000000,609.000000</point>
				<point>456.000000,622.000000</point>
				<point>498.000000,737.000000</point>
				<point>533.000000,725.000000</point>
			</points>
		</object>
		<object>
			<coordinate>pixel</coordinate>
			<type>rectangle</type>
			<description>None</description>
			<possibleresult>
				<name>Dry Cargo Ship</name>
			</possibleresult>
			<points>
				<point>498.000000,730.000000</point>
				<point>449.000000,616.000000</point>
				<point>419.000000,629.000000</point>
				<point>470.000000,743.000000</point>
				<point>498.000000,730.000000</point>
			</points>
		</object>
		<object>
			<coordinate>pixel</coordinate>
			<type>rectangle</type>
			<description>None</description>
			<possibleresult>
				<name>Dry Cargo Ship</name>
			</possibleresult>
			<points>
				<point>568.000000,711.000000</point>
				<point>534.000000,625.000000</point>
				<point>502.000000,637.000000</point>
				<point>536.000000,724.000000</point>
				<point>568.000000,711.000000</point>
			</points>
		</object>
		<object>
			<coordinate>pixel</coordinate>
			<type>rectangle</type>
			<description>None</description>
			<possibleresult>
				<name>Dry Cargo Ship</name>
			</possibleresult>
			<points>
				<point>701.000000,721.000000</point>
				<point>801.000000,687.000000</point>
				<point>793.000000,663.000000</point>
				<point>693.000000,697.000000</point>
				<point>701.000000,721.000000</point>
			</points>
		</object>
		<object>
			<coordinate>pixel</coordinate>
			<type>rectangle</type>
			<description>None</description>
			<possibleresult>
				<name>Dry Cargo Ship</name>
			</possibleresult>
			<points>
				<point>709.000000,742.000000</point>
				<point>810.000000,709.000000</point>
				<point>801.000000,683.000000</point>
				<point>701.000000,717.000000</point>
				<point>709.000000,742.000000</point>
			</points>
		</object>
		<object>
			<coordinate>pixel</coordinate>
			<type>rectangle</type>
			<description>None</description>
			<possibleresult>
				<name>Dry Cargo Ship</name>
			</possibleresult>
			<points>
				<point>718.000000,766.000000</point>
				<point>824.000000,730.000000</point>
				<point>816.000000,707.000000</point>
				<point>710.000000,744.000000</point>
				<point>718.000000,766.000000</point>
			</points>
		</object>
		<object>
			<coordinate>pixel</coordinate>
			<type>rectangle</type>
			<description>None</description>
			<possibleresult>
				<name>Dry Cargo Ship</name>
			</possibleresult>
			<points>
				<point>343.000000,375.000000</point>
				<point>298.000000,268.000000</point>
				<point>266.000000,281.000000</point>
				<point>312.000000,388.000000</point>
				<point>343.000000,375.000000</point>
			</points>
		</object>
		<object>
			<coordinate>pixel</coordinate>
			<type>rectangle</type>
			<description>None</description>
			<possibleresult>
				<name>Dry Cargo Ship</name>
			</possibleresult>
			<points>
				<point>303.000000,267.000000</point>
				<point>350.000000,388.000000</point>
				<point>385.000000,374.000000</point>
				<point>339.000000,253.000000</point>
				<point>303.000000,267.000000</point>
			</points>
		</object>
		<object>
			<coordinate>pixel</coordinate>
			<type>rectangle</type>
			<description>None</description>
			<possibleresult>
				<name>Dry Cargo Ship</name>
			</possibleresult>
			<points>
				<point>348.000000,263.000000</point>
				<point>391.000000,373.000000</point>
				<point>417.000000,363.000000</point>
				<point>375.000000,253.000000</point>
				<point>348.000000,263.000000</point>
			</points>
		</object>
		<object>
			<coordinate>pixel</coordinate>
			<type>rectangle</type>
			<description>None</description>
			<possibleresult>
				<name>other-ship</name>
			</possibleresult>
			<points>
				<point>265.000000,38.000000</point>
				<point>287.000000,93.000000</point>
				<point>309.000000,85.000000</point>
				<point>286.000000,29.000000</point>
				<point>265.000000,38.000000</point>
			</points>
		</object>
		<object>
			<coordinate>pixel</coordinate>
			<type>rectangle</type>
			<description>None</description>
			<possibleresult>
				<name>other-ship</name>
			</possibleresult>
			<points>
				<point>225.000000,34.000000</point>
				<point>278.000000,19.000000</point>
				<point>273.000000,2.000000</point>
				<point>220.000000,16.000000</point>
				<point>225.000000,34.000000</point>
			</points>
		</object>
		<object>
			<coordinate>pixel</coordinate>
			<type>rectangle</type>
			<description>None</description>
			<possibleresult>
				<name>Engineering Ship</name>
			</possibleresult>
			<points>
				<point>443.000000,1027.000000</point>
				<point>358.000000,1045.000000</point>
				<point>366.000000,1082.000000</point>
				<point>451.000000,1064.000000</point>
				<point>443.000000,1027.000000</point>
			</points>
		</object>
		<object>
			<coordinate>pixel</coordinate>
			<type>rectangle</type>
			<description>None</description>
			<possibleresult>
				<name>Engineering Ship</name>
			</possibleresult>
			<points>
				<point>402.000000,1014.000000</point>
				<point>330.000000,1034.000000</point>
				<point>335.000000,1054.000000</point>
				<point>407.000000,1033.000000</point>
				<point>402.000000,1014.000000</point>
			</points>
		</object>
		<object>
			<coordinate>pixel</coordinate>
			<type>rectangle</type>
			<description>None</description>
			<possibleresult>
				<name>Dry Cargo Ship</name>
			</possibleresult>
			<points>
				<point>538.000000,1043.000000</point>
				<point>387.000000,1082.000000</point>
				<point>393.000000,1107.000000</point>
				<point>543.000000,1068.000000</point>
				<point>538.000000,1043.000000</point>
			</points>
		</object>
		<object>
			<coordinate>pixel</coordinate>
			<type>rectangle</type>
			<description>None</description>
			<possibleresult>
				<name>Engineering Ship</name>
			</possibleresult>
			<points>
				<point>90.000000,1060.000000</point>
				<point>109.000000,1015.000000</point>
				<point>90.000000,1006.000000</point>
				<point>70.000000,1051.000000</point>
				<point>90.000000,1060.000000</point>
			</points>
		</object>
		<object>
			<coordinate>pixel</coordinate>
			<type>rectangle</type>
			<description>None</description>
			<possibleresult>
				<name>Engineering Ship</name>
			</possibleresult>
			<points>
				<point>91.000000,1081.000000</point>
				<point>51.000000,1047.000000</point>
				<point>37.000000,1063.000000</point>
				<point>78.000000,1097.000000</point>
				<point>91.000000,1081.000000</point>
			</points>
		</object>
	</objects>
</annotation>