<?xml version="1.0" encoding="utf-8"?>
<annotation>
	<source>
		<filename>1644.tif</filename>
		<origin>GF2/GF3</origin>
	</source>
	<research>
		<version>1.0</version>
		<provider>FAIR1M</provider>
		<author>Cyber</author>
		<pluginname>FAIR1M</pluginname>
		<pluginclass>object detection</pluginclass>
		<time>2021-07-21</time>
	</research>
	<size>
		<width>1000</width>
		<height>1000</height>
		<depth>3</depth>
	</size>
	<objects>
		<object>
			<coordinate>pixel</coordinate>
			<type>rectangle</type>
			<description>None</description>
			<possibleresult>
				<name>other-airplane</name>
			</possibleresult>
			<points>
				<point>573.000000,934.000000</point>
				<point>629.000000,926.000000</point>
				<point>622.000000,880.000000</point>
				<point>567.000000,888.000000</point>
				<point>573.000000,934.000000</point>
			</points>
		</object>
		<object>
			<coordinate>pixel</coordinate>
			<type>rectangle</type>
			<description>None</description>
			<possibleresult>
				<name>other-airplane</name>
			</possibleresult>
			<points>
				<point>534.000000,857.000000</point>
				<point>569.000000,820.000000</point>
				<point>532.000000,786.000000</point>
				<point>498.000000,823.000000</point>
				<point>534.000000,857.000000</point>
			</points>
		</object>
		<object>
			<coordinate>pixel</coordinate>
			<type>rectangle</type>
			<description>None</description>
			<possibleresult>
				<name>other-airplane</name>
			</possibleresult>
			<points>
				<point>627.000000,662.000000</point>
				<point>627.000000,699.000000</point>
				<point>673.000000,699.000000</point>
				<point>673.000000,661.000000</point>
				<point>627.000000,662.000000</point>
			</points>
		</object>
	</objects>
</annotation>