<?xml version="1.0" encoding="utf-8"?>
<annotation>
	<source>
		<filename>1645.tif</filename>
		<origin>GF2/GF3</origin>
	</source>
	<research>
		<version>1.0</version>
		<provider>FAIR1M</provider>
		<author>Cyber</author>
		<pluginname>FAIR1M</pluginname>
		<pluginclass>object detection</pluginclass>
		<time>2021-07-21</time>
	</research>
	<size>
		<width>1000</width>
		<height>1000</height>
		<depth>3</depth>
	</size>
	<objects>
		<object>
			<coordinate>pixel</coordinate>
			<type>rectangle</type>
			<description>None</description>
			<possibleresult>
				<name>Van</name>
			</possibleresult>
			<points>
				<point>999.000000,55.000000</point>
				<point>991.000000,55.000000</point>
				<point>989.000000,41.000000</point>
				<point>998.000000,40.000000</point>
				<point>999.000000,55.000000</point>
			</points>
		</object>
		<object>
			<coordinate>pixel</coordinate>
			<type>rectangle</type>
			<description>None</description>
			<possibleresult>
				<name>Small Car</name>
			</possibleresult>
			<points>
				<point>892.000000,573.000000</point>
				<point>887.000000,587.000000</point>
				<point>880.000000,585.000000</point>
				<point>884.000000,570.000000</point>
				<point>892.000000,573.000000</point>
			</points>
		</object>
		<object>
			<coordinate>pixel</coordinate>
			<type>rectangle</type>
			<description>None</description>
			<possibleresult>
				<name>Small Car</name>
			</possibleresult>
			<points>
				<point>953.000000,475.000000</point>
				<point>934.000000,480.000000</point>
				<point>932.000000,473.000000</point>
				<point>951.000000,468.000000</point>
				<point>953.000000,475.000000</point>
			</points>
		</object>
		<object>
			<coordinate>pixel</coordinate>
			<type>rectangle</type>
			<description>None</description>
			<possibleresult>
				<name>Van</name>
			</possibleresult>
			<points>
				<point>978.000000,466.000000</point>
				<point>957.000000,475.000000</point>
				<point>954.000000,468.000000</point>
				<point>975.000000,459.000000</point>
				<point>978.000000,466.000000</point>
			</points>
		</object>
		<object>
			<coordinate>pixel</coordinate>
			<type>rectangle</type>
			<description>None</description>
			<possibleresult>
				<name>Small Car</name>
			</possibleresult>
			<points>
				<point>818.000000,71.000000</point>
				<point>813.000000,73.000000</point>
				<point>808.000000,62.000000</point>
				<point>813.000000,60.000000</point>
				<point>818.000000,71.000000</point>
			</points>
		</object>
		<object>
			<coordinate>pixel</coordinate>
			<type>rectangle</type>
			<description>None</description>
			<possibleresult>
				<name>Van</name>
			</possibleresult>
			<points>
				<point>855.000000,376.000000</point>
				<point>837.000000,383.000000</point>
				<point>834.000000,378.000000</point>
				<point>853.000000,370.000000</point>
				<point>855.000000,376.000000</point>
			</points>
		</object>
		<object>
			<coordinate>pixel</coordinate>
			<type>rectangle</type>
			<description>None</description>
			<possibleresult>
				<name>Small Car</name>
			</possibleresult>
			<points>
				<point>780.000000,454.000000</point>
				<point>766.000000,462.000000</point>
				<point>762.000000,457.000000</point>
				<point>776.000000,448.000000</point>
				<point>780.000000,454.000000</point>
			</points>
		</object>
		<object>
			<coordinate>pixel</coordinate>
			<type>rectangle</type>
			<description>None</description>
			<possibleresult>
				<name>Van</name>
			</possibleresult>
			<points>
				<point>748.000000,202.000000</point>
				<point>738.000000,216.000000</point>
				<point>733.000000,211.000000</point>
				<point>742.000000,198.000000</point>
				<point>748.000000,202.000000</point>
			</points>
		</object>
		<object>
			<coordinate>pixel</coordinate>
			<type>rectangle</type>
			<description>None</description>
			<possibleresult>
				<name>Van</name>
			</possibleresult>
			<points>
				<point>597.000000,227.000000</point>
				<point>576.000000,234.000000</point>
				<point>575.000000,229.000000</point>
				<point>596.000000,222.000000</point>
				<point>597.000000,227.000000</point>
			</points>
		</object>
		<object>
			<coordinate>pixel</coordinate>
			<type>rectangle</type>
			<description>None</description>
			<possibleresult>
				<name>Van</name>
			</possibleresult>
			<points>
				<point>477.000000,188.000000</point>
				<point>470.000000,193.000000</point>
				<point>461.000000,179.000000</point>
				<point>468.000000,174.000000</point>
				<point>477.000000,188.000000</point>
			</points>
		</object>
		<object>
			<coordinate>pixel</coordinate>
			<type>rectangle</type>
			<description>None</description>
			<possibleresult>
				<name>Small Car</name>
			</possibleresult>
			<points>
				<point>500.000000,122.000000</point>
				<point>486.000000,126.000000</point>
				<point>484.000000,120.000000</point>
				<point>498.000000,116.000000</point>
				<point>500.000000,122.000000</point>
			</points>
		</object>
		<object>
			<coordinate>pixel</coordinate>
			<type>rectangle</type>
			<description>None</description>
			<possibleresult>
				<name>Small Car</name>
			</possibleresult>
			<points>
				<point>504.000000,26.000000</point>
				<point>484.000000,26.000000</point>
				<point>484.000000,20.000000</point>
				<point>504.000000,20.000000</point>
				<point>504.000000,26.000000</point>
			</points>
		</object>
		<object>
			<coordinate>pixel</coordinate>
			<type>rectangle</type>
			<description>None</description>
			<possibleresult>
				<name>Football Field</name>
			</possibleresult>
			<points>
				<point>411.000000,413.000000</point>
				<point>212.000000,496.000000</point>
				<point>50.000000,112.000000</point>
				<point>249.000000,29.000000</point>
				<point>411.000000,413.000000</point>
			</points>
		</object>
		<object>
			<coordinate>pixel</coordinate>
			<type>rectangle</type>
			<description>None</description>
			<possibleresult>
				<name>Baseball Field</name>
			</possibleresult>
			<points>
				<point>560.000000,706.000000</point>
				<point>460.000000,778.000000</point>
				<point>397.000000,690.000000</point>
				<point>497.000000,619.000000</point>
				<point>560.000000,706.000000</point>
			</points>
		</object>
		<object>
			<coordinate>pixel</coordinate>
			<type>rectangle</type>
			<description>None</description>
			<possibleresult>
				<name>Van</name>
			</possibleresult>
			<points>
				<point>497.000000,992.000000</point>
				<point>491.000000,998.000000</point>
				<point>478.000000,985.000000</point>
				<point>484.000000,979.000000</point>
				<point>497.000000,992.000000</point>
			</points>
		</object>
		<object>
			<coordinate>pixel</coordinate>
			<type>rectangle</type>
			<description>None</description>
			<possibleresult>
				<name>Van</name>
			</possibleresult>
			<points>
				<point>491.000000,971.000000</point>
				<point>485.000000,978.000000</point>
				<point>470.000000,964.000000</point>
				<point>476.000000,957.000000</point>
				<point>491.000000,971.000000</point>
			</points>
		</object>
		<object>
			<coordinate>pixel</coordinate>
			<type>rectangle</type>
			<description>None</description>
			<possibleresult>
				<name>Van</name>
			</possibleresult>
			<points>
				<point>513.000000,961.000000</point>
				<point>507.000000,968.000000</point>
				<point>492.000000,953.000000</point>
				<point>498.000000,946.000000</point>
				<point>513.000000,961.000000</point>
			</points>
		</object>
		<object>
			<coordinate>pixel</coordinate>
			<type>rectangle</type>
			<description>None</description>
			<possibleresult>
				<name>Van</name>
			</possibleresult>
			<points>
				<point>516.000000,980.000000</point>
				<point>510.000000,987.000000</point>
				<point>494.000000,971.000000</point>
				<point>500.000000,964.000000</point>
				<point>516.000000,980.000000</point>
			</points>
		</object>
		<object>
			<coordinate>pixel</coordinate>
			<type>rectangle</type>
			<description>None</description>
			<possibleresult>
				<name>Van</name>
			</possibleresult>
			<points>
				<point>527.000000,977.000000</point>
				<point>521.000000,982.000000</point>
				<point>508.000000,968.000000</point>
				<point>513.000000,962.000000</point>
				<point>527.000000,977.000000</point>
			</points>
		</object>
		<object>
			<coordinate>pixel</coordinate>
			<type>rectangle</type>
			<description>None</description>
			<possibleresult>
				<name>Van</name>
			</possibleresult>
			<points>
				<point>536.000000,1000.000000</point>
				<point>536.000000,1000.000000</point>
				<point>536.000000,1000.000000</point>
				<point>536.000000,1000.000000</point>
				<point>536.000000,1000.000000</point>
			</points>
		</object>
		<object>
			<coordinate>pixel</coordinate>
			<type>rectangle</type>
			<description>None</description>
			<possibleresult>
				<name>Van</name>
			</possibleresult>
			<points>
				<point>590.000000,991.000000</point>
				<point>585.000000,996.000000</point>
				<point>572.000000,983.000000</point>
				<point>577.000000,978.000000</point>
				<point>590.000000,991.000000</point>
			</points>
		</object>
		<object>
			<coordinate>pixel</coordinate>
			<type>rectangle</type>
			<description>None</description>
			<possibleresult>
				<name>Small Car</name>
			</possibleresult>
			<points>
				<point>615.000000,928.000000</point>
				<point>596.000000,934.000000</point>
				<point>594.000000,928.000000</point>
				<point>613.000000,922.000000</point>
				<point>615.000000,928.000000</point>
			</points>
		</object>
		<object>
			<coordinate>pixel</coordinate>
			<type>rectangle</type>
			<description>None</description>
			<possibleresult>
				<name>Small Car</name>
			</possibleresult>
			<points>
				<point>620.000000,936.000000</point>
				<point>602.000000,943.000000</point>
				<point>600.000000,937.000000</point>
				<point>617.000000,929.000000</point>
				<point>620.000000,936.000000</point>
			</points>
		</object>
		<object>
			<coordinate>pixel</coordinate>
			<type>rectangle</type>
			<description>None</description>
			<possibleresult>
				<name>Small Car</name>
			</possibleresult>
			<points>
				<point>637.000000,960.000000</point>
				<point>617.000000,967.000000</point>
				<point>615.000000,960.000000</point>
				<point>635.000000,954.000000</point>
				<point>637.000000,960.000000</point>
			</points>
		</object>
		<object>
			<coordinate>pixel</coordinate>
			<type>rectangle</type>
			<description>None</description>
			<possibleresult>
				<name>Dump Truck</name>
			</possibleresult>
			<points>
				<point>642.000000,969.000000</point>
				<point>621.000000,976.000000</point>
				<point>619.000000,970.000000</point>
				<point>640.000000,963.000000</point>
				<point>642.000000,969.000000</point>
			</points>
		</object>
		<object>
			<coordinate>pixel</coordinate>
			<type>rectangle</type>
			<description>None</description>
			<possibleresult>
				<name>Dump Truck</name>
			</possibleresult>
			<points>
				<point>744.000000,1000.000000</point>
				<point>733.000000,1000.000000</point>
				<point>726.000000,988.000000</point>
				<point>734.000000,983.000000</point>
				<point>744.000000,1000.000000</point>
			</points>
		</object>
		<object>
			<coordinate>pixel</coordinate>
			<type>rectangle</type>
			<description>None</description>
			<possibleresult>
				<name>Van</name>
			</possibleresult>
			<points>
				<point>761.000000,1000.000000</point>
				<point>751.000000,1000.000000</point>
				<point>743.000000,986.000000</point>
				<point>751.000000,981.000000</point>
				<point>761.000000,1000.000000</point>
			</points>
		</object>
		<object>
			<coordinate>pixel</coordinate>
			<type>rectangle</type>
			<description>None</description>
			<possibleresult>
				<name>Van</name>
			</possibleresult>
			<points>
				<point>773.000000,993.000000</point>
				<point>765.000000,998.000000</point>
				<point>755.000000,982.000000</point>
				<point>763.000000,977.000000</point>
				<point>773.000000,993.000000</point>
			</points>
		</object>
		<object>
			<coordinate>pixel</coordinate>
			<type>rectangle</type>
			<description>None</description>
			<possibleresult>
				<name>Van</name>
			</possibleresult>
			<points>
				<point>785.000000,991.000000</point>
				<point>778.000000,995.000000</point>
				<point>768.000000,978.000000</point>
				<point>775.000000,974.000000</point>
				<point>785.000000,991.000000</point>
			</points>
		</object>
		<object>
			<coordinate>pixel</coordinate>
			<type>rectangle</type>
			<description>None</description>
			<possibleresult>
				<name>Van</name>
			</possibleresult>
			<points>
				<point>707.000000,966.000000</point>
				<point>699.000000,971.000000</point>
				<point>687.000000,953.000000</point>
				<point>694.000000,947.000000</point>
				<point>707.000000,966.000000</point>
			</points>
		</object>
		<object>
			<coordinate>pixel</coordinate>
			<type>rectangle</type>
			<description>None</description>
			<possibleresult>
				<name>Van</name>
			</possibleresult>
			<points>
				<point>724.000000,960.000000</point>
				<point>716.000000,964.000000</point>
				<point>708.000000,948.000000</point>
				<point>717.000000,945.000000</point>
				<point>724.000000,960.000000</point>
			</points>
		</object>
		<object>
			<coordinate>pixel</coordinate>
			<type>rectangle</type>
			<description>None</description>
			<possibleresult>
				<name>Van</name>
			</possibleresult>
			<points>
				<point>735.000000,954.000000</point>
				<point>728.000000,958.000000</point>
				<point>719.000000,944.000000</point>
				<point>726.000000,940.000000</point>
				<point>735.000000,954.000000</point>
			</points>
		</object>
		<object>
			<coordinate>pixel</coordinate>
			<type>rectangle</type>
			<description>None</description>
			<possibleresult>
				<name>Van</name>
			</possibleresult>
			<points>
				<point>745.000000,951.000000</point>
				<point>738.000000,954.000000</point>
				<point>731.000000,940.000000</point>
				<point>738.000000,937.000000</point>
				<point>745.000000,951.000000</point>
			</points>
		</object>
		<object>
			<coordinate>pixel</coordinate>
			<type>rectangle</type>
			<description>None</description>
			<possibleresult>
				<name>Dump Truck</name>
			</possibleresult>
			<points>
				<point>760.000000,949.000000</point>
				<point>751.000000,953.000000</point>
				<point>743.000000,937.000000</point>
				<point>751.000000,932.000000</point>
				<point>760.000000,949.000000</point>
			</points>
		</object>
		<object>
			<coordinate>pixel</coordinate>
			<type>rectangle</type>
			<description>None</description>
			<possibleresult>
				<name>Dump Truck</name>
			</possibleresult>
			<points>
				<point>775.000000,946.000000</point>
				<point>767.000000,951.000000</point>
				<point>756.000000,931.000000</point>
				<point>764.000000,927.000000</point>
				<point>775.000000,946.000000</point>
			</points>
		</object>
		<object>
			<coordinate>pixel</coordinate>
			<type>rectangle</type>
			<description>None</description>
			<possibleresult>
				<name>Dump Truck</name>
			</possibleresult>
			<points>
				<point>788.000000,942.000000</point>
				<point>779.000000,947.000000</point>
				<point>767.000000,926.000000</point>
				<point>777.000000,922.000000</point>
				<point>788.000000,942.000000</point>
			</points>
		</object>
		<object>
			<coordinate>pixel</coordinate>
			<type>rectangle</type>
			<description>None</description>
			<possibleresult>
				<name>other-vehicle</name>
			</possibleresult>
			<points>
				<point>810.000000,936.000000</point>
				<point>798.000000,942.000000</point>
				<point>785.000000,920.000000</point>
				<point>797.000000,914.000000</point>
				<point>810.000000,936.000000</point>
			</points>
		</object>
		<object>
			<coordinate>pixel</coordinate>
			<type>rectangle</type>
			<description>None</description>
			<possibleresult>
				<name>Dump Truck</name>
			</possibleresult>
			<points>
				<point>826.000000,932.000000</point>
				<point>817.000000,939.000000</point>
				<point>802.000000,917.000000</point>
				<point>811.000000,910.000000</point>
				<point>826.000000,932.000000</point>
			</points>
		</object>
		<object>
			<coordinate>pixel</coordinate>
			<type>rectangle</type>
			<description>None</description>
			<possibleresult>
				<name>Van</name>
			</possibleresult>
			<points>
				<point>850.000000,916.000000</point>
				<point>843.000000,920.000000</point>
				<point>833.000000,902.000000</point>
				<point>841.000000,899.000000</point>
				<point>850.000000,916.000000</point>
			</points>
		</object>
		<object>
			<coordinate>pixel</coordinate>
			<type>rectangle</type>
			<description>None</description>
			<possibleresult>
				<name>Dump Truck</name>
			</possibleresult>
			<points>
				<point>862.000000,957.000000</point>
				<point>835.000000,965.000000</point>
				<point>833.000000,957.000000</point>
				<point>860.000000,949.000000</point>
				<point>862.000000,957.000000</point>
			</points>
		</object>
		<object>
			<coordinate>pixel</coordinate>
			<type>rectangle</type>
			<description>None</description>
			<possibleresult>
				<name>Dump Truck</name>
			</possibleresult>
			<points>
				<point>901.000000,939.000000</point>
				<point>875.000000,948.000000</point>
				<point>873.000000,939.000000</point>
				<point>899.000000,930.000000</point>
				<point>901.000000,939.000000</point>
			</points>
		</object>
		<object>
			<coordinate>pixel</coordinate>
			<type>rectangle</type>
			<description>None</description>
			<possibleresult>
				<name>Dump Truck</name>
			</possibleresult>
			<points>
				<point>889.000000,931.000000</point>
				<point>866.000000,941.000000</point>
				<point>862.000000,933.000000</point>
				<point>886.000000,924.000000</point>
				<point>889.000000,931.000000</point>
			</points>
		</object>
		<object>
			<coordinate>pixel</coordinate>
			<type>rectangle</type>
			<description>None</description>
			<possibleresult>
				<name>Dump Truck</name>
			</possibleresult>
			<points>
				<point>888.000000,922.000000</point>
				<point>865.000000,930.000000</point>
				<point>862.000000,922.000000</point>
				<point>886.000000,915.000000</point>
				<point>888.000000,922.000000</point>
			</points>
		</object>
		<object>
			<coordinate>pixel</coordinate>
			<type>rectangle</type>
			<description>None</description>
			<possibleresult>
				<name>Dump Truck</name>
			</possibleresult>
			<points>
				<point>908.000000,905.000000</point>
				<point>888.000000,912.000000</point>
				<point>886.000000,905.000000</point>
				<point>906.000000,898.000000</point>
				<point>908.000000,905.000000</point>
			</points>
		</object>
		<object>
			<coordinate>pixel</coordinate>
			<type>rectangle</type>
			<description>None</description>
			<possibleresult>
				<name>Dump Truck</name>
			</possibleresult>
			<points>
				<point>915.000000,912.000000</point>
				<point>892.000000,921.000000</point>
				<point>890.000000,914.000000</point>
				<point>912.000000,904.000000</point>
				<point>915.000000,912.000000</point>
			</points>
		</object>
	</objects>
</annotation>