<?xml version="1.0" encoding="utf-8"?>
<annotation>
	<source>
		<filename>1649.tif</filename>
		<origin>GF2/GF3</origin>
	</source>
	<research>
		<version>1.0</version>
		<provider>FAIR1M</provider>
		<author>Cyber</author>
		<pluginname>FAIR1M</pluginname>
		<pluginclass>object detection</pluginclass>
		<time>2021-07-21</time>
	</research>
	<size>
		<width>1500</width>
		<height>1500</height>
		<depth>3</depth>
	</size>
	<objects>
		<object>
			<coordinate>pixel</coordinate>
			<type>rectangle</type>
			<description>None</description>
			<possibleresult>
				<name>Dry Cargo Ship</name>
			</possibleresult>
			<points>
				<point>835.000000,379.000000</point>
				<point>786.000000,345.000000</point>
				<point>774.000000,364.000000</point>
				<point>823.000000,397.000000</point>
				<point>835.000000,379.000000</point>
			</points>
		</object>
	</objects>
</annotation>