<?xml version="1.0" encoding="utf-8"?>
<annotation>
	<source>
		<filename>166.tif</filename>
		<origin>GF2/GF3</origin>
	</source>
	<research>
		<version>1.0</version>
		<provider>FAIR1M</provider>
		<author>Cyber</author>
		<pluginname>FAIR1M</pluginname>
		<pluginclass>object detection</pluginclass>
		<time>2021-07-21</time>
	</research>
	<size>
		<width>1000</width>
		<height>1000</height>
		<depth>3</depth>
	</size>
	<objects>
		<object>
			<coordinate>pixel</coordinate>
			<type>rectangle</type>
			<description>None</description>
			<possibleresult>
				<name>Van</name>
			</possibleresult>
			<points>
				<point>45.999985,357.000000</point>
				<point>36.999985,363.000000</point>
				<point>28.692291,350.538452</point>
				<point>37.692291,344.538452</point>
				<point>45.999985,357.000000</point>
			</points>
		</object>
		<object>
			<coordinate>pixel</coordinate>
			<type>rectangle</type>
			<description>None</description>
			<possibleresult>
				<name>Dump Truck</name>
			</possibleresult>
			<points>
				<point>187.000000,383.000031</point>
				<point>177.164948,387.371185</point>
				<point>169.000000,369.000031</point>
				<point>178.835052,364.628876</point>
				<point>187.000000,383.000031</point>
			</points>
		</object>
		<object>
			<coordinate>pixel</coordinate>
			<type>rectangle</type>
			<description>None</description>
			<possibleresult>
				<name>Small Car</name>
			</possibleresult>
			<points>
				<point>0.000000,513.571472</point>
				<point>0.000000,508.625000</point>
				<point>5.999987,506.000000</point>
				<point>12.999987,522.000000</point>
				<point>0.000000,513.571472</point>
			</points>
		</object>
		<object>
			<coordinate>pixel</coordinate>
			<type>rectangle</type>
			<description>None</description>
			<possibleresult>
				<name>Small Car</name>
			</possibleresult>
			<points>
				<point>250.000000,627.000061</point>
				<point>242.110718,631.207703</point>
				<point>234.000000,616.000061</point>
				<point>241.889282,611.792419</point>
				<point>250.000000,627.000061</point>
			</points>
		</object>
		<object>
			<coordinate>pixel</coordinate>
			<type>rectangle</type>
			<description>None</description>
			<possibleresult>
				<name>Van</name>
			</possibleresult>
			<points>
				<point>183.000000,482.000000</point>
				<point>174.206909,485.517212</point>
				<point>168.000000,470.000000</point>
				<point>176.793091,466.482788</point>
				<point>183.000000,482.000000</point>
			</points>
		</object>
		<object>
			<coordinate>pixel</coordinate>
			<type>rectangle</type>
			<description>None</description>
			<possibleresult>
				<name>Van</name>
			</possibleresult>
			<points>
				<point>29.200001,869.600098</point>
				<point>22.200003,883.600098</point>
				<point>15.000003,880.000122</point>
				<point>22.000002,866.000122</point>
				<point>29.200001,869.600098</point>
			</points>
		</object>
		<object>
			<coordinate>pixel</coordinate>
			<type>rectangle</type>
			<description>None</description>
			<possibleresult>
				<name>Van</name>
			</possibleresult>
			<points>
				<point>105.000008,924.000061</point>
				<point>102.938866,939.458557</point>
				<point>92.000008,938.000061</point>
				<point>94.061150,922.541565</point>
				<point>105.000008,924.000061</point>
			</points>
		</object>
		<object>
			<coordinate>pixel</coordinate>
			<type>rectangle</type>
			<description>None</description>
			<possibleresult>
				<name>Small Car</name>
			</possibleresult>
			<points>
				<point>458.235291,960.941223</point>
				<point>438.000000,966.000061</point>
				<point>436.000000,958.000061</point>
				<point>456.235291,952.941223</point>
				<point>458.235291,960.941223</point>
			</points>
		</object>
		<object>
			<coordinate>pixel</coordinate>
			<type>rectangle</type>
			<description>None</description>
			<possibleresult>
				<name>Van</name>
			</possibleresult>
			<points>
				<point>703.692261,534.538391</point>
				<point>688.000000,544.999939</point>
				<point>684.307739,539.461487</point>
				<point>700.000000,528.999939</point>
				<point>703.692261,534.538391</point>
			</points>
		</object>
		<object>
			<coordinate>pixel</coordinate>
			<type>rectangle</type>
			<description>None</description>
			<possibleresult>
				<name>Small Car</name>
			</possibleresult>
			<points>
				<point>649.722229,0.000000</point>
				<point>651.800049,0.000000</point>
				<point>659.000000,1.999987</point>
				<point>654.000000,19.999987</point>
				<point>649.722229,0.000000</point>
			</points>
		</object>
		<object>
			<coordinate>pixel</coordinate>
			<type>rectangle</type>
			<description>None</description>
			<possibleresult>
				<name>Van</name>
			</possibleresult>
			<points>
				<point>138.787582,31.792747</point>
				<point>119.787582,36.792747</point>
				<point>118.000015,30.000000</point>
				<point>137.000015,25.000000</point>
				<point>138.787582,31.792747</point>
			</points>
		</object>
		<object>
			<coordinate>pixel</coordinate>
			<type>rectangle</type>
			<description>None</description>
			<possibleresult>
				<name>Van</name>
			</possibleresult>
			<points>
				<point>166.037720,25.132078</point>
				<point>149.000000,30.000002</point>
				<point>147.000000,23.000002</point>
				<point>164.037720,18.132078</point>
				<point>166.037720,25.132078</point>
			</points>
		</object>
		<object>
			<coordinate>pixel</coordinate>
			<type>rectangle</type>
			<description>None</description>
			<possibleresult>
				<name>Van</name>
			</possibleresult>
			<points>
				<point>268.000000,1.999996</point>
				<point>257.600037,1.999996</point>
				<point>257.600037,0.000000</point>
				<point>268.000000,0.000000</point>
				<point>268.000000,1.999996</point>
			</points>
		</object>
		<object>
			<coordinate>pixel</coordinate>
			<type>rectangle</type>
			<description>None</description>
			<possibleresult>
				<name>Van</name>
			</possibleresult>
			<points>
				<point>405.000000,873.000122</point>
				<point>404.435791,882.027344</point>
				<point>388.435791,881.027344</point>
				<point>389.000000,872.000122</point>
				<point>405.000000,873.000122</point>
			</points>
		</object>
		<object>
			<coordinate>pixel</coordinate>
			<type>rectangle</type>
			<description>None</description>
			<possibleresult>
				<name>Van</name>
			</possibleresult>
			<points>
				<point>921.999939,650.000000</point>
				<point>918.096619,655.074341</point>
				<point>904.999939,645.000000</point>
				<point>908.903259,639.925659</point>
				<point>921.999939,650.000000</point>
			</points>
		</object>
	</objects>
</annotation>