<?xml version="1.0" encoding="utf-8"?>
<annotation>
	<source>
		<filename>167.tif</filename>
		<origin>GF2/GF3</origin>
	</source>
	<research>
		<version>1.0</version>
		<provider>FAIR1M</provider>
		<author>Cyber</author>
		<pluginname>FAIR1M</pluginname>
		<pluginclass>object detection</pluginclass>
		<time>2021-07-21</time>
	</research>
	<size>
		<width>1000</width>
		<height>1000</height>
		<depth>3</depth>
	</size>
	<objects>
		<object>
			<coordinate>pixel</coordinate>
			<type>rectangle</type>
			<description>None</description>
			<possibleresult>
				<name>A220</name>
			</possibleresult>
			<points>
				<point>776.000000,923.000000</point>
				<point>801.000000,964.000000</point>
				<point>838.000000,942.000000</point>
				<point>813.000000,902.000000</point>
				<point>776.000000,923.000000</point>
			</points>
		</object>
		<object>
			<coordinate>pixel</coordinate>
			<type>rectangle</type>
			<description>None</description>
			<possibleresult>
				<name>Bridge</name>
			</possibleresult>
			<points>
				<point>227.000000,310.000000</point>
				<point>217.000000,277.000000</point>
				<point>239.000000,270.000000</point>
				<point>249.000000,303.000000</point>
				<point>227.000000,310.000000</point>
			</points>
		</object>
		<object>
			<coordinate>pixel</coordinate>
			<type>rectangle</type>
			<description>None</description>
			<possibleresult>
				<name>Bridge</name>
			</possibleresult>
			<points>
				<point>884.000000,132.000000</point>
				<point>878.000000,112.000000</point>
				<point>882.000000,111.000000</point>
				<point>888.000000,131.000000</point>
				<point>884.000000,132.000000</point>
			</points>
		</object>
		<object>
			<coordinate>pixel</coordinate>
			<type>rectangle</type>
			<description>None</description>
			<possibleresult>
				<name>Bridge</name>
			</possibleresult>
			<points>
				<point>952.000000,115.000000</point>
				<point>948.000000,92.000000</point>
				<point>954.000000,91.000000</point>
				<point>957.000000,114.000000</point>
				<point>952.000000,115.000000</point>
			</points>
		</object>
	</objects>
</annotation>