<?xml version="1.0" encoding="utf-8"?>
<annotation>
	<source>
		<filename>1673.tif</filename>
		<origin>GF2/GF3</origin>
	</source>
	<research>
		<version>1.0</version>
		<provider>FAIR1M</provider>
		<author>Cyber</author>
		<pluginname>FAIR1M</pluginname>
		<pluginclass>object detection</pluginclass>
		<time>2021-07-21</time>
	</research>
	<size>
		<width>1000</width>
		<height>1000</height>
		<depth>3</depth>
	</size>
	<objects>
		<object>
			<coordinate>pixel</coordinate>
			<type>rectangle</type>
			<description>None</description>
			<possibleresult>
				<name>Van</name>
			</possibleresult>
			<points>
				<point>412.000000,121.000000</point>
				<point>392.000000,121.000000</point>
				<point>392.000000,115.000000</point>
				<point>412.000000,115.000000</point>
				<point>412.000000,121.000000</point>
			</points>
		</object>
		<object>
			<coordinate>pixel</coordinate>
			<type>rectangle</type>
			<description>None</description>
			<possibleresult>
				<name>Van</name>
			</possibleresult>
			<points>
				<point>218.000000,420.000000</point>
				<point>210.000000,420.000000</point>
				<point>210.000000,407.000000</point>
				<point>218.000000,407.000000</point>
				<point>218.000000,420.000000</point>
			</points>
		</object>
		<object>
			<coordinate>pixel</coordinate>
			<type>rectangle</type>
			<description>None</description>
			<possibleresult>
				<name>Small Car</name>
			</possibleresult>
			<points>
				<point>133.000015,697.000000</point>
				<point>132.302078,705.026245</point>
				<point>109.000015,703.000000</point>
				<point>109.697952,694.973755</point>
				<point>133.000015,697.000000</point>
			</points>
		</object>
		<object>
			<coordinate>pixel</coordinate>
			<type>rectangle</type>
			<description>None</description>
			<possibleresult>
				<name>Small Car</name>
			</possibleresult>
			<points>
				<point>338.000031,717.999939</point>
				<point>337.650970,726.028259</point>
				<point>314.650970,725.028259</point>
				<point>315.000031,716.999939</point>
				<point>338.000031,717.999939</point>
			</points>
		</object>
		<object>
			<coordinate>pixel</coordinate>
			<type>rectangle</type>
			<description>None</description>
			<possibleresult>
				<name>Small Car</name>
			</possibleresult>
			<points>
				<point>476.000000,740.000000</point>
				<point>452.000000,740.000000</point>
				<point>452.000000,731.000000</point>
				<point>476.000000,731.000000</point>
				<point>476.000000,740.000000</point>
			</points>
		</object>
		<object>
			<coordinate>pixel</coordinate>
			<type>rectangle</type>
			<description>None</description>
			<possibleresult>
				<name>Van</name>
			</possibleresult>
			<points>
				<point>799.000000,708.000000</point>
				<point>777.000000,708.000000</point>
				<point>777.000000,699.000000</point>
				<point>799.000000,699.000000</point>
				<point>799.000000,708.000000</point>
			</points>
		</object>
		<object>
			<coordinate>pixel</coordinate>
			<type>rectangle</type>
			<description>None</description>
			<possibleresult>
				<name>Van</name>
			</possibleresult>
			<points>
				<point>665.027710,613.498474</point>
				<point>656.000000,614.000061</point>
				<point>655.000000,596.000061</point>
				<point>664.027710,595.498474</point>
				<point>665.027710,613.498474</point>
			</points>
		</object>
		<object>
			<coordinate>pixel</coordinate>
			<type>rectangle</type>
			<description>None</description>
			<possibleresult>
				<name>Van</name>
			</possibleresult>
			<points>
				<point>708.276672,579.975098</point>
				<point>707.999939,588.000000</point>
				<point>678.999939,587.000000</point>
				<point>679.276672,578.975098</point>
				<point>708.276672,579.975098</point>
			</points>
		</object>
		<object>
			<coordinate>pixel</coordinate>
			<type>rectangle</type>
			<description>None</description>
			<possibleresult>
				<name>Small Car</name>
			</possibleresult>
			<points>
				<point>672.027710,550.501587</point>
				<point>671.027710,568.501587</point>
				<point>662.000000,568.000000</point>
				<point>663.000000,550.000000</point>
				<point>672.027710,550.501587</point>
			</points>
		</object>
		<object>
			<coordinate>pixel</coordinate>
			<type>rectangle</type>
			<description>None</description>
			<possibleresult>
				<name>Van</name>
			</possibleresult>
			<points>
				<point>646.000000,566.000000</point>
				<point>638.000000,566.000000</point>
				<point>638.000000,550.000000</point>
				<point>646.000000,550.000000</point>
				<point>646.000000,566.000000</point>
			</points>
		</object>
		<object>
			<coordinate>pixel</coordinate>
			<type>rectangle</type>
			<description>None</description>
			<possibleresult>
				<name>Dump Truck</name>
			</possibleresult>
			<points>
				<point>621.000000,567.000000</point>
				<point>611.000000,567.000000</point>
				<point>611.000000,547.000000</point>
				<point>621.000000,547.000000</point>
				<point>621.000000,567.000000</point>
			</points>
		</object>
		<object>
			<coordinate>pixel</coordinate>
			<type>rectangle</type>
			<description>None</description>
			<possibleresult>
				<name>Van</name>
			</possibleresult>
			<points>
				<point>881.000000,597.000000</point>
				<point>859.000000,597.000000</point>
				<point>859.000000,589.000000</point>
				<point>881.000000,589.000000</point>
				<point>881.000000,597.000000</point>
			</points>
		</object>
		<object>
			<coordinate>pixel</coordinate>
			<type>rectangle</type>
			<description>None</description>
			<possibleresult>
				<name>Small Car</name>
			</possibleresult>
			<points>
				<point>881.000000,587.000000</point>
				<point>857.000000,587.000000</point>
				<point>857.000000,579.000000</point>
				<point>881.000000,579.000000</point>
				<point>881.000000,587.000000</point>
			</points>
		</object>
		<object>
			<coordinate>pixel</coordinate>
			<type>rectangle</type>
			<description>None</description>
			<possibleresult>
				<name>Van</name>
			</possibleresult>
			<points>
				<point>942.299255,593.985046</point>
				<point>922.000061,595.000061</point>
				<point>921.700867,589.015076</point>
				<point>942.000061,588.000061</point>
				<point>942.299255,593.985046</point>
			</points>
		</object>
		<object>
			<coordinate>pixel</coordinate>
			<type>rectangle</type>
			<description>None</description>
			<possibleresult>
				<name>Van</name>
			</possibleresult>
			<points>
				<point>940.334412,578.027710</point>
				<point>916.334412,579.027710</point>
				<point>915.999939,571.000000</point>
				<point>939.999939,570.000000</point>
				<point>940.334412,578.027710</point>
			</points>
		</object>
		<object>
			<coordinate>pixel</coordinate>
			<type>rectangle</type>
			<description>None</description>
			<possibleresult>
				<name>Small Car</name>
			</possibleresult>
			<points>
				<point>880.347168,541.984924</point>
				<point>857.000000,543.000061</point>
				<point>856.652832,535.015198</point>
				<point>880.000000,534.000061</point>
				<point>880.347168,541.984924</point>
			</points>
		</object>
		<object>
			<coordinate>pixel</coordinate>
			<type>rectangle</type>
			<description>None</description>
			<possibleresult>
				<name>Van</name>
			</possibleresult>
			<points>
				<point>884.332947,530.987671</point>
				<point>857.000061,532.000000</point>
				<point>856.667175,523.012329</point>
				<point>884.000061,522.000000</point>
				<point>884.332947,530.987671</point>
			</points>
		</object>
		<object>
			<coordinate>pixel</coordinate>
			<type>rectangle</type>
			<description>None</description>
			<possibleresult>
				<name>Small Car</name>
			</possibleresult>
			<points>
				<point>879.000000,513.000000</point>
				<point>857.000000,513.000000</point>
				<point>857.000000,506.000000</point>
				<point>879.000000,506.000000</point>
				<point>879.000000,513.000000</point>
			</points>
		</object>
		<object>
			<coordinate>pixel</coordinate>
			<type>rectangle</type>
			<description>None</description>
			<possibleresult>
				<name>Small Car</name>
			</possibleresult>
			<points>
				<point>881.000000,504.000000</point>
				<point>858.000000,504.000000</point>
				<point>858.000000,496.000000</point>
				<point>881.000000,496.000000</point>
				<point>881.000000,504.000000</point>
			</points>
		</object>
		<object>
			<coordinate>pixel</coordinate>
			<type>rectangle</type>
			<description>None</description>
			<possibleresult>
				<name>Small Car</name>
			</possibleresult>
			<points>
				<point>882.000000,486.000000</point>
				<point>860.000000,486.000000</point>
				<point>860.000000,478.000000</point>
				<point>882.000000,478.000000</point>
				<point>882.000000,486.000000</point>
			</points>
		</object>
		<object>
			<coordinate>pixel</coordinate>
			<type>rectangle</type>
			<description>None</description>
			<possibleresult>
				<name>Small Car</name>
			</possibleresult>
			<points>
				<point>884.000000,476.000000</point>
				<point>861.000000,476.000000</point>
				<point>861.000000,469.000000</point>
				<point>884.000000,469.000000</point>
				<point>884.000000,476.000000</point>
			</points>
		</object>
		<object>
			<coordinate>pixel</coordinate>
			<type>rectangle</type>
			<description>None</description>
			<possibleresult>
				<name>Van</name>
			</possibleresult>
			<points>
				<point>882.000000,467.000000</point>
				<point>859.000000,467.000000</point>
				<point>859.000000,458.000000</point>
				<point>882.000000,458.000000</point>
				<point>882.000000,467.000000</point>
			</points>
		</object>
		<object>
			<coordinate>pixel</coordinate>
			<type>rectangle</type>
			<description>None</description>
			<possibleresult>
				<name>Van</name>
			</possibleresult>
			<points>
				<point>908.000000,264.000000</point>
				<point>905.000000,281.000000</point>
				<point>895.929565,279.399353</point>
				<point>898.929565,262.399353</point>
				<point>908.000000,264.000000</point>
			</points>
		</object>
		<object>
			<coordinate>pixel</coordinate>
			<type>rectangle</type>
			<description>None</description>
			<possibleresult>
				<name>Van</name>
			</possibleresult>
			<points>
				<point>880.000000,262.000000</point>
				<point>879.000000,276.000000</point>
				<point>870.969482,275.426392</point>
				<point>871.969482,261.426392</point>
				<point>880.000000,262.000000</point>
			</points>
		</object>
		<object>
			<coordinate>pixel</coordinate>
			<type>rectangle</type>
			<description>None</description>
			<possibleresult>
				<name>Small Car</name>
			</possibleresult>
			<points>
				<point>868.000122,261.000000</point>
				<point>866.960327,276.597351</point>
				<point>858.000122,276.000000</point>
				<point>859.039917,260.402649</point>
				<point>868.000122,261.000000</point>
			</points>
		</object>
		<object>
			<coordinate>pixel</coordinate>
			<type>rectangle</type>
			<description>None</description>
			<possibleresult>
				<name>Van</name>
			</possibleresult>
			<points>
				<point>857.000000,259.000000</point>
				<point>854.979492,276.174072</point>
				<point>845.000000,275.000000</point>
				<point>847.020508,257.825928</point>
				<point>857.000000,259.000000</point>
			</points>
		</object>
		<object>
			<coordinate>pixel</coordinate>
			<type>rectangle</type>
			<description>None</description>
			<possibleresult>
				<name>Van</name>
			</possibleresult>
			<points>
				<point>833.107727,255.138519</point>
				<point>830.984680,272.123138</point>
				<point>821.877014,270.984650</point>
				<point>824.000061,254.000031</point>
				<point>833.107727,255.138519</point>
			</points>
		</object>
		<object>
			<coordinate>pixel</coordinate>
			<type>rectangle</type>
			<description>None</description>
			<possibleresult>
				<name>Van</name>
			</possibleresult>
			<points>
				<point>840.000000,314.000000</point>
				<point>831.000000,314.000000</point>
				<point>831.000000,298.000000</point>
				<point>840.000000,298.000000</point>
				<point>840.000000,314.000000</point>
			</points>
		</object>
		<object>
			<coordinate>pixel</coordinate>
			<type>rectangle</type>
			<description>None</description>
			<possibleresult>
				<name>Small Car</name>
			</possibleresult>
			<points>
				<point>826.097534,296.121948</point>
				<point>824.097534,314.121948</point>
				<point>814.000000,313.000000</point>
				<point>816.000000,295.000000</point>
				<point>826.097534,296.121948</point>
			</points>
		</object>
		<object>
			<coordinate>pixel</coordinate>
			<type>rectangle</type>
			<description>None</description>
			<possibleresult>
				<name>Small Car</name>
			</possibleresult>
			<points>
				<point>805.000000,292.000000</point>
				<point>797.854980,309.352051</point>
				<point>787.896362,305.251465</point>
				<point>795.041382,287.899414</point>
				<point>805.000000,292.000000</point>
			</points>
		</object>
		<object>
			<coordinate>pixel</coordinate>
			<type>rectangle</type>
			<description>None</description>
			<possibleresult>
				<name>Small Car</name>
			</possibleresult>
			<points>
				<point>719.097290,257.816254</point>
				<point>710.000000,275.000031</point>
				<point>700.902710,270.183807</point>
				<point>710.000000,253.000031</point>
				<point>719.097290,257.816254</point>
			</points>
		</object>
		<object>
			<coordinate>pixel</coordinate>
			<type>rectangle</type>
			<description>None</description>
			<possibleresult>
				<name>Van</name>
			</possibleresult>
			<points>
				<point>704.123291,253.671204</point>
				<point>698.000000,270.000000</point>
				<point>690.000000,267.000000</point>
				<point>696.123291,250.671204</point>
				<point>704.123291,253.671204</point>
			</points>
		</object>
		<object>
			<coordinate>pixel</coordinate>
			<type>rectangle</type>
			<description>None</description>
			<possibleresult>
				<name>Small Car</name>
			</possibleresult>
			<points>
				<point>690.000000,250.000000</point>
				<point>685.000000,267.000000</point>
				<point>676.824829,264.595520</point>
				<point>681.824829,247.595520</point>
				<point>690.000000,250.000000</point>
			</points>
		</object>
		<object>
			<coordinate>pixel</coordinate>
			<type>rectangle</type>
			<description>None</description>
			<possibleresult>
				<name>Van</name>
			</possibleresult>
			<points>
				<point>676.100769,248.429565</point>
				<point>673.100769,265.429535</point>
				<point>665.000061,264.000000</point>
				<point>668.000061,247.000031</point>
				<point>676.100769,248.429565</point>
			</points>
		</object>
		<object>
			<coordinate>pixel</coordinate>
			<type>rectangle</type>
			<description>None</description>
			<possibleresult>
				<name>Small Car</name>
			</possibleresult>
			<points>
				<point>662.000000,264.000000</point>
				<point>653.000000,264.000000</point>
				<point>653.000000,247.000000</point>
				<point>662.000000,247.000000</point>
				<point>662.000000,264.000000</point>
			</points>
		</object>
		<object>
			<coordinate>pixel</coordinate>
			<type>rectangle</type>
			<description>None</description>
			<possibleresult>
				<name>Small Car</name>
			</possibleresult>
			<points>
				<point>636.000000,263.000000</point>
				<point>626.000000,263.000000</point>
				<point>626.000000,246.000000</point>
				<point>636.000000,246.000000</point>
				<point>636.000000,263.000000</point>
			</points>
		</object>
		<object>
			<coordinate>pixel</coordinate>
			<type>rectangle</type>
			<description>None</description>
			<possibleresult>
				<name>Van</name>
			</possibleresult>
			<points>
				<point>739.069031,218.827621</point>
				<point>733.000061,234.000046</point>
				<point>725.931091,231.172470</point>
				<point>732.000061,216.000046</point>
				<point>739.069031,218.827621</point>
			</points>
		</object>
		<object>
			<coordinate>pixel</coordinate>
			<type>rectangle</type>
			<description>None</description>
			<possibleresult>
				<name>Small Car</name>
			</possibleresult>
			<points>
				<point>611.000000,262.000000</point>
				<point>603.000000,262.000000</point>
				<point>603.000000,247.000000</point>
				<point>611.000000,247.000000</point>
				<point>611.000000,262.000000</point>
			</points>
		</object>
		<object>
			<coordinate>pixel</coordinate>
			<type>rectangle</type>
			<description>None</description>
			<possibleresult>
				<name>Van</name>
			</possibleresult>
			<points>
				<point>591.000000,218.000000</point>
				<point>584.000000,218.000000</point>
				<point>584.000000,208.000000</point>
				<point>591.000000,208.000000</point>
				<point>591.000000,218.000000</point>
			</points>
		</object>
		<object>
			<coordinate>pixel</coordinate>
			<type>rectangle</type>
			<description>None</description>
			<possibleresult>
				<name>Van</name>
			</possibleresult>
			<points>
				<point>408.000000,460.000000</point>
				<point>392.000000,460.000000</point>
				<point>392.000000,453.000000</point>
				<point>408.000000,453.000000</point>
				<point>408.000000,460.000000</point>
			</points>
		</object>
		<object>
			<coordinate>pixel</coordinate>
			<type>rectangle</type>
			<description>None</description>
			<possibleresult>
				<name>Van</name>
			</possibleresult>
			<points>
				<point>436.000031,510.999969</point>
				<point>419.000031,511.999969</point>
				<point>418.527618,503.968964</point>
				<point>435.527618,502.968964</point>
				<point>436.000031,510.999969</point>
			</points>
		</object>
		<object>
			<coordinate>pixel</coordinate>
			<type>rectangle</type>
			<description>None</description>
			<possibleresult>
				<name>Van</name>
			</possibleresult>
			<points>
				<point>127.000000,202.000000</point>
				<point>115.000000,202.000000</point>
				<point>115.000000,196.000000</point>
				<point>127.000000,196.000000</point>
				<point>127.000000,202.000000</point>
			</points>
		</object>
	</objects>
</annotation>