<?xml version="1.0" encoding="utf-8"?>
<annotation>
	<source>
		<filename>1674.tif</filename>
		<origin>GF2/GF3</origin>
	</source>
	<research>
		<version>1.0</version>
		<provider>FAIR1M</provider>
		<author>Cyber</author>
		<pluginname>FAIR1M</pluginname>
		<pluginclass>object detection</pluginclass>
		<time>2021-07-21</time>
	</research>
	<size>
		<width>1000</width>
		<height>1000</height>
		<depth>3</depth>
	</size>
	<objects>
		<object>
			<coordinate>pixel</coordinate>
			<type>rectangle</type>
			<description>None</description>
			<possibleresult>
				<name>other-airplane</name>
			</possibleresult>
			<points>
				<point>545.000000,289.000000</point>
				<point>565.000000,295.000000</point>
				<point>572.000000,274.000000</point>
				<point>552.000000,268.000000</point>
				<point>545.000000,289.000000</point>
			</points>
		</object>
		<object>
			<coordinate>pixel</coordinate>
			<type>rectangle</type>
			<description>None</description>
			<possibleresult>
				<name>other-airplane</name>
			</possibleresult>
			<points>
				<point>470.000000,336.000000</point>
				<point>488.000000,341.000000</point>
				<point>494.000000,321.000000</point>
				<point>476.000000,316.000000</point>
				<point>470.000000,336.000000</point>
			</points>
		</object>
		<object>
			<coordinate>pixel</coordinate>
			<type>rectangle</type>
			<description>None</description>
			<possibleresult>
				<name>other-airplane</name>
			</possibleresult>
			<points>
				<point>364.000000,417.000000</point>
				<point>391.000000,399.000000</point>
				<point>375.000000,373.000000</point>
				<point>347.000000,391.000000</point>
				<point>364.000000,417.000000</point>
			</points>
		</object>
		<object>
			<coordinate>pixel</coordinate>
			<type>rectangle</type>
			<description>None</description>
			<possibleresult>
				<name>other-airplane</name>
			</possibleresult>
			<points>
				<point>337.000000,375.000000</point>
				<point>367.000000,354.000000</point>
				<point>346.000000,324.000000</point>
				<point>316.000000,345.000000</point>
				<point>337.000000,375.000000</point>
			</points>
		</object>
		<object>
			<coordinate>pixel</coordinate>
			<type>rectangle</type>
			<description>None</description>
			<possibleresult>
				<name>other-airplane</name>
			</possibleresult>
			<points>
				<point>309.000000,329.000000</point>
				<point>339.000000,310.000000</point>
				<point>319.000000,280.000000</point>
				<point>290.000000,300.000000</point>
				<point>309.000000,329.000000</point>
			</points>
		</object>
		<object>
			<coordinate>pixel</coordinate>
			<type>rectangle</type>
			<description>None</description>
			<possibleresult>
				<name>other-airplane</name>
			</possibleresult>
			<points>
				<point>239.000000,402.000000</point>
				<point>217.000000,417.000000</point>
				<point>231.000000,437.000000</point>
				<point>253.000000,423.000000</point>
				<point>239.000000,402.000000</point>
			</points>
		</object>
		<object>
			<coordinate>pixel</coordinate>
			<type>rectangle</type>
			<description>None</description>
			<possibleresult>
				<name>other-airplane</name>
			</possibleresult>
			<points>
				<point>179.000000,309.000000</point>
				<point>146.000000,329.000000</point>
				<point>166.000000,361.000000</point>
				<point>199.000000,340.000000</point>
				<point>179.000000,309.000000</point>
			</points>
		</object>
		<object>
			<coordinate>pixel</coordinate>
			<type>rectangle</type>
			<description>None</description>
			<possibleresult>
				<name>other-airplane</name>
			</possibleresult>
			<points>
				<point>85.000000,473.000000</point>
				<point>109.000000,457.000000</point>
				<point>92.000000,430.000000</point>
				<point>67.000000,446.000000</point>
				<point>85.000000,473.000000</point>
			</points>
		</object>
		<object>
			<coordinate>pixel</coordinate>
			<type>rectangle</type>
			<description>None</description>
			<possibleresult>
				<name>other-airplane</name>
			</possibleresult>
			<points>
				<point>18.000000,608.000000</point>
				<point>-14.000000,629.000000</point>
				<point>5.000000,659.000000</point>
				<point>37.000000,638.000000</point>
				<point>18.000000,608.000000</point>
			</points>
		</object>
		<object>
			<coordinate>pixel</coordinate>
			<type>rectangle</type>
			<description>None</description>
			<possibleresult>
				<name>other-airplane</name>
			</possibleresult>
			<points>
				<point>56.000000,428.000000</point>
				<point>81.000000,412.000000</point>
				<point>64.000000,386.000000</point>
				<point>40.000000,401.000000</point>
				<point>56.000000,428.000000</point>
			</points>
		</object>
	</objects>
</annotation>