<?xml version="1.0" encoding="utf-8"?>
<annotation>
	<source>
		<filename>1684.tif</filename>
		<origin>GF2/GF3</origin>
	</source>
	<research>
		<version>1.0</version>
		<provider>FAIR1M</provider>
		<author>Cyber</author>
		<pluginname>FAIR1M</pluginname>
		<pluginclass>object detection</pluginclass>
		<time>2021-07-21</time>
	</research>
	<size>
		<width>1500</width>
		<height>1500</height>
		<depth>3</depth>
	</size>
	<objects>
		<object>
			<coordinate>pixel</coordinate>
			<type>rectangle</type>
			<description>None</description>
			<possibleresult>
				<name>Dry Cargo Ship</name>
			</possibleresult>
			<points>
				<point>1443.000000,318.000000</point>
				<point>1470.000000,406.000000</point>
				<point>1496.000000,398.000000</point>
				<point>1470.000000,310.000000</point>
				<point>1443.000000,318.000000</point>
			</points>
		</object>
		<object>
			<coordinate>pixel</coordinate>
			<type>rectangle</type>
			<description>None</description>
			<possibleresult>
				<name>Liquid Cargo Ship</name>
			</possibleresult>
			<points>
				<point>1321.000000,744.000000</point>
				<point>1303.000000,695.000000</point>
				<point>1286.000000,702.000000</point>
				<point>1304.000000,750.000000</point>
				<point>1321.000000,744.000000</point>
			</points>
		</object>
		<object>
			<coordinate>pixel</coordinate>
			<type>rectangle</type>
			<description>None</description>
			<possibleresult>
				<name>Engineering Ship</name>
			</possibleresult>
			<points>
				<point>894.000000,271.000000</point>
				<point>857.000000,298.000000</point>
				<point>870.000000,315.000000</point>
				<point>906.000000,288.000000</point>
				<point>894.000000,271.000000</point>
			</points>
		</object>
		<object>
			<coordinate>pixel</coordinate>
			<type>rectangle</type>
			<description>None</description>
			<possibleresult>
				<name>Dry Cargo Ship</name>
			</possibleresult>
			<points>
				<point>791.000000,195.000000</point>
				<point>815.000000,162.000000</point>
				<point>805.000000,154.000000</point>
				<point>780.000000,188.000000</point>
				<point>791.000000,195.000000</point>
			</points>
		</object>
		<object>
			<coordinate>pixel</coordinate>
			<type>rectangle</type>
			<description>None</description>
			<possibleresult>
				<name>Dry Cargo Ship</name>
			</possibleresult>
			<points>
				<point>643.000000,247.000000</point>
				<point>664.000000,187.000000</point>
				<point>649.000000,182.000000</point>
				<point>627.000000,243.000000</point>
				<point>643.000000,247.000000</point>
			</points>
		</object>
		<object>
			<coordinate>pixel</coordinate>
			<type>rectangle</type>
			<description>None</description>
			<possibleresult>
				<name>Dry Cargo Ship</name>
			</possibleresult>
			<points>
				<point>536.000000,234.000000</point>
				<point>495.000000,263.000000</point>
				<point>502.000000,276.000000</point>
				<point>546.000000,245.000000</point>
				<point>536.000000,234.000000</point>
			</points>
		</object>
		<object>
			<coordinate>pixel</coordinate>
			<type>rectangle</type>
			<description>None</description>
			<possibleresult>
				<name>Dry Cargo Ship</name>
			</possibleresult>
			<points>
				<point>239.000000,295.000000</point>
				<point>207.000000,276.000000</point>
				<point>202.000000,286.000000</point>
				<point>232.000000,304.000000</point>
				<point>239.000000,295.000000</point>
			</points>
		</object>
		<object>
			<coordinate>pixel</coordinate>
			<type>rectangle</type>
			<description>None</description>
			<possibleresult>
				<name>Dry Cargo Ship</name>
			</possibleresult>
			<points>
				<point>294.000000,375.000000</point>
				<point>308.000000,343.000000</point>
				<point>297.000000,337.000000</point>
				<point>281.000000,369.000000</point>
				<point>294.000000,375.000000</point>
			</points>
		</object>
		<object>
			<coordinate>pixel</coordinate>
			<type>rectangle</type>
			<description>None</description>
			<possibleresult>
				<name>Dry Cargo Ship</name>
			</possibleresult>
			<points>
				<point>128.000000,386.000000</point>
				<point>140.000000,334.000000</point>
				<point>125.000000,331.000000</point>
				<point>115.000000,382.000000</point>
				<point>128.000000,386.000000</point>
			</points>
		</object>
		<object>
			<coordinate>pixel</coordinate>
			<type>rectangle</type>
			<description>None</description>
			<possibleresult>
				<name>Dry Cargo Ship</name>
			</possibleresult>
			<points>
				<point>284.000000,414.000000</point>
				<point>285.000000,470.000000</point>
				<point>303.000000,470.000000</point>
				<point>301.000000,413.000000</point>
				<point>284.000000,414.000000</point>
			</points>
		</object>
		<object>
			<coordinate>pixel</coordinate>
			<type>rectangle</type>
			<description>None</description>
			<possibleresult>
				<name>Fishing Boat</name>
			</possibleresult>
			<points>
				<point>1301.000000,1198.000000</point>
				<point>1289.000000,1163.000000</point>
				<point>1279.000000,1167.000000</point>
				<point>1292.000000,1203.000000</point>
				<point>1301.000000,1198.000000</point>
			</points>
		</object>
		<object>
			<coordinate>pixel</coordinate>
			<type>rectangle</type>
			<description>None</description>
			<possibleresult>
				<name>Fishing Boat</name>
			</possibleresult>
			<points>
				<point>1311.000000,1232.000000</point>
				<point>1306.000000,1214.000000</point>
				<point>1300.000000,1217.000000</point>
				<point>1305.000000,1234.000000</point>
				<point>1311.000000,1232.000000</point>
			</points>
		</object>
		<object>
			<coordinate>pixel</coordinate>
			<type>rectangle</type>
			<description>None</description>
			<possibleresult>
				<name>Fishing Boat</name>
			</possibleresult>
			<points>
				<point>1297.000000,1232.000000</point>
				<point>1292.000000,1215.000000</point>
				<point>1285.000000,1217.000000</point>
				<point>1291.000000,1234.000000</point>
				<point>1297.000000,1232.000000</point>
			</points>
		</object>
		<object>
			<coordinate>pixel</coordinate>
			<type>rectangle</type>
			<description>None</description>
			<possibleresult>
				<name>Fishing Boat</name>
			</possibleresult>
			<points>
				<point>1273.000000,1238.000000</point>
				<point>1265.000000,1213.000000</point>
				<point>1257.000000,1215.000000</point>
				<point>1266.000000,1242.000000</point>
				<point>1273.000000,1238.000000</point>
			</points>
		</object>
		<object>
			<coordinate>pixel</coordinate>
			<type>rectangle</type>
			<description>None</description>
			<possibleresult>
				<name>Passenger Ship</name>
			</possibleresult>
			<points>
				<point>1286.000000,1236.000000</point>
				<point>1273.000000,1195.000000</point>
				<point>1263.000000,1197.000000</point>
				<point>1277.000000,1238.000000</point>
				<point>1286.000000,1236.000000</point>
			</points>
		</object>
		<object>
			<coordinate>pixel</coordinate>
			<type>rectangle</type>
			<description>None</description>
			<possibleresult>
				<name>Fishing Boat</name>
			</possibleresult>
			<points>
				<point>1038.000000,1220.000000</point>
				<point>1020.000000,1211.000000</point>
				<point>1018.000000,1215.000000</point>
				<point>1034.000000,1225.000000</point>
				<point>1038.000000,1220.000000</point>
			</points>
		</object>
		<object>
			<coordinate>pixel</coordinate>
			<type>rectangle</type>
			<description>None</description>
			<possibleresult>
				<name>other-ship</name>
			</possibleresult>
			<points>
				<point>956.000000,1167.000000</point>
				<point>961.000000,1179.000000</point>
				<point>970.000000,1176.000000</point>
				<point>965.000000,1163.000000</point>
				<point>956.000000,1167.000000</point>
			</points>
		</object>
		<object>
			<coordinate>pixel</coordinate>
			<type>rectangle</type>
			<description>None</description>
			<possibleresult>
				<name>Fishing Boat</name>
			</possibleresult>
			<points>
				<point>916.000000,1276.000000</point>
				<point>911.000000,1255.000000</point>
				<point>907.000000,1256.000000</point>
				<point>911.000000,1277.000000</point>
				<point>916.000000,1276.000000</point>
			</points>
		</object>
		<object>
			<coordinate>pixel</coordinate>
			<type>rectangle</type>
			<description>None</description>
			<possibleresult>
				<name>Dry Cargo Ship</name>
			</possibleresult>
			<points>
				<point>825.000000,1463.000000</point>
				<point>808.000000,1413.000000</point>
				<point>792.000000,1420.000000</point>
				<point>807.000000,1470.000000</point>
				<point>825.000000,1463.000000</point>
			</points>
		</object>
		<object>
			<coordinate>pixel</coordinate>
			<type>rectangle</type>
			<description>None</description>
			<possibleresult>
				<name>Dry Cargo Ship</name>
			</possibleresult>
			<points>
				<point>808.000000,1410.000000</point>
				<point>792.000000,1364.000000</point>
				<point>776.000000,1370.000000</point>
				<point>793.000000,1415.000000</point>
				<point>808.000000,1410.000000</point>
			</points>
		</object>
	</objects>
</annotation>