<?xml version="1.0" encoding="utf-8"?>
<annotation>
	<source>
		<filename>169.tif</filename>
		<origin>GF2/GF3</origin>
	</source>
	<research>
		<version>1.0</version>
		<provider>FAIR1M</provider>
		<author>Cyber</author>
		<pluginname>FAIR1M</pluginname>
		<pluginclass>object detection</pluginclass>
		<time>2021-07-21</time>
	</research>
	<size>
		<width>1000</width>
		<height>1000</height>
		<depth>3</depth>
	</size>
	<objects>
		<object>
			<coordinate>pixel</coordinate>
			<type>rectangle</type>
			<description>None</description>
			<possibleresult>
				<name>Small Car</name>
			</possibleresult>
			<points>
				<point>65.000000,19.999996</point>
				<point>60.127316,27.087528</point>
				<point>43.999996,15.999996</point>
				<point>48.872677,8.912464</point>
				<point>65.000000,19.999996</point>
			</points>
		</object>
		<object>
			<coordinate>pixel</coordinate>
			<type>rectangle</type>
			<description>None</description>
			<possibleresult>
				<name>Van</name>
			</possibleresult>
			<points>
				<point>81.264709,29.558823</point>
				<point>77.823532,35.294117</point>
				<point>63.558823,26.735294</point>
				<point>67.000000,21.000000</point>
				<point>81.264709,29.558823</point>
			</points>
		</object>
		<object>
			<coordinate>pixel</coordinate>
			<type>rectangle</type>
			<description>None</description>
			<possibleresult>
				<name>Van</name>
			</possibleresult>
			<points>
				<point>99.441177,39.264713</point>
				<point>96.000000,45.000004</point>
				<point>80.558823,35.735294</point>
				<point>84.000000,30.000004</point>
				<point>99.441177,39.264713</point>
			</points>
		</object>
		<object>
			<coordinate>pixel</coordinate>
			<type>rectangle</type>
			<description>None</description>
			<possibleresult>
				<name>Small Car</name>
			</possibleresult>
			<points>
				<point>56.400002,40.200001</point>
				<point>53.000000,47.000004</point>
				<point>36.599998,38.800007</point>
				<point>40.000000,32.000004</point>
				<point>56.400002,40.200001</point>
			</points>
		</object>
		<object>
			<coordinate>pixel</coordinate>
			<type>rectangle</type>
			<description>None</description>
			<possibleresult>
				<name>Small Car</name>
			</possibleresult>
			<points>
				<point>126.000008,55.000004</point>
				<point>122.179787,61.112362</point>
				<point>106.000008,51.000004</point>
				<point>109.820229,44.887646</point>
				<point>126.000008,55.000004</point>
			</points>
		</object>
		<object>
			<coordinate>pixel</coordinate>
			<type>rectangle</type>
			<description>None</description>
			<possibleresult>
				<name>Small Car</name>
			</possibleresult>
			<points>
				<point>146.000000,68.000000</point>
				<point>142.000000,74.000000</point>
				<point>127.000000,64.000000</point>
				<point>131.000000,58.000000</point>
				<point>146.000000,68.000000</point>
			</points>
		</object>
		<object>
			<coordinate>pixel</coordinate>
			<type>rectangle</type>
			<description>None</description>
			<possibleresult>
				<name>Small Car</name>
			</possibleresult>
			<points>
				<point>161.606506,77.389900</point>
				<point>158.000000,83.000008</point>
				<point>144.000000,74.000008</point>
				<point>147.606506,68.389900</point>
				<point>161.606506,77.389900</point>
			</points>
		</object>
		<object>
			<coordinate>pixel</coordinate>
			<type>rectangle</type>
			<description>None</description>
			<possibleresult>
				<name>Van</name>
			</possibleresult>
			<points>
				<point>204.000015,101.999992</point>
				<point>200.179794,108.112358</point>
				<point>183.910141,97.943825</point>
				<point>187.730362,91.831459</point>
				<point>204.000015,101.999992</point>
			</points>
		</object>
		<object>
			<coordinate>pixel</coordinate>
			<type>rectangle</type>
			<description>None</description>
			<possibleresult>
				<name>Small Car</name>
			</possibleresult>
			<points>
				<point>222.911758,113.147049</point>
				<point>219.911758,118.147049</point>
				<point>202.999985,108.000000</point>
				<point>205.999985,103.000000</point>
				<point>222.911758,113.147049</point>
			</points>
		</object>
		<object>
			<coordinate>pixel</coordinate>
			<type>rectangle</type>
			<description>None</description>
			<possibleresult>
				<name>Small Car</name>
			</possibleresult>
			<points>
				<point>274.000000,144.000000</point>
				<point>270.179779,150.112366</point>
				<point>254.179794,140.112366</point>
				<point>258.000031,134.000000</point>
				<point>274.000000,144.000000</point>
			</points>
		</object>
		<object>
			<coordinate>pixel</coordinate>
			<type>rectangle</type>
			<description>None</description>
			<possibleresult>
				<name>Van</name>
			</possibleresult>
			<points>
				<point>293.999969,154.000015</point>
				<point>290.349579,160.205673</point>
				<point>272.999969,150.000015</point>
				<point>276.650360,143.794357</point>
				<point>293.999969,154.000015</point>
			</points>
		</object>
		<object>
			<coordinate>pixel</coordinate>
			<type>rectangle</type>
			<description>None</description>
			<possibleresult>
				<name>Small Car</name>
			</possibleresult>
			<points>
				<point>379.763885,205.525192</point>
				<point>375.999969,210.999985</point>
				<point>359.999969,199.999985</point>
				<point>363.763885,194.525192</point>
				<point>379.763885,205.525192</point>
			</points>
		</object>
		<object>
			<coordinate>pixel</coordinate>
			<type>rectangle</type>
			<description>None</description>
			<possibleresult>
				<name>Small Car</name>
			</possibleresult>
			<points>
				<point>346.500031,334.500031</point>
				<point>333.500031,347.500031</point>
				<point>327.000031,341.000031</point>
				<point>340.000031,328.000031</point>
				<point>346.500031,334.500031</point>
			</points>
		</object>
		<object>
			<coordinate>pixel</coordinate>
			<type>rectangle</type>
			<description>None</description>
			<possibleresult>
				<name>Van</name>
			</possibleresult>
			<points>
				<point>465.000061,233.000031</point>
				<point>453.500061,244.500031</point>
				<point>447.000061,238.000031</point>
				<point>458.500061,226.500031</point>
				<point>465.000061,233.000031</point>
			</points>
		</object>
		<object>
			<coordinate>pixel</coordinate>
			<type>rectangle</type>
			<description>None</description>
			<possibleresult>
				<name>Small Car</name>
			</possibleresult>
			<points>
				<point>489.000061,212.000046</point>
				<point>477.000061,224.000046</point>
				<point>471.000061,218.000046</point>
				<point>483.000061,206.000046</point>
				<point>489.000061,212.000046</point>
			</points>
		</object>
		<object>
			<coordinate>pixel</coordinate>
			<type>rectangle</type>
			<description>None</description>
			<possibleresult>
				<name>Van</name>
			</possibleresult>
			<points>
				<point>544.000000,165.000000</point>
				<point>531.000000,177.000000</point>
				<point>526.667725,172.306702</point>
				<point>539.667725,160.306702</point>
				<point>544.000000,165.000000</point>
			</points>
		</object>
		<object>
			<coordinate>pixel</coordinate>
			<type>rectangle</type>
			<description>None</description>
			<possibleresult>
				<name>Van</name>
			</possibleresult>
			<points>
				<point>563.000000,150.000015</point>
				<point>549.750854,162.230057</point>
				<point>544.000000,156.000015</point>
				<point>557.249146,143.769974</point>
				<point>563.000000,150.000015</point>
			</points>
		</object>
		<object>
			<coordinate>pixel</coordinate>
			<type>rectangle</type>
			<description>None</description>
			<possibleresult>
				<name>Small Car</name>
			</possibleresult>
			<points>
				<point>583.190369,133.835037</point>
				<point>568.000061,147.000015</point>
				<point>563.809753,142.164993</point>
				<point>579.000061,129.000015</point>
				<point>583.190369,133.835037</point>
			</points>
		</object>
		<object>
			<coordinate>pixel</coordinate>
			<type>rectangle</type>
			<description>None</description>
			<possibleresult>
				<name>Van</name>
			</possibleresult>
			<points>
				<point>600.249023,119.728302</point>
				<point>589.000000,132.000000</point>
				<point>582.750977,126.271698</point>
				<point>594.000000,114.000000</point>
				<point>600.249023,119.728302</point>
			</points>
		</object>
		<object>
			<coordinate>pixel</coordinate>
			<type>rectangle</type>
			<description>None</description>
			<possibleresult>
				<name>Intersection</name>
			</possibleresult>
			<points>
				<point>678.472961,63.337837</point>
				<point>657.999939,91.999992</point>
				<point>622.526917,66.662148</point>
				<point>642.999939,37.999992</point>
				<point>678.472961,63.337837</point>
			</points>
		</object>
		<object>
			<coordinate>pixel</coordinate>
			<type>rectangle</type>
			<description>None</description>
			<possibleresult>
				<name>Small Car</name>
			</possibleresult>
			<points>
				<point>684.000000,26.999969</point>
				<point>672.792480,39.226387</point>
				<point>666.000000,32.999969</point>
				<point>677.207520,20.773552</point>
				<point>684.000000,26.999969</point>
			</points>
		</object>
		<object>
			<coordinate>pixel</coordinate>
			<type>rectangle</type>
			<description>None</description>
			<possibleresult>
				<name>other-vehicle</name>
			</possibleresult>
			<points>
				<point>715.157104,115.110870</point>
				<point>711.000000,121.000015</point>
				<point>693.842896,108.889160</point>
				<point>698.000000,103.000015</point>
				<point>715.157104,115.110870</point>
			</points>
		</object>
		<object>
			<coordinate>pixel</coordinate>
			<type>rectangle</type>
			<description>None</description>
			<possibleresult>
				<name>Small Car</name>
			</possibleresult>
			<points>
				<point>838.230652,189.153809</point>
				<point>834.999939,193.999969</point>
				<point>819.769226,183.846130</point>
				<point>822.999939,178.999969</point>
				<point>838.230652,189.153809</point>
			</points>
		</object>
		<object>
			<coordinate>pixel</coordinate>
			<type>rectangle</type>
			<description>None</description>
			<possibleresult>
				<name>Small Car</name>
			</possibleresult>
			<points>
				<point>1000.000000,291.473724</point>
				<point>984.698975,281.809906</point>
				<point>989.000000,275.000031</point>
				<point>1000.000000,281.947388</point>
				<point>1000.000000,291.473724</point>
			</points>
		</object>
		<object>
			<coordinate>pixel</coordinate>
			<type>rectangle</type>
			<description>None</description>
			<possibleresult>
				<name>Small Car</name>
			</possibleresult>
			<points>
				<point>50.333191,1000.000000</point>
				<point>39.647034,993.588318</point>
				<point>43.088211,987.852966</point>
				<point>60.441147,998.264709</point>
				<point>50.333191,1000.000000</point>
			</points>
		</object>
		<object>
			<coordinate>pixel</coordinate>
			<type>rectangle</type>
			<description>None</description>
			<possibleresult>
				<name>Small Car</name>
			</possibleresult>
			<points>
				<point>38.757275,985.851685</point>
				<point>34.999973,992.000000</point>
				<point>16.999969,981.000000</point>
				<point>20.757271,974.851685</point>
				<point>38.757275,985.851685</point>
			</points>
		</object>
		<object>
			<coordinate>pixel</coordinate>
			<type>rectangle</type>
			<description>None</description>
			<possibleresult>
				<name>Small Car</name>
			</possibleresult>
			<points>
				<point>369.500031,861.500122</point>
				<point>358.500031,872.500122</point>
				<point>352.000031,866.000122</point>
				<point>363.000031,855.000122</point>
				<point>369.500031,861.500122</point>
			</points>
		</object>
		<object>
			<coordinate>pixel</coordinate>
			<type>rectangle</type>
			<description>None</description>
			<possibleresult>
				<name>Small Car</name>
			</possibleresult>
			<points>
				<point>282.074219,817.056763</point>
				<point>276.000000,825.000000</point>
				<point>258.925781,811.943237</point>
				<point>265.000000,804.000000</point>
				<point>282.074219,817.056763</point>
			</points>
		</object>
		<object>
			<coordinate>pixel</coordinate>
			<type>rectangle</type>
			<description>None</description>
			<possibleresult>
				<name>Small Car</name>
			</possibleresult>
			<points>
				<point>337.000031,720.000000</point>
				<point>333.294159,726.176514</point>
				<point>318.000031,717.000000</point>
				<point>321.705902,710.823486</point>
				<point>337.000031,720.000000</point>
			</points>
		</object>
		<object>
			<coordinate>pixel</coordinate>
			<type>rectangle</type>
			<description>None</description>
			<possibleresult>
				<name>Small Car</name>
			</possibleresult>
			<points>
				<point>323.999969,651.000000</point>
				<point>308.999969,664.000000</point>
				<point>304.380707,658.670044</point>
				<point>319.380707,645.670044</point>
				<point>323.999969,651.000000</point>
			</points>
		</object>
		<object>
			<coordinate>pixel</coordinate>
			<type>rectangle</type>
			<description>None</description>
			<possibleresult>
				<name>other-vehicle</name>
			</possibleresult>
			<points>
				<point>246.000015,710.000061</point>
				<point>242.000015,717.000061</point>
				<point>225.630783,707.646179</point>
				<point>229.630783,700.646179</point>
				<point>246.000015,710.000061</point>
			</points>
		</object>
		<object>
			<coordinate>pixel</coordinate>
			<type>rectangle</type>
			<description>None</description>
			<possibleresult>
				<name>Van</name>
			</possibleresult>
			<points>
				<point>188.500015,574.500061</point>
				<point>175.500015,587.500061</point>
				<point>169.000015,581.000061</point>
				<point>182.000015,568.000061</point>
				<point>188.500015,574.500061</point>
			</points>
		</object>
		<object>
			<coordinate>pixel</coordinate>
			<type>rectangle</type>
			<description>None</description>
			<possibleresult>
				<name>Small Car</name>
			</possibleresult>
			<points>
				<point>58.000015,570.000000</point>
				<point>41.000015,584.000000</point>
				<point>35.544342,577.375244</point>
				<point>52.544342,563.375244</point>
				<point>58.000015,570.000000</point>
			</points>
		</object>
		<object>
			<coordinate>pixel</coordinate>
			<type>rectangle</type>
			<description>None</description>
			<possibleresult>
				<name>Van</name>
			</possibleresult>
			<points>
				<point>559.537903,429.544739</point>
				<point>546.537903,440.544739</point>
				<point>540.999939,433.999939</point>
				<point>553.999939,422.999939</point>
				<point>559.537903,429.544739</point>
			</points>
		</object>
		<object>
			<coordinate>pixel</coordinate>
			<type>rectangle</type>
			<description>None</description>
			<possibleresult>
				<name>Van</name>
			</possibleresult>
			<points>
				<point>627.000000,418.000000</point>
				<point>612.000000,434.000000</point>
				<point>605.280640,427.700623</point>
				<point>620.280640,411.700623</point>
				<point>627.000000,418.000000</point>
			</points>
		</object>
		<object>
			<coordinate>pixel</coordinate>
			<type>rectangle</type>
			<description>None</description>
			<possibleresult>
				<name>Van</name>
			</possibleresult>
			<points>
				<point>794.000061,867.000061</point>
				<point>788.249207,873.230042</point>
				<point>775.000061,861.000061</point>
				<point>780.750916,854.770081</point>
				<point>794.000061,867.000061</point>
			</points>
		</object>
		<object>
			<coordinate>pixel</coordinate>
			<type>rectangle</type>
			<description>None</description>
			<possibleresult>
				<name>Small Car</name>
			</possibleresult>
			<points>
				<point>759.500000,831.500061</point>
				<point>754.000000,837.000061</point>
				<point>739.500000,822.500061</point>
				<point>745.000000,817.000061</point>
				<point>759.500000,831.500061</point>
			</points>
		</object>
		<object>
			<coordinate>pixel</coordinate>
			<type>rectangle</type>
			<description>None</description>
			<possibleresult>
				<name>Van</name>
			</possibleresult>
			<points>
				<point>646.272217,779.987671</point>
				<point>624.000000,781.000000</point>
				<point>623.727783,775.012329</point>
				<point>646.000000,774.000000</point>
				<point>646.272217,779.987671</point>
			</points>
		</object>
		<object>
			<coordinate>pixel</coordinate>
			<type>rectangle</type>
			<description>None</description>
			<possibleresult>
				<name>Dump Truck</name>
			</possibleresult>
			<points>
				<point>694.498840,710.775452</point>
				<point>673.999939,719.999939</point>
				<point>670.501038,712.224426</point>
				<point>690.999939,702.999939</point>
				<point>694.498840,710.775452</point>
			</points>
		</object>
		<object>
			<coordinate>pixel</coordinate>
			<type>rectangle</type>
			<description>None</description>
			<possibleresult>
				<name>Small Car</name>
			</possibleresult>
			<points>
				<point>839.116943,541.253601</point>
				<point>830.999878,544.999939</point>
				<point>824.882812,531.746277</point>
				<point>832.999878,527.999939</point>
				<point>839.116943,541.253601</point>
			</points>
		</object>
		<object>
			<coordinate>pixel</coordinate>
			<type>rectangle</type>
			<description>None</description>
			<possibleresult>
				<name>Small Car</name>
			</possibleresult>
			<points>
				<point>852.000000,537.000000</point>
				<point>847.306763,541.332275</point>
				<point>835.000000,528.000000</point>
				<point>839.693237,523.667725</point>
				<point>852.000000,537.000000</point>
			</points>
		</object>
		<object>
			<coordinate>pixel</coordinate>
			<type>rectangle</type>
			<description>None</description>
			<possibleresult>
				<name>Van</name>
			</possibleresult>
			<points>
				<point>938.248718,490.276306</point>
				<point>933.000061,495.000061</point>
				<point>923.751404,484.723816</point>
				<point>929.000061,480.000061</point>
				<point>938.248718,490.276306</point>
			</points>
		</object>
		<object>
			<coordinate>pixel</coordinate>
			<type>rectangle</type>
			<description>None</description>
			<possibleresult>
				<name>Small Car</name>
			</possibleresult>
			<points>
				<point>988.000000,431.000031</point>
				<point>979.000000,440.000031</point>
				<point>974.000000,435.000031</point>
				<point>983.000000,426.000031</point>
				<point>988.000000,431.000031</point>
			</points>
		</object>
		<object>
			<coordinate>pixel</coordinate>
			<type>rectangle</type>
			<description>None</description>
			<possibleresult>
				<name>Small Car</name>
			</possibleresult>
			<points>
				<point>972.999939,419.999939</point>
				<point>961.999939,432.999939</point>
				<point>955.544739,427.537842</point>
				<point>966.544739,414.537842</point>
				<point>972.999939,419.999939</point>
			</points>
		</object>
		<object>
			<coordinate>pixel</coordinate>
			<type>rectangle</type>
			<description>None</description>
			<possibleresult>
				<name>Small Car</name>
			</possibleresult>
			<points>
				<point>926.271484,391.701355</point>
				<point>916.000000,403.000000</point>
				<point>909.728516,397.298645</point>
				<point>920.000000,386.000000</point>
				<point>926.271484,391.701355</point>
			</points>
		</object>
		<object>
			<coordinate>pixel</coordinate>
			<type>rectangle</type>
			<description>None</description>
			<possibleresult>
				<name>Small Car</name>
			</possibleresult>
			<points>
				<point>887.000122,464.000061</point>
				<point>881.000122,470.000061</point>
				<point>868.000122,457.000061</point>
				<point>874.000122,451.000061</point>
				<point>887.000122,464.000061</point>
			</points>
		</object>
		<object>
			<coordinate>pixel</coordinate>
			<type>rectangle</type>
			<description>None</description>
			<possibleresult>
				<name>Small Car</name>
			</possibleresult>
			<points>
				<point>870.000000,474.999969</point>
				<point>862.281860,480.402679</point>
				<point>855.281860,470.402679</point>
				<point>863.000000,464.999969</point>
				<point>870.000000,474.999969</point>
			</points>
		</object>
		<object>
			<coordinate>pixel</coordinate>
			<type>rectangle</type>
			<description>None</description>
			<possibleresult>
				<name>Small Car</name>
			</possibleresult>
			<points>
				<point>949.300049,1005.099854</point>
				<point>934.000000,1000.000000</point>
				<point>935.699951,994.900024</point>
				<point>951.000000,999.999878</point>
				<point>949.300049,1005.099854</point>
			</points>
		</object>
		<object>
			<coordinate>pixel</coordinate>
			<type>rectangle</type>
			<description>None</description>
			<possibleresult>
				<name>Cargo Truck</name>
			</possibleresult>
			<points>
				<point>986.452637,986.744568</point>
				<point>984.000122,992.000061</point>
				<point>969.000122,985.000061</point>
				<point>971.452637,979.744568</point>
				<point>986.452637,986.744568</point>
			</points>
		</object>
		<object>
			<coordinate>pixel</coordinate>
			<type>rectangle</type>
			<description>None</description>
			<possibleresult>
				<name>Small Car</name>
			</possibleresult>
			<points>
				<point>950.333496,1000.000000</point>
				<point>940.517395,995.793091</point>
				<point>943.000183,990.000000</point>
				<point>957.482971,996.206909</point>
				<point>950.333496,1000.000000</point>
			</points>
		</object>
		<object>
			<coordinate>pixel</coordinate>
			<type>rectangle</type>
			<description>None</description>
			<possibleresult>
				<name>Dump Truck</name>
			</possibleresult>
			<points>
				<point>1000.000000,981.000122</point>
				<point>992.000000,971.000122</point>
				<point>997.609741,966.512329</point>
				<point>1000.000000,969.500122</point>
				<point>1000.000000,981.000122</point>
			</points>
		</object>
		<object>
			<coordinate>pixel</coordinate>
			<type>rectangle</type>
			<description>None</description>
			<possibleresult>
				<name>Van</name>
			</possibleresult>
			<points>
				<point>140.000015,536.000000</point>
				<point>126.955185,547.037964</point>
				<point>121.000015,540.000000</point>
				<point>134.044846,528.962036</point>
				<point>140.000015,536.000000</point>
			</points>
		</object>
		<object>
			<coordinate>pixel</coordinate>
			<type>rectangle</type>
			<description>None</description>
			<possibleresult>
				<name>Van</name>
			</possibleresult>
			<points>
				<point>152.000031,550.000000</point>
				<point>143.000031,559.000000</point>
				<point>138.000031,554.000000</point>
				<point>147.000031,545.000000</point>
				<point>152.000031,550.000000</point>
			</points>
		</object>
	</objects>
</annotation>