<?xml version="1.0" encoding="utf-8"?>
<annotation>
	<source>
		<filename>1697.tif</filename>
		<origin>GF2/GF3</origin>
	</source>
	<research>
		<version>1.0</version>
		<provider>FAIR1M</provider>
		<author>Cyber</author>
		<pluginname>FAIR1M</pluginname>
		<pluginclass>object detection</pluginclass>
		<time>2021-07-21</time>
	</research>
	<size>
		<width>1500</width>
		<height>1500</height>
		<depth>3</depth>
	</size>
	<objects>
		<object>
			<coordinate>pixel</coordinate>
			<type>rectangle</type>
			<description>None</description>
			<possibleresult>
				<name>Liquid Cargo Ship</name>
			</possibleresult>
			<points>
				<point>705.000000,1240.000000</point>
				<point>534.000000,1202.000000</point>
				<point>528.000000,1231.000000</point>
				<point>700.000000,1270.000000</point>
				<point>705.000000,1240.000000</point>
			</points>
		</object>
		<object>
			<coordinate>pixel</coordinate>
			<type>rectangle</type>
			<description>None</description>
			<possibleresult>
				<name>Motorboat</name>
			</possibleresult>
			<points>
				<point>1030.000000,1154.000000</point>
				<point>1088.000000,1154.000000</point>
				<point>1088.000000,1136.000000</point>
				<point>1030.000000,1136.000000</point>
				<point>1030.000000,1154.000000</point>
			</points>
		</object>
		<object>
			<coordinate>pixel</coordinate>
			<type>rectangle</type>
			<description>None</description>
			<possibleresult>
				<name>Motorboat</name>
			</possibleresult>
			<points>
				<point>1109.000000,1109.000000</point>
				<point>1161.000000,1124.000000</point>
				<point>1167.000000,1102.000000</point>
				<point>1115.000000,1086.000000</point>
				<point>1109.000000,1109.000000</point>
			</points>
		</object>
		<object>
			<coordinate>pixel</coordinate>
			<type>rectangle</type>
			<description>None</description>
			<possibleresult>
				<name>Motorboat</name>
			</possibleresult>
			<points>
				<point>1498.000000,1416.000000</point>
				<point>1457.000000,1418.000000</point>
				<point>1457.000000,1434.000000</point>
				<point>1498.000000,1434.000000</point>
				<point>1498.000000,1416.000000</point>
			</points>
		</object>
		<object>
			<coordinate>pixel</coordinate>
			<type>rectangle</type>
			<description>None</description>
			<possibleresult>
				<name>Motorboat</name>
			</possibleresult>
			<points>
				<point>203.000000,1484.000000</point>
				<point>184.000000,1454.000000</point>
				<point>176.000000,1459.000000</point>
				<point>194.000000,1490.000000</point>
				<point>203.000000,1484.000000</point>
			</points>
		</object>
	</objects>
</annotation>