<?xml version="1.0" encoding="utf-8"?>
<annotation>
	<source>
		<filename>1698.tif</filename>
		<origin>GF2/GF3</origin>
	</source>
	<research>
		<version>1.0</version>
		<provider>FAIR1M</provider>
		<author>Cyber</author>
		<pluginname>FAIR1M</pluginname>
		<pluginclass>object detection</pluginclass>
		<time>2021-07-21</time>
	</research>
	<size>
		<width>1000</width>
		<height>1000</height>
		<depth>3</depth>
	</size>
	<objects>
		<object>
			<coordinate>pixel</coordinate>
			<type>rectangle</type>
			<description>None</description>
			<possibleresult>
				<name>Intersection</name>
			</possibleresult>
			<points>
				<point>971.000000,479.000000</point>
				<point>955.000000,499.000000</point>
				<point>931.000000,479.000000</point>
				<point>948.000000,460.000000</point>
				<point>971.000000,479.000000</point>
			</points>
		</object>
		<object>
			<coordinate>pixel</coordinate>
			<type>rectangle</type>
			<description>None</description>
			<possibleresult>
				<name>Intersection</name>
			</possibleresult>
			<points>
				<point>713.000000,638.000000</point>
				<point>703.000000,658.000000</point>
				<point>590.000000,603.000000</point>
				<point>599.000000,582.000000</point>
				<point>713.000000,638.000000</point>
			</points>
		</object>
		<object>
			<coordinate>pixel</coordinate>
			<type>rectangle</type>
			<description>None</description>
			<possibleresult>
				<name>Baseball Field</name>
			</possibleresult>
			<points>
				<point>301.000000,878.000000</point>
				<point>194.000000,905.000000</point>
				<point>171.000000,815.000000</point>
				<point>278.000000,787.000000</point>
				<point>301.000000,878.000000</point>
			</points>
		</object>
		<object>
			<coordinate>pixel</coordinate>
			<type>rectangle</type>
			<description>None</description>
			<possibleresult>
				<name>Intersection</name>
			</possibleresult>
			<points>
				<point>791.000000,643.000000</point>
				<point>778.000000,655.000000</point>
				<point>746.000000,622.000000</point>
				<point>759.000000,609.000000</point>
				<point>791.000000,643.000000</point>
			</points>
		</object>
		<object>
			<coordinate>pixel</coordinate>
			<type>rectangle</type>
			<description>None</description>
			<possibleresult>
				<name>Small Car</name>
			</possibleresult>
			<points>
				<point>240.000000,649.000000</point>
				<point>234.000000,652.000000</point>
				<point>227.000000,638.000000</point>
				<point>233.000000,635.000000</point>
				<point>240.000000,649.000000</point>
			</points>
		</object>
		<object>
			<coordinate>pixel</coordinate>
			<type>rectangle</type>
			<description>None</description>
			<possibleresult>
				<name>Van</name>
			</possibleresult>
			<points>
				<point>250.000000,670.000000</point>
				<point>245.000000,673.000000</point>
				<point>236.000000,658.000000</point>
				<point>242.000000,654.000000</point>
				<point>250.000000,670.000000</point>
			</points>
		</object>
		<object>
			<coordinate>pixel</coordinate>
			<type>rectangle</type>
			<description>None</description>
			<possibleresult>
				<name>Van</name>
			</possibleresult>
			<points>
				<point>262.000000,690.000000</point>
				<point>256.000000,694.000000</point>
				<point>249.000000,680.000000</point>
				<point>255.000000,676.000000</point>
				<point>262.000000,690.000000</point>
			</points>
		</object>
		<object>
			<coordinate>pixel</coordinate>
			<type>rectangle</type>
			<description>None</description>
			<possibleresult>
				<name>Van</name>
			</possibleresult>
			<points>
				<point>398.000000,555.000000</point>
				<point>392.000000,558.000000</point>
				<point>386.000000,547.000000</point>
				<point>392.000000,544.000000</point>
				<point>398.000000,555.000000</point>
			</points>
		</object>
		<object>
			<coordinate>pixel</coordinate>
			<type>rectangle</type>
			<description>None</description>
			<possibleresult>
				<name>Van</name>
			</possibleresult>
			<points>
				<point>380.000000,563.000000</point>
				<point>374.000000,565.000000</point>
				<point>370.000000,557.000000</point>
				<point>375.000000,554.000000</point>
				<point>380.000000,563.000000</point>
			</points>
		</object>
		<object>
			<coordinate>pixel</coordinate>
			<type>rectangle</type>
			<description>None</description>
			<possibleresult>
				<name>Van</name>
			</possibleresult>
			<points>
				<point>371.000000,564.000000</point>
				<point>365.000000,567.000000</point>
				<point>358.000000,554.000000</point>
				<point>363.000000,550.000000</point>
				<point>371.000000,564.000000</point>
			</points>
		</object>
		<object>
			<coordinate>pixel</coordinate>
			<type>rectangle</type>
			<description>None</description>
			<possibleresult>
				<name>Van</name>
			</possibleresult>
			<points>
				<point>357.000000,514.000000</point>
				<point>354.000000,519.000000</point>
				<point>341.000000,510.000000</point>
				<point>345.000000,505.000000</point>
				<point>357.000000,514.000000</point>
			</points>
		</object>
		<object>
			<coordinate>pixel</coordinate>
			<type>rectangle</type>
			<description>None</description>
			<possibleresult>
				<name>Van</name>
			</possibleresult>
			<points>
				<point>366.000000,492.000000</point>
				<point>359.000000,492.000000</point>
				<point>359.000000,478.000000</point>
				<point>366.000000,478.000000</point>
				<point>366.000000,492.000000</point>
			</points>
		</object>
		<object>
			<coordinate>pixel</coordinate>
			<type>rectangle</type>
			<description>None</description>
			<possibleresult>
				<name>Small Car</name>
			</possibleresult>
			<points>
				<point>750.000000,960.000000</point>
				<point>744.000000,965.000000</point>
				<point>732.000000,951.000000</point>
				<point>737.000000,945.000000</point>
				<point>750.000000,960.000000</point>
			</points>
		</object>
		<object>
			<coordinate>pixel</coordinate>
			<type>rectangle</type>
			<description>None</description>
			<possibleresult>
				<name>Small Car</name>
			</possibleresult>
			<points>
				<point>891.000000,956.000000</point>
				<point>883.000000,964.000000</point>
				<point>879.000000,960.000000</point>
				<point>887.000000,952.000000</point>
				<point>891.000000,956.000000</point>
			</points>
		</object>
		<object>
			<coordinate>pixel</coordinate>
			<type>rectangle</type>
			<description>None</description>
			<possibleresult>
				<name>Small Car</name>
			</possibleresult>
			<points>
				<point>859.000000,965.000000</point>
				<point>853.000000,968.000000</point>
				<point>846.000000,959.000000</point>
				<point>851.000000,956.000000</point>
				<point>859.000000,965.000000</point>
			</points>
		</object>
		<object>
			<coordinate>pixel</coordinate>
			<type>rectangle</type>
			<description>None</description>
			<possibleresult>
				<name>Small Car</name>
			</possibleresult>
			<points>
				<point>810.000000,608.000000</point>
				<point>795.000000,618.000000</point>
				<point>792.000000,613.000000</point>
				<point>806.000000,602.000000</point>
				<point>810.000000,608.000000</point>
			</points>
		</object>
		<object>
			<coordinate>pixel</coordinate>
			<type>rectangle</type>
			<description>None</description>
			<possibleresult>
				<name>Dump Truck</name>
			</possibleresult>
			<points>
				<point>76.000000,37.000000</point>
				<point>65.000000,45.000000</point>
				<point>61.000000,39.000000</point>
				<point>72.000000,31.000000</point>
				<point>76.000000,37.000000</point>
			</points>
		</object>
		<object>
			<coordinate>pixel</coordinate>
			<type>rectangle</type>
			<description>None</description>
			<possibleresult>
				<name>Dump Truck</name>
			</possibleresult>
			<points>
				<point>82.000000,42.000000</point>
				<point>70.000000,51.000000</point>
				<point>67.000000,46.000000</point>
				<point>79.000000,38.000000</point>
				<point>82.000000,42.000000</point>
			</points>
		</object>
		<object>
			<coordinate>pixel</coordinate>
			<type>rectangle</type>
			<description>None</description>
			<possibleresult>
				<name>Van</name>
			</possibleresult>
			<points>
				<point>269.000000,118.000000</point>
				<point>261.000000,128.000000</point>
				<point>256.000000,124.000000</point>
				<point>264.000000,114.000000</point>
				<point>269.000000,118.000000</point>
			</points>
		</object>
		<object>
			<coordinate>pixel</coordinate>
			<type>rectangle</type>
			<description>None</description>
			<possibleresult>
				<name>Van</name>
			</possibleresult>
			<points>
				<point>480.000000,215.000000</point>
				<point>469.000000,224.000000</point>
				<point>465.000000,219.000000</point>
				<point>477.000000,210.000000</point>
				<point>480.000000,215.000000</point>
			</points>
		</object>
		<object>
			<coordinate>pixel</coordinate>
			<type>rectangle</type>
			<description>None</description>
			<possibleresult>
				<name>Van</name>
			</possibleresult>
			<points>
				<point>440.000000,163.000000</point>
				<point>437.000000,169.000000</point>
				<point>423.000000,162.000000</point>
				<point>426.000000,156.000000</point>
				<point>440.000000,163.000000</point>
			</points>
		</object>
		<object>
			<coordinate>pixel</coordinate>
			<type>rectangle</type>
			<description>None</description>
			<possibleresult>
				<name>Small Car</name>
			</possibleresult>
			<points>
				<point>486.000000,427.000000</point>
				<point>474.000000,435.000000</point>
				<point>471.000000,430.000000</point>
				<point>482.000000,421.000000</point>
				<point>486.000000,427.000000</point>
			</points>
		</object>
		<object>
			<coordinate>pixel</coordinate>
			<type>rectangle</type>
			<description>None</description>
			<possibleresult>
				<name>Van</name>
			</possibleresult>
			<points>
				<point>495.000000,430.000000</point>
				<point>480.000000,441.000000</point>
				<point>476.000000,436.000000</point>
				<point>491.000000,425.000000</point>
				<point>495.000000,430.000000</point>
			</points>
		</object>
		<object>
			<coordinate>pixel</coordinate>
			<type>rectangle</type>
			<description>None</description>
			<possibleresult>
				<name>Van</name>
			</possibleresult>
			<points>
				<point>501.000000,437.000000</point>
				<point>485.000000,448.000000</point>
				<point>482.000000,444.000000</point>
				<point>497.000000,432.000000</point>
				<point>501.000000,437.000000</point>
			</points>
		</object>
		<object>
			<coordinate>pixel</coordinate>
			<type>rectangle</type>
			<description>None</description>
			<possibleresult>
				<name>Van</name>
			</possibleresult>
			<points>
				<point>512.000000,451.000000</point>
				<point>499.000000,461.000000</point>
				<point>495.000000,456.000000</point>
				<point>507.000000,446.000000</point>
				<point>512.000000,451.000000</point>
			</points>
		</object>
		<object>
			<coordinate>pixel</coordinate>
			<type>rectangle</type>
			<description>None</description>
			<possibleresult>
				<name>Van</name>
			</possibleresult>
			<points>
				<point>521.000000,457.000000</point>
				<point>506.000000,468.000000</point>
				<point>503.000000,463.000000</point>
				<point>517.000000,451.000000</point>
				<point>521.000000,457.000000</point>
			</points>
		</object>
		<object>
			<coordinate>pixel</coordinate>
			<type>rectangle</type>
			<description>None</description>
			<possibleresult>
				<name>Van</name>
			</possibleresult>
			<points>
				<point>536.000000,475.000000</point>
				<point>524.000000,483.000000</point>
				<point>521.000000,478.000000</point>
				<point>533.000000,470.000000</point>
				<point>536.000000,475.000000</point>
			</points>
		</object>
		<object>
			<coordinate>pixel</coordinate>
			<type>rectangle</type>
			<description>None</description>
			<possibleresult>
				<name>Van</name>
			</possibleresult>
			<points>
				<point>531.000000,468.000000</point>
				<point>516.000000,478.000000</point>
				<point>514.000000,474.000000</point>
				<point>528.000000,463.000000</point>
				<point>531.000000,468.000000</point>
			</points>
		</object>
		<object>
			<coordinate>pixel</coordinate>
			<type>rectangle</type>
			<description>None</description>
			<possibleresult>
				<name>Van</name>
			</possibleresult>
			<points>
				<point>545.000000,480.000000</point>
				<point>529.000000,493.000000</point>
				<point>524.000000,487.000000</point>
				<point>540.000000,474.000000</point>
				<point>545.000000,480.000000</point>
			</points>
		</object>
		<object>
			<coordinate>pixel</coordinate>
			<type>rectangle</type>
			<description>None</description>
			<possibleresult>
				<name>Van</name>
			</possibleresult>
			<points>
				<point>554.000000,487.000000</point>
				<point>536.000000,499.000000</point>
				<point>531.000000,492.000000</point>
				<point>549.000000,480.000000</point>
				<point>554.000000,487.000000</point>
			</points>
		</object>
		<object>
			<coordinate>pixel</coordinate>
			<type>rectangle</type>
			<description>None</description>
			<possibleresult>
				<name>Small Car</name>
			</possibleresult>
			<points>
				<point>955.000000,430.000000</point>
				<point>949.000000,439.000000</point>
				<point>943.000000,436.000000</point>
				<point>949.000000,427.000000</point>
				<point>955.000000,430.000000</point>
			</points>
		</object>
		<object>
			<coordinate>pixel</coordinate>
			<type>rectangle</type>
			<description>None</description>
			<possibleresult>
				<name>Small Car</name>
			</possibleresult>
			<points>
				<point>810.000000,104.000000</point>
				<point>800.000000,116.000000</point>
				<point>795.000000,112.000000</point>
				<point>806.000000,101.000000</point>
				<point>810.000000,104.000000</point>
			</points>
		</object>
		<object>
			<coordinate>pixel</coordinate>
			<type>rectangle</type>
			<description>None</description>
			<possibleresult>
				<name>Small Car</name>
			</possibleresult>
			<points>
				<point>842.000000,121.000000</point>
				<point>828.000000,135.000000</point>
				<point>822.000000,129.000000</point>
				<point>836.000000,115.000000</point>
				<point>842.000000,121.000000</point>
			</points>
		</object>
		<object>
			<coordinate>pixel</coordinate>
			<type>rectangle</type>
			<description>None</description>
			<possibleresult>
				<name>Small Car</name>
			</possibleresult>
			<points>
				<point>869.000000,140.000000</point>
				<point>860.000000,151.000000</point>
				<point>855.000000,148.000000</point>
				<point>864.000000,137.000000</point>
				<point>869.000000,140.000000</point>
			</points>
		</object>
		<object>
			<coordinate>pixel</coordinate>
			<type>rectangle</type>
			<description>None</description>
			<possibleresult>
				<name>Small Car</name>
			</possibleresult>
			<points>
				<point>837.000000,159.000000</point>
				<point>828.000000,170.000000</point>
				<point>823.000000,166.000000</point>
				<point>833.000000,155.000000</point>
				<point>837.000000,159.000000</point>
			</points>
		</object>
		<object>
			<coordinate>pixel</coordinate>
			<type>rectangle</type>
			<description>None</description>
			<possibleresult>
				<name>Small Car</name>
			</possibleresult>
			<points>
				<point>802.000000,141.000000</point>
				<point>792.000000,152.000000</point>
				<point>788.000000,147.000000</point>
				<point>798.000000,136.000000</point>
				<point>802.000000,141.000000</point>
			</points>
		</object>
		<object>
			<coordinate>pixel</coordinate>
			<type>rectangle</type>
			<description>None</description>
			<possibleresult>
				<name>Small Car</name>
			</possibleresult>
			<points>
				<point>810.000000,57.000000</point>
				<point>808.000000,63.000000</point>
				<point>793.000000,56.000000</point>
				<point>795.000000,50.000000</point>
				<point>810.000000,57.000000</point>
			</points>
		</object>
		<object>
			<coordinate>pixel</coordinate>
			<type>rectangle</type>
			<description>None</description>
			<possibleresult>
				<name>Van</name>
			</possibleresult>
			<points>
				<point>811.000000,47.000000</point>
				<point>809.000000,52.000000</point>
				<point>795.000000,47.000000</point>
				<point>797.000000,42.000000</point>
				<point>811.000000,47.000000</point>
			</points>
		</object>
		<object>
			<coordinate>pixel</coordinate>
			<type>rectangle</type>
			<description>None</description>
			<possibleresult>
				<name>Van</name>
			</possibleresult>
			<points>
				<point>818.000000,39.000000</point>
				<point>815.000000,45.000000</point>
				<point>802.000000,39.000000</point>
				<point>805.000000,33.000000</point>
				<point>818.000000,39.000000</point>
			</points>
		</object>
		<object>
			<coordinate>pixel</coordinate>
			<type>rectangle</type>
			<description>None</description>
			<possibleresult>
				<name>Van</name>
			</possibleresult>
			<points>
				<point>827.000000,25.000000</point>
				<point>825.000000,29.000000</point>
				<point>814.000000,24.000000</point>
				<point>815.000000,19.000000</point>
				<point>827.000000,25.000000</point>
			</points>
		</object>
		<object>
			<coordinate>pixel</coordinate>
			<type>rectangle</type>
			<description>None</description>
			<possibleresult>
				<name>Van</name>
			</possibleresult>
			<points>
				<point>846.000000,8.000000</point>
				<point>844.000000,13.000000</point>
				<point>827.000000,8.000000</point>
				<point>828.000000,2.000000</point>
				<point>846.000000,8.000000</point>
			</points>
		</object>
		<object>
			<coordinate>pixel</coordinate>
			<type>rectangle</type>
			<description>None</description>
			<possibleresult>
				<name>Small Car</name>
			</possibleresult>
			<points>
				<point>883.000000,174.000000</point>
				<point>880.000000,179.000000</point>
				<point>867.000000,172.000000</point>
				<point>869.000000,166.000000</point>
				<point>883.000000,174.000000</point>
			</points>
		</object>
		<object>
			<coordinate>pixel</coordinate>
			<type>rectangle</type>
			<description>None</description>
			<possibleresult>
				<name>Small Car</name>
			</possibleresult>
			<points>
				<point>920.000000,420.000000</point>
				<point>917.000000,425.000000</point>
				<point>901.000000,417.000000</point>
				<point>904.000000,412.000000</point>
				<point>920.000000,420.000000</point>
			</points>
		</object>
		<object>
			<coordinate>pixel</coordinate>
			<type>rectangle</type>
			<description>None</description>
			<possibleresult>
				<name>Small Car</name>
			</possibleresult>
			<points>
				<point>785.000000,495.000000</point>
				<point>782.000000,499.000000</point>
				<point>771.000000,490.000000</point>
				<point>775.000000,487.000000</point>
				<point>785.000000,495.000000</point>
			</points>
		</object>
		<object>
			<coordinate>pixel</coordinate>
			<type>rectangle</type>
			<description>None</description>
			<possibleresult>
				<name>Van</name>
			</possibleresult>
			<points>
				<point>796.000000,489.000000</point>
				<point>792.000000,494.000000</point>
				<point>777.000000,483.000000</point>
				<point>781.000000,477.000000</point>
				<point>796.000000,489.000000</point>
			</points>
		</object>
		<object>
			<coordinate>pixel</coordinate>
			<type>rectangle</type>
			<description>None</description>
			<possibleresult>
				<name>Van</name>
			</possibleresult>
			<points>
				<point>739.000000,453.000000</point>
				<point>736.000000,458.000000</point>
				<point>726.000000,450.000000</point>
				<point>729.000000,445.000000</point>
				<point>739.000000,453.000000</point>
			</points>
		</object>
		<object>
			<coordinate>pixel</coordinate>
			<type>rectangle</type>
			<description>None</description>
			<possibleresult>
				<name>Van</name>
			</possibleresult>
			<points>
				<point>748.000000,473.000000</point>
				<point>744.000000,478.000000</point>
				<point>734.000000,468.000000</point>
				<point>739.000000,464.000000</point>
				<point>748.000000,473.000000</point>
			</points>
		</object>
		<object>
			<coordinate>pixel</coordinate>
			<type>rectangle</type>
			<description>None</description>
			<possibleresult>
				<name>Van</name>
			</possibleresult>
			<points>
				<point>844.000000,539.000000</point>
				<point>840.000000,542.000000</point>
				<point>827.000000,531.000000</point>
				<point>830.000000,527.000000</point>
				<point>844.000000,539.000000</point>
			</points>
		</object>
		<object>
			<coordinate>pixel</coordinate>
			<type>rectangle</type>
			<description>None</description>
			<possibleresult>
				<name>Small Car</name>
			</possibleresult>
			<points>
				<point>662.000000,522.000000</point>
				<point>656.000000,527.000000</point>
				<point>645.000000,513.000000</point>
				<point>650.000000,508.000000</point>
				<point>662.000000,522.000000</point>
			</points>
		</object>
		<object>
			<coordinate>pixel</coordinate>
			<type>rectangle</type>
			<description>None</description>
			<possibleresult>
				<name>Van</name>
			</possibleresult>
			<points>
				<point>697.000000,470.000000</point>
				<point>684.000000,480.000000</point>
				<point>680.000000,476.000000</point>
				<point>693.000000,466.000000</point>
				<point>697.000000,470.000000</point>
			</points>
		</object>
		<object>
			<coordinate>pixel</coordinate>
			<type>rectangle</type>
			<description>None</description>
			<possibleresult>
				<name>Van</name>
			</possibleresult>
			<points>
				<point>689.000000,461.000000</point>
				<point>675.000000,471.000000</point>
				<point>671.000000,467.000000</point>
				<point>686.000000,457.000000</point>
				<point>689.000000,461.000000</point>
			</points>
		</object>
		<object>
			<coordinate>pixel</coordinate>
			<type>rectangle</type>
			<description>None</description>
			<possibleresult>
				<name>Dump Truck</name>
			</possibleresult>
			<points>
				<point>53.000000,51.000000</point>
				<point>41.000000,58.000000</point>
				<point>39.000000,54.000000</point>
				<point>51.000000,47.000000</point>
				<point>53.000000,51.000000</point>
			</points>
		</object>
		<object>
			<coordinate>pixel</coordinate>
			<type>rectangle</type>
			<description>None</description>
			<possibleresult>
				<name>Dump Truck</name>
			</possibleresult>
			<points>
				<point>49.000000,47.000000</point>
				<point>39.000000,53.000000</point>
				<point>36.000000,48.000000</point>
				<point>46.000000,42.000000</point>
				<point>49.000000,47.000000</point>
			</points>
		</object>
		<object>
			<coordinate>pixel</coordinate>
			<type>rectangle</type>
			<description>None</description>
			<possibleresult>
				<name>Dump Truck</name>
			</possibleresult>
			<points>
				<point>29.000000,22.000000</point>
				<point>19.000000,28.000000</point>
				<point>16.000000,23.000000</point>
				<point>25.000000,17.000000</point>
				<point>29.000000,22.000000</point>
			</points>
		</object>
		<object>
			<coordinate>pixel</coordinate>
			<type>rectangle</type>
			<description>None</description>
			<possibleresult>
				<name>Dump Truck</name>
			</possibleresult>
			<points>
				<point>25.000000,15.000000</point>
				<point>13.000000,22.000000</point>
				<point>10.000000,18.000000</point>
				<point>22.000000,10.000000</point>
				<point>25.000000,15.000000</point>
			</points>
		</object>
		<object>
			<coordinate>pixel</coordinate>
			<type>rectangle</type>
			<description>None</description>
			<possibleresult>
				<name>Dump Truck</name>
			</possibleresult>
			<points>
				<point>56.000000,21.000000</point>
				<point>52.000000,25.000000</point>
				<point>42.000000,16.000000</point>
				<point>45.000000,11.000000</point>
				<point>56.000000,21.000000</point>
			</points>
		</object>
		<object>
			<coordinate>pixel</coordinate>
			<type>rectangle</type>
			<description>None</description>
			<possibleresult>
				<name>Dump Truck</name>
			</possibleresult>
			<points>
				<point>81.000000,89.000000</point>
				<point>77.000000,92.000000</point>
				<point>68.000000,82.000000</point>
				<point>72.000000,79.000000</point>
				<point>81.000000,89.000000</point>
			</points>
		</object>
		<object>
			<coordinate>pixel</coordinate>
			<type>rectangle</type>
			<description>None</description>
			<possibleresult>
				<name>Dump Truck</name>
			</possibleresult>
			<points>
				<point>67.000000,71.000000</point>
				<point>63.000000,76.000000</point>
				<point>52.000000,63.000000</point>
				<point>57.000000,59.000000</point>
				<point>67.000000,71.000000</point>
			</points>
		</object>
		<object>
			<coordinate>pixel</coordinate>
			<type>rectangle</type>
			<description>None</description>
			<possibleresult>
				<name>Van</name>
			</possibleresult>
			<points>
				<point>160.000000,188.000000</point>
				<point>155.000000,192.000000</point>
				<point>145.000000,178.000000</point>
				<point>151.000000,175.000000</point>
				<point>160.000000,188.000000</point>
			</points>
		</object>
		<object>
			<coordinate>pixel</coordinate>
			<type>rectangle</type>
			<description>None</description>
			<possibleresult>
				<name>Van</name>
			</possibleresult>
			<points>
				<point>149.000000,173.000000</point>
				<point>144.000000,177.000000</point>
				<point>135.000000,165.000000</point>
				<point>141.000000,162.000000</point>
				<point>149.000000,173.000000</point>
			</points>
		</object>
		<object>
			<coordinate>pixel</coordinate>
			<type>rectangle</type>
			<description>None</description>
			<possibleresult>
				<name>Van</name>
			</possibleresult>
			<points>
				<point>375.000000,347.000000</point>
				<point>370.000000,350.000000</point>
				<point>359.000000,337.000000</point>
				<point>365.000000,333.000000</point>
				<point>375.000000,347.000000</point>
			</points>
		</object>
		<object>
			<coordinate>pixel</coordinate>
			<type>rectangle</type>
			<description>None</description>
			<possibleresult>
				<name>Van</name>
			</possibleresult>
			<points>
				<point>383.000000,343.000000</point>
				<point>379.000000,347.000000</point>
				<point>369.000000,333.000000</point>
				<point>373.000000,329.000000</point>
				<point>383.000000,343.000000</point>
			</points>
		</object>
		<object>
			<coordinate>pixel</coordinate>
			<type>rectangle</type>
			<description>None</description>
			<possibleresult>
				<name>Van</name>
			</possibleresult>
			<points>
				<point>443.000000,446.000000</point>
				<point>437.000000,450.000000</point>
				<point>428.000000,433.000000</point>
				<point>433.000000,430.000000</point>
				<point>443.000000,446.000000</point>
			</points>
		</object>
		<object>
			<coordinate>pixel</coordinate>
			<type>rectangle</type>
			<description>None</description>
			<possibleresult>
				<name>Small Car</name>
			</possibleresult>
			<points>
				<point>482.000000,473.000000</point>
				<point>476.000000,487.000000</point>
				<point>471.000000,485.000000</point>
				<point>477.000000,471.000000</point>
				<point>482.000000,473.000000</point>
			</points>
		</object>
		<object>
			<coordinate>pixel</coordinate>
			<type>rectangle</type>
			<description>None</description>
			<possibleresult>
				<name>Small Car</name>
			</possibleresult>
			<points>
				<point>472.000000,470.000000</point>
				<point>466.000000,485.000000</point>
				<point>460.000000,482.000000</point>
				<point>466.000000,467.000000</point>
				<point>472.000000,470.000000</point>
			</points>
		</object>
		<object>
			<coordinate>pixel</coordinate>
			<type>rectangle</type>
			<description>None</description>
			<possibleresult>
				<name>Small Car</name>
			</possibleresult>
			<points>
				<point>461.000000,469.000000</point>
				<point>456.000000,482.000000</point>
				<point>450.000000,480.000000</point>
				<point>456.000000,466.000000</point>
				<point>461.000000,469.000000</point>
			</points>
		</object>
		<object>
			<coordinate>pixel</coordinate>
			<type>rectangle</type>
			<description>None</description>
			<possibleresult>
				<name>Small Car</name>
			</possibleresult>
			<points>
				<point>452.000000,466.000000</point>
				<point>446.000000,479.000000</point>
				<point>441.000000,477.000000</point>
				<point>446.000000,463.000000</point>
				<point>452.000000,466.000000</point>
			</points>
		</object>
		<object>
			<coordinate>pixel</coordinate>
			<type>rectangle</type>
			<description>None</description>
			<possibleresult>
				<name>Small Car</name>
			</possibleresult>
			<points>
				<point>494.000000,475.000000</point>
				<point>487.000000,490.000000</point>
				<point>480.000000,487.000000</point>
				<point>487.000000,472.000000</point>
				<point>494.000000,475.000000</point>
			</points>
		</object>
		<object>
			<coordinate>pixel</coordinate>
			<type>rectangle</type>
			<description>None</description>
			<possibleresult>
				<name>Small Car</name>
			</possibleresult>
			<points>
				<point>416.000000,547.000000</point>
				<point>409.000000,561.000000</point>
				<point>403.000000,558.000000</point>
				<point>410.000000,544.000000</point>
				<point>416.000000,547.000000</point>
			</points>
		</object>
		<object>
			<coordinate>pixel</coordinate>
			<type>rectangle</type>
			<description>None</description>
			<possibleresult>
				<name>Small Car</name>
			</possibleresult>
			<points>
				<point>544.000000,583.000000</point>
				<point>540.000000,594.000000</point>
				<point>532.000000,592.000000</point>
				<point>536.000000,581.000000</point>
				<point>544.000000,583.000000</point>
			</points>
		</object>
		<object>
			<coordinate>pixel</coordinate>
			<type>rectangle</type>
			<description>None</description>
			<possibleresult>
				<name>Van</name>
			</possibleresult>
			<points>
				<point>506.000000,490.000000</point>
				<point>505.000000,495.000000</point>
				<point>491.000000,490.000000</point>
				<point>493.000000,484.000000</point>
				<point>506.000000,490.000000</point>
			</points>
		</object>
		<object>
			<coordinate>pixel</coordinate>
			<type>rectangle</type>
			<description>None</description>
			<possibleresult>
				<name>Van</name>
			</possibleresult>
			<points>
				<point>583.000000,674.000000</point>
				<point>580.000000,680.000000</point>
				<point>569.000000,674.000000</point>
				<point>572.000000,668.000000</point>
				<point>583.000000,674.000000</point>
			</points>
		</object>
		<object>
			<coordinate>pixel</coordinate>
			<type>rectangle</type>
			<description>None</description>
			<possibleresult>
				<name>Van</name>
			</possibleresult>
			<points>
				<point>586.000000,624.000000</point>
				<point>583.000000,630.000000</point>
				<point>565.000000,623.000000</point>
				<point>567.000000,617.000000</point>
				<point>586.000000,624.000000</point>
			</points>
		</object>
		<object>
			<coordinate>pixel</coordinate>
			<type>rectangle</type>
			<description>None</description>
			<possibleresult>
				<name>Van</name>
			</possibleresult>
			<points>
				<point>572.000000,685.000000</point>
				<point>570.000000,690.000000</point>
				<point>557.000000,686.000000</point>
				<point>558.000000,682.000000</point>
				<point>572.000000,685.000000</point>
			</points>
		</object>
		<object>
			<coordinate>pixel</coordinate>
			<type>rectangle</type>
			<description>None</description>
			<possibleresult>
				<name>Van</name>
			</possibleresult>
			<points>
				<point>661.000000,619.000000</point>
				<point>657.000000,624.000000</point>
				<point>644.000000,614.000000</point>
				<point>647.000000,608.000000</point>
				<point>661.000000,619.000000</point>
			</points>
		</object>
		<object>
			<coordinate>pixel</coordinate>
			<type>rectangle</type>
			<description>None</description>
			<possibleresult>
				<name>Van</name>
			</possibleresult>
			<points>
				<point>671.000000,635.000000</point>
				<point>669.000000,640.000000</point>
				<point>656.000000,633.000000</point>
				<point>659.000000,627.000000</point>
				<point>671.000000,635.000000</point>
			</points>
		</object>
		<object>
			<coordinate>pixel</coordinate>
			<type>rectangle</type>
			<description>None</description>
			<possibleresult>
				<name>Small Car</name>
			</possibleresult>
			<points>
				<point>578.000000,562.000000</point>
				<point>576.000000,567.000000</point>
				<point>559.000000,561.000000</point>
				<point>560.000000,555.000000</point>
				<point>578.000000,562.000000</point>
			</points>
		</object>
		<object>
			<coordinate>pixel</coordinate>
			<type>rectangle</type>
			<description>None</description>
			<possibleresult>
				<name>Van</name>
			</possibleresult>
			<points>
				<point>583.000000,583.000000</point>
				<point>581.000000,589.000000</point>
				<point>563.000000,582.000000</point>
				<point>566.000000,575.000000</point>
				<point>583.000000,583.000000</point>
			</points>
		</object>
		<object>
			<coordinate>pixel</coordinate>
			<type>rectangle</type>
			<description>None</description>
			<possibleresult>
				<name>Van</name>
			</possibleresult>
			<points>
				<point>594.000000,907.000000</point>
				<point>581.000000,907.000000</point>
				<point>581.000000,902.000000</point>
				<point>594.000000,902.000000</point>
				<point>594.000000,907.000000</point>
			</points>
		</object>
		<object>
			<coordinate>pixel</coordinate>
			<type>rectangle</type>
			<description>None</description>
			<possibleresult>
				<name>Van</name>
			</possibleresult>
			<points>
				<point>594.000000,892.000000</point>
				<point>577.000000,892.000000</point>
				<point>577.000000,887.000000</point>
				<point>594.000000,887.000000</point>
				<point>594.000000,892.000000</point>
			</points>
		</object>
		<object>
			<coordinate>pixel</coordinate>
			<type>rectangle</type>
			<description>None</description>
			<possibleresult>
				<name>Van</name>
			</possibleresult>
			<points>
				<point>591.000000,884.000000</point>
				<point>574.000000,886.000000</point>
				<point>573.000000,881.000000</point>
				<point>591.000000,880.000000</point>
				<point>591.000000,884.000000</point>
			</points>
		</object>
		<object>
			<coordinate>pixel</coordinate>
			<type>rectangle</type>
			<description>None</description>
			<possibleresult>
				<name>Van</name>
			</possibleresult>
			<points>
				<point>589.000000,879.000000</point>
				<point>574.000000,879.000000</point>
				<point>574.000000,873.000000</point>
				<point>589.000000,873.000000</point>
				<point>589.000000,879.000000</point>
			</points>
		</object>
		<object>
			<coordinate>pixel</coordinate>
			<type>rectangle</type>
			<description>None</description>
			<possibleresult>
				<name>Van</name>
			</possibleresult>
			<points>
				<point>631.000000,874.000000</point>
				<point>615.000000,875.000000</point>
				<point>615.000000,869.000000</point>
				<point>630.000000,867.000000</point>
				<point>631.000000,874.000000</point>
			</points>
		</object>
		<object>
			<coordinate>pixel</coordinate>
			<type>rectangle</type>
			<description>None</description>
			<possibleresult>
				<name>Van</name>
			</possibleresult>
			<points>
				<point>627.000000,839.000000</point>
				<point>614.000000,839.000000</point>
				<point>614.000000,833.000000</point>
				<point>627.000000,833.000000</point>
				<point>627.000000,839.000000</point>
			</points>
		</object>
		<object>
			<coordinate>pixel</coordinate>
			<type>rectangle</type>
			<description>None</description>
			<possibleresult>
				<name>Van</name>
			</possibleresult>
			<points>
				<point>626.000000,827.000000</point>
				<point>612.000000,827.000000</point>
				<point>612.000000,822.000000</point>
				<point>626.000000,822.000000</point>
				<point>626.000000,827.000000</point>
			</points>
		</object>
		<object>
			<coordinate>pixel</coordinate>
			<type>rectangle</type>
			<description>None</description>
			<possibleresult>
				<name>Van</name>
			</possibleresult>
			<points>
				<point>579.000000,820.000000</point>
				<point>563.000000,821.000000</point>
				<point>563.000000,815.000000</point>
				<point>578.000000,813.000000</point>
				<point>579.000000,820.000000</point>
			</points>
		</object>
		<object>
			<coordinate>pixel</coordinate>
			<type>rectangle</type>
			<description>None</description>
			<possibleresult>
				<name>Small Car</name>
			</possibleresult>
			<points>
				<point>574.000000,773.000000</point>
				<point>559.000000,773.000000</point>
				<point>559.000000,766.000000</point>
				<point>574.000000,766.000000</point>
				<point>574.000000,773.000000</point>
			</points>
		</object>
		<object>
			<coordinate>pixel</coordinate>
			<type>rectangle</type>
			<description>None</description>
			<possibleresult>
				<name>Small Car</name>
			</possibleresult>
			<points>
				<point>578.000000,735.000000</point>
				<point>567.000000,735.000000</point>
				<point>567.000000,728.000000</point>
				<point>578.000000,728.000000</point>
				<point>578.000000,735.000000</point>
			</points>
		</object>
		<object>
			<coordinate>pixel</coordinate>
			<type>rectangle</type>
			<description>None</description>
			<possibleresult>
				<name>Van</name>
			</possibleresult>
			<points>
				<point>625.000000,781.000000</point>
				<point>608.000000,781.000000</point>
				<point>608.000000,775.000000</point>
				<point>625.000000,775.000000</point>
				<point>625.000000,781.000000</point>
			</points>
		</object>
		<object>
			<coordinate>pixel</coordinate>
			<type>rectangle</type>
			<description>None</description>
			<possibleresult>
				<name>Small Car</name>
			</possibleresult>
			<points>
				<point>699.000000,723.000000</point>
				<point>693.000000,723.000000</point>
				<point>693.000000,706.000000</point>
				<point>699.000000,706.000000</point>
				<point>699.000000,723.000000</point>
			</points>
		</object>
		<object>
			<coordinate>pixel</coordinate>
			<type>rectangle</type>
			<description>None</description>
			<possibleresult>
				<name>Small Car</name>
			</possibleresult>
			<points>
				<point>711.000000,744.000000</point>
				<point>708.000000,760.000000</point>
				<point>701.000000,759.000000</point>
				<point>704.000000,743.000000</point>
				<point>711.000000,744.000000</point>
			</points>
		</object>
		<object>
			<coordinate>pixel</coordinate>
			<type>rectangle</type>
			<description>None</description>
			<possibleresult>
				<name>Small Car</name>
			</possibleresult>
			<points>
				<point>701.000000,746.000000</point>
				<point>699.000000,760.000000</point>
				<point>692.000000,759.000000</point>
				<point>694.000000,745.000000</point>
				<point>701.000000,746.000000</point>
			</points>
		</object>
		<object>
			<coordinate>pixel</coordinate>
			<type>rectangle</type>
			<description>None</description>
			<possibleresult>
				<name>Small Car</name>
			</possibleresult>
			<points>
				<point>744.000000,796.000000</point>
				<point>732.000000,805.000000</point>
				<point>728.000000,800.000000</point>
				<point>740.000000,791.000000</point>
				<point>744.000000,796.000000</point>
			</points>
		</object>
		<object>
			<coordinate>pixel</coordinate>
			<type>rectangle</type>
			<description>None</description>
			<possibleresult>
				<name>Small Car</name>
			</possibleresult>
			<points>
				<point>790.000000,977.000000</point>
				<point>780.000000,982.000000</point>
				<point>778.000000,977.000000</point>
				<point>787.000000,971.000000</point>
				<point>790.000000,977.000000</point>
			</points>
		</object>
		<object>
			<coordinate>pixel</coordinate>
			<type>rectangle</type>
			<description>None</description>
			<possibleresult>
				<name>Small Car</name>
			</possibleresult>
			<points>
				<point>783.000000,965.000000</point>
				<point>774.000000,969.000000</point>
				<point>771.000000,965.000000</point>
				<point>781.000000,960.000000</point>
				<point>783.000000,965.000000</point>
			</points>
		</object>
	</objects>
</annotation>