<?xml version="1.0" encoding="utf-8"?>
<annotation>
	<source>
		<filename>1718.tif</filename>
		<origin>GF2/GF3</origin>
	</source>
	<research>
		<version>1.0</version>
		<provider>FAIR1M</provider>
		<author>Cyber</author>
		<pluginname>FAIR1M</pluginname>
		<pluginclass>object detection</pluginclass>
		<time>2021-07-21</time>
	</research>
	<size>
		<width>1000</width>
		<height>1000</height>
		<depth>3</depth>
	</size>
	<objects>
		<object>
			<coordinate>pixel</coordinate>
			<type>rectangle</type>
			<description>None</description>
			<possibleresult>
				<name>other-airplane</name>
			</possibleresult>
			<points>
				<point>219.000000,303.000000</point>
				<point>248.000000,331.000000</point>
				<point>274.000000,303.000000</point>
				<point>244.000000,275.000000</point>
				<point>219.000000,303.000000</point>
			</points>
		</object>
		<object>
			<coordinate>pixel</coordinate>
			<type>rectangle</type>
			<description>None</description>
			<possibleresult>
				<name>other-airplane</name>
			</possibleresult>
			<points>
				<point>273.000000,590.000000</point>
				<point>268.000000,620.000000</point>
				<point>307.000000,626.000000</point>
				<point>311.000000,596.000000</point>
				<point>273.000000,590.000000</point>
			</points>
		</object>
	</objects>
</annotation>