<?xml version="1.0" encoding="utf-8"?>
<annotation>
	<source>
		<filename>1723.tif</filename>
		<origin>GF2/GF3</origin>
	</source>
	<research>
		<version>1.0</version>
		<provider>FAIR1M</provider>
		<author>Cyber</author>
		<pluginname>FAIR1M</pluginname>
		<pluginclass>object detection</pluginclass>
		<time>2021-07-21</time>
	</research>
	<size>
		<width>1500</width>
		<height>1500</height>
		<depth>3</depth>
	</size>
	<objects>
		<object>
			<coordinate>pixel</coordinate>
			<type>rectangle</type>
			<description>None</description>
			<possibleresult>
				<name>Motorboat</name>
			</possibleresult>
			<points>
				<point>794.000000,61.000000</point>
				<point>805.000000,52.000000</point>
				<point>801.000000,48.000000</point>
				<point>791.000000,57.000000</point>
				<point>794.000000,61.000000</point>
			</points>
		</object>
		<object>
			<coordinate>pixel</coordinate>
			<type>rectangle</type>
			<description>None</description>
			<possibleresult>
				<name>Motorboat</name>
			</possibleresult>
			<points>
				<point>895.000000,36.000000</point>
				<point>880.000000,43.000000</point>
				<point>882.000000,48.000000</point>
				<point>897.000000,42.000000</point>
				<point>895.000000,36.000000</point>
			</points>
		</object>
		<object>
			<coordinate>pixel</coordinate>
			<type>rectangle</type>
			<description>None</description>
			<possibleresult>
				<name>Motorboat</name>
			</possibleresult>
			<points>
				<point>888.000000,22.000000</point>
				<point>874.000000,30.000000</point>
				<point>876.000000,35.000000</point>
				<point>891.000000,28.000000</point>
				<point>888.000000,22.000000</point>
			</points>
		</object>
		<object>
			<coordinate>pixel</coordinate>
			<type>rectangle</type>
			<description>None</description>
			<possibleresult>
				<name>Motorboat</name>
			</possibleresult>
			<points>
				<point>874.000000,27.000000</point>
				<point>889.000000,20.000000</point>
				<point>886.000000,15.000000</point>
				<point>871.000000,22.000000</point>
				<point>874.000000,27.000000</point>
			</points>
		</object>
		<object>
			<coordinate>pixel</coordinate>
			<type>rectangle</type>
			<description>None</description>
			<possibleresult>
				<name>Motorboat</name>
			</possibleresult>
			<points>
				<point>799.000000,41.000000</point>
				<point>789.000000,50.000000</point>
				<point>794.000000,55.000000</point>
				<point>804.000000,45.000000</point>
				<point>799.000000,41.000000</point>
			</points>
		</object>
		<object>
			<coordinate>pixel</coordinate>
			<type>rectangle</type>
			<description>None</description>
			<possibleresult>
				<name>Motorboat</name>
			</possibleresult>
			<points>
				<point>896.000000,42.000000</point>
				<point>882.000000,49.000000</point>
				<point>884.000000,55.000000</point>
				<point>899.000000,48.000000</point>
				<point>896.000000,42.000000</point>
			</points>
		</object>
		<object>
			<coordinate>pixel</coordinate>
			<type>rectangle</type>
			<description>None</description>
			<possibleresult>
				<name>Motorboat</name>
			</possibleresult>
			<points>
				<point>886.000000,68.000000</point>
				<point>901.000000,61.000000</point>
				<point>899.000000,57.000000</point>
				<point>884.000000,64.000000</point>
				<point>886.000000,68.000000</point>
			</points>
		</object>
		<object>
			<coordinate>pixel</coordinate>
			<type>rectangle</type>
			<description>None</description>
			<possibleresult>
				<name>Motorboat</name>
			</possibleresult>
			<points>
				<point>902.000000,62.000000</point>
				<point>886.000000,70.000000</point>
				<point>889.000000,76.000000</point>
				<point>905.000000,69.000000</point>
				<point>902.000000,62.000000</point>
			</points>
		</object>
		<object>
			<coordinate>pixel</coordinate>
			<type>rectangle</type>
			<description>None</description>
			<possibleresult>
				<name>Motorboat</name>
			</possibleresult>
			<points>
				<point>899.000000,49.000000</point>
				<point>885.000000,55.000000</point>
				<point>887.000000,61.000000</point>
				<point>901.000000,54.000000</point>
				<point>899.000000,49.000000</point>
			</points>
		</object>
		<object>
			<coordinate>pixel</coordinate>
			<type>rectangle</type>
			<description>None</description>
			<possibleresult>
				<name>Motorboat</name>
			</possibleresult>
			<points>
				<point>986.000000,16.000000</point>
				<point>990.000000,35.000000</point>
				<point>998.000000,33.000000</point>
				<point>994.000000,14.000000</point>
				<point>986.000000,16.000000</point>
			</points>
		</object>
		<object>
			<coordinate>pixel</coordinate>
			<type>rectangle</type>
			<description>None</description>
			<possibleresult>
				<name>Motorboat</name>
			</possibleresult>
			<points>
				<point>969.000000,0.000000</point>
				<point>950.000000,5.000000</point>
				<point>951.000000,10.000000</point>
				<point>970.000000,4.000000</point>
				<point>969.000000,0.000000</point>
			</points>
		</object>
		<object>
			<coordinate>pixel</coordinate>
			<type>rectangle</type>
			<description>None</description>
			<possibleresult>
				<name>Motorboat</name>
			</possibleresult>
			<points>
				<point>972.000000,4.000000</point>
				<point>951.000000,10.000000</point>
				<point>953.000000,17.000000</point>
				<point>974.000000,11.000000</point>
				<point>972.000000,4.000000</point>
			</points>
		</object>
		<object>
			<coordinate>pixel</coordinate>
			<type>rectangle</type>
			<description>None</description>
			<possibleresult>
				<name>Motorboat</name>
			</possibleresult>
			<points>
				<point>958.000000,27.000000</point>
				<point>977.000000,21.000000</point>
				<point>975.000000,15.000000</point>
				<point>956.000000,21.000000</point>
				<point>958.000000,27.000000</point>
			</points>
		</object>
		<object>
			<coordinate>pixel</coordinate>
			<type>rectangle</type>
			<description>None</description>
			<possibleresult>
				<name>Motorboat</name>
			</possibleresult>
			<points>
				<point>983.000000,31.000000</point>
				<point>967.000000,39.000000</point>
				<point>970.000000,45.000000</point>
				<point>986.000000,38.000000</point>
				<point>983.000000,31.000000</point>
			</points>
		</object>
		<object>
			<coordinate>pixel</coordinate>
			<type>rectangle</type>
			<description>None</description>
			<possibleresult>
				<name>Motorboat</name>
			</possibleresult>
			<points>
				<point>988.000000,40.000000</point>
				<point>966.000000,48.000000</point>
				<point>968.000000,54.000000</point>
				<point>990.000000,46.000000</point>
				<point>988.000000,40.000000</point>
			</points>
		</object>
		<object>
			<coordinate>pixel</coordinate>
			<type>rectangle</type>
			<description>None</description>
			<possibleresult>
				<name>Motorboat</name>
			</possibleresult>
			<points>
				<point>888.000000,8.000000</point>
				<point>916.000000,8.000000</point>
				<point>916.000000,0.000000</point>
				<point>888.000000,0.000000</point>
				<point>888.000000,8.000000</point>
			</points>
		</object>
		<object>
			<coordinate>pixel</coordinate>
			<type>rectangle</type>
			<description>None</description>
			<possibleresult>
				<name>Motorboat</name>
			</possibleresult>
			<points>
				<point>893.000000,18.000000</point>
				<point>916.000000,18.000000</point>
				<point>916.000000,10.000000</point>
				<point>893.000000,10.000000</point>
				<point>893.000000,18.000000</point>
			</points>
		</object>
		<object>
			<coordinate>pixel</coordinate>
			<type>rectangle</type>
			<description>None</description>
			<possibleresult>
				<name>Motorboat</name>
			</possibleresult>
			<points>
				<point>894.000000,28.000000</point>
				<point>921.000000,28.000000</point>
				<point>921.000000,21.000000</point>
				<point>894.000000,21.000000</point>
				<point>894.000000,28.000000</point>
			</points>
		</object>
		<object>
			<coordinate>pixel</coordinate>
			<type>rectangle</type>
			<description>None</description>
			<possibleresult>
				<name>Motorboat</name>
			</possibleresult>
			<points>
				<point>925.000000,30.000000</point>
				<point>899.000000,30.000000</point>
				<point>899.000000,38.000000</point>
				<point>925.000000,37.000000</point>
				<point>925.000000,30.000000</point>
			</points>
		</object>
		<object>
			<coordinate>pixel</coordinate>
			<type>rectangle</type>
			<description>None</description>
			<possibleresult>
				<name>Motorboat</name>
			</possibleresult>
			<points>
				<point>902.000000,48.000000</point>
				<point>926.000000,48.000000</point>
				<point>926.000000,40.000000</point>
				<point>902.000000,40.000000</point>
				<point>902.000000,48.000000</point>
			</points>
		</object>
		<object>
			<coordinate>pixel</coordinate>
			<type>rectangle</type>
			<description>None</description>
			<possibleresult>
				<name>Motorboat</name>
			</possibleresult>
			<points>
				<point>930.000000,50.000000</point>
				<point>906.000000,50.000000</point>
				<point>906.000000,58.000000</point>
				<point>930.000000,58.000000</point>
				<point>930.000000,50.000000</point>
			</points>
		</object>
		<object>
			<coordinate>pixel</coordinate>
			<type>rectangle</type>
			<description>None</description>
			<possibleresult>
				<name>Motorboat</name>
			</possibleresult>
			<points>
				<point>918.000000,75.000000</point>
				<point>934.000000,66.000000</point>
				<point>931.000000,60.000000</point>
				<point>914.000000,68.000000</point>
				<point>918.000000,75.000000</point>
			</points>
		</object>
		<object>
			<coordinate>pixel</coordinate>
			<type>rectangle</type>
			<description>None</description>
			<possibleresult>
				<name>Motorboat</name>
			</possibleresult>
			<points>
				<point>935.000000,68.000000</point>
				<point>920.000000,76.000000</point>
				<point>923.000000,83.000000</point>
				<point>938.000000,75.000000</point>
				<point>935.000000,68.000000</point>
			</points>
		</object>
		<object>
			<coordinate>pixel</coordinate>
			<type>rectangle</type>
			<description>None</description>
			<possibleresult>
				<name>Motorboat</name>
			</possibleresult>
			<points>
				<point>942.000000,77.000000</point>
				<point>923.000000,85.000000</point>
				<point>926.000000,92.000000</point>
				<point>945.000000,84.000000</point>
				<point>942.000000,77.000000</point>
			</points>
		</object>
		<object>
			<coordinate>pixel</coordinate>
			<type>rectangle</type>
			<description>None</description>
			<possibleresult>
				<name>Motorboat</name>
			</possibleresult>
			<points>
				<point>838.000000,20.000000</point>
				<point>843.000000,37.000000</point>
				<point>849.000000,35.000000</point>
				<point>844.000000,19.000000</point>
				<point>838.000000,20.000000</point>
			</points>
		</object>
		<object>
			<coordinate>pixel</coordinate>
			<type>rectangle</type>
			<description>None</description>
			<possibleresult>
				<name>Motorboat</name>
			</possibleresult>
			<points>
				<point>843.000000,112.000000</point>
				<point>863.000000,106.000000</point>
				<point>861.000000,98.000000</point>
				<point>841.000000,105.000000</point>
				<point>843.000000,112.000000</point>
			</points>
		</object>
		<object>
			<coordinate>pixel</coordinate>
			<type>rectangle</type>
			<description>None</description>
			<possibleresult>
				<name>Motorboat</name>
			</possibleresult>
			<points>
				<point>795.000000,8.000000</point>
				<point>780.000000,13.000000</point>
				<point>782.000000,17.000000</point>
				<point>797.000000,12.000000</point>
				<point>795.000000,8.000000</point>
			</points>
		</object>
		<object>
			<coordinate>pixel</coordinate>
			<type>rectangle</type>
			<description>None</description>
			<possibleresult>
				<name>Motorboat</name>
			</possibleresult>
			<points>
				<point>771.000000,16.000000</point>
				<point>778.000000,27.000000</point>
				<point>782.000000,25.000000</point>
				<point>776.000000,14.000000</point>
				<point>771.000000,16.000000</point>
			</points>
		</object>
		<object>
			<coordinate>pixel</coordinate>
			<type>rectangle</type>
			<description>None</description>
			<possibleresult>
				<name>Motorboat</name>
			</possibleresult>
			<points>
				<point>766.000000,20.000000</point>
				<point>771.000000,31.000000</point>
				<point>777.000000,28.000000</point>
				<point>771.000000,17.000000</point>
				<point>766.000000,20.000000</point>
			</points>
		</object>
		<object>
			<coordinate>pixel</coordinate>
			<type>rectangle</type>
			<description>None</description>
			<possibleresult>
				<name>Motorboat</name>
			</possibleresult>
			<points>
				<point>758.000000,24.000000</point>
				<point>766.000000,35.000000</point>
				<point>770.000000,32.000000</point>
				<point>762.000000,21.000000</point>
				<point>758.000000,24.000000</point>
			</points>
		</object>
		<object>
			<coordinate>pixel</coordinate>
			<type>rectangle</type>
			<description>None</description>
			<possibleresult>
				<name>Motorboat</name>
			</possibleresult>
			<points>
				<point>752.000000,27.000000</point>
				<point>761.000000,38.000000</point>
				<point>764.000000,35.000000</point>
				<point>756.000000,24.000000</point>
				<point>752.000000,27.000000</point>
			</points>
		</object>
		<object>
			<coordinate>pixel</coordinate>
			<type>rectangle</type>
			<description>None</description>
			<possibleresult>
				<name>Motorboat</name>
			</possibleresult>
			<points>
				<point>786.000000,47.000000</point>
				<point>800.000000,38.000000</point>
				<point>797.000000,34.000000</point>
				<point>784.000000,43.000000</point>
				<point>786.000000,47.000000</point>
			</points>
		</object>
		<object>
			<coordinate>pixel</coordinate>
			<type>rectangle</type>
			<description>None</description>
			<possibleresult>
				<name>Motorboat</name>
			</possibleresult>
			<points>
				<point>807.000000,53.000000</point>
				<point>795.000000,63.000000</point>
				<point>799.000000,67.000000</point>
				<point>810.000000,57.000000</point>
				<point>807.000000,53.000000</point>
			</points>
		</object>
		<object>
			<coordinate>pixel</coordinate>
			<type>rectangle</type>
			<description>None</description>
			<possibleresult>
				<name>Motorboat</name>
			</possibleresult>
			<points>
				<point>746.000000,50.000000</point>
				<point>763.000000,47.000000</point>
				<point>762.000000,41.000000</point>
				<point>745.000000,44.000000</point>
				<point>746.000000,50.000000</point>
			</points>
		</object>
		<object>
			<coordinate>pixel</coordinate>
			<type>rectangle</type>
			<description>None</description>
			<possibleresult>
				<name>Motorboat</name>
			</possibleresult>
			<points>
				<point>748.000000,54.000000</point>
				<point>767.000000,54.000000</point>
				<point>767.000000,49.000000</point>
				<point>748.000000,49.000000</point>
				<point>748.000000,54.000000</point>
			</points>
		</object>
		<object>
			<coordinate>pixel</coordinate>
			<type>rectangle</type>
			<description>None</description>
			<possibleresult>
				<name>Motorboat</name>
			</possibleresult>
			<points>
				<point>753.000000,61.000000</point>
				<point>771.000000,58.000000</point>
				<point>771.000000,54.000000</point>
				<point>752.000000,57.000000</point>
				<point>753.000000,61.000000</point>
			</points>
		</object>
		<object>
			<coordinate>pixel</coordinate>
			<type>rectangle</type>
			<description>None</description>
			<possibleresult>
				<name>Motorboat</name>
			</possibleresult>
			<points>
				<point>759.000000,67.000000</point>
				<point>776.000000,64.000000</point>
				<point>775.000000,60.000000</point>
				<point>758.000000,63.000000</point>
				<point>759.000000,67.000000</point>
			</points>
		</object>
		<object>
			<coordinate>pixel</coordinate>
			<type>rectangle</type>
			<description>None</description>
			<possibleresult>
				<name>Motorboat</name>
			</possibleresult>
			<points>
				<point>762.000000,74.000000</point>
				<point>780.000000,71.000000</point>
				<point>779.000000,65.000000</point>
				<point>761.000000,68.000000</point>
				<point>762.000000,74.000000</point>
			</points>
		</object>
		<object>
			<coordinate>pixel</coordinate>
			<type>rectangle</type>
			<description>None</description>
			<possibleresult>
				<name>Motorboat</name>
			</possibleresult>
			<points>
				<point>768.000000,80.000000</point>
				<point>786.000000,78.000000</point>
				<point>785.000000,72.000000</point>
				<point>767.000000,74.000000</point>
				<point>768.000000,80.000000</point>
			</points>
		</object>
		<object>
			<coordinate>pixel</coordinate>
			<type>rectangle</type>
			<description>None</description>
			<possibleresult>
				<name>Motorboat</name>
			</possibleresult>
			<points>
				<point>771.000000,87.000000</point>
				<point>789.000000,86.000000</point>
				<point>788.000000,81.000000</point>
				<point>771.000000,81.000000</point>
				<point>771.000000,87.000000</point>
			</points>
		</object>
		<object>
			<coordinate>pixel</coordinate>
			<type>rectangle</type>
			<description>None</description>
			<possibleresult>
				<name>Motorboat</name>
			</possibleresult>
			<points>
				<point>776.000000,94.000000</point>
				<point>792.000000,91.000000</point>
				<point>790.000000,86.000000</point>
				<point>775.000000,89.000000</point>
				<point>776.000000,94.000000</point>
			</points>
		</object>
		<object>
			<coordinate>pixel</coordinate>
			<type>rectangle</type>
			<description>None</description>
			<possibleresult>
				<name>Motorboat</name>
			</possibleresult>
			<points>
				<point>780.000000,103.000000</point>
				<point>801.000000,100.000000</point>
				<point>801.000000,93.000000</point>
				<point>779.000000,95.000000</point>
				<point>780.000000,103.000000</point>
			</points>
		</object>
		<object>
			<coordinate>pixel</coordinate>
			<type>rectangle</type>
			<description>None</description>
			<possibleresult>
				<name>Motorboat</name>
			</possibleresult>
			<points>
				<point>788.000000,111.000000</point>
				<point>808.000000,109.000000</point>
				<point>807.000000,102.000000</point>
				<point>786.000000,103.000000</point>
				<point>788.000000,111.000000</point>
			</points>
		</object>
		<object>
			<coordinate>pixel</coordinate>
			<type>rectangle</type>
			<description>None</description>
			<possibleresult>
				<name>Motorboat</name>
			</possibleresult>
			<points>
				<point>792.000000,117.000000</point>
				<point>810.000000,115.000000</point>
				<point>809.000000,110.000000</point>
				<point>792.000000,112.000000</point>
				<point>792.000000,117.000000</point>
			</points>
		</object>
		<object>
			<coordinate>pixel</coordinate>
			<type>rectangle</type>
			<description>None</description>
			<possibleresult>
				<name>Motorboat</name>
			</possibleresult>
			<points>
				<point>797.000000,126.000000</point>
				<point>818.000000,124.000000</point>
				<point>816.000000,116.000000</point>
				<point>796.000000,118.000000</point>
				<point>797.000000,126.000000</point>
			</points>
		</object>
		<object>
			<coordinate>pixel</coordinate>
			<type>rectangle</type>
			<description>None</description>
			<possibleresult>
				<name>Motorboat</name>
			</possibleresult>
			<points>
				<point>801.000000,134.000000</point>
				<point>820.000000,132.000000</point>
				<point>819.000000,124.000000</point>
				<point>801.000000,126.000000</point>
				<point>801.000000,134.000000</point>
			</points>
		</object>
		<object>
			<coordinate>pixel</coordinate>
			<type>rectangle</type>
			<description>None</description>
			<possibleresult>
				<name>Motorboat</name>
			</possibleresult>
			<points>
				<point>811.000000,146.000000</point>
				<point>829.000000,137.000000</point>
				<point>826.000000,131.000000</point>
				<point>808.000000,139.000000</point>
				<point>811.000000,146.000000</point>
			</points>
		</object>
		<object>
			<coordinate>pixel</coordinate>
			<type>rectangle</type>
			<description>None</description>
			<possibleresult>
				<name>Motorboat</name>
			</possibleresult>
			<points>
				<point>818.000000,153.000000</point>
				<point>835.000000,144.000000</point>
				<point>831.000000,137.000000</point>
				<point>814.000000,146.000000</point>
				<point>818.000000,153.000000</point>
			</points>
		</object>
		<object>
			<coordinate>pixel</coordinate>
			<type>rectangle</type>
			<description>None</description>
			<possibleresult>
				<name>Motorboat</name>
			</possibleresult>
			<points>
				<point>732.000000,36.000000</point>
				<point>717.000000,43.000000</point>
				<point>720.000000,49.000000</point>
				<point>735.000000,41.000000</point>
				<point>732.000000,36.000000</point>
			</points>
		</object>
		<object>
			<coordinate>pixel</coordinate>
			<type>rectangle</type>
			<description>None</description>
			<possibleresult>
				<name>Motorboat</name>
			</possibleresult>
			<points>
				<point>737.000000,42.000000</point>
				<point>722.000000,51.000000</point>
				<point>726.000000,56.000000</point>
				<point>741.000000,47.000000</point>
				<point>737.000000,42.000000</point>
			</points>
		</object>
		<object>
			<coordinate>pixel</coordinate>
			<type>rectangle</type>
			<description>None</description>
			<possibleresult>
				<name>Motorboat</name>
			</possibleresult>
			<points>
				<point>725.000000,66.000000</point>
				<point>741.000000,59.000000</point>
				<point>739.000000,52.000000</point>
				<point>721.000000,59.000000</point>
				<point>725.000000,66.000000</point>
			</points>
		</object>
		<object>
			<coordinate>pixel</coordinate>
			<type>rectangle</type>
			<description>None</description>
			<possibleresult>
				<name>Motorboat</name>
			</possibleresult>
			<points>
				<point>748.000000,58.000000</point>
				<point>731.000000,65.000000</point>
				<point>733.000000,71.000000</point>
				<point>750.000000,64.000000</point>
				<point>748.000000,58.000000</point>
			</points>
		</object>
		<object>
			<coordinate>pixel</coordinate>
			<type>rectangle</type>
			<description>None</description>
			<possibleresult>
				<name>Motorboat</name>
			</possibleresult>
			<points>
				<point>753.000000,64.000000</point>
				<point>736.000000,71.000000</point>
				<point>739.000000,78.000000</point>
				<point>756.000000,70.000000</point>
				<point>753.000000,64.000000</point>
			</points>
		</object>
		<object>
			<coordinate>pixel</coordinate>
			<type>rectangle</type>
			<description>None</description>
			<possibleresult>
				<name>Motorboat</name>
			</possibleresult>
			<points>
				<point>756.000000,71.000000</point>
				<point>739.000000,80.000000</point>
				<point>743.000000,87.000000</point>
				<point>761.000000,78.000000</point>
				<point>756.000000,71.000000</point>
			</points>
		</object>
		<object>
			<coordinate>pixel</coordinate>
			<type>rectangle</type>
			<description>None</description>
			<possibleresult>
				<name>Motorboat</name>
			</possibleresult>
			<points>
				<point>762.000000,79.000000</point>
				<point>745.000000,88.000000</point>
				<point>749.000000,94.000000</point>
				<point>765.000000,86.000000</point>
				<point>762.000000,79.000000</point>
			</points>
		</object>
		<object>
			<coordinate>pixel</coordinate>
			<type>rectangle</type>
			<description>None</description>
			<possibleresult>
				<name>Motorboat</name>
			</possibleresult>
			<points>
				<point>771.000000,95.000000</point>
				<point>754.000000,103.000000</point>
				<point>756.000000,109.000000</point>
				<point>775.000000,101.000000</point>
				<point>771.000000,95.000000</point>
			</points>
		</object>
		<object>
			<coordinate>pixel</coordinate>
			<type>rectangle</type>
			<description>None</description>
			<possibleresult>
				<name>Motorboat</name>
			</possibleresult>
			<points>
				<point>764.000000,115.000000</point>
				<point>780.000000,109.000000</point>
				<point>778.000000,103.000000</point>
				<point>761.000000,109.000000</point>
				<point>764.000000,115.000000</point>
			</points>
		</object>
		<object>
			<coordinate>pixel</coordinate>
			<type>rectangle</type>
			<description>None</description>
			<possibleresult>
				<name>Motorboat</name>
			</possibleresult>
			<points>
				<point>781.000000,109.000000</point>
				<point>765.000000,118.000000</point>
				<point>768.000000,125.000000</point>
				<point>785.000000,115.000000</point>
				<point>781.000000,109.000000</point>
			</points>
		</object>
		<object>
			<coordinate>pixel</coordinate>
			<type>rectangle</type>
			<description>None</description>
			<possibleresult>
				<name>Motorboat</name>
			</possibleresult>
			<points>
				<point>774.000000,132.000000</point>
				<point>789.000000,123.000000</point>
				<point>786.000000,117.000000</point>
				<point>770.000000,126.000000</point>
				<point>774.000000,132.000000</point>
			</points>
		</object>
		<object>
			<coordinate>pixel</coordinate>
			<type>rectangle</type>
			<description>None</description>
			<possibleresult>
				<name>Motorboat</name>
			</possibleresult>
			<points>
				<point>793.000000,124.000000</point>
				<point>775.000000,132.000000</point>
				<point>777.000000,138.000000</point>
				<point>795.000000,129.000000</point>
				<point>793.000000,124.000000</point>
			</points>
		</object>
		<object>
			<coordinate>pixel</coordinate>
			<type>rectangle</type>
			<description>None</description>
			<possibleresult>
				<name>Motorboat</name>
			</possibleresult>
			<points>
				<point>801.000000,140.000000</point>
				<point>784.000000,146.000000</point>
				<point>786.000000,153.000000</point>
				<point>804.000000,146.000000</point>
				<point>801.000000,140.000000</point>
			</points>
		</object>
		<object>
			<coordinate>pixel</coordinate>
			<type>rectangle</type>
			<description>None</description>
			<possibleresult>
				<name>Motorboat</name>
			</possibleresult>
			<points>
				<point>806.000000,146.000000</point>
				<point>788.000000,155.000000</point>
				<point>791.000000,161.000000</point>
				<point>809.000000,153.000000</point>
				<point>806.000000,146.000000</point>
			</points>
		</object>
		<object>
			<coordinate>pixel</coordinate>
			<type>rectangle</type>
			<description>None</description>
			<possibleresult>
				<name>Motorboat</name>
			</possibleresult>
			<points>
				<point>703.000000,56.000000</point>
				<point>683.000000,62.000000</point>
				<point>685.000000,68.000000</point>
				<point>705.000000,61.000000</point>
				<point>703.000000,56.000000</point>
			</points>
		</object>
		<object>
			<coordinate>pixel</coordinate>
			<type>rectangle</type>
			<description>None</description>
			<possibleresult>
				<name>Motorboat</name>
			</possibleresult>
			<points>
				<point>686.000000,77.000000</point>
				<point>706.000000,74.000000</point>
				<point>705.000000,68.000000</point>
				<point>685.000000,71.000000</point>
				<point>686.000000,77.000000</point>
			</points>
		</object>
		<object>
			<coordinate>pixel</coordinate>
			<type>rectangle</type>
			<description>None</description>
			<possibleresult>
				<name>Motorboat</name>
			</possibleresult>
			<points>
				<point>711.000000,74.000000</point>
				<point>688.000000,77.000000</point>
				<point>690.000000,83.000000</point>
				<point>711.000000,80.000000</point>
				<point>711.000000,74.000000</point>
			</points>
		</object>
		<object>
			<coordinate>pixel</coordinate>
			<type>rectangle</type>
			<description>None</description>
			<possibleresult>
				<name>Motorboat</name>
			</possibleresult>
			<points>
				<point>694.000000,91.000000</point>
				<point>711.000000,88.000000</point>
				<point>711.000000,82.000000</point>
				<point>693.000000,86.000000</point>
				<point>694.000000,91.000000</point>
			</points>
		</object>
		<object>
			<coordinate>pixel</coordinate>
			<type>rectangle</type>
			<description>None</description>
			<possibleresult>
				<name>Motorboat</name>
			</possibleresult>
			<points>
				<point>698.000000,97.000000</point>
				<point>717.000000,95.000000</point>
				<point>716.000000,90.000000</point>
				<point>696.000000,92.000000</point>
				<point>698.000000,97.000000</point>
			</points>
		</object>
		<object>
			<coordinate>pixel</coordinate>
			<type>rectangle</type>
			<description>None</description>
			<possibleresult>
				<name>Motorboat</name>
			</possibleresult>
			<points>
				<point>703.000000,106.000000</point>
				<point>722.000000,104.000000</point>
				<point>722.000000,99.000000</point>
				<point>703.000000,100.000000</point>
				<point>703.000000,106.000000</point>
			</points>
		</object>
		<object>
			<coordinate>pixel</coordinate>
			<type>rectangle</type>
			<description>None</description>
			<possibleresult>
				<name>Motorboat</name>
			</possibleresult>
			<points>
				<point>708.000000,113.000000</point>
				<point>728.000000,110.000000</point>
				<point>726.000000,104.000000</point>
				<point>707.000000,107.000000</point>
				<point>708.000000,113.000000</point>
			</points>
		</object>
		<object>
			<coordinate>pixel</coordinate>
			<type>rectangle</type>
			<description>None</description>
			<possibleresult>
				<name>Motorboat</name>
			</possibleresult>
			<points>
				<point>735.000000,109.000000</point>
				<point>712.000000,115.000000</point>
				<point>713.000000,121.000000</point>
				<point>737.000000,115.000000</point>
				<point>735.000000,109.000000</point>
			</points>
		</object>
		<object>
			<coordinate>pixel</coordinate>
			<type>rectangle</type>
			<description>None</description>
			<possibleresult>
				<name>Motorboat</name>
			</possibleresult>
			<points>
				<point>719.000000,127.000000</point>
				<point>739.000000,124.000000</point>
				<point>739.000000,117.000000</point>
				<point>718.000000,120.000000</point>
				<point>719.000000,127.000000</point>
			</points>
		</object>
		<object>
			<coordinate>pixel</coordinate>
			<type>rectangle</type>
			<description>None</description>
			<possibleresult>
				<name>Motorboat</name>
			</possibleresult>
			<points>
				<point>723.000000,135.000000</point>
				<point>744.000000,133.000000</point>
				<point>743.000000,126.000000</point>
				<point>722.000000,129.000000</point>
				<point>723.000000,135.000000</point>
			</points>
		</object>
		<object>
			<coordinate>pixel</coordinate>
			<type>rectangle</type>
			<description>None</description>
			<possibleresult>
				<name>Motorboat</name>
			</possibleresult>
			<points>
				<point>729.000000,142.000000</point>
				<point>749.000000,140.000000</point>
				<point>748.000000,134.000000</point>
				<point>727.000000,136.000000</point>
				<point>729.000000,142.000000</point>
			</points>
		</object>
		<object>
			<coordinate>pixel</coordinate>
			<type>rectangle</type>
			<description>None</description>
			<possibleresult>
				<name>Motorboat</name>
			</possibleresult>
			<points>
				<point>733.000000,149.000000</point>
				<point>755.000000,147.000000</point>
				<point>754.000000,141.000000</point>
				<point>733.000000,143.000000</point>
				<point>733.000000,149.000000</point>
			</points>
		</object>
		<object>
			<coordinate>pixel</coordinate>
			<type>rectangle</type>
			<description>None</description>
			<possibleresult>
				<name>Motorboat</name>
			</possibleresult>
			<points>
				<point>738.000000,158.000000</point>
				<point>758.000000,155.000000</point>
				<point>757.000000,148.000000</point>
				<point>737.000000,151.000000</point>
				<point>738.000000,158.000000</point>
			</points>
		</object>
		<object>
			<coordinate>pixel</coordinate>
			<type>rectangle</type>
			<description>None</description>
			<possibleresult>
				<name>Motorboat</name>
			</possibleresult>
			<points>
				<point>744.000000,165.000000</point>
				<point>764.000000,161.000000</point>
				<point>763.000000,154.000000</point>
				<point>743.000000,158.000000</point>
				<point>744.000000,165.000000</point>
			</points>
		</object>
		<object>
			<coordinate>pixel</coordinate>
			<type>rectangle</type>
			<description>None</description>
			<possibleresult>
				<name>Motorboat</name>
			</possibleresult>
			<points>
				<point>752.000000,176.000000</point>
				<point>768.000000,168.000000</point>
				<point>764.000000,161.000000</point>
				<point>748.000000,169.000000</point>
				<point>752.000000,176.000000</point>
			</points>
		</object>
		<object>
			<coordinate>pixel</coordinate>
			<type>rectangle</type>
			<description>None</description>
			<possibleresult>
				<name>Motorboat</name>
			</possibleresult>
			<points>
				<point>770.000000,167.000000</point>
				<point>756.000000,176.000000</point>
				<point>760.000000,183.000000</point>
				<point>774.000000,175.000000</point>
				<point>770.000000,167.000000</point>
			</points>
		</object>
		<object>
			<coordinate>pixel</coordinate>
			<type>rectangle</type>
			<description>None</description>
			<possibleresult>
				<name>Motorboat</name>
			</possibleresult>
			<points>
				<point>776.000000,177.000000</point>
				<point>759.000000,187.000000</point>
				<point>763.000000,193.000000</point>
				<point>780.000000,183.000000</point>
				<point>776.000000,177.000000</point>
			</points>
		</object>
		<object>
			<coordinate>pixel</coordinate>
			<type>rectangle</type>
			<description>None</description>
			<possibleresult>
				<name>Motorboat</name>
			</possibleresult>
			<points>
				<point>681.000000,76.000000</point>
				<point>666.000000,91.000000</point>
				<point>670.000000,96.000000</point>
				<point>686.000000,81.000000</point>
				<point>681.000000,76.000000</point>
			</points>
		</object>
		<object>
			<coordinate>pixel</coordinate>
			<type>rectangle</type>
			<description>None</description>
			<possibleresult>
				<name>Motorboat</name>
			</possibleresult>
			<points>
				<point>685.000000,84.000000</point>
				<point>672.000000,96.000000</point>
				<point>677.000000,102.000000</point>
				<point>690.000000,90.000000</point>
				<point>685.000000,84.000000</point>
			</points>
		</object>
		<object>
			<coordinate>pixel</coordinate>
			<type>rectangle</type>
			<description>None</description>
			<possibleresult>
				<name>Motorboat</name>
			</possibleresult>
			<points>
				<point>688.000000,92.000000</point>
				<point>676.000000,105.000000</point>
				<point>681.000000,110.000000</point>
				<point>694.000000,97.000000</point>
				<point>688.000000,92.000000</point>
			</points>
		</object>
		<object>
			<coordinate>pixel</coordinate>
			<type>rectangle</type>
			<description>None</description>
			<possibleresult>
				<name>Motorboat</name>
			</possibleresult>
			<points>
				<point>694.000000,102.000000</point>
				<point>681.000000,115.000000</point>
				<point>685.000000,119.000000</point>
				<point>698.000000,106.000000</point>
				<point>694.000000,102.000000</point>
			</points>
		</object>
		<object>
			<coordinate>pixel</coordinate>
			<type>rectangle</type>
			<description>None</description>
			<possibleresult>
				<name>Motorboat</name>
			</possibleresult>
			<points>
				<point>701.000000,110.000000</point>
				<point>686.000000,124.000000</point>
				<point>691.000000,129.000000</point>
				<point>706.000000,115.000000</point>
				<point>701.000000,110.000000</point>
			</points>
		</object>
		<object>
			<coordinate>pixel</coordinate>
			<type>rectangle</type>
			<description>None</description>
			<possibleresult>
				<name>Motorboat</name>
			</possibleresult>
			<points>
				<point>711.000000,123.000000</point>
				<point>706.000000,118.000000</point>
				<point>691.000000,133.000000</point>
				<point>695.000000,138.000000</point>
				<point>711.000000,123.000000</point>
			</points>
		</object>
		<object>
			<coordinate>pixel</coordinate>
			<type>rectangle</type>
			<description>None</description>
			<possibleresult>
				<name>Motorboat</name>
			</possibleresult>
			<points>
				<point>718.000000,131.000000</point>
				<point>694.000000,141.000000</point>
				<point>696.000000,148.000000</point>
				<point>721.000000,138.000000</point>
				<point>718.000000,131.000000</point>
			</points>
		</object>
		<object>
			<coordinate>pixel</coordinate>
			<type>rectangle</type>
			<description>None</description>
			<possibleresult>
				<name>Motorboat</name>
			</possibleresult>
			<points>
				<point>699.000000,160.000000</point>
				<point>725.000000,148.000000</point>
				<point>721.000000,141.000000</point>
				<point>695.000000,153.000000</point>
				<point>699.000000,160.000000</point>
			</points>
		</object>
		<object>
			<coordinate>pixel</coordinate>
			<type>rectangle</type>
			<description>None</description>
			<possibleresult>
				<name>Motorboat</name>
			</possibleresult>
			<points>
				<point>706.000000,169.000000</point>
				<point>731.000000,157.000000</point>
				<point>726.000000,150.000000</point>
				<point>703.000000,161.000000</point>
				<point>706.000000,169.000000</point>
			</points>
		</object>
		<object>
			<coordinate>pixel</coordinate>
			<type>rectangle</type>
			<description>None</description>
			<possibleresult>
				<name>Motorboat</name>
			</possibleresult>
			<points>
				<point>735.000000,158.000000</point>
				<point>708.000000,172.000000</point>
				<point>711.000000,178.000000</point>
				<point>738.000000,164.000000</point>
				<point>735.000000,158.000000</point>
			</points>
		</object>
		<object>
			<coordinate>pixel</coordinate>
			<type>rectangle</type>
			<description>None</description>
			<possibleresult>
				<name>Motorboat</name>
			</possibleresult>
			<points>
				<point>739.000000,168.000000</point>
				<point>715.000000,178.000000</point>
				<point>718.000000,186.000000</point>
				<point>741.000000,176.000000</point>
				<point>739.000000,168.000000</point>
			</points>
		</object>
		<object>
			<coordinate>pixel</coordinate>
			<type>rectangle</type>
			<description>None</description>
			<possibleresult>
				<name>Motorboat</name>
			</possibleresult>
			<points>
				<point>729.000000,204.000000</point>
				<point>752.000000,194.000000</point>
				<point>748.000000,186.000000</point>
				<point>725.000000,195.000000</point>
				<point>729.000000,204.000000</point>
			</points>
		</object>
		<object>
			<coordinate>pixel</coordinate>
			<type>rectangle</type>
			<description>None</description>
			<possibleresult>
				<name>Motorboat</name>
			</possibleresult>
			<points>
				<point>655.000000,97.000000</point>
				<point>660.000000,94.000000</point>
				<point>650.000000,78.000000</point>
				<point>643.000000,82.000000</point>
				<point>655.000000,97.000000</point>
			</points>
		</object>
		<object>
			<coordinate>pixel</coordinate>
			<type>rectangle</type>
			<description>None</description>
			<possibleresult>
				<name>Motorboat</name>
			</possibleresult>
			<points>
				<point>648.000000,122.000000</point>
				<point>654.000000,117.000000</point>
				<point>643.000000,104.000000</point>
				<point>637.000000,109.000000</point>
				<point>648.000000,122.000000</point>
			</points>
		</object>
		<object>
			<coordinate>pixel</coordinate>
			<type>rectangle</type>
			<description>None</description>
			<possibleresult>
				<name>Engineering Ship</name>
			</possibleresult>
			<points>
				<point>460.000000,243.000000</point>
				<point>600.000000,165.000000</point>
				<point>585.000000,139.000000</point>
				<point>445.000000,217.000000</point>
				<point>460.000000,243.000000</point>
			</points>
		</object>
		<object>
			<coordinate>pixel</coordinate>
			<type>rectangle</type>
			<description>None</description>
			<possibleresult>
				<name>Engineering Ship</name>
			</possibleresult>
			<points>
				<point>562.000000,185.000000</point>
				<point>504.000000,220.000000</point>
				<point>521.000000,249.000000</point>
				<point>580.000000,213.000000</point>
				<point>562.000000,185.000000</point>
			</points>
		</object>
		<object>
			<coordinate>pixel</coordinate>
			<type>rectangle</type>
			<description>None</description>
			<possibleresult>
				<name>Engineering Ship</name>
			</possibleresult>
			<points>
				<point>598.000000,206.000000</point>
				<point>537.000000,242.000000</point>
				<point>553.000000,270.000000</point>
				<point>613.000000,235.000000</point>
				<point>598.000000,206.000000</point>
			</points>
		</object>
		<object>
			<coordinate>pixel</coordinate>
			<type>rectangle</type>
			<description>None</description>
			<possibleresult>
				<name>Motorboat</name>
			</possibleresult>
			<points>
				<point>762.000000,272.000000</point>
				<point>782.000000,259.000000</point>
				<point>778.000000,253.000000</point>
				<point>758.000000,267.000000</point>
				<point>762.000000,272.000000</point>
			</points>
		</object>
		<object>
			<coordinate>pixel</coordinate>
			<type>rectangle</type>
			<description>None</description>
			<possibleresult>
				<name>Motorboat</name>
			</possibleresult>
			<points>
				<point>793.000000,258.000000</point>
				<point>774.000000,269.000000</point>
				<point>777.000000,274.000000</point>
				<point>796.000000,264.000000</point>
				<point>793.000000,258.000000</point>
			</points>
		</object>
		<object>
			<coordinate>pixel</coordinate>
			<type>rectangle</type>
			<description>None</description>
			<possibleresult>
				<name>Motorboat</name>
			</possibleresult>
			<points>
				<point>761.000000,283.000000</point>
				<point>775.000000,275.000000</point>
				<point>771.000000,269.000000</point>
				<point>756.000000,277.000000</point>
				<point>761.000000,283.000000</point>
			</points>
		</object>
		<object>
			<coordinate>pixel</coordinate>
			<type>rectangle</type>
			<description>None</description>
			<possibleresult>
				<name>Motorboat</name>
			</possibleresult>
			<points>
				<point>752.000000,283.000000</point>
				<point>734.000000,293.000000</point>
				<point>736.000000,299.000000</point>
				<point>755.000000,288.000000</point>
				<point>752.000000,283.000000</point>
			</points>
		</object>
		<object>
			<coordinate>pixel</coordinate>
			<type>rectangle</type>
			<description>None</description>
			<possibleresult>
				<name>Motorboat</name>
			</possibleresult>
			<points>
				<point>728.000000,273.000000</point>
				<point>702.000000,289.000000</point>
				<point>710.000000,301.000000</point>
				<point>735.000000,286.000000</point>
				<point>728.000000,273.000000</point>
			</points>
		</object>
		<object>
			<coordinate>pixel</coordinate>
			<type>rectangle</type>
			<description>None</description>
			<possibleresult>
				<name>Motorboat</name>
			</possibleresult>
			<points>
				<point>698.000000,293.000000</point>
				<point>677.000000,304.000000</point>
				<point>683.000000,315.000000</point>
				<point>703.000000,304.000000</point>
				<point>698.000000,293.000000</point>
			</points>
		</object>
		<object>
			<coordinate>pixel</coordinate>
			<type>rectangle</type>
			<description>None</description>
			<possibleresult>
				<name>Motorboat</name>
			</possibleresult>
			<points>
				<point>675.000000,327.000000</point>
				<point>684.000000,337.000000</point>
				<point>688.000000,333.000000</point>
				<point>679.000000,324.000000</point>
				<point>675.000000,327.000000</point>
			</points>
		</object>
		<object>
			<coordinate>pixel</coordinate>
			<type>rectangle</type>
			<description>None</description>
			<possibleresult>
				<name>Motorboat</name>
			</possibleresult>
			<points>
				<point>666.000000,332.000000</point>
				<point>679.000000,345.000000</point>
				<point>684.000000,340.000000</point>
				<point>671.000000,327.000000</point>
				<point>666.000000,332.000000</point>
			</points>
		</object>
		<object>
			<coordinate>pixel</coordinate>
			<type>rectangle</type>
			<description>None</description>
			<possibleresult>
				<name>Motorboat</name>
			</possibleresult>
			<points>
				<point>654.000000,340.000000</point>
				<point>665.000000,353.000000</point>
				<point>670.000000,349.000000</point>
				<point>658.000000,335.000000</point>
				<point>654.000000,340.000000</point>
			</points>
		</object>
		<object>
			<coordinate>pixel</coordinate>
			<type>rectangle</type>
			<description>None</description>
			<possibleresult>
				<name>Motorboat</name>
			</possibleresult>
			<points>
				<point>646.000000,344.000000</point>
				<point>657.000000,356.000000</point>
				<point>662.000000,352.000000</point>
				<point>650.000000,340.000000</point>
				<point>646.000000,344.000000</point>
			</points>
		</object>
		<object>
			<coordinate>pixel</coordinate>
			<type>rectangle</type>
			<description>None</description>
			<possibleresult>
				<name>Motorboat</name>
			</possibleresult>
			<points>
				<point>637.000000,350.000000</point>
				<point>645.000000,362.000000</point>
				<point>650.000000,359.000000</point>
				<point>642.000000,347.000000</point>
				<point>637.000000,350.000000</point>
			</points>
		</object>
		<object>
			<coordinate>pixel</coordinate>
			<type>rectangle</type>
			<description>None</description>
			<possibleresult>
				<name>Motorboat</name>
			</possibleresult>
			<points>
				<point>632.000000,354.000000</point>
				<point>640.000000,365.000000</point>
				<point>643.000000,362.000000</point>
				<point>637.000000,351.000000</point>
				<point>632.000000,354.000000</point>
			</points>
		</object>
		<object>
			<coordinate>pixel</coordinate>
			<type>rectangle</type>
			<description>None</description>
			<possibleresult>
				<name>Motorboat</name>
			</possibleresult>
			<points>
				<point>638.000000,365.000000</point>
				<point>628.000000,355.000000</point>
				<point>625.000000,358.000000</point>
				<point>635.000000,369.000000</point>
				<point>638.000000,365.000000</point>
			</points>
		</object>
		<object>
			<coordinate>pixel</coordinate>
			<type>rectangle</type>
			<description>None</description>
			<possibleresult>
				<name>Motorboat</name>
			</possibleresult>
			<points>
				<point>632.000000,333.000000</point>
				<point>609.000000,346.000000</point>
				<point>615.000000,356.000000</point>
				<point>638.000000,343.000000</point>
				<point>632.000000,333.000000</point>
			</points>
		</object>
		<object>
			<coordinate>pixel</coordinate>
			<type>rectangle</type>
			<description>None</description>
			<possibleresult>
				<name>Motorboat</name>
			</possibleresult>
			<points>
				<point>615.000000,363.000000</point>
				<point>622.000000,374.000000</point>
				<point>627.000000,371.000000</point>
				<point>620.000000,360.000000</point>
				<point>615.000000,363.000000</point>
			</points>
		</object>
		<object>
			<coordinate>pixel</coordinate>
			<type>rectangle</type>
			<description>None</description>
			<possibleresult>
				<name>Motorboat</name>
			</possibleresult>
			<points>
				<point>603.000000,356.000000</point>
				<point>582.000000,369.000000</point>
				<point>585.000000,375.000000</point>
				<point>607.000000,362.000000</point>
				<point>603.000000,356.000000</point>
			</points>
		</object>
		<object>
			<coordinate>pixel</coordinate>
			<type>rectangle</type>
			<description>None</description>
			<possibleresult>
				<name>Motorboat</name>
			</possibleresult>
			<points>
				<point>602.000000,372.000000</point>
				<point>612.000000,384.000000</point>
				<point>616.000000,380.000000</point>
				<point>606.000000,368.000000</point>
				<point>602.000000,372.000000</point>
			</points>
		</object>
		<object>
			<coordinate>pixel</coordinate>
			<type>rectangle</type>
			<description>None</description>
			<possibleresult>
				<name>Motorboat</name>
			</possibleresult>
			<points>
				<point>596.000000,375.000000</point>
				<point>605.000000,386.000000</point>
				<point>608.000000,383.000000</point>
				<point>598.000000,373.000000</point>
				<point>596.000000,375.000000</point>
			</points>
		</object>
		<object>
			<coordinate>pixel</coordinate>
			<type>rectangle</type>
			<description>None</description>
			<possibleresult>
				<name>Motorboat</name>
			</possibleresult>
			<points>
				<point>589.000000,376.000000</point>
				<point>598.000000,390.000000</point>
				<point>603.000000,387.000000</point>
				<point>594.000000,373.000000</point>
				<point>589.000000,376.000000</point>
			</points>
		</object>
		<object>
			<coordinate>pixel</coordinate>
			<type>rectangle</type>
			<description>None</description>
			<possibleresult>
				<name>Motorboat</name>
			</possibleresult>
			<points>
				<point>572.000000,372.000000</point>
				<point>552.000000,385.000000</point>
				<point>556.000000,391.000000</point>
				<point>576.000000,379.000000</point>
				<point>572.000000,372.000000</point>
			</points>
		</object>
		<object>
			<coordinate>pixel</coordinate>
			<type>rectangle</type>
			<description>None</description>
			<possibleresult>
				<name>Motorboat</name>
			</possibleresult>
			<points>
				<point>576.000000,388.000000</point>
				<point>586.000000,402.000000</point>
				<point>595.000000,395.000000</point>
				<point>583.000000,382.000000</point>
				<point>576.000000,388.000000</point>
			</points>
		</object>
		<object>
			<coordinate>pixel</coordinate>
			<type>rectangle</type>
			<description>None</description>
			<possibleresult>
				<name>Motorboat</name>
			</possibleresult>
			<points>
				<point>581.000000,401.000000</point>
				<point>571.000000,387.000000</point>
				<point>566.000000,391.000000</point>
				<point>576.000000,404.000000</point>
				<point>581.000000,401.000000</point>
			</points>
		</object>
		<object>
			<coordinate>pixel</coordinate>
			<type>rectangle</type>
			<description>None</description>
			<possibleresult>
				<name>Motorboat</name>
			</possibleresult>
			<points>
				<point>559.000000,396.000000</point>
				<point>568.000000,409.000000</point>
				<point>574.000000,405.000000</point>
				<point>564.000000,392.000000</point>
				<point>559.000000,396.000000</point>
			</points>
		</object>
		<object>
			<coordinate>pixel</coordinate>
			<type>rectangle</type>
			<description>None</description>
			<possibleresult>
				<name>Motorboat</name>
			</possibleresult>
			<points>
				<point>551.000000,401.000000</point>
				<point>562.000000,413.000000</point>
				<point>567.000000,408.000000</point>
				<point>556.000000,396.000000</point>
				<point>551.000000,401.000000</point>
			</points>
		</object>
		<object>
			<coordinate>pixel</coordinate>
			<type>rectangle</type>
			<description>None</description>
			<possibleresult>
				<name>Motorboat</name>
			</possibleresult>
			<points>
				<point>546.000000,406.000000</point>
				<point>555.000000,416.000000</point>
				<point>559.000000,412.000000</point>
				<point>550.000000,402.000000</point>
				<point>546.000000,406.000000</point>
			</points>
		</object>
		<object>
			<coordinate>pixel</coordinate>
			<type>rectangle</type>
			<description>None</description>
			<possibleresult>
				<name>Motorboat</name>
			</possibleresult>
			<points>
				<point>535.000000,407.000000</point>
				<point>547.000000,421.000000</point>
				<point>552.000000,416.000000</point>
				<point>540.000000,403.000000</point>
				<point>535.000000,407.000000</point>
			</points>
		</object>
		<object>
			<coordinate>pixel</coordinate>
			<type>rectangle</type>
			<description>None</description>
			<possibleresult>
				<name>Motorboat</name>
			</possibleresult>
			<points>
				<point>526.000000,409.000000</point>
				<point>546.000000,396.000000</point>
				<point>542.000000,390.000000</point>
				<point>522.000000,403.000000</point>
				<point>526.000000,409.000000</point>
			</points>
		</object>
		<object>
			<coordinate>pixel</coordinate>
			<type>rectangle</type>
			<description>None</description>
			<possibleresult>
				<name>Motorboat</name>
			</possibleresult>
			<points>
				<point>502.000000,421.000000</point>
				<point>519.000000,411.000000</point>
				<point>513.000000,402.000000</point>
				<point>496.000000,412.000000</point>
				<point>502.000000,421.000000</point>
			</points>
		</object>
		<object>
			<coordinate>pixel</coordinate>
			<type>rectangle</type>
			<description>None</description>
			<possibleresult>
				<name>Motorboat</name>
			</possibleresult>
			<points>
				<point>510.000000,424.000000</point>
				<point>521.000000,436.000000</point>
				<point>526.000000,432.000000</point>
				<point>515.000000,420.000000</point>
				<point>510.000000,424.000000</point>
			</points>
		</object>
		<object>
			<coordinate>pixel</coordinate>
			<type>rectangle</type>
			<description>None</description>
			<possibleresult>
				<name>Motorboat</name>
			</possibleresult>
			<points>
				<point>503.000000,428.000000</point>
				<point>514.000000,441.000000</point>
				<point>520.000000,437.000000</point>
				<point>508.000000,423.000000</point>
				<point>503.000000,428.000000</point>
			</points>
		</object>
		<object>
			<coordinate>pixel</coordinate>
			<type>rectangle</type>
			<description>None</description>
			<possibleresult>
				<name>Motorboat</name>
			</possibleresult>
			<points>
				<point>495.000000,433.000000</point>
				<point>507.000000,446.000000</point>
				<point>513.000000,441.000000</point>
				<point>501.000000,428.000000</point>
				<point>495.000000,433.000000</point>
			</points>
		</object>
		<object>
			<coordinate>pixel</coordinate>
			<type>rectangle</type>
			<description>None</description>
			<possibleresult>
				<name>Motorboat</name>
			</possibleresult>
			<points>
				<point>489.000000,436.000000</point>
				<point>502.000000,450.000000</point>
				<point>507.000000,445.000000</point>
				<point>495.000000,432.000000</point>
				<point>489.000000,436.000000</point>
			</points>
		</object>
		<object>
			<coordinate>pixel</coordinate>
			<type>rectangle</type>
			<description>None</description>
			<possibleresult>
				<name>Motorboat</name>
			</possibleresult>
			<points>
				<point>483.000000,440.000000</point>
				<point>495.000000,455.000000</point>
				<point>501.000000,450.000000</point>
				<point>489.000000,435.000000</point>
				<point>483.000000,440.000000</point>
			</points>
		</object>
		<object>
			<coordinate>pixel</coordinate>
			<type>rectangle</type>
			<description>None</description>
			<possibleresult>
				<name>Motorboat</name>
			</possibleresult>
			<points>
				<point>477.000000,444.000000</point>
				<point>487.000000,454.000000</point>
				<point>491.000000,451.000000</point>
				<point>481.000000,440.000000</point>
				<point>477.000000,444.000000</point>
			</points>
		</object>
		<object>
			<coordinate>pixel</coordinate>
			<type>rectangle</type>
			<description>None</description>
			<possibleresult>
				<name>Motorboat</name>
			</possibleresult>
			<points>
				<point>485.000000,455.000000</point>
				<point>475.000000,444.000000</point>
				<point>471.000000,448.000000</point>
				<point>481.000000,459.000000</point>
				<point>485.000000,455.000000</point>
			</points>
		</object>
		<object>
			<coordinate>pixel</coordinate>
			<type>rectangle</type>
			<description>None</description>
			<possibleresult>
				<name>Motorboat</name>
			</possibleresult>
			<points>
				<point>462.000000,445.000000</point>
				<point>487.000000,430.000000</point>
				<point>480.000000,419.000000</point>
				<point>455.000000,434.000000</point>
				<point>462.000000,445.000000</point>
			</points>
		</object>
		<object>
			<coordinate>pixel</coordinate>
			<type>rectangle</type>
			<description>None</description>
			<possibleresult>
				<name>Motorboat</name>
			</possibleresult>
			<points>
				<point>430.000000,466.000000</point>
				<point>453.000000,452.000000</point>
				<point>445.000000,438.000000</point>
				<point>422.000000,452.000000</point>
				<point>430.000000,466.000000</point>
			</points>
		</object>
		<object>
			<coordinate>pixel</coordinate>
			<type>rectangle</type>
			<description>None</description>
			<possibleresult>
				<name>Motorboat</name>
			</possibleresult>
			<points>
				<point>452.000000,471.000000</point>
				<point>472.000000,458.000000</point>
				<point>465.000000,448.000000</point>
				<point>446.000000,462.000000</point>
				<point>452.000000,471.000000</point>
			</points>
		</object>
		<object>
			<coordinate>pixel</coordinate>
			<type>rectangle</type>
			<description>None</description>
			<possibleresult>
				<name>Motorboat</name>
			</possibleresult>
			<points>
				<point>428.000000,487.000000</point>
				<point>448.000000,474.000000</point>
				<point>441.000000,463.000000</point>
				<point>421.000000,476.000000</point>
				<point>428.000000,487.000000</point>
			</points>
		</object>
		<object>
			<coordinate>pixel</coordinate>
			<type>rectangle</type>
			<description>None</description>
			<possibleresult>
				<name>Motorboat</name>
			</possibleresult>
			<points>
				<point>411.000000,464.000000</point>
				<point>381.000000,484.000000</point>
				<point>385.000000,491.000000</point>
				<point>415.000000,472.000000</point>
				<point>411.000000,464.000000</point>
			</points>
		</object>
		<object>
			<coordinate>pixel</coordinate>
			<type>rectangle</type>
			<description>None</description>
			<possibleresult>
				<name>Motorboat</name>
			</possibleresult>
			<points>
				<point>397.000000,498.000000</point>
				<point>415.000000,487.000000</point>
				<point>411.000000,480.000000</point>
				<point>393.000000,492.000000</point>
				<point>397.000000,498.000000</point>
			</points>
		</object>
		<object>
			<coordinate>pixel</coordinate>
			<type>rectangle</type>
			<description>None</description>
			<possibleresult>
				<name>Motorboat</name>
			</possibleresult>
			<points>
				<point>309.000000,521.000000</point>
				<point>342.000000,502.000000</point>
				<point>337.000000,494.000000</point>
				<point>305.000000,513.000000</point>
				<point>309.000000,521.000000</point>
			</points>
		</object>
		<object>
			<coordinate>pixel</coordinate>
			<type>rectangle</type>
			<description>None</description>
			<possibleresult>
				<name>Motorboat</name>
			</possibleresult>
			<points>
				<point>349.000000,502.000000</point>
				<point>318.000000,520.000000</point>
				<point>323.000000,528.000000</point>
				<point>354.000000,511.000000</point>
				<point>349.000000,502.000000</point>
			</points>
		</object>
		<object>
			<coordinate>pixel</coordinate>
			<type>rectangle</type>
			<description>None</description>
			<possibleresult>
				<name>Motorboat</name>
			</possibleresult>
			<points>
				<point>339.000000,547.000000</point>
				<point>366.000000,531.000000</point>
				<point>362.000000,523.000000</point>
				<point>335.000000,538.000000</point>
				<point>339.000000,547.000000</point>
			</points>
		</object>
		<object>
			<coordinate>pixel</coordinate>
			<type>rectangle</type>
			<description>None</description>
			<possibleresult>
				<name>Motorboat</name>
			</possibleresult>
			<points>
				<point>347.000000,555.000000</point>
				<point>364.000000,542.000000</point>
				<point>358.000000,536.000000</point>
				<point>342.000000,549.000000</point>
				<point>347.000000,555.000000</point>
			</points>
		</object>
		<object>
			<coordinate>pixel</coordinate>
			<type>rectangle</type>
			<description>None</description>
			<possibleresult>
				<name>Motorboat</name>
			</possibleresult>
			<points>
				<point>532.000000,417.000000</point>
				<point>544.000000,427.000000</point>
				<point>548.000000,423.000000</point>
				<point>536.000000,412.000000</point>
				<point>532.000000,417.000000</point>
			</points>
		</object>
		<object>
			<coordinate>pixel</coordinate>
			<type>rectangle</type>
			<description>None</description>
			<possibleresult>
				<name>Motorboat</name>
			</possibleresult>
			<points>
				<point>295.000000,514.000000</point>
				<point>275.000000,526.000000</point>
				<point>283.000000,537.000000</point>
				<point>302.000000,525.000000</point>
				<point>295.000000,514.000000</point>
			</points>
		</object>
		<object>
			<coordinate>pixel</coordinate>
			<type>rectangle</type>
			<description>None</description>
			<possibleresult>
				<name>Motorboat</name>
			</possibleresult>
			<points>
				<point>313.000000,521.000000</point>
				<point>283.000000,538.000000</point>
				<point>288.000000,546.000000</point>
				<point>318.000000,528.000000</point>
				<point>313.000000,521.000000</point>
			</points>
		</object>
		<object>
			<coordinate>pixel</coordinate>
			<type>rectangle</type>
			<description>None</description>
			<possibleresult>
				<name>Motorboat</name>
			</possibleresult>
			<points>
				<point>320.000000,531.000000</point>
				<point>294.000000,548.000000</point>
				<point>298.000000,555.000000</point>
				<point>325.000000,538.000000</point>
				<point>320.000000,531.000000</point>
			</points>
		</object>
		<object>
			<coordinate>pixel</coordinate>
			<type>rectangle</type>
			<description>None</description>
			<possibleresult>
				<name>Motorboat</name>
			</possibleresult>
			<points>
				<point>330.000000,544.000000</point>
				<point>304.000000,559.000000</point>
				<point>307.000000,564.000000</point>
				<point>333.000000,549.000000</point>
				<point>330.000000,544.000000</point>
			</points>
		</object>
		<object>
			<coordinate>pixel</coordinate>
			<type>rectangle</type>
			<description>None</description>
			<possibleresult>
				<name>Motorboat</name>
			</possibleresult>
			<points>
				<point>214.000000,526.000000</point>
				<point>196.000000,539.000000</point>
				<point>199.000000,545.000000</point>
				<point>218.000000,532.000000</point>
				<point>214.000000,526.000000</point>
			</points>
		</object>
		<object>
			<coordinate>pixel</coordinate>
			<type>rectangle</type>
			<description>None</description>
			<possibleresult>
				<name>Motorboat</name>
			</possibleresult>
			<points>
				<point>224.000000,530.000000</point>
				<point>197.000000,550.000000</point>
				<point>200.000000,557.000000</point>
				<point>229.000000,537.000000</point>
				<point>224.000000,530.000000</point>
			</points>
		</object>
		<object>
			<coordinate>pixel</coordinate>
			<type>rectangle</type>
			<description>None</description>
			<possibleresult>
				<name>Motorboat</name>
			</possibleresult>
			<points>
				<point>229.000000,545.000000</point>
				<point>205.000000,558.000000</point>
				<point>209.000000,565.000000</point>
				<point>232.000000,551.000000</point>
				<point>229.000000,545.000000</point>
			</points>
		</object>
		<object>
			<coordinate>pixel</coordinate>
			<type>rectangle</type>
			<description>None</description>
			<possibleresult>
				<name>Motorboat</name>
			</possibleresult>
			<points>
				<point>223.000000,583.000000</point>
				<point>250.000000,569.000000</point>
				<point>245.000000,562.000000</point>
				<point>219.000000,576.000000</point>
				<point>223.000000,583.000000</point>
			</points>
		</object>
		<object>
			<coordinate>pixel</coordinate>
			<type>rectangle</type>
			<description>None</description>
			<possibleresult>
				<name>Motorboat</name>
			</possibleresult>
			<points>
				<point>239.000000,601.000000</point>
				<point>263.000000,587.000000</point>
				<point>259.000000,580.000000</point>
				<point>235.000000,594.000000</point>
				<point>239.000000,601.000000</point>
			</points>
		</object>
		<object>
			<coordinate>pixel</coordinate>
			<type>rectangle</type>
			<description>None</description>
			<possibleresult>
				<name>Motorboat</name>
			</possibleresult>
			<points>
				<point>182.000000,540.000000</point>
				<point>154.000000,558.000000</point>
				<point>160.000000,567.000000</point>
				<point>188.000000,549.000000</point>
				<point>182.000000,540.000000</point>
			</points>
		</object>
		<object>
			<coordinate>pixel</coordinate>
			<type>rectangle</type>
			<description>None</description>
			<possibleresult>
				<name>Motorboat</name>
			</possibleresult>
			<points>
				<point>190.000000,550.000000</point>
				<point>159.000000,569.000000</point>
				<point>165.000000,578.000000</point>
				<point>196.000000,559.000000</point>
				<point>190.000000,550.000000</point>
			</points>
		</object>
		<object>
			<coordinate>pixel</coordinate>
			<type>rectangle</type>
			<description>None</description>
			<possibleresult>
				<name>Motorboat</name>
			</possibleresult>
			<points>
				<point>197.000000,559.000000</point>
				<point>170.000000,575.000000</point>
				<point>176.000000,584.000000</point>
				<point>203.000000,568.000000</point>
				<point>197.000000,559.000000</point>
			</points>
		</object>
		<object>
			<coordinate>pixel</coordinate>
			<type>rectangle</type>
			<description>None</description>
			<possibleresult>
				<name>Motorboat</name>
			</possibleresult>
			<points>
				<point>202.000000,569.000000</point>
				<point>183.000000,588.000000</point>
				<point>189.000000,594.000000</point>
				<point>208.000000,576.000000</point>
				<point>202.000000,569.000000</point>
			</points>
		</object>
		<object>
			<coordinate>pixel</coordinate>
			<type>rectangle</type>
			<description>None</description>
			<possibleresult>
				<name>Motorboat</name>
			</possibleresult>
			<points>
				<point>218.000000,590.000000</point>
				<point>196.000000,605.000000</point>
				<point>200.000000,613.000000</point>
				<point>223.000000,598.000000</point>
				<point>218.000000,590.000000</point>
			</points>
		</object>
		<object>
			<coordinate>pixel</coordinate>
			<type>rectangle</type>
			<description>None</description>
			<possibleresult>
				<name>Motorboat</name>
			</possibleresult>
			<points>
				<point>110.000000,579.000000</point>
				<point>94.000000,588.000000</point>
				<point>98.000000,594.000000</point>
				<point>114.000000,585.000000</point>
				<point>110.000000,579.000000</point>
			</points>
		</object>
		<object>
			<coordinate>pixel</coordinate>
			<type>rectangle</type>
			<description>None</description>
			<possibleresult>
				<name>Motorboat</name>
			</possibleresult>
			<points>
				<point>99.000000,604.000000</point>
				<point>123.000000,591.000000</point>
				<point>119.000000,584.000000</point>
				<point>95.000000,597.000000</point>
				<point>99.000000,604.000000</point>
			</points>
		</object>
		<object>
			<coordinate>pixel</coordinate>
			<type>rectangle</type>
			<description>None</description>
			<possibleresult>
				<name>Motorboat</name>
			</possibleresult>
			<points>
				<point>104.000000,612.000000</point>
				<point>128.000000,599.000000</point>
				<point>125.000000,593.000000</point>
				<point>101.000000,606.000000</point>
				<point>104.000000,612.000000</point>
			</points>
		</object>
		<object>
			<coordinate>pixel</coordinate>
			<type>rectangle</type>
			<description>None</description>
			<possibleresult>
				<name>Motorboat</name>
			</possibleresult>
			<points>
				<point>120.000000,631.000000</point>
				<point>145.000000,616.000000</point>
				<point>142.000000,610.000000</point>
				<point>116.000000,625.000000</point>
				<point>120.000000,631.000000</point>
			</points>
		</object>
		<object>
			<coordinate>pixel</coordinate>
			<type>rectangle</type>
			<description>None</description>
			<possibleresult>
				<name>Motorboat</name>
			</possibleresult>
			<points>
				<point>127.000000,639.000000</point>
				<point>155.000000,623.000000</point>
				<point>152.000000,617.000000</point>
				<point>124.000000,633.000000</point>
				<point>127.000000,639.000000</point>
			</points>
		</object>
		<object>
			<coordinate>pixel</coordinate>
			<type>rectangle</type>
			<description>None</description>
			<possibleresult>
				<name>Motorboat</name>
			</possibleresult>
			<points>
				<point>136.000000,649.000000</point>
				<point>159.000000,635.000000</point>
				<point>155.000000,629.000000</point>
				<point>132.000000,643.000000</point>
				<point>136.000000,649.000000</point>
			</points>
		</object>
		<object>
			<coordinate>pixel</coordinate>
			<type>rectangle</type>
			<description>None</description>
			<possibleresult>
				<name>Motorboat</name>
			</possibleresult>
			<points>
				<point>87.000000,587.000000</point>
				<point>54.000000,605.000000</point>
				<point>59.000000,614.000000</point>
				<point>91.000000,596.000000</point>
				<point>87.000000,587.000000</point>
			</points>
		</object>
		<object>
			<coordinate>pixel</coordinate>
			<type>rectangle</type>
			<description>None</description>
			<possibleresult>
				<name>Motorboat</name>
			</possibleresult>
			<points>
				<point>84.000000,602.000000</point>
				<point>65.000000,614.000000</point>
				<point>70.000000,620.000000</point>
				<point>89.000000,608.000000</point>
				<point>84.000000,602.000000</point>
			</points>
		</object>
		<object>
			<coordinate>pixel</coordinate>
			<type>rectangle</type>
			<description>None</description>
			<possibleresult>
				<name>Motorboat</name>
			</possibleresult>
			<points>
				<point>97.000000,611.000000</point>
				<point>80.000000,621.000000</point>
				<point>83.000000,626.000000</point>
				<point>100.000000,617.000000</point>
				<point>97.000000,611.000000</point>
			</points>
		</object>
		<object>
			<coordinate>pixel</coordinate>
			<type>rectangle</type>
			<description>None</description>
			<possibleresult>
				<name>Motorboat</name>
			</possibleresult>
			<points>
				<point>100.000000,621.000000</point>
				<point>80.000000,632.000000</point>
				<point>83.000000,638.000000</point>
				<point>103.000000,626.000000</point>
				<point>100.000000,621.000000</point>
			</points>
		</object>
		<object>
			<coordinate>pixel</coordinate>
			<type>rectangle</type>
			<description>None</description>
			<possibleresult>
				<name>Motorboat</name>
			</possibleresult>
			<points>
				<point>109.000000,627.000000</point>
				<point>88.000000,640.000000</point>
				<point>92.000000,646.000000</point>
				<point>113.000000,633.000000</point>
				<point>109.000000,627.000000</point>
			</points>
		</object>
		<object>
			<coordinate>pixel</coordinate>
			<type>rectangle</type>
			<description>None</description>
			<possibleresult>
				<name>Motorboat</name>
			</possibleresult>
			<points>
				<point>117.000000,635.000000</point>
				<point>92.000000,651.000000</point>
				<point>95.000000,658.000000</point>
				<point>121.000000,641.000000</point>
				<point>117.000000,635.000000</point>
			</points>
		</object>
		<object>
			<coordinate>pixel</coordinate>
			<type>rectangle</type>
			<description>None</description>
			<possibleresult>
				<name>Motorboat</name>
			</possibleresult>
			<points>
				<point>127.000000,647.000000</point>
				<point>110.000000,656.000000</point>
				<point>113.000000,660.000000</point>
				<point>129.000000,652.000000</point>
				<point>127.000000,647.000000</point>
			</points>
		</object>
		<object>
			<coordinate>pixel</coordinate>
			<type>rectangle</type>
			<description>None</description>
			<possibleresult>
				<name>Motorboat</name>
			</possibleresult>
			<points>
				<point>118.000000,682.000000</point>
				<point>140.000000,671.000000</point>
				<point>137.000000,664.000000</point>
				<point>115.000000,676.000000</point>
				<point>118.000000,682.000000</point>
			</points>
		</object>
		<object>
			<coordinate>pixel</coordinate>
			<type>rectangle</type>
			<description>None</description>
			<possibleresult>
				<name>Motorboat</name>
			</possibleresult>
			<points>
				<point>10.000000,656.000000</point>
				<point>29.000000,645.000000</point>
				<point>25.000000,639.000000</point>
				<point>5.000000,649.000000</point>
				<point>10.000000,656.000000</point>
			</points>
		</object>
		<object>
			<coordinate>pixel</coordinate>
			<type>rectangle</type>
			<description>None</description>
			<possibleresult>
				<name>Motorboat</name>
			</possibleresult>
			<points>
				<point>38.000000,643.000000</point>
				<point>11.000000,659.000000</point>
				<point>15.000000,665.000000</point>
				<point>41.000000,649.000000</point>
				<point>38.000000,643.000000</point>
			</points>
		</object>
		<object>
			<coordinate>pixel</coordinate>
			<type>rectangle</type>
			<description>None</description>
			<possibleresult>
				<name>Motorboat</name>
			</possibleresult>
			<points>
				<point>35.000000,655.000000</point>
				<point>19.000000,666.000000</point>
				<point>23.000000,672.000000</point>
				<point>39.000000,661.000000</point>
				<point>35.000000,655.000000</point>
			</points>
		</object>
		<object>
			<coordinate>pixel</coordinate>
			<type>rectangle</type>
			<description>None</description>
			<possibleresult>
				<name>Motorboat</name>
			</possibleresult>
			<points>
				<point>48.000000,662.000000</point>
				<point>29.000000,671.000000</point>
				<point>32.000000,677.000000</point>
				<point>50.000000,668.000000</point>
				<point>48.000000,662.000000</point>
			</points>
		</object>
		<object>
			<coordinate>pixel</coordinate>
			<type>rectangle</type>
			<description>None</description>
			<possibleresult>
				<name>Motorboat</name>
			</possibleresult>
			<points>
				<point>58.000000,670.000000</point>
				<point>33.000000,685.000000</point>
				<point>35.000000,691.000000</point>
				<point>62.000000,677.000000</point>
				<point>58.000000,670.000000</point>
			</points>
		</object>
		<object>
			<coordinate>pixel</coordinate>
			<type>rectangle</type>
			<description>None</description>
			<possibleresult>
				<name>Motorboat</name>
			</possibleresult>
			<points>
				<point>57.000000,682.000000</point>
				<point>40.000000,693.000000</point>
				<point>44.000000,698.000000</point>
				<point>61.000000,688.000000</point>
				<point>57.000000,682.000000</point>
			</points>
		</object>
		<object>
			<coordinate>pixel</coordinate>
			<type>rectangle</type>
			<description>None</description>
			<possibleresult>
				<name>Motorboat</name>
			</possibleresult>
			<points>
				<point>52.000000,709.000000</point>
				<point>76.000000,695.000000</point>
				<point>72.000000,687.000000</point>
				<point>47.000000,702.000000</point>
				<point>52.000000,709.000000</point>
			</points>
		</object>
		<object>
			<coordinate>pixel</coordinate>
			<type>rectangle</type>
			<description>None</description>
			<possibleresult>
				<name>Motorboat</name>
			</possibleresult>
			<points>
				<point>59.000000,719.000000</point>
				<point>84.000000,703.000000</point>
				<point>80.000000,696.000000</point>
				<point>54.000000,712.000000</point>
				<point>59.000000,719.000000</point>
			</points>
		</object>
		<object>
			<coordinate>pixel</coordinate>
			<type>rectangle</type>
			<description>None</description>
			<possibleresult>
				<name>Motorboat</name>
			</possibleresult>
			<points>
				<point>0.000000,698.000000</point>
				<point>20.000000,686.000000</point>
				<point>16.000000,679.000000</point>
				<point>-4.000000,691.000000</point>
				<point>0.000000,698.000000</point>
			</points>
		</object>
		<object>
			<coordinate>pixel</coordinate>
			<type>rectangle</type>
			<description>None</description>
			<possibleresult>
				<name>Motorboat</name>
			</possibleresult>
			<points>
				<point>3.000000,709.000000</point>
				<point>29.000000,697.000000</point>
				<point>25.000000,689.000000</point>
				<point>0.000000,701.000000</point>
				<point>3.000000,709.000000</point>
			</points>
		</object>
		<object>
			<coordinate>pixel</coordinate>
			<type>rectangle</type>
			<description>None</description>
			<possibleresult>
				<name>Motorboat</name>
			</possibleresult>
			<points>
				<point>33.000000,698.000000</point>
				<point>12.000000,711.000000</point>
				<point>16.000000,718.000000</point>
				<point>37.000000,704.000000</point>
				<point>33.000000,698.000000</point>
			</points>
		</object>
		<object>
			<coordinate>pixel</coordinate>
			<type>rectangle</type>
			<description>None</description>
			<possibleresult>
				<name>Motorboat</name>
			</possibleresult>
			<points>
				<point>40.000000,707.000000</point>
				<point>17.000000,720.000000</point>
				<point>20.000000,727.000000</point>
				<point>44.000000,713.000000</point>
				<point>40.000000,707.000000</point>
			</points>
		</object>
		<object>
			<coordinate>pixel</coordinate>
			<type>rectangle</type>
			<description>None</description>
			<possibleresult>
				<name>Motorboat</name>
			</possibleresult>
			<points>
				<point>31.000000,729.000000</point>
				<point>48.000000,723.000000</point>
				<point>46.000000,717.000000</point>
				<point>29.000000,723.000000</point>
				<point>31.000000,729.000000</point>
			</points>
		</object>
		<object>
			<coordinate>pixel</coordinate>
			<type>rectangle</type>
			<description>None</description>
			<possibleresult>
				<name>Motorboat</name>
			</possibleresult>
			<points>
				<point>766.000000,88.000000</point>
				<point>752.000000,93.000000</point>
				<point>755.000000,99.000000</point>
				<point>768.000000,93.000000</point>
				<point>766.000000,88.000000</point>
			</points>
		</object>
		<object>
			<coordinate>pixel</coordinate>
			<type>rectangle</type>
			<description>None</description>
			<possibleresult>
				<name>Motorboat</name>
			</possibleresult>
			<points>
				<point>795.000000,134.000000</point>
				<point>781.000000,140.000000</point>
				<point>784.000000,145.000000</point>
				<point>798.000000,139.000000</point>
				<point>795.000000,134.000000</point>
			</points>
		</object>
		<object>
			<coordinate>pixel</coordinate>
			<type>rectangle</type>
			<description>None</description>
			<possibleresult>
				<name>Motorboat</name>
			</possibleresult>
			<points>
				<point>812.000000,1.000000</point>
				<point>798.000000,6.000000</point>
				<point>800.000000,10.000000</point>
				<point>814.000000,5.000000</point>
				<point>812.000000,1.000000</point>
			</points>
		</object>
		<object>
			<coordinate>pixel</coordinate>
			<type>rectangle</type>
			<description>None</description>
			<possibleresult>
				<name>Motorboat</name>
			</possibleresult>
			<points>
				<point>802.000000,75.000000</point>
				<point>814.000000,66.000000</point>
				<point>811.000000,63.000000</point>
				<point>799.000000,72.000000</point>
				<point>802.000000,75.000000</point>
			</points>
		</object>
		<object>
			<coordinate>pixel</coordinate>
			<type>rectangle</type>
			<description>None</description>
			<possibleresult>
				<name>Motorboat</name>
			</possibleresult>
			<points>
				<point>847.000000,17.000000</point>
				<point>853.000000,34.000000</point>
				<point>859.000000,32.000000</point>
				<point>853.000000,15.000000</point>
				<point>847.000000,17.000000</point>
			</points>
		</object>
		<object>
			<coordinate>pixel</coordinate>
			<type>rectangle</type>
			<description>None</description>
			<possibleresult>
				<name>Motorboat</name>
			</possibleresult>
			<points>
				<point>847.000000,1.000000</point>
				<point>848.000000,13.000000</point>
				<point>853.000000,13.000000</point>
				<point>852.000000,1.000000</point>
				<point>847.000000,1.000000</point>
			</points>
		</object>
		<object>
			<coordinate>pixel</coordinate>
			<type>rectangle</type>
			<description>None</description>
			<possibleresult>
				<name>Motorboat</name>
			</possibleresult>
			<points>
				<point>876.000000,19.000000</point>
				<point>886.000000,12.000000</point>
				<point>884.000000,8.000000</point>
				<point>873.000000,14.000000</point>
				<point>876.000000,19.000000</point>
			</points>
		</object>
		<object>
			<coordinate>pixel</coordinate>
			<type>rectangle</type>
			<description>None</description>
			<possibleresult>
				<name>Motorboat</name>
			</possibleresult>
			<points>
				<point>907.000000,75.000000</point>
				<point>888.000000,83.000000</point>
				<point>891.000000,90.000000</point>
				<point>910.000000,82.000000</point>
				<point>907.000000,75.000000</point>
			</points>
		</object>
		<object>
			<coordinate>pixel</coordinate>
			<type>rectangle</type>
			<description>None</description>
			<possibleresult>
				<name>Motorboat</name>
			</possibleresult>
			<points>
				<point>922.000000,89.000000</point>
				<point>898.000000,99.000000</point>
				<point>903.000000,110.000000</point>
				<point>926.000000,100.000000</point>
				<point>922.000000,89.000000</point>
			</points>
		</object>
		<object>
			<coordinate>pixel</coordinate>
			<type>rectangle</type>
			<description>None</description>
			<possibleresult>
				<name>Motorboat</name>
			</possibleresult>
			<points>
				<point>975.000000,23.000000</point>
				<point>964.000000,31.000000</point>
				<point>967.000000,35.000000</point>
				<point>978.000000,28.000000</point>
				<point>975.000000,23.000000</point>
			</points>
		</object>
		<object>
			<coordinate>pixel</coordinate>
			<type>rectangle</type>
			<description>None</description>
			<possibleresult>
				<name>Motorboat</name>
			</possibleresult>
			<points>
				<point>892.000000,30.000000</point>
				<point>880.000000,36.000000</point>
				<point>882.000000,41.000000</point>
				<point>894.000000,35.000000</point>
				<point>892.000000,30.000000</point>
			</points>
		</object>
		<object>
			<coordinate>pixel</coordinate>
			<type>rectangle</type>
			<description>None</description>
			<possibleresult>
				<name>Motorboat</name>
			</possibleresult>
			<points>
				<point>872.000000,13.000000</point>
				<point>885.000000,5.000000</point>
				<point>882.000000,0.000000</point>
				<point>870.000000,8.000000</point>
				<point>872.000000,13.000000</point>
			</points>
		</object>
		<object>
			<coordinate>pixel</coordinate>
			<type>rectangle</type>
			<description>None</description>
			<possibleresult>
				<name>Motorboat</name>
			</possibleresult>
			<points>
				<point>807.000000,81.000000</point>
				<point>819.000000,72.000000</point>
				<point>815.000000,69.000000</point>
				<point>804.000000,78.000000</point>
				<point>807.000000,81.000000</point>
			</points>
		</object>
		<object>
			<coordinate>pixel</coordinate>
			<type>rectangle</type>
			<description>None</description>
			<possibleresult>
				<name>Bridge</name>
			</possibleresult>
			<points>
				<point>1053.000000,93.000000</point>
				<point>1017.000000,9.000000</point>
				<point>1001.000000,16.000000</point>
				<point>1036.000000,100.000000</point>
				<point>1053.000000,93.000000</point>
			</points>
		</object>
		<object>
			<coordinate>pixel</coordinate>
			<type>rectangle</type>
			<description>None</description>
			<possibleresult>
				<name>Bridge</name>
			</possibleresult>
			<points>
				<point>1137.000000,50.000000</point>
				<point>1101.000000,-19.000000</point>
				<point>1039.000000,12.000000</point>
				<point>1074.000000,81.000000</point>
				<point>1137.000000,50.000000</point>
			</points>
		</object>
	</objects>
</annotation>