<?xml version="1.0" encoding="utf-8"?>
<annotation>
	<source>
		<filename>176.tif</filename>
		<origin>GF2/GF3</origin>
	</source>
	<research>
		<version>1.0</version>
		<provider>FAIR1M</provider>
		<author>Cyber</author>
		<pluginname>FAIR1M</pluginname>
		<pluginclass>object detection</pluginclass>
		<time>2021-07-21</time>
	</research>
	<size>
		<width>1500</width>
		<height>1500</height>
		<depth>3</depth>
	</size>
	<objects>
		<object>
			<coordinate>pixel</coordinate>
			<type>rectangle</type>
			<description>None</description>
			<possibleresult>
				<name>Dry Cargo Ship</name>
			</possibleresult>
			<points>
				<point>590.000000,533.000000</point>
				<point>640.000000,379.000000</point>
				<point>617.000000,370.000000</point>
				<point>565.000000,525.000000</point>
				<point>590.000000,533.000000</point>
			</points>
		</object>
		<object>
			<coordinate>pixel</coordinate>
			<type>rectangle</type>
			<description>None</description>
			<possibleresult>
				<name>other-ship</name>
			</possibleresult>
			<points>
				<point>449.000000,585.000000</point>
				<point>437.000000,628.000000</point>
				<point>446.000000,631.000000</point>
				<point>457.000000,587.000000</point>
				<point>449.000000,585.000000</point>
			</points>
		</object>
		<object>
			<coordinate>pixel</coordinate>
			<type>rectangle</type>
			<description>None</description>
			<possibleresult>
				<name>Engineering Ship</name>
			</possibleresult>
			<points>
				<point>509.000000,766.000000</point>
				<point>481.000000,834.000000</point>
				<point>507.000000,845.000000</point>
				<point>535.000000,777.000000</point>
				<point>509.000000,766.000000</point>
			</points>
		</object>
		<object>
			<coordinate>pixel</coordinate>
			<type>rectangle</type>
			<description>None</description>
			<possibleresult>
				<name>Warship</name>
			</possibleresult>
			<points>
				<point>507.000000,840.000000</point>
				<point>480.000000,918.000000</point>
				<point>494.000000,924.000000</point>
				<point>521.000000,845.000000</point>
				<point>507.000000,840.000000</point>
			</points>
		</object>
		<object>
			<coordinate>pixel</coordinate>
			<type>rectangle</type>
			<description>None</description>
			<possibleresult>
				<name>Tugboat</name>
			</possibleresult>
			<points>
				<point>498.000000,916.000000</point>
				<point>544.000000,925.000000</point>
				<point>547.000000,911.000000</point>
				<point>501.000000,902.000000</point>
				<point>498.000000,916.000000</point>
			</points>
		</object>
		<object>
			<coordinate>pixel</coordinate>
			<type>rectangle</type>
			<description>None</description>
			<possibleresult>
				<name>Dry Cargo Ship</name>
			</possibleresult>
			<points>
				<point>505.000000,931.000000</point>
				<point>555.000000,940.000000</point>
				<point>557.000000,929.000000</point>
				<point>507.000000,920.000000</point>
				<point>505.000000,931.000000</point>
			</points>
		</object>
		<object>
			<coordinate>pixel</coordinate>
			<type>rectangle</type>
			<description>None</description>
			<possibleresult>
				<name>Dry Cargo Ship</name>
			</possibleresult>
			<points>
				<point>503.000000,929.000000</point>
				<point>500.000000,940.000000</point>
				<point>546.000000,950.000000</point>
				<point>548.000000,940.000000</point>
				<point>503.000000,929.000000</point>
			</points>
		</object>
		<object>
			<coordinate>pixel</coordinate>
			<type>rectangle</type>
			<description>None</description>
			<possibleresult>
				<name>Tugboat</name>
			</possibleresult>
			<points>
				<point>671.000000,890.000000</point>
				<point>657.000000,927.000000</point>
				<point>669.000000,931.000000</point>
				<point>682.000000,893.000000</point>
				<point>671.000000,890.000000</point>
			</points>
		</object>
		<object>
			<coordinate>pixel</coordinate>
			<type>rectangle</type>
			<description>None</description>
			<possibleresult>
				<name>Dry Cargo Ship</name>
			</possibleresult>
			<points>
				<point>730.000000,979.000000</point>
				<point>748.000000,934.000000</point>
				<point>736.000000,927.000000</point>
				<point>717.000000,972.000000</point>
				<point>730.000000,979.000000</point>
			</points>
		</object>
		<object>
			<coordinate>pixel</coordinate>
			<type>rectangle</type>
			<description>None</description>
			<possibleresult>
				<name>Dry Cargo Ship</name>
			</possibleresult>
			<points>
				<point>771.000000,1008.000000</point>
				<point>801.000000,913.000000</point>
				<point>769.000000,904.000000</point>
				<point>740.000000,997.000000</point>
				<point>771.000000,1008.000000</point>
			</points>
		</object>
		<object>
			<coordinate>pixel</coordinate>
			<type>rectangle</type>
			<description>None</description>
			<possibleresult>
				<name>Dry Cargo Ship</name>
			</possibleresult>
			<points>
				<point>1032.000000,968.000000</point>
				<point>1301.000000,1065.000000</point>
				<point>1317.000000,1024.000000</point>
				<point>1048.000000,927.000000</point>
				<point>1032.000000,968.000000</point>
			</points>
		</object>
		<object>
			<coordinate>pixel</coordinate>
			<type>rectangle</type>
			<description>None</description>
			<possibleresult>
				<name>Dry Cargo Ship</name>
			</possibleresult>
			<points>
				<point>1030.000000,1015.000000</point>
				<point>1296.000000,1109.000000</point>
				<point>1311.000000,1070.000000</point>
				<point>1044.000000,975.000000</point>
				<point>1030.000000,1015.000000</point>
			</points>
		</object>
		<object>
			<coordinate>pixel</coordinate>
			<type>rectangle</type>
			<description>None</description>
			<possibleresult>
				<name>Dry Cargo Ship</name>
			</possibleresult>
			<points>
				<point>740.000000,984.000000</point>
				<point>759.000000,934.000000</point>
				<point>748.000000,931.000000</point>
				<point>730.000000,979.000000</point>
				<point>740.000000,984.000000</point>
			</points>
		</object>
		<object>
			<coordinate>pixel</coordinate>
			<type>rectangle</type>
			<description>None</description>
			<possibleresult>
				<name>Tugboat</name>
			</possibleresult>
			<points>
				<point>536.000000,788.000000</point>
				<point>542.000000,780.000000</point>
				<point>538.000000,776.000000</point>
				<point>532.000000,785.000000</point>
				<point>536.000000,788.000000</point>
			</points>
		</object>
		<object>
			<coordinate>pixel</coordinate>
			<type>rectangle</type>
			<description>None</description>
			<possibleresult>
				<name>Dry Cargo Ship</name>
			</possibleresult>
			<points>
				<point>730.000000,1351.000000</point>
				<point>820.000000,1090.000000</point>
				<point>781.000000,1077.000000</point>
				<point>691.000000,1337.000000</point>
				<point>730.000000,1351.000000</point>
			</points>
		</object>
		<object>
			<coordinate>pixel</coordinate>
			<type>rectangle</type>
			<description>None</description>
			<possibleresult>
				<name>Dry Cargo Ship</name>
			</possibleresult>
			<points>
				<point>462.000000,1496.000000</point>
				<point>622.000000,1038.000000</point>
				<point>551.000000,1012.000000</point>
				<point>391.000000,1470.000000</point>
				<point>462.000000,1496.000000</point>
			</points>
		</object>
	</objects>
</annotation>