<?xml version="1.0" encoding="utf-8"?>
<annotation>
	<source>
		<filename>178.tif</filename>
		<origin>GF2/GF3</origin>
	</source>
	<research>
		<version>1.0</version>
		<provider>FAIR1M</provider>
		<author>Cyber</author>
		<pluginname>FAIR1M</pluginname>
		<pluginclass>object detection</pluginclass>
		<time>2021-07-21</time>
	</research>
	<size>
		<width>1500</width>
		<height>1500</height>
		<depth>3</depth>
	</size>
	<objects>
		<object>
			<coordinate>pixel</coordinate>
			<type>rectangle</type>
			<description>None</description>
			<possibleresult>
				<name>Dry Cargo Ship</name>
			</possibleresult>
			<points>
				<point>1178.000000,1472.000000</point>
				<point>905.000000,1379.000000</point>
				<point>892.000000,1420.000000</point>
				<point>1163.000000,1513.000000</point>
				<point>1178.000000,1472.000000</point>
			</points>
		</object>
		<object>
			<coordinate>pixel</coordinate>
			<type>rectangle</type>
			<description>None</description>
			<possibleresult>
				<name>Dry Cargo Ship</name>
			</possibleresult>
			<points>
				<point>180.000000,1175.000000</point>
				<point>444.000000,1275.000000</point>
				<point>459.000000,1234.000000</point>
				<point>194.000000,1134.000000</point>
				<point>180.000000,1175.000000</point>
			</points>
		</object>
		<object>
			<coordinate>pixel</coordinate>
			<type>rectangle</type>
			<description>None</description>
			<possibleresult>
				<name>Liquid Cargo Ship</name>
			</possibleresult>
			<points>
				<point>234.000000,359.000000</point>
				<point>63.000000,306.000000</point>
				<point>55.000000,334.000000</point>
				<point>226.000000,388.000000</point>
				<point>234.000000,359.000000</point>
			</points>
		</object>
		<object>
			<coordinate>pixel</coordinate>
			<type>rectangle</type>
			<description>None</description>
			<possibleresult>
				<name>other-ship</name>
			</possibleresult>
			<points>
				<point>114.000000,84.000000</point>
				<point>142.000000,93.000000</point>
				<point>145.000000,86.000000</point>
				<point>117.000000,77.000000</point>
				<point>114.000000,84.000000</point>
			</points>
		</object>
	</objects>
</annotation>