<?xml version="1.0" encoding="utf-8"?>
<annotation>
	<source>
		<filename>179.tif</filename>
		<origin>GF2/GF3</origin>
	</source>
	<research>
		<version>1.0</version>
		<provider>FAIR1M</provider>
		<author>Cyber</author>
		<pluginname>FAIR1M</pluginname>
		<pluginclass>object detection</pluginclass>
		<time>2021-07-21</time>
	</research>
	<size>
		<width>1000</width>
		<height>1000</height>
		<depth>3</depth>
	</size>
	<objects>
		<object>
			<coordinate>pixel</coordinate>
			<type>rectangle</type>
			<description>None</description>
			<possibleresult>
				<name>Small Car</name>
			</possibleresult>
			<points>
				<point>751.000000,649.000000</point>
				<point>742.000000,649.000000</point>
				<point>740.000000,628.000000</point>
				<point>750.000000,627.000000</point>
				<point>751.000000,649.000000</point>
			</points>
		</object>
		<object>
			<coordinate>pixel</coordinate>
			<type>rectangle</type>
			<description>None</description>
			<possibleresult>
				<name>Small Car</name>
			</possibleresult>
			<points>
				<point>269.000000,647.000000</point>
				<point>259.000000,647.000000</point>
				<point>259.000000,626.000000</point>
				<point>269.000000,626.000000</point>
				<point>269.000000,647.000000</point>
			</points>
		</object>
		<object>
			<coordinate>pixel</coordinate>
			<type>rectangle</type>
			<description>None</description>
			<possibleresult>
				<name>Van</name>
			</possibleresult>
			<points>
				<point>822.000000,96.000000</point>
				<point>815.000000,96.000000</point>
				<point>814.000000,81.000000</point>
				<point>821.000000,81.000000</point>
				<point>822.000000,96.000000</point>
			</points>
		</object>
		<object>
			<coordinate>pixel</coordinate>
			<type>rectangle</type>
			<description>None</description>
			<possibleresult>
				<name>Small Car</name>
			</possibleresult>
			<points>
				<point>824.000000,119.000000</point>
				<point>815.000000,120.000000</point>
				<point>812.000000,105.000000</point>
				<point>820.000000,103.000000</point>
				<point>824.000000,119.000000</point>
			</points>
		</object>
		<object>
			<coordinate>pixel</coordinate>
			<type>rectangle</type>
			<description>None</description>
			<possibleresult>
				<name>Small Car</name>
			</possibleresult>
			<points>
				<point>1000.000000,900.000000</point>
				<point>994.000000,900.000000</point>
				<point>994.000000,884.000000</point>
				<point>1000.000000,884.000000</point>
				<point>1000.000000,900.000000</point>
			</points>
		</object>
		<object>
			<coordinate>pixel</coordinate>
			<type>rectangle</type>
			<description>None</description>
			<possibleresult>
				<name>Van</name>
			</possibleresult>
			<points>
				<point>950.000000,960.000000</point>
				<point>930.000000,960.000000</point>
				<point>930.000000,954.000000</point>
				<point>950.000000,954.000000</point>
				<point>950.000000,960.000000</point>
			</points>
		</object>
		<object>
			<coordinate>pixel</coordinate>
			<type>rectangle</type>
			<description>None</description>
			<possibleresult>
				<name>Small Car</name>
			</possibleresult>
			<points>
				<point>1000.000000,855.000000</point>
				<point>993.000000,855.000000</point>
				<point>993.000000,838.000000</point>
				<point>1000.000000,838.000000</point>
				<point>1000.000000,855.000000</point>
			</points>
		</object>
		<object>
			<coordinate>pixel</coordinate>
			<type>rectangle</type>
			<description>None</description>
			<possibleresult>
				<name>Small Car</name>
			</possibleresult>
			<points>
				<point>906.000000,937.000000</point>
				<point>897.000000,938.000000</point>
				<point>895.000000,920.000000</point>
				<point>905.000000,920.000000</point>
				<point>906.000000,937.000000</point>
			</points>
		</object>
		<object>
			<coordinate>pixel</coordinate>
			<type>rectangle</type>
			<description>None</description>
			<possibleresult>
				<name>Van</name>
			</possibleresult>
			<points>
				<point>883.000000,957.000000</point>
				<point>866.000000,959.000000</point>
				<point>865.000000,954.000000</point>
				<point>883.000000,953.000000</point>
				<point>883.000000,957.000000</point>
			</points>
		</object>
		<object>
			<coordinate>pixel</coordinate>
			<type>rectangle</type>
			<description>None</description>
			<possibleresult>
				<name>Van</name>
			</possibleresult>
			<points>
				<point>860.000000,959.000000</point>
				<point>834.000000,959.000000</point>
				<point>834.000000,952.000000</point>
				<point>860.000000,952.000000</point>
				<point>860.000000,959.000000</point>
			</points>
		</object>
		<object>
			<coordinate>pixel</coordinate>
			<type>rectangle</type>
			<description>None</description>
			<possibleresult>
				<name>Small Car</name>
			</possibleresult>
			<points>
				<point>793.000000,925.000000</point>
				<point>785.000000,925.000000</point>
				<point>785.000000,910.000000</point>
				<point>793.000000,910.000000</point>
				<point>793.000000,925.000000</point>
			</points>
		</object>
		<object>
			<coordinate>pixel</coordinate>
			<type>rectangle</type>
			<description>None</description>
			<possibleresult>
				<name>Small Car</name>
			</possibleresult>
			<points>
				<point>688.000000,979.000000</point>
				<point>688.000000,985.000000</point>
				<point>665.000000,984.000000</point>
				<point>666.000000,977.000000</point>
				<point>688.000000,979.000000</point>
			</points>
		</object>
		<object>
			<coordinate>pixel</coordinate>
			<type>rectangle</type>
			<description>None</description>
			<possibleresult>
				<name>Small Car</name>
			</possibleresult>
			<points>
				<point>604.000000,978.000000</point>
				<point>603.000000,985.000000</point>
				<point>580.000000,984.000000</point>
				<point>581.000000,977.000000</point>
				<point>604.000000,978.000000</point>
			</points>
		</object>
		<object>
			<coordinate>pixel</coordinate>
			<type>rectangle</type>
			<description>None</description>
			<possibleresult>
				<name>Van</name>
			</possibleresult>
			<points>
				<point>516.000000,975.000000</point>
				<point>496.000000,975.000000</point>
				<point>496.000000,969.000000</point>
				<point>516.000000,969.000000</point>
				<point>516.000000,975.000000</point>
			</points>
		</object>
		<object>
			<coordinate>pixel</coordinate>
			<type>rectangle</type>
			<description>None</description>
			<possibleresult>
				<name>Van</name>
			</possibleresult>
			<points>
				<point>496.000000,955.000000</point>
				<point>476.000000,955.000000</point>
				<point>476.000000,947.000000</point>
				<point>496.000000,947.000000</point>
				<point>496.000000,955.000000</point>
			</points>
		</object>
		<object>
			<coordinate>pixel</coordinate>
			<type>rectangle</type>
			<description>None</description>
			<possibleresult>
				<name>Small Car</name>
			</possibleresult>
			<points>
				<point>448.000000,976.000000</point>
				<point>448.000000,983.000000</point>
				<point>424.000000,982.000000</point>
				<point>424.000000,975.000000</point>
				<point>448.000000,976.000000</point>
			</points>
		</object>
		<object>
			<coordinate>pixel</coordinate>
			<type>rectangle</type>
			<description>None</description>
			<possibleresult>
				<name>Small Car</name>
			</possibleresult>
			<points>
				<point>432.000000,954.000000</point>
				<point>409.000000,954.000000</point>
				<point>409.000000,946.000000</point>
				<point>432.000000,946.000000</point>
				<point>432.000000,954.000000</point>
			</points>
		</object>
		<object>
			<coordinate>pixel</coordinate>
			<type>rectangle</type>
			<description>None</description>
			<possibleresult>
				<name>Small Car</name>
			</possibleresult>
			<points>
				<point>365.000000,983.000000</point>
				<point>344.000000,983.000000</point>
				<point>344.000000,976.000000</point>
				<point>365.000000,976.000000</point>
				<point>365.000000,983.000000</point>
			</points>
		</object>
		<object>
			<coordinate>pixel</coordinate>
			<type>rectangle</type>
			<description>None</description>
			<possibleresult>
				<name>Van</name>
			</possibleresult>
			<points>
				<point>359.000000,952.000000</point>
				<point>332.000000,952.000000</point>
				<point>332.000000,945.000000</point>
				<point>359.000000,945.000000</point>
				<point>359.000000,952.000000</point>
			</points>
		</object>
		<object>
			<coordinate>pixel</coordinate>
			<type>rectangle</type>
			<description>None</description>
			<possibleresult>
				<name>Dump Truck</name>
			</possibleresult>
			<points>
				<point>322.000000,950.000000</point>
				<point>298.000000,951.000000</point>
				<point>297.000000,946.000000</point>
				<point>322.000000,944.000000</point>
				<point>322.000000,950.000000</point>
			</points>
		</object>
		<object>
			<coordinate>pixel</coordinate>
			<type>rectangle</type>
			<description>None</description>
			<possibleresult>
				<name>Small Car</name>
			</possibleresult>
			<points>
				<point>460.000000,931.000000</point>
				<point>452.000000,931.000000</point>
				<point>452.000000,914.000000</point>
				<point>460.000000,914.000000</point>
				<point>460.000000,931.000000</point>
			</points>
		</object>
		<object>
			<coordinate>pixel</coordinate>
			<type>rectangle</type>
			<description>None</description>
			<possibleresult>
				<name>Small Car</name>
			</possibleresult>
			<points>
				<point>464.000000,891.000000</point>
				<point>463.000000,909.000000</point>
				<point>453.000000,909.000000</point>
				<point>454.000000,891.000000</point>
				<point>464.000000,891.000000</point>
			</points>
		</object>
		<object>
			<coordinate>pixel</coordinate>
			<type>rectangle</type>
			<description>None</description>
			<possibleresult>
				<name>Van</name>
			</possibleresult>
			<points>
				<point>827.000000,877.000000</point>
				<point>817.000000,877.000000</point>
				<point>817.000000,861.000000</point>
				<point>827.000000,861.000000</point>
				<point>827.000000,877.000000</point>
			</points>
		</object>
		<object>
			<coordinate>pixel</coordinate>
			<type>rectangle</type>
			<description>None</description>
			<possibleresult>
				<name>Van</name>
			</possibleresult>
			<points>
				<point>663.000000,867.000000</point>
				<point>656.000000,867.000000</point>
				<point>656.000000,851.000000</point>
				<point>663.000000,851.000000</point>
				<point>663.000000,867.000000</point>
			</points>
		</object>
		<object>
			<coordinate>pixel</coordinate>
			<type>rectangle</type>
			<description>None</description>
			<possibleresult>
				<name>Small Car</name>
			</possibleresult>
			<points>
				<point>573.000000,857.000000</point>
				<point>572.000000,864.000000</point>
				<point>551.000000,859.000000</point>
				<point>552.000000,852.000000</point>
				<point>573.000000,857.000000</point>
			</points>
		</object>
		<object>
			<coordinate>pixel</coordinate>
			<type>rectangle</type>
			<description>None</description>
			<possibleresult>
				<name>Van</name>
			</possibleresult>
			<points>
				<point>461.000000,871.000000</point>
				<point>452.000000,874.000000</point>
				<point>447.000000,859.000000</point>
				<point>456.000000,856.000000</point>
				<point>461.000000,871.000000</point>
			</points>
		</object>
		<object>
			<coordinate>pixel</coordinate>
			<type>rectangle</type>
			<description>None</description>
			<possibleresult>
				<name>Van</name>
			</possibleresult>
			<points>
				<point>296.000000,972.000000</point>
				<point>277.000000,972.000000</point>
				<point>277.000000,965.000000</point>
				<point>296.000000,965.000000</point>
				<point>296.000000,972.000000</point>
			</points>
		</object>
		<object>
			<coordinate>pixel</coordinate>
			<type>rectangle</type>
			<description>None</description>
			<possibleresult>
				<name>Small Car</name>
			</possibleresult>
			<points>
				<point>263.000000,981.000000</point>
				<point>243.000000,981.000000</point>
				<point>243.000000,974.000000</point>
				<point>263.000000,974.000000</point>
				<point>263.000000,981.000000</point>
			</points>
		</object>
		<object>
			<coordinate>pixel</coordinate>
			<type>rectangle</type>
			<description>None</description>
			<possibleresult>
				<name>Van</name>
			</possibleresult>
			<points>
				<point>212.000000,951.000000</point>
				<point>190.000000,951.000000</point>
				<point>190.000000,944.000000</point>
				<point>212.000000,944.000000</point>
				<point>212.000000,951.000000</point>
			</points>
		</object>
		<object>
			<coordinate>pixel</coordinate>
			<type>rectangle</type>
			<description>None</description>
			<possibleresult>
				<name>Small Car</name>
			</possibleresult>
			<points>
				<point>276.000000,871.000000</point>
				<point>267.000000,871.000000</point>
				<point>267.000000,854.000000</point>
				<point>276.000000,854.000000</point>
				<point>276.000000,871.000000</point>
			</points>
		</object>
		<object>
			<coordinate>pixel</coordinate>
			<type>rectangle</type>
			<description>None</description>
			<possibleresult>
				<name>Van</name>
			</possibleresult>
			<points>
				<point>181.000000,856.000000</point>
				<point>165.000000,856.000000</point>
				<point>165.000000,850.000000</point>
				<point>181.000000,850.000000</point>
				<point>181.000000,856.000000</point>
			</points>
		</object>
		<object>
			<coordinate>pixel</coordinate>
			<type>rectangle</type>
			<description>None</description>
			<possibleresult>
				<name>Small Car</name>
			</possibleresult>
			<points>
				<point>147.000000,855.000000</point>
				<point>128.000000,855.000000</point>
				<point>128.000000,850.000000</point>
				<point>147.000000,850.000000</point>
				<point>147.000000,855.000000</point>
			</points>
		</object>
		<object>
			<coordinate>pixel</coordinate>
			<type>rectangle</type>
			<description>None</description>
			<possibleresult>
				<name>Dump Truck</name>
			</possibleresult>
			<points>
				<point>91.000000,892.000000</point>
				<point>83.000000,892.000000</point>
				<point>83.000000,872.000000</point>
				<point>91.000000,872.000000</point>
				<point>91.000000,892.000000</point>
			</points>
		</object>
		<object>
			<coordinate>pixel</coordinate>
			<type>rectangle</type>
			<description>None</description>
			<possibleresult>
				<name>Van</name>
			</possibleresult>
			<points>
				<point>45.000000,860.000000</point>
				<point>24.000000,865.000000</point>
				<point>23.000000,858.000000</point>
				<point>43.000000,852.000000</point>
				<point>45.000000,860.000000</point>
			</points>
		</object>
		<object>
			<coordinate>pixel</coordinate>
			<type>rectangle</type>
			<description>None</description>
			<possibleresult>
				<name>Van</name>
			</possibleresult>
			<points>
				<point>470.000000,606.000000</point>
				<point>460.000000,606.000000</point>
				<point>460.000000,584.000000</point>
				<point>470.000000,584.000000</point>
				<point>470.000000,606.000000</point>
			</points>
		</object>
		<object>
			<coordinate>pixel</coordinate>
			<type>rectangle</type>
			<description>None</description>
			<possibleresult>
				<name>Van</name>
			</possibleresult>
			<points>
				<point>404.000000,610.000000</point>
				<point>394.000000,610.000000</point>
				<point>394.000000,596.000000</point>
				<point>404.000000,596.000000</point>
				<point>404.000000,610.000000</point>
			</points>
		</object>
		<object>
			<coordinate>pixel</coordinate>
			<type>rectangle</type>
			<description>None</description>
			<possibleresult>
				<name>Small Car</name>
			</possibleresult>
			<points>
				<point>470.000000,539.000000</point>
				<point>449.000000,539.000000</point>
				<point>449.000000,531.000000</point>
				<point>470.000000,531.000000</point>
				<point>470.000000,539.000000</point>
			</points>
		</object>
		<object>
			<coordinate>pixel</coordinate>
			<type>rectangle</type>
			<description>None</description>
			<possibleresult>
				<name>Small Car</name>
			</possibleresult>
			<points>
				<point>539.000000,508.000000</point>
				<point>531.000000,508.000000</point>
				<point>528.000000,491.000000</point>
				<point>537.000000,490.000000</point>
				<point>539.000000,508.000000</point>
			</points>
		</object>
		<object>
			<coordinate>pixel</coordinate>
			<type>rectangle</type>
			<description>None</description>
			<possibleresult>
				<name>Dump Truck</name>
			</possibleresult>
			<points>
				<point>693.000000,470.000000</point>
				<point>684.000000,470.000000</point>
				<point>684.000000,449.000000</point>
				<point>693.000000,449.000000</point>
				<point>693.000000,470.000000</point>
			</points>
		</object>
		<object>
			<coordinate>pixel</coordinate>
			<type>rectangle</type>
			<description>None</description>
			<possibleresult>
				<name>Dump Truck</name>
			</possibleresult>
			<points>
				<point>279.000000,266.000000</point>
				<point>278.000000,273.000000</point>
				<point>251.000000,271.000000</point>
				<point>251.000000,263.000000</point>
				<point>279.000000,266.000000</point>
			</points>
		</object>
		<object>
			<coordinate>pixel</coordinate>
			<type>rectangle</type>
			<description>None</description>
			<possibleresult>
				<name>Small Car</name>
			</possibleresult>
			<points>
				<point>185.000000,284.000000</point>
				<point>176.000000,284.000000</point>
				<point>176.000000,267.000000</point>
				<point>185.000000,267.000000</point>
				<point>185.000000,284.000000</point>
			</points>
		</object>
		<object>
			<coordinate>pixel</coordinate>
			<type>rectangle</type>
			<description>None</description>
			<possibleresult>
				<name>Dump Truck</name>
			</possibleresult>
			<points>
				<point>181.000000,361.000000</point>
				<point>156.000000,361.000000</point>
				<point>156.000000,352.000000</point>
				<point>181.000000,352.000000</point>
				<point>181.000000,361.000000</point>
			</points>
		</object>
		<object>
			<coordinate>pixel</coordinate>
			<type>rectangle</type>
			<description>None</description>
			<possibleresult>
				<name>Van</name>
			</possibleresult>
			<points>
				<point>376.000000,239.000000</point>
				<point>367.000000,239.000000</point>
				<point>367.000000,222.000000</point>
				<point>376.000000,222.000000</point>
				<point>376.000000,239.000000</point>
			</points>
		</object>
		<object>
			<coordinate>pixel</coordinate>
			<type>rectangle</type>
			<description>None</description>
			<possibleresult>
				<name>Small Car</name>
			</possibleresult>
			<points>
				<point>135.000000,38.000000</point>
				<point>113.000000,38.000000</point>
				<point>113.000000,31.000000</point>
				<point>135.000000,31.000000</point>
				<point>135.000000,38.000000</point>
			</points>
		</object>
		<object>
			<coordinate>pixel</coordinate>
			<type>rectangle</type>
			<description>None</description>
			<possibleresult>
				<name>Small Car</name>
			</possibleresult>
			<points>
				<point>216.000000,70.000000</point>
				<point>204.000000,70.000000</point>
				<point>204.000000,52.000000</point>
				<point>216.000000,52.000000</point>
				<point>216.000000,70.000000</point>
			</points>
		</object>
		<object>
			<coordinate>pixel</coordinate>
			<type>rectangle</type>
			<description>None</description>
			<possibleresult>
				<name>Dump Truck</name>
			</possibleresult>
			<points>
				<point>254.000000,45.000000</point>
				<point>245.000000,45.000000</point>
				<point>244.000000,28.000000</point>
				<point>252.000000,27.000000</point>
				<point>254.000000,45.000000</point>
			</points>
		</object>
		<object>
			<coordinate>pixel</coordinate>
			<type>rectangle</type>
			<description>None</description>
			<possibleresult>
				<name>Small Car</name>
			</possibleresult>
			<points>
				<point>244.000000,43.000000</point>
				<point>234.000000,43.000000</point>
				<point>234.000000,26.000000</point>
				<point>244.000000,26.000000</point>
				<point>244.000000,43.000000</point>
			</points>
		</object>
		<object>
			<coordinate>pixel</coordinate>
			<type>rectangle</type>
			<description>None</description>
			<possibleresult>
				<name>Dump Truck</name>
			</possibleresult>
			<points>
				<point>682.000000,93.000000</point>
				<point>672.000000,95.000000</point>
				<point>670.000000,77.000000</point>
				<point>680.000000,75.000000</point>
				<point>682.000000,93.000000</point>
			</points>
		</object>
		<object>
			<coordinate>pixel</coordinate>
			<type>rectangle</type>
			<description>None</description>
			<possibleresult>
				<name>Small Car</name>
			</possibleresult>
			<points>
				<point>699.000000,115.000000</point>
				<point>691.000000,116.000000</point>
				<point>690.000000,100.000000</point>
				<point>698.000000,99.000000</point>
				<point>699.000000,115.000000</point>
			</points>
		</object>
		<object>
			<coordinate>pixel</coordinate>
			<type>rectangle</type>
			<description>None</description>
			<possibleresult>
				<name>Small Car</name>
			</possibleresult>
			<points>
				<point>347.000000,111.000000</point>
				<point>338.000000,111.000000</point>
				<point>338.000000,94.000000</point>
				<point>347.000000,94.000000</point>
				<point>347.000000,111.000000</point>
			</points>
		</object>
		<object>
			<coordinate>pixel</coordinate>
			<type>rectangle</type>
			<description>None</description>
			<possibleresult>
				<name>Cargo Truck</name>
			</possibleresult>
			<points>
				<point>353.000000,88.000000</point>
				<point>342.000000,88.000000</point>
				<point>342.000000,72.000000</point>
				<point>353.000000,72.000000</point>
				<point>353.000000,88.000000</point>
			</points>
		</object>
		<object>
			<coordinate>pixel</coordinate>
			<type>rectangle</type>
			<description>None</description>
			<possibleresult>
				<name>Van</name>
			</possibleresult>
			<points>
				<point>964.000000,653.000000</point>
				<point>942.000000,653.000000</point>
				<point>942.000000,646.000000</point>
				<point>964.000000,646.000000</point>
				<point>964.000000,653.000000</point>
			</points>
		</object>
		<object>
			<coordinate>pixel</coordinate>
			<type>rectangle</type>
			<description>None</description>
			<possibleresult>
				<name>Small Car</name>
			</possibleresult>
			<points>
				<point>958.000000,467.000000</point>
				<point>937.000000,468.000000</point>
				<point>936.000000,461.000000</point>
				<point>957.000000,460.000000</point>
				<point>958.000000,467.000000</point>
			</points>
		</object>
		<object>
			<coordinate>pixel</coordinate>
			<type>rectangle</type>
			<description>None</description>
			<possibleresult>
				<name>Small Car</name>
			</possibleresult>
			<points>
				<point>897.000000,307.000000</point>
				<point>876.000000,309.000000</point>
				<point>875.000000,302.000000</point>
				<point>897.000000,301.000000</point>
				<point>897.000000,307.000000</point>
			</points>
		</object>
		<object>
			<coordinate>pixel</coordinate>
			<type>rectangle</type>
			<description>None</description>
			<possibleresult>
				<name>Van</name>
			</possibleresult>
			<points>
				<point>822.000000,137.000000</point>
				<point>814.000000,137.000000</point>
				<point>813.000000,122.000000</point>
				<point>821.000000,122.000000</point>
				<point>822.000000,137.000000</point>
			</points>
		</object>
		<object>
			<coordinate>pixel</coordinate>
			<type>rectangle</type>
			<description>None</description>
			<possibleresult>
				<name>Van</name>
			</possibleresult>
			<points>
				<point>797.000000,163.000000</point>
				<point>783.000000,163.000000</point>
				<point>783.000000,157.000000</point>
				<point>797.000000,157.000000</point>
				<point>797.000000,163.000000</point>
			</points>
		</object>
		<object>
			<coordinate>pixel</coordinate>
			<type>rectangle</type>
			<description>None</description>
			<possibleresult>
				<name>Small Car</name>
			</possibleresult>
			<points>
				<point>253.000000,612.000000</point>
				<point>243.000000,612.000000</point>
				<point>243.000000,595.000000</point>
				<point>253.000000,595.000000</point>
				<point>253.000000,612.000000</point>
			</points>
		</object>
		<object>
			<coordinate>pixel</coordinate>
			<type>rectangle</type>
			<description>None</description>
			<possibleresult>
				<name>Intersection</name>
			</possibleresult>
			<points>
				<point>31.000000,1000.000000</point>
				<point>30.000000,937.000000</point>
				<point>106.000000,936.000000</point>
				<point>107.000000,999.000000</point>
				<point>31.000000,1000.000000</point>
			</points>
		</object>
		<object>
			<coordinate>pixel</coordinate>
			<type>rectangle</type>
			<description>None</description>
			<possibleresult>
				<name>Intersection</name>
			</possibleresult>
			<points>
				<point>100.000000,575.000000</point>
				<point>37.000000,576.000000</point>
				<point>36.000000,531.000000</point>
				<point>99.000000,530.000000</point>
				<point>100.000000,575.000000</point>
			</points>
		</object>
		<object>
			<coordinate>pixel</coordinate>
			<type>rectangle</type>
			<description>None</description>
			<possibleresult>
				<name>Intersection</name>
			</possibleresult>
			<points>
				<point>100.000000,194.000000</point>
				<point>39.000000,194.000000</point>
				<point>40.000000,152.000000</point>
				<point>100.000000,152.000000</point>
				<point>100.000000,194.000000</point>
			</points>
		</object>
		<object>
			<coordinate>pixel</coordinate>
			<type>rectangle</type>
			<description>None</description>
			<possibleresult>
				<name>Van</name>
			</possibleresult>
			<points>
				<point>335.000000,189.000000</point>
				<point>315.000000,189.000000</point>
				<point>315.000000,182.000000</point>
				<point>335.000000,182.000000</point>
				<point>335.000000,189.000000</point>
			</points>
		</object>
		<object>
			<coordinate>pixel</coordinate>
			<type>rectangle</type>
			<description>None</description>
			<possibleresult>
				<name>Dump Truck</name>
			</possibleresult>
			<points>
				<point>154.000000,361.000000</point>
				<point>130.000000,361.000000</point>
				<point>130.000000,353.000000</point>
				<point>154.000000,353.000000</point>
				<point>154.000000,361.000000</point>
			</points>
		</object>
		<object>
			<coordinate>pixel</coordinate>
			<type>rectangle</type>
			<description>None</description>
			<possibleresult>
				<name>Van</name>
			</possibleresult>
			<points>
				<point>236.000000,961.000000</point>
				<point>218.000000,961.000000</point>
				<point>218.000000,954.000000</point>
				<point>236.000000,954.000000</point>
				<point>236.000000,961.000000</point>
			</points>
		</object>
	</objects>
</annotation>