<?xml version="1.0" encoding="utf-8"?>
<annotation>
	<source>
		<filename>183.tif</filename>
		<origin>GF2/GF3</origin>
	</source>
	<research>
		<version>1.0</version>
		<provider>FAIR1M</provider>
		<author>Cyber</author>
		<pluginname>FAIR1M</pluginname>
		<pluginclass>object detection</pluginclass>
		<time>2021-07-21</time>
	</research>
	<size>
		<width>1000</width>
		<height>1000</height>
		<depth>3</depth>
	</size>
	<objects>
		<object>
			<coordinate>pixel</coordinate>
			<type>rectangle</type>
			<description>None</description>
			<possibleresult>
				<name>A220</name>
			</possibleresult>
			<points>
				<point>323.000000,704.000000</point>
				<point>364.000000,764.000000</point>
				<point>418.000000,726.000000</point>
				<point>377.000000,666.000000</point>
				<point>323.000000,704.000000</point>
			</points>
		</object>
		<object>
			<coordinate>pixel</coordinate>
			<type>rectangle</type>
			<description>None</description>
			<possibleresult>
				<name>A220</name>
			</possibleresult>
			<points>
				<point>584.000000,545.000000</point>
				<point>623.000000,601.000000</point>
				<point>679.000000,562.000000</point>
				<point>640.000000,506.000000</point>
				<point>584.000000,545.000000</point>
			</points>
		</object>
		<object>
			<coordinate>pixel</coordinate>
			<type>rectangle</type>
			<description>None</description>
			<possibleresult>
				<name>other-airplane</name>
			</possibleresult>
			<points>
				<point>96.000000,759.000000</point>
				<point>39.000000,791.000000</point>
				<point>70.000000,847.000000</point>
				<point>127.000000,815.000000</point>
				<point>96.000000,759.000000</point>
			</points>
		</object>
	</objects>
</annotation>