<?xml version="1.0" encoding="utf-8"?>
<annotation>
	<source>
		<filename>19.tif</filename>
		<origin>GF2/GF3</origin>
	</source>
	<research>
		<version>1.0</version>
		<provider>FAIR1M</provider>
		<author>Cyber</author>
		<pluginname>FAIR1M</pluginname>
		<pluginclass>object detection</pluginclass>
		<time>2021-07-21</time>
	</research>
	<size>
		<width>1000</width>
		<height>1000</height>
		<depth>3</depth>
	</size>
	<objects>
		<object>
			<coordinate>pixel</coordinate>
			<type>rectangle</type>
			<description>None</description>
			<possibleresult>
				<name>Boeing787</name>
			</possibleresult>
			<points>
				<point>318.000000,703.000000</point>
				<point>255.000000,741.000000</point>
				<point>293.000000,805.000000</point>
				<point>357.000000,767.000000</point>
				<point>318.000000,703.000000</point>
			</points>
		</object>
	</objects>
</annotation>