<?xml version="1.0" encoding="utf-8"?>
<annotation>
	<source>
		<filename>206.tif</filename>
		<origin>GF2/GF3</origin>
	</source>
	<research>
		<version>1.0</version>
		<provider>FAIR1M</provider>
		<author>Cyber</author>
		<pluginname>FAIR1M</pluginname>
		<pluginclass>object detection</pluginclass>
		<time>2021-07-21</time>
	</research>
	<size>
		<width>1500</width>
		<height>1500</height>
		<depth>3</depth>
	</size>
	<objects>
		<object>
			<coordinate>pixel</coordinate>
			<type>rectangle</type>
			<description>None</description>
			<possibleresult>
				<name>Dry Cargo Ship</name>
			</possibleresult>
			<points>
				<point>1228.000000,986.000000</point>
				<point>1167.000000,1220.000000</point>
				<point>1207.000000,1229.000000</point>
				<point>1267.000000,997.000000</point>
				<point>1228.000000,986.000000</point>
			</points>
		</object>
		<object>
			<coordinate>pixel</coordinate>
			<type>rectangle</type>
			<description>None</description>
			<possibleresult>
				<name>Dry Cargo Ship</name>
			</possibleresult>
			<points>
				<point>1246.000000,931.000000</point>
				<point>1282.000000,941.000000</point>
				<point>1344.000000,727.000000</point>
				<point>1309.000000,716.000000</point>
				<point>1246.000000,931.000000</point>
			</points>
		</object>
		<object>
			<coordinate>pixel</coordinate>
			<type>rectangle</type>
			<description>None</description>
			<possibleresult>
				<name>Dry Cargo Ship</name>
			</possibleresult>
			<points>
				<point>1082.000000,552.000000</point>
				<point>1301.000000,649.000000</point>
				<point>1319.000000,608.000000</point>
				<point>1101.000000,511.000000</point>
				<point>1082.000000,552.000000</point>
			</points>
		</object>
		<object>
			<coordinate>pixel</coordinate>
			<type>rectangle</type>
			<description>None</description>
			<possibleresult>
				<name>Dry Cargo Ship</name>
			</possibleresult>
			<points>
				<point>511.000000,888.000000</point>
				<point>730.000000,981.000000</point>
				<point>746.000000,945.000000</point>
				<point>528.000000,852.000000</point>
				<point>511.000000,888.000000</point>
			</points>
		</object>
		<object>
			<coordinate>pixel</coordinate>
			<type>rectangle</type>
			<description>None</description>
			<possibleresult>
				<name>Liquid Cargo Ship</name>
			</possibleresult>
			<points>
				<point>176.000000,1459.000000</point>
				<point>288.000000,1509.000000</point>
				<point>296.000000,1490.000000</point>
				<point>184.000000,1440.000000</point>
				<point>176.000000,1459.000000</point>
			</points>
		</object>
		<object>
			<coordinate>pixel</coordinate>
			<type>rectangle</type>
			<description>None</description>
			<possibleresult>
				<name>Liquid Cargo Ship</name>
			</possibleresult>
			<points>
				<point>476.000000,1168.000000</point>
				<point>417.000000,1136.000000</point>
				<point>409.000000,1150.000000</point>
				<point>467.000000,1181.000000</point>
				<point>476.000000,1168.000000</point>
			</points>
		</object>
		<object>
			<coordinate>pixel</coordinate>
			<type>rectangle</type>
			<description>None</description>
			<possibleresult>
				<name>Liquid Cargo Ship</name>
			</possibleresult>
			<points>
				<point>515.000000,1316.000000</point>
				<point>578.000000,1297.000000</point>
				<point>573.000000,1281.000000</point>
				<point>509.000000,1300.000000</point>
				<point>515.000000,1316.000000</point>
			</points>
		</object>
		<object>
			<coordinate>pixel</coordinate>
			<type>rectangle</type>
			<description>None</description>
			<possibleresult>
				<name>Motorboat</name>
			</possibleresult>
			<points>
				<point>110.000000,1300.000000</point>
				<point>116.000000,1304.000000</point>
				<point>126.000000,1290.000000</point>
				<point>119.000000,1286.000000</point>
				<point>110.000000,1300.000000</point>
			</points>
		</object>
	</objects>
</annotation>