<?xml version="1.0" encoding="utf-8"?>
<annotation>
	<source>
		<filename>214.tif</filename>
		<origin>GF2/GF3</origin>
	</source>
	<research>
		<version>1.0</version>
		<provider>FAIR1M</provider>
		<author>Cyber</author>
		<pluginname>FAIR1M</pluginname>
		<pluginclass>object detection</pluginclass>
		<time>2021-07-21</time>
	</research>
	<size>
		<width>1500</width>
		<height>1500</height>
		<depth>3</depth>
	</size>
	<objects>
		<object>
			<coordinate>pixel</coordinate>
			<type>rectangle</type>
			<description>None</description>
			<possibleresult>
				<name>Engineering Ship</name>
			</possibleresult>
			<points>
				<point>1408.000000,955.000000</point>
				<point>1418.000000,874.000000</point>
				<point>1385.000000,871.000000</point>
				<point>1376.000000,952.000000</point>
				<point>1408.000000,955.000000</point>
			</points>
		</object>
		<object>
			<coordinate>pixel</coordinate>
			<type>rectangle</type>
			<description>None</description>
			<possibleresult>
				<name>Engineering Ship</name>
			</possibleresult>
			<points>
				<point>1077.000000,963.000000</point>
				<point>1121.000000,899.000000</point>
				<point>1098.000000,882.000000</point>
				<point>1054.000000,947.000000</point>
				<point>1077.000000,963.000000</point>
			</points>
		</object>
		<object>
			<coordinate>pixel</coordinate>
			<type>rectangle</type>
			<description>None</description>
			<possibleresult>
				<name>Engineering Ship</name>
			</possibleresult>
			<points>
				<point>1017.000000,1030.000000</point>
				<point>1073.000000,970.000000</point>
				<point>1047.000000,948.000000</point>
				<point>993.000000,1008.000000</point>
				<point>1017.000000,1030.000000</point>
			</points>
		</object>
		<object>
			<coordinate>pixel</coordinate>
			<type>rectangle</type>
			<description>None</description>
			<possibleresult>
				<name>Motorboat</name>
			</possibleresult>
			<points>
				<point>412.000000,1045.000000</point>
				<point>434.000000,1018.000000</point>
				<point>423.000000,1010.000000</point>
				<point>401.000000,1036.000000</point>
				<point>412.000000,1045.000000</point>
			</points>
		</object>
		<object>
			<coordinate>pixel</coordinate>
			<type>rectangle</type>
			<description>None</description>
			<possibleresult>
				<name>Engineering Ship</name>
			</possibleresult>
			<points>
				<point>783.000000,843.000000</point>
				<point>781.000000,920.000000</point>
				<point>811.000000,921.000000</point>
				<point>813.000000,844.000000</point>
				<point>783.000000,843.000000</point>
			</points>
		</object>
		<object>
			<coordinate>pixel</coordinate>
			<type>rectangle</type>
			<description>None</description>
			<possibleresult>
				<name>Engineering Ship</name>
			</possibleresult>
			<points>
				<point>1328.000000,823.000000</point>
				<point>1388.000000,779.000000</point>
				<point>1369.000000,753.000000</point>
				<point>1309.000000,796.000000</point>
				<point>1328.000000,823.000000</point>
			</points>
		</object>
	</objects>
</annotation>