<?xml version="1.0" encoding="utf-8"?>
<annotation>
	<source>
		<filename>215.tif</filename>
		<origin>GF2/GF3</origin>
	</source>
	<research>
		<version>1.0</version>
		<provider>FAIR1M</provider>
		<author>Cyber</author>
		<pluginname>FAIR1M</pluginname>
		<pluginclass>object detection</pluginclass>
		<time>2021-07-21</time>
	</research>
	<size>
		<width>1000</width>
		<height>1000</height>
		<depth>3</depth>
	</size>
	<objects>
		<object>
			<coordinate>pixel</coordinate>
			<type>rectangle</type>
			<description>None</description>
			<possibleresult>
				<name>Baseball Field</name>
			</possibleresult>
			<points>
				<point>667.000000,591.000000</point>
				<point>663.000000,773.000000</point>
				<point>443.000000,768.000000</point>
				<point>448.000000,586.000000</point>
				<point>667.000000,591.000000</point>
			</points>
		</object>
		<object>
			<coordinate>pixel</coordinate>
			<type>rectangle</type>
			<description>None</description>
			<possibleresult>
				<name>Small Car</name>
			</possibleresult>
			<points>
				<point>694.000000,76.000000</point>
				<point>691.000000,95.000000</point>
				<point>682.000000,94.000000</point>
				<point>685.000000,75.000000</point>
				<point>694.000000,76.000000</point>
			</points>
		</object>
		<object>
			<coordinate>pixel</coordinate>
			<type>rectangle</type>
			<description>None</description>
			<possibleresult>
				<name>Small Car</name>
			</possibleresult>
			<points>
				<point>468.000000,280.000000</point>
				<point>459.000000,280.000000</point>
				<point>459.000000,265.000000</point>
				<point>468.000000,265.000000</point>
				<point>468.000000,280.000000</point>
			</points>
		</object>
		<object>
			<coordinate>pixel</coordinate>
			<type>rectangle</type>
			<description>None</description>
			<possibleresult>
				<name>Small Car</name>
			</possibleresult>
			<points>
				<point>451.000000,228.000000</point>
				<point>445.000000,228.000000</point>
				<point>445.000000,214.000000</point>
				<point>451.000000,214.000000</point>
				<point>451.000000,228.000000</point>
			</points>
		</object>
		<object>
			<coordinate>pixel</coordinate>
			<type>rectangle</type>
			<description>None</description>
			<possibleresult>
				<name>Intersection</name>
			</possibleresult>
			<points>
				<point>346.000000,58.000000</point>
				<point>343.000000,124.000000</point>
				<point>260.000000,121.000000</point>
				<point>263.000000,55.000000</point>
				<point>346.000000,58.000000</point>
			</points>
		</object>
		<object>
			<coordinate>pixel</coordinate>
			<type>rectangle</type>
			<description>None</description>
			<possibleresult>
				<name>Small Car</name>
			</possibleresult>
			<points>
				<point>525.000000,477.000000</point>
				<point>502.000000,477.000000</point>
				<point>502.000000,469.000000</point>
				<point>525.000000,469.000000</point>
				<point>525.000000,477.000000</point>
			</points>
		</object>
		<object>
			<coordinate>pixel</coordinate>
			<type>rectangle</type>
			<description>None</description>
			<possibleresult>
				<name>Van</name>
			</possibleresult>
			<points>
				<point>433.000000,469.000000</point>
				<point>432.000000,477.000000</point>
				<point>409.000000,475.000000</point>
				<point>409.000000,466.000000</point>
				<point>433.000000,469.000000</point>
			</points>
		</object>
		<object>
			<coordinate>pixel</coordinate>
			<type>rectangle</type>
			<description>None</description>
			<possibleresult>
				<name>Dump Truck</name>
			</possibleresult>
			<points>
				<point>360.000000,461.000000</point>
				<point>357.000000,469.000000</point>
				<point>335.000000,460.000000</point>
				<point>339.000000,453.000000</point>
				<point>360.000000,461.000000</point>
			</points>
		</object>
		<object>
			<coordinate>pixel</coordinate>
			<type>rectangle</type>
			<description>None</description>
			<possibleresult>
				<name>Small Car</name>
			</possibleresult>
			<points>
				<point>302.000000,432.000000</point>
				<point>294.000000,436.000000</point>
				<point>285.000000,419.000000</point>
				<point>293.000000,414.000000</point>
				<point>302.000000,432.000000</point>
			</points>
		</object>
		<object>
			<coordinate>pixel</coordinate>
			<type>rectangle</type>
			<description>None</description>
			<possibleresult>
				<name>Van</name>
			</possibleresult>
			<points>
				<point>247.000000,487.000000</point>
				<point>227.000000,487.000000</point>
				<point>227.000000,480.000000</point>
				<point>247.000000,480.000000</point>
				<point>247.000000,487.000000</point>
			</points>
		</object>
		<object>
			<coordinate>pixel</coordinate>
			<type>rectangle</type>
			<description>None</description>
			<possibleresult>
				<name>Van</name>
			</possibleresult>
			<points>
				<point>242.000000,473.000000</point>
				<point>224.000000,473.000000</point>
				<point>224.000000,467.000000</point>
				<point>242.000000,467.000000</point>
				<point>242.000000,473.000000</point>
			</points>
		</object>
		<object>
			<coordinate>pixel</coordinate>
			<type>rectangle</type>
			<description>None</description>
			<possibleresult>
				<name>Van</name>
			</possibleresult>
			<points>
				<point>215.000000,487.000000</point>
				<point>192.000000,487.000000</point>
				<point>192.000000,479.000000</point>
				<point>215.000000,479.000000</point>
				<point>215.000000,487.000000</point>
			</points>
		</object>
		<object>
			<coordinate>pixel</coordinate>
			<type>rectangle</type>
			<description>None</description>
			<possibleresult>
				<name>Van</name>
			</possibleresult>
			<points>
				<point>214.000000,473.000000</point>
				<point>193.000000,473.000000</point>
				<point>193.000000,466.000000</point>
				<point>214.000000,466.000000</point>
				<point>214.000000,473.000000</point>
			</points>
		</object>
		<object>
			<coordinate>pixel</coordinate>
			<type>rectangle</type>
			<description>None</description>
			<possibleresult>
				<name>Van</name>
			</possibleresult>
			<points>
				<point>167.000000,487.000000</point>
				<point>146.000000,487.000000</point>
				<point>146.000000,479.000000</point>
				<point>167.000000,479.000000</point>
				<point>167.000000,487.000000</point>
			</points>
		</object>
		<object>
			<coordinate>pixel</coordinate>
			<type>rectangle</type>
			<description>None</description>
			<possibleresult>
				<name>Van</name>
			</possibleresult>
			<points>
				<point>172.000000,473.000000</point>
				<point>150.000000,473.000000</point>
				<point>150.000000,465.000000</point>
				<point>172.000000,465.000000</point>
				<point>172.000000,473.000000</point>
			</points>
		</object>
		<object>
			<coordinate>pixel</coordinate>
			<type>rectangle</type>
			<description>None</description>
			<possibleresult>
				<name>Van</name>
			</possibleresult>
			<points>
				<point>123.000000,476.000000</point>
				<point>122.000000,484.000000</point>
				<point>99.000000,483.000000</point>
				<point>100.000000,475.000000</point>
				<point>123.000000,476.000000</point>
			</points>
		</object>
		<object>
			<coordinate>pixel</coordinate>
			<type>rectangle</type>
			<description>None</description>
			<possibleresult>
				<name>Dump Truck</name>
			</possibleresult>
			<points>
				<point>602.000000,357.000000</point>
				<point>580.000000,357.000000</point>
				<point>580.000000,350.000000</point>
				<point>602.000000,350.000000</point>
				<point>602.000000,357.000000</point>
			</points>
		</object>
		<object>
			<coordinate>pixel</coordinate>
			<type>rectangle</type>
			<description>None</description>
			<possibleresult>
				<name>Small Car</name>
			</possibleresult>
			<points>
				<point>782.000000,286.000000</point>
				<point>781.000000,303.000000</point>
				<point>771.000000,303.000000</point>
				<point>772.000000,286.000000</point>
				<point>782.000000,286.000000</point>
			</points>
		</object>
		<object>
			<coordinate>pixel</coordinate>
			<type>rectangle</type>
			<description>None</description>
			<possibleresult>
				<name>Small Car</name>
			</possibleresult>
			<points>
				<point>912.000000,285.000000</point>
				<point>901.000000,286.000000</point>
				<point>899.000000,269.000000</point>
				<point>911.000000,269.000000</point>
				<point>912.000000,285.000000</point>
			</points>
		</object>
		<object>
			<coordinate>pixel</coordinate>
			<type>rectangle</type>
			<description>None</description>
			<possibleresult>
				<name>Small Car</name>
			</possibleresult>
			<points>
				<point>729.000000,253.000000</point>
				<point>720.000000,253.000000</point>
				<point>720.000000,236.000000</point>
				<point>729.000000,236.000000</point>
				<point>729.000000,253.000000</point>
			</points>
		</object>
		<object>
			<coordinate>pixel</coordinate>
			<type>rectangle</type>
			<description>None</description>
			<possibleresult>
				<name>Van</name>
			</possibleresult>
			<points>
				<point>79.000000,136.000000</point>
				<point>69.000000,136.000000</point>
				<point>69.000000,119.000000</point>
				<point>79.000000,119.000000</point>
				<point>79.000000,136.000000</point>
			</points>
		</object>
		<object>
			<coordinate>pixel</coordinate>
			<type>rectangle</type>
			<description>None</description>
			<possibleresult>
				<name>Van</name>
			</possibleresult>
			<points>
				<point>92.000000,115.000000</point>
				<point>91.000000,131.000000</point>
				<point>83.000000,131.000000</point>
				<point>84.000000,114.000000</point>
				<point>92.000000,115.000000</point>
			</points>
		</object>
		<object>
			<coordinate>pixel</coordinate>
			<type>rectangle</type>
			<description>None</description>
			<possibleresult>
				<name>Small Car</name>
			</possibleresult>
			<points>
				<point>121.000000,110.000000</point>
				<point>99.000000,110.000000</point>
				<point>99.000000,102.000000</point>
				<point>121.000000,102.000000</point>
				<point>121.000000,110.000000</point>
			</points>
		</object>
	</objects>
</annotation>