<?xml version="1.0" encoding="utf-8"?>
<annotation>
	<source>
		<filename>22.tif</filename>
		<origin>GF2/GF3</origin>
	</source>
	<research>
		<version>1.0</version>
		<provider>FAIR1M</provider>
		<author>Cyber</author>
		<pluginname>FAIR1M</pluginname>
		<pluginclass>object detection</pluginclass>
		<time>2021-07-21</time>
	</research>
	<size>
		<width>1000</width>
		<height>1000</height>
		<depth>3</depth>
	</size>
	<objects>
		<object>
			<coordinate>pixel</coordinate>
			<type>rectangle</type>
			<description>None</description>
			<possibleresult>
				<name>Small Car</name>
			</possibleresult>
			<points>
				<point>952.999939,979.999878</point>
				<point>951.601135,989.092407</point>
				<point>925.601135,985.092407</point>
				<point>926.999939,975.999878</point>
				<point>952.999939,979.999878</point>
			</points>
		</object>
		<object>
			<coordinate>pixel</coordinate>
			<type>rectangle</type>
			<description>None</description>
			<possibleresult>
				<name>Van</name>
			</possibleresult>
			<points>
				<point>965.102661,943.016235</point>
				<point>964.000000,950.000000</point>
				<point>944.845947,946.975708</point>
				<point>945.948608,939.991943</point>
				<point>965.102661,943.016235</point>
			</points>
		</object>
		<object>
			<coordinate>pixel</coordinate>
			<type>rectangle</type>
			<description>None</description>
			<possibleresult>
				<name>Van</name>
			</possibleresult>
			<points>
				<point>693.510010,754.828430</point>
				<point>691.000000,761.999939</point>
				<point>671.000000,754.999939</point>
				<point>673.510010,747.828430</point>
				<point>693.510010,754.828430</point>
			</points>
		</object>
		<object>
			<coordinate>pixel</coordinate>
			<type>rectangle</type>
			<description>None</description>
			<possibleresult>
				<name>Small Car</name>
			</possibleresult>
			<points>
				<point>988.999939,133.000000</point>
				<point>987.249084,141.054138</point>
				<point>964.249084,136.054138</point>
				<point>965.999939,128.000000</point>
				<point>988.999939,133.000000</point>
			</points>
		</object>
		<object>
			<coordinate>pixel</coordinate>
			<type>rectangle</type>
			<description>None</description>
			<possibleresult>
				<name>Dump Truck</name>
			</possibleresult>
			<points>
				<point>921.999939,75.999992</point>
				<point>915.999939,97.999992</point>
				<point>903.815369,94.676918</point>
				<point>909.815369,72.676918</point>
				<point>921.999939,75.999992</point>
			</points>
		</object>
		<object>
			<coordinate>pixel</coordinate>
			<type>rectangle</type>
			<description>None</description>
			<possibleresult>
				<name>Van</name>
			</possibleresult>
			<points>
				<point>926.144287,57.386902</point>
				<point>922.144287,74.386902</point>
				<point>912.000000,72.000015</point>
				<point>916.000000,55.000015</point>
				<point>926.144287,57.386902</point>
			</points>
		</object>
		<object>
			<coordinate>pixel</coordinate>
			<type>rectangle</type>
			<description>None</description>
			<possibleresult>
				<name>Small Car</name>
			</possibleresult>
			<points>
				<point>1000.000000,28.681828</point>
				<point>996.956787,27.990204</point>
				<point>999.000000,19.000027</point>
				<point>1002.043213,19.691650</point>
				<point>1000.000000,28.681828</point>
			</points>
		</object>
		<object>
			<coordinate>pixel</coordinate>
			<type>rectangle</type>
			<description>None</description>
			<possibleresult>
				<name>Van</name>
			</possibleresult>
			<points>
				<point>344.000000,961.000122</point>
				<point>333.339600,980.188843</point>
				<point>323.575439,974.764282</point>
				<point>334.235840,955.575562</point>
				<point>344.000000,961.000122</point>
			</points>
		</object>
		<object>
			<coordinate>pixel</coordinate>
			<type>rectangle</type>
			<description>None</description>
			<possibleresult>
				<name>Van</name>
			</possibleresult>
			<points>
				<point>287.000031,963.000122</point>
				<point>279.000031,979.000122</point>
				<point>269.000031,974.000122</point>
				<point>277.000031,958.000122</point>
				<point>287.000031,963.000122</point>
			</points>
		</object>
		<object>
			<coordinate>pixel</coordinate>
			<type>rectangle</type>
			<description>None</description>
			<possibleresult>
				<name>Small Car</name>
			</possibleresult>
			<points>
				<point>268.000000,956.000000</point>
				<point>258.732910,972.474731</point>
				<point>249.000000,967.000000</point>
				<point>258.267090,950.525269</point>
				<point>268.000000,956.000000</point>
			</points>
		</object>
		<object>
			<coordinate>pixel</coordinate>
			<type>rectangle</type>
			<description>None</description>
			<possibleresult>
				<name>Van</name>
			</possibleresult>
			<points>
				<point>242.200043,952.600098</point>
				<point>235.000031,967.000122</point>
				<point>225.000031,962.000122</point>
				<point>232.200043,947.600098</point>
				<point>242.200043,952.600098</point>
			</points>
		</object>
		<object>
			<coordinate>pixel</coordinate>
			<type>rectangle</type>
			<description>None</description>
			<possibleresult>
				<name>Van</name>
			</possibleresult>
			<points>
				<point>230.000031,948.000122</point>
				<point>222.000031,964.000122</point>
				<point>212.000031,959.000122</point>
				<point>220.000031,943.000122</point>
				<point>230.000031,948.000122</point>
			</points>
		</object>
		<object>
			<coordinate>pixel</coordinate>
			<type>rectangle</type>
			<description>None</description>
			<possibleresult>
				<name>Small Car</name>
			</possibleresult>
			<points>
				<point>271.310699,871.245605</point>
				<point>264.310699,888.245605</point>
				<point>254.000031,884.000000</point>
				<point>261.000031,867.000000</point>
				<point>271.310699,871.245605</point>
			</points>
		</object>
		<object>
			<coordinate>pixel</coordinate>
			<type>rectangle</type>
			<description>None</description>
			<possibleresult>
				<name>Small Car</name>
			</possibleresult>
			<points>
				<point>151.800003,922.400146</point>
				<point>142.800003,940.400146</point>
				<point>132.000015,935.000122</point>
				<point>141.000015,917.000122</point>
				<point>151.800003,922.400146</point>
			</points>
		</object>
		<object>
			<coordinate>pixel</coordinate>
			<type>rectangle</type>
			<description>None</description>
			<possibleresult>
				<name>Small Car</name>
			</possibleresult>
			<points>
				<point>157.000031,853.000061</point>
				<point>145.865814,868.906067</point>
				<point>135.865814,861.906067</point>
				<point>147.000031,846.000061</point>
				<point>157.000031,853.000061</point>
			</points>
		</object>
		<object>
			<coordinate>pixel</coordinate>
			<type>rectangle</type>
			<description>None</description>
			<possibleresult>
				<name>Small Car</name>
			</possibleresult>
			<points>
				<point>131.000031,845.999939</point>
				<point>123.000031,862.999939</point>
				<point>113.705414,858.626038</point>
				<point>121.705414,841.626038</point>
				<point>131.000031,845.999939</point>
			</points>
		</object>
		<object>
			<coordinate>pixel</coordinate>
			<type>rectangle</type>
			<description>None</description>
			<possibleresult>
				<name>Small Car</name>
			</possibleresult>
			<points>
				<point>92.000008,884.000061</point>
				<point>80.137840,885.872986</point>
				<point>77.137840,866.872986</point>
				<point>89.000008,865.000061</point>
				<point>92.000008,884.000061</point>
			</points>
		</object>
		<object>
			<coordinate>pixel</coordinate>
			<type>rectangle</type>
			<description>None</description>
			<possibleresult>
				<name>Small Car</name>
			</possibleresult>
			<points>
				<point>58.000000,877.000000</point>
				<point>46.000000,877.000000</point>
				<point>46.000000,858.000000</point>
				<point>58.000000,858.000000</point>
				<point>58.000000,877.000000</point>
			</points>
		</object>
		<object>
			<coordinate>pixel</coordinate>
			<type>rectangle</type>
			<description>None</description>
			<possibleresult>
				<name>Van</name>
			</possibleresult>
			<points>
				<point>46.024612,872.443115</point>
				<point>36.000000,873.000000</point>
				<point>35.000000,855.000000</point>
				<point>45.024612,854.443115</point>
				<point>46.024612,872.443115</point>
			</points>
		</object>
		<object>
			<coordinate>pixel</coordinate>
			<type>rectangle</type>
			<description>None</description>
			<possibleresult>
				<name>Small Car</name>
			</possibleresult>
			<points>
				<point>33.000000,865.999939</point>
				<point>24.006826,867.057922</point>
				<point>22.000002,849.999939</point>
				<point>30.993174,848.941956</point>
				<point>33.000000,865.999939</point>
			</points>
		</object>
		<object>
			<coordinate>pixel</coordinate>
			<type>rectangle</type>
			<description>None</description>
			<possibleresult>
				<name>Small Car</name>
			</possibleresult>
			<points>
				<point>40.999969,810.000061</point>
				<point>28.999969,826.000061</point>
				<point>20.999969,820.000061</point>
				<point>32.999969,804.000061</point>
				<point>40.999969,810.000061</point>
			</points>
		</object>
		<object>
			<coordinate>pixel</coordinate>
			<type>rectangle</type>
			<description>None</description>
			<possibleresult>
				<name>Van</name>
			</possibleresult>
			<points>
				<point>52.472412,783.968994</point>
				<point>52.000000,792.000000</point>
				<point>35.000000,791.000000</point>
				<point>35.472412,782.968994</point>
				<point>52.472412,783.968994</point>
			</points>
		</object>
		<object>
			<coordinate>pixel</coordinate>
			<type>rectangle</type>
			<description>None</description>
			<possibleresult>
				<name>Small Car</name>
			</possibleresult>
			<points>
				<point>187.000015,633.000000</point>
				<point>180.753433,649.657593</point>
				<point>171.000015,646.000000</point>
				<point>177.246597,629.342407</point>
				<point>187.000015,633.000000</point>
			</points>
		</object>
		<object>
			<coordinate>pixel</coordinate>
			<type>rectangle</type>
			<description>None</description>
			<possibleresult>
				<name>Van</name>
			</possibleresult>
			<points>
				<point>189.230774,613.153870</point>
				<point>179.230774,615.153870</point>
				<point>176.000000,599.000061</point>
				<point>186.000000,597.000061</point>
				<point>189.230774,613.153870</point>
			</points>
		</object>
		<object>
			<coordinate>pixel</coordinate>
			<type>rectangle</type>
			<description>None</description>
			<possibleresult>
				<name>Van</name>
			</possibleresult>
			<points>
				<point>255.000015,512.000000</point>
				<point>249.909531,526.253418</point>
				<point>238.000015,522.000000</point>
				<point>243.090500,507.746582</point>
				<point>255.000015,512.000000</point>
			</points>
		</object>
		<object>
			<coordinate>pixel</coordinate>
			<type>rectangle</type>
			<description>None</description>
			<possibleresult>
				<name>Van</name>
			</possibleresult>
			<points>
				<point>244.022644,507.936646</point>
				<point>239.000031,522.000000</point>
				<point>227.977417,518.063354</point>
				<point>233.000031,504.000000</point>
				<point>244.022644,507.936646</point>
			</points>
		</object>
		<object>
			<coordinate>pixel</coordinate>
			<type>rectangle</type>
			<description>None</description>
			<possibleresult>
				<name>Van</name>
			</possibleresult>
			<points>
				<point>232.000000,506.000000</point>
				<point>225.958893,522.109619</point>
				<point>215.000000,518.000000</point>
				<point>221.041107,501.890381</point>
				<point>232.000000,506.000000</point>
			</points>
		</object>
		<object>
			<coordinate>pixel</coordinate>
			<type>rectangle</type>
			<description>None</description>
			<possibleresult>
				<name>Small Car</name>
			</possibleresult>
			<points>
				<point>210.068985,502.827576</point>
				<point>204.000015,518.000000</point>
				<point>191.931046,513.172424</point>
				<point>198.000015,498.000000</point>
				<point>210.068985,502.827576</point>
			</points>
		</object>
		<object>
			<coordinate>pixel</coordinate>
			<type>rectangle</type>
			<description>None</description>
			<possibleresult>
				<name>Van</name>
			</possibleresult>
			<points>
				<point>189.000000,498.000061</point>
				<point>185.000000,514.000061</point>
				<point>176.058838,511.764771</point>
				<point>180.058838,495.764771</point>
				<point>189.000000,498.000061</point>
			</points>
		</object>
		<object>
			<coordinate>pixel</coordinate>
			<type>rectangle</type>
			<description>None</description>
			<possibleresult>
				<name>Small Car</name>
			</possibleresult>
			<points>
				<point>178.000015,495.000061</point>
				<point>171.000015,511.000061</point>
				<point>159.931168,506.157410</point>
				<point>166.931168,490.157410</point>
				<point>178.000015,495.000061</point>
			</points>
		</object>
		<object>
			<coordinate>pixel</coordinate>
			<type>rectangle</type>
			<description>None</description>
			<possibleresult>
				<name>Van</name>
			</possibleresult>
			<points>
				<point>148.037521,488.903503</point>
				<point>140.906143,507.241333</point>
				<point>129.999985,503.000061</point>
				<point>137.131363,484.662231</point>
				<point>148.037521,488.903503</point>
			</points>
		</object>
		<object>
			<coordinate>pixel</coordinate>
			<type>rectangle</type>
			<description>None</description>
			<possibleresult>
				<name>Small Car</name>
			</possibleresult>
			<points>
				<point>133.321152,485.116760</point>
				<point>126.080276,505.029175</point>
				<point>114.759109,500.912415</point>
				<point>121.999985,481.000000</point>
				<point>133.321152,485.116760</point>
			</points>
		</object>
		<object>
			<coordinate>pixel</coordinate>
			<type>rectangle</type>
			<description>None</description>
			<possibleresult>
				<name>Van</name>
			</possibleresult>
			<points>
				<point>66.347176,464.015106</point>
				<point>66.000008,472.000031</point>
				<point>42.652832,470.984955</point>
				<point>43.000000,463.000031</point>
				<point>66.347176,464.015106</point>
			</points>
		</object>
		<object>
			<coordinate>pixel</coordinate>
			<type>rectangle</type>
			<description>None</description>
			<possibleresult>
				<name>Van</name>
			</possibleresult>
			<points>
				<point>91.465515,413.086182</point>
				<point>90.000000,421.000000</point>
				<point>63.000000,416.000000</point>
				<point>64.465515,408.086182</point>
				<point>91.465515,413.086182</point>
			</points>
		</object>
		<object>
			<coordinate>pixel</coordinate>
			<type>rectangle</type>
			<description>None</description>
			<possibleresult>
				<name>Van</name>
			</possibleresult>
			<points>
				<point>93.036240,404.005371</point>
				<point>92.000000,411.000000</point>
				<point>64.963760,406.994629</point>
				<point>66.000000,400.000000</point>
				<point>93.036240,404.005371</point>
			</points>
		</object>
		<object>
			<coordinate>pixel</coordinate>
			<type>rectangle</type>
			<description>None</description>
			<possibleresult>
				<name>Van</name>
			</possibleresult>
			<points>
				<point>97.000015,396.000000</point>
				<point>95.302582,403.072632</point>
				<point>70.302582,397.072632</point>
				<point>72.000015,390.000000</point>
				<point>97.000015,396.000000</point>
			</points>
		</object>
		<object>
			<coordinate>pixel</coordinate>
			<type>rectangle</type>
			<description>None</description>
			<possibleresult>
				<name>Van</name>
			</possibleresult>
			<points>
				<point>103.219093,385.050507</point>
				<point>101.146065,394.033661</point>
				<point>74.926964,387.983124</point>
				<point>76.999992,378.999969</point>
				<point>103.219093,385.050507</point>
			</points>
		</object>
		<object>
			<coordinate>pixel</coordinate>
			<type>rectangle</type>
			<description>None</description>
			<possibleresult>
				<name>Dump Truck</name>
			</possibleresult>
			<points>
				<point>108.000000,374.000000</point>
				<point>106.445084,382.085571</point>
				<point>80.000000,377.000000</point>
				<point>81.554916,368.914429</point>
				<point>108.000000,374.000000</point>
			</points>
		</object>
		<object>
			<coordinate>pixel</coordinate>
			<type>rectangle</type>
			<description>None</description>
			<possibleresult>
				<name>Van</name>
			</possibleresult>
			<points>
				<point>113.339630,361.811310</point>
				<point>111.000000,369.999969</point>
				<point>83.000000,361.999969</point>
				<point>85.339630,353.811310</point>
				<point>113.339630,361.811310</point>
			</points>
		</object>
		<object>
			<coordinate>pixel</coordinate>
			<type>rectangle</type>
			<description>None</description>
			<possibleresult>
				<name>Small Car</name>
			</possibleresult>
			<points>
				<point>122.000008,342.000000</point>
				<point>120.324333,352.054077</point>
				<point>96.000008,348.000000</point>
				<point>97.675682,337.945923</point>
				<point>122.000008,342.000000</point>
			</points>
		</object>
		<object>
			<coordinate>pixel</coordinate>
			<type>rectangle</type>
			<description>None</description>
			<possibleresult>
				<name>Van</name>
			</possibleresult>
			<points>
				<point>122.000000,330.000031</point>
				<point>121.000000,338.000031</point>
				<point>98.969238,335.246185</point>
				<point>99.969238,327.246185</point>
				<point>122.000000,330.000031</point>
			</points>
		</object>
		<object>
			<coordinate>pixel</coordinate>
			<type>rectangle</type>
			<description>None</description>
			<possibleresult>
				<name>Van</name>
			</possibleresult>
			<points>
				<point>132.256775,304.040527</point>
				<point>131.000015,312.000000</point>
				<point>111.743256,308.959473</point>
				<point>113.000015,301.000000</point>
				<point>132.256775,304.040527</point>
			</points>
		</object>
		<object>
			<coordinate>pixel</coordinate>
			<type>rectangle</type>
			<description>None</description>
			<possibleresult>
				<name>Small Car</name>
			</possibleresult>
			<points>
				<point>135.073029,294.016815</point>
				<point>133.000000,302.999969</point>
				<point>106.926964,296.983124</point>
				<point>108.999985,287.999969</point>
				<point>135.073029,294.016815</point>
			</points>
		</object>
		<object>
			<coordinate>pixel</coordinate>
			<type>rectangle</type>
			<description>None</description>
			<possibleresult>
				<name>Van</name>
			</possibleresult>
			<points>
				<point>145.246170,268.030792</point>
				<point>144.000015,278.000031</point>
				<point>119.753860,274.969269</point>
				<point>121.000015,265.000031</point>
				<point>145.246170,268.030792</point>
			</points>
		</object>
		<object>
			<coordinate>pixel</coordinate>
			<type>rectangle</type>
			<description>None</description>
			<possibleresult>
				<name>Van</name>
			</possibleresult>
			<points>
				<point>48.000000,358.000031</point>
				<point>47.051353,364.008148</point>
				<point>27.999998,361.000031</point>
				<point>28.948647,354.991913</point>
				<point>48.000000,358.000031</point>
			</points>
		</object>
		<object>
			<coordinate>pixel</coordinate>
			<type>rectangle</type>
			<description>None</description>
			<possibleresult>
				<name>Van</name>
			</possibleresult>
			<points>
				<point>72.000000,308.000031</point>
				<point>70.528000,316.096039</point>
				<point>48.528000,312.096039</point>
				<point>50.000000,304.000031</point>
				<point>72.000000,308.000031</point>
			</points>
		</object>
		<object>
			<coordinate>pixel</coordinate>
			<type>rectangle</type>
			<description>None</description>
			<possibleresult>
				<name>Small Car</name>
			</possibleresult>
			<points>
				<point>75.043228,292.009857</point>
				<point>73.000000,301.000031</point>
				<point>50.956783,295.990204</point>
				<point>53.000008,287.000031</point>
				<point>75.043228,292.009857</point>
			</points>
		</object>
		<object>
			<coordinate>pixel</coordinate>
			<type>rectangle</type>
			<description>None</description>
			<possibleresult>
				<name>Small Car</name>
			</possibleresult>
			<points>
				<point>82.000000,268.000031</point>
				<point>80.528000,276.096039</point>
				<point>58.528000,272.096039</point>
				<point>60.000000,264.000031</point>
				<point>82.000000,268.000031</point>
			</points>
		</object>
		<object>
			<coordinate>pixel</coordinate>
			<type>rectangle</type>
			<description>None</description>
			<possibleresult>
				<name>Van</name>
			</possibleresult>
			<points>
				<point>540.264221,664.075439</point>
				<point>538.000061,672.000000</point>
				<point>509.735901,663.924561</point>
				<point>512.000061,656.000000</point>
				<point>540.264221,664.075439</point>
			</points>
		</object>
	</objects>
</annotation>