<?xml version="1.0" encoding="utf-8"?>
<annotation>
	<source>
		<filename>221.tif</filename>
		<origin>GF2/GF3</origin>
	</source>
	<research>
		<version>1.0</version>
		<provider>FAIR1M</provider>
		<author>Cyber</author>
		<pluginname>FAIR1M</pluginname>
		<pluginclass>object detection</pluginclass>
		<time>2021-07-21</time>
	</research>
	<size>
		<width>1000</width>
		<height>1000</height>
		<depth>3</depth>
	</size>
	<objects>
		<object>
			<coordinate>pixel</coordinate>
			<type>rectangle</type>
			<description>None</description>
			<possibleresult>
				<name>A321</name>
			</possibleresult>
			<points>
				<point>754.000000,23.000000</point>
				<point>702.000000,-8.000000</point>
				<point>676.000000,34.000000</point>
				<point>728.000000,66.000000</point>
				<point>754.000000,23.000000</point>
			</points>
		</object>
		<object>
			<coordinate>pixel</coordinate>
			<type>rectangle</type>
			<description>None</description>
			<possibleresult>
				<name>A220</name>
			</possibleresult>
			<points>
				<point>760.000000,69.000000</point>
				<point>706.000000,69.000000</point>
				<point>706.000000,118.000000</point>
				<point>760.000000,117.000000</point>
				<point>760.000000,69.000000</point>
			</points>
		</object>
		<object>
			<coordinate>pixel</coordinate>
			<type>rectangle</type>
			<description>None</description>
			<possibleresult>
				<name>A220</name>
			</possibleresult>
			<points>
				<point>768.000000,135.000000</point>
				<point>721.000000,159.000000</point>
				<point>744.000000,204.000000</point>
				<point>791.000000,180.000000</point>
				<point>768.000000,135.000000</point>
			</points>
		</object>
		<object>
			<coordinate>pixel</coordinate>
			<type>rectangle</type>
			<description>None</description>
			<possibleresult>
				<name>A321</name>
			</possibleresult>
			<points>
				<point>841.000000,172.000000</point>
				<point>839.000000,233.000000</point>
				<point>889.000000,235.000000</point>
				<point>891.000000,174.000000</point>
				<point>841.000000,172.000000</point>
			</points>
		</object>
		<object>
			<coordinate>pixel</coordinate>
			<type>rectangle</type>
			<description>None</description>
			<possibleresult>
				<name>A220</name>
			</possibleresult>
			<points>
				<point>902.000000,168.000000</point>
				<point>927.000000,215.000000</point>
				<point>972.000000,191.000000</point>
				<point>946.000000,144.000000</point>
				<point>902.000000,168.000000</point>
			</points>
		</object>
		<object>
			<coordinate>pixel</coordinate>
			<type>rectangle</type>
			<description>None</description>
			<possibleresult>
				<name>A220</name>
			</possibleresult>
			<points>
				<point>950.000000,139.000000</point>
				<point>974.000000,184.000000</point>
				<point>1019.000000,161.000000</point>
				<point>994.000000,115.000000</point>
				<point>950.000000,139.000000</point>
			</points>
		</object>
	</objects>
</annotation>