<?xml version="1.0" encoding="utf-8"?>
<annotation>
	<source>
		<filename>225.tif</filename>
		<origin>GF2/GF3</origin>
	</source>
	<research>
		<version>1.0</version>
		<provider>FAIR1M</provider>
		<author>Cyber</author>
		<pluginname>FAIR1M</pluginname>
		<pluginclass>object detection</pluginclass>
		<time>2021-07-21</time>
	</research>
	<size>
		<width>1000</width>
		<height>1000</height>
		<depth>3</depth>
	</size>
	<objects>
		<object>
			<coordinate>pixel</coordinate>
			<type>rectangle</type>
			<description>None</description>
			<possibleresult>
				<name>Van</name>
			</possibleresult>
			<points>
				<point>282.000000,847.000000</point>
				<point>272.000000,847.000000</point>
				<point>272.000000,831.000000</point>
				<point>282.000000,831.000000</point>
				<point>282.000000,847.000000</point>
			</points>
		</object>
		<object>
			<coordinate>pixel</coordinate>
			<type>rectangle</type>
			<description>None</description>
			<possibleresult>
				<name>Van</name>
			</possibleresult>
			<points>
				<point>281.000000,825.000000</point>
				<point>273.000000,825.000000</point>
				<point>273.000000,810.000000</point>
				<point>281.000000,810.000000</point>
				<point>281.000000,825.000000</point>
			</points>
		</object>
		<object>
			<coordinate>pixel</coordinate>
			<type>rectangle</type>
			<description>None</description>
			<possibleresult>
				<name>Van</name>
			</possibleresult>
			<points>
				<point>63.328758,593.876770</point>
				<point>37.246567,603.657532</point>
				<point>33.917801,594.780823</point>
				<point>59.999992,585.000061</point>
				<point>63.328758,593.876770</point>
			</points>
		</object>
		<object>
			<coordinate>pixel</coordinate>
			<type>rectangle</type>
			<description>None</description>
			<possibleresult>
				<name>Van</name>
			</possibleresult>
			<points>
				<point>282.123108,654.984619</point>
				<point>274.123108,655.984619</point>
				<point>272.000061,639.000000</point>
				<point>280.000061,638.000000</point>
				<point>282.123108,654.984619</point>
			</points>
		</object>
		<object>
			<coordinate>pixel</coordinate>
			<type>rectangle</type>
			<description>None</description>
			<possibleresult>
				<name>Van</name>
			</possibleresult>
			<points>
				<point>282.000000,627.000000</point>
				<point>273.000000,627.000000</point>
				<point>273.000000,611.000000</point>
				<point>282.000000,611.000000</point>
				<point>282.000000,627.000000</point>
			</points>
		</object>
		<object>
			<coordinate>pixel</coordinate>
			<type>rectangle</type>
			<description>None</description>
			<possibleresult>
				<name>Small Car</name>
			</possibleresult>
			<points>
				<point>281.027191,604.570190</point>
				<point>272.000031,605.000000</point>
				<point>271.000031,584.000000</point>
				<point>280.027191,583.570190</point>
				<point>281.027191,604.570190</point>
			</points>
		</object>
		<object>
			<coordinate>pixel</coordinate>
			<type>rectangle</type>
			<description>None</description>
			<possibleresult>
				<name>Small Car</name>
			</possibleresult>
			<points>
				<point>281.000000,569.000000</point>
				<point>273.000000,569.000000</point>
				<point>273.000000,552.000000</point>
				<point>281.000000,552.000000</point>
				<point>281.000000,569.000000</point>
			</points>
		</object>
		<object>
			<coordinate>pixel</coordinate>
			<type>rectangle</type>
			<description>None</description>
			<possibleresult>
				<name>Van</name>
			</possibleresult>
			<points>
				<point>282.024841,548.472473</point>
				<point>272.000000,549.000061</point>
				<point>270.975159,529.527649</point>
				<point>281.000000,529.000061</point>
				<point>282.024841,548.472473</point>
			</points>
		</object>
		<object>
			<coordinate>pixel</coordinate>
			<type>rectangle</type>
			<description>None</description>
			<possibleresult>
				<name>Van</name>
			</possibleresult>
			<points>
				<point>282.000000,527.000000</point>
				<point>272.972412,527.531006</point>
				<point>271.972412,510.531006</point>
				<point>281.000000,510.000000</point>
				<point>282.000000,527.000000</point>
			</points>
		</object>
		<object>
			<coordinate>pixel</coordinate>
			<type>rectangle</type>
			<description>None</description>
			<possibleresult>
				<name>Small Car</name>
			</possibleresult>
			<points>
				<point>281.999969,455.000000</point>
				<point>273.968964,455.472412</point>
				<point>272.968964,438.472412</point>
				<point>280.999969,438.000000</point>
				<point>281.999969,455.000000</point>
			</points>
		</object>
		<object>
			<coordinate>pixel</coordinate>
			<type>rectangle</type>
			<description>None</description>
			<possibleresult>
				<name>Small Car</name>
			</possibleresult>
			<points>
				<point>155.000000,424.000000</point>
				<point>145.000000,424.000000</point>
				<point>145.000000,405.000000</point>
				<point>155.000000,405.000000</point>
				<point>155.000000,424.000000</point>
			</points>
		</object>
		<object>
			<coordinate>pixel</coordinate>
			<type>rectangle</type>
			<description>None</description>
			<possibleresult>
				<name>Van</name>
			</possibleresult>
			<points>
				<point>306.000000,337.000000</point>
				<point>296.000000,337.000000</point>
				<point>296.000000,321.000000</point>
				<point>306.000000,321.000000</point>
				<point>306.000000,337.000000</point>
			</points>
		</object>
		<object>
			<coordinate>pixel</coordinate>
			<type>rectangle</type>
			<description>None</description>
			<possibleresult>
				<name>Van</name>
			</possibleresult>
			<points>
				<point>320.000000,326.000000</point>
				<point>311.000000,326.000000</point>
				<point>311.000000,311.000000</point>
				<point>320.000000,311.000000</point>
				<point>320.000000,326.000000</point>
			</points>
		</object>
		<object>
			<coordinate>pixel</coordinate>
			<type>rectangle</type>
			<description>None</description>
			<possibleresult>
				<name>Small Car</name>
			</possibleresult>
			<points>
				<point>327.000000,160.000000</point>
				<point>319.000000,160.000000</point>
				<point>319.000000,143.000000</point>
				<point>327.000000,143.000000</point>
				<point>327.000000,160.000000</point>
			</points>
		</object>
		<object>
			<coordinate>pixel</coordinate>
			<type>rectangle</type>
			<description>None</description>
			<possibleresult>
				<name>Dump Truck</name>
			</possibleresult>
			<points>
				<point>844.000000,261.000000</point>
				<point>834.000000,261.000000</point>
				<point>834.000000,241.000000</point>
				<point>844.000000,241.000000</point>
				<point>844.000000,261.000000</point>
			</points>
		</object>
		<object>
			<coordinate>pixel</coordinate>
			<type>rectangle</type>
			<description>None</description>
			<possibleresult>
				<name>Small Car</name>
			</possibleresult>
			<points>
				<point>847.332275,480.018463</point>
				<point>847.000000,486.000031</point>
				<point>828.667725,484.981598</point>
				<point>829.000000,479.000031</point>
				<point>847.332275,480.018463</point>
			</points>
		</object>
		<object>
			<coordinate>pixel</coordinate>
			<type>rectangle</type>
			<description>None</description>
			<possibleresult>
				<name>Van</name>
			</possibleresult>
			<points>
				<point>797.569153,483.136047</point>
				<point>778.569153,489.136047</point>
				<point>775.999939,481.000000</point>
				<point>794.999939,475.000000</point>
				<point>797.569153,483.136047</point>
			</points>
		</object>
		<object>
			<coordinate>pixel</coordinate>
			<type>rectangle</type>
			<description>None</description>
			<possibleresult>
				<name>Van</name>
			</possibleresult>
			<points>
				<point>797.000061,493.000000</point>
				<point>779.000061,501.000000</point>
				<point>775.000061,492.000000</point>
				<point>793.000061,484.000000</point>
				<point>797.000061,493.000000</point>
			</points>
		</object>
		<object>
			<coordinate>pixel</coordinate>
			<type>rectangle</type>
			<description>None</description>
			<possibleresult>
				<name>Small Car</name>
			</possibleresult>
			<points>
				<point>752.257935,469.122192</point>
				<point>749.000000,476.000000</point>
				<point>730.000000,467.000000</point>
				<point>733.257935,460.122192</point>
				<point>752.257935,469.122192</point>
			</points>
		</object>
		<object>
			<coordinate>pixel</coordinate>
			<type>rectangle</type>
			<description>None</description>
			<possibleresult>
				<name>Small Car</name>
			</possibleresult>
			<points>
				<point>749.000061,446.000061</point>
				<point>745.400085,453.200073</point>
				<point>727.000061,444.000061</point>
				<point>730.600037,436.800049</point>
				<point>749.000061,446.000061</point>
			</points>
		</object>
		<object>
			<coordinate>pixel</coordinate>
			<type>rectangle</type>
			<description>None</description>
			<possibleresult>
				<name>Van</name>
			</possibleresult>
			<points>
				<point>754.000061,481.000000</point>
				<point>750.000061,489.000000</point>
				<point>730.000061,479.000000</point>
				<point>734.000061,471.000000</point>
				<point>754.000061,481.000000</point>
			</points>
		</object>
		<object>
			<coordinate>pixel</coordinate>
			<type>rectangle</type>
			<description>None</description>
			<possibleresult>
				<name>Small Car</name>
			</possibleresult>
			<points>
				<point>752.000000,500.000031</point>
				<point>748.844849,507.362091</point>
				<point>727.844849,498.362091</point>
				<point>731.000000,491.000031</point>
				<point>752.000000,500.000031</point>
			</points>
		</object>
		<object>
			<coordinate>pixel</coordinate>
			<type>rectangle</type>
			<description>None</description>
			<possibleresult>
				<name>Van</name>
			</possibleresult>
			<points>
				<point>750.999939,509.999969</point>
				<point>747.399963,517.199951</point>
				<point>727.399963,507.199982</point>
				<point>730.999939,500.000000</point>
				<point>750.999939,509.999969</point>
			</points>
		</object>
		<object>
			<coordinate>pixel</coordinate>
			<type>rectangle</type>
			<description>None</description>
			<possibleresult>
				<name>Small Car</name>
			</possibleresult>
			<points>
				<point>748.999939,531.999939</point>
				<point>745.501038,539.775452</point>
				<point>725.501038,530.775452</point>
				<point>728.999939,522.999939</point>
				<point>748.999939,531.999939</point>
			</points>
		</object>
		<object>
			<coordinate>pixel</coordinate>
			<type>rectangle</type>
			<description>None</description>
			<possibleresult>
				<name>Van</name>
			</possibleresult>
			<points>
				<point>728.362122,437.155182</point>
				<point>725.000061,445.000031</point>
				<point>703.638000,435.844879</point>
				<point>707.000061,428.000031</point>
				<point>728.362122,437.155182</point>
			</points>
		</object>
		<object>
			<coordinate>pixel</coordinate>
			<type>rectangle</type>
			<description>None</description>
			<possibleresult>
				<name>Small Car</name>
			</possibleresult>
			<points>
				<point>728.000000,447.000000</point>
				<point>724.558838,454.264709</point>
				<point>705.558838,445.264709</point>
				<point>709.000000,438.000000</point>
				<point>728.000000,447.000000</point>
			</points>
		</object>
		<object>
			<coordinate>pixel</coordinate>
			<type>rectangle</type>
			<description>None</description>
			<possibleresult>
				<name>Van</name>
			</possibleresult>
			<points>
				<point>727.000000,459.999939</point>
				<point>723.000000,465.999939</point>
				<point>708.000000,455.999939</point>
				<point>712.000000,449.999939</point>
				<point>727.000000,459.999939</point>
			</points>
		</object>
		<object>
			<coordinate>pixel</coordinate>
			<type>rectangle</type>
			<description>None</description>
			<possibleresult>
				<name>Van</name>
			</possibleresult>
			<points>
				<point>727.400085,468.200073</point>
				<point>724.000061,475.000061</point>
				<point>708.000061,467.000061</point>
				<point>711.400085,460.200073</point>
				<point>727.400085,468.200073</point>
			</points>
		</object>
		<object>
			<coordinate>pixel</coordinate>
			<type>rectangle</type>
			<description>None</description>
			<possibleresult>
				<name>Small Car</name>
			</possibleresult>
			<points>
				<point>729.124817,479.056152</point>
				<point>726.000061,486.000000</point>
				<point>706.000061,477.000000</point>
				<point>709.124817,470.056152</point>
				<point>729.124817,479.056152</point>
			</points>
		</object>
		<object>
			<coordinate>pixel</coordinate>
			<type>rectangle</type>
			<description>None</description>
			<possibleresult>
				<name>Van</name>
			</possibleresult>
			<points>
				<point>727.000000,492.000000</point>
				<point>723.229736,499.121643</point>
				<point>706.000000,490.000000</point>
				<point>709.770264,482.878357</point>
				<point>727.000000,492.000000</point>
			</points>
		</object>
		<object>
			<coordinate>pixel</coordinate>
			<type>rectangle</type>
			<description>None</description>
			<possibleresult>
				<name>Small Car</name>
			</possibleresult>
			<points>
				<point>728.000061,500.000000</point>
				<point>725.116516,506.055481</point>
				<point>704.000061,496.000000</point>
				<point>706.883606,489.944519</point>
				<point>728.000061,500.000000</point>
			</points>
		</object>
		<object>
			<coordinate>pixel</coordinate>
			<type>rectangle</type>
			<description>None</description>
			<possibleresult>
				<name>Small Car</name>
			</possibleresult>
			<points>
				<point>729.257996,512.122192</point>
				<point>726.000061,519.000000</point>
				<point>706.742126,509.877838</point>
				<point>710.000061,503.000061</point>
				<point>729.257996,512.122192</point>
			</points>
		</object>
		<object>
			<coordinate>pixel</coordinate>
			<type>rectangle</type>
			<description>None</description>
			<possibleresult>
				<name>Van</name>
			</possibleresult>
			<points>
				<point>727.000061,521.000122</point>
				<point>723.400085,528.200073</point>
				<point>701.400085,517.200073</point>
				<point>705.000061,510.000122</point>
				<point>727.000061,521.000122</point>
			</points>
		</object>
		<object>
			<coordinate>pixel</coordinate>
			<type>rectangle</type>
			<description>None</description>
			<possibleresult>
				<name>Van</name>
			</possibleresult>
			<points>
				<point>723.000000,532.000000</point>
				<point>720.128906,538.061035</point>
				<point>701.000000,529.000000</point>
				<point>703.871094,522.938965</point>
				<point>723.000000,532.000000</point>
			</points>
		</object>
		<object>
			<coordinate>pixel</coordinate>
			<type>rectangle</type>
			<description>None</description>
			<possibleresult>
				<name>Small Car</name>
			</possibleresult>
			<points>
				<point>683.000000,439.000031</point>
				<point>664.000000,447.000031</point>
				<point>661.402344,440.830597</point>
				<point>680.402344,432.830597</point>
				<point>683.000000,439.000031</point>
			</points>
		</object>
		<object>
			<coordinate>pixel</coordinate>
			<type>rectangle</type>
			<description>None</description>
			<possibleresult>
				<name>Van</name>
			</possibleresult>
			<points>
				<point>683.155701,447.916962</point>
				<point>667.999939,456.000031</point>
				<point>664.844177,450.083099</point>
				<point>679.999939,442.000031</point>
				<point>683.155701,447.916962</point>
			</points>
		</object>
		<object>
			<coordinate>pixel</coordinate>
			<type>rectangle</type>
			<description>None</description>
			<possibleresult>
				<name>Van</name>
			</possibleresult>
			<points>
				<point>682.679260,457.622681</point>
				<point>664.679260,467.622681</point>
				<point>661.000061,461.000061</point>
				<point>679.000061,451.000061</point>
				<point>682.679260,457.622681</point>
			</points>
		</object>
		<object>
			<coordinate>pixel</coordinate>
			<type>rectangle</type>
			<description>None</description>
			<possibleresult>
				<name>Van</name>
			</possibleresult>
			<points>
				<point>681.352051,469.854980</point>
				<point>664.000000,476.999939</point>
				<point>660.748535,469.103516</point>
				<point>678.100586,461.958557</point>
				<point>681.352051,469.854980</point>
			</points>
		</object>
		<object>
			<coordinate>pixel</coordinate>
			<type>rectangle</type>
			<description>None</description>
			<possibleresult>
				<name>Van</name>
			</possibleresult>
			<points>
				<point>679.502197,479.690979</point>
				<point>666.000000,488.000000</point>
				<point>662.497803,482.309021</point>
				<point>676.000000,474.000000</point>
				<point>679.502197,479.690979</point>
			</points>
		</object>
		<object>
			<coordinate>pixel</coordinate>
			<type>rectangle</type>
			<description>None</description>
			<possibleresult>
				<name>Van</name>
			</possibleresult>
			<points>
				<point>679.000061,491.000061</point>
				<point>663.835876,498.076721</point>
				<point>661.000061,492.000061</point>
				<point>676.164246,484.923401</point>
				<point>679.000061,491.000061</point>
			</points>
		</object>
		<object>
			<coordinate>pixel</coordinate>
			<type>rectangle</type>
			<description>None</description>
			<possibleresult>
				<name>Van</name>
			</possibleresult>
			<points>
				<point>681.400024,499.800110</point>
				<point>666.200073,507.400085</point>
				<point>662.800049,500.600098</point>
				<point>678.000000,493.000122</point>
				<point>681.400024,499.800110</point>
			</points>
		</object>
		<object>
			<coordinate>pixel</coordinate>
			<type>rectangle</type>
			<description>None</description>
			<possibleresult>
				<name>Van</name>
			</possibleresult>
			<points>
				<point>564.000000,120.000000</point>
				<point>555.000000,120.000000</point>
				<point>555.000000,105.000000</point>
				<point>564.000000,105.000000</point>
				<point>564.000000,120.000000</point>
			</points>
		</object>
		<object>
			<coordinate>pixel</coordinate>
			<type>rectangle</type>
			<description>None</description>
			<possibleresult>
				<name>Van</name>
			</possibleresult>
			<points>
				<point>67.367401,810.019348</point>
				<point>67.000000,817.000061</point>
				<point>47.632599,815.980774</point>
				<point>48.000000,809.000061</point>
				<point>67.367401,810.019348</point>
			</points>
		</object>
		<object>
			<coordinate>pixel</coordinate>
			<type>rectangle</type>
			<description>None</description>
			<possibleresult>
				<name>Van</name>
			</possibleresult>
			<points>
				<point>814.000000,168.000000</point>
				<point>804.000000,168.000000</point>
				<point>804.000000,153.000000</point>
				<point>814.000000,153.000000</point>
				<point>814.000000,168.000000</point>
			</points>
		</object>
		<object>
			<coordinate>pixel</coordinate>
			<type>rectangle</type>
			<description>None</description>
			<possibleresult>
				<name>Dump Truck</name>
			</possibleresult>
			<points>
				<point>812.969299,134.553833</point>
				<point>811.969299,152.553833</point>
				<point>802.000061,152.000000</point>
				<point>803.000061,134.000000</point>
				<point>812.969299,134.553833</point>
			</points>
		</object>
		<object>
			<coordinate>pixel</coordinate>
			<type>rectangle</type>
			<description>None</description>
			<possibleresult>
				<name>Van</name>
			</possibleresult>
			<points>
				<point>803.000000,207.000000</point>
				<point>795.000000,207.000000</point>
				<point>795.000000,197.000000</point>
				<point>803.000000,197.000000</point>
				<point>803.000000,207.000000</point>
			</points>
		</object>
		<object>
			<coordinate>pixel</coordinate>
			<type>rectangle</type>
			<description>None</description>
			<possibleresult>
				<name>Van</name>
			</possibleresult>
			<points>
				<point>950.000000,382.000000</point>
				<point>932.000000,382.000000</point>
				<point>932.000000,375.000000</point>
				<point>950.000000,375.000000</point>
				<point>950.000000,382.000000</point>
			</points>
		</object>
		<object>
			<coordinate>pixel</coordinate>
			<type>rectangle</type>
			<description>None</description>
			<possibleresult>
				<name>Van</name>
			</possibleresult>
			<points>
				<point>101.000008,372.000000</point>
				<point>100.382362,380.029419</point>
				<point>87.000008,379.000000</point>
				<point>87.617653,370.970581</point>
				<point>101.000008,372.000000</point>
			</points>
		</object>
		<object>
			<coordinate>pixel</coordinate>
			<type>rectangle</type>
			<description>None</description>
			<possibleresult>
				<name>Van</name>
			</possibleresult>
			<points>
				<point>283.000000,485.000000</point>
				<point>274.000000,485.000000</point>
				<point>274.000000,471.000000</point>
				<point>283.000000,471.000000</point>
				<point>283.000000,485.000000</point>
			</points>
		</object>
		<object>
			<coordinate>pixel</coordinate>
			<type>rectangle</type>
			<description>None</description>
			<possibleresult>
				<name>Basketball Court</name>
			</possibleresult>
			<points>
				<point>690.999939,622.999939</point>
				<point>608.999939,622.999939</point>
				<point>608.999939,592.999939</point>
				<point>690.999939,592.999939</point>
				<point>690.999939,622.999939</point>
			</points>
		</object>
	</objects>
</annotation>