<?xml version="1.0" encoding="utf-8"?>
<annotation>
	<source>
		<filename>242.tif</filename>
		<origin>GF2/GF3</origin>
	</source>
	<research>
		<version>1.0</version>
		<provider>FAIR1M</provider>
		<author>Cyber</author>
		<pluginname>FAIR1M</pluginname>
		<pluginclass>object detection</pluginclass>
		<time>2021-07-21</time>
	</research>
	<size>
		<width>1000</width>
		<height>1000</height>
		<depth>3</depth>
	</size>
	<objects>
		<object>
			<coordinate>pixel</coordinate>
			<type>rectangle</type>
			<description>None</description>
			<possibleresult>
				<name>Small Car</name>
			</possibleresult>
			<points>
				<point>603.507751,89.938477</point>
				<point>602.000061,102.000015</point>
				<point>594.000061,101.000015</point>
				<point>595.507751,88.938477</point>
				<point>603.507751,89.938477</point>
			</points>
		</object>
		<object>
			<coordinate>pixel</coordinate>
			<type>rectangle</type>
			<description>None</description>
			<possibleresult>
				<name>Small Car</name>
			</possibleresult>
			<points>
				<point>596.999939,193.999969</point>
				<point>593.897522,208.478027</point>
				<point>586.999939,206.999969</point>
				<point>590.102356,192.521912</point>
				<point>596.999939,193.999969</point>
			</points>
		</object>
		<object>
			<coordinate>pixel</coordinate>
			<type>rectangle</type>
			<description>None</description>
			<possibleresult>
				<name>Dump Truck</name>
			</possibleresult>
			<points>
				<point>638.000000,236.000000</point>
				<point>616.000000,236.000000</point>
				<point>616.000000,228.000000</point>
				<point>638.000000,228.000000</point>
				<point>638.000000,236.000000</point>
			</points>
		</object>
		<object>
			<coordinate>pixel</coordinate>
			<type>rectangle</type>
			<description>None</description>
			<possibleresult>
				<name>Van</name>
			</possibleresult>
			<points>
				<point>592.000000,251.000015</point>
				<point>585.057373,251.631149</point>
				<point>584.000000,240.000015</point>
				<point>590.942627,239.368881</point>
				<point>592.000000,251.000015</point>
			</points>
		</object>
		<object>
			<coordinate>pixel</coordinate>
			<type>rectangle</type>
			<description>None</description>
			<possibleresult>
				<name>Small Car</name>
			</possibleresult>
			<points>
				<point>149.000000,879.000000</point>
				<point>128.000000,879.000000</point>
				<point>128.000000,872.000000</point>
				<point>149.000000,872.000000</point>
				<point>149.000000,879.000000</point>
			</points>
		</object>
		<object>
			<coordinate>pixel</coordinate>
			<type>rectangle</type>
			<description>None</description>
			<possibleresult>
				<name>Small Car</name>
			</possibleresult>
			<points>
				<point>304.000000,466.000000</point>
				<point>287.000000,466.000000</point>
				<point>287.000000,460.000000</point>
				<point>304.000000,460.000000</point>
				<point>304.000000,466.000000</point>
			</points>
		</object>
		<object>
			<coordinate>pixel</coordinate>
			<type>rectangle</type>
			<description>None</description>
			<possibleresult>
				<name>Intersection</name>
			</possibleresult>
			<points>
				<point>95.404221,755.021851</point>
				<point>91.999992,818.000000</point>
				<point>17.595776,813.978149</point>
				<point>21.000000,751.000000</point>
				<point>95.404221,755.021851</point>
			</points>
		</object>
		<object>
			<coordinate>pixel</coordinate>
			<type>rectangle</type>
			<description>None</description>
			<possibleresult>
				<name>Van</name>
			</possibleresult>
			<points>
				<point>942.811279,820.339600</point>
				<point>932.811279,838.339600</point>
				<point>925.000000,834.000000</point>
				<point>935.000000,816.000000</point>
				<point>942.811279,820.339600</point>
			</points>
		</object>
		<object>
			<coordinate>pixel</coordinate>
			<type>rectangle</type>
			<description>None</description>
			<possibleresult>
				<name>Small Car</name>
			</possibleresult>
			<points>
				<point>915.000122,967.000122</point>
				<point>904.000122,984.000122</point>
				<point>895.624512,978.580566</point>
				<point>906.624512,961.580566</point>
				<point>915.000122,967.000122</point>
			</points>
		</object>
		<object>
			<coordinate>pixel</coordinate>
			<type>rectangle</type>
			<description>None</description>
			<possibleresult>
				<name>Small Car</name>
			</possibleresult>
			<points>
				<point>945.000000,944.000122</point>
				<point>934.831421,960.269775</point>
				<point>928.000000,956.000122</point>
				<point>938.168579,939.730469</point>
				<point>945.000000,944.000122</point>
			</points>
		</object>
		<object>
			<coordinate>pixel</coordinate>
			<type>rectangle</type>
			<description>None</description>
			<possibleresult>
				<name>Dump Truck</name>
			</possibleresult>
			<points>
				<point>962.000122,886.000000</point>
				<point>948.860718,908.235840</point>
				<point>940.000122,903.000000</point>
				<point>953.139526,880.764160</point>
				<point>962.000122,886.000000</point>
			</points>
		</object>
		<object>
			<coordinate>pixel</coordinate>
			<type>rectangle</type>
			<description>None</description>
			<possibleresult>
				<name>Small Car</name>
			</possibleresult>
			<points>
				<point>998.047241,862.915100</point>
				<point>988.000122,881.000061</point>
				<point>980.953003,877.085022</point>
				<point>991.000122,859.000061</point>
				<point>998.047241,862.915100</point>
			</points>
		</object>
		<object>
			<coordinate>pixel</coordinate>
			<type>rectangle</type>
			<description>None</description>
			<possibleresult>
				<name>Small Car</name>
			</possibleresult>
			<points>
				<point>1000.000000,811.222229</point>
				<point>1000.000000,818.400208</point>
				<point>993.000122,831.000061</point>
				<point>985.953003,827.085022</point>
				<point>1000.000000,811.222229</point>
			</points>
		</object>
		<object>
			<coordinate>pixel</coordinate>
			<type>rectangle</type>
			<description>None</description>
			<possibleresult>
				<name>Small Car</name>
			</possibleresult>
			<points>
				<point>203.000000,221.000000</point>
				<point>180.000000,221.000000</point>
				<point>180.000000,213.000000</point>
				<point>203.000000,213.000000</point>
				<point>203.000000,221.000000</point>
			</points>
		</object>
		<object>
			<coordinate>pixel</coordinate>
			<type>rectangle</type>
			<description>None</description>
			<possibleresult>
				<name>Small Car</name>
			</possibleresult>
			<points>
				<point>736.311279,22.083000</point>
				<point>735.000122,27.000011</point>
				<point>719.688965,22.917023</point>
				<point>721.000122,18.000011</point>
				<point>736.311279,22.083000</point>
			</points>
		</object>
		<object>
			<coordinate>pixel</coordinate>
			<type>rectangle</type>
			<description>None</description>
			<possibleresult>
				<name>Small Car</name>
			</possibleresult>
			<points>
				<point>743.999939,13.999990</point>
				<point>742.999939,20.999990</point>
				<point>721.999939,17.999990</point>
				<point>722.999939,10.999990</point>
				<point>743.999939,13.999990</point>
			</points>
		</object>
		<object>
			<coordinate>pixel</coordinate>
			<type>rectangle</type>
			<description>None</description>
			<possibleresult>
				<name>Small Car</name>
			</possibleresult>
			<points>
				<point>711.000061,319.000031</point>
				<point>706.000061,327.000031</point>
				<point>690.000061,317.000031</point>
				<point>695.000061,309.000031</point>
				<point>711.000061,319.000031</point>
			</points>
		</object>
		<object>
			<coordinate>pixel</coordinate>
			<type>rectangle</type>
			<description>None</description>
			<possibleresult>
				<name>Van</name>
			</possibleresult>
			<points>
				<point>645.000000,287.000031</point>
				<point>626.948364,292.014374</point>
				<point>625.000000,285.000031</point>
				<point>643.051636,279.985687</point>
				<point>645.000000,287.000031</point>
			</points>
		</object>
		<object>
			<coordinate>pixel</coordinate>
			<type>rectangle</type>
			<description>None</description>
			<possibleresult>
				<name>Van</name>
			</possibleresult>
			<points>
				<point>636.000000,227.000000</point>
				<point>617.000000,227.000000</point>
				<point>617.000000,219.000000</point>
				<point>636.000000,219.000000</point>
				<point>636.000000,227.000000</point>
			</points>
		</object>
		<object>
			<coordinate>pixel</coordinate>
			<type>rectangle</type>
			<description>None</description>
			<possibleresult>
				<name>Small Car</name>
			</possibleresult>
			<points>
				<point>682.347168,665.974915</point>
				<point>682.000000,675.000061</point>
				<point>656.000000,674.000061</point>
				<point>656.347168,664.974915</point>
				<point>682.347168,665.974915</point>
			</points>
		</object>
		<object>
			<coordinate>pixel</coordinate>
			<type>rectangle</type>
			<description>None</description>
			<possibleresult>
				<name>Small Car</name>
			</possibleresult>
			<points>
				<point>514.367432,645.019226</point>
				<point>513.999939,651.999939</point>
				<point>494.632538,650.980652</point>
				<point>495.000000,643.999939</point>
				<point>514.367432,645.019226</point>
			</points>
		</object>
		<object>
			<coordinate>pixel</coordinate>
			<type>rectangle</type>
			<description>None</description>
			<possibleresult>
				<name>Small Car</name>
			</possibleresult>
			<points>
				<point>383.000031,910.000122</point>
				<point>382.000031,926.000122</point>
				<point>373.968903,925.498169</point>
				<point>374.968903,909.498169</point>
				<point>383.000031,910.000122</point>
			</points>
		</object>
		<object>
			<coordinate>pixel</coordinate>
			<type>rectangle</type>
			<description>None</description>
			<possibleresult>
				<name>Small Car</name>
			</possibleresult>
			<points>
				<point>66.035019,975.439758</point>
				<point>65.000008,992.000061</point>
				<point>57.964985,991.560364</point>
				<point>59.000000,975.000061</point>
				<point>66.035019,975.439758</point>
			</points>
		</object>
		<object>
			<coordinate>pixel</coordinate>
			<type>rectangle</type>
			<description>None</description>
			<possibleresult>
				<name>Van</name>
			</possibleresult>
			<points>
				<point>70.000000,951.000000</point>
				<point>60.000000,951.000000</point>
				<point>60.000000,934.000000</point>
				<point>70.000000,934.000000</point>
				<point>70.000000,951.000000</point>
			</points>
		</object>
		<object>
			<coordinate>pixel</coordinate>
			<type>rectangle</type>
			<description>None</description>
			<possibleresult>
				<name>Small Car</name>
			</possibleresult>
			<points>
				<point>555.000000,693.000000</point>
				<point>553.975342,711.443115</point>
				<point>546.000000,711.000000</point>
				<point>547.024658,692.556885</point>
				<point>555.000000,693.000000</point>
			</points>
		</object>
		<object>
			<coordinate>pixel</coordinate>
			<type>rectangle</type>
			<description>None</description>
			<possibleresult>
				<name>Small Car</name>
			</possibleresult>
			<points>
				<point>560.000000,652.000000</point>
				<point>551.000000,652.000000</point>
				<point>551.000000,634.000000</point>
				<point>560.000000,634.000000</point>
				<point>560.000000,652.000000</point>
			</points>
		</object>
		<object>
			<coordinate>pixel</coordinate>
			<type>rectangle</type>
			<description>None</description>
			<possibleresult>
				<name>Dump Truck</name>
			</possibleresult>
			<points>
				<point>564.000000,588.000122</point>
				<point>563.000000,608.000122</point>
				<point>553.972534,607.548706</point>
				<point>554.972534,587.548706</point>
				<point>564.000000,588.000122</point>
			</points>
		</object>
		<object>
			<coordinate>pixel</coordinate>
			<type>rectangle</type>
			<description>None</description>
			<possibleresult>
				<name>Van</name>
			</possibleresult>
			<points>
				<point>569.000000,546.000000</point>
				<point>566.912354,565.832886</point>
				<point>559.000000,565.000000</point>
				<point>561.087646,545.167114</point>
				<point>569.000000,546.000000</point>
			</points>
		</object>
		<object>
			<coordinate>pixel</coordinate>
			<type>rectangle</type>
			<description>None</description>
			<possibleresult>
				<name>Small Car</name>
			</possibleresult>
			<points>
				<point>447.000031,457.000000</point>
				<point>426.764740,462.058838</point>
				<point>425.000031,455.000000</point>
				<point>445.235321,449.941162</point>
				<point>447.000031,457.000000</point>
			</points>
		</object>
		<object>
			<coordinate>pixel</coordinate>
			<type>rectangle</type>
			<description>None</description>
			<possibleresult>
				<name>Van</name>
			</possibleresult>
			<points>
				<point>95.013489,634.858398</point>
				<point>93.013489,655.858398</point>
				<point>84.000000,655.000000</point>
				<point>86.000000,634.000000</point>
				<point>95.013489,634.858398</point>
			</points>
		</object>
		<object>
			<coordinate>pixel</coordinate>
			<type>rectangle</type>
			<description>None</description>
			<possibleresult>
				<name>Dump Truck</name>
			</possibleresult>
			<points>
				<point>168.000000,612.000000</point>
				<point>143.000000,612.000000</point>
				<point>143.000000,604.000000</point>
				<point>168.000000,604.000000</point>
				<point>168.000000,612.000000</point>
			</points>
		</object>
		<object>
			<coordinate>pixel</coordinate>
			<type>rectangle</type>
			<description>None</description>
			<possibleresult>
				<name>Van</name>
			</possibleresult>
			<points>
				<point>170.000000,594.000000</point>
				<point>169.548615,603.027466</point>
				<point>149.000000,602.000000</point>
				<point>149.451385,592.972534</point>
				<point>170.000000,594.000000</point>
			</points>
		</object>
		<object>
			<coordinate>pixel</coordinate>
			<type>rectangle</type>
			<description>None</description>
			<possibleresult>
				<name>Small Car</name>
			</possibleresult>
			<points>
				<point>167.000000,591.000000</point>
				<point>149.000000,591.000000</point>
				<point>149.000000,584.000000</point>
				<point>167.000000,584.000000</point>
				<point>167.000000,591.000000</point>
			</points>
		</object>
		<object>
			<coordinate>pixel</coordinate>
			<type>rectangle</type>
			<description>None</description>
			<possibleresult>
				<name>Small Car</name>
			</possibleresult>
			<points>
				<point>141.000015,612.000000</point>
				<point>134.033005,618.038086</point>
				<point>121.000015,603.000000</point>
				<point>127.967026,596.961914</point>
				<point>141.000015,612.000000</point>
			</points>
		</object>
		<object>
			<coordinate>pixel</coordinate>
			<type>rectangle</type>
			<description>None</description>
			<possibleresult>
				<name>Dump Truck</name>
			</possibleresult>
			<points>
				<point>38.000000,466.000000</point>
				<point>16.000000,466.000000</point>
				<point>16.000000,458.000000</point>
				<point>38.000000,458.000000</point>
				<point>38.000000,466.000000</point>
			</points>
		</object>
		<object>
			<coordinate>pixel</coordinate>
			<type>rectangle</type>
			<description>None</description>
			<possibleresult>
				<name>Small Car</name>
			</possibleresult>
			<points>
				<point>135.000000,130.000000</point>
				<point>127.000000,130.000000</point>
				<point>127.000000,118.000000</point>
				<point>135.000000,118.000000</point>
				<point>135.000000,130.000000</point>
			</points>
		</object>
		<object>
			<coordinate>pixel</coordinate>
			<type>rectangle</type>
			<description>None</description>
			<possibleresult>
				<name>Small Car</name>
			</possibleresult>
			<points>
				<point>223.000000,54.000000</point>
				<point>202.000000,54.000000</point>
				<point>202.000000,47.000000</point>
				<point>223.000000,47.000000</point>
				<point>223.000000,54.000000</point>
			</points>
		</object>
		<object>
			<coordinate>pixel</coordinate>
			<type>rectangle</type>
			<description>None</description>
			<possibleresult>
				<name>Van</name>
			</possibleresult>
			<points>
				<point>235.000000,160.000000</point>
				<point>215.000000,160.000000</point>
				<point>215.000000,154.000000</point>
				<point>235.000000,154.000000</point>
				<point>235.000000,160.000000</point>
			</points>
		</object>
		<object>
			<coordinate>pixel</coordinate>
			<type>rectangle</type>
			<description>None</description>
			<possibleresult>
				<name>Van</name>
			</possibleresult>
			<points>
				<point>279.000000,41.000000</point>
				<point>262.000000,41.000000</point>
				<point>262.000000,35.000000</point>
				<point>279.000000,35.000000</point>
				<point>279.000000,41.000000</point>
			</points>
		</object>
		<object>
			<coordinate>pixel</coordinate>
			<type>rectangle</type>
			<description>None</description>
			<possibleresult>
				<name>Van</name>
			</possibleresult>
			<points>
				<point>447.594849,949.970032</point>
				<point>447.000061,958.000061</point>
				<point>420.000061,956.000061</point>
				<point>420.594849,947.970032</point>
				<point>447.594849,949.970032</point>
			</points>
		</object>
		<object>
			<coordinate>pixel</coordinate>
			<type>rectangle</type>
			<description>None</description>
			<possibleresult>
				<name>Van</name>
			</possibleresult>
			<points>
				<point>405.964417,926.886169</point>
				<point>396.000000,930.000061</point>
				<point>391.000000,914.000061</point>
				<point>400.964417,910.886169</point>
				<point>405.964417,926.886169</point>
			</points>
		</object>
		<object>
			<coordinate>pixel</coordinate>
			<type>rectangle</type>
			<description>None</description>
			<possibleresult>
				<name>Van</name>
			</possibleresult>
			<points>
				<point>524.000000,520.000000</point>
				<point>510.000000,520.000000</point>
				<point>510.000000,515.000000</point>
				<point>524.000000,515.000000</point>
				<point>524.000000,520.000000</point>
			</points>
		</object>
	</objects>
</annotation>