<?xml version="1.0" encoding="utf-8"?>
<annotation>
	<source>
		<filename>243.tif</filename>
		<origin>GF2/GF3</origin>
	</source>
	<research>
		<version>1.0</version>
		<provider>FAIR1M</provider>
		<author>Cyber</author>
		<pluginname>FAIR1M</pluginname>
		<pluginclass>object detection</pluginclass>
		<time>2021-07-21</time>
	</research>
	<size>
		<width>1500</width>
		<height>1500</height>
		<depth>3</depth>
	</size>
	<objects>
		<object>
			<coordinate>pixel</coordinate>
			<type>rectangle</type>
			<description>None</description>
			<possibleresult>
				<name>other-ship</name>
			</possibleresult>
			<points>
				<point>409.000000,354.000000</point>
				<point>356.000000,302.000000</point>
				<point>342.000000,317.000000</point>
				<point>395.000000,370.000000</point>
				<point>409.000000,354.000000</point>
			</points>
		</object>
		<object>
			<coordinate>pixel</coordinate>
			<type>rectangle</type>
			<description>None</description>
			<possibleresult>
				<name>Liquid Cargo Ship</name>
			</possibleresult>
			<points>
				<point>1257.000000,370.000000</point>
				<point>1319.000000,517.000000</point>
				<point>1347.000000,505.000000</point>
				<point>1285.000000,359.000000</point>
				<point>1257.000000,370.000000</point>
			</points>
		</object>
		<object>
			<coordinate>pixel</coordinate>
			<type>rectangle</type>
			<description>None</description>
			<possibleresult>
				<name>Dry Cargo Ship</name>
			</possibleresult>
			<points>
				<point>592.000000,62.000000</point>
				<point>582.000000,127.000000</point>
				<point>600.000000,129.000000</point>
				<point>610.000000,65.000000</point>
				<point>592.000000,62.000000</point>
			</points>
		</object>
		<object>
			<coordinate>pixel</coordinate>
			<type>rectangle</type>
			<description>None</description>
			<possibleresult>
				<name>Dry Cargo Ship</name>
			</possibleresult>
			<points>
				<point>700.000000,90.000000</point>
				<point>721.000000,56.000000</point>
				<point>713.000000,51.000000</point>
				<point>693.000000,85.000000</point>
				<point>700.000000,90.000000</point>
			</points>
		</object>
		<object>
			<coordinate>pixel</coordinate>
			<type>rectangle</type>
			<description>None</description>
			<possibleresult>
				<name>Dry Cargo Ship</name>
			</possibleresult>
			<points>
				<point>711.000000,97.000000</point>
				<point>732.000000,62.000000</point>
				<point>722.000000,55.000000</point>
				<point>700.000000,91.000000</point>
				<point>711.000000,97.000000</point>
			</points>
		</object>
		<object>
			<coordinate>pixel</coordinate>
			<type>rectangle</type>
			<description>None</description>
			<possibleresult>
				<name>Dry Cargo Ship</name>
			</possibleresult>
			<points>
				<point>722.000000,104.000000</point>
				<point>743.000000,69.000000</point>
				<point>733.000000,62.000000</point>
				<point>712.000000,97.000000</point>
				<point>722.000000,104.000000</point>
			</points>
		</object>
	</objects>
</annotation>