<?xml version="1.0" encoding="utf-8"?>
<annotation>
	<source>
		<filename>245.tif</filename>
		<origin>GF2/GF3</origin>
	</source>
	<research>
		<version>1.0</version>
		<provider>FAIR1M</provider>
		<author>Cyber</author>
		<pluginname>FAIR1M</pluginname>
		<pluginclass>object detection</pluginclass>
		<time>2021-07-21</time>
	</research>
	<size>
		<width>1000</width>
		<height>1000</height>
		<depth>3</depth>
	</size>
	<objects>
		<object>
			<coordinate>pixel</coordinate>
			<type>rectangle</type>
			<description>None</description>
			<possibleresult>
				<name>other-airplane</name>
			</possibleresult>
			<points>
				<point>328.000000,843.000000</point>
				<point>369.000000,909.000000</point>
				<point>434.000000,868.000000</point>
				<point>390.000000,802.000000</point>
				<point>328.000000,843.000000</point>
			</points>
		</object>
		<object>
			<coordinate>pixel</coordinate>
			<type>rectangle</type>
			<description>None</description>
			<possibleresult>
				<name>Boeing787</name>
			</possibleresult>
			<points>
				<point>565.000000,688.000000</point>
				<point>607.000000,754.000000</point>
				<point>671.000000,713.000000</point>
				<point>628.000000,647.000000</point>
				<point>565.000000,688.000000</point>
			</points>
		</object>
		<object>
			<coordinate>pixel</coordinate>
			<type>rectangle</type>
			<description>None</description>
			<possibleresult>
				<name>A220</name>
			</possibleresult>
			<points>
				<point>498.000000,575.000000</point>
				<point>473.000000,536.000000</point>
				<point>434.000000,559.000000</point>
				<point>459.000000,598.000000</point>
				<point>498.000000,575.000000</point>
			</points>
		</object>
		<object>
			<coordinate>pixel</coordinate>
			<type>rectangle</type>
			<description>None</description>
			<possibleresult>
				<name>A321</name>
			</possibleresult>
			<points>
				<point>726.000000,320.000000</point>
				<point>680.000000,352.000000</point>
				<point>703.000000,387.000000</point>
				<point>750.000000,356.000000</point>
				<point>726.000000,320.000000</point>
			</points>
		</object>
		<object>
			<coordinate>pixel</coordinate>
			<type>rectangle</type>
			<description>None</description>
			<possibleresult>
				<name>A220</name>
			</possibleresult>
			<points>
				<point>746.000000,368.000000</point>
				<point>707.000000,395.000000</point>
				<point>732.000000,430.000000</point>
				<point>771.000000,404.000000</point>
				<point>746.000000,368.000000</point>
			</points>
		</object>
		<object>
			<coordinate>pixel</coordinate>
			<type>rectangle</type>
			<description>None</description>
			<possibleresult>
				<name>Boeing737</name>
			</possibleresult>
			<points>
				<point>819.000000,468.000000</point>
				<point>776.000000,495.000000</point>
				<point>801.000000,531.000000</point>
				<point>842.000000,504.000000</point>
				<point>819.000000,468.000000</point>
			</points>
		</object>
		<object>
			<coordinate>pixel</coordinate>
			<type>rectangle</type>
			<description>None</description>
			<possibleresult>
				<name>A321</name>
			</possibleresult>
			<points>
				<point>850.000000,512.000000</point>
				<point>803.000000,542.000000</point>
				<point>826.000000,579.000000</point>
				<point>873.000000,547.000000</point>
				<point>850.000000,512.000000</point>
			</points>
		</object>
		<object>
			<coordinate>pixel</coordinate>
			<type>rectangle</type>
			<description>None</description>
			<possibleresult>
				<name>A220</name>
			</possibleresult>
			<points>
				<point>871.000000,560.000000</point>
				<point>832.000000,586.000000</point>
				<point>855.000000,621.000000</point>
				<point>896.000000,595.000000</point>
				<point>871.000000,560.000000</point>
			</points>
		</object>
		<object>
			<coordinate>pixel</coordinate>
			<type>rectangle</type>
			<description>None</description>
			<possibleresult>
				<name>other-airplane</name>
			</possibleresult>
			<points>
				<point>903.000000,600.000000</point>
				<point>863.000000,629.000000</point>
				<point>888.000000,663.000000</point>
				<point>928.000000,635.000000</point>
				<point>903.000000,600.000000</point>
			</points>
		</object>
		<object>
			<coordinate>pixel</coordinate>
			<type>rectangle</type>
			<description>None</description>
			<possibleresult>
				<name>A220</name>
			</possibleresult>
			<points>
				<point>953.000000,611.000000</point>
				<point>980.000000,651.000000</point>
				<point>1015.000000,629.000000</point>
				<point>988.000000,587.000000</point>
				<point>953.000000,611.000000</point>
			</points>
		</object>
		<object>
			<coordinate>pixel</coordinate>
			<type>rectangle</type>
			<description>None</description>
			<possibleresult>
				<name>Football Field</name>
			</possibleresult>
			<points>
				<point>254.000000,428.000000</point>
				<point>252.000000,371.000000</point>
				<point>294.000000,370.000000</point>
				<point>296.000000,427.000000</point>
				<point>254.000000,428.000000</point>
			</points>
		</object>
		<object>
			<coordinate>pixel</coordinate>
			<type>rectangle</type>
			<description>None</description>
			<possibleresult>
				<name>Basketball Court</name>
			</possibleresult>
			<points>
				<point>261.000000,364.000000</point>
				<point>260.000000,352.000000</point>
				<point>284.000000,351.000000</point>
				<point>285.000000,363.000000</point>
				<point>261.000000,364.000000</point>
			</points>
		</object>
		<object>
			<coordinate>pixel</coordinate>
			<type>rectangle</type>
			<description>None</description>
			<possibleresult>
				<name>Basketball Court</name>
			</possibleresult>
			<points>
				<point>263.000000,445.000000</point>
				<point>263.000000,433.000000</point>
				<point>287.000000,433.000000</point>
				<point>287.000000,445.000000</point>
				<point>263.000000,445.000000</point>
			</points>
		</object>
		<object>
			<coordinate>pixel</coordinate>
			<type>rectangle</type>
			<description>None</description>
			<possibleresult>
				<name>Basketball Court</name>
			</possibleresult>
			<points>
				<point>346.000000,417.000000</point>
				<point>330.000000,390.000000</point>
				<point>345.000000,381.000000</point>
				<point>361.000000,408.000000</point>
				<point>346.000000,417.000000</point>
			</points>
		</object>
		<object>
			<coordinate>pixel</coordinate>
			<type>rectangle</type>
			<description>None</description>
			<possibleresult>
				<name>Basketball Court</name>
			</possibleresult>
			<points>
				<point>364.000000,405.000000</point>
				<point>348.000000,377.000000</point>
				<point>363.000000,368.000000</point>
				<point>379.000000,396.000000</point>
				<point>364.000000,405.000000</point>
			</points>
		</object>
		<object>
			<coordinate>pixel</coordinate>
			<type>rectangle</type>
			<description>None</description>
			<possibleresult>
				<name>Basketball Court</name>
			</possibleresult>
			<points>
				<point>383.000000,393.000000</point>
				<point>367.000000,365.000000</point>
				<point>383.000000,356.000000</point>
				<point>399.000000,384.000000</point>
				<point>383.000000,393.000000</point>
			</points>
		</object>
		<object>
			<coordinate>pixel</coordinate>
			<type>rectangle</type>
			<description>None</description>
			<possibleresult>
				<name>Intersection</name>
			</possibleresult>
			<points>
				<point>727.000000,231.000000</point>
				<point>707.000000,198.000000</point>
				<point>745.000000,175.000000</point>
				<point>764.000000,209.000000</point>
				<point>727.000000,231.000000</point>
			</points>
		</object>
	</objects>
</annotation>