<?xml version="1.0" encoding="utf-8"?>
<annotation>
	<source>
		<filename>246.tif</filename>
		<origin>GF2/GF3</origin>
	</source>
	<research>
		<version>1.0</version>
		<provider>FAIR1M</provider>
		<author>Cyber</author>
		<pluginname>FAIR1M</pluginname>
		<pluginclass>object detection</pluginclass>
		<time>2021-07-21</time>
	</research>
	<size>
		<width>1000</width>
		<height>1000</height>
		<depth>3</depth>
	</size>
	<objects>
		<object>
			<coordinate>pixel</coordinate>
			<type>rectangle</type>
			<description>None</description>
			<possibleresult>
				<name>A220</name>
			</possibleresult>
			<points>
				<point>56.000000,737.000000</point>
				<point>83.000000,775.000000</point>
				<point>119.000000,750.000000</point>
				<point>92.000000,712.000000</point>
				<point>56.000000,737.000000</point>
			</points>
		</object>
		<object>
			<coordinate>pixel</coordinate>
			<type>rectangle</type>
			<description>None</description>
			<possibleresult>
				<name>other-airplane</name>
			</possibleresult>
			<points>
				<point>979.000000,309.000000</point>
				<point>946.000000,329.000000</point>
				<point>966.000000,361.000000</point>
				<point>999.000000,340.000000</point>
				<point>979.000000,309.000000</point>
			</points>
		</object>
		<object>
			<coordinate>pixel</coordinate>
			<type>rectangle</type>
			<description>None</description>
			<possibleresult>
				<name>other-airplane</name>
			</possibleresult>
			<points>
				<point>885.000000,473.000000</point>
				<point>909.000000,457.000000</point>
				<point>892.000000,430.000000</point>
				<point>867.000000,446.000000</point>
				<point>885.000000,473.000000</point>
			</points>
		</object>
		<object>
			<coordinate>pixel</coordinate>
			<type>rectangle</type>
			<description>None</description>
			<possibleresult>
				<name>other-airplane</name>
			</possibleresult>
			<points>
				<point>818.000000,608.000000</point>
				<point>786.000000,629.000000</point>
				<point>805.000000,659.000000</point>
				<point>837.000000,638.000000</point>
				<point>818.000000,608.000000</point>
			</points>
		</object>
		<object>
			<coordinate>pixel</coordinate>
			<type>rectangle</type>
			<description>None</description>
			<possibleresult>
				<name>other-airplane</name>
			</possibleresult>
			<points>
				<point>856.000000,428.000000</point>
				<point>881.000000,412.000000</point>
				<point>864.000000,386.000000</point>
				<point>840.000000,401.000000</point>
				<point>856.000000,428.000000</point>
			</points>
		</object>
		<object>
			<coordinate>pixel</coordinate>
			<type>rectangle</type>
			<description>None</description>
			<possibleresult>
				<name>other-airplane</name>
			</possibleresult>
			<points>
				<point>736.000000,479.000000</point>
				<point>702.000000,499.000000</point>
				<point>721.000000,531.000000</point>
				<point>754.000000,511.000000</point>
				<point>736.000000,479.000000</point>
			</points>
		</object>
	</objects>
</annotation>