<?xml version="1.0" encoding="utf-8"?>
<annotation>
	<source>
		<filename>248.tif</filename>
		<origin>GF2/GF3</origin>
	</source>
	<research>
		<version>1.0</version>
		<provider>FAIR1M</provider>
		<author>Cyber</author>
		<pluginname>FAIR1M</pluginname>
		<pluginclass>object detection</pluginclass>
		<time>2021-07-21</time>
	</research>
	<size>
		<width>1000</width>
		<height>1000</height>
		<depth>3</depth>
	</size>
	<objects>
		<object>
			<coordinate>pixel</coordinate>
			<type>rectangle</type>
			<description>None</description>
			<possibleresult>
				<name>A220</name>
			</possibleresult>
			<points>
				<point>269.000000,118.000000</point>
				<point>220.000000,146.000000</point>
				<point>243.000000,186.000000</point>
				<point>292.000000,158.000000</point>
				<point>269.000000,118.000000</point>
			</points>
		</object>
		<object>
			<coordinate>pixel</coordinate>
			<type>rectangle</type>
			<description>None</description>
			<possibleresult>
				<name>other-airplane</name>
			</possibleresult>
			<points>
				<point>953.000000,124.000000</point>
				<point>1009.000000,93.000000</point>
				<point>982.000000,43.000000</point>
				<point>925.000000,74.000000</point>
				<point>953.000000,124.000000</point>
			</points>
		</object>
	</objects>
</annotation>