<?xml version="1.0" encoding="utf-8"?>
<annotation>
	<source>
		<filename>249.tif</filename>
		<origin>GF2/GF3</origin>
	</source>
	<research>
		<version>1.0</version>
		<provider>FAIR1M</provider>
		<author>Cyber</author>
		<pluginname>FAIR1M</pluginname>
		<pluginclass>object detection</pluginclass>
		<time>2021-07-21</time>
	</research>
	<size>
		<width>1000</width>
		<height>1000</height>
		<depth>3</depth>
	</size>
	<objects>
		<object>
			<coordinate>pixel</coordinate>
			<type>rectangle</type>
			<description>None</description>
			<possibleresult>
				<name>Dump Truck</name>
			</possibleresult>
			<points>
				<point>239.057312,638.206360</point>
				<point>229.000000,641.000061</point>
				<point>223.942688,622.793762</point>
				<point>234.000000,620.000061</point>
				<point>239.057312,638.206360</point>
			</points>
		</object>
		<object>
			<coordinate>pixel</coordinate>
			<type>rectangle</type>
			<description>None</description>
			<possibleresult>
				<name>Van</name>
			</possibleresult>
			<points>
				<point>5.999999,717.000000</point>
				<point>-3.644806,712.431396</point>
				<point>-0.000001,704.736816</point>
				<point>9.644804,709.305420</point>
				<point>5.999999,717.000000</point>
			</points>
		</object>
		<object>
			<coordinate>pixel</coordinate>
			<type>rectangle</type>
			<description>None</description>
			<possibleresult>
				<name>Small Car</name>
			</possibleresult>
			<points>
				<point>0.000000,725.000000</point>
				<point>0.000000,725.000000</point>
				<point>0.000000,725.000000</point>
				<point>0.000000,725.000000</point>
				<point>0.000000,725.000000</point>
			</points>
		</object>
		<object>
			<coordinate>pixel</coordinate>
			<type>rectangle</type>
			<description>None</description>
			<possibleresult>
				<name>Van</name>
			</possibleresult>
			<points>
				<point>377.369232,601.953918</point>
				<point>368.261566,603.092346</point>
				<point>365.892365,584.138489</point>
				<point>375.000031,583.000061</point>
				<point>377.369232,601.953918</point>
			</points>
		</object>
		<object>
			<coordinate>pixel</coordinate>
			<type>rectangle</type>
			<description>None</description>
			<possibleresult>
				<name>Small Car</name>
			</possibleresult>
			<points>
				<point>493.000061,552.000061</point>
				<point>481.000061,566.000061</point>
				<point>475.647095,561.411804</point>
				<point>487.647095,547.411804</point>
				<point>493.000061,552.000061</point>
			</points>
		</object>
		<object>
			<coordinate>pixel</coordinate>
			<type>rectangle</type>
			<description>None</description>
			<possibleresult>
				<name>Small Car</name>
			</possibleresult>
			<points>
				<point>540.000061,561.000061</point>
				<point>528.000061,573.000061</point>
				<point>523.000061,568.000061</point>
				<point>535.000061,556.000061</point>
				<point>540.000061,561.000061</point>
			</points>
		</object>
		<object>
			<coordinate>pixel</coordinate>
			<type>rectangle</type>
			<description>None</description>
			<possibleresult>
				<name>Small Car</name>
			</possibleresult>
			<points>
				<point>549.000000,538.999939</point>
				<point>545.393433,543.327820</point>
				<point>533.393433,533.327820</point>
				<point>537.000000,528.999939</point>
				<point>549.000000,538.999939</point>
			</points>
		</object>
		<object>
			<coordinate>pixel</coordinate>
			<type>rectangle</type>
			<description>None</description>
			<possibleresult>
				<name>Van</name>
			</possibleresult>
			<points>
				<point>628.390320,475.512238</point>
				<point>624.390320,480.512238</point>
				<point>610.000061,469.000031</point>
				<point>614.000061,464.000031</point>
				<point>628.390320,475.512238</point>
			</points>
		</object>
		<object>
			<coordinate>pixel</coordinate>
			<type>rectangle</type>
			<description>None</description>
			<possibleresult>
				<name>Small Car</name>
			</possibleresult>
			<points>
				<point>386.000061,458.000092</point>
				<point>380.500061,463.500092</point>
				<point>372.000061,455.000092</point>
				<point>377.500061,449.500092</point>
				<point>386.000061,458.000092</point>
			</points>
		</object>
		<object>
			<coordinate>pixel</coordinate>
			<type>rectangle</type>
			<description>None</description>
			<possibleresult>
				<name>Van</name>
			</possibleresult>
			<points>
				<point>354.653412,441.534668</point>
				<point>350.999969,446.000000</point>
				<point>339.999969,437.000000</point>
				<point>343.653412,432.534668</point>
				<point>354.653412,441.534668</point>
			</points>
		</object>
		<object>
			<coordinate>pixel</coordinate>
			<type>rectangle</type>
			<description>None</description>
			<possibleresult>
				<name>Small Car</name>
			</possibleresult>
			<points>
				<point>362.636047,435.748016</point>
				<point>359.000061,441.000031</point>
				<point>346.000061,432.000031</point>
				<point>349.636047,426.748016</point>
				<point>362.636047,435.748016</point>
			</points>
		</object>
		<object>
			<coordinate>pixel</coordinate>
			<type>rectangle</type>
			<description>None</description>
			<possibleresult>
				<name>Small Car</name>
			</possibleresult>
			<points>
				<point>348.000000,446.000000</point>
				<point>344.435669,450.356445</point>
				<point>333.435669,441.356445</point>
				<point>337.000000,437.000000</point>
				<point>348.000000,446.000000</point>
			</points>
		</object>
		<object>
			<coordinate>pixel</coordinate>
			<type>rectangle</type>
			<description>None</description>
			<possibleresult>
				<name>Van</name>
			</possibleresult>
			<points>
				<point>448.044769,316.037903</point>
				<point>442.999969,322.000000</point>
				<point>429.955170,310.962097</point>
				<point>434.999969,305.000000</point>
				<point>448.044769,316.037903</point>
			</points>
		</object>
		<object>
			<coordinate>pixel</coordinate>
			<type>rectangle</type>
			<description>None</description>
			<possibleresult>
				<name>Van</name>
			</possibleresult>
			<points>
				<point>430.999969,300.999969</point>
				<point>426.448273,306.379303</point>
				<point>413.448273,295.379303</point>
				<point>417.999969,289.999969</point>
				<point>430.999969,300.999969</point>
			</points>
		</object>
		<object>
			<coordinate>pixel</coordinate>
			<type>rectangle</type>
			<description>None</description>
			<possibleresult>
				<name>Small Car</name>
			</possibleresult>
			<points>
				<point>708.000000,328.999969</point>
				<point>693.823364,340.138763</point>
				<point>689.000000,333.999969</point>
				<point>703.176636,322.861176</point>
				<point>708.000000,328.999969</point>
			</points>
		</object>
		<object>
			<coordinate>pixel</coordinate>
			<type>rectangle</type>
			<description>None</description>
			<possibleresult>
				<name>Small Car</name>
			</possibleresult>
			<points>
				<point>812.000000,513.000000</point>
				<point>806.271729,519.249023</point>
				<point>794.000000,508.000000</point>
				<point>799.728271,501.750977</point>
				<point>812.000000,513.000000</point>
			</points>
		</object>
		<object>
			<coordinate>pixel</coordinate>
			<type>rectangle</type>
			<description>None</description>
			<possibleresult>
				<name>Van</name>
			</possibleresult>
			<points>
				<point>831.000122,654.000061</point>
				<point>827.000122,658.000061</point>
				<point>815.000122,646.000061</point>
				<point>819.000122,642.000061</point>
				<point>831.000122,654.000061</point>
			</points>
		</object>
		<object>
			<coordinate>pixel</coordinate>
			<type>rectangle</type>
			<description>None</description>
			<possibleresult>
				<name>Small Car</name>
			</possibleresult>
			<points>
				<point>847.999939,669.000000</point>
				<point>842.268250,674.290771</point>
				<point>829.999939,661.000000</point>
				<point>835.731628,655.709229</point>
				<point>847.999939,669.000000</point>
			</points>
		</object>
		<object>
			<coordinate>pixel</coordinate>
			<type>rectangle</type>
			<description>None</description>
			<possibleresult>
				<name>Small Car</name>
			</possibleresult>
			<points>
				<point>861.290833,680.268311</point>
				<point>856.000061,686.000000</point>
				<point>842.709290,673.731689</point>
				<point>848.000061,668.000000</point>
				<point>861.290833,680.268311</point>
			</points>
		</object>
		<object>
			<coordinate>pixel</coordinate>
			<type>rectangle</type>
			<description>None</description>
			<possibleresult>
				<name>Small Car</name>
			</possibleresult>
			<points>
				<point>877.082397,692.070618</point>
				<point>872.000000,698.000061</point>
				<point>857.917603,685.929504</point>
				<point>863.000000,680.000061</point>
				<point>877.082397,692.070618</point>
			</points>
		</object>
		<object>
			<coordinate>pixel</coordinate>
			<type>rectangle</type>
			<description>None</description>
			<possibleresult>
				<name>Small Car</name>
			</possibleresult>
			<points>
				<point>890.000000,704.000000</point>
				<point>886.096680,709.074341</point>
				<point>873.000000,699.000000</point>
				<point>876.903320,693.925659</point>
				<point>890.000000,704.000000</point>
			</points>
		</object>
		<object>
			<coordinate>pixel</coordinate>
			<type>rectangle</type>
			<description>None</description>
			<possibleresult>
				<name>Small Car</name>
			</possibleresult>
			<points>
				<point>933.000122,708.000000</point>
				<point>930.000122,718.000000</point>
				<point>909.724854,711.917480</point>
				<point>912.724854,701.917480</point>
				<point>933.000122,708.000000</point>
			</points>
		</object>
		<object>
			<coordinate>pixel</coordinate>
			<type>rectangle</type>
			<description>None</description>
			<possibleresult>
				<name>Small Car</name>
			</possibleresult>
			<points>
				<point>953.000000,724.000000</point>
				<point>943.786377,740.379761</point>
				<point>936.000000,736.000000</point>
				<point>945.213623,719.620239</point>
				<point>953.000000,724.000000</point>
			</points>
		</object>
		<object>
			<coordinate>pixel</coordinate>
			<type>rectangle</type>
			<description>None</description>
			<possibleresult>
				<name>Small Car</name>
			</possibleresult>
			<points>
				<point>745.185913,717.758423</point>
				<point>735.000000,731.000000</point>
				<point>728.814087,726.241577</point>
				<point>739.000000,713.000000</point>
				<point>745.185913,717.758423</point>
			</points>
		</object>
		<object>
			<coordinate>pixel</coordinate>
			<type>rectangle</type>
			<description>None</description>
			<possibleresult>
				<name>Small Car</name>
			</possibleresult>
			<points>
				<point>771.044739,733.962036</point>
				<point>757.999939,745.000000</point>
				<point>752.955139,739.037964</point>
				<point>765.999939,728.000000</point>
				<point>771.044739,733.962036</point>
			</points>
		</object>
		<object>
			<coordinate>pixel</coordinate>
			<type>rectangle</type>
			<description>None</description>
			<possibleresult>
				<name>Small Car</name>
			</possibleresult>
			<points>
				<point>775.796326,743.275940</point>
				<point>764.796326,753.275940</point>
				<point>759.999939,747.999939</point>
				<point>770.999939,737.999939</point>
				<point>775.796326,743.275940</point>
			</points>
		</object>
		<object>
			<coordinate>pixel</coordinate>
			<type>rectangle</type>
			<description>None</description>
			<possibleresult>
				<name>Small Car</name>
			</possibleresult>
			<points>
				<point>786.044800,747.962097</point>
				<point>773.000000,759.000061</point>
				<point>767.955200,753.038025</point>
				<point>781.000000,742.000061</point>
				<point>786.044800,747.962097</point>
			</points>
		</object>
		<object>
			<coordinate>pixel</coordinate>
			<type>rectangle</type>
			<description>None</description>
			<possibleresult>
				<name>Small Car</name>
			</possibleresult>
			<points>
				<point>793.000000,755.000000</point>
				<point>781.000000,766.000000</point>
				<point>776.226440,760.792480</point>
				<point>788.226440,749.792480</point>
				<point>793.000000,755.000000</point>
			</points>
		</object>
		<object>
			<coordinate>pixel</coordinate>
			<type>rectangle</type>
			<description>None</description>
			<possibleresult>
				<name>Small Car</name>
			</possibleresult>
			<points>
				<point>803.000061,763.000000</point>
				<point>788.955872,774.034668</point>
				<point>785.000061,769.000000</point>
				<point>799.044250,757.965332</point>
				<point>803.000061,763.000000</point>
			</points>
		</object>
		<object>
			<coordinate>pixel</coordinate>
			<type>rectangle</type>
			<description>None</description>
			<possibleresult>
				<name>Van</name>
			</possibleresult>
			<points>
				<point>810.500061,770.500061</point>
				<point>797.500061,783.500061</point>
				<point>791.000061,777.000061</point>
				<point>804.000061,764.000061</point>
				<point>810.500061,770.500061</point>
			</points>
		</object>
		<object>
			<coordinate>pixel</coordinate>
			<type>rectangle</type>
			<description>None</description>
			<possibleresult>
				<name>Small Car</name>
			</possibleresult>
			<points>
				<point>818.000000,775.000000</point>
				<point>807.864868,789.189209</point>
				<point>802.000000,785.000000</point>
				<point>812.135132,770.810791</point>
				<point>818.000000,775.000000</point>
			</points>
		</object>
		<object>
			<coordinate>pixel</coordinate>
			<type>rectangle</type>
			<description>None</description>
			<possibleresult>
				<name>Small Car</name>
			</possibleresult>
			<points>
				<point>838.000000,784.000061</point>
				<point>828.640015,796.480042</point>
				<point>824.000000,793.000061</point>
				<point>833.359985,780.520081</point>
				<point>838.000000,784.000061</point>
			</points>
		</object>
		<object>
			<coordinate>pixel</coordinate>
			<type>rectangle</type>
			<description>None</description>
			<possibleresult>
				<name>Small Car</name>
			</possibleresult>
			<points>
				<point>724.000061,757.000061</point>
				<point>707.840027,769.120056</point>
				<point>704.000061,764.000061</point>
				<point>720.160095,751.880066</point>
				<point>724.000061,757.000061</point>
			</points>
		</object>
		<object>
			<coordinate>pixel</coordinate>
			<type>rectangle</type>
			<description>None</description>
			<possibleresult>
				<name>Small Car</name>
			</possibleresult>
			<points>
				<point>732.491760,766.590088</point>
				<point>719.409851,777.491699</point>
				<point>713.918030,770.901489</point>
				<point>726.999939,759.999878</point>
				<point>732.491760,766.590088</point>
			</points>
		</object>
		<object>
			<coordinate>pixel</coordinate>
			<type>rectangle</type>
			<description>None</description>
			<possibleresult>
				<name>Van</name>
			</possibleresult>
			<points>
				<point>738.737000,774.459656</point>
				<point>723.000061,786.000061</point>
				<point>718.263123,779.540466</point>
				<point>734.000061,768.000061</point>
				<point>738.737000,774.459656</point>
			</points>
		</object>
		<object>
			<coordinate>pixel</coordinate>
			<type>rectangle</type>
			<description>None</description>
			<possibleresult>
				<name>Small Car</name>
			</possibleresult>
			<points>
				<point>751.000061,778.000000</point>
				<point>734.924744,791.061157</point>
				<point>730.000061,785.000000</point>
				<point>746.075378,771.938843</point>
				<point>751.000061,778.000000</point>
			</points>
		</object>
		<object>
			<coordinate>pixel</coordinate>
			<type>rectangle</type>
			<description>None</description>
			<possibleresult>
				<name>Small Car</name>
			</possibleresult>
			<points>
				<point>762.000061,791.999939</point>
				<point>747.000061,804.999939</point>
				<point>741.885803,799.098938</point>
				<point>756.885803,786.098938</point>
				<point>762.000061,791.999939</point>
			</points>
		</object>
		<object>
			<coordinate>pixel</coordinate>
			<type>rectangle</type>
			<description>None</description>
			<possibleresult>
				<name>Van</name>
			</possibleresult>
			<points>
				<point>770.619324,800.330017</point>
				<point>755.619324,813.330017</point>
				<point>751.000061,808.000061</point>
				<point>766.000061,795.000061</point>
				<point>770.619324,800.330017</point>
			</points>
		</object>
		<object>
			<coordinate>pixel</coordinate>
			<type>rectangle</type>
			<description>None</description>
			<possibleresult>
				<name>Van</name>
			</possibleresult>
			<points>
				<point>781.000000,807.999939</point>
				<point>763.960693,820.027649</point>
				<point>759.000000,812.999939</point>
				<point>776.039307,800.972229</point>
				<point>781.000000,807.999939</point>
			</points>
		</object>
		<object>
			<coordinate>pixel</coordinate>
			<type>rectangle</type>
			<description>None</description>
			<possibleresult>
				<name>Van</name>
			</possibleresult>
			<points>
				<point>805.999939,819.999939</point>
				<point>789.800354,835.187073</point>
				<point>783.999939,828.999939</point>
				<point>800.199524,813.812805</point>
				<point>805.999939,819.999939</point>
			</points>
		</object>
		<object>
			<coordinate>pixel</coordinate>
			<type>rectangle</type>
			<description>None</description>
			<possibleresult>
				<name>Small Car</name>
			</possibleresult>
			<points>
				<point>821.061218,833.924744</point>
				<point>808.000061,850.000061</point>
				<point>801.938904,845.075378</point>
				<point>815.000061,829.000061</point>
				<point>821.061218,833.924744</point>
			</points>
		</object>
		<object>
			<coordinate>pixel</coordinate>
			<type>rectangle</type>
			<description>None</description>
			<possibleresult>
				<name>Small Car</name>
			</possibleresult>
			<points>
				<point>828.353882,848.630737</point>
				<point>819.000000,865.000000</point>
				<point>812.000000,861.000000</point>
				<point>821.353882,844.630737</point>
				<point>828.353882,848.630737</point>
			</points>
		</object>
		<object>
			<coordinate>pixel</coordinate>
			<type>rectangle</type>
			<description>None</description>
			<possibleresult>
				<name>Small Car</name>
			</possibleresult>
			<points>
				<point>893.000183,843.000122</point>
				<point>886.800232,855.400146</point>
				<point>880.000183,852.000122</point>
				<point>886.200134,839.600098</point>
				<point>893.000183,843.000122</point>
			</points>
		</object>
		<object>
			<coordinate>pixel</coordinate>
			<type>rectangle</type>
			<description>None</description>
			<possibleresult>
				<name>Small Car</name>
			</possibleresult>
			<points>
				<point>883.121582,861.770264</point>
				<point>874.121582,878.770264</point>
				<point>867.000000,875.000000</point>
				<point>876.000000,858.000000</point>
				<point>883.121582,861.770264</point>
			</points>
		</object>
		<object>
			<coordinate>pixel</coordinate>
			<type>rectangle</type>
			<description>None</description>
			<possibleresult>
				<name>Small Car</name>
			</possibleresult>
			<points>
				<point>872.000000,878.000000</point>
				<point>862.800049,896.400024</point>
				<point>856.000000,893.000000</point>
				<point>865.199951,874.599976</point>
				<point>872.000000,878.000000</point>
			</points>
		</object>
		<object>
			<coordinate>pixel</coordinate>
			<type>rectangle</type>
			<description>None</description>
			<possibleresult>
				<name>Small Car</name>
			</possibleresult>
			<points>
				<point>872.082397,952.070557</point>
				<point>867.000000,958.000000</point>
				<point>852.917603,945.929443</point>
				<point>858.000000,940.000000</point>
				<point>872.082397,952.070557</point>
			</points>
		</object>
		<object>
			<coordinate>pixel</coordinate>
			<type>rectangle</type>
			<description>None</description>
			<possibleresult>
				<name>Small Car</name>
			</possibleresult>
			<points>
				<point>893.000000,967.999939</point>
				<point>887.537964,974.455139</point>
				<point>874.000000,962.999939</point>
				<point>879.462036,956.544739</point>
				<point>893.000000,967.999939</point>
			</points>
		</object>
		<object>
			<coordinate>pixel</coordinate>
			<type>rectangle</type>
			<description>None</description>
			<possibleresult>
				<name>Small Car</name>
			</possibleresult>
			<points>
				<point>914.000061,984.000061</point>
				<point>907.082458,992.070618</point>
				<point>893.000061,980.000061</point>
				<point>899.917664,971.929504</point>
				<point>914.000061,984.000061</point>
			</points>
		</object>
		<object>
			<coordinate>pixel</coordinate>
			<type>rectangle</type>
			<description>None</description>
			<possibleresult>
				<name>Small Car</name>
			</possibleresult>
			<points>
				<point>794.000122,958.000122</point>
				<point>786.800171,972.400146</point>
				<point>780.000122,969.000122</point>
				<point>787.200073,954.600098</point>
				<point>794.000122,958.000122</point>
			</points>
		</object>
		<object>
			<coordinate>pixel</coordinate>
			<type>rectangle</type>
			<description>None</description>
			<possibleresult>
				<name>Small Car</name>
			</possibleresult>
			<points>
				<point>786.107666,977.061523</point>
				<point>777.000000,993.000000</point>
				<point>770.000000,989.000000</point>
				<point>779.107666,973.061523</point>
				<point>786.107666,977.061523</point>
			</points>
		</object>
		<object>
			<coordinate>pixel</coordinate>
			<type>rectangle</type>
			<description>None</description>
			<possibleresult>
				<name>Van</name>
			</possibleresult>
			<points>
				<point>772.073975,1003.106628</point>
				<point>764.529541,1000.000061</point>
				<point>767.000122,994.000061</point>
				<point>774.544556,997.106628</point>
				<point>772.073975,1003.106628</point>
			</points>
		</object>
		<object>
			<coordinate>pixel</coordinate>
			<type>rectangle</type>
			<description>None</description>
			<possibleresult>
				<name>Small Car</name>
			</possibleresult>
			<points>
				<point>793.588257,1000.000000</point>
				<point>793.588257,999.000000</point>
				<point>796.428589,999.000000</point>
				<point>796.428589,1000.000000</point>
				<point>793.588257,1000.000000</point>
			</points>
		</object>
		<object>
			<coordinate>pixel</coordinate>
			<type>rectangle</type>
			<description>None</description>
			<possibleresult>
				<name>Van</name>
			</possibleresult>
			<points>
				<point>970.461487,1000.000000</point>
				<point>958.846130,1000.000000</point>
				<point>954.999939,994.999939</point>
				<point>962.297302,989.386536</point>
				<point>970.461487,1000.000000</point>
			</points>
		</object>
		<object>
			<coordinate>pixel</coordinate>
			<type>rectangle</type>
			<description>None</description>
			<possibleresult>
				<name>Small Car</name>
			</possibleresult>
			<points>
				<point>977.286133,927.609863</point>
				<point>966.000000,943.000000</point>
				<point>959.713867,938.390137</point>
				<point>971.000000,923.000000</point>
				<point>977.286133,927.609863</point>
			</points>
		</object>
		<object>
			<coordinate>pixel</coordinate>
			<type>rectangle</type>
			<description>None</description>
			<possibleresult>
				<name>Small Car</name>
			</possibleresult>
			<points>
				<point>979.600098,670.800110</point>
				<point>971.000122,688.000061</point>
				<point>963.000122,684.000061</point>
				<point>971.600098,666.800110</point>
				<point>979.600098,670.800110</point>
			</points>
		</object>
		<object>
			<coordinate>pixel</coordinate>
			<type>rectangle</type>
			<description>None</description>
			<possibleresult>
				<name>Van</name>
			</possibleresult>
			<points>
				<point>972.306946,380.284973</point>
				<point>967.000061,386.000061</point>
				<point>953.000061,373.000061</point>
				<point>958.306946,367.284973</point>
				<point>972.306946,380.284973</point>
			</points>
		</object>
		<object>
			<coordinate>pixel</coordinate>
			<type>rectangle</type>
			<description>None</description>
			<possibleresult>
				<name>Small Car</name>
			</possibleresult>
			<points>
				<point>965.999939,384.000000</point>
				<point>961.230652,391.153870</point>
				<point>945.999939,381.000000</point>
				<point>950.769226,373.846130</point>
				<point>965.999939,384.000000</point>
			</points>
		</object>
		<object>
			<coordinate>pixel</coordinate>
			<type>rectangle</type>
			<description>None</description>
			<possibleresult>
				<name>Van</name>
			</possibleresult>
			<points>
				<point>949.000000,400.000061</point>
				<point>944.682983,404.709473</point>
				<point>932.682983,393.709473</point>
				<point>937.000000,389.000061</point>
				<point>949.000000,400.000061</point>
			</points>
		</object>
		<object>
			<coordinate>pixel</coordinate>
			<type>rectangle</type>
			<description>None</description>
			<possibleresult>
				<name>Van</name>
			</possibleresult>
			<points>
				<point>944.000122,406.000061</point>
				<point>938.000122,412.000061</point>
				<point>926.000122,400.000061</point>
				<point>932.000122,394.000061</point>
				<point>944.000122,406.000061</point>
			</points>
		</object>
		<object>
			<coordinate>pixel</coordinate>
			<type>rectangle</type>
			<description>None</description>
			<possibleresult>
				<name>Small Car</name>
			</possibleresult>
			<points>
				<point>899.000061,372.000000</point>
				<point>894.176697,378.138794</point>
				<point>880.176697,367.138794</point>
				<point>885.000061,361.000000</point>
				<point>899.000061,372.000000</point>
			</points>
		</object>
		<object>
			<coordinate>pixel</coordinate>
			<type>rectangle</type>
			<description>None</description>
			<possibleresult>
				<name>Small Car</name>
			</possibleresult>
			<points>
				<point>883.461975,383.544769</point>
				<point>877.999939,389.999969</point>
				<point>864.999939,378.999969</point>
				<point>870.461975,372.544769</point>
				<point>883.461975,383.544769</point>
			</points>
		</object>
		<object>
			<coordinate>pixel</coordinate>
			<type>rectangle</type>
			<description>None</description>
			<possibleresult>
				<name>Van</name>
			</possibleresult>
			<points>
				<point>969.000122,261.000031</point>
				<point>964.000122,266.000031</point>
				<point>952.000122,254.000031</point>
				<point>957.000122,249.000031</point>
				<point>969.000122,261.000031</point>
			</points>
		</object>
		<object>
			<coordinate>pixel</coordinate>
			<type>rectangle</type>
			<description>None</description>
			<possibleresult>
				<name>Small Car</name>
			</possibleresult>
			<points>
				<point>642.627563,197.468933</point>
				<point>629.627563,208.468933</point>
				<point>625.000000,202.999969</point>
				<point>638.000000,191.999969</point>
				<point>642.627563,197.468933</point>
			</points>
		</object>
		<object>
			<coordinate>pixel</coordinate>
			<type>rectangle</type>
			<description>None</description>
			<possibleresult>
				<name>Small Car</name>
			</possibleresult>
			<points>
				<point>633.000061,184.000015</point>
				<point>627.709290,189.731644</point>
				<point>614.709290,177.731644</point>
				<point>620.000061,172.000015</point>
				<point>633.000061,184.000015</point>
			</points>
		</object>
		<object>
			<coordinate>pixel</coordinate>
			<type>rectangle</type>
			<description>None</description>
			<possibleresult>
				<name>Van</name>
			</possibleresult>
			<points>
				<point>614.000061,170.000031</point>
				<point>609.500061,174.500031</point>
				<point>598.500061,163.500031</point>
				<point>603.000061,159.000031</point>
				<point>614.000061,170.000031</point>
			</points>
		</object>
		<object>
			<coordinate>pixel</coordinate>
			<type>rectangle</type>
			<description>None</description>
			<possibleresult>
				<name>Small Car</name>
			</possibleresult>
			<points>
				<point>420.000031,221.000000</point>
				<point>406.097565,232.121948</point>
				<point>401.707306,226.634155</point>
				<point>415.609772,215.512207</point>
				<point>420.000031,221.000000</point>
			</points>
		</object>
		<object>
			<coordinate>pixel</coordinate>
			<type>rectangle</type>
			<description>None</description>
			<possibleresult>
				<name>Small Car</name>
			</possibleresult>
			<points>
				<point>414.290741,212.731598</point>
				<point>401.000031,224.999969</point>
				<point>395.709320,219.268341</point>
				<point>409.000031,206.999969</point>
				<point>414.290741,212.731598</point>
			</points>
		</object>
		<object>
			<coordinate>pixel</coordinate>
			<type>rectangle</type>
			<description>None</description>
			<possibleresult>
				<name>Small Car</name>
			</possibleresult>
			<points>
				<point>409.000000,205.000000</point>
				<point>394.808228,218.178070</point>
				<point>390.000000,213.000000</point>
				<point>404.191772,199.821930</point>
				<point>409.000000,205.000000</point>
			</points>
		</object>
		<object>
			<coordinate>pixel</coordinate>
			<type>rectangle</type>
			<description>None</description>
			<possibleresult>
				<name>Small Car</name>
			</possibleresult>
			<points>
				<point>401.000000,198.000000</point>
				<point>386.337524,209.520508</point>
				<point>382.000000,204.000000</point>
				<point>396.662476,192.479492</point>
				<point>401.000000,198.000000</point>
			</points>
		</object>
		<object>
			<coordinate>pixel</coordinate>
			<type>rectangle</type>
			<description>None</description>
			<possibleresult>
				<name>Small Car</name>
			</possibleresult>
			<points>
				<point>392.000031,191.000046</point>
				<point>380.000031,203.000046</point>
				<point>375.000031,198.000046</point>
				<point>387.000031,186.000046</point>
				<point>392.000031,191.000046</point>
			</points>
		</object>
		<object>
			<coordinate>pixel</coordinate>
			<type>rectangle</type>
			<description>None</description>
			<possibleresult>
				<name>Van</name>
			</possibleresult>
			<points>
				<point>357.999969,238.999985</point>
				<point>353.226410,244.207535</point>
				<point>340.999969,232.999985</point>
				<point>345.773529,227.792435</point>
				<point>357.999969,238.999985</point>
			</points>
		</object>
		<object>
			<coordinate>pixel</coordinate>
			<type>rectangle</type>
			<description>None</description>
			<possibleresult>
				<name>Small Car</name>
			</possibleresult>
			<points>
				<point>343.054413,225.044556</point>
				<point>338.999969,230.000000</point>
				<point>327.945526,220.955444</point>
				<point>331.999969,216.000000</point>
				<point>343.054413,225.044556</point>
			</points>
		</object>
		<object>
			<coordinate>pixel</coordinate>
			<type>rectangle</type>
			<description>None</description>
			<possibleresult>
				<name>Small Car</name>
			</possibleresult>
			<points>
				<point>332.320068,211.240005</point>
				<point>328.000061,217.000015</point>
				<point>315.680054,207.760025</point>
				<point>320.000061,202.000015</point>
				<point>332.320068,211.240005</point>
			</points>
		</object>
		<object>
			<coordinate>pixel</coordinate>
			<type>rectangle</type>
			<description>None</description>
			<possibleresult>
				<name>Van</name>
			</possibleresult>
			<points>
				<point>93.387695,70.021538</point>
				<point>93.000000,76.999992</point>
				<point>74.612305,75.978447</point>
				<point>75.000000,68.999992</point>
				<point>93.387695,70.021538</point>
			</points>
		</object>
	</objects>
</annotation>