<?xml version="1.0" encoding="utf-8"?>
<annotation>
	<source>
		<filename>255.tif</filename>
		<origin>GF2/GF3</origin>
	</source>
	<research>
		<version>1.0</version>
		<provider>FAIR1M</provider>
		<author>Cyber</author>
		<pluginname>FAIR1M</pluginname>
		<pluginclass>object detection</pluginclass>
		<time>2021-07-21</time>
	</research>
	<size>
		<width>1000</width>
		<height>1000</height>
		<depth>3</depth>
	</size>
	<objects>
		<object>
			<coordinate>pixel</coordinate>
			<type>rectangle</type>
			<description>None</description>
			<possibleresult>
				<name>Boeing737</name>
			</possibleresult>
			<points>
				<point>15.000000,230.000000</point>
				<point>40.000000,270.000000</point>
				<point>76.000000,245.000000</point>
				<point>51.000000,207.000000</point>
				<point>15.000000,230.000000</point>
			</points>
		</object>
		<object>
			<coordinate>pixel</coordinate>
			<type>rectangle</type>
			<description>None</description>
			<possibleresult>
				<name>Boeing737</name>
			</possibleresult>
			<points>
				<point>96.000000,177.000000</point>
				<point>121.000000,217.000000</point>
				<point>157.000000,192.000000</point>
				<point>132.000000,153.000000</point>
				<point>96.000000,177.000000</point>
			</points>
		</object>
		<object>
			<coordinate>pixel</coordinate>
			<type>rectangle</type>
			<description>None</description>
			<possibleresult>
				<name>Boeing737</name>
			</possibleresult>
			<points>
				<point>175.000000,127.000000</point>
				<point>201.000000,165.000000</point>
				<point>238.000000,142.000000</point>
				<point>211.000000,103.000000</point>
				<point>175.000000,127.000000</point>
			</points>
		</object>
		<object>
			<coordinate>pixel</coordinate>
			<type>rectangle</type>
			<description>None</description>
			<possibleresult>
				<name>other-airplane</name>
			</possibleresult>
			<points>
				<point>253.000000,72.000000</point>
				<point>278.000000,112.000000</point>
				<point>313.000000,89.000000</point>
				<point>288.000000,51.000000</point>
				<point>253.000000,72.000000</point>
			</points>
		</object>
		<object>
			<coordinate>pixel</coordinate>
			<type>rectangle</type>
			<description>None</description>
			<possibleresult>
				<name>Boeing737</name>
			</possibleresult>
			<points>
				<point>328.000000,40.000000</point>
				<point>353.000000,79.000000</point>
				<point>388.000000,55.000000</point>
				<point>363.000000,17.000000</point>
				<point>328.000000,40.000000</point>
			</points>
		</object>
		<object>
			<coordinate>pixel</coordinate>
			<type>rectangle</type>
			<description>None</description>
			<possibleresult>
				<name>Bridge</name>
			</possibleresult>
			<points>
				<point>749.000000,675.000000</point>
				<point>737.000000,660.000000</point>
				<point>741.000000,657.000000</point>
				<point>752.000000,672.000000</point>
				<point>749.000000,675.000000</point>
			</points>
		</object>
	</objects>
</annotation>