<?xml version="1.0" encoding="utf-8"?>
<annotation>
	<source>
		<filename>263.tif</filename>
		<origin>GF2/GF3</origin>
	</source>
	<research>
		<version>1.0</version>
		<provider>FAIR1M</provider>
		<author>Cyber</author>
		<pluginname>FAIR1M</pluginname>
		<pluginclass>object detection</pluginclass>
		<time>2021-07-21</time>
	</research>
	<size>
		<width>1500</width>
		<height>1500</height>
		<depth>3</depth>
	</size>
	<objects>
		<object>
			<coordinate>pixel</coordinate>
			<type>rectangle</type>
			<description>None</description>
			<possibleresult>
				<name>Liquid Cargo Ship</name>
			</possibleresult>
			<points>
				<point>176.000000,159.000000</point>
				<point>288.000000,209.000000</point>
				<point>296.000000,190.000000</point>
				<point>184.000000,140.000000</point>
				<point>176.000000,159.000000</point>
			</points>
		</object>
		<object>
			<coordinate>pixel</coordinate>
			<type>rectangle</type>
			<description>None</description>
			<possibleresult>
				<name>Fishing Boat</name>
			</possibleresult>
			<points>
				<point>378.000000,334.000000</point>
				<point>390.000000,340.000000</point>
				<point>415.000000,290.000000</point>
				<point>403.000000,284.000000</point>
				<point>378.000000,334.000000</point>
			</points>
		</object>
		<object>
			<coordinate>pixel</coordinate>
			<type>rectangle</type>
			<description>None</description>
			<possibleresult>
				<name>Fishing Boat</name>
			</possibleresult>
			<points>
				<point>388.000000,341.000000</point>
				<point>398.000000,347.000000</point>
				<point>421.000000,300.000000</point>
				<point>413.000000,297.000000</point>
				<point>388.000000,341.000000</point>
			</points>
		</object>
		<object>
			<coordinate>pixel</coordinate>
			<type>rectangle</type>
			<description>None</description>
			<possibleresult>
				<name>Fishing Boat</name>
			</possibleresult>
			<points>
				<point>394.000000,352.000000</point>
				<point>403.000000,359.000000</point>
				<point>430.000000,306.000000</point>
				<point>421.000000,300.000000</point>
				<point>394.000000,352.000000</point>
			</points>
		</object>
		<object>
			<coordinate>pixel</coordinate>
			<type>rectangle</type>
			<description>None</description>
			<possibleresult>
				<name>Fishing Boat</name>
			</possibleresult>
			<points>
				<point>428.000000,333.000000</point>
				<point>432.000000,333.000000</point>
				<point>436.000000,295.000000</point>
				<point>430.000000,295.000000</point>
				<point>428.000000,333.000000</point>
			</points>
		</object>
		<object>
			<coordinate>pixel</coordinate>
			<type>rectangle</type>
			<description>None</description>
			<possibleresult>
				<name>Dry Cargo Ship</name>
			</possibleresult>
			<points>
				<point>776.000000,227.000000</point>
				<point>838.000000,231.000000</point>
				<point>838.000000,218.000000</point>
				<point>776.000000,215.000000</point>
				<point>776.000000,227.000000</point>
			</points>
		</object>
		<object>
			<coordinate>pixel</coordinate>
			<type>rectangle</type>
			<description>None</description>
			<possibleresult>
				<name>Dry Cargo Ship</name>
			</possibleresult>
			<points>
				<point>759.000000,240.000000</point>
				<point>842.000000,245.000000</point>
				<point>842.000000,231.000000</point>
				<point>761.000000,227.000000</point>
				<point>759.000000,240.000000</point>
			</points>
		</object>
		<object>
			<coordinate>pixel</coordinate>
			<type>rectangle</type>
			<description>None</description>
			<possibleresult>
				<name>Dry Cargo Ship</name>
			</possibleresult>
			<points>
				<point>846.000000,245.000000</point>
				<point>767.000000,241.000000</point>
				<point>767.000000,258.000000</point>
				<point>844.000000,263.000000</point>
				<point>846.000000,245.000000</point>
			</points>
		</object>
		<object>
			<coordinate>pixel</coordinate>
			<type>rectangle</type>
			<description>None</description>
			<possibleresult>
				<name>Dry Cargo Ship</name>
			</possibleresult>
			<points>
				<point>842.000000,259.000000</point>
				<point>761.000000,259.000000</point>
				<point>759.000000,275.000000</point>
				<point>842.000000,275.000000</point>
				<point>842.000000,259.000000</point>
			</points>
		</object>
		<object>
			<coordinate>pixel</coordinate>
			<type>rectangle</type>
			<description>None</description>
			<possibleresult>
				<name>Liquid Cargo Ship</name>
			</possibleresult>
			<points>
				<point>601.000000,393.000000</point>
				<point>709.000000,436.000000</point>
				<point>717.000000,418.000000</point>
				<point>609.000000,374.000000</point>
				<point>601.000000,393.000000</point>
			</points>
		</object>
		<object>
			<coordinate>pixel</coordinate>
			<type>rectangle</type>
			<description>None</description>
			<possibleresult>
				<name>Liquid Cargo Ship</name>
			</possibleresult>
			<points>
				<point>594.000000,406.000000</point>
				<point>698.000000,450.000000</point>
				<point>705.000000,436.000000</point>
				<point>600.000000,391.000000</point>
				<point>594.000000,406.000000</point>
			</points>
		</object>
		<object>
			<coordinate>pixel</coordinate>
			<type>rectangle</type>
			<description>None</description>
			<possibleresult>
				<name>Fishing Boat</name>
			</possibleresult>
			<points>
				<point>721.000000,463.000000</point>
				<point>767.000000,481.000000</point>
				<point>771.000000,470.000000</point>
				<point>726.000000,452.000000</point>
				<point>721.000000,463.000000</point>
			</points>
		</object>
		<object>
			<coordinate>pixel</coordinate>
			<type>rectangle</type>
			<description>None</description>
			<possibleresult>
				<name>Liquid Cargo Ship</name>
			</possibleresult>
			<points>
				<point>1061.000000,540.000000</point>
				<point>1109.000000,591.000000</point>
				<point>1121.000000,583.000000</point>
				<point>1073.000000,529.000000</point>
				<point>1061.000000,540.000000</point>
			</points>
		</object>
		<object>
			<coordinate>pixel</coordinate>
			<type>rectangle</type>
			<description>None</description>
			<possibleresult>
				<name>Engineering Ship</name>
			</possibleresult>
			<points>
				<point>1111.000000,666.000000</point>
				<point>1138.000000,679.000000</point>
				<point>1163.000000,625.000000</point>
				<point>1136.000000,613.000000</point>
				<point>1111.000000,666.000000</point>
			</points>
		</object>
		<object>
			<coordinate>pixel</coordinate>
			<type>rectangle</type>
			<description>None</description>
			<possibleresult>
				<name>Fishing Boat</name>
			</possibleresult>
			<points>
				<point>1146.000000,663.000000</point>
				<point>1161.000000,670.000000</point>
				<point>1186.000000,615.000000</point>
				<point>1171.000000,608.000000</point>
				<point>1146.000000,663.000000</point>
			</points>
		</object>
		<object>
			<coordinate>pixel</coordinate>
			<type>rectangle</type>
			<description>None</description>
			<possibleresult>
				<name>Fishing Boat</name>
			</possibleresult>
			<points>
				<point>1167.000000,663.000000</point>
				<point>1180.000000,668.000000</point>
				<point>1196.000000,618.000000</point>
				<point>1184.000000,615.000000</point>
				<point>1167.000000,663.000000</point>
			</points>
		</object>
		<object>
			<coordinate>pixel</coordinate>
			<type>rectangle</type>
			<description>None</description>
			<possibleresult>
				<name>Engineering Ship</name>
			</possibleresult>
			<points>
				<point>1292.000000,613.000000</point>
				<point>1248.000000,668.000000</point>
				<point>1275.000000,686.000000</point>
				<point>1317.000000,633.000000</point>
				<point>1292.000000,613.000000</point>
			</points>
		</object>
		<object>
			<coordinate>pixel</coordinate>
			<type>rectangle</type>
			<description>None</description>
			<possibleresult>
				<name>Tugboat</name>
			</possibleresult>
			<points>
				<point>1278.000000,683.000000</point>
				<point>1286.000000,688.000000</point>
				<point>1309.000000,659.000000</point>
				<point>1301.000000,652.000000</point>
				<point>1278.000000,683.000000</point>
			</points>
		</object>
		<object>
			<coordinate>pixel</coordinate>
			<type>rectangle</type>
			<description>None</description>
			<possibleresult>
				<name>Tugboat</name>
			</possibleresult>
			<points>
				<point>1307.000000,697.000000</point>
				<point>1319.000000,700.000000</point>
				<point>1332.000000,661.000000</point>
				<point>1321.000000,656.000000</point>
				<point>1307.000000,697.000000</point>
			</points>
		</object>
		<object>
			<coordinate>pixel</coordinate>
			<type>rectangle</type>
			<description>None</description>
			<possibleresult>
				<name>Tugboat</name>
			</possibleresult>
			<points>
				<point>1317.000000,704.000000</point>
				<point>1328.000000,709.000000</point>
				<point>1340.000000,670.000000</point>
				<point>1330.000000,668.000000</point>
				<point>1317.000000,704.000000</point>
			</points>
		</object>
		<object>
			<coordinate>pixel</coordinate>
			<type>rectangle</type>
			<description>None</description>
			<possibleresult>
				<name>Dry Cargo Ship</name>
			</possibleresult>
			<points>
				<point>1317.000000,727.000000</point>
				<point>1342.000000,738.000000</point>
				<point>1378.000000,658.000000</point>
				<point>1353.000000,647.000000</point>
				<point>1317.000000,727.000000</point>
			</points>
		</object>
		<object>
			<coordinate>pixel</coordinate>
			<type>rectangle</type>
			<description>None</description>
			<possibleresult>
				<name>Engineering Ship</name>
			</possibleresult>
			<points>
				<point>1344.000000,738.000000</point>
				<point>1371.000000,749.000000</point>
				<point>1392.000000,691.000000</point>
				<point>1365.000000,681.000000</point>
				<point>1344.000000,738.000000</point>
			</points>
		</object>
		<object>
			<coordinate>pixel</coordinate>
			<type>rectangle</type>
			<description>None</description>
			<possibleresult>
				<name>Engineering Ship</name>
			</possibleresult>
			<points>
				<point>1369.000000,749.000000</point>
				<point>1394.000000,758.000000</point>
				<point>1419.000000,693.000000</point>
				<point>1396.000000,684.000000</point>
				<point>1369.000000,749.000000</point>
			</points>
		</object>
		<object>
			<coordinate>pixel</coordinate>
			<type>rectangle</type>
			<description>None</description>
			<possibleresult>
				<name>Engineering Ship</name>
			</possibleresult>
			<points>
				<point>1396.000000,754.000000</point>
				<point>1417.000000,763.000000</point>
				<point>1448.000000,684.000000</point>
				<point>1426.000000,675.000000</point>
				<point>1396.000000,754.000000</point>
			</points>
		</object>
		<object>
			<coordinate>pixel</coordinate>
			<type>rectangle</type>
			<description>None</description>
			<possibleresult>
				<name>Fishing Boat</name>
			</possibleresult>
			<points>
				<point>1425.000000,745.000000</point>
				<point>1438.000000,750.000000</point>
				<point>1455.000000,706.000000</point>
				<point>1442.000000,700.000000</point>
				<point>1425.000000,745.000000</point>
			</points>
		</object>
		<object>
			<coordinate>pixel</coordinate>
			<type>rectangle</type>
			<description>None</description>
			<possibleresult>
				<name>Fishing Boat</name>
			</possibleresult>
			<points>
				<point>1442.000000,756.000000</point>
				<point>1493.000000,779.000000</point>
				<point>1499.000000,767.000000</point>
				<point>1448.000000,743.000000</point>
				<point>1442.000000,756.000000</point>
			</points>
		</object>
		<object>
			<coordinate>pixel</coordinate>
			<type>rectangle</type>
			<description>None</description>
			<possibleresult>
				<name>Fishing Boat</name>
			</possibleresult>
			<points>
				<point>1438.000000,768.000000</point>
				<point>1490.000000,793.000000</point>
				<point>1496.000000,781.000000</point>
				<point>1444.000000,754.000000</point>
				<point>1438.000000,768.000000</point>
			</points>
		</object>
		<object>
			<coordinate>pixel</coordinate>
			<type>rectangle</type>
			<description>None</description>
			<possibleresult>
				<name>Fishing Boat</name>
			</possibleresult>
			<points>
				<point>1428.000000,775.000000</point>
				<point>1484.000000,800.000000</point>
				<point>1490.000000,790.000000</point>
				<point>1434.000000,765.000000</point>
				<point>1428.000000,775.000000</point>
			</points>
		</object>
	</objects>
</annotation>