<?xml version="1.0" encoding="utf-8"?>
<annotation>
	<source>
		<filename>266.tif</filename>
		<origin>GF2/GF3</origin>
	</source>
	<research>
		<version>1.0</version>
		<provider>FAIR1M</provider>
		<author>Cyber</author>
		<pluginname>FAIR1M</pluginname>
		<pluginclass>object detection</pluginclass>
		<time>2021-07-21</time>
	</research>
	<size>
		<width>1000</width>
		<height>1000</height>
		<depth>3</depth>
	</size>
	<objects>
		<object>
			<coordinate>pixel</coordinate>
			<type>rectangle</type>
			<description>None</description>
			<possibleresult>
				<name>Football Field</name>
			</possibleresult>
			<points>
				<point>414.000000,261.000000</point>
				<point>212.000000,262.000000</point>
				<point>211.000000,16.000000</point>
				<point>413.000000,15.000000</point>
				<point>414.000000,261.000000</point>
			</points>
		</object>
		<object>
			<coordinate>pixel</coordinate>
			<type>rectangle</type>
			<description>None</description>
			<possibleresult>
				<name>Tennis Court</name>
			</possibleresult>
			<points>
				<point>498.000000,343.000000</point>
				<point>493.000000,424.000000</point>
				<point>444.000000,422.000000</point>
				<point>450.000000,341.000000</point>
				<point>498.000000,343.000000</point>
			</points>
		</object>
		<object>
			<coordinate>pixel</coordinate>
			<type>rectangle</type>
			<description>None</description>
			<possibleresult>
				<name>Tennis Court</name>
			</possibleresult>
			<points>
				<point>432.000000,341.000000</point>
				<point>425.000000,423.000000</point>
				<point>378.000000,419.000000</point>
				<point>385.000000,336.000000</point>
				<point>432.000000,341.000000</point>
			</points>
		</object>
		<object>
			<coordinate>pixel</coordinate>
			<type>rectangle</type>
			<description>None</description>
			<possibleresult>
				<name>Tennis Court</name>
			</possibleresult>
			<points>
				<point>330.000000,338.000000</point>
				<point>325.000000,419.000000</point>
				<point>276.000000,417.000000</point>
				<point>280.000000,335.000000</point>
				<point>330.000000,338.000000</point>
			</points>
		</object>
		<object>
			<coordinate>pixel</coordinate>
			<type>rectangle</type>
			<description>None</description>
			<possibleresult>
				<name>Tennis Court</name>
			</possibleresult>
			<points>
				<point>267.000000,334.000000</point>
				<point>261.000000,417.000000</point>
				<point>212.000000,414.000000</point>
				<point>217.000000,330.000000</point>
				<point>267.000000,334.000000</point>
			</points>
		</object>
		<object>
			<coordinate>pixel</coordinate>
			<type>rectangle</type>
			<description>None</description>
			<possibleresult>
				<name>Football Field</name>
			</possibleresult>
			<points>
				<point>187.000000,240.000000</point>
				<point>0.000000,242.000000</point>
				<point>0.000000,0.000000</point>
				<point>184.000000,0.000000</point>
				<point>187.000000,240.000000</point>
			</points>
		</object>
		<object>
			<coordinate>pixel</coordinate>
			<type>rectangle</type>
			<description>None</description>
			<possibleresult>
				<name>Football Field</name>
			</possibleresult>
			<points>
				<point>639.000000,16.000000</point>
				<point>638.000000,264.000000</point>
				<point>436.000000,263.000000</point>
				<point>438.000000,16.000000</point>
				<point>639.000000,16.000000</point>
			</points>
		</object>
		<object>
			<coordinate>pixel</coordinate>
			<type>rectangle</type>
			<description>None</description>
			<possibleresult>
				<name>Van</name>
			</possibleresult>
			<points>
				<point>855.000000,744.000000</point>
				<point>853.000000,752.000000</point>
				<point>831.000000,745.000000</point>
				<point>834.000000,738.000000</point>
				<point>855.000000,744.000000</point>
			</points>
		</object>
		<object>
			<coordinate>pixel</coordinate>
			<type>rectangle</type>
			<description>None</description>
			<possibleresult>
				<name>Van</name>
			</possibleresult>
			<points>
				<point>0.000000,924.000000</point>
				<point>0.000000,916.000000</point>
				<point>6.000000,915.000000</point>
				<point>6.000000,924.000000</point>
				<point>0.000000,924.000000</point>
			</points>
		</object>
		<object>
			<coordinate>pixel</coordinate>
			<type>rectangle</type>
			<description>None</description>
			<possibleresult>
				<name>Van</name>
			</possibleresult>
			<points>
				<point>927.000000,953.000000</point>
				<point>926.000000,962.000000</point>
				<point>903.000000,958.000000</point>
				<point>905.000000,950.000000</point>
				<point>927.000000,953.000000</point>
			</points>
		</object>
	</objects>
</annotation>