<?xml version="1.0" encoding="utf-8"?>
<annotation>
	<source>
		<filename>268.tif</filename>
		<origin>GF2/GF3</origin>
	</source>
	<research>
		<version>1.0</version>
		<provider>FAIR1M</provider>
		<author>Cyber</author>
		<pluginname>FAIR1M</pluginname>
		<pluginclass>object detection</pluginclass>
		<time>2021-07-21</time>
	</research>
	<size>
		<width>1000</width>
		<height>1000</height>
		<depth>3</depth>
	</size>
	<objects>
		<object>
			<coordinate>pixel</coordinate>
			<type>rectangle</type>
			<description>None</description>
			<possibleresult>
				<name>A321</name>
			</possibleresult>
			<points>
				<point>15.000000,761.000000</point>
				<point>91.000000,731.000000</point>
				<point>65.000000,666.000000</point>
				<point>-11.000000,697.000000</point>
				<point>15.000000,761.000000</point>
			</points>
		</object>
		<object>
			<coordinate>pixel</coordinate>
			<type>rectangle</type>
			<description>None</description>
			<possibleresult>
				<name>Boeing737</name>
			</possibleresult>
			<points>
				<point>72.000000,853.000000</point>
				<point>127.000000,831.000000</point>
				<point>106.000000,782.000000</point>
				<point>52.000000,804.000000</point>
				<point>72.000000,853.000000</point>
			</points>
		</object>
		<object>
			<coordinate>pixel</coordinate>
			<type>rectangle</type>
			<description>None</description>
			<possibleresult>
				<name>A220</name>
			</possibleresult>
			<points>
				<point>121.000000,936.000000</point>
				<point>181.000000,912.000000</point>
				<point>163.000000,863.000000</point>
				<point>102.000000,887.000000</point>
				<point>121.000000,936.000000</point>
			</points>
		</object>
		<object>
			<coordinate>pixel</coordinate>
			<type>rectangle</type>
			<description>None</description>
			<possibleresult>
				<name>Boeing737</name>
			</possibleresult>
			<points>
				<point>218.000000,388.000000</point>
				<point>165.000000,413.000000</point>
				<point>188.000000,460.000000</point>
				<point>241.000000,435.000000</point>
				<point>218.000000,388.000000</point>
			</points>
		</object>
		<object>
			<coordinate>pixel</coordinate>
			<type>rectangle</type>
			<description>None</description>
			<possibleresult>
				<name>Boeing747</name>
			</possibleresult>
			<points>
				<point>292.000000,471.000000</point>
				<point>181.000000,525.000000</point>
				<point>230.000000,629.000000</point>
				<point>343.000000,575.000000</point>
				<point>292.000000,471.000000</point>
			</points>
		</object>
		<object>
			<coordinate>pixel</coordinate>
			<type>rectangle</type>
			<description>None</description>
			<possibleresult>
				<name>A321</name>
			</possibleresult>
			<points>
				<point>334.000000,636.000000</point>
				<point>260.000000,672.000000</point>
				<point>290.000000,734.000000</point>
				<point>364.000000,698.000000</point>
				<point>334.000000,636.000000</point>
			</points>
		</object>
		<object>
			<coordinate>pixel</coordinate>
			<type>rectangle</type>
			<description>None</description>
			<possibleresult>
				<name>A321</name>
			</possibleresult>
			<points>
				<point>383.000000,720.000000</point>
				<point>309.000000,756.000000</point>
				<point>339.000000,819.000000</point>
				<point>414.000000,783.000000</point>
				<point>383.000000,720.000000</point>
			</points>
		</object>
		<object>
			<coordinate>pixel</coordinate>
			<type>rectangle</type>
			<description>None</description>
			<possibleresult>
				<name>A321</name>
			</possibleresult>
			<points>
				<point>448.000000,828.000000</point>
				<point>375.000000,864.000000</point>
				<point>405.000000,927.000000</point>
				<point>478.000000,891.000000</point>
				<point>448.000000,828.000000</point>
			</points>
		</object>
		<object>
			<coordinate>pixel</coordinate>
			<type>rectangle</type>
			<description>None</description>
			<possibleresult>
				<name>other-airplane</name>
			</possibleresult>
			<points>
				<point>489.000000,925.000000</point>
				<point>435.000000,951.000000</point>
				<point>457.000000,997.000000</point>
				<point>511.000000,971.000000</point>
				<point>489.000000,925.000000</point>
			</points>
		</object>
		<object>
			<coordinate>pixel</coordinate>
			<type>rectangle</type>
			<description>None</description>
			<possibleresult>
				<name>Intersection</name>
			</possibleresult>
			<points>
				<point>892.000000,168.000000</point>
				<point>892.000000,91.000000</point>
				<point>978.000000,91.000000</point>
				<point>978.000000,168.000000</point>
				<point>892.000000,168.000000</point>
			</points>
		</object>
	</objects>
</annotation>