<?xml version="1.0" encoding="utf-8"?>
<annotation>
	<source>
		<filename>297.tif</filename>
		<origin>GF2/GF3</origin>
	</source>
	<research>
		<version>1.0</version>
		<provider>FAIR1M</provider>
		<author>Cyber</author>
		<pluginname>FAIR1M</pluginname>
		<pluginclass>object detection</pluginclass>
		<time>2021-07-21</time>
	</research>
	<size>
		<width>1000</width>
		<height>1000</height>
		<depth>3</depth>
	</size>
	<objects>
		<object>
			<coordinate>pixel</coordinate>
			<type>rectangle</type>
			<description>None</description>
			<possibleresult>
				<name>other-vehicle</name>
			</possibleresult>
			<points>
				<point>538.000000,681.000000</point>
				<point>526.000000,689.000000</point>
				<point>523.000000,684.000000</point>
				<point>534.000000,675.000000</point>
				<point>538.000000,681.000000</point>
			</points>
		</object>
		<object>
			<coordinate>pixel</coordinate>
			<type>rectangle</type>
			<description>None</description>
			<possibleresult>
				<name>Van</name>
			</possibleresult>
			<points>
				<point>946.000000,475.000000</point>
				<point>927.000000,476.000000</point>
				<point>927.000000,469.000000</point>
				<point>946.000000,468.000000</point>
				<point>946.000000,475.000000</point>
			</points>
		</object>
		<object>
			<coordinate>pixel</coordinate>
			<type>rectangle</type>
			<description>None</description>
			<possibleresult>
				<name>Small Car</name>
			</possibleresult>
			<points>
				<point>749.000000,440.000000</point>
				<point>738.000000,459.000000</point>
				<point>729.000000,454.000000</point>
				<point>739.000000,434.000000</point>
				<point>749.000000,440.000000</point>
			</points>
		</object>
		<object>
			<coordinate>pixel</coordinate>
			<type>rectangle</type>
			<description>None</description>
			<possibleresult>
				<name>Small Car</name>
			</possibleresult>
			<points>
				<point>764.000000,403.000000</point>
				<point>756.000000,421.000000</point>
				<point>749.000000,418.000000</point>
				<point>756.000000,399.000000</point>
				<point>764.000000,403.000000</point>
			</points>
		</object>
		<object>
			<coordinate>pixel</coordinate>
			<type>rectangle</type>
			<description>None</description>
			<possibleresult>
				<name>Dump Truck</name>
			</possibleresult>
			<points>
				<point>743.000000,308.000000</point>
				<point>739.000000,320.000000</point>
				<point>712.000000,311.000000</point>
				<point>716.000000,299.000000</point>
				<point>743.000000,308.000000</point>
			</points>
		</object>
		<object>
			<coordinate>pixel</coordinate>
			<type>rectangle</type>
			<description>None</description>
			<possibleresult>
				<name>Dump Truck</name>
			</possibleresult>
			<points>
				<point>775.000000,318.000000</point>
				<point>772.000000,328.000000</point>
				<point>742.000000,320.000000</point>
				<point>745.000000,310.000000</point>
				<point>775.000000,318.000000</point>
			</points>
		</object>
		<object>
			<coordinate>pixel</coordinate>
			<type>rectangle</type>
			<description>None</description>
			<possibleresult>
				<name>Van</name>
			</possibleresult>
			<points>
				<point>781.000000,238.000000</point>
				<point>778.000000,246.000000</point>
				<point>756.000000,237.000000</point>
				<point>760.000000,230.000000</point>
				<point>781.000000,238.000000</point>
			</points>
		</object>
		<object>
			<coordinate>pixel</coordinate>
			<type>rectangle</type>
			<description>None</description>
			<possibleresult>
				<name>Small Car</name>
			</possibleresult>
			<points>
				<point>806.000000,242.000000</point>
				<point>804.000000,249.000000</point>
				<point>782.000000,244.000000</point>
				<point>783.000000,236.000000</point>
				<point>806.000000,242.000000</point>
			</points>
		</object>
		<object>
			<coordinate>pixel</coordinate>
			<type>rectangle</type>
			<description>None</description>
			<possibleresult>
				<name>Dump Truck</name>
			</possibleresult>
			<points>
				<point>873.000000,167.000000</point>
				<point>860.000000,195.000000</point>
				<point>849.000000,190.000000</point>
				<point>863.000000,163.000000</point>
				<point>873.000000,167.000000</point>
			</points>
		</object>
		<object>
			<coordinate>pixel</coordinate>
			<type>rectangle</type>
			<description>None</description>
			<possibleresult>
				<name>Small Car</name>
			</possibleresult>
			<points>
				<point>886.000000,151.000000</point>
				<point>875.000000,168.000000</point>
				<point>864.000000,161.000000</point>
				<point>875.000000,144.000000</point>
				<point>886.000000,151.000000</point>
			</points>
		</object>
		<object>
			<coordinate>pixel</coordinate>
			<type>rectangle</type>
			<description>None</description>
			<possibleresult>
				<name>Dump Truck</name>
			</possibleresult>
			<points>
				<point>857.000000,115.000000</point>
				<point>854.000000,123.000000</point>
				<point>827.000000,112.000000</point>
				<point>829.000000,105.000000</point>
				<point>857.000000,115.000000</point>
			</points>
		</object>
		<object>
			<coordinate>pixel</coordinate>
			<type>rectangle</type>
			<description>None</description>
			<possibleresult>
				<name>Dump Truck</name>
			</possibleresult>
			<points>
				<point>875.000000,74.000000</point>
				<point>872.000000,83.000000</point>
				<point>851.000000,74.000000</point>
				<point>854.000000,65.000000</point>
				<point>875.000000,74.000000</point>
			</points>
		</object>
		<object>
			<coordinate>pixel</coordinate>
			<type>rectangle</type>
			<description>None</description>
			<possibleresult>
				<name>Cargo Truck</name>
			</possibleresult>
			<points>
				<point>826.000000,68.000000</point>
				<point>823.000000,76.000000</point>
				<point>794.000000,66.000000</point>
				<point>796.000000,57.000000</point>
				<point>826.000000,68.000000</point>
			</points>
		</object>
		<object>
			<coordinate>pixel</coordinate>
			<type>rectangle</type>
			<description>None</description>
			<possibleresult>
				<name>Small Car</name>
			</possibleresult>
			<points>
				<point>398.000000,59.000000</point>
				<point>370.000000,59.000000</point>
				<point>370.000000,49.000000</point>
				<point>398.000000,49.000000</point>
				<point>398.000000,59.000000</point>
			</points>
		</object>
		<object>
			<coordinate>pixel</coordinate>
			<type>rectangle</type>
			<description>None</description>
			<possibleresult>
				<name>Small Car</name>
			</possibleresult>
			<points>
				<point>458.000000,432.000000</point>
				<point>450.000000,434.000000</point>
				<point>447.000000,418.000000</point>
				<point>455.000000,416.000000</point>
				<point>458.000000,432.000000</point>
			</points>
		</object>
		<object>
			<coordinate>pixel</coordinate>
			<type>rectangle</type>
			<description>None</description>
			<possibleresult>
				<name>Dump Truck</name>
			</possibleresult>
			<points>
				<point>424.000000,484.000000</point>
				<point>397.000000,486.000000</point>
				<point>396.000000,478.000000</point>
				<point>423.000000,476.000000</point>
				<point>424.000000,484.000000</point>
			</points>
		</object>
		<object>
			<coordinate>pixel</coordinate>
			<type>rectangle</type>
			<description>None</description>
			<possibleresult>
				<name>Small Car</name>
			</possibleresult>
			<points>
				<point>460.000000,539.000000</point>
				<point>449.000000,541.000000</point>
				<point>446.000000,521.000000</point>
				<point>457.000000,519.000000</point>
				<point>460.000000,539.000000</point>
			</points>
		</object>
		<object>
			<coordinate>pixel</coordinate>
			<type>rectangle</type>
			<description>None</description>
			<possibleresult>
				<name>Small Car</name>
			</possibleresult>
			<points>
				<point>492.000000,506.000000</point>
				<point>491.000000,514.000000</point>
				<point>467.000000,511.000000</point>
				<point>468.000000,503.000000</point>
				<point>492.000000,506.000000</point>
			</points>
		</object>
		<object>
			<coordinate>pixel</coordinate>
			<type>rectangle</type>
			<description>None</description>
			<possibleresult>
				<name>Small Car</name>
			</possibleresult>
			<points>
				<point>264.000000,492.000000</point>
				<point>260.000000,497.000000</point>
				<point>247.000000,487.000000</point>
				<point>251.000000,482.000000</point>
				<point>264.000000,492.000000</point>
			</points>
		</object>
		<object>
			<coordinate>pixel</coordinate>
			<type>rectangle</type>
			<description>None</description>
			<possibleresult>
				<name>Small Car</name>
			</possibleresult>
			<points>
				<point>253.000000,499.000000</point>
				<point>250.000000,504.000000</point>
				<point>236.000000,495.000000</point>
				<point>239.000000,490.000000</point>
				<point>253.000000,499.000000</point>
			</points>
		</object>
		<object>
			<coordinate>pixel</coordinate>
			<type>rectangle</type>
			<description>None</description>
			<possibleresult>
				<name>Dump Truck</name>
			</possibleresult>
			<points>
				<point>192.000000,574.000000</point>
				<point>188.000000,582.000000</point>
				<point>165.000000,569.000000</point>
				<point>170.000000,561.000000</point>
				<point>192.000000,574.000000</point>
			</points>
		</object>
		<object>
			<coordinate>pixel</coordinate>
			<type>rectangle</type>
			<description>None</description>
			<possibleresult>
				<name>Van</name>
			</possibleresult>
			<points>
				<point>72.000000,737.000000</point>
				<point>68.000000,761.000000</point>
				<point>56.000000,759.000000</point>
				<point>60.000000,735.000000</point>
				<point>72.000000,737.000000</point>
			</points>
		</object>
		<object>
			<coordinate>pixel</coordinate>
			<type>rectangle</type>
			<description>None</description>
			<possibleresult>
				<name>Dump Truck</name>
			</possibleresult>
			<points>
				<point>59.000000,874.000000</point>
				<point>30.000000,879.000000</point>
				<point>28.000000,872.000000</point>
				<point>58.000000,866.000000</point>
				<point>59.000000,874.000000</point>
			</points>
		</object>
		<object>
			<coordinate>pixel</coordinate>
			<type>rectangle</type>
			<description>None</description>
			<possibleresult>
				<name>Van</name>
			</possibleresult>
			<points>
				<point>24.000000,833.000000</point>
				<point>24.000000,839.000000</point>
				<point>9.000000,838.000000</point>
				<point>9.000000,832.000000</point>
				<point>24.000000,833.000000</point>
			</points>
		</object>
		<object>
			<coordinate>pixel</coordinate>
			<type>rectangle</type>
			<description>None</description>
			<possibleresult>
				<name>Van</name>
			</possibleresult>
			<points>
				<point>167.000000,839.000000</point>
				<point>147.000000,841.000000</point>
				<point>146.000000,833.000000</point>
				<point>166.000000,831.000000</point>
				<point>167.000000,839.000000</point>
			</points>
		</object>
		<object>
			<coordinate>pixel</coordinate>
			<type>rectangle</type>
			<description>None</description>
			<possibleresult>
				<name>Dump Truck</name>
			</possibleresult>
			<points>
				<point>126.000000,890.000000</point>
				<point>115.000000,896.000000</point>
				<point>103.000000,876.000000</point>
				<point>114.000000,870.000000</point>
				<point>126.000000,890.000000</point>
			</points>
		</object>
		<object>
			<coordinate>pixel</coordinate>
			<type>rectangle</type>
			<description>None</description>
			<possibleresult>
				<name>Small Car</name>
			</possibleresult>
			<points>
				<point>487.000000,948.000000</point>
				<point>481.000000,958.000000</point>
				<point>459.000000,943.000000</point>
				<point>466.000000,934.000000</point>
				<point>487.000000,948.000000</point>
			</points>
		</object>
		<object>
			<coordinate>pixel</coordinate>
			<type>rectangle</type>
			<description>None</description>
			<possibleresult>
				<name>Small Car</name>
			</possibleresult>
			<points>
				<point>549.000000,818.000000</point>
				<point>537.000000,831.000000</point>
				<point>532.000000,826.000000</point>
				<point>544.000000,813.000000</point>
				<point>549.000000,818.000000</point>
			</points>
		</object>
		<object>
			<coordinate>pixel</coordinate>
			<type>rectangle</type>
			<description>None</description>
			<possibleresult>
				<name>Van</name>
			</possibleresult>
			<points>
				<point>568.000000,799.000000</point>
				<point>555.000000,814.000000</point>
				<point>547.000000,807.000000</point>
				<point>560.000000,792.000000</point>
				<point>568.000000,799.000000</point>
			</points>
		</object>
		<object>
			<coordinate>pixel</coordinate>
			<type>rectangle</type>
			<description>None</description>
			<possibleresult>
				<name>Dump Truck</name>
			</possibleresult>
			<points>
				<point>615.000000,741.000000</point>
				<point>601.000000,760.000000</point>
				<point>592.000000,753.000000</point>
				<point>607.000000,735.000000</point>
				<point>615.000000,741.000000</point>
			</points>
		</object>
		<object>
			<coordinate>pixel</coordinate>
			<type>rectangle</type>
			<description>None</description>
			<possibleresult>
				<name>Dump Truck</name>
			</possibleresult>
			<points>
				<point>639.000000,714.000000</point>
				<point>622.000000,733.000000</point>
				<point>613.000000,725.000000</point>
				<point>630.000000,706.000000</point>
				<point>639.000000,714.000000</point>
			</points>
		</object>
		<object>
			<coordinate>pixel</coordinate>
			<type>rectangle</type>
			<description>None</description>
			<possibleresult>
				<name>Van</name>
			</possibleresult>
			<points>
				<point>672.000000,667.000000</point>
				<point>659.000000,684.000000</point>
				<point>650.000000,677.000000</point>
				<point>662.000000,659.000000</point>
				<point>672.000000,667.000000</point>
			</points>
		</object>
		<object>
			<coordinate>pixel</coordinate>
			<type>rectangle</type>
			<description>None</description>
			<possibleresult>
				<name>Small Car</name>
			</possibleresult>
			<points>
				<point>743.000000,651.000000</point>
				<point>740.000000,659.000000</point>
				<point>719.000000,650.000000</point>
				<point>723.000000,643.000000</point>
				<point>743.000000,651.000000</point>
			</points>
		</object>
		<object>
			<coordinate>pixel</coordinate>
			<type>rectangle</type>
			<description>None</description>
			<possibleresult>
				<name>Small Car</name>
			</possibleresult>
			<points>
				<point>726.000000,1000.000000</point>
				<point>726.000000,1000.000000</point>
				<point>726.000000,1000.000000</point>
				<point>726.000000,1000.000000</point>
				<point>726.000000,1000.000000</point>
			</points>
		</object>
		<object>
			<coordinate>pixel</coordinate>
			<type>rectangle</type>
			<description>None</description>
			<possibleresult>
				<name>Small Car</name>
			</possibleresult>
			<points>
				<point>162.000000,210.000000</point>
				<point>156.000000,219.000000</point>
				<point>138.000000,205.000000</point>
				<point>143.000000,197.000000</point>
				<point>162.000000,210.000000</point>
			</points>
		</object>
		<object>
			<coordinate>pixel</coordinate>
			<type>rectangle</type>
			<description>None</description>
			<possibleresult>
				<name>Van</name>
			</possibleresult>
			<points>
				<point>170.000000,204.000000</point>
				<point>166.000000,212.000000</point>
				<point>148.000000,201.000000</point>
				<point>152.000000,193.000000</point>
				<point>170.000000,204.000000</point>
			</points>
		</object>
		<object>
			<coordinate>pixel</coordinate>
			<type>rectangle</type>
			<description>None</description>
			<possibleresult>
				<name>Small Car</name>
			</possibleresult>
			<points>
				<point>112.000000,126.000000</point>
				<point>107.000000,133.000000</point>
				<point>87.000000,119.000000</point>
				<point>92.000000,112.000000</point>
				<point>112.000000,126.000000</point>
			</points>
		</object>
		<object>
			<coordinate>pixel</coordinate>
			<type>rectangle</type>
			<description>None</description>
			<possibleresult>
				<name>Small Car</name>
			</possibleresult>
			<points>
				<point>152.000000,85.000000</point>
				<point>147.000000,94.000000</point>
				<point>127.000000,83.000000</point>
				<point>131.000000,73.000000</point>
				<point>152.000000,85.000000</point>
			</points>
		</object>
		<object>
			<coordinate>pixel</coordinate>
			<type>rectangle</type>
			<description>None</description>
			<possibleresult>
				<name>Van</name>
			</possibleresult>
			<points>
				<point>405.000000,43.000000</point>
				<point>383.000000,48.000000</point>
				<point>381.000000,40.000000</point>
				<point>404.000000,36.000000</point>
				<point>405.000000,43.000000</point>
			</points>
		</object>
		<object>
			<coordinate>pixel</coordinate>
			<type>rectangle</type>
			<description>None</description>
			<possibleresult>
				<name>Van</name>
			</possibleresult>
			<points>
				<point>633.000000,795.000000</point>
				<point>631.000000,802.000000</point>
				<point>615.000000,796.000000</point>
				<point>617.000000,789.000000</point>
				<point>633.000000,795.000000</point>
			</points>
		</object>
		<object>
			<coordinate>pixel</coordinate>
			<type>rectangle</type>
			<description>None</description>
			<possibleresult>
				<name>Small Car</name>
			</possibleresult>
			<points>
				<point>235.000000,619.000000</point>
				<point>215.000000,633.000000</point>
				<point>209.000000,623.000000</point>
				<point>229.000000,609.000000</point>
				<point>235.000000,619.000000</point>
			</points>
		</object>
		<object>
			<coordinate>pixel</coordinate>
			<type>rectangle</type>
			<description>None</description>
			<possibleresult>
				<name>Small Car</name>
			</possibleresult>
			<points>
				<point>212.000000,636.000000</point>
				<point>194.000000,648.000000</point>
				<point>188.000000,639.000000</point>
				<point>207.000000,628.000000</point>
				<point>212.000000,636.000000</point>
			</points>
		</object>
		<object>
			<coordinate>pixel</coordinate>
			<type>rectangle</type>
			<description>None</description>
			<possibleresult>
				<name>Motorboat</name>
			</possibleresult>
			<points>
				<point>153.000000,822.000000</point>
				<point>139.000000,835.000000</point>
				<point>131.000000,826.000000</point>
				<point>145.000000,813.000000</point>
				<point>153.000000,822.000000</point>
			</points>
		</object>
		<object>
			<coordinate>pixel</coordinate>
			<type>rectangle</type>
			<description>None</description>
			<possibleresult>
				<name>Van</name>
			</possibleresult>
			<points>
				<point>992.000000,500.000000</point>
				<point>991.000000,517.000000</point>
				<point>981.000000,516.000000</point>
				<point>983.000000,500.000000</point>
				<point>992.000000,500.000000</point>
			</points>
		</object>
	</objects>
</annotation>