<?xml version="1.0" encoding="utf-8"?>
<annotation>
	<source>
		<filename>317.tif</filename>
		<origin>GF2/GF3</origin>
	</source>
	<research>
		<version>1.0</version>
		<provider>FAIR1M</provider>
		<author>Cyber</author>
		<pluginname>FAIR1M</pluginname>
		<pluginclass>object detection</pluginclass>
		<time>2021-07-21</time>
	</research>
	<size>
		<width>1500</width>
		<height>1500</height>
		<depth>3</depth>
	</size>
	<objects>
		<object>
			<coordinate>pixel</coordinate>
			<type>rectangle</type>
			<description>None</description>
			<possibleresult>
				<name>Dry Cargo Ship</name>
			</possibleresult>
			<points>
				<point>1252.000000,14.000000</point>
				<point>883.000000,11.000000</point>
				<point>882.000000,63.000000</point>
				<point>1251.000000,68.000000</point>
				<point>1252.000000,14.000000</point>
			</points>
		</object>
		<object>
			<coordinate>pixel</coordinate>
			<type>rectangle</type>
			<description>None</description>
			<possibleresult>
				<name>Dry Cargo Ship</name>
			</possibleresult>
			<points>
				<point>433.000000,438.000000</point>
				<point>867.000000,444.000000</point>
				<point>868.000000,384.000000</point>
				<point>434.000000,379.000000</point>
				<point>433.000000,438.000000</point>
			</points>
		</object>
		<object>
			<coordinate>pixel</coordinate>
			<type>rectangle</type>
			<description>None</description>
			<possibleresult>
				<name>Dry Cargo Ship</name>
			</possibleresult>
			<points>
				<point>1499.000000,950.000000</point>
				<point>1133.000000,948.000000</point>
				<point>1132.000000,1004.000000</point>
				<point>1498.000000,1005.000000</point>
				<point>1499.000000,950.000000</point>
			</points>
		</object>
	</objects>
</annotation>