<?xml version="1.0" encoding="utf-8"?>
<annotation>
	<source>
		<filename>324.tif</filename>
		<origin>GF2/GF3</origin>
	</source>
	<research>
		<version>1.0</version>
		<provider>FAIR1M</provider>
		<author>Cyber</author>
		<pluginname>FAIR1M</pluginname>
		<pluginclass>object detection</pluginclass>
		<time>2021-07-21</time>
	</research>
	<size>
		<width>1000</width>
		<height>1000</height>
		<depth>3</depth>
	</size>
	<objects>
		<object>
			<coordinate>pixel</coordinate>
			<type>rectangle</type>
			<description>None</description>
			<possibleresult>
				<name>other-airplane</name>
			</possibleresult>
			<points>
				<point>541.000000,480.000000</point>
				<point>521.000000,437.000000</point>
				<point>484.000000,455.000000</point>
				<point>504.000000,497.000000</point>
				<point>541.000000,480.000000</point>
			</points>
		</object>
		<object>
			<coordinate>pixel</coordinate>
			<type>rectangle</type>
			<description>None</description>
			<possibleresult>
				<name>other-airplane</name>
			</possibleresult>
			<points>
				<point>701.000000,387.000000</point>
				<point>716.000000,415.000000</point>
				<point>742.000000,401.000000</point>
				<point>728.000000,373.000000</point>
				<point>701.000000,387.000000</point>
			</points>
		</object>
		<object>
			<coordinate>pixel</coordinate>
			<type>rectangle</type>
			<description>None</description>
			<possibleresult>
				<name>Boeing747</name>
			</possibleresult>
			<points>
				<point>707.000000,526.000000</point>
				<point>624.000000,566.000000</point>
				<point>662.000000,645.000000</point>
				<point>745.000000,605.000000</point>
				<point>707.000000,526.000000</point>
			</points>
		</object>
		<object>
			<coordinate>pixel</coordinate>
			<type>rectangle</type>
			<description>None</description>
			<possibleresult>
				<name>other-airplane</name>
			</possibleresult>
			<points>
				<point>806.000000,533.000000</point>
				<point>786.000000,490.000000</point>
				<point>748.000000,508.000000</point>
				<point>768.000000,551.000000</point>
				<point>806.000000,533.000000</point>
			</points>
		</object>
		<object>
			<coordinate>pixel</coordinate>
			<type>rectangle</type>
			<description>None</description>
			<possibleresult>
				<name>Boeing737</name>
			</possibleresult>
			<points>
				<point>855.000000,508.000000</point>
				<point>831.000000,456.000000</point>
				<point>787.000000,476.000000</point>
				<point>811.000000,528.000000</point>
				<point>855.000000,508.000000</point>
			</points>
		</object>
	</objects>
</annotation>