<?xml version="1.0" encoding="utf-8"?>
<annotation>
	<source>
		<filename>328.tif</filename>
		<origin>GF2/GF3</origin>
	</source>
	<research>
		<version>1.0</version>
		<provider>FAIR1M</provider>
		<author>Cyber</author>
		<pluginname>FAIR1M</pluginname>
		<pluginclass>object detection</pluginclass>
		<time>2021-07-21</time>
	</research>
	<size>
		<width>1000</width>
		<height>1000</height>
		<depth>3</depth>
	</size>
	<objects>
		<object>
			<coordinate>pixel</coordinate>
			<type>rectangle</type>
			<description>None</description>
			<possibleresult>
				<name>Intersection</name>
			</possibleresult>
			<points>
				<point>637.000000,733.000000</point>
				<point>595.000000,747.000000</point>
				<point>584.000000,713.000000</point>
				<point>627.000000,700.000000</point>
				<point>637.000000,733.000000</point>
			</points>
		</object>
		<object>
			<coordinate>pixel</coordinate>
			<type>rectangle</type>
			<description>None</description>
			<possibleresult>
				<name>Van</name>
			</possibleresult>
			<points>
				<point>96.000000,977.000000</point>
				<point>96.000000,985.000000</point>
				<point>78.000000,983.000000</point>
				<point>79.000000,974.000000</point>
				<point>96.000000,977.000000</point>
			</points>
		</object>
		<object>
			<coordinate>pixel</coordinate>
			<type>rectangle</type>
			<description>None</description>
			<possibleresult>
				<name>Dump Truck</name>
			</possibleresult>
			<points>
				<point>29.000000,917.000000</point>
				<point>29.000000,926.000000</point>
				<point>7.000000,924.000000</point>
				<point>8.000000,916.000000</point>
				<point>29.000000,917.000000</point>
			</points>
		</object>
		<object>
			<coordinate>pixel</coordinate>
			<type>rectangle</type>
			<description>None</description>
			<possibleresult>
				<name>Van</name>
			</possibleresult>
			<points>
				<point>75.000000,911.000000</point>
				<point>74.000000,918.000000</point>
				<point>57.000000,917.000000</point>
				<point>58.000000,910.000000</point>
				<point>75.000000,911.000000</point>
			</points>
		</object>
		<object>
			<coordinate>pixel</coordinate>
			<type>rectangle</type>
			<description>None</description>
			<possibleresult>
				<name>Van</name>
			</possibleresult>
			<points>
				<point>251.000000,942.000000</point>
				<point>251.000000,950.000000</point>
				<point>231.000000,948.000000</point>
				<point>232.000000,941.000000</point>
				<point>251.000000,942.000000</point>
			</points>
		</object>
		<object>
			<coordinate>pixel</coordinate>
			<type>rectangle</type>
			<description>None</description>
			<possibleresult>
				<name>Small Car</name>
			</possibleresult>
			<points>
				<point>757.000000,964.000000</point>
				<point>749.000000,973.000000</point>
				<point>743.000000,968.000000</point>
				<point>751.000000,959.000000</point>
				<point>757.000000,964.000000</point>
			</points>
		</object>
		<object>
			<coordinate>pixel</coordinate>
			<type>rectangle</type>
			<description>None</description>
			<possibleresult>
				<name>Small Car</name>
			</possibleresult>
			<points>
				<point>765.000000,963.000000</point>
				<point>755.000000,978.000000</point>
				<point>749.000000,973.000000</point>
				<point>759.000000,958.000000</point>
				<point>765.000000,963.000000</point>
			</points>
		</object>
		<object>
			<coordinate>pixel</coordinate>
			<type>rectangle</type>
			<description>None</description>
			<possibleresult>
				<name>Small Car</name>
			</possibleresult>
			<points>
				<point>803.000000,899.000000</point>
				<point>782.000000,903.000000</point>
				<point>781.000000,895.000000</point>
				<point>801.000000,890.000000</point>
				<point>803.000000,899.000000</point>
			</points>
		</object>
		<object>
			<coordinate>pixel</coordinate>
			<type>rectangle</type>
			<description>None</description>
			<possibleresult>
				<name>Cargo Truck</name>
			</possibleresult>
			<points>
				<point>932.000000,897.000000</point>
				<point>911.000000,897.000000</point>
				<point>911.000000,889.000000</point>
				<point>932.000000,889.000000</point>
				<point>932.000000,897.000000</point>
			</points>
		</object>
		<object>
			<coordinate>pixel</coordinate>
			<type>rectangle</type>
			<description>None</description>
			<possibleresult>
				<name>Cargo Truck</name>
			</possibleresult>
			<points>
				<point>1000.000000,882.000000</point>
				<point>975.000000,882.000000</point>
				<point>975.000000,872.000000</point>
				<point>1000.000000,872.000000</point>
				<point>1000.000000,882.000000</point>
			</points>
		</object>
		<object>
			<coordinate>pixel</coordinate>
			<type>rectangle</type>
			<description>None</description>
			<possibleresult>
				<name>Van</name>
			</possibleresult>
			<points>
				<point>1000.000000,907.000000</point>
				<point>980.000000,907.000000</point>
				<point>980.000000,899.000000</point>
				<point>1000.000000,899.000000</point>
				<point>1000.000000,907.000000</point>
			</points>
		</object>
		<object>
			<coordinate>pixel</coordinate>
			<type>rectangle</type>
			<description>None</description>
			<possibleresult>
				<name>Van</name>
			</possibleresult>
			<points>
				<point>958.000000,932.000000</point>
				<point>950.000000,932.000000</point>
				<point>950.000000,916.000000</point>
				<point>958.000000,916.000000</point>
				<point>958.000000,932.000000</point>
			</points>
		</object>
		<object>
			<coordinate>pixel</coordinate>
			<type>rectangle</type>
			<description>None</description>
			<possibleresult>
				<name>Tractor</name>
			</possibleresult>
			<points>
				<point>60.000000,262.000000</point>
				<point>45.000000,294.000000</point>
				<point>20.000000,282.000000</point>
				<point>36.000000,251.000000</point>
				<point>60.000000,262.000000</point>
			</points>
		</object>
		<object>
			<coordinate>pixel</coordinate>
			<type>rectangle</type>
			<description>None</description>
			<possibleresult>
				<name>Trailer</name>
			</possibleresult>
			<points>
				<point>92.000000,254.000000</point>
				<point>66.000000,289.000000</point>
				<point>56.000000,282.000000</point>
				<point>83.000000,246.000000</point>
				<point>92.000000,254.000000</point>
			</points>
		</object>
		<object>
			<coordinate>pixel</coordinate>
			<type>rectangle</type>
			<description>None</description>
			<possibleresult>
				<name>Trailer</name>
			</possibleresult>
			<points>
				<point>25.000000,205.000000</point>
				<point>19.000000,217.000000</point>
				<point>0.000000,208.000000</point>
				<point>0.000000,193.000000</point>
				<point>25.000000,205.000000</point>
			</points>
		</object>
		<object>
			<coordinate>pixel</coordinate>
			<type>rectangle</type>
			<description>None</description>
			<possibleresult>
				<name>Trailer</name>
			</possibleresult>
			<points>
				<point>140.000000,0.000000</point>
				<point>159.000000,0.000000</point>
				<point>195.000000,12.000000</point>
				<point>191.000000,23.000000</point>
				<point>140.000000,0.000000</point>
			</points>
		</object>
		<object>
			<coordinate>pixel</coordinate>
			<type>rectangle</type>
			<description>None</description>
			<possibleresult>
				<name>Small Car</name>
			</possibleresult>
			<points>
				<point>96.000000,600.000000</point>
				<point>87.000000,611.000000</point>
				<point>81.000000,606.000000</point>
				<point>90.000000,595.000000</point>
				<point>96.000000,600.000000</point>
			</points>
		</object>
		<object>
			<coordinate>pixel</coordinate>
			<type>rectangle</type>
			<description>None</description>
			<possibleresult>
				<name>Small Car</name>
			</possibleresult>
			<points>
				<point>29.000000,675.000000</point>
				<point>25.000000,689.000000</point>
				<point>17.000000,686.000000</point>
				<point>21.000000,672.000000</point>
				<point>29.000000,675.000000</point>
			</points>
		</object>
		<object>
			<coordinate>pixel</coordinate>
			<type>rectangle</type>
			<description>None</description>
			<possibleresult>
				<name>Bus</name>
			</possibleresult>
			<points>
				<point>398.000000,574.000000</point>
				<point>393.000000,582.000000</point>
				<point>369.000000,568.000000</point>
				<point>374.000000,561.000000</point>
				<point>398.000000,574.000000</point>
			</points>
		</object>
		<object>
			<coordinate>pixel</coordinate>
			<type>rectangle</type>
			<description>None</description>
			<possibleresult>
				<name>Cargo Truck</name>
			</possibleresult>
			<points>
				<point>142.000000,840.000000</point>
				<point>140.000000,865.000000</point>
				<point>131.000000,864.000000</point>
				<point>133.000000,839.000000</point>
				<point>142.000000,840.000000</point>
			</points>
		</object>
		<object>
			<coordinate>pixel</coordinate>
			<type>rectangle</type>
			<description>None</description>
			<possibleresult>
				<name>Van</name>
			</possibleresult>
			<points>
				<point>236.000000,816.000000</point>
				<point>221.000000,828.000000</point>
				<point>216.000000,822.000000</point>
				<point>231.000000,810.000000</point>
				<point>236.000000,816.000000</point>
			</points>
		</object>
		<object>
			<coordinate>pixel</coordinate>
			<type>rectangle</type>
			<description>None</description>
			<possibleresult>
				<name>Small Car</name>
			</possibleresult>
			<points>
				<point>233.000000,831.000000</point>
				<point>215.000000,843.000000</point>
				<point>211.000000,837.000000</point>
				<point>229.000000,825.000000</point>
				<point>233.000000,831.000000</point>
			</points>
		</object>
		<object>
			<coordinate>pixel</coordinate>
			<type>rectangle</type>
			<description>None</description>
			<possibleresult>
				<name>Small Car</name>
			</possibleresult>
			<points>
				<point>238.000000,840.000000</point>
				<point>221.000000,850.000000</point>
				<point>218.000000,844.000000</point>
				<point>234.000000,833.000000</point>
				<point>238.000000,840.000000</point>
			</points>
		</object>
		<object>
			<coordinate>pixel</coordinate>
			<type>rectangle</type>
			<description>None</description>
			<possibleresult>
				<name>Small Car</name>
			</possibleresult>
			<points>
				<point>241.000000,846.000000</point>
				<point>229.000000,855.000000</point>
				<point>225.000000,849.000000</point>
				<point>237.000000,840.000000</point>
				<point>241.000000,846.000000</point>
			</points>
		</object>
		<object>
			<coordinate>pixel</coordinate>
			<type>rectangle</type>
			<description>None</description>
			<possibleresult>
				<name>Van</name>
			</possibleresult>
			<points>
				<point>251.000000,855.000000</point>
				<point>250.000000,872.000000</point>
				<point>242.000000,871.000000</point>
				<point>243.000000,854.000000</point>
				<point>251.000000,855.000000</point>
			</points>
		</object>
		<object>
			<coordinate>pixel</coordinate>
			<type>rectangle</type>
			<description>None</description>
			<possibleresult>
				<name>Dump Truck</name>
			</possibleresult>
			<points>
				<point>328.000000,844.000000</point>
				<point>316.000000,847.000000</point>
				<point>309.000000,819.000000</point>
				<point>322.000000,817.000000</point>
				<point>328.000000,844.000000</point>
			</points>
		</object>
		<object>
			<coordinate>pixel</coordinate>
			<type>rectangle</type>
			<description>None</description>
			<possibleresult>
				<name>Small Car</name>
			</possibleresult>
			<points>
				<point>318.000000,817.000000</point>
				<point>310.000000,819.000000</point>
				<point>306.000000,804.000000</point>
				<point>313.000000,801.000000</point>
				<point>318.000000,817.000000</point>
			</points>
		</object>
		<object>
			<coordinate>pixel</coordinate>
			<type>rectangle</type>
			<description>None</description>
			<possibleresult>
				<name>Dump Truck</name>
			</possibleresult>
			<points>
				<point>332.000000,813.000000</point>
				<point>321.000000,816.000000</point>
				<point>315.000000,792.000000</point>
				<point>326.000000,789.000000</point>
				<point>332.000000,813.000000</point>
			</points>
		</object>
		<object>
			<coordinate>pixel</coordinate>
			<type>rectangle</type>
			<description>None</description>
			<possibleresult>
				<name>Dump Truck</name>
			</possibleresult>
			<points>
				<point>339.000000,842.000000</point>
				<point>330.000000,845.000000</point>
				<point>323.000000,818.000000</point>
				<point>333.000000,816.000000</point>
				<point>339.000000,842.000000</point>
			</points>
		</object>
		<object>
			<coordinate>pixel</coordinate>
			<type>rectangle</type>
			<description>None</description>
			<possibleresult>
				<name>Small Car</name>
			</possibleresult>
			<points>
				<point>454.000000,870.000000</point>
				<point>446.000000,870.000000</point>
				<point>446.000000,855.000000</point>
				<point>454.000000,855.000000</point>
				<point>454.000000,870.000000</point>
			</points>
		</object>
		<object>
			<coordinate>pixel</coordinate>
			<type>rectangle</type>
			<description>None</description>
			<possibleresult>
				<name>Small Car</name>
			</possibleresult>
			<points>
				<point>492.000000,839.000000</point>
				<point>483.000000,840.000000</point>
				<point>481.000000,824.000000</point>
				<point>490.000000,823.000000</point>
				<point>492.000000,839.000000</point>
			</points>
		</object>
		<object>
			<coordinate>pixel</coordinate>
			<type>rectangle</type>
			<description>None</description>
			<possibleresult>
				<name>Van</name>
			</possibleresult>
			<points>
				<point>437.000000,817.000000</point>
				<point>416.000000,820.000000</point>
				<point>414.000000,813.000000</point>
				<point>436.000000,809.000000</point>
				<point>437.000000,817.000000</point>
			</points>
		</object>
		<object>
			<coordinate>pixel</coordinate>
			<type>rectangle</type>
			<description>None</description>
			<possibleresult>
				<name>Small Car</name>
			</possibleresult>
			<points>
				<point>432.000000,810.000000</point>
				<point>417.000000,811.000000</point>
				<point>416.000000,803.000000</point>
				<point>431.000000,802.000000</point>
				<point>432.000000,810.000000</point>
			</points>
		</object>
		<object>
			<coordinate>pixel</coordinate>
			<type>rectangle</type>
			<description>None</description>
			<possibleresult>
				<name>Small Car</name>
			</possibleresult>
			<points>
				<point>350.000000,794.000000</point>
				<point>344.000000,795.000000</point>
				<point>342.000000,784.000000</point>
				<point>349.000000,784.000000</point>
				<point>350.000000,794.000000</point>
			</points>
		</object>
		<object>
			<coordinate>pixel</coordinate>
			<type>rectangle</type>
			<description>None</description>
			<possibleresult>
				<name>Small Car</name>
			</possibleresult>
			<points>
				<point>390.000000,743.000000</point>
				<point>372.000000,746.000000</point>
				<point>370.000000,738.000000</point>
				<point>388.000000,735.000000</point>
				<point>390.000000,743.000000</point>
			</points>
		</object>
		<object>
			<coordinate>pixel</coordinate>
			<type>rectangle</type>
			<description>None</description>
			<possibleresult>
				<name>Small Car</name>
			</possibleresult>
			<points>
				<point>406.000000,773.000000</point>
				<point>389.000000,775.000000</point>
				<point>388.000000,768.000000</point>
				<point>405.000000,766.000000</point>
				<point>406.000000,773.000000</point>
			</points>
		</object>
		<object>
			<coordinate>pixel</coordinate>
			<type>rectangle</type>
			<description>None</description>
			<possibleresult>
				<name>Small Car</name>
			</possibleresult>
			<points>
				<point>424.000000,769.000000</point>
				<point>410.000000,770.000000</point>
				<point>410.000000,765.000000</point>
				<point>424.000000,764.000000</point>
				<point>424.000000,769.000000</point>
			</points>
		</object>
		<object>
			<coordinate>pixel</coordinate>
			<type>rectangle</type>
			<description>None</description>
			<possibleresult>
				<name>Small Car</name>
			</possibleresult>
			<points>
				<point>442.000000,765.000000</point>
				<point>429.000000,766.000000</point>
				<point>428.000000,761.000000</point>
				<point>442.000000,759.000000</point>
				<point>442.000000,765.000000</point>
			</points>
		</object>
		<object>
			<coordinate>pixel</coordinate>
			<type>rectangle</type>
			<description>None</description>
			<possibleresult>
				<name>Small Car</name>
			</possibleresult>
			<points>
				<point>510.000000,752.000000</point>
				<point>493.000000,754.000000</point>
				<point>492.000000,749.000000</point>
				<point>510.000000,746.000000</point>
				<point>510.000000,752.000000</point>
			</points>
		</object>
		<object>
			<coordinate>pixel</coordinate>
			<type>rectangle</type>
			<description>None</description>
			<possibleresult>
				<name>Small Car</name>
			</possibleresult>
			<points>
				<point>531.000000,749.000000</point>
				<point>512.000000,750.000000</point>
				<point>512.000000,744.000000</point>
				<point>531.000000,743.000000</point>
				<point>531.000000,749.000000</point>
			</points>
		</object>
		<object>
			<coordinate>pixel</coordinate>
			<type>rectangle</type>
			<description>None</description>
			<possibleresult>
				<name>Small Car</name>
			</possibleresult>
			<points>
				<point>571.000000,741.000000</point>
				<point>551.000000,743.000000</point>
				<point>550.000000,737.000000</point>
				<point>570.000000,735.000000</point>
				<point>571.000000,741.000000</point>
			</points>
		</object>
		<object>
			<coordinate>pixel</coordinate>
			<type>rectangle</type>
			<description>None</description>
			<possibleresult>
				<name>Small Car</name>
			</possibleresult>
			<points>
				<point>646.000000,816.000000</point>
				<point>638.000000,818.000000</point>
				<point>634.000000,803.000000</point>
				<point>641.000000,800.000000</point>
				<point>646.000000,816.000000</point>
			</points>
		</object>
		<object>
			<coordinate>pixel</coordinate>
			<type>rectangle</type>
			<description>None</description>
			<possibleresult>
				<name>Small Car</name>
			</possibleresult>
			<points>
				<point>697.000000,831.000000</point>
				<point>689.000000,833.000000</point>
				<point>686.000000,815.000000</point>
				<point>693.000000,814.000000</point>
				<point>697.000000,831.000000</point>
			</points>
		</object>
		<object>
			<coordinate>pixel</coordinate>
			<type>rectangle</type>
			<description>None</description>
			<possibleresult>
				<name>Small Car</name>
			</possibleresult>
			<points>
				<point>719.000000,818.000000</point>
				<point>711.000000,820.000000</point>
				<point>707.000000,804.000000</point>
				<point>715.000000,802.000000</point>
				<point>719.000000,818.000000</point>
			</points>
		</object>
		<object>
			<coordinate>pixel</coordinate>
			<type>rectangle</type>
			<description>None</description>
			<possibleresult>
				<name>Dump Truck</name>
			</possibleresult>
			<points>
				<point>733.000000,827.000000</point>
				<point>723.000000,829.000000</point>
				<point>717.000000,801.000000</point>
				<point>728.000000,800.000000</point>
				<point>733.000000,827.000000</point>
			</points>
		</object>
		<object>
			<coordinate>pixel</coordinate>
			<type>rectangle</type>
			<description>None</description>
			<possibleresult>
				<name>Small Car</name>
			</possibleresult>
			<points>
				<point>739.000000,815.000000</point>
				<point>731.000000,816.000000</point>
				<point>727.000000,800.000000</point>
				<point>735.000000,799.000000</point>
				<point>739.000000,815.000000</point>
			</points>
		</object>
		<object>
			<coordinate>pixel</coordinate>
			<type>rectangle</type>
			<description>None</description>
			<possibleresult>
				<name>Small Car</name>
			</possibleresult>
			<points>
				<point>765.000000,813.000000</point>
				<point>758.000000,815.000000</point>
				<point>753.000000,801.000000</point>
				<point>761.000000,798.000000</point>
				<point>765.000000,813.000000</point>
			</points>
		</object>
		<object>
			<coordinate>pixel</coordinate>
			<type>rectangle</type>
			<description>None</description>
			<possibleresult>
				<name>Small Car</name>
			</possibleresult>
			<points>
				<point>659.000000,713.000000</point>
				<point>639.000000,715.000000</point>
				<point>639.000000,709.000000</point>
				<point>658.000000,706.000000</point>
				<point>659.000000,713.000000</point>
			</points>
		</object>
		<object>
			<coordinate>pixel</coordinate>
			<type>rectangle</type>
			<description>None</description>
			<possibleresult>
				<name>Van</name>
			</possibleresult>
			<points>
				<point>710.000000,734.000000</point>
				<point>702.000000,736.000000</point>
				<point>698.000000,720.000000</point>
				<point>706.000000,718.000000</point>
				<point>710.000000,734.000000</point>
			</points>
		</object>
		<object>
			<coordinate>pixel</coordinate>
			<type>rectangle</type>
			<description>None</description>
			<possibleresult>
				<name>Van</name>
			</possibleresult>
			<points>
				<point>751.000000,734.000000</point>
				<point>743.000000,736.000000</point>
				<point>739.000000,721.000000</point>
				<point>748.000000,720.000000</point>
				<point>751.000000,734.000000</point>
			</points>
		</object>
		<object>
			<coordinate>pixel</coordinate>
			<type>rectangle</type>
			<description>None</description>
			<possibleresult>
				<name>Van</name>
			</possibleresult>
			<points>
				<point>726.000000,673.000000</point>
				<point>719.000000,675.000000</point>
				<point>715.000000,660.000000</point>
				<point>722.000000,658.000000</point>
				<point>726.000000,673.000000</point>
			</points>
		</object>
		<object>
			<coordinate>pixel</coordinate>
			<type>rectangle</type>
			<description>None</description>
			<possibleresult>
				<name>Dump Truck</name>
			</possibleresult>
			<points>
				<point>737.000000,673.000000</point>
				<point>728.000000,676.000000</point>
				<point>722.000000,658.000000</point>
				<point>732.000000,656.000000</point>
				<point>737.000000,673.000000</point>
			</points>
		</object>
		<object>
			<coordinate>pixel</coordinate>
			<type>rectangle</type>
			<description>None</description>
			<possibleresult>
				<name>Van</name>
			</possibleresult>
			<points>
				<point>746.000000,672.000000</point>
				<point>738.000000,673.000000</point>
				<point>735.000000,657.000000</point>
				<point>742.000000,655.000000</point>
				<point>746.000000,672.000000</point>
			</points>
		</object>
		<object>
			<coordinate>pixel</coordinate>
			<type>rectangle</type>
			<description>None</description>
			<possibleresult>
				<name>Cargo Truck</name>
			</possibleresult>
			<points>
				<point>783.000000,643.000000</point>
				<point>773.000000,646.000000</point>
				<point>766.000000,621.000000</point>
				<point>777.000000,619.000000</point>
				<point>783.000000,643.000000</point>
			</points>
		</object>
		<object>
			<coordinate>pixel</coordinate>
			<type>rectangle</type>
			<description>None</description>
			<possibleresult>
				<name>Small Car</name>
			</possibleresult>
			<points>
				<point>825.000000,634.000000</point>
				<point>818.000000,636.000000</point>
				<point>813.000000,623.000000</point>
				<point>820.000000,620.000000</point>
				<point>825.000000,634.000000</point>
			</points>
		</object>
		<object>
			<coordinate>pixel</coordinate>
			<type>rectangle</type>
			<description>None</description>
			<possibleresult>
				<name>Small Car</name>
			</possibleresult>
			<points>
				<point>836.000000,623.000000</point>
				<point>827.000000,624.000000</point>
				<point>825.000000,608.000000</point>
				<point>833.000000,606.000000</point>
				<point>836.000000,623.000000</point>
			</points>
		</object>
		<object>
			<coordinate>pixel</coordinate>
			<type>rectangle</type>
			<description>None</description>
			<possibleresult>
				<name>Small Car</name>
			</possibleresult>
			<points>
				<point>849.000000,617.000000</point>
				<point>841.000000,619.000000</point>
				<point>838.000000,605.000000</point>
				<point>845.000000,604.000000</point>
				<point>849.000000,617.000000</point>
			</points>
		</object>
		<object>
			<coordinate>pixel</coordinate>
			<type>rectangle</type>
			<description>None</description>
			<possibleresult>
				<name>Small Car</name>
			</possibleresult>
			<points>
				<point>863.000000,615.000000</point>
				<point>857.000000,617.000000</point>
				<point>853.000000,605.000000</point>
				<point>859.000000,603.000000</point>
				<point>863.000000,615.000000</point>
			</points>
		</object>
		<object>
			<coordinate>pixel</coordinate>
			<type>rectangle</type>
			<description>None</description>
			<possibleresult>
				<name>Van</name>
			</possibleresult>
			<points>
				<point>878.000000,622.000000</point>
				<point>870.000000,623.000000</point>
				<point>868.000000,608.000000</point>
				<point>875.000000,606.000000</point>
				<point>878.000000,622.000000</point>
			</points>
		</object>
		<object>
			<coordinate>pixel</coordinate>
			<type>rectangle</type>
			<description>None</description>
			<possibleresult>
				<name>Small Car</name>
			</possibleresult>
			<points>
				<point>895.000000,624.000000</point>
				<point>887.000000,625.000000</point>
				<point>885.000000,610.000000</point>
				<point>892.000000,608.000000</point>
				<point>895.000000,624.000000</point>
			</points>
		</object>
		<object>
			<coordinate>pixel</coordinate>
			<type>rectangle</type>
			<description>None</description>
			<possibleresult>
				<name>Van</name>
			</possibleresult>
			<points>
				<point>908.000000,616.000000</point>
				<point>900.000000,618.000000</point>
				<point>897.000000,604.000000</point>
				<point>904.000000,603.000000</point>
				<point>908.000000,616.000000</point>
			</points>
		</object>
		<object>
			<coordinate>pixel</coordinate>
			<type>rectangle</type>
			<description>None</description>
			<possibleresult>
				<name>Van</name>
			</possibleresult>
			<points>
				<point>932.000000,600.000000</point>
				<point>925.000000,602.000000</point>
				<point>920.000000,589.000000</point>
				<point>928.000000,586.000000</point>
				<point>932.000000,600.000000</point>
			</points>
		</object>
		<object>
			<coordinate>pixel</coordinate>
			<type>rectangle</type>
			<description>None</description>
			<possibleresult>
				<name>Small Car</name>
			</possibleresult>
			<points>
				<point>943.000000,600.000000</point>
				<point>936.000000,602.000000</point>
				<point>933.000000,587.000000</point>
				<point>941.000000,586.000000</point>
				<point>943.000000,600.000000</point>
			</points>
		</object>
		<object>
			<coordinate>pixel</coordinate>
			<type>rectangle</type>
			<description>None</description>
			<possibleresult>
				<name>Van</name>
			</possibleresult>
			<points>
				<point>955.000000,601.000000</point>
				<point>946.000000,602.000000</point>
				<point>943.000000,586.000000</point>
				<point>952.000000,585.000000</point>
				<point>955.000000,601.000000</point>
			</points>
		</object>
		<object>
			<coordinate>pixel</coordinate>
			<type>rectangle</type>
			<description>None</description>
			<possibleresult>
				<name>Van</name>
			</possibleresult>
			<points>
				<point>963.000000,595.000000</point>
				<point>955.000000,596.000000</point>
				<point>953.000000,583.000000</point>
				<point>960.000000,581.000000</point>
				<point>963.000000,595.000000</point>
			</points>
		</object>
		<object>
			<coordinate>pixel</coordinate>
			<type>rectangle</type>
			<description>None</description>
			<possibleresult>
				<name>Van</name>
			</possibleresult>
			<points>
				<point>955.000000,627.000000</point>
				<point>948.000000,629.000000</point>
				<point>945.000000,614.000000</point>
				<point>951.000000,613.000000</point>
				<point>955.000000,627.000000</point>
			</points>
		</object>
		<object>
			<coordinate>pixel</coordinate>
			<type>rectangle</type>
			<description>None</description>
			<possibleresult>
				<name>Small Car</name>
			</possibleresult>
			<points>
				<point>969.000000,627.000000</point>
				<point>961.000000,629.000000</point>
				<point>958.000000,612.000000</point>
				<point>966.000000,611.000000</point>
				<point>969.000000,627.000000</point>
			</points>
		</object>
		<object>
			<coordinate>pixel</coordinate>
			<type>rectangle</type>
			<description>None</description>
			<possibleresult>
				<name>Small Car</name>
			</possibleresult>
			<points>
				<point>983.000000,596.000000</point>
				<point>975.000000,597.000000</point>
				<point>970.000000,580.000000</point>
				<point>978.000000,578.000000</point>
				<point>983.000000,596.000000</point>
			</points>
		</object>
		<object>
			<coordinate>pixel</coordinate>
			<type>rectangle</type>
			<description>None</description>
			<possibleresult>
				<name>Small Car</name>
			</possibleresult>
			<points>
				<point>993.000000,593.000000</point>
				<point>984.000000,595.000000</point>
				<point>982.000000,579.000000</point>
				<point>991.000000,577.000000</point>
				<point>993.000000,593.000000</point>
			</points>
		</object>
		<object>
			<coordinate>pixel</coordinate>
			<type>rectangle</type>
			<description>None</description>
			<possibleresult>
				<name>Dump Truck</name>
			</possibleresult>
			<points>
				<point>865.000000,692.000000</point>
				<point>864.000000,708.000000</point>
				<point>857.000000,708.000000</point>
				<point>857.000000,692.000000</point>
				<point>865.000000,692.000000</point>
			</points>
		</object>
		<object>
			<coordinate>pixel</coordinate>
			<type>rectangle</type>
			<description>None</description>
			<possibleresult>
				<name>Small Car</name>
			</possibleresult>
			<points>
				<point>949.000000,671.000000</point>
				<point>928.000000,675.000000</point>
				<point>926.000000,667.000000</point>
				<point>948.000000,664.000000</point>
				<point>949.000000,671.000000</point>
			</points>
		</object>
		<object>
			<coordinate>pixel</coordinate>
			<type>rectangle</type>
			<description>None</description>
			<possibleresult>
				<name>Small Car</name>
			</possibleresult>
			<points>
				<point>985.000000,665.000000</point>
				<point>965.000000,668.000000</point>
				<point>963.000000,661.000000</point>
				<point>984.000000,658.000000</point>
				<point>985.000000,665.000000</point>
			</points>
		</object>
		<object>
			<coordinate>pixel</coordinate>
			<type>rectangle</type>
			<description>None</description>
			<possibleresult>
				<name>Excavator</name>
			</possibleresult>
			<points>
				<point>955.000000,726.000000</point>
				<point>943.000000,728.000000</point>
				<point>937.000000,695.000000</point>
				<point>950.000000,694.000000</point>
				<point>955.000000,726.000000</point>
			</points>
		</object>
		<object>
			<coordinate>pixel</coordinate>
			<type>rectangle</type>
			<description>None</description>
			<possibleresult>
				<name>Dump Truck</name>
			</possibleresult>
			<points>
				<point>997.000000,744.000000</point>
				<point>987.000000,747.000000</point>
				<point>979.000000,718.000000</point>
				<point>990.000000,716.000000</point>
				<point>997.000000,744.000000</point>
			</points>
		</object>
		<object>
			<coordinate>pixel</coordinate>
			<type>rectangle</type>
			<description>None</description>
			<possibleresult>
				<name>Van</name>
			</possibleresult>
			<points>
				<point>636.000000,602.000000</point>
				<point>619.000000,602.000000</point>
				<point>619.000000,595.000000</point>
				<point>636.000000,595.000000</point>
				<point>636.000000,602.000000</point>
			</points>
		</object>
		<object>
			<coordinate>pixel</coordinate>
			<type>rectangle</type>
			<description>None</description>
			<possibleresult>
				<name>Cargo Truck</name>
			</possibleresult>
			<points>
				<point>634.000000,586.000000</point>
				<point>595.000000,594.000000</point>
				<point>593.000000,583.000000</point>
				<point>632.000000,576.000000</point>
				<point>634.000000,586.000000</point>
			</points>
		</object>
		<object>
			<coordinate>pixel</coordinate>
			<type>rectangle</type>
			<description>None</description>
			<possibleresult>
				<name>Small Car</name>
			</possibleresult>
			<points>
				<point>620.000000,577.000000</point>
				<point>601.000000,579.000000</point>
				<point>601.000000,572.000000</point>
				<point>619.000000,569.000000</point>
				<point>620.000000,577.000000</point>
			</points>
		</object>
		<object>
			<coordinate>pixel</coordinate>
			<type>rectangle</type>
			<description>None</description>
			<possibleresult>
				<name>Small Car</name>
			</possibleresult>
			<points>
				<point>647.000000,573.000000</point>
				<point>627.000000,575.000000</point>
				<point>627.000000,567.000000</point>
				<point>647.000000,565.000000</point>
				<point>647.000000,573.000000</point>
			</points>
		</object>
		<object>
			<coordinate>pixel</coordinate>
			<type>rectangle</type>
			<description>None</description>
			<possibleresult>
				<name>Small Car</name>
			</possibleresult>
			<points>
				<point>598.000000,558.000000</point>
				<point>581.000000,569.000000</point>
				<point>575.000000,562.000000</point>
				<point>593.000000,550.000000</point>
				<point>598.000000,558.000000</point>
			</points>
		</object>
		<object>
			<coordinate>pixel</coordinate>
			<type>rectangle</type>
			<description>None</description>
			<possibleresult>
				<name>Small Car</name>
			</possibleresult>
			<points>
				<point>614.000000,546.000000</point>
				<point>598.000000,558.000000</point>
				<point>594.000000,552.000000</point>
				<point>609.000000,539.000000</point>
				<point>614.000000,546.000000</point>
			</points>
		</object>
		<object>
			<coordinate>pixel</coordinate>
			<type>rectangle</type>
			<description>None</description>
			<possibleresult>
				<name>Van</name>
			</possibleresult>
			<points>
				<point>633.000000,530.000000</point>
				<point>621.000000,539.000000</point>
				<point>617.000000,534.000000</point>
				<point>630.000000,526.000000</point>
				<point>633.000000,530.000000</point>
			</points>
		</object>
		<object>
			<coordinate>pixel</coordinate>
			<type>rectangle</type>
			<description>None</description>
			<possibleresult>
				<name>Small Car</name>
			</possibleresult>
			<points>
				<point>655.000000,519.000000</point>
				<point>636.000000,531.000000</point>
				<point>631.000000,524.000000</point>
				<point>651.000000,513.000000</point>
				<point>655.000000,519.000000</point>
			</points>
		</object>
		<object>
			<coordinate>pixel</coordinate>
			<type>rectangle</type>
			<description>None</description>
			<possibleresult>
				<name>Van</name>
			</possibleresult>
			<points>
				<point>672.000000,507.000000</point>
				<point>656.000000,517.000000</point>
				<point>652.000000,510.000000</point>
				<point>668.000000,500.000000</point>
				<point>672.000000,507.000000</point>
			</points>
		</object>
		<object>
			<coordinate>pixel</coordinate>
			<type>rectangle</type>
			<description>None</description>
			<possibleresult>
				<name>Small Car</name>
			</possibleresult>
			<points>
				<point>692.000000,493.000000</point>
				<point>677.000000,503.000000</point>
				<point>673.000000,497.000000</point>
				<point>688.000000,487.000000</point>
				<point>692.000000,493.000000</point>
			</points>
		</object>
		<object>
			<coordinate>pixel</coordinate>
			<type>rectangle</type>
			<description>None</description>
			<possibleresult>
				<name>Van</name>
			</possibleresult>
			<points>
				<point>689.000000,547.000000</point>
				<point>672.000000,550.000000</point>
				<point>671.000000,542.000000</point>
				<point>688.000000,539.000000</point>
				<point>689.000000,547.000000</point>
			</points>
		</object>
		<object>
			<coordinate>pixel</coordinate>
			<type>rectangle</type>
			<description>None</description>
			<possibleresult>
				<name>Van</name>
			</possibleresult>
			<points>
				<point>710.000000,544.000000</point>
				<point>692.000000,546.000000</point>
				<point>692.000000,539.000000</point>
				<point>709.000000,536.000000</point>
				<point>710.000000,544.000000</point>
			</points>
		</object>
		<object>
			<coordinate>pixel</coordinate>
			<type>rectangle</type>
			<description>None</description>
			<possibleresult>
				<name>Van</name>
			</possibleresult>
			<points>
				<point>705.000000,527.000000</point>
				<point>691.000000,536.000000</point>
				<point>687.000000,529.000000</point>
				<point>701.000000,520.000000</point>
				<point>705.000000,527.000000</point>
			</points>
		</object>
		<object>
			<coordinate>pixel</coordinate>
			<type>rectangle</type>
			<description>None</description>
			<possibleresult>
				<name>Dump Truck</name>
			</possibleresult>
			<points>
				<point>691.000000,520.000000</point>
				<point>676.000000,532.000000</point>
				<point>671.000000,526.000000</point>
				<point>687.000000,515.000000</point>
				<point>691.000000,520.000000</point>
			</points>
		</object>
		<object>
			<coordinate>pixel</coordinate>
			<type>rectangle</type>
			<description>None</description>
			<possibleresult>
				<name>Bus</name>
			</possibleresult>
			<points>
				<point>812.000000,413.000000</point>
				<point>796.000000,422.000000</point>
				<point>792.000000,414.000000</point>
				<point>807.000000,405.000000</point>
				<point>812.000000,413.000000</point>
			</points>
		</object>
		<object>
			<coordinate>pixel</coordinate>
			<type>rectangle</type>
			<description>None</description>
			<possibleresult>
				<name>Van</name>
			</possibleresult>
			<points>
				<point>832.000000,398.000000</point>
				<point>818.000000,409.000000</point>
				<point>813.000000,403.000000</point>
				<point>827.000000,393.000000</point>
				<point>832.000000,398.000000</point>
			</points>
		</object>
		<object>
			<coordinate>pixel</coordinate>
			<type>rectangle</type>
			<description>None</description>
			<possibleresult>
				<name>Small Car</name>
			</possibleresult>
			<points>
				<point>780.000000,538.000000</point>
				<point>760.000000,541.000000</point>
				<point>760.000000,535.000000</point>
				<point>779.000000,531.000000</point>
				<point>780.000000,538.000000</point>
			</points>
		</object>
		<object>
			<coordinate>pixel</coordinate>
			<type>rectangle</type>
			<description>None</description>
			<possibleresult>
				<name>Small Car</name>
			</possibleresult>
			<points>
				<point>838.000000,515.000000</point>
				<point>832.000000,517.000000</point>
				<point>826.000000,500.000000</point>
				<point>833.000000,497.000000</point>
				<point>838.000000,515.000000</point>
			</points>
		</object>
		<object>
			<coordinate>pixel</coordinate>
			<type>rectangle</type>
			<description>None</description>
			<possibleresult>
				<name>Van</name>
			</possibleresult>
			<points>
				<point>824.000000,503.000000</point>
				<point>816.000000,504.000000</point>
				<point>812.000000,485.000000</point>
				<point>820.000000,484.000000</point>
				<point>824.000000,503.000000</point>
			</points>
		</object>
		<object>
			<coordinate>pixel</coordinate>
			<type>rectangle</type>
			<description>None</description>
			<possibleresult>
				<name>Dump Truck</name>
			</possibleresult>
			<points>
				<point>910.000000,506.000000</point>
				<point>904.000000,508.000000</point>
				<point>901.000000,492.000000</point>
				<point>906.000000,491.000000</point>
				<point>910.000000,506.000000</point>
			</points>
		</object>
		<object>
			<coordinate>pixel</coordinate>
			<type>rectangle</type>
			<description>None</description>
			<possibleresult>
				<name>Van</name>
			</possibleresult>
			<points>
				<point>941.000000,505.000000</point>
				<point>922.000000,508.000000</point>
				<point>920.000000,501.000000</point>
				<point>939.000000,498.000000</point>
				<point>941.000000,505.000000</point>
			</points>
		</object>
		<object>
			<coordinate>pixel</coordinate>
			<type>rectangle</type>
			<description>None</description>
			<possibleresult>
				<name>Dump Truck</name>
			</possibleresult>
			<points>
				<point>913.000000,435.000000</point>
				<point>906.000000,442.000000</point>
				<point>886.000000,419.000000</point>
				<point>893.000000,412.000000</point>
				<point>913.000000,435.000000</point>
			</points>
		</object>
		<object>
			<coordinate>pixel</coordinate>
			<type>rectangle</type>
			<description>None</description>
			<possibleresult>
				<name>Dump Truck</name>
			</possibleresult>
			<points>
				<point>927.000000,427.000000</point>
				<point>920.000000,434.000000</point>
				<point>907.000000,418.000000</point>
				<point>914.000000,411.000000</point>
				<point>927.000000,427.000000</point>
			</points>
		</object>
		<object>
			<coordinate>pixel</coordinate>
			<type>rectangle</type>
			<description>None</description>
			<possibleresult>
				<name>Small Car</name>
			</possibleresult>
			<points>
				<point>977.000000,384.000000</point>
				<point>962.000000,387.000000</point>
				<point>960.000000,380.000000</point>
				<point>975.000000,377.000000</point>
				<point>977.000000,384.000000</point>
			</points>
		</object>
		<object>
			<coordinate>pixel</coordinate>
			<type>rectangle</type>
			<description>None</description>
			<possibleresult>
				<name>Van</name>
			</possibleresult>
			<points>
				<point>958.000000,840.000000</point>
				<point>938.000000,840.000000</point>
				<point>938.000000,833.000000</point>
				<point>958.000000,833.000000</point>
				<point>958.000000,840.000000</point>
			</points>
		</object>
		<object>
			<coordinate>pixel</coordinate>
			<type>rectangle</type>
			<description>None</description>
			<possibleresult>
				<name>Small Car</name>
			</possibleresult>
			<points>
				<point>957.000000,828.000000</point>
				<point>948.000000,829.000000</point>
				<point>946.000000,810.000000</point>
				<point>955.000000,810.000000</point>
				<point>957.000000,828.000000</point>
			</points>
		</object>
		<object>
			<coordinate>pixel</coordinate>
			<type>rectangle</type>
			<description>None</description>
			<possibleresult>
				<name>Van</name>
			</possibleresult>
			<points>
				<point>945.000000,827.000000</point>
				<point>938.000000,828.000000</point>
				<point>933.000000,811.000000</point>
				<point>941.000000,809.000000</point>
				<point>945.000000,827.000000</point>
			</points>
		</object>
		<object>
			<coordinate>pixel</coordinate>
			<type>rectangle</type>
			<description>None</description>
			<possibleresult>
				<name>Small Car</name>
			</possibleresult>
			<points>
				<point>935.000000,827.000000</point>
				<point>928.000000,828.000000</point>
				<point>926.000000,814.000000</point>
				<point>933.000000,813.000000</point>
				<point>935.000000,827.000000</point>
			</points>
		</object>
		<object>
			<coordinate>pixel</coordinate>
			<type>rectangle</type>
			<description>None</description>
			<possibleresult>
				<name>Small Car</name>
			</possibleresult>
			<points>
				<point>927.000000,830.000000</point>
				<point>919.000000,831.000000</point>
				<point>916.000000,813.000000</point>
				<point>924.000000,812.000000</point>
				<point>927.000000,830.000000</point>
			</points>
		</object>
		<object>
			<coordinate>pixel</coordinate>
			<type>rectangle</type>
			<description>None</description>
			<possibleresult>
				<name>Small Car</name>
			</possibleresult>
			<points>
				<point>918.000000,832.000000</point>
				<point>910.000000,833.000000</point>
				<point>905.000000,815.000000</point>
				<point>914.000000,813.000000</point>
				<point>918.000000,832.000000</point>
			</points>
		</object>
		<object>
			<coordinate>pixel</coordinate>
			<type>rectangle</type>
			<description>None</description>
			<possibleresult>
				<name>Small Car</name>
			</possibleresult>
			<points>
				<point>948.000000,315.000000</point>
				<point>933.000000,326.000000</point>
				<point>929.000000,321.000000</point>
				<point>943.000000,309.000000</point>
				<point>948.000000,315.000000</point>
			</points>
		</object>
	</objects>
</annotation>