<?xml version="1.0" encoding="utf-8"?>
<annotation>
	<source>
		<filename>330.tif</filename>
		<origin>GF2/GF3</origin>
	</source>
	<research>
		<version>1.0</version>
		<provider>FAIR1M</provider>
		<author>Cyber</author>
		<pluginname>FAIR1M</pluginname>
		<pluginclass>object detection</pluginclass>
		<time>2021-07-21</time>
	</research>
	<size>
		<width>1000</width>
		<height>1000</height>
		<depth>3</depth>
	</size>
	<objects>
		<object>
			<coordinate>pixel</coordinate>
			<type>rectangle</type>
			<description>None</description>
			<possibleresult>
				<name>Small Car</name>
			</possibleresult>
			<points>
				<point>881.000000,587.000000</point>
				<point>857.000000,587.000000</point>
				<point>857.000000,579.000000</point>
				<point>881.000000,579.000000</point>
				<point>881.000000,587.000000</point>
			</points>
		</object>
		<object>
			<coordinate>pixel</coordinate>
			<type>rectangle</type>
			<description>None</description>
			<possibleresult>
				<name>Small Car</name>
			</possibleresult>
			<points>
				<point>828.000000,938.000000</point>
				<point>805.000000,938.000000</point>
				<point>805.000000,931.000000</point>
				<point>828.000000,931.000000</point>
				<point>828.000000,938.000000</point>
			</points>
		</object>
		<object>
			<coordinate>pixel</coordinate>
			<type>rectangle</type>
			<description>None</description>
			<possibleresult>
				<name>Small Car</name>
			</possibleresult>
			<points>
				<point>828.000000,878.000000</point>
				<point>828.000000,886.000000</point>
				<point>807.000000,884.000000</point>
				<point>808.000000,877.000000</point>
				<point>828.000000,878.000000</point>
			</points>
		</object>
		<object>
			<coordinate>pixel</coordinate>
			<type>rectangle</type>
			<description>None</description>
			<possibleresult>
				<name>Small Car</name>
			</possibleresult>
			<points>
				<point>783.000000,706.000000</point>
				<point>761.000000,706.000000</point>
				<point>761.000000,698.000000</point>
				<point>783.000000,698.000000</point>
				<point>783.000000,706.000000</point>
			</points>
		</object>
		<object>
			<coordinate>pixel</coordinate>
			<type>rectangle</type>
			<description>None</description>
			<possibleresult>
				<name>Cargo Truck</name>
			</possibleresult>
			<points>
				<point>483.000000,266.000000</point>
				<point>431.000000,266.000000</point>
				<point>431.000000,254.000000</point>
				<point>483.000000,254.000000</point>
				<point>483.000000,266.000000</point>
			</points>
		</object>
		<object>
			<coordinate>pixel</coordinate>
			<type>rectangle</type>
			<description>None</description>
			<possibleresult>
				<name>Small Car</name>
			</possibleresult>
			<points>
				<point>720.000000,234.000000</point>
				<point>711.000000,234.000000</point>
				<point>709.000000,217.000000</point>
				<point>719.000000,216.000000</point>
				<point>720.000000,234.000000</point>
			</points>
		</object>
		<object>
			<coordinate>pixel</coordinate>
			<type>rectangle</type>
			<description>None</description>
			<possibleresult>
				<name>Small Car</name>
			</possibleresult>
			<points>
				<point>887.000000,212.000000</point>
				<point>886.000000,230.000000</point>
				<point>875.000000,230.000000</point>
				<point>876.000000,212.000000</point>
				<point>887.000000,212.000000</point>
			</points>
		</object>
		<object>
			<coordinate>pixel</coordinate>
			<type>rectangle</type>
			<description>None</description>
			<possibleresult>
				<name>Van</name>
			</possibleresult>
			<points>
				<point>991.000000,183.000000</point>
				<point>989.000000,201.000000</point>
				<point>980.000000,201.000000</point>
				<point>981.000000,182.000000</point>
				<point>991.000000,183.000000</point>
			</points>
		</object>
		<object>
			<coordinate>pixel</coordinate>
			<type>rectangle</type>
			<description>None</description>
			<possibleresult>
				<name>Dump Truck</name>
			</possibleresult>
			<points>
				<point>804.000000,53.000000</point>
				<point>793.000000,53.000000</point>
				<point>793.000000,35.000000</point>
				<point>804.000000,35.000000</point>
				<point>804.000000,53.000000</point>
			</points>
		</object>
		<object>
			<coordinate>pixel</coordinate>
			<type>rectangle</type>
			<description>None</description>
			<possibleresult>
				<name>Small Car</name>
			</possibleresult>
			<points>
				<point>789.000000,49.000000</point>
				<point>779.000000,49.000000</point>
				<point>779.000000,30.000000</point>
				<point>789.000000,30.000000</point>
				<point>789.000000,49.000000</point>
			</points>
		</object>
		<object>
			<coordinate>pixel</coordinate>
			<type>rectangle</type>
			<description>None</description>
			<possibleresult>
				<name>Small Car</name>
			</possibleresult>
			<points>
				<point>316.000000,53.000000</point>
				<point>306.000000,53.000000</point>
				<point>305.000000,34.000000</point>
				<point>315.000000,34.000000</point>
				<point>316.000000,53.000000</point>
			</points>
		</object>
		<object>
			<coordinate>pixel</coordinate>
			<type>rectangle</type>
			<description>None</description>
			<possibleresult>
				<name>Small Car</name>
			</possibleresult>
			<points>
				<point>163.000000,229.000000</point>
				<point>153.000000,229.000000</point>
				<point>153.000000,210.000000</point>
				<point>163.000000,210.000000</point>
				<point>163.000000,229.000000</point>
			</points>
		</object>
		<object>
			<coordinate>pixel</coordinate>
			<type>rectangle</type>
			<description>None</description>
			<possibleresult>
				<name>Small Car</name>
			</possibleresult>
			<points>
				<point>327.000000,232.000000</point>
				<point>317.000000,232.000000</point>
				<point>317.000000,214.000000</point>
				<point>327.000000,214.000000</point>
				<point>327.000000,232.000000</point>
			</points>
		</object>
		<object>
			<coordinate>pixel</coordinate>
			<type>rectangle</type>
			<description>None</description>
			<possibleresult>
				<name>Dump Truck</name>
			</possibleresult>
			<points>
				<point>305.000000,233.000000</point>
				<point>293.000000,233.000000</point>
				<point>293.000000,216.000000</point>
				<point>305.000000,216.000000</point>
				<point>305.000000,233.000000</point>
			</points>
		</object>
		<object>
			<coordinate>pixel</coordinate>
			<type>rectangle</type>
			<description>None</description>
			<possibleresult>
				<name>Small Car</name>
			</possibleresult>
			<points>
				<point>458.000000,328.000000</point>
				<point>447.000000,328.000000</point>
				<point>447.000000,309.000000</point>
				<point>458.000000,309.000000</point>
				<point>458.000000,328.000000</point>
			</points>
		</object>
		<object>
			<coordinate>pixel</coordinate>
			<type>rectangle</type>
			<description>None</description>
			<possibleresult>
				<name>Van</name>
			</possibleresult>
			<points>
				<point>321.000000,352.000000</point>
				<point>310.000000,358.000000</point>
				<point>300.000000,340.000000</point>
				<point>310.000000,333.000000</point>
				<point>321.000000,352.000000</point>
			</points>
		</object>
		<object>
			<coordinate>pixel</coordinate>
			<type>rectangle</type>
			<description>None</description>
			<possibleresult>
				<name>Van</name>
			</possibleresult>
			<points>
				<point>320.000000,374.000000</point>
				<point>310.000000,378.000000</point>
				<point>302.000000,360.000000</point>
				<point>312.000000,356.000000</point>
				<point>320.000000,374.000000</point>
			</points>
		</object>
		<object>
			<coordinate>pixel</coordinate>
			<type>rectangle</type>
			<description>None</description>
			<possibleresult>
				<name>Van</name>
			</possibleresult>
			<points>
				<point>93.000000,388.000000</point>
				<point>82.000000,389.000000</point>
				<point>80.000000,371.000000</point>
				<point>90.000000,369.000000</point>
				<point>93.000000,388.000000</point>
			</points>
		</object>
		<object>
			<coordinate>pixel</coordinate>
			<type>rectangle</type>
			<description>None</description>
			<possibleresult>
				<name>Small Car</name>
			</possibleresult>
			<points>
				<point>242.000000,586.000000</point>
				<point>217.000000,586.000000</point>
				<point>217.000000,578.000000</point>
				<point>242.000000,578.000000</point>
				<point>242.000000,586.000000</point>
			</points>
		</object>
		<object>
			<coordinate>pixel</coordinate>
			<type>rectangle</type>
			<description>None</description>
			<possibleresult>
				<name>Dump Truck</name>
			</possibleresult>
			<points>
				<point>447.000000,577.000000</point>
				<point>447.000000,589.000000</point>
				<point>414.000000,587.000000</point>
				<point>415.000000,576.000000</point>
				<point>447.000000,577.000000</point>
			</points>
		</object>
		<object>
			<coordinate>pixel</coordinate>
			<type>rectangle</type>
			<description>None</description>
			<possibleresult>
				<name>Small Car</name>
			</possibleresult>
			<points>
				<point>720.000000,534.000000</point>
				<point>717.000000,550.000000</point>
				<point>709.000000,549.000000</point>
				<point>711.000000,532.000000</point>
				<point>720.000000,534.000000</point>
			</points>
		</object>
		<object>
			<coordinate>pixel</coordinate>
			<type>rectangle</type>
			<description>None</description>
			<possibleresult>
				<name>Small Car</name>
			</possibleresult>
			<points>
				<point>667.000000,532.000000</point>
				<point>665.000000,551.000000</point>
				<point>656.000000,551.000000</point>
				<point>657.000000,531.000000</point>
				<point>667.000000,532.000000</point>
			</points>
		</object>
		<object>
			<coordinate>pixel</coordinate>
			<type>rectangle</type>
			<description>None</description>
			<possibleresult>
				<name>Van</name>
			</possibleresult>
			<points>
				<point>680.000000,547.000000</point>
				<point>678.000000,564.000000</point>
				<point>667.000000,563.000000</point>
				<point>669.000000,546.000000</point>
				<point>680.000000,547.000000</point>
			</points>
		</object>
		<object>
			<coordinate>pixel</coordinate>
			<type>rectangle</type>
			<description>None</description>
			<possibleresult>
				<name>Van</name>
			</possibleresult>
			<points>
				<point>445.000000,853.000000</point>
				<point>418.000000,853.000000</point>
				<point>418.000000,844.000000</point>
				<point>445.000000,844.000000</point>
				<point>445.000000,853.000000</point>
			</points>
		</object>
		<object>
			<coordinate>pixel</coordinate>
			<type>rectangle</type>
			<description>None</description>
			<possibleresult>
				<name>Small Car</name>
			</possibleresult>
			<points>
				<point>408.000000,852.000000</point>
				<point>383.000000,852.000000</point>
				<point>383.000000,844.000000</point>
				<point>408.000000,844.000000</point>
				<point>408.000000,852.000000</point>
			</points>
		</object>
		<object>
			<coordinate>pixel</coordinate>
			<type>rectangle</type>
			<description>None</description>
			<possibleresult>
				<name>Small Car</name>
			</possibleresult>
			<points>
				<point>639.000000,803.000000</point>
				<point>615.000000,804.000000</point>
				<point>615.000000,794.000000</point>
				<point>639.000000,793.000000</point>
				<point>639.000000,803.000000</point>
			</points>
		</object>
		<object>
			<coordinate>pixel</coordinate>
			<type>rectangle</type>
			<description>None</description>
			<possibleresult>
				<name>Small Car</name>
			</possibleresult>
			<points>
				<point>574.000000,724.000000</point>
				<point>574.000000,731.000000</point>
				<point>550.000000,730.000000</point>
				<point>550.000000,723.000000</point>
				<point>574.000000,724.000000</point>
			</points>
		</object>
		<object>
			<coordinate>pixel</coordinate>
			<type>rectangle</type>
			<description>None</description>
			<possibleresult>
				<name>Cargo Truck</name>
			</possibleresult>
			<points>
				<point>44.000000,804.000000</point>
				<point>22.000000,804.000000</point>
				<point>22.000000,795.000000</point>
				<point>44.000000,795.000000</point>
				<point>44.000000,804.000000</point>
			</points>
		</object>
		<object>
			<coordinate>pixel</coordinate>
			<type>rectangle</type>
			<description>None</description>
			<possibleresult>
				<name>Dump Truck</name>
			</possibleresult>
			<points>
				<point>46.000000,791.000000</point>
				<point>17.000000,793.000000</point>
				<point>16.000000,784.000000</point>
				<point>46.000000,781.000000</point>
				<point>46.000000,791.000000</point>
			</points>
		</object>
		<object>
			<coordinate>pixel</coordinate>
			<type>rectangle</type>
			<description>None</description>
			<possibleresult>
				<name>Van</name>
			</possibleresult>
			<points>
				<point>343.000000,755.000000</point>
				<point>341.000000,775.000000</point>
				<point>329.000000,775.000000</point>
				<point>330.000000,754.000000</point>
				<point>343.000000,755.000000</point>
			</points>
		</object>
		<object>
			<coordinate>pixel</coordinate>
			<type>rectangle</type>
			<description>None</description>
			<possibleresult>
				<name>Small Car</name>
			</possibleresult>
			<points>
				<point>271.000000,777.000000</point>
				<point>247.000000,777.000000</point>
				<point>247.000000,768.000000</point>
				<point>271.000000,768.000000</point>
				<point>271.000000,777.000000</point>
			</points>
		</object>
		<object>
			<coordinate>pixel</coordinate>
			<type>rectangle</type>
			<description>None</description>
			<possibleresult>
				<name>Van</name>
			</possibleresult>
			<points>
				<point>37.000000,884.000000</point>
				<point>10.000000,884.000000</point>
				<point>10.000000,874.000000</point>
				<point>37.000000,874.000000</point>
				<point>37.000000,884.000000</point>
			</points>
		</object>
		<object>
			<coordinate>pixel</coordinate>
			<type>rectangle</type>
			<description>None</description>
			<possibleresult>
				<name>Small Car</name>
			</possibleresult>
			<points>
				<point>63.000000,989.000000</point>
				<point>43.000000,989.000000</point>
				<point>43.000000,981.000000</point>
				<point>63.000000,981.000000</point>
				<point>63.000000,989.000000</point>
			</points>
		</object>
	</objects>
</annotation>