<?xml version="1.0" encoding="utf-8"?>
<annotation>
	<source>
		<filename>338.tif</filename>
		<origin>GF2/GF3</origin>
	</source>
	<research>
		<version>1.0</version>
		<provider>FAIR1M</provider>
		<author>Cyber</author>
		<pluginname>FAIR1M</pluginname>
		<pluginclass>object detection</pluginclass>
		<time>2021-07-21</time>
	</research>
	<size>
		<width>1000</width>
		<height>1000</height>
		<depth>3</depth>
	</size>
	<objects>
		<object>
			<coordinate>pixel</coordinate>
			<type>rectangle</type>
			<description>None</description>
			<possibleresult>
				<name>Small Car</name>
			</possibleresult>
			<points>
				<point>787.000000,32.000000</point>
				<point>776.000000,48.000000</point>
				<point>769.000000,43.000000</point>
				<point>780.000000,27.000000</point>
				<point>787.000000,32.000000</point>
			</points>
		</object>
		<object>
			<coordinate>pixel</coordinate>
			<type>rectangle</type>
			<description>None</description>
			<possibleresult>
				<name>Small Car</name>
			</possibleresult>
			<points>
				<point>910.000000,35.000000</point>
				<point>888.000000,35.000000</point>
				<point>888.000000,28.000000</point>
				<point>910.000000,28.000000</point>
				<point>910.000000,35.000000</point>
			</points>
		</object>
		<object>
			<coordinate>pixel</coordinate>
			<type>rectangle</type>
			<description>None</description>
			<possibleresult>
				<name>Small Car</name>
			</possibleresult>
			<points>
				<point>921.000000,41.000000</point>
				<point>913.000000,57.000000</point>
				<point>905.000000,53.000000</point>
				<point>914.000000,38.000000</point>
				<point>921.000000,41.000000</point>
			</points>
		</object>
		<object>
			<coordinate>pixel</coordinate>
			<type>rectangle</type>
			<description>None</description>
			<possibleresult>
				<name>Small Car</name>
			</possibleresult>
			<points>
				<point>933.000000,42.000000</point>
				<point>923.000000,59.000000</point>
				<point>916.000000,55.000000</point>
				<point>926.000000,38.000000</point>
				<point>933.000000,42.000000</point>
			</points>
		</object>
		<object>
			<coordinate>pixel</coordinate>
			<type>rectangle</type>
			<description>None</description>
			<possibleresult>
				<name>Small Car</name>
			</possibleresult>
			<points>
				<point>765.000000,104.000000</point>
				<point>753.000000,122.000000</point>
				<point>745.000000,117.000000</point>
				<point>758.000000,100.000000</point>
				<point>765.000000,104.000000</point>
			</points>
		</object>
		<object>
			<coordinate>pixel</coordinate>
			<type>rectangle</type>
			<description>None</description>
			<possibleresult>
				<name>Small Car</name>
			</possibleresult>
			<points>
				<point>571.000000,265.000000</point>
				<point>563.000000,271.000000</point>
				<point>551.000000,258.000000</point>
				<point>559.000000,251.000000</point>
				<point>571.000000,265.000000</point>
			</points>
		</object>
		<object>
			<coordinate>pixel</coordinate>
			<type>rectangle</type>
			<description>None</description>
			<possibleresult>
				<name>Small Car</name>
			</possibleresult>
			<points>
				<point>677.000000,347.000000</point>
				<point>662.000000,360.000000</point>
				<point>656.000000,353.000000</point>
				<point>671.000000,340.000000</point>
				<point>677.000000,347.000000</point>
			</points>
		</object>
		<object>
			<coordinate>pixel</coordinate>
			<type>rectangle</type>
			<description>None</description>
			<possibleresult>
				<name>Dump Truck</name>
			</possibleresult>
			<points>
				<point>695.000000,370.000000</point>
				<point>676.000000,382.000000</point>
				<point>670.000000,374.000000</point>
				<point>689.000000,362.000000</point>
				<point>695.000000,370.000000</point>
			</points>
		</object>
		<object>
			<coordinate>pixel</coordinate>
			<type>rectangle</type>
			<description>None</description>
			<possibleresult>
				<name>Van</name>
			</possibleresult>
			<points>
				<point>525.000000,265.000000</point>
				<point>518.000000,270.000000</point>
				<point>506.000000,255.000000</point>
				<point>513.000000,250.000000</point>
				<point>525.000000,265.000000</point>
			</points>
		</object>
		<object>
			<coordinate>pixel</coordinate>
			<type>rectangle</type>
			<description>None</description>
			<possibleresult>
				<name>Small Car</name>
			</possibleresult>
			<points>
				<point>557.000000,292.000000</point>
				<point>550.000000,297.000000</point>
				<point>538.000000,283.000000</point>
				<point>545.000000,277.000000</point>
				<point>557.000000,292.000000</point>
			</points>
		</object>
		<object>
			<coordinate>pixel</coordinate>
			<type>rectangle</type>
			<description>None</description>
			<possibleresult>
				<name>Small Car</name>
			</possibleresult>
			<points>
				<point>594.000000,335.000000</point>
				<point>587.000000,343.000000</point>
				<point>573.000000,331.000000</point>
				<point>580.000000,323.000000</point>
				<point>594.000000,335.000000</point>
			</points>
		</object>
		<object>
			<coordinate>pixel</coordinate>
			<type>rectangle</type>
			<description>None</description>
			<possibleresult>
				<name>Small Car</name>
			</possibleresult>
			<points>
				<point>530.000000,441.000000</point>
				<point>510.000000,451.000000</point>
				<point>506.000000,444.000000</point>
				<point>526.000000,434.000000</point>
				<point>530.000000,441.000000</point>
			</points>
		</object>
		<object>
			<coordinate>pixel</coordinate>
			<type>rectangle</type>
			<description>None</description>
			<possibleresult>
				<name>Small Car</name>
			</possibleresult>
			<points>
				<point>578.000000,503.000000</point>
				<point>561.000000,511.000000</point>
				<point>558.000000,504.000000</point>
				<point>574.000000,495.000000</point>
				<point>578.000000,503.000000</point>
			</points>
		</object>
		<object>
			<coordinate>pixel</coordinate>
			<type>rectangle</type>
			<description>None</description>
			<possibleresult>
				<name>Van</name>
			</possibleresult>
			<points>
				<point>311.000000,361.000000</point>
				<point>306.000000,367.000000</point>
				<point>292.000000,353.000000</point>
				<point>298.000000,348.000000</point>
				<point>311.000000,361.000000</point>
			</points>
		</object>
		<object>
			<coordinate>pixel</coordinate>
			<type>rectangle</type>
			<description>None</description>
			<possibleresult>
				<name>Van</name>
			</possibleresult>
			<points>
				<point>57.000000,466.000000</point>
				<point>51.000000,471.000000</point>
				<point>39.000000,456.000000</point>
				<point>46.000000,452.000000</point>
				<point>57.000000,466.000000</point>
			</points>
		</object>
		<object>
			<coordinate>pixel</coordinate>
			<type>rectangle</type>
			<description>None</description>
			<possibleresult>
				<name>Small Car</name>
			</possibleresult>
			<points>
				<point>263.000000,528.000000</point>
				<point>255.000000,532.000000</point>
				<point>245.000000,517.000000</point>
				<point>252.000000,512.000000</point>
				<point>263.000000,528.000000</point>
			</points>
		</object>
		<object>
			<coordinate>pixel</coordinate>
			<type>rectangle</type>
			<description>None</description>
			<possibleresult>
				<name>Van</name>
			</possibleresult>
			<points>
				<point>283.000000,517.000000</point>
				<point>276.000000,522.000000</point>
				<point>265.000000,506.000000</point>
				<point>273.000000,501.000000</point>
				<point>283.000000,517.000000</point>
			</points>
		</object>
		<object>
			<coordinate>pixel</coordinate>
			<type>rectangle</type>
			<description>None</description>
			<possibleresult>
				<name>Small Car</name>
			</possibleresult>
			<points>
				<point>296.000000,514.000000</point>
				<point>288.000000,519.000000</point>
				<point>278.000000,503.000000</point>
				<point>286.000000,498.000000</point>
				<point>296.000000,514.000000</point>
			</points>
		</object>
		<object>
			<coordinate>pixel</coordinate>
			<type>rectangle</type>
			<description>None</description>
			<possibleresult>
				<name>Van</name>
			</possibleresult>
			<points>
				<point>327.000000,498.000000</point>
				<point>320.000000,503.000000</point>
				<point>312.000000,491.000000</point>
				<point>319.000000,486.000000</point>
				<point>327.000000,498.000000</point>
			</points>
		</object>
		<object>
			<coordinate>pixel</coordinate>
			<type>rectangle</type>
			<description>None</description>
			<possibleresult>
				<name>Small Car</name>
			</possibleresult>
			<points>
				<point>348.000000,516.000000</point>
				<point>339.000000,520.000000</point>
				<point>331.000000,503.000000</point>
				<point>340.000000,499.000000</point>
				<point>348.000000,516.000000</point>
			</points>
		</object>
		<object>
			<coordinate>pixel</coordinate>
			<type>rectangle</type>
			<description>None</description>
			<possibleresult>
				<name>Van</name>
			</possibleresult>
			<points>
				<point>416.000000,501.000000</point>
				<point>397.000000,509.000000</point>
				<point>393.000000,500.000000</point>
				<point>412.000000,492.000000</point>
				<point>416.000000,501.000000</point>
			</points>
		</object>
		<object>
			<coordinate>pixel</coordinate>
			<type>rectangle</type>
			<description>None</description>
			<possibleresult>
				<name>Small Car</name>
			</possibleresult>
			<points>
				<point>421.000000,510.000000</point>
				<point>403.000000,519.000000</point>
				<point>399.000000,512.000000</point>
				<point>417.000000,502.000000</point>
				<point>421.000000,510.000000</point>
			</points>
		</object>
		<object>
			<coordinate>pixel</coordinate>
			<type>rectangle</type>
			<description>None</description>
			<possibleresult>
				<name>Van</name>
			</possibleresult>
			<points>
				<point>488.000000,549.000000</point>
				<point>479.000000,554.000000</point>
				<point>469.000000,536.000000</point>
				<point>479.000000,532.000000</point>
				<point>488.000000,549.000000</point>
			</points>
		</object>
		<object>
			<coordinate>pixel</coordinate>
			<type>rectangle</type>
			<description>None</description>
			<possibleresult>
				<name>Small Car</name>
			</possibleresult>
			<points>
				<point>139.000000,301.000000</point>
				<point>132.000000,308.000000</point>
				<point>119.000000,293.000000</point>
				<point>126.000000,286.000000</point>
				<point>139.000000,301.000000</point>
			</points>
		</object>
		<object>
			<coordinate>pixel</coordinate>
			<type>rectangle</type>
			<description>None</description>
			<possibleresult>
				<name>Small Car</name>
			</possibleresult>
			<points>
				<point>93.000000,360.000000</point>
				<point>87.000000,366.000000</point>
				<point>73.000000,351.000000</point>
				<point>80.000000,346.000000</point>
				<point>93.000000,360.000000</point>
			</points>
		</object>
		<object>
			<coordinate>pixel</coordinate>
			<type>rectangle</type>
			<description>None</description>
			<possibleresult>
				<name>Motorboat</name>
			</possibleresult>
			<points>
				<point>87.000000,302.000000</point>
				<point>64.000000,315.000000</point>
				<point>59.000000,307.000000</point>
				<point>82.000000,294.000000</point>
				<point>87.000000,302.000000</point>
			</points>
		</object>
		<object>
			<coordinate>pixel</coordinate>
			<type>rectangle</type>
			<description>None</description>
			<possibleresult>
				<name>Van</name>
			</possibleresult>
			<points>
				<point>839.000000,390.000000</point>
				<point>824.000000,401.000000</point>
				<point>819.000000,394.000000</point>
				<point>834.000000,383.000000</point>
				<point>839.000000,390.000000</point>
			</points>
		</object>
		<object>
			<coordinate>pixel</coordinate>
			<type>rectangle</type>
			<description>None</description>
			<possibleresult>
				<name>Van</name>
			</possibleresult>
			<points>
				<point>768.000000,410.000000</point>
				<point>750.000000,422.000000</point>
				<point>745.000000,415.000000</point>
				<point>764.000000,404.000000</point>
				<point>768.000000,410.000000</point>
			</points>
		</object>
		<object>
			<coordinate>pixel</coordinate>
			<type>rectangle</type>
			<description>None</description>
			<possibleresult>
				<name>Small Car</name>
			</possibleresult>
			<points>
				<point>439.000000,631.000000</point>
				<point>416.000000,641.000000</point>
				<point>412.000000,632.000000</point>
				<point>435.000000,622.000000</point>
				<point>439.000000,631.000000</point>
			</points>
		</object>
		<object>
			<coordinate>pixel</coordinate>
			<type>rectangle</type>
			<description>None</description>
			<possibleresult>
				<name>Van</name>
			</possibleresult>
			<points>
				<point>994.000000,398.000000</point>
				<point>989.000000,404.000000</point>
				<point>979.000000,398.000000</point>
				<point>983.000000,391.000000</point>
				<point>994.000000,398.000000</point>
			</points>
		</object>
		<object>
			<coordinate>pixel</coordinate>
			<type>rectangle</type>
			<description>None</description>
			<possibleresult>
				<name>Small Car</name>
			</possibleresult>
			<points>
				<point>977.000000,410.000000</point>
				<point>972.000000,417.000000</point>
				<point>965.000000,413.000000</point>
				<point>970.000000,406.000000</point>
				<point>977.000000,410.000000</point>
			</points>
		</object>
		<object>
			<coordinate>pixel</coordinate>
			<type>rectangle</type>
			<description>None</description>
			<possibleresult>
				<name>Small Car</name>
			</possibleresult>
			<points>
				<point>999.000000,473.000000</point>
				<point>995.000000,479.000000</point>
				<point>983.000000,472.000000</point>
				<point>986.000000,465.000000</point>
				<point>999.000000,473.000000</point>
			</points>
		</object>
		<object>
			<coordinate>pixel</coordinate>
			<type>rectangle</type>
			<description>None</description>
			<possibleresult>
				<name>Small Car</name>
			</possibleresult>
			<points>
				<point>985.000000,495.000000</point>
				<point>981.000000,502.000000</point>
				<point>965.000000,494.000000</point>
				<point>968.000000,486.000000</point>
				<point>985.000000,495.000000</point>
			</points>
		</object>
		<object>
			<coordinate>pixel</coordinate>
			<type>rectangle</type>
			<description>None</description>
			<possibleresult>
				<name>Van</name>
			</possibleresult>
			<points>
				<point>927.000000,481.000000</point>
				<point>925.000000,489.000000</point>
				<point>913.000000,484.000000</point>
				<point>915.000000,476.000000</point>
				<point>927.000000,481.000000</point>
			</points>
		</object>
		<object>
			<coordinate>pixel</coordinate>
			<type>rectangle</type>
			<description>None</description>
			<possibleresult>
				<name>Small Car</name>
			</possibleresult>
			<points>
				<point>921.000000,490.000000</point>
				<point>918.000000,497.000000</point>
				<point>908.000000,492.000000</point>
				<point>912.000000,486.000000</point>
				<point>921.000000,490.000000</point>
			</points>
		</object>
		<object>
			<coordinate>pixel</coordinate>
			<type>rectangle</type>
			<description>None</description>
			<possibleresult>
				<name>Van</name>
			</possibleresult>
			<points>
				<point>913.000000,504.000000</point>
				<point>911.000000,512.000000</point>
				<point>899.000000,508.000000</point>
				<point>902.000000,501.000000</point>
				<point>913.000000,504.000000</point>
			</points>
		</object>
		<object>
			<coordinate>pixel</coordinate>
			<type>rectangle</type>
			<description>None</description>
			<possibleresult>
				<name>Van</name>
			</possibleresult>
			<points>
				<point>923.000000,582.000000</point>
				<point>919.000000,589.000000</point>
				<point>901.000000,580.000000</point>
				<point>905.000000,573.000000</point>
				<point>923.000000,582.000000</point>
			</points>
		</object>
		<object>
			<coordinate>pixel</coordinate>
			<type>rectangle</type>
			<description>None</description>
			<possibleresult>
				<name>Small Car</name>
			</possibleresult>
			<points>
				<point>907.000000,604.000000</point>
				<point>903.000000,611.000000</point>
				<point>885.000000,602.000000</point>
				<point>888.000000,594.000000</point>
				<point>907.000000,604.000000</point>
			</points>
		</object>
		<object>
			<coordinate>pixel</coordinate>
			<type>rectangle</type>
			<description>None</description>
			<possibleresult>
				<name>Van</name>
			</possibleresult>
			<points>
				<point>818.000000,593.000000</point>
				<point>810.000000,597.000000</point>
				<point>802.000000,581.000000</point>
				<point>811.000000,578.000000</point>
				<point>818.000000,593.000000</point>
			</points>
		</object>
		<object>
			<coordinate>pixel</coordinate>
			<type>rectangle</type>
			<description>None</description>
			<possibleresult>
				<name>other-vehicle</name>
			</possibleresult>
			<points>
				<point>875.000000,837.000000</point>
				<point>875.000000,844.000000</point>
				<point>858.000000,842.000000</point>
				<point>859.000000,836.000000</point>
				<point>875.000000,837.000000</point>
			</points>
		</object>
		<object>
			<coordinate>pixel</coordinate>
			<type>rectangle</type>
			<description>None</description>
			<possibleresult>
				<name>other-vehicle</name>
			</possibleresult>
			<points>
				<point>857.000000,849.000000</point>
				<point>856.000000,856.000000</point>
				<point>837.000000,854.000000</point>
				<point>837.000000,846.000000</point>
				<point>857.000000,849.000000</point>
			</points>
		</object>
		<object>
			<coordinate>pixel</coordinate>
			<type>rectangle</type>
			<description>None</description>
			<possibleresult>
				<name>Intersection</name>
			</possibleresult>
			<points>
				<point>141.000000,782.000000</point>
				<point>89.000000,818.000000</point>
				<point>61.000000,777.000000</point>
				<point>113.000000,742.000000</point>
				<point>141.000000,782.000000</point>
			</points>
		</object>
		<object>
			<coordinate>pixel</coordinate>
			<type>rectangle</type>
			<description>None</description>
			<possibleresult>
				<name>Tennis Court</name>
			</possibleresult>
			<points>
				<point>594.000000,136.000000</point>
				<point>579.000000,171.000000</point>
				<point>478.000000,130.000000</point>
				<point>492.000000,94.000000</point>
				<point>594.000000,136.000000</point>
			</points>
		</object>
		<object>
			<coordinate>pixel</coordinate>
			<type>rectangle</type>
			<description>None</description>
			<possibleresult>
				<name>Tennis Court</name>
			</possibleresult>
			<points>
				<point>626.000000,91.000000</point>
				<point>611.000000,128.000000</point>
				<point>509.000000,86.000000</point>
				<point>523.000000,50.000000</point>
				<point>626.000000,91.000000</point>
			</points>
		</object>
		<object>
			<coordinate>pixel</coordinate>
			<type>rectangle</type>
			<description>None</description>
			<possibleresult>
				<name>Tennis Court</name>
			</possibleresult>
			<points>
				<point>659.000000,48.000000</point>
				<point>644.000000,85.000000</point>
				<point>541.000000,43.000000</point>
				<point>555.000000,6.000000</point>
				<point>659.000000,48.000000</point>
			</points>
		</object>
	</objects>
</annotation>