<?xml version="1.0" encoding="utf-8"?>
<annotation>
	<source>
		<filename>34.tif</filename>
		<origin>GF2/GF3</origin>
	</source>
	<research>
		<version>1.0</version>
		<provider>FAIR1M</provider>
		<author>Cyber</author>
		<pluginname>FAIR1M</pluginname>
		<pluginclass>object detection</pluginclass>
		<time>2021-07-21</time>
	</research>
	<size>
		<width>1000</width>
		<height>1000</height>
		<depth>3</depth>
	</size>
	<objects>
		<object>
			<coordinate>pixel</coordinate>
			<type>rectangle</type>
			<description>None</description>
			<possibleresult>
				<name>A220</name>
			</possibleresult>
			<points>
				<point>99.000000,381.000000</point>
				<point>124.000000,419.000000</point>
				<point>160.000000,396.000000</point>
				<point>136.000000,358.000000</point>
				<point>99.000000,381.000000</point>
			</points>
		</object>
		<object>
			<coordinate>pixel</coordinate>
			<type>rectangle</type>
			<description>None</description>
			<possibleresult>
				<name>Boeing737</name>
			</possibleresult>
			<points>
				<point>228.000000,295.000000</point>
				<point>255.000000,336.000000</point>
				<point>292.000000,311.000000</point>
				<point>265.000000,271.000000</point>
				<point>228.000000,295.000000</point>
			</points>
		</object>
		<object>
			<coordinate>pixel</coordinate>
			<type>rectangle</type>
			<description>None</description>
			<possibleresult>
				<name>other-airplane</name>
			</possibleresult>
			<points>
				<point>587.000000,49.000000</point>
				<point>610.000000,83.000000</point>
				<point>645.000000,59.000000</point>
				<point>622.000000,25.000000</point>
				<point>587.000000,49.000000</point>
			</points>
		</object>
		<object>
			<coordinate>pixel</coordinate>
			<type>rectangle</type>
			<description>None</description>
			<possibleresult>
				<name>A220</name>
			</possibleresult>
			<points>
				<point>664.000000,15.000000</point>
				<point>688.000000,53.000000</point>
				<point>724.000000,30.000000</point>
				<point>700.000000,-8.000000</point>
				<point>664.000000,15.000000</point>
			</points>
		</object>
	</objects>
</annotation>