<?xml version="1.0" encoding="utf-8"?>
<annotation>
	<source>
		<filename>341.tif</filename>
		<origin>GF2/GF3</origin>
	</source>
	<research>
		<version>1.0</version>
		<provider>FAIR1M</provider>
		<author>Cyber</author>
		<pluginname>FAIR1M</pluginname>
		<pluginclass>object detection</pluginclass>
		<time>2021-07-21</time>
	</research>
	<size>
		<width>1000</width>
		<height>1000</height>
		<depth>3</depth>
	</size>
	<objects>
		<object>
			<coordinate>pixel</coordinate>
			<type>rectangle</type>
			<description>None</description>
			<possibleresult>
				<name>Small Car</name>
			</possibleresult>
			<points>
				<point>543.000000,670.000000</point>
				<point>530.000000,687.000000</point>
				<point>522.000000,681.000000</point>
				<point>536.000000,665.000000</point>
				<point>543.000000,670.000000</point>
			</points>
		</object>
		<object>
			<coordinate>pixel</coordinate>
			<type>rectangle</type>
			<description>None</description>
			<possibleresult>
				<name>Van</name>
			</possibleresult>
			<points>
				<point>742.000000,980.000000</point>
				<point>723.000000,990.000000</point>
				<point>720.000000,983.000000</point>
				<point>738.000000,972.000000</point>
				<point>742.000000,980.000000</point>
			</points>
		</object>
		<object>
			<coordinate>pixel</coordinate>
			<type>rectangle</type>
			<description>None</description>
			<possibleresult>
				<name>Van</name>
			</possibleresult>
			<points>
				<point>69.000000,288.000000</point>
				<point>63.000000,293.000000</point>
				<point>51.000000,279.000000</point>
				<point>56.000000,273.000000</point>
				<point>69.000000,288.000000</point>
			</points>
		</object>
		<object>
			<coordinate>pixel</coordinate>
			<type>rectangle</type>
			<description>None</description>
			<possibleresult>
				<name>Van</name>
			</possibleresult>
			<points>
				<point>277.000000,242.000000</point>
				<point>270.000000,247.000000</point>
				<point>260.000000,233.000000</point>
				<point>267.000000,228.000000</point>
				<point>277.000000,242.000000</point>
			</points>
		</object>
		<object>
			<coordinate>pixel</coordinate>
			<type>rectangle</type>
			<description>None</description>
			<possibleresult>
				<name>Dump Truck</name>
			</possibleresult>
			<points>
				<point>308.000000,228.000000</point>
				<point>301.000000,234.000000</point>
				<point>291.000000,219.000000</point>
				<point>298.000000,213.000000</point>
				<point>308.000000,228.000000</point>
			</points>
		</object>
		<object>
			<coordinate>pixel</coordinate>
			<type>rectangle</type>
			<description>None</description>
			<possibleresult>
				<name>Small Car</name>
			</possibleresult>
			<points>
				<point>333.000000,219.000000</point>
				<point>327.000000,225.000000</point>
				<point>314.000000,210.000000</point>
				<point>320.000000,204.000000</point>
				<point>333.000000,219.000000</point>
			</points>
		</object>
		<object>
			<coordinate>pixel</coordinate>
			<type>rectangle</type>
			<description>None</description>
			<possibleresult>
				<name>Small Car</name>
			</possibleresult>
			<points>
				<point>354.000000,211.000000</point>
				<point>348.000000,216.000000</point>
				<point>334.000000,198.000000</point>
				<point>341.000000,192.000000</point>
				<point>354.000000,211.000000</point>
			</points>
		</object>
		<object>
			<coordinate>pixel</coordinate>
			<type>rectangle</type>
			<description>None</description>
			<possibleresult>
				<name>Van</name>
			</possibleresult>
			<points>
				<point>235.000000,213.000000</point>
				<point>231.000000,219.000000</point>
				<point>218.000000,209.000000</point>
				<point>223.000000,203.000000</point>
				<point>235.000000,213.000000</point>
			</points>
		</object>
		<object>
			<coordinate>pixel</coordinate>
			<type>rectangle</type>
			<description>None</description>
			<possibleresult>
				<name>Dump Truck</name>
			</possibleresult>
			<points>
				<point>259.000000,189.000000</point>
				<point>253.000000,195.000000</point>
				<point>237.000000,179.000000</point>
				<point>243.000000,173.000000</point>
				<point>259.000000,189.000000</point>
			</points>
		</object>
		<object>
			<coordinate>pixel</coordinate>
			<type>rectangle</type>
			<description>None</description>
			<possibleresult>
				<name>Dump Truck</name>
			</possibleresult>
			<points>
				<point>274.000000,179.000000</point>
				<point>263.000000,185.000000</point>
				<point>248.000000,161.000000</point>
				<point>259.000000,154.000000</point>
				<point>274.000000,179.000000</point>
			</points>
		</object>
		<object>
			<coordinate>pixel</coordinate>
			<type>rectangle</type>
			<description>None</description>
			<possibleresult>
				<name>Dump Truck</name>
			</possibleresult>
			<points>
				<point>290.000000,168.000000</point>
				<point>282.000000,173.000000</point>
				<point>271.000000,156.000000</point>
				<point>279.000000,151.000000</point>
				<point>290.000000,168.000000</point>
			</points>
		</object>
		<object>
			<coordinate>pixel</coordinate>
			<type>rectangle</type>
			<description>None</description>
			<possibleresult>
				<name>Van</name>
			</possibleresult>
			<points>
				<point>305.000000,160.000000</point>
				<point>298.000000,166.000000</point>
				<point>282.000000,147.000000</point>
				<point>290.000000,142.000000</point>
				<point>305.000000,160.000000</point>
			</points>
		</object>
		<object>
			<coordinate>pixel</coordinate>
			<type>rectangle</type>
			<description>None</description>
			<possibleresult>
				<name>other-vehicle</name>
			</possibleresult>
			<points>
				<point>257.000000,154.000000</point>
				<point>246.000000,159.000000</point>
				<point>234.000000,136.000000</point>
				<point>245.000000,131.000000</point>
				<point>257.000000,154.000000</point>
			</points>
		</object>
		<object>
			<coordinate>pixel</coordinate>
			<type>rectangle</type>
			<description>None</description>
			<possibleresult>
				<name>Cargo Truck</name>
			</possibleresult>
			<points>
				<point>364.000000,51.000000</point>
				<point>362.000000,60.000000</point>
				<point>332.000000,54.000000</point>
				<point>333.000000,44.000000</point>
				<point>364.000000,51.000000</point>
			</points>
		</object>
		<object>
			<coordinate>pixel</coordinate>
			<type>rectangle</type>
			<description>None</description>
			<possibleresult>
				<name>Dump Truck</name>
			</possibleresult>
			<points>
				<point>395.000000,58.000000</point>
				<point>392.000000,67.000000</point>
				<point>367.000000,59.000000</point>
				<point>369.000000,49.000000</point>
				<point>395.000000,58.000000</point>
			</points>
		</object>
		<object>
			<coordinate>pixel</coordinate>
			<type>rectangle</type>
			<description>None</description>
			<possibleresult>
				<name>Dump Truck</name>
			</possibleresult>
			<points>
				<point>299.000000,74.000000</point>
				<point>270.000000,79.000000</point>
				<point>269.000000,70.000000</point>
				<point>297.000000,66.000000</point>
				<point>299.000000,74.000000</point>
			</points>
		</object>
		<object>
			<coordinate>pixel</coordinate>
			<type>rectangle</type>
			<description>None</description>
			<possibleresult>
				<name>Dump Truck</name>
			</possibleresult>
			<points>
				<point>165.000000,92.000000</point>
				<point>155.000000,95.000000</point>
				<point>150.000000,73.000000</point>
				<point>160.000000,70.000000</point>
				<point>165.000000,92.000000</point>
			</points>
		</object>
		<object>
			<coordinate>pixel</coordinate>
			<type>rectangle</type>
			<description>None</description>
			<possibleresult>
				<name>Dump Truck</name>
			</possibleresult>
			<points>
				<point>148.000000,86.000000</point>
				<point>137.000000,90.000000</point>
				<point>130.000000,71.000000</point>
				<point>142.000000,68.000000</point>
				<point>148.000000,86.000000</point>
			</points>
		</object>
		<object>
			<coordinate>pixel</coordinate>
			<type>rectangle</type>
			<description>None</description>
			<possibleresult>
				<name>Van</name>
			</possibleresult>
			<points>
				<point>116.000000,97.000000</point>
				<point>107.000000,99.000000</point>
				<point>102.000000,81.000000</point>
				<point>112.000000,78.000000</point>
				<point>116.000000,97.000000</point>
			</points>
		</object>
		<object>
			<coordinate>pixel</coordinate>
			<type>rectangle</type>
			<description>None</description>
			<possibleresult>
				<name>Dump Truck</name>
			</possibleresult>
			<points>
				<point>104.000000,101.000000</point>
				<point>93.000000,105.000000</point>
				<point>85.000000,84.000000</point>
				<point>96.000000,80.000000</point>
				<point>104.000000,101.000000</point>
			</points>
		</object>
		<object>
			<coordinate>pixel</coordinate>
			<type>rectangle</type>
			<description>None</description>
			<possibleresult>
				<name>Dump Truck</name>
			</possibleresult>
			<points>
				<point>33.000000,113.000000</point>
				<point>24.000000,118.000000</point>
				<point>16.000000,99.000000</point>
				<point>25.000000,94.000000</point>
				<point>33.000000,113.000000</point>
			</points>
		</object>
		<object>
			<coordinate>pixel</coordinate>
			<type>rectangle</type>
			<description>None</description>
			<possibleresult>
				<name>Dump Truck</name>
			</possibleresult>
			<points>
				<point>195.000000,41.000000</point>
				<point>166.000000,44.000000</point>
				<point>166.000000,35.000000</point>
				<point>194.000000,31.000000</point>
				<point>195.000000,41.000000</point>
			</points>
		</object>
		<object>
			<coordinate>pixel</coordinate>
			<type>rectangle</type>
			<description>None</description>
			<possibleresult>
				<name>Dump Truck</name>
			</possibleresult>
			<points>
				<point>152.000000,28.000000</point>
				<point>143.000000,35.000000</point>
				<point>129.000000,17.000000</point>
				<point>138.000000,10.000000</point>
				<point>152.000000,28.000000</point>
			</points>
		</object>
		<object>
			<coordinate>pixel</coordinate>
			<type>rectangle</type>
			<description>None</description>
			<possibleresult>
				<name>Cargo Truck</name>
			</possibleresult>
			<points>
				<point>606.000000,72.000000</point>
				<point>599.000000,79.000000</point>
				<point>584.000000,66.000000</point>
				<point>591.000000,58.000000</point>
				<point>606.000000,72.000000</point>
			</points>
		</object>
		<object>
			<coordinate>pixel</coordinate>
			<type>rectangle</type>
			<description>None</description>
			<possibleresult>
				<name>Cargo Truck</name>
			</possibleresult>
			<points>
				<point>615.000000,64.000000</point>
				<point>608.000000,72.000000</point>
				<point>594.000000,60.000000</point>
				<point>601.000000,52.000000</point>
				<point>615.000000,64.000000</point>
			</points>
		</object>
		<object>
			<coordinate>pixel</coordinate>
			<type>rectangle</type>
			<description>None</description>
			<possibleresult>
				<name>Cargo Truck</name>
			</possibleresult>
			<points>
				<point>637.000000,63.000000</point>
				<point>631.000000,72.000000</point>
				<point>607.000000,55.000000</point>
				<point>614.000000,47.000000</point>
				<point>637.000000,63.000000</point>
			</points>
		</object>
		<object>
			<coordinate>pixel</coordinate>
			<type>rectangle</type>
			<description>None</description>
			<possibleresult>
				<name>Cargo Truck</name>
			</possibleresult>
			<points>
				<point>648.000000,54.000000</point>
				<point>641.000000,64.000000</point>
				<point>617.000000,48.000000</point>
				<point>624.000000,38.000000</point>
				<point>648.000000,54.000000</point>
			</points>
		</object>
		<object>
			<coordinate>pixel</coordinate>
			<type>rectangle</type>
			<description>None</description>
			<possibleresult>
				<name>Cargo Truck</name>
			</possibleresult>
			<points>
				<point>660.000000,49.000000</point>
				<point>653.000000,58.000000</point>
				<point>628.000000,38.000000</point>
				<point>636.000000,30.000000</point>
				<point>660.000000,49.000000</point>
			</points>
		</object>
		<object>
			<coordinate>pixel</coordinate>
			<type>rectangle</type>
			<description>None</description>
			<possibleresult>
				<name>Cargo Truck</name>
			</possibleresult>
			<points>
				<point>663.000000,37.000000</point>
				<point>656.000000,45.000000</point>
				<point>640.000000,30.000000</point>
				<point>648.000000,23.000000</point>
				<point>663.000000,37.000000</point>
			</points>
		</object>
		<object>
			<coordinate>pixel</coordinate>
			<type>rectangle</type>
			<description>None</description>
			<possibleresult>
				<name>Cargo Truck</name>
			</possibleresult>
			<points>
				<point>487.000000,35.000000</point>
				<point>463.000000,50.000000</point>
				<point>458.000000,41.000000</point>
				<point>481.000000,25.000000</point>
				<point>487.000000,35.000000</point>
			</points>
		</object>
		<object>
			<coordinate>pixel</coordinate>
			<type>rectangle</type>
			<description>None</description>
			<possibleresult>
				<name>Cargo Truck</name>
			</possibleresult>
			<points>
				<point>443.000000,9.000000</point>
				<point>417.000000,28.000000</point>
				<point>411.000000,19.000000</point>
				<point>436.000000,0.000000</point>
				<point>443.000000,9.000000</point>
			</points>
		</object>
		<object>
			<coordinate>pixel</coordinate>
			<type>rectangle</type>
			<description>None</description>
			<possibleresult>
				<name>Cargo Truck</name>
			</possibleresult>
			<points>
				<point>571.000000,22.000000</point>
				<point>548.000000,29.000000</point>
				<point>546.000000,20.000000</point>
				<point>569.000000,13.000000</point>
				<point>571.000000,22.000000</point>
			</points>
		</object>
		<object>
			<coordinate>pixel</coordinate>
			<type>rectangle</type>
			<description>None</description>
			<possibleresult>
				<name>Cargo Truck</name>
			</possibleresult>
			<points>
				<point>591.000000,15.000000</point>
				<point>571.000000,18.000000</point>
				<point>569.000000,11.000000</point>
				<point>590.000000,7.000000</point>
				<point>591.000000,15.000000</point>
			</points>
		</object>
		<object>
			<coordinate>pixel</coordinate>
			<type>rectangle</type>
			<description>None</description>
			<possibleresult>
				<name>Cargo Truck</name>
			</possibleresult>
			<points>
				<point>565.000000,12.000000</point>
				<point>542.000000,17.000000</point>
				<point>539.000000,8.000000</point>
				<point>562.000000,3.000000</point>
				<point>565.000000,12.000000</point>
			</points>
		</object>
		<object>
			<coordinate>pixel</coordinate>
			<type>rectangle</type>
			<description>None</description>
			<possibleresult>
				<name>Roundabout</name>
			</possibleresult>
			<points>
				<point>841.000000,494.000000</point>
				<point>812.000000,425.000000</point>
				<point>907.000000,384.000000</point>
				<point>936.000000,453.000000</point>
				<point>841.000000,494.000000</point>
			</points>
		</object>
		<object>
			<coordinate>pixel</coordinate>
			<type>rectangle</type>
			<description>None</description>
			<possibleresult>
				<name>Cargo Truck</name>
			</possibleresult>
			<points>
				<point>191.000000,1.000000</point>
				<point>198.000000,10.000000</point>
				<point>180.000000,25.000000</point>
				<point>173.000000,16.000000</point>
				<point>191.000000,1.000000</point>
			</points>
		</object>
	</objects>
</annotation>