<?xml version="1.0" encoding="utf-8"?>
<annotation>
	<source>
		<filename>351.tif</filename>
		<origin>GF2/GF3</origin>
	</source>
	<research>
		<version>1.0</version>
		<provider>FAIR1M</provider>
		<author>Cyber</author>
		<pluginname>FAIR1M</pluginname>
		<pluginclass>object detection</pluginclass>
		<time>2021-07-21</time>
	</research>
	<size>
		<width>1500</width>
		<height>1500</height>
		<depth>3</depth>
	</size>
	<objects>
		<object>
			<coordinate>pixel</coordinate>
			<type>rectangle</type>
			<description>None</description>
			<possibleresult>
				<name>Fishing Boat</name>
			</possibleresult>
			<points>
				<point>1348.000000,1157.000000</point>
				<point>1426.000000,1084.000000</point>
				<point>1409.000000,1065.000000</point>
				<point>1330.000000,1138.000000</point>
				<point>1348.000000,1157.000000</point>
			</points>
		</object>
		<object>
			<coordinate>pixel</coordinate>
			<type>rectangle</type>
			<description>None</description>
			<possibleresult>
				<name>other-ship</name>
			</possibleresult>
			<points>
				<point>76.000000,665.000000</point>
				<point>74.000000,658.000000</point>
				<point>106.000000,648.000000</point>
				<point>108.000000,655.000000</point>
				<point>76.000000,665.000000</point>
			</points>
		</object>
	</objects>
</annotation>