<?xml version="1.0" encoding="utf-8"?>
<annotation>
	<source>
		<filename>355.tif</filename>
		<origin>GF2/GF3</origin>
	</source>
	<research>
		<version>1.0</version>
		<provider>FAIR1M</provider>
		<author>Cyber</author>
		<pluginname>FAIR1M</pluginname>
		<pluginclass>object detection</pluginclass>
		<time>2021-07-21</time>
	</research>
	<size>
		<width>1000</width>
		<height>1000</height>
		<depth>3</depth>
	</size>
	<objects>
		<object>
			<coordinate>pixel</coordinate>
			<type>rectangle</type>
			<description>None</description>
			<possibleresult>
				<name>Small Car</name>
			</possibleresult>
			<points>
				<point>854.000000,941.000061</point>
				<point>853.694336,948.030212</point>
				<point>830.694336,947.030212</point>
				<point>831.000000,940.000061</point>
				<point>854.000000,941.000061</point>
			</points>
		</object>
		<object>
			<coordinate>pixel</coordinate>
			<type>rectangle</type>
			<description>None</description>
			<possibleresult>
				<name>Small Car</name>
			</possibleresult>
			<points>
				<point>695.000000,799.000000</point>
				<point>673.000000,799.000000</point>
				<point>673.000000,792.000000</point>
				<point>695.000000,792.000000</point>
				<point>695.000000,799.000000</point>
			</points>
		</object>
		<object>
			<coordinate>pixel</coordinate>
			<type>rectangle</type>
			<description>None</description>
			<possibleresult>
				<name>Small Car</name>
			</possibleresult>
			<points>
				<point>724.999878,792.999878</point>
				<point>724.718750,800.028687</point>
				<point>699.718750,799.028687</point>
				<point>699.999878,791.999878</point>
				<point>724.999878,792.999878</point>
			</points>
		</object>
		<object>
			<coordinate>pixel</coordinate>
			<type>rectangle</type>
			<description>None</description>
			<possibleresult>
				<name>Van</name>
			</possibleresult>
			<points>
				<point>638.000000,772.000000</point>
				<point>616.000000,772.000000</point>
				<point>616.000000,766.000000</point>
				<point>638.000000,766.000000</point>
				<point>638.000000,772.000000</point>
			</points>
		</object>
		<object>
			<coordinate>pixel</coordinate>
			<type>rectangle</type>
			<description>None</description>
			<possibleresult>
				<name>Dump Truck</name>
			</possibleresult>
			<points>
				<point>612.297241,960.026001</point>
				<point>585.297241,961.026001</point>
				<point>585.000000,953.000000</point>
				<point>612.000000,952.000000</point>
				<point>612.297241,960.026001</point>
			</points>
		</object>
		<object>
			<coordinate>pixel</coordinate>
			<type>rectangle</type>
			<description>None</description>
			<possibleresult>
				<name>Intersection</name>
			</possibleresult>
			<points>
				<point>959.530151,111.991974</point>
				<point>893.000000,113.000000</point>
				<point>892.469849,78.008026</point>
				<point>959.000000,77.000000</point>
				<point>959.530151,111.991974</point>
			</points>
		</object>
		<object>
			<coordinate>pixel</coordinate>
			<type>rectangle</type>
			<description>None</description>
			<possibleresult>
				<name>Intersection</name>
			</possibleresult>
			<points>
				<point>962.000000,462.000000</point>
				<point>894.000000,462.000000</point>
				<point>894.000000,427.000000</point>
				<point>962.000000,427.000000</point>
				<point>962.000000,462.000000</point>
			</points>
		</object>
		<object>
			<coordinate>pixel</coordinate>
			<type>rectangle</type>
			<description>None</description>
			<possibleresult>
				<name>Intersection</name>
			</possibleresult>
			<points>
				<point>961.000000,278.000000</point>
				<point>893.000000,278.000000</point>
				<point>893.000000,259.000000</point>
				<point>961.000000,259.000000</point>
				<point>961.000000,278.000000</point>
			</points>
		</object>
		<object>
			<coordinate>pixel</coordinate>
			<type>rectangle</type>
			<description>None</description>
			<possibleresult>
				<name>Intersection</name>
			</possibleresult>
			<points>
				<point>953.999939,757.999939</point>
				<point>952.999939,810.999939</point>
				<point>886.985657,809.754456</point>
				<point>887.985657,756.754456</point>
				<point>953.999939,757.999939</point>
			</points>
		</object>
		<object>
			<coordinate>pixel</coordinate>
			<type>rectangle</type>
			<description>None</description>
			<possibleresult>
				<name>Van</name>
			</possibleresult>
			<points>
				<point>634.317505,793.014343</point>
				<point>634.000000,799.999939</point>
				<point>611.682495,798.985535</point>
				<point>612.000000,791.999939</point>
				<point>634.317505,793.014343</point>
			</points>
		</object>
		<object>
			<coordinate>pixel</coordinate>
			<type>rectangle</type>
			<description>None</description>
			<possibleresult>
				<name>Small Car</name>
			</possibleresult>
			<points>
				<point>595.000000,799.000000</point>
				<point>570.000000,799.000000</point>
				<point>570.000000,791.000000</point>
				<point>595.000000,791.000000</point>
				<point>595.000000,799.000000</point>
			</points>
		</object>
		<object>
			<coordinate>pixel</coordinate>
			<type>rectangle</type>
			<description>None</description>
			<possibleresult>
				<name>Van</name>
			</possibleresult>
			<points>
				<point>481.000000,775.000000</point>
				<point>459.000000,775.000000</point>
				<point>459.000000,766.000000</point>
				<point>481.000000,766.000000</point>
				<point>481.000000,775.000000</point>
			</points>
		</object>
		<object>
			<coordinate>pixel</coordinate>
			<type>rectangle</type>
			<description>None</description>
			<possibleresult>
				<name>Small Car</name>
			</possibleresult>
			<points>
				<point>373.000000,773.000000</point>
				<point>358.000000,773.000000</point>
				<point>358.000000,765.000000</point>
				<point>373.000000,765.000000</point>
				<point>373.000000,773.000000</point>
			</points>
		</object>
		<object>
			<coordinate>pixel</coordinate>
			<type>rectangle</type>
			<description>None</description>
			<possibleresult>
				<name>Van</name>
			</possibleresult>
			<points>
				<point>348.000000,774.000000</point>
				<point>327.000000,774.000000</point>
				<point>327.000000,765.000000</point>
				<point>348.000000,765.000000</point>
				<point>348.000000,774.000000</point>
			</points>
		</object>
		<object>
			<coordinate>pixel</coordinate>
			<type>rectangle</type>
			<description>None</description>
			<possibleresult>
				<name>Van</name>
			</possibleresult>
			<points>
				<point>180.000000,771.000000</point>
				<point>158.000000,771.000000</point>
				<point>158.000000,764.000000</point>
				<point>180.000000,764.000000</point>
				<point>180.000000,771.000000</point>
			</points>
		</object>
		<object>
			<coordinate>pixel</coordinate>
			<type>rectangle</type>
			<description>None</description>
			<possibleresult>
				<name>Dump Truck</name>
			</possibleresult>
			<points>
				<point>243.000000,640.000000</point>
				<point>231.000000,640.000000</point>
				<point>231.000000,622.000000</point>
				<point>243.000000,622.000000</point>
				<point>243.000000,640.000000</point>
			</points>
		</object>
		<object>
			<coordinate>pixel</coordinate>
			<type>rectangle</type>
			<description>None</description>
			<possibleresult>
				<name>Van</name>
			</possibleresult>
			<points>
				<point>58.000008,995.000122</point>
				<point>48.972420,995.531128</point>
				<point>47.972420,978.531128</point>
				<point>57.000008,978.000122</point>
				<point>58.000008,995.000122</point>
			</points>
		</object>
		<object>
			<coordinate>pixel</coordinate>
			<type>rectangle</type>
			<description>None</description>
			<possibleresult>
				<name>Small Car</name>
			</possibleresult>
			<points>
				<point>347.000000,432.000000</point>
				<point>323.000000,432.000000</point>
				<point>323.000000,424.000000</point>
				<point>347.000000,424.000000</point>
				<point>347.000000,432.000000</point>
			</points>
		</object>
		<object>
			<coordinate>pixel</coordinate>
			<type>rectangle</type>
			<description>None</description>
			<possibleresult>
				<name>Small Car</name>
			</possibleresult>
			<points>
				<point>587.842346,104.981087</point>
				<point>587.000061,112.000008</point>
				<point>562.000061,109.000008</point>
				<point>562.842346,101.981087</point>
				<point>587.842346,104.981087</point>
			</points>
		</object>
	</objects>
</annotation>