<?xml version="1.0" encoding="utf-8"?>
<annotation>
	<source>
		<filename>356.tif</filename>
		<origin>GF2/GF3</origin>
	</source>
	<research>
		<version>1.0</version>
		<provider>FAIR1M</provider>
		<author>Cyber</author>
		<pluginname>FAIR1M</pluginname>
		<pluginclass>object detection</pluginclass>
		<time>2021-07-21</time>
	</research>
	<size>
		<width>1000</width>
		<height>1000</height>
		<depth>3</depth>
	</size>
	<objects>
		<object>
			<coordinate>pixel</coordinate>
			<type>rectangle</type>
			<description>None</description>
			<possibleresult>
				<name>Intersection</name>
			</possibleresult>
			<points>
				<point>911.000000,210.000000</point>
				<point>855.018555,211.017853</point>
				<point>852.436646,69.010254</point>
				<point>908.418091,67.992401</point>
				<point>911.000000,210.000000</point>
			</points>
		</object>
		<object>
			<coordinate>pixel</coordinate>
			<type>rectangle</type>
			<description>None</description>
			<possibleresult>
				<name>Van</name>
			</possibleresult>
			<points>
				<point>787.000000,101.000000</point>
				<point>769.000000,101.000000</point>
				<point>769.000000,93.000000</point>
				<point>787.000000,93.000000</point>
				<point>787.000000,101.000000</point>
			</points>
		</object>
		<object>
			<coordinate>pixel</coordinate>
			<type>rectangle</type>
			<description>None</description>
			<possibleresult>
				<name>Small Car</name>
			</possibleresult>
			<points>
				<point>809.000000,82.000000</point>
				<point>789.000000,82.000000</point>
				<point>789.000000,72.000000</point>
				<point>809.000000,72.000000</point>
				<point>809.000000,82.000000</point>
			</points>
		</object>
		<object>
			<coordinate>pixel</coordinate>
			<type>rectangle</type>
			<description>None</description>
			<possibleresult>
				<name>Van</name>
			</possibleresult>
			<points>
				<point>785.399048,74.019943</point>
				<point>785.000000,82.000000</point>
				<point>764.600952,80.980057</point>
				<point>765.000000,73.000000</point>
				<point>785.399048,74.019943</point>
			</points>
		</object>
		<object>
			<coordinate>pixel</coordinate>
			<type>rectangle</type>
			<description>None</description>
			<possibleresult>
				<name>Small Car</name>
			</possibleresult>
			<points>
				<point>586.382385,81.029434</point>
				<point>565.382385,82.029434</point>
				<point>565.000061,74.000015</point>
				<point>586.000061,73.000015</point>
				<point>586.382385,81.029434</point>
			</points>
		</object>
		<object>
			<coordinate>pixel</coordinate>
			<type>rectangle</type>
			<description>None</description>
			<possibleresult>
				<name>Small Car</name>
			</possibleresult>
			<points>
				<point>499.475159,80.977386</point>
				<point>478.000061,82.000015</point>
				<point>477.524963,72.022644</point>
				<point>499.000061,71.000015</point>
				<point>499.475159,80.977386</point>
			</points>
		</object>
		<object>
			<coordinate>pixel</coordinate>
			<type>rectangle</type>
			<description>None</description>
			<possibleresult>
				<name>Small Car</name>
			</possibleresult>
			<points>
				<point>510.000000,128.000000</point>
				<point>499.000000,128.000000</point>
				<point>499.000000,111.000000</point>
				<point>510.000000,111.000000</point>
				<point>510.000000,128.000000</point>
			</points>
		</object>
		<object>
			<coordinate>pixel</coordinate>
			<type>rectangle</type>
			<description>None</description>
			<possibleresult>
				<name>Small Car</name>
			</possibleresult>
			<points>
				<point>480.162354,128.414764</point>
				<point>471.000061,132.000015</point>
				<point>461.837769,108.585274</point>
				<point>471.000061,105.000031</point>
				<point>480.162354,128.414764</point>
			</points>
		</object>
		<object>
			<coordinate>pixel</coordinate>
			<type>rectangle</type>
			<description>None</description>
			<possibleresult>
				<name>Small Car</name>
			</possibleresult>
			<points>
				<point>400.000000,80.000000</point>
				<point>375.000000,80.000000</point>
				<point>375.000000,72.000000</point>
				<point>400.000000,72.000000</point>
				<point>400.000000,80.000000</point>
			</points>
		</object>
		<object>
			<coordinate>pixel</coordinate>
			<type>rectangle</type>
			<description>None</description>
			<possibleresult>
				<name>Small Car</name>
			</possibleresult>
			<points>
				<point>345.000000,80.000000</point>
				<point>323.000000,80.000000</point>
				<point>323.000000,71.000000</point>
				<point>345.000000,71.000000</point>
				<point>345.000000,80.000000</point>
			</points>
		</object>
		<object>
			<coordinate>pixel</coordinate>
			<type>rectangle</type>
			<description>None</description>
			<possibleresult>
				<name>Van</name>
			</possibleresult>
			<points>
				<point>318.000000,81.000000</point>
				<point>294.000000,81.000000</point>
				<point>294.000000,72.000000</point>
				<point>318.000000,72.000000</point>
				<point>318.000000,81.000000</point>
			</points>
		</object>
		<object>
			<coordinate>pixel</coordinate>
			<type>rectangle</type>
			<description>None</description>
			<possibleresult>
				<name>Small Car</name>
			</possibleresult>
			<points>
				<point>250.455673,90.975250</point>
				<point>250.000015,101.000000</point>
				<point>228.000015,100.000000</point>
				<point>228.455673,89.975250</point>
				<point>250.455673,90.975250</point>
			</points>
		</object>
		<object>
			<coordinate>pixel</coordinate>
			<type>rectangle</type>
			<description>None</description>
			<possibleresult>
				<name>Van</name>
			</possibleresult>
			<points>
				<point>214.041565,117.981293</point>
				<point>193.999969,127.000000</point>
				<point>189.958405,118.018707</point>
				<point>210.000000,109.000000</point>
				<point>214.041565,117.981293</point>
			</points>
		</object>
		<object>
			<coordinate>pixel</coordinate>
			<type>rectangle</type>
			<description>None</description>
			<possibleresult>
				<name>Small Car</name>
			</possibleresult>
			<points>
				<point>198.000000,99.000000</point>
				<point>176.000000,99.000000</point>
				<point>176.000000,91.000000</point>
				<point>198.000000,91.000000</point>
				<point>198.000000,99.000000</point>
			</points>
		</object>
		<object>
			<coordinate>pixel</coordinate>
			<type>rectangle</type>
			<description>None</description>
			<possibleresult>
				<name>Van</name>
			</possibleresult>
			<points>
				<point>180.999985,73.000008</point>
				<point>180.108902,81.910896</point>
				<point>160.108902,79.910896</point>
				<point>160.999985,71.000008</point>
				<point>180.999985,73.000008</point>
			</points>
		</object>
		<object>
			<coordinate>pixel</coordinate>
			<type>rectangle</type>
			<description>None</description>
			<possibleresult>
				<name>Small Car</name>
			</possibleresult>
			<points>
				<point>135.000000,79.000000</point>
				<point>116.000000,79.000000</point>
				<point>116.000000,71.000000</point>
				<point>135.000000,71.000000</point>
				<point>135.000000,79.000000</point>
			</points>
		</object>
		<object>
			<coordinate>pixel</coordinate>
			<type>rectangle</type>
			<description>None</description>
			<possibleresult>
				<name>Small Car</name>
			</possibleresult>
			<points>
				<point>74.000000,80.000000</point>
				<point>52.000000,80.000000</point>
				<point>52.000000,71.000000</point>
				<point>74.000000,71.000000</point>
				<point>74.000000,80.000000</point>
			</points>
		</object>
		<object>
			<coordinate>pixel</coordinate>
			<type>rectangle</type>
			<description>None</description>
			<possibleresult>
				<name>Van</name>
			</possibleresult>
			<points>
				<point>144.000000,246.000000</point>
				<point>134.020477,247.174072</point>
				<point>132.000000,230.000000</point>
				<point>141.979523,228.825928</point>
				<point>144.000000,246.000000</point>
			</points>
		</object>
		<object>
			<coordinate>pixel</coordinate>
			<type>rectangle</type>
			<description>None</description>
			<possibleresult>
				<name>Dump Truck</name>
			</possibleresult>
			<points>
				<point>202.000000,243.000000</point>
				<point>191.000000,243.000000</point>
				<point>191.000000,227.000000</point>
				<point>202.000000,227.000000</point>
				<point>202.000000,243.000000</point>
			</points>
		</object>
		<object>
			<coordinate>pixel</coordinate>
			<type>rectangle</type>
			<description>None</description>
			<possibleresult>
				<name>Small Car</name>
			</possibleresult>
			<points>
				<point>658.000000,211.000000</point>
				<point>651.000000,211.000000</point>
				<point>651.000000,198.000000</point>
				<point>658.000000,198.000000</point>
				<point>658.000000,211.000000</point>
			</points>
		</object>
		<object>
			<coordinate>pixel</coordinate>
			<type>rectangle</type>
			<description>None</description>
			<possibleresult>
				<name>Van</name>
			</possibleresult>
			<points>
				<point>720.000000,240.000000</point>
				<point>713.000000,240.000000</point>
				<point>713.000000,227.000000</point>
				<point>720.000000,227.000000</point>
				<point>720.000000,240.000000</point>
			</points>
		</object>
		<object>
			<coordinate>pixel</coordinate>
			<type>rectangle</type>
			<description>None</description>
			<possibleresult>
				<name>Van</name>
			</possibleresult>
			<points>
				<point>145.000000,372.000000</point>
				<point>139.249207,378.230042</point>
				<point>126.000000,366.000000</point>
				<point>131.750793,359.769958</point>
				<point>145.000000,372.000000</point>
			</points>
		</object>
		<object>
			<coordinate>pixel</coordinate>
			<type>rectangle</type>
			<description>None</description>
			<possibleresult>
				<name>Small Car</name>
			</possibleresult>
			<points>
				<point>137.000000,401.000031</point>
				<point>136.248276,410.020721</point>
				<point>112.000000,408.000031</point>
				<point>112.751724,398.979340</point>
				<point>137.000000,401.000031</point>
			</points>
		</object>
		<object>
			<coordinate>pixel</coordinate>
			<type>rectangle</type>
			<description>None</description>
			<possibleresult>
				<name>Van</name>
			</possibleresult>
			<points>
				<point>210.451401,401.972595</point>
				<point>210.000015,411.000000</point>
				<point>190.000015,410.000000</point>
				<point>190.451401,400.972595</point>
				<point>210.451401,401.972595</point>
			</points>
		</object>
		<object>
			<coordinate>pixel</coordinate>
			<type>rectangle</type>
			<description>None</description>
			<possibleresult>
				<name>Small Car</name>
			</possibleresult>
			<points>
				<point>111.999985,594.000000</point>
				<point>110.941162,607.764648</point>
				<point>100.999985,607.000000</point>
				<point>102.058807,593.235352</point>
				<point>111.999985,594.000000</point>
			</points>
		</object>
		<object>
			<coordinate>pixel</coordinate>
			<type>rectangle</type>
			<description>None</description>
			<possibleresult>
				<name>Dump Truck</name>
			</possibleresult>
			<points>
				<point>160.000000,816.000000</point>
				<point>135.000000,816.000000</point>
				<point>135.000000,806.000000</point>
				<point>160.000000,806.000000</point>
				<point>160.000000,816.000000</point>
			</points>
		</object>
		<object>
			<coordinate>pixel</coordinate>
			<type>rectangle</type>
			<description>None</description>
			<possibleresult>
				<name>Small Car</name>
			</possibleresult>
			<points>
				<point>182.419907,808.022034</point>
				<point>182.000015,815.999939</point>
				<point>162.580124,814.977844</point>
				<point>163.000015,806.999939</point>
				<point>182.419907,808.022034</point>
			</points>
		</object>
		<object>
			<coordinate>pixel</coordinate>
			<type>rectangle</type>
			<description>None</description>
			<possibleresult>
				<name>Small Car</name>
			</possibleresult>
			<points>
				<point>210.000000,918.000000</point>
				<point>200.000000,918.000000</point>
				<point>200.000000,899.000000</point>
				<point>210.000000,899.000000</point>
				<point>210.000000,918.000000</point>
			</points>
		</object>
		<object>
			<coordinate>pixel</coordinate>
			<type>rectangle</type>
			<description>None</description>
			<possibleresult>
				<name>Small Car</name>
			</possibleresult>
			<points>
				<point>813.410278,401.973236</point>
				<point>813.000000,411.000031</point>
				<point>791.000000,410.000031</point>
				<point>791.410278,400.973236</point>
				<point>813.410278,401.973236</point>
			</points>
		</object>
		<object>
			<coordinate>pixel</coordinate>
			<type>rectangle</type>
			<description>None</description>
			<possibleresult>
				<name>Small Car</name>
			</possibleresult>
			<points>
				<point>571.750854,386.769928</point>
				<point>566.000000,392.999969</point>
				<point>553.000000,380.999969</point>
				<point>558.750854,374.769928</point>
				<point>571.750854,386.769928</point>
			</points>
		</object>
		<object>
			<coordinate>pixel</coordinate>
			<type>rectangle</type>
			<description>None</description>
			<possibleresult>
				<name>Small Car</name>
			</possibleresult>
			<points>
				<point>564.000000,413.000000</point>
				<point>544.000000,413.000000</point>
				<point>544.000000,404.000000</point>
				<point>564.000000,404.000000</point>
				<point>564.000000,413.000000</point>
			</points>
		</object>
		<object>
			<coordinate>pixel</coordinate>
			<type>rectangle</type>
			<description>None</description>
			<possibleresult>
				<name>Small Car</name>
			</possibleresult>
			<points>
				<point>538.000000,447.000000</point>
				<point>528.000000,460.000000</point>
				<point>517.851318,452.193298</point>
				<point>527.851318,439.193298</point>
				<point>538.000000,447.000000</point>
			</points>
		</object>
		<object>
			<coordinate>pixel</coordinate>
			<type>rectangle</type>
			<description>None</description>
			<possibleresult>
				<name>Small Car</name>
			</possibleresult>
			<points>
				<point>498.000000,411.000000</point>
				<point>477.000000,411.000000</point>
				<point>477.000000,401.000000</point>
				<point>498.000000,401.000000</point>
				<point>498.000000,411.000000</point>
			</points>
		</object>
		<object>
			<coordinate>pixel</coordinate>
			<type>rectangle</type>
			<description>None</description>
			<possibleresult>
				<name>Small Car</name>
			</possibleresult>
			<points>
				<point>781.000000,460.000000</point>
				<point>770.000000,460.000000</point>
				<point>770.000000,438.000000</point>
				<point>781.000000,438.000000</point>
				<point>781.000000,460.000000</point>
			</points>
		</object>
		<object>
			<coordinate>pixel</coordinate>
			<type>rectangle</type>
			<description>None</description>
			<possibleresult>
				<name>Small Car</name>
			</possibleresult>
			<points>
				<point>869.027649,726.531006</point>
				<point>868.000061,744.000000</point>
				<point>858.972473,743.468994</point>
				<point>860.000061,726.000000</point>
				<point>869.027649,726.531006</point>
			</points>
		</object>
		<object>
			<coordinate>pixel</coordinate>
			<type>rectangle</type>
			<description>None</description>
			<possibleresult>
				<name>Van</name>
			</possibleresult>
			<points>
				<point>915.000000,787.000000</point>
				<point>905.000000,787.000000</point>
				<point>905.000000,766.000000</point>
				<point>915.000000,766.000000</point>
				<point>915.000000,787.000000</point>
			</points>
		</object>
		<object>
			<coordinate>pixel</coordinate>
			<type>rectangle</type>
			<description>None</description>
			<possibleresult>
				<name>Small Car</name>
			</possibleresult>
			<points>
				<point>870.000000,925.000000</point>
				<point>857.000000,925.000000</point>
				<point>857.000000,907.000000</point>
				<point>870.000000,907.000000</point>
				<point>870.000000,925.000000</point>
			</points>
		</object>
		<object>
			<coordinate>pixel</coordinate>
			<type>rectangle</type>
			<description>None</description>
			<possibleresult>
				<name>Small Car</name>
			</possibleresult>
			<points>
				<point>770.000000,829.999939</point>
				<point>769.229370,840.017639</point>
				<point>743.000000,837.999939</point>
				<point>743.770630,827.982239</point>
				<point>770.000000,829.999939</point>
			</points>
		</object>
		<object>
			<coordinate>pixel</coordinate>
			<type>rectangle</type>
			<description>None</description>
			<possibleresult>
				<name>Small Car</name>
			</possibleresult>
			<points>
				<point>692.000000,805.000000</point>
				<point>691.540771,816.022583</point>
				<point>667.000000,815.000000</point>
				<point>667.459229,803.977417</point>
				<point>692.000000,805.000000</point>
			</points>
		</object>
		<object>
			<coordinate>pixel</coordinate>
			<type>rectangle</type>
			<description>None</description>
			<possibleresult>
				<name>Small Car</name>
			</possibleresult>
			<points>
				<point>482.451965,863.794556</point>
				<point>475.999939,881.000000</point>
				<point>467.999939,878.000000</point>
				<point>474.451965,860.794556</point>
				<point>482.451965,863.794556</point>
			</points>
		</object>
		<object>
			<coordinate>pixel</coordinate>
			<type>rectangle</type>
			<description>None</description>
			<possibleresult>
				<name>Small Car</name>
			</possibleresult>
			<points>
				<point>405.000031,815.000000</point>
				<point>385.947968,817.005493</point>
				<point>385.000031,808.000000</point>
				<point>404.052094,805.994507</point>
				<point>405.000031,815.000000</point>
			</points>
		</object>
		<object>
			<coordinate>pixel</coordinate>
			<type>rectangle</type>
			<description>None</description>
			<possibleresult>
				<name>Small Car</name>
			</possibleresult>
			<points>
				<point>408.000000,837.000000</point>
				<point>387.000000,837.000000</point>
				<point>387.000000,831.000000</point>
				<point>408.000000,831.000000</point>
				<point>408.000000,837.000000</point>
			</points>
		</object>
		<object>
			<coordinate>pixel</coordinate>
			<type>rectangle</type>
			<description>None</description>
			<possibleresult>
				<name>Small Car</name>
			</possibleresult>
			<points>
				<point>417.000000,790.000061</point>
				<point>409.200012,792.600037</point>
				<point>403.000000,774.000061</point>
				<point>410.799988,771.400085</point>
				<point>417.000000,790.000061</point>
			</points>
		</object>
		<object>
			<coordinate>pixel</coordinate>
			<type>rectangle</type>
			<description>None</description>
			<possibleresult>
				<name>Small Car</name>
			</possibleresult>
			<points>
				<point>359.000000,795.000000</point>
				<point>352.053406,797.170776</point>
				<point>347.000000,781.000000</point>
				<point>353.946594,778.829224</point>
				<point>359.000000,795.000000</point>
			</points>
		</object>
		<object>
			<coordinate>pixel</coordinate>
			<type>rectangle</type>
			<description>None</description>
			<possibleresult>
				<name>Small Car</name>
			</possibleresult>
			<points>
				<point>368.000000,838.000000</point>
				<point>346.000000,838.000000</point>
				<point>346.000000,829.000000</point>
				<point>368.000000,829.000000</point>
				<point>368.000000,838.000000</point>
			</points>
		</object>
		<object>
			<coordinate>pixel</coordinate>
			<type>rectangle</type>
			<description>None</description>
			<possibleresult>
				<name>Dump Truck</name>
			</possibleresult>
			<points>
				<point>341.000000,839.000000</point>
				<point>315.000000,839.000000</point>
				<point>315.000000,829.000000</point>
				<point>341.000000,829.000000</point>
				<point>341.000000,839.000000</point>
			</points>
		</object>
	</objects>
</annotation>