<?xml version="1.0" encoding="utf-8"?>
<annotation>
	<source>
		<filename>362.tif</filename>
		<origin>GF2/GF3</origin>
	</source>
	<research>
		<version>1.0</version>
		<provider>FAIR1M</provider>
		<author>Cyber</author>
		<pluginname>FAIR1M</pluginname>
		<pluginclass>object detection</pluginclass>
		<time>2021-07-21</time>
	</research>
	<size>
		<width>1000</width>
		<height>1000</height>
		<depth>3</depth>
	</size>
	<objects>
		<object>
			<coordinate>pixel</coordinate>
			<type>rectangle</type>
			<description>None</description>
			<possibleresult>
				<name>Van</name>
			</possibleresult>
			<points>
				<point>566.000000,371.000000</point>
				<point>551.000000,377.000000</point>
				<point>549.000000,371.000000</point>
				<point>564.000000,365.000000</point>
				<point>566.000000,371.000000</point>
			</points>
		</object>
		<object>
			<coordinate>pixel</coordinate>
			<type>rectangle</type>
			<description>None</description>
			<possibleresult>
				<name>Small Car</name>
			</possibleresult>
			<points>
				<point>607.000000,378.000000</point>
				<point>605.000000,384.000000</point>
				<point>585.000000,379.000000</point>
				<point>586.000000,372.000000</point>
				<point>607.000000,378.000000</point>
			</points>
		</object>
		<object>
			<coordinate>pixel</coordinate>
			<type>rectangle</type>
			<description>None</description>
			<possibleresult>
				<name>Cargo Truck</name>
			</possibleresult>
			<points>
				<point>724.000000,597.000000</point>
				<point>708.000000,626.000000</point>
				<point>698.000000,621.000000</point>
				<point>713.000000,591.000000</point>
				<point>724.000000,597.000000</point>
			</points>
		</object>
		<object>
			<coordinate>pixel</coordinate>
			<type>rectangle</type>
			<description>None</description>
			<possibleresult>
				<name>Van</name>
			</possibleresult>
			<points>
				<point>744.000000,520.000000</point>
				<point>737.000000,537.000000</point>
				<point>728.000000,534.000000</point>
				<point>735.000000,516.000000</point>
				<point>744.000000,520.000000</point>
			</points>
		</object>
		<object>
			<coordinate>pixel</coordinate>
			<type>rectangle</type>
			<description>None</description>
			<possibleresult>
				<name>Dump Truck</name>
			</possibleresult>
			<points>
				<point>814.000000,302.000000</point>
				<point>797.000000,337.000000</point>
				<point>785.000000,331.000000</point>
				<point>802.000000,296.000000</point>
				<point>814.000000,302.000000</point>
			</points>
		</object>
		<object>
			<coordinate>pixel</coordinate>
			<type>rectangle</type>
			<description>None</description>
			<possibleresult>
				<name>Van</name>
			</possibleresult>
			<points>
				<point>791.000000,338.000000</point>
				<point>780.000000,360.000000</point>
				<point>770.000000,354.000000</point>
				<point>780.000000,333.000000</point>
				<point>791.000000,338.000000</point>
			</points>
		</object>
		<object>
			<coordinate>pixel</coordinate>
			<type>rectangle</type>
			<description>None</description>
			<possibleresult>
				<name>Bus</name>
			</possibleresult>
			<points>
				<point>914.000000,355.000000</point>
				<point>894.000000,394.000000</point>
				<point>884.000000,390.000000</point>
				<point>903.000000,350.000000</point>
				<point>914.000000,355.000000</point>
			</points>
		</object>
		<object>
			<coordinate>pixel</coordinate>
			<type>rectangle</type>
			<description>None</description>
			<possibleresult>
				<name>Small Car</name>
			</possibleresult>
			<points>
				<point>934.000000,120.000000</point>
				<point>927.000000,137.000000</point>
				<point>918.000000,133.000000</point>
				<point>925.000000,116.000000</point>
				<point>934.000000,120.000000</point>
			</points>
		</object>
		<object>
			<coordinate>pixel</coordinate>
			<type>rectangle</type>
			<description>None</description>
			<possibleresult>
				<name>Van</name>
			</possibleresult>
			<points>
				<point>919.000000,153.000000</point>
				<point>914.000000,169.000000</point>
				<point>905.000000,166.000000</point>
				<point>910.000000,150.000000</point>
				<point>919.000000,153.000000</point>
			</points>
		</object>
		<object>
			<coordinate>pixel</coordinate>
			<type>rectangle</type>
			<description>None</description>
			<possibleresult>
				<name>Van</name>
			</possibleresult>
			<points>
				<point>908.000000,142.000000</point>
				<point>901.000000,160.000000</point>
				<point>891.000000,156.000000</point>
				<point>899.000000,139.000000</point>
				<point>908.000000,142.000000</point>
			</points>
		</object>
		<object>
			<coordinate>pixel</coordinate>
			<type>rectangle</type>
			<description>None</description>
			<possibleresult>
				<name>Small Car</name>
			</possibleresult>
			<points>
				<point>880.000000,144.000000</point>
				<point>876.000000,160.000000</point>
				<point>867.000000,159.000000</point>
				<point>870.000000,142.000000</point>
				<point>880.000000,144.000000</point>
			</points>
		</object>
		<object>
			<coordinate>pixel</coordinate>
			<type>rectangle</type>
			<description>None</description>
			<possibleresult>
				<name>Van</name>
			</possibleresult>
			<points>
				<point>787.000000,200.000000</point>
				<point>784.000000,208.000000</point>
				<point>765.000000,201.000000</point>
				<point>768.000000,193.000000</point>
				<point>787.000000,200.000000</point>
			</points>
		</object>
		<object>
			<coordinate>pixel</coordinate>
			<type>rectangle</type>
			<description>None</description>
			<possibleresult>
				<name>Small Car</name>
			</possibleresult>
			<points>
				<point>761.000000,194.000000</point>
				<point>759.000000,199.000000</point>
				<point>742.000000,193.000000</point>
				<point>743.000000,187.000000</point>
				<point>761.000000,194.000000</point>
			</points>
		</object>
		<object>
			<coordinate>pixel</coordinate>
			<type>rectangle</type>
			<description>None</description>
			<possibleresult>
				<name>Small Car</name>
			</possibleresult>
			<points>
				<point>721.000000,180.000000</point>
				<point>718.000000,187.000000</point>
				<point>696.000000,180.000000</point>
				<point>699.000000,173.000000</point>
				<point>721.000000,180.000000</point>
			</points>
		</object>
		<object>
			<coordinate>pixel</coordinate>
			<type>rectangle</type>
			<description>None</description>
			<possibleresult>
				<name>Small Car</name>
			</possibleresult>
			<points>
				<point>806.000000,165.000000</point>
				<point>797.000000,167.000000</point>
				<point>793.000000,149.000000</point>
				<point>803.000000,148.000000</point>
				<point>806.000000,165.000000</point>
			</points>
		</object>
		<object>
			<coordinate>pixel</coordinate>
			<type>rectangle</type>
			<description>None</description>
			<possibleresult>
				<name>Small Car</name>
			</possibleresult>
			<points>
				<point>790.000000,159.000000</point>
				<point>782.000000,161.000000</point>
				<point>778.000000,145.000000</point>
				<point>787.000000,144.000000</point>
				<point>790.000000,159.000000</point>
			</points>
		</object>
		<object>
			<coordinate>pixel</coordinate>
			<type>rectangle</type>
			<description>None</description>
			<possibleresult>
				<name>Small Car</name>
			</possibleresult>
			<points>
				<point>776.000000,155.000000</point>
				<point>767.000000,157.000000</point>
				<point>764.000000,143.000000</point>
				<point>773.000000,141.000000</point>
				<point>776.000000,155.000000</point>
			</points>
		</object>
		<object>
			<coordinate>pixel</coordinate>
			<type>rectangle</type>
			<description>None</description>
			<possibleresult>
				<name>Van</name>
			</possibleresult>
			<points>
				<point>763.000000,153.000000</point>
				<point>755.000000,154.000000</point>
				<point>752.000000,136.000000</point>
				<point>761.000000,136.000000</point>
				<point>763.000000,153.000000</point>
			</points>
		</object>
		<object>
			<coordinate>pixel</coordinate>
			<type>rectangle</type>
			<description>None</description>
			<possibleresult>
				<name>Van</name>
			</possibleresult>
			<points>
				<point>823.000000,136.000000</point>
				<point>806.000000,146.000000</point>
				<point>802.000000,140.000000</point>
				<point>820.000000,131.000000</point>
				<point>823.000000,136.000000</point>
			</points>
		</object>
		<object>
			<coordinate>pixel</coordinate>
			<type>rectangle</type>
			<description>None</description>
			<possibleresult>
				<name>Small Car</name>
			</possibleresult>
			<points>
				<point>810.000000,134.000000</point>
				<point>794.000000,142.000000</point>
				<point>791.000000,136.000000</point>
				<point>807.000000,128.000000</point>
				<point>810.000000,134.000000</point>
			</points>
		</object>
		<object>
			<coordinate>pixel</coordinate>
			<type>rectangle</type>
			<description>None</description>
			<possibleresult>
				<name>Van</name>
			</possibleresult>
			<points>
				<point>831.000000,107.000000</point>
				<point>829.000000,114.000000</point>
				<point>808.000000,107.000000</point>
				<point>811.000000,101.000000</point>
				<point>831.000000,107.000000</point>
			</points>
		</object>
		<object>
			<coordinate>pixel</coordinate>
			<type>rectangle</type>
			<description>None</description>
			<possibleresult>
				<name>Van</name>
			</possibleresult>
			<points>
				<point>772.000000,122.000000</point>
				<point>757.000000,132.000000</point>
				<point>752.000000,125.000000</point>
				<point>766.000000,114.000000</point>
				<point>772.000000,122.000000</point>
			</points>
		</object>
		<object>
			<coordinate>pixel</coordinate>
			<type>rectangle</type>
			<description>None</description>
			<possibleresult>
				<name>Small Car</name>
			</possibleresult>
			<points>
				<point>759.000000,115.000000</point>
				<point>743.000000,126.000000</point>
				<point>739.000000,119.000000</point>
				<point>754.000000,109.000000</point>
				<point>759.000000,115.000000</point>
			</points>
		</object>
		<object>
			<coordinate>pixel</coordinate>
			<type>rectangle</type>
			<description>None</description>
			<possibleresult>
				<name>Small Car</name>
			</possibleresult>
			<points>
				<point>745.000000,111.000000</point>
				<point>728.000000,123.000000</point>
				<point>724.000000,116.000000</point>
				<point>741.000000,104.000000</point>
				<point>745.000000,111.000000</point>
			</points>
		</object>
		<object>
			<coordinate>pixel</coordinate>
			<type>rectangle</type>
			<description>None</description>
			<possibleresult>
				<name>Van</name>
			</possibleresult>
			<points>
				<point>728.000000,108.000000</point>
				<point>713.000000,117.000000</point>
				<point>709.000000,111.000000</point>
				<point>724.000000,102.000000</point>
				<point>728.000000,108.000000</point>
			</points>
		</object>
		<object>
			<coordinate>pixel</coordinate>
			<type>rectangle</type>
			<description>None</description>
			<possibleresult>
				<name>Small Car</name>
			</possibleresult>
			<points>
				<point>750.000000,80.000000</point>
				<point>748.000000,87.000000</point>
				<point>726.000000,83.000000</point>
				<point>728.000000,76.000000</point>
				<point>750.000000,80.000000</point>
			</points>
		</object>
		<object>
			<coordinate>pixel</coordinate>
			<type>rectangle</type>
			<description>None</description>
			<possibleresult>
				<name>Small Car</name>
			</possibleresult>
			<points>
				<point>887.000000,79.000000</point>
				<point>877.000000,94.000000</point>
				<point>871.000000,90.000000</point>
				<point>880.000000,74.000000</point>
				<point>887.000000,79.000000</point>
			</points>
		</object>
		<object>
			<coordinate>pixel</coordinate>
			<type>rectangle</type>
			<description>None</description>
			<possibleresult>
				<name>Small Car</name>
			</possibleresult>
			<points>
				<point>900.000000,61.000000</point>
				<point>893.000000,79.000000</point>
				<point>883.000000,75.000000</point>
				<point>890.000000,57.000000</point>
				<point>900.000000,61.000000</point>
			</points>
		</object>
		<object>
			<coordinate>pixel</coordinate>
			<type>rectangle</type>
			<description>None</description>
			<possibleresult>
				<name>Van</name>
			</possibleresult>
			<points>
				<point>850.000000,67.000000</point>
				<point>848.000000,75.000000</point>
				<point>825.000000,68.000000</point>
				<point>827.000000,60.000000</point>
				<point>850.000000,67.000000</point>
			</points>
		</object>
		<object>
			<coordinate>pixel</coordinate>
			<type>rectangle</type>
			<description>None</description>
			<possibleresult>
				<name>Small Car</name>
			</possibleresult>
			<points>
				<point>856.000000,60.000000</point>
				<point>854.000000,67.000000</point>
				<point>834.000000,62.000000</point>
				<point>835.000000,54.000000</point>
				<point>856.000000,60.000000</point>
			</points>
		</object>
		<object>
			<coordinate>pixel</coordinate>
			<type>rectangle</type>
			<description>None</description>
			<possibleresult>
				<name>Dump Truck</name>
			</possibleresult>
			<points>
				<point>780.000000,54.000000</point>
				<point>758.000000,54.000000</point>
				<point>758.000000,48.000000</point>
				<point>780.000000,48.000000</point>
				<point>780.000000,54.000000</point>
			</points>
		</object>
		<object>
			<coordinate>pixel</coordinate>
			<type>rectangle</type>
			<description>None</description>
			<possibleresult>
				<name>Small Car</name>
			</possibleresult>
			<points>
				<point>781.000000,45.000000</point>
				<point>760.000000,45.000000</point>
				<point>760.000000,39.000000</point>
				<point>781.000000,39.000000</point>
				<point>781.000000,45.000000</point>
			</points>
		</object>
		<object>
			<coordinate>pixel</coordinate>
			<type>rectangle</type>
			<description>None</description>
			<possibleresult>
				<name>Small Car</name>
			</possibleresult>
			<points>
				<point>781.000000,38.000000</point>
				<point>759.000000,38.000000</point>
				<point>759.000000,31.000000</point>
				<point>781.000000,31.000000</point>
				<point>781.000000,38.000000</point>
			</points>
		</object>
		<object>
			<coordinate>pixel</coordinate>
			<type>rectangle</type>
			<description>None</description>
			<possibleresult>
				<name>Small Car</name>
			</possibleresult>
			<points>
				<point>779.000000,20.000000</point>
				<point>756.000000,20.000000</point>
				<point>756.000000,13.000000</point>
				<point>779.000000,13.000000</point>
				<point>779.000000,20.000000</point>
			</points>
		</object>
		<object>
			<coordinate>pixel</coordinate>
			<type>rectangle</type>
			<description>None</description>
			<possibleresult>
				<name>Van</name>
			</possibleresult>
			<points>
				<point>780.000000,12.000000</point>
				<point>758.000000,12.000000</point>
				<point>758.000000,4.000000</point>
				<point>780.000000,4.000000</point>
				<point>780.000000,12.000000</point>
			</points>
		</object>
		<object>
			<coordinate>pixel</coordinate>
			<type>rectangle</type>
			<description>None</description>
			<possibleresult>
				<name>Small Car</name>
			</possibleresult>
			<points>
				<point>705.000000,8.000000</point>
				<point>702.000000,25.000000</point>
				<point>693.000000,23.000000</point>
				<point>697.000000,7.000000</point>
				<point>705.000000,8.000000</point>
			</points>
		</object>
		<object>
			<coordinate>pixel</coordinate>
			<type>rectangle</type>
			<description>None</description>
			<possibleresult>
				<name>Small Car</name>
			</possibleresult>
			<points>
				<point>671.000000,0.000000</point>
				<point>669.000000,12.000000</point>
				<point>659.000000,11.000000</point>
				<point>661.000000,0.000000</point>
				<point>671.000000,0.000000</point>
			</points>
		</object>
		<object>
			<coordinate>pixel</coordinate>
			<type>rectangle</type>
			<description>None</description>
			<possibleresult>
				<name>Small Car</name>
			</possibleresult>
			<points>
				<point>657.000000,79.000000</point>
				<point>655.000000,106.000000</point>
				<point>642.000000,105.000000</point>
				<point>645.000000,79.000000</point>
				<point>657.000000,79.000000</point>
			</points>
		</object>
		<object>
			<coordinate>pixel</coordinate>
			<type>rectangle</type>
			<description>None</description>
			<possibleresult>
				<name>Small Car</name>
			</possibleresult>
			<points>
				<point>645.000000,124.000000</point>
				<point>636.000000,124.000000</point>
				<point>636.000000,116.000000</point>
				<point>645.000000,116.000000</point>
				<point>645.000000,124.000000</point>
			</points>
		</object>
		<object>
			<coordinate>pixel</coordinate>
			<type>rectangle</type>
			<description>None</description>
			<possibleresult>
				<name>Small Car</name>
			</possibleresult>
			<points>
				<point>644.000000,128.000000</point>
				<point>640.000000,142.000000</point>
				<point>632.000000,139.000000</point>
				<point>636.000000,125.000000</point>
				<point>644.000000,128.000000</point>
			</points>
		</object>
		<object>
			<coordinate>pixel</coordinate>
			<type>rectangle</type>
			<description>None</description>
			<possibleresult>
				<name>Van</name>
			</possibleresult>
			<points>
				<point>638.000000,146.000000</point>
				<point>635.000000,160.000000</point>
				<point>628.000000,159.000000</point>
				<point>631.000000,145.000000</point>
				<point>638.000000,146.000000</point>
			</points>
		</object>
		<object>
			<coordinate>pixel</coordinate>
			<type>rectangle</type>
			<description>None</description>
			<possibleresult>
				<name>Van</name>
			</possibleresult>
			<points>
				<point>251.000000,43.000000</point>
				<point>242.000000,43.000000</point>
				<point>242.000000,27.000000</point>
				<point>251.000000,27.000000</point>
				<point>251.000000,43.000000</point>
			</points>
		</object>
		<object>
			<coordinate>pixel</coordinate>
			<type>rectangle</type>
			<description>None</description>
			<possibleresult>
				<name>Dump Truck</name>
			</possibleresult>
			<points>
				<point>239.000000,45.000000</point>
				<point>230.000000,45.000000</point>
				<point>230.000000,27.000000</point>
				<point>239.000000,27.000000</point>
				<point>239.000000,45.000000</point>
			</points>
		</object>
		<object>
			<coordinate>pixel</coordinate>
			<type>rectangle</type>
			<description>None</description>
			<possibleresult>
				<name>Small Car</name>
			</possibleresult>
			<points>
				<point>227.000000,45.000000</point>
				<point>218.000000,45.000000</point>
				<point>218.000000,29.000000</point>
				<point>227.000000,29.000000</point>
				<point>227.000000,45.000000</point>
			</points>
		</object>
		<object>
			<coordinate>pixel</coordinate>
			<type>rectangle</type>
			<description>None</description>
			<possibleresult>
				<name>Small Car</name>
			</possibleresult>
			<points>
				<point>214.000000,43.000000</point>
				<point>205.000000,43.000000</point>
				<point>205.000000,29.000000</point>
				<point>214.000000,29.000000</point>
				<point>214.000000,43.000000</point>
			</points>
		</object>
		<object>
			<coordinate>pixel</coordinate>
			<type>rectangle</type>
			<description>None</description>
			<possibleresult>
				<name>Small Car</name>
			</possibleresult>
			<points>
				<point>203.000000,45.000000</point>
				<point>194.000000,45.000000</point>
				<point>194.000000,30.000000</point>
				<point>203.000000,30.000000</point>
				<point>203.000000,45.000000</point>
			</points>
		</object>
		<object>
			<coordinate>pixel</coordinate>
			<type>rectangle</type>
			<description>None</description>
			<possibleresult>
				<name>Small Car</name>
			</possibleresult>
			<points>
				<point>193.000000,30.000000</point>
				<point>191.000000,45.000000</point>
				<point>183.000000,45.000000</point>
				<point>184.000000,29.000000</point>
				<point>193.000000,30.000000</point>
			</points>
		</object>
		<object>
			<coordinate>pixel</coordinate>
			<type>rectangle</type>
			<description>None</description>
			<possibleresult>
				<name>Small Car</name>
			</possibleresult>
			<points>
				<point>182.000000,45.000000</point>
				<point>173.000000,45.000000</point>
				<point>173.000000,30.000000</point>
				<point>182.000000,30.000000</point>
				<point>182.000000,45.000000</point>
			</points>
		</object>
		<object>
			<coordinate>pixel</coordinate>
			<type>rectangle</type>
			<description>None</description>
			<possibleresult>
				<name>Small Car</name>
			</possibleresult>
			<points>
				<point>171.000000,43.000000</point>
				<point>162.000000,43.000000</point>
				<point>162.000000,26.000000</point>
				<point>171.000000,26.000000</point>
				<point>171.000000,43.000000</point>
			</points>
		</object>
		<object>
			<coordinate>pixel</coordinate>
			<type>rectangle</type>
			<description>None</description>
			<possibleresult>
				<name>Van</name>
			</possibleresult>
			<points>
				<point>161.000000,43.000000</point>
				<point>150.000000,44.000000</point>
				<point>149.000000,25.000000</point>
				<point>160.000000,24.000000</point>
				<point>161.000000,43.000000</point>
			</points>
		</object>
		<object>
			<coordinate>pixel</coordinate>
			<type>rectangle</type>
			<description>None</description>
			<possibleresult>
				<name>Small Car</name>
			</possibleresult>
			<points>
				<point>147.000000,42.000000</point>
				<point>138.000000,42.000000</point>
				<point>138.000000,27.000000</point>
				<point>147.000000,27.000000</point>
				<point>147.000000,42.000000</point>
			</points>
		</object>
		<object>
			<coordinate>pixel</coordinate>
			<type>rectangle</type>
			<description>None</description>
			<possibleresult>
				<name>other-vehicle</name>
			</possibleresult>
			<points>
				<point>132.000000,40.000000</point>
				<point>107.000000,40.000000</point>
				<point>107.000000,31.000000</point>
				<point>132.000000,31.000000</point>
				<point>132.000000,40.000000</point>
			</points>
		</object>
		<object>
			<coordinate>pixel</coordinate>
			<type>rectangle</type>
			<description>None</description>
			<possibleresult>
				<name>Van</name>
			</possibleresult>
			<points>
				<point>67.000000,39.000000</point>
				<point>59.000000,39.000000</point>
				<point>59.000000,26.000000</point>
				<point>67.000000,26.000000</point>
				<point>67.000000,39.000000</point>
			</points>
		</object>
		<object>
			<coordinate>pixel</coordinate>
			<type>rectangle</type>
			<description>None</description>
			<possibleresult>
				<name>Small Car</name>
			</possibleresult>
			<points>
				<point>54.000000,44.000000</point>
				<point>46.000000,44.000000</point>
				<point>46.000000,30.000000</point>
				<point>54.000000,30.000000</point>
				<point>54.000000,44.000000</point>
			</points>
		</object>
		<object>
			<coordinate>pixel</coordinate>
			<type>rectangle</type>
			<description>None</description>
			<possibleresult>
				<name>Van</name>
			</possibleresult>
			<points>
				<point>45.000000,44.000000</point>
				<point>36.000000,44.000000</point>
				<point>36.000000,29.000000</point>
				<point>45.000000,29.000000</point>
				<point>45.000000,44.000000</point>
			</points>
		</object>
		<object>
			<coordinate>pixel</coordinate>
			<type>rectangle</type>
			<description>None</description>
			<possibleresult>
				<name>Small Car</name>
			</possibleresult>
			<points>
				<point>32.000000,43.000000</point>
				<point>22.000000,43.000000</point>
				<point>22.000000,26.000000</point>
				<point>32.000000,26.000000</point>
				<point>32.000000,43.000000</point>
			</points>
		</object>
		<object>
			<coordinate>pixel</coordinate>
			<type>rectangle</type>
			<description>None</description>
			<possibleresult>
				<name>Van</name>
			</possibleresult>
			<points>
				<point>19.000000,39.000000</point>
				<point>10.000000,39.000000</point>
				<point>10.000000,24.000000</point>
				<point>19.000000,24.000000</point>
				<point>19.000000,39.000000</point>
			</points>
		</object>
		<object>
			<coordinate>pixel</coordinate>
			<type>rectangle</type>
			<description>None</description>
			<possibleresult>
				<name>Van</name>
			</possibleresult>
			<points>
				<point>9.000000,41.000000</point>
				<point>0.000000,41.000000</point>
				<point>0.000000,24.000000</point>
				<point>9.000000,24.000000</point>
				<point>9.000000,41.000000</point>
			</points>
		</object>
		<object>
			<coordinate>pixel</coordinate>
			<type>rectangle</type>
			<description>None</description>
			<possibleresult>
				<name>Small Car</name>
			</possibleresult>
			<points>
				<point>664.000000,199.000000</point>
				<point>662.000000,219.000000</point>
				<point>654.000000,218.000000</point>
				<point>656.000000,198.000000</point>
				<point>664.000000,199.000000</point>
			</points>
		</object>
		<object>
			<coordinate>pixel</coordinate>
			<type>rectangle</type>
			<description>None</description>
			<possibleresult>
				<name>Small Car</name>
			</possibleresult>
			<points>
				<point>657.000000,237.000000</point>
				<point>649.000000,252.000000</point>
				<point>642.000000,248.000000</point>
				<point>650.000000,233.000000</point>
				<point>657.000000,237.000000</point>
			</points>
		</object>
		<object>
			<coordinate>pixel</coordinate>
			<type>rectangle</type>
			<description>None</description>
			<possibleresult>
				<name>Van</name>
			</possibleresult>
			<points>
				<point>647.000000,255.000000</point>
				<point>637.000000,269.000000</point>
				<point>630.000000,264.000000</point>
				<point>641.000000,251.000000</point>
				<point>647.000000,255.000000</point>
			</points>
		</object>
		<object>
			<coordinate>pixel</coordinate>
			<type>rectangle</type>
			<description>None</description>
			<possibleresult>
				<name>Van</name>
			</possibleresult>
			<points>
				<point>632.000000,277.000000</point>
				<point>618.000000,288.000000</point>
				<point>613.000000,281.000000</point>
				<point>627.000000,270.000000</point>
				<point>632.000000,277.000000</point>
			</points>
		</object>
		<object>
			<coordinate>pixel</coordinate>
			<type>rectangle</type>
			<description>None</description>
			<possibleresult>
				<name>Van</name>
			</possibleresult>
			<points>
				<point>613.000000,289.000000</point>
				<point>595.000000,298.000000</point>
				<point>591.000000,291.000000</point>
				<point>609.000000,282.000000</point>
				<point>613.000000,289.000000</point>
			</points>
		</object>
		<object>
			<coordinate>pixel</coordinate>
			<type>rectangle</type>
			<description>None</description>
			<possibleresult>
				<name>Van</name>
			</possibleresult>
			<points>
				<point>592.000000,298.000000</point>
				<point>574.000000,306.000000</point>
				<point>570.000000,300.000000</point>
				<point>588.000000,292.000000</point>
				<point>592.000000,298.000000</point>
			</points>
		</object>
		<object>
			<coordinate>pixel</coordinate>
			<type>rectangle</type>
			<description>None</description>
			<possibleresult>
				<name>Van</name>
			</possibleresult>
			<points>
				<point>574.000000,309.000000</point>
				<point>555.000000,316.000000</point>
				<point>552.000000,310.000000</point>
				<point>572.000000,302.000000</point>
				<point>574.000000,309.000000</point>
			</points>
		</object>
		<object>
			<coordinate>pixel</coordinate>
			<type>rectangle</type>
			<description>None</description>
			<possibleresult>
				<name>Van</name>
			</possibleresult>
			<points>
				<point>554.000000,317.000000</point>
				<point>535.000000,327.000000</point>
				<point>531.000000,320.000000</point>
				<point>550.000000,310.000000</point>
				<point>554.000000,317.000000</point>
			</points>
		</object>
		<object>
			<coordinate>pixel</coordinate>
			<type>rectangle</type>
			<description>None</description>
			<possibleresult>
				<name>Small Car</name>
			</possibleresult>
			<points>
				<point>540.000000,362.000000</point>
				<point>519.000000,367.000000</point>
				<point>518.000000,360.000000</point>
				<point>538.000000,354.000000</point>
				<point>540.000000,362.000000</point>
			</points>
		</object>
		<object>
			<coordinate>pixel</coordinate>
			<type>rectangle</type>
			<description>None</description>
			<possibleresult>
				<name>Van</name>
			</possibleresult>
			<points>
				<point>33.000000,384.000000</point>
				<point>27.000000,401.000000</point>
				<point>18.000000,398.000000</point>
				<point>24.000000,382.000000</point>
				<point>33.000000,384.000000</point>
			</points>
		</object>
		<object>
			<coordinate>pixel</coordinate>
			<type>rectangle</type>
			<description>None</description>
			<possibleresult>
				<name>Small Car</name>
			</possibleresult>
			<points>
				<point>21.000000,377.000000</point>
				<point>17.000000,394.000000</point>
				<point>7.000000,392.000000</point>
				<point>10.000000,376.000000</point>
				<point>21.000000,377.000000</point>
			</points>
		</object>
		<object>
			<coordinate>pixel</coordinate>
			<type>rectangle</type>
			<description>None</description>
			<possibleresult>
				<name>Small Car</name>
			</possibleresult>
			<points>
				<point>8.000000,378.000000</point>
				<point>6.000000,395.000000</point>
				<point>0.000000,395.000000</point>
				<point>0.000000,377.000000</point>
				<point>8.000000,378.000000</point>
			</points>
		</object>
		<object>
			<coordinate>pixel</coordinate>
			<type>rectangle</type>
			<description>None</description>
			<possibleresult>
				<name>Small Car</name>
			</possibleresult>
			<points>
				<point>510.000000,601.000000</point>
				<point>509.000000,607.000000</point>
				<point>487.000000,602.000000</point>
				<point>489.000000,597.000000</point>
				<point>510.000000,601.000000</point>
			</points>
		</object>
		<object>
			<coordinate>pixel</coordinate>
			<type>rectangle</type>
			<description>None</description>
			<possibleresult>
				<name>Small Car</name>
			</possibleresult>
			<points>
				<point>482.000000,594.000000</point>
				<point>481.000000,601.000000</point>
				<point>459.000000,598.000000</point>
				<point>459.000000,590.000000</point>
				<point>482.000000,594.000000</point>
			</points>
		</object>
		<object>
			<coordinate>pixel</coordinate>
			<type>rectangle</type>
			<description>None</description>
			<possibleresult>
				<name>Small Car</name>
			</possibleresult>
			<points>
				<point>460.000000,591.000000</point>
				<point>458.000000,598.000000</point>
				<point>437.000000,594.000000</point>
				<point>439.000000,587.000000</point>
				<point>460.000000,591.000000</point>
			</points>
		</object>
		<object>
			<coordinate>pixel</coordinate>
			<type>rectangle</type>
			<description>None</description>
			<possibleresult>
				<name>Small Car</name>
			</possibleresult>
			<points>
				<point>433.000000,579.000000</point>
				<point>432.000000,586.000000</point>
				<point>409.000000,583.000000</point>
				<point>409.000000,575.000000</point>
				<point>433.000000,579.000000</point>
			</points>
		</object>
		<object>
			<coordinate>pixel</coordinate>
			<type>rectangle</type>
			<description>None</description>
			<possibleresult>
				<name>Small Car</name>
			</possibleresult>
			<points>
				<point>414.000000,583.000000</point>
				<point>414.000000,591.000000</point>
				<point>390.000000,589.000000</point>
				<point>390.000000,581.000000</point>
				<point>414.000000,583.000000</point>
			</points>
		</object>
		<object>
			<coordinate>pixel</coordinate>
			<type>rectangle</type>
			<description>None</description>
			<possibleresult>
				<name>Small Car</name>
			</possibleresult>
			<points>
				<point>377.000000,579.000000</point>
				<point>376.000000,586.000000</point>
				<point>354.000000,584.000000</point>
				<point>354.000000,576.000000</point>
				<point>377.000000,579.000000</point>
			</points>
		</object>
		<object>
			<coordinate>pixel</coordinate>
			<type>rectangle</type>
			<description>None</description>
			<possibleresult>
				<name>Small Car</name>
			</possibleresult>
			<points>
				<point>312.000000,572.000000</point>
				<point>312.000000,578.000000</point>
				<point>294.000000,577.000000</point>
				<point>295.000000,570.000000</point>
				<point>312.000000,572.000000</point>
			</points>
		</object>
		<object>
			<coordinate>pixel</coordinate>
			<type>rectangle</type>
			<description>None</description>
			<possibleresult>
				<name>Van</name>
			</possibleresult>
			<points>
				<point>342.000000,575.000000</point>
				<point>341.000000,582.000000</point>
				<point>318.000000,579.000000</point>
				<point>319.000000,572.000000</point>
				<point>342.000000,575.000000</point>
			</points>
		</object>
		<object>
			<coordinate>pixel</coordinate>
			<type>rectangle</type>
			<description>None</description>
			<possibleresult>
				<name>Small Car</name>
			</possibleresult>
			<points>
				<point>232.000000,534.000000</point>
				<point>224.000000,535.000000</point>
				<point>223.000000,518.000000</point>
				<point>231.000000,517.000000</point>
				<point>232.000000,534.000000</point>
			</points>
		</object>
		<object>
			<coordinate>pixel</coordinate>
			<type>rectangle</type>
			<description>None</description>
			<possibleresult>
				<name>Van</name>
			</possibleresult>
			<points>
				<point>126.000000,568.000000</point>
				<point>107.000000,582.000000</point>
				<point>101.000000,574.000000</point>
				<point>120.000000,560.000000</point>
				<point>126.000000,568.000000</point>
			</points>
		</object>
		<object>
			<coordinate>pixel</coordinate>
			<type>rectangle</type>
			<description>None</description>
			<possibleresult>
				<name>Small Car</name>
			</possibleresult>
			<points>
				<point>768.000000,650.000000</point>
				<point>761.000000,671.000000</point>
				<point>752.000000,668.000000</point>
				<point>759.000000,647.000000</point>
				<point>768.000000,650.000000</point>
			</points>
		</object>
		<object>
			<coordinate>pixel</coordinate>
			<type>rectangle</type>
			<description>None</description>
			<possibleresult>
				<name>Small Car</name>
			</possibleresult>
			<points>
				<point>730.000000,682.000000</point>
				<point>724.000000,696.000000</point>
				<point>717.000000,693.000000</point>
				<point>723.000000,679.000000</point>
				<point>730.000000,682.000000</point>
			</points>
		</object>
		<object>
			<coordinate>pixel</coordinate>
			<type>rectangle</type>
			<description>None</description>
			<possibleresult>
				<name>Small Car</name>
			</possibleresult>
			<points>
				<point>747.000000,687.000000</point>
				<point>740.000000,701.000000</point>
				<point>732.000000,697.000000</point>
				<point>738.000000,684.000000</point>
				<point>747.000000,687.000000</point>
			</points>
		</object>
		<object>
			<coordinate>pixel</coordinate>
			<type>rectangle</type>
			<description>None</description>
			<possibleresult>
				<name>Van</name>
			</possibleresult>
			<points>
				<point>736.000000,707.000000</point>
				<point>730.000000,723.000000</point>
				<point>722.000000,720.000000</point>
				<point>729.000000,705.000000</point>
				<point>736.000000,707.000000</point>
			</points>
		</object>
		<object>
			<coordinate>pixel</coordinate>
			<type>rectangle</type>
			<description>None</description>
			<possibleresult>
				<name>Small Car</name>
			</possibleresult>
			<points>
				<point>691.000000,800.000000</point>
				<point>684.000000,814.000000</point>
				<point>676.000000,810.000000</point>
				<point>683.000000,796.000000</point>
				<point>691.000000,800.000000</point>
			</points>
		</object>
		<object>
			<coordinate>pixel</coordinate>
			<type>rectangle</type>
			<description>None</description>
			<possibleresult>
				<name>Small Car</name>
			</possibleresult>
			<points>
				<point>681.000000,818.000000</point>
				<point>675.000000,831.000000</point>
				<point>668.000000,829.000000</point>
				<point>675.000000,815.000000</point>
				<point>681.000000,818.000000</point>
			</points>
		</object>
		<object>
			<coordinate>pixel</coordinate>
			<type>rectangle</type>
			<description>None</description>
			<possibleresult>
				<name>Dump Truck</name>
			</possibleresult>
			<points>
				<point>751.000000,929.000000</point>
				<point>742.000000,929.000000</point>
				<point>742.000000,907.000000</point>
				<point>751.000000,907.000000</point>
				<point>751.000000,929.000000</point>
			</points>
		</object>
		<object>
			<coordinate>pixel</coordinate>
			<type>rectangle</type>
			<description>None</description>
			<possibleresult>
				<name>Dump Truck</name>
			</possibleresult>
			<points>
				<point>798.000000,898.000000</point>
				<point>796.000000,907.000000</point>
				<point>770.000000,897.000000</point>
				<point>773.000000,889.000000</point>
				<point>798.000000,898.000000</point>
			</points>
		</object>
		<object>
			<coordinate>pixel</coordinate>
			<type>rectangle</type>
			<description>None</description>
			<possibleresult>
				<name>Van</name>
			</possibleresult>
			<points>
				<point>822.000000,903.000000</point>
				<point>812.000000,925.000000</point>
				<point>801.000000,920.000000</point>
				<point>811.000000,898.000000</point>
				<point>822.000000,903.000000</point>
			</points>
		</object>
		<object>
			<coordinate>pixel</coordinate>
			<type>rectangle</type>
			<description>None</description>
			<possibleresult>
				<name>Van</name>
			</possibleresult>
			<points>
				<point>837.000000,877.000000</point>
				<point>825.000000,897.000000</point>
				<point>815.000000,892.000000</point>
				<point>827.000000,872.000000</point>
				<point>837.000000,877.000000</point>
			</points>
		</object>
		<object>
			<coordinate>pixel</coordinate>
			<type>rectangle</type>
			<description>None</description>
			<possibleresult>
				<name>Van</name>
			</possibleresult>
			<points>
				<point>815.000000,860.000000</point>
				<point>812.000000,869.000000</point>
				<point>784.000000,861.000000</point>
				<point>787.000000,852.000000</point>
				<point>815.000000,860.000000</point>
			</points>
		</object>
		<object>
			<coordinate>pixel</coordinate>
			<type>rectangle</type>
			<description>None</description>
			<possibleresult>
				<name>Van</name>
			</possibleresult>
			<points>
				<point>827.000000,840.000000</point>
				<point>825.000000,849.000000</point>
				<point>796.000000,841.000000</point>
				<point>799.000000,833.000000</point>
				<point>827.000000,840.000000</point>
			</points>
		</object>
		<object>
			<coordinate>pixel</coordinate>
			<type>rectangle</type>
			<description>None</description>
			<possibleresult>
				<name>Trailer</name>
			</possibleresult>
			<points>
				<point>874.000000,767.000000</point>
				<point>825.000000,771.000000</point>
				<point>825.000000,761.000000</point>
				<point>873.000000,756.000000</point>
				<point>874.000000,767.000000</point>
			</points>
		</object>
		<object>
			<coordinate>pixel</coordinate>
			<type>rectangle</type>
			<description>None</description>
			<possibleresult>
				<name>Van</name>
			</possibleresult>
			<points>
				<point>842.000000,719.000000</point>
				<point>835.000000,736.000000</point>
				<point>826.000000,732.000000</point>
				<point>834.000000,716.000000</point>
				<point>842.000000,719.000000</point>
			</points>
		</object>
		<object>
			<coordinate>pixel</coordinate>
			<type>rectangle</type>
			<description>None</description>
			<possibleresult>
				<name>Dump Truck</name>
			</possibleresult>
			<points>
				<point>824.000000,723.000000</point>
				<point>819.000000,746.000000</point>
				<point>809.000000,744.000000</point>
				<point>814.000000,721.000000</point>
				<point>824.000000,723.000000</point>
			</points>
		</object>
		<object>
			<coordinate>pixel</coordinate>
			<type>rectangle</type>
			<description>None</description>
			<possibleresult>
				<name>Dump Truck</name>
			</possibleresult>
			<points>
				<point>785.000000,725.000000</point>
				<point>774.000000,728.000000</point>
				<point>770.000000,710.000000</point>
				<point>781.000000,707.000000</point>
				<point>785.000000,725.000000</point>
			</points>
		</object>
		<object>
			<coordinate>pixel</coordinate>
			<type>rectangle</type>
			<description>None</description>
			<possibleresult>
				<name>Van</name>
			</possibleresult>
			<points>
				<point>767.000000,740.000000</point>
				<point>765.000000,747.000000</point>
				<point>745.000000,742.000000</point>
				<point>746.000000,734.000000</point>
				<point>767.000000,740.000000</point>
			</points>
		</object>
		<object>
			<coordinate>pixel</coordinate>
			<type>rectangle</type>
			<description>None</description>
			<possibleresult>
				<name>Small Car</name>
			</possibleresult>
			<points>
				<point>590.000000,1002.000000</point>
				<point>583.000000,999.000000</point>
				<point>586.000000,991.000000</point>
				<point>593.000000,994.000000</point>
				<point>590.000000,1002.000000</point>
			</points>
		</object>
	</objects>
</annotation>