<?xml version="1.0" encoding="utf-8"?>
<annotation>
	<source>
		<filename>365.tif</filename>
		<origin>GF2/GF3</origin>
	</source>
	<research>
		<version>1.0</version>
		<provider>FAIR1M</provider>
		<author>Cyber</author>
		<pluginname>FAIR1M</pluginname>
		<pluginclass>object detection</pluginclass>
		<time>2021-07-21</time>
	</research>
	<size>
		<width>1000</width>
		<height>1000</height>
		<depth>3</depth>
	</size>
	<objects>
		<object>
			<coordinate>pixel</coordinate>
			<type>rectangle</type>
			<description>None</description>
			<possibleresult>
				<name>Boeing747</name>
			</possibleresult>
			<points>
				<point>185.000000,288.000000</point>
				<point>307.000000,228.000000</point>
				<point>256.000000,125.000000</point>
				<point>134.000000,186.000000</point>
				<point>185.000000,288.000000</point>
			</points>
		</object>
		<object>
			<coordinate>pixel</coordinate>
			<type>rectangle</type>
			<description>None</description>
			<possibleresult>
				<name>Boeing737</name>
			</possibleresult>
			<points>
				<point>257.000000,365.000000</point>
				<point>318.000000,334.000000</point>
				<point>291.000000,279.000000</point>
				<point>229.000000,309.000000</point>
				<point>257.000000,365.000000</point>
			</points>
		</object>
		<object>
			<coordinate>pixel</coordinate>
			<type>rectangle</type>
			<description>None</description>
			<possibleresult>
				<name>A321</name>
			</possibleresult>
			<points>
				<point>320.000000,484.000000</point>
				<point>393.000000,447.000000</point>
				<point>363.000000,387.000000</point>
				<point>290.000000,423.000000</point>
				<point>320.000000,484.000000</point>
			</points>
		</object>
	</objects>
</annotation>