<?xml version="1.0" encoding="utf-8"?>
<annotation>
	<source>
		<filename>388.tif</filename>
		<origin>GF2/GF3</origin>
	</source>
	<research>
		<version>1.0</version>
		<provider>FAIR1M</provider>
		<author>Cyber</author>
		<pluginname>FAIR1M</pluginname>
		<pluginclass>object detection</pluginclass>
		<time>2021-07-21</time>
	</research>
	<size>
		<width>1000</width>
		<height>1000</height>
		<depth>3</depth>
	</size>
	<objects>
		<object>
			<coordinate>pixel</coordinate>
			<type>rectangle</type>
			<description>None</description>
			<possibleresult>
				<name>other-airplane</name>
			</possibleresult>
			<points>
				<point>69.000000,177.000000</point>
				<point>96.000000,147.000000</point>
				<point>70.000000,125.000000</point>
				<point>44.000000,156.000000</point>
				<point>69.000000,177.000000</point>
			</points>
		</object>
		<object>
			<coordinate>pixel</coordinate>
			<type>rectangle</type>
			<description>None</description>
			<possibleresult>
				<name>A330</name>
			</possibleresult>
			<points>
				<point>409.000000,54.000000</point>
				<point>468.000000,106.000000</point>
				<point>519.000000,50.000000</point>
				<point>460.000000,-2.000000</point>
				<point>409.000000,54.000000</point>
			</points>
		</object>
		<object>
			<coordinate>pixel</coordinate>
			<type>rectangle</type>
			<description>None</description>
			<possibleresult>
				<name>Boeing737</name>
			</possibleresult>
			<points>
				<point>816.000000,363.000000</point>
				<point>850.000000,331.000000</point>
				<point>819.000000,299.000000</point>
				<point>784.000000,329.000000</point>
				<point>816.000000,363.000000</point>
			</points>
		</object>
		<object>
			<coordinate>pixel</coordinate>
			<type>rectangle</type>
			<description>None</description>
			<possibleresult>
				<name>Boeing737</name>
			</possibleresult>
			<points>
				<point>997.000000,943.000000</point>
				<point>963.000000,912.000000</point>
				<point>933.000000,944.000000</point>
				<point>967.000000,975.000000</point>
				<point>997.000000,943.000000</point>
			</points>
		</object>
		<object>
			<coordinate>pixel</coordinate>
			<type>rectangle</type>
			<description>None</description>
			<possibleresult>
				<name>Boeing737</name>
			</possibleresult>
			<points>
				<point>961.000000,979.000000</point>
				<point>929.000000,948.000000</point>
				<point>900.000000,979.000000</point>
				<point>933.000000,1009.000000</point>
				<point>961.000000,979.000000</point>
			</points>
		</object>
	</objects>
</annotation>