<?xml version="1.0" encoding="utf-8"?>
<annotation>
	<source>
		<filename>393.tif</filename>
		<origin>GF2/GF3</origin>
	</source>
	<research>
		<version>1.0</version>
		<provider>FAIR1M</provider>
		<author>Cyber</author>
		<pluginname>FAIR1M</pluginname>
		<pluginclass>object detection</pluginclass>
		<time>2021-07-21</time>
	</research>
	<size>
		<width>1000</width>
		<height>1000</height>
		<depth>3</depth>
	</size>
	<objects>
		<object>
			<coordinate>pixel</coordinate>
			<type>rectangle</type>
			<description>None</description>
			<possibleresult>
				<name>Tennis Court</name>
			</possibleresult>
			<points>
				<point>314.000000,1000.000000</point>
				<point>270.000000,1000.000000</point>
				<point>270.000000,950.000000</point>
				<point>314.000000,950.000000</point>
				<point>314.000000,1000.000000</point>
			</points>
		</object>
		<object>
			<coordinate>pixel</coordinate>
			<type>rectangle</type>
			<description>None</description>
			<possibleresult>
				<name>Tennis Court</name>
			</possibleresult>
			<points>
				<point>392.637482,1000.000000</point>
				<point>348.637512,1000.000000</point>
				<point>348.000000,949.000122</point>
				<point>391.993103,948.450317</point>
				<point>392.637482,1000.000000</point>
			</points>
		</object>
		<object>
			<coordinate>pixel</coordinate>
			<type>rectangle</type>
			<description>None</description>
			<possibleresult>
				<name>Tennis Court</name>
			</possibleresult>
			<points>
				<point>467.000000,1000.000000</point>
				<point>422.000000,1000.000000</point>
				<point>422.000000,949.000000</point>
				<point>467.000000,949.000000</point>
				<point>467.000000,1000.000000</point>
			</points>
		</object>
		<object>
			<coordinate>pixel</coordinate>
			<type>rectangle</type>
			<description>None</description>
			<possibleresult>
				<name>Small Car</name>
			</possibleresult>
			<points>
				<point>804.000061,756.000061</point>
				<point>802.964661,771.531067</point>
				<point>795.000061,771.000061</point>
				<point>796.035461,755.469055</point>
				<point>804.000061,756.000061</point>
			</points>
		</object>
		<object>
			<coordinate>pixel</coordinate>
			<type>rectangle</type>
			<description>None</description>
			<possibleresult>
				<name>Van</name>
			</possibleresult>
			<points>
				<point>820.000000,731.000000</point>
				<point>799.000000,731.000000</point>
				<point>799.000000,724.000000</point>
				<point>820.000000,724.000000</point>
				<point>820.000000,731.000000</point>
			</points>
		</object>
		<object>
			<coordinate>pixel</coordinate>
			<type>rectangle</type>
			<description>None</description>
			<possibleresult>
				<name>Van</name>
			</possibleresult>
			<points>
				<point>821.000000,684.000000</point>
				<point>800.000000,684.000000</point>
				<point>800.000000,677.000000</point>
				<point>821.000000,677.000000</point>
				<point>821.000000,684.000000</point>
			</points>
		</object>
		<object>
			<coordinate>pixel</coordinate>
			<type>rectangle</type>
			<description>None</description>
			<possibleresult>
				<name>Van</name>
			</possibleresult>
			<points>
				<point>822.000000,673.000000</point>
				<point>798.000000,673.000000</point>
				<point>798.000000,665.000000</point>
				<point>822.000000,665.000000</point>
				<point>822.000000,673.000000</point>
			</points>
		</object>
		<object>
			<coordinate>pixel</coordinate>
			<type>rectangle</type>
			<description>None</description>
			<possibleresult>
				<name>Van</name>
			</possibleresult>
			<points>
				<point>781.027588,638.475037</point>
				<point>780.000000,657.999939</point>
				<point>770.972412,657.524841</point>
				<point>772.000000,637.999939</point>
				<point>781.027588,638.475037</point>
			</points>
		</object>
		<object>
			<coordinate>pixel</coordinate>
			<type>rectangle</type>
			<description>None</description>
			<possibleresult>
				<name>Van</name>
			</possibleresult>
			<points>
				<point>781.975159,617.472351</point>
				<point>780.975159,636.472351</point>
				<point>772.000061,635.999939</point>
				<point>773.000061,616.999939</point>
				<point>781.975159,617.472351</point>
			</points>
		</object>
		<object>
			<coordinate>pixel</coordinate>
			<type>rectangle</type>
			<description>None</description>
			<possibleresult>
				<name>Van</name>
			</possibleresult>
			<points>
				<point>819.000000,611.000000</point>
				<point>799.000000,611.000000</point>
				<point>799.000000,604.000000</point>
				<point>819.000000,604.000000</point>
				<point>819.000000,611.000000</point>
			</points>
		</object>
		<object>
			<coordinate>pixel</coordinate>
			<type>rectangle</type>
			<description>None</description>
			<possibleresult>
				<name>Van</name>
			</possibleresult>
			<points>
				<point>713.000000,699.000000</point>
				<point>695.000000,699.000000</point>
				<point>695.000000,692.000000</point>
				<point>713.000000,692.000000</point>
				<point>713.000000,699.000000</point>
			</points>
		</object>
		<object>
			<coordinate>pixel</coordinate>
			<type>rectangle</type>
			<description>None</description>
			<possibleresult>
				<name>Small Car</name>
			</possibleresult>
			<points>
				<point>712.999939,587.999939</point>
				<point>708.999939,593.999939</point>
				<point>693.999939,583.999939</point>
				<point>697.999939,577.999939</point>
				<point>712.999939,587.999939</point>
			</points>
		</object>
		<object>
			<coordinate>pixel</coordinate>
			<type>rectangle</type>
			<description>None</description>
			<possibleresult>
				<name>Small Car</name>
			</possibleresult>
			<points>
				<point>781.000000,523.000061</point>
				<point>779.968872,539.498108</point>
				<point>772.000000,539.000061</point>
				<point>773.031128,522.502014</point>
				<point>781.000000,523.000061</point>
			</points>
		</object>
		<object>
			<coordinate>pixel</coordinate>
			<type>rectangle</type>
			<description>None</description>
			<possibleresult>
				<name>Dump Truck</name>
			</possibleresult>
			<points>
				<point>717.367432,524.980713</point>
				<point>698.000000,526.000000</point>
				<point>697.632568,519.019287</point>
				<point>717.000000,518.000000</point>
				<point>717.367432,524.980713</point>
			</points>
		</object>
		<object>
			<coordinate>pixel</coordinate>
			<type>rectangle</type>
			<description>None</description>
			<possibleresult>
				<name>Van</name>
			</possibleresult>
			<points>
				<point>725.000000,500.000000</point>
				<point>705.000000,500.000000</point>
				<point>705.000000,493.000000</point>
				<point>725.000000,493.000000</point>
				<point>725.000000,500.000000</point>
			</points>
		</object>
		<object>
			<coordinate>pixel</coordinate>
			<type>rectangle</type>
			<description>None</description>
			<possibleresult>
				<name>Van</name>
			</possibleresult>
			<points>
				<point>716.000000,488.000000</point>
				<point>697.000000,488.000000</point>
				<point>697.000000,481.000000</point>
				<point>716.000000,481.000000</point>
				<point>716.000000,488.000000</point>
			</points>
		</object>
		<object>
			<coordinate>pixel</coordinate>
			<type>rectangle</type>
			<description>None</description>
			<possibleresult>
				<name>Small Car</name>
			</possibleresult>
			<points>
				<point>716.377502,470.961090</point>
				<point>716.000061,477.000031</point>
				<point>700.000061,476.000031</point>
				<point>700.377502,469.961090</point>
				<point>716.377502,470.961090</point>
			</points>
		</object>
		<object>
			<coordinate>pixel</coordinate>
			<type>rectangle</type>
			<description>None</description>
			<possibleresult>
				<name>Small Car</name>
			</possibleresult>
			<points>
				<point>824.000000,462.000000</point>
				<point>807.000000,462.000000</point>
				<point>807.000000,457.000000</point>
				<point>824.000000,457.000000</point>
				<point>824.000000,462.000000</point>
			</points>
		</object>
		<object>
			<coordinate>pixel</coordinate>
			<type>rectangle</type>
			<description>None</description>
			<possibleresult>
				<name>Small Car</name>
			</possibleresult>
			<points>
				<point>823.000000,424.000000</point>
				<point>809.000000,424.000000</point>
				<point>809.000000,418.000000</point>
				<point>823.000000,418.000000</point>
				<point>823.000000,424.000000</point>
			</points>
		</object>
		<object>
			<coordinate>pixel</coordinate>
			<type>rectangle</type>
			<description>None</description>
			<possibleresult>
				<name>Van</name>
			</possibleresult>
			<points>
				<point>780.000000,384.000000</point>
				<point>772.000000,384.000000</point>
				<point>772.000000,371.000000</point>
				<point>780.000000,371.000000</point>
				<point>780.000000,384.000000</point>
			</points>
		</object>
		<object>
			<coordinate>pixel</coordinate>
			<type>rectangle</type>
			<description>None</description>
			<possibleresult>
				<name>Small Car</name>
			</possibleresult>
			<points>
				<point>716.000000,427.000000</point>
				<point>704.000000,427.000000</point>
				<point>704.000000,420.000000</point>
				<point>716.000000,420.000000</point>
				<point>716.000000,427.000000</point>
			</points>
		</object>
		<object>
			<coordinate>pixel</coordinate>
			<type>rectangle</type>
			<description>None</description>
			<possibleresult>
				<name>Small Car</name>
			</possibleresult>
			<points>
				<point>718.000000,419.000000</point>
				<point>701.000000,419.000000</point>
				<point>701.000000,412.000000</point>
				<point>718.000000,412.000000</point>
				<point>718.000000,419.000000</point>
			</points>
		</object>
		<object>
			<coordinate>pixel</coordinate>
			<type>rectangle</type>
			<description>None</description>
			<possibleresult>
				<name>Van</name>
			</possibleresult>
			<points>
				<point>505.000000,745.000000</point>
				<point>483.000000,745.000000</point>
				<point>483.000000,738.000000</point>
				<point>505.000000,738.000000</point>
				<point>505.000000,745.000000</point>
			</points>
		</object>
		<object>
			<coordinate>pixel</coordinate>
			<type>rectangle</type>
			<description>None</description>
			<possibleresult>
				<name>Small Car</name>
			</possibleresult>
			<points>
				<point>434.294434,802.851624</point>
				<point>433.000000,809.000183</point>
				<point>414.000000,805.000183</point>
				<point>415.294434,798.851624</point>
				<point>434.294434,802.851624</point>
			</points>
		</object>
		<object>
			<coordinate>pixel</coordinate>
			<type>rectangle</type>
			<description>None</description>
			<possibleresult>
				<name>Small Car</name>
			</possibleresult>
			<points>
				<point>387.000031,726.999939</point>
				<point>386.000031,733.999939</point>
				<point>368.920013,731.559998</point>
				<point>369.920013,724.559998</point>
				<point>387.000031,726.999939</point>
			</points>
		</object>
		<object>
			<coordinate>pixel</coordinate>
			<type>rectangle</type>
			<description>None</description>
			<possibleresult>
				<name>Van</name>
			</possibleresult>
			<points>
				<point>386.299286,713.985046</point>
				<point>366.000031,715.000061</point>
				<point>365.700775,709.015076</point>
				<point>386.000031,708.000061</point>
				<point>386.299286,713.985046</point>
			</points>
		</object>
		<object>
			<coordinate>pixel</coordinate>
			<type>rectangle</type>
			<description>None</description>
			<possibleresult>
				<name>Small Car</name>
			</possibleresult>
			<points>
				<point>419.035461,657.531067</point>
				<point>412.000061,658.000061</point>
				<point>411.000061,643.000061</point>
				<point>418.035461,642.531067</point>
				<point>419.035461,657.531067</point>
			</points>
		</object>
		<object>
			<coordinate>pixel</coordinate>
			<type>rectangle</type>
			<description>None</description>
			<possibleresult>
				<name>Small Car</name>
			</possibleresult>
			<points>
				<point>388.400055,638.800110</point>
				<point>374.000031,646.000061</point>
				<point>371.000031,640.000061</point>
				<point>385.400055,632.800110</point>
				<point>388.400055,638.800110</point>
			</points>
		</object>
		<object>
			<coordinate>pixel</coordinate>
			<type>rectangle</type>
			<description>None</description>
			<possibleresult>
				<name>Small Car</name>
			</possibleresult>
			<points>
				<point>387.000000,630.000000</point>
				<point>372.000000,630.000000</point>
				<point>372.000000,624.000000</point>
				<point>387.000000,624.000000</point>
				<point>387.000000,630.000000</point>
			</points>
		</object>
		<object>
			<coordinate>pixel</coordinate>
			<type>rectangle</type>
			<description>None</description>
			<possibleresult>
				<name>Small Car</name>
			</possibleresult>
			<points>
				<point>419.000000,598.000000</point>
				<point>418.000000,615.000000</point>
				<point>409.968994,614.527588</point>
				<point>410.968994,597.527588</point>
				<point>419.000000,598.000000</point>
			</points>
		</object>
		<object>
			<coordinate>pixel</coordinate>
			<type>rectangle</type>
			<description>None</description>
			<possibleresult>
				<name>Small Car</name>
			</possibleresult>
			<points>
				<point>454.000000,614.000000</point>
				<point>446.000000,614.000000</point>
				<point>446.000000,597.000000</point>
				<point>454.000000,597.000000</point>
				<point>454.000000,614.000000</point>
			</points>
		</object>
		<object>
			<coordinate>pixel</coordinate>
			<type>rectangle</type>
			<description>None</description>
			<possibleresult>
				<name>Small Car</name>
			</possibleresult>
			<points>
				<point>493.000000,631.000000</point>
				<point>474.000000,631.000000</point>
				<point>474.000000,624.000000</point>
				<point>493.000000,624.000000</point>
				<point>493.000000,631.000000</point>
			</points>
		</object>
		<object>
			<coordinate>pixel</coordinate>
			<type>rectangle</type>
			<description>None</description>
			<possibleresult>
				<name>Small Car</name>
			</possibleresult>
			<points>
				<point>453.000000,592.000000</point>
				<point>446.000000,592.000000</point>
				<point>446.000000,575.000000</point>
				<point>453.000000,575.000000</point>
				<point>453.000000,592.000000</point>
			</points>
		</object>
		<object>
			<coordinate>pixel</coordinate>
			<type>rectangle</type>
			<description>None</description>
			<possibleresult>
				<name>Van</name>
			</possibleresult>
			<points>
				<point>454.000000,556.000000</point>
				<point>445.000000,556.000000</point>
				<point>445.000000,538.000000</point>
				<point>454.000000,538.000000</point>
				<point>454.000000,556.000000</point>
			</points>
		</object>
		<object>
			<coordinate>pixel</coordinate>
			<type>rectangle</type>
			<description>None</description>
			<possibleresult>
				<name>Van</name>
			</possibleresult>
			<points>
				<point>391.000000,491.000000</point>
				<point>369.000000,491.000000</point>
				<point>369.000000,484.000000</point>
				<point>391.000000,484.000000</point>
				<point>391.000000,491.000000</point>
			</points>
		</object>
		<object>
			<coordinate>pixel</coordinate>
			<type>rectangle</type>
			<description>None</description>
			<possibleresult>
				<name>Small Car</name>
			</possibleresult>
			<points>
				<point>387.000000,482.000000</point>
				<point>372.000000,482.000000</point>
				<point>372.000000,476.000000</point>
				<point>387.000000,476.000000</point>
				<point>387.000000,482.000000</point>
			</points>
		</object>
		<object>
			<coordinate>pixel</coordinate>
			<type>rectangle</type>
			<description>None</description>
			<possibleresult>
				<name>Small Car</name>
			</possibleresult>
			<points>
				<point>455.000000,469.000000</point>
				<point>448.000000,469.000000</point>
				<point>448.000000,458.000000</point>
				<point>455.000000,458.000000</point>
				<point>455.000000,469.000000</point>
			</points>
		</object>
		<object>
			<coordinate>pixel</coordinate>
			<type>rectangle</type>
			<description>None</description>
			<possibleresult>
				<name>Small Car</name>
			</possibleresult>
			<points>
				<point>494.332581,485.015839</point>
				<point>494.000000,492.000031</point>
				<point>472.667419,490.984222</point>
				<point>473.000000,484.000031</point>
				<point>494.332581,485.015839</point>
			</points>
		</object>
		<object>
			<coordinate>pixel</coordinate>
			<type>rectangle</type>
			<description>None</description>
			<possibleresult>
				<name>Dump Truck</name>
			</possibleresult>
			<points>
				<point>527.000000,514.000000</point>
				<point>507.000000,514.000000</point>
				<point>507.000000,508.000000</point>
				<point>527.000000,508.000000</point>
				<point>527.000000,514.000000</point>
			</points>
		</object>
		<object>
			<coordinate>pixel</coordinate>
			<type>rectangle</type>
			<description>None</description>
			<possibleresult>
				<name>Small Car</name>
			</possibleresult>
			<points>
				<point>495.000000,420.000000</point>
				<point>477.000000,420.000000</point>
				<point>477.000000,414.000000</point>
				<point>495.000000,414.000000</point>
				<point>495.000000,420.000000</point>
			</points>
		</object>
		<object>
			<coordinate>pixel</coordinate>
			<type>rectangle</type>
			<description>None</description>
			<possibleresult>
				<name>Van</name>
			</possibleresult>
			<points>
				<point>389.000000,417.000000</point>
				<point>369.000000,417.000000</point>
				<point>369.000000,411.000000</point>
				<point>389.000000,411.000000</point>
				<point>389.000000,417.000000</point>
			</points>
		</object>
		<object>
			<coordinate>pixel</coordinate>
			<type>rectangle</type>
			<description>None</description>
			<possibleresult>
				<name>Small Car</name>
			</possibleresult>
			<points>
				<point>394.000000,403.000000</point>
				<point>393.396057,409.039612</point>
				<point>373.000000,407.000000</point>
				<point>373.603943,400.960388</point>
				<point>394.000000,403.000000</point>
			</points>
		</object>
		<object>
			<coordinate>pixel</coordinate>
			<type>rectangle</type>
			<description>None</description>
			<possibleresult>
				<name>Small Car</name>
			</possibleresult>
			<points>
				<point>173.299255,852.985046</point>
				<point>153.000000,854.000061</point>
				<point>152.700745,848.015076</point>
				<point>173.000000,847.000061</point>
				<point>173.299255,852.985046</point>
			</points>
		</object>
		<object>
			<coordinate>pixel</coordinate>
			<type>rectangle</type>
			<description>None</description>
			<possibleresult>
				<name>Small Car</name>
			</possibleresult>
			<points>
				<point>167.000000,833.000000</point>
				<point>147.000000,833.000000</point>
				<point>147.000000,827.000000</point>
				<point>167.000000,827.000000</point>
				<point>167.000000,833.000000</point>
			</points>
		</object>
		<object>
			<coordinate>pixel</coordinate>
			<type>rectangle</type>
			<description>None</description>
			<possibleresult>
				<name>Small Car</name>
			</possibleresult>
			<points>
				<point>132.000000,832.000000</point>
				<point>111.000000,832.000000</point>
				<point>111.000000,826.000000</point>
				<point>132.000000,826.000000</point>
				<point>132.000000,832.000000</point>
			</points>
		</object>
		<object>
			<coordinate>pixel</coordinate>
			<type>rectangle</type>
			<description>None</description>
			<possibleresult>
				<name>Small Car</name>
			</possibleresult>
			<points>
				<point>180.314911,729.983337</point>
				<point>161.000000,730.999939</point>
				<point>160.685089,725.016541</point>
				<point>180.000000,723.999939</point>
				<point>180.314911,729.983337</point>
			</points>
		</object>
		<object>
			<coordinate>pixel</coordinate>
			<type>rectangle</type>
			<description>None</description>
			<possibleresult>
				<name>Van</name>
			</possibleresult>
			<points>
				<point>127.000000,726.000000</point>
				<point>119.000000,726.000000</point>
				<point>119.000000,708.000000</point>
				<point>127.000000,708.000000</point>
				<point>127.000000,726.000000</point>
			</points>
		</object>
		<object>
			<coordinate>pixel</coordinate>
			<type>rectangle</type>
			<description>None</description>
			<possibleresult>
				<name>Dump Truck</name>
			</possibleresult>
			<points>
				<point>71.400009,729.200012</point>
				<point>67.000008,738.000061</point>
				<point>49.000004,729.000061</point>
				<point>53.400002,720.200012</point>
				<point>71.400009,729.200012</point>
			</points>
		</object>
		<object>
			<coordinate>pixel</coordinate>
			<type>rectangle</type>
			<description>None</description>
			<possibleresult>
				<name>Van</name>
			</possibleresult>
			<points>
				<point>48.000000,731.000000</point>
				<point>31.000000,731.000000</point>
				<point>31.000000,724.000000</point>
				<point>48.000000,724.000000</point>
				<point>48.000000,731.000000</point>
			</points>
		</object>
		<object>
			<coordinate>pixel</coordinate>
			<type>rectangle</type>
			<description>None</description>
			<possibleresult>
				<name>Small Car</name>
			</possibleresult>
			<points>
				<point>65.000000,678.000000</point>
				<point>44.000000,678.000000</point>
				<point>44.000000,672.000000</point>
				<point>65.000000,672.000000</point>
				<point>65.000000,678.000000</point>
			</points>
		</object>
		<object>
			<coordinate>pixel</coordinate>
			<type>rectangle</type>
			<description>None</description>
			<possibleresult>
				<name>Small Car</name>
			</possibleresult>
			<points>
				<point>64.000000,670.000000</point>
				<point>43.000000,670.000000</point>
				<point>43.000000,663.000000</point>
				<point>64.000000,663.000000</point>
				<point>64.000000,670.000000</point>
			</points>
		</object>
		<object>
			<coordinate>pixel</coordinate>
			<type>rectangle</type>
			<description>None</description>
			<possibleresult>
				<name>Small Car</name>
			</possibleresult>
			<points>
				<point>126.000000,663.000000</point>
				<point>119.000000,663.000000</point>
				<point>119.000000,650.000000</point>
				<point>126.000000,650.000000</point>
				<point>126.000000,663.000000</point>
			</points>
		</object>
		<object>
			<coordinate>pixel</coordinate>
			<type>rectangle</type>
			<description>None</description>
			<possibleresult>
				<name>Van</name>
			</possibleresult>
			<points>
				<point>127.000000,631.000000</point>
				<point>118.000000,631.000000</point>
				<point>118.000000,613.000000</point>
				<point>127.000000,613.000000</point>
				<point>127.000000,631.000000</point>
			</points>
		</object>
		<object>
			<coordinate>pixel</coordinate>
			<type>rectangle</type>
			<description>None</description>
			<possibleresult>
				<name>Van</name>
			</possibleresult>
			<points>
				<point>59.000000,642.000000</point>
				<point>43.000000,642.000000</point>
				<point>43.000000,635.000000</point>
				<point>59.000000,635.000000</point>
				<point>59.000000,642.000000</point>
			</points>
		</object>
		<object>
			<coordinate>pixel</coordinate>
			<type>rectangle</type>
			<description>None</description>
			<possibleresult>
				<name>Small Car</name>
			</possibleresult>
			<points>
				<point>178.319580,614.969116</point>
				<point>178.000000,622.000000</point>
				<point>156.000000,621.000000</point>
				<point>156.319580,613.969116</point>
				<point>178.319580,614.969116</point>
			</points>
		</object>
		<object>
			<coordinate>pixel</coordinate>
			<type>rectangle</type>
			<description>None</description>
			<possibleresult>
				<name>Small Car</name>
			</possibleresult>
			<points>
				<point>172.000000,604.999939</point>
				<point>171.174072,612.020447</point>
				<point>154.000000,609.999939</point>
				<point>154.825928,602.979431</point>
				<point>172.000000,604.999939</point>
			</points>
		</object>
		<object>
			<coordinate>pixel</coordinate>
			<type>rectangle</type>
			<description>None</description>
			<possibleresult>
				<name>Van</name>
			</possibleresult>
			<points>
				<point>169.000000,602.000000</point>
				<point>151.000000,602.000000</point>
				<point>151.000000,595.000000</point>
				<point>169.000000,595.000000</point>
				<point>169.000000,602.000000</point>
			</points>
		</object>
		<object>
			<coordinate>pixel</coordinate>
			<type>rectangle</type>
			<description>None</description>
			<possibleresult>
				<name>Small Car</name>
			</possibleresult>
			<points>
				<point>128.000000,589.000000</point>
				<point>120.000000,589.000000</point>
				<point>120.000000,573.000000</point>
				<point>128.000000,573.000000</point>
				<point>128.000000,589.000000</point>
			</points>
		</object>
		<object>
			<coordinate>pixel</coordinate>
			<type>rectangle</type>
			<description>None</description>
			<possibleresult>
				<name>Van</name>
			</possibleresult>
			<points>
				<point>171.000000,554.000000</point>
				<point>151.000000,554.000000</point>
				<point>151.000000,547.000000</point>
				<point>171.000000,547.000000</point>
				<point>171.000000,554.000000</point>
			</points>
		</object>
		<object>
			<coordinate>pixel</coordinate>
			<type>rectangle</type>
			<description>None</description>
			<possibleresult>
				<name>Van</name>
			</possibleresult>
			<points>
				<point>66.000000,572.000000</point>
				<point>45.000000,572.000000</point>
				<point>45.000000,567.000000</point>
				<point>66.000000,567.000000</point>
				<point>66.000000,572.000000</point>
			</points>
		</object>
		<object>
			<coordinate>pixel</coordinate>
			<type>rectangle</type>
			<description>None</description>
			<possibleresult>
				<name>Small Car</name>
			</possibleresult>
			<points>
				<point>63.367401,563.980713</point>
				<point>44.367401,564.980713</point>
				<point>44.000000,558.000000</point>
				<point>63.000000,557.000000</point>
				<point>63.367401,563.980713</point>
			</points>
		</object>
		<object>
			<coordinate>pixel</coordinate>
			<type>rectangle</type>
			<description>None</description>
			<possibleresult>
				<name>Dump Truck</name>
			</possibleresult>
			<points>
				<point>69.281143,553.028809</point>
				<point>44.281147,554.028809</point>
				<point>43.999996,547.000000</point>
				<point>69.000000,546.000000</point>
				<point>69.281143,553.028809</point>
			</points>
		</object>
		<object>
			<coordinate>pixel</coordinate>
			<type>rectangle</type>
			<description>None</description>
			<possibleresult>
				<name>Van</name>
			</possibleresult>
			<points>
				<point>130.000000,486.000000</point>
				<point>121.000000,486.000000</point>
				<point>121.000000,467.000000</point>
				<point>130.000000,467.000000</point>
				<point>130.000000,486.000000</point>
			</points>
		</object>
		<object>
			<coordinate>pixel</coordinate>
			<type>rectangle</type>
			<description>None</description>
			<possibleresult>
				<name>Small Car</name>
			</possibleresult>
			<points>
				<point>170.000000,463.000000</point>
				<point>151.000000,463.000000</point>
				<point>151.000000,456.000000</point>
				<point>170.000000,456.000000</point>
				<point>170.000000,463.000000</point>
			</points>
		</object>
		<object>
			<coordinate>pixel</coordinate>
			<type>rectangle</type>
			<description>None</description>
			<possibleresult>
				<name>Van</name>
			</possibleresult>
			<points>
				<point>170.000000,453.000000</point>
				<point>151.000000,453.000000</point>
				<point>151.000000,447.000000</point>
				<point>170.000000,447.000000</point>
				<point>170.000000,453.000000</point>
			</points>
		</object>
		<object>
			<coordinate>pixel</coordinate>
			<type>rectangle</type>
			<description>None</description>
			<possibleresult>
				<name>Small Car</name>
			</possibleresult>
			<points>
				<point>167.104630,438.963135</point>
				<point>150.000015,445.000061</point>
				<point>147.895401,439.036987</point>
				<point>165.000015,433.000061</point>
				<point>167.104630,438.963135</point>
			</points>
		</object>
		<object>
			<coordinate>pixel</coordinate>
			<type>rectangle</type>
			<description>None</description>
			<possibleresult>
				<name>Dump Truck</name>
			</possibleresult>
			<points>
				<point>173.000000,422.000000</point>
				<point>151.000000,422.000000</point>
				<point>151.000000,415.000000</point>
				<point>173.000000,415.000000</point>
				<point>173.000000,422.000000</point>
			</points>
		</object>
		<object>
			<coordinate>pixel</coordinate>
			<type>rectangle</type>
			<description>None</description>
			<possibleresult>
				<name>Small Car</name>
			</possibleresult>
			<points>
				<point>130.000000,446.000000</point>
				<point>121.000000,446.000000</point>
				<point>121.000000,430.000000</point>
				<point>130.000000,430.000000</point>
				<point>130.000000,446.000000</point>
			</points>
		</object>
		<object>
			<coordinate>pixel</coordinate>
			<type>rectangle</type>
			<description>None</description>
			<possibleresult>
				<name>Dump Truck</name>
			</possibleresult>
			<points>
				<point>225.000000,337.000000</point>
				<point>201.000000,337.000000</point>
				<point>201.000000,330.000000</point>
				<point>225.000000,330.000000</point>
				<point>225.000000,337.000000</point>
			</points>
		</object>
		<object>
			<coordinate>pixel</coordinate>
			<type>rectangle</type>
			<description>None</description>
			<possibleresult>
				<name>Small Car</name>
			</possibleresult>
			<points>
				<point>269.000031,323.000000</point>
				<point>267.951752,335.579285</point>
				<point>261.000031,335.000000</point>
				<point>262.048309,322.420715</point>
				<point>269.000031,323.000000</point>
			</points>
		</object>
		<object>
			<coordinate>pixel</coordinate>
			<type>rectangle</type>
			<description>None</description>
			<possibleresult>
				<name>Cargo Truck</name>
			</possibleresult>
			<points>
				<point>210.000000,576.000000</point>
				<point>177.000000,576.000000</point>
				<point>177.000000,568.000000</point>
				<point>210.000000,568.000000</point>
				<point>210.000000,576.000000</point>
			</points>
		</object>
		<object>
			<coordinate>pixel</coordinate>
			<type>rectangle</type>
			<description>None</description>
			<possibleresult>
				<name>Van</name>
			</possibleresult>
			<points>
				<point>359.000000,503.000000</point>
				<point>346.000000,503.000000</point>
				<point>346.000000,496.000000</point>
				<point>359.000000,496.000000</point>
				<point>359.000000,503.000000</point>
			</points>
		</object>
		<object>
			<coordinate>pixel</coordinate>
			<type>rectangle</type>
			<description>None</description>
			<possibleresult>
				<name>Van</name>
			</possibleresult>
			<points>
				<point>37.026550,269.601776</point>
				<point>36.000004,285.000031</point>
				<point>26.973455,284.398285</point>
				<point>28.000004,269.000031</point>
				<point>37.026550,269.601776</point>
			</points>
		</object>
		<object>
			<coordinate>pixel</coordinate>
			<type>rectangle</type>
			<description>None</description>
			<possibleresult>
				<name>Small Car</name>
			</possibleresult>
			<points>
				<point>158.000000,145.000000</point>
				<point>150.000000,145.000000</point>
				<point>150.000000,128.000000</point>
				<point>158.000000,128.000000</point>
				<point>158.000000,145.000000</point>
			</points>
		</object>
		<object>
			<coordinate>pixel</coordinate>
			<type>rectangle</type>
			<description>None</description>
			<possibleresult>
				<name>Dump Truck</name>
			</possibleresult>
			<points>
				<point>210.000000,113.000000</point>
				<point>188.000000,113.000000</point>
				<point>188.000000,105.000000</point>
				<point>210.000000,105.000000</point>
				<point>210.000000,113.000000</point>
			</points>
		</object>
		<object>
			<coordinate>pixel</coordinate>
			<type>rectangle</type>
			<description>None</description>
			<possibleresult>
				<name>Van</name>
			</possibleresult>
			<points>
				<point>207.000000,122.000000</point>
				<point>189.000000,122.000000</point>
				<point>189.000000,115.000000</point>
				<point>207.000000,115.000000</point>
				<point>207.000000,122.000000</point>
			</points>
		</object>
		<object>
			<coordinate>pixel</coordinate>
			<type>rectangle</type>
			<description>None</description>
			<possibleresult>
				<name>Small Car</name>
			</possibleresult>
			<points>
				<point>157.000000,232.000000</point>
				<point>149.000000,232.000000</point>
				<point>149.000000,216.000000</point>
				<point>157.000000,216.000000</point>
				<point>157.000000,232.000000</point>
			</points>
		</object>
		<object>
			<coordinate>pixel</coordinate>
			<type>rectangle</type>
			<description>None</description>
			<possibleresult>
				<name>Small Car</name>
			</possibleresult>
			<points>
				<point>158.000000,251.000000</point>
				<point>150.000000,251.000000</point>
				<point>150.000000,234.000000</point>
				<point>158.000000,234.000000</point>
				<point>158.000000,251.000000</point>
			</points>
		</object>
		<object>
			<coordinate>pixel</coordinate>
			<type>rectangle</type>
			<description>None</description>
			<possibleresult>
				<name>Small Car</name>
			</possibleresult>
			<points>
				<point>296.000000,284.000000</point>
				<point>288.000000,284.000000</point>
				<point>288.000000,269.000000</point>
				<point>296.000000,269.000000</point>
				<point>296.000000,284.000000</point>
			</points>
		</object>
		<object>
			<coordinate>pixel</coordinate>
			<type>rectangle</type>
			<description>None</description>
			<possibleresult>
				<name>Van</name>
			</possibleresult>
			<points>
				<point>341.000000,309.000000</point>
				<point>324.000000,309.000000</point>
				<point>324.000000,303.000000</point>
				<point>341.000000,303.000000</point>
				<point>341.000000,309.000000</point>
			</points>
		</object>
		<object>
			<coordinate>pixel</coordinate>
			<type>rectangle</type>
			<description>None</description>
			<possibleresult>
				<name>Small Car</name>
			</possibleresult>
			<points>
				<point>401.000000,284.000000</point>
				<point>393.000000,284.000000</point>
				<point>393.000000,267.000000</point>
				<point>401.000000,267.000000</point>
				<point>401.000000,284.000000</point>
			</points>
		</object>
		<object>
			<coordinate>pixel</coordinate>
			<type>rectangle</type>
			<description>None</description>
			<possibleresult>
				<name>Dump Truck</name>
			</possibleresult>
			<points>
				<point>431.000000,279.000000</point>
				<point>421.000000,279.000000</point>
				<point>421.000000,258.000000</point>
				<point>431.000000,258.000000</point>
				<point>431.000000,279.000000</point>
			</points>
		</object>
		<object>
			<coordinate>pixel</coordinate>
			<type>rectangle</type>
			<description>None</description>
			<possibleresult>
				<name>Small Car</name>
			</possibleresult>
			<points>
				<point>444.000000,260.000000</point>
				<point>437.000000,260.000000</point>
				<point>437.000000,244.000000</point>
				<point>444.000000,244.000000</point>
				<point>444.000000,260.000000</point>
			</points>
		</object>
		<object>
			<coordinate>pixel</coordinate>
			<type>rectangle</type>
			<description>None</description>
			<possibleresult>
				<name>Small Car</name>
			</possibleresult>
			<points>
				<point>428.000000,254.000000</point>
				<point>421.000000,254.000000</point>
				<point>421.000000,239.000000</point>
				<point>428.000000,239.000000</point>
				<point>428.000000,254.000000</point>
			</points>
		</object>
		<object>
			<coordinate>pixel</coordinate>
			<type>rectangle</type>
			<description>None</description>
			<possibleresult>
				<name>Small Car</name>
			</possibleresult>
			<points>
				<point>276.090607,100.483009</point>
				<point>268.000031,101.999992</point>
				<point>265.000031,85.999992</point>
				<point>273.090607,84.483009</point>
				<point>276.090607,100.483009</point>
			</points>
		</object>
		<object>
			<coordinate>pixel</coordinate>
			<type>rectangle</type>
			<description>None</description>
			<possibleresult>
				<name>Small Car</name>
			</possibleresult>
			<points>
				<point>307.000000,62.000008</point>
				<point>306.629822,69.033150</point>
				<point>287.629822,68.033150</point>
				<point>288.000000,61.000008</point>
				<point>307.000000,62.000008</point>
			</points>
		</object>
		<object>
			<coordinate>pixel</coordinate>
			<type>rectangle</type>
			<description>None</description>
			<possibleresult>
				<name>Dump Truck</name>
			</possibleresult>
			<points>
				<point>327.000000,68.000000</point>
				<point>309.000000,68.000000</point>
				<point>309.000000,63.000000</point>
				<point>327.000000,63.000000</point>
				<point>327.000000,68.000000</point>
			</points>
		</object>
		<object>
			<coordinate>pixel</coordinate>
			<type>rectangle</type>
			<description>None</description>
			<possibleresult>
				<name>Small Car</name>
			</possibleresult>
			<points>
				<point>277.035400,110.469032</point>
				<point>276.035400,125.469032</point>
				<point>269.000000,125.000008</point>
				<point>270.000000,110.000008</point>
				<point>277.035400,110.469032</point>
			</points>
		</object>
		<object>
			<coordinate>pixel</coordinate>
			<type>rectangle</type>
			<description>None</description>
			<possibleresult>
				<name>Small Car</name>
			</possibleresult>
			<points>
				<point>266.000000,121.000000</point>
				<point>258.000000,121.000000</point>
				<point>258.000000,104.000000</point>
				<point>266.000000,104.000000</point>
				<point>266.000000,121.000000</point>
			</points>
		</object>
		<object>
			<coordinate>pixel</coordinate>
			<type>rectangle</type>
			<description>None</description>
			<possibleresult>
				<name>Small Car</name>
			</possibleresult>
			<points>
				<point>389.000000,121.000000</point>
				<point>381.000000,121.000000</point>
				<point>381.000000,106.000000</point>
				<point>389.000000,106.000000</point>
				<point>389.000000,121.000000</point>
			</points>
		</object>
		<object>
			<coordinate>pixel</coordinate>
			<type>rectangle</type>
			<description>None</description>
			<possibleresult>
				<name>Small Car</name>
			</possibleresult>
			<points>
				<point>401.000000,121.000000</point>
				<point>394.000000,121.000000</point>
				<point>394.000000,108.000000</point>
				<point>401.000000,108.000000</point>
				<point>401.000000,121.000000</point>
			</points>
		</object>
		<object>
			<coordinate>pixel</coordinate>
			<type>rectangle</type>
			<description>None</description>
			<possibleresult>
				<name>Dump Truck</name>
			</possibleresult>
			<points>
				<point>426.000000,108.000000</point>
				<point>416.000000,108.000000</point>
				<point>416.000000,90.000000</point>
				<point>426.000000,90.000000</point>
				<point>426.000000,108.000000</point>
			</points>
		</object>
		<object>
			<coordinate>pixel</coordinate>
			<type>rectangle</type>
			<description>None</description>
			<possibleresult>
				<name>Small Car</name>
			</possibleresult>
			<points>
				<point>424.000000,126.000000</point>
				<point>416.000000,126.000000</point>
				<point>416.000000,110.000000</point>
				<point>424.000000,110.000000</point>
				<point>424.000000,126.000000</point>
			</points>
		</object>
		<object>
			<coordinate>pixel</coordinate>
			<type>rectangle</type>
			<description>None</description>
			<possibleresult>
				<name>Dump Truck</name>
			</possibleresult>
			<points>
				<point>441.000000,123.000000</point>
				<point>432.000000,123.000000</point>
				<point>432.000000,104.000000</point>
				<point>441.000000,104.000000</point>
				<point>441.000000,123.000000</point>
			</points>
		</object>
		<object>
			<coordinate>pixel</coordinate>
			<type>rectangle</type>
			<description>None</description>
			<possibleresult>
				<name>Small Car</name>
			</possibleresult>
			<points>
				<point>540.020020,107.860001</point>
				<point>538.000000,122.000000</point>
				<point>531.000000,121.000000</point>
				<point>533.020020,106.860001</point>
				<point>540.020020,107.860001</point>
			</points>
		</object>
		<object>
			<coordinate>pixel</coordinate>
			<type>rectangle</type>
			<description>None</description>
			<possibleresult>
				<name>Dump Truck</name>
			</possibleresult>
			<points>
				<point>553.020508,120.174065</point>
				<point>546.000000,121.000008</point>
				<point>543.979492,103.825951</point>
				<point>551.000000,103.000008</point>
				<point>553.020508,120.174065</point>
			</points>
		</object>
		<object>
			<coordinate>pixel</coordinate>
			<type>rectangle</type>
			<description>None</description>
			<possibleresult>
				<name>Van</name>
			</possibleresult>
			<points>
				<point>567.000000,93.000000</point>
				<point>557.000000,93.000000</point>
				<point>557.000000,81.000000</point>
				<point>567.000000,81.000000</point>
				<point>567.000000,93.000000</point>
			</points>
		</object>
		<object>
			<coordinate>pixel</coordinate>
			<type>rectangle</type>
			<description>None</description>
			<possibleresult>
				<name>Van</name>
			</possibleresult>
			<points>
				<point>563.000000,110.000000</point>
				<point>556.027222,110.435791</point>
				<point>555.000000,94.000000</point>
				<point>561.972778,93.564209</point>
				<point>563.000000,110.000000</point>
			</points>
		</object>
		<object>
			<coordinate>pixel</coordinate>
			<type>rectangle</type>
			<description>None</description>
			<possibleresult>
				<name>Van</name>
			</possibleresult>
			<points>
				<point>564.000000,126.000008</point>
				<point>556.008789,127.065514</point>
				<point>554.008789,112.065514</point>
				<point>562.000000,111.000008</point>
				<point>564.000000,126.000008</point>
			</points>
		</object>
		<object>
			<coordinate>pixel</coordinate>
			<type>rectangle</type>
			<description>None</description>
			<possibleresult>
				<name>Van</name>
			</possibleresult>
			<points>
				<point>566.000000,146.000000</point>
				<point>559.000000,146.000000</point>
				<point>559.000000,131.000000</point>
				<point>566.000000,131.000000</point>
				<point>566.000000,146.000000</point>
			</points>
		</object>
		<object>
			<coordinate>pixel</coordinate>
			<type>rectangle</type>
			<description>None</description>
			<possibleresult>
				<name>Small Car</name>
			</possibleresult>
			<points>
				<point>747.000000,310.000000</point>
				<point>727.000000,310.000000</point>
				<point>727.000000,304.000000</point>
				<point>747.000000,304.000000</point>
				<point>747.000000,310.000000</point>
			</points>
		</object>
		<object>
			<coordinate>pixel</coordinate>
			<type>rectangle</type>
			<description>None</description>
			<possibleresult>
				<name>Van</name>
			</possibleresult>
			<points>
				<point>763.000000,285.000000</point>
				<point>754.000000,285.000000</point>
				<point>754.000000,267.000000</point>
				<point>763.000000,267.000000</point>
				<point>763.000000,285.000000</point>
			</points>
		</object>
		<object>
			<coordinate>pixel</coordinate>
			<type>rectangle</type>
			<description>None</description>
			<possibleresult>
				<name>Small Car</name>
			</possibleresult>
			<points>
				<point>720.487793,176.609802</point>
				<point>710.000000,185.000061</point>
				<point>705.512207,179.390289</point>
				<point>716.000000,171.000031</point>
				<point>720.487793,176.609802</point>
			</points>
		</object>
		<object>
			<coordinate>pixel</coordinate>
			<type>rectangle</type>
			<description>None</description>
			<possibleresult>
				<name>Van</name>
			</possibleresult>
			<points>
				<point>712.500061,92.500046</point>
				<point>700.000061,105.000046</point>
				<point>694.500061,99.500046</point>
				<point>707.000061,87.000046</point>
				<point>712.500061,92.500046</point>
			</points>
		</object>
		<object>
			<coordinate>pixel</coordinate>
			<type>rectangle</type>
			<description>None</description>
			<possibleresult>
				<name>Cargo Truck</name>
			</possibleresult>
			<points>
				<point>722.999939,92.999977</point>
				<point>720.999939,127.999977</point>
				<point>707.985291,127.256279</point>
				<point>709.985291,92.256279</point>
				<point>722.999939,92.999977</point>
			</points>
		</object>
		<object>
			<coordinate>pixel</coordinate>
			<type>rectangle</type>
			<description>None</description>
			<possibleresult>
				<name>Small Car</name>
			</possibleresult>
			<points>
				<point>765.455200,116.537918</point>
				<point>759.000000,121.999985</point>
				<point>748.000000,108.999985</point>
				<point>754.455200,103.537918</point>
				<point>765.455200,116.537918</point>
			</points>
		</object>
		<object>
			<coordinate>pixel</coordinate>
			<type>rectangle</type>
			<description>None</description>
			<possibleresult>
				<name>Van</name>
			</possibleresult>
			<points>
				<point>830.000061,269.000031</point>
				<point>829.000061,284.000031</point>
				<point>821.035461,283.469086</point>
				<point>822.035461,268.469086</point>
				<point>830.000061,269.000031</point>
			</points>
		</object>
		<object>
			<coordinate>pixel</coordinate>
			<type>rectangle</type>
			<description>None</description>
			<possibleresult>
				<name>Van</name>
			</possibleresult>
			<points>
				<point>840.035461,271.469086</point>
				<point>839.035461,286.469086</point>
				<point>832.000061,286.000031</point>
				<point>833.000061,271.000031</point>
				<point>840.035461,271.469086</point>
			</points>
		</object>
		<object>
			<coordinate>pixel</coordinate>
			<type>rectangle</type>
			<description>None</description>
			<possibleresult>
				<name>Van</name>
			</possibleresult>
			<points>
				<point>853.993164,270.058075</point>
				<point>851.993164,287.058075</point>
				<point>843.000000,286.000031</point>
				<point>845.000000,269.000031</point>
				<point>853.993164,270.058075</point>
			</points>
		</object>
		<object>
			<coordinate>pixel</coordinate>
			<type>rectangle</type>
			<description>None</description>
			<possibleresult>
				<name>Dump Truck</name>
			</possibleresult>
			<points>
				<point>870.975403,105.443085</point>
				<point>869.975403,123.443085</point>
				<point>862.000061,123.000000</point>
				<point>863.000061,105.000000</point>
				<point>870.975403,105.443085</point>
			</points>
		</object>
		<object>
			<coordinate>pixel</coordinate>
			<type>rectangle</type>
			<description>None</description>
			<possibleresult>
				<name>Small Car</name>
			</possibleresult>
			<points>
				<point>882.000000,126.000000</point>
				<point>874.000000,126.000000</point>
				<point>874.000000,110.000000</point>
				<point>882.000000,110.000000</point>
				<point>882.000000,126.000000</point>
			</points>
		</object>
		<object>
			<coordinate>pixel</coordinate>
			<type>rectangle</type>
			<description>None</description>
			<possibleresult>
				<name>Small Car</name>
			</possibleresult>
			<points>
				<point>881.031067,90.535408</point>
				<point>880.000061,106.000008</point>
				<point>871.969055,105.464607</point>
				<point>873.000061,90.000008</point>
				<point>881.031067,90.535408</point>
			</points>
		</object>
		<object>
			<coordinate>pixel</coordinate>
			<type>rectangle</type>
			<description>None</description>
			<possibleresult>
				<name>Dump Truck</name>
			</possibleresult>
			<points>
				<point>900.000000,106.999992</point>
				<point>892.027588,107.468956</point>
				<point>891.000000,89.999992</point>
				<point>898.972412,89.531029</point>
				<point>900.000000,106.999992</point>
			</points>
		</object>
		<object>
			<coordinate>pixel</coordinate>
			<type>rectangle</type>
			<description>None</description>
			<possibleresult>
				<name>Small Car</name>
			</possibleresult>
			<points>
				<point>901.000000,123.000000</point>
				<point>893.000000,123.000000</point>
				<point>893.000000,108.000000</point>
				<point>901.000000,108.000000</point>
				<point>901.000000,123.000000</point>
			</points>
		</object>
		<object>
			<coordinate>pixel</coordinate>
			<type>rectangle</type>
			<description>None</description>
			<possibleresult>
				<name>Van</name>
			</possibleresult>
			<points>
				<point>965.027466,270.451385</point>
				<point>964.000000,291.000031</point>
				<point>954.972534,290.548676</point>
				<point>956.000000,270.000031</point>
				<point>965.027466,270.451385</point>
			</points>
		</object>
		<object>
			<coordinate>pixel</coordinate>
			<type>rectangle</type>
			<description>None</description>
			<possibleresult>
				<name>Intersection</name>
			</possibleresult>
			<points>
				<point>176.425964,338.005341</point>
				<point>68.425972,339.005341</point>
				<point>67.999992,293.000031</point>
				<point>176.000000,292.000031</point>
				<point>176.425964,338.005341</point>
			</points>
		</object>
		<object>
			<coordinate>pixel</coordinate>
			<type>rectangle</type>
			<description>None</description>
			<possibleresult>
				<name>Small Car</name>
			</possibleresult>
			<points>
				<point>646.000000,367.000000</point>
				<point>624.000000,367.000000</point>
				<point>624.000000,360.000000</point>
				<point>646.000000,360.000000</point>
				<point>646.000000,367.000000</point>
			</points>
		</object>
		<object>
			<coordinate>pixel</coordinate>
			<type>rectangle</type>
			<description>None</description>
			<possibleresult>
				<name>Van</name>
			</possibleresult>
			<points>
				<point>924.000000,888.000000</point>
				<point>905.000000,888.000000</point>
				<point>905.000000,882.000000</point>
				<point>924.000000,882.000000</point>
				<point>924.000000,888.000000</point>
			</points>
		</object>
		<object>
			<coordinate>pixel</coordinate>
			<type>rectangle</type>
			<description>None</description>
			<possibleresult>
				<name>Small Car</name>
			</possibleresult>
			<points>
				<point>901.000000,888.000000</point>
				<point>880.000000,888.000000</point>
				<point>880.000000,881.000000</point>
				<point>901.000000,881.000000</point>
				<point>901.000000,888.000000</point>
			</points>
		</object>
		<object>
			<coordinate>pixel</coordinate>
			<type>rectangle</type>
			<description>None</description>
			<possibleresult>
				<name>Small Car</name>
			</possibleresult>
			<points>
				<point>815.332275,882.018433</point>
				<point>815.000000,888.000000</point>
				<point>796.667725,886.981567</point>
				<point>797.000000,881.000000</point>
				<point>815.332275,882.018433</point>
			</points>
		</object>
	</objects>
</annotation>