<?xml version="1.0" encoding="utf-8"?>
<annotation>
	<source>
		<filename>397.tif</filename>
		<origin>GF2/GF3</origin>
	</source>
	<research>
		<version>1.0</version>
		<provider>FAIR1M</provider>
		<author>Cyber</author>
		<pluginname>FAIR1M</pluginname>
		<pluginclass>object detection</pluginclass>
		<time>2021-07-21</time>
	</research>
	<size>
		<width>1000</width>
		<height>1000</height>
		<depth>3</depth>
	</size>
	<objects>
		<object>
			<coordinate>pixel</coordinate>
			<type>rectangle</type>
			<description>None</description>
			<possibleresult>
				<name>Intersection</name>
			</possibleresult>
			<points>
				<point>100.000000,15.000000</point>
				<point>100.000000,0.000000</point>
				<point>147.000000,0.000000</point>
				<point>147.000000,15.000000</point>
				<point>100.000000,15.000000</point>
			</points>
		</object>
		<object>
			<coordinate>pixel</coordinate>
			<type>rectangle</type>
			<description>None</description>
			<possibleresult>
				<name>Intersection</name>
			</possibleresult>
			<points>
				<point>353.000000,9.000000</point>
				<point>352.000000,0.000000</point>
				<point>382.000000,0.000000</point>
				<point>383.000000,9.000000</point>
				<point>353.000000,9.000000</point>
			</points>
		</object>
		<object>
			<coordinate>pixel</coordinate>
			<type>rectangle</type>
			<description>None</description>
			<possibleresult>
				<name>Small Car</name>
			</possibleresult>
			<points>
				<point>394.000000,7.000000</point>
				<point>393.000000,23.000000</point>
				<point>383.000000,22.000000</point>
				<point>385.000000,7.000000</point>
				<point>394.000000,7.000000</point>
			</points>
		</object>
		<object>
			<coordinate>pixel</coordinate>
			<type>rectangle</type>
			<description>None</description>
			<possibleresult>
				<name>Small Car</name>
			</possibleresult>
			<points>
				<point>454.000000,10.000000</point>
				<point>433.000000,11.000000</point>
				<point>433.000000,3.000000</point>
				<point>454.000000,2.000000</point>
				<point>454.000000,10.000000</point>
			</points>
		</object>
		<object>
			<coordinate>pixel</coordinate>
			<type>rectangle</type>
			<description>None</description>
			<possibleresult>
				<name>Small Car</name>
			</possibleresult>
			<points>
				<point>443.000000,29.000000</point>
				<point>438.000000,34.000000</point>
				<point>424.000000,22.000000</point>
				<point>430.000000,16.000000</point>
				<point>443.000000,29.000000</point>
			</points>
		</object>
		<object>
			<coordinate>pixel</coordinate>
			<type>rectangle</type>
			<description>None</description>
			<possibleresult>
				<name>Van</name>
			</possibleresult>
			<points>
				<point>397.000000,25.000000</point>
				<point>392.000000,48.000000</point>
				<point>381.000000,46.000000</point>
				<point>385.000000,22.000000</point>
				<point>397.000000,25.000000</point>
			</points>
		</object>
		<object>
			<coordinate>pixel</coordinate>
			<type>rectangle</type>
			<description>None</description>
			<possibleresult>
				<name>Dump Truck</name>
			</possibleresult>
			<points>
				<point>393.000000,75.000000</point>
				<point>379.000000,75.000000</point>
				<point>379.000000,49.000000</point>
				<point>393.000000,49.000000</point>
				<point>393.000000,75.000000</point>
			</points>
		</object>
		<object>
			<coordinate>pixel</coordinate>
			<type>rectangle</type>
			<description>None</description>
			<possibleresult>
				<name>Small Car</name>
			</possibleresult>
			<points>
				<point>568.000000,163.000000</point>
				<point>559.000000,164.000000</point>
				<point>557.000000,147.000000</point>
				<point>566.000000,146.000000</point>
				<point>568.000000,163.000000</point>
			</points>
		</object>
		<object>
			<coordinate>pixel</coordinate>
			<type>rectangle</type>
			<description>None</description>
			<possibleresult>
				<name>Small Car</name>
			</possibleresult>
			<points>
				<point>415.000000,249.000000</point>
				<point>407.000000,250.000000</point>
				<point>405.000000,235.000000</point>
				<point>412.000000,233.000000</point>
				<point>415.000000,249.000000</point>
			</points>
		</object>
		<object>
			<coordinate>pixel</coordinate>
			<type>rectangle</type>
			<description>None</description>
			<possibleresult>
				<name>Small Car</name>
			</possibleresult>
			<points>
				<point>110.000000,172.000000</point>
				<point>101.000000,173.000000</point>
				<point>99.000000,154.000000</point>
				<point>109.000000,154.000000</point>
				<point>110.000000,172.000000</point>
			</points>
		</object>
		<object>
			<coordinate>pixel</coordinate>
			<type>rectangle</type>
			<description>None</description>
			<possibleresult>
				<name>Dump Truck</name>
			</possibleresult>
			<points>
				<point>111.000000,200.000000</point>
				<point>101.000000,201.000000</point>
				<point>99.000000,178.000000</point>
				<point>109.000000,178.000000</point>
				<point>111.000000,200.000000</point>
			</points>
		</object>
		<object>
			<coordinate>pixel</coordinate>
			<type>rectangle</type>
			<description>None</description>
			<possibleresult>
				<name>Van</name>
			</possibleresult>
			<points>
				<point>141.000000,211.000000</point>
				<point>139.000000,229.000000</point>
				<point>130.000000,228.000000</point>
				<point>132.000000,210.000000</point>
				<point>141.000000,211.000000</point>
			</points>
		</object>
		<object>
			<coordinate>pixel</coordinate>
			<type>rectangle</type>
			<description>None</description>
			<possibleresult>
				<name>Intersection</name>
			</possibleresult>
			<points>
				<point>379.000000,434.000000</point>
				<point>376.000000,462.000000</point>
				<point>343.000000,459.000000</point>
				<point>346.000000,431.000000</point>
				<point>379.000000,434.000000</point>
			</points>
		</object>
		<object>
			<coordinate>pixel</coordinate>
			<type>rectangle</type>
			<description>None</description>
			<possibleresult>
				<name>Small Car</name>
			</possibleresult>
			<points>
				<point>511.000000,283.000000</point>
				<point>492.000000,285.000000</point>
				<point>491.000000,277.000000</point>
				<point>511.000000,276.000000</point>
				<point>511.000000,283.000000</point>
			</points>
		</object>
		<object>
			<coordinate>pixel</coordinate>
			<type>rectangle</type>
			<description>None</description>
			<possibleresult>
				<name>Van</name>
			</possibleresult>
			<points>
				<point>579.000000,486.000000</point>
				<point>550.000000,486.000000</point>
				<point>550.000000,475.000000</point>
				<point>579.000000,475.000000</point>
				<point>579.000000,486.000000</point>
			</points>
		</object>
		<object>
			<coordinate>pixel</coordinate>
			<type>rectangle</type>
			<description>None</description>
			<possibleresult>
				<name>Small Car</name>
			</possibleresult>
			<points>
				<point>456.000000,608.000000</point>
				<point>445.000000,609.000000</point>
				<point>442.000000,588.000000</point>
				<point>453.000000,587.000000</point>
				<point>456.000000,608.000000</point>
			</points>
		</object>
		<object>
			<coordinate>pixel</coordinate>
			<type>rectangle</type>
			<description>None</description>
			<possibleresult>
				<name>Small Car</name>
			</possibleresult>
			<points>
				<point>435.000000,434.000000</point>
				<point>425.000000,434.000000</point>
				<point>424.000000,416.000000</point>
				<point>434.000000,416.000000</point>
				<point>435.000000,434.000000</point>
			</points>
		</object>
		<object>
			<coordinate>pixel</coordinate>
			<type>rectangle</type>
			<description>None</description>
			<possibleresult>
				<name>Small Car</name>
			</possibleresult>
			<points>
				<point>434.000000,412.000000</point>
				<point>426.000000,413.000000</point>
				<point>424.000000,397.000000</point>
				<point>432.000000,396.000000</point>
				<point>434.000000,412.000000</point>
			</points>
		</object>
		<object>
			<coordinate>pixel</coordinate>
			<type>rectangle</type>
			<description>None</description>
			<possibleresult>
				<name>Dump Truck</name>
			</possibleresult>
			<points>
				<point>138.000000,407.000000</point>
				<point>137.000000,427.000000</point>
				<point>127.000000,426.000000</point>
				<point>129.000000,407.000000</point>
				<point>138.000000,407.000000</point>
			</points>
		</object>
		<object>
			<coordinate>pixel</coordinate>
			<type>rectangle</type>
			<description>None</description>
			<possibleresult>
				<name>Small Car</name>
			</possibleresult>
			<points>
				<point>106.000000,441.000000</point>
				<point>96.000000,442.000000</point>
				<point>94.000000,424.000000</point>
				<point>103.000000,422.000000</point>
				<point>106.000000,441.000000</point>
			</points>
		</object>
		<object>
			<coordinate>pixel</coordinate>
			<type>rectangle</type>
			<description>None</description>
			<possibleresult>
				<name>Small Car</name>
			</possibleresult>
			<points>
				<point>103.000000,529.000000</point>
				<point>94.000000,529.000000</point>
				<point>94.000000,507.000000</point>
				<point>103.000000,507.000000</point>
				<point>103.000000,529.000000</point>
			</points>
		</object>
		<object>
			<coordinate>pixel</coordinate>
			<type>rectangle</type>
			<description>None</description>
			<possibleresult>
				<name>Small Car</name>
			</possibleresult>
			<points>
				<point>136.000000,515.000000</point>
				<point>127.000000,516.000000</point>
				<point>125.000000,494.000000</point>
				<point>134.000000,494.000000</point>
				<point>136.000000,515.000000</point>
			</points>
		</object>
		<object>
			<coordinate>pixel</coordinate>
			<type>rectangle</type>
			<description>None</description>
			<possibleresult>
				<name>Small Car</name>
			</possibleresult>
			<points>
				<point>134.000000,594.000000</point>
				<point>132.000000,610.000000</point>
				<point>123.000000,610.000000</point>
				<point>124.000000,593.000000</point>
				<point>134.000000,594.000000</point>
			</points>
		</object>
		<object>
			<coordinate>pixel</coordinate>
			<type>rectangle</type>
			<description>None</description>
			<possibleresult>
				<name>Small Car</name>
			</possibleresult>
			<points>
				<point>133.000000,674.000000</point>
				<point>132.000000,692.000000</point>
				<point>121.000000,691.000000</point>
				<point>123.000000,674.000000</point>
				<point>133.000000,674.000000</point>
			</points>
		</object>
		<object>
			<coordinate>pixel</coordinate>
			<type>rectangle</type>
			<description>None</description>
			<possibleresult>
				<name>Van</name>
			</possibleresult>
			<points>
				<point>341.000000,674.000000</point>
				<point>339.000000,684.000000</point>
				<point>312.000000,679.000000</point>
				<point>315.000000,668.000000</point>
				<point>341.000000,674.000000</point>
			</points>
		</object>
		<object>
			<coordinate>pixel</coordinate>
			<type>rectangle</type>
			<description>None</description>
			<possibleresult>
				<name>Dump Truck</name>
			</possibleresult>
			<points>
				<point>72.000000,980.000000</point>
				<point>46.000000,980.000000</point>
				<point>46.000000,972.000000</point>
				<point>72.000000,972.000000</point>
				<point>72.000000,980.000000</point>
			</points>
		</object>
		<object>
			<coordinate>pixel</coordinate>
			<type>rectangle</type>
			<description>None</description>
			<possibleresult>
				<name>Van</name>
			</possibleresult>
			<points>
				<point>71.000000,968.000000</point>
				<point>48.000000,971.000000</point>
				<point>47.000000,962.000000</point>
				<point>71.000000,960.000000</point>
				<point>71.000000,968.000000</point>
			</points>
		</object>
		<object>
			<coordinate>pixel</coordinate>
			<type>rectangle</type>
			<description>None</description>
			<possibleresult>
				<name>Van</name>
			</possibleresult>
			<points>
				<point>70.000000,959.000000</point>
				<point>49.000000,959.000000</point>
				<point>49.000000,952.000000</point>
				<point>70.000000,952.000000</point>
				<point>70.000000,959.000000</point>
			</points>
		</object>
		<object>
			<coordinate>pixel</coordinate>
			<type>rectangle</type>
			<description>None</description>
			<possibleresult>
				<name>Van</name>
			</possibleresult>
			<points>
				<point>98.000000,945.000000</point>
				<point>97.000000,964.000000</point>
				<point>88.000000,964.000000</point>
				<point>89.000000,945.000000</point>
				<point>98.000000,945.000000</point>
			</points>
		</object>
		<object>
			<coordinate>pixel</coordinate>
			<type>rectangle</type>
			<description>None</description>
			<possibleresult>
				<name>Van</name>
			</possibleresult>
			<points>
				<point>96.000000,923.000000</point>
				<point>95.000000,942.000000</point>
				<point>87.000000,941.000000</point>
				<point>88.000000,922.000000</point>
				<point>96.000000,923.000000</point>
			</points>
		</object>
		<object>
			<coordinate>pixel</coordinate>
			<type>rectangle</type>
			<description>None</description>
			<possibleresult>
				<name>Small Car</name>
			</possibleresult>
			<points>
				<point>72.000000,934.000000</point>
				<point>51.000000,937.000000</point>
				<point>50.000000,928.000000</point>
				<point>72.000000,926.000000</point>
				<point>72.000000,934.000000</point>
			</points>
		</object>
		<object>
			<coordinate>pixel</coordinate>
			<type>rectangle</type>
			<description>None</description>
			<possibleresult>
				<name>Small Car</name>
			</possibleresult>
			<points>
				<point>70.000000,921.000000</point>
				<point>51.000000,926.000000</point>
				<point>49.000000,919.000000</point>
				<point>68.000000,914.000000</point>
				<point>70.000000,921.000000</point>
			</points>
		</object>
		<object>
			<coordinate>pixel</coordinate>
			<type>rectangle</type>
			<description>None</description>
			<possibleresult>
				<name>Small Car</name>
			</possibleresult>
			<points>
				<point>14.000000,931.000000</point>
				<point>3.000000,933.000000</point>
				<point>0.000000,912.000000</point>
				<point>9.000000,910.000000</point>
				<point>14.000000,931.000000</point>
			</points>
		</object>
		<object>
			<coordinate>pixel</coordinate>
			<type>rectangle</type>
			<description>None</description>
			<possibleresult>
				<name>Intersection</name>
			</possibleresult>
			<points>
				<point>133.000000,867.000000</point>
				<point>82.000000,870.000000</point>
				<point>80.000000,827.000000</point>
				<point>131.000000,825.000000</point>
				<point>133.000000,867.000000</point>
			</points>
		</object>
		<object>
			<coordinate>pixel</coordinate>
			<type>rectangle</type>
			<description>None</description>
			<possibleresult>
				<name>Small Car</name>
			</possibleresult>
			<points>
				<point>231.000000,933.000000</point>
				<point>222.000000,935.000000</point>
				<point>217.000000,915.000000</point>
				<point>227.000000,914.000000</point>
				<point>231.000000,933.000000</point>
			</points>
		</object>
		<object>
			<coordinate>pixel</coordinate>
			<type>rectangle</type>
			<description>None</description>
			<possibleresult>
				<name>Dump Truck</name>
			</possibleresult>
			<points>
				<point>316.000000,947.000000</point>
				<point>305.000000,949.000000</point>
				<point>301.000000,929.000000</point>
				<point>311.000000,926.000000</point>
				<point>316.000000,947.000000</point>
			</points>
		</object>
		<object>
			<coordinate>pixel</coordinate>
			<type>rectangle</type>
			<description>None</description>
			<possibleresult>
				<name>Van</name>
			</possibleresult>
			<points>
				<point>266.000000,877.000000</point>
				<point>257.000000,877.000000</point>
				<point>257.000000,862.000000</point>
				<point>266.000000,862.000000</point>
				<point>266.000000,877.000000</point>
			</points>
		</object>
		<object>
			<coordinate>pixel</coordinate>
			<type>rectangle</type>
			<description>None</description>
			<possibleresult>
				<name>Small Car</name>
			</possibleresult>
			<points>
				<point>280.000000,877.000000</point>
				<point>270.000000,877.000000</point>
				<point>270.000000,861.000000</point>
				<point>280.000000,861.000000</point>
				<point>280.000000,877.000000</point>
			</points>
		</object>
		<object>
			<coordinate>pixel</coordinate>
			<type>rectangle</type>
			<description>None</description>
			<possibleresult>
				<name>Small Car</name>
			</possibleresult>
			<points>
				<point>292.000000,876.000000</point>
				<point>282.000000,877.000000</point>
				<point>281.000000,861.000000</point>
				<point>291.000000,860.000000</point>
				<point>292.000000,876.000000</point>
			</points>
		</object>
		<object>
			<coordinate>pixel</coordinate>
			<type>rectangle</type>
			<description>None</description>
			<possibleresult>
				<name>Small Car</name>
			</possibleresult>
			<points>
				<point>393.000000,926.000000</point>
				<point>374.000000,928.000000</point>
				<point>373.000000,919.000000</point>
				<point>393.000000,916.000000</point>
				<point>393.000000,926.000000</point>
			</points>
		</object>
		<object>
			<coordinate>pixel</coordinate>
			<type>rectangle</type>
			<description>None</description>
			<possibleresult>
				<name>Van</name>
			</possibleresult>
			<points>
				<point>398.000000,939.000000</point>
				<point>379.000000,943.000000</point>
				<point>377.000000,935.000000</point>
				<point>397.000000,932.000000</point>
				<point>398.000000,939.000000</point>
			</points>
		</object>
		<object>
			<coordinate>pixel</coordinate>
			<type>rectangle</type>
			<description>None</description>
			<possibleresult>
				<name>Small Car</name>
			</possibleresult>
			<points>
				<point>452.000000,891.000000</point>
				<point>443.000000,892.000000</point>
				<point>439.000000,873.000000</point>
				<point>448.000000,872.000000</point>
				<point>452.000000,891.000000</point>
			</points>
		</object>
		<object>
			<coordinate>pixel</coordinate>
			<type>rectangle</type>
			<description>None</description>
			<possibleresult>
				<name>Dump Truck</name>
			</possibleresult>
			<points>
				<point>684.000000,937.000000</point>
				<point>673.000000,939.000000</point>
				<point>671.000000,917.000000</point>
				<point>682.000000,915.000000</point>
				<point>684.000000,937.000000</point>
			</points>
		</object>
		<object>
			<coordinate>pixel</coordinate>
			<type>rectangle</type>
			<description>None</description>
			<possibleresult>
				<name>Intersection</name>
			</possibleresult>
			<points>
				<point>392.000000,826.000000</point>
				<point>354.000000,833.000000</point>
				<point>350.000000,809.000000</point>
				<point>388.000000,803.000000</point>
				<point>392.000000,826.000000</point>
			</points>
		</object>
	</objects>
</annotation>