<?xml version="1.0" encoding="utf-8"?>
<annotation>
	<source>
		<filename>399.tif</filename>
		<origin>GF2/GF3</origin>
	</source>
	<research>
		<version>1.0</version>
		<provider>FAIR1M</provider>
		<author>Cyber</author>
		<pluginname>FAIR1M</pluginname>
		<pluginclass>object detection</pluginclass>
		<time>2021-07-21</time>
	</research>
	<size>
		<width>1000</width>
		<height>1000</height>
		<depth>3</depth>
	</size>
	<objects>
		<object>
			<coordinate>pixel</coordinate>
			<type>rectangle</type>
			<description>None</description>
			<possibleresult>
				<name>Van</name>
			</possibleresult>
			<points>
				<point>737.999939,991.000000</point>
				<point>734.684143,1000.000000</point>
				<point>724.210510,1000.000000</point>
				<point>728.778015,987.602417</point>
				<point>737.999939,991.000000</point>
			</points>
		</object>
		<object>
			<coordinate>pixel</coordinate>
			<type>rectangle</type>
			<description>None</description>
			<possibleresult>
				<name>Small Car</name>
			</possibleresult>
			<points>
				<point>785.482788,828.793091</point>
				<point>779.000000,845.000000</point>
				<point>769.000000,841.000000</point>
				<point>775.482788,824.793091</point>
				<point>785.482788,828.793091</point>
			</points>
		</object>
		<object>
			<coordinate>pixel</coordinate>
			<type>rectangle</type>
			<description>None</description>
			<possibleresult>
				<name>Small Car</name>
			</possibleresult>
			<points>
				<point>800.026245,814.888550</point>
				<point>795.973755,832.111450</point>
				<point>787.000000,830.000000</point>
				<point>791.052490,812.777100</point>
				<point>800.026245,814.888550</point>
			</points>
		</object>
		<object>
			<coordinate>pixel</coordinate>
			<type>rectangle</type>
			<description>None</description>
			<possibleresult>
				<name>Van</name>
			</possibleresult>
			<points>
				<point>838.000061,830.000000</point>
				<point>833.000061,846.000000</point>
				<point>822.750916,842.797119</point>
				<point>827.750916,826.797119</point>
				<point>838.000061,830.000000</point>
			</points>
		</object>
		<object>
			<coordinate>pixel</coordinate>
			<type>rectangle</type>
			<description>None</description>
			<possibleresult>
				<name>Van</name>
			</possibleresult>
			<points>
				<point>838.175171,706.404419</point>
				<point>833.000000,724.000000</point>
				<point>824.824829,721.595581</point>
				<point>830.000000,704.000000</point>
				<point>838.175171,706.404419</point>
			</points>
		</object>
		<object>
			<coordinate>pixel</coordinate>
			<type>rectangle</type>
			<description>None</description>
			<possibleresult>
				<name>Small Car</name>
			</possibleresult>
			<points>
				<point>874.000061,572.000000</point>
				<point>869.000061,587.000000</point>
				<point>860.000061,584.000000</point>
				<point>865.000061,569.000000</point>
				<point>874.000061,572.000000</point>
			</points>
		</object>
		<object>
			<coordinate>pixel</coordinate>
			<type>rectangle</type>
			<description>None</description>
			<possibleresult>
				<name>Small Car</name>
			</possibleresult>
			<points>
				<point>902.000000,525.000000</point>
				<point>896.946655,541.170776</point>
				<point>890.000000,539.000000</point>
				<point>895.053345,522.829224</point>
				<point>902.000000,525.000000</point>
			</points>
		</object>
		<object>
			<coordinate>pixel</coordinate>
			<type>rectangle</type>
			<description>None</description>
			<possibleresult>
				<name>Small Car</name>
			</possibleresult>
			<points>
				<point>910.000000,467.000000</point>
				<point>904.000000,483.000000</point>
				<point>896.000000,480.000000</point>
				<point>902.000000,464.000000</point>
				<point>910.000000,467.000000</point>
			</points>
		</object>
		<object>
			<coordinate>pixel</coordinate>
			<type>rectangle</type>
			<description>None</description>
			<possibleresult>
				<name>Van</name>
			</possibleresult>
			<points>
				<point>983.000061,426.000031</point>
				<point>976.793152,441.517242</point>
				<point>968.000061,438.000031</point>
				<point>974.206970,422.482819</point>
				<point>983.000061,426.000031</point>
			</points>
		</object>
		<object>
			<coordinate>pixel</coordinate>
			<type>rectangle</type>
			<description>None</description>
			<possibleresult>
				<name>Small Car</name>
			</possibleresult>
			<points>
				<point>942.000000,373.000000</point>
				<point>936.000000,389.000000</point>
				<point>928.000000,386.000000</point>
				<point>934.000000,370.000000</point>
				<point>942.000000,373.000000</point>
			</points>
		</object>
		<object>
			<coordinate>pixel</coordinate>
			<type>rectangle</type>
			<description>None</description>
			<possibleresult>
				<name>Van</name>
			</possibleresult>
			<points>
				<point>974.055420,327.843079</point>
				<point>968.000000,345.000000</point>
				<point>959.944580,342.156921</point>
				<point>966.000000,325.000000</point>
				<point>974.055420,327.843079</point>
			</points>
		</object>
		<object>
			<coordinate>pixel</coordinate>
			<type>rectangle</type>
			<description>None</description>
			<possibleresult>
				<name>Small Car</name>
			</possibleresult>
			<points>
				<point>982.000000,260.000000</point>
				<point>976.000000,276.000000</point>
				<point>967.123291,272.671204</point>
				<point>973.123291,256.671204</point>
				<point>982.000000,260.000000</point>
			</points>
		</object>
		<object>
			<coordinate>pixel</coordinate>
			<type>rectangle</type>
			<description>None</description>
			<possibleresult>
				<name>Basketball Court</name>
			</possibleresult>
			<points>
				<point>1000.000000,930.775024</point>
				<point>926.000000,928.000000</point>
				<point>927.801636,879.955078</point>
				<point>1000.000000,882.662598</point>
				<point>1000.000000,930.775024</point>
			</points>
		</object>
		<object>
			<coordinate>pixel</coordinate>
			<type>rectangle</type>
			<description>None</description>
			<possibleresult>
				<name>Tennis Court</name>
			</possibleresult>
			<points>
				<point>992.643372,722.987305</point>
				<point>991.000061,769.000000</point>
				<point>963.000061,768.000000</point>
				<point>964.643372,721.987305</point>
				<point>992.643372,722.987305</point>
			</points>
		</object>
		<object>
			<coordinate>pixel</coordinate>
			<type>rectangle</type>
			<description>None</description>
			<possibleresult>
				<name>Tennis Court</name>
			</possibleresult>
			<points>
				<point>989.000000,782.000000</point>
				<point>987.988281,829.552979</point>
				<point>962.000000,829.000000</point>
				<point>963.011719,781.447021</point>
				<point>989.000000,782.000000</point>
			</points>
		</object>
		<object>
			<coordinate>pixel</coordinate>
			<type>rectangle</type>
			<description>None</description>
			<possibleresult>
				<name>Small Car</name>
			</possibleresult>
			<points>
				<point>557.635681,989.961670</point>
				<point>557.000061,996.000000</point>
				<point>538.000061,994.000000</point>
				<point>538.635681,987.961670</point>
				<point>557.635681,989.961670</point>
			</points>
		</object>
		<object>
			<coordinate>pixel</coordinate>
			<type>rectangle</type>
			<description>None</description>
			<possibleresult>
				<name>Van</name>
			</possibleresult>
			<points>
				<point>562.999878,975.000000</point>
				<point>561.999878,981.000000</point>
				<point>543.837769,977.973022</point>
				<point>544.837769,971.973022</point>
				<point>562.999878,975.000000</point>
			</points>
		</object>
		<object>
			<coordinate>pixel</coordinate>
			<type>rectangle</type>
			<description>None</description>
			<possibleresult>
				<name>Van</name>
			</possibleresult>
			<points>
				<point>567.000000,965.000000</point>
				<point>566.364380,971.038330</point>
				<point>547.000000,969.000000</point>
				<point>547.635620,962.961670</point>
				<point>567.000000,965.000000</point>
			</points>
		</object>
		<object>
			<coordinate>pixel</coordinate>
			<type>rectangle</type>
			<description>None</description>
			<possibleresult>
				<name>Small Car</name>
			</possibleresult>
			<points>
				<point>619.000061,987.000061</point>
				<point>617.235413,994.058899</point>
				<point>601.000061,990.000061</point>
				<point>602.764709,982.941223</point>
				<point>619.000061,987.000061</point>
			</points>
		</object>
		<object>
			<coordinate>pixel</coordinate>
			<type>rectangle</type>
			<description>None</description>
			<possibleresult>
				<name>Van</name>
			</possibleresult>
			<points>
				<point>624.235413,970.058960</point>
				<point>623.000061,975.000122</point>
				<point>606.764709,970.941284</point>
				<point>608.000061,966.000122</point>
				<point>624.235413,970.058960</point>
			</points>
		</object>
		<object>
			<coordinate>pixel</coordinate>
			<type>rectangle</type>
			<description>None</description>
			<possibleresult>
				<name>Small Car</name>
			</possibleresult>
			<points>
				<point>629.000061,962.000000</point>
				<point>627.470642,968.117676</point>
				<point>607.470642,963.117676</point>
				<point>609.000061,957.000000</point>
				<point>629.000061,962.000000</point>
			</points>
		</object>
		<object>
			<coordinate>pixel</coordinate>
			<type>rectangle</type>
			<description>None</description>
			<possibleresult>
				<name>Small Car</name>
			</possibleresult>
			<points>
				<point>759.000000,492.000000</point>
				<point>738.000000,492.000000</point>
				<point>738.000000,485.000000</point>
				<point>759.000000,485.000000</point>
				<point>759.000000,492.000000</point>
			</points>
		</object>
		<object>
			<coordinate>pixel</coordinate>
			<type>rectangle</type>
			<description>None</description>
			<possibleresult>
				<name>Small Car</name>
			</possibleresult>
			<points>
				<point>705.301819,494.965118</point>
				<point>705.000061,501.000031</point>
				<point>685.000061,500.000031</point>
				<point>685.301819,493.965118</point>
				<point>705.301819,494.965118</point>
			</points>
		</object>
		<object>
			<coordinate>pixel</coordinate>
			<type>rectangle</type>
			<description>None</description>
			<possibleresult>
				<name>Small Car</name>
			</possibleresult>
			<points>
				<point>685.000000,490.000000</point>
				<point>664.000000,490.000000</point>
				<point>664.000000,484.000000</point>
				<point>685.000000,484.000000</point>
				<point>685.000000,490.000000</point>
			</points>
		</object>
		<object>
			<coordinate>pixel</coordinate>
			<type>rectangle</type>
			<description>None</description>
			<possibleresult>
				<name>Dump Truck</name>
			</possibleresult>
			<points>
				<point>691.000000,471.000000</point>
				<point>662.000000,471.000000</point>
				<point>662.000000,464.000000</point>
				<point>691.000000,464.000000</point>
				<point>691.000000,471.000000</point>
			</points>
		</object>
		<object>
			<coordinate>pixel</coordinate>
			<type>rectangle</type>
			<description>None</description>
			<possibleresult>
				<name>Small Car</name>
			</possibleresult>
			<points>
				<point>684.000000,453.000000</point>
				<point>664.000000,453.000000</point>
				<point>664.000000,446.000000</point>
				<point>684.000000,446.000000</point>
				<point>684.000000,453.000000</point>
			</points>
		</object>
		<object>
			<coordinate>pixel</coordinate>
			<type>rectangle</type>
			<description>None</description>
			<possibleresult>
				<name>Small Car</name>
			</possibleresult>
			<points>
				<point>630.000000,480.000000</point>
				<point>608.000000,480.000000</point>
				<point>608.000000,474.000000</point>
				<point>630.000000,474.000000</point>
				<point>630.000000,480.000000</point>
			</points>
		</object>
		<object>
			<coordinate>pixel</coordinate>
			<type>rectangle</type>
			<description>None</description>
			<possibleresult>
				<name>Van</name>
			</possibleresult>
			<points>
				<point>608.287354,463.966095</point>
				<point>608.000000,470.000031</point>
				<point>587.000000,469.000031</point>
				<point>587.287354,462.966095</point>
				<point>608.287354,463.966095</point>
			</points>
		</object>
		<object>
			<coordinate>pixel</coordinate>
			<type>rectangle</type>
			<description>None</description>
			<possibleresult>
				<name>Van</name>
			</possibleresult>
			<points>
				<point>609.000000,460.000000</point>
				<point>591.000000,460.000000</point>
				<point>591.000000,454.000000</point>
				<point>609.000000,454.000000</point>
				<point>609.000000,460.000000</point>
			</points>
		</object>
		<object>
			<coordinate>pixel</coordinate>
			<type>rectangle</type>
			<description>None</description>
			<possibleresult>
				<name>Small Car</name>
			</possibleresult>
			<points>
				<point>610.000000,450.000000</point>
				<point>591.000000,450.000000</point>
				<point>591.000000,445.000000</point>
				<point>610.000000,445.000000</point>
				<point>610.000000,450.000000</point>
			</points>
		</object>
		<object>
			<coordinate>pixel</coordinate>
			<type>rectangle</type>
			<description>None</description>
			<possibleresult>
				<name>Small Car</name>
			</possibleresult>
			<points>
				<point>607.301758,435.965118</point>
				<point>607.000000,442.000031</point>
				<point>587.000000,441.000031</point>
				<point>587.301758,434.965118</point>
				<point>607.301758,435.965118</point>
			</points>
		</object>
		<object>
			<coordinate>pixel</coordinate>
			<type>rectangle</type>
			<description>None</description>
			<possibleresult>
				<name>Van</name>
			</possibleresult>
			<points>
				<point>689.000000,395.000000</point>
				<point>669.000000,395.000000</point>
				<point>669.000000,388.000000</point>
				<point>689.000000,388.000000</point>
				<point>689.000000,395.000000</point>
			</points>
		</object>
		<object>
			<coordinate>pixel</coordinate>
			<type>rectangle</type>
			<description>None</description>
			<possibleresult>
				<name>Van</name>
			</possibleresult>
			<points>
				<point>687.000000,375.000000</point>
				<point>665.000000,375.000000</point>
				<point>665.000000,369.000000</point>
				<point>687.000000,369.000000</point>
				<point>687.000000,375.000000</point>
			</points>
		</object>
		<object>
			<coordinate>pixel</coordinate>
			<type>rectangle</type>
			<description>None</description>
			<possibleresult>
				<name>Small Car</name>
			</possibleresult>
			<points>
				<point>687.000000,367.000000</point>
				<point>666.000000,367.000000</point>
				<point>666.000000,360.000000</point>
				<point>687.000000,360.000000</point>
				<point>687.000000,367.000000</point>
			</points>
		</object>
		<object>
			<coordinate>pixel</coordinate>
			<type>rectangle</type>
			<description>None</description>
			<possibleresult>
				<name>Van</name>
			</possibleresult>
			<points>
				<point>764.000000,379.000000</point>
				<point>743.000000,379.000000</point>
				<point>743.000000,373.000000</point>
				<point>764.000000,373.000000</point>
				<point>764.000000,379.000000</point>
			</points>
		</object>
		<object>
			<coordinate>pixel</coordinate>
			<type>rectangle</type>
			<description>None</description>
			<possibleresult>
				<name>Van</name>
			</possibleresult>
			<points>
				<point>764.000000,361.000000</point>
				<point>742.000000,361.000000</point>
				<point>742.000000,353.000000</point>
				<point>764.000000,353.000000</point>
				<point>764.000000,361.000000</point>
			</points>
		</object>
		<object>
			<coordinate>pixel</coordinate>
			<type>rectangle</type>
			<description>None</description>
			<possibleresult>
				<name>Small Car</name>
			</possibleresult>
			<points>
				<point>602.000000,419.000000</point>
				<point>590.000000,419.000000</point>
				<point>590.000000,413.000000</point>
				<point>602.000000,413.000000</point>
				<point>602.000000,419.000000</point>
			</points>
		</object>
		<object>
			<coordinate>pixel</coordinate>
			<type>rectangle</type>
			<description>None</description>
			<possibleresult>
				<name>Van</name>
			</possibleresult>
			<points>
				<point>605.000000,410.000000</point>
				<point>587.000000,410.000000</point>
				<point>587.000000,404.000000</point>
				<point>605.000000,404.000000</point>
				<point>605.000000,410.000000</point>
			</points>
		</object>
		<object>
			<coordinate>pixel</coordinate>
			<type>rectangle</type>
			<description>None</description>
			<possibleresult>
				<name>Small Car</name>
			</possibleresult>
			<points>
				<point>631.000000,402.000000</point>
				<point>611.000000,402.000000</point>
				<point>611.000000,396.000000</point>
				<point>631.000000,396.000000</point>
				<point>631.000000,402.000000</point>
			</points>
		</object>
		<object>
			<coordinate>pixel</coordinate>
			<type>rectangle</type>
			<description>None</description>
			<possibleresult>
				<name>Van</name>
			</possibleresult>
			<points>
				<point>633.000000,393.000000</point>
				<point>614.000000,393.000000</point>
				<point>614.000000,387.000000</point>
				<point>633.000000,387.000000</point>
				<point>633.000000,393.000000</point>
			</points>
		</object>
		<object>
			<coordinate>pixel</coordinate>
			<type>rectangle</type>
			<description>None</description>
			<possibleresult>
				<name>Small Car</name>
			</possibleresult>
			<points>
				<point>634.000000,384.000000</point>
				<point>613.000000,384.000000</point>
				<point>613.000000,378.000000</point>
				<point>634.000000,378.000000</point>
				<point>634.000000,384.000000</point>
			</points>
		</object>
		<object>
			<coordinate>pixel</coordinate>
			<type>rectangle</type>
			<description>None</description>
			<possibleresult>
				<name>Van</name>
			</possibleresult>
			<points>
				<point>635.000000,375.000000</point>
				<point>614.000000,375.000000</point>
				<point>614.000000,368.000000</point>
				<point>635.000000,368.000000</point>
				<point>635.000000,375.000000</point>
			</points>
		</object>
		<object>
			<coordinate>pixel</coordinate>
			<type>rectangle</type>
			<description>None</description>
			<possibleresult>
				<name>Small Car</name>
			</possibleresult>
			<points>
				<point>635.000000,365.000000</point>
				<point>614.000000,365.000000</point>
				<point>614.000000,359.000000</point>
				<point>635.000000,359.000000</point>
				<point>635.000000,365.000000</point>
			</points>
		</object>
		<object>
			<coordinate>pixel</coordinate>
			<type>rectangle</type>
			<description>None</description>
			<possibleresult>
				<name>Van</name>
			</possibleresult>
			<points>
				<point>609.000000,384.000000</point>
				<point>591.000000,384.000000</point>
				<point>591.000000,377.000000</point>
				<point>609.000000,377.000000</point>
				<point>609.000000,384.000000</point>
			</points>
		</object>
		<object>
			<coordinate>pixel</coordinate>
			<type>rectangle</type>
			<description>None</description>
			<possibleresult>
				<name>Small Car</name>
			</possibleresult>
			<points>
				<point>613.000000,374.000000</point>
				<point>593.000000,374.000000</point>
				<point>593.000000,368.000000</point>
				<point>613.000000,368.000000</point>
				<point>613.000000,374.000000</point>
			</points>
		</object>
		<object>
			<coordinate>pixel</coordinate>
			<type>rectangle</type>
			<description>None</description>
			<possibleresult>
				<name>Van</name>
			</possibleresult>
			<points>
				<point>613.000000,365.000000</point>
				<point>592.000000,365.000000</point>
				<point>592.000000,359.000000</point>
				<point>613.000000,359.000000</point>
				<point>613.000000,365.000000</point>
			</points>
		</object>
		<object>
			<coordinate>pixel</coordinate>
			<type>rectangle</type>
			<description>None</description>
			<possibleresult>
				<name>Small Car</name>
			</possibleresult>
			<points>
				<point>556.000000,480.000000</point>
				<point>538.000000,480.000000</point>
				<point>538.000000,474.000000</point>
				<point>556.000000,474.000000</point>
				<point>556.000000,480.000000</point>
			</points>
		</object>
		<object>
			<coordinate>pixel</coordinate>
			<type>rectangle</type>
			<description>None</description>
			<possibleresult>
				<name>Small Car</name>
			</possibleresult>
			<points>
				<point>555.293091,466.017212</point>
				<point>555.000000,471.000000</point>
				<point>537.706909,469.982788</point>
				<point>538.000000,465.000000</point>
				<point>555.293091,466.017212</point>
			</points>
		</object>
		<object>
			<coordinate>pixel</coordinate>
			<type>rectangle</type>
			<description>None</description>
			<possibleresult>
				<name>Small Car</name>
			</possibleresult>
			<points>
				<point>555.000000,463.000000</point>
				<point>537.000000,463.000000</point>
				<point>537.000000,456.000000</point>
				<point>555.000000,456.000000</point>
				<point>555.000000,463.000000</point>
			</points>
		</object>
		<object>
			<coordinate>pixel</coordinate>
			<type>rectangle</type>
			<description>None</description>
			<possibleresult>
				<name>Van</name>
			</possibleresult>
			<points>
				<point>558.272217,446.012390</point>
				<point>558.000000,452.000000</point>
				<point>536.000000,451.000000</point>
				<point>536.272217,445.012390</point>
				<point>558.272217,446.012390</point>
			</points>
		</object>
		<object>
			<coordinate>pixel</coordinate>
			<type>rectangle</type>
			<description>None</description>
			<possibleresult>
				<name>Small Car</name>
			</possibleresult>
			<points>
				<point>619.019775,307.198029</point>
				<point>611.000000,308.000031</point>
				<point>609.980225,297.802032</point>
				<point>618.000000,297.000031</point>
				<point>619.019775,307.198029</point>
			</points>
		</object>
		<object>
			<coordinate>pixel</coordinate>
			<type>rectangle</type>
			<description>None</description>
			<possibleresult>
				<name>Van</name>
			</possibleresult>
			<points>
				<point>629.000000,306.000000</point>
				<point>621.000000,306.000000</point>
				<point>621.000000,293.000000</point>
				<point>629.000000,293.000000</point>
				<point>629.000000,306.000000</point>
			</points>
		</object>
		<object>
			<coordinate>pixel</coordinate>
			<type>rectangle</type>
			<description>None</description>
			<possibleresult>
				<name>Small Car</name>
			</possibleresult>
			<points>
				<point>642.000000,307.000000</point>
				<point>634.000000,307.000000</point>
				<point>634.000000,293.000000</point>
				<point>642.000000,293.000000</point>
				<point>642.000000,307.000000</point>
			</points>
		</object>
		<object>
			<coordinate>pixel</coordinate>
			<type>rectangle</type>
			<description>None</description>
			<possibleresult>
				<name>Small Car</name>
			</possibleresult>
			<points>
				<point>652.000000,309.000000</point>
				<point>644.000000,309.000000</point>
				<point>644.000000,295.000000</point>
				<point>652.000000,295.000000</point>
				<point>652.000000,309.000000</point>
			</points>
		</object>
		<object>
			<coordinate>pixel</coordinate>
			<type>rectangle</type>
			<description>None</description>
			<possibleresult>
				<name>Van</name>
			</possibleresult>
			<points>
				<point>664.000000,310.000000</point>
				<point>656.000000,310.000000</point>
				<point>656.000000,294.000000</point>
				<point>664.000000,294.000000</point>
				<point>664.000000,310.000000</point>
			</points>
		</object>
		<object>
			<coordinate>pixel</coordinate>
			<type>rectangle</type>
			<description>None</description>
			<possibleresult>
				<name>Small Car</name>
			</possibleresult>
			<points>
				<point>479.000000,323.000000</point>
				<point>471.000000,323.000000</point>
				<point>471.000000,308.000000</point>
				<point>479.000000,308.000000</point>
				<point>479.000000,323.000000</point>
			</points>
		</object>
		<object>
			<coordinate>pixel</coordinate>
			<type>rectangle</type>
			<description>None</description>
			<possibleresult>
				<name>Van</name>
			</possibleresult>
			<points>
				<point>455.000000,324.000000</point>
				<point>447.000000,324.000000</point>
				<point>447.000000,309.000000</point>
				<point>455.000000,309.000000</point>
				<point>455.000000,324.000000</point>
			</points>
		</object>
		<object>
			<coordinate>pixel</coordinate>
			<type>rectangle</type>
			<description>None</description>
			<possibleresult>
				<name>Van</name>
			</possibleresult>
			<points>
				<point>443.000000,324.000000</point>
				<point>435.965515,324.413818</point>
				<point>434.965515,307.413818</point>
				<point>442.000000,307.000000</point>
				<point>443.000000,324.000000</point>
			</points>
		</object>
		<object>
			<coordinate>pixel</coordinate>
			<type>rectangle</type>
			<description>None</description>
			<possibleresult>
				<name>Dump Truck</name>
			</possibleresult>
			<points>
				<point>719.000000,171.000000</point>
				<point>695.000000,171.000000</point>
				<point>695.000000,164.000000</point>
				<point>719.000000,164.000000</point>
				<point>719.000000,171.000000</point>
			</points>
		</object>
		<object>
			<coordinate>pixel</coordinate>
			<type>rectangle</type>
			<description>None</description>
			<possibleresult>
				<name>Dump Truck</name>
			</possibleresult>
			<points>
				<point>606.556458,149.044525</point>
				<point>606.000061,156.000000</point>
				<point>580.443665,153.955475</point>
				<point>581.000061,147.000000</point>
				<point>606.556458,149.044525</point>
			</points>
		</object>
		<object>
			<coordinate>pixel</coordinate>
			<type>rectangle</type>
			<description>None</description>
			<possibleresult>
				<name>Small Car</name>
			</possibleresult>
			<points>
				<point>496.000000,192.000000</point>
				<point>486.000000,192.000000</point>
				<point>486.000000,178.000000</point>
				<point>496.000000,178.000000</point>
				<point>496.000000,192.000000</point>
			</points>
		</object>
		<object>
			<coordinate>pixel</coordinate>
			<type>rectangle</type>
			<description>None</description>
			<possibleresult>
				<name>Van</name>
			</possibleresult>
			<points>
				<point>461.017761,190.265488</point>
				<point>450.000061,191.000015</point>
				<point>448.982361,175.734543</point>
				<point>460.000061,175.000015</point>
				<point>461.017761,190.265488</point>
			</points>
		</object>
		<object>
			<coordinate>pixel</coordinate>
			<type>rectangle</type>
			<description>None</description>
			<possibleresult>
				<name>Small Car</name>
			</possibleresult>
			<points>
				<point>433.000031,191.000015</point>
				<point>425.031158,191.498062</point>
				<point>424.000031,175.000015</point>
				<point>431.968903,174.501968</point>
				<point>433.000031,191.000015</point>
			</points>
		</object>
		<object>
			<coordinate>pixel</coordinate>
			<type>rectangle</type>
			<description>None</description>
			<possibleresult>
				<name>Small Car</name>
			</possibleresult>
			<points>
				<point>420.000000,190.000000</point>
				<point>411.000000,190.000000</point>
				<point>411.000000,174.000000</point>
				<point>420.000000,174.000000</point>
				<point>420.000000,190.000000</point>
			</points>
		</object>
		<object>
			<coordinate>pixel</coordinate>
			<type>rectangle</type>
			<description>None</description>
			<possibleresult>
				<name>Van</name>
			</possibleresult>
			<points>
				<point>406.000000,193.000000</point>
				<point>398.000000,193.000000</point>
				<point>398.000000,178.000000</point>
				<point>406.000000,178.000000</point>
				<point>406.000000,193.000000</point>
			</points>
		</object>
		<object>
			<coordinate>pixel</coordinate>
			<type>rectangle</type>
			<description>None</description>
			<possibleresult>
				<name>Van</name>
			</possibleresult>
			<points>
				<point>394.000000,192.000000</point>
				<point>386.000000,192.000000</point>
				<point>386.000000,176.000000</point>
				<point>394.000000,176.000000</point>
				<point>394.000000,192.000000</point>
			</points>
		</object>
		<object>
			<coordinate>pixel</coordinate>
			<type>rectangle</type>
			<description>None</description>
			<possibleresult>
				<name>Small Car</name>
			</possibleresult>
			<points>
				<point>356.000000,145.000000</point>
				<point>348.000000,145.000000</point>
				<point>348.000000,128.000000</point>
				<point>356.000000,128.000000</point>
				<point>356.000000,145.000000</point>
			</points>
		</object>
		<object>
			<coordinate>pixel</coordinate>
			<type>rectangle</type>
			<description>None</description>
			<possibleresult>
				<name>Dump Truck</name>
			</possibleresult>
			<points>
				<point>342.000000,142.000000</point>
				<point>334.027588,142.468964</point>
				<point>333.000000,125.000000</point>
				<point>340.972412,124.531036</point>
				<point>342.000000,142.000000</point>
			</points>
		</object>
		<object>
			<coordinate>pixel</coordinate>
			<type>rectangle</type>
			<description>None</description>
			<possibleresult>
				<name>Small Car</name>
			</possibleresult>
			<points>
				<point>305.000031,136.000000</point>
				<point>303.929108,143.139374</point>
				<point>283.929108,140.139374</point>
				<point>285.000031,133.000000</point>
				<point>305.000031,136.000000</point>
			</points>
		</object>
		<object>
			<coordinate>pixel</coordinate>
			<type>rectangle</type>
			<description>None</description>
			<possibleresult>
				<name>Small Car</name>
			</possibleresult>
			<points>
				<point>269.000000,215.000000</point>
				<point>249.000000,215.000000</point>
				<point>249.000000,209.000000</point>
				<point>269.000000,209.000000</point>
				<point>269.000000,215.000000</point>
			</points>
		</object>
		<object>
			<coordinate>pixel</coordinate>
			<type>rectangle</type>
			<description>None</description>
			<possibleresult>
				<name>Small Car</name>
			</possibleresult>
			<points>
				<point>240.000000,214.000000</point>
				<point>218.000000,214.000000</point>
				<point>218.000000,208.000000</point>
				<point>240.000000,208.000000</point>
				<point>240.000000,214.000000</point>
			</points>
		</object>
		<object>
			<coordinate>pixel</coordinate>
			<type>rectangle</type>
			<description>None</description>
			<possibleresult>
				<name>Small Car</name>
			</possibleresult>
			<points>
				<point>217.000000,248.000000</point>
				<point>197.000000,248.000000</point>
				<point>197.000000,241.000000</point>
				<point>217.000000,241.000000</point>
				<point>217.000000,248.000000</point>
			</points>
		</object>
		<object>
			<coordinate>pixel</coordinate>
			<type>rectangle</type>
			<description>None</description>
			<possibleresult>
				<name>Van</name>
			</possibleresult>
			<points>
				<point>191.314896,242.016571</point>
				<point>190.999985,248.000000</point>
				<point>171.685074,246.983429</point>
				<point>171.999985,241.000000</point>
				<point>191.314896,242.016571</point>
			</points>
		</object>
		<object>
			<coordinate>pixel</coordinate>
			<type>rectangle</type>
			<description>None</description>
			<possibleresult>
				<name>Dump Truck</name>
			</possibleresult>
			<points>
				<point>91.000000,131.000015</point>
				<point>89.975388,149.443100</point>
				<point>82.000000,149.000015</point>
				<point>83.024612,130.556931</point>
				<point>91.000000,131.000015</point>
			</points>
		</object>
		<object>
			<coordinate>pixel</coordinate>
			<type>rectangle</type>
			<description>None</description>
			<possibleresult>
				<name>Dump Truck</name>
			</possibleresult>
			<points>
				<point>62.000000,158.000000</point>
				<point>52.000000,158.000000</point>
				<point>52.000000,137.000000</point>
				<point>62.000000,137.000000</point>
				<point>62.000000,158.000000</point>
			</points>
		</object>
		<object>
			<coordinate>pixel</coordinate>
			<type>rectangle</type>
			<description>None</description>
			<possibleresult>
				<name>Small Car</name>
			</possibleresult>
			<points>
				<point>111.000000,189.000015</point>
				<point>94.876923,191.015396</point>
				<point>94.000000,184.000015</point>
				<point>110.123077,181.984634</point>
				<point>111.000000,189.000015</point>
			</points>
		</object>
		<object>
			<coordinate>pixel</coordinate>
			<type>rectangle</type>
			<description>None</description>
			<possibleresult>
				<name>other-vehicle</name>
			</possibleresult>
			<points>
				<point>85.000000,183.000000</point>
				<point>84.427177,193.024414</point>
				<point>49.000000,191.000000</point>
				<point>49.572823,180.975586</point>
				<point>85.000000,183.000000</point>
			</points>
		</object>
		<object>
			<coordinate>pixel</coordinate>
			<type>rectangle</type>
			<description>None</description>
			<possibleresult>
				<name>Football Field</name>
			</possibleresult>
			<points>
				<point>982.615662,1013.436462</point>
				<point>833.647156,1000.000061</point>
				<point>834.859070,986.563660</point>
				<point>983.827576,1000.000061</point>
				<point>982.615662,1013.436462</point>
			</points>
		</object>
		<object>
			<coordinate>pixel</coordinate>
			<type>rectangle</type>
			<description>None</description>
			<possibleresult>
				<name>Small Car</name>
			</possibleresult>
			<points>
				<point>709.000000,444.999969</point>
				<point>690.000000,446.999969</point>
				<point>689.271240,440.076691</point>
				<point>708.271240,438.076691</point>
				<point>709.000000,444.999969</point>
			</points>
		</object>
		<object>
			<coordinate>pixel</coordinate>
			<type>rectangle</type>
			<description>None</description>
			<possibleresult>
				<name>Small Car</name>
			</possibleresult>
			<points>
				<point>277.658508,247.926804</point>
				<point>249.999985,250.999985</point>
				<point>249.341476,245.073166</point>
				<point>277.000000,241.999985</point>
				<point>277.658508,247.926804</point>
			</points>
		</object>
	</objects>
</annotation>