<?xml version="1.0" encoding="utf-8"?>
<annotation>
	<source>
		<filename>401.tif</filename>
		<origin>GF2/GF3</origin>
	</source>
	<research>
		<version>1.0</version>
		<provider>FAIR1M</provider>
		<author>Cyber</author>
		<pluginname>FAIR1M</pluginname>
		<pluginclass>object detection</pluginclass>
		<time>2021-07-21</time>
	</research>
	<size>
		<width>1500</width>
		<height>1500</height>
		<depth>3</depth>
	</size>
	<objects>
		<object>
			<coordinate>pixel</coordinate>
			<type>rectangle</type>
			<description>None</description>
			<possibleresult>
				<name>Dry Cargo Ship</name>
			</possibleresult>
			<points>
				<point>905.000000,1081.000000</point>
				<point>934.000000,1177.000000</point>
				<point>948.000000,1172.000000</point>
				<point>919.000000,1077.000000</point>
				<point>905.000000,1081.000000</point>
			</points>
		</object>
		<object>
			<coordinate>pixel</coordinate>
			<type>rectangle</type>
			<description>None</description>
			<possibleresult>
				<name>Dry Cargo Ship</name>
			</possibleresult>
			<points>
				<point>928.000000,1047.000000</point>
				<point>1028.000000,1075.000000</point>
				<point>1034.000000,1061.000000</point>
				<point>932.000000,1033.000000</point>
				<point>928.000000,1047.000000</point>
			</points>
		</object>
		<object>
			<coordinate>pixel</coordinate>
			<type>rectangle</type>
			<description>None</description>
			<possibleresult>
				<name>Dry Cargo Ship</name>
			</possibleresult>
			<points>
				<point>1182.000000,1122.000000</point>
				<point>1305.000000,1152.000000</point>
				<point>1311.000000,1127.000000</point>
				<point>1188.000000,1097.000000</point>
				<point>1182.000000,1122.000000</point>
			</points>
		</object>
		<object>
			<coordinate>pixel</coordinate>
			<type>rectangle</type>
			<description>None</description>
			<possibleresult>
				<name>Liquid Cargo Ship</name>
			</possibleresult>
			<points>
				<point>1165.000000,870.000000</point>
				<point>1342.000000,918.000000</point>
				<point>1351.000000,888.000000</point>
				<point>1173.000000,838.000000</point>
				<point>1165.000000,870.000000</point>
			</points>
		</object>
		<object>
			<coordinate>pixel</coordinate>
			<type>rectangle</type>
			<description>None</description>
			<possibleresult>
				<name>Liquid Cargo Ship</name>
			</possibleresult>
			<points>
				<point>503.000000,747.000000</point>
				<point>541.000000,866.000000</point>
				<point>558.000000,860.000000</point>
				<point>520.000000,741.000000</point>
				<point>503.000000,747.000000</point>
			</points>
		</object>
		<object>
			<coordinate>pixel</coordinate>
			<type>rectangle</type>
			<description>None</description>
			<possibleresult>
				<name>Fishing Boat</name>
			</possibleresult>
			<points>
				<point>469.000000,525.000000</point>
				<point>465.000000,595.000000</point>
				<point>480.000000,595.000000</point>
				<point>484.000000,525.000000</point>
				<point>469.000000,525.000000</point>
			</points>
		</object>
		<object>
			<coordinate>pixel</coordinate>
			<type>rectangle</type>
			<description>None</description>
			<possibleresult>
				<name>Passenger Ship</name>
			</possibleresult>
			<points>
				<point>380.000000,325.000000</point>
				<point>409.000000,431.000000</point>
				<point>426.000000,427.000000</point>
				<point>396.000000,320.000000</point>
				<point>380.000000,325.000000</point>
			</points>
		</object>
		<object>
			<coordinate>pixel</coordinate>
			<type>rectangle</type>
			<description>None</description>
			<possibleresult>
				<name>Dry Cargo Ship</name>
			</possibleresult>
			<points>
				<point>261.000000,143.000000</point>
				<point>301.000000,195.000000</point>
				<point>313.000000,186.000000</point>
				<point>273.000000,134.000000</point>
				<point>261.000000,143.000000</point>
			</points>
		</object>
		<object>
			<coordinate>pixel</coordinate>
			<type>rectangle</type>
			<description>None</description>
			<possibleresult>
				<name>Liquid Cargo Ship</name>
			</possibleresult>
			<points>
				<point>850.000000,275.000000</point>
				<point>896.000000,275.000000</point>
				<point>896.000000,266.000000</point>
				<point>850.000000,266.000000</point>
				<point>850.000000,275.000000</point>
			</points>
		</object>
		<object>
			<coordinate>pixel</coordinate>
			<type>rectangle</type>
			<description>None</description>
			<possibleresult>
				<name>Fishing Boat</name>
			</possibleresult>
			<points>
				<point>623.000000,1397.000000</point>
				<point>573.000000,1463.000000</point>
				<point>586.000000,1472.000000</point>
				<point>636.000000,1406.000000</point>
				<point>623.000000,1397.000000</point>
			</points>
		</object>
		<object>
			<coordinate>pixel</coordinate>
			<type>rectangle</type>
			<description>None</description>
			<possibleresult>
				<name>Fishing Boat</name>
			</possibleresult>
			<points>
				<point>626.000000,1420.000000</point>
				<point>588.000000,1470.000000</point>
				<point>603.000000,1481.000000</point>
				<point>640.000000,1429.000000</point>
				<point>626.000000,1420.000000</point>
			</points>
		</object>
		<object>
			<coordinate>pixel</coordinate>
			<type>rectangle</type>
			<description>None</description>
			<possibleresult>
				<name>Motorboat</name>
			</possibleresult>
			<points>
				<point>641.000000,1430.000000</point>
				<point>632.000000,1444.000000</point>
				<point>639.000000,1448.000000</point>
				<point>648.000000,1434.000000</point>
				<point>641.000000,1430.000000</point>
			</points>
		</object>
	</objects>
</annotation>