<?xml version="1.0" encoding="utf-8"?>
<annotation>
	<source>
		<filename>403.tif</filename>
		<origin>GF2/GF3</origin>
	</source>
	<research>
		<version>1.0</version>
		<provider>FAIR1M</provider>
		<author>Cyber</author>
		<pluginname>FAIR1M</pluginname>
		<pluginclass>object detection</pluginclass>
		<time>2021-07-21</time>
	</research>
	<size>
		<width>1000</width>
		<height>1000</height>
		<depth>3</depth>
	</size>
	<objects>
		<object>
			<coordinate>pixel</coordinate>
			<type>rectangle</type>
			<description>None</description>
			<possibleresult>
				<name>Bus</name>
			</possibleresult>
			<points>
				<point>343.010254,254.044144</point>
				<point>326.000000,258.000031</point>
				<point>315.989746,214.955887</point>
				<point>333.000000,211.000000</point>
				<point>343.010254,254.044144</point>
			</points>
		</object>
		<object>
			<coordinate>pixel</coordinate>
			<type>rectangle</type>
			<description>None</description>
			<possibleresult>
				<name>Dump Truck</name>
			</possibleresult>
			<points>
				<point>244.000015,24.000004</point>
				<point>234.929550,25.600674</point>
				<point>231.929550,8.600675</point>
				<point>241.000015,7.000004</point>
				<point>244.000015,24.000004</point>
			</points>
		</object>
		<object>
			<coordinate>pixel</coordinate>
			<type>rectangle</type>
			<description>None</description>
			<possibleresult>
				<name>Van</name>
			</possibleresult>
			<points>
				<point>38.000000,198.000031</point>
				<point>15.000001,200.000031</point>
				<point>14.388368,192.966248</point>
				<point>37.388367,190.966248</point>
				<point>38.000000,198.000031</point>
			</points>
		</object>
		<object>
			<coordinate>pixel</coordinate>
			<type>rectangle</type>
			<description>None</description>
			<possibleresult>
				<name>Small Car</name>
			</possibleresult>
			<points>
				<point>377.334869,304.031708</point>
				<point>356.334869,305.031708</point>
				<point>356.000031,298.000031</point>
				<point>377.000031,297.000031</point>
				<point>377.334869,304.031708</point>
			</points>
		</object>
		<object>
			<coordinate>pixel</coordinate>
			<type>rectangle</type>
			<description>None</description>
			<possibleresult>
				<name>Van</name>
			</possibleresult>
			<points>
				<point>437.000031,320.000031</point>
				<point>414.639374,322.032806</point>
				<point>414.000031,315.000031</point>
				<point>436.360687,312.967255</point>
				<point>437.000031,320.000031</point>
			</points>
		</object>
		<object>
			<coordinate>pixel</coordinate>
			<type>rectangle</type>
			<description>None</description>
			<possibleresult>
				<name>Small Car</name>
			</possibleresult>
			<points>
				<point>434.000000,447.000031</point>
				<point>424.930786,454.053864</point>
				<point>421.000000,449.000031</point>
				<point>430.069214,441.946198</point>
				<point>434.000000,447.000031</point>
			</points>
		</object>
		<object>
			<coordinate>pixel</coordinate>
			<type>rectangle</type>
			<description>None</description>
			<possibleresult>
				<name>Small Car</name>
			</possibleresult>
			<points>
				<point>814.624634,370.034851</point>
				<point>807.000000,373.000000</point>
				<point>800.000000,355.000000</point>
				<point>807.624634,352.034851</point>
				<point>814.624634,370.034851</point>
			</points>
		</object>
		<object>
			<coordinate>pixel</coordinate>
			<type>rectangle</type>
			<description>None</description>
			<possibleresult>
				<name>Van</name>
			</possibleresult>
			<points>
				<point>904.662109,40.527023</point>
				<point>897.662109,45.527023</point>
				<point>888.000000,31.999998</point>
				<point>895.000000,27.000000</point>
				<point>904.662109,40.527023</point>
			</points>
		</object>
		<object>
			<coordinate>pixel</coordinate>
			<type>rectangle</type>
			<description>None</description>
			<possibleresult>
				<name>Van</name>
			</possibleresult>
			<points>
				<point>854.999878,60.000015</point>
				<point>848.999878,65.000015</point>
				<point>837.196655,50.836082</point>
				<point>843.196655,45.836082</point>
				<point>854.999878,60.000015</point>
			</points>
		</object>
		<object>
			<coordinate>pixel</coordinate>
			<type>rectangle</type>
			<description>None</description>
			<possibleresult>
				<name>Van</name>
			</possibleresult>
			<points>
				<point>847.442993,85.145889</point>
				<point>840.000000,90.000000</point>
				<point>825.000000,67.000000</point>
				<point>832.442993,62.145889</point>
				<point>847.442993,85.145889</point>
			</points>
		</object>
		<object>
			<coordinate>pixel</coordinate>
			<type>rectangle</type>
			<description>None</description>
			<possibleresult>
				<name>Van</name>
			</possibleresult>
			<points>
				<point>986.000122,71.999985</point>
				<point>979.662231,76.527008</point>
				<point>969.662231,62.527012</point>
				<point>976.000122,57.999985</point>
				<point>986.000122,71.999985</point>
			</points>
		</object>
		<object>
			<coordinate>pixel</coordinate>
			<type>rectangle</type>
			<description>None</description>
			<possibleresult>
				<name>Small Car</name>
			</possibleresult>
			<points>
				<point>975.000000,77.000008</point>
				<point>967.246094,81.430779</point>
				<point>959.000000,67.000008</point>
				<point>966.753906,62.569237</point>
				<point>975.000000,77.000008</point>
			</points>
		</object>
		<object>
			<coordinate>pixel</coordinate>
			<type>rectangle</type>
			<description>None</description>
			<possibleresult>
				<name>Small Car</name>
			</possibleresult>
			<points>
				<point>989.800110,93.400024</point>
				<point>981.800110,99.400024</point>
				<point>971.000061,85.000031</point>
				<point>979.000061,79.000031</point>
				<point>989.800110,93.400024</point>
			</points>
		</object>
		<object>
			<coordinate>pixel</coordinate>
			<type>rectangle</type>
			<description>None</description>
			<possibleresult>
				<name>Small Car</name>
			</possibleresult>
			<points>
				<point>978.000000,100.000000</point>
				<point>971.713867,104.609833</point>
				<point>960.713867,89.609833</point>
				<point>967.000000,85.000000</point>
				<point>978.000000,100.000000</point>
			</points>
		</object>
		<object>
			<coordinate>pixel</coordinate>
			<type>rectangle</type>
			<description>None</description>
			<possibleresult>
				<name>Van</name>
			</possibleresult>
			<points>
				<point>967.000061,103.000000</point>
				<point>959.719177,107.550568</point>
				<point>949.719177,91.550568</point>
				<point>957.000061,87.000000</point>
				<point>967.000061,103.000000</point>
			</points>
		</object>
		<object>
			<coordinate>pixel</coordinate>
			<type>rectangle</type>
			<description>None</description>
			<possibleresult>
				<name>Small Car</name>
			</possibleresult>
			<points>
				<point>922.138855,120.176598</point>
				<point>916.000061,124.999947</point>
				<point>904.861267,110.823296</point>
				<point>911.000061,105.999947</point>
				<point>922.138855,120.176598</point>
			</points>
		</object>
		<object>
			<coordinate>pixel</coordinate>
			<type>rectangle</type>
			<description>None</description>
			<possibleresult>
				<name>Small Car</name>
			</possibleresult>
			<points>
				<point>889.000000,132.000031</point>
				<point>882.494141,137.576508</point>
				<point>870.000000,123.000031</point>
				<point>876.505859,117.423553</point>
				<point>889.000000,132.000031</point>
			</points>
		</object>
		<object>
			<coordinate>pixel</coordinate>
			<type>rectangle</type>
			<description>None</description>
			<possibleresult>
				<name>Small Car</name>
			</possibleresult>
			<points>
				<point>878.138794,136.176682</point>
				<point>872.000000,141.000031</point>
				<point>860.861206,126.823380</point>
				<point>867.000000,122.000031</point>
				<point>878.138794,136.176682</point>
			</points>
		</object>
		<object>
			<coordinate>pixel</coordinate>
			<type>rectangle</type>
			<description>None</description>
			<possibleresult>
				<name>Small Car</name>
			</possibleresult>
			<points>
				<point>847.800171,343.600006</point>
				<point>841.000122,347.000031</point>
				<point>833.000122,331.000031</point>
				<point>839.800171,327.600006</point>
				<point>847.800171,343.600006</point>
			</points>
		</object>
		<object>
			<coordinate>pixel</coordinate>
			<type>rectangle</type>
			<description>None</description>
			<possibleresult>
				<name>Small Car</name>
			</possibleresult>
			<points>
				<point>858.000122,362.000031</point>
				<point>851.102295,365.219025</point>
				<point>844.000122,350.000031</point>
				<point>850.897949,346.781036</point>
				<point>858.000122,362.000031</point>
			</points>
		</object>
		<object>
			<coordinate>pixel</coordinate>
			<type>rectangle</type>
			<description>None</description>
			<possibleresult>
				<name>Small Car</name>
			</possibleresult>
			<points>
				<point>866.000061,381.999969</point>
				<point>858.833923,384.529205</point>
				<point>852.833923,367.529205</point>
				<point>860.000061,364.999969</point>
				<point>866.000061,381.999969</point>
			</points>
		</object>
		<object>
			<coordinate>pixel</coordinate>
			<type>rectangle</type>
			<description>None</description>
			<possibleresult>
				<name>Small Car</name>
			</possibleresult>
			<points>
				<point>877.000000,401.000000</point>
				<point>869.246094,405.430786</point>
				<point>860.569214,390.246155</point>
				<point>868.323120,385.815369</point>
				<point>877.000000,401.000000</point>
			</points>
		</object>
		<object>
			<coordinate>pixel</coordinate>
			<type>rectangle</type>
			<description>None</description>
			<possibleresult>
				<name>Small Car</name>
			</possibleresult>
			<points>
				<point>881.000000,404.000031</point>
				<point>880.000000,421.000031</point>
				<point>871.968994,420.527618</point>
				<point>872.968994,403.527618</point>
				<point>881.000000,404.000031</point>
			</points>
		</object>
		<object>
			<coordinate>pixel</coordinate>
			<type>rectangle</type>
			<description>None</description>
			<possibleresult>
				<name>Van</name>
			</possibleresult>
			<points>
				<point>909.500061,605.500000</point>
				<point>897.000061,618.000000</point>
				<point>892.000061,613.000000</point>
				<point>904.500061,600.500000</point>
				<point>909.500061,605.500000</point>
			</points>
		</object>
		<object>
			<coordinate>pixel</coordinate>
			<type>rectangle</type>
			<description>None</description>
			<possibleresult>
				<name>Small Car</name>
			</possibleresult>
			<points>
				<point>920.000061,611.000061</point>
				<point>906.000061,623.000061</point>
				<point>901.341248,617.564758</point>
				<point>915.341248,605.564758</point>
				<point>920.000061,611.000061</point>
			</points>
		</object>
		<object>
			<coordinate>pixel</coordinate>
			<type>rectangle</type>
			<description>None</description>
			<possibleresult>
				<name>Small Car</name>
			</possibleresult>
			<points>
				<point>928.230042,616.750854</point>
				<point>916.230042,629.750854</point>
				<point>910.000061,624.000000</point>
				<point>922.000061,611.000000</point>
				<point>928.230042,616.750854</point>
			</points>
		</object>
		<object>
			<coordinate>pixel</coordinate>
			<type>rectangle</type>
			<description>None</description>
			<possibleresult>
				<name>Small Car</name>
			</possibleresult>
			<points>
				<point>936.491699,620.409729</point>
				<point>926.491699,632.409729</point>
				<point>919.999878,626.999939</point>
				<point>929.999878,614.999939</point>
				<point>936.491699,620.409729</point>
			</points>
		</object>
		<object>
			<coordinate>pixel</coordinate>
			<type>rectangle</type>
			<description>None</description>
			<possibleresult>
				<name>Small Car</name>
			</possibleresult>
			<points>
				<point>945.000000,625.000000</point>
				<point>933.000000,638.000000</point>
				<point>927.268311,632.709229</point>
				<point>939.268311,619.709229</point>
				<point>945.000000,625.000000</point>
			</points>
		</object>
		<object>
			<coordinate>pixel</coordinate>
			<type>rectangle</type>
			<description>None</description>
			<possibleresult>
				<name>Van</name>
			</possibleresult>
			<points>
				<point>954.000000,631.000061</point>
				<point>941.000000,644.000061</point>
				<point>935.000000,638.000061</point>
				<point>948.000000,625.000061</point>
				<point>954.000000,631.000061</point>
			</points>
		</object>
		<object>
			<coordinate>pixel</coordinate>
			<type>rectangle</type>
			<description>None</description>
			<possibleresult>
				<name>Small Car</name>
			</possibleresult>
			<points>
				<point>964.213806,635.769958</point>
				<point>951.000061,650.000061</point>
				<point>944.786316,644.230164</point>
				<point>958.000061,630.000061</point>
				<point>964.213806,635.769958</point>
			</points>
		</object>
		<object>
			<coordinate>pixel</coordinate>
			<type>rectangle</type>
			<description>None</description>
			<possibleresult>
				<name>Small Car</name>
			</possibleresult>
			<points>
				<point>974.000122,640.000061</point>
				<point>960.500122,653.500061</point>
				<point>955.000122,648.000061</point>
				<point>968.500122,634.500061</point>
				<point>974.000122,640.000061</point>
			</points>
		</object>
		<object>
			<coordinate>pixel</coordinate>
			<type>rectangle</type>
			<description>None</description>
			<possibleresult>
				<name>Small Car</name>
			</possibleresult>
			<points>
				<point>877.134460,638.886292</point>
				<point>863.999939,650.000061</point>
				<point>859.865417,645.113831</point>
				<point>872.999939,634.000061</point>
				<point>877.134460,638.886292</point>
			</points>
		</object>
		<object>
			<coordinate>pixel</coordinate>
			<type>rectangle</type>
			<description>None</description>
			<possibleresult>
				<name>Van</name>
			</possibleresult>
			<points>
				<point>886.796448,644.275940</point>
				<point>875.796448,654.275940</point>
				<point>871.000061,648.999939</point>
				<point>882.000061,638.999939</point>
				<point>886.796448,644.275940</point>
			</points>
		</object>
		<object>
			<coordinate>pixel</coordinate>
			<type>rectangle</type>
			<description>None</description>
			<possibleresult>
				<name>Small Car</name>
			</possibleresult>
			<points>
				<point>896.461975,649.455200</point>
				<point>883.461975,660.455200</point>
				<point>877.999939,654.000000</point>
				<point>890.999939,643.000000</point>
				<point>896.461975,649.455200</point>
			</points>
		</object>
		<object>
			<coordinate>pixel</coordinate>
			<type>rectangle</type>
			<description>None</description>
			<possibleresult>
				<name>Small Car</name>
			</possibleresult>
			<points>
				<point>904.000061,655.999939</point>
				<point>893.211853,665.247009</point>
				<point>887.211853,658.247009</point>
				<point>898.000061,648.999939</point>
				<point>904.000061,655.999939</point>
			</points>
		</object>
		<object>
			<coordinate>pixel</coordinate>
			<type>rectangle</type>
			<description>None</description>
			<possibleresult>
				<name>Small Car</name>
			</possibleresult>
			<points>
				<point>912.186096,660.834412</point>
				<point>902.999939,668.999939</point>
				<point>897.813782,663.165466</point>
				<point>906.999939,654.999939</point>
				<point>912.186096,660.834412</point>
			</points>
		</object>
		<object>
			<coordinate>pixel</coordinate>
			<type>rectangle</type>
			<description>None</description>
			<possibleresult>
				<name>Small Car</name>
			</possibleresult>
			<points>
				<point>922.690796,666.242859</point>
				<point>908.690796,677.242859</point>
				<point>903.000000,669.999939</point>
				<point>917.000000,658.999939</point>
				<point>922.690796,666.242859</point>
			</points>
		</object>
		<object>
			<coordinate>pixel</coordinate>
			<type>rectangle</type>
			<description>None</description>
			<possibleresult>
				<name>Small Car</name>
			</possibleresult>
			<points>
				<point>929.309753,670.645996</point>
				<point>922.000061,679.000000</point>
				<point>916.690369,674.354004</point>
				<point>924.000061,666.000000</point>
				<point>929.309753,670.645996</point>
			</points>
		</object>
		<object>
			<coordinate>pixel</coordinate>
			<type>rectangle</type>
			<description>None</description>
			<possibleresult>
				<name>Small Car</name>
			</possibleresult>
			<points>
				<point>939.500061,675.500000</point>
				<point>928.000061,687.000000</point>
				<point>922.500061,681.500000</point>
				<point>934.000061,670.000000</point>
				<point>939.500061,675.500000</point>
			</points>
		</object>
		<object>
			<coordinate>pixel</coordinate>
			<type>rectangle</type>
			<description>None</description>
			<possibleresult>
				<name>Small Car</name>
			</possibleresult>
			<points>
				<point>949.500061,679.500000</point>
				<point>939.000061,690.000000</point>
				<point>933.000061,684.000000</point>
				<point>943.500061,673.500000</point>
				<point>949.500061,679.500000</point>
			</points>
		</object>
		<object>
			<coordinate>pixel</coordinate>
			<type>rectangle</type>
			<description>None</description>
			<possibleresult>
				<name>Small Car</name>
			</possibleresult>
			<points>
				<point>958.226257,682.751038</point>
				<point>948.000061,693.999939</point>
				<point>942.773865,689.248840</point>
				<point>953.000061,677.999939</point>
				<point>958.226257,682.751038</point>
			</points>
		</object>
		<object>
			<coordinate>pixel</coordinate>
			<type>rectangle</type>
			<description>None</description>
			<possibleresult>
				<name>Small Car</name>
			</possibleresult>
			<points>
				<point>974.999939,688.000000</point>
				<point>972.999939,702.000000</point>
				<point>965.999939,701.000000</point>
				<point>967.999939,687.000000</point>
				<point>974.999939,688.000000</point>
			</points>
		</object>
		<object>
			<coordinate>pixel</coordinate>
			<type>rectangle</type>
			<description>None</description>
			<possibleresult>
				<name>Small Car</name>
			</possibleresult>
			<points>
				<point>987.033020,689.639404</point>
				<point>986.000183,701.000000</point>
				<point>978.967346,700.360596</point>
				<point>980.000183,689.000000</point>
				<point>987.033020,689.639404</point>
			</points>
		</object>
		<object>
			<coordinate>pixel</coordinate>
			<type>rectangle</type>
			<description>None</description>
			<possibleresult>
				<name>Small Car</name>
			</possibleresult>
			<points>
				<point>999.000000,699.000000</point>
				<point>991.000000,699.000000</point>
				<point>991.000000,689.000000</point>
				<point>999.000000,689.000000</point>
				<point>999.000000,699.000000</point>
			</points>
		</object>
		<object>
			<coordinate>pixel</coordinate>
			<type>rectangle</type>
			<description>None</description>
			<possibleresult>
				<name>Small Car</name>
			</possibleresult>
			<points>
				<point>839.000122,685.000061</point>
				<point>825.000122,699.000061</point>
				<point>819.000122,693.000061</point>
				<point>833.000122,679.000061</point>
				<point>839.000122,685.000061</point>
			</points>
		</object>
		<object>
			<coordinate>pixel</coordinate>
			<type>rectangle</type>
			<description>None</description>
			<possibleresult>
				<name>Small Car</name>
			</possibleresult>
			<points>
				<point>879.000000,707.000000</point>
				<point>865.750732,721.268555</point>
				<point>859.000000,715.000122</point>
				<point>872.249268,700.731567</point>
				<point>879.000000,707.000000</point>
			</points>
		</object>
		<object>
			<coordinate>pixel</coordinate>
			<type>rectangle</type>
			<description>None</description>
			<possibleresult>
				<name>Small Car</name>
			</possibleresult>
			<points>
				<point>800.000000,744.000000</point>
				<point>794.679321,749.700684</point>
				<point>779.679321,735.700684</point>
				<point>785.000000,730.000000</point>
				<point>800.000000,744.000000</point>
			</points>
		</object>
		<object>
			<coordinate>pixel</coordinate>
			<type>rectangle</type>
			<description>None</description>
			<possibleresult>
				<name>Small Car</name>
			</possibleresult>
			<points>
				<point>543.000061,740.000000</point>
				<point>537.198914,745.220947</point>
				<point>528.000061,735.000000</point>
				<point>533.801208,729.779053</point>
				<point>543.000061,740.000000</point>
			</points>
		</object>
		<object>
			<coordinate>pixel</coordinate>
			<type>rectangle</type>
			<description>None</description>
			<possibleresult>
				<name>Small Car</name>
			</possibleresult>
			<points>
				<point>862.000061,832.000061</point>
				<point>856.456970,838.396057</point>
				<point>841.000061,825.000061</point>
				<point>846.543152,818.604065</point>
				<point>862.000061,832.000061</point>
			</points>
		</object>
		<object>
			<coordinate>pixel</coordinate>
			<type>rectangle</type>
			<description>None</description>
			<possibleresult>
				<name>Van</name>
			</possibleresult>
			<points>
				<point>609.000000,940.000061</point>
				<point>585.000000,955.000061</point>
				<point>579.269653,945.831482</point>
				<point>603.269653,930.831482</point>
				<point>609.000000,940.000061</point>
			</points>
		</object>
		<object>
			<coordinate>pixel</coordinate>
			<type>rectangle</type>
			<description>None</description>
			<possibleresult>
				<name>Van</name>
			</possibleresult>
			<points>
				<point>665.000061,951.000061</point>
				<point>635.000061,968.000061</point>
				<point>629.681335,958.614075</point>
				<point>659.681335,941.614075</point>
				<point>665.000061,951.000061</point>
			</points>
		</object>
	</objects>
</annotation>