<?xml version="1.0" encoding="utf-8"?>
<annotation>
	<source>
		<filename>418.tif</filename>
		<origin>GF2/GF3</origin>
	</source>
	<research>
		<version>1.0</version>
		<provider>FAIR1M</provider>
		<author>Cyber</author>
		<pluginname>FAIR1M</pluginname>
		<pluginclass>object detection</pluginclass>
		<time>2021-07-21</time>
	</research>
	<size>
		<width>1000</width>
		<height>1000</height>
		<depth>3</depth>
	</size>
	<objects>
		<object>
			<coordinate>pixel</coordinate>
			<type>rectangle</type>
			<description>None</description>
			<possibleresult>
				<name>Bridge</name>
			</possibleresult>
			<points>
				<point>662.000000,679.000000</point>
				<point>560.000000,729.000000</point>
				<point>514.000000,634.000000</point>
				<point>616.000000,584.000000</point>
				<point>662.000000,679.000000</point>
			</points>
		</object>
		<object>
			<coordinate>pixel</coordinate>
			<type>rectangle</type>
			<description>None</description>
			<possibleresult>
				<name>Passenger Ship</name>
			</possibleresult>
			<points>
				<point>615.000000,944.000000</point>
				<point>592.000000,964.000000</point>
				<point>501.000000,861.000000</point>
				<point>524.000000,841.000000</point>
				<point>615.000000,944.000000</point>
			</points>
		</object>
		<object>
			<coordinate>pixel</coordinate>
			<type>rectangle</type>
			<description>None</description>
			<possibleresult>
				<name>Motorboat</name>
			</possibleresult>
			<points>
				<point>353.000000,15.000000</point>
				<point>345.000000,0.000000</point>
				<point>357.000000,-6.000000</point>
				<point>365.000000,9.000000</point>
				<point>353.000000,15.000000</point>
			</points>
		</object>
		<object>
			<coordinate>pixel</coordinate>
			<type>rectangle</type>
			<description>None</description>
			<possibleresult>
				<name>Motorboat</name>
			</possibleresult>
			<points>
				<point>382.000000,40.000000</point>
				<point>370.000000,45.000000</point>
				<point>360.000000,22.000000</point>
				<point>373.000000,18.000000</point>
				<point>382.000000,40.000000</point>
			</points>
		</object>
		<object>
			<coordinate>pixel</coordinate>
			<type>rectangle</type>
			<description>None</description>
			<possibleresult>
				<name>Motorboat</name>
			</possibleresult>
			<points>
				<point>356.000000,43.000000</point>
				<point>346.000000,49.000000</point>
				<point>333.000000,24.000000</point>
				<point>342.000000,19.000000</point>
				<point>356.000000,43.000000</point>
			</points>
		</object>
		<object>
			<coordinate>pixel</coordinate>
			<type>rectangle</type>
			<description>None</description>
			<possibleresult>
				<name>Motorboat</name>
			</possibleresult>
			<points>
				<point>383.000000,90.000000</point>
				<point>367.000000,99.000000</point>
				<point>348.000000,66.000000</point>
				<point>364.000000,57.000000</point>
				<point>383.000000,90.000000</point>
			</points>
		</object>
		<object>
			<coordinate>pixel</coordinate>
			<type>rectangle</type>
			<description>None</description>
			<possibleresult>
				<name>Dry Cargo Ship</name>
			</possibleresult>
			<points>
				<point>460.000000,192.000000</point>
				<point>448.000000,200.000000</point>
				<point>424.000000,163.000000</point>
				<point>437.000000,156.000000</point>
				<point>460.000000,192.000000</point>
			</points>
		</object>
		<object>
			<coordinate>pixel</coordinate>
			<type>rectangle</type>
			<description>None</description>
			<possibleresult>
				<name>Dry Cargo Ship</name>
			</possibleresult>
			<points>
				<point>466.000000,227.000000</point>
				<point>449.000000,238.000000</point>
				<point>417.000000,192.000000</point>
				<point>433.000000,180.000000</point>
				<point>466.000000,227.000000</point>
			</points>
		</object>
		<object>
			<coordinate>pixel</coordinate>
			<type>rectangle</type>
			<description>None</description>
			<possibleresult>
				<name>Dry Cargo Ship</name>
			</possibleresult>
			<points>
				<point>503.000000,271.000000</point>
				<point>482.000000,280.000000</point>
				<point>461.000000,232.000000</point>
				<point>481.000000,223.000000</point>
				<point>503.000000,271.000000</point>
			</points>
		</object>
		<object>
			<coordinate>pixel</coordinate>
			<type>rectangle</type>
			<description>None</description>
			<possibleresult>
				<name>Dry Cargo Ship</name>
			</possibleresult>
			<points>
				<point>623.000000,516.000000</point>
				<point>605.000000,526.000000</point>
				<point>572.000000,462.000000</point>
				<point>590.000000,452.000000</point>
				<point>623.000000,516.000000</point>
			</points>
		</object>
		<object>
			<coordinate>pixel</coordinate>
			<type>rectangle</type>
			<description>None</description>
			<possibleresult>
				<name>Dry Cargo Ship</name>
			</possibleresult>
			<points>
				<point>646.000000,488.000000</point>
				<point>619.000000,505.000000</point>
				<point>567.000000,418.000000</point>
				<point>594.000000,401.000000</point>
				<point>646.000000,488.000000</point>
			</points>
		</object>
		<object>
			<coordinate>pixel</coordinate>
			<type>rectangle</type>
			<description>None</description>
			<possibleresult>
				<name>Cargo Truck</name>
			</possibleresult>
			<points>
				<point>47.000000,759.000000</point>
				<point>30.000000,761.000000</point>
				<point>25.000000,717.000000</point>
				<point>43.000000,716.000000</point>
				<point>47.000000,759.000000</point>
			</points>
		</object>
		<object>
			<coordinate>pixel</coordinate>
			<type>rectangle</type>
			<description>None</description>
			<possibleresult>
				<name>Cargo Truck</name>
			</possibleresult>
			<points>
				<point>33.000000,679.000000</point>
				<point>19.000000,688.000000</point>
				<point>1.000000,661.000000</point>
				<point>15.000000,652.000000</point>
				<point>33.000000,679.000000</point>
			</points>
		</object>
		<object>
			<coordinate>pixel</coordinate>
			<type>rectangle</type>
			<description>None</description>
			<possibleresult>
				<name>Van</name>
			</possibleresult>
			<points>
				<point>141.000000,633.000000</point>
				<point>124.000000,635.000000</point>
				<point>121.000000,612.000000</point>
				<point>139.000000,611.000000</point>
				<point>141.000000,633.000000</point>
			</points>
		</object>
		<object>
			<coordinate>pixel</coordinate>
			<type>rectangle</type>
			<description>None</description>
			<possibleresult>
				<name>Cargo Truck</name>
			</possibleresult>
			<points>
				<point>149.000000,897.000000</point>
				<point>105.000000,920.000000</point>
				<point>100.000000,909.000000</point>
				<point>144.000000,886.000000</point>
				<point>149.000000,897.000000</point>
			</points>
		</object>
		<object>
			<coordinate>pixel</coordinate>
			<type>rectangle</type>
			<description>None</description>
			<possibleresult>
				<name>Trailer</name>
			</possibleresult>
			<points>
				<point>409.000000,767.000000</point>
				<point>366.000000,790.000000</point>
				<point>360.000000,779.000000</point>
				<point>404.000000,757.000000</point>
				<point>409.000000,767.000000</point>
			</points>
		</object>
		<object>
			<coordinate>pixel</coordinate>
			<type>rectangle</type>
			<description>None</description>
			<possibleresult>
				<name>Van</name>
			</possibleresult>
			<points>
				<point>324.000000,793.000000</point>
				<point>305.000000,802.000000</point>
				<point>302.000000,795.000000</point>
				<point>320.000000,785.000000</point>
				<point>324.000000,793.000000</point>
			</points>
		</object>
		<object>
			<coordinate>pixel</coordinate>
			<type>rectangle</type>
			<description>None</description>
			<possibleresult>
				<name>Van</name>
			</possibleresult>
			<points>
				<point>245.000000,939.000000</point>
				<point>231.000000,945.000000</point>
				<point>229.000000,941.000000</point>
				<point>242.000000,934.000000</point>
				<point>245.000000,939.000000</point>
			</points>
		</object>
		<object>
			<coordinate>pixel</coordinate>
			<type>rectangle</type>
			<description>None</description>
			<possibleresult>
				<name>Small Car</name>
			</possibleresult>
			<points>
				<point>269.000000,929.000000</point>
				<point>249.000000,939.000000</point>
				<point>245.000000,932.000000</point>
				<point>265.000000,922.000000</point>
				<point>269.000000,929.000000</point>
			</points>
		</object>
		<object>
			<coordinate>pixel</coordinate>
			<type>rectangle</type>
			<description>None</description>
			<possibleresult>
				<name>Van</name>
			</possibleresult>
			<points>
				<point>228.000000,949.000000</point>
				<point>210.000000,959.000000</point>
				<point>206.000000,952.000000</point>
				<point>225.000000,941.000000</point>
				<point>228.000000,949.000000</point>
			</points>
		</object>
		<object>
			<coordinate>pixel</coordinate>
			<type>rectangle</type>
			<description>None</description>
			<possibleresult>
				<name>Van</name>
			</possibleresult>
			<points>
				<point>474.000000,830.000000</point>
				<point>458.000000,838.000000</point>
				<point>455.000000,831.000000</point>
				<point>471.000000,823.000000</point>
				<point>474.000000,830.000000</point>
			</points>
		</object>
		<object>
			<coordinate>pixel</coordinate>
			<type>rectangle</type>
			<description>None</description>
			<possibleresult>
				<name>Van</name>
			</possibleresult>
			<points>
				<point>496.000000,819.000000</point>
				<point>477.000000,828.000000</point>
				<point>474.000000,822.000000</point>
				<point>492.000000,812.000000</point>
				<point>496.000000,819.000000</point>
			</points>
		</object>
		<object>
			<coordinate>pixel</coordinate>
			<type>rectangle</type>
			<description>None</description>
			<possibleresult>
				<name>Van</name>
			</possibleresult>
			<points>
				<point>429.000000,852.000000</point>
				<point>413.000000,860.000000</point>
				<point>410.000000,855.000000</point>
				<point>425.000000,846.000000</point>
				<point>429.000000,852.000000</point>
			</points>
		</object>
		<object>
			<coordinate>pixel</coordinate>
			<type>rectangle</type>
			<description>None</description>
			<possibleresult>
				<name>Van</name>
			</possibleresult>
			<points>
				<point>403.000000,865.000000</point>
				<point>388.000000,873.000000</point>
				<point>384.000000,866.000000</point>
				<point>400.000000,859.000000</point>
				<point>403.000000,865.000000</point>
			</points>
		</object>
		<object>
			<coordinate>pixel</coordinate>
			<type>rectangle</type>
			<description>None</description>
			<possibleresult>
				<name>Small Car</name>
			</possibleresult>
			<points>
				<point>384.000000,875.000000</point>
				<point>367.000000,883.000000</point>
				<point>364.000000,877.000000</point>
				<point>382.000000,868.000000</point>
				<point>384.000000,875.000000</point>
			</points>
		</object>
		<object>
			<coordinate>pixel</coordinate>
			<type>rectangle</type>
			<description>None</description>
			<possibleresult>
				<name>Small Car</name>
			</possibleresult>
			<points>
				<point>538.000000,799.000000</point>
				<point>521.000000,809.000000</point>
				<point>517.000000,802.000000</point>
				<point>535.000000,792.000000</point>
				<point>538.000000,799.000000</point>
			</points>
		</object>
		<object>
			<coordinate>pixel</coordinate>
			<type>rectangle</type>
			<description>None</description>
			<possibleresult>
				<name>Van</name>
			</possibleresult>
			<points>
				<point>514.000000,809.000000</point>
				<point>501.000000,817.000000</point>
				<point>497.000000,811.000000</point>
				<point>511.000000,804.000000</point>
				<point>514.000000,809.000000</point>
			</points>
		</object>
		<object>
			<coordinate>pixel</coordinate>
			<type>rectangle</type>
			<description>None</description>
			<possibleresult>
				<name>Van</name>
			</possibleresult>
			<points>
				<point>582.000000,777.000000</point>
				<point>567.000000,786.000000</point>
				<point>563.000000,780.000000</point>
				<point>579.000000,772.000000</point>
				<point>582.000000,777.000000</point>
			</points>
		</object>
		<object>
			<coordinate>pixel</coordinate>
			<type>rectangle</type>
			<description>None</description>
			<possibleresult>
				<name>Van</name>
			</possibleresult>
			<points>
				<point>451.000000,829.000000</point>
				<point>445.000000,832.000000</point>
				<point>436.000000,818.000000</point>
				<point>441.000000,814.000000</point>
				<point>451.000000,829.000000</point>
			</points>
		</object>
		<object>
			<coordinate>pixel</coordinate>
			<type>rectangle</type>
			<description>None</description>
			<possibleresult>
				<name>Van</name>
			</possibleresult>
			<points>
				<point>717.000000,599.000000</point>
				<point>701.000000,607.000000</point>
				<point>698.000000,600.000000</point>
				<point>713.000000,591.000000</point>
				<point>717.000000,599.000000</point>
			</points>
		</object>
		<object>
			<coordinate>pixel</coordinate>
			<type>rectangle</type>
			<description>None</description>
			<possibleresult>
				<name>Trailer</name>
			</possibleresult>
			<points>
				<point>862.000000,515.000000</point>
				<point>819.000000,537.000000</point>
				<point>814.000000,525.000000</point>
				<point>857.000000,503.000000</point>
				<point>862.000000,515.000000</point>
			</points>
		</object>
		<object>
			<coordinate>pixel</coordinate>
			<type>rectangle</type>
			<description>None</description>
			<possibleresult>
				<name>Trailer</name>
			</possibleresult>
			<points>
				<point>999.000000,446.000000</point>
				<point>953.000000,469.000000</point>
				<point>948.000000,460.000000</point>
				<point>993.000000,436.000000</point>
				<point>999.000000,446.000000</point>
			</points>
		</object>
		<object>
			<coordinate>pixel</coordinate>
			<type>rectangle</type>
			<description>None</description>
			<possibleresult>
				<name>Van</name>
			</possibleresult>
			<points>
				<point>916.000000,522.000000</point>
				<point>897.000000,532.000000</point>
				<point>894.000000,526.000000</point>
				<point>913.000000,516.000000</point>
				<point>916.000000,522.000000</point>
			</points>
		</object>
		<object>
			<coordinate>pixel</coordinate>
			<type>rectangle</type>
			<description>None</description>
			<possibleresult>
				<name>other-vehicle</name>
			</possibleresult>
			<points>
				<point>857.000000,568.000000</point>
				<point>839.000000,577.000000</point>
				<point>835.000000,569.000000</point>
				<point>853.000000,560.000000</point>
				<point>857.000000,568.000000</point>
			</points>
		</object>
		<object>
			<coordinate>pixel</coordinate>
			<type>rectangle</type>
			<description>None</description>
			<possibleresult>
				<name>Trailer</name>
			</possibleresult>
			<points>
				<point>938.000000,684.000000</point>
				<point>926.000000,691.000000</point>
				<point>902.000000,652.000000</point>
				<point>914.000000,645.000000</point>
				<point>938.000000,684.000000</point>
			</points>
		</object>
		<object>
			<coordinate>pixel</coordinate>
			<type>rectangle</type>
			<description>None</description>
			<possibleresult>
				<name>Trailer</name>
			</possibleresult>
			<points>
				<point>1000.000000,784.000000</point>
				<point>1000.000000,802.000000</point>
				<point>996.000000,804.000000</point>
				<point>972.000000,767.000000</point>
				<point>1000.000000,784.000000</point>
			</points>
		</object>
		<object>
			<coordinate>pixel</coordinate>
			<type>rectangle</type>
			<description>None</description>
			<possibleresult>
				<name>Trailer</name>
			</possibleresult>
			<points>
				<point>967.000000,814.000000</point>
				<point>953.000000,822.000000</point>
				<point>931.000000,785.000000</point>
				<point>944.000000,776.000000</point>
				<point>967.000000,814.000000</point>
			</points>
		</object>
		<object>
			<coordinate>pixel</coordinate>
			<type>rectangle</type>
			<description>None</description>
			<possibleresult>
				<name>Cargo Truck</name>
			</possibleresult>
			<points>
				<point>527.000000,180.000000</point>
				<point>517.000000,187.000000</point>
				<point>493.000000,148.000000</point>
				<point>503.000000,142.000000</point>
				<point>527.000000,180.000000</point>
			</points>
		</object>
		<object>
			<coordinate>pixel</coordinate>
			<type>rectangle</type>
			<description>None</description>
			<possibleresult>
				<name>Cargo Truck</name>
			</possibleresult>
			<points>
				<point>541.000000,210.000000</point>
				<point>532.000000,216.000000</point>
				<point>523.000000,201.000000</point>
				<point>531.000000,195.000000</point>
				<point>541.000000,210.000000</point>
			</points>
		</object>
		<object>
			<coordinate>pixel</coordinate>
			<type>rectangle</type>
			<description>None</description>
			<possibleresult>
				<name>Cargo Truck</name>
			</possibleresult>
			<points>
				<point>579.000000,274.000000</point>
				<point>570.000000,280.000000</point>
				<point>559.000000,261.000000</point>
				<point>568.000000,255.000000</point>
				<point>579.000000,274.000000</point>
			</points>
		</object>
		<object>
			<coordinate>pixel</coordinate>
			<type>rectangle</type>
			<description>None</description>
			<possibleresult>
				<name>Cargo Truck</name>
			</possibleresult>
			<points>
				<point>635.000000,328.000000</point>
				<point>626.000000,333.000000</point>
				<point>613.000000,311.000000</point>
				<point>622.000000,306.000000</point>
				<point>635.000000,328.000000</point>
			</points>
		</object>
		<object>
			<coordinate>pixel</coordinate>
			<type>rectangle</type>
			<description>None</description>
			<possibleresult>
				<name>Cargo Truck</name>
			</possibleresult>
			<points>
				<point>586.000000,66.000000</point>
				<point>576.000000,72.000000</point>
				<point>566.000000,54.000000</point>
				<point>576.000000,48.000000</point>
				<point>586.000000,66.000000</point>
			</points>
		</object>
		<object>
			<coordinate>pixel</coordinate>
			<type>rectangle</type>
			<description>None</description>
			<possibleresult>
				<name>Dump Truck</name>
			</possibleresult>
			<points>
				<point>636.000000,62.000000</point>
				<point>601.000000,72.000000</point>
				<point>598.000000,62.000000</point>
				<point>633.000000,51.000000</point>
				<point>636.000000,62.000000</point>
			</points>
		</object>
		<object>
			<coordinate>pixel</coordinate>
			<type>rectangle</type>
			<description>None</description>
			<possibleresult>
				<name>Dump Truck</name>
			</possibleresult>
			<points>
				<point>657.000000,34.000000</point>
				<point>626.000000,50.000000</point>
				<point>621.000000,41.000000</point>
				<point>653.000000,26.000000</point>
				<point>657.000000,34.000000</point>
			</points>
		</object>
	</objects>
</annotation>