<?xml version="1.0" encoding="utf-8"?>
<annotation>
	<source>
		<filename>420.tif</filename>
		<origin>GF2/GF3</origin>
	</source>
	<research>
		<version>1.0</version>
		<provider>FAIR1M</provider>
		<author>Cyber</author>
		<pluginname>FAIR1M</pluginname>
		<pluginclass>object detection</pluginclass>
		<time>2021-07-21</time>
	</research>
	<size>
		<width>1500</width>
		<height>1500</height>
		<depth>3</depth>
	</size>
	<objects>
		<object>
			<coordinate>pixel</coordinate>
			<type>rectangle</type>
			<description>None</description>
			<possibleresult>
				<name>other-ship</name>
			</possibleresult>
			<points>
				<point>242.000000,672.000000</point>
				<point>267.000000,656.000000</point>
				<point>263.000000,650.000000</point>
				<point>238.000000,666.000000</point>
				<point>242.000000,672.000000</point>
			</points>
		</object>
		<object>
			<coordinate>pixel</coordinate>
			<type>rectangle</type>
			<description>None</description>
			<possibleresult>
				<name>Engineering Ship</name>
			</possibleresult>
			<points>
				<point>259.000000,683.000000</point>
				<point>296.000000,659.000000</point>
				<point>286.000000,643.000000</point>
				<point>250.000000,668.000000</point>
				<point>259.000000,683.000000</point>
			</points>
		</object>
		<object>
			<coordinate>pixel</coordinate>
			<type>rectangle</type>
			<description>None</description>
			<possibleresult>
				<name>Warship</name>
			</possibleresult>
			<points>
				<point>446.000000,840.000000</point>
				<point>494.000000,879.000000</point>
				<point>503.000000,870.000000</point>
				<point>455.000000,829.000000</point>
				<point>446.000000,840.000000</point>
			</points>
		</object>
		<object>
			<coordinate>pixel</coordinate>
			<type>rectangle</type>
			<description>None</description>
			<possibleresult>
				<name>Motorboat</name>
			</possibleresult>
			<points>
				<point>521.000000,915.000000</point>
				<point>505.000000,906.000000</point>
				<point>503.000000,911.000000</point>
				<point>517.000000,920.000000</point>
				<point>521.000000,915.000000</point>
			</points>
		</object>
		<object>
			<coordinate>pixel</coordinate>
			<type>rectangle</type>
			<description>None</description>
			<possibleresult>
				<name>Motorboat</name>
			</possibleresult>
			<points>
				<point>526.000000,911.000000</point>
				<point>511.000000,900.000000</point>
				<point>507.000000,906.000000</point>
				<point>521.000000,915.000000</point>
				<point>526.000000,911.000000</point>
			</points>
		</object>
		<object>
			<coordinate>pixel</coordinate>
			<type>rectangle</type>
			<description>None</description>
			<possibleresult>
				<name>Motorboat</name>
			</possibleresult>
			<points>
				<point>532.000000,908.000000</point>
				<point>517.000000,897.000000</point>
				<point>513.000000,902.000000</point>
				<point>528.000000,913.000000</point>
				<point>532.000000,908.000000</point>
			</points>
		</object>
		<object>
			<coordinate>pixel</coordinate>
			<type>rectangle</type>
			<description>None</description>
			<possibleresult>
				<name>Warship</name>
			</possibleresult>
			<points>
				<point>526.000000,916.000000</point>
				<point>559.000000,943.000000</point>
				<point>563.000000,936.000000</point>
				<point>532.000000,911.000000</point>
				<point>526.000000,916.000000</point>
			</points>
		</object>
		<object>
			<coordinate>pixel</coordinate>
			<type>rectangle</type>
			<description>None</description>
			<possibleresult>
				<name>Dry Cargo Ship</name>
			</possibleresult>
			<points>
				<point>515.000000,897.000000</point>
				<point>561.000000,933.000000</point>
				<point>569.000000,922.000000</point>
				<point>523.000000,886.000000</point>
				<point>515.000000,897.000000</point>
			</points>
		</object>
		<object>
			<coordinate>pixel</coordinate>
			<type>rectangle</type>
			<description>None</description>
			<possibleresult>
				<name>Warship</name>
			</possibleresult>
			<points>
				<point>642.000000,984.000000</point>
				<point>582.000000,936.000000</point>
				<point>576.000000,945.000000</point>
				<point>636.000000,993.000000</point>
				<point>642.000000,984.000000</point>
			</points>
		</object>
		<object>
			<coordinate>pixel</coordinate>
			<type>rectangle</type>
			<description>None</description>
			<possibleresult>
				<name>Intersection</name>
			</possibleresult>
			<points>
				<point>976.000000,606.000000</point>
				<point>939.000000,577.000000</point>
				<point>913.000000,612.000000</point>
				<point>949.000000,641.000000</point>
				<point>976.000000,606.000000</point>
			</points>
		</object>
		<object>
			<coordinate>pixel</coordinate>
			<type>rectangle</type>
			<description>None</description>
			<possibleresult>
				<name>Intersection</name>
			</possibleresult>
			<points>
				<point>1140.000000,374.000000</point>
				<point>1117.000000,355.000000</point>
				<point>1095.000000,384.000000</point>
				<point>1118.000000,403.000000</point>
				<point>1140.000000,374.000000</point>
			</points>
		</object>
		<object>
			<coordinate>pixel</coordinate>
			<type>rectangle</type>
			<description>None</description>
			<possibleresult>
				<name>Intersection</name>
			</possibleresult>
			<points>
				<point>1321.000000,823.000000</point>
				<point>1335.000000,779.000000</point>
				<point>1294.000000,766.000000</point>
				<point>1280.000000,811.000000</point>
				<point>1321.000000,823.000000</point>
			</points>
		</object>
		<object>
			<coordinate>pixel</coordinate>
			<type>rectangle</type>
			<description>None</description>
			<possibleresult>
				<name>Intersection</name>
			</possibleresult>
			<points>
				<point>890.000000,162.000000</point>
				<point>854.000000,133.000000</point>
				<point>827.000000,167.000000</point>
				<point>864.000000,196.000000</point>
				<point>890.000000,162.000000</point>
			</points>
		</object>
		<object>
			<coordinate>pixel</coordinate>
			<type>rectangle</type>
			<description>None</description>
			<possibleresult>
				<name>Intersection</name>
			</possibleresult>
			<points>
				<point>1390.000000,56.000000</point>
				<point>1354.000000,27.000000</point>
				<point>1327.000000,61.000000</point>
				<point>1364.000000,90.000000</point>
				<point>1390.000000,56.000000</point>
			</points>
		</object>
	</objects>
</annotation>