<?xml version="1.0" encoding="utf-8"?>
<annotation>
	<source>
		<filename>422.tif</filename>
		<origin>GF2/GF3</origin>
	</source>
	<research>
		<version>1.0</version>
		<provider>FAIR1M</provider>
		<author>Cyber</author>
		<pluginname>FAIR1M</pluginname>
		<pluginclass>object detection</pluginclass>
		<time>2021-07-21</time>
	</research>
	<size>
		<width>1500</width>
		<height>1500</height>
		<depth>3</depth>
	</size>
	<objects>
		<object>
			<coordinate>pixel</coordinate>
			<type>rectangle</type>
			<description>None</description>
			<possibleresult>
				<name>Dry Cargo Ship</name>
			</possibleresult>
			<points>
				<point>1360.000000,111.000000</point>
				<point>1306.000000,-24.000000</point>
				<point>1253.000000,-2.000000</point>
				<point>1308.000000,133.000000</point>
				<point>1360.000000,111.000000</point>
			</points>
		</object>
		<object>
			<coordinate>pixel</coordinate>
			<type>rectangle</type>
			<description>None</description>
			<possibleresult>
				<name>other-ship</name>
			</possibleresult>
			<points>
				<point>1142.000000,729.000000</point>
				<point>1117.000000,703.000000</point>
				<point>1111.000000,708.000000</point>
				<point>1135.000000,734.000000</point>
				<point>1142.000000,729.000000</point>
			</points>
		</object>
		<object>
			<coordinate>pixel</coordinate>
			<type>rectangle</type>
			<description>None</description>
			<possibleresult>
				<name>other-ship</name>
			</possibleresult>
			<points>
				<point>1149.000000,723.000000</point>
				<point>1128.000000,702.000000</point>
				<point>1122.000000,707.000000</point>
				<point>1143.000000,728.000000</point>
				<point>1149.000000,723.000000</point>
			</points>
		</object>
		<object>
			<coordinate>pixel</coordinate>
			<type>rectangle</type>
			<description>None</description>
			<possibleresult>
				<name>other-ship</name>
			</possibleresult>
			<points>
				<point>1158.000000,721.000000</point>
				<point>1142.000000,702.000000</point>
				<point>1135.000000,708.000000</point>
				<point>1152.000000,727.000000</point>
				<point>1158.000000,721.000000</point>
			</points>
		</object>
		<object>
			<coordinate>pixel</coordinate>
			<type>rectangle</type>
			<description>None</description>
			<possibleresult>
				<name>other-ship</name>
			</possibleresult>
			<points>
				<point>1174.000000,700.000000</point>
				<point>1149.000000,707.000000</point>
				<point>1150.000000,714.000000</point>
				<point>1177.000000,706.000000</point>
				<point>1174.000000,700.000000</point>
			</points>
		</object>
		<object>
			<coordinate>pixel</coordinate>
			<type>rectangle</type>
			<description>None</description>
			<possibleresult>
				<name>Motorboat</name>
			</possibleresult>
			<points>
				<point>1225.000000,1317.000000</point>
				<point>1192.000000,1323.000000</point>
				<point>1194.000000,1332.000000</point>
				<point>1225.000000,1325.000000</point>
				<point>1225.000000,1317.000000</point>
			</points>
		</object>
		<object>
			<coordinate>pixel</coordinate>
			<type>rectangle</type>
			<description>None</description>
			<possibleresult>
				<name>Motorboat</name>
			</possibleresult>
			<points>
				<point>1211.000000,1292.000000</point>
				<point>1180.000000,1304.000000</point>
				<point>1185.000000,1313.000000</point>
				<point>1215.000000,1300.000000</point>
				<point>1211.000000,1292.000000</point>
			</points>
		</object>
		<object>
			<coordinate>pixel</coordinate>
			<type>rectangle</type>
			<description>None</description>
			<possibleresult>
				<name>Motorboat</name>
			</possibleresult>
			<points>
				<point>1205.000000,1286.000000</point>
				<point>1179.000000,1289.000000</point>
				<point>1180.000000,1297.000000</point>
				<point>1207.000000,1295.000000</point>
				<point>1205.000000,1286.000000</point>
			</points>
		</object>
		<object>
			<coordinate>pixel</coordinate>
			<type>rectangle</type>
			<description>None</description>
			<possibleresult>
				<name>Motorboat</name>
			</possibleresult>
			<points>
				<point>1203.000000,1274.000000</point>
				<point>1173.000000,1283.000000</point>
				<point>1174.000000,1290.000000</point>
				<point>1205.000000,1281.000000</point>
				<point>1203.000000,1274.000000</point>
			</points>
		</object>
		<object>
			<coordinate>pixel</coordinate>
			<type>rectangle</type>
			<description>None</description>
			<possibleresult>
				<name>Motorboat</name>
			</possibleresult>
			<points>
				<point>1205.000000,1267.000000</point>
				<point>1167.000000,1273.000000</point>
				<point>1170.000000,1281.000000</point>
				<point>1207.000000,1275.000000</point>
				<point>1205.000000,1267.000000</point>
			</points>
		</object>
		<object>
			<coordinate>pixel</coordinate>
			<type>rectangle</type>
			<description>None</description>
			<possibleresult>
				<name>Dry Cargo Ship</name>
			</possibleresult>
			<points>
				<point>1211.000000,1214.000000</point>
				<point>1149.000000,1236.000000</point>
				<point>1157.000000,1259.000000</point>
				<point>1219.000000,1238.000000</point>
				<point>1211.000000,1214.000000</point>
			</points>
		</object>
	</objects>
</annotation>