<?xml version="1.0" encoding="utf-8"?>
<annotation>
	<source>
		<filename>471.tif</filename>
		<origin>GF2/GF3</origin>
	</source>
	<research>
		<version>1.0</version>
		<provider>FAIR1M</provider>
		<author>Cyber</author>
		<pluginname>FAIR1M</pluginname>
		<pluginclass>object detection</pluginclass>
		<time>2021-07-21</time>
	</research>
	<size>
		<width>1500</width>
		<height>1500</height>
		<depth>3</depth>
	</size>
	<objects>
		<object>
			<coordinate>pixel</coordinate>
			<type>rectangle</type>
			<description>None</description>
			<possibleresult>
				<name>Dry Cargo Ship</name>
			</possibleresult>
			<points>
				<point>-4.000000,1333.000000</point>
				<point>176.000000,1411.000000</point>
				<point>192.000000,1372.000000</point>
				<point>12.000000,1294.000000</point>
				<point>-4.000000,1333.000000</point>
			</points>
		</object>
		<object>
			<coordinate>pixel</coordinate>
			<type>rectangle</type>
			<description>None</description>
			<possibleresult>
				<name>Dry Cargo Ship</name>
			</possibleresult>
			<points>
				<point>588.000000,1327.000000</point>
				<point>513.000000,1486.000000</point>
				<point>545.000000,1501.000000</point>
				<point>619.000000,1341.000000</point>
				<point>588.000000,1327.000000</point>
			</points>
		</object>
		<object>
			<coordinate>pixel</coordinate>
			<type>rectangle</type>
			<description>None</description>
			<possibleresult>
				<name>Dry Cargo Ship</name>
			</possibleresult>
			<points>
				<point>621.000000,1324.000000</point>
				<point>690.000000,1165.000000</point>
				<point>663.000000,1152.000000</point>
				<point>592.000000,1311.000000</point>
				<point>621.000000,1324.000000</point>
			</points>
		</object>
		<object>
			<coordinate>pixel</coordinate>
			<type>rectangle</type>
			<description>None</description>
			<possibleresult>
				<name>Dry Cargo Ship</name>
			</possibleresult>
			<points>
				<point>1051.000000,1334.000000</point>
				<point>1010.000000,1487.000000</point>
				<point>1036.000000,1495.000000</point>
				<point>1078.000000,1343.000000</point>
				<point>1051.000000,1334.000000</point>
			</points>
		</object>
		<object>
			<coordinate>pixel</coordinate>
			<type>rectangle</type>
			<description>None</description>
			<possibleresult>
				<name>Dry Cargo Ship</name>
			</possibleresult>
			<points>
				<point>775.000000,1093.000000</point>
				<point>1034.000000,1206.000000</point>
				<point>1053.000000,1165.000000</point>
				<point>792.000000,1052.000000</point>
				<point>775.000000,1093.000000</point>
			</points>
		</object>
		<object>
			<coordinate>pixel</coordinate>
			<type>rectangle</type>
			<description>None</description>
			<possibleresult>
				<name>Dry Cargo Ship</name>
			</possibleresult>
			<points>
				<point>401.000000,553.000000</point>
				<point>441.000000,570.000000</point>
				<point>456.000000,532.000000</point>
				<point>417.000000,515.000000</point>
				<point>401.000000,553.000000</point>
			</points>
		</object>
	</objects>
</annotation>