<?xml version="1.0" encoding="utf-8"?>
<annotation>
	<source>
		<filename>473.tif</filename>
		<origin>GF2/GF3</origin>
	</source>
	<research>
		<version>1.0</version>
		<provider>FAIR1M</provider>
		<author>Cyber</author>
		<pluginname>FAIR1M</pluginname>
		<pluginclass>object detection</pluginclass>
		<time>2021-07-21</time>
	</research>
	<size>
		<width>1000</width>
		<height>1000</height>
		<depth>3</depth>
	</size>
	<objects>
		<object>
			<coordinate>pixel</coordinate>
			<type>rectangle</type>
			<description>None</description>
			<possibleresult>
				<name>Van</name>
			</possibleresult>
			<points>
				<point>201.000000,114.000015</point>
				<point>200.116730,124.010315</point>
				<point>166.000000,121.000015</point>
				<point>166.883270,110.989716</point>
				<point>201.000000,114.000015</point>
			</points>
		</object>
		<object>
			<coordinate>pixel</coordinate>
			<type>rectangle</type>
			<description>None</description>
			<possibleresult>
				<name>Small Car</name>
			</possibleresult>
			<points>
				<point>258.000000,99.000000</point>
				<point>257.041107,108.109589</point>
				<point>237.000015,106.000000</point>
				<point>237.958923,96.890411</point>
				<point>258.000000,99.000000</point>
			</points>
		</object>
		<object>
			<coordinate>pixel</coordinate>
			<type>rectangle</type>
			<description>None</description>
			<possibleresult>
				<name>Intersection</name>
			</possibleresult>
			<points>
				<point>338.000000,68.000000</point>
				<point>331.292236,104.054367</point>
				<point>288.000000,96.000000</point>
				<point>294.707764,59.945633</point>
				<point>338.000000,68.000000</point>
			</points>
		</object>
		<object>
			<coordinate>pixel</coordinate>
			<type>rectangle</type>
			<description>None</description>
			<possibleresult>
				<name>Dump Truck</name>
			</possibleresult>
			<points>
				<point>526.034912,91.737991</point>
				<point>522.000000,122.000000</point>
				<point>508.965088,120.262009</point>
				<point>513.000000,90.000000</point>
				<point>526.034912,91.737991</point>
			</points>
		</object>
		<object>
			<coordinate>pixel</coordinate>
			<type>rectangle</type>
			<description>None</description>
			<possibleresult>
				<name>Excavator</name>
			</possibleresult>
			<points>
				<point>465.775848,140.189636</point>
				<point>439.775848,162.189636</point>
				<point>431.999969,152.999969</point>
				<point>457.999969,130.999969</point>
				<point>465.775848,140.189636</point>
			</points>
		</object>
		<object>
			<coordinate>pixel</coordinate>
			<type>rectangle</type>
			<description>None</description>
			<possibleresult>
				<name>other-vehicle</name>
			</possibleresult>
			<points>
				<point>503.000000,164.000000</point>
				<point>488.000000,164.000000</point>
				<point>488.000000,138.000000</point>
				<point>503.000000,138.000000</point>
				<point>503.000000,164.000000</point>
			</points>
		</object>
		<object>
			<coordinate>pixel</coordinate>
			<type>rectangle</type>
			<description>None</description>
			<possibleresult>
				<name>Dump Truck</name>
			</possibleresult>
			<points>
				<point>491.000000,322.000000</point>
				<point>480.000000,322.000000</point>
				<point>480.000000,302.000000</point>
				<point>491.000000,302.000000</point>
				<point>491.000000,322.000000</point>
			</points>
		</object>
		<object>
			<coordinate>pixel</coordinate>
			<type>rectangle</type>
			<description>None</description>
			<possibleresult>
				<name>Small Car</name>
			</possibleresult>
			<points>
				<point>465.000000,320.000000</point>
				<point>440.000000,320.000000</point>
				<point>440.000000,312.000000</point>
				<point>465.000000,312.000000</point>
				<point>465.000000,320.000000</point>
			</points>
		</object>
		<object>
			<coordinate>pixel</coordinate>
			<type>rectangle</type>
			<description>None</description>
			<possibleresult>
				<name>Dump Truck</name>
			</possibleresult>
			<points>
				<point>491.000000,346.000000</point>
				<point>479.000000,346.000000</point>
				<point>479.000000,324.000000</point>
				<point>491.000000,324.000000</point>
				<point>491.000000,346.000000</point>
			</points>
		</object>
		<object>
			<coordinate>pixel</coordinate>
			<type>rectangle</type>
			<description>None</description>
			<possibleresult>
				<name>Small Car</name>
			</possibleresult>
			<points>
				<point>477.000000,502.999969</point>
				<point>469.031128,503.498016</point>
				<point>468.000000,486.999969</point>
				<point>475.968872,486.501923</point>
				<point>477.000000,502.999969</point>
			</points>
		</object>
		<object>
			<coordinate>pixel</coordinate>
			<type>rectangle</type>
			<description>None</description>
			<possibleresult>
				<name>Small Car</name>
			</possibleresult>
			<points>
				<point>172.000015,659.000000</point>
				<point>171.694351,666.030151</point>
				<point>148.694351,665.030151</point>
				<point>149.000015,658.000000</point>
				<point>172.000015,659.000000</point>
			</points>
		</object>
		<object>
			<coordinate>pixel</coordinate>
			<type>rectangle</type>
			<description>None</description>
			<possibleresult>
				<name>Small Car</name>
			</possibleresult>
			<points>
				<point>197.000015,661.000000</point>
				<point>196.180344,670.016357</point>
				<point>174.000015,668.000000</point>
				<point>174.819687,658.983643</point>
				<point>197.000015,661.000000</point>
			</points>
		</object>
		<object>
			<coordinate>pixel</coordinate>
			<type>rectangle</type>
			<description>None</description>
			<possibleresult>
				<name>Cargo Truck</name>
			</possibleresult>
			<points>
				<point>204.000015,724.000061</point>
				<point>201.953873,740.369324</point>
				<point>191.000015,739.000061</point>
				<point>193.046158,722.630798</point>
				<point>204.000015,724.000061</point>
			</points>
		</object>
		<object>
			<coordinate>pixel</coordinate>
			<type>rectangle</type>
			<description>None</description>
			<possibleresult>
				<name>Van</name>
			</possibleresult>
			<points>
				<point>110.448883,750.022522</point>
				<point>110.000000,759.000061</point>
				<point>89.551117,757.977600</point>
				<point>90.000000,749.000061</point>
				<point>110.448883,750.022522</point>
			</points>
		</object>
		<object>
			<coordinate>pixel</coordinate>
			<type>rectangle</type>
			<description>None</description>
			<possibleresult>
				<name>Small Car</name>
			</possibleresult>
			<points>
				<point>105.000000,799.000000</point>
				<point>83.000000,799.000000</point>
				<point>83.000000,791.000000</point>
				<point>105.000000,791.000000</point>
				<point>105.000000,799.000000</point>
			</points>
		</object>
		<object>
			<coordinate>pixel</coordinate>
			<type>rectangle</type>
			<description>None</description>
			<possibleresult>
				<name>Van</name>
			</possibleresult>
			<points>
				<point>105.000000,811.000000</point>
				<point>83.000000,811.000000</point>
				<point>83.000000,802.000000</point>
				<point>105.000000,802.000000</point>
				<point>105.000000,811.000000</point>
			</points>
		</object>
		<object>
			<coordinate>pixel</coordinate>
			<type>rectangle</type>
			<description>None</description>
			<possibleresult>
				<name>Van</name>
			</possibleresult>
			<points>
				<point>376.000031,837.000061</point>
				<point>359.924713,850.061218</point>
				<point>355.000031,844.000061</point>
				<point>371.075348,830.938904</point>
				<point>376.000031,837.000061</point>
			</points>
		</object>
		<object>
			<coordinate>pixel</coordinate>
			<type>rectangle</type>
			<description>None</description>
			<possibleresult>
				<name>Small Car</name>
			</possibleresult>
			<points>
				<point>396.000000,857.000000</point>
				<point>389.000000,857.000000</point>
				<point>389.000000,839.000000</point>
				<point>396.000000,839.000000</point>
				<point>396.000000,857.000000</point>
			</points>
		</object>
		<object>
			<coordinate>pixel</coordinate>
			<type>rectangle</type>
			<description>None</description>
			<possibleresult>
				<name>Van</name>
			</possibleresult>
			<points>
				<point>442.000031,790.000061</point>
				<point>438.929535,807.399353</point>
				<point>431.000031,806.000061</point>
				<point>434.070526,788.600769</point>
				<point>442.000031,790.000061</point>
			</points>
		</object>
		<object>
			<coordinate>pixel</coordinate>
			<type>rectangle</type>
			<description>None</description>
			<possibleresult>
				<name>Small Car</name>
			</possibleresult>
			<points>
				<point>466.000000,812.000000</point>
				<point>456.000000,812.000000</point>
				<point>456.000000,793.000000</point>
				<point>466.000000,793.000000</point>
				<point>466.000000,812.000000</point>
			</points>
		</object>
		<object>
			<coordinate>pixel</coordinate>
			<type>rectangle</type>
			<description>None</description>
			<possibleresult>
				<name>Small Car</name>
			</possibleresult>
			<points>
				<point>489.000031,798.000000</point>
				<point>486.993195,815.057983</point>
				<point>478.000031,814.000000</point>
				<point>480.006866,796.942017</point>
				<point>489.000031,798.000000</point>
			</points>
		</object>
		<object>
			<coordinate>pixel</coordinate>
			<type>rectangle</type>
			<description>None</description>
			<possibleresult>
				<name>Van</name>
			</possibleresult>
			<points>
				<point>516.000000,794.999939</point>
				<point>511.835297,813.741150</point>
				<point>504.000000,811.999939</point>
				<point>508.164703,793.258728</point>
				<point>516.000000,794.999939</point>
			</points>
		</object>
		<object>
			<coordinate>pixel</coordinate>
			<type>rectangle</type>
			<description>None</description>
			<possibleresult>
				<name>Van</name>
			</possibleresult>
			<points>
				<point>528.000000,797.000061</point>
				<point>524.884644,812.576965</point>
				<point>517.000000,811.000061</point>
				<point>520.115356,795.423157</point>
				<point>528.000000,797.000061</point>
			</points>
		</object>
		<object>
			<coordinate>pixel</coordinate>
			<type>rectangle</type>
			<description>None</description>
			<possibleresult>
				<name>Small Car</name>
			</possibleresult>
			<points>
				<point>470.006836,846.941956</point>
				<point>468.000000,863.999939</point>
				<point>459.993164,863.057922</point>
				<point>462.000000,845.999939</point>
				<point>470.006836,846.941956</point>
			</points>
		</object>
		<object>
			<coordinate>pixel</coordinate>
			<type>rectangle</type>
			<description>None</description>
			<possibleresult>
				<name>Small Car</name>
			</possibleresult>
			<points>
				<point>495.000000,866.000000</point>
				<point>486.000000,866.000000</point>
				<point>486.000000,851.000000</point>
				<point>495.000000,851.000000</point>
				<point>495.000000,866.000000</point>
			</points>
		</object>
		<object>
			<coordinate>pixel</coordinate>
			<type>rectangle</type>
			<description>None</description>
			<possibleresult>
				<name>Van</name>
			</possibleresult>
			<points>
				<point>519.000000,870.000000</point>
				<point>510.000000,870.000000</point>
				<point>510.000000,854.000000</point>
				<point>519.000000,854.000000</point>
				<point>519.000000,870.000000</point>
			</points>
		</object>
		<object>
			<coordinate>pixel</coordinate>
			<type>rectangle</type>
			<description>None</description>
			<possibleresult>
				<name>Van</name>
			</possibleresult>
			<points>
				<point>551.089111,925.108826</point>
				<point>549.395996,942.039490</point>
				<point>538.306885,940.930603</point>
				<point>540.000000,923.999939</point>
				<point>551.089111,925.108826</point>
			</points>
		</object>
		<object>
			<coordinate>pixel</coordinate>
			<type>rectangle</type>
			<description>None</description>
			<possibleresult>
				<name>Small Car</name>
			</possibleresult>
			<points>
				<point>767.000061,767.000122</point>
				<point>764.984680,783.123169</point>
				<point>756.000061,782.000122</point>
				<point>758.015442,765.877075</point>
				<point>767.000061,767.000122</point>
			</points>
		</object>
		<object>
			<coordinate>pixel</coordinate>
			<type>rectangle</type>
			<description>None</description>
			<possibleresult>
				<name>Small Car</name>
			</possibleresult>
			<points>
				<point>817.027649,790.668945</point>
				<point>816.000061,803.000000</point>
				<point>807.972473,802.331055</point>
				<point>809.000061,790.000000</point>
				<point>817.027649,790.668945</point>
			</points>
		</object>
		<object>
			<coordinate>pixel</coordinate>
			<type>rectangle</type>
			<description>None</description>
			<possibleresult>
				<name>Small Car</name>
			</possibleresult>
			<points>
				<point>827.000000,791.000000</point>
				<point>825.964478,805.497437</point>
				<point>819.000000,805.000000</point>
				<point>820.035522,790.502563</point>
				<point>827.000000,791.000000</point>
			</points>
		</object>
		<object>
			<coordinate>pixel</coordinate>
			<type>rectangle</type>
			<description>None</description>
			<possibleresult>
				<name>Van</name>
			</possibleresult>
			<points>
				<point>536.648682,731.108093</point>
				<point>534.000000,746.999939</point>
				<point>526.864868,745.810730</point>
				<point>529.513550,729.918884</point>
				<point>536.648682,731.108093</point>
			</points>
		</object>
		<object>
			<coordinate>pixel</coordinate>
			<type>rectangle</type>
			<description>None</description>
			<possibleresult>
				<name>Intersection</name>
			</possibleresult>
			<points>
				<point>693.000061,572.000061</point>
				<point>687.000061,620.000061</point>
				<point>631.000061,613.000061</point>
				<point>637.000061,565.000061</point>
				<point>693.000061,572.000061</point>
			</points>
		</object>
		<object>
			<coordinate>pixel</coordinate>
			<type>rectangle</type>
			<description>None</description>
			<possibleresult>
				<name>Van</name>
			</possibleresult>
			<points>
				<point>687.045288,495.873322</point>
				<point>682.000000,510.000031</point>
				<point>673.954712,507.126740</point>
				<point>679.000000,493.000031</point>
				<point>687.045288,495.873322</point>
			</points>
		</object>
		<object>
			<coordinate>pixel</coordinate>
			<type>rectangle</type>
			<description>None</description>
			<possibleresult>
				<name>Van</name>
			</possibleresult>
			<points>
				<point>701.000000,264.000000</point>
				<point>693.000000,264.000000</point>
				<point>693.000000,248.000000</point>
				<point>701.000000,248.000000</point>
				<point>701.000000,264.000000</point>
			</points>
		</object>
		<object>
			<coordinate>pixel</coordinate>
			<type>rectangle</type>
			<description>None</description>
			<possibleresult>
				<name>Small Car</name>
			</possibleresult>
			<points>
				<point>830.000061,3.000008</point>
				<point>828.000061,22.000008</point>
				<point>818.994568,21.052063</point>
				<point>820.994568,2.052063</point>
				<point>830.000061,3.000008</point>
			</points>
		</object>
		<object>
			<coordinate>pixel</coordinate>
			<type>rectangle</type>
			<description>None</description>
			<possibleresult>
				<name>Small Car</name>
			</possibleresult>
			<points>
				<point>937.030762,66.446152</point>
				<point>936.000000,85.000000</point>
				<point>927.969238,84.553848</point>
				<point>929.000000,66.000000</point>
				<point>937.030762,66.446152</point>
			</points>
		</object>
		<object>
			<coordinate>pixel</coordinate>
			<type>rectangle</type>
			<description>None</description>
			<possibleresult>
				<name>Van</name>
			</possibleresult>
			<points>
				<point>980.000122,107.000015</point>
				<point>979.000122,115.000015</point>
				<point>958.938599,112.492325</point>
				<point>959.938599,104.492325</point>
				<point>980.000122,107.000015</point>
			</points>
		</object>
		<object>
			<coordinate>pixel</coordinate>
			<type>rectangle</type>
			<description>None</description>
			<possibleresult>
				<name>Small Car</name>
			</possibleresult>
			<points>
				<point>931.000000,122.999985</point>
				<point>926.000000,140.999985</point>
				<point>917.799438,138.722061</point>
				<point>922.799438,120.722061</point>
				<point>931.000000,122.999985</point>
			</points>
		</object>
		<object>
			<coordinate>pixel</coordinate>
			<type>rectangle</type>
			<description>None</description>
			<possibleresult>
				<name>Dump Truck</name>
			</possibleresult>
			<points>
				<point>905.473022,294.337830</point>
				<point>900.000000,302.000000</point>
				<point>881.932373,289.094604</point>
				<point>887.405396,281.432434</point>
				<point>905.473022,294.337830</point>
			</points>
		</object>
		<object>
			<coordinate>pixel</coordinate>
			<type>rectangle</type>
			<description>None</description>
			<possibleresult>
				<name>Van</name>
			</possibleresult>
			<points>
				<point>944.000000,334.999969</point>
				<point>923.000000,340.999969</point>
				<point>921.000000,333.999969</point>
				<point>942.000000,327.999969</point>
				<point>944.000000,334.999969</point>
			</points>
		</object>
		<object>
			<coordinate>pixel</coordinate>
			<type>rectangle</type>
			<description>None</description>
			<possibleresult>
				<name>Small Car</name>
			</possibleresult>
			<points>
				<point>886.031128,432.498047</point>
				<point>878.000000,433.000000</point>
				<point>876.968872,416.501953</point>
				<point>885.000000,416.000000</point>
				<point>886.031128,432.498047</point>
			</points>
		</object>
		<object>
			<coordinate>pixel</coordinate>
			<type>rectangle</type>
			<description>None</description>
			<possibleresult>
				<name>Van</name>
			</possibleresult>
			<points>
				<point>865.000000,535.000000</point>
				<point>843.000000,535.000000</point>
				<point>843.000000,528.000000</point>
				<point>865.000000,528.000000</point>
				<point>865.000000,535.000000</point>
			</points>
		</object>
		<object>
			<coordinate>pixel</coordinate>
			<type>rectangle</type>
			<description>None</description>
			<possibleresult>
				<name>Small Car</name>
			</possibleresult>
			<points>
				<point>981.332642,606.015869</point>
				<point>981.000122,613.000000</point>
				<point>959.667480,611.984131</point>
				<point>960.000000,605.000000</point>
				<point>981.332642,606.015869</point>
			</points>
		</object>
		<object>
			<coordinate>pixel</coordinate>
			<type>rectangle</type>
			<description>None</description>
			<possibleresult>
				<name>Basketball Court</name>
			</possibleresult>
			<points>
				<point>696.069275,1005.067017</point>
				<point>642.358582,1000.000000</point>
				<point>645.289368,968.932983</point>
				<point>699.000061,974.000000</point>
				<point>696.069275,1005.067017</point>
			</points>
		</object>
		<object>
			<coordinate>pixel</coordinate>
			<type>rectangle</type>
			<description>None</description>
			<possibleresult>
				<name>Basketball Court</name>
			</possibleresult>
			<points>
				<point>768.465210,1003.556396</point>
				<point>711.562500,1000.000000</point>
				<point>713.097290,975.443726</point>
				<point>770.000000,979.000122</point>
				<point>768.465210,1003.556396</point>
			</points>
		</object>
	</objects>
</annotation>