<?xml version="1.0" encoding="utf-8"?>
<annotation>
	<source>
		<filename>475.tif</filename>
		<origin>GF2/GF3</origin>
	</source>
	<research>
		<version>1.0</version>
		<provider>FAIR1M</provider>
		<author>Cyber</author>
		<pluginname>FAIR1M</pluginname>
		<pluginclass>object detection</pluginclass>
		<time>2021-07-21</time>
	</research>
	<size>
		<width>1500</width>
		<height>1500</height>
		<depth>3</depth>
	</size>
	<objects>
		<object>
			<coordinate>pixel</coordinate>
			<type>rectangle</type>
			<description>None</description>
			<possibleresult>
				<name>Passenger Ship</name>
			</possibleresult>
			<points>
				<point>1338.000000,584.000000</point>
				<point>1423.000000,624.000000</point>
				<point>1434.000000,600.000000</point>
				<point>1348.000000,561.000000</point>
				<point>1338.000000,584.000000</point>
			</points>
		</object>
		<object>
			<coordinate>pixel</coordinate>
			<type>rectangle</type>
			<description>None</description>
			<possibleresult>
				<name>Fishing Boat</name>
			</possibleresult>
			<points>
				<point>1244.000000,516.000000</point>
				<point>1303.000000,543.000000</point>
				<point>1311.000000,527.000000</point>
				<point>1251.000000,500.000000</point>
				<point>1244.000000,516.000000</point>
			</points>
		</object>
		<object>
			<coordinate>pixel</coordinate>
			<type>rectangle</type>
			<description>None</description>
			<possibleresult>
				<name>Fishing Boat</name>
			</possibleresult>
			<points>
				<point>1238.000000,525.000000</point>
				<point>1298.000000,554.000000</point>
				<point>1303.000000,543.000000</point>
				<point>1242.000000,515.000000</point>
				<point>1238.000000,525.000000</point>
			</points>
		</object>
		<object>
			<coordinate>pixel</coordinate>
			<type>rectangle</type>
			<description>None</description>
			<possibleresult>
				<name>Fishing Boat</name>
			</possibleresult>
			<points>
				<point>1225.000000,534.000000</point>
				<point>1290.000000,563.000000</point>
				<point>1294.000000,552.000000</point>
				<point>1230.000000,525.000000</point>
				<point>1225.000000,534.000000</point>
			</points>
		</object>
		<object>
			<coordinate>pixel</coordinate>
			<type>rectangle</type>
			<description>None</description>
			<possibleresult>
				<name>Fishing Boat</name>
			</possibleresult>
			<points>
				<point>1240.000000,511.000000</point>
				<point>1265.000000,447.000000</point>
				<point>1251.000000,441.000000</point>
				<point>1225.000000,504.000000</point>
				<point>1240.000000,511.000000</point>
			</points>
		</object>
		<object>
			<coordinate>pixel</coordinate>
			<type>rectangle</type>
			<description>None</description>
			<possibleresult>
				<name>Fishing Boat</name>
			</possibleresult>
			<points>
				<point>1286.000000,343.000000</point>
				<point>1244.000000,438.000000</point>
				<point>1261.000000,445.000000</point>
				<point>1302.000000,350.000000</point>
				<point>1286.000000,343.000000</point>
			</points>
		</object>
		<object>
			<coordinate>pixel</coordinate>
			<type>rectangle</type>
			<description>None</description>
			<possibleresult>
				<name>Fishing Boat</name>
			</possibleresult>
			<points>
				<point>1225.000000,506.000000</point>
				<point>1250.000000,443.000000</point>
				<point>1238.000000,438.000000</point>
				<point>1213.000000,500.000000</point>
				<point>1225.000000,506.000000</point>
			</points>
		</object>
		<object>
			<coordinate>pixel</coordinate>
			<type>rectangle</type>
			<description>None</description>
			<possibleresult>
				<name>Passenger Ship</name>
			</possibleresult>
			<points>
				<point>1436.000000,383.000000</point>
				<point>1361.000000,350.000000</point>
				<point>1353.000000,370.000000</point>
				<point>1428.000000,402.000000</point>
				<point>1436.000000,383.000000</point>
			</points>
		</object>
		<object>
			<coordinate>pixel</coordinate>
			<type>rectangle</type>
			<description>None</description>
			<possibleresult>
				<name>Fishing Boat</name>
			</possibleresult>
			<points>
				<point>1282.000000,331.000000</point>
				<point>1348.000000,359.000000</point>
				<point>1353.000000,345.000000</point>
				<point>1288.000000,318.000000</point>
				<point>1282.000000,331.000000</point>
			</points>
		</object>
		<object>
			<coordinate>pixel</coordinate>
			<type>rectangle</type>
			<description>None</description>
			<possibleresult>
				<name>Dry Cargo Ship</name>
			</possibleresult>
			<points>
				<point>1150.000000,441.000000</point>
				<point>1184.000000,356.000000</point>
				<point>1163.000000,347.000000</point>
				<point>1128.000000,433.000000</point>
				<point>1150.000000,441.000000</point>
			</points>
		</object>
		<object>
			<coordinate>pixel</coordinate>
			<type>rectangle</type>
			<description>None</description>
			<possibleresult>
				<name>Dry Cargo Ship</name>
			</possibleresult>
			<points>
				<point>1173.000000,450.000000</point>
				<point>1207.000000,365.000000</point>
				<point>1184.000000,356.000000</point>
				<point>1151.000000,441.000000</point>
				<point>1173.000000,450.000000</point>
			</points>
		</object>
		<object>
			<coordinate>pixel</coordinate>
			<type>rectangle</type>
			<description>None</description>
			<possibleresult>
				<name>Passenger Ship</name>
			</possibleresult>
			<points>
				<point>1442.000000,317.000000</point>
				<point>1363.000000,283.000000</point>
				<point>1355.000000,302.000000</point>
				<point>1434.000000,336.000000</point>
				<point>1442.000000,317.000000</point>
			</points>
		</object>
		<object>
			<coordinate>pixel</coordinate>
			<type>rectangle</type>
			<description>None</description>
			<possibleresult>
				<name>Fishing Boat</name>
			</possibleresult>
			<points>
				<point>1213.000000,502.000000</point>
				<point>1240.000000,436.000000</point>
				<point>1228.000000,431.000000</point>
				<point>1201.000000,497.000000</point>
				<point>1213.000000,502.000000</point>
			</points>
		</object>
		<object>
			<coordinate>pixel</coordinate>
			<type>rectangle</type>
			<description>None</description>
			<possibleresult>
				<name>Fishing Boat</name>
			</possibleresult>
			<points>
				<point>1248.000000,427.000000</point>
				<point>1280.000000,350.000000</point>
				<point>1267.000000,343.000000</point>
				<point>1234.000000,420.000000</point>
				<point>1248.000000,427.000000</point>
			</points>
		</object>
		<object>
			<coordinate>pixel</coordinate>
			<type>rectangle</type>
			<description>None</description>
			<possibleresult>
				<name>Dry Cargo Ship</name>
			</possibleresult>
			<points>
				<point>1205.000000,290.000000</point>
				<point>1180.000000,349.000000</point>
				<point>1192.000000,354.000000</point>
				<point>1217.000000,295.000000</point>
				<point>1205.000000,290.000000</point>
			</points>
		</object>
		<object>
			<coordinate>pixel</coordinate>
			<type>rectangle</type>
			<description>None</description>
			<possibleresult>
				<name>Dry Cargo Ship</name>
			</possibleresult>
			<points>
				<point>1223.000000,286.000000</point>
				<point>1194.000000,352.000000</point>
				<point>1209.000000,359.000000</point>
				<point>1238.000000,291.000000</point>
				<point>1223.000000,286.000000</point>
			</points>
		</object>
		<object>
			<coordinate>pixel</coordinate>
			<type>rectangle</type>
			<description>None</description>
			<possibleresult>
				<name>Dry Cargo Ship</name>
			</possibleresult>
			<points>
				<point>1071.000000,293.000000</point>
				<point>1044.000000,354.000000</point>
				<point>1061.000000,361.000000</point>
				<point>1088.000000,300.000000</point>
				<point>1071.000000,293.000000</point>
			</points>
		</object>
		<object>
			<coordinate>pixel</coordinate>
			<type>rectangle</type>
			<description>None</description>
			<possibleresult>
				<name>Dry Cargo Ship</name>
			</possibleresult>
			<points>
				<point>1053.000000,277.000000</point>
				<point>1019.000000,354.000000</point>
				<point>1038.000000,363.000000</point>
				<point>1073.000000,286.000000</point>
				<point>1053.000000,277.000000</point>
			</points>
		</object>
		<object>
			<coordinate>pixel</coordinate>
			<type>rectangle</type>
			<description>None</description>
			<possibleresult>
				<name>Dry Cargo Ship</name>
			</possibleresult>
			<points>
				<point>1128.000000,202.000000</point>
				<point>1096.000000,270.000000</point>
				<point>1113.000000,277.000000</point>
				<point>1146.000000,211.000000</point>
				<point>1128.000000,202.000000</point>
			</points>
		</object>
		<object>
			<coordinate>pixel</coordinate>
			<type>rectangle</type>
			<description>None</description>
			<possibleresult>
				<name>Dry Cargo Ship</name>
			</possibleresult>
			<points>
				<point>1109.000000,195.000000</point>
				<point>1078.000000,261.000000</point>
				<point>1096.000000,270.000000</point>
				<point>1126.000000,202.000000</point>
				<point>1109.000000,195.000000</point>
			</points>
		</object>
		<object>
			<coordinate>pixel</coordinate>
			<type>rectangle</type>
			<description>None</description>
			<possibleresult>
				<name>Dry Cargo Ship</name>
			</possibleresult>
			<points>
				<point>1092.000000,190.000000</point>
				<point>1063.000000,254.000000</point>
				<point>1078.000000,259.000000</point>
				<point>1107.000000,197.000000</point>
				<point>1092.000000,190.000000</point>
			</points>
		</object>
		<object>
			<coordinate>pixel</coordinate>
			<type>rectangle</type>
			<description>None</description>
			<possibleresult>
				<name>Passenger Ship</name>
			</possibleresult>
			<points>
				<point>946.000000,349.000000</point>
				<point>863.000000,313.000000</point>
				<point>855.000000,334.000000</point>
				<point>938.000000,370.000000</point>
				<point>946.000000,349.000000</point>
			</points>
		</object>
		<object>
			<coordinate>pixel</coordinate>
			<type>rectangle</type>
			<description>None</description>
			<possibleresult>
				<name>Engineering Ship</name>
			</possibleresult>
			<points>
				<point>796.000000,281.000000</point>
				<point>846.000000,163.000000</point>
				<point>813.000000,149.000000</point>
				<point>765.000000,268.000000</point>
				<point>796.000000,281.000000</point>
			</points>
		</object>
		<object>
			<coordinate>pixel</coordinate>
			<type>rectangle</type>
			<description>None</description>
			<possibleresult>
				<name>Passenger Ship</name>
			</possibleresult>
			<points>
				<point>801.000000,154.000000</point>
				<point>726.000000,124.000000</point>
				<point>717.000000,143.000000</point>
				<point>792.000000,175.000000</point>
				<point>801.000000,154.000000</point>
			</points>
		</object>
		<object>
			<coordinate>pixel</coordinate>
			<type>rectangle</type>
			<description>None</description>
			<possibleresult>
				<name>Passenger Ship</name>
			</possibleresult>
			<points>
				<point>659.000000,91.000000</point>
				<point>584.000000,59.000000</point>
				<point>573.000000,81.000000</point>
				<point>650.000000,113.000000</point>
				<point>659.000000,91.000000</point>
			</points>
		</object>
		<object>
			<coordinate>pixel</coordinate>
			<type>rectangle</type>
			<description>None</description>
			<possibleresult>
				<name>Dry Cargo Ship</name>
			</possibleresult>
			<points>
				<point>574.000000,0.000000</point>
				<point>544.000000,61.000000</point>
				<point>563.000000,72.000000</point>
				<point>593.000000,9.000000</point>
				<point>574.000000,0.000000</point>
			</points>
		</object>
		<object>
			<coordinate>pixel</coordinate>
			<type>rectangle</type>
			<description>None</description>
			<possibleresult>
				<name>Dry Cargo Ship</name>
			</possibleresult>
			<points>
				<point>553.000000,-2.000000</point>
				<point>526.000000,54.000000</point>
				<point>544.000000,63.000000</point>
				<point>571.000000,6.000000</point>
				<point>553.000000,-2.000000</point>
			</points>
		</object>
		<object>
			<coordinate>pixel</coordinate>
			<type>rectangle</type>
			<description>None</description>
			<possibleresult>
				<name>Intersection</name>
			</possibleresult>
			<points>
				<point>404.000000,962.000000</point>
				<point>406.000000,927.000000</point>
				<point>378.000000,926.000000</point>
				<point>377.000000,960.000000</point>
				<point>404.000000,962.000000</point>
			</points>
		</object>
		<object>
			<coordinate>pixel</coordinate>
			<type>rectangle</type>
			<description>None</description>
			<possibleresult>
				<name>Intersection</name>
			</possibleresult>
			<points>
				<point>249.000000,656.000000</point>
				<point>250.000000,611.000000</point>
				<point>228.000000,611.000000</point>
				<point>227.000000,655.000000</point>
				<point>249.000000,656.000000</point>
			</points>
		</object>
		<object>
			<coordinate>pixel</coordinate>
			<type>rectangle</type>
			<description>None</description>
			<possibleresult>
				<name>Intersection</name>
			</possibleresult>
			<points>
				<point>910.000000,624.000000</point>
				<point>923.000000,593.000000</point>
				<point>897.000000,582.000000</point>
				<point>884.000000,613.000000</point>
				<point>910.000000,624.000000</point>
			</points>
		</object>
		<object>
			<coordinate>pixel</coordinate>
			<type>rectangle</type>
			<description>None</description>
			<possibleresult>
				<name>Intersection</name>
			</possibleresult>
			<points>
				<point>840.000000,781.000000</point>
				<point>847.000000,763.000000</point>
				<point>822.000000,752.000000</point>
				<point>814.000000,770.000000</point>
				<point>840.000000,781.000000</point>
			</points>
		</object>
		<object>
			<coordinate>pixel</coordinate>
			<type>rectangle</type>
			<description>None</description>
			<possibleresult>
				<name>Intersection</name>
			</possibleresult>
			<points>
				<point>696.000000,1102.000000</point>
				<point>706.000000,1078.000000</point>
				<point>680.000000,1067.000000</point>
				<point>670.000000,1091.000000</point>
				<point>696.000000,1102.000000</point>
			</points>
		</object>
		<object>
			<coordinate>pixel</coordinate>
			<type>rectangle</type>
			<description>None</description>
			<possibleresult>
				<name>Basketball Court</name>
			</possibleresult>
			<points>
				<point>55.000000,493.000000</point>
				<point>40.000000,462.000000</point>
				<point>22.000000,471.000000</point>
				<point>38.000000,501.000000</point>
				<point>55.000000,493.000000</point>
			</points>
		</object>
	</objects>
</annotation>