<?xml version="1.0" encoding="utf-8"?>
<annotation>
	<source>
		<filename>480.tif</filename>
		<origin>GF2/GF3</origin>
	</source>
	<research>
		<version>1.0</version>
		<provider>FAIR1M</provider>
		<author>Cyber</author>
		<pluginname>FAIR1M</pluginname>
		<pluginclass>object detection</pluginclass>
		<time>2021-07-21</time>
	</research>
	<size>
		<width>1000</width>
		<height>1000</height>
		<depth>3</depth>
	</size>
	<objects>
		<object>
			<coordinate>pixel</coordinate>
			<type>rectangle</type>
			<description>None</description>
			<possibleresult>
				<name>A220</name>
			</possibleresult>
			<points>
				<point>875.000000,327.000000</point>
				<point>914.000000,388.000000</point>
				<point>973.000000,350.000000</point>
				<point>933.000000,289.000000</point>
				<point>875.000000,327.000000</point>
			</points>
		</object>
		<object>
			<coordinate>pixel</coordinate>
			<type>rectangle</type>
			<description>None</description>
			<possibleresult>
				<name>Boeing737</name>
			</possibleresult>
			<points>
				<point>842.000000,68.000000</point>
				<point>801.000000,3.000000</point>
				<point>740.000000,42.000000</point>
				<point>781.000000,106.000000</point>
				<point>842.000000,68.000000</point>
			</points>
		</object>
	</objects>
</annotation>