<?xml version="1.0" encoding="utf-8"?>
<annotation>
	<source>
		<filename>49.tif</filename>
		<origin>GF2/GF3</origin>
	</source>
	<research>
		<version>1.0</version>
		<provider>FAIR1M</provider>
		<author>Cyber</author>
		<pluginname>FAIR1M</pluginname>
		<pluginclass>object detection</pluginclass>
		<time>2021-07-21</time>
	</research>
	<size>
		<width>3000</width>
		<height>3000</height>
		<depth>3</depth>
	</size>
	<objects>
		<object>
			<coordinate>pixel</coordinate>
			<type>rectangle</type>
			<description>None</description>
			<possibleresult>
				<name>A330</name>
			</possibleresult>
			<points>
				<point>1568.000000,287.000000</point>
				<point>1551.000000,209.000000</point>
				<point>1477.000000,226.000000</point>
				<point>1494.000000,304.000000</point>
				<point>1568.000000,287.000000</point>
			</points>
		</object>
		<object>
			<coordinate>pixel</coordinate>
			<type>rectangle</type>
			<description>None</description>
			<possibleresult>
				<name>A220</name>
			</possibleresult>
			<points>
				<point>1663.000000,750.000000</point>
				<point>1652.000000,701.000000</point>
				<point>1607.000000,712.000000</point>
				<point>1619.000000,760.000000</point>
				<point>1663.000000,750.000000</point>
			</points>
		</object>
		<object>
			<coordinate>pixel</coordinate>
			<type>rectangle</type>
			<description>None</description>
			<possibleresult>
				<name>A330</name>
			</possibleresult>
			<points>
				<point>1812.000000,1316.000000</point>
				<point>1793.000000,1241.000000</point>
				<point>1718.000000,1260.000000</point>
				<point>1737.000000,1335.000000</point>
				<point>1812.000000,1316.000000</point>
			</points>
		</object>
		<object>
			<coordinate>pixel</coordinate>
			<type>rectangle</type>
			<description>None</description>
			<possibleresult>
				<name>Boeing787</name>
			</possibleresult>
			<points>
				<point>1857.000000,1524.000000</point>
				<point>1840.000000,1445.000000</point>
				<point>1766.000000,1462.000000</point>
				<point>1784.000000,1540.000000</point>
				<point>1857.000000,1524.000000</point>
			</points>
		</object>
		<object>
			<coordinate>pixel</coordinate>
			<type>rectangle</type>
			<description>None</description>
			<possibleresult>
				<name>ARJ21</name>
			</possibleresult>
			<points>
				<point>1875.000000,1678.000000</point>
				<point>1864.000000,1632.000000</point>
				<point>1828.000000,1641.000000</point>
				<point>1839.000000,1687.000000</point>
				<point>1875.000000,1678.000000</point>
			</points>
		</object>
		<object>
			<coordinate>pixel</coordinate>
			<type>rectangle</type>
			<description>None</description>
			<possibleresult>
				<name>Boeing787</name>
			</possibleresult>
			<points>
				<point>1984.000000,1854.000000</point>
				<point>1911.000000,1850.000000</point>
				<point>1907.000000,1927.000000</point>
				<point>1981.000000,1930.000000</point>
				<point>1984.000000,1854.000000</point>
			</points>
		</object>
		<object>
			<coordinate>pixel</coordinate>
			<type>rectangle</type>
			<description>None</description>
			<possibleresult>
				<name>Boeing737</name>
			</possibleresult>
			<points>
				<point>2847.000000,162.000000</point>
				<point>2882.000000,197.000000</point>
				<point>2914.000000,164.000000</point>
				<point>2878.000000,129.000000</point>
				<point>2847.000000,162.000000</point>
			</points>
		</object>
	</objects>
</annotation>