<?xml version="1.0" encoding="utf-8"?>
<annotation>
	<source>
		<filename>498.tif</filename>
		<origin>GF2/GF3</origin>
	</source>
	<research>
		<version>1.0</version>
		<provider>FAIR1M</provider>
		<author>Cyber</author>
		<pluginname>FAIR1M</pluginname>
		<pluginclass>object detection</pluginclass>
		<time>2021-07-21</time>
	</research>
	<size>
		<width>1500</width>
		<height>1500</height>
		<depth>3</depth>
	</size>
	<objects>
		<object>
			<coordinate>pixel</coordinate>
			<type>rectangle</type>
			<description>None</description>
			<possibleresult>
				<name>Dry Cargo Ship</name>
			</possibleresult>
			<points>
				<point>159.000000,530.000000</point>
				<point>97.000000,527.000000</point>
				<point>96.000000,541.000000</point>
				<point>158.000000,544.000000</point>
				<point>159.000000,530.000000</point>
			</points>
		</object>
		<object>
			<coordinate>pixel</coordinate>
			<type>rectangle</type>
			<description>None</description>
			<possibleresult>
				<name>Dry Cargo Ship</name>
			</possibleresult>
			<points>
				<point>732.000000,570.000000</point>
				<point>668.000000,540.000000</point>
				<point>660.000000,558.000000</point>
				<point>724.000000,588.000000</point>
				<point>732.000000,570.000000</point>
			</points>
		</object>
		<object>
			<coordinate>pixel</coordinate>
			<type>rectangle</type>
			<description>None</description>
			<possibleresult>
				<name>Engineering Ship</name>
			</possibleresult>
			<points>
				<point>697.000000,579.000000</point>
				<point>648.000000,553.000000</point>
				<point>638.000000,571.000000</point>
				<point>687.000000,597.000000</point>
				<point>697.000000,579.000000</point>
			</points>
		</object>
		<object>
			<coordinate>pixel</coordinate>
			<type>rectangle</type>
			<description>None</description>
			<possibleresult>
				<name>Tugboat</name>
			</possibleresult>
			<points>
				<point>659.000000,544.000000</point>
				<point>638.000000,532.000000</point>
				<point>633.000000,540.000000</point>
				<point>655.000000,552.000000</point>
				<point>659.000000,544.000000</point>
			</points>
		</object>
		<object>
			<coordinate>pixel</coordinate>
			<type>rectangle</type>
			<description>None</description>
			<possibleresult>
				<name>Motorboat</name>
			</possibleresult>
			<points>
				<point>651.000000,577.000000</point>
				<point>631.000000,566.000000</point>
				<point>628.000000,572.000000</point>
				<point>647.000000,583.000000</point>
				<point>651.000000,577.000000</point>
			</points>
		</object>
		<object>
			<coordinate>pixel</coordinate>
			<type>rectangle</type>
			<description>None</description>
			<possibleresult>
				<name>Roundabout</name>
			</possibleresult>
			<points>
				<point>1493.000000,1064.000000</point>
				<point>1497.000000,745.000000</point>
				<point>1247.000000,737.000000</point>
				<point>1244.000000,1056.000000</point>
				<point>1493.000000,1064.000000</point>
			</points>
		</object>
	</objects>
</annotation>