<?xml version="1.0" encoding="utf-8"?>
<annotation>
	<source>
		<filename>506.tif</filename>
		<origin>GF2/GF3</origin>
	</source>
	<research>
		<version>1.0</version>
		<provider>FAIR1M</provider>
		<author>Cyber</author>
		<pluginname>FAIR1M</pluginname>
		<pluginclass>object detection</pluginclass>
		<time>2021-07-21</time>
	</research>
	<size>
		<width>1500</width>
		<height>1500</height>
		<depth>3</depth>
	</size>
	<objects>
		<object>
			<coordinate>pixel</coordinate>
			<type>rectangle</type>
			<description>None</description>
			<possibleresult>
				<name>Dry Cargo Ship</name>
			</possibleresult>
			<points>
				<point>217.000000,329.000000</point>
				<point>160.000000,494.000000</point>
				<point>185.000000,503.000000</point>
				<point>242.000000,338.000000</point>
				<point>217.000000,329.000000</point>
			</points>
		</object>
		<object>
			<coordinate>pixel</coordinate>
			<type>rectangle</type>
			<description>None</description>
			<possibleresult>
				<name>Dry Cargo Ship</name>
			</possibleresult>
			<points>
				<point>193.000000,477.000000</point>
				<point>187.000000,520.000000</point>
				<point>195.000000,521.000000</point>
				<point>201.000000,478.000000</point>
				<point>193.000000,477.000000</point>
			</points>
		</object>
		<object>
			<coordinate>pixel</coordinate>
			<type>rectangle</type>
			<description>None</description>
			<possibleresult>
				<name>Tugboat</name>
			</possibleresult>
			<points>
				<point>460.000000,856.000000</point>
				<point>498.000000,859.000000</point>
				<point>499.000000,843.000000</point>
				<point>461.000000,840.000000</point>
				<point>460.000000,856.000000</point>
			</points>
		</object>
		<object>
			<coordinate>pixel</coordinate>
			<type>rectangle</type>
			<description>None</description>
			<possibleresult>
				<name>Engineering Ship</name>
			</possibleresult>
			<points>
				<point>1370.000000,1320.000000</point>
				<point>1391.000000,1325.000000</point>
				<point>1393.000000,1313.000000</point>
				<point>1373.000000,1308.000000</point>
				<point>1370.000000,1320.000000</point>
			</points>
		</object>
		<object>
			<coordinate>pixel</coordinate>
			<type>rectangle</type>
			<description>None</description>
			<possibleresult>
				<name>other-ship</name>
			</possibleresult>
			<points>
				<point>188.000000,390.000000</point>
				<point>176.000000,415.000000</point>
				<point>182.000000,417.000000</point>
				<point>194.000000,393.000000</point>
				<point>188.000000,390.000000</point>
			</points>
		</object>
	</objects>
</annotation>