<?xml version="1.0" encoding="utf-8"?>
<annotation>
	<source>
		<filename>524.tif</filename>
		<origin>GF2/GF3</origin>
	</source>
	<research>
		<version>1.0</version>
		<provider>FAIR1M</provider>
		<author>Cyber</author>
		<pluginname>FAIR1M</pluginname>
		<pluginclass>object detection</pluginclass>
		<time>2021-07-21</time>
	</research>
	<size>
		<width>3000</width>
		<height>3000</height>
		<depth>3</depth>
	</size>
	<objects>
		<object>
			<coordinate>pixel</coordinate>
			<type>rectangle</type>
			<description>None</description>
			<possibleresult>
				<name>other-airplane</name>
			</possibleresult>
			<points>
				<point>131.000000,1154.000000</point>
				<point>58.000000,1170.000000</point>
				<point>71.000000,1235.000000</point>
				<point>145.000000,1220.000000</point>
				<point>131.000000,1154.000000</point>
			</points>
		</object>
		<object>
			<coordinate>pixel</coordinate>
			<type>rectangle</type>
			<description>None</description>
			<possibleresult>
				<name>other-airplane</name>
			</possibleresult>
			<points>
				<point>159.000000,1334.000000</point>
				<point>88.000000,1349.000000</point>
				<point>104.000000,1424.000000</point>
				<point>175.000000,1409.000000</point>
				<point>159.000000,1334.000000</point>
			</points>
		</object>
		<object>
			<coordinate>pixel</coordinate>
			<type>rectangle</type>
			<description>None</description>
			<possibleresult>
				<name>other-airplane</name>
			</possibleresult>
			<points>
				<point>368.000000,1320.000000</point>
				<point>280.000000,1305.000000</point>
				<point>266.000000,1386.000000</point>
				<point>355.000000,1400.000000</point>
				<point>368.000000,1320.000000</point>
			</points>
		</object>
		<object>
			<coordinate>pixel</coordinate>
			<type>rectangle</type>
			<description>None</description>
			<possibleresult>
				<name>A220</name>
			</possibleresult>
			<points>
				<point>566.000000,1175.000000</point>
				<point>523.000000,1154.000000</point>
				<point>501.000000,1195.000000</point>
				<point>545.000000,1216.000000</point>
				<point>566.000000,1175.000000</point>
			</points>
		</object>
		<object>
			<coordinate>pixel</coordinate>
			<type>rectangle</type>
			<description>None</description>
			<possibleresult>
				<name>Boeing747</name>
			</possibleresult>
			<points>
				<point>680.000000,1249.000000</point>
				<point>598.000000,1298.000000</point>
				<point>649.000000,1385.000000</point>
				<point>731.000000,1336.000000</point>
				<point>680.000000,1249.000000</point>
			</points>
		</object>
		<object>
			<coordinate>pixel</coordinate>
			<type>rectangle</type>
			<description>None</description>
			<possibleresult>
				<name>other-airplane</name>
			</possibleresult>
			<points>
				<point>1045.000000,1484.000000</point>
				<point>1011.000000,1479.000000</point>
				<point>1006.000000,1515.000000</point>
				<point>1040.000000,1520.000000</point>
				<point>1045.000000,1484.000000</point>
			</points>
		</object>
		<object>
			<coordinate>pixel</coordinate>
			<type>rectangle</type>
			<description>None</description>
			<possibleresult>
				<name>other-airplane</name>
			</possibleresult>
			<points>
				<point>1040.000000,1596.000000</point>
				<point>1020.000000,1576.000000</point>
				<point>995.000000,1601.000000</point>
				<point>1016.000000,1621.000000</point>
				<point>1040.000000,1596.000000</point>
			</points>
		</object>
		<object>
			<coordinate>pixel</coordinate>
			<type>rectangle</type>
			<description>None</description>
			<possibleresult>
				<name>other-airplane</name>
			</possibleresult>
			<points>
				<point>1035.000000,1755.000000</point>
				<point>1040.000000,1785.000000</point>
				<point>1075.000000,1779.000000</point>
				<point>1070.000000,1750.000000</point>
				<point>1035.000000,1755.000000</point>
			</points>
		</object>
		<object>
			<coordinate>pixel</coordinate>
			<type>rectangle</type>
			<description>None</description>
			<possibleresult>
				<name>A220</name>
			</possibleresult>
			<points>
				<point>588.000000,1834.000000</point>
				<point>595.000000,1785.000000</point>
				<point>550.000000,1780.000000</point>
				<point>543.000000,1826.000000</point>
				<point>588.000000,1834.000000</point>
			</points>
		</object>
		<object>
			<coordinate>pixel</coordinate>
			<type>rectangle</type>
			<description>None</description>
			<possibleresult>
				<name>Boeing787</name>
			</possibleresult>
			<points>
				<point>666.000000,1851.000000</point>
				<point>678.000000,1780.000000</point>
				<point>603.000000,1770.000000</point>
				<point>593.000000,1840.000000</point>
				<point>666.000000,1851.000000</point>
			</points>
		</object>
		<object>
			<coordinate>pixel</coordinate>
			<type>rectangle</type>
			<description>None</description>
			<possibleresult>
				<name>A220</name>
			</possibleresult>
			<points>
				<point>719.000000,1854.000000</point>
				<point>725.000000,1804.000000</point>
				<point>681.000000,1798.000000</point>
				<point>675.000000,1848.000000</point>
				<point>719.000000,1854.000000</point>
			</points>
		</object>
		<object>
			<coordinate>pixel</coordinate>
			<type>rectangle</type>
			<description>None</description>
			<possibleresult>
				<name>A220</name>
			</possibleresult>
			<points>
				<point>781.000000,1860.000000</point>
				<point>786.000000,1813.000000</point>
				<point>743.000000,1808.000000</point>
				<point>738.000000,1855.000000</point>
				<point>781.000000,1860.000000</point>
			</points>
		</object>
		<object>
			<coordinate>pixel</coordinate>
			<type>rectangle</type>
			<description>None</description>
			<possibleresult>
				<name>A220</name>
			</possibleresult>
			<points>
				<point>836.000000,1868.000000</point>
				<point>843.000000,1820.000000</point>
				<point>800.000000,1815.000000</point>
				<point>795.000000,1861.000000</point>
				<point>836.000000,1868.000000</point>
			</points>
		</object>
		<object>
			<coordinate>pixel</coordinate>
			<type>rectangle</type>
			<description>None</description>
			<possibleresult>
				<name>other-airplane</name>
			</possibleresult>
			<points>
				<point>334.000000,1754.000000</point>
				<point>370.000000,1759.000000</point>
				<point>375.000000,1716.000000</point>
				<point>340.000000,1711.000000</point>
				<point>334.000000,1754.000000</point>
			</points>
		</object>
		<object>
			<coordinate>pixel</coordinate>
			<type>rectangle</type>
			<description>None</description>
			<possibleresult>
				<name>Boeing787</name>
			</possibleresult>
			<points>
				<point>351.000000,1799.000000</point>
				<point>283.000000,1771.000000</point>
				<point>255.000000,1841.000000</point>
				<point>324.000000,1869.000000</point>
				<point>351.000000,1799.000000</point>
			</points>
		</object>
		<object>
			<coordinate>pixel</coordinate>
			<type>rectangle</type>
			<description>None</description>
			<possibleresult>
				<name>ARJ21</name>
			</possibleresult>
			<points>
				<point>364.000000,1888.000000</point>
				<point>319.000000,1905.000000</point>
				<point>334.000000,1940.000000</point>
				<point>378.000000,1923.000000</point>
				<point>364.000000,1888.000000</point>
			</points>
		</object>
		<object>
			<coordinate>pixel</coordinate>
			<type>rectangle</type>
			<description>None</description>
			<possibleresult>
				<name>Boeing737</name>
			</possibleresult>
			<points>
				<point>335.000000,1854.000000</point>
				<point>283.000000,1856.000000</point>
				<point>285.000000,1900.000000</point>
				<point>336.000000,1898.000000</point>
				<point>335.000000,1854.000000</point>
			</points>
		</object>
		<object>
			<coordinate>pixel</coordinate>
			<type>rectangle</type>
			<description>None</description>
			<possibleresult>
				<name>other-airplane</name>
			</possibleresult>
			<points>
				<point>463.000000,2136.000000</point>
				<point>485.000000,2105.000000</point>
				<point>453.000000,2080.000000</point>
				<point>430.000000,2114.000000</point>
				<point>463.000000,2136.000000</point>
			</points>
		</object>
		<object>
			<coordinate>pixel</coordinate>
			<type>rectangle</type>
			<description>None</description>
			<possibleresult>
				<name>other-airplane</name>
			</possibleresult>
			<points>
				<point>426.000000,2150.000000</point>
				<point>381.000000,2144.000000</point>
				<point>375.000000,2185.000000</point>
				<point>420.000000,2193.000000</point>
				<point>426.000000,2150.000000</point>
			</points>
		</object>
		<object>
			<coordinate>pixel</coordinate>
			<type>rectangle</type>
			<description>None</description>
			<possibleresult>
				<name>other-airplane</name>
			</possibleresult>
			<points>
				<point>415.000000,2221.000000</point>
				<point>371.000000,2215.000000</point>
				<point>365.000000,2260.000000</point>
				<point>409.000000,2265.000000</point>
				<point>415.000000,2221.000000</point>
			</points>
		</object>
		<object>
			<coordinate>pixel</coordinate>
			<type>rectangle</type>
			<description>None</description>
			<possibleresult>
				<name>other-airplane</name>
			</possibleresult>
			<points>
				<point>406.000000,2293.000000</point>
				<point>363.000000,2289.000000</point>
				<point>359.000000,2333.000000</point>
				<point>403.000000,2336.000000</point>
				<point>406.000000,2293.000000</point>
			</points>
		</object>
		<object>
			<coordinate>pixel</coordinate>
			<type>rectangle</type>
			<description>None</description>
			<possibleresult>
				<name>other-airplane</name>
			</possibleresult>
			<points>
				<point>400.000000,2355.000000</point>
				<point>356.000000,2350.000000</point>
				<point>353.000000,2394.000000</point>
				<point>395.000000,2399.000000</point>
				<point>400.000000,2355.000000</point>
			</points>
		</object>
		<object>
			<coordinate>pixel</coordinate>
			<type>rectangle</type>
			<description>None</description>
			<possibleresult>
				<name>other-airplane</name>
			</possibleresult>
			<points>
				<point>454.000000,2341.000000</point>
				<point>496.000000,2348.000000</point>
				<point>501.000000,2309.000000</point>
				<point>460.000000,2303.000000</point>
				<point>454.000000,2341.000000</point>
			</points>
		</object>
		<object>
			<coordinate>pixel</coordinate>
			<type>rectangle</type>
			<description>None</description>
			<possibleresult>
				<name>other-airplane</name>
			</possibleresult>
			<points>
				<point>460.000000,2294.000000</point>
				<point>505.000000,2300.000000</point>
				<point>511.000000,2254.000000</point>
				<point>468.000000,2248.000000</point>
				<point>460.000000,2294.000000</point>
			</points>
		</object>
		<object>
			<coordinate>pixel</coordinate>
			<type>rectangle</type>
			<description>None</description>
			<possibleresult>
				<name>other-airplane</name>
			</possibleresult>
			<points>
				<point>650.000000,2251.000000</point>
				<point>628.000000,2226.000000</point>
				<point>601.000000,2250.000000</point>
				<point>625.000000,2275.000000</point>
				<point>650.000000,2251.000000</point>
			</points>
		</object>
		<object>
			<coordinate>pixel</coordinate>
			<type>rectangle</type>
			<description>None</description>
			<possibleresult>
				<name>other-airplane</name>
			</possibleresult>
			<points>
				<point>756.000000,2276.000000</point>
				<point>796.000000,2280.000000</point>
				<point>801.000000,2241.000000</point>
				<point>760.000000,2236.000000</point>
				<point>756.000000,2276.000000</point>
			</points>
		</object>
		<object>
			<coordinate>pixel</coordinate>
			<type>rectangle</type>
			<description>None</description>
			<possibleresult>
				<name>A220</name>
			</possibleresult>
			<points>
				<point>718.000000,2385.000000</point>
				<point>764.000000,2390.000000</point>
				<point>768.000000,2346.000000</point>
				<point>723.000000,2343.000000</point>
				<point>718.000000,2385.000000</point>
			</points>
		</object>
		<object>
			<coordinate>pixel</coordinate>
			<type>rectangle</type>
			<description>None</description>
			<possibleresult>
				<name>A220</name>
			</possibleresult>
			<points>
				<point>431.000000,2440.000000</point>
				<point>470.000000,2465.000000</point>
				<point>494.000000,2429.000000</point>
				<point>455.000000,2404.000000</point>
				<point>431.000000,2440.000000</point>
			</points>
		</object>
		<object>
			<coordinate>pixel</coordinate>
			<type>rectangle</type>
			<description>None</description>
			<possibleresult>
				<name>Boeing737</name>
			</possibleresult>
			<points>
				<point>545.000000,2538.000000</point>
				<point>554.000000,2489.000000</point>
				<point>508.000000,2481.000000</point>
				<point>500.000000,2530.000000</point>
				<point>545.000000,2538.000000</point>
			</points>
		</object>
		<object>
			<coordinate>pixel</coordinate>
			<type>rectangle</type>
			<description>None</description>
			<possibleresult>
				<name>other-airplane</name>
			</possibleresult>
			<points>
				<point>710.000000,2500.000000</point>
				<point>760.000000,2505.000000</point>
				<point>765.000000,2459.000000</point>
				<point>715.000000,2453.000000</point>
				<point>710.000000,2500.000000</point>
			</points>
		</object>
		<object>
			<coordinate>pixel</coordinate>
			<type>rectangle</type>
			<description>None</description>
			<possibleresult>
				<name>other-airplane</name>
			</possibleresult>
			<points>
				<point>654.000000,2569.000000</point>
				<point>611.000000,2595.000000</point>
				<point>639.000000,2636.000000</point>
				<point>680.000000,2610.000000</point>
				<point>654.000000,2569.000000</point>
			</points>
		</object>
		<object>
			<coordinate>pixel</coordinate>
			<type>rectangle</type>
			<description>None</description>
			<possibleresult>
				<name>other-airplane</name>
			</possibleresult>
			<points>
				<point>866.000000,2435.000000</point>
				<point>890.000000,2429.000000</point>
				<point>881.000000,2400.000000</point>
				<point>858.000000,2408.000000</point>
				<point>866.000000,2435.000000</point>
			</points>
		</object>
		<object>
			<coordinate>pixel</coordinate>
			<type>rectangle</type>
			<description>None</description>
			<possibleresult>
				<name>other-airplane</name>
			</possibleresult>
			<points>
				<point>953.000000,2480.000000</point>
				<point>969.000000,2463.000000</point>
				<point>946.000000,2443.000000</point>
				<point>930.000000,2460.000000</point>
				<point>953.000000,2480.000000</point>
			</points>
		</object>
		<object>
			<coordinate>pixel</coordinate>
			<type>rectangle</type>
			<description>None</description>
			<possibleresult>
				<name>other-airplane</name>
			</possibleresult>
			<points>
				<point>948.000000,2529.000000</point>
				<point>964.000000,2510.000000</point>
				<point>943.000000,2491.000000</point>
				<point>926.000000,2510.000000</point>
				<point>948.000000,2529.000000</point>
			</points>
		</object>
		<object>
			<coordinate>pixel</coordinate>
			<type>rectangle</type>
			<description>None</description>
			<possibleresult>
				<name>other-airplane</name>
			</possibleresult>
			<points>
				<point>1050.000000,2415.000000</point>
				<point>1038.000000,2395.000000</point>
				<point>1015.000000,2409.000000</point>
				<point>1028.000000,2429.000000</point>
				<point>1050.000000,2415.000000</point>
			</points>
		</object>
		<object>
			<coordinate>pixel</coordinate>
			<type>rectangle</type>
			<description>None</description>
			<possibleresult>
				<name>other-airplane</name>
			</possibleresult>
			<points>
				<point>1235.000000,2408.000000</point>
				<point>1211.000000,2410.000000</point>
				<point>1215.000000,2441.000000</point>
				<point>1240.000000,2438.000000</point>
				<point>1235.000000,2408.000000</point>
			</points>
		</object>
		<object>
			<coordinate>pixel</coordinate>
			<type>rectangle</type>
			<description>None</description>
			<possibleresult>
				<name>other-airplane</name>
			</possibleresult>
			<points>
				<point>1274.000000,2445.000000</point>
				<point>1290.000000,2425.000000</point>
				<point>1265.000000,2405.000000</point>
				<point>1250.000000,2425.000000</point>
				<point>1274.000000,2445.000000</point>
			</points>
		</object>
		<object>
			<coordinate>pixel</coordinate>
			<type>rectangle</type>
			<description>None</description>
			<possibleresult>
				<name>other-airplane</name>
			</possibleresult>
			<points>
				<point>1345.000000,2314.000000</point>
				<point>1350.000000,2338.000000</point>
				<point>1380.000000,2330.000000</point>
				<point>1374.000000,2306.000000</point>
				<point>1345.000000,2314.000000</point>
			</points>
		</object>
		<object>
			<coordinate>pixel</coordinate>
			<type>rectangle</type>
			<description>None</description>
			<possibleresult>
				<name>other-airplane</name>
			</possibleresult>
			<points>
				<point>1491.000000,2320.000000</point>
				<point>1494.000000,2345.000000</point>
				<point>1524.000000,2344.000000</point>
				<point>1521.000000,2318.000000</point>
				<point>1491.000000,2320.000000</point>
			</points>
		</object>
		<object>
			<coordinate>pixel</coordinate>
			<type>rectangle</type>
			<description>None</description>
			<possibleresult>
				<name>other-airplane</name>
			</possibleresult>
			<points>
				<point>1660.000000,2320.000000</point>
				<point>1683.000000,2311.000000</point>
				<point>1671.000000,2285.000000</point>
				<point>1650.000000,2295.000000</point>
				<point>1660.000000,2320.000000</point>
			</points>
		</object>
		<object>
			<coordinate>pixel</coordinate>
			<type>rectangle</type>
			<description>None</description>
			<possibleresult>
				<name>other-airplane</name>
			</possibleresult>
			<points>
				<point>1665.000000,2261.000000</point>
				<point>1681.000000,2279.000000</point>
				<point>1701.000000,2258.000000</point>
				<point>1684.000000,2241.000000</point>
				<point>1665.000000,2261.000000</point>
			</points>
		</object>
		<object>
			<coordinate>pixel</coordinate>
			<type>rectangle</type>
			<description>None</description>
			<possibleresult>
				<name>other-airplane</name>
			</possibleresult>
			<points>
				<point>1631.000000,2120.000000</point>
				<point>1628.000000,2096.000000</point>
				<point>1601.000000,2100.000000</point>
				<point>1605.000000,2125.000000</point>
				<point>1631.000000,2120.000000</point>
			</points>
		</object>
		<object>
			<coordinate>pixel</coordinate>
			<type>rectangle</type>
			<description>None</description>
			<possibleresult>
				<name>other-airplane</name>
			</possibleresult>
			<points>
				<point>1833.000000,2081.000000</point>
				<point>1799.000000,2075.000000</point>
				<point>1794.000000,2103.000000</point>
				<point>1829.000000,2109.000000</point>
				<point>1833.000000,2081.000000</point>
			</points>
		</object>
		<object>
			<coordinate>pixel</coordinate>
			<type>rectangle</type>
			<description>None</description>
			<possibleresult>
				<name>other-airplane</name>
			</possibleresult>
			<points>
				<point>1789.000000,2169.000000</point>
				<point>1791.000000,2195.000000</point>
				<point>1820.000000,2191.000000</point>
				<point>1816.000000,2166.000000</point>
				<point>1789.000000,2169.000000</point>
			</points>
		</object>
		<object>
			<coordinate>pixel</coordinate>
			<type>rectangle</type>
			<description>None</description>
			<possibleresult>
				<name>other-airplane</name>
			</possibleresult>
			<points>
				<point>1810.000000,2201.000000</point>
				<point>1779.000000,2195.000000</point>
				<point>1774.000000,2223.000000</point>
				<point>1805.000000,2229.000000</point>
				<point>1810.000000,2201.000000</point>
			</points>
		</object>
		<object>
			<coordinate>pixel</coordinate>
			<type>rectangle</type>
			<description>None</description>
			<possibleresult>
				<name>other-airplane</name>
			</possibleresult>
			<points>
				<point>1828.000000,2180.000000</point>
				<point>1803.000000,2209.000000</point>
				<point>1831.000000,2233.000000</point>
				<point>1855.000000,2204.000000</point>
				<point>1828.000000,2180.000000</point>
			</points>
		</object>
		<object>
			<coordinate>pixel</coordinate>
			<type>rectangle</type>
			<description>None</description>
			<possibleresult>
				<name>other-airplane</name>
			</possibleresult>
			<points>
				<point>1843.000000,2180.000000</point>
				<point>1841.000000,2209.000000</point>
				<point>1869.000000,2209.000000</point>
				<point>1869.000000,2180.000000</point>
				<point>1843.000000,2180.000000</point>
			</points>
		</object>
		<object>
			<coordinate>pixel</coordinate>
			<type>rectangle</type>
			<description>None</description>
			<possibleresult>
				<name>other-airplane</name>
			</possibleresult>
			<points>
				<point>1868.000000,2176.000000</point>
				<point>1871.000000,2205.000000</point>
				<point>1898.000000,2201.000000</point>
				<point>1894.000000,2173.000000</point>
				<point>1868.000000,2176.000000</point>
			</points>
		</object>
		<object>
			<coordinate>pixel</coordinate>
			<type>rectangle</type>
			<description>None</description>
			<possibleresult>
				<name>other-airplane</name>
			</possibleresult>
			<points>
				<point>1890.000000,2175.000000</point>
				<point>1913.000000,2200.000000</point>
				<point>1935.000000,2180.000000</point>
				<point>1914.000000,2155.000000</point>
				<point>1890.000000,2175.000000</point>
			</points>
		</object>
		<object>
			<coordinate>pixel</coordinate>
			<type>rectangle</type>
			<description>None</description>
			<possibleresult>
				<name>other-airplane</name>
			</possibleresult>
			<points>
				<point>1925.000000,2150.000000</point>
				<point>1946.000000,2180.000000</point>
				<point>1978.000000,2160.000000</point>
				<point>1956.000000,2129.000000</point>
				<point>1925.000000,2150.000000</point>
			</points>
		</object>
		<object>
			<coordinate>pixel</coordinate>
			<type>rectangle</type>
			<description>None</description>
			<possibleresult>
				<name>other-airplane</name>
			</possibleresult>
			<points>
				<point>1906.000000,2163.000000</point>
				<point>1940.000000,2145.000000</point>
				<point>1924.000000,2113.000000</point>
				<point>1890.000000,2130.000000</point>
				<point>1906.000000,2163.000000</point>
			</points>
		</object>
		<object>
			<coordinate>pixel</coordinate>
			<type>rectangle</type>
			<description>None</description>
			<possibleresult>
				<name>other-airplane</name>
			</possibleresult>
			<points>
				<point>296.000000,2899.000000</point>
				<point>305.000000,2931.000000</point>
				<point>339.000000,2924.000000</point>
				<point>330.000000,2890.000000</point>
				<point>296.000000,2899.000000</point>
			</points>
		</object>
		<object>
			<coordinate>pixel</coordinate>
			<type>rectangle</type>
			<description>None</description>
			<possibleresult>
				<name>A220</name>
			</possibleresult>
			<points>
				<point>810.000000,2924.000000</point>
				<point>765.000000,2938.000000</point>
				<point>780.000000,2980.000000</point>
				<point>824.000000,2966.000000</point>
				<point>810.000000,2924.000000</point>
			</points>
		</object>
		<object>
			<coordinate>pixel</coordinate>
			<type>rectangle</type>
			<description>None</description>
			<possibleresult>
				<name>Bridge</name>
			</possibleresult>
			<points>
				<point>89.000000,923.000000</point>
				<point>29.000000,876.000000</point>
				<point>19.000000,889.000000</point>
				<point>79.000000,936.000000</point>
				<point>89.000000,923.000000</point>
			</points>
		</object>
		<object>
			<coordinate>pixel</coordinate>
			<type>rectangle</type>
			<description>None</description>
			<possibleresult>
				<name>Intersection</name>
			</possibleresult>
			<points>
				<point>1170.000000,752.000000</point>
				<point>1173.000000,733.000000</point>
				<point>1150.000000,730.000000</point>
				<point>1147.000000,748.000000</point>
				<point>1170.000000,752.000000</point>
			</points>
		</object>
		<object>
			<coordinate>pixel</coordinate>
			<type>rectangle</type>
			<description>None</description>
			<possibleresult>
				<name>Intersection</name>
			</possibleresult>
			<points>
				<point>1555.000000,811.000000</point>
				<point>1556.000000,784.000000</point>
				<point>1527.000000,782.000000</point>
				<point>1525.000000,809.000000</point>
				<point>1555.000000,811.000000</point>
			</points>
		</object>
		<object>
			<coordinate>pixel</coordinate>
			<type>rectangle</type>
			<description>None</description>
			<possibleresult>
				<name>Intersection</name>
			</possibleresult>
			<points>
				<point>1887.000000,870.000000</point>
				<point>1898.000000,852.000000</point>
				<point>1882.000000,841.000000</point>
				<point>1871.000000,859.000000</point>
				<point>1887.000000,870.000000</point>
			</points>
		</object>
		<object>
			<coordinate>pixel</coordinate>
			<type>rectangle</type>
			<description>None</description>
			<possibleresult>
				<name>Intersection</name>
			</possibleresult>
			<points>
				<point>2312.000000,927.000000</point>
				<point>2315.000000,906.000000</point>
				<point>2295.000000,903.000000</point>
				<point>2293.000000,924.000000</point>
				<point>2312.000000,927.000000</point>
			</points>
		</object>
		<object>
			<coordinate>pixel</coordinate>
			<type>rectangle</type>
			<description>None</description>
			<possibleresult>
				<name>Intersection</name>
			</possibleresult>
			<points>
				<point>2517.000000,958.000000</point>
				<point>2520.000000,938.000000</point>
				<point>2496.000000,933.000000</point>
				<point>2493.000000,954.000000</point>
				<point>2517.000000,958.000000</point>
			</points>
		</object>
		<object>
			<coordinate>pixel</coordinate>
			<type>rectangle</type>
			<description>None</description>
			<possibleresult>
				<name>Intersection</name>
			</possibleresult>
			<points>
				<point>2827.000000,1000.000000</point>
				<point>2830.000000,985.000000</point>
				<point>2811.000000,981.000000</point>
				<point>2809.000000,997.000000</point>
				<point>2827.000000,1000.000000</point>
			</points>
		</object>
		<object>
			<coordinate>pixel</coordinate>
			<type>rectangle</type>
			<description>None</description>
			<possibleresult>
				<name>Intersection</name>
			</possibleresult>
			<points>
				<point>2929.000000,1015.000000</point>
				<point>2931.000000,999.000000</point>
				<point>2912.000000,996.000000</point>
				<point>2910.000000,1011.000000</point>
				<point>2929.000000,1015.000000</point>
			</points>
		</object>
		<object>
			<coordinate>pixel</coordinate>
			<type>rectangle</type>
			<description>None</description>
			<possibleresult>
				<name>Intersection</name>
			</possibleresult>
			<points>
				<point>2431.000000,1532.000000</point>
				<point>2434.000000,1511.000000</point>
				<point>2410.000000,1507.000000</point>
				<point>2407.000000,1527.000000</point>
				<point>2431.000000,1532.000000</point>
			</points>
		</object>
		<object>
			<coordinate>pixel</coordinate>
			<type>rectangle</type>
			<description>None</description>
			<possibleresult>
				<name>Intersection</name>
			</possibleresult>
			<points>
				<point>2509.000000,1901.000000</point>
				<point>2512.000000,1880.000000</point>
				<point>2488.000000,1876.000000</point>
				<point>2485.000000,1896.000000</point>
				<point>2509.000000,1901.000000</point>
			</points>
		</object>
		<object>
			<coordinate>pixel</coordinate>
			<type>rectangle</type>
			<description>None</description>
			<possibleresult>
				<name>Intersection</name>
			</possibleresult>
			<points>
				<point>2633.000000,1919.000000</point>
				<point>2636.000000,1898.000000</point>
				<point>2612.000000,1894.000000</point>
				<point>2609.000000,1914.000000</point>
				<point>2633.000000,1919.000000</point>
			</points>
		</object>
		<object>
			<coordinate>pixel</coordinate>
			<type>rectangle</type>
			<description>None</description>
			<possibleresult>
				<name>Intersection</name>
			</possibleresult>
			<points>
				<point>2752.000000,1936.000000</point>
				<point>2754.000000,1918.000000</point>
				<point>2734.000000,1915.000000</point>
				<point>2732.000000,1932.000000</point>
				<point>2752.000000,1936.000000</point>
			</points>
		</object>
		<object>
			<coordinate>pixel</coordinate>
			<type>rectangle</type>
			<description>None</description>
			<possibleresult>
				<name>Intersection</name>
			</possibleresult>
			<points>
				<point>2877.000000,1952.000000</point>
				<point>2879.000000,1934.000000</point>
				<point>2859.000000,1931.000000</point>
				<point>2857.000000,1947.000000</point>
				<point>2877.000000,1952.000000</point>
			</points>
		</object>
		<object>
			<coordinate>pixel</coordinate>
			<type>rectangle</type>
			<description>None</description>
			<possibleresult>
				<name>Intersection</name>
			</possibleresult>
			<points>
				<point>2149.000000,2108.000000</point>
				<point>2139.000000,2087.000000</point>
				<point>2115.000000,2098.000000</point>
				<point>2125.000000,2119.000000</point>
				<point>2149.000000,2108.000000</point>
			</points>
		</object>
		<object>
			<coordinate>pixel</coordinate>
			<type>rectangle</type>
			<description>None</description>
			<possibleresult>
				<name>Intersection</name>
			</possibleresult>
			<points>
				<point>2727.000000,2151.000000</point>
				<point>2728.000000,2132.000000</point>
				<point>2707.000000,2132.000000</point>
				<point>2707.000000,2149.000000</point>
				<point>2727.000000,2151.000000</point>
			</points>
		</object>
		<object>
			<coordinate>pixel</coordinate>
			<type>rectangle</type>
			<description>None</description>
			<possibleresult>
				<name>Intersection</name>
			</possibleresult>
			<points>
				<point>2593.000000,2179.000000</point>
				<point>2593.000000,2161.000000</point>
				<point>2573.000000,2160.000000</point>
				<point>2573.000000,2177.000000</point>
				<point>2593.000000,2179.000000</point>
			</points>
		</object>
		<object>
			<coordinate>pixel</coordinate>
			<type>rectangle</type>
			<description>None</description>
			<possibleresult>
				<name>Bridge</name>
			</possibleresult>
			<points>
				<point>2452.000000,2877.000000</point>
				<point>2429.000000,2765.000000</point>
				<point>2463.000000,2758.000000</point>
				<point>2485.000000,2870.000000</point>
				<point>2452.000000,2877.000000</point>
			</points>
		</object>
		<object>
			<coordinate>pixel</coordinate>
			<type>rectangle</type>
			<description>None</description>
			<possibleresult>
				<name>Intersection</name>
			</possibleresult>
			<points>
				<point>1555.000000,1393.000000</point>
				<point>1560.000000,1373.000000</point>
				<point>1541.000000,1368.000000</point>
				<point>1536.000000,1388.000000</point>
				<point>1555.000000,1393.000000</point>
			</points>
		</object>
		<object>
			<coordinate>pixel</coordinate>
			<type>rectangle</type>
			<description>None</description>
			<possibleresult>
				<name>Intersection</name>
			</possibleresult>
			<points>
				<point>1498.000000,1697.000000</point>
				<point>1501.000000,1671.000000</point>
				<point>1473.000000,1668.000000</point>
				<point>1471.000000,1694.000000</point>
				<point>1498.000000,1697.000000</point>
			</points>
		</object>
		<object>
			<coordinate>pixel</coordinate>
			<type>rectangle</type>
			<description>None</description>
			<possibleresult>
				<name>Intersection</name>
			</possibleresult>
			<points>
				<point>1456.000000,1909.000000</point>
				<point>1463.000000,1869.000000</point>
				<point>1418.000000,1861.000000</point>
				<point>1410.000000,1901.000000</point>
				<point>1456.000000,1909.000000</point>
			</points>
		</object>
		<object>
			<coordinate>pixel</coordinate>
			<type>rectangle</type>
			<description>None</description>
			<possibleresult>
				<name>Intersection</name>
			</possibleresult>
			<points>
				<point>1218.000000,1780.000000</point>
				<point>1234.000000,1761.000000</point>
				<point>1212.000000,1744.000000</point>
				<point>1196.000000,1763.000000</point>
				<point>1218.000000,1780.000000</point>
			</points>
		</object>
	</objects>
</annotation>