<?xml version="1.0" encoding="utf-8"?>
<annotation>
	<source>
		<filename>533.tif</filename>
		<origin>GF2/GF3</origin>
	</source>
	<research>
		<version>1.0</version>
		<provider>FAIR1M</provider>
		<author>Cyber</author>
		<pluginname>FAIR1M</pluginname>
		<pluginclass>object detection</pluginclass>
		<time>2021-07-21</time>
	</research>
	<size>
		<width>1500</width>
		<height>1500</height>
		<depth>3</depth>
	</size>
	<objects>
		<object>
			<coordinate>pixel</coordinate>
			<type>rectangle</type>
			<description>None</description>
			<possibleresult>
				<name>Dry Cargo Ship</name>
			</possibleresult>
			<points>
				<point>519.000000,165.000000</point>
				<point>661.000000,261.000000</point>
				<point>678.000000,236.000000</point>
				<point>536.000000,140.000000</point>
				<point>519.000000,165.000000</point>
			</points>
		</object>
		<object>
			<coordinate>pixel</coordinate>
			<type>rectangle</type>
			<description>None</description>
			<possibleresult>
				<name>Dry Cargo Ship</name>
			</possibleresult>
			<points>
				<point>717.000000,304.000000</point>
				<point>878.000000,416.000000</point>
				<point>900.000000,386.000000</point>
				<point>738.000000,274.000000</point>
				<point>717.000000,304.000000</point>
			</points>
		</object>
		<object>
			<coordinate>pixel</coordinate>
			<type>rectangle</type>
			<description>None</description>
			<possibleresult>
				<name>Dry Cargo Ship</name>
			</possibleresult>
			<points>
				<point>894.000000,422.000000</point>
				<point>1051.000000,529.000000</point>
				<point>1069.000000,502.000000</point>
				<point>913.000000,395.000000</point>
				<point>894.000000,422.000000</point>
			</points>
		</object>
		<object>
			<coordinate>pixel</coordinate>
			<type>rectangle</type>
			<description>None</description>
			<possibleresult>
				<name>Dry Cargo Ship</name>
			</possibleresult>
			<points>
				<point>1.000000,188.000000</point>
				<point>109.000000,261.000000</point>
				<point>121.000000,241.000000</point>
				<point>13.000000,170.000000</point>
				<point>1.000000,188.000000</point>
			</points>
		</object>
		<object>
			<coordinate>pixel</coordinate>
			<type>rectangle</type>
			<description>None</description>
			<possibleresult>
				<name>Dry Cargo Ship</name>
			</possibleresult>
			<points>
				<point>261.000000,311.000000</point>
				<point>644.000000,570.000000</point>
				<point>680.000000,518.000000</point>
				<point>296.000000,259.000000</point>
				<point>261.000000,311.000000</point>
			</points>
		</object>
		<object>
			<coordinate>pixel</coordinate>
			<type>rectangle</type>
			<description>None</description>
			<possibleresult>
				<name>Dry Cargo Ship</name>
			</possibleresult>
			<points>
				<point>1455.000000,1390.000000</point>
				<point>1494.000000,1434.000000</point>
				<point>1503.000000,1425.000000</point>
				<point>1465.000000,1381.000000</point>
				<point>1455.000000,1390.000000</point>
			</points>
		</object>
		<object>
			<coordinate>pixel</coordinate>
			<type>rectangle</type>
			<description>None</description>
			<possibleresult>
				<name>Dry Cargo Ship</name>
			</possibleresult>
			<points>
				<point>1413.000000,1406.000000</point>
				<point>1450.000000,1447.000000</point>
				<point>1459.000000,1438.000000</point>
				<point>1423.000000,1397.000000</point>
				<point>1413.000000,1406.000000</point>
			</points>
		</object>
		<object>
			<coordinate>pixel</coordinate>
			<type>rectangle</type>
			<description>None</description>
			<possibleresult>
				<name>Tugboat</name>
			</possibleresult>
			<points>
				<point>1273.000000,735.000000</point>
				<point>1288.000000,745.000000</point>
				<point>1292.000000,740.000000</point>
				<point>1277.000000,730.000000</point>
				<point>1273.000000,735.000000</point>
			</points>
		</object>
		<object>
			<coordinate>pixel</coordinate>
			<type>rectangle</type>
			<description>None</description>
			<possibleresult>
				<name>Tugboat</name>
			</possibleresult>
			<points>
				<point>1274.000000,720.000000</point>
				<point>1289.000000,730.000000</point>
				<point>1293.000000,724.000000</point>
				<point>1278.000000,714.000000</point>
				<point>1274.000000,720.000000</point>
			</points>
		</object>
		<object>
			<coordinate>pixel</coordinate>
			<type>rectangle</type>
			<description>None</description>
			<possibleresult>
				<name>Bridge</name>
			</possibleresult>
			<points>
				<point>1355.000000,1115.000000</point>
				<point>1499.000000,895.000000</point>
				<point>1370.000000,815.000000</point>
				<point>1226.000000,1035.000000</point>
				<point>1355.000000,1115.000000</point>
			</points>
		</object>
		<object>
			<coordinate>pixel</coordinate>
			<type>rectangle</type>
			<description>None</description>
			<possibleresult>
				<name>Bridge</name>
			</possibleresult>
			<points>
				<point>1406.000000,1512.000000</point>
				<point>1509.000000,1367.000000</point>
				<point>1485.000000,1350.000000</point>
				<point>1381.000000,1495.000000</point>
				<point>1406.000000,1512.000000</point>
			</points>
		</object>
	</objects>
</annotation>