<?xml version="1.0" encoding="utf-8"?>
<annotation>
	<source>
		<filename>538.tif</filename>
		<origin>GF2/GF3</origin>
	</source>
	<research>
		<version>1.0</version>
		<provider>FAIR1M</provider>
		<author>Cyber</author>
		<pluginname>FAIR1M</pluginname>
		<pluginclass>object detection</pluginclass>
		<time>2021-07-21</time>
	</research>
	<size>
		<width>1000</width>
		<height>1000</height>
		<depth>3</depth>
	</size>
	<objects>
		<object>
			<coordinate>pixel</coordinate>
			<type>rectangle</type>
			<description>None</description>
			<possibleresult>
				<name>A220</name>
			</possibleresult>
			<points>
				<point>291.000000,843.000000</point>
				<point>325.000000,877.000000</point>
				<point>352.000000,849.000000</point>
				<point>318.000000,815.000000</point>
				<point>291.000000,843.000000</point>
			</points>
		</object>
		<object>
			<coordinate>pixel</coordinate>
			<type>rectangle</type>
			<description>None</description>
			<possibleresult>
				<name>A220</name>
			</possibleresult>
			<points>
				<point>531.000000,550.000000</point>
				<point>565.000000,581.000000</point>
				<point>594.000000,550.000000</point>
				<point>560.000000,518.000000</point>
				<point>531.000000,550.000000</point>
			</points>
		</object>
		<object>
			<coordinate>pixel</coordinate>
			<type>rectangle</type>
			<description>None</description>
			<possibleresult>
				<name>other-airplane</name>
			</possibleresult>
			<points>
				<point>650.000000,427.000000</point>
				<point>691.000000,465.000000</point>
				<point>724.000000,427.000000</point>
				<point>682.000000,390.000000</point>
				<point>650.000000,427.000000</point>
			</points>
		</object>
		<object>
			<coordinate>pixel</coordinate>
			<type>rectangle</type>
			<description>None</description>
			<possibleresult>
				<name>A321</name>
			</possibleresult>
			<points>
				<point>706.000000,377.000000</point>
				<point>745.000000,413.000000</point>
				<point>775.000000,383.000000</point>
				<point>736.000000,345.000000</point>
				<point>706.000000,377.000000</point>
			</points>
		</object>
		<object>
			<coordinate>pixel</coordinate>
			<type>rectangle</type>
			<description>None</description>
			<possibleresult>
				<name>other-airplane</name>
			</possibleresult>
			<points>
				<point>749.000000,340.000000</point>
				<point>781.000000,370.000000</point>
				<point>808.000000,340.000000</point>
				<point>776.000000,309.000000</point>
				<point>749.000000,340.000000</point>
			</points>
		</object>
		<object>
			<coordinate>pixel</coordinate>
			<type>rectangle</type>
			<description>None</description>
			<possibleresult>
				<name>other-airplane</name>
			</possibleresult>
			<points>
				<point>779.000000,295.000000</point>
				<point>807.000000,322.000000</point>
				<point>834.000000,295.000000</point>
				<point>806.000000,268.000000</point>
				<point>779.000000,295.000000</point>
			</points>
		</object>
		<object>
			<coordinate>pixel</coordinate>
			<type>rectangle</type>
			<description>None</description>
			<possibleresult>
				<name>A321</name>
			</possibleresult>
			<points>
				<point>850.000000,213.000000</point>
				<point>889.000000,249.000000</point>
				<point>918.000000,218.000000</point>
				<point>880.000000,181.000000</point>
				<point>850.000000,213.000000</point>
			</points>
		</object>
		<object>
			<coordinate>pixel</coordinate>
			<type>rectangle</type>
			<description>None</description>
			<possibleresult>
				<name>Intersection</name>
			</possibleresult>
			<points>
				<point>275.000000,262.000000</point>
				<point>291.000000,277.000000</point>
				<point>302.000000,265.000000</point>
				<point>286.000000,250.000000</point>
				<point>275.000000,262.000000</point>
			</points>
		</object>
		<object>
			<coordinate>pixel</coordinate>
			<type>rectangle</type>
			<description>None</description>
			<possibleresult>
				<name>Intersection</name>
			</possibleresult>
			<points>
				<point>648.000000,100.000000</point>
				<point>658.000000,108.000000</point>
				<point>685.000000,79.000000</point>
				<point>675.000000,70.000000</point>
				<point>648.000000,100.000000</point>
			</points>
		</object>
	</objects>
</annotation>