<?xml version="1.0" encoding="utf-8"?>
<annotation>
	<source>
		<filename>547.tif</filename>
		<origin>GF2/GF3</origin>
	</source>
	<research>
		<version>1.0</version>
		<provider>FAIR1M</provider>
		<author>Cyber</author>
		<pluginname>FAIR1M</pluginname>
		<pluginclass>object detection</pluginclass>
		<time>2021-07-21</time>
	</research>
	<size>
		<width>1500</width>
		<height>1500</height>
		<depth>3</depth>
	</size>
	<objects>
		<object>
			<coordinate>pixel</coordinate>
			<type>rectangle</type>
			<description>None</description>
			<possibleresult>
				<name>Dry Cargo Ship</name>
			</possibleresult>
			<points>
				<point>474.000000,393.000000</point>
				<point>598.000000,393.000000</point>
				<point>598.000000,373.000000</point>
				<point>474.000000,373.000000</point>
				<point>474.000000,393.000000</point>
			</points>
		</object>
		<object>
			<coordinate>pixel</coordinate>
			<type>rectangle</type>
			<description>None</description>
			<possibleresult>
				<name>Fishing Boat</name>
			</possibleresult>
			<points>
				<point>724.000000,322.000000</point>
				<point>792.000000,322.000000</point>
				<point>792.000000,309.000000</point>
				<point>724.000000,309.000000</point>
				<point>724.000000,322.000000</point>
			</points>
		</object>
		<object>
			<coordinate>pixel</coordinate>
			<type>rectangle</type>
			<description>None</description>
			<possibleresult>
				<name>Fishing Boat</name>
			</possibleresult>
			<points>
				<point>796.000000,320.000000</point>
				<point>861.000000,320.000000</point>
				<point>861.000000,306.000000</point>
				<point>796.000000,306.000000</point>
				<point>796.000000,320.000000</point>
			</points>
		</object>
		<object>
			<coordinate>pixel</coordinate>
			<type>rectangle</type>
			<description>None</description>
			<possibleresult>
				<name>Fishing Boat</name>
			</possibleresult>
			<points>
				<point>867.000000,317.000000</point>
				<point>938.000000,317.000000</point>
				<point>938.000000,305.000000</point>
				<point>867.000000,305.000000</point>
				<point>867.000000,317.000000</point>
			</points>
		</object>
		<object>
			<coordinate>pixel</coordinate>
			<type>rectangle</type>
			<description>None</description>
			<possibleresult>
				<name>Fishing Boat</name>
			</possibleresult>
			<points>
				<point>789.000000,335.000000</point>
				<point>863.000000,335.000000</point>
				<point>863.000000,321.000000</point>
				<point>789.000000,321.000000</point>
				<point>789.000000,335.000000</point>
			</points>
		</object>
		<object>
			<coordinate>pixel</coordinate>
			<type>rectangle</type>
			<description>None</description>
			<possibleresult>
				<name>Fishing Boat</name>
			</possibleresult>
			<points>
				<point>868.000000,330.000000</point>
				<point>938.000000,330.000000</point>
				<point>938.000000,318.000000</point>
				<point>868.000000,318.000000</point>
				<point>868.000000,330.000000</point>
			</points>
		</object>
		<object>
			<coordinate>pixel</coordinate>
			<type>rectangle</type>
			<description>None</description>
			<possibleresult>
				<name>Fishing Boat</name>
			</possibleresult>
			<points>
				<point>947.000000,318.000000</point>
				<point>990.000000,318.000000</point>
				<point>990.000000,309.000000</point>
				<point>947.000000,309.000000</point>
				<point>947.000000,318.000000</point>
			</points>
		</object>
		<object>
			<coordinate>pixel</coordinate>
			<type>rectangle</type>
			<description>None</description>
			<possibleresult>
				<name>Fishing Boat</name>
			</possibleresult>
			<points>
				<point>945.000000,328.000000</point>
				<point>991.000000,328.000000</point>
				<point>991.000000,319.000000</point>
				<point>945.000000,319.000000</point>
				<point>945.000000,328.000000</point>
			</points>
		</object>
		<object>
			<coordinate>pixel</coordinate>
			<type>rectangle</type>
			<description>None</description>
			<possibleresult>
				<name>Fishing Boat</name>
			</possibleresult>
			<points>
				<point>950.000000,336.000000</point>
				<point>990.000000,336.000000</point>
				<point>990.000000,329.000000</point>
				<point>950.000000,329.000000</point>
				<point>950.000000,336.000000</point>
			</points>
		</object>
		<object>
			<coordinate>pixel</coordinate>
			<type>rectangle</type>
			<description>None</description>
			<possibleresult>
				<name>Fishing Boat</name>
			</possibleresult>
			<points>
				<point>999.000000,320.000000</point>
				<point>1033.000000,320.000000</point>
				<point>1033.000000,311.000000</point>
				<point>999.000000,311.000000</point>
				<point>999.000000,320.000000</point>
			</points>
		</object>
		<object>
			<coordinate>pixel</coordinate>
			<type>rectangle</type>
			<description>None</description>
			<possibleresult>
				<name>Fishing Boat</name>
			</possibleresult>
			<points>
				<point>995.000000,328.000000</point>
				<point>1039.000000,328.000000</point>
				<point>1039.000000,320.000000</point>
				<point>995.000000,320.000000</point>
				<point>995.000000,328.000000</point>
			</points>
		</object>
		<object>
			<coordinate>pixel</coordinate>
			<type>rectangle</type>
			<description>None</description>
			<possibleresult>
				<name>Fishing Boat</name>
			</possibleresult>
			<points>
				<point>1049.000000,320.000000</point>
				<point>1079.000000,320.000000</point>
				<point>1079.000000,312.000000</point>
				<point>1049.000000,312.000000</point>
				<point>1049.000000,320.000000</point>
			</points>
		</object>
		<object>
			<coordinate>pixel</coordinate>
			<type>rectangle</type>
			<description>None</description>
			<possibleresult>
				<name>Fishing Boat</name>
			</possibleresult>
			<points>
				<point>1046.000000,330.000000</point>
				<point>1086.000000,330.000000</point>
				<point>1086.000000,322.000000</point>
				<point>1046.000000,322.000000</point>
				<point>1046.000000,330.000000</point>
			</points>
		</object>
		<object>
			<coordinate>pixel</coordinate>
			<type>rectangle</type>
			<description>None</description>
			<possibleresult>
				<name>Fishing Boat</name>
			</possibleresult>
			<points>
				<point>998.000000,337.000000</point>
				<point>1041.000000,337.000000</point>
				<point>1041.000000,330.000000</point>
				<point>998.000000,330.000000</point>
				<point>998.000000,337.000000</point>
			</points>
		</object>
		<object>
			<coordinate>pixel</coordinate>
			<type>rectangle</type>
			<description>None</description>
			<possibleresult>
				<name>Fishing Boat</name>
			</possibleresult>
			<points>
				<point>997.000000,346.000000</point>
				<point>1041.000000,346.000000</point>
				<point>1041.000000,340.000000</point>
				<point>997.000000,340.000000</point>
				<point>997.000000,346.000000</point>
			</points>
		</object>
		<object>
			<coordinate>pixel</coordinate>
			<type>rectangle</type>
			<description>None</description>
			<possibleresult>
				<name>Fishing Boat</name>
			</possibleresult>
			<points>
				<point>1092.000000,280.000000</point>
				<point>1090.000000,315.000000</point>
				<point>1102.000000,316.000000</point>
				<point>1104.000000,280.000000</point>
				<point>1092.000000,280.000000</point>
			</points>
		</object>
		<object>
			<coordinate>pixel</coordinate>
			<type>rectangle</type>
			<description>None</description>
			<possibleresult>
				<name>other-ship</name>
			</possibleresult>
			<points>
				<point>1498.000000,2.000000</point>
				<point>1414.000000,76.000000</point>
				<point>1434.000000,98.000000</point>
				<point>1519.000000,23.000000</point>
				<point>1498.000000,2.000000</point>
			</points>
		</object>
		<object>
			<coordinate>pixel</coordinate>
			<type>rectangle</type>
			<description>None</description>
			<possibleresult>
				<name>Motorboat</name>
			</possibleresult>
			<points>
				<point>820.000000,812.000000</point>
				<point>839.000000,830.000000</point>
				<point>845.000000,824.000000</point>
				<point>826.000000,807.000000</point>
				<point>820.000000,812.000000</point>
			</points>
		</object>
		<object>
			<coordinate>pixel</coordinate>
			<type>rectangle</type>
			<description>None</description>
			<possibleresult>
				<name>Motorboat</name>
			</possibleresult>
			<points>
				<point>556.000000,852.000000</point>
				<point>563.000000,828.000000</point>
				<point>558.000000,826.000000</point>
				<point>551.000000,850.000000</point>
				<point>556.000000,852.000000</point>
			</points>
		</object>
		<object>
			<coordinate>pixel</coordinate>
			<type>rectangle</type>
			<description>None</description>
			<possibleresult>
				<name>Motorboat</name>
			</possibleresult>
			<points>
				<point>449.000000,881.000000</point>
				<point>456.000000,881.000000</point>
				<point>456.000000,860.000000</point>
				<point>449.000000,860.000000</point>
				<point>449.000000,881.000000</point>
			</points>
		</object>
		<object>
			<coordinate>pixel</coordinate>
			<type>rectangle</type>
			<description>None</description>
			<possibleresult>
				<name>Motorboat</name>
			</possibleresult>
			<points>
				<point>202.000000,952.000000</point>
				<point>209.000000,952.000000</point>
				<point>209.000000,929.000000</point>
				<point>202.000000,929.000000</point>
				<point>202.000000,952.000000</point>
			</points>
		</object>
		<object>
			<coordinate>pixel</coordinate>
			<type>rectangle</type>
			<description>None</description>
			<possibleresult>
				<name>Motorboat</name>
			</possibleresult>
			<points>
				<point>883.000000,1124.000000</point>
				<point>862.000000,1122.000000</point>
				<point>861.000000,1129.000000</point>
				<point>883.000000,1131.000000</point>
				<point>883.000000,1124.000000</point>
			</points>
		</object>
		<object>
			<coordinate>pixel</coordinate>
			<type>rectangle</type>
			<description>None</description>
			<possibleresult>
				<name>Dry Cargo Ship</name>
			</possibleresult>
			<points>
				<point>285.000000,1105.000000</point>
				<point>128.000000,1131.000000</point>
				<point>132.000000,1159.000000</point>
				<point>290.000000,1133.000000</point>
				<point>285.000000,1105.000000</point>
			</points>
		</object>
		<object>
			<coordinate>pixel</coordinate>
			<type>rectangle</type>
			<description>None</description>
			<possibleresult>
				<name>Fishing Boat</name>
			</possibleresult>
			<points>
				<point>172.000000,1272.000000</point>
				<point>155.000000,1217.000000</point>
				<point>140.000000,1221.000000</point>
				<point>157.000000,1277.000000</point>
				<point>172.000000,1272.000000</point>
			</points>
		</object>
		<object>
			<coordinate>pixel</coordinate>
			<type>rectangle</type>
			<description>None</description>
			<possibleresult>
				<name>other-ship</name>
			</possibleresult>
			<points>
				<point>71.000000,1256.000000</point>
				<point>1.000000,1262.000000</point>
				<point>2.000000,1276.000000</point>
				<point>73.000000,1271.000000</point>
				<point>71.000000,1256.000000</point>
			</points>
		</object>
		<object>
			<coordinate>pixel</coordinate>
			<type>rectangle</type>
			<description>None</description>
			<possibleresult>
				<name>other-ship</name>
			</possibleresult>
			<points>
				<point>65.000000,1303.000000</point>
				<point>0.000000,1318.000000</point>
				<point>5.000000,1336.000000</point>
				<point>70.000000,1322.000000</point>
				<point>65.000000,1303.000000</point>
			</points>
		</object>
		<object>
			<coordinate>pixel</coordinate>
			<type>rectangle</type>
			<description>None</description>
			<possibleresult>
				<name>Fishing Boat</name>
			</possibleresult>
			<points>
				<point>73.000000,1350.000000</point>
				<point>9.000000,1364.000000</point>
				<point>12.000000,1377.000000</point>
				<point>76.000000,1363.000000</point>
				<point>73.000000,1350.000000</point>
			</points>
		</object>
	</objects>
</annotation>