<?xml version="1.0" encoding="utf-8"?>
<annotation>
	<source>
		<filename>551.tif</filename>
		<origin>GF2/GF3</origin>
	</source>
	<research>
		<version>1.0</version>
		<provider>FAIR1M</provider>
		<author>Cyber</author>
		<pluginname>FAIR1M</pluginname>
		<pluginclass>object detection</pluginclass>
		<time>2021-07-21</time>
	</research>
	<size>
		<width>1500</width>
		<height>1500</height>
		<depth>3</depth>
	</size>
	<objects>
		<object>
			<coordinate>pixel</coordinate>
			<type>rectangle</type>
			<description>None</description>
			<possibleresult>
				<name>Dry Cargo Ship</name>
			</possibleresult>
			<points>
				<point>1510.000000,668.000000</point>
				<point>1201.000000,445.000000</point>
				<point>1171.000000,487.000000</point>
				<point>1480.000000,710.000000</point>
				<point>1510.000000,668.000000</point>
			</points>
		</object>
		<object>
			<coordinate>pixel</coordinate>
			<type>rectangle</type>
			<description>None</description>
			<possibleresult>
				<name>Dry Cargo Ship</name>
			</possibleresult>
			<points>
				<point>1219.000000,459.000000</point>
				<point>1354.000000,552.000000</point>
				<point>1378.000000,517.000000</point>
				<point>1243.000000,424.000000</point>
				<point>1219.000000,459.000000</point>
			</points>
		</object>
		<object>
			<coordinate>pixel</coordinate>
			<type>rectangle</type>
			<description>None</description>
			<possibleresult>
				<name>Tugboat</name>
			</possibleresult>
			<points>
				<point>680.000000,305.000000</point>
				<point>613.000000,297.000000</point>
				<point>611.000000,317.000000</point>
				<point>678.000000,325.000000</point>
				<point>680.000000,305.000000</point>
			</points>
		</object>
		<object>
			<coordinate>pixel</coordinate>
			<type>rectangle</type>
			<description>None</description>
			<possibleresult>
				<name>Tugboat</name>
			</possibleresult>
			<points>
				<point>678.000000,324.000000</point>
				<point>611.000000,316.000000</point>
				<point>609.000000,336.000000</point>
				<point>676.000000,343.000000</point>
				<point>678.000000,324.000000</point>
			</points>
		</object>
		<object>
			<coordinate>pixel</coordinate>
			<type>rectangle</type>
			<description>None</description>
			<possibleresult>
				<name>Motorboat</name>
			</possibleresult>
			<points>
				<point>664.000000,375.000000</point>
				<point>625.000000,372.000000</point>
				<point>624.000000,383.000000</point>
				<point>663.000000,386.000000</point>
				<point>664.000000,375.000000</point>
			</points>
		</object>
		<object>
			<coordinate>pixel</coordinate>
			<type>rectangle</type>
			<description>None</description>
			<possibleresult>
				<name>Motorboat</name>
			</possibleresult>
			<points>
				<point>660.000000,412.000000</point>
				<point>631.000000,410.000000</point>
				<point>631.000000,418.000000</point>
				<point>660.000000,420.000000</point>
				<point>660.000000,412.000000</point>
			</points>
		</object>
		<object>
			<coordinate>pixel</coordinate>
			<type>rectangle</type>
			<description>None</description>
			<possibleresult>
				<name>Motorboat</name>
			</possibleresult>
			<points>
				<point>651.000000,428.000000</point>
				<point>628.000000,426.000000</point>
				<point>628.000000,434.000000</point>
				<point>651.000000,435.000000</point>
				<point>651.000000,428.000000</point>
			</points>
		</object>
	</objects>
</annotation>