<?xml version="1.0" encoding="utf-8"?>
<annotation>
	<source>
		<filename>563.tif</filename>
		<origin>GF2/GF3</origin>
	</source>
	<research>
		<version>1.0</version>
		<provider>FAIR1M</provider>
		<author>Cyber</author>
		<pluginname>FAIR1M</pluginname>
		<pluginclass>object detection</pluginclass>
		<time>2021-07-21</time>
	</research>
	<size>
		<width>1500</width>
		<height>1500</height>
		<depth>3</depth>
	</size>
	<objects>
		<object>
			<coordinate>pixel</coordinate>
			<type>rectangle</type>
			<description>None</description>
			<possibleresult>
				<name>Liquid Cargo Ship</name>
			</possibleresult>
			<points>
				<point>1298.000000,1024.000000</point>
				<point>1127.000000,953.000000</point>
				<point>1115.000000,979.000000</point>
				<point>1286.000000,1050.000000</point>
				<point>1298.000000,1024.000000</point>
			</points>
		</object>
		<object>
			<coordinate>pixel</coordinate>
			<type>rectangle</type>
			<description>None</description>
			<possibleresult>
				<name>Fishing Boat</name>
			</possibleresult>
			<points>
				<point>47.000000,937.000000</point>
				<point>175.000000,996.000000</point>
				<point>187.000000,972.000000</point>
				<point>59.000000,913.000000</point>
				<point>47.000000,937.000000</point>
			</points>
		</object>
		<object>
			<coordinate>pixel</coordinate>
			<type>rectangle</type>
			<description>None</description>
			<possibleresult>
				<name>Engineering Ship</name>
			</possibleresult>
			<points>
				<point>-3.000000,1045.000000</point>
				<point>76.000000,1114.000000</point>
				<point>101.000000,1086.000000</point>
				<point>21.000000,1016.000000</point>
				<point>-3.000000,1045.000000</point>
			</points>
		</object>
		<object>
			<coordinate>pixel</coordinate>
			<type>rectangle</type>
			<description>None</description>
			<possibleresult>
				<name>Dry Cargo Ship</name>
			</possibleresult>
			<points>
				<point>-20.000000,948.000000</point>
				<point>41.000000,997.000000</point>
				<point>61.000000,973.000000</point>
				<point>0.000000,924.000000</point>
				<point>-20.000000,948.000000</point>
			</points>
		</object>
		<object>
			<coordinate>pixel</coordinate>
			<type>rectangle</type>
			<description>None</description>
			<possibleresult>
				<name>Dry Cargo Ship</name>
			</possibleresult>
			<points>
				<point>-8.000000,730.000000</point>
				<point>84.000000,761.000000</point>
				<point>95.000000,729.000000</point>
				<point>2.000000,698.000000</point>
				<point>-8.000000,730.000000</point>
			</points>
		</object>
		<object>
			<coordinate>pixel</coordinate>
			<type>rectangle</type>
			<description>None</description>
			<possibleresult>
				<name>Dry Cargo Ship</name>
			</possibleresult>
			<points>
				<point>45.000000,639.000000</point>
				<point>150.000000,674.000000</point>
				<point>158.000000,648.000000</point>
				<point>54.000000,613.000000</point>
				<point>45.000000,639.000000</point>
			</points>
		</object>
		<object>
			<coordinate>pixel</coordinate>
			<type>rectangle</type>
			<description>None</description>
			<possibleresult>
				<name>Dry Cargo Ship</name>
			</possibleresult>
			<points>
				<point>29.000000,675.000000</point>
				<point>153.000000,717.000000</point>
				<point>165.000000,684.000000</point>
				<point>39.000000,642.000000</point>
				<point>29.000000,675.000000</point>
			</points>
		</object>
		<object>
			<coordinate>pixel</coordinate>
			<type>rectangle</type>
			<description>None</description>
			<possibleresult>
				<name>Dry Cargo Ship</name>
			</possibleresult>
			<points>
				<point>6.000000,698.000000</point>
				<point>97.000000,729.000000</point>
				<point>106.000000,703.000000</point>
				<point>14.000000,672.000000</point>
				<point>6.000000,698.000000</point>
			</points>
		</object>
		<object>
			<coordinate>pixel</coordinate>
			<type>rectangle</type>
			<description>None</description>
			<possibleresult>
				<name>Engineering Ship</name>
			</possibleresult>
			<points>
				<point>69.000000,601.000000</point>
				<point>138.000000,625.000000</point>
				<point>148.000000,601.000000</point>
				<point>76.000000,577.000000</point>
				<point>69.000000,601.000000</point>
			</points>
		</object>
		<object>
			<coordinate>pixel</coordinate>
			<type>rectangle</type>
			<description>None</description>
			<possibleresult>
				<name>Engineering Ship</name>
			</possibleresult>
			<points>
				<point>84.000000,574.000000</point>
				<point>181.000000,613.000000</point>
				<point>195.000000,579.000000</point>
				<point>97.000000,540.000000</point>
				<point>84.000000,574.000000</point>
			</points>
		</object>
		<object>
			<coordinate>pixel</coordinate>
			<type>rectangle</type>
			<description>None</description>
			<possibleresult>
				<name>Dry Cargo Ship</name>
			</possibleresult>
			<points>
				<point>190.000000,454.000000</point>
				<point>249.000000,474.000000</point>
				<point>255.000000,456.000000</point>
				<point>197.000000,436.000000</point>
				<point>190.000000,454.000000</point>
			</points>
		</object>
		<object>
			<coordinate>pixel</coordinate>
			<type>rectangle</type>
			<description>None</description>
			<possibleresult>
				<name>Dry Cargo Ship</name>
			</possibleresult>
			<points>
				<point>164.000000,468.000000</point>
				<point>250.000000,506.000000</point>
				<point>262.000000,482.000000</point>
				<point>174.000000,445.000000</point>
				<point>164.000000,468.000000</point>
			</points>
		</object>
		<object>
			<coordinate>pixel</coordinate>
			<type>rectangle</type>
			<description>None</description>
			<possibleresult>
				<name>Dry Cargo Ship</name>
			</possibleresult>
			<points>
				<point>100.000000,539.000000</point>
				<point>187.000000,578.000000</point>
				<point>198.000000,552.000000</point>
				<point>112.000000,513.000000</point>
				<point>100.000000,539.000000</point>
			</points>
		</object>
		<object>
			<coordinate>pixel</coordinate>
			<type>rectangle</type>
			<description>None</description>
			<possibleresult>
				<name>Dry Cargo Ship</name>
			</possibleresult>
			<points>
				<point>317.000000,505.000000</point>
				<point>412.000000,537.000000</point>
				<point>421.000000,512.000000</point>
				<point>325.000000,480.000000</point>
				<point>317.000000,505.000000</point>
			</points>
		</object>
		<object>
			<coordinate>pixel</coordinate>
			<type>rectangle</type>
			<description>None</description>
			<possibleresult>
				<name>Engineering Ship</name>
			</possibleresult>
			<points>
				<point>333.000000,481.000000</point>
				<point>422.000000,511.000000</point>
				<point>431.000000,481.000000</point>
				<point>344.000000,451.000000</point>
				<point>333.000000,481.000000</point>
			</points>
		</object>
		<object>
			<coordinate>pixel</coordinate>
			<type>rectangle</type>
			<description>None</description>
			<possibleresult>
				<name>Engineering Ship</name>
			</possibleresult>
			<points>
				<point>346.000000,448.000000</point>
				<point>421.000000,474.000000</point>
				<point>429.000000,447.000000</point>
				<point>354.000000,422.000000</point>
				<point>346.000000,448.000000</point>
			</points>
		</object>
		<object>
			<coordinate>pixel</coordinate>
			<type>rectangle</type>
			<description>None</description>
			<possibleresult>
				<name>Dry Cargo Ship</name>
			</possibleresult>
			<points>
				<point>364.000000,336.000000</point>
				<point>464.000000,374.000000</point>
				<point>476.000000,339.000000</point>
				<point>377.000000,301.000000</point>
				<point>364.000000,336.000000</point>
			</points>
		</object>
		<object>
			<coordinate>pixel</coordinate>
			<type>rectangle</type>
			<description>None</description>
			<possibleresult>
				<name>Dry Cargo Ship</name>
			</possibleresult>
			<points>
				<point>375.000000,399.000000</point>
				<point>472.000000,431.000000</point>
				<point>482.000000,402.000000</point>
				<point>384.000000,369.000000</point>
				<point>375.000000,399.000000</point>
			</points>
		</object>
		<object>
			<coordinate>pixel</coordinate>
			<type>rectangle</type>
			<description>None</description>
			<possibleresult>
				<name>Dry Cargo Ship</name>
			</possibleresult>
			<points>
				<point>363.000000,426.000000</point>
				<point>459.000000,457.000000</point>
				<point>467.000000,431.000000</point>
				<point>373.000000,399.000000</point>
				<point>363.000000,426.000000</point>
			</points>
		</object>
		<object>
			<coordinate>pixel</coordinate>
			<type>rectangle</type>
			<description>None</description>
			<possibleresult>
				<name>Dry Cargo Ship</name>
			</possibleresult>
			<points>
				<point>371.000000,142.000000</point>
				<point>461.000000,172.000000</point>
				<point>471.000000,146.000000</point>
				<point>381.000000,116.000000</point>
				<point>371.000000,142.000000</point>
			</points>
		</object>
		<object>
			<coordinate>pixel</coordinate>
			<type>rectangle</type>
			<description>None</description>
			<possibleresult>
				<name>Dry Cargo Ship</name>
			</possibleresult>
			<points>
				<point>441.000000,135.000000</point>
				<point>564.000000,176.000000</point>
				<point>573.000000,148.000000</point>
				<point>450.000000,107.000000</point>
				<point>441.000000,135.000000</point>
			</points>
		</object>
		<object>
			<coordinate>pixel</coordinate>
			<type>rectangle</type>
			<description>None</description>
			<possibleresult>
				<name>Dry Cargo Ship</name>
			</possibleresult>
			<points>
				<point>471.000000,178.000000</point>
				<point>585.000000,216.000000</point>
				<point>594.000000,187.000000</point>
				<point>480.000000,149.000000</point>
				<point>471.000000,178.000000</point>
			</points>
		</object>
		<object>
			<coordinate>pixel</coordinate>
			<type>rectangle</type>
			<description>None</description>
			<possibleresult>
				<name>Dry Cargo Ship</name>
			</possibleresult>
			<points>
				<point>486.000000,215.000000</point>
				<point>576.000000,239.000000</point>
				<point>581.000000,216.000000</point>
				<point>491.000000,192.000000</point>
				<point>486.000000,215.000000</point>
			</points>
		</object>
		<object>
			<coordinate>pixel</coordinate>
			<type>rectangle</type>
			<description>None</description>
			<possibleresult>
				<name>Engineering Ship</name>
			</possibleresult>
			<points>
				<point>300.000000,264.000000</point>
				<point>374.000000,289.000000</point>
				<point>383.000000,260.000000</point>
				<point>309.000000,236.000000</point>
				<point>300.000000,264.000000</point>
			</points>
		</object>
		<object>
			<coordinate>pixel</coordinate>
			<type>rectangle</type>
			<description>None</description>
			<possibleresult>
				<name>Dry Cargo Ship</name>
			</possibleresult>
			<points>
				<point>422.000000,86.000000</point>
				<point>506.000000,121.000000</point>
				<point>519.000000,92.000000</point>
				<point>435.000000,57.000000</point>
				<point>422.000000,86.000000</point>
			</points>
		</object>
		<object>
			<coordinate>pixel</coordinate>
			<type>rectangle</type>
			<description>None</description>
			<possibleresult>
				<name>Dry Cargo Ship</name>
			</possibleresult>
			<points>
				<point>518.000000,127.000000</point>
				<point>611.000000,158.000000</point>
				<point>619.000000,135.000000</point>
				<point>526.000000,103.000000</point>
				<point>518.000000,127.000000</point>
			</points>
		</object>
		<object>
			<coordinate>pixel</coordinate>
			<type>rectangle</type>
			<description>None</description>
			<possibleresult>
				<name>Dry Cargo Ship</name>
			</possibleresult>
			<points>
				<point>464.000000,4.000000</point>
				<point>583.000000,38.000000</point>
				<point>587.000000,21.000000</point>
				<point>469.000000,-12.000000</point>
				<point>464.000000,4.000000</point>
			</points>
		</object>
		<object>
			<coordinate>pixel</coordinate>
			<type>rectangle</type>
			<description>None</description>
			<possibleresult>
				<name>Engineering Ship</name>
			</possibleresult>
			<points>
				<point>457.000000,29.000000</point>
				<point>527.000000,48.000000</point>
				<point>533.000000,24.000000</point>
				<point>463.000000,5.000000</point>
				<point>457.000000,29.000000</point>
			</points>
		</object>
		<object>
			<coordinate>pixel</coordinate>
			<type>rectangle</type>
			<description>None</description>
			<possibleresult>
				<name>Dry Cargo Ship</name>
			</possibleresult>
			<points>
				<point>350.000000,329.000000</point>
				<point>261.000000,283.000000</point>
				<point>249.000000,305.000000</point>
				<point>338.000000,351.000000</point>
				<point>350.000000,329.000000</point>
			</points>
		</object>
		<object>
			<coordinate>pixel</coordinate>
			<type>rectangle</type>
			<description>None</description>
			<possibleresult>
				<name>Engineering Ship</name>
			</possibleresult>
			<points>
				<point>375.000000,297.000000</point>
				<point>284.000000,257.000000</point>
				<point>271.000000,286.000000</point>
				<point>362.000000,327.000000</point>
				<point>375.000000,297.000000</point>
			</points>
		</object>
		<object>
			<coordinate>pixel</coordinate>
			<type>rectangle</type>
			<description>None</description>
			<possibleresult>
				<name>Dry Cargo Ship</name>
			</possibleresult>
			<points>
				<point>429.000000,240.000000</point>
				<point>324.000000,185.000000</point>
				<point>310.000000,213.000000</point>
				<point>414.000000,268.000000</point>
				<point>429.000000,240.000000</point>
			</points>
		</object>
		<object>
			<coordinate>pixel</coordinate>
			<type>rectangle</type>
			<description>None</description>
			<possibleresult>
				<name>Dry Cargo Ship</name>
			</possibleresult>
			<points>
				<point>445.000000,215.000000</point>
				<point>339.000000,160.000000</point>
				<point>326.000000,182.000000</point>
				<point>434.000000,238.000000</point>
				<point>445.000000,215.000000</point>
			</points>
		</object>
		<object>
			<coordinate>pixel</coordinate>
			<type>rectangle</type>
			<description>None</description>
			<possibleresult>
				<name>Engineering Ship</name>
			</possibleresult>
			<points>
				<point>257.000000,519.000000</point>
				<point>182.000000,480.000000</point>
				<point>172.000000,501.000000</point>
				<point>247.000000,540.000000</point>
				<point>257.000000,519.000000</point>
			</points>
		</object>
		<object>
			<coordinate>pixel</coordinate>
			<type>rectangle</type>
			<description>None</description>
			<possibleresult>
				<name>Engineering Ship</name>
			</possibleresult>
			<points>
				<point>239.000000,538.000000</point>
				<point>161.000000,499.000000</point>
				<point>148.000000,526.000000</point>
				<point>225.000000,566.000000</point>
				<point>239.000000,538.000000</point>
			</points>
		</object>
		<object>
			<coordinate>pixel</coordinate>
			<type>rectangle</type>
			<description>None</description>
			<possibleresult>
				<name>Dry Cargo Ship</name>
			</possibleresult>
			<points>
				<point>239.000000,649.000000</point>
				<point>153.000000,605.000000</point>
				<point>144.000000,624.000000</point>
				<point>230.000000,668.000000</point>
				<point>239.000000,649.000000</point>
			</points>
		</object>
		<object>
			<coordinate>pixel</coordinate>
			<type>rectangle</type>
			<description>None</description>
			<possibleresult>
				<name>Dry Cargo Ship</name>
			</possibleresult>
			<points>
				<point>300.000000,772.000000</point>
				<point>174.000000,707.000000</point>
				<point>159.000000,738.000000</point>
				<point>284.000000,803.000000</point>
				<point>300.000000,772.000000</point>
			</points>
		</object>
		<object>
			<coordinate>pixel</coordinate>
			<type>rectangle</type>
			<description>None</description>
			<possibleresult>
				<name>Fishing Boat</name>
			</possibleresult>
			<points>
				<point>321.000000,765.000000</point>
				<point>228.000000,717.000000</point>
				<point>223.000000,730.000000</point>
				<point>315.000000,778.000000</point>
				<point>321.000000,765.000000</point>
			</points>
		</object>
		<object>
			<coordinate>pixel</coordinate>
			<type>rectangle</type>
			<description>None</description>
			<possibleresult>
				<name>Dry Cargo Ship</name>
			</possibleresult>
			<points>
				<point>353.000000,838.000000</point>
				<point>264.000000,792.000000</point>
				<point>251.000000,814.000000</point>
				<point>340.000000,860.000000</point>
				<point>353.000000,838.000000</point>
			</points>
		</object>
		<object>
			<coordinate>pixel</coordinate>
			<type>rectangle</type>
			<description>None</description>
			<possibleresult>
				<name>Dry Cargo Ship</name>
			</possibleresult>
			<points>
				<point>260.000000,789.000000</point>
				<point>167.000000,742.000000</point>
				<point>155.000000,767.000000</point>
				<point>247.000000,815.000000</point>
				<point>260.000000,789.000000</point>
			</points>
		</object>
		<object>
			<coordinate>pixel</coordinate>
			<type>rectangle</type>
			<description>None</description>
			<possibleresult>
				<name>Dry Cargo Ship</name>
			</possibleresult>
			<points>
				<point>203.000000,791.000000</point>
				<point>100.000000,738.000000</point>
				<point>85.000000,767.000000</point>
				<point>189.000000,820.000000</point>
				<point>203.000000,791.000000</point>
			</points>
		</object>
		<object>
			<coordinate>pixel</coordinate>
			<type>rectangle</type>
			<description>None</description>
			<possibleresult>
				<name>Engineering Ship</name>
			</possibleresult>
			<points>
				<point>302.000000,842.000000</point>
				<point>215.000000,796.000000</point>
				<point>201.000000,823.000000</point>
				<point>288.000000,869.000000</point>
				<point>302.000000,842.000000</point>
			</points>
		</object>
		<object>
			<coordinate>pixel</coordinate>
			<type>rectangle</type>
			<description>None</description>
			<possibleresult>
				<name>Dry Cargo Ship</name>
			</possibleresult>
			<points>
				<point>196.000000,901.000000</point>
				<point>91.000000,846.000000</point>
				<point>78.000000,871.000000</point>
				<point>185.000000,926.000000</point>
				<point>196.000000,901.000000</point>
			</points>
		</object>
		<object>
			<coordinate>pixel</coordinate>
			<type>rectangle</type>
			<description>None</description>
			<possibleresult>
				<name>Engineering Ship</name>
			</possibleresult>
			<points>
				<point>215.000000,877.000000</point>
				<point>133.000000,834.000000</point>
				<point>120.000000,858.000000</point>
				<point>203.000000,901.000000</point>
				<point>215.000000,877.000000</point>
			</points>
		</object>
		<object>
			<coordinate>pixel</coordinate>
			<type>rectangle</type>
			<description>None</description>
			<possibleresult>
				<name>Engineering Ship</name>
			</possibleresult>
			<points>
				<point>197.000000,829.000000</point>
				<point>125.000000,787.000000</point>
				<point>108.000000,815.000000</point>
				<point>181.000000,857.000000</point>
				<point>197.000000,829.000000</point>
			</points>
		</object>
		<object>
			<coordinate>pixel</coordinate>
			<type>rectangle</type>
			<description>None</description>
			<possibleresult>
				<name>Fishing Boat</name>
			</possibleresult>
			<points>
				<point>293.000000,873.000000</point>
				<point>241.000000,846.000000</point>
				<point>234.000000,858.000000</point>
				<point>287.000000,885.000000</point>
				<point>293.000000,873.000000</point>
			</points>
		</object>
		<object>
			<coordinate>pixel</coordinate>
			<type>rectangle</type>
			<description>None</description>
			<possibleresult>
				<name>Dry Cargo Ship</name>
			</possibleresult>
			<points>
				<point>186.000000,926.000000</point>
				<point>96.000000,880.000000</point>
				<point>77.000000,915.000000</point>
				<point>167.000000,962.000000</point>
				<point>186.000000,926.000000</point>
			</points>
		</object>
		<object>
			<coordinate>pixel</coordinate>
			<type>rectangle</type>
			<description>None</description>
			<possibleresult>
				<name>Dry Cargo Ship</name>
			</possibleresult>
			<points>
				<point>257.000000,631.000000</point>
				<point>201.000000,588.000000</point>
				<point>183.000000,608.000000</point>
				<point>241.000000,652.000000</point>
				<point>257.000000,631.000000</point>
			</points>
		</object>
		<object>
			<coordinate>pixel</coordinate>
			<type>rectangle</type>
			<description>None</description>
			<possibleresult>
				<name>Dry Cargo Ship</name>
			</possibleresult>
			<points>
				<point>290.000000,618.000000</point>
				<point>216.000000,560.000000</point>
				<point>198.000000,583.000000</point>
				<point>272.000000,641.000000</point>
				<point>290.000000,618.000000</point>
			</points>
		</object>
		<object>
			<coordinate>pixel</coordinate>
			<type>rectangle</type>
			<description>None</description>
			<possibleresult>
				<name>Dry Cargo Ship</name>
			</possibleresult>
			<points>
				<point>270.000000,511.000000</point>
				<point>341.000000,563.000000</point>
				<point>359.000000,539.000000</point>
				<point>287.000000,488.000000</point>
				<point>270.000000,511.000000</point>
			</points>
		</object>
		<object>
			<coordinate>pixel</coordinate>
			<type>rectangle</type>
			<description>None</description>
			<possibleresult>
				<name>Dry Cargo Ship</name>
			</possibleresult>
			<points>
				<point>251.000000,530.000000</point>
				<point>309.000000,572.000000</point>
				<point>324.000000,551.000000</point>
				<point>266.000000,510.000000</point>
				<point>251.000000,530.000000</point>
			</points>
		</object>
		<object>
			<coordinate>pixel</coordinate>
			<type>rectangle</type>
			<description>None</description>
			<possibleresult>
				<name>Dry Cargo Ship</name>
			</possibleresult>
			<points>
				<point>246.000000,560.000000</point>
				<point>321.000000,614.000000</point>
				<point>336.000000,592.000000</point>
				<point>261.000000,538.000000</point>
				<point>246.000000,560.000000</point>
			</points>
		</object>
		<object>
			<coordinate>pixel</coordinate>
			<type>rectangle</type>
			<description>None</description>
			<possibleresult>
				<name>Dry Cargo Ship</name>
			</possibleresult>
			<points>
				<point>153.000000,668.000000</point>
				<point>245.000000,695.000000</point>
				<point>251.000000,673.000000</point>
				<point>160.000000,645.000000</point>
				<point>153.000000,668.000000</point>
			</points>
		</object>
		<object>
			<coordinate>pixel</coordinate>
			<type>rectangle</type>
			<description>None</description>
			<possibleresult>
				<name>Dry Cargo Ship</name>
			</possibleresult>
			<points>
				<point>170.000000,699.000000</point>
				<point>253.000000,724.000000</point>
				<point>260.000000,700.000000</point>
				<point>178.000000,675.000000</point>
				<point>170.000000,699.000000</point>
			</points>
		</object>
		<object>
			<coordinate>pixel</coordinate>
			<type>rectangle</type>
			<description>None</description>
			<possibleresult>
				<name>Tugboat</name>
			</possibleresult>
			<points>
				<point>84.000000,826.000000</point>
				<point>123.000000,840.000000</point>
				<point>129.000000,827.000000</point>
				<point>89.000000,813.000000</point>
				<point>84.000000,826.000000</point>
			</points>
		</object>
		<object>
			<coordinate>pixel</coordinate>
			<type>rectangle</type>
			<description>None</description>
			<possibleresult>
				<name>Fishing Boat</name>
			</possibleresult>
			<points>
				<point>98.000000,734.000000</point>
				<point>156.000000,763.000000</point>
				<point>163.000000,750.000000</point>
				<point>105.000000,721.000000</point>
				<point>98.000000,734.000000</point>
			</points>
		</object>
		<object>
			<coordinate>pixel</coordinate>
			<type>rectangle</type>
			<description>None</description>
			<possibleresult>
				<name>Fishing Boat</name>
			</possibleresult>
			<points>
				<point>225.000000,565.000000</point>
				<point>264.000000,594.000000</point>
				<point>272.000000,583.000000</point>
				<point>233.000000,554.000000</point>
				<point>225.000000,565.000000</point>
			</points>
		</object>
		<object>
			<coordinate>pixel</coordinate>
			<type>rectangle</type>
			<description>None</description>
			<possibleresult>
				<name>Fishing Boat</name>
			</possibleresult>
			<points>
				<point>272.000000,603.000000</point>
				<point>339.000000,656.000000</point>
				<point>351.000000,641.000000</point>
				<point>285.000000,588.000000</point>
				<point>272.000000,603.000000</point>
			</points>
		</object>
		<object>
			<coordinate>pixel</coordinate>
			<type>rectangle</type>
			<description>None</description>
			<possibleresult>
				<name>Fishing Boat</name>
			</possibleresult>
			<points>
				<point>369.000000,642.000000</point>
				<point>407.000000,691.000000</point>
				<point>420.000000,682.000000</point>
				<point>384.000000,632.000000</point>
				<point>369.000000,642.000000</point>
			</points>
		</object>
		<object>
			<coordinate>pixel</coordinate>
			<type>rectangle</type>
			<description>None</description>
			<possibleresult>
				<name>Fishing Boat</name>
			</possibleresult>
			<points>
				<point>221.000000,349.000000</point>
				<point>257.000000,369.000000</point>
				<point>262.000000,363.000000</point>
				<point>226.000000,343.000000</point>
				<point>221.000000,349.000000</point>
			</points>
		</object>
		<object>
			<coordinate>pixel</coordinate>
			<type>rectangle</type>
			<description>None</description>
			<possibleresult>
				<name>Fishing Boat</name>
			</possibleresult>
			<points>
				<point>215.000000,358.000000</point>
				<point>279.000000,394.000000</point>
				<point>283.000000,387.000000</point>
				<point>219.000000,351.000000</point>
				<point>215.000000,358.000000</point>
			</points>
		</object>
		<object>
			<coordinate>pixel</coordinate>
			<type>rectangle</type>
			<description>None</description>
			<possibleresult>
				<name>Fishing Boat</name>
			</possibleresult>
			<points>
				<point>210.000000,370.000000</point>
				<point>276.000000,408.000000</point>
				<point>281.000000,398.000000</point>
				<point>215.000000,361.000000</point>
				<point>210.000000,370.000000</point>
			</points>
		</object>
		<object>
			<coordinate>pixel</coordinate>
			<type>rectangle</type>
			<description>None</description>
			<possibleresult>
				<name>Fishing Boat</name>
			</possibleresult>
			<points>
				<point>193.000000,380.000000</point>
				<point>262.000000,418.000000</point>
				<point>268.000000,407.000000</point>
				<point>198.000000,369.000000</point>
				<point>193.000000,380.000000</point>
			</points>
		</object>
		<object>
			<coordinate>pixel</coordinate>
			<type>rectangle</type>
			<description>None</description>
			<possibleresult>
				<name>Fishing Boat</name>
			</possibleresult>
			<points>
				<point>194.000000,398.000000</point>
				<point>249.000000,427.000000</point>
				<point>255.000000,414.000000</point>
				<point>201.000000,386.000000</point>
				<point>194.000000,398.000000</point>
			</points>
		</object>
		<object>
			<coordinate>pixel</coordinate>
			<type>rectangle</type>
			<description>None</description>
			<possibleresult>
				<name>Fishing Boat</name>
			</possibleresult>
			<points>
				<point>186.000000,411.000000</point>
				<point>247.000000,441.000000</point>
				<point>253.000000,430.000000</point>
				<point>190.000000,400.000000</point>
				<point>186.000000,411.000000</point>
			</points>
		</object>
		<object>
			<coordinate>pixel</coordinate>
			<type>rectangle</type>
			<description>None</description>
			<possibleresult>
				<name>Motorboat</name>
			</possibleresult>
			<points>
				<point>277.000000,371.000000</point>
				<point>322.000000,389.000000</point>
				<point>325.000000,379.000000</point>
				<point>280.000000,362.000000</point>
				<point>277.000000,371.000000</point>
			</points>
		</object>
		<object>
			<coordinate>pixel</coordinate>
			<type>rectangle</type>
			<description>None</description>
			<possibleresult>
				<name>Motorboat</name>
			</possibleresult>
			<points>
				<point>234.000000,347.000000</point>
				<point>264.000000,362.000000</point>
				<point>266.000000,356.000000</point>
				<point>236.000000,342.000000</point>
				<point>234.000000,347.000000</point>
			</points>
		</object>
		<object>
			<coordinate>pixel</coordinate>
			<type>rectangle</type>
			<description>None</description>
			<possibleresult>
				<name>Engineering Ship</name>
			</possibleresult>
			<points>
				<point>226.000000,337.000000</point>
				<point>310.000000,374.000000</point>
				<point>324.000000,343.000000</point>
				<point>240.000000,306.000000</point>
				<point>226.000000,337.000000</point>
			</points>
		</object>
		<object>
			<coordinate>pixel</coordinate>
			<type>rectangle</type>
			<description>None</description>
			<possibleresult>
				<name>Fishing Boat</name>
			</possibleresult>
			<points>
				<point>375.000000,297.000000</point>
				<point>439.000000,325.000000</point>
				<point>444.000000,315.000000</point>
				<point>378.000000,286.000000</point>
				<point>375.000000,297.000000</point>
			</points>
		</object>
		<object>
			<coordinate>pixel</coordinate>
			<type>rectangle</type>
			<description>None</description>
			<possibleresult>
				<name>Motorboat</name>
			</possibleresult>
			<points>
				<point>411.000000,366.000000</point>
				<point>459.000000,387.000000</point>
				<point>465.000000,377.000000</point>
				<point>415.000000,355.000000</point>
				<point>411.000000,366.000000</point>
			</points>
		</object>
		<object>
			<coordinate>pixel</coordinate>
			<type>rectangle</type>
			<description>None</description>
			<possibleresult>
				<name>Motorboat</name>
			</possibleresult>
			<points>
				<point>308.000000,233.000000</point>
				<point>352.000000,252.000000</point>
				<point>356.000000,241.000000</point>
				<point>313.000000,221.000000</point>
				<point>308.000000,233.000000</point>
			</points>
		</object>
		<object>
			<coordinate>pixel</coordinate>
			<type>rectangle</type>
			<description>None</description>
			<possibleresult>
				<name>Fishing Boat</name>
			</possibleresult>
			<points>
				<point>377.000000,261.000000</point>
				<point>429.000000,290.000000</point>
				<point>436.000000,277.000000</point>
				<point>384.000000,249.000000</point>
				<point>377.000000,261.000000</point>
			</points>
		</object>
		<object>
			<coordinate>pixel</coordinate>
			<type>rectangle</type>
			<description>None</description>
			<possibleresult>
				<name>Fishing Boat</name>
			</possibleresult>
			<points>
				<point>384.000000,284.000000</point>
				<point>442.000000,309.000000</point>
				<point>446.000000,299.000000</point>
				<point>388.000000,274.000000</point>
				<point>384.000000,284.000000</point>
			</points>
		</object>
		<object>
			<coordinate>pixel</coordinate>
			<type>rectangle</type>
			<description>None</description>
			<possibleresult>
				<name>Fishing Boat</name>
			</possibleresult>
			<points>
				<point>444.000000,35.000000</point>
				<point>491.000000,59.000000</point>
				<point>497.000000,50.000000</point>
				<point>450.000000,26.000000</point>
				<point>444.000000,35.000000</point>
			</points>
		</object>
		<object>
			<coordinate>pixel</coordinate>
			<type>rectangle</type>
			<description>None</description>
			<possibleresult>
				<name>Fishing Boat</name>
			</possibleresult>
			<points>
				<point>478.000000,40.000000</point>
				<point>519.000000,57.000000</point>
				<point>521.000000,51.000000</point>
				<point>481.000000,33.000000</point>
				<point>478.000000,40.000000</point>
			</points>
		</object>
		<object>
			<coordinate>pixel</coordinate>
			<type>rectangle</type>
			<description>None</description>
			<possibleresult>
				<name>Fishing Boat</name>
			</possibleresult>
			<points>
				<point>423.000000,47.000000</point>
				<point>483.000000,73.000000</point>
				<point>489.000000,60.000000</point>
				<point>429.000000,33.000000</point>
				<point>423.000000,47.000000</point>
			</points>
		</object>
		<object>
			<coordinate>pixel</coordinate>
			<type>rectangle</type>
			<description>None</description>
			<possibleresult>
				<name>Fishing Boat</name>
			</possibleresult>
			<points>
				<point>548.000000,89.000000</point>
				<point>494.000000,68.000000</point>
				<point>489.000000,79.000000</point>
				<point>542.000000,100.000000</point>
				<point>548.000000,89.000000</point>
			</points>
		</object>
		<object>
			<coordinate>pixel</coordinate>
			<type>rectangle</type>
			<description>None</description>
			<possibleresult>
				<name>Fishing Boat</name>
			</possibleresult>
			<points>
				<point>389.000000,79.000000</point>
				<point>436.000000,114.000000</point>
				<point>444.000000,104.000000</point>
				<point>397.000000,68.000000</point>
				<point>389.000000,79.000000</point>
			</points>
		</object>
		<object>
			<coordinate>pixel</coordinate>
			<type>rectangle</type>
			<description>None</description>
			<possibleresult>
				<name>Fishing Boat</name>
			</possibleresult>
			<points>
				<point>379.000000,94.000000</point>
				<point>428.000000,131.000000</point>
				<point>437.000000,120.000000</point>
				<point>388.000000,83.000000</point>
				<point>379.000000,94.000000</point>
			</points>
		</object>
		<object>
			<coordinate>pixel</coordinate>
			<type>rectangle</type>
			<description>None</description>
			<possibleresult>
				<name>Motorboat</name>
			</possibleresult>
			<points>
				<point>359.000000,537.000000</point>
				<point>362.000000,583.000000</point>
				<point>377.000000,582.000000</point>
				<point>371.000000,536.000000</point>
				<point>359.000000,537.000000</point>
			</points>
		</object>
		<object>
			<coordinate>pixel</coordinate>
			<type>rectangle</type>
			<description>None</description>
			<possibleresult>
				<name>Engineering Ship</name>
			</possibleresult>
			<points>
				<point>259.000000,873.000000</point>
				<point>196.000000,834.000000</point>
				<point>182.000000,856.000000</point>
				<point>245.000000,895.000000</point>
				<point>259.000000,873.000000</point>
			</points>
		</object>
	</objects>
</annotation>