<?xml version="1.0" encoding="utf-8"?>
<annotation>
	<source>
		<filename>565.tif</filename>
		<origin>GF2/GF3</origin>
	</source>
	<research>
		<version>1.0</version>
		<provider>FAIR1M</provider>
		<author>Cyber</author>
		<pluginname>FAIR1M</pluginname>
		<pluginclass>object detection</pluginclass>
		<time>2021-07-21</time>
	</research>
	<size>
		<width>1000</width>
		<height>1000</height>
		<depth>3</depth>
	</size>
	<objects>
		<object>
			<coordinate>pixel</coordinate>
			<type>rectangle</type>
			<description>None</description>
			<possibleresult>
				<name>Cargo Truck</name>
			</possibleresult>
			<points>
				<point>968.000000,188.000000</point>
				<point>957.000000,195.000000</point>
				<point>939.000000,169.000000</point>
				<point>950.000000,162.000000</point>
				<point>968.000000,188.000000</point>
			</points>
		</object>
		<object>
			<coordinate>pixel</coordinate>
			<type>rectangle</type>
			<description>None</description>
			<possibleresult>
				<name>Small Car</name>
			</possibleresult>
			<points>
				<point>996.000000,202.000000</point>
				<point>989.000000,206.000000</point>
				<point>979.000000,191.000000</point>
				<point>986.000000,187.000000</point>
				<point>996.000000,202.000000</point>
			</points>
		</object>
		<object>
			<coordinate>pixel</coordinate>
			<type>rectangle</type>
			<description>None</description>
			<possibleresult>
				<name>Small Car</name>
			</possibleresult>
			<points>
				<point>986.000000,212.000000</point>
				<point>979.000000,217.000000</point>
				<point>967.000000,202.000000</point>
				<point>973.000000,196.000000</point>
				<point>986.000000,212.000000</point>
			</points>
		</object>
		<object>
			<coordinate>pixel</coordinate>
			<type>rectangle</type>
			<description>None</description>
			<possibleresult>
				<name>Van</name>
			</possibleresult>
			<points>
				<point>999.000000,227.000000</point>
				<point>995.000000,232.000000</point>
				<point>986.000000,223.000000</point>
				<point>991.000000,218.000000</point>
				<point>999.000000,227.000000</point>
			</points>
		</object>
		<object>
			<coordinate>pixel</coordinate>
			<type>rectangle</type>
			<description>None</description>
			<possibleresult>
				<name>Small Car</name>
			</possibleresult>
			<points>
				<point>991.000000,300.000000</point>
				<point>974.000000,310.000000</point>
				<point>970.000000,303.000000</point>
				<point>987.000000,293.000000</point>
				<point>991.000000,300.000000</point>
			</points>
		</object>
		<object>
			<coordinate>pixel</coordinate>
			<type>rectangle</type>
			<description>None</description>
			<possibleresult>
				<name>Small Car</name>
			</possibleresult>
			<points>
				<point>995.000000,304.000000</point>
				<point>986.000000,317.000000</point>
				<point>980.000000,313.000000</point>
				<point>989.000000,300.000000</point>
				<point>995.000000,304.000000</point>
			</points>
		</object>
		<object>
			<coordinate>pixel</coordinate>
			<type>rectangle</type>
			<description>None</description>
			<possibleresult>
				<name>Small Car</name>
			</possibleresult>
			<points>
				<point>163.000000,780.000000</point>
				<point>143.000000,780.000000</point>
				<point>143.000000,773.000000</point>
				<point>163.000000,773.000000</point>
				<point>163.000000,780.000000</point>
			</points>
		</object>
		<object>
			<coordinate>pixel</coordinate>
			<type>rectangle</type>
			<description>None</description>
			<possibleresult>
				<name>Small Car</name>
			</possibleresult>
			<points>
				<point>167.000000,794.000000</point>
				<point>147.000000,794.000000</point>
				<point>147.000000,787.000000</point>
				<point>167.000000,787.000000</point>
				<point>167.000000,794.000000</point>
			</points>
		</object>
		<object>
			<coordinate>pixel</coordinate>
			<type>rectangle</type>
			<description>None</description>
			<possibleresult>
				<name>Van</name>
			</possibleresult>
			<points>
				<point>221.000000,776.000000</point>
				<point>205.000000,778.000000</point>
				<point>204.000000,771.000000</point>
				<point>220.000000,769.000000</point>
				<point>221.000000,776.000000</point>
			</points>
		</object>
		<object>
			<coordinate>pixel</coordinate>
			<type>rectangle</type>
			<description>None</description>
			<possibleresult>
				<name>Cargo Truck</name>
			</possibleresult>
			<points>
				<point>6.000000,798.000000</point>
				<point>0.000000,798.000000</point>
				<point>0.000000,786.000000</point>
				<point>6.000000,786.000000</point>
				<point>6.000000,798.000000</point>
			</points>
		</object>
		<object>
			<coordinate>pixel</coordinate>
			<type>rectangle</type>
			<description>None</description>
			<possibleresult>
				<name>Trailer</name>
			</possibleresult>
			<points>
				<point>115.000000,875.000000</point>
				<point>104.000000,880.000000</point>
				<point>87.000000,846.000000</point>
				<point>97.000000,840.000000</point>
				<point>115.000000,875.000000</point>
			</points>
		</object>
		<object>
			<coordinate>pixel</coordinate>
			<type>rectangle</type>
			<description>None</description>
			<possibleresult>
				<name>Small Car</name>
			</possibleresult>
			<points>
				<point>135.000000,899.000000</point>
				<point>128.000000,905.000000</point>
				<point>115.000000,891.000000</point>
				<point>122.000000,885.000000</point>
				<point>135.000000,899.000000</point>
			</points>
		</object>
		<object>
			<coordinate>pixel</coordinate>
			<type>rectangle</type>
			<description>None</description>
			<possibleresult>
				<name>Bus</name>
			</possibleresult>
			<points>
				<point>206.000000,955.000000</point>
				<point>197.000000,964.000000</point>
				<point>167.000000,934.000000</point>
				<point>176.000000,925.000000</point>
				<point>206.000000,955.000000</point>
			</points>
		</object>
		<object>
			<coordinate>pixel</coordinate>
			<type>rectangle</type>
			<description>None</description>
			<possibleresult>
				<name>Bus</name>
			</possibleresult>
			<points>
				<point>268.000000,917.000000</point>
				<point>236.000000,941.000000</point>
				<point>229.000000,931.000000</point>
				<point>261.000000,907.000000</point>
				<point>268.000000,917.000000</point>
			</points>
		</object>
		<object>
			<coordinate>pixel</coordinate>
			<type>rectangle</type>
			<description>None</description>
			<possibleresult>
				<name>Small Car</name>
			</possibleresult>
			<points>
				<point>327.000000,782.000000</point>
				<point>311.000000,782.000000</point>
				<point>311.000000,776.000000</point>
				<point>327.000000,776.000000</point>
				<point>327.000000,782.000000</point>
			</points>
		</object>
		<object>
			<coordinate>pixel</coordinate>
			<type>rectangle</type>
			<description>None</description>
			<possibleresult>
				<name>Small Car</name>
			</possibleresult>
			<points>
				<point>416.000000,761.000000</point>
				<point>394.000000,765.000000</point>
				<point>392.000000,757.000000</point>
				<point>415.000000,754.000000</point>
				<point>416.000000,761.000000</point>
			</points>
		</object>
		<object>
			<coordinate>pixel</coordinate>
			<type>rectangle</type>
			<description>None</description>
			<possibleresult>
				<name>Small Car</name>
			</possibleresult>
			<points>
				<point>496.000000,764.000000</point>
				<point>477.000000,770.000000</point>
				<point>474.000000,762.000000</point>
				<point>493.000000,756.000000</point>
				<point>496.000000,764.000000</point>
			</points>
		</object>
		<object>
			<coordinate>pixel</coordinate>
			<type>rectangle</type>
			<description>None</description>
			<possibleresult>
				<name>Small Car</name>
			</possibleresult>
			<points>
				<point>207.000000,987.000000</point>
				<point>201.000000,993.000000</point>
				<point>188.000000,980.000000</point>
				<point>194.000000,974.000000</point>
				<point>207.000000,987.000000</point>
			</points>
		</object>
		<object>
			<coordinate>pixel</coordinate>
			<type>rectangle</type>
			<description>None</description>
			<possibleresult>
				<name>Small Car</name>
			</possibleresult>
			<points>
				<point>299.000000,946.000000</point>
				<point>285.000000,958.000000</point>
				<point>280.000000,952.000000</point>
				<point>295.000000,941.000000</point>
				<point>299.000000,946.000000</point>
			</points>
		</object>
		<object>
			<coordinate>pixel</coordinate>
			<type>rectangle</type>
			<description>None</description>
			<possibleresult>
				<name>Small Car</name>
			</possibleresult>
			<points>
				<point>327.000000,933.000000</point>
				<point>315.000000,944.000000</point>
				<point>310.000000,938.000000</point>
				<point>323.000000,928.000000</point>
				<point>327.000000,933.000000</point>
			</points>
		</object>
		<object>
			<coordinate>pixel</coordinate>
			<type>rectangle</type>
			<description>None</description>
			<possibleresult>
				<name>Small Car</name>
			</possibleresult>
			<points>
				<point>312.000000,948.000000</point>
				<point>298.000000,960.000000</point>
				<point>292.000000,955.000000</point>
				<point>307.000000,942.000000</point>
				<point>312.000000,948.000000</point>
			</points>
		</object>
		<object>
			<coordinate>pixel</coordinate>
			<type>rectangle</type>
			<description>None</description>
			<possibleresult>
				<name>Small Car</name>
			</possibleresult>
			<points>
				<point>370.000000,909.000000</point>
				<point>357.000000,922.000000</point>
				<point>352.000000,917.000000</point>
				<point>365.000000,904.000000</point>
				<point>370.000000,909.000000</point>
			</points>
		</object>
		<object>
			<coordinate>pixel</coordinate>
			<type>rectangle</type>
			<description>None</description>
			<possibleresult>
				<name>Small Car</name>
			</possibleresult>
			<points>
				<point>352.000000,926.000000</point>
				<point>338.000000,939.000000</point>
				<point>332.000000,932.000000</point>
				<point>346.000000,919.000000</point>
				<point>352.000000,926.000000</point>
			</points>
		</object>
		<object>
			<coordinate>pixel</coordinate>
			<type>rectangle</type>
			<description>None</description>
			<possibleresult>
				<name>Small Car</name>
			</possibleresult>
			<points>
				<point>333.000000,943.000000</point>
				<point>319.000000,953.000000</point>
				<point>314.000000,946.000000</point>
				<point>328.000000,936.000000</point>
				<point>333.000000,943.000000</point>
			</points>
		</object>
		<object>
			<coordinate>pixel</coordinate>
			<type>rectangle</type>
			<description>None</description>
			<possibleresult>
				<name>Small Car</name>
			</possibleresult>
			<points>
				<point>318.000000,955.000000</point>
				<point>303.000000,969.000000</point>
				<point>297.000000,963.000000</point>
				<point>313.000000,950.000000</point>
				<point>318.000000,955.000000</point>
			</points>
		</object>
		<object>
			<coordinate>pixel</coordinate>
			<type>rectangle</type>
			<description>None</description>
			<possibleresult>
				<name>Small Car</name>
			</possibleresult>
			<points>
				<point>608.000000,95.000000</point>
				<point>602.000000,95.000000</point>
				<point>602.000000,79.000000</point>
				<point>608.000000,79.000000</point>
				<point>608.000000,95.000000</point>
			</points>
		</object>
		<object>
			<coordinate>pixel</coordinate>
			<type>rectangle</type>
			<description>None</description>
			<possibleresult>
				<name>Trailer</name>
			</possibleresult>
			<points>
				<point>943.000000,148.000000</point>
				<point>934.000000,153.000000</point>
				<point>922.000000,130.000000</point>
				<point>931.000000,125.000000</point>
				<point>943.000000,148.000000</point>
			</points>
		</object>
		<object>
			<coordinate>pixel</coordinate>
			<type>rectangle</type>
			<description>None</description>
			<possibleresult>
				<name>Cargo Truck</name>
			</possibleresult>
			<points>
				<point>521.000000,781.000000</point>
				<point>516.000000,789.000000</point>
				<point>493.000000,776.000000</point>
				<point>497.000000,767.000000</point>
				<point>521.000000,781.000000</point>
			</points>
		</object>
		<object>
			<coordinate>pixel</coordinate>
			<type>rectangle</type>
			<description>None</description>
			<possibleresult>
				<name>other-vehicle</name>
			</possibleresult>
			<points>
				<point>830.000000,633.000000</point>
				<point>813.000000,645.000000</point>
				<point>807.000000,637.000000</point>
				<point>825.000000,626.000000</point>
				<point>830.000000,633.000000</point>
			</points>
		</object>
		<object>
			<coordinate>pixel</coordinate>
			<type>rectangle</type>
			<description>None</description>
			<possibleresult>
				<name>Bus</name>
			</possibleresult>
			<points>
				<point>63.000000,810.000000</point>
				<point>19.000000,810.000000</point>
				<point>19.000000,797.000000</point>
				<point>63.000000,797.000000</point>
				<point>63.000000,810.000000</point>
			</points>
		</object>
	</objects>
</annotation>