<?xml version="1.0" encoding="utf-8"?>
<annotation>
	<source>
		<filename>567.tif</filename>
		<origin>GF2/GF3</origin>
	</source>
	<research>
		<version>1.0</version>
		<provider>FAIR1M</provider>
		<author>Cyber</author>
		<pluginname>FAIR1M</pluginname>
		<pluginclass>object detection</pluginclass>
		<time>2021-07-21</time>
	</research>
	<size>
		<width>1000</width>
		<height>1000</height>
		<depth>3</depth>
	</size>
	<objects>
		<object>
			<coordinate>pixel</coordinate>
			<type>rectangle</type>
			<description>None</description>
			<possibleresult>
				<name>Van</name>
			</possibleresult>
			<points>
				<point>103.000000,378.000000</point>
				<point>82.000000,378.000000</point>
				<point>82.000000,371.000000</point>
				<point>103.000000,371.000000</point>
				<point>103.000000,378.000000</point>
			</points>
		</object>
		<object>
			<coordinate>pixel</coordinate>
			<type>rectangle</type>
			<description>None</description>
			<possibleresult>
				<name>Van</name>
			</possibleresult>
			<points>
				<point>129.000000,378.000000</point>
				<point>109.000000,378.000000</point>
				<point>109.000000,372.000000</point>
				<point>129.000000,372.000000</point>
				<point>129.000000,378.000000</point>
			</points>
		</object>
		<object>
			<coordinate>pixel</coordinate>
			<type>rectangle</type>
			<description>None</description>
			<possibleresult>
				<name>Dump Truck</name>
			</possibleresult>
			<points>
				<point>176.000000,378.000000</point>
				<point>152.000000,378.000000</point>
				<point>152.000000,371.000000</point>
				<point>176.000000,371.000000</point>
				<point>176.000000,378.000000</point>
			</points>
		</object>
		<object>
			<coordinate>pixel</coordinate>
			<type>rectangle</type>
			<description>None</description>
			<possibleresult>
				<name>Small Car</name>
			</possibleresult>
			<points>
				<point>296.000000,460.000000</point>
				<point>288.000000,460.000000</point>
				<point>286.000000,444.000000</point>
				<point>295.000000,443.000000</point>
				<point>296.000000,460.000000</point>
			</points>
		</object>
		<object>
			<coordinate>pixel</coordinate>
			<type>rectangle</type>
			<description>None</description>
			<possibleresult>
				<name>Van</name>
			</possibleresult>
			<points>
				<point>295.000000,480.000000</point>
				<point>286.000000,480.000000</point>
				<point>286.000000,464.000000</point>
				<point>295.000000,464.000000</point>
				<point>295.000000,480.000000</point>
			</points>
		</object>
		<object>
			<coordinate>pixel</coordinate>
			<type>rectangle</type>
			<description>None</description>
			<possibleresult>
				<name>Small Car</name>
			</possibleresult>
			<points>
				<point>294.000000,599.000000</point>
				<point>286.000000,599.000000</point>
				<point>285.000000,584.000000</point>
				<point>292.000000,583.000000</point>
				<point>294.000000,599.000000</point>
			</points>
		</object>
		<object>
			<coordinate>pixel</coordinate>
			<type>rectangle</type>
			<description>None</description>
			<possibleresult>
				<name>Small Car</name>
			</possibleresult>
			<points>
				<point>294.000000,615.000000</point>
				<point>286.000000,615.000000</point>
				<point>284.000000,601.000000</point>
				<point>293.000000,600.000000</point>
				<point>294.000000,615.000000</point>
			</points>
		</object>
		<object>
			<coordinate>pixel</coordinate>
			<type>rectangle</type>
			<description>None</description>
			<possibleresult>
				<name>Van</name>
			</possibleresult>
			<points>
				<point>309.000000,358.000000</point>
				<point>309.000000,367.000000</point>
				<point>285.000000,366.000000</point>
				<point>285.000000,357.000000</point>
				<point>309.000000,358.000000</point>
			</points>
		</object>
		<object>
			<coordinate>pixel</coordinate>
			<type>rectangle</type>
			<description>None</description>
			<possibleresult>
				<name>Van</name>
			</possibleresult>
			<points>
				<point>386.000000,476.000000</point>
				<point>373.000000,476.000000</point>
				<point>373.000000,470.000000</point>
				<point>386.000000,470.000000</point>
				<point>386.000000,476.000000</point>
			</points>
		</object>
		<object>
			<coordinate>pixel</coordinate>
			<type>rectangle</type>
			<description>None</description>
			<possibleresult>
				<name>Small Car</name>
			</possibleresult>
			<points>
				<point>824.000000,808.000000</point>
				<point>815.000000,808.000000</point>
				<point>815.000000,791.000000</point>
				<point>824.000000,791.000000</point>
				<point>824.000000,808.000000</point>
			</points>
		</object>
		<object>
			<coordinate>pixel</coordinate>
			<type>rectangle</type>
			<description>None</description>
			<possibleresult>
				<name>Small Car</name>
			</possibleresult>
			<points>
				<point>823.000000,478.000000</point>
				<point>814.000000,478.000000</point>
				<point>814.000000,456.000000</point>
				<point>823.000000,456.000000</point>
				<point>823.000000,478.000000</point>
			</points>
		</object>
		<object>
			<coordinate>pixel</coordinate>
			<type>rectangle</type>
			<description>None</description>
			<possibleresult>
				<name>Van</name>
			</possibleresult>
			<points>
				<point>838.000000,472.000000</point>
				<point>830.000000,472.000000</point>
				<point>830.000000,455.000000</point>
				<point>838.000000,455.000000</point>
				<point>838.000000,472.000000</point>
			</points>
		</object>
		<object>
			<coordinate>pixel</coordinate>
			<type>rectangle</type>
			<description>None</description>
			<possibleresult>
				<name>Van</name>
			</possibleresult>
			<points>
				<point>624.000000,369.000000</point>
				<point>624.000000,380.000000</point>
				<point>598.000000,379.000000</point>
				<point>598.000000,368.000000</point>
				<point>624.000000,369.000000</point>
			</points>
		</object>
		<object>
			<coordinate>pixel</coordinate>
			<type>rectangle</type>
			<description>None</description>
			<possibleresult>
				<name>Van</name>
			</possibleresult>
			<points>
				<point>924.000000,230.000000</point>
				<point>914.000000,230.000000</point>
				<point>914.000000,214.000000</point>
				<point>924.000000,214.000000</point>
				<point>924.000000,230.000000</point>
			</points>
		</object>
		<object>
			<coordinate>pixel</coordinate>
			<type>rectangle</type>
			<description>None</description>
			<possibleresult>
				<name>Baseball Field</name>
			</possibleresult>
			<points>
				<point>433.000000,203.000000</point>
				<point>431.000000,326.000000</point>
				<point>284.000000,325.000000</point>
				<point>285.000000,201.000000</point>
				<point>433.000000,203.000000</point>
			</points>
		</object>
	</objects>
</annotation>