<?xml version="1.0" encoding="utf-8"?>
<annotation>
	<source>
		<filename>572.tif</filename>
		<origin>GF2/GF3</origin>
	</source>
	<research>
		<version>1.0</version>
		<provider>FAIR1M</provider>
		<author>Cyber</author>
		<pluginname>FAIR1M</pluginname>
		<pluginclass>object detection</pluginclass>
		<time>2021-07-21</time>
	</research>
	<size>
		<width>1500</width>
		<height>1500</height>
		<depth>3</depth>
	</size>
	<objects>
		<object>
			<coordinate>pixel</coordinate>
			<type>rectangle</type>
			<description>None</description>
			<possibleresult>
				<name>Dry Cargo Ship</name>
			</possibleresult>
			<points>
				<point>767.000000,1121.000000</point>
				<point>772.000000,755.000000</point>
				<point>728.000000,754.000000</point>
				<point>724.000000,1120.000000</point>
				<point>767.000000,1121.000000</point>
			</points>
		</object>
		<object>
			<coordinate>pixel</coordinate>
			<type>rectangle</type>
			<description>None</description>
			<possibleresult>
				<name>Dry Cargo Ship</name>
			</possibleresult>
			<points>
				<point>1253.000000,1315.000000</point>
				<point>884.000000,1311.000000</point>
				<point>883.000000,1364.000000</point>
				<point>1252.000000,1368.000000</point>
				<point>1253.000000,1315.000000</point>
			</points>
		</object>
	</objects>
</annotation>