<?xml version="1.0" encoding="utf-8"?>
<annotation>
	<source>
		<filename>593.tif</filename>
		<origin>GF2/GF3</origin>
	</source>
	<research>
		<version>1.0</version>
		<provider>FAIR1M</provider>
		<author>Cyber</author>
		<pluginname>FAIR1M</pluginname>
		<pluginclass>object detection</pluginclass>
		<time>2021-07-21</time>
	</research>
	<size>
		<width>1500</width>
		<height>1500</height>
		<depth>3</depth>
	</size>
	<objects>
		<object>
			<coordinate>pixel</coordinate>
			<type>rectangle</type>
			<description>None</description>
			<possibleresult>
				<name>Tugboat</name>
			</possibleresult>
			<points>
				<point>820.000000,344.000000</point>
				<point>865.000000,350.000000</point>
				<point>866.000000,337.000000</point>
				<point>821.000000,331.000000</point>
				<point>820.000000,344.000000</point>
			</points>
		</object>
		<object>
			<coordinate>pixel</coordinate>
			<type>rectangle</type>
			<description>None</description>
			<possibleresult>
				<name>Dry Cargo Ship</name>
			</possibleresult>
			<points>
				<point>119.000000,462.000000</point>
				<point>79.000000,480.000000</point>
				<point>85.000000,493.000000</point>
				<point>125.000000,475.000000</point>
				<point>119.000000,462.000000</point>
			</points>
		</object>
		<object>
			<coordinate>pixel</coordinate>
			<type>rectangle</type>
			<description>None</description>
			<possibleresult>
				<name>Dry Cargo Ship</name>
			</possibleresult>
			<points>
				<point>132.000000,471.000000</point>
				<point>90.000000,492.000000</point>
				<point>96.000000,504.000000</point>
				<point>138.000000,485.000000</point>
				<point>132.000000,471.000000</point>
			</points>
		</object>
		<object>
			<coordinate>pixel</coordinate>
			<type>rectangle</type>
			<description>None</description>
			<possibleresult>
				<name>Dry Cargo Ship</name>
			</possibleresult>
			<points>
				<point>85.000000,492.000000</point>
				<point>25.000000,520.000000</point>
				<point>31.000000,534.000000</point>
				<point>92.000000,505.000000</point>
				<point>85.000000,492.000000</point>
			</points>
		</object>
		<object>
			<coordinate>pixel</coordinate>
			<type>rectangle</type>
			<description>None</description>
			<possibleresult>
				<name>Dry Cargo Ship</name>
			</possibleresult>
			<points>
				<point>106.000000,518.000000</point>
				<point>85.000000,527.000000</point>
				<point>89.000000,532.000000</point>
				<point>109.000000,523.000000</point>
				<point>106.000000,518.000000</point>
			</points>
		</object>
		<object>
			<coordinate>pixel</coordinate>
			<type>rectangle</type>
			<description>None</description>
			<possibleresult>
				<name>Dry Cargo Ship</name>
			</possibleresult>
			<points>
				<point>157.000000,495.000000</point>
				<point>123.000000,512.000000</point>
				<point>125.000000,518.000000</point>
				<point>160.000000,502.000000</point>
				<point>157.000000,495.000000</point>
			</points>
		</object>
		<object>
			<coordinate>pixel</coordinate>
			<type>rectangle</type>
			<description>None</description>
			<possibleresult>
				<name>Warship</name>
			</possibleresult>
			<points>
				<point>222.000000,581.000000</point>
				<point>141.000000,578.000000</point>
				<point>141.000000,589.000000</point>
				<point>222.000000,594.000000</point>
				<point>222.000000,581.000000</point>
			</points>
		</object>
		<object>
			<coordinate>pixel</coordinate>
			<type>rectangle</type>
			<description>None</description>
			<possibleresult>
				<name>Warship</name>
			</possibleresult>
			<points>
				<point>221.000000,595.000000</point>
				<point>142.000000,589.000000</point>
				<point>142.000000,604.000000</point>
				<point>220.000000,609.000000</point>
				<point>221.000000,595.000000</point>
			</points>
		</object>
		<object>
			<coordinate>pixel</coordinate>
			<type>rectangle</type>
			<description>None</description>
			<possibleresult>
				<name>Warship</name>
			</possibleresult>
			<points>
				<point>258.000000,620.000000</point>
				<point>145.000000,619.000000</point>
				<point>145.000000,635.000000</point>
				<point>258.000000,637.000000</point>
				<point>258.000000,620.000000</point>
			</points>
		</object>
		<object>
			<coordinate>pixel</coordinate>
			<type>rectangle</type>
			<description>None</description>
			<possibleresult>
				<name>Warship</name>
			</possibleresult>
			<points>
				<point>200.000000,570.000000</point>
				<point>135.000000,553.000000</point>
				<point>132.000000,564.000000</point>
				<point>197.000000,581.000000</point>
				<point>200.000000,570.000000</point>
			</points>
		</object>
		<object>
			<coordinate>pixel</coordinate>
			<type>rectangle</type>
			<description>None</description>
			<possibleresult>
				<name>Warship</name>
			</possibleresult>
			<points>
				<point>284.000000,590.000000</point>
				<point>233.000000,590.000000</point>
				<point>233.000000,604.000000</point>
				<point>284.000000,604.000000</point>
				<point>284.000000,590.000000</point>
			</points>
		</object>
		<object>
			<coordinate>pixel</coordinate>
			<type>rectangle</type>
			<description>None</description>
			<possibleresult>
				<name>other-ship</name>
			</possibleresult>
			<points>
				<point>257.000000,872.000000</point>
				<point>201.000000,872.000000</point>
				<point>201.000000,882.000000</point>
				<point>257.000000,884.000000</point>
				<point>257.000000,872.000000</point>
			</points>
		</object>
		<object>
			<coordinate>pixel</coordinate>
			<type>rectangle</type>
			<description>None</description>
			<possibleresult>
				<name>other-ship</name>
			</possibleresult>
			<points>
				<point>195.000000,872.000000</point>
				<point>141.000000,871.000000</point>
				<point>141.000000,882.000000</point>
				<point>194.000000,882.000000</point>
				<point>195.000000,872.000000</point>
			</points>
		</object>
		<object>
			<coordinate>pixel</coordinate>
			<type>rectangle</type>
			<description>None</description>
			<possibleresult>
				<name>other-ship</name>
			</possibleresult>
			<points>
				<point>277.000000,1023.000000</point>
				<point>247.000000,1022.000000</point>
				<point>247.000000,1029.000000</point>
				<point>277.000000,1029.000000</point>
				<point>277.000000,1023.000000</point>
			</points>
		</object>
		<object>
			<coordinate>pixel</coordinate>
			<type>rectangle</type>
			<description>None</description>
			<possibleresult>
				<name>other-ship</name>
			</possibleresult>
			<points>
				<point>240.000000,1023.000000</point>
				<point>205.000000,1023.000000</point>
				<point>205.000000,1030.000000</point>
				<point>240.000000,1030.000000</point>
				<point>240.000000,1023.000000</point>
			</points>
		</object>
		<object>
			<coordinate>pixel</coordinate>
			<type>rectangle</type>
			<description>None</description>
			<possibleresult>
				<name>other-ship</name>
			</possibleresult>
			<points>
				<point>242.000000,1047.000000</point>
				<point>206.000000,1046.000000</point>
				<point>206.000000,1054.000000</point>
				<point>242.000000,1054.000000</point>
				<point>242.000000,1047.000000</point>
			</points>
		</object>
		<object>
			<coordinate>pixel</coordinate>
			<type>rectangle</type>
			<description>None</description>
			<possibleresult>
				<name>other-ship</name>
			</possibleresult>
			<points>
				<point>168.000000,1031.000000</point>
				<point>201.000000,1030.000000</point>
				<point>201.000000,1025.000000</point>
				<point>168.000000,1025.000000</point>
				<point>168.000000,1031.000000</point>
			</points>
		</object>
		<object>
			<coordinate>pixel</coordinate>
			<type>rectangle</type>
			<description>None</description>
			<possibleresult>
				<name>other-ship</name>
			</possibleresult>
			<points>
				<point>167.000000,1055.000000</point>
				<point>201.000000,1054.000000</point>
				<point>201.000000,1048.000000</point>
				<point>167.000000,1048.000000</point>
				<point>167.000000,1055.000000</point>
			</points>
		</object>
		<object>
			<coordinate>pixel</coordinate>
			<type>rectangle</type>
			<description>None</description>
			<possibleresult>
				<name>other-ship</name>
			</possibleresult>
			<points>
				<point>210.000000,1167.000000</point>
				<point>169.000000,1167.000000</point>
				<point>169.000000,1178.000000</point>
				<point>210.000000,1179.000000</point>
				<point>210.000000,1167.000000</point>
			</points>
		</object>
		<object>
			<coordinate>pixel</coordinate>
			<type>rectangle</type>
			<description>None</description>
			<possibleresult>
				<name>other-ship</name>
			</possibleresult>
			<points>
				<point>247.000000,1167.000000</point>
				<point>225.000000,1169.000000</point>
				<point>225.000000,1173.000000</point>
				<point>247.000000,1171.000000</point>
				<point>247.000000,1167.000000</point>
			</points>
		</object>
		<object>
			<coordinate>pixel</coordinate>
			<type>rectangle</type>
			<description>None</description>
			<possibleresult>
				<name>other-ship</name>
			</possibleresult>
			<points>
				<point>248.000000,1172.000000</point>
				<point>225.000000,1173.000000</point>
				<point>225.000000,1179.000000</point>
				<point>248.000000,1179.000000</point>
				<point>248.000000,1172.000000</point>
			</points>
		</object>
		<object>
			<coordinate>pixel</coordinate>
			<type>rectangle</type>
			<description>None</description>
			<possibleresult>
				<name>other-ship</name>
			</possibleresult>
			<points>
				<point>257.000000,1204.000000</point>
				<point>234.000000,1204.000000</point>
				<point>234.000000,1209.000000</point>
				<point>256.000000,1210.000000</point>
				<point>257.000000,1204.000000</point>
			</points>
		</object>
		<object>
			<coordinate>pixel</coordinate>
			<type>rectangle</type>
			<description>None</description>
			<possibleresult>
				<name>other-ship</name>
			</possibleresult>
			<points>
				<point>256.000000,1196.000000</point>
				<point>234.000000,1195.000000</point>
				<point>234.000000,1203.000000</point>
				<point>256.000000,1203.000000</point>
				<point>256.000000,1196.000000</point>
			</points>
		</object>
		<object>
			<coordinate>pixel</coordinate>
			<type>rectangle</type>
			<description>None</description>
			<possibleresult>
				<name>Motorboat</name>
			</possibleresult>
			<points>
				<point>459.000000,1462.000000</point>
				<point>477.000000,1492.000000</point>
				<point>482.000000,1487.000000</point>
				<point>466.000000,1459.000000</point>
				<point>459.000000,1462.000000</point>
			</points>
		</object>
		<object>
			<coordinate>pixel</coordinate>
			<type>rectangle</type>
			<description>None</description>
			<possibleresult>
				<name>Motorboat</name>
			</possibleresult>
			<points>
				<point>466.000000,1456.000000</point>
				<point>486.000000,1487.000000</point>
				<point>494.000000,1482.000000</point>
				<point>473.000000,1452.000000</point>
				<point>466.000000,1456.000000</point>
			</points>
		</object>
		<object>
			<coordinate>pixel</coordinate>
			<type>rectangle</type>
			<description>None</description>
			<possibleresult>
				<name>Engineering Ship</name>
			</possibleresult>
			<points>
				<point>650.000000,1436.000000</point>
				<point>681.000000,1475.000000</point>
				<point>694.000000,1464.000000</point>
				<point>661.000000,1426.000000</point>
				<point>650.000000,1436.000000</point>
			</points>
		</object>
		<object>
			<coordinate>pixel</coordinate>
			<type>rectangle</type>
			<description>None</description>
			<possibleresult>
				<name>Fishing Boat</name>
			</possibleresult>
			<points>
				<point>668.000000,1431.000000</point>
				<point>691.000000,1456.000000</point>
				<point>696.000000,1453.000000</point>
				<point>672.000000,1428.000000</point>
				<point>668.000000,1431.000000</point>
			</points>
		</object>
		<object>
			<coordinate>pixel</coordinate>
			<type>rectangle</type>
			<description>None</description>
			<possibleresult>
				<name>Fishing Boat</name>
			</possibleresult>
			<points>
				<point>603.000000,1326.000000</point>
				<point>622.000000,1343.000000</point>
				<point>625.000000,1337.000000</point>
				<point>607.000000,1321.000000</point>
				<point>603.000000,1326.000000</point>
			</points>
		</object>
		<object>
			<coordinate>pixel</coordinate>
			<type>rectangle</type>
			<description>None</description>
			<possibleresult>
				<name>Fishing Boat</name>
			</possibleresult>
			<points>
				<point>604.000000,1319.000000</point>
				<point>626.000000,1339.000000</point>
				<point>631.000000,1335.000000</point>
				<point>608.000000,1313.000000</point>
				<point>604.000000,1319.000000</point>
			</points>
		</object>
		<object>
			<coordinate>pixel</coordinate>
			<type>rectangle</type>
			<description>None</description>
			<possibleresult>
				<name>Fishing Boat</name>
			</possibleresult>
			<points>
				<point>613.000000,1315.000000</point>
				<point>629.000000,1331.000000</point>
				<point>633.000000,1328.000000</point>
				<point>616.000000,1312.000000</point>
				<point>613.000000,1315.000000</point>
			</points>
		</object>
		<object>
			<coordinate>pixel</coordinate>
			<type>rectangle</type>
			<description>None</description>
			<possibleresult>
				<name>Fishing Boat</name>
			</possibleresult>
			<points>
				<point>632.000000,1334.000000</point>
				<point>650.000000,1351.000000</point>
				<point>654.000000,1345.000000</point>
				<point>636.000000,1329.000000</point>
				<point>632.000000,1334.000000</point>
			</points>
		</object>
		<object>
			<coordinate>pixel</coordinate>
			<type>rectangle</type>
			<description>None</description>
			<possibleresult>
				<name>Fishing Boat</name>
			</possibleresult>
			<points>
				<point>652.000000,1350.000000</point>
				<point>671.000000,1367.000000</point>
				<point>675.000000,1362.000000</point>
				<point>656.000000,1345.000000</point>
				<point>652.000000,1350.000000</point>
			</points>
		</object>
		<object>
			<coordinate>pixel</coordinate>
			<type>rectangle</type>
			<description>None</description>
			<possibleresult>
				<name>Fishing Boat</name>
			</possibleresult>
			<points>
				<point>673.000000,1311.000000</point>
				<point>656.000000,1288.000000</point>
				<point>651.000000,1293.000000</point>
				<point>667.000000,1314.000000</point>
				<point>673.000000,1311.000000</point>
			</points>
		</object>
		<object>
			<coordinate>pixel</coordinate>
			<type>rectangle</type>
			<description>None</description>
			<possibleresult>
				<name>Fishing Boat</name>
			</possibleresult>
			<points>
				<point>684.000000,1347.000000</point>
				<point>671.000000,1367.000000</point>
				<point>675.000000,1370.000000</point>
				<point>690.000000,1351.000000</point>
				<point>684.000000,1347.000000</point>
			</points>
		</object>
		<object>
			<coordinate>pixel</coordinate>
			<type>rectangle</type>
			<description>None</description>
			<possibleresult>
				<name>Fishing Boat</name>
			</possibleresult>
			<points>
				<point>692.000000,1273.000000</point>
				<point>707.000000,1293.000000</point>
				<point>711.000000,1288.000000</point>
				<point>696.000000,1270.000000</point>
				<point>692.000000,1273.000000</point>
			</points>
		</object>
		<object>
			<coordinate>pixel</coordinate>
			<type>rectangle</type>
			<description>None</description>
			<possibleresult>
				<name>Fishing Boat</name>
			</possibleresult>
			<points>
				<point>717.000000,1286.000000</point>
				<point>702.000000,1268.000000</point>
				<point>698.000000,1270.000000</point>
				<point>711.000000,1288.000000</point>
				<point>717.000000,1286.000000</point>
			</points>
		</object>
		<object>
			<coordinate>pixel</coordinate>
			<type>rectangle</type>
			<description>None</description>
			<possibleresult>
				<name>Fishing Boat</name>
			</possibleresult>
			<points>
				<point>697.000000,1262.000000</point>
				<point>719.000000,1288.000000</point>
				<point>725.000000,1282.000000</point>
				<point>703.000000,1256.000000</point>
				<point>697.000000,1262.000000</point>
			</points>
		</object>
		<object>
			<coordinate>pixel</coordinate>
			<type>rectangle</type>
			<description>None</description>
			<possibleresult>
				<name>Fishing Boat</name>
			</possibleresult>
			<points>
				<point>704.000000,1259.000000</point>
				<point>723.000000,1279.000000</point>
				<point>726.000000,1276.000000</point>
				<point>709.000000,1254.000000</point>
				<point>704.000000,1259.000000</point>
			</points>
		</object>
		<object>
			<coordinate>pixel</coordinate>
			<type>rectangle</type>
			<description>None</description>
			<possibleresult>
				<name>Fishing Boat</name>
			</possibleresult>
			<points>
				<point>705.000000,1252.000000</point>
				<point>725.000000,1275.000000</point>
				<point>731.000000,1270.000000</point>
				<point>711.000000,1246.000000</point>
				<point>705.000000,1252.000000</point>
			</points>
		</object>
		<object>
			<coordinate>pixel</coordinate>
			<type>rectangle</type>
			<description>None</description>
			<possibleresult>
				<name>Fishing Boat</name>
			</possibleresult>
			<points>
				<point>708.000000,1242.000000</point>
				<point>733.000000,1271.000000</point>
				<point>740.000000,1265.000000</point>
				<point>715.000000,1237.000000</point>
				<point>708.000000,1242.000000</point>
			</points>
		</object>
		<object>
			<coordinate>pixel</coordinate>
			<type>rectangle</type>
			<description>None</description>
			<possibleresult>
				<name>Fishing Boat</name>
			</possibleresult>
			<points>
				<point>735.000000,1269.000000</point>
				<point>752.000000,1289.000000</point>
				<point>757.000000,1285.000000</point>
				<point>741.000000,1264.000000</point>
				<point>735.000000,1269.000000</point>
			</points>
		</object>
		<object>
			<coordinate>pixel</coordinate>
			<type>rectangle</type>
			<description>None</description>
			<possibleresult>
				<name>Fishing Boat</name>
			</possibleresult>
			<points>
				<point>750.000000,1295.000000</point>
				<point>767.000000,1315.000000</point>
				<point>772.000000,1311.000000</point>
				<point>754.000000,1290.000000</point>
				<point>750.000000,1295.000000</point>
			</points>
		</object>
		<object>
			<coordinate>pixel</coordinate>
			<type>rectangle</type>
			<description>None</description>
			<possibleresult>
				<name>Fishing Boat</name>
			</possibleresult>
			<points>
				<point>764.000000,1278.000000</point>
				<point>773.000000,1294.000000</point>
				<point>778.000000,1290.000000</point>
				<point>769.000000,1273.000000</point>
				<point>764.000000,1278.000000</point>
			</points>
		</object>
		<object>
			<coordinate>pixel</coordinate>
			<type>rectangle</type>
			<description>None</description>
			<possibleresult>
				<name>Fishing Boat</name>
			</possibleresult>
			<points>
				<point>772.000000,1301.000000</point>
				<point>788.000000,1293.000000</point>
				<point>784.000000,1287.000000</point>
				<point>769.000000,1295.000000</point>
				<point>772.000000,1301.000000</point>
			</points>
		</object>
		<object>
			<coordinate>pixel</coordinate>
			<type>rectangle</type>
			<description>None</description>
			<possibleresult>
				<name>Fishing Boat</name>
			</possibleresult>
			<points>
				<point>744.000000,1242.000000</point>
				<point>755.000000,1256.000000</point>
				<point>760.000000,1253.000000</point>
				<point>749.000000,1237.000000</point>
				<point>744.000000,1242.000000</point>
			</points>
		</object>
		<object>
			<coordinate>pixel</coordinate>
			<type>rectangle</type>
			<description>None</description>
			<possibleresult>
				<name>Fishing Boat</name>
			</possibleresult>
			<points>
				<point>756.000000,1257.000000</point>
				<point>769.000000,1271.000000</point>
				<point>774.000000,1269.000000</point>
				<point>761.000000,1254.000000</point>
				<point>756.000000,1257.000000</point>
			</points>
		</object>
		<object>
			<coordinate>pixel</coordinate>
			<type>rectangle</type>
			<description>None</description>
			<possibleresult>
				<name>Fishing Boat</name>
			</possibleresult>
			<points>
				<point>719.000000,1215.000000</point>
				<point>738.000000,1237.000000</point>
				<point>742.000000,1234.000000</point>
				<point>724.000000,1212.000000</point>
				<point>719.000000,1215.000000</point>
			</points>
		</object>
		<object>
			<coordinate>pixel</coordinate>
			<type>rectangle</type>
			<description>None</description>
			<possibleresult>
				<name>Fishing Boat</name>
			</possibleresult>
			<points>
				<point>748.000000,1230.000000</point>
				<point>731.000000,1211.000000</point>
				<point>726.000000,1214.000000</point>
				<point>744.000000,1235.000000</point>
				<point>748.000000,1230.000000</point>
			</points>
		</object>
		<object>
			<coordinate>pixel</coordinate>
			<type>rectangle</type>
			<description>None</description>
			<possibleresult>
				<name>Fishing Boat</name>
			</possibleresult>
			<points>
				<point>736.000000,1215.000000</point>
				<point>749.000000,1230.000000</point>
				<point>752.000000,1228.000000</point>
				<point>741.000000,1212.000000</point>
				<point>736.000000,1215.000000</point>
			</points>
		</object>
		<object>
			<coordinate>pixel</coordinate>
			<type>rectangle</type>
			<description>None</description>
			<possibleresult>
				<name>Fishing Boat</name>
			</possibleresult>
			<points>
				<point>742.000000,1213.000000</point>
				<point>754.000000,1229.000000</point>
				<point>758.000000,1226.000000</point>
				<point>746.000000,1211.000000</point>
				<point>742.000000,1213.000000</point>
			</points>
		</object>
		<object>
			<coordinate>pixel</coordinate>
			<type>rectangle</type>
			<description>None</description>
			<possibleresult>
				<name>Fishing Boat</name>
			</possibleresult>
			<points>
				<point>749.000000,1207.000000</point>
				<point>763.000000,1225.000000</point>
				<point>767.000000,1220.000000</point>
				<point>752.000000,1204.000000</point>
				<point>749.000000,1207.000000</point>
			</points>
		</object>
		<object>
			<coordinate>pixel</coordinate>
			<type>rectangle</type>
			<description>None</description>
			<possibleresult>
				<name>Fishing Boat</name>
			</possibleresult>
			<points>
				<point>751.000000,1202.000000</point>
				<point>770.000000,1222.000000</point>
				<point>775.000000,1219.000000</point>
				<point>756.000000,1197.000000</point>
				<point>751.000000,1202.000000</point>
			</points>
		</object>
		<object>
			<coordinate>pixel</coordinate>
			<type>rectangle</type>
			<description>None</description>
			<possibleresult>
				<name>Fishing Boat</name>
			</possibleresult>
			<points>
				<point>761.000000,1195.000000</point>
				<point>778.000000,1215.000000</point>
				<point>784.000000,1210.000000</point>
				<point>768.000000,1189.000000</point>
				<point>761.000000,1195.000000</point>
			</points>
		</object>
		<object>
			<coordinate>pixel</coordinate>
			<type>rectangle</type>
			<description>None</description>
			<possibleresult>
				<name>Fishing Boat</name>
			</possibleresult>
			<points>
				<point>769.000000,1190.000000</point>
				<point>785.000000,1210.000000</point>
				<point>790.000000,1205.000000</point>
				<point>774.000000,1187.000000</point>
				<point>769.000000,1190.000000</point>
			</points>
		</object>
		<object>
			<coordinate>pixel</coordinate>
			<type>rectangle</type>
			<description>None</description>
			<possibleresult>
				<name>Fishing Boat</name>
			</possibleresult>
			<points>
				<point>773.000000,1185.000000</point>
				<point>791.000000,1205.000000</point>
				<point>796.000000,1202.000000</point>
				<point>777.000000,1180.000000</point>
				<point>773.000000,1185.000000</point>
			</points>
		</object>
		<object>
			<coordinate>pixel</coordinate>
			<type>rectangle</type>
			<description>None</description>
			<possibleresult>
				<name>Fishing Boat</name>
			</possibleresult>
			<points>
				<point>793.000000,1179.000000</point>
				<point>807.000000,1195.000000</point>
				<point>811.000000,1193.000000</point>
				<point>797.000000,1176.000000</point>
				<point>793.000000,1179.000000</point>
			</points>
		</object>
		<object>
			<coordinate>pixel</coordinate>
			<type>rectangle</type>
			<description>None</description>
			<possibleresult>
				<name>Fishing Boat</name>
			</possibleresult>
			<points>
				<point>797.000000,1173.000000</point>
				<point>815.000000,1195.000000</point>
				<point>820.000000,1192.000000</point>
				<point>800.000000,1170.000000</point>
				<point>797.000000,1173.000000</point>
			</points>
		</object>
		<object>
			<coordinate>pixel</coordinate>
			<type>rectangle</type>
			<description>None</description>
			<possibleresult>
				<name>Fishing Boat</name>
			</possibleresult>
			<points>
				<point>803.000000,1171.000000</point>
				<point>820.000000,1190.000000</point>
				<point>824.000000,1187.000000</point>
				<point>807.000000,1169.000000</point>
				<point>803.000000,1171.000000</point>
			</points>
		</object>
		<object>
			<coordinate>pixel</coordinate>
			<type>rectangle</type>
			<description>None</description>
			<possibleresult>
				<name>Fishing Boat</name>
			</possibleresult>
			<points>
				<point>782.000000,1186.000000</point>
				<point>795.000000,1200.000000</point>
				<point>798.000000,1197.000000</point>
				<point>785.000000,1182.000000</point>
				<point>782.000000,1186.000000</point>
			</points>
		</object>
		<object>
			<coordinate>pixel</coordinate>
			<type>rectangle</type>
			<description>None</description>
			<possibleresult>
				<name>Fishing Boat</name>
			</possibleresult>
			<points>
				<point>783.000000,1179.000000</point>
				<point>798.000000,1196.000000</point>
				<point>800.000000,1195.000000</point>
				<point>786.000000,1177.000000</point>
				<point>783.000000,1179.000000</point>
			</points>
		</object>
		<object>
			<coordinate>pixel</coordinate>
			<type>rectangle</type>
			<description>None</description>
			<possibleresult>
				<name>Fishing Boat</name>
			</possibleresult>
			<points>
				<point>792.000000,1182.000000</point>
				<point>802.000000,1195.000000</point>
				<point>805.000000,1194.000000</point>
				<point>795.000000,1180.000000</point>
				<point>792.000000,1182.000000</point>
			</points>
		</object>
		<object>
			<coordinate>pixel</coordinate>
			<type>rectangle</type>
			<description>None</description>
			<possibleresult>
				<name>Fishing Boat</name>
			</possibleresult>
			<points>
				<point>784.000000,1219.000000</point>
				<point>803.000000,1202.000000</point>
				<point>800.000000,1197.000000</point>
				<point>780.000000,1214.000000</point>
				<point>784.000000,1219.000000</point>
			</points>
		</object>
		<object>
			<coordinate>pixel</coordinate>
			<type>rectangle</type>
			<description>None</description>
			<possibleresult>
				<name>Engineering Ship</name>
			</possibleresult>
			<points>
				<point>772.000000,1230.000000</point>
				<point>802.000000,1260.000000</point>
				<point>815.000000,1246.000000</point>
				<point>783.000000,1219.000000</point>
				<point>772.000000,1230.000000</point>
			</points>
		</object>
		<object>
			<coordinate>pixel</coordinate>
			<type>rectangle</type>
			<description>None</description>
			<possibleresult>
				<name>Fishing Boat</name>
			</possibleresult>
			<points>
				<point>756.000000,1228.000000</point>
				<point>774.000000,1235.000000</point>
				<point>775.000000,1229.000000</point>
				<point>759.000000,1222.000000</point>
				<point>756.000000,1228.000000</point>
			</points>
		</object>
		<object>
			<coordinate>pixel</coordinate>
			<type>rectangle</type>
			<description>None</description>
			<possibleresult>
				<name>Fishing Boat</name>
			</possibleresult>
			<points>
				<point>899.000000,1176.000000</point>
				<point>872.000000,1195.000000</point>
				<point>875.000000,1201.000000</point>
				<point>902.000000,1180.000000</point>
				<point>899.000000,1176.000000</point>
			</points>
		</object>
		<object>
			<coordinate>pixel</coordinate>
			<type>rectangle</type>
			<description>None</description>
			<possibleresult>
				<name>Fishing Boat</name>
			</possibleresult>
			<points>
				<point>906.000000,1172.000000</point>
				<point>875.000000,1204.000000</point>
				<point>882.000000,1211.000000</point>
				<point>914.000000,1179.000000</point>
				<point>906.000000,1172.000000</point>
			</points>
		</object>
		<object>
			<coordinate>pixel</coordinate>
			<type>rectangle</type>
			<description>None</description>
			<possibleresult>
				<name>Fishing Boat</name>
			</possibleresult>
			<points>
				<point>909.000000,1190.000000</point>
				<point>889.000000,1212.000000</point>
				<point>894.000000,1215.000000</point>
				<point>915.000000,1195.000000</point>
				<point>909.000000,1190.000000</point>
			</points>
		</object>
		<object>
			<coordinate>pixel</coordinate>
			<type>rectangle</type>
			<description>None</description>
			<possibleresult>
				<name>Fishing Boat</name>
			</possibleresult>
			<points>
				<point>917.000000,1194.000000</point>
				<point>892.000000,1219.000000</point>
				<point>899.000000,1226.000000</point>
				<point>924.000000,1201.000000</point>
				<point>917.000000,1194.000000</point>
			</points>
		</object>
		<object>
			<coordinate>pixel</coordinate>
			<type>rectangle</type>
			<description>None</description>
			<possibleresult>
				<name>Engineering Ship</name>
			</possibleresult>
			<points>
				<point>1007.000000,1107.000000</point>
				<point>974.000000,1142.000000</point>
				<point>989.000000,1156.000000</point>
				<point>1023.000000,1122.000000</point>
				<point>1007.000000,1107.000000</point>
			</points>
		</object>
		<object>
			<coordinate>pixel</coordinate>
			<type>rectangle</type>
			<description>None</description>
			<possibleresult>
				<name>Engineering Ship</name>
			</possibleresult>
			<points>
				<point>1022.000000,1125.000000</point>
				<point>981.000000,1163.000000</point>
				<point>999.000000,1181.000000</point>
				<point>1039.000000,1142.000000</point>
				<point>1022.000000,1125.000000</point>
			</points>
		</object>
		<object>
			<coordinate>pixel</coordinate>
			<type>rectangle</type>
			<description>None</description>
			<possibleresult>
				<name>Fishing Boat</name>
			</possibleresult>
			<points>
				<point>873.000000,1352.000000</point>
				<point>953.000000,1309.000000</point>
				<point>947.000000,1295.000000</point>
				<point>866.000000,1338.000000</point>
				<point>873.000000,1352.000000</point>
			</points>
		</object>
		<object>
			<coordinate>pixel</coordinate>
			<type>rectangle</type>
			<description>None</description>
			<possibleresult>
				<name>Fishing Boat</name>
			</possibleresult>
			<points>
				<point>895.000000,1362.000000</point>
				<point>949.000000,1332.000000</point>
				<point>941.000000,1317.000000</point>
				<point>885.000000,1345.000000</point>
				<point>895.000000,1362.000000</point>
			</points>
		</object>
		<object>
			<coordinate>pixel</coordinate>
			<type>rectangle</type>
			<description>None</description>
			<possibleresult>
				<name>Fishing Boat</name>
			</possibleresult>
			<points>
				<point>951.000000,1329.000000</point>
				<point>918.000000,1352.000000</point>
				<point>923.000000,1361.000000</point>
				<point>957.000000,1337.000000</point>
				<point>951.000000,1329.000000</point>
			</points>
		</object>
		<object>
			<coordinate>pixel</coordinate>
			<type>rectangle</type>
			<description>None</description>
			<possibleresult>
				<name>Fishing Boat</name>
			</possibleresult>
			<points>
				<point>916.000000,1354.000000</point>
				<point>868.000000,1387.000000</point>
				<point>874.000000,1395.000000</point>
				<point>921.000000,1362.000000</point>
				<point>916.000000,1354.000000</point>
			</points>
		</object>
		<object>
			<coordinate>pixel</coordinate>
			<type>rectangle</type>
			<description>None</description>
			<possibleresult>
				<name>Fishing Boat</name>
			</possibleresult>
			<points>
				<point>900.000000,1382.000000</point>
				<point>856.000000,1420.000000</point>
				<point>861.000000,1427.000000</point>
				<point>905.000000,1389.000000</point>
				<point>900.000000,1382.000000</point>
			</points>
		</object>
		<object>
			<coordinate>pixel</coordinate>
			<type>rectangle</type>
			<description>None</description>
			<possibleresult>
				<name>Dry Cargo Ship</name>
			</possibleresult>
			<points>
				<point>973.000000,1327.000000</point>
				<point>898.000000,1379.000000</point>
				<point>909.000000,1395.000000</point>
				<point>984.000000,1344.000000</point>
				<point>973.000000,1327.000000</point>
			</points>
		</object>
		<object>
			<coordinate>pixel</coordinate>
			<type>rectangle</type>
			<description>None</description>
			<possibleresult>
				<name>Engineering Ship</name>
			</possibleresult>
			<points>
				<point>964.000000,1360.000000</point>
				<point>929.000000,1382.000000</point>
				<point>940.000000,1397.000000</point>
				<point>975.000000,1375.000000</point>
				<point>964.000000,1360.000000</point>
			</points>
		</object>
		<object>
			<coordinate>pixel</coordinate>
			<type>rectangle</type>
			<description>None</description>
			<possibleresult>
				<name>Fishing Boat</name>
			</possibleresult>
			<points>
				<point>975.000000,1373.000000</point>
				<point>941.000000,1397.000000</point>
				<point>946.000000,1404.000000</point>
				<point>979.000000,1380.000000</point>
				<point>975.000000,1373.000000</point>
			</points>
		</object>
		<object>
			<coordinate>pixel</coordinate>
			<type>rectangle</type>
			<description>None</description>
			<possibleresult>
				<name>Fishing Boat</name>
			</possibleresult>
			<points>
				<point>977.000000,1382.000000</point>
				<point>948.000000,1404.000000</point>
				<point>951.000000,1411.000000</point>
				<point>982.000000,1389.000000</point>
				<point>977.000000,1382.000000</point>
			</points>
		</object>
		<object>
			<coordinate>pixel</coordinate>
			<type>rectangle</type>
			<description>None</description>
			<possibleresult>
				<name>Fishing Boat</name>
			</possibleresult>
			<points>
				<point>982.000000,1396.000000</point>
				<point>964.000000,1410.000000</point>
				<point>967.000000,1413.000000</point>
				<point>985.000000,1401.000000</point>
				<point>982.000000,1396.000000</point>
			</points>
		</object>
		<object>
			<coordinate>pixel</coordinate>
			<type>rectangle</type>
			<description>None</description>
			<possibleresult>
				<name>Dry Cargo Ship</name>
			</possibleresult>
			<points>
				<point>952.000000,1476.000000</point>
				<point>1023.000000,1422.000000</point>
				<point>1011.000000,1406.000000</point>
				<point>941.000000,1460.000000</point>
				<point>952.000000,1476.000000</point>
			</points>
		</object>
		<object>
			<coordinate>pixel</coordinate>
			<type>rectangle</type>
			<description>None</description>
			<possibleresult>
				<name>Fishing Boat</name>
			</possibleresult>
			<points>
				<point>939.000000,1445.000000</point>
				<point>956.000000,1428.000000</point>
				<point>950.000000,1422.000000</point>
				<point>932.000000,1437.000000</point>
				<point>939.000000,1445.000000</point>
			</points>
		</object>
		<object>
			<coordinate>pixel</coordinate>
			<type>rectangle</type>
			<description>None</description>
			<possibleresult>
				<name>Fishing Boat</name>
			</possibleresult>
			<points>
				<point>945.000000,1447.000000</point>
				<point>960.000000,1432.000000</point>
				<point>956.000000,1429.000000</point>
				<point>942.000000,1444.000000</point>
				<point>945.000000,1447.000000</point>
			</points>
		</object>
		<object>
			<coordinate>pixel</coordinate>
			<type>rectangle</type>
			<description>None</description>
			<possibleresult>
				<name>Fishing Boat</name>
			</possibleresult>
			<points>
				<point>945.000000,1459.000000</point>
				<point>973.000000,1436.000000</point>
				<point>967.000000,1429.000000</point>
				<point>939.000000,1453.000000</point>
				<point>945.000000,1459.000000</point>
			</points>
		</object>
		<object>
			<coordinate>pixel</coordinate>
			<type>rectangle</type>
			<description>None</description>
			<possibleresult>
				<name>Fishing Boat</name>
			</possibleresult>
			<points>
				<point>974.000000,1479.000000</point>
				<point>999.000000,1453.000000</point>
				<point>993.000000,1445.000000</point>
				<point>967.000000,1472.000000</point>
				<point>974.000000,1479.000000</point>
			</points>
		</object>
		<object>
			<coordinate>pixel</coordinate>
			<type>rectangle</type>
			<description>None</description>
			<possibleresult>
				<name>Dry Cargo Ship</name>
			</possibleresult>
			<points>
				<point>974.000000,1514.000000</point>
				<point>1033.000000,1448.000000</point>
				<point>1018.000000,1432.000000</point>
				<point>956.000000,1500.000000</point>
				<point>974.000000,1514.000000</point>
			</points>
		</object>
		<object>
			<coordinate>pixel</coordinate>
			<type>rectangle</type>
			<description>None</description>
			<possibleresult>
				<name>Fishing Boat</name>
			</possibleresult>
			<points>
				<point>1011.000000,1472.000000</point>
				<point>986.000000,1502.000000</point>
				<point>994.000000,1507.000000</point>
				<point>1019.000000,1479.000000</point>
				<point>1011.000000,1472.000000</point>
			</points>
		</object>
		<object>
			<coordinate>pixel</coordinate>
			<type>rectangle</type>
			<description>None</description>
			<possibleresult>
				<name>Dry Cargo Ship</name>
			</possibleresult>
			<points>
				<point>1166.000000,390.000000</point>
				<point>891.000000,322.000000</point>
				<point>878.000000,372.000000</point>
				<point>1153.000000,440.000000</point>
				<point>1166.000000,390.000000</point>
			</points>
		</object>
		<object>
			<coordinate>pixel</coordinate>
			<type>rectangle</type>
			<description>None</description>
			<possibleresult>
				<name>Passenger Ship</name>
			</possibleresult>
			<points>
				<point>1303.000000,280.000000</point>
				<point>1353.000000,281.000000</point>
				<point>1353.000000,270.000000</point>
				<point>1304.000000,270.000000</point>
				<point>1303.000000,280.000000</point>
			</points>
		</object>
		<object>
			<coordinate>pixel</coordinate>
			<type>rectangle</type>
			<description>None</description>
			<possibleresult>
				<name>Motorboat</name>
			</possibleresult>
			<points>
				<point>1154.000000,1052.000000</point>
				<point>1144.000000,1035.000000</point>
				<point>1136.000000,1038.000000</point>
				<point>1148.000000,1056.000000</point>
				<point>1154.000000,1052.000000</point>
			</points>
		</object>
		<object>
			<coordinate>pixel</coordinate>
			<type>rectangle</type>
			<description>None</description>
			<possibleresult>
				<name>Motorboat</name>
			</possibleresult>
			<points>
				<point>1146.000000,1088.000000</point>
				<point>1168.000000,1077.000000</point>
				<point>1164.000000,1070.000000</point>
				<point>1142.000000,1080.000000</point>
				<point>1146.000000,1088.000000</point>
			</points>
		</object>
		<object>
			<coordinate>pixel</coordinate>
			<type>rectangle</type>
			<description>None</description>
			<possibleresult>
				<name>Bridge</name>
			</possibleresult>
			<points>
				<point>1329.000000,484.000000</point>
				<point>1339.000000,440.000000</point>
				<point>1327.000000,438.000000</point>
				<point>1318.000000,482.000000</point>
				<point>1329.000000,484.000000</point>
			</points>
		</object>
		<object>
			<coordinate>pixel</coordinate>
			<type>rectangle</type>
			<description>None</description>
			<possibleresult>
				<name>Bridge</name>
			</possibleresult>
			<points>
				<point>992.000000,549.000000</point>
				<point>999.000000,520.000000</point>
				<point>987.000000,518.000000</point>
				<point>981.000000,547.000000</point>
				<point>992.000000,549.000000</point>
			</points>
		</object>
		<object>
			<coordinate>pixel</coordinate>
			<type>rectangle</type>
			<description>None</description>
			<possibleresult>
				<name>Bridge</name>
			</possibleresult>
			<points>
				<point>814.000000,529.000000</point>
				<point>826.000000,475.000000</point>
				<point>807.000000,472.000000</point>
				<point>795.000000,526.000000</point>
				<point>814.000000,529.000000</point>
			</points>
		</object>
		<object>
			<coordinate>pixel</coordinate>
			<type>rectangle</type>
			<description>None</description>
			<possibleresult>
				<name>Bridge</name>
			</possibleresult>
			<points>
				<point>1151.000000,367.000000</point>
				<point>1157.000000,340.000000</point>
				<point>1146.000000,338.000000</point>
				<point>1140.000000,365.000000</point>
				<point>1151.000000,367.000000</point>
			</points>
		</object>
		<object>
			<coordinate>pixel</coordinate>
			<type>rectangle</type>
			<description>None</description>
			<possibleresult>
				<name>Roundabout</name>
			</possibleresult>
			<points>
				<point>940.000000,922.000000</point>
				<point>940.000000,890.000000</point>
				<point>972.000000,890.000000</point>
				<point>972.000000,922.000000</point>
				<point>940.000000,922.000000</point>
			</points>
		</object>
		<object>
			<coordinate>pixel</coordinate>
			<type>rectangle</type>
			<description>None</description>
			<possibleresult>
				<name>Intersection</name>
			</possibleresult>
			<points>
				<point>533.000000,704.000000</point>
				<point>534.000000,692.000000</point>
				<point>548.000000,692.000000</point>
				<point>548.000000,704.000000</point>
				<point>533.000000,704.000000</point>
			</points>
		</object>
		<object>
			<coordinate>pixel</coordinate>
			<type>rectangle</type>
			<description>None</description>
			<possibleresult>
				<name>Intersection</name>
			</possibleresult>
			<points>
				<point>561.000000,833.000000</point>
				<point>561.000000,820.000000</point>
				<point>576.000000,820.000000</point>
				<point>576.000000,833.000000</point>
				<point>561.000000,833.000000</point>
			</points>
		</object>
		<object>
			<coordinate>pixel</coordinate>
			<type>rectangle</type>
			<description>None</description>
			<possibleresult>
				<name>Bridge</name>
			</possibleresult>
			<points>
				<point>1192.000000,1159.000000</point>
				<point>1113.000000,1038.000000</point>
				<point>1033.000000,1087.000000</point>
				<point>1111.000000,1209.000000</point>
				<point>1192.000000,1159.000000</point>
			</points>
		</object>
	</objects>
</annotation>