<?xml version="1.0" encoding="utf-8"?>
<annotation>
	<source>
		<filename>606.tif</filename>
		<origin>GF2/GF3</origin>
	</source>
	<research>
		<version>1.0</version>
		<provider>FAIR1M</provider>
		<author>Cyber</author>
		<pluginname>FAIR1M</pluginname>
		<pluginclass>object detection</pluginclass>
		<time>2021-07-21</time>
	</research>
	<size>
		<width>1000</width>
		<height>1000</height>
		<depth>3</depth>
	</size>
	<objects>
		<object>
			<coordinate>pixel</coordinate>
			<type>rectangle</type>
			<description>None</description>
			<possibleresult>
				<name>A220</name>
			</possibleresult>
			<points>
				<point>684.000000,64.000000</point>
				<point>711.000000,121.000000</point>
				<point>770.000000,94.000000</point>
				<point>743.000000,36.000000</point>
				<point>684.000000,64.000000</point>
			</points>
		</object>
		<object>
			<coordinate>pixel</coordinate>
			<type>rectangle</type>
			<description>None</description>
			<possibleresult>
				<name>A220</name>
			</possibleresult>
			<points>
				<point>1010.000000,387.000000</point>
				<point>979.000000,323.000000</point>
				<point>919.000000,351.000000</point>
				<point>950.000000,416.000000</point>
				<point>1010.000000,387.000000</point>
			</points>
		</object>
		<object>
			<coordinate>pixel</coordinate>
			<type>rectangle</type>
			<description>None</description>
			<possibleresult>
				<name>Boeing737</name>
			</possibleresult>
			<points>
				<point>791.000000,491.000000</point>
				<point>763.000000,433.000000</point>
				<point>706.000000,461.000000</point>
				<point>735.000000,519.000000</point>
				<point>791.000000,491.000000</point>
			</points>
		</object>
		<object>
			<coordinate>pixel</coordinate>
			<type>rectangle</type>
			<description>None</description>
			<possibleresult>
				<name>A220</name>
			</possibleresult>
			<points>
				<point>734.000000,574.000000</point>
				<point>661.000000,570.000000</point>
				<point>658.000000,634.000000</point>
				<point>731.000000,637.000000</point>
				<point>734.000000,574.000000</point>
			</points>
		</object>
		<object>
			<coordinate>pixel</coordinate>
			<type>rectangle</type>
			<description>None</description>
			<possibleresult>
				<name>Boeing737</name>
			</possibleresult>
			<points>
				<point>944.000000,711.000000</point>
				<point>967.000000,763.000000</point>
				<point>1026.000000,736.000000</point>
				<point>1003.000000,685.000000</point>
				<point>944.000000,711.000000</point>
			</points>
		</object>
	</objects>
</annotation>