<?xml version="1.0" encoding="utf-8"?>
<annotation>
	<source>
		<filename>612.tif</filename>
		<origin>GF2/GF3</origin>
	</source>
	<research>
		<version>1.0</version>
		<provider>FAIR1M</provider>
		<author>Cyber</author>
		<pluginname>FAIR1M</pluginname>
		<pluginclass>object detection</pluginclass>
		<time>2021-07-21</time>
	</research>
	<size>
		<width>1000</width>
		<height>1000</height>
		<depth>3</depth>
	</size>
	<objects>
		<object>
			<coordinate>pixel</coordinate>
			<type>rectangle</type>
			<description>None</description>
			<possibleresult>
				<name>Small Car</name>
			</possibleresult>
			<points>
				<point>244.000000,741.000000</point>
				<point>238.000000,749.000000</point>
				<point>219.000000,737.000000</point>
				<point>224.000000,728.000000</point>
				<point>244.000000,741.000000</point>
			</points>
		</object>
		<object>
			<coordinate>pixel</coordinate>
			<type>rectangle</type>
			<description>None</description>
			<possibleresult>
				<name>Van</name>
			</possibleresult>
			<points>
				<point>650.000000,874.000000</point>
				<point>627.000000,874.000000</point>
				<point>627.000000,866.000000</point>
				<point>650.000000,866.000000</point>
				<point>650.000000,874.000000</point>
			</points>
		</object>
		<object>
			<coordinate>pixel</coordinate>
			<type>rectangle</type>
			<description>None</description>
			<possibleresult>
				<name>Van</name>
			</possibleresult>
			<points>
				<point>591.000000,866.000000</point>
				<point>590.000000,874.000000</point>
				<point>566.000000,873.000000</point>
				<point>567.000000,865.000000</point>
				<point>591.000000,866.000000</point>
			</points>
		</object>
		<object>
			<coordinate>pixel</coordinate>
			<type>rectangle</type>
			<description>None</description>
			<possibleresult>
				<name>Cargo Truck</name>
			</possibleresult>
			<points>
				<point>823.000000,902.000000</point>
				<point>777.000000,902.000000</point>
				<point>777.000000,893.000000</point>
				<point>823.000000,893.000000</point>
				<point>823.000000,902.000000</point>
			</points>
		</object>
		<object>
			<coordinate>pixel</coordinate>
			<type>rectangle</type>
			<description>None</description>
			<possibleresult>
				<name>Van</name>
			</possibleresult>
			<points>
				<point>1000.000000,183.000000</point>
				<point>988.000000,191.000000</point>
				<point>984.000000,184.000000</point>
				<point>1000.000000,173.000000</point>
				<point>1000.000000,183.000000</point>
			</points>
		</object>
		<object>
			<coordinate>pixel</coordinate>
			<type>rectangle</type>
			<description>None</description>
			<possibleresult>
				<name>Dump Truck</name>
			</possibleresult>
			<points>
				<point>991.000000,114.000000</point>
				<point>974.000000,126.000000</point>
				<point>969.000000,118.000000</point>
				<point>985.000000,107.000000</point>
				<point>991.000000,114.000000</point>
			</points>
		</object>
		<object>
			<coordinate>pixel</coordinate>
			<type>rectangle</type>
			<description>None</description>
			<possibleresult>
				<name>Small Car</name>
			</possibleresult>
			<points>
				<point>937.000000,212.000000</point>
				<point>919.000000,223.000000</point>
				<point>915.000000,216.000000</point>
				<point>932.000000,204.000000</point>
				<point>937.000000,212.000000</point>
			</points>
		</object>
		<object>
			<coordinate>pixel</coordinate>
			<type>rectangle</type>
			<description>None</description>
			<possibleresult>
				<name>Small Car</name>
			</possibleresult>
			<points>
				<point>775.000000,244.000000</point>
				<point>756.000000,256.000000</point>
				<point>751.000000,250.000000</point>
				<point>771.000000,237.000000</point>
				<point>775.000000,244.000000</point>
			</points>
		</object>
		<object>
			<coordinate>pixel</coordinate>
			<type>rectangle</type>
			<description>None</description>
			<possibleresult>
				<name>Small Car</name>
			</possibleresult>
			<points>
				<point>695.000000,314.000000</point>
				<point>679.000000,323.000000</point>
				<point>676.000000,315.000000</point>
				<point>691.000000,307.000000</point>
				<point>695.000000,314.000000</point>
			</points>
		</object>
		<object>
			<coordinate>pixel</coordinate>
			<type>rectangle</type>
			<description>None</description>
			<possibleresult>
				<name>Small Car</name>
			</possibleresult>
			<points>
				<point>265.000000,759.000000</point>
				<point>261.000000,766.000000</point>
				<point>245.000000,756.000000</point>
				<point>249.000000,749.000000</point>
				<point>265.000000,759.000000</point>
			</points>
		</object>
		<object>
			<coordinate>pixel</coordinate>
			<type>rectangle</type>
			<description>None</description>
			<possibleresult>
				<name>Van</name>
			</possibleresult>
			<points>
				<point>235.000000,751.000000</point>
				<point>230.000000,759.000000</point>
				<point>212.000000,748.000000</point>
				<point>217.000000,740.000000</point>
				<point>235.000000,751.000000</point>
			</points>
		</object>
		<object>
			<coordinate>pixel</coordinate>
			<type>rectangle</type>
			<description>None</description>
			<possibleresult>
				<name>Small Car</name>
			</possibleresult>
			<points>
				<point>214.000000,642.000000</point>
				<point>198.000000,652.000000</point>
				<point>192.000000,643.000000</point>
				<point>208.000000,633.000000</point>
				<point>214.000000,642.000000</point>
			</points>
		</object>
		<object>
			<coordinate>pixel</coordinate>
			<type>rectangle</type>
			<description>None</description>
			<possibleresult>
				<name>Intersection</name>
			</possibleresult>
			<points>
				<point>206.000000,720.000000</point>
				<point>154.000000,747.000000</point>
				<point>127.000000,695.000000</point>
				<point>179.000000,668.000000</point>
				<point>206.000000,720.000000</point>
			</points>
		</object>
		<object>
			<coordinate>pixel</coordinate>
			<type>rectangle</type>
			<description>None</description>
			<possibleresult>
				<name>Small Car</name>
			</possibleresult>
			<points>
				<point>131.000000,968.000000</point>
				<point>122.000000,968.000000</point>
				<point>122.000000,950.000000</point>
				<point>131.000000,950.000000</point>
				<point>131.000000,968.000000</point>
			</points>
		</object>
		<object>
			<coordinate>pixel</coordinate>
			<type>rectangle</type>
			<description>None</description>
			<possibleresult>
				<name>Van</name>
			</possibleresult>
			<points>
				<point>118.000000,966.000000</point>
				<point>112.000000,966.000000</point>
				<point>112.000000,950.000000</point>
				<point>118.000000,950.000000</point>
				<point>118.000000,966.000000</point>
			</points>
		</object>
		<object>
			<coordinate>pixel</coordinate>
			<type>rectangle</type>
			<description>None</description>
			<possibleresult>
				<name>Small Car</name>
			</possibleresult>
			<points>
				<point>57.000000,992.000000</point>
				<point>41.000000,992.000000</point>
				<point>41.000000,985.000000</point>
				<point>57.000000,985.000000</point>
				<point>57.000000,992.000000</point>
			</points>
		</object>
		<object>
			<coordinate>pixel</coordinate>
			<type>rectangle</type>
			<description>None</description>
			<possibleresult>
				<name>Van</name>
			</possibleresult>
			<points>
				<point>61.000000,985.000000</point>
				<point>40.000000,985.000000</point>
				<point>40.000000,977.000000</point>
				<point>61.000000,977.000000</point>
				<point>61.000000,985.000000</point>
			</points>
		</object>
		<object>
			<coordinate>pixel</coordinate>
			<type>rectangle</type>
			<description>None</description>
			<possibleresult>
				<name>Dump Truck</name>
			</possibleresult>
			<points>
				<point>58.000000,976.000000</point>
				<point>42.000000,976.000000</point>
				<point>42.000000,968.000000</point>
				<point>58.000000,968.000000</point>
				<point>58.000000,976.000000</point>
			</points>
		</object>
		<object>
			<coordinate>pixel</coordinate>
			<type>rectangle</type>
			<description>None</description>
			<possibleresult>
				<name>Cargo Truck</name>
			</possibleresult>
			<points>
				<point>164.000000,801.000000</point>
				<point>163.000000,811.000000</point>
				<point>133.000000,808.000000</point>
				<point>134.000000,798.000000</point>
				<point>164.000000,801.000000</point>
			</points>
		</object>
		<object>
			<coordinate>pixel</coordinate>
			<type>rectangle</type>
			<description>None</description>
			<possibleresult>
				<name>Van</name>
			</possibleresult>
			<points>
				<point>135.000000,728.000000</point>
				<point>119.000000,737.000000</point>
				<point>114.000000,729.000000</point>
				<point>130.000000,720.000000</point>
				<point>135.000000,728.000000</point>
			</points>
		</object>
		<object>
			<coordinate>pixel</coordinate>
			<type>rectangle</type>
			<description>None</description>
			<possibleresult>
				<name>Small Car</name>
			</possibleresult>
			<points>
				<point>84.000000,804.000000</point>
				<point>68.000000,806.000000</point>
				<point>67.000000,799.000000</point>
				<point>84.000000,798.000000</point>
				<point>84.000000,804.000000</point>
			</points>
		</object>
		<object>
			<coordinate>pixel</coordinate>
			<type>rectangle</type>
			<description>None</description>
			<possibleresult>
				<name>Van</name>
			</possibleresult>
			<points>
				<point>80.000000,753.000000</point>
				<point>65.000000,761.000000</point>
				<point>61.000000,754.000000</point>
				<point>76.000000,747.000000</point>
				<point>80.000000,753.000000</point>
			</points>
		</object>
		<object>
			<coordinate>pixel</coordinate>
			<type>rectangle</type>
			<description>None</description>
			<possibleresult>
				<name>Small Car</name>
			</possibleresult>
			<points>
				<point>15.000000,815.000000</point>
				<point>0.000000,817.000000</point>
				<point>0.000000,808.000000</point>
				<point>14.000000,806.000000</point>
				<point>15.000000,815.000000</point>
			</points>
		</object>
		<object>
			<coordinate>pixel</coordinate>
			<type>rectangle</type>
			<description>None</description>
			<possibleresult>
				<name>Small Car</name>
			</possibleresult>
			<points>
				<point>202.000000,985.000000</point>
				<point>193.000000,985.000000</point>
				<point>193.000000,967.000000</point>
				<point>202.000000,967.000000</point>
				<point>202.000000,985.000000</point>
			</points>
		</object>
	</objects>
</annotation>