<?xml version="1.0" encoding="utf-8"?>
<annotation>
	<source>
		<filename>613.tif</filename>
		<origin>GF2/GF3</origin>
	</source>
	<research>
		<version>1.0</version>
		<provider>FAIR1M</provider>
		<author>Cyber</author>
		<pluginname>FAIR1M</pluginname>
		<pluginclass>object detection</pluginclass>
		<time>2021-07-21</time>
	</research>
	<size>
		<width>1500</width>
		<height>1500</height>
		<depth>3</depth>
	</size>
	<objects>
		<object>
			<coordinate>pixel</coordinate>
			<type>rectangle</type>
			<description>None</description>
			<possibleresult>
				<name>Dry Cargo Ship</name>
			</possibleresult>
			<points>
				<point>1273.000000,1016.000000</point>
				<point>1419.000000,1127.000000</point>
				<point>1434.000000,1107.000000</point>
				<point>1288.000000,996.000000</point>
				<point>1273.000000,1016.000000</point>
			</points>
		</object>
		<object>
			<coordinate>pixel</coordinate>
			<type>rectangle</type>
			<description>None</description>
			<possibleresult>
				<name>Liquid Cargo Ship</name>
			</possibleresult>
			<points>
				<point>678.000000,863.000000</point>
				<point>767.000000,833.000000</point>
				<point>759.000000,815.000000</point>
				<point>673.000000,845.000000</point>
				<point>678.000000,863.000000</point>
			</points>
		</object>
		<object>
			<coordinate>pixel</coordinate>
			<type>rectangle</type>
			<description>None</description>
			<possibleresult>
				<name>Liquid Cargo Ship</name>
			</possibleresult>
			<points>
				<point>771.000000,815.000000</point>
				<point>840.000000,788.000000</point>
				<point>834.000000,777.000000</point>
				<point>767.000000,804.000000</point>
				<point>771.000000,815.000000</point>
			</points>
		</object>
		<object>
			<coordinate>pixel</coordinate>
			<type>rectangle</type>
			<description>None</description>
			<possibleresult>
				<name>Liquid Cargo Ship</name>
			</possibleresult>
			<points>
				<point>775.000000,827.000000</point>
				<point>844.000000,800.000000</point>
				<point>840.000000,788.000000</point>
				<point>769.000000,815.000000</point>
				<point>775.000000,827.000000</point>
			</points>
		</object>
		<object>
			<coordinate>pixel</coordinate>
			<type>rectangle</type>
			<description>None</description>
			<possibleresult>
				<name>Passenger Ship</name>
			</possibleresult>
			<points>
				<point>698.000000,836.000000</point>
				<point>757.000000,815.000000</point>
				<point>753.000000,804.000000</point>
				<point>692.000000,825.000000</point>
				<point>698.000000,836.000000</point>
			</points>
		</object>
		<object>
			<coordinate>pixel</coordinate>
			<type>rectangle</type>
			<description>None</description>
			<possibleresult>
				<name>Fishing Boat</name>
			</possibleresult>
			<points>
				<point>713.000000,816.000000</point>
				<point>746.000000,806.000000</point>
				<point>744.000000,800.000000</point>
				<point>711.000000,811.000000</point>
				<point>713.000000,816.000000</point>
			</points>
		</object>
		<object>
			<coordinate>pixel</coordinate>
			<type>rectangle</type>
			<description>None</description>
			<possibleresult>
				<name>Motorboat</name>
			</possibleresult>
			<points>
				<point>407.000000,955.000000</point>
				<point>430.000000,950.000000</point>
				<point>429.000000,945.000000</point>
				<point>405.000000,950.000000</point>
				<point>407.000000,955.000000</point>
			</points>
		</object>
		<object>
			<coordinate>pixel</coordinate>
			<type>rectangle</type>
			<description>None</description>
			<possibleresult>
				<name>Motorboat</name>
			</possibleresult>
			<points>
				<point>405.000000,949.000000</point>
				<point>430.000000,942.000000</point>
				<point>429.000000,937.000000</point>
				<point>404.000000,944.000000</point>
				<point>405.000000,949.000000</point>
			</points>
		</object>
		<object>
			<coordinate>pixel</coordinate>
			<type>rectangle</type>
			<description>None</description>
			<possibleresult>
				<name>Motorboat</name>
			</possibleresult>
			<points>
				<point>404.000000,943.000000</point>
				<point>427.000000,935.000000</point>
				<point>425.000000,930.000000</point>
				<point>402.000000,938.000000</point>
				<point>404.000000,943.000000</point>
			</points>
		</object>
		<object>
			<coordinate>pixel</coordinate>
			<type>rectangle</type>
			<description>None</description>
			<possibleresult>
				<name>Motorboat</name>
			</possibleresult>
			<points>
				<point>407.000000,961.000000</point>
				<point>430.000000,956.000000</point>
				<point>429.000000,950.000000</point>
				<point>406.000000,956.000000</point>
				<point>407.000000,961.000000</point>
			</points>
		</object>
		<object>
			<coordinate>pixel</coordinate>
			<type>rectangle</type>
			<description>None</description>
			<possibleresult>
				<name>Liquid Cargo Ship</name>
			</possibleresult>
			<points>
				<point>755.000000,75.000000</point>
				<point>684.000000,77.000000</point>
				<point>684.000000,93.000000</point>
				<point>755.000000,90.000000</point>
				<point>755.000000,75.000000</point>
			</points>
		</object>
		<object>
			<coordinate>pixel</coordinate>
			<type>rectangle</type>
			<description>None</description>
			<possibleresult>
				<name>Bridge</name>
			</possibleresult>
			<points>
				<point>110.000000,1083.000000</point>
				<point>210.000000,845.000000</point>
				<point>220.000000,849.000000</point>
				<point>120.000000,1087.000000</point>
				<point>110.000000,1083.000000</point>
			</points>
		</object>
	</objects>
</annotation>