<?xml version="1.0" encoding="utf-8"?>
<annotation>
	<source>
		<filename>614.tif</filename>
		<origin>GF2/GF3</origin>
	</source>
	<research>
		<version>1.0</version>
		<provider>FAIR1M</provider>
		<author>Cyber</author>
		<pluginname>FAIR1M</pluginname>
		<pluginclass>object detection</pluginclass>
		<time>2021-07-21</time>
	</research>
	<size>
		<width>1500</width>
		<height>1500</height>
		<depth>3</depth>
	</size>
	<objects>
		<object>
			<coordinate>pixel</coordinate>
			<type>rectangle</type>
			<description>None</description>
			<possibleresult>
				<name>Passenger Ship</name>
			</possibleresult>
			<points>
				<point>61.000000,605.000000</point>
				<point>25.000000,568.000000</point>
				<point>14.000000,579.000000</point>
				<point>48.000000,617.000000</point>
				<point>61.000000,605.000000</point>
			</points>
		</object>
		<object>
			<coordinate>pixel</coordinate>
			<type>rectangle</type>
			<description>None</description>
			<possibleresult>
				<name>Motorboat</name>
			</possibleresult>
			<points>
				<point>128.000000,577.000000</point>
				<point>98.000000,548.000000</point>
				<point>91.000000,556.000000</point>
				<point>121.000000,585.000000</point>
				<point>128.000000,577.000000</point>
			</points>
		</object>
		<object>
			<coordinate>pixel</coordinate>
			<type>rectangle</type>
			<description>None</description>
			<possibleresult>
				<name>Motorboat</name>
			</possibleresult>
			<points>
				<point>99.000000,547.000000</point>
				<point>70.000000,519.000000</point>
				<point>62.000000,527.000000</point>
				<point>91.000000,555.000000</point>
				<point>99.000000,547.000000</point>
			</points>
		</object>
		<object>
			<coordinate>pixel</coordinate>
			<type>rectangle</type>
			<description>None</description>
			<possibleresult>
				<name>Motorboat</name>
			</possibleresult>
			<points>
				<point>137.000000,575.000000</point>
				<point>111.000000,550.000000</point>
				<point>105.000000,556.000000</point>
				<point>130.000000,581.000000</point>
				<point>137.000000,575.000000</point>
			</points>
		</object>
		<object>
			<coordinate>pixel</coordinate>
			<type>rectangle</type>
			<description>None</description>
			<possibleresult>
				<name>Motorboat</name>
			</possibleresult>
			<points>
				<point>145.000000,567.000000</point>
				<point>118.000000,540.000000</point>
				<point>112.000000,547.000000</point>
				<point>137.000000,573.000000</point>
				<point>145.000000,567.000000</point>
			</points>
		</object>
		<object>
			<coordinate>pixel</coordinate>
			<type>rectangle</type>
			<description>None</description>
			<possibleresult>
				<name>Motorboat</name>
			</possibleresult>
			<points>
				<point>152.000000,564.000000</point>
				<point>128.000000,539.000000</point>
				<point>122.000000,545.000000</point>
				<point>146.000000,570.000000</point>
				<point>152.000000,564.000000</point>
			</points>
		</object>
		<object>
			<coordinate>pixel</coordinate>
			<type>rectangle</type>
			<description>None</description>
			<possibleresult>
				<name>Motorboat</name>
			</possibleresult>
			<points>
				<point>160.000000,560.000000</point>
				<point>134.000000,534.000000</point>
				<point>129.000000,539.000000</point>
				<point>154.000000,565.000000</point>
				<point>160.000000,560.000000</point>
			</points>
		</object>
		<object>
			<coordinate>pixel</coordinate>
			<type>rectangle</type>
			<description>None</description>
			<possibleresult>
				<name>Motorboat</name>
			</possibleresult>
			<points>
				<point>166.000000,554.000000</point>
				<point>142.000000,530.000000</point>
				<point>137.000000,535.000000</point>
				<point>161.000000,559.000000</point>
				<point>166.000000,554.000000</point>
			</points>
		</object>
		<object>
			<coordinate>pixel</coordinate>
			<type>rectangle</type>
			<description>None</description>
			<possibleresult>
				<name>Motorboat</name>
			</possibleresult>
			<points>
				<point>174.000000,547.000000</point>
				<point>148.000000,522.000000</point>
				<point>143.000000,528.000000</point>
				<point>167.000000,553.000000</point>
				<point>174.000000,547.000000</point>
			</points>
		</object>
		<object>
			<coordinate>pixel</coordinate>
			<type>rectangle</type>
			<description>None</description>
			<possibleresult>
				<name>Motorboat</name>
			</possibleresult>
			<points>
				<point>175.000000,539.000000</point>
				<point>157.000000,521.000000</point>
				<point>152.000000,525.000000</point>
				<point>171.000000,543.000000</point>
				<point>175.000000,539.000000</point>
			</points>
		</object>
		<object>
			<coordinate>pixel</coordinate>
			<type>rectangle</type>
			<description>None</description>
			<possibleresult>
				<name>Motorboat</name>
			</possibleresult>
			<points>
				<point>111.000000,547.000000</point>
				<point>88.000000,524.000000</point>
				<point>82.000000,530.000000</point>
				<point>105.000000,553.000000</point>
				<point>111.000000,547.000000</point>
			</points>
		</object>
		<object>
			<coordinate>pixel</coordinate>
			<type>rectangle</type>
			<description>None</description>
			<possibleresult>
				<name>Motorboat</name>
			</possibleresult>
			<points>
				<point>118.000000,539.000000</point>
				<point>93.000000,516.000000</point>
				<point>88.000000,522.000000</point>
				<point>112.000000,545.000000</point>
				<point>118.000000,539.000000</point>
			</points>
		</object>
		<object>
			<coordinate>pixel</coordinate>
			<type>rectangle</type>
			<description>None</description>
			<possibleresult>
				<name>Motorboat</name>
			</possibleresult>
			<points>
				<point>123.000000,536.000000</point>
				<point>103.000000,510.000000</point>
				<point>98.000000,515.000000</point>
				<point>118.000000,541.000000</point>
				<point>123.000000,536.000000</point>
			</points>
		</object>
		<object>
			<coordinate>pixel</coordinate>
			<type>rectangle</type>
			<description>None</description>
			<possibleresult>
				<name>Passenger Ship</name>
			</possibleresult>
			<points>
				<point>48.000000,481.000000</point>
				<point>7.000000,435.000000</point>
				<point>-7.000000,448.000000</point>
				<point>33.000000,494.000000</point>
				<point>48.000000,481.000000</point>
			</points>
		</object>
		<object>
			<coordinate>pixel</coordinate>
			<type>rectangle</type>
			<description>None</description>
			<possibleresult>
				<name>Motorboat</name>
			</possibleresult>
			<points>
				<point>48.000000,550.000000</point>
				<point>21.000000,520.000000</point>
				<point>11.000000,529.000000</point>
				<point>40.000000,559.000000</point>
				<point>48.000000,550.000000</point>
			</points>
		</object>
		<object>
			<coordinate>pixel</coordinate>
			<type>rectangle</type>
			<description>None</description>
			<possibleresult>
				<name>Motorboat</name>
			</possibleresult>
			<points>
				<point>67.000000,520.000000</point>
				<point>46.000000,492.000000</point>
				<point>40.000000,497.000000</point>
				<point>62.000000,525.000000</point>
				<point>67.000000,520.000000</point>
			</points>
		</object>
		<object>
			<coordinate>pixel</coordinate>
			<type>rectangle</type>
			<description>None</description>
			<possibleresult>
				<name>Motorboat</name>
			</possibleresult>
			<points>
				<point>85.000000,519.000000</point>
				<point>59.000000,485.000000</point>
				<point>49.000000,493.000000</point>
				<point>76.000000,526.000000</point>
				<point>85.000000,519.000000</point>
			</points>
		</object>
		<object>
			<coordinate>pixel</coordinate>
			<type>rectangle</type>
			<description>None</description>
			<possibleresult>
				<name>Motorboat</name>
			</possibleresult>
			<points>
				<point>92.000000,513.000000</point>
				<point>68.000000,482.000000</point>
				<point>62.000000,486.000000</point>
				<point>85.000000,518.000000</point>
				<point>92.000000,513.000000</point>
			</points>
		</object>
		<object>
			<coordinate>pixel</coordinate>
			<type>rectangle</type>
			<description>None</description>
			<possibleresult>
				<name>Motorboat</name>
			</possibleresult>
			<points>
				<point>103.000000,507.000000</point>
				<point>78.000000,477.000000</point>
				<point>70.000000,483.000000</point>
				<point>94.000000,513.000000</point>
				<point>103.000000,507.000000</point>
			</points>
		</object>
		<object>
			<coordinate>pixel</coordinate>
			<type>rectangle</type>
			<description>None</description>
			<possibleresult>
				<name>Motorboat</name>
			</possibleresult>
			<points>
				<point>133.000000,535.000000</point>
				<point>113.000000,510.000000</point>
				<point>107.000000,514.000000</point>
				<point>127.000000,539.000000</point>
				<point>133.000000,535.000000</point>
			</points>
		</object>
		<object>
			<coordinate>pixel</coordinate>
			<type>rectangle</type>
			<description>None</description>
			<possibleresult>
				<name>Motorboat</name>
			</possibleresult>
			<points>
				<point>139.000000,530.000000</point>
				<point>120.000000,505.000000</point>
				<point>115.000000,509.000000</point>
				<point>135.000000,534.000000</point>
				<point>139.000000,530.000000</point>
			</points>
		</object>
		<object>
			<coordinate>pixel</coordinate>
			<type>rectangle</type>
			<description>None</description>
			<possibleresult>
				<name>Motorboat</name>
			</possibleresult>
			<points>
				<point>143.000000,523.000000</point>
				<point>128.000000,504.000000</point>
				<point>123.000000,507.000000</point>
				<point>138.000000,526.000000</point>
				<point>143.000000,523.000000</point>
			</points>
		</object>
		<object>
			<coordinate>pixel</coordinate>
			<type>rectangle</type>
			<description>None</description>
			<possibleresult>
				<name>Motorboat</name>
			</possibleresult>
			<points>
				<point>151.000000,521.000000</point>
				<point>136.000000,502.000000</point>
				<point>130.000000,506.000000</point>
				<point>145.000000,525.000000</point>
				<point>151.000000,521.000000</point>
			</points>
		</object>
		<object>
			<coordinate>pixel</coordinate>
			<type>rectangle</type>
			<description>None</description>
			<possibleresult>
				<name>Motorboat</name>
			</possibleresult>
			<points>
				<point>161.000000,518.000000</point>
				<point>142.000000,498.000000</point>
				<point>137.000000,503.000000</point>
				<point>157.000000,524.000000</point>
				<point>161.000000,518.000000</point>
			</points>
		</object>
		<object>
			<coordinate>pixel</coordinate>
			<type>rectangle</type>
			<description>None</description>
			<possibleresult>
				<name>Motorboat</name>
			</possibleresult>
			<points>
				<point>109.000000,500.000000</point>
				<point>92.000000,477.000000</point>
				<point>85.000000,482.000000</point>
				<point>104.000000,505.000000</point>
				<point>109.000000,500.000000</point>
			</points>
		</object>
		<object>
			<coordinate>pixel</coordinate>
			<type>rectangle</type>
			<description>None</description>
			<possibleresult>
				<name>Motorboat</name>
			</possibleresult>
			<points>
				<point>122.000000,501.000000</point>
				<point>100.000000,473.000000</point>
				<point>93.000000,479.000000</point>
				<point>115.000000,507.000000</point>
				<point>122.000000,501.000000</point>
			</points>
		</object>
		<object>
			<coordinate>pixel</coordinate>
			<type>rectangle</type>
			<description>None</description>
			<possibleresult>
				<name>Motorboat</name>
			</possibleresult>
			<points>
				<point>137.000000,500.000000</point>
				<point>115.000000,471.000000</point>
				<point>107.000000,477.000000</point>
				<point>130.000000,506.000000</point>
				<point>137.000000,500.000000</point>
			</points>
		</object>
		<object>
			<coordinate>pixel</coordinate>
			<type>rectangle</type>
			<description>None</description>
			<possibleresult>
				<name>Motorboat</name>
			</possibleresult>
			<points>
				<point>169.000000,517.000000</point>
				<point>152.000000,495.000000</point>
				<point>146.000000,499.000000</point>
				<point>164.000000,521.000000</point>
				<point>169.000000,517.000000</point>
			</points>
		</object>
		<object>
			<coordinate>pixel</coordinate>
			<type>rectangle</type>
			<description>None</description>
			<possibleresult>
				<name>Motorboat</name>
			</possibleresult>
			<points>
				<point>70.000000,462.000000</point>
				<point>119.000000,441.000000</point>
				<point>115.000000,431.000000</point>
				<point>64.000000,452.000000</point>
				<point>70.000000,462.000000</point>
			</points>
		</object>
		<object>
			<coordinate>pixel</coordinate>
			<type>rectangle</type>
			<description>None</description>
			<possibleresult>
				<name>Passenger Ship</name>
			</possibleresult>
			<points>
				<point>63.000000,484.000000</point>
				<point>122.000000,460.000000</point>
				<point>118.000000,447.000000</point>
				<point>59.000000,471.000000</point>
				<point>63.000000,484.000000</point>
			</points>
		</object>
		<object>
			<coordinate>pixel</coordinate>
			<type>rectangle</type>
			<description>None</description>
			<possibleresult>
				<name>Motorboat</name>
			</possibleresult>
			<points>
				<point>70.000000,450.000000</point>
				<point>99.000000,435.000000</point>
				<point>96.000000,429.000000</point>
				<point>67.000000,444.000000</point>
				<point>70.000000,450.000000</point>
			</points>
		</object>
		<object>
			<coordinate>pixel</coordinate>
			<type>rectangle</type>
			<description>None</description>
			<possibleresult>
				<name>Motorboat</name>
			</possibleresult>
			<points>
				<point>218.000000,452.000000</point>
				<point>187.000000,476.000000</point>
				<point>192.000000,485.000000</point>
				<point>225.000000,460.000000</point>
				<point>218.000000,452.000000</point>
			</points>
		</object>
		<object>
			<coordinate>pixel</coordinate>
			<type>rectangle</type>
			<description>None</description>
			<possibleresult>
				<name>Motorboat</name>
			</possibleresult>
			<points>
				<point>212.000000,447.000000</point>
				<point>186.000000,467.000000</point>
				<point>190.000000,473.000000</point>
				<point>217.000000,452.000000</point>
				<point>212.000000,447.000000</point>
			</points>
		</object>
		<object>
			<coordinate>pixel</coordinate>
			<type>rectangle</type>
			<description>None</description>
			<possibleresult>
				<name>Motorboat</name>
			</possibleresult>
			<points>
				<point>207.000000,439.000000</point>
				<point>181.000000,460.000000</point>
				<point>184.000000,466.000000</point>
				<point>212.000000,445.000000</point>
				<point>207.000000,439.000000</point>
			</points>
		</object>
		<object>
			<coordinate>pixel</coordinate>
			<type>rectangle</type>
			<description>None</description>
			<possibleresult>
				<name>Motorboat</name>
			</possibleresult>
			<points>
				<point>201.000000,431.000000</point>
				<point>161.000000,461.000000</point>
				<point>167.000000,469.000000</point>
				<point>206.000000,438.000000</point>
				<point>201.000000,431.000000</point>
			</points>
		</object>
		<object>
			<coordinate>pixel</coordinate>
			<type>rectangle</type>
			<description>None</description>
			<possibleresult>
				<name>Motorboat</name>
			</possibleresult>
			<points>
				<point>192.000000,422.000000</point>
				<point>153.000000,453.000000</point>
				<point>160.000000,461.000000</point>
				<point>199.000000,430.000000</point>
				<point>192.000000,422.000000</point>
			</points>
		</object>
		<object>
			<coordinate>pixel</coordinate>
			<type>rectangle</type>
			<description>None</description>
			<possibleresult>
				<name>Motorboat</name>
			</possibleresult>
			<points>
				<point>184.000000,367.000000</point>
				<point>225.000000,347.000000</point>
				<point>220.000000,339.000000</point>
				<point>180.000000,359.000000</point>
				<point>184.000000,367.000000</point>
			</points>
		</object>
		<object>
			<coordinate>pixel</coordinate>
			<type>rectangle</type>
			<description>None</description>
			<possibleresult>
				<name>Motorboat</name>
			</possibleresult>
			<points>
				<point>190.000000,372.000000</point>
				<point>240.000000,351.000000</point>
				<point>235.000000,343.000000</point>
				<point>188.000000,365.000000</point>
				<point>190.000000,372.000000</point>
			</points>
		</object>
		<object>
			<coordinate>pixel</coordinate>
			<type>rectangle</type>
			<description>None</description>
			<possibleresult>
				<name>Motorboat</name>
			</possibleresult>
			<points>
				<point>195.000000,379.000000</point>
				<point>240.000000,361.000000</point>
				<point>235.000000,353.000000</point>
				<point>191.000000,370.000000</point>
				<point>195.000000,379.000000</point>
			</points>
		</object>
		<object>
			<coordinate>pixel</coordinate>
			<type>rectangle</type>
			<description>None</description>
			<possibleresult>
				<name>Motorboat</name>
			</possibleresult>
			<points>
				<point>212.000000,338.000000</point>
				<point>167.000000,343.000000</point>
				<point>167.000000,352.000000</point>
				<point>213.000000,347.000000</point>
				<point>212.000000,338.000000</point>
			</points>
		</object>
		<object>
			<coordinate>pixel</coordinate>
			<type>rectangle</type>
			<description>None</description>
			<possibleresult>
				<name>Motorboat</name>
			</possibleresult>
			<points>
				<point>207.000000,394.000000</point>
				<point>244.000000,376.000000</point>
				<point>241.000000,369.000000</point>
				<point>205.000000,387.000000</point>
				<point>207.000000,394.000000</point>
			</points>
		</object>
		<object>
			<coordinate>pixel</coordinate>
			<type>rectangle</type>
			<description>None</description>
			<possibleresult>
				<name>Motorboat</name>
			</possibleresult>
			<points>
				<point>212.000000,399.000000</point>
				<point>250.000000,380.000000</point>
				<point>248.000000,374.000000</point>
				<point>210.000000,393.000000</point>
				<point>212.000000,399.000000</point>
			</points>
		</object>
		<object>
			<coordinate>pixel</coordinate>
			<type>rectangle</type>
			<description>None</description>
			<possibleresult>
				<name>Motorboat</name>
			</possibleresult>
			<points>
				<point>202.000000,387.000000</point>
				<point>242.000000,369.000000</point>
				<point>239.000000,362.000000</point>
				<point>197.000000,380.000000</point>
				<point>202.000000,387.000000</point>
			</points>
		</object>
		<object>
			<coordinate>pixel</coordinate>
			<type>rectangle</type>
			<description>None</description>
			<possibleresult>
				<name>Motorboat</name>
			</possibleresult>
			<points>
				<point>219.000000,411.000000</point>
				<point>263.000000,397.000000</point>
				<point>261.000000,389.000000</point>
				<point>217.000000,404.000000</point>
				<point>219.000000,411.000000</point>
			</points>
		</object>
		<object>
			<coordinate>pixel</coordinate>
			<type>rectangle</type>
			<description>None</description>
			<possibleresult>
				<name>Motorboat</name>
			</possibleresult>
			<points>
				<point>227.000000,417.000000</point>
				<point>267.000000,404.000000</point>
				<point>265.000000,396.000000</point>
				<point>224.000000,409.000000</point>
				<point>227.000000,417.000000</point>
			</points>
		</object>
		<object>
			<coordinate>pixel</coordinate>
			<type>rectangle</type>
			<description>None</description>
			<possibleresult>
				<name>Motorboat</name>
			</possibleresult>
			<points>
				<point>234.000000,429.000000</point>
				<point>287.000000,411.000000</point>
				<point>284.000000,400.000000</point>
				<point>229.000000,417.000000</point>
				<point>234.000000,429.000000</point>
			</points>
		</object>
		<object>
			<coordinate>pixel</coordinate>
			<type>rectangle</type>
			<description>None</description>
			<possibleresult>
				<name>Motorboat</name>
			</possibleresult>
			<points>
				<point>213.000000,404.000000</point>
				<point>257.000000,390.000000</point>
				<point>254.000000,382.000000</point>
				<point>212.000000,396.000000</point>
				<point>213.000000,404.000000</point>
			</points>
		</object>
		<object>
			<coordinate>pixel</coordinate>
			<type>rectangle</type>
			<description>None</description>
			<possibleresult>
				<name>Motorboat</name>
			</possibleresult>
			<points>
				<point>265.000000,419.000000</point>
				<point>282.000000,445.000000</point>
				<point>289.000000,440.000000</point>
				<point>272.000000,414.000000</point>
				<point>265.000000,419.000000</point>
			</points>
		</object>
		<object>
			<coordinate>pixel</coordinate>
			<type>rectangle</type>
			<description>None</description>
			<possibleresult>
				<name>Motorboat</name>
			</possibleresult>
			<points>
				<point>255.000000,421.000000</point>
				<point>273.000000,447.000000</point>
				<point>279.000000,443.000000</point>
				<point>261.000000,417.000000</point>
				<point>255.000000,421.000000</point>
			</points>
		</object>
		<object>
			<coordinate>pixel</coordinate>
			<type>rectangle</type>
			<description>None</description>
			<possibleresult>
				<name>Motorboat</name>
			</possibleresult>
			<points>
				<point>247.000000,425.000000</point>
				<point>265.000000,451.000000</point>
				<point>270.000000,448.000000</point>
				<point>250.000000,422.000000</point>
				<point>247.000000,425.000000</point>
			</points>
		</object>
		<object>
			<coordinate>pixel</coordinate>
			<type>rectangle</type>
			<description>None</description>
			<possibleresult>
				<name>Motorboat</name>
			</possibleresult>
			<points>
				<point>235.000000,425.000000</point>
				<point>256.000000,453.000000</point>
				<point>261.000000,450.000000</point>
				<point>241.000000,422.000000</point>
				<point>235.000000,425.000000</point>
			</points>
		</object>
		<object>
			<coordinate>pixel</coordinate>
			<type>rectangle</type>
			<description>None</description>
			<possibleresult>
				<name>Motorboat</name>
			</possibleresult>
			<points>
				<point>288.000000,452.000000</point>
				<point>301.000000,469.000000</point>
				<point>306.000000,465.000000</point>
				<point>294.000000,449.000000</point>
				<point>288.000000,452.000000</point>
			</points>
		</object>
		<object>
			<coordinate>pixel</coordinate>
			<type>rectangle</type>
			<description>None</description>
			<possibleresult>
				<name>Motorboat</name>
			</possibleresult>
			<points>
				<point>281.000000,456.000000</point>
				<point>293.000000,472.000000</point>
				<point>297.000000,468.000000</point>
				<point>287.000000,453.000000</point>
				<point>281.000000,456.000000</point>
			</points>
		</object>
		<object>
			<coordinate>pixel</coordinate>
			<type>rectangle</type>
			<description>None</description>
			<possibleresult>
				<name>Motorboat</name>
			</possibleresult>
			<points>
				<point>271.000000,457.000000</point>
				<point>285.000000,475.000000</point>
				<point>291.000000,471.000000</point>
				<point>277.000000,452.000000</point>
				<point>271.000000,457.000000</point>
			</points>
		</object>
		<object>
			<coordinate>pixel</coordinate>
			<type>rectangle</type>
			<description>None</description>
			<possibleresult>
				<name>Motorboat</name>
			</possibleresult>
			<points>
				<point>273.000000,463.000000</point>
				<point>264.000000,452.000000</point>
				<point>259.000000,455.000000</point>
				<point>269.000000,466.000000</point>
				<point>273.000000,463.000000</point>
			</points>
		</object>
		<object>
			<coordinate>pixel</coordinate>
			<type>rectangle</type>
			<description>None</description>
			<possibleresult>
				<name>Motorboat</name>
			</possibleresult>
			<points>
				<point>309.000000,466.000000</point>
				<point>307.000000,453.000000</point>
				<point>302.000000,454.000000</point>
				<point>302.000000,467.000000</point>
				<point>309.000000,466.000000</point>
			</points>
		</object>
		<object>
			<coordinate>pixel</coordinate>
			<type>rectangle</type>
			<description>None</description>
			<possibleresult>
				<name>Motorboat</name>
			</possibleresult>
			<points>
				<point>349.000000,503.000000</point>
				<point>339.000000,491.000000</point>
				<point>333.000000,495.000000</point>
				<point>346.000000,507.000000</point>
				<point>349.000000,503.000000</point>
			</points>
		</object>
		<object>
			<coordinate>pixel</coordinate>
			<type>rectangle</type>
			<description>None</description>
			<possibleresult>
				<name>Motorboat</name>
			</possibleresult>
			<points>
				<point>347.000000,510.000000</point>
				<point>338.000000,501.000000</point>
				<point>333.000000,505.000000</point>
				<point>344.000000,514.000000</point>
				<point>347.000000,510.000000</point>
			</points>
		</object>
		<object>
			<coordinate>pixel</coordinate>
			<type>rectangle</type>
			<description>None</description>
			<possibleresult>
				<name>Engineering Ship</name>
			</possibleresult>
			<points>
				<point>407.000000,181.000000</point>
				<point>332.000000,202.000000</point>
				<point>340.000000,230.000000</point>
				<point>415.000000,209.000000</point>
				<point>407.000000,181.000000</point>
			</points>
		</object>
		<object>
			<coordinate>pixel</coordinate>
			<type>rectangle</type>
			<description>None</description>
			<possibleresult>
				<name>Fishing Boat</name>
			</possibleresult>
			<points>
				<point>413.000000,210.000000</point>
				<point>355.000000,225.000000</point>
				<point>360.000000,237.000000</point>
				<point>415.000000,222.000000</point>
				<point>413.000000,210.000000</point>
			</points>
		</object>
		<object>
			<coordinate>pixel</coordinate>
			<type>rectangle</type>
			<description>None</description>
			<possibleresult>
				<name>Fishing Boat</name>
			</possibleresult>
			<points>
				<point>328.000000,151.000000</point>
				<point>277.000000,168.000000</point>
				<point>281.000000,177.000000</point>
				<point>332.000000,160.000000</point>
				<point>328.000000,151.000000</point>
			</points>
		</object>
		<object>
			<coordinate>pixel</coordinate>
			<type>rectangle</type>
			<description>None</description>
			<possibleresult>
				<name>Engineering Ship</name>
			</possibleresult>
			<points>
				<point>430.000000,217.000000</point>
				<point>362.000000,252.000000</point>
				<point>374.000000,275.000000</point>
				<point>442.000000,240.000000</point>
				<point>430.000000,217.000000</point>
			</points>
		</object>
		<object>
			<coordinate>pixel</coordinate>
			<type>rectangle</type>
			<description>None</description>
			<possibleresult>
				<name>Fishing Boat</name>
			</possibleresult>
			<points>
				<point>422.000000,254.000000</point>
				<point>385.000000,270.000000</point>
				<point>390.000000,279.000000</point>
				<point>424.000000,262.000000</point>
				<point>422.000000,254.000000</point>
			</points>
		</object>
		<object>
			<coordinate>pixel</coordinate>
			<type>rectangle</type>
			<description>None</description>
			<possibleresult>
				<name>Fishing Boat</name>
			</possibleresult>
			<points>
				<point>402.000000,226.000000</point>
				<point>369.000000,235.000000</point>
				<point>371.000000,243.000000</point>
				<point>405.000000,234.000000</point>
				<point>402.000000,226.000000</point>
			</points>
		</object>
		<object>
			<coordinate>pixel</coordinate>
			<type>rectangle</type>
			<description>None</description>
			<possibleresult>
				<name>Engineering Ship</name>
			</possibleresult>
			<points>
				<point>272.000000,144.000000</point>
				<point>349.000000,112.000000</point>
				<point>337.000000,82.000000</point>
				<point>260.000000,115.000000</point>
				<point>272.000000,144.000000</point>
			</points>
		</object>
		<object>
			<coordinate>pixel</coordinate>
			<type>rectangle</type>
			<description>None</description>
			<possibleresult>
				<name>Engineering Ship</name>
			</possibleresult>
			<points>
				<point>259.000000,175.000000</point>
				<point>333.000000,146.000000</point>
				<point>323.000000,119.000000</point>
				<point>250.000000,148.000000</point>
				<point>259.000000,175.000000</point>
			</points>
		</object>
		<object>
			<coordinate>pixel</coordinate>
			<type>rectangle</type>
			<description>None</description>
			<possibleresult>
				<name>Engineering Ship</name>
			</possibleresult>
			<points>
				<point>184.000000,58.000000</point>
				<point>294.000000,35.000000</point>
				<point>287.000000,4.000000</point>
				<point>178.000000,27.000000</point>
				<point>184.000000,58.000000</point>
			</points>
		</object>
		<object>
			<coordinate>pixel</coordinate>
			<type>rectangle</type>
			<description>None</description>
			<possibleresult>
				<name>other-ship</name>
			</possibleresult>
			<points>
				<point>47.000000,101.000000</point>
				<point>126.000000,85.000000</point>
				<point>122.000000,62.000000</point>
				<point>41.000000,78.000000</point>
				<point>47.000000,101.000000</point>
			</points>
		</object>
		<object>
			<coordinate>pixel</coordinate>
			<type>rectangle</type>
			<description>None</description>
			<possibleresult>
				<name>other-ship</name>
			</possibleresult>
			<points>
				<point>113.000000,86.000000</point>
				<point>60.000000,97.000000</point>
				<point>62.000000,112.000000</point>
				<point>115.000000,101.000000</point>
				<point>113.000000,86.000000</point>
			</points>
		</object>
		<object>
			<coordinate>pixel</coordinate>
			<type>rectangle</type>
			<description>None</description>
			<possibleresult>
				<name>Tugboat</name>
			</possibleresult>
			<points>
				<point>243.000000,154.000000</point>
				<point>267.000000,141.000000</point>
				<point>262.000000,131.000000</point>
				<point>238.000000,144.000000</point>
				<point>243.000000,154.000000</point>
			</points>
		</object>
		<object>
			<coordinate>pixel</coordinate>
			<type>rectangle</type>
			<description>None</description>
			<possibleresult>
				<name>Intersection</name>
			</possibleresult>
			<points>
				<point>951.000000,296.000000</point>
				<point>951.000000,204.000000</point>
				<point>1070.000000,204.000000</point>
				<point>1070.000000,296.000000</point>
				<point>951.000000,296.000000</point>
			</points>
		</object>
		<object>
			<coordinate>pixel</coordinate>
			<type>rectangle</type>
			<description>None</description>
			<possibleresult>
				<name>Intersection</name>
			</possibleresult>
			<points>
				<point>1300.000000,413.000000</point>
				<point>1327.000000,352.000000</point>
				<point>1406.000000,386.000000</point>
				<point>1380.000000,447.000000</point>
				<point>1300.000000,413.000000</point>
			</points>
		</object>
		<object>
			<coordinate>pixel</coordinate>
			<type>rectangle</type>
			<description>None</description>
			<possibleresult>
				<name>Intersection</name>
			</possibleresult>
			<points>
				<point>990.000000,878.000000</point>
				<point>1008.000000,838.000000</point>
				<point>1061.000000,860.000000</point>
				<point>1043.000000,902.000000</point>
				<point>990.000000,878.000000</point>
			</points>
		</object>
		<object>
			<coordinate>pixel</coordinate>
			<type>rectangle</type>
			<description>None</description>
			<possibleresult>
				<name>Intersection</name>
			</possibleresult>
			<points>
				<point>821.000000,1161.000000</point>
				<point>838.000000,1120.000000</point>
				<point>891.000000,1143.000000</point>
				<point>873.000000,1183.000000</point>
				<point>821.000000,1161.000000</point>
			</points>
		</object>
		<object>
			<coordinate>pixel</coordinate>
			<type>rectangle</type>
			<description>None</description>
			<possibleresult>
				<name>Intersection</name>
			</possibleresult>
			<points>
				<point>631.000000,1441.000000</point>
				<point>655.000000,1385.000000</point>
				<point>718.000000,1412.000000</point>
				<point>694.000000,1467.000000</point>
				<point>631.000000,1441.000000</point>
			</points>
		</object>
		<object>
			<coordinate>pixel</coordinate>
			<type>rectangle</type>
			<description>None</description>
			<possibleresult>
				<name>Intersection</name>
			</possibleresult>
			<points>
				<point>503.000000,1004.000000</point>
				<point>512.000000,982.000000</point>
				<point>540.000000,995.000000</point>
				<point>530.000000,1016.000000</point>
				<point>503.000000,1004.000000</point>
			</points>
		</object>
		<object>
			<coordinate>pixel</coordinate>
			<type>rectangle</type>
			<description>None</description>
			<possibleresult>
				<name>Intersection</name>
			</possibleresult>
			<points>
				<point>65.000000,1185.000000</point>
				<point>62.000000,1149.000000</point>
				<point>76.000000,1149.000000</point>
				<point>78.000000,1185.000000</point>
				<point>65.000000,1185.000000</point>
			</points>
		</object>
	</objects>
</annotation>