<?xml version="1.0" encoding="utf-8"?>
<annotation>
	<source>
		<filename>625.tif</filename>
		<origin>GF2/GF3</origin>
	</source>
	<research>
		<version>1.0</version>
		<provider>FAIR1M</provider>
		<author>Cyber</author>
		<pluginname>FAIR1M</pluginname>
		<pluginclass>object detection</pluginclass>
		<time>2021-07-21</time>
	</research>
	<size>
		<width>1500</width>
		<height>1500</height>
		<depth>3</depth>
	</size>
	<objects>
		<object>
			<coordinate>pixel</coordinate>
			<type>rectangle</type>
			<description>None</description>
			<possibleresult>
				<name>Liquid Cargo Ship</name>
			</possibleresult>
			<points>
				<point>349.000000,327.000000</point>
				<point>541.000000,399.000000</point>
				<point>556.000000,359.000000</point>
				<point>364.000000,287.000000</point>
				<point>349.000000,327.000000</point>
			</points>
		</object>
	</objects>
</annotation>