<?xml version="1.0" encoding="utf-8"?>
<annotation>
	<source>
		<filename>626.tif</filename>
		<origin>GF2/GF3</origin>
	</source>
	<research>
		<version>1.0</version>
		<provider>FAIR1M</provider>
		<author>Cyber</author>
		<pluginname>FAIR1M</pluginname>
		<pluginclass>object detection</pluginclass>
		<time>2021-07-21</time>
	</research>
	<size>
		<width>1500</width>
		<height>1500</height>
		<depth>3</depth>
	</size>
	<objects>
		<object>
			<coordinate>pixel</coordinate>
			<type>rectangle</type>
			<description>None</description>
			<possibleresult>
				<name>Liquid Cargo Ship</name>
			</possibleresult>
			<points>
				<point>891.000000,650.000000</point>
				<point>1199.000000,711.000000</point>
				<point>1212.000000,645.000000</point>
				<point>904.000000,584.000000</point>
				<point>891.000000,650.000000</point>
			</points>
		</object>
		<object>
			<coordinate>pixel</coordinate>
			<type>rectangle</type>
			<description>None</description>
			<possibleresult>
				<name>Liquid Cargo Ship</name>
			</possibleresult>
			<points>
				<point>217.000000,320.000000</point>
				<point>357.000000,347.000000</point>
				<point>362.000000,320.000000</point>
				<point>222.000000,292.000000</point>
				<point>217.000000,320.000000</point>
			</points>
		</object>
	</objects>
</annotation>