<?xml version="1.0" encoding="utf-8"?>
<annotation>
	<source>
		<filename>627.tif</filename>
		<origin>GF2/GF3</origin>
	</source>
	<research>
		<version>1.0</version>
		<provider>FAIR1M</provider>
		<author>Cyber</author>
		<pluginname>FAIR1M</pluginname>
		<pluginclass>object detection</pluginclass>
		<time>2021-07-21</time>
	</research>
	<size>
		<width>1000</width>
		<height>1000</height>
		<depth>3</depth>
	</size>
	<objects>
		<object>
			<coordinate>pixel</coordinate>
			<type>rectangle</type>
			<description>None</description>
			<possibleresult>
				<name>Intersection</name>
			</possibleresult>
			<points>
				<point>816.000000,858.000000</point>
				<point>795.000000,858.000000</point>
				<point>795.000000,841.000000</point>
				<point>816.000000,841.000000</point>
				<point>816.000000,858.000000</point>
			</points>
		</object>
		<object>
			<coordinate>pixel</coordinate>
			<type>rectangle</type>
			<description>None</description>
			<possibleresult>
				<name>Intersection</name>
			</possibleresult>
			<points>
				<point>919.000000,0.000000</point>
				<point>911.000000,156.000000</point>
				<point>890.000000,155.000000</point>
				<point>897.000000,0.000000</point>
				<point>919.000000,0.000000</point>
			</points>
		</object>
		<object>
			<coordinate>pixel</coordinate>
			<type>rectangle</type>
			<description>None</description>
			<possibleresult>
				<name>Intersection</name>
			</possibleresult>
			<points>
				<point>326.000000,354.000000</point>
				<point>297.000000,367.000000</point>
				<point>257.000000,273.000000</point>
				<point>285.000000,260.000000</point>
				<point>326.000000,354.000000</point>
			</points>
		</object>
		<object>
			<coordinate>pixel</coordinate>
			<type>rectangle</type>
			<description>None</description>
			<possibleresult>
				<name>Intersection</name>
			</possibleresult>
			<points>
				<point>870.000000,483.000000</point>
				<point>841.000000,483.000000</point>
				<point>841.000000,457.000000</point>
				<point>870.000000,457.000000</point>
				<point>870.000000,483.000000</point>
			</points>
		</object>
		<object>
			<coordinate>pixel</coordinate>
			<type>rectangle</type>
			<description>None</description>
			<possibleresult>
				<name>other-vehicle</name>
			</possibleresult>
			<points>
				<point>55.000000,389.000000</point>
				<point>34.000000,397.000000</point>
				<point>31.000000,389.000000</point>
				<point>52.000000,381.000000</point>
				<point>55.000000,389.000000</point>
			</points>
		</object>
		<object>
			<coordinate>pixel</coordinate>
			<type>rectangle</type>
			<description>None</description>
			<possibleresult>
				<name>other-vehicle</name>
			</possibleresult>
			<points>
				<point>134.000000,368.000000</point>
				<point>114.000000,377.000000</point>
				<point>111.000000,371.000000</point>
				<point>131.000000,363.000000</point>
				<point>134.000000,368.000000</point>
			</points>
		</object>
		<object>
			<coordinate>pixel</coordinate>
			<type>rectangle</type>
			<description>None</description>
			<possibleresult>
				<name>Van</name>
			</possibleresult>
			<points>
				<point>15.000000,436.000000</point>
				<point>1.000000,441.000000</point>
				<point>0.000000,436.000000</point>
				<point>14.000000,430.000000</point>
				<point>15.000000,436.000000</point>
			</points>
		</object>
		<object>
			<coordinate>pixel</coordinate>
			<type>rectangle</type>
			<description>None</description>
			<possibleresult>
				<name>Bus</name>
			</possibleresult>
			<points>
				<point>55.000000,377.000000</point>
				<point>16.000000,393.000000</point>
				<point>13.000000,384.000000</point>
				<point>51.000000,369.000000</point>
				<point>55.000000,377.000000</point>
			</points>
		</object>
		<object>
			<coordinate>pixel</coordinate>
			<type>rectangle</type>
			<description>None</description>
			<possibleresult>
				<name>Van</name>
			</possibleresult>
			<points>
				<point>120.000000,395.000000</point>
				<point>105.000000,401.000000</point>
				<point>102.000000,394.000000</point>
				<point>118.000000,389.000000</point>
				<point>120.000000,395.000000</point>
			</points>
		</object>
		<object>
			<coordinate>pixel</coordinate>
			<type>rectangle</type>
			<description>None</description>
			<possibleresult>
				<name>Van</name>
			</possibleresult>
			<points>
				<point>285.000000,302.000000</point>
				<point>271.000000,308.000000</point>
				<point>268.000000,302.000000</point>
				<point>281.000000,295.000000</point>
				<point>285.000000,302.000000</point>
			</points>
		</object>
		<object>
			<coordinate>pixel</coordinate>
			<type>rectangle</type>
			<description>None</description>
			<possibleresult>
				<name>Small Car</name>
			</possibleresult>
			<points>
				<point>336.000000,327.000000</point>
				<point>316.000000,335.000000</point>
				<point>314.000000,328.000000</point>
				<point>333.000000,319.000000</point>
				<point>336.000000,327.000000</point>
			</points>
		</object>
		<object>
			<coordinate>pixel</coordinate>
			<type>rectangle</type>
			<description>None</description>
			<possibleresult>
				<name>Dump Truck</name>
			</possibleresult>
			<points>
				<point>357.000000,307.000000</point>
				<point>325.000000,321.000000</point>
				<point>320.000000,311.000000</point>
				<point>352.000000,297.000000</point>
				<point>357.000000,307.000000</point>
			</points>
		</object>
		<object>
			<coordinate>pixel</coordinate>
			<type>rectangle</type>
			<description>None</description>
			<possibleresult>
				<name>Van</name>
			</possibleresult>
			<points>
				<point>452.000000,229.000000</point>
				<point>438.000000,233.000000</point>
				<point>436.000000,227.000000</point>
				<point>450.000000,223.000000</point>
				<point>452.000000,229.000000</point>
			</points>
		</object>
		<object>
			<coordinate>pixel</coordinate>
			<type>rectangle</type>
			<description>None</description>
			<possibleresult>
				<name>other-vehicle</name>
			</possibleresult>
			<points>
				<point>484.000000,229.000000</point>
				<point>465.000000,236.000000</point>
				<point>463.000000,229.000000</point>
				<point>481.000000,221.000000</point>
				<point>484.000000,229.000000</point>
			</points>
		</object>
		<object>
			<coordinate>pixel</coordinate>
			<type>rectangle</type>
			<description>None</description>
			<possibleresult>
				<name>Van</name>
			</possibleresult>
			<points>
				<point>626.000000,165.000000</point>
				<point>611.000000,171.000000</point>
				<point>609.000000,165.000000</point>
				<point>624.000000,160.000000</point>
				<point>626.000000,165.000000</point>
			</points>
		</object>
		<object>
			<coordinate>pixel</coordinate>
			<type>rectangle</type>
			<description>None</description>
			<possibleresult>
				<name>other-vehicle</name>
			</possibleresult>
			<points>
				<point>656.000000,166.000000</point>
				<point>639.000000,173.000000</point>
				<point>636.000000,166.000000</point>
				<point>653.000000,159.000000</point>
				<point>656.000000,166.000000</point>
			</points>
		</object>
		<object>
			<coordinate>pixel</coordinate>
			<type>rectangle</type>
			<description>None</description>
			<possibleresult>
				<name>Dump Truck</name>
			</possibleresult>
			<points>
				<point>16.000000,1000.000000</point>
				<point>7.000000,1000.000000</point>
				<point>2.000000,987.000000</point>
				<point>10.000000,985.000000</point>
				<point>16.000000,1000.000000</point>
			</points>
		</object>
		<object>
			<coordinate>pixel</coordinate>
			<type>rectangle</type>
			<description>None</description>
			<possibleresult>
				<name>Small Car</name>
			</possibleresult>
			<points>
				<point>37.000000,995.000000</point>
				<point>29.000000,998.000000</point>
				<point>23.000000,982.000000</point>
				<point>31.000000,979.000000</point>
				<point>37.000000,995.000000</point>
			</points>
		</object>
		<object>
			<coordinate>pixel</coordinate>
			<type>rectangle</type>
			<description>None</description>
			<possibleresult>
				<name>Van</name>
			</possibleresult>
			<points>
				<point>55.000000,991.000000</point>
				<point>47.000000,993.000000</point>
				<point>42.000000,977.000000</point>
				<point>49.000000,974.000000</point>
				<point>55.000000,991.000000</point>
			</points>
		</object>
		<object>
			<coordinate>pixel</coordinate>
			<type>rectangle</type>
			<description>None</description>
			<possibleresult>
				<name>other-vehicle</name>
			</possibleresult>
			<points>
				<point>73.000000,981.000000</point>
				<point>64.000000,984.000000</point>
				<point>59.000000,968.000000</point>
				<point>67.000000,966.000000</point>
				<point>73.000000,981.000000</point>
			</points>
		</object>
		<object>
			<coordinate>pixel</coordinate>
			<type>rectangle</type>
			<description>None</description>
			<possibleresult>
				<name>other-vehicle</name>
			</possibleresult>
			<points>
				<point>93.000000,976.000000</point>
				<point>85.000000,980.000000</point>
				<point>80.000000,967.000000</point>
				<point>88.000000,963.000000</point>
				<point>93.000000,976.000000</point>
			</points>
		</object>
		<object>
			<coordinate>pixel</coordinate>
			<type>rectangle</type>
			<description>None</description>
			<possibleresult>
				<name>Van</name>
			</possibleresult>
			<points>
				<point>103.000000,976.000000</point>
				<point>96.000000,978.000000</point>
				<point>91.000000,964.000000</point>
				<point>97.000000,961.000000</point>
				<point>103.000000,976.000000</point>
			</points>
		</object>
		<object>
			<coordinate>pixel</coordinate>
			<type>rectangle</type>
			<description>None</description>
			<possibleresult>
				<name>other-vehicle</name>
			</possibleresult>
			<points>
				<point>113.000000,972.000000</point>
				<point>105.000000,974.000000</point>
				<point>101.000000,961.000000</point>
				<point>108.000000,958.000000</point>
				<point>113.000000,972.000000</point>
			</points>
		</object>
		<object>
			<coordinate>pixel</coordinate>
			<type>rectangle</type>
			<description>None</description>
			<possibleresult>
				<name>Van</name>
			</possibleresult>
			<points>
				<point>134.000000,969.000000</point>
				<point>125.000000,973.000000</point>
				<point>119.000000,955.000000</point>
				<point>128.000000,951.000000</point>
				<point>134.000000,969.000000</point>
			</points>
		</object>
		<object>
			<coordinate>pixel</coordinate>
			<type>rectangle</type>
			<description>None</description>
			<possibleresult>
				<name>other-vehicle</name>
			</possibleresult>
			<points>
				<point>144.000000,966.000000</point>
				<point>135.000000,969.000000</point>
				<point>130.000000,953.000000</point>
				<point>138.000000,950.000000</point>
				<point>144.000000,966.000000</point>
			</points>
		</object>
		<object>
			<coordinate>pixel</coordinate>
			<type>rectangle</type>
			<description>None</description>
			<possibleresult>
				<name>other-vehicle</name>
			</possibleresult>
			<points>
				<point>152.000000,961.000000</point>
				<point>145.000000,963.000000</point>
				<point>140.000000,949.000000</point>
				<point>147.000000,947.000000</point>
				<point>152.000000,961.000000</point>
			</points>
		</object>
		<object>
			<coordinate>pixel</coordinate>
			<type>rectangle</type>
			<description>None</description>
			<possibleresult>
				<name>Van</name>
			</possibleresult>
			<points>
				<point>162.000000,957.000000</point>
				<point>156.000000,959.000000</point>
				<point>152.000000,947.000000</point>
				<point>158.000000,945.000000</point>
				<point>162.000000,957.000000</point>
			</points>
		</object>
		<object>
			<coordinate>pixel</coordinate>
			<type>rectangle</type>
			<description>None</description>
			<possibleresult>
				<name>Van</name>
			</possibleresult>
			<points>
				<point>190.000000,959.000000</point>
				<point>174.000000,966.000000</point>
				<point>172.000000,960.000000</point>
				<point>187.000000,952.000000</point>
				<point>190.000000,959.000000</point>
			</points>
		</object>
		<object>
			<coordinate>pixel</coordinate>
			<type>rectangle</type>
			<description>None</description>
			<possibleresult>
				<name>Van</name>
			</possibleresult>
			<points>
				<point>731.000000,992.000000</point>
				<point>730.000000,1000.000000</point>
				<point>711.000000,999.000000</point>
				<point>711.000000,991.000000</point>
				<point>731.000000,992.000000</point>
			</points>
		</object>
		<object>
			<coordinate>pixel</coordinate>
			<type>rectangle</type>
			<description>None</description>
			<possibleresult>
				<name>Small Car</name>
			</possibleresult>
			<points>
				<point>780.000000,976.000000</point>
				<point>779.000000,992.000000</point>
				<point>770.000000,991.000000</point>
				<point>772.000000,976.000000</point>
				<point>780.000000,976.000000</point>
			</points>
		</object>
		<object>
			<coordinate>pixel</coordinate>
			<type>rectangle</type>
			<description>None</description>
			<possibleresult>
				<name>Van</name>
			</possibleresult>
			<points>
				<point>993.000000,957.000000</point>
				<point>975.000000,957.000000</point>
				<point>975.000000,950.000000</point>
				<point>993.000000,950.000000</point>
				<point>993.000000,957.000000</point>
			</points>
		</object>
		<object>
			<coordinate>pixel</coordinate>
			<type>rectangle</type>
			<description>None</description>
			<possibleresult>
				<name>Cargo Truck</name>
			</possibleresult>
			<points>
				<point>971.000000,789.000000</point>
				<point>921.000000,789.000000</point>
				<point>921.000000,776.000000</point>
				<point>971.000000,776.000000</point>
				<point>971.000000,789.000000</point>
			</points>
		</object>
		<object>
			<coordinate>pixel</coordinate>
			<type>rectangle</type>
			<description>None</description>
			<possibleresult>
				<name>Van</name>
			</possibleresult>
			<points>
				<point>782.000000,748.000000</point>
				<point>781.000000,755.000000</point>
				<point>763.000000,753.000000</point>
				<point>763.000000,746.000000</point>
				<point>782.000000,748.000000</point>
			</points>
		</object>
		<object>
			<coordinate>pixel</coordinate>
			<type>rectangle</type>
			<description>None</description>
			<possibleresult>
				<name>Van</name>
			</possibleresult>
			<points>
				<point>738.000000,755.000000</point>
				<point>737.000000,771.000000</point>
				<point>728.000000,771.000000</point>
				<point>729.000000,755.000000</point>
				<point>738.000000,755.000000</point>
			</points>
		</object>
		<object>
			<coordinate>pixel</coordinate>
			<type>rectangle</type>
			<description>None</description>
			<possibleresult>
				<name>Van</name>
			</possibleresult>
			<points>
				<point>727.000000,753.000000</point>
				<point>726.000000,767.000000</point>
				<point>719.000000,767.000000</point>
				<point>720.000000,753.000000</point>
				<point>727.000000,753.000000</point>
			</points>
		</object>
		<object>
			<coordinate>pixel</coordinate>
			<type>rectangle</type>
			<description>None</description>
			<possibleresult>
				<name>Van</name>
			</possibleresult>
			<points>
				<point>719.000000,748.000000</point>
				<point>716.000000,761.000000</point>
				<point>709.000000,760.000000</point>
				<point>711.000000,746.000000</point>
				<point>719.000000,748.000000</point>
			</points>
		</object>
		<object>
			<coordinate>pixel</coordinate>
			<type>rectangle</type>
			<description>None</description>
			<possibleresult>
				<name>Van</name>
			</possibleresult>
			<points>
				<point>708.000000,737.000000</point>
				<point>706.000000,760.000000</point>
				<point>698.000000,760.000000</point>
				<point>699.000000,737.000000</point>
				<point>708.000000,737.000000</point>
			</points>
		</object>
		<object>
			<coordinate>pixel</coordinate>
			<type>rectangle</type>
			<description>None</description>
			<possibleresult>
				<name>Van</name>
			</possibleresult>
			<points>
				<point>693.000000,760.000000</point>
				<point>686.000000,760.000000</point>
				<point>686.000000,743.000000</point>
				<point>693.000000,743.000000</point>
				<point>693.000000,760.000000</point>
			</points>
		</object>
		<object>
			<coordinate>pixel</coordinate>
			<type>rectangle</type>
			<description>None</description>
			<possibleresult>
				<name>Van</name>
			</possibleresult>
			<points>
				<point>667.000000,754.000000</point>
				<point>660.000000,754.000000</point>
				<point>660.000000,741.000000</point>
				<point>667.000000,741.000000</point>
				<point>667.000000,754.000000</point>
			</points>
		</object>
		<object>
			<coordinate>pixel</coordinate>
			<type>rectangle</type>
			<description>None</description>
			<possibleresult>
				<name>Van</name>
			</possibleresult>
			<points>
				<point>658.000000,737.000000</point>
				<point>657.000000,750.000000</point>
				<point>650.000000,750.000000</point>
				<point>651.000000,737.000000</point>
				<point>658.000000,737.000000</point>
			</points>
		</object>
		<object>
			<coordinate>pixel</coordinate>
			<type>rectangle</type>
			<description>None</description>
			<possibleresult>
				<name>Van</name>
			</possibleresult>
			<points>
				<point>648.000000,696.000000</point>
				<point>640.000000,696.000000</point>
				<point>640.000000,678.000000</point>
				<point>648.000000,678.000000</point>
				<point>648.000000,696.000000</point>
			</points>
		</object>
		<object>
			<coordinate>pixel</coordinate>
			<type>rectangle</type>
			<description>None</description>
			<possibleresult>
				<name>Van</name>
			</possibleresult>
			<points>
				<point>660.000000,690.000000</point>
				<point>653.000000,690.000000</point>
				<point>653.000000,674.000000</point>
				<point>660.000000,674.000000</point>
				<point>660.000000,690.000000</point>
			</points>
		</object>
		<object>
			<coordinate>pixel</coordinate>
			<type>rectangle</type>
			<description>None</description>
			<possibleresult>
				<name>Van</name>
			</possibleresult>
			<points>
				<point>675.000000,690.000000</point>
				<point>667.000000,690.000000</point>
				<point>667.000000,673.000000</point>
				<point>675.000000,673.000000</point>
				<point>675.000000,690.000000</point>
			</points>
		</object>
		<object>
			<coordinate>pixel</coordinate>
			<type>rectangle</type>
			<description>None</description>
			<possibleresult>
				<name>Van</name>
			</possibleresult>
			<points>
				<point>687.000000,688.000000</point>
				<point>678.000000,688.000000</point>
				<point>678.000000,672.000000</point>
				<point>687.000000,672.000000</point>
				<point>687.000000,688.000000</point>
			</points>
		</object>
		<object>
			<coordinate>pixel</coordinate>
			<type>rectangle</type>
			<description>None</description>
			<possibleresult>
				<name>Van</name>
			</possibleresult>
			<points>
				<point>697.000000,686.000000</point>
				<point>689.000000,686.000000</point>
				<point>689.000000,672.000000</point>
				<point>697.000000,672.000000</point>
				<point>697.000000,686.000000</point>
			</points>
		</object>
		<object>
			<coordinate>pixel</coordinate>
			<type>rectangle</type>
			<description>None</description>
			<possibleresult>
				<name>Van</name>
			</possibleresult>
			<points>
				<point>709.000000,686.000000</point>
				<point>702.000000,686.000000</point>
				<point>702.000000,670.000000</point>
				<point>709.000000,670.000000</point>
				<point>709.000000,686.000000</point>
			</points>
		</object>
		<object>
			<coordinate>pixel</coordinate>
			<type>rectangle</type>
			<description>None</description>
			<possibleresult>
				<name>Van</name>
			</possibleresult>
			<points>
				<point>721.000000,682.000000</point>
				<point>715.000000,682.000000</point>
				<point>715.000000,668.000000</point>
				<point>721.000000,668.000000</point>
				<point>721.000000,682.000000</point>
			</points>
		</object>
		<object>
			<coordinate>pixel</coordinate>
			<type>rectangle</type>
			<description>None</description>
			<possibleresult>
				<name>other-vehicle</name>
			</possibleresult>
			<points>
				<point>571.000000,580.000000</point>
				<point>564.000000,580.000000</point>
				<point>564.000000,565.000000</point>
				<point>571.000000,565.000000</point>
				<point>571.000000,580.000000</point>
			</points>
		</object>
		<object>
			<coordinate>pixel</coordinate>
			<type>rectangle</type>
			<description>None</description>
			<possibleresult>
				<name>Small Car</name>
			</possibleresult>
			<points>
				<point>612.000000,580.000000</point>
				<point>604.000000,580.000000</point>
				<point>604.000000,564.000000</point>
				<point>612.000000,564.000000</point>
				<point>612.000000,580.000000</point>
			</points>
		</object>
		<object>
			<coordinate>pixel</coordinate>
			<type>rectangle</type>
			<description>None</description>
			<possibleresult>
				<name>other-vehicle</name>
			</possibleresult>
			<points>
				<point>622.000000,579.000000</point>
				<point>614.000000,579.000000</point>
				<point>614.000000,564.000000</point>
				<point>622.000000,564.000000</point>
				<point>622.000000,579.000000</point>
			</points>
		</object>
		<object>
			<coordinate>pixel</coordinate>
			<type>rectangle</type>
			<description>None</description>
			<possibleresult>
				<name>Small Car</name>
			</possibleresult>
			<points>
				<point>630.000000,536.000000</point>
				<point>623.000000,536.000000</point>
				<point>623.000000,521.000000</point>
				<point>630.000000,521.000000</point>
				<point>630.000000,536.000000</point>
			</points>
		</object>
		<object>
			<coordinate>pixel</coordinate>
			<type>rectangle</type>
			<description>None</description>
			<possibleresult>
				<name>other-vehicle</name>
			</possibleresult>
			<points>
				<point>829.000000,532.000000</point>
				<point>829.000000,538.000000</point>
				<point>810.000000,536.000000</point>
				<point>811.000000,531.000000</point>
				<point>829.000000,532.000000</point>
			</points>
		</object>
		<object>
			<coordinate>pixel</coordinate>
			<type>rectangle</type>
			<description>None</description>
			<possibleresult>
				<name>other-vehicle</name>
			</possibleresult>
			<points>
				<point>824.000000,529.000000</point>
				<point>814.000000,529.000000</point>
				<point>814.000000,524.000000</point>
				<point>824.000000,524.000000</point>
				<point>824.000000,529.000000</point>
			</points>
		</object>
		<object>
			<coordinate>pixel</coordinate>
			<type>rectangle</type>
			<description>None</description>
			<possibleresult>
				<name>Van</name>
			</possibleresult>
			<points>
				<point>833.000000,516.000000</point>
				<point>832.000000,523.000000</point>
				<point>815.000000,522.000000</point>
				<point>815.000000,514.000000</point>
				<point>833.000000,516.000000</point>
			</points>
		</object>
		<object>
			<coordinate>pixel</coordinate>
			<type>rectangle</type>
			<description>None</description>
			<possibleresult>
				<name>Van</name>
			</possibleresult>
			<points>
				<point>828.000000,506.000000</point>
				<point>828.000000,513.000000</point>
				<point>811.000000,512.000000</point>
				<point>811.000000,505.000000</point>
				<point>828.000000,506.000000</point>
			</points>
		</object>
		<object>
			<coordinate>pixel</coordinate>
			<type>rectangle</type>
			<description>None</description>
			<possibleresult>
				<name>other-vehicle</name>
			</possibleresult>
			<points>
				<point>781.000000,490.000000</point>
				<point>763.000000,490.000000</point>
				<point>763.000000,483.000000</point>
				<point>781.000000,483.000000</point>
				<point>781.000000,490.000000</point>
			</points>
		</object>
		<object>
			<coordinate>pixel</coordinate>
			<type>rectangle</type>
			<description>None</description>
			<possibleresult>
				<name>other-vehicle</name>
			</possibleresult>
			<points>
				<point>974.000000,454.000000</point>
				<point>972.000000,460.000000</point>
				<point>955.000000,455.000000</point>
				<point>956.000000,448.000000</point>
				<point>974.000000,454.000000</point>
			</points>
		</object>
		<object>
			<coordinate>pixel</coordinate>
			<type>rectangle</type>
			<description>None</description>
			<possibleresult>
				<name>other-vehicle</name>
			</possibleresult>
			<points>
				<point>974.000000,364.000000</point>
				<point>974.000000,370.000000</point>
				<point>956.000000,369.000000</point>
				<point>956.000000,363.000000</point>
				<point>974.000000,364.000000</point>
			</points>
		</object>
		<object>
			<coordinate>pixel</coordinate>
			<type>rectangle</type>
			<description>None</description>
			<possibleresult>
				<name>Small Car</name>
			</possibleresult>
			<points>
				<point>735.000000,433.000000</point>
				<point>734.000000,450.000000</point>
				<point>725.000000,450.000000</point>
				<point>726.000000,433.000000</point>
				<point>735.000000,433.000000</point>
			</points>
		</object>
		<object>
			<coordinate>pixel</coordinate>
			<type>rectangle</type>
			<description>None</description>
			<possibleresult>
				<name>Van</name>
			</possibleresult>
			<points>
				<point>780.000000,438.000000</point>
				<point>780.000000,445.000000</point>
				<point>760.000000,444.000000</point>
				<point>760.000000,437.000000</point>
				<point>780.000000,438.000000</point>
			</points>
		</object>
		<object>
			<coordinate>pixel</coordinate>
			<type>rectangle</type>
			<description>None</description>
			<possibleresult>
				<name>Van</name>
			</possibleresult>
			<points>
				<point>779.000000,431.000000</point>
				<point>779.000000,437.000000</point>
				<point>760.000000,435.000000</point>
				<point>761.000000,430.000000</point>
				<point>779.000000,431.000000</point>
			</points>
		</object>
		<object>
			<coordinate>pixel</coordinate>
			<type>rectangle</type>
			<description>None</description>
			<possibleresult>
				<name>Small Car</name>
			</possibleresult>
			<points>
				<point>780.000000,430.000000</point>
				<point>762.000000,430.000000</point>
				<point>762.000000,423.000000</point>
				<point>780.000000,423.000000</point>
				<point>780.000000,430.000000</point>
			</points>
		</object>
		<object>
			<coordinate>pixel</coordinate>
			<type>rectangle</type>
			<description>None</description>
			<possibleresult>
				<name>other-vehicle</name>
			</possibleresult>
			<points>
				<point>779.000000,416.000000</point>
				<point>779.000000,423.000000</point>
				<point>763.000000,421.000000</point>
				<point>764.000000,415.000000</point>
				<point>779.000000,416.000000</point>
			</points>
		</object>
		<object>
			<coordinate>pixel</coordinate>
			<type>rectangle</type>
			<description>None</description>
			<possibleresult>
				<name>Van</name>
			</possibleresult>
			<points>
				<point>782.000000,407.000000</point>
				<point>781.000000,414.000000</point>
				<point>763.000000,413.000000</point>
				<point>763.000000,406.000000</point>
				<point>782.000000,407.000000</point>
			</points>
		</object>
		<object>
			<coordinate>pixel</coordinate>
			<type>rectangle</type>
			<description>None</description>
			<possibleresult>
				<name>Van</name>
			</possibleresult>
			<points>
				<point>784.000000,398.000000</point>
				<point>766.000000,398.000000</point>
				<point>766.000000,392.000000</point>
				<point>784.000000,392.000000</point>
				<point>784.000000,398.000000</point>
			</points>
		</object>
		<object>
			<coordinate>pixel</coordinate>
			<type>rectangle</type>
			<description>None</description>
			<possibleresult>
				<name>other-vehicle</name>
			</possibleresult>
			<points>
				<point>785.000000,390.000000</point>
				<point>768.000000,390.000000</point>
				<point>768.000000,384.000000</point>
				<point>785.000000,384.000000</point>
				<point>785.000000,390.000000</point>
			</points>
		</object>
		<object>
			<coordinate>pixel</coordinate>
			<type>rectangle</type>
			<description>None</description>
			<possibleresult>
				<name>Van</name>
			</possibleresult>
			<points>
				<point>784.000000,381.000000</point>
				<point>771.000000,381.000000</point>
				<point>771.000000,376.000000</point>
				<point>784.000000,376.000000</point>
				<point>784.000000,381.000000</point>
			</points>
		</object>
		<object>
			<coordinate>pixel</coordinate>
			<type>rectangle</type>
			<description>None</description>
			<possibleresult>
				<name>Van</name>
			</possibleresult>
			<points>
				<point>789.000000,369.000000</point>
				<point>788.000000,376.000000</point>
				<point>768.000000,374.000000</point>
				<point>768.000000,366.000000</point>
				<point>789.000000,369.000000</point>
			</points>
		</object>
		<object>
			<coordinate>pixel</coordinate>
			<type>rectangle</type>
			<description>None</description>
			<possibleresult>
				<name>other-vehicle</name>
			</possibleresult>
			<points>
				<point>745.000000,364.000000</point>
				<point>745.000000,371.000000</point>
				<point>727.000000,369.000000</point>
				<point>727.000000,362.000000</point>
				<point>745.000000,364.000000</point>
			</points>
		</object>
		<object>
			<coordinate>pixel</coordinate>
			<type>rectangle</type>
			<description>None</description>
			<possibleresult>
				<name>Van</name>
			</possibleresult>
			<points>
				<point>801.000000,448.000000</point>
				<point>800.000000,454.000000</point>
				<point>787.000000,452.000000</point>
				<point>787.000000,447.000000</point>
				<point>801.000000,448.000000</point>
			</points>
		</object>
		<object>
			<coordinate>pixel</coordinate>
			<type>rectangle</type>
			<description>None</description>
			<possibleresult>
				<name>Van</name>
			</possibleresult>
			<points>
				<point>803.000000,439.000000</point>
				<point>803.000000,446.000000</point>
				<point>782.000000,444.000000</point>
				<point>783.000000,438.000000</point>
				<point>803.000000,439.000000</point>
			</points>
		</object>
		<object>
			<coordinate>pixel</coordinate>
			<type>rectangle</type>
			<description>None</description>
			<possibleresult>
				<name>Van</name>
			</possibleresult>
			<points>
				<point>802.000000,438.000000</point>
				<point>787.000000,438.000000</point>
				<point>787.000000,432.000000</point>
				<point>802.000000,432.000000</point>
				<point>802.000000,438.000000</point>
			</points>
		</object>
		<object>
			<coordinate>pixel</coordinate>
			<type>rectangle</type>
			<description>None</description>
			<possibleresult>
				<name>Van</name>
			</possibleresult>
			<points>
				<point>803.000000,425.000000</point>
				<point>802.000000,430.000000</point>
				<point>786.000000,428.000000</point>
				<point>787.000000,423.000000</point>
				<point>803.000000,425.000000</point>
			</points>
		</object>
		<object>
			<coordinate>pixel</coordinate>
			<type>rectangle</type>
			<description>None</description>
			<possibleresult>
				<name>Small Car</name>
			</possibleresult>
			<points>
				<point>806.000000,416.000000</point>
				<point>806.000000,423.000000</point>
				<point>784.000000,421.000000</point>
				<point>785.000000,415.000000</point>
				<point>806.000000,416.000000</point>
			</points>
		</object>
		<object>
			<coordinate>pixel</coordinate>
			<type>rectangle</type>
			<description>None</description>
			<possibleresult>
				<name>Van</name>
			</possibleresult>
			<points>
				<point>806.000000,409.000000</point>
				<point>806.000000,415.000000</point>
				<point>787.000000,414.000000</point>
				<point>787.000000,408.000000</point>
				<point>806.000000,409.000000</point>
			</points>
		</object>
		<object>
			<coordinate>pixel</coordinate>
			<type>rectangle</type>
			<description>None</description>
			<possibleresult>
				<name>other-vehicle</name>
			</possibleresult>
			<points>
				<point>804.000000,406.000000</point>
				<point>789.000000,406.000000</point>
				<point>789.000000,401.000000</point>
				<point>804.000000,401.000000</point>
				<point>804.000000,406.000000</point>
			</points>
		</object>
		<object>
			<coordinate>pixel</coordinate>
			<type>rectangle</type>
			<description>None</description>
			<possibleresult>
				<name>Van</name>
			</possibleresult>
			<points>
				<point>807.000000,400.000000</point>
				<point>792.000000,400.000000</point>
				<point>792.000000,393.000000</point>
				<point>807.000000,393.000000</point>
				<point>807.000000,400.000000</point>
			</points>
		</object>
		<object>
			<coordinate>pixel</coordinate>
			<type>rectangle</type>
			<description>None</description>
			<possibleresult>
				<name>other-vehicle</name>
			</possibleresult>
			<points>
				<point>809.000000,391.000000</point>
				<point>790.000000,391.000000</point>
				<point>790.000000,385.000000</point>
				<point>809.000000,385.000000</point>
				<point>809.000000,391.000000</point>
			</points>
		</object>
		<object>
			<coordinate>pixel</coordinate>
			<type>rectangle</type>
			<description>None</description>
			<possibleresult>
				<name>Van</name>
			</possibleresult>
			<points>
				<point>849.000000,379.000000</point>
				<point>831.000000,379.000000</point>
				<point>831.000000,372.000000</point>
				<point>849.000000,372.000000</point>
				<point>849.000000,379.000000</point>
			</points>
		</object>
		<object>
			<coordinate>pixel</coordinate>
			<type>rectangle</type>
			<description>None</description>
			<possibleresult>
				<name>Van</name>
			</possibleresult>
			<points>
				<point>848.000000,387.000000</point>
				<point>831.000000,387.000000</point>
				<point>831.000000,381.000000</point>
				<point>848.000000,381.000000</point>
				<point>848.000000,387.000000</point>
			</points>
		</object>
		<object>
			<coordinate>pixel</coordinate>
			<type>rectangle</type>
			<description>None</description>
			<possibleresult>
				<name>Van</name>
			</possibleresult>
			<points>
				<point>848.000000,394.000000</point>
				<point>830.000000,394.000000</point>
				<point>830.000000,389.000000</point>
				<point>848.000000,389.000000</point>
				<point>848.000000,394.000000</point>
			</points>
		</object>
		<object>
			<coordinate>pixel</coordinate>
			<type>rectangle</type>
			<description>None</description>
			<possibleresult>
				<name>other-vehicle</name>
			</possibleresult>
			<points>
				<point>844.000000,402.000000</point>
				<point>830.000000,402.000000</point>
				<point>830.000000,396.000000</point>
				<point>844.000000,396.000000</point>
				<point>844.000000,402.000000</point>
			</points>
		</object>
		<object>
			<coordinate>pixel</coordinate>
			<type>rectangle</type>
			<description>None</description>
			<possibleresult>
				<name>other-vehicle</name>
			</possibleresult>
			<points>
				<point>844.000000,412.000000</point>
				<point>844.000000,418.000000</point>
				<point>825.000000,417.000000</point>
				<point>825.000000,411.000000</point>
				<point>844.000000,412.000000</point>
			</points>
		</object>
		<object>
			<coordinate>pixel</coordinate>
			<type>rectangle</type>
			<description>None</description>
			<possibleresult>
				<name>Van</name>
			</possibleresult>
			<points>
				<point>841.000000,420.000000</point>
				<point>840.000000,426.000000</point>
				<point>826.000000,424.000000</point>
				<point>826.000000,419.000000</point>
				<point>841.000000,420.000000</point>
			</points>
		</object>
		<object>
			<coordinate>pixel</coordinate>
			<type>rectangle</type>
			<description>None</description>
			<possibleresult>
				<name>Van</name>
			</possibleresult>
			<points>
				<point>843.000000,427.000000</point>
				<point>843.000000,433.000000</point>
				<point>823.000000,431.000000</point>
				<point>824.000000,426.000000</point>
				<point>843.000000,427.000000</point>
			</points>
		</object>
		<object>
			<coordinate>pixel</coordinate>
			<type>rectangle</type>
			<description>None</description>
			<possibleresult>
				<name>Van</name>
			</possibleresult>
			<points>
				<point>840.000000,449.000000</point>
				<point>823.000000,449.000000</point>
				<point>823.000000,443.000000</point>
				<point>840.000000,443.000000</point>
				<point>840.000000,449.000000</point>
			</points>
		</object>
		<object>
			<coordinate>pixel</coordinate>
			<type>rectangle</type>
			<description>None</description>
			<possibleresult>
				<name>Van</name>
			</possibleresult>
			<points>
				<point>865.000000,325.000000</point>
				<point>856.000000,325.000000</point>
				<point>856.000000,309.000000</point>
				<point>865.000000,309.000000</point>
				<point>865.000000,325.000000</point>
			</points>
		</object>
		<object>
			<coordinate>pixel</coordinate>
			<type>rectangle</type>
			<description>None</description>
			<possibleresult>
				<name>Van</name>
			</possibleresult>
			<points>
				<point>636.000000,366.000000</point>
				<point>630.000000,366.000000</point>
				<point>630.000000,352.000000</point>
				<point>636.000000,352.000000</point>
				<point>636.000000,366.000000</point>
			</points>
		</object>
		<object>
			<coordinate>pixel</coordinate>
			<type>rectangle</type>
			<description>None</description>
			<possibleresult>
				<name>Van</name>
			</possibleresult>
			<points>
				<point>625.000000,364.000000</point>
				<point>618.000000,364.000000</point>
				<point>618.000000,347.000000</point>
				<point>625.000000,347.000000</point>
				<point>625.000000,364.000000</point>
			</points>
		</object>
		<object>
			<coordinate>pixel</coordinate>
			<type>rectangle</type>
			<description>None</description>
			<possibleresult>
				<name>Van</name>
			</possibleresult>
			<points>
				<point>615.000000,348.000000</point>
				<point>615.000000,364.000000</point>
				<point>607.000000,363.000000</point>
				<point>608.000000,347.000000</point>
				<point>615.000000,348.000000</point>
			</points>
		</object>
		<object>
			<coordinate>pixel</coordinate>
			<type>rectangle</type>
			<description>None</description>
			<possibleresult>
				<name>other-vehicle</name>
			</possibleresult>
			<points>
				<point>603.000000,326.000000</point>
				<point>584.000000,326.000000</point>
				<point>584.000000,323.000000</point>
				<point>603.000000,323.000000</point>
				<point>603.000000,326.000000</point>
			</points>
		</object>
		<object>
			<coordinate>pixel</coordinate>
			<type>rectangle</type>
			<description>None</description>
			<possibleresult>
				<name>other-vehicle</name>
			</possibleresult>
			<points>
				<point>599.000000,319.000000</point>
				<point>588.000000,319.000000</point>
				<point>588.000000,313.000000</point>
				<point>599.000000,313.000000</point>
				<point>599.000000,319.000000</point>
			</points>
		</object>
		<object>
			<coordinate>pixel</coordinate>
			<type>rectangle</type>
			<description>None</description>
			<possibleresult>
				<name>other-vehicle</name>
			</possibleresult>
			<points>
				<point>674.000000,268.000000</point>
				<point>656.000000,268.000000</point>
				<point>656.000000,261.000000</point>
				<point>674.000000,261.000000</point>
				<point>674.000000,268.000000</point>
			</points>
		</object>
		<object>
			<coordinate>pixel</coordinate>
			<type>rectangle</type>
			<description>None</description>
			<possibleresult>
				<name>Van</name>
			</possibleresult>
			<points>
				<point>693.000000,258.000000</point>
				<point>676.000000,266.000000</point>
				<point>674.000000,259.000000</point>
				<point>690.000000,252.000000</point>
				<point>693.000000,258.000000</point>
			</points>
		</object>
		<object>
			<coordinate>pixel</coordinate>
			<type>rectangle</type>
			<description>None</description>
			<possibleresult>
				<name>Cargo Truck</name>
			</possibleresult>
			<points>
				<point>739.000000,216.000000</point>
				<point>718.000000,228.000000</point>
				<point>713.000000,220.000000</point>
				<point>734.000000,208.000000</point>
				<point>739.000000,216.000000</point>
			</points>
		</object>
		<object>
			<coordinate>pixel</coordinate>
			<type>rectangle</type>
			<description>None</description>
			<possibleresult>
				<name>Trailer</name>
			</possibleresult>
			<points>
				<point>876.000000,229.000000</point>
				<point>831.000000,229.000000</point>
				<point>831.000000,222.000000</point>
				<point>876.000000,222.000000</point>
				<point>876.000000,229.000000</point>
			</points>
		</object>
		<object>
			<coordinate>pixel</coordinate>
			<type>rectangle</type>
			<description>None</description>
			<possibleresult>
				<name>Van</name>
			</possibleresult>
			<points>
				<point>833.000000,212.000000</point>
				<point>826.000000,212.000000</point>
				<point>825.000000,194.000000</point>
				<point>831.000000,193.000000</point>
				<point>833.000000,212.000000</point>
			</points>
		</object>
		<object>
			<coordinate>pixel</coordinate>
			<type>rectangle</type>
			<description>None</description>
			<possibleresult>
				<name>Van</name>
			</possibleresult>
			<points>
				<point>845.000000,205.000000</point>
				<point>838.000000,207.000000</point>
				<point>833.000000,191.000000</point>
				<point>839.000000,188.000000</point>
				<point>845.000000,205.000000</point>
			</points>
		</object>
		<object>
			<coordinate>pixel</coordinate>
			<type>rectangle</type>
			<description>None</description>
			<possibleresult>
				<name>other-vehicle</name>
			</possibleresult>
			<points>
				<point>878.000000,179.000000</point>
				<point>874.000000,194.000000</point>
				<point>867.000000,193.000000</point>
				<point>870.000000,177.000000</point>
				<point>878.000000,179.000000</point>
			</points>
		</object>
		<object>
			<coordinate>pixel</coordinate>
			<type>rectangle</type>
			<description>None</description>
			<possibleresult>
				<name>Van</name>
			</possibleresult>
			<points>
				<point>899.000000,232.000000</point>
				<point>896.000000,247.000000</point>
				<point>889.000000,245.000000</point>
				<point>891.000000,231.000000</point>
				<point>899.000000,232.000000</point>
			</points>
		</object>
		<object>
			<coordinate>pixel</coordinate>
			<type>rectangle</type>
			<description>None</description>
			<possibleresult>
				<name>Small Car</name>
			</possibleresult>
			<points>
				<point>901.000000,215.000000</point>
				<point>900.000000,231.000000</point>
				<point>892.000000,230.000000</point>
				<point>893.000000,214.000000</point>
				<point>901.000000,215.000000</point>
			</points>
		</object>
		<object>
			<coordinate>pixel</coordinate>
			<type>rectangle</type>
			<description>None</description>
			<possibleresult>
				<name>Small Car</name>
			</possibleresult>
			<points>
				<point>976.000000,238.000000</point>
				<point>975.000000,256.000000</point>
				<point>965.000000,255.000000</point>
				<point>967.000000,238.000000</point>
				<point>976.000000,238.000000</point>
			</points>
		</object>
		<object>
			<coordinate>pixel</coordinate>
			<type>rectangle</type>
			<description>None</description>
			<possibleresult>
				<name>Van</name>
			</possibleresult>
			<points>
				<point>997.000000,235.000000</point>
				<point>996.000000,242.000000</point>
				<point>982.000000,241.000000</point>
				<point>983.000000,234.000000</point>
				<point>997.000000,235.000000</point>
			</points>
		</object>
		<object>
			<coordinate>pixel</coordinate>
			<type>rectangle</type>
			<description>None</description>
			<possibleresult>
				<name>Van</name>
			</possibleresult>
			<points>
				<point>994.000000,188.000000</point>
				<point>992.000000,204.000000</point>
				<point>986.000000,204.000000</point>
				<point>987.000000,187.000000</point>
				<point>994.000000,188.000000</point>
			</points>
		</object>
		<object>
			<coordinate>pixel</coordinate>
			<type>rectangle</type>
			<description>None</description>
			<possibleresult>
				<name>other-vehicle</name>
			</possibleresult>
			<points>
				<point>979.000000,186.000000</point>
				<point>977.000000,203.000000</point>
				<point>971.000000,203.000000</point>
				<point>972.000000,185.000000</point>
				<point>979.000000,186.000000</point>
			</points>
		</object>
		<object>
			<coordinate>pixel</coordinate>
			<type>rectangle</type>
			<description>None</description>
			<possibleresult>
				<name>Van</name>
			</possibleresult>
			<points>
				<point>969.000000,187.000000</point>
				<point>968.000000,201.000000</point>
				<point>960.000000,200.000000</point>
				<point>961.000000,186.000000</point>
				<point>969.000000,187.000000</point>
			</points>
		</object>
		<object>
			<coordinate>pixel</coordinate>
			<type>rectangle</type>
			<description>None</description>
			<possibleresult>
				<name>Small Car</name>
			</possibleresult>
			<points>
				<point>960.000000,184.000000</point>
				<point>958.000000,200.000000</point>
				<point>951.000000,200.000000</point>
				<point>953.000000,184.000000</point>
				<point>960.000000,184.000000</point>
			</points>
		</object>
		<object>
			<coordinate>pixel</coordinate>
			<type>rectangle</type>
			<description>None</description>
			<possibleresult>
				<name>Van</name>
			</possibleresult>
			<points>
				<point>467.000000,114.000000</point>
				<point>458.000000,114.000000</point>
				<point>457.000000,101.000000</point>
				<point>465.000000,101.000000</point>
				<point>467.000000,114.000000</point>
			</points>
		</object>
		<object>
			<coordinate>pixel</coordinate>
			<type>rectangle</type>
			<description>None</description>
			<possibleresult>
				<name>Van</name>
			</possibleresult>
			<points>
				<point>608.000000,113.000000</point>
				<point>590.000000,119.000000</point>
				<point>588.000000,112.000000</point>
				<point>605.000000,107.000000</point>
				<point>608.000000,113.000000</point>
			</points>
		</object>
		<object>
			<coordinate>pixel</coordinate>
			<type>rectangle</type>
			<description>None</description>
			<possibleresult>
				<name>Van</name>
			</possibleresult>
			<points>
				<point>723.000000,57.000000</point>
				<point>713.000000,68.000000</point>
				<point>712.000000,66.000000</point>
				<point>722.000000,55.000000</point>
				<point>723.000000,57.000000</point>
			</points>
		</object>
		<object>
			<coordinate>pixel</coordinate>
			<type>rectangle</type>
			<description>None</description>
			<possibleresult>
				<name>other-vehicle</name>
			</possibleresult>
			<points>
				<point>744.000000,44.000000</point>
				<point>733.000000,55.000000</point>
				<point>728.000000,50.000000</point>
				<point>740.000000,40.000000</point>
				<point>744.000000,44.000000</point>
			</points>
		</object>
		<object>
			<coordinate>pixel</coordinate>
			<type>rectangle</type>
			<description>None</description>
			<possibleresult>
				<name>other-vehicle</name>
			</possibleresult>
			<points>
				<point>757.000000,47.000000</point>
				<point>751.000000,53.000000</point>
				<point>747.000000,49.000000</point>
				<point>753.000000,43.000000</point>
				<point>757.000000,47.000000</point>
			</points>
		</object>
		<object>
			<coordinate>pixel</coordinate>
			<type>rectangle</type>
			<description>None</description>
			<possibleresult>
				<name>other-vehicle</name>
			</possibleresult>
			<points>
				<point>773.000000,32.000000</point>
				<point>762.000000,43.000000</point>
				<point>757.000000,39.000000</point>
				<point>768.000000,28.000000</point>
				<point>773.000000,32.000000</point>
			</points>
		</object>
		<object>
			<coordinate>pixel</coordinate>
			<type>rectangle</type>
			<description>None</description>
			<possibleresult>
				<name>Van</name>
			</possibleresult>
			<points>
				<point>787.000000,10.000000</point>
				<point>778.000000,19.000000</point>
				<point>773.000000,14.000000</point>
				<point>782.000000,5.000000</point>
				<point>787.000000,10.000000</point>
			</points>
		</object>
		<object>
			<coordinate>pixel</coordinate>
			<type>rectangle</type>
			<description>None</description>
			<possibleresult>
				<name>Excavator</name>
			</possibleresult>
			<points>
				<point>29.000000,203.000000</point>
				<point>14.000000,206.000000</point>
				<point>3.000000,151.000000</point>
				<point>19.000000,149.000000</point>
				<point>29.000000,203.000000</point>
			</points>
		</object>
		<object>
			<coordinate>pixel</coordinate>
			<type>rectangle</type>
			<description>None</description>
			<possibleresult>
				<name>Cargo Truck</name>
			</possibleresult>
			<points>
				<point>142.000000,244.000000</point>
				<point>116.000000,252.000000</point>
				<point>114.000000,243.000000</point>
				<point>139.000000,234.000000</point>
				<point>142.000000,244.000000</point>
			</points>
		</object>
		<object>
			<coordinate>pixel</coordinate>
			<type>rectangle</type>
			<description>None</description>
			<possibleresult>
				<name>Van</name>
			</possibleresult>
			<points>
				<point>128.000000,261.000000</point>
				<point>110.000000,265.000000</point>
				<point>108.000000,258.000000</point>
				<point>126.000000,254.000000</point>
				<point>128.000000,261.000000</point>
			</points>
		</object>
		<object>
			<coordinate>pixel</coordinate>
			<type>rectangle</type>
			<description>None</description>
			<possibleresult>
				<name>other-vehicle</name>
			</possibleresult>
			<points>
				<point>134.000000,269.000000</point>
				<point>120.000000,274.000000</point>
				<point>117.000000,266.000000</point>
				<point>131.000000,261.000000</point>
				<point>134.000000,269.000000</point>
			</points>
		</object>
		<object>
			<coordinate>pixel</coordinate>
			<type>rectangle</type>
			<description>None</description>
			<possibleresult>
				<name>Van</name>
			</possibleresult>
			<points>
				<point>140.000000,279.000000</point>
				<point>123.000000,284.000000</point>
				<point>120.000000,277.000000</point>
				<point>137.000000,272.000000</point>
				<point>140.000000,279.000000</point>
			</points>
		</object>
		<object>
			<coordinate>pixel</coordinate>
			<type>rectangle</type>
			<description>None</description>
			<possibleresult>
				<name>Cargo Truck</name>
			</possibleresult>
			<points>
				<point>138.000000,294.000000</point>
				<point>114.000000,303.000000</point>
				<point>113.000000,298.000000</point>
				<point>137.000000,289.000000</point>
				<point>138.000000,294.000000</point>
			</points>
		</object>
		<object>
			<coordinate>pixel</coordinate>
			<type>rectangle</type>
			<description>None</description>
			<possibleresult>
				<name>other-vehicle</name>
			</possibleresult>
			<points>
				<point>172.000000,238.000000</point>
				<point>158.000000,242.000000</point>
				<point>157.000000,236.000000</point>
				<point>170.000000,231.000000</point>
				<point>172.000000,238.000000</point>
			</points>
		</object>
		<object>
			<coordinate>pixel</coordinate>
			<type>rectangle</type>
			<description>None</description>
			<possibleresult>
				<name>other-vehicle</name>
			</possibleresult>
			<points>
				<point>173.000000,248.000000</point>
				<point>158.000000,253.000000</point>
				<point>156.000000,247.000000</point>
				<point>171.000000,242.000000</point>
				<point>173.000000,248.000000</point>
			</points>
		</object>
		<object>
			<coordinate>pixel</coordinate>
			<type>rectangle</type>
			<description>None</description>
			<possibleresult>
				<name>other-vehicle</name>
			</possibleresult>
			<points>
				<point>181.000000,255.000000</point>
				<point>165.000000,261.000000</point>
				<point>163.000000,255.000000</point>
				<point>179.000000,249.000000</point>
				<point>181.000000,255.000000</point>
			</points>
		</object>
		<object>
			<coordinate>pixel</coordinate>
			<type>rectangle</type>
			<description>None</description>
			<possibleresult>
				<name>Van</name>
			</possibleresult>
			<points>
				<point>187.000000,263.000000</point>
				<point>172.000000,269.000000</point>
				<point>170.000000,263.000000</point>
				<point>185.000000,257.000000</point>
				<point>187.000000,263.000000</point>
			</points>
		</object>
		<object>
			<coordinate>pixel</coordinate>
			<type>rectangle</type>
			<description>None</description>
			<possibleresult>
				<name>Small Car</name>
			</possibleresult>
			<points>
				<point>191.000000,272.000000</point>
				<point>174.000000,277.000000</point>
				<point>171.000000,271.000000</point>
				<point>189.000000,265.000000</point>
				<point>191.000000,272.000000</point>
			</points>
		</object>
		<object>
			<coordinate>pixel</coordinate>
			<type>rectangle</type>
			<description>None</description>
			<possibleresult>
				<name>other-vehicle</name>
			</possibleresult>
			<points>
				<point>162.000000,280.000000</point>
				<point>147.000000,287.000000</point>
				<point>144.000000,281.000000</point>
				<point>160.000000,275.000000</point>
				<point>162.000000,280.000000</point>
			</points>
		</object>
		<object>
			<coordinate>pixel</coordinate>
			<type>rectangle</type>
			<description>None</description>
			<possibleresult>
				<name>other-vehicle</name>
			</possibleresult>
			<points>
				<point>162.000000,272.000000</point>
				<point>148.000000,276.000000</point>
				<point>147.000000,270.000000</point>
				<point>160.000000,265.000000</point>
				<point>162.000000,272.000000</point>
			</points>
		</object>
		<object>
			<coordinate>pixel</coordinate>
			<type>rectangle</type>
			<description>None</description>
			<possibleresult>
				<name>Van</name>
			</possibleresult>
			<points>
				<point>161.000000,261.000000</point>
				<point>141.000000,268.000000</point>
				<point>139.000000,261.000000</point>
				<point>158.000000,255.000000</point>
				<point>161.000000,261.000000</point>
			</points>
		</object>
		<object>
			<coordinate>pixel</coordinate>
			<type>rectangle</type>
			<description>None</description>
			<possibleresult>
				<name>Small Car</name>
			</possibleresult>
			<points>
				<point>152.000000,253.000000</point>
				<point>128.000000,260.000000</point>
				<point>126.000000,253.000000</point>
				<point>150.000000,247.000000</point>
				<point>152.000000,253.000000</point>
			</points>
		</object>
		<object>
			<coordinate>pixel</coordinate>
			<type>rectangle</type>
			<description>None</description>
			<possibleresult>
				<name>other-vehicle</name>
			</possibleresult>
			<points>
				<point>253.000000,21.000000</point>
				<point>246.000000,23.000000</point>
				<point>242.000000,9.000000</point>
				<point>249.000000,7.000000</point>
				<point>253.000000,21.000000</point>
			</points>
		</object>
		<object>
			<coordinate>pixel</coordinate>
			<type>rectangle</type>
			<description>None</description>
			<possibleresult>
				<name>Van</name>
			</possibleresult>
			<points>
				<point>269.000000,0.000000</point>
				<point>269.000000,0.000000</point>
				<point>283.000000,0.000000</point>
				<point>283.000000,0.000000</point>
				<point>269.000000,0.000000</point>
			</points>
		</object>
		<object>
			<coordinate>pixel</coordinate>
			<type>rectangle</type>
			<description>None</description>
			<possibleresult>
				<name>Van</name>
			</possibleresult>
			<points>
				<point>344.000000,446.000000</point>
				<point>336.000000,448.000000</point>
				<point>332.000000,434.000000</point>
				<point>340.000000,432.000000</point>
				<point>344.000000,446.000000</point>
			</points>
		</object>
		<object>
			<coordinate>pixel</coordinate>
			<type>rectangle</type>
			<description>None</description>
			<possibleresult>
				<name>other-vehicle</name>
			</possibleresult>
			<points>
				<point>327.000000,520.000000</point>
				<point>306.000000,520.000000</point>
				<point>306.000000,513.000000</point>
				<point>327.000000,513.000000</point>
				<point>327.000000,520.000000</point>
			</points>
		</object>
		<object>
			<coordinate>pixel</coordinate>
			<type>rectangle</type>
			<description>None</description>
			<possibleresult>
				<name>Small Car</name>
			</possibleresult>
			<points>
				<point>285.000000,654.000000</point>
				<point>266.000000,659.000000</point>
				<point>264.000000,652.000000</point>
				<point>284.000000,648.000000</point>
				<point>285.000000,654.000000</point>
			</points>
		</object>
		<object>
			<coordinate>pixel</coordinate>
			<type>rectangle</type>
			<description>None</description>
			<possibleresult>
				<name>Small Car</name>
			</possibleresult>
			<points>
				<point>423.000000,706.000000</point>
				<point>415.000000,708.000000</point>
				<point>410.000000,691.000000</point>
				<point>418.000000,689.000000</point>
				<point>423.000000,706.000000</point>
			</points>
		</object>
		<object>
			<coordinate>pixel</coordinate>
			<type>rectangle</type>
			<description>None</description>
			<possibleresult>
				<name>Van</name>
			</possibleresult>
			<points>
				<point>327.000000,747.000000</point>
				<point>311.000000,753.000000</point>
				<point>309.000000,746.000000</point>
				<point>324.000000,741.000000</point>
				<point>327.000000,747.000000</point>
			</points>
		</object>
		<object>
			<coordinate>pixel</coordinate>
			<type>rectangle</type>
			<description>None</description>
			<possibleresult>
				<name>other-vehicle</name>
			</possibleresult>
			<points>
				<point>332.000000,755.000000</point>
				<point>313.000000,761.000000</point>
				<point>310.000000,755.000000</point>
				<point>330.000000,748.000000</point>
				<point>332.000000,755.000000</point>
			</points>
		</object>
		<object>
			<coordinate>pixel</coordinate>
			<type>rectangle</type>
			<description>None</description>
			<possibleresult>
				<name>other-vehicle</name>
			</possibleresult>
			<points>
				<point>334.000000,764.000000</point>
				<point>315.000000,769.000000</point>
				<point>313.000000,762.000000</point>
				<point>332.000000,757.000000</point>
				<point>334.000000,764.000000</point>
			</points>
		</object>
		<object>
			<coordinate>pixel</coordinate>
			<type>rectangle</type>
			<description>None</description>
			<possibleresult>
				<name>Van</name>
			</possibleresult>
			<points>
				<point>233.000000,838.000000</point>
				<point>227.000000,842.000000</point>
				<point>219.000000,825.000000</point>
				<point>225.000000,821.000000</point>
				<point>233.000000,838.000000</point>
			</points>
		</object>
		<object>
			<coordinate>pixel</coordinate>
			<type>rectangle</type>
			<description>None</description>
			<possibleresult>
				<name>Van</name>
			</possibleresult>
			<points>
				<point>253.000000,832.000000</point>
				<point>245.000000,835.000000</point>
				<point>239.000000,819.000000</point>
				<point>248.000000,816.000000</point>
				<point>253.000000,832.000000</point>
			</points>
		</object>
		<object>
			<coordinate>pixel</coordinate>
			<type>rectangle</type>
			<description>None</description>
			<possibleresult>
				<name>other-vehicle</name>
			</possibleresult>
			<points>
				<point>282.000000,823.000000</point>
				<point>275.000000,825.000000</point>
				<point>269.000000,812.000000</point>
				<point>276.000000,809.000000</point>
				<point>282.000000,823.000000</point>
			</points>
		</object>
		<object>
			<coordinate>pixel</coordinate>
			<type>rectangle</type>
			<description>None</description>
			<possibleresult>
				<name>other-vehicle</name>
			</possibleresult>
			<points>
				<point>321.000000,813.000000</point>
				<point>314.000000,816.000000</point>
				<point>307.000000,799.000000</point>
				<point>315.000000,797.000000</point>
				<point>321.000000,813.000000</point>
			</points>
		</object>
		<object>
			<coordinate>pixel</coordinate>
			<type>rectangle</type>
			<description>None</description>
			<possibleresult>
				<name>Van</name>
			</possibleresult>
			<points>
				<point>437.000000,790.000000</point>
				<point>429.000000,790.000000</point>
				<point>429.000000,773.000000</point>
				<point>437.000000,773.000000</point>
				<point>437.000000,790.000000</point>
			</points>
		</object>
		<object>
			<coordinate>pixel</coordinate>
			<type>rectangle</type>
			<description>None</description>
			<possibleresult>
				<name>other-vehicle</name>
			</possibleresult>
			<points>
				<point>424.000000,782.000000</point>
				<point>417.000000,782.000000</point>
				<point>417.000000,771.000000</point>
				<point>424.000000,771.000000</point>
				<point>424.000000,782.000000</point>
			</points>
		</object>
		<object>
			<coordinate>pixel</coordinate>
			<type>rectangle</type>
			<description>None</description>
			<possibleresult>
				<name>Bus</name>
			</possibleresult>
			<points>
				<point>454.000000,988.000000</point>
				<point>445.000000,990.000000</point>
				<point>439.000000,965.000000</point>
				<point>448.000000,963.000000</point>
				<point>454.000000,988.000000</point>
			</points>
		</object>
		<object>
			<coordinate>pixel</coordinate>
			<type>rectangle</type>
			<description>None</description>
			<possibleresult>
				<name>Van</name>
			</possibleresult>
			<points>
				<point>107.000000,794.000000</point>
				<point>100.000000,796.000000</point>
				<point>94.000000,784.000000</point>
				<point>102.000000,781.000000</point>
				<point>107.000000,794.000000</point>
			</points>
		</object>
		<object>
			<coordinate>pixel</coordinate>
			<type>rectangle</type>
			<description>None</description>
			<possibleresult>
				<name>Van</name>
			</possibleresult>
			<points>
				<point>304.000000,968.000000</point>
				<point>284.000000,973.000000</point>
				<point>283.000000,967.000000</point>
				<point>302.000000,961.000000</point>
				<point>304.000000,968.000000</point>
			</points>
		</object>
		<object>
			<coordinate>pixel</coordinate>
			<type>rectangle</type>
			<description>None</description>
			<possibleresult>
				<name>other-vehicle</name>
			</possibleresult>
			<points>
				<point>299.000000,960.000000</point>
				<point>283.000000,964.000000</point>
				<point>281.000000,957.000000</point>
				<point>297.000000,953.000000</point>
				<point>299.000000,960.000000</point>
			</points>
		</object>
		<object>
			<coordinate>pixel</coordinate>
			<type>rectangle</type>
			<description>None</description>
			<possibleresult>
				<name>other-vehicle</name>
			</possibleresult>
			<points>
				<point>298.000000,950.000000</point>
				<point>280.000000,955.000000</point>
				<point>278.000000,948.000000</point>
				<point>296.000000,943.000000</point>
				<point>298.000000,950.000000</point>
			</points>
		</object>
		<object>
			<coordinate>pixel</coordinate>
			<type>rectangle</type>
			<description>None</description>
			<possibleresult>
				<name>other-vehicle</name>
			</possibleresult>
			<points>
				<point>281.000000,925.000000</point>
				<point>273.000000,928.000000</point>
				<point>269.000000,915.000000</point>
				<point>277.000000,912.000000</point>
				<point>281.000000,925.000000</point>
			</points>
		</object>
		<object>
			<coordinate>pixel</coordinate>
			<type>rectangle</type>
			<description>None</description>
			<possibleresult>
				<name>Van</name>
			</possibleresult>
			<points>
				<point>272.000000,930.000000</point>
				<point>264.000000,933.000000</point>
				<point>258.000000,915.000000</point>
				<point>267.000000,912.000000</point>
				<point>272.000000,930.000000</point>
			</points>
		</object>
		<object>
			<coordinate>pixel</coordinate>
			<type>rectangle</type>
			<description>None</description>
			<possibleresult>
				<name>other-vehicle</name>
			</possibleresult>
			<points>
				<point>261.000000,931.000000</point>
				<point>255.000000,934.000000</point>
				<point>251.000000,922.000000</point>
				<point>257.000000,919.000000</point>
				<point>261.000000,931.000000</point>
			</points>
		</object>
		<object>
			<coordinate>pixel</coordinate>
			<type>rectangle</type>
			<description>None</description>
			<possibleresult>
				<name>Van</name>
			</possibleresult>
			<points>
				<point>214.000000,945.000000</point>
				<point>207.000000,947.000000</point>
				<point>203.000000,933.000000</point>
				<point>210.000000,931.000000</point>
				<point>214.000000,945.000000</point>
			</points>
		</object>
		<object>
			<coordinate>pixel</coordinate>
			<type>rectangle</type>
			<description>None</description>
			<possibleresult>
				<name>Van</name>
			</possibleresult>
			<points>
				<point>266.000000,989.000000</point>
				<point>258.000000,992.000000</point>
				<point>253.000000,979.000000</point>
				<point>260.000000,975.000000</point>
				<point>266.000000,989.000000</point>
			</points>
		</object>
		<object>
			<coordinate>pixel</coordinate>
			<type>rectangle</type>
			<description>None</description>
			<possibleresult>
				<name>Van</name>
			</possibleresult>
			<points>
				<point>247.000000,975.000000</point>
				<point>241.000000,977.000000</point>
				<point>237.000000,965.000000</point>
				<point>243.000000,963.000000</point>
				<point>247.000000,975.000000</point>
			</points>
		</object>
		<object>
			<coordinate>pixel</coordinate>
			<type>rectangle</type>
			<description>None</description>
			<possibleresult>
				<name>Small Car</name>
			</possibleresult>
			<points>
				<point>220.000000,982.000000</point>
				<point>213.000000,985.000000</point>
				<point>207.000000,969.000000</point>
				<point>214.000000,966.000000</point>
				<point>220.000000,982.000000</point>
			</points>
		</object>
		<object>
			<coordinate>pixel</coordinate>
			<type>rectangle</type>
			<description>None</description>
			<possibleresult>
				<name>Small Car</name>
			</possibleresult>
			<points>
				<point>209.000000,983.000000</point>
				<point>202.000000,986.000000</point>
				<point>197.000000,973.000000</point>
				<point>204.000000,969.000000</point>
				<point>209.000000,983.000000</point>
			</points>
		</object>
		<object>
			<coordinate>pixel</coordinate>
			<type>rectangle</type>
			<description>None</description>
			<possibleresult>
				<name>Van</name>
			</possibleresult>
			<points>
				<point>200.000000,988.000000</point>
				<point>193.000000,991.000000</point>
				<point>186.000000,976.000000</point>
				<point>192.000000,972.000000</point>
				<point>200.000000,988.000000</point>
			</points>
		</object>
		<object>
			<coordinate>pixel</coordinate>
			<type>rectangle</type>
			<description>None</description>
			<possibleresult>
				<name>other-vehicle</name>
			</possibleresult>
			<points>
				<point>176.000000,992.000000</point>
				<point>169.000000,995.000000</point>
				<point>164.000000,983.000000</point>
				<point>171.000000,980.000000</point>
				<point>176.000000,992.000000</point>
			</points>
		</object>
		<object>
			<coordinate>pixel</coordinate>
			<type>rectangle</type>
			<description>None</description>
			<possibleresult>
				<name>Van</name>
			</possibleresult>
			<points>
				<point>150.000000,1000.000000</point>
				<point>144.000000,988.000000</point>
				<point>151.000000,985.000000</point>
				<point>157.000000,998.000000</point>
				<point>150.000000,1000.000000</point>
			</points>
		</object>
	</objects>
</annotation>