<?xml version="1.0" encoding="utf-8"?>
<annotation>
	<source>
		<filename>634.tif</filename>
		<origin>GF2/GF3</origin>
	</source>
	<research>
		<version>1.0</version>
		<provider>FAIR1M</provider>
		<author>Cyber</author>
		<pluginname>FAIR1M</pluginname>
		<pluginclass>object detection</pluginclass>
		<time>2021-07-21</time>
	</research>
	<size>
		<width>1000</width>
		<height>1000</height>
		<depth>3</depth>
	</size>
	<objects>
		<object>
			<coordinate>pixel</coordinate>
			<type>rectangle</type>
			<description>None</description>
			<possibleresult>
				<name>Boeing737</name>
			</possibleresult>
			<points>
				<point>749.000000,233.000000</point>
				<point>708.000000,262.000000</point>
				<point>733.000000,298.000000</point>
				<point>774.000000,269.000000</point>
				<point>749.000000,233.000000</point>
			</points>
		</object>
		<object>
			<coordinate>pixel</coordinate>
			<type>rectangle</type>
			<description>None</description>
			<possibleresult>
				<name>A220</name>
			</possibleresult>
			<points>
				<point>776.000000,124.000000</point>
				<point>801.000000,165.000000</point>
				<point>838.000000,142.000000</point>
				<point>813.000000,102.000000</point>
				<point>776.000000,124.000000</point>
			</points>
		</object>
	</objects>
</annotation>