<?xml version="1.0" encoding="utf-8"?>
<annotation>
	<source>
		<filename>637.tif</filename>
		<origin>GF2/GF3</origin>
	</source>
	<research>
		<version>1.0</version>
		<provider>FAIR1M</provider>
		<author>Cyber</author>
		<pluginname>FAIR1M</pluginname>
		<pluginclass>object detection</pluginclass>
		<time>2021-07-21</time>
	</research>
	<size>
		<width>1500</width>
		<height>1500</height>
		<depth>3</depth>
	</size>
	<objects>
		<object>
			<coordinate>pixel</coordinate>
			<type>rectangle</type>
			<description>None</description>
			<possibleresult>
				<name>Motorboat</name>
			</possibleresult>
			<points>
				<point>1017.000000,1403.000000</point>
				<point>1044.000000,1398.000000</point>
				<point>1042.000000,1387.000000</point>
				<point>1014.000000,1394.000000</point>
				<point>1017.000000,1403.000000</point>
			</points>
		</object>
		<object>
			<coordinate>pixel</coordinate>
			<type>rectangle</type>
			<description>None</description>
			<possibleresult>
				<name>Motorboat</name>
			</possibleresult>
			<points>
				<point>859.000000,1465.000000</point>
				<point>907.000000,1471.000000</point>
				<point>909.000000,1459.000000</point>
				<point>861.000000,1452.000000</point>
				<point>859.000000,1465.000000</point>
			</points>
		</object>
		<object>
			<coordinate>pixel</coordinate>
			<type>rectangle</type>
			<description>None</description>
			<possibleresult>
				<name>other-ship</name>
			</possibleresult>
			<points>
				<point>185.000000,140.000000</point>
				<point>193.000000,119.000000</point>
				<point>181.000000,114.000000</point>
				<point>173.000000,135.000000</point>
				<point>185.000000,140.000000</point>
			</points>
		</object>
		<object>
			<coordinate>pixel</coordinate>
			<type>rectangle</type>
			<description>None</description>
			<possibleresult>
				<name>Motorboat</name>
			</possibleresult>
			<points>
				<point>222.000000,220.000000</point>
				<point>254.000000,207.000000</point>
				<point>250.000000,199.000000</point>
				<point>218.000000,211.000000</point>
				<point>222.000000,220.000000</point>
			</points>
		</object>
		<object>
			<coordinate>pixel</coordinate>
			<type>rectangle</type>
			<description>None</description>
			<possibleresult>
				<name>other-ship</name>
			</possibleresult>
			<points>
				<point>96.000000,68.000000</point>
				<point>109.000000,53.000000</point>
				<point>102.000000,46.000000</point>
				<point>89.000000,61.000000</point>
				<point>96.000000,68.000000</point>
			</points>
		</object>
		<object>
			<coordinate>pixel</coordinate>
			<type>rectangle</type>
			<description>None</description>
			<possibleresult>
				<name>Motorboat</name>
			</possibleresult>
			<points>
				<point>326.000000,421.000000</point>
				<point>328.000000,391.000000</point>
				<point>318.000000,391.000000</point>
				<point>316.000000,420.000000</point>
				<point>326.000000,421.000000</point>
			</points>
		</object>
		<object>
			<coordinate>pixel</coordinate>
			<type>rectangle</type>
			<description>None</description>
			<possibleresult>
				<name>Motorboat</name>
			</possibleresult>
			<points>
				<point>267.000000,101.000000</point>
				<point>275.000000,88.000000</point>
				<point>270.000000,86.000000</point>
				<point>262.000000,98.000000</point>
				<point>267.000000,101.000000</point>
			</points>
		</object>
	</objects>
</annotation>