<?xml version="1.0" encoding="utf-8"?>
<annotation>
	<source>
		<filename>645.tif</filename>
		<origin>GF2/GF3</origin>
	</source>
	<research>
		<version>1.0</version>
		<provider>FAIR1M</provider>
		<author>Cyber</author>
		<pluginname>FAIR1M</pluginname>
		<pluginclass>object detection</pluginclass>
		<time>2021-07-21</time>
	</research>
	<size>
		<width>1000</width>
		<height>1000</height>
		<depth>3</depth>
	</size>
	<objects>
		<object>
			<coordinate>pixel</coordinate>
			<type>rectangle</type>
			<description>None</description>
			<possibleresult>
				<name>other-airplane</name>
			</possibleresult>
			<points>
				<point>-20.000000,296.000000</point>
				<point>8.000000,323.000000</point>
				<point>35.000000,295.000000</point>
				<point>7.000000,268.000000</point>
				<point>-20.000000,296.000000</point>
			</points>
		</object>
		<object>
			<coordinate>pixel</coordinate>
			<type>rectangle</type>
			<description>None</description>
			<possibleresult>
				<name>A321</name>
			</possibleresult>
			<points>
				<point>51.000000,213.000000</point>
				<point>89.000000,249.000000</point>
				<point>118.000000,218.000000</point>
				<point>81.000000,182.000000</point>
				<point>51.000000,213.000000</point>
			</points>
		</object>
		<object>
			<coordinate>pixel</coordinate>
			<type>rectangle</type>
			<description>None</description>
			<possibleresult>
				<name>other-airplane</name>
			</possibleresult>
			<points>
				<point>257.000000,4.000000</point>
				<point>236.000000,27.000000</point>
				<point>264.000000,51.000000</point>
				<point>284.000000,29.000000</point>
				<point>257.000000,4.000000</point>
			</points>
		</object>
	</objects>
</annotation>