<?xml version="1.0" encoding="utf-8"?>
<annotation>
	<source>
		<filename>649.tif</filename>
		<origin>GF2/GF3</origin>
	</source>
	<research>
		<version>1.0</version>
		<provider>FAIR1M</provider>
		<author>Cyber</author>
		<pluginname>FAIR1M</pluginname>
		<pluginclass>object detection</pluginclass>
		<time>2021-07-21</time>
	</research>
	<size>
		<width>1000</width>
		<height>1000</height>
		<depth>3</depth>
	</size>
	<objects>
		<object>
			<coordinate>pixel</coordinate>
			<type>rectangle</type>
			<description>None</description>
			<possibleresult>
				<name>A321</name>
			</possibleresult>
			<points>
				<point>37.000000,201.000000</point>
				<point>4.000000,246.000000</point>
				<point>42.000000,274.000000</point>
				<point>74.000000,229.000000</point>
				<point>37.000000,201.000000</point>
			</points>
		</object>
		<object>
			<coordinate>pixel</coordinate>
			<type>rectangle</type>
			<description>None</description>
			<possibleresult>
				<name>A220</name>
			</possibleresult>
			<points>
				<point>209.000000,423.000000</point>
				<point>243.000000,458.000000</point>
				<point>276.000000,426.000000</point>
				<point>242.000000,391.000000</point>
				<point>209.000000,423.000000</point>
			</points>
		</object>
		<object>
			<coordinate>pixel</coordinate>
			<type>rectangle</type>
			<description>None</description>
			<possibleresult>
				<name>A220</name>
			</possibleresult>
			<points>
				<point>284.000000,338.000000</point>
				<point>331.000000,344.000000</point>
				<point>336.000000,302.000000</point>
				<point>289.000000,296.000000</point>
				<point>284.000000,338.000000</point>
			</points>
		</object>
		<object>
			<coordinate>pixel</coordinate>
			<type>rectangle</type>
			<description>None</description>
			<possibleresult>
				<name>other-airplane</name>
			</possibleresult>
			<points>
				<point>268.000000,273.000000</point>
				<point>311.000000,256.000000</point>
				<point>294.000000,212.000000</point>
				<point>251.000000,229.000000</point>
				<point>268.000000,273.000000</point>
			</points>
		</object>
		<object>
			<coordinate>pixel</coordinate>
			<type>rectangle</type>
			<description>None</description>
			<possibleresult>
				<name>Boeing737</name>
			</possibleresult>
			<points>
				<point>338.000000,15.000000</point>
				<point>365.000000,54.000000</point>
				<point>402.000000,27.000000</point>
				<point>375.000000,-11.000000</point>
				<point>338.000000,15.000000</point>
			</points>
		</object>
	</objects>
</annotation>