<?xml version="1.0" encoding="utf-8"?>
<annotation>
	<source>
		<filename>651.tif</filename>
		<origin>GF2/GF3</origin>
	</source>
	<research>
		<version>1.0</version>
		<provider>FAIR1M</provider>
		<author>Cyber</author>
		<pluginname>FAIR1M</pluginname>
		<pluginclass>object detection</pluginclass>
		<time>2021-07-21</time>
	</research>
	<size>
		<width>1000</width>
		<height>1000</height>
		<depth>3</depth>
	</size>
	<objects>
		<object>
			<coordinate>pixel</coordinate>
			<type>rectangle</type>
			<description>None</description>
			<possibleresult>
				<name>Boeing737</name>
			</possibleresult>
			<points>
				<point>185.000000,378.000000</point>
				<point>155.000000,415.000000</point>
				<point>189.000000,443.000000</point>
				<point>219.000000,406.000000</point>
				<point>185.000000,378.000000</point>
			</points>
		</object>
		<object>
			<coordinate>pixel</coordinate>
			<type>rectangle</type>
			<description>None</description>
			<possibleresult>
				<name>Boeing737</name>
			</possibleresult>
			<points>
				<point>226.000000,427.000000</point>
				<point>197.000000,461.000000</point>
				<point>230.000000,489.000000</point>
				<point>259.000000,455.000000</point>
				<point>226.000000,427.000000</point>
			</points>
		</object>
		<object>
			<coordinate>pixel</coordinate>
			<type>rectangle</type>
			<description>None</description>
			<possibleresult>
				<name>other-airplane</name>
			</possibleresult>
			<points>
				<point>833.000000,87.000000</point>
				<point>860.000000,70.000000</point>
				<point>843.000000,43.000000</point>
				<point>816.000000,59.000000</point>
				<point>833.000000,87.000000</point>
			</points>
		</object>
	</objects>
</annotation>