<?xml version="1.0" encoding="utf-8"?>
<annotation>
	<source>
		<filename>657.tif</filename>
		<origin>GF2/GF3</origin>
	</source>
	<research>
		<version>1.0</version>
		<provider>FAIR1M</provider>
		<author>Cyber</author>
		<pluginname>FAIR1M</pluginname>
		<pluginclass>object detection</pluginclass>
		<time>2021-07-21</time>
	</research>
	<size>
		<width>1500</width>
		<height>1500</height>
		<depth>3</depth>
	</size>
	<objects>
		<object>
			<coordinate>pixel</coordinate>
			<type>rectangle</type>
			<description>None</description>
			<possibleresult>
				<name>Motorboat</name>
			</possibleresult>
			<points>
				<point>323.000000,255.000000</point>
				<point>290.000000,253.000000</point>
				<point>290.000000,265.000000</point>
				<point>323.000000,267.000000</point>
				<point>323.000000,255.000000</point>
			</points>
		</object>
	</objects>
</annotation>