<?xml version="1.0" encoding="utf-8"?>
<annotation>
	<source>
		<filename>660.tif</filename>
		<origin>GF2/GF3</origin>
	</source>
	<research>
		<version>1.0</version>
		<provider>FAIR1M</provider>
		<author>Cyber</author>
		<pluginname>FAIR1M</pluginname>
		<pluginclass>object detection</pluginclass>
		<time>2021-07-21</time>
	</research>
	<size>
		<width>3000</width>
		<height>3000</height>
		<depth>3</depth>
	</size>
	<objects>
		<object>
			<coordinate>pixel</coordinate>
			<type>rectangle</type>
			<description>None</description>
			<possibleresult>
				<name>Boeing777</name>
			</possibleresult>
			<points>
				<point>1622.000000,255.000000</point>
				<point>1641.000000,334.000000</point>
				<point>1713.000000,315.000000</point>
				<point>1693.000000,237.000000</point>
				<point>1622.000000,255.000000</point>
			</points>
		</object>
		<object>
			<coordinate>pixel</coordinate>
			<type>rectangle</type>
			<description>None</description>
			<possibleresult>
				<name>A330</name>
			</possibleresult>
			<points>
				<point>1568.000000,694.000000</point>
				<point>1550.000000,615.000000</point>
				<point>1476.000000,632.000000</point>
				<point>1494.000000,711.000000</point>
				<point>1568.000000,694.000000</point>
			</points>
		</object>
		<object>
			<coordinate>pixel</coordinate>
			<type>rectangle</type>
			<description>None</description>
			<possibleresult>
				<name>A220</name>
			</possibleresult>
			<points>
				<point>1663.000000,1156.000000</point>
				<point>1651.000000,1107.000000</point>
				<point>1606.000000,1119.000000</point>
				<point>1619.000000,1167.000000</point>
				<point>1663.000000,1156.000000</point>
			</points>
		</object>
		<object>
			<coordinate>pixel</coordinate>
			<type>rectangle</type>
			<description>None</description>
			<possibleresult>
				<name>A330</name>
			</possibleresult>
			<points>
				<point>1811.000000,1722.000000</point>
				<point>1793.000000,1647.000000</point>
				<point>1718.000000,1667.000000</point>
				<point>1736.000000,1742.000000</point>
				<point>1811.000000,1722.000000</point>
			</points>
		</object>
		<object>
			<coordinate>pixel</coordinate>
			<type>rectangle</type>
			<description>None</description>
			<possibleresult>
				<name>Boeing787</name>
			</possibleresult>
			<points>
				<point>1856.000000,1930.000000</point>
				<point>1840.000000,1852.000000</point>
				<point>1766.000000,1869.000000</point>
				<point>1783.000000,1946.000000</point>
				<point>1856.000000,1930.000000</point>
			</points>
		</object>
		<object>
			<coordinate>pixel</coordinate>
			<type>rectangle</type>
			<description>None</description>
			<possibleresult>
				<name>ARJ21</name>
			</possibleresult>
			<points>
				<point>1875.000000,2085.000000</point>
				<point>1864.000000,2038.000000</point>
				<point>1827.000000,2047.000000</point>
				<point>1839.000000,2094.000000</point>
				<point>1875.000000,2085.000000</point>
			</points>
		</object>
		<object>
			<coordinate>pixel</coordinate>
			<type>rectangle</type>
			<description>None</description>
			<possibleresult>
				<name>Boeing787</name>
			</possibleresult>
			<points>
				<point>1983.000000,2261.000000</point>
				<point>1910.000000,2256.000000</point>
				<point>1906.000000,2334.000000</point>
				<point>1980.000000,2337.000000</point>
				<point>1983.000000,2261.000000</point>
			</points>
		</object>
		<object>
			<coordinate>pixel</coordinate>
			<type>rectangle</type>
			<description>None</description>
			<possibleresult>
				<name>Boeing737</name>
			</possibleresult>
			<points>
				<point>2847.000000,569.000000</point>
				<point>2881.000000,604.000000</point>
				<point>2914.000000,570.000000</point>
				<point>2877.000000,536.000000</point>
				<point>2847.000000,569.000000</point>
			</points>
		</object>
		<object>
			<coordinate>pixel</coordinate>
			<type>rectangle</type>
			<description>None</description>
			<possibleresult>
				<name>Intersection</name>
			</possibleresult>
			<points>
				<point>107.000000,196.000000</point>
				<point>131.000000,178.000000</point>
				<point>144.000000,196.000000</point>
				<point>120.000000,214.000000</point>
				<point>107.000000,196.000000</point>
			</points>
		</object>
		<object>
			<coordinate>pixel</coordinate>
			<type>rectangle</type>
			<description>None</description>
			<possibleresult>
				<name>Bridge</name>
			</possibleresult>
			<points>
				<point>463.000000,76.000000</point>
				<point>580.000000,-23.000000</point>
				<point>602.000000,2.000000</point>
				<point>486.000000,102.000000</point>
				<point>463.000000,76.000000</point>
			</points>
		</object>
	</objects>
</annotation>