<?xml version="1.0" encoding="utf-8"?>
<annotation>
	<source>
		<filename>662.tif</filename>
		<origin>GF2/GF3</origin>
	</source>
	<research>
		<version>1.0</version>
		<provider>FAIR1M</provider>
		<author>Cyber</author>
		<pluginname>FAIR1M</pluginname>
		<pluginclass>object detection</pluginclass>
		<time>2021-07-21</time>
	</research>
	<size>
		<width>1000</width>
		<height>1000</height>
		<depth>3</depth>
	</size>
	<objects>
		<object>
			<coordinate>pixel</coordinate>
			<type>rectangle</type>
			<description>None</description>
			<possibleresult>
				<name>Van</name>
			</possibleresult>
			<points>
				<point>233.000000,246.000000</point>
				<point>231.000000,252.000000</point>
				<point>219.000000,247.000000</point>
				<point>222.000000,241.000000</point>
				<point>233.000000,246.000000</point>
			</points>
		</object>
		<object>
			<coordinate>pixel</coordinate>
			<type>rectangle</type>
			<description>None</description>
			<possibleresult>
				<name>Van</name>
			</possibleresult>
			<points>
				<point>236.000000,240.000000</point>
				<point>233.000000,245.000000</point>
				<point>223.000000,241.000000</point>
				<point>225.000000,235.000000</point>
				<point>236.000000,240.000000</point>
			</points>
		</object>
		<object>
			<coordinate>pixel</coordinate>
			<type>rectangle</type>
			<description>None</description>
			<possibleresult>
				<name>Van</name>
			</possibleresult>
			<points>
				<point>239.000000,233.000000</point>
				<point>237.000000,238.000000</point>
				<point>227.000000,233.000000</point>
				<point>229.000000,228.000000</point>
				<point>239.000000,233.000000</point>
			</points>
		</object>
		<object>
			<coordinate>pixel</coordinate>
			<type>rectangle</type>
			<description>None</description>
			<possibleresult>
				<name>Van</name>
			</possibleresult>
			<points>
				<point>245.000000,225.000000</point>
				<point>242.000000,231.000000</point>
				<point>231.000000,226.000000</point>
				<point>234.000000,220.000000</point>
				<point>245.000000,225.000000</point>
			</points>
		</object>
		<object>
			<coordinate>pixel</coordinate>
			<type>rectangle</type>
			<description>None</description>
			<possibleresult>
				<name>Van</name>
			</possibleresult>
			<points>
				<point>251.000000,217.000000</point>
				<point>248.000000,224.000000</point>
				<point>236.000000,219.000000</point>
				<point>238.000000,211.000000</point>
				<point>251.000000,217.000000</point>
			</points>
		</object>
		<object>
			<coordinate>pixel</coordinate>
			<type>rectangle</type>
			<description>None</description>
			<possibleresult>
				<name>Van</name>
			</possibleresult>
			<points>
				<point>256.000000,210.000000</point>
				<point>254.000000,214.000000</point>
				<point>241.000000,209.000000</point>
				<point>244.000000,204.000000</point>
				<point>256.000000,210.000000</point>
			</points>
		</object>
		<object>
			<coordinate>pixel</coordinate>
			<type>rectangle</type>
			<description>None</description>
			<possibleresult>
				<name>Small Car</name>
			</possibleresult>
			<points>
				<point>227.000000,186.000000</point>
				<point>224.000000,192.000000</point>
				<point>206.000000,184.000000</point>
				<point>209.000000,178.000000</point>
				<point>227.000000,186.000000</point>
			</points>
		</object>
		<object>
			<coordinate>pixel</coordinate>
			<type>rectangle</type>
			<description>None</description>
			<possibleresult>
				<name>Van</name>
			</possibleresult>
			<points>
				<point>200.000000,174.000000</point>
				<point>198.000000,179.000000</point>
				<point>185.000000,174.000000</point>
				<point>187.000000,169.000000</point>
				<point>200.000000,174.000000</point>
			</points>
		</object>
		<object>
			<coordinate>pixel</coordinate>
			<type>rectangle</type>
			<description>None</description>
			<possibleresult>
				<name>Small Car</name>
			</possibleresult>
			<points>
				<point>262.000000,188.000000</point>
				<point>260.000000,195.000000</point>
				<point>244.000000,188.000000</point>
				<point>246.000000,181.000000</point>
				<point>262.000000,188.000000</point>
			</points>
		</object>
		<object>
			<coordinate>pixel</coordinate>
			<type>rectangle</type>
			<description>None</description>
			<possibleresult>
				<name>Small Car</name>
			</possibleresult>
			<points>
				<point>267.000000,181.000000</point>
				<point>264.000000,187.000000</point>
				<point>247.000000,179.000000</point>
				<point>249.000000,172.000000</point>
				<point>267.000000,181.000000</point>
			</points>
		</object>
		<object>
			<coordinate>pixel</coordinate>
			<type>rectangle</type>
			<description>None</description>
			<possibleresult>
				<name>Bus</name>
			</possibleresult>
			<points>
				<point>276.000000,165.000000</point>
				<point>274.000000,171.000000</point>
				<point>259.000000,164.000000</point>
				<point>261.000000,158.000000</point>
				<point>276.000000,165.000000</point>
			</points>
		</object>
		<object>
			<coordinate>pixel</coordinate>
			<type>rectangle</type>
			<description>None</description>
			<possibleresult>
				<name>Van</name>
			</possibleresult>
			<points>
				<point>257.000000,194.000000</point>
				<point>255.000000,200.000000</point>
				<point>240.000000,197.000000</point>
				<point>241.000000,191.000000</point>
				<point>257.000000,194.000000</point>
			</points>
		</object>
		<object>
			<coordinate>pixel</coordinate>
			<type>rectangle</type>
			<description>None</description>
			<possibleresult>
				<name>Dump Truck</name>
			</possibleresult>
			<points>
				<point>213.000000,60.000000</point>
				<point>209.000000,70.000000</point>
				<point>148.000000,43.000000</point>
				<point>152.000000,33.000000</point>
				<point>213.000000,60.000000</point>
			</points>
		</object>
		<object>
			<coordinate>pixel</coordinate>
			<type>rectangle</type>
			<description>None</description>
			<possibleresult>
				<name>Van</name>
			</possibleresult>
			<points>
				<point>209.000000,289.000000</point>
				<point>206.000000,296.000000</point>
				<point>192.000000,290.000000</point>
				<point>195.000000,283.000000</point>
				<point>209.000000,289.000000</point>
			</points>
		</object>
		<object>
			<coordinate>pixel</coordinate>
			<type>rectangle</type>
			<description>None</description>
			<possibleresult>
				<name>Van</name>
			</possibleresult>
			<points>
				<point>215.000000,273.000000</point>
				<point>213.000000,278.000000</point>
				<point>203.000000,273.000000</point>
				<point>206.000000,269.000000</point>
				<point>215.000000,273.000000</point>
			</points>
		</object>
		<object>
			<coordinate>pixel</coordinate>
			<type>rectangle</type>
			<description>None</description>
			<possibleresult>
				<name>Van</name>
			</possibleresult>
			<points>
				<point>222.000000,264.000000</point>
				<point>218.000000,271.000000</point>
				<point>207.000000,265.000000</point>
				<point>210.000000,259.000000</point>
				<point>222.000000,264.000000</point>
			</points>
		</object>
		<object>
			<coordinate>pixel</coordinate>
			<type>rectangle</type>
			<description>None</description>
			<possibleresult>
				<name>Van</name>
			</possibleresult>
			<points>
				<point>236.000000,373.000000</point>
				<point>233.000000,378.000000</point>
				<point>221.000000,373.000000</point>
				<point>223.000000,367.000000</point>
				<point>236.000000,373.000000</point>
			</points>
		</object>
		<object>
			<coordinate>pixel</coordinate>
			<type>rectangle</type>
			<description>None</description>
			<possibleresult>
				<name>Van</name>
			</possibleresult>
			<points>
				<point>226.000000,388.000000</point>
				<point>223.000000,394.000000</point>
				<point>210.000000,388.000000</point>
				<point>213.000000,382.000000</point>
				<point>226.000000,388.000000</point>
			</points>
		</object>
		<object>
			<coordinate>pixel</coordinate>
			<type>rectangle</type>
			<description>None</description>
			<possibleresult>
				<name>Small Car</name>
			</possibleresult>
			<points>
				<point>219.000000,405.000000</point>
				<point>217.000000,412.000000</point>
				<point>199.000000,405.000000</point>
				<point>202.000000,398.000000</point>
				<point>219.000000,405.000000</point>
			</points>
		</object>
		<object>
			<coordinate>pixel</coordinate>
			<type>rectangle</type>
			<description>None</description>
			<possibleresult>
				<name>Dump Truck</name>
			</possibleresult>
			<points>
				<point>239.000000,381.000000</point>
				<point>236.000000,389.000000</point>
				<point>206.000000,377.000000</point>
				<point>210.000000,370.000000</point>
				<point>239.000000,381.000000</point>
			</points>
		</object>
		<object>
			<coordinate>pixel</coordinate>
			<type>rectangle</type>
			<description>None</description>
			<possibleresult>
				<name>Small Car</name>
			</possibleresult>
			<points>
				<point>212.000000,414.000000</point>
				<point>209.000000,420.000000</point>
				<point>192.000000,413.000000</point>
				<point>195.000000,407.000000</point>
				<point>212.000000,414.000000</point>
			</points>
		</object>
		<object>
			<coordinate>pixel</coordinate>
			<type>rectangle</type>
			<description>None</description>
			<possibleresult>
				<name>Van</name>
			</possibleresult>
			<points>
				<point>209.000000,424.000000</point>
				<point>206.000000,430.000000</point>
				<point>189.000000,422.000000</point>
				<point>191.000000,415.000000</point>
				<point>209.000000,424.000000</point>
			</points>
		</object>
		<object>
			<coordinate>pixel</coordinate>
			<type>rectangle</type>
			<description>None</description>
			<possibleresult>
				<name>Van</name>
			</possibleresult>
			<points>
				<point>109.000000,444.000000</point>
				<point>107.000000,449.000000</point>
				<point>92.000000,442.000000</point>
				<point>95.000000,438.000000</point>
				<point>109.000000,444.000000</point>
			</points>
		</object>
		<object>
			<coordinate>pixel</coordinate>
			<type>rectangle</type>
			<description>None</description>
			<possibleresult>
				<name>Van</name>
			</possibleresult>
			<points>
				<point>117.000000,436.000000</point>
				<point>114.000000,442.000000</point>
				<point>104.000000,437.000000</point>
				<point>107.000000,431.000000</point>
				<point>117.000000,436.000000</point>
			</points>
		</object>
		<object>
			<coordinate>pixel</coordinate>
			<type>rectangle</type>
			<description>None</description>
			<possibleresult>
				<name>Cargo Truck</name>
			</possibleresult>
			<points>
				<point>122.000000,568.000000</point>
				<point>119.000000,576.000000</point>
				<point>95.000000,566.000000</point>
				<point>98.000000,558.000000</point>
				<point>122.000000,568.000000</point>
			</points>
		</object>
		<object>
			<coordinate>pixel</coordinate>
			<type>rectangle</type>
			<description>None</description>
			<possibleresult>
				<name>Cargo Truck</name>
			</possibleresult>
			<points>
				<point>125.000000,533.000000</point>
				<point>121.000000,542.000000</point>
				<point>103.000000,534.000000</point>
				<point>107.000000,525.000000</point>
				<point>125.000000,533.000000</point>
			</points>
		</object>
		<object>
			<coordinate>pixel</coordinate>
			<type>rectangle</type>
			<description>None</description>
			<possibleresult>
				<name>Van</name>
			</possibleresult>
			<points>
				<point>57.000000,824.000000</point>
				<point>54.000000,831.000000</point>
				<point>37.000000,824.000000</point>
				<point>39.000000,817.000000</point>
				<point>57.000000,824.000000</point>
			</points>
		</object>
		<object>
			<coordinate>pixel</coordinate>
			<type>rectangle</type>
			<description>None</description>
			<possibleresult>
				<name>Van</name>
			</possibleresult>
			<points>
				<point>45.000000,780.000000</point>
				<point>42.000000,786.000000</point>
				<point>25.000000,779.000000</point>
				<point>27.000000,772.000000</point>
				<point>45.000000,780.000000</point>
			</points>
		</object>
		<object>
			<coordinate>pixel</coordinate>
			<type>rectangle</type>
			<description>None</description>
			<possibleresult>
				<name>Trailer</name>
			</possibleresult>
			<points>
				<point>41.000000,933.000000</point>
				<point>10.000000,984.000000</point>
				<point>1.000000,979.000000</point>
				<point>31.000000,927.000000</point>
				<point>41.000000,933.000000</point>
			</points>
		</object>
		<object>
			<coordinate>pixel</coordinate>
			<type>rectangle</type>
			<description>None</description>
			<possibleresult>
				<name>Cargo Truck</name>
			</possibleresult>
			<points>
				<point>173.000000,1000.000000</point>
				<point>169.000000,997.000000</point>
				<point>197.000000,950.000000</point>
				<point>207.000000,957.000000</point>
				<point>173.000000,1000.000000</point>
			</points>
		</object>
		<object>
			<coordinate>pixel</coordinate>
			<type>rectangle</type>
			<description>None</description>
			<possibleresult>
				<name>Small Car</name>
			</possibleresult>
			<points>
				<point>126.000000,853.000000</point>
				<point>125.000000,860.000000</point>
				<point>110.000000,856.000000</point>
				<point>111.000000,849.000000</point>
				<point>126.000000,853.000000</point>
			</points>
		</object>
		<object>
			<coordinate>pixel</coordinate>
			<type>rectangle</type>
			<description>None</description>
			<possibleresult>
				<name>Van</name>
			</possibleresult>
			<points>
				<point>152.000000,875.000000</point>
				<point>134.000000,882.000000</point>
				<point>131.000000,875.000000</point>
				<point>150.000000,869.000000</point>
				<point>152.000000,875.000000</point>
			</points>
		</object>
		<object>
			<coordinate>pixel</coordinate>
			<type>rectangle</type>
			<description>None</description>
			<possibleresult>
				<name>Van</name>
			</possibleresult>
			<points>
				<point>105.000000,799.000000</point>
				<point>98.000000,811.000000</point>
				<point>73.000000,795.000000</point>
				<point>79.000000,784.000000</point>
				<point>105.000000,799.000000</point>
			</points>
		</object>
		<object>
			<coordinate>pixel</coordinate>
			<type>rectangle</type>
			<description>None</description>
			<possibleresult>
				<name>Van</name>
			</possibleresult>
			<points>
				<point>65.000000,592.000000</point>
				<point>51.000000,615.000000</point>
				<point>41.000000,608.000000</point>
				<point>55.000000,585.000000</point>
				<point>65.000000,592.000000</point>
			</points>
		</object>
		<object>
			<coordinate>pixel</coordinate>
			<type>rectangle</type>
			<description>None</description>
			<possibleresult>
				<name>Cargo Truck</name>
			</possibleresult>
			<points>
				<point>95.000000,569.000000</point>
				<point>72.000000,608.000000</point>
				<point>62.000000,602.000000</point>
				<point>85.000000,563.000000</point>
				<point>95.000000,569.000000</point>
			</points>
		</object>
		<object>
			<coordinate>pixel</coordinate>
			<type>rectangle</type>
			<description>None</description>
			<possibleresult>
				<name>Dry Cargo Ship</name>
			</possibleresult>
			<points>
				<point>189.000000,553.000000</point>
				<point>119.000000,669.000000</point>
				<point>83.000000,647.000000</point>
				<point>153.000000,530.000000</point>
				<point>189.000000,553.000000</point>
			</points>
		</object>
		<object>
			<coordinate>pixel</coordinate>
			<type>rectangle</type>
			<description>None</description>
			<possibleresult>
				<name>Dry Cargo Ship</name>
			</possibleresult>
			<points>
				<point>275.000000,406.000000</point>
				<point>204.000000,523.000000</point>
				<point>171.000000,502.000000</point>
				<point>241.000000,386.000000</point>
				<point>275.000000,406.000000</point>
			</points>
		</object>
		<object>
			<coordinate>pixel</coordinate>
			<type>rectangle</type>
			<description>None</description>
			<possibleresult>
				<name>Dry Cargo Ship</name>
			</possibleresult>
			<points>
				<point>396.000000,210.000000</point>
				<point>323.000000,325.000000</point>
				<point>290.000000,304.000000</point>
				<point>364.000000,190.000000</point>
				<point>396.000000,210.000000</point>
			</points>
		</object>
		<object>
			<coordinate>pixel</coordinate>
			<type>rectangle</type>
			<description>None</description>
			<possibleresult>
				<name>Cargo Truck</name>
			</possibleresult>
			<points>
				<point>0.000000,68.000000</point>
				<point>0.000000,57.000000</point>
				<point>4.000000,57.000000</point>
				<point>4.000000,68.000000</point>
				<point>0.000000,68.000000</point>
			</points>
		</object>
		<object>
			<coordinate>pixel</coordinate>
			<type>rectangle</type>
			<description>None</description>
			<possibleresult>
				<name>Van</name>
			</possibleresult>
			<points>
				<point>932.000000,977.000000</point>
				<point>928.000000,982.000000</point>
				<point>917.000000,975.000000</point>
				<point>921.000000,970.000000</point>
				<point>932.000000,977.000000</point>
			</points>
		</object>
		<object>
			<coordinate>pixel</coordinate>
			<type>rectangle</type>
			<description>None</description>
			<possibleresult>
				<name>Cargo Truck</name>
			</possibleresult>
			<points>
				<point>0.000000,790.000000</point>
				<point>0.000000,786.000000</point>
				<point>1.000000,784.000000</point>
				<point>24.000000,792.000000</point>
				<point>0.000000,790.000000</point>
			</points>
		</object>
		<object>
			<coordinate>pixel</coordinate>
			<type>rectangle</type>
			<description>None</description>
			<possibleresult>
				<name>Van</name>
			</possibleresult>
			<points>
				<point>200.000000,297.000000</point>
				<point>197.000000,303.000000</point>
				<point>186.000000,298.000000</point>
				<point>189.000000,292.000000</point>
				<point>200.000000,297.000000</point>
			</points>
		</object>
		<object>
			<coordinate>pixel</coordinate>
			<type>rectangle</type>
			<description>None</description>
			<possibleresult>
				<name>Van</name>
			</possibleresult>
			<points>
				<point>48.000000,546.000000</point>
				<point>40.000000,558.000000</point>
				<point>35.000000,556.000000</point>
				<point>42.000000,543.000000</point>
				<point>48.000000,546.000000</point>
			</points>
		</object>
		<object>
			<coordinate>pixel</coordinate>
			<type>rectangle</type>
			<description>None</description>
			<possibleresult>
				<name>Cargo Truck</name>
			</possibleresult>
			<points>
				<point>54.000000,675.000000</point>
				<point>31.000000,714.000000</point>
				<point>21.000000,708.000000</point>
				<point>44.000000,669.000000</point>
				<point>54.000000,675.000000</point>
			</points>
		</object>
		<object>
			<coordinate>pixel</coordinate>
			<type>rectangle</type>
			<description>None</description>
			<possibleresult>
				<name>Tractor</name>
			</possibleresult>
			<points>
				<point>145.000000,79.000000</point>
				<point>131.000000,83.000000</point>
				<point>129.000000,78.000000</point>
				<point>143.000000,75.000000</point>
				<point>145.000000,79.000000</point>
			</points>
		</object>
	</objects>
</annotation>