<?xml version="1.0" encoding="utf-8"?>
<annotation>
	<source>
		<filename>665.tif</filename>
		<origin>GF2/GF3</origin>
	</source>
	<research>
		<version>1.0</version>
		<provider>FAIR1M</provider>
		<author>Cyber</author>
		<pluginname>FAIR1M</pluginname>
		<pluginclass>object detection</pluginclass>
		<time>2021-07-21</time>
	</research>
	<size>
		<width>1000</width>
		<height>1000</height>
		<depth>3</depth>
	</size>
	<objects>
		<object>
			<coordinate>pixel</coordinate>
			<type>rectangle</type>
			<description>None</description>
			<possibleresult>
				<name>Intersection</name>
			</possibleresult>
			<points>
				<point>325.000000,581.000000</point>
				<point>278.000000,581.000000</point>
				<point>278.000000,565.000000</point>
				<point>325.000000,565.000000</point>
				<point>325.000000,581.000000</point>
			</points>
		</object>
		<object>
			<coordinate>pixel</coordinate>
			<type>rectangle</type>
			<description>None</description>
			<possibleresult>
				<name>Intersection</name>
			</possibleresult>
			<points>
				<point>793.000000,927.000000</point>
				<point>758.000000,929.000000</point>
				<point>756.000000,911.000000</point>
				<point>792.000000,908.000000</point>
				<point>793.000000,927.000000</point>
			</points>
		</object>
		<object>
			<coordinate>pixel</coordinate>
			<type>rectangle</type>
			<description>None</description>
			<possibleresult>
				<name>Intersection</name>
			</possibleresult>
			<points>
				<point>781.000000,579.000000</point>
				<point>756.000000,580.000000</point>
				<point>756.000000,567.000000</point>
				<point>781.000000,566.000000</point>
				<point>781.000000,579.000000</point>
			</points>
		</object>
		<object>
			<coordinate>pixel</coordinate>
			<type>rectangle</type>
			<description>None</description>
			<possibleresult>
				<name>Tennis Court</name>
			</possibleresult>
			<points>
				<point>696.000000,293.000000</point>
				<point>598.000000,293.000000</point>
				<point>598.000000,255.000000</point>
				<point>696.000000,255.000000</point>
				<point>696.000000,293.000000</point>
			</points>
		</object>
		<object>
			<coordinate>pixel</coordinate>
			<type>rectangle</type>
			<description>None</description>
			<possibleresult>
				<name>Tennis Court</name>
			</possibleresult>
			<points>
				<point>696.000000,302.000000</point>
				<point>696.000000,341.000000</point>
				<point>597.000000,340.000000</point>
				<point>597.000000,301.000000</point>
				<point>696.000000,302.000000</point>
			</points>
		</object>
		<object>
			<coordinate>pixel</coordinate>
			<type>rectangle</type>
			<description>None</description>
			<possibleresult>
				<name>Tennis Court</name>
			</possibleresult>
			<points>
				<point>696.000000,393.000000</point>
				<point>596.000000,394.000000</point>
				<point>595.000000,357.000000</point>
				<point>695.000000,355.000000</point>
				<point>696.000000,393.000000</point>
			</points>
		</object>
		<object>
			<coordinate>pixel</coordinate>
			<type>rectangle</type>
			<description>None</description>
			<possibleresult>
				<name>Tennis Court</name>
			</possibleresult>
			<points>
				<point>695.000000,457.000000</point>
				<point>597.000000,457.000000</point>
				<point>597.000000,418.000000</point>
				<point>695.000000,418.000000</point>
				<point>695.000000,457.000000</point>
			</points>
		</object>
		<object>
			<coordinate>pixel</coordinate>
			<type>rectangle</type>
			<description>None</description>
			<possibleresult>
				<name>Tennis Court</name>
			</possibleresult>
			<points>
				<point>696.000000,467.000000</point>
				<point>695.000000,504.000000</point>
				<point>596.000000,503.000000</point>
				<point>596.000000,466.000000</point>
				<point>696.000000,467.000000</point>
			</points>
		</object>
		<object>
			<coordinate>pixel</coordinate>
			<type>rectangle</type>
			<description>None</description>
			<possibleresult>
				<name>Intersection</name>
			</possibleresult>
			<points>
				<point>320.000000,940.000000</point>
				<point>286.000000,940.000000</point>
				<point>286.000000,904.000000</point>
				<point>320.000000,904.000000</point>
				<point>320.000000,940.000000</point>
			</points>
		</object>
		<object>
			<coordinate>pixel</coordinate>
			<type>rectangle</type>
			<description>None</description>
			<possibleresult>
				<name>Intersection</name>
			</possibleresult>
			<points>
				<point>323.000000,249.000000</point>
				<point>286.000000,249.000000</point>
				<point>286.000000,223.000000</point>
				<point>323.000000,223.000000</point>
				<point>323.000000,249.000000</point>
			</points>
		</object>
		<object>
			<coordinate>pixel</coordinate>
			<type>rectangle</type>
			<description>None</description>
			<possibleresult>
				<name>Intersection</name>
			</possibleresult>
			<points>
				<point>769.000000,235.000000</point>
				<point>745.000000,235.000000</point>
				<point>745.000000,212.000000</point>
				<point>769.000000,212.000000</point>
				<point>769.000000,235.000000</point>
			</points>
		</object>
		<object>
			<coordinate>pixel</coordinate>
			<type>rectangle</type>
			<description>None</description>
			<possibleresult>
				<name>Small Car</name>
			</possibleresult>
			<points>
				<point>257.000000,238.000000</point>
				<point>237.000000,238.000000</point>
				<point>237.000000,230.000000</point>
				<point>257.000000,230.000000</point>
				<point>257.000000,238.000000</point>
			</points>
		</object>
		<object>
			<coordinate>pixel</coordinate>
			<type>rectangle</type>
			<description>None</description>
			<possibleresult>
				<name>Small Car</name>
			</possibleresult>
			<points>
				<point>110.000000,304.000000</point>
				<point>89.000000,304.000000</point>
				<point>89.000000,297.000000</point>
				<point>110.000000,297.000000</point>
				<point>110.000000,304.000000</point>
			</points>
		</object>
		<object>
			<coordinate>pixel</coordinate>
			<type>rectangle</type>
			<description>None</description>
			<possibleresult>
				<name>Small Car</name>
			</possibleresult>
			<points>
				<point>83.000000,335.000000</point>
				<point>74.000000,335.000000</point>
				<point>74.000000,314.000000</point>
				<point>83.000000,314.000000</point>
				<point>83.000000,335.000000</point>
			</points>
		</object>
		<object>
			<coordinate>pixel</coordinate>
			<type>rectangle</type>
			<description>None</description>
			<possibleresult>
				<name>Small Car</name>
			</possibleresult>
			<points>
				<point>100.000000,335.000000</point>
				<point>89.000000,335.000000</point>
				<point>89.000000,318.000000</point>
				<point>100.000000,318.000000</point>
				<point>100.000000,335.000000</point>
			</points>
		</object>
		<object>
			<coordinate>pixel</coordinate>
			<type>rectangle</type>
			<description>None</description>
			<possibleresult>
				<name>Small Car</name>
			</possibleresult>
			<points>
				<point>109.000000,334.000000</point>
				<point>101.000000,334.000000</point>
				<point>101.000000,319.000000</point>
				<point>109.000000,319.000000</point>
				<point>109.000000,334.000000</point>
			</points>
		</object>
		<object>
			<coordinate>pixel</coordinate>
			<type>rectangle</type>
			<description>None</description>
			<possibleresult>
				<name>Small Car</name>
			</possibleresult>
			<points>
				<point>121.000000,334.000000</point>
				<point>112.000000,334.000000</point>
				<point>112.000000,319.000000</point>
				<point>121.000000,319.000000</point>
				<point>121.000000,334.000000</point>
			</points>
		</object>
		<object>
			<coordinate>pixel</coordinate>
			<type>rectangle</type>
			<description>None</description>
			<possibleresult>
				<name>Van</name>
			</possibleresult>
			<points>
				<point>131.000000,333.000000</point>
				<point>124.000000,333.000000</point>
				<point>124.000000,320.000000</point>
				<point>131.000000,320.000000</point>
				<point>131.000000,333.000000</point>
			</points>
		</object>
		<object>
			<coordinate>pixel</coordinate>
			<type>rectangle</type>
			<description>None</description>
			<possibleresult>
				<name>Small Car</name>
			</possibleresult>
			<points>
				<point>140.000000,334.000000</point>
				<point>132.000000,334.000000</point>
				<point>132.000000,317.000000</point>
				<point>140.000000,317.000000</point>
				<point>140.000000,334.000000</point>
			</points>
		</object>
		<object>
			<coordinate>pixel</coordinate>
			<type>rectangle</type>
			<description>None</description>
			<possibleresult>
				<name>Small Car</name>
			</possibleresult>
			<points>
				<point>151.000000,335.000000</point>
				<point>142.000000,335.000000</point>
				<point>142.000000,319.000000</point>
				<point>151.000000,319.000000</point>
				<point>151.000000,335.000000</point>
			</points>
		</object>
		<object>
			<coordinate>pixel</coordinate>
			<type>rectangle</type>
			<description>None</description>
			<possibleresult>
				<name>Small Car</name>
			</possibleresult>
			<points>
				<point>162.000000,335.000000</point>
				<point>153.000000,335.000000</point>
				<point>152.000000,318.000000</point>
				<point>160.000000,317.000000</point>
				<point>162.000000,335.000000</point>
			</points>
		</object>
		<object>
			<coordinate>pixel</coordinate>
			<type>rectangle</type>
			<description>None</description>
			<possibleresult>
				<name>Small Car</name>
			</possibleresult>
			<points>
				<point>172.000000,334.000000</point>
				<point>163.000000,334.000000</point>
				<point>163.000000,318.000000</point>
				<point>172.000000,318.000000</point>
				<point>172.000000,334.000000</point>
			</points>
		</object>
		<object>
			<coordinate>pixel</coordinate>
			<type>rectangle</type>
			<description>None</description>
			<possibleresult>
				<name>Small Car</name>
			</possibleresult>
			<points>
				<point>183.000000,333.000000</point>
				<point>174.000000,333.000000</point>
				<point>174.000000,318.000000</point>
				<point>183.000000,318.000000</point>
				<point>183.000000,333.000000</point>
			</points>
		</object>
		<object>
			<coordinate>pixel</coordinate>
			<type>rectangle</type>
			<description>None</description>
			<possibleresult>
				<name>Small Car</name>
			</possibleresult>
			<points>
				<point>192.000000,333.000000</point>
				<point>184.000000,333.000000</point>
				<point>184.000000,317.000000</point>
				<point>192.000000,317.000000</point>
				<point>192.000000,333.000000</point>
			</points>
		</object>
		<object>
			<coordinate>pixel</coordinate>
			<type>rectangle</type>
			<description>None</description>
			<possibleresult>
				<name>Small Car</name>
			</possibleresult>
			<points>
				<point>203.000000,333.000000</point>
				<point>194.000000,333.000000</point>
				<point>194.000000,318.000000</point>
				<point>203.000000,318.000000</point>
				<point>203.000000,333.000000</point>
			</points>
		</object>
		<object>
			<coordinate>pixel</coordinate>
			<type>rectangle</type>
			<description>None</description>
			<possibleresult>
				<name>Small Car</name>
			</possibleresult>
			<points>
				<point>223.000000,333.000000</point>
				<point>215.000000,333.000000</point>
				<point>215.000000,318.000000</point>
				<point>223.000000,318.000000</point>
				<point>223.000000,333.000000</point>
			</points>
		</object>
		<object>
			<coordinate>pixel</coordinate>
			<type>rectangle</type>
			<description>None</description>
			<possibleresult>
				<name>Small Car</name>
			</possibleresult>
			<points>
				<point>234.000000,332.000000</point>
				<point>226.000000,332.000000</point>
				<point>226.000000,316.000000</point>
				<point>234.000000,316.000000</point>
				<point>234.000000,332.000000</point>
			</points>
		</object>
		<object>
			<coordinate>pixel</coordinate>
			<type>rectangle</type>
			<description>None</description>
			<possibleresult>
				<name>Small Car</name>
			</possibleresult>
			<points>
				<point>245.000000,332.000000</point>
				<point>236.000000,332.000000</point>
				<point>236.000000,316.000000</point>
				<point>245.000000,316.000000</point>
				<point>245.000000,332.000000</point>
			</points>
		</object>
		<object>
			<coordinate>pixel</coordinate>
			<type>rectangle</type>
			<description>None</description>
			<possibleresult>
				<name>Van</name>
			</possibleresult>
			<points>
				<point>256.000000,332.000000</point>
				<point>246.000000,332.000000</point>
				<point>246.000000,318.000000</point>
				<point>256.000000,318.000000</point>
				<point>256.000000,332.000000</point>
			</points>
		</object>
		<object>
			<coordinate>pixel</coordinate>
			<type>rectangle</type>
			<description>None</description>
			<possibleresult>
				<name>Small Car</name>
			</possibleresult>
			<points>
				<point>121.000000,363.000000</point>
				<point>112.000000,363.000000</point>
				<point>112.000000,351.000000</point>
				<point>121.000000,351.000000</point>
				<point>121.000000,363.000000</point>
			</points>
		</object>
		<object>
			<coordinate>pixel</coordinate>
			<type>rectangle</type>
			<description>None</description>
			<possibleresult>
				<name>Cargo Truck</name>
			</possibleresult>
			<points>
				<point>279.000000,105.000000</point>
				<point>261.000000,105.000000</point>
				<point>261.000000,99.000000</point>
				<point>279.000000,99.000000</point>
				<point>279.000000,105.000000</point>
			</points>
		</object>
		<object>
			<coordinate>pixel</coordinate>
			<type>rectangle</type>
			<description>None</description>
			<possibleresult>
				<name>Cargo Truck</name>
			</possibleresult>
			<points>
				<point>298.000000,417.000000</point>
				<point>288.000000,417.000000</point>
				<point>288.000000,399.000000</point>
				<point>298.000000,399.000000</point>
				<point>298.000000,417.000000</point>
			</points>
		</object>
		<object>
			<coordinate>pixel</coordinate>
			<type>rectangle</type>
			<description>None</description>
			<possibleresult>
				<name>Small Car</name>
			</possibleresult>
			<points>
				<point>14.000000,610.000000</point>
				<point>5.000000,610.000000</point>
				<point>5.000000,593.000000</point>
				<point>14.000000,593.000000</point>
				<point>14.000000,610.000000</point>
			</points>
		</object>
		<object>
			<coordinate>pixel</coordinate>
			<type>rectangle</type>
			<description>None</description>
			<possibleresult>
				<name>Van</name>
			</possibleresult>
			<points>
				<point>24.000000,610.000000</point>
				<point>16.000000,610.000000</point>
				<point>16.000000,594.000000</point>
				<point>24.000000,594.000000</point>
				<point>24.000000,610.000000</point>
			</points>
		</object>
		<object>
			<coordinate>pixel</coordinate>
			<type>rectangle</type>
			<description>None</description>
			<possibleresult>
				<name>Van</name>
			</possibleresult>
			<points>
				<point>35.000000,611.000000</point>
				<point>25.000000,611.000000</point>
				<point>25.000000,594.000000</point>
				<point>35.000000,594.000000</point>
				<point>35.000000,611.000000</point>
			</points>
		</object>
		<object>
			<coordinate>pixel</coordinate>
			<type>rectangle</type>
			<description>None</description>
			<possibleresult>
				<name>Small Car</name>
			</possibleresult>
			<points>
				<point>43.000000,611.000000</point>
				<point>35.000000,611.000000</point>
				<point>35.000000,595.000000</point>
				<point>43.000000,595.000000</point>
				<point>43.000000,611.000000</point>
			</points>
		</object>
		<object>
			<coordinate>pixel</coordinate>
			<type>rectangle</type>
			<description>None</description>
			<possibleresult>
				<name>Small Car</name>
			</possibleresult>
			<points>
				<point>54.000000,609.000000</point>
				<point>45.000000,609.000000</point>
				<point>45.000000,593.000000</point>
				<point>54.000000,593.000000</point>
				<point>54.000000,609.000000</point>
			</points>
		</object>
		<object>
			<coordinate>pixel</coordinate>
			<type>rectangle</type>
			<description>None</description>
			<possibleresult>
				<name>Small Car</name>
			</possibleresult>
			<points>
				<point>65.000000,611.000000</point>
				<point>56.000000,611.000000</point>
				<point>56.000000,594.000000</point>
				<point>65.000000,594.000000</point>
				<point>65.000000,611.000000</point>
			</points>
		</object>
		<object>
			<coordinate>pixel</coordinate>
			<type>rectangle</type>
			<description>None</description>
			<possibleresult>
				<name>Small Car</name>
			</possibleresult>
			<points>
				<point>75.000000,611.000000</point>
				<point>65.000000,611.000000</point>
				<point>65.000000,594.000000</point>
				<point>75.000000,594.000000</point>
				<point>75.000000,611.000000</point>
			</points>
		</object>
		<object>
			<coordinate>pixel</coordinate>
			<type>rectangle</type>
			<description>None</description>
			<possibleresult>
				<name>Van</name>
			</possibleresult>
			<points>
				<point>85.000000,594.000000</point>
				<point>84.000000,610.000000</point>
				<point>75.000000,609.000000</point>
				<point>76.000000,593.000000</point>
				<point>85.000000,594.000000</point>
			</points>
		</object>
		<object>
			<coordinate>pixel</coordinate>
			<type>rectangle</type>
			<description>None</description>
			<possibleresult>
				<name>Van</name>
			</possibleresult>
			<points>
				<point>105.000000,593.000000</point>
				<point>104.000000,611.000000</point>
				<point>94.000000,610.000000</point>
				<point>95.000000,593.000000</point>
				<point>105.000000,593.000000</point>
			</points>
		</object>
		<object>
			<coordinate>pixel</coordinate>
			<type>rectangle</type>
			<description>None</description>
			<possibleresult>
				<name>Small Car</name>
			</possibleresult>
			<points>
				<point>114.000000,610.000000</point>
				<point>106.000000,610.000000</point>
				<point>106.000000,594.000000</point>
				<point>114.000000,594.000000</point>
				<point>114.000000,610.000000</point>
			</points>
		</object>
		<object>
			<coordinate>pixel</coordinate>
			<type>rectangle</type>
			<description>None</description>
			<possibleresult>
				<name>Small Car</name>
			</possibleresult>
			<points>
				<point>13.000000,643.000000</point>
				<point>4.000000,643.000000</point>
				<point>4.000000,632.000000</point>
				<point>13.000000,632.000000</point>
				<point>13.000000,643.000000</point>
			</points>
		</object>
		<object>
			<coordinate>pixel</coordinate>
			<type>rectangle</type>
			<description>None</description>
			<possibleresult>
				<name>Small Car</name>
			</possibleresult>
			<points>
				<point>24.000000,643.000000</point>
				<point>14.000000,643.000000</point>
				<point>14.000000,632.000000</point>
				<point>24.000000,632.000000</point>
				<point>24.000000,643.000000</point>
			</points>
		</object>
		<object>
			<coordinate>pixel</coordinate>
			<type>rectangle</type>
			<description>None</description>
			<possibleresult>
				<name>Small Car</name>
			</possibleresult>
			<points>
				<point>34.000000,643.000000</point>
				<point>25.000000,643.000000</point>
				<point>25.000000,631.000000</point>
				<point>34.000000,631.000000</point>
				<point>34.000000,643.000000</point>
			</points>
		</object>
		<object>
			<coordinate>pixel</coordinate>
			<type>rectangle</type>
			<description>None</description>
			<possibleresult>
				<name>Small Car</name>
			</possibleresult>
			<points>
				<point>43.000000,643.000000</point>
				<point>34.000000,643.000000</point>
				<point>34.000000,634.000000</point>
				<point>43.000000,634.000000</point>
				<point>43.000000,643.000000</point>
			</points>
		</object>
		<object>
			<coordinate>pixel</coordinate>
			<type>rectangle</type>
			<description>None</description>
			<possibleresult>
				<name>Small Car</name>
			</possibleresult>
			<points>
				<point>53.000000,644.000000</point>
				<point>45.000000,644.000000</point>
				<point>45.000000,632.000000</point>
				<point>53.000000,632.000000</point>
				<point>53.000000,644.000000</point>
			</points>
		</object>
		<object>
			<coordinate>pixel</coordinate>
			<type>rectangle</type>
			<description>None</description>
			<possibleresult>
				<name>Small Car</name>
			</possibleresult>
			<points>
				<point>63.000000,643.000000</point>
				<point>55.000000,643.000000</point>
				<point>55.000000,631.000000</point>
				<point>63.000000,631.000000</point>
				<point>63.000000,643.000000</point>
			</points>
		</object>
		<object>
			<coordinate>pixel</coordinate>
			<type>rectangle</type>
			<description>None</description>
			<possibleresult>
				<name>Van</name>
			</possibleresult>
			<points>
				<point>76.000000,642.000000</point>
				<point>68.000000,642.000000</point>
				<point>68.000000,631.000000</point>
				<point>76.000000,631.000000</point>
				<point>76.000000,642.000000</point>
			</points>
		</object>
		<object>
			<coordinate>pixel</coordinate>
			<type>rectangle</type>
			<description>None</description>
			<possibleresult>
				<name>Small Car</name>
			</possibleresult>
			<points>
				<point>86.000000,642.000000</point>
				<point>78.000000,642.000000</point>
				<point>78.000000,632.000000</point>
				<point>86.000000,632.000000</point>
				<point>86.000000,642.000000</point>
			</points>
		</object>
		<object>
			<coordinate>pixel</coordinate>
			<type>rectangle</type>
			<description>None</description>
			<possibleresult>
				<name>Small Car</name>
			</possibleresult>
			<points>
				<point>95.000000,644.000000</point>
				<point>88.000000,644.000000</point>
				<point>88.000000,631.000000</point>
				<point>95.000000,631.000000</point>
				<point>95.000000,644.000000</point>
			</points>
		</object>
		<object>
			<coordinate>pixel</coordinate>
			<type>rectangle</type>
			<description>None</description>
			<possibleresult>
				<name>Small Car</name>
			</possibleresult>
			<points>
				<point>107.000000,644.000000</point>
				<point>98.000000,644.000000</point>
				<point>98.000000,632.000000</point>
				<point>107.000000,632.000000</point>
				<point>107.000000,644.000000</point>
			</points>
		</object>
		<object>
			<coordinate>pixel</coordinate>
			<type>rectangle</type>
			<description>None</description>
			<possibleresult>
				<name>Small Car</name>
			</possibleresult>
			<points>
				<point>116.000000,644.000000</point>
				<point>108.000000,644.000000</point>
				<point>108.000000,632.000000</point>
				<point>116.000000,632.000000</point>
				<point>116.000000,644.000000</point>
			</points>
		</object>
		<object>
			<coordinate>pixel</coordinate>
			<type>rectangle</type>
			<description>None</description>
			<possibleresult>
				<name>Small Car</name>
			</possibleresult>
			<points>
				<point>125.000000,642.000000</point>
				<point>119.000000,642.000000</point>
				<point>119.000000,632.000000</point>
				<point>125.000000,632.000000</point>
				<point>125.000000,642.000000</point>
			</points>
		</object>
		<object>
			<coordinate>pixel</coordinate>
			<type>rectangle</type>
			<description>None</description>
			<possibleresult>
				<name>Cargo Truck</name>
			</possibleresult>
			<points>
				<point>297.000000,787.000000</point>
				<point>287.000000,787.000000</point>
				<point>287.000000,769.000000</point>
				<point>297.000000,769.000000</point>
				<point>297.000000,787.000000</point>
			</points>
		</object>
		<object>
			<coordinate>pixel</coordinate>
			<type>rectangle</type>
			<description>None</description>
			<possibleresult>
				<name>Small Car</name>
			</possibleresult>
			<points>
				<point>20.000000,748.000000</point>
				<point>0.000000,748.000000</point>
				<point>0.000000,742.000000</point>
				<point>20.000000,742.000000</point>
				<point>20.000000,748.000000</point>
			</points>
		</object>
		<object>
			<coordinate>pixel</coordinate>
			<type>rectangle</type>
			<description>None</description>
			<possibleresult>
				<name>Small Car</name>
			</possibleresult>
			<points>
				<point>25.000000,757.000000</point>
				<point>0.000000,757.000000</point>
				<point>0.000000,749.000000</point>
				<point>25.000000,749.000000</point>
				<point>25.000000,757.000000</point>
			</points>
		</object>
		<object>
			<coordinate>pixel</coordinate>
			<type>rectangle</type>
			<description>None</description>
			<possibleresult>
				<name>Small Car</name>
			</possibleresult>
			<points>
				<point>11.000000,776.000000</point>
				<point>2.000000,776.000000</point>
				<point>2.000000,761.000000</point>
				<point>11.000000,761.000000</point>
				<point>11.000000,776.000000</point>
			</points>
		</object>
		<object>
			<coordinate>pixel</coordinate>
			<type>rectangle</type>
			<description>None</description>
			<possibleresult>
				<name>Small Car</name>
			</possibleresult>
			<points>
				<point>22.000000,775.000000</point>
				<point>13.000000,775.000000</point>
				<point>13.000000,760.000000</point>
				<point>22.000000,760.000000</point>
				<point>22.000000,775.000000</point>
			</points>
		</object>
		<object>
			<coordinate>pixel</coordinate>
			<type>rectangle</type>
			<description>None</description>
			<possibleresult>
				<name>Small Car</name>
			</possibleresult>
			<points>
				<point>31.000000,776.000000</point>
				<point>24.000000,776.000000</point>
				<point>24.000000,762.000000</point>
				<point>31.000000,762.000000</point>
				<point>31.000000,776.000000</point>
			</points>
		</object>
		<object>
			<coordinate>pixel</coordinate>
			<type>rectangle</type>
			<description>None</description>
			<possibleresult>
				<name>Small Car</name>
			</possibleresult>
			<points>
				<point>42.000000,777.000000</point>
				<point>32.000000,777.000000</point>
				<point>32.000000,760.000000</point>
				<point>42.000000,760.000000</point>
				<point>42.000000,777.000000</point>
			</points>
		</object>
		<object>
			<coordinate>pixel</coordinate>
			<type>rectangle</type>
			<description>None</description>
			<possibleresult>
				<name>Small Car</name>
			</possibleresult>
			<points>
				<point>53.000000,776.000000</point>
				<point>43.000000,776.000000</point>
				<point>43.000000,761.000000</point>
				<point>53.000000,761.000000</point>
				<point>53.000000,776.000000</point>
			</points>
		</object>
		<object>
			<coordinate>pixel</coordinate>
			<type>rectangle</type>
			<description>None</description>
			<possibleresult>
				<name>Van</name>
			</possibleresult>
			<points>
				<point>63.000000,777.000000</point>
				<point>54.000000,777.000000</point>
				<point>53.000000,761.000000</point>
				<point>62.000000,761.000000</point>
				<point>63.000000,777.000000</point>
			</points>
		</object>
		<object>
			<coordinate>pixel</coordinate>
			<type>rectangle</type>
			<description>None</description>
			<possibleresult>
				<name>other-vehicle</name>
			</possibleresult>
			<points>
				<point>73.000000,775.000000</point>
				<point>63.000000,775.000000</point>
				<point>63.000000,761.000000</point>
				<point>73.000000,761.000000</point>
				<point>73.000000,775.000000</point>
			</points>
		</object>
		<object>
			<coordinate>pixel</coordinate>
			<type>rectangle</type>
			<description>None</description>
			<possibleresult>
				<name>other-vehicle</name>
			</possibleresult>
			<points>
				<point>83.000000,777.000000</point>
				<point>73.000000,777.000000</point>
				<point>73.000000,760.000000</point>
				<point>83.000000,760.000000</point>
				<point>83.000000,777.000000</point>
			</points>
		</object>
		<object>
			<coordinate>pixel</coordinate>
			<type>rectangle</type>
			<description>None</description>
			<possibleresult>
				<name>Van</name>
			</possibleresult>
			<points>
				<point>93.000000,776.000000</point>
				<point>84.000000,776.000000</point>
				<point>84.000000,760.000000</point>
				<point>93.000000,760.000000</point>
				<point>93.000000,776.000000</point>
			</points>
		</object>
		<object>
			<coordinate>pixel</coordinate>
			<type>rectangle</type>
			<description>None</description>
			<possibleresult>
				<name>Van</name>
			</possibleresult>
			<points>
				<point>103.000000,777.000000</point>
				<point>94.000000,777.000000</point>
				<point>94.000000,760.000000</point>
				<point>103.000000,760.000000</point>
				<point>103.000000,777.000000</point>
			</points>
		</object>
		<object>
			<coordinate>pixel</coordinate>
			<type>rectangle</type>
			<description>None</description>
			<possibleresult>
				<name>Small Car</name>
			</possibleresult>
			<points>
				<point>57.000000,811.000000</point>
				<point>47.000000,811.000000</point>
				<point>47.000000,798.000000</point>
				<point>57.000000,798.000000</point>
				<point>57.000000,811.000000</point>
			</points>
		</object>
		<object>
			<coordinate>pixel</coordinate>
			<type>rectangle</type>
			<description>None</description>
			<possibleresult>
				<name>Small Car</name>
			</possibleresult>
			<points>
				<point>67.000000,811.000000</point>
				<point>58.000000,811.000000</point>
				<point>58.000000,798.000000</point>
				<point>67.000000,798.000000</point>
				<point>67.000000,811.000000</point>
			</points>
		</object>
		<object>
			<coordinate>pixel</coordinate>
			<type>rectangle</type>
			<description>None</description>
			<possibleresult>
				<name>Small Car</name>
			</possibleresult>
			<points>
				<point>77.000000,810.000000</point>
				<point>69.000000,811.000000</point>
				<point>67.000000,797.000000</point>
				<point>76.000000,797.000000</point>
				<point>77.000000,810.000000</point>
			</points>
		</object>
		<object>
			<coordinate>pixel</coordinate>
			<type>rectangle</type>
			<description>None</description>
			<possibleresult>
				<name>Small Car</name>
			</possibleresult>
			<points>
				<point>86.000000,812.000000</point>
				<point>78.000000,812.000000</point>
				<point>78.000000,799.000000</point>
				<point>86.000000,799.000000</point>
				<point>86.000000,812.000000</point>
			</points>
		</object>
		<object>
			<coordinate>pixel</coordinate>
			<type>rectangle</type>
			<description>None</description>
			<possibleresult>
				<name>Small Car</name>
			</possibleresult>
			<points>
				<point>97.000000,811.000000</point>
				<point>89.000000,811.000000</point>
				<point>89.000000,798.000000</point>
				<point>97.000000,798.000000</point>
				<point>97.000000,811.000000</point>
			</points>
		</object>
		<object>
			<coordinate>pixel</coordinate>
			<type>rectangle</type>
			<description>None</description>
			<possibleresult>
				<name>Small Car</name>
			</possibleresult>
			<points>
				<point>108.000000,799.000000</point>
				<point>106.000000,811.000000</point>
				<point>99.000000,811.000000</point>
				<point>100.000000,798.000000</point>
				<point>108.000000,799.000000</point>
			</points>
		</object>
		<object>
			<coordinate>pixel</coordinate>
			<type>rectangle</type>
			<description>None</description>
			<possibleresult>
				<name>Van</name>
			</possibleresult>
			<points>
				<point>294.000000,993.000000</point>
				<point>276.000000,993.000000</point>
				<point>276.000000,987.000000</point>
				<point>294.000000,987.000000</point>
				<point>294.000000,993.000000</point>
			</points>
		</object>
		<object>
			<coordinate>pixel</coordinate>
			<type>rectangle</type>
			<description>None</description>
			<possibleresult>
				<name>Van</name>
			</possibleresult>
			<points>
				<point>313.000000,951.000000</point>
				<point>305.000000,951.000000</point>
				<point>305.000000,938.000000</point>
				<point>313.000000,938.000000</point>
				<point>313.000000,951.000000</point>
			</points>
		</object>
		<object>
			<coordinate>pixel</coordinate>
			<type>rectangle</type>
			<description>None</description>
			<possibleresult>
				<name>Van</name>
			</possibleresult>
			<points>
				<point>316.000000,996.000000</point>
				<point>309.000000,996.000000</point>
				<point>309.000000,981.000000</point>
				<point>316.000000,981.000000</point>
				<point>316.000000,996.000000</point>
			</points>
		</object>
		<object>
			<coordinate>pixel</coordinate>
			<type>rectangle</type>
			<description>None</description>
			<possibleresult>
				<name>Van</name>
			</possibleresult>
			<points>
				<point>345.000000,1000.000000</point>
				<point>336.000000,1000.000000</point>
				<point>335.000000,984.000000</point>
				<point>343.000000,983.000000</point>
				<point>345.000000,1000.000000</point>
			</points>
		</object>
		<object>
			<coordinate>pixel</coordinate>
			<type>rectangle</type>
			<description>None</description>
			<possibleresult>
				<name>Van</name>
			</possibleresult>
			<points>
				<point>374.000000,998.000000</point>
				<point>364.000000,999.000000</point>
				<point>363.000000,981.000000</point>
				<point>373.000000,980.000000</point>
				<point>374.000000,998.000000</point>
			</points>
		</object>
		<object>
			<coordinate>pixel</coordinate>
			<type>rectangle</type>
			<description>None</description>
			<possibleresult>
				<name>Small Car</name>
			</possibleresult>
			<points>
				<point>383.000000,998.000000</point>
				<point>374.000000,998.000000</point>
				<point>374.000000,981.000000</point>
				<point>383.000000,981.000000</point>
				<point>383.000000,998.000000</point>
			</points>
		</object>
		<object>
			<coordinate>pixel</coordinate>
			<type>rectangle</type>
			<description>None</description>
			<possibleresult>
				<name>Van</name>
			</possibleresult>
			<points>
				<point>403.000000,998.000000</point>
				<point>394.000000,998.000000</point>
				<point>394.000000,984.000000</point>
				<point>403.000000,984.000000</point>
				<point>403.000000,998.000000</point>
			</points>
		</object>
		<object>
			<coordinate>pixel</coordinate>
			<type>rectangle</type>
			<description>None</description>
			<possibleresult>
				<name>Van</name>
			</possibleresult>
			<points>
				<point>411.000000,997.000000</point>
				<point>405.000000,997.000000</point>
				<point>405.000000,983.000000</point>
				<point>411.000000,983.000000</point>
				<point>411.000000,997.000000</point>
			</points>
		</object>
		<object>
			<coordinate>pixel</coordinate>
			<type>rectangle</type>
			<description>None</description>
			<possibleresult>
				<name>Small Car</name>
			</possibleresult>
			<points>
				<point>353.000000,957.000000</point>
				<point>344.000000,957.000000</point>
				<point>344.000000,941.000000</point>
				<point>353.000000,941.000000</point>
				<point>353.000000,957.000000</point>
			</points>
		</object>
		<object>
			<coordinate>pixel</coordinate>
			<type>rectangle</type>
			<description>None</description>
			<possibleresult>
				<name>Van</name>
			</possibleresult>
			<points>
				<point>364.000000,957.000000</point>
				<point>355.000000,958.000000</point>
				<point>354.000000,939.000000</point>
				<point>363.000000,938.000000</point>
				<point>364.000000,957.000000</point>
			</points>
		</object>
		<object>
			<coordinate>pixel</coordinate>
			<type>rectangle</type>
			<description>None</description>
			<possibleresult>
				<name>Van</name>
			</possibleresult>
			<points>
				<point>383.000000,957.000000</point>
				<point>375.000000,957.000000</point>
				<point>374.000000,941.000000</point>
				<point>381.000000,940.000000</point>
				<point>383.000000,957.000000</point>
			</points>
		</object>
		<object>
			<coordinate>pixel</coordinate>
			<type>rectangle</type>
			<description>None</description>
			<possibleresult>
				<name>Small Car</name>
			</possibleresult>
			<points>
				<point>392.000000,958.000000</point>
				<point>383.000000,958.000000</point>
				<point>383.000000,938.000000</point>
				<point>392.000000,938.000000</point>
				<point>392.000000,958.000000</point>
			</points>
		</object>
		<object>
			<coordinate>pixel</coordinate>
			<type>rectangle</type>
			<description>None</description>
			<possibleresult>
				<name>Van</name>
			</possibleresult>
			<points>
				<point>403.000000,957.000000</point>
				<point>394.000000,957.000000</point>
				<point>394.000000,940.000000</point>
				<point>403.000000,940.000000</point>
				<point>403.000000,957.000000</point>
			</points>
		</object>
		<object>
			<coordinate>pixel</coordinate>
			<type>rectangle</type>
			<description>None</description>
			<possibleresult>
				<name>Van</name>
			</possibleresult>
			<points>
				<point>437.000000,953.000000</point>
				<point>417.000000,955.000000</point>
				<point>417.000000,948.000000</point>
				<point>436.000000,947.000000</point>
				<point>437.000000,953.000000</point>
			</points>
		</object>
		<object>
			<coordinate>pixel</coordinate>
			<type>rectangle</type>
			<description>None</description>
			<possibleresult>
				<name>Van</name>
			</possibleresult>
			<points>
				<point>437.000000,970.000000</point>
				<point>418.000000,970.000000</point>
				<point>418.000000,962.000000</point>
				<point>437.000000,962.000000</point>
				<point>437.000000,970.000000</point>
			</points>
		</object>
		<object>
			<coordinate>pixel</coordinate>
			<type>rectangle</type>
			<description>None</description>
			<possibleresult>
				<name>Van</name>
			</possibleresult>
			<points>
				<point>440.000000,978.000000</point>
				<point>416.000000,978.000000</point>
				<point>416.000000,971.000000</point>
				<point>440.000000,971.000000</point>
				<point>440.000000,978.000000</point>
			</points>
		</object>
		<object>
			<coordinate>pixel</coordinate>
			<type>rectangle</type>
			<description>None</description>
			<possibleresult>
				<name>Van</name>
			</possibleresult>
			<points>
				<point>438.000000,979.000000</point>
				<point>438.000000,986.000000</point>
				<point>417.000000,984.000000</point>
				<point>418.000000,978.000000</point>
				<point>438.000000,979.000000</point>
			</points>
		</object>
		<object>
			<coordinate>pixel</coordinate>
			<type>rectangle</type>
			<description>None</description>
			<possibleresult>
				<name>Small Car</name>
			</possibleresult>
			<points>
				<point>438.000000,995.000000</point>
				<point>415.000000,995.000000</point>
				<point>415.000000,986.000000</point>
				<point>438.000000,986.000000</point>
				<point>438.000000,995.000000</point>
			</points>
		</object>
		<object>
			<coordinate>pixel</coordinate>
			<type>rectangle</type>
			<description>None</description>
			<possibleresult>
				<name>Small Car</name>
			</possibleresult>
			<points>
				<point>489.000000,951.000000</point>
				<point>467.000000,951.000000</point>
				<point>467.000000,944.000000</point>
				<point>489.000000,944.000000</point>
				<point>489.000000,951.000000</point>
			</points>
		</object>
		<object>
			<coordinate>pixel</coordinate>
			<type>rectangle</type>
			<description>None</description>
			<possibleresult>
				<name>Small Car</name>
			</possibleresult>
			<points>
				<point>489.000000,961.000000</point>
				<point>467.000000,961.000000</point>
				<point>467.000000,953.000000</point>
				<point>489.000000,953.000000</point>
				<point>489.000000,961.000000</point>
			</points>
		</object>
		<object>
			<coordinate>pixel</coordinate>
			<type>rectangle</type>
			<description>None</description>
			<possibleresult>
				<name>Van</name>
			</possibleresult>
			<points>
				<point>488.000000,969.000000</point>
				<point>468.000000,969.000000</point>
				<point>468.000000,962.000000</point>
				<point>488.000000,962.000000</point>
				<point>488.000000,969.000000</point>
			</points>
		</object>
		<object>
			<coordinate>pixel</coordinate>
			<type>rectangle</type>
			<description>None</description>
			<possibleresult>
				<name>Van</name>
			</possibleresult>
			<points>
				<point>488.000000,977.000000</point>
				<point>467.000000,977.000000</point>
				<point>467.000000,970.000000</point>
				<point>488.000000,970.000000</point>
				<point>488.000000,977.000000</point>
			</points>
		</object>
		<object>
			<coordinate>pixel</coordinate>
			<type>rectangle</type>
			<description>None</description>
			<possibleresult>
				<name>Small Car</name>
			</possibleresult>
			<points>
				<point>489.000000,985.000000</point>
				<point>466.000000,985.000000</point>
				<point>466.000000,978.000000</point>
				<point>489.000000,978.000000</point>
				<point>489.000000,985.000000</point>
			</points>
		</object>
		<object>
			<coordinate>pixel</coordinate>
			<type>rectangle</type>
			<description>None</description>
			<possibleresult>
				<name>Van</name>
			</possibleresult>
			<points>
				<point>489.000000,993.000000</point>
				<point>467.000000,993.000000</point>
				<point>467.000000,985.000000</point>
				<point>489.000000,985.000000</point>
				<point>489.000000,993.000000</point>
			</points>
		</object>
		<object>
			<coordinate>pixel</coordinate>
			<type>rectangle</type>
			<description>None</description>
			<possibleresult>
				<name>Small Car</name>
			</possibleresult>
			<points>
				<point>555.000000,969.000000</point>
				<point>537.000000,969.000000</point>
				<point>537.000000,962.000000</point>
				<point>555.000000,962.000000</point>
				<point>555.000000,969.000000</point>
			</points>
		</object>
		<object>
			<coordinate>pixel</coordinate>
			<type>rectangle</type>
			<description>None</description>
			<possibleresult>
				<name>Small Car</name>
			</possibleresult>
			<points>
				<point>556.000000,947.000000</point>
				<point>534.000000,947.000000</point>
				<point>534.000000,940.000000</point>
				<point>556.000000,940.000000</point>
				<point>556.000000,947.000000</point>
			</points>
		</object>
		<object>
			<coordinate>pixel</coordinate>
			<type>rectangle</type>
			<description>None</description>
			<possibleresult>
				<name>Small Car</name>
			</possibleresult>
			<points>
				<point>617.000000,945.000000</point>
				<point>597.000000,945.000000</point>
				<point>597.000000,938.000000</point>
				<point>617.000000,938.000000</point>
				<point>617.000000,945.000000</point>
			</points>
		</object>
		<object>
			<coordinate>pixel</coordinate>
			<type>rectangle</type>
			<description>None</description>
			<possibleresult>
				<name>Van</name>
			</possibleresult>
			<points>
				<point>656.000000,952.000000</point>
				<point>641.000000,952.000000</point>
				<point>641.000000,946.000000</point>
				<point>656.000000,946.000000</point>
				<point>656.000000,952.000000</point>
			</points>
		</object>
		<object>
			<coordinate>pixel</coordinate>
			<type>rectangle</type>
			<description>None</description>
			<possibleresult>
				<name>Van</name>
			</possibleresult>
			<points>
				<point>372.000000,876.000000</point>
				<point>350.000000,876.000000</point>
				<point>350.000000,868.000000</point>
				<point>372.000000,868.000000</point>
				<point>372.000000,876.000000</point>
			</points>
		</object>
		<object>
			<coordinate>pixel</coordinate>
			<type>rectangle</type>
			<description>None</description>
			<possibleresult>
				<name>Van</name>
			</possibleresult>
			<points>
				<point>370.000000,885.000000</point>
				<point>350.000000,885.000000</point>
				<point>350.000000,877.000000</point>
				<point>370.000000,877.000000</point>
				<point>370.000000,885.000000</point>
			</points>
		</object>
		<object>
			<coordinate>pixel</coordinate>
			<type>rectangle</type>
			<description>None</description>
			<possibleresult>
				<name>Van</name>
			</possibleresult>
			<points>
				<point>465.000000,738.000000</point>
				<point>446.000000,738.000000</point>
				<point>446.000000,731.000000</point>
				<point>465.000000,731.000000</point>
				<point>465.000000,738.000000</point>
			</points>
		</object>
		<object>
			<coordinate>pixel</coordinate>
			<type>rectangle</type>
			<description>None</description>
			<possibleresult>
				<name>Small Car</name>
			</possibleresult>
			<points>
				<point>466.000000,729.000000</point>
				<point>448.000000,729.000000</point>
				<point>448.000000,724.000000</point>
				<point>466.000000,724.000000</point>
				<point>466.000000,729.000000</point>
			</points>
		</object>
		<object>
			<coordinate>pixel</coordinate>
			<type>rectangle</type>
			<description>None</description>
			<possibleresult>
				<name>Small Car</name>
			</possibleresult>
			<points>
				<point>464.000000,722.000000</point>
				<point>445.000000,722.000000</point>
				<point>445.000000,715.000000</point>
				<point>464.000000,715.000000</point>
				<point>464.000000,722.000000</point>
			</points>
		</object>
		<object>
			<coordinate>pixel</coordinate>
			<type>rectangle</type>
			<description>None</description>
			<possibleresult>
				<name>Small Car</name>
			</possibleresult>
			<points>
				<point>467.000000,713.000000</point>
				<point>444.000000,713.000000</point>
				<point>444.000000,707.000000</point>
				<point>467.000000,707.000000</point>
				<point>467.000000,713.000000</point>
			</points>
		</object>
		<object>
			<coordinate>pixel</coordinate>
			<type>rectangle</type>
			<description>None</description>
			<possibleresult>
				<name>Small Car</name>
			</possibleresult>
			<points>
				<point>437.000000,216.000000</point>
				<point>429.000000,217.000000</point>
				<point>428.000000,200.000000</point>
				<point>436.000000,199.000000</point>
				<point>437.000000,216.000000</point>
			</points>
		</object>
		<object>
			<coordinate>pixel</coordinate>
			<type>rectangle</type>
			<description>None</description>
			<possibleresult>
				<name>Small Car</name>
			</possibleresult>
			<points>
				<point>959.000000,950.000000</point>
				<point>936.000000,950.000000</point>
				<point>936.000000,940.000000</point>
				<point>959.000000,940.000000</point>
				<point>959.000000,950.000000</point>
			</points>
		</object>
		<object>
			<coordinate>pixel</coordinate>
			<type>rectangle</type>
			<description>None</description>
			<possibleresult>
				<name>Small Car</name>
			</possibleresult>
			<points>
				<point>919.000000,950.000000</point>
				<point>910.000000,950.000000</point>
				<point>910.000000,931.000000</point>
				<point>919.000000,931.000000</point>
				<point>919.000000,950.000000</point>
			</points>
		</object>
		<object>
			<coordinate>pixel</coordinate>
			<type>rectangle</type>
			<description>None</description>
			<possibleresult>
				<name>Small Car</name>
			</possibleresult>
			<points>
				<point>896.000000,948.000000</point>
				<point>888.000000,949.000000</point>
				<point>887.000000,933.000000</point>
				<point>895.000000,932.000000</point>
				<point>896.000000,948.000000</point>
			</points>
		</object>
		<object>
			<coordinate>pixel</coordinate>
			<type>rectangle</type>
			<description>None</description>
			<possibleresult>
				<name>Small Car</name>
			</possibleresult>
			<points>
				<point>887.000000,985.000000</point>
				<point>878.000000,985.000000</point>
				<point>878.000000,969.000000</point>
				<point>887.000000,969.000000</point>
				<point>887.000000,985.000000</point>
			</points>
		</object>
		<object>
			<coordinate>pixel</coordinate>
			<type>rectangle</type>
			<description>None</description>
			<possibleresult>
				<name>Small Car</name>
			</possibleresult>
			<points>
				<point>898.000000,988.000000</point>
				<point>890.000000,988.000000</point>
				<point>890.000000,968.000000</point>
				<point>898.000000,968.000000</point>
				<point>898.000000,988.000000</point>
			</points>
		</object>
		<object>
			<coordinate>pixel</coordinate>
			<type>rectangle</type>
			<description>None</description>
			<possibleresult>
				<name>Small Car</name>
			</possibleresult>
			<points>
				<point>921.000000,984.000000</point>
				<point>912.000000,984.000000</point>
				<point>912.000000,968.000000</point>
				<point>921.000000,968.000000</point>
				<point>921.000000,984.000000</point>
			</points>
		</object>
		<object>
			<coordinate>pixel</coordinate>
			<type>rectangle</type>
			<description>None</description>
			<possibleresult>
				<name>Van</name>
			</possibleresult>
			<points>
				<point>765.000000,733.000000</point>
				<point>756.000000,733.000000</point>
				<point>756.000000,718.000000</point>
				<point>765.000000,718.000000</point>
				<point>765.000000,733.000000</point>
			</points>
		</object>
		<object>
			<coordinate>pixel</coordinate>
			<type>rectangle</type>
			<description>None</description>
			<possibleresult>
				<name>Cargo Truck</name>
			</possibleresult>
			<points>
				<point>737.000000,600.000000</point>
				<point>728.000000,600.000000</point>
				<point>728.000000,582.000000</point>
				<point>737.000000,582.000000</point>
				<point>737.000000,600.000000</point>
			</points>
		</object>
		<object>
			<coordinate>pixel</coordinate>
			<type>rectangle</type>
			<description>None</description>
			<possibleresult>
				<name>Van</name>
			</possibleresult>
			<points>
				<point>748.000000,584.000000</point>
				<point>747.000000,600.000000</point>
				<point>739.000000,600.000000</point>
				<point>740.000000,584.000000</point>
				<point>748.000000,584.000000</point>
			</points>
		</object>
		<object>
			<coordinate>pixel</coordinate>
			<type>rectangle</type>
			<description>None</description>
			<possibleresult>
				<name>Van</name>
			</possibleresult>
			<points>
				<point>758.000000,599.000000</point>
				<point>751.000000,599.000000</point>
				<point>751.000000,586.000000</point>
				<point>758.000000,586.000000</point>
				<point>758.000000,599.000000</point>
			</points>
		</object>
		<object>
			<coordinate>pixel</coordinate>
			<type>rectangle</type>
			<description>None</description>
			<possibleresult>
				<name>Small Car</name>
			</possibleresult>
			<points>
				<point>798.000000,566.000000</point>
				<point>788.000000,566.000000</point>
				<point>788.000000,548.000000</point>
				<point>798.000000,548.000000</point>
				<point>798.000000,566.000000</point>
			</points>
		</object>
		<object>
			<coordinate>pixel</coordinate>
			<type>rectangle</type>
			<description>None</description>
			<possibleresult>
				<name>Small Car</name>
			</possibleresult>
			<points>
				<point>809.000000,566.000000</point>
				<point>800.000000,566.000000</point>
				<point>800.000000,549.000000</point>
				<point>809.000000,549.000000</point>
				<point>809.000000,566.000000</point>
			</points>
		</object>
		<object>
			<coordinate>pixel</coordinate>
			<type>rectangle</type>
			<description>None</description>
			<possibleresult>
				<name>Small Car</name>
			</possibleresult>
			<points>
				<point>819.000000,564.000000</point>
				<point>810.000000,564.000000</point>
				<point>810.000000,548.000000</point>
				<point>819.000000,548.000000</point>
				<point>819.000000,564.000000</point>
			</points>
		</object>
		<object>
			<coordinate>pixel</coordinate>
			<type>rectangle</type>
			<description>None</description>
			<possibleresult>
				<name>Small Car</name>
			</possibleresult>
			<points>
				<point>842.000000,548.000000</point>
				<point>841.000000,566.000000</point>
				<point>829.000000,565.000000</point>
				<point>831.000000,548.000000</point>
				<point>842.000000,548.000000</point>
			</points>
		</object>
		<object>
			<coordinate>pixel</coordinate>
			<type>rectangle</type>
			<description>None</description>
			<possibleresult>
				<name>Small Car</name>
			</possibleresult>
			<points>
				<point>870.000000,565.000000</point>
				<point>861.000000,565.000000</point>
				<point>861.000000,550.000000</point>
				<point>870.000000,550.000000</point>
				<point>870.000000,565.000000</point>
			</points>
		</object>
		<object>
			<coordinate>pixel</coordinate>
			<type>rectangle</type>
			<description>None</description>
			<possibleresult>
				<name>Small Car</name>
			</possibleresult>
			<points>
				<point>902.000000,549.000000</point>
				<point>900.000000,565.000000</point>
				<point>892.000000,565.000000</point>
				<point>893.000000,548.000000</point>
				<point>902.000000,549.000000</point>
			</points>
		</object>
		<object>
			<coordinate>pixel</coordinate>
			<type>rectangle</type>
			<description>None</description>
			<possibleresult>
				<name>Small Car</name>
			</possibleresult>
			<points>
				<point>913.000000,565.000000</point>
				<point>903.000000,565.000000</point>
				<point>903.000000,548.000000</point>
				<point>913.000000,548.000000</point>
				<point>913.000000,565.000000</point>
			</points>
		</object>
		<object>
			<coordinate>pixel</coordinate>
			<type>rectangle</type>
			<description>None</description>
			<possibleresult>
				<name>Small Car</name>
			</possibleresult>
			<points>
				<point>931.000000,564.000000</point>
				<point>924.000000,564.000000</point>
				<point>924.000000,549.000000</point>
				<point>931.000000,549.000000</point>
				<point>931.000000,564.000000</point>
			</points>
		</object>
		<object>
			<coordinate>pixel</coordinate>
			<type>rectangle</type>
			<description>None</description>
			<possibleresult>
				<name>Small Car</name>
			</possibleresult>
			<points>
				<point>952.000000,547.000000</point>
				<point>951.000000,566.000000</point>
				<point>942.000000,565.000000</point>
				<point>943.000000,547.000000</point>
				<point>952.000000,547.000000</point>
			</points>
		</object>
		<object>
			<coordinate>pixel</coordinate>
			<type>rectangle</type>
			<description>None</description>
			<possibleresult>
				<name>Small Car</name>
			</possibleresult>
			<points>
				<point>964.000000,564.000000</point>
				<point>956.000000,564.000000</point>
				<point>956.000000,546.000000</point>
				<point>964.000000,546.000000</point>
				<point>964.000000,564.000000</point>
			</points>
		</object>
		<object>
			<coordinate>pixel</coordinate>
			<type>rectangle</type>
			<description>None</description>
			<possibleresult>
				<name>Van</name>
			</possibleresult>
			<points>
				<point>864.000000,604.000000</point>
				<point>855.000000,604.000000</point>
				<point>855.000000,587.000000</point>
				<point>864.000000,587.000000</point>
				<point>864.000000,604.000000</point>
			</points>
		</object>
		<object>
			<coordinate>pixel</coordinate>
			<type>rectangle</type>
			<description>None</description>
			<possibleresult>
				<name>Van</name>
			</possibleresult>
			<points>
				<point>885.000000,604.000000</point>
				<point>876.000000,604.000000</point>
				<point>876.000000,586.000000</point>
				<point>885.000000,586.000000</point>
				<point>885.000000,604.000000</point>
			</points>
		</object>
		<object>
			<coordinate>pixel</coordinate>
			<type>rectangle</type>
			<description>None</description>
			<possibleresult>
				<name>Small Car</name>
			</possibleresult>
			<points>
				<point>895.000000,603.000000</point>
				<point>887.000000,603.000000</point>
				<point>887.000000,586.000000</point>
				<point>895.000000,586.000000</point>
				<point>895.000000,603.000000</point>
			</points>
		</object>
		<object>
			<coordinate>pixel</coordinate>
			<type>rectangle</type>
			<description>None</description>
			<possibleresult>
				<name>Van</name>
			</possibleresult>
			<points>
				<point>915.000000,605.000000</point>
				<point>906.000000,605.000000</point>
				<point>906.000000,586.000000</point>
				<point>915.000000,586.000000</point>
				<point>915.000000,605.000000</point>
			</points>
		</object>
		<object>
			<coordinate>pixel</coordinate>
			<type>rectangle</type>
			<description>None</description>
			<possibleresult>
				<name>Van</name>
			</possibleresult>
			<points>
				<point>926.000000,604.000000</point>
				<point>918.000000,604.000000</point>
				<point>918.000000,585.000000</point>
				<point>926.000000,585.000000</point>
				<point>926.000000,604.000000</point>
			</points>
		</object>
		<object>
			<coordinate>pixel</coordinate>
			<type>rectangle</type>
			<description>None</description>
			<possibleresult>
				<name>Van</name>
			</possibleresult>
			<points>
				<point>947.000000,586.000000</point>
				<point>946.000000,604.000000</point>
				<point>937.000000,604.000000</point>
				<point>938.000000,586.000000</point>
				<point>947.000000,586.000000</point>
			</points>
		</object>
		<object>
			<coordinate>pixel</coordinate>
			<type>rectangle</type>
			<description>None</description>
			<possibleresult>
				<name>Van</name>
			</possibleresult>
			<points>
				<point>956.000000,603.000000</point>
				<point>949.000000,603.000000</point>
				<point>949.000000,585.000000</point>
				<point>956.000000,585.000000</point>
				<point>956.000000,603.000000</point>
			</points>
		</object>
		<object>
			<coordinate>pixel</coordinate>
			<type>rectangle</type>
			<description>None</description>
			<possibleresult>
				<name>Small Car</name>
			</possibleresult>
			<points>
				<point>966.000000,603.000000</point>
				<point>958.000000,603.000000</point>
				<point>958.000000,585.000000</point>
				<point>966.000000,585.000000</point>
				<point>966.000000,603.000000</point>
			</points>
		</object>
		<object>
			<coordinate>pixel</coordinate>
			<type>rectangle</type>
			<description>None</description>
			<possibleresult>
				<name>Small Car</name>
			</possibleresult>
			<points>
				<point>989.000000,603.000000</point>
				<point>979.000000,604.000000</point>
				<point>977.000000,586.000000</point>
				<point>988.000000,586.000000</point>
				<point>989.000000,603.000000</point>
			</points>
		</object>
		<object>
			<coordinate>pixel</coordinate>
			<type>rectangle</type>
			<description>None</description>
			<possibleresult>
				<name>Small Car</name>
			</possibleresult>
			<points>
				<point>997.000000,604.000000</point>
				<point>988.000000,604.000000</point>
				<point>988.000000,587.000000</point>
				<point>997.000000,587.000000</point>
				<point>997.000000,604.000000</point>
			</points>
		</object>
		<object>
			<coordinate>pixel</coordinate>
			<type>rectangle</type>
			<description>None</description>
			<possibleresult>
				<name>Small Car</name>
			</possibleresult>
			<points>
				<point>761.000000,611.000000</point>
				<point>739.000000,611.000000</point>
				<point>739.000000,603.000000</point>
				<point>761.000000,603.000000</point>
				<point>761.000000,611.000000</point>
			</points>
		</object>
		<object>
			<coordinate>pixel</coordinate>
			<type>rectangle</type>
			<description>None</description>
			<possibleresult>
				<name>Van</name>
			</possibleresult>
			<points>
				<point>890.000000,432.000000</point>
				<point>871.000000,432.000000</point>
				<point>871.000000,425.000000</point>
				<point>890.000000,425.000000</point>
				<point>890.000000,432.000000</point>
			</points>
		</object>
		<object>
			<coordinate>pixel</coordinate>
			<type>rectangle</type>
			<description>None</description>
			<possibleresult>
				<name>Van</name>
			</possibleresult>
			<points>
				<point>797.000000,383.000000</point>
				<point>778.000000,383.000000</point>
				<point>778.000000,374.000000</point>
				<point>797.000000,374.000000</point>
				<point>797.000000,383.000000</point>
			</points>
		</object>
		<object>
			<coordinate>pixel</coordinate>
			<type>rectangle</type>
			<description>None</description>
			<possibleresult>
				<name>Small Car</name>
			</possibleresult>
			<points>
				<point>859.000000,273.000000</point>
				<point>839.000000,275.000000</point>
				<point>838.000000,268.000000</point>
				<point>859.000000,267.000000</point>
				<point>859.000000,273.000000</point>
			</points>
		</object>
		<object>
			<coordinate>pixel</coordinate>
			<type>rectangle</type>
			<description>None</description>
			<possibleresult>
				<name>Van</name>
			</possibleresult>
			<points>
				<point>858.000000,284.000000</point>
				<point>840.000000,284.000000</point>
				<point>840.000000,276.000000</point>
				<point>858.000000,276.000000</point>
				<point>858.000000,284.000000</point>
			</points>
		</object>
		<object>
			<coordinate>pixel</coordinate>
			<type>rectangle</type>
			<description>None</description>
			<possibleresult>
				<name>Van</name>
			</possibleresult>
			<points>
				<point>970.000000,355.000000</point>
				<point>951.000000,355.000000</point>
				<point>951.000000,348.000000</point>
				<point>970.000000,348.000000</point>
				<point>970.000000,355.000000</point>
			</points>
		</object>
		<object>
			<coordinate>pixel</coordinate>
			<type>rectangle</type>
			<description>None</description>
			<possibleresult>
				<name>Small Car</name>
			</possibleresult>
			<points>
				<point>967.000000,314.000000</point>
				<point>956.000000,314.000000</point>
				<point>956.000000,306.000000</point>
				<point>967.000000,306.000000</point>
				<point>967.000000,314.000000</point>
			</points>
		</object>
		<object>
			<coordinate>pixel</coordinate>
			<type>rectangle</type>
			<description>None</description>
			<possibleresult>
				<name>Van</name>
			</possibleresult>
			<points>
				<point>1000.000000,353.000000</point>
				<point>991.000000,353.000000</point>
				<point>991.000000,347.000000</point>
				<point>1000.000000,347.000000</point>
				<point>1000.000000,353.000000</point>
			</points>
		</object>
		<object>
			<coordinate>pixel</coordinate>
			<type>rectangle</type>
			<description>None</description>
			<possibleresult>
				<name>Small Car</name>
			</possibleresult>
			<points>
				<point>751.000000,31.000000</point>
				<point>741.000000,31.000000</point>
				<point>741.000000,13.000000</point>
				<point>751.000000,13.000000</point>
				<point>751.000000,31.000000</point>
			</points>
		</object>
		<object>
			<coordinate>pixel</coordinate>
			<type>rectangle</type>
			<description>None</description>
			<possibleresult>
				<name>Van</name>
			</possibleresult>
			<points>
				<point>520.000000,106.000000</point>
				<point>507.000000,106.000000</point>
				<point>507.000000,100.000000</point>
				<point>520.000000,100.000000</point>
				<point>520.000000,106.000000</point>
			</points>
		</object>
		<object>
			<coordinate>pixel</coordinate>
			<type>rectangle</type>
			<description>None</description>
			<possibleresult>
				<name>Van</name>
			</possibleresult>
			<points>
				<point>546.000000,29.000000</point>
				<point>540.000000,32.000000</point>
				<point>534.000000,20.000000</point>
				<point>540.000000,17.000000</point>
				<point>546.000000,29.000000</point>
			</points>
		</object>
		<object>
			<coordinate>pixel</coordinate>
			<type>rectangle</type>
			<description>None</description>
			<possibleresult>
				<name>Van</name>
			</possibleresult>
			<points>
				<point>557.000000,153.000000</point>
				<point>542.000000,153.000000</point>
				<point>542.000000,147.000000</point>
				<point>557.000000,147.000000</point>
				<point>557.000000,153.000000</point>
			</points>
		</object>
	</objects>
</annotation>