<?xml version="1.0" encoding="utf-8"?>
<annotation>
	<source>
		<filename>689.tif</filename>
		<origin>GF2/GF3</origin>
	</source>
	<research>
		<version>1.0</version>
		<provider>FAIR1M</provider>
		<author>Cyber</author>
		<pluginname>FAIR1M</pluginname>
		<pluginclass>object detection</pluginclass>
		<time>2021-07-21</time>
	</research>
	<size>
		<width>1000</width>
		<height>1000</height>
		<depth>3</depth>
	</size>
	<objects>
		<object>
			<coordinate>pixel</coordinate>
			<type>rectangle</type>
			<description>None</description>
			<possibleresult>
				<name>Van</name>
			</possibleresult>
			<points>
				<point>70.000000,53.000000</point>
				<point>46.000000,53.000000</point>
				<point>46.000000,45.000000</point>
				<point>70.000000,45.000000</point>
				<point>70.000000,53.000000</point>
			</points>
		</object>
		<object>
			<coordinate>pixel</coordinate>
			<type>rectangle</type>
			<description>None</description>
			<possibleresult>
				<name>Small Car</name>
			</possibleresult>
			<points>
				<point>53.000000,21.000000</point>
				<point>31.000000,23.000000</point>
				<point>31.000000,15.000000</point>
				<point>53.000000,12.000000</point>
				<point>53.000000,21.000000</point>
			</points>
		</object>
		<object>
			<coordinate>pixel</coordinate>
			<type>rectangle</type>
			<description>None</description>
			<possibleresult>
				<name>Van</name>
			</possibleresult>
			<points>
				<point>91.000000,51.000000</point>
				<point>72.000000,53.000000</point>
				<point>72.000000,46.000000</point>
				<point>90.000000,43.000000</point>
				<point>91.000000,51.000000</point>
			</points>
		</object>
		<object>
			<coordinate>pixel</coordinate>
			<type>rectangle</type>
			<description>None</description>
			<possibleresult>
				<name>Small Car</name>
			</possibleresult>
			<points>
				<point>160.000000,33.000000</point>
				<point>151.000000,33.000000</point>
				<point>150.000000,15.000000</point>
				<point>158.000000,14.000000</point>
				<point>160.000000,33.000000</point>
			</points>
		</object>
		<object>
			<coordinate>pixel</coordinate>
			<type>rectangle</type>
			<description>None</description>
			<possibleresult>
				<name>Small Car</name>
			</possibleresult>
			<points>
				<point>158.000000,69.000000</point>
				<point>157.000000,86.000000</point>
				<point>149.000000,86.000000</point>
				<point>150.000000,69.000000</point>
				<point>158.000000,69.000000</point>
			</points>
		</object>
		<object>
			<coordinate>pixel</coordinate>
			<type>rectangle</type>
			<description>None</description>
			<possibleresult>
				<name>Small Car</name>
			</possibleresult>
			<points>
				<point>158.000000,158.000000</point>
				<point>149.000000,158.000000</point>
				<point>149.000000,139.000000</point>
				<point>158.000000,139.000000</point>
				<point>158.000000,158.000000</point>
			</points>
		</object>
		<object>
			<coordinate>pixel</coordinate>
			<type>rectangle</type>
			<description>None</description>
			<possibleresult>
				<name>Small Car</name>
			</possibleresult>
			<points>
				<point>266.000000,113.000000</point>
				<point>258.000000,131.000000</point>
				<point>247.000000,126.000000</point>
				<point>256.000000,109.000000</point>
				<point>266.000000,113.000000</point>
			</points>
		</object>
		<object>
			<coordinate>pixel</coordinate>
			<type>rectangle</type>
			<description>None</description>
			<possibleresult>
				<name>Small Car</name>
			</possibleresult>
			<points>
				<point>318.000000,117.000000</point>
				<point>306.000000,133.000000</point>
				<point>297.000000,127.000000</point>
				<point>309.000000,111.000000</point>
				<point>318.000000,117.000000</point>
			</points>
		</object>
		<object>
			<coordinate>pixel</coordinate>
			<type>rectangle</type>
			<description>None</description>
			<possibleresult>
				<name>Van</name>
			</possibleresult>
			<points>
				<point>374.000000,114.000000</point>
				<point>363.000000,132.000000</point>
				<point>353.000000,126.000000</point>
				<point>364.000000,108.000000</point>
				<point>374.000000,114.000000</point>
			</points>
		</object>
		<object>
			<coordinate>pixel</coordinate>
			<type>rectangle</type>
			<description>None</description>
			<possibleresult>
				<name>Small Car</name>
			</possibleresult>
			<points>
				<point>359.000000,114.000000</point>
				<point>349.000000,132.000000</point>
				<point>340.000000,127.000000</point>
				<point>350.000000,109.000000</point>
				<point>359.000000,114.000000</point>
			</points>
		</object>
		<object>
			<coordinate>pixel</coordinate>
			<type>rectangle</type>
			<description>None</description>
			<possibleresult>
				<name>Small Car</name>
			</possibleresult>
			<points>
				<point>293.000000,119.000000</point>
				<point>282.000000,134.000000</point>
				<point>274.000000,129.000000</point>
				<point>285.000000,114.000000</point>
				<point>293.000000,119.000000</point>
			</points>
		</object>
		<object>
			<coordinate>pixel</coordinate>
			<type>rectangle</type>
			<description>None</description>
			<possibleresult>
				<name>Small Car</name>
			</possibleresult>
			<points>
				<point>462.000000,74.000000</point>
				<point>438.000000,75.000000</point>
				<point>437.000000,69.000000</point>
				<point>462.000000,67.000000</point>
				<point>462.000000,74.000000</point>
			</points>
		</object>
		<object>
			<coordinate>pixel</coordinate>
			<type>rectangle</type>
			<description>None</description>
			<possibleresult>
				<name>Small Car</name>
			</possibleresult>
			<points>
				<point>411.000000,96.000000</point>
				<point>387.000000,96.000000</point>
				<point>387.000000,89.000000</point>
				<point>411.000000,89.000000</point>
				<point>411.000000,96.000000</point>
			</points>
		</object>
		<object>
			<coordinate>pixel</coordinate>
			<type>rectangle</type>
			<description>None</description>
			<possibleresult>
				<name>Van</name>
			</possibleresult>
			<points>
				<point>464.000000,84.000000</point>
				<point>444.000000,84.000000</point>
				<point>444.000000,77.000000</point>
				<point>464.000000,77.000000</point>
				<point>464.000000,84.000000</point>
			</points>
		</object>
		<object>
			<coordinate>pixel</coordinate>
			<type>rectangle</type>
			<description>None</description>
			<possibleresult>
				<name>Small Car</name>
			</possibleresult>
			<points>
				<point>410.000000,107.000000</point>
				<point>387.000000,107.000000</point>
				<point>387.000000,98.000000</point>
				<point>410.000000,98.000000</point>
				<point>410.000000,107.000000</point>
			</points>
		</object>
		<object>
			<coordinate>pixel</coordinate>
			<type>rectangle</type>
			<description>None</description>
			<possibleresult>
				<name>Small Car</name>
			</possibleresult>
			<points>
				<point>554.000000,130.000000</point>
				<point>531.000000,137.000000</point>
				<point>529.000000,130.000000</point>
				<point>552.000000,123.000000</point>
				<point>554.000000,130.000000</point>
			</points>
		</object>
		<object>
			<coordinate>pixel</coordinate>
			<type>rectangle</type>
			<description>None</description>
			<possibleresult>
				<name>Van</name>
			</possibleresult>
			<points>
				<point>560.000000,94.000000</point>
				<point>533.000000,100.000000</point>
				<point>531.000000,90.000000</point>
				<point>558.000000,84.000000</point>
				<point>560.000000,94.000000</point>
			</points>
		</object>
		<object>
			<coordinate>pixel</coordinate>
			<type>rectangle</type>
			<description>None</description>
			<possibleresult>
				<name>Small Car</name>
			</possibleresult>
			<points>
				<point>463.000000,152.000000</point>
				<point>451.000000,153.000000</point>
				<point>448.000000,134.000000</point>
				<point>460.000000,133.000000</point>
				<point>463.000000,152.000000</point>
			</points>
		</object>
		<object>
			<coordinate>pixel</coordinate>
			<type>rectangle</type>
			<description>None</description>
			<possibleresult>
				<name>Small Car</name>
			</possibleresult>
			<points>
				<point>278.000000,148.000000</point>
				<point>278.000000,154.000000</point>
				<point>253.000000,153.000000</point>
				<point>254.000000,147.000000</point>
				<point>278.000000,148.000000</point>
			</points>
		</object>
		<object>
			<coordinate>pixel</coordinate>
			<type>rectangle</type>
			<description>None</description>
			<possibleresult>
				<name>Small Car</name>
			</possibleresult>
			<points>
				<point>240.000000,184.000000</point>
				<point>220.000000,184.000000</point>
				<point>220.000000,176.000000</point>
				<point>240.000000,176.000000</point>
				<point>240.000000,184.000000</point>
			</points>
		</object>
		<object>
			<coordinate>pixel</coordinate>
			<type>rectangle</type>
			<description>None</description>
			<possibleresult>
				<name>Van</name>
			</possibleresult>
			<points>
				<point>254.000000,197.000000</point>
				<point>253.000000,204.000000</point>
				<point>231.000000,202.000000</point>
				<point>231.000000,196.000000</point>
				<point>254.000000,197.000000</point>
			</points>
		</object>
		<object>
			<coordinate>pixel</coordinate>
			<type>rectangle</type>
			<description>None</description>
			<possibleresult>
				<name>Small Car</name>
			</possibleresult>
			<points>
				<point>287.000000,203.000000</point>
				<point>264.000000,203.000000</point>
				<point>264.000000,194.000000</point>
				<point>287.000000,194.000000</point>
				<point>287.000000,203.000000</point>
			</points>
		</object>
		<object>
			<coordinate>pixel</coordinate>
			<type>rectangle</type>
			<description>None</description>
			<possibleresult>
				<name>Van</name>
			</possibleresult>
			<points>
				<point>377.000000,195.000000</point>
				<point>353.000000,199.000000</point>
				<point>353.000000,191.000000</point>
				<point>376.000000,188.000000</point>
				<point>377.000000,195.000000</point>
			</points>
		</object>
		<object>
			<coordinate>pixel</coordinate>
			<type>rectangle</type>
			<description>None</description>
			<possibleresult>
				<name>Van</name>
			</possibleresult>
			<points>
				<point>419.000000,195.000000</point>
				<point>398.000000,195.000000</point>
				<point>398.000000,189.000000</point>
				<point>419.000000,189.000000</point>
				<point>419.000000,195.000000</point>
			</points>
		</object>
		<object>
			<coordinate>pixel</coordinate>
			<type>rectangle</type>
			<description>None</description>
			<possibleresult>
				<name>Van</name>
			</possibleresult>
			<points>
				<point>464.000000,193.000000</point>
				<point>444.000000,194.000000</point>
				<point>444.000000,187.000000</point>
				<point>464.000000,186.000000</point>
				<point>464.000000,193.000000</point>
			</points>
		</object>
		<object>
			<coordinate>pixel</coordinate>
			<type>rectangle</type>
			<description>None</description>
			<possibleresult>
				<name>Small Car</name>
			</possibleresult>
			<points>
				<point>520.000000,188.000000</point>
				<point>498.000000,189.000000</point>
				<point>497.000000,182.000000</point>
				<point>519.000000,181.000000</point>
				<point>520.000000,188.000000</point>
			</points>
		</object>
		<object>
			<coordinate>pixel</coordinate>
			<type>rectangle</type>
			<description>None</description>
			<possibleresult>
				<name>Small Car</name>
			</possibleresult>
			<points>
				<point>487.000000,366.000000</point>
				<point>477.000000,366.000000</point>
				<point>477.000000,352.000000</point>
				<point>487.000000,352.000000</point>
				<point>487.000000,366.000000</point>
			</points>
		</object>
		<object>
			<coordinate>pixel</coordinate>
			<type>rectangle</type>
			<description>None</description>
			<possibleresult>
				<name>Van</name>
			</possibleresult>
			<points>
				<point>492.000000,334.000000</point>
				<point>489.000000,351.000000</point>
				<point>480.000000,349.000000</point>
				<point>482.000000,333.000000</point>
				<point>492.000000,334.000000</point>
			</points>
		</object>
		<object>
			<coordinate>pixel</coordinate>
			<type>rectangle</type>
			<description>None</description>
			<possibleresult>
				<name>Small Car</name>
			</possibleresult>
			<points>
				<point>556.000000,412.000000</point>
				<point>554.000000,421.000000</point>
				<point>530.000000,415.000000</point>
				<point>532.000000,406.000000</point>
				<point>556.000000,412.000000</point>
			</points>
		</object>
		<object>
			<coordinate>pixel</coordinate>
			<type>rectangle</type>
			<description>None</description>
			<possibleresult>
				<name>Small Car</name>
			</possibleresult>
			<points>
				<point>547.000000,387.000000</point>
				<point>546.000000,393.000000</point>
				<point>522.000000,389.000000</point>
				<point>524.000000,382.000000</point>
				<point>547.000000,387.000000</point>
			</points>
		</object>
		<object>
			<coordinate>pixel</coordinate>
			<type>rectangle</type>
			<description>None</description>
			<possibleresult>
				<name>Small Car</name>
			</possibleresult>
			<points>
				<point>352.000000,387.000000</point>
				<point>331.000000,387.000000</point>
				<point>331.000000,381.000000</point>
				<point>352.000000,381.000000</point>
				<point>352.000000,387.000000</point>
			</points>
		</object>
		<object>
			<coordinate>pixel</coordinate>
			<type>rectangle</type>
			<description>None</description>
			<possibleresult>
				<name>Small Car</name>
			</possibleresult>
			<points>
				<point>431.000000,408.000000</point>
				<point>408.000000,409.000000</point>
				<point>407.000000,402.000000</point>
				<point>431.000000,400.000000</point>
				<point>431.000000,408.000000</point>
			</points>
		</object>
		<object>
			<coordinate>pixel</coordinate>
			<type>rectangle</type>
			<description>None</description>
			<possibleresult>
				<name>Small Car</name>
			</possibleresult>
			<points>
				<point>430.000000,387.000000</point>
				<point>410.000000,387.000000</point>
				<point>410.000000,379.000000</point>
				<point>430.000000,379.000000</point>
				<point>430.000000,387.000000</point>
			</points>
		</object>
		<object>
			<coordinate>pixel</coordinate>
			<type>rectangle</type>
			<description>None</description>
			<possibleresult>
				<name>Van</name>
			</possibleresult>
			<points>
				<point>402.000000,408.000000</point>
				<point>377.000000,409.000000</point>
				<point>376.000000,402.000000</point>
				<point>402.000000,400.000000</point>
				<point>402.000000,408.000000</point>
			</points>
		</object>
		<object>
			<coordinate>pixel</coordinate>
			<type>rectangle</type>
			<description>None</description>
			<possibleresult>
				<name>Van</name>
			</possibleresult>
			<points>
				<point>363.000000,410.000000</point>
				<point>340.000000,412.000000</point>
				<point>339.000000,404.000000</point>
				<point>362.000000,402.000000</point>
				<point>363.000000,410.000000</point>
			</points>
		</object>
		<object>
			<coordinate>pixel</coordinate>
			<type>rectangle</type>
			<description>None</description>
			<possibleresult>
				<name>Small Car</name>
			</possibleresult>
			<points>
				<point>292.000000,411.000000</point>
				<point>270.000000,413.000000</point>
				<point>269.000000,406.000000</point>
				<point>292.000000,405.000000</point>
				<point>292.000000,411.000000</point>
			</points>
		</object>
		<object>
			<coordinate>pixel</coordinate>
			<type>rectangle</type>
			<description>None</description>
			<possibleresult>
				<name>Intersection</name>
			</possibleresult>
			<points>
				<point>198.000000,524.000000</point>
				<point>193.000000,589.000000</point>
				<point>110.000000,582.000000</point>
				<point>115.000000,517.000000</point>
				<point>198.000000,524.000000</point>
			</points>
		</object>
		<object>
			<coordinate>pixel</coordinate>
			<type>rectangle</type>
			<description>None</description>
			<possibleresult>
				<name>Van</name>
			</possibleresult>
			<points>
				<point>144.000000,225.000000</point>
				<point>134.000000,225.000000</point>
				<point>134.000000,205.000000</point>
				<point>144.000000,205.000000</point>
				<point>144.000000,225.000000</point>
			</points>
		</object>
		<object>
			<coordinate>pixel</coordinate>
			<type>rectangle</type>
			<description>None</description>
			<possibleresult>
				<name>Small Car</name>
			</possibleresult>
			<points>
				<point>141.000000,284.000000</point>
				<point>132.000000,284.000000</point>
				<point>132.000000,267.000000</point>
				<point>141.000000,267.000000</point>
				<point>141.000000,284.000000</point>
			</points>
		</object>
		<object>
			<coordinate>pixel</coordinate>
			<type>rectangle</type>
			<description>None</description>
			<possibleresult>
				<name>Small Car</name>
			</possibleresult>
			<points>
				<point>141.000000,304.000000</point>
				<point>140.000000,323.000000</point>
				<point>131.000000,323.000000</point>
				<point>133.000000,303.000000</point>
				<point>141.000000,304.000000</point>
			</points>
		</object>
		<object>
			<coordinate>pixel</coordinate>
			<type>rectangle</type>
			<description>None</description>
			<possibleresult>
				<name>Dump Truck</name>
			</possibleresult>
			<points>
				<point>231.000000,295.000000</point>
				<point>203.000000,297.000000</point>
				<point>202.000000,288.000000</point>
				<point>231.000000,287.000000</point>
				<point>231.000000,295.000000</point>
			</points>
		</object>
		<object>
			<coordinate>pixel</coordinate>
			<type>rectangle</type>
			<description>None</description>
			<possibleresult>
				<name>Dump Truck</name>
			</possibleresult>
			<points>
				<point>24.000000,544.000000</point>
				<point>23.000000,550.000000</point>
				<point>0.000000,550.000000</point>
				<point>0.000000,543.000000</point>
				<point>24.000000,544.000000</point>
			</points>
		</object>
		<object>
			<coordinate>pixel</coordinate>
			<type>rectangle</type>
			<description>None</description>
			<possibleresult>
				<name>Small Car</name>
			</possibleresult>
			<points>
				<point>110.000000,551.000000</point>
				<point>85.000000,551.000000</point>
				<point>85.000000,544.000000</point>
				<point>110.000000,544.000000</point>
				<point>110.000000,551.000000</point>
			</points>
		</object>
		<object>
			<coordinate>pixel</coordinate>
			<type>rectangle</type>
			<description>None</description>
			<possibleresult>
				<name>Van</name>
			</possibleresult>
			<points>
				<point>54.000000,549.000000</point>
				<point>30.000000,549.000000</point>
				<point>30.000000,544.000000</point>
				<point>54.000000,544.000000</point>
				<point>54.000000,549.000000</point>
			</points>
		</object>
		<object>
			<coordinate>pixel</coordinate>
			<type>rectangle</type>
			<description>None</description>
			<possibleresult>
				<name>Cargo Truck</name>
			</possibleresult>
			<points>
				<point>62.000000,509.000000</point>
				<point>61.000000,520.000000</point>
				<point>13.000000,518.000000</point>
				<point>14.000000,508.000000</point>
				<point>62.000000,509.000000</point>
			</points>
		</object>
		<object>
			<coordinate>pixel</coordinate>
			<type>rectangle</type>
			<description>None</description>
			<possibleresult>
				<name>Van</name>
			</possibleresult>
			<points>
				<point>171.000000,427.000000</point>
				<point>161.000000,427.000000</point>
				<point>161.000000,411.000000</point>
				<point>171.000000,411.000000</point>
				<point>171.000000,427.000000</point>
			</points>
		</object>
		<object>
			<coordinate>pixel</coordinate>
			<type>rectangle</type>
			<description>None</description>
			<possibleresult>
				<name>Small Car</name>
			</possibleresult>
			<points>
				<point>150.000000,528.000000</point>
				<point>149.000000,537.000000</point>
				<point>129.000000,535.000000</point>
				<point>130.000000,526.000000</point>
				<point>150.000000,528.000000</point>
			</points>
		</object>
		<object>
			<coordinate>pixel</coordinate>
			<type>rectangle</type>
			<description>None</description>
			<possibleresult>
				<name>Small Car</name>
			</possibleresult>
			<points>
				<point>141.000000,504.000000</point>
				<point>131.000000,505.000000</point>
				<point>130.000000,486.000000</point>
				<point>139.000000,486.000000</point>
				<point>141.000000,504.000000</point>
			</points>
		</object>
		<object>
			<coordinate>pixel</coordinate>
			<type>rectangle</type>
			<description>None</description>
			<possibleresult>
				<name>Small Car</name>
			</possibleresult>
			<points>
				<point>155.000000,505.000000</point>
				<point>146.000000,506.000000</point>
				<point>144.000000,487.000000</point>
				<point>154.000000,487.000000</point>
				<point>155.000000,505.000000</point>
			</points>
		</object>
		<object>
			<coordinate>pixel</coordinate>
			<type>rectangle</type>
			<description>None</description>
			<possibleresult>
				<name>Small Car</name>
			</possibleresult>
			<points>
				<point>20.000000,787.000000</point>
				<point>4.000000,787.000000</point>
				<point>4.000000,781.000000</point>
				<point>20.000000,781.000000</point>
				<point>20.000000,787.000000</point>
			</points>
		</object>
		<object>
			<coordinate>pixel</coordinate>
			<type>rectangle</type>
			<description>None</description>
			<possibleresult>
				<name>Small Car</name>
			</possibleresult>
			<points>
				<point>73.000000,758.000000</point>
				<point>49.000000,758.000000</point>
				<point>49.000000,751.000000</point>
				<point>73.000000,751.000000</point>
				<point>73.000000,758.000000</point>
			</points>
		</object>
		<object>
			<coordinate>pixel</coordinate>
			<type>rectangle</type>
			<description>None</description>
			<possibleresult>
				<name>Small Car</name>
			</possibleresult>
			<points>
				<point>101.000000,752.000000</point>
				<point>101.000000,757.000000</point>
				<point>79.000000,755.000000</point>
				<point>80.000000,751.000000</point>
				<point>101.000000,752.000000</point>
			</points>
		</object>
		<object>
			<coordinate>pixel</coordinate>
			<type>rectangle</type>
			<description>None</description>
			<possibleresult>
				<name>Small Car</name>
			</possibleresult>
			<points>
				<point>49.000000,788.000000</point>
				<point>26.000000,788.000000</point>
				<point>26.000000,781.000000</point>
				<point>49.000000,781.000000</point>
				<point>49.000000,788.000000</point>
			</points>
		</object>
		<object>
			<coordinate>pixel</coordinate>
			<type>rectangle</type>
			<description>None</description>
			<possibleresult>
				<name>Van</name>
			</possibleresult>
			<points>
				<point>73.000000,785.000000</point>
				<point>51.000000,787.000000</point>
				<point>50.000000,781.000000</point>
				<point>73.000000,780.000000</point>
				<point>73.000000,785.000000</point>
			</points>
		</object>
		<object>
			<coordinate>pixel</coordinate>
			<type>rectangle</type>
			<description>None</description>
			<possibleresult>
				<name>Small Car</name>
			</possibleresult>
			<points>
				<point>96.000000,784.000000</point>
				<point>74.000000,787.000000</point>
				<point>73.000000,781.000000</point>
				<point>96.000000,779.000000</point>
				<point>96.000000,784.000000</point>
			</points>
		</object>
		<object>
			<coordinate>pixel</coordinate>
			<type>rectangle</type>
			<description>None</description>
			<possibleresult>
				<name>Van</name>
			</possibleresult>
			<points>
				<point>163.000000,660.000000</point>
				<point>154.000000,660.000000</point>
				<point>154.000000,644.000000</point>
				<point>163.000000,644.000000</point>
				<point>163.000000,660.000000</point>
			</points>
		</object>
		<object>
			<coordinate>pixel</coordinate>
			<type>rectangle</type>
			<description>None</description>
			<possibleresult>
				<name>Van</name>
			</possibleresult>
			<points>
				<point>190.000000,547.000000</point>
				<point>187.000000,554.000000</point>
				<point>166.000000,547.000000</point>
				<point>168.000000,539.000000</point>
				<point>190.000000,547.000000</point>
			</points>
		</object>
		<object>
			<coordinate>pixel</coordinate>
			<type>rectangle</type>
			<description>None</description>
			<possibleresult>
				<name>Van</name>
			</possibleresult>
			<points>
				<point>165.000000,614.000000</point>
				<point>155.000000,614.000000</point>
				<point>155.000000,597.000000</point>
				<point>165.000000,597.000000</point>
				<point>165.000000,614.000000</point>
			</points>
		</object>
		<object>
			<coordinate>pixel</coordinate>
			<type>rectangle</type>
			<description>None</description>
			<possibleresult>
				<name>Intersection</name>
			</possibleresult>
			<points>
				<point>827.000000,713.000000</point>
				<point>809.000000,763.000000</point>
				<point>740.000000,737.000000</point>
				<point>759.000000,688.000000</point>
				<point>827.000000,713.000000</point>
			</points>
		</object>
		<object>
			<coordinate>pixel</coordinate>
			<type>rectangle</type>
			<description>None</description>
			<possibleresult>
				<name>Small Car</name>
			</possibleresult>
			<points>
				<point>389.000000,529.000000</point>
				<point>366.000000,529.000000</point>
				<point>366.000000,522.000000</point>
				<point>389.000000,522.000000</point>
				<point>389.000000,529.000000</point>
			</points>
		</object>
		<object>
			<coordinate>pixel</coordinate>
			<type>rectangle</type>
			<description>None</description>
			<possibleresult>
				<name>Small Car</name>
			</possibleresult>
			<points>
				<point>387.000000,537.000000</point>
				<point>366.000000,537.000000</point>
				<point>366.000000,529.000000</point>
				<point>387.000000,529.000000</point>
				<point>387.000000,537.000000</point>
			</points>
		</object>
		<object>
			<coordinate>pixel</coordinate>
			<type>rectangle</type>
			<description>None</description>
			<possibleresult>
				<name>Small Car</name>
			</possibleresult>
			<points>
				<point>391.000000,553.000000</point>
				<point>369.000000,553.000000</point>
				<point>369.000000,546.000000</point>
				<point>391.000000,546.000000</point>
				<point>391.000000,553.000000</point>
			</points>
		</object>
		<object>
			<coordinate>pixel</coordinate>
			<type>rectangle</type>
			<description>None</description>
			<possibleresult>
				<name>Van</name>
			</possibleresult>
			<points>
				<point>290.000000,573.000000</point>
				<point>288.000000,582.000000</point>
				<point>266.000000,576.000000</point>
				<point>269.000000,568.000000</point>
				<point>290.000000,573.000000</point>
			</points>
		</object>
		<object>
			<coordinate>pixel</coordinate>
			<type>rectangle</type>
			<description>None</description>
			<possibleresult>
				<name>Van</name>
			</possibleresult>
			<points>
				<point>364.000000,610.000000</point>
				<point>356.000000,615.000000</point>
				<point>347.000000,599.000000</point>
				<point>355.000000,594.000000</point>
				<point>364.000000,610.000000</point>
			</points>
		</object>
		<object>
			<coordinate>pixel</coordinate>
			<type>rectangle</type>
			<description>None</description>
			<possibleresult>
				<name>Van</name>
			</possibleresult>
			<points>
				<point>432.000000,708.000000</point>
				<point>409.000000,708.000000</point>
				<point>409.000000,699.000000</point>
				<point>432.000000,699.000000</point>
				<point>432.000000,708.000000</point>
			</points>
		</object>
		<object>
			<coordinate>pixel</coordinate>
			<type>rectangle</type>
			<description>None</description>
			<possibleresult>
				<name>Small Car</name>
			</possibleresult>
			<points>
				<point>450.000000,769.000000</point>
				<point>431.000000,770.000000</point>
				<point>430.000000,765.000000</point>
				<point>450.000000,763.000000</point>
				<point>450.000000,769.000000</point>
			</points>
		</object>
		<object>
			<coordinate>pixel</coordinate>
			<type>rectangle</type>
			<description>None</description>
			<possibleresult>
				<name>Small Car</name>
			</possibleresult>
			<points>
				<point>453.000000,764.000000</point>
				<point>431.000000,764.000000</point>
				<point>431.000000,755.000000</point>
				<point>453.000000,755.000000</point>
				<point>453.000000,764.000000</point>
			</points>
		</object>
		<object>
			<coordinate>pixel</coordinate>
			<type>rectangle</type>
			<description>None</description>
			<possibleresult>
				<name>Small Car</name>
			</possibleresult>
			<points>
				<point>453.000000,750.000000</point>
				<point>427.000000,752.000000</point>
				<point>427.000000,745.000000</point>
				<point>452.000000,744.000000</point>
				<point>453.000000,750.000000</point>
			</points>
		</object>
		<object>
			<coordinate>pixel</coordinate>
			<type>rectangle</type>
			<description>None</description>
			<possibleresult>
				<name>Small Car</name>
			</possibleresult>
			<points>
				<point>454.000000,743.000000</point>
				<point>431.000000,743.000000</point>
				<point>431.000000,736.000000</point>
				<point>454.000000,736.000000</point>
				<point>454.000000,743.000000</point>
			</points>
		</object>
		<object>
			<coordinate>pixel</coordinate>
			<type>rectangle</type>
			<description>None</description>
			<possibleresult>
				<name>Small Car</name>
			</possibleresult>
			<points>
				<point>455.000000,735.000000</point>
				<point>431.000000,735.000000</point>
				<point>431.000000,726.000000</point>
				<point>455.000000,726.000000</point>
				<point>455.000000,735.000000</point>
			</points>
		</object>
		<object>
			<coordinate>pixel</coordinate>
			<type>rectangle</type>
			<description>None</description>
			<possibleresult>
				<name>Van</name>
			</possibleresult>
			<points>
				<point>511.000000,716.000000</point>
				<point>488.000000,716.000000</point>
				<point>488.000000,707.000000</point>
				<point>511.000000,707.000000</point>
				<point>511.000000,716.000000</point>
			</points>
		</object>
		<object>
			<coordinate>pixel</coordinate>
			<type>rectangle</type>
			<description>None</description>
			<possibleresult>
				<name>Van</name>
			</possibleresult>
			<points>
				<point>507.000000,743.000000</point>
				<point>490.000000,743.000000</point>
				<point>490.000000,735.000000</point>
				<point>507.000000,735.000000</point>
				<point>507.000000,743.000000</point>
			</points>
		</object>
		<object>
			<coordinate>pixel</coordinate>
			<type>rectangle</type>
			<description>None</description>
			<possibleresult>
				<name>Van</name>
			</possibleresult>
			<points>
				<point>533.000000,735.000000</point>
				<point>509.000000,735.000000</point>
				<point>509.000000,728.000000</point>
				<point>533.000000,728.000000</point>
				<point>533.000000,735.000000</point>
			</points>
		</object>
		<object>
			<coordinate>pixel</coordinate>
			<type>rectangle</type>
			<description>None</description>
			<possibleresult>
				<name>Van</name>
			</possibleresult>
			<points>
				<point>532.000000,718.000000</point>
				<point>532.000000,725.000000</point>
				<point>508.000000,723.000000</point>
				<point>509.000000,717.000000</point>
				<point>532.000000,718.000000</point>
			</points>
		</object>
		<object>
			<coordinate>pixel</coordinate>
			<type>rectangle</type>
			<description>None</description>
			<possibleresult>
				<name>Small Car</name>
			</possibleresult>
			<points>
				<point>532.000000,742.000000</point>
				<point>510.000000,744.000000</point>
				<point>509.000000,737.000000</point>
				<point>532.000000,736.000000</point>
				<point>532.000000,742.000000</point>
			</points>
		</object>
		<object>
			<coordinate>pixel</coordinate>
			<type>rectangle</type>
			<description>None</description>
			<possibleresult>
				<name>Van</name>
			</possibleresult>
			<points>
				<point>533.000000,745.000000</point>
				<point>533.000000,753.000000</point>
				<point>506.000000,752.000000</point>
				<point>506.000000,744.000000</point>
				<point>533.000000,745.000000</point>
			</points>
		</object>
		<object>
			<coordinate>pixel</coordinate>
			<type>rectangle</type>
			<description>None</description>
			<possibleresult>
				<name>Van</name>
			</possibleresult>
			<points>
				<point>533.000000,755.000000</point>
				<point>532.000000,762.000000</point>
				<point>508.000000,761.000000</point>
				<point>508.000000,753.000000</point>
				<point>533.000000,755.000000</point>
			</points>
		</object>
		<object>
			<coordinate>pixel</coordinate>
			<type>rectangle</type>
			<description>None</description>
			<possibleresult>
				<name>Small Car</name>
			</possibleresult>
			<points>
				<point>535.000000,780.000000</point>
				<point>511.000000,780.000000</point>
				<point>511.000000,772.000000</point>
				<point>535.000000,772.000000</point>
				<point>535.000000,780.000000</point>
			</points>
		</object>
		<object>
			<coordinate>pixel</coordinate>
			<type>rectangle</type>
			<description>None</description>
			<possibleresult>
				<name>Van</name>
			</possibleresult>
			<points>
				<point>508.000000,766.000000</point>
				<point>507.000000,775.000000</point>
				<point>485.000000,774.000000</point>
				<point>486.000000,765.000000</point>
				<point>508.000000,766.000000</point>
			</points>
		</object>
		<object>
			<coordinate>pixel</coordinate>
			<type>rectangle</type>
			<description>None</description>
			<possibleresult>
				<name>Small Car</name>
			</possibleresult>
			<points>
				<point>506.000000,762.000000</point>
				<point>484.000000,763.000000</point>
				<point>484.000000,755.000000</point>
				<point>506.000000,754.000000</point>
				<point>506.000000,762.000000</point>
			</points>
		</object>
		<object>
			<coordinate>pixel</coordinate>
			<type>rectangle</type>
			<description>None</description>
			<possibleresult>
				<name>Small Car</name>
			</possibleresult>
			<points>
				<point>429.000000,791.000000</point>
				<point>407.000000,791.000000</point>
				<point>407.000000,782.000000</point>
				<point>429.000000,782.000000</point>
				<point>429.000000,791.000000</point>
			</points>
		</object>
		<object>
			<coordinate>pixel</coordinate>
			<type>rectangle</type>
			<description>None</description>
			<possibleresult>
				<name>Small Car</name>
			</possibleresult>
			<points>
				<point>455.000000,780.000000</point>
				<point>432.000000,780.000000</point>
				<point>432.000000,772.000000</point>
				<point>455.000000,772.000000</point>
				<point>455.000000,780.000000</point>
			</points>
		</object>
		<object>
			<coordinate>pixel</coordinate>
			<type>rectangle</type>
			<description>None</description>
			<possibleresult>
				<name>Small Car</name>
			</possibleresult>
			<points>
				<point>456.000000,789.000000</point>
				<point>432.000000,790.000000</point>
				<point>431.000000,782.000000</point>
				<point>455.000000,781.000000</point>
				<point>456.000000,789.000000</point>
			</points>
		</object>
		<object>
			<coordinate>pixel</coordinate>
			<type>rectangle</type>
			<description>None</description>
			<possibleresult>
				<name>Van</name>
			</possibleresult>
			<points>
				<point>453.000000,813.000000</point>
				<point>453.000000,820.000000</point>
				<point>429.000000,818.000000</point>
				<point>430.000000,812.000000</point>
				<point>453.000000,813.000000</point>
			</points>
		</object>
		<object>
			<coordinate>pixel</coordinate>
			<type>rectangle</type>
			<description>None</description>
			<possibleresult>
				<name>Small Car</name>
			</possibleresult>
			<points>
				<point>456.000000,800.000000</point>
				<point>433.000000,800.000000</point>
				<point>433.000000,792.000000</point>
				<point>456.000000,792.000000</point>
				<point>456.000000,800.000000</point>
			</points>
		</object>
		<object>
			<coordinate>pixel</coordinate>
			<type>rectangle</type>
			<description>None</description>
			<possibleresult>
				<name>Small Car</name>
			</possibleresult>
			<points>
				<point>458.000000,809.000000</point>
				<point>435.000000,809.000000</point>
				<point>435.000000,803.000000</point>
				<point>458.000000,803.000000</point>
				<point>458.000000,809.000000</point>
			</points>
		</object>
		<object>
			<coordinate>pixel</coordinate>
			<type>rectangle</type>
			<description>None</description>
			<possibleresult>
				<name>Van</name>
			</possibleresult>
			<points>
				<point>458.000000,831.000000</point>
				<point>432.000000,831.000000</point>
				<point>432.000000,821.000000</point>
				<point>458.000000,821.000000</point>
				<point>458.000000,831.000000</point>
			</points>
		</object>
		<object>
			<coordinate>pixel</coordinate>
			<type>rectangle</type>
			<description>None</description>
			<possibleresult>
				<name>Small Car</name>
			</possibleresult>
			<points>
				<point>432.000000,810.000000</point>
				<point>408.000000,810.000000</point>
				<point>408.000000,802.000000</point>
				<point>432.000000,802.000000</point>
				<point>432.000000,810.000000</point>
			</points>
		</object>
		<object>
			<coordinate>pixel</coordinate>
			<type>rectangle</type>
			<description>None</description>
			<possibleresult>
				<name>Small Car</name>
			</possibleresult>
			<points>
				<point>289.000000,741.000000</point>
				<point>288.000000,751.000000</point>
				<point>265.000000,748.000000</point>
				<point>266.000000,738.000000</point>
				<point>289.000000,741.000000</point>
			</points>
		</object>
		<object>
			<coordinate>pixel</coordinate>
			<type>rectangle</type>
			<description>None</description>
			<possibleresult>
				<name>Dump Truck</name>
			</possibleresult>
			<points>
				<point>297.000000,729.000000</point>
				<point>295.000000,738.000000</point>
				<point>270.000000,733.000000</point>
				<point>271.000000,723.000000</point>
				<point>297.000000,729.000000</point>
			</points>
		</object>
		<object>
			<coordinate>pixel</coordinate>
			<type>rectangle</type>
			<description>None</description>
			<possibleresult>
				<name>Small Car</name>
			</possibleresult>
			<points>
				<point>218.000000,783.000000</point>
				<point>217.000000,790.000000</point>
				<point>193.000000,788.000000</point>
				<point>193.000000,782.000000</point>
				<point>218.000000,783.000000</point>
			</points>
		</object>
		<object>
			<coordinate>pixel</coordinate>
			<type>rectangle</type>
			<description>None</description>
			<possibleresult>
				<name>Dump Truck</name>
			</possibleresult>
			<points>
				<point>220.000000,801.000000</point>
				<point>197.000000,802.000000</point>
				<point>197.000000,794.000000</point>
				<point>219.000000,792.000000</point>
				<point>220.000000,801.000000</point>
			</points>
		</object>
		<object>
			<coordinate>pixel</coordinate>
			<type>rectangle</type>
			<description>None</description>
			<possibleresult>
				<name>Small Car</name>
			</possibleresult>
			<points>
				<point>269.000000,833.000000</point>
				<point>269.000000,841.000000</point>
				<point>246.000000,839.000000</point>
				<point>247.000000,832.000000</point>
				<point>269.000000,833.000000</point>
			</points>
		</object>
		<object>
			<coordinate>pixel</coordinate>
			<type>rectangle</type>
			<description>None</description>
			<possibleresult>
				<name>Small Car</name>
			</possibleresult>
			<points>
				<point>376.000000,820.000000</point>
				<point>352.000000,820.000000</point>
				<point>352.000000,811.000000</point>
				<point>376.000000,811.000000</point>
				<point>376.000000,820.000000</point>
			</points>
		</object>
		<object>
			<coordinate>pixel</coordinate>
			<type>rectangle</type>
			<description>None</description>
			<possibleresult>
				<name>Small Car</name>
			</possibleresult>
			<points>
				<point>373.000000,808.000000</point>
				<point>348.000000,810.000000</point>
				<point>348.000000,802.000000</point>
				<point>372.000000,801.000000</point>
				<point>373.000000,808.000000</point>
			</points>
		</object>
		<object>
			<coordinate>pixel</coordinate>
			<type>rectangle</type>
			<description>None</description>
			<possibleresult>
				<name>Small Car</name>
			</possibleresult>
			<points>
				<point>373.000000,800.000000</point>
				<point>351.000000,800.000000</point>
				<point>351.000000,792.000000</point>
				<point>373.000000,792.000000</point>
				<point>373.000000,800.000000</point>
			</points>
		</object>
		<object>
			<coordinate>pixel</coordinate>
			<type>rectangle</type>
			<description>None</description>
			<possibleresult>
				<name>Van</name>
			</possibleresult>
			<points>
				<point>346.000000,835.000000</point>
				<point>346.000000,842.000000</point>
				<point>325.000000,840.000000</point>
				<point>326.000000,834.000000</point>
				<point>346.000000,835.000000</point>
			</points>
		</object>
		<object>
			<coordinate>pixel</coordinate>
			<type>rectangle</type>
			<description>None</description>
			<possibleresult>
				<name>Small Car</name>
			</possibleresult>
			<points>
				<point>375.000000,839.000000</point>
				<point>351.000000,841.000000</point>
				<point>350.000000,833.000000</point>
				<point>375.000000,832.000000</point>
				<point>375.000000,839.000000</point>
			</points>
		</object>
		<object>
			<coordinate>pixel</coordinate>
			<type>rectangle</type>
			<description>None</description>
			<possibleresult>
				<name>Small Car</name>
			</possibleresult>
			<points>
				<point>352.000000,829.000000</point>
				<point>329.000000,831.000000</point>
				<point>329.000000,823.000000</point>
				<point>352.000000,821.000000</point>
				<point>352.000000,829.000000</point>
			</points>
		</object>
		<object>
			<coordinate>pixel</coordinate>
			<type>rectangle</type>
			<description>None</description>
			<possibleresult>
				<name>Small Car</name>
			</possibleresult>
			<points>
				<point>350.000000,820.000000</point>
				<point>328.000000,820.000000</point>
				<point>328.000000,812.000000</point>
				<point>350.000000,812.000000</point>
				<point>350.000000,820.000000</point>
			</points>
		</object>
		<object>
			<coordinate>pixel</coordinate>
			<type>rectangle</type>
			<description>None</description>
			<possibleresult>
				<name>Small Car</name>
			</possibleresult>
			<points>
				<point>296.000000,840.000000</point>
				<point>272.000000,840.000000</point>
				<point>272.000000,831.000000</point>
				<point>296.000000,831.000000</point>
				<point>296.000000,840.000000</point>
			</points>
		</object>
		<object>
			<coordinate>pixel</coordinate>
			<type>rectangle</type>
			<description>None</description>
			<possibleresult>
				<name>Small Car</name>
			</possibleresult>
			<points>
				<point>57.000000,990.000000</point>
				<point>57.000000,996.000000</point>
				<point>34.000000,995.000000</point>
				<point>35.000000,988.000000</point>
				<point>57.000000,990.000000</point>
			</points>
		</object>
		<object>
			<coordinate>pixel</coordinate>
			<type>rectangle</type>
			<description>None</description>
			<possibleresult>
				<name>Small Car</name>
			</possibleresult>
			<points>
				<point>170.000000,984.000000</point>
				<point>169.000000,1000.000000</point>
				<point>159.000000,1000.000000</point>
				<point>160.000000,983.000000</point>
				<point>170.000000,984.000000</point>
			</points>
		</object>
		<object>
			<coordinate>pixel</coordinate>
			<type>rectangle</type>
			<description>None</description>
			<possibleresult>
				<name>Van</name>
			</possibleresult>
			<points>
				<point>733.000000,57.000000</point>
				<point>728.000000,76.000000</point>
				<point>718.000000,73.000000</point>
				<point>723.000000,54.000000</point>
				<point>733.000000,57.000000</point>
			</points>
		</object>
		<object>
			<coordinate>pixel</coordinate>
			<type>rectangle</type>
			<description>None</description>
			<possibleresult>
				<name>Small Car</name>
			</possibleresult>
			<points>
				<point>785.000000,12.000000</point>
				<point>779.000000,28.000000</point>
				<point>769.000000,24.000000</point>
				<point>776.000000,9.000000</point>
				<point>785.000000,12.000000</point>
			</points>
		</object>
		<object>
			<coordinate>pixel</coordinate>
			<type>rectangle</type>
			<description>None</description>
			<possibleresult>
				<name>Small Car</name>
			</possibleresult>
			<points>
				<point>776.000000,34.000000</point>
				<point>770.000000,49.000000</point>
				<point>761.000000,46.000000</point>
				<point>767.000000,31.000000</point>
				<point>776.000000,34.000000</point>
			</points>
		</object>
		<object>
			<coordinate>pixel</coordinate>
			<type>rectangle</type>
			<description>None</description>
			<possibleresult>
				<name>Small Car</name>
			</possibleresult>
			<points>
				<point>768.000000,51.000000</point>
				<point>763.000000,68.000000</point>
				<point>753.000000,65.000000</point>
				<point>759.000000,49.000000</point>
				<point>768.000000,51.000000</point>
			</points>
		</object>
		<object>
			<coordinate>pixel</coordinate>
			<type>rectangle</type>
			<description>None</description>
			<possibleresult>
				<name>Van</name>
			</possibleresult>
			<points>
				<point>700.000000,140.000000</point>
				<point>693.000000,156.000000</point>
				<point>685.000000,153.000000</point>
				<point>691.000000,136.000000</point>
				<point>700.000000,140.000000</point>
			</points>
		</object>
		<object>
			<coordinate>pixel</coordinate>
			<type>rectangle</type>
			<description>None</description>
			<possibleresult>
				<name>Van</name>
			</possibleresult>
			<points>
				<point>708.000000,121.000000</point>
				<point>703.000000,139.000000</point>
				<point>692.000000,136.000000</point>
				<point>698.000000,119.000000</point>
				<point>708.000000,121.000000</point>
			</points>
		</object>
		<object>
			<coordinate>pixel</coordinate>
			<type>rectangle</type>
			<description>None</description>
			<possibleresult>
				<name>Van</name>
			</possibleresult>
			<points>
				<point>715.000000,102.000000</point>
				<point>709.000000,122.000000</point>
				<point>699.000000,119.000000</point>
				<point>705.000000,99.000000</point>
				<point>715.000000,102.000000</point>
			</points>
		</object>
		<object>
			<coordinate>pixel</coordinate>
			<type>rectangle</type>
			<description>None</description>
			<possibleresult>
				<name>Small Car</name>
			</possibleresult>
			<points>
				<point>744.000000,108.000000</point>
				<point>739.000000,123.000000</point>
				<point>731.000000,121.000000</point>
				<point>736.000000,106.000000</point>
				<point>744.000000,108.000000</point>
			</points>
		</object>
		<object>
			<coordinate>pixel</coordinate>
			<type>rectangle</type>
			<description>None</description>
			<possibleresult>
				<name>Small Car</name>
			</possibleresult>
			<points>
				<point>751.000000,92.000000</point>
				<point>747.000000,108.000000</point>
				<point>736.000000,105.000000</point>
				<point>740.000000,89.000000</point>
				<point>751.000000,92.000000</point>
			</points>
		</object>
		<object>
			<coordinate>pixel</coordinate>
			<type>rectangle</type>
			<description>None</description>
			<possibleresult>
				<name>Small Car</name>
			</possibleresult>
			<points>
				<point>759.000000,75.000000</point>
				<point>753.000000,91.000000</point>
				<point>744.000000,87.000000</point>
				<point>751.000000,72.000000</point>
				<point>759.000000,75.000000</point>
			</points>
		</object>
		<object>
			<coordinate>pixel</coordinate>
			<type>rectangle</type>
			<description>None</description>
			<possibleresult>
				<name>Small Car</name>
			</possibleresult>
			<points>
				<point>722.000000,164.000000</point>
				<point>714.000000,180.000000</point>
				<point>707.000000,177.000000</point>
				<point>714.000000,160.000000</point>
				<point>722.000000,164.000000</point>
			</points>
		</object>
		<object>
			<coordinate>pixel</coordinate>
			<type>rectangle</type>
			<description>None</description>
			<possibleresult>
				<name>Small Car</name>
			</possibleresult>
			<points>
				<point>668.000000,209.000000</point>
				<point>667.000000,217.000000</point>
				<point>645.000000,212.000000</point>
				<point>646.000000,204.000000</point>
				<point>668.000000,209.000000</point>
			</points>
		</object>
		<object>
			<coordinate>pixel</coordinate>
			<type>rectangle</type>
			<description>None</description>
			<possibleresult>
				<name>Small Car</name>
			</possibleresult>
			<points>
				<point>694.000000,214.000000</point>
				<point>693.000000,223.000000</point>
				<point>671.000000,219.000000</point>
				<point>672.000000,210.000000</point>
				<point>694.000000,214.000000</point>
			</points>
		</object>
		<object>
			<coordinate>pixel</coordinate>
			<type>rectangle</type>
			<description>None</description>
			<possibleresult>
				<name>Small Car</name>
			</possibleresult>
			<points>
				<point>642.000000,433.000000</point>
				<point>640.000000,441.000000</point>
				<point>619.000000,436.000000</point>
				<point>620.000000,427.000000</point>
				<point>642.000000,433.000000</point>
			</points>
		</object>
		<object>
			<coordinate>pixel</coordinate>
			<type>rectangle</type>
			<description>None</description>
			<possibleresult>
				<name>Van</name>
			</possibleresult>
			<points>
				<point>631.000000,403.000000</point>
				<point>629.000000,413.000000</point>
				<point>606.000000,410.000000</point>
				<point>608.000000,400.000000</point>
				<point>631.000000,403.000000</point>
			</points>
		</object>
		<object>
			<coordinate>pixel</coordinate>
			<type>rectangle</type>
			<description>None</description>
			<possibleresult>
				<name>Small Car</name>
			</possibleresult>
			<points>
				<point>707.000000,447.000000</point>
				<point>705.000000,456.000000</point>
				<point>684.000000,452.000000</point>
				<point>686.000000,443.000000</point>
				<point>707.000000,447.000000</point>
			</points>
		</object>
		<object>
			<coordinate>pixel</coordinate>
			<type>rectangle</type>
			<description>None</description>
			<possibleresult>
				<name>Small Car</name>
			</possibleresult>
			<points>
				<point>725.000000,450.000000</point>
				<point>724.000000,458.000000</point>
				<point>706.000000,456.000000</point>
				<point>707.000000,448.000000</point>
				<point>725.000000,450.000000</point>
			</points>
		</object>
		<object>
			<coordinate>pixel</coordinate>
			<type>rectangle</type>
			<description>None</description>
			<possibleresult>
				<name>Van</name>
			</possibleresult>
			<points>
				<point>758.000000,458.000000</point>
				<point>756.000000,466.000000</point>
				<point>734.000000,462.000000</point>
				<point>736.000000,454.000000</point>
				<point>758.000000,458.000000</point>
			</points>
		</object>
		<object>
			<coordinate>pixel</coordinate>
			<type>rectangle</type>
			<description>None</description>
			<possibleresult>
				<name>Small Car</name>
			</possibleresult>
			<points>
				<point>788.000000,465.000000</point>
				<point>786.000000,473.000000</point>
				<point>763.000000,466.000000</point>
				<point>765.000000,458.000000</point>
				<point>788.000000,465.000000</point>
			</points>
		</object>
		<object>
			<coordinate>pixel</coordinate>
			<type>rectangle</type>
			<description>None</description>
			<possibleresult>
				<name>Van</name>
			</possibleresult>
			<points>
				<point>815.000000,469.000000</point>
				<point>814.000000,478.000000</point>
				<point>787.000000,474.000000</point>
				<point>788.000000,466.000000</point>
				<point>815.000000,469.000000</point>
			</points>
		</object>
		<object>
			<coordinate>pixel</coordinate>
			<type>rectangle</type>
			<description>None</description>
			<possibleresult>
				<name>Dump Truck</name>
			</possibleresult>
			<points>
				<point>881.000000,462.000000</point>
				<point>880.000000,469.000000</point>
				<point>858.000000,465.000000</point>
				<point>859.000000,458.000000</point>
				<point>881.000000,462.000000</point>
			</points>
		</object>
		<object>
			<coordinate>pixel</coordinate>
			<type>rectangle</type>
			<description>None</description>
			<possibleresult>
				<name>Small Car</name>
			</possibleresult>
			<points>
				<point>987.000000,205.000000</point>
				<point>982.000000,224.000000</point>
				<point>973.000000,221.000000</point>
				<point>977.000000,203.000000</point>
				<point>987.000000,205.000000</point>
			</points>
		</object>
		<object>
			<coordinate>pixel</coordinate>
			<type>rectangle</type>
			<description>None</description>
			<possibleresult>
				<name>Small Car</name>
			</possibleresult>
			<points>
				<point>859.000000,257.000000</point>
				<point>857.000000,264.000000</point>
				<point>836.000000,257.000000</point>
				<point>839.000000,251.000000</point>
				<point>859.000000,257.000000</point>
			</points>
		</object>
		<object>
			<coordinate>pixel</coordinate>
			<type>rectangle</type>
			<description>None</description>
			<possibleresult>
				<name>Small Car</name>
			</possibleresult>
			<points>
				<point>893.000000,262.000000</point>
				<point>892.000000,270.000000</point>
				<point>867.000000,268.000000</point>
				<point>868.000000,260.000000</point>
				<point>893.000000,262.000000</point>
			</points>
		</object>
		<object>
			<coordinate>pixel</coordinate>
			<type>rectangle</type>
			<description>None</description>
			<possibleresult>
				<name>Small Car</name>
			</possibleresult>
			<points>
				<point>948.000000,351.000000</point>
				<point>945.000000,366.000000</point>
				<point>936.000000,365.000000</point>
				<point>938.000000,349.000000</point>
				<point>948.000000,351.000000</point>
			</points>
		</object>
		<object>
			<coordinate>pixel</coordinate>
			<type>rectangle</type>
			<description>None</description>
			<possibleresult>
				<name>Small Car</name>
			</possibleresult>
			<points>
				<point>955.000000,330.000000</point>
				<point>950.000000,347.000000</point>
				<point>942.000000,345.000000</point>
				<point>946.000000,327.000000</point>
				<point>955.000000,330.000000</point>
			</points>
		</object>
		<object>
			<coordinate>pixel</coordinate>
			<type>rectangle</type>
			<description>None</description>
			<possibleresult>
				<name>Van</name>
			</possibleresult>
			<points>
				<point>972.000000,378.000000</point>
				<point>969.000000,395.000000</point>
				<point>959.000000,393.000000</point>
				<point>963.000000,377.000000</point>
				<point>972.000000,378.000000</point>
			</points>
		</object>
		<object>
			<coordinate>pixel</coordinate>
			<type>rectangle</type>
			<description>None</description>
			<possibleresult>
				<name>Small Car</name>
			</possibleresult>
			<points>
				<point>934.000000,398.000000</point>
				<point>930.000000,415.000000</point>
				<point>922.000000,413.000000</point>
				<point>926.000000,396.000000</point>
				<point>934.000000,398.000000</point>
			</points>
		</object>
		<object>
			<coordinate>pixel</coordinate>
			<type>rectangle</type>
			<description>None</description>
			<possibleresult>
				<name>Small Car</name>
			</possibleresult>
			<points>
				<point>925.000000,426.000000</point>
				<point>920.000000,444.000000</point>
				<point>909.000000,441.000000</point>
				<point>915.000000,424.000000</point>
				<point>925.000000,426.000000</point>
			</points>
		</object>
		<object>
			<coordinate>pixel</coordinate>
			<type>rectangle</type>
			<description>None</description>
			<possibleresult>
				<name>Small Car</name>
			</possibleresult>
			<points>
				<point>899.000000,512.000000</point>
				<point>893.000000,530.000000</point>
				<point>883.000000,527.000000</point>
				<point>888.000000,510.000000</point>
				<point>899.000000,512.000000</point>
			</points>
		</object>
		<object>
			<coordinate>pixel</coordinate>
			<type>rectangle</type>
			<description>None</description>
			<possibleresult>
				<name>Van</name>
			</possibleresult>
			<points>
				<point>911.000000,519.000000</point>
				<point>906.000000,533.000000</point>
				<point>896.000000,530.000000</point>
				<point>901.000000,516.000000</point>
				<point>911.000000,519.000000</point>
			</points>
		</object>
		<object>
			<coordinate>pixel</coordinate>
			<type>rectangle</type>
			<description>None</description>
			<possibleresult>
				<name>Van</name>
			</possibleresult>
			<points>
				<point>873.000000,610.000000</point>
				<point>862.000000,622.000000</point>
				<point>856.000000,617.000000</point>
				<point>866.000000,604.000000</point>
				<point>873.000000,610.000000</point>
			</points>
		</object>
		<object>
			<coordinate>pixel</coordinate>
			<type>rectangle</type>
			<description>None</description>
			<possibleresult>
				<name>Small Car</name>
			</possibleresult>
			<points>
				<point>939.000000,741.000000</point>
				<point>937.000000,750.000000</point>
				<point>913.000000,745.000000</point>
				<point>914.000000,735.000000</point>
				<point>939.000000,741.000000</point>
			</points>
		</object>
		<object>
			<coordinate>pixel</coordinate>
			<type>rectangle</type>
			<description>None</description>
			<possibleresult>
				<name>Small Car</name>
			</possibleresult>
			<points>
				<point>960.000000,748.000000</point>
				<point>958.000000,756.000000</point>
				<point>938.000000,750.000000</point>
				<point>941.000000,743.000000</point>
				<point>960.000000,748.000000</point>
			</points>
		</object>
		<object>
			<coordinate>pixel</coordinate>
			<type>rectangle</type>
			<description>None</description>
			<possibleresult>
				<name>Van</name>
			</possibleresult>
			<points>
				<point>903.000000,732.000000</point>
				<point>902.000000,741.000000</point>
				<point>880.000000,736.000000</point>
				<point>882.000000,728.000000</point>
				<point>903.000000,732.000000</point>
			</points>
		</object>
		<object>
			<coordinate>pixel</coordinate>
			<type>rectangle</type>
			<description>None</description>
			<possibleresult>
				<name>Van</name>
			</possibleresult>
			<points>
				<point>822.000000,805.000000</point>
				<point>819.000000,813.000000</point>
				<point>801.000000,805.000000</point>
				<point>805.000000,798.000000</point>
				<point>822.000000,805.000000</point>
			</points>
		</object>
		<object>
			<coordinate>pixel</coordinate>
			<type>rectangle</type>
			<description>None</description>
			<possibleresult>
				<name>Small Car</name>
			</possibleresult>
			<points>
				<point>831.000000,798.000000</point>
				<point>828.000000,806.000000</point>
				<point>808.000000,797.000000</point>
				<point>812.000000,790.000000</point>
				<point>831.000000,798.000000</point>
			</points>
		</object>
		<object>
			<coordinate>pixel</coordinate>
			<type>rectangle</type>
			<description>None</description>
			<possibleresult>
				<name>Small Car</name>
			</possibleresult>
			<points>
				<point>838.000000,791.000000</point>
				<point>834.000000,799.000000</point>
				<point>814.000000,789.000000</point>
				<point>818.000000,781.000000</point>
				<point>838.000000,791.000000</point>
			</points>
		</object>
		<object>
			<coordinate>pixel</coordinate>
			<type>rectangle</type>
			<description>None</description>
			<possibleresult>
				<name>Small Car</name>
			</possibleresult>
			<points>
				<point>845.000000,783.000000</point>
				<point>843.000000,790.000000</point>
				<point>824.000000,783.000000</point>
				<point>827.000000,775.000000</point>
				<point>845.000000,783.000000</point>
			</points>
		</object>
		<object>
			<coordinate>pixel</coordinate>
			<type>rectangle</type>
			<description>None</description>
			<possibleresult>
				<name>Small Car</name>
			</possibleresult>
			<points>
				<point>879.000000,830.000000</point>
				<point>874.000000,836.000000</point>
				<point>858.000000,825.000000</point>
				<point>863.000000,819.000000</point>
				<point>879.000000,830.000000</point>
			</points>
		</object>
		<object>
			<coordinate>pixel</coordinate>
			<type>rectangle</type>
			<description>None</description>
			<possibleresult>
				<name>Small Car</name>
			</possibleresult>
			<points>
				<point>853.000000,846.000000</point>
				<point>849.000000,854.000000</point>
				<point>832.000000,844.000000</point>
				<point>837.000000,837.000000</point>
				<point>853.000000,846.000000</point>
			</points>
		</object>
		<object>
			<coordinate>pixel</coordinate>
			<type>rectangle</type>
			<description>None</description>
			<possibleresult>
				<name>Small Car</name>
			</possibleresult>
			<points>
				<point>867.000000,838.000000</point>
				<point>862.000000,844.000000</point>
				<point>844.000000,832.000000</point>
				<point>849.000000,826.000000</point>
				<point>867.000000,838.000000</point>
			</points>
		</object>
		<object>
			<coordinate>pixel</coordinate>
			<type>rectangle</type>
			<description>None</description>
			<possibleresult>
				<name>Dump Truck</name>
			</possibleresult>
			<points>
				<point>848.000000,856.000000</point>
				<point>844.000000,863.000000</point>
				<point>824.000000,851.000000</point>
				<point>828.000000,844.000000</point>
				<point>848.000000,856.000000</point>
			</points>
		</object>
		<object>
			<coordinate>pixel</coordinate>
			<type>rectangle</type>
			<description>None</description>
			<possibleresult>
				<name>Van</name>
			</possibleresult>
			<points>
				<point>832.000000,869.000000</point>
				<point>826.000000,876.000000</point>
				<point>808.000000,863.000000</point>
				<point>814.000000,856.000000</point>
				<point>832.000000,869.000000</point>
			</points>
		</object>
		<object>
			<coordinate>pixel</coordinate>
			<type>rectangle</type>
			<description>None</description>
			<possibleresult>
				<name>Small Car</name>
			</possibleresult>
			<points>
				<point>759.000000,951.000000</point>
				<point>749.000000,951.000000</point>
				<point>749.000000,934.000000</point>
				<point>759.000000,934.000000</point>
				<point>759.000000,951.000000</point>
			</points>
		</object>
		<object>
			<coordinate>pixel</coordinate>
			<type>rectangle</type>
			<description>None</description>
			<possibleresult>
				<name>Van</name>
			</possibleresult>
			<points>
				<point>841.000000,1000.000000</point>
				<point>841.000000,1000.000000</point>
				<point>841.000000,1000.000000</point>
				<point>841.000000,1000.000000</point>
				<point>841.000000,1000.000000</point>
			</points>
		</object>
		<object>
			<coordinate>pixel</coordinate>
			<type>rectangle</type>
			<description>None</description>
			<possibleresult>
				<name>Small Car</name>
			</possibleresult>
			<points>
				<point>813.000000,980.000000</point>
				<point>797.000000,993.000000</point>
				<point>791.000000,986.000000</point>
				<point>807.000000,973.000000</point>
				<point>813.000000,980.000000</point>
			</points>
		</object>
		<object>
			<coordinate>pixel</coordinate>
			<type>rectangle</type>
			<description>None</description>
			<possibleresult>
				<name>Van</name>
			</possibleresult>
			<points>
				<point>427.000000,831.000000</point>
				<point>407.000000,831.000000</point>
				<point>407.000000,824.000000</point>
				<point>427.000000,824.000000</point>
				<point>427.000000,831.000000</point>
			</points>
		</object>
		<object>
			<coordinate>pixel</coordinate>
			<type>rectangle</type>
			<description>None</description>
			<possibleresult>
				<name>Van</name>
			</possibleresult>
			<points>
				<point>612.000000,810.000000</point>
				<point>610.000000,817.000000</point>
				<point>591.000000,813.000000</point>
				<point>593.000000,806.000000</point>
				<point>612.000000,810.000000</point>
			</points>
		</object>
		<object>
			<coordinate>pixel</coordinate>
			<type>rectangle</type>
			<description>None</description>
			<possibleresult>
				<name>Van</name>
			</possibleresult>
			<points>
				<point>334.000000,226.000000</point>
				<point>322.000000,226.000000</point>
				<point>321.000000,209.000000</point>
				<point>333.000000,209.000000</point>
				<point>334.000000,226.000000</point>
			</points>
		</object>
	</objects>
</annotation>