<?xml version="1.0" encoding="utf-8"?>
<annotation>
	<source>
		<filename>697.tif</filename>
		<origin>GF2/GF3</origin>
	</source>
	<research>
		<version>1.0</version>
		<provider>FAIR1M</provider>
		<author>Cyber</author>
		<pluginname>FAIR1M</pluginname>
		<pluginclass>object detection</pluginclass>
		<time>2021-07-21</time>
	</research>
	<size>
		<width>1500</width>
		<height>1500</height>
		<depth>3</depth>
	</size>
	<objects>
		<object>
			<coordinate>pixel</coordinate>
			<type>rectangle</type>
			<description>None</description>
			<possibleresult>
				<name>Motorboat</name>
			</possibleresult>
			<points>
				<point>1451.000000,679.000000</point>
				<point>1461.000000,658.000000</point>
				<point>1451.000000,654.000000</point>
				<point>1442.000000,674.000000</point>
				<point>1451.000000,679.000000</point>
			</points>
		</object>
		<object>
			<coordinate>pixel</coordinate>
			<type>rectangle</type>
			<description>None</description>
			<possibleresult>
				<name>Motorboat</name>
			</possibleresult>
			<points>
				<point>57.000000,843.000000</point>
				<point>19.000000,854.000000</point>
				<point>23.000000,866.000000</point>
				<point>61.000000,856.000000</point>
				<point>57.000000,843.000000</point>
			</points>
		</object>
		<object>
			<coordinate>pixel</coordinate>
			<type>rectangle</type>
			<description>None</description>
			<possibleresult>
				<name>Motorboat</name>
			</possibleresult>
			<points>
				<point>280.000000,790.000000</point>
				<point>315.000000,779.000000</point>
				<point>313.000000,765.000000</point>
				<point>276.000000,775.000000</point>
				<point>280.000000,790.000000</point>
			</points>
		</object>
		<object>
			<coordinate>pixel</coordinate>
			<type>rectangle</type>
			<description>None</description>
			<possibleresult>
				<name>Motorboat</name>
			</possibleresult>
			<points>
				<point>321.000000,775.000000</point>
				<point>353.000000,765.000000</point>
				<point>350.000000,754.000000</point>
				<point>317.000000,763.000000</point>
				<point>321.000000,775.000000</point>
			</points>
		</object>
		<object>
			<coordinate>pixel</coordinate>
			<type>rectangle</type>
			<description>None</description>
			<possibleresult>
				<name>Motorboat</name>
			</possibleresult>
			<points>
				<point>355.000000,768.000000</point>
				<point>392.000000,759.000000</point>
				<point>388.000000,747.000000</point>
				<point>351.000000,754.000000</point>
				<point>355.000000,768.000000</point>
			</points>
		</object>
		<object>
			<coordinate>pixel</coordinate>
			<type>rectangle</type>
			<description>None</description>
			<possibleresult>
				<name>Motorboat</name>
			</possibleresult>
			<points>
				<point>392.000000,759.000000</point>
				<point>430.000000,750.000000</point>
				<point>428.000000,738.000000</point>
				<point>390.000000,747.000000</point>
				<point>392.000000,759.000000</point>
			</points>
		</object>
		<object>
			<coordinate>pixel</coordinate>
			<type>rectangle</type>
			<description>None</description>
			<possibleresult>
				<name>Motorboat</name>
			</possibleresult>
			<points>
				<point>303.000000,756.000000</point>
				<point>346.000000,743.000000</point>
				<point>342.000000,731.000000</point>
				<point>298.000000,745.000000</point>
				<point>303.000000,756.000000</point>
			</points>
		</object>
		<object>
			<coordinate>pixel</coordinate>
			<type>rectangle</type>
			<description>None</description>
			<possibleresult>
				<name>Motorboat</name>
			</possibleresult>
			<points>
				<point>469.000000,741.000000</point>
				<point>505.000000,736.000000</point>
				<point>503.000000,724.000000</point>
				<point>467.000000,729.000000</point>
				<point>469.000000,741.000000</point>
			</points>
		</object>
		<object>
			<coordinate>pixel</coordinate>
			<type>rectangle</type>
			<description>None</description>
			<possibleresult>
				<name>Motorboat</name>
			</possibleresult>
			<points>
				<point>496.000000,697.000000</point>
				<point>463.000000,702.000000</point>
				<point>465.000000,715.000000</point>
				<point>498.000000,711.000000</point>
				<point>496.000000,697.000000</point>
			</points>
		</object>
		<object>
			<coordinate>pixel</coordinate>
			<type>rectangle</type>
			<description>None</description>
			<possibleresult>
				<name>Motorboat</name>
			</possibleresult>
			<points>
				<point>750.000000,743.000000</point>
				<point>788.000000,740.000000</point>
				<point>787.000000,727.000000</point>
				<point>748.000000,730.000000</point>
				<point>750.000000,743.000000</point>
			</points>
		</object>
		<object>
			<coordinate>pixel</coordinate>
			<type>rectangle</type>
			<description>None</description>
			<possibleresult>
				<name>Passenger Ship</name>
			</possibleresult>
			<points>
				<point>701.000000,718.000000</point>
				<point>778.000000,706.000000</point>
				<point>775.000000,686.000000</point>
				<point>698.000000,697.000000</point>
				<point>701.000000,718.000000</point>
			</points>
		</object>
		<object>
			<coordinate>pixel</coordinate>
			<type>rectangle</type>
			<description>None</description>
			<possibleresult>
				<name>Passenger Ship</name>
			</possibleresult>
			<points>
				<point>850.000000,672.000000</point>
				<point>778.000000,684.000000</point>
				<point>780.000000,702.000000</point>
				<point>853.000000,693.000000</point>
				<point>850.000000,672.000000</point>
			</points>
		</object>
		<object>
			<coordinate>pixel</coordinate>
			<type>rectangle</type>
			<description>None</description>
			<possibleresult>
				<name>Passenger Ship</name>
			</possibleresult>
			<points>
				<point>1092.000000,691.000000</point>
				<point>1134.000000,695.000000</point>
				<point>1136.000000,683.000000</point>
				<point>1094.000000,679.000000</point>
				<point>1092.000000,691.000000</point>
			</points>
		</object>
		<object>
			<coordinate>pixel</coordinate>
			<type>rectangle</type>
			<description>None</description>
			<possibleresult>
				<name>Passenger Ship</name>
			</possibleresult>
			<points>
				<point>1226.000000,706.000000</point>
				<point>1296.000000,713.000000</point>
				<point>1296.000000,693.000000</point>
				<point>1226.000000,688.000000</point>
				<point>1226.000000,706.000000</point>
			</points>
		</object>
		<object>
			<coordinate>pixel</coordinate>
			<type>rectangle</type>
			<description>None</description>
			<possibleresult>
				<name>Passenger Ship</name>
			</possibleresult>
			<points>
				<point>1303.000000,711.000000</point>
				<point>1369.000000,718.000000</point>
				<point>1371.000000,700.000000</point>
				<point>1305.000000,693.000000</point>
				<point>1303.000000,711.000000</point>
			</points>
		</object>
		<object>
			<coordinate>pixel</coordinate>
			<type>rectangle</type>
			<description>None</description>
			<possibleresult>
				<name>Motorboat</name>
			</possibleresult>
			<points>
				<point>1269.000000,890.000000</point>
				<point>1230.000000,890.000000</point>
				<point>1230.000000,902.000000</point>
				<point>1269.000000,904.000000</point>
				<point>1269.000000,890.000000</point>
			</points>
		</object>
		<object>
			<coordinate>pixel</coordinate>
			<type>rectangle</type>
			<description>None</description>
			<possibleresult>
				<name>Motorboat</name>
			</possibleresult>
			<points>
				<point>982.000000,647.000000</point>
				<point>1005.000000,647.000000</point>
				<point>1005.000000,640.000000</point>
				<point>982.000000,640.000000</point>
				<point>982.000000,647.000000</point>
			</points>
		</object>
		<object>
			<coordinate>pixel</coordinate>
			<type>rectangle</type>
			<description>None</description>
			<possibleresult>
				<name>Motorboat</name>
			</possibleresult>
			<points>
				<point>1042.000000,643.000000</point>
				<point>1063.000000,645.000000</point>
				<point>1065.000000,638.000000</point>
				<point>1044.000000,636.000000</point>
				<point>1042.000000,643.000000</point>
			</points>
		</object>
		<object>
			<coordinate>pixel</coordinate>
			<type>rectangle</type>
			<description>None</description>
			<possibleresult>
				<name>Motorboat</name>
			</possibleresult>
			<points>
				<point>1094.000000,647.000000</point>
				<point>1113.000000,652.000000</point>
				<point>1115.000000,645.000000</point>
				<point>1094.000000,641.000000</point>
				<point>1094.000000,647.000000</point>
			</points>
		</object>
		<object>
			<coordinate>pixel</coordinate>
			<type>rectangle</type>
			<description>None</description>
			<possibleresult>
				<name>Motorboat</name>
			</possibleresult>
			<points>
				<point>1067.000000,647.000000</point>
				<point>1088.000000,649.000000</point>
				<point>1088.000000,643.000000</point>
				<point>1067.000000,640.000000</point>
				<point>1067.000000,647.000000</point>
			</points>
		</object>
		<object>
			<coordinate>pixel</coordinate>
			<type>rectangle</type>
			<description>None</description>
			<possibleresult>
				<name>Motorboat</name>
			</possibleresult>
			<points>
				<point>1009.000000,649.000000</point>
				<point>1032.000000,649.000000</point>
				<point>1032.000000,640.000000</point>
				<point>1009.000000,640.000000</point>
				<point>1009.000000,649.000000</point>
			</points>
		</object>
		<object>
			<coordinate>pixel</coordinate>
			<type>rectangle</type>
			<description>None</description>
			<possibleresult>
				<name>Motorboat</name>
			</possibleresult>
			<points>
				<point>1275.000000,668.000000</point>
				<point>1294.000000,668.000000</point>
				<point>1294.000000,661.000000</point>
				<point>1275.000000,661.000000</point>
				<point>1275.000000,668.000000</point>
			</points>
		</object>
		<object>
			<coordinate>pixel</coordinate>
			<type>rectangle</type>
			<description>None</description>
			<possibleresult>
				<name>Motorboat</name>
			</possibleresult>
			<points>
				<point>1298.000000,668.000000</point>
				<point>1321.000000,668.000000</point>
				<point>1321.000000,661.000000</point>
				<point>1298.000000,661.000000</point>
				<point>1298.000000,668.000000</point>
			</points>
		</object>
		<object>
			<coordinate>pixel</coordinate>
			<type>rectangle</type>
			<description>None</description>
			<possibleresult>
				<name>Liquid Cargo Ship</name>
			</possibleresult>
			<points>
				<point>107.000000,1163.000000</point>
				<point>432.000000,1070.000000</point>
				<point>419.000000,1018.000000</point>
				<point>92.000000,1111.000000</point>
				<point>107.000000,1163.000000</point>
			</points>
		</object>
		<object>
			<coordinate>pixel</coordinate>
			<type>rectangle</type>
			<description>None</description>
			<possibleresult>
				<name>Passenger Ship</name>
			</possibleresult>
			<points>
				<point>757.000000,968.000000</point>
				<point>501.000000,995.000000</point>
				<point>505.000000,1034.000000</point>
				<point>761.000000,1006.000000</point>
				<point>757.000000,968.000000</point>
			</points>
		</object>
		<object>
			<coordinate>pixel</coordinate>
			<type>rectangle</type>
			<description>None</description>
			<possibleresult>
				<name>other-ship</name>
			</possibleresult>
			<points>
				<point>732.000000,1324.000000</point>
				<point>863.000000,1193.000000</point>
				<point>842.000000,1174.000000</point>
				<point>711.000000,1304.000000</point>
				<point>732.000000,1324.000000</point>
			</points>
		</object>
		<object>
			<coordinate>pixel</coordinate>
			<type>rectangle</type>
			<description>None</description>
			<possibleresult>
				<name>other-ship</name>
			</possibleresult>
			<points>
				<point>980.000000,1038.000000</point>
				<point>851.000000,1170.000000</point>
				<point>871.000000,1190.000000</point>
				<point>1000.000000,1056.000000</point>
				<point>980.000000,1038.000000</point>
			</points>
		</object>
		<object>
			<coordinate>pixel</coordinate>
			<type>rectangle</type>
			<description>None</description>
			<possibleresult>
				<name>other-ship</name>
			</possibleresult>
			<points>
				<point>90.000000,1488.000000</point>
				<point>215.000000,1500.000000</point>
				<point>217.000000,1475.000000</point>
				<point>94.000000,1461.000000</point>
				<point>90.000000,1488.000000</point>
			</points>
		</object>
		<object>
			<coordinate>pixel</coordinate>
			<type>rectangle</type>
			<description>None</description>
			<possibleresult>
				<name>Motorboat</name>
			</possibleresult>
			<points>
				<point>317.000000,1436.000000</point>
				<point>328.000000,1413.000000</point>
				<point>321.000000,1409.000000</point>
				<point>309.000000,1433.000000</point>
				<point>317.000000,1436.000000</point>
			</points>
		</object>
		<object>
			<coordinate>pixel</coordinate>
			<type>rectangle</type>
			<description>None</description>
			<possibleresult>
				<name>Intersection</name>
			</possibleresult>
			<points>
				<point>790.000000,146.000000</point>
				<point>780.000000,84.000000</point>
				<point>814.000000,79.000000</point>
				<point>824.000000,141.000000</point>
				<point>790.000000,146.000000</point>
			</points>
		</object>
	</objects>
</annotation>