<?xml version="1.0" encoding="utf-8"?>
<annotation>
	<source>
		<filename>699.tif</filename>
		<origin>GF2/GF3</origin>
	</source>
	<research>
		<version>1.0</version>
		<provider>FAIR1M</provider>
		<author>Cyber</author>
		<pluginname>FAIR1M</pluginname>
		<pluginclass>object detection</pluginclass>
		<time>2021-07-21</time>
	</research>
	<size>
		<width>1000</width>
		<height>1000</height>
		<depth>3</depth>
	</size>
	<objects>
		<object>
			<coordinate>pixel</coordinate>
			<type>rectangle</type>
			<description>None</description>
			<possibleresult>
				<name>Cargo Truck</name>
			</possibleresult>
			<points>
				<point>1000.000000,179.000000</point>
				<point>986.000000,185.000000</point>
				<point>971.000000,148.000000</point>
				<point>985.000000,142.000000</point>
				<point>1000.000000,179.000000</point>
			</points>
		</object>
		<object>
			<coordinate>pixel</coordinate>
			<type>rectangle</type>
			<description>None</description>
			<possibleresult>
				<name>Basketball Court</name>
			</possibleresult>
			<points>
				<point>541.000000,221.000000</point>
				<point>508.000000,270.000000</point>
				<point>416.000000,209.000000</point>
				<point>448.000000,159.000000</point>
				<point>541.000000,221.000000</point>
			</points>
		</object>
		<object>
			<coordinate>pixel</coordinate>
			<type>rectangle</type>
			<description>None</description>
			<possibleresult>
				<name>Football Field</name>
			</possibleresult>
			<points>
				<point>742.000000,688.000000</point>
				<point>593.000000,831.000000</point>
				<point>292.000000,521.000000</point>
				<point>440.000000,377.000000</point>
				<point>742.000000,688.000000</point>
			</points>
		</object>
		<object>
			<coordinate>pixel</coordinate>
			<type>rectangle</type>
			<description>None</description>
			<possibleresult>
				<name>Van</name>
			</possibleresult>
			<points>
				<point>28.000000,777.000000</point>
				<point>22.000000,782.000000</point>
				<point>10.000000,768.000000</point>
				<point>15.000000,762.000000</point>
				<point>28.000000,777.000000</point>
			</points>
		</object>
		<object>
			<coordinate>pixel</coordinate>
			<type>rectangle</type>
			<description>None</description>
			<possibleresult>
				<name>Van</name>
			</possibleresult>
			<points>
				<point>231.000000,769.000000</point>
				<point>218.000000,778.000000</point>
				<point>213.000000,772.000000</point>
				<point>226.000000,763.000000</point>
				<point>231.000000,769.000000</point>
			</points>
		</object>
		<object>
			<coordinate>pixel</coordinate>
			<type>rectangle</type>
			<description>None</description>
			<possibleresult>
				<name>Van</name>
			</possibleresult>
			<points>
				<point>554.000000,856.000000</point>
				<point>536.000000,864.000000</point>
				<point>532.000000,858.000000</point>
				<point>551.000000,849.000000</point>
				<point>554.000000,856.000000</point>
			</points>
		</object>
		<object>
			<coordinate>pixel</coordinate>
			<type>rectangle</type>
			<description>None</description>
			<possibleresult>
				<name>Van</name>
			</possibleresult>
			<points>
				<point>519.000000,942.000000</point>
				<point>512.000000,943.000000</point>
				<point>508.000000,927.000000</point>
				<point>515.000000,925.000000</point>
				<point>519.000000,942.000000</point>
			</points>
		</object>
		<object>
			<coordinate>pixel</coordinate>
			<type>rectangle</type>
			<description>None</description>
			<possibleresult>
				<name>Van</name>
			</possibleresult>
			<points>
				<point>582.000000,933.000000</point>
				<point>572.000000,936.000000</point>
				<point>565.000000,915.000000</point>
				<point>575.000000,912.000000</point>
				<point>582.000000,933.000000</point>
			</points>
		</object>
		<object>
			<coordinate>pixel</coordinate>
			<type>rectangle</type>
			<description>None</description>
			<possibleresult>
				<name>Small Car</name>
			</possibleresult>
			<points>
				<point>869.000000,651.000000</point>
				<point>862.000000,657.000000</point>
				<point>850.000000,644.000000</point>
				<point>857.000000,638.000000</point>
				<point>869.000000,651.000000</point>
			</points>
		</object>
		<object>
			<coordinate>pixel</coordinate>
			<type>rectangle</type>
			<description>None</description>
			<possibleresult>
				<name>Van</name>
			</possibleresult>
			<points>
				<point>851.000000,661.000000</point>
				<point>846.000000,668.000000</point>
				<point>830.000000,657.000000</point>
				<point>835.000000,650.000000</point>
				<point>851.000000,661.000000</point>
			</points>
		</object>
		<object>
			<coordinate>pixel</coordinate>
			<type>rectangle</type>
			<description>None</description>
			<possibleresult>
				<name>Van</name>
			</possibleresult>
			<points>
				<point>965.000000,413.000000</point>
				<point>948.000000,425.000000</point>
				<point>942.000000,417.000000</point>
				<point>960.000000,406.000000</point>
				<point>965.000000,413.000000</point>
			</points>
		</object>
		<object>
			<coordinate>pixel</coordinate>
			<type>rectangle</type>
			<description>None</description>
			<possibleresult>
				<name>Small Car</name>
			</possibleresult>
			<points>
				<point>909.000000,447.000000</point>
				<point>889.000000,458.000000</point>
				<point>885.000000,451.000000</point>
				<point>905.000000,440.000000</point>
				<point>909.000000,447.000000</point>
			</points>
		</object>
		<object>
			<coordinate>pixel</coordinate>
			<type>rectangle</type>
			<description>None</description>
			<possibleresult>
				<name>Small Car</name>
			</possibleresult>
			<points>
				<point>999.000000,478.000000</point>
				<point>989.000000,482.000000</point>
				<point>982.000000,464.000000</point>
				<point>993.000000,461.000000</point>
				<point>999.000000,478.000000</point>
			</points>
		</object>
		<object>
			<coordinate>pixel</coordinate>
			<type>rectangle</type>
			<description>None</description>
			<possibleresult>
				<name>Small Car</name>
			</possibleresult>
			<points>
				<point>986.000000,479.000000</point>
				<point>977.000000,483.000000</point>
				<point>972.000000,468.000000</point>
				<point>981.000000,464.000000</point>
				<point>986.000000,479.000000</point>
			</points>
		</object>
		<object>
			<coordinate>pixel</coordinate>
			<type>rectangle</type>
			<description>None</description>
			<possibleresult>
				<name>Small Car</name>
			</possibleresult>
			<points>
				<point>972.000000,480.000000</point>
				<point>964.000000,483.000000</point>
				<point>958.000000,468.000000</point>
				<point>967.000000,466.000000</point>
				<point>972.000000,480.000000</point>
			</points>
		</object>
		<object>
			<coordinate>pixel</coordinate>
			<type>rectangle</type>
			<description>None</description>
			<possibleresult>
				<name>Small Car</name>
			</possibleresult>
			<points>
				<point>943.000000,489.000000</point>
				<point>935.000000,493.000000</point>
				<point>927.000000,478.000000</point>
				<point>935.000000,474.000000</point>
				<point>943.000000,489.000000</point>
			</points>
		</object>
		<object>
			<coordinate>pixel</coordinate>
			<type>rectangle</type>
			<description>None</description>
			<possibleresult>
				<name>Boeing737</name>
			</possibleresult>
			<points>
				<point>928.000000,493.000000</point>
				<point>919.000000,495.000000</point>
				<point>915.000000,480.000000</point>
				<point>924.000000,478.000000</point>
				<point>928.000000,493.000000</point>
			</points>
		</object>
		<object>
			<coordinate>pixel</coordinate>
			<type>rectangle</type>
			<description>None</description>
			<possibleresult>
				<name>Small Car</name>
			</possibleresult>
			<points>
				<point>918.000000,494.000000</point>
				<point>908.000000,498.000000</point>
				<point>902.000000,484.000000</point>
				<point>912.000000,480.000000</point>
				<point>918.000000,494.000000</point>
			</points>
		</object>
		<object>
			<coordinate>pixel</coordinate>
			<type>rectangle</type>
			<description>None</description>
			<possibleresult>
				<name>Van</name>
			</possibleresult>
			<points>
				<point>906.000000,500.000000</point>
				<point>897.000000,503.000000</point>
				<point>892.000000,489.000000</point>
				<point>900.000000,485.000000</point>
				<point>906.000000,500.000000</point>
			</points>
		</object>
		<object>
			<coordinate>pixel</coordinate>
			<type>rectangle</type>
			<description>None</description>
			<possibleresult>
				<name>Small Car</name>
			</possibleresult>
			<points>
				<point>853.000000,525.000000</point>
				<point>847.000000,531.000000</point>
				<point>836.000000,520.000000</point>
				<point>842.000000,514.000000</point>
				<point>853.000000,525.000000</point>
			</points>
		</object>
		<object>
			<coordinate>pixel</coordinate>
			<type>rectangle</type>
			<description>None</description>
			<possibleresult>
				<name>Van</name>
			</possibleresult>
			<points>
				<point>824.000000,543.000000</point>
				<point>817.000000,548.000000</point>
				<point>805.000000,534.000000</point>
				<point>812.000000,529.000000</point>
				<point>824.000000,543.000000</point>
			</points>
		</object>
		<object>
			<coordinate>pixel</coordinate>
			<type>rectangle</type>
			<description>None</description>
			<possibleresult>
				<name>Small Car</name>
			</possibleresult>
			<points>
				<point>775.000000,570.000000</point>
				<point>770.000000,575.000000</point>
				<point>759.000000,563.000000</point>
				<point>764.000000,558.000000</point>
				<point>775.000000,570.000000</point>
			</points>
		</object>
		<object>
			<coordinate>pixel</coordinate>
			<type>rectangle</type>
			<description>None</description>
			<possibleresult>
				<name>Van</name>
			</possibleresult>
			<points>
				<point>847.000000,603.000000</point>
				<point>840.000000,609.000000</point>
				<point>827.000000,596.000000</point>
				<point>833.000000,589.000000</point>
				<point>847.000000,603.000000</point>
			</points>
		</object>
		<object>
			<coordinate>pixel</coordinate>
			<type>rectangle</type>
			<description>None</description>
			<possibleresult>
				<name>Van</name>
			</possibleresult>
			<points>
				<point>859.000000,601.000000</point>
				<point>853.000000,606.000000</point>
				<point>842.000000,594.000000</point>
				<point>847.000000,588.000000</point>
				<point>859.000000,601.000000</point>
			</points>
		</object>
		<object>
			<coordinate>pixel</coordinate>
			<type>rectangle</type>
			<description>None</description>
			<possibleresult>
				<name>Van</name>
			</possibleresult>
			<points>
				<point>832.000000,589.000000</point>
				<point>824.000000,594.000000</point>
				<point>816.000000,582.000000</point>
				<point>824.000000,577.000000</point>
				<point>832.000000,589.000000</point>
			</points>
		</object>
		<object>
			<coordinate>pixel</coordinate>
			<type>rectangle</type>
			<description>None</description>
			<possibleresult>
				<name>Small Car</name>
			</possibleresult>
			<points>
				<point>864.000000,575.000000</point>
				<point>858.000000,581.000000</point>
				<point>844.000000,567.000000</point>
				<point>850.000000,561.000000</point>
				<point>864.000000,575.000000</point>
			</points>
		</object>
		<object>
			<coordinate>pixel</coordinate>
			<type>rectangle</type>
			<description>None</description>
			<possibleresult>
				<name>Van</name>
			</possibleresult>
			<points>
				<point>877.000000,591.000000</point>
				<point>870.000000,596.000000</point>
				<point>860.000000,583.000000</point>
				<point>868.000000,577.000000</point>
				<point>877.000000,591.000000</point>
			</points>
		</object>
		<object>
			<coordinate>pixel</coordinate>
			<type>rectangle</type>
			<description>None</description>
			<possibleresult>
				<name>Small Car</name>
			</possibleresult>
			<points>
				<point>887.000000,584.000000</point>
				<point>882.000000,589.000000</point>
				<point>869.000000,577.000000</point>
				<point>873.000000,571.000000</point>
				<point>887.000000,584.000000</point>
			</points>
		</object>
		<object>
			<coordinate>pixel</coordinate>
			<type>rectangle</type>
			<description>None</description>
			<possibleresult>
				<name>Small Car</name>
			</possibleresult>
			<points>
				<point>873.000000,569.000000</point>
				<point>866.000000,575.000000</point>
				<point>853.000000,560.000000</point>
				<point>859.000000,555.000000</point>
				<point>873.000000,569.000000</point>
			</points>
		</object>
		<object>
			<coordinate>pixel</coordinate>
			<type>rectangle</type>
			<description>None</description>
			<possibleresult>
				<name>Van</name>
			</possibleresult>
			<points>
				<point>883.000000,564.000000</point>
				<point>877.000000,570.000000</point>
				<point>865.000000,558.000000</point>
				<point>871.000000,552.000000</point>
				<point>883.000000,564.000000</point>
			</points>
		</object>
		<object>
			<coordinate>pixel</coordinate>
			<type>rectangle</type>
			<description>None</description>
			<possibleresult>
				<name>Small Car</name>
			</possibleresult>
			<points>
				<point>894.000000,556.000000</point>
				<point>887.000000,563.000000</point>
				<point>876.000000,552.000000</point>
				<point>883.000000,545.000000</point>
				<point>894.000000,556.000000</point>
			</points>
		</object>
		<object>
			<coordinate>pixel</coordinate>
			<type>rectangle</type>
			<description>None</description>
			<possibleresult>
				<name>Van</name>
			</possibleresult>
			<points>
				<point>907.000000,573.000000</point>
				<point>901.000000,580.000000</point>
				<point>886.000000,566.000000</point>
				<point>893.000000,560.000000</point>
				<point>907.000000,573.000000</point>
			</points>
		</object>
		<object>
			<coordinate>pixel</coordinate>
			<type>rectangle</type>
			<description>None</description>
			<possibleresult>
				<name>Van</name>
			</possibleresult>
			<points>
				<point>959.000000,550.000000</point>
				<point>950.000000,553.000000</point>
				<point>944.000000,538.000000</point>
				<point>952.000000,534.000000</point>
				<point>959.000000,550.000000</point>
			</points>
		</object>
		<object>
			<coordinate>pixel</coordinate>
			<type>rectangle</type>
			<description>None</description>
			<possibleresult>
				<name>Small Car</name>
			</possibleresult>
			<points>
				<point>918.000000,547.000000</point>
				<point>909.000000,549.000000</point>
				<point>905.000000,534.000000</point>
				<point>914.000000,532.000000</point>
				<point>918.000000,547.000000</point>
			</points>
		</object>
		<object>
			<coordinate>pixel</coordinate>
			<type>rectangle</type>
			<description>None</description>
			<possibleresult>
				<name>Small Car</name>
			</possibleresult>
			<points>
				<point>932.000000,541.000000</point>
				<point>924.000000,546.000000</point>
				<point>916.000000,531.000000</point>
				<point>925.000000,527.000000</point>
				<point>932.000000,541.000000</point>
			</points>
		</object>
		<object>
			<coordinate>pixel</coordinate>
			<type>rectangle</type>
			<description>None</description>
			<possibleresult>
				<name>Van</name>
			</possibleresult>
			<points>
				<point>941.000000,537.000000</point>
				<point>932.000000,540.000000</point>
				<point>926.000000,523.000000</point>
				<point>936.000000,521.000000</point>
				<point>941.000000,537.000000</point>
			</points>
		</object>
		<object>
			<coordinate>pixel</coordinate>
			<type>rectangle</type>
			<description>None</description>
			<possibleresult>
				<name>Small Car</name>
			</possibleresult>
			<points>
				<point>952.000000,533.000000</point>
				<point>942.000000,536.000000</point>
				<point>938.000000,522.000000</point>
				<point>948.000000,519.000000</point>
				<point>952.000000,533.000000</point>
			</points>
		</object>
		<object>
			<coordinate>pixel</coordinate>
			<type>rectangle</type>
			<description>None</description>
			<possibleresult>
				<name>Small Car</name>
			</possibleresult>
			<points>
				<point>961.000000,527.000000</point>
				<point>955.000000,531.000000</point>
				<point>949.000000,521.000000</point>
				<point>955.000000,517.000000</point>
				<point>961.000000,527.000000</point>
			</points>
		</object>
		<object>
			<coordinate>pixel</coordinate>
			<type>rectangle</type>
			<description>None</description>
			<possibleresult>
				<name>Van</name>
			</possibleresult>
			<points>
				<point>988.000000,546.000000</point>
				<point>980.000000,549.000000</point>
				<point>973.000000,531.000000</point>
				<point>982.000000,529.000000</point>
				<point>988.000000,546.000000</point>
			</points>
		</object>
		<object>
			<coordinate>pixel</coordinate>
			<type>rectangle</type>
			<description>None</description>
			<possibleresult>
				<name>Small Car</name>
			</possibleresult>
			<points>
				<point>955.000000,601.000000</point>
				<point>945.000000,604.000000</point>
				<point>940.000000,588.000000</point>
				<point>949.000000,584.000000</point>
				<point>955.000000,601.000000</point>
			</points>
		</object>
		<object>
			<coordinate>pixel</coordinate>
			<type>rectangle</type>
			<description>None</description>
			<possibleresult>
				<name>Small Car</name>
			</possibleresult>
			<points>
				<point>998.000000,643.000000</point>
				<point>988.000000,646.000000</point>
				<point>983.000000,629.000000</point>
				<point>993.000000,626.000000</point>
				<point>998.000000,643.000000</point>
			</points>
		</object>
		<object>
			<coordinate>pixel</coordinate>
			<type>rectangle</type>
			<description>None</description>
			<possibleresult>
				<name>Van</name>
			</possibleresult>
			<points>
				<point>959.000000,694.000000</point>
				<point>951.000000,696.000000</point>
				<point>948.000000,685.000000</point>
				<point>956.000000,683.000000</point>
				<point>959.000000,694.000000</point>
			</points>
		</object>
		<object>
			<coordinate>pixel</coordinate>
			<type>rectangle</type>
			<description>None</description>
			<possibleresult>
				<name>Van</name>
			</possibleresult>
			<points>
				<point>972.000000,694.000000</point>
				<point>963.000000,698.000000</point>
				<point>957.000000,684.000000</point>
				<point>965.000000,681.000000</point>
				<point>972.000000,694.000000</point>
			</points>
		</object>
		<object>
			<coordinate>pixel</coordinate>
			<type>rectangle</type>
			<description>None</description>
			<possibleresult>
				<name>Small Car</name>
			</possibleresult>
			<points>
				<point>649.000000,913.000000</point>
				<point>639.000000,917.000000</point>
				<point>632.000000,900.000000</point>
				<point>643.000000,897.000000</point>
				<point>649.000000,913.000000</point>
			</points>
		</object>
	</objects>
</annotation>