<?xml version="1.0" encoding="utf-8"?>
<annotation>
	<source>
		<filename>718.tif</filename>
		<origin>GF2/GF3</origin>
	</source>
	<research>
		<version>1.0</version>
		<provider>FAIR1M</provider>
		<author>Cyber</author>
		<pluginname>FAIR1M</pluginname>
		<pluginclass>object detection</pluginclass>
		<time>2021-07-21</time>
	</research>
	<size>
		<width>1500</width>
		<height>1500</height>
		<depth>3</depth>
	</size>
	<objects>
		<object>
			<coordinate>pixel</coordinate>
			<type>rectangle</type>
			<description>None</description>
			<possibleresult>
				<name>Motorboat</name>
			</possibleresult>
			<points>
				<point>234.000000,1072.000000</point>
				<point>229.000000,1055.000000</point>
				<point>223.000000,1059.000000</point>
				<point>229.000000,1075.000000</point>
				<point>234.000000,1072.000000</point>
			</points>
		</object>
		<object>
			<coordinate>pixel</coordinate>
			<type>rectangle</type>
			<description>None</description>
			<possibleresult>
				<name>Warship</name>
			</possibleresult>
			<points>
				<point>942.000000,1294.000000</point>
				<point>889.000000,1502.000000</point>
				<point>853.000000,1493.000000</point>
				<point>905.000000,1285.000000</point>
				<point>942.000000,1294.000000</point>
			</points>
		</object>
		<object>
			<coordinate>pixel</coordinate>
			<type>rectangle</type>
			<description>None</description>
			<possibleresult>
				<name>Tennis Court</name>
			</possibleresult>
			<points>
				<point>1293.000000,1055.000000</point>
				<point>1284.000000,1014.000000</point>
				<point>1307.000000,1009.000000</point>
				<point>1316.000000,1050.000000</point>
				<point>1293.000000,1055.000000</point>
			</points>
		</object>
		<object>
			<coordinate>pixel</coordinate>
			<type>rectangle</type>
			<description>None</description>
			<possibleresult>
				<name>Tennis Court</name>
			</possibleresult>
			<points>
				<point>1261.000000,1062.000000</point>
				<point>1252.000000,1022.000000</point>
				<point>1275.000000,1016.000000</point>
				<point>1284.000000,1057.000000</point>
				<point>1261.000000,1062.000000</point>
			</points>
		</object>
		<object>
			<coordinate>pixel</coordinate>
			<type>rectangle</type>
			<description>None</description>
			<possibleresult>
				<name>Warship</name>
			</possibleresult>
			<points>
				<point>1382.000000,1327.000000</point>
				<point>1455.000000,1265.000000</point>
				<point>1467.000000,1279.000000</point>
				<point>1394.000000,1341.000000</point>
				<point>1382.000000,1327.000000</point>
			</points>
		</object>
		<object>
			<coordinate>pixel</coordinate>
			<type>rectangle</type>
			<description>None</description>
			<possibleresult>
				<name>Warship</name>
			</possibleresult>
			<points>
				<point>1398.000000,1341.000000</point>
				<point>1471.000000,1279.000000</point>
				<point>1483.000000,1293.000000</point>
				<point>1410.000000,1355.000000</point>
				<point>1398.000000,1341.000000</point>
			</points>
		</object>
	</objects>
</annotation>