<?xml version="1.0" encoding="utf-8"?>
<annotation>
	<source>
		<filename>723.tif</filename>
		<origin>GF2/GF3</origin>
	</source>
	<research>
		<version>1.0</version>
		<provider>FAIR1M</provider>
		<author>Cyber</author>
		<pluginname>FAIR1M</pluginname>
		<pluginclass>object detection</pluginclass>
		<time>2021-07-21</time>
	</research>
	<size>
		<width>1000</width>
		<height>1000</height>
		<depth>3</depth>
	</size>
	<objects>
		<object>
			<coordinate>pixel</coordinate>
			<type>rectangle</type>
			<description>None</description>
			<possibleresult>
				<name>Van</name>
			</possibleresult>
			<points>
				<point>288.000000,152.000000</point>
				<point>288.000000,159.000000</point>
				<point>272.000000,157.000000</point>
				<point>273.000000,151.000000</point>
				<point>288.000000,152.000000</point>
			</points>
		</object>
		<object>
			<coordinate>pixel</coordinate>
			<type>rectangle</type>
			<description>None</description>
			<possibleresult>
				<name>Van</name>
			</possibleresult>
			<points>
				<point>90.000000,971.000000</point>
				<point>88.000000,978.000000</point>
				<point>64.000000,973.000000</point>
				<point>66.000000,966.000000</point>
				<point>90.000000,971.000000</point>
			</points>
		</object>
	</objects>
</annotation>