<?xml version="1.0" encoding="utf-8"?>
<annotation>
	<source>
		<filename>735.tif</filename>
		<origin>GF2/GF3</origin>
	</source>
	<research>
		<version>1.0</version>
		<provider>FAIR1M</provider>
		<author>Cyber</author>
		<pluginname>FAIR1M</pluginname>
		<pluginclass>object detection</pluginclass>
		<time>2021-07-21</time>
	</research>
	<size>
		<width>1000</width>
		<height>1000</height>
		<depth>3</depth>
	</size>
	<objects>
		<object>
			<coordinate>pixel</coordinate>
			<type>rectangle</type>
			<description>None</description>
			<possibleresult>
				<name>Van</name>
			</possibleresult>
			<points>
				<point>910.000000,319.000000</point>
				<point>890.000000,319.000000</point>
				<point>890.000000,312.000000</point>
				<point>910.000000,312.000000</point>
				<point>910.000000,319.000000</point>
			</points>
		</object>
		<object>
			<coordinate>pixel</coordinate>
			<type>rectangle</type>
			<description>None</description>
			<possibleresult>
				<name>Van</name>
			</possibleresult>
			<points>
				<point>398.000000,678.000000</point>
				<point>384.000000,678.000000</point>
				<point>384.000000,671.000000</point>
				<point>398.000000,671.000000</point>
				<point>398.000000,678.000000</point>
			</points>
		</object>
		<object>
			<coordinate>pixel</coordinate>
			<type>rectangle</type>
			<description>None</description>
			<possibleresult>
				<name>Small Car</name>
			</possibleresult>
			<points>
				<point>397.000000,563.000000</point>
				<point>378.000000,563.000000</point>
				<point>378.000000,557.000000</point>
				<point>397.000000,557.000000</point>
				<point>397.000000,563.000000</point>
			</points>
		</object>
		<object>
			<coordinate>pixel</coordinate>
			<type>rectangle</type>
			<description>None</description>
			<possibleresult>
				<name>Van</name>
			</possibleresult>
			<points>
				<point>720.000000,425.000000</point>
				<point>703.000000,426.000000</point>
				<point>702.000000,419.000000</point>
				<point>719.000000,418.000000</point>
				<point>720.000000,425.000000</point>
			</points>
		</object>
		<object>
			<coordinate>pixel</coordinate>
			<type>rectangle</type>
			<description>None</description>
			<possibleresult>
				<name>Van</name>
			</possibleresult>
			<points>
				<point>585.000000,27.000000</point>
				<point>568.000000,36.000000</point>
				<point>565.000000,30.000000</point>
				<point>581.000000,20.000000</point>
				<point>585.000000,27.000000</point>
			</points>
		</object>
		<object>
			<coordinate>pixel</coordinate>
			<type>rectangle</type>
			<description>None</description>
			<possibleresult>
				<name>Van</name>
			</possibleresult>
			<points>
				<point>848.000000,101.000000</point>
				<point>848.000000,107.000000</point>
				<point>826.000000,105.000000</point>
				<point>827.000000,100.000000</point>
				<point>848.000000,101.000000</point>
			</points>
		</object>
		<object>
			<coordinate>pixel</coordinate>
			<type>rectangle</type>
			<description>None</description>
			<possibleresult>
				<name>Van</name>
			</possibleresult>
			<points>
				<point>798.000000,134.000000</point>
				<point>791.000000,134.000000</point>
				<point>791.000000,119.000000</point>
				<point>798.000000,119.000000</point>
				<point>798.000000,134.000000</point>
			</points>
		</object>
		<object>
			<coordinate>pixel</coordinate>
			<type>rectangle</type>
			<description>None</description>
			<possibleresult>
				<name>Van</name>
			</possibleresult>
			<points>
				<point>800.000000,204.000000</point>
				<point>789.000000,204.000000</point>
				<point>789.000000,183.000000</point>
				<point>800.000000,183.000000</point>
				<point>800.000000,204.000000</point>
			</points>
		</object>
		<object>
			<coordinate>pixel</coordinate>
			<type>rectangle</type>
			<description>None</description>
			<possibleresult>
				<name>Van</name>
			</possibleresult>
			<points>
				<point>866.000000,319.000000</point>
				<point>838.000000,319.000000</point>
				<point>838.000000,309.000000</point>
				<point>866.000000,309.000000</point>
				<point>866.000000,319.000000</point>
			</points>
		</object>
		<object>
			<coordinate>pixel</coordinate>
			<type>rectangle</type>
			<description>None</description>
			<possibleresult>
				<name>Van</name>
			</possibleresult>
			<points>
				<point>892.000000,626.000000</point>
				<point>870.000000,628.000000</point>
				<point>870.000000,619.000000</point>
				<point>891.000000,616.000000</point>
				<point>892.000000,626.000000</point>
			</points>
		</object>
		<object>
			<coordinate>pixel</coordinate>
			<type>rectangle</type>
			<description>None</description>
			<possibleresult>
				<name>Van</name>
			</possibleresult>
			<points>
				<point>938.000000,734.000000</point>
				<point>918.000000,734.000000</point>
				<point>918.000000,725.000000</point>
				<point>938.000000,725.000000</point>
				<point>938.000000,734.000000</point>
			</points>
		</object>
		<object>
			<coordinate>pixel</coordinate>
			<type>rectangle</type>
			<description>None</description>
			<possibleresult>
				<name>Van</name>
			</possibleresult>
			<points>
				<point>872.000000,708.000000</point>
				<point>863.000000,710.000000</point>
				<point>859.000000,692.000000</point>
				<point>868.000000,690.000000</point>
				<point>872.000000,708.000000</point>
			</points>
		</object>
		<object>
			<coordinate>pixel</coordinate>
			<type>rectangle</type>
			<description>None</description>
			<possibleresult>
				<name>Van</name>
			</possibleresult>
			<points>
				<point>844.000000,764.000000</point>
				<point>835.000000,764.000000</point>
				<point>834.000000,745.000000</point>
				<point>843.000000,745.000000</point>
				<point>844.000000,764.000000</point>
			</points>
		</object>
		<object>
			<coordinate>pixel</coordinate>
			<type>rectangle</type>
			<description>None</description>
			<possibleresult>
				<name>Small Car</name>
			</possibleresult>
			<points>
				<point>787.000000,919.000000</point>
				<point>766.000000,919.000000</point>
				<point>766.000000,912.000000</point>
				<point>787.000000,912.000000</point>
				<point>787.000000,919.000000</point>
			</points>
		</object>
		<object>
			<coordinate>pixel</coordinate>
			<type>rectangle</type>
			<description>None</description>
			<possibleresult>
				<name>Small Car</name>
			</possibleresult>
			<points>
				<point>715.000000,911.000000</point>
				<point>714.000000,919.000000</point>
				<point>691.000000,918.000000</point>
				<point>691.000000,909.000000</point>
				<point>715.000000,911.000000</point>
			</points>
		</object>
		<object>
			<coordinate>pixel</coordinate>
			<type>rectangle</type>
			<description>None</description>
			<possibleresult>
				<name>Van</name>
			</possibleresult>
			<points>
				<point>665.000000,857.000000</point>
				<point>656.000000,858.000000</point>
				<point>655.000000,836.000000</point>
				<point>664.000000,835.000000</point>
				<point>665.000000,857.000000</point>
			</points>
		</object>
		<object>
			<coordinate>pixel</coordinate>
			<type>rectangle</type>
			<description>None</description>
			<possibleresult>
				<name>Small Car</name>
			</possibleresult>
			<points>
				<point>585.000000,855.000000</point>
				<point>576.000000,855.000000</point>
				<point>576.000000,839.000000</point>
				<point>585.000000,839.000000</point>
				<point>585.000000,855.000000</point>
			</points>
		</object>
		<object>
			<coordinate>pixel</coordinate>
			<type>rectangle</type>
			<description>None</description>
			<possibleresult>
				<name>Small Car</name>
			</possibleresult>
			<points>
				<point>574.000000,855.000000</point>
				<point>565.000000,855.000000</point>
				<point>565.000000,839.000000</point>
				<point>574.000000,839.000000</point>
				<point>574.000000,855.000000</point>
			</points>
		</object>
		<object>
			<coordinate>pixel</coordinate>
			<type>rectangle</type>
			<description>None</description>
			<possibleresult>
				<name>Small Car</name>
			</possibleresult>
			<points>
				<point>38.000000,16.000000</point>
				<point>20.000000,16.000000</point>
				<point>20.000000,7.000000</point>
				<point>38.000000,7.000000</point>
				<point>38.000000,16.000000</point>
			</points>
		</object>
		<object>
			<coordinate>pixel</coordinate>
			<type>rectangle</type>
			<description>None</description>
			<possibleresult>
				<name>Van</name>
			</possibleresult>
			<points>
				<point>334.000000,63.000000</point>
				<point>325.000000,63.000000</point>
				<point>325.000000,46.000000</point>
				<point>334.000000,46.000000</point>
				<point>334.000000,63.000000</point>
			</points>
		</object>
		<object>
			<coordinate>pixel</coordinate>
			<type>rectangle</type>
			<description>None</description>
			<possibleresult>
				<name>Small Car</name>
			</possibleresult>
			<points>
				<point>335.000000,117.000000</point>
				<point>328.000000,118.000000</point>
				<point>326.000000,100.000000</point>
				<point>334.000000,100.000000</point>
				<point>335.000000,117.000000</point>
			</points>
		</object>
		<object>
			<coordinate>pixel</coordinate>
			<type>rectangle</type>
			<description>None</description>
			<possibleresult>
				<name>Van</name>
			</possibleresult>
			<points>
				<point>297.000000,212.000000</point>
				<point>288.000000,212.000000</point>
				<point>288.000000,194.000000</point>
				<point>297.000000,194.000000</point>
				<point>297.000000,212.000000</point>
			</points>
		</object>
		<object>
			<coordinate>pixel</coordinate>
			<type>rectangle</type>
			<description>None</description>
			<possibleresult>
				<name>Van</name>
			</possibleresult>
			<points>
				<point>295.000000,311.000000</point>
				<point>286.000000,311.000000</point>
				<point>286.000000,296.000000</point>
				<point>295.000000,296.000000</point>
				<point>295.000000,311.000000</point>
			</points>
		</object>
		<object>
			<coordinate>pixel</coordinate>
			<type>rectangle</type>
			<description>None</description>
			<possibleresult>
				<name>Dump Truck</name>
			</possibleresult>
			<points>
				<point>399.000000,381.000000</point>
				<point>374.000000,381.000000</point>
				<point>374.000000,374.000000</point>
				<point>399.000000,374.000000</point>
				<point>399.000000,381.000000</point>
			</points>
		</object>
		<object>
			<coordinate>pixel</coordinate>
			<type>rectangle</type>
			<description>None</description>
			<possibleresult>
				<name>Dump Truck</name>
			</possibleresult>
			<points>
				<point>385.000000,397.000000</point>
				<point>348.000000,397.000000</point>
				<point>348.000000,387.000000</point>
				<point>385.000000,387.000000</point>
				<point>385.000000,397.000000</point>
			</points>
		</object>
		<object>
			<coordinate>pixel</coordinate>
			<type>rectangle</type>
			<description>None</description>
			<possibleresult>
				<name>Van</name>
			</possibleresult>
			<points>
				<point>249.000000,542.000000</point>
				<point>229.000000,542.000000</point>
				<point>229.000000,536.000000</point>
				<point>249.000000,536.000000</point>
				<point>249.000000,542.000000</point>
			</points>
		</object>
		<object>
			<coordinate>pixel</coordinate>
			<type>rectangle</type>
			<description>None</description>
			<possibleresult>
				<name>Small Car</name>
			</possibleresult>
			<points>
				<point>256.000000,604.000000</point>
				<point>235.000000,604.000000</point>
				<point>235.000000,596.000000</point>
				<point>256.000000,596.000000</point>
				<point>256.000000,604.000000</point>
			</points>
		</object>
		<object>
			<coordinate>pixel</coordinate>
			<type>rectangle</type>
			<description>None</description>
			<possibleresult>
				<name>Van</name>
			</possibleresult>
			<points>
				<point>334.000000,846.000000</point>
				<point>325.000000,846.000000</point>
				<point>325.000000,828.000000</point>
				<point>334.000000,828.000000</point>
				<point>334.000000,846.000000</point>
			</points>
		</object>
		<object>
			<coordinate>pixel</coordinate>
			<type>rectangle</type>
			<description>None</description>
			<possibleresult>
				<name>Small Car</name>
			</possibleresult>
			<points>
				<point>276.000000,543.000000</point>
				<point>256.000000,543.000000</point>
				<point>256.000000,536.000000</point>
				<point>276.000000,536.000000</point>
				<point>276.000000,543.000000</point>
			</points>
		</object>
	</objects>
</annotation>