<?xml version="1.0" encoding="utf-8"?>
<annotation>
	<source>
		<filename>750.tif</filename>
		<origin>GF2/GF3</origin>
	</source>
	<research>
		<version>1.0</version>
		<provider>FAIR1M</provider>
		<author>Cyber</author>
		<pluginname>FAIR1M</pluginname>
		<pluginclass>object detection</pluginclass>
		<time>2021-07-21</time>
	</research>
	<size>
		<width>1000</width>
		<height>1000</height>
		<depth>3</depth>
	</size>
	<objects>
		<object>
			<coordinate>pixel</coordinate>
			<type>rectangle</type>
			<description>None</description>
			<possibleresult>
				<name>Small Car</name>
			</possibleresult>
			<points>
				<point>829.000000,533.000000</point>
				<point>819.000000,543.000000</point>
				<point>813.000000,537.000000</point>
				<point>823.000000,527.000000</point>
				<point>829.000000,533.000000</point>
			</points>
		</object>
		<object>
			<coordinate>pixel</coordinate>
			<type>rectangle</type>
			<description>None</description>
			<possibleresult>
				<name>Small Car</name>
			</possibleresult>
			<points>
				<point>409.000000,845.000000</point>
				<point>400.000000,845.000000</point>
				<point>400.000000,827.000000</point>
				<point>409.000000,827.000000</point>
				<point>409.000000,845.000000</point>
			</points>
		</object>
		<object>
			<coordinate>pixel</coordinate>
			<type>rectangle</type>
			<description>None</description>
			<possibleresult>
				<name>Small Car</name>
			</possibleresult>
			<points>
				<point>220.000000,167.000000</point>
				<point>196.000000,167.000000</point>
				<point>196.000000,158.000000</point>
				<point>220.000000,158.000000</point>
				<point>220.000000,167.000000</point>
			</points>
		</object>
		<object>
			<coordinate>pixel</coordinate>
			<type>rectangle</type>
			<description>None</description>
			<possibleresult>
				<name>Small Car</name>
			</possibleresult>
			<points>
				<point>220.000000,177.000000</point>
				<point>199.000000,177.000000</point>
				<point>199.000000,168.000000</point>
				<point>220.000000,168.000000</point>
				<point>220.000000,177.000000</point>
			</points>
		</object>
		<object>
			<coordinate>pixel</coordinate>
			<type>rectangle</type>
			<description>None</description>
			<possibleresult>
				<name>Small Car</name>
			</possibleresult>
			<points>
				<point>224.000000,185.000000</point>
				<point>203.000000,187.000000</point>
				<point>202.000000,180.000000</point>
				<point>224.000000,179.000000</point>
				<point>224.000000,185.000000</point>
			</points>
		</object>
		<object>
			<coordinate>pixel</coordinate>
			<type>rectangle</type>
			<description>None</description>
			<possibleresult>
				<name>Van</name>
			</possibleresult>
			<points>
				<point>165.000000,218.000000</point>
				<point>143.000000,218.000000</point>
				<point>143.000000,210.000000</point>
				<point>165.000000,210.000000</point>
				<point>165.000000,218.000000</point>
			</points>
		</object>
		<object>
			<coordinate>pixel</coordinate>
			<type>rectangle</type>
			<description>None</description>
			<possibleresult>
				<name>Van</name>
			</possibleresult>
			<points>
				<point>166.000000,226.000000</point>
				<point>146.000000,228.000000</point>
				<point>145.000000,221.000000</point>
				<point>166.000000,220.000000</point>
				<point>166.000000,226.000000</point>
			</points>
		</object>
		<object>
			<coordinate>pixel</coordinate>
			<type>rectangle</type>
			<description>None</description>
			<possibleresult>
				<name>Small Car</name>
			</possibleresult>
			<points>
				<point>172.000000,236.000000</point>
				<point>149.000000,236.000000</point>
				<point>149.000000,230.000000</point>
				<point>172.000000,230.000000</point>
				<point>172.000000,236.000000</point>
			</points>
		</object>
		<object>
			<coordinate>pixel</coordinate>
			<type>rectangle</type>
			<description>None</description>
			<possibleresult>
				<name>Small Car</name>
			</possibleresult>
			<points>
				<point>167.000000,245.000000</point>
				<point>148.000000,245.000000</point>
				<point>148.000000,237.000000</point>
				<point>167.000000,237.000000</point>
				<point>167.000000,245.000000</point>
			</points>
		</object>
		<object>
			<coordinate>pixel</coordinate>
			<type>rectangle</type>
			<description>None</description>
			<possibleresult>
				<name>Dump Truck</name>
			</possibleresult>
			<points>
				<point>227.000000,216.000000</point>
				<point>205.000000,217.000000</point>
				<point>204.000000,210.000000</point>
				<point>226.000000,209.000000</point>
				<point>227.000000,216.000000</point>
			</points>
		</object>
		<object>
			<coordinate>pixel</coordinate>
			<type>rectangle</type>
			<description>None</description>
			<possibleresult>
				<name>Small Car</name>
			</possibleresult>
			<points>
				<point>228.000000,227.000000</point>
				<point>209.000000,227.000000</point>
				<point>209.000000,221.000000</point>
				<point>228.000000,221.000000</point>
				<point>228.000000,227.000000</point>
			</points>
		</object>
		<object>
			<coordinate>pixel</coordinate>
			<type>rectangle</type>
			<description>None</description>
			<possibleresult>
				<name>Small Car</name>
			</possibleresult>
			<points>
				<point>229.000000,237.000000</point>
				<point>208.000000,239.000000</point>
				<point>208.000000,232.000000</point>
				<point>228.000000,229.000000</point>
				<point>229.000000,237.000000</point>
			</points>
		</object>
		<object>
			<coordinate>pixel</coordinate>
			<type>rectangle</type>
			<description>None</description>
			<possibleresult>
				<name>Small Car</name>
			</possibleresult>
			<points>
				<point>229.000000,247.000000</point>
				<point>215.000000,247.000000</point>
				<point>215.000000,241.000000</point>
				<point>229.000000,241.000000</point>
				<point>229.000000,247.000000</point>
			</points>
		</object>
		<object>
			<coordinate>pixel</coordinate>
			<type>rectangle</type>
			<description>None</description>
			<possibleresult>
				<name>Small Car</name>
			</possibleresult>
			<points>
				<point>230.000000,258.000000</point>
				<point>211.000000,258.000000</point>
				<point>211.000000,251.000000</point>
				<point>230.000000,251.000000</point>
				<point>230.000000,258.000000</point>
			</points>
		</object>
		<object>
			<coordinate>pixel</coordinate>
			<type>rectangle</type>
			<description>None</description>
			<possibleresult>
				<name>Van</name>
			</possibleresult>
			<points>
				<point>170.000000,254.000000</point>
				<point>146.000000,256.000000</point>
				<point>146.000000,246.000000</point>
				<point>170.000000,245.000000</point>
				<point>170.000000,254.000000</point>
			</points>
		</object>
		<object>
			<coordinate>pixel</coordinate>
			<type>rectangle</type>
			<description>None</description>
			<possibleresult>
				<name>Van</name>
			</possibleresult>
			<points>
				<point>169.000000,265.000000</point>
				<point>149.000000,265.000000</point>
				<point>149.000000,258.000000</point>
				<point>169.000000,258.000000</point>
				<point>169.000000,265.000000</point>
			</points>
		</object>
		<object>
			<coordinate>pixel</coordinate>
			<type>rectangle</type>
			<description>None</description>
			<possibleresult>
				<name>Small Car</name>
			</possibleresult>
			<points>
				<point>171.000000,275.000000</point>
				<point>152.000000,275.000000</point>
				<point>152.000000,267.000000</point>
				<point>171.000000,267.000000</point>
				<point>171.000000,275.000000</point>
			</points>
		</object>
		<object>
			<coordinate>pixel</coordinate>
			<type>rectangle</type>
			<description>None</description>
			<possibleresult>
				<name>Small Car</name>
			</possibleresult>
			<points>
				<point>231.000000,267.000000</point>
				<point>218.000000,267.000000</point>
				<point>218.000000,260.000000</point>
				<point>231.000000,260.000000</point>
				<point>231.000000,267.000000</point>
			</points>
		</object>
		<object>
			<coordinate>pixel</coordinate>
			<type>rectangle</type>
			<description>None</description>
			<possibleresult>
				<name>Small Car</name>
			</possibleresult>
			<points>
				<point>235.000000,286.000000</point>
				<point>214.000000,288.000000</point>
				<point>213.000000,282.000000</point>
				<point>235.000000,281.000000</point>
				<point>235.000000,286.000000</point>
			</points>
		</object>
		<object>
			<coordinate>pixel</coordinate>
			<type>rectangle</type>
			<description>None</description>
			<possibleresult>
				<name>Van</name>
			</possibleresult>
			<points>
				<point>235.000000,276.000000</point>
				<point>214.000000,277.000000</point>
				<point>214.000000,271.000000</point>
				<point>234.000000,269.000000</point>
				<point>235.000000,276.000000</point>
			</points>
		</object>
		<object>
			<coordinate>pixel</coordinate>
			<type>rectangle</type>
			<description>None</description>
			<possibleresult>
				<name>Van</name>
			</possibleresult>
			<points>
				<point>174.000000,286.000000</point>
				<point>152.000000,286.000000</point>
				<point>152.000000,278.000000</point>
				<point>174.000000,278.000000</point>
				<point>174.000000,286.000000</point>
			</points>
		</object>
		<object>
			<coordinate>pixel</coordinate>
			<type>rectangle</type>
			<description>None</description>
			<possibleresult>
				<name>Van</name>
			</possibleresult>
			<points>
				<point>236.000000,319.000000</point>
				<point>215.000000,321.000000</point>
				<point>214.000000,314.000000</point>
				<point>236.000000,313.000000</point>
				<point>236.000000,319.000000</point>
			</points>
		</object>
		<object>
			<coordinate>pixel</coordinate>
			<type>rectangle</type>
			<description>None</description>
			<possibleresult>
				<name>Van</name>
			</possibleresult>
			<points>
				<point>239.000000,330.000000</point>
				<point>217.000000,331.000000</point>
				<point>217.000000,323.000000</point>
				<point>239.000000,322.000000</point>
				<point>239.000000,330.000000</point>
			</points>
		</object>
		<object>
			<coordinate>pixel</coordinate>
			<type>rectangle</type>
			<description>None</description>
			<possibleresult>
				<name>Van</name>
			</possibleresult>
			<points>
				<point>180.000000,312.000000</point>
				<point>155.000000,314.000000</point>
				<point>154.000000,305.000000</point>
				<point>179.000000,303.000000</point>
				<point>180.000000,312.000000</point>
			</points>
		</object>
		<object>
			<coordinate>pixel</coordinate>
			<type>rectangle</type>
			<description>None</description>
			<possibleresult>
				<name>Van</name>
			</possibleresult>
			<points>
				<point>182.000000,332.000000</point>
				<point>156.000000,334.000000</point>
				<point>155.000000,327.000000</point>
				<point>182.000000,326.000000</point>
				<point>182.000000,332.000000</point>
			</points>
		</object>
		<object>
			<coordinate>pixel</coordinate>
			<type>rectangle</type>
			<description>None</description>
			<possibleresult>
				<name>Van</name>
			</possibleresult>
			<points>
				<point>182.000000,324.000000</point>
				<point>151.000000,326.000000</point>
				<point>151.000000,315.000000</point>
				<point>181.000000,314.000000</point>
				<point>182.000000,324.000000</point>
			</points>
		</object>
		<object>
			<coordinate>pixel</coordinate>
			<type>rectangle</type>
			<description>None</description>
			<possibleresult>
				<name>Small Car</name>
			</possibleresult>
			<points>
				<point>242.000000,371.000000</point>
				<point>222.000000,373.000000</point>
				<point>222.000000,365.000000</point>
				<point>241.000000,362.000000</point>
				<point>242.000000,371.000000</point>
			</points>
		</object>
		<object>
			<coordinate>pixel</coordinate>
			<type>rectangle</type>
			<description>None</description>
			<possibleresult>
				<name>Small Car</name>
			</possibleresult>
			<points>
				<point>248.000000,421.000000</point>
				<point>227.000000,421.000000</point>
				<point>227.000000,414.000000</point>
				<point>248.000000,414.000000</point>
				<point>248.000000,421.000000</point>
			</points>
		</object>
		<object>
			<coordinate>pixel</coordinate>
			<type>rectangle</type>
			<description>None</description>
			<possibleresult>
				<name>Van</name>
			</possibleresult>
			<points>
				<point>243.000000,449.000000</point>
				<point>239.000000,456.000000</point>
				<point>222.000000,447.000000</point>
				<point>225.000000,439.000000</point>
				<point>243.000000,449.000000</point>
			</points>
		</object>
		<object>
			<coordinate>pixel</coordinate>
			<type>rectangle</type>
			<description>None</description>
			<possibleresult>
				<name>Van</name>
			</possibleresult>
			<points>
				<point>113.000000,700.000000</point>
				<point>104.000000,705.000000</point>
				<point>95.000000,689.000000</point>
				<point>103.000000,685.000000</point>
				<point>113.000000,700.000000</point>
			</points>
		</object>
		<object>
			<coordinate>pixel</coordinate>
			<type>rectangle</type>
			<description>None</description>
			<possibleresult>
				<name>Van</name>
			</possibleresult>
			<points>
				<point>101.000000,703.000000</point>
				<point>94.000000,707.000000</point>
				<point>85.000000,691.000000</point>
				<point>93.000000,688.000000</point>
				<point>101.000000,703.000000</point>
			</points>
		</object>
		<object>
			<coordinate>pixel</coordinate>
			<type>rectangle</type>
			<description>None</description>
			<possibleresult>
				<name>Van</name>
			</possibleresult>
			<points>
				<point>88.000000,706.000000</point>
				<point>81.000000,709.000000</point>
				<point>74.000000,695.000000</point>
				<point>81.000000,692.000000</point>
				<point>88.000000,706.000000</point>
			</points>
		</object>
		<object>
			<coordinate>pixel</coordinate>
			<type>rectangle</type>
			<description>None</description>
			<possibleresult>
				<name>Small Car</name>
			</possibleresult>
			<points>
				<point>68.000000,712.000000</point>
				<point>62.000000,716.000000</point>
				<point>52.000000,699.000000</point>
				<point>59.000000,696.000000</point>
				<point>68.000000,712.000000</point>
			</points>
		</object>
		<object>
			<coordinate>pixel</coordinate>
			<type>rectangle</type>
			<description>None</description>
			<possibleresult>
				<name>Van</name>
			</possibleresult>
			<points>
				<point>58.000000,718.000000</point>
				<point>50.000000,722.000000</point>
				<point>41.000000,705.000000</point>
				<point>48.000000,700.000000</point>
				<point>58.000000,718.000000</point>
			</points>
		</object>
		<object>
			<coordinate>pixel</coordinate>
			<type>rectangle</type>
			<description>None</description>
			<possibleresult>
				<name>Van</name>
			</possibleresult>
			<points>
				<point>44.000000,721.000000</point>
				<point>37.000000,725.000000</point>
				<point>28.000000,710.000000</point>
				<point>36.000000,705.000000</point>
				<point>44.000000,721.000000</point>
			</points>
		</object>
		<object>
			<coordinate>pixel</coordinate>
			<type>rectangle</type>
			<description>None</description>
			<possibleresult>
				<name>Van</name>
			</possibleresult>
			<points>
				<point>937.000000,921.000000</point>
				<point>931.000000,925.000000</point>
				<point>924.000000,911.000000</point>
				<point>930.000000,907.000000</point>
				<point>937.000000,921.000000</point>
			</points>
		</object>
		<object>
			<coordinate>pixel</coordinate>
			<type>rectangle</type>
			<description>None</description>
			<possibleresult>
				<name>Van</name>
			</possibleresult>
			<points>
				<point>948.000000,918.000000</point>
				<point>941.000000,921.000000</point>
				<point>934.000000,907.000000</point>
				<point>940.000000,903.000000</point>
				<point>948.000000,918.000000</point>
			</points>
		</object>
		<object>
			<coordinate>pixel</coordinate>
			<type>rectangle</type>
			<description>None</description>
			<possibleresult>
				<name>Small Car</name>
			</possibleresult>
			<points>
				<point>960.000000,916.000000</point>
				<point>954.000000,920.000000</point>
				<point>946.000000,904.000000</point>
				<point>952.000000,900.000000</point>
				<point>960.000000,916.000000</point>
			</points>
		</object>
		<object>
			<coordinate>pixel</coordinate>
			<type>rectangle</type>
			<description>None</description>
			<possibleresult>
				<name>Small Car</name>
			</possibleresult>
			<points>
				<point>973.000000,912.000000</point>
				<point>966.000000,917.000000</point>
				<point>957.000000,902.000000</point>
				<point>964.000000,897.000000</point>
				<point>973.000000,912.000000</point>
			</points>
		</object>
		<object>
			<coordinate>pixel</coordinate>
			<type>rectangle</type>
			<description>None</description>
			<possibleresult>
				<name>Small Car</name>
			</possibleresult>
			<points>
				<point>983.000000,906.000000</point>
				<point>976.000000,910.000000</point>
				<point>969.000000,898.000000</point>
				<point>975.000000,893.000000</point>
				<point>983.000000,906.000000</point>
			</points>
		</object>
		<object>
			<coordinate>pixel</coordinate>
			<type>rectangle</type>
			<description>None</description>
			<possibleresult>
				<name>Small Car</name>
			</possibleresult>
			<points>
				<point>972.000000,887.000000</point>
				<point>965.000000,891.000000</point>
				<point>957.000000,873.000000</point>
				<point>964.000000,869.000000</point>
				<point>972.000000,887.000000</point>
			</points>
		</object>
		<object>
			<coordinate>pixel</coordinate>
			<type>rectangle</type>
			<description>None</description>
			<possibleresult>
				<name>Small Car</name>
			</possibleresult>
			<points>
				<point>961.000000,891.000000</point>
				<point>953.000000,895.000000</point>
				<point>946.000000,878.000000</point>
				<point>954.000000,874.000000</point>
				<point>961.000000,891.000000</point>
			</points>
		</object>
		<object>
			<coordinate>pixel</coordinate>
			<type>rectangle</type>
			<description>None</description>
			<possibleresult>
				<name>Small Car</name>
			</possibleresult>
			<points>
				<point>950.000000,895.000000</point>
				<point>944.000000,898.000000</point>
				<point>935.000000,883.000000</point>
				<point>940.000000,879.000000</point>
				<point>950.000000,895.000000</point>
			</points>
		</object>
		<object>
			<coordinate>pixel</coordinate>
			<type>rectangle</type>
			<description>None</description>
			<possibleresult>
				<name>Small Car</name>
			</possibleresult>
			<points>
				<point>940.000000,899.000000</point>
				<point>933.000000,902.000000</point>
				<point>925.000000,885.000000</point>
				<point>931.000000,881.000000</point>
				<point>940.000000,899.000000</point>
			</points>
		</object>
		<object>
			<coordinate>pixel</coordinate>
			<type>rectangle</type>
			<description>None</description>
			<possibleresult>
				<name>Small Car</name>
			</possibleresult>
			<points>
				<point>927.000000,898.000000</point>
				<point>919.000000,902.000000</point>
				<point>913.000000,888.000000</point>
				<point>920.000000,885.000000</point>
				<point>927.000000,898.000000</point>
			</points>
		</object>
		<object>
			<coordinate>pixel</coordinate>
			<type>rectangle</type>
			<description>None</description>
			<possibleresult>
				<name>Small Car</name>
			</possibleresult>
			<points>
				<point>916.000000,904.000000</point>
				<point>910.000000,908.000000</point>
				<point>902.000000,892.000000</point>
				<point>907.000000,889.000000</point>
				<point>916.000000,904.000000</point>
			</points>
		</object>
		<object>
			<coordinate>pixel</coordinate>
			<type>rectangle</type>
			<description>None</description>
			<possibleresult>
				<name>Small Car</name>
			</possibleresult>
			<points>
				<point>906.000000,906.000000</point>
				<point>899.000000,909.000000</point>
				<point>890.000000,894.000000</point>
				<point>898.000000,890.000000</point>
				<point>906.000000,906.000000</point>
			</points>
		</object>
		<object>
			<coordinate>pixel</coordinate>
			<type>rectangle</type>
			<description>None</description>
			<possibleresult>
				<name>Small Car</name>
			</possibleresult>
			<points>
				<point>892.000000,909.000000</point>
				<point>886.000000,912.000000</point>
				<point>879.000000,899.000000</point>
				<point>884.000000,895.000000</point>
				<point>892.000000,909.000000</point>
			</points>
		</object>
		<object>
			<coordinate>pixel</coordinate>
			<type>rectangle</type>
			<description>None</description>
			<possibleresult>
				<name>Van</name>
			</possibleresult>
			<points>
				<point>884.000000,915.000000</point>
				<point>875.000000,919.000000</point>
				<point>868.000000,904.000000</point>
				<point>876.000000,899.000000</point>
				<point>884.000000,915.000000</point>
			</points>
		</object>
		<object>
			<coordinate>pixel</coordinate>
			<type>rectangle</type>
			<description>None</description>
			<possibleresult>
				<name>Van</name>
			</possibleresult>
			<points>
				<point>929.000000,926.000000</point>
				<point>923.000000,930.000000</point>
				<point>915.000000,915.000000</point>
				<point>921.000000,911.000000</point>
				<point>929.000000,926.000000</point>
			</points>
		</object>
		<object>
			<coordinate>pixel</coordinate>
			<type>rectangle</type>
			<description>None</description>
			<possibleresult>
				<name>Small Car</name>
			</possibleresult>
			<points>
				<point>917.000000,929.000000</point>
				<point>909.000000,933.000000</point>
				<point>902.000000,919.000000</point>
				<point>910.000000,915.000000</point>
				<point>917.000000,929.000000</point>
			</points>
		</object>
		<object>
			<coordinate>pixel</coordinate>
			<type>rectangle</type>
			<description>None</description>
			<possibleresult>
				<name>Small Car</name>
			</possibleresult>
			<points>
				<point>904.000000,933.000000</point>
				<point>897.000000,936.000000</point>
				<point>890.000000,922.000000</point>
				<point>896.000000,918.000000</point>
				<point>904.000000,933.000000</point>
			</points>
		</object>
		<object>
			<coordinate>pixel</coordinate>
			<type>rectangle</type>
			<description>None</description>
			<possibleresult>
				<name>Small Car</name>
			</possibleresult>
			<points>
				<point>894.000000,937.000000</point>
				<point>886.000000,941.000000</point>
				<point>878.000000,925.000000</point>
				<point>886.000000,921.000000</point>
				<point>894.000000,937.000000</point>
			</points>
		</object>
		<object>
			<coordinate>pixel</coordinate>
			<type>rectangle</type>
			<description>None</description>
			<possibleresult>
				<name>Small Car</name>
			</possibleresult>
			<points>
				<point>858.000000,922.000000</point>
				<point>851.000000,926.000000</point>
				<point>842.000000,910.000000</point>
				<point>850.000000,907.000000</point>
				<point>858.000000,922.000000</point>
			</points>
		</object>
		<object>
			<coordinate>pixel</coordinate>
			<type>rectangle</type>
			<description>None</description>
			<possibleresult>
				<name>Van</name>
			</possibleresult>
			<points>
				<point>835.000000,928.000000</point>
				<point>827.000000,932.000000</point>
				<point>819.000000,917.000000</point>
				<point>826.000000,912.000000</point>
				<point>835.000000,928.000000</point>
			</points>
		</object>
		<object>
			<coordinate>pixel</coordinate>
			<type>rectangle</type>
			<description>None</description>
			<possibleresult>
				<name>Small Car</name>
			</possibleresult>
			<points>
				<point>810.000000,933.000000</point>
				<point>802.000000,937.000000</point>
				<point>795.000000,923.000000</point>
				<point>803.000000,919.000000</point>
				<point>810.000000,933.000000</point>
			</points>
		</object>
		<object>
			<coordinate>pixel</coordinate>
			<type>rectangle</type>
			<description>None</description>
			<possibleresult>
				<name>Small Car</name>
			</possibleresult>
			<points>
				<point>800.000000,938.000000</point>
				<point>793.000000,942.000000</point>
				<point>784.000000,927.000000</point>
				<point>791.000000,923.000000</point>
				<point>800.000000,938.000000</point>
			</points>
		</object>
		<object>
			<coordinate>pixel</coordinate>
			<type>rectangle</type>
			<description>None</description>
			<possibleresult>
				<name>Dump Truck</name>
			</possibleresult>
			<points>
				<point>790.000000,944.000000</point>
				<point>783.000000,948.000000</point>
				<point>772.000000,929.000000</point>
				<point>780.000000,926.000000</point>
				<point>790.000000,944.000000</point>
			</points>
		</object>
		<object>
			<coordinate>pixel</coordinate>
			<type>rectangle</type>
			<description>None</description>
			<possibleresult>
				<name>Van</name>
			</possibleresult>
			<points>
				<point>867.000000,943.000000</point>
				<point>860.000000,946.000000</point>
				<point>853.000000,933.000000</point>
				<point>859.000000,929.000000</point>
				<point>867.000000,943.000000</point>
			</points>
		</object>
		<object>
			<coordinate>pixel</coordinate>
			<type>rectangle</type>
			<description>None</description>
			<possibleresult>
				<name>Van</name>
			</possibleresult>
			<points>
				<point>856.000000,945.000000</point>
				<point>849.000000,949.000000</point>
				<point>841.000000,935.000000</point>
				<point>848.000000,931.000000</point>
				<point>856.000000,945.000000</point>
			</points>
		</object>
		<object>
			<coordinate>pixel</coordinate>
			<type>rectangle</type>
			<description>None</description>
			<possibleresult>
				<name>Van</name>
			</possibleresult>
			<points>
				<point>845.000000,950.000000</point>
				<point>836.000000,955.000000</point>
				<point>829.000000,941.000000</point>
				<point>838.000000,936.000000</point>
				<point>845.000000,950.000000</point>
			</points>
		</object>
		<object>
			<coordinate>pixel</coordinate>
			<type>rectangle</type>
			<description>None</description>
			<possibleresult>
				<name>Van</name>
			</possibleresult>
			<points>
				<point>834.000000,954.000000</point>
				<point>827.000000,959.000000</point>
				<point>818.000000,943.000000</point>
				<point>825.000000,938.000000</point>
				<point>834.000000,954.000000</point>
			</points>
		</object>
		<object>
			<coordinate>pixel</coordinate>
			<type>rectangle</type>
			<description>None</description>
			<possibleresult>
				<name>Small Car</name>
			</possibleresult>
			<points>
				<point>824.000000,957.000000</point>
				<point>817.000000,961.000000</point>
				<point>808.000000,946.000000</point>
				<point>814.000000,941.000000</point>
				<point>824.000000,957.000000</point>
			</points>
		</object>
		<object>
			<coordinate>pixel</coordinate>
			<type>rectangle</type>
			<description>None</description>
			<possibleresult>
				<name>Van</name>
			</possibleresult>
			<points>
				<point>810.000000,959.000000</point>
				<point>802.000000,962.000000</point>
				<point>795.000000,948.000000</point>
				<point>803.000000,945.000000</point>
				<point>810.000000,959.000000</point>
			</points>
		</object>
		<object>
			<coordinate>pixel</coordinate>
			<type>rectangle</type>
			<description>None</description>
			<possibleresult>
				<name>Small Car</name>
			</possibleresult>
			<points>
				<point>777.000000,945.000000</point>
				<point>770.000000,949.000000</point>
				<point>763.000000,936.000000</point>
				<point>769.000000,933.000000</point>
				<point>777.000000,945.000000</point>
			</points>
		</object>
		<object>
			<coordinate>pixel</coordinate>
			<type>rectangle</type>
			<description>None</description>
			<possibleresult>
				<name>Small Car</name>
			</possibleresult>
			<points>
				<point>788.000000,969.000000</point>
				<point>781.000000,973.000000</point>
				<point>772.000000,957.000000</point>
				<point>780.000000,954.000000</point>
				<point>788.000000,969.000000</point>
			</points>
		</object>
		<object>
			<coordinate>pixel</coordinate>
			<type>rectangle</type>
			<description>None</description>
			<possibleresult>
				<name>Small Car</name>
			</possibleresult>
			<points>
				<point>757.000000,954.000000</point>
				<point>751.000000,957.000000</point>
				<point>739.000000,940.000000</point>
				<point>746.000000,936.000000</point>
				<point>757.000000,954.000000</point>
			</points>
		</object>
		<object>
			<coordinate>pixel</coordinate>
			<type>rectangle</type>
			<description>None</description>
			<possibleresult>
				<name>Small Car</name>
			</possibleresult>
			<points>
				<point>996.000000,952.000000</point>
				<point>990.000000,955.000000</point>
				<point>982.000000,940.000000</point>
				<point>988.000000,937.000000</point>
				<point>996.000000,952.000000</point>
			</points>
		</object>
		<object>
			<coordinate>pixel</coordinate>
			<type>rectangle</type>
			<description>None</description>
			<possibleresult>
				<name>Small Car</name>
			</possibleresult>
			<points>
				<point>965.000000,964.000000</point>
				<point>958.000000,968.000000</point>
				<point>950.000000,954.000000</point>
				<point>957.000000,950.000000</point>
				<point>965.000000,964.000000</point>
			</points>
		</object>
		<object>
			<coordinate>pixel</coordinate>
			<type>rectangle</type>
			<description>None</description>
			<possibleresult>
				<name>Van</name>
			</possibleresult>
			<points>
				<point>976.000000,987.000000</point>
				<point>970.000000,991.000000</point>
				<point>959.000000,974.000000</point>
				<point>966.000000,971.000000</point>
				<point>976.000000,987.000000</point>
			</points>
		</object>
		<object>
			<coordinate>pixel</coordinate>
			<type>rectangle</type>
			<description>None</description>
			<possibleresult>
				<name>Van</name>
			</possibleresult>
			<points>
				<point>963.000000,990.000000</point>
				<point>957.000000,993.000000</point>
				<point>948.000000,977.000000</point>
				<point>954.000000,974.000000</point>
				<point>963.000000,990.000000</point>
			</points>
		</object>
		<object>
			<coordinate>pixel</coordinate>
			<type>rectangle</type>
			<description>None</description>
			<possibleresult>
				<name>Van</name>
			</possibleresult>
			<points>
				<point>953.000000,992.000000</point>
				<point>947.000000,995.000000</point>
				<point>938.000000,981.000000</point>
				<point>943.000000,977.000000</point>
				<point>953.000000,992.000000</point>
			</points>
		</object>
		<object>
			<coordinate>pixel</coordinate>
			<type>rectangle</type>
			<description>None</description>
			<possibleresult>
				<name>Van</name>
			</possibleresult>
			<points>
				<point>942.000000,996.000000</point>
				<point>936.000000,999.000000</point>
				<point>928.000000,985.000000</point>
				<point>933.000000,981.000000</point>
				<point>942.000000,996.000000</point>
			</points>
		</object>
		<object>
			<coordinate>pixel</coordinate>
			<type>rectangle</type>
			<description>None</description>
			<possibleresult>
				<name>Van</name>
			</possibleresult>
			<points>
				<point>922.000000,1000.000000</point>
				<point>916.000000,987.000000</point>
				<point>922.000000,984.000000</point>
				<point>930.000000,998.000000</point>
				<point>922.000000,1000.000000</point>
			</points>
		</object>
		<object>
			<coordinate>pixel</coordinate>
			<type>rectangle</type>
			<description>None</description>
			<possibleresult>
				<name>Small Car</name>
			</possibleresult>
			<points>
				<point>943.000000,970.000000</point>
				<point>935.000000,974.000000</point>
				<point>928.000000,957.000000</point>
				<point>936.000000,953.000000</point>
				<point>943.000000,970.000000</point>
			</points>
		</object>
		<object>
			<coordinate>pixel</coordinate>
			<type>rectangle</type>
			<description>None</description>
			<possibleresult>
				<name>Small Car</name>
			</possibleresult>
			<points>
				<point>920.000000,978.000000</point>
				<point>912.000000,982.000000</point>
				<point>904.000000,966.000000</point>
				<point>912.000000,962.000000</point>
				<point>920.000000,978.000000</point>
			</points>
		</object>
		<object>
			<coordinate>pixel</coordinate>
			<type>rectangle</type>
			<description>None</description>
			<possibleresult>
				<name>Small Car</name>
			</possibleresult>
			<points>
				<point>908.000000,981.000000</point>
				<point>900.000000,984.000000</point>
				<point>893.000000,968.000000</point>
				<point>900.000000,964.000000</point>
				<point>908.000000,981.000000</point>
			</points>
		</object>
		<object>
			<coordinate>pixel</coordinate>
			<type>rectangle</type>
			<description>None</description>
			<possibleresult>
				<name>Small Car</name>
			</possibleresult>
			<points>
				<point>857.000000,996.000000</point>
				<point>850.000000,999.000000</point>
				<point>841.000000,982.000000</point>
				<point>848.000000,979.000000</point>
				<point>857.000000,996.000000</point>
			</points>
		</object>
		<object>
			<coordinate>pixel</coordinate>
			<type>rectangle</type>
			<description>None</description>
			<possibleresult>
				<name>Van</name>
			</possibleresult>
			<points>
				<point>618.000000,955.000000</point>
				<point>599.000000,955.000000</point>
				<point>599.000000,948.000000</point>
				<point>618.000000,948.000000</point>
				<point>618.000000,955.000000</point>
			</points>
		</object>
		<object>
			<coordinate>pixel</coordinate>
			<type>rectangle</type>
			<description>None</description>
			<possibleresult>
				<name>Small Car</name>
			</possibleresult>
			<points>
				<point>699.000000,899.000000</point>
				<point>684.000000,907.000000</point>
				<point>681.000000,901.000000</point>
				<point>696.000000,893.000000</point>
				<point>699.000000,899.000000</point>
			</points>
		</object>
		<object>
			<coordinate>pixel</coordinate>
			<type>rectangle</type>
			<description>None</description>
			<possibleresult>
				<name>Small Car</name>
			</possibleresult>
			<points>
				<point>687.000000,883.000000</point>
				<point>671.000000,890.000000</point>
				<point>669.000000,884.000000</point>
				<point>685.000000,877.000000</point>
				<point>687.000000,883.000000</point>
			</points>
		</object>
		<object>
			<coordinate>pixel</coordinate>
			<type>rectangle</type>
			<description>None</description>
			<possibleresult>
				<name>Small Car</name>
			</possibleresult>
			<points>
				<point>695.000000,805.000000</point>
				<point>678.000000,813.000000</point>
				<point>675.000000,806.000000</point>
				<point>692.000000,798.000000</point>
				<point>695.000000,805.000000</point>
			</points>
		</object>
		<object>
			<coordinate>pixel</coordinate>
			<type>rectangle</type>
			<description>None</description>
			<possibleresult>
				<name>Small Car</name>
			</possibleresult>
			<points>
				<point>646.000000,827.000000</point>
				<point>627.000000,835.000000</point>
				<point>624.000000,827.000000</point>
				<point>643.000000,819.000000</point>
				<point>646.000000,827.000000</point>
			</points>
		</object>
		<object>
			<coordinate>pixel</coordinate>
			<type>rectangle</type>
			<description>None</description>
			<possibleresult>
				<name>Van</name>
			</possibleresult>
			<points>
				<point>614.000000,787.000000</point>
				<point>595.000000,797.000000</point>
				<point>591.000000,790.000000</point>
				<point>611.000000,781.000000</point>
				<point>614.000000,787.000000</point>
			</points>
		</object>
		<object>
			<coordinate>pixel</coordinate>
			<type>rectangle</type>
			<description>None</description>
			<possibleresult>
				<name>Small Car</name>
			</possibleresult>
			<points>
				<point>659.000000,757.000000</point>
				<point>642.000000,764.000000</point>
				<point>640.000000,758.000000</point>
				<point>656.000000,750.000000</point>
				<point>659.000000,757.000000</point>
			</points>
		</object>
		<object>
			<coordinate>pixel</coordinate>
			<type>rectangle</type>
			<description>None</description>
			<possibleresult>
				<name>Small Car</name>
			</possibleresult>
			<points>
				<point>664.000000,765.000000</point>
				<point>647.000000,772.000000</point>
				<point>645.000000,766.000000</point>
				<point>661.000000,758.000000</point>
				<point>664.000000,765.000000</point>
			</points>
		</object>
		<object>
			<coordinate>pixel</coordinate>
			<type>rectangle</type>
			<description>None</description>
			<possibleresult>
				<name>Van</name>
			</possibleresult>
			<points>
				<point>602.000000,773.000000</point>
				<point>584.000000,782.000000</point>
				<point>580.000000,774.000000</point>
				<point>598.000000,765.000000</point>
				<point>602.000000,773.000000</point>
			</points>
		</object>
		<object>
			<coordinate>pixel</coordinate>
			<type>rectangle</type>
			<description>None</description>
			<possibleresult>
				<name>Van</name>
			</possibleresult>
			<points>
				<point>591.000000,765.000000</point>
				<point>576.000000,774.000000</point>
				<point>572.000000,767.000000</point>
				<point>588.000000,759.000000</point>
				<point>591.000000,765.000000</point>
			</points>
		</object>
		<object>
			<coordinate>pixel</coordinate>
			<type>rectangle</type>
			<description>None</description>
			<possibleresult>
				<name>Van</name>
			</possibleresult>
			<points>
				<point>583.000000,748.000000</point>
				<point>567.000000,757.000000</point>
				<point>563.000000,750.000000</point>
				<point>580.000000,742.000000</point>
				<point>583.000000,748.000000</point>
			</points>
		</object>
		<object>
			<coordinate>pixel</coordinate>
			<type>rectangle</type>
			<description>None</description>
			<possibleresult>
				<name>Small Car</name>
			</possibleresult>
			<points>
				<point>686.000000,547.000000</point>
				<point>680.000000,552.000000</point>
				<point>670.000000,539.000000</point>
				<point>676.000000,535.000000</point>
				<point>686.000000,547.000000</point>
			</points>
		</object>
		<object>
			<coordinate>pixel</coordinate>
			<type>rectangle</type>
			<description>None</description>
			<possibleresult>
				<name>Small Car</name>
			</possibleresult>
			<points>
				<point>676.000000,554.000000</point>
				<point>671.000000,559.000000</point>
				<point>657.000000,544.000000</point>
				<point>663.000000,540.000000</point>
				<point>676.000000,554.000000</point>
			</points>
		</object>
		<object>
			<coordinate>pixel</coordinate>
			<type>rectangle</type>
			<description>None</description>
			<possibleresult>
				<name>Small Car</name>
			</possibleresult>
			<points>
				<point>614.000000,583.000000</point>
				<point>609.000000,588.000000</point>
				<point>596.000000,574.000000</point>
				<point>602.000000,570.000000</point>
				<point>614.000000,583.000000</point>
			</points>
		</object>
		<object>
			<coordinate>pixel</coordinate>
			<type>rectangle</type>
			<description>None</description>
			<possibleresult>
				<name>Small Car</name>
			</possibleresult>
			<points>
				<point>605.000000,589.000000</point>
				<point>597.000000,595.000000</point>
				<point>586.000000,579.000000</point>
				<point>593.000000,574.000000</point>
				<point>605.000000,589.000000</point>
			</points>
		</object>
		<object>
			<coordinate>pixel</coordinate>
			<type>rectangle</type>
			<description>None</description>
			<possibleresult>
				<name>Small Car</name>
			</possibleresult>
			<points>
				<point>583.000000,599.000000</point>
				<point>579.000000,605.000000</point>
				<point>565.000000,594.000000</point>
				<point>569.000000,588.000000</point>
				<point>583.000000,599.000000</point>
			</points>
		</object>
		<object>
			<coordinate>pixel</coordinate>
			<type>rectangle</type>
			<description>None</description>
			<possibleresult>
				<name>Van</name>
			</possibleresult>
			<points>
				<point>575.000000,607.000000</point>
				<point>570.000000,612.000000</point>
				<point>555.000000,601.000000</point>
				<point>560.000000,596.000000</point>
				<point>575.000000,607.000000</point>
			</points>
		</object>
		<object>
			<coordinate>pixel</coordinate>
			<type>rectangle</type>
			<description>None</description>
			<possibleresult>
				<name>Small Car</name>
			</possibleresult>
			<points>
				<point>567.000000,613.000000</point>
				<point>564.000000,618.000000</point>
				<point>547.000000,608.000000</point>
				<point>549.000000,602.000000</point>
				<point>567.000000,613.000000</point>
			</points>
		</object>
		<object>
			<coordinate>pixel</coordinate>
			<type>rectangle</type>
			<description>None</description>
			<possibleresult>
				<name>Van</name>
			</possibleresult>
			<points>
				<point>792.000000,513.000000</point>
				<point>789.000000,529.000000</point>
				<point>780.000000,528.000000</point>
				<point>783.000000,512.000000</point>
				<point>792.000000,513.000000</point>
			</points>
		</object>
		<object>
			<coordinate>pixel</coordinate>
			<type>rectangle</type>
			<description>None</description>
			<possibleresult>
				<name>Van</name>
			</possibleresult>
			<points>
				<point>805.000000,519.000000</point>
				<point>799.000000,531.000000</point>
				<point>793.000000,528.000000</point>
				<point>799.000000,516.000000</point>
				<point>805.000000,519.000000</point>
			</points>
		</object>
		<object>
			<coordinate>pixel</coordinate>
			<type>rectangle</type>
			<description>None</description>
			<possibleresult>
				<name>Van</name>
			</possibleresult>
			<points>
				<point>818.000000,525.000000</point>
				<point>808.000000,540.000000</point>
				<point>801.000000,535.000000</point>
				<point>811.000000,520.000000</point>
				<point>818.000000,525.000000</point>
			</points>
		</object>
		<object>
			<coordinate>pixel</coordinate>
			<type>rectangle</type>
			<description>None</description>
			<possibleresult>
				<name>Dump Truck</name>
			</possibleresult>
			<points>
				<point>848.000000,549.000000</point>
				<point>835.000000,558.000000</point>
				<point>830.000000,553.000000</point>
				<point>844.000000,543.000000</point>
				<point>848.000000,549.000000</point>
			</points>
		</object>
		<object>
			<coordinate>pixel</coordinate>
			<type>rectangle</type>
			<description>None</description>
			<possibleresult>
				<name>Small Car</name>
			</possibleresult>
			<points>
				<point>839.000000,541.000000</point>
				<point>828.000000,551.000000</point>
				<point>822.000000,545.000000</point>
				<point>833.000000,535.000000</point>
				<point>839.000000,541.000000</point>
			</points>
		</object>
		<object>
			<coordinate>pixel</coordinate>
			<type>rectangle</type>
			<description>None</description>
			<possibleresult>
				<name>Van</name>
			</possibleresult>
			<points>
				<point>855.000000,556.000000</point>
				<point>840.000000,566.000000</point>
				<point>836.000000,561.000000</point>
				<point>851.000000,551.000000</point>
				<point>855.000000,556.000000</point>
			</points>
		</object>
		<object>
			<coordinate>pixel</coordinate>
			<type>rectangle</type>
			<description>None</description>
			<possibleresult>
				<name>Van</name>
			</possibleresult>
			<points>
				<point>883.000000,588.000000</point>
				<point>866.000000,596.000000</point>
				<point>863.000000,590.000000</point>
				<point>879.000000,581.000000</point>
				<point>883.000000,588.000000</point>
			</points>
		</object>
		<object>
			<coordinate>pixel</coordinate>
			<type>rectangle</type>
			<description>None</description>
			<possibleresult>
				<name>Small Car</name>
			</possibleresult>
			<points>
				<point>876.000000,580.000000</point>
				<point>859.000000,589.000000</point>
				<point>856.000000,582.000000</point>
				<point>872.000000,572.000000</point>
				<point>876.000000,580.000000</point>
			</points>
		</object>
		<object>
			<coordinate>pixel</coordinate>
			<type>rectangle</type>
			<description>None</description>
			<possibleresult>
				<name>Small Car</name>
			</possibleresult>
			<points>
				<point>871.000000,572.000000</point>
				<point>856.000000,581.000000</point>
				<point>853.000000,575.000000</point>
				<point>868.000000,566.000000</point>
				<point>871.000000,572.000000</point>
			</points>
		</object>
		<object>
			<coordinate>pixel</coordinate>
			<type>rectangle</type>
			<description>None</description>
			<possibleresult>
				<name>Small Car</name>
			</possibleresult>
			<points>
				<point>865.000000,564.000000</point>
				<point>845.000000,576.000000</point>
				<point>841.000000,570.000000</point>
				<point>862.000000,559.000000</point>
				<point>865.000000,564.000000</point>
			</points>
		</object>
		<object>
			<coordinate>pixel</coordinate>
			<type>rectangle</type>
			<description>None</description>
			<possibleresult>
				<name>Van</name>
			</possibleresult>
			<points>
				<point>446.000000,802.000000</point>
				<point>437.000000,802.000000</point>
				<point>437.000000,785.000000</point>
				<point>446.000000,785.000000</point>
				<point>446.000000,802.000000</point>
			</points>
		</object>
		<object>
			<coordinate>pixel</coordinate>
			<type>rectangle</type>
			<description>None</description>
			<possibleresult>
				<name>Small Car</name>
			</possibleresult>
			<points>
				<point>451.000000,893.000000</point>
				<point>442.000000,894.000000</point>
				<point>441.000000,877.000000</point>
				<point>450.000000,876.000000</point>
				<point>451.000000,893.000000</point>
			</points>
		</object>
		<object>
			<coordinate>pixel</coordinate>
			<type>rectangle</type>
			<description>None</description>
			<possibleresult>
				<name>Dump Truck</name>
			</possibleresult>
			<points>
				<point>412.000000,923.000000</point>
				<point>401.000000,923.000000</point>
				<point>401.000000,901.000000</point>
				<point>412.000000,901.000000</point>
				<point>412.000000,923.000000</point>
			</points>
		</object>
		<object>
			<coordinate>pixel</coordinate>
			<type>rectangle</type>
			<description>None</description>
			<possibleresult>
				<name>Small Car</name>
			</possibleresult>
			<points>
				<point>449.000000,960.000000</point>
				<point>441.000000,960.000000</point>
				<point>441.000000,942.000000</point>
				<point>449.000000,942.000000</point>
				<point>449.000000,960.000000</point>
			</points>
		</object>
		<object>
			<coordinate>pixel</coordinate>
			<type>rectangle</type>
			<description>None</description>
			<possibleresult>
				<name>Small Car</name>
			</possibleresult>
			<points>
				<point>450.000000,998.000000</point>
				<point>441.000000,998.000000</point>
				<point>441.000000,980.000000</point>
				<point>450.000000,980.000000</point>
				<point>450.000000,998.000000</point>
			</points>
		</object>
		<object>
			<coordinate>pixel</coordinate>
			<type>rectangle</type>
			<description>None</description>
			<possibleresult>
				<name>Small Car</name>
			</possibleresult>
			<points>
				<point>409.000000,993.000000</point>
				<point>399.000000,993.000000</point>
				<point>399.000000,977.000000</point>
				<point>409.000000,977.000000</point>
				<point>409.000000,993.000000</point>
			</points>
		</object>
		<object>
			<coordinate>pixel</coordinate>
			<type>rectangle</type>
			<description>None</description>
			<possibleresult>
				<name>Small Car</name>
			</possibleresult>
			<points>
				<point>442.000000,731.000000</point>
				<point>434.000000,731.000000</point>
				<point>432.000000,717.000000</point>
				<point>441.000000,716.000000</point>
				<point>442.000000,731.000000</point>
			</points>
		</object>
		<object>
			<coordinate>pixel</coordinate>
			<type>rectangle</type>
			<description>None</description>
			<possibleresult>
				<name>Van</name>
			</possibleresult>
			<points>
				<point>394.000000,693.000000</point>
				<point>386.000000,695.000000</point>
				<point>384.000000,679.000000</point>
				<point>392.000000,677.000000</point>
				<point>394.000000,693.000000</point>
			</points>
		</object>
		<object>
			<coordinate>pixel</coordinate>
			<type>rectangle</type>
			<description>None</description>
			<possibleresult>
				<name>Van</name>
			</possibleresult>
			<points>
				<point>436.000000,672.000000</point>
				<point>426.000000,672.000000</point>
				<point>425.000000,657.000000</point>
				<point>434.000000,656.000000</point>
				<point>436.000000,672.000000</point>
			</points>
		</object>
		<object>
			<coordinate>pixel</coordinate>
			<type>rectangle</type>
			<description>None</description>
			<possibleresult>
				<name>Van</name>
			</possibleresult>
			<points>
				<point>427.000000,591.000000</point>
				<point>415.000000,592.000000</point>
				<point>414.000000,573.000000</point>
				<point>425.000000,573.000000</point>
				<point>427.000000,591.000000</point>
			</points>
		</object>
		<object>
			<coordinate>pixel</coordinate>
			<type>rectangle</type>
			<description>None</description>
			<possibleresult>
				<name>Small Car</name>
			</possibleresult>
			<points>
				<point>371.000000,613.000000</point>
				<point>366.000000,619.000000</point>
				<point>353.000000,604.000000</point>
				<point>358.000000,598.000000</point>
				<point>371.000000,613.000000</point>
			</points>
		</object>
		<object>
			<coordinate>pixel</coordinate>
			<type>rectangle</type>
			<description>None</description>
			<possibleresult>
				<name>Small Car</name>
			</possibleresult>
			<points>
				<point>483.000000,356.000000</point>
				<point>476.000000,361.000000</point>
				<point>471.000000,354.000000</point>
				<point>478.000000,349.000000</point>
				<point>483.000000,356.000000</point>
			</points>
		</object>
		<object>
			<coordinate>pixel</coordinate>
			<type>rectangle</type>
			<description>None</description>
			<possibleresult>
				<name>Van</name>
			</possibleresult>
			<points>
				<point>480.000000,350.000000</point>
				<point>462.000000,350.000000</point>
				<point>462.000000,342.000000</point>
				<point>480.000000,342.000000</point>
				<point>480.000000,350.000000</point>
			</points>
		</object>
		<object>
			<coordinate>pixel</coordinate>
			<type>rectangle</type>
			<description>None</description>
			<possibleresult>
				<name>Small Car</name>
			</possibleresult>
			<points>
				<point>479.000000,342.000000</point>
				<point>461.000000,342.000000</point>
				<point>461.000000,334.000000</point>
				<point>479.000000,334.000000</point>
				<point>479.000000,342.000000</point>
			</points>
		</object>
		<object>
			<coordinate>pixel</coordinate>
			<type>rectangle</type>
			<description>None</description>
			<possibleresult>
				<name>Van</name>
			</possibleresult>
			<points>
				<point>480.000000,332.000000</point>
				<point>465.000000,332.000000</point>
				<point>465.000000,325.000000</point>
				<point>480.000000,325.000000</point>
				<point>480.000000,332.000000</point>
			</points>
		</object>
		<object>
			<coordinate>pixel</coordinate>
			<type>rectangle</type>
			<description>None</description>
			<possibleresult>
				<name>Van</name>
			</possibleresult>
			<points>
				<point>477.000000,319.000000</point>
				<point>457.000000,320.000000</point>
				<point>457.000000,313.000000</point>
				<point>476.000000,311.000000</point>
				<point>477.000000,319.000000</point>
			</points>
		</object>
		<object>
			<coordinate>pixel</coordinate>
			<type>rectangle</type>
			<description>None</description>
			<possibleresult>
				<name>Van</name>
			</possibleresult>
			<points>
				<point>476.000000,303.000000</point>
				<point>455.000000,306.000000</point>
				<point>454.000000,299.000000</point>
				<point>476.000000,297.000000</point>
				<point>476.000000,303.000000</point>
			</points>
		</object>
		<object>
			<coordinate>pixel</coordinate>
			<type>rectangle</type>
			<description>None</description>
			<possibleresult>
				<name>Small Car</name>
			</possibleresult>
			<points>
				<point>535.000000,340.000000</point>
				<point>514.000000,340.000000</point>
				<point>514.000000,333.000000</point>
				<point>535.000000,333.000000</point>
				<point>535.000000,340.000000</point>
			</points>
		</object>
		<object>
			<coordinate>pixel</coordinate>
			<type>rectangle</type>
			<description>None</description>
			<possibleresult>
				<name>Van</name>
			</possibleresult>
			<points>
				<point>504.000000,225.000000</point>
				<point>488.000000,230.000000</point>
				<point>485.000000,224.000000</point>
				<point>502.000000,218.000000</point>
				<point>504.000000,225.000000</point>
			</points>
		</object>
		<object>
			<coordinate>pixel</coordinate>
			<type>rectangle</type>
			<description>None</description>
			<possibleresult>
				<name>Dump Truck</name>
			</possibleresult>
			<points>
				<point>502.000000,218.000000</point>
				<point>479.000000,224.000000</point>
				<point>477.000000,214.000000</point>
				<point>500.000000,208.000000</point>
				<point>502.000000,218.000000</point>
			</points>
		</object>
		<object>
			<coordinate>pixel</coordinate>
			<type>rectangle</type>
			<description>None</description>
			<possibleresult>
				<name>Van</name>
			</possibleresult>
			<points>
				<point>507.000000,235.000000</point>
				<point>492.000000,241.000000</point>
				<point>489.000000,234.000000</point>
				<point>504.000000,228.000000</point>
				<point>507.000000,235.000000</point>
			</points>
		</object>
		<object>
			<coordinate>pixel</coordinate>
			<type>rectangle</type>
			<description>None</description>
			<possibleresult>
				<name>Van</name>
			</possibleresult>
			<points>
				<point>517.000000,241.000000</point>
				<point>499.000000,248.000000</point>
				<point>496.000000,242.000000</point>
				<point>514.000000,235.000000</point>
				<point>517.000000,241.000000</point>
			</points>
		</object>
		<object>
			<coordinate>pixel</coordinate>
			<type>rectangle</type>
			<description>None</description>
			<possibleresult>
				<name>Small Car</name>
			</possibleresult>
			<points>
				<point>524.000000,251.000000</point>
				<point>505.000000,256.000000</point>
				<point>504.000000,250.000000</point>
				<point>522.000000,244.000000</point>
				<point>524.000000,251.000000</point>
			</points>
		</object>
		<object>
			<coordinate>pixel</coordinate>
			<type>rectangle</type>
			<description>None</description>
			<possibleresult>
				<name>Van</name>
			</possibleresult>
			<points>
				<point>566.000000,263.000000</point>
				<point>543.000000,267.000000</point>
				<point>542.000000,258.000000</point>
				<point>565.000000,254.000000</point>
				<point>566.000000,263.000000</point>
			</points>
		</object>
		<object>
			<coordinate>pixel</coordinate>
			<type>rectangle</type>
			<description>None</description>
			<possibleresult>
				<name>Van</name>
			</possibleresult>
			<points>
				<point>661.000000,275.000000</point>
				<point>654.000000,278.000000</point>
				<point>648.000000,263.000000</point>
				<point>655.000000,260.000000</point>
				<point>661.000000,275.000000</point>
			</points>
		</object>
		<object>
			<coordinate>pixel</coordinate>
			<type>rectangle</type>
			<description>None</description>
			<possibleresult>
				<name>Small Car</name>
			</possibleresult>
			<points>
				<point>650.000000,280.000000</point>
				<point>643.000000,284.000000</point>
				<point>636.000000,267.000000</point>
				<point>642.000000,264.000000</point>
				<point>650.000000,280.000000</point>
			</points>
		</object>
		<object>
			<coordinate>pixel</coordinate>
			<type>rectangle</type>
			<description>None</description>
			<possibleresult>
				<name>Van</name>
			</possibleresult>
			<points>
				<point>639.000000,284.000000</point>
				<point>631.000000,288.000000</point>
				<point>623.000000,269.000000</point>
				<point>632.000000,265.000000</point>
				<point>639.000000,284.000000</point>
			</points>
		</object>
		<object>
			<coordinate>pixel</coordinate>
			<type>rectangle</type>
			<description>None</description>
			<possibleresult>
				<name>Van</name>
			</possibleresult>
			<points>
				<point>624.000000,285.000000</point>
				<point>617.000000,288.000000</point>
				<point>610.000000,273.000000</point>
				<point>616.000000,269.000000</point>
				<point>624.000000,285.000000</point>
			</points>
		</object>
		<object>
			<coordinate>pixel</coordinate>
			<type>rectangle</type>
			<description>None</description>
			<possibleresult>
				<name>Small Car</name>
			</possibleresult>
			<points>
				<point>600.000000,292.000000</point>
				<point>591.000000,296.000000</point>
				<point>584.000000,279.000000</point>
				<point>594.000000,276.000000</point>
				<point>600.000000,292.000000</point>
			</points>
		</object>
		<object>
			<coordinate>pixel</coordinate>
			<type>rectangle</type>
			<description>None</description>
			<possibleresult>
				<name>Van</name>
			</possibleresult>
			<points>
				<point>861.000000,166.000000</point>
				<point>847.000000,178.000000</point>
				<point>842.000000,174.000000</point>
				<point>856.000000,162.000000</point>
				<point>861.000000,166.000000</point>
			</points>
		</object>
		<object>
			<coordinate>pixel</coordinate>
			<type>rectangle</type>
			<description>None</description>
			<possibleresult>
				<name>Van</name>
			</possibleresult>
			<points>
				<point>645.000000,395.000000</point>
				<point>637.000000,397.000000</point>
				<point>633.000000,381.000000</point>
				<point>641.000000,379.000000</point>
				<point>645.000000,395.000000</point>
			</points>
		</object>
		<object>
			<coordinate>pixel</coordinate>
			<type>rectangle</type>
			<description>None</description>
			<possibleresult>
				<name>Small Car</name>
			</possibleresult>
			<points>
				<point>571.000000,364.000000</point>
				<point>564.000000,367.000000</point>
				<point>557.000000,351.000000</point>
				<point>565.000000,349.000000</point>
				<point>571.000000,364.000000</point>
			</points>
		</object>
		<object>
			<coordinate>pixel</coordinate>
			<type>rectangle</type>
			<description>None</description>
			<possibleresult>
				<name>Van</name>
			</possibleresult>
			<points>
				<point>532.000000,418.000000</point>
				<point>524.000000,423.000000</point>
				<point>515.000000,407.000000</point>
				<point>523.000000,403.000000</point>
				<point>532.000000,418.000000</point>
			</points>
		</object>
		<object>
			<coordinate>pixel</coordinate>
			<type>rectangle</type>
			<description>None</description>
			<possibleresult>
				<name>Small Car</name>
			</possibleresult>
			<points>
				<point>933.000000,288.000000</point>
				<point>915.000000,294.000000</point>
				<point>913.000000,288.000000</point>
				<point>931.000000,282.000000</point>
				<point>933.000000,288.000000</point>
			</points>
		</object>
		<object>
			<coordinate>pixel</coordinate>
			<type>rectangle</type>
			<description>None</description>
			<possibleresult>
				<name>Van</name>
			</possibleresult>
			<points>
				<point>967.000000,308.000000</point>
				<point>948.000000,314.000000</point>
				<point>946.000000,306.000000</point>
				<point>964.000000,299.000000</point>
				<point>967.000000,308.000000</point>
			</points>
		</object>
		<object>
			<coordinate>pixel</coordinate>
			<type>rectangle</type>
			<description>None</description>
			<possibleresult>
				<name>Van</name>
			</possibleresult>
			<points>
				<point>662.000000,437.000000</point>
				<point>644.000000,441.000000</point>
				<point>642.000000,433.000000</point>
				<point>660.000000,429.000000</point>
				<point>662.000000,437.000000</point>
			</points>
		</object>
		<object>
			<coordinate>pixel</coordinate>
			<type>rectangle</type>
			<description>None</description>
			<possibleresult>
				<name>Small Car</name>
			</possibleresult>
			<points>
				<point>575.000000,457.000000</point>
				<point>554.000000,461.000000</point>
				<point>553.000000,453.000000</point>
				<point>573.000000,448.000000</point>
				<point>575.000000,457.000000</point>
			</points>
		</object>
		<object>
			<coordinate>pixel</coordinate>
			<type>rectangle</type>
			<description>None</description>
			<possibleresult>
				<name>Small Car</name>
			</possibleresult>
			<points>
				<point>492.000000,475.000000</point>
				<point>473.000000,479.000000</point>
				<point>472.000000,472.000000</point>
				<point>491.000000,468.000000</point>
				<point>492.000000,475.000000</point>
			</points>
		</object>
		<object>
			<coordinate>pixel</coordinate>
			<type>rectangle</type>
			<description>None</description>
			<possibleresult>
				<name>Small Car</name>
			</possibleresult>
			<points>
				<point>501.000000,484.000000</point>
				<point>480.000000,490.000000</point>
				<point>478.000000,484.000000</point>
				<point>500.000000,479.000000</point>
				<point>501.000000,484.000000</point>
			</points>
		</object>
		<object>
			<coordinate>pixel</coordinate>
			<type>rectangle</type>
			<description>None</description>
			<possibleresult>
				<name>Van</name>
			</possibleresult>
			<points>
				<point>409.000000,481.000000</point>
				<point>401.000000,482.000000</point>
				<point>400.000000,468.000000</point>
				<point>408.000000,467.000000</point>
				<point>409.000000,481.000000</point>
			</points>
		</object>
		<object>
			<coordinate>pixel</coordinate>
			<type>rectangle</type>
			<description>None</description>
			<possibleresult>
				<name>Small Car</name>
			</possibleresult>
			<points>
				<point>304.000000,536.000000</point>
				<point>284.000000,543.000000</point>
				<point>282.000000,535.000000</point>
				<point>301.000000,527.000000</point>
				<point>304.000000,536.000000</point>
			</points>
		</object>
		<object>
			<coordinate>pixel</coordinate>
			<type>rectangle</type>
			<description>None</description>
			<possibleresult>
				<name>Van</name>
			</possibleresult>
			<points>
				<point>381.000000,418.000000</point>
				<point>372.000000,420.000000</point>
				<point>370.000000,403.000000</point>
				<point>379.000000,401.000000</point>
				<point>381.000000,418.000000</point>
			</points>
		</object>
		<object>
			<coordinate>pixel</coordinate>
			<type>rectangle</type>
			<description>None</description>
			<possibleresult>
				<name>Dump Truck</name>
			</possibleresult>
			<points>
				<point>372.000000,455.000000</point>
				<point>359.000000,457.000000</point>
				<point>354.000000,425.000000</point>
				<point>368.000000,424.000000</point>
				<point>372.000000,455.000000</point>
			</points>
		</object>
		<object>
			<coordinate>pixel</coordinate>
			<type>rectangle</type>
			<description>None</description>
			<possibleresult>
				<name>Cargo Truck</name>
			</possibleresult>
			<points>
				<point>416.000000,364.000000</point>
				<point>404.000000,366.000000</point>
				<point>394.000000,315.000000</point>
				<point>406.000000,313.000000</point>
				<point>416.000000,364.000000</point>
			</points>
		</object>
		<object>
			<coordinate>pixel</coordinate>
			<type>rectangle</type>
			<description>None</description>
			<possibleresult>
				<name>Van</name>
			</possibleresult>
			<points>
				<point>397.000000,386.000000</point>
				<point>388.000000,387.000000</point>
				<point>386.000000,372.000000</point>
				<point>394.000000,370.000000</point>
				<point>397.000000,386.000000</point>
			</points>
		</object>
		<object>
			<coordinate>pixel</coordinate>
			<type>rectangle</type>
			<description>None</description>
			<possibleresult>
				<name>Small Car</name>
			</possibleresult>
			<points>
				<point>371.000000,355.000000</point>
				<point>363.000000,356.000000</point>
				<point>360.000000,338.000000</point>
				<point>369.000000,338.000000</point>
				<point>371.000000,355.000000</point>
			</points>
		</object>
		<object>
			<coordinate>pixel</coordinate>
			<type>rectangle</type>
			<description>None</description>
			<possibleresult>
				<name>Small Car</name>
			</possibleresult>
			<points>
				<point>348.000000,300.000000</point>
				<point>340.000000,300.000000</point>
				<point>340.000000,286.000000</point>
				<point>348.000000,286.000000</point>
				<point>348.000000,300.000000</point>
			</points>
		</object>
		<object>
			<coordinate>pixel</coordinate>
			<type>rectangle</type>
			<description>None</description>
			<possibleresult>
				<name>Van</name>
			</possibleresult>
			<points>
				<point>383.000000,277.000000</point>
				<point>375.000000,278.000000</point>
				<point>373.000000,263.000000</point>
				<point>380.000000,261.000000</point>
				<point>383.000000,277.000000</point>
			</points>
		</object>
		<object>
			<coordinate>pixel</coordinate>
			<type>rectangle</type>
			<description>None</description>
			<possibleresult>
				<name>Small Car</name>
			</possibleresult>
			<points>
				<point>337.000000,231.000000</point>
				<point>329.000000,232.000000</point>
				<point>328.000000,217.000000</point>
				<point>336.000000,216.000000</point>
				<point>337.000000,231.000000</point>
			</points>
		</object>
		<object>
			<coordinate>pixel</coordinate>
			<type>rectangle</type>
			<description>None</description>
			<possibleresult>
				<name>Van</name>
			</possibleresult>
			<points>
				<point>371.000000,191.000000</point>
				<point>363.000000,193.000000</point>
				<point>361.000000,178.000000</point>
				<point>368.000000,177.000000</point>
				<point>371.000000,191.000000</point>
			</points>
		</object>
		<object>
			<coordinate>pixel</coordinate>
			<type>rectangle</type>
			<description>None</description>
			<possibleresult>
				<name>Dump Truck</name>
			</possibleresult>
			<points>
				<point>338.000000,193.000000</point>
				<point>325.000000,195.000000</point>
				<point>320.000000,162.000000</point>
				<point>334.000000,161.000000</point>
				<point>338.000000,193.000000</point>
			</points>
		</object>
		<object>
			<coordinate>pixel</coordinate>
			<type>rectangle</type>
			<description>None</description>
			<possibleresult>
				<name>Dump Truck</name>
			</possibleresult>
			<points>
				<point>325.000000,113.000000</point>
				<point>316.000000,114.000000</point>
				<point>313.000000,96.000000</point>
				<point>322.000000,95.000000</point>
				<point>325.000000,113.000000</point>
			</points>
		</object>
		<object>
			<coordinate>pixel</coordinate>
			<type>rectangle</type>
			<description>None</description>
			<possibleresult>
				<name>Dump Truck</name>
			</possibleresult>
			<points>
				<point>358.000000,78.000000</point>
				<point>350.000000,79.000000</point>
				<point>348.000000,63.000000</point>
				<point>356.000000,62.000000</point>
				<point>358.000000,78.000000</point>
			</points>
		</object>
		<object>
			<coordinate>pixel</coordinate>
			<type>rectangle</type>
			<description>None</description>
			<possibleresult>
				<name>Dump Truck</name>
			</possibleresult>
			<points>
				<point>315.000000,54.000000</point>
				<point>307.000000,54.000000</point>
				<point>304.000000,32.000000</point>
				<point>313.000000,32.000000</point>
				<point>315.000000,54.000000</point>
			</points>
		</object>
		<object>
			<coordinate>pixel</coordinate>
			<type>rectangle</type>
			<description>None</description>
			<possibleresult>
				<name>Van</name>
			</possibleresult>
			<points>
				<point>300.000000,56.000000</point>
				<point>291.000000,57.000000</point>
				<point>288.000000,34.000000</point>
				<point>297.000000,33.000000</point>
				<point>300.000000,56.000000</point>
			</points>
		</object>
		<object>
			<coordinate>pixel</coordinate>
			<type>rectangle</type>
			<description>None</description>
			<possibleresult>
				<name>Small Car</name>
			</possibleresult>
			<points>
				<point>561.000000,64.000000</point>
				<point>542.000000,69.000000</point>
				<point>540.000000,62.000000</point>
				<point>559.000000,57.000000</point>
				<point>561.000000,64.000000</point>
			</points>
		</object>
		<object>
			<coordinate>pixel</coordinate>
			<type>rectangle</type>
			<description>None</description>
			<possibleresult>
				<name>Small Car</name>
			</possibleresult>
			<points>
				<point>547.000000,38.000000</point>
				<point>531.000000,43.000000</point>
				<point>529.000000,37.000000</point>
				<point>545.000000,32.000000</point>
				<point>547.000000,38.000000</point>
			</points>
		</object>
		<object>
			<coordinate>pixel</coordinate>
			<type>rectangle</type>
			<description>None</description>
			<possibleresult>
				<name>Small Car</name>
			</possibleresult>
			<points>
				<point>551.000000,47.000000</point>
				<point>530.000000,54.000000</point>
				<point>527.000000,46.000000</point>
				<point>549.000000,40.000000</point>
				<point>551.000000,47.000000</point>
			</points>
		</object>
		<object>
			<coordinate>pixel</coordinate>
			<type>rectangle</type>
			<description>None</description>
			<possibleresult>
				<name>Small Car</name>
			</possibleresult>
			<points>
				<point>540.000000,20.000000</point>
				<point>520.000000,27.000000</point>
				<point>517.000000,20.000000</point>
				<point>538.000000,14.000000</point>
				<point>540.000000,20.000000</point>
			</points>
		</object>
		<object>
			<coordinate>pixel</coordinate>
			<type>rectangle</type>
			<description>None</description>
			<possibleresult>
				<name>Small Car</name>
			</possibleresult>
			<points>
				<point>535.000000,12.000000</point>
				<point>515.000000,19.000000</point>
				<point>513.000000,13.000000</point>
				<point>534.000000,7.000000</point>
				<point>535.000000,12.000000</point>
			</points>
		</object>
		<object>
			<coordinate>pixel</coordinate>
			<type>rectangle</type>
			<description>None</description>
			<possibleresult>
				<name>Van</name>
			</possibleresult>
			<points>
				<point>610.000000,30.000000</point>
				<point>591.000000,36.000000</point>
				<point>589.000000,29.000000</point>
				<point>608.000000,23.000000</point>
				<point>610.000000,30.000000</point>
			</points>
		</object>
		<object>
			<coordinate>pixel</coordinate>
			<type>rectangle</type>
			<description>None</description>
			<possibleresult>
				<name>Small Car</name>
			</possibleresult>
			<points>
				<point>614.000000,39.000000</point>
				<point>596.000000,45.000000</point>
				<point>594.000000,38.000000</point>
				<point>612.000000,32.000000</point>
				<point>614.000000,39.000000</point>
			</points>
		</object>
		<object>
			<coordinate>pixel</coordinate>
			<type>rectangle</type>
			<description>None</description>
			<possibleresult>
				<name>Van</name>
			</possibleresult>
			<points>
				<point>642.000000,41.000000</point>
				<point>624.000000,47.000000</point>
				<point>622.000000,40.000000</point>
				<point>640.000000,34.000000</point>
				<point>642.000000,41.000000</point>
			</points>
		</object>
		<object>
			<coordinate>pixel</coordinate>
			<type>rectangle</type>
			<description>None</description>
			<possibleresult>
				<name>Van</name>
			</possibleresult>
			<points>
				<point>638.000000,31.000000</point>
				<point>620.000000,37.000000</point>
				<point>618.000000,31.000000</point>
				<point>636.000000,25.000000</point>
				<point>638.000000,31.000000</point>
			</points>
		</object>
		<object>
			<coordinate>pixel</coordinate>
			<type>rectangle</type>
			<description>None</description>
			<possibleresult>
				<name>Van</name>
			</possibleresult>
			<points>
				<point>636.000000,23.000000</point>
				<point>615.000000,30.000000</point>
				<point>613.000000,22.000000</point>
				<point>634.000000,15.000000</point>
				<point>636.000000,23.000000</point>
			</points>
		</object>
		<object>
			<coordinate>pixel</coordinate>
			<type>rectangle</type>
			<description>None</description>
			<possibleresult>
				<name>Van</name>
			</possibleresult>
			<points>
				<point>629.000000,16.000000</point>
				<point>610.000000,22.000000</point>
				<point>608.000000,14.000000</point>
				<point>627.000000,8.000000</point>
				<point>629.000000,16.000000</point>
			</points>
		</object>
		<object>
			<coordinate>pixel</coordinate>
			<type>rectangle</type>
			<description>None</description>
			<possibleresult>
				<name>Van</name>
			</possibleresult>
			<points>
				<point>652.000000,80.000000</point>
				<point>632.000000,86.000000</point>
				<point>630.000000,78.000000</point>
				<point>650.000000,72.000000</point>
				<point>652.000000,80.000000</point>
			</points>
		</object>
		<object>
			<coordinate>pixel</coordinate>
			<type>rectangle</type>
			<description>None</description>
			<possibleresult>
				<name>Small Car</name>
			</possibleresult>
			<points>
				<point>594.000000,7.000000</point>
				<point>575.000000,13.000000</point>
				<point>573.000000,5.000000</point>
				<point>592.000000,0.000000</point>
				<point>594.000000,7.000000</point>
			</points>
		</object>
		<object>
			<coordinate>pixel</coordinate>
			<type>rectangle</type>
			<description>None</description>
			<possibleresult>
				<name>Small Car</name>
			</possibleresult>
			<points>
				<point>721.000000,18.000000</point>
				<point>702.000000,25.000000</point>
				<point>699.000000,18.000000</point>
				<point>718.000000,11.000000</point>
				<point>721.000000,18.000000</point>
			</points>
		</object>
		<object>
			<coordinate>pixel</coordinate>
			<type>rectangle</type>
			<description>None</description>
			<possibleresult>
				<name>Van</name>
			</possibleresult>
			<points>
				<point>694.000000,14.000000</point>
				<point>675.000000,20.000000</point>
				<point>674.000000,13.000000</point>
				<point>692.000000,8.000000</point>
				<point>694.000000,14.000000</point>
			</points>
		</object>
		<object>
			<coordinate>pixel</coordinate>
			<type>rectangle</type>
			<description>None</description>
			<possibleresult>
				<name>Small Car</name>
			</possibleresult>
			<points>
				<point>697.000000,24.000000</point>
				<point>680.000000,30.000000</point>
				<point>677.000000,24.000000</point>
				<point>694.000000,18.000000</point>
				<point>697.000000,24.000000</point>
			</points>
		</object>
		<object>
			<coordinate>pixel</coordinate>
			<type>rectangle</type>
			<description>None</description>
			<possibleresult>
				<name>Small Car</name>
			</possibleresult>
			<points>
				<point>781.000000,0.000000</point>
				<point>781.000000,0.000000</point>
				<point>781.000000,0.000000</point>
				<point>781.000000,0.000000</point>
				<point>781.000000,0.000000</point>
			</points>
		</object>
		<object>
			<coordinate>pixel</coordinate>
			<type>rectangle</type>
			<description>None</description>
			<possibleresult>
				<name>Van</name>
			</possibleresult>
			<points>
				<point>82.000000,520.000000</point>
				<point>75.000000,524.000000</point>
				<point>67.000000,510.000000</point>
				<point>74.000000,506.000000</point>
				<point>82.000000,520.000000</point>
			</points>
		</object>
		<object>
			<coordinate>pixel</coordinate>
			<type>rectangle</type>
			<description>None</description>
			<possibleresult>
				<name>Small Car</name>
			</possibleresult>
			<points>
				<point>93.000000,515.000000</point>
				<point>87.000000,518.000000</point>
				<point>79.000000,503.000000</point>
				<point>84.000000,499.000000</point>
				<point>93.000000,515.000000</point>
			</points>
		</object>
		<object>
			<coordinate>pixel</coordinate>
			<type>rectangle</type>
			<description>None</description>
			<possibleresult>
				<name>Van</name>
			</possibleresult>
			<points>
				<point>104.000000,509.000000</point>
				<point>98.000000,513.000000</point>
				<point>88.000000,497.000000</point>
				<point>94.000000,494.000000</point>
				<point>104.000000,509.000000</point>
			</points>
		</object>
		<object>
			<coordinate>pixel</coordinate>
			<type>rectangle</type>
			<description>None</description>
			<possibleresult>
				<name>Van</name>
			</possibleresult>
			<points>
				<point>118.000000,510.000000</point>
				<point>109.000000,514.000000</point>
				<point>102.000000,496.000000</point>
				<point>110.000000,492.000000</point>
				<point>118.000000,510.000000</point>
			</points>
		</object>
		<object>
			<coordinate>pixel</coordinate>
			<type>rectangle</type>
			<description>None</description>
			<possibleresult>
				<name>Van</name>
			</possibleresult>
			<points>
				<point>96.000000,463.000000</point>
				<point>87.000000,466.000000</point>
				<point>81.000000,451.000000</point>
				<point>90.000000,448.000000</point>
				<point>96.000000,463.000000</point>
			</points>
		</object>
		<object>
			<coordinate>pixel</coordinate>
			<type>rectangle</type>
			<description>None</description>
			<possibleresult>
				<name>Van</name>
			</possibleresult>
			<points>
				<point>86.000000,464.000000</point>
				<point>79.000000,468.000000</point>
				<point>71.000000,453.000000</point>
				<point>78.000000,449.000000</point>
				<point>86.000000,464.000000</point>
			</points>
		</object>
		<object>
			<coordinate>pixel</coordinate>
			<type>rectangle</type>
			<description>None</description>
			<possibleresult>
				<name>Van</name>
			</possibleresult>
			<points>
				<point>73.000000,468.000000</point>
				<point>67.000000,472.000000</point>
				<point>58.000000,457.000000</point>
				<point>65.000000,453.000000</point>
				<point>73.000000,468.000000</point>
			</points>
		</object>
		<object>
			<coordinate>pixel</coordinate>
			<type>rectangle</type>
			<description>None</description>
			<possibleresult>
				<name>Intersection</name>
			</possibleresult>
			<points>
				<point>478.000000,545.000000</point>
				<point>334.000000,580.000000</point>
				<point>309.000000,477.000000</point>
				<point>453.000000,442.000000</point>
				<point>478.000000,545.000000</point>
			</points>
		</object>
		<object>
			<coordinate>pixel</coordinate>
			<type>rectangle</type>
			<description>None</description>
			<possibleresult>
				<name>Intersection</name>
			</possibleresult>
			<points>
				<point>948.000000,437.000000</point>
				<point>845.000000,473.000000</point>
				<point>808.000000,367.000000</point>
				<point>911.000000,330.000000</point>
				<point>948.000000,437.000000</point>
			</points>
		</object>
		<object>
			<coordinate>pixel</coordinate>
			<type>rectangle</type>
			<description>None</description>
			<possibleresult>
				<name>Small Car</name>
			</possibleresult>
			<points>
				<point>543.000000,29.000000</point>
				<point>524.000000,36.000000</point>
				<point>521.000000,29.000000</point>
				<point>541.000000,22.000000</point>
				<point>543.000000,29.000000</point>
			</points>
		</object>
		<object>
			<coordinate>pixel</coordinate>
			<type>rectangle</type>
			<description>None</description>
			<possibleresult>
				<name>Dump Truck</name>
			</possibleresult>
			<points>
				<point>966.000000,801.000000</point>
				<point>955.000000,810.000000</point>
				<point>939.000000,791.000000</point>
				<point>949.000000,781.000000</point>
				<point>966.000000,801.000000</point>
			</points>
		</object>
		<object>
			<coordinate>pixel</coordinate>
			<type>rectangle</type>
			<description>None</description>
			<possibleresult>
				<name>other-vehicle</name>
			</possibleresult>
			<points>
				<point>448.000000,818.000000</point>
				<point>438.000000,818.000000</point>
				<point>438.000000,805.000000</point>
				<point>448.000000,805.000000</point>
				<point>448.000000,818.000000</point>
			</points>
		</object>
	</objects>
</annotation>