<?xml version="1.0" encoding="utf-8"?>
<annotation>
	<source>
		<filename>776.tif</filename>
		<origin>GF2/GF3</origin>
	</source>
	<research>
		<version>1.0</version>
		<provider>FAIR1M</provider>
		<author>Cyber</author>
		<pluginname>FAIR1M</pluginname>
		<pluginclass>object detection</pluginclass>
		<time>2021-07-21</time>
	</research>
	<size>
		<width>1000</width>
		<height>1000</height>
		<depth>3</depth>
	</size>
	<objects>
		<object>
			<coordinate>pixel</coordinate>
			<type>rectangle</type>
			<description>None</description>
			<possibleresult>
				<name>Van</name>
			</possibleresult>
			<points>
				<point>262.000000,112.000000</point>
				<point>233.000000,113.000000</point>
				<point>232.000000,105.000000</point>
				<point>262.000000,104.000000</point>
				<point>262.000000,112.000000</point>
			</points>
		</object>
		<object>
			<coordinate>pixel</coordinate>
			<type>rectangle</type>
			<description>None</description>
			<possibleresult>
				<name>Small Car</name>
			</possibleresult>
			<points>
				<point>539.000000,411.000000</point>
				<point>529.000000,411.000000</point>
				<point>529.000000,398.000000</point>
				<point>539.000000,398.000000</point>
				<point>539.000000,411.000000</point>
			</points>
		</object>
		<object>
			<coordinate>pixel</coordinate>
			<type>rectangle</type>
			<description>None</description>
			<possibleresult>
				<name>Small Car</name>
			</possibleresult>
			<points>
				<point>539.000000,396.000000</point>
				<point>530.000000,396.000000</point>
				<point>530.000000,379.000000</point>
				<point>539.000000,379.000000</point>
				<point>539.000000,396.000000</point>
			</points>
		</object>
		<object>
			<coordinate>pixel</coordinate>
			<type>rectangle</type>
			<description>None</description>
			<possibleresult>
				<name>Small Car</name>
			</possibleresult>
			<points>
				<point>539.000000,376.000000</point>
				<point>530.000000,376.000000</point>
				<point>530.000000,359.000000</point>
				<point>539.000000,359.000000</point>
				<point>539.000000,376.000000</point>
			</points>
		</object>
		<object>
			<coordinate>pixel</coordinate>
			<type>rectangle</type>
			<description>None</description>
			<possibleresult>
				<name>Van</name>
			</possibleresult>
			<points>
				<point>619.000000,307.000000</point>
				<point>596.000000,307.000000</point>
				<point>596.000000,299.000000</point>
				<point>619.000000,299.000000</point>
				<point>619.000000,307.000000</point>
			</points>
		</object>
		<object>
			<coordinate>pixel</coordinate>
			<type>rectangle</type>
			<description>None</description>
			<possibleresult>
				<name>Van</name>
			</possibleresult>
			<points>
				<point>575.000000,339.000000</point>
				<point>567.000000,339.000000</point>
				<point>567.000000,326.000000</point>
				<point>575.000000,326.000000</point>
				<point>575.000000,339.000000</point>
			</points>
		</object>
		<object>
			<coordinate>pixel</coordinate>
			<type>rectangle</type>
			<description>None</description>
			<possibleresult>
				<name>Van</name>
			</possibleresult>
			<points>
				<point>576.000000,378.000000</point>
				<point>567.000000,378.000000</point>
				<point>567.000000,364.000000</point>
				<point>576.000000,364.000000</point>
				<point>576.000000,378.000000</point>
			</points>
		</object>
		<object>
			<coordinate>pixel</coordinate>
			<type>rectangle</type>
			<description>None</description>
			<possibleresult>
				<name>Small Car</name>
			</possibleresult>
			<points>
				<point>577.000000,399.000000</point>
				<point>565.000000,400.000000</point>
				<point>563.000000,382.000000</point>
				<point>576.000000,382.000000</point>
				<point>577.000000,399.000000</point>
			</points>
		</object>
		<object>
			<coordinate>pixel</coordinate>
			<type>rectangle</type>
			<description>None</description>
			<possibleresult>
				<name>Small Car</name>
			</possibleresult>
			<points>
				<point>575.000000,420.000000</point>
				<point>565.000000,420.000000</point>
				<point>565.000000,405.000000</point>
				<point>575.000000,405.000000</point>
				<point>575.000000,420.000000</point>
			</points>
		</object>
		<object>
			<coordinate>pixel</coordinate>
			<type>rectangle</type>
			<description>None</description>
			<possibleresult>
				<name>Van</name>
			</possibleresult>
			<points>
				<point>441.000000,477.000000</point>
				<point>415.000000,477.000000</point>
				<point>415.000000,469.000000</point>
				<point>441.000000,469.000000</point>
				<point>441.000000,477.000000</point>
			</points>
		</object>
		<object>
			<coordinate>pixel</coordinate>
			<type>rectangle</type>
			<description>None</description>
			<possibleresult>
				<name>Small Car</name>
			</possibleresult>
			<points>
				<point>288.000000,64.000000</point>
				<point>270.000000,64.000000</point>
				<point>270.000000,58.000000</point>
				<point>288.000000,58.000000</point>
				<point>288.000000,64.000000</point>
			</points>
		</object>
		<object>
			<coordinate>pixel</coordinate>
			<type>rectangle</type>
			<description>None</description>
			<possibleresult>
				<name>Van</name>
			</possibleresult>
			<points>
				<point>319.000000,65.000000</point>
				<point>298.000000,65.000000</point>
				<point>298.000000,56.000000</point>
				<point>319.000000,56.000000</point>
				<point>319.000000,65.000000</point>
			</points>
		</object>
		<object>
			<coordinate>pixel</coordinate>
			<type>rectangle</type>
			<description>None</description>
			<possibleresult>
				<name>Small Car</name>
			</possibleresult>
			<points>
				<point>402.000000,64.000000</point>
				<point>378.000000,65.000000</point>
				<point>378.000000,57.000000</point>
				<point>402.000000,56.000000</point>
				<point>402.000000,64.000000</point>
			</points>
		</object>
		<object>
			<coordinate>pixel</coordinate>
			<type>rectangle</type>
			<description>None</description>
			<possibleresult>
				<name>Small Car</name>
			</possibleresult>
			<points>
				<point>468.000000,98.000000</point>
				<point>445.000000,99.000000</point>
				<point>445.000000,90.000000</point>
				<point>468.000000,89.000000</point>
				<point>468.000000,98.000000</point>
			</points>
		</object>
		<object>
			<coordinate>pixel</coordinate>
			<type>rectangle</type>
			<description>None</description>
			<possibleresult>
				<name>Van</name>
			</possibleresult>
			<points>
				<point>540.000000,216.000000</point>
				<point>530.000000,216.000000</point>
				<point>529.000000,198.000000</point>
				<point>539.000000,198.000000</point>
				<point>540.000000,216.000000</point>
			</points>
		</object>
		<object>
			<coordinate>pixel</coordinate>
			<type>rectangle</type>
			<description>None</description>
			<possibleresult>
				<name>Dump Truck</name>
			</possibleresult>
			<points>
				<point>540.000000,250.000000</point>
				<point>531.000000,251.000000</point>
				<point>529.000000,233.000000</point>
				<point>538.000000,232.000000</point>
				<point>540.000000,250.000000</point>
			</points>
		</object>
		<object>
			<coordinate>pixel</coordinate>
			<type>rectangle</type>
			<description>None</description>
			<possibleresult>
				<name>Van</name>
			</possibleresult>
			<points>
				<point>497.000000,269.000000</point>
				<point>478.000000,269.000000</point>
				<point>478.000000,262.000000</point>
				<point>497.000000,262.000000</point>
				<point>497.000000,269.000000</point>
			</points>
		</object>
		<object>
			<coordinate>pixel</coordinate>
			<type>rectangle</type>
			<description>None</description>
			<possibleresult>
				<name>Van</name>
			</possibleresult>
			<points>
				<point>185.000000,299.000000</point>
				<point>179.000000,313.000000</point>
				<point>170.000000,309.000000</point>
				<point>177.000000,296.000000</point>
				<point>185.000000,299.000000</point>
			</points>
		</object>
		<object>
			<coordinate>pixel</coordinate>
			<type>rectangle</type>
			<description>None</description>
			<possibleresult>
				<name>Small Car</name>
			</possibleresult>
			<points>
				<point>124.000000,475.000000</point>
				<point>103.000000,475.000000</point>
				<point>103.000000,468.000000</point>
				<point>124.000000,468.000000</point>
				<point>124.000000,475.000000</point>
			</points>
		</object>
		<object>
			<coordinate>pixel</coordinate>
			<type>rectangle</type>
			<description>None</description>
			<possibleresult>
				<name>Van</name>
			</possibleresult>
			<points>
				<point>154.000000,476.000000</point>
				<point>131.000000,476.000000</point>
				<point>131.000000,469.000000</point>
				<point>154.000000,469.000000</point>
				<point>154.000000,476.000000</point>
			</points>
		</object>
		<object>
			<coordinate>pixel</coordinate>
			<type>rectangle</type>
			<description>None</description>
			<possibleresult>
				<name>Van</name>
			</possibleresult>
			<points>
				<point>27.000000,609.000000</point>
				<point>7.000000,609.000000</point>
				<point>7.000000,603.000000</point>
				<point>27.000000,603.000000</point>
				<point>27.000000,609.000000</point>
			</points>
		</object>
		<object>
			<coordinate>pixel</coordinate>
			<type>rectangle</type>
			<description>None</description>
			<possibleresult>
				<name>Van</name>
			</possibleresult>
			<points>
				<point>69.000000,612.000000</point>
				<point>46.000000,612.000000</point>
				<point>46.000000,605.000000</point>
				<point>69.000000,605.000000</point>
				<point>69.000000,612.000000</point>
			</points>
		</object>
		<object>
			<coordinate>pixel</coordinate>
			<type>rectangle</type>
			<description>None</description>
			<possibleresult>
				<name>Van</name>
			</possibleresult>
			<points>
				<point>211.000000,805.000000</point>
				<point>201.000000,808.000000</point>
				<point>196.000000,793.000000</point>
				<point>205.000000,789.000000</point>
				<point>211.000000,805.000000</point>
			</points>
		</object>
		<object>
			<coordinate>pixel</coordinate>
			<type>rectangle</type>
			<description>None</description>
			<possibleresult>
				<name>Intersection</name>
			</possibleresult>
			<points>
				<point>601.000000,116.000000</point>
				<point>526.000000,119.000000</point>
				<point>524.000000,49.000000</point>
				<point>599.000000,46.000000</point>
				<point>601.000000,116.000000</point>
			</points>
		</object>
		<object>
			<coordinate>pixel</coordinate>
			<type>rectangle</type>
			<description>None</description>
			<possibleresult>
				<name>Van</name>
			</possibleresult>
			<points>
				<point>680.000000,260.000000</point>
				<point>658.000000,260.000000</point>
				<point>658.000000,253.000000</point>
				<point>680.000000,253.000000</point>
				<point>680.000000,260.000000</point>
			</points>
		</object>
		<object>
			<coordinate>pixel</coordinate>
			<type>rectangle</type>
			<description>None</description>
			<possibleresult>
				<name>Van</name>
			</possibleresult>
			<points>
				<point>681.000000,251.000000</point>
				<point>659.000000,251.000000</point>
				<point>659.000000,244.000000</point>
				<point>681.000000,244.000000</point>
				<point>681.000000,251.000000</point>
			</points>
		</object>
		<object>
			<coordinate>pixel</coordinate>
			<type>rectangle</type>
			<description>None</description>
			<possibleresult>
				<name>Van</name>
			</possibleresult>
			<points>
				<point>741.000000,287.000000</point>
				<point>733.000000,294.000000</point>
				<point>720.000000,281.000000</point>
				<point>727.000000,273.000000</point>
				<point>741.000000,287.000000</point>
			</points>
		</object>
		<object>
			<coordinate>pixel</coordinate>
			<type>rectangle</type>
			<description>None</description>
			<possibleresult>
				<name>Van</name>
			</possibleresult>
			<points>
				<point>781.000000,252.000000</point>
				<point>773.000000,252.000000</point>
				<point>773.000000,237.000000</point>
				<point>781.000000,237.000000</point>
				<point>781.000000,252.000000</point>
			</points>
		</object>
		<object>
			<coordinate>pixel</coordinate>
			<type>rectangle</type>
			<description>None</description>
			<possibleresult>
				<name>Small Car</name>
			</possibleresult>
			<points>
				<point>801.000000,251.000000</point>
				<point>789.000000,251.000000</point>
				<point>789.000000,236.000000</point>
				<point>801.000000,236.000000</point>
				<point>801.000000,251.000000</point>
			</points>
		</object>
		<object>
			<coordinate>pixel</coordinate>
			<type>rectangle</type>
			<description>None</description>
			<possibleresult>
				<name>Small Car</name>
			</possibleresult>
			<points>
				<point>818.000000,251.000000</point>
				<point>808.000000,251.000000</point>
				<point>807.000000,238.000000</point>
				<point>816.000000,237.000000</point>
				<point>818.000000,251.000000</point>
			</points>
		</object>
		<object>
			<coordinate>pixel</coordinate>
			<type>rectangle</type>
			<description>None</description>
			<possibleresult>
				<name>Van</name>
			</possibleresult>
			<points>
				<point>784.000000,270.000000</point>
				<point>775.000000,270.000000</point>
				<point>775.000000,256.000000</point>
				<point>784.000000,256.000000</point>
				<point>784.000000,270.000000</point>
			</points>
		</object>
		<object>
			<coordinate>pixel</coordinate>
			<type>rectangle</type>
			<description>None</description>
			<possibleresult>
				<name>Small Car</name>
			</possibleresult>
			<points>
				<point>885.000000,272.000000</point>
				<point>876.000000,273.000000</point>
				<point>874.000000,256.000000</point>
				<point>884.000000,256.000000</point>
				<point>885.000000,272.000000</point>
			</points>
		</object>
		<object>
			<coordinate>pixel</coordinate>
			<type>rectangle</type>
			<description>None</description>
			<possibleresult>
				<name>Van</name>
			</possibleresult>
			<points>
				<point>895.000000,268.000000</point>
				<point>887.000000,269.000000</point>
				<point>886.000000,254.000000</point>
				<point>894.000000,253.000000</point>
				<point>895.000000,268.000000</point>
			</points>
		</object>
		<object>
			<coordinate>pixel</coordinate>
			<type>rectangle</type>
			<description>None</description>
			<possibleresult>
				<name>Small Car</name>
			</possibleresult>
			<points>
				<point>975.000000,269.000000</point>
				<point>966.000000,269.000000</point>
				<point>966.000000,253.000000</point>
				<point>975.000000,253.000000</point>
				<point>975.000000,269.000000</point>
			</points>
		</object>
	</objects>
</annotation>