<?xml version="1.0" encoding="utf-8"?>
<annotation>
	<source>
		<filename>778.tif</filename>
		<origin>GF2/GF3</origin>
	</source>
	<research>
		<version>1.0</version>
		<provider>FAIR1M</provider>
		<author>Cyber</author>
		<pluginname>FAIR1M</pluginname>
		<pluginclass>object detection</pluginclass>
		<time>2021-07-21</time>
	</research>
	<size>
		<width>1000</width>
		<height>1000</height>
		<depth>3</depth>
	</size>
	<objects>
		<object>
			<coordinate>pixel</coordinate>
			<type>rectangle</type>
			<description>None</description>
			<possibleresult>
				<name>other-airplane</name>
			</possibleresult>
			<points>
				<point>948.000000,587.000000</point>
				<point>967.000000,622.000000</point>
				<point>1005.000000,600.000000</point>
				<point>985.000000,566.000000</point>
				<point>948.000000,587.000000</point>
			</points>
		</object>
		<object>
			<coordinate>pixel</coordinate>
			<type>rectangle</type>
			<description>None</description>
			<possibleresult>
				<name>A321</name>
			</possibleresult>
			<points>
				<point>899.000000,611.000000</point>
				<point>927.000000,657.000000</point>
				<point>964.000000,634.000000</point>
				<point>935.000000,589.000000</point>
				<point>899.000000,611.000000</point>
			</points>
		</object>
		<object>
			<coordinate>pixel</coordinate>
			<type>rectangle</type>
			<description>None</description>
			<possibleresult>
				<name>A220</name>
			</possibleresult>
			<points>
				<point>965.000000,361.000000</point>
				<point>938.000000,318.000000</point>
				<point>901.000000,342.000000</point>
				<point>927.000000,384.000000</point>
				<point>965.000000,361.000000</point>
			</points>
		</object>
		<object>
			<coordinate>pixel</coordinate>
			<type>rectangle</type>
			<description>None</description>
			<possibleresult>
				<name>Boeing737</name>
			</possibleresult>
			<points>
				<point>1011.000000,334.000000</point>
				<point>985.000000,293.000000</point>
				<point>947.000000,317.000000</point>
				<point>973.000000,358.000000</point>
				<point>1011.000000,334.000000</point>
			</points>
		</object>
		<object>
			<coordinate>pixel</coordinate>
			<type>rectangle</type>
			<description>None</description>
			<possibleresult>
				<name>A220</name>
			</possibleresult>
			<points>
				<point>833.000000,450.000000</point>
				<point>804.000000,409.000000</point>
				<point>768.000000,434.000000</point>
				<point>797.000000,476.000000</point>
				<point>833.000000,450.000000</point>
			</points>
		</object>
		<object>
			<coordinate>pixel</coordinate>
			<type>rectangle</type>
			<description>None</description>
			<possibleresult>
				<name>A220</name>
			</possibleresult>
			<points>
				<point>730.000000,371.000000</point>
				<point>691.000000,400.000000</point>
				<point>715.000000,433.000000</point>
				<point>754.000000,404.000000</point>
				<point>730.000000,371.000000</point>
			</points>
		</object>
		<object>
			<coordinate>pixel</coordinate>
			<type>rectangle</type>
			<description>None</description>
			<possibleresult>
				<name>A220</name>
			</possibleresult>
			<points>
				<point>695.000000,334.000000</point>
				<point>744.000000,329.000000</point>
				<point>740.000000,286.000000</point>
				<point>691.000000,291.000000</point>
				<point>695.000000,334.000000</point>
			</points>
		</object>
		<object>
			<coordinate>pixel</coordinate>
			<type>rectangle</type>
			<description>None</description>
			<possibleresult>
				<name>Boeing737</name>
			</possibleresult>
			<points>
				<point>787.000000,816.000000</point>
				<point>813.000000,855.000000</point>
				<point>850.000000,831.000000</point>
				<point>824.000000,792.000000</point>
				<point>787.000000,816.000000</point>
			</points>
		</object>
	</objects>
</annotation>