<?xml version="1.0" encoding="utf-8"?>
<annotation>
	<source>
		<filename>784.tif</filename>
		<origin>GF2/GF3</origin>
	</source>
	<research>
		<version>1.0</version>
		<provider>FAIR1M</provider>
		<author>Cyber</author>
		<pluginname>FAIR1M</pluginname>
		<pluginclass>object detection</pluginclass>
		<time>2021-07-21</time>
	</research>
	<size>
		<width>1000</width>
		<height>1000</height>
		<depth>3</depth>
	</size>
	<objects>
		<object>
			<coordinate>pixel</coordinate>
			<type>rectangle</type>
			<description>None</description>
			<possibleresult>
				<name>other-airplane</name>
			</possibleresult>
			<points>
				<point>16.000000,298.000000</point>
				<point>38.000000,331.000000</point>
				<point>69.000000,311.000000</point>
				<point>47.000000,278.000000</point>
				<point>16.000000,298.000000</point>
			</points>
		</object>
		<object>
			<coordinate>pixel</coordinate>
			<type>rectangle</type>
			<description>None</description>
			<possibleresult>
				<name>other-airplane</name>
			</possibleresult>
			<points>
				<point>284.000000,137.000000</point>
				<point>320.000000,115.000000</point>
				<point>301.000000,84.000000</point>
				<point>265.000000,106.000000</point>
				<point>284.000000,137.000000</point>
			</points>
		</object>
		<object>
			<coordinate>pixel</coordinate>
			<type>rectangle</type>
			<description>None</description>
			<possibleresult>
				<name>other-airplane</name>
			</possibleresult>
			<points>
				<point>254.000000,87.000000</point>
				<point>293.000000,63.000000</point>
				<point>273.000000,30.000000</point>
				<point>234.000000,55.000000</point>
				<point>254.000000,87.000000</point>
			</points>
		</object>
		<object>
			<coordinate>pixel</coordinate>
			<type>rectangle</type>
			<description>None</description>
			<possibleresult>
				<name>other-airplane</name>
			</possibleresult>
			<points>
				<point>218.000000,38.000000</point>
				<point>255.000000,16.000000</point>
				<point>235.000000,-17.000000</point>
				<point>199.000000,5.000000</point>
				<point>218.000000,38.000000</point>
			</points>
		</object>
	</objects>
</annotation>