<?xml version="1.0" encoding="utf-8"?>
<annotation>
	<source>
		<filename>788.tif</filename>
		<origin>GF2/GF3</origin>
	</source>
	<research>
		<version>1.0</version>
		<provider>FAIR1M</provider>
		<author>Cyber</author>
		<pluginname>FAIR1M</pluginname>
		<pluginclass>object detection</pluginclass>
		<time>2021-07-21</time>
	</research>
	<size>
		<width>1000</width>
		<height>1000</height>
		<depth>3</depth>
	</size>
	<objects>
		<object>
			<coordinate>pixel</coordinate>
			<type>rectangle</type>
			<description>None</description>
			<possibleresult>
				<name>Van</name>
			</possibleresult>
			<points>
				<point>105.000000,205.000000</point>
				<point>80.000000,214.000000</point>
				<point>76.000000,204.000000</point>
				<point>102.000000,196.000000</point>
				<point>105.000000,205.000000</point>
			</points>
		</object>
		<object>
			<coordinate>pixel</coordinate>
			<type>rectangle</type>
			<description>None</description>
			<possibleresult>
				<name>Small Car</name>
			</possibleresult>
			<points>
				<point>955.000000,16.000000</point>
				<point>948.000000,24.000000</point>
				<point>933.000000,11.000000</point>
				<point>940.000000,3.000000</point>
				<point>955.000000,16.000000</point>
			</points>
		</object>
		<object>
			<coordinate>pixel</coordinate>
			<type>rectangle</type>
			<description>None</description>
			<possibleresult>
				<name>Small Car</name>
			</possibleresult>
			<points>
				<point>946.000000,22.000000</point>
				<point>942.000000,29.000000</point>
				<point>928.000000,19.000000</point>
				<point>932.000000,12.000000</point>
				<point>946.000000,22.000000</point>
			</points>
		</object>
		<object>
			<coordinate>pixel</coordinate>
			<type>rectangle</type>
			<description>None</description>
			<possibleresult>
				<name>Small Car</name>
			</possibleresult>
			<points>
				<point>696.000000,788.000000</point>
				<point>685.000000,793.000000</point>
				<point>676.000000,775.000000</point>
				<point>687.000000,770.000000</point>
				<point>696.000000,788.000000</point>
			</points>
		</object>
		<object>
			<coordinate>pixel</coordinate>
			<type>rectangle</type>
			<description>None</description>
			<possibleresult>
				<name>Dump Truck</name>
			</possibleresult>
			<points>
				<point>947.000000,871.000000</point>
				<point>923.000000,873.000000</point>
				<point>923.000000,864.000000</point>
				<point>946.000000,861.000000</point>
				<point>947.000000,871.000000</point>
			</points>
		</object>
		<object>
			<coordinate>pixel</coordinate>
			<type>rectangle</type>
			<description>None</description>
			<possibleresult>
				<name>Small Car</name>
			</possibleresult>
			<points>
				<point>684.000000,770.000000</point>
				<point>674.000000,774.000000</point>
				<point>667.000000,753.000000</point>
				<point>678.000000,750.000000</point>
				<point>684.000000,770.000000</point>
			</points>
		</object>
		<object>
			<coordinate>pixel</coordinate>
			<type>rectangle</type>
			<description>None</description>
			<possibleresult>
				<name>Small Car</name>
			</possibleresult>
			<points>
				<point>938.000000,40.000000</point>
				<point>934.000000,47.000000</point>
				<point>913.000000,36.000000</point>
				<point>918.000000,28.000000</point>
				<point>938.000000,40.000000</point>
			</points>
		</object>
		<object>
			<coordinate>pixel</coordinate>
			<type>rectangle</type>
			<description>None</description>
			<possibleresult>
				<name>Van</name>
			</possibleresult>
			<points>
				<point>924.000000,54.000000</point>
				<point>919.000000,61.000000</point>
				<point>903.000000,52.000000</point>
				<point>908.000000,45.000000</point>
				<point>924.000000,54.000000</point>
			</points>
		</object>
		<object>
			<coordinate>pixel</coordinate>
			<type>rectangle</type>
			<description>None</description>
			<possibleresult>
				<name>Van</name>
			</possibleresult>
			<points>
				<point>919.000000,61.000000</point>
				<point>915.000000,69.000000</point>
				<point>897.000000,61.000000</point>
				<point>900.000000,52.000000</point>
				<point>919.000000,61.000000</point>
			</points>
		</object>
		<object>
			<coordinate>pixel</coordinate>
			<type>rectangle</type>
			<description>None</description>
			<possibleresult>
				<name>Van</name>
			</possibleresult>
			<points>
				<point>907.000000,76.000000</point>
				<point>903.000000,84.000000</point>
				<point>884.000000,75.000000</point>
				<point>887.000000,66.000000</point>
				<point>907.000000,76.000000</point>
			</points>
		</object>
		<object>
			<coordinate>pixel</coordinate>
			<type>rectangle</type>
			<description>None</description>
			<possibleresult>
				<name>Van</name>
			</possibleresult>
			<points>
				<point>900.000000,84.000000</point>
				<point>896.000000,93.000000</point>
				<point>879.000000,84.000000</point>
				<point>882.000000,76.000000</point>
				<point>900.000000,84.000000</point>
			</points>
		</object>
		<object>
			<coordinate>pixel</coordinate>
			<type>rectangle</type>
			<description>None</description>
			<possibleresult>
				<name>Dump Truck</name>
			</possibleresult>
			<points>
				<point>856.000000,149.000000</point>
				<point>851.000000,157.000000</point>
				<point>833.000000,146.000000</point>
				<point>837.000000,137.000000</point>
				<point>856.000000,149.000000</point>
			</points>
		</object>
		<object>
			<coordinate>pixel</coordinate>
			<type>rectangle</type>
			<description>None</description>
			<possibleresult>
				<name>Bus</name>
			</possibleresult>
			<points>
				<point>882.000000,824.000000</point>
				<point>870.000000,831.000000</point>
				<point>854.000000,801.000000</point>
				<point>866.000000,794.000000</point>
				<point>882.000000,824.000000</point>
			</points>
		</object>
		<object>
			<coordinate>pixel</coordinate>
			<type>rectangle</type>
			<description>None</description>
			<possibleresult>
				<name>Bus</name>
			</possibleresult>
			<points>
				<point>923.000000,833.000000</point>
				<point>913.000000,836.000000</point>
				<point>908.000000,820.000000</point>
				<point>918.000000,817.000000</point>
				<point>923.000000,833.000000</point>
			</points>
		</object>
		<object>
			<coordinate>pixel</coordinate>
			<type>rectangle</type>
			<description>None</description>
			<possibleresult>
				<name>Bus</name>
			</possibleresult>
			<points>
				<point>836.000000,819.000000</point>
				<point>826.000000,824.000000</point>
				<point>802.000000,780.000000</point>
				<point>812.000000,775.000000</point>
				<point>836.000000,819.000000</point>
			</points>
		</object>
		<object>
			<coordinate>pixel</coordinate>
			<type>rectangle</type>
			<description>None</description>
			<possibleresult>
				<name>Bus</name>
			</possibleresult>
			<points>
				<point>970.000000,860.000000</point>
				<point>957.000000,865.000000</point>
				<point>940.000000,822.000000</point>
				<point>953.000000,817.000000</point>
				<point>970.000000,860.000000</point>
			</points>
		</object>
		<object>
			<coordinate>pixel</coordinate>
			<type>rectangle</type>
			<description>None</description>
			<possibleresult>
				<name>Small Car</name>
			</possibleresult>
			<points>
				<point>985.000000,855.000000</point>
				<point>980.000000,861.000000</point>
				<point>968.000000,851.000000</point>
				<point>973.000000,845.000000</point>
				<point>985.000000,855.000000</point>
			</points>
		</object>
		<object>
			<coordinate>pixel</coordinate>
			<type>rectangle</type>
			<description>None</description>
			<possibleresult>
				<name>Van</name>
			</possibleresult>
			<points>
				<point>924.000000,807.000000</point>
				<point>922.000000,815.000000</point>
				<point>900.000000,808.000000</point>
				<point>903.000000,801.000000</point>
				<point>924.000000,807.000000</point>
			</points>
		</object>
		<object>
			<coordinate>pixel</coordinate>
			<type>rectangle</type>
			<description>None</description>
			<possibleresult>
				<name>Small Car</name>
			</possibleresult>
			<points>
				<point>887.000000,105.000000</point>
				<point>882.000000,111.000000</point>
				<point>869.000000,99.000000</point>
				<point>874.000000,93.000000</point>
				<point>887.000000,105.000000</point>
			</points>
		</object>
		<object>
			<coordinate>pixel</coordinate>
			<type>rectangle</type>
			<description>None</description>
			<possibleresult>
				<name>Small Car</name>
			</possibleresult>
			<points>
				<point>732.000000,829.000000</point>
				<point>730.000000,839.000000</point>
				<point>708.000000,836.000000</point>
				<point>709.000000,825.000000</point>
				<point>732.000000,829.000000</point>
			</points>
		</object>
		<object>
			<coordinate>pixel</coordinate>
			<type>rectangle</type>
			<description>None</description>
			<possibleresult>
				<name>Van</name>
			</possibleresult>
			<points>
				<point>715.000000,825.000000</point>
				<point>700.000000,830.000000</point>
				<point>688.000000,798.000000</point>
				<point>702.000000,792.000000</point>
				<point>715.000000,825.000000</point>
			</points>
		</object>
		<object>
			<coordinate>pixel</coordinate>
			<type>rectangle</type>
			<description>None</description>
			<possibleresult>
				<name>Cargo Truck</name>
			</possibleresult>
			<points>
				<point>942.000000,858.000000</point>
				<point>929.000000,864.000000</point>
				<point>917.000000,834.000000</point>
				<point>929.000000,829.000000</point>
				<point>942.000000,858.000000</point>
			</points>
		</object>
		<object>
			<coordinate>pixel</coordinate>
			<type>rectangle</type>
			<description>None</description>
			<possibleresult>
				<name>Small Car</name>
			</possibleresult>
			<points>
				<point>55.000000,30.000000</point>
				<point>37.000000,39.000000</point>
				<point>33.000000,31.000000</point>
				<point>51.000000,22.000000</point>
				<point>55.000000,30.000000</point>
			</points>
		</object>
		<object>
			<coordinate>pixel</coordinate>
			<type>rectangle</type>
			<description>None</description>
			<possibleresult>
				<name>Small Car</name>
			</possibleresult>
			<points>
				<point>35.000000,19.000000</point>
				<point>19.000000,29.000000</point>
				<point>13.000000,20.000000</point>
				<point>30.000000,11.000000</point>
				<point>35.000000,19.000000</point>
			</points>
		</object>
		<object>
			<coordinate>pixel</coordinate>
			<type>rectangle</type>
			<description>None</description>
			<possibleresult>
				<name>Excavator</name>
			</possibleresult>
			<points>
				<point>208.000000,285.000000</point>
				<point>150.000000,298.000000</point>
				<point>146.000000,280.000000</point>
				<point>204.000000,267.000000</point>
				<point>208.000000,285.000000</point>
			</points>
		</object>
		<object>
			<coordinate>pixel</coordinate>
			<type>rectangle</type>
			<description>None</description>
			<possibleresult>
				<name>Cargo Truck</name>
			</possibleresult>
			<points>
				<point>316.000000,117.000000</point>
				<point>311.000000,144.000000</point>
				<point>298.000000,143.000000</point>
				<point>302.000000,115.000000</point>
				<point>316.000000,117.000000</point>
			</points>
		</object>
		<object>
			<coordinate>pixel</coordinate>
			<type>rectangle</type>
			<description>None</description>
			<possibleresult>
				<name>Small Car</name>
			</possibleresult>
			<points>
				<point>341.000000,113.000000</point>
				<point>338.000000,138.000000</point>
				<point>326.000000,136.000000</point>
				<point>330.000000,112.000000</point>
				<point>341.000000,113.000000</point>
			</points>
		</object>
		<object>
			<coordinate>pixel</coordinate>
			<type>rectangle</type>
			<description>None</description>
			<possibleresult>
				<name>Dump Truck</name>
			</possibleresult>
			<points>
				<point>456.000000,148.000000</point>
				<point>420.000000,148.000000</point>
				<point>420.000000,136.000000</point>
				<point>456.000000,136.000000</point>
				<point>456.000000,148.000000</point>
			</points>
		</object>
		<object>
			<coordinate>pixel</coordinate>
			<type>rectangle</type>
			<description>None</description>
			<possibleresult>
				<name>Van</name>
			</possibleresult>
			<points>
				<point>509.000000,58.000000</point>
				<point>504.000000,79.000000</point>
				<point>496.000000,77.000000</point>
				<point>500.000000,57.000000</point>
				<point>509.000000,58.000000</point>
			</points>
		</object>
		<object>
			<coordinate>pixel</coordinate>
			<type>rectangle</type>
			<description>None</description>
			<possibleresult>
				<name>Van</name>
			</possibleresult>
			<points>
				<point>949.000000,123.000000</point>
				<point>944.000000,131.000000</point>
				<point>928.000000,121.000000</point>
				<point>933.000000,113.000000</point>
				<point>949.000000,123.000000</point>
			</points>
		</object>
		<object>
			<coordinate>pixel</coordinate>
			<type>rectangle</type>
			<description>None</description>
			<possibleresult>
				<name>Small Car</name>
			</possibleresult>
			<points>
				<point>833.000000,229.000000</point>
				<point>826.000000,238.000000</point>
				<point>808.000000,221.000000</point>
				<point>816.000000,213.000000</point>
				<point>833.000000,229.000000</point>
			</points>
		</object>
		<object>
			<coordinate>pixel</coordinate>
			<type>rectangle</type>
			<description>None</description>
			<possibleresult>
				<name>Small Car</name>
			</possibleresult>
			<points>
				<point>978.000000,262.000000</point>
				<point>969.000000,267.000000</point>
				<point>960.000000,253.000000</point>
				<point>968.000000,247.000000</point>
				<point>978.000000,262.000000</point>
			</points>
		</object>
		<object>
			<coordinate>pixel</coordinate>
			<type>rectangle</type>
			<description>None</description>
			<possibleresult>
				<name>Dump Truck</name>
			</possibleresult>
			<points>
				<point>986.000000,311.000000</point>
				<point>966.000000,325.000000</point>
				<point>961.000000,318.000000</point>
				<point>981.000000,304.000000</point>
				<point>986.000000,311.000000</point>
			</points>
		</object>
		<object>
			<coordinate>pixel</coordinate>
			<type>rectangle</type>
			<description>None</description>
			<possibleresult>
				<name>Small Car</name>
			</possibleresult>
			<points>
				<point>997.000000,329.000000</point>
				<point>983.000000,339.000000</point>
				<point>978.000000,332.000000</point>
				<point>992.000000,322.000000</point>
				<point>997.000000,329.000000</point>
			</points>
		</object>
		<object>
			<coordinate>pixel</coordinate>
			<type>rectangle</type>
			<description>None</description>
			<possibleresult>
				<name>Van</name>
			</possibleresult>
			<points>
				<point>1000.000000,339.000000</point>
				<point>990.000000,347.000000</point>
				<point>984.000000,340.000000</point>
				<point>1000.000000,329.000000</point>
				<point>1000.000000,339.000000</point>
			</points>
		</object>
		<object>
			<coordinate>pixel</coordinate>
			<type>rectangle</type>
			<description>None</description>
			<possibleresult>
				<name>Excavator</name>
			</possibleresult>
			<points>
				<point>185.000000,257.000000</point>
				<point>145.000000,264.000000</point>
				<point>142.000000,249.000000</point>
				<point>183.000000,243.000000</point>
				<point>185.000000,257.000000</point>
			</points>
		</object>
		<object>
			<coordinate>pixel</coordinate>
			<type>rectangle</type>
			<description>None</description>
			<possibleresult>
				<name>other-vehicle</name>
			</possibleresult>
			<points>
				<point>53.000000,333.000000</point>
				<point>36.000000,343.000000</point>
				<point>31.000000,333.000000</point>
				<point>47.000000,324.000000</point>
				<point>53.000000,333.000000</point>
			</points>
		</object>
	</objects>
</annotation>