<?xml version="1.0" encoding="utf-8"?>
<annotation>
	<source>
		<filename>789.tif</filename>
		<origin>GF2/GF3</origin>
	</source>
	<research>
		<version>1.0</version>
		<provider>FAIR1M</provider>
		<author>Cyber</author>
		<pluginname>FAIR1M</pluginname>
		<pluginclass>object detection</pluginclass>
		<time>2021-07-21</time>
	</research>
	<size>
		<width>3000</width>
		<height>3000</height>
		<depth>3</depth>
	</size>
	<objects>
		<object>
			<coordinate>pixel</coordinate>
			<type>rectangle</type>
			<description>None</description>
			<possibleresult>
				<name>other-airplane</name>
			</possibleresult>
			<points>
				<point>2977.000000,1599.000000</point>
				<point>3008.000000,1575.000000</point>
				<point>2988.000000,1548.000000</point>
				<point>2957.000000,1572.000000</point>
				<point>2977.000000,1599.000000</point>
			</points>
		</object>
		<object>
			<coordinate>pixel</coordinate>
			<type>rectangle</type>
			<description>None</description>
			<possibleresult>
				<name>ARJ21</name>
			</possibleresult>
			<points>
				<point>2877.000000,1680.000000</point>
				<point>2851.000000,1652.000000</point>
				<point>2832.000000,1669.000000</point>
				<point>2858.000000,1697.000000</point>
				<point>2877.000000,1680.000000</point>
			</points>
		</object>
		<object>
			<coordinate>pixel</coordinate>
			<type>rectangle</type>
			<description>None</description>
			<possibleresult>
				<name>A220</name>
			</possibleresult>
			<points>
				<point>2761.000000,1784.000000</point>
				<point>2788.000000,1761.000000</point>
				<point>2759.000000,1725.000000</point>
				<point>2731.000000,1748.000000</point>
				<point>2761.000000,1784.000000</point>
			</points>
		</object>
		<object>
			<coordinate>pixel</coordinate>
			<type>rectangle</type>
			<description>None</description>
			<possibleresult>
				<name>other-airplane</name>
			</possibleresult>
			<points>
				<point>2507.000000,1940.000000</point>
				<point>2478.000000,1966.000000</point>
				<point>2498.000000,1989.000000</point>
				<point>2527.000000,1964.000000</point>
				<point>2507.000000,1940.000000</point>
			</points>
		</object>
		<object>
			<coordinate>pixel</coordinate>
			<type>rectangle</type>
			<description>None</description>
			<possibleresult>
				<name>A220</name>
			</possibleresult>
			<points>
				<point>2351.000000,2070.000000</point>
				<point>2326.000000,2093.000000</point>
				<point>2356.000000,2125.000000</point>
				<point>2381.000000,2102.000000</point>
				<point>2351.000000,2070.000000</point>
			</points>
		</object>
		<object>
			<coordinate>pixel</coordinate>
			<type>rectangle</type>
			<description>None</description>
			<possibleresult>
				<name>A220</name>
			</possibleresult>
			<points>
				<point>2197.000000,2207.000000</point>
				<point>2222.000000,2241.000000</point>
				<point>2256.000000,2215.000000</point>
				<point>2232.000000,2182.000000</point>
				<point>2197.000000,2207.000000</point>
			</points>
		</object>
		<object>
			<coordinate>pixel</coordinate>
			<type>rectangle</type>
			<description>None</description>
			<possibleresult>
				<name>A220</name>
			</possibleresult>
			<points>
				<point>2657.000000,2168.000000</point>
				<point>2700.000000,2167.000000</point>
				<point>2699.000000,2126.000000</point>
				<point>2656.000000,2127.000000</point>
				<point>2657.000000,2168.000000</point>
			</points>
		</object>
		<object>
			<coordinate>pixel</coordinate>
			<type>rectangle</type>
			<description>None</description>
			<possibleresult>
				<name>Boeing777</name>
			</possibleresult>
			<points>
				<point>1851.000000,2326.000000</point>
				<point>1922.000000,2297.000000</point>
				<point>1895.000000,2230.000000</point>
				<point>1823.000000,2260.000000</point>
				<point>1851.000000,2326.000000</point>
			</points>
		</object>
		<object>
			<coordinate>pixel</coordinate>
			<type>rectangle</type>
			<description>None</description>
			<possibleresult>
				<name>Boeing737</name>
			</possibleresult>
			<points>
				<point>1917.000000,2438.000000</point>
				<point>1884.000000,2467.000000</point>
				<point>1914.000000,2502.000000</point>
				<point>1947.000000,2473.000000</point>
				<point>1917.000000,2438.000000</point>
			</points>
		</object>
		<object>
			<coordinate>pixel</coordinate>
			<type>rectangle</type>
			<description>None</description>
			<possibleresult>
				<name>Boeing737</name>
			</possibleresult>
			<points>
				<point>2222.000000,2517.000000</point>
				<point>2257.000000,2495.000000</point>
				<point>2233.000000,2456.000000</point>
				<point>2198.000000,2478.000000</point>
				<point>2222.000000,2517.000000</point>
			</points>
		</object>
		<object>
			<coordinate>pixel</coordinate>
			<type>rectangle</type>
			<description>None</description>
			<possibleresult>
				<name>Boeing737</name>
			</possibleresult>
			<points>
				<point>2106.000000,2602.000000</point>
				<point>2140.000000,2577.000000</point>
				<point>2111.000000,2538.000000</point>
				<point>2077.000000,2563.000000</point>
				<point>2106.000000,2602.000000</point>
			</points>
		</object>
		<object>
			<coordinate>pixel</coordinate>
			<type>rectangle</type>
			<description>None</description>
			<possibleresult>
				<name>A220</name>
			</possibleresult>
			<points>
				<point>1721.000000,2601.000000</point>
				<point>1748.000000,2638.000000</point>
				<point>1781.000000,2614.000000</point>
				<point>1754.000000,2577.000000</point>
				<point>1721.000000,2601.000000</point>
			</points>
		</object>
		<object>
			<coordinate>pixel</coordinate>
			<type>rectangle</type>
			<description>None</description>
			<possibleresult>
				<name>A220</name>
			</possibleresult>
			<points>
				<point>1668.000000,2648.000000</point>
				<point>1697.000000,2681.000000</point>
				<point>1727.000000,2656.000000</point>
				<point>1698.000000,2623.000000</point>
				<point>1668.000000,2648.000000</point>
			</points>
		</object>
		<object>
			<coordinate>pixel</coordinate>
			<type>rectangle</type>
			<description>None</description>
			<possibleresult>
				<name>Boeing737</name>
			</possibleresult>
			<points>
				<point>635.000000,2917.000000</point>
				<point>597.000000,2947.000000</point>
				<point>624.000000,2981.000000</point>
				<point>662.000000,2950.000000</point>
				<point>635.000000,2917.000000</point>
			</points>
		</object>
	</objects>
</annotation>