<?xml version="1.0" encoding="utf-8"?>
<annotation>
	<source>
		<filename>791.tif</filename>
		<origin>GF2/GF3</origin>
	</source>
	<research>
		<version>1.0</version>
		<provider>FAIR1M</provider>
		<author>Cyber</author>
		<pluginname>FAIR1M</pluginname>
		<pluginclass>object detection</pluginclass>
		<time>2021-07-21</time>
	</research>
	<size>
		<width>1000</width>
		<height>1000</height>
		<depth>3</depth>
	</size>
	<objects>
		<object>
			<coordinate>pixel</coordinate>
			<type>rectangle</type>
			<description>None</description>
			<possibleresult>
				<name>Small Car</name>
			</possibleresult>
			<points>
				<point>10.000000,62.000000</point>
				<point>1.000000,63.000000</point>
				<point>0.000000,48.000000</point>
				<point>9.000000,48.000000</point>
				<point>10.000000,62.000000</point>
			</points>
		</object>
		<object>
			<coordinate>pixel</coordinate>
			<type>rectangle</type>
			<description>None</description>
			<possibleresult>
				<name>Small Car</name>
			</possibleresult>
			<points>
				<point>24.000000,58.000000</point>
				<point>16.000000,59.000000</point>
				<point>14.000000,45.000000</point>
				<point>23.000000,45.000000</point>
				<point>24.000000,58.000000</point>
			</points>
		</object>
		<object>
			<coordinate>pixel</coordinate>
			<type>rectangle</type>
			<description>None</description>
			<possibleresult>
				<name>Small Car</name>
			</possibleresult>
			<points>
				<point>72.000000,68.000000</point>
				<point>64.000000,70.000000</point>
				<point>61.000000,52.000000</point>
				<point>69.000000,50.000000</point>
				<point>72.000000,68.000000</point>
			</points>
		</object>
		<object>
			<coordinate>pixel</coordinate>
			<type>rectangle</type>
			<description>None</description>
			<possibleresult>
				<name>other-vehicle</name>
			</possibleresult>
			<points>
				<point>66.000000,90.000000</point>
				<point>54.000000,92.000000</point>
				<point>44.000000,52.000000</point>
				<point>57.000000,50.000000</point>
				<point>66.000000,90.000000</point>
			</points>
		</object>
		<object>
			<coordinate>pixel</coordinate>
			<type>rectangle</type>
			<description>None</description>
			<possibleresult>
				<name>Small Car</name>
			</possibleresult>
			<points>
				<point>74.000000,203.000000</point>
				<point>68.000000,205.000000</point>
				<point>63.000000,189.000000</point>
				<point>71.000000,188.000000</point>
				<point>74.000000,203.000000</point>
			</points>
		</object>
		<object>
			<coordinate>pixel</coordinate>
			<type>rectangle</type>
			<description>None</description>
			<possibleresult>
				<name>Small Car</name>
			</possibleresult>
			<points>
				<point>99.000000,215.000000</point>
				<point>92.000000,217.000000</point>
				<point>87.000000,203.000000</point>
				<point>95.000000,200.000000</point>
				<point>99.000000,215.000000</point>
			</points>
		</object>
		<object>
			<coordinate>pixel</coordinate>
			<type>rectangle</type>
			<description>None</description>
			<possibleresult>
				<name>Small Car</name>
			</possibleresult>
			<points>
				<point>116.000000,220.000000</point>
				<point>108.000000,222.000000</point>
				<point>104.000000,207.000000</point>
				<point>111.000000,204.000000</point>
				<point>116.000000,220.000000</point>
			</points>
		</object>
		<object>
			<coordinate>pixel</coordinate>
			<type>rectangle</type>
			<description>None</description>
			<possibleresult>
				<name>Van</name>
			</possibleresult>
			<points>
				<point>91.000000,252.000000</point>
				<point>84.000000,254.000000</point>
				<point>80.000000,241.000000</point>
				<point>86.000000,238.000000</point>
				<point>91.000000,252.000000</point>
			</points>
		</object>
		<object>
			<coordinate>pixel</coordinate>
			<type>rectangle</type>
			<description>None</description>
			<possibleresult>
				<name>Small Car</name>
			</possibleresult>
			<points>
				<point>63.000000,243.000000</point>
				<point>53.000000,246.000000</point>
				<point>48.000000,229.000000</point>
				<point>58.000000,226.000000</point>
				<point>63.000000,243.000000</point>
			</points>
		</object>
		<object>
			<coordinate>pixel</coordinate>
			<type>rectangle</type>
			<description>None</description>
			<possibleresult>
				<name>Dump Truck</name>
			</possibleresult>
			<points>
				<point>153.000000,322.000000</point>
				<point>146.000000,324.000000</point>
				<point>141.000000,307.000000</point>
				<point>148.000000,305.000000</point>
				<point>153.000000,322.000000</point>
			</points>
		</object>
		<object>
			<coordinate>pixel</coordinate>
			<type>rectangle</type>
			<description>None</description>
			<possibleresult>
				<name>Dry Cargo Ship</name>
			</possibleresult>
			<points>
				<point>104.000000,380.000000</point>
				<point>64.000000,413.000000</point>
				<point>55.000000,401.000000</point>
				<point>95.000000,369.000000</point>
				<point>104.000000,380.000000</point>
			</points>
		</object>
		<object>
			<coordinate>pixel</coordinate>
			<type>rectangle</type>
			<description>None</description>
			<possibleresult>
				<name>Dry Cargo Ship</name>
			</possibleresult>
			<points>
				<point>96.000000,367.000000</point>
				<point>57.000000,399.000000</point>
				<point>47.000000,387.000000</point>
				<point>87.000000,356.000000</point>
				<point>96.000000,367.000000</point>
			</points>
		</object>
		<object>
			<coordinate>pixel</coordinate>
			<type>rectangle</type>
			<description>None</description>
			<possibleresult>
				<name>Cargo Truck</name>
			</possibleresult>
			<points>
				<point>130.000000,746.000000</point>
				<point>121.000000,752.000000</point>
				<point>102.000000,724.000000</point>
				<point>111.000000,718.000000</point>
				<point>130.000000,746.000000</point>
			</points>
		</object>
		<object>
			<coordinate>pixel</coordinate>
			<type>rectangle</type>
			<description>None</description>
			<possibleresult>
				<name>Small Car</name>
			</possibleresult>
			<points>
				<point>113.000000,366.000000</point>
				<point>106.000000,369.000000</point>
				<point>99.000000,352.000000</point>
				<point>107.000000,350.000000</point>
				<point>113.000000,366.000000</point>
			</points>
		</object>
		<object>
			<coordinate>pixel</coordinate>
			<type>rectangle</type>
			<description>None</description>
			<possibleresult>
				<name>Dump Truck</name>
			</possibleresult>
			<points>
				<point>176.000000,487.000000</point>
				<point>165.000000,492.000000</point>
				<point>153.000000,466.000000</point>
				<point>163.000000,461.000000</point>
				<point>176.000000,487.000000</point>
			</points>
		</object>
		<object>
			<coordinate>pixel</coordinate>
			<type>rectangle</type>
			<description>None</description>
			<possibleresult>
				<name>Small Car</name>
			</possibleresult>
			<points>
				<point>175.000000,440.000000</point>
				<point>170.000000,444.000000</point>
				<point>163.000000,432.000000</point>
				<point>169.000000,429.000000</point>
				<point>175.000000,440.000000</point>
			</points>
		</object>
		<object>
			<coordinate>pixel</coordinate>
			<type>rectangle</type>
			<description>None</description>
			<possibleresult>
				<name>Van</name>
			</possibleresult>
			<points>
				<point>617.000000,383.000000</point>
				<point>609.000000,384.000000</point>
				<point>606.000000,370.000000</point>
				<point>613.000000,368.000000</point>
				<point>617.000000,383.000000</point>
			</points>
		</object>
		<object>
			<coordinate>pixel</coordinate>
			<type>rectangle</type>
			<description>None</description>
			<possibleresult>
				<name>Van</name>
			</possibleresult>
			<points>
				<point>627.000000,380.000000</point>
				<point>619.000000,381.000000</point>
				<point>617.000000,368.000000</point>
				<point>625.000000,367.000000</point>
				<point>627.000000,380.000000</point>
			</points>
		</object>
		<object>
			<coordinate>pixel</coordinate>
			<type>rectangle</type>
			<description>None</description>
			<possibleresult>
				<name>Van</name>
			</possibleresult>
			<points>
				<point>637.000000,376.000000</point>
				<point>629.000000,378.000000</point>
				<point>626.000000,365.000000</point>
				<point>634.000000,364.000000</point>
				<point>637.000000,376.000000</point>
			</points>
		</object>
		<object>
			<coordinate>pixel</coordinate>
			<type>rectangle</type>
			<description>None</description>
			<possibleresult>
				<name>Van</name>
			</possibleresult>
			<points>
				<point>648.000000,376.000000</point>
				<point>639.000000,377.000000</point>
				<point>636.000000,363.000000</point>
				<point>644.000000,362.000000</point>
				<point>648.000000,376.000000</point>
			</points>
		</object>
		<object>
			<coordinate>pixel</coordinate>
			<type>rectangle</type>
			<description>None</description>
			<possibleresult>
				<name>Small Car</name>
			</possibleresult>
			<points>
				<point>323.000000,619.000000</point>
				<point>314.000000,623.000000</point>
				<point>306.000000,608.000000</point>
				<point>314.000000,604.000000</point>
				<point>323.000000,619.000000</point>
			</points>
		</object>
		<object>
			<coordinate>pixel</coordinate>
			<type>rectangle</type>
			<description>None</description>
			<possibleresult>
				<name>Small Car</name>
			</possibleresult>
			<points>
				<point>323.000000,643.000000</point>
				<point>315.000000,647.000000</point>
				<point>306.000000,632.000000</point>
				<point>312.000000,627.000000</point>
				<point>323.000000,643.000000</point>
			</points>
		</object>
		<object>
			<coordinate>pixel</coordinate>
			<type>rectangle</type>
			<description>None</description>
			<possibleresult>
				<name>Small Car</name>
			</possibleresult>
			<points>
				<point>265.000000,589.000000</point>
				<point>258.000000,594.000000</point>
				<point>246.000000,577.000000</point>
				<point>254.000000,573.000000</point>
				<point>265.000000,589.000000</point>
			</points>
		</object>
		<object>
			<coordinate>pixel</coordinate>
			<type>rectangle</type>
			<description>None</description>
			<possibleresult>
				<name>Small Car</name>
			</possibleresult>
			<points>
				<point>233.000000,538.000000</point>
				<point>224.000000,543.000000</point>
				<point>217.000000,528.000000</point>
				<point>224.000000,523.000000</point>
				<point>233.000000,538.000000</point>
			</points>
		</object>
		<object>
			<coordinate>pixel</coordinate>
			<type>rectangle</type>
			<description>None</description>
			<possibleresult>
				<name>Van</name>
			</possibleresult>
			<points>
				<point>206.000000,522.000000</point>
				<point>200.000000,526.000000</point>
				<point>192.000000,513.000000</point>
				<point>199.000000,510.000000</point>
				<point>206.000000,522.000000</point>
			</points>
		</object>
		<object>
			<coordinate>pixel</coordinate>
			<type>rectangle</type>
			<description>None</description>
			<possibleresult>
				<name>Dump Truck</name>
			</possibleresult>
			<points>
				<point>162.000000,759.000000</point>
				<point>156.000000,766.000000</point>
				<point>141.000000,753.000000</point>
				<point>146.000000,746.000000</point>
				<point>162.000000,759.000000</point>
			</points>
		</object>
		<object>
			<coordinate>pixel</coordinate>
			<type>rectangle</type>
			<description>None</description>
			<possibleresult>
				<name>Dump Truck</name>
			</possibleresult>
			<points>
				<point>169.000000,670.000000</point>
				<point>164.000000,677.000000</point>
				<point>149.000000,665.000000</point>
				<point>155.000000,658.000000</point>
				<point>169.000000,670.000000</point>
			</points>
		</object>
		<object>
			<coordinate>pixel</coordinate>
			<type>rectangle</type>
			<description>None</description>
			<possibleresult>
				<name>Small Car</name>
			</possibleresult>
			<points>
				<point>9.000000,730.000000</point>
				<point>0.000000,730.000000</point>
				<point>0.000000,723.000000</point>
				<point>9.000000,723.000000</point>
				<point>9.000000,730.000000</point>
			</points>
		</object>
		<object>
			<coordinate>pixel</coordinate>
			<type>rectangle</type>
			<description>None</description>
			<possibleresult>
				<name>Small Car</name>
			</possibleresult>
			<points>
				<point>169.000000,770.000000</point>
				<point>159.000000,780.000000</point>
				<point>154.000000,775.000000</point>
				<point>164.000000,766.000000</point>
				<point>169.000000,770.000000</point>
			</points>
		</object>
		<object>
			<coordinate>pixel</coordinate>
			<type>rectangle</type>
			<description>None</description>
			<possibleresult>
				<name>Small Car</name>
			</possibleresult>
			<points>
				<point>334.000000,681.000000</point>
				<point>327.000000,687.000000</point>
				<point>314.000000,673.000000</point>
				<point>322.000000,667.000000</point>
				<point>334.000000,681.000000</point>
			</points>
		</object>
		<object>
			<coordinate>pixel</coordinate>
			<type>rectangle</type>
			<description>None</description>
			<possibleresult>
				<name>Van</name>
			</possibleresult>
			<points>
				<point>374.000000,689.000000</point>
				<point>368.000000,695.000000</point>
				<point>358.000000,683.000000</point>
				<point>364.000000,677.000000</point>
				<point>374.000000,689.000000</point>
			</points>
		</object>
		<object>
			<coordinate>pixel</coordinate>
			<type>rectangle</type>
			<description>None</description>
			<possibleresult>
				<name>Cargo Truck</name>
			</possibleresult>
			<points>
				<point>457.000000,784.000000</point>
				<point>446.000000,791.000000</point>
				<point>418.000000,754.000000</point>
				<point>428.000000,746.000000</point>
				<point>457.000000,784.000000</point>
			</points>
		</object>
		<object>
			<coordinate>pixel</coordinate>
			<type>rectangle</type>
			<description>None</description>
			<possibleresult>
				<name>Small Car</name>
			</possibleresult>
			<points>
				<point>467.000000,814.000000</point>
				<point>463.000000,819.000000</point>
				<point>453.000000,808.000000</point>
				<point>458.000000,804.000000</point>
				<point>467.000000,814.000000</point>
			</points>
		</object>
		<object>
			<coordinate>pixel</coordinate>
			<type>rectangle</type>
			<description>None</description>
			<possibleresult>
				<name>Small Car</name>
			</possibleresult>
			<points>
				<point>465.000000,836.000000</point>
				<point>459.000000,842.000000</point>
				<point>449.000000,830.000000</point>
				<point>456.000000,824.000000</point>
				<point>465.000000,836.000000</point>
			</points>
		</object>
		<object>
			<coordinate>pixel</coordinate>
			<type>rectangle</type>
			<description>None</description>
			<possibleresult>
				<name>Small Car</name>
			</possibleresult>
			<points>
				<point>517.000000,864.000000</point>
				<point>509.000000,871.000000</point>
				<point>499.000000,859.000000</point>
				<point>505.000000,852.000000</point>
				<point>517.000000,864.000000</point>
			</points>
		</object>
		<object>
			<coordinate>pixel</coordinate>
			<type>rectangle</type>
			<description>None</description>
			<possibleresult>
				<name>Small Car</name>
			</possibleresult>
			<points>
				<point>543.000000,916.000000</point>
				<point>536.000000,922.000000</point>
				<point>524.000000,909.000000</point>
				<point>531.000000,903.000000</point>
				<point>543.000000,916.000000</point>
			</points>
		</object>
		<object>
			<coordinate>pixel</coordinate>
			<type>rectangle</type>
			<description>None</description>
			<possibleresult>
				<name>Small Car</name>
			</possibleresult>
			<points>
				<point>455.000000,921.000000</point>
				<point>449.000000,926.000000</point>
				<point>438.000000,912.000000</point>
				<point>445.000000,908.000000</point>
				<point>455.000000,921.000000</point>
			</points>
		</object>
		<object>
			<coordinate>pixel</coordinate>
			<type>rectangle</type>
			<description>None</description>
			<possibleresult>
				<name>Small Car</name>
			</possibleresult>
			<points>
				<point>473.000000,940.000000</point>
				<point>465.000000,945.000000</point>
				<point>450.000000,927.000000</point>
				<point>458.000000,922.000000</point>
				<point>473.000000,940.000000</point>
			</points>
		</object>
		<object>
			<coordinate>pixel</coordinate>
			<type>rectangle</type>
			<description>None</description>
			<possibleresult>
				<name>Van</name>
			</possibleresult>
			<points>
				<point>491.000000,961.000000</point>
				<point>485.000000,966.000000</point>
				<point>472.000000,951.000000</point>
				<point>477.000000,945.000000</point>
				<point>491.000000,961.000000</point>
			</points>
		</object>
		<object>
			<coordinate>pixel</coordinate>
			<type>rectangle</type>
			<description>None</description>
			<possibleresult>
				<name>Small Car</name>
			</possibleresult>
			<points>
				<point>419.000000,964.000000</point>
				<point>414.000000,969.000000</point>
				<point>404.000000,957.000000</point>
				<point>410.000000,952.000000</point>
				<point>419.000000,964.000000</point>
			</points>
		</object>
		<object>
			<coordinate>pixel</coordinate>
			<type>rectangle</type>
			<description>None</description>
			<possibleresult>
				<name>Small Car</name>
			</possibleresult>
			<points>
				<point>434.000000,980.000000</point>
				<point>427.000000,985.000000</point>
				<point>416.000000,972.000000</point>
				<point>423.000000,967.000000</point>
				<point>434.000000,980.000000</point>
			</points>
		</object>
		<object>
			<coordinate>pixel</coordinate>
			<type>rectangle</type>
			<description>None</description>
			<possibleresult>
				<name>Small Car</name>
			</possibleresult>
			<points>
				<point>441.000000,1000.000000</point>
				<point>431.000000,990.000000</point>
				<point>437.000000,984.000000</point>
				<point>448.000000,997.000000</point>
				<point>441.000000,1000.000000</point>
			</points>
		</object>
		<object>
			<coordinate>pixel</coordinate>
			<type>rectangle</type>
			<description>None</description>
			<possibleresult>
				<name>Van</name>
			</possibleresult>
			<points>
				<point>574.000000,985.000000</point>
				<point>569.000000,991.000000</point>
				<point>554.000000,977.000000</point>
				<point>560.000000,971.000000</point>
				<point>574.000000,985.000000</point>
			</points>
		</object>
		<object>
			<coordinate>pixel</coordinate>
			<type>rectangle</type>
			<description>None</description>
			<possibleresult>
				<name>Van</name>
			</possibleresult>
			<points>
				<point>614.000000,966.000000</point>
				<point>609.000000,972.000000</point>
				<point>595.000000,958.000000</point>
				<point>602.000000,952.000000</point>
				<point>614.000000,966.000000</point>
			</points>
		</object>
		<object>
			<coordinate>pixel</coordinate>
			<type>rectangle</type>
			<description>None</description>
			<possibleresult>
				<name>Small Car</name>
			</possibleresult>
			<points>
				<point>620.000000,999.000000</point>
				<point>620.000000,997.000000</point>
				<point>624.000000,997.000000</point>
				<point>624.000000,999.000000</point>
				<point>620.000000,999.000000</point>
			</points>
		</object>
		<object>
			<coordinate>pixel</coordinate>
			<type>rectangle</type>
			<description>None</description>
			<possibleresult>
				<name>Bridge</name>
			</possibleresult>
			<points>
				<point>618.000000,1013.000000</point>
				<point>230.000000,291.000000</point>
				<point>312.000000,246.000000</point>
				<point>699.000000,968.000000</point>
				<point>618.000000,1013.000000</point>
			</points>
		</object>
	</objects>
</annotation>