<?xml version="1.0" encoding="utf-8"?>
<annotation>
	<source>
		<filename>799.tif</filename>
		<origin>GF2/GF3</origin>
	</source>
	<research>
		<version>1.0</version>
		<provider>FAIR1M</provider>
		<author>Cyber</author>
		<pluginname>FAIR1M</pluginname>
		<pluginclass>object detection</pluginclass>
		<time>2021-07-21</time>
	</research>
	<size>
		<width>1500</width>
		<height>1500</height>
		<depth>3</depth>
	</size>
	<objects>
		<object>
			<coordinate>pixel</coordinate>
			<type>rectangle</type>
			<description>None</description>
			<possibleresult>
				<name>other-ship</name>
			</possibleresult>
			<points>
				<point>926.000000,456.000000</point>
				<point>1026.000000,456.000000</point>
				<point>1026.000000,420.000000</point>
				<point>926.000000,420.000000</point>
				<point>926.000000,456.000000</point>
			</points>
		</object>
		<object>
			<coordinate>pixel</coordinate>
			<type>rectangle</type>
			<description>None</description>
			<possibleresult>
				<name>Dry Cargo Ship</name>
			</possibleresult>
			<points>
				<point>592.000000,1297.000000</point>
				<point>533.000000,1483.000000</point>
				<point>583.000000,1499.000000</point>
				<point>642.000000,1313.000000</point>
				<point>592.000000,1297.000000</point>
			</points>
		</object>
	</objects>
</annotation>