<?xml version="1.0" encoding="utf-8"?>
<annotation>
	<source>
		<filename>804.tif</filename>
		<origin>GF2/GF3</origin>
	</source>
	<research>
		<version>1.0</version>
		<provider>FAIR1M</provider>
		<author>Cyber</author>
		<pluginname>FAIR1M</pluginname>
		<pluginclass>object detection</pluginclass>
		<time>2021-07-21</time>
	</research>
	<size>
		<width>1000</width>
		<height>1000</height>
		<depth>3</depth>
	</size>
	<objects>
		<object>
			<coordinate>pixel</coordinate>
			<type>rectangle</type>
			<description>None</description>
			<possibleresult>
				<name>Boeing737</name>
			</possibleresult>
			<points>
				<point>83.000000,406.000000</point>
				<point>108.000000,444.000000</point>
				<point>143.000000,420.000000</point>
				<point>118.000000,382.000000</point>
				<point>83.000000,406.000000</point>
			</points>
		</object>
		<object>
			<coordinate>pixel</coordinate>
			<type>rectangle</type>
			<description>None</description>
			<possibleresult>
				<name>Boeing737</name>
			</possibleresult>
			<points>
				<point>127.000000,376.000000</point>
				<point>152.000000,416.000000</point>
				<point>187.000000,393.000000</point>
				<point>161.000000,354.000000</point>
				<point>127.000000,376.000000</point>
			</points>
		</object>
		<object>
			<coordinate>pixel</coordinate>
			<type>rectangle</type>
			<description>None</description>
			<possibleresult>
				<name>other-airplane</name>
			</possibleresult>
			<points>
				<point>171.000000,350.000000</point>
				<point>193.000000,386.000000</point>
				<point>229.000000,363.000000</point>
				<point>207.000000,327.000000</point>
				<point>171.000000,350.000000</point>
			</points>
		</object>
		<object>
			<coordinate>pixel</coordinate>
			<type>rectangle</type>
			<description>None</description>
			<possibleresult>
				<name>A220</name>
			</possibleresult>
			<points>
				<point>213.000000,319.000000</point>
				<point>238.000000,360.000000</point>
				<point>275.000000,337.000000</point>
				<point>250.000000,296.000000</point>
				<point>213.000000,319.000000</point>
			</points>
		</object>
		<object>
			<coordinate>pixel</coordinate>
			<type>rectangle</type>
			<description>None</description>
			<possibleresult>
				<name>Boeing737</name>
			</possibleresult>
			<points>
				<point>334.000000,231.000000</point>
				<point>359.000000,270.000000</point>
				<point>396.000000,246.000000</point>
				<point>370.000000,208.000000</point>
				<point>334.000000,231.000000</point>
			</points>
		</object>
		<object>
			<coordinate>pixel</coordinate>
			<type>rectangle</type>
			<description>None</description>
			<possibleresult>
				<name>Boeing737</name>
			</possibleresult>
			<points>
				<point>415.000000,177.000000</point>
				<point>441.000000,217.000000</point>
				<point>477.000000,192.000000</point>
				<point>451.000000,153.000000</point>
				<point>415.000000,177.000000</point>
			</points>
		</object>
		<object>
			<coordinate>pixel</coordinate>
			<type>rectangle</type>
			<description>None</description>
			<possibleresult>
				<name>Boeing737</name>
			</possibleresult>
			<points>
				<point>494.000000,127.000000</point>
				<point>521.000000,166.000000</point>
				<point>557.000000,142.000000</point>
				<point>530.000000,103.000000</point>
				<point>494.000000,127.000000</point>
			</points>
		</object>
		<object>
			<coordinate>pixel</coordinate>
			<type>rectangle</type>
			<description>None</description>
			<possibleresult>
				<name>other-airplane</name>
			</possibleresult>
			<points>
				<point>573.000000,73.000000</point>
				<point>597.000000,112.000000</point>
				<point>632.000000,90.000000</point>
				<point>608.000000,51.000000</point>
				<point>573.000000,73.000000</point>
			</points>
		</object>
		<object>
			<coordinate>pixel</coordinate>
			<type>rectangle</type>
			<description>None</description>
			<possibleresult>
				<name>Boeing737</name>
			</possibleresult>
			<points>
				<point>647.000000,41.000000</point>
				<point>673.000000,80.000000</point>
				<point>708.000000,56.000000</point>
				<point>682.000000,17.000000</point>
				<point>647.000000,41.000000</point>
			</points>
		</object>
	</objects>
</annotation>