<?xml version="1.0" encoding="utf-8"?>
<annotation>
	<source>
		<filename>812.tif</filename>
		<origin>GF2/GF3</origin>
	</source>
	<research>
		<version>1.0</version>
		<provider>FAIR1M</provider>
		<author>Cyber</author>
		<pluginname>FAIR1M</pluginname>
		<pluginclass>object detection</pluginclass>
		<time>2021-07-21</time>
	</research>
	<size>
		<width>1500</width>
		<height>1500</height>
		<depth>3</depth>
	</size>
	<objects>
		<object>
			<coordinate>pixel</coordinate>
			<type>rectangle</type>
			<description>None</description>
			<possibleresult>
				<name>Dry Cargo Ship</name>
			</possibleresult>
			<points>
				<point>1342.000000,685.000000</point>
				<point>1415.000000,595.000000</point>
				<point>1396.000000,579.000000</point>
				<point>1323.000000,669.000000</point>
				<point>1342.000000,685.000000</point>
			</points>
		</object>
		<object>
			<coordinate>pixel</coordinate>
			<type>rectangle</type>
			<description>None</description>
			<possibleresult>
				<name>Engineering Ship</name>
			</possibleresult>
			<points>
				<point>490.000000,554.000000</point>
				<point>499.000000,595.000000</point>
				<point>514.000000,593.000000</point>
				<point>505.000000,552.000000</point>
				<point>490.000000,554.000000</point>
			</points>
		</object>
		<object>
			<coordinate>pixel</coordinate>
			<type>rectangle</type>
			<description>None</description>
			<possibleresult>
				<name>Dry Cargo Ship</name>
			</possibleresult>
			<points>
				<point>1365.000000,750.000000</point>
				<point>1540.000000,537.000000</point>
				<point>1496.000000,500.000000</point>
				<point>1321.000000,713.000000</point>
				<point>1365.000000,750.000000</point>
			</points>
		</object>
	</objects>
</annotation>