<?xml version="1.0" encoding="utf-8"?>
<annotation>
	<source>
		<filename>82.tif</filename>
		<origin>GF2/GF3</origin>
	</source>
	<research>
		<version>1.0</version>
		<provider>FAIR1M</provider>
		<author>Cyber</author>
		<pluginname>FAIR1M</pluginname>
		<pluginclass>object detection</pluginclass>
		<time>2021-07-21</time>
	</research>
	<size>
		<width>1500</width>
		<height>1500</height>
		<depth>3</depth>
	</size>
	<objects>
		<object>
			<coordinate>pixel</coordinate>
			<type>rectangle</type>
			<description>None</description>
			<possibleresult>
				<name>Tugboat</name>
			</possibleresult>
			<points>
				<point>224.000000,583.000000</point>
				<point>213.000000,555.000000</point>
				<point>203.000000,559.000000</point>
				<point>213.000000,587.000000</point>
				<point>224.000000,583.000000</point>
			</points>
		</object>
		<object>
			<coordinate>pixel</coordinate>
			<type>rectangle</type>
			<description>None</description>
			<possibleresult>
				<name>Tugboat</name>
			</possibleresult>
			<points>
				<point>264.000000,666.000000</point>
				<point>251.000000,628.000000</point>
				<point>240.000000,632.000000</point>
				<point>253.000000,670.000000</point>
				<point>264.000000,666.000000</point>
			</points>
		</object>
		<object>
			<coordinate>pixel</coordinate>
			<type>rectangle</type>
			<description>None</description>
			<possibleresult>
				<name>Tugboat</name>
			</possibleresult>
			<points>
				<point>267.000000,716.000000</point>
				<point>255.000000,687.000000</point>
				<point>246.000000,691.000000</point>
				<point>258.000000,720.000000</point>
				<point>267.000000,716.000000</point>
			</points>
		</object>
		<object>
			<coordinate>pixel</coordinate>
			<type>rectangle</type>
			<description>None</description>
			<possibleresult>
				<name>Tugboat</name>
			</possibleresult>
			<points>
				<point>295.000000,754.000000</point>
				<point>283.000000,717.000000</point>
				<point>272.000000,720.000000</point>
				<point>285.000000,758.000000</point>
				<point>295.000000,754.000000</point>
			</points>
		</object>
		<object>
			<coordinate>pixel</coordinate>
			<type>rectangle</type>
			<description>None</description>
			<possibleresult>
				<name>Tugboat</name>
			</possibleresult>
			<points>
				<point>310.000000,804.000000</point>
				<point>296.000000,767.000000</point>
				<point>286.000000,771.000000</point>
				<point>301.000000,808.000000</point>
				<point>310.000000,804.000000</point>
			</points>
		</object>
		<object>
			<coordinate>pixel</coordinate>
			<type>rectangle</type>
			<description>None</description>
			<possibleresult>
				<name>Tugboat</name>
			</possibleresult>
			<points>
				<point>316.000000,855.000000</point>
				<point>301.000000,813.000000</point>
				<point>290.000000,817.000000</point>
				<point>305.000000,859.000000</point>
				<point>316.000000,855.000000</point>
			</points>
		</object>
		<object>
			<coordinate>pixel</coordinate>
			<type>rectangle</type>
			<description>None</description>
			<possibleresult>
				<name>Dry Cargo Ship</name>
			</possibleresult>
			<points>
				<point>600.000000,750.000000</point>
				<point>520.000000,515.000000</point>
				<point>481.000000,528.000000</point>
				<point>561.000000,763.000000</point>
				<point>600.000000,750.000000</point>
			</points>
		</object>
		<object>
			<coordinate>pixel</coordinate>
			<type>rectangle</type>
			<description>None</description>
			<possibleresult>
				<name>Dry Cargo Ship</name>
			</possibleresult>
			<points>
				<point>656.000000,739.000000</point>
				<point>569.000000,469.000000</point>
				<point>530.000000,481.000000</point>
				<point>617.000000,751.000000</point>
				<point>656.000000,739.000000</point>
			</points>
		</object>
		<object>
			<coordinate>pixel</coordinate>
			<type>rectangle</type>
			<description>None</description>
			<possibleresult>
				<name>other-ship</name>
			</possibleresult>
			<points>
				<point>285.000000,517.000000</point>
				<point>252.000000,527.000000</point>
				<point>254.000000,532.000000</point>
				<point>287.000000,522.000000</point>
				<point>285.000000,517.000000</point>
			</points>
		</object>
		<object>
			<coordinate>pixel</coordinate>
			<type>rectangle</type>
			<description>None</description>
			<possibleresult>
				<name>other-ship</name>
			</possibleresult>
			<points>
				<point>247.000000,540.000000</point>
				<point>221.000000,548.000000</point>
				<point>222.000000,554.000000</point>
				<point>248.000000,545.000000</point>
				<point>247.000000,540.000000</point>
			</points>
		</object>
		<object>
			<coordinate>pixel</coordinate>
			<type>rectangle</type>
			<description>None</description>
			<possibleresult>
				<name>Tugboat</name>
			</possibleresult>
			<points>
				<point>252.000000,667.000000</point>
				<point>240.000000,632.000000</point>
				<point>230.000000,636.000000</point>
				<point>242.000000,670.000000</point>
				<point>252.000000,667.000000</point>
			</points>
		</object>
		<object>
			<coordinate>pixel</coordinate>
			<type>rectangle</type>
			<description>None</description>
			<possibleresult>
				<name>Tugboat</name>
			</possibleresult>
			<points>
				<point>282.000000,757.000000</point>
				<point>271.000000,723.000000</point>
				<point>260.000000,727.000000</point>
				<point>271.000000,761.000000</point>
				<point>282.000000,757.000000</point>
			</points>
		</object>
		<object>
			<coordinate>pixel</coordinate>
			<type>rectangle</type>
			<description>None</description>
			<possibleresult>
				<name>Tugboat</name>
			</possibleresult>
			<points>
				<point>298.000000,807.000000</point>
				<point>286.000000,772.000000</point>
				<point>277.000000,775.000000</point>
				<point>289.000000,810.000000</point>
				<point>298.000000,807.000000</point>
			</points>
		</object>
		<object>
			<coordinate>pixel</coordinate>
			<type>rectangle</type>
			<description>None</description>
			<possibleresult>
				<name>other-ship</name>
			</possibleresult>
			<points>
				<point>764.000000,371.000000</point>
				<point>723.000000,387.000000</point>
				<point>727.000000,398.000000</point>
				<point>768.000000,382.000000</point>
				<point>764.000000,371.000000</point>
			</points>
		</object>
		<object>
			<coordinate>pixel</coordinate>
			<type>rectangle</type>
			<description>None</description>
			<possibleresult>
				<name>Roundabout</name>
			</possibleresult>
			<points>
				<point>1395.000000,914.000000</point>
				<point>1395.000000,866.000000</point>
				<point>1445.000000,866.000000</point>
				<point>1445.000000,914.000000</point>
				<point>1395.000000,914.000000</point>
			</points>
		</object>
	</objects>
</annotation>