<?xml version="1.0" encoding="utf-8"?>
<annotation>
	<source>
		<filename>820.tif</filename>
		<origin>GF2/GF3</origin>
	</source>
	<research>
		<version>1.0</version>
		<provider>FAIR1M</provider>
		<author>Cyber</author>
		<pluginname>FAIR1M</pluginname>
		<pluginclass>object detection</pluginclass>
		<time>2021-07-21</time>
	</research>
	<size>
		<width>1000</width>
		<height>1000</height>
		<depth>3</depth>
	</size>
	<objects>
		<object>
			<coordinate>pixel</coordinate>
			<type>rectangle</type>
			<description>None</description>
			<possibleresult>
				<name>A321</name>
			</possibleresult>
			<points>
				<point>826.000000,1009.000000</point>
				<point>866.000000,965.000000</point>
				<point>831.000000,934.000000</point>
				<point>793.000000,979.000000</point>
				<point>826.000000,1009.000000</point>
			</points>
		</object>
		<object>
			<coordinate>pixel</coordinate>
			<type>rectangle</type>
			<description>None</description>
			<possibleresult>
				<name>A321</name>
			</possibleresult>
			<points>
				<point>670.000000,872.000000</point>
				<point>635.000000,911.000000</point>
				<point>671.000000,940.000000</point>
				<point>704.000000,902.000000</point>
				<point>670.000000,872.000000</point>
			</points>
		</object>
		<object>
			<coordinate>pixel</coordinate>
			<type>rectangle</type>
			<description>None</description>
			<possibleresult>
				<name>A220</name>
			</possibleresult>
			<points>
				<point>811.000000,834.000000</point>
				<point>856.000000,831.000000</point>
				<point>852.000000,784.000000</point>
				<point>807.000000,788.000000</point>
				<point>811.000000,834.000000</point>
			</points>
		</object>
		<object>
			<coordinate>pixel</coordinate>
			<type>rectangle</type>
			<description>None</description>
			<possibleresult>
				<name>A220</name>
			</possibleresult>
			<points>
				<point>954.000000,497.000000</point>
				<point>993.000000,518.000000</point>
				<point>1015.000000,477.000000</point>
				<point>976.000000,458.000000</point>
				<point>954.000000,497.000000</point>
			</points>
		</object>
		<object>
			<coordinate>pixel</coordinate>
			<type>rectangle</type>
			<description>None</description>
			<possibleresult>
				<name>A321</name>
			</possibleresult>
			<points>
				<point>954.000000,452.000000</point>
				<point>1006.000000,436.000000</point>
				<point>994.000000,395.000000</point>
				<point>941.000000,411.000000</point>
				<point>954.000000,452.000000</point>
			</points>
		</object>
	</objects>
</annotation>