<?xml version="1.0" encoding="utf-8"?>
<annotation>
	<source>
		<filename>833.tif</filename>
		<origin>GF2/GF3</origin>
	</source>
	<research>
		<version>1.0</version>
		<provider>FAIR1M</provider>
		<author>Cyber</author>
		<pluginname>FAIR1M</pluginname>
		<pluginclass>object detection</pluginclass>
		<time>2021-07-21</time>
	</research>
	<size>
		<width>3000</width>
		<height>3000</height>
		<depth>3</depth>
	</size>
	<objects>
		<object>
			<coordinate>pixel</coordinate>
			<type>rectangle</type>
			<description>None</description>
			<possibleresult>
				<name>Boeing777</name>
			</possibleresult>
			<points>
				<point>736.000000,256.000000</point>
				<point>755.000000,334.000000</point>
				<point>827.000000,316.000000</point>
				<point>807.000000,238.000000</point>
				<point>736.000000,256.000000</point>
			</points>
		</object>
		<object>
			<coordinate>pixel</coordinate>
			<type>rectangle</type>
			<description>None</description>
			<possibleresult>
				<name>A330</name>
			</possibleresult>
			<points>
				<point>682.000000,694.000000</point>
				<point>665.000000,616.000000</point>
				<point>591.000000,633.000000</point>
				<point>608.000000,711.000000</point>
				<point>682.000000,694.000000</point>
			</points>
		</object>
		<object>
			<coordinate>pixel</coordinate>
			<type>rectangle</type>
			<description>None</description>
			<possibleresult>
				<name>A220</name>
			</possibleresult>
			<points>
				<point>777.000000,1157.000000</point>
				<point>766.000000,1108.000000</point>
				<point>721.000000,1119.000000</point>
				<point>733.000000,1167.000000</point>
				<point>777.000000,1157.000000</point>
			</points>
		</object>
		<object>
			<coordinate>pixel</coordinate>
			<type>rectangle</type>
			<description>None</description>
			<possibleresult>
				<name>A330</name>
			</possibleresult>
			<points>
				<point>926.000000,1723.000000</point>
				<point>907.000000,1648.000000</point>
				<point>832.000000,1667.000000</point>
				<point>851.000000,1742.000000</point>
				<point>926.000000,1723.000000</point>
			</points>
		</object>
		<object>
			<coordinate>pixel</coordinate>
			<type>rectangle</type>
			<description>None</description>
			<possibleresult>
				<name>Boeing787</name>
			</possibleresult>
			<points>
				<point>971.000000,1931.000000</point>
				<point>954.000000,1852.000000</point>
				<point>880.000000,1869.000000</point>
				<point>898.000000,1947.000000</point>
				<point>971.000000,1931.000000</point>
			</points>
		</object>
		<object>
			<coordinate>pixel</coordinate>
			<type>rectangle</type>
			<description>None</description>
			<possibleresult>
				<name>ARJ21</name>
			</possibleresult>
			<points>
				<point>989.000000,2085.000000</point>
				<point>978.000000,2039.000000</point>
				<point>942.000000,2048.000000</point>
				<point>953.000000,2094.000000</point>
				<point>989.000000,2085.000000</point>
			</points>
		</object>
		<object>
			<coordinate>pixel</coordinate>
			<type>rectangle</type>
			<description>None</description>
			<possibleresult>
				<name>Boeing787</name>
			</possibleresult>
			<points>
				<point>1098.000000,2261.000000</point>
				<point>1025.000000,2257.000000</point>
				<point>1021.000000,2334.000000</point>
				<point>1095.000000,2337.000000</point>
				<point>1098.000000,2261.000000</point>
			</points>
		</object>
		<object>
			<coordinate>pixel</coordinate>
			<type>rectangle</type>
			<description>None</description>
			<possibleresult>
				<name>Boeing737</name>
			</possibleresult>
			<points>
				<point>1961.000000,569.000000</point>
				<point>1996.000000,604.000000</point>
				<point>2028.000000,571.000000</point>
				<point>1992.000000,536.000000</point>
				<point>1961.000000,569.000000</point>
			</points>
		</object>
	</objects>
</annotation>