<?xml version="1.0" encoding="utf-8"?>
<annotation>
	<source>
		<filename>839.tif</filename>
		<origin>GF2/GF3</origin>
	</source>
	<research>
		<version>1.0</version>
		<provider>FAIR1M</provider>
		<author>Cyber</author>
		<pluginname>FAIR1M</pluginname>
		<pluginclass>object detection</pluginclass>
		<time>2021-07-21</time>
	</research>
	<size>
		<width>1000</width>
		<height>1000</height>
		<depth>3</depth>
	</size>
	<objects>
		<object>
			<coordinate>pixel</coordinate>
			<type>rectangle</type>
			<description>None</description>
			<possibleresult>
				<name>other-airplane</name>
			</possibleresult>
			<points>
				<point>586.000000,848.000000</point>
				<point>609.000000,882.000000</point>
				<point>644.000000,859.000000</point>
				<point>621.000000,825.000000</point>
				<point>586.000000,848.000000</point>
			</points>
		</object>
		<object>
			<coordinate>pixel</coordinate>
			<type>rectangle</type>
			<description>None</description>
			<possibleresult>
				<name>A220</name>
			</possibleresult>
			<points>
				<point>663.000000,814.000000</point>
				<point>688.000000,853.000000</point>
				<point>723.000000,829.000000</point>
				<point>700.000000,792.000000</point>
				<point>663.000000,814.000000</point>
			</points>
		</object>
		<object>
			<coordinate>pixel</coordinate>
			<type>rectangle</type>
			<description>None</description>
			<possibleresult>
				<name>Intersection</name>
			</possibleresult>
			<points>
				<point>661.000000,247.000000</point>
				<point>697.000000,304.000000</point>
				<point>743.000000,274.000000</point>
				<point>708.000000,217.000000</point>
				<point>661.000000,247.000000</point>
			</points>
		</object>
		<object>
			<coordinate>pixel</coordinate>
			<type>rectangle</type>
			<description>None</description>
			<possibleresult>
				<name>Intersection</name>
			</possibleresult>
			<points>
				<point>902.000000,590.000000</point>
				<point>914.000000,609.000000</point>
				<point>948.000000,588.000000</point>
				<point>936.000000,569.000000</point>
				<point>902.000000,590.000000</point>
			</points>
		</object>
		<object>
			<coordinate>pixel</coordinate>
			<type>rectangle</type>
			<description>None</description>
			<possibleresult>
				<name>Basketball Court</name>
			</possibleresult>
			<points>
				<point>680.000000,13.000000</point>
				<point>689.000000,28.000000</point>
				<point>717.000000,11.000000</point>
				<point>708.000000,-3.000000</point>
				<point>680.000000,13.000000</point>
			</points>
		</object>
		<object>
			<coordinate>pixel</coordinate>
			<type>rectangle</type>
			<description>None</description>
			<possibleresult>
				<name>Tennis Court</name>
			</possibleresult>
			<points>
				<point>631.000000,28.000000</point>
				<point>646.000000,52.000000</point>
				<point>658.000000,44.000000</point>
				<point>643.000000,21.000000</point>
				<point>631.000000,28.000000</point>
			</points>
		</object>
		<object>
			<coordinate>pixel</coordinate>
			<type>rectangle</type>
			<description>None</description>
			<possibleresult>
				<name>Intersection</name>
			</possibleresult>
			<points>
				<point>333.000000,260.000000</point>
				<point>345.000000,278.000000</point>
				<point>363.000000,266.000000</point>
				<point>352.000000,248.000000</point>
				<point>333.000000,260.000000</point>
			</points>
		</object>
		<object>
			<coordinate>pixel</coordinate>
			<type>rectangle</type>
			<description>None</description>
			<possibleresult>
				<name>Intersection</name>
			</possibleresult>
			<points>
				<point>51.000000,445.000000</point>
				<point>63.000000,463.000000</point>
				<point>81.000000,451.000000</point>
				<point>70.000000,433.000000</point>
				<point>51.000000,445.000000</point>
			</points>
		</object>
	</objects>
</annotation>