<?xml version="1.0" encoding="utf-8"?>
<annotation>
	<source>
		<filename>845.tif</filename>
		<origin>GF2/GF3</origin>
	</source>
	<research>
		<version>1.0</version>
		<provider>FAIR1M</provider>
		<author>Cyber</author>
		<pluginname>FAIR1M</pluginname>
		<pluginclass>object detection</pluginclass>
		<time>2021-07-21</time>
	</research>
	<size>
		<width>1000</width>
		<height>1000</height>
		<depth>3</depth>
	</size>
	<objects>
		<object>
			<coordinate>pixel</coordinate>
			<type>rectangle</type>
			<description>None</description>
			<possibleresult>
				<name>Small Car</name>
			</possibleresult>
			<points>
				<point>634.104004,914.928040</point>
				<point>621.000000,924.000061</point>
				<point>616.895996,918.072083</point>
				<point>630.000000,909.000061</point>
				<point>634.104004,914.928040</point>
			</points>
		</object>
		<object>
			<coordinate>pixel</coordinate>
			<type>rectangle</type>
			<description>None</description>
			<possibleresult>
				<name>Dump Truck</name>
			</possibleresult>
			<points>
				<point>655.561829,932.683594</point>
				<point>650.999939,939.000000</point>
				<point>632.999939,926.000000</point>
				<point>637.561829,919.683594</point>
				<point>655.561829,932.683594</point>
			</points>
		</object>
		<object>
			<coordinate>pixel</coordinate>
			<type>rectangle</type>
			<description>None</description>
			<possibleresult>
				<name>Dump Truck</name>
			</possibleresult>
			<points>
				<point>832.000000,926.000000</point>
				<point>810.858398,928.013428</point>
				<point>810.000000,919.000000</point>
				<point>831.141602,916.986572</point>
				<point>832.000000,926.000000</point>
			</points>
		</object>
		<object>
			<coordinate>pixel</coordinate>
			<type>rectangle</type>
			<description>None</description>
			<possibleresult>
				<name>Dump Truck</name>
			</possibleresult>
			<points>
				<point>924.661560,876.416443</point>
				<point>907.661560,891.416443</point>
				<point>902.000061,885.000061</point>
				<point>919.000061,870.000061</point>
				<point>924.661560,876.416443</point>
			</points>
		</object>
		<object>
			<coordinate>pixel</coordinate>
			<type>rectangle</type>
			<description>None</description>
			<possibleresult>
				<name>Trailer</name>
			</possibleresult>
			<points>
				<point>964.226135,695.814697</point>
				<point>926.226135,735.814697</point>
				<point>918.000061,728.000000</point>
				<point>956.000061,688.000000</point>
				<point>964.226135,695.814697</point>
			</points>
		</object>
		<object>
			<coordinate>pixel</coordinate>
			<type>rectangle</type>
			<description>None</description>
			<possibleresult>
				<name>Dump Truck</name>
			</possibleresult>
			<points>
				<point>962.000061,617.000000</point>
				<point>955.087585,623.099243</point>
				<point>940.000061,606.000000</point>
				<point>946.912537,599.900757</point>
				<point>962.000061,617.000000</point>
			</points>
		</object>
		<object>
			<coordinate>pixel</coordinate>
			<type>rectangle</type>
			<description>None</description>
			<possibleresult>
				<name>Van</name>
			</possibleresult>
			<points>
				<point>941.044678,598.037903</point>
				<point>935.999878,603.999939</point>
				<point>922.955078,592.961975</point>
				<point>927.999878,586.999939</point>
				<point>941.044678,598.037903</point>
			</points>
		</object>
		<object>
			<coordinate>pixel</coordinate>
			<type>rectangle</type>
			<description>None</description>
			<possibleresult>
				<name>Dump Truck</name>
			</possibleresult>
			<points>
				<point>764.000000,431.000000</point>
				<point>758.000000,437.000000</point>
				<point>741.000000,420.000000</point>
				<point>747.000000,414.000000</point>
				<point>764.000000,431.000000</point>
			</points>
		</object>
		<object>
			<coordinate>pixel</coordinate>
			<type>rectangle</type>
			<description>None</description>
			<possibleresult>
				<name>Van</name>
			</possibleresult>
			<points>
				<point>667.195068,432.756104</point>
				<point>655.000000,448.000000</point>
				<point>647.804932,442.243896</point>
				<point>660.000000,427.000000</point>
				<point>667.195068,432.756104</point>
			</points>
		</object>
		<object>
			<coordinate>pixel</coordinate>
			<type>rectangle</type>
			<description>None</description>
			<possibleresult>
				<name>Dump Truck</name>
			</possibleresult>
			<points>
				<point>640.000000,376.000000</point>
				<point>622.859741,390.115479</point>
				<point>617.000000,383.000000</point>
				<point>634.140259,368.884521</point>
				<point>640.000000,376.000000</point>
			</points>
		</object>
		<object>
			<coordinate>pixel</coordinate>
			<type>rectangle</type>
			<description>None</description>
			<possibleresult>
				<name>Dump Truck</name>
			</possibleresult>
			<points>
				<point>22.038055,677.966980</point>
				<point>6.999985,690.999939</point>
				<point>0.961915,684.032898</point>
				<point>15.999985,670.999939</point>
				<point>22.038055,677.966980</point>
			</points>
		</object>
		<object>
			<coordinate>pixel</coordinate>
			<type>rectangle</type>
			<description>None</description>
			<possibleresult>
				<name>Van</name>
			</possibleresult>
			<points>
				<point>76.000000,628.000000</point>
				<point>63.728302,639.249023</point>
				<point>58.000000,633.000000</point>
				<point>70.271698,621.750977</point>
				<point>76.000000,628.000000</point>
			</points>
		</object>
		<object>
			<coordinate>pixel</coordinate>
			<type>rectangle</type>
			<description>None</description>
			<possibleresult>
				<name>Intersection</name>
			</possibleresult>
			<points>
				<point>620.000061,717.000061</point>
				<point>591.000061,746.000061</point>
				<point>550.500061,705.500061</point>
				<point>579.500061,676.500061</point>
				<point>620.000061,717.000061</point>
			</points>
		</object>
		<object>
			<coordinate>pixel</coordinate>
			<type>rectangle</type>
			<description>None</description>
			<possibleresult>
				<name>Van</name>
			</possibleresult>
			<points>
				<point>197.441681,973.346985</point>
				<point>193.000031,978.999939</point>
				<point>178.558380,967.652893</point>
				<point>183.000031,961.999939</point>
				<point>197.441681,973.346985</point>
			</points>
		</object>
		<object>
			<coordinate>pixel</coordinate>
			<type>rectangle</type>
			<description>None</description>
			<possibleresult>
				<name>Dump Truck</name>
			</possibleresult>
			<points>
				<point>99.218277,224.767151</point>
				<point>83.999985,241.000000</point>
				<point>76.781693,234.232849</point>
				<point>91.999985,218.000000</point>
				<point>99.218277,224.767151</point>
			</points>
		</object>
		<object>
			<coordinate>pixel</coordinate>
			<type>rectangle</type>
			<description>None</description>
			<possibleresult>
				<name>Intersection</name>
			</possibleresult>
			<points>
				<point>461.000031,147.000000</point>
				<point>429.296417,181.274170</point>
				<point>389.000031,144.000000</point>
				<point>420.703644,109.725830</point>
				<point>461.000031,147.000000</point>
			</points>
		</object>
		<object>
			<coordinate>pixel</coordinate>
			<type>rectangle</type>
			<description>None</description>
			<possibleresult>
				<name>Dump Truck</name>
			</possibleresult>
			<points>
				<point>363.000031,224.000031</point>
				<point>349.500031,237.500031</point>
				<point>343.500031,231.500031</point>
				<point>357.000031,218.000031</point>
				<point>363.000031,224.000031</point>
			</points>
		</object>
		<object>
			<coordinate>pixel</coordinate>
			<type>rectangle</type>
			<description>None</description>
			<possibleresult>
				<name>Cargo Truck</name>
			</possibleresult>
			<points>
				<point>490.000000,267.000000</point>
				<point>459.000000,267.000000</point>
				<point>459.000000,258.000000</point>
				<point>490.000000,258.000000</point>
				<point>490.000000,267.000000</point>
			</points>
		</object>
		<object>
			<coordinate>pixel</coordinate>
			<type>rectangle</type>
			<description>None</description>
			<possibleresult>
				<name>Van</name>
			</possibleresult>
			<points>
				<point>607.000000,209.999985</point>
				<point>593.000000,224.999985</point>
				<point>587.299316,219.679306</point>
				<point>601.299316,204.679306</point>
				<point>607.000000,209.999985</point>
			</points>
		</object>
		<object>
			<coordinate>pixel</coordinate>
			<type>rectangle</type>
			<description>None</description>
			<possibleresult>
				<name>Small Car</name>
			</possibleresult>
			<points>
				<point>591.676941,223.415359</point>
				<point>584.676941,232.415359</point>
				<point>579.000061,227.999985</point>
				<point>586.000061,218.999985</point>
				<point>591.676941,223.415359</point>
			</points>
		</object>
		<object>
			<coordinate>pixel</coordinate>
			<type>rectangle</type>
			<description>None</description>
			<possibleresult>
				<name>Dump Truck</name>
			</possibleresult>
			<points>
				<point>826.000122,9.999971</point>
				<point>812.000122,23.999971</point>
				<point>806.000122,17.999971</point>
				<point>820.000122,3.999971</point>
				<point>826.000122,9.999971</point>
			</points>
		</object>
		<object>
			<coordinate>pixel</coordinate>
			<type>rectangle</type>
			<description>None</description>
			<possibleresult>
				<name>Van</name>
			</possibleresult>
			<points>
				<point>902.760010,60.680000</point>
				<point>885.000000,74.000000</point>
				<point>879.000000,66.000000</point>
				<point>896.760010,52.680000</point>
				<point>902.760010,60.680000</point>
			</points>
		</object>
		<object>
			<coordinate>pixel</coordinate>
			<type>rectangle</type>
			<description>None</description>
			<possibleresult>
				<name>Van</name>
			</possibleresult>
			<points>
				<point>912.000000,69.000000</point>
				<point>896.000000,83.000000</point>
				<point>889.000000,75.000000</point>
				<point>905.000000,61.000000</point>
				<point>912.000000,69.000000</point>
			</points>
		</object>
		<object>
			<coordinate>pixel</coordinate>
			<type>rectangle</type>
			<description>None</description>
			<possibleresult>
				<name>Dump Truck</name>
			</possibleresult>
			<points>
				<point>918.320679,76.700714</point>
				<point>903.000000,91.000000</point>
				<point>897.679321,85.299286</point>
				<point>913.000000,71.000000</point>
				<point>918.320679,76.700714</point>
			</points>
		</object>
		<object>
			<coordinate>pixel</coordinate>
			<type>rectangle</type>
			<description>None</description>
			<possibleresult>
				<name>Van</name>
			</possibleresult>
			<points>
				<point>816.500122,178.500046</point>
				<point>810.000122,185.000046</point>
				<point>797.000122,172.000046</point>
				<point>803.500122,165.500046</point>
				<point>816.500122,178.500046</point>
			</points>
		</object>
		<object>
			<coordinate>pixel</coordinate>
			<type>rectangle</type>
			<description>None</description>
			<possibleresult>
				<name>Van</name>
			</possibleresult>
			<points>
				<point>999.999939,143.000000</point>
				<point>997.658508,164.073181</point>
				<point>988.658508,163.073181</point>
				<point>990.999939,142.000000</point>
				<point>999.999939,143.000000</point>
			</points>
		</object>
		<object>
			<coordinate>pixel</coordinate>
			<type>rectangle</type>
			<description>None</description>
			<possibleresult>
				<name>Intersection</name>
			</possibleresult>
			<points>
				<point>971.015625,144.015106</point>
				<point>940.000000,175.999969</point>
				<point>906.984375,143.984833</point>
				<point>938.000000,111.999969</point>
				<point>971.015625,144.015106</point>
			</points>
		</object>
		<object>
			<coordinate>pixel</coordinate>
			<type>rectangle</type>
			<description>None</description>
			<possibleresult>
				<name>Dump Truck</name>
			</possibleresult>
			<points>
				<point>733.500000,725.500000</point>
				<point>717.500000,741.500000</point>
				<point>711.000000,735.000000</point>
				<point>727.000000,719.000000</point>
				<point>733.500000,725.500000</point>
			</points>
		</object>
	</objects>
</annotation>