<?xml version="1.0" encoding="utf-8"?>
<annotation>
	<source>
		<filename>848.tif</filename>
		<origin>GF2/GF3</origin>
	</source>
	<research>
		<version>1.0</version>
		<provider>FAIR1M</provider>
		<author>Cyber</author>
		<pluginname>FAIR1M</pluginname>
		<pluginclass>object detection</pluginclass>
		<time>2021-07-21</time>
	</research>
	<size>
		<width>1500</width>
		<height>1500</height>
		<depth>3</depth>
	</size>
	<objects>
		<object>
			<coordinate>pixel</coordinate>
			<type>rectangle</type>
			<description>None</description>
			<possibleresult>
				<name>Dry Cargo Ship</name>
			</possibleresult>
			<points>
				<point>292.000000,1316.000000</point>
				<point>460.000000,1374.000000</point>
				<point>469.000000,1347.000000</point>
				<point>302.000000,1289.000000</point>
				<point>292.000000,1316.000000</point>
			</points>
		</object>
		<object>
			<coordinate>pixel</coordinate>
			<type>rectangle</type>
			<description>None</description>
			<possibleresult>
				<name>Dry Cargo Ship</name>
			</possibleresult>
			<points>
				<point>518.000000,1405.000000</point>
				<point>724.000000,1481.000000</point>
				<point>738.000000,1445.000000</point>
				<point>532.000000,1369.000000</point>
				<point>518.000000,1405.000000</point>
			</points>
		</object>
		<object>
			<coordinate>pixel</coordinate>
			<type>rectangle</type>
			<description>None</description>
			<possibleresult>
				<name>Dry Cargo Ship</name>
			</possibleresult>
			<points>
				<point>1009.000000,752.000000</point>
				<point>1267.000000,956.000000</point>
				<point>1296.000000,919.000000</point>
				<point>1038.000000,715.000000</point>
				<point>1009.000000,752.000000</point>
			</points>
		</object>
		<object>
			<coordinate>pixel</coordinate>
			<type>rectangle</type>
			<description>None</description>
			<possibleresult>
				<name>Dry Cargo Ship</name>
			</possibleresult>
			<points>
				<point>636.000000,434.000000</point>
				<point>855.000000,617.000000</point>
				<point>882.000000,584.000000</point>
				<point>664.000000,402.000000</point>
				<point>636.000000,434.000000</point>
			</points>
		</object>
		<object>
			<coordinate>pixel</coordinate>
			<type>rectangle</type>
			<description>None</description>
			<possibleresult>
				<name>Dry Cargo Ship</name>
			</possibleresult>
			<points>
				<point>177.000000,53.000000</point>
				<point>359.000000,203.000000</point>
				<point>388.000000,168.000000</point>
				<point>207.000000,17.000000</point>
				<point>177.000000,53.000000</point>
			</points>
		</object>
		<object>
			<coordinate>pixel</coordinate>
			<type>rectangle</type>
			<description>None</description>
			<possibleresult>
				<name>Tugboat</name>
			</possibleresult>
			<points>
				<point>1173.000000,1311.000000</point>
				<point>1214.000000,1328.000000</point>
				<point>1221.000000,1314.000000</point>
				<point>1179.000000,1296.000000</point>
				<point>1173.000000,1311.000000</point>
			</points>
		</object>
		<object>
			<coordinate>pixel</coordinate>
			<type>rectangle</type>
			<description>None</description>
			<possibleresult>
				<name>Tugboat</name>
			</possibleresult>
			<points>
				<point>1219.000000,1329.000000</point>
				<point>1242.000000,1342.000000</point>
				<point>1249.000000,1330.000000</point>
				<point>1225.000000,1317.000000</point>
				<point>1219.000000,1329.000000</point>
			</points>
		</object>
		<object>
			<coordinate>pixel</coordinate>
			<type>rectangle</type>
			<description>None</description>
			<possibleresult>
				<name>Tugboat</name>
			</possibleresult>
			<points>
				<point>1294.000000,1162.000000</point>
				<point>1276.000000,1209.000000</point>
				<point>1290.000000,1215.000000</point>
				<point>1308.000000,1167.000000</point>
				<point>1294.000000,1162.000000</point>
			</points>
		</object>
		<object>
			<coordinate>pixel</coordinate>
			<type>rectangle</type>
			<description>None</description>
			<possibleresult>
				<name>Tugboat</name>
			</possibleresult>
			<points>
				<point>1270.000000,1231.000000</point>
				<point>1253.000000,1274.000000</point>
				<point>1270.000000,1280.000000</point>
				<point>1287.000000,1238.000000</point>
				<point>1270.000000,1231.000000</point>
			</points>
		</object>
		<object>
			<coordinate>pixel</coordinate>
			<type>rectangle</type>
			<description>None</description>
			<possibleresult>
				<name>Tugboat</name>
			</possibleresult>
			<points>
				<point>1292.000000,1271.000000</point>
				<point>1276.000000,1314.000000</point>
				<point>1290.000000,1320.000000</point>
				<point>1306.000000,1277.000000</point>
				<point>1292.000000,1271.000000</point>
			</points>
		</object>
		<object>
			<coordinate>pixel</coordinate>
			<type>rectangle</type>
			<description>None</description>
			<possibleresult>
				<name>Tugboat</name>
			</possibleresult>
			<points>
				<point>1307.000000,1278.000000</point>
				<point>1292.000000,1320.000000</point>
				<point>1307.000000,1325.000000</point>
				<point>1322.000000,1283.000000</point>
				<point>1307.000000,1278.000000</point>
			</points>
		</object>
	</objects>
</annotation>