<?xml version="1.0" encoding="utf-8"?>
<annotation>
	<source>
		<filename>853.tif</filename>
		<origin>GF2/GF3</origin>
	</source>
	<research>
		<version>1.0</version>
		<provider>FAIR1M</provider>
		<author>Cyber</author>
		<pluginname>FAIR1M</pluginname>
		<pluginclass>object detection</pluginclass>
		<time>2021-07-21</time>
	</research>
	<size>
		<width>1000</width>
		<height>1000</height>
		<depth>3</depth>
	</size>
	<objects>
		<object>
			<coordinate>pixel</coordinate>
			<type>rectangle</type>
			<description>None</description>
			<possibleresult>
				<name>Baseball Field</name>
			</possibleresult>
			<points>
				<point>611.000000,195.000000</point>
				<point>501.000000,323.000000</point>
				<point>364.000000,206.000000</point>
				<point>474.000000,78.000000</point>
				<point>611.000000,195.000000</point>
			</points>
		</object>
		<object>
			<coordinate>pixel</coordinate>
			<type>rectangle</type>
			<description>None</description>
			<possibleresult>
				<name>Small Car</name>
			</possibleresult>
			<points>
				<point>382.000000,953.000000</point>
				<point>373.000000,953.000000</point>
				<point>373.000000,941.000000</point>
				<point>382.000000,941.000000</point>
				<point>382.000000,953.000000</point>
			</points>
		</object>
		<object>
			<coordinate>pixel</coordinate>
			<type>rectangle</type>
			<description>None</description>
			<possibleresult>
				<name>Dump Truck</name>
			</possibleresult>
			<points>
				<point>371.000000,936.000000</point>
				<point>368.000000,953.000000</point>
				<point>357.000000,951.000000</point>
				<point>361.000000,935.000000</point>
				<point>371.000000,936.000000</point>
			</points>
		</object>
		<object>
			<coordinate>pixel</coordinate>
			<type>rectangle</type>
			<description>None</description>
			<possibleresult>
				<name>Van</name>
			</possibleresult>
			<points>
				<point>356.000000,942.000000</point>
				<point>355.000000,949.000000</point>
				<point>336.000000,945.000000</point>
				<point>338.000000,939.000000</point>
				<point>356.000000,942.000000</point>
			</points>
		</object>
		<object>
			<coordinate>pixel</coordinate>
			<type>rectangle</type>
			<description>None</description>
			<possibleresult>
				<name>Dump Truck</name>
			</possibleresult>
			<points>
				<point>371.000000,913.000000</point>
				<point>368.000000,921.000000</point>
				<point>341.000000,914.000000</point>
				<point>343.000000,905.000000</point>
				<point>371.000000,913.000000</point>
			</points>
		</object>
		<object>
			<coordinate>pixel</coordinate>
			<type>rectangle</type>
			<description>None</description>
			<possibleresult>
				<name>Small Car</name>
			</possibleresult>
			<points>
				<point>280.000000,944.000000</point>
				<point>274.000000,962.000000</point>
				<point>267.000000,960.000000</point>
				<point>272.000000,942.000000</point>
				<point>280.000000,944.000000</point>
			</points>
		</object>
		<object>
			<coordinate>pixel</coordinate>
			<type>rectangle</type>
			<description>None</description>
			<possibleresult>
				<name>Small Car</name>
			</possibleresult>
			<points>
				<point>261.000000,943.000000</point>
				<point>258.000000,954.000000</point>
				<point>250.000000,952.000000</point>
				<point>253.000000,941.000000</point>
				<point>261.000000,943.000000</point>
			</points>
		</object>
		<object>
			<coordinate>pixel</coordinate>
			<type>rectangle</type>
			<description>None</description>
			<possibleresult>
				<name>Van</name>
			</possibleresult>
			<points>
				<point>262.000000,925.000000</point>
				<point>260.000000,940.000000</point>
				<point>252.000000,939.000000</point>
				<point>254.000000,924.000000</point>
				<point>262.000000,925.000000</point>
			</points>
		</object>
		<object>
			<coordinate>pixel</coordinate>
			<type>rectangle</type>
			<description>None</description>
			<possibleresult>
				<name>Van</name>
			</possibleresult>
			<points>
				<point>275.000000,892.000000</point>
				<point>269.000000,908.000000</point>
				<point>260.000000,905.000000</point>
				<point>266.000000,889.000000</point>
				<point>275.000000,892.000000</point>
			</points>
		</object>
		<object>
			<coordinate>pixel</coordinate>
			<type>rectangle</type>
			<description>None</description>
			<possibleresult>
				<name>Van</name>
			</possibleresult>
			<points>
				<point>223.000000,880.000000</point>
				<point>219.000000,896.000000</point>
				<point>212.000000,894.000000</point>
				<point>216.000000,878.000000</point>
				<point>223.000000,880.000000</point>
			</points>
		</object>
		<object>
			<coordinate>pixel</coordinate>
			<type>rectangle</type>
			<description>None</description>
			<possibleresult>
				<name>Small Car</name>
			</possibleresult>
			<points>
				<point>201.000000,883.000000</point>
				<point>196.000000,898.000000</point>
				<point>187.000000,895.000000</point>
				<point>191.000000,880.000000</point>
				<point>201.000000,883.000000</point>
			</points>
		</object>
		<object>
			<coordinate>pixel</coordinate>
			<type>rectangle</type>
			<description>None</description>
			<possibleresult>
				<name>Small Car</name>
			</possibleresult>
			<points>
				<point>189.000000,879.000000</point>
				<point>186.000000,896.000000</point>
				<point>175.000000,894.000000</point>
				<point>179.000000,878.000000</point>
				<point>189.000000,879.000000</point>
			</points>
		</object>
		<object>
			<coordinate>pixel</coordinate>
			<type>rectangle</type>
			<description>None</description>
			<possibleresult>
				<name>Van</name>
			</possibleresult>
			<points>
				<point>204.000000,918.000000</point>
				<point>198.000000,936.000000</point>
				<point>190.000000,933.000000</point>
				<point>196.000000,915.000000</point>
				<point>204.000000,918.000000</point>
			</points>
		</object>
		<object>
			<coordinate>pixel</coordinate>
			<type>rectangle</type>
			<description>None</description>
			<possibleresult>
				<name>Van</name>
			</possibleresult>
			<points>
				<point>160.000000,945.000000</point>
				<point>159.000000,952.000000</point>
				<point>135.000000,948.000000</point>
				<point>136.000000,941.000000</point>
				<point>160.000000,945.000000</point>
			</points>
		</object>
		<object>
			<coordinate>pixel</coordinate>
			<type>rectangle</type>
			<description>None</description>
			<possibleresult>
				<name>Dump Truck</name>
			</possibleresult>
			<points>
				<point>40.000000,947.000000</point>
				<point>39.000000,955.000000</point>
				<point>26.000000,953.000000</point>
				<point>27.000000,945.000000</point>
				<point>40.000000,947.000000</point>
			</points>
		</object>
		<object>
			<coordinate>pixel</coordinate>
			<type>rectangle</type>
			<description>None</description>
			<possibleresult>
				<name>Small Car</name>
			</possibleresult>
			<points>
				<point>47.000000,939.000000</point>
				<point>45.000000,946.000000</point>
				<point>31.000000,943.000000</point>
				<point>33.000000,936.000000</point>
				<point>47.000000,939.000000</point>
			</points>
		</object>
		<object>
			<coordinate>pixel</coordinate>
			<type>rectangle</type>
			<description>None</description>
			<possibleresult>
				<name>Van</name>
			</possibleresult>
			<points>
				<point>120.000000,987.000000</point>
				<point>118.000000,996.000000</point>
				<point>92.000000,991.000000</point>
				<point>93.000000,983.000000</point>
				<point>120.000000,987.000000</point>
			</points>
		</object>
		<object>
			<coordinate>pixel</coordinate>
			<type>rectangle</type>
			<description>None</description>
			<possibleresult>
				<name>Van</name>
			</possibleresult>
			<points>
				<point>53.000000,1000.000000</point>
				<point>44.000000,996.000000</point>
				<point>50.000000,980.000000</point>
				<point>61.000000,983.000000</point>
				<point>53.000000,1000.000000</point>
			</points>
		</object>
		<object>
			<coordinate>pixel</coordinate>
			<type>rectangle</type>
			<description>None</description>
			<possibleresult>
				<name>Small Car</name>
			</possibleresult>
			<points>
				<point>118.000000,917.000000</point>
				<point>115.000000,935.000000</point>
				<point>105.000000,934.000000</point>
				<point>108.000000,916.000000</point>
				<point>118.000000,917.000000</point>
			</points>
		</object>
		<object>
			<coordinate>pixel</coordinate>
			<type>rectangle</type>
			<description>None</description>
			<possibleresult>
				<name>Van</name>
			</possibleresult>
			<points>
				<point>83.000000,871.000000</point>
				<point>80.000000,889.000000</point>
				<point>68.000000,887.000000</point>
				<point>72.000000,870.000000</point>
				<point>83.000000,871.000000</point>
			</points>
		</object>
		<object>
			<coordinate>pixel</coordinate>
			<type>rectangle</type>
			<description>None</description>
			<possibleresult>
				<name>other-vehicle</name>
			</possibleresult>
			<points>
				<point>71.000000,170.000000</point>
				<point>60.000000,176.000000</point>
				<point>47.000000,156.000000</point>
				<point>59.000000,149.000000</point>
				<point>71.000000,170.000000</point>
			</points>
		</object>
		<object>
			<coordinate>pixel</coordinate>
			<type>rectangle</type>
			<description>None</description>
			<possibleresult>
				<name>other-vehicle</name>
			</possibleresult>
			<points>
				<point>107.000000,271.000000</point>
				<point>91.000000,274.000000</point>
				<point>83.000000,234.000000</point>
				<point>98.000000,230.000000</point>
				<point>107.000000,271.000000</point>
			</points>
		</object>
		<object>
			<coordinate>pixel</coordinate>
			<type>rectangle</type>
			<description>None</description>
			<possibleresult>
				<name>other-vehicle</name>
			</possibleresult>
			<points>
				<point>71.000000,261.000000</point>
				<point>59.000000,269.000000</point>
				<point>40.000000,238.000000</point>
				<point>53.000000,230.000000</point>
				<point>71.000000,261.000000</point>
			</points>
		</object>
		<object>
			<coordinate>pixel</coordinate>
			<type>rectangle</type>
			<description>None</description>
			<possibleresult>
				<name>Cargo Truck</name>
			</possibleresult>
			<points>
				<point>70.000000,109.000000</point>
				<point>61.000000,116.000000</point>
				<point>44.000000,95.000000</point>
				<point>52.000000,87.000000</point>
				<point>70.000000,109.000000</point>
			</points>
		</object>
		<object>
			<coordinate>pixel</coordinate>
			<type>rectangle</type>
			<description>None</description>
			<possibleresult>
				<name>Excavator</name>
			</possibleresult>
			<points>
				<point>103.000000,106.000000</point>
				<point>78.000000,107.000000</point>
				<point>78.000000,92.000000</point>
				<point>103.000000,91.000000</point>
				<point>103.000000,106.000000</point>
			</points>
		</object>
		<object>
			<coordinate>pixel</coordinate>
			<type>rectangle</type>
			<description>None</description>
			<possibleresult>
				<name>Excavator</name>
			</possibleresult>
			<points>
				<point>27.000000,114.000000</point>
				<point>13.000000,114.000000</point>
				<point>13.000000,92.000000</point>
				<point>27.000000,92.000000</point>
				<point>27.000000,114.000000</point>
			</points>
		</object>
		<object>
			<coordinate>pixel</coordinate>
			<type>rectangle</type>
			<description>None</description>
			<possibleresult>
				<name>Excavator</name>
			</possibleresult>
			<points>
				<point>26.000000,123.000000</point>
				<point>0.000000,138.000000</point>
				<point>0.000000,125.000000</point>
				<point>20.000000,114.000000</point>
				<point>26.000000,123.000000</point>
			</points>
		</object>
		<object>
			<coordinate>pixel</coordinate>
			<type>rectangle</type>
			<description>None</description>
			<possibleresult>
				<name>Small Car</name>
			</possibleresult>
			<points>
				<point>316.000000,333.000000</point>
				<point>309.000000,339.000000</point>
				<point>298.000000,323.000000</point>
				<point>306.000000,318.000000</point>
				<point>316.000000,333.000000</point>
			</points>
		</object>
		<object>
			<coordinate>pixel</coordinate>
			<type>rectangle</type>
			<description>None</description>
			<possibleresult>
				<name>Small Car</name>
			</possibleresult>
			<points>
				<point>67.000000,406.000000</point>
				<point>57.000000,410.000000</point>
				<point>50.000000,393.000000</point>
				<point>61.000000,389.000000</point>
				<point>67.000000,406.000000</point>
			</points>
		</object>
		<object>
			<coordinate>pixel</coordinate>
			<type>rectangle</type>
			<description>None</description>
			<possibleresult>
				<name>Van</name>
			</possibleresult>
			<points>
				<point>130.000000,387.000000</point>
				<point>105.000000,396.000000</point>
				<point>102.000000,388.000000</point>
				<point>126.000000,379.000000</point>
				<point>130.000000,387.000000</point>
			</points>
		</object>
		<object>
			<coordinate>pixel</coordinate>
			<type>rectangle</type>
			<description>None</description>
			<possibleresult>
				<name>Dump Truck</name>
			</possibleresult>
			<points>
				<point>143.000000,395.000000</point>
				<point>112.000000,404.000000</point>
				<point>110.000000,395.000000</point>
				<point>140.000000,385.000000</point>
				<point>143.000000,395.000000</point>
			</points>
		</object>
		<object>
			<coordinate>pixel</coordinate>
			<type>rectangle</type>
			<description>None</description>
			<possibleresult>
				<name>Van</name>
			</possibleresult>
			<points>
				<point>145.000000,404.000000</point>
				<point>116.000000,414.000000</point>
				<point>112.000000,405.000000</point>
				<point>141.000000,395.000000</point>
				<point>145.000000,404.000000</point>
			</points>
		</object>
		<object>
			<coordinate>pixel</coordinate>
			<type>rectangle</type>
			<description>None</description>
			<possibleresult>
				<name>Cargo Truck</name>
			</possibleresult>
			<points>
				<point>146.000000,416.000000</point>
				<point>123.000000,424.000000</point>
				<point>120.000000,415.000000</point>
				<point>144.000000,408.000000</point>
				<point>146.000000,416.000000</point>
			</points>
		</object>
		<object>
			<coordinate>pixel</coordinate>
			<type>rectangle</type>
			<description>None</description>
			<possibleresult>
				<name>Cargo Truck</name>
			</possibleresult>
			<points>
				<point>158.000000,442.000000</point>
				<point>147.000000,450.000000</point>
				<point>131.000000,424.000000</point>
				<point>143.000000,417.000000</point>
				<point>158.000000,442.000000</point>
			</points>
		</object>
		<object>
			<coordinate>pixel</coordinate>
			<type>rectangle</type>
			<description>None</description>
			<possibleresult>
				<name>Cargo Truck</name>
			</possibleresult>
			<points>
				<point>179.000000,407.000000</point>
				<point>148.000000,417.000000</point>
				<point>143.000000,405.000000</point>
				<point>174.000000,395.000000</point>
				<point>179.000000,407.000000</point>
			</points>
		</object>
		<object>
			<coordinate>pixel</coordinate>
			<type>rectangle</type>
			<description>None</description>
			<possibleresult>
				<name>other-vehicle</name>
			</possibleresult>
			<points>
				<point>176.000000,433.000000</point>
				<point>164.000000,440.000000</point>
				<point>153.000000,423.000000</point>
				<point>164.000000,415.000000</point>
				<point>176.000000,433.000000</point>
			</points>
		</object>
		<object>
			<coordinate>pixel</coordinate>
			<type>rectangle</type>
			<description>None</description>
			<possibleresult>
				<name>Van</name>
			</possibleresult>
			<points>
				<point>201.000000,429.000000</point>
				<point>188.000000,435.000000</point>
				<point>178.000000,414.000000</point>
				<point>190.000000,407.000000</point>
				<point>201.000000,429.000000</point>
			</points>
		</object>
		<object>
			<coordinate>pixel</coordinate>
			<type>rectangle</type>
			<description>None</description>
			<possibleresult>
				<name>Van</name>
			</possibleresult>
			<points>
				<point>205.000000,458.000000</point>
				<point>192.000000,465.000000</point>
				<point>177.000000,437.000000</point>
				<point>191.000000,431.000000</point>
				<point>205.000000,458.000000</point>
			</points>
		</object>
		<object>
			<coordinate>pixel</coordinate>
			<type>rectangle</type>
			<description>None</description>
			<possibleresult>
				<name>Dump Truck</name>
			</possibleresult>
			<points>
				<point>189.000000,456.000000</point>
				<point>180.000000,462.000000</point>
				<point>166.000000,441.000000</point>
				<point>175.000000,435.000000</point>
				<point>189.000000,456.000000</point>
			</points>
		</object>
		<object>
			<coordinate>pixel</coordinate>
			<type>rectangle</type>
			<description>None</description>
			<possibleresult>
				<name>Dump Truck</name>
			</possibleresult>
			<points>
				<point>180.000000,461.000000</point>
				<point>167.000000,467.000000</point>
				<point>156.000000,445.000000</point>
				<point>168.000000,438.000000</point>
				<point>180.000000,461.000000</point>
			</points>
		</object>
		<object>
			<coordinate>pixel</coordinate>
			<type>rectangle</type>
			<description>None</description>
			<possibleresult>
				<name>Van</name>
			</possibleresult>
			<points>
				<point>182.000000,733.000000</point>
				<point>178.000000,751.000000</point>
				<point>166.000000,748.000000</point>
				<point>170.000000,730.000000</point>
				<point>182.000000,733.000000</point>
			</points>
		</object>
		<object>
			<coordinate>pixel</coordinate>
			<type>rectangle</type>
			<description>None</description>
			<possibleresult>
				<name>Small Car</name>
			</possibleresult>
			<points>
				<point>154.000000,787.000000</point>
				<point>150.000000,805.000000</point>
				<point>139.000000,802.000000</point>
				<point>144.000000,785.000000</point>
				<point>154.000000,787.000000</point>
			</points>
		</object>
		<object>
			<coordinate>pixel</coordinate>
			<type>rectangle</type>
			<description>None</description>
			<possibleresult>
				<name>Small Car</name>
			</possibleresult>
			<points>
				<point>147.000000,804.000000</point>
				<point>143.000000,820.000000</point>
				<point>133.000000,817.000000</point>
				<point>137.000000,801.000000</point>
				<point>147.000000,804.000000</point>
			</points>
		</object>
		<object>
			<coordinate>pixel</coordinate>
			<type>rectangle</type>
			<description>None</description>
			<possibleresult>
				<name>Dump Truck</name>
			</possibleresult>
			<points>
				<point>0.000000,628.000000</point>
				<point>-3.000000,626.000000</point>
				<point>0.000000,617.000000</point>
				<point>3.000000,618.000000</point>
				<point>0.000000,628.000000</point>
			</points>
		</object>
		<object>
			<coordinate>pixel</coordinate>
			<type>rectangle</type>
			<description>None</description>
			<possibleresult>
				<name>Van</name>
			</possibleresult>
			<points>
				<point>22.000000,627.000000</point>
				<point>15.000000,647.000000</point>
				<point>5.000000,644.000000</point>
				<point>12.000000,624.000000</point>
				<point>22.000000,627.000000</point>
			</points>
		</object>
		<object>
			<coordinate>pixel</coordinate>
			<type>rectangle</type>
			<description>None</description>
			<possibleresult>
				<name>Dump Truck</name>
			</possibleresult>
			<points>
				<point>47.000000,632.000000</point>
				<point>39.000000,653.000000</point>
				<point>27.000000,648.000000</point>
				<point>35.000000,627.000000</point>
				<point>47.000000,632.000000</point>
			</points>
		</object>
		<object>
			<coordinate>pixel</coordinate>
			<type>rectangle</type>
			<description>None</description>
			<possibleresult>
				<name>Dump Truck</name>
			</possibleresult>
			<points>
				<point>67.000000,656.000000</point>
				<point>51.000000,657.000000</point>
				<point>48.000000,629.000000</point>
				<point>64.000000,628.000000</point>
				<point>67.000000,656.000000</point>
			</points>
		</object>
		<object>
			<coordinate>pixel</coordinate>
			<type>rectangle</type>
			<description>None</description>
			<possibleresult>
				<name>Van</name>
			</possibleresult>
			<points>
				<point>142.000000,684.000000</point>
				<point>121.000000,698.000000</point>
				<point>116.000000,690.000000</point>
				<point>137.000000,676.000000</point>
				<point>142.000000,684.000000</point>
			</points>
		</object>
		<object>
			<coordinate>pixel</coordinate>
			<type>rectangle</type>
			<description>None</description>
			<possibleresult>
				<name>Van</name>
			</possibleresult>
			<points>
				<point>136.000000,674.000000</point>
				<point>116.000000,689.000000</point>
				<point>110.000000,681.000000</point>
				<point>130.000000,666.000000</point>
				<point>136.000000,674.000000</point>
			</points>
		</object>
		<object>
			<coordinate>pixel</coordinate>
			<type>rectangle</type>
			<description>None</description>
			<possibleresult>
				<name>Excavator</name>
			</possibleresult>
			<points>
				<point>150.000000,597.000000</point>
				<point>137.000000,602.000000</point>
				<point>125.000000,573.000000</point>
				<point>137.000000,567.000000</point>
				<point>150.000000,597.000000</point>
			</points>
		</object>
		<object>
			<coordinate>pixel</coordinate>
			<type>rectangle</type>
			<description>None</description>
			<possibleresult>
				<name>Excavator</name>
			</possibleresult>
			<points>
				<point>190.000000,621.000000</point>
				<point>178.000000,632.000000</point>
				<point>154.000000,603.000000</point>
				<point>166.000000,592.000000</point>
				<point>190.000000,621.000000</point>
			</points>
		</object>
		<object>
			<coordinate>pixel</coordinate>
			<type>rectangle</type>
			<description>None</description>
			<possibleresult>
				<name>Dump Truck</name>
			</possibleresult>
			<points>
				<point>227.000000,649.000000</point>
				<point>216.000000,655.000000</point>
				<point>202.000000,626.000000</point>
				<point>214.000000,620.000000</point>
				<point>227.000000,649.000000</point>
			</points>
		</object>
		<object>
			<coordinate>pixel</coordinate>
			<type>rectangle</type>
			<description>None</description>
			<possibleresult>
				<name>Dump Truck</name>
			</possibleresult>
			<points>
				<point>195.000000,653.000000</point>
				<point>184.000000,664.000000</point>
				<point>155.000000,634.000000</point>
				<point>167.000000,624.000000</point>
				<point>195.000000,653.000000</point>
			</points>
		</object>
		<object>
			<coordinate>pixel</coordinate>
			<type>rectangle</type>
			<description>None</description>
			<possibleresult>
				<name>Small Car</name>
			</possibleresult>
			<points>
				<point>391.000000,483.000000</point>
				<point>384.000000,487.000000</point>
				<point>374.000000,470.000000</point>
				<point>380.000000,465.000000</point>
				<point>391.000000,483.000000</point>
			</points>
		</object>
		<object>
			<coordinate>pixel</coordinate>
			<type>rectangle</type>
			<description>None</description>
			<possibleresult>
				<name>Small Car</name>
			</possibleresult>
			<points>
				<point>417.000000,504.000000</point>
				<point>408.000000,507.000000</point>
				<point>402.000000,490.000000</point>
				<point>410.000000,486.000000</point>
				<point>417.000000,504.000000</point>
			</points>
		</object>
		<object>
			<coordinate>pixel</coordinate>
			<type>rectangle</type>
			<description>None</description>
			<possibleresult>
				<name>Dump Truck</name>
			</possibleresult>
			<points>
				<point>413.000000,555.000000</point>
				<point>402.000000,558.000000</point>
				<point>396.000000,535.000000</point>
				<point>407.000000,532.000000</point>
				<point>413.000000,555.000000</point>
			</points>
		</object>
		<object>
			<coordinate>pixel</coordinate>
			<type>rectangle</type>
			<description>None</description>
			<possibleresult>
				<name>Van</name>
			</possibleresult>
			<points>
				<point>400.000000,559.000000</point>
				<point>389.000000,562.000000</point>
				<point>383.000000,540.000000</point>
				<point>395.000000,538.000000</point>
				<point>400.000000,559.000000</point>
			</points>
		</object>
		<object>
			<coordinate>pixel</coordinate>
			<type>rectangle</type>
			<description>None</description>
			<possibleresult>
				<name>Van</name>
			</possibleresult>
			<points>
				<point>343.000000,566.000000</point>
				<point>335.000000,571.000000</point>
				<point>326.000000,556.000000</point>
				<point>335.000000,552.000000</point>
				<point>343.000000,566.000000</point>
			</points>
		</object>
		<object>
			<coordinate>pixel</coordinate>
			<type>rectangle</type>
			<description>None</description>
			<possibleresult>
				<name>Dump Truck</name>
			</possibleresult>
			<points>
				<point>337.000000,575.000000</point>
				<point>327.000000,581.000000</point>
				<point>315.000000,560.000000</point>
				<point>326.000000,555.000000</point>
				<point>337.000000,575.000000</point>
			</points>
		</object>
		<object>
			<coordinate>pixel</coordinate>
			<type>rectangle</type>
			<description>None</description>
			<possibleresult>
				<name>Small Car</name>
			</possibleresult>
			<points>
				<point>325.000000,579.000000</point>
				<point>317.000000,583.000000</point>
				<point>306.000000,561.000000</point>
				<point>315.000000,558.000000</point>
				<point>325.000000,579.000000</point>
			</points>
		</object>
		<object>
			<coordinate>pixel</coordinate>
			<type>rectangle</type>
			<description>None</description>
			<possibleresult>
				<name>Dump Truck</name>
			</possibleresult>
			<points>
				<point>318.000000,585.000000</point>
				<point>308.000000,589.000000</point>
				<point>298.000000,567.000000</point>
				<point>307.000000,562.000000</point>
				<point>318.000000,585.000000</point>
			</points>
		</object>
		<object>
			<coordinate>pixel</coordinate>
			<type>rectangle</type>
			<description>None</description>
			<possibleresult>
				<name>Van</name>
			</possibleresult>
			<points>
				<point>307.000000,589.000000</point>
				<point>297.000000,594.000000</point>
				<point>286.000000,572.000000</point>
				<point>296.000000,567.000000</point>
				<point>307.000000,589.000000</point>
			</points>
		</object>
		<object>
			<coordinate>pixel</coordinate>
			<type>rectangle</type>
			<description>None</description>
			<possibleresult>
				<name>Dump Truck</name>
			</possibleresult>
			<points>
				<point>295.000000,590.000000</point>
				<point>287.000000,595.000000</point>
				<point>273.000000,573.000000</point>
				<point>280.000000,569.000000</point>
				<point>295.000000,590.000000</point>
			</points>
		</object>
		<object>
			<coordinate>pixel</coordinate>
			<type>rectangle</type>
			<description>None</description>
			<possibleresult>
				<name>Dump Truck</name>
			</possibleresult>
			<points>
				<point>280.000000,594.000000</point>
				<point>271.000000,600.000000</point>
				<point>256.000000,579.000000</point>
				<point>265.000000,573.000000</point>
				<point>280.000000,594.000000</point>
			</points>
		</object>
		<object>
			<coordinate>pixel</coordinate>
			<type>rectangle</type>
			<description>None</description>
			<possibleresult>
				<name>Small Car</name>
			</possibleresult>
			<points>
				<point>385.000000,606.000000</point>
				<point>377.000000,611.000000</point>
				<point>365.000000,595.000000</point>
				<point>373.000000,590.000000</point>
				<point>385.000000,606.000000</point>
			</points>
		</object>
		<object>
			<coordinate>pixel</coordinate>
			<type>rectangle</type>
			<description>None</description>
			<possibleresult>
				<name>Cargo Truck</name>
			</possibleresult>
			<points>
				<point>254.000000,592.000000</point>
				<point>237.000000,599.000000</point>
				<point>234.000000,592.000000</point>
				<point>250.000000,584.000000</point>
				<point>254.000000,592.000000</point>
			</points>
		</object>
		<object>
			<coordinate>pixel</coordinate>
			<type>rectangle</type>
			<description>None</description>
			<possibleresult>
				<name>Cargo Truck</name>
			</possibleresult>
			<points>
				<point>262.000000,603.000000</point>
				<point>241.000000,612.000000</point>
				<point>237.000000,603.000000</point>
				<point>258.000000,594.000000</point>
				<point>262.000000,603.000000</point>
			</points>
		</object>
		<object>
			<coordinate>pixel</coordinate>
			<type>rectangle</type>
			<description>None</description>
			<possibleresult>
				<name>Cargo Truck</name>
			</possibleresult>
			<points>
				<point>270.000000,615.000000</point>
				<point>251.000000,620.000000</point>
				<point>249.000000,611.000000</point>
				<point>268.000000,606.000000</point>
				<point>270.000000,615.000000</point>
			</points>
		</object>
		<object>
			<coordinate>pixel</coordinate>
			<type>rectangle</type>
			<description>None</description>
			<possibleresult>
				<name>Cargo Truck</name>
			</possibleresult>
			<points>
				<point>279.000000,622.000000</point>
				<point>256.000000,629.000000</point>
				<point>254.000000,621.000000</point>
				<point>277.000000,614.000000</point>
				<point>279.000000,622.000000</point>
			</points>
		</object>
		<object>
			<coordinate>pixel</coordinate>
			<type>rectangle</type>
			<description>None</description>
			<possibleresult>
				<name>Cargo Truck</name>
			</possibleresult>
			<points>
				<point>290.000000,628.000000</point>
				<point>267.000000,639.000000</point>
				<point>263.000000,630.000000</point>
				<point>285.000000,620.000000</point>
				<point>290.000000,628.000000</point>
			</points>
		</object>
		<object>
			<coordinate>pixel</coordinate>
			<type>rectangle</type>
			<description>None</description>
			<possibleresult>
				<name>Cargo Truck</name>
			</possibleresult>
			<points>
				<point>291.000000,639.000000</point>
				<point>271.000000,648.000000</point>
				<point>268.000000,640.000000</point>
				<point>287.000000,630.000000</point>
				<point>291.000000,639.000000</point>
			</points>
		</object>
		<object>
			<coordinate>pixel</coordinate>
			<type>rectangle</type>
			<description>None</description>
			<possibleresult>
				<name>Cargo Truck</name>
			</possibleresult>
			<points>
				<point>316.000000,672.000000</point>
				<point>294.000000,680.000000</point>
				<point>290.000000,668.000000</point>
				<point>312.000000,660.000000</point>
				<point>316.000000,672.000000</point>
			</points>
		</object>
		<object>
			<coordinate>pixel</coordinate>
			<type>rectangle</type>
			<description>None</description>
			<possibleresult>
				<name>Cargo Truck</name>
			</possibleresult>
			<points>
				<point>322.000000,681.000000</point>
				<point>300.000000,689.000000</point>
				<point>296.000000,679.000000</point>
				<point>318.000000,671.000000</point>
				<point>322.000000,681.000000</point>
			</points>
		</object>
		<object>
			<coordinate>pixel</coordinate>
			<type>rectangle</type>
			<description>None</description>
			<possibleresult>
				<name>Cargo Truck</name>
			</possibleresult>
			<points>
				<point>276.000000,698.000000</point>
				<point>254.000000,710.000000</point>
				<point>248.000000,696.000000</point>
				<point>269.000000,685.000000</point>
				<point>276.000000,698.000000</point>
			</points>
		</object>
		<object>
			<coordinate>pixel</coordinate>
			<type>rectangle</type>
			<description>None</description>
			<possibleresult>
				<name>Cargo Truck</name>
			</possibleresult>
			<points>
				<point>267.000000,684.000000</point>
				<point>245.000000,697.000000</point>
				<point>239.000000,689.000000</point>
				<point>261.000000,676.000000</point>
				<point>267.000000,684.000000</point>
			</points>
		</object>
		<object>
			<coordinate>pixel</coordinate>
			<type>rectangle</type>
			<description>None</description>
			<possibleresult>
				<name>Small Car</name>
			</possibleresult>
			<points>
				<point>285.000000,715.000000</point>
				<point>267.000000,725.000000</point>
				<point>263.000000,718.000000</point>
				<point>282.000000,709.000000</point>
				<point>285.000000,715.000000</point>
			</points>
		</object>
		<object>
			<coordinate>pixel</coordinate>
			<type>rectangle</type>
			<description>None</description>
			<possibleresult>
				<name>Excavator</name>
			</possibleresult>
			<points>
				<point>279.000000,707.000000</point>
				<point>260.000000,719.000000</point>
				<point>254.000000,709.000000</point>
				<point>272.000000,698.000000</point>
				<point>279.000000,707.000000</point>
			</points>
		</object>
		<object>
			<coordinate>pixel</coordinate>
			<type>rectangle</type>
			<description>None</description>
			<possibleresult>
				<name>Van</name>
			</possibleresult>
			<points>
				<point>269.000000,751.000000</point>
				<point>262.000000,759.000000</point>
				<point>241.000000,742.000000</point>
				<point>247.000000,733.000000</point>
				<point>269.000000,751.000000</point>
			</points>
		</object>
		<object>
			<coordinate>pixel</coordinate>
			<type>rectangle</type>
			<description>None</description>
			<possibleresult>
				<name>Cargo Truck</name>
			</possibleresult>
			<points>
				<point>318.000000,756.000000</point>
				<point>300.000000,763.000000</point>
				<point>295.000000,753.000000</point>
				<point>314.000000,745.000000</point>
				<point>318.000000,756.000000</point>
			</points>
		</object>
		<object>
			<coordinate>pixel</coordinate>
			<type>rectangle</type>
			<description>None</description>
			<possibleresult>
				<name>Cargo Truck</name>
			</possibleresult>
			<points>
				<point>338.000000,750.000000</point>
				<point>308.000000,774.000000</point>
				<point>302.000000,766.000000</point>
				<point>333.000000,743.000000</point>
				<point>338.000000,750.000000</point>
			</points>
		</object>
		<object>
			<coordinate>pixel</coordinate>
			<type>rectangle</type>
			<description>None</description>
			<possibleresult>
				<name>Cargo Truck</name>
			</possibleresult>
			<points>
				<point>341.000000,760.000000</point>
				<point>317.000000,777.000000</point>
				<point>310.000000,767.000000</point>
				<point>334.000000,750.000000</point>
				<point>341.000000,760.000000</point>
			</points>
		</object>
		<object>
			<coordinate>pixel</coordinate>
			<type>rectangle</type>
			<description>None</description>
			<possibleresult>
				<name>Small Car</name>
			</possibleresult>
			<points>
				<point>360.000000,767.000000</point>
				<point>325.000000,790.000000</point>
				<point>317.000000,778.000000</point>
				<point>352.000000,755.000000</point>
				<point>360.000000,767.000000</point>
			</points>
		</object>
		<object>
			<coordinate>pixel</coordinate>
			<type>rectangle</type>
			<description>None</description>
			<possibleresult>
				<name>Small Car</name>
			</possibleresult>
			<points>
				<point>359.000000,801.000000</point>
				<point>344.000000,810.000000</point>
				<point>339.000000,801.000000</point>
				<point>354.000000,792.000000</point>
				<point>359.000000,801.000000</point>
			</points>
		</object>
		<object>
			<coordinate>pixel</coordinate>
			<type>rectangle</type>
			<description>None</description>
			<possibleresult>
				<name>Small Car</name>
			</possibleresult>
			<points>
				<point>368.000000,808.000000</point>
				<point>358.000000,816.000000</point>
				<point>351.000000,808.000000</point>
				<point>361.000000,800.000000</point>
				<point>368.000000,808.000000</point>
			</points>
		</object>
		<object>
			<coordinate>pixel</coordinate>
			<type>rectangle</type>
			<description>None</description>
			<possibleresult>
				<name>Dump Truck</name>
			</possibleresult>
			<points>
				<point>450.000000,873.000000</point>
				<point>414.000000,876.000000</point>
				<point>413.000000,864.000000</point>
				<point>449.000000,861.000000</point>
				<point>450.000000,873.000000</point>
			</points>
		</object>
		<object>
			<coordinate>pixel</coordinate>
			<type>rectangle</type>
			<description>None</description>
			<possibleresult>
				<name>Small Car</name>
			</possibleresult>
			<points>
				<point>323.000000,830.000000</point>
				<point>309.000000,849.000000</point>
				<point>301.000000,842.000000</point>
				<point>314.000000,824.000000</point>
				<point>323.000000,830.000000</point>
			</points>
		</object>
		<object>
			<coordinate>pixel</coordinate>
			<type>rectangle</type>
			<description>None</description>
			<possibleresult>
				<name>Van</name>
			</possibleresult>
			<points>
				<point>582.000000,684.000000</point>
				<point>578.000000,700.000000</point>
				<point>567.000000,697.000000</point>
				<point>571.000000,681.000000</point>
				<point>582.000000,684.000000</point>
			</points>
		</object>
		<object>
			<coordinate>pixel</coordinate>
			<type>rectangle</type>
			<description>None</description>
			<possibleresult>
				<name>Small Car</name>
			</possibleresult>
			<points>
				<point>607.000000,689.000000</point>
				<point>600.000000,706.000000</point>
				<point>590.000000,703.000000</point>
				<point>598.000000,685.000000</point>
				<point>607.000000,689.000000</point>
			</points>
		</object>
		<object>
			<coordinate>pixel</coordinate>
			<type>rectangle</type>
			<description>None</description>
			<possibleresult>
				<name>Small Car</name>
			</possibleresult>
			<points>
				<point>667.000000,727.000000</point>
				<point>666.000000,735.000000</point>
				<point>650.000000,733.000000</point>
				<point>651.000000,725.000000</point>
				<point>667.000000,727.000000</point>
			</points>
		</object>
		<object>
			<coordinate>pixel</coordinate>
			<type>rectangle</type>
			<description>None</description>
			<possibleresult>
				<name>Small Car</name>
			</possibleresult>
			<points>
				<point>572.000000,875.000000</point>
				<point>565.000000,879.000000</point>
				<point>560.000000,867.000000</point>
				<point>566.000000,864.000000</point>
				<point>572.000000,875.000000</point>
			</points>
		</object>
		<object>
			<coordinate>pixel</coordinate>
			<type>rectangle</type>
			<description>None</description>
			<possibleresult>
				<name>Van</name>
			</possibleresult>
			<points>
				<point>800.000000,763.000000</point>
				<point>793.000000,779.000000</point>
				<point>782.000000,774.000000</point>
				<point>790.000000,759.000000</point>
				<point>800.000000,763.000000</point>
			</points>
		</object>
		<object>
			<coordinate>pixel</coordinate>
			<type>rectangle</type>
			<description>None</description>
			<possibleresult>
				<name>Van</name>
			</possibleresult>
			<points>
				<point>548.000000,778.000000</point>
				<point>541.000000,795.000000</point>
				<point>532.000000,790.000000</point>
				<point>539.000000,773.000000</point>
				<point>548.000000,778.000000</point>
			</points>
		</object>
		<object>
			<coordinate>pixel</coordinate>
			<type>rectangle</type>
			<description>None</description>
			<possibleresult>
				<name>Small Car</name>
			</possibleresult>
			<points>
				<point>573.000000,783.000000</point>
				<point>564.000000,802.000000</point>
				<point>554.000000,798.000000</point>
				<point>563.000000,779.000000</point>
				<point>573.000000,783.000000</point>
			</points>
		</object>
		<object>
			<coordinate>pixel</coordinate>
			<type>rectangle</type>
			<description>None</description>
			<possibleresult>
				<name>Small Car</name>
			</possibleresult>
			<points>
				<point>561.000000,781.000000</point>
				<point>553.000000,797.000000</point>
				<point>543.000000,792.000000</point>
				<point>552.000000,777.000000</point>
				<point>561.000000,781.000000</point>
			</points>
		</object>
		<object>
			<coordinate>pixel</coordinate>
			<type>rectangle</type>
			<description>None</description>
			<possibleresult>
				<name>Small Car</name>
			</possibleresult>
			<points>
				<point>586.000000,786.000000</point>
				<point>577.000000,803.000000</point>
				<point>568.000000,798.000000</point>
				<point>577.000000,781.000000</point>
				<point>586.000000,786.000000</point>
			</points>
		</object>
		<object>
			<coordinate>pixel</coordinate>
			<type>rectangle</type>
			<description>None</description>
			<possibleresult>
				<name>Small Car</name>
			</possibleresult>
			<points>
				<point>692.000000,763.000000</point>
				<point>691.000000,772.000000</point>
				<point>669.000000,770.000000</point>
				<point>669.000000,760.000000</point>
				<point>692.000000,763.000000</point>
			</points>
		</object>
		<object>
			<coordinate>pixel</coordinate>
			<type>rectangle</type>
			<description>None</description>
			<possibleresult>
				<name>Van</name>
			</possibleresult>
			<points>
				<point>688.000000,772.000000</point>
				<point>687.000000,780.000000</point>
				<point>660.000000,777.000000</point>
				<point>662.000000,768.000000</point>
				<point>688.000000,772.000000</point>
			</points>
		</object>
		<object>
			<coordinate>pixel</coordinate>
			<type>rectangle</type>
			<description>None</description>
			<possibleresult>
				<name>Dump Truck</name>
			</possibleresult>
			<points>
				<point>559.000000,819.000000</point>
				<point>558.000000,826.000000</point>
				<point>539.000000,821.000000</point>
				<point>541.000000,813.000000</point>
				<point>559.000000,819.000000</point>
			</points>
		</object>
		<object>
			<coordinate>pixel</coordinate>
			<type>rectangle</type>
			<description>None</description>
			<possibleresult>
				<name>Cargo Truck</name>
			</possibleresult>
			<points>
				<point>569.000000,862.000000</point>
				<point>556.000000,866.000000</point>
				<point>545.000000,833.000000</point>
				<point>557.000000,828.000000</point>
				<point>569.000000,862.000000</point>
			</points>
		</object>
		<object>
			<coordinate>pixel</coordinate>
			<type>rectangle</type>
			<description>None</description>
			<possibleresult>
				<name>Small Car</name>
			</possibleresult>
			<points>
				<point>582.000000,893.000000</point>
				<point>580.000000,908.000000</point>
				<point>569.000000,906.000000</point>
				<point>572.000000,892.000000</point>
				<point>582.000000,893.000000</point>
			</points>
		</object>
		<object>
			<coordinate>pixel</coordinate>
			<type>rectangle</type>
			<description>None</description>
			<possibleresult>
				<name>Small Car</name>
			</possibleresult>
			<points>
				<point>595.000000,901.000000</point>
				<point>588.000000,918.000000</point>
				<point>578.000000,914.000000</point>
				<point>586.000000,896.000000</point>
				<point>595.000000,901.000000</point>
			</points>
		</object>
		<object>
			<coordinate>pixel</coordinate>
			<type>rectangle</type>
			<description>None</description>
			<possibleresult>
				<name>Small Car</name>
			</possibleresult>
			<points>
				<point>682.000000,869.000000</point>
				<point>678.000000,882.000000</point>
				<point>671.000000,881.000000</point>
				<point>674.000000,867.000000</point>
				<point>682.000000,869.000000</point>
			</points>
		</object>
		<object>
			<coordinate>pixel</coordinate>
			<type>rectangle</type>
			<description>None</description>
			<possibleresult>
				<name>Small Car</name>
			</possibleresult>
			<points>
				<point>639.000000,935.000000</point>
				<point>637.000000,944.000000</point>
				<point>614.000000,938.000000</point>
				<point>616.000000,929.000000</point>
				<point>639.000000,935.000000</point>
			</points>
		</object>
		<object>
			<coordinate>pixel</coordinate>
			<type>rectangle</type>
			<description>None</description>
			<possibleresult>
				<name>Van</name>
			</possibleresult>
			<points>
				<point>702.000000,948.000000</point>
				<point>701.000000,956.000000</point>
				<point>680.000000,953.000000</point>
				<point>681.000000,945.000000</point>
				<point>702.000000,948.000000</point>
			</points>
		</object>
		<object>
			<coordinate>pixel</coordinate>
			<type>rectangle</type>
			<description>None</description>
			<possibleresult>
				<name>Van</name>
			</possibleresult>
			<points>
				<point>769.000000,964.000000</point>
				<point>768.000000,972.000000</point>
				<point>745.000000,967.000000</point>
				<point>746.000000,959.000000</point>
				<point>769.000000,964.000000</point>
			</points>
		</object>
		<object>
			<coordinate>pixel</coordinate>
			<type>rectangle</type>
			<description>None</description>
			<possibleresult>
				<name>Small Car</name>
			</possibleresult>
			<points>
				<point>728.000000,955.000000</point>
				<point>726.000000,962.000000</point>
				<point>704.000000,957.000000</point>
				<point>706.000000,950.000000</point>
				<point>728.000000,955.000000</point>
			</points>
		</object>
		<object>
			<coordinate>pixel</coordinate>
			<type>rectangle</type>
			<description>None</description>
			<possibleresult>
				<name>Small Car</name>
			</possibleresult>
			<points>
				<point>658.000000,915.000000</point>
				<point>651.000000,933.000000</point>
				<point>642.000000,929.000000</point>
				<point>649.000000,911.000000</point>
				<point>658.000000,915.000000</point>
			</points>
		</object>
		<object>
			<coordinate>pixel</coordinate>
			<type>rectangle</type>
			<description>None</description>
			<possibleresult>
				<name>Van</name>
			</possibleresult>
			<points>
				<point>669.000000,919.000000</point>
				<point>662.000000,935.000000</point>
				<point>652.000000,931.000000</point>
				<point>658.000000,914.000000</point>
				<point>669.000000,919.000000</point>
			</points>
		</object>
		<object>
			<coordinate>pixel</coordinate>
			<type>rectangle</type>
			<description>None</description>
			<possibleresult>
				<name>Small Car</name>
			</possibleresult>
			<points>
				<point>721.000000,862.000000</point>
				<point>713.000000,877.000000</point>
				<point>704.000000,872.000000</point>
				<point>712.000000,857.000000</point>
				<point>721.000000,862.000000</point>
			</points>
		</object>
		<object>
			<coordinate>pixel</coordinate>
			<type>rectangle</type>
			<description>None</description>
			<possibleresult>
				<name>Dump Truck</name>
			</possibleresult>
			<points>
				<point>788.000000,846.000000</point>
				<point>787.000000,856.000000</point>
				<point>764.000000,854.000000</point>
				<point>764.000000,843.000000</point>
				<point>788.000000,846.000000</point>
			</points>
		</object>
		<object>
			<coordinate>pixel</coordinate>
			<type>rectangle</type>
			<description>None</description>
			<possibleresult>
				<name>Van</name>
			</possibleresult>
			<points>
				<point>760.000000,833.000000</point>
				<point>759.000000,843.000000</point>
				<point>733.000000,842.000000</point>
				<point>734.000000,832.000000</point>
				<point>760.000000,833.000000</point>
			</points>
		</object>
		<object>
			<coordinate>pixel</coordinate>
			<type>rectangle</type>
			<description>None</description>
			<possibleresult>
				<name>Small Car</name>
			</possibleresult>
			<points>
				<point>846.000000,813.000000</point>
				<point>845.000000,830.000000</point>
				<point>832.000000,829.000000</point>
				<point>834.000000,813.000000</point>
				<point>846.000000,813.000000</point>
			</points>
		</object>
		<object>
			<coordinate>pixel</coordinate>
			<type>rectangle</type>
			<description>None</description>
			<possibleresult>
				<name>Van</name>
			</possibleresult>
			<points>
				<point>845.000000,839.000000</point>
				<point>839.000000,859.000000</point>
				<point>830.000000,857.000000</point>
				<point>835.000000,836.000000</point>
				<point>845.000000,839.000000</point>
			</points>
		</object>
		<object>
			<coordinate>pixel</coordinate>
			<type>rectangle</type>
			<description>None</description>
			<possibleresult>
				<name>Small Car</name>
			</possibleresult>
			<points>
				<point>889.000000,847.000000</point>
				<point>866.000000,847.000000</point>
				<point>866.000000,839.000000</point>
				<point>889.000000,839.000000</point>
				<point>889.000000,847.000000</point>
			</points>
		</object>
		<object>
			<coordinate>pixel</coordinate>
			<type>rectangle</type>
			<description>None</description>
			<possibleresult>
				<name>Small Car</name>
			</possibleresult>
			<points>
				<point>869.000000,898.000000</point>
				<point>863.000000,912.000000</point>
				<point>855.000000,908.000000</point>
				<point>860.000000,895.000000</point>
				<point>869.000000,898.000000</point>
			</points>
		</object>
		<object>
			<coordinate>pixel</coordinate>
			<type>rectangle</type>
			<description>None</description>
			<possibleresult>
				<name>Small Car</name>
			</possibleresult>
			<points>
				<point>857.000000,898.000000</point>
				<point>845.000000,916.000000</point>
				<point>837.000000,911.000000</point>
				<point>849.000000,893.000000</point>
				<point>857.000000,898.000000</point>
			</points>
		</object>
		<object>
			<coordinate>pixel</coordinate>
			<type>rectangle</type>
			<description>None</description>
			<possibleresult>
				<name>Small Car</name>
			</possibleresult>
			<points>
				<point>866.000000,884.000000</point>
				<point>858.000000,897.000000</point>
				<point>850.000000,891.000000</point>
				<point>859.000000,879.000000</point>
				<point>866.000000,884.000000</point>
			</points>
		</object>
		<object>
			<coordinate>pixel</coordinate>
			<type>rectangle</type>
			<description>None</description>
			<possibleresult>
				<name>Small Car</name>
			</possibleresult>
			<points>
				<point>813.000000,919.000000</point>
				<point>812.000000,929.000000</point>
				<point>790.000000,927.000000</point>
				<point>791.000000,917.000000</point>
				<point>813.000000,919.000000</point>
			</points>
		</object>
		<object>
			<coordinate>pixel</coordinate>
			<type>rectangle</type>
			<description>None</description>
			<possibleresult>
				<name>Van</name>
			</possibleresult>
			<points>
				<point>814.000000,909.000000</point>
				<point>813.000000,918.000000</point>
				<point>793.000000,914.000000</point>
				<point>794.000000,905.000000</point>
				<point>814.000000,909.000000</point>
			</points>
		</object>
		<object>
			<coordinate>pixel</coordinate>
			<type>rectangle</type>
			<description>None</description>
			<possibleresult>
				<name>Van</name>
			</possibleresult>
			<points>
				<point>824.000000,931.000000</point>
				<point>815.000000,949.000000</point>
				<point>806.000000,945.000000</point>
				<point>814.000000,926.000000</point>
				<point>824.000000,931.000000</point>
			</points>
		</object>
		<object>
			<coordinate>pixel</coordinate>
			<type>rectangle</type>
			<description>None</description>
			<possibleresult>
				<name>Small Car</name>
			</possibleresult>
			<points>
				<point>816.000000,948.000000</point>
				<point>810.000000,964.000000</point>
				<point>799.000000,959.000000</point>
				<point>806.000000,944.000000</point>
				<point>816.000000,948.000000</point>
			</points>
		</object>
		<object>
			<coordinate>pixel</coordinate>
			<type>rectangle</type>
			<description>None</description>
			<possibleresult>
				<name>Van</name>
			</possibleresult>
			<points>
				<point>794.000000,969.000000</point>
				<point>792.000000,977.000000</point>
				<point>769.000000,972.000000</point>
				<point>770.000000,965.000000</point>
				<point>794.000000,969.000000</point>
			</points>
		</object>
		<object>
			<coordinate>pixel</coordinate>
			<type>rectangle</type>
			<description>None</description>
			<possibleresult>
				<name>Small Car</name>
			</possibleresult>
			<points>
				<point>883.000000,989.000000</point>
				<point>881.000000,996.000000</point>
				<point>859.000000,991.000000</point>
				<point>860.000000,985.000000</point>
				<point>883.000000,989.000000</point>
			</points>
		</object>
		<object>
			<coordinate>pixel</coordinate>
			<type>rectangle</type>
			<description>None</description>
			<possibleresult>
				<name>Small Car</name>
			</possibleresult>
			<points>
				<point>921.000000,983.000000</point>
				<point>918.000000,990.000000</point>
				<point>895.000000,981.000000</point>
				<point>897.000000,973.000000</point>
				<point>921.000000,983.000000</point>
			</points>
		</object>
		<object>
			<coordinate>pixel</coordinate>
			<type>rectangle</type>
			<description>None</description>
			<possibleresult>
				<name>Van</name>
			</possibleresult>
			<points>
				<point>922.000000,973.000000</point>
				<point>918.000000,980.000000</point>
				<point>901.000000,972.000000</point>
				<point>905.000000,965.000000</point>
				<point>922.000000,973.000000</point>
			</points>
		</object>
		<object>
			<coordinate>pixel</coordinate>
			<type>rectangle</type>
			<description>None</description>
			<possibleresult>
				<name>Small Car</name>
			</possibleresult>
			<points>
				<point>929.000000,965.000000</point>
				<point>926.000000,972.000000</point>
				<point>902.000000,964.000000</point>
				<point>905.000000,957.000000</point>
				<point>929.000000,965.000000</point>
			</points>
		</object>
		<object>
			<coordinate>pixel</coordinate>
			<type>rectangle</type>
			<description>None</description>
			<possibleresult>
				<name>Small Car</name>
			</possibleresult>
			<points>
				<point>947.000000,924.000000</point>
				<point>945.000000,932.000000</point>
				<point>924.000000,924.000000</point>
				<point>926.000000,916.000000</point>
				<point>947.000000,924.000000</point>
			</points>
		</object>
		<object>
			<coordinate>pixel</coordinate>
			<type>rectangle</type>
			<description>None</description>
			<possibleresult>
				<name>Van</name>
			</possibleresult>
			<points>
				<point>948.000000,904.000000</point>
				<point>946.000000,912.000000</point>
				<point>929.000000,907.000000</point>
				<point>931.000000,899.000000</point>
				<point>948.000000,904.000000</point>
			</points>
		</object>
		<object>
			<coordinate>pixel</coordinate>
			<type>rectangle</type>
			<description>None</description>
			<possibleresult>
				<name>Small Car</name>
			</possibleresult>
			<points>
				<point>955.000000,917.000000</point>
				<point>952.000000,923.000000</point>
				<point>934.000000,915.000000</point>
				<point>936.000000,908.000000</point>
				<point>955.000000,917.000000</point>
			</points>
		</object>
		<object>
			<coordinate>pixel</coordinate>
			<type>rectangle</type>
			<description>None</description>
			<possibleresult>
				<name>Small Car</name>
			</possibleresult>
			<points>
				<point>920.000000,865.000000</point>
				<point>915.000000,883.000000</point>
				<point>903.000000,880.000000</point>
				<point>909.000000,861.000000</point>
				<point>920.000000,865.000000</point>
			</points>
		</object>
		<object>
			<coordinate>pixel</coordinate>
			<type>rectangle</type>
			<description>None</description>
			<possibleresult>
				<name>Small Car</name>
			</possibleresult>
			<points>
				<point>939.000000,853.000000</point>
				<point>933.000000,872.000000</point>
				<point>923.000000,869.000000</point>
				<point>929.000000,850.000000</point>
				<point>939.000000,853.000000</point>
			</points>
		</object>
		<object>
			<coordinate>pixel</coordinate>
			<type>rectangle</type>
			<description>None</description>
			<possibleresult>
				<name>Van</name>
			</possibleresult>
			<points>
				<point>942.000000,872.000000</point>
				<point>936.000000,887.000000</point>
				<point>929.000000,885.000000</point>
				<point>934.000000,869.000000</point>
				<point>942.000000,872.000000</point>
			</points>
		</object>
		<object>
			<coordinate>pixel</coordinate>
			<type>rectangle</type>
			<description>None</description>
			<possibleresult>
				<name>Van</name>
			</possibleresult>
			<points>
				<point>927.000000,809.000000</point>
				<point>921.000000,827.000000</point>
				<point>908.000000,822.000000</point>
				<point>914.000000,804.000000</point>
				<point>927.000000,809.000000</point>
			</points>
		</object>
		<object>
			<coordinate>pixel</coordinate>
			<type>rectangle</type>
			<description>None</description>
			<possibleresult>
				<name>Small Car</name>
			</possibleresult>
			<points>
				<point>950.000000,815.000000</point>
				<point>943.000000,830.000000</point>
				<point>935.000000,826.000000</point>
				<point>942.000000,811.000000</point>
				<point>950.000000,815.000000</point>
			</points>
		</object>
		<object>
			<coordinate>pixel</coordinate>
			<type>rectangle</type>
			<description>None</description>
			<possibleresult>
				<name>Dump Truck</name>
			</possibleresult>
			<points>
				<point>932.000000,783.000000</point>
				<point>925.000000,805.000000</point>
				<point>915.000000,802.000000</point>
				<point>921.000000,780.000000</point>
				<point>932.000000,783.000000</point>
			</points>
		</object>
		<object>
			<coordinate>pixel</coordinate>
			<type>rectangle</type>
			<description>None</description>
			<possibleresult>
				<name>Small Car</name>
			</possibleresult>
			<points>
				<point>896.000000,671.000000</point>
				<point>874.000000,671.000000</point>
				<point>874.000000,663.000000</point>
				<point>896.000000,663.000000</point>
				<point>896.000000,671.000000</point>
			</points>
		</object>
		<object>
			<coordinate>pixel</coordinate>
			<type>rectangle</type>
			<description>None</description>
			<possibleresult>
				<name>Van</name>
			</possibleresult>
			<points>
				<point>999.000000,771.000000</point>
				<point>991.000000,791.000000</point>
				<point>979.000000,787.000000</point>
				<point>987.000000,766.000000</point>
				<point>999.000000,771.000000</point>
			</points>
		</object>
		<object>
			<coordinate>pixel</coordinate>
			<type>rectangle</type>
			<description>None</description>
			<possibleresult>
				<name>Van</name>
			</possibleresult>
			<points>
				<point>988.000000,727.000000</point>
				<point>986.000000,734.000000</point>
				<point>965.000000,729.000000</point>
				<point>966.000000,721.000000</point>
				<point>988.000000,727.000000</point>
			</points>
		</object>
		<object>
			<coordinate>pixel</coordinate>
			<type>rectangle</type>
			<description>None</description>
			<possibleresult>
				<name>Small Car</name>
			</possibleresult>
			<points>
				<point>993.000000,718.000000</point>
				<point>991.000000,726.000000</point>
				<point>967.000000,719.000000</point>
				<point>970.000000,712.000000</point>
				<point>993.000000,718.000000</point>
			</points>
		</object>
		<object>
			<coordinate>pixel</coordinate>
			<type>rectangle</type>
			<description>None</description>
			<possibleresult>
				<name>Van</name>
			</possibleresult>
			<points>
				<point>993.000000,709.000000</point>
				<point>992.000000,715.000000</point>
				<point>971.000000,710.000000</point>
				<point>973.000000,705.000000</point>
				<point>993.000000,709.000000</point>
			</points>
		</object>
		<object>
			<coordinate>pixel</coordinate>
			<type>rectangle</type>
			<description>None</description>
			<possibleresult>
				<name>Dump Truck</name>
			</possibleresult>
			<points>
				<point>1000.000000,707.000000</point>
				<point>977.000000,702.000000</point>
				<point>979.000000,694.000000</point>
				<point>1000.000000,699.000000</point>
				<point>1000.000000,707.000000</point>
			</points>
		</object>
		<object>
			<coordinate>pixel</coordinate>
			<type>rectangle</type>
			<description>None</description>
			<possibleresult>
				<name>Van</name>
			</possibleresult>
			<points>
				<point>1000.000000,697.000000</point>
				<point>981.000000,692.000000</point>
				<point>983.000000,685.000000</point>
				<point>1000.000000,689.000000</point>
				<point>1000.000000,697.000000</point>
			</points>
		</object>
		<object>
			<coordinate>pixel</coordinate>
			<type>rectangle</type>
			<description>None</description>
			<possibleresult>
				<name>Basketball Court</name>
			</possibleresult>
			<points>
				<point>592.000000,395.000000</point>
				<point>557.000000,489.000000</point>
				<point>498.000000,468.000000</point>
				<point>532.000000,373.000000</point>
				<point>592.000000,395.000000</point>
			</points>
		</object>
		<object>
			<coordinate>pixel</coordinate>
			<type>rectangle</type>
			<description>None</description>
			<possibleresult>
				<name>Basketball Court</name>
			</possibleresult>
			<points>
				<point>526.000000,382.000000</point>
				<point>492.000000,472.000000</point>
				<point>433.000000,450.000000</point>
				<point>466.000000,359.000000</point>
				<point>526.000000,382.000000</point>
			</points>
		</object>
		<object>
			<coordinate>pixel</coordinate>
			<type>rectangle</type>
			<description>None</description>
			<possibleresult>
				<name>Van</name>
			</possibleresult>
			<points>
				<point>589.000000,522.000000</point>
				<point>588.000000,532.000000</point>
				<point>562.000000,527.000000</point>
				<point>563.000000,517.000000</point>
				<point>589.000000,522.000000</point>
			</points>
		</object>
		<object>
			<coordinate>pixel</coordinate>
			<type>rectangle</type>
			<description>None</description>
			<possibleresult>
				<name>Dump Truck</name>
			</possibleresult>
			<points>
				<point>588.000000,503.000000</point>
				<point>587.000000,512.000000</point>
				<point>559.000000,506.000000</point>
				<point>561.000000,498.000000</point>
				<point>588.000000,503.000000</point>
			</points>
		</object>
		<object>
			<coordinate>pixel</coordinate>
			<type>rectangle</type>
			<description>None</description>
			<possibleresult>
				<name>Small Car</name>
			</possibleresult>
			<points>
				<point>587.000000,496.000000</point>
				<point>586.000000,501.000000</point>
				<point>563.000000,497.000000</point>
				<point>565.000000,491.000000</point>
				<point>587.000000,496.000000</point>
			</points>
		</object>
		<object>
			<coordinate>pixel</coordinate>
			<type>rectangle</type>
			<description>None</description>
			<possibleresult>
				<name>Cargo Truck</name>
			</possibleresult>
			<points>
				<point>608.000000,478.000000</point>
				<point>606.000000,487.000000</point>
				<point>570.000000,479.000000</point>
				<point>572.000000,470.000000</point>
				<point>608.000000,478.000000</point>
			</points>
		</object>
		<object>
			<coordinate>pixel</coordinate>
			<type>rectangle</type>
			<description>None</description>
			<possibleresult>
				<name>Small Car</name>
			</possibleresult>
			<points>
				<point>600.000000,469.000000</point>
				<point>599.000000,476.000000</point>
				<point>576.000000,470.000000</point>
				<point>578.000000,464.000000</point>
				<point>600.000000,469.000000</point>
			</points>
		</object>
		<object>
			<coordinate>pixel</coordinate>
			<type>rectangle</type>
			<description>None</description>
			<possibleresult>
				<name>Small Car</name>
			</possibleresult>
			<points>
				<point>601.000000,459.000000</point>
				<point>600.000000,467.000000</point>
				<point>577.000000,462.000000</point>
				<point>578.000000,454.000000</point>
				<point>601.000000,459.000000</point>
			</points>
		</object>
		<object>
			<coordinate>pixel</coordinate>
			<type>rectangle</type>
			<description>None</description>
			<possibleresult>
				<name>Van</name>
			</possibleresult>
			<points>
				<point>604.000000,449.000000</point>
				<point>603.000000,458.000000</point>
				<point>580.000000,453.000000</point>
				<point>581.000000,444.000000</point>
				<point>604.000000,449.000000</point>
			</points>
		</object>
		<object>
			<coordinate>pixel</coordinate>
			<type>rectangle</type>
			<description>None</description>
			<possibleresult>
				<name>Small Car</name>
			</possibleresult>
			<points>
				<point>613.000000,433.000000</point>
				<point>612.000000,440.000000</point>
				<point>588.000000,436.000000</point>
				<point>590.000000,428.000000</point>
				<point>613.000000,433.000000</point>
			</points>
		</object>
		<object>
			<coordinate>pixel</coordinate>
			<type>rectangle</type>
			<description>None</description>
			<possibleresult>
				<name>Small Car</name>
			</possibleresult>
			<points>
				<point>619.000000,425.000000</point>
				<point>617.000000,433.000000</point>
				<point>591.000000,425.000000</point>
				<point>594.000000,418.000000</point>
				<point>619.000000,425.000000</point>
			</points>
		</object>
		<object>
			<coordinate>pixel</coordinate>
			<type>rectangle</type>
			<description>None</description>
			<possibleresult>
				<name>Small Car</name>
			</possibleresult>
			<points>
				<point>620.000000,416.000000</point>
				<point>618.000000,424.000000</point>
				<point>595.000000,417.000000</point>
				<point>598.000000,410.000000</point>
				<point>620.000000,416.000000</point>
			</points>
		</object>
		<object>
			<coordinate>pixel</coordinate>
			<type>rectangle</type>
			<description>None</description>
			<possibleresult>
				<name>Dump Truck</name>
			</possibleresult>
			<points>
				<point>632.000000,409.000000</point>
				<point>631.000000,417.000000</point>
				<point>601.000000,411.000000</point>
				<point>602.000000,403.000000</point>
				<point>632.000000,409.000000</point>
			</points>
		</object>
		<object>
			<coordinate>pixel</coordinate>
			<type>rectangle</type>
			<description>None</description>
			<possibleresult>
				<name>Small Car</name>
			</possibleresult>
			<points>
				<point>644.000000,536.000000</point>
				<point>643.000000,544.000000</point>
				<point>619.000000,541.000000</point>
				<point>620.000000,533.000000</point>
				<point>644.000000,536.000000</point>
			</points>
		</object>
		<object>
			<coordinate>pixel</coordinate>
			<type>rectangle</type>
			<description>None</description>
			<possibleresult>
				<name>Small Car</name>
			</possibleresult>
			<points>
				<point>652.000000,513.000000</point>
				<point>650.000000,522.000000</point>
				<point>626.000000,518.000000</point>
				<point>627.000000,508.000000</point>
				<point>652.000000,513.000000</point>
			</points>
		</object>
		<object>
			<coordinate>pixel</coordinate>
			<type>rectangle</type>
			<description>None</description>
			<possibleresult>
				<name>Small Car</name>
			</possibleresult>
			<points>
				<point>641.000000,546.000000</point>
				<point>640.000000,552.000000</point>
				<point>616.000000,547.000000</point>
				<point>618.000000,542.000000</point>
				<point>641.000000,546.000000</point>
			</points>
		</object>
		<object>
			<coordinate>pixel</coordinate>
			<type>rectangle</type>
			<description>None</description>
			<possibleresult>
				<name>Small Car</name>
			</possibleresult>
			<points>
				<point>706.000000,413.000000</point>
				<point>704.000000,421.000000</point>
				<point>679.000000,415.000000</point>
				<point>680.000000,406.000000</point>
				<point>706.000000,413.000000</point>
			</points>
		</object>
		<object>
			<coordinate>pixel</coordinate>
			<type>rectangle</type>
			<description>None</description>
			<possibleresult>
				<name>Small Car</name>
			</possibleresult>
			<points>
				<point>754.000000,489.000000</point>
				<point>748.000000,506.000000</point>
				<point>735.000000,501.000000</point>
				<point>742.000000,485.000000</point>
				<point>754.000000,489.000000</point>
			</points>
		</object>
		<object>
			<coordinate>pixel</coordinate>
			<type>rectangle</type>
			<description>None</description>
			<possibleresult>
				<name>Dump Truck</name>
			</possibleresult>
			<points>
				<point>766.000000,491.000000</point>
				<point>755.000000,511.000000</point>
				<point>747.000000,507.000000</point>
				<point>757.000000,486.000000</point>
				<point>766.000000,491.000000</point>
			</points>
		</object>
		<object>
			<coordinate>pixel</coordinate>
			<type>rectangle</type>
			<description>None</description>
			<possibleresult>
				<name>Van</name>
			</possibleresult>
			<points>
				<point>780.000000,493.000000</point>
				<point>773.000000,508.000000</point>
				<point>764.000000,504.000000</point>
				<point>771.000000,490.000000</point>
				<point>780.000000,493.000000</point>
			</points>
		</object>
		<object>
			<coordinate>pixel</coordinate>
			<type>rectangle</type>
			<description>None</description>
			<possibleresult>
				<name>Dump Truck</name>
			</possibleresult>
			<points>
				<point>802.000000,499.000000</point>
				<point>784.000000,519.000000</point>
				<point>775.000000,511.000000</point>
				<point>794.000000,492.000000</point>
				<point>802.000000,499.000000</point>
			</points>
		</object>
		<object>
			<coordinate>pixel</coordinate>
			<type>rectangle</type>
			<description>None</description>
			<possibleresult>
				<name>Dump Truck</name>
			</possibleresult>
			<points>
				<point>789.000000,532.000000</point>
				<point>787.000000,541.000000</point>
				<point>759.000000,535.000000</point>
				<point>761.000000,526.000000</point>
				<point>789.000000,532.000000</point>
			</points>
		</object>
		<object>
			<coordinate>pixel</coordinate>
			<type>rectangle</type>
			<description>None</description>
			<possibleresult>
				<name>Small Car</name>
			</possibleresult>
			<points>
				<point>966.000000,420.000000</point>
				<point>958.000000,439.000000</point>
				<point>949.000000,435.000000</point>
				<point>957.000000,416.000000</point>
				<point>966.000000,420.000000</point>
			</points>
		</object>
		<object>
			<coordinate>pixel</coordinate>
			<type>rectangle</type>
			<description>None</description>
			<possibleresult>
				<name>Small Car</name>
			</possibleresult>
			<points>
				<point>834.000000,550.000000</point>
				<point>830.000000,557.000000</point>
				<point>811.000000,549.000000</point>
				<point>814.000000,541.000000</point>
				<point>834.000000,550.000000</point>
			</points>
		</object>
		<object>
			<coordinate>pixel</coordinate>
			<type>rectangle</type>
			<description>None</description>
			<possibleresult>
				<name>Small Car</name>
			</possibleresult>
			<points>
				<point>861.000000,537.000000</point>
				<point>857.000000,556.000000</point>
				<point>845.000000,554.000000</point>
				<point>849.000000,535.000000</point>
				<point>861.000000,537.000000</point>
			</points>
		</object>
		<object>
			<coordinate>pixel</coordinate>
			<type>rectangle</type>
			<description>None</description>
			<possibleresult>
				<name>Small Car</name>
			</possibleresult>
			<points>
				<point>928.000000,488.000000</point>
				<point>906.000000,489.000000</point>
				<point>905.000000,483.000000</point>
				<point>928.000000,481.000000</point>
				<point>928.000000,488.000000</point>
			</points>
		</object>
		<object>
			<coordinate>pixel</coordinate>
			<type>rectangle</type>
			<description>None</description>
			<possibleresult>
				<name>Small Car</name>
			</possibleresult>
			<points>
				<point>813.000000,232.000000</point>
				<point>812.000000,239.000000</point>
				<point>791.000000,235.000000</point>
				<point>793.000000,229.000000</point>
				<point>813.000000,232.000000</point>
			</points>
		</object>
		<object>
			<coordinate>pixel</coordinate>
			<type>rectangle</type>
			<description>None</description>
			<possibleresult>
				<name>Small Car</name>
			</possibleresult>
			<points>
				<point>836.000000,383.000000</point>
				<point>835.000000,391.000000</point>
				<point>812.000000,387.000000</point>
				<point>814.000000,380.000000</point>
				<point>836.000000,383.000000</point>
			</points>
		</object>
		<object>
			<coordinate>pixel</coordinate>
			<type>rectangle</type>
			<description>None</description>
			<possibleresult>
				<name>Small Car</name>
			</possibleresult>
			<points>
				<point>814.000000,379.000000</point>
				<point>812.000000,387.000000</point>
				<point>789.000000,382.000000</point>
				<point>790.000000,373.000000</point>
				<point>814.000000,379.000000</point>
			</points>
		</object>
		<object>
			<coordinate>pixel</coordinate>
			<type>rectangle</type>
			<description>None</description>
			<possibleresult>
				<name>Small Car</name>
			</possibleresult>
			<points>
				<point>786.000000,374.000000</point>
				<point>785.000000,381.000000</point>
				<point>760.000000,375.000000</point>
				<point>762.000000,369.000000</point>
				<point>786.000000,374.000000</point>
			</points>
		</object>
		<object>
			<coordinate>pixel</coordinate>
			<type>rectangle</type>
			<description>None</description>
			<possibleresult>
				<name>Small Car</name>
			</possibleresult>
			<points>
				<point>729.000000,360.000000</point>
				<point>728.000000,368.000000</point>
				<point>703.000000,364.000000</point>
				<point>704.000000,356.000000</point>
				<point>729.000000,360.000000</point>
			</points>
		</object>
		<object>
			<coordinate>pixel</coordinate>
			<type>rectangle</type>
			<description>None</description>
			<possibleresult>
				<name>Van</name>
			</possibleresult>
			<points>
				<point>638.000000,379.000000</point>
				<point>637.000000,387.000000</point>
				<point>607.000000,382.000000</point>
				<point>609.000000,375.000000</point>
				<point>638.000000,379.000000</point>
			</points>
		</object>
		<object>
			<coordinate>pixel</coordinate>
			<type>rectangle</type>
			<description>None</description>
			<possibleresult>
				<name>Van</name>
			</possibleresult>
			<points>
				<point>651.000000,347.000000</point>
				<point>649.000000,355.000000</point>
				<point>632.000000,352.000000</point>
				<point>633.000000,343.000000</point>
				<point>651.000000,347.000000</point>
			</points>
		</object>
		<object>
			<coordinate>pixel</coordinate>
			<type>rectangle</type>
			<description>None</description>
			<possibleresult>
				<name>Van</name>
			</possibleresult>
			<points>
				<point>660.000000,309.000000</point>
				<point>659.000000,316.000000</point>
				<point>637.000000,311.000000</point>
				<point>639.000000,305.000000</point>
				<point>660.000000,309.000000</point>
			</points>
		</object>
		<object>
			<coordinate>pixel</coordinate>
			<type>rectangle</type>
			<description>None</description>
			<possibleresult>
				<name>Small Car</name>
			</possibleresult>
			<points>
				<point>667.000000,300.000000</point>
				<point>665.000000,308.000000</point>
				<point>641.000000,303.000000</point>
				<point>642.000000,294.000000</point>
				<point>667.000000,300.000000</point>
			</points>
		</object>
		<object>
			<coordinate>pixel</coordinate>
			<type>rectangle</type>
			<description>None</description>
			<possibleresult>
				<name>Van</name>
			</possibleresult>
			<points>
				<point>681.000000,265.000000</point>
				<point>679.000000,274.000000</point>
				<point>653.000000,269.000000</point>
				<point>655.000000,260.000000</point>
				<point>681.000000,265.000000</point>
			</points>
		</object>
		<object>
			<coordinate>pixel</coordinate>
			<type>rectangle</type>
			<description>None</description>
			<possibleresult>
				<name>Small Car</name>
			</possibleresult>
			<points>
				<point>690.000000,238.000000</point>
				<point>689.000000,247.000000</point>
				<point>663.000000,242.000000</point>
				<point>665.000000,234.000000</point>
				<point>690.000000,238.000000</point>
			</points>
		</object>
		<object>
			<coordinate>pixel</coordinate>
			<type>rectangle</type>
			<description>None</description>
			<possibleresult>
				<name>Small Car</name>
			</possibleresult>
			<points>
				<point>730.000000,257.000000</point>
				<point>726.000000,275.000000</point>
				<point>717.000000,273.000000</point>
				<point>721.000000,255.000000</point>
				<point>730.000000,257.000000</point>
			</points>
		</object>
		<object>
			<coordinate>pixel</coordinate>
			<type>rectangle</type>
			<description>None</description>
			<possibleresult>
				<name>Small Car</name>
			</possibleresult>
			<points>
				<point>783.000000,260.000000</point>
				<point>782.000000,268.000000</point>
				<point>759.000000,263.000000</point>
				<point>760.000000,255.000000</point>
				<point>783.000000,260.000000</point>
			</points>
		</object>
		<object>
			<coordinate>pixel</coordinate>
			<type>rectangle</type>
			<description>None</description>
			<possibleresult>
				<name>Small Car</name>
			</possibleresult>
			<points>
				<point>777.000000,268.000000</point>
				<point>776.000000,275.000000</point>
				<point>751.000000,270.000000</point>
				<point>752.000000,263.000000</point>
				<point>777.000000,268.000000</point>
			</points>
		</object>
		<object>
			<coordinate>pixel</coordinate>
			<type>rectangle</type>
			<description>None</description>
			<possibleresult>
				<name>Small Car</name>
			</possibleresult>
			<points>
				<point>807.000000,265.000000</point>
				<point>806.000000,272.000000</point>
				<point>782.000000,268.000000</point>
				<point>783.000000,261.000000</point>
				<point>807.000000,265.000000</point>
			</points>
		</object>
		<object>
			<coordinate>pixel</coordinate>
			<type>rectangle</type>
			<description>None</description>
			<possibleresult>
				<name>Van</name>
			</possibleresult>
			<points>
				<point>828.000000,248.000000</point>
				<point>823.000000,262.000000</point>
				<point>813.000000,258.000000</point>
				<point>818.000000,244.000000</point>
				<point>828.000000,248.000000</point>
			</points>
		</object>
		<object>
			<coordinate>pixel</coordinate>
			<type>rectangle</type>
			<description>None</description>
			<possibleresult>
				<name>Small Car</name>
			</possibleresult>
			<points>
				<point>880.000000,260.000000</point>
				<point>874.000000,277.000000</point>
				<point>864.000000,275.000000</point>
				<point>869.000000,257.000000</point>
				<point>880.000000,260.000000</point>
			</points>
		</object>
		<object>
			<coordinate>pixel</coordinate>
			<type>rectangle</type>
			<description>None</description>
			<possibleresult>
				<name>Dump Truck</name>
			</possibleresult>
			<points>
				<point>905.000000,186.000000</point>
				<point>903.000000,196.000000</point>
				<point>883.000000,192.000000</point>
				<point>885.000000,182.000000</point>
				<point>905.000000,186.000000</point>
			</points>
		</object>
		<object>
			<coordinate>pixel</coordinate>
			<type>rectangle</type>
			<description>None</description>
			<possibleresult>
				<name>Dump Truck</name>
			</possibleresult>
			<points>
				<point>928.000000,138.000000</point>
				<point>902.000000,177.000000</point>
				<point>888.000000,167.000000</point>
				<point>914.000000,128.000000</point>
				<point>928.000000,138.000000</point>
			</points>
		</object>
		<object>
			<coordinate>pixel</coordinate>
			<type>rectangle</type>
			<description>None</description>
			<possibleresult>
				<name>Small Car</name>
			</possibleresult>
			<points>
				<point>925.000000,136.000000</point>
				<point>902.000000,140.000000</point>
				<point>900.000000,131.000000</point>
				<point>924.000000,128.000000</point>
				<point>925.000000,136.000000</point>
			</points>
		</object>
		<object>
			<coordinate>pixel</coordinate>
			<type>rectangle</type>
			<description>None</description>
			<possibleresult>
				<name>Small Car</name>
			</possibleresult>
			<points>
				<point>926.000000,126.000000</point>
				<point>904.000000,128.000000</point>
				<point>904.000000,119.000000</point>
				<point>926.000000,117.000000</point>
				<point>926.000000,126.000000</point>
			</points>
		</object>
		<object>
			<coordinate>pixel</coordinate>
			<type>rectangle</type>
			<description>None</description>
			<possibleresult>
				<name>Cargo Truck</name>
			</possibleresult>
			<points>
				<point>945.000000,98.000000</point>
				<point>943.000000,109.000000</point>
				<point>905.000000,102.000000</point>
				<point>908.000000,90.000000</point>
				<point>945.000000,98.000000</point>
			</points>
		</object>
		<object>
			<coordinate>pixel</coordinate>
			<type>rectangle</type>
			<description>None</description>
			<possibleresult>
				<name>Cargo Truck</name>
			</possibleresult>
			<points>
				<point>949.000000,88.000000</point>
				<point>947.000000,96.000000</point>
				<point>914.000000,91.000000</point>
				<point>915.000000,82.000000</point>
				<point>949.000000,88.000000</point>
			</points>
		</object>
		<object>
			<coordinate>pixel</coordinate>
			<type>rectangle</type>
			<description>None</description>
			<possibleresult>
				<name>Van</name>
			</possibleresult>
			<points>
				<point>949.000000,80.000000</point>
				<point>948.000000,89.000000</point>
				<point>924.000000,86.000000</point>
				<point>925.000000,77.000000</point>
				<point>949.000000,80.000000</point>
			</points>
		</object>
		<object>
			<coordinate>pixel</coordinate>
			<type>rectangle</type>
			<description>None</description>
			<possibleresult>
				<name>Small Car</name>
			</possibleresult>
			<points>
				<point>993.000000,288.000000</point>
				<point>992.000000,296.000000</point>
				<point>973.000000,292.000000</point>
				<point>975.000000,285.000000</point>
				<point>993.000000,288.000000</point>
			</points>
		</object>
		<object>
			<coordinate>pixel</coordinate>
			<type>rectangle</type>
			<description>None</description>
			<possibleresult>
				<name>Van</name>
			</possibleresult>
			<points>
				<point>932.000000,871.000000</point>
				<point>926.000000,887.000000</point>
				<point>915.000000,883.000000</point>
				<point>921.000000,867.000000</point>
				<point>932.000000,871.000000</point>
			</points>
		</object>
		<object>
			<coordinate>pixel</coordinate>
			<type>rectangle</type>
			<description>None</description>
			<possibleresult>
				<name>Small Car</name>
			</possibleresult>
			<points>
				<point>888.000000,539.000000</point>
				<point>883.000000,555.000000</point>
				<point>872.000000,552.000000</point>
				<point>877.000000,536.000000</point>
				<point>888.000000,539.000000</point>
			</points>
		</object>
		<object>
			<coordinate>pixel</coordinate>
			<type>rectangle</type>
			<description>None</description>
			<possibleresult>
				<name>Small Car</name>
			</possibleresult>
			<points>
				<point>892.000000,681.000000</point>
				<point>870.000000,682.000000</point>
				<point>870.000000,675.000000</point>
				<point>892.000000,674.000000</point>
				<point>892.000000,681.000000</point>
			</points>
		</object>
		<object>
			<coordinate>pixel</coordinate>
			<type>rectangle</type>
			<description>None</description>
			<possibleresult>
				<name>Small Car</name>
			</possibleresult>
			<points>
				<point>296.000000,998.000000</point>
				<point>299.000000,982.000000</point>
				<point>307.000000,984.000000</point>
				<point>305.000000,999.000000</point>
				<point>296.000000,998.000000</point>
			</points>
		</object>
	</objects>
</annotation>