<?xml version="1.0" encoding="utf-8"?>
<annotation>
	<source>
		<filename>854.tif</filename>
		<origin>GF2/GF3</origin>
	</source>
	<research>
		<version>1.0</version>
		<provider>FAIR1M</provider>
		<author>Cyber</author>
		<pluginname>FAIR1M</pluginname>
		<pluginclass>object detection</pluginclass>
		<time>2021-07-21</time>
	</research>
	<size>
		<width>1000</width>
		<height>1000</height>
		<depth>3</depth>
	</size>
	<objects>
		<object>
			<coordinate>pixel</coordinate>
			<type>rectangle</type>
			<description>None</description>
			<possibleresult>
				<name>Small Car</name>
			</possibleresult>
			<points>
				<point>970.000000,876.000000</point>
				<point>960.000000,881.000000</point>
				<point>952.000000,865.000000</point>
				<point>962.000000,860.000000</point>
				<point>970.000000,876.000000</point>
			</points>
		</object>
		<object>
			<coordinate>pixel</coordinate>
			<type>rectangle</type>
			<description>None</description>
			<possibleresult>
				<name>Van</name>
			</possibleresult>
			<points>
				<point>930.000000,770.000000</point>
				<point>912.000000,774.000000</point>
				<point>911.000000,767.000000</point>
				<point>929.000000,763.000000</point>
				<point>930.000000,770.000000</point>
			</points>
		</object>
		<object>
			<coordinate>pixel</coordinate>
			<type>rectangle</type>
			<description>None</description>
			<possibleresult>
				<name>Van</name>
			</possibleresult>
			<points>
				<point>930.000000,787.000000</point>
				<point>923.000000,791.000000</point>
				<point>914.000000,775.000000</point>
				<point>922.000000,772.000000</point>
				<point>930.000000,787.000000</point>
			</points>
		</object>
		<object>
			<coordinate>pixel</coordinate>
			<type>rectangle</type>
			<description>None</description>
			<possibleresult>
				<name>Van</name>
			</possibleresult>
			<points>
				<point>682.000000,790.000000</point>
				<point>674.000000,794.000000</point>
				<point>666.000000,778.000000</point>
				<point>674.000000,774.000000</point>
				<point>682.000000,790.000000</point>
			</points>
		</object>
		<object>
			<coordinate>pixel</coordinate>
			<type>rectangle</type>
			<description>None</description>
			<possibleresult>
				<name>Small Car</name>
			</possibleresult>
			<points>
				<point>645.000000,803.000000</point>
				<point>635.000000,807.000000</point>
				<point>629.000000,792.000000</point>
				<point>639.000000,788.000000</point>
				<point>645.000000,803.000000</point>
			</points>
		</object>
		<object>
			<coordinate>pixel</coordinate>
			<type>rectangle</type>
			<description>None</description>
			<possibleresult>
				<name>Small Car</name>
			</possibleresult>
			<points>
				<point>633.000000,806.000000</point>
				<point>625.000000,809.000000</point>
				<point>619.000000,793.000000</point>
				<point>627.000000,790.000000</point>
				<point>633.000000,806.000000</point>
			</points>
		</object>
		<object>
			<coordinate>pixel</coordinate>
			<type>rectangle</type>
			<description>None</description>
			<possibleresult>
				<name>Small Car</name>
			</possibleresult>
			<points>
				<point>624.000000,810.000000</point>
				<point>616.000000,813.000000</point>
				<point>609.000000,797.000000</point>
				<point>617.000000,794.000000</point>
				<point>624.000000,810.000000</point>
			</points>
		</object>
		<object>
			<coordinate>pixel</coordinate>
			<type>rectangle</type>
			<description>None</description>
			<possibleresult>
				<name>Small Car</name>
			</possibleresult>
			<points>
				<point>471.000000,865.000000</point>
				<point>452.000000,875.000000</point>
				<point>449.000000,868.000000</point>
				<point>467.000000,857.000000</point>
				<point>471.000000,865.000000</point>
			</points>
		</object>
		<object>
			<coordinate>pixel</coordinate>
			<type>rectangle</type>
			<description>None</description>
			<possibleresult>
				<name>Small Car</name>
			</possibleresult>
			<points>
				<point>253.000000,914.000000</point>
				<point>234.000000,921.000000</point>
				<point>231.000000,913.000000</point>
				<point>250.000000,906.000000</point>
				<point>253.000000,914.000000</point>
			</points>
		</object>
		<object>
			<coordinate>pixel</coordinate>
			<type>rectangle</type>
			<description>None</description>
			<possibleresult>
				<name>Van</name>
			</possibleresult>
			<points>
				<point>205.000000,946.000000</point>
				<point>191.000000,955.000000</point>
				<point>186.000000,949.000000</point>
				<point>200.000000,939.000000</point>
				<point>205.000000,946.000000</point>
			</points>
		</object>
		<object>
			<coordinate>pixel</coordinate>
			<type>rectangle</type>
			<description>None</description>
			<possibleresult>
				<name>Van</name>
			</possibleresult>
			<points>
				<point>203.000000,934.000000</point>
				<point>185.000000,946.000000</point>
				<point>181.000000,938.000000</point>
				<point>199.000000,926.000000</point>
				<point>203.000000,934.000000</point>
			</points>
		</object>
		<object>
			<coordinate>pixel</coordinate>
			<type>rectangle</type>
			<description>None</description>
			<possibleresult>
				<name>Small Car</name>
			</possibleresult>
			<points>
				<point>578.000000,937.000000</point>
				<point>576.000000,946.000000</point>
				<point>556.000000,942.000000</point>
				<point>557.000000,932.000000</point>
				<point>578.000000,937.000000</point>
			</points>
		</object>
		<object>
			<coordinate>pixel</coordinate>
			<type>rectangle</type>
			<description>None</description>
			<possibleresult>
				<name>Small Car</name>
			</possibleresult>
			<points>
				<point>807.000000,986.000000</point>
				<point>785.000000,994.000000</point>
				<point>781.000000,984.000000</point>
				<point>804.000000,977.000000</point>
				<point>807.000000,986.000000</point>
			</points>
		</object>
		<object>
			<coordinate>pixel</coordinate>
			<type>rectangle</type>
			<description>None</description>
			<possibleresult>
				<name>Small Car</name>
			</possibleresult>
			<points>
				<point>879.000000,36.000000</point>
				<point>868.000000,36.000000</point>
				<point>868.000000,18.000000</point>
				<point>879.000000,18.000000</point>
				<point>879.000000,36.000000</point>
			</points>
		</object>
		<object>
			<coordinate>pixel</coordinate>
			<type>rectangle</type>
			<description>None</description>
			<possibleresult>
				<name>Small Car</name>
			</possibleresult>
			<points>
				<point>884.000000,138.000000</point>
				<point>873.000000,138.000000</point>
				<point>871.000000,120.000000</point>
				<point>883.000000,119.000000</point>
				<point>884.000000,138.000000</point>
			</points>
		</object>
		<object>
			<coordinate>pixel</coordinate>
			<type>rectangle</type>
			<description>None</description>
			<possibleresult>
				<name>Small Car</name>
			</possibleresult>
			<points>
				<point>864.000000,205.000000</point>
				<point>854.000000,205.000000</point>
				<point>854.000000,187.000000</point>
				<point>864.000000,187.000000</point>
				<point>864.000000,205.000000</point>
			</points>
		</object>
		<object>
			<coordinate>pixel</coordinate>
			<type>rectangle</type>
			<description>None</description>
			<possibleresult>
				<name>Small Car</name>
			</possibleresult>
			<points>
				<point>884.000000,203.000000</point>
				<point>874.000000,203.000000</point>
				<point>874.000000,182.000000</point>
				<point>884.000000,182.000000</point>
				<point>884.000000,203.000000</point>
			</points>
		</object>
		<object>
			<coordinate>pixel</coordinate>
			<type>rectangle</type>
			<description>None</description>
			<possibleresult>
				<name>Van</name>
			</possibleresult>
			<points>
				<point>930.000000,261.000000</point>
				<point>909.000000,264.000000</point>
				<point>908.000000,255.000000</point>
				<point>929.000000,253.000000</point>
				<point>930.000000,261.000000</point>
			</points>
		</object>
		<object>
			<coordinate>pixel</coordinate>
			<type>rectangle</type>
			<description>None</description>
			<possibleresult>
				<name>Small Car</name>
			</possibleresult>
			<points>
				<point>895.000000,308.000000</point>
				<point>886.000000,310.000000</point>
				<point>882.000000,292.000000</point>
				<point>892.000000,291.000000</point>
				<point>895.000000,308.000000</point>
			</points>
		</object>
		<object>
			<coordinate>pixel</coordinate>
			<type>rectangle</type>
			<description>None</description>
			<possibleresult>
				<name>Small Car</name>
			</possibleresult>
			<points>
				<point>876.000000,316.000000</point>
				<point>866.000000,318.000000</point>
				<point>862.000000,302.000000</point>
				<point>872.000000,300.000000</point>
				<point>876.000000,316.000000</point>
			</points>
		</object>
		<object>
			<coordinate>pixel</coordinate>
			<type>rectangle</type>
			<description>None</description>
			<possibleresult>
				<name>Van</name>
			</possibleresult>
			<points>
				<point>909.000000,359.000000</point>
				<point>900.000000,362.000000</point>
				<point>893.000000,346.000000</point>
				<point>902.000000,343.000000</point>
				<point>909.000000,359.000000</point>
			</points>
		</object>
		<object>
			<coordinate>pixel</coordinate>
			<type>rectangle</type>
			<description>None</description>
			<possibleresult>
				<name>Small Car</name>
			</possibleresult>
			<points>
				<point>917.000000,375.000000</point>
				<point>909.000000,379.000000</point>
				<point>900.000000,364.000000</point>
				<point>908.000000,359.000000</point>
				<point>917.000000,375.000000</point>
			</points>
		</object>
		<object>
			<coordinate>pixel</coordinate>
			<type>rectangle</type>
			<description>None</description>
			<possibleresult>
				<name>Van</name>
			</possibleresult>
			<points>
				<point>887.000000,389.000000</point>
				<point>880.000000,394.000000</point>
				<point>872.000000,379.000000</point>
				<point>879.000000,374.000000</point>
				<point>887.000000,389.000000</point>
			</points>
		</object>
		<object>
			<coordinate>pixel</coordinate>
			<type>rectangle</type>
			<description>None</description>
			<possibleresult>
				<name>Small Car</name>
			</possibleresult>
			<points>
				<point>921.000000,414.000000</point>
				<point>913.000000,419.000000</point>
				<point>903.000000,403.000000</point>
				<point>912.000000,399.000000</point>
				<point>921.000000,414.000000</point>
			</points>
		</object>
		<object>
			<coordinate>pixel</coordinate>
			<type>rectangle</type>
			<description>None</description>
			<possibleresult>
				<name>Small Car</name>
			</possibleresult>
			<points>
				<point>981.000000,445.000000</point>
				<point>960.000000,448.000000</point>
				<point>958.000000,439.000000</point>
				<point>979.000000,436.000000</point>
				<point>981.000000,445.000000</point>
			</points>
		</object>
		<object>
			<coordinate>pixel</coordinate>
			<type>rectangle</type>
			<description>None</description>
			<possibleresult>
				<name>Van</name>
			</possibleresult>
			<points>
				<point>955.000000,476.000000</point>
				<point>947.000000,481.000000</point>
				<point>938.000000,464.000000</point>
				<point>945.000000,460.000000</point>
				<point>955.000000,476.000000</point>
			</points>
		</object>
		<object>
			<coordinate>pixel</coordinate>
			<type>rectangle</type>
			<description>None</description>
			<possibleresult>
				<name>Small Car</name>
			</possibleresult>
			<points>
				<point>985.000000,525.000000</point>
				<point>977.000000,530.000000</point>
				<point>968.000000,514.000000</point>
				<point>976.000000,509.000000</point>
				<point>985.000000,525.000000</point>
			</points>
		</object>
		<object>
			<coordinate>pixel</coordinate>
			<type>rectangle</type>
			<description>None</description>
			<possibleresult>
				<name>Small Car</name>
			</possibleresult>
			<points>
				<point>958.000000,567.000000</point>
				<point>936.000000,572.000000</point>
				<point>935.000000,564.000000</point>
				<point>956.000000,558.000000</point>
				<point>958.000000,567.000000</point>
			</points>
		</object>
		<object>
			<coordinate>pixel</coordinate>
			<type>rectangle</type>
			<description>None</description>
			<possibleresult>
				<name>Small Car</name>
			</possibleresult>
			<points>
				<point>936.000000,582.000000</point>
				<point>916.000000,588.000000</point>
				<point>914.000000,580.000000</point>
				<point>934.000000,574.000000</point>
				<point>936.000000,582.000000</point>
			</points>
		</object>
		<object>
			<coordinate>pixel</coordinate>
			<type>rectangle</type>
			<description>None</description>
			<possibleresult>
				<name>Small Car</name>
			</possibleresult>
			<points>
				<point>911.000000,578.000000</point>
				<point>897.000000,583.000000</point>
				<point>895.000000,576.000000</point>
				<point>909.000000,571.000000</point>
				<point>911.000000,578.000000</point>
			</points>
		</object>
		<object>
			<coordinate>pixel</coordinate>
			<type>rectangle</type>
			<description>None</description>
			<possibleresult>
				<name>Van</name>
			</possibleresult>
			<points>
				<point>907.000000,588.000000</point>
				<point>890.000000,595.000000</point>
				<point>887.000000,590.000000</point>
				<point>905.000000,582.000000</point>
				<point>907.000000,588.000000</point>
			</points>
		</object>
		<object>
			<coordinate>pixel</coordinate>
			<type>rectangle</type>
			<description>None</description>
			<possibleresult>
				<name>Van</name>
			</possibleresult>
			<points>
				<point>827.000000,611.000000</point>
				<point>810.000000,617.000000</point>
				<point>808.000000,612.000000</point>
				<point>824.000000,605.000000</point>
				<point>827.000000,611.000000</point>
			</points>
		</object>
		<object>
			<coordinate>pixel</coordinate>
			<type>rectangle</type>
			<description>None</description>
			<possibleresult>
				<name>Small Car</name>
			</possibleresult>
			<points>
				<point>748.000000,632.000000</point>
				<point>726.000000,641.000000</point>
				<point>724.000000,633.000000</point>
				<point>745.000000,625.000000</point>
				<point>748.000000,632.000000</point>
			</points>
		</object>
		<object>
			<coordinate>pixel</coordinate>
			<type>rectangle</type>
			<description>None</description>
			<possibleresult>
				<name>Small Car</name>
			</possibleresult>
			<points>
				<point>602.000000,673.000000</point>
				<point>582.000000,680.000000</point>
				<point>580.000000,672.000000</point>
				<point>599.000000,666.000000</point>
				<point>602.000000,673.000000</point>
			</points>
		</object>
		<object>
			<coordinate>pixel</coordinate>
			<type>rectangle</type>
			<description>None</description>
			<possibleresult>
				<name>Small Car</name>
			</possibleresult>
			<points>
				<point>646.000000,581.000000</point>
				<point>641.000000,598.000000</point>
				<point>630.000000,596.000000</point>
				<point>636.000000,578.000000</point>
				<point>646.000000,581.000000</point>
			</points>
		</object>
		<object>
			<coordinate>pixel</coordinate>
			<type>rectangle</type>
			<description>None</description>
			<possibleresult>
				<name>Small Car</name>
			</possibleresult>
			<points>
				<point>631.000000,584.000000</point>
				<point>624.000000,602.000000</point>
				<point>615.000000,598.000000</point>
				<point>622.000000,580.000000</point>
				<point>631.000000,584.000000</point>
			</points>
		</object>
		<object>
			<coordinate>pixel</coordinate>
			<type>rectangle</type>
			<description>None</description>
			<possibleresult>
				<name>Van</name>
			</possibleresult>
			<points>
				<point>616.000000,591.000000</point>
				<point>608.000000,607.000000</point>
				<point>600.000000,603.000000</point>
				<point>608.000000,587.000000</point>
				<point>616.000000,591.000000</point>
			</points>
		</object>
		<object>
			<coordinate>pixel</coordinate>
			<type>rectangle</type>
			<description>None</description>
			<possibleresult>
				<name>Van</name>
			</possibleresult>
			<points>
				<point>823.000000,478.000000</point>
				<point>804.000000,485.000000</point>
				<point>801.000000,477.000000</point>
				<point>821.000000,469.000000</point>
				<point>823.000000,478.000000</point>
			</points>
		</object>
		<object>
			<coordinate>pixel</coordinate>
			<type>rectangle</type>
			<description>None</description>
			<possibleresult>
				<name>Small Car</name>
			</possibleresult>
			<points>
				<point>799.000000,485.000000</point>
				<point>778.000000,491.000000</point>
				<point>776.000000,484.000000</point>
				<point>797.000000,478.000000</point>
				<point>799.000000,485.000000</point>
			</points>
		</object>
		<object>
			<coordinate>pixel</coordinate>
			<type>rectangle</type>
			<description>None</description>
			<possibleresult>
				<name>Small Car</name>
			</possibleresult>
			<points>
				<point>714.000000,511.000000</point>
				<point>690.000000,519.000000</point>
				<point>686.000000,509.000000</point>
				<point>710.000000,501.000000</point>
				<point>714.000000,511.000000</point>
			</points>
		</object>
		<object>
			<coordinate>pixel</coordinate>
			<type>rectangle</type>
			<description>None</description>
			<possibleresult>
				<name>Small Car</name>
			</possibleresult>
			<points>
				<point>680.000000,517.000000</point>
				<point>659.000000,525.000000</point>
				<point>657.000000,516.000000</point>
				<point>677.000000,509.000000</point>
				<point>680.000000,517.000000</point>
			</points>
		</object>
		<object>
			<coordinate>pixel</coordinate>
			<type>rectangle</type>
			<description>None</description>
			<possibleresult>
				<name>Van</name>
			</possibleresult>
			<points>
				<point>652.000000,526.000000</point>
				<point>633.000000,532.000000</point>
				<point>630.000000,524.000000</point>
				<point>649.000000,518.000000</point>
				<point>652.000000,526.000000</point>
			</points>
		</object>
		<object>
			<coordinate>pixel</coordinate>
			<type>rectangle</type>
			<description>None</description>
			<possibleresult>
				<name>Van</name>
			</possibleresult>
			<points>
				<point>538.000000,556.000000</point>
				<point>518.000000,564.000000</point>
				<point>515.000000,558.000000</point>
				<point>536.000000,551.000000</point>
				<point>538.000000,556.000000</point>
			</points>
		</object>
		<object>
			<coordinate>pixel</coordinate>
			<type>rectangle</type>
			<description>None</description>
			<possibleresult>
				<name>Van</name>
			</possibleresult>
			<points>
				<point>483.000000,571.000000</point>
				<point>463.000000,578.000000</point>
				<point>460.000000,570.000000</point>
				<point>481.000000,564.000000</point>
				<point>483.000000,571.000000</point>
			</points>
		</object>
		<object>
			<coordinate>pixel</coordinate>
			<type>rectangle</type>
			<description>None</description>
			<possibleresult>
				<name>Van</name>
			</possibleresult>
			<points>
				<point>454.000000,579.000000</point>
				<point>434.000000,586.000000</point>
				<point>431.000000,579.000000</point>
				<point>452.000000,573.000000</point>
				<point>454.000000,579.000000</point>
			</points>
		</object>
		<object>
			<coordinate>pixel</coordinate>
			<type>rectangle</type>
			<description>None</description>
			<possibleresult>
				<name>Van</name>
			</possibleresult>
			<points>
				<point>408.000000,610.000000</point>
				<point>386.000000,618.000000</point>
				<point>382.000000,608.000000</point>
				<point>404.000000,600.000000</point>
				<point>408.000000,610.000000</point>
			</points>
		</object>
		<object>
			<coordinate>pixel</coordinate>
			<type>rectangle</type>
			<description>None</description>
			<possibleresult>
				<name>Small Car</name>
			</possibleresult>
			<points>
				<point>364.000000,621.000000</point>
				<point>342.000000,628.000000</point>
				<point>340.000000,620.000000</point>
				<point>362.000000,613.000000</point>
				<point>364.000000,621.000000</point>
			</points>
		</object>
		<object>
			<coordinate>pixel</coordinate>
			<type>rectangle</type>
			<description>None</description>
			<possibleresult>
				<name>Small Car</name>
			</possibleresult>
			<points>
				<point>370.000000,633.000000</point>
				<point>351.000000,639.000000</point>
				<point>349.000000,632.000000</point>
				<point>368.000000,626.000000</point>
				<point>370.000000,633.000000</point>
			</points>
		</object>
		<object>
			<coordinate>pixel</coordinate>
			<type>rectangle</type>
			<description>None</description>
			<possibleresult>
				<name>Small Car</name>
			</possibleresult>
			<points>
				<point>401.000000,627.000000</point>
				<point>380.000000,633.000000</point>
				<point>378.000000,624.000000</point>
				<point>398.000000,617.000000</point>
				<point>401.000000,627.000000</point>
			</points>
		</object>
		<object>
			<coordinate>pixel</coordinate>
			<type>rectangle</type>
			<description>None</description>
			<possibleresult>
				<name>Small Car</name>
			</possibleresult>
			<points>
				<point>438.000000,613.000000</point>
				<point>416.000000,621.000000</point>
				<point>413.000000,614.000000</point>
				<point>436.000000,605.000000</point>
				<point>438.000000,613.000000</point>
			</points>
		</object>
		<object>
			<coordinate>pixel</coordinate>
			<type>rectangle</type>
			<description>None</description>
			<possibleresult>
				<name>Small Car</name>
			</possibleresult>
			<points>
				<point>374.000000,645.000000</point>
				<point>351.000000,651.000000</point>
				<point>349.000000,642.000000</point>
				<point>372.000000,637.000000</point>
				<point>374.000000,645.000000</point>
			</points>
		</object>
		<object>
			<coordinate>pixel</coordinate>
			<type>rectangle</type>
			<description>None</description>
			<possibleresult>
				<name>Cargo Truck</name>
			</possibleresult>
			<points>
				<point>319.000000,637.000000</point>
				<point>297.000000,672.000000</point>
				<point>285.000000,664.000000</point>
				<point>307.000000,629.000000</point>
				<point>319.000000,637.000000</point>
			</points>
		</object>
		<object>
			<coordinate>pixel</coordinate>
			<type>rectangle</type>
			<description>None</description>
			<possibleresult>
				<name>Small Car</name>
			</possibleresult>
			<points>
				<point>242.000000,762.000000</point>
				<point>219.000000,769.000000</point>
				<point>216.000000,759.000000</point>
				<point>239.000000,752.000000</point>
				<point>242.000000,762.000000</point>
			</points>
		</object>
		<object>
			<coordinate>pixel</coordinate>
			<type>rectangle</type>
			<description>None</description>
			<possibleresult>
				<name>Small Car</name>
			</possibleresult>
			<points>
				<point>202.000000,770.000000</point>
				<point>183.000000,777.000000</point>
				<point>180.000000,769.000000</point>
				<point>199.000000,762.000000</point>
				<point>202.000000,770.000000</point>
			</points>
		</object>
		<object>
			<coordinate>pixel</coordinate>
			<type>rectangle</type>
			<description>None</description>
			<possibleresult>
				<name>Small Car</name>
			</possibleresult>
			<points>
				<point>99.000000,728.000000</point>
				<point>88.000000,747.000000</point>
				<point>79.000000,742.000000</point>
				<point>91.000000,724.000000</point>
				<point>99.000000,728.000000</point>
			</points>
		</object>
		<object>
			<coordinate>pixel</coordinate>
			<type>rectangle</type>
			<description>None</description>
			<possibleresult>
				<name>Small Car</name>
			</possibleresult>
			<points>
				<point>81.000000,729.000000</point>
				<point>73.000000,749.000000</point>
				<point>65.000000,746.000000</point>
				<point>74.000000,725.000000</point>
				<point>81.000000,729.000000</point>
			</points>
		</object>
		<object>
			<coordinate>pixel</coordinate>
			<type>rectangle</type>
			<description>None</description>
			<possibleresult>
				<name>Van</name>
			</possibleresult>
			<points>
				<point>65.000000,738.000000</point>
				<point>59.000000,755.000000</point>
				<point>50.000000,752.000000</point>
				<point>57.000000,734.000000</point>
				<point>65.000000,738.000000</point>
			</points>
		</object>
		<object>
			<coordinate>pixel</coordinate>
			<type>rectangle</type>
			<description>None</description>
			<possibleresult>
				<name>Small Car</name>
			</possibleresult>
			<points>
				<point>51.000000,743.000000</point>
				<point>45.000000,759.000000</point>
				<point>36.000000,756.000000</point>
				<point>43.000000,739.000000</point>
				<point>51.000000,743.000000</point>
			</points>
		</object>
		<object>
			<coordinate>pixel</coordinate>
			<type>rectangle</type>
			<description>None</description>
			<possibleresult>
				<name>Small Car</name>
			</possibleresult>
			<points>
				<point>37.000000,748.000000</point>
				<point>27.000000,763.000000</point>
				<point>19.000000,758.000000</point>
				<point>28.000000,742.000000</point>
				<point>37.000000,748.000000</point>
			</points>
		</object>
		<object>
			<coordinate>pixel</coordinate>
			<type>rectangle</type>
			<description>None</description>
			<possibleresult>
				<name>Small Car</name>
			</possibleresult>
			<points>
				<point>21.000000,752.000000</point>
				<point>11.000000,768.000000</point>
				<point>3.000000,763.000000</point>
				<point>12.000000,748.000000</point>
				<point>21.000000,752.000000</point>
			</points>
		</object>
		<object>
			<coordinate>pixel</coordinate>
			<type>rectangle</type>
			<description>None</description>
			<possibleresult>
				<name>Van</name>
			</possibleresult>
			<points>
				<point>567.000000,421.000000</point>
				<point>550.000000,430.000000</point>
				<point>546.000000,423.000000</point>
				<point>564.000000,415.000000</point>
				<point>567.000000,421.000000</point>
			</points>
		</object>
		<object>
			<coordinate>pixel</coordinate>
			<type>rectangle</type>
			<description>None</description>
			<possibleresult>
				<name>Small Car</name>
			</possibleresult>
			<points>
				<point>624.000000,407.000000</point>
				<point>606.000000,413.000000</point>
				<point>604.000000,406.000000</point>
				<point>622.000000,400.000000</point>
				<point>624.000000,407.000000</point>
			</points>
		</object>
		<object>
			<coordinate>pixel</coordinate>
			<type>rectangle</type>
			<description>None</description>
			<possibleresult>
				<name>Van</name>
			</possibleresult>
			<points>
				<point>625.000000,417.000000</point>
				<point>606.000000,423.000000</point>
				<point>604.000000,416.000000</point>
				<point>622.000000,409.000000</point>
				<point>625.000000,417.000000</point>
			</points>
		</object>
		<object>
			<coordinate>pixel</coordinate>
			<type>rectangle</type>
			<description>None</description>
			<possibleresult>
				<name>Small Car</name>
			</possibleresult>
			<points>
				<point>635.000000,433.000000</point>
				<point>618.000000,437.000000</point>
				<point>615.000000,429.000000</point>
				<point>633.000000,424.000000</point>
				<point>635.000000,433.000000</point>
			</points>
		</object>
		<object>
			<coordinate>pixel</coordinate>
			<type>rectangle</type>
			<description>None</description>
			<possibleresult>
				<name>Small Car</name>
			</possibleresult>
			<points>
				<point>642.000000,450.000000</point>
				<point>625.000000,455.000000</point>
				<point>622.000000,447.000000</point>
				<point>640.000000,441.000000</point>
				<point>642.000000,450.000000</point>
			</points>
		</object>
		<object>
			<coordinate>pixel</coordinate>
			<type>rectangle</type>
			<description>None</description>
			<possibleresult>
				<name>Small Car</name>
			</possibleresult>
			<points>
				<point>654.000000,473.000000</point>
				<point>636.000000,477.000000</point>
				<point>634.000000,471.000000</point>
				<point>653.000000,466.000000</point>
				<point>654.000000,473.000000</point>
			</points>
		</object>
		<object>
			<coordinate>pixel</coordinate>
			<type>rectangle</type>
			<description>None</description>
			<possibleresult>
				<name>Small Car</name>
			</possibleresult>
			<points>
				<point>662.000000,491.000000</point>
				<point>643.000000,497.000000</point>
				<point>640.000000,489.000000</point>
				<point>660.000000,483.000000</point>
				<point>662.000000,491.000000</point>
			</points>
		</object>
		<object>
			<coordinate>pixel</coordinate>
			<type>rectangle</type>
			<description>None</description>
			<possibleresult>
				<name>Small Car</name>
			</possibleresult>
			<points>
				<point>383.000000,414.000000</point>
				<point>362.000000,421.000000</point>
				<point>360.000000,414.000000</point>
				<point>381.000000,408.000000</point>
				<point>383.000000,414.000000</point>
			</points>
		</object>
		<object>
			<coordinate>pixel</coordinate>
			<type>rectangle</type>
			<description>None</description>
			<possibleresult>
				<name>Small Car</name>
			</possibleresult>
			<points>
				<point>339.000000,428.000000</point>
				<point>319.000000,435.000000</point>
				<point>316.000000,426.000000</point>
				<point>336.000000,419.000000</point>
				<point>339.000000,428.000000</point>
			</points>
		</object>
		<object>
			<coordinate>pixel</coordinate>
			<type>rectangle</type>
			<description>None</description>
			<possibleresult>
				<name>Van</name>
			</possibleresult>
			<points>
				<point>304.000000,433.000000</point>
				<point>287.000000,439.000000</point>
				<point>284.000000,432.000000</point>
				<point>301.000000,426.000000</point>
				<point>304.000000,433.000000</point>
			</points>
		</object>
		<object>
			<coordinate>pixel</coordinate>
			<type>rectangle</type>
			<description>None</description>
			<possibleresult>
				<name>Van</name>
			</possibleresult>
			<points>
				<point>328.000000,411.000000</point>
				<point>311.000000,415.000000</point>
				<point>309.000000,407.000000</point>
				<point>327.000000,402.000000</point>
				<point>328.000000,411.000000</point>
			</points>
		</object>
		<object>
			<coordinate>pixel</coordinate>
			<type>rectangle</type>
			<description>None</description>
			<possibleresult>
				<name>Small Car</name>
			</possibleresult>
			<points>
				<point>325.000000,401.000000</point>
				<point>307.000000,406.000000</point>
				<point>304.000000,398.000000</point>
				<point>322.000000,393.000000</point>
				<point>325.000000,401.000000</point>
			</points>
		</object>
		<object>
			<coordinate>pixel</coordinate>
			<type>rectangle</type>
			<description>None</description>
			<possibleresult>
				<name>Small Car</name>
			</possibleresult>
			<points>
				<point>281.000000,391.000000</point>
				<point>260.000000,396.000000</point>
				<point>259.000000,389.000000</point>
				<point>280.000000,384.000000</point>
				<point>281.000000,391.000000</point>
			</points>
		</object>
		<object>
			<coordinate>pixel</coordinate>
			<type>rectangle</type>
			<description>None</description>
			<possibleresult>
				<name>Small Car</name>
			</possibleresult>
			<points>
				<point>51.000000,534.000000</point>
				<point>43.000000,541.000000</point>
				<point>31.000000,526.000000</point>
				<point>40.000000,520.000000</point>
				<point>51.000000,534.000000</point>
			</points>
		</object>
		<object>
			<coordinate>pixel</coordinate>
			<type>rectangle</type>
			<description>None</description>
			<possibleresult>
				<name>Small Car</name>
			</possibleresult>
			<points>
				<point>69.000000,531.000000</point>
				<point>60.000000,536.000000</point>
				<point>52.000000,521.000000</point>
				<point>60.000000,517.000000</point>
				<point>69.000000,531.000000</point>
			</points>
		</object>
		<object>
			<coordinate>pixel</coordinate>
			<type>rectangle</type>
			<description>None</description>
			<possibleresult>
				<name>Small Car</name>
			</possibleresult>
			<points>
				<point>96.000000,565.000000</point>
				<point>89.000000,569.000000</point>
				<point>81.000000,553.000000</point>
				<point>89.000000,550.000000</point>
				<point>96.000000,565.000000</point>
			</points>
		</object>
		<object>
			<coordinate>pixel</coordinate>
			<type>rectangle</type>
			<description>None</description>
			<possibleresult>
				<name>Small Car</name>
			</possibleresult>
			<points>
				<point>118.000000,518.000000</point>
				<point>109.000000,523.000000</point>
				<point>100.000000,507.000000</point>
				<point>110.000000,503.000000</point>
				<point>118.000000,518.000000</point>
			</points>
		</object>
		<object>
			<coordinate>pixel</coordinate>
			<type>rectangle</type>
			<description>None</description>
			<possibleresult>
				<name>Small Car</name>
			</possibleresult>
			<points>
				<point>200.000000,497.000000</point>
				<point>191.000000,499.000000</point>
				<point>187.000000,484.000000</point>
				<point>195.000000,481.000000</point>
				<point>200.000000,497.000000</point>
			</points>
		</object>
		<object>
			<coordinate>pixel</coordinate>
			<type>rectangle</type>
			<description>None</description>
			<possibleresult>
				<name>Van</name>
			</possibleresult>
			<points>
				<point>50.000000,9.000000</point>
				<point>48.000000,19.000000</point>
				<point>24.000000,13.000000</point>
				<point>27.000000,4.000000</point>
				<point>50.000000,9.000000</point>
			</points>
		</object>
		<object>
			<coordinate>pixel</coordinate>
			<type>rectangle</type>
			<description>None</description>
			<possibleresult>
				<name>Small Car</name>
			</possibleresult>
			<points>
				<point>598.000000,594.000000</point>
				<point>592.000000,606.000000</point>
				<point>584.000000,601.000000</point>
				<point>591.000000,590.000000</point>
				<point>598.000000,594.000000</point>
			</points>
		</object>
	</objects>
</annotation>