<?xml version="1.0" encoding="utf-8"?>
<annotation>
	<source>
		<filename>859.tif</filename>
		<origin>GF2/GF3</origin>
	</source>
	<research>
		<version>1.0</version>
		<provider>FAIR1M</provider>
		<author>Cyber</author>
		<pluginname>FAIR1M</pluginname>
		<pluginclass>object detection</pluginclass>
		<time>2021-07-21</time>
	</research>
	<size>
		<width>1500</width>
		<height>1500</height>
		<depth>3</depth>
	</size>
	<objects>
		<object>
			<coordinate>pixel</coordinate>
			<type>rectangle</type>
			<description>None</description>
			<possibleresult>
				<name>Engineering Ship</name>
			</possibleresult>
			<points>
				<point>291.000000,1202.000000</point>
				<point>361.000000,1172.000000</point>
				<point>350.000000,1145.000000</point>
				<point>279.000000,1175.000000</point>
				<point>291.000000,1202.000000</point>
			</points>
		</object>
		<object>
			<coordinate>pixel</coordinate>
			<type>rectangle</type>
			<description>None</description>
			<possibleresult>
				<name>other-ship</name>
			</possibleresult>
			<points>
				<point>675.000000,1354.000000</point>
				<point>744.000000,1331.000000</point>
				<point>739.000000,1318.000000</point>
				<point>672.000000,1340.000000</point>
				<point>675.000000,1354.000000</point>
			</points>
		</object>
		<object>
			<coordinate>pixel</coordinate>
			<type>rectangle</type>
			<description>None</description>
			<possibleresult>
				<name>Engineering Ship</name>
			</possibleresult>
			<points>
				<point>794.000000,1309.000000</point>
				<point>842.000000,1292.000000</point>
				<point>833.000000,1268.000000</point>
				<point>785.000000,1285.000000</point>
				<point>794.000000,1309.000000</point>
			</points>
		</object>
		<object>
			<coordinate>pixel</coordinate>
			<type>rectangle</type>
			<description>None</description>
			<possibleresult>
				<name>Liquid Cargo Ship</name>
			</possibleresult>
			<points>
				<point>853.000000,565.000000</point>
				<point>991.000000,962.000000</point>
				<point>1066.000000,937.000000</point>
				<point>927.000000,539.000000</point>
				<point>853.000000,565.000000</point>
			</points>
		</object>
		<object>
			<coordinate>pixel</coordinate>
			<type>rectangle</type>
			<description>None</description>
			<possibleresult>
				<name>Tugboat</name>
			</possibleresult>
			<points>
				<point>999.000000,244.000000</point>
				<point>982.000000,204.000000</point>
				<point>968.000000,211.000000</point>
				<point>983.000000,250.000000</point>
				<point>999.000000,244.000000</point>
			</points>
		</object>
		<object>
			<coordinate>pixel</coordinate>
			<type>rectangle</type>
			<description>None</description>
			<possibleresult>
				<name>Tugboat</name>
			</possibleresult>
			<points>
				<point>955.000000,192.000000</point>
				<point>974.000000,176.000000</point>
				<point>967.000000,168.000000</point>
				<point>949.000000,184.000000</point>
				<point>955.000000,192.000000</point>
			</points>
		</object>
		<object>
			<coordinate>pixel</coordinate>
			<type>rectangle</type>
			<description>None</description>
			<possibleresult>
				<name>Dry Cargo Ship</name>
			</possibleresult>
			<points>
				<point>1445.000000,73.000000</point>
				<point>1438.000000,489.000000</point>
				<point>1493.000000,490.000000</point>
				<point>1500.000000,75.000000</point>
				<point>1445.000000,73.000000</point>
			</points>
		</object>
		<object>
			<coordinate>pixel</coordinate>
			<type>rectangle</type>
			<description>None</description>
			<possibleresult>
				<name>Dry Cargo Ship</name>
			</possibleresult>
			<points>
				<point>1431.000000,529.000000</point>
				<point>1432.000000,948.000000</point>
				<point>1496.000000,948.000000</point>
				<point>1494.000000,529.000000</point>
				<point>1431.000000,529.000000</point>
			</points>
		</object>
		<object>
			<coordinate>pixel</coordinate>
			<type>rectangle</type>
			<description>None</description>
			<possibleresult>
				<name>Dry Cargo Ship</name>
			</possibleresult>
			<points>
				<point>450.000000,1419.000000</point>
				<point>547.000000,1386.000000</point>
				<point>540.000000,1363.000000</point>
				<point>443.000000,1396.000000</point>
				<point>450.000000,1419.000000</point>
			</points>
		</object>
		<object>
			<coordinate>pixel</coordinate>
			<type>rectangle</type>
			<description>None</description>
			<possibleresult>
				<name>Dry Cargo Ship</name>
			</possibleresult>
			<points>
				<point>571.000000,1404.000000</point>
				<point>635.000000,1382.000000</point>
				<point>630.000000,1365.000000</point>
				<point>566.000000,1387.000000</point>
				<point>571.000000,1404.000000</point>
			</points>
		</object>
		<object>
			<coordinate>pixel</coordinate>
			<type>rectangle</type>
			<description>None</description>
			<possibleresult>
				<name>Dry Cargo Ship</name>
			</possibleresult>
			<points>
				<point>283.000000,928.000000</point>
				<point>269.000000,883.000000</point>
				<point>255.000000,888.000000</point>
				<point>268.000000,932.000000</point>
				<point>283.000000,928.000000</point>
			</points>
		</object>
	</objects>
</annotation>