<?xml version="1.0" encoding="utf-8"?>
<annotation>
	<source>
		<filename>877.tif</filename>
		<origin>GF2/GF3</origin>
	</source>
	<research>
		<version>1.0</version>
		<provider>FAIR1M</provider>
		<author>Cyber</author>
		<pluginname>FAIR1M</pluginname>
		<pluginclass>object detection</pluginclass>
		<time>2021-07-21</time>
	</research>
	<size>
		<width>1000</width>
		<height>1000</height>
		<depth>3</depth>
	</size>
	<objects>
		<object>
			<coordinate>pixel</coordinate>
			<type>rectangle</type>
			<description>None</description>
			<possibleresult>
				<name>Small Car</name>
			</possibleresult>
			<points>
				<point>485.000000,985.000000</point>
				<point>471.000000,996.000000</point>
				<point>468.000000,990.000000</point>
				<point>481.000000,980.000000</point>
				<point>485.000000,985.000000</point>
			</points>
		</object>
		<object>
			<coordinate>pixel</coordinate>
			<type>rectangle</type>
			<description>None</description>
			<possibleresult>
				<name>Small Car</name>
			</possibleresult>
			<points>
				<point>569.000000,909.000000</point>
				<point>555.000000,921.000000</point>
				<point>550.000000,915.000000</point>
				<point>564.000000,903.000000</point>
				<point>569.000000,909.000000</point>
			</points>
		</object>
		<object>
			<coordinate>pixel</coordinate>
			<type>rectangle</type>
			<description>None</description>
			<possibleresult>
				<name>Van</name>
			</possibleresult>
			<points>
				<point>649.000000,860.000000</point>
				<point>635.000000,870.000000</point>
				<point>631.000000,864.000000</point>
				<point>644.000000,853.000000</point>
				<point>649.000000,860.000000</point>
			</points>
		</object>
		<object>
			<coordinate>pixel</coordinate>
			<type>rectangle</type>
			<description>None</description>
			<possibleresult>
				<name>Small Car</name>
			</possibleresult>
			<points>
				<point>694.000000,847.000000</point>
				<point>679.000000,858.000000</point>
				<point>674.000000,851.000000</point>
				<point>689.000000,840.000000</point>
				<point>694.000000,847.000000</point>
			</points>
		</object>
		<object>
			<coordinate>pixel</coordinate>
			<type>rectangle</type>
			<description>None</description>
			<possibleresult>
				<name>Van</name>
			</possibleresult>
			<points>
				<point>700.000000,823.000000</point>
				<point>685.000000,832.000000</point>
				<point>681.000000,825.000000</point>
				<point>696.000000,816.000000</point>
				<point>700.000000,823.000000</point>
			</points>
		</object>
		<object>
			<coordinate>pixel</coordinate>
			<type>rectangle</type>
			<description>None</description>
			<possibleresult>
				<name>Van</name>
			</possibleresult>
			<points>
				<point>897.000000,41.000000</point>
				<point>879.000000,41.000000</point>
				<point>879.000000,34.000000</point>
				<point>897.000000,34.000000</point>
				<point>897.000000,41.000000</point>
			</points>
		</object>
		<object>
			<coordinate>pixel</coordinate>
			<type>rectangle</type>
			<description>None</description>
			<possibleresult>
				<name>Van</name>
			</possibleresult>
			<points>
				<point>934.000000,39.000000</point>
				<point>913.000000,41.000000</point>
				<point>912.000000,35.000000</point>
				<point>934.000000,34.000000</point>
				<point>934.000000,39.000000</point>
			</points>
		</object>
		<object>
			<coordinate>pixel</coordinate>
			<type>rectangle</type>
			<description>None</description>
			<possibleresult>
				<name>Small Car</name>
			</possibleresult>
			<points>
				<point>970.000000,58.000000</point>
				<point>951.000000,58.000000</point>
				<point>951.000000,52.000000</point>
				<point>970.000000,52.000000</point>
				<point>970.000000,58.000000</point>
			</points>
		</object>
		<object>
			<coordinate>pixel</coordinate>
			<type>rectangle</type>
			<description>None</description>
			<possibleresult>
				<name>Small Car</name>
			</possibleresult>
			<points>
				<point>970.000000,67.000000</point>
				<point>948.000000,67.000000</point>
				<point>948.000000,62.000000</point>
				<point>970.000000,62.000000</point>
				<point>970.000000,67.000000</point>
			</points>
		</object>
		<object>
			<coordinate>pixel</coordinate>
			<type>rectangle</type>
			<description>None</description>
			<possibleresult>
				<name>Small Car</name>
			</possibleresult>
			<points>
				<point>927.000000,166.000000</point>
				<point>907.000000,166.000000</point>
				<point>907.000000,159.000000</point>
				<point>927.000000,159.000000</point>
				<point>927.000000,166.000000</point>
			</points>
		</object>
		<object>
			<coordinate>pixel</coordinate>
			<type>rectangle</type>
			<description>None</description>
			<possibleresult>
				<name>Dump Truck</name>
			</possibleresult>
			<points>
				<point>931.000000,175.000000</point>
				<point>915.000000,176.000000</point>
				<point>915.000000,169.000000</point>
				<point>930.000000,167.000000</point>
				<point>931.000000,175.000000</point>
			</points>
		</object>
		<object>
			<coordinate>pixel</coordinate>
			<type>rectangle</type>
			<description>None</description>
			<possibleresult>
				<name>Van</name>
			</possibleresult>
			<points>
				<point>838.000000,198.000000</point>
				<point>830.000000,198.000000</point>
				<point>830.000000,184.000000</point>
				<point>838.000000,184.000000</point>
				<point>838.000000,198.000000</point>
			</points>
		</object>
		<object>
			<coordinate>pixel</coordinate>
			<type>rectangle</type>
			<description>None</description>
			<possibleresult>
				<name>Small Car</name>
			</possibleresult>
			<points>
				<point>821.000000,195.000000</point>
				<point>814.000000,195.000000</point>
				<point>814.000000,181.000000</point>
				<point>821.000000,181.000000</point>
				<point>821.000000,195.000000</point>
			</points>
		</object>
		<object>
			<coordinate>pixel</coordinate>
			<type>rectangle</type>
			<description>None</description>
			<possibleresult>
				<name>Small Car</name>
			</possibleresult>
			<points>
				<point>922.000000,203.000000</point>
				<point>916.000000,207.000000</point>
				<point>910.000000,198.000000</point>
				<point>916.000000,194.000000</point>
				<point>922.000000,203.000000</point>
			</points>
		</object>
		<object>
			<coordinate>pixel</coordinate>
			<type>rectangle</type>
			<description>None</description>
			<possibleresult>
				<name>Small Car</name>
			</possibleresult>
			<points>
				<point>936.000000,189.000000</point>
				<point>935.000000,206.000000</point>
				<point>927.000000,206.000000</point>
				<point>928.000000,189.000000</point>
				<point>936.000000,189.000000</point>
			</points>
		</object>
		<object>
			<coordinate>pixel</coordinate>
			<type>rectangle</type>
			<description>None</description>
			<possibleresult>
				<name>Small Car</name>
			</possibleresult>
			<points>
				<point>919.000000,294.000000</point>
				<point>900.000000,294.000000</point>
				<point>900.000000,287.000000</point>
				<point>919.000000,287.000000</point>
				<point>919.000000,294.000000</point>
			</points>
		</object>
		<object>
			<coordinate>pixel</coordinate>
			<type>rectangle</type>
			<description>None</description>
			<possibleresult>
				<name>Small Car</name>
			</possibleresult>
			<points>
				<point>917.000000,302.000000</point>
				<point>898.000000,302.000000</point>
				<point>898.000000,296.000000</point>
				<point>917.000000,296.000000</point>
				<point>917.000000,302.000000</point>
			</points>
		</object>
		<object>
			<coordinate>pixel</coordinate>
			<type>rectangle</type>
			<description>None</description>
			<possibleresult>
				<name>Van</name>
			</possibleresult>
			<points>
				<point>822.000000,308.000000</point>
				<point>802.000000,308.000000</point>
				<point>802.000000,302.000000</point>
				<point>822.000000,302.000000</point>
				<point>822.000000,308.000000</point>
			</points>
		</object>
		<object>
			<coordinate>pixel</coordinate>
			<type>rectangle</type>
			<description>None</description>
			<possibleresult>
				<name>Small Car</name>
			</possibleresult>
			<points>
				<point>787.000000,315.000000</point>
				<point>786.000000,321.000000</point>
				<point>766.000000,319.000000</point>
				<point>767.000000,313.000000</point>
				<point>787.000000,315.000000</point>
			</points>
		</object>
		<object>
			<coordinate>pixel</coordinate>
			<type>rectangle</type>
			<description>None</description>
			<possibleresult>
				<name>Van</name>
			</possibleresult>
			<points>
				<point>786.000000,347.000000</point>
				<point>767.000000,352.000000</point>
				<point>766.000000,347.000000</point>
				<point>784.000000,341.000000</point>
				<point>786.000000,347.000000</point>
			</points>
		</object>
		<object>
			<coordinate>pixel</coordinate>
			<type>rectangle</type>
			<description>None</description>
			<possibleresult>
				<name>Van</name>
			</possibleresult>
			<points>
				<point>889.000000,378.000000</point>
				<point>873.000000,383.000000</point>
				<point>871.000000,377.000000</point>
				<point>887.000000,372.000000</point>
				<point>889.000000,378.000000</point>
			</points>
		</object>
		<object>
			<coordinate>pixel</coordinate>
			<type>rectangle</type>
			<description>None</description>
			<possibleresult>
				<name>Van</name>
			</possibleresult>
			<points>
				<point>884.000000,371.000000</point>
				<point>867.000000,377.000000</point>
				<point>864.000000,372.000000</point>
				<point>882.000000,365.000000</point>
				<point>884.000000,371.000000</point>
			</points>
		</object>
		<object>
			<coordinate>pixel</coordinate>
			<type>rectangle</type>
			<description>None</description>
			<possibleresult>
				<name>Small Car</name>
			</possibleresult>
			<points>
				<point>844.000000,390.000000</point>
				<point>835.000000,390.000000</point>
				<point>833.000000,373.000000</point>
				<point>841.000000,372.000000</point>
				<point>844.000000,390.000000</point>
			</points>
		</object>
		<object>
			<coordinate>pixel</coordinate>
			<type>rectangle</type>
			<description>None</description>
			<possibleresult>
				<name>Van</name>
			</possibleresult>
			<points>
				<point>707.000000,87.000000</point>
				<point>698.000000,87.000000</point>
				<point>698.000000,70.000000</point>
				<point>707.000000,70.000000</point>
				<point>707.000000,87.000000</point>
			</points>
		</object>
		<object>
			<coordinate>pixel</coordinate>
			<type>rectangle</type>
			<description>None</description>
			<possibleresult>
				<name>Van</name>
			</possibleresult>
			<points>
				<point>709.000000,33.000000</point>
				<point>700.000000,33.000000</point>
				<point>700.000000,17.000000</point>
				<point>709.000000,17.000000</point>
				<point>709.000000,33.000000</point>
			</points>
		</object>
		<object>
			<coordinate>pixel</coordinate>
			<type>rectangle</type>
			<description>None</description>
			<possibleresult>
				<name>Small Car</name>
			</possibleresult>
			<points>
				<point>450.000000,7.000000</point>
				<point>428.000000,7.000000</point>
				<point>428.000000,0.000000</point>
				<point>450.000000,0.000000</point>
				<point>450.000000,7.000000</point>
			</points>
		</object>
		<object>
			<coordinate>pixel</coordinate>
			<type>rectangle</type>
			<description>None</description>
			<possibleresult>
				<name>Van</name>
			</possibleresult>
			<points>
				<point>438.000000,32.000000</point>
				<point>437.000000,37.000000</point>
				<point>418.000000,36.000000</point>
				<point>419.000000,31.000000</point>
				<point>438.000000,32.000000</point>
			</points>
		</object>
		<object>
			<coordinate>pixel</coordinate>
			<type>rectangle</type>
			<description>None</description>
			<possibleresult>
				<name>Small Car</name>
			</possibleresult>
			<points>
				<point>425.000000,110.000000</point>
				<point>402.000000,112.000000</point>
				<point>402.000000,106.000000</point>
				<point>424.000000,105.000000</point>
				<point>425.000000,110.000000</point>
			</points>
		</object>
		<object>
			<coordinate>pixel</coordinate>
			<type>rectangle</type>
			<description>None</description>
			<possibleresult>
				<name>Small Car</name>
			</possibleresult>
			<points>
				<point>449.000000,119.000000</point>
				<point>428.000000,121.000000</point>
				<point>427.000000,115.000000</point>
				<point>449.000000,114.000000</point>
				<point>449.000000,119.000000</point>
			</points>
		</object>
		<object>
			<coordinate>pixel</coordinate>
			<type>rectangle</type>
			<description>None</description>
			<possibleresult>
				<name>Small Car</name>
			</possibleresult>
			<points>
				<point>430.000000,246.000000</point>
				<point>425.000000,251.000000</point>
				<point>409.000000,238.000000</point>
				<point>415.000000,233.000000</point>
				<point>430.000000,246.000000</point>
			</points>
		</object>
		<object>
			<coordinate>pixel</coordinate>
			<type>rectangle</type>
			<description>None</description>
			<possibleresult>
				<name>Small Car</name>
			</possibleresult>
			<points>
				<point>443.000000,246.000000</point>
				<point>438.000000,251.000000</point>
				<point>423.000000,238.000000</point>
				<point>427.000000,232.000000</point>
				<point>443.000000,246.000000</point>
			</points>
		</object>
		<object>
			<coordinate>pixel</coordinate>
			<type>rectangle</type>
			<description>None</description>
			<possibleresult>
				<name>Small Car</name>
			</possibleresult>
			<points>
				<point>457.000000,244.000000</point>
				<point>452.000000,249.000000</point>
				<point>438.000000,236.000000</point>
				<point>442.000000,230.000000</point>
				<point>457.000000,244.000000</point>
			</points>
		</object>
		<object>
			<coordinate>pixel</coordinate>
			<type>rectangle</type>
			<description>None</description>
			<possibleresult>
				<name>Small Car</name>
			</possibleresult>
			<points>
				<point>471.000000,241.000000</point>
				<point>466.000000,247.000000</point>
				<point>451.000000,233.000000</point>
				<point>455.000000,228.000000</point>
				<point>471.000000,241.000000</point>
			</points>
		</object>
		<object>
			<coordinate>pixel</coordinate>
			<type>rectangle</type>
			<description>None</description>
			<possibleresult>
				<name>Van</name>
			</possibleresult>
			<points>
				<point>419.000000,282.000000</point>
				<point>410.000000,283.000000</point>
				<point>408.000000,268.000000</point>
				<point>418.000000,268.000000</point>
				<point>419.000000,282.000000</point>
			</points>
		</object>
		<object>
			<coordinate>pixel</coordinate>
			<type>rectangle</type>
			<description>None</description>
			<possibleresult>
				<name>Small Car</name>
			</possibleresult>
			<points>
				<point>491.000000,281.000000</point>
				<point>482.000000,281.000000</point>
				<point>482.000000,263.000000</point>
				<point>491.000000,263.000000</point>
				<point>491.000000,281.000000</point>
			</points>
		</object>
		<object>
			<coordinate>pixel</coordinate>
			<type>rectangle</type>
			<description>None</description>
			<possibleresult>
				<name>other-vehicle</name>
			</possibleresult>
			<points>
				<point>712.000000,397.000000</point>
				<point>711.000000,418.000000</point>
				<point>702.000000,417.000000</point>
				<point>703.000000,396.000000</point>
				<point>712.000000,397.000000</point>
			</points>
		</object>
		<object>
			<coordinate>pixel</coordinate>
			<type>rectangle</type>
			<description>None</description>
			<possibleresult>
				<name>Small Car</name>
			</possibleresult>
			<points>
				<point>457.000000,406.000000</point>
				<point>449.000000,406.000000</point>
				<point>449.000000,388.000000</point>
				<point>457.000000,388.000000</point>
				<point>457.000000,406.000000</point>
			</points>
		</object>
		<object>
			<coordinate>pixel</coordinate>
			<type>rectangle</type>
			<description>None</description>
			<possibleresult>
				<name>Small Car</name>
			</possibleresult>
			<points>
				<point>434.000000,473.000000</point>
				<point>417.000000,477.000000</point>
				<point>415.000000,470.000000</point>
				<point>433.000000,467.000000</point>
				<point>434.000000,473.000000</point>
			</points>
		</object>
		<object>
			<coordinate>pixel</coordinate>
			<type>rectangle</type>
			<description>None</description>
			<possibleresult>
				<name>Small Car</name>
			</possibleresult>
			<points>
				<point>435.000000,464.000000</point>
				<point>413.000000,469.000000</point>
				<point>412.000000,462.000000</point>
				<point>433.000000,456.000000</point>
				<point>435.000000,464.000000</point>
			</points>
		</object>
		<object>
			<coordinate>pixel</coordinate>
			<type>rectangle</type>
			<description>None</description>
			<possibleresult>
				<name>Small Car</name>
			</possibleresult>
			<points>
				<point>531.000000,541.000000</point>
				<point>514.000000,547.000000</point>
				<point>511.000000,540.000000</point>
				<point>528.000000,534.000000</point>
				<point>531.000000,541.000000</point>
			</points>
		</object>
		<object>
			<coordinate>pixel</coordinate>
			<type>rectangle</type>
			<description>None</description>
			<possibleresult>
				<name>Small Car</name>
			</possibleresult>
			<points>
				<point>502.000000,551.000000</point>
				<point>483.000000,558.000000</point>
				<point>481.000000,551.000000</point>
				<point>499.000000,543.000000</point>
				<point>502.000000,551.000000</point>
			</points>
		</object>
		<object>
			<coordinate>pixel</coordinate>
			<type>rectangle</type>
			<description>None</description>
			<possibleresult>
				<name>Van</name>
			</possibleresult>
			<points>
				<point>437.000000,498.000000</point>
				<point>420.000000,506.000000</point>
				<point>418.000000,501.000000</point>
				<point>435.000000,493.000000</point>
				<point>437.000000,498.000000</point>
			</points>
		</object>
		<object>
			<coordinate>pixel</coordinate>
			<type>rectangle</type>
			<description>None</description>
			<possibleresult>
				<name>Dump Truck</name>
			</possibleresult>
			<points>
				<point>333.000000,833.000000</point>
				<point>328.000000,839.000000</point>
				<point>311.000000,825.000000</point>
				<point>315.000000,820.000000</point>
				<point>333.000000,833.000000</point>
			</points>
		</object>
		<object>
			<coordinate>pixel</coordinate>
			<type>rectangle</type>
			<description>None</description>
			<possibleresult>
				<name>Small Car</name>
			</possibleresult>
			<points>
				<point>75.000000,672.000000</point>
				<point>74.000000,692.000000</point>
				<point>63.000000,691.000000</point>
				<point>64.000000,671.000000</point>
				<point>75.000000,672.000000</point>
			</points>
		</object>
		<object>
			<coordinate>pixel</coordinate>
			<type>rectangle</type>
			<description>None</description>
			<possibleresult>
				<name>Small Car</name>
			</possibleresult>
			<points>
				<point>87.000000,674.000000</point>
				<point>86.000000,691.000000</point>
				<point>78.000000,691.000000</point>
				<point>79.000000,674.000000</point>
				<point>87.000000,674.000000</point>
			</points>
		</object>
		<object>
			<coordinate>pixel</coordinate>
			<type>rectangle</type>
			<description>None</description>
			<possibleresult>
				<name>Van</name>
			</possibleresult>
			<points>
				<point>100.000000,676.000000</point>
				<point>98.000000,692.000000</point>
				<point>89.000000,690.000000</point>
				<point>91.000000,674.000000</point>
				<point>100.000000,676.000000</point>
			</points>
		</object>
		<object>
			<coordinate>pixel</coordinate>
			<type>rectangle</type>
			<description>None</description>
			<possibleresult>
				<name>Small Car</name>
			</possibleresult>
			<points>
				<point>114.000000,678.000000</point>
				<point>113.000000,695.000000</point>
				<point>103.000000,694.000000</point>
				<point>105.000000,678.000000</point>
				<point>114.000000,678.000000</point>
			</points>
		</object>
		<object>
			<coordinate>pixel</coordinate>
			<type>rectangle</type>
			<description>None</description>
			<possibleresult>
				<name>Van</name>
			</possibleresult>
			<points>
				<point>126.000000,695.000000</point>
				<point>118.000000,695.000000</point>
				<point>118.000000,680.000000</point>
				<point>126.000000,680.000000</point>
				<point>126.000000,695.000000</point>
			</points>
		</object>
		<object>
			<coordinate>pixel</coordinate>
			<type>rectangle</type>
			<description>None</description>
			<possibleresult>
				<name>Small Car</name>
			</possibleresult>
			<points>
				<point>138.000000,680.000000</point>
				<point>135.000000,698.000000</point>
				<point>127.000000,697.000000</point>
				<point>129.000000,680.000000</point>
				<point>138.000000,680.000000</point>
			</points>
		</object>
		<object>
			<coordinate>pixel</coordinate>
			<type>rectangle</type>
			<description>None</description>
			<possibleresult>
				<name>Small Car</name>
			</possibleresult>
			<points>
				<point>150.000000,696.000000</point>
				<point>142.000000,696.000000</point>
				<point>141.000000,681.000000</point>
				<point>149.000000,681.000000</point>
				<point>150.000000,696.000000</point>
			</points>
		</object>
		<object>
			<coordinate>pixel</coordinate>
			<type>rectangle</type>
			<description>None</description>
			<possibleresult>
				<name>Van</name>
			</possibleresult>
			<points>
				<point>171.000000,696.000000</point>
				<point>163.000000,700.000000</point>
				<point>155.000000,684.000000</point>
				<point>163.000000,680.000000</point>
				<point>171.000000,696.000000</point>
			</points>
		</object>
		<object>
			<coordinate>pixel</coordinate>
			<type>rectangle</type>
			<description>None</description>
			<possibleresult>
				<name>Van</name>
			</possibleresult>
			<points>
				<point>184.000000,693.000000</point>
				<point>176.000000,696.000000</point>
				<point>169.000000,681.000000</point>
				<point>176.000000,677.000000</point>
				<point>184.000000,693.000000</point>
			</points>
		</object>
		<object>
			<coordinate>pixel</coordinate>
			<type>rectangle</type>
			<description>None</description>
			<possibleresult>
				<name>Small Car</name>
			</possibleresult>
			<points>
				<point>194.000000,688.000000</point>
				<point>187.000000,691.000000</point>
				<point>180.000000,675.000000</point>
				<point>188.000000,673.000000</point>
				<point>194.000000,688.000000</point>
			</points>
		</object>
		<object>
			<coordinate>pixel</coordinate>
			<type>rectangle</type>
			<description>None</description>
			<possibleresult>
				<name>Small Car</name>
			</possibleresult>
			<points>
				<point>229.000000,679.000000</point>
				<point>223.000000,682.000000</point>
				<point>213.000000,666.000000</point>
				<point>219.000000,663.000000</point>
				<point>229.000000,679.000000</point>
			</points>
		</object>
		<object>
			<coordinate>pixel</coordinate>
			<type>rectangle</type>
			<description>None</description>
			<possibleresult>
				<name>Small Car</name>
			</possibleresult>
			<points>
				<point>241.000000,675.000000</point>
				<point>234.000000,679.000000</point>
				<point>223.000000,658.000000</point>
				<point>231.000000,655.000000</point>
				<point>241.000000,675.000000</point>
			</points>
		</object>
		<object>
			<coordinate>pixel</coordinate>
			<type>rectangle</type>
			<description>None</description>
			<possibleresult>
				<name>Van</name>
			</possibleresult>
			<points>
				<point>255.000000,668.000000</point>
				<point>248.000000,673.000000</point>
				<point>235.000000,656.000000</point>
				<point>241.000000,652.000000</point>
				<point>255.000000,668.000000</point>
			</points>
		</object>
		<object>
			<coordinate>pixel</coordinate>
			<type>rectangle</type>
			<description>None</description>
			<possibleresult>
				<name>Small Car</name>
			</possibleresult>
			<points>
				<point>264.000000,659.000000</point>
				<point>259.000000,664.000000</point>
				<point>244.000000,651.000000</point>
				<point>249.000000,645.000000</point>
				<point>264.000000,659.000000</point>
			</points>
		</object>
		<object>
			<coordinate>pixel</coordinate>
			<type>rectangle</type>
			<description>None</description>
			<possibleresult>
				<name>Small Car</name>
			</possibleresult>
			<points>
				<point>273.000000,653.000000</point>
				<point>268.000000,658.000000</point>
				<point>255.000000,647.000000</point>
				<point>260.000000,642.000000</point>
				<point>273.000000,653.000000</point>
			</points>
		</object>
		<object>
			<coordinate>pixel</coordinate>
			<type>rectangle</type>
			<description>None</description>
			<possibleresult>
				<name>Dump Truck</name>
			</possibleresult>
			<points>
				<point>284.000000,648.000000</point>
				<point>278.000000,654.000000</point>
				<point>262.000000,638.000000</point>
				<point>268.000000,632.000000</point>
				<point>284.000000,648.000000</point>
			</points>
		</object>
		<object>
			<coordinate>pixel</coordinate>
			<type>rectangle</type>
			<description>None</description>
			<possibleresult>
				<name>Small Car</name>
			</possibleresult>
			<points>
				<point>292.000000,641.000000</point>
				<point>286.000000,645.000000</point>
				<point>273.000000,630.000000</point>
				<point>279.000000,626.000000</point>
				<point>292.000000,641.000000</point>
			</points>
		</object>
		<object>
			<coordinate>pixel</coordinate>
			<type>rectangle</type>
			<description>None</description>
			<possibleresult>
				<name>Small Car</name>
			</possibleresult>
			<points>
				<point>303.000000,634.000000</point>
				<point>299.000000,639.000000</point>
				<point>286.000000,627.000000</point>
				<point>291.000000,623.000000</point>
				<point>303.000000,634.000000</point>
			</points>
		</object>
		<object>
			<coordinate>pixel</coordinate>
			<type>rectangle</type>
			<description>None</description>
			<possibleresult>
				<name>Small Car</name>
			</possibleresult>
			<points>
				<point>315.000000,627.000000</point>
				<point>310.000000,634.000000</point>
				<point>293.000000,623.000000</point>
				<point>297.000000,615.000000</point>
				<point>315.000000,627.000000</point>
			</points>
		</object>
		<object>
			<coordinate>pixel</coordinate>
			<type>rectangle</type>
			<description>None</description>
			<possibleresult>
				<name>Small Car</name>
			</possibleresult>
			<points>
				<point>275.000000,607.000000</point>
				<point>269.000000,612.000000</point>
				<point>258.000000,599.000000</point>
				<point>264.000000,594.000000</point>
				<point>275.000000,607.000000</point>
			</points>
		</object>
		<object>
			<coordinate>pixel</coordinate>
			<type>rectangle</type>
			<description>None</description>
			<possibleresult>
				<name>Small Car</name>
			</possibleresult>
			<points>
				<point>261.000000,605.000000</point>
				<point>256.000000,610.000000</point>
				<point>244.000000,598.000000</point>
				<point>249.000000,593.000000</point>
				<point>261.000000,605.000000</point>
			</points>
		</object>
		<object>
			<coordinate>pixel</coordinate>
			<type>rectangle</type>
			<description>None</description>
			<possibleresult>
				<name>Small Car</name>
			</possibleresult>
			<points>
				<point>251.000000,611.000000</point>
				<point>245.000000,615.000000</point>
				<point>233.000000,602.000000</point>
				<point>238.000000,597.000000</point>
				<point>251.000000,611.000000</point>
			</points>
		</object>
		<object>
			<coordinate>pixel</coordinate>
			<type>rectangle</type>
			<description>None</description>
			<possibleresult>
				<name>Small Car</name>
			</possibleresult>
			<points>
				<point>242.000000,616.000000</point>
				<point>236.000000,621.000000</point>
				<point>224.000000,608.000000</point>
				<point>229.000000,602.000000</point>
				<point>242.000000,616.000000</point>
			</points>
		</object>
		<object>
			<coordinate>pixel</coordinate>
			<type>rectangle</type>
			<description>None</description>
			<possibleresult>
				<name>Van</name>
			</possibleresult>
			<points>
				<point>232.000000,622.000000</point>
				<point>225.000000,629.000000</point>
				<point>213.000000,617.000000</point>
				<point>220.000000,610.000000</point>
				<point>232.000000,622.000000</point>
			</points>
		</object>
		<object>
			<coordinate>pixel</coordinate>
			<type>rectangle</type>
			<description>None</description>
			<possibleresult>
				<name>Small Car</name>
			</possibleresult>
			<points>
				<point>205.000000,640.000000</point>
				<point>199.000000,643.000000</point>
				<point>190.000000,630.000000</point>
				<point>196.000000,627.000000</point>
				<point>205.000000,640.000000</point>
			</points>
		</object>
		<object>
			<coordinate>pixel</coordinate>
			<type>rectangle</type>
			<description>None</description>
			<possibleresult>
				<name>Van</name>
			</possibleresult>
			<points>
				<point>191.000000,645.000000</point>
				<point>184.000000,650.000000</point>
				<point>173.000000,637.000000</point>
				<point>179.000000,631.000000</point>
				<point>191.000000,645.000000</point>
			</points>
		</object>
		<object>
			<coordinate>pixel</coordinate>
			<type>rectangle</type>
			<description>None</description>
			<possibleresult>
				<name>Small Car</name>
			</possibleresult>
			<points>
				<point>191.000000,621.000000</point>
				<point>170.000000,623.000000</point>
				<point>169.000000,616.000000</point>
				<point>191.000000,615.000000</point>
				<point>191.000000,621.000000</point>
			</points>
		</object>
		<object>
			<coordinate>pixel</coordinate>
			<type>rectangle</type>
			<description>None</description>
			<possibleresult>
				<name>Van</name>
			</possibleresult>
			<points>
				<point>190.000000,578.000000</point>
				<point>181.000000,592.000000</point>
				<point>174.000000,587.000000</point>
				<point>184.000000,574.000000</point>
				<point>190.000000,578.000000</point>
			</points>
		</object>
		<object>
			<coordinate>pixel</coordinate>
			<type>rectangle</type>
			<description>None</description>
			<possibleresult>
				<name>Van</name>
			</possibleresult>
			<points>
				<point>205.000000,582.000000</point>
				<point>195.000000,592.000000</point>
				<point>189.000000,586.000000</point>
				<point>199.000000,576.000000</point>
				<point>205.000000,582.000000</point>
			</points>
		</object>
		<object>
			<coordinate>pixel</coordinate>
			<type>rectangle</type>
			<description>None</description>
			<possibleresult>
				<name>Van</name>
			</possibleresult>
			<points>
				<point>235.000000,581.000000</point>
				<point>223.000000,593.000000</point>
				<point>217.000000,587.000000</point>
				<point>228.000000,574.000000</point>
				<point>235.000000,581.000000</point>
			</points>
		</object>
		<object>
			<coordinate>pixel</coordinate>
			<type>rectangle</type>
			<description>None</description>
			<possibleresult>
				<name>Van</name>
			</possibleresult>
			<points>
				<point>250.000000,578.000000</point>
				<point>239.000000,593.000000</point>
				<point>231.000000,587.000000</point>
				<point>242.000000,572.000000</point>
				<point>250.000000,578.000000</point>
			</points>
		</object>
		<object>
			<coordinate>pixel</coordinate>
			<type>rectangle</type>
			<description>None</description>
			<possibleresult>
				<name>Van</name>
			</possibleresult>
			<points>
				<point>263.000000,581.000000</point>
				<point>255.000000,593.000000</point>
				<point>246.000000,586.000000</point>
				<point>255.000000,575.000000</point>
				<point>263.000000,581.000000</point>
			</points>
		</object>
		<object>
			<coordinate>pixel</coordinate>
			<type>rectangle</type>
			<description>None</description>
			<possibleresult>
				<name>Dump Truck</name>
			</possibleresult>
			<points>
				<point>281.000000,575.000000</point>
				<point>266.000000,595.000000</point>
				<point>259.000000,590.000000</point>
				<point>273.000000,569.000000</point>
				<point>281.000000,575.000000</point>
			</points>
		</object>
		<object>
			<coordinate>pixel</coordinate>
			<type>rectangle</type>
			<description>None</description>
			<possibleresult>
				<name>Small Car</name>
			</possibleresult>
			<points>
				<point>292.000000,582.000000</point>
				<point>280.000000,596.000000</point>
				<point>274.000000,591.000000</point>
				<point>285.000000,576.000000</point>
				<point>292.000000,582.000000</point>
			</points>
		</object>
		<object>
			<coordinate>pixel</coordinate>
			<type>rectangle</type>
			<description>None</description>
			<possibleresult>
				<name>Small Car</name>
			</possibleresult>
			<points>
				<point>336.000000,533.000000</point>
				<point>334.000000,550.000000</point>
				<point>325.000000,549.000000</point>
				<point>327.000000,532.000000</point>
				<point>336.000000,533.000000</point>
			</points>
		</object>
		<object>
			<coordinate>pixel</coordinate>
			<type>rectangle</type>
			<description>None</description>
			<possibleresult>
				<name>Small Car</name>
			</possibleresult>
			<points>
				<point>323.000000,555.000000</point>
				<point>315.000000,555.000000</point>
				<point>315.000000,538.000000</point>
				<point>323.000000,538.000000</point>
				<point>323.000000,555.000000</point>
			</points>
		</object>
		<object>
			<coordinate>pixel</coordinate>
			<type>rectangle</type>
			<description>None</description>
			<possibleresult>
				<name>Van</name>
			</possibleresult>
			<points>
				<point>312.000000,556.000000</point>
				<point>302.000000,556.000000</point>
				<point>302.000000,539.000000</point>
				<point>312.000000,539.000000</point>
				<point>312.000000,556.000000</point>
			</points>
		</object>
		<object>
			<coordinate>pixel</coordinate>
			<type>rectangle</type>
			<description>None</description>
			<possibleresult>
				<name>Small Car</name>
			</possibleresult>
			<points>
				<point>300.000000,556.000000</point>
				<point>292.000000,556.000000</point>
				<point>292.000000,539.000000</point>
				<point>300.000000,539.000000</point>
				<point>300.000000,556.000000</point>
			</points>
		</object>
		<object>
			<coordinate>pixel</coordinate>
			<type>rectangle</type>
			<description>None</description>
			<possibleresult>
				<name>Small Car</name>
			</possibleresult>
			<points>
				<point>288.000000,556.000000</point>
				<point>279.000000,556.000000</point>
				<point>279.000000,538.000000</point>
				<point>288.000000,538.000000</point>
				<point>288.000000,556.000000</point>
			</points>
		</object>
		<object>
			<coordinate>pixel</coordinate>
			<type>rectangle</type>
			<description>None</description>
			<possibleresult>
				<name>Van</name>
			</possibleresult>
			<points>
				<point>275.000000,554.000000</point>
				<point>266.000000,554.000000</point>
				<point>266.000000,539.000000</point>
				<point>275.000000,539.000000</point>
				<point>275.000000,554.000000</point>
			</points>
		</object>
		<object>
			<coordinate>pixel</coordinate>
			<type>rectangle</type>
			<description>None</description>
			<possibleresult>
				<name>Small Car</name>
			</possibleresult>
			<points>
				<point>262.000000,555.000000</point>
				<point>255.000000,555.000000</point>
				<point>254.000000,539.000000</point>
				<point>260.000000,538.000000</point>
				<point>262.000000,555.000000</point>
			</points>
		</object>
		<object>
			<coordinate>pixel</coordinate>
			<type>rectangle</type>
			<description>None</description>
			<possibleresult>
				<name>Van</name>
			</possibleresult>
			<points>
				<point>250.000000,557.000000</point>
				<point>242.000000,557.000000</point>
				<point>242.000000,541.000000</point>
				<point>250.000000,541.000000</point>
				<point>250.000000,557.000000</point>
			</points>
		</object>
		<object>
			<coordinate>pixel</coordinate>
			<type>rectangle</type>
			<description>None</description>
			<possibleresult>
				<name>Small Car</name>
			</possibleresult>
			<points>
				<point>239.000000,538.000000</point>
				<point>238.000000,555.000000</point>
				<point>229.000000,554.000000</point>
				<point>231.000000,538.000000</point>
				<point>239.000000,538.000000</point>
			</points>
		</object>
		<object>
			<coordinate>pixel</coordinate>
			<type>rectangle</type>
			<description>None</description>
			<possibleresult>
				<name>Small Car</name>
			</possibleresult>
			<points>
				<point>212.000000,540.000000</point>
				<point>211.000000,556.000000</point>
				<point>203.000000,555.000000</point>
				<point>204.000000,539.000000</point>
				<point>212.000000,540.000000</point>
			</points>
		</object>
		<object>
			<coordinate>pixel</coordinate>
			<type>rectangle</type>
			<description>None</description>
			<possibleresult>
				<name>Small Car</name>
			</possibleresult>
			<points>
				<point>200.000000,538.000000</point>
				<point>197.000000,555.000000</point>
				<point>190.000000,554.000000</point>
				<point>192.000000,538.000000</point>
				<point>200.000000,538.000000</point>
			</points>
		</object>
		<object>
			<coordinate>pixel</coordinate>
			<type>rectangle</type>
			<description>None</description>
			<possibleresult>
				<name>Small Car</name>
			</possibleresult>
			<points>
				<point>188.000000,540.000000</point>
				<point>186.000000,559.000000</point>
				<point>177.000000,558.000000</point>
				<point>180.000000,540.000000</point>
				<point>188.000000,540.000000</point>
			</points>
		</object>
		<object>
			<coordinate>pixel</coordinate>
			<type>rectangle</type>
			<description>None</description>
			<possibleresult>
				<name>Small Car</name>
			</possibleresult>
			<points>
				<point>78.000000,423.000000</point>
				<point>77.000000,441.000000</point>
				<point>67.000000,440.000000</point>
				<point>68.000000,422.000000</point>
				<point>78.000000,423.000000</point>
			</points>
		</object>
		<object>
			<coordinate>pixel</coordinate>
			<type>rectangle</type>
			<description>None</description>
			<possibleresult>
				<name>Small Car</name>
			</possibleresult>
			<points>
				<point>120.000000,441.000000</point>
				<point>110.000000,442.000000</point>
				<point>109.000000,423.000000</point>
				<point>119.000000,422.000000</point>
				<point>120.000000,441.000000</point>
			</points>
		</object>
		<object>
			<coordinate>pixel</coordinate>
			<type>rectangle</type>
			<description>None</description>
			<possibleresult>
				<name>Small Car</name>
			</possibleresult>
			<points>
				<point>133.000000,441.000000</point>
				<point>124.000000,442.000000</point>
				<point>122.000000,422.000000</point>
				<point>132.000000,422.000000</point>
				<point>133.000000,441.000000</point>
			</points>
		</object>
		<object>
			<coordinate>pixel</coordinate>
			<type>rectangle</type>
			<description>None</description>
			<possibleresult>
				<name>Small Car</name>
			</possibleresult>
			<points>
				<point>225.000000,440.000000</point>
				<point>217.000000,440.000000</point>
				<point>217.000000,424.000000</point>
				<point>225.000000,424.000000</point>
				<point>225.000000,440.000000</point>
			</points>
		</object>
		<object>
			<coordinate>pixel</coordinate>
			<type>rectangle</type>
			<description>None</description>
			<possibleresult>
				<name>Van</name>
			</possibleresult>
			<points>
				<point>241.000000,439.000000</point>
				<point>233.000000,439.000000</point>
				<point>233.000000,421.000000</point>
				<point>241.000000,421.000000</point>
				<point>241.000000,439.000000</point>
			</points>
		</object>
		<object>
			<coordinate>pixel</coordinate>
			<type>rectangle</type>
			<description>None</description>
			<possibleresult>
				<name>Van</name>
			</possibleresult>
			<points>
				<point>301.000000,407.000000</point>
				<point>280.000000,407.000000</point>
				<point>280.000000,401.000000</point>
				<point>301.000000,401.000000</point>
				<point>301.000000,407.000000</point>
			</points>
		</object>
		<object>
			<coordinate>pixel</coordinate>
			<type>rectangle</type>
			<description>None</description>
			<possibleresult>
				<name>Van</name>
			</possibleresult>
			<points>
				<point>303.000000,391.000000</point>
				<point>303.000000,398.000000</point>
				<point>282.000000,396.000000</point>
				<point>283.000000,390.000000</point>
				<point>303.000000,391.000000</point>
			</points>
		</object>
		<object>
			<coordinate>pixel</coordinate>
			<type>rectangle</type>
			<description>None</description>
			<possibleresult>
				<name>Van</name>
			</possibleresult>
			<points>
				<point>241.000000,396.000000</point>
				<point>234.000000,396.000000</point>
				<point>234.000000,380.000000</point>
				<point>241.000000,380.000000</point>
				<point>241.000000,396.000000</point>
			</points>
		</object>
		<object>
			<coordinate>pixel</coordinate>
			<type>rectangle</type>
			<description>None</description>
			<possibleresult>
				<name>Van</name>
			</possibleresult>
			<points>
				<point>228.000000,393.000000</point>
				<point>220.000000,393.000000</point>
				<point>220.000000,377.000000</point>
				<point>228.000000,377.000000</point>
				<point>228.000000,393.000000</point>
			</points>
		</object>
		<object>
			<coordinate>pixel</coordinate>
			<type>rectangle</type>
			<description>None</description>
			<possibleresult>
				<name>Van</name>
			</possibleresult>
			<points>
				<point>229.000000,376.000000</point>
				<point>222.000000,376.000000</point>
				<point>222.000000,361.000000</point>
				<point>229.000000,361.000000</point>
				<point>229.000000,376.000000</point>
			</points>
		</object>
		<object>
			<coordinate>pixel</coordinate>
			<type>rectangle</type>
			<description>None</description>
			<possibleresult>
				<name>Small Car</name>
			</possibleresult>
			<points>
				<point>204.000000,391.000000</point>
				<point>198.000000,391.000000</point>
				<point>198.000000,381.000000</point>
				<point>204.000000,381.000000</point>
				<point>204.000000,391.000000</point>
			</points>
		</object>
		<object>
			<coordinate>pixel</coordinate>
			<type>rectangle</type>
			<description>None</description>
			<possibleresult>
				<name>Van</name>
			</possibleresult>
			<points>
				<point>204.000000,378.000000</point>
				<point>195.000000,379.000000</point>
				<point>193.000000,363.000000</point>
				<point>203.000000,363.000000</point>
				<point>204.000000,378.000000</point>
			</points>
		</object>
		<object>
			<coordinate>pixel</coordinate>
			<type>rectangle</type>
			<description>None</description>
			<possibleresult>
				<name>Dump Truck</name>
			</possibleresult>
			<points>
				<point>179.000000,393.000000</point>
				<point>171.000000,393.000000</point>
				<point>171.000000,378.000000</point>
				<point>179.000000,378.000000</point>
				<point>179.000000,393.000000</point>
			</points>
		</object>
		<object>
			<coordinate>pixel</coordinate>
			<type>rectangle</type>
			<description>None</description>
			<possibleresult>
				<name>Van</name>
			</possibleresult>
			<points>
				<point>179.000000,377.000000</point>
				<point>170.000000,377.000000</point>
				<point>170.000000,363.000000</point>
				<point>179.000000,363.000000</point>
				<point>179.000000,377.000000</point>
			</points>
		</object>
		<object>
			<coordinate>pixel</coordinate>
			<type>rectangle</type>
			<description>None</description>
			<possibleresult>
				<name>Van</name>
			</possibleresult>
			<points>
				<point>168.000000,378.000000</point>
				<point>159.000000,378.000000</point>
				<point>158.000000,362.000000</point>
				<point>167.000000,362.000000</point>
				<point>168.000000,378.000000</point>
			</points>
		</object>
		<object>
			<coordinate>pixel</coordinate>
			<type>rectangle</type>
			<description>None</description>
			<possibleresult>
				<name>Small Car</name>
			</possibleresult>
			<points>
				<point>154.000000,374.000000</point>
				<point>147.000000,374.000000</point>
				<point>147.000000,359.000000</point>
				<point>154.000000,359.000000</point>
				<point>154.000000,374.000000</point>
			</points>
		</object>
		<object>
			<coordinate>pixel</coordinate>
			<type>rectangle</type>
			<description>None</description>
			<possibleresult>
				<name>Van</name>
			</possibleresult>
			<points>
				<point>118.000000,397.000000</point>
				<point>109.000000,397.000000</point>
				<point>109.000000,380.000000</point>
				<point>118.000000,380.000000</point>
				<point>118.000000,397.000000</point>
			</points>
		</object>
		<object>
			<coordinate>pixel</coordinate>
			<type>rectangle</type>
			<description>None</description>
			<possibleresult>
				<name>Dump Truck</name>
			</possibleresult>
			<points>
				<point>104.000000,400.000000</point>
				<point>95.000000,400.000000</point>
				<point>95.000000,378.000000</point>
				<point>104.000000,378.000000</point>
				<point>104.000000,400.000000</point>
			</points>
		</object>
		<object>
			<coordinate>pixel</coordinate>
			<type>rectangle</type>
			<description>None</description>
			<possibleresult>
				<name>Dump Truck</name>
			</possibleresult>
			<points>
				<point>90.000000,395.000000</point>
				<point>81.000000,395.000000</point>
				<point>81.000000,377.000000</point>
				<point>90.000000,377.000000</point>
				<point>90.000000,395.000000</point>
			</points>
		</object>
		<object>
			<coordinate>pixel</coordinate>
			<type>rectangle</type>
			<description>None</description>
			<possibleresult>
				<name>Van</name>
			</possibleresult>
			<points>
				<point>130.000000,358.000000</point>
				<point>128.000000,375.000000</point>
				<point>119.000000,375.000000</point>
				<point>120.000000,358.000000</point>
				<point>130.000000,358.000000</point>
			</points>
		</object>
		<object>
			<coordinate>pixel</coordinate>
			<type>rectangle</type>
			<description>None</description>
			<possibleresult>
				<name>Dump Truck</name>
			</possibleresult>
			<points>
				<point>117.000000,378.000000</point>
				<point>108.000000,378.000000</point>
				<point>108.000000,359.000000</point>
				<point>117.000000,359.000000</point>
				<point>117.000000,378.000000</point>
			</points>
		</object>
		<object>
			<coordinate>pixel</coordinate>
			<type>rectangle</type>
			<description>None</description>
			<possibleresult>
				<name>Small Car</name>
			</possibleresult>
			<points>
				<point>105.000000,376.000000</point>
				<point>96.000000,376.000000</point>
				<point>96.000000,360.000000</point>
				<point>105.000000,360.000000</point>
				<point>105.000000,376.000000</point>
			</points>
		</object>
		<object>
			<coordinate>pixel</coordinate>
			<type>rectangle</type>
			<description>None</description>
			<possibleresult>
				<name>Small Car</name>
			</possibleresult>
			<points>
				<point>55.000000,336.000000</point>
				<point>47.000000,336.000000</point>
				<point>47.000000,319.000000</point>
				<point>55.000000,319.000000</point>
				<point>55.000000,336.000000</point>
			</points>
		</object>
		<object>
			<coordinate>pixel</coordinate>
			<type>rectangle</type>
			<description>None</description>
			<possibleresult>
				<name>Dump Truck</name>
			</possibleresult>
			<points>
				<point>69.000000,338.000000</point>
				<point>59.000000,338.000000</point>
				<point>59.000000,318.000000</point>
				<point>69.000000,318.000000</point>
				<point>69.000000,338.000000</point>
			</points>
		</object>
		<object>
			<coordinate>pixel</coordinate>
			<type>rectangle</type>
			<description>None</description>
			<possibleresult>
				<name>Dump Truck</name>
			</possibleresult>
			<points>
				<point>81.000000,315.000000</point>
				<point>79.000000,335.000000</point>
				<point>71.000000,335.000000</point>
				<point>72.000000,314.000000</point>
				<point>81.000000,315.000000</point>
			</points>
		</object>
		<object>
			<coordinate>pixel</coordinate>
			<type>rectangle</type>
			<description>None</description>
			<possibleresult>
				<name>Van</name>
			</possibleresult>
			<points>
				<point>131.000000,315.000000</point>
				<point>130.000000,333.000000</point>
				<point>120.000000,332.000000</point>
				<point>122.000000,315.000000</point>
				<point>131.000000,315.000000</point>
			</points>
		</object>
		<object>
			<coordinate>pixel</coordinate>
			<type>rectangle</type>
			<description>None</description>
			<possibleresult>
				<name>Dump Truck</name>
			</possibleresult>
			<points>
				<point>143.000000,336.000000</point>
				<point>134.000000,336.000000</point>
				<point>134.000000,316.000000</point>
				<point>143.000000,316.000000</point>
				<point>143.000000,336.000000</point>
			</points>
		</object>
		<object>
			<coordinate>pixel</coordinate>
			<type>rectangle</type>
			<description>None</description>
			<possibleresult>
				<name>Van</name>
			</possibleresult>
			<points>
				<point>218.000000,333.000000</point>
				<point>209.000000,333.000000</point>
				<point>209.000000,319.000000</point>
				<point>218.000000,319.000000</point>
				<point>218.000000,333.000000</point>
			</points>
		</object>
		<object>
			<coordinate>pixel</coordinate>
			<type>rectangle</type>
			<description>None</description>
			<possibleresult>
				<name>Small Car</name>
			</possibleresult>
			<points>
				<point>244.000000,337.000000</point>
				<point>234.000000,337.000000</point>
				<point>234.000000,319.000000</point>
				<point>244.000000,319.000000</point>
				<point>244.000000,337.000000</point>
			</points>
		</object>
		<object>
			<coordinate>pixel</coordinate>
			<type>rectangle</type>
			<description>None</description>
			<possibleresult>
				<name>Small Car</name>
			</possibleresult>
			<points>
				<point>255.000000,335.000000</point>
				<point>248.000000,335.000000</point>
				<point>248.000000,319.000000</point>
				<point>255.000000,319.000000</point>
				<point>255.000000,335.000000</point>
			</points>
		</object>
		<object>
			<coordinate>pixel</coordinate>
			<type>rectangle</type>
			<description>None</description>
			<possibleresult>
				<name>Small Car</name>
			</possibleresult>
			<points>
				<point>266.000000,334.000000</point>
				<point>258.000000,334.000000</point>
				<point>258.000000,318.000000</point>
				<point>266.000000,318.000000</point>
				<point>266.000000,334.000000</point>
			</points>
		</object>
		<object>
			<coordinate>pixel</coordinate>
			<type>rectangle</type>
			<description>None</description>
			<possibleresult>
				<name>Small Car</name>
			</possibleresult>
			<points>
				<point>352.000000,311.000000</point>
				<point>344.000000,312.000000</point>
				<point>342.000000,296.000000</point>
				<point>350.000000,295.000000</point>
				<point>352.000000,311.000000</point>
			</points>
		</object>
		<object>
			<coordinate>pixel</coordinate>
			<type>rectangle</type>
			<description>None</description>
			<possibleresult>
				<name>Small Car</name>
			</possibleresult>
			<points>
				<point>102.000000,262.000000</point>
				<point>95.000000,262.000000</point>
				<point>95.000000,247.000000</point>
				<point>102.000000,247.000000</point>
				<point>102.000000,262.000000</point>
			</points>
		</object>
		<object>
			<coordinate>pixel</coordinate>
			<type>rectangle</type>
			<description>None</description>
			<possibleresult>
				<name>Small Car</name>
			</possibleresult>
			<points>
				<point>124.000000,233.000000</point>
				<point>116.000000,233.000000</point>
				<point>116.000000,219.000000</point>
				<point>124.000000,219.000000</point>
				<point>124.000000,233.000000</point>
			</points>
		</object>
		<object>
			<coordinate>pixel</coordinate>
			<type>rectangle</type>
			<description>None</description>
			<possibleresult>
				<name>Small Car</name>
			</possibleresult>
			<points>
				<point>211.000000,30.000000</point>
				<point>192.000000,31.000000</point>
				<point>192.000000,24.000000</point>
				<point>211.000000,23.000000</point>
				<point>211.000000,30.000000</point>
			</points>
		</object>
		<object>
			<coordinate>pixel</coordinate>
			<type>rectangle</type>
			<description>None</description>
			<possibleresult>
				<name>Small Car</name>
			</possibleresult>
			<points>
				<point>349.000000,64.000000</point>
				<point>348.000000,83.000000</point>
				<point>340.000000,83.000000</point>
				<point>341.000000,64.000000</point>
				<point>349.000000,64.000000</point>
			</points>
		</object>
		<object>
			<coordinate>pixel</coordinate>
			<type>rectangle</type>
			<description>None</description>
			<possibleresult>
				<name>Small Car</name>
			</possibleresult>
			<points>
				<point>251.000000,236.000000</point>
				<point>242.000000,236.000000</point>
				<point>241.000000,220.000000</point>
				<point>250.000000,220.000000</point>
				<point>251.000000,236.000000</point>
			</points>
		</object>
		<object>
			<coordinate>pixel</coordinate>
			<type>rectangle</type>
			<description>None</description>
			<possibleresult>
				<name>Small Car</name>
			</possibleresult>
			<points>
				<point>238.000000,237.000000</point>
				<point>230.000000,237.000000</point>
				<point>230.000000,222.000000</point>
				<point>238.000000,222.000000</point>
				<point>238.000000,237.000000</point>
			</points>
		</object>
		<object>
			<coordinate>pixel</coordinate>
			<type>rectangle</type>
			<description>None</description>
			<possibleresult>
				<name>Small Car</name>
			</possibleresult>
			<points>
				<point>227.000000,220.000000</point>
				<point>226.000000,237.000000</point>
				<point>216.000000,236.000000</point>
				<point>218.000000,220.000000</point>
				<point>227.000000,220.000000</point>
			</points>
		</object>
		<object>
			<coordinate>pixel</coordinate>
			<type>rectangle</type>
			<description>None</description>
			<possibleresult>
				<name>Small Car</name>
			</possibleresult>
			<points>
				<point>214.000000,236.000000</point>
				<point>206.000000,236.000000</point>
				<point>206.000000,220.000000</point>
				<point>214.000000,220.000000</point>
				<point>214.000000,236.000000</point>
			</points>
		</object>
		<object>
			<coordinate>pixel</coordinate>
			<type>rectangle</type>
			<description>None</description>
			<possibleresult>
				<name>Van</name>
			</possibleresult>
			<points>
				<point>162.000000,237.000000</point>
				<point>153.000000,237.000000</point>
				<point>153.000000,222.000000</point>
				<point>162.000000,222.000000</point>
				<point>162.000000,237.000000</point>
			</points>
		</object>
		<object>
			<coordinate>pixel</coordinate>
			<type>rectangle</type>
			<description>None</description>
			<possibleresult>
				<name>Small Car</name>
			</possibleresult>
			<points>
				<point>150.000000,220.000000</point>
				<point>149.000000,236.000000</point>
				<point>141.000000,236.000000</point>
				<point>142.000000,219.000000</point>
				<point>150.000000,220.000000</point>
			</points>
		</object>
		<object>
			<coordinate>pixel</coordinate>
			<type>rectangle</type>
			<description>None</description>
			<possibleresult>
				<name>Van</name>
			</possibleresult>
			<points>
				<point>63.000000,511.000000</point>
				<point>43.000000,513.000000</point>
				<point>42.000000,506.000000</point>
				<point>63.000000,505.000000</point>
				<point>63.000000,511.000000</point>
			</points>
		</object>
		<object>
			<coordinate>pixel</coordinate>
			<type>rectangle</type>
			<description>None</description>
			<possibleresult>
				<name>Van</name>
			</possibleresult>
			<points>
				<point>60.000000,516.000000</point>
				<point>59.000000,523.000000</point>
				<point>39.000000,522.000000</point>
				<point>40.000000,515.000000</point>
				<point>60.000000,516.000000</point>
			</points>
		</object>
		<object>
			<coordinate>pixel</coordinate>
			<type>rectangle</type>
			<description>None</description>
			<possibleresult>
				<name>Van</name>
			</possibleresult>
			<points>
				<point>915.000000,286.000000</point>
				<point>900.000000,286.000000</point>
				<point>900.000000,280.000000</point>
				<point>915.000000,280.000000</point>
				<point>915.000000,286.000000</point>
			</points>
		</object>
	</objects>
</annotation>