<?xml version="1.0" encoding="utf-8"?>
<annotation>
	<source>
		<filename>88.tif</filename>
		<origin>GF2/GF3</origin>
	</source>
	<research>
		<version>1.0</version>
		<provider>FAIR1M</provider>
		<author>Cyber</author>
		<pluginname>FAIR1M</pluginname>
		<pluginclass>object detection</pluginclass>
		<time>2021-07-21</time>
	</research>
	<size>
		<width>1000</width>
		<height>1000</height>
		<depth>3</depth>
	</size>
	<objects>
		<object>
			<coordinate>pixel</coordinate>
			<type>rectangle</type>
			<description>None</description>
			<possibleresult>
				<name>Intersection</name>
			</possibleresult>
			<points>
				<point>635.000000,691.000000</point>
				<point>587.000000,691.000000</point>
				<point>587.000000,647.000000</point>
				<point>635.000000,647.000000</point>
				<point>635.000000,691.000000</point>
			</points>
		</object>
		<object>
			<coordinate>pixel</coordinate>
			<type>rectangle</type>
			<description>None</description>
			<possibleresult>
				<name>Van</name>
			</possibleresult>
			<points>
				<point>998.000000,974.000000</point>
				<point>990.000000,974.000000</point>
				<point>990.000000,966.000000</point>
				<point>998.000000,966.000000</point>
				<point>998.000000,974.000000</point>
			</points>
		</object>
		<object>
			<coordinate>pixel</coordinate>
			<type>rectangle</type>
			<description>None</description>
			<possibleresult>
				<name>Small Car</name>
			</possibleresult>
			<points>
				<point>989.000000,973.000000</point>
				<point>969.000000,973.000000</point>
				<point>969.000000,966.000000</point>
				<point>989.000000,966.000000</point>
				<point>989.000000,973.000000</point>
			</points>
		</object>
		<object>
			<coordinate>pixel</coordinate>
			<type>rectangle</type>
			<description>None</description>
			<possibleresult>
				<name>Dump Truck</name>
			</possibleresult>
			<points>
				<point>946.000000,56.000000</point>
				<point>936.000000,56.000000</point>
				<point>936.000000,36.000000</point>
				<point>946.000000,36.000000</point>
				<point>946.000000,56.000000</point>
			</points>
		</object>
		<object>
			<coordinate>pixel</coordinate>
			<type>rectangle</type>
			<description>None</description>
			<possibleresult>
				<name>Small Car</name>
			</possibleresult>
			<points>
				<point>899.000000,74.000000</point>
				<point>879.000000,74.000000</point>
				<point>879.000000,67.000000</point>
				<point>899.000000,67.000000</point>
				<point>899.000000,74.000000</point>
			</points>
		</object>
		<object>
			<coordinate>pixel</coordinate>
			<type>rectangle</type>
			<description>None</description>
			<possibleresult>
				<name>Van</name>
			</possibleresult>
			<points>
				<point>753.000000,31.000000</point>
				<point>743.000000,31.000000</point>
				<point>743.000000,13.000000</point>
				<point>753.000000,13.000000</point>
				<point>753.000000,31.000000</point>
			</points>
		</object>
		<object>
			<coordinate>pixel</coordinate>
			<type>rectangle</type>
			<description>None</description>
			<possibleresult>
				<name>Van</name>
			</possibleresult>
			<points>
				<point>332.000000,11.000000</point>
				<point>328.000000,21.000000</point>
				<point>321.000000,19.000000</point>
				<point>325.000000,9.000000</point>
				<point>332.000000,11.000000</point>
			</points>
		</object>
		<object>
			<coordinate>pixel</coordinate>
			<type>rectangle</type>
			<description>None</description>
			<possibleresult>
				<name>Van</name>
			</possibleresult>
			<points>
				<point>357.000000,49.000000</point>
				<point>356.000000,56.000000</point>
				<point>335.000000,53.000000</point>
				<point>336.000000,46.000000</point>
				<point>357.000000,49.000000</point>
			</points>
		</object>
		<object>
			<coordinate>pixel</coordinate>
			<type>rectangle</type>
			<description>None</description>
			<possibleresult>
				<name>Van</name>
			</possibleresult>
			<points>
				<point>110.000000,0.000000</point>
				<point>107.000000,8.000000</point>
				<point>87.000000,2.000000</point>
				<point>87.000000,0.000000</point>
				<point>110.000000,0.000000</point>
			</points>
		</object>
		<object>
			<coordinate>pixel</coordinate>
			<type>rectangle</type>
			<description>None</description>
			<possibleresult>
				<name>Van</name>
			</possibleresult>
			<points>
				<point>924.000000,553.000000</point>
				<point>903.000000,553.000000</point>
				<point>903.000000,546.000000</point>
				<point>924.000000,546.000000</point>
				<point>924.000000,553.000000</point>
			</points>
		</object>
		<object>
			<coordinate>pixel</coordinate>
			<type>rectangle</type>
			<description>None</description>
			<possibleresult>
				<name>Van</name>
			</possibleresult>
			<points>
				<point>857.000000,277.000000</point>
				<point>847.000000,282.000000</point>
				<point>844.000000,276.000000</point>
				<point>854.000000,271.000000</point>
				<point>857.000000,277.000000</point>
			</points>
		</object>
		<object>
			<coordinate>pixel</coordinate>
			<type>rectangle</type>
			<description>None</description>
			<possibleresult>
				<name>Small Car</name>
			</possibleresult>
			<points>
				<point>689.000000,882.000000</point>
				<point>666.000000,884.000000</point>
				<point>665.000000,877.000000</point>
				<point>689.000000,876.000000</point>
				<point>689.000000,882.000000</point>
			</points>
		</object>
		<object>
			<coordinate>pixel</coordinate>
			<type>rectangle</type>
			<description>None</description>
			<possibleresult>
				<name>Van</name>
			</possibleresult>
			<points>
				<point>605.000000,625.000000</point>
				<point>600.000000,642.000000</point>
				<point>592.000000,640.000000</point>
				<point>596.000000,622.000000</point>
				<point>605.000000,625.000000</point>
			</points>
		</object>
		<object>
			<coordinate>pixel</coordinate>
			<type>rectangle</type>
			<description>None</description>
			<possibleresult>
				<name>Small Car</name>
			</possibleresult>
			<points>
				<point>414.000000,647.000000</point>
				<point>404.000000,647.000000</point>
				<point>404.000000,628.000000</point>
				<point>414.000000,628.000000</point>
				<point>414.000000,647.000000</point>
			</points>
		</object>
		<object>
			<coordinate>pixel</coordinate>
			<type>rectangle</type>
			<description>None</description>
			<possibleresult>
				<name>Van</name>
			</possibleresult>
			<points>
				<point>693.000000,749.000000</point>
				<point>677.000000,749.000000</point>
				<point>677.000000,742.000000</point>
				<point>693.000000,742.000000</point>
				<point>693.000000,749.000000</point>
			</points>
		</object>
		<object>
			<coordinate>pixel</coordinate>
			<type>rectangle</type>
			<description>None</description>
			<possibleresult>
				<name>Small Car</name>
			</possibleresult>
			<points>
				<point>673.000000,750.000000</point>
				<point>647.000000,750.000000</point>
				<point>647.000000,742.000000</point>
				<point>673.000000,742.000000</point>
				<point>673.000000,750.000000</point>
			</points>
		</object>
		<object>
			<coordinate>pixel</coordinate>
			<type>rectangle</type>
			<description>None</description>
			<possibleresult>
				<name>Small Car</name>
			</possibleresult>
			<points>
				<point>594.000000,886.000000</point>
				<point>585.000000,886.000000</point>
				<point>584.000000,869.000000</point>
				<point>592.000000,868.000000</point>
				<point>594.000000,886.000000</point>
			</points>
		</object>
		<object>
			<coordinate>pixel</coordinate>
			<type>rectangle</type>
			<description>None</description>
			<possibleresult>
				<name>Dump Truck</name>
			</possibleresult>
			<points>
				<point>597.000000,934.000000</point>
				<point>588.000000,934.000000</point>
				<point>587.000000,913.000000</point>
				<point>595.000000,912.000000</point>
				<point>597.000000,934.000000</point>
			</points>
		</object>
		<object>
			<coordinate>pixel</coordinate>
			<type>rectangle</type>
			<description>None</description>
			<possibleresult>
				<name>Dump Truck</name>
			</possibleresult>
			<points>
				<point>597.000000,959.000000</point>
				<point>587.000000,959.000000</point>
				<point>587.000000,937.000000</point>
				<point>597.000000,937.000000</point>
				<point>597.000000,959.000000</point>
			</points>
		</object>
		<object>
			<coordinate>pixel</coordinate>
			<type>rectangle</type>
			<description>None</description>
			<possibleresult>
				<name>Small Car</name>
			</possibleresult>
			<points>
				<point>633.000000,941.000000</point>
				<point>625.000000,941.000000</point>
				<point>625.000000,926.000000</point>
				<point>633.000000,926.000000</point>
				<point>633.000000,941.000000</point>
			</points>
		</object>
		<object>
			<coordinate>pixel</coordinate>
			<type>rectangle</type>
			<description>None</description>
			<possibleresult>
				<name>Van</name>
			</possibleresult>
			<points>
				<point>165.000000,706.000000</point>
				<point>163.000000,721.000000</point>
				<point>155.000000,721.000000</point>
				<point>156.000000,705.000000</point>
				<point>165.000000,706.000000</point>
			</points>
		</object>
		<object>
			<coordinate>pixel</coordinate>
			<type>rectangle</type>
			<description>None</description>
			<possibleresult>
				<name>Van</name>
			</possibleresult>
			<points>
				<point>165.000000,855.000000</point>
				<point>156.000000,855.000000</point>
				<point>156.000000,840.000000</point>
				<point>165.000000,840.000000</point>
				<point>165.000000,855.000000</point>
			</points>
		</object>
		<object>
			<coordinate>pixel</coordinate>
			<type>rectangle</type>
			<description>None</description>
			<possibleresult>
				<name>Small Car</name>
			</possibleresult>
			<points>
				<point>164.000000,945.000000</point>
				<point>155.000000,945.000000</point>
				<point>155.000000,927.000000</point>
				<point>164.000000,927.000000</point>
				<point>164.000000,945.000000</point>
			</points>
		</object>
		<object>
			<coordinate>pixel</coordinate>
			<type>rectangle</type>
			<description>None</description>
			<possibleresult>
				<name>Dump Truck</name>
			</possibleresult>
			<points>
				<point>205.000000,957.000000</point>
				<point>193.000000,957.000000</point>
				<point>193.000000,936.000000</point>
				<point>205.000000,936.000000</point>
				<point>205.000000,957.000000</point>
			</points>
		</object>
		<object>
			<coordinate>pixel</coordinate>
			<type>rectangle</type>
			<description>None</description>
			<possibleresult>
				<name>Small Car</name>
			</possibleresult>
			<points>
				<point>202.000000,971.000000</point>
				<point>193.000000,971.000000</point>
				<point>193.000000,955.000000</point>
				<point>202.000000,955.000000</point>
				<point>202.000000,971.000000</point>
			</points>
		</object>
		<object>
			<coordinate>pixel</coordinate>
			<type>rectangle</type>
			<description>None</description>
			<possibleresult>
				<name>Van</name>
			</possibleresult>
			<points>
				<point>167.000000,1000.000000</point>
				<point>158.000000,1000.000000</point>
				<point>158.000000,993.000000</point>
				<point>167.000000,993.000000</point>
				<point>167.000000,1000.000000</point>
			</points>
		</object>
	</objects>
</annotation>