<?xml version="1.0" encoding="utf-8"?>
<annotation>
	<source>
		<filename>888.tif</filename>
		<origin>GF2/GF3</origin>
	</source>
	<research>
		<version>1.0</version>
		<provider>FAIR1M</provider>
		<author>Cyber</author>
		<pluginname>FAIR1M</pluginname>
		<pluginclass>object detection</pluginclass>
		<time>2021-07-21</time>
	</research>
	<size>
		<width>1000</width>
		<height>1000</height>
		<depth>3</depth>
	</size>
	<objects>
		<object>
			<coordinate>pixel</coordinate>
			<type>rectangle</type>
			<description>None</description>
			<possibleresult>
				<name>Small Car</name>
			</possibleresult>
			<points>
				<point>1000.000000,986.000000</point>
				<point>997.000000,986.000000</point>
				<point>999.000000,970.000000</point>
				<point>1002.000000,970.000000</point>
				<point>1000.000000,986.000000</point>
			</points>
		</object>
		<object>
			<coordinate>pixel</coordinate>
			<type>rectangle</type>
			<description>None</description>
			<possibleresult>
				<name>Small Car</name>
			</possibleresult>
			<points>
				<point>997.000000,969.000000</point>
				<point>995.000000,988.000000</point>
				<point>986.000000,988.000000</point>
				<point>988.000000,969.000000</point>
				<point>997.000000,969.000000</point>
			</points>
		</object>
		<object>
			<coordinate>pixel</coordinate>
			<type>rectangle</type>
			<description>None</description>
			<possibleresult>
				<name>Cargo Truck</name>
			</possibleresult>
			<points>
				<point>977.000000,964.000000</point>
				<point>974.000000,989.000000</point>
				<point>963.000000,987.000000</point>
				<point>967.000000,963.000000</point>
				<point>977.000000,964.000000</point>
			</points>
		</object>
		<object>
			<coordinate>pixel</coordinate>
			<type>rectangle</type>
			<description>None</description>
			<possibleresult>
				<name>Small Car</name>
			</possibleresult>
			<points>
				<point>962.000000,967.000000</point>
				<point>958.000000,985.000000</point>
				<point>949.000000,983.000000</point>
				<point>953.000000,965.000000</point>
				<point>962.000000,967.000000</point>
			</points>
		</object>
		<object>
			<coordinate>pixel</coordinate>
			<type>rectangle</type>
			<description>None</description>
			<possibleresult>
				<name>Van</name>
			</possibleresult>
			<points>
				<point>968.000000,946.000000</point>
				<point>965.000000,964.000000</point>
				<point>954.000000,962.000000</point>
				<point>957.000000,944.000000</point>
				<point>968.000000,946.000000</point>
			</points>
		</object>
		<object>
			<coordinate>pixel</coordinate>
			<type>rectangle</type>
			<description>None</description>
			<possibleresult>
				<name>Small Car</name>
			</possibleresult>
			<points>
				<point>951.000000,964.000000</point>
				<point>948.000000,982.000000</point>
				<point>938.000000,980.000000</point>
				<point>942.000000,963.000000</point>
				<point>951.000000,964.000000</point>
			</points>
		</object>
		<object>
			<coordinate>pixel</coordinate>
			<type>rectangle</type>
			<description>None</description>
			<possibleresult>
				<name>Van</name>
			</possibleresult>
			<points>
				<point>940.000000,965.000000</point>
				<point>937.000000,982.000000</point>
				<point>926.000000,980.000000</point>
				<point>930.000000,962.000000</point>
				<point>940.000000,965.000000</point>
			</points>
		</object>
		<object>
			<coordinate>pixel</coordinate>
			<type>rectangle</type>
			<description>None</description>
			<possibleresult>
				<name>Van</name>
			</possibleresult>
			<points>
				<point>952.000000,881.000000</point>
				<point>950.000000,897.000000</point>
				<point>942.000000,897.000000</point>
				<point>943.000000,880.000000</point>
				<point>952.000000,881.000000</point>
			</points>
		</object>
		<object>
			<coordinate>pixel</coordinate>
			<type>rectangle</type>
			<description>None</description>
			<possibleresult>
				<name>Small Car</name>
			</possibleresult>
			<points>
				<point>966.000000,880.000000</point>
				<point>963.000000,898.000000</point>
				<point>953.000000,896.000000</point>
				<point>957.000000,879.000000</point>
				<point>966.000000,880.000000</point>
			</points>
		</object>
		<object>
			<coordinate>pixel</coordinate>
			<type>rectangle</type>
			<description>None</description>
			<possibleresult>
				<name>Small Car</name>
			</possibleresult>
			<points>
				<point>985.000000,908.000000</point>
				<point>982.000000,923.000000</point>
				<point>973.000000,922.000000</point>
				<point>975.000000,906.000000</point>
				<point>985.000000,908.000000</point>
			</points>
		</object>
		<object>
			<coordinate>pixel</coordinate>
			<type>rectangle</type>
			<description>None</description>
			<possibleresult>
				<name>Small Car</name>
			</possibleresult>
			<points>
				<point>962.000000,903.000000</point>
				<point>959.000000,921.000000</point>
				<point>950.000000,920.000000</point>
				<point>953.000000,902.000000</point>
				<point>962.000000,903.000000</point>
			</points>
		</object>
		<object>
			<coordinate>pixel</coordinate>
			<type>rectangle</type>
			<description>None</description>
			<possibleresult>
				<name>Van</name>
			</possibleresult>
			<points>
				<point>711.000000,986.000000</point>
				<point>709.000000,1000.000000</point>
				<point>700.000000,1000.000000</point>
				<point>702.000000,984.000000</point>
				<point>711.000000,986.000000</point>
			</points>
		</object>
		<object>
			<coordinate>pixel</coordinate>
			<type>rectangle</type>
			<description>None</description>
			<possibleresult>
				<name>Small Car</name>
			</possibleresult>
			<points>
				<point>700.000000,984.000000</point>
				<point>697.000000,1000.000000</point>
				<point>687.000000,1000.000000</point>
				<point>690.000000,982.000000</point>
				<point>700.000000,984.000000</point>
			</points>
		</object>
		<object>
			<coordinate>pixel</coordinate>
			<type>rectangle</type>
			<description>None</description>
			<possibleresult>
				<name>Small Car</name>
			</possibleresult>
			<points>
				<point>687.000000,984.000000</point>
				<point>684.000000,1000.000000</point>
				<point>674.000000,998.000000</point>
				<point>677.000000,982.000000</point>
				<point>687.000000,984.000000</point>
			</points>
		</object>
		<object>
			<coordinate>pixel</coordinate>
			<type>rectangle</type>
			<description>None</description>
			<possibleresult>
				<name>Small Car</name>
			</possibleresult>
			<points>
				<point>676.000000,982.000000</point>
				<point>675.000000,1000.000000</point>
				<point>665.000000,1000.000000</point>
				<point>666.000000,981.000000</point>
				<point>676.000000,982.000000</point>
			</points>
		</object>
		<object>
			<coordinate>pixel</coordinate>
			<type>rectangle</type>
			<description>None</description>
			<possibleresult>
				<name>Van</name>
			</possibleresult>
			<points>
				<point>665.000000,982.000000</point>
				<point>662.000000,999.000000</point>
				<point>653.000000,998.000000</point>
				<point>657.000000,980.000000</point>
				<point>665.000000,982.000000</point>
			</points>
		</object>
		<object>
			<coordinate>pixel</coordinate>
			<type>rectangle</type>
			<description>None</description>
			<possibleresult>
				<name>Small Car</name>
			</possibleresult>
			<points>
				<point>654.000000,981.000000</point>
				<point>650.000000,997.000000</point>
				<point>640.000000,995.000000</point>
				<point>643.000000,978.000000</point>
				<point>654.000000,981.000000</point>
			</points>
		</object>
		<object>
			<coordinate>pixel</coordinate>
			<type>rectangle</type>
			<description>None</description>
			<possibleresult>
				<name>Small Car</name>
			</possibleresult>
			<points>
				<point>874.000000,959.000000</point>
				<point>873.000000,977.000000</point>
				<point>862.000000,976.000000</point>
				<point>864.000000,959.000000</point>
				<point>874.000000,959.000000</point>
			</points>
		</object>
		<object>
			<coordinate>pixel</coordinate>
			<type>rectangle</type>
			<description>None</description>
			<possibleresult>
				<name>Small Car</name>
			</possibleresult>
			<points>
				<point>891.000000,938.000000</point>
				<point>888.000000,957.000000</point>
				<point>877.000000,955.000000</point>
				<point>881.000000,937.000000</point>
				<point>891.000000,938.000000</point>
			</points>
		</object>
		<object>
			<coordinate>pixel</coordinate>
			<type>rectangle</type>
			<description>None</description>
			<possibleresult>
				<name>Van</name>
			</possibleresult>
			<points>
				<point>878.000000,941.000000</point>
				<point>876.000000,959.000000</point>
				<point>865.000000,958.000000</point>
				<point>867.000000,940.000000</point>
				<point>878.000000,941.000000</point>
			</points>
		</object>
		<object>
			<coordinate>pixel</coordinate>
			<type>rectangle</type>
			<description>None</description>
			<possibleresult>
				<name>Van</name>
			</possibleresult>
			<points>
				<point>862.000000,974.000000</point>
				<point>854.000000,974.000000</point>
				<point>853.000000,957.000000</point>
				<point>861.000000,957.000000</point>
				<point>862.000000,974.000000</point>
			</points>
		</object>
		<object>
			<coordinate>pixel</coordinate>
			<type>rectangle</type>
			<description>None</description>
			<possibleresult>
				<name>Van</name>
			</possibleresult>
			<points>
				<point>851.000000,957.000000</point>
				<point>848.000000,972.000000</point>
				<point>840.000000,971.000000</point>
				<point>842.000000,955.000000</point>
				<point>851.000000,957.000000</point>
			</points>
		</object>
		<object>
			<coordinate>pixel</coordinate>
			<type>rectangle</type>
			<description>None</description>
			<possibleresult>
				<name>Van</name>
			</possibleresult>
			<points>
				<point>838.000000,968.000000</point>
				<point>828.000000,968.000000</point>
				<point>828.000000,953.000000</point>
				<point>838.000000,953.000000</point>
				<point>838.000000,968.000000</point>
			</points>
		</object>
		<object>
			<coordinate>pixel</coordinate>
			<type>rectangle</type>
			<description>None</description>
			<possibleresult>
				<name>Small Car</name>
			</possibleresult>
			<points>
				<point>865.000000,937.000000</point>
				<point>862.000000,953.000000</point>
				<point>854.000000,952.000000</point>
				<point>857.000000,936.000000</point>
				<point>865.000000,937.000000</point>
			</points>
		</object>
		<object>
			<coordinate>pixel</coordinate>
			<type>rectangle</type>
			<description>None</description>
			<possibleresult>
				<name>Small Car</name>
			</possibleresult>
			<points>
				<point>854.000000,937.000000</point>
				<point>852.000000,954.000000</point>
				<point>843.000000,954.000000</point>
				<point>844.000000,936.000000</point>
				<point>854.000000,937.000000</point>
			</points>
		</object>
		<object>
			<coordinate>pixel</coordinate>
			<type>rectangle</type>
			<description>None</description>
			<possibleresult>
				<name>Van</name>
			</possibleresult>
			<points>
				<point>842.000000,950.000000</point>
				<point>831.000000,950.000000</point>
				<point>831.000000,934.000000</point>
				<point>842.000000,934.000000</point>
				<point>842.000000,950.000000</point>
			</points>
		</object>
		<object>
			<coordinate>pixel</coordinate>
			<type>rectangle</type>
			<description>None</description>
			<possibleresult>
				<name>Small Car</name>
			</possibleresult>
			<points>
				<point>830.000000,937.000000</point>
				<point>829.000000,952.000000</point>
				<point>819.000000,951.000000</point>
				<point>820.000000,936.000000</point>
				<point>830.000000,937.000000</point>
			</points>
		</object>
		<object>
			<coordinate>pixel</coordinate>
			<type>rectangle</type>
			<description>None</description>
			<possibleresult>
				<name>Small Car</name>
			</possibleresult>
			<points>
				<point>818.000000,933.000000</point>
				<point>817.000000,949.000000</point>
				<point>808.000000,948.000000</point>
				<point>810.000000,933.000000</point>
				<point>818.000000,933.000000</point>
			</points>
		</object>
		<object>
			<coordinate>pixel</coordinate>
			<type>rectangle</type>
			<description>None</description>
			<possibleresult>
				<name>Small Car</name>
			</possibleresult>
			<points>
				<point>807.000000,932.000000</point>
				<point>806.000000,949.000000</point>
				<point>795.000000,948.000000</point>
				<point>797.000000,932.000000</point>
				<point>807.000000,932.000000</point>
			</points>
		</object>
		<object>
			<coordinate>pixel</coordinate>
			<type>rectangle</type>
			<description>None</description>
			<possibleresult>
				<name>Small Car</name>
			</possibleresult>
			<points>
				<point>797.000000,931.000000</point>
				<point>794.000000,950.000000</point>
				<point>784.000000,949.000000</point>
				<point>786.000000,929.000000</point>
				<point>797.000000,931.000000</point>
			</points>
		</object>
		<object>
			<coordinate>pixel</coordinate>
			<type>rectangle</type>
			<description>None</description>
			<possibleresult>
				<name>Small Car</name>
			</possibleresult>
			<points>
				<point>783.000000,930.000000</point>
				<point>782.000000,948.000000</point>
				<point>772.000000,947.000000</point>
				<point>773.000000,929.000000</point>
				<point>783.000000,930.000000</point>
			</points>
		</object>
		<object>
			<coordinate>pixel</coordinate>
			<type>rectangle</type>
			<description>None</description>
			<possibleresult>
				<name>Small Car</name>
			</possibleresult>
			<points>
				<point>827.000000,952.000000</point>
				<point>824.000000,969.000000</point>
				<point>815.000000,967.000000</point>
				<point>818.000000,950.000000</point>
				<point>827.000000,952.000000</point>
			</points>
		</object>
		<object>
			<coordinate>pixel</coordinate>
			<type>rectangle</type>
			<description>None</description>
			<possibleresult>
				<name>Small Car</name>
			</possibleresult>
			<points>
				<point>885.000000,958.000000</point>
				<point>884.000000,974.000000</point>
				<point>875.000000,974.000000</point>
				<point>876.000000,958.000000</point>
				<point>885.000000,958.000000</point>
			</points>
		</object>
		<object>
			<coordinate>pixel</coordinate>
			<type>rectangle</type>
			<description>None</description>
			<possibleresult>
				<name>Small Car</name>
			</possibleresult>
			<points>
				<point>753.000000,946.000000</point>
				<point>750.000000,963.000000</point>
				<point>740.000000,961.000000</point>
				<point>743.000000,944.000000</point>
				<point>753.000000,946.000000</point>
			</points>
		</object>
		<object>
			<coordinate>pixel</coordinate>
			<type>rectangle</type>
			<description>None</description>
			<possibleresult>
				<name>Small Car</name>
			</possibleresult>
			<points>
				<point>740.000000,946.000000</point>
				<point>737.000000,961.000000</point>
				<point>730.000000,960.000000</point>
				<point>732.000000,944.000000</point>
				<point>740.000000,946.000000</point>
			</points>
		</object>
		<object>
			<coordinate>pixel</coordinate>
			<type>rectangle</type>
			<description>None</description>
			<possibleresult>
				<name>Van</name>
			</possibleresult>
			<points>
				<point>757.000000,927.000000</point>
				<point>756.000000,945.000000</point>
				<point>745.000000,944.000000</point>
				<point>746.000000,926.000000</point>
				<point>757.000000,927.000000</point>
			</points>
		</object>
		<object>
			<coordinate>pixel</coordinate>
			<type>rectangle</type>
			<description>None</description>
			<possibleresult>
				<name>Small Car</name>
			</possibleresult>
			<points>
				<point>744.000000,927.000000</point>
				<point>742.000000,944.000000</point>
				<point>732.000000,943.000000</point>
				<point>735.000000,925.000000</point>
				<point>744.000000,927.000000</point>
			</points>
		</object>
		<object>
			<coordinate>pixel</coordinate>
			<type>rectangle</type>
			<description>None</description>
			<possibleresult>
				<name>Small Car</name>
			</possibleresult>
			<points>
				<point>734.000000,924.000000</point>
				<point>731.000000,941.000000</point>
				<point>722.000000,940.000000</point>
				<point>725.000000,923.000000</point>
				<point>734.000000,924.000000</point>
			</points>
		</object>
		<object>
			<coordinate>pixel</coordinate>
			<type>rectangle</type>
			<description>None</description>
			<possibleresult>
				<name>Van</name>
			</possibleresult>
			<points>
				<point>721.000000,926.000000</point>
				<point>718.000000,942.000000</point>
				<point>708.000000,940.000000</point>
				<point>711.000000,924.000000</point>
				<point>721.000000,926.000000</point>
			</points>
		</object>
		<object>
			<coordinate>pixel</coordinate>
			<type>rectangle</type>
			<description>None</description>
			<possibleresult>
				<name>Small Car</name>
			</possibleresult>
			<points>
				<point>730.000000,944.000000</point>
				<point>728.000000,962.000000</point>
				<point>719.000000,961.000000</point>
				<point>721.000000,943.000000</point>
				<point>730.000000,944.000000</point>
			</points>
		</object>
		<object>
			<coordinate>pixel</coordinate>
			<type>rectangle</type>
			<description>None</description>
			<possibleresult>
				<name>Small Car</name>
			</possibleresult>
			<points>
				<point>718.000000,943.000000</point>
				<point>717.000000,960.000000</point>
				<point>705.000000,958.000000</point>
				<point>707.000000,941.000000</point>
				<point>718.000000,943.000000</point>
			</points>
		</object>
		<object>
			<coordinate>pixel</coordinate>
			<type>rectangle</type>
			<description>None</description>
			<possibleresult>
				<name>Small Car</name>
			</possibleresult>
			<points>
				<point>710.000000,923.000000</point>
				<point>708.000000,940.000000</point>
				<point>700.000000,940.000000</point>
				<point>702.000000,923.000000</point>
				<point>710.000000,923.000000</point>
			</points>
		</object>
		<object>
			<coordinate>pixel</coordinate>
			<type>rectangle</type>
			<description>None</description>
			<possibleresult>
				<name>Van</name>
			</possibleresult>
			<points>
				<point>686.000000,920.000000</point>
				<point>684.000000,938.000000</point>
				<point>674.000000,936.000000</point>
				<point>677.000000,919.000000</point>
				<point>686.000000,920.000000</point>
			</points>
		</object>
		<object>
			<coordinate>pixel</coordinate>
			<type>rectangle</type>
			<description>None</description>
			<possibleresult>
				<name>Van</name>
			</possibleresult>
			<points>
				<point>675.000000,919.000000</point>
				<point>672.000000,936.000000</point>
				<point>663.000000,935.000000</point>
				<point>666.000000,918.000000</point>
				<point>675.000000,919.000000</point>
			</points>
		</object>
		<object>
			<coordinate>pixel</coordinate>
			<type>rectangle</type>
			<description>None</description>
			<possibleresult>
				<name>Small Car</name>
			</possibleresult>
			<points>
				<point>662.000000,918.000000</point>
				<point>660.000000,936.000000</point>
				<point>651.000000,935.000000</point>
				<point>653.000000,917.000000</point>
				<point>662.000000,918.000000</point>
			</points>
		</object>
		<object>
			<coordinate>pixel</coordinate>
			<type>rectangle</type>
			<description>None</description>
			<possibleresult>
				<name>Small Car</name>
			</possibleresult>
			<points>
				<point>706.000000,940.000000</point>
				<point>703.000000,958.000000</point>
				<point>695.000000,957.000000</point>
				<point>697.000000,940.000000</point>
				<point>706.000000,940.000000</point>
			</points>
		</object>
		<object>
			<coordinate>pixel</coordinate>
			<type>rectangle</type>
			<description>None</description>
			<possibleresult>
				<name>Small Car</name>
			</possibleresult>
			<points>
				<point>697.000000,942.000000</point>
				<point>693.000000,958.000000</point>
				<point>684.000000,957.000000</point>
				<point>687.000000,940.000000</point>
				<point>697.000000,942.000000</point>
			</points>
		</object>
		<object>
			<coordinate>pixel</coordinate>
			<type>rectangle</type>
			<description>None</description>
			<possibleresult>
				<name>Van</name>
			</possibleresult>
			<points>
				<point>683.000000,939.000000</point>
				<point>682.000000,956.000000</point>
				<point>671.000000,955.000000</point>
				<point>673.000000,939.000000</point>
				<point>683.000000,939.000000</point>
			</points>
		</object>
		<object>
			<coordinate>pixel</coordinate>
			<type>rectangle</type>
			<description>None</description>
			<possibleresult>
				<name>Small Car</name>
			</possibleresult>
			<points>
				<point>671.000000,936.000000</point>
				<point>669.000000,953.000000</point>
				<point>660.000000,952.000000</point>
				<point>662.000000,935.000000</point>
				<point>671.000000,936.000000</point>
			</points>
		</object>
		<object>
			<coordinate>pixel</coordinate>
			<type>rectangle</type>
			<description>None</description>
			<possibleresult>
				<name>Van</name>
			</possibleresult>
			<points>
				<point>660.000000,936.000000</point>
				<point>656.000000,956.000000</point>
				<point>645.000000,953.000000</point>
				<point>649.000000,933.000000</point>
				<point>660.000000,936.000000</point>
			</points>
		</object>
		<object>
			<coordinate>pixel</coordinate>
			<type>rectangle</type>
			<description>None</description>
			<possibleresult>
				<name>Small Car</name>
			</possibleresult>
			<points>
				<point>647.000000,938.000000</point>
				<point>644.000000,955.000000</point>
				<point>634.000000,953.000000</point>
				<point>636.000000,937.000000</point>
				<point>647.000000,938.000000</point>
			</points>
		</object>
		<object>
			<coordinate>pixel</coordinate>
			<type>rectangle</type>
			<description>None</description>
			<possibleresult>
				<name>Van</name>
			</possibleresult>
			<points>
				<point>634.000000,951.000000</point>
				<point>625.000000,951.000000</point>
				<point>625.000000,934.000000</point>
				<point>634.000000,934.000000</point>
				<point>634.000000,951.000000</point>
			</points>
		</object>
		<object>
			<coordinate>pixel</coordinate>
			<type>rectangle</type>
			<description>None</description>
			<possibleresult>
				<name>Van</name>
			</possibleresult>
			<points>
				<point>622.000000,932.000000</point>
				<point>620.000000,947.000000</point>
				<point>612.000000,946.000000</point>
				<point>614.000000,931.000000</point>
				<point>622.000000,932.000000</point>
			</points>
		</object>
		<object>
			<coordinate>pixel</coordinate>
			<type>rectangle</type>
			<description>None</description>
			<possibleresult>
				<name>Small Car</name>
			</possibleresult>
			<points>
				<point>611.000000,929.000000</point>
				<point>609.000000,948.000000</point>
				<point>600.000000,948.000000</point>
				<point>602.000000,929.000000</point>
				<point>611.000000,929.000000</point>
			</points>
		</object>
		<object>
			<coordinate>pixel</coordinate>
			<type>rectangle</type>
			<description>None</description>
			<possibleresult>
				<name>Small Car</name>
			</possibleresult>
			<points>
				<point>598.000000,929.000000</point>
				<point>597.000000,945.000000</point>
				<point>587.000000,945.000000</point>
				<point>588.000000,929.000000</point>
				<point>598.000000,929.000000</point>
			</points>
		</object>
		<object>
			<coordinate>pixel</coordinate>
			<type>rectangle</type>
			<description>None</description>
			<possibleresult>
				<name>Small Car</name>
			</possibleresult>
			<points>
				<point>587.000000,930.000000</point>
				<point>584.000000,945.000000</point>
				<point>574.000000,943.000000</point>
				<point>577.000000,928.000000</point>
				<point>587.000000,930.000000</point>
			</points>
		</object>
		<object>
			<coordinate>pixel</coordinate>
			<type>rectangle</type>
			<description>None</description>
			<possibleresult>
				<name>Small Car</name>
			</possibleresult>
			<points>
				<point>575.000000,928.000000</point>
				<point>571.000000,947.000000</point>
				<point>564.000000,946.000000</point>
				<point>567.000000,926.000000</point>
				<point>575.000000,928.000000</point>
			</points>
		</object>
		<object>
			<coordinate>pixel</coordinate>
			<type>rectangle</type>
			<description>None</description>
			<possibleresult>
				<name>Van</name>
			</possibleresult>
			<points>
				<point>564.000000,926.000000</point>
				<point>562.000000,944.000000</point>
				<point>553.000000,944.000000</point>
				<point>554.000000,925.000000</point>
				<point>564.000000,926.000000</point>
			</points>
		</object>
		<object>
			<coordinate>pixel</coordinate>
			<type>rectangle</type>
			<description>None</description>
			<possibleresult>
				<name>Van</name>
			</possibleresult>
			<points>
				<point>552.000000,926.000000</point>
				<point>551.000000,943.000000</point>
				<point>540.000000,942.000000</point>
				<point>542.000000,926.000000</point>
				<point>552.000000,926.000000</point>
			</points>
		</object>
		<object>
			<coordinate>pixel</coordinate>
			<type>rectangle</type>
			<description>None</description>
			<possibleresult>
				<name>Small Car</name>
			</possibleresult>
			<points>
				<point>578.000000,910.000000</point>
				<point>576.000000,928.000000</point>
				<point>566.000000,927.000000</point>
				<point>569.000000,908.000000</point>
				<point>578.000000,910.000000</point>
			</points>
		</object>
		<object>
			<coordinate>pixel</coordinate>
			<type>rectangle</type>
			<description>None</description>
			<possibleresult>
				<name>Small Car</name>
			</possibleresult>
			<points>
				<point>568.000000,992.000000</point>
				<point>558.000000,992.000000</point>
				<point>558.000000,974.000000</point>
				<point>568.000000,974.000000</point>
				<point>568.000000,992.000000</point>
			</points>
		</object>
		<object>
			<coordinate>pixel</coordinate>
			<type>rectangle</type>
			<description>None</description>
			<possibleresult>
				<name>Small Car</name>
			</possibleresult>
			<points>
				<point>534.000000,986.000000</point>
				<point>523.000000,986.000000</point>
				<point>523.000000,968.000000</point>
				<point>534.000000,968.000000</point>
				<point>534.000000,986.000000</point>
			</points>
		</object>
		<object>
			<coordinate>pixel</coordinate>
			<type>rectangle</type>
			<description>None</description>
			<possibleresult>
				<name>Small Car</name>
			</possibleresult>
			<points>
				<point>642.000000,980.000000</point>
				<point>638.000000,997.000000</point>
				<point>626.000000,994.000000</point>
				<point>630.000000,977.000000</point>
				<point>642.000000,980.000000</point>
			</points>
		</object>
		<object>
			<coordinate>pixel</coordinate>
			<type>rectangle</type>
			<description>None</description>
			<possibleresult>
				<name>Dump Truck</name>
			</possibleresult>
			<points>
				<point>897.000000,895.000000</point>
				<point>895.000000,917.000000</point>
				<point>885.000000,916.000000</point>
				<point>888.000000,895.000000</point>
				<point>897.000000,895.000000</point>
			</points>
		</object>
		<object>
			<coordinate>pixel</coordinate>
			<type>rectangle</type>
			<description>None</description>
			<possibleresult>
				<name>Small Car</name>
			</possibleresult>
			<points>
				<point>901.000000,877.000000</point>
				<point>898.000000,896.000000</point>
				<point>887.000000,894.000000</point>
				<point>890.000000,875.000000</point>
				<point>901.000000,877.000000</point>
			</points>
		</object>
		<object>
			<coordinate>pixel</coordinate>
			<type>rectangle</type>
			<description>None</description>
			<possibleresult>
				<name>Small Car</name>
			</possibleresult>
			<points>
				<point>885.000000,894.000000</point>
				<point>882.000000,910.000000</point>
				<point>873.000000,908.000000</point>
				<point>876.000000,892.000000</point>
				<point>885.000000,894.000000</point>
			</points>
		</object>
		<object>
			<coordinate>pixel</coordinate>
			<type>rectangle</type>
			<description>None</description>
			<possibleresult>
				<name>Small Car</name>
			</possibleresult>
			<points>
				<point>873.000000,893.000000</point>
				<point>870.000000,910.000000</point>
				<point>862.000000,909.000000</point>
				<point>864.000000,891.000000</point>
				<point>873.000000,893.000000</point>
			</points>
		</object>
		<object>
			<coordinate>pixel</coordinate>
			<type>rectangle</type>
			<description>None</description>
			<possibleresult>
				<name>Small Car</name>
			</possibleresult>
			<points>
				<point>861.000000,891.000000</point>
				<point>858.000000,907.000000</point>
				<point>850.000000,905.000000</point>
				<point>853.000000,889.000000</point>
				<point>861.000000,891.000000</point>
			</points>
		</object>
		<object>
			<coordinate>pixel</coordinate>
			<type>rectangle</type>
			<description>None</description>
			<possibleresult>
				<name>Small Car</name>
			</possibleresult>
			<points>
				<point>878.000000,877.000000</point>
				<point>874.000000,893.000000</point>
				<point>866.000000,891.000000</point>
				<point>870.000000,875.000000</point>
				<point>878.000000,877.000000</point>
			</points>
		</object>
		<object>
			<coordinate>pixel</coordinate>
			<type>rectangle</type>
			<description>None</description>
			<possibleresult>
				<name>Small Car</name>
			</possibleresult>
			<points>
				<point>839.000000,892.000000</point>
				<point>838.000000,909.000000</point>
				<point>828.000000,908.000000</point>
				<point>830.000000,892.000000</point>
				<point>839.000000,892.000000</point>
			</points>
		</object>
		<object>
			<coordinate>pixel</coordinate>
			<type>rectangle</type>
			<description>None</description>
			<possibleresult>
				<name>Van</name>
			</possibleresult>
			<points>
				<point>852.000000,886.000000</point>
				<point>843.000000,886.000000</point>
				<point>843.000000,870.000000</point>
				<point>852.000000,870.000000</point>
				<point>852.000000,886.000000</point>
			</points>
		</object>
		<object>
			<coordinate>pixel</coordinate>
			<type>rectangle</type>
			<description>None</description>
			<possibleresult>
				<name>Small Car</name>
			</possibleresult>
			<points>
				<point>817.000000,868.000000</point>
				<point>814.000000,886.000000</point>
				<point>806.000000,884.000000</point>
				<point>808.000000,867.000000</point>
				<point>817.000000,868.000000</point>
			</points>
		</object>
		<object>
			<coordinate>pixel</coordinate>
			<type>rectangle</type>
			<description>None</description>
			<possibleresult>
				<name>Small Car</name>
			</possibleresult>
			<points>
				<point>805.000000,868.000000</point>
				<point>803.000000,884.000000</point>
				<point>795.000000,884.000000</point>
				<point>796.000000,867.000000</point>
				<point>805.000000,868.000000</point>
			</points>
		</object>
		<object>
			<coordinate>pixel</coordinate>
			<type>rectangle</type>
			<description>None</description>
			<possibleresult>
				<name>Small Car</name>
			</possibleresult>
			<points>
				<point>794.000000,867.000000</point>
				<point>791.000000,883.000000</point>
				<point>783.000000,882.000000</point>
				<point>785.000000,865.000000</point>
				<point>794.000000,867.000000</point>
			</points>
		</object>
		<object>
			<coordinate>pixel</coordinate>
			<type>rectangle</type>
			<description>None</description>
			<possibleresult>
				<name>Small Car</name>
			</possibleresult>
			<points>
				<point>803.000000,886.000000</point>
				<point>800.000000,903.000000</point>
				<point>792.000000,902.000000</point>
				<point>794.000000,884.000000</point>
				<point>803.000000,886.000000</point>
			</points>
		</object>
		<object>
			<coordinate>pixel</coordinate>
			<type>rectangle</type>
			<description>None</description>
			<possibleresult>
				<name>Small Car</name>
			</possibleresult>
			<points>
				<point>827.000000,888.000000</point>
				<point>823.000000,906.000000</point>
				<point>815.000000,905.000000</point>
				<point>818.000000,886.000000</point>
				<point>827.000000,888.000000</point>
			</points>
		</object>
		<object>
			<coordinate>pixel</coordinate>
			<type>rectangle</type>
			<description>None</description>
			<possibleresult>
				<name>Small Car</name>
			</possibleresult>
			<points>
				<point>814.000000,888.000000</point>
				<point>813.000000,902.000000</point>
				<point>803.000000,901.000000</point>
				<point>804.000000,887.000000</point>
				<point>814.000000,888.000000</point>
			</points>
		</object>
		<object>
			<coordinate>pixel</coordinate>
			<type>rectangle</type>
			<description>None</description>
			<possibleresult>
				<name>Van</name>
			</possibleresult>
			<points>
				<point>792.000000,887.000000</point>
				<point>789.000000,902.000000</point>
				<point>781.000000,901.000000</point>
				<point>783.000000,885.000000</point>
				<point>792.000000,887.000000</point>
			</points>
		</object>
		<object>
			<coordinate>pixel</coordinate>
			<type>rectangle</type>
			<description>None</description>
			<possibleresult>
				<name>Van</name>
			</possibleresult>
			<points>
				<point>766.000000,864.000000</point>
				<point>763.000000,881.000000</point>
				<point>754.000000,879.000000</point>
				<point>757.000000,862.000000</point>
				<point>766.000000,864.000000</point>
			</points>
		</object>
		<object>
			<coordinate>pixel</coordinate>
			<type>rectangle</type>
			<description>None</description>
			<possibleresult>
				<name>Van</name>
			</possibleresult>
			<points>
				<point>813.000000,822.000000</point>
				<point>810.000000,837.000000</point>
				<point>802.000000,836.000000</point>
				<point>804.000000,820.000000</point>
				<point>813.000000,822.000000</point>
			</points>
		</object>
		<object>
			<coordinate>pixel</coordinate>
			<type>rectangle</type>
			<description>None</description>
			<possibleresult>
				<name>Small Car</name>
			</possibleresult>
			<points>
				<point>763.000000,884.000000</point>
				<point>762.000000,899.000000</point>
				<point>752.000000,898.000000</point>
				<point>753.000000,883.000000</point>
				<point>763.000000,884.000000</point>
			</points>
		</object>
		<object>
			<coordinate>pixel</coordinate>
			<type>rectangle</type>
			<description>None</description>
			<possibleresult>
				<name>Van</name>
			</possibleresult>
			<points>
				<point>751.000000,882.000000</point>
				<point>748.000000,900.000000</point>
				<point>738.000000,898.000000</point>
				<point>742.000000,881.000000</point>
				<point>751.000000,882.000000</point>
			</points>
		</object>
		<object>
			<coordinate>pixel</coordinate>
			<type>rectangle</type>
			<description>None</description>
			<possibleresult>
				<name>Van</name>
			</possibleresult>
			<points>
				<point>740.000000,878.000000</point>
				<point>738.000000,896.000000</point>
				<point>728.000000,894.000000</point>
				<point>730.000000,876.000000</point>
				<point>740.000000,878.000000</point>
			</points>
		</object>
		<object>
			<coordinate>pixel</coordinate>
			<type>rectangle</type>
			<description>None</description>
			<possibleresult>
				<name>Small Car</name>
			</possibleresult>
			<points>
				<point>729.000000,880.000000</point>
				<point>726.000000,895.000000</point>
				<point>718.000000,894.000000</point>
				<point>720.000000,878.000000</point>
				<point>729.000000,880.000000</point>
			</points>
		</object>
		<object>
			<coordinate>pixel</coordinate>
			<type>rectangle</type>
			<description>None</description>
			<possibleresult>
				<name>Van</name>
			</possibleresult>
			<points>
				<point>731.000000,860.000000</point>
				<point>730.000000,876.000000</point>
				<point>719.000000,875.000000</point>
				<point>721.000000,860.000000</point>
				<point>731.000000,860.000000</point>
			</points>
		</object>
		<object>
			<coordinate>pixel</coordinate>
			<type>rectangle</type>
			<description>None</description>
			<possibleresult>
				<name>Van</name>
			</possibleresult>
			<points>
				<point>716.000000,878.000000</point>
				<point>712.000000,897.000000</point>
				<point>701.000000,894.000000</point>
				<point>706.000000,876.000000</point>
				<point>716.000000,878.000000</point>
			</points>
		</object>
		<object>
			<coordinate>pixel</coordinate>
			<type>rectangle</type>
			<description>None</description>
			<possibleresult>
				<name>Small Car</name>
			</possibleresult>
			<points>
				<point>693.000000,876.000000</point>
				<point>691.000000,891.000000</point>
				<point>683.000000,891.000000</point>
				<point>684.000000,875.000000</point>
				<point>693.000000,876.000000</point>
			</points>
		</object>
		<object>
			<coordinate>pixel</coordinate>
			<type>rectangle</type>
			<description>None</description>
			<possibleresult>
				<name>Small Car</name>
			</possibleresult>
			<points>
				<point>681.000000,874.000000</point>
				<point>679.000000,893.000000</point>
				<point>667.000000,891.000000</point>
				<point>669.000000,872.000000</point>
				<point>681.000000,874.000000</point>
			</points>
		</object>
		<object>
			<coordinate>pixel</coordinate>
			<type>rectangle</type>
			<description>None</description>
			<possibleresult>
				<name>Small Car</name>
			</possibleresult>
			<points>
				<point>658.000000,873.000000</point>
				<point>655.000000,889.000000</point>
				<point>645.000000,888.000000</point>
				<point>647.000000,871.000000</point>
				<point>658.000000,873.000000</point>
			</points>
		</object>
		<object>
			<coordinate>pixel</coordinate>
			<type>rectangle</type>
			<description>None</description>
			<possibleresult>
				<name>Van</name>
			</possibleresult>
			<points>
				<point>584.000000,881.000000</point>
				<point>576.000000,881.000000</point>
				<point>576.000000,866.000000</point>
				<point>584.000000,866.000000</point>
				<point>584.000000,881.000000</point>
			</points>
		</object>
		<object>
			<coordinate>pixel</coordinate>
			<type>rectangle</type>
			<description>None</description>
			<possibleresult>
				<name>Van</name>
			</possibleresult>
			<points>
				<point>632.000000,822.000000</point>
				<point>623.000000,822.000000</point>
				<point>623.000000,806.000000</point>
				<point>632.000000,806.000000</point>
				<point>632.000000,822.000000</point>
			</points>
		</object>
		<object>
			<coordinate>pixel</coordinate>
			<type>rectangle</type>
			<description>None</description>
			<possibleresult>
				<name>Small Car</name>
			</possibleresult>
			<points>
				<point>571.000000,798.000000</point>
				<point>570.000000,812.000000</point>
				<point>562.000000,812.000000</point>
				<point>563.000000,798.000000</point>
				<point>571.000000,798.000000</point>
			</points>
		</object>
		<object>
			<coordinate>pixel</coordinate>
			<type>rectangle</type>
			<description>None</description>
			<possibleresult>
				<name>Van</name>
			</possibleresult>
			<points>
				<point>513.000000,822.000000</point>
				<point>512.000000,828.000000</point>
				<point>488.000000,826.000000</point>
				<point>489.000000,820.000000</point>
				<point>513.000000,822.000000</point>
			</points>
		</object>
		<object>
			<coordinate>pixel</coordinate>
			<type>rectangle</type>
			<description>None</description>
			<possibleresult>
				<name>Small Car</name>
			</possibleresult>
			<points>
				<point>509.000000,839.000000</point>
				<point>508.000000,846.000000</point>
				<point>485.000000,844.000000</point>
				<point>485.000000,836.000000</point>
				<point>509.000000,839.000000</point>
			</points>
		</object>
		<object>
			<coordinate>pixel</coordinate>
			<type>rectangle</type>
			<description>None</description>
			<possibleresult>
				<name>Van</name>
			</possibleresult>
			<points>
				<point>505.000000,864.000000</point>
				<point>504.000000,873.000000</point>
				<point>475.000000,870.000000</point>
				<point>475.000000,862.000000</point>
				<point>505.000000,864.000000</point>
			</points>
		</object>
		<object>
			<coordinate>pixel</coordinate>
			<type>rectangle</type>
			<description>None</description>
			<possibleresult>
				<name>Small Car</name>
			</possibleresult>
			<points>
				<point>907.000000,831.000000</point>
				<point>905.000000,846.000000</point>
				<point>895.000000,846.000000</point>
				<point>896.000000,830.000000</point>
				<point>907.000000,831.000000</point>
			</points>
		</object>
		<object>
			<coordinate>pixel</coordinate>
			<type>rectangle</type>
			<description>None</description>
			<possibleresult>
				<name>Small Car</name>
			</possibleresult>
			<points>
				<point>894.000000,845.000000</point>
				<point>883.000000,845.000000</point>
				<point>882.000000,828.000000</point>
				<point>893.000000,828.000000</point>
				<point>894.000000,845.000000</point>
			</points>
		</object>
		<object>
			<coordinate>pixel</coordinate>
			<type>rectangle</type>
			<description>None</description>
			<possibleresult>
				<name>Van</name>
			</possibleresult>
			<points>
				<point>871.000000,828.000000</point>
				<point>869.000000,843.000000</point>
				<point>860.000000,842.000000</point>
				<point>862.000000,827.000000</point>
				<point>871.000000,828.000000</point>
			</points>
		</object>
		<object>
			<coordinate>pixel</coordinate>
			<type>rectangle</type>
			<description>None</description>
			<possibleresult>
				<name>Small Car</name>
			</possibleresult>
			<points>
				<point>883.000000,826.000000</point>
				<point>882.000000,844.000000</point>
				<point>870.000000,844.000000</point>
				<point>871.000000,826.000000</point>
				<point>883.000000,826.000000</point>
			</points>
		</object>
		<object>
			<coordinate>pixel</coordinate>
			<type>rectangle</type>
			<description>None</description>
			<possibleresult>
				<name>Small Car</name>
			</possibleresult>
			<points>
				<point>859.000000,826.000000</point>
				<point>858.000000,842.000000</point>
				<point>847.000000,841.000000</point>
				<point>849.000000,826.000000</point>
				<point>859.000000,826.000000</point>
			</points>
		</object>
		<object>
			<coordinate>pixel</coordinate>
			<type>rectangle</type>
			<description>None</description>
			<possibleresult>
				<name>Small Car</name>
			</possibleresult>
			<points>
				<point>773.000000,817.000000</point>
				<point>770.000000,836.000000</point>
				<point>761.000000,835.000000</point>
				<point>763.000000,815.000000</point>
				<point>773.000000,817.000000</point>
			</points>
		</object>
		<object>
			<coordinate>pixel</coordinate>
			<type>rectangle</type>
			<description>None</description>
			<possibleresult>
				<name>Small Car</name>
			</possibleresult>
			<points>
				<point>749.000000,817.000000</point>
				<point>748.000000,834.000000</point>
				<point>738.000000,833.000000</point>
				<point>740.000000,817.000000</point>
				<point>749.000000,817.000000</point>
			</points>
		</object>
		<object>
			<coordinate>pixel</coordinate>
			<type>rectangle</type>
			<description>None</description>
			<possibleresult>
				<name>Small Car</name>
			</possibleresult>
			<points>
				<point>761.000000,818.000000</point>
				<point>758.000000,835.000000</point>
				<point>750.000000,834.000000</point>
				<point>752.000000,816.000000</point>
				<point>761.000000,818.000000</point>
			</points>
		</object>
		<object>
			<coordinate>pixel</coordinate>
			<type>rectangle</type>
			<description>None</description>
			<possibleresult>
				<name>Small Car</name>
			</possibleresult>
			<points>
				<point>739.000000,816.000000</point>
				<point>736.000000,833.000000</point>
				<point>725.000000,831.000000</point>
				<point>728.000000,814.000000</point>
				<point>739.000000,816.000000</point>
			</points>
		</object>
		<object>
			<coordinate>pixel</coordinate>
			<type>rectangle</type>
			<description>None</description>
			<possibleresult>
				<name>Small Car</name>
			</possibleresult>
			<points>
				<point>702.000000,814.000000</point>
				<point>700.000000,828.000000</point>
				<point>688.000000,828.000000</point>
				<point>689.000000,813.000000</point>
				<point>702.000000,814.000000</point>
			</points>
		</object>
		<object>
			<coordinate>pixel</coordinate>
			<type>rectangle</type>
			<description>None</description>
			<possibleresult>
				<name>Van</name>
			</possibleresult>
			<points>
				<point>905.000000,42.000000</point>
				<point>904.000000,49.000000</point>
				<point>886.000000,47.000000</point>
				<point>886.000000,39.000000</point>
				<point>905.000000,42.000000</point>
			</points>
		</object>
		<object>
			<coordinate>pixel</coordinate>
			<type>rectangle</type>
			<description>None</description>
			<possibleresult>
				<name>Small Car</name>
			</possibleresult>
			<points>
				<point>669.000000,19.000000</point>
				<point>668.000000,26.000000</point>
				<point>649.000000,25.000000</point>
				<point>649.000000,17.000000</point>
				<point>669.000000,19.000000</point>
			</points>
		</object>
		<object>
			<coordinate>pixel</coordinate>
			<type>rectangle</type>
			<description>None</description>
			<possibleresult>
				<name>Small Car</name>
			</possibleresult>
			<points>
				<point>589.000000,101.000000</point>
				<point>588.000000,120.000000</point>
				<point>579.000000,119.000000</point>
				<point>580.000000,100.000000</point>
				<point>589.000000,101.000000</point>
			</points>
		</object>
		<object>
			<coordinate>pixel</coordinate>
			<type>rectangle</type>
			<description>None</description>
			<possibleresult>
				<name>Van</name>
			</possibleresult>
			<points>
				<point>704.000000,219.000000</point>
				<point>685.000000,219.000000</point>
				<point>685.000000,212.000000</point>
				<point>704.000000,212.000000</point>
				<point>704.000000,219.000000</point>
			</points>
		</object>
		<object>
			<coordinate>pixel</coordinate>
			<type>rectangle</type>
			<description>None</description>
			<possibleresult>
				<name>Van</name>
			</possibleresult>
			<points>
				<point>756.000000,169.000000</point>
				<point>751.000000,175.000000</point>
				<point>736.000000,162.000000</point>
				<point>741.000000,156.000000</point>
				<point>756.000000,169.000000</point>
			</points>
		</object>
		<object>
			<coordinate>pixel</coordinate>
			<type>rectangle</type>
			<description>None</description>
			<possibleresult>
				<name>Van</name>
			</possibleresult>
			<points>
				<point>757.000000,157.000000</point>
				<point>753.000000,162.000000</point>
				<point>742.000000,152.000000</point>
				<point>747.000000,148.000000</point>
				<point>757.000000,157.000000</point>
			</points>
		</object>
		<object>
			<coordinate>pixel</coordinate>
			<type>rectangle</type>
			<description>None</description>
			<possibleresult>
				<name>Small Car</name>
			</possibleresult>
			<points>
				<point>750.000000,240.000000</point>
				<point>749.000000,248.000000</point>
				<point>727.000000,245.000000</point>
				<point>728.000000,237.000000</point>
				<point>750.000000,240.000000</point>
			</points>
		</object>
		<object>
			<coordinate>pixel</coordinate>
			<type>rectangle</type>
			<description>None</description>
			<possibleresult>
				<name>Van</name>
			</possibleresult>
			<points>
				<point>701.000000,242.000000</point>
				<point>701.000000,249.000000</point>
				<point>680.000000,247.000000</point>
				<point>681.000000,241.000000</point>
				<point>701.000000,242.000000</point>
			</points>
		</object>
		<object>
			<coordinate>pixel</coordinate>
			<type>rectangle</type>
			<description>None</description>
			<possibleresult>
				<name>Small Car</name>
			</possibleresult>
			<points>
				<point>752.000000,204.000000</point>
				<point>747.000000,211.000000</point>
				<point>732.000000,202.000000</point>
				<point>736.000000,194.000000</point>
				<point>752.000000,204.000000</point>
			</points>
		</object>
		<object>
			<coordinate>pixel</coordinate>
			<type>rectangle</type>
			<description>None</description>
			<possibleresult>
				<name>Small Car</name>
			</possibleresult>
			<points>
				<point>742.000000,335.000000</point>
				<point>739.000000,341.000000</point>
				<point>723.000000,331.000000</point>
				<point>727.000000,326.000000</point>
				<point>742.000000,335.000000</point>
			</points>
		</object>
		<object>
			<coordinate>pixel</coordinate>
			<type>rectangle</type>
			<description>None</description>
			<possibleresult>
				<name>Van</name>
			</possibleresult>
			<points>
				<point>851.000000,263.000000</point>
				<point>850.000000,278.000000</point>
				<point>840.000000,277.000000</point>
				<point>842.000000,263.000000</point>
				<point>851.000000,263.000000</point>
			</points>
		</object>
		<object>
			<coordinate>pixel</coordinate>
			<type>rectangle</type>
			<description>None</description>
			<possibleresult>
				<name>Small Car</name>
			</possibleresult>
			<points>
				<point>864.000000,194.000000</point>
				<point>862.000000,214.000000</point>
				<point>853.000000,213.000000</point>
				<point>855.000000,193.000000</point>
				<point>864.000000,194.000000</point>
			</points>
		</object>
		<object>
			<coordinate>pixel</coordinate>
			<type>rectangle</type>
			<description>None</description>
			<possibleresult>
				<name>Small Car</name>
			</possibleresult>
			<points>
				<point>867.000000,176.000000</point>
				<point>866.000000,193.000000</point>
				<point>856.000000,192.000000</point>
				<point>857.000000,175.000000</point>
				<point>867.000000,176.000000</point>
			</points>
		</object>
		<object>
			<coordinate>pixel</coordinate>
			<type>rectangle</type>
			<description>None</description>
			<possibleresult>
				<name>Small Car</name>
			</possibleresult>
			<points>
				<point>889.000000,201.000000</point>
				<point>886.000000,219.000000</point>
				<point>878.000000,218.000000</point>
				<point>880.000000,201.000000</point>
				<point>889.000000,201.000000</point>
			</points>
		</object>
		<object>
			<coordinate>pixel</coordinate>
			<type>rectangle</type>
			<description>None</description>
			<possibleresult>
				<name>Small Car</name>
			</possibleresult>
			<points>
				<point>855.000000,245.000000</point>
				<point>853.000000,262.000000</point>
				<point>843.000000,261.000000</point>
				<point>845.000000,244.000000</point>
				<point>855.000000,245.000000</point>
			</points>
		</object>
		<object>
			<coordinate>pixel</coordinate>
			<type>rectangle</type>
			<description>None</description>
			<possibleresult>
				<name>Small Car</name>
			</possibleresult>
			<points>
				<point>900.000000,139.000000</point>
				<point>896.000000,157.000000</point>
				<point>887.000000,156.000000</point>
				<point>890.000000,137.000000</point>
				<point>900.000000,139.000000</point>
			</points>
		</object>
		<object>
			<coordinate>pixel</coordinate>
			<type>rectangle</type>
			<description>None</description>
			<possibleresult>
				<name>Small Car</name>
			</possibleresult>
			<points>
				<point>870.000000,154.000000</point>
				<point>867.000000,171.000000</point>
				<point>858.000000,169.000000</point>
				<point>861.000000,152.000000</point>
				<point>870.000000,154.000000</point>
			</points>
		</object>
		<object>
			<coordinate>pixel</coordinate>
			<type>rectangle</type>
			<description>None</description>
			<possibleresult>
				<name>Van</name>
			</possibleresult>
			<points>
				<point>997.000000,212.000000</point>
				<point>993.000000,229.000000</point>
				<point>984.000000,226.000000</point>
				<point>988.000000,209.000000</point>
				<point>997.000000,212.000000</point>
			</points>
		</object>
		<object>
			<coordinate>pixel</coordinate>
			<type>rectangle</type>
			<description>None</description>
			<possibleresult>
				<name>Small Car</name>
			</possibleresult>
			<points>
				<point>989.000000,305.000000</point>
				<point>986.000000,323.000000</point>
				<point>978.000000,322.000000</point>
				<point>981.000000,304.000000</point>
				<point>989.000000,305.000000</point>
			</points>
		</object>
		<object>
			<coordinate>pixel</coordinate>
			<type>rectangle</type>
			<description>None</description>
			<possibleresult>
				<name>Small Car</name>
			</possibleresult>
			<points>
				<point>979.000000,374.000000</point>
				<point>975.000000,393.000000</point>
				<point>967.000000,392.000000</point>
				<point>970.000000,372.000000</point>
				<point>979.000000,374.000000</point>
			</points>
		</object>
		<object>
			<coordinate>pixel</coordinate>
			<type>rectangle</type>
			<description>None</description>
			<possibleresult>
				<name>Small Car</name>
			</possibleresult>
			<points>
				<point>957.000000,391.000000</point>
				<point>956.000000,408.000000</point>
				<point>947.000000,408.000000</point>
				<point>948.000000,391.000000</point>
				<point>957.000000,391.000000</point>
			</points>
		</object>
		<object>
			<coordinate>pixel</coordinate>
			<type>rectangle</type>
			<description>None</description>
			<possibleresult>
				<name>Small Car</name>
			</possibleresult>
			<points>
				<point>936.000000,614.000000</point>
				<point>935.000000,621.000000</point>
				<point>912.000000,618.000000</point>
				<point>913.000000,611.000000</point>
				<point>936.000000,614.000000</point>
			</points>
		</object>
		<object>
			<coordinate>pixel</coordinate>
			<type>rectangle</type>
			<description>None</description>
			<possibleresult>
				<name>Small Car</name>
			</possibleresult>
			<points>
				<point>815.000000,641.000000</point>
				<point>813.000000,659.000000</point>
				<point>804.000000,658.000000</point>
				<point>806.000000,640.000000</point>
				<point>815.000000,641.000000</point>
			</points>
		</object>
		<object>
			<coordinate>pixel</coordinate>
			<type>rectangle</type>
			<description>None</description>
			<possibleresult>
				<name>Small Car</name>
			</possibleresult>
			<points>
				<point>779.000000,694.000000</point>
				<point>777.000000,711.000000</point>
				<point>768.000000,710.000000</point>
				<point>771.000000,692.000000</point>
				<point>779.000000,694.000000</point>
			</points>
		</object>
		<object>
			<coordinate>pixel</coordinate>
			<type>rectangle</type>
			<description>None</description>
			<possibleresult>
				<name>Small Car</name>
			</possibleresult>
			<points>
				<point>603.000000,695.000000</point>
				<point>600.000000,710.000000</point>
				<point>591.000000,709.000000</point>
				<point>594.000000,694.000000</point>
				<point>603.000000,695.000000</point>
			</points>
		</object>
		<object>
			<coordinate>pixel</coordinate>
			<type>rectangle</type>
			<description>None</description>
			<possibleresult>
				<name>Van</name>
			</possibleresult>
			<points>
				<point>692.000000,615.000000</point>
				<point>692.000000,623.000000</point>
				<point>671.000000,620.000000</point>
				<point>672.000000,613.000000</point>
				<point>692.000000,615.000000</point>
			</points>
		</object>
		<object>
			<coordinate>pixel</coordinate>
			<type>rectangle</type>
			<description>None</description>
			<possibleresult>
				<name>Small Car</name>
			</possibleresult>
			<points>
				<point>687.000000,624.000000</point>
				<point>687.000000,630.000000</point>
				<point>664.000000,629.000000</point>
				<point>665.000000,622.000000</point>
				<point>687.000000,624.000000</point>
			</points>
		</object>
		<object>
			<coordinate>pixel</coordinate>
			<type>rectangle</type>
			<description>None</description>
			<possibleresult>
				<name>Van</name>
			</possibleresult>
			<points>
				<point>699.000000,593.000000</point>
				<point>678.000000,593.000000</point>
				<point>678.000000,586.000000</point>
				<point>699.000000,586.000000</point>
				<point>699.000000,593.000000</point>
			</points>
		</object>
		<object>
			<coordinate>pixel</coordinate>
			<type>rectangle</type>
			<description>None</description>
			<possibleresult>
				<name>Small Car</name>
			</possibleresult>
			<points>
				<point>809.000000,529.000000</point>
				<point>806.000000,546.000000</point>
				<point>797.000000,545.000000</point>
				<point>799.000000,527.000000</point>
				<point>809.000000,529.000000</point>
			</points>
		</object>
		<object>
			<coordinate>pixel</coordinate>
			<type>rectangle</type>
			<description>None</description>
			<possibleresult>
				<name>Van</name>
			</possibleresult>
			<points>
				<point>714.000000,486.000000</point>
				<point>714.000000,493.000000</point>
				<point>690.000000,491.000000</point>
				<point>691.000000,485.000000</point>
				<point>714.000000,486.000000</point>
			</points>
		</object>
		<object>
			<coordinate>pixel</coordinate>
			<type>rectangle</type>
			<description>None</description>
			<possibleresult>
				<name>Small Car</name>
			</possibleresult>
			<points>
				<point>714.000000,470.000000</point>
				<point>713.000000,478.000000</point>
				<point>691.000000,477.000000</point>
				<point>692.000000,469.000000</point>
				<point>714.000000,470.000000</point>
			</points>
		</object>
		<object>
			<coordinate>pixel</coordinate>
			<type>rectangle</type>
			<description>None</description>
			<possibleresult>
				<name>Small Car</name>
			</possibleresult>
			<points>
				<point>711.000000,510.000000</point>
				<point>686.000000,511.000000</point>
				<point>685.000000,505.000000</point>
				<point>711.000000,503.000000</point>
				<point>711.000000,510.000000</point>
			</points>
		</object>
		<object>
			<coordinate>pixel</coordinate>
			<type>rectangle</type>
			<description>None</description>
			<possibleresult>
				<name>Van</name>
			</possibleresult>
			<points>
				<point>709.000000,521.000000</point>
				<point>689.000000,521.000000</point>
				<point>689.000000,513.000000</point>
				<point>709.000000,513.000000</point>
				<point>709.000000,521.000000</point>
			</points>
		</object>
		<object>
			<coordinate>pixel</coordinate>
			<type>rectangle</type>
			<description>None</description>
			<possibleresult>
				<name>Van</name>
			</possibleresult>
			<points>
				<point>645.000000,549.000000</point>
				<point>645.000000,556.000000</point>
				<point>626.000000,554.000000</point>
				<point>627.000000,548.000000</point>
				<point>645.000000,549.000000</point>
			</points>
		</object>
		<object>
			<coordinate>pixel</coordinate>
			<type>rectangle</type>
			<description>None</description>
			<possibleresult>
				<name>Small Car</name>
			</possibleresult>
			<points>
				<point>647.000000,558.000000</point>
				<point>646.000000,566.000000</point>
				<point>626.000000,565.000000</point>
				<point>626.000000,556.000000</point>
				<point>647.000000,558.000000</point>
			</points>
		</object>
		<object>
			<coordinate>pixel</coordinate>
			<type>rectangle</type>
			<description>None</description>
			<possibleresult>
				<name>Small Car</name>
			</possibleresult>
			<points>
				<point>831.000000,402.000000</point>
				<point>828.000000,421.000000</point>
				<point>816.000000,419.000000</point>
				<point>819.000000,400.000000</point>
				<point>831.000000,402.000000</point>
			</points>
		</object>
		<object>
			<coordinate>pixel</coordinate>
			<type>rectangle</type>
			<description>None</description>
			<possibleresult>
				<name>Small Car</name>
			</possibleresult>
			<points>
				<point>868.000000,321.000000</point>
				<point>867.000000,340.000000</point>
				<point>856.000000,340.000000</point>
				<point>857.000000,321.000000</point>
				<point>868.000000,321.000000</point>
			</points>
		</object>
		<object>
			<coordinate>pixel</coordinate>
			<type>rectangle</type>
			<description>None</description>
			<possibleresult>
				<name>Small Car</name>
			</possibleresult>
			<points>
				<point>847.000000,302.000000</point>
				<point>846.000000,319.000000</point>
				<point>835.000000,318.000000</point>
				<point>836.000000,301.000000</point>
				<point>847.000000,302.000000</point>
			</points>
		</object>
		<object>
			<coordinate>pixel</coordinate>
			<type>rectangle</type>
			<description>None</description>
			<possibleresult>
				<name>Van</name>
			</possibleresult>
			<points>
				<point>465.000000,729.000000</point>
				<point>464.000000,744.000000</point>
				<point>454.000000,744.000000</point>
				<point>455.000000,729.000000</point>
				<point>465.000000,729.000000</point>
			</points>
		</object>
		<object>
			<coordinate>pixel</coordinate>
			<type>rectangle</type>
			<description>None</description>
			<possibleresult>
				<name>Van</name>
			</possibleresult>
			<points>
				<point>510.000000,465.000000</point>
				<point>506.000000,485.000000</point>
				<point>496.000000,483.000000</point>
				<point>500.000000,463.000000</point>
				<point>510.000000,465.000000</point>
			</points>
		</object>
		<object>
			<coordinate>pixel</coordinate>
			<type>rectangle</type>
			<description>None</description>
			<possibleresult>
				<name>Van</name>
			</possibleresult>
			<points>
				<point>518.000000,531.000000</point>
				<point>517.000000,546.000000</point>
				<point>508.000000,545.000000</point>
				<point>509.000000,530.000000</point>
				<point>518.000000,531.000000</point>
			</points>
		</object>
		<object>
			<coordinate>pixel</coordinate>
			<type>rectangle</type>
			<description>None</description>
			<possibleresult>
				<name>Small Car</name>
			</possibleresult>
			<points>
				<point>504.000000,628.000000</point>
				<point>493.000000,628.000000</point>
				<point>493.000000,607.000000</point>
				<point>504.000000,607.000000</point>
				<point>504.000000,628.000000</point>
			</points>
		</object>
		<object>
			<coordinate>pixel</coordinate>
			<type>rectangle</type>
			<description>None</description>
			<possibleresult>
				<name>Van</name>
			</possibleresult>
			<points>
				<point>538.000000,416.000000</point>
				<point>534.000000,439.000000</point>
				<point>522.000000,438.000000</point>
				<point>527.000000,414.000000</point>
				<point>538.000000,416.000000</point>
			</points>
		</object>
		<object>
			<coordinate>pixel</coordinate>
			<type>rectangle</type>
			<description>None</description>
			<possibleresult>
				<name>Van</name>
			</possibleresult>
			<points>
				<point>534.000000,317.000000</point>
				<point>531.000000,339.000000</point>
				<point>520.000000,338.000000</point>
				<point>523.000000,316.000000</point>
				<point>534.000000,317.000000</point>
			</points>
		</object>
		<object>
			<coordinate>pixel</coordinate>
			<type>rectangle</type>
			<description>None</description>
			<possibleresult>
				<name>Small Car</name>
			</possibleresult>
			<points>
				<point>476.000000,328.000000</point>
				<point>473.000000,346.000000</point>
				<point>464.000000,345.000000</point>
				<point>468.000000,326.000000</point>
				<point>476.000000,328.000000</point>
			</points>
		</object>
		<object>
			<coordinate>pixel</coordinate>
			<type>rectangle</type>
			<description>None</description>
			<possibleresult>
				<name>Small Car</name>
			</possibleresult>
			<points>
				<point>505.000000,259.000000</point>
				<point>503.000000,273.000000</point>
				<point>493.000000,271.000000</point>
				<point>495.000000,257.000000</point>
				<point>505.000000,259.000000</point>
			</points>
		</object>
		<object>
			<coordinate>pixel</coordinate>
			<type>rectangle</type>
			<description>None</description>
			<possibleresult>
				<name>Small Car</name>
			</possibleresult>
			<points>
				<point>559.000000,263.000000</point>
				<point>556.000000,283.000000</point>
				<point>545.000000,281.000000</point>
				<point>549.000000,262.000000</point>
				<point>559.000000,263.000000</point>
			</points>
		</object>
		<object>
			<coordinate>pixel</coordinate>
			<type>rectangle</type>
			<description>None</description>
			<possibleresult>
				<name>Van</name>
			</possibleresult>
			<points>
				<point>554.000000,288.000000</point>
				<point>551.000000,305.000000</point>
				<point>543.000000,304.000000</point>
				<point>546.000000,287.000000</point>
				<point>554.000000,288.000000</point>
			</points>
		</object>
		<object>
			<coordinate>pixel</coordinate>
			<type>rectangle</type>
			<description>None</description>
			<possibleresult>
				<name>Small Car</name>
			</possibleresult>
			<points>
				<point>333.000000,977.000000</point>
				<point>325.000000,979.000000</point>
				<point>319.000000,962.000000</point>
				<point>327.000000,960.000000</point>
				<point>333.000000,977.000000</point>
			</points>
		</object>
		<object>
			<coordinate>pixel</coordinate>
			<type>rectangle</type>
			<description>None</description>
			<possibleresult>
				<name>Small Car</name>
			</possibleresult>
			<points>
				<point>339.000000,926.000000</point>
				<point>329.000000,938.000000</point>
				<point>323.000000,933.000000</point>
				<point>333.000000,921.000000</point>
				<point>339.000000,926.000000</point>
			</points>
		</object>
		<object>
			<coordinate>pixel</coordinate>
			<type>rectangle</type>
			<description>None</description>
			<possibleresult>
				<name>Van</name>
			</possibleresult>
			<points>
				<point>320.000000,975.000000</point>
				<point>314.000000,977.000000</point>
				<point>308.000000,962.000000</point>
				<point>315.000000,959.000000</point>
				<point>320.000000,975.000000</point>
			</points>
		</object>
		<object>
			<coordinate>pixel</coordinate>
			<type>rectangle</type>
			<description>None</description>
			<possibleresult>
				<name>Small Car</name>
			</possibleresult>
			<points>
				<point>307.000000,972.000000</point>
				<point>298.000000,975.000000</point>
				<point>293.000000,959.000000</point>
				<point>303.000000,957.000000</point>
				<point>307.000000,972.000000</point>
			</points>
		</object>
		<object>
			<coordinate>pixel</coordinate>
			<type>rectangle</type>
			<description>None</description>
			<possibleresult>
				<name>Small Car</name>
			</possibleresult>
			<points>
				<point>293.000000,971.000000</point>
				<point>285.000000,973.000000</point>
				<point>281.000000,957.000000</point>
				<point>290.000000,956.000000</point>
				<point>293.000000,971.000000</point>
			</points>
		</object>
		<object>
			<coordinate>pixel</coordinate>
			<type>rectangle</type>
			<description>None</description>
			<possibleresult>
				<name>Small Car</name>
			</possibleresult>
			<points>
				<point>284.000000,971.000000</point>
				<point>275.000000,974.000000</point>
				<point>268.000000,955.000000</point>
				<point>277.000000,952.000000</point>
				<point>284.000000,971.000000</point>
			</points>
		</object>
		<object>
			<coordinate>pixel</coordinate>
			<type>rectangle</type>
			<description>None</description>
			<possibleresult>
				<name>Small Car</name>
			</possibleresult>
			<points>
				<point>270.000000,967.000000</point>
				<point>262.000000,972.000000</point>
				<point>254.000000,955.000000</point>
				<point>262.000000,950.000000</point>
				<point>270.000000,967.000000</point>
			</points>
		</object>
		<object>
			<coordinate>pixel</coordinate>
			<type>rectangle</type>
			<description>None</description>
			<possibleresult>
				<name>Small Car</name>
			</possibleresult>
			<points>
				<point>258.000000,970.000000</point>
				<point>249.000000,973.000000</point>
				<point>242.000000,955.000000</point>
				<point>251.000000,952.000000</point>
				<point>258.000000,970.000000</point>
			</points>
		</object>
		<object>
			<coordinate>pixel</coordinate>
			<type>rectangle</type>
			<description>None</description>
			<possibleresult>
				<name>Van</name>
			</possibleresult>
			<points>
				<point>245.000000,968.000000</point>
				<point>236.000000,971.000000</point>
				<point>231.000000,953.000000</point>
				<point>240.000000,950.000000</point>
				<point>245.000000,968.000000</point>
			</points>
		</object>
		<object>
			<coordinate>pixel</coordinate>
			<type>rectangle</type>
			<description>None</description>
			<possibleresult>
				<name>Small Car</name>
			</possibleresult>
			<points>
				<point>242.000000,937.000000</point>
				<point>241.000000,945.000000</point>
				<point>219.000000,942.000000</point>
				<point>220.000000,934.000000</point>
				<point>242.000000,937.000000</point>
			</points>
		</object>
		<object>
			<coordinate>pixel</coordinate>
			<type>rectangle</type>
			<description>None</description>
			<possibleresult>
				<name>Small Car</name>
			</possibleresult>
			<points>
				<point>184.000000,906.000000</point>
				<point>173.000000,923.000000</point>
				<point>165.000000,918.000000</point>
				<point>175.000000,900.000000</point>
				<point>184.000000,906.000000</point>
			</points>
		</object>
		<object>
			<coordinate>pixel</coordinate>
			<type>rectangle</type>
			<description>None</description>
			<possibleresult>
				<name>Small Car</name>
			</possibleresult>
			<points>
				<point>219.000000,911.000000</point>
				<point>209.000000,925.000000</point>
				<point>202.000000,919.000000</point>
				<point>212.000000,905.000000</point>
				<point>219.000000,911.000000</point>
			</points>
		</object>
		<object>
			<coordinate>pixel</coordinate>
			<type>rectangle</type>
			<description>None</description>
			<possibleresult>
				<name>Van</name>
			</possibleresult>
			<points>
				<point>194.000000,910.000000</point>
				<point>184.000000,923.000000</point>
				<point>176.000000,916.000000</point>
				<point>187.000000,904.000000</point>
				<point>194.000000,910.000000</point>
			</points>
		</object>
		<object>
			<coordinate>pixel</coordinate>
			<type>rectangle</type>
			<description>None</description>
			<possibleresult>
				<name>Small Car</name>
			</possibleresult>
			<points>
				<point>233.000000,966.000000</point>
				<point>225.000000,969.000000</point>
				<point>218.000000,951.000000</point>
				<point>225.000000,947.000000</point>
				<point>233.000000,966.000000</point>
			</points>
		</object>
		<object>
			<coordinate>pixel</coordinate>
			<type>rectangle</type>
			<description>None</description>
			<possibleresult>
				<name>Van</name>
			</possibleresult>
			<points>
				<point>220.000000,966.000000</point>
				<point>211.000000,968.000000</point>
				<point>205.000000,949.000000</point>
				<point>214.000000,947.000000</point>
				<point>220.000000,966.000000</point>
			</points>
		</object>
		<object>
			<coordinate>pixel</coordinate>
			<type>rectangle</type>
			<description>None</description>
			<possibleresult>
				<name>Dump Truck</name>
			</possibleresult>
			<points>
				<point>207.000000,965.000000</point>
				<point>199.000000,968.000000</point>
				<point>193.000000,951.000000</point>
				<point>201.000000,948.000000</point>
				<point>207.000000,965.000000</point>
			</points>
		</object>
		<object>
			<coordinate>pixel</coordinate>
			<type>rectangle</type>
			<description>None</description>
			<possibleresult>
				<name>Small Car</name>
			</possibleresult>
			<points>
				<point>196.000000,964.000000</point>
				<point>187.000000,966.000000</point>
				<point>182.000000,950.000000</point>
				<point>191.000000,948.000000</point>
				<point>196.000000,964.000000</point>
			</points>
		</object>
		<object>
			<coordinate>pixel</coordinate>
			<type>rectangle</type>
			<description>None</description>
			<possibleresult>
				<name>Small Car</name>
			</possibleresult>
			<points>
				<point>172.000000,961.000000</point>
				<point>162.000000,963.000000</point>
				<point>157.000000,943.000000</point>
				<point>166.000000,940.000000</point>
				<point>172.000000,961.000000</point>
			</points>
		</object>
		<object>
			<coordinate>pixel</coordinate>
			<type>rectangle</type>
			<description>None</description>
			<possibleresult>
				<name>Small Car</name>
			</possibleresult>
			<points>
				<point>185.000000,962.000000</point>
				<point>176.000000,965.000000</point>
				<point>168.000000,946.000000</point>
				<point>177.000000,943.000000</point>
				<point>185.000000,962.000000</point>
			</points>
		</object>
		<object>
			<coordinate>pixel</coordinate>
			<type>rectangle</type>
			<description>None</description>
			<possibleresult>
				<name>Small Car</name>
			</possibleresult>
			<points>
				<point>158.000000,959.000000</point>
				<point>150.000000,961.000000</point>
				<point>144.000000,942.000000</point>
				<point>152.000000,940.000000</point>
				<point>158.000000,959.000000</point>
			</points>
		</object>
		<object>
			<coordinate>pixel</coordinate>
			<type>rectangle</type>
			<description>None</description>
			<possibleresult>
				<name>Small Car</name>
			</possibleresult>
			<points>
				<point>324.000000,925.000000</point>
				<point>317.000000,937.000000</point>
				<point>308.000000,932.000000</point>
				<point>315.000000,920.000000</point>
				<point>324.000000,925.000000</point>
			</points>
		</object>
		<object>
			<coordinate>pixel</coordinate>
			<type>rectangle</type>
			<description>None</description>
			<possibleresult>
				<name>Small Car</name>
			</possibleresult>
			<points>
				<point>248.000000,912.000000</point>
				<point>240.000000,929.000000</point>
				<point>231.000000,924.000000</point>
				<point>239.000000,907.000000</point>
				<point>248.000000,912.000000</point>
			</points>
		</object>
		<object>
			<coordinate>pixel</coordinate>
			<type>rectangle</type>
			<description>None</description>
			<possibleresult>
				<name>Small Car</name>
			</possibleresult>
			<points>
				<point>234.000000,913.000000</point>
				<point>225.000000,926.000000</point>
				<point>217.000000,921.000000</point>
				<point>226.000000,908.000000</point>
				<point>234.000000,913.000000</point>
			</points>
		</object>
		<object>
			<coordinate>pixel</coordinate>
			<type>rectangle</type>
			<description>None</description>
			<possibleresult>
				<name>Small Car</name>
			</possibleresult>
			<points>
				<point>169.000000,907.000000</point>
				<point>156.000000,924.000000</point>
				<point>147.000000,917.000000</point>
				<point>161.000000,901.000000</point>
				<point>169.000000,907.000000</point>
			</points>
		</object>
		<object>
			<coordinate>pixel</coordinate>
			<type>rectangle</type>
			<description>None</description>
			<possibleresult>
				<name>Van</name>
			</possibleresult>
			<points>
				<point>152.000000,905.000000</point>
				<point>142.000000,921.000000</point>
				<point>134.000000,915.000000</point>
				<point>145.000000,900.000000</point>
				<point>152.000000,905.000000</point>
			</points>
		</object>
		<object>
			<coordinate>pixel</coordinate>
			<type>rectangle</type>
			<description>None</description>
			<possibleresult>
				<name>Van</name>
			</possibleresult>
			<points>
				<point>138.000000,907.000000</point>
				<point>128.000000,921.000000</point>
				<point>121.000000,916.000000</point>
				<point>130.000000,901.000000</point>
				<point>138.000000,907.000000</point>
			</points>
		</object>
		<object>
			<coordinate>pixel</coordinate>
			<type>rectangle</type>
			<description>None</description>
			<possibleresult>
				<name>Small Car</name>
			</possibleresult>
			<points>
				<point>123.000000,906.000000</point>
				<point>113.000000,921.000000</point>
				<point>106.000000,916.000000</point>
				<point>115.000000,902.000000</point>
				<point>123.000000,906.000000</point>
			</points>
		</object>
		<object>
			<coordinate>pixel</coordinate>
			<type>rectangle</type>
			<description>None</description>
			<possibleresult>
				<name>Small Car</name>
			</possibleresult>
			<points>
				<point>115.000000,900.000000</point>
				<point>104.000000,918.000000</point>
				<point>96.000000,913.000000</point>
				<point>106.000000,896.000000</point>
				<point>115.000000,900.000000</point>
			</points>
		</object>
		<object>
			<coordinate>pixel</coordinate>
			<type>rectangle</type>
			<description>None</description>
			<possibleresult>
				<name>Small Car</name>
			</possibleresult>
			<points>
				<point>99.000000,900.000000</point>
				<point>88.000000,915.000000</point>
				<point>82.000000,910.000000</point>
				<point>93.000000,895.000000</point>
				<point>99.000000,900.000000</point>
			</points>
		</object>
		<object>
			<coordinate>pixel</coordinate>
			<type>rectangle</type>
			<description>None</description>
			<possibleresult>
				<name>Small Car</name>
			</possibleresult>
			<points>
				<point>85.000000,900.000000</point>
				<point>76.000000,915.000000</point>
				<point>69.000000,911.000000</point>
				<point>78.000000,896.000000</point>
				<point>85.000000,900.000000</point>
			</points>
		</object>
		<object>
			<coordinate>pixel</coordinate>
			<type>rectangle</type>
			<description>None</description>
			<possibleresult>
				<name>Small Car</name>
			</possibleresult>
			<points>
				<point>74.000000,897.000000</point>
				<point>65.000000,910.000000</point>
				<point>59.000000,907.000000</point>
				<point>67.000000,893.000000</point>
				<point>74.000000,897.000000</point>
			</points>
		</object>
		<object>
			<coordinate>pixel</coordinate>
			<type>rectangle</type>
			<description>None</description>
			<possibleresult>
				<name>Small Car</name>
			</possibleresult>
			<points>
				<point>62.000000,897.000000</point>
				<point>51.000000,911.000000</point>
				<point>44.000000,905.000000</point>
				<point>55.000000,892.000000</point>
				<point>62.000000,897.000000</point>
			</points>
		</object>
		<object>
			<coordinate>pixel</coordinate>
			<type>rectangle</type>
			<description>None</description>
			<possibleresult>
				<name>Van</name>
			</possibleresult>
			<points>
				<point>49.000000,895.000000</point>
				<point>41.000000,910.000000</point>
				<point>32.000000,905.000000</point>
				<point>41.000000,891.000000</point>
				<point>49.000000,895.000000</point>
			</points>
		</object>
		<object>
			<coordinate>pixel</coordinate>
			<type>rectangle</type>
			<description>None</description>
			<possibleresult>
				<name>Dump Truck</name>
			</possibleresult>
			<points>
				<point>37.000000,893.000000</point>
				<point>27.000000,908.000000</point>
				<point>20.000000,903.000000</point>
				<point>30.000000,888.000000</point>
				<point>37.000000,893.000000</point>
			</points>
		</object>
		<object>
			<coordinate>pixel</coordinate>
			<type>rectangle</type>
			<description>None</description>
			<possibleresult>
				<name>Van</name>
			</possibleresult>
			<points>
				<point>26.000000,890.000000</point>
				<point>17.000000,907.000000</point>
				<point>8.000000,902.000000</point>
				<point>16.000000,886.000000</point>
				<point>26.000000,890.000000</point>
			</points>
		</object>
		<object>
			<coordinate>pixel</coordinate>
			<type>rectangle</type>
			<description>None</description>
			<possibleresult>
				<name>Small Car</name>
			</possibleresult>
			<points>
				<point>107.000000,953.000000</point>
				<point>99.000000,956.000000</point>
				<point>91.000000,938.000000</point>
				<point>99.000000,935.000000</point>
				<point>107.000000,953.000000</point>
			</points>
		</object>
		<object>
			<coordinate>pixel</coordinate>
			<type>rectangle</type>
			<description>None</description>
			<possibleresult>
				<name>Small Car</name>
			</possibleresult>
			<points>
				<point>81.000000,950.000000</point>
				<point>71.000000,951.000000</point>
				<point>68.000000,937.000000</point>
				<point>77.000000,935.000000</point>
				<point>81.000000,950.000000</point>
			</points>
		</object>
		<object>
			<coordinate>pixel</coordinate>
			<type>rectangle</type>
			<description>None</description>
			<possibleresult>
				<name>Small Car</name>
			</possibleresult>
			<points>
				<point>68.000000,951.000000</point>
				<point>61.000000,954.000000</point>
				<point>56.000000,937.000000</point>
				<point>63.000000,934.000000</point>
				<point>68.000000,951.000000</point>
			</points>
		</object>
		<object>
			<coordinate>pixel</coordinate>
			<type>rectangle</type>
			<description>None</description>
			<possibleresult>
				<name>Van</name>
			</possibleresult>
			<points>
				<point>55.000000,950.000000</point>
				<point>46.000000,952.000000</point>
				<point>42.000000,937.000000</point>
				<point>51.000000,935.000000</point>
				<point>55.000000,950.000000</point>
			</points>
		</object>
		<object>
			<coordinate>pixel</coordinate>
			<type>rectangle</type>
			<description>None</description>
			<possibleresult>
				<name>Van</name>
			</possibleresult>
			<points>
				<point>15.000000,945.000000</point>
				<point>6.000000,946.000000</point>
				<point>4.000000,934.000000</point>
				<point>13.000000,933.000000</point>
				<point>15.000000,945.000000</point>
			</points>
		</object>
		<object>
			<coordinate>pixel</coordinate>
			<type>rectangle</type>
			<description>None</description>
			<possibleresult>
				<name>Van</name>
			</possibleresult>
			<points>
				<point>40.000000,665.000000</point>
				<point>39.000000,674.000000</point>
				<point>14.000000,672.000000</point>
				<point>15.000000,664.000000</point>
				<point>40.000000,665.000000</point>
			</points>
		</object>
		<object>
			<coordinate>pixel</coordinate>
			<type>rectangle</type>
			<description>None</description>
			<possibleresult>
				<name>Small Car</name>
			</possibleresult>
			<points>
				<point>41.000000,658.000000</point>
				<point>40.000000,665.000000</point>
				<point>18.000000,662.000000</point>
				<point>18.000000,654.000000</point>
				<point>41.000000,658.000000</point>
			</points>
		</object>
		<object>
			<coordinate>pixel</coordinate>
			<type>rectangle</type>
			<description>None</description>
			<possibleresult>
				<name>Dump Truck</name>
			</possibleresult>
			<points>
				<point>71.000000,484.000000</point>
				<point>71.000000,491.000000</point>
				<point>51.000000,489.000000</point>
				<point>51.000000,482.000000</point>
				<point>71.000000,484.000000</point>
			</points>
		</object>
		<object>
			<coordinate>pixel</coordinate>
			<type>rectangle</type>
			<description>None</description>
			<possibleresult>
				<name>Small Car</name>
			</possibleresult>
			<points>
				<point>70.000000,493.000000</point>
				<point>70.000000,500.000000</point>
				<point>48.000000,498.000000</point>
				<point>49.000000,492.000000</point>
				<point>70.000000,493.000000</point>
			</points>
		</object>
		<object>
			<coordinate>pixel</coordinate>
			<type>rectangle</type>
			<description>None</description>
			<possibleresult>
				<name>Small Car</name>
			</possibleresult>
			<points>
				<point>71.000000,503.000000</point>
				<point>71.000000,510.000000</point>
				<point>51.000000,508.000000</point>
				<point>52.000000,502.000000</point>
				<point>71.000000,503.000000</point>
			</points>
		</object>
		<object>
			<coordinate>pixel</coordinate>
			<type>rectangle</type>
			<description>None</description>
			<possibleresult>
				<name>Small Car</name>
			</possibleresult>
			<points>
				<point>62.000000,72.000000</point>
				<point>59.000000,85.000000</point>
				<point>51.000000,82.000000</point>
				<point>54.000000,69.000000</point>
				<point>62.000000,72.000000</point>
			</points>
		</object>
		<object>
			<coordinate>pixel</coordinate>
			<type>rectangle</type>
			<description>None</description>
			<possibleresult>
				<name>Small Car</name>
			</possibleresult>
			<points>
				<point>975.000000,224.000000</point>
				<point>966.000000,225.000000</point>
				<point>964.000000,210.000000</point>
				<point>972.000000,208.000000</point>
				<point>975.000000,224.000000</point>
			</points>
		</object>
		<object>
			<coordinate>pixel</coordinate>
			<type>rectangle</type>
			<description>None</description>
			<possibleresult>
				<name>Small Car</name>
			</possibleresult>
			<points>
				<point>573.000000,866.000000</point>
				<point>571.000000,882.000000</point>
				<point>563.000000,881.000000</point>
				<point>565.000000,865.000000</point>
				<point>573.000000,866.000000</point>
			</points>
		</object>
		<object>
			<coordinate>pixel</coordinate>
			<type>rectangle</type>
			<description>None</description>
			<possibleresult>
				<name>Van</name>
			</possibleresult>
			<points>
				<point>754.000000,862.000000</point>
				<point>750.000000,878.000000</point>
				<point>741.000000,876.000000</point>
				<point>745.000000,860.000000</point>
				<point>754.000000,862.000000</point>
			</points>
		</object>
		<object>
			<coordinate>pixel</coordinate>
			<type>rectangle</type>
			<description>None</description>
			<possibleresult>
				<name>Small Car</name>
			</possibleresult>
			<points>
				<point>849.000000,891.000000</point>
				<point>845.000000,908.000000</point>
				<point>838.000000,907.000000</point>
				<point>841.000000,889.000000</point>
				<point>849.000000,891.000000</point>
			</points>
		</object>
		<object>
			<coordinate>pixel</coordinate>
			<type>rectangle</type>
			<description>None</description>
			<possibleresult>
				<name>Small Car</name>
			</possibleresult>
			<points>
				<point>541.000000,925.000000</point>
				<point>537.000000,944.000000</point>
				<point>526.000000,942.000000</point>
				<point>530.000000,923.000000</point>
				<point>541.000000,925.000000</point>
			</points>
		</object>
		<object>
			<coordinate>pixel</coordinate>
			<type>rectangle</type>
			<description>None</description>
			<possibleresult>
				<name>Van</name>
			</possibleresult>
			<points>
				<point>697.000000,263.000000</point>
				<point>696.000000,271.000000</point>
				<point>681.000000,269.000000</point>
				<point>682.000000,261.000000</point>
				<point>697.000000,263.000000</point>
			</points>
		</object>
		<object>
			<coordinate>pixel</coordinate>
			<type>rectangle</type>
			<description>None</description>
			<possibleresult>
				<name>Van</name>
			</possibleresult>
			<points>
				<point>677.000000,172.000000</point>
				<point>675.000000,189.000000</point>
				<point>666.000000,188.000000</point>
				<point>669.000000,170.000000</point>
				<point>677.000000,172.000000</point>
			</points>
		</object>
		<object>
			<coordinate>pixel</coordinate>
			<type>rectangle</type>
			<description>None</description>
			<possibleresult>
				<name>Van</name>
			</possibleresult>
			<points>
				<point>875.000000,278.000000</point>
				<point>874.000000,291.000000</point>
				<point>865.000000,290.000000</point>
				<point>866.000000,277.000000</point>
				<point>875.000000,278.000000</point>
			</points>
		</object>
		<object>
			<coordinate>pixel</coordinate>
			<type>rectangle</type>
			<description>None</description>
			<possibleresult>
				<name>Van</name>
			</possibleresult>
			<points>
				<point>272.000000,921.000000</point>
				<point>264.000000,933.000000</point>
				<point>255.000000,927.000000</point>
				<point>264.000000,916.000000</point>
				<point>272.000000,921.000000</point>
			</points>
		</object>
		<object>
			<coordinate>pixel</coordinate>
			<type>rectangle</type>
			<description>None</description>
			<possibleresult>
				<name>Van</name>
			</possibleresult>
			<points>
				<point>291.000000,925.000000</point>
				<point>287.000000,934.000000</point>
				<point>280.000000,930.000000</point>
				<point>284.000000,921.000000</point>
				<point>291.000000,925.000000</point>
			</points>
		</object>
		<object>
			<coordinate>pixel</coordinate>
			<type>rectangle</type>
			<description>None</description>
			<possibleresult>
				<name>Intersection</name>
			</possibleresult>
			<points>
				<point>599.000000,20.000000</point>
				<point>579.000000,103.000000</point>
				<point>503.000000,85.000000</point>
				<point>523.000000,2.000000</point>
				<point>599.000000,20.000000</point>
			</points>
		</object>
	</objects>
</annotation>