<?xml version="1.0" encoding="utf-8"?>
<annotation>
	<source>
		<filename>90.tif</filename>
		<origin>GF2/GF3</origin>
	</source>
	<research>
		<version>1.0</version>
		<provider>FAIR1M</provider>
		<author>Cyber</author>
		<pluginname>FAIR1M</pluginname>
		<pluginclass>object detection</pluginclass>
		<time>2021-07-21</time>
	</research>
	<size>
		<width>1500</width>
		<height>1500</height>
		<depth>3</depth>
	</size>
	<objects>
		<object>
			<coordinate>pixel</coordinate>
			<type>rectangle</type>
			<description>None</description>
			<possibleresult>
				<name>Passenger Ship</name>
			</possibleresult>
			<points>
				<point>892.000000,718.000000</point>
				<point>893.000000,771.000000</point>
				<point>907.000000,771.000000</point>
				<point>906.000000,718.000000</point>
				<point>892.000000,718.000000</point>
			</points>
		</object>
	</objects>
</annotation>