<?xml version="1.0" encoding="utf-8"?>
<annotation>
	<source>
		<filename>904.tif</filename>
		<origin>GF2/GF3</origin>
	</source>
	<research>
		<version>1.0</version>
		<provider>FAIR1M</provider>
		<author>Cyber</author>
		<pluginname>FAIR1M</pluginname>
		<pluginclass>object detection</pluginclass>
		<time>2021-07-21</time>
	</research>
	<size>
		<width>1000</width>
		<height>1000</height>
		<depth>3</depth>
	</size>
	<objects>
		<object>
			<coordinate>pixel</coordinate>
			<type>rectangle</type>
			<description>None</description>
			<possibleresult>
				<name>Van</name>
			</possibleresult>
			<points>
				<point>538.051392,62.342300</point>
				<point>527.000000,64.000000</point>
				<point>523.948608,43.657700</point>
				<point>535.000000,42.000000</point>
				<point>538.051392,62.342300</point>
			</points>
		</object>
		<object>
			<coordinate>pixel</coordinate>
			<type>rectangle</type>
			<description>None</description>
			<possibleresult>
				<name>Van</name>
			</possibleresult>
			<points>
				<point>155.027252,138.435791</point>
				<point>146.000031,139.000000</point>
				<point>145.000031,123.000000</point>
				<point>154.027252,122.435791</point>
				<point>155.027252,138.435791</point>
			</points>
		</object>
		<object>
			<coordinate>pixel</coordinate>
			<type>rectangle</type>
			<description>None</description>
			<possibleresult>
				<name>Small Car</name>
			</possibleresult>
			<points>
				<point>153.000000,85.000000</point>
				<point>146.000000,85.000000</point>
				<point>146.000000,71.000000</point>
				<point>153.000000,71.000000</point>
				<point>153.000000,85.000000</point>
			</points>
		</object>
		<object>
			<coordinate>pixel</coordinate>
			<type>rectangle</type>
			<description>None</description>
			<possibleresult>
				<name>Small Car</name>
			</possibleresult>
			<points>
				<point>434.647064,0.000000</point>
				<point>432.993195,14.058021</point>
				<point>424.000031,13.000000</point>
				<point>425.529449,0.000000</point>
				<point>434.647064,0.000000</point>
			</points>
		</object>
		<object>
			<coordinate>pixel</coordinate>
			<type>rectangle</type>
			<description>None</description>
			<possibleresult>
				<name>Van</name>
			</possibleresult>
			<points>
				<point>506.000000,53.000000</point>
				<point>498.000000,53.000000</point>
				<point>498.000000,37.000000</point>
				<point>506.000000,37.000000</point>
				<point>506.000000,53.000000</point>
			</points>
		</object>
		<object>
			<coordinate>pixel</coordinate>
			<type>rectangle</type>
			<description>None</description>
			<possibleresult>
				<name>Van</name>
			</possibleresult>
			<points>
				<point>547.024841,48.472374</point>
				<point>536.999939,49.000000</point>
				<point>535.975037,29.527626</point>
				<point>545.999939,29.000000</point>
				<point>547.024841,48.472374</point>
			</points>
		</object>
		<object>
			<coordinate>pixel</coordinate>
			<type>rectangle</type>
			<description>None</description>
			<possibleresult>
				<name>Dump Truck</name>
			</possibleresult>
			<points>
				<point>533.000000,40.000008</point>
				<point>524.064819,41.410820</point>
				<point>521.000000,22.000008</point>
				<point>529.935181,20.589195</point>
				<point>533.000000,40.000008</point>
			</points>
		</object>
		<object>
			<coordinate>pixel</coordinate>
			<type>rectangle</type>
			<description>None</description>
			<possibleresult>
				<name>Van</name>
			</possibleresult>
			<points>
				<point>495.294159,132.823532</point>
				<point>492.000031,146.000015</point>
				<point>484.000031,144.000015</point>
				<point>487.294159,130.823532</point>
				<point>495.294159,132.823532</point>
			</points>
		</object>
		<object>
			<coordinate>pixel</coordinate>
			<type>rectangle</type>
			<description>None</description>
			<possibleresult>
				<name>Van</name>
			</possibleresult>
			<points>
				<point>511.000000,130.999969</point>
				<point>505.000000,145.999969</point>
				<point>496.724121,142.689636</point>
				<point>502.724121,127.689636</point>
				<point>511.000000,130.999969</point>
			</points>
		</object>
		<object>
			<coordinate>pixel</coordinate>
			<type>rectangle</type>
			<description>None</description>
			<possibleresult>
				<name>Van</name>
			</possibleresult>
			<points>
				<point>535.183594,131.580322</point>
				<point>528.183594,147.580322</point>
				<point>520.000000,144.000000</point>
				<point>527.000000,128.000000</point>
				<point>535.183594,131.580322</point>
			</points>
		</object>
		<object>
			<coordinate>pixel</coordinate>
			<type>rectangle</type>
			<description>None</description>
			<possibleresult>
				<name>Van</name>
			</possibleresult>
			<points>
				<point>477.332611,210.984177</point>
				<point>456.000031,212.000015</point>
				<point>455.667450,205.015854</point>
				<point>477.000031,204.000015</point>
				<point>477.332611,210.984177</point>
			</points>
		</object>
		<object>
			<coordinate>pixel</coordinate>
			<type>rectangle</type>
			<description>None</description>
			<possibleresult>
				<name>Small Car</name>
			</possibleresult>
			<points>
				<point>524.000000,211.000000</point>
				<point>503.000000,211.000000</point>
				<point>503.000000,205.000000</point>
				<point>524.000000,205.000000</point>
				<point>524.000000,211.000000</point>
			</points>
		</object>
		<object>
			<coordinate>pixel</coordinate>
			<type>rectangle</type>
			<description>None</description>
			<possibleresult>
				<name>Van</name>
			</possibleresult>
			<points>
				<point>619.000000,46.000000</point>
				<point>610.000000,46.000000</point>
				<point>610.000000,31.000000</point>
				<point>619.000000,31.000000</point>
				<point>619.000000,46.000000</point>
			</points>
		</object>
		<object>
			<coordinate>pixel</coordinate>
			<type>rectangle</type>
			<description>None</description>
			<possibleresult>
				<name>Cargo Truck</name>
			</possibleresult>
			<points>
				<point>645.000000,76.000000</point>
				<point>633.010986,76.363297</point>
				<point>632.000000,43.000004</point>
				<point>643.989014,42.636703</point>
				<point>645.000000,76.000000</point>
			</points>
		</object>
		<object>
			<coordinate>pixel</coordinate>
			<type>rectangle</type>
			<description>None</description>
			<possibleresult>
				<name>Small Car</name>
			</possibleresult>
			<points>
				<point>625.264099,97.924538</point>
				<point>618.264099,99.924538</point>
				<point>613.999939,85.000008</point>
				<point>620.999939,83.000008</point>
				<point>625.264099,97.924538</point>
			</points>
		</object>
		<object>
			<coordinate>pixel</coordinate>
			<type>rectangle</type>
			<description>None</description>
			<possibleresult>
				<name>Small Car</name>
			</possibleresult>
			<points>
				<point>613.000000,99.000008</point>
				<point>610.984619,115.123085</point>
				<point>602.000000,114.000008</point>
				<point>604.015381,97.876930</point>
				<point>613.000000,99.000008</point>
			</points>
		</object>
		<object>
			<coordinate>pixel</coordinate>
			<type>rectangle</type>
			<description>None</description>
			<possibleresult>
				<name>Van</name>
			</possibleresult>
			<points>
				<point>642.027222,143.564209</point>
				<point>641.027222,159.564209</point>
				<point>632.000000,159.000000</point>
				<point>633.000000,143.000000</point>
				<point>642.027222,143.564209</point>
			</points>
		</object>
		<object>
			<coordinate>pixel</coordinate>
			<type>rectangle</type>
			<description>None</description>
			<possibleresult>
				<name>Small Car</name>
			</possibleresult>
			<points>
				<point>614.182617,185.315399</point>
				<point>610.000000,201.000031</point>
				<point>599.916992,198.311218</point>
				<point>604.099609,182.626587</point>
				<point>614.182617,185.315399</point>
			</points>
		</object>
		<object>
			<coordinate>pixel</coordinate>
			<type>rectangle</type>
			<description>None</description>
			<possibleresult>
				<name>Small Car</name>
			</possibleresult>
			<points>
				<point>828.142822,-0.000000</point>
				<point>835.000000,0.000000</point>
				<point>849.660339,4.188664</point>
				<point>847.999939,9.999985</point>
				<point>828.142822,-0.000000</point>
			</points>
		</object>
		<object>
			<coordinate>pixel</coordinate>
			<type>rectangle</type>
			<description>None</description>
			<possibleresult>
				<name>Small Car</name>
			</possibleresult>
			<points>
				<point>871.509766,10.187804</point>
				<point>869.000000,17.000000</point>
				<point>849.490234,9.812196</point>
				<point>852.000000,3.000000</point>
				<point>871.509766,10.187804</point>
			</points>
		</object>
		<object>
			<coordinate>pixel</coordinate>
			<type>rectangle</type>
			<description>None</description>
			<possibleresult>
				<name>Van</name>
			</possibleresult>
			<points>
				<point>866.000000,19.999992</point>
				<point>863.655151,25.862061</point>
				<point>843.655151,17.862061</point>
				<point>846.000000,11.999992</point>
				<point>866.000000,19.999992</point>
			</points>
		</object>
		<object>
			<coordinate>pixel</coordinate>
			<type>rectangle</type>
			<description>None</description>
			<possibleresult>
				<name>Small Car</name>
			</possibleresult>
			<points>
				<point>860.150879,26.471718</point>
				<point>858.150879,33.471718</point>
				<point>839.000000,28.000019</point>
				<point>841.000000,21.000019</point>
				<point>860.150879,26.471718</point>
			</points>
		</object>
		<object>
			<coordinate>pixel</coordinate>
			<type>rectangle</type>
			<description>None</description>
			<possibleresult>
				<name>Small Car</name>
			</possibleresult>
			<points>
				<point>852.816528,42.944954</point>
				<point>851.000000,49.000000</point>
				<point>831.000000,43.000000</point>
				<point>832.816528,36.944954</point>
				<point>852.816528,42.944954</point>
			</points>
		</object>
		<object>
			<coordinate>pixel</coordinate>
			<type>rectangle</type>
			<description>None</description>
			<possibleresult>
				<name>Small Car</name>
			</possibleresult>
			<points>
				<point>848.000061,52.000023</point>
				<point>845.490051,59.171516</point>
				<point>825.490051,52.171516</point>
				<point>828.000061,45.000023</point>
				<point>848.000061,52.000023</point>
			</points>
		</object>
		<object>
			<coordinate>pixel</coordinate>
			<type>rectangle</type>
			<description>None</description>
			<possibleresult>
				<name>Van</name>
			</possibleresult>
			<points>
				<point>784.000000,48.000000</point>
				<point>761.000000,48.000000</point>
				<point>761.000000,41.000000</point>
				<point>784.000000,41.000000</point>
				<point>784.000000,48.000000</point>
			</points>
		</object>
		<object>
			<coordinate>pixel</coordinate>
			<type>rectangle</type>
			<description>None</description>
			<possibleresult>
				<name>Small Car</name>
			</possibleresult>
			<points>
				<point>783.000000,57.000000</point>
				<point>761.000000,57.000000</point>
				<point>761.000000,49.000000</point>
				<point>783.000000,49.000000</point>
				<point>783.000000,57.000000</point>
			</points>
		</object>
		<object>
			<coordinate>pixel</coordinate>
			<type>rectangle</type>
			<description>None</description>
			<possibleresult>
				<name>Van</name>
			</possibleresult>
			<points>
				<point>786.000000,67.000000</point>
				<point>761.000000,67.000000</point>
				<point>761.000000,59.000000</point>
				<point>786.000000,59.000000</point>
				<point>786.000000,67.000000</point>
			</points>
		</object>
		<object>
			<coordinate>pixel</coordinate>
			<type>rectangle</type>
			<description>None</description>
			<possibleresult>
				<name>Small Car</name>
			</possibleresult>
			<points>
				<point>785.303894,74.986786</point>
				<point>762.000061,76.000000</point>
				<point>761.696228,69.013214</point>
				<point>785.000061,68.000000</point>
				<point>785.303894,74.986786</point>
			</points>
		</object>
		<object>
			<coordinate>pixel</coordinate>
			<type>rectangle</type>
			<description>None</description>
			<possibleresult>
				<name>Van</name>
			</possibleresult>
			<points>
				<point>783.000000,84.000000</point>
				<point>760.000000,84.000000</point>
				<point>760.000000,77.000000</point>
				<point>783.000000,77.000000</point>
				<point>783.000000,84.000000</point>
			</points>
		</object>
		<object>
			<coordinate>pixel</coordinate>
			<type>rectangle</type>
			<description>None</description>
			<possibleresult>
				<name>Van</name>
			</possibleresult>
			<points>
				<point>783.334900,102.031685</point>
				<point>762.334900,103.031685</point>
				<point>762.000061,96.000008</point>
				<point>783.000061,95.000008</point>
				<point>783.334900,102.031685</point>
			</points>
		</object>
		<object>
			<coordinate>pixel</coordinate>
			<type>rectangle</type>
			<description>None</description>
			<possibleresult>
				<name>Van</name>
			</possibleresult>
			<points>
				<point>784.000000,112.000000</point>
				<point>764.000000,112.000000</point>
				<point>764.000000,105.000000</point>
				<point>784.000000,105.000000</point>
				<point>784.000000,112.000000</point>
			</points>
		</object>
		<object>
			<coordinate>pixel</coordinate>
			<type>rectangle</type>
			<description>None</description>
			<possibleresult>
				<name>Small Car</name>
			</possibleresult>
			<points>
				<point>783.000000,121.000000</point>
				<point>762.000000,121.000000</point>
				<point>762.000000,113.000000</point>
				<point>783.000000,113.000000</point>
				<point>783.000000,121.000000</point>
			</points>
		</object>
		<object>
			<coordinate>pixel</coordinate>
			<type>rectangle</type>
			<description>None</description>
			<possibleresult>
				<name>Van</name>
			</possibleresult>
			<points>
				<point>872.191345,127.060463</point>
				<point>869.999939,134.000000</point>
				<point>850.808533,127.939552</point>
				<point>852.999939,121.000015</point>
				<point>872.191345,127.060463</point>
			</points>
		</object>
		<object>
			<coordinate>pixel</coordinate>
			<type>rectangle</type>
			<description>None</description>
			<possibleresult>
				<name>Small Car</name>
			</possibleresult>
			<points>
				<point>866.000000,136.000000</point>
				<point>864.382812,141.120911</point>
				<point>844.999878,135.000000</point>
				<point>846.617065,129.879089</point>
				<point>866.000000,136.000000</point>
			</points>
		</object>
		<object>
			<coordinate>pixel</coordinate>
			<type>rectangle</type>
			<description>None</description>
			<possibleresult>
				<name>Van</name>
			</possibleresult>
			<points>
				<point>914.452942,7.288204</point>
				<point>899.711731,30.452911</point>
				<point>887.999939,22.999969</point>
				<point>902.636292,0.000000</point>
				<point>914.452942,7.288204</point>
			</points>
		</object>
		<object>
			<coordinate>pixel</coordinate>
			<type>rectangle</type>
			<description>None</description>
			<possibleresult>
				<name>Cargo Truck</name>
			</possibleresult>
			<points>
				<point>781.000000,232.000000</point>
				<point>691.000000,232.000000</point>
				<point>691.000000,219.000000</point>
				<point>781.000000,219.000000</point>
				<point>781.000000,232.000000</point>
			</points>
		</object>
		<object>
			<coordinate>pixel</coordinate>
			<type>rectangle</type>
			<description>None</description>
			<possibleresult>
				<name>Small Car</name>
			</possibleresult>
			<points>
				<point>762.000000,249.000000</point>
				<point>741.000000,249.000000</point>
				<point>741.000000,241.000000</point>
				<point>762.000000,241.000000</point>
				<point>762.000000,249.000000</point>
			</points>
		</object>
		<object>
			<coordinate>pixel</coordinate>
			<type>rectangle</type>
			<description>None</description>
			<possibleresult>
				<name>Van</name>
			</possibleresult>
			<points>
				<point>818.000000,321.000000</point>
				<point>808.000000,321.000000</point>
				<point>808.000000,304.000000</point>
				<point>818.000000,304.000000</point>
				<point>818.000000,321.000000</point>
			</points>
		</object>
		<object>
			<coordinate>pixel</coordinate>
			<type>rectangle</type>
			<description>None</description>
			<possibleresult>
				<name>Van</name>
			</possibleresult>
			<points>
				<point>894.242920,314.690857</point>
				<point>883.000000,329.000000</point>
				<point>875.757080,323.309143</point>
				<point>887.000000,309.000000</point>
				<point>894.242920,314.690857</point>
			</points>
		</object>
		<object>
			<coordinate>pixel</coordinate>
			<type>rectangle</type>
			<description>None</description>
			<possibleresult>
				<name>Small Car</name>
			</possibleresult>
			<points>
				<point>772.120667,379.022644</point>
				<point>770.999939,385.000000</point>
				<point>754.879211,381.977356</point>
				<point>755.999939,376.000000</point>
				<point>772.120667,379.022644</point>
			</points>
		</object>
		<object>
			<coordinate>pixel</coordinate>
			<type>rectangle</type>
			<description>None</description>
			<possibleresult>
				<name>Van</name>
			</possibleresult>
			<points>
				<point>773.108215,389.351379</point>
				<point>771.919006,396.486511</point>
				<point>751.000061,393.000000</point>
				<point>752.189270,385.864868</point>
				<point>773.108215,389.351379</point>
			</points>
		</object>
		<object>
			<coordinate>pixel</coordinate>
			<type>rectangle</type>
			<description>None</description>
			<possibleresult>
				<name>Small Car</name>
			</possibleresult>
			<points>
				<point>562.127075,460.862213</point>
				<point>561.000000,468.000031</point>
				<point>542.000000,465.000031</point>
				<point>543.127075,457.862213</point>
				<point>562.127075,460.862213</point>
			</points>
		</object>
		<object>
			<coordinate>pixel</coordinate>
			<type>rectangle</type>
			<description>None</description>
			<possibleresult>
				<name>Dump Truck</name>
			</possibleresult>
			<points>
				<point>642.000061,453.000061</point>
				<point>638.000061,469.000061</point>
				<point>630.941223,467.235352</point>
				<point>634.941223,451.235352</point>
				<point>642.000061,453.000061</point>
			</points>
		</object>
		<object>
			<coordinate>pixel</coordinate>
			<type>rectangle</type>
			<description>None</description>
			<possibleresult>
				<name>Dump Truck</name>
			</possibleresult>
			<points>
				<point>679.033264,462.875580</point>
				<point>675.000061,478.000031</point>
				<point>667.966858,476.124481</point>
				<point>672.000061,461.000031</point>
				<point>679.033264,462.875580</point>
			</points>
		</object>
		<object>
			<coordinate>pixel</coordinate>
			<type>rectangle</type>
			<description>None</description>
			<possibleresult>
				<name>Small Car</name>
			</possibleresult>
			<points>
				<point>661.576355,504.905853</point>
				<point>659.999939,511.999969</point>
				<point>650.999939,509.999969</point>
				<point>652.576355,502.905853</point>
				<point>661.576355,504.905853</point>
			</points>
		</object>
		<object>
			<coordinate>pixel</coordinate>
			<type>rectangle</type>
			<description>None</description>
			<possibleresult>
				<name>Small Car</name>
			</possibleresult>
			<points>
				<point>674.264099,506.075500</point>
				<point>670.264099,520.075439</point>
				<point>662.999939,517.999939</point>
				<point>666.999939,504.000000</point>
				<point>674.264099,506.075500</point>
			</points>
		</object>
		<object>
			<coordinate>pixel</coordinate>
			<type>rectangle</type>
			<description>None</description>
			<possibleresult>
				<name>Van</name>
			</possibleresult>
			<points>
				<point>699.000000,536.000000</point>
				<point>679.000000,536.000000</point>
				<point>679.000000,528.000000</point>
				<point>699.000000,528.000000</point>
				<point>699.000000,536.000000</point>
			</points>
		</object>
		<object>
			<coordinate>pixel</coordinate>
			<type>rectangle</type>
			<description>None</description>
			<possibleresult>
				<name>Van</name>
			</possibleresult>
			<points>
				<point>698.000061,555.000000</point>
				<point>677.401550,556.029907</point>
				<point>677.000061,548.000000</point>
				<point>697.598572,546.970093</point>
				<point>698.000061,555.000000</point>
			</points>
		</object>
		<object>
			<coordinate>pixel</coordinate>
			<type>rectangle</type>
			<description>None</description>
			<possibleresult>
				<name>Small Car</name>
			</possibleresult>
			<points>
				<point>698.000000,564.000000</point>
				<point>679.000000,564.000000</point>
				<point>679.000000,557.000000</point>
				<point>698.000000,557.000000</point>
				<point>698.000000,564.000000</point>
			</points>
		</object>
		<object>
			<coordinate>pixel</coordinate>
			<type>rectangle</type>
			<description>None</description>
			<possibleresult>
				<name>Small Car</name>
			</possibleresult>
			<points>
				<point>698.000000,582.000000</point>
				<point>676.000000,582.000000</point>
				<point>676.000000,575.000000</point>
				<point>698.000000,575.000000</point>
				<point>698.000000,582.000000</point>
			</points>
		</object>
		<object>
			<coordinate>pixel</coordinate>
			<type>rectangle</type>
			<description>None</description>
			<possibleresult>
				<name>Dump Truck</name>
			</possibleresult>
			<points>
				<point>764.000000,484.000000</point>
				<point>746.000000,484.000000</point>
				<point>746.000000,478.000000</point>
				<point>764.000000,478.000000</point>
				<point>764.000000,484.000000</point>
			</points>
		</object>
		<object>
			<coordinate>pixel</coordinate>
			<type>rectangle</type>
			<description>None</description>
			<possibleresult>
				<name>Small Car</name>
			</possibleresult>
			<points>
				<point>764.000000,496.000061</point>
				<point>763.617676,504.029480</point>
				<point>742.000000,503.000061</point>
				<point>742.382324,494.970642</point>
				<point>764.000000,496.000061</point>
			</points>
		</object>
		<object>
			<coordinate>pixel</coordinate>
			<type>rectangle</type>
			<description>None</description>
			<possibleresult>
				<name>Van</name>
			</possibleresult>
			<points>
				<point>765.000000,520.000000</point>
				<point>746.000000,520.000000</point>
				<point>746.000000,514.000000</point>
				<point>765.000000,514.000000</point>
				<point>765.000000,520.000000</point>
			</points>
		</object>
		<object>
			<coordinate>pixel</coordinate>
			<type>rectangle</type>
			<description>None</description>
			<possibleresult>
				<name>Van</name>
			</possibleresult>
			<points>
				<point>759.367432,542.019287</point>
				<point>759.000000,549.000000</point>
				<point>739.632568,547.980713</point>
				<point>740.000000,541.000000</point>
				<point>759.367432,542.019287</point>
			</points>
		</object>
		<object>
			<coordinate>pixel</coordinate>
			<type>rectangle</type>
			<description>None</description>
			<possibleresult>
				<name>Small Car</name>
			</possibleresult>
			<points>
				<point>756.103149,594.268127</point>
				<point>749.000000,597.000061</point>
				<point>743.896851,583.731995</point>
				<point>751.000000,581.000061</point>
				<point>756.103149,594.268127</point>
			</points>
		</object>
		<object>
			<coordinate>pixel</coordinate>
			<type>rectangle</type>
			<description>None</description>
			<possibleresult>
				<name>Small Car</name>
			</possibleresult>
			<points>
				<point>697.317566,609.035889</point>
				<point>678.317566,610.035889</point>
				<point>677.999939,604.000000</point>
				<point>696.999939,603.000000</point>
				<point>697.317566,609.035889</point>
			</points>
		</object>
		<object>
			<coordinate>pixel</coordinate>
			<type>rectangle</type>
			<description>None</description>
			<possibleresult>
				<name>Van</name>
			</possibleresult>
			<points>
				<point>756.037659,622.867920</point>
				<point>749.999939,644.000000</point>
				<point>739.962219,641.132080</point>
				<point>745.999939,620.000000</point>
				<point>756.037659,622.867920</point>
			</points>
		</object>
		<object>
			<coordinate>pixel</coordinate>
			<type>rectangle</type>
			<description>None</description>
			<possibleresult>
				<name>Small Car</name>
			</possibleresult>
			<points>
				<point>698.317505,668.014404</point>
				<point>698.000000,675.000000</point>
				<point>675.682495,673.985596</point>
				<point>676.000000,667.000000</point>
				<point>698.317505,668.014404</point>
			</points>
		</object>
		<object>
			<coordinate>pixel</coordinate>
			<type>rectangle</type>
			<description>None</description>
			<possibleresult>
				<name>Small Car</name>
			</possibleresult>
			<points>
				<point>697.000000,655.000000</point>
				<point>689.000000,655.000000</point>
				<point>689.000000,648.000000</point>
				<point>697.000000,648.000000</point>
				<point>697.000000,655.000000</point>
			</points>
		</object>
		<object>
			<coordinate>pixel</coordinate>
			<type>rectangle</type>
			<description>None</description>
			<possibleresult>
				<name>Small Car</name>
			</possibleresult>
			<points>
				<point>650.000000,634.000000</point>
				<point>649.085449,641.011108</point>
				<point>626.000000,638.000000</point>
				<point>626.914551,630.988892</point>
				<point>650.000000,634.000000</point>
			</points>
		</object>
		<object>
			<coordinate>pixel</coordinate>
			<type>rectangle</type>
			<description>None</description>
			<possibleresult>
				<name>Small Car</name>
			</possibleresult>
			<points>
				<point>650.999939,644.999939</point>
				<point>649.999939,651.999939</point>
				<point>628.999939,648.999939</point>
				<point>629.999939,641.999939</point>
				<point>650.999939,644.999939</point>
			</points>
		</object>
		<object>
			<coordinate>pixel</coordinate>
			<type>rectangle</type>
			<description>None</description>
			<possibleresult>
				<name>Van</name>
			</possibleresult>
			<points>
				<point>760.000000,702.000000</point>
				<point>742.000000,702.000000</point>
				<point>742.000000,695.000000</point>
				<point>760.000000,695.000000</point>
				<point>760.000000,702.000000</point>
			</points>
		</object>
		<object>
			<coordinate>pixel</coordinate>
			<type>rectangle</type>
			<description>None</description>
			<possibleresult>
				<name>Small Car</name>
			</possibleresult>
			<points>
				<point>759.000061,719.000000</point>
				<point>742.439758,720.035034</point>
				<point>742.000061,713.000000</point>
				<point>758.560364,711.964966</point>
				<point>759.000061,719.000000</point>
			</points>
		</object>
		<object>
			<coordinate>pixel</coordinate>
			<type>rectangle</type>
			<description>None</description>
			<possibleresult>
				<name>Small Car</name>
			</possibleresult>
			<points>
				<point>757.000000,739.000000</point>
				<point>738.000000,739.000000</point>
				<point>738.000000,731.000000</point>
				<point>757.000000,731.000000</point>
				<point>757.000000,739.000000</point>
			</points>
		</object>
		<object>
			<coordinate>pixel</coordinate>
			<type>rectangle</type>
			<description>None</description>
			<possibleresult>
				<name>Small Car</name>
			</possibleresult>
			<points>
				<point>758.000000,756.000000</point>
				<point>736.000000,756.000000</point>
				<point>736.000000,749.000000</point>
				<point>758.000000,749.000000</point>
				<point>758.000000,756.000000</point>
			</points>
		</object>
		<object>
			<coordinate>pixel</coordinate>
			<type>rectangle</type>
			<description>None</description>
			<possibleresult>
				<name>Small Car</name>
			</possibleresult>
			<points>
				<point>697.000000,731.000000</point>
				<point>675.000000,731.000000</point>
				<point>675.000000,723.000000</point>
				<point>697.000000,723.000000</point>
				<point>697.000000,731.000000</point>
			</points>
		</object>
		<object>
			<coordinate>pixel</coordinate>
			<type>rectangle</type>
			<description>None</description>
			<possibleresult>
				<name>Small Car</name>
			</possibleresult>
			<points>
				<point>694.000000,749.000000</point>
				<point>675.000000,749.000000</point>
				<point>675.000000,742.000000</point>
				<point>694.000000,742.000000</point>
				<point>694.000000,749.000000</point>
			</points>
		</object>
		<object>
			<coordinate>pixel</coordinate>
			<type>rectangle</type>
			<description>None</description>
			<possibleresult>
				<name>Small Car</name>
			</possibleresult>
			<points>
				<point>694.000000,776.000000</point>
				<point>681.000000,776.000000</point>
				<point>681.000000,770.000000</point>
				<point>694.000000,770.000000</point>
				<point>694.000000,776.000000</point>
			</points>
		</object>
		<object>
			<coordinate>pixel</coordinate>
			<type>rectangle</type>
			<description>None</description>
			<possibleresult>
				<name>Small Car</name>
			</possibleresult>
			<points>
				<point>694.000000,794.000000</point>
				<point>683.000000,794.000000</point>
				<point>683.000000,786.000000</point>
				<point>694.000000,786.000000</point>
				<point>694.000000,794.000000</point>
			</points>
		</object>
		<object>
			<coordinate>pixel</coordinate>
			<type>rectangle</type>
			<description>None</description>
			<possibleresult>
				<name>Small Car</name>
			</possibleresult>
			<points>
				<point>756.000000,785.000000</point>
				<point>733.000000,785.000000</point>
				<point>733.000000,777.000000</point>
				<point>756.000000,777.000000</point>
				<point>756.000000,785.000000</point>
			</points>
		</object>
		<object>
			<coordinate>pixel</coordinate>
			<type>rectangle</type>
			<description>None</description>
			<possibleresult>
				<name>Dump Truck</name>
			</possibleresult>
			<points>
				<point>755.844849,823.362122</point>
				<point>752.844849,830.362122</point>
				<point>731.000000,821.000061</point>
				<point>734.000000,814.000061</point>
				<point>755.844849,823.362122</point>
			</points>
		</object>
		<object>
			<coordinate>pixel</coordinate>
			<type>rectangle</type>
			<description>None</description>
			<possibleresult>
				<name>Van</name>
			</possibleresult>
			<points>
				<point>752.802979,832.291992</point>
				<point>750.000000,840.000000</point>
				<point>727.197021,831.708008</point>
				<point>730.000000,824.000000</point>
				<point>752.802979,832.291992</point>
			</points>
		</object>
		<object>
			<coordinate>pixel</coordinate>
			<type>rectangle</type>
			<description>None</description>
			<possibleresult>
				<name>Van</name>
			</possibleresult>
			<points>
				<point>567.076904,698.615356</point>
				<point>564.000000,714.000000</point>
				<point>555.923096,712.384644</point>
				<point>559.000000,697.000000</point>
				<point>567.076904,698.615356</point>
			</points>
		</object>
		<object>
			<coordinate>pixel</coordinate>
			<type>rectangle</type>
			<description>None</description>
			<possibleresult>
				<name>Small Car</name>
			</possibleresult>
			<points>
				<point>529.000000,866.000000</point>
				<point>516.000000,866.000000</point>
				<point>516.000000,858.000000</point>
				<point>529.000000,858.000000</point>
				<point>529.000000,866.000000</point>
			</points>
		</object>
		<object>
			<coordinate>pixel</coordinate>
			<type>rectangle</type>
			<description>None</description>
			<possibleresult>
				<name>Small Car</name>
			</possibleresult>
			<points>
				<point>479.576904,902.884644</point>
				<point>469.000000,905.000000</point>
				<point>467.423096,897.115356</point>
				<point>478.000000,895.000000</point>
				<point>479.576904,902.884644</point>
			</points>
		</object>
		<object>
			<coordinate>pixel</coordinate>
			<type>rectangle</type>
			<description>None</description>
			<possibleresult>
				<name>Bus</name>
			</possibleresult>
			<points>
				<point>307.999969,933.000000</point>
				<point>289.784576,976.514526</point>
				<point>278.999969,972.000000</point>
				<point>297.215363,928.485474</point>
				<point>307.999969,933.000000</point>
			</points>
		</object>
		<object>
			<coordinate>pixel</coordinate>
			<type>rectangle</type>
			<description>None</description>
			<possibleresult>
				<name>Small Car</name>
			</possibleresult>
			<points>
				<point>321.045227,862.873352</point>
				<point>316.000000,877.000061</point>
				<point>307.954773,874.126770</point>
				<point>313.000000,860.000061</point>
				<point>321.045227,862.873352</point>
			</points>
		</object>
		<object>
			<coordinate>pixel</coordinate>
			<type>rectangle</type>
			<description>None</description>
			<possibleresult>
				<name>Bus</name>
			</possibleresult>
			<points>
				<point>368.197021,790.707947</point>
				<point>354.999939,826.999939</point>
				<point>343.999939,822.999939</point>
				<point>357.197021,786.707947</point>
				<point>368.197021,790.707947</point>
			</points>
		</object>
		<object>
			<coordinate>pixel</coordinate>
			<type>rectangle</type>
			<description>None</description>
			<possibleresult>
				<name>Small Car</name>
			</possibleresult>
			<points>
				<point>405.000000,765.999939</point>
				<point>400.767151,777.287659</point>
				<point>392.767151,774.287659</point>
				<point>397.000000,762.999939</point>
				<point>405.000000,765.999939</point>
			</points>
		</object>
		<object>
			<coordinate>pixel</coordinate>
			<type>rectangle</type>
			<description>None</description>
			<possibleresult>
				<name>Dump Truck</name>
			</possibleresult>
			<points>
				<point>383.000061,721.000000</point>
				<point>377.000061,737.000000</point>
				<point>368.123352,733.671265</point>
				<point>374.123352,717.671265</point>
				<point>383.000061,721.000000</point>
			</points>
		</object>
		<object>
			<coordinate>pixel</coordinate>
			<type>rectangle</type>
			<description>None</description>
			<possibleresult>
				<name>Small Car</name>
			</possibleresult>
			<points>
				<point>392.000061,700.000000</point>
				<point>385.931091,715.172363</point>
				<point>378.000061,712.000000</point>
				<point>384.069031,696.827637</point>
				<point>392.000061,700.000000</point>
			</points>
		</object>
		<object>
			<coordinate>pixel</coordinate>
			<type>rectangle</type>
			<description>None</description>
			<possibleresult>
				<name>Small Car</name>
			</possibleresult>
			<points>
				<point>400.029541,680.928955</point>
				<point>394.999939,693.000000</point>
				<point>387.970337,690.071045</point>
				<point>392.999939,678.000000</point>
				<point>400.029541,680.928955</point>
			</points>
		</object>
		<object>
			<coordinate>pixel</coordinate>
			<type>rectangle</type>
			<description>None</description>
			<possibleresult>
				<name>Small Car</name>
			</possibleresult>
			<points>
				<point>409.231323,658.259827</point>
				<point>404.231323,674.259827</point>
				<point>397.000000,672.000061</point>
				<point>402.000000,656.000061</point>
				<point>409.231323,658.259827</point>
			</points>
		</object>
		<object>
			<coordinate>pixel</coordinate>
			<type>rectangle</type>
			<description>None</description>
			<possibleresult>
				<name>Small Car</name>
			</possibleresult>
			<points>
				<point>460.999939,526.999939</point>
				<point>454.999939,545.999939</point>
				<point>445.045288,542.856384</point>
				<point>451.045288,523.856384</point>
				<point>460.999939,526.999939</point>
			</points>
		</object>
		<object>
			<coordinate>pixel</coordinate>
			<type>rectangle</type>
			<description>None</description>
			<possibleresult>
				<name>Small Car</name>
			</possibleresult>
			<points>
				<point>469.248871,505.303162</point>
				<point>464.000031,520.000000</point>
				<point>454.751190,516.696838</point>
				<point>460.000031,502.000000</point>
				<point>469.248871,505.303162</point>
			</points>
		</object>
		<object>
			<coordinate>pixel</coordinate>
			<type>rectangle</type>
			<description>None</description>
			<possibleresult>
				<name>Van</name>
			</possibleresult>
			<points>
				<point>492.053955,501.844910</point>
				<point>484.000000,525.000061</point>
				<point>472.946045,521.155212</point>
				<point>481.000000,498.000061</point>
				<point>492.053955,501.844910</point>
			</points>
		</object>
		<object>
			<coordinate>pixel</coordinate>
			<type>rectangle</type>
			<description>None</description>
			<possibleresult>
				<name>Small Car</name>
			</possibleresult>
			<points>
				<point>476.000000,488.000031</point>
				<point>471.000000,503.000031</point>
				<point>463.799988,500.600006</point>
				<point>468.799988,485.600006</point>
				<point>476.000000,488.000031</point>
			</points>
		</object>
		<object>
			<coordinate>pixel</coordinate>
			<type>rectangle</type>
			<description>None</description>
			<possibleresult>
				<name>Small Car</name>
			</possibleresult>
			<points>
				<point>486.692352,471.461517</point>
				<point>476.692352,486.461517</point>
				<point>470.000031,481.999969</point>
				<point>480.000031,466.999969</point>
				<point>486.692352,471.461517</point>
			</points>
		</object>
		<object>
			<coordinate>pixel</coordinate>
			<type>rectangle</type>
			<description>None</description>
			<possibleresult>
				<name>Small Car</name>
			</possibleresult>
			<points>
				<point>517.000000,440.000000</point>
				<point>512.000000,455.000000</point>
				<point>502.700012,451.900024</point>
				<point>507.700012,436.900024</point>
				<point>517.000000,440.000000</point>
			</points>
		</object>
		<object>
			<coordinate>pixel</coordinate>
			<type>rectangle</type>
			<description>None</description>
			<possibleresult>
				<name>Small Car</name>
			</possibleresult>
			<points>
				<point>500.100006,428.700012</point>
				<point>494.000031,447.000000</point>
				<point>485.900055,444.299988</point>
				<point>492.000031,426.000000</point>
				<point>500.100006,428.700012</point>
			</points>
		</object>
		<object>
			<coordinate>pixel</coordinate>
			<type>rectangle</type>
			<description>None</description>
			<possibleresult>
				<name>Small Car</name>
			</possibleresult>
			<points>
				<point>478.000031,452.000000</point>
				<point>477.330353,459.031433</point>
				<point>456.000031,457.000000</point>
				<point>456.669708,449.968567</point>
				<point>478.000031,452.000000</point>
			</points>
		</object>
		<object>
			<coordinate>pixel</coordinate>
			<type>rectangle</type>
			<description>None</description>
			<possibleresult>
				<name>Small Car</name>
			</possibleresult>
			<points>
				<point>508.671234,409.876740</point>
				<point>502.671234,425.876740</point>
				<point>495.000031,423.000031</point>
				<point>501.000031,407.000031</point>
				<point>508.671234,409.876740</point>
			</points>
		</object>
		<object>
			<coordinate>pixel</coordinate>
			<type>rectangle</type>
			<description>None</description>
			<possibleresult>
				<name>Small Car</name>
			</possibleresult>
			<points>
				<point>521.000000,389.000000</point>
				<point>512.000000,405.000000</point>
				<point>504.213623,400.620178</point>
				<point>513.213623,384.620178</point>
				<point>521.000000,389.000000</point>
			</points>
		</object>
		<object>
			<coordinate>pixel</coordinate>
			<type>rectangle</type>
			<description>None</description>
			<possibleresult>
				<name>Small Car</name>
			</possibleresult>
			<points>
				<point>553.055420,343.843079</point>
				<point>546.944702,361.156921</point>
				<point>538.000122,358.000000</point>
				<point>544.110840,340.686157</point>
				<point>553.055420,343.843079</point>
			</points>
		</object>
		<object>
			<coordinate>pixel</coordinate>
			<type>rectangle</type>
			<description>None</description>
			<possibleresult>
				<name>Small Car</name>
			</possibleresult>
			<points>
				<point>592.000061,287.000031</point>
				<point>584.897888,302.219025</point>
				<point>578.000061,299.000031</point>
				<point>585.102234,283.781036</point>
				<point>592.000061,287.000031</point>
			</points>
		</object>
		<object>
			<coordinate>pixel</coordinate>
			<type>rectangle</type>
			<description>None</description>
			<possibleresult>
				<name>Small Car</name>
			</possibleresult>
			<points>
				<point>604.000000,260.000031</point>
				<point>596.800049,274.400055</point>
				<point>588.000000,270.000031</point>
				<point>595.199951,255.600006</point>
				<point>604.000000,260.000031</point>
			</points>
		</object>
		<object>
			<coordinate>pixel</coordinate>
			<type>rectangle</type>
			<description>None</description>
			<possibleresult>
				<name>Small Car</name>
			</possibleresult>
			<points>
				<point>580.000000,223.000015</point>
				<point>576.171997,231.081467</point>
				<point>556.742188,221.877853</point>
				<point>560.570190,213.796402</point>
				<point>580.000000,223.000015</point>
			</points>
		</object>
		<object>
			<coordinate>pixel</coordinate>
			<type>rectangle</type>
			<description>None</description>
			<possibleresult>
				<name>Small Car</name>
			</possibleresult>
			<points>
				<point>548.000000,237.000000</point>
				<point>526.000000,237.000000</point>
				<point>526.000000,229.000000</point>
				<point>548.000000,229.000000</point>
				<point>548.000000,237.000000</point>
			</points>
		</object>
		<object>
			<coordinate>pixel</coordinate>
			<type>rectangle</type>
			<description>None</description>
			<possibleresult>
				<name>Small Car</name>
			</possibleresult>
			<points>
				<point>532.317566,240.014435</point>
				<point>532.000061,247.000000</point>
				<point>509.682556,245.985565</point>
				<point>510.000061,239.000000</point>
				<point>532.317566,240.014435</point>
			</points>
		</object>
		<object>
			<coordinate>pixel</coordinate>
			<type>rectangle</type>
			<description>None</description>
			<possibleresult>
				<name>Small Car</name>
			</possibleresult>
			<points>
				<point>443.000000,278.000000</point>
				<point>423.000000,278.000000</point>
				<point>423.000000,271.000000</point>
				<point>443.000000,271.000000</point>
				<point>443.000000,278.000000</point>
			</points>
		</object>
		<object>
			<coordinate>pixel</coordinate>
			<type>rectangle</type>
			<description>None</description>
			<possibleresult>
				<name>Van</name>
			</possibleresult>
			<points>
				<point>445.000000,291.000000</point>
				<point>420.000000,291.000000</point>
				<point>420.000000,282.000000</point>
				<point>445.000000,282.000000</point>
				<point>445.000000,291.000000</point>
			</points>
		</object>
		<object>
			<coordinate>pixel</coordinate>
			<type>rectangle</type>
			<description>None</description>
			<possibleresult>
				<name>Small Car</name>
			</possibleresult>
			<points>
				<point>447.000000,308.000000</point>
				<point>425.000000,308.000000</point>
				<point>425.000000,301.000000</point>
				<point>447.000000,301.000000</point>
				<point>447.000000,308.000000</point>
			</points>
		</object>
		<object>
			<coordinate>pixel</coordinate>
			<type>rectangle</type>
			<description>None</description>
			<possibleresult>
				<name>Van</name>
			</possibleresult>
			<points>
				<point>447.000000,324.000000</point>
				<point>424.000000,324.000000</point>
				<point>424.000000,318.000000</point>
				<point>447.000000,318.000000</point>
				<point>447.000000,324.000000</point>
			</points>
		</object>
		<object>
			<coordinate>pixel</coordinate>
			<type>rectangle</type>
			<description>None</description>
			<possibleresult>
				<name>Small Car</name>
			</possibleresult>
			<points>
				<point>520.334900,289.968353</point>
				<point>520.000061,297.000031</point>
				<point>499.000061,296.000031</point>
				<point>499.334900,288.968353</point>
				<point>520.334900,289.968353</point>
			</points>
		</object>
		<object>
			<coordinate>pixel</coordinate>
			<type>rectangle</type>
			<description>None</description>
			<possibleresult>
				<name>Small Car</name>
			</possibleresult>
			<points>
				<point>522.367432,281.019379</point>
				<point>522.000000,288.000031</point>
				<point>502.632568,286.980682</point>
				<point>503.000000,280.000031</point>
				<point>522.367432,281.019379</point>
			</points>
		</object>
		<object>
			<coordinate>pixel</coordinate>
			<type>rectangle</type>
			<description>None</description>
			<possibleresult>
				<name>Van</name>
			</possibleresult>
			<points>
				<point>525.000000,272.000031</point>
				<point>524.698242,278.034943</point>
				<point>504.698242,277.034943</point>
				<point>505.000000,271.000031</point>
				<point>525.000000,272.000031</point>
			</points>
		</object>
		<object>
			<coordinate>pixel</coordinate>
			<type>rectangle</type>
			<description>None</description>
			<possibleresult>
				<name>Small Car</name>
			</possibleresult>
			<points>
				<point>255.000015,589.000061</point>
				<point>233.334854,590.031677</point>
				<point>233.000015,583.000061</point>
				<point>254.665176,581.968445</point>
				<point>255.000015,589.000061</point>
			</points>
		</object>
		<object>
			<coordinate>pixel</coordinate>
			<type>rectangle</type>
			<description>None</description>
			<possibleresult>
				<name>Small Car</name>
			</possibleresult>
			<points>
				<point>249.000000,636.000000</point>
				<point>239.890778,637.071655</point>
				<point>237.890778,620.071655</point>
				<point>247.000000,619.000000</point>
				<point>249.000000,636.000000</point>
			</points>
		</object>
		<object>
			<coordinate>pixel</coordinate>
			<type>rectangle</type>
			<description>None</description>
			<possibleresult>
				<name>Small Car</name>
			</possibleresult>
			<points>
				<point>238.115402,638.576904</point>
				<point>231.000015,640.000000</point>
				<point>227.884628,624.423096</point>
				<point>235.000015,623.000000</point>
				<point>238.115402,638.576904</point>
			</points>
		</object>
		<object>
			<coordinate>pixel</coordinate>
			<type>rectangle</type>
			<description>None</description>
			<possibleresult>
				<name>Small Car</name>
			</possibleresult>
			<points>
				<point>29.038906,702.377502</point>
				<point>28.038906,718.377502</point>
				<point>21.999996,718.000061</point>
				<point>22.999996,702.000061</point>
				<point>29.038906,702.377502</point>
			</points>
		</object>
		<object>
			<coordinate>pixel</coordinate>
			<type>rectangle</type>
			<description>None</description>
			<possibleresult>
				<name>Small Car</name>
			</possibleresult>
			<points>
				<point>32.364689,693.141235</point>
				<point>14.364689,697.141235</point>
				<point>12.999981,691.000000</point>
				<point>30.999981,687.000000</point>
				<point>32.364689,693.141235</point>
			</points>
		</object>
		<object>
			<coordinate>pixel</coordinate>
			<type>rectangle</type>
			<description>None</description>
			<possibleresult>
				<name>Van</name>
			</possibleresult>
			<points>
				<point>80.000000,353.000031</point>
				<point>78.635292,359.141205</point>
				<point>60.635288,355.141205</point>
				<point>61.999992,349.000031</point>
				<point>80.000000,353.000031</point>
			</points>
		</object>
		<object>
			<coordinate>pixel</coordinate>
			<type>rectangle</type>
			<description>None</description>
			<possibleresult>
				<name>Small Car</name>
			</possibleresult>
			<points>
				<point>78.033699,269.853943</point>
				<point>74.999992,283.000000</point>
				<point>66.966286,281.146057</point>
				<point>69.999992,268.000000</point>
				<point>78.033699,269.853943</point>
			</points>
		</object>
		<object>
			<coordinate>pixel</coordinate>
			<type>rectangle</type>
			<description>None</description>
			<possibleresult>
				<name>Van</name>
			</possibleresult>
			<points>
				<point>202.600021,275.800018</point>
				<point>195.000015,291.000031</point>
				<point>187.000015,287.000031</point>
				<point>194.600021,271.800018</point>
				<point>202.600021,275.800018</point>
			</points>
		</object>
		<object>
			<coordinate>pixel</coordinate>
			<type>rectangle</type>
			<description>None</description>
			<possibleresult>
				<name>Small Car</name>
			</possibleresult>
			<points>
				<point>208.188690,258.339569</point>
				<point>204.188690,272.339569</point>
				<point>196.000000,269.999969</point>
				<point>200.000000,255.999969</point>
				<point>208.188690,258.339569</point>
			</points>
		</object>
		<object>
			<coordinate>pixel</coordinate>
			<type>rectangle</type>
			<description>None</description>
			<possibleresult>
				<name>Small Car</name>
			</possibleresult>
			<points>
				<point>279.000000,239.000015</point>
				<point>278.290100,245.034134</point>
				<point>261.290100,243.034134</point>
				<point>262.000000,237.000015</point>
				<point>279.000000,239.000015</point>
			</points>
		</object>
		<object>
			<coordinate>pixel</coordinate>
			<type>rectangle</type>
			<description>None</description>
			<possibleresult>
				<name>Cargo Truck</name>
			</possibleresult>
			<points>
				<point>105.544579,458.445557</point>
				<point>101.000023,464.000000</point>
				<point>89.455467,454.554443</point>
				<point>94.000023,449.000000</point>
				<point>105.544579,458.445557</point>
			</points>
		</object>
		<object>
			<coordinate>pixel</coordinate>
			<type>rectangle</type>
			<description>None</description>
			<possibleresult>
				<name>Small Car</name>
			</possibleresult>
			<points>
				<point>125.000000,461.000000</point>
				<point>117.000000,461.000000</point>
				<point>117.000000,449.000000</point>
				<point>125.000000,449.000000</point>
				<point>125.000000,461.000000</point>
			</points>
		</object>
		<object>
			<coordinate>pixel</coordinate>
			<type>rectangle</type>
			<description>None</description>
			<possibleresult>
				<name>Small Car</name>
			</possibleresult>
			<points>
				<point>140.027039,453.837830</point>
				<point>138.000015,466.000000</point>
				<point>126.972992,464.162170</point>
				<point>129.000015,452.000000</point>
				<point>140.027039,453.837830</point>
			</points>
		</object>
		<object>
			<coordinate>pixel</coordinate>
			<type>rectangle</type>
			<description>None</description>
			<possibleresult>
				<name>Dump Truck</name>
			</possibleresult>
			<points>
				<point>118.999969,492.000000</point>
				<point>111.999969,511.000000</point>
				<point>102.778015,507.602417</point>
				<point>109.778015,488.602417</point>
				<point>118.999969,492.000000</point>
			</points>
		</object>
		<object>
			<coordinate>pixel</coordinate>
			<type>rectangle</type>
			<description>None</description>
			<possibleresult>
				<name>Small Car</name>
			</possibleresult>
			<points>
				<point>152.033203,533.875549</point>
				<point>148.000000,549.000061</point>
				<point>140.966797,547.124573</point>
				<point>145.000000,532.000061</point>
				<point>152.033203,533.875549</point>
			</points>
		</object>
		<object>
			<coordinate>pixel</coordinate>
			<type>rectangle</type>
			<description>None</description>
			<possibleresult>
				<name>Small Car</name>
			</possibleresult>
			<points>
				<point>450.000000,473.000000</point>
				<point>424.000000,473.000000</point>
				<point>424.000000,466.000000</point>
				<point>450.000000,466.000000</point>
				<point>450.000000,473.000000</point>
			</points>
		</object>
		<object>
			<coordinate>pixel</coordinate>
			<type>rectangle</type>
			<description>None</description>
			<possibleresult>
				<name>Intersection</name>
			</possibleresult>
			<points>
				<point>665.456604,205.967072</point>
				<point>662.000061,263.000000</point>
				<point>563.000061,257.000000</point>
				<point>566.456604,199.967072</point>
				<point>665.456604,205.967072</point>
			</points>
		</object>
	</objects>
</annotation>