<?xml version="1.0" encoding="utf-8"?>
<annotation>
	<source>
		<filename>909.tif</filename>
		<origin>GF2/GF3</origin>
	</source>
	<research>
		<version>1.0</version>
		<provider>FAIR1M</provider>
		<author>Cyber</author>
		<pluginname>FAIR1M</pluginname>
		<pluginclass>object detection</pluginclass>
		<time>2021-07-21</time>
	</research>
	<size>
		<width>1000</width>
		<height>1000</height>
		<depth>3</depth>
	</size>
	<objects>
		<object>
			<coordinate>pixel</coordinate>
			<type>rectangle</type>
			<description>None</description>
			<possibleresult>
				<name>Tennis Court</name>
			</possibleresult>
			<points>
				<point>350.000000,613.000000</point>
				<point>301.000000,623.000000</point>
				<point>286.000000,539.000000</point>
				<point>334.000000,530.000000</point>
				<point>350.000000,613.000000</point>
			</points>
		</object>
		<object>
			<coordinate>pixel</coordinate>
			<type>rectangle</type>
			<description>None</description>
			<possibleresult>
				<name>Tennis Court</name>
			</possibleresult>
			<points>
				<point>285.000000,621.000000</point>
				<point>237.000000,630.000000</point>
				<point>221.000000,547.000000</point>
				<point>268.000000,537.000000</point>
				<point>285.000000,621.000000</point>
			</points>
		</object>
		<object>
			<coordinate>pixel</coordinate>
			<type>rectangle</type>
			<description>None</description>
			<possibleresult>
				<name>Small Car</name>
			</possibleresult>
			<points>
				<point>859.000000,178.000000</point>
				<point>846.000000,194.000000</point>
				<point>839.000000,188.000000</point>
				<point>852.000000,172.000000</point>
				<point>859.000000,178.000000</point>
			</points>
		</object>
		<object>
			<coordinate>pixel</coordinate>
			<type>rectangle</type>
			<description>None</description>
			<possibleresult>
				<name>Cargo Truck</name>
			</possibleresult>
			<points>
				<point>827.000000,328.000000</point>
				<point>823.000000,349.000000</point>
				<point>808.000000,346.000000</point>
				<point>812.000000,325.000000</point>
				<point>827.000000,328.000000</point>
			</points>
		</object>
		<object>
			<coordinate>pixel</coordinate>
			<type>rectangle</type>
			<description>None</description>
			<possibleresult>
				<name>Van</name>
			</possibleresult>
			<points>
				<point>920.000000,305.000000</point>
				<point>916.000000,318.000000</point>
				<point>909.000000,315.000000</point>
				<point>913.000000,302.000000</point>
				<point>920.000000,305.000000</point>
			</points>
		</object>
		<object>
			<coordinate>pixel</coordinate>
			<type>rectangle</type>
			<description>None</description>
			<possibleresult>
				<name>Van</name>
			</possibleresult>
			<points>
				<point>954.000000,321.000000</point>
				<point>951.000000,339.000000</point>
				<point>942.000000,338.000000</point>
				<point>945.000000,320.000000</point>
				<point>954.000000,321.000000</point>
			</points>
		</object>
		<object>
			<coordinate>pixel</coordinate>
			<type>rectangle</type>
			<description>None</description>
			<possibleresult>
				<name>Van</name>
			</possibleresult>
			<points>
				<point>954.000000,818.000000</point>
				<point>945.000000,818.000000</point>
				<point>945.000000,802.000000</point>
				<point>954.000000,802.000000</point>
				<point>954.000000,818.000000</point>
			</points>
		</object>
		<object>
			<coordinate>pixel</coordinate>
			<type>rectangle</type>
			<description>None</description>
			<possibleresult>
				<name>Van</name>
			</possibleresult>
			<points>
				<point>945.000000,785.000000</point>
				<point>944.000000,801.000000</point>
				<point>936.000000,801.000000</point>
				<point>937.000000,785.000000</point>
				<point>945.000000,785.000000</point>
			</points>
		</object>
		<object>
			<coordinate>pixel</coordinate>
			<type>rectangle</type>
			<description>None</description>
			<possibleresult>
				<name>Van</name>
			</possibleresult>
			<points>
				<point>716.000000,777.000000</point>
				<point>713.000000,784.000000</point>
				<point>695.000000,778.000000</point>
				<point>698.000000,771.000000</point>
				<point>716.000000,777.000000</point>
			</points>
		</object>
		<object>
			<coordinate>pixel</coordinate>
			<type>rectangle</type>
			<description>None</description>
			<possibleresult>
				<name>Small Car</name>
			</possibleresult>
			<points>
				<point>662.000000,721.000000</point>
				<point>653.000000,737.000000</point>
				<point>646.000000,734.000000</point>
				<point>655.000000,718.000000</point>
				<point>662.000000,721.000000</point>
			</points>
		</object>
		<object>
			<coordinate>pixel</coordinate>
			<type>rectangle</type>
			<description>None</description>
			<possibleresult>
				<name>Small Car</name>
			</possibleresult>
			<points>
				<point>388.000000,438.000000</point>
				<point>366.000000,444.000000</point>
				<point>364.000000,437.000000</point>
				<point>387.000000,432.000000</point>
				<point>388.000000,438.000000</point>
			</points>
		</object>
		<object>
			<coordinate>pixel</coordinate>
			<type>rectangle</type>
			<description>None</description>
			<possibleresult>
				<name>Dump Truck</name>
			</possibleresult>
			<points>
				<point>458.000000,832.000000</point>
				<point>457.000000,841.000000</point>
				<point>428.000000,840.000000</point>
				<point>429.000000,831.000000</point>
				<point>458.000000,832.000000</point>
			</points>
		</object>
		<object>
			<coordinate>pixel</coordinate>
			<type>rectangle</type>
			<description>None</description>
			<possibleresult>
				<name>Dump Truck</name>
			</possibleresult>
			<points>
				<point>462.000000,824.000000</point>
				<point>462.000000,832.000000</point>
				<point>437.000000,829.000000</point>
				<point>438.000000,822.000000</point>
				<point>462.000000,824.000000</point>
			</points>
		</object>
		<object>
			<coordinate>pixel</coordinate>
			<type>rectangle</type>
			<description>None</description>
			<possibleresult>
				<name>Dump Truck</name>
			</possibleresult>
			<points>
				<point>461.000000,815.000000</point>
				<point>449.000000,815.000000</point>
				<point>449.000000,808.000000</point>
				<point>461.000000,808.000000</point>
				<point>461.000000,815.000000</point>
			</points>
		</object>
		<object>
			<coordinate>pixel</coordinate>
			<type>rectangle</type>
			<description>None</description>
			<possibleresult>
				<name>Van</name>
			</possibleresult>
			<points>
				<point>468.000000,770.000000</point>
				<point>468.000000,778.000000</point>
				<point>447.000000,776.000000</point>
				<point>447.000000,768.000000</point>
				<point>468.000000,770.000000</point>
			</points>
		</object>
		<object>
			<coordinate>pixel</coordinate>
			<type>rectangle</type>
			<description>None</description>
			<possibleresult>
				<name>Small Car</name>
			</possibleresult>
			<points>
				<point>470.000000,739.000000</point>
				<point>447.000000,739.000000</point>
				<point>447.000000,731.000000</point>
				<point>470.000000,731.000000</point>
				<point>470.000000,739.000000</point>
			</points>
		</object>
		<object>
			<coordinate>pixel</coordinate>
			<type>rectangle</type>
			<description>None</description>
			<possibleresult>
				<name>Dump Truck</name>
			</possibleresult>
			<points>
				<point>472.000000,722.000000</point>
				<point>472.000000,730.000000</point>
				<point>457.000000,729.000000</point>
				<point>457.000000,721.000000</point>
				<point>472.000000,722.000000</point>
			</points>
		</object>
		<object>
			<coordinate>pixel</coordinate>
			<type>rectangle</type>
			<description>None</description>
			<possibleresult>
				<name>Van</name>
			</possibleresult>
			<points>
				<point>333.000000,712.000000</point>
				<point>330.000000,728.000000</point>
				<point>322.000000,727.000000</point>
				<point>324.000000,710.000000</point>
				<point>333.000000,712.000000</point>
			</points>
		</object>
		<object>
			<coordinate>pixel</coordinate>
			<type>rectangle</type>
			<description>None</description>
			<possibleresult>
				<name>Dump Truck</name>
			</possibleresult>
			<points>
				<point>307.000000,709.000000</point>
				<point>305.000000,727.000000</point>
				<point>296.000000,726.000000</point>
				<point>298.000000,708.000000</point>
				<point>307.000000,709.000000</point>
			</points>
		</object>
		<object>
			<coordinate>pixel</coordinate>
			<type>rectangle</type>
			<description>None</description>
			<possibleresult>
				<name>Van</name>
			</possibleresult>
			<points>
				<point>296.000000,710.000000</point>
				<point>293.000000,726.000000</point>
				<point>285.000000,725.000000</point>
				<point>287.000000,708.000000</point>
				<point>296.000000,710.000000</point>
			</points>
		</object>
		<object>
			<coordinate>pixel</coordinate>
			<type>rectangle</type>
			<description>None</description>
			<possibleresult>
				<name>Van</name>
			</possibleresult>
			<points>
				<point>284.000000,707.000000</point>
				<point>283.000000,725.000000</point>
				<point>272.000000,724.000000</point>
				<point>273.000000,707.000000</point>
				<point>284.000000,707.000000</point>
			</points>
		</object>
		<object>
			<coordinate>pixel</coordinate>
			<type>rectangle</type>
			<description>None</description>
			<possibleresult>
				<name>Van</name>
			</possibleresult>
			<points>
				<point>271.000000,722.000000</point>
				<point>264.000000,722.000000</point>
				<point>264.000000,710.000000</point>
				<point>271.000000,710.000000</point>
				<point>271.000000,722.000000</point>
			</points>
		</object>
		<object>
			<coordinate>pixel</coordinate>
			<type>rectangle</type>
			<description>None</description>
			<possibleresult>
				<name>Van</name>
			</possibleresult>
			<points>
				<point>231.000000,705.000000</point>
				<point>228.000000,721.000000</point>
				<point>219.000000,720.000000</point>
				<point>222.000000,704.000000</point>
				<point>231.000000,705.000000</point>
			</points>
		</object>
		<object>
			<coordinate>pixel</coordinate>
			<type>rectangle</type>
			<description>None</description>
			<possibleresult>
				<name>Dump Truck</name>
			</possibleresult>
			<points>
				<point>217.000000,706.000000</point>
				<point>216.000000,723.000000</point>
				<point>207.000000,722.000000</point>
				<point>208.000000,705.000000</point>
				<point>217.000000,706.000000</point>
			</points>
		</object>
		<object>
			<coordinate>pixel</coordinate>
			<type>rectangle</type>
			<description>None</description>
			<possibleresult>
				<name>Van</name>
			</possibleresult>
			<points>
				<point>206.000000,704.000000</point>
				<point>204.000000,719.000000</point>
				<point>197.000000,719.000000</point>
				<point>198.000000,703.000000</point>
				<point>206.000000,704.000000</point>
			</points>
		</object>
		<object>
			<coordinate>pixel</coordinate>
			<type>rectangle</type>
			<description>None</description>
			<possibleresult>
				<name>Van</name>
			</possibleresult>
			<points>
				<point>430.000000,686.000000</point>
				<point>421.000000,686.000000</point>
				<point>421.000000,670.000000</point>
				<point>430.000000,670.000000</point>
				<point>430.000000,686.000000</point>
			</points>
		</object>
		<object>
			<coordinate>pixel</coordinate>
			<type>rectangle</type>
			<description>None</description>
			<possibleresult>
				<name>Dump Truck</name>
			</possibleresult>
			<points>
				<point>418.000000,665.000000</point>
				<point>417.000000,685.000000</point>
				<point>406.000000,684.000000</point>
				<point>408.000000,665.000000</point>
				<point>418.000000,665.000000</point>
			</points>
		</object>
		<object>
			<coordinate>pixel</coordinate>
			<type>rectangle</type>
			<description>None</description>
			<possibleresult>
				<name>Van</name>
			</possibleresult>
			<points>
				<point>406.000000,665.000000</point>
				<point>405.000000,680.000000</point>
				<point>397.000000,680.000000</point>
				<point>398.000000,665.000000</point>
				<point>406.000000,665.000000</point>
			</points>
		</object>
		<object>
			<coordinate>pixel</coordinate>
			<type>rectangle</type>
			<description>None</description>
			<possibleresult>
				<name>Van</name>
			</possibleresult>
			<points>
				<point>393.000000,665.000000</point>
				<point>391.000000,681.000000</point>
				<point>383.000000,680.000000</point>
				<point>385.000000,664.000000</point>
				<point>393.000000,665.000000</point>
			</points>
		</object>
		<object>
			<coordinate>pixel</coordinate>
			<type>rectangle</type>
			<description>None</description>
			<possibleresult>
				<name>Van</name>
			</possibleresult>
			<points>
				<point>381.000000,665.000000</point>
				<point>380.000000,682.000000</point>
				<point>371.000000,681.000000</point>
				<point>373.000000,665.000000</point>
				<point>381.000000,665.000000</point>
			</points>
		</object>
		<object>
			<coordinate>pixel</coordinate>
			<type>rectangle</type>
			<description>None</description>
			<possibleresult>
				<name>Van</name>
			</possibleresult>
			<points>
				<point>370.000000,663.000000</point>
				<point>369.000000,682.000000</point>
				<point>359.000000,681.000000</point>
				<point>360.000000,662.000000</point>
				<point>370.000000,663.000000</point>
			</points>
		</object>
		<object>
			<coordinate>pixel</coordinate>
			<type>rectangle</type>
			<description>None</description>
			<possibleresult>
				<name>Small Car</name>
			</possibleresult>
			<points>
				<point>358.000000,664.000000</point>
				<point>357.000000,680.000000</point>
				<point>347.000000,679.000000</point>
				<point>349.000000,664.000000</point>
				<point>358.000000,664.000000</point>
			</points>
		</object>
		<object>
			<coordinate>pixel</coordinate>
			<type>rectangle</type>
			<description>None</description>
			<possibleresult>
				<name>Dump Truck</name>
			</possibleresult>
			<points>
				<point>345.000000,682.000000</point>
				<point>336.000000,682.000000</point>
				<point>336.000000,665.000000</point>
				<point>345.000000,665.000000</point>
				<point>345.000000,682.000000</point>
			</points>
		</object>
		<object>
			<coordinate>pixel</coordinate>
			<type>rectangle</type>
			<description>None</description>
			<possibleresult>
				<name>Van</name>
			</possibleresult>
			<points>
				<point>316.000000,680.000000</point>
				<point>306.000000,680.000000</point>
				<point>305.000000,665.000000</point>
				<point>315.000000,665.000000</point>
				<point>316.000000,680.000000</point>
			</points>
		</object>
		<object>
			<coordinate>pixel</coordinate>
			<type>rectangle</type>
			<description>None</description>
			<possibleresult>
				<name>Van</name>
			</possibleresult>
			<points>
				<point>291.000000,678.000000</point>
				<point>281.000000,678.000000</point>
				<point>281.000000,662.000000</point>
				<point>291.000000,662.000000</point>
				<point>291.000000,678.000000</point>
			</points>
		</object>
		<object>
			<coordinate>pixel</coordinate>
			<type>rectangle</type>
			<description>None</description>
			<possibleresult>
				<name>Small Car</name>
			</possibleresult>
			<points>
				<point>279.000000,663.000000</point>
				<point>277.000000,679.000000</point>
				<point>269.000000,678.000000</point>
				<point>271.000000,662.000000</point>
				<point>279.000000,663.000000</point>
			</points>
		</object>
		<object>
			<coordinate>pixel</coordinate>
			<type>rectangle</type>
			<description>None</description>
			<possibleresult>
				<name>Dump Truck</name>
			</possibleresult>
			<points>
				<point>267.000000,661.000000</point>
				<point>265.000000,680.000000</point>
				<point>255.000000,678.000000</point>
				<point>257.000000,659.000000</point>
				<point>267.000000,661.000000</point>
			</points>
		</object>
		<object>
			<coordinate>pixel</coordinate>
			<type>rectangle</type>
			<description>None</description>
			<possibleresult>
				<name>Small Car</name>
			</possibleresult>
			<points>
				<point>254.000000,676.000000</point>
				<point>246.000000,676.000000</point>
				<point>246.000000,660.000000</point>
				<point>254.000000,660.000000</point>
				<point>254.000000,676.000000</point>
			</points>
		</object>
		<object>
			<coordinate>pixel</coordinate>
			<type>rectangle</type>
			<description>None</description>
			<possibleresult>
				<name>Van</name>
			</possibleresult>
			<points>
				<point>228.000000,679.000000</point>
				<point>219.000000,679.000000</point>
				<point>219.000000,662.000000</point>
				<point>228.000000,662.000000</point>
				<point>228.000000,679.000000</point>
			</points>
		</object>
		<object>
			<coordinate>pixel</coordinate>
			<type>rectangle</type>
			<description>None</description>
			<possibleresult>
				<name>Van</name>
			</possibleresult>
			<points>
				<point>191.000000,963.000000</point>
				<point>171.000000,963.000000</point>
				<point>171.000000,956.000000</point>
				<point>191.000000,956.000000</point>
				<point>191.000000,963.000000</point>
			</points>
		</object>
		<object>
			<coordinate>pixel</coordinate>
			<type>rectangle</type>
			<description>None</description>
			<possibleresult>
				<name>Dump Truck</name>
			</possibleresult>
			<points>
				<point>192.000000,935.000000</point>
				<point>164.000000,935.000000</point>
				<point>164.000000,927.000000</point>
				<point>192.000000,927.000000</point>
				<point>192.000000,935.000000</point>
			</points>
		</object>
		<object>
			<coordinate>pixel</coordinate>
			<type>rectangle</type>
			<description>None</description>
			<possibleresult>
				<name>Dump Truck</name>
			</possibleresult>
			<points>
				<point>190.000000,878.000000</point>
				<point>165.000000,879.000000</point>
				<point>165.000000,871.000000</point>
				<point>190.000000,870.000000</point>
				<point>190.000000,878.000000</point>
			</points>
		</object>
		<object>
			<coordinate>pixel</coordinate>
			<type>rectangle</type>
			<description>None</description>
			<possibleresult>
				<name>Van</name>
			</possibleresult>
			<points>
				<point>186.000000,860.000000</point>
				<point>168.000000,862.000000</point>
				<point>167.000000,855.000000</point>
				<point>186.000000,854.000000</point>
				<point>186.000000,860.000000</point>
			</points>
		</object>
		<object>
			<coordinate>pixel</coordinate>
			<type>rectangle</type>
			<description>None</description>
			<possibleresult>
				<name>Van</name>
			</possibleresult>
			<points>
				<point>188.000000,844.000000</point>
				<point>167.000000,844.000000</point>
				<point>167.000000,836.000000</point>
				<point>188.000000,836.000000</point>
				<point>188.000000,844.000000</point>
			</points>
		</object>
		<object>
			<coordinate>pixel</coordinate>
			<type>rectangle</type>
			<description>None</description>
			<possibleresult>
				<name>Van</name>
			</possibleresult>
			<points>
				<point>186.000000,835.000000</point>
				<point>167.000000,835.000000</point>
				<point>167.000000,827.000000</point>
				<point>186.000000,827.000000</point>
				<point>186.000000,835.000000</point>
			</points>
		</object>
		<object>
			<coordinate>pixel</coordinate>
			<type>rectangle</type>
			<description>None</description>
			<possibleresult>
				<name>Small Car</name>
			</possibleresult>
			<points>
				<point>133.000000,908.000000</point>
				<point>107.000000,910.000000</point>
				<point>106.000000,902.000000</point>
				<point>133.000000,901.000000</point>
				<point>133.000000,908.000000</point>
			</points>
		</object>
		<object>
			<coordinate>pixel</coordinate>
			<type>rectangle</type>
			<description>None</description>
			<possibleresult>
				<name>Dump Truck</name>
			</possibleresult>
			<points>
				<point>118.000000,802.000000</point>
				<point>107.000000,802.000000</point>
				<point>107.000000,778.000000</point>
				<point>118.000000,778.000000</point>
				<point>118.000000,802.000000</point>
			</points>
		</object>
		<object>
			<coordinate>pixel</coordinate>
			<type>rectangle</type>
			<description>None</description>
			<possibleresult>
				<name>Small Car</name>
			</possibleresult>
			<points>
				<point>116.000000,775.000000</point>
				<point>107.000000,776.000000</point>
				<point>106.000000,757.000000</point>
				<point>115.000000,756.000000</point>
				<point>116.000000,775.000000</point>
			</points>
		</object>
		<object>
			<coordinate>pixel</coordinate>
			<type>rectangle</type>
			<description>None</description>
			<possibleresult>
				<name>Van</name>
			</possibleresult>
			<points>
				<point>195.000000,772.000000</point>
				<point>194.000000,780.000000</point>
				<point>169.000000,779.000000</point>
				<point>169.000000,770.000000</point>
				<point>195.000000,772.000000</point>
			</points>
		</object>
		<object>
			<coordinate>pixel</coordinate>
			<type>rectangle</type>
			<description>None</description>
			<possibleresult>
				<name>Van</name>
			</possibleresult>
			<points>
				<point>194.000000,768.000000</point>
				<point>168.000000,768.000000</point>
				<point>168.000000,760.000000</point>
				<point>194.000000,760.000000</point>
				<point>194.000000,768.000000</point>
			</points>
		</object>
		<object>
			<coordinate>pixel</coordinate>
			<type>rectangle</type>
			<description>None</description>
			<possibleresult>
				<name>Van</name>
			</possibleresult>
			<points>
				<point>192.000000,759.000000</point>
				<point>165.000000,759.000000</point>
				<point>165.000000,750.000000</point>
				<point>192.000000,750.000000</point>
				<point>192.000000,759.000000</point>
			</points>
		</object>
		<object>
			<coordinate>pixel</coordinate>
			<type>rectangle</type>
			<description>None</description>
			<possibleresult>
				<name>Van</name>
			</possibleresult>
			<points>
				<point>193.000000,742.000000</point>
				<point>192.000000,748.000000</point>
				<point>172.000000,747.000000</point>
				<point>172.000000,740.000000</point>
				<point>193.000000,742.000000</point>
			</points>
		</object>
		<object>
			<coordinate>pixel</coordinate>
			<type>rectangle</type>
			<description>None</description>
			<possibleresult>
				<name>Small Car</name>
			</possibleresult>
			<points>
				<point>194.000000,729.000000</point>
				<point>173.000000,729.000000</point>
				<point>173.000000,722.000000</point>
				<point>194.000000,722.000000</point>
				<point>194.000000,729.000000</point>
			</points>
		</object>
		<object>
			<coordinate>pixel</coordinate>
			<type>rectangle</type>
			<description>None</description>
			<possibleresult>
				<name>Small Car</name>
			</possibleresult>
			<points>
				<point>194.000000,715.000000</point>
				<point>168.000000,715.000000</point>
				<point>168.000000,707.000000</point>
				<point>194.000000,707.000000</point>
				<point>194.000000,715.000000</point>
			</points>
		</object>
		<object>
			<coordinate>pixel</coordinate>
			<type>rectangle</type>
			<description>None</description>
			<possibleresult>
				<name>Van</name>
			</possibleresult>
			<points>
				<point>119.000000,705.000000</point>
				<point>99.000000,705.000000</point>
				<point>99.000000,698.000000</point>
				<point>119.000000,698.000000</point>
				<point>119.000000,705.000000</point>
			</points>
		</object>
		<object>
			<coordinate>pixel</coordinate>
			<type>rectangle</type>
			<description>None</description>
			<possibleresult>
				<name>Van</name>
			</possibleresult>
			<points>
				<point>36.000000,675.000000</point>
				<point>28.000000,678.000000</point>
				<point>22.000000,662.000000</point>
				<point>29.000000,660.000000</point>
				<point>36.000000,675.000000</point>
			</points>
		</object>
		<object>
			<coordinate>pixel</coordinate>
			<type>rectangle</type>
			<description>None</description>
			<possibleresult>
				<name>Small Car</name>
			</possibleresult>
			<points>
				<point>216.000000,631.000000</point>
				<point>195.000000,633.000000</point>
				<point>194.000000,625.000000</point>
				<point>215.000000,623.000000</point>
				<point>216.000000,631.000000</point>
			</points>
		</object>
		<object>
			<coordinate>pixel</coordinate>
			<type>rectangle</type>
			<description>None</description>
			<possibleresult>
				<name>Van</name>
			</possibleresult>
			<points>
				<point>214.000000,621.000000</point>
				<point>192.000000,623.000000</point>
				<point>191.000000,616.000000</point>
				<point>213.000000,613.000000</point>
				<point>214.000000,621.000000</point>
			</points>
		</object>
		<object>
			<coordinate>pixel</coordinate>
			<type>rectangle</type>
			<description>None</description>
			<possibleresult>
				<name>Small Car</name>
			</possibleresult>
			<points>
				<point>211.000000,609.000000</point>
				<point>190.000000,613.000000</point>
				<point>189.000000,606.000000</point>
				<point>210.000000,603.000000</point>
				<point>211.000000,609.000000</point>
			</points>
		</object>
		<object>
			<coordinate>pixel</coordinate>
			<type>rectangle</type>
			<description>None</description>
			<possibleresult>
				<name>Van</name>
			</possibleresult>
			<points>
				<point>205.000000,593.000000</point>
				<point>184.000000,596.000000</point>
				<point>182.000000,589.000000</point>
				<point>204.000000,585.000000</point>
				<point>205.000000,593.000000</point>
			</points>
		</object>
		<object>
			<coordinate>pixel</coordinate>
			<type>rectangle</type>
			<description>None</description>
			<possibleresult>
				<name>Van</name>
			</possibleresult>
			<points>
				<point>200.000000,584.000000</point>
				<point>179.000000,586.000000</point>
				<point>179.000000,579.000000</point>
				<point>199.000000,576.000000</point>
				<point>200.000000,584.000000</point>
			</points>
		</object>
		<object>
			<coordinate>pixel</coordinate>
			<type>rectangle</type>
			<description>None</description>
			<possibleresult>
				<name>Small Car</name>
			</possibleresult>
			<points>
				<point>170.000000,664.000000</point>
				<point>169.000000,672.000000</point>
				<point>149.000000,671.000000</point>
				<point>150.000000,663.000000</point>
				<point>170.000000,664.000000</point>
			</points>
		</object>
		<object>
			<coordinate>pixel</coordinate>
			<type>rectangle</type>
			<description>None</description>
			<possibleresult>
				<name>Small Car</name>
			</possibleresult>
			<points>
				<point>168.000000,662.000000</point>
				<point>157.000000,662.000000</point>
				<point>157.000000,655.000000</point>
				<point>168.000000,655.000000</point>
				<point>168.000000,662.000000</point>
			</points>
		</object>
		<object>
			<coordinate>pixel</coordinate>
			<type>rectangle</type>
			<description>None</description>
			<possibleresult>
				<name>Van</name>
			</possibleresult>
			<points>
				<point>163.000000,645.000000</point>
				<point>151.000000,647.000000</point>
				<point>150.000000,641.000000</point>
				<point>162.000000,639.000000</point>
				<point>163.000000,645.000000</point>
			</points>
		</object>
		<object>
			<coordinate>pixel</coordinate>
			<type>rectangle</type>
			<description>None</description>
			<possibleresult>
				<name>Small Car</name>
			</possibleresult>
			<points>
				<point>160.000000,634.000000</point>
				<point>139.000000,638.000000</point>
				<point>137.000000,630.000000</point>
				<point>159.000000,627.000000</point>
				<point>160.000000,634.000000</point>
			</points>
		</object>
		<object>
			<coordinate>pixel</coordinate>
			<type>rectangle</type>
			<description>None</description>
			<possibleresult>
				<name>Van</name>
			</possibleresult>
			<points>
				<point>153.000000,614.000000</point>
				<point>131.000000,616.000000</point>
				<point>130.000000,609.000000</point>
				<point>152.000000,606.000000</point>
				<point>153.000000,614.000000</point>
			</points>
		</object>
		<object>
			<coordinate>pixel</coordinate>
			<type>rectangle</type>
			<description>None</description>
			<possibleresult>
				<name>Van</name>
			</possibleresult>
			<points>
				<point>152.000000,603.000000</point>
				<point>133.000000,605.000000</point>
				<point>133.000000,598.000000</point>
				<point>152.000000,596.000000</point>
				<point>152.000000,603.000000</point>
			</points>
		</object>
		<object>
			<coordinate>pixel</coordinate>
			<type>rectangle</type>
			<description>None</description>
			<possibleresult>
				<name>Small Car</name>
			</possibleresult>
			<points>
				<point>172.000000,552.000000</point>
				<point>165.000000,556.000000</point>
				<point>156.000000,539.000000</point>
				<point>164.000000,536.000000</point>
				<point>172.000000,552.000000</point>
			</points>
		</object>
		<object>
			<coordinate>pixel</coordinate>
			<type>rectangle</type>
			<description>None</description>
			<possibleresult>
				<name>Van</name>
			</possibleresult>
			<points>
				<point>161.000000,558.000000</point>
				<point>153.000000,562.000000</point>
				<point>146.000000,545.000000</point>
				<point>155.000000,542.000000</point>
				<point>161.000000,558.000000</point>
			</points>
		</object>
		<object>
			<coordinate>pixel</coordinate>
			<type>rectangle</type>
			<description>None</description>
			<possibleresult>
				<name>Small Car</name>
			</possibleresult>
			<points>
				<point>149.000000,562.000000</point>
				<point>140.000000,565.000000</point>
				<point>136.000000,547.000000</point>
				<point>145.000000,544.000000</point>
				<point>149.000000,562.000000</point>
			</points>
		</object>
		<object>
			<coordinate>pixel</coordinate>
			<type>rectangle</type>
			<description>None</description>
			<possibleresult>
				<name>Van</name>
			</possibleresult>
			<points>
				<point>138.000000,564.000000</point>
				<point>130.000000,567.000000</point>
				<point>124.000000,552.000000</point>
				<point>131.000000,548.000000</point>
				<point>138.000000,564.000000</point>
			</points>
		</object>
		<object>
			<coordinate>pixel</coordinate>
			<type>rectangle</type>
			<description>None</description>
			<possibleresult>
				<name>Small Car</name>
			</possibleresult>
			<points>
				<point>125.000000,566.000000</point>
				<point>116.000000,570.000000</point>
				<point>109.000000,552.000000</point>
				<point>118.000000,548.000000</point>
				<point>125.000000,566.000000</point>
			</points>
		</object>
		<object>
			<coordinate>pixel</coordinate>
			<type>rectangle</type>
			<description>None</description>
			<possibleresult>
				<name>Van</name>
			</possibleresult>
			<points>
				<point>113.000000,568.000000</point>
				<point>106.000000,571.000000</point>
				<point>99.000000,556.000000</point>
				<point>106.000000,553.000000</point>
				<point>113.000000,568.000000</point>
			</points>
		</object>
		<object>
			<coordinate>pixel</coordinate>
			<type>rectangle</type>
			<description>None</description>
			<possibleresult>
				<name>Van</name>
			</possibleresult>
			<points>
				<point>103.000000,570.000000</point>
				<point>95.000000,574.000000</point>
				<point>87.000000,558.000000</point>
				<point>95.000000,554.000000</point>
				<point>103.000000,570.000000</point>
			</points>
		</object>
		<object>
			<coordinate>pixel</coordinate>
			<type>rectangle</type>
			<description>None</description>
			<possibleresult>
				<name>Van</name>
			</possibleresult>
			<points>
				<point>90.000000,570.000000</point>
				<point>81.000000,575.000000</point>
				<point>74.000000,561.000000</point>
				<point>83.000000,556.000000</point>
				<point>90.000000,570.000000</point>
			</points>
		</object>
		<object>
			<coordinate>pixel</coordinate>
			<type>rectangle</type>
			<description>None</description>
			<possibleresult>
				<name>Small Car</name>
			</possibleresult>
			<points>
				<point>77.000000,575.000000</point>
				<point>70.000000,578.000000</point>
				<point>64.000000,564.000000</point>
				<point>71.000000,561.000000</point>
				<point>77.000000,575.000000</point>
			</points>
		</object>
		<object>
			<coordinate>pixel</coordinate>
			<type>rectangle</type>
			<description>None</description>
			<possibleresult>
				<name>Small Car</name>
			</possibleresult>
			<points>
				<point>67.000000,578.000000</point>
				<point>58.000000,580.000000</point>
				<point>53.000000,565.000000</point>
				<point>62.000000,563.000000</point>
				<point>67.000000,578.000000</point>
			</points>
		</object>
		<object>
			<coordinate>pixel</coordinate>
			<type>rectangle</type>
			<description>None</description>
			<possibleresult>
				<name>Van</name>
			</possibleresult>
			<points>
				<point>55.000000,581.000000</point>
				<point>46.000000,584.000000</point>
				<point>41.000000,569.000000</point>
				<point>50.000000,566.000000</point>
				<point>55.000000,581.000000</point>
			</points>
		</object>
		<object>
			<coordinate>pixel</coordinate>
			<type>rectangle</type>
			<description>None</description>
			<possibleresult>
				<name>Small Car</name>
			</possibleresult>
			<points>
				<point>43.000000,584.000000</point>
				<point>34.000000,587.000000</point>
				<point>29.000000,573.000000</point>
				<point>38.000000,570.000000</point>
				<point>43.000000,584.000000</point>
			</points>
		</object>
		<object>
			<coordinate>pixel</coordinate>
			<type>rectangle</type>
			<description>None</description>
			<possibleresult>
				<name>Van</name>
			</possibleresult>
			<points>
				<point>31.000000,587.000000</point>
				<point>24.000000,590.000000</point>
				<point>18.000000,576.000000</point>
				<point>25.000000,573.000000</point>
				<point>31.000000,587.000000</point>
			</points>
		</object>
		<object>
			<coordinate>pixel</coordinate>
			<type>rectangle</type>
			<description>None</description>
			<possibleresult>
				<name>Van</name>
			</possibleresult>
			<points>
				<point>112.000000,523.000000</point>
				<point>105.000000,526.000000</point>
				<point>99.000000,512.000000</point>
				<point>106.000000,509.000000</point>
				<point>112.000000,523.000000</point>
			</points>
		</object>
		<object>
			<coordinate>pixel</coordinate>
			<type>rectangle</type>
			<description>None</description>
			<possibleresult>
				<name>Van</name>
			</possibleresult>
			<points>
				<point>102.000000,527.000000</point>
				<point>93.000000,530.000000</point>
				<point>87.000000,515.000000</point>
				<point>96.000000,512.000000</point>
				<point>102.000000,527.000000</point>
			</points>
		</object>
		<object>
			<coordinate>pixel</coordinate>
			<type>rectangle</type>
			<description>None</description>
			<possibleresult>
				<name>Small Car</name>
			</possibleresult>
			<points>
				<point>89.000000,529.000000</point>
				<point>81.000000,533.000000</point>
				<point>74.000000,516.000000</point>
				<point>82.000000,512.000000</point>
				<point>89.000000,529.000000</point>
			</points>
		</object>
		<object>
			<coordinate>pixel</coordinate>
			<type>rectangle</type>
			<description>None</description>
			<possibleresult>
				<name>Van</name>
			</possibleresult>
			<points>
				<point>77.000000,532.000000</point>
				<point>70.000000,535.000000</point>
				<point>64.000000,521.000000</point>
				<point>72.000000,519.000000</point>
				<point>77.000000,532.000000</point>
			</points>
		</object>
		<object>
			<coordinate>pixel</coordinate>
			<type>rectangle</type>
			<description>None</description>
			<possibleresult>
				<name>Small Car</name>
			</possibleresult>
			<points>
				<point>66.000000,535.000000</point>
				<point>57.000000,538.000000</point>
				<point>52.000000,523.000000</point>
				<point>61.000000,520.000000</point>
				<point>66.000000,535.000000</point>
			</points>
		</object>
		<object>
			<coordinate>pixel</coordinate>
			<type>rectangle</type>
			<description>None</description>
			<possibleresult>
				<name>Small Car</name>
			</possibleresult>
			<points>
				<point>55.000000,538.000000</point>
				<point>47.000000,542.000000</point>
				<point>41.000000,527.000000</point>
				<point>48.000000,524.000000</point>
				<point>55.000000,538.000000</point>
			</points>
		</object>
		<object>
			<coordinate>pixel</coordinate>
			<type>rectangle</type>
			<description>None</description>
			<possibleresult>
				<name>Van</name>
			</possibleresult>
			<points>
				<point>42.000000,542.000000</point>
				<point>34.000000,544.000000</point>
				<point>30.000000,528.000000</point>
				<point>39.000000,527.000000</point>
				<point>42.000000,542.000000</point>
			</points>
		</object>
		<object>
			<coordinate>pixel</coordinate>
			<type>rectangle</type>
			<description>None</description>
			<possibleresult>
				<name>Dump Truck</name>
			</possibleresult>
			<points>
				<point>30.000000,548.000000</point>
				<point>22.000000,549.000000</point>
				<point>18.000000,531.000000</point>
				<point>26.000000,530.000000</point>
				<point>30.000000,548.000000</point>
			</points>
		</object>
		<object>
			<coordinate>pixel</coordinate>
			<type>rectangle</type>
			<description>None</description>
			<possibleresult>
				<name>Van</name>
			</possibleresult>
			<points>
				<point>26.000000,528.000000</point>
				<point>16.000000,531.000000</point>
				<point>11.000000,513.000000</point>
				<point>21.000000,510.000000</point>
				<point>26.000000,528.000000</point>
			</points>
		</object>
		<object>
			<coordinate>pixel</coordinate>
			<type>rectangle</type>
			<description>None</description>
			<possibleresult>
				<name>Van</name>
			</possibleresult>
			<points>
				<point>14.000000,531.000000</point>
				<point>4.000000,534.000000</point>
				<point>0.000000,517.000000</point>
				<point>9.000000,514.000000</point>
				<point>14.000000,531.000000</point>
			</points>
		</object>
	</objects>
</annotation>