<?xml version="1.0" encoding="utf-8"?>
<annotation>
	<source>
		<filename>928.tif</filename>
		<origin>GF2/GF3</origin>
	</source>
	<research>
		<version>1.0</version>
		<provider>FAIR1M</provider>
		<author>Cyber</author>
		<pluginname>FAIR1M</pluginname>
		<pluginclass>object detection</pluginclass>
		<time>2021-07-21</time>
	</research>
	<size>
		<width>1000</width>
		<height>1000</height>
		<depth>3</depth>
	</size>
	<objects>
		<object>
			<coordinate>pixel</coordinate>
			<type>rectangle</type>
			<description>None</description>
			<possibleresult>
				<name>Intersection</name>
			</possibleresult>
			<points>
				<point>250.000000,198.000000</point>
				<point>247.000000,223.000000</point>
				<point>218.000000,220.000000</point>
				<point>221.000000,194.000000</point>
				<point>250.000000,198.000000</point>
			</points>
		</object>
		<object>
			<coordinate>pixel</coordinate>
			<type>rectangle</type>
			<description>None</description>
			<possibleresult>
				<name>Intersection</name>
			</possibleresult>
			<points>
				<point>380.000000,223.000000</point>
				<point>348.000000,228.000000</point>
				<point>341.000000,186.000000</point>
				<point>373.000000,181.000000</point>
				<point>380.000000,223.000000</point>
			</points>
		</object>
		<object>
			<coordinate>pixel</coordinate>
			<type>rectangle</type>
			<description>None</description>
			<possibleresult>
				<name>Intersection</name>
			</possibleresult>
			<points>
				<point>250.000000,317.000000</point>
				<point>235.000000,319.000000</point>
				<point>232.000000,286.000000</point>
				<point>246.000000,285.000000</point>
				<point>250.000000,317.000000</point>
			</points>
		</object>
		<object>
			<coordinate>pixel</coordinate>
			<type>rectangle</type>
			<description>None</description>
			<possibleresult>
				<name>Intersection</name>
			</possibleresult>
			<points>
				<point>299.000000,579.000000</point>
				<point>298.000000,622.000000</point>
				<point>268.000000,621.000000</point>
				<point>270.000000,579.000000</point>
				<point>299.000000,579.000000</point>
			</points>
		</object>
		<object>
			<coordinate>pixel</coordinate>
			<type>rectangle</type>
			<description>None</description>
			<possibleresult>
				<name>Bridge</name>
			</possibleresult>
			<points>
				<point>704.000000,212.000000</point>
				<point>701.000000,220.000000</point>
				<point>680.000000,213.000000</point>
				<point>682.000000,204.000000</point>
				<point>704.000000,212.000000</point>
			</points>
		</object>
		<object>
			<coordinate>pixel</coordinate>
			<type>rectangle</type>
			<description>None</description>
			<possibleresult>
				<name>Intersection</name>
			</possibleresult>
			<points>
				<point>498.000000,743.000000</point>
				<point>462.000000,749.000000</point>
				<point>459.000000,727.000000</point>
				<point>494.000000,720.000000</point>
				<point>498.000000,743.000000</point>
			</points>
		</object>
		<object>
			<coordinate>pixel</coordinate>
			<type>rectangle</type>
			<description>None</description>
			<possibleresult>
				<name>Intersection</name>
			</possibleresult>
			<points>
				<point>440.000000,487.000000</point>
				<point>405.000000,490.000000</point>
				<point>403.000000,457.000000</point>
				<point>437.000000,453.000000</point>
				<point>440.000000,487.000000</point>
			</points>
		</object>
		<object>
			<coordinate>pixel</coordinate>
			<type>rectangle</type>
			<description>None</description>
			<possibleresult>
				<name>Intersection</name>
			</possibleresult>
			<points>
				<point>974.000000,685.000000</point>
				<point>956.000000,698.000000</point>
				<point>933.000000,663.000000</point>
				<point>951.000000,650.000000</point>
				<point>974.000000,685.000000</point>
			</points>
		</object>
		<object>
			<coordinate>pixel</coordinate>
			<type>rectangle</type>
			<description>None</description>
			<possibleresult>
				<name>Bridge</name>
			</possibleresult>
			<points>
				<point>940.000000,690.000000</point>
				<point>911.000000,699.000000</point>
				<point>902.000000,669.000000</point>
				<point>932.000000,661.000000</point>
				<point>940.000000,690.000000</point>
			</points>
		</object>
		<object>
			<coordinate>pixel</coordinate>
			<type>rectangle</type>
			<description>None</description>
			<possibleresult>
				<name>Van</name>
			</possibleresult>
			<points>
				<point>61.000000,106.000000</point>
				<point>49.000000,115.000000</point>
				<point>43.000000,108.000000</point>
				<point>55.000000,99.000000</point>
				<point>61.000000,106.000000</point>
			</points>
		</object>
		<object>
			<coordinate>pixel</coordinate>
			<type>rectangle</type>
			<description>None</description>
			<possibleresult>
				<name>Van</name>
			</possibleresult>
			<points>
				<point>201.000000,118.000000</point>
				<point>192.000000,119.000000</point>
				<point>191.000000,107.000000</point>
				<point>200.000000,106.000000</point>
				<point>201.000000,118.000000</point>
			</points>
		</object>
		<object>
			<coordinate>pixel</coordinate>
			<type>rectangle</type>
			<description>None</description>
			<possibleresult>
				<name>Van</name>
			</possibleresult>
			<points>
				<point>149.000000,164.000000</point>
				<point>133.000000,168.000000</point>
				<point>131.000000,160.000000</point>
				<point>147.000000,156.000000</point>
				<point>149.000000,164.000000</point>
			</points>
		</object>
		<object>
			<coordinate>pixel</coordinate>
			<type>rectangle</type>
			<description>None</description>
			<possibleresult>
				<name>Van</name>
			</possibleresult>
			<points>
				<point>155.000000,181.000000</point>
				<point>133.000000,185.000000</point>
				<point>132.000000,177.000000</point>
				<point>154.000000,173.000000</point>
				<point>155.000000,181.000000</point>
			</points>
		</object>
		<object>
			<coordinate>pixel</coordinate>
			<type>rectangle</type>
			<description>None</description>
			<possibleresult>
				<name>Dump Truck</name>
			</possibleresult>
			<points>
				<point>158.000000,196.000000</point>
				<point>138.000000,200.000000</point>
				<point>136.000000,192.000000</point>
				<point>157.000000,189.000000</point>
				<point>158.000000,196.000000</point>
			</points>
		</object>
		<object>
			<coordinate>pixel</coordinate>
			<type>rectangle</type>
			<description>None</description>
			<possibleresult>
				<name>Van</name>
			</possibleresult>
			<points>
				<point>189.000000,190.000000</point>
				<point>180.000000,192.000000</point>
				<point>177.000000,177.000000</point>
				<point>186.000000,175.000000</point>
				<point>189.000000,190.000000</point>
			</points>
		</object>
		<object>
			<coordinate>pixel</coordinate>
			<type>rectangle</type>
			<description>None</description>
			<possibleresult>
				<name>Van</name>
			</possibleresult>
			<points>
				<point>199.000000,189.000000</point>
				<point>191.000000,190.000000</point>
				<point>187.000000,175.000000</point>
				<point>196.000000,174.000000</point>
				<point>199.000000,189.000000</point>
			</points>
		</object>
		<object>
			<coordinate>pixel</coordinate>
			<type>rectangle</type>
			<description>None</description>
			<possibleresult>
				<name>Van</name>
			</possibleresult>
			<points>
				<point>208.000000,187.000000</point>
				<point>199.000000,189.000000</point>
				<point>196.000000,175.000000</point>
				<point>205.000000,173.000000</point>
				<point>208.000000,187.000000</point>
			</points>
		</object>
		<object>
			<coordinate>pixel</coordinate>
			<type>rectangle</type>
			<description>None</description>
			<possibleresult>
				<name>Van</name>
			</possibleresult>
			<points>
				<point>311.000000,165.000000</point>
				<point>296.000000,167.000000</point>
				<point>295.000000,160.000000</point>
				<point>311.000000,159.000000</point>
				<point>311.000000,165.000000</point>
			</points>
		</object>
		<object>
			<coordinate>pixel</coordinate>
			<type>rectangle</type>
			<description>None</description>
			<possibleresult>
				<name>Van</name>
			</possibleresult>
			<points>
				<point>410.000000,216.000000</point>
				<point>400.000000,217.000000</point>
				<point>397.000000,200.000000</point>
				<point>407.000000,199.000000</point>
				<point>410.000000,216.000000</point>
			</points>
		</object>
		<object>
			<coordinate>pixel</coordinate>
			<type>rectangle</type>
			<description>None</description>
			<possibleresult>
				<name>Van</name>
			</possibleresult>
			<points>
				<point>642.000000,83.000000</point>
				<point>622.000000,83.000000</point>
				<point>622.000000,76.000000</point>
				<point>642.000000,76.000000</point>
				<point>642.000000,83.000000</point>
			</points>
		</object>
		<object>
			<coordinate>pixel</coordinate>
			<type>rectangle</type>
			<description>None</description>
			<possibleresult>
				<name>Van</name>
			</possibleresult>
			<points>
				<point>641.000000,92.000000</point>
				<point>622.000000,92.000000</point>
				<point>622.000000,85.000000</point>
				<point>641.000000,85.000000</point>
				<point>641.000000,92.000000</point>
			</points>
		</object>
		<object>
			<coordinate>pixel</coordinate>
			<type>rectangle</type>
			<description>None</description>
			<possibleresult>
				<name>Van</name>
			</possibleresult>
			<points>
				<point>606.000000,24.000000</point>
				<point>597.000000,24.000000</point>
				<point>595.000000,6.000000</point>
				<point>603.000000,5.000000</point>
				<point>606.000000,24.000000</point>
			</points>
		</object>
		<object>
			<coordinate>pixel</coordinate>
			<type>rectangle</type>
			<description>None</description>
			<possibleresult>
				<name>Van</name>
			</possibleresult>
			<points>
				<point>617.000000,24.000000</point>
				<point>608.000000,24.000000</point>
				<point>608.000000,6.000000</point>
				<point>617.000000,6.000000</point>
				<point>617.000000,24.000000</point>
			</points>
		</object>
		<object>
			<coordinate>pixel</coordinate>
			<type>rectangle</type>
			<description>None</description>
			<possibleresult>
				<name>Van</name>
			</possibleresult>
			<points>
				<point>638.000000,19.000000</point>
				<point>630.000000,21.000000</point>
				<point>628.000000,4.000000</point>
				<point>636.000000,2.000000</point>
				<point>638.000000,19.000000</point>
			</points>
		</object>
		<object>
			<coordinate>pixel</coordinate>
			<type>rectangle</type>
			<description>None</description>
			<possibleresult>
				<name>Van</name>
			</possibleresult>
			<points>
				<point>648.000000,19.000000</point>
				<point>638.000000,20.000000</point>
				<point>637.000000,4.000000</point>
				<point>647.000000,4.000000</point>
				<point>648.000000,19.000000</point>
			</points>
		</object>
		<object>
			<coordinate>pixel</coordinate>
			<type>rectangle</type>
			<description>None</description>
			<possibleresult>
				<name>Small Car</name>
			</possibleresult>
			<points>
				<point>658.000000,18.000000</point>
				<point>650.000000,19.000000</point>
				<point>649.000000,1.000000</point>
				<point>656.000000,1.000000</point>
				<point>658.000000,18.000000</point>
			</points>
		</object>
		<object>
			<coordinate>pixel</coordinate>
			<type>rectangle</type>
			<description>None</description>
			<possibleresult>
				<name>Van</name>
			</possibleresult>
			<points>
				<point>679.000000,17.000000</point>
				<point>669.000000,18.000000</point>
				<point>668.000000,2.000000</point>
				<point>678.000000,1.000000</point>
				<point>679.000000,17.000000</point>
			</points>
		</object>
		<object>
			<coordinate>pixel</coordinate>
			<type>rectangle</type>
			<description>None</description>
			<possibleresult>
				<name>Van</name>
			</possibleresult>
			<points>
				<point>689.000000,16.000000</point>
				<point>681.000000,17.000000</point>
				<point>679.000000,0.000000</point>
				<point>687.000000,0.000000</point>
				<point>689.000000,16.000000</point>
			</points>
		</object>
		<object>
			<coordinate>pixel</coordinate>
			<type>rectangle</type>
			<description>None</description>
			<possibleresult>
				<name>Van</name>
			</possibleresult>
			<points>
				<point>698.000000,13.000000</point>
				<point>690.000000,13.000000</point>
				<point>690.000000,0.000000</point>
				<point>698.000000,0.000000</point>
				<point>698.000000,13.000000</point>
			</points>
		</object>
		<object>
			<coordinate>pixel</coordinate>
			<type>rectangle</type>
			<description>None</description>
			<possibleresult>
				<name>Small Car</name>
			</possibleresult>
			<points>
				<point>609.000000,43.000000</point>
				<point>607.000000,59.000000</point>
				<point>598.000000,58.000000</point>
				<point>600.000000,42.000000</point>
				<point>609.000000,43.000000</point>
			</points>
		</object>
		<object>
			<coordinate>pixel</coordinate>
			<type>rectangle</type>
			<description>None</description>
			<possibleresult>
				<name>Van</name>
			</possibleresult>
			<points>
				<point>620.000000,43.000000</point>
				<point>618.000000,60.000000</point>
				<point>609.000000,58.000000</point>
				<point>612.000000,42.000000</point>
				<point>620.000000,43.000000</point>
			</points>
		</object>
		<object>
			<coordinate>pixel</coordinate>
			<type>rectangle</type>
			<description>None</description>
			<possibleresult>
				<name>Van</name>
			</possibleresult>
			<points>
				<point>641.000000,44.000000</point>
				<point>638.000000,63.000000</point>
				<point>629.000000,61.000000</point>
				<point>631.000000,43.000000</point>
				<point>641.000000,44.000000</point>
			</points>
		</object>
		<object>
			<coordinate>pixel</coordinate>
			<type>rectangle</type>
			<description>None</description>
			<possibleresult>
				<name>Small Car</name>
			</possibleresult>
			<points>
				<point>650.000000,47.000000</point>
				<point>648.000000,63.000000</point>
				<point>639.000000,61.000000</point>
				<point>641.000000,45.000000</point>
				<point>650.000000,47.000000</point>
			</points>
		</object>
		<object>
			<coordinate>pixel</coordinate>
			<type>rectangle</type>
			<description>None</description>
			<possibleresult>
				<name>Van</name>
			</possibleresult>
			<points>
				<point>661.000000,48.000000</point>
				<point>659.000000,64.000000</point>
				<point>651.000000,63.000000</point>
				<point>653.000000,47.000000</point>
				<point>661.000000,48.000000</point>
			</points>
		</object>
		<object>
			<coordinate>pixel</coordinate>
			<type>rectangle</type>
			<description>None</description>
			<possibleresult>
				<name>Van</name>
			</possibleresult>
			<points>
				<point>671.000000,48.000000</point>
				<point>668.000000,66.000000</point>
				<point>660.000000,65.000000</point>
				<point>662.000000,47.000000</point>
				<point>671.000000,48.000000</point>
			</points>
		</object>
		<object>
			<coordinate>pixel</coordinate>
			<type>rectangle</type>
			<description>None</description>
			<possibleresult>
				<name>Small Car</name>
			</possibleresult>
			<points>
				<point>680.000000,49.000000</point>
				<point>678.000000,64.000000</point>
				<point>670.000000,62.000000</point>
				<point>673.000000,48.000000</point>
				<point>680.000000,49.000000</point>
			</points>
		</object>
		<object>
			<coordinate>pixel</coordinate>
			<type>rectangle</type>
			<description>None</description>
			<possibleresult>
				<name>Van</name>
			</possibleresult>
			<points>
				<point>691.000000,51.000000</point>
				<point>689.000000,67.000000</point>
				<point>681.000000,66.000000</point>
				<point>683.000000,50.000000</point>
				<point>691.000000,51.000000</point>
			</points>
		</object>
		<object>
			<coordinate>pixel</coordinate>
			<type>rectangle</type>
			<description>None</description>
			<possibleresult>
				<name>Van</name>
			</possibleresult>
			<points>
				<point>703.000000,50.000000</point>
				<point>701.000000,68.000000</point>
				<point>692.000000,68.000000</point>
				<point>693.000000,49.000000</point>
				<point>703.000000,50.000000</point>
			</points>
		</object>
		<object>
			<coordinate>pixel</coordinate>
			<type>rectangle</type>
			<description>None</description>
			<possibleresult>
				<name>Small Car</name>
			</possibleresult>
			<points>
				<point>684.000000,69.000000</point>
				<point>682.000000,86.000000</point>
				<point>674.000000,85.000000</point>
				<point>676.000000,67.000000</point>
				<point>684.000000,69.000000</point>
			</points>
		</object>
		<object>
			<coordinate>pixel</coordinate>
			<type>rectangle</type>
			<description>None</description>
			<possibleresult>
				<name>other-vehicle</name>
			</possibleresult>
			<points>
				<point>695.000000,88.000000</point>
				<point>684.000000,88.000000</point>
				<point>684.000000,69.000000</point>
				<point>695.000000,69.000000</point>
				<point>695.000000,88.000000</point>
			</points>
		</object>
		<object>
			<coordinate>pixel</coordinate>
			<type>rectangle</type>
			<description>None</description>
			<possibleresult>
				<name>other-vehicle</name>
			</possibleresult>
			<points>
				<point>623.000000,127.000000</point>
				<point>614.000000,127.000000</point>
				<point>614.000000,118.000000</point>
				<point>623.000000,118.000000</point>
				<point>623.000000,127.000000</point>
			</points>
		</object>
		<object>
			<coordinate>pixel</coordinate>
			<type>rectangle</type>
			<description>None</description>
			<possibleresult>
				<name>other-vehicle</name>
			</possibleresult>
			<points>
				<point>635.000000,128.000000</point>
				<point>626.000000,128.000000</point>
				<point>626.000000,119.000000</point>
				<point>635.000000,119.000000</point>
				<point>635.000000,128.000000</point>
			</points>
		</object>
		<object>
			<coordinate>pixel</coordinate>
			<type>rectangle</type>
			<description>None</description>
			<possibleresult>
				<name>other-vehicle</name>
			</possibleresult>
			<points>
				<point>679.000000,127.000000</point>
				<point>669.000000,127.000000</point>
				<point>669.000000,121.000000</point>
				<point>679.000000,121.000000</point>
				<point>679.000000,127.000000</point>
			</points>
		</object>
		<object>
			<coordinate>pixel</coordinate>
			<type>rectangle</type>
			<description>None</description>
			<possibleresult>
				<name>Van</name>
			</possibleresult>
			<points>
				<point>649.000000,192.000000</point>
				<point>629.000000,195.000000</point>
				<point>629.000000,186.000000</point>
				<point>648.000000,184.000000</point>
				<point>649.000000,192.000000</point>
			</points>
		</object>
		<object>
			<coordinate>pixel</coordinate>
			<type>rectangle</type>
			<description>None</description>
			<possibleresult>
				<name>Small Car</name>
			</possibleresult>
			<points>
				<point>776.000000,173.000000</point>
				<point>769.000000,190.000000</point>
				<point>759.000000,186.000000</point>
				<point>767.000000,169.000000</point>
				<point>776.000000,173.000000</point>
			</points>
		</object>
		<object>
			<coordinate>pixel</coordinate>
			<type>rectangle</type>
			<description>None</description>
			<possibleresult>
				<name>Van</name>
			</possibleresult>
			<points>
				<point>838.000000,61.000000</point>
				<point>827.000000,61.000000</point>
				<point>827.000000,44.000000</point>
				<point>838.000000,44.000000</point>
				<point>838.000000,61.000000</point>
			</points>
		</object>
		<object>
			<coordinate>pixel</coordinate>
			<type>rectangle</type>
			<description>None</description>
			<possibleresult>
				<name>Small Car</name>
			</possibleresult>
			<points>
				<point>817.000000,195.000000</point>
				<point>802.000000,207.000000</point>
				<point>796.000000,201.000000</point>
				<point>811.000000,188.000000</point>
				<point>817.000000,195.000000</point>
			</points>
		</object>
		<object>
			<coordinate>pixel</coordinate>
			<type>rectangle</type>
			<description>None</description>
			<possibleresult>
				<name>Van</name>
			</possibleresult>
			<points>
				<point>824.000000,200.000000</point>
				<point>812.000000,211.000000</point>
				<point>806.000000,206.000000</point>
				<point>818.000000,194.000000</point>
				<point>824.000000,200.000000</point>
			</points>
		</object>
		<object>
			<coordinate>pixel</coordinate>
			<type>rectangle</type>
			<description>None</description>
			<possibleresult>
				<name>Van</name>
			</possibleresult>
			<points>
				<point>831.000000,208.000000</point>
				<point>820.000000,217.000000</point>
				<point>815.000000,210.000000</point>
				<point>826.000000,201.000000</point>
				<point>831.000000,208.000000</point>
			</points>
		</object>
		<object>
			<coordinate>pixel</coordinate>
			<type>rectangle</type>
			<description>None</description>
			<possibleresult>
				<name>Van</name>
			</possibleresult>
			<points>
				<point>865.000000,172.000000</point>
				<point>853.000000,186.000000</point>
				<point>846.000000,180.000000</point>
				<point>859.000000,167.000000</point>
				<point>865.000000,172.000000</point>
			</points>
		</object>
		<object>
			<coordinate>pixel</coordinate>
			<type>rectangle</type>
			<description>None</description>
			<possibleresult>
				<name>Van</name>
			</possibleresult>
			<points>
				<point>853.000000,170.000000</point>
				<point>845.000000,180.000000</point>
				<point>839.000000,174.000000</point>
				<point>848.000000,165.000000</point>
				<point>853.000000,170.000000</point>
			</points>
		</object>
		<object>
			<coordinate>pixel</coordinate>
			<type>rectangle</type>
			<description>None</description>
			<possibleresult>
				<name>Small Car</name>
			</possibleresult>
			<points>
				<point>999.000000,15.000000</point>
				<point>994.000000,22.000000</point>
				<point>980.000000,8.000000</point>
				<point>986.000000,2.000000</point>
				<point>999.000000,15.000000</point>
			</points>
		</object>
		<object>
			<coordinate>pixel</coordinate>
			<type>rectangle</type>
			<description>None</description>
			<possibleresult>
				<name>Van</name>
			</possibleresult>
			<points>
				<point>72.000000,341.000000</point>
				<point>65.000000,345.000000</point>
				<point>56.000000,328.000000</point>
				<point>64.000000,325.000000</point>
				<point>72.000000,341.000000</point>
			</points>
		</object>
		<object>
			<coordinate>pixel</coordinate>
			<type>rectangle</type>
			<description>None</description>
			<possibleresult>
				<name>Van</name>
			</possibleresult>
			<points>
				<point>127.000000,217.000000</point>
				<point>106.000000,222.000000</point>
				<point>105.000000,214.000000</point>
				<point>126.000000,208.000000</point>
				<point>127.000000,217.000000</point>
			</points>
		</object>
		<object>
			<coordinate>pixel</coordinate>
			<type>rectangle</type>
			<description>None</description>
			<possibleresult>
				<name>Small Car</name>
			</possibleresult>
			<points>
				<point>231.000000,309.000000</point>
				<point>210.000000,312.000000</point>
				<point>209.000000,305.000000</point>
				<point>231.000000,303.000000</point>
				<point>231.000000,309.000000</point>
			</points>
		</object>
		<object>
			<coordinate>pixel</coordinate>
			<type>rectangle</type>
			<description>None</description>
			<possibleresult>
				<name>Van</name>
			</possibleresult>
			<points>
				<point>373.000000,350.000000</point>
				<point>354.000000,352.000000</point>
				<point>353.000000,344.000000</point>
				<point>372.000000,342.000000</point>
				<point>373.000000,350.000000</point>
			</points>
		</object>
		<object>
			<coordinate>pixel</coordinate>
			<type>rectangle</type>
			<description>None</description>
			<possibleresult>
				<name>Small Car</name>
			</possibleresult>
			<points>
				<point>280.000000,226.000000</point>
				<point>266.000000,226.000000</point>
				<point>266.000000,219.000000</point>
				<point>280.000000,219.000000</point>
				<point>280.000000,226.000000</point>
			</points>
		</object>
		<object>
			<coordinate>pixel</coordinate>
			<type>rectangle</type>
			<description>None</description>
			<possibleresult>
				<name>Van</name>
			</possibleresult>
			<points>
				<point>433.000000,320.000000</point>
				<point>413.000000,322.000000</point>
				<point>412.000000,316.000000</point>
				<point>433.000000,314.000000</point>
				<point>433.000000,320.000000</point>
			</points>
		</object>
		<object>
			<coordinate>pixel</coordinate>
			<type>rectangle</type>
			<description>None</description>
			<possibleresult>
				<name>Small Car</name>
			</possibleresult>
			<points>
				<point>657.000000,209.000000</point>
				<point>641.000000,221.000000</point>
				<point>635.000000,213.000000</point>
				<point>651.000000,201.000000</point>
				<point>657.000000,209.000000</point>
			</points>
		</object>
		<object>
			<coordinate>pixel</coordinate>
			<type>rectangle</type>
			<description>None</description>
			<possibleresult>
				<name>Van</name>
			</possibleresult>
			<points>
				<point>839.000000,364.000000</point>
				<point>833.000000,371.000000</point>
				<point>819.000000,359.000000</point>
				<point>826.000000,352.000000</point>
				<point>839.000000,364.000000</point>
			</points>
		</object>
		<object>
			<coordinate>pixel</coordinate>
			<type>rectangle</type>
			<description>None</description>
			<possibleresult>
				<name>Van</name>
			</possibleresult>
			<points>
				<point>863.000000,295.000000</point>
				<point>857.000000,302.000000</point>
				<point>843.000000,290.000000</point>
				<point>849.000000,283.000000</point>
				<point>863.000000,295.000000</point>
			</points>
		</object>
		<object>
			<coordinate>pixel</coordinate>
			<type>rectangle</type>
			<description>None</description>
			<possibleresult>
				<name>Van</name>
			</possibleresult>
			<points>
				<point>888.000000,272.000000</point>
				<point>883.000000,279.000000</point>
				<point>868.000000,266.000000</point>
				<point>874.000000,260.000000</point>
				<point>888.000000,272.000000</point>
			</points>
		</object>
		<object>
			<coordinate>pixel</coordinate>
			<type>rectangle</type>
			<description>None</description>
			<possibleresult>
				<name>Van</name>
			</possibleresult>
			<points>
				<point>997.000000,499.000000</point>
				<point>992.000000,505.000000</point>
				<point>981.000000,494.000000</point>
				<point>987.000000,489.000000</point>
				<point>997.000000,499.000000</point>
			</points>
		</object>
		<object>
			<coordinate>pixel</coordinate>
			<type>rectangle</type>
			<description>None</description>
			<possibleresult>
				<name>Van</name>
			</possibleresult>
			<points>
				<point>1000.000000,495.000000</point>
				<point>997.000000,492.000000</point>
				<point>1000.000000,490.000000</point>
				<point>1002.000000,492.000000</point>
				<point>1000.000000,495.000000</point>
			</points>
		</object>
		<object>
			<coordinate>pixel</coordinate>
			<type>rectangle</type>
			<description>None</description>
			<possibleresult>
				<name>Van</name>
			</possibleresult>
			<points>
				<point>990.000000,504.000000</point>
				<point>985.000000,511.000000</point>
				<point>973.000000,501.000000</point>
				<point>978.000000,494.000000</point>
				<point>990.000000,504.000000</point>
			</points>
		</object>
		<object>
			<coordinate>pixel</coordinate>
			<type>rectangle</type>
			<description>None</description>
			<possibleresult>
				<name>Van</name>
			</possibleresult>
			<points>
				<point>807.000000,454.000000</point>
				<point>794.000000,463.000000</point>
				<point>791.000000,457.000000</point>
				<point>803.000000,449.000000</point>
				<point>807.000000,454.000000</point>
			</points>
		</object>
		<object>
			<coordinate>pixel</coordinate>
			<type>rectangle</type>
			<description>None</description>
			<possibleresult>
				<name>Small Car</name>
			</possibleresult>
			<points>
				<point>825.000000,368.000000</point>
				<point>820.000000,374.000000</point>
				<point>809.000000,365.000000</point>
				<point>815.000000,358.000000</point>
				<point>825.000000,368.000000</point>
			</points>
		</object>
		<object>
			<coordinate>pixel</coordinate>
			<type>rectangle</type>
			<description>None</description>
			<possibleresult>
				<name>Van</name>
			</possibleresult>
			<points>
				<point>839.000000,386.000000</point>
				<point>832.000000,392.000000</point>
				<point>819.000000,379.000000</point>
				<point>826.000000,373.000000</point>
				<point>839.000000,386.000000</point>
			</points>
		</object>
		<object>
			<coordinate>pixel</coordinate>
			<type>rectangle</type>
			<description>None</description>
			<possibleresult>
				<name>Van</name>
			</possibleresult>
			<points>
				<point>813.000000,377.000000</point>
				<point>807.000000,381.000000</point>
				<point>799.000000,370.000000</point>
				<point>804.000000,365.000000</point>
				<point>813.000000,377.000000</point>
			</points>
		</object>
		<object>
			<coordinate>pixel</coordinate>
			<type>rectangle</type>
			<description>None</description>
			<possibleresult>
				<name>Cargo Truck</name>
			</possibleresult>
			<points>
				<point>540.000000,392.000000</point>
				<point>531.000000,392.000000</point>
				<point>531.000000,378.000000</point>
				<point>540.000000,378.000000</point>
				<point>540.000000,392.000000</point>
			</points>
		</object>
		<object>
			<coordinate>pixel</coordinate>
			<type>rectangle</type>
			<description>None</description>
			<possibleresult>
				<name>Small Car</name>
			</possibleresult>
			<points>
				<point>509.000000,424.000000</point>
				<point>503.000000,431.000000</point>
				<point>486.000000,418.000000</point>
				<point>492.000000,411.000000</point>
				<point>509.000000,424.000000</point>
			</points>
		</object>
		<object>
			<coordinate>pixel</coordinate>
			<type>rectangle</type>
			<description>None</description>
			<possibleresult>
				<name>Van</name>
			</possibleresult>
			<points>
				<point>540.000000,419.000000</point>
				<point>528.000000,428.000000</point>
				<point>523.000000,420.000000</point>
				<point>536.000000,412.000000</point>
				<point>540.000000,419.000000</point>
			</points>
		</object>
		<object>
			<coordinate>pixel</coordinate>
			<type>rectangle</type>
			<description>None</description>
			<possibleresult>
				<name>Van</name>
			</possibleresult>
			<points>
				<point>515.000000,450.000000</point>
				<point>497.000000,452.000000</point>
				<point>496.000000,446.000000</point>
				<point>515.000000,445.000000</point>
				<point>515.000000,450.000000</point>
			</points>
		</object>
		<object>
			<coordinate>pixel</coordinate>
			<type>rectangle</type>
			<description>None</description>
			<possibleresult>
				<name>Small Car</name>
			</possibleresult>
			<points>
				<point>450.000000,396.000000</point>
				<point>429.000000,400.000000</point>
				<point>427.000000,391.000000</point>
				<point>448.000000,387.000000</point>
				<point>450.000000,396.000000</point>
			</points>
		</object>
		<object>
			<coordinate>pixel</coordinate>
			<type>rectangle</type>
			<description>None</description>
			<possibleresult>
				<name>Van</name>
			</possibleresult>
			<points>
				<point>446.000000,350.000000</point>
				<point>429.000000,352.000000</point>
				<point>428.000000,345.000000</point>
				<point>445.000000,343.000000</point>
				<point>446.000000,350.000000</point>
			</points>
		</object>
		<object>
			<coordinate>pixel</coordinate>
			<type>rectangle</type>
			<description>None</description>
			<possibleresult>
				<name>Small Car</name>
			</possibleresult>
			<points>
				<point>217.000000,426.000000</point>
				<point>208.000000,428.000000</point>
				<point>204.000000,410.000000</point>
				<point>214.000000,408.000000</point>
				<point>217.000000,426.000000</point>
			</points>
		</object>
		<object>
			<coordinate>pixel</coordinate>
			<type>rectangle</type>
			<description>None</description>
			<possibleresult>
				<name>Small Car</name>
			</possibleresult>
			<points>
				<point>139.000000,401.000000</point>
				<point>132.000000,406.000000</point>
				<point>123.000000,392.000000</point>
				<point>130.000000,387.000000</point>
				<point>139.000000,401.000000</point>
			</points>
		</object>
		<object>
			<coordinate>pixel</coordinate>
			<type>rectangle</type>
			<description>None</description>
			<possibleresult>
				<name>Van</name>
			</possibleresult>
			<points>
				<point>17.000000,395.000000</point>
				<point>10.000000,399.000000</point>
				<point>1.000000,384.000000</point>
				<point>7.000000,380.000000</point>
				<point>17.000000,395.000000</point>
			</points>
		</object>
		<object>
			<coordinate>pixel</coordinate>
			<type>rectangle</type>
			<description>None</description>
			<possibleresult>
				<name>Small Car</name>
			</possibleresult>
			<points>
				<point>233.000000,505.000000</point>
				<point>217.000000,511.000000</point>
				<point>214.000000,503.000000</point>
				<point>230.000000,497.000000</point>
				<point>233.000000,505.000000</point>
			</points>
		</object>
		<object>
			<coordinate>pixel</coordinate>
			<type>rectangle</type>
			<description>None</description>
			<possibleresult>
				<name>Small Car</name>
			</possibleresult>
			<points>
				<point>68.000000,423.000000</point>
				<point>61.000000,427.000000</point>
				<point>53.000000,413.000000</point>
				<point>60.000000,409.000000</point>
				<point>68.000000,423.000000</point>
			</points>
		</object>
		<object>
			<coordinate>pixel</coordinate>
			<type>rectangle</type>
			<description>None</description>
			<possibleresult>
				<name>Van</name>
			</possibleresult>
			<points>
				<point>70.000000,585.000000</point>
				<point>62.000000,587.000000</point>
				<point>58.000000,569.000000</point>
				<point>66.000000,567.000000</point>
				<point>70.000000,585.000000</point>
			</points>
		</object>
		<object>
			<coordinate>pixel</coordinate>
			<type>rectangle</type>
			<description>None</description>
			<possibleresult>
				<name>Van</name>
			</possibleresult>
			<points>
				<point>95.000000,648.000000</point>
				<point>85.000000,649.000000</point>
				<point>83.000000,633.000000</point>
				<point>94.000000,633.000000</point>
				<point>95.000000,648.000000</point>
			</points>
		</object>
		<object>
			<coordinate>pixel</coordinate>
			<type>rectangle</type>
			<description>None</description>
			<possibleresult>
				<name>Small Car</name>
			</possibleresult>
			<points>
				<point>104.000000,649.000000</point>
				<point>94.000000,649.000000</point>
				<point>94.000000,632.000000</point>
				<point>104.000000,632.000000</point>
				<point>104.000000,649.000000</point>
			</points>
		</object>
		<object>
			<coordinate>pixel</coordinate>
			<type>rectangle</type>
			<description>None</description>
			<possibleresult>
				<name>Small Car</name>
			</possibleresult>
			<points>
				<point>117.000000,650.000000</point>
				<point>106.000000,650.000000</point>
				<point>106.000000,632.000000</point>
				<point>117.000000,632.000000</point>
				<point>117.000000,650.000000</point>
			</points>
		</object>
		<object>
			<coordinate>pixel</coordinate>
			<type>rectangle</type>
			<description>None</description>
			<possibleresult>
				<name>Van</name>
			</possibleresult>
			<points>
				<point>177.000000,654.000000</point>
				<point>176.000000,662.000000</point>
				<point>157.000000,661.000000</point>
				<point>157.000000,652.000000</point>
				<point>177.000000,654.000000</point>
			</points>
		</object>
		<object>
			<coordinate>pixel</coordinate>
			<type>rectangle</type>
			<description>None</description>
			<possibleresult>
				<name>Van</name>
			</possibleresult>
			<points>
				<point>148.000000,520.000000</point>
				<point>140.000000,531.000000</point>
				<point>133.000000,526.000000</point>
				<point>142.000000,516.000000</point>
				<point>148.000000,520.000000</point>
			</points>
		</object>
		<object>
			<coordinate>pixel</coordinate>
			<type>rectangle</type>
			<description>None</description>
			<possibleresult>
				<name>Small Car</name>
			</possibleresult>
			<points>
				<point>168.000000,530.000000</point>
				<point>165.000000,536.000000</point>
				<point>147.000000,528.000000</point>
				<point>149.000000,521.000000</point>
				<point>168.000000,530.000000</point>
			</points>
		</object>
		<object>
			<coordinate>pixel</coordinate>
			<type>rectangle</type>
			<description>None</description>
			<possibleresult>
				<name>Van</name>
			</possibleresult>
			<points>
				<point>219.000000,516.000000</point>
				<point>199.000000,525.000000</point>
				<point>196.000000,518.000000</point>
				<point>216.000000,509.000000</point>
				<point>219.000000,516.000000</point>
			</points>
		</object>
		<object>
			<coordinate>pixel</coordinate>
			<type>rectangle</type>
			<description>None</description>
			<possibleresult>
				<name>Van</name>
			</possibleresult>
			<points>
				<point>182.000000,615.000000</point>
				<point>172.000000,615.000000</point>
				<point>172.000000,602.000000</point>
				<point>182.000000,602.000000</point>
				<point>182.000000,615.000000</point>
			</points>
		</object>
		<object>
			<coordinate>pixel</coordinate>
			<type>rectangle</type>
			<description>None</description>
			<possibleresult>
				<name>Van</name>
			</possibleresult>
			<points>
				<point>120.000000,597.000000</point>
				<point>114.000000,604.000000</point>
				<point>99.000000,590.000000</point>
				<point>105.000000,583.000000</point>
				<point>120.000000,597.000000</point>
			</points>
		</object>
		<object>
			<coordinate>pixel</coordinate>
			<type>rectangle</type>
			<description>None</description>
			<possibleresult>
				<name>Van</name>
			</possibleresult>
			<points>
				<point>247.000000,655.000000</point>
				<point>238.000000,656.000000</point>
				<point>235.000000,641.000000</point>
				<point>244.000000,639.000000</point>
				<point>247.000000,655.000000</point>
			</points>
		</object>
		<object>
			<coordinate>pixel</coordinate>
			<type>rectangle</type>
			<description>None</description>
			<possibleresult>
				<name>Small Car</name>
			</possibleresult>
			<points>
				<point>154.000000,489.000000</point>
				<point>141.000000,494.000000</point>
				<point>138.000000,488.000000</point>
				<point>151.000000,483.000000</point>
				<point>154.000000,489.000000</point>
			</points>
		</object>
		<object>
			<coordinate>pixel</coordinate>
			<type>rectangle</type>
			<description>None</description>
			<possibleresult>
				<name>Van</name>
			</possibleresult>
			<points>
				<point>322.000000,596.000000</point>
				<point>322.000000,603.000000</point>
				<point>307.000000,601.000000</point>
				<point>307.000000,593.000000</point>
				<point>322.000000,596.000000</point>
			</points>
		</object>
		<object>
			<coordinate>pixel</coordinate>
			<type>rectangle</type>
			<description>None</description>
			<possibleresult>
				<name>Van</name>
			</possibleresult>
			<points>
				<point>326.000000,525.000000</point>
				<point>320.000000,532.000000</point>
				<point>307.000000,521.000000</point>
				<point>313.000000,515.000000</point>
				<point>326.000000,525.000000</point>
			</points>
		</object>
		<object>
			<coordinate>pixel</coordinate>
			<type>rectangle</type>
			<description>None</description>
			<possibleresult>
				<name>Van</name>
			</possibleresult>
			<points>
				<point>366.000000,603.000000</point>
				<point>345.000000,604.000000</point>
				<point>344.000000,595.000000</point>
				<point>365.000000,594.000000</point>
				<point>366.000000,603.000000</point>
			</points>
		</object>
		<object>
			<coordinate>pixel</coordinate>
			<type>rectangle</type>
			<description>None</description>
			<possibleresult>
				<name>Small Car</name>
			</possibleresult>
			<points>
				<point>344.000000,616.000000</point>
				<point>319.000000,618.000000</point>
				<point>318.000000,610.000000</point>
				<point>343.000000,608.000000</point>
				<point>344.000000,616.000000</point>
			</points>
		</object>
		<object>
			<coordinate>pixel</coordinate>
			<type>rectangle</type>
			<description>None</description>
			<possibleresult>
				<name>Small Car</name>
			</possibleresult>
			<points>
				<point>451.000000,559.000000</point>
				<point>443.000000,560.000000</point>
				<point>441.000000,545.000000</point>
				<point>448.000000,543.000000</point>
				<point>451.000000,559.000000</point>
			</points>
		</object>
		<object>
			<coordinate>pixel</coordinate>
			<type>rectangle</type>
			<description>None</description>
			<possibleresult>
				<name>Van</name>
			</possibleresult>
			<points>
				<point>470.000000,566.000000</point>
				<point>463.000000,567.000000</point>
				<point>461.000000,554.000000</point>
				<point>467.000000,552.000000</point>
				<point>470.000000,566.000000</point>
			</points>
		</object>
		<object>
			<coordinate>pixel</coordinate>
			<type>rectangle</type>
			<description>None</description>
			<possibleresult>
				<name>Van</name>
			</possibleresult>
			<points>
				<point>463.000000,613.000000</point>
				<point>453.000000,614.000000</point>
				<point>451.000000,599.000000</point>
				<point>461.000000,598.000000</point>
				<point>463.000000,613.000000</point>
			</points>
		</object>
		<object>
			<coordinate>pixel</coordinate>
			<type>rectangle</type>
			<description>None</description>
			<possibleresult>
				<name>Dump Truck</name>
			</possibleresult>
			<points>
				<point>452.000000,635.000000</point>
				<point>440.000000,636.000000</point>
				<point>436.000000,608.000000</point>
				<point>448.000000,607.000000</point>
				<point>452.000000,635.000000</point>
			</points>
		</object>
		<object>
			<coordinate>pixel</coordinate>
			<type>rectangle</type>
			<description>None</description>
			<possibleresult>
				<name>Van</name>
			</possibleresult>
			<points>
				<point>496.000000,650.000000</point>
				<point>477.000000,653.000000</point>
				<point>476.000000,645.000000</point>
				<point>496.000000,643.000000</point>
				<point>496.000000,650.000000</point>
			</points>
		</object>
		<object>
			<coordinate>pixel</coordinate>
			<type>rectangle</type>
			<description>None</description>
			<possibleresult>
				<name>Van</name>
			</possibleresult>
			<points>
				<point>590.000000,577.000000</point>
				<point>574.000000,577.000000</point>
				<point>574.000000,568.000000</point>
				<point>590.000000,568.000000</point>
				<point>590.000000,577.000000</point>
			</points>
		</object>
		<object>
			<coordinate>pixel</coordinate>
			<type>rectangle</type>
			<description>None</description>
			<possibleresult>
				<name>Van</name>
			</possibleresult>
			<points>
				<point>608.000000,578.000000</point>
				<point>592.000000,578.000000</point>
				<point>592.000000,570.000000</point>
				<point>608.000000,570.000000</point>
				<point>608.000000,578.000000</point>
			</points>
		</object>
		<object>
			<coordinate>pixel</coordinate>
			<type>rectangle</type>
			<description>None</description>
			<possibleresult>
				<name>Van</name>
			</possibleresult>
			<points>
				<point>622.000000,642.000000</point>
				<point>601.000000,644.000000</point>
				<point>601.000000,637.000000</point>
				<point>621.000000,634.000000</point>
				<point>622.000000,642.000000</point>
			</points>
		</object>
		<object>
			<coordinate>pixel</coordinate>
			<type>rectangle</type>
			<description>None</description>
			<possibleresult>
				<name>Small Car</name>
			</possibleresult>
			<points>
				<point>623.000000,651.000000</point>
				<point>602.000000,653.000000</point>
				<point>601.000000,644.000000</point>
				<point>623.000000,642.000000</point>
				<point>623.000000,651.000000</point>
			</points>
		</object>
		<object>
			<coordinate>pixel</coordinate>
			<type>rectangle</type>
			<description>None</description>
			<possibleresult>
				<name>Van</name>
			</possibleresult>
			<points>
				<point>899.000000,565.000000</point>
				<point>886.000000,574.000000</point>
				<point>882.000000,568.000000</point>
				<point>895.000000,559.000000</point>
				<point>899.000000,565.000000</point>
			</points>
		</object>
		<object>
			<coordinate>pixel</coordinate>
			<type>rectangle</type>
			<description>None</description>
			<possibleresult>
				<name>Bus</name>
			</possibleresult>
			<points>
				<point>986.000000,513.000000</point>
				<point>981.000000,519.000000</point>
				<point>967.000000,508.000000</point>
				<point>972.000000,502.000000</point>
				<point>986.000000,513.000000</point>
			</points>
		</object>
		<object>
			<coordinate>pixel</coordinate>
			<type>rectangle</type>
			<description>None</description>
			<possibleresult>
				<name>Bus</name>
			</possibleresult>
			<points>
				<point>978.000000,523.000000</point>
				<point>971.000000,528.000000</point>
				<point>959.000000,515.000000</point>
				<point>965.000000,509.000000</point>
				<point>978.000000,523.000000</point>
			</points>
		</object>
		<object>
			<coordinate>pixel</coordinate>
			<type>rectangle</type>
			<description>None</description>
			<possibleresult>
				<name>Van</name>
			</possibleresult>
			<points>
				<point>919.000000,604.000000</point>
				<point>913.000000,610.000000</point>
				<point>903.000000,599.000000</point>
				<point>908.000000,593.000000</point>
				<point>919.000000,604.000000</point>
			</points>
		</object>
		<object>
			<coordinate>pixel</coordinate>
			<type>rectangle</type>
			<description>None</description>
			<possibleresult>
				<name>Small Car</name>
			</possibleresult>
			<points>
				<point>95.000000,683.000000</point>
				<point>86.000000,683.000000</point>
				<point>86.000000,667.000000</point>
				<point>95.000000,667.000000</point>
				<point>95.000000,683.000000</point>
			</points>
		</object>
		<object>
			<coordinate>pixel</coordinate>
			<type>rectangle</type>
			<description>None</description>
			<possibleresult>
				<name>Small Car</name>
			</possibleresult>
			<points>
				<point>116.000000,683.000000</point>
				<point>108.000000,683.000000</point>
				<point>108.000000,667.000000</point>
				<point>116.000000,667.000000</point>
				<point>116.000000,683.000000</point>
			</points>
		</object>
		<object>
			<coordinate>pixel</coordinate>
			<type>rectangle</type>
			<description>None</description>
			<possibleresult>
				<name>Small Car</name>
			</possibleresult>
			<points>
				<point>127.000000,681.000000</point>
				<point>119.000000,681.000000</point>
				<point>119.000000,670.000000</point>
				<point>127.000000,670.000000</point>
				<point>127.000000,681.000000</point>
			</points>
		</object>
		<object>
			<coordinate>pixel</coordinate>
			<type>rectangle</type>
			<description>None</description>
			<possibleresult>
				<name>Small Car</name>
			</possibleresult>
			<points>
				<point>117.000000,712.000000</point>
				<point>101.000000,712.000000</point>
				<point>101.000000,706.000000</point>
				<point>117.000000,706.000000</point>
				<point>117.000000,712.000000</point>
			</points>
		</object>
		<object>
			<coordinate>pixel</coordinate>
			<type>rectangle</type>
			<description>None</description>
			<possibleresult>
				<name>Van</name>
			</possibleresult>
			<points>
				<point>121.000000,721.000000</point>
				<point>102.000000,721.000000</point>
				<point>102.000000,715.000000</point>
				<point>121.000000,715.000000</point>
				<point>121.000000,721.000000</point>
			</points>
		</object>
		<object>
			<coordinate>pixel</coordinate>
			<type>rectangle</type>
			<description>None</description>
			<possibleresult>
				<name>Van</name>
			</possibleresult>
			<points>
				<point>121.000000,739.000000</point>
				<point>100.000000,739.000000</point>
				<point>100.000000,732.000000</point>
				<point>121.000000,732.000000</point>
				<point>121.000000,739.000000</point>
			</points>
		</object>
		<object>
			<coordinate>pixel</coordinate>
			<type>rectangle</type>
			<description>None</description>
			<possibleresult>
				<name>Van</name>
			</possibleresult>
			<points>
				<point>121.000000,746.000000</point>
				<point>104.000000,746.000000</point>
				<point>104.000000,740.000000</point>
				<point>121.000000,740.000000</point>
				<point>121.000000,746.000000</point>
			</points>
		</object>
		<object>
			<coordinate>pixel</coordinate>
			<type>rectangle</type>
			<description>None</description>
			<possibleresult>
				<name>Van</name>
			</possibleresult>
			<points>
				<point>122.000000,753.000000</point>
				<point>105.000000,753.000000</point>
				<point>105.000000,748.000000</point>
				<point>122.000000,748.000000</point>
				<point>122.000000,753.000000</point>
			</points>
		</object>
		<object>
			<coordinate>pixel</coordinate>
			<type>rectangle</type>
			<description>None</description>
			<possibleresult>
				<name>Van</name>
			</possibleresult>
			<points>
				<point>120.000000,762.000000</point>
				<point>101.000000,762.000000</point>
				<point>101.000000,757.000000</point>
				<point>120.000000,757.000000</point>
				<point>120.000000,762.000000</point>
			</points>
		</object>
		<object>
			<coordinate>pixel</coordinate>
			<type>rectangle</type>
			<description>None</description>
			<possibleresult>
				<name>Van</name>
			</possibleresult>
			<points>
				<point>118.000000,771.000000</point>
				<point>102.000000,771.000000</point>
				<point>102.000000,765.000000</point>
				<point>118.000000,765.000000</point>
				<point>118.000000,771.000000</point>
			</points>
		</object>
		<object>
			<coordinate>pixel</coordinate>
			<type>rectangle</type>
			<description>None</description>
			<possibleresult>
				<name>Van</name>
			</possibleresult>
			<points>
				<point>122.000000,780.000000</point>
				<point>101.000000,780.000000</point>
				<point>101.000000,773.000000</point>
				<point>122.000000,773.000000</point>
				<point>122.000000,780.000000</point>
			</points>
		</object>
		<object>
			<coordinate>pixel</coordinate>
			<type>rectangle</type>
			<description>None</description>
			<possibleresult>
				<name>Van</name>
			</possibleresult>
			<points>
				<point>118.000000,789.000000</point>
				<point>102.000000,789.000000</point>
				<point>102.000000,783.000000</point>
				<point>118.000000,783.000000</point>
				<point>118.000000,789.000000</point>
			</points>
		</object>
		<object>
			<coordinate>pixel</coordinate>
			<type>rectangle</type>
			<description>None</description>
			<possibleresult>
				<name>Van</name>
			</possibleresult>
			<points>
				<point>117.000000,797.000000</point>
				<point>102.000000,797.000000</point>
				<point>102.000000,790.000000</point>
				<point>117.000000,790.000000</point>
				<point>117.000000,797.000000</point>
			</points>
		</object>
		<object>
			<coordinate>pixel</coordinate>
			<type>rectangle</type>
			<description>None</description>
			<possibleresult>
				<name>Van</name>
			</possibleresult>
			<points>
				<point>119.000000,814.000000</point>
				<point>103.000000,814.000000</point>
				<point>103.000000,807.000000</point>
				<point>119.000000,807.000000</point>
				<point>119.000000,814.000000</point>
			</points>
		</object>
		<object>
			<coordinate>pixel</coordinate>
			<type>rectangle</type>
			<description>None</description>
			<possibleresult>
				<name>Van</name>
			</possibleresult>
			<points>
				<point>176.000000,663.000000</point>
				<point>176.000000,672.000000</point>
				<point>156.000000,671.000000</point>
				<point>156.000000,662.000000</point>
				<point>176.000000,663.000000</point>
			</points>
		</object>
		<object>
			<coordinate>pixel</coordinate>
			<type>rectangle</type>
			<description>None</description>
			<possibleresult>
				<name>Van</name>
			</possibleresult>
			<points>
				<point>175.000000,679.000000</point>
				<point>174.000000,688.000000</point>
				<point>153.000000,687.000000</point>
				<point>154.000000,678.000000</point>
				<point>175.000000,679.000000</point>
			</points>
		</object>
		<object>
			<coordinate>pixel</coordinate>
			<type>rectangle</type>
			<description>None</description>
			<possibleresult>
				<name>Van</name>
			</possibleresult>
			<points>
				<point>168.000000,696.000000</point>
				<point>167.000000,703.000000</point>
				<point>152.000000,702.000000</point>
				<point>153.000000,695.000000</point>
				<point>168.000000,696.000000</point>
			</points>
		</object>
		<object>
			<coordinate>pixel</coordinate>
			<type>rectangle</type>
			<description>None</description>
			<possibleresult>
				<name>Van</name>
			</possibleresult>
			<points>
				<point>165.000000,704.000000</point>
				<point>164.000000,711.000000</point>
				<point>148.000000,710.000000</point>
				<point>149.000000,703.000000</point>
				<point>165.000000,704.000000</point>
			</points>
		</object>
		<object>
			<coordinate>pixel</coordinate>
			<type>rectangle</type>
			<description>None</description>
			<possibleresult>
				<name>Small Car</name>
			</possibleresult>
			<points>
				<point>163.000000,719.000000</point>
				<point>162.000000,727.000000</point>
				<point>143.000000,725.000000</point>
				<point>144.000000,716.000000</point>
				<point>163.000000,719.000000</point>
			</points>
		</object>
		<object>
			<coordinate>pixel</coordinate>
			<type>rectangle</type>
			<description>None</description>
			<possibleresult>
				<name>Van</name>
			</possibleresult>
			<points>
				<point>168.000000,736.000000</point>
				<point>168.000000,744.000000</point>
				<point>153.000000,743.000000</point>
				<point>153.000000,735.000000</point>
				<point>168.000000,736.000000</point>
			</points>
		</object>
		<object>
			<coordinate>pixel</coordinate>
			<type>rectangle</type>
			<description>None</description>
			<possibleresult>
				<name>Small Car</name>
			</possibleresult>
			<points>
				<point>168.000000,761.000000</point>
				<point>168.000000,770.000000</point>
				<point>147.000000,768.000000</point>
				<point>148.000000,760.000000</point>
				<point>168.000000,761.000000</point>
			</points>
		</object>
		<object>
			<coordinate>pixel</coordinate>
			<type>rectangle</type>
			<description>None</description>
			<possibleresult>
				<name>Van</name>
			</possibleresult>
			<points>
				<point>167.000000,770.000000</point>
				<point>167.000000,778.000000</point>
				<point>150.000000,777.000000</point>
				<point>150.000000,769.000000</point>
				<point>167.000000,770.000000</point>
			</points>
		</object>
		<object>
			<coordinate>pixel</coordinate>
			<type>rectangle</type>
			<description>None</description>
			<possibleresult>
				<name>Van</name>
			</possibleresult>
			<points>
				<point>164.000000,779.000000</point>
				<point>164.000000,786.000000</point>
				<point>148.000000,784.000000</point>
				<point>149.000000,778.000000</point>
				<point>164.000000,779.000000</point>
			</points>
		</object>
		<object>
			<coordinate>pixel</coordinate>
			<type>rectangle</type>
			<description>None</description>
			<possibleresult>
				<name>Van</name>
			</possibleresult>
			<points>
				<point>163.000000,794.000000</point>
				<point>146.000000,794.000000</point>
				<point>146.000000,786.000000</point>
				<point>163.000000,786.000000</point>
				<point>163.000000,794.000000</point>
			</points>
		</object>
		<object>
			<coordinate>pixel</coordinate>
			<type>rectangle</type>
			<description>None</description>
			<possibleresult>
				<name>Van</name>
			</possibleresult>
			<points>
				<point>161.000000,802.000000</point>
				<point>145.000000,802.000000</point>
				<point>145.000000,795.000000</point>
				<point>161.000000,795.000000</point>
				<point>161.000000,802.000000</point>
			</points>
		</object>
		<object>
			<coordinate>pixel</coordinate>
			<type>rectangle</type>
			<description>None</description>
			<possibleresult>
				<name>Van</name>
			</possibleresult>
			<points>
				<point>161.000000,805.000000</point>
				<point>161.000000,812.000000</point>
				<point>144.000000,810.000000</point>
				<point>145.000000,804.000000</point>
				<point>161.000000,805.000000</point>
			</points>
		</object>
		<object>
			<coordinate>pixel</coordinate>
			<type>rectangle</type>
			<description>None</description>
			<possibleresult>
				<name>Van</name>
			</possibleresult>
			<points>
				<point>395.000000,740.000000</point>
				<point>389.000000,746.000000</point>
				<point>378.000000,735.000000</point>
				<point>384.000000,729.000000</point>
				<point>395.000000,740.000000</point>
			</points>
		</object>
		<object>
			<coordinate>pixel</coordinate>
			<type>rectangle</type>
			<description>None</description>
			<possibleresult>
				<name>Van</name>
			</possibleresult>
			<points>
				<point>407.000000,740.000000</point>
				<point>401.000000,745.000000</point>
				<point>392.000000,735.000000</point>
				<point>397.000000,729.000000</point>
				<point>407.000000,740.000000</point>
			</points>
		</object>
		<object>
			<coordinate>pixel</coordinate>
			<type>rectangle</type>
			<description>None</description>
			<possibleresult>
				<name>Small Car</name>
			</possibleresult>
			<points>
				<point>456.000000,674.000000</point>
				<point>447.000000,676.000000</point>
				<point>444.000000,661.000000</point>
				<point>452.000000,660.000000</point>
				<point>456.000000,674.000000</point>
			</points>
		</object>
		<object>
			<coordinate>pixel</coordinate>
			<type>rectangle</type>
			<description>None</description>
			<possibleresult>
				<name>Small Car</name>
			</possibleresult>
			<points>
				<point>573.000000,722.000000</point>
				<point>553.000000,725.000000</point>
				<point>552.000000,717.000000</point>
				<point>572.000000,714.000000</point>
				<point>573.000000,722.000000</point>
			</points>
		</object>
		<object>
			<coordinate>pixel</coordinate>
			<type>rectangle</type>
			<description>None</description>
			<possibleresult>
				<name>Small Car</name>
			</possibleresult>
			<points>
				<point>327.000000,722.000000</point>
				<point>320.000000,723.000000</point>
				<point>316.000000,708.000000</point>
				<point>323.000000,706.000000</point>
				<point>327.000000,722.000000</point>
			</points>
		</object>
		<object>
			<coordinate>pixel</coordinate>
			<type>rectangle</type>
			<description>None</description>
			<possibleresult>
				<name>Small Car</name>
			</possibleresult>
			<points>
				<point>611.000000,808.000000</point>
				<point>595.000000,808.000000</point>
				<point>595.000000,800.000000</point>
				<point>611.000000,800.000000</point>
				<point>611.000000,808.000000</point>
			</points>
		</object>
		<object>
			<coordinate>pixel</coordinate>
			<type>rectangle</type>
			<description>None</description>
			<possibleresult>
				<name>Van</name>
			</possibleresult>
			<points>
				<point>629.000000,679.000000</point>
				<point>610.000000,681.000000</point>
				<point>609.000000,672.000000</point>
				<point>628.000000,670.000000</point>
				<point>629.000000,679.000000</point>
			</points>
		</object>
		<object>
			<coordinate>pixel</coordinate>
			<type>rectangle</type>
			<description>None</description>
			<possibleresult>
				<name>Van</name>
			</possibleresult>
			<points>
				<point>628.000000,688.000000</point>
				<point>613.000000,688.000000</point>
				<point>613.000000,682.000000</point>
				<point>628.000000,682.000000</point>
				<point>628.000000,688.000000</point>
			</points>
		</object>
		<object>
			<coordinate>pixel</coordinate>
			<type>rectangle</type>
			<description>None</description>
			<possibleresult>
				<name>Van</name>
			</possibleresult>
			<points>
				<point>767.000000,743.000000</point>
				<point>749.000000,745.000000</point>
				<point>748.000000,737.000000</point>
				<point>766.000000,735.000000</point>
				<point>767.000000,743.000000</point>
			</points>
		</object>
		<object>
			<coordinate>pixel</coordinate>
			<type>rectangle</type>
			<description>None</description>
			<possibleresult>
				<name>Van</name>
			</possibleresult>
			<points>
				<point>773.000000,783.000000</point>
				<point>756.000000,786.000000</point>
				<point>756.000000,778.000000</point>
				<point>773.000000,776.000000</point>
				<point>773.000000,783.000000</point>
			</points>
		</object>
		<object>
			<coordinate>pixel</coordinate>
			<type>rectangle</type>
			<description>None</description>
			<possibleresult>
				<name>Van</name>
			</possibleresult>
			<points>
				<point>775.000000,790.000000</point>
				<point>758.000000,794.000000</point>
				<point>756.000000,787.000000</point>
				<point>774.000000,784.000000</point>
				<point>775.000000,790.000000</point>
			</points>
		</object>
		<object>
			<coordinate>pixel</coordinate>
			<type>rectangle</type>
			<description>None</description>
			<possibleresult>
				<name>Van</name>
			</possibleresult>
			<points>
				<point>774.000000,800.000000</point>
				<point>759.000000,801.000000</point>
				<point>758.000000,793.000000</point>
				<point>773.000000,792.000000</point>
				<point>774.000000,800.000000</point>
			</points>
		</object>
		<object>
			<coordinate>pixel</coordinate>
			<type>rectangle</type>
			<description>None</description>
			<possibleresult>
				<name>Small Car</name>
			</possibleresult>
			<points>
				<point>972.000000,914.000000</point>
				<point>953.000000,914.000000</point>
				<point>953.000000,907.000000</point>
				<point>972.000000,907.000000</point>
				<point>972.000000,914.000000</point>
			</points>
		</object>
		<object>
			<coordinate>pixel</coordinate>
			<type>rectangle</type>
			<description>None</description>
			<possibleresult>
				<name>Van</name>
			</possibleresult>
			<points>
				<point>972.000000,922.000000</point>
				<point>953.000000,922.000000</point>
				<point>953.000000,914.000000</point>
				<point>972.000000,914.000000</point>
				<point>972.000000,922.000000</point>
			</points>
		</object>
		<object>
			<coordinate>pixel</coordinate>
			<type>rectangle</type>
			<description>None</description>
			<possibleresult>
				<name>Van</name>
			</possibleresult>
			<points>
				<point>973.000000,937.000000</point>
				<point>953.000000,937.000000</point>
				<point>953.000000,928.000000</point>
				<point>973.000000,928.000000</point>
				<point>973.000000,937.000000</point>
			</points>
		</object>
		<object>
			<coordinate>pixel</coordinate>
			<type>rectangle</type>
			<description>None</description>
			<possibleresult>
				<name>Small Car</name>
			</possibleresult>
			<points>
				<point>783.000000,822.000000</point>
				<point>763.000000,826.000000</point>
				<point>761.000000,818.000000</point>
				<point>782.000000,815.000000</point>
				<point>783.000000,822.000000</point>
			</points>
		</object>
		<object>
			<coordinate>pixel</coordinate>
			<type>rectangle</type>
			<description>None</description>
			<possibleresult>
				<name>Van</name>
			</possibleresult>
			<points>
				<point>783.000000,832.000000</point>
				<point>763.000000,833.000000</point>
				<point>763.000000,827.000000</point>
				<point>783.000000,826.000000</point>
				<point>783.000000,832.000000</point>
			</points>
		</object>
		<object>
			<coordinate>pixel</coordinate>
			<type>rectangle</type>
			<description>None</description>
			<possibleresult>
				<name>Small Car</name>
			</possibleresult>
			<points>
				<point>786.000000,839.000000</point>
				<point>768.000000,841.000000</point>
				<point>767.000000,833.000000</point>
				<point>786.000000,832.000000</point>
				<point>786.000000,839.000000</point>
			</points>
		</object>
		<object>
			<coordinate>pixel</coordinate>
			<type>rectangle</type>
			<description>None</description>
			<possibleresult>
				<name>Small Car</name>
			</possibleresult>
			<points>
				<point>787.000000,848.000000</point>
				<point>765.000000,850.000000</point>
				<point>765.000000,842.000000</point>
				<point>787.000000,840.000000</point>
				<point>787.000000,848.000000</point>
			</points>
		</object>
		<object>
			<coordinate>pixel</coordinate>
			<type>rectangle</type>
			<description>None</description>
			<possibleresult>
				<name>Van</name>
			</possibleresult>
			<points>
				<point>788.000000,864.000000</point>
				<point>769.000000,866.000000</point>
				<point>768.000000,857.000000</point>
				<point>788.000000,855.000000</point>
				<point>788.000000,864.000000</point>
			</points>
		</object>
		<object>
			<coordinate>pixel</coordinate>
			<type>rectangle</type>
			<description>None</description>
			<possibleresult>
				<name>Small Car</name>
			</possibleresult>
			<points>
				<point>793.000000,889.000000</point>
				<point>774.000000,889.000000</point>
				<point>774.000000,880.000000</point>
				<point>793.000000,880.000000</point>
				<point>793.000000,889.000000</point>
			</points>
		</object>
		<object>
			<coordinate>pixel</coordinate>
			<type>rectangle</type>
			<description>None</description>
			<possibleresult>
				<name>Van</name>
			</possibleresult>
			<points>
				<point>793.000000,897.000000</point>
				<point>776.000000,897.000000</point>
				<point>776.000000,889.000000</point>
				<point>793.000000,889.000000</point>
				<point>793.000000,897.000000</point>
			</points>
		</object>
		<object>
			<coordinate>pixel</coordinate>
			<type>rectangle</type>
			<description>None</description>
			<possibleresult>
				<name>Small Car</name>
			</possibleresult>
			<points>
				<point>616.000000,824.000000</point>
				<point>595.000000,827.000000</point>
				<point>593.000000,819.000000</point>
				<point>614.000000,816.000000</point>
				<point>616.000000,824.000000</point>
			</points>
		</object>
		<object>
			<coordinate>pixel</coordinate>
			<type>rectangle</type>
			<description>None</description>
			<possibleresult>
				<name>Small Car</name>
			</possibleresult>
			<points>
				<point>616.000000,849.000000</point>
				<point>601.000000,851.000000</point>
				<point>601.000000,845.000000</point>
				<point>616.000000,843.000000</point>
				<point>616.000000,849.000000</point>
			</points>
		</object>
		<object>
			<coordinate>pixel</coordinate>
			<type>rectangle</type>
			<description>None</description>
			<possibleresult>
				<name>Small Car</name>
			</possibleresult>
			<points>
				<point>620.000000,857.000000</point>
				<point>601.000000,858.000000</point>
				<point>600.000000,852.000000</point>
				<point>620.000000,850.000000</point>
				<point>620.000000,857.000000</point>
			</points>
		</object>
		<object>
			<coordinate>pixel</coordinate>
			<type>rectangle</type>
			<description>None</description>
			<possibleresult>
				<name>Small Car</name>
			</possibleresult>
			<points>
				<point>620.000000,872.000000</point>
				<point>604.000000,874.000000</point>
				<point>603.000000,867.000000</point>
				<point>620.000000,866.000000</point>
				<point>620.000000,872.000000</point>
			</points>
		</object>
		<object>
			<coordinate>pixel</coordinate>
			<type>rectangle</type>
			<description>None</description>
			<possibleresult>
				<name>Small Car</name>
			</possibleresult>
			<points>
				<point>655.000000,832.000000</point>
				<point>637.000000,836.000000</point>
				<point>635.000000,827.000000</point>
				<point>653.000000,823.000000</point>
				<point>655.000000,832.000000</point>
			</points>
		</object>
		<object>
			<coordinate>pixel</coordinate>
			<type>rectangle</type>
			<description>None</description>
			<possibleresult>
				<name>Van</name>
			</possibleresult>
			<points>
				<point>656.000000,855.000000</point>
				<point>642.000000,856.000000</point>
				<point>642.000000,849.000000</point>
				<point>656.000000,848.000000</point>
				<point>656.000000,855.000000</point>
			</points>
		</object>
		<object>
			<coordinate>pixel</coordinate>
			<type>rectangle</type>
			<description>None</description>
			<possibleresult>
				<name>Small Car</name>
			</possibleresult>
			<points>
				<point>662.000000,862.000000</point>
				<point>639.000000,866.000000</point>
				<point>638.000000,858.000000</point>
				<point>661.000000,854.000000</point>
				<point>662.000000,862.000000</point>
			</points>
		</object>
		<object>
			<coordinate>pixel</coordinate>
			<type>rectangle</type>
			<description>None</description>
			<possibleresult>
				<name>Van</name>
			</possibleresult>
			<points>
				<point>503.000000,883.000000</point>
				<point>495.000000,884.000000</point>
				<point>493.000000,872.000000</point>
				<point>500.000000,870.000000</point>
				<point>503.000000,883.000000</point>
			</points>
		</object>
		<object>
			<coordinate>pixel</coordinate>
			<type>rectangle</type>
			<description>None</description>
			<possibleresult>
				<name>Small Car</name>
			</possibleresult>
			<points>
				<point>521.000000,882.000000</point>
				<point>511.000000,885.000000</point>
				<point>507.000000,865.000000</point>
				<point>517.000000,862.000000</point>
				<point>521.000000,882.000000</point>
			</points>
		</object>
		<object>
			<coordinate>pixel</coordinate>
			<type>rectangle</type>
			<description>None</description>
			<possibleresult>
				<name>Van</name>
			</possibleresult>
			<points>
				<point>475.000000,855.000000</point>
				<point>459.000000,857.000000</point>
				<point>459.000000,851.000000</point>
				<point>474.000000,848.000000</point>
				<point>475.000000,855.000000</point>
			</points>
		</object>
		<object>
			<coordinate>pixel</coordinate>
			<type>rectangle</type>
			<description>None</description>
			<possibleresult>
				<name>Small Car</name>
			</possibleresult>
			<points>
				<point>481.000000,879.000000</point>
				<point>460.000000,881.000000</point>
				<point>460.000000,873.000000</point>
				<point>480.000000,870.000000</point>
				<point>481.000000,879.000000</point>
			</points>
		</object>
		<object>
			<coordinate>pixel</coordinate>
			<type>rectangle</type>
			<description>None</description>
			<possibleresult>
				<name>Small Car</name>
			</possibleresult>
			<points>
				<point>361.000000,819.000000</point>
				<point>340.000000,823.000000</point>
				<point>338.000000,815.000000</point>
				<point>359.000000,810.000000</point>
				<point>361.000000,819.000000</point>
			</points>
		</object>
		<object>
			<coordinate>pixel</coordinate>
			<type>rectangle</type>
			<description>None</description>
			<possibleresult>
				<name>Small Car</name>
			</possibleresult>
			<points>
				<point>373.000000,830.000000</point>
				<point>366.000000,831.000000</point>
				<point>364.000000,817.000000</point>
				<point>371.000000,816.000000</point>
				<point>373.000000,830.000000</point>
			</points>
		</object>
		<object>
			<coordinate>pixel</coordinate>
			<type>rectangle</type>
			<description>None</description>
			<possibleresult>
				<name>Small Car</name>
			</possibleresult>
			<points>
				<point>375.000000,843.000000</point>
				<point>355.000000,844.000000</point>
				<point>355.000000,837.000000</point>
				<point>375.000000,836.000000</point>
				<point>375.000000,843.000000</point>
			</points>
		</object>
		<object>
			<coordinate>pixel</coordinate>
			<type>rectangle</type>
			<description>None</description>
			<possibleresult>
				<name>Van</name>
			</possibleresult>
			<points>
				<point>355.000000,843.000000</point>
				<point>334.000000,847.000000</point>
				<point>333.000000,839.000000</point>
				<point>353.000000,836.000000</point>
				<point>355.000000,843.000000</point>
			</points>
		</object>
		<object>
			<coordinate>pixel</coordinate>
			<type>rectangle</type>
			<description>None</description>
			<possibleresult>
				<name>Van</name>
			</possibleresult>
			<points>
				<point>250.000000,949.000000</point>
				<point>234.000000,950.000000</point>
				<point>234.000000,942.000000</point>
				<point>249.000000,940.000000</point>
				<point>250.000000,949.000000</point>
			</points>
		</object>
		<object>
			<coordinate>pixel</coordinate>
			<type>rectangle</type>
			<description>None</description>
			<possibleresult>
				<name>Van</name>
			</possibleresult>
			<points>
				<point>120.000000,821.000000</point>
				<point>102.000000,821.000000</point>
				<point>102.000000,815.000000</point>
				<point>120.000000,815.000000</point>
				<point>120.000000,821.000000</point>
			</points>
		</object>
		<object>
			<coordinate>pixel</coordinate>
			<type>rectangle</type>
			<description>None</description>
			<possibleresult>
				<name>Small Car</name>
			</possibleresult>
			<points>
				<point>119.000000,830.000000</point>
				<point>102.000000,830.000000</point>
				<point>102.000000,823.000000</point>
				<point>119.000000,823.000000</point>
				<point>119.000000,830.000000</point>
			</points>
		</object>
		<object>
			<coordinate>pixel</coordinate>
			<type>rectangle</type>
			<description>None</description>
			<possibleresult>
				<name>Small Car</name>
			</possibleresult>
			<points>
				<point>157.000000,827.000000</point>
				<point>157.000000,835.000000</point>
				<point>140.000000,834.000000</point>
				<point>140.000000,825.000000</point>
				<point>157.000000,827.000000</point>
			</points>
		</object>
		<object>
			<coordinate>pixel</coordinate>
			<type>rectangle</type>
			<description>None</description>
			<possibleresult>
				<name>Small Car</name>
			</possibleresult>
			<points>
				<point>120.000000,839.000000</point>
				<point>101.000000,839.000000</point>
				<point>101.000000,832.000000</point>
				<point>120.000000,832.000000</point>
				<point>120.000000,839.000000</point>
			</points>
		</object>
		<object>
			<coordinate>pixel</coordinate>
			<type>rectangle</type>
			<description>None</description>
			<possibleresult>
				<name>Small Car</name>
			</possibleresult>
			<points>
				<point>117.000000,847.000000</point>
				<point>101.000000,847.000000</point>
				<point>101.000000,840.000000</point>
				<point>117.000000,840.000000</point>
				<point>117.000000,847.000000</point>
			</points>
		</object>
		<object>
			<coordinate>pixel</coordinate>
			<type>rectangle</type>
			<description>None</description>
			<possibleresult>
				<name>Cargo Truck</name>
			</possibleresult>
			<points>
				<point>22.000000,981.000000</point>
				<point>15.000000,981.000000</point>
				<point>15.000000,967.000000</point>
				<point>22.000000,967.000000</point>
				<point>22.000000,981.000000</point>
			</points>
		</object>
		<object>
			<coordinate>pixel</coordinate>
			<type>rectangle</type>
			<description>None</description>
			<possibleresult>
				<name>Small Car</name>
			</possibleresult>
			<points>
				<point>33.000000,981.000000</point>
				<point>23.000000,981.000000</point>
				<point>23.000000,966.000000</point>
				<point>33.000000,966.000000</point>
				<point>33.000000,981.000000</point>
			</points>
		</object>
		<object>
			<coordinate>pixel</coordinate>
			<type>rectangle</type>
			<description>None</description>
			<possibleresult>
				<name>Small Car</name>
			</possibleresult>
			<points>
				<point>292.000000,968.000000</point>
				<point>272.000000,968.000000</point>
				<point>272.000000,962.000000</point>
				<point>292.000000,962.000000</point>
				<point>292.000000,968.000000</point>
			</points>
		</object>
		<object>
			<coordinate>pixel</coordinate>
			<type>rectangle</type>
			<description>None</description>
			<possibleresult>
				<name>Small Car</name>
			</possibleresult>
			<points>
				<point>676.000000,968.000000</point>
				<point>659.000000,970.000000</point>
				<point>659.000000,963.000000</point>
				<point>675.000000,960.000000</point>
				<point>676.000000,968.000000</point>
			</points>
		</object>
		<object>
			<coordinate>pixel</coordinate>
			<type>rectangle</type>
			<description>None</description>
			<possibleresult>
				<name>Van</name>
			</possibleresult>
			<points>
				<point>682.000000,994.000000</point>
				<point>664.000000,996.000000</point>
				<point>663.000000,988.000000</point>
				<point>681.000000,986.000000</point>
				<point>682.000000,994.000000</point>
			</points>
		</object>
		<object>
			<coordinate>pixel</coordinate>
			<type>rectangle</type>
			<description>None</description>
			<possibleresult>
				<name>Van</name>
			</possibleresult>
			<points>
				<point>830.000000,965.000000</point>
				<point>822.000000,968.000000</point>
				<point>816.000000,954.000000</point>
				<point>823.000000,950.000000</point>
				<point>830.000000,965.000000</point>
			</points>
		</object>
	</objects>
</annotation>