<?xml version="1.0" encoding="utf-8"?>
<annotation>
	<source>
		<filename>931.tif</filename>
		<origin>GF2/GF3</origin>
	</source>
	<research>
		<version>1.0</version>
		<provider>FAIR1M</provider>
		<author>Cyber</author>
		<pluginname>FAIR1M</pluginname>
		<pluginclass>object detection</pluginclass>
		<time>2021-07-21</time>
	</research>
	<size>
		<width>1000</width>
		<height>1000</height>
		<depth>3</depth>
	</size>
	<objects>
		<object>
			<coordinate>pixel</coordinate>
			<type>rectangle</type>
			<description>None</description>
			<possibleresult>
				<name>Van</name>
			</possibleresult>
			<points>
				<point>830.000000,454.000000</point>
				<point>829.000000,463.000000</point>
				<point>806.000000,462.000000</point>
				<point>806.000000,452.000000</point>
				<point>830.000000,454.000000</point>
			</points>
		</object>
		<object>
			<coordinate>pixel</coordinate>
			<type>rectangle</type>
			<description>None</description>
			<possibleresult>
				<name>Small Car</name>
			</possibleresult>
			<points>
				<point>942.000000,554.000000</point>
				<point>932.000000,554.000000</point>
				<point>932.000000,536.000000</point>
				<point>942.000000,536.000000</point>
				<point>942.000000,554.000000</point>
			</points>
		</object>
		<object>
			<coordinate>pixel</coordinate>
			<type>rectangle</type>
			<description>None</description>
			<possibleresult>
				<name>Small Car</name>
			</possibleresult>
			<points>
				<point>105.000000,843.000000</point>
				<point>105.000000,852.000000</point>
				<point>83.000000,851.000000</point>
				<point>83.000000,842.000000</point>
				<point>105.000000,843.000000</point>
			</points>
		</object>
		<object>
			<coordinate>pixel</coordinate>
			<type>rectangle</type>
			<description>None</description>
			<possibleresult>
				<name>Small Car</name>
			</possibleresult>
			<points>
				<point>150.000000,829.000000</point>
				<point>143.000000,842.000000</point>
				<point>135.000000,837.000000</point>
				<point>142.000000,824.000000</point>
				<point>150.000000,829.000000</point>
			</points>
		</object>
		<object>
			<coordinate>pixel</coordinate>
			<type>rectangle</type>
			<description>None</description>
			<possibleresult>
				<name>Van</name>
			</possibleresult>
			<points>
				<point>542.000000,565.000000</point>
				<point>524.000000,565.000000</point>
				<point>524.000000,558.000000</point>
				<point>542.000000,558.000000</point>
				<point>542.000000,565.000000</point>
			</points>
		</object>
		<object>
			<coordinate>pixel</coordinate>
			<type>rectangle</type>
			<description>None</description>
			<possibleresult>
				<name>Van</name>
			</possibleresult>
			<points>
				<point>529.000000,692.000000</point>
				<point>507.000000,692.000000</point>
				<point>507.000000,684.000000</point>
				<point>529.000000,684.000000</point>
				<point>529.000000,692.000000</point>
			</points>
		</object>
		<object>
			<coordinate>pixel</coordinate>
			<type>rectangle</type>
			<description>None</description>
			<possibleresult>
				<name>Small Car</name>
			</possibleresult>
			<points>
				<point>483.000000,750.000000</point>
				<point>481.000000,768.000000</point>
				<point>473.000000,768.000000</point>
				<point>474.000000,749.000000</point>
				<point>483.000000,750.000000</point>
			</points>
		</object>
		<object>
			<coordinate>pixel</coordinate>
			<type>rectangle</type>
			<description>None</description>
			<possibleresult>
				<name>Van</name>
			</possibleresult>
			<points>
				<point>527.000000,909.000000</point>
				<point>527.000000,916.000000</point>
				<point>504.000000,914.000000</point>
				<point>505.000000,908.000000</point>
				<point>527.000000,909.000000</point>
			</points>
		</object>
		<object>
			<coordinate>pixel</coordinate>
			<type>rectangle</type>
			<description>None</description>
			<possibleresult>
				<name>Small Car</name>
			</possibleresult>
			<points>
				<point>486.000000,904.000000</point>
				<point>477.000000,904.000000</point>
				<point>477.000000,886.000000</point>
				<point>486.000000,886.000000</point>
				<point>486.000000,904.000000</point>
			</points>
		</object>
		<object>
			<coordinate>pixel</coordinate>
			<type>rectangle</type>
			<description>None</description>
			<possibleresult>
				<name>Small Car</name>
			</possibleresult>
			<points>
				<point>485.000000,884.000000</point>
				<point>476.000000,884.000000</point>
				<point>476.000000,868.000000</point>
				<point>485.000000,868.000000</point>
				<point>485.000000,884.000000</point>
			</points>
		</object>
		<object>
			<coordinate>pixel</coordinate>
			<type>rectangle</type>
			<description>None</description>
			<possibleresult>
				<name>Cargo Truck</name>
			</possibleresult>
			<points>
				<point>364.000000,785.000000</point>
				<point>325.000000,785.000000</point>
				<point>325.000000,774.000000</point>
				<point>364.000000,774.000000</point>
				<point>364.000000,785.000000</point>
			</points>
		</object>
		<object>
			<coordinate>pixel</coordinate>
			<type>rectangle</type>
			<description>None</description>
			<possibleresult>
				<name>Small Car</name>
			</possibleresult>
			<points>
				<point>405.000000,597.000000</point>
				<point>384.000000,597.000000</point>
				<point>384.000000,589.000000</point>
				<point>405.000000,589.000000</point>
				<point>405.000000,597.000000</point>
			</points>
		</object>
		<object>
			<coordinate>pixel</coordinate>
			<type>rectangle</type>
			<description>None</description>
			<possibleresult>
				<name>Small Car</name>
			</possibleresult>
			<points>
				<point>230.000000,668.000000</point>
				<point>229.000000,677.000000</point>
				<point>201.000000,676.000000</point>
				<point>202.000000,667.000000</point>
				<point>230.000000,668.000000</point>
			</points>
		</object>
		<object>
			<coordinate>pixel</coordinate>
			<type>rectangle</type>
			<description>None</description>
			<possibleresult>
				<name>Small Car</name>
			</possibleresult>
			<points>
				<point>219.000000,656.000000</point>
				<point>219.000000,665.000000</point>
				<point>194.000000,663.000000</point>
				<point>194.000000,654.000000</point>
				<point>219.000000,656.000000</point>
			</points>
		</object>
		<object>
			<coordinate>pixel</coordinate>
			<type>rectangle</type>
			<description>None</description>
			<possibleresult>
				<name>Small Car</name>
			</possibleresult>
			<points>
				<point>301.000000,673.000000</point>
				<point>282.000000,673.000000</point>
				<point>282.000000,667.000000</point>
				<point>301.000000,667.000000</point>
				<point>301.000000,673.000000</point>
			</points>
		</object>
		<object>
			<coordinate>pixel</coordinate>
			<type>rectangle</type>
			<description>None</description>
			<possibleresult>
				<name>Van</name>
			</possibleresult>
			<points>
				<point>302.000000,690.000000</point>
				<point>281.000000,691.000000</point>
				<point>280.000000,685.000000</point>
				<point>301.000000,684.000000</point>
				<point>302.000000,690.000000</point>
			</points>
		</object>
		<object>
			<coordinate>pixel</coordinate>
			<type>rectangle</type>
			<description>None</description>
			<possibleresult>
				<name>Van</name>
			</possibleresult>
			<points>
				<point>300.000000,701.000000</point>
				<point>279.000000,701.000000</point>
				<point>279.000000,694.000000</point>
				<point>300.000000,694.000000</point>
				<point>300.000000,701.000000</point>
			</points>
		</object>
		<object>
			<coordinate>pixel</coordinate>
			<type>rectangle</type>
			<description>None</description>
			<possibleresult>
				<name>Van</name>
			</possibleresult>
			<points>
				<point>48.000000,794.000000</point>
				<point>48.000000,800.000000</point>
				<point>29.000000,799.000000</point>
				<point>30.000000,792.000000</point>
				<point>48.000000,794.000000</point>
			</points>
		</object>
		<object>
			<coordinate>pixel</coordinate>
			<type>rectangle</type>
			<description>None</description>
			<possibleresult>
				<name>Van</name>
			</possibleresult>
			<points>
				<point>52.000000,789.000000</point>
				<point>34.000000,789.000000</point>
				<point>34.000000,783.000000</point>
				<point>52.000000,783.000000</point>
				<point>52.000000,789.000000</point>
			</points>
		</object>
		<object>
			<coordinate>pixel</coordinate>
			<type>rectangle</type>
			<description>None</description>
			<possibleresult>
				<name>Van</name>
			</possibleresult>
			<points>
				<point>84.000000,788.000000</point>
				<point>80.000000,795.000000</point>
				<point>62.000000,785.000000</point>
				<point>66.000000,778.000000</point>
				<point>84.000000,788.000000</point>
			</points>
		</object>
		<object>
			<coordinate>pixel</coordinate>
			<type>rectangle</type>
			<description>None</description>
			<possibleresult>
				<name>Van</name>
			</possibleresult>
			<points>
				<point>112.000000,795.000000</point>
				<point>90.000000,795.000000</point>
				<point>90.000000,787.000000</point>
				<point>112.000000,787.000000</point>
				<point>112.000000,795.000000</point>
			</points>
		</object>
		<object>
			<coordinate>pixel</coordinate>
			<type>rectangle</type>
			<description>None</description>
			<possibleresult>
				<name>Van</name>
			</possibleresult>
			<points>
				<point>408.000000,973.000000</point>
				<point>388.000000,973.000000</point>
				<point>388.000000,967.000000</point>
				<point>408.000000,967.000000</point>
				<point>408.000000,973.000000</point>
			</points>
		</object>
		<object>
			<coordinate>pixel</coordinate>
			<type>rectangle</type>
			<description>None</description>
			<possibleresult>
				<name>Dump Truck</name>
			</possibleresult>
			<points>
				<point>367.000000,953.000000</point>
				<point>342.000000,953.000000</point>
				<point>342.000000,946.000000</point>
				<point>367.000000,946.000000</point>
				<point>367.000000,953.000000</point>
			</points>
		</object>
		<object>
			<coordinate>pixel</coordinate>
			<type>rectangle</type>
			<description>None</description>
			<possibleresult>
				<name>Van</name>
			</possibleresult>
			<points>
				<point>942.000000,534.000000</point>
				<point>934.000000,534.000000</point>
				<point>934.000000,518.000000</point>
				<point>942.000000,518.000000</point>
				<point>942.000000,534.000000</point>
			</points>
		</object>
		<object>
			<coordinate>pixel</coordinate>
			<type>rectangle</type>
			<description>None</description>
			<possibleresult>
				<name>Van</name>
			</possibleresult>
			<points>
				<point>941.000000,599.000000</point>
				<point>933.000000,599.000000</point>
				<point>933.000000,583.000000</point>
				<point>941.000000,583.000000</point>
				<point>941.000000,599.000000</point>
			</points>
		</object>
		<object>
			<coordinate>pixel</coordinate>
			<type>rectangle</type>
			<description>None</description>
			<possibleresult>
				<name>Small Car</name>
			</possibleresult>
			<points>
				<point>942.000000,619.000000</point>
				<point>935.000000,620.000000</point>
				<point>933.000000,603.000000</point>
				<point>941.000000,603.000000</point>
				<point>942.000000,619.000000</point>
			</points>
		</object>
		<object>
			<coordinate>pixel</coordinate>
			<type>rectangle</type>
			<description>None</description>
			<possibleresult>
				<name>Van</name>
			</possibleresult>
			<points>
				<point>941.000000,669.000000</point>
				<point>940.000000,684.000000</point>
				<point>931.000000,683.000000</point>
				<point>932.000000,668.000000</point>
				<point>941.000000,669.000000</point>
			</points>
		</object>
		<object>
			<coordinate>pixel</coordinate>
			<type>rectangle</type>
			<description>None</description>
			<possibleresult>
				<name>Van</name>
			</possibleresult>
			<points>
				<point>943.000000,728.000000</point>
				<point>933.000000,728.000000</point>
				<point>933.000000,712.000000</point>
				<point>943.000000,712.000000</point>
				<point>943.000000,728.000000</point>
			</points>
		</object>
		<object>
			<coordinate>pixel</coordinate>
			<type>rectangle</type>
			<description>None</description>
			<possibleresult>
				<name>Small Car</name>
			</possibleresult>
			<points>
				<point>944.000000,790.000000</point>
				<point>935.000000,790.000000</point>
				<point>935.000000,772.000000</point>
				<point>944.000000,772.000000</point>
				<point>944.000000,790.000000</point>
			</points>
		</object>
		<object>
			<coordinate>pixel</coordinate>
			<type>rectangle</type>
			<description>None</description>
			<possibleresult>
				<name>Small Car</name>
			</possibleresult>
			<points>
				<point>898.000000,855.000000</point>
				<point>876.000000,856.000000</point>
				<point>876.000000,849.000000</point>
				<point>897.000000,847.000000</point>
				<point>898.000000,855.000000</point>
			</points>
		</object>
		<object>
			<coordinate>pixel</coordinate>
			<type>rectangle</type>
			<description>None</description>
			<possibleresult>
				<name>Van</name>
			</possibleresult>
			<points>
				<point>807.000000,737.000000</point>
				<point>789.000000,737.000000</point>
				<point>789.000000,731.000000</point>
				<point>807.000000,731.000000</point>
				<point>807.000000,737.000000</point>
			</points>
		</object>
		<object>
			<coordinate>pixel</coordinate>
			<type>rectangle</type>
			<description>None</description>
			<possibleresult>
				<name>Small Car</name>
			</possibleresult>
			<points>
				<point>820.000000,754.000000</point>
				<point>801.000000,756.000000</point>
				<point>800.000000,748.000000</point>
				<point>819.000000,746.000000</point>
				<point>820.000000,754.000000</point>
			</points>
		</object>
	</objects>
</annotation>