<?xml version="1.0" encoding="utf-8"?>
<annotation>
	<source>
		<filename>937.tif</filename>
		<origin>GF2/GF3</origin>
	</source>
	<research>
		<version>1.0</version>
		<provider>FAIR1M</provider>
		<author>Cyber</author>
		<pluginname>FAIR1M</pluginname>
		<pluginclass>object detection</pluginclass>
		<time>2021-07-21</time>
	</research>
	<size>
		<width>1500</width>
		<height>1500</height>
		<depth>3</depth>
	</size>
	<objects>
		<object>
			<coordinate>pixel</coordinate>
			<type>rectangle</type>
			<description>None</description>
			<possibleresult>
				<name>Dry Cargo Ship</name>
			</possibleresult>
			<points>
				<point>670.000000,493.000000</point>
				<point>1026.000000,401.000000</point>
				<point>1015.000000,358.000000</point>
				<point>659.000000,450.000000</point>
				<point>670.000000,493.000000</point>
			</points>
		</object>
		<object>
			<coordinate>pixel</coordinate>
			<type>rectangle</type>
			<description>None</description>
			<possibleresult>
				<name>Dry Cargo Ship</name>
			</possibleresult>
			<points>
				<point>525.000000,489.000000</point>
				<point>164.000000,588.000000</point>
				<point>177.000000,633.000000</point>
				<point>538.000000,534.000000</point>
				<point>525.000000,489.000000</point>
			</points>
		</object>
	</objects>
</annotation>