<?xml version="1.0" encoding="utf-8"?>
<annotation>
	<source>
		<filename>941.tif</filename>
		<origin>GF2/GF3</origin>
	</source>
	<research>
		<version>1.0</version>
		<provider>FAIR1M</provider>
		<author>Cyber</author>
		<pluginname>FAIR1M</pluginname>
		<pluginclass>object detection</pluginclass>
		<time>2021-07-21</time>
	</research>
	<size>
		<width>1000</width>
		<height>1000</height>
		<depth>3</depth>
	</size>
	<objects>
		<object>
			<coordinate>pixel</coordinate>
			<type>rectangle</type>
			<description>None</description>
			<possibleresult>
				<name>Van</name>
			</possibleresult>
			<points>
				<point>12.000000,557.000000</point>
				<point>1.000000,557.000000</point>
				<point>1.000000,539.000000</point>
				<point>12.000000,539.000000</point>
				<point>12.000000,557.000000</point>
			</points>
		</object>
		<object>
			<coordinate>pixel</coordinate>
			<type>rectangle</type>
			<description>None</description>
			<possibleresult>
				<name>Small Car</name>
			</possibleresult>
			<points>
				<point>25.000000,596.000000</point>
				<point>23.000000,604.000000</point>
				<point>5.000000,598.000000</point>
				<point>7.000000,590.000000</point>
				<point>25.000000,596.000000</point>
			</points>
		</object>
		<object>
			<coordinate>pixel</coordinate>
			<type>rectangle</type>
			<description>None</description>
			<possibleresult>
				<name>Small Car</name>
			</possibleresult>
			<points>
				<point>19.000000,606.000000</point>
				<point>17.000000,612.000000</point>
				<point>2.000000,607.000000</point>
				<point>4.000000,601.000000</point>
				<point>19.000000,606.000000</point>
			</points>
		</object>
		<object>
			<coordinate>pixel</coordinate>
			<type>rectangle</type>
			<description>None</description>
			<possibleresult>
				<name>Van</name>
			</possibleresult>
			<points>
				<point>17.000000,614.000000</point>
				<point>14.000000,621.000000</point>
				<point>0.000000,616.000000</point>
				<point>0.000000,608.000000</point>
				<point>17.000000,614.000000</point>
			</points>
		</object>
		<object>
			<coordinate>pixel</coordinate>
			<type>rectangle</type>
			<description>None</description>
			<possibleresult>
				<name>Small Car</name>
			</possibleresult>
			<points>
				<point>516.000000,431.000000</point>
				<point>508.000000,437.000000</point>
				<point>496.000000,421.000000</point>
				<point>504.000000,415.000000</point>
				<point>516.000000,431.000000</point>
			</points>
		</object>
		<object>
			<coordinate>pixel</coordinate>
			<type>rectangle</type>
			<description>None</description>
			<possibleresult>
				<name>Small Car</name>
			</possibleresult>
			<points>
				<point>839.000000,293.000000</point>
				<point>833.000000,303.000000</point>
				<point>812.000000,291.000000</point>
				<point>818.000000,281.000000</point>
				<point>839.000000,293.000000</point>
			</points>
		</object>
		<object>
			<coordinate>pixel</coordinate>
			<type>rectangle</type>
			<description>None</description>
			<possibleresult>
				<name>Small Car</name>
			</possibleresult>
			<points>
				<point>707.000000,688.000000</point>
				<point>701.000000,700.000000</point>
				<point>691.000000,695.000000</point>
				<point>697.000000,683.000000</point>
				<point>707.000000,688.000000</point>
			</points>
		</object>
		<object>
			<coordinate>pixel</coordinate>
			<type>rectangle</type>
			<description>None</description>
			<possibleresult>
				<name>Cargo Truck</name>
			</possibleresult>
			<points>
				<point>510.000000,866.000000</point>
				<point>481.000000,919.000000</point>
				<point>470.000000,913.000000</point>
				<point>499.000000,860.000000</point>
				<point>510.000000,866.000000</point>
			</points>
		</object>
		<object>
			<coordinate>pixel</coordinate>
			<type>rectangle</type>
			<description>None</description>
			<possibleresult>
				<name>Small Car</name>
			</possibleresult>
			<points>
				<point>547.000000,960.000000</point>
				<point>538.000000,975.000000</point>
				<point>527.000000,968.000000</point>
				<point>536.000000,953.000000</point>
				<point>547.000000,960.000000</point>
			</points>
		</object>
		<object>
			<coordinate>pixel</coordinate>
			<type>rectangle</type>
			<description>None</description>
			<possibleresult>
				<name>Van</name>
			</possibleresult>
			<points>
				<point>991.000000,517.000000</point>
				<point>977.000000,537.000000</point>
				<point>968.000000,531.000000</point>
				<point>981.000000,510.000000</point>
				<point>991.000000,517.000000</point>
			</points>
		</object>
		<object>
			<coordinate>pixel</coordinate>
			<type>rectangle</type>
			<description>None</description>
			<possibleresult>
				<name>Cargo Truck</name>
			</possibleresult>
			<points>
				<point>788.000000,395.000000</point>
				<point>738.000000,466.000000</point>
				<point>724.000000,457.000000</point>
				<point>774.000000,386.000000</point>
				<point>788.000000,395.000000</point>
			</points>
		</object>
		<object>
			<coordinate>pixel</coordinate>
			<type>rectangle</type>
			<description>None</description>
			<possibleresult>
				<name>Small Car</name>
			</possibleresult>
			<points>
				<point>797.000000,535.000000</point>
				<point>787.000000,553.000000</point>
				<point>778.000000,548.000000</point>
				<point>788.000000,530.000000</point>
				<point>797.000000,535.000000</point>
			</points>
		</object>
		<object>
			<coordinate>pixel</coordinate>
			<type>rectangle</type>
			<description>None</description>
			<possibleresult>
				<name>Cargo Truck</name>
			</possibleresult>
			<points>
				<point>963.000000,596.000000</point>
				<point>942.000000,633.000000</point>
				<point>930.000000,626.000000</point>
				<point>950.000000,588.000000</point>
				<point>963.000000,596.000000</point>
			</points>
		</object>
		<object>
			<coordinate>pixel</coordinate>
			<type>rectangle</type>
			<description>None</description>
			<possibleresult>
				<name>Cargo Truck</name>
			</possibleresult>
			<points>
				<point>921.000000,639.000000</point>
				<point>874.000000,711.000000</point>
				<point>861.000000,702.000000</point>
				<point>909.000000,631.000000</point>
				<point>921.000000,639.000000</point>
			</points>
		</object>
		<object>
			<coordinate>pixel</coordinate>
			<type>rectangle</type>
			<description>None</description>
			<possibleresult>
				<name>Cargo Truck</name>
			</possibleresult>
			<points>
				<point>881.000000,734.000000</point>
				<point>837.000000,810.000000</point>
				<point>822.000000,801.000000</point>
				<point>867.000000,726.000000</point>
				<point>881.000000,734.000000</point>
			</points>
		</object>
		<object>
			<coordinate>pixel</coordinate>
			<type>rectangle</type>
			<description>None</description>
			<possibleresult>
				<name>Small Car</name>
			</possibleresult>
			<points>
				<point>789.000000,858.000000</point>
				<point>776.000000,874.000000</point>
				<point>767.000000,867.000000</point>
				<point>780.000000,851.000000</point>
				<point>789.000000,858.000000</point>
			</points>
		</object>
		<object>
			<coordinate>pixel</coordinate>
			<type>rectangle</type>
			<description>None</description>
			<possibleresult>
				<name>Cargo Truck</name>
			</possibleresult>
			<points>
				<point>761.000000,944.000000</point>
				<point>738.000000,979.000000</point>
				<point>725.000000,970.000000</point>
				<point>748.000000,935.000000</point>
				<point>761.000000,944.000000</point>
			</points>
		</object>
		<object>
			<coordinate>pixel</coordinate>
			<type>rectangle</type>
			<description>None</description>
			<possibleresult>
				<name>Van</name>
			</possibleresult>
			<points>
				<point>740.000000,940.000000</point>
				<point>730.000000,956.000000</point>
				<point>721.000000,950.000000</point>
				<point>731.000000,934.000000</point>
				<point>740.000000,940.000000</point>
			</points>
		</object>
		<object>
			<coordinate>pixel</coordinate>
			<type>rectangle</type>
			<description>None</description>
			<possibleresult>
				<name>Small Car</name>
			</possibleresult>
			<points>
				<point>463.000000,979.000000</point>
				<point>456.000000,993.000000</point>
				<point>447.000000,989.000000</point>
				<point>453.000000,974.000000</point>
				<point>463.000000,979.000000</point>
			</points>
		</object>
		<object>
			<coordinate>pixel</coordinate>
			<type>rectangle</type>
			<description>None</description>
			<possibleresult>
				<name>Small Car</name>
			</possibleresult>
			<points>
				<point>141.000000,937.000000</point>
				<point>131.000000,952.000000</point>
				<point>123.000000,948.000000</point>
				<point>134.000000,932.000000</point>
				<point>141.000000,937.000000</point>
			</points>
		</object>
		<object>
			<coordinate>pixel</coordinate>
			<type>rectangle</type>
			<description>None</description>
			<possibleresult>
				<name>Small Car</name>
			</possibleresult>
			<points>
				<point>120.000000,897.000000</point>
				<point>111.000000,916.000000</point>
				<point>100.000000,911.000000</point>
				<point>108.000000,893.000000</point>
				<point>120.000000,897.000000</point>
			</points>
		</object>
		<object>
			<coordinate>pixel</coordinate>
			<type>rectangle</type>
			<description>None</description>
			<possibleresult>
				<name>Small Car</name>
			</possibleresult>
			<points>
				<point>63.000000,912.000000</point>
				<point>62.000000,919.000000</point>
				<point>39.000000,913.000000</point>
				<point>41.000000,905.000000</point>
				<point>63.000000,912.000000</point>
			</points>
		</object>
		<object>
			<coordinate>pixel</coordinate>
			<type>rectangle</type>
			<description>None</description>
			<possibleresult>
				<name>Small Car</name>
			</possibleresult>
			<points>
				<point>115.000000,822.000000</point>
				<point>112.000000,831.000000</point>
				<point>91.000000,824.000000</point>
				<point>94.000000,815.000000</point>
				<point>115.000000,822.000000</point>
			</points>
		</object>
		<object>
			<coordinate>pixel</coordinate>
			<type>rectangle</type>
			<description>None</description>
			<possibleresult>
				<name>Small Car</name>
			</possibleresult>
			<points>
				<point>201.000000,790.000000</point>
				<point>192.000000,805.000000</point>
				<point>182.000000,799.000000</point>
				<point>191.000000,784.000000</point>
				<point>201.000000,790.000000</point>
			</points>
		</object>
		<object>
			<coordinate>pixel</coordinate>
			<type>rectangle</type>
			<description>None</description>
			<possibleresult>
				<name>Cargo Truck</name>
			</possibleresult>
			<points>
				<point>252.000000,808.000000</point>
				<point>248.000000,819.000000</point>
				<point>222.000000,809.000000</point>
				<point>227.000000,797.000000</point>
				<point>252.000000,808.000000</point>
			</points>
		</object>
		<object>
			<coordinate>pixel</coordinate>
			<type>rectangle</type>
			<description>None</description>
			<possibleresult>
				<name>Small Car</name>
			</possibleresult>
			<points>
				<point>167.000000,727.000000</point>
				<point>165.000000,734.000000</point>
				<point>146.000000,728.000000</point>
				<point>148.000000,721.000000</point>
				<point>167.000000,727.000000</point>
			</points>
		</object>
		<object>
			<coordinate>pixel</coordinate>
			<type>rectangle</type>
			<description>None</description>
			<possibleresult>
				<name>Small Car</name>
			</possibleresult>
			<points>
				<point>181.000000,723.000000</point>
				<point>178.000000,731.000000</point>
				<point>159.000000,722.000000</point>
				<point>162.000000,714.000000</point>
				<point>181.000000,723.000000</point>
			</points>
		</object>
		<object>
			<coordinate>pixel</coordinate>
			<type>rectangle</type>
			<description>None</description>
			<possibleresult>
				<name>Small Car</name>
			</possibleresult>
			<points>
				<point>403.000000,496.000000</point>
				<point>395.000000,514.000000</point>
				<point>383.000000,508.000000</point>
				<point>391.000000,490.000000</point>
				<point>403.000000,496.000000</point>
			</points>
		</object>
		<object>
			<coordinate>pixel</coordinate>
			<type>rectangle</type>
			<description>None</description>
			<possibleresult>
				<name>Small Car</name>
			</possibleresult>
			<points>
				<point>361.000000,87.000000</point>
				<point>358.000000,95.000000</point>
				<point>335.000000,87.000000</point>
				<point>338.000000,79.000000</point>
				<point>361.000000,87.000000</point>
			</points>
		</object>
		<object>
			<coordinate>pixel</coordinate>
			<type>rectangle</type>
			<description>None</description>
			<possibleresult>
				<name>Dump Truck</name>
			</possibleresult>
			<points>
				<point>594.000000,80.000000</point>
				<point>588.000000,86.000000</point>
				<point>569.000000,70.000000</point>
				<point>576.000000,63.000000</point>
				<point>594.000000,80.000000</point>
			</points>
		</object>
		<object>
			<coordinate>pixel</coordinate>
			<type>rectangle</type>
			<description>None</description>
			<possibleresult>
				<name>Cargo Truck</name>
			</possibleresult>
			<points>
				<point>862.000000,250.000000</point>
				<point>847.000000,277.000000</point>
				<point>833.000000,268.000000</point>
				<point>849.000000,242.000000</point>
				<point>862.000000,250.000000</point>
			</points>
		</object>
		<object>
			<coordinate>pixel</coordinate>
			<type>rectangle</type>
			<description>None</description>
			<possibleresult>
				<name>Van</name>
			</possibleresult>
			<points>
				<point>505.000000,435.000000</point>
				<point>496.000000,440.000000</point>
				<point>485.000000,423.000000</point>
				<point>494.000000,418.000000</point>
				<point>505.000000,435.000000</point>
			</points>
		</object>
		<object>
			<coordinate>pixel</coordinate>
			<type>rectangle</type>
			<description>None</description>
			<possibleresult>
				<name>Intersection</name>
			</possibleresult>
			<points>
				<point>569.000000,144.000000</point>
				<point>550.000000,194.000000</point>
				<point>363.000000,124.000000</point>
				<point>383.000000,73.000000</point>
				<point>569.000000,144.000000</point>
			</points>
		</object>
	</objects>
</annotation>