<?xml version="1.0" encoding="utf-8"?>
<annotation>
	<source>
		<filename>946.tif</filename>
		<origin>GF2/GF3</origin>
	</source>
	<research>
		<version>1.0</version>
		<provider>FAIR1M</provider>
		<author>Cyber</author>
		<pluginname>FAIR1M</pluginname>
		<pluginclass>object detection</pluginclass>
		<time>2021-07-21</time>
	</research>
	<size>
		<width>1000</width>
		<height>1000</height>
		<depth>3</depth>
	</size>
	<objects>
		<object>
			<coordinate>pixel</coordinate>
			<type>rectangle</type>
			<description>None</description>
			<possibleresult>
				<name>Van</name>
			</possibleresult>
			<points>
				<point>597.000000,842.000061</point>
				<point>591.000000,848.000061</point>
				<point>582.000000,839.000061</point>
				<point>588.000000,833.000061</point>
				<point>597.000000,842.000061</point>
			</points>
		</object>
		<object>
			<coordinate>pixel</coordinate>
			<type>rectangle</type>
			<description>None</description>
			<possibleresult>
				<name>Small Car</name>
			</possibleresult>
			<points>
				<point>702.311890,400.293549</point>
				<point>696.000000,406.999969</point>
				<point>678.688110,390.706390</point>
				<point>685.000000,383.999969</point>
				<point>702.311890,400.293549</point>
			</points>
		</object>
		<object>
			<coordinate>pixel</coordinate>
			<type>rectangle</type>
			<description>None</description>
			<possibleresult>
				<name>Small Car</name>
			</possibleresult>
			<points>
				<point>854.000122,109.000076</point>
				<point>848.500122,114.500076</point>
				<point>837.000122,103.000076</point>
				<point>842.500122,97.500076</point>
				<point>854.000122,109.000076</point>
			</points>
		</object>
		<object>
			<coordinate>pixel</coordinate>
			<type>rectangle</type>
			<description>None</description>
			<possibleresult>
				<name>Small Car</name>
			</possibleresult>
			<points>
				<point>813.060974,91.451210</point>
				<point>812.060974,100.451210</point>
				<point>789.999939,97.999992</point>
				<point>790.999939,88.999992</point>
				<point>813.060974,91.451210</point>
			</points>
		</object>
		<object>
			<coordinate>pixel</coordinate>
			<type>rectangle</type>
			<description>None</description>
			<possibleresult>
				<name>Small Car</name>
			</possibleresult>
			<points>
				<point>610.000061,148.999985</point>
				<point>604.268372,154.290726</point>
				<point>592.268372,141.290726</point>
				<point>598.000061,135.999985</point>
				<point>610.000061,148.999985</point>
			</points>
		</object>
		<object>
			<coordinate>pixel</coordinate>
			<type>rectangle</type>
			<description>None</description>
			<possibleresult>
				<name>Small Car</name>
			</possibleresult>
			<points>
				<point>843.999939,289.000000</point>
				<point>826.960632,301.027710</point>
				<point>821.999939,294.000000</point>
				<point>839.039246,281.972290</point>
				<point>843.999939,289.000000</point>
			</points>
		</object>
		<object>
			<coordinate>pixel</coordinate>
			<type>rectangle</type>
			<description>None</description>
			<possibleresult>
				<name>Van</name>
			</possibleresult>
			<points>
				<point>945.000000,181.000000</point>
				<point>937.000000,199.000000</point>
				<point>926.793823,194.463928</point>
				<point>934.793823,176.463928</point>
				<point>945.000000,181.000000</point>
			</points>
		</object>
		<object>
			<coordinate>pixel</coordinate>
			<type>rectangle</type>
			<description>None</description>
			<possibleresult>
				<name>Van</name>
			</possibleresult>
			<points>
				<point>937.000061,54.000008</point>
				<point>928.800110,70.400009</point>
				<point>920.000061,66.000008</point>
				<point>928.200012,49.600006</point>
				<point>937.000061,54.000008</point>
			</points>
		</object>
		<object>
			<coordinate>pixel</coordinate>
			<type>rectangle</type>
			<description>None</description>
			<possibleresult>
				<name>Small Car</name>
			</possibleresult>
			<points>
				<point>492.000000,491.000000</point>
				<point>488.000000,499.000000</point>
				<point>468.000000,489.000000</point>
				<point>472.000000,481.000000</point>
				<point>492.000000,491.000000</point>
			</points>
		</object>
		<object>
			<coordinate>pixel</coordinate>
			<type>rectangle</type>
			<description>None</description>
			<possibleresult>
				<name>Dump Truck</name>
			</possibleresult>
			<points>
				<point>514.121948,488.097565</point>
				<point>507.000031,497.000031</point>
				<point>486.878082,480.902496</point>
				<point>494.000031,472.000031</point>
				<point>514.121948,488.097565</point>
			</points>
		</object>
		<object>
			<coordinate>pixel</coordinate>
			<type>rectangle</type>
			<description>None</description>
			<possibleresult>
				<name>Small Car</name>
			</possibleresult>
			<points>
				<point>985.000000,904.000000</point>
				<point>966.716797,915.172974</point>
				<point>961.797729,907.123535</point>
				<point>980.080933,895.950562</point>
				<point>985.000000,904.000000</point>
			</points>
		</object>
		<object>
			<coordinate>pixel</coordinate>
			<type>rectangle</type>
			<description>None</description>
			<possibleresult>
				<name>Small Car</name>
			</possibleresult>
			<points>
				<point>47.000000,883.000000</point>
				<point>32.569237,891.246094</point>
				<point>29.000006,885.000000</point>
				<point>43.430771,876.753906</point>
				<point>47.000000,883.000000</point>
			</points>
		</object>
		<object>
			<coordinate>pixel</coordinate>
			<type>rectangle</type>
			<description>None</description>
			<possibleresult>
				<name>Small Car</name>
			</possibleresult>
			<points>
				<point>247.000015,710.999939</point>
				<point>226.705887,723.176453</point>
				<point>221.852951,715.088196</point>
				<point>242.147079,702.911682</point>
				<point>247.000015,710.999939</point>
			</points>
		</object>
		<object>
			<coordinate>pixel</coordinate>
			<type>rectangle</type>
			<description>None</description>
			<possibleresult>
				<name>Small Car</name>
			</possibleresult>
			<points>
				<point>306.472961,698.662109</point>
				<point>288.405396,711.567505</point>
				<point>282.932434,703.905396</point>
				<point>301.000000,691.000000</point>
				<point>306.472961,698.662109</point>
			</points>
		</object>
		<object>
			<coordinate>pixel</coordinate>
			<type>rectangle</type>
			<description>None</description>
			<possibleresult>
				<name>Van</name>
			</possibleresult>
			<points>
				<point>339.000000,647.999939</point>
				<point>323.000000,657.999939</point>
				<point>318.449463,650.719055</point>
				<point>334.449463,640.719055</point>
				<point>339.000000,647.999939</point>
			</points>
		</object>
		<object>
			<coordinate>pixel</coordinate>
			<type>rectangle</type>
			<description>None</description>
			<possibleresult>
				<name>Small Car</name>
			</possibleresult>
			<points>
				<point>400.566345,603.504395</point>
				<point>384.566345,617.504395</point>
				<point>378.000000,610.000000</point>
				<point>394.000000,596.000000</point>
				<point>400.566345,603.504395</point>
			</points>
		</object>
		<object>
			<coordinate>pixel</coordinate>
			<type>rectangle</type>
			<description>None</description>
			<possibleresult>
				<name>Small Car</name>
			</possibleresult>
			<points>
				<point>439.243927,607.804993</point>
				<point>429.000031,616.000061</point>
				<point>422.756134,608.195129</point>
				<point>433.000031,600.000061</point>
				<point>439.243927,607.804993</point>
			</points>
		</object>
		<object>
			<coordinate>pixel</coordinate>
			<type>rectangle</type>
			<description>None</description>
			<possibleresult>
				<name>Small Car</name>
			</possibleresult>
			<points>
				<point>406.000031,353.000000</point>
				<point>400.157684,363.091309</point>
				<point>381.000031,352.000000</point>
				<point>386.842377,341.908691</point>
				<point>406.000031,353.000000</point>
			</points>
		</object>
		<object>
			<coordinate>pixel</coordinate>
			<type>rectangle</type>
			<description>None</description>
			<possibleresult>
				<name>Small Car</name>
			</possibleresult>
			<points>
				<point>228.807388,302.909363</point>
				<point>225.000015,311.000000</point>
				<point>208.000015,303.000000</point>
				<point>211.807388,294.909363</point>
				<point>228.807388,302.909363</point>
			</points>
		</object>
		<object>
			<coordinate>pixel</coordinate>
			<type>rectangle</type>
			<description>None</description>
			<possibleresult>
				<name>Small Car</name>
			</possibleresult>
			<points>
				<point>217.430771,358.753815</point>
				<point>199.123093,369.215363</point>
				<point>194.692337,361.461517</point>
				<point>213.000015,350.999969</point>
				<point>217.430771,358.753815</point>
			</points>
		</object>
		<object>
			<coordinate>pixel</coordinate>
			<type>rectangle</type>
			<description>None</description>
			<possibleresult>
				<name>Small Car</name>
			</possibleresult>
			<points>
				<point>0.000000,142.384613</point>
				<point>0.000000,138.266663</point>
				<point>13.000000,127.000000</point>
				<point>19.038071,133.967010</point>
				<point>0.000000,142.384613</point>
			</points>
		</object>
		<object>
			<coordinate>pixel</coordinate>
			<type>rectangle</type>
			<description>None</description>
			<possibleresult>
				<name>Van</name>
			</possibleresult>
			<points>
				<point>257.000000,19.999996</point>
				<point>251.000015,27.999996</point>
				<point>232.600021,14.199997</point>
				<point>238.600021,6.199997</point>
				<point>257.000000,19.999996</point>
			</points>
		</object>
		<object>
			<coordinate>pixel</coordinate>
			<type>rectangle</type>
			<description>None</description>
			<possibleresult>
				<name>Small Car</name>
			</possibleresult>
			<points>
				<point>360.500031,102.500008</point>
				<point>355.000031,108.000008</point>
				<point>340.500031,93.500008</point>
				<point>346.000031,88.000008</point>
				<point>360.500031,102.500008</point>
			</points>
		</object>
		<object>
			<coordinate>pixel</coordinate>
			<type>rectangle</type>
			<description>None</description>
			<possibleresult>
				<name>Small Car</name>
			</possibleresult>
			<points>
				<point>433.500061,136.500015</point>
				<point>426.000061,144.000015</point>
				<point>414.000061,132.000015</point>
				<point>421.500061,124.500015</point>
				<point>433.500061,136.500015</point>
			</points>
		</object>
		<object>
			<coordinate>pixel</coordinate>
			<type>rectangle</type>
			<description>None</description>
			<possibleresult>
				<name>Small Car</name>
			</possibleresult>
			<points>
				<point>424.033142,153.029190</point>
				<point>417.000061,161.000015</point>
				<point>399.966980,145.970840</point>
				<point>407.000061,138.000015</point>
				<point>424.033142,153.029190</point>
			</points>
		</object>
		<object>
			<coordinate>pixel</coordinate>
			<type>rectangle</type>
			<description>None</description>
			<possibleresult>
				<name>Small Car</name>
			</possibleresult>
			<points>
				<point>474.999969,191.999985</point>
				<point>467.574127,201.451096</point>
				<point>453.574127,190.451096</point>
				<point>460.999969,180.999985</point>
				<point>474.999969,191.999985</point>
			</points>
		</object>
		<object>
			<coordinate>pixel</coordinate>
			<type>rectangle</type>
			<description>None</description>
			<possibleresult>
				<name>Small Car</name>
			</possibleresult>
			<points>
				<point>513.000061,232.000031</point>
				<point>507.000061,238.000031</point>
				<point>497.000061,228.000031</point>
				<point>503.000061,222.000031</point>
				<point>513.000061,232.000031</point>
			</points>
		</object>
		<object>
			<coordinate>pixel</coordinate>
			<type>rectangle</type>
			<description>None</description>
			<possibleresult>
				<name>Small Car</name>
			</possibleresult>
			<points>
				<point>554.000000,266.999969</point>
				<point>548.230103,273.213654</point>
				<point>534.000000,259.999969</point>
				<point>539.769897,253.786285</point>
				<point>554.000000,266.999969</point>
			</points>
		</object>
		<object>
			<coordinate>pixel</coordinate>
			<type>rectangle</type>
			<description>None</description>
			<possibleresult>
				<name>Small Car</name>
			</possibleresult>
			<points>
				<point>649.000061,353.000031</point>
				<point>643.000061,359.000031</point>
				<point>630.000061,346.000031</point>
				<point>636.000061,340.000031</point>
				<point>649.000061,353.000031</point>
			</points>
		</object>
		<object>
			<coordinate>pixel</coordinate>
			<type>rectangle</type>
			<description>None</description>
			<possibleresult>
				<name>Small Car</name>
			</possibleresult>
			<points>
				<point>839.409790,523.508118</point>
				<point>834.000000,529.999939</point>
				<point>816.000000,514.999939</point>
				<point>821.409790,508.508118</point>
				<point>839.409790,523.508118</point>
			</points>
		</object>
		<object>
			<coordinate>pixel</coordinate>
			<type>rectangle</type>
			<description>None</description>
			<possibleresult>
				<name>Van</name>
			</possibleresult>
			<points>
				<point>902.505920,562.576416</point>
				<point>896.505920,569.576416</point>
				<point>883.000061,558.000000</point>
				<point>889.000061,551.000000</point>
				<point>902.505920,562.576416</point>
			</points>
		</object>
		<object>
			<coordinate>pixel</coordinate>
			<type>rectangle</type>
			<description>None</description>
			<possibleresult>
				<name>Small Car</name>
			</possibleresult>
			<points>
				<point>923.135193,597.810852</point>
				<point>917.797302,605.283875</point>
				<point>902.000061,594.000061</point>
				<point>907.337952,586.527039</point>
				<point>923.135193,597.810852</point>
			</points>
		</object>
		<object>
			<coordinate>pixel</coordinate>
			<type>rectangle</type>
			<description>None</description>
			<possibleresult>
				<name>Van</name>
			</possibleresult>
			<points>
				<point>952.000000,657.000000</point>
				<point>945.032959,663.038086</point>
				<point>932.000000,648.000000</point>
				<point>938.967041,641.961914</point>
				<point>952.000000,657.000000</point>
			</points>
		</object>
		<object>
			<coordinate>pixel</coordinate>
			<type>rectangle</type>
			<description>None</description>
			<possibleresult>
				<name>Van</name>
			</possibleresult>
			<points>
				<point>973.285034,646.265991</point>
				<point>967.000000,653.000000</point>
				<point>952.000000,639.000000</point>
				<point>958.285034,632.265991</point>
				<point>973.285034,646.265991</point>
			</points>
		</object>
		<object>
			<coordinate>pixel</coordinate>
			<type>rectangle</type>
			<description>None</description>
			<possibleresult>
				<name>Small Car</name>
			</possibleresult>
			<points>
				<point>996.594604,679.999878</point>
				<point>996.594604,672.799927</point>
				<point>1000.000000,672.799927</point>
				<point>1000.000000,679.999878</point>
				<point>996.594604,679.999878</point>
			</points>
		</object>
		<object>
			<coordinate>pixel</coordinate>
			<type>rectangle</type>
			<description>None</description>
			<possibleresult>
				<name>Van</name>
			</possibleresult>
			<points>
				<point>890.176086,163.187195</point>
				<point>883.999939,169.000031</point>
				<point>867.823792,151.812866</point>
				<point>873.999939,146.000031</point>
				<point>890.176086,163.187195</point>
			</points>
		</object>
		<object>
			<coordinate>pixel</coordinate>
			<type>rectangle</type>
			<description>None</description>
			<possibleresult>
				<name>Small Car</name>
			</possibleresult>
			<points>
				<point>591.242920,578.309143</point>
				<point>584.000000,583.999939</point>
				<point>573.000000,569.999939</point>
				<point>580.242920,564.309143</point>
				<point>591.242920,578.309143</point>
			</points>
		</object>
	</objects>
</annotation>