<?xml version="1.0" encoding="utf-8"?>
<annotation>
	<source>
		<filename>947.tif</filename>
		<origin>GF2/GF3</origin>
	</source>
	<research>
		<version>1.0</version>
		<provider>FAIR1M</provider>
		<author>Cyber</author>
		<pluginname>FAIR1M</pluginname>
		<pluginclass>object detection</pluginclass>
		<time>2021-07-21</time>
	</research>
	<size>
		<width>1000</width>
		<height>1000</height>
		<depth>3</depth>
	</size>
	<objects>
		<object>
			<coordinate>pixel</coordinate>
			<type>rectangle</type>
			<description>None</description>
			<possibleresult>
				<name>Boeing737</name>
			</possibleresult>
			<points>
				<point>96.000000,977.000000</point>
				<point>121.000000,1017.000000</point>
				<point>157.000000,992.000000</point>
				<point>132.000000,953.000000</point>
				<point>96.000000,977.000000</point>
			</points>
		</object>
		<object>
			<coordinate>pixel</coordinate>
			<type>rectangle</type>
			<description>None</description>
			<possibleresult>
				<name>Boeing737</name>
			</possibleresult>
			<points>
				<point>175.000000,927.000000</point>
				<point>201.000000,965.000000</point>
				<point>238.000000,942.000000</point>
				<point>211.000000,903.000000</point>
				<point>175.000000,927.000000</point>
			</points>
		</object>
		<object>
			<coordinate>pixel</coordinate>
			<type>rectangle</type>
			<description>None</description>
			<possibleresult>
				<name>other-airplane</name>
			</possibleresult>
			<points>
				<point>253.000000,872.000000</point>
				<point>278.000000,912.000000</point>
				<point>313.000000,889.000000</point>
				<point>288.000000,851.000000</point>
				<point>253.000000,872.000000</point>
			</points>
		</object>
		<object>
			<coordinate>pixel</coordinate>
			<type>rectangle</type>
			<description>None</description>
			<possibleresult>
				<name>Boeing737</name>
			</possibleresult>
			<points>
				<point>328.000000,840.000000</point>
				<point>353.000000,879.000000</point>
				<point>388.000000,855.000000</point>
				<point>363.000000,817.000000</point>
				<point>328.000000,840.000000</point>
			</points>
		</object>
		<object>
			<coordinate>pixel</coordinate>
			<type>rectangle</type>
			<description>None</description>
			<possibleresult>
				<name>Intersection</name>
			</possibleresult>
			<points>
				<point>564.000000,618.000000</point>
				<point>576.000000,636.000000</point>
				<point>611.000000,612.000000</point>
				<point>599.000000,594.000000</point>
				<point>564.000000,618.000000</point>
			</points>
		</object>
		<object>
			<coordinate>pixel</coordinate>
			<type>rectangle</type>
			<description>None</description>
			<possibleresult>
				<name>Intersection</name>
			</possibleresult>
			<points>
				<point>332.000000,275.000000</point>
				<point>365.000000,325.000000</point>
				<point>410.000000,294.000000</point>
				<point>377.000000,244.000000</point>
				<point>332.000000,275.000000</point>
			</points>
		</object>
		<object>
			<coordinate>pixel</coordinate>
			<type>rectangle</type>
			<description>None</description>
			<possibleresult>
				<name>Basketball Court</name>
			</possibleresult>
			<points>
				<point>347.000000,38.000000</point>
				<point>356.000000,52.000000</point>
				<point>383.000000,35.000000</point>
				<point>376.000000,21.000000</point>
				<point>347.000000,38.000000</point>
			</points>
		</object>
		<object>
			<coordinate>pixel</coordinate>
			<type>rectangle</type>
			<description>None</description>
			<possibleresult>
				<name>Tennis Court</name>
			</possibleresult>
			<points>
				<point>298.000000,54.000000</point>
				<point>311.000000,77.000000</point>
				<point>321.000000,71.000000</point>
				<point>308.000000,48.000000</point>
				<point>298.000000,54.000000</point>
			</points>
		</object>
	</objects>
</annotation>