<?xml version="1.0" encoding="utf-8"?>
<annotation>
	<source>
		<filename>950.tif</filename>
		<origin>GF2/GF3</origin>
	</source>
	<research>
		<version>1.0</version>
		<provider>FAIR1M</provider>
		<author>Cyber</author>
		<pluginname>FAIR1M</pluginname>
		<pluginclass>object detection</pluginclass>
		<time>2021-07-21</time>
	</research>
	<size>
		<width>1500</width>
		<height>1500</height>
		<depth>3</depth>
	</size>
	<objects>
		<object>
			<coordinate>pixel</coordinate>
			<type>rectangle</type>
			<description>None</description>
			<possibleresult>
				<name>Fishing Boat</name>
			</possibleresult>
			<points>
				<point>217.000000,513.000000</point>
				<point>273.000000,493.000000</point>
				<point>271.000000,484.000000</point>
				<point>215.000000,502.000000</point>
				<point>217.000000,513.000000</point>
			</points>
		</object>
		<object>
			<coordinate>pixel</coordinate>
			<type>rectangle</type>
			<description>None</description>
			<possibleresult>
				<name>Fishing Boat</name>
			</possibleresult>
			<points>
				<point>201.000000,543.000000</point>
				<point>284.000000,513.000000</point>
				<point>278.000000,493.000000</point>
				<point>194.000000,522.000000</point>
				<point>201.000000,543.000000</point>
			</points>
		</object>
		<object>
			<coordinate>pixel</coordinate>
			<type>rectangle</type>
			<description>None</description>
			<possibleresult>
				<name>Dry Cargo Ship</name>
			</possibleresult>
			<points>
				<point>792.000000,695.000000</point>
				<point>936.000000,804.000000</point>
				<point>951.000000,783.000000</point>
				<point>807.000000,675.000000</point>
				<point>792.000000,695.000000</point>
			</points>
		</object>
		<object>
			<coordinate>pixel</coordinate>
			<type>rectangle</type>
			<description>None</description>
			<possibleresult>
				<name>Fishing Boat</name>
			</possibleresult>
			<points>
				<point>296.000000,506.000000</point>
				<point>359.000000,481.000000</point>
				<point>355.000000,470.000000</point>
				<point>292.000000,495.000000</point>
				<point>296.000000,506.000000</point>
			</points>
		</object>
		<object>
			<coordinate>pixel</coordinate>
			<type>rectangle</type>
			<description>None</description>
			<possibleresult>
				<name>Fishing Boat</name>
			</possibleresult>
			<points>
				<point>292.000000,493.000000</point>
				<point>355.000000,470.000000</point>
				<point>350.000000,459.000000</point>
				<point>288.000000,484.000000</point>
				<point>292.000000,493.000000</point>
			</points>
		</object>
		<object>
			<coordinate>pixel</coordinate>
			<type>rectangle</type>
			<description>None</description>
			<possibleresult>
				<name>Fishing Boat</name>
			</possibleresult>
			<points>
				<point>236.000000,497.000000</point>
				<point>263.000000,486.000000</point>
				<point>259.000000,479.000000</point>
				<point>232.000000,488.000000</point>
				<point>236.000000,497.000000</point>
			</points>
		</object>
	</objects>
</annotation>