<?xml version="1.0" encoding="utf-8"?>
<annotation>
	<source>
		<filename>978.tif</filename>
		<origin>GF2/GF3</origin>
	</source>
	<research>
		<version>1.0</version>
		<provider>FAIR1M</provider>
		<author>Cyber</author>
		<pluginname>FAIR1M</pluginname>
		<pluginclass>object detection</pluginclass>
		<time>2021-07-21</time>
	</research>
	<size>
		<width>1500</width>
		<height>1500</height>
		<depth>3</depth>
	</size>
	<objects>
		<object>
			<coordinate>pixel</coordinate>
			<type>rectangle</type>
			<description>None</description>
			<possibleresult>
				<name>Dry Cargo Ship</name>
			</possibleresult>
			<points>
				<point>517.000000,36.000000</point>
				<point>584.000000,51.000000</point>
				<point>587.000000,38.000000</point>
				<point>520.000000,23.000000</point>
				<point>517.000000,36.000000</point>
			</points>
		</object>
		<object>
			<coordinate>pixel</coordinate>
			<type>rectangle</type>
			<description>None</description>
			<possibleresult>
				<name>Dry Cargo Ship</name>
			</possibleresult>
			<points>
				<point>787.000000,121.000000</point>
				<point>739.000000,89.000000</point>
				<point>733.000000,98.000000</point>
				<point>780.000000,130.000000</point>
				<point>787.000000,121.000000</point>
			</points>
		</object>
		<object>
			<coordinate>pixel</coordinate>
			<type>rectangle</type>
			<description>None</description>
			<possibleresult>
				<name>Dry Cargo Ship</name>
			</possibleresult>
			<points>
				<point>775.000000,126.000000</point>
				<point>733.000000,97.000000</point>
				<point>726.000000,107.000000</point>
				<point>768.000000,136.000000</point>
				<point>775.000000,126.000000</point>
			</points>
		</object>
		<object>
			<coordinate>pixel</coordinate>
			<type>rectangle</type>
			<description>None</description>
			<possibleresult>
				<name>Dry Cargo Ship</name>
			</possibleresult>
			<points>
				<point>785.000000,145.000000</point>
				<point>721.000000,105.000000</point>
				<point>715.000000,115.000000</point>
				<point>778.000000,155.000000</point>
				<point>785.000000,145.000000</point>
			</points>
		</object>
		<object>
			<coordinate>pixel</coordinate>
			<type>rectangle</type>
			<description>None</description>
			<possibleresult>
				<name>Dry Cargo Ship</name>
			</possibleresult>
			<points>
				<point>795.000000,153.000000</point>
				<point>875.000000,187.000000</point>
				<point>880.000000,172.000000</point>
				<point>803.000000,138.000000</point>
				<point>795.000000,153.000000</point>
			</points>
		</object>
		<object>
			<coordinate>pixel</coordinate>
			<type>rectangle</type>
			<description>None</description>
			<possibleresult>
				<name>Dry Cargo Ship</name>
			</possibleresult>
			<points>
				<point>786.000000,162.000000</point>
				<point>862.000000,197.000000</point>
				<point>868.000000,184.000000</point>
				<point>792.000000,149.000000</point>
				<point>786.000000,162.000000</point>
			</points>
		</object>
		<object>
			<coordinate>pixel</coordinate>
			<type>rectangle</type>
			<description>None</description>
			<possibleresult>
				<name>Motorboat</name>
			</possibleresult>
			<points>
				<point>54.000000,213.000000</point>
				<point>50.000000,256.000000</point>
				<point>67.000000,258.000000</point>
				<point>72.000000,215.000000</point>
				<point>54.000000,213.000000</point>
			</points>
		</object>
		<object>
			<coordinate>pixel</coordinate>
			<type>rectangle</type>
			<description>None</description>
			<possibleresult>
				<name>Motorboat</name>
			</possibleresult>
			<points>
				<point>19.000000,324.000000</point>
				<point>22.000000,298.000000</point>
				<point>13.000000,296.000000</point>
				<point>9.000000,323.000000</point>
				<point>19.000000,324.000000</point>
			</points>
		</object>
		<object>
			<coordinate>pixel</coordinate>
			<type>rectangle</type>
			<description>None</description>
			<possibleresult>
				<name>Motorboat</name>
			</possibleresult>
			<points>
				<point>43.000000,292.000000</point>
				<point>42.000000,321.000000</point>
				<point>55.000000,321.000000</point>
				<point>56.000000,293.000000</point>
				<point>43.000000,292.000000</point>
			</points>
		</object>
		<object>
			<coordinate>pixel</coordinate>
			<type>rectangle</type>
			<description>None</description>
			<possibleresult>
				<name>Motorboat</name>
			</possibleresult>
			<points>
				<point>124.000000,351.000000</point>
				<point>117.000000,408.000000</point>
				<point>136.000000,411.000000</point>
				<point>143.000000,354.000000</point>
				<point>124.000000,351.000000</point>
			</points>
		</object>
		<object>
			<coordinate>pixel</coordinate>
			<type>rectangle</type>
			<description>None</description>
			<possibleresult>
				<name>Motorboat</name>
			</possibleresult>
			<points>
				<point>87.000000,404.000000</point>
				<point>80.000000,440.000000</point>
				<point>97.000000,443.000000</point>
				<point>104.000000,408.000000</point>
				<point>87.000000,404.000000</point>
			</points>
		</object>
		<object>
			<coordinate>pixel</coordinate>
			<type>rectangle</type>
			<description>None</description>
			<possibleresult>
				<name>Motorboat</name>
			</possibleresult>
			<points>
				<point>109.000000,448.000000</point>
				<point>105.000000,468.000000</point>
				<point>114.000000,470.000000</point>
				<point>119.000000,450.000000</point>
				<point>109.000000,448.000000</point>
			</points>
		</object>
		<object>
			<coordinate>pixel</coordinate>
			<type>rectangle</type>
			<description>None</description>
			<possibleresult>
				<name>Motorboat</name>
			</possibleresult>
			<points>
				<point>120.000000,450.000000</point>
				<point>126.000000,422.000000</point>
				<point>113.000000,420.000000</point>
				<point>108.000000,447.000000</point>
				<point>120.000000,450.000000</point>
			</points>
		</object>
		<object>
			<coordinate>pixel</coordinate>
			<type>rectangle</type>
			<description>None</description>
			<possibleresult>
				<name>Dry Cargo Ship</name>
			</possibleresult>
			<points>
				<point>47.000000,730.000000</point>
				<point>32.000000,765.000000</point>
				<point>44.000000,771.000000</point>
				<point>60.000000,736.000000</point>
				<point>47.000000,730.000000</point>
			</points>
		</object>
		<object>
			<coordinate>pixel</coordinate>
			<type>rectangle</type>
			<description>None</description>
			<possibleresult>
				<name>Dry Cargo Ship</name>
			</possibleresult>
			<points>
				<point>71.000000,732.000000</point>
				<point>41.000000,773.000000</point>
				<point>52.000000,782.000000</point>
				<point>83.000000,741.000000</point>
				<point>71.000000,732.000000</point>
			</points>
		</object>
		<object>
			<coordinate>pixel</coordinate>
			<type>rectangle</type>
			<description>None</description>
			<possibleresult>
				<name>Bridge</name>
			</possibleresult>
			<points>
				<point>1406.000000,201.000000</point>
				<point>1285.000000,63.000000</point>
				<point>1242.000000,100.000000</point>
				<point>1363.000000,238.000000</point>
				<point>1406.000000,201.000000</point>
			</points>
		</object>
		<object>
			<coordinate>pixel</coordinate>
			<type>rectangle</type>
			<description>None</description>
			<possibleresult>
				<name>Bridge</name>
			</possibleresult>
			<points>
				<point>1484.000000,473.000000</point>
				<point>1508.000000,422.000000</point>
				<point>1467.000000,402.000000</point>
				<point>1443.000000,453.000000</point>
				<point>1484.000000,473.000000</point>
			</points>
		</object>
		<object>
			<coordinate>pixel</coordinate>
			<type>rectangle</type>
			<description>None</description>
			<possibleresult>
				<name>Intersection</name>
			</possibleresult>
			<points>
				<point>1308.000000,984.000000</point>
				<point>1312.000000,951.000000</point>
				<point>1261.000000,946.000000</point>
				<point>1257.000000,978.000000</point>
				<point>1308.000000,984.000000</point>
			</points>
		</object>
		<object>
			<coordinate>pixel</coordinate>
			<type>rectangle</type>
			<description>None</description>
			<possibleresult>
				<name>Intersection</name>
			</possibleresult>
			<points>
				<point>1189.000000,1299.000000</point>
				<point>1195.000000,1247.000000</point>
				<point>1132.000000,1241.000000</point>
				<point>1125.000000,1292.000000</point>
				<point>1189.000000,1299.000000</point>
			</points>
		</object>
	</objects>
</annotation>