<?xml version="1.0" encoding="utf-8"?>
<annotation>
	<source>
		<filename>993.tif</filename>
		<origin>GF2/GF3</origin>
	</source>
	<research>
		<version>1.0</version>
		<provider>FAIR1M</provider>
		<author>Cyber</author>
		<pluginname>FAIR1M</pluginname>
		<pluginclass>object detection</pluginclass>
		<time>2021-07-21</time>
	</research>
	<size>
		<width>1000</width>
		<height>1000</height>
		<depth>3</depth>
	</size>
	<objects>
		<object>
			<coordinate>pixel</coordinate>
			<type>rectangle</type>
			<description>None</description>
			<possibleresult>
				<name>Van</name>
			</possibleresult>
			<points>
				<point>273.000000,409.000000</point>
				<point>249.000000,413.000000</point>
				<point>248.000000,405.000000</point>
				<point>272.000000,401.000000</point>
				<point>273.000000,409.000000</point>
			</points>
		</object>
		<object>
			<coordinate>pixel</coordinate>
			<type>rectangle</type>
			<description>None</description>
			<possibleresult>
				<name>Dump Truck</name>
			</possibleresult>
			<points>
				<point>238.000000,390.000000</point>
				<point>230.000000,392.000000</point>
				<point>224.000000,369.000000</point>
				<point>231.000000,366.000000</point>
				<point>238.000000,390.000000</point>
			</points>
		</object>
		<object>
			<coordinate>pixel</coordinate>
			<type>rectangle</type>
			<description>None</description>
			<possibleresult>
				<name>Small Car</name>
			</possibleresult>
			<points>
				<point>276.000000,420.000000</point>
				<point>253.000000,422.000000</point>
				<point>252.000000,415.000000</point>
				<point>275.000000,413.000000</point>
				<point>276.000000,420.000000</point>
			</points>
		</object>
		<object>
			<coordinate>pixel</coordinate>
			<type>rectangle</type>
			<description>None</description>
			<possibleresult>
				<name>Dump Truck</name>
			</possibleresult>
			<points>
				<point>373.000000,266.000000</point>
				<point>351.000000,271.000000</point>
				<point>349.000000,265.000000</point>
				<point>372.000000,261.000000</point>
				<point>373.000000,266.000000</point>
			</points>
		</object>
		<object>
			<coordinate>pixel</coordinate>
			<type>rectangle</type>
			<description>None</description>
			<possibleresult>
				<name>Small Car</name>
			</possibleresult>
			<points>
				<point>301.000000,52.000000</point>
				<point>277.000000,56.000000</point>
				<point>276.000000,48.000000</point>
				<point>300.000000,44.000000</point>
				<point>301.000000,52.000000</point>
			</points>
		</object>
		<object>
			<coordinate>pixel</coordinate>
			<type>rectangle</type>
			<description>None</description>
			<possibleresult>
				<name>Small Car</name>
			</possibleresult>
			<points>
				<point>26.000000,195.000000</point>
				<point>8.000000,199.000000</point>
				<point>6.000000,192.000000</point>
				<point>24.000000,188.000000</point>
				<point>26.000000,195.000000</point>
			</points>
		</object>
		<object>
			<coordinate>pixel</coordinate>
			<type>rectangle</type>
			<description>None</description>
			<possibleresult>
				<name>Van</name>
			</possibleresult>
			<points>
				<point>35.000000,218.000000</point>
				<point>15.000000,224.000000</point>
				<point>14.000000,218.000000</point>
				<point>34.000000,213.000000</point>
				<point>35.000000,218.000000</point>
			</points>
		</object>
		<object>
			<coordinate>pixel</coordinate>
			<type>rectangle</type>
			<description>None</description>
			<possibleresult>
				<name>Small Car</name>
			</possibleresult>
			<points>
				<point>56.000000,336.000000</point>
				<point>49.000000,337.000000</point>
				<point>44.000000,320.000000</point>
				<point>52.000000,318.000000</point>
				<point>56.000000,336.000000</point>
			</points>
		</object>
		<object>
			<coordinate>pixel</coordinate>
			<type>rectangle</type>
			<description>None</description>
			<possibleresult>
				<name>Cargo Truck</name>
			</possibleresult>
			<points>
				<point>881.000000,448.000000</point>
				<point>868.000000,452.000000</point>
				<point>860.000000,426.000000</point>
				<point>873.000000,422.000000</point>
				<point>881.000000,448.000000</point>
			</points>
		</object>
		<object>
			<coordinate>pixel</coordinate>
			<type>rectangle</type>
			<description>None</description>
			<possibleresult>
				<name>Van</name>
			</possibleresult>
			<points>
				<point>933.000000,424.000000</point>
				<point>910.000000,425.000000</point>
				<point>909.000000,418.000000</point>
				<point>933.000000,416.000000</point>
				<point>933.000000,424.000000</point>
			</points>
		</object>
		<object>
			<coordinate>pixel</coordinate>
			<type>rectangle</type>
			<description>None</description>
			<possibleresult>
				<name>Dump Truck</name>
			</possibleresult>
			<points>
				<point>929.000000,413.000000</point>
				<point>903.000000,414.000000</point>
				<point>903.000000,406.000000</point>
				<point>928.000000,404.000000</point>
				<point>929.000000,413.000000</point>
			</points>
		</object>
		<object>
			<coordinate>pixel</coordinate>
			<type>rectangle</type>
			<description>None</description>
			<possibleresult>
				<name>Van</name>
			</possibleresult>
			<points>
				<point>903.000000,379.000000</point>
				<point>903.000000,387.000000</point>
				<point>885.000000,384.000000</point>
				<point>886.000000,377.000000</point>
				<point>903.000000,379.000000</point>
			</points>
		</object>
		<object>
			<coordinate>pixel</coordinate>
			<type>rectangle</type>
			<description>None</description>
			<possibleresult>
				<name>Van</name>
			</possibleresult>
			<points>
				<point>901.000000,367.000000</point>
				<point>900.000000,376.000000</point>
				<point>878.000000,375.000000</point>
				<point>878.000000,365.000000</point>
				<point>901.000000,367.000000</point>
			</points>
		</object>
		<object>
			<coordinate>pixel</coordinate>
			<type>rectangle</type>
			<description>None</description>
			<possibleresult>
				<name>Van</name>
			</possibleresult>
			<points>
				<point>952.000000,431.000000</point>
				<point>945.000000,435.000000</point>
				<point>937.000000,421.000000</point>
				<point>945.000000,418.000000</point>
				<point>952.000000,431.000000</point>
			</points>
		</object>
		<object>
			<coordinate>pixel</coordinate>
			<type>rectangle</type>
			<description>None</description>
			<possibleresult>
				<name>Van</name>
			</possibleresult>
			<points>
				<point>966.000000,430.000000</point>
				<point>957.000000,433.000000</point>
				<point>951.000000,418.000000</point>
				<point>959.000000,414.000000</point>
				<point>966.000000,430.000000</point>
			</points>
		</object>
		<object>
			<coordinate>pixel</coordinate>
			<type>rectangle</type>
			<description>None</description>
			<possibleresult>
				<name>Dump Truck</name>
			</possibleresult>
			<points>
				<point>982.000000,428.000000</point>
				<point>973.000000,433.000000</point>
				<point>961.000000,415.000000</point>
				<point>970.000000,410.000000</point>
				<point>982.000000,428.000000</point>
			</points>
		</object>
		<object>
			<coordinate>pixel</coordinate>
			<type>rectangle</type>
			<description>None</description>
			<possibleresult>
				<name>Trailer</name>
			</possibleresult>
			<points>
				<point>914.000000,499.000000</point>
				<point>902.000000,502.000000</point>
				<point>892.000000,471.000000</point>
				<point>904.000000,468.000000</point>
				<point>914.000000,499.000000</point>
			</points>
		</object>
		<object>
			<coordinate>pixel</coordinate>
			<type>rectangle</type>
			<description>None</description>
			<possibleresult>
				<name>Cargo Truck</name>
			</possibleresult>
			<points>
				<point>897.000000,503.000000</point>
				<point>885.000000,505.000000</point>
				<point>872.000000,454.000000</point>
				<point>885.000000,452.000000</point>
				<point>897.000000,503.000000</point>
			</points>
		</object>
		<object>
			<coordinate>pixel</coordinate>
			<type>rectangle</type>
			<description>None</description>
			<possibleresult>
				<name>Van</name>
			</possibleresult>
			<points>
				<point>951.000000,498.000000</point>
				<point>943.000000,502.000000</point>
				<point>933.000000,484.000000</point>
				<point>940.000000,479.000000</point>
				<point>951.000000,498.000000</point>
			</points>
		</object>
		<object>
			<coordinate>pixel</coordinate>
			<type>rectangle</type>
			<description>None</description>
			<possibleresult>
				<name>Van</name>
			</possibleresult>
			<points>
				<point>962.000000,494.000000</point>
				<point>955.000000,498.000000</point>
				<point>945.000000,479.000000</point>
				<point>953.000000,476.000000</point>
				<point>962.000000,494.000000</point>
			</points>
		</object>
		<object>
			<coordinate>pixel</coordinate>
			<type>rectangle</type>
			<description>None</description>
			<possibleresult>
				<name>Small Car</name>
			</possibleresult>
			<points>
				<point>974.000000,490.000000</point>
				<point>966.000000,495.000000</point>
				<point>956.000000,477.000000</point>
				<point>964.000000,472.000000</point>
				<point>974.000000,490.000000</point>
			</points>
		</object>
		<object>
			<coordinate>pixel</coordinate>
			<type>rectangle</type>
			<description>None</description>
			<possibleresult>
				<name>Van</name>
			</possibleresult>
			<points>
				<point>985.000000,486.000000</point>
				<point>977.000000,489.000000</point>
				<point>967.000000,470.000000</point>
				<point>974.000000,466.000000</point>
				<point>985.000000,486.000000</point>
			</points>
		</object>
		<object>
			<coordinate>pixel</coordinate>
			<type>rectangle</type>
			<description>None</description>
			<possibleresult>
				<name>Van</name>
			</possibleresult>
			<points>
				<point>958.000000,529.000000</point>
				<point>950.000000,534.000000</point>
				<point>936.000000,512.000000</point>
				<point>944.000000,507.000000</point>
				<point>958.000000,529.000000</point>
			</points>
		</object>
		<object>
			<coordinate>pixel</coordinate>
			<type>rectangle</type>
			<description>None</description>
			<possibleresult>
				<name>Small Car</name>
			</possibleresult>
			<points>
				<point>985.000000,583.000000</point>
				<point>978.000000,586.000000</point>
				<point>971.000000,572.000000</point>
				<point>977.000000,568.000000</point>
				<point>985.000000,583.000000</point>
			</points>
		</object>
		<object>
			<coordinate>pixel</coordinate>
			<type>rectangle</type>
			<description>None</description>
			<possibleresult>
				<name>Van</name>
			</possibleresult>
			<points>
				<point>991.000000,635.000000</point>
				<point>984.000000,638.000000</point>
				<point>977.000000,622.000000</point>
				<point>983.000000,618.000000</point>
				<point>991.000000,635.000000</point>
			</points>
		</object>
		<object>
			<coordinate>pixel</coordinate>
			<type>rectangle</type>
			<description>None</description>
			<possibleresult>
				<name>Van</name>
			</possibleresult>
			<points>
				<point>996.000000,693.000000</point>
				<point>989.000000,697.000000</point>
				<point>982.000000,681.000000</point>
				<point>989.000000,677.000000</point>
				<point>996.000000,693.000000</point>
			</points>
		</object>
		<object>
			<coordinate>pixel</coordinate>
			<type>rectangle</type>
			<description>None</description>
			<possibleresult>
				<name>Van</name>
			</possibleresult>
			<points>
				<point>963.000000,705.000000</point>
				<point>956.000000,709.000000</point>
				<point>948.000000,692.000000</point>
				<point>955.000000,688.000000</point>
				<point>963.000000,705.000000</point>
			</points>
		</object>
		<object>
			<coordinate>pixel</coordinate>
			<type>rectangle</type>
			<description>None</description>
			<possibleresult>
				<name>Van</name>
			</possibleresult>
			<points>
				<point>806.000000,205.000000</point>
				<point>786.000000,208.000000</point>
				<point>785.000000,196.000000</point>
				<point>805.000000,193.000000</point>
				<point>806.000000,205.000000</point>
			</points>
		</object>
		<object>
			<coordinate>pixel</coordinate>
			<type>rectangle</type>
			<description>None</description>
			<possibleresult>
				<name>Small Car</name>
			</possibleresult>
			<points>
				<point>958.000000,72.000000</point>
				<point>949.000000,73.000000</point>
				<point>947.000000,55.000000</point>
				<point>956.000000,54.000000</point>
				<point>958.000000,72.000000</point>
			</points>
		</object>
		<object>
			<coordinate>pixel</coordinate>
			<type>rectangle</type>
			<description>None</description>
			<possibleresult>
				<name>Van</name>
			</possibleresult>
			<points>
				<point>982.000000,63.000000</point>
				<point>973.000000,65.000000</point>
				<point>971.000000,52.000000</point>
				<point>979.000000,51.000000</point>
				<point>982.000000,63.000000</point>
			</points>
		</object>
		<object>
			<coordinate>pixel</coordinate>
			<type>rectangle</type>
			<description>None</description>
			<possibleresult>
				<name>Van</name>
			</possibleresult>
			<points>
				<point>927.000000,21.000000</point>
				<point>909.000000,24.000000</point>
				<point>907.000000,15.000000</point>
				<point>925.000000,12.000000</point>
				<point>927.000000,21.000000</point>
			</points>
		</object>
		<object>
			<coordinate>pixel</coordinate>
			<type>rectangle</type>
			<description>None</description>
			<possibleresult>
				<name>Van</name>
			</possibleresult>
			<points>
				<point>359.000000,145.000000</point>
				<point>340.000000,146.000000</point>
				<point>340.000000,139.000000</point>
				<point>359.000000,138.000000</point>
				<point>359.000000,145.000000</point>
			</points>
		</object>
		<object>
			<coordinate>pixel</coordinate>
			<type>rectangle</type>
			<description>None</description>
			<possibleresult>
				<name>Van</name>
			</possibleresult>
			<points>
				<point>380.000000,195.000000</point>
				<point>358.000000,198.000000</point>
				<point>356.000000,187.000000</point>
				<point>378.000000,184.000000</point>
				<point>380.000000,195.000000</point>
			</points>
		</object>
		<object>
			<coordinate>pixel</coordinate>
			<type>rectangle</type>
			<description>None</description>
			<possibleresult>
				<name>Van</name>
			</possibleresult>
			<points>
				<point>486.000000,131.000000</point>
				<point>479.000000,133.000000</point>
				<point>474.000000,117.000000</point>
				<point>480.000000,114.000000</point>
				<point>486.000000,131.000000</point>
			</points>
		</object>
		<object>
			<coordinate>pixel</coordinate>
			<type>rectangle</type>
			<description>None</description>
			<possibleresult>
				<name>Football Field</name>
			</possibleresult>
			<points>
				<point>881.000000,739.000000</point>
				<point>645.000000,876.000000</point>
				<point>438.000000,521.000000</point>
				<point>673.000000,383.000000</point>
				<point>881.000000,739.000000</point>
			</points>
		</object>
		<object>
			<coordinate>pixel</coordinate>
			<type>rectangle</type>
			<description>None</description>
			<possibleresult>
				<name>Football Field</name>
			</possibleresult>
			<points>
				<point>669.000000,1096.000000</point>
				<point>613.000000,903.000000</point>
				<point>1000.000000,789.000000</point>
				<point>1056.000000,983.000000</point>
				<point>669.000000,1096.000000</point>
			</points>
		</object>
		<object>
			<coordinate>pixel</coordinate>
			<type>rectangle</type>
			<description>None</description>
			<possibleresult>
				<name>Baseball Field</name>
			</possibleresult>
			<points>
				<point>456.000000,664.000000</point>
				<point>310.000000,731.000000</point>
				<point>256.000000,613.000000</point>
				<point>401.000000,545.000000</point>
				<point>456.000000,664.000000</point>
			</points>
		</object>
	</objects>
</annotation>