<?xml version="1.0" encoding="utf-8"?>
<annotation>
	<source>
		<filename>994.tif</filename>
		<origin>GF2/GF3</origin>
	</source>
	<research>
		<version>1.0</version>
		<provider>FAIR1M</provider>
		<author>Cyber</author>
		<pluginname>FAIR1M</pluginname>
		<pluginclass>object detection</pluginclass>
		<time>2021-07-21</time>
	</research>
	<size>
		<width>1000</width>
		<height>1000</height>
		<depth>3</depth>
	</size>
	<objects>
		<object>
			<coordinate>pixel</coordinate>
			<type>rectangle</type>
			<description>None</description>
			<possibleresult>
				<name>A321</name>
			</possibleresult>
			<points>
				<point>273.000000,971.000000</point>
				<point>303.000000,1018.000000</point>
				<point>338.000000,995.000000</point>
				<point>309.000000,948.000000</point>
				<point>273.000000,971.000000</point>
			</points>
		</object>
		<object>
			<coordinate>pixel</coordinate>
			<type>rectangle</type>
			<description>None</description>
			<possibleresult>
				<name>Boeing737</name>
			</possibleresult>
			<points>
				<point>342.000000,917.000000</point>
				<point>365.000000,954.000000</point>
				<point>403.000000,931.000000</point>
				<point>380.000000,894.000000</point>
				<point>342.000000,917.000000</point>
			</points>
		</object>
		<object>
			<coordinate>pixel</coordinate>
			<type>rectangle</type>
			<description>None</description>
			<possibleresult>
				<name>A321</name>
			</possibleresult>
			<points>
				<point>415.000000,863.000000</point>
				<point>446.000000,909.000000</point>
				<point>482.000000,886.000000</point>
				<point>451.000000,839.000000</point>
				<point>415.000000,863.000000</point>
			</points>
		</object>
		<object>
			<coordinate>pixel</coordinate>
			<type>rectangle</type>
			<description>None</description>
			<possibleresult>
				<name>Boeing737</name>
			</possibleresult>
			<points>
				<point>496.000000,818.000000</point>
				<point>519.000000,854.000000</point>
				<point>553.000000,834.000000</point>
				<point>530.000000,796.000000</point>
				<point>496.000000,818.000000</point>
			</points>
		</object>
		<object>
			<coordinate>pixel</coordinate>
			<type>rectangle</type>
			<description>None</description>
			<possibleresult>
				<name>other-airplane</name>
			</possibleresult>
			<points>
				<point>678.000000,704.000000</point>
				<point>703.000000,745.000000</point>
				<point>738.000000,723.000000</point>
				<point>715.000000,684.000000</point>
				<point>678.000000,704.000000</point>
			</points>
		</object>
		<object>
			<coordinate>pixel</coordinate>
			<type>rectangle</type>
			<description>None</description>
			<possibleresult>
				<name>other-airplane</name>
			</possibleresult>
			<points>
				<point>851.000000,577.000000</point>
				<point>884.000000,631.000000</point>
				<point>940.000000,598.000000</point>
				<point>905.000000,545.000000</point>
				<point>851.000000,577.000000</point>
			</points>
		</object>
		<object>
			<coordinate>pixel</coordinate>
			<type>rectangle</type>
			<description>None</description>
			<possibleresult>
				<name>A220</name>
			</possibleresult>
			<points>
				<point>67.000000,906.000000</point>
				<point>44.000000,865.000000</point>
				<point>5.000000,888.000000</point>
				<point>30.000000,929.000000</point>
				<point>67.000000,906.000000</point>
			</points>
		</object>
		<object>
			<coordinate>pixel</coordinate>
			<type>rectangle</type>
			<description>None</description>
			<possibleresult>
				<name>A220</name>
			</possibleresult>
			<points>
				<point>78.000000,904.000000</point>
				<point>115.000000,881.000000</point>
				<point>90.000000,842.000000</point>
				<point>53.000000,864.000000</point>
				<point>78.000000,904.000000</point>
			</points>
		</object>
		<object>
			<coordinate>pixel</coordinate>
			<type>rectangle</type>
			<description>None</description>
			<possibleresult>
				<name>A220</name>
			</possibleresult>
			<points>
				<point>213.000000,823.000000</point>
				<point>186.000000,780.000000</point>
				<point>150.000000,804.000000</point>
				<point>176.000000,846.000000</point>
				<point>213.000000,823.000000</point>
			</points>
		</object>
		<object>
			<coordinate>pixel</coordinate>
			<type>rectangle</type>
			<description>None</description>
			<possibleresult>
				<name>A220</name>
			</possibleresult>
			<points>
				<point>255.000000,787.000000</point>
				<point>230.000000,750.000000</point>
				<point>192.000000,775.000000</point>
				<point>217.000000,813.000000</point>
				<point>255.000000,787.000000</point>
			</points>
		</object>
		<object>
			<coordinate>pixel</coordinate>
			<type>rectangle</type>
			<description>None</description>
			<possibleresult>
				<name>Football Field</name>
			</possibleresult>
			<points>
				<point>858.000000,106.000000</point>
				<point>858.000000,44.000000</point>
				<point>900.000000,44.000000</point>
				<point>900.000000,106.000000</point>
				<point>858.000000,106.000000</point>
			</points>
		</object>
		<object>
			<coordinate>pixel</coordinate>
			<type>rectangle</type>
			<description>None</description>
			<possibleresult>
				<name>Basketball Court</name>
			</possibleresult>
			<points>
				<point>950.000000,55.000000</point>
				<point>966.000000,81.000000</point>
				<point>949.000000,91.000000</point>
				<point>934.000000,65.000000</point>
				<point>950.000000,55.000000</point>
			</points>
		</object>
		<object>
			<coordinate>pixel</coordinate>
			<type>rectangle</type>
			<description>None</description>
			<possibleresult>
				<name>Basketball Court</name>
			</possibleresult>
			<points>
				<point>968.000000,44.000000</point>
				<point>984.000000,69.000000</point>
				<point>968.000000,79.000000</point>
				<point>952.000000,53.000000</point>
				<point>968.000000,44.000000</point>
			</points>
		</object>
		<object>
			<coordinate>pixel</coordinate>
			<type>rectangle</type>
			<description>None</description>
			<possibleresult>
				<name>Basketball Court</name>
			</possibleresult>
			<points>
				<point>987.000000,32.000000</point>
				<point>1003.000000,57.000000</point>
				<point>987.000000,67.000000</point>
				<point>971.000000,42.000000</point>
				<point>987.000000,32.000000</point>
			</points>
		</object>
	</objects>
</annotation>