<?xml version="1.0" encoding="utf-8"?>
<annotation>
	<source>
		<filename>995.tif</filename>
		<origin>GF2/GF3</origin>
	</source>
	<research>
		<version>1.0</version>
		<provider>FAIR1M</provider>
		<author>Cyber</author>
		<pluginname>FAIR1M</pluginname>
		<pluginclass>object detection</pluginclass>
		<time>2021-07-21</time>
	</research>
	<size>
		<width>1000</width>
		<height>1000</height>
		<depth>3</depth>
	</size>
	<objects>
		<object>
			<coordinate>pixel</coordinate>
			<type>rectangle</type>
			<description>None</description>
			<possibleresult>
				<name>Intersection</name>
			</possibleresult>
			<points>
				<point>83.999992,581.999939</point>
				<point>80.997398,684.088074</point>
				<point>10.000000,681.999939</point>
				<point>13.002594,579.911804</point>
				<point>83.999992,581.999939</point>
			</points>
		</object>
		<object>
			<coordinate>pixel</coordinate>
			<type>rectangle</type>
			<description>None</description>
			<possibleresult>
				<name>Small Car</name>
			</possibleresult>
			<points>
				<point>358.317535,600.014404</point>
				<point>358.000031,607.000000</point>
				<point>335.682526,605.985596</point>
				<point>336.000031,599.000000</point>
				<point>358.317535,600.014404</point>
			</points>
		</object>
		<object>
			<coordinate>pixel</coordinate>
			<type>rectangle</type>
			<description>None</description>
			<possibleresult>
				<name>Van</name>
			</possibleresult>
			<points>
				<point>449.000000,611.000000</point>
				<point>430.000000,611.000000</point>
				<point>430.000000,604.000000</point>
				<point>449.000000,604.000000</point>
				<point>449.000000,611.000000</point>
			</points>
		</object>
		<object>
			<coordinate>pixel</coordinate>
			<type>rectangle</type>
			<description>None</description>
			<possibleresult>
				<name>Van</name>
			</possibleresult>
			<points>
				<point>354.000000,652.000000</point>
				<point>332.000000,652.000000</point>
				<point>332.000000,645.000000</point>
				<point>354.000000,645.000000</point>
				<point>354.000000,652.000000</point>
			</points>
		</object>
		<object>
			<coordinate>pixel</coordinate>
			<type>rectangle</type>
			<description>None</description>
			<possibleresult>
				<name>Small Car</name>
			</possibleresult>
			<points>
				<point>571.305664,653.969849</point>
				<point>571.000000,661.000000</point>
				<point>548.000000,660.000000</point>
				<point>548.305664,652.969849</point>
				<point>571.305664,653.969849</point>
			</points>
		</object>
		<object>
			<coordinate>pixel</coordinate>
			<type>rectangle</type>
			<description>None</description>
			<possibleresult>
				<name>Van</name>
			</possibleresult>
			<points>
				<point>621.000000,618.000000</point>
				<point>601.000000,618.000000</point>
				<point>601.000000,611.000000</point>
				<point>621.000000,611.000000</point>
				<point>621.000000,618.000000</point>
			</points>
		</object>
		<object>
			<coordinate>pixel</coordinate>
			<type>rectangle</type>
			<description>None</description>
			<possibleresult>
				<name>Small Car</name>
			</possibleresult>
			<points>
				<point>1000.000000,637.000000</point>
				<point>993.000000,637.000000</point>
				<point>993.000000,630.000000</point>
				<point>1000.000000,630.000000</point>
				<point>1000.000000,637.000000</point>
			</points>
		</object>
	</objects>
</annotation>